



     ==============================================================================
     |                                                                            |
     |                                                                            |
     |             _____ ___ ____  ____   _    ____ _____    ___ ___              |
     |            |  ___|_ _/ ___||  _ \ / \  / ___|_   _|  |_ _|_ _|             |
     |            | |_   | |\___ \| |_) / _ \| |     | |_____| | | |              |
     |            |  _|  | | ___) |  __/ ___ \ |___  | |_____| | | |              |
     |            |_|   |___|____/|_| /_/   \_\____| |_|    |___|___|             |
     |                                                                            |
     |                            F I S P A C T - I I                             |
     |                            -------------------                             |
     |                                                                            |
     |                  Transmutation-Activation Inventory Code                   |
     |                   United Kingdom Atomic Energy Authority                   |
     |                                                                            |
     |                         Release 5.0 May 2021                               |
     |             Copyright (c) 2009-21, UK Atomic Energy Authority              |
     |                                                                            |
     ==============================================================================



1




     =========================================================================================================
     |                                                                                                       |
     |                      R U N   I D E N T I F I C A T I O N   I N F O R M A T I O N                      |
     |                                                                                                       |
     | INITIAL CROSS SECTION DATA                                                                            |
     | Collapsed library timestamp: 14:19:06 21 August 2018                                                  |
     | EAF source library label:                                                                             |
     | FLUX file label:             Thermal neutron                                                          |
     |                                                                                                       |
     | DECAY DATA                                                                                            |
     | Condensed library timestamp: 14:19:25 21 August 2018                                                  |
     | EAF source library label:    Decay input from separate files                                          |
     |                                                                                                       |
     | THIS RUN                                                                                              |
     | timestamp:                   14:19:31 21 August 2018                                                  |
     | fileroot :                   pulse_232_jeff                                                           |
     | name of FILES file:          files.jeff32                                                             |
     | FISPACT title:               *Thorium 232 fission pulse                                               |
     |                                                                                                       |
     | See the pulse_232_jeff.log file                                                                       |
     | and summary details at the end of this file for further information on files used by this run         |
     |                                                                                                       |
     =========================================================================================================



 OVER:  Reaction from parent Th232  to daughter Th233 
        cross-section changed from  7.27712E+00 to  0.00000E+00 barns




                                   -------------------------------------------------------------------------------
                                   | NB: IN FOLLOWING TABLES                                                     |
                                   |                         ? MEANS CONVERGENCE NOT REACHED FOR NUCLIDE         |
                                   |                         & MEANS GAMMA SPECTRUM IS APPROXIMATELY CALCULATED  |
                                   |                         # MEANS NUCLIDE IS STABLE                           |
                                   |                         > MEANS NUCLIDE WAS PRESENT BEFORE IRRADIATION      |
                                   -------------------------------------------------------------------------------
                                   |                                                                             |
                                   |                                                                             |
                                   V                                                                             V
1 * * * TIME INTERVAL   1 * * * * * * * TIME IS   0.0000E+00 SECS * * * ELAPSED TIME IS   0.000ps   * * * FLUX AMP IS  0.0000E+00 /cm^2/s  * * * * * * * * * * * * * *
  NUCLIDE        ATOMS         GRAMS        Bq       b-Energy    a-Energy   g-Energy    DOSE RATE   INGESTION  INHALATION   HALF LIFE                        
                                                        kW          kW         kW         Sv/hr      DOSE(Sv)    DOSE(Sv)    seconds                         

  Th232     > 1.00000E+24   3.853E+02   1.563E+06   3.265E-12   1.02E-09   3.113E-13   6.087E-08   3.596E-01   1.720E+02   4.434E+17                        
0  TOTAL NUMBER OF NUCLIDES PRINTED IN INVENTORY =    1
0  TOTAL CURIES   TOTAL ALPHA   TOTAL BETA    TOTAL GAMMA
                  CURIE-MeV     CURIE-MeV     CURIE-MeV
   4.22517E-05   1.72278E-04   5.50729E-07   5.25205E-08
0  ALPHA BECQUERELS = 1.563311E+06  BETA BECQUERELS = 0.000000E+00  GAMMA BECQUERELS = 0.000000E+00
0  TOTAL ACTIVITY FOR ALL MATERIALS     1.56331E+06 Bq
                                        2.08348E-06 Ci/cc           DENSITY   1.90E+01 gm/cc
   TOTAL ACTIVITY EXCLUDING TRITIUM     1.56331E+06 Bq
                                        2.08348E-06 Ci/cc
0  TOTAL ALPHA HEAT PRODUCTION          1.02127E-09 kW
   TOTAL BETA  HEAT PRODUCTION          3.26475E-12 kW
   TOTAL GAMMA HEAT PRODUCTION          3.11344E-13 kW              TOTAL HEAT PRODUCTION 1.02485E-09 kW
0  INITIAL TOTAL MASS OF MATERIAL       3.85309E-01 kg              TOTAL HEAT EX TRITIUM 1.02485E-09 kW
0  TOTAL MASS OF MATERIAL               3.85309E-01 kg
   NEUTRON  FLUX DURING INTERVAL        0.00000E+00 n/cm^2/s
0  NUMBER OF FISSIONS                   0.00000E+00                 BURN-UP OF ACTINIDES  0.00000E+00 %
0  INGESTION  HAZARD FOR ALL MATERIALS  3.59562E-01 Sv/kg
   INHALATION HAZARD FOR ALL MATERIALS  1.71964E+02 Sv/kg
0  INGESTION  HAZARD EXCLUDING TRITIUM  3.59562E-01 Sv/kg
   INHALATION HAZARD EXCLUDING TRITIUM  1.71964E+02 Sv/kg
0  GAS   RATE (a decay) =  1.56331E+06 atoms per sec =  1.56331E-12 appm/sec



                                               COMPOSITION  OF  MATERIAL  BY  ELEMENT
                                               --------------------------------------
0                                                             BETA                     GAMMA                     ALPHA
                      ATOMS      GRAM-ATOMS     GRAMS      CURIES-MeV      kW        CURIES-MeV      kW        CURIES-MeV      kW

   90       Th      1.0000E+24   1.6605E+00   3.8531E+02   5.5073E-07   3.2648E-12   5.2520E-08   3.1134E-13   1.7228E-04   1.0213E-09
1 * * * TIME INTERVAL   2 * * * * * * * TIME IS   1.0000E-03 SECS * * * ELAPSED TIME IS   1.000ms   * * * FLUX AMP IS  1.0000E+19 /cm^2/s  * * * * * * * * * * * * * *
  NUCLIDE        ATOMS         GRAMS        Bq       b-Energy    a-Energy   g-Energy    DOSE RATE   INGESTION  INHALATION   HALF LIFE                        
                                                        kW          kW         kW         Sv/hr      DOSE(Sv)    DOSE(Sv)    seconds                         

  He  4    #  1.56331E+03   1.039E-20   0.000E+00   0.000E+00   0.00E+00   0.000E+00   0.000E+00   0.000E+00   0.000E+00     Stable                         
  Ra228       1.56331E+03   5.920E-19   5.972E-06   2.054E-23   0.00E+00   1.918E-24   4.311E-19   4.120E-12   9.555E-11   1.815E+08                        
  Th232     > 1.00000E+24   3.853E+02   1.563E+06   3.265E-12   1.02E-09   3.113E-13   6.087E-08   3.596E-01   1.720E+02   4.434E+17                        
0  TOTAL NUMBER OF NUCLIDES PRINTED IN INVENTORY =    3
0  TOTAL CURIES   TOTAL ALPHA   TOTAL BETA    TOTAL GAMMA
                  CURIE-MeV     CURIE-MeV     CURIE-MeV
   4.22517E-05   1.72278E-04   5.50729E-07   5.25205E-08
0  ALPHA BECQUERELS = 1.563311E+06  BETA BECQUERELS = 5.971722E-06  GAMMA BECQUERELS = 0.000000E+00
0  TOTAL ACTIVITY FOR ALL MATERIALS     1.56331E+06 Bq
                                        2.08348E-06 Ci/cc           DENSITY   1.90E+01 gm/cc
   TOTAL ACTIVITY EXCLUDING TRITIUM     1.56331E+06 Bq
                                        2.08348E-06 Ci/cc
0  TOTAL ALPHA HEAT PRODUCTION          1.02127E-09 kW
   TOTAL BETA  HEAT PRODUCTION          3.26475E-12 kW
   TOTAL GAMMA HEAT PRODUCTION          3.11344E-13 kW              TOTAL HEAT PRODUCTION 1.02485E-09 kW
0  INITIAL TOTAL MASS OF MATERIAL       3.85309E-01 kg              TOTAL HEAT EX TRITIUM 1.02485E-09 kW
0  TOTAL MASS OF MATERIAL               3.85309E-01 kg
   NEUTRON  FLUX DURING INTERVAL        1.00000E+19 n/cm^2/s
0  NUMBER OF FISSIONS                  -1.64608E-16                 BURN-UP OF ACTINIDES  0.00000E+00 %
0  INGESTION  HAZARD FOR ALL MATERIALS  3.59562E-01 Sv/kg
   INHALATION HAZARD FOR ALL MATERIALS  1.71964E+02 Sv/kg
0  INGESTION  HAZARD EXCLUDING TRITIUM  3.59562E-01 Sv/kg
   INHALATION HAZARD EXCLUDING TRITIUM  1.71964E+02 Sv/kg
0  Total Displacement Rate (n,Ddiss) =  2.72129E+18 Displacements/sec  =  2.72129E-06 Displacements Per Atom/sec  =  8.58775E+01 DPA/year
   Total Displacement Rate (n,Dinel) =  0.00000E+00 Displacements/sec  =  0.00000E+00 Displacements Per Atom/sec  =  0.00000E+00 DPA/year
   Total Displacement Rate (n,Dtot ) =  2.72129E+18 Displacements/sec  =  2.72129E-06 Displacements Per Atom/sec  =  8.58775E+01 DPA/year
0  KERMA RATE (n,Kktot) =  3.27729E+26 eV/sec = 1.36275E+05 kW/kg = 2.58923E+03 kW/cm^3
   KERMA RATE (n,Kphot) =  3.27729E+26 eV/sec = 1.36275E+05 kW/kg = 2.58922E+03 kW/cm^3
   KERMA RATE (n,Kfiss) =  0.00000E+00 eV/sec = 0.00000E+00 kW/kg = 0.00000E+00 kW/cm^3
   KERMA RATE (n,Knone) =  3.27729E+26 eV/sec = 1.36275E+05 kW/kg = 2.58923E+03 kW/cm^3
   KERMA RATE (n,Kel  ) =  2.88765E+16 eV/sec = 1.20073E-05 kW/kg = 2.28139E-07 kW/cm^3
   KERMA RATE (n,Ktot ) =  3.27729E+26 eV/sec = 1.36275E+05 kW/kg = 2.58923E+03 kW/cm^3
0  GAS   RATE (n,Xa   ) =  0.00000E+00 atoms per sec =  0.00000E+00 appm/sec
   GAS   RATE (n,Xt   ) =  0.00000E+00 atoms per sec =  0.00000E+00 appm/sec
   GAS   RATE (n,Xd   ) =  0.00000E+00 atoms per sec =  0.00000E+00 appm/sec
   GAS   RATE (n,Xp   ) =  0.00000E+00 atoms per sec =  0.00000E+00 appm/sec
0  GAS   RATE (a decay) =  1.56331E+06 atoms per sec =  1.56331E-12 appm/sec
0  APPM OF He  4    =  1.5633E-15



                                               COMPOSITION  OF  MATERIAL  BY  ELEMENT
                                               --------------------------------------
0                                                             BETA                     GAMMA                     ALPHA
                      ATOMS      GRAM-ATOMS     GRAMS      CURIES-MeV      kW        CURIES-MeV      kW        CURIES-MeV      kW

    2       He      1.5633E+03   2.5959E-21   1.0391E-20   0.0000E+00   0.0000E+00   0.0000E+00   0.0000E+00   0.0000E+00   0.0000E+00
   88       Ra      1.5633E+03   2.5959E-21   5.9195E-19   3.4645E-18   2.0538E-23   3.2357E-19   1.9181E-24   0.0000E+00   0.0000E+00
   90       Th      1.0000E+24   1.6605E+00   3.8531E+02   5.5073E-07   3.2648E-12   5.2520E-08   3.1134E-13   1.7228E-04   1.0213E-09



                                               GAMMA SPECTRUM AND ENERGIES/SECOND
                                               ----------------------------------

     NEUTRONS PER SECOND ARISING FROM SPONTANEOUS FISSION                    3.28295E-05    Entered density (g/cc)      19.00
     POWER FROM ALPHA PARTICLES (MeV per Second)                             6.37428E+06
     POWER FROM BETA  PARTICLES (MeV per Second)                             2.03770E+04
     TOTAL GAMMA POWER FROM ACTIVATION  (MeV per Second)                     1.94326E+03    Total gammas (per cc per second)      6.21949E+03
     GAMMA RAY POWER FROM ACTIVATION DECAY  MeV/s    (  0.000-  0.010 MeV)   7.76463E+01    Gammas per group (per cc per second)  7.65765E+02
                                                     (  0.010-  0.020 MeV)   1.61885E+03                                          5.32182E+03
                                                     (  0.020-  0.050 MeV)   3.72008E-11                                          5.24119E-11
                                                     (  0.050-  0.100 MeV)   1.54494E+02                                          1.01577E+02
                                                     (  0.100-  0.200 MeV)   9.22705E+01                                          3.03331E+01
                                                     (  0.200-  0.300 MeV)   0.00000E+00                                          0.00000E+00
                                                     (  0.300-  0.400 MeV)   0.00000E+00                                          0.00000E+00
                                                     (  0.400-  0.600 MeV)   0.00000E+00                                          0.00000E+00
                                                     (  0.600-  0.800 MeV)   0.00000E+00                                          0.00000E+00
                                                     (  0.800-  1.000 MeV)   0.00000E+00                                          0.00000E+00
                                                     (  1.000-  1.220 MeV)   0.00000E+00                                          0.00000E+00
                                                     (  1.220-  1.440 MeV)   0.00000E+00                                          0.00000E+00
                                                     (  1.440-  1.660 MeV)   0.00000E+00                                          0.00000E+00
                                                     (  1.660-  2.000 MeV)   0.00000E+00                                          0.00000E+00
                                                     (  2.000-  2.500 MeV)   0.00000E+00                                          0.00000E+00
                                                     (  2.500-  3.000 MeV)   0.00000E+00                                          0.00000E+00
                                                     (  3.000-  4.000 MeV)   0.00000E+00                                          0.00000E+00
                                                     (  4.000-  5.000 MeV)   0.00000E+00                                          0.00000E+00
                                                     (  5.000-  6.500 MeV)   0.00000E+00                                          0.00000E+00
                                                     (  6.500-  8.000 MeV)   0.00000E+00                                          0.00000E+00
                                                     (  8.000- 10.000 MeV)   0.00000E+00                                          0.00000E+00
                                                     ( 10.000- 12.000 MeV)   0.00000E+00                                          0.00000E+00
                                                     ( 12.000- 14.000 MeV)   0.00000E+00                                          0.00000E+00
                                                     ( 14.000- 20.000 MeV)   0.00000E+00                                          0.00000E+00

    DOSE RATE (PLANE SOURCE) FROM GAMMAS WITH ENERGY 0-20 MeV IS            6.08683E-08 Sieverts/hour   ( 6.08683E-06 Rems/hour)




                                                                           DOMINANT NUCLIDES
                                                                           -----------------

      NUCLIDE   ACTIVITY    PERCENT  NUCLIDE     HEAT      PERCENT  NUCLIDE  DOSE RATE    PERCENT  NUCLIDE  INGESTION    PERCENT  NUCLIDE  INHALATION   PERCENT 
                  (Bq)      ACTIVITY             (kW)       HEAT              (Sv/hr)    DOSE RATE            (Sv)      INGESTION            (Sv)     INHALATION
       Total   1.5633E+06             Total   1.0248E-09             Total   6.0868E-08             Total   3.5956E-01             Total   1.7196E+02
    1  Th232   1.5633E+06  10.00E+01  Th232   1.0248E-09  10.00E+01  Th232   6.0868E-08  10.00E+01  Th232   3.5956E-01  10.00E+01  Th232   1.7196E+02  10.00E+01
    2  Ra228   5.9717E-06  38.20E-11  Ra228   2.2456E-23  21.91E-13  Ra228   4.3106E-19  70.82E-11  Ra228   4.1205E-12  11.46E-10  Ra228   9.5548E-11  55.56E-12

      NUCLIDE  GAMMA HEAT   PERCENT  NUCLIDE   BETA HEAT   PERCENT 
                  (kW)       GAMMA               (kW)       BETA
       Total   3.1134E-13             Total   3.2648E-12
    1  Th232   3.1134E-13  10.00E+01  Th232   3.2648E-12  10.00E+01
    2  Ra228   1.9181E-24  61.61E-11  Ra228   2.0538E-23  62.91E-11



                                                              UNCERTAINTY ESTIMATES (cross sections only)
                                                              -------------------------------------------

    Uncertainty estimates are based on pathway analysis for the irradiation phase
    Total Activity is          1.56331E+06  +/-   0.00E+00  Bq.        Error is   0.00E+00 % of the total.

    Total Heat Production is   1.02485E-09  +/-   0.00E+00  kW.        Error is   0.00E+00 % of the total.

    Total Gamma Dose Rate is   6.08683E-08  +/-   0.00E+00  Sv/hr.     Error is   0.00E+00 % of the total.

    Total Ingestion Dose is    3.59562E-01  +/-   0.00E+00  Sv.        Error is   0.00E+00 % of the total.

    Total Inhalation Dose is   1.71964E+02  +/-   0.00E+00  Sv.        Error is   0.00E+00 % of the total.

    Total Gamma Heat Prod is   3.11344E-13  +/-   0.00E+00  kW.        Error is   0.00E+00 % of the total.

    Total Beta Heat Prod is    3.26475E-12  +/-   0.00E+00  kW.        Error is   0.00E+00 % of the total.

0   Nuclide     Atoms     E(Atoms)  Activity E(Activity)   Heat     E(Heat)  Dose Rate E(Dose Rate) Ingest   E(Ingest)   Inhale   E(Inhale)   % Error
    Th232    1.00000E+24  0.00E+00  1.563E+06  0.00E+00  1.025E-09  0.00E+00  6.087E-08  0.00E+00  3.596E-01  0.00E+00  1.720E+02  0.00E+00  0.000E+00
    Ra228    1.56331E+03  0.00E+00  5.972E-06  0.00E+00  2.246E-23  0.00E+00  4.311E-19  0.00E+00  4.120E-12  0.00E+00  9.555E-11  0.00E+00  0.000E+00
1
                         P A T H W A Y   A N A L Y S I S   F O R   I R R A D I A T I O N   P H A S E
                         ===========================================================================


 no of steps        =      1
 irradiation time   =  1.00000E-03 secs
 flux               =  1.00000E+19 n/cm**2/s

 path floor    =  5.00000E-01% of target inventory
 loop floor    =  1.00000E+00% of path inventory
 max depth     =   10    (maximum number of edges between source and target)

 Pathways are given in order of decreasing dominance of target nuclides as ordered by the dominant nuclide tables above. Target nuclides at the end of the list
 that do not appear above are those that appear in the dominant lists at later cooling time. Pathways are retained if they contribute more than the path floor
 percentage of the number of target  atoms given by the rate equation solution for the time interval. Loops are retained in a pathway if they contribute more
 than the loop floor percentage of the number of target atoms created along the pathway.
 Pathways are analysed between the following source and target nuclides:

 Source Nuclides
  Th232    

 Target Nuclides
  Th232      Ra228    

 Listed below are all significant paths and loops ordered by target nuclide. The first line for each target nuclide gives the nuclide name and the percentage
 of the total number of atoms given by the number of significant paths shown. The first line for each pathway indentifies a path or loop, gives its number 
 and its respective percentage contribution to the target nuclide inventory. The remainder of the line gives the nuclides  on the path (or loop) from
 source to target, and the type of graph edge joining them. Edge types (r,R), (d,D) and (b,B) respectively denote reaction, decay and combined reaction
 and decay edges from short and long lived parent. L and S denote short and long lived target nuclides. Short-lived nuclides have half lives less than
 the time interval and long-lived have half live greater. Shown below each edge is a list showing the percentage that each reaction and decay make
 towards the total rate for the edge for primary products. If the edge daughter is a secondary then isomeric state of the primary product of the reaction
 decay is also displayed. Significant loops are displayed directly after their path, and their percentages are their part of the total path percentage.


 Target nuclide Th232      0.000% of inventory given by  0 paths
 --------------------

 Target nuclide Ra228      0.000% of inventory given by  0 paths
 --------------------
1 * * * TIME INTERVAL   3 * * * COOLING TIME IS   1.0000E+00 SECS * * * ELAPSED TIME IS   1.000 s   * * * FLUX AMP IS  0.0000E+00 /cm^2/s  * * * * * * * * * * * * * *
  NUCLIDE        ATOMS         GRAMS        Bq       b-Energy    a-Energy   g-Energy    DOSE RATE   INGESTION  INHALATION   HALF LIFE                        
                                                        kW          kW         kW         Sv/hr      DOSE(Sv)    DOSE(Sv)    seconds                         

  He  4    #  1.56487E+06   1.040E-17   0.000E+00   0.000E+00   0.00E+00   0.000E+00   0.000E+00   0.000E+00   0.000E+00     Stable                         
  Ra228       1.56487E+06   5.925E-16   5.978E-03   2.056E-20   0.00E+00   1.920E-21   4.315E-16   4.125E-09   9.564E-08   1.815E+08                        
  Th232     > 1.00000E+24   3.853E+02   1.563E+06   3.265E-12   1.02E-09   3.113E-13   6.087E-08   3.596E-01   1.720E+02   4.434E+17                        
0  TOTAL NUMBER OF NUCLIDES PRINTED IN INVENTORY =    3
0  TOTAL CURIES   TOTAL ALPHA   TOTAL BETA    TOTAL GAMMA
                  CURIE-MeV     CURIE-MeV     CURIE-MeV
   4.22517E-05   1.72278E-04   5.50729E-07   5.25205E-08
0  ALPHA BECQUERELS = 1.563311E+06  BETA BECQUERELS = 5.977694E-03  GAMMA BECQUERELS = 0.000000E+00
0  TOTAL ACTIVITY FOR ALL MATERIALS     1.56331E+06 Bq
                                        2.08348E-06 Ci/cc           DENSITY   1.90E+01 gm/cc
   TOTAL ACTIVITY EXCLUDING TRITIUM     1.56331E+06 Bq
                                        2.08348E-06 Ci/cc
0  TOTAL ALPHA HEAT PRODUCTION          1.02127E-09 kW
   TOTAL BETA  HEAT PRODUCTION          3.26475E-12 kW
   TOTAL GAMMA HEAT PRODUCTION          3.11344E-13 kW              TOTAL HEAT PRODUCTION 1.02485E-09 kW
0  INITIAL TOTAL MASS OF MATERIAL       3.85309E-01 kg              TOTAL HEAT EX TRITIUM 1.02485E-09 kW
0  TOTAL MASS OF MATERIAL               3.85309E-01 kg
   NEUTRON  FLUX DURING INTERVAL        0.00000E+00 n/cm^2/s
0  NUMBER OF FISSIONS                  -5.70573E-08                 BURN-UP OF ACTINIDES  0.00000E+00 %
0  INGESTION  HAZARD FOR ALL MATERIALS  3.59562E-01 Sv/kg
   INHALATION HAZARD FOR ALL MATERIALS  1.71964E+02 Sv/kg
0  INGESTION  HAZARD EXCLUDING TRITIUM  3.59562E-01 Sv/kg
   INHALATION HAZARD EXCLUDING TRITIUM  1.71964E+02 Sv/kg
0  GAS   RATE (a decay) =  1.56331E+06 atoms per sec =  1.56331E-12 appm/sec
0  APPM OF He  4    =  1.5649E-12



                                               COMPOSITION  OF  MATERIAL  BY  ELEMENT
                                               --------------------------------------
0                                                             BETA                     GAMMA                     ALPHA
                      ATOMS      GRAM-ATOMS     GRAMS      CURIES-MeV      kW        CURIES-MeV      kW        CURIES-MeV      kW

    2       He      1.5649E+06   2.5985E-18   1.0401E-17   0.0000E+00   0.0000E+00   0.0000E+00   0.0000E+00   0.0000E+00   0.0000E+00
   88       Ra      1.5649E+06   2.5985E-18   5.9255E-16   3.4680E-15   2.0558E-20   3.2389E-16   1.9201E-21   0.0000E+00   0.0000E+00
   90       Th      1.0000E+24   1.6605E+00   3.8531E+02   5.5073E-07   3.2648E-12   5.2520E-08   3.1134E-13   1.7228E-04   1.0213E-09



                                               GAMMA SPECTRUM AND ENERGIES/SECOND
                                               ----------------------------------

     NEUTRONS PER SECOND ARISING FROM SPONTANEOUS FISSION                    3.28295E-05    Entered density (g/cc)      19.00
     POWER FROM ALPHA PARTICLES (MeV per Second)                             6.37428E+06
     POWER FROM BETA  PARTICLES (MeV per Second)                             2.03770E+04
     TOTAL GAMMA POWER FROM ACTIVATION  (MeV per Second)                     1.94326E+03    Total gammas (per cc per second)      6.21949E+03
     GAMMA RAY POWER FROM ACTIVATION DECAY  MeV/s    (  0.000-  0.010 MeV)   7.76463E+01    Gammas per group (per cc per second)  7.65765E+02
                                                     (  0.010-  0.020 MeV)   1.61885E+03                                          5.32182E+03
                                                     (  0.020-  0.050 MeV)   3.72380E-08                                          5.24643E-08
                                                     (  0.050-  0.100 MeV)   1.54494E+02                                          1.01577E+02
                                                     (  0.100-  0.200 MeV)   9.22705E+01                                          3.03331E+01
                                                     (  0.200-  0.300 MeV)   0.00000E+00                                          0.00000E+00
                                                     (  0.300-  0.400 MeV)   0.00000E+00                                          0.00000E+00
                                                     (  0.400-  0.600 MeV)   0.00000E+00                                          0.00000E+00
                                                     (  0.600-  0.800 MeV)   0.00000E+00                                          0.00000E+00
                                                     (  0.800-  1.000 MeV)   0.00000E+00                                          0.00000E+00
                                                     (  1.000-  1.220 MeV)   0.00000E+00                                          0.00000E+00
                                                     (  1.220-  1.440 MeV)   0.00000E+00                                          0.00000E+00
                                                     (  1.440-  1.660 MeV)   0.00000E+00                                          0.00000E+00
                                                     (  1.660-  2.000 MeV)   0.00000E+00                                          0.00000E+00
                                                     (  2.000-  2.500 MeV)   0.00000E+00                                          0.00000E+00
                                                     (  2.500-  3.000 MeV)   0.00000E+00                                          0.00000E+00
                                                     (  3.000-  4.000 MeV)   0.00000E+00                                          0.00000E+00
                                                     (  4.000-  5.000 MeV)   0.00000E+00                                          0.00000E+00
                                                     (  5.000-  6.500 MeV)   0.00000E+00                                          0.00000E+00
                                                     (  6.500-  8.000 MeV)   0.00000E+00                                          0.00000E+00
                                                     (  8.000- 10.000 MeV)   0.00000E+00                                          0.00000E+00
                                                     ( 10.000- 12.000 MeV)   0.00000E+00                                          0.00000E+00
                                                     ( 12.000- 14.000 MeV)   0.00000E+00                                          0.00000E+00
                                                     ( 14.000- 20.000 MeV)   0.00000E+00                                          0.00000E+00

    DOSE RATE (PLANE SOURCE) FROM GAMMAS WITH ENERGY 0-20 MeV IS            6.08683E-08 Sieverts/hour   ( 6.08683E-06 Rems/hour)




                                                                           DOMINANT NUCLIDES
                                                                           -----------------

      NUCLIDE   ACTIVITY    PERCENT  NUCLIDE     HEAT      PERCENT  NUCLIDE  DOSE RATE    PERCENT  NUCLIDE  INGESTION    PERCENT  NUCLIDE  INHALATION   PERCENT 
                  (Bq)      ACTIVITY             (kW)       HEAT              (Sv/hr)    DOSE RATE            (Sv)      INGESTION            (Sv)     INHALATION
       Total   1.5633E+06             Total   1.0248E-09             Total   6.0868E-08             Total   3.5956E-01             Total   1.7196E+02
    1  Th232   1.5633E+06  10.00E+01  Th232   1.0248E-09  10.00E+01  Th232   6.0868E-08  10.00E+01  Th232   3.5956E-01  10.00E+01  Th232   1.7196E+02  10.00E+01
    2  Ra228   5.9777E-03  38.24E-08  Ra228   2.2478E-20  21.93E-10  Ra228   4.3149E-16  70.89E-08  Ra228   4.1246E-09  11.47E-07  Ra228   9.5643E-08  55.62E-09

      NUCLIDE  GAMMA HEAT   PERCENT  NUCLIDE   BETA HEAT   PERCENT 
                  (kW)       GAMMA               (kW)       BETA
       Total   3.1134E-13             Total   3.2648E-12
    1  Th232   3.1134E-13  10.00E+01  Th232   3.2648E-12  10.00E+01
    2  Ra228   1.9201E-21  61.67E-08  Ra228   2.0558E-20  62.97E-08



                                                              UNCERTAINTY ESTIMATES (cross sections only)
                                                              -------------------------------------------

    Uncertainty estimates are based on pathway analysis for the irradiation phase
    Total Activity is          1.56331E+06  +/-   0.00E+00  Bq.        Error is   0.00E+00 % of the total.

    Total Heat Production is   1.02485E-09  +/-   0.00E+00  kW.        Error is   0.00E+00 % of the total.

    Total Gamma Dose Rate is   6.08683E-08  +/-   0.00E+00  Sv/hr.     Error is   0.00E+00 % of the total.

    Total Ingestion Dose is    3.59562E-01  +/-   0.00E+00  Sv.        Error is   0.00E+00 % of the total.

    Total Inhalation Dose is   1.71964E+02  +/-   0.00E+00  Sv.        Error is   0.00E+00 % of the total.

    Total Gamma Heat Prod is   3.11344E-13  +/-   0.00E+00  kW.        Error is   0.00E+00 % of the total.

    Total Beta Heat Prod is    3.26475E-12  +/-   0.00E+00  kW.        Error is   0.00E+00 % of the total.

0   Nuclide     Atoms     E(Atoms)  Activity E(Activity)   Heat     E(Heat)  Dose Rate E(Dose Rate) Ingest   E(Ingest)   Inhale   E(Inhale)   % Error
    Th232    1.00000E+24  0.00E+00  1.563E+06  0.00E+00  1.025E-09  0.00E+00  6.087E-08  0.00E+00  3.596E-01  0.00E+00  1.720E+02  0.00E+00  0.000E+00
    Ra228    1.56487E+06  0.00E+00  5.978E-03  0.00E+00  2.248E-20  0.00E+00  4.315E-16  0.00E+00  4.125E-09  0.00E+00  9.564E-08  0.00E+00  0.000E+00
1 * * * TIME INTERVAL   4 * * * COOLING TIME IS   1.0000E+00 SECS * * * ELAPSED TIME IS   2.000 s   * * * FLUX AMP IS  0.0000E+00 /cm^2/s  * * * * * * * * * * * * * *
  NUCLIDE        ATOMS         GRAMS        Bq       b-Energy    a-Energy   g-Energy    DOSE RATE   INGESTION  INHALATION   HALF LIFE                        
                                                        kW          kW         kW         Sv/hr      DOSE(Sv)    DOSE(Sv)    seconds                         

  He  4    #  3.12819E+06   2.079E-17   0.000E+00   0.000E+00   0.00E+00   0.000E+00   0.000E+00   0.000E+00   0.000E+00     Stable                         
  Ra228       3.12819E+06   1.185E-15   1.195E-02   4.110E-20   0.00E+00   3.838E-21   8.625E-16   8.245E-09   1.912E-07   1.815E+08                        
  Th232     > 1.00000E+24   3.853E+02   1.563E+06   3.265E-12   1.02E-09   3.113E-13   6.087E-08   3.596E-01   1.720E+02   4.434E+17                        
0  TOTAL NUMBER OF NUCLIDES PRINTED IN INVENTORY =    3
0  TOTAL CURIES   TOTAL ALPHA   TOTAL BETA    TOTAL GAMMA
                  CURIE-MeV     CURIE-MeV     CURIE-MeV
   4.22517E-05   1.72278E-04   5.50729E-07   5.25205E-08
0  ALPHA BECQUERELS = 1.563311E+06  BETA BECQUERELS = 1.194942E-02  GAMMA BECQUERELS = 0.000000E+00
0  TOTAL ACTIVITY FOR ALL MATERIALS     1.56331E+06 Bq
                                        2.08348E-06 Ci/cc           DENSITY   1.90E+01 gm/cc
   TOTAL ACTIVITY EXCLUDING TRITIUM     1.56331E+06 Bq
                                        2.08348E-06 Ci/cc
0  TOTAL ALPHA HEAT PRODUCTION          1.02127E-09 kW
   TOTAL BETA  HEAT PRODUCTION          3.26475E-12 kW
   TOTAL GAMMA HEAT PRODUCTION          3.11344E-13 kW              TOTAL HEAT PRODUCTION 1.02485E-09 kW
0  INITIAL TOTAL MASS OF MATERIAL       3.85309E-01 kg              TOTAL HEAT EX TRITIUM 1.02485E-09 kW
0  TOTAL MASS OF MATERIAL               3.85309E-01 kg
   NEUTRON  FLUX DURING INTERVAL        0.00000E+00 n/cm^2/s
0  NUMBER OF FISSIONS                  -3.18439E-07                 BURN-UP OF ACTINIDES  0.00000E+00 %
0  INGESTION  HAZARD FOR ALL MATERIALS  3.59562E-01 Sv/kg
   INHALATION HAZARD FOR ALL MATERIALS  1.71964E+02 Sv/kg
0  INGESTION  HAZARD EXCLUDING TRITIUM  3.59562E-01 Sv/kg
   INHALATION HAZARD EXCLUDING TRITIUM  1.71964E+02 Sv/kg
0  GAS   RATE (a decay) =  1.56331E+06 atoms per sec =  1.56331E-12 appm/sec
0  APPM OF He  4    =  3.1282E-12



                                               COMPOSITION  OF  MATERIAL  BY  ELEMENT
                                               --------------------------------------
0                                                             BETA                     GAMMA                     ALPHA
                      ATOMS      GRAM-ATOMS     GRAMS      CURIES-MeV      kW        CURIES-MeV      kW        CURIES-MeV      kW

    2       He      3.1282E+06   5.1945E-18   2.0791E-17   0.0000E+00   0.0000E+00   0.0000E+00   0.0000E+00   0.0000E+00   0.0000E+00
   88       Ra      3.1282E+06   5.1945E-18   1.1845E-15   6.9325E-15   4.1096E-20   6.4746E-16   3.8382E-21   0.0000E+00   0.0000E+00
   90       Th      1.0000E+24   1.6605E+00   3.8531E+02   5.5073E-07   3.2648E-12   5.2520E-08   3.1134E-13   1.7228E-04   1.0213E-09



                                               GAMMA SPECTRUM AND ENERGIES/SECOND
                                               ----------------------------------

     NEUTRONS PER SECOND ARISING FROM SPONTANEOUS FISSION                    3.28295E-05    Entered density (g/cc)      19.00
     POWER FROM ALPHA PARTICLES (MeV per Second)                             6.37428E+06
     POWER FROM BETA  PARTICLES (MeV per Second)                             2.03770E+04
     TOTAL GAMMA POWER FROM ACTIVATION  (MeV per Second)                     1.94326E+03    Total gammas (per cc per second)      6.21949E+03
     GAMMA RAY POWER FROM ACTIVATION DECAY  MeV/s    (  0.000-  0.010 MeV)   7.76463E+01    Gammas per group (per cc per second)  7.65765E+02
                                                     (  0.010-  0.020 MeV)   1.61885E+03                                          5.32182E+03
                                                     (  0.020-  0.050 MeV)   7.44389E-08                                          1.04876E-07
                                                     (  0.050-  0.100 MeV)   1.54494E+02                                          1.01577E+02
                                                     (  0.100-  0.200 MeV)   9.22705E+01                                          3.03331E+01
                                                     (  0.200-  0.300 MeV)   0.00000E+00                                          0.00000E+00
                                                     (  0.300-  0.400 MeV)   0.00000E+00                                          0.00000E+00
                                                     (  0.400-  0.600 MeV)   0.00000E+00                                          0.00000E+00
                                                     (  0.600-  0.800 MeV)   0.00000E+00                                          0.00000E+00
                                                     (  0.800-  1.000 MeV)   0.00000E+00                                          0.00000E+00
                                                     (  1.000-  1.220 MeV)   0.00000E+00                                          0.00000E+00
                                                     (  1.220-  1.440 MeV)   0.00000E+00                                          0.00000E+00
                                                     (  1.440-  1.660 MeV)   0.00000E+00                                          0.00000E+00
                                                     (  1.660-  2.000 MeV)   0.00000E+00                                          0.00000E+00
                                                     (  2.000-  2.500 MeV)   0.00000E+00                                          0.00000E+00
                                                     (  2.500-  3.000 MeV)   0.00000E+00                                          0.00000E+00
                                                     (  3.000-  4.000 MeV)   0.00000E+00                                          0.00000E+00
                                                     (  4.000-  5.000 MeV)   0.00000E+00                                          0.00000E+00
                                                     (  5.000-  6.500 MeV)   0.00000E+00                                          0.00000E+00
                                                     (  6.500-  8.000 MeV)   0.00000E+00                                          0.00000E+00
                                                     (  8.000- 10.000 MeV)   0.00000E+00                                          0.00000E+00
                                                     ( 10.000- 12.000 MeV)   0.00000E+00                                          0.00000E+00
                                                     ( 12.000- 14.000 MeV)   0.00000E+00                                          0.00000E+00
                                                     ( 14.000- 20.000 MeV)   0.00000E+00                                          0.00000E+00

    DOSE RATE (PLANE SOURCE) FROM GAMMAS WITH ENERGY 0-20 MeV IS            6.08683E-08 Sieverts/hour   ( 6.08683E-06 Rems/hour)




                                                                           DOMINANT NUCLIDES
                                                                           -----------------

      NUCLIDE   ACTIVITY    PERCENT  NUCLIDE     HEAT      PERCENT  NUCLIDE  DOSE RATE    PERCENT  NUCLIDE  INGESTION    PERCENT  NUCLIDE  INHALATION   PERCENT 
                  (Bq)      ACTIVITY             (kW)       HEAT              (Sv/hr)    DOSE RATE            (Sv)      INGESTION            (Sv)     INHALATION
       Total   1.5633E+06             Total   1.0248E-09             Total   6.0868E-08             Total   3.5956E-01             Total   1.7196E+02
    1  Th232   1.5633E+06  10.00E+01  Th232   1.0248E-09  10.00E+01  Th232   6.0868E-08  10.00E+01  Th232   3.5956E-01  10.00E+01  Th232   1.7196E+02  10.00E+01
    2  Ra228   1.1949E-02  76.44E-08  Ra228   4.4934E-20  43.84E-10  Ra228   8.6255E-16  14.17E-07  Ra228   8.2451E-09  22.93E-07  Ra228   1.9119E-07  11.12E-08

      NUCLIDE  GAMMA HEAT   PERCENT  NUCLIDE   BETA HEAT   PERCENT 
                  (kW)       GAMMA               (kW)       BETA
       Total   3.1134E-13             Total   3.2648E-12
    1  Th232   3.1134E-13  10.00E+01  Th232   3.2648E-12  10.00E+01
    2  Ra228   3.8382E-21  12.33E-07  Ra228   4.1096E-20  12.59E-07



                                                              UNCERTAINTY ESTIMATES (cross sections only)
                                                              -------------------------------------------

    Uncertainty estimates are based on pathway analysis for the irradiation phase
    Total Activity is          1.56331E+06  +/-   0.00E+00  Bq.        Error is   0.00E+00 % of the total.

    Total Heat Production is   1.02485E-09  +/-   0.00E+00  kW.        Error is   0.00E+00 % of the total.

    Total Gamma Dose Rate is   6.08683E-08  +/-   0.00E+00  Sv/hr.     Error is   0.00E+00 % of the total.

    Total Ingestion Dose is    3.59562E-01  +/-   0.00E+00  Sv.        Error is   0.00E+00 % of the total.

    Total Inhalation Dose is   1.71964E+02  +/-   0.00E+00  Sv.        Error is   0.00E+00 % of the total.

    Total Gamma Heat Prod is   3.11344E-13  +/-   0.00E+00  kW.        Error is   0.00E+00 % of the total.

    Total Beta Heat Prod is    3.26475E-12  +/-   0.00E+00  kW.        Error is   0.00E+00 % of the total.

0   Nuclide     Atoms     E(Atoms)  Activity E(Activity)   Heat     E(Heat)  Dose Rate E(Dose Rate) Ingest   E(Ingest)   Inhale   E(Inhale)   % Error
    Th232    1.00000E+24  0.00E+00  1.563E+06  0.00E+00  1.025E-09  0.00E+00  6.087E-08  0.00E+00  3.596E-01  0.00E+00  1.720E+02  0.00E+00  0.000E+00
    Ra228    3.12819E+06  0.00E+00  1.195E-02  0.00E+00  4.493E-20  0.00E+00  8.625E-16  0.00E+00  8.245E-09  0.00E+00  1.912E-07  0.00E+00  0.000E+00
1 * * * TIME INTERVAL   5 * * * COOLING TIME IS   1.0000E+00 SECS * * * ELAPSED TIME IS   3.000 s   * * * FLUX AMP IS  0.0000E+00 /cm^2/s  * * * * * * * * * * * * * *
  NUCLIDE        ATOMS         GRAMS        Bq       b-Energy    a-Energy   g-Energy    DOSE RATE   INGESTION  INHALATION   HALF LIFE                        
                                                        kW          kW         kW         Sv/hr      DOSE(Sv)    DOSE(Sv)    seconds                         

  He  4    #  4.69150E+06   3.118E-17   0.000E+00   0.000E+00   0.00E+00   0.000E+00   0.000E+00   0.000E+00   0.000E+00     Stable                         
  Ra228       4.69150E+06   1.776E-15   1.792E-02   6.163E-20   0.00E+00   5.756E-21   1.294E-15   1.237E-08   2.867E-07   1.815E+08                        
  Th232     > 1.00000E+24   3.853E+02   1.563E+06   3.265E-12   1.02E-09   3.113E-13   6.087E-08   3.596E-01   1.720E+02   4.434E+17                        
0  TOTAL NUMBER OF NUCLIDES PRINTED IN INVENTORY =    3
0  TOTAL CURIES   TOTAL ALPHA   TOTAL BETA    TOTAL GAMMA
                  CURIE-MeV     CURIE-MeV     CURIE-MeV
   4.22517E-05   1.72278E-04   5.50729E-07   5.25205E-08
0  ALPHA BECQUERELS = 1.563311E+06  BETA BECQUERELS = 1.792114E-02  GAMMA BECQUERELS = 0.000000E+00
0  TOTAL ACTIVITY FOR ALL MATERIALS     1.56331E+06 Bq
                                        2.08348E-06 Ci/cc           DENSITY   1.90E+01 gm/cc
   TOTAL ACTIVITY EXCLUDING TRITIUM     1.56331E+06 Bq
                                        2.08348E-06 Ci/cc
0  TOTAL ALPHA HEAT PRODUCTION          1.02127E-09 kW
   TOTAL BETA  HEAT PRODUCTION          3.26475E-12 kW
   TOTAL GAMMA HEAT PRODUCTION          3.11344E-13 kW              TOTAL HEAT PRODUCTION 1.02485E-09 kW
0  INITIAL TOTAL MASS OF MATERIAL       3.85309E-01 kg              TOTAL HEAT EX TRITIUM 1.02485E-09 kW
0  TOTAL MASS OF MATERIAL               3.85309E-01 kg
   NEUTRON  FLUX DURING INTERVAL        0.00000E+00 n/cm^2/s
0  NUMBER OF FISSIONS                  -9.21468E-07                 BURN-UP OF ACTINIDES  0.00000E+00 %
0  INGESTION  HAZARD FOR ALL MATERIALS  3.59562E-01 Sv/kg
   INHALATION HAZARD FOR ALL MATERIALS  1.71964E+02 Sv/kg
0  INGESTION  HAZARD EXCLUDING TRITIUM  3.59562E-01 Sv/kg
   INHALATION HAZARD EXCLUDING TRITIUM  1.71964E+02 Sv/kg
0  GAS   RATE (a decay) =  1.56331E+06 atoms per sec =  1.56331E-12 appm/sec
0  APPM OF He  4    =  4.6915E-12



                                               COMPOSITION  OF  MATERIAL  BY  ELEMENT
                                               --------------------------------------
0                                                             BETA                     GAMMA                     ALPHA
                      ATOMS      GRAM-ATOMS     GRAMS      CURIES-MeV      kW        CURIES-MeV      kW        CURIES-MeV      kW

    2       He      4.6915E+06   7.7904E-18   3.1182E-17   0.0000E+00   0.0000E+00   0.0000E+00   0.0000E+00   0.0000E+00   0.0000E+00
   88       Ra      4.6915E+06   7.7904E-18   1.7765E-15   1.0397E-14   6.1634E-20   9.7104E-16   5.7563E-21   0.0000E+00   0.0000E+00
   90       Th      1.0000E+24   1.6605E+00   3.8531E+02   5.5073E-07   3.2648E-12   5.2520E-08   3.1134E-13   1.7228E-04   1.0213E-09



                                               GAMMA SPECTRUM AND ENERGIES/SECOND
                                               ----------------------------------

     NEUTRONS PER SECOND ARISING FROM SPONTANEOUS FISSION                    3.28295E-05    Entered density (g/cc)      19.00
     POWER FROM ALPHA PARTICLES (MeV per Second)                             6.37428E+06
     POWER FROM BETA  PARTICLES (MeV per Second)                             2.03770E+04
     TOTAL GAMMA POWER FROM ACTIVATION  (MeV per Second)                     1.94326E+03    Total gammas (per cc per second)      6.21949E+03
     GAMMA RAY POWER FROM ACTIVATION DECAY  MeV/s    (  0.000-  0.010 MeV)   7.76463E+01    Gammas per group (per cc per second)  7.65765E+02
                                                     (  0.010-  0.020 MeV)   1.61885E+03                                          5.32182E+03
                                                     (  0.020-  0.050 MeV)   1.11640E-07                                          1.57288E-07
                                                     (  0.050-  0.100 MeV)   1.54494E+02                                          1.01577E+02
                                                     (  0.100-  0.200 MeV)   9.22705E+01                                          3.03331E+01
                                                     (  0.200-  0.300 MeV)   0.00000E+00                                          0.00000E+00
                                                     (  0.300-  0.400 MeV)   0.00000E+00                                          0.00000E+00
                                                     (  0.400-  0.600 MeV)   0.00000E+00                                          0.00000E+00
                                                     (  0.600-  0.800 MeV)   0.00000E+00                                          0.00000E+00
                                                     (  0.800-  1.000 MeV)   0.00000E+00                                          0.00000E+00
                                                     (  1.000-  1.220 MeV)   0.00000E+00                                          0.00000E+00
                                                     (  1.220-  1.440 MeV)   0.00000E+00                                          0.00000E+00
                                                     (  1.440-  1.660 MeV)   0.00000E+00                                          0.00000E+00
                                                     (  1.660-  2.000 MeV)   0.00000E+00                                          0.00000E+00
                                                     (  2.000-  2.500 MeV)   0.00000E+00                                          0.00000E+00
                                                     (  2.500-  3.000 MeV)   0.00000E+00                                          0.00000E+00
                                                     (  3.000-  4.000 MeV)   0.00000E+00                                          0.00000E+00
                                                     (  4.000-  5.000 MeV)   0.00000E+00                                          0.00000E+00
                                                     (  5.000-  6.500 MeV)   0.00000E+00                                          0.00000E+00
                                                     (  6.500-  8.000 MeV)   0.00000E+00                                          0.00000E+00
                                                     (  8.000- 10.000 MeV)   0.00000E+00                                          0.00000E+00
                                                     ( 10.000- 12.000 MeV)   0.00000E+00                                          0.00000E+00
                                                     ( 12.000- 14.000 MeV)   0.00000E+00                                          0.00000E+00
                                                     ( 14.000- 20.000 MeV)   0.00000E+00                                          0.00000E+00

    DOSE RATE (PLANE SOURCE) FROM GAMMAS WITH ENERGY 0-20 MeV IS            6.08683E-08 Sieverts/hour   ( 6.08683E-06 Rems/hour)




                                                                           DOMINANT NUCLIDES
                                                                           -----------------

      NUCLIDE   ACTIVITY    PERCENT  NUCLIDE     HEAT      PERCENT  NUCLIDE  DOSE RATE    PERCENT  NUCLIDE  INGESTION    PERCENT  NUCLIDE  INHALATION   PERCENT 
                  (Bq)      ACTIVITY             (kW)       HEAT              (Sv/hr)    DOSE RATE            (Sv)      INGESTION            (Sv)     INHALATION
       Total   1.5633E+06             Total   1.0248E-09             Total   6.0868E-08             Total   3.5956E-01             Total   1.7196E+02
    1  Th232   1.5633E+06  10.00E+01  Th232   1.0248E-09  10.00E+01  Th232   6.0868E-08  10.00E+01  Th232   3.5956E-01  10.00E+01  Th232   1.7196E+02  10.00E+01
    2  Ra228   1.7921E-02  11.46E-07  Ra228   6.7390E-20  65.76E-10  Ra228   1.2936E-15  21.25E-07  Ra228   1.2366E-08  34.39E-07  Ra228   2.8674E-07  16.67E-08

      NUCLIDE  GAMMA HEAT   PERCENT  NUCLIDE   BETA HEAT   PERCENT 
                  (kW)       GAMMA               (kW)       BETA
       Total   3.1134E-13             Total   3.2648E-12
    1  Th232   3.1134E-13  10.00E+01  Th232   3.2648E-12  10.00E+01
    2  Ra228   5.7563E-21  18.49E-07  Ra228   6.1634E-20  18.88E-07



                                                              UNCERTAINTY ESTIMATES (cross sections only)
                                                              -------------------------------------------

    Uncertainty estimates are based on pathway analysis for the irradiation phase
    Total Activity is          1.56331E+06  +/-   0.00E+00  Bq.        Error is   0.00E+00 % of the total.

    Total Heat Production is   1.02485E-09  +/-   0.00E+00  kW.        Error is   0.00E+00 % of the total.

    Total Gamma Dose Rate is   6.08683E-08  +/-   0.00E+00  Sv/hr.     Error is   0.00E+00 % of the total.

    Total Ingestion Dose is    3.59562E-01  +/-   0.00E+00  Sv.        Error is   0.00E+00 % of the total.

    Total Inhalation Dose is   1.71964E+02  +/-   0.00E+00  Sv.        Error is   0.00E+00 % of the total.

    Total Gamma Heat Prod is   3.11344E-13  +/-   0.00E+00  kW.        Error is   0.00E+00 % of the total.

    Total Beta Heat Prod is    3.26475E-12  +/-   0.00E+00  kW.        Error is   0.00E+00 % of the total.

0   Nuclide     Atoms     E(Atoms)  Activity E(Activity)   Heat     E(Heat)  Dose Rate E(Dose Rate) Ingest   E(Ingest)   Inhale   E(Inhale)   % Error
    Th232    1.00000E+24  0.00E+00  1.563E+06  0.00E+00  1.025E-09  0.00E+00  6.087E-08  0.00E+00  3.596E-01  0.00E+00  1.720E+02  0.00E+00  0.000E+00
    Ra228    4.69150E+06  0.00E+00  1.792E-02  0.00E+00  6.739E-20  0.00E+00  1.294E-15  0.00E+00  1.237E-08  0.00E+00  2.867E-07  0.00E+00  0.000E+00
1 * * * TIME INTERVAL   6 * * * COOLING TIME IS   1.0000E+00 SECS * * * ELAPSED TIME IS   4.000 s   * * * FLUX AMP IS  0.0000E+00 /cm^2/s  * * * * * * * * * * * * * *
  NUCLIDE        ATOMS         GRAMS        Bq       b-Energy    a-Energy   g-Energy    DOSE RATE   INGESTION  INHALATION   HALF LIFE                        
                                                        kW          kW         kW         Sv/hr      DOSE(Sv)    DOSE(Sv)    seconds                         

  He  4    #  6.25481E+06   4.157E-17   0.000E+00   0.000E+00   0.00E+00   0.000E+00   0.000E+00   0.000E+00   0.000E+00     Stable                         
  Ra228       6.25481E+06   2.368E-15   2.389E-02   8.217E-20   0.00E+00   7.674E-21   1.725E-15   1.649E-08   3.823E-07   1.815E+08                        
  Th232     > 1.00000E+24   3.853E+02   1.563E+06   3.265E-12   1.02E-09   3.113E-13   6.087E-08   3.596E-01   1.720E+02   4.434E+17                        
0  TOTAL NUMBER OF NUCLIDES PRINTED IN INVENTORY =    3
0  TOTAL CURIES   TOTAL ALPHA   TOTAL BETA    TOTAL GAMMA
                  CURIE-MeV     CURIE-MeV     CURIE-MeV
   4.22517E-05   1.72278E-04   5.50729E-07   5.25205E-08
0  ALPHA BECQUERELS = 1.563311E+06  BETA BECQUERELS = 2.389286E-02  GAMMA BECQUERELS = 0.000000E+00
0  TOTAL ACTIVITY FOR ALL MATERIALS     1.56331E+06 Bq
                                        2.08348E-06 Ci/cc           DENSITY   1.90E+01 gm/cc
   TOTAL ACTIVITY EXCLUDING TRITIUM     1.56331E+06 Bq
                                        2.08348E-06 Ci/cc
0  TOTAL ALPHA HEAT PRODUCTION          1.02127E-09 kW
   TOTAL BETA  HEAT PRODUCTION          3.26475E-12 kW
   TOTAL GAMMA HEAT PRODUCTION          3.11344E-13 kW              TOTAL HEAT PRODUCTION 1.02485E-09 kW
0  INITIAL TOTAL MASS OF MATERIAL       3.85309E-01 kg              TOTAL HEAT EX TRITIUM 1.02485E-09 kW
0  TOTAL MASS OF MATERIAL               3.85309E-01 kg
   NEUTRON  FLUX DURING INTERVAL        0.00000E+00 n/cm^2/s
0  NUMBER OF FISSIONS                  -2.08350E-06                 BURN-UP OF ACTINIDES  0.00000E+00 %
0  INGESTION  HAZARD FOR ALL MATERIALS  3.59562E-01 Sv/kg
   INHALATION HAZARD FOR ALL MATERIALS  1.71964E+02 Sv/kg
0  INGESTION  HAZARD EXCLUDING TRITIUM  3.59562E-01 Sv/kg
   INHALATION HAZARD EXCLUDING TRITIUM  1.71964E+02 Sv/kg
0  GAS   RATE (a decay) =  1.56331E+06 atoms per sec =  1.56331E-12 appm/sec
0  APPM OF He  4    =  6.2548E-12



                                               COMPOSITION  OF  MATERIAL  BY  ELEMENT
                                               --------------------------------------
0                                                             BETA                     GAMMA                     ALPHA
                      ATOMS      GRAM-ATOMS     GRAMS      CURIES-MeV      kW        CURIES-MeV      kW        CURIES-MeV      kW

    2       He      6.2548E+06   1.0386E-17   4.1572E-17   0.0000E+00   0.0000E+00   0.0000E+00   0.0000E+00   0.0000E+00   0.0000E+00
   88       Ra      6.2548E+06   1.0386E-17   2.3684E-15   1.3862E-14   8.2172E-20   1.2946E-15   7.6745E-21   0.0000E+00   0.0000E+00
   90       Th      1.0000E+24   1.6605E+00   3.8531E+02   5.5073E-07   3.2648E-12   5.2520E-08   3.1134E-13   1.7228E-04   1.0213E-09



                                               GAMMA SPECTRUM AND ENERGIES/SECOND
                                               ----------------------------------

     NEUTRONS PER SECOND ARISING FROM SPONTANEOUS FISSION                    3.28295E-05    Entered density (g/cc)      19.00
     POWER FROM ALPHA PARTICLES (MeV per Second)                             6.37428E+06
     POWER FROM BETA  PARTICLES (MeV per Second)                             2.03770E+04
     TOTAL GAMMA POWER FROM ACTIVATION  (MeV per Second)                     1.94326E+03    Total gammas (per cc per second)      6.21949E+03
     GAMMA RAY POWER FROM ACTIVATION DECAY  MeV/s    (  0.000-  0.010 MeV)   7.76463E+01    Gammas per group (per cc per second)  7.65765E+02
                                                     (  0.010-  0.020 MeV)   1.61885E+03                                          5.32182E+03
                                                     (  0.020-  0.050 MeV)   1.48841E-07                                          2.09700E-07
                                                     (  0.050-  0.100 MeV)   1.54494E+02                                          1.01577E+02
                                                     (  0.100-  0.200 MeV)   9.22705E+01                                          3.03331E+01
                                                     (  0.200-  0.300 MeV)   0.00000E+00                                          0.00000E+00
                                                     (  0.300-  0.400 MeV)   0.00000E+00                                          0.00000E+00
                                                     (  0.400-  0.600 MeV)   0.00000E+00                                          0.00000E+00
                                                     (  0.600-  0.800 MeV)   0.00000E+00                                          0.00000E+00
                                                     (  0.800-  1.000 MeV)   0.00000E+00                                          0.00000E+00
                                                     (  1.000-  1.220 MeV)   0.00000E+00                                          0.00000E+00
                                                     (  1.220-  1.440 MeV)   0.00000E+00                                          0.00000E+00
                                                     (  1.440-  1.660 MeV)   0.00000E+00                                          0.00000E+00
                                                     (  1.660-  2.000 MeV)   0.00000E+00                                          0.00000E+00
                                                     (  2.000-  2.500 MeV)   0.00000E+00                                          0.00000E+00
                                                     (  2.500-  3.000 MeV)   0.00000E+00                                          0.00000E+00
                                                     (  3.000-  4.000 MeV)   0.00000E+00                                          0.00000E+00
                                                     (  4.000-  5.000 MeV)   0.00000E+00                                          0.00000E+00
                                                     (  5.000-  6.500 MeV)   0.00000E+00                                          0.00000E+00
                                                     (  6.500-  8.000 MeV)   0.00000E+00                                          0.00000E+00
                                                     (  8.000- 10.000 MeV)   0.00000E+00                                          0.00000E+00
                                                     ( 10.000- 12.000 MeV)   0.00000E+00                                          0.00000E+00
                                                     ( 12.000- 14.000 MeV)   0.00000E+00                                          0.00000E+00
                                                     ( 14.000- 20.000 MeV)   0.00000E+00                                          0.00000E+00

    DOSE RATE (PLANE SOURCE) FROM GAMMAS WITH ENERGY 0-20 MeV IS            6.08683E-08 Sieverts/hour   ( 6.08683E-06 Rems/hour)




                                                                           DOMINANT NUCLIDES
                                                                           -----------------

      NUCLIDE   ACTIVITY    PERCENT  NUCLIDE     HEAT      PERCENT  NUCLIDE  DOSE RATE    PERCENT  NUCLIDE  INGESTION    PERCENT  NUCLIDE  INHALATION   PERCENT 
                  (Bq)      ACTIVITY             (kW)       HEAT              (Sv/hr)    DOSE RATE            (Sv)      INGESTION            (Sv)     INHALATION
       Total   1.5633E+06             Total   1.0248E-09             Total   6.0868E-08             Total   3.5956E-01             Total   1.7196E+02
    1  Th232   1.5633E+06  10.00E+01  Th232   1.0248E-09  10.00E+01  Th232   6.0868E-08  10.00E+01  Th232   3.5956E-01  10.00E+01  Th232   1.7196E+02  10.00E+01
    2  Ra228   2.3893E-02  15.28E-07  Ra228   8.9846E-20  87.67E-10  Ra228   1.7247E-15  28.33E-07  Ra228   1.6486E-08  45.85E-07  Ra228   3.8229E-07  22.23E-08

      NUCLIDE  GAMMA HEAT   PERCENT  NUCLIDE   BETA HEAT   PERCENT 
                  (kW)       GAMMA               (kW)       BETA
       Total   3.1134E-13             Total   3.2648E-12
    1  Th232   3.1134E-13  10.00E+01  Th232   3.2648E-12  10.00E+01
    2  Ra228   7.6745E-21  24.65E-07  Ra228   8.2172E-20  25.17E-07



                                                              UNCERTAINTY ESTIMATES (cross sections only)
                                                              -------------------------------------------

    Uncertainty estimates are based on pathway analysis for the irradiation phase
    Total Activity is          1.56331E+06  +/-   0.00E+00  Bq.        Error is   0.00E+00 % of the total.

    Total Heat Production is   1.02485E-09  +/-   0.00E+00  kW.        Error is   0.00E+00 % of the total.

    Total Gamma Dose Rate is   6.08683E-08  +/-   0.00E+00  Sv/hr.     Error is   0.00E+00 % of the total.

    Total Ingestion Dose is    3.59562E-01  +/-   0.00E+00  Sv.        Error is   0.00E+00 % of the total.

    Total Inhalation Dose is   1.71964E+02  +/-   0.00E+00  Sv.        Error is   0.00E+00 % of the total.

    Total Gamma Heat Prod is   3.11344E-13  +/-   0.00E+00  kW.        Error is   0.00E+00 % of the total.

    Total Beta Heat Prod is    3.26475E-12  +/-   0.00E+00  kW.        Error is   0.00E+00 % of the total.

0   Nuclide     Atoms     E(Atoms)  Activity E(Activity)   Heat     E(Heat)  Dose Rate E(Dose Rate) Ingest   E(Ingest)   Inhale   E(Inhale)   % Error
    Th232    1.00000E+24  0.00E+00  1.563E+06  0.00E+00  1.025E-09  0.00E+00  6.087E-08  0.00E+00  3.596E-01  0.00E+00  1.720E+02  0.00E+00  0.000E+00
    Ra228    6.25481E+06  0.00E+00  2.389E-02  0.00E+00  8.985E-20  0.00E+00  1.725E-15  0.00E+00  1.649E-08  0.00E+00  3.823E-07  0.00E+00  0.000E+00
1 * * * TIME INTERVAL   7 * * * COOLING TIME IS   1.0000E+00 SECS * * * ELAPSED TIME IS   5.000 s   * * * FLUX AMP IS  0.0000E+00 /cm^2/s  * * * * * * * * * * * * * *
  NUCLIDE        ATOMS         GRAMS        Bq       b-Energy    a-Energy   g-Energy    DOSE RATE   INGESTION  INHALATION   HALF LIFE                        
                                                        kW          kW         kW         Sv/hr      DOSE(Sv)    DOSE(Sv)    seconds                         

  He  4    #  7.81812E+06   5.196E-17   0.000E+00   0.000E+00   0.00E+00   0.000E+00   0.000E+00   0.000E+00   0.000E+00     Stable                         
  Ra228       7.81812E+06   2.960E-15   2.986E-02   1.027E-19   0.00E+00   9.593E-21   2.156E-15   2.061E-08   4.778E-07   1.815E+08                        
  Th232     > 1.00000E+24   3.853E+02   1.563E+06   3.265E-12   1.02E-09   3.113E-13   6.087E-08   3.596E-01   1.720E+02   4.434E+17                        
0  TOTAL NUMBER OF NUCLIDES PRINTED IN INVENTORY =    3
0  TOTAL CURIES   TOTAL ALPHA   TOTAL BETA    TOTAL GAMMA
                  CURIE-MeV     CURIE-MeV     CURIE-MeV
   4.22517E-05   1.72278E-04   5.50729E-07   5.25205E-08
0  ALPHA BECQUERELS = 1.563311E+06  BETA BECQUERELS = 2.986458E-02  GAMMA BECQUERELS = 0.000000E+00
0  TOTAL ACTIVITY FOR ALL MATERIALS     1.56331E+06 Bq
                                        2.08348E-06 Ci/cc           DENSITY   1.90E+01 gm/cc
   TOTAL ACTIVITY EXCLUDING TRITIUM     1.56331E+06 Bq
                                        2.08348E-06 Ci/cc
0  TOTAL ALPHA HEAT PRODUCTION          1.02127E-09 kW
   TOTAL BETA  HEAT PRODUCTION          3.26475E-12 kW
   TOTAL GAMMA HEAT PRODUCTION          3.11344E-13 kW              TOTAL HEAT PRODUCTION 1.02485E-09 kW
0  INITIAL TOTAL MASS OF MATERIAL       3.85309E-01 kg              TOTAL HEAT EX TRITIUM 1.02485E-09 kW
0  TOTAL MASS OF MATERIAL               3.85309E-01 kg
   NEUTRON  FLUX DURING INTERVAL        0.00000E+00 n/cm^2/s
0  NUMBER OF FISSIONS                  -4.00012E-06                 BURN-UP OF ACTINIDES  0.00000E+00 %
0  INGESTION  HAZARD FOR ALL MATERIALS  3.59562E-01 Sv/kg
   INHALATION HAZARD FOR ALL MATERIALS  1.71964E+02 Sv/kg
0  INGESTION  HAZARD EXCLUDING TRITIUM  3.59562E-01 Sv/kg
   INHALATION HAZARD EXCLUDING TRITIUM  1.71964E+02 Sv/kg
0  GAS   RATE (a decay) =  1.56331E+06 atoms per sec =  1.56331E-12 appm/sec
0  APPM OF He  4    =  7.8181E-12



                                               COMPOSITION  OF  MATERIAL  BY  ELEMENT
                                               --------------------------------------
0                                                             BETA                     GAMMA                     ALPHA
                      ATOMS      GRAM-ATOMS     GRAMS      CURIES-MeV      kW        CURIES-MeV      kW        CURIES-MeV      kW

    2       He      7.8181E+06   1.2982E-17   5.1963E-17   0.0000E+00   0.0000E+00   0.0000E+00   0.0000E+00   0.0000E+00   0.0000E+00
   88       Ra      7.8181E+06   1.2982E-17   2.9604E-15   1.7326E-14   1.0271E-19   1.6182E-15   9.5926E-21   0.0000E+00   0.0000E+00
   90       Th      1.0000E+24   1.6605E+00   3.8531E+02   5.5073E-07   3.2648E-12   5.2520E-08   3.1134E-13   1.7228E-04   1.0213E-09



                                               GAMMA SPECTRUM AND ENERGIES/SECOND
                                               ----------------------------------

     NEUTRONS PER SECOND ARISING FROM SPONTANEOUS FISSION                    3.28295E-05    Entered density (g/cc)      19.00
     POWER FROM ALPHA PARTICLES (MeV per Second)                             6.37428E+06
     POWER FROM BETA  PARTICLES (MeV per Second)                             2.03770E+04
     TOTAL GAMMA POWER FROM ACTIVATION  (MeV per Second)                     1.94326E+03    Total gammas (per cc per second)      6.21949E+03
     GAMMA RAY POWER FROM ACTIVATION DECAY  MeV/s    (  0.000-  0.010 MeV)   7.76463E+01    Gammas per group (per cc per second)  7.65765E+02
                                                     (  0.010-  0.020 MeV)   1.61885E+03                                          5.32182E+03
                                                     (  0.020-  0.050 MeV)   1.86041E-07                                          2.62112E-07
                                                     (  0.050-  0.100 MeV)   1.54494E+02                                          1.01577E+02
                                                     (  0.100-  0.200 MeV)   9.22705E+01                                          3.03331E+01
                                                     (  0.200-  0.300 MeV)   0.00000E+00                                          0.00000E+00
                                                     (  0.300-  0.400 MeV)   0.00000E+00                                          0.00000E+00
                                                     (  0.400-  0.600 MeV)   0.00000E+00                                          0.00000E+00
                                                     (  0.600-  0.800 MeV)   0.00000E+00                                          0.00000E+00
                                                     (  0.800-  1.000 MeV)   0.00000E+00                                          0.00000E+00
                                                     (  1.000-  1.220 MeV)   0.00000E+00                                          0.00000E+00
                                                     (  1.220-  1.440 MeV)   0.00000E+00                                          0.00000E+00
                                                     (  1.440-  1.660 MeV)   0.00000E+00                                          0.00000E+00
                                                     (  1.660-  2.000 MeV)   0.00000E+00                                          0.00000E+00
                                                     (  2.000-  2.500 MeV)   0.00000E+00                                          0.00000E+00
                                                     (  2.500-  3.000 MeV)   0.00000E+00                                          0.00000E+00
                                                     (  3.000-  4.000 MeV)   0.00000E+00                                          0.00000E+00
                                                     (  4.000-  5.000 MeV)   0.00000E+00                                          0.00000E+00
                                                     (  5.000-  6.500 MeV)   0.00000E+00                                          0.00000E+00
                                                     (  6.500-  8.000 MeV)   0.00000E+00                                          0.00000E+00
                                                     (  8.000- 10.000 MeV)   0.00000E+00                                          0.00000E+00
                                                     ( 10.000- 12.000 MeV)   0.00000E+00                                          0.00000E+00
                                                     ( 12.000- 14.000 MeV)   0.00000E+00                                          0.00000E+00
                                                     ( 14.000- 20.000 MeV)   0.00000E+00                                          0.00000E+00

    DOSE RATE (PLANE SOURCE) FROM GAMMAS WITH ENERGY 0-20 MeV IS            6.08683E-08 Sieverts/hour   ( 6.08683E-06 Rems/hour)




                                                                           DOMINANT NUCLIDES
                                                                           -----------------

      NUCLIDE   ACTIVITY    PERCENT  NUCLIDE     HEAT      PERCENT  NUCLIDE  DOSE RATE    PERCENT  NUCLIDE  INGESTION    PERCENT  NUCLIDE  INHALATION   PERCENT 
                  (Bq)      ACTIVITY             (kW)       HEAT              (Sv/hr)    DOSE RATE            (Sv)      INGESTION            (Sv)     INHALATION
       Total   1.5633E+06             Total   1.0248E-09             Total   6.0868E-08             Total   3.5956E-01             Total   1.7196E+02
    1  Th232   1.5633E+06  10.00E+01  Th232   1.0248E-09  10.00E+01  Th232   6.0868E-08  10.00E+01  Th232   3.5956E-01  10.00E+01  Th232   1.7196E+02  10.00E+01
    2  Ra228   2.9865E-02  19.10E-07  Ra228   1.1230E-19  10.96E-09  Ra228   2.1557E-15  35.42E-07  Ra228   2.0607E-08  57.31E-07  Ra228   4.7783E-07  27.79E-08

      NUCLIDE  GAMMA HEAT   PERCENT  NUCLIDE   BETA HEAT   PERCENT 
                  (kW)       GAMMA               (kW)       BETA
       Total   3.1134E-13             Total   3.2648E-12
    1  Th232   3.1134E-13  10.00E+01  Th232   3.2648E-12  10.00E+01
    2  Ra228   9.5926E-21  30.81E-07  Ra228   1.0271E-19  31.46E-07



                                                              UNCERTAINTY ESTIMATES (cross sections only)
                                                              -------------------------------------------

    Uncertainty estimates are based on pathway analysis for the irradiation phase
    Total Activity is          1.56331E+06  +/-   0.00E+00  Bq.        Error is   0.00E+00 % of the total.

    Total Heat Production is   1.02485E-09  +/-   0.00E+00  kW.        Error is   0.00E+00 % of the total.

    Total Gamma Dose Rate is   6.08683E-08  +/-   0.00E+00  Sv/hr.     Error is   0.00E+00 % of the total.

    Total Ingestion Dose is    3.59562E-01  +/-   0.00E+00  Sv.        Error is   0.00E+00 % of the total.

    Total Inhalation Dose is   1.71964E+02  +/-   0.00E+00  Sv.        Error is   0.00E+00 % of the total.

    Total Gamma Heat Prod is   3.11344E-13  +/-   0.00E+00  kW.        Error is   0.00E+00 % of the total.

    Total Beta Heat Prod is    3.26475E-12  +/-   0.00E+00  kW.        Error is   0.00E+00 % of the total.

0   Nuclide     Atoms     E(Atoms)  Activity E(Activity)   Heat     E(Heat)  Dose Rate E(Dose Rate) Ingest   E(Ingest)   Inhale   E(Inhale)   % Error
    Th232    1.00000E+24  0.00E+00  1.563E+06  0.00E+00  1.025E-09  0.00E+00  6.087E-08  0.00E+00  3.596E-01  0.00E+00  1.720E+02  0.00E+00  0.000E+00
    Ra228    7.81812E+06  0.00E+00  2.986E-02  0.00E+00  1.123E-19  0.00E+00  2.156E-15  0.00E+00  2.061E-08  0.00E+00  4.778E-07  0.00E+00  0.000E+00
1 * * * TIME INTERVAL   8 * * * COOLING TIME IS   1.0000E+00 SECS * * * ELAPSED TIME IS   6.000 s   * * * FLUX AMP IS  0.0000E+00 /cm^2/s  * * * * * * * * * * * * * *
  NUCLIDE        ATOMS         GRAMS        Bq       b-Energy    a-Energy   g-Energy    DOSE RATE   INGESTION  INHALATION   HALF LIFE                        
                                                        kW          kW         kW         Sv/hr      DOSE(Sv)    DOSE(Sv)    seconds                         

  He  4    #  9.38143E+06   6.235E-17   0.000E+00   0.000E+00   0.00E+00   0.000E+00   0.000E+00   0.000E+00   0.000E+00     Stable                         
  Ra228       9.38143E+06   3.552E-15   3.584E-02   1.232E-19   0.00E+00   1.151E-20   2.587E-15   2.473E-08   5.734E-07   1.815E+08                        
  Th232     > 1.00000E+24   3.853E+02   1.563E+06   3.265E-12   1.02E-09   3.113E-13   6.087E-08   3.596E-01   1.720E+02   4.434E+17                        
0  TOTAL NUMBER OF NUCLIDES PRINTED IN INVENTORY =    3
0  TOTAL CURIES   TOTAL ALPHA   TOTAL BETA    TOTAL GAMMA
                  CURIE-MeV     CURIE-MeV     CURIE-MeV
   4.22517E-05   1.72278E-04   5.50729E-07   5.25205E-08
0  ALPHA BECQUERELS = 1.563311E+06  BETA BECQUERELS = 3.583630E-02  GAMMA BECQUERELS = 0.000000E+00
0  TOTAL ACTIVITY FOR ALL MATERIALS     1.56331E+06 Bq
                                        2.08348E-06 Ci/cc           DENSITY   1.90E+01 gm/cc
   TOTAL ACTIVITY EXCLUDING TRITIUM     1.56331E+06 Bq
                                        2.08348E-06 Ci/cc
0  TOTAL ALPHA HEAT PRODUCTION          1.02127E-09 kW
   TOTAL BETA  HEAT PRODUCTION          3.26475E-12 kW
   TOTAL GAMMA HEAT PRODUCTION          3.11344E-13 kW              TOTAL HEAT PRODUCTION 1.02485E-09 kW
0  INITIAL TOTAL MASS OF MATERIAL       3.85309E-01 kg              TOTAL HEAT EX TRITIUM 1.02485E-09 kW
0  TOTAL MASS OF MATERIAL               3.85309E-01 kg
   NEUTRON  FLUX DURING INTERVAL        0.00000E+00 n/cm^2/s
0  NUMBER OF FISSIONS                  -6.85073E-06                 BURN-UP OF ACTINIDES  0.00000E+00 %
0  INGESTION  HAZARD FOR ALL MATERIALS  3.59562E-01 Sv/kg
   INHALATION HAZARD FOR ALL MATERIALS  1.71964E+02 Sv/kg
0  INGESTION  HAZARD EXCLUDING TRITIUM  3.59562E-01 Sv/kg
   INHALATION HAZARD EXCLUDING TRITIUM  1.71964E+02 Sv/kg
0  GAS   RATE (a decay) =  1.56331E+06 atoms per sec =  1.56331E-12 appm/sec
0  APPM OF He  4    =  9.3814E-12



                                               COMPOSITION  OF  MATERIAL  BY  ELEMENT
                                               --------------------------------------
0                                                             BETA                     GAMMA                     ALPHA
                      ATOMS      GRAM-ATOMS     GRAMS      CURIES-MeV      kW        CURIES-MeV      kW        CURIES-MeV      kW

    2       He      9.3814E+06   1.5578E-17   6.2353E-17   0.0000E+00   0.0000E+00   0.0000E+00   0.0000E+00   0.0000E+00   0.0000E+00
   88       Ra      9.3814E+06   1.5578E-17   3.5523E-15   2.0791E-14   1.2325E-19   1.9417E-15   1.1511E-20   0.0000E+00   0.0000E+00
   90       Th      1.0000E+24   1.6605E+00   3.8531E+02   5.5073E-07   3.2648E-12   5.2520E-08   3.1134E-13   1.7228E-04   1.0213E-09



                                               GAMMA SPECTRUM AND ENERGIES/SECOND
                                               ----------------------------------

     NEUTRONS PER SECOND ARISING FROM SPONTANEOUS FISSION                    3.28295E-05    Entered density (g/cc)      19.00
     POWER FROM ALPHA PARTICLES (MeV per Second)                             6.37428E+06
     POWER FROM BETA  PARTICLES (MeV per Second)                             2.03770E+04
     TOTAL GAMMA POWER FROM ACTIVATION  (MeV per Second)                     1.94326E+03    Total gammas (per cc per second)      6.21949E+03
     GAMMA RAY POWER FROM ACTIVATION DECAY  MeV/s    (  0.000-  0.010 MeV)   7.76463E+01    Gammas per group (per cc per second)  7.65765E+02
                                                     (  0.010-  0.020 MeV)   1.61885E+03                                          5.32182E+03
                                                     (  0.020-  0.050 MeV)   2.23242E-07                                          3.14524E-07
                                                     (  0.050-  0.100 MeV)   1.54494E+02                                          1.01577E+02
                                                     (  0.100-  0.200 MeV)   9.22705E+01                                          3.03331E+01
                                                     (  0.200-  0.300 MeV)   0.00000E+00                                          0.00000E+00
                                                     (  0.300-  0.400 MeV)   0.00000E+00                                          0.00000E+00
                                                     (  0.400-  0.600 MeV)   0.00000E+00                                          0.00000E+00
                                                     (  0.600-  0.800 MeV)   0.00000E+00                                          0.00000E+00
                                                     (  0.800-  1.000 MeV)   0.00000E+00                                          0.00000E+00
                                                     (  1.000-  1.220 MeV)   0.00000E+00                                          0.00000E+00
                                                     (  1.220-  1.440 MeV)   0.00000E+00                                          0.00000E+00
                                                     (  1.440-  1.660 MeV)   0.00000E+00                                          0.00000E+00
                                                     (  1.660-  2.000 MeV)   0.00000E+00                                          0.00000E+00
                                                     (  2.000-  2.500 MeV)   0.00000E+00                                          0.00000E+00
                                                     (  2.500-  3.000 MeV)   0.00000E+00                                          0.00000E+00
                                                     (  3.000-  4.000 MeV)   0.00000E+00                                          0.00000E+00
                                                     (  4.000-  5.000 MeV)   0.00000E+00                                          0.00000E+00
                                                     (  5.000-  6.500 MeV)   0.00000E+00                                          0.00000E+00
                                                     (  6.500-  8.000 MeV)   0.00000E+00                                          0.00000E+00
                                                     (  8.000- 10.000 MeV)   0.00000E+00                                          0.00000E+00
                                                     ( 10.000- 12.000 MeV)   0.00000E+00                                          0.00000E+00
                                                     ( 12.000- 14.000 MeV)   0.00000E+00                                          0.00000E+00
                                                     ( 14.000- 20.000 MeV)   0.00000E+00                                          0.00000E+00

    DOSE RATE (PLANE SOURCE) FROM GAMMAS WITH ENERGY 0-20 MeV IS            6.08684E-08 Sieverts/hour   ( 6.08684E-06 Rems/hour)




                                                                           DOMINANT NUCLIDES
                                                                           -----------------

      NUCLIDE   ACTIVITY    PERCENT  NUCLIDE     HEAT      PERCENT  NUCLIDE  DOSE RATE    PERCENT  NUCLIDE  INGESTION    PERCENT  NUCLIDE  INHALATION   PERCENT 
                  (Bq)      ACTIVITY             (kW)       HEAT              (Sv/hr)    DOSE RATE            (Sv)      INGESTION            (Sv)     INHALATION
       Total   1.5633E+06             Total   1.0248E-09             Total   6.0868E-08             Total   3.5956E-01             Total   1.7196E+02
    1  Th232   1.5633E+06  10.00E+01  Th232   1.0248E-09  10.00E+01  Th232   6.0868E-08  10.00E+01  Th232   3.5956E-01  10.00E+01  Th232   1.7196E+02  10.00E+01
    2  Ra228   3.5836E-02  22.92E-07  Ra228   1.3476E-19  13.15E-09  Ra228   2.5868E-15  42.50E-07  Ra228   2.4727E-08  68.77E-07  Ra228   5.7338E-07  33.34E-08

      NUCLIDE  GAMMA HEAT   PERCENT  NUCLIDE   BETA HEAT   PERCENT 
                  (kW)       GAMMA               (kW)       BETA
       Total   3.1134E-13             Total   3.2648E-12
    1  Th232   3.1134E-13  10.00E+01  Th232   3.2648E-12  10.00E+01
    2  Ra228   1.1511E-20  36.97E-07  Ra228   1.2325E-19  37.75E-07



                                                              UNCERTAINTY ESTIMATES (cross sections only)
                                                              -------------------------------------------

    Uncertainty estimates are based on pathway analysis for the irradiation phase
    Total Activity is          1.56331E+06  +/-   0.00E+00  Bq.        Error is   0.00E+00 % of the total.

    Total Heat Production is   1.02485E-09  +/-   0.00E+00  kW.        Error is   0.00E+00 % of the total.

    Total Gamma Dose Rate is   6.08684E-08  +/-   0.00E+00  Sv/hr.     Error is   0.00E+00 % of the total.

    Total Ingestion Dose is    3.59562E-01  +/-   0.00E+00  Sv.        Error is   0.00E+00 % of the total.

    Total Inhalation Dose is   1.71964E+02  +/-   0.00E+00  Sv.        Error is   0.00E+00 % of the total.

    Total Gamma Heat Prod is   3.11344E-13  +/-   0.00E+00  kW.        Error is   0.00E+00 % of the total.

    Total Beta Heat Prod is    3.26475E-12  +/-   0.00E+00  kW.        Error is   0.00E+00 % of the total.

0   Nuclide     Atoms     E(Atoms)  Activity E(Activity)   Heat     E(Heat)  Dose Rate E(Dose Rate) Ingest   E(Ingest)   Inhale   E(Inhale)   % Error
    Th232    1.00000E+24  0.00E+00  1.563E+06  0.00E+00  1.025E-09  0.00E+00  6.087E-08  0.00E+00  3.596E-01  0.00E+00  1.720E+02  0.00E+00  0.000E+00
    Ra228    9.38143E+06  0.00E+00  3.584E-02  0.00E+00  1.348E-19  0.00E+00  2.587E-15  0.00E+00  2.473E-08  0.00E+00  5.734E-07  0.00E+00  0.000E+00
1 * * * TIME INTERVAL   9 * * * COOLING TIME IS   1.0000E+00 SECS * * * ELAPSED TIME IS   7.000 s   * * * FLUX AMP IS  0.0000E+00 /cm^2/s  * * * * * * * * * * * * * *
  NUCLIDE        ATOMS         GRAMS        Bq       b-Energy    a-Energy   g-Energy    DOSE RATE   INGESTION  INHALATION   HALF LIFE                        
                                                        kW          kW         kW         Sv/hr      DOSE(Sv)    DOSE(Sv)    seconds                         

  He  4    #  1.09447E+07   7.274E-17   0.000E+00   0.000E+00   0.00E+00   0.000E+00   0.000E+00   0.000E+00   0.000E+00     Stable                         
  Ra228       1.09447E+07   4.144E-15   4.181E-02   1.438E-19   0.00E+00   1.343E-20   3.018E-15   2.885E-08   6.689E-07   1.815E+08                        
  Th232     > 1.00000E+24   3.853E+02   1.563E+06   3.265E-12   1.02E-09   3.113E-13   6.087E-08   3.596E-01   1.720E+02   4.434E+17                        
0  TOTAL NUMBER OF NUCLIDES PRINTED IN INVENTORY =    3
0  TOTAL CURIES   TOTAL ALPHA   TOTAL BETA    TOTAL GAMMA
                  CURIE-MeV     CURIE-MeV     CURIE-MeV
   4.22517E-05   1.72278E-04   5.50729E-07   5.25205E-08
0  ALPHA BECQUERELS = 1.563311E+06  BETA BECQUERELS = 4.180802E-02  GAMMA BECQUERELS = 0.000000E+00
0  TOTAL ACTIVITY FOR ALL MATERIALS     1.56331E+06 Bq
                                        2.08348E-06 Ci/cc           DENSITY   1.90E+01 gm/cc
   TOTAL ACTIVITY EXCLUDING TRITIUM     1.56331E+06 Bq
                                        2.08348E-06 Ci/cc
0  TOTAL ALPHA HEAT PRODUCTION          1.02127E-09 kW
   TOTAL BETA  HEAT PRODUCTION          3.26475E-12 kW
   TOTAL GAMMA HEAT PRODUCTION          3.11344E-13 kW              TOTAL HEAT PRODUCTION 1.02485E-09 kW
0  INITIAL TOTAL MASS OF MATERIAL       3.85309E-01 kg              TOTAL HEAT EX TRITIUM 1.02485E-09 kW
0  TOTAL MASS OF MATERIAL               3.85309E-01 kg
   NEUTRON  FLUX DURING INTERVAL        0.00000E+00 n/cm^2/s
0  NUMBER OF FISSIONS                  -1.08140E-05                 BURN-UP OF ACTINIDES  0.00000E+00 %
0  INGESTION  HAZARD FOR ALL MATERIALS  3.59562E-01 Sv/kg
   INHALATION HAZARD FOR ALL MATERIALS  1.71964E+02 Sv/kg
0  INGESTION  HAZARD EXCLUDING TRITIUM  3.59562E-01 Sv/kg
   INHALATION HAZARD EXCLUDING TRITIUM  1.71964E+02 Sv/kg
0  GAS   RATE (a decay) =  1.56331E+06 atoms per sec =  1.56331E-12 appm/sec
0  APPM OF He  4    =  1.0945E-11



                                               COMPOSITION  OF  MATERIAL  BY  ELEMENT
                                               --------------------------------------
0                                                             BETA                     GAMMA                     ALPHA
                      ATOMS      GRAM-ATOMS     GRAMS      CURIES-MeV      kW        CURIES-MeV      kW        CURIES-MeV      kW

    2       He      1.0945E+07   1.8174E-17   7.2744E-17   0.0000E+00   0.0000E+00   0.0000E+00   0.0000E+00   0.0000E+00   0.0000E+00
   88       Ra      1.0945E+07   1.8174E-17   4.1443E-15   2.4255E-14   1.4379E-19   2.2653E-15   1.3429E-20   0.0000E+00   0.0000E+00
   90       Th      1.0000E+24   1.6605E+00   3.8531E+02   5.5073E-07   3.2648E-12   5.2520E-08   3.1134E-13   1.7228E-04   1.0213E-09



                                               GAMMA SPECTRUM AND ENERGIES/SECOND
                                               ----------------------------------

     NEUTRONS PER SECOND ARISING FROM SPONTANEOUS FISSION                    3.28295E-05    Entered density (g/cc)      19.00
     POWER FROM ALPHA PARTICLES (MeV per Second)                             6.37428E+06
     POWER FROM BETA  PARTICLES (MeV per Second)                             2.03770E+04
     TOTAL GAMMA POWER FROM ACTIVATION  (MeV per Second)                     1.94326E+03    Total gammas (per cc per second)      6.21949E+03
     GAMMA RAY POWER FROM ACTIVATION DECAY  MeV/s    (  0.000-  0.010 MeV)   7.76463E+01    Gammas per group (per cc per second)  7.65765E+02
                                                     (  0.010-  0.020 MeV)   1.61885E+03                                          5.32182E+03
                                                     (  0.020-  0.050 MeV)   2.60443E-07                                          3.66935E-07
                                                     (  0.050-  0.100 MeV)   1.54494E+02                                          1.01577E+02
                                                     (  0.100-  0.200 MeV)   9.22705E+01                                          3.03331E+01
                                                     (  0.200-  0.300 MeV)   0.00000E+00                                          0.00000E+00
                                                     (  0.300-  0.400 MeV)   0.00000E+00                                          0.00000E+00
                                                     (  0.400-  0.600 MeV)   0.00000E+00                                          0.00000E+00
                                                     (  0.600-  0.800 MeV)   0.00000E+00                                          0.00000E+00
                                                     (  0.800-  1.000 MeV)   0.00000E+00                                          0.00000E+00
                                                     (  1.000-  1.220 MeV)   0.00000E+00                                          0.00000E+00
                                                     (  1.220-  1.440 MeV)   0.00000E+00                                          0.00000E+00
                                                     (  1.440-  1.660 MeV)   0.00000E+00                                          0.00000E+00
                                                     (  1.660-  2.000 MeV)   0.00000E+00                                          0.00000E+00
                                                     (  2.000-  2.500 MeV)   0.00000E+00                                          0.00000E+00
                                                     (  2.500-  3.000 MeV)   0.00000E+00                                          0.00000E+00
                                                     (  3.000-  4.000 MeV)   0.00000E+00                                          0.00000E+00
                                                     (  4.000-  5.000 MeV)   0.00000E+00                                          0.00000E+00
                                                     (  5.000-  6.500 MeV)   0.00000E+00                                          0.00000E+00
                                                     (  6.500-  8.000 MeV)   0.00000E+00                                          0.00000E+00
                                                     (  8.000- 10.000 MeV)   0.00000E+00                                          0.00000E+00
                                                     ( 10.000- 12.000 MeV)   0.00000E+00                                          0.00000E+00
                                                     ( 12.000- 14.000 MeV)   0.00000E+00                                          0.00000E+00
                                                     ( 14.000- 20.000 MeV)   0.00000E+00                                          0.00000E+00

    DOSE RATE (PLANE SOURCE) FROM GAMMAS WITH ENERGY 0-20 MeV IS            6.08684E-08 Sieverts/hour   ( 6.08684E-06 Rems/hour)




                                                                           DOMINANT NUCLIDES
                                                                           -----------------

      NUCLIDE   ACTIVITY    PERCENT  NUCLIDE     HEAT      PERCENT  NUCLIDE  DOSE RATE    PERCENT  NUCLIDE  INGESTION    PERCENT  NUCLIDE  INHALATION   PERCENT 
                  (Bq)      ACTIVITY             (kW)       HEAT              (Sv/hr)    DOSE RATE            (Sv)      INGESTION            (Sv)     INHALATION
       Total   1.5633E+06             Total   1.0248E-09             Total   6.0868E-08             Total   3.5956E-01             Total   1.7196E+02
    1  Th232   1.5633E+06  10.00E+01  Th232   1.0248E-09  10.00E+01  Th232   6.0868E-08  10.00E+01  Th232   3.5956E-01  10.00E+01  Th232   1.7196E+02  10.00E+01
    2  Ra228   4.1808E-02  26.74E-07  Ra228   1.5721E-19  15.34E-09  Ra228   3.0178E-15  49.58E-07  Ra228   2.8848E-08  80.23E-07  Ra228   6.6893E-07  38.90E-08

      NUCLIDE  GAMMA HEAT   PERCENT  NUCLIDE   BETA HEAT   PERCENT 
                  (kW)       GAMMA               (kW)       BETA
       Total   3.1134E-13             Total   3.2648E-12
    1  Th232   3.1134E-13  10.00E+01  Th232   3.2648E-12  10.00E+01
    2  Ra228   1.3429E-20  43.13E-07  Ra228   1.4379E-19  44.04E-07



                                                              UNCERTAINTY ESTIMATES (cross sections only)
                                                              -------------------------------------------

    Uncertainty estimates are based on pathway analysis for the irradiation phase
    Total Activity is          1.56331E+06  +/-   0.00E+00  Bq.        Error is   0.00E+00 % of the total.

    Total Heat Production is   1.02485E-09  +/-   0.00E+00  kW.        Error is   0.00E+00 % of the total.

    Total Gamma Dose Rate is   6.08684E-08  +/-   0.00E+00  Sv/hr.     Error is   0.00E+00 % of the total.

    Total Ingestion Dose is    3.59562E-01  +/-   0.00E+00  Sv.        Error is   0.00E+00 % of the total.

    Total Inhalation Dose is   1.71964E+02  +/-   0.00E+00  Sv.        Error is   0.00E+00 % of the total.

    Total Gamma Heat Prod is   3.11344E-13  +/-   0.00E+00  kW.        Error is   0.00E+00 % of the total.

    Total Beta Heat Prod is    3.26475E-12  +/-   0.00E+00  kW.        Error is   0.00E+00 % of the total.

0   Nuclide     Atoms     E(Atoms)  Activity E(Activity)   Heat     E(Heat)  Dose Rate E(Dose Rate) Ingest   E(Ingest)   Inhale   E(Inhale)   % Error
    Th232    1.00000E+24  0.00E+00  1.563E+06  0.00E+00  1.025E-09  0.00E+00  6.087E-08  0.00E+00  3.596E-01  0.00E+00  1.720E+02  0.00E+00  0.000E+00
    Ra228    1.09447E+07  0.00E+00  4.181E-02  0.00E+00  1.572E-19  0.00E+00  3.018E-15  0.00E+00  2.885E-08  0.00E+00  6.689E-07  0.00E+00  0.000E+00
1 * * * TIME INTERVAL  10 * * * COOLING TIME IS   1.0000E+00 SECS * * * ELAPSED TIME IS   8.000 s   * * * FLUX AMP IS  0.0000E+00 /cm^2/s  * * * * * * * * * * * * * *
  NUCLIDE        ATOMS         GRAMS        Bq       b-Energy    a-Energy   g-Energy    DOSE RATE   INGESTION  INHALATION   HALF LIFE                        
                                                        kW          kW         kW         Sv/hr      DOSE(Sv)    DOSE(Sv)    seconds                         

  He  4    #  1.25081E+07   8.313E-17   0.000E+00   0.000E+00   0.00E+00   0.000E+00   0.000E+00   0.000E+00   0.000E+00     Stable                         
  Ra228       1.25081E+07   4.736E-15   4.778E-02   1.643E-19   0.00E+00   1.535E-20   3.449E-15   3.297E-08   7.645E-07   1.815E+08                        
  Th232     > 1.00000E+24   3.853E+02   1.563E+06   3.265E-12   1.02E-09   3.113E-13   6.087E-08   3.596E-01   1.720E+02   4.434E+17                        
0  TOTAL NUMBER OF NUCLIDES PRINTED IN INVENTORY =    3
0  TOTAL CURIES   TOTAL ALPHA   TOTAL BETA    TOTAL GAMMA
                  CURIE-MeV     CURIE-MeV     CURIE-MeV
   4.22517E-05   1.72278E-04   5.50729E-07   5.25205E-08
0  ALPHA BECQUERELS = 1.563311E+06  BETA BECQUERELS = 4.777975E-02  GAMMA BECQUERELS = 0.000000E+00
0  TOTAL ACTIVITY FOR ALL MATERIALS     1.56331E+06 Bq
                                        2.08348E-06 Ci/cc           DENSITY   1.90E+01 gm/cc
   TOTAL ACTIVITY EXCLUDING TRITIUM     1.56331E+06 Bq
                                        2.08348E-06 Ci/cc
0  TOTAL ALPHA HEAT PRODUCTION          1.02127E-09 kW
   TOTAL BETA  HEAT PRODUCTION          3.26475E-12 kW
   TOTAL GAMMA HEAT PRODUCTION          3.11344E-13 kW              TOTAL HEAT PRODUCTION 1.02485E-09 kW
0  INITIAL TOTAL MASS OF MATERIAL       3.85309E-01 kg              TOTAL HEAT EX TRITIUM 1.02485E-09 kW
0  TOTAL MASS OF MATERIAL               3.85309E-01 kg
   NEUTRON  FLUX DURING INTERVAL        0.00000E+00 n/cm^2/s
0  NUMBER OF FISSIONS                  -1.60906E-05                 BURN-UP OF ACTINIDES  0.00000E+00 %
0  INGESTION  HAZARD FOR ALL MATERIALS  3.59562E-01 Sv/kg
   INHALATION HAZARD FOR ALL MATERIALS  1.71964E+02 Sv/kg
0  INGESTION  HAZARD EXCLUDING TRITIUM  3.59562E-01 Sv/kg
   INHALATION HAZARD EXCLUDING TRITIUM  1.71964E+02 Sv/kg
0  GAS   RATE (a decay) =  1.56331E+06 atoms per sec =  1.56331E-12 appm/sec
0  APPM OF He  4    =  1.2508E-11



                                               COMPOSITION  OF  MATERIAL  BY  ELEMENT
                                               --------------------------------------
0                                                             BETA                     GAMMA                     ALPHA
                      ATOMS      GRAM-ATOMS     GRAMS      CURIES-MeV      kW        CURIES-MeV      kW        CURIES-MeV      kW

    2       He      1.2508E+07   2.0770E-17   8.3135E-17   0.0000E+00   0.0000E+00   0.0000E+00   0.0000E+00   0.0000E+00   0.0000E+00
   88       Ra      1.2508E+07   2.0770E-17   4.7362E-15   2.7720E-14   1.6432E-19   2.5889E-15   1.5347E-20   0.0000E+00   0.0000E+00
   90       Th      1.0000E+24   1.6605E+00   3.8531E+02   5.5073E-07   3.2648E-12   5.2520E-08   3.1134E-13   1.7228E-04   1.0213E-09



                                               GAMMA SPECTRUM AND ENERGIES/SECOND
                                               ----------------------------------

     NEUTRONS PER SECOND ARISING FROM SPONTANEOUS FISSION                    3.28295E-05    Entered density (g/cc)      19.00
     POWER FROM ALPHA PARTICLES (MeV per Second)                             6.37428E+06
     POWER FROM BETA  PARTICLES (MeV per Second)                             2.03770E+04
     TOTAL GAMMA POWER FROM ACTIVATION  (MeV per Second)                     1.94326E+03    Total gammas (per cc per second)      6.21949E+03
     GAMMA RAY POWER FROM ACTIVATION DECAY  MeV/s    (  0.000-  0.010 MeV)   7.76463E+01    Gammas per group (per cc per second)  7.65765E+02
                                                     (  0.010-  0.020 MeV)   1.61885E+03                                          5.32182E+03
                                                     (  0.020-  0.050 MeV)   2.97644E-07                                          4.19347E-07
                                                     (  0.050-  0.100 MeV)   1.54494E+02                                          1.01577E+02
                                                     (  0.100-  0.200 MeV)   9.22705E+01                                          3.03331E+01
                                                     (  0.200-  0.300 MeV)   0.00000E+00                                          0.00000E+00
                                                     (  0.300-  0.400 MeV)   0.00000E+00                                          0.00000E+00
                                                     (  0.400-  0.600 MeV)   0.00000E+00                                          0.00000E+00
                                                     (  0.600-  0.800 MeV)   0.00000E+00                                          0.00000E+00
                                                     (  0.800-  1.000 MeV)   0.00000E+00                                          0.00000E+00
                                                     (  1.000-  1.220 MeV)   0.00000E+00                                          0.00000E+00
                                                     (  1.220-  1.440 MeV)   0.00000E+00                                          0.00000E+00
                                                     (  1.440-  1.660 MeV)   0.00000E+00                                          0.00000E+00
                                                     (  1.660-  2.000 MeV)   0.00000E+00                                          0.00000E+00
                                                     (  2.000-  2.500 MeV)   0.00000E+00                                          0.00000E+00
                                                     (  2.500-  3.000 MeV)   0.00000E+00                                          0.00000E+00
                                                     (  3.000-  4.000 MeV)   0.00000E+00                                          0.00000E+00
                                                     (  4.000-  5.000 MeV)   0.00000E+00                                          0.00000E+00
                                                     (  5.000-  6.500 MeV)   0.00000E+00                                          0.00000E+00
                                                     (  6.500-  8.000 MeV)   0.00000E+00                                          0.00000E+00
                                                     (  8.000- 10.000 MeV)   0.00000E+00                                          0.00000E+00
                                                     ( 10.000- 12.000 MeV)   0.00000E+00                                          0.00000E+00
                                                     ( 12.000- 14.000 MeV)   0.00000E+00                                          0.00000E+00
                                                     ( 14.000- 20.000 MeV)   0.00000E+00                                          0.00000E+00

    DOSE RATE (PLANE SOURCE) FROM GAMMAS WITH ENERGY 0-20 MeV IS            6.08684E-08 Sieverts/hour   ( 6.08684E-06 Rems/hour)




                                                                           DOMINANT NUCLIDES
                                                                           -----------------

      NUCLIDE   ACTIVITY    PERCENT  NUCLIDE     HEAT      PERCENT  NUCLIDE  DOSE RATE    PERCENT  NUCLIDE  INGESTION    PERCENT  NUCLIDE  INHALATION   PERCENT 
                  (Bq)      ACTIVITY             (kW)       HEAT              (Sv/hr)    DOSE RATE            (Sv)      INGESTION            (Sv)     INHALATION
       Total   1.5633E+06             Total   1.0248E-09             Total   6.0868E-08             Total   3.5956E-01             Total   1.7196E+02
    1  Th232   1.5633E+06  10.00E+01  Th232   1.0248E-09  10.00E+01  Th232   6.0868E-08  10.00E+01  Th232   3.5956E-01  10.00E+01  Th232   1.7196E+02  10.00E+01
    2  Ra228   4.7780E-02  30.56E-07  Ra228   1.7967E-19  17.53E-09  Ra228   3.4489E-15  56.66E-07  Ra228   3.2968E-08  91.69E-07  Ra228   7.6448E-07  44.46E-08

      NUCLIDE  GAMMA HEAT   PERCENT  NUCLIDE   BETA HEAT   PERCENT 
                  (kW)       GAMMA               (kW)       BETA
       Total   3.1134E-13             Total   3.2648E-12
    1  Th232   3.1134E-13  10.00E+01  Th232   3.2648E-12  10.00E+01
    2  Ra228   1.5347E-20  49.29E-07  Ra228   1.6432E-19  50.33E-07



                                                              UNCERTAINTY ESTIMATES (cross sections only)
                                                              -------------------------------------------

    Uncertainty estimates are based on pathway analysis for the irradiation phase
    Total Activity is          1.56331E+06  +/-   0.00E+00  Bq.        Error is   0.00E+00 % of the total.

    Total Heat Production is   1.02485E-09  +/-   0.00E+00  kW.        Error is   0.00E+00 % of the total.

    Total Gamma Dose Rate is   6.08684E-08  +/-   0.00E+00  Sv/hr.     Error is   0.00E+00 % of the total.

    Total Ingestion Dose is    3.59562E-01  +/-   0.00E+00  Sv.        Error is   0.00E+00 % of the total.

    Total Inhalation Dose is   1.71964E+02  +/-   0.00E+00  Sv.        Error is   0.00E+00 % of the total.

    Total Gamma Heat Prod is   3.11344E-13  +/-   0.00E+00  kW.        Error is   0.00E+00 % of the total.

    Total Beta Heat Prod is    3.26475E-12  +/-   0.00E+00  kW.        Error is   0.00E+00 % of the total.

0   Nuclide     Atoms     E(Atoms)  Activity E(Activity)   Heat     E(Heat)  Dose Rate E(Dose Rate) Ingest   E(Ingest)   Inhale   E(Inhale)   % Error
    Th232    1.00000E+24  0.00E+00  1.563E+06  0.00E+00  1.025E-09  0.00E+00  6.087E-08  0.00E+00  3.596E-01  0.00E+00  1.720E+02  0.00E+00  0.000E+00
    Ra228    1.25081E+07  0.00E+00  4.778E-02  0.00E+00  1.797E-19  0.00E+00  3.449E-15  0.00E+00  3.297E-08  0.00E+00  7.645E-07  0.00E+00  0.000E+00
1 * * * TIME INTERVAL  11 * * * COOLING TIME IS   1.0000E+00 SECS * * * ELAPSED TIME IS   9.000 s   * * * FLUX AMP IS  0.0000E+00 /cm^2/s  * * * * * * * * * * * * * *
  NUCLIDE        ATOMS         GRAMS        Bq       b-Energy    a-Energy   g-Energy    DOSE RATE   INGESTION  INHALATION   HALF LIFE                        
                                                        kW          kW         kW         Sv/hr      DOSE(Sv)    DOSE(Sv)    seconds                         

  He  4    #  1.40714E+07   9.353E-17   0.000E+00   0.000E+00   0.00E+00   0.000E+00   0.000E+00   0.000E+00   0.000E+00     Stable                         
  Ra228       1.40714E+07   5.328E-15   5.375E-02   1.849E-19   0.00E+00   1.727E-20   3.880E-15   3.709E-08   8.600E-07   1.815E+08                        
  Th232     > 1.00000E+24   3.853E+02   1.563E+06   3.265E-12   1.02E-09   3.113E-13   6.087E-08   3.596E-01   1.720E+02   4.434E+17                        
0  TOTAL NUMBER OF NUCLIDES PRINTED IN INVENTORY =    3
0  TOTAL CURIES   TOTAL ALPHA   TOTAL BETA    TOTAL GAMMA
                  CURIE-MeV     CURIE-MeV     CURIE-MeV
   4.22517E-05   1.72278E-04   5.50729E-07   5.25205E-08
0  ALPHA BECQUERELS = 1.563311E+06  BETA BECQUERELS = 5.375147E-02  GAMMA BECQUERELS = 0.000000E+00
0  TOTAL ACTIVITY FOR ALL MATERIALS     1.56331E+06 Bq
                                        2.08348E-06 Ci/cc           DENSITY   1.90E+01 gm/cc
   TOTAL ACTIVITY EXCLUDING TRITIUM     1.56331E+06 Bq
                                        2.08348E-06 Ci/cc
0  TOTAL ALPHA HEAT PRODUCTION          1.02127E-09 kW
   TOTAL BETA  HEAT PRODUCTION          3.26475E-12 kW
   TOTAL GAMMA HEAT PRODUCTION          3.11344E-13 kW              TOTAL HEAT PRODUCTION 1.02485E-09 kW
0  INITIAL TOTAL MASS OF MATERIAL       3.85309E-01 kg              TOTAL HEAT EX TRITIUM 1.02485E-09 kW
0  TOTAL MASS OF MATERIAL               3.85309E-01 kg
   NEUTRON  FLUX DURING INTERVAL        0.00000E+00 n/cm^2/s
0  NUMBER OF FISSIONS                  -2.28695E-05                 BURN-UP OF ACTINIDES  0.00000E+00 %
0  INGESTION  HAZARD FOR ALL MATERIALS  3.59562E-01 Sv/kg
   INHALATION HAZARD FOR ALL MATERIALS  1.71964E+02 Sv/kg
0  INGESTION  HAZARD EXCLUDING TRITIUM  3.59562E-01 Sv/kg
   INHALATION HAZARD EXCLUDING TRITIUM  1.71964E+02 Sv/kg
0  GAS   RATE (a decay) =  1.56331E+06 atoms per sec =  1.56331E-12 appm/sec
0  APPM OF He  4    =  1.4071E-11



                                               COMPOSITION  OF  MATERIAL  BY  ELEMENT
                                               --------------------------------------
0                                                             BETA                     GAMMA                     ALPHA
                      ATOMS      GRAM-ATOMS     GRAMS      CURIES-MeV      kW        CURIES-MeV      kW        CURIES-MeV      kW

    2       He      1.4071E+07   2.3366E-17   9.3525E-17   0.0000E+00   0.0000E+00   0.0000E+00   0.0000E+00   0.0000E+00   0.0000E+00
   88       Ra      1.4071E+07   2.3366E-17   5.3282E-15   3.1184E-14   1.8486E-19   2.9125E-15   1.7265E-20   0.0000E+00   0.0000E+00
   90       Th      1.0000E+24   1.6605E+00   3.8531E+02   5.5073E-07   3.2648E-12   5.2520E-08   3.1134E-13   1.7228E-04   1.0213E-09



                                               GAMMA SPECTRUM AND ENERGIES/SECOND
                                               ----------------------------------

     NEUTRONS PER SECOND ARISING FROM SPONTANEOUS FISSION                    3.28295E-05    Entered density (g/cc)      19.00
     POWER FROM ALPHA PARTICLES (MeV per Second)                             6.37428E+06
     POWER FROM BETA  PARTICLES (MeV per Second)                             2.03770E+04
     TOTAL GAMMA POWER FROM ACTIVATION  (MeV per Second)                     1.94326E+03    Total gammas (per cc per second)      6.21949E+03
     GAMMA RAY POWER FROM ACTIVATION DECAY  MeV/s    (  0.000-  0.010 MeV)   7.76463E+01    Gammas per group (per cc per second)  7.65765E+02
                                                     (  0.010-  0.020 MeV)   1.61885E+03                                          5.32182E+03
                                                     (  0.020-  0.050 MeV)   3.34845E-07                                          4.71759E-07
                                                     (  0.050-  0.100 MeV)   1.54494E+02                                          1.01577E+02
                                                     (  0.100-  0.200 MeV)   9.22705E+01                                          3.03331E+01
                                                     (  0.200-  0.300 MeV)   0.00000E+00                                          0.00000E+00
                                                     (  0.300-  0.400 MeV)   0.00000E+00                                          0.00000E+00
                                                     (  0.400-  0.600 MeV)   0.00000E+00                                          0.00000E+00
                                                     (  0.600-  0.800 MeV)   0.00000E+00                                          0.00000E+00
                                                     (  0.800-  1.000 MeV)   0.00000E+00                                          0.00000E+00
                                                     (  1.000-  1.220 MeV)   0.00000E+00                                          0.00000E+00
                                                     (  1.220-  1.440 MeV)   0.00000E+00                                          0.00000E+00
                                                     (  1.440-  1.660 MeV)   0.00000E+00                                          0.00000E+00
                                                     (  1.660-  2.000 MeV)   0.00000E+00                                          0.00000E+00
                                                     (  2.000-  2.500 MeV)   0.00000E+00                                          0.00000E+00
                                                     (  2.500-  3.000 MeV)   0.00000E+00                                          0.00000E+00
                                                     (  3.000-  4.000 MeV)   0.00000E+00                                          0.00000E+00
                                                     (  4.000-  5.000 MeV)   0.00000E+00                                          0.00000E+00
                                                     (  5.000-  6.500 MeV)   0.00000E+00                                          0.00000E+00
                                                     (  6.500-  8.000 MeV)   0.00000E+00                                          0.00000E+00
                                                     (  8.000- 10.000 MeV)   0.00000E+00                                          0.00000E+00
                                                     ( 10.000- 12.000 MeV)   0.00000E+00                                          0.00000E+00
                                                     ( 12.000- 14.000 MeV)   0.00000E+00                                          0.00000E+00
                                                     ( 14.000- 20.000 MeV)   0.00000E+00                                          0.00000E+00

    DOSE RATE (PLANE SOURCE) FROM GAMMAS WITH ENERGY 0-20 MeV IS            6.08684E-08 Sieverts/hour   ( 6.08684E-06 Rems/hour)




                                                                           DOMINANT NUCLIDES
                                                                           -----------------

      NUCLIDE   ACTIVITY    PERCENT  NUCLIDE     HEAT      PERCENT  NUCLIDE  DOSE RATE    PERCENT  NUCLIDE  INGESTION    PERCENT  NUCLIDE  INHALATION   PERCENT 
                  (Bq)      ACTIVITY             (kW)       HEAT              (Sv/hr)    DOSE RATE            (Sv)      INGESTION            (Sv)     INHALATION
       Total   1.5633E+06             Total   1.0248E-09             Total   6.0868E-08             Total   3.5956E-01             Total   1.7196E+02
    1  Th232   1.5633E+06  10.00E+01  Th232   1.0248E-09  10.00E+01  Th232   6.0868E-08  10.00E+01  Th232   3.5956E-01  10.00E+01  Th232   1.7196E+02  10.00E+01
    2  Ra228   5.3751E-02  34.38E-07  Ra228   2.0213E-19  19.72E-09  Ra228   3.8800E-15  63.74E-07  Ra228   3.7089E-08  10.31E-06  Ra228   8.6002E-07  50.01E-08

      NUCLIDE  GAMMA HEAT   PERCENT  NUCLIDE   BETA HEAT   PERCENT 
                  (kW)       GAMMA               (kW)       BETA
       Total   3.1134E-13             Total   3.2648E-12
    1  Th232   3.1134E-13  10.00E+01  Th232   3.2648E-12  10.00E+01
    2  Ra228   1.7265E-20  55.45E-07  Ra228   1.8486E-19  56.62E-07



                                                              UNCERTAINTY ESTIMATES (cross sections only)
                                                              -------------------------------------------

    Uncertainty estimates are based on pathway analysis for the irradiation phase
    Total Activity is          1.56331E+06  +/-   0.00E+00  Bq.        Error is   0.00E+00 % of the total.

    Total Heat Production is   1.02485E-09  +/-   0.00E+00  kW.        Error is   0.00E+00 % of the total.

    Total Gamma Dose Rate is   6.08684E-08  +/-   0.00E+00  Sv/hr.     Error is   0.00E+00 % of the total.

    Total Ingestion Dose is    3.59562E-01  +/-   0.00E+00  Sv.        Error is   0.00E+00 % of the total.

    Total Inhalation Dose is   1.71964E+02  +/-   0.00E+00  Sv.        Error is   0.00E+00 % of the total.

    Total Gamma Heat Prod is   3.11344E-13  +/-   0.00E+00  kW.        Error is   0.00E+00 % of the total.

    Total Beta Heat Prod is    3.26475E-12  +/-   0.00E+00  kW.        Error is   0.00E+00 % of the total.

0   Nuclide     Atoms     E(Atoms)  Activity E(Activity)   Heat     E(Heat)  Dose Rate E(Dose Rate) Ingest   E(Ingest)   Inhale   E(Inhale)   % Error
    Th232    1.00000E+24  0.00E+00  1.563E+06  0.00E+00  1.025E-09  0.00E+00  6.087E-08  0.00E+00  3.596E-01  0.00E+00  1.720E+02  0.00E+00  0.000E+00
    Ra228    1.40714E+07  0.00E+00  5.375E-02  0.00E+00  2.021E-19  0.00E+00  3.880E-15  0.00E+00  3.709E-08  0.00E+00  8.600E-07  0.00E+00  0.000E+00
1 * * * TIME INTERVAL  12 * * * COOLING TIME IS   1.0000E+00 SECS * * * ELAPSED TIME IS  10.000 s   * * * FLUX AMP IS  0.0000E+00 /cm^2/s  * * * * * * * * * * * * * *
  NUCLIDE        ATOMS         GRAMS        Bq       b-Energy    a-Energy   g-Energy    DOSE RATE   INGESTION  INHALATION   HALF LIFE                        
                                                        kW          kW         kW         Sv/hr      DOSE(Sv)    DOSE(Sv)    seconds                         

  He  4    #  1.56347E+07   1.039E-16   0.000E+00   0.000E+00   0.00E+00   0.000E+00   0.000E+00   0.000E+00   0.000E+00     Stable                         
  Ra228       1.56347E+07   5.920E-15   5.972E-02   2.054E-19   0.00E+00   1.918E-20   4.311E-15   4.121E-08   9.556E-07   1.815E+08                        
  Th232     > 1.00000E+24   3.853E+02   1.563E+06   3.265E-12   1.02E-09   3.113E-13   6.087E-08   3.596E-01   1.720E+02   4.434E+17                        
0  TOTAL NUMBER OF NUCLIDES PRINTED IN INVENTORY =    3
0  TOTAL CURIES   TOTAL ALPHA   TOTAL BETA    TOTAL GAMMA
                  CURIE-MeV     CURIE-MeV     CURIE-MeV
   4.22517E-05   1.72278E-04   5.50729E-07   5.25205E-08
0  ALPHA BECQUERELS = 1.563311E+06  BETA BECQUERELS = 5.972319E-02  GAMMA BECQUERELS = 0.000000E+00
0  TOTAL ACTIVITY FOR ALL MATERIALS     1.56331E+06 Bq
                                        2.08348E-06 Ci/cc           DENSITY   1.90E+01 gm/cc
   TOTAL ACTIVITY EXCLUDING TRITIUM     1.56331E+06 Bq
                                        2.08348E-06 Ci/cc
0  TOTAL ALPHA HEAT PRODUCTION          1.02127E-09 kW
   TOTAL BETA  HEAT PRODUCTION          3.26475E-12 kW
   TOTAL GAMMA HEAT PRODUCTION          3.11344E-13 kW              TOTAL HEAT PRODUCTION 1.02485E-09 kW
0  INITIAL TOTAL MASS OF MATERIAL       3.85309E-01 kg              TOTAL HEAT EX TRITIUM 1.02485E-09 kW
0  TOTAL MASS OF MATERIAL               3.85309E-01 kg
   NEUTRON  FLUX DURING INTERVAL        0.00000E+00 n/cm^2/s
0  NUMBER OF FISSIONS                  -3.13252E-05                 BURN-UP OF ACTINIDES  0.00000E+00 %
0  INGESTION  HAZARD FOR ALL MATERIALS  3.59562E-01 Sv/kg
   INHALATION HAZARD FOR ALL MATERIALS  1.71964E+02 Sv/kg
0  INGESTION  HAZARD EXCLUDING TRITIUM  3.59562E-01 Sv/kg
   INHALATION HAZARD EXCLUDING TRITIUM  1.71964E+02 Sv/kg
0  GAS   RATE (a decay) =  1.56331E+06 atoms per sec =  1.56331E-12 appm/sec
0  APPM OF He  4    =  1.5635E-11



                                               COMPOSITION  OF  MATERIAL  BY  ELEMENT
                                               --------------------------------------
0                                                             BETA                     GAMMA                     ALPHA
                      ATOMS      GRAM-ATOMS     GRAMS      CURIES-MeV      kW        CURIES-MeV      kW        CURIES-MeV      kW

    2       He      1.5635E+07   2.5962E-17   1.0392E-16   0.0000E+00   0.0000E+00   0.0000E+00   0.0000E+00   0.0000E+00   0.0000E+00
   88       Ra      1.5635E+07   2.5962E-17   5.9201E-15   3.4649E-14   2.0540E-19   3.2360E-15   1.9183E-20   0.0000E+00   0.0000E+00
   90       Th      1.0000E+24   1.6605E+00   3.8531E+02   5.5073E-07   3.2648E-12   5.2520E-08   3.1134E-13   1.7228E-04   1.0213E-09



                                               GAMMA SPECTRUM AND ENERGIES/SECOND
                                               ----------------------------------

     NEUTRONS PER SECOND ARISING FROM SPONTANEOUS FISSION                    3.28295E-05    Entered density (g/cc)      19.00
     POWER FROM ALPHA PARTICLES (MeV per Second)                             6.37428E+06
     POWER FROM BETA  PARTICLES (MeV per Second)                             2.03770E+04
     TOTAL GAMMA POWER FROM ACTIVATION  (MeV per Second)                     1.94326E+03    Total gammas (per cc per second)      6.21949E+03
     GAMMA RAY POWER FROM ACTIVATION DECAY  MeV/s    (  0.000-  0.010 MeV)   7.76463E+01    Gammas per group (per cc per second)  7.65765E+02
                                                     (  0.010-  0.020 MeV)   1.61885E+03                                          5.32182E+03
                                                     (  0.020-  0.050 MeV)   3.72046E-07                                          5.24171E-07
                                                     (  0.050-  0.100 MeV)   1.54494E+02                                          1.01577E+02
                                                     (  0.100-  0.200 MeV)   9.22705E+01                                          3.03331E+01
                                                     (  0.200-  0.300 MeV)   0.00000E+00                                          0.00000E+00
                                                     (  0.300-  0.400 MeV)   0.00000E+00                                          0.00000E+00
                                                     (  0.400-  0.600 MeV)   0.00000E+00                                          0.00000E+00
                                                     (  0.600-  0.800 MeV)   0.00000E+00                                          0.00000E+00
                                                     (  0.800-  1.000 MeV)   0.00000E+00                                          0.00000E+00
                                                     (  1.000-  1.220 MeV)   0.00000E+00                                          0.00000E+00
                                                     (  1.220-  1.440 MeV)   0.00000E+00                                          0.00000E+00
                                                     (  1.440-  1.660 MeV)   0.00000E+00                                          0.00000E+00
                                                     (  1.660-  2.000 MeV)   0.00000E+00                                          0.00000E+00
                                                     (  2.000-  2.500 MeV)   0.00000E+00                                          0.00000E+00
                                                     (  2.500-  3.000 MeV)   0.00000E+00                                          0.00000E+00
                                                     (  3.000-  4.000 MeV)   0.00000E+00                                          0.00000E+00
                                                     (  4.000-  5.000 MeV)   0.00000E+00                                          0.00000E+00
                                                     (  5.000-  6.500 MeV)   0.00000E+00                                          0.00000E+00
                                                     (  6.500-  8.000 MeV)   0.00000E+00                                          0.00000E+00
                                                     (  8.000- 10.000 MeV)   0.00000E+00                                          0.00000E+00
                                                     ( 10.000- 12.000 MeV)   0.00000E+00                                          0.00000E+00
                                                     ( 12.000- 14.000 MeV)   0.00000E+00                                          0.00000E+00
                                                     ( 14.000- 20.000 MeV)   0.00000E+00                                          0.00000E+00

    DOSE RATE (PLANE SOURCE) FROM GAMMAS WITH ENERGY 0-20 MeV IS            6.08684E-08 Sieverts/hour   ( 6.08684E-06 Rems/hour)




                                                                           DOMINANT NUCLIDES
                                                                           -----------------

      NUCLIDE   ACTIVITY    PERCENT  NUCLIDE     HEAT      PERCENT  NUCLIDE  DOSE RATE    PERCENT  NUCLIDE  INGESTION    PERCENT  NUCLIDE  INHALATION   PERCENT 
                  (Bq)      ACTIVITY             (kW)       HEAT              (Sv/hr)    DOSE RATE            (Sv)      INGESTION            (Sv)     INHALATION
       Total   1.5633E+06             Total   1.0248E-09             Total   6.0868E-08             Total   3.5956E-01             Total   1.7196E+02
    1  Th232   1.5633E+06  10.00E+01  Th232   1.0248E-09  10.00E+01  Th232   6.0868E-08  10.00E+01  Th232   3.5956E-01  10.00E+01  Th232   1.7196E+02  10.00E+01
    2  Ra228   5.9723E-02  38.20E-07  Ra228   2.2458E-19  21.91E-09  Ra228   4.3110E-15  70.83E-07  Ra228   4.1209E-08  11.46E-06  Ra228   9.5557E-07  55.57E-08

      NUCLIDE  GAMMA HEAT   PERCENT  NUCLIDE   BETA HEAT   PERCENT 
                  (kW)       GAMMA               (kW)       BETA
       Total   3.1134E-13             Total   3.2648E-12
    1  Th232   3.1134E-13  10.00E+01  Th232   3.2648E-12  10.00E+01
    2  Ra228   1.9183E-20  61.61E-07  Ra228   2.0540E-19  62.91E-07



                                                              UNCERTAINTY ESTIMATES (cross sections only)
                                                              -------------------------------------------

    Uncertainty estimates are based on pathway analysis for the irradiation phase
    Total Activity is          1.56331E+06  +/-   0.00E+00  Bq.        Error is   0.00E+00 % of the total.

    Total Heat Production is   1.02485E-09  +/-   0.00E+00  kW.        Error is   0.00E+00 % of the total.

    Total Gamma Dose Rate is   6.08684E-08  +/-   0.00E+00  Sv/hr.     Error is   0.00E+00 % of the total.

    Total Ingestion Dose is    3.59562E-01  +/-   0.00E+00  Sv.        Error is   0.00E+00 % of the total.

    Total Inhalation Dose is   1.71964E+02  +/-   0.00E+00  Sv.        Error is   0.00E+00 % of the total.

    Total Gamma Heat Prod is   3.11344E-13  +/-   0.00E+00  kW.        Error is   0.00E+00 % of the total.

    Total Beta Heat Prod is    3.26475E-12  +/-   0.00E+00  kW.        Error is   0.00E+00 % of the total.

0   Nuclide     Atoms     E(Atoms)  Activity E(Activity)   Heat     E(Heat)  Dose Rate E(Dose Rate) Ingest   E(Ingest)   Inhale   E(Inhale)   % Error
    Th232    1.00000E+24  0.00E+00  1.563E+06  0.00E+00  1.025E-09  0.00E+00  6.087E-08  0.00E+00  3.596E-01  0.00E+00  1.720E+02  0.00E+00  0.000E+00
    Ra228    1.56347E+07  0.00E+00  5.972E-02  0.00E+00  2.246E-19  0.00E+00  4.311E-15  0.00E+00  4.121E-08  0.00E+00  9.556E-07  0.00E+00  0.000E+00
1 * * * TIME INTERVAL  13 * * * COOLING TIME IS   2.0000E+00 SECS * * * ELAPSED TIME IS  12.000 s   * * * FLUX AMP IS  0.0000E+00 /cm^2/s  * * * * * * * * * * * * * *
  NUCLIDE        ATOMS         GRAMS        Bq       b-Energy    a-Energy   g-Energy    DOSE RATE   INGESTION  INHALATION   HALF LIFE                        
                                                        kW          kW         kW         Sv/hr      DOSE(Sv)    DOSE(Sv)    seconds                         

  He  4    #  1.87613E+07   1.247E-16   0.000E+00   0.000E+00   0.00E+00   0.000E+00   0.000E+00   0.000E+00   0.000E+00     Stable                         
  Ra228       1.87613E+07   7.104E-15   7.167E-02   2.465E-19   0.00E+00   2.302E-20   5.173E-15   4.945E-08   1.147E-06   1.815E+08                        
  Th232     > 1.00000E+24   3.853E+02   1.563E+06   3.265E-12   1.02E-09   3.113E-13   6.087E-08   3.596E-01   1.720E+02   4.434E+17                        
0  TOTAL NUMBER OF NUCLIDES PRINTED IN INVENTORY =    3
0  TOTAL CURIES   TOTAL ALPHA   TOTAL BETA    TOTAL GAMMA
                  CURIE-MeV     CURIE-MeV     CURIE-MeV
   4.22517E-05   1.72278E-04   5.50729E-07   5.25205E-08
0  ALPHA BECQUERELS = 1.563311E+06  BETA BECQUERELS = 7.166663E-02  GAMMA BECQUERELS = 0.000000E+00
0  TOTAL ACTIVITY FOR ALL MATERIALS     1.56331E+06 Bq
                                        2.08348E-06 Ci/cc           DENSITY   1.90E+01 gm/cc
   TOTAL ACTIVITY EXCLUDING TRITIUM     1.56331E+06 Bq
                                        2.08348E-06 Ci/cc
0  TOTAL ALPHA HEAT PRODUCTION          1.02127E-09 kW
   TOTAL BETA  HEAT PRODUCTION          3.26475E-12 kW
   TOTAL GAMMA HEAT PRODUCTION          3.11344E-13 kW              TOTAL HEAT PRODUCTION 1.02485E-09 kW
0  INITIAL TOTAL MASS OF MATERIAL       3.85309E-01 kg              TOTAL HEAT EX TRITIUM 1.02485E-09 kW
0  TOTAL MASS OF MATERIAL               3.85309E-01 kg
   NEUTRON  FLUX DURING INTERVAL        0.00000E+00 n/cm^2/s
0  NUMBER OF FISSIONS                  -5.41248E-05                 BURN-UP OF ACTINIDES  0.00000E+00 %
0  INGESTION  HAZARD FOR ALL MATERIALS  3.59562E-01 Sv/kg
   INHALATION HAZARD FOR ALL MATERIALS  1.71964E+02 Sv/kg
0  INGESTION  HAZARD EXCLUDING TRITIUM  3.59562E-01 Sv/kg
   INHALATION HAZARD EXCLUDING TRITIUM  1.71964E+02 Sv/kg
0  GAS   RATE (a decay) =  1.56331E+06 atoms per sec =  1.56331E-12 appm/sec
0  APPM OF He  4    =  1.8761E-11



                                               COMPOSITION  OF  MATERIAL  BY  ELEMENT
                                               --------------------------------------
0                                                             BETA                     GAMMA                     ALPHA
                      ATOMS      GRAM-ATOMS     GRAMS      CURIES-MeV      kW        CURIES-MeV      kW        CURIES-MeV      kW

    2       He      1.8761E+07   3.1154E-17   1.2470E-16   0.0000E+00   0.0000E+00   0.0000E+00   0.0000E+00   0.0000E+00   0.0000E+00
   88       Ra      1.8761E+07   3.1154E-17   7.1040E-15   4.1578E-14   2.4647E-19   3.8832E-15   2.3020E-20   0.0000E+00   0.0000E+00
   90       Th      1.0000E+24   1.6605E+00   3.8531E+02   5.5073E-07   3.2648E-12   5.2520E-08   3.1134E-13   1.7228E-04   1.0213E-09



                                               GAMMA SPECTRUM AND ENERGIES/SECOND
                                               ----------------------------------

     NEUTRONS PER SECOND ARISING FROM SPONTANEOUS FISSION                    3.28295E-05    Entered density (g/cc)      19.00
     POWER FROM ALPHA PARTICLES (MeV per Second)                             6.37428E+06
     POWER FROM BETA  PARTICLES (MeV per Second)                             2.03770E+04
     TOTAL GAMMA POWER FROM ACTIVATION  (MeV per Second)                     1.94326E+03    Total gammas (per cc per second)      6.21949E+03
     GAMMA RAY POWER FROM ACTIVATION DECAY  MeV/s    (  0.000-  0.010 MeV)   7.76463E+01    Gammas per group (per cc per second)  7.65765E+02
                                                     (  0.010-  0.020 MeV)   1.61885E+03                                          5.32182E+03
                                                     (  0.020-  0.050 MeV)   4.46447E-07                                          6.28995E-07
                                                     (  0.050-  0.100 MeV)   1.54494E+02                                          1.01577E+02
                                                     (  0.100-  0.200 MeV)   9.22705E+01                                          3.03331E+01
                                                     (  0.200-  0.300 MeV)   0.00000E+00                                          0.00000E+00
                                                     (  0.300-  0.400 MeV)   0.00000E+00                                          0.00000E+00
                                                     (  0.400-  0.600 MeV)   0.00000E+00                                          0.00000E+00
                                                     (  0.600-  0.800 MeV)   0.00000E+00                                          0.00000E+00
                                                     (  0.800-  1.000 MeV)   0.00000E+00                                          0.00000E+00
                                                     (  1.000-  1.220 MeV)   0.00000E+00                                          0.00000E+00
                                                     (  1.220-  1.440 MeV)   0.00000E+00                                          0.00000E+00
                                                     (  1.440-  1.660 MeV)   0.00000E+00                                          0.00000E+00
                                                     (  1.660-  2.000 MeV)   0.00000E+00                                          0.00000E+00
                                                     (  2.000-  2.500 MeV)   0.00000E+00                                          0.00000E+00
                                                     (  2.500-  3.000 MeV)   0.00000E+00                                          0.00000E+00
                                                     (  3.000-  4.000 MeV)   0.00000E+00                                          0.00000E+00
                                                     (  4.000-  5.000 MeV)   0.00000E+00                                          0.00000E+00
                                                     (  5.000-  6.500 MeV)   0.00000E+00                                          0.00000E+00
                                                     (  6.500-  8.000 MeV)   0.00000E+00                                          0.00000E+00
                                                     (  8.000- 10.000 MeV)   0.00000E+00                                          0.00000E+00
                                                     ( 10.000- 12.000 MeV)   0.00000E+00                                          0.00000E+00
                                                     ( 12.000- 14.000 MeV)   0.00000E+00                                          0.00000E+00
                                                     ( 14.000- 20.000 MeV)   0.00000E+00                                          0.00000E+00

    DOSE RATE (PLANE SOURCE) FROM GAMMAS WITH ENERGY 0-20 MeV IS            6.08684E-08 Sieverts/hour   ( 6.08684E-06 Rems/hour)




                                                                           DOMINANT NUCLIDES
                                                                           -----------------

      NUCLIDE   ACTIVITY    PERCENT  NUCLIDE     HEAT      PERCENT  NUCLIDE  DOSE RATE    PERCENT  NUCLIDE  INGESTION    PERCENT  NUCLIDE  INHALATION   PERCENT 
                  (Bq)      ACTIVITY             (kW)       HEAT              (Sv/hr)    DOSE RATE            (Sv)      INGESTION            (Sv)     INHALATION
       Total   1.5633E+06             Total   1.0248E-09             Total   6.0868E-08             Total   3.5956E-01             Total   1.7196E+02
    1  Th232   1.5633E+06  10.00E+01  Th232   1.0248E-09  10.00E+01  Th232   6.0868E-08  10.00E+01  Th232   3.5956E-01  10.00E+01  Th232   1.7196E+02  10.00E+01
    2  Ra228   7.1667E-02  45.84E-07  Ra228   2.6949E-19  26.30E-09  Ra228   5.1731E-15  84.99E-07  Ra228   4.9450E-08  13.75E-06  Ra228   1.1467E-06  66.68E-08

      NUCLIDE  GAMMA HEAT   PERCENT  NUCLIDE   BETA HEAT   PERCENT 
                  (kW)       GAMMA               (kW)       BETA
       Total   3.1134E-13             Total   3.2648E-12
    1  Th232   3.1134E-13  10.00E+01  Th232   3.2648E-12  10.00E+01
    2  Ra228   2.3020E-20  73.94E-07  Ra228   2.4647E-19  75.50E-07



                                                              UNCERTAINTY ESTIMATES (cross sections only)
                                                              -------------------------------------------

    Uncertainty estimates are based on pathway analysis for the irradiation phase
    Total Activity is          1.56331E+06  +/-   0.00E+00  Bq.        Error is   0.00E+00 % of the total.

    Total Heat Production is   1.02485E-09  +/-   0.00E+00  kW.        Error is   0.00E+00 % of the total.

    Total Gamma Dose Rate is   6.08684E-08  +/-   0.00E+00  Sv/hr.     Error is   0.00E+00 % of the total.

    Total Ingestion Dose is    3.59562E-01  +/-   0.00E+00  Sv.        Error is   0.00E+00 % of the total.

    Total Inhalation Dose is   1.71964E+02  +/-   0.00E+00  Sv.        Error is   0.00E+00 % of the total.

    Total Gamma Heat Prod is   3.11344E-13  +/-   0.00E+00  kW.        Error is   0.00E+00 % of the total.

    Total Beta Heat Prod is    3.26475E-12  +/-   0.00E+00  kW.        Error is   0.00E+00 % of the total.

0   Nuclide     Atoms     E(Atoms)  Activity E(Activity)   Heat     E(Heat)  Dose Rate E(Dose Rate) Ingest   E(Ingest)   Inhale   E(Inhale)   % Error
    Th232    1.00000E+24  0.00E+00  1.563E+06  0.00E+00  1.025E-09  0.00E+00  6.087E-08  0.00E+00  3.596E-01  0.00E+00  1.720E+02  0.00E+00  0.000E+00
    Ra228    1.87613E+07  0.00E+00  7.167E-02  0.00E+00  2.695E-19  0.00E+00  5.173E-15  0.00E+00  4.945E-08  0.00E+00  1.147E-06  0.00E+00  0.000E+00
1 * * * TIME INTERVAL  14 * * * COOLING TIME IS   3.0000E+00 SECS * * * ELAPSED TIME IS  15.000 s   * * * FLUX AMP IS  0.0000E+00 /cm^2/s  * * * * * * * * * * * * * *
  NUCLIDE        ATOMS         GRAMS        Bq       b-Energy    a-Energy   g-Energy    DOSE RATE   INGESTION  INHALATION   HALF LIFE                        
                                                        kW          kW         kW         Sv/hr      DOSE(Sv)    DOSE(Sv)    seconds                         

  He  4    #  2.34512E+07   1.559E-16   0.000E+00   0.000E+00   0.00E+00   0.000E+00   0.000E+00   0.000E+00   0.000E+00     Stable                         
  Ra228       2.34512E+07   8.880E-15   8.958E-02   3.081E-19   0.00E+00   2.877E-20   6.466E-15   6.181E-08   1.433E-06   1.815E+08                        
  Th232     > 1.00000E+24   3.853E+02   1.563E+06   3.265E-12   1.02E-09   3.113E-13   6.087E-08   3.596E-01   1.720E+02   4.434E+17                        
0  TOTAL NUMBER OF NUCLIDES PRINTED IN INVENTORY =    3
0  TOTAL CURIES   TOTAL ALPHA   TOTAL BETA    TOTAL GAMMA
                  CURIE-MeV     CURIE-MeV     CURIE-MeV
   4.22517E-05   1.72278E-04   5.50729E-07   5.25205E-08
0  ALPHA BECQUERELS = 1.563311E+06  BETA BECQUERELS = 8.958180E-02  GAMMA BECQUERELS = 0.000000E+00
0  TOTAL ACTIVITY FOR ALL MATERIALS     1.56331E+06 Bq
                                        2.08348E-06 Ci/cc           DENSITY   1.90E+01 gm/cc
   TOTAL ACTIVITY EXCLUDING TRITIUM     1.56331E+06 Bq
                                        2.08348E-06 Ci/cc
0  TOTAL ALPHA HEAT PRODUCTION          1.02127E-09 kW
   TOTAL BETA  HEAT PRODUCTION          3.26475E-12 kW
   TOTAL GAMMA HEAT PRODUCTION          3.11344E-13 kW              TOTAL HEAT PRODUCTION 1.02485E-09 kW
0  INITIAL TOTAL MASS OF MATERIAL       3.85309E-01 kg              TOTAL HEAT EX TRITIUM 1.02485E-09 kW
0  TOTAL MASS OF MATERIAL               3.85309E-01 kg
   NEUTRON  FLUX DURING INTERVAL        0.00000E+00 n/cm^2/s
0  NUMBER OF FISSIONS                  -1.05871E-04                 BURN-UP OF ACTINIDES  0.00000E+00 %
0  INGESTION  HAZARD FOR ALL MATERIALS  3.59562E-01 Sv/kg
   INHALATION HAZARD FOR ALL MATERIALS  1.71964E+02 Sv/kg
0  INGESTION  HAZARD EXCLUDING TRITIUM  3.59562E-01 Sv/kg
   INHALATION HAZARD EXCLUDING TRITIUM  1.71964E+02 Sv/kg
0  GAS   RATE (a decay) =  1.56331E+06 atoms per sec =  1.56331E-12 appm/sec
0  APPM OF He  4    =  2.3451E-11



                                               COMPOSITION  OF  MATERIAL  BY  ELEMENT
                                               --------------------------------------
0                                                             BETA                     GAMMA                     ALPHA
                      ATOMS      GRAM-ATOMS     GRAMS      CURIES-MeV      kW        CURIES-MeV      kW        CURIES-MeV      kW

    2       He      2.3451E+07   3.8942E-17   1.5587E-16   0.0000E+00   0.0000E+00   0.0000E+00   0.0000E+00   0.0000E+00   0.0000E+00
   88       Ra      2.3451E+07   3.8942E-17   8.8799E-15   5.1971E-14   3.0809E-19   4.8539E-15   2.8774E-20   0.0000E+00   0.0000E+00
   90       Th      1.0000E+24   1.6605E+00   3.8531E+02   5.5073E-07   3.2648E-12   5.2520E-08   3.1134E-13   1.7228E-04   1.0213E-09



                                               GAMMA SPECTRUM AND ENERGIES/SECOND
                                               ----------------------------------

     NEUTRONS PER SECOND ARISING FROM SPONTANEOUS FISSION                    3.28295E-05    Entered density (g/cc)      19.00
     POWER FROM ALPHA PARTICLES (MeV per Second)                             6.37428E+06
     POWER FROM BETA  PARTICLES (MeV per Second)                             2.03770E+04
     TOTAL GAMMA POWER FROM ACTIVATION  (MeV per Second)                     1.94326E+03    Total gammas (per cc per second)      6.21949E+03
     GAMMA RAY POWER FROM ACTIVATION DECAY  MeV/s    (  0.000-  0.010 MeV)   7.76463E+01    Gammas per group (per cc per second)  7.65765E+02
                                                     (  0.010-  0.020 MeV)   1.61885E+03                                          5.32182E+03
                                                     (  0.020-  0.050 MeV)   5.58050E-07                                          7.86230E-07
                                                     (  0.050-  0.100 MeV)   1.54494E+02                                          1.01577E+02
                                                     (  0.100-  0.200 MeV)   9.22705E+01                                          3.03331E+01
                                                     (  0.200-  0.300 MeV)   0.00000E+00                                          0.00000E+00
                                                     (  0.300-  0.400 MeV)   0.00000E+00                                          0.00000E+00
                                                     (  0.400-  0.600 MeV)   0.00000E+00                                          0.00000E+00
                                                     (  0.600-  0.800 MeV)   0.00000E+00                                          0.00000E+00
                                                     (  0.800-  1.000 MeV)   0.00000E+00                                          0.00000E+00
                                                     (  1.000-  1.220 MeV)   0.00000E+00                                          0.00000E+00
                                                     (  1.220-  1.440 MeV)   0.00000E+00                                          0.00000E+00
                                                     (  1.440-  1.660 MeV)   0.00000E+00                                          0.00000E+00
                                                     (  1.660-  2.000 MeV)   0.00000E+00                                          0.00000E+00
                                                     (  2.000-  2.500 MeV)   0.00000E+00                                          0.00000E+00
                                                     (  2.500-  3.000 MeV)   0.00000E+00                                          0.00000E+00
                                                     (  3.000-  4.000 MeV)   0.00000E+00                                          0.00000E+00
                                                     (  4.000-  5.000 MeV)   0.00000E+00                                          0.00000E+00
                                                     (  5.000-  6.500 MeV)   0.00000E+00                                          0.00000E+00
                                                     (  6.500-  8.000 MeV)   0.00000E+00                                          0.00000E+00
                                                     (  8.000- 10.000 MeV)   0.00000E+00                                          0.00000E+00
                                                     ( 10.000- 12.000 MeV)   0.00000E+00                                          0.00000E+00
                                                     ( 12.000- 14.000 MeV)   0.00000E+00                                          0.00000E+00
                                                     ( 14.000- 20.000 MeV)   0.00000E+00                                          0.00000E+00

    DOSE RATE (PLANE SOURCE) FROM GAMMAS WITH ENERGY 0-20 MeV IS            6.08684E-08 Sieverts/hour   ( 6.08684E-06 Rems/hour)




                                                                           DOMINANT NUCLIDES
                                                                           -----------------

      NUCLIDE   ACTIVITY    PERCENT  NUCLIDE     HEAT      PERCENT  NUCLIDE  DOSE RATE    PERCENT  NUCLIDE  INGESTION    PERCENT  NUCLIDE  INHALATION   PERCENT 
                  (Bq)      ACTIVITY             (kW)       HEAT              (Sv/hr)    DOSE RATE            (Sv)      INGESTION            (Sv)     INHALATION
       Total   1.5633E+06             Total   1.0248E-09             Total   6.0868E-08             Total   3.5956E-01             Total   1.7196E+02
    1  Th232   1.5633E+06  10.00E+01  Th232   1.0248E-09  10.00E+01  Th232   6.0868E-08  10.00E+01  Th232   3.5956E-01  10.00E+01  Th232   1.7196E+02  10.00E+01
    2  Ra228   8.9582E-02  57.30E-07  Ra228   3.3686E-19  32.87E-09  Ra228   6.4663E-15  10.62E-06  Ra228   6.1811E-08  17.19E-06  Ra228   1.4333E-06  83.35E-08

      NUCLIDE  GAMMA HEAT   PERCENT  NUCLIDE   BETA HEAT   PERCENT 
                  (kW)       GAMMA               (kW)       BETA
       Total   3.1134E-13             Total   3.2648E-12
    1  Th232   3.1134E-13  10.00E+01  Th232   3.2648E-12  10.00E+01
    2  Ra228   2.8774E-20  92.42E-07  Ra228   3.0809E-19  94.37E-07



                                                              UNCERTAINTY ESTIMATES (cross sections only)
                                                              -------------------------------------------

    Uncertainty estimates are based on pathway analysis for the irradiation phase
    Total Activity is          1.56331E+06  +/-   0.00E+00  Bq.        Error is   0.00E+00 % of the total.

    Total Heat Production is   1.02485E-09  +/-   0.00E+00  kW.        Error is   0.00E+00 % of the total.

    Total Gamma Dose Rate is   6.08684E-08  +/-   0.00E+00  Sv/hr.     Error is   0.00E+00 % of the total.

    Total Ingestion Dose is    3.59562E-01  +/-   0.00E+00  Sv.        Error is   0.00E+00 % of the total.

    Total Inhalation Dose is   1.71964E+02  +/-   0.00E+00  Sv.        Error is   0.00E+00 % of the total.

    Total Gamma Heat Prod is   3.11344E-13  +/-   0.00E+00  kW.        Error is   0.00E+00 % of the total.

    Total Beta Heat Prod is    3.26475E-12  +/-   0.00E+00  kW.        Error is   0.00E+00 % of the total.

0   Nuclide     Atoms     E(Atoms)  Activity E(Activity)   Heat     E(Heat)  Dose Rate E(Dose Rate) Ingest   E(Ingest)   Inhale   E(Inhale)   % Error
    Th232    1.00000E+24  0.00E+00  1.563E+06  0.00E+00  1.025E-09  0.00E+00  6.087E-08  0.00E+00  3.596E-01  0.00E+00  1.720E+02  0.00E+00  0.000E+00
    Ra228    2.34512E+07  0.00E+00  8.958E-02  0.00E+00  3.369E-19  0.00E+00  6.466E-15  0.00E+00  6.181E-08  0.00E+00  1.433E-06  0.00E+00  0.000E+00
1 * * * TIME INTERVAL  15 * * * COOLING TIME IS   5.0000E+00 SECS * * * ELAPSED TIME IS  20.000 s   * * * FLUX AMP IS  0.0000E+00 /cm^2/s  * * * * * * * * * * * * * *
  NUCLIDE        ATOMS         GRAMS        Bq       b-Energy    a-Energy   g-Energy    DOSE RATE   INGESTION  INHALATION   HALF LIFE                        
                                                        kW          kW         kW         Sv/hr      DOSE(Sv)    DOSE(Sv)    seconds                         

  He  4    #  3.12678E+07   2.078E-16   0.000E+00   0.000E+00   0.00E+00   0.000E+00   0.000E+00   0.000E+00   0.000E+00     Stable                         
  Ra228       3.12678E+07   1.184E-14   1.194E-01   4.108E-19   0.00E+00   3.836E-20   8.622E-15   8.241E-08   1.911E-06   1.815E+08                        
  Ac228       1.19422E+00   4.522E-22   3.739E-05   2.637E-21   0.00E+00   5.770E-21   1.715E-14   1.608E-14   9.347E-13   2.214E+04                        
  Th232     > 1.00000E+24   3.853E+02   1.563E+06   3.265E-12   1.02E-09   3.113E-13   6.087E-08   3.596E-01   1.720E+02   4.434E+17                        
0  TOTAL NUMBER OF NUCLIDES PRINTED IN INVENTORY =    4
0  TOTAL CURIES   TOTAL ALPHA   TOTAL BETA    TOTAL GAMMA
                  CURIE-MeV     CURIE-MeV     CURIE-MeV
   4.22517E-05   1.72278E-04   5.50729E-07   5.25205E-08
0  ALPHA BECQUERELS = 1.563311E+06  BETA BECQUERELS = 1.194778E-01  GAMMA BECQUERELS = 0.000000E+00
0  TOTAL ACTIVITY FOR ALL MATERIALS     1.56331E+06 Bq
                                        2.08348E-06 Ci/cc           DENSITY   1.90E+01 gm/cc
   TOTAL ACTIVITY EXCLUDING TRITIUM     1.56331E+06 Bq
                                        2.08348E-06 Ci/cc
0  TOTAL ALPHA HEAT PRODUCTION          1.02127E-09 kW
   TOTAL BETA  HEAT PRODUCTION          3.26475E-12 kW
   TOTAL GAMMA HEAT PRODUCTION          3.11344E-13 kW              TOTAL HEAT PRODUCTION 1.02485E-09 kW
0  INITIAL TOTAL MASS OF MATERIAL       3.85309E-01 kg              TOTAL HEAT EX TRITIUM 1.02485E-09 kW
0  TOTAL MASS OF MATERIAL               3.85309E-01 kg
   NEUTRON  FLUX DURING INTERVAL        0.00000E+00 n/cm^2/s
0  NUMBER OF FISSIONS                  -2.50994E-04                 BURN-UP OF ACTINIDES  0.00000E+00 %
0  INGESTION  HAZARD FOR ALL MATERIALS  3.59562E-01 Sv/kg
   INHALATION HAZARD FOR ALL MATERIALS  1.71964E+02 Sv/kg
0  INGESTION  HAZARD EXCLUDING TRITIUM  3.59562E-01 Sv/kg
   INHALATION HAZARD EXCLUDING TRITIUM  1.71964E+02 Sv/kg
0  GAS   RATE (a decay) =  1.56331E+06 atoms per sec =  1.56331E-12 appm/sec
0  APPM OF He  4    =  3.1268E-11



                                               COMPOSITION  OF  MATERIAL  BY  ELEMENT
                                               --------------------------------------
0                                                             BETA                     GAMMA                     ALPHA
                      ATOMS      GRAM-ATOMS     GRAMS      CURIES-MeV      kW        CURIES-MeV      kW        CURIES-MeV      kW

    2       He      3.1268E+07   5.1921E-17   2.0782E-16   0.0000E+00   0.0000E+00   0.0000E+00   0.0000E+00   0.0000E+00   0.0000E+00
   88       Ra      3.1268E+07   5.1921E-17   1.1840E-14   6.9294E-14   4.1078E-19   6.4717E-15   3.8365E-20   0.0000E+00   0.0000E+00
   89       Ac      1.1942E+00   1.9830E-24   4.5220E-22   4.4479E-16   2.6368E-21   9.7335E-16   5.7701E-21   0.0000E+00   0.0000E+00
   90       Th      1.0000E+24   1.6605E+00   3.8531E+02   5.5073E-07   3.2648E-12   5.2520E-08   3.1134E-13   1.7228E-04   1.0213E-09



                                               GAMMA SPECTRUM AND ENERGIES/SECOND
                                               ----------------------------------

     NEUTRONS PER SECOND ARISING FROM SPONTANEOUS FISSION                    3.28295E-05    Entered density (g/cc)      19.00
     POWER FROM ALPHA PARTICLES (MeV per Second)                             6.37428E+06
     POWER FROM BETA  PARTICLES (MeV per Second)                             2.03770E+04
     TOTAL GAMMA POWER FROM ACTIVATION  (MeV per Second)                     1.94326E+03    Total gammas (per cc per second)      6.21949E+03
     GAMMA RAY POWER FROM ACTIVATION DECAY  MeV/s    (  0.000-  0.010 MeV)   7.76463E+01    Gammas per group (per cc per second)  7.65765E+02
                                                     (  0.010-  0.020 MeV)   1.61885E+03                                          5.32182E+03
                                                     (  0.020-  0.050 MeV)   7.44054E-07                                          1.04829E-06
                                                     (  0.050-  0.100 MeV)   1.54494E+02                                          1.01577E+02
                                                     (  0.100-  0.200 MeV)   9.22705E+01                                          3.03331E+01
                                                     (  0.200-  0.300 MeV)   8.01478E-07                                          1.58087E-07
                                                     (  0.300-  0.400 MeV)   2.09486E-06                                          2.95143E-07
                                                     (  0.400-  0.600 MeV)   1.80060E-06                                          1.77579E-07
                                                     (  0.600-  0.800 MeV)   2.91893E-06                                          2.05623E-07
                                                     (  0.800-  1.000 MeV)   1.99456E-05                                          1.09282E-06
                                                     (  1.000-  1.220 MeV)   5.89499E-07                                          2.61882E-08
                                                     (  1.220-  1.440 MeV)   4.88014E-07                                          1.80936E-08
                                                     (  1.440-  1.660 MeV)   6.09954E-06                                          1.94048E-07
                                                     (  1.660-  2.000 MeV)   6.70997E-07                                          1.80807E-08
                                                     (  2.000-  2.500 MeV)   0.00000E+00                                          0.00000E+00
                                                     (  2.500-  3.000 MeV)   0.00000E+00                                          0.00000E+00
                                                     (  3.000-  4.000 MeV)   0.00000E+00                                          0.00000E+00
                                                     (  4.000-  5.000 MeV)   0.00000E+00                                          0.00000E+00
                                                     (  5.000-  6.500 MeV)   0.00000E+00                                          0.00000E+00
                                                     (  6.500-  8.000 MeV)   0.00000E+00                                          0.00000E+00
                                                     (  8.000- 10.000 MeV)   0.00000E+00                                          0.00000E+00
                                                     ( 10.000- 12.000 MeV)   0.00000E+00                                          0.00000E+00
                                                     ( 12.000- 14.000 MeV)   0.00000E+00                                          0.00000E+00
                                                     ( 14.000- 20.000 MeV)   0.00000E+00                                          0.00000E+00

    DOSE RATE (PLANE SOURCE) FROM GAMMAS WITH ENERGY 0-20 MeV IS            6.08684E-08 Sieverts/hour   ( 6.08684E-06 Rems/hour)




                                                                           DOMINANT NUCLIDES
                                                                           -----------------

      NUCLIDE   ACTIVITY    PERCENT  NUCLIDE     HEAT      PERCENT  NUCLIDE  DOSE RATE    PERCENT  NUCLIDE  INGESTION    PERCENT  NUCLIDE  INHALATION   PERCENT 
                  (Bq)      ACTIVITY             (kW)       HEAT              (Sv/hr)    DOSE RATE            (Sv)      INGESTION            (Sv)     INHALATION
       Total   1.5633E+06             Total   1.0248E-09             Total   6.0868E-08             Total   3.5956E-01             Total   1.7196E+02
    1  Th232   1.5633E+06  10.00E+01  Th232   1.0248E-09  10.00E+01  Th232   6.0868E-08  10.00E+01  Th232   3.5956E-01  10.00E+01  Th232   1.7196E+02  10.00E+01
    2  Ra228   1.1944E-01  76.40E-07  Ra228   4.4914E-19  43.83E-09  Ac228   1.7155E-14  28.18E-06  Ra228   8.2414E-08  22.92E-06  Ra228   1.9110E-06  11.11E-07
    3  Ac228   3.7388E-05  23.92E-10  Ac228   8.4068E-21  82.03E-11  Ra228   8.6216E-15  14.16E-06  Ac228   1.6077E-14  44.71E-13  Ac228   9.3470E-13  54.35E-14

      NUCLIDE  GAMMA HEAT   PERCENT  NUCLIDE   BETA HEAT   PERCENT 
                  (kW)       GAMMA               (kW)       BETA
       Total   3.1134E-13             Total   3.2648E-12
    1  Th232   3.1134E-13  10.00E+01  Th232   3.2648E-12  10.00E+01
    2  Ra228   3.8365E-20  12.32E-06  Ra228   4.1078E-19  12.58E-06
    3  Ac228   5.7701E-21  18.53E-07  Ac228   2.6368E-21  80.76E-09



                                                              UNCERTAINTY ESTIMATES (cross sections only)
                                                              -------------------------------------------

    Uncertainty estimates are based on pathway analysis for the irradiation phase
    Total Activity is          1.56331E+06  +/-   0.00E+00  Bq.        Error is   0.00E+00 % of the total.

    Total Heat Production is   1.02485E-09  +/-   0.00E+00  kW.        Error is   0.00E+00 % of the total.

    Total Gamma Dose Rate is   6.08684E-08  +/-   0.00E+00  Sv/hr.     Error is   0.00E+00 % of the total.

    Total Ingestion Dose is    3.59562E-01  +/-   0.00E+00  Sv.        Error is   0.00E+00 % of the total.

    Total Inhalation Dose is   1.71964E+02  +/-   0.00E+00  Sv.        Error is   0.00E+00 % of the total.

    Total Gamma Heat Prod is   3.11344E-13  +/-   0.00E+00  kW.        Error is   0.00E+00 % of the total.

    Total Beta Heat Prod is    3.26475E-12  +/-   0.00E+00  kW.        Error is   0.00E+00 % of the total.

0   Nuclide     Atoms     E(Atoms)  Activity E(Activity)   Heat     E(Heat)  Dose Rate E(Dose Rate) Ingest   E(Ingest)   Inhale   E(Inhale)   % Error
    Th232    1.00000E+24  0.00E+00  1.563E+06  0.00E+00  1.025E-09  0.00E+00  6.087E-08  0.00E+00  3.596E-01  0.00E+00  1.720E+02  0.00E+00  0.000E+00
    Ra228    3.12678E+07  0.00E+00  1.194E-01  0.00E+00  4.491E-19  0.00E+00  8.622E-15  0.00E+00  8.241E-08  0.00E+00  1.911E-06  0.00E+00  0.000E+00
1 * * * TIME INTERVAL  16 * * * COOLING TIME IS   1.0000E+01 SECS * * * ELAPSED TIME IS  30.000 s   * * * FLUX AMP IS  0.0000E+00 /cm^2/s  * * * * * * * * * * * * * *
  NUCLIDE        ATOMS         GRAMS        Bq       b-Energy    a-Energy   g-Energy    DOSE RATE   INGESTION  INHALATION   HALF LIFE                        
                                                        kW          kW         kW         Sv/hr      DOSE(Sv)    DOSE(Sv)    seconds                         

  He  4    #  4.69009E+07   3.117E-16   0.000E+00   0.000E+00   0.00E+00   0.000E+00   0.000E+00   0.000E+00   0.000E+00     Stable                         
  Ra228       4.69009E+07   1.776E-14   1.792E-01   6.162E-19   0.00E+00   5.755E-20   1.293E-14   1.236E-07   2.867E-06   1.815E+08                        
  Ac228       2.68661E+00   1.017E-21   8.411E-05   5.932E-21   0.00E+00   1.298E-20   3.859E-14   3.617E-14   2.103E-12   2.214E+04                        
  Th232     > 1.00000E+24   3.853E+02   1.563E+06   3.265E-12   1.02E-09   3.113E-13   6.087E-08   3.596E-01   1.720E+02   4.434E+17                        
0  TOTAL NUMBER OF NUCLIDES PRINTED IN INVENTORY =    4
0  TOTAL CURIES   TOTAL ALPHA   TOTAL BETA    TOTAL GAMMA
                  CURIE-MeV     CURIE-MeV     CURIE-MeV
   4.22517E-05   1.72278E-04   5.50729E-07   5.25205E-08
0  ALPHA BECQUERELS = 1.563311E+06  BETA BECQUERELS = 1.792417E-01  GAMMA BECQUERELS = 0.000000E+00
0  TOTAL ACTIVITY FOR ALL MATERIALS     1.56331E+06 Bq
                                        2.08348E-06 Ci/cc           DENSITY   1.90E+01 gm/cc
   TOTAL ACTIVITY EXCLUDING TRITIUM     1.56331E+06 Bq
                                        2.08348E-06 Ci/cc
0  TOTAL ALPHA HEAT PRODUCTION          1.02127E-09 kW
   TOTAL BETA  HEAT PRODUCTION          3.26475E-12 kW
   TOTAL GAMMA HEAT PRODUCTION          3.11344E-13 kW              TOTAL HEAT PRODUCTION 1.02485E-09 kW
0  INITIAL TOTAL MASS OF MATERIAL       3.85309E-01 kg              TOTAL HEAT EX TRITIUM 1.02485E-09 kW
0  TOTAL MASS OF MATERIAL               3.85309E-01 kg
   NEUTRON  FLUX DURING INTERVAL        0.00000E+00 n/cm^2/s
0  NUMBER OF FISSIONS                  -8.52511E-04                 BURN-UP OF ACTINIDES  0.00000E+00 %
0  INGESTION  HAZARD FOR ALL MATERIALS  3.59562E-01 Sv/kg
   INHALATION HAZARD FOR ALL MATERIALS  1.71964E+02 Sv/kg
0  INGESTION  HAZARD EXCLUDING TRITIUM  3.59562E-01 Sv/kg
   INHALATION HAZARD EXCLUDING TRITIUM  1.71964E+02 Sv/kg
0  GAS   RATE (a decay) =  1.56331E+06 atoms per sec =  1.56331E-12 appm/sec
0  APPM OF He  4    =  4.6901E-11



                                               COMPOSITION  OF  MATERIAL  BY  ELEMENT
                                               --------------------------------------
0                                                             BETA                     GAMMA                     ALPHA
                      ATOMS      GRAM-ATOMS     GRAMS      CURIES-MeV      kW        CURIES-MeV      kW        CURIES-MeV      kW

    2       He      4.6901E+07   7.7881E-17   3.1173E-16   0.0000E+00   0.0000E+00   0.0000E+00   0.0000E+00   0.0000E+00   0.0000E+00
   88       Ra      4.6901E+07   7.7881E-17   1.7759E-14   1.0394E-13   6.1616E-19   9.7074E-15   5.7546E-20   0.0000E+00   0.0000E+00
   89       Ac      2.6866E+00   4.4612E-24   1.0173E-21   1.0006E-15   5.9318E-21   2.1897E-15   1.2981E-20   0.0000E+00   0.0000E+00
   90       Th      1.0000E+24   1.6605E+00   3.8531E+02   5.5073E-07   3.2648E-12   5.2520E-08   3.1134E-13   1.7228E-04   1.0213E-09



                                               GAMMA SPECTRUM AND ENERGIES/SECOND
                                               ----------------------------------

     NEUTRONS PER SECOND ARISING FROM SPONTANEOUS FISSION                    3.28295E-05    Entered density (g/cc)      19.00
     POWER FROM ALPHA PARTICLES (MeV per Second)                             6.37428E+06
     POWER FROM BETA  PARTICLES (MeV per Second)                             2.03770E+04
     TOTAL GAMMA POWER FROM ACTIVATION  (MeV per Second)                     1.94326E+03    Total gammas (per cc per second)      6.21949E+03
     GAMMA RAY POWER FROM ACTIVATION DECAY  MeV/s    (  0.000-  0.010 MeV)   7.76463E+01    Gammas per group (per cc per second)  7.65765E+02
                                                     (  0.010-  0.020 MeV)   1.61885E+03                                          5.32182E+03
                                                     (  0.020-  0.050 MeV)   1.11606E-06                                          1.57241E-06
                                                     (  0.050-  0.100 MeV)   1.54494E+02                                          1.01577E+02
                                                     (  0.100-  0.200 MeV)   9.22705E+01                                          3.03331E+01
                                                     (  0.200-  0.300 MeV)   1.80307E-06                                          3.55645E-07
                                                     (  0.300-  0.400 MeV)   4.71277E-06                                          6.63977E-07
                                                     (  0.400-  0.600 MeV)   4.05077E-06                                          3.99496E-07
                                                     (  0.600-  0.800 MeV)   6.56666E-06                                          4.62585E-07
                                                     (  0.800-  1.000 MeV)   4.48711E-05                                          2.45849E-06
                                                     (  1.000-  1.220 MeV)   1.32618E-06                                          5.89149E-08
                                                     (  1.220-  1.440 MeV)   1.09787E-06                                          4.07048E-08
                                                     (  1.440-  1.660 MeV)   1.37220E-05                                          4.36546E-07
                                                     (  1.660-  2.000 MeV)   1.50953E-06                                          4.06757E-08
                                                     (  2.000-  2.500 MeV)   0.00000E+00                                          0.00000E+00
                                                     (  2.500-  3.000 MeV)   0.00000E+00                                          0.00000E+00
                                                     (  3.000-  4.000 MeV)   0.00000E+00                                          0.00000E+00
                                                     (  4.000-  5.000 MeV)   0.00000E+00                                          0.00000E+00
                                                     (  5.000-  6.500 MeV)   0.00000E+00                                          0.00000E+00
                                                     (  6.500-  8.000 MeV)   0.00000E+00                                          0.00000E+00
                                                     (  8.000- 10.000 MeV)   0.00000E+00                                          0.00000E+00
                                                     ( 10.000- 12.000 MeV)   0.00000E+00                                          0.00000E+00
                                                     ( 12.000- 14.000 MeV)   0.00000E+00                                          0.00000E+00
                                                     ( 14.000- 20.000 MeV)   0.00000E+00                                          0.00000E+00

    DOSE RATE (PLANE SOURCE) FROM GAMMAS WITH ENERGY 0-20 MeV IS            6.08684E-08 Sieverts/hour   ( 6.08684E-06 Rems/hour)




                                                                           DOMINANT NUCLIDES
                                                                           -----------------

      NUCLIDE   ACTIVITY    PERCENT  NUCLIDE     HEAT      PERCENT  NUCLIDE  DOSE RATE    PERCENT  NUCLIDE  INGESTION    PERCENT  NUCLIDE  INHALATION   PERCENT 
                  (Bq)      ACTIVITY             (kW)       HEAT              (Sv/hr)    DOSE RATE            (Sv)      INGESTION            (Sv)     INHALATION
       Total   1.5633E+06             Total   1.0248E-09             Total   6.0868E-08             Total   3.5956E-01             Total   1.7196E+02
    1  Th232   1.5633E+06  10.00E+01  Th232   1.0248E-09  10.00E+01  Th232   6.0868E-08  10.00E+01  Th232   3.5956E-01  10.00E+01  Th232   1.7196E+02  10.00E+01
    2  Ra228   1.7916E-01  11.46E-06  Ra228   6.7370E-19  65.74E-09  Ac228   3.8593E-14  63.40E-06  Ra228   1.2362E-07  34.38E-06  Ra228   2.8665E-06  16.67E-07
    3  Ac228   8.4111E-05  53.80E-10  Ac228   1.8913E-20  18.45E-10  Ra228   1.2932E-14  21.25E-06  Ac228   3.6168E-14  10.06E-12  Ac228   2.1028E-12  12.23E-13

      NUCLIDE  GAMMA HEAT   PERCENT  NUCLIDE   BETA HEAT   PERCENT 
                  (kW)       GAMMA               (kW)       BETA
       Total   3.1134E-13             Total   3.2648E-12
    1  Th232   3.1134E-13  10.00E+01  Th232   3.2648E-12  10.00E+01
    2  Ra228   5.7546E-20  18.48E-06  Ra228   6.1616E-19  18.87E-06
    3  Ac228   1.2981E-20  41.69E-07  Ac228   5.9318E-21  18.17E-08



                                                              UNCERTAINTY ESTIMATES (cross sections only)
                                                              -------------------------------------------

    Uncertainty estimates are based on pathway analysis for the irradiation phase
    Total Activity is          1.56331E+06  +/-   0.00E+00  Bq.        Error is   0.00E+00 % of the total.

    Total Heat Production is   1.02485E-09  +/-   0.00E+00  kW.        Error is   0.00E+00 % of the total.

    Total Gamma Dose Rate is   6.08684E-08  +/-   0.00E+00  Sv/hr.     Error is   0.00E+00 % of the total.

    Total Ingestion Dose is    3.59562E-01  +/-   0.00E+00  Sv.        Error is   0.00E+00 % of the total.

    Total Inhalation Dose is   1.71964E+02  +/-   0.00E+00  Sv.        Error is   0.00E+00 % of the total.

    Total Gamma Heat Prod is   3.11344E-13  +/-   0.00E+00  kW.        Error is   0.00E+00 % of the total.

    Total Beta Heat Prod is    3.26475E-12  +/-   0.00E+00  kW.        Error is   0.00E+00 % of the total.

0   Nuclide     Atoms     E(Atoms)  Activity E(Activity)   Heat     E(Heat)  Dose Rate E(Dose Rate) Ingest   E(Ingest)   Inhale   E(Inhale)   % Error
    Th232    1.00000E+24  0.00E+00  1.563E+06  0.00E+00  1.025E-09  0.00E+00  6.087E-08  0.00E+00  3.596E-01  0.00E+00  1.720E+02  0.00E+00  0.000E+00
    Ra228    4.69009E+07  0.00E+00  1.792E-01  0.00E+00  6.737E-19  0.00E+00  1.293E-14  0.00E+00  1.236E-07  0.00E+00  2.867E-06  0.00E+00  0.000E+00
1 * * * TIME INTERVAL  17 * * * COOLING TIME IS   2.0000E+01 SECS * * * ELAPSED TIME IS  50.000 s   * * * FLUX AMP IS  0.0000E+00 /cm^2/s  * * * * * * * * * * * * * *
  NUCLIDE        ATOMS         GRAMS        Bq       b-Energy    a-Energy   g-Energy    DOSE RATE   INGESTION  INHALATION   HALF LIFE                        
                                                        kW          kW         kW         Sv/hr      DOSE(Sv)    DOSE(Sv)    seconds                         

  He  4    #  7.81671E+07   5.195E-16   0.000E+00   0.000E+00   0.00E+00   0.000E+00   0.000E+00   0.000E+00   0.000E+00     Stable                         
  Ra228       7.81671E+07   2.960E-14   2.986E-01   1.027E-18   0.00E+00   9.591E-20   2.155E-14   2.060E-07   4.777E-06   1.815E+08                        
  Ac228       7.46100E+00   2.825E-21   2.336E-04   1.647E-20   0.00E+00   3.605E-20   1.072E-13   1.004E-13   5.840E-12   2.214E+04                        
  Th232     > 1.00000E+24   3.853E+02   1.563E+06   3.265E-12   1.02E-09   3.113E-13   6.087E-08   3.596E-01   1.720E+02   4.434E+17                        
0  TOTAL NUMBER OF NUCLIDES PRINTED IN INVENTORY =    4
0  TOTAL CURIES   TOTAL ALPHA   TOTAL BETA    TOTAL GAMMA
                  CURIE-MeV     CURIE-MeV     CURIE-MeV
   4.22517E-05   1.72278E-04   5.50729E-07   5.25205E-08
0  ALPHA BECQUERELS = 1.563311E+06  BETA BECQUERELS = 2.988256E-01  GAMMA BECQUERELS = 0.000000E+00
0  TOTAL ACTIVITY FOR ALL MATERIALS     1.56331E+06 Bq
                                        2.08348E-06 Ci/cc           DENSITY   1.90E+01 gm/cc
   TOTAL ACTIVITY EXCLUDING TRITIUM     1.56331E+06 Bq
                                        2.08348E-06 Ci/cc
0  TOTAL ALPHA HEAT PRODUCTION          1.02127E-09 kW
   TOTAL BETA  HEAT PRODUCTION          3.26475E-12 kW
   TOTAL GAMMA HEAT PRODUCTION          3.11344E-13 kW              TOTAL HEAT PRODUCTION 1.02485E-09 kW
0  INITIAL TOTAL MASS OF MATERIAL       3.85309E-01 kg              TOTAL HEAT EX TRITIUM 1.02485E-09 kW
0  TOTAL MASS OF MATERIAL               3.85309E-01 kg
   NEUTRON  FLUX DURING INTERVAL        0.00000E+00 n/cm^2/s
0  NUMBER OF FISSIONS                  -3.95802E-03                 BURN-UP OF ACTINIDES  0.00000E+00 %
0  INGESTION  HAZARD FOR ALL MATERIALS  3.59562E-01 Sv/kg
   INHALATION HAZARD FOR ALL MATERIALS  1.71964E+02 Sv/kg
0  INGESTION  HAZARD EXCLUDING TRITIUM  3.59562E-01 Sv/kg
   INHALATION HAZARD EXCLUDING TRITIUM  1.71964E+02 Sv/kg
0  GAS   RATE (a decay) =  1.56331E+06 atoms per sec =  1.56331E-12 appm/sec
0  APPM OF He  4    =  7.8167E-11



                                               COMPOSITION  OF  MATERIAL  BY  ELEMENT
                                               --------------------------------------
0                                                             BETA                     GAMMA                     ALPHA
                      ATOMS      GRAM-ATOMS     GRAMS      CURIES-MeV      kW        CURIES-MeV      kW        CURIES-MeV      kW

    2       He      7.8167E+07   1.2980E-16   5.1954E-16   0.0000E+00   0.0000E+00   0.0000E+00   0.0000E+00   0.0000E+00   0.0000E+00
   88       Ra      7.8167E+07   1.2980E-16   2.9598E-14   1.7323E-13   1.0269E-18   1.6179E-14   9.5909E-20   0.0000E+00   0.0000E+00
   89       Ac      7.4610E+00   1.2389E-23   2.8251E-21   2.7789E-15   1.6473E-20   6.0811E-15   3.6049E-20   0.0000E+00   0.0000E+00
   90       Th      1.0000E+24   1.6605E+00   3.8531E+02   5.5073E-07   3.2648E-12   5.2520E-08   3.1134E-13   1.7228E-04   1.0213E-09



                                               GAMMA SPECTRUM AND ENERGIES/SECOND
                                               ----------------------------------

     NEUTRONS PER SECOND ARISING FROM SPONTANEOUS FISSION                    3.28295E-05    Entered density (g/cc)      19.00
     POWER FROM ALPHA PARTICLES (MeV per Second)                             6.37428E+06
     POWER FROM BETA  PARTICLES (MeV per Second)                             2.03770E+04
     TOTAL GAMMA POWER FROM ACTIVATION  (MeV per Second)                     1.94326E+03    Total gammas (per cc per second)      6.21949E+03
     GAMMA RAY POWER FROM ACTIVATION DECAY  MeV/s    (  0.000-  0.010 MeV)   7.76464E+01    Gammas per group (per cc per second)  7.65766E+02
                                                     (  0.010-  0.020 MeV)   1.61885E+03                                          5.32182E+03
                                                     (  0.020-  0.050 MeV)   1.86008E-06                                          2.62065E-06
                                                     (  0.050-  0.100 MeV)   1.54494E+02                                          1.01577E+02
                                                     (  0.100-  0.200 MeV)   9.22705E+01                                          3.03331E+01
                                                     (  0.200-  0.300 MeV)   5.00731E-06                                          9.87665E-07
                                                     (  0.300-  0.400 MeV)   1.30879E-05                                          1.84393E-06
                                                     (  0.400-  0.600 MeV)   1.12494E-05                                          1.10944E-06
                                                     (  0.600-  0.800 MeV)   1.82363E-05                                          1.28465E-06
                                                     (  0.800-  1.000 MeV)   1.24612E-04                                          6.82750E-06
                                                     (  1.000-  1.220 MeV)   3.68295E-06                                          1.63613E-07
                                                     (  1.220-  1.440 MeV)   3.04892E-06                                          1.13042E-07
                                                     (  1.440-  1.660 MeV)   3.81075E-05                                          1.21234E-06
                                                     (  1.660-  2.000 MeV)   4.19212E-06                                          1.12961E-07
                                                     (  2.000-  2.500 MeV)   0.00000E+00                                          0.00000E+00
                                                     (  2.500-  3.000 MeV)   0.00000E+00                                          0.00000E+00
                                                     (  3.000-  4.000 MeV)   0.00000E+00                                          0.00000E+00
                                                     (  4.000-  5.000 MeV)   0.00000E+00                                          0.00000E+00
                                                     (  5.000-  6.500 MeV)   0.00000E+00                                          0.00000E+00
                                                     (  6.500-  8.000 MeV)   0.00000E+00                                          0.00000E+00
                                                     (  8.000- 10.000 MeV)   0.00000E+00                                          0.00000E+00
                                                     ( 10.000- 12.000 MeV)   0.00000E+00                                          0.00000E+00
                                                     ( 12.000- 14.000 MeV)   0.00000E+00                                          0.00000E+00
                                                     ( 14.000- 20.000 MeV)   0.00000E+00                                          0.00000E+00

    DOSE RATE (PLANE SOURCE) FROM GAMMAS WITH ENERGY 0-20 MeV IS            6.08685E-08 Sieverts/hour   ( 6.08685E-06 Rems/hour)




                                                                           DOMINANT NUCLIDES
                                                                           -----------------

      NUCLIDE   ACTIVITY    PERCENT  NUCLIDE     HEAT      PERCENT  NUCLIDE  DOSE RATE    PERCENT  NUCLIDE  INGESTION    PERCENT  NUCLIDE  INHALATION   PERCENT 
                  (Bq)      ACTIVITY             (kW)       HEAT              (Sv/hr)    DOSE RATE            (Sv)      INGESTION            (Sv)     INHALATION
       Total   1.5633E+06             Total   1.0248E-09             Total   6.0868E-08             Total   3.5956E-01             Total   1.7196E+02
    1  Th232   1.5633E+06  10.00E+01  Th232   1.0248E-09  10.00E+01  Th232   6.0868E-08  10.00E+01  Th232   3.5956E-01  10.00E+01  Th232   1.7196E+02  10.00E+01
    2  Ra228   2.9859E-01  19.10E-06  Ra228   1.1228E-18  10.96E-08  Ac228   1.0718E-13  17.61E-05  Ra228   2.0603E-07  57.30E-06  Ra228   4.7775E-06  27.78E-07
    3  Ac228   2.3358E-04  14.94E-09  Ac228   5.2522E-20  51.25E-10  Ra228   2.1553E-14  35.41E-06  Ac228   1.0044E-13  27.93E-12  Ac228   5.8396E-12  33.96E-13

      NUCLIDE  GAMMA HEAT   PERCENT  NUCLIDE   BETA HEAT   PERCENT 
                  (kW)       GAMMA               (kW)       BETA
       Total   3.1134E-13             Total   3.2648E-12
    1  Th232   3.1134E-13  10.00E+01  Th232   3.2648E-12  10.00E+01
    2  Ra228   9.5909E-20  30.80E-06  Ra228   1.0269E-18  31.45E-06
    3  Ac228   3.6049E-20  11.58E-06  Ac228   1.6473E-20  50.46E-08



                                                              UNCERTAINTY ESTIMATES (cross sections only)
                                                              -------------------------------------------

    Uncertainty estimates are based on pathway analysis for the irradiation phase
    Total Activity is          1.56331E+06  +/-   0.00E+00  Bq.        Error is   0.00E+00 % of the total.

    Total Heat Production is   1.02485E-09  +/-   0.00E+00  kW.        Error is   0.00E+00 % of the total.

    Total Gamma Dose Rate is   6.08685E-08  +/-   0.00E+00  Sv/hr.     Error is   0.00E+00 % of the total.

    Total Ingestion Dose is    3.59562E-01  +/-   0.00E+00  Sv.        Error is   0.00E+00 % of the total.

    Total Inhalation Dose is   1.71964E+02  +/-   0.00E+00  Sv.        Error is   0.00E+00 % of the total.

    Total Gamma Heat Prod is   3.11344E-13  +/-   0.00E+00  kW.        Error is   0.00E+00 % of the total.

    Total Beta Heat Prod is    3.26475E-12  +/-   0.00E+00  kW.        Error is   0.00E+00 % of the total.

0   Nuclide     Atoms     E(Atoms)  Activity E(Activity)   Heat     E(Heat)  Dose Rate E(Dose Rate) Ingest   E(Ingest)   Inhale   E(Inhale)   % Error
    Th232    1.00000E+24  0.00E+00  1.563E+06  0.00E+00  1.025E-09  0.00E+00  6.087E-08  0.00E+00  3.596E-01  0.00E+00  1.720E+02  0.00E+00  0.000E+00
    Ra228    7.81671E+07  0.00E+00  2.986E-01  0.00E+00  1.123E-18  0.00E+00  2.155E-14  0.00E+00  2.060E-07  0.00E+00  4.777E-06  0.00E+00  0.000E+00
1 * * * TIME INTERVAL  18 * * * COOLING TIME IS   2.5000E+01 SECS * * * ELAPSED TIME IS   1.250 m   * * * FLUX AMP IS  0.0000E+00 /cm^2/s  * * * * * * * * * * * * * *
  NUCLIDE        ATOMS         GRAMS        Bq       b-Energy    a-Energy   g-Energy    DOSE RATE   INGESTION  INHALATION   HALF LIFE                        
                                                        kW          kW         kW         Sv/hr      DOSE(Sv)    DOSE(Sv)    seconds                         

  He  4    #  1.17250E+08   7.793E-16   0.000E+00   0.000E+00   0.00E+00   0.000E+00   0.000E+00   0.000E+00   0.000E+00     Stable                         
  Ra228       1.17250E+08   4.440E-14   4.479E-01   1.540E-18   0.00E+00   1.439E-19   3.233E-14   3.090E-07   7.166E-06   1.815E+08                        
  Ac228       1.67826E+01   6.355E-21   5.254E-04   3.705E-20   0.00E+00   8.109E-20   2.411E-13   2.259E-13   1.314E-11   2.214E+04                        
  Th232     > 1.00000E+24   3.853E+02   1.563E+06   3.265E-12   1.02E-09   3.113E-13   6.087E-08   3.596E-01   1.720E+02   4.434E+17                        
0  TOTAL NUMBER OF NUCLIDES PRINTED IN INVENTORY =    4
0  TOTAL CURIES   TOTAL ALPHA   TOTAL BETA    TOTAL GAMMA
                  CURIE-MeV     CURIE-MeV     CURIE-MeV
   4.22517E-05   1.72278E-04   5.50729E-07   5.25205E-08
0  ALPHA BECQUERELS = 1.563311E+06  BETA BECQUERELS = 4.484105E-01  GAMMA BECQUERELS = 0.000000E+00
0  TOTAL ACTIVITY FOR ALL MATERIALS     1.56331E+06 Bq
                                        2.08348E-06 Ci/cc           DENSITY   1.90E+01 gm/cc
   TOTAL ACTIVITY EXCLUDING TRITIUM     1.56331E+06 Bq
                                        2.08348E-06 Ci/cc
0  TOTAL ALPHA HEAT PRODUCTION          1.02127E-09 kW
   TOTAL BETA  HEAT PRODUCTION          3.26475E-12 kW
   TOTAL GAMMA HEAT PRODUCTION          3.11345E-13 kW              TOTAL HEAT PRODUCTION 1.02485E-09 kW
0  INITIAL TOTAL MASS OF MATERIAL       3.85309E-01 kg              TOTAL HEAT EX TRITIUM 1.02485E-09 kW
0  TOTAL MASS OF MATERIAL               3.85309E-01 kg
   NEUTRON  FLUX DURING INTERVAL        0.00000E+00 n/cm^2/s
0  NUMBER OF FISSIONS                  -1.33076E-02                 BURN-UP OF ACTINIDES  0.00000E+00 %
0  INGESTION  HAZARD FOR ALL MATERIALS  3.59562E-01 Sv/kg
   INHALATION HAZARD FOR ALL MATERIALS  1.71964E+02 Sv/kg
0  INGESTION  HAZARD EXCLUDING TRITIUM  3.59562E-01 Sv/kg
   INHALATION HAZARD EXCLUDING TRITIUM  1.71964E+02 Sv/kg
0  GAS   RATE (a decay) =  1.56331E+06 atoms per sec =  1.56331E-12 appm/sec
0  APPM OF He  4    =  1.1725E-10



                                               COMPOSITION  OF  MATERIAL  BY  ELEMENT
                                               --------------------------------------
0                                                             BETA                     GAMMA                     ALPHA
                      ATOMS      GRAM-ATOMS     GRAMS      CURIES-MeV      kW        CURIES-MeV      kW        CURIES-MeV      kW

    2       He      1.1725E+08   1.9470E-16   7.7930E-16   0.0000E+00   0.0000E+00   0.0000E+00   0.0000E+00   0.0000E+00   0.0000E+00
   88       Ra      1.1725E+08   1.9470E-16   4.4397E-14   2.5984E-13   1.5404E-18   2.4268E-14   1.4386E-19   0.0000E+00   0.0000E+00
   89       Ac      1.6783E+01   2.7868E-23   6.3548E-21   6.2508E-15   3.7055E-20   1.3679E-14   8.1088E-20   0.0000E+00   0.0000E+00
   90       Th      1.0000E+24   1.6605E+00   3.8531E+02   5.5073E-07   3.2648E-12   5.2520E-08   3.1134E-13   1.7228E-04   1.0213E-09



                                               GAMMA SPECTRUM AND ENERGIES/SECOND
                                               ----------------------------------

     NEUTRONS PER SECOND ARISING FROM SPONTANEOUS FISSION                    3.28295E-05    Entered density (g/cc)      19.00
     POWER FROM ALPHA PARTICLES (MeV per Second)                             6.37428E+06
     POWER FROM BETA  PARTICLES (MeV per Second)                             2.03770E+04
     TOTAL GAMMA POWER FROM ACTIVATION  (MeV per Second)                     1.94326E+03    Total gammas (per cc per second)      6.21950E+03
     GAMMA RAY POWER FROM ACTIVATION DECAY  MeV/s    (  0.000-  0.010 MeV)   7.76464E+01    Gammas per group (per cc per second)  7.65766E+02
                                                     (  0.010-  0.020 MeV)   1.61885E+03                                          5.32182E+03
                                                     (  0.020-  0.050 MeV)   2.79010E-06                                          3.93094E-06
                                                     (  0.050-  0.100 MeV)   1.54494E+02                                          1.01577E+02
                                                     (  0.100-  0.200 MeV)   9.22705E+01                                          3.03331E+01
                                                     (  0.200-  0.300 MeV)   1.12633E-05                                          2.22163E-06
                                                     (  0.300-  0.400 MeV)   2.94396E-05                                          4.14771E-06
                                                     (  0.400-  0.600 MeV)   2.53042E-05                                          2.49556E-06
                                                     (  0.600-  0.800 MeV)   4.10204E-05                                          2.88966E-06
                                                     (  0.800-  1.000 MeV)   2.80299E-04                                          1.53576E-05
                                                     (  1.000-  1.220 MeV)   8.28435E-06                                          3.68028E-07
                                                     (  1.220-  1.440 MeV)   6.85817E-06                                          2.54274E-07
                                                     (  1.440-  1.660 MeV)   8.57181E-05                                          2.72700E-06
                                                     (  1.660-  2.000 MeV)   9.42966E-06                                          2.54091E-07
                                                     (  2.000-  2.500 MeV)   0.00000E+00                                          0.00000E+00
                                                     (  2.500-  3.000 MeV)   0.00000E+00                                          0.00000E+00
                                                     (  3.000-  4.000 MeV)   0.00000E+00                                          0.00000E+00
                                                     (  4.000-  5.000 MeV)   0.00000E+00                                          0.00000E+00
                                                     (  5.000-  6.500 MeV)   0.00000E+00                                          0.00000E+00
                                                     (  6.500-  8.000 MeV)   0.00000E+00                                          0.00000E+00
                                                     (  8.000- 10.000 MeV)   0.00000E+00                                          0.00000E+00
                                                     ( 10.000- 12.000 MeV)   0.00000E+00                                          0.00000E+00
                                                     ( 12.000- 14.000 MeV)   0.00000E+00                                          0.00000E+00
                                                     ( 14.000- 20.000 MeV)   0.00000E+00                                          0.00000E+00

    DOSE RATE (PLANE SOURCE) FROM GAMMAS WITH ENERGY 0-20 MeV IS            6.08686E-08 Sieverts/hour   ( 6.08686E-06 Rems/hour)




                                                                           DOMINANT NUCLIDES
                                                                           -----------------

      NUCLIDE   ACTIVITY    PERCENT  NUCLIDE     HEAT      PERCENT  NUCLIDE  DOSE RATE    PERCENT  NUCLIDE  INGESTION    PERCENT  NUCLIDE  INHALATION   PERCENT 
                  (Bq)      ACTIVITY             (kW)       HEAT              (Sv/hr)    DOSE RATE            (Sv)      INGESTION            (Sv)     INHALATION
       Total   1.5633E+06             Total   1.0248E-09             Total   6.0869E-08             Total   3.5956E-01             Total   1.7196E+02
    1  Th232   1.5633E+06  10.00E+01  Th232   1.0248E-09  10.00E+01  Th232   6.0868E-08  10.00E+01  Th232   3.5956E-01  10.00E+01  Th232   1.7196E+02  10.00E+01
    2  Ra228   4.4789E-01  28.65E-06  Ra228   1.6842E-18  16.43E-08  Ac228   2.4108E-13  39.61E-05  Ra228   3.0904E-07  85.95E-06  Ra228   7.1662E-06  41.67E-07
    3  Ac228   5.2542E-04  33.61E-09  Ac228   1.1814E-19  11.53E-09  Ra228   3.2330E-14  53.11E-06  Ac228   2.2593E-13  62.84E-12  Ac228   1.3136E-11  76.39E-13

      NUCLIDE  GAMMA HEAT   PERCENT  NUCLIDE   BETA HEAT   PERCENT 
                  (kW)       GAMMA               (kW)       BETA
       Total   3.1134E-13             Total   3.2648E-12
    1  Th232   3.1134E-13  10.00E+01  Th232   3.2648E-12  10.00E+01
    2  Ra228   1.4386E-19  46.21E-06  Ra228   1.5404E-18  47.18E-06
    3  Ac228   8.1088E-20  26.04E-06  Ac228   3.7055E-20  11.35E-07



                                                              UNCERTAINTY ESTIMATES (cross sections only)
                                                              -------------------------------------------

    Uncertainty estimates are based on pathway analysis for the irradiation phase
    Total Activity is          1.56331E+06  +/-   0.00E+00  Bq.        Error is   0.00E+00 % of the total.

    Total Heat Production is   1.02485E-09  +/-   0.00E+00  kW.        Error is   0.00E+00 % of the total.

    Total Gamma Dose Rate is   6.08686E-08  +/-   0.00E+00  Sv/hr.     Error is   0.00E+00 % of the total.

    Total Ingestion Dose is    3.59562E-01  +/-   0.00E+00  Sv.        Error is   0.00E+00 % of the total.

    Total Inhalation Dose is   1.71964E+02  +/-   0.00E+00  Sv.        Error is   0.00E+00 % of the total.

    Total Gamma Heat Prod is   3.11345E-13  +/-   0.00E+00  kW.        Error is   0.00E+00 % of the total.

    Total Beta Heat Prod is    3.26475E-12  +/-   0.00E+00  kW.        Error is   0.00E+00 % of the total.

0   Nuclide     Atoms     E(Atoms)  Activity E(Activity)   Heat     E(Heat)  Dose Rate E(Dose Rate) Ingest   E(Ingest)   Inhale   E(Inhale)   % Error
    Th232    1.00000E+24  0.00E+00  1.563E+06  0.00E+00  1.025E-09  0.00E+00  6.087E-08  0.00E+00  3.596E-01  0.00E+00  1.720E+02  0.00E+00  0.000E+00
    Ra228    1.17250E+08  0.00E+00  4.479E-01  0.00E+00  1.684E-18  0.00E+00  3.233E-14  0.00E+00  3.090E-07  0.00E+00  7.166E-06  0.00E+00  0.000E+00
1 * * * TIME INTERVAL  19 * * * COOLING TIME IS   2.5000E+01 SECS * * * ELAPSED TIME IS   1.667 m   * * * FLUX AMP IS  0.0000E+00 /cm^2/s  * * * * * * * * * * * * * *
  NUCLIDE        ATOMS         GRAMS        Bq       b-Energy    a-Energy   g-Energy    DOSE RATE   INGESTION  INHALATION   HALF LIFE                        
                                                        kW          kW         kW         Sv/hr      DOSE(Sv)    DOSE(Sv)    seconds                         

  He  4    #  1.56333E+08   1.039E-15   0.000E+00   0.000E+00   0.00E+00   0.000E+00   0.000E+00   0.000E+00   0.000E+00     Stable                         
  Ra228       1.56333E+08   5.920E-14   5.972E-01   2.054E-18   0.00E+00   1.918E-19   4.311E-14   4.121E-07   9.555E-06   1.815E+08                        
  Ac228       2.98278E+01   1.129E-20   9.338E-04   6.586E-20   0.00E+00   1.441E-19   4.285E-13   4.015E-13   2.335E-11   2.214E+04                        
  Th232     > 1.00000E+24   3.853E+02   1.563E+06   3.265E-12   1.02E-09   3.113E-13   6.087E-08   3.596E-01   1.720E+02   4.434E+17                        
0  TOTAL NUMBER OF NUCLIDES PRINTED IN INVENTORY =    4
0  TOTAL CURIES   TOTAL ALPHA   TOTAL BETA    TOTAL GAMMA
                  CURIE-MeV     CURIE-MeV     CURIE-MeV
   4.22517E-05   1.72278E-04   5.50730E-07   5.25206E-08
0  ALPHA BECQUERELS = 1.563311E+06  BETA BECQUERELS = 5.981119E-01  GAMMA BECQUERELS = 0.000000E+00
0  TOTAL ACTIVITY FOR ALL MATERIALS     1.56331E+06 Bq
                                        2.08348E-06 Ci/cc           DENSITY   1.90E+01 gm/cc
   TOTAL ACTIVITY EXCLUDING TRITIUM     1.56331E+06 Bq
                                        2.08348E-06 Ci/cc
0  TOTAL ALPHA HEAT PRODUCTION          1.02127E-09 kW
   TOTAL BETA  HEAT PRODUCTION          3.26475E-12 kW
   TOTAL GAMMA HEAT PRODUCTION          3.11345E-13 kW              TOTAL HEAT PRODUCTION 1.02485E-09 kW
0  INITIAL TOTAL MASS OF MATERIAL       3.85309E-01 kg              TOTAL HEAT EX TRITIUM 1.02485E-09 kW
0  TOTAL MASS OF MATERIAL               3.85309E-01 kg
   NEUTRON  FLUX DURING INTERVAL        0.00000E+00 n/cm^2/s
0  NUMBER OF FISSIONS                  -3.14143E-02                 BURN-UP OF ACTINIDES  0.00000E+00 %
0  INGESTION  HAZARD FOR ALL MATERIALS  3.59562E-01 Sv/kg
   INHALATION HAZARD FOR ALL MATERIALS  1.71964E+02 Sv/kg
0  INGESTION  HAZARD EXCLUDING TRITIUM  3.59562E-01 Sv/kg
   INHALATION HAZARD EXCLUDING TRITIUM  1.71964E+02 Sv/kg
0  GAS   RATE (a decay) =  1.56331E+06 atoms per sec =  1.56331E-12 appm/sec
0  APPM OF He  4    =  1.5633E-10



                                               COMPOSITION  OF  MATERIAL  BY  ELEMENT
                                               --------------------------------------
0                                                             BETA                     GAMMA                     ALPHA
                      ATOMS      GRAM-ATOMS     GRAMS      CURIES-MeV      kW        CURIES-MeV      kW        CURIES-MeV      kW

    2       He      1.5633E+08   2.5960E-16   1.0391E-15   0.0000E+00   0.0000E+00   0.0000E+00   0.0000E+00   0.0000E+00   0.0000E+00
   88       Ra      1.5633E+08   2.5960E-16   5.9196E-14   3.4646E-13   2.0538E-18   3.2357E-14   1.9182E-19   0.0000E+00   0.0000E+00
   89       Ac      2.9828E+01   4.9530E-23   1.1294E-20   1.1110E-14   6.5858E-20   2.4311E-14   1.4412E-19   0.0000E+00   0.0000E+00
   90       Th      1.0000E+24   1.6605E+00   3.8531E+02   5.5073E-07   3.2648E-12   5.2520E-08   3.1134E-13   1.7228E-04   1.0213E-09



                                               GAMMA SPECTRUM AND ENERGIES/SECOND
                                               ----------------------------------

     NEUTRONS PER SECOND ARISING FROM SPONTANEOUS FISSION                    3.28295E-05    Entered density (g/cc)      19.00
     POWER FROM ALPHA PARTICLES (MeV per Second)                             6.37428E+06
     POWER FROM BETA  PARTICLES (MeV per Second)                             2.03770E+04
     TOTAL GAMMA POWER FROM ACTIVATION  (MeV per Second)                     1.94326E+03    Total gammas (per cc per second)      6.21950E+03
     GAMMA RAY POWER FROM ACTIVATION DECAY  MeV/s    (  0.000-  0.010 MeV)   7.76464E+01    Gammas per group (per cc per second)  7.65766E+02
                                                     (  0.010-  0.020 MeV)   1.61885E+03                                          5.32182E+03
                                                     (  0.020-  0.050 MeV)   3.72012E-06                                          5.24124E-06
                                                     (  0.050-  0.100 MeV)   1.54494E+02                                          1.01577E+02
                                                     (  0.100-  0.200 MeV)   9.22705E+01                                          3.03331E+01
                                                     (  0.200-  0.300 MeV)   2.00184E-05                                          3.94852E-06
                                                     (  0.300-  0.400 MeV)   5.23230E-05                                          7.37174E-06
                                                     (  0.400-  0.600 MeV)   4.49733E-05                                          4.43537E-06
                                                     (  0.600-  0.800 MeV)   7.29057E-05                                          5.13580E-06
                                                     (  0.800-  1.000 MeV)   4.98177E-04                                          2.72952E-05
                                                     (  1.000-  1.220 MeV)   1.47238E-05                                          6.54097E-07
                                                     (  1.220-  1.440 MeV)   1.21890E-05                                          4.51922E-07
                                                     (  1.440-  1.660 MeV)   1.52347E-04                                          4.84671E-06
                                                     (  1.660-  2.000 MeV)   1.67594E-05                                          4.51597E-07
                                                     (  2.000-  2.500 MeV)   0.00000E+00                                          0.00000E+00
                                                     (  2.500-  3.000 MeV)   0.00000E+00                                          0.00000E+00
                                                     (  3.000-  4.000 MeV)   0.00000E+00                                          0.00000E+00
                                                     (  4.000-  5.000 MeV)   0.00000E+00                                          0.00000E+00
                                                     (  5.000-  6.500 MeV)   0.00000E+00                                          0.00000E+00
                                                     (  6.500-  8.000 MeV)   0.00000E+00                                          0.00000E+00
                                                     (  8.000- 10.000 MeV)   0.00000E+00                                          0.00000E+00
                                                     ( 10.000- 12.000 MeV)   0.00000E+00                                          0.00000E+00
                                                     ( 12.000- 14.000 MeV)   0.00000E+00                                          0.00000E+00
                                                     ( 14.000- 20.000 MeV)   0.00000E+00                                          0.00000E+00

    DOSE RATE (PLANE SOURCE) FROM GAMMAS WITH ENERGY 0-20 MeV IS            6.08688E-08 Sieverts/hour   ( 6.08688E-06 Rems/hour)




                                                                           DOMINANT NUCLIDES
                                                                           -----------------

      NUCLIDE   ACTIVITY    PERCENT  NUCLIDE     HEAT      PERCENT  NUCLIDE  DOSE RATE    PERCENT  NUCLIDE  INGESTION    PERCENT  NUCLIDE  INHALATION   PERCENT 
                  (Bq)      ACTIVITY             (kW)       HEAT              (Sv/hr)    DOSE RATE            (Sv)      INGESTION            (Sv)     INHALATION
       Total   1.5633E+06             Total   1.0248E-09             Total   6.0869E-08             Total   3.5956E-01             Total   1.7196E+02
    1  Th232   1.5633E+06  10.00E+01  Th232   1.0248E-09  10.00E+01  Th232   6.0868E-08  10.00E+01  Th232   3.5956E-01  10.00E+01  Th232   1.7196E+02  10.00E+01
    2  Ra228   5.9718E-01  38.20E-06  Ra228   2.2456E-18  21.91E-08  Ac228   4.2847E-13  70.39E-05  Ra228   4.1205E-07  11.46E-05  Ra228   9.5548E-06  55.56E-07
    3  Ac228   9.3383E-04  59.73E-09  Ac228   2.0998E-19  20.49E-09  Ra228   4.3106E-14  70.82E-06  Ac228   4.0155E-13  11.17E-11  Ac228   2.3346E-11  13.58E-12

      NUCLIDE  GAMMA HEAT   PERCENT  NUCLIDE   BETA HEAT   PERCENT 
                  (kW)       GAMMA               (kW)       BETA
       Total   3.1134E-13             Total   3.2648E-12
    1  Th232   3.1134E-13  10.00E+01  Th232   3.2648E-12  10.00E+01
    2  Ra228   1.9182E-19  61.61E-06  Ra228   2.0538E-18  62.91E-06
    3  Ac228   1.4412E-19  46.29E-06  Ac228   6.5858E-20  20.17E-07



                                                              UNCERTAINTY ESTIMATES (cross sections only)
                                                              -------------------------------------------

    Uncertainty estimates are based on pathway analysis for the irradiation phase
    Total Activity is          1.56331E+06  +/-   0.00E+00  Bq.        Error is   0.00E+00 % of the total.

    Total Heat Production is   1.02485E-09  +/-   0.00E+00  kW.        Error is   0.00E+00 % of the total.

    Total Gamma Dose Rate is   6.08688E-08  +/-   0.00E+00  Sv/hr.     Error is   0.00E+00 % of the total.

    Total Ingestion Dose is    3.59562E-01  +/-   0.00E+00  Sv.        Error is   0.00E+00 % of the total.

    Total Inhalation Dose is   1.71964E+02  +/-   0.00E+00  Sv.        Error is   0.00E+00 % of the total.

    Total Gamma Heat Prod is   3.11345E-13  +/-   0.00E+00  kW.        Error is   0.00E+00 % of the total.

    Total Beta Heat Prod is    3.26475E-12  +/-   0.00E+00  kW.        Error is   0.00E+00 % of the total.

0   Nuclide     Atoms     E(Atoms)  Activity E(Activity)   Heat     E(Heat)  Dose Rate E(Dose Rate) Ingest   E(Ingest)   Inhale   E(Inhale)   % Error
    Th232    1.00000E+24  0.00E+00  1.563E+06  0.00E+00  1.025E-09  0.00E+00  6.087E-08  0.00E+00  3.596E-01  0.00E+00  1.720E+02  0.00E+00  0.000E+00
    Ra228    1.56333E+08  0.00E+00  5.972E-01  0.00E+00  2.246E-18  0.00E+00  4.311E-14  0.00E+00  4.121E-07  0.00E+00  9.555E-06  0.00E+00  0.000E+00
1 * * * TIME INTERVAL  20 * * * COOLING TIME IS   2.5000E+01 SECS * * * ELAPSED TIME IS   2.083 m   * * * FLUX AMP IS  0.0000E+00 /cm^2/s  * * * * * * * * * * * * * *
  NUCLIDE        ATOMS         GRAMS        Bq       b-Energy    a-Energy   g-Energy    DOSE RATE   INGESTION  INHALATION   HALF LIFE                        
                                                        kW          kW         kW         Sv/hr      DOSE(Sv)    DOSE(Sv)    seconds                         

  He  4    #  1.95415E+08   1.299E-15   0.000E+00   0.000E+00   0.00E+00   0.000E+00   0.000E+00   0.000E+00   0.000E+00     Stable                         
  Ra228       1.95415E+08   7.399E-14   7.465E-01   2.567E-18   0.00E+00   2.398E-19   5.388E-14   5.151E-07   1.194E-05   1.815E+08                        
  Ac228       4.65936E+01   1.764E-20   1.459E-03   1.029E-19   0.00E+00   2.251E-19   6.693E-13   6.273E-13   3.647E-11   2.214E+04                        
  Th232     > 1.00000E+24   3.853E+02   1.563E+06   3.265E-12   1.02E-09   3.113E-13   6.087E-08   3.596E-01   1.720E+02   4.434E+17                        
0  TOTAL NUMBER OF NUCLIDES PRINTED IN INVENTORY =    4
0  TOTAL CURIES   TOTAL ALPHA   TOTAL BETA    TOTAL GAMMA
                  CURIE-MeV     CURIE-MeV     CURIE-MeV
   4.22517E-05   1.72278E-04   5.50730E-07   5.25206E-08
0  ALPHA BECQUERELS = 1.563311E+06  BETA BECQUERELS = 7.479298E-01  GAMMA BECQUERELS = 0.000000E+00
0  TOTAL ACTIVITY FOR ALL MATERIALS     1.56331E+06 Bq
                                        2.08348E-06 Ci/cc           DENSITY   1.90E+01 gm/cc
   TOTAL ACTIVITY EXCLUDING TRITIUM     1.56331E+06 Bq
                                        2.08348E-06 Ci/cc
0  TOTAL ALPHA HEAT PRODUCTION          1.02127E-09 kW
   TOTAL BETA  HEAT PRODUCTION          3.26475E-12 kW
   TOTAL GAMMA HEAT PRODUCTION          3.11345E-13 kW              TOTAL HEAT PRODUCTION 1.02485E-09 kW
0  INITIAL TOTAL MASS OF MATERIAL       3.85309E-01 kg              TOTAL HEAT EX TRITIUM 1.02485E-09 kW
0  TOTAL MASS OF MATERIAL               3.85309E-01 kg
   NEUTRON  FLUX DURING INTERVAL        0.00000E+00 n/cm^2/s
0  NUMBER OF FISSIONS                  -6.11855E-02                 BURN-UP OF ACTINIDES  0.00000E+00 %
0  INGESTION  HAZARD FOR ALL MATERIALS  3.59562E-01 Sv/kg
   INHALATION HAZARD FOR ALL MATERIALS  1.71964E+02 Sv/kg
0  INGESTION  HAZARD EXCLUDING TRITIUM  3.59562E-01 Sv/kg
   INHALATION HAZARD EXCLUDING TRITIUM  1.71964E+02 Sv/kg
0  GAS   RATE (a decay) =  1.56331E+06 atoms per sec =  1.56331E-12 appm/sec
0  APPM OF He  4    =  1.9542E-10



                                               COMPOSITION  OF  MATERIAL  BY  ELEMENT
                                               --------------------------------------
0                                                             BETA                     GAMMA                     ALPHA
                      ATOMS      GRAM-ATOMS     GRAMS      CURIES-MeV      kW        CURIES-MeV      kW        CURIES-MeV      kW

    2       He      1.9542E+08   3.2449E-16   1.2988E-15   0.0000E+00   0.0000E+00   0.0000E+00   0.0000E+00   0.0000E+00   0.0000E+00
   88       Ra      1.9542E+08   3.2449E-16   7.3995E-14   4.3307E-13   2.5673E-18   4.0447E-14   2.3977E-19   0.0000E+00   0.0000E+00
   89       Ac      4.6594E+01   7.7371E-23   1.7643E-20   1.7354E-14   1.0288E-19   3.7976E-14   2.2512E-19   0.0000E+00   0.0000E+00
   90       Th      1.0000E+24   1.6605E+00   3.8531E+02   5.5073E-07   3.2648E-12   5.2520E-08   3.1134E-13   1.7228E-04   1.0213E-09



                                               GAMMA SPECTRUM AND ENERGIES/SECOND
                                               ----------------------------------

     NEUTRONS PER SECOND ARISING FROM SPONTANEOUS FISSION                    3.28295E-05    Entered density (g/cc)      19.00
     POWER FROM ALPHA PARTICLES (MeV per Second)                             6.37428E+06
     POWER FROM BETA  PARTICLES (MeV per Second)                             2.03770E+04
     TOTAL GAMMA POWER FROM ACTIVATION  (MeV per Second)                     1.94326E+03    Total gammas (per cc per second)      6.21950E+03
     GAMMA RAY POWER FROM ACTIVATION DECAY  MeV/s    (  0.000-  0.010 MeV)   7.76464E+01    Gammas per group (per cc per second)  7.65767E+02
                                                     (  0.010-  0.020 MeV)   1.61885E+03                                          5.32182E+03
                                                     (  0.020-  0.050 MeV)   4.65014E-06                                          6.55153E-06
                                                     (  0.050-  0.100 MeV)   1.54494E+02                                          1.01577E+02
                                                     (  0.100-  0.200 MeV)   9.22706E+01                                          3.03331E+01
                                                     (  0.200-  0.300 MeV)   3.12705E-05                                          6.16793E-06
                                                     (  0.300-  0.400 MeV)   8.17332E-05                                          1.15153E-05
                                                     (  0.400-  0.600 MeV)   7.02522E-05                                          6.92843E-06
                                                     (  0.600-  0.800 MeV)   1.13885E-04                                          8.02257E-06
                                                     (  0.800-  1.000 MeV)   7.78196E-04                                          4.26375E-05
                                                     (  1.000-  1.220 MeV)   2.29999E-05                                          1.02176E-06
                                                     (  1.220-  1.440 MeV)   1.90404E-05                                          7.05941E-07
                                                     (  1.440-  1.660 MeV)   2.37980E-04                                          7.57099E-06
                                                     (  1.660-  2.000 MeV)   2.61796E-05                                          7.05435E-07
                                                     (  2.000-  2.500 MeV)   0.00000E+00                                          0.00000E+00
                                                     (  2.500-  3.000 MeV)   0.00000E+00                                          0.00000E+00
                                                     (  3.000-  4.000 MeV)   0.00000E+00                                          0.00000E+00
                                                     (  4.000-  5.000 MeV)   0.00000E+00                                          0.00000E+00
                                                     (  5.000-  6.500 MeV)   0.00000E+00                                          0.00000E+00
                                                     (  6.500-  8.000 MeV)   0.00000E+00                                          0.00000E+00
                                                     (  8.000- 10.000 MeV)   0.00000E+00                                          0.00000E+00
                                                     ( 10.000- 12.000 MeV)   0.00000E+00                                          0.00000E+00
                                                     ( 12.000- 14.000 MeV)   0.00000E+00                                          0.00000E+00
                                                     ( 14.000- 20.000 MeV)   0.00000E+00                                          0.00000E+00

    DOSE RATE (PLANE SOURCE) FROM GAMMAS WITH ENERGY 0-20 MeV IS            6.08691E-08 Sieverts/hour   ( 6.08691E-06 Rems/hour)




                                                                           DOMINANT NUCLIDES
                                                                           -----------------

      NUCLIDE   ACTIVITY    PERCENT  NUCLIDE     HEAT      PERCENT  NUCLIDE  DOSE RATE    PERCENT  NUCLIDE  INGESTION    PERCENT  NUCLIDE  INHALATION   PERCENT 
                  (Bq)      ACTIVITY             (kW)       HEAT              (Sv/hr)    DOSE RATE            (Sv)      INGESTION            (Sv)     INHALATION
       Total   1.5633E+06             Total   1.0248E-09             Total   6.0869E-08             Total   3.5956E-01             Total   1.7196E+02
    1  Th232   1.5633E+06  10.00E+01  Th232   1.0248E-09  10.00E+01  Th232   6.0868E-08  10.00E+01  Th232   3.5956E-01  10.00E+01  Th232   1.7196E+02  10.00E+01
    2  Ra228   7.4647E-01  47.75E-06  Ra228   2.8070E-18  27.39E-08  Ac228   6.6931E-13  11.00E-04  Ra228   5.1506E-07  14.32E-05  Ra228   1.1944E-05  69.45E-07
    3  Ac228   1.4587E-03  93.31E-09  Ac228   3.2800E-19  32.00E-09  Ra228   5.3883E-14  88.52E-06  Ac228   6.2725E-13  17.44E-11  Ac228   3.6468E-11  21.21E-12

      NUCLIDE  GAMMA HEAT   PERCENT  NUCLIDE   BETA HEAT   PERCENT 
                  (kW)       GAMMA               (kW)       BETA
       Total   3.1134E-13             Total   3.2648E-12
    1  Th232   3.1134E-13  10.00E+01  Th232   3.2648E-12  10.00E+01
    2  Ra228   2.3977E-19  77.01E-06  Ra228   2.5673E-18  78.64E-06
    3  Ac228   2.2512E-19  72.31E-06  Ac228   1.0288E-19  31.51E-07



                                                              UNCERTAINTY ESTIMATES (cross sections only)
                                                              -------------------------------------------

    Uncertainty estimates are based on pathway analysis for the irradiation phase
    Total Activity is          1.56331E+06  +/-   0.00E+00  Bq.        Error is   0.00E+00 % of the total.

    Total Heat Production is   1.02485E-09  +/-   0.00E+00  kW.        Error is   0.00E+00 % of the total.

    Total Gamma Dose Rate is   6.08691E-08  +/-   0.00E+00  Sv/hr.     Error is   0.00E+00 % of the total.

    Total Ingestion Dose is    3.59562E-01  +/-   0.00E+00  Sv.        Error is   0.00E+00 % of the total.

    Total Inhalation Dose is   1.71964E+02  +/-   0.00E+00  Sv.        Error is   0.00E+00 % of the total.

    Total Gamma Heat Prod is   3.11345E-13  +/-   0.00E+00  kW.        Error is   0.00E+00 % of the total.

    Total Beta Heat Prod is    3.26475E-12  +/-   0.00E+00  kW.        Error is   0.00E+00 % of the total.

0   Nuclide     Atoms     E(Atoms)  Activity E(Activity)   Heat     E(Heat)  Dose Rate E(Dose Rate) Ingest   E(Ingest)   Inhale   E(Inhale)   % Error
    Th232    1.00000E+24  0.00E+00  1.563E+06  0.00E+00  1.025E-09  0.00E+00  6.087E-08  0.00E+00  3.596E-01  0.00E+00  1.720E+02  0.00E+00  0.000E+00
    Ra228    1.95415E+08  0.00E+00  7.465E-01  0.00E+00  2.807E-18  0.00E+00  5.388E-14  0.00E+00  5.151E-07  0.00E+00  1.194E-05  0.00E+00  0.000E+00
1 * * * TIME INTERVAL  21 * * * COOLING TIME IS   2.5000E+01 SECS * * * ELAPSED TIME IS   2.500 m   * * * FLUX AMP IS  0.0000E+00 /cm^2/s  * * * * * * * * * * * * * *
  NUCLIDE        ATOMS         GRAMS        Bq       b-Energy    a-Energy   g-Energy    DOSE RATE   INGESTION  INHALATION   HALF LIFE                        
                                                        kW          kW         kW         Sv/hr      DOSE(Sv)    DOSE(Sv)    seconds                         

  He  4    #  2.34498E+08   1.559E-15   0.000E+00   0.000E+00   0.00E+00   0.000E+00   0.000E+00   0.000E+00   0.000E+00     Stable                         
  Ra228       2.34498E+08   8.879E-14   8.958E-01   3.081E-18   0.00E+00   2.877E-19   6.466E-14   6.181E-07   1.433E-05   1.815E+08                        
  Ac228       6.70772E+01   2.540E-20   2.100E-03   1.481E-19   0.00E+00   3.241E-19   9.636E-13   9.030E-13   5.250E-11   2.214E+04                        
  Th232     > 1.00000E+24   3.853E+02   1.563E+06   3.265E-12   1.02E-09   3.113E-13   6.087E-08   3.596E-01   1.720E+02   4.434E+17                        
0  TOTAL NUMBER OF NUCLIDES PRINTED IN INVENTORY =    4
0  TOTAL CURIES   TOTAL ALPHA   TOTAL BETA    TOTAL GAMMA
                  CURIE-MeV     CURIE-MeV     CURIE-MeV
   4.22517E-05   1.72278E-04   5.50730E-07   5.25206E-08
0  ALPHA BECQUERELS = 1.563311E+06  BETA BECQUERELS = 8.978640E-01  GAMMA BECQUERELS = 0.000000E+00
0  TOTAL ACTIVITY FOR ALL MATERIALS     1.56331E+06 Bq
                                        2.08348E-06 Ci/cc           DENSITY   1.90E+01 gm/cc
   TOTAL ACTIVITY EXCLUDING TRITIUM     1.56331E+06 Bq
                                        2.08348E-06 Ci/cc
0  TOTAL ALPHA HEAT PRODUCTION          1.02127E-09 kW
   TOTAL BETA  HEAT PRODUCTION          3.26476E-12 kW
   TOTAL GAMMA HEAT PRODUCTION          3.11345E-13 kW              TOTAL HEAT PRODUCTION 1.02485E-09 kW
0  INITIAL TOTAL MASS OF MATERIAL       3.85309E-01 kg              TOTAL HEAT EX TRITIUM 1.02485E-09 kW
0  TOTAL MASS OF MATERIAL               3.85309E-01 kg
   NEUTRON  FLUX DURING INTERVAL        0.00000E+00 n/cm^2/s
0  NUMBER OF FISSIONS                  -1.05541E-01                 BURN-UP OF ACTINIDES  0.00000E+00 %
0  INGESTION  HAZARD FOR ALL MATERIALS  3.59562E-01 Sv/kg
   INHALATION HAZARD FOR ALL MATERIALS  1.71964E+02 Sv/kg
0  INGESTION  HAZARD EXCLUDING TRITIUM  3.59562E-01 Sv/kg
   INHALATION HAZARD EXCLUDING TRITIUM  1.71964E+02 Sv/kg
0  GAS   RATE (a decay) =  1.56331E+06 atoms per sec =  1.56331E-12 appm/sec
0  APPM OF He  4    =  2.3450E-10



                                               COMPOSITION  OF  MATERIAL  BY  ELEMENT
                                               --------------------------------------
0                                                             BETA                     GAMMA                     ALPHA
                      ATOMS      GRAM-ATOMS     GRAMS      CURIES-MeV      kW        CURIES-MeV      kW        CURIES-MeV      kW

    2       He      2.3450E+08   3.8939E-16   1.5586E-15   0.0000E+00   0.0000E+00   0.0000E+00   0.0000E+00   0.0000E+00   0.0000E+00
   88       Ra      2.3450E+08   3.8939E-16   8.8794E-14   5.1968E-13   3.0807E-18   4.8536E-14   2.8772E-19   0.0000E+00   0.0000E+00
   89       Ac      6.7077E+01   1.1138E-22   2.5399E-20   2.4983E-14   1.4810E-19   5.4671E-14   3.2409E-19   0.0000E+00   0.0000E+00
   90       Th      1.0000E+24   1.6605E+00   3.8531E+02   5.5073E-07   3.2648E-12   5.2520E-08   3.1134E-13   1.7228E-04   1.0213E-09



                                               GAMMA SPECTRUM AND ENERGIES/SECOND
                                               ----------------------------------

     NEUTRONS PER SECOND ARISING FROM SPONTANEOUS FISSION                    3.28295E-05    Entered density (g/cc)      19.00
     POWER FROM ALPHA PARTICLES (MeV per Second)                             6.37428E+06
     POWER FROM BETA  PARTICLES (MeV per Second)                             2.03770E+04
     TOTAL GAMMA POWER FROM ACTIVATION  (MeV per Second)                     1.94326E+03    Total gammas (per cc per second)      6.21950E+03
     GAMMA RAY POWER FROM ACTIVATION DECAY  MeV/s    (  0.000-  0.010 MeV)   7.76465E+01    Gammas per group (per cc per second)  7.65767E+02
                                                     (  0.010-  0.020 MeV)   1.61885E+03                                          5.32182E+03
                                                     (  0.020-  0.050 MeV)   5.58016E-06                                          7.86183E-06
                                                     (  0.050-  0.100 MeV)   1.54494E+02                                          1.01577E+02
                                                     (  0.100-  0.200 MeV)   9.22706E+01                                          3.03331E+01
                                                     (  0.200-  0.300 MeV)   4.50177E-05                                          8.87949E-06
                                                     (  0.300-  0.400 MeV)   1.17665E-04                                          1.65777E-05
                                                     (  0.400-  0.600 MeV)   1.01137E-04                                          9.97432E-06
                                                     (  0.600-  0.800 MeV)   1.63951E-04                                          1.15495E-05
                                                     (  0.800-  1.000 MeV)   1.12031E-03                                          6.13818E-05
                                                     (  1.000-  1.220 MeV)   3.31111E-05                                          1.47094E-06
                                                     (  1.220-  1.440 MeV)   2.74109E-05                                          1.01629E-06
                                                     (  1.440-  1.660 MeV)   3.42601E-04                                          1.08994E-05
                                                     (  1.660-  2.000 MeV)   3.76887E-05                                          1.01556E-06
                                                     (  2.000-  2.500 MeV)   0.00000E+00                                          0.00000E+00
                                                     (  2.500-  3.000 MeV)   0.00000E+00                                          0.00000E+00
                                                     (  3.000-  4.000 MeV)   0.00000E+00                                          0.00000E+00
                                                     (  4.000-  5.000 MeV)   0.00000E+00                                          0.00000E+00
                                                     (  5.000-  6.500 MeV)   0.00000E+00                                          0.00000E+00
                                                     (  6.500-  8.000 MeV)   0.00000E+00                                          0.00000E+00
                                                     (  8.000- 10.000 MeV)   0.00000E+00                                          0.00000E+00
                                                     ( 10.000- 12.000 MeV)   0.00000E+00                                          0.00000E+00
                                                     ( 12.000- 14.000 MeV)   0.00000E+00                                          0.00000E+00
                                                     ( 14.000- 20.000 MeV)   0.00000E+00                                          0.00000E+00

    DOSE RATE (PLANE SOURCE) FROM GAMMAS WITH ENERGY 0-20 MeV IS            6.08694E-08 Sieverts/hour   ( 6.08694E-06 Rems/hour)




                                                                           DOMINANT NUCLIDES
                                                                           -----------------

      NUCLIDE   ACTIVITY    PERCENT  NUCLIDE     HEAT      PERCENT  NUCLIDE  DOSE RATE    PERCENT  NUCLIDE  INGESTION    PERCENT  NUCLIDE  INHALATION   PERCENT 
                  (Bq)      ACTIVITY             (kW)       HEAT              (Sv/hr)    DOSE RATE            (Sv)      INGESTION            (Sv)     INHALATION
       Total   1.5633E+06             Total   1.0248E-09             Total   6.0869E-08             Total   3.5956E-01             Total   1.7196E+02
    1  Th232   1.5633E+06  10.00E+01  Th232   1.0248E-09  10.00E+01  Th232   6.0868E-08  10.00E+01  Th232   3.5956E-01  10.00E+01  Th232   1.7196E+02  10.00E+01
    2  Ra228   8.9576E-01  57.30E-06  Ra228   3.3684E-18  32.87E-08  Ac228   9.6355E-13  15.83E-04  Ra228   6.1808E-07  17.19E-05  Ra228   1.4332E-05  83.34E-07
    3  Ac228   2.1000E-03  13.43E-08  Ac228   4.7220E-19  46.07E-09  Ra228   6.4659E-14  10.62E-05  Ac228   9.0301E-13  25.11E-11  Ac228   5.2500E-11  30.53E-12

      NUCLIDE  GAMMA HEAT   PERCENT  NUCLIDE   BETA HEAT   PERCENT 
                  (kW)       GAMMA               (kW)       BETA
       Total   3.1134E-13             Total   3.2648E-12
    1  Th232   3.1134E-13  10.00E+01  Th232   3.2648E-12  10.00E+01
    2  Ac228   3.2409E-19  10.41E-05  Ra228   3.0807E-18  94.36E-06
    3  Ra228   2.8772E-19  92.41E-06  Ac228   1.4810E-19  45.36E-07



                                                              UNCERTAINTY ESTIMATES (cross sections only)
                                                              -------------------------------------------

    Uncertainty estimates are based on pathway analysis for the irradiation phase
    Total Activity is          1.56331E+06  +/-   0.00E+00  Bq.        Error is   0.00E+00 % of the total.

    Total Heat Production is   1.02485E-09  +/-   0.00E+00  kW.        Error is   0.00E+00 % of the total.

    Total Gamma Dose Rate is   6.08694E-08  +/-   0.00E+00  Sv/hr.     Error is   0.00E+00 % of the total.

    Total Ingestion Dose is    3.59562E-01  +/-   0.00E+00  Sv.        Error is   0.00E+00 % of the total.

    Total Inhalation Dose is   1.71964E+02  +/-   0.00E+00  Sv.        Error is   0.00E+00 % of the total.

    Total Gamma Heat Prod is   3.11345E-13  +/-   0.00E+00  kW.        Error is   0.00E+00 % of the total.

    Total Beta Heat Prod is    3.26476E-12  +/-   0.00E+00  kW.        Error is   0.00E+00 % of the total.

0   Nuclide     Atoms     E(Atoms)  Activity E(Activity)   Heat     E(Heat)  Dose Rate E(Dose Rate) Ingest   E(Ingest)   Inhale   E(Inhale)   % Error
    Th232    1.00000E+24  0.00E+00  1.563E+06  0.00E+00  1.025E-09  0.00E+00  6.087E-08  0.00E+00  3.596E-01  0.00E+00  1.720E+02  0.00E+00  0.000E+00
    Ra228    2.34498E+08  0.00E+00  8.958E-01  0.00E+00  3.368E-18  0.00E+00  6.466E-14  0.00E+00  6.181E-07  0.00E+00  1.433E-05  0.00E+00  0.000E+00
1 * * * TIME INTERVAL  22 * * * COOLING TIME IS   5.0000E+01 SECS * * * ELAPSED TIME IS   3.333 m   * * * FLUX AMP IS  0.0000E+00 /cm^2/s  * * * * * * * * * * * * * *
  NUCLIDE        ATOMS         GRAMS        Bq       b-Energy    a-Energy   g-Energy    DOSE RATE   INGESTION  INHALATION   HALF LIFE                        
                                                        kW          kW         kW         Sv/hr      DOSE(Sv)    DOSE(Sv)    seconds                         

  He  4    #  3.12664E+08   2.078E-15   0.000E+00   0.000E+00   0.00E+00   0.000E+00   0.000E+00   0.000E+00   0.000E+00     Stable                         
  Ra228       3.12664E+08   1.184E-13   1.194E+00   4.108E-18   0.00E+00   3.836E-19   8.621E-14   8.241E-07   1.911E-05   1.815E+08                        
  Ac228       1.19184E+02   4.513E-20   3.731E-03   2.632E-19   0.00E+00   5.759E-19   1.712E-12   1.604E-12   9.328E-11   2.214E+04                        
  Th232     > 1.00000E+24   3.853E+02   1.563E+06   3.265E-12   1.02E-09   3.113E-13   6.087E-08   3.596E-01   1.720E+02   4.434E+17                        
0  TOTAL NUMBER OF NUCLIDES PRINTED IN INVENTORY =    4
0  TOTAL CURIES   TOTAL ALPHA   TOTAL BETA    TOTAL GAMMA
                  CURIE-MeV     CURIE-MeV     CURIE-MeV
   4.22517E-05   1.72278E-04   5.50730E-07   5.25207E-08
0  ALPHA BECQUERELS = 1.563311E+06  BETA BECQUERELS = 1.198081E+00  GAMMA BECQUERELS = 0.000000E+00
0  TOTAL ACTIVITY FOR ALL MATERIALS     1.56331E+06 Bq
                                        2.08348E-06 Ci/cc           DENSITY   1.90E+01 gm/cc
   TOTAL ACTIVITY EXCLUDING TRITIUM     1.56331E+06 Bq
                                        2.08348E-06 Ci/cc
0  TOTAL ALPHA HEAT PRODUCTION          1.02127E-09 kW
   TOTAL BETA  HEAT PRODUCTION          3.26476E-12 kW
   TOTAL GAMMA HEAT PRODUCTION          3.11345E-13 kW              TOTAL HEAT PRODUCTION 1.02485E-09 kW
0  INITIAL TOTAL MASS OF MATERIAL       3.85309E-01 kg              TOTAL HEAT EX TRITIUM 1.02485E-09 kW
0  TOTAL MASS OF MATERIAL               3.85309E-01 kg
   NEUTRON  FLUX DURING INTERVAL        0.00000E+00 n/cm^2/s
0  NUMBER OF FISSIONS                  -2.51164E-01                 BURN-UP OF ACTINIDES  0.00000E+00 %
0  INGESTION  HAZARD FOR ALL MATERIALS  3.59562E-01 Sv/kg
   INHALATION HAZARD FOR ALL MATERIALS  1.71964E+02 Sv/kg
0  INGESTION  HAZARD EXCLUDING TRITIUM  3.59562E-01 Sv/kg
   INHALATION HAZARD EXCLUDING TRITIUM  1.71964E+02 Sv/kg
0  GAS   RATE (a decay) =  1.56331E+06 atoms per sec =  1.56331E-12 appm/sec
0  APPM OF He  4    =  3.1266E-10



                                               COMPOSITION  OF  MATERIAL  BY  ELEMENT
                                               --------------------------------------
0                                                             BETA                     GAMMA                     ALPHA
                      ATOMS      GRAM-ATOMS     GRAMS      CURIES-MeV      kW        CURIES-MeV      kW        CURIES-MeV      kW

    2       He      3.1266E+08   5.1919E-16   2.0781E-15   0.0000E+00   0.0000E+00   0.0000E+00   0.0000E+00   0.0000E+00   0.0000E+00
   88       Ra      3.1266E+08   5.1919E-16   1.1839E-13   6.9291E-13   4.1076E-18   6.4714E-14   3.8363E-19   0.0000E+00   0.0000E+00
   89       Ac      1.1918E+02   1.9791E-22   4.5130E-20   4.4391E-14   2.6315E-19   9.7141E-14   5.7586E-19   0.0000E+00   0.0000E+00
   90       Th      1.0000E+24   1.6605E+00   3.8531E+02   5.5073E-07   3.2648E-12   5.2520E-08   3.1134E-13   1.7228E-04   1.0213E-09



                                               GAMMA SPECTRUM AND ENERGIES/SECOND
                                               ----------------------------------

     NEUTRONS PER SECOND ARISING FROM SPONTANEOUS FISSION                    3.28295E-05    Entered density (g/cc)      19.00
     POWER FROM ALPHA PARTICLES (MeV per Second)                             6.37428E+06
     POWER FROM BETA  PARTICLES (MeV per Second)                             2.03770E+04
     TOTAL GAMMA POWER FROM ACTIVATION  (MeV per Second)                     1.94326E+03    Total gammas (per cc per second)      6.21950E+03
     GAMMA RAY POWER FROM ACTIVATION DECAY  MeV/s    (  0.000-  0.010 MeV)   7.76465E+01    Gammas per group (per cc per second)  7.65768E+02
                                                     (  0.010-  0.020 MeV)   1.61885E+03                                          5.32182E+03
                                                     (  0.020-  0.050 MeV)   7.44020E-06                                          1.04824E-05
                                                     (  0.050-  0.100 MeV)   1.54494E+02                                          1.01577E+02
                                                     (  0.100-  0.200 MeV)   9.22706E+01                                          3.03331E+01
                                                     (  0.200-  0.300 MeV)   7.99885E-05                                          1.57773E-05
                                                     (  0.300-  0.400 MeV)   2.09070E-04                                          2.94556E-05
                                                     (  0.400-  0.600 MeV)   1.79702E-04                                          1.77226E-05
                                                     (  0.600-  0.800 MeV)   2.91313E-04                                          2.05214E-05
                                                     (  0.800-  1.000 MeV)   1.99059E-03                                          1.09065E-04
                                                     (  1.000-  1.220 MeV)   5.88327E-05                                          2.61361E-06
                                                     (  1.220-  1.440 MeV)   4.87044E-05                                          1.80577E-06
                                                     (  1.440-  1.660 MeV)   6.08741E-04                                          1.93663E-05
                                                     (  1.660-  2.000 MeV)   6.69663E-05                                          1.80447E-06
                                                     (  2.000-  2.500 MeV)   0.00000E+00                                          0.00000E+00
                                                     (  2.500-  3.000 MeV)   0.00000E+00                                          0.00000E+00
                                                     (  3.000-  4.000 MeV)   0.00000E+00                                          0.00000E+00
                                                     (  4.000-  5.000 MeV)   0.00000E+00                                          0.00000E+00
                                                     (  5.000-  6.500 MeV)   0.00000E+00                                          0.00000E+00
                                                     (  6.500-  8.000 MeV)   0.00000E+00                                          0.00000E+00
                                                     (  8.000- 10.000 MeV)   0.00000E+00                                          0.00000E+00
                                                     ( 10.000- 12.000 MeV)   0.00000E+00                                          0.00000E+00
                                                     ( 12.000- 14.000 MeV)   0.00000E+00                                          0.00000E+00
                                                     ( 14.000- 20.000 MeV)   0.00000E+00                                          0.00000E+00

    DOSE RATE (PLANE SOURCE) FROM GAMMAS WITH ENERGY 0-20 MeV IS            6.08701E-08 Sieverts/hour   ( 6.08701E-06 Rems/hour)




                                                                           DOMINANT NUCLIDES
                                                                           -----------------

      NUCLIDE   ACTIVITY    PERCENT  NUCLIDE     HEAT      PERCENT  NUCLIDE  DOSE RATE    PERCENT  NUCLIDE  INGESTION    PERCENT  NUCLIDE  INHALATION   PERCENT 
                  (Bq)      ACTIVITY             (kW)       HEAT              (Sv/hr)    DOSE RATE            (Sv)      INGESTION            (Sv)     INHALATION
       Total   1.5633E+06             Total   1.0248E-09             Total   6.0870E-08             Total   3.5956E-01             Total   1.7196E+02
    1  Th232   1.5633E+06  10.00E+01  Th232   1.0248E-09  10.00E+01  Th232   6.0868E-08  10.00E+01  Th232   3.5956E-01  10.00E+01  Th232   1.7196E+02  10.00E+01
    2  Ra228   1.1943E+00  76.40E-06  Ra228   4.4912E-18  43.82E-08  Ac228   1.7121E-12  28.13E-04  Ra228   8.2410E-07  22.92E-05  Ra228   1.9110E-05  11.11E-06
    3  Ac228   3.7314E-03  23.87E-08  Ac228   8.3901E-19  81.87E-09  Ra228   8.6212E-14  14.16E-05  Ac228   1.6045E-12  44.62E-11  Ac228   9.3284E-11  54.25E-12

      NUCLIDE  GAMMA HEAT   PERCENT  NUCLIDE   BETA HEAT   PERCENT 
                  (kW)       GAMMA               (kW)       BETA
       Total   3.1135E-13             Total   3.2648E-12
    1  Th232   3.1134E-13  10.00E+01  Th232   3.2648E-12  10.00E+01
    2  Ac228   5.7586E-19  18.50E-05  Ra228   4.1076E-18  12.58E-05
    3  Ra228   3.8363E-19  12.32E-05  Ac228   2.6315E-19  80.60E-07



                                                              UNCERTAINTY ESTIMATES (cross sections only)
                                                              -------------------------------------------

    Uncertainty estimates are based on pathway analysis for the irradiation phase
    Total Activity is          1.56331E+06  +/-   0.00E+00  Bq.        Error is   0.00E+00 % of the total.

    Total Heat Production is   1.02485E-09  +/-   0.00E+00  kW.        Error is   0.00E+00 % of the total.

    Total Gamma Dose Rate is   6.08701E-08  +/-   0.00E+00  Sv/hr.     Error is   0.00E+00 % of the total.

    Total Ingestion Dose is    3.59562E-01  +/-   0.00E+00  Sv.        Error is   0.00E+00 % of the total.

    Total Inhalation Dose is   1.71964E+02  +/-   0.00E+00  Sv.        Error is   0.00E+00 % of the total.

    Total Gamma Heat Prod is   3.11345E-13  +/-   0.00E+00  kW.        Error is   0.00E+00 % of the total.

    Total Beta Heat Prod is    3.26476E-12  +/-   0.00E+00  kW.        Error is   0.00E+00 % of the total.

0   Nuclide     Atoms     E(Atoms)  Activity E(Activity)   Heat     E(Heat)  Dose Rate E(Dose Rate) Ingest   E(Ingest)   Inhale   E(Inhale)   % Error
    Th232    1.00000E+24  0.00E+00  1.563E+06  0.00E+00  1.025E-09  0.00E+00  6.087E-08  0.00E+00  3.596E-01  0.00E+00  1.720E+02  0.00E+00  0.000E+00
    Ra228    3.12664E+08  0.00E+00  1.194E+00  0.00E+00  4.491E-18  0.00E+00  8.621E-14  0.00E+00  8.241E-07  0.00E+00  1.911E-05  0.00E+00  0.000E+00
1 * * * TIME INTERVAL  23 * * * COOLING TIME IS   1.0000E+02 SECS OR  1.6667E+00 MINS  * * * ELAPSED TIME IS   5.000 m   * * * FLUX AMP IS  0.0000E+00 /cm^2/s  * * *
  NUCLIDE        ATOMS         GRAMS        Bq       b-Energy    a-Energy   g-Energy    DOSE RATE   INGESTION  INHALATION   HALF LIFE                        
                                                        kW          kW         kW         Sv/hr      DOSE(Sv)    DOSE(Sv)    seconds                         

  He  4    #  4.68995E+08   3.117E-15   0.000E+00   0.000E+00   0.00E+00   0.000E+00   0.000E+00   0.000E+00   0.000E+00     Stable                         
  Ra228       4.68995E+08   1.776E-13   1.792E+00   6.161E-18   0.00E+00   5.754E-19   1.293E-13   1.236E-06   2.866E-05   1.815E+08                        
  Ac228       2.67881E+02   1.014E-19   8.387E-03   5.915E-19   0.00E+00   1.294E-18   3.848E-12   3.606E-12   2.097E-10   2.214E+04                        
  Th232     > 1.00000E+24   3.853E+02   1.563E+06   3.265E-12   1.02E-09   3.113E-13   6.087E-08   3.596E-01   1.720E+02   4.434E+17                        
0  TOTAL NUMBER OF NUCLIDES PRINTED IN INVENTORY =    4
0  TOTAL CURIES   TOTAL ALPHA   TOTAL BETA    TOTAL GAMMA
                  CURIE-MeV     CURIE-MeV     CURIE-MeV
   4.22517E-05   1.72278E-04   5.50730E-07   5.25208E-08
0  ALPHA BECQUERELS = 1.563311E+06  BETA BECQUERELS = 1.799908E+00  GAMMA BECQUERELS = 0.000000E+00
0  TOTAL ACTIVITY FOR ALL MATERIALS     1.56331E+06 Bq
                                        2.08348E-06 Ci/cc           DENSITY   1.90E+01 gm/cc
   TOTAL ACTIVITY EXCLUDING TRITIUM     1.56331E+06 Bq
                                        2.08348E-06 Ci/cc
0  TOTAL ALPHA HEAT PRODUCTION          1.02127E-09 kW
   TOTAL BETA  HEAT PRODUCTION          3.26476E-12 kW
   TOTAL GAMMA HEAT PRODUCTION          3.11346E-13 kW              TOTAL HEAT PRODUCTION 1.02485E-09 kW
0  INITIAL TOTAL MASS OF MATERIAL       3.85309E-01 kg              TOTAL HEAT EX TRITIUM 1.02485E-09 kW
0  TOTAL MASS OF MATERIAL               3.85309E-01 kg
   NEUTRON  FLUX DURING INTERVAL        0.00000E+00 n/cm^2/s
0  NUMBER OF FISSIONS                  -8.48392E-01                 BURN-UP OF ACTINIDES  0.00000E+00 %
0  INGESTION  HAZARD FOR ALL MATERIALS  3.59563E-01 Sv/kg
   INHALATION HAZARD FOR ALL MATERIALS  1.71964E+02 Sv/kg
0  INGESTION  HAZARD EXCLUDING TRITIUM  3.59563E-01 Sv/kg
   INHALATION HAZARD EXCLUDING TRITIUM  1.71964E+02 Sv/kg
0  GAS   RATE (a decay) =  1.56331E+06 atoms per sec =  1.56331E-12 appm/sec
0  APPM OF He  4    =  4.6899E-10



                                               COMPOSITION  OF  MATERIAL  BY  ELEMENT
                                               --------------------------------------
0                                                             BETA                     GAMMA                     ALPHA
                      ATOMS      GRAM-ATOMS     GRAMS      CURIES-MeV      kW        CURIES-MeV      kW        CURIES-MeV      kW

    2       He      4.6899E+08   7.7878E-16   3.1172E-15   0.0000E+00   0.0000E+00   0.0000E+00   0.0000E+00   0.0000E+00   0.0000E+00
   88       Ra      4.6899E+08   7.7878E-16   1.7759E-13   1.0394E-12   6.1614E-18   9.7071E-14   5.7544E-19   0.0000E+00   0.0000E+00
   89       Ac      2.6788E+02   4.4483E-22   1.0143E-19   9.9773E-14   5.9146E-19   2.1834E-13   1.2943E-18   0.0000E+00   0.0000E+00
   90       Th      1.0000E+24   1.6605E+00   3.8531E+02   5.5073E-07   3.2648E-12   5.2520E-08   3.1134E-13   1.7228E-04   1.0213E-09



                                               GAMMA SPECTRUM AND ENERGIES/SECOND
                                               ----------------------------------

     NEUTRONS PER SECOND ARISING FROM SPONTANEOUS FISSION                    3.28295E-05    Entered density (g/cc)      19.00
     POWER FROM ALPHA PARTICLES (MeV per Second)                             6.37428E+06
     POWER FROM BETA  PARTICLES (MeV per Second)                             2.03770E+04
     TOTAL GAMMA POWER FROM ACTIVATION  (MeV per Second)                     1.94327E+03    Total gammas (per cc per second)      6.21951E+03
     GAMMA RAY POWER FROM ACTIVATION DECAY  MeV/s    (  0.000-  0.010 MeV)   7.76467E+01    Gammas per group (per cc per second)  7.65769E+02
                                                     (  0.010-  0.020 MeV)   1.61885E+03                                          5.32183E+03
                                                     (  0.020-  0.050 MeV)   1.11603E-05                                          1.57236E-05
                                                     (  0.050-  0.100 MeV)   1.54494E+02                                          1.01577E+02
                                                     (  0.100-  0.200 MeV)   9.22706E+01                                          3.03331E+01
                                                     (  0.200-  0.300 MeV)   1.79783E-04                                          3.54613E-05
                                                     (  0.300-  0.400 MeV)   4.69909E-04                                          6.62049E-05
                                                     (  0.400-  0.600 MeV)   4.03901E-04                                          3.98336E-05
                                                     (  0.600-  0.800 MeV)   6.54759E-04                                          4.61242E-05
                                                     (  0.800-  1.000 MeV)   4.47408E-03                                          2.45136E-04
                                                     (  1.000-  1.220 MeV)   1.32233E-04                                          5.87439E-06
                                                     (  1.220-  1.440 MeV)   1.09469E-04                                          4.05867E-06
                                                     (  1.440-  1.660 MeV)   1.36822E-03                                          4.35279E-05
                                                     (  1.660-  2.000 MeV)   1.50514E-04                                          4.05576E-06
                                                     (  2.000-  2.500 MeV)   0.00000E+00                                          0.00000E+00
                                                     (  2.500-  3.000 MeV)   0.00000E+00                                          0.00000E+00
                                                     (  3.000-  4.000 MeV)   0.00000E+00                                          0.00000E+00
                                                     (  4.000-  5.000 MeV)   0.00000E+00                                          0.00000E+00
                                                     (  5.000-  6.500 MeV)   0.00000E+00                                          0.00000E+00
                                                     (  6.500-  8.000 MeV)   0.00000E+00                                          0.00000E+00
                                                     (  8.000- 10.000 MeV)   0.00000E+00                                          0.00000E+00
                                                     ( 10.000- 12.000 MeV)   0.00000E+00                                          0.00000E+00
                                                     ( 12.000- 14.000 MeV)   0.00000E+00                                          0.00000E+00
                                                     ( 14.000- 20.000 MeV)   0.00000E+00                                          0.00000E+00

    DOSE RATE (PLANE SOURCE) FROM GAMMAS WITH ENERGY 0-20 MeV IS            6.08723E-08 Sieverts/hour   ( 6.08723E-06 Rems/hour)




                                                                           DOMINANT NUCLIDES
                                                                           -----------------

      NUCLIDE   ACTIVITY    PERCENT  NUCLIDE     HEAT      PERCENT  NUCLIDE  DOSE RATE    PERCENT  NUCLIDE  INGESTION    PERCENT  NUCLIDE  INHALATION   PERCENT 
                  (Bq)      ACTIVITY             (kW)       HEAT              (Sv/hr)    DOSE RATE            (Sv)      INGESTION            (Sv)     INHALATION
       Total   1.5633E+06             Total   1.0248E-09             Total   6.0872E-08             Total   3.5956E-01             Total   1.7196E+02
    1  Th232   1.5633E+06  10.00E+01  Th232   1.0248E-09  10.00E+01  Th232   6.0868E-08  99.99E+00  Th232   3.5956E-01  10.00E+01  Th232   1.7196E+02  10.00E+01
    2  Ra228   1.7915E+00  11.46E-05  Ra228   6.7368E-18  65.73E-08  Ac228   3.8481E-12  63.22E-04  Ra228   1.2361E-06  34.38E-05  Ra228   2.8664E-05  16.67E-06
    3  Ac228   8.3867E-03  53.65E-08  Ac228   1.8858E-18  18.40E-08  Ra228   1.2932E-13  21.24E-05  Ac228   3.6063E-12  10.03E-10  Ac228   2.0967E-10  12.19E-11

      NUCLIDE  GAMMA HEAT   PERCENT  NUCLIDE   BETA HEAT   PERCENT 
                  (kW)       GAMMA               (kW)       BETA
       Total   3.1135E-13             Total   3.2648E-12
    1  Th232   3.1134E-13  10.00E+01  Th232   3.2648E-12  10.00E+01
    2  Ac228   1.2943E-18  41.57E-05  Ra228   6.1614E-18  18.87E-05
    3  Ra228   5.7544E-19  18.48E-05  Ac228   5.9146E-19  18.12E-06



                                                              UNCERTAINTY ESTIMATES (cross sections only)
                                                              -------------------------------------------

    Uncertainty estimates are based on pathway analysis for the irradiation phase
    Total Activity is          1.56331E+06  +/-   0.00E+00  Bq.        Error is   0.00E+00 % of the total.

    Total Heat Production is   1.02485E-09  +/-   0.00E+00  kW.        Error is   0.00E+00 % of the total.

    Total Gamma Dose Rate is   6.08723E-08  +/-   0.00E+00  Sv/hr.     Error is   0.00E+00 % of the total.

    Total Ingestion Dose is    3.59563E-01  +/-   0.00E+00  Sv.        Error is   0.00E+00 % of the total.

    Total Inhalation Dose is   1.71964E+02  +/-   0.00E+00  Sv.        Error is   0.00E+00 % of the total.

    Total Gamma Heat Prod is   3.11346E-13  +/-   0.00E+00  kW.        Error is   0.00E+00 % of the total.

    Total Beta Heat Prod is    3.26476E-12  +/-   0.00E+00  kW.        Error is   0.00E+00 % of the total.

0   Nuclide     Atoms     E(Atoms)  Activity E(Activity)   Heat     E(Heat)  Dose Rate E(Dose Rate) Ingest   E(Ingest)   Inhale   E(Inhale)   % Error
    Th232    1.00000E+24  0.00E+00  1.563E+06  0.00E+00  1.025E-09  0.00E+00  6.087E-08  0.00E+00  3.596E-01  0.00E+00  1.720E+02  0.00E+00  0.000E+00
    Ra228    4.68995E+08  0.00E+00  1.792E+00  0.00E+00  6.737E-18  0.00E+00  1.293E-13  0.00E+00  1.236E-06  0.00E+00  2.866E-05  0.00E+00  0.000E+00
1 * * * TIME INTERVAL  24 * * * COOLING TIME IS   2.0000E+02 SECS OR  3.3333E+00 MINS  * * * ELAPSED TIME IS   8.333 m   * * * FLUX AMP IS  0.0000E+00 /cm^2/s  * * *
  NUCLIDE        ATOMS         GRAMS        Bq       b-Energy    a-Energy   g-Energy    DOSE RATE   INGESTION  INHALATION   HALF LIFE                        
                                                        kW          kW         kW         Sv/hr      DOSE(Sv)    DOSE(Sv)    seconds                         

  He  4    #  7.81657E+08   5.195E-15   0.000E+00   0.000E+00   0.00E+00   0.000E+00   0.000E+00   0.000E+00   0.000E+00     Stable                         
  Ra228       7.81656E+08   2.960E-13   2.986E+00   1.027E-17   0.00E+00   9.591E-19   2.155E-13   2.060E-06   4.777E-05   1.815E+08                        
  Ac228       7.42466E+02   2.811E-19   2.324E-02   1.639E-18   0.00E+00   3.587E-18   1.067E-11   9.995E-12   5.811E-10   2.214E+04                        
  Th228       4.00124E+00   1.515E-21   4.595E-08   1.508E-25   4.05E-23   2.265E-26   4.022E-21   3.308E-15   1.838E-12   6.036E+07                        
  Th232     > 1.00000E+24   3.853E+02   1.563E+06   3.265E-12   1.02E-09   3.113E-13   6.087E-08   3.596E-01   1.720E+02   4.434E+17                        
0  TOTAL NUMBER OF NUCLIDES PRINTED IN INVENTORY =    5
0  TOTAL CURIES   TOTAL ALPHA   TOTAL BETA    TOTAL GAMMA
                  CURIE-MeV     CURIE-MeV     CURIE-MeV
   4.22517E-05   1.72278E-04   5.50731E-07   5.25213E-08
0  ALPHA BECQUERELS = 1.563311E+06  BETA BECQUERELS = 3.009109E+00  GAMMA BECQUERELS = 0.000000E+00
0  TOTAL ACTIVITY FOR ALL MATERIALS     1.56331E+06 Bq
                                        2.08348E-06 Ci/cc           DENSITY   1.90E+01 gm/cc
   TOTAL ACTIVITY EXCLUDING TRITIUM     1.56331E+06 Bq
                                        2.08348E-06 Ci/cc
0  TOTAL ALPHA HEAT PRODUCTION          1.02127E-09 kW
   TOTAL BETA  HEAT PRODUCTION          3.26476E-12 kW
   TOTAL GAMMA HEAT PRODUCTION          3.11349E-13 kW              TOTAL HEAT PRODUCTION 1.02485E-09 kW
0  INITIAL TOTAL MASS OF MATERIAL       3.85309E-01 kg              TOTAL HEAT EX TRITIUM 1.02485E-09 kW
0  TOTAL MASS OF MATERIAL               3.85309E-01 kg
   NEUTRON  FLUX DURING INTERVAL        0.00000E+00 n/cm^2/s
0  NUMBER OF FISSIONS                  -4.00124E+00                 BURN-UP OF ACTINIDES  0.00000E+00 %
0  INGESTION  HAZARD FOR ALL MATERIALS  3.59564E-01 Sv/kg
   INHALATION HAZARD FOR ALL MATERIALS  1.71964E+02 Sv/kg
0  INGESTION  HAZARD EXCLUDING TRITIUM  3.59564E-01 Sv/kg
   INHALATION HAZARD EXCLUDING TRITIUM  1.71964E+02 Sv/kg
0  GAS   RATE (a decay) =  1.56331E+06 atoms per sec =  1.56331E-12 appm/sec
0  APPM OF He  4    =  7.8166E-10



                                               COMPOSITION  OF  MATERIAL  BY  ELEMENT
                                               --------------------------------------
0                                                             BETA                     GAMMA                     ALPHA
                      ATOMS      GRAM-ATOMS     GRAMS      CURIES-MeV      kW        CURIES-MeV      kW        CURIES-MeV      kW

    2       He      7.8166E+08   1.2980E-15   5.1953E-15   0.0000E+00   0.0000E+00   0.0000E+00   0.0000E+00   0.0000E+00   0.0000E+00
   88       Ra      7.8166E+08   1.2980E-15   2.9598E-13   1.7323E-12   1.0269E-17   1.6179E-13   9.5907E-19   0.0000E+00   0.0000E+00
   89       Ac      7.4247E+02   1.2329E-21   2.8114E-19   2.7654E-13   1.6393E-18   6.0515E-13   3.5873E-18   0.0000E+00   0.0000E+00
   90       Th      1.0000E+24   1.6605E+00   3.8531E+02   5.5073E-07   3.2648E-12   5.2520E-08   3.1134E-13   1.7228E-04   1.0213E-09



                                               GAMMA SPECTRUM AND ENERGIES/SECOND
                                               ----------------------------------

     NEUTRONS PER SECOND ARISING FROM SPONTANEOUS FISSION                    3.28295E-05    Entered density (g/cc)      19.00
     POWER FROM ALPHA PARTICLES (MeV per Second)                             6.37428E+06
     POWER FROM BETA  PARTICLES (MeV per Second)                             2.03771E+04
     TOTAL GAMMA POWER FROM ACTIVATION  (MeV per Second)                     1.94329E+03    Total gammas (per cc per second)      6.21952E+03
     GAMMA RAY POWER FROM ACTIVATION DECAY  MeV/s    (  0.000-  0.010 MeV)   7.76469E+01    Gammas per group (per cc per second)  7.65772E+02
                                                     (  0.010-  0.020 MeV)   1.61885E+03                                          5.32184E+03
                                                     (  0.020-  0.050 MeV)   1.86004E-05                                          2.62060E-05
                                                     (  0.050-  0.100 MeV)   1.54494E+02                                          1.01577E+02
                                                     (  0.100-  0.200 MeV)   9.22707E+01                                          3.03331E+01
                                                     (  0.200-  0.300 MeV)   4.98293E-04                                          9.82856E-05
                                                     (  0.300-  0.400 MeV)   1.30241E-03                                          1.83496E-04
                                                     (  0.400-  0.600 MeV)   1.11946E-03                                          1.10404E-04
                                                     (  0.600-  0.800 MeV)   1.81475E-03                                          1.27839E-04
                                                     (  0.800-  1.000 MeV)   1.24005E-02                                          6.79425E-04
                                                     (  1.000-  1.220 MeV)   3.66502E-04                                          1.62816E-05
                                                     (  1.220-  1.440 MeV)   3.03407E-04                                          1.12491E-05
                                                     (  1.440-  1.660 MeV)   3.79219E-03                                          1.20643E-04
                                                     (  1.660-  2.000 MeV)   4.17170E-04                                          1.12411E-05
                                                     (  2.000-  2.500 MeV)   0.00000E+00                                          0.00000E+00
                                                     (  2.500-  3.000 MeV)   0.00000E+00                                          0.00000E+00
                                                     (  3.000-  4.000 MeV)   0.00000E+00                                          0.00000E+00
                                                     (  4.000-  5.000 MeV)   0.00000E+00                                          0.00000E+00
                                                     (  5.000-  6.500 MeV)   0.00000E+00                                          0.00000E+00
                                                     (  6.500-  8.000 MeV)   0.00000E+00                                          0.00000E+00
                                                     (  8.000- 10.000 MeV)   0.00000E+00                                          0.00000E+00
                                                     ( 10.000- 12.000 MeV)   0.00000E+00                                          0.00000E+00
                                                     ( 12.000- 14.000 MeV)   0.00000E+00                                          0.00000E+00
                                                     ( 14.000- 20.000 MeV)   0.00000E+00                                          0.00000E+00

    DOSE RATE (PLANE SOURCE) FROM GAMMAS WITH ENERGY 0-20 MeV IS            6.08792E-08 Sieverts/hour   ( 6.08792E-06 Rems/hour)




                                                                           DOMINANT NUCLIDES
                                                                           -----------------

      NUCLIDE   ACTIVITY    PERCENT  NUCLIDE     HEAT      PERCENT  NUCLIDE  DOSE RATE    PERCENT  NUCLIDE  INGESTION    PERCENT  NUCLIDE  INHALATION   PERCENT 
                  (Bq)      ACTIVITY             (kW)       HEAT              (Sv/hr)    DOSE RATE            (Sv)      INGESTION            (Sv)     INHALATION
       Total   1.5633E+06             Total   1.0248E-09             Total   6.0879E-08             Total   3.5956E-01             Total   1.7196E+02
    1  Th232   1.5633E+06  10.00E+01  Th232   1.0248E-09  10.00E+01  Th232   6.0868E-08  99.98E+00  Th232   3.5956E-01  10.00E+01  Th232   1.7196E+02  10.00E+01
    2  Ra228   2.9859E+00  19.10E-05  Ra228   1.1228E-17  10.96E-07  Ac228   1.0665E-11  17.52E-03  Ra228   2.0602E-06  57.30E-05  Ra228   4.7774E-05  27.78E-06
    3  Ac228   2.3245E-02  14.87E-07  Ac228   5.2267E-18  51.00E-08  Ra228   2.1553E-13  35.40E-05  Ac228   9.9952E-12  27.80E-10  Ac228   5.8112E-10  33.79E-11
    4  Th228   4.5949E-08  29.39E-13  Th228   4.0646E-23  39.66E-13  Th228   4.0222E-21  66.07E-13  Th228   3.3083E-15  92.01E-14  Th228   1.8380E-12  10.69E-13

      NUCLIDE  GAMMA HEAT   PERCENT  NUCLIDE   BETA HEAT   PERCENT 
                  (kW)       GAMMA               (kW)       BETA
       Total   3.1135E-13             Total   3.2648E-12
    1  Th232   3.1134E-13  10.00E+01  Th232   3.2648E-12  10.00E+01
    2  Ac228   3.5873E-18  11.52E-04  Ra228   1.0269E-17  31.45E-05
    3  Ra228   9.5907E-19  30.80E-05  Ac228   1.6393E-18  50.21E-06
    4  Th228   2.2652E-26  72.76E-13  Th228   1.5078E-25  46.18E-13



                                                              UNCERTAINTY ESTIMATES (cross sections only)
                                                              -------------------------------------------

    Uncertainty estimates are based on pathway analysis for the irradiation phase
    Total Activity is          1.56331E+06  +/-   0.00E+00  Bq.        Error is   0.00E+00 % of the total.

    Total Heat Production is   1.02485E-09  +/-   0.00E+00  kW.        Error is   0.00E+00 % of the total.

    Total Gamma Dose Rate is   6.08792E-08  +/-   0.00E+00  Sv/hr.     Error is   0.00E+00 % of the total.

    Total Ingestion Dose is    3.59564E-01  +/-   0.00E+00  Sv.        Error is   0.00E+00 % of the total.

    Total Inhalation Dose is   1.71964E+02  +/-   0.00E+00  Sv.        Error is   0.00E+00 % of the total.

    Total Gamma Heat Prod is   3.11349E-13  +/-   0.00E+00  kW.        Error is   0.00E+00 % of the total.

    Total Beta Heat Prod is    3.26476E-12  +/-   0.00E+00  kW.        Error is   0.00E+00 % of the total.

0   Nuclide     Atoms     E(Atoms)  Activity E(Activity)   Heat     E(Heat)  Dose Rate E(Dose Rate) Ingest   E(Ingest)   Inhale   E(Inhale)   % Error
    Th232    1.00000E+24  0.00E+00  1.563E+06  0.00E+00  1.025E-09  0.00E+00  6.087E-08  0.00E+00  3.596E-01  0.00E+00  1.720E+02  0.00E+00  0.000E+00
    Ra228    7.81656E+08  0.00E+00  2.986E+00  0.00E+00  1.123E-17  0.00E+00  2.155E-13  0.00E+00  2.060E-06  0.00E+00  4.777E-05  0.00E+00  0.000E+00
1 * * * TIME INTERVAL  25 * * * COOLING TIME IS   2.5000E+02 SECS OR  4.1667E+00 MINS  * * * ELAPSED TIME IS  12.500 m   * * * FLUX AMP IS  0.0000E+00 /cm^2/s  * * *
  NUCLIDE        ATOMS         GRAMS        Bq       b-Energy    a-Energy   g-Energy    DOSE RATE   INGESTION  INHALATION   HALF LIFE                        
                                                        kW          kW         kW         Sv/hr      DOSE(Sv)    DOSE(Sv)    seconds                         

  He  4    #  1.17248E+09   7.793E-15   0.000E+00   0.000E+00   0.00E+00   0.000E+00   0.000E+00   0.000E+00   0.000E+00     Stable                         
  Ra228       1.17248E+09   4.440E-13   4.479E+00   1.540E-17   0.00E+00   1.439E-18   3.233E-13   3.090E-06   7.166E-05   1.815E+08                        
  Ac228       1.66612E+03   6.309E-19   5.216E-02   3.679E-18   0.00E+00   8.050E-18   2.393E-11   2.243E-11   1.304E-09   2.214E+04                        
  Th228       1.34282E+01   5.085E-21   1.542E-07   5.060E-25   1.36E-22   7.602E-26   1.350E-20   1.110E-14   6.168E-12   6.036E+07                        
  Th232     > 1.00000E+24   3.853E+02   1.563E+06   3.265E-12   1.02E-09   3.113E-13   6.087E-08   3.596E-01   1.720E+02   4.434E+17                        
0  TOTAL NUMBER OF NUCLIDES PRINTED IN INVENTORY =    5
0  TOTAL CURIES   TOTAL ALPHA   TOTAL BETA    TOTAL GAMMA
                  CURIE-MeV     CURIE-MeV     CURIE-MeV
   4.22518E-05   1.72278E-04   5.50732E-07   5.25221E-08
0  ALPHA BECQUERELS = 1.563311E+06  BETA BECQUERELS = 4.530953E+00  GAMMA BECQUERELS = 0.000000E+00
0  TOTAL ACTIVITY FOR ALL MATERIALS     1.56332E+06 Bq
                                        2.08348E-06 Ci/cc           DENSITY   1.90E+01 gm/cc
   TOTAL ACTIVITY EXCLUDING TRITIUM     1.56332E+06 Bq
                                        2.08348E-06 Ci/cc
0  TOTAL ALPHA HEAT PRODUCTION          1.02127E-09 kW
   TOTAL BETA  HEAT PRODUCTION          3.26477E-12 kW
   TOTAL GAMMA HEAT PRODUCTION          3.11354E-13 kW              TOTAL HEAT PRODUCTION 1.02485E-09 kW
0  INITIAL TOTAL MASS OF MATERIAL       3.85309E-01 kg              TOTAL HEAT EX TRITIUM 1.02485E-09 kW
0  TOTAL MASS OF MATERIAL               3.85309E-01 kg
   NEUTRON  FLUX DURING INTERVAL        0.00000E+00 n/cm^2/s
0  NUMBER OF FISSIONS                  -1.34282E+01                 BURN-UP OF ACTINIDES  0.00000E+00 %
0  INGESTION  HAZARD FOR ALL MATERIALS  3.59565E-01 Sv/kg
   INHALATION HAZARD FOR ALL MATERIALS  1.71964E+02 Sv/kg
0  INGESTION  HAZARD EXCLUDING TRITIUM  3.59565E-01 Sv/kg
   INHALATION HAZARD EXCLUDING TRITIUM  1.71964E+02 Sv/kg
0  GAS   RATE (a decay) =  1.56331E+06 atoms per sec =  1.56331E-12 appm/sec
0  APPM OF He  4    =  1.1725E-09



                                               COMPOSITION  OF  MATERIAL  BY  ELEMENT
                                               --------------------------------------
0                                                             BETA                     GAMMA                     ALPHA
                      ATOMS      GRAM-ATOMS     GRAMS      CURIES-MeV      kW        CURIES-MeV      kW        CURIES-MeV      kW

    2       He      1.1725E+09   1.9470E-15   7.7929E-15   0.0000E+00   0.0000E+00   0.0000E+00   0.0000E+00   0.0000E+00   0.0000E+00
   88       Ra      1.1725E+09   1.9470E-15   4.4397E-13   2.5984E-12   1.5403E-17   2.4268E-13   1.4386E-18   0.0000E+00   0.0000E+00
   89       Ac      1.6661E+03   2.7667E-21   6.3088E-19   6.2055E-13   3.6787E-18   1.3580E-12   8.0501E-18   0.0000E+00   0.0000E+00
   90       Th      1.0000E+24   1.6605E+00   3.8531E+02   5.5073E-07   3.2648E-12   5.2520E-08   3.1134E-13   1.7228E-04   1.0213E-09



                                               GAMMA SPECTRUM AND ENERGIES/SECOND
                                               ----------------------------------

     NEUTRONS PER SECOND ARISING FROM SPONTANEOUS FISSION                    3.28295E-05    Entered density (g/cc)      19.00
     POWER FROM ALPHA PARTICLES (MeV per Second)                             6.37428E+06
     POWER FROM BETA  PARTICLES (MeV per Second)                             2.03771E+04
     TOTAL GAMMA POWER FROM ACTIVATION  (MeV per Second)                     1.94332E+03    Total gammas (per cc per second)      6.21953E+03
     GAMMA RAY POWER FROM ACTIVATION DECAY  MeV/s    (  0.000-  0.010 MeV)   7.76473E+01    Gammas per group (per cc per second)  7.65775E+02
                                                     (  0.010-  0.020 MeV)   1.61886E+03                                          5.32184E+03
                                                     (  0.020-  0.050 MeV)   2.79006E-05                                          3.93089E-05
                                                     (  0.050-  0.100 MeV)   1.54494E+02                                          1.01577E+02
                                                     (  0.100-  0.200 MeV)   9.22709E+01                                          3.03332E+01
                                                     (  0.200-  0.300 MeV)   1.11819E-03                                          2.20556E-04
                                                     (  0.300-  0.400 MeV)   2.92266E-03                                          4.11771E-04
                                                     (  0.400-  0.600 MeV)   2.51212E-03                                          2.47751E-04
                                                     (  0.600-  0.800 MeV)   4.07237E-03                                          2.86876E-04
                                                     (  0.800-  1.000 MeV)   2.78272E-02                                          1.52465E-03
                                                     (  1.000-  1.220 MeV)   8.22443E-04                                          3.65366E-05
                                                     (  1.220-  1.440 MeV)   6.80856E-04                                          2.52434E-05
                                                     (  1.440-  1.660 MeV)   8.50981E-03                                          2.70728E-04
                                                     (  1.660-  2.000 MeV)   9.36145E-04                                          2.52253E-05
                                                     (  2.000-  2.500 MeV)   0.00000E+00                                          0.00000E+00
                                                     (  2.500-  3.000 MeV)   0.00000E+00                                          0.00000E+00
                                                     (  3.000-  4.000 MeV)   0.00000E+00                                          0.00000E+00
                                                     (  4.000-  5.000 MeV)   0.00000E+00                                          0.00000E+00
                                                     (  5.000-  6.500 MeV)   0.00000E+00                                          0.00000E+00
                                                     (  6.500-  8.000 MeV)   0.00000E+00                                          0.00000E+00
                                                     (  8.000- 10.000 MeV)   0.00000E+00                                          0.00000E+00
                                                     ( 10.000- 12.000 MeV)   0.00000E+00                                          0.00000E+00
                                                     ( 12.000- 14.000 MeV)   0.00000E+00                                          0.00000E+00
                                                     ( 14.000- 20.000 MeV)   0.00000E+00                                          0.00000E+00

    DOSE RATE (PLANE SOURCE) FROM GAMMAS WITH ENERGY 0-20 MeV IS            6.08926E-08 Sieverts/hour   ( 6.08926E-06 Rems/hour)




                                                                           DOMINANT NUCLIDES
                                                                           -----------------

      NUCLIDE   ACTIVITY    PERCENT  NUCLIDE     HEAT      PERCENT  NUCLIDE  DOSE RATE    PERCENT  NUCLIDE  INGESTION    PERCENT  NUCLIDE  INHALATION   PERCENT 
                  (Bq)      ACTIVITY             (kW)       HEAT              (Sv/hr)    DOSE RATE            (Sv)      INGESTION            (Sv)     INHALATION
       Total   1.5633E+06             Total   1.0248E-09             Total   6.0893E-08             Total   3.5956E-01             Total   1.7196E+02
    1  Th232   1.5633E+06  10.00E+01  Th232   1.0248E-09  10.00E+01  Th232   6.0868E-08  99.96E+00  Th232   3.5956E-01  10.00E+01  Th232   1.7196E+02  10.00E+01
    2  Ra228   4.4788E+00  28.65E-05  Ra228   1.6842E-17  16.43E-07  Ac228   2.3934E-11  39.30E-03  Ra228   3.0904E-06  85.95E-05  Ra228   7.1661E-05  41.67E-06
    3  Ac228   5.2162E-02  33.37E-07  Ac228   1.1729E-17  11.44E-07  Ra228   3.2329E-13  53.09E-05  Ac228   2.2430E-11  62.38E-10  Ac228   1.3041E-09  75.83E-11
    4  Th228   1.5421E-07  98.64E-13  Th228   1.3641E-22  13.31E-12  Th228   1.3498E-20  22.17E-12  Th228   1.1103E-14  30.88E-13  Th228   6.1682E-12  35.87E-13

      NUCLIDE  GAMMA HEAT   PERCENT  NUCLIDE   BETA HEAT   PERCENT 
                  (kW)       GAMMA               (kW)       BETA
       Total   3.1135E-13             Total   3.2648E-12
    1  Th232   3.1134E-13  10.00E+01  Th232   3.2648E-12  10.00E+01
    2  Ac228   8.0501E-18  25.86E-04  Ra228   1.5403E-17  47.18E-05
    3  Ra228   1.4386E-18  46.20E-05  Ac228   3.6787E-18  11.27E-05
    4  Th228   7.6021E-26  24.42E-12  Th228   5.0602E-25  15.50E-12



                                                              UNCERTAINTY ESTIMATES (cross sections only)
                                                              -------------------------------------------

    Uncertainty estimates are based on pathway analysis for the irradiation phase
    Total Activity is          1.56332E+06  +/-   0.00E+00  Bq.        Error is   0.00E+00 % of the total.

    Total Heat Production is   1.02485E-09  +/-   0.00E+00  kW.        Error is   0.00E+00 % of the total.

    Total Gamma Dose Rate is   6.08926E-08  +/-   0.00E+00  Sv/hr.     Error is   0.00E+00 % of the total.

    Total Ingestion Dose is    3.59565E-01  +/-   0.00E+00  Sv.        Error is   0.00E+00 % of the total.

    Total Inhalation Dose is   1.71964E+02  +/-   0.00E+00  Sv.        Error is   0.00E+00 % of the total.

    Total Gamma Heat Prod is   3.11354E-13  +/-   0.00E+00  kW.        Error is   0.00E+00 % of the total.

    Total Beta Heat Prod is    3.26477E-12  +/-   0.00E+00  kW.        Error is   0.00E+00 % of the total.

0   Nuclide     Atoms     E(Atoms)  Activity E(Activity)   Heat     E(Heat)  Dose Rate E(Dose Rate) Ingest   E(Ingest)   Inhale   E(Inhale)   % Error
    Th232    1.00000E+24  0.00E+00  1.563E+06  0.00E+00  1.025E-09  0.00E+00  6.087E-08  0.00E+00  3.596E-01  0.00E+00  1.720E+02  0.00E+00  0.000E+00
    Ra228    1.17248E+09  0.00E+00  4.479E+00  0.00E+00  1.684E-17  0.00E+00  3.233E-13  0.00E+00  3.090E-06  0.00E+00  7.166E-05  0.00E+00  0.000E+00
1 * * * TIME INTERVAL  26 * * * COOLING TIME IS   2.5000E+02 SECS OR  4.1667E+00 MINS  * * * ELAPSED TIME IS  16.667 m   * * * FLUX AMP IS  0.0000E+00 /cm^2/s  * * *
  NUCLIDE        ATOMS         GRAMS        Bq       b-Energy    a-Energy   g-Energy    DOSE RATE   INGESTION  INHALATION   HALF LIFE                        
                                                        kW          kW         kW         Sv/hr      DOSE(Sv)    DOSE(Sv)    seconds                         

  He  4    #  1.56331E+09   1.039E-14   0.000E+00   0.000E+00   0.00E+00   0.000E+00   0.000E+00   0.000E+00   0.000E+00     Stable                         
  Ra228       1.56331E+09   5.920E-13   5.972E+00   2.054E-17   0.00E+00   1.918E-18   4.311E-13   4.120E-06   9.555E-05   1.815E+08                        
  Ac228       2.95444E+03   1.119E-18   9.250E-02   6.523E-18   0.00E+00   1.427E-17   4.244E-11   3.977E-11   2.312E-09   2.214E+04                        
  Th228       3.14278E+01   1.190E-20   3.609E-07   1.184E-24   3.18E-22   1.779E-25   3.159E-20   2.599E-14   1.444E-11   6.036E+07                        
  Th232     > 1.00000E+24   3.853E+02   1.563E+06   3.265E-12   1.02E-09   3.113E-13   6.087E-08   3.596E-01   1.720E+02   4.434E+17                        
0  TOTAL NUMBER OF NUCLIDES PRINTED IN INVENTORY =    5
0  TOTAL CURIES   TOTAL ALPHA   TOTAL BETA    TOTAL GAMMA
                  CURIE-MeV     CURIE-MeV     CURIE-MeV
   4.22518E-05   1.72278E-04   5.50734E-07   5.25232E-08
0  ALPHA BECQUERELS = 1.563311E+06  BETA BECQUERELS = 6.064212E+00  GAMMA BECQUERELS = 0.000000E+00
0  TOTAL ACTIVITY FOR ALL MATERIALS     1.56332E+06 Bq
                                        2.08348E-06 Ci/cc           DENSITY   1.90E+01 gm/cc
   TOTAL ACTIVITY EXCLUDING TRITIUM     1.56332E+06 Bq
                                        2.08348E-06 Ci/cc
0  TOTAL ALPHA HEAT PRODUCTION          1.02127E-09 kW
   TOTAL BETA  HEAT PRODUCTION          3.26478E-12 kW
   TOTAL GAMMA HEAT PRODUCTION          3.11360E-13 kW              TOTAL HEAT PRODUCTION 1.02485E-09 kW
0  INITIAL TOTAL MASS OF MATERIAL       3.85309E-01 kg              TOTAL HEAT EX TRITIUM 1.02485E-09 kW
0  TOTAL MASS OF MATERIAL               3.85309E-01 kg
   NEUTRON  FLUX DURING INTERVAL        0.00000E+00 n/cm^2/s
0  NUMBER OF FISSIONS                  -3.14278E+01                 BURN-UP OF ACTINIDES  0.00000E+00 %
0  INGESTION  HAZARD FOR ALL MATERIALS  3.59566E-01 Sv/kg
   INHALATION HAZARD FOR ALL MATERIALS  1.71964E+02 Sv/kg
0  INGESTION  HAZARD EXCLUDING TRITIUM  3.59566E-01 Sv/kg
   INHALATION HAZARD EXCLUDING TRITIUM  1.71964E+02 Sv/kg
0  GAS   RATE (a decay) =  1.56331E+06 atoms per sec =  1.56331E-12 appm/sec
0  APPM OF He  4    =  1.5633E-09



                                               COMPOSITION  OF  MATERIAL  BY  ELEMENT
                                               --------------------------------------
0                                                             BETA                     GAMMA                     ALPHA
                      ATOMS      GRAM-ATOMS     GRAMS      CURIES-MeV      kW        CURIES-MeV      kW        CURIES-MeV      kW

    2       He      1.5633E+09   2.5959E-15   1.0391E-14   0.0000E+00   0.0000E+00   0.0000E+00   0.0000E+00   0.0000E+00   0.0000E+00
   88       Ra      1.5633E+09   2.5959E-15   5.9195E-13   3.4645E-12   2.0538E-17   3.2357E-13   1.9181E-18   0.0000E+00   0.0000E+00
   89       Ac      2.9544E+03   4.9060E-21   1.1187E-18   1.1004E-12   6.5232E-18   2.4080E-12   1.4275E-17   0.0000E+00   0.0000E+00
   90       Th      1.0000E+24   1.6605E+00   3.8531E+02   5.5073E-07   3.2648E-12   5.2520E-08   3.1134E-13   1.7228E-04   1.0213E-09



                                               GAMMA SPECTRUM AND ENERGIES/SECOND
                                               ----------------------------------

     NEUTRONS PER SECOND ARISING FROM SPONTANEOUS FISSION                    3.28295E-05    Entered density (g/cc)      19.00
     POWER FROM ALPHA PARTICLES (MeV per Second)                             6.37428E+06
     POWER FROM BETA  PARTICLES (MeV per Second)                             2.03771E+04
     TOTAL GAMMA POWER FROM ACTIVATION  (MeV per Second)                     1.94336E+03    Total gammas (per cc per second)      6.21955E+03
     GAMMA RAY POWER FROM ACTIVATION DECAY  MeV/s    (  0.000-  0.010 MeV)   7.76476E+01    Gammas per group (per cc per second)  7.65778E+02
                                                     (  0.010-  0.020 MeV)   1.61886E+03                                          5.32185E+03
                                                     (  0.020-  0.050 MeV)   3.72008E-05                                          5.24118E-05
                                                     (  0.050-  0.100 MeV)   1.54494E+02                                          1.01577E+02
                                                     (  0.100-  0.200 MeV)   9.22712E+01                                          3.03333E+01
                                                     (  0.200-  0.300 MeV)   1.98282E-03                                          3.91100E-04
                                                     (  0.300-  0.400 MeV)   5.18258E-03                                          7.30168E-04
                                                     (  0.400-  0.600 MeV)   4.45459E-03                                          4.39322E-04
                                                     (  0.600-  0.800 MeV)   7.22129E-03                                          5.08700E-04
                                                     (  0.800-  1.000 MeV)   4.93443E-02                                          2.70358E-03
                                                     (  1.000-  1.220 MeV)   1.45839E-03                                          6.47881E-05
                                                     (  1.220-  1.440 MeV)   1.20732E-03                                          4.47627E-05
                                                     (  1.440-  1.660 MeV)   1.50899E-02                                          4.80066E-04
                                                     (  1.660-  2.000 MeV)   1.66001E-03                                          4.47306E-05
                                                     (  2.000-  2.500 MeV)   0.00000E+00                                          0.00000E+00
                                                     (  2.500-  3.000 MeV)   0.00000E+00                                          0.00000E+00
                                                     (  3.000-  4.000 MeV)   0.00000E+00                                          0.00000E+00
                                                     (  4.000-  5.000 MeV)   0.00000E+00                                          0.00000E+00
                                                     (  5.000-  6.500 MeV)   0.00000E+00                                          0.00000E+00
                                                     (  6.500-  8.000 MeV)   0.00000E+00                                          0.00000E+00
                                                     (  8.000- 10.000 MeV)   0.00000E+00                                          0.00000E+00
                                                     ( 10.000- 12.000 MeV)   0.00000E+00                                          0.00000E+00
                                                     ( 12.000- 14.000 MeV)   0.00000E+00                                          0.00000E+00
                                                     ( 14.000- 20.000 MeV)   0.00000E+00                                          0.00000E+00

    DOSE RATE (PLANE SOURCE) FROM GAMMAS WITH ENERGY 0-20 MeV IS            6.09112E-08 Sieverts/hour   ( 6.09112E-06 Rems/hour)




                                                                           DOMINANT NUCLIDES
                                                                           -----------------

      NUCLIDE   ACTIVITY    PERCENT  NUCLIDE     HEAT      PERCENT  NUCLIDE  DOSE RATE    PERCENT  NUCLIDE  INGESTION    PERCENT  NUCLIDE  INHALATION   PERCENT 
                  (Bq)      ACTIVITY             (kW)       HEAT              (Sv/hr)    DOSE RATE            (Sv)      INGESTION            (Sv)     INHALATION
       Total   1.5633E+06             Total   1.0248E-09             Total   6.0911E-08             Total   3.5957E-01             Total   1.7196E+02
    1  Th232   1.5633E+06  10.00E+01  Th232   1.0248E-09  10.00E+01  Th232   6.0868E-08  99.93E+00  Th232   3.5956E-01  10.00E+01  Th232   1.7196E+02  10.00E+01
    2  Ra228   5.9717E+00  38.20E-05  Ra228   2.2456E-17  21.91E-07  Ac228   4.2440E-11  69.68E-03  Ra228   4.1205E-06  11.46E-04  Ra228   9.5547E-05  55.56E-06
    3  Ac228   9.2496E-02  59.17E-07  Ac228   2.0798E-17  20.29E-07  Ra228   4.3106E-13  70.77E-05  Ac228   3.9773E-11  11.06E-09  Ac228   2.3124E-09  13.45E-10
    4  Th228   3.6091E-07  23.09E-12  Th228   3.1925E-22  31.15E-12  Th228   3.1592E-20  51.87E-12  Th228   2.5985E-14  72.27E-13  Th228   1.4436E-11  83.95E-13

      NUCLIDE  GAMMA HEAT   PERCENT  NUCLIDE   BETA HEAT   PERCENT 
                  (kW)       GAMMA               (kW)       BETA
       Total   3.1136E-13             Total   3.2648E-12
    1  Th232   3.1134E-13  99.99E+00  Th232   3.2648E-12  10.00E+01
    2  Ac228   1.4275E-17  45.85E-04  Ra228   2.0538E-17  62.91E-05
    3  Ra228   1.9181E-18  61.61E-05  Ac228   6.5232E-18  19.98E-05
    4  Th228   1.7792E-25  57.14E-12  Th228   1.1843E-24  36.28E-12



                                                              UNCERTAINTY ESTIMATES (cross sections only)
                                                              -------------------------------------------

    Uncertainty estimates are based on pathway analysis for the irradiation phase
    Total Activity is          1.56332E+06  +/-   0.00E+00  Bq.        Error is   0.00E+00 % of the total.

    Total Heat Production is   1.02485E-09  +/-   0.00E+00  kW.        Error is   0.00E+00 % of the total.

    Total Gamma Dose Rate is   6.09112E-08  +/-   0.00E+00  Sv/hr.     Error is   0.00E+00 % of the total.

    Total Ingestion Dose is    3.59566E-01  +/-   0.00E+00  Sv.        Error is   0.00E+00 % of the total.

    Total Inhalation Dose is   1.71964E+02  +/-   0.00E+00  Sv.        Error is   0.00E+00 % of the total.

    Total Gamma Heat Prod is   3.11360E-13  +/-   0.00E+00  kW.        Error is   0.00E+00 % of the total.

    Total Beta Heat Prod is    3.26478E-12  +/-   0.00E+00  kW.        Error is   0.00E+00 % of the total.

0   Nuclide     Atoms     E(Atoms)  Activity E(Activity)   Heat     E(Heat)  Dose Rate E(Dose Rate) Ingest   E(Ingest)   Inhale   E(Inhale)   % Error
    Th232    1.00000E+24  0.00E+00  1.563E+06  0.00E+00  1.025E-09  0.00E+00  6.087E-08  0.00E+00  3.596E-01  0.00E+00  1.720E+02  0.00E+00  0.000E+00
    Ra228    1.56331E+09  0.00E+00  5.972E+00  0.00E+00  2.246E-17  0.00E+00  4.311E-13  0.00E+00  4.120E-06  0.00E+00  9.555E-05  0.00E+00  0.000E+00
1 * * * TIME INTERVAL  27 * * * COOLING TIME IS   2.5000E+02 SECS OR  4.1667E+00 MINS  * * * ELAPSED TIME IS  20.833 m   * * * FLUX AMP IS  0.0000E+00 /cm^2/s  * * *
  NUCLIDE        ATOMS         GRAMS        Bq       b-Energy    a-Energy   g-Energy    DOSE RATE   INGESTION  INHALATION   HALF LIFE                        
                                                        kW          kW         kW         Sv/hr      DOSE(Sv)    DOSE(Sv)    seconds                         

  He  4    #  1.95414E+09   1.299E-14   0.000E+00   0.000E+00   0.00E+00   0.000E+00   0.000E+00   0.000E+00   0.000E+00     Stable                         
  Ra228       1.95414E+09   7.399E-13   7.465E+00   2.567E-17   0.00E+00   2.398E-18   5.388E-13   5.151E-06   1.194E-04   1.815E+08                        
  Ac228       4.60443E+03   1.743E-18   1.442E-01   1.017E-17   0.00E+00   2.225E-17   6.614E-11   6.199E-11   3.604E-09   2.214E+04                        
  Th228       6.09766E+01   2.309E-20   7.002E-07   2.298E-24   6.17E-22   3.452E-25   6.130E-20   5.042E-14   2.801E-11   6.036E+07                        
  Th232     > 1.00000E+24   3.853E+02   1.563E+06   3.265E-12   1.02E-09   3.113E-13   6.087E-08   3.596E-01   1.720E+02   4.434E+17                        
0  TOTAL NUMBER OF NUCLIDES PRINTED IN INVENTORY =    5
0  TOTAL CURIES   TOTAL ALPHA   TOTAL BETA    TOTAL GAMMA
                  CURIE-MeV     CURIE-MeV     CURIE-MeV
   4.22519E-05   1.72278E-04   5.50735E-07   5.25247E-08
0  ALPHA BECQUERELS = 1.563311E+06  BETA BECQUERELS = 7.608794E+00  GAMMA BECQUERELS = 0.000000E+00
0  TOTAL ACTIVITY FOR ALL MATERIALS     1.56332E+06 Bq
                                        2.08349E-06 Ci/cc           DENSITY   1.90E+01 gm/cc
   TOTAL ACTIVITY EXCLUDING TRITIUM     1.56332E+06 Bq
                                        2.08349E-06 Ci/cc
0  TOTAL ALPHA HEAT PRODUCTION          1.02127E-09 kW
   TOTAL BETA  HEAT PRODUCTION          3.26479E-12 kW
   TOTAL GAMMA HEAT PRODUCTION          3.11369E-13 kW              TOTAL HEAT PRODUCTION 1.02485E-09 kW
0  INITIAL TOTAL MASS OF MATERIAL       3.85309E-01 kg              TOTAL HEAT EX TRITIUM 1.02485E-09 kW
0  TOTAL MASS OF MATERIAL               3.85309E-01 kg
   NEUTRON  FLUX DURING INTERVAL        0.00000E+00 n/cm^2/s
0  NUMBER OF FISSIONS                  -6.09766E+01                 BURN-UP OF ACTINIDES  0.00000E+00 %
0  INGESTION  HAZARD FOR ALL MATERIALS  3.59567E-01 Sv/kg
   INHALATION HAZARD FOR ALL MATERIALS  1.71964E+02 Sv/kg
0  INGESTION  HAZARD EXCLUDING TRITIUM  3.59567E-01 Sv/kg
   INHALATION HAZARD EXCLUDING TRITIUM  1.71964E+02 Sv/kg
0  GAS   RATE (a decay) =  1.56331E+06 atoms per sec =  1.56331E-12 appm/sec
0  APPM OF He  4    =  1.9541E-09



                                               COMPOSITION  OF  MATERIAL  BY  ELEMENT
                                               --------------------------------------
0                                                             BETA                     GAMMA                     ALPHA
                      ATOMS      GRAM-ATOMS     GRAMS      CURIES-MeV      kW        CURIES-MeV      kW        CURIES-MeV      kW

    2       He      1.9541E+09   3.2449E-15   1.2988E-14   0.0000E+00   0.0000E+00   0.0000E+00   0.0000E+00   0.0000E+00   0.0000E+00
   88       Ra      1.9541E+09   3.2449E-15   7.3994E-13   4.3306E-12   2.5672E-17   4.0446E-13   2.3977E-18   0.0000E+00   0.0000E+00
   89       Ac      4.6044E+03   7.6458E-21   1.7435E-18   1.7149E-12   1.0166E-17   3.7528E-12   2.2247E-17   0.0000E+00   0.0000E+00
   90       Th      1.0000E+24   1.6605E+00   3.8531E+02   5.5073E-07   3.2648E-12   5.2520E-08   3.1134E-13   1.7228E-04   1.0213E-09



                                               GAMMA SPECTRUM AND ENERGIES/SECOND
                                               ----------------------------------

     NEUTRONS PER SECOND ARISING FROM SPONTANEOUS FISSION                    3.28295E-05    Entered density (g/cc)      19.00
     POWER FROM ALPHA PARTICLES (MeV per Second)                             6.37428E+06
     POWER FROM BETA  PARTICLES (MeV per Second)                             2.03772E+04
     TOTAL GAMMA POWER FROM ACTIVATION  (MeV per Second)                     1.94341E+03    Total gammas (per cc per second)      6.21956E+03
     GAMMA RAY POWER FROM ACTIVATION DECAY  MeV/s    (  0.000-  0.010 MeV)   7.76479E+01    Gammas per group (per cc per second)  7.65781E+02
                                                     (  0.010-  0.020 MeV)   1.61886E+03                                          5.32186E+03
                                                     (  0.020-  0.050 MeV)   4.65010E-05                                          6.55147E-05
                                                     (  0.050-  0.100 MeV)   1.54494E+02                                          1.01577E+02
                                                     (  0.100-  0.200 MeV)   9.22716E+01                                          3.03334E+01
                                                     (  0.200-  0.300 MeV)   3.09018E-03                                          6.09521E-04
                                                     (  0.300-  0.400 MeV)   8.07696E-03                                          1.13795E-03
                                                     (  0.400-  0.600 MeV)   6.94239E-03                                          6.84675E-04
                                                     (  0.600-  0.800 MeV)   1.12542E-02                                          7.92799E-04
                                                     (  0.800-  1.000 MeV)   7.69021E-02                                          4.21348E-03
                                                     (  1.000-  1.220 MeV)   2.27287E-03                                          1.00971E-04
                                                     (  1.220-  1.440 MeV)   1.88159E-03                                          6.97618E-05
                                                     (  1.440-  1.660 MeV)   2.35174E-02                                          7.48173E-04
                                                     (  1.660-  2.000 MeV)   2.58710E-03                                          6.97118E-05
                                                     (  2.000-  2.500 MeV)   0.00000E+00                                          0.00000E+00
                                                     (  2.500-  3.000 MeV)   0.00000E+00                                          0.00000E+00
                                                     (  3.000-  4.000 MeV)   0.00000E+00                                          0.00000E+00
                                                     (  4.000-  5.000 MeV)   0.00000E+00                                          0.00000E+00
                                                     (  5.000-  6.500 MeV)   0.00000E+00                                          0.00000E+00
                                                     (  6.500-  8.000 MeV)   0.00000E+00                                          0.00000E+00
                                                     (  8.000- 10.000 MeV)   0.00000E+00                                          0.00000E+00
                                                     ( 10.000- 12.000 MeV)   0.00000E+00                                          0.00000E+00
                                                     ( 12.000- 14.000 MeV)   0.00000E+00                                          0.00000E+00
                                                     ( 14.000- 20.000 MeV)   0.00000E+00                                          0.00000E+00

    DOSE RATE (PLANE SOURCE) FROM GAMMAS WITH ENERGY 0-20 MeV IS            6.09350E-08 Sieverts/hour   ( 6.09350E-06 Rems/hour)




                                                                           DOMINANT NUCLIDES
                                                                           -----------------

      NUCLIDE   ACTIVITY    PERCENT  NUCLIDE     HEAT      PERCENT  NUCLIDE  DOSE RATE    PERCENT  NUCLIDE  INGESTION    PERCENT  NUCLIDE  INHALATION   PERCENT 
                  (Bq)      ACTIVITY             (kW)       HEAT              (Sv/hr)    DOSE RATE            (Sv)      INGESTION            (Sv)     INHALATION
       Total   1.5633E+06             Total   1.0248E-09             Total   6.0935E-08             Total   3.5957E-01             Total   1.7196E+02
    1  Th232   1.5633E+06  10.00E+01  Th232   1.0248E-09  10.00E+01  Th232   6.0868E-08  99.89E+00  Th232   3.5956E-01  10.00E+01  Th232   1.7196E+02  10.00E+01
    2  Ra228   7.4646E+00  47.75E-05  Ac228   3.2413E-17  31.63E-07  Ac228   6.6142E-11  10.85E-02  Ra228   5.1506E-06  14.32E-04  Ra228   1.1943E-04  69.45E-06
    3  Ac228   1.4415E-01  92.21E-07  Ra228   2.8070E-17  27.39E-07  Ra228   5.3882E-13  88.43E-05  Ac228   6.1986E-11  17.24E-09  Ac228   3.6038E-09  20.96E-10
    4  Th228   7.0024E-07  44.79E-12  Th228   6.1941E-22  60.44E-12  Th228   6.1296E-20  10.06E-11  Th228   5.0417E-14  14.02E-12  Th228   2.8010E-11  16.29E-12

      NUCLIDE  GAMMA HEAT   PERCENT  NUCLIDE   BETA HEAT   PERCENT 
                  (kW)       GAMMA               (kW)       BETA
       Total   3.1137E-13             Total   3.2648E-12
    1  Th232   3.1134E-13  99.99E+00  Th232   3.2648E-12  10.00E+01
    2  Ac228   2.2247E-17  71.45E-04  Ra228   2.5672E-17  78.63E-05
    3  Ra228   2.3977E-18  77.00E-05  Ac228   1.0166E-17  31.14E-05
    4  Th228   3.4521E-25  11.09E-11  Th228   2.2978E-24  70.38E-12



                                                              UNCERTAINTY ESTIMATES (cross sections only)
                                                              -------------------------------------------

    Uncertainty estimates are based on pathway analysis for the irradiation phase
    Total Activity is          1.56332E+06  +/-   0.00E+00  Bq.        Error is   0.00E+00 % of the total.

    Total Heat Production is   1.02485E-09  +/-   0.00E+00  kW.        Error is   0.00E+00 % of the total.

    Total Gamma Dose Rate is   6.09350E-08  +/-   0.00E+00  Sv/hr.     Error is   0.00E+00 % of the total.

    Total Ingestion Dose is    3.59567E-01  +/-   0.00E+00  Sv.        Error is   0.00E+00 % of the total.

    Total Inhalation Dose is   1.71964E+02  +/-   0.00E+00  Sv.        Error is   0.00E+00 % of the total.

    Total Gamma Heat Prod is   3.11369E-13  +/-   0.00E+00  kW.        Error is   0.00E+00 % of the total.

    Total Beta Heat Prod is    3.26479E-12  +/-   0.00E+00  kW.        Error is   0.00E+00 % of the total.

0   Nuclide     Atoms     E(Atoms)  Activity E(Activity)   Heat     E(Heat)  Dose Rate E(Dose Rate) Ingest   E(Ingest)   Inhale   E(Inhale)   % Error
    Th232    1.00000E+24  0.00E+00  1.563E+06  0.00E+00  1.025E-09  0.00E+00  6.087E-08  0.00E+00  3.596E-01  0.00E+00  1.720E+02  0.00E+00  0.000E+00
    Ra228    1.95414E+09  0.00E+00  7.465E+00  0.00E+00  2.807E-17  0.00E+00  5.388E-13  0.00E+00  5.151E-06  0.00E+00  1.194E-04  0.00E+00  0.000E+00
1 * * * TIME INTERVAL  28 * * * COOLING TIME IS   2.5000E+02 SECS OR  4.1667E+00 MINS  * * * ELAPSED TIME IS  25.000 m   * * * FLUX AMP IS  0.0000E+00 /cm^2/s  * * *
  NUCLIDE        ATOMS         GRAMS        Bq       b-Energy    a-Energy   g-Energy    DOSE RATE   INGESTION  INHALATION   HALF LIFE                        
                                                        kW          kW         kW         Sv/hr      DOSE(Sv)    DOSE(Sv)    seconds                         

  He  4    #  2.34497E+09   1.559E-14   0.000E+00   0.000E+00   0.00E+00   0.000E+00   0.000E+00   0.000E+00   0.000E+00     Stable                         
  Ra228       2.34496E+09   8.879E-13   8.958E+00   3.081E-17   0.00E+00   2.877E-18   6.466E-13   6.181E-06   1.433E-04   1.815E+08                        
  Ac228       6.61323E+03   2.504E-18   2.070E-01   1.460E-17   0.00E+00   3.195E-17   9.500E-11   8.903E-11   5.176E-09   2.214E+04                        
  Th228       1.04958E+02   3.974E-20   1.205E-06   3.955E-24   1.06E-21   5.942E-25   1.055E-19   8.678E-14   4.821E-11   6.036E+07                        
  Th232     > 1.00000E+24   3.853E+02   1.563E+06   3.265E-12   1.02E-09   3.113E-13   6.087E-08   3.596E-01   1.720E+02   4.434E+17                        
0  TOTAL NUMBER OF NUCLIDES PRINTED IN INVENTORY =    5
0  TOTAL CURIES   TOTAL ALPHA   TOTAL BETA    TOTAL GAMMA
                  CURIE-MeV     CURIE-MeV     CURIE-MeV
   4.22519E-05   1.72278E-04   5.50737E-07   5.25264E-08
0  ALPHA BECQUERELS = 1.563311E+06  BETA BECQUERELS = 9.164606E+00  GAMMA BECQUERELS = 0.000000E+00
0  TOTAL ACTIVITY FOR ALL MATERIALS     1.56332E+06 Bq
                                        2.08349E-06 Ci/cc           DENSITY   1.90E+01 gm/cc
   TOTAL ACTIVITY EXCLUDING TRITIUM     1.56332E+06 Bq
                                        2.08349E-06 Ci/cc
0  TOTAL ALPHA HEAT PRODUCTION          1.02127E-09 kW
   TOTAL BETA  HEAT PRODUCTION          3.26480E-12 kW
   TOTAL GAMMA HEAT PRODUCTION          3.11379E-13 kW              TOTAL HEAT PRODUCTION 1.02485E-09 kW
0  INITIAL TOTAL MASS OF MATERIAL       3.85309E-01 kg              TOTAL HEAT EX TRITIUM 1.02485E-09 kW
0  TOTAL MASS OF MATERIAL               3.85309E-01 kg
   NEUTRON  FLUX DURING INTERVAL        0.00000E+00 n/cm^2/s
0  NUMBER OF FISSIONS                  -1.04958E+02                 BURN-UP OF ACTINIDES  0.00000E+00 %
0  INGESTION  HAZARD FOR ALL MATERIALS  3.59568E-01 Sv/kg
   INHALATION HAZARD FOR ALL MATERIALS  1.71964E+02 Sv/kg
0  INGESTION  HAZARD EXCLUDING TRITIUM  3.59568E-01 Sv/kg
   INHALATION HAZARD EXCLUDING TRITIUM  1.71964E+02 Sv/kg
0  GAS   RATE (a decay) =  1.56331E+06 atoms per sec =  1.56331E-12 appm/sec
0  APPM OF He  4    =  2.3450E-09



                                               COMPOSITION  OF  MATERIAL  BY  ELEMENT
                                               --------------------------------------
0                                                             BETA                     GAMMA                     ALPHA
                      ATOMS      GRAM-ATOMS     GRAMS      CURIES-MeV      kW        CURIES-MeV      kW        CURIES-MeV      kW

    2       He      2.3450E+09   3.8939E-15   1.5586E-14   0.0000E+00   0.0000E+00   0.0000E+00   0.0000E+00   0.0000E+00   0.0000E+00
   88       Ra      2.3450E+09   3.8939E-15   8.8793E-13   5.1968E-12   3.0807E-17   4.8535E-13   2.8772E-18   0.0000E+00   0.0000E+00
   89       Ac      6.6132E+03   1.0982E-20   2.5041E-18   2.4631E-12   1.4602E-17   5.3901E-12   3.1953E-17   0.0000E+00   0.0000E+00
   90       Th      1.0000E+24   1.6605E+00   3.8531E+02   5.5073E-07   3.2648E-12   5.2520E-08   3.1134E-13   1.7228E-04   1.0213E-09



                                               GAMMA SPECTRUM AND ENERGIES/SECOND
                                               ----------------------------------

     NEUTRONS PER SECOND ARISING FROM SPONTANEOUS FISSION                    3.28295E-05    Entered density (g/cc)      19.00
     POWER FROM ALPHA PARTICLES (MeV per Second)                             6.37428E+06
     POWER FROM BETA  PARTICLES (MeV per Second)                             2.03773E+04
     TOTAL GAMMA POWER FROM ACTIVATION  (MeV per Second)                     1.94348E+03    Total gammas (per cc per second)      6.21958E+03
     GAMMA RAY POWER FROM ACTIVATION DECAY  MeV/s    (  0.000-  0.010 MeV)   7.76483E+01    Gammas per group (per cc per second)  7.65785E+02
                                                     (  0.010-  0.020 MeV)   1.61887E+03                                          5.32187E+03
                                                     (  0.020-  0.050 MeV)   5.58011E-05                                          7.86176E-05
                                                     (  0.050-  0.100 MeV)   1.54494E+02                                          1.01577E+02
                                                     (  0.100-  0.200 MeV)   9.22721E+01                                          3.03336E+01
                                                     (  0.200-  0.300 MeV)   4.43835E-03                                          8.75440E-04
                                                     (  0.300-  0.400 MeV)   1.16007E-02                                          1.63441E-03
                                                     (  0.400-  0.600 MeV)   9.97118E-03                                          9.83380E-04
                                                     (  0.600-  0.800 MeV)   1.61642E-02                                          1.13868E-03
                                                     (  0.800-  1.000 MeV)   1.10453E-01                                          6.05171E-03
                                                     (  1.000-  1.220 MeV)   3.26447E-03                                          1.45022E-04
                                                     (  1.220-  1.440 MeV)   2.70248E-03                                          1.00197E-04
                                                     (  1.440-  1.660 MeV)   3.37774E-02                                          1.07458E-03
                                                     (  1.660-  2.000 MeV)   3.71578E-03                                          1.00125E-04
                                                     (  2.000-  2.500 MeV)   0.00000E+00                                          0.00000E+00
                                                     (  2.500-  3.000 MeV)   0.00000E+00                                          0.00000E+00
                                                     (  3.000-  4.000 MeV)   0.00000E+00                                          0.00000E+00
                                                     (  4.000-  5.000 MeV)   0.00000E+00                                          0.00000E+00
                                                     (  5.000-  6.500 MeV)   0.00000E+00                                          0.00000E+00
                                                     (  6.500-  8.000 MeV)   0.00000E+00                                          0.00000E+00
                                                     (  8.000- 10.000 MeV)   0.00000E+00                                          0.00000E+00
                                                     ( 10.000- 12.000 MeV)   0.00000E+00                                          0.00000E+00
                                                     ( 12.000- 14.000 MeV)   0.00000E+00                                          0.00000E+00
                                                     ( 14.000- 20.000 MeV)   0.00000E+00                                          0.00000E+00

    DOSE RATE (PLANE SOURCE) FROM GAMMAS WITH ENERGY 0-20 MeV IS            6.09640E-08 Sieverts/hour   ( 6.09640E-06 Rems/hour)




                                                                           DOMINANT NUCLIDES
                                                                           -----------------

      NUCLIDE   ACTIVITY    PERCENT  NUCLIDE     HEAT      PERCENT  NUCLIDE  DOSE RATE    PERCENT  NUCLIDE  INGESTION    PERCENT  NUCLIDE  INHALATION   PERCENT 
                  (Bq)      ACTIVITY             (kW)       HEAT              (Sv/hr)    DOSE RATE            (Sv)      INGESTION            (Sv)     INHALATION
       Total   1.5633E+06             Total   1.0248E-09             Total   6.0964E-08             Total   3.5957E-01             Total   1.7196E+02
    1  Th232   1.5633E+06  10.00E+01  Th232   1.0248E-09  10.00E+01  Th232   6.0868E-08  99.84E+00  Th232   3.5956E-01  10.00E+01  Th232   1.7196E+02  10.00E+01
    2  Ra228   8.9576E+00  57.30E-05  Ac228   4.6554E-17  45.43E-07  Ac228   9.4998E-11  15.58E-02  Ra228   6.1807E-06  17.19E-04  Ra228   1.4332E-04  83.34E-06
    3  Ac228   2.0704E-01  13.24E-06  Ra228   3.3684E-17  32.87E-07  Ra228   6.4659E-13  10.61E-04  Ac228   8.9029E-11  24.76E-09  Ac228   5.1761E-09  30.10E-10
    4  Th228   1.2053E-06  77.10E-12  Th228   1.0662E-21  10.40E-11  Th228   1.0551E-19  17.31E-11  Th228   8.6782E-14  24.14E-12  Th228   4.8212E-11  28.04E-12

      NUCLIDE  GAMMA HEAT   PERCENT  NUCLIDE   BETA HEAT   PERCENT 
                  (kW)       GAMMA               (kW)       BETA
       Total   3.1138E-13             Total   3.2648E-12
    1  Th232   3.1134E-13  99.99E+00  Th232   3.2648E-12  10.00E+01
    2  Ac228   3.1953E-17  10.26E-03  Ra228   3.0807E-17  94.36E-05
    3  Ra228   2.8772E-18  92.40E-05  Ac228   1.4602E-17  44.72E-05
    4  Th228   5.9420E-25  19.08E-11  Th228   3.9552E-24  12.11E-11



                                                              UNCERTAINTY ESTIMATES (cross sections only)
                                                              -------------------------------------------

    Uncertainty estimates are based on pathway analysis for the irradiation phase
    Total Activity is          1.56332E+06  +/-   0.00E+00  Bq.        Error is   0.00E+00 % of the total.

    Total Heat Production is   1.02485E-09  +/-   0.00E+00  kW.        Error is   0.00E+00 % of the total.

    Total Gamma Dose Rate is   6.09640E-08  +/-   0.00E+00  Sv/hr.     Error is   0.00E+00 % of the total.

    Total Ingestion Dose is    3.59568E-01  +/-   0.00E+00  Sv.        Error is   0.00E+00 % of the total.

    Total Inhalation Dose is   1.71964E+02  +/-   0.00E+00  Sv.        Error is   0.00E+00 % of the total.

    Total Gamma Heat Prod is   3.11379E-13  +/-   0.00E+00  kW.        Error is   0.00E+00 % of the total.

    Total Beta Heat Prod is    3.26480E-12  +/-   0.00E+00  kW.        Error is   0.00E+00 % of the total.

0   Nuclide     Atoms     E(Atoms)  Activity E(Activity)   Heat     E(Heat)  Dose Rate E(Dose Rate) Ingest   E(Ingest)   Inhale   E(Inhale)   % Error
    Th232    1.00000E+24  0.00E+00  1.563E+06  0.00E+00  1.025E-09  0.00E+00  6.087E-08  0.00E+00  3.596E-01  0.00E+00  1.720E+02  0.00E+00  0.000E+00
    Ra228    2.34496E+09  0.00E+00  8.958E+00  0.00E+00  3.368E-17  0.00E+00  6.466E-13  0.00E+00  6.181E-06  0.00E+00  1.433E-04  0.00E+00  0.000E+00
1 * * * TIME INTERVAL  29 * * * COOLING TIME IS   5.0000E+02 SECS OR  8.3333E+00 MINS  * * * ELAPSED TIME IS  33.333 m   * * * FLUX AMP IS  0.0000E+00 /cm^2/s  * * *
  NUCLIDE        ATOMS         GRAMS        Bq       b-Energy    a-Energy   g-Energy    DOSE RATE   INGESTION  INHALATION   HALF LIFE                        
                                                        kW          kW         kW         Sv/hr      DOSE(Sv)    DOSE(Sv)    seconds                         

  He  4    #  3.12662E+09   2.078E-14   0.000E+00   0.000E+00   0.00E+00   0.000E+00   0.000E+00   0.000E+00   0.000E+00     Stable                         
  Ra228       3.12661E+09   1.184E-12   1.194E+01   4.108E-17   0.00E+00   3.836E-18   8.621E-13   8.241E-06   1.911E-04   1.815E+08                        
  Ac228       1.16954E+04   4.429E-18   3.662E-01   2.582E-17   0.00E+00   5.651E-17   1.680E-10   1.574E-10   9.154E-09   2.214E+04                        
  Th228       2.47993E+02   9.390E-20   2.848E-06   9.345E-24   2.51E-21   1.404E-24   2.493E-19   2.050E-13   1.139E-10   6.036E+07                        
  Th232     > 1.00000E+24   3.853E+02   1.563E+06   3.265E-12   1.02E-09   3.113E-13   6.087E-08   3.596E-01   1.720E+02   4.434E+17                        
0  TOTAL NUMBER OF NUCLIDES PRINTED IN INVENTORY =    5
0  TOTAL CURIES   TOTAL ALPHA   TOTAL BETA    TOTAL GAMMA
                  CURIE-MeV     CURIE-MeV     CURIE-MeV
   4.22520E-05   1.72278E-04   5.50740E-07   5.25307E-08
0  ALPHA BECQUERELS = 1.563311E+06  BETA BECQUERELS = 1.230956E+01  GAMMA BECQUERELS = 0.000000E+00
0  TOTAL ACTIVITY FOR ALL MATERIALS     1.56332E+06 Bq
                                        2.08349E-06 Ci/cc           DENSITY   1.90E+01 gm/cc
   TOTAL ACTIVITY EXCLUDING TRITIUM     1.56332E+06 Bq
                                        2.08349E-06 Ci/cc
0  TOTAL ALPHA HEAT PRODUCTION          1.02127E-09 kW
   TOTAL BETA  HEAT PRODUCTION          3.26482E-12 kW
   TOTAL GAMMA HEAT PRODUCTION          3.11405E-13 kW              TOTAL HEAT PRODUCTION 1.02485E-09 kW
0  INITIAL TOTAL MASS OF MATERIAL       3.85309E-01 kg              TOTAL HEAT EX TRITIUM 1.02485E-09 kW
0  TOTAL MASS OF MATERIAL               3.85309E-01 kg
   NEUTRON  FLUX DURING INTERVAL        0.00000E+00 n/cm^2/s
0  NUMBER OF FISSIONS                  -2.47993E+02                 BURN-UP OF ACTINIDES  0.00000E+00 %
0  INGESTION  HAZARD FOR ALL MATERIALS  3.59570E-01 Sv/kg
   INHALATION HAZARD FOR ALL MATERIALS  1.71964E+02 Sv/kg
0  INGESTION  HAZARD EXCLUDING TRITIUM  3.59570E-01 Sv/kg
   INHALATION HAZARD EXCLUDING TRITIUM  1.71964E+02 Sv/kg
0  GAS   RATE (a decay) =  1.56331E+06 atoms per sec =  1.56331E-12 appm/sec
0  APPM OF He  4    =  3.1266E-09



                                               COMPOSITION  OF  MATERIAL  BY  ELEMENT
                                               --------------------------------------
0                                                             BETA                     GAMMA                     ALPHA
                      ATOMS      GRAM-ATOMS     GRAMS      CURIES-MeV      kW        CURIES-MeV      kW        CURIES-MeV      kW

    2       He      3.1266E+09   5.1919E-15   2.0781E-14   0.0000E+00   0.0000E+00   0.0000E+00   0.0000E+00   0.0000E+00   0.0000E+00
   88       Ra      3.1266E+09   5.1919E-15   1.1839E-12   6.9290E-12   4.1076E-17   6.4714E-13   3.8363E-18   0.0000E+00   0.0000E+00
   89       Ac      1.1695E+04   1.9421E-20   4.4285E-18   4.3560E-12   2.5823E-17   9.5324E-12   5.6508E-17   0.0000E+00   0.0000E+00
   90       Th      1.0000E+24   1.6605E+00   3.8531E+02   5.5073E-07   3.2648E-12   5.2520E-08   3.1134E-13   1.7228E-04   1.0213E-09



                                               GAMMA SPECTRUM AND ENERGIES/SECOND
                                               ----------------------------------

     NEUTRONS PER SECOND ARISING FROM SPONTANEOUS FISSION                    3.28295E-05    Entered density (g/cc)      19.00
     POWER FROM ALPHA PARTICLES (MeV per Second)                             6.37428E+06
     POWER FROM BETA  PARTICLES (MeV per Second)                             2.03774E+04
     TOTAL GAMMA POWER FROM ACTIVATION  (MeV per Second)                     1.94364E+03    Total gammas (per cc per second)      6.21962E+03
     GAMMA RAY POWER FROM ACTIVATION DECAY  MeV/s    (  0.000-  0.010 MeV)   7.76490E+01    Gammas per group (per cc per second)  7.65792E+02
                                                     (  0.010-  0.020 MeV)   1.61887E+03                                          5.32189E+03
                                                     (  0.020-  0.050 MeV)   7.44014E-05                                          1.04823E-04
                                                     (  0.050-  0.100 MeV)   1.54495E+02                                          1.01578E+02
                                                     (  0.100-  0.200 MeV)   9.22733E+01                                          3.03340E+01
                                                     (  0.200-  0.300 MeV)   7.84918E-03                                          1.54821E-03
                                                     (  0.300-  0.400 MeV)   2.05158E-02                                          2.89045E-03
                                                     (  0.400-  0.600 MeV)   1.76339E-02                                          1.73910E-03
                                                     (  0.600-  0.800 MeV)   2.85862E-02                                          2.01374E-03
                                                     (  0.800-  1.000 MeV)   1.95334E-01                                          1.07024E-02
                                                     (  1.000-  1.220 MeV)   5.77318E-03                                          2.56470E-04
                                                     (  1.220-  1.440 MeV)   4.77931E-03                                          1.77198E-04
                                                     (  1.440-  1.660 MeV)   5.97350E-02                                          1.90039E-03
                                                     (  1.660-  2.000 MeV)   6.57132E-03                                          1.77071E-04
                                                     (  2.000-  2.500 MeV)   0.00000E+00                                          0.00000E+00
                                                     (  2.500-  3.000 MeV)   0.00000E+00                                          0.00000E+00
                                                     (  3.000-  4.000 MeV)   0.00000E+00                                          0.00000E+00
                                                     (  4.000-  5.000 MeV)   0.00000E+00                                          0.00000E+00
                                                     (  5.000-  6.500 MeV)   0.00000E+00                                          0.00000E+00
                                                     (  6.500-  8.000 MeV)   0.00000E+00                                          0.00000E+00
                                                     (  8.000- 10.000 MeV)   0.00000E+00                                          0.00000E+00
                                                     ( 10.000- 12.000 MeV)   0.00000E+00                                          0.00000E+00
                                                     ( 12.000- 14.000 MeV)   0.00000E+00                                          0.00000E+00
                                                     ( 14.000- 20.000 MeV)   0.00000E+00                                          0.00000E+00

    DOSE RATE (PLANE SOURCE) FROM GAMMAS WITH ENERGY 0-20 MeV IS            6.10372E-08 Sieverts/hour   ( 6.10372E-06 Rems/hour)




                                                                           DOMINANT NUCLIDES
                                                                           -----------------

      NUCLIDE   ACTIVITY    PERCENT  NUCLIDE     HEAT      PERCENT  NUCLIDE  DOSE RATE    PERCENT  NUCLIDE  INGESTION    PERCENT  NUCLIDE  INHALATION   PERCENT 
                  (Bq)      ACTIVITY             (kW)       HEAT              (Sv/hr)    DOSE RATE            (Sv)      INGESTION            (Sv)     INHALATION
       Total   1.5633E+06             Total   1.0248E-09             Total   6.1037E-08             Total   3.5957E-01             Total   1.7196E+02
    1  Th232   1.5633E+06  10.00E+01  Th232   1.0248E-09  10.00E+01  Th232   6.0868E-08  99.72E+00  Th232   3.5956E-01  10.00E+01  Th232   1.7196E+02  10.00E+01
    2  Ra228   1.1943E+01  76.40E-05  Ac228   8.2331E-17  80.33E-07  Ac228   1.6800E-10  27.52E-02  Ra228   8.2409E-06  22.92E-04  Ra228   1.9109E-04  11.11E-05
    3  Ac228   3.6615E-01  23.42E-06  Ra228   4.4912E-17  43.82E-07  Ra228   8.6212E-13  14.12E-04  Ac228   1.5745E-10  43.79E-09  Ac228   9.1539E-09  53.23E-10
    4  Th228   2.8479E-06  18.22E-11  Th228   2.5192E-21  24.58E-11  Th228   2.4929E-19  40.84E-11  Th228   2.0505E-13  57.03E-12  Th228   1.1392E-10  66.24E-12

      NUCLIDE  GAMMA HEAT   PERCENT  NUCLIDE   BETA HEAT   PERCENT 
                  (kW)       GAMMA               (kW)       BETA
       Total   3.1140E-13             Total   3.2648E-12
    1  Th232   3.1134E-13  99.98E+00  Th232   3.2648E-12  10.00E+01
    2  Ac228   5.6508E-17  18.15E-03  Ra228   4.1076E-17  12.58E-04
    3  Ra228   3.8363E-18  12.32E-04  Ac228   2.5823E-17  79.09E-05
    4  Th228   1.4040E-24  45.08E-11  Th228   9.3452E-24  28.62E-11



                                                              UNCERTAINTY ESTIMATES (cross sections only)
                                                              -------------------------------------------

    Uncertainty estimates are based on pathway analysis for the irradiation phase
    Total Activity is          1.56332E+06  +/-   0.00E+00  Bq.        Error is   0.00E+00 % of the total.

    Total Heat Production is   1.02485E-09  +/-   0.00E+00  kW.        Error is   0.00E+00 % of the total.

    Total Gamma Dose Rate is   6.10372E-08  +/-   0.00E+00  Sv/hr.     Error is   0.00E+00 % of the total.

    Total Ingestion Dose is    3.59570E-01  +/-   0.00E+00  Sv.        Error is   0.00E+00 % of the total.

    Total Inhalation Dose is   1.71964E+02  +/-   0.00E+00  Sv.        Error is   0.00E+00 % of the total.

    Total Gamma Heat Prod is   3.11405E-13  +/-   0.00E+00  kW.        Error is   0.00E+00 % of the total.

    Total Beta Heat Prod is    3.26482E-12  +/-   0.00E+00  kW.        Error is   0.00E+00 % of the total.

0   Nuclide     Atoms     E(Atoms)  Activity E(Activity)   Heat     E(Heat)  Dose Rate E(Dose Rate) Ingest   E(Ingest)   Inhale   E(Inhale)   % Error
    Th232    1.00000E+24  0.00E+00  1.563E+06  0.00E+00  1.025E-09  0.00E+00  6.087E-08  0.00E+00  3.596E-01  0.00E+00  1.720E+02  0.00E+00  0.000E+00
    Ra228    3.12661E+09  0.00E+00  1.194E+01  0.00E+00  4.491E-17  0.00E+00  8.621E-13  0.00E+00  8.241E-06  0.00E+00  1.911E-04  0.00E+00  0.000E+00
1 * * * TIME INTERVAL  30 * * * COOLING TIME IS   1.0000E+03 SECS OR  1.6667E+01 MINS  * * * ELAPSED TIME IS  50.000 m   * * * FLUX AMP IS  0.0000E+00 /cm^2/s  * * *
  NUCLIDE        ATOMS         GRAMS        Bq       b-Energy    a-Energy   g-Energy    DOSE RATE   INGESTION  INHALATION   HALF LIFE                        
                                                        kW          kW         kW         Sv/hr      DOSE(Sv)    DOSE(Sv)    seconds                         

  He  4    #  4.68994E+09   3.117E-14   0.000E+00   0.000E+00   0.00E+00   0.000E+00   0.000E+00   0.000E+00   0.000E+00     Stable                         
  Ra228       4.68991E+09   1.776E-12   1.792E+01   6.161E-17   0.00E+00   5.754E-18   1.293E-12   1.236E-05   2.866E-04   1.815E+08                        
  Ac228       2.60422E+04   9.861E-18   8.153E-01   5.750E-17   0.00E+00   1.258E-16   3.741E-10   3.506E-10   2.038E-08   2.214E+04                        
  Th228       8.30490E+02   3.145E-19   9.537E-06   3.130E-23   8.40E-21   4.702E-24   8.348E-19   6.867E-13   3.815E-10   6.036E+07                        
  Th232     > 1.00000E+24   3.853E+02   1.563E+06   3.265E-12   1.02E-09   3.113E-13   6.087E-08   3.596E-01   1.720E+02   4.434E+17                        
0  TOTAL NUMBER OF NUCLIDES PRINTED IN INVENTORY =    5
0  TOTAL CURIES   TOTAL ALPHA   TOTAL BETA    TOTAL GAMMA
                  CURIE-MeV     CURIE-MeV     CURIE-MeV
   4.22522E-05   1.72278E-04   5.50749E-07   5.25427E-08
0  ALPHA BECQUERELS = 1.563311E+06  BETA BECQUERELS = 1.873038E+01  GAMMA BECQUERELS = 0.000000E+00
0  TOTAL ACTIVITY FOR ALL MATERIALS     1.56333E+06 Bq
                                        2.08350E-06 Ci/cc           DENSITY   1.90E+01 gm/cc
   TOTAL ACTIVITY EXCLUDING TRITIUM     1.56333E+06 Bq
                                        2.08350E-06 Ci/cc
0  TOTAL ALPHA HEAT PRODUCTION          1.02127E-09 kW
   TOTAL BETA  HEAT PRODUCTION          3.26487E-12 kW
   TOTAL GAMMA HEAT PRODUCTION          3.11476E-13 kW              TOTAL HEAT PRODUCTION 1.02485E-09 kW
0  INITIAL TOTAL MASS OF MATERIAL       3.85309E-01 kg              TOTAL HEAT EX TRITIUM 1.02485E-09 kW
0  TOTAL MASS OF MATERIAL               3.85309E-01 kg
   NEUTRON  FLUX DURING INTERVAL        0.00000E+00 n/cm^2/s
0  NUMBER OF FISSIONS                  -8.30490E+02                 BURN-UP OF ACTINIDES  0.00000E+00 %
0  INGESTION  HAZARD FOR ALL MATERIALS  3.59574E-01 Sv/kg
   INHALATION HAZARD FOR ALL MATERIALS  1.71965E+02 Sv/kg
0  INGESTION  HAZARD EXCLUDING TRITIUM  3.59574E-01 Sv/kg
   INHALATION HAZARD EXCLUDING TRITIUM  1.71965E+02 Sv/kg
0  GAS   RATE (a decay) =  1.56331E+06 atoms per sec =  1.56331E-12 appm/sec
0  APPM OF He  4    =  4.6899E-09



                                               COMPOSITION  OF  MATERIAL  BY  ELEMENT
                                               --------------------------------------
0                                                             BETA                     GAMMA                     ALPHA
                      ATOMS      GRAM-ATOMS     GRAMS      CURIES-MeV      kW        CURIES-MeV      kW        CURIES-MeV      kW

    2       He      4.6899E+09   7.7878E-15   3.1172E-14   0.0000E+00   0.0000E+00   0.0000E+00   0.0000E+00   0.0000E+00   0.0000E+00
   88       Ra      4.6899E+09   7.7878E-15   1.7759E-12   1.0393E-11   6.1613E-17   9.7071E-13   5.7544E-18   0.0000E+00   0.0000E+00
   89       Ac      2.6042E+04   4.3244E-20   9.8610E-18   9.6995E-12   5.7499E-17   2.1226E-11   1.2583E-16   0.0000E+00   0.0000E+00
   90       Th      1.0000E+24   1.6605E+00   3.8531E+02   5.5073E-07   3.2648E-12   5.2520E-08   3.1134E-13   1.7228E-04   1.0213E-09



                                               GAMMA SPECTRUM AND ENERGIES/SECOND
                                               ----------------------------------

     NEUTRONS PER SECOND ARISING FROM SPONTANEOUS FISSION                    3.28295E-05    Entered density (g/cc)      19.00
     POWER FROM ALPHA PARTICLES (MeV per Second)                             6.37428E+06
     POWER FROM BETA  PARTICLES (MeV per Second)                             2.03777E+04
     TOTAL GAMMA POWER FROM ACTIVATION  (MeV per Second)                     1.94408E+03    Total gammas (per cc per second)      6.21970E+03
     GAMMA RAY POWER FROM ACTIVATION DECAY  MeV/s    (  0.000-  0.010 MeV)   7.76504E+01    Gammas per group (per cc per second)  7.65806E+02
                                                     (  0.010-  0.020 MeV)   1.61888E+03                                          5.32193E+03
                                                     (  0.020-  0.050 MeV)   1.11602E-04                                          1.57235E-04
                                                     (  0.050-  0.100 MeV)   1.54496E+02                                          1.01579E+02
                                                     (  0.100-  0.200 MeV)   9.22766E+01                                          3.03351E+01
                                                     (  0.200-  0.300 MeV)   1.74777E-02                                          3.44739E-03
                                                     (  0.300-  0.400 MeV)   4.56824E-02                                          6.43614E-03
                                                     (  0.400-  0.600 MeV)   3.92654E-02                                          3.87245E-03
                                                     (  0.600-  0.800 MeV)   6.36528E-02                                          4.48398E-03
                                                     (  0.800-  1.000 MeV)   4.34950E-01                                          2.38310E-02
                                                     (  1.000-  1.220 MeV)   1.28551E-02                                          5.71081E-04
                                                     (  1.220-  1.440 MeV)   1.06421E-02                                          3.94565E-04
                                                     (  1.440-  1.660 MeV)   1.33012E-01                                          4.23159E-03
                                                     (  1.660-  2.000 MeV)   1.46323E-02                                          3.94282E-04
                                                     (  2.000-  2.500 MeV)   0.00000E+00                                          0.00000E+00
                                                     (  2.500-  3.000 MeV)   0.00000E+00                                          0.00000E+00
                                                     (  3.000-  4.000 MeV)   0.00000E+00                                          0.00000E+00
                                                     (  4.000-  5.000 MeV)   0.00000E+00                                          0.00000E+00
                                                     (  5.000-  6.500 MeV)   0.00000E+00                                          0.00000E+00
                                                     (  6.500-  8.000 MeV)   0.00000E+00                                          0.00000E+00
                                                     (  8.000- 10.000 MeV)   0.00000E+00                                          0.00000E+00
                                                     ( 10.000- 12.000 MeV)   0.00000E+00                                          0.00000E+00
                                                     ( 12.000- 14.000 MeV)   0.00000E+00                                          0.00000E+00
                                                     ( 14.000- 20.000 MeV)   0.00000E+00                                          0.00000E+00

    DOSE RATE (PLANE SOURCE) FROM GAMMAS WITH ENERGY 0-20 MeV IS            6.12437E-08 Sieverts/hour   ( 6.12437E-06 Rems/hour)




                                                                           DOMINANT NUCLIDES
                                                                           -----------------

      NUCLIDE   ACTIVITY    PERCENT  NUCLIDE     HEAT      PERCENT  NUCLIDE  DOSE RATE    PERCENT  NUCLIDE  INGESTION    PERCENT  NUCLIDE  INHALATION   PERCENT 
                  (Bq)      ACTIVITY             (kW)       HEAT              (Sv/hr)    DOSE RATE            (Sv)      INGESTION            (Sv)     INHALATION
       Total   1.5633E+06             Total   1.0248E-09             Total   6.1244E-08             Total   3.5957E-01             Total   1.7196E+02
    1  Th232   1.5633E+06  10.00E+01  Th232   1.0248E-09  10.00E+01  Th232   6.0868E-08  99.39E+00  Th232   3.5956E-01  10.00E+01  Th232   1.7196E+02  10.00E+01
    2  Ra228   1.7915E+01  11.46E-04  Ac228   1.8333E-16  17.89E-06  Ac228   3.7409E-10  61.08E-02  Ra228   1.2361E-05  34.38E-04  Ra228   2.8664E-04  16.67E-05
    3  Ac228   8.1531E-01  52.15E-06  Ra228   6.7368E-17  65.73E-07  Ra228   1.2932E-12  21.12E-04  Ac228   3.5059E-10  97.50E-09  Ac228   2.0383E-08  11.85E-09
    4  Th228   9.5371E-06  61.01E-11  Th228   8.4363E-21  82.32E-11  Th228   8.3484E-19  13.63E-10  Th228   6.8667E-13  19.10E-11  Th228   3.8149E-10  22.18E-11

      NUCLIDE  GAMMA HEAT   PERCENT  NUCLIDE   BETA HEAT   PERCENT 
                  (kW)       GAMMA               (kW)       BETA
       Total   3.1148E-13             Total   3.2649E-12
    1  Th232   3.1134E-13  99.96E+00  Th232   3.2648E-12  10.00E+01
    2  Ac228   1.2583E-16  40.40E-03  Ra228   6.1613E-17  18.87E-04
    3  Ra228   5.7544E-18  18.47E-04  Ac228   5.7499E-17  17.61E-04
    4  Th228   4.7017E-24  15.09E-10  Th228   3.1296E-23  95.86E-11



                                                              UNCERTAINTY ESTIMATES (cross sections only)
                                                              -------------------------------------------

    Uncertainty estimates are based on pathway analysis for the irradiation phase
    Total Activity is          1.56333E+06  +/-   0.00E+00  Bq.        Error is   0.00E+00 % of the total.

    Total Heat Production is   1.02485E-09  +/-   0.00E+00  kW.        Error is   0.00E+00 % of the total.

    Total Gamma Dose Rate is   6.12437E-08  +/-   0.00E+00  Sv/hr.     Error is   0.00E+00 % of the total.

    Total Ingestion Dose is    3.59574E-01  +/-   0.00E+00  Sv.        Error is   0.00E+00 % of the total.

    Total Inhalation Dose is   1.71965E+02  +/-   0.00E+00  Sv.        Error is   0.00E+00 % of the total.

    Total Gamma Heat Prod is   3.11476E-13  +/-   0.00E+00  kW.        Error is   0.00E+00 % of the total.

    Total Beta Heat Prod is    3.26487E-12  +/-   0.00E+00  kW.        Error is   0.00E+00 % of the total.

0   Nuclide     Atoms     E(Atoms)  Activity E(Activity)   Heat     E(Heat)  Dose Rate E(Dose Rate) Ingest   E(Ingest)   Inhale   E(Inhale)   % Error
    Th232    1.00000E+24  0.00E+00  1.563E+06  0.00E+00  1.025E-09  0.00E+00  6.087E-08  0.00E+00  3.596E-01  0.00E+00  1.720E+02  0.00E+00  0.000E+00
    Ra228    4.68991E+09  0.00E+00  1.792E+01  0.00E+00  6.737E-17  0.00E+00  1.293E-12  0.00E+00  1.236E-05  0.00E+00  2.866E-04  0.00E+00  0.000E+00
1 * * * TIME INTERVAL  31 * * * COOLING TIME IS   2.0000E+03 SECS OR  3.3333E+01 MINS  * * * ELAPSED TIME IS   1.389 h   * * * FLUX AMP IS  0.0000E+00 /cm^2/s  * * *
  NUCLIDE        ATOMS         GRAMS        Bq       b-Energy    a-Energy   g-Energy    DOSE RATE   INGESTION  INHALATION   HALF LIFE                        
                                                        kW          kW         kW         Sv/hr      DOSE(Sv)    DOSE(Sv)    seconds                         

  He  4    #  7.81656E+09   5.195E-14   0.000E+00   0.000E+00   0.00E+00   0.000E+00   0.000E+00   0.000E+00   0.000E+00     Stable                         
  Ra228       7.81648E+09   2.960E-12   2.986E+01   1.027E-16   0.00E+00   9.591E-18   2.155E-12   2.060E-05   4.777E-04   1.815E+08                        
  Ac228       7.08002E+04   2.681E-17   2.217E+00   1.563E-16   0.00E+00   3.421E-16   1.017E-09   9.531E-10   5.541E-08   2.214E+04                        
  Th228       3.84581E+03   1.456E-18   4.416E-05   1.449E-22   3.89E-20   2.177E-23   3.866E-18   3.180E-12   1.767E-09   6.036E+07                        
  Th232     > 1.00000E+24   3.853E+02   1.563E+06   3.265E-12   1.02E-09   3.113E-13   6.087E-08   3.596E-01   1.720E+02   4.434E+17                        
0  TOTAL NUMBER OF NUCLIDES PRINTED IN INVENTORY =    5
0  TOTAL CURIES   TOTAL ALPHA   TOTAL BETA    TOTAL GAMMA
                  CURIE-MeV     CURIE-MeV     CURIE-MeV
   4.22525E-05   1.72278E-04   5.50773E-07   5.25798E-08
0  ALPHA BECQUERELS = 1.563311E+06  BETA BECQUERELS = 3.207490E+01  GAMMA BECQUERELS = 0.000000E+00
0  TOTAL ACTIVITY FOR ALL MATERIALS     1.56334E+06 Bq
                                        2.08352E-06 Ci/cc           DENSITY   1.90E+01 gm/cc
   TOTAL ACTIVITY EXCLUDING TRITIUM     1.56334E+06 Bq
                                        2.08352E-06 Ci/cc
0  TOTAL ALPHA HEAT PRODUCTION          1.02127E-09 kW
   TOTAL BETA  HEAT PRODUCTION          3.26501E-12 kW
   TOTAL GAMMA HEAT PRODUCTION          3.11696E-13 kW              TOTAL HEAT PRODUCTION 1.02485E-09 kW
0  INITIAL TOTAL MASS OF MATERIAL       3.85309E-01 kg              TOTAL HEAT EX TRITIUM 1.02485E-09 kW
0  TOTAL MASS OF MATERIAL               3.85309E-01 kg
   NEUTRON  FLUX DURING INTERVAL        0.00000E+00 n/cm^2/s
0  NUMBER OF FISSIONS                  -3.84581E+03                 BURN-UP OF ACTINIDES  0.00000E+00 %
0  INGESTION  HAZARD FOR ALL MATERIALS  3.59582E-01 Sv/kg
   INHALATION HAZARD FOR ALL MATERIALS  1.71965E+02 Sv/kg
0  INGESTION  HAZARD EXCLUDING TRITIUM  3.59582E-01 Sv/kg
   INHALATION HAZARD EXCLUDING TRITIUM  1.71965E+02 Sv/kg
0  GAS   RATE (a decay) =  1.56331E+06 atoms per sec =  1.56331E-12 appm/sec
0  APPM OF He  4    =  7.8166E-09



                                               COMPOSITION  OF  MATERIAL  BY  ELEMENT
                                               --------------------------------------
0                                                             BETA                     GAMMA                     ALPHA
                      ATOMS      GRAM-ATOMS     GRAMS      CURIES-MeV      kW        CURIES-MeV      kW        CURIES-MeV      kW

    2       He      7.8166E+09   1.2980E-14   5.1953E-14   0.0000E+00   0.0000E+00   0.0000E+00   0.0000E+00   0.0000E+00   0.0000E+00
   88       Ra      7.8165E+09   1.2980E-14   2.9597E-12   1.7322E-11   1.0269E-16   1.6178E-12   9.5906E-18   0.0000E+00   0.0000E+00
   89       Ac      7.0800E+04   1.1757E-19   2.6809E-17   2.6370E-11   1.5632E-16   5.7706E-11   3.4208E-16   0.0000E+00   0.0000E+00
   90       Th      1.0000E+24   1.6605E+00   3.8531E+02   5.5073E-07   3.2648E-12   5.2520E-08   3.1134E-13   1.7228E-04   1.0213E-09



                                               GAMMA SPECTRUM AND ENERGIES/SECOND
                                               ----------------------------------

     NEUTRONS PER SECOND ARISING FROM SPONTANEOUS FISSION                    3.28295E-05    Entered density (g/cc)      19.00
     POWER FROM ALPHA PARTICLES (MeV per Second)                             6.37428E+06
     POWER FROM BETA  PARTICLES (MeV per Second)                             2.03786E+04
     TOTAL GAMMA POWER FROM ACTIVATION  (MeV per Second)                     1.94545E+03    Total gammas (per cc per second)      6.21991E+03
     GAMMA RAY POWER FROM ACTIVATION DECAY  MeV/s    (  0.000-  0.010 MeV)   7.76534E+01    Gammas per group (per cc per second)  7.65835E+02
                                                     (  0.010-  0.020 MeV)   1.61891E+03                                          5.32202E+03
                                                     (  0.020-  0.050 MeV)   1.86002E-04                                          2.62057E-04
                                                     (  0.050-  0.100 MeV)   1.54501E+02                                          1.01582E+02
                                                     (  0.100-  0.200 MeV)   9.22870E+01                                          3.03385E+01
                                                     (  0.200-  0.300 MeV)   4.75163E-02                                          9.37233E-03
                                                     (  0.300-  0.400 MeV)   1.24196E-01                                          1.74978E-02
                                                     (  0.400-  0.600 MeV)   1.06750E-01                                          1.05279E-02
                                                     (  0.600-  0.800 MeV)   1.73051E-01                                          1.21905E-02
                                                     (  0.800-  1.000 MeV)   1.18249E+00                                          6.47887E-02
                                                     (  1.000-  1.220 MeV)   3.49489E-02                                          1.55259E-03
                                                     (  1.220-  1.440 MeV)   2.89323E-02                                          1.07270E-03
                                                     (  1.440-  1.660 MeV)   3.61616E-01                                          1.15043E-02
                                                     (  1.660-  2.000 MeV)   3.97806E-02                                          1.07193E-03
                                                     (  2.000-  2.500 MeV)   0.00000E+00                                          0.00000E+00
                                                     (  2.500-  3.000 MeV)   0.00000E+00                                          0.00000E+00
                                                     (  3.000-  4.000 MeV)   0.00000E+00                                          0.00000E+00
                                                     (  4.000-  5.000 MeV)   0.00000E+00                                          0.00000E+00
                                                     (  5.000-  6.500 MeV)   0.00000E+00                                          0.00000E+00
                                                     (  6.500-  8.000 MeV)   0.00000E+00                                          0.00000E+00
                                                     (  8.000- 10.000 MeV)   0.00000E+00                                          0.00000E+00
                                                     ( 10.000- 12.000 MeV)   0.00000E+00                                          0.00000E+00
                                                     ( 12.000- 14.000 MeV)   0.00000E+00                                          0.00000E+00
                                                     ( 14.000- 20.000 MeV)   0.00000E+00                                          0.00000E+00

    DOSE RATE (PLANE SOURCE) FROM GAMMAS WITH ENERGY 0-20 MeV IS            6.18875E-08 Sieverts/hour   ( 6.18875E-06 Rems/hour)




                                                                           DOMINANT NUCLIDES
                                                                           -----------------

      NUCLIDE   ACTIVITY    PERCENT  NUCLIDE     HEAT      PERCENT  NUCLIDE  DOSE RATE    PERCENT  NUCLIDE  INGESTION    PERCENT  NUCLIDE  INHALATION   PERCENT 
                  (Bq)      ACTIVITY             (kW)       HEAT              (Sv/hr)    DOSE RATE            (Sv)      INGESTION            (Sv)     INHALATION
       Total   1.5633E+06             Total   1.0248E-09             Total   6.1888E-08             Total   3.5958E-01             Total   1.7196E+02
    1  Th232   1.5633E+06  10.00E+01  Th232   1.0248E-09  10.00E+01  Th232   6.0868E-08  98.35E+00  Th232   3.5956E-01  99.99E+00  Th232   1.7196E+02  10.00E+01
    2  Ra228   2.9858E+01  19.10E-04  Ac228   4.9840E-16  48.63E-06  Ac228   1.0170E-09  16.43E-01  Ra228   2.0602E-05  57.29E-04  Ra228   4.7773E-04  27.78E-05
    3  Ac228   2.2166E+00  14.18E-05  Ra228   1.1228E-16  10.96E-06  Ra228   2.1553E-12  34.83E-04  Ac228   9.5313E-10  26.51E-08  Ac228   5.5414E-08  32.22E-09
    4  Th228   4.4164E-05  28.25E-10  Th228   3.9067E-20  38.12E-10  Th228   3.8659E-18  62.47E-10  Th228   3.1798E-12  88.43E-11  Th228   1.7666E-09  10.27E-10

      NUCLIDE  GAMMA HEAT   PERCENT  NUCLIDE   BETA HEAT   PERCENT 
                  (kW)       GAMMA               (kW)       BETA
       Total   3.1170E-13             Total   3.2650E-12
    1  Th232   3.1134E-13  99.89E+00  Th232   3.2648E-12  99.99E+00
    2  Ac228   3.4208E-16  10.97E-02  Ac228   1.5632E-16  47.88E-04
    3  Ra228   9.5906E-18  30.77E-04  Ra228   1.0269E-16  31.45E-04
    4  Th228   2.1772E-23  69.85E-10  Th228   1.4492E-22  44.39E-10



                                                              UNCERTAINTY ESTIMATES (cross sections only)
                                                              -------------------------------------------

    Uncertainty estimates are based on pathway analysis for the irradiation phase
    Total Activity is          1.56334E+06  +/-   0.00E+00  Bq.        Error is   0.00E+00 % of the total.

    Total Heat Production is   1.02485E-09  +/-   0.00E+00  kW.        Error is   0.00E+00 % of the total.

    Total Gamma Dose Rate is   6.18875E-08  +/-   0.00E+00  Sv/hr.     Error is   0.00E+00 % of the total.

    Total Ingestion Dose is    3.59582E-01  +/-   0.00E+00  Sv.        Error is   0.00E+00 % of the total.

    Total Inhalation Dose is   1.71965E+02  +/-   0.00E+00  Sv.        Error is   0.00E+00 % of the total.

    Total Gamma Heat Prod is   3.11696E-13  +/-   0.00E+00  kW.        Error is   0.00E+00 % of the total.

    Total Beta Heat Prod is    3.26501E-12  +/-   0.00E+00  kW.        Error is   0.00E+00 % of the total.

0   Nuclide     Atoms     E(Atoms)  Activity E(Activity)   Heat     E(Heat)  Dose Rate E(Dose Rate) Ingest   E(Ingest)   Inhale   E(Inhale)   % Error
    Th232    1.00000E+24  0.00E+00  1.563E+06  0.00E+00  1.025E-09  0.00E+00  6.087E-08  0.00E+00  3.596E-01  0.00E+00  1.720E+02  0.00E+00  0.000E+00
    Ra228    7.81648E+09  0.00E+00  2.986E+01  0.00E+00  1.123E-16  0.00E+00  2.155E-12  0.00E+00  2.060E-05  0.00E+00  4.777E-04  0.00E+00  0.000E+00
1 * * * TIME INTERVAL  32 * * * COOLING TIME IS   2.5000E+03 SECS OR  4.1667E+01 MINS  * * * ELAPSED TIME IS   2.083 h   * * * FLUX AMP IS  0.0000E+00 /cm^2/s  * * *
  NUCLIDE        ATOMS         GRAMS        Bq       b-Energy    a-Energy   g-Energy    DOSE RATE   INGESTION  INHALATION   HALF LIFE                        
                                                        kW          kW         kW         Sv/hr      DOSE(Sv)    DOSE(Sv)    seconds                         

  He  4    #  1.17248E+10   7.793E-14   0.000E+00   0.000E+00   0.00E+00   0.000E+00   0.000E+00   0.000E+00   0.000E+00     Stable                         
  Ra228       1.17247E+10   4.440E-12   4.479E+01   1.540E-16   0.00E+00   1.439E-17   3.233E-12   3.090E-05   7.166E-04   1.815E+08                        
  Ac228       1.55263E+05   5.879E-17   4.861E+00   3.428E-16   0.00E+00   7.502E-16   2.230E-09   2.090E-09   1.215E-07   2.214E+04                        
  Th228       1.26899E+04   4.805E-18   1.457E-04   4.782E-22   1.28E-19   7.184E-23   1.276E-17   1.049E-11   5.829E-09   6.036E+07                        
  Th232     > 1.00000E+24   3.853E+02   1.563E+06   3.265E-12   1.02E-09   3.113E-13   6.087E-08   3.596E-01   1.720E+02   4.434E+17                        
0  TOTAL NUMBER OF NUCLIDES PRINTED IN INVENTORY =    5
0  TOTAL CURIES   TOTAL ALPHA   TOTAL BETA    TOTAL GAMMA
                  CURIE-MeV     CURIE-MeV     CURIE-MeV
   4.22530E-05   1.72278E-04   5.50813E-07   5.26495E-08
0  ALPHA BECQUERELS = 1.563311E+06  BETA BECQUERELS = 4.964817E+01  GAMMA BECQUERELS = 0.000000E+00
0  TOTAL ACTIVITY FOR ALL MATERIALS     1.56336E+06 Bq
                                        2.08354E-06 Ci/cc           DENSITY   1.90E+01 gm/cc
   TOTAL ACTIVITY EXCLUDING TRITIUM     1.56336E+06 Bq
                                        2.08354E-06 Ci/cc
0  TOTAL ALPHA HEAT PRODUCTION          1.02127E-09 kW
   TOTAL BETA  HEAT PRODUCTION          3.26525E-12 kW
   TOTAL GAMMA HEAT PRODUCTION          3.12109E-13 kW              TOTAL HEAT PRODUCTION 1.02485E-09 kW
0  INITIAL TOTAL MASS OF MATERIAL       3.85309E-01 kg              TOTAL HEAT EX TRITIUM 1.02485E-09 kW
0  TOTAL MASS OF MATERIAL               3.85309E-01 kg
   NEUTRON  FLUX DURING INTERVAL        0.00000E+00 n/cm^2/s
0  NUMBER OF FISSIONS                  -1.26899E+04                 BURN-UP OF ACTINIDES  0.00000E+00 %
0  INGESTION  HAZARD FOR ALL MATERIALS  3.59592E-01 Sv/kg
   INHALATION HAZARD FOR ALL MATERIALS  1.71965E+02 Sv/kg
0  INGESTION  HAZARD EXCLUDING TRITIUM  3.59592E-01 Sv/kg
   INHALATION HAZARD EXCLUDING TRITIUM  1.71965E+02 Sv/kg
0  GAS   RATE (a decay) =  1.56331E+06 atoms per sec =  1.56331E-12 appm/sec
0  APPM OF He  4    =  1.1725E-08



                                               COMPOSITION  OF  MATERIAL  BY  ELEMENT
                                               --------------------------------------
0                                                             BETA                     GAMMA                     ALPHA
                      ATOMS      GRAM-ATOMS     GRAMS      CURIES-MeV      kW        CURIES-MeV      kW        CURIES-MeV      kW

    2       He      1.1725E+10   1.9470E-14   7.7929E-14   0.0000E+00   0.0000E+00   0.0000E+00   0.0000E+00   0.0000E+00   0.0000E+00
   88       Ra      1.1725E+10   1.9469E-14   4.4396E-12   2.5984E-11   1.5403E-16   2.4267E-12   1.4386E-17   0.0000E+00   0.0000E+00
   89       Ac      1.5526E+05   2.5782E-19   5.8791E-17   5.7828E-11   3.4281E-16   1.2655E-10   7.5018E-16   0.0000E+00   0.0000E+00
   90       Th      1.0000E+24   1.6605E+00   3.8531E+02   5.5073E-07   3.2648E-12   5.2520E-08   3.1134E-13   1.7228E-04   1.0213E-09



                                               GAMMA SPECTRUM AND ENERGIES/SECOND
                                               ----------------------------------

     NEUTRONS PER SECOND ARISING FROM SPONTANEOUS FISSION                    3.28295E-05    Entered density (g/cc)      19.00
     POWER FROM ALPHA PARTICLES (MeV per Second)                             6.37428E+06
     POWER FROM BETA  PARTICLES (MeV per Second)                             2.03801E+04
     TOTAL GAMMA POWER FROM ACTIVATION  (MeV per Second)                     1.94803E+03    Total gammas (per cc per second)      6.22024E+03
     GAMMA RAY POWER FROM ACTIVATION DECAY  MeV/s    (  0.000-  0.010 MeV)   7.76573E+01    Gammas per group (per cc per second)  7.65874E+02
                                                     (  0.010-  0.020 MeV)   1.61895E+03                                          5.32215E+03
                                                     (  0.020-  0.050 MeV)   2.79002E-04                                          3.93083E-04
                                                     (  0.050-  0.100 MeV)   1.54510E+02                                          1.01587E+02
                                                     (  0.100-  0.200 MeV)   9.23067E+01                                          3.03450E+01
                                                     (  0.200-  0.300 MeV)   1.04202E-01                                          2.05533E-02
                                                     (  0.300-  0.400 MeV)   2.72358E-01                                          3.83722E-02
                                                     (  0.400-  0.600 MeV)   2.34100E-01                                          2.30875E-02
                                                     (  0.600-  0.800 MeV)   3.79497E-01                                          2.67334E-02
                                                     (  0.800-  1.000 MeV)   2.59316E+00                                          1.42080E-01
                                                     (  1.000-  1.220 MeV)   7.66420E-02                                          3.40478E-03
                                                     (  1.220-  1.440 MeV)   6.34478E-02                                          2.35239E-03
                                                     (  1.440-  1.660 MeV)   7.93014E-01                                          2.52286E-02
                                                     (  1.660-  2.000 MeV)   8.72377E-02                                          2.35070E-03
                                                     (  2.000-  2.500 MeV)   0.00000E+00                                          0.00000E+00
                                                     (  2.500-  3.000 MeV)   0.00000E+00                                          0.00000E+00
                                                     (  3.000-  4.000 MeV)   0.00000E+00                                          0.00000E+00
                                                     (  4.000-  5.000 MeV)   0.00000E+00                                          0.00000E+00
                                                     (  5.000-  6.500 MeV)   0.00000E+00                                          0.00000E+00
                                                     (  6.500-  8.000 MeV)   0.00000E+00                                          0.00000E+00
                                                     (  8.000- 10.000 MeV)   0.00000E+00                                          0.00000E+00
                                                     ( 10.000- 12.000 MeV)   0.00000E+00                                          0.00000E+00
                                                     ( 12.000- 14.000 MeV)   0.00000E+00                                          0.00000E+00
                                                     ( 14.000- 20.000 MeV)   0.00000E+00                                          0.00000E+00

    DOSE RATE (PLANE SOURCE) FROM GAMMAS WITH ENERGY 0-20 MeV IS            6.31019E-08 Sieverts/hour   ( 6.31019E-06 Rems/hour)




                                                                           DOMINANT NUCLIDES
                                                                           -----------------

      NUCLIDE   ACTIVITY    PERCENT  NUCLIDE     HEAT      PERCENT  NUCLIDE  DOSE RATE    PERCENT  NUCLIDE  INGESTION    PERCENT  NUCLIDE  INHALATION   PERCENT 
                  (Bq)      ACTIVITY             (kW)       HEAT              (Sv/hr)    DOSE RATE            (Sv)      INGESTION            (Sv)     INHALATION
       Total   1.5634E+06             Total   1.0248E-09             Total   6.3102E-08             Total   3.5959E-01             Total   1.7196E+02
    1  Th232   1.5633E+06  10.00E+01  Th232   1.0248E-09  10.00E+01  Th232   6.0868E-08  96.46E+00  Th232   3.5956E-01  99.99E+00  Th232   1.7196E+02  10.00E+01
    2  Ra228   4.4787E+01  28.65E-04  Ac228   1.0930E-15  10.66E-05  Ac228   2.2303E-09  35.34E-01  Ra228   3.0903E-05  85.94E-04  Ra228   7.1660E-04  41.67E-05
    3  Ac228   4.8609E+00  31.09E-05  Ra228   1.6842E-16  16.43E-06  Ra228   3.2329E-12  51.23E-04  Ac228   2.0902E-09  58.13E-08  Ac228   1.2152E-07  70.67E-09
    4  Th228   1.4573E-04  93.21E-10  Th228   1.2891E-19  12.58E-09  Th228   1.2756E-17  20.22E-09  Th228   1.0492E-11  29.18E-10  Th228   5.8291E-09  33.90E-10

      NUCLIDE  GAMMA HEAT   PERCENT  NUCLIDE   BETA HEAT   PERCENT 
                  (kW)       GAMMA               (kW)       BETA
       Total   3.1211E-13             Total   3.2652E-12
    1  Th232   3.1134E-13  99.76E+00  Th232   3.2648E-12  99.98E+00
    2  Ac228   7.5018E-16  24.04E-02  Ac228   3.4281E-16  10.50E-03
    3  Ra228   1.4386E-17  46.09E-04  Ra228   1.5403E-16  47.17E-04
    4  Th228   7.1841E-23  23.02E-09  Th228   4.7820E-22  14.65E-09



                                                              UNCERTAINTY ESTIMATES (cross sections only)
                                                              -------------------------------------------

    Uncertainty estimates are based on pathway analysis for the irradiation phase
    Total Activity is          1.56336E+06  +/-   0.00E+00  Bq.        Error is   0.00E+00 % of the total.

    Total Heat Production is   1.02485E-09  +/-   0.00E+00  kW.        Error is   0.00E+00 % of the total.

    Total Gamma Dose Rate is   6.31019E-08  +/-   0.00E+00  Sv/hr.     Error is   0.00E+00 % of the total.

    Total Ingestion Dose is    3.59592E-01  +/-   0.00E+00  Sv.        Error is   0.00E+00 % of the total.

    Total Inhalation Dose is   1.71965E+02  +/-   0.00E+00  Sv.        Error is   0.00E+00 % of the total.

    Total Gamma Heat Prod is   3.12109E-13  +/-   0.00E+00  kW.        Error is   0.00E+00 % of the total.

    Total Beta Heat Prod is    3.26525E-12  +/-   0.00E+00  kW.        Error is   0.00E+00 % of the total.

0   Nuclide     Atoms     E(Atoms)  Activity E(Activity)   Heat     E(Heat)  Dose Rate E(Dose Rate) Ingest   E(Ingest)   Inhale   E(Inhale)   % Error
    Th232    1.00000E+24  0.00E+00  1.563E+06  0.00E+00  1.025E-09  0.00E+00  6.087E-08  0.00E+00  3.596E-01  0.00E+00  1.720E+02  0.00E+00  0.000E+00
    Ra228    1.17247E+10  0.00E+00  4.479E+01  0.00E+00  1.684E-16  0.00E+00  3.233E-12  0.00E+00  3.090E-05  0.00E+00  7.166E-04  0.00E+00  0.000E+00
1 * * * TIME INTERVAL  33 * * * COOLING TIME IS   2.5000E+03 SECS OR  4.1667E+01 MINS  * * * ELAPSED TIME IS   2.778 h   * * * FLUX AMP IS  0.0000E+00 /cm^2/s  * * *
  NUCLIDE        ATOMS         GRAMS        Bq       b-Energy    a-Energy   g-Energy    DOSE RATE   INGESTION  INHALATION   HALF LIFE                        
                                                        kW          kW         kW         Sv/hr      DOSE(Sv)    DOSE(Sv)    seconds                         

  He  4    #  1.56331E+10   1.039E-13   0.000E+00   0.000E+00   0.00E+00   0.000E+00   0.000E+00   0.000E+00   0.000E+00     Stable                         
  Ra228       1.56328E+10   5.919E-12   5.972E+01   2.054E-16   0.00E+00   1.918E-17   4.311E-12   4.120E-05   9.555E-04   1.815E+08                        
  Ac228       2.69327E+05   1.020E-16   8.432E+00   5.947E-16   0.00E+00   1.301E-15   3.869E-09   3.626E-09   2.108E-07   2.214E+04                        
  Th228       2.92546E+04   1.108E-17   3.360E-04   1.102E-21   2.96E-19   1.656E-22   2.941E-17   2.419E-11   1.344E-08   6.036E+07                        
  Th232     > 1.00000E+24   3.853E+02   1.563E+06   3.265E-12   1.02E-09   3.113E-13   6.087E-08   3.596E-01   1.720E+02   4.434E+17                        
0  TOTAL NUMBER OF NUCLIDES PRINTED IN INVENTORY =    5
0  TOTAL CURIES   TOTAL ALPHA   TOTAL BETA    TOTAL GAMMA
                  CURIE-MeV     CURIE-MeV     CURIE-MeV
   4.22535E-05   1.72278E-04   5.50864E-07   5.27432E-08
0  ALPHA BECQUERELS = 1.563311E+06  BETA BECQUERELS = 6.814802E+01  GAMMA BECQUERELS = 0.000000E+00
0  TOTAL ACTIVITY FOR ALL MATERIALS     1.56338E+06 Bq
                                        2.08357E-06 Ci/cc           DENSITY   1.90E+01 gm/cc
   TOTAL ACTIVITY EXCLUDING TRITIUM     1.56338E+06 Bq
                                        2.08357E-06 Ci/cc
0  TOTAL ALPHA HEAT PRODUCTION          1.02127E-09 kW
   TOTAL BETA  HEAT PRODUCTION          3.26555E-12 kW
   TOTAL GAMMA HEAT PRODUCTION          3.12665E-13 kW              TOTAL HEAT PRODUCTION 1.02485E-09 kW
0  INITIAL TOTAL MASS OF MATERIAL       3.85309E-01 kg              TOTAL HEAT EX TRITIUM 1.02485E-09 kW
0  TOTAL MASS OF MATERIAL               3.85309E-01 kg
   NEUTRON  FLUX DURING INTERVAL        0.00000E+00 n/cm^2/s
0  NUMBER OF FISSIONS                  -2.92546E+04                 BURN-UP OF ACTINIDES  0.00000E+00 %
0  INGESTION  HAZARD FOR ALL MATERIALS  3.59603E-01 Sv/kg
   INHALATION HAZARD FOR ALL MATERIALS  1.71965E+02 Sv/kg
0  INGESTION  HAZARD EXCLUDING TRITIUM  3.59603E-01 Sv/kg
   INHALATION HAZARD EXCLUDING TRITIUM  1.71965E+02 Sv/kg
0  GAS   RATE (a decay) =  1.56331E+06 atoms per sec =  1.56331E-12 appm/sec
0  APPM OF He  4    =  1.5633E-08



                                               COMPOSITION  OF  MATERIAL  BY  ELEMENT
                                               --------------------------------------
0                                                             BETA                     GAMMA                     ALPHA
                      ATOMS      GRAM-ATOMS     GRAMS      CURIES-MeV      kW        CURIES-MeV      kW        CURIES-MeV      kW

    2       He      1.5633E+10   2.5959E-14   1.0391E-13   0.0000E+00   0.0000E+00   0.0000E+00   0.0000E+00   0.0000E+00   0.0000E+00
   88       Ra      1.5633E+10   2.5959E-14   5.9194E-12   3.4645E-11   2.0537E-16   3.2356E-12   1.9181E-17   0.0000E+00   0.0000E+00
   89       Ac      2.6933E+05   4.4723E-19   1.0198E-16   1.0031E-10   5.9466E-16   2.1951E-10   1.3013E-15   0.0000E+00   0.0000E+00
   90       Th      1.0000E+24   1.6605E+00   3.8531E+02   5.5073E-07   3.2648E-12   5.2520E-08   3.1134E-13   1.7228E-04   1.0213E-09



                                               GAMMA SPECTRUM AND ENERGIES/SECOND
                                               ----------------------------------

     NEUTRONS PER SECOND ARISING FROM SPONTANEOUS FISSION                    3.28295E-05    Entered density (g/cc)      19.00
     POWER FROM ALPHA PARTICLES (MeV per Second)                             6.37428E+06
     POWER FROM BETA  PARTICLES (MeV per Second)                             2.03820E+04
     TOTAL GAMMA POWER FROM ACTIVATION  (MeV per Second)                     1.95150E+03    Total gammas (per cc per second)      6.22065E+03
     GAMMA RAY POWER FROM ACTIVATION DECAY  MeV/s    (  0.000-  0.010 MeV)   7.76615E+01    Gammas per group (per cc per second)  7.65915E+02
                                                     (  0.010-  0.020 MeV)   1.61899E+03                                          5.32229E+03
                                                     (  0.020-  0.050 MeV)   3.72001E-04                                          5.24109E-04
                                                     (  0.050-  0.100 MeV)   1.54522E+02                                          1.01595E+02
                                                     (  0.100-  0.200 MeV)   9.23332E+01                                          3.03537E+01
                                                     (  0.200-  0.300 MeV)   1.80754E-01                                          3.56527E-02
                                                     (  0.300-  0.400 MeV)   4.72445E-01                                          6.65623E-02
                                                     (  0.400-  0.600 MeV)   4.06081E-01                                          4.00486E-02
                                                     (  0.600-  0.800 MeV)   6.58294E-01                                          4.63731E-02
                                                     (  0.800-  1.000 MeV)   4.49823E+00                                          2.46459E-01
                                                     (  1.000-  1.220 MeV)   1.32947E-01                                          5.90610E-03
                                                     (  1.220-  1.440 MeV)   1.10060E-01                                          4.08058E-03
                                                     (  1.440-  1.660 MeV)   1.37560E+00                                          4.37629E-02
                                                     (  1.660-  2.000 MeV)   1.51327E-01                                          4.07765E-03
                                                     (  2.000-  2.500 MeV)   0.00000E+00                                          0.00000E+00
                                                     (  2.500-  3.000 MeV)   0.00000E+00                                          0.00000E+00
                                                     (  3.000-  4.000 MeV)   0.00000E+00                                          0.00000E+00
                                                     (  4.000-  5.000 MeV)   0.00000E+00                                          0.00000E+00
                                                     (  5.000-  6.500 MeV)   0.00000E+00                                          0.00000E+00
                                                     (  6.500-  8.000 MeV)   0.00000E+00                                          0.00000E+00
                                                     (  8.000- 10.000 MeV)   0.00000E+00                                          0.00000E+00
                                                     ( 10.000- 12.000 MeV)   0.00000E+00                                          0.00000E+00
                                                     ( 12.000- 14.000 MeV)   0.00000E+00                                          0.00000E+00
                                                     ( 14.000- 20.000 MeV)   0.00000E+00                                          0.00000E+00

    DOSE RATE (PLANE SOURCE) FROM GAMMAS WITH ENERGY 0-20 MeV IS            6.47415E-08 Sieverts/hour   ( 6.47415E-06 Rems/hour)




                                                                           DOMINANT NUCLIDES
                                                                           -----------------

      NUCLIDE   ACTIVITY    PERCENT  NUCLIDE     HEAT      PERCENT  NUCLIDE  DOSE RATE    PERCENT  NUCLIDE  INGESTION    PERCENT  NUCLIDE  INHALATION   PERCENT 
                  (Bq)      ACTIVITY             (kW)       HEAT              (Sv/hr)    DOSE RATE            (Sv)      INGESTION            (Sv)     INHALATION
       Total   1.5634E+06             Total   1.0248E-09             Total   6.4741E-08             Total   3.5960E-01             Total   1.7197E+02
    1  Th232   1.5633E+06  10.00E+01  Th232   1.0248E-09  10.00E+01  Th232   6.0868E-08  94.02E+00  Th232   3.5956E-01  99.99E+00  Th232   1.7196E+02  10.00E+01
    2  Ra228   5.9716E+01  38.20E-04  Ac228   1.8960E-15  18.50E-05  Ac228   3.8688E-09  59.76E-01  Ra228   4.1204E-05  11.46E-03  Ra228   9.5546E-04  55.56E-05
    3  Ac228   8.4319E+00  53.93E-05  Ra228   2.2456E-16  21.91E-06  Ra228   4.3105E-12  66.58E-04  Ac228   3.6257E-09  10.08E-07  Ac228   2.1080E-07  12.26E-08
    4  Th228   3.3595E-04  21.49E-09  Th228   2.9718E-19  29.00E-09  Th228   2.9408E-17  45.42E-09  Th228   2.4189E-11  67.26E-10  Th228   1.3438E-08  78.14E-10

      NUCLIDE  GAMMA HEAT   PERCENT  NUCLIDE   BETA HEAT   PERCENT 
                  (kW)       GAMMA               (kW)       BETA
       Total   3.1266E-13             Total   3.2656E-12
    1  Th232   3.1134E-13  99.58E+00  Th232   3.2648E-12  99.98E+00
    2  Ac228   1.3013E-15  41.62E-02  Ac228   5.9466E-16  18.21E-03
    3  Ra228   1.9181E-17  61.35E-04  Ra228   2.0537E-16  62.89E-04
    4  Th228   1.6562E-22  52.97E-09  Th228   1.1024E-21  33.76E-09



                                                              UNCERTAINTY ESTIMATES (cross sections only)
                                                              -------------------------------------------

    Uncertainty estimates are based on pathway analysis for the irradiation phase
    Total Activity is          1.56338E+06  +/-   0.00E+00  Bq.        Error is   0.00E+00 % of the total.

    Total Heat Production is   1.02485E-09  +/-   0.00E+00  kW.        Error is   0.00E+00 % of the total.

    Total Gamma Dose Rate is   6.47415E-08  +/-   0.00E+00  Sv/hr.     Error is   0.00E+00 % of the total.

    Total Ingestion Dose is    3.59603E-01  +/-   0.00E+00  Sv.        Error is   0.00E+00 % of the total.

    Total Inhalation Dose is   1.71965E+02  +/-   0.00E+00  Sv.        Error is   0.00E+00 % of the total.

    Total Gamma Heat Prod is   3.12665E-13  +/-   0.00E+00  kW.        Error is   0.00E+00 % of the total.

    Total Beta Heat Prod is    3.26555E-12  +/-   0.00E+00  kW.        Error is   0.00E+00 % of the total.

0   Nuclide     Atoms     E(Atoms)  Activity E(Activity)   Heat     E(Heat)  Dose Rate E(Dose Rate) Ingest   E(Ingest)   Inhale   E(Inhale)   % Error
    Th232    1.00000E+24  0.00E+00  1.563E+06  0.00E+00  1.025E-09  0.00E+00  6.087E-08  0.00E+00  3.596E-01  0.00E+00  1.720E+02  0.00E+00  0.000E+00
    Ra228    1.56328E+10  0.00E+00  5.972E+01  0.00E+00  2.246E-16  0.00E+00  4.311E-12  0.00E+00  4.120E-05  0.00E+00  9.555E-04  0.00E+00  0.000E+00
1 * * * TIME INTERVAL  34 * * * COOLING TIME IS   2.5000E+03 SECS OR  4.1667E+01 MINS  * * * ELAPSED TIME IS   3.472 h   * * * FLUX AMP IS  0.0000E+00 /cm^2/s  * * *
  NUCLIDE        ATOMS         GRAMS        Bq       b-Energy    a-Energy   g-Energy    DOSE RATE   INGESTION  INHALATION   HALF LIFE                        
                                                        kW          kW         kW         Sv/hr      DOSE(Sv)    DOSE(Sv)    seconds                         

  He  4    #  1.95414E+10   1.299E-13   0.000E+00   0.000E+00   0.00E+00   0.000E+00   0.000E+00   0.000E+00   0.000E+00     Stable                         
  Ra224       2.10443E+00   7.828E-22   4.638E-06   1.748E-24   4.29E-21   7.752E-24   2.683E-18   3.015E-13   1.577E-11   3.145E+05                        
  Ra228       1.95409E+10   7.399E-12   7.464E+01   2.567E-16   0.00E+00   2.398E-17   5.388E-12   5.150E-05   1.194E-03   1.815E+08                        
  Ac228       4.10651E+05   1.555E-16   1.286E+01   9.067E-16   0.00E+00   1.984E-15   5.899E-09   5.528E-09   3.214E-07   2.214E+04                        
  Th228       5.58806E+04   2.116E-17   6.417E-04   2.106E-21   5.65E-19   3.164E-22   5.617E-17   4.620E-11   2.567E-08   6.036E+07                        
  Th232     > 1.00000E+24   3.853E+02   1.563E+06   3.265E-12   1.02E-09   3.113E-13   6.087E-08   3.596E-01   1.720E+02   4.434E+17                        
0  TOTAL NUMBER OF NUCLIDES PRINTED IN INVENTORY =    6
0  TOTAL CURIES   TOTAL ALPHA   TOTAL BETA    TOTAL GAMMA
                  CURIE-MeV     CURIE-MeV     CURIE-MeV
   4.22540E-05   1.72278E-04   5.50925E-07   5.28592E-08
0  ALPHA BECQUERELS = 1.563311E+06  BETA BECQUERELS = 8.750117E+01  GAMMA BECQUERELS = 0.000000E+00
0  TOTAL ACTIVITY FOR ALL MATERIALS     1.56340E+06 Bq
                                        2.08359E-06 Ci/cc           DENSITY   1.90E+01 gm/cc
   TOTAL ACTIVITY EXCLUDING TRITIUM     1.56340E+06 Bq
                                        2.08359E-06 Ci/cc
0  TOTAL ALPHA HEAT PRODUCTION          1.02127E-09 kW
   TOTAL BETA  HEAT PRODUCTION          3.26592E-12 kW
   TOTAL GAMMA HEAT PRODUCTION          3.13352E-13 kW              TOTAL HEAT PRODUCTION 1.02485E-09 kW
0  INITIAL TOTAL MASS OF MATERIAL       3.85309E-01 kg              TOTAL HEAT EX TRITIUM 1.02485E-09 kW
0  TOTAL MASS OF MATERIAL               3.85309E-01 kg
   NEUTRON  FLUX DURING INTERVAL        0.00000E+00 n/cm^2/s
0  NUMBER OF FISSIONS                  -5.58806E+04                 BURN-UP OF ACTINIDES  0.00000E+00 %
0  INGESTION  HAZARD FOR ALL MATERIALS  3.59613E-01 Sv/kg
   INHALATION HAZARD FOR ALL MATERIALS  1.71965E+02 Sv/kg
0  INGESTION  HAZARD EXCLUDING TRITIUM  3.59613E-01 Sv/kg
   INHALATION HAZARD EXCLUDING TRITIUM  1.71965E+02 Sv/kg
0  GAS   RATE (a decay) =  1.56331E+06 atoms per sec =  1.56331E-12 appm/sec
0  APPM OF He  4    =  1.9541E-08



                                               COMPOSITION  OF  MATERIAL  BY  ELEMENT
                                               --------------------------------------
0                                                             BETA                     GAMMA                     ALPHA
                      ATOMS      GRAM-ATOMS     GRAMS      CURIES-MeV      kW        CURIES-MeV      kW        CURIES-MeV      kW

    2       He      1.9541E+10   3.2449E-14   1.2988E-13   0.0000E+00   0.0000E+00   0.0000E+00   0.0000E+00   0.0000E+00   0.0000E+00
   88       Ra      1.9541E+10   3.2448E-14   7.3993E-12   4.3305E-11   2.5672E-16   4.0445E-12   2.3976E-17   7.2406E-16   4.2922E-21
   89       Ac      4.1065E+05   6.8190E-19   1.5549E-16   1.5295E-10   9.0669E-16   3.3470E-10   1.9841E-15   0.0000E+00   0.0000E+00
   90       Th      1.0000E+24   1.6605E+00   3.8531E+02   5.5073E-07   3.2648E-12   5.2520E-08   3.1134E-13   1.7228E-04   1.0213E-09



                                               GAMMA SPECTRUM AND ENERGIES/SECOND
                                               ----------------------------------

     NEUTRONS PER SECOND ARISING FROM SPONTANEOUS FISSION                    3.28295E-05    Entered density (g/cc)      19.00
     POWER FROM ALPHA PARTICLES (MeV per Second)                             6.37428E+06
     POWER FROM BETA  PARTICLES (MeV per Second)                             2.03842E+04
     TOTAL GAMMA POWER FROM ACTIVATION  (MeV per Second)                     1.95579E+03    Total gammas (per cc per second)      6.22112E+03
     GAMMA RAY POWER FROM ACTIVATION DECAY  MeV/s    (  0.000-  0.010 MeV)   7.76659E+01    Gammas per group (per cc per second)  7.65959E+02
                                                     (  0.010-  0.020 MeV)   1.61904E+03                                          5.32244E+03
                                                     (  0.020-  0.050 MeV)   4.64999E-04                                          6.55133E-04
                                                     (  0.050-  0.100 MeV)   1.54536E+02                                          1.01605E+02
                                                     (  0.100-  0.200 MeV)   9.23661E+01                                          3.03645E+01
                                                     (  0.200-  0.300 MeV)   2.75601E-01                                          5.43608E-02
                                                     (  0.300-  0.400 MeV)   7.20351E-01                                          1.01489E-01
                                                     (  0.400-  0.600 MeV)   6.19164E-01                                          6.10634E-02
                                                     (  0.600-  0.800 MeV)   1.00372E+00                                          7.07065E-02
                                                     (  0.800-  1.000 MeV)   6.85859E+00                                          3.75783E-01
                                                     (  1.000-  1.220 MeV)   2.02708E-01                                          9.00520E-03
                                                     (  1.220-  1.440 MeV)   1.67811E-01                                          6.22178E-03
                                                     (  1.440-  1.660 MeV)   2.09742E+00                                          6.67265E-02
                                                     (  1.660-  2.000 MeV)   2.30733E-01                                          6.21731E-03
                                                     (  2.000-  2.500 MeV)   0.00000E+00                                          0.00000E+00
                                                     (  2.500-  3.000 MeV)   0.00000E+00                                          0.00000E+00
                                                     (  3.000-  4.000 MeV)   0.00000E+00                                          0.00000E+00
                                                     (  4.000-  5.000 MeV)   0.00000E+00                                          0.00000E+00
                                                     (  5.000-  6.500 MeV)   0.00000E+00                                          0.00000E+00
                                                     (  6.500-  8.000 MeV)   0.00000E+00                                          0.00000E+00
                                                     (  8.000- 10.000 MeV)   0.00000E+00                                          0.00000E+00
                                                     ( 10.000- 12.000 MeV)   0.00000E+00                                          0.00000E+00
                                                     ( 12.000- 14.000 MeV)   0.00000E+00                                          0.00000E+00
                                                     ( 14.000- 20.000 MeV)   0.00000E+00                                          0.00000E+00

    DOSE RATE (PLANE SOURCE) FROM GAMMAS WITH ENERGY 0-20 MeV IS            6.67727E-08 Sieverts/hour   ( 6.67727E-06 Rems/hour)




                                                                           DOMINANT NUCLIDES
                                                                           -----------------

      NUCLIDE   ACTIVITY    PERCENT  NUCLIDE     HEAT      PERCENT  NUCLIDE  DOSE RATE    PERCENT  NUCLIDE  INGESTION    PERCENT  NUCLIDE  INHALATION   PERCENT 
                  (Bq)      ACTIVITY             (kW)       HEAT              (Sv/hr)    DOSE RATE            (Sv)      INGESTION            (Sv)     INHALATION
       Total   1.5634E+06             Total   1.0249E-09             Total   6.6773E-08             Total   3.5961E-01             Total   1.7197E+02
    1  Th232   1.5633E+06  99.99E+00  Th232   1.0248E-09  10.00E+01  Th232   6.0868E-08  91.16E+00  Th232   3.5956E-01  99.99E+00  Th232   1.7196E+02  10.00E+01
    2  Ra228   7.4645E+01  47.75E-04  Ac228   2.8908E-15  28.21E-05  Ac228   5.8989E-09  88.34E-01  Ra228   5.1505E-05  14.32E-03  Ra228   1.1943E-03  69.45E-05
    3  Ac228   1.2856E+01  82.23E-05  Ra228   2.8069E-16  27.39E-06  Ra228   5.3881E-12  80.69E-04  Ac228   5.5283E-09  15.37E-07  Ac228   3.2141E-07  18.69E-08
    4  Th228   6.4172E-04  41.05E-09  Th228   5.6765E-19  55.39E-09  Th228   5.6173E-17  84.13E-09  Th228   4.6204E-11  12.85E-09  Th228   2.5669E-08  14.93E-09
    5  Ra224   4.6381E-06  29.67E-11  Ra224   4.3017E-21  41.97E-11  Ra224   2.6834E-18  40.19E-10  Ra224   3.0148E-13  83.83E-12  Ra224   1.5770E-11  91.70E-13

      NUCLIDE  GAMMA HEAT   PERCENT  NUCLIDE   BETA HEAT   PERCENT 
                  (kW)       GAMMA               (kW)       BETA
       Total   3.1335E-13             Total   3.2659E-12
    1  Th232   3.1134E-13  99.36E+00  Th232   3.2648E-12  99.96E+00
    2  Ac228   1.9841E-15  63.32E-02  Ac228   9.0669E-16  27.76E-03
    3  Ra228   2.3976E-17  76.52E-04  Ra228   2.5672E-16  78.60E-04
    4  Th228   3.1636E-22  10.10E-08  Th228   2.1058E-21  64.48E-09
    5  Ra224   7.7516E-24  24.74E-10  Ra224   1.7481E-24  53.53E-12



                                                              UNCERTAINTY ESTIMATES (cross sections only)
                                                              -------------------------------------------

    Uncertainty estimates are based on pathway analysis for the irradiation phase
    Total Activity is          1.56340E+06  +/-   0.00E+00  Bq.        Error is   0.00E+00 % of the total.

    Total Heat Production is   1.02485E-09  +/-   0.00E+00  kW.        Error is   0.00E+00 % of the total.

    Total Gamma Dose Rate is   6.67727E-08  +/-   0.00E+00  Sv/hr.     Error is   0.00E+00 % of the total.

    Total Ingestion Dose is    3.59613E-01  +/-   0.00E+00  Sv.        Error is   0.00E+00 % of the total.

    Total Inhalation Dose is   1.71965E+02  +/-   0.00E+00  Sv.        Error is   0.00E+00 % of the total.

    Total Gamma Heat Prod is   3.13352E-13  +/-   0.00E+00  kW.        Error is   0.00E+00 % of the total.

    Total Beta Heat Prod is    3.26592E-12  +/-   0.00E+00  kW.        Error is   0.00E+00 % of the total.

0   Nuclide     Atoms     E(Atoms)  Activity E(Activity)   Heat     E(Heat)  Dose Rate E(Dose Rate) Ingest   E(Ingest)   Inhale   E(Inhale)   % Error
    Th232    1.00000E+24  0.00E+00  1.563E+06  0.00E+00  1.025E-09  0.00E+00  6.087E-08  0.00E+00  3.596E-01  0.00E+00  1.720E+02  0.00E+00  0.000E+00
    Ra228    1.95409E+10  0.00E+00  7.464E+01  0.00E+00  2.807E-16  0.00E+00  5.388E-12  0.00E+00  5.150E-05  0.00E+00  1.194E-03  0.00E+00  0.000E+00
1 * * * TIME INTERVAL  35 * * * COOLING TIME IS   2.5000E+03 SECS OR  4.1667E+01 MINS  * * * ELAPSED TIME IS   4.167 h   * * * FLUX AMP IS  0.0000E+00 /cm^2/s  * * *
  NUCLIDE        ATOMS         GRAMS        Bq       b-Energy    a-Energy   g-Energy    DOSE RATE   INGESTION  INHALATION   HALF LIFE                        
                                                        kW          kW         kW         Sv/hr      DOSE(Sv)    DOSE(Sv)    seconds                         

  He  4    #  2.34497E+10   1.559E-13   0.000E+00   0.000E+00   0.00E+00   0.000E+00   0.000E+00   0.000E+00   0.000E+00     Stable                         
  Ra224       4.26685E+00   1.587E-21   9.404E-06   3.544E-24   8.70E-21   1.572E-23   5.441E-18   6.113E-13   3.197E-11   3.145E+05                        
  Ra228       2.34490E+10   8.879E-12   8.957E+01   3.081E-16   0.00E+00   2.877E-17   6.466E-12   6.181E-05   1.433E-03   1.815E+08                        
  Ac228       5.77149E+05   2.185E-16   1.807E+01   1.274E-15   0.00E+00   2.789E-15   8.291E-09   7.770E-09   4.517E-07   2.214E+04                        
  Th228       9.46526E+04   3.584E-17   1.087E-03   3.567E-21   9.57E-19   5.359E-22   9.515E-17   7.826E-11   4.348E-08   6.036E+07                        
  Th232     > 1.00000E+24   3.853E+02   1.563E+06   3.265E-12   1.02E-09   3.113E-13   6.087E-08   3.596E-01   1.720E+02   4.434E+17                        
0  TOTAL NUMBER OF NUCLIDES PRINTED IN INVENTORY =    6
0  TOTAL CURIES   TOTAL ALPHA   TOTAL BETA    TOTAL GAMMA
                  CURIE-MeV     CURIE-MeV     CURIE-MeV
   4.22546E-05   1.72278E-04   5.50996E-07   5.29958E-08
0  ALPHA BECQUERELS = 1.563311E+06  BETA BECQUERELS = 1.076423E+02  GAMMA BECQUERELS = 0.000000E+00
0  TOTAL ACTIVITY FOR ALL MATERIALS     1.56342E+06 Bq
                                        2.08362E-06 Ci/cc           DENSITY   1.90E+01 gm/cc
   TOTAL ACTIVITY EXCLUDING TRITIUM     1.56342E+06 Bq
                                        2.08362E-06 Ci/cc
0  TOTAL ALPHA HEAT PRODUCTION          1.02127E-09 kW
   TOTAL BETA  HEAT PRODUCTION          3.26633E-12 kW
   TOTAL GAMMA HEAT PRODUCTION          3.14162E-13 kW              TOTAL HEAT PRODUCTION 1.02485E-09 kW
0  INITIAL TOTAL MASS OF MATERIAL       3.85309E-01 kg              TOTAL HEAT EX TRITIUM 1.02485E-09 kW
0  TOTAL MASS OF MATERIAL               3.85309E-01 kg
   NEUTRON  FLUX DURING INTERVAL        0.00000E+00 n/cm^2/s
0  NUMBER OF FISSIONS                  -9.46526E+04                 BURN-UP OF ACTINIDES  0.00000E+00 %
0  INGESTION  HAZARD FOR ALL MATERIALS  3.59623E-01 Sv/kg
   INHALATION HAZARD FOR ALL MATERIALS  1.71966E+02 Sv/kg
0  INGESTION  HAZARD EXCLUDING TRITIUM  3.59623E-01 Sv/kg
   INHALATION HAZARD EXCLUDING TRITIUM  1.71966E+02 Sv/kg
0  GAS   RATE (a decay) =  1.56331E+06 atoms per sec =  1.56331E-12 appm/sec
0  APPM OF He  4    =  2.3450E-08



                                               COMPOSITION  OF  MATERIAL  BY  ELEMENT
                                               --------------------------------------
0                                                             BETA                     GAMMA                     ALPHA
                      ATOMS      GRAM-ATOMS     GRAMS      CURIES-MeV      kW        CURIES-MeV      kW        CURIES-MeV      kW

    2       He      2.3450E+10   3.8939E-14   1.5586E-13   0.0000E+00   0.0000E+00   0.0000E+00   0.0000E+00   0.0000E+00   0.0000E+00
   88       Ra      2.3449E+10   3.8938E-14   8.8791E-12   5.1966E-11   3.0806E-16   4.8534E-12   2.8771E-17   1.4681E-15   8.7028E-21
   89       Ac      5.7715E+05   9.5838E-19   2.1854E-16   2.1496E-10   1.2743E-15   4.7041E-10   2.7886E-15   0.0000E+00   0.0000E+00
   90       Th      1.0000E+24   1.6605E+00   3.8531E+02   5.5073E-07   3.2648E-12   5.2520E-08   3.1134E-13   1.7228E-04   1.0213E-09



                                               GAMMA SPECTRUM AND ENERGIES/SECOND
                                               ----------------------------------

     NEUTRONS PER SECOND ARISING FROM SPONTANEOUS FISSION                    3.28295E-05    Entered density (g/cc)      19.00
     POWER FROM ALPHA PARTICLES (MeV per Second)                             6.37428E+06
     POWER FROM BETA  PARTICLES (MeV per Second)                             2.03869E+04
     TOTAL GAMMA POWER FROM ACTIVATION  (MeV per Second)                     1.96084E+03    Total gammas (per cc per second)      6.22166E+03
     GAMMA RAY POWER FROM ACTIVATION DECAY  MeV/s    (  0.000-  0.010 MeV)   7.76706E+01    Gammas per group (per cc per second)  7.66005E+02
                                                     (  0.010-  0.020 MeV)   1.61909E+03                                          5.32260E+03
                                                     (  0.020-  0.050 MeV)   5.57997E-04                                          7.86155E-04
                                                     (  0.050-  0.100 MeV)   1.54554E+02                                          1.01616E+02
                                                     (  0.100-  0.200 MeV)   9.24048E+01                                          3.03772E+01
                                                     (  0.200-  0.300 MeV)   3.87344E-01                                          7.64014E-02
                                                     (  0.300-  0.400 MeV)   1.01242E+00                                          1.42638E-01
                                                     (  0.400-  0.600 MeV)   8.70204E-01                                          8.58215E-02
                                                     (  0.600-  0.800 MeV)   1.41068E+00                                          9.93745E-02
                                                     (  0.800-  1.000 MeV)   9.63941E+00                                          5.28144E-01
                                                     (  1.000-  1.220 MeV)   2.84896E-01                                          1.26564E-02
                                                     (  1.220-  1.440 MeV)   2.35850E-01                                          8.74440E-03
                                                     (  1.440-  1.660 MeV)   2.94782E+00                                          9.37808E-02
                                                     (  1.660-  2.000 MeV)   3.24283E-01                                          8.73812E-03
                                                     (  2.000-  2.500 MeV)   0.00000E+00                                          0.00000E+00
                                                     (  2.500-  3.000 MeV)   0.00000E+00                                          0.00000E+00
                                                     (  3.000-  4.000 MeV)   0.00000E+00                                          0.00000E+00
                                                     (  4.000-  5.000 MeV)   0.00000E+00                                          0.00000E+00
                                                     (  5.000-  6.500 MeV)   0.00000E+00                                          0.00000E+00
                                                     (  6.500-  8.000 MeV)   0.00000E+00                                          0.00000E+00
                                                     (  8.000- 10.000 MeV)   0.00000E+00                                          0.00000E+00
                                                     ( 10.000- 12.000 MeV)   0.00000E+00                                          0.00000E+00
                                                     ( 12.000- 14.000 MeV)   0.00000E+00                                          0.00000E+00
                                                     ( 14.000- 20.000 MeV)   0.00000E+00                                          0.00000E+00

    DOSE RATE (PLANE SOURCE) FROM GAMMAS WITH ENERGY 0-20 MeV IS            6.91655E-08 Sieverts/hour   ( 6.91655E-06 Rems/hour)




                                                                           DOMINANT NUCLIDES
                                                                           -----------------

      NUCLIDE   ACTIVITY    PERCENT  NUCLIDE     HEAT      PERCENT  NUCLIDE  DOSE RATE    PERCENT  NUCLIDE  INGESTION    PERCENT  NUCLIDE  INHALATION   PERCENT 
                  (Bq)      ACTIVITY             (kW)       HEAT              (Sv/hr)    DOSE RATE            (Sv)      INGESTION            (Sv)     INHALATION
       Total   1.5634E+06             Total   1.0249E-09             Total   6.9165E-08             Total   3.5962E-01             Total   1.7197E+02
    1  Th232   1.5633E+06  99.99E+00  Th232   1.0248E-09  10.00E+01  Th232   6.0868E-08  88.00E+00  Th232   3.5956E-01  99.98E+00  Th232   1.7196E+02  10.00E+01
    2  Ra228   8.9573E+01  57.29E-04  Ac228   4.0629E-15  39.64E-05  Ac228   8.2907E-09  11.99E+00  Ra228   6.1806E-05  17.19E-03  Ra228   1.4332E-03  83.34E-05
    3  Ac228   1.8069E+01  11.56E-04  Ra228   3.3683E-16  32.87E-06  Ra228   6.4657E-12  93.48E-04  Ac228   7.7697E-09  21.61E-07  Ac228   4.5173E-07  26.27E-08
    4  Th228   1.0870E-03  69.52E-09  Th228   9.6150E-19  93.82E-09  Th228   9.5148E-17  13.76E-08  Th228   7.8262E-11  21.76E-09  Th228   4.3479E-08  25.28E-09
    5  Ra224   9.4041E-06  60.15E-11  Ra224   8.7220E-21  85.11E-11  Ra224   5.4408E-18  78.66E-10  Ra224   6.1127E-13  17.00E-11  Ra224   3.1974E-11  18.59E-12

      NUCLIDE  GAMMA HEAT   PERCENT  NUCLIDE   BETA HEAT   PERCENT 
                  (kW)       GAMMA               (kW)       BETA
       Total   3.1416E-13             Total   3.2663E-12
    1  Th232   3.1134E-13  99.10E+00  Th232   3.2648E-12  99.95E+00
    2  Ac228   2.7886E-15  88.76E-02  Ac228   1.2743E-15  39.01E-03
    3  Ra228   2.8771E-17  91.58E-04  Ra228   3.0806E-16  94.31E-04
    4  Th228   5.3586E-22  17.06E-08  Th228   3.5668E-21  10.92E-08
    5  Ra224   1.5717E-23  50.03E-10  Ra224   3.5444E-24  10.85E-11



                                                              UNCERTAINTY ESTIMATES (cross sections only)
                                                              -------------------------------------------

    Uncertainty estimates are based on pathway analysis for the irradiation phase
    Total Activity is          1.56342E+06  +/-   0.00E+00  Bq.        Error is   0.00E+00 % of the total.

    Total Heat Production is   1.02485E-09  +/-   0.00E+00  kW.        Error is   0.00E+00 % of the total.

    Total Gamma Dose Rate is   6.91655E-08  +/-   0.00E+00  Sv/hr.     Error is   0.00E+00 % of the total.

    Total Ingestion Dose is    3.59623E-01  +/-   0.00E+00  Sv.        Error is   0.00E+00 % of the total.

    Total Inhalation Dose is   1.71966E+02  +/-   0.00E+00  Sv.        Error is   0.00E+00 % of the total.

    Total Gamma Heat Prod is   3.14162E-13  +/-   0.00E+00  kW.        Error is   0.00E+00 % of the total.

    Total Beta Heat Prod is    3.26633E-12  +/-   0.00E+00  kW.        Error is   0.00E+00 % of the total.

0   Nuclide     Atoms     E(Atoms)  Activity E(Activity)   Heat     E(Heat)  Dose Rate E(Dose Rate) Ingest   E(Ingest)   Inhale   E(Inhale)   % Error
    Th232    1.00000E+24  0.00E+00  1.563E+06  0.00E+00  1.025E-09  0.00E+00  6.087E-08  0.00E+00  3.596E-01  0.00E+00  1.720E+02  0.00E+00  0.000E+00
    Ra228    2.34490E+10  0.00E+00  8.957E+01  0.00E+00  3.368E-16  0.00E+00  6.466E-12  0.00E+00  6.181E-05  0.00E+00  1.433E-03  0.00E+00  0.000E+00
1 * * * TIME INTERVAL  36 * * * COOLING TIME IS   5.0000E+03 SECS OR  1.3889E+00 HOURS * * * ELAPSED TIME IS   5.556 h   * * * FLUX AMP IS  0.0000E+00 /cm^2/s  * * *
  NUCLIDE        ATOMS         GRAMS        Bq       b-Energy    a-Energy   g-Energy    DOSE RATE   INGESTION  INHALATION   HALF LIFE                        
                                                        kW          kW         kW         Sv/hr      DOSE(Sv)    DOSE(Sv)    seconds                         

  He  4    #  3.12662E+10   2.078E-13   0.000E+00   0.000E+00   0.00E+00   0.000E+00   0.000E+00   0.000E+00   0.000E+00     Stable                         
  Ra224       1.31294E+01   4.884E-21   2.894E-05   1.091E-23   2.68E-20   4.836E-23   1.674E-17   1.881E-12   9.839E-11   3.145E+05                        
  Ra228       3.12650E+10   1.184E-11   1.194E+02   4.107E-16   0.00E+00   3.836E-17   8.621E-12   8.241E-05   1.911E-03   1.815E+08                        
  Ac228       9.77843E+05   3.703E-16   3.061E+01   2.159E-15   0.00E+00   4.725E-15   1.405E-08   1.316E-08   7.653E-07   2.214E+04                        
  Th228       2.16458E+05   8.196E-17   2.486E-03   8.157E-21   2.19E-18   1.225E-21   2.176E-16   1.790E-10   9.943E-08   6.036E+07                        
  Th232     > 1.00000E+24   3.853E+02   1.563E+06   3.265E-12   1.02E-09   3.113E-13   6.087E-08   3.596E-01   1.720E+02   4.434E+17                        
0  TOTAL NUMBER OF NUCLIDES PRINTED IN INVENTORY =    6
0  TOTAL CURIES   TOTAL ALPHA   TOTAL BETA    TOTAL GAMMA
                  CURIE-MeV     CURIE-MeV     CURIE-MeV
   4.22557E-05   1.72278E-04   5.51163E-07   5.33240E-08
0  ALPHA BECQUERELS = 1.563311E+06  BETA BECQUERELS = 1.500437E+02  GAMMA BECQUERELS = 0.000000E+00
0  TOTAL ACTIVITY FOR ALL MATERIALS     1.56346E+06 Bq
                                        2.08368E-06 Ci/cc           DENSITY   1.90E+01 gm/cc
   TOTAL ACTIVITY EXCLUDING TRITIUM     1.56346E+06 Bq
                                        2.08368E-06 Ci/cc
0  TOTAL ALPHA HEAT PRODUCTION          1.02127E-09 kW
   TOTAL BETA  HEAT PRODUCTION          3.26732E-12 kW
   TOTAL GAMMA HEAT PRODUCTION          3.16107E-13 kW              TOTAL HEAT PRODUCTION 1.02485E-09 kW
0  INITIAL TOTAL MASS OF MATERIAL       3.85309E-01 kg              TOTAL HEAT EX TRITIUM 1.02485E-09 kW
0  TOTAL MASS OF MATERIAL               3.85309E-01 kg
   NEUTRON  FLUX DURING INTERVAL        0.00000E+00 n/cm^2/s
0  NUMBER OF FISSIONS                  -2.16458E+05                 BURN-UP OF ACTINIDES  0.00000E+00 %
0  INGESTION  HAZARD FOR ALL MATERIALS  3.59644E-01 Sv/kg
   INHALATION HAZARD FOR ALL MATERIALS  1.71966E+02 Sv/kg
0  INGESTION  HAZARD EXCLUDING TRITIUM  3.59644E-01 Sv/kg
   INHALATION HAZARD EXCLUDING TRITIUM  1.71966E+02 Sv/kg
0  GAS   RATE (a decay) =  1.56331E+06 atoms per sec =  1.56331E-12 appm/sec
0  APPM OF He  4    =  3.1266E-08



                                               COMPOSITION  OF  MATERIAL  BY  ELEMENT
                                               --------------------------------------
0                                                             BETA                     GAMMA                     ALPHA
                      ATOMS      GRAM-ATOMS     GRAMS      CURIES-MeV      kW        CURIES-MeV      kW        CURIES-MeV      kW

    2       He      3.1266E+10   5.1919E-14   2.0781E-13   0.0000E+00   0.0000E+00   0.0000E+00   0.0000E+00   0.0000E+00   0.0000E+00
   88       Ra      3.1265E+10   5.1917E-14   1.1839E-11   6.9288E-11   4.1074E-16   6.4712E-12   3.8361E-17   4.5173E-15   2.6779E-20
   89       Ac      9.7784E+05   1.6237E-18   3.7026E-16   3.6420E-10   2.1590E-15   7.9699E-10   4.7246E-15   0.0000E+00   0.0000E+00
   90       Th      1.0000E+24   1.6605E+00   3.8531E+02   5.5073E-07   3.2648E-12   5.2520E-08   3.1134E-13   1.7228E-04   1.0213E-09



                                               GAMMA SPECTRUM AND ENERGIES/SECOND
                                               ----------------------------------

     NEUTRONS PER SECOND ARISING FROM SPONTANEOUS FISSION                    3.28295E-05    Entered density (g/cc)      19.00
     POWER FROM ALPHA PARTICLES (MeV per Second)                             6.37428E+06
     POWER FROM BETA  PARTICLES (MeV per Second)                             2.03930E+04
     TOTAL GAMMA POWER FROM ACTIVATION  (MeV per Second)                     1.97299E+03    Total gammas (per cc per second)      6.22291E+03
     GAMMA RAY POWER FROM ACTIVATION DECAY  MeV/s    (  0.000-  0.010 MeV)   7.76804E+01    Gammas per group (per cc per second)  7.66102E+02
                                                     (  0.010-  0.020 MeV)   1.61920E+03                                          5.32296E+03
                                                     (  0.020-  0.050 MeV)   7.43988E-04                                          1.04820E-03
                                                     (  0.050-  0.100 MeV)   1.54595E+02                                          1.01644E+02
                                                     (  0.100-  0.200 MeV)   9.24981E+01                                          3.04079E+01
                                                     (  0.200-  0.300 MeV)   6.56263E-01                                          1.29444E-01
                                                     (  0.300-  0.400 MeV)   1.71530E+00                                          2.41667E-01
                                                     (  0.400-  0.600 MeV)   1.47436E+00                                          1.45404E-01
                                                     (  0.600-  0.800 MeV)   2.39006E+00                                          1.68367E-01
                                                     (  0.800-  1.000 MeV)   1.63317E+01                                          8.94816E-01
                                                     (  1.000-  1.220 MeV)   4.82690E-01                                          2.14432E-02
                                                     (  1.220-  1.440 MeV)   3.99593E-01                                          1.48153E-02
                                                     (  1.440-  1.660 MeV)   4.99439E+00                                          1.58890E-01
                                                     (  1.660-  2.000 MeV)   5.49421E-01                                          1.48047E-02
                                                     (  2.000-  2.500 MeV)   0.00000E+00                                          0.00000E+00
                                                     (  2.500-  3.000 MeV)   0.00000E+00                                          0.00000E+00
                                                     (  3.000-  4.000 MeV)   0.00000E+00                                          0.00000E+00
                                                     (  4.000-  5.000 MeV)   0.00000E+00                                          0.00000E+00
                                                     (  5.000-  6.500 MeV)   0.00000E+00                                          0.00000E+00
                                                     (  6.500-  8.000 MeV)   0.00000E+00                                          0.00000E+00
                                                     (  8.000- 10.000 MeV)   0.00000E+00                                          0.00000E+00
                                                     ( 10.000- 12.000 MeV)   0.00000E+00                                          0.00000E+00
                                                     ( 12.000- 14.000 MeV)   0.00000E+00                                          0.00000E+00
                                                     ( 14.000- 20.000 MeV)   0.00000E+00                                          0.00000E+00

    DOSE RATE (PLANE SOURCE) FROM GAMMAS WITH ENERGY 0-20 MeV IS            7.49235E-08 Sieverts/hour   ( 7.49235E-06 Rems/hour)




                                                                           DOMINANT NUCLIDES
                                                                           -----------------

      NUCLIDE   ACTIVITY    PERCENT  NUCLIDE     HEAT      PERCENT  NUCLIDE  DOSE RATE    PERCENT  NUCLIDE  INGESTION    PERCENT  NUCLIDE  INHALATION   PERCENT 
                  (Bq)      ACTIVITY             (kW)       HEAT              (Sv/hr)    DOSE RATE            (Sv)      INGESTION            (Sv)     INHALATION
       Total   1.5635E+06             Total   1.0249E-09             Total   7.4924E-08             Total   3.5964E-01             Total   1.7197E+02
    1  Th232   1.5633E+06  99.99E+00  Th232   1.0248E-09  10.00E+01  Th232   6.0868E-08  81.24E+00  Th232   3.5956E-01  99.98E+00  Th232   1.7196E+02  10.00E+01
    2  Ra228   1.1943E+02  76.39E-04  Ac228   6.8836E-15  67.17E-05  Ac228   1.4047E-08  18.75E+00  Ra228   8.2407E-05  22.91E-03  Ra228   1.9109E-03  11.11E-04
    3  Ac228   3.0614E+01  19.58E-04  Ra228   4.4910E-16  43.82E-06  Ra228   8.6209E-12  11.51E-03  Ac228   1.3164E-08  36.60E-07  Ac228   7.6534E-07  44.51E-08
    4  Th228   2.4857E-03  15.90E-08  Th228   2.1988E-18  21.46E-08  Th228   2.1759E-16  29.04E-08  Th228   1.7897E-10  49.76E-09  Th228   9.9430E-08  57.82E-09
    5  Ra224   2.8937E-05  18.51E-10  Ra224   2.6838E-20  26.19E-10  Ra224   1.6742E-17  22.34E-09  Ra224   1.8809E-12  52.30E-11  Ra224   9.8386E-11  57.21E-12

      NUCLIDE  GAMMA HEAT   PERCENT  NUCLIDE   BETA HEAT   PERCENT 
                  (kW)       GAMMA               (kW)       BETA
       Total   3.1611E-13             Total   3.2673E-12
    1  Th232   3.1134E-13  98.49E+00  Th232   3.2648E-12  99.92E+00
    2  Ac228   4.7246E-15  14.95E-01  Ac228   2.1590E-15  66.08E-03
    3  Ra228   3.8361E-17  12.14E-03  Ra228   4.1074E-16  12.57E-03
    4  Th228   1.2254E-21  38.77E-08  Th228   8.1569E-21  24.97E-08
    5  Ra224   4.8362E-23  15.30E-09  Ra224   1.0906E-23  33.38E-11



                                                              UNCERTAINTY ESTIMATES (cross sections only)
                                                              -------------------------------------------

    Uncertainty estimates are based on pathway analysis for the irradiation phase
    Total Activity is          1.56346E+06  +/-   0.00E+00  Bq.        Error is   0.00E+00 % of the total.

    Total Heat Production is   1.02485E-09  +/-   0.00E+00  kW.        Error is   0.00E+00 % of the total.

    Total Gamma Dose Rate is   7.49235E-08  +/-   0.00E+00  Sv/hr.     Error is   0.00E+00 % of the total.

    Total Ingestion Dose is    3.59644E-01  +/-   0.00E+00  Sv.        Error is   0.00E+00 % of the total.

    Total Inhalation Dose is   1.71966E+02  +/-   0.00E+00  Sv.        Error is   0.00E+00 % of the total.

    Total Gamma Heat Prod is   3.16107E-13  +/-   0.00E+00  kW.        Error is   0.00E+00 % of the total.

    Total Beta Heat Prod is    3.26732E-12  +/-   0.00E+00  kW.        Error is   0.00E+00 % of the total.

0   Nuclide     Atoms     E(Atoms)  Activity E(Activity)   Heat     E(Heat)  Dose Rate E(Dose Rate) Ingest   E(Ingest)   Inhale   E(Inhale)   % Error
    Th232    1.00000E+24  0.00E+00  1.563E+06  0.00E+00  1.025E-09  0.00E+00  6.087E-08  0.00E+00  3.596E-01  0.00E+00  1.720E+02  0.00E+00  0.000E+00
    Ra228    3.12650E+10  0.00E+00  1.194E+02  0.00E+00  4.491E-16  0.00E+00  8.621E-12  0.00E+00  8.241E-05  0.00E+00  1.911E-03  0.00E+00  0.000E+00
1 * * * TIME INTERVAL  37 * * * COOLING TIME IS   1.0000E+04 SECS OR  2.7778E+00 HOURS * * * ELAPSED TIME IS   8.333 h   * * * FLUX AMP IS  0.0000E+00 /cm^2/s  * * *
  NUCLIDE        ATOMS         GRAMS        Bq       b-Energy    a-Energy   g-Energy    DOSE RATE   INGESTION  INHALATION   HALF LIFE                        
                                                        kW          kW         kW         Sv/hr      DOSE(Sv)    DOSE(Sv)    seconds                         

  He  4    #  4.68993E+10   3.117E-13   0.000E+00   0.000E+00   0.00E+00   0.000E+00   0.000E+00   0.000E+00   0.000E+00     Stable                         
  Ra224       6.20138E+01   2.307E-20   1.367E-04   5.151E-23   1.26E-19   2.284E-22   7.908E-17   8.884E-12   4.647E-10   3.145E+05                        
  Ra228       4.68967E+10   1.776E-11   1.791E+02   6.161E-16   0.00E+00   5.754E-17   1.293E-11   1.236E-04   2.866E-03   1.815E+08                        
  Ac228       2.00730E+06   7.601E-16   6.284E+01   4.432E-15   0.00E+00   9.699E-15   2.883E-08   2.702E-08   1.571E-06   2.214E+04                        
  Th228       6.79811E+05   2.574E-16   7.807E-03   2.562E-20   6.88E-18   3.849E-21   6.834E-16   5.621E-10   3.123E-07   6.036E+07                        
  Th232     > 1.00000E+24   3.853E+02   1.563E+06   3.265E-12   1.02E-09   3.113E-13   6.087E-08   3.596E-01   1.720E+02   4.434E+17                        
0  TOTAL NUMBER OF NUCLIDES PRINTED IN INVENTORY =    6
0  TOTAL CURIES   TOTAL ALPHA   TOTAL BETA    TOTAL GAMMA
                  CURIE-MeV     CURIE-MeV     CURIE-MeV
   4.22582E-05   1.72278E-04   5.51581E-07   5.41663E-08
0  ALPHA BECQUERELS = 1.563311E+06  BETA BECQUERELS = 2.419848E+02  GAMMA BECQUERELS = 0.000000E+00
0  TOTAL ACTIVITY FOR ALL MATERIALS     1.56355E+06 Bq
                                        2.08380E-06 Ci/cc           DENSITY   1.90E+01 gm/cc
   TOTAL ACTIVITY EXCLUDING TRITIUM     1.56355E+06 Bq
                                        2.08380E-06 Ci/cc
0  TOTAL ALPHA HEAT PRODUCTION          1.02127E-09 kW
   TOTAL BETA  HEAT PRODUCTION          3.26980E-12 kW
   TOTAL GAMMA HEAT PRODUCTION          3.21100E-13 kW              TOTAL HEAT PRODUCTION 1.02486E-09 kW
0  INITIAL TOTAL MASS OF MATERIAL       3.85309E-01 kg              TOTAL HEAT EX TRITIUM 1.02486E-09 kW
0  TOTAL MASS OF MATERIAL               3.85309E-01 kg
   NEUTRON  FLUX DURING INTERVAL        0.00000E+00 n/cm^2/s
0  NUMBER OF FISSIONS                  -6.79811E+05                 BURN-UP OF ACTINIDES  0.00000E+00 %
0  INGESTION  HAZARD FOR ALL MATERIALS  3.59685E-01 Sv/kg
   INHALATION HAZARD FOR ALL MATERIALS  1.71967E+02 Sv/kg
0  INGESTION  HAZARD EXCLUDING TRITIUM  3.59685E-01 Sv/kg
   INHALATION HAZARD EXCLUDING TRITIUM  1.71967E+02 Sv/kg
0  GAS   RATE (a decay) =  1.56331E+06 atoms per sec =  1.56331E-12 appm/sec
0  APPM OF He  4    =  4.6899E-08



                                               COMPOSITION  OF  MATERIAL  BY  ELEMENT
                                               --------------------------------------
0                                                             BETA                     GAMMA                     ALPHA
                      ATOMS      GRAM-ATOMS     GRAMS      CURIES-MeV      kW        CURIES-MeV      kW        CURIES-MeV      kW

    2       He      4.6899E+10   7.7878E-14   3.1172E-13   0.0000E+00   0.0000E+00   0.0000E+00   0.0000E+00   0.0000E+00   0.0000E+00
   88       Ra      4.6897E+10   7.7874E-14   1.7758E-11   1.0393E-10   6.1610E-16   9.7066E-12   5.7541E-17   2.1337E-14   1.2648E-19
   89       Ac      2.0073E+06   3.3332E-18   7.6007E-16   7.4763E-10   4.4320E-15   1.6360E-09   9.6986E-15   0.0000E+00   0.0000E+00
   90       Th      1.0000E+24   1.6605E+00   3.8531E+02   5.5073E-07   3.2648E-12   5.2520E-08   3.1134E-13   1.7228E-04   1.0213E-09



                                               GAMMA SPECTRUM AND ENERGIES/SECOND
                                               ----------------------------------

     NEUTRONS PER SECOND ARISING FROM SPONTANEOUS FISSION                    3.28295E-05    Entered density (g/cc)      19.00
     POWER FROM ALPHA PARTICLES (MeV per Second)                             6.37428E+06
     POWER FROM BETA  PARTICLES (MeV per Second)                             2.04085E+04
     TOTAL GAMMA POWER FROM ACTIVATION  (MeV per Second)                     2.00415E+03    Total gammas (per cc per second)      6.22597E+03
     GAMMA RAY POWER FROM ACTIVATION DECAY  MeV/s    (  0.000-  0.010 MeV)   7.77020E+01    Gammas per group (per cc per second)  7.66315E+02
                                                     (  0.010-  0.020 MeV)   1.61945E+03                                          5.32378E+03
                                                     (  0.020-  0.050 MeV)   1.11596E-03                                          1.57227E-03
                                                     (  0.050-  0.100 MeV)   1.54702E+02                                          1.01714E+02
                                                     (  0.100-  0.200 MeV)   9.27376E+01                                          3.04866E+01
                                                     (  0.200-  0.300 MeV)   1.34717E+00                                          2.65721E-01
                                                     (  0.300-  0.400 MeV)   3.52114E+00                                          4.96090E-01
                                                     (  0.400-  0.600 MeV)   3.02653E+00                                          2.98483E-01
                                                     (  0.600-  0.800 MeV)   4.90627E+00                                          3.45620E-01
                                                     (  0.800-  1.000 MeV)   3.35254E+01                                          1.83686E+00
                                                     (  1.000-  1.220 MeV)   9.90856E-01                                          4.40182E-02
                                                     (  1.220-  1.440 MeV)   8.20277E-01                                          3.04126E-02
                                                     (  1.440-  1.660 MeV)   1.02524E+01                                          3.26165E-01
                                                     (  1.660-  2.000 MeV)   1.12784E+00                                          3.03908E-02
                                                     (  2.000-  2.500 MeV)   0.00000E+00                                          0.00000E+00
                                                     (  2.500-  3.000 MeV)   0.00000E+00                                          0.00000E+00
                                                     (  3.000-  4.000 MeV)   0.00000E+00                                          0.00000E+00
                                                     (  4.000-  5.000 MeV)   0.00000E+00                                          0.00000E+00
                                                     (  5.000-  6.500 MeV)   0.00000E+00                                          0.00000E+00
                                                     (  6.500-  8.000 MeV)   0.00000E+00                                          0.00000E+00
                                                     (  8.000- 10.000 MeV)   0.00000E+00                                          0.00000E+00
                                                     ( 10.000- 12.000 MeV)   0.00000E+00                                          0.00000E+00
                                                     ( 12.000- 14.000 MeV)   0.00000E+00                                          0.00000E+00
                                                     ( 14.000- 20.000 MeV)   0.00000E+00                                          0.00000E+00

    DOSE RATE (PLANE SOURCE) FROM GAMMAS WITH ENERGY 0-20 MeV IS            8.97158E-08 Sieverts/hour   ( 8.97158E-06 Rems/hour)




                                                                           DOMINANT NUCLIDES
                                                                           -----------------

      NUCLIDE   ACTIVITY    PERCENT  NUCLIDE     HEAT      PERCENT  NUCLIDE  DOSE RATE    PERCENT  NUCLIDE  INGESTION    PERCENT  NUCLIDE  INHALATION   PERCENT 
                  (Bq)      ACTIVITY             (kW)       HEAT              (Sv/hr)    DOSE RATE            (Sv)      INGESTION            (Sv)     INHALATION
       Total   1.5636E+06             Total   1.0249E-09             Total   8.9716E-08             Total   3.5969E-01             Total   1.7197E+02
    1  Th232   1.5633E+06  99.98E+00  Th232   1.0248E-09  10.00E+01  Th232   6.0868E-08  67.85E+00  Th232   3.5956E-01  99.97E+00  Th232   1.7196E+02  10.00E+01
    2  Ra228   1.7914E+02  11.46E-03  Ac228   1.4131E-14  13.79E-04  Ac228   2.8835E-08  32.14E+00  Ra228   1.2361E-04  34.37E-03  Ra228   2.8663E-03  16.67E-04
    3  Ac228   6.2843E+01  40.19E-04  Ra228   6.7364E-16  65.73E-06  Ra228   1.2931E-11  14.41E-03  Ac228   2.7023E-08  75.13E-07  Ac228   1.5711E-06  91.36E-08
    4  Th228   7.8068E-03  49.93E-08  Th228   6.9057E-18  67.38E-08  Th228   6.8337E-16  76.17E-08  Th228   5.6209E-10  15.63E-08  Th228   3.1227E-07  18.16E-08
    5  Ra224   1.3668E-04  87.42E-10  Ra224   1.2676E-19  12.37E-09  Ra224   7.9075E-17  88.14E-09  Ra224   8.8841E-12  24.70E-10  Ra224   4.6471E-10  27.02E-11

      NUCLIDE  GAMMA HEAT   PERCENT  NUCLIDE   BETA HEAT   PERCENT 
                  (kW)       GAMMA               (kW)       BETA
       Total   3.2110E-13             Total   3.2698E-12
    1  Th232   3.1134E-13  96.96E+00  Th232   3.2648E-12  99.85E+00
    2  Ac228   9.6986E-15  30.20E-01  Ac228   4.4320E-15  13.55E-02
    3  Ra228   5.7541E-17  17.92E-03  Ra228   6.1610E-16  18.84E-03
    4  Th228   3.8486E-21  11.99E-07  Th228   2.5618E-20  78.35E-08
    5  Ra224   2.2843E-22  71.14E-09  Ra224   5.1514E-23  15.75E-10



                                                              UNCERTAINTY ESTIMATES (cross sections only)
                                                              -------------------------------------------

    Uncertainty estimates are based on pathway analysis for the irradiation phase
    Total Activity is          1.56355E+06  +/-   0.00E+00  Bq.        Error is   0.00E+00 % of the total.

    Total Heat Production is   1.02486E-09  +/-   0.00E+00  kW.        Error is   0.00E+00 % of the total.

    Total Gamma Dose Rate is   8.97158E-08  +/-   0.00E+00  Sv/hr.     Error is   0.00E+00 % of the total.

    Total Ingestion Dose is    3.59685E-01  +/-   0.00E+00  Sv.        Error is   0.00E+00 % of the total.

    Total Inhalation Dose is   1.71967E+02  +/-   0.00E+00  Sv.        Error is   0.00E+00 % of the total.

    Total Gamma Heat Prod is   3.21100E-13  +/-   0.00E+00  kW.        Error is   0.00E+00 % of the total.

    Total Beta Heat Prod is    3.26980E-12  +/-   0.00E+00  kW.        Error is   0.00E+00 % of the total.

0   Nuclide     Atoms     E(Atoms)  Activity E(Activity)   Heat     E(Heat)  Dose Rate E(Dose Rate) Ingest   E(Ingest)   Inhale   E(Inhale)   % Error
    Th232    1.00000E+24  0.00E+00  1.563E+06  0.00E+00  1.025E-09  0.00E+00  6.087E-08  0.00E+00  3.596E-01  0.00E+00  1.720E+02  0.00E+00  0.000E+00
    Ra228    4.68967E+10  0.00E+00  1.791E+02  0.00E+00  6.736E-16  0.00E+00  1.293E-11  0.00E+00  1.236E-04  0.00E+00  2.866E-03  0.00E+00  0.000E+00
1 * * * TIME INTERVAL  38 * * * COOLING TIME IS   2.0000E+04 SECS OR  5.5556E+00 HOURS * * * ELAPSED TIME IS  13.889 h   * * * FLUX AMP IS  0.0000E+00 /cm^2/s  * * *
  NUCLIDE        ATOMS         GRAMS        Bq       b-Energy    a-Energy   g-Energy    DOSE RATE   INGESTION  INHALATION   HALF LIFE                        
                                                        kW          kW         kW         Sv/hr      DOSE(Sv)    DOSE(Sv)    seconds                         

  He  4    #  7.81656E+10   5.195E-13   0.000E+00   0.000E+00   0.00E+00   0.000E+00   0.000E+00   0.000E+00   0.000E+00     Stable                         
  Pb208    #  1.15420E+00   3.986E-22   0.000E+00   0.000E+00   0.00E+00   0.000E+00   0.000E+00   0.000E+00   0.000E+00     Stable                         
  Pb212       9.32450E+00   3.282E-21   1.687E-04   4.562E-21   0.00E+00   3.913E-21   1.251E-15   1.012E-12   3.206E-11   3.830E+04                        
  Ra224       4.33777E+02   1.614E-19   9.560E-04   3.603E-22   8.85E-19   1.598E-21   5.531E-16   6.214E-11   3.251E-09   3.145E+05                        
  Ra228       7.81581E+10   2.959E-11   2.986E+02   1.027E-15   0.00E+00   9.590E-17   2.155E-11   2.060E-04   4.777E-03   1.815E+08                        
  Ac228       4.70098E+06   1.780E-15   1.472E+02   1.038E-14   0.00E+00   2.271E-14   6.753E-08   6.329E-08   3.679E-06   2.214E+04                        
  Th228       2.76274E+06   1.046E-15   3.173E-02   1.041E-19   2.79E-17   1.564E-20   2.777E-15   2.284E-09   1.269E-06   6.036E+07                        
  Th232     > 1.00000E+24   3.853E+02   1.563E+06   3.265E-12   1.02E-09   3.113E-13   6.087E-08   3.596E-01   1.720E+02   4.434E+17                        
0  TOTAL NUMBER OF NUCLIDES PRINTED IN INVENTORY =    8
0  TOTAL CURIES   TOTAL ALPHA   TOTAL BETA    TOTAL GAMMA
                  CURIE-MeV     CURIE-MeV     CURIE-MeV
   4.22637E-05   1.72278E-04   5.52653E-07   5.63682E-08
0  ALPHA BECQUERELS = 1.563311E+06  BETA BECQUERELS = 4.457334E+02  GAMMA BECQUERELS = 0.000000E+00
0  TOTAL ACTIVITY FOR ALL MATERIALS     1.56376E+06 Bq
                                        2.08407E-06 Ci/cc           DENSITY   1.90E+01 gm/cc
   TOTAL ACTIVITY EXCLUDING TRITIUM     1.56376E+06 Bq
                                        2.08407E-06 Ci/cc
0  TOTAL ALPHA HEAT PRODUCTION          1.02127E-09 kW
   TOTAL BETA  HEAT PRODUCTION          3.27616E-12 kW
   TOTAL GAMMA HEAT PRODUCTION          3.34154E-13 kW              TOTAL HEAT PRODUCTION 1.02488E-09 kW
0  INITIAL TOTAL MASS OF MATERIAL       3.85309E-01 kg              TOTAL HEAT EX TRITIUM 1.02488E-09 kW
0  TOTAL MASS OF MATERIAL               3.85309E-01 kg
   NEUTRON  FLUX DURING INTERVAL        0.00000E+00 n/cm^2/s
0  NUMBER OF FISSIONS                  -2.76274E+06                 BURN-UP OF ACTINIDES  0.00000E+00 %
0  INGESTION  HAZARD FOR ALL MATERIALS  3.59768E-01 Sv/kg
   INHALATION HAZARD FOR ALL MATERIALS  1.71969E+02 Sv/kg
0  INGESTION  HAZARD EXCLUDING TRITIUM  3.59768E-01 Sv/kg
   INHALATION HAZARD EXCLUDING TRITIUM  1.71969E+02 Sv/kg
0  GAS   RATE (a decay) =  1.56331E+06 atoms per sec =  1.56331E-12 appm/sec
0  APPM OF He  4    =  7.8166E-08



                                               COMPOSITION  OF  MATERIAL  BY  ELEMENT
                                               --------------------------------------
0                                                             BETA                     GAMMA                     ALPHA
                      ATOMS      GRAM-ATOMS     GRAMS      CURIES-MeV      kW        CURIES-MeV      kW        CURIES-MeV      kW

    2       He      7.8166E+10   1.2980E-13   5.1953E-13   0.0000E+00   0.0000E+00   0.0000E+00   0.0000E+00   0.0000E+00   0.0000E+00
   82       Pb      1.0479E+01   1.7400E-23   3.6810E-21   7.6956E-16   4.5620E-21   6.6010E-16   3.9131E-21   0.0000E+00   0.0000E+00
   88       Ra      7.8158E+10   1.2978E-13   2.9595E-11   1.7321E-10   1.0268E-15   1.6177E-11   9.5900E-17   1.4925E-13   8.8474E-19
   89       Ac      4.7010E+06   7.8062E-18   1.7800E-15   1.7509E-09   1.0379E-14   3.8315E-09   2.2714E-14   0.0000E+00   0.0000E+00
   90       Th      1.0000E+24   1.6605E+00   3.8531E+02   5.5073E-07   3.2648E-12   5.2520E-08   3.1134E-13   1.7228E-04   1.0213E-09



                                               GAMMA SPECTRUM AND ENERGIES/SECOND
                                               ----------------------------------

     NEUTRONS PER SECOND ARISING FROM SPONTANEOUS FISSION                    3.28295E-05    Entered density (g/cc)      19.00
     POWER FROM ALPHA PARTICLES (MeV per Second)                             6.37428E+06
     POWER FROM BETA  PARTICLES (MeV per Second)                             2.04482E+04
     TOTAL GAMMA POWER FROM ACTIVATION  (MeV per Second)                     2.08562E+03    Total gammas (per cc per second)      6.23370E+03
     GAMMA RAY POWER FROM ACTIVATION DECAY  MeV/s    (  0.000-  0.010 MeV)   7.77506E+01    Gammas per group (per cc per second)  7.66794E+02
                                                     (  0.010-  0.020 MeV)   1.62003E+03                                          5.32571E+03
                                                     (  0.020-  0.050 MeV)   1.85986E-03                                          2.62034E-03
                                                     (  0.050-  0.100 MeV)   1.54982E+02                                          1.01898E+02
                                                     (  0.100-  0.200 MeV)   9.33644E+01                                          3.06927E+01
                                                     (  0.200-  0.300 MeV)   3.15502E+00                                          6.22310E-01
                                                     (  0.300-  0.400 MeV)   8.24632E+00                                          1.16181E+00
                                                     (  0.400-  0.600 MeV)   7.08797E+00                                          6.99031E-01
                                                     (  0.600-  0.800 MeV)   1.14902E+01                                          8.09422E-01
                                                     (  0.800-  1.000 MeV)   7.85146E+01                                          4.30183E+00
                                                     (  1.000-  1.220 MeV)   2.32053E+00                                          1.03088E-01
                                                     (  1.220-  1.440 MeV)   1.92104E+00                                          7.12246E-02
                                                     (  1.440-  1.660 MeV)   2.40105E+01                                          7.63861E-01
                                                     (  1.660-  2.000 MeV)   2.64134E+00                                          7.11735E-02
                                                     (  2.000-  2.500 MeV)   0.00000E+00                                          0.00000E+00
                                                     (  2.500-  3.000 MeV)   0.00000E+00                                          0.00000E+00
                                                     (  3.000-  4.000 MeV)   0.00000E+00                                          0.00000E+00
                                                     (  4.000-  5.000 MeV)   0.00000E+00                                          0.00000E+00
                                                     (  5.000-  6.500 MeV)   0.00000E+00                                          0.00000E+00
                                                     (  6.500-  8.000 MeV)   0.00000E+00                                          0.00000E+00
                                                     (  8.000- 10.000 MeV)   0.00000E+00                                          0.00000E+00
                                                     ( 10.000- 12.000 MeV)   0.00000E+00                                          0.00000E+00
                                                     ( 12.000- 14.000 MeV)   0.00000E+00                                          0.00000E+00
                                                     ( 14.000- 20.000 MeV)   0.00000E+00                                          0.00000E+00

    DOSE RATE (PLANE SOURCE) FROM GAMMAS WITH ENERGY 0-20 MeV IS            1.28419E-07 Sieverts/hour   ( 1.28419E-05 Rems/hour)




                                                                           DOMINANT NUCLIDES
                                                                           -----------------

      NUCLIDE   ACTIVITY    PERCENT  NUCLIDE     HEAT      PERCENT  NUCLIDE  DOSE RATE    PERCENT  NUCLIDE  INGESTION    PERCENT  NUCLIDE  INHALATION   PERCENT 
                  (Bq)      ACTIVITY             (kW)       HEAT              (Sv/hr)    DOSE RATE            (Sv)      INGESTION            (Sv)     INHALATION
       Total   1.5638E+06             Total   1.0249E-09             Total   1.2842E-07             Total   3.5977E-01             Total   1.7197E+02
    1  Th232   1.5633E+06  99.97E+00  Th232   1.0248E-09  10.00E+01  Ac228   6.7529E-08  52.58E+00  Th232   3.5956E-01  99.94E+00  Th232   1.7196E+02  10.00E+01
    2  Ra228   2.9856E+02  19.09E-03  Ac228   3.3093E-14  32.29E-04  Th232   6.0868E-08  47.40E+00  Ra228   2.0600E-04  57.26E-03  Ra228   4.7769E-03  27.78E-04
    3  Ac228   1.4718E+02  94.12E-04  Ra228   1.1227E-15  10.95E-05  Ra228   2.1551E-11  16.78E-03  Ac228   6.3286E-08  17.59E-06  Ac228   3.6794E-06  21.40E-07
    4  Th228   3.1727E-02  20.29E-07  Th228   2.8065E-17  27.38E-07  Th228   2.7772E-15  21.63E-07  Th228   2.2843E-09  63.49E-08  Th228   1.2691E-06  73.80E-08
    5  Ra224   9.5604E-04  61.14E-09  Ra224   8.8670E-19  86.52E-09  Pb212   1.2512E-15  97.43E-08  Ra224   6.2143E-11  17.27E-09  Ra224   3.2505E-09  18.90E-10
    6  Pb212   1.6874E-04  10.79E-09  Pb212   8.4751E-21  82.69E-11  Ra224   5.5312E-16  43.07E-08  Pb212   1.0124E-12  28.14E-11  Pb212   3.2060E-11  18.64E-12

      NUCLIDE  GAMMA HEAT   PERCENT  NUCLIDE   BETA HEAT   PERCENT 
                  (kW)       GAMMA               (kW)       BETA
       Total   3.3415E-13             Total   3.2762E-12
    1  Th232   3.1134E-13  93.17E+00  Th232   3.2648E-12  99.65E+00
    2  Ac228   2.2714E-14  67.97E-01  Ac228   1.0379E-14  31.68E-02
    3  Ra228   9.5898E-17  28.70E-03  Ra228   1.0268E-15  31.34E-03
    4  Th228   1.5641E-20  46.81E-07  Th228   1.0411E-19  31.78E-07
    5  Pb212   3.9131E-21  11.71E-07  Pb212   4.5620E-21  13.92E-08
    6  Ra224   1.5978E-21  47.82E-08  Ra224   3.6033E-22  11.00E-09



                                                              UNCERTAINTY ESTIMATES (cross sections only)
                                                              -------------------------------------------

    Uncertainty estimates are based on pathway analysis for the irradiation phase
    Total Activity is          1.56376E+06  +/-   0.00E+00  Bq.        Error is   0.00E+00 % of the total.

    Total Heat Production is   1.02488E-09  +/-   0.00E+00  kW.        Error is   0.00E+00 % of the total.

    Total Gamma Dose Rate is   1.28419E-07  +/-   0.00E+00  Sv/hr.     Error is   0.00E+00 % of the total.

    Total Ingestion Dose is    3.59768E-01  +/-   0.00E+00  Sv.        Error is   0.00E+00 % of the total.

    Total Inhalation Dose is   1.71969E+02  +/-   0.00E+00  Sv.        Error is   0.00E+00 % of the total.

    Total Gamma Heat Prod is   3.34154E-13  +/-   0.00E+00  kW.        Error is   0.00E+00 % of the total.

    Total Beta Heat Prod is    3.27616E-12  +/-   0.00E+00  kW.        Error is   0.00E+00 % of the total.

0   Nuclide     Atoms     E(Atoms)  Activity E(Activity)   Heat     E(Heat)  Dose Rate E(Dose Rate) Ingest   E(Ingest)   Inhale   E(Inhale)   % Error
    Th232    1.00000E+24  0.00E+00  1.563E+06  0.00E+00  1.025E-09  0.00E+00  6.087E-08  0.00E+00  3.596E-01  0.00E+00  1.720E+02  0.00E+00  0.000E+00
    Ra228    7.81581E+10  0.00E+00  2.986E+02  0.00E+00  1.123E-15  0.00E+00  2.155E-11  0.00E+00  2.060E-04  0.00E+00  4.777E-03  0.00E+00  0.000E+00
1 * * * TIME INTERVAL  39 * * * COOLING TIME IS   2.5000E+04 SECS OR  6.9444E+00 HOURS * * * ELAPSED TIME IS  20.833 h   * * * FLUX AMP IS  0.0000E+00 /cm^2/s  * * *
  NUCLIDE        ATOMS         GRAMS        Bq       b-Energy    a-Energy   g-Energy    DOSE RATE   INGESTION  INHALATION   HALF LIFE                        
                                                        kW          kW         kW         Sv/hr      DOSE(Sv)    DOSE(Sv)    seconds                         

  He  4    #  1.17248E+11   7.793E-13   0.000E+00   0.000E+00   0.00E+00   0.000E+00   0.000E+00   0.000E+00   0.000E+00     Stable                         
  Pb208    #  1.21691E+01   4.203E-21   0.000E+00   0.000E+00   0.00E+00   0.000E+00   0.000E+00   0.000E+00   0.000E+00     Stable                         
  Pb212       5.78083E+01   2.035E-20   1.046E-03   2.828E-20   0.00E+00   2.426E-20   7.757E-15   6.277E-12   1.988E-10   3.830E+04                        
  Bi212       4.22039E+00   1.486E-21   8.053E-04   6.485E-20   2.86E-19   1.384E-20   4.116E-14   2.094E-13   2.497E-11   3.632E+03                        
  Ra224       1.91126E+03   7.110E-19   4.212E-03   1.588E-21   3.90E-18   7.040E-21   2.437E-15   2.738E-10   1.432E-08   3.145E+05                        
  Ra228       1.17232E+11   4.439E-11   4.478E+02   1.540E-15   0.00E+00   1.438E-16   3.232E-11   3.090E-04   7.165E-03   1.815E+08                        
  Ac228       8.76089E+06   3.317E-15   2.743E+02   1.934E-14   0.00E+00   4.233E-14   1.258E-07   1.179E-07   6.857E-06   2.214E+04                        
  Th228       8.03095E+06   3.041E-15   9.223E-02   3.026E-19   8.12E-17   4.547E-20   8.073E-15   6.640E-09   3.689E-06   6.036E+07                        
  Th232     > 1.00000E+24   3.853E+02   1.563E+06   3.265E-12   1.02E-09   3.113E-13   6.087E-08   3.596E-01   1.720E+02   4.434E+17                        
0  TOTAL NUMBER OF NUCLIDES PRINTED IN INVENTORY =    9
0  TOTAL CURIES   TOTAL ALPHA   TOTAL BETA    TOTAL GAMMA
                  CURIE-MeV     CURIE-MeV     CURIE-MeV
   4.22712E-05   1.72278E-04   5.54252E-07   5.96853E-08
0  ALPHA BECQUERELS = 1.563311E+06  BETA BECQUERELS = 7.220979E+02  GAMMA BECQUERELS = 0.000000E+00
0  TOTAL ACTIVITY FOR ALL MATERIALS     1.56403E+06 Bq
                                        2.08444E-06 Ci/cc           DENSITY   1.90E+01 gm/cc
   TOTAL ACTIVITY EXCLUDING TRITIUM     1.56403E+06 Bq
                                        2.08444E-06 Ci/cc
0  TOTAL ALPHA HEAT PRODUCTION          1.02127E-09 kW
   TOTAL BETA  HEAT PRODUCTION          3.28564E-12 kW
   TOTAL GAMMA HEAT PRODUCTION          3.53818E-13 kW              TOTAL HEAT PRODUCTION 1.02491E-09 kW
0  INITIAL TOTAL MASS OF MATERIAL       3.85309E-01 kg              TOTAL HEAT EX TRITIUM 1.02491E-09 kW
0  TOTAL MASS OF MATERIAL               3.85309E-01 kg
   NEUTRON  FLUX DURING INTERVAL        0.00000E+00 n/cm^2/s
0  NUMBER OF FISSIONS                  -8.03095E+06                 BURN-UP OF ACTINIDES  0.00000E+00 %
0  INGESTION  HAZARD FOR ALL MATERIALS  3.59871E-01 Sv/kg
   INHALATION HAZARD FOR ALL MATERIALS  1.71971E+02 Sv/kg
0  INGESTION  HAZARD EXCLUDING TRITIUM  3.59871E-01 Sv/kg
   INHALATION HAZARD EXCLUDING TRITIUM  1.71971E+02 Sv/kg
0  GAS   RATE (a decay) =  1.56331E+06 atoms per sec =  1.56331E-12 appm/sec
0  APPM OF He  4    =  1.1725E-07



                                               COMPOSITION  OF  MATERIAL  BY  ELEMENT
                                               --------------------------------------
0                                                             BETA                     GAMMA                     ALPHA
                      ATOMS      GRAM-ATOMS     GRAMS      CURIES-MeV      kW        CURIES-MeV      kW        CURIES-MeV      kW

    2       He      1.1725E+11   1.9470E-13   7.7929E-13   0.0000E+00   0.0000E+00   0.0000E+00   0.0000E+00   0.0000E+00   0.0000E+00
   82       Pb      6.9977E+01   1.1620E-22   2.4552E-20   4.7710E-15   2.8283E-20   4.0924E-15   2.4260E-20   0.0000E+00   0.0000E+00
   83       Bi      4.2204E+00   7.0081E-24   1.4857E-21   1.0939E-14   6.4848E-20   2.3346E-15   1.3840E-20   4.8254E-14   2.8605E-19
   88       Ra      1.1723E+11   1.9467E-13   4.4390E-11   2.5980E-10   1.5401E-15   2.4265E-11   1.4385E-16   6.5760E-13   3.8983E-18
   89       Ac      8.7609E+06   1.4548E-17   3.3173E-15   3.2630E-09   1.9343E-14   7.1406E-09   4.2330E-14   0.0000E+00   0.0000E+00
   90       Th      1.0000E+24   1.6605E+00   3.8531E+02   5.5073E-07   3.2648E-12   5.2521E-08   3.1134E-13   1.7228E-04   1.0213E-09



                                               GAMMA SPECTRUM AND ENERGIES/SECOND
                                               ----------------------------------

     NEUTRONS PER SECOND ARISING FROM SPONTANEOUS FISSION                    3.28295E-05    Entered density (g/cc)      19.00
     POWER FROM ALPHA PARTICLES (MeV per Second)                             6.37428E+06
     POWER FROM BETA  PARTICLES (MeV per Second)                             2.05073E+04
     TOTAL GAMMA POWER FROM ACTIVATION  (MeV per Second)                     2.20836E+03    Total gammas (per cc per second)      6.24510E+03
     GAMMA RAY POWER FROM ACTIVATION DECAY  MeV/s    (  0.000-  0.010 MeV)   7.78172E+01    Gammas per group (per cc per second)  7.67450E+02
                                                     (  0.010-  0.020 MeV)   1.62086E+03                                          5.32843E+03
                                                     (  0.020-  0.050 MeV)   2.78999E-03                                          3.93078E-03
                                                     (  0.050-  0.100 MeV)   1.55404E+02                                          1.02175E+02
                                                     (  0.100-  0.200 MeV)   9.43090E+01                                          3.10032E+01
                                                     (  0.200-  0.300 MeV)   5.87992E+00                                          1.15978E+00
                                                     (  0.300-  0.400 MeV)   1.53681E+01                                          2.16520E+00
                                                     (  0.400-  0.600 MeV)   1.32094E+01                                          1.30274E+00
                                                     (  0.600-  0.800 MeV)   2.14136E+01                                          1.50847E+00
                                                     (  0.800-  1.000 MeV)   1.46322E+02                                          8.01702E+00
                                                     (  1.000-  1.220 MeV)   4.32462E+00                                          1.92119E-01
                                                     (  1.220-  1.440 MeV)   3.58012E+00                                          1.32736E-01
                                                     (  1.440-  1.660 MeV)   4.47468E+01                                          1.42356E+00
                                                     (  1.660-  2.000 MeV)   4.92249E+00                                          1.32641E-01
                                                     (  2.000-  2.500 MeV)   0.00000E+00                                          0.00000E+00
                                                     (  2.500-  3.000 MeV)   0.00000E+00                                          0.00000E+00
                                                     (  3.000-  4.000 MeV)   0.00000E+00                                          0.00000E+00
                                                     (  4.000-  5.000 MeV)   0.00000E+00                                          0.00000E+00
                                                     (  5.000-  6.500 MeV)   0.00000E+00                                          0.00000E+00
                                                     (  6.500-  8.000 MeV)   0.00000E+00                                          0.00000E+00
                                                     (  8.000- 10.000 MeV)   0.00000E+00                                          0.00000E+00
                                                     ( 10.000- 12.000 MeV)   0.00000E+00                                          0.00000E+00
                                                     ( 12.000- 14.000 MeV)   0.00000E+00                                          0.00000E+00
                                                     ( 14.000- 20.000 MeV)   0.00000E+00                                          0.00000E+00

    DOSE RATE (PLANE SOURCE) FROM GAMMAS WITH ENERGY 0-20 MeV IS            1.86750E-07 Sieverts/hour   ( 1.86750E-05 Rems/hour)




                                                                           DOMINANT NUCLIDES
                                                                           -----------------

      NUCLIDE   ACTIVITY    PERCENT  NUCLIDE     HEAT      PERCENT  NUCLIDE  DOSE RATE    PERCENT  NUCLIDE  INGESTION    PERCENT  NUCLIDE  INHALATION   PERCENT 
                  (Bq)      ACTIVITY             (kW)       HEAT              (Sv/hr)    DOSE RATE            (Sv)      INGESTION            (Sv)     INHALATION
       Total   1.5640E+06             Total   1.0249E-09             Total   1.8675E-07             Total   3.5987E-01             Total   1.7197E+02
    1  Th232   1.5633E+06  99.95E+00  Th232   1.0248E-09  99.99E+00  Ac228   1.2585E-07  67.39E+00  Th232   3.5956E-01  99.91E+00  Th232   1.7196E+02  10.00E+01
    2  Ra228   4.4781E+02  28.63E-03  Ac228   6.1673E-14  60.17E-04  Th232   6.0868E-08  32.59E+00  Ra228   3.0899E-04  85.86E-03  Ra228   7.1650E-03  41.66E-04
    3  Ac228   2.7428E+02  17.54E-03  Ra228   1.6840E-15  16.43E-05  Ra228   3.2325E-11  17.31E-03  Ac228   1.1794E-07  32.77E-06  Ac228   6.8570E-06  39.87E-07
    4  Th228   9.2225E-02  58.97E-07  Th228   8.1580E-17  79.60E-07  Bi212   4.1156E-14  22.04E-06  Th228   6.6402E-09  18.45E-07  Th228   3.6890E-06  21.45E-07
    5  Ra224   4.2124E-03  26.93E-08  Ra224   3.9069E-18  38.12E-08  Th228   8.0730E-15  43.23E-07  Ra224   2.7381E-10  76.08E-09  Ra224   1.4322E-08  83.28E-10
    6  Pb212   1.0461E-03  66.88E-09  Bi212   3.6474E-19  35.59E-09  Pb212   7.7567E-15  41.54E-07  Pb212   6.2766E-12  17.44E-10  Pb212   1.9876E-10  11.56E-11
    7  Bi212   8.0535E-04  51.49E-09  Pb212   5.2542E-20  51.27E-10  Ra224   2.4371E-15  13.05E-07  Bi212   2.0939E-13  58.19E-12  Bi212   2.4966E-11  14.52E-12

      NUCLIDE  GAMMA HEAT   PERCENT  NUCLIDE   BETA HEAT   PERCENT 
                  (kW)       GAMMA               (kW)       BETA
       Total   3.5382E-13             Total   3.2856E-12
    1  Th232   3.1134E-13  88.00E+00  Th232   3.2648E-12  99.36E+00
    2  Ac228   4.2330E-14  11.96E+00  Ac228   1.9343E-14  58.87E-02
    3  Ra228   1.4384E-16  40.65E-03  Ra228   1.5401E-15  46.87E-03
    4  Th228   4.5466E-20  12.85E-06  Th228   3.0263E-19  92.11E-07
    5  Pb212   2.4260E-20  68.57E-07  Bi212   6.4848E-20  19.74E-07
    6  Bi212   1.3840E-20  39.12E-07  Pb212   2.8283E-20  86.08E-08
    7  Ra224   7.0401E-21  19.90E-07  Ra224   1.5876E-21  48.32E-09



                                                              UNCERTAINTY ESTIMATES (cross sections only)
                                                              -------------------------------------------

    Uncertainty estimates are based on pathway analysis for the irradiation phase
    Total Activity is          1.56403E+06  +/-   0.00E+00  Bq.        Error is   0.00E+00 % of the total.

    Total Heat Production is   1.02491E-09  +/-   0.00E+00  kW.        Error is   0.00E+00 % of the total.

    Total Gamma Dose Rate is   1.86750E-07  +/-   0.00E+00  Sv/hr.     Error is   0.00E+00 % of the total.

    Total Ingestion Dose is    3.59871E-01  +/-   0.00E+00  Sv.        Error is   0.00E+00 % of the total.

    Total Inhalation Dose is   1.71971E+02  +/-   0.00E+00  Sv.        Error is   0.00E+00 % of the total.

    Total Gamma Heat Prod is   3.53818E-13  +/-   0.00E+00  kW.        Error is   0.00E+00 % of the total.

    Total Beta Heat Prod is    3.28564E-12  +/-   0.00E+00  kW.        Error is   0.00E+00 % of the total.

0   Nuclide     Atoms     E(Atoms)  Activity E(Activity)   Heat     E(Heat)  Dose Rate E(Dose Rate) Ingest   E(Ingest)   Inhale   E(Inhale)   % Error
    Th232    1.00000E+24  0.00E+00  1.563E+06  0.00E+00  1.025E-09  0.00E+00  6.087E-08  0.00E+00  3.596E-01  0.00E+00  1.720E+02  0.00E+00  0.000E+00
    Ra228    1.17232E+11  0.00E+00  4.478E+02  0.00E+00  1.684E-15  0.00E+00  3.232E-11  0.00E+00  3.090E-04  0.00E+00  7.165E-03  0.00E+00  0.000E+00
1 * * * TIME INTERVAL  40 * * * COOLING TIME IS   2.5000E+04 SECS OR  6.9444E+00 HOURS * * * ELAPSED TIME IS   1.157 d   * * * FLUX AMP IS  0.0000E+00 /cm^2/s  * * *
  NUCLIDE        ATOMS         GRAMS        Bq       b-Energy    a-Energy   g-Energy    DOSE RATE   INGESTION  INHALATION   HALF LIFE                        
                                                        kW          kW         kW         Sv/hr      DOSE(Sv)    DOSE(Sv)    seconds                         

  He  4    #  1.56331E+11   1.039E-12   0.000E+00   0.000E+00   0.00E+00   0.000E+00   0.000E+00   0.000E+00   0.000E+00     Stable                         
  Pb208    #  5.72404E+01   1.977E-20   0.000E+00   0.000E+00   0.00E+00   0.000E+00   0.000E+00   0.000E+00   0.000E+00     Stable                         
  Pb212       1.95720E+02   6.890E-20   3.542E-03   9.576E-20   0.00E+00   8.214E-20   2.626E-14   2.125E-11   6.729E-10   3.830E+04                        
  Bi212       1.51806E+01   5.344E-21   2.897E-03   2.333E-19   1.03E-18   4.978E-20   1.480E-13   7.532E-13   8.980E-11   3.632E+03                        
  Ra224       5.24146E+03   1.950E-18   1.155E-02   4.354E-21   1.07E-17   1.931E-20   6.684E-15   7.509E-10   3.928E-08   3.145E+05                        
  Ra228       1.56301E+11   5.918E-11   5.971E+02   2.053E-15   0.00E+00   1.918E-16   4.310E-11   4.120E-04   9.553E-03   1.815E+08                        
  Ac228       1.32201E+07   5.006E-15   4.139E+02   2.919E-14   0.00E+00   6.387E-14   1.899E-07   1.780E-07   1.035E-05   2.214E+04                        
  Th228       1.66291E+07   6.297E-15   1.910E-01   6.266E-19   1.68E-16   9.414E-20   1.672E-14   1.375E-08   7.639E-06   6.036E+07                        
  Th232     > 1.00000E+24   3.853E+02   1.563E+06   3.265E-12   1.02E-09   3.113E-13   6.087E-08   3.596E-01   1.720E+02   4.434E+17                        
0  TOTAL NUMBER OF NUCLIDES PRINTED IN INVENTORY =    9
0  TOTAL CURIES   TOTAL ALPHA   TOTAL BETA    TOTAL GAMMA
                  CURIE-MeV     CURIE-MeV     CURIE-MeV
   4.22790E-05   1.72278E-04   5.56000E-07   6.33279E-08
0  ALPHA BECQUERELS = 1.563311E+06  BETA BECQUERELS = 1.010951E+03  GAMMA BECQUERELS = 0.000000E+00
0  TOTAL ACTIVITY FOR ALL MATERIALS     1.56432E+06 Bq
                                        2.08482E-06 Ci/cc           DENSITY   1.90E+01 gm/cc
   TOTAL ACTIVITY EXCLUDING TRITIUM     1.56432E+06 Bq
                                        2.08482E-06 Ci/cc
0  TOTAL ALPHA HEAT PRODUCTION          1.02127E-09 kW
   TOTAL BETA  HEAT PRODUCTION          3.29600E-12 kW
   TOTAL GAMMA HEAT PRODUCTION          3.75411E-13 kW              TOTAL HEAT PRODUCTION 1.02494E-09 kW
0  INITIAL TOTAL MASS OF MATERIAL       3.85309E-01 kg              TOTAL HEAT EX TRITIUM 1.02494E-09 kW
0  TOTAL MASS OF MATERIAL               3.85309E-01 kg
   NEUTRON  FLUX DURING INTERVAL        0.00000E+00 n/cm^2/s
0  NUMBER OF FISSIONS                  -1.66291E+07                 BURN-UP OF ACTINIDES  0.00000E+00 %
0  INGESTION  HAZARD FOR ALL MATERIALS  3.59974E-01 Sv/kg
   INHALATION HAZARD FOR ALL MATERIALS  1.71974E+02 Sv/kg
0  INGESTION  HAZARD EXCLUDING TRITIUM  3.59974E-01 Sv/kg
   INHALATION HAZARD EXCLUDING TRITIUM  1.71974E+02 Sv/kg
0  GAS   RATE (a decay) =  1.56331E+06 atoms per sec =  1.56331E-12 appm/sec
0  APPM OF He  4    =  1.5633E-07



                                               COMPOSITION  OF  MATERIAL  BY  ELEMENT
                                               --------------------------------------
0                                                             BETA                     GAMMA                     ALPHA
                      ATOMS      GRAM-ATOMS     GRAMS      CURIES-MeV      kW        CURIES-MeV      kW        CURIES-MeV      kW

    2       He      1.5633E+11   2.5959E-13   1.0391E-12   0.0000E+00   0.0000E+00   0.0000E+00   0.0000E+00   0.0000E+00   0.0000E+00
   82       Pb      2.5296E+02   4.2005E-22   8.8666E-20   1.6153E-14   9.5755E-20   1.3855E-14   8.2136E-20   0.0000E+00   0.0000E+00
   83       Bi      1.5181E+01   2.5208E-23   5.3439E-21   3.9348E-14   2.3326E-19   8.3975E-15   4.9781E-20   1.7357E-13   1.0289E-18
   88       Ra      1.5630E+11   2.5954E-13   5.9184E-11   3.4639E-10   2.0534E-15   3.2354E-11   1.9180E-16   1.8034E-12   1.0691E-17
   89       Ac      1.3220E+07   2.1952E-17   5.0058E-15   4.9239E-09   2.9189E-14   1.0775E-08   6.3875E-14   0.0000E+00   0.0000E+00
   90       Th      1.0000E+24   1.6605E+00   3.8531E+02   5.5073E-07   3.2648E-12   5.2521E-08   3.1134E-13   1.7228E-04   1.0213E-09



                                               GAMMA SPECTRUM AND ENERGIES/SECOND
                                               ----------------------------------

     NEUTRONS PER SECOND ARISING FROM SPONTANEOUS FISSION                    3.28295E-05    Entered density (g/cc)      19.00
     POWER FROM ALPHA PARTICLES (MeV per Second)                             6.37428E+06
     POWER FROM BETA  PARTICLES (MeV per Second)                             2.05720E+04
     TOTAL GAMMA POWER FROM ACTIVATION  (MeV per Second)                     2.34313E+03    Total gammas (per cc per second)      6.25750E+03
     GAMMA RAY POWER FROM ACTIVATION DECAY  MeV/s    (  0.000-  0.010 MeV)   7.78871E+01    Gammas per group (per cc per second)  7.68140E+02
                                                     (  0.010-  0.020 MeV)   1.62174E+03                                          5.33133E+03
                                                     (  0.020-  0.050 MeV)   3.72054E-03                                          5.24183E-03
                                                     (  0.050-  0.100 MeV)   1.55868E+02                                          1.02480E+02
                                                     (  0.100-  0.200 MeV)   9.53466E+01                                          3.13443E+01
                                                     (  0.200-  0.300 MeV)   8.87301E+00                                          1.75015E+00
                                                     (  0.300-  0.400 MeV)   2.31903E+01                                          3.26726E+00
                                                     (  0.400-  0.600 MeV)   1.99328E+01                                          1.96582E+00
                                                     (  0.600-  0.800 MeV)   3.23130E+01                                          2.27627E+00
                                                     (  0.800-  1.000 MeV)   2.20799E+02                                          1.20976E+01
                                                     (  1.000-  1.220 MeV)   6.52581E+00                                          2.89906E-01
                                                     (  1.220-  1.440 MeV)   5.40235E+00                                          2.00298E-01
                                                     (  1.440-  1.660 MeV)   6.75224E+01                                          2.14813E+00
                                                     (  1.660-  2.000 MeV)   7.42799E+00                                          2.00154E-01
                                                     (  2.000-  2.500 MeV)   0.00000E+00                                          0.00000E+00
                                                     (  2.500-  3.000 MeV)   0.00000E+00                                          0.00000E+00
                                                     (  3.000-  4.000 MeV)   0.00000E+00                                          0.00000E+00
                                                     (  4.000-  5.000 MeV)   0.00000E+00                                          0.00000E+00
                                                     (  5.000-  6.500 MeV)   0.00000E+00                                          0.00000E+00
                                                     (  6.500-  8.000 MeV)   0.00000E+00                                          0.00000E+00
                                                     (  8.000- 10.000 MeV)   0.00000E+00                                          0.00000E+00
                                                     ( 10.000- 12.000 MeV)   0.00000E+00                                          0.00000E+00
                                                     ( 12.000- 14.000 MeV)   0.00000E+00                                          0.00000E+00
                                                     ( 14.000- 20.000 MeV)   0.00000E+00                                          0.00000E+00

    DOSE RATE (PLANE SOURCE) FROM GAMMAS WITH ENERGY 0-20 MeV IS            2.50816E-07 Sieverts/hour   ( 2.50816E-05 Rems/hour)




                                                                           DOMINANT NUCLIDES
                                                                           -----------------

      NUCLIDE   ACTIVITY    PERCENT  NUCLIDE     HEAT      PERCENT  NUCLIDE  DOSE RATE    PERCENT  NUCLIDE  INGESTION    PERCENT  NUCLIDE  INHALATION   PERCENT 
                  (Bq)      ACTIVITY             (kW)       HEAT              (Sv/hr)    DOSE RATE            (Sv)      INGESTION            (Sv)     INHALATION
       Total   1.5643E+06             Total   1.0249E-09             Total   2.5082E-07             Total   3.5997E-01             Total   1.7197E+02
    1  Th232   1.5633E+06  99.94E+00  Th232   1.0248E-09  99.99E+00  Ac228   1.8990E-07  75.71E+00  Th232   3.5956E-01  99.89E+00  Th232   1.7196E+02  99.99E+00
    2  Ra228   5.9706E+02  38.17E-03  Ac228   9.3064E-14  90.80E-04  Th232   6.0868E-08  24.27E+00  Ra228   4.1197E-04  11.44E-02  Ra228   9.5529E-03  55.55E-04
    3  Ac228   4.1389E+02  26.46E-03  Ra228   2.2452E-15  21.91E-05  Ra228   4.3098E-11  17.18E-03  Ac228   1.7797E-07  49.44E-06  Ac228   1.0347E-05  60.17E-07
    4  Th228   1.9096E-01  12.21E-06  Th228   1.6892E-16  16.48E-06  Bi212   1.4804E-13  59.02E-06  Th228   1.3749E-08  38.20E-07  Th228   7.6386E-06  44.42E-07
    5  Ra224   1.1552E-02  73.85E-08  Ra224   1.0714E-17  10.45E-07  Pb212   2.6262E-14  10.47E-06  Ra224   7.5089E-10  20.86E-08  Ra224   3.9277E-08  22.84E-09
    6  Pb212   3.5417E-03  22.64E-08  Bi212   1.3120E-18  12.80E-08  Th228   1.6716E-14  66.65E-07  Pb212   2.1250E-11  59.03E-10  Pb212   6.7293E-10  39.13E-11
    7  Bi212   2.8968E-03  18.52E-08  Pb212   1.7789E-19  17.36E-09  Ra224   6.6835E-15  26.65E-07  Bi212   7.5317E-13  20.92E-11  Bi212   8.9801E-11  52.22E-12

      NUCLIDE  GAMMA HEAT   PERCENT  NUCLIDE   BETA HEAT   PERCENT 
                  (kW)       GAMMA               (kW)       BETA
       Total   3.7541E-13             Total   3.2960E-12
    1  Th232   3.1134E-13  82.93E+00  Th232   3.2648E-12  99.05E+00
    2  Ac228   6.3875E-14  17.01E+00  Ac228   2.9189E-14  88.56E-02
    3  Ra228   1.9178E-16  51.08E-03  Ra228   2.0534E-15  62.30E-03
    4  Th228   9.4143E-20  25.08E-06  Th228   6.2664E-19  19.01E-06
    5  Pb212   8.2136E-20  21.88E-06  Bi212   2.3326E-19  70.77E-07
    6  Bi212   4.9781E-20  13.26E-06  Pb212   9.5755E-20  29.05E-07
    7  Ra224   1.9307E-20  51.43E-07  Ra224   4.3540E-21  13.21E-08



                                                              UNCERTAINTY ESTIMATES (cross sections only)
                                                              -------------------------------------------

    Uncertainty estimates are based on pathway analysis for the irradiation phase
    Total Activity is          1.56432E+06  +/-   0.00E+00  Bq.        Error is   0.00E+00 % of the total.

    Total Heat Production is   1.02494E-09  +/-   0.00E+00  kW.        Error is   0.00E+00 % of the total.

    Total Gamma Dose Rate is   2.50816E-07  +/-   0.00E+00  Sv/hr.     Error is   0.00E+00 % of the total.

    Total Ingestion Dose is    3.59974E-01  +/-   0.00E+00  Sv.        Error is   0.00E+00 % of the total.

    Total Inhalation Dose is   1.71974E+02  +/-   0.00E+00  Sv.        Error is   0.00E+00 % of the total.

    Total Gamma Heat Prod is   3.75411E-13  +/-   0.00E+00  kW.        Error is   0.00E+00 % of the total.

    Total Beta Heat Prod is    3.29600E-12  +/-   0.00E+00  kW.        Error is   0.00E+00 % of the total.

0   Nuclide     Atoms     E(Atoms)  Activity E(Activity)   Heat     E(Heat)  Dose Rate E(Dose Rate) Ingest   E(Ingest)   Inhale   E(Inhale)   % Error
    Th232    1.00000E+24  0.00E+00  1.563E+06  0.00E+00  1.025E-09  0.00E+00  6.087E-08  0.00E+00  3.596E-01  0.00E+00  1.720E+02  0.00E+00  0.000E+00
    Ra228    1.56301E+11  0.00E+00  5.971E+02  0.00E+00  2.245E-15  0.00E+00  4.310E-11  0.00E+00  4.120E-04  0.00E+00  9.553E-03  0.00E+00  0.000E+00
1                                                            Summary Output

0           Time       Cumulative   Activity               Dose rate             Heat output           Ingestion dose        Inhalation dose        Tritium activity
           (step)       (Years)      (Bq)                   (Sv/h)                (kW)                    (Sv)                   (Sv)                  (Bq)
 -----Irradiation Phase-----
 Irradn     1.000ms     3.17E-11   1.56E+06               6.09E-08               1.02E-09               3.60E-01               1.72E+02               0.00E+00
 -----Cooling Phase-----
 Cooling    1.000 s     3.17E-08   1.56E+06               6.09E-08               1.02E-09               3.60E-01               1.72E+02               0.00E+00
 Cooling    1.000 s     6.34E-08   1.56E+06               6.09E-08               1.02E-09               3.60E-01               1.72E+02               0.00E+00
 Cooling    1.000 s     9.51E-08   1.56E+06               6.09E-08               1.02E-09               3.60E-01               1.72E+02               0.00E+00
 Cooling    1.000 s     1.27E-07   1.56E+06               6.09E-08               1.02E-09               3.60E-01               1.72E+02               0.00E+00
 Cooling    1.000 s     1.58E-07   1.56E+06               6.09E-08               1.02E-09               3.60E-01               1.72E+02               0.00E+00
 Cooling    1.000 s     1.90E-07   1.56E+06               6.09E-08               1.02E-09               3.60E-01               1.72E+02               0.00E+00
 Cooling    1.000 s     2.22E-07   1.56E+06               6.09E-08               1.02E-09               3.60E-01               1.72E+02               0.00E+00
 Cooling    1.000 s     2.54E-07   1.56E+06               6.09E-08               1.02E-09               3.60E-01               1.72E+02               0.00E+00
 Cooling    1.000 s     2.85E-07   1.56E+06               6.09E-08               1.02E-09               3.60E-01               1.72E+02               0.00E+00
 Cooling    1.000 s     3.17E-07   1.56E+06               6.09E-08               1.02E-09               3.60E-01               1.72E+02               0.00E+00
 Cooling    2.000 s     3.80E-07   1.56E+06               6.09E-08               1.02E-09               3.60E-01               1.72E+02               0.00E+00
 Cooling    3.000 s     4.75E-07   1.56E+06               6.09E-08               1.02E-09               3.60E-01               1.72E+02               0.00E+00
 Cooling    5.000 s     6.34E-07   1.56E+06               6.09E-08               1.02E-09               3.60E-01               1.72E+02               0.00E+00
 Cooling   10.000 s     9.51E-07   1.56E+06               6.09E-08               1.02E-09               3.60E-01               1.72E+02               0.00E+00
 Cooling   20.000 s     1.58E-06   1.56E+06               6.09E-08               1.02E-09               3.60E-01               1.72E+02               0.00E+00
 Cooling   25.000 s     2.38E-06   1.56E+06               6.09E-08               1.02E-09               3.60E-01               1.72E+02               0.00E+00
 Cooling   25.000 s     3.17E-06   1.56E+06               6.09E-08               1.02E-09               3.60E-01               1.72E+02               0.00E+00
 Cooling   25.000 s     3.96E-06   1.56E+06               6.09E-08               1.02E-09               3.60E-01               1.72E+02               0.00E+00
 Cooling   25.000 s     4.75E-06   1.56E+06               6.09E-08               1.02E-09               3.60E-01               1.72E+02               0.00E+00
 Cooling   50.000 s     6.34E-06   1.56E+06               6.09E-08               1.02E-09               3.60E-01               1.72E+02               0.00E+00
 Cooling    1.667 m     9.51E-06   1.56E+06               6.09E-08               1.02E-09               3.60E-01               1.72E+02               0.00E+00
 Cooling    3.333 m     1.58E-05   1.56E+06               6.09E-08               1.02E-09               3.60E-01               1.72E+02               0.00E+00
 Cooling    4.167 m     2.38E-05   1.56E+06               6.09E-08               1.02E-09               3.60E-01               1.72E+02               0.00E+00
 Cooling    4.167 m     3.17E-05   1.56E+06               6.09E-08               1.02E-09               3.60E-01               1.72E+02               0.00E+00
 Cooling    4.167 m     3.96E-05   1.56E+06               6.09E-08               1.02E-09               3.60E-01               1.72E+02               0.00E+00
 Cooling    4.167 m     4.75E-05   1.56E+06               6.10E-08               1.02E-09               3.60E-01               1.72E+02               0.00E+00
 Cooling    8.333 m     6.34E-05   1.56E+06               6.10E-08               1.02E-09               3.60E-01               1.72E+02               0.00E+00
 Cooling   16.667 m     9.51E-05   1.56E+06               6.12E-08               1.02E-09               3.60E-01               1.72E+02               0.00E+00
 Cooling   33.333 m     1.58E-04   1.56E+06               6.19E-08               1.02E-09               3.60E-01               1.72E+02               0.00E+00
 Cooling   41.667 m     2.38E-04   1.56E+06               6.31E-08               1.02E-09               3.60E-01               1.72E+02               0.00E+00
 Cooling   41.667 m     3.17E-04   1.56E+06               6.47E-08               1.02E-09               3.60E-01               1.72E+02               0.00E+00
 Cooling   41.667 m     3.96E-04   1.56E+06               6.68E-08               1.02E-09               3.60E-01               1.72E+02               0.00E+00
 Cooling   41.667 m     4.75E-04   1.56E+06               6.92E-08               1.02E-09               3.60E-01               1.72E+02               0.00E+00
 Cooling    1.389 h     6.34E-04   1.56E+06               7.49E-08               1.02E-09               3.60E-01               1.72E+02               0.00E+00
 Cooling    2.778 h     9.51E-04   1.56E+06               8.97E-08               1.02E-09               3.60E-01               1.72E+02               0.00E+00
 Cooling    5.556 h     1.58E-03   1.56E+06               1.28E-07               1.02E-09               3.60E-01               1.72E+02               0.00E+00
 Cooling    6.944 h     2.38E-03   1.56E+06               1.87E-07               1.02E-09               3.60E-01               1.72E+02               0.00E+00
 Cooling    6.944 h     3.17E-03   1.56E+06               2.51E-07               1.02E-09               3.60E-01               1.72E+02               0.00E+00
0 Mass of material input =  3.8531E-01 kg.    Material density = 19.00 g/cc

  Total irradiation time =  1.000000E-03 s
  Total fluence          =  1.000000E+16 n/cm2
  Mean flux              =  1.000000E+19 n/cm2/s
  Number of on-times     =    1

fispact run time=                  0.56874     secs


 ------------------------------------------------------------------
 Files that have been opened during this run.
 ------------------------------------------------------------------
 The numbers after the unit names are the internal unit numbers.

 graph(10)       pulse_232_jeff.gra
 collapxi(12)    COLLAPXF
 arrayx(13)      ARRAYXF
 gnuplot(15)     pulse_232_jeff.plt
 output(38)      pulse_232_jeff.out
 runlog(48)      pulse_232_jeff.log
 ------------------------------------------------------------------



     Run timestamp:14:19:31 21 August 2018         

     Current time: 14:19:31 21 August 2018         
