



     ==============================================================================
     |                                                                            |
     |                                                                            |
     |             _____ ___ ____  ____   _    ____ _____    ___ ___              |
     |            |  ___|_ _/ ___||  _ \ / \  / ___|_   _|  |_ _|_ _|             |
     |            | |_   | |\___ \| |_) / _ \| |     | |_____| | | |              |
     |            |  _|  | | ___) |  __/ ___ \ |___  | |_____| | | |              |
     |            |_|   |___|____/|_| /_/   \_\____| |_|    |___|___|             |
     |                                                                            |
     |                            F I S P A C T - I I                             |
     |                            -------------------                             |
     |                                                                            |
     |                  Transmutation-Activation Inventory Code                   |
     |                   United Kingdom Atomic Energy Authority                   |
     |                                                                            |
     |                         Release 5.0 May 2021                               |
     |             Copyright (c) 2009-21, UK Atomic Energy Authority              |
     |                                                                            |
     ==============================================================================



1




     =========================================================================================================
     |                                                                                                       |
     |                      R U N   I D E N T I F I C A T I O N   I N F O R M A T I O N                      |
     |                                                                                                       |
     | INITIAL CROSS SECTION DATA                                                                            |
     | Collapsed library timestamp: 14:40:31 19 March 2021                                                   |
     | EAF source library label:                                                                             |
     | FLUX file label:             Thermal neutron                                                          |
     |                                                                                                       |
     | DECAY DATA                                                                                            |
     | Condensed library timestamp: 14:40:31 19 March 2021                                                   |
     | EAF source library label:    Decay input from separate files                                          |
     |                                                                                                       |
     | THIS RUN                                                                                              |
     | timestamp:                   14:40:31 19 March 2021                                                   |
     | fileroot :                   printlib_jendl                                                           |
     | name of FILES file:          files.jendl40                                                            |
     | FISPACT title:               * PRINTLIB jendl40/gxs-709 data                                          |
     |                                                                                                       |
     | See the printlib_jendl.log file                                                                       |
     | and summary details at the end of this file for further information on files used by this run         |
     |                                                                                                       |
     =========================================================================================================


1                                              P E R C E N T A G E     B R A N C H I N G     R A T I O S 

   V  66   (b-)   Cr 66  1.000E+02       Cr 66   (b-)   Mn 66  1.000E+02       Cr 67   (b-)   Mn 67  1.000E+02       Cr 68   (b-)   Mn 68  1.000E+02
   Cr 69   (b-)   Mn 69  1.000E+02       Cr 70   (b-)   Mn 70  1.000E+02       Mn 66   (b-)   Fe 66  1.000E+02       Mn 67   (b-)   Fe 67  1.000E+02
   Mn 68   (b-)   Fe 68  1.000E+02       Mn 69   (b-)   Fe 69  1.000E+02       Mn 70   (b-)   Fe 70  1.000E+02       Mn 71   (b-)   Fe 71  1.000E+02
   Mn 72   (b-)   Fe 72  1.000E+02       Mn 73   (b-)   Fe 73  1.000E+02       Fe 66   (b-)   Co 66  1.000E+02       Fe 67   (b-)   Co 67  1.000E+02
   Fe 68   (b-)   Co 68m 1.000E+02       Fe 69   (b-)   Co 69  1.000E+02       Fe 70   (b-)   Co 70m 1.000E+02       Fe 71   (b-)   Co 71  1.000E+02
   Fe 72   (b-)   Co 72  1.000E+02       Fe 73   (b-)   Co 73  1.000E+02       Fe 74   (b-)   Co 74  1.000E+02       Fe 75   (b-)   Co 75  1.000E+02
   Fe 76   (b-)   Co 76  1.000E+02       Co 66   (b-)   Ni 66  1.000E+02       Co 67   (b-)   Ni 67  9.890E+01       Co 67  (b-n)   Ni 66  1.100E+00
   Co 68   (b-)   Ni 68  9.760E+01       Co 68  (b-n)   Ni 67  2.400E+00       Co 68m  (b-)   Ni 68  1.000E+02       Co 69   (b-)   Ni 69  2.974E+01
   Co 69   (b-)   Ni 69m 6.938E+01       Co 69  (b-n)   Ni 68  8.800E-01       Co 70   (b-)   Ni 70  9.250E+01       Co 70  (b-n)   Ni 69  7.500E+00
   Co 70m  (b-)   Ni 70  1.000E+02       Co 71   (b-)   Ni 71  8.300E+01       Co 71  (b-n)   Ni 70  1.700E+01       Co 72   (b-)   Ni 72  9.400E+01
   Co 72  (b-n)   Ni 71  6.000E+00       Co 73   (b-)   Ni 73  7.200E+01       Co 73  (b-n)   Ni 72  2.800E+01       Co 74   (b-)   Ni 74  1.000E+02
   Co 75   (b-)   Ni 75  6.200E+01       Co 75  (b-n)   Ni 74  3.800E+01       Co 76   (b-)   Ni 76  7.000E+01       Co 76  (b-n)   Ni 75  3.000E+01
   Co 77   (b-)   Ni 77  4.700E+01       Co 77  (b-n)   Ni 76  5.300E+01       Co 78   (b-)   Ni 78  1.000E+02       Ni 66   (b-)   Cu 66  1.000E+02
   Ni 67   (b-)   Cu 67  1.000E+02       Ni 68   (b-)   Cu 68  1.000E+02       Ni 69   (b-)   Cu 69  1.000E+02       Ni 69m  (b-)   Cu 69  1.000E+02
   Ni 70   (b-)   Cu 70m 1.000E+00       Ni 70   (b-)   Cu 70n 9.900E+01       Ni 71   (b-)   Cu 71  1.000E+02       Ni 72   (b-)   Cu 72  1.000E+02
   Ni 73   (b-)   Cu 73  9.990E+01       Ni 73  (b-n)   Cu 72  9.700E-02       Ni 74   (b-)   Cu 74  9.937E+01       Ni 74  (b-n)   Cu 73  6.300E-01
   Ni 75   (b-)   Cu 75  9.840E+01       Ni 75  (b-n)   Cu 74  1.600E+00       Ni 76   (b-)   Cu 76m 9.590E+01       Ni 76  (b-n)   Cu 75  4.100E+00
   Ni 77   (b-)   Cu 77  5.100E+01       Ni 77  (b-n)   Cu 76  4.900E+01       Ni 78   (b-)   Cu 78  8.900E+01       Ni 78  (b-n)   Cu 77  1.100E+01
   Ni 79   (b-)   Cu 79  8.600E+01       Ni 79  (b-n)   Cu 78  1.400E+01       Ni 80   (b-)   Cu 80  1.000E+02       Ni 81   (b-)   Cu 81  1.000E+02
   Ni 82   (b-)   Cu 82  1.000E+02       Cu 66   (b-)   Zn 66  1.000E+02       Cu 67   (b-)   Zn 67  1.000E+02       Cu 68   (b-)   Zn 68  1.000E+02
   Cu 68m  (b-)   Zn 68  1.600E+01       Cu 68m  (IT)   Cu 68  8.400E+01       Cu 69   (b-)   Zn 69  1.000E+02       Cu 70   (b-)   Zn 70  1.000E+02
   Cu 70m  (b-)   Zn 70  5.200E+01       Cu 70m  (IT)   Cu 70  4.800E+01       Cu 70n  (b-)   Zn 70  9.320E+01       Cu 70n  (IT)   Cu 70  6.800E+00
   Cu 71   (b-)   Zn 71  8.340E+01       Cu 71   (b-)   Zn 71m 1.660E+01       Cu 72   (b-)   Zn 72  1.000E+02       Cu 73   (b-)   Zn 73  9.997E+01
   Cu 73  (b-n)   Zn 72  2.900E-02       Cu 74   (b-)   Zn 74  9.992E+01       Cu 74  (b-n)   Zn 73  7.500E-02       Cu 75   (b-)   Zn 75  9.640E+01
   Cu 75  (b-n)   Zn 74  3.600E+00       Cu 76   (b-)   Zn 76  9.700E+01       Cu 76  (b-n)   Zn 75  3.000E+00       Cu 76m  (b-)   Zn 76  1.000E+02
   Cu 77   (b-)   Zn 77m 8.500E+01       Cu 77  (b-n)   Zn 76  1.500E+01       Cu 78   (b-)   Zn 78  3.500E+01       Cu 78  (b-n)   Zn 77  6.500E+01
   Cu 79   (b-)   Zn 79  4.500E+01       Cu 79  (b-n)   Zn 78  5.500E+01       Cu 80   (b-)   Zn 80  7.700E+01       Cu 80  (b-n)   Zn 79  2.300E+01
   Cu 81   (b-)   Zn 81  2.800E+01       Cu 81  (b-n)   Zn 80  7.200E+01       Cu 82   (b-)   Zn 82  3.800E+01       Cu 82  (b-n)   Zn 81  6.200E+01
   Cu 83   (b-)   Zn 83  1.000E+02       Cu 84   (b-)   Zn 84  1.000E+02       Zn 69   (b-)   Ga 69  1.000E+02       Zn 69m  (b-)   Ga 69  3.300E-02
   Zn 69m  (IT)   Zn 69  9.997E+01       Zn 71   (b-)   Ga 71  1.000E+02       Zn 71m  (b-)   Ga 71  9.995E+01       Zn 71m  (IT)   Zn 71  5.000E-02
   Zn 72   (b-)   Ga 72  9.660E+01       Zn 72   (b-)   Ga 72m 3.400E+00       Zn 73   (b-)   Ga 73  1.000E+02       Zn 73m  (b-)   Ga 73  1.000E+02
   Zn 74   (b-)   Ga 74  1.100E+01       Zn 74   (b-)   Ga 74m 8.900E+01       Zn 75   (b-)   Ga 75  1.000E+02       Zn 76   (b-)   Ga 76  1.000E+02
   Zn 77   (b-)   Ga 77  1.000E+02       Zn 77m  (IT)   Zn 77  1.000E+02       Zn 78   (b-)   Ga 78  1.000E+02       Zn 78  (b-n)   Ga 77  1.000E-03
   Zn 79   (b-)   Ga 79  9.870E+01       Zn 79  (b-n)   Ga 78  1.300E+00       Zn 80   (b-)   Ga 80  9.900E+01       Zn 80  (b-n)   Ga 79  1.000E+00
   Zn 81   (b-)   Ga 81  9.250E+01       Zn 81  (b-n)   Ga 80  7.500E+00       Zn 82   (b-)   Ga 82  8.300E+01       Zn 82  (b-n)   Ga 81  1.700E+01
   Zn 83   (b-)   Ga 83  7.700E+01       Zn 83  (b-n)   Ga 82  2.300E+01       Zn 84   (b-)   Ga 84  7.500E+01       Zn 84  (b-n)   Ga 83  2.500E+01
   Zn 85   (b-)   Ga 85  1.000E+02       Zn 86   (b-)   Ga 86  1.000E+02       Ga 67   (b+)   Zn 67  1.000E+02       Ga 68   (b+)   Zn 68  1.000E+02
   Ga 70   (b-)   Ge 70  9.959E+01       Ga 70   (b+)   Zn 70  4.100E-01       Ga 72   (b-)   Ge 72  1.000E+02       Ga 72m  (IT)   Ga 72  1.000E+02
   Ga 73   (b-)   Ge 73  1.500E+00       Ga 73   (b-)   Ge 73m 9.850E+01       Ga 74   (b-)   Ge 74  1.000E+02       Ga 74m  (b-)   Ge 74  2.500E+01
   Ga 74m  (IT)   Ga 74  7.500E+01       Ga 75   (b-)   Ge 75  9.290E+01       Ga 75   (b-)   Ge 75m 7.100E+00       Ga 76   (b-)   Ge 76  1.000E+02
   Ga 77   (b-)   Ge 77m 1.000E+02       Ga 78   (b-)   Ge 78  1.000E+02       Ga 79   (b-)   Ge 79  9.502E+01       Ga 79   (b-)   Ge 79m 4.896E+00
   Ga 79  (b-n)   Ge 78  8.900E-02       Ga 80   (b-)   Ge 80  9.914E+01       Ga 80  (b-n)   Ge 79m 8.600E-01       Ga 81   (b-)   Ge 81  4.730E+01
   Ga 81   (b-)   Ge 81m 4.080E+01       Ga 81  (b-n)   Ge 80  1.190E+01       Ga 82   (b-)   Ge 82  8.020E+01       Ga 82  (b-n)   Ge 81  1.980E+01
   Ga 83   (b-)   Ge 83  3.720E+01       Ga 83  (b-n)   Ge 82  6.280E+01       Ga 84   (b-)   Ge 84  3.000E+01       Ga 84  (b-n)   Ge 83  7.000E+01
   Ga 85   (b-)   Ge 85  4.000E+01       Ga 85  (b-n)   Ge 84  6.000E+01       Ga 86   (b-)   Ge 86  5.800E+01       Ga 86  (b-n)   Ge 85  4.200E+01
   Ga 87   (b-)   Ge 87  2.600E+01       Ga 87  (b-n)   Ge 86  7.400E+01       Ga 88   (b-)   Ge 88  1.000E+02       Ga 89   (b-)   Ge 89  1.000E+02
   Ge 69   (b+)   Ga 69  1.000E+02       Ge 71   (b+)   Ga 71  1.000E+02       Ge 71m  (IT)   Ge 71  1.000E+02       Ge 73m  (IT)   Ge 73  1.000E+02
   Ge 75   (b-)   As 75  1.000E+02       Ge 75m  (b-)   As 75  3.000E-02       Ge 75m  (IT)   Ge 75  9.997E+01       Ge 77   (b-)   As 77  1.000E+02
   Ge 77m  (b-)   As 77  8.100E+01       Ge 77m  (IT)   Ge 77  1.900E+01       Ge 78   (b-)   As 78  1.000E+02       Ge 79   (b-)   As 79  1.000E+02
   Ge 79m  (b-)   As 79  9.600E+01       Ge 79m  (IT)   Ge 79  4.000E+00       Ge 80   (b-)   As 80  1.000E+02       Ge 81   (b-)   As 81  1.000E+02
   Ge 81m  (b-)   As 81  1.000E+02       Ge 82   (b-)   As 82  1.000E+02       Ge 83   (b-)   As 83  9.990E+01       Ge 83  (b-n)   As 82m 1.000E-01
   Ge 84   (b-)   As 84  8.980E+01       Ge 84  (b-n)   As 83  1.020E+01       Ge 85   (b-)   As 85  8.600E+01       Ge 85  (b-n)   As 84  1.400E+01
   Ge 86   (b-)   As 86  9.400E+01       Ge 86  (b-n)   As 85  6.000E+00       Ge 87   (b-)   As 87  8.900E+01       Ge 87  (b-n)   As 86  1.100E+01
   Ge 88   (b-)   As 88  8.300E+01       Ge 88  (b-n)   As 87  1.700E+01       Ge 89   (b-)   As 89  8.100E+01       Ge 89  (b-n)   As 88  1.900E+01
   Ge 90   (b-)   As 90  1.000E+02       Ge 91   (b-)   As 91  1.000E+02       As 72   (b+)   Ge 72  1.000E+02       As 73   (b+)   Ge 73m 1.000E+02
   As 74   (b-)   Se 74  3.400E+01       As 74   (b+)   Ge 74  6.600E+01       As 76   (b-)   Se 76  1.000E+02       As 77   (b-)   Se 77  9.970E+01
   As 77   (b-)   Se 77m 3.000E-01       As 78   (b-)   Se 78  1.000E+02       As 79   (b-)   Se 79  1.900E+00       As 79   (b-)   Se 79m 9.810E+01
   As 80   (b-)   Se 80  1.000E+02       As 81   (b-)   Se 81  9.584E+01       As 81   (b-)   Se 81m 4.160E+00       As 82   (b-)   Se 82  1.000E+02
   As 82m  (b-)   Se 82  1.000E+02       As 83   (b-)   Se 83  3.660E+01       As 83   (b-)   Se 83m 6.340E+01       As 84   (b-)   Se 84  9.982E+01
   As 84  (b-n)   Se 83m 1.800E-01       As 85   (b-)   Se 85  4.060E+01       As 85  (b-n)   Se 84  5.940E+01       As 86   (b-)   Se 86  6.700E+01
   As 86  (b-n)   Se 85  3.300E+01       As 87   (b-)   Se 87  8.460E+01       As 87  (b-n)   Se 86  1.540E+01       As 88   (b-)   Se 88  7.700E+01
   As 88  (b-n)   Se 87  2.300E+01       As 89   (b-)   Se 89  7.000E+01       As 89  (b-n)   Se 88  3.000E+01       As 90   (b-)   Se 90  6.900E+01
   As 90  (b-n)   Se 89  3.100E+01       As 91   (b-)   Se 91  4.200E+01       As 91  (b-n)   Se 90  5.800E+01       As 92   (b-)   Se 92  5.900E+01
   As 92  (b-n)   Se 91  4.100E+01       As 93   (b-)   Se 93  1.000E+02       As 94   (b-)   Se 94  1.000E+02       As 95   (b-)   Se 95  1.000E+02
   Se 75   (b+)   As 75  1.000E+02       Se 77m  (IT)   Se 77  1.000E+02       Se 79   (b-)   Br 79  1.000E+02       Se 79m  (b-)   Br 79  5.600E-02
   Se 79m  (IT)   Se 79  9.994E+01       Se 81   (b-)   Br 81  1.000E+02       Se 81m  (b-)   Br 81  5.100E-02       Se 81m  (IT)   Se 81  9.995E+01
   Se 83   (b-)   Br 83  1.000E+02       Se 83m  (b-)   Br 83  1.000E+02       Se 84   (b-)   Br 84  1.000E+02       Se 85   (b-)   Br 85  1.000E+02
   Se 86   (b-)   Br 86  1.000E+02       Se 87   (b-)   Br 87  9.980E+01       Se 87  (b-n)   Br 86  2.000E-01       Se 88   (b-)   Br 88  9.933E+01
   Se 88  (b-n)   Br 87  6.700E-01       Se 89   (b-)   Br 89  9.220E+01       Se 89  (b-n)   Br 88  7.800E+00       Se 90   (b-)   Br 90  9.700E+01
   Se 90  (b-n)   Br 89  3.000E+00       Se 91   (b-)   Br 91  7.900E+01       Se 91  (b-n)   Br 90  2.100E+01       Se 92   (b-)   Br 92  8.800E+01
   Se 92  (b-n)   Br 91  1.200E+01       Se 93   (b-)   Br 93  8.900E+01       Se 93  (b-n)   Br 92  1.100E+01       Se 94   (b-)   Br 94  8.600E+01
   Se 94  (b-n)   Br 93  1.400E+01       Se 95   (b-)   Br 95  1.000E+02       Se 96   (b-)   Br 96  1.000E+02       Br 77   (b+)   Se 77  9.793E+01
   Br 77   (b+)   Se 77m 2.070E+00       Br 77m  (IT)   Br 77  1.000E+02       Br 78   (b+)   Se 78  1.000E+02       Br 79m  (IT)   Br 79  1.000E+02
   Br 80   (b-)   Kr 80  9.170E+01       Br 80   (b+)   Se 80  8.300E+00       Br 80m  (IT)   Br 80  1.000E+02       Br 82   (b-)   Kr 82  1.000E+02
   Br 82m  (b-)   Kr 82  2.400E+00       Br 82m  (IT)   Br 82  9.760E+01       Br 83   (b-)   Kr 83  3.000E-02       Br 83   (b-)   Kr 83m 9.997E+01
   Br 84   (b-)   Kr 84  1.000E+02       Br 84m  (b-)   Kr 84  1.000E+02       Br 85   (b-)   Kr 85  1.500E-01       Br 85   (b-)   Kr 85m 9.985E+01
   Br 86   (b-)   Kr 86  1.000E+02       Br 87   (b-)   Kr 87  9.740E+01       Br 87  (b-n)   Kr 86  2.600E+00       Br 88   (b-)   Kr 88  9.342E+01
   Br 88  (b-n)   Kr 87  6.580E+00       Br 89   (b-)   Kr 89  8.620E+01       Br 89  (b-n)   Kr 88  1.380E+01       Br 90   (b-)   Kr 90  7.480E+01
   Br 90  (b-n)   Kr 89  2.520E+01       Br 91   (b-)   Kr 91  8.000E+01       Br 91  (b-n)   Kr 90  2.000E+01       Br 92   (b-)   Kr 92  6.690E+01
   Br 92  (b-n)   Kr 91  3.310E+01       Br 93   (b-)   Kr 93  3.200E+01       Br 93  (b-n)   Kr 92  6.800E+01       Br 94   (b-)   Kr 94  3.200E+01
   Br 94  (b-n)   Kr 93  6.800E+01       Br 95   (b-)   Kr 95  6.600E+01       Br 95  (b-n)   Kr 94  3.400E+01       Br 96   (b-)   Kr 96  7.240E+01
   Br 96  (b-n)   Kr 95  2.760E+01       Br 97   (b-)   Kr 97  6.600E+01       Br 97  (b-n)   Kr 96  3.400E+01       Br 98   (b-)   Kr 98  1.000E+02
   Br 99   (b-)   Kr 99  1.000E+02       Br100   (b-)   Kr100  1.000E+02       Kr 79   (b+)   Br 79  1.000E+02       Kr 79m  (IT)   Kr 79  1.000E+02
   Kr 81   (b+)   Br 81  1.000E+02       Kr 81m  (b+)   Br 81  2.500E-03       Kr 81m  (IT)   Kr 81  1.000E+02       Kr 83m  (IT)   Kr 83  1.000E+02
   Kr 85   (b-)   Rb 85  1.000E+02       Kr 85m  (b-)   Rb 85  7.860E+01       Kr 85m  (IT)   Kr 85  2.140E+01       Kr 87   (b-)   Rb 87  1.000E+02
   Kr 88   (b-)   Rb 88  1.000E+02       Kr 89   (b-)   Rb 89  1.000E+02       Kr 90   (b-)   Rb 90  8.688E+01       Kr 90   (b-)   Rb 90m 1.312E+01
   Kr 91   (b-)   Rb 91  1.000E+02       Kr 92   (b-)   Rb 92  9.997E+01       Kr 92  (b-n)   Rb 91  3.300E-02       Kr 93   (b-)   Rb 93  9.805E+01
   Kr 93  (b-n)   Rb 92  1.950E+00       Kr 94   (b-)   Rb 94  9.889E+01       Kr 94  (b-n)   Rb 93  1.110E+00       Kr 95   (b-)   Rb 95  9.713E+01
   Kr 95  (b-n)   Rb 94  2.870E+00       Kr 96   (b-)   Rb 96  9.630E+01       Kr 96  (b-n)   Rb 95  3.700E+00       Kr 97   (b-)   Rb 97  9.330E+01
   Kr 97  (b-n)   Rb 96  6.700E+00       Kr 98   (b-)   Rb 98  9.300E+01       Kr 98  (b-n)   Rb 97  7.000E+00       Kr 99   (b-)   Rb 99  8.800E+01
   Kr 99  (b-n)   Rb 98  1.200E+01       Kr100   (b-)   Rb100  8.300E+01       Kr100  (b-n)   Rb 99  1.700E+01       Kr101   (b-)   Rb101  1.000E+02
   Kr102   (b-)   Rb102  1.000E+02       Rb 81   (b+)   Kr 81  5.500E+00       Rb 81   (b+)   Kr 81m 9.450E+01       Rb 81m  (b+)   Kr 81  2.376E+00
   Rb 81m  (b+)   Kr 81m 2.400E-02       Rb 81m  (IT)   Rb 81  9.760E+01       Rb 82   (b+)   Kr 82  1.000E+02       Rb 82m  (b+)   Kr 82  1.000E+02
   Rb 83   (b+)   Kr 83  3.100E+01       Rb 83   (b+)   Kr 83m 6.900E+01       Rb 84   (b-)   Sr 84  3.900E+00       Rb 84   (b+)   Kr 84  9.610E+01
   Rb 84m  (IT)   Rb 84  1.000E+02       Rb 86   (b-)   Sr 86  9.999E+01       Rb 86   (b+)   Kr 86  5.200E-03       Rb 86m  (IT)   Rb 86  1.000E+02
   Rb 87   (b-)   Sr 87  1.000E+02       Rb 88   (b-)   Sr 88  1.000E+02       Rb 89   (b-)   Sr 89  1.000E+02       Rb 90   (b-)   Sr 90  1.000E+02
   Rb 90m  (b-)   Sr 90  9.740E+01       Rb 90m  (IT)   Rb 90  2.600E+00       Rb 91   (b-)   Sr 91  1.000E+02       Rb 92   (b-)   Sr 92  9.999E+01
   Rb 92  (b-n)   Sr 91  1.070E-02       Rb 93   (b-)   Sr 93  9.861E+01       Rb 93  (b-n)   Sr 92  1.390E+00       Rb 94   (b-)   Sr 94  8.950E+01
   Rb 94  (b-n)   Sr 93  1.050E+01       Rb 95   (b-)   Sr 95  9.130E+01       Rb 95  (b-n)   Sr 94  8.700E+00       Rb 96   (b-)   Sr 96  8.670E+01
   Rb 96  (b-n)   Sr 95  1.330E+01       Rb 97   (b-)   Sr 97  7.450E+01       Rb 97  (b-n)   Sr 96  2.550E+01       Rb 98   (b-)   Sr 98  8.620E+01
   Rb 98  (b-n)   Sr 97  1.380E+01       Rb 98m  (b-)   Sr 98  1.000E+02       Rb 99   (b-)   Sr 99  8.410E+01       Rb 99  (b-n)   Sr 98  1.590E+01
   Rb100   (b-)   Sr100  9.400E+01       Rb100  (b-n)   Sr 99  6.000E+00       Rb101   (b-)   Sr101  7.200E+01       Rb101  (b-n)   Sr100  2.800E+01
   Rb102   (b-)   Sr102  8.200E+01       Rb102  (b-n)   Sr101  1.800E+01       Rb103   (b-)   Sr103  5.100E+01       Rb103  (b-n)   Sr102  4.900E+01
   Rb104   (b-)   Sr104  6.200E+01       Rb104  (b-n)   Sr103  3.800E+01       Rb105   (b-)   Sr105  4.400E+01       Rb105  (b-n)   Sr104  5.600E+01
   Sr 83   (b+)   Rb 83  1.000E+02       Sr 83m  (IT)   Sr 83  1.000E+02       Sr 85   (b+)   Rb 85  1.000E+02       Sr 85m  (b+)   Rb 85  1.340E+01
   Sr 85m  (IT)   Sr 85  8.660E+01       Sr 87m  (b+)   Rb 87  3.000E-01       Sr 87m  (IT)   Sr 87  9.970E+01       Sr 89   (b-)   Y  89  9.999E+01
   Sr 89   (b-)   Y  89m 9.600E-03       Sr 90   (b-)   Y  90  1.000E+02       Sr 91   (b-)   Y  91  4.090E+01       Sr 91   (b-)   Y  91m 5.910E+01
   Sr 92   (b-)   Y  92  1.000E+02       Sr 93   (b-)   Y  93  6.580E+01       Sr 93   (b-)   Y  93m 3.420E+01       Sr 94   (b-)   Y  94  1.000E+02
   Sr 95   (b-)   Y  95  1.000E+02       Sr 96   (b-)   Y  96  1.000E+02       Sr 97   (b-)   Y  97  8.506E+01       Sr 97   (b-)   Y  97m 1.489E+01
   Sr 97  (b-n)   Y  96  5.000E-02       Sr 98   (b-)   Y  98  9.975E+01       Sr 98  (b-n)   Y  97  2.500E-01       Sr 99   (b-)   Y  99  9.990E+01
   Sr 99  (b-n)   Y  98  1.000E-01       Sr100   (b-)   Y 100  9.922E+01       Sr100  (b-n)   Y  99  7.800E-01       Sr101   (b-)   Y 101  9.763E+01
   Sr101  (b-n)   Y 100m 2.370E+00       Sr102   (b-)   Y 102m 9.450E+01       Sr102  (b-n)   Y 101  5.500E+00       Sr103   (b-)   Y 103  9.000E+01
   Sr103  (b-n)   Y 102  1.000E+01       Sr104   (b-)   Y 104  9.170E+01       Sr104  (b-n)   Y 103  8.300E+00       Sr105   (b-)   Y 105  9.000E+01
   Sr105  (b-n)   Y 104  1.000E+01       Sr106   (b-)   Y 106  1.000E+02       Sr107   (b-)   Y 107  1.000E+02       Y  86   (b+)   Sr 86  1.000E+02
   Y  86m  (b+)   Sr 86  6.900E-01       Y  86m  (IT)   Y  86  9.931E+01       Y  87   (b+)   Sr 87m 1.000E+02       Y  87m  (b+)   Sr 87  1.570E+00
   Y  87m  (IT)   Y  87  9.843E+01       Y  88   (b+)   Sr 88  1.000E+02       Y  88m  (IT)   Y  88  1.000E+02       Y  88n  (IT)   Y  88  1.000E+02
   Y  89m  (IT)   Y  89  1.000E+02       Y  90   (b-)   Zr 90  1.000E+02       Y  90m  (b-)   Zr 90m 1.800E-03       Y  90m  (IT)   Y  90  1.000E+02
   Y  91   (b-)   Zr 91  1.000E+02       Y  91m  (IT)   Y  91  1.000E+02       Y  92   (b-)   Zr 92  1.000E+02       Y  93   (b-)   Zr 93  1.000E+02
   Y  93m  (IT)   Y  93  1.000E+02       Y  94   (b-)   Zr 94  1.000E+02       Y  95   (b-)   Zr 95  1.000E+02       Y  96   (b-)   Zr 96  1.000E+02
   Y  96m  (b-)   Zr 96  1.000E+02       Y  97   (b-)   Zr 97  9.994E+01       Y  97  (b-n)   Zr 96  5.500E-02       Y  97m  (b-)   Zr 97  9.922E+01
   Y  97m (b-n)   Zr 96  8.000E-02       Y  97m  (IT)   Y  97  7.000E-01       Y  97n  (b-)   Zr 97  5.200E+00       Y  97n  (IT)   Y  97  9.480E+01
   Y  98   (b-)   Zr 98  9.967E+01       Y  98  (b-n)   Zr 97  3.310E-01       Y  98m  (b-)   Zr 98  9.660E+01       Y  98m (b-n)   Zr 97  3.400E+00
   Y  99   (b-)   Zr 99  9.810E+01       Y  99  (b-n)   Zr 98  1.900E+00       Y 100   (b-)   Zr100  9.908E+01       Y 100  (b-n)   Zr 99  9.200E-01
   Y 100m  (b-)   Zr100  9.770E+01       Y 100m (b-n)   Zr 99  2.300E+00       Y 101   (b-)   Zr101  9.806E+01       Y 101  (b-n)   Zr100  1.940E+00
   Y 102   (b-)   Zr102  9.510E+01       Y 102  (b-n)   Zr101  4.900E+00       Y 102m  (b-)   Zr102  1.000E+02       Y 103   (b-)   Zr103  9.200E+01
   Y 103  (b-n)   Zr102  8.000E+00       Y 104   (b-)   Zr104  8.800E+01       Y 104  (b-n)   Zr103  1.200E+01       Y 105   (b-)   Zr105  8.000E+01
   Y 105  (b-n)   Zr104  2.000E+01       Y 106   (b-)   Zr106  7.600E+01       Y 106  (b-n)   Zr105  2.400E+01       Y 107   (b-)   Zr107  6.800E+01
   Y 107  (b-n)   Zr106  3.200E+01       Y 108   (b-)   Zr108  7.400E+01       Y 108  (b-n)   Zr107  2.600E+01       Y 109   (b-)   Zr109  1.000E+02
   Zr 88   (b+)   Y  88m 1.000E+02       Zr 89   (b+)   Y  89  1.230E-01       Zr 89   (b+)   Y  89m 9.988E+01       Zr 89m  (b+)   Y  89  6.230E+00
   Zr 89m  (IT)   Zr 89  9.377E+01       Zr 90m  (IT)   Zr 90  1.000E+02       Zr 93   (b-)   Nb 93  2.500E+00       Zr 93   (b-)   Nb 93m 9.750E+01
   Zr 95   (b-)   Nb 95  9.892E+01       Zr 95   (b-)   Nb 95m 1.080E+00       Zr 97   (b-)   Nb 97  4.950E+00       Zr 97   (b-)   Nb 97m 9.505E+01
   Zr 98   (b-)   Nb 98  1.000E+02       Zr 99   (b-)   Nb 99  6.320E+01       Zr 99   (b-)   Nb 99m 3.680E+01       Zr100   (b-)   Nb100  9.800E+01
   Zr100   (b-)   Nb100m 2.000E+00       Zr101   (b-)   Nb101  1.000E+02       Zr102   (b-)   Nb102m 1.000E+02       Zr103   (b-)   Nb103  1.000E+02
   Zr104   (b-)   Nb104  9.999E+01       Zr104  (b-n)   Nb103  1.200E-02       Zr105   (b-)   Nb105  9.987E+01       Zr105  (b-n)   Nb104  1.300E-01
   Zr106   (b-)   Nb106  9.850E+01       Zr106  (b-n)   Nb105  1.500E+00       Zr107   (b-)   Nb107  9.830E+01       Zr107  (b-n)   Nb106  1.700E+00
   Zr108   (b-)   Nb108  9.420E+01       Zr108  (b-n)   Nb107  5.800E+00       Zr109   (b-)   Nb109  9.600E+01       Zr109  (b-n)   Nb108  4.000E+00
   Zr110   (b-)   Nb110  9.290E+01       Zr110  (b-n)   Nb109  7.100E+00       Zr111   (b-)   Nb111  1.000E+02       Zr112   (b-)   Nb112  1.000E+02
   Nb 90   (b+)   Zr 90  1.500E+00       Nb 90   (b+)   Zr 90m 9.850E+01       Nb 90m  (IT)   Nb 90  1.000E+02       Nb 91   (b+)   Zr 91  1.000E+02
   Nb 91m  (b+)   Zr 91  3.400E+00       Nb 91m  (IT)   Nb 91  9.660E+01       Nb 92   (b+)   Zr 92  1.000E+02       Nb 92m  (b+)   Zr 92  1.000E+02
   Nb 93m  (IT)   Nb 93  1.000E+02       Nb 94   (b-)   Mo 94  1.000E+02       Nb 94m  (b-)   Mo 94  5.000E-01       Nb 94m  (IT)   Nb 94  9.950E+01
   Nb 95   (b-)   Mo 95  1.000E+02       Nb 95m  (b-)   Mo 95  5.600E+00       Nb 95m  (IT)   Nb 95  9.440E+01       Nb 96   (b-)   Mo 96  1.000E+02
   Nb 97   (b-)   Mo 97  1.000E+02       Nb 97m  (IT)   Nb 97  1.000E+02       Nb 98   (b-)   Mo 98  1.000E+02       Nb 98m  (b-)   Mo 98  1.000E+02
   Nb 99   (b-)   Mo 99  1.000E+02       Nb 99m  (b-)   Mo 99  9.610E+01       Nb 99m  (IT)   Nb 99  3.900E+00       Nb100   (b-)   Mo100  1.000E+02
   Nb100m  (b-)   Mo100  1.000E+02       Nb101   (b-)   Mo101  1.000E+02       Nb102   (b-)   Mo102  1.000E+02       Nb102m  (b-)   Mo102  1.000E+02
   Nb103   (b-)   Mo103  9.999E+01       Nb103  (b-n)   Mo102  1.000E-02       Nb104   (b-)   Mo104  9.994E+01       Nb104  (b-n)   Mo103  6.000E-02
   Nb104m  (b-)   Mo104  9.995E+01       Nb104m (b-n)   Mo103  5.000E-02       Nb105   (b-)   Mo105  9.830E+01       Nb105  (b-n)   Mo104  1.700E+00
   Nb106   (b-)   Mo106  9.550E+01       Nb106  (b-n)   Mo105  4.500E+00       Nb107   (b-)   Mo107  9.400E+01       Nb107  (b-n)   Mo106  6.000E+00
   Nb108   (b-)   Mo108  9.380E+01       Nb108  (b-n)   Mo107  6.200E+00       Nb109   (b-)   Mo109  6.900E+01       Nb109  (b-n)   Mo108  3.100E+01
   Nb110   (b-)   Mo110  6.000E+01       Nb110  (b-n)   Mo109  4.000E+01       Nb111   (b-)   Mo111  7.800E+01       Nb111  (b-n)   Mo110  2.200E+01
   Nb112   (b-)   Mo112  7.900E+01       Nb112  (b-n)   Mo111  2.100E+01       Nb113   (b-)   Mo113  4.400E+01       Nb113  (b-n)   Mo112  5.600E+01
   Nb114   (b-)   Mo114  1.000E+02       Nb115   (b-)   Mo115  1.000E+02       Mo 93   (b+)   Nb 93  1.200E+01       Mo 93   (b+)   Nb 93m 8.800E+01
   Mo 93m  (b+)   Nb 93  1.200E-01       Mo 93m  (IT)   Mo 93  9.988E+01       Mo 99   (b-)   Tc 99  1.150E+01       Mo 99   (b-)   Tc 99m 8.850E+01
   Mo101   (b-)   Tc101  1.000E+02       Mo102   (b-)   Tc102  1.000E+02       Mo103   (b-)   Tc103  1.000E+02       Mo104   (b-)   Tc104  1.000E+02
   Mo105   (b-)   Tc105  1.000E+02       Mo106   (b-)   Tc106  1.000E+02       Mo107   (b-)   Tc107  1.000E+02       Mo108   (b-)   Tc108  1.000E+02
   Mo109   (b-)   Tc109  1.000E+02       Mo109  (b-n)   Tc108  2.000E-03       Mo110   (b-)   Tc110  9.993E+01       Mo110  (b-n)   Tc109  7.400E-02
   Mo111   (b-)   Tc111  9.969E+01       Mo111  (b-n)   Tc110  3.100E-01       Mo112   (b-)   Tc112  9.880E+01       Mo112  (b-n)   Tc111  1.200E+00
   Mo113   (b-)   Tc113  9.820E+01       Mo113  (b-n)   Tc112  1.800E+00       Mo114   (b-)   Tc114  9.570E+01       Mo114  (b-n)   Tc113  4.300E+00
   Mo115   (b-)   Tc115  9.470E+01       Mo115  (b-n)   Tc114  5.300E+00       Mo116   (b-)   Tc116  1.000E+02       Mo117   (b-)   Tc117  1.000E+02
   Tc 95   (b+)   Mo 95  1.000E+02       Tc 95m  (b+)   Mo 95  9.610E+01       Tc 95m  (IT)   Tc 95  3.900E+00       Tc 96   (b+)   Mo 96  1.000E+02
   Tc 96m  (b+)   Mo 96  2.000E+00       Tc 96m  (IT)   Tc 96  9.800E+01       Tc 97   (b+)   Mo 97  1.000E+02       Tc 97m  (b+)   Mo 97  3.940E+00
   Tc 97m  (IT)   Tc 97  9.606E+01       Tc 98   (b-)   Ru 98  1.000E+02       Tc 99   (b-)   Ru 99  1.000E+02       Tc 99m  (b-)   Ru 99  3.700E-03
   Tc 99m  (IT)   Tc 99  1.000E+02       Tc100   (b-)   Ru100  1.000E+02       Tc100   (b+)   Mo100  1.800E-03       Tc101   (b-)   Ru101  1.000E+02
   Tc102   (b-)   Ru102  1.000E+02       Tc102m  (b-)   Ru102  9.800E+01       Tc102m  (IT)   Tc102  2.000E+00       Tc103   (b-)   Ru103  1.000E+02
   Tc104   (b-)   Ru104  1.000E+02       Tc105   (b-)   Ru105  1.000E+02       Tc106   (b-)   Ru106  1.000E+02       Tc107   (b-)   Ru107  1.000E+02
   Tc108   (b-)   Ru108  1.000E+02       Tc109   (b-)   Ru109  9.992E+01       Tc109  (b-n)   Ru108  8.000E-02       Tc110   (b-)   Ru110  9.996E+01
   Tc110  (b-n)   Ru109  4.000E-02       Tc111   (b-)   Ru111  9.915E+01       Tc111  (b-n)   Ru110  8.500E-01       Tc112   (b-)   Ru112  9.850E+01
   Tc112  (b-n)   Ru111  1.500E+00       Tc113   (b-)   Ru113  9.790E+01       Tc113  (b-n)   Ru112  2.100E+00       Tc114   (b-)   Ru114  9.870E+01
   Tc114  (b-n)   Ru113  1.300E+00       Tc115   (b-)   Ru115  8.700E+01       Tc115  (b-n)   Ru114  1.300E+01       Tc116   (b-)   Ru116  8.800E+01
   Tc116  (b-n)   Ru115  1.200E+01       Tc117   (b-)   Ru117  7.700E+01       Tc117  (b-n)   Ru116  2.300E+01       Tc118   (b-)   Ru118  8.300E+01
   Tc118  (b-n)   Ru117  1.700E+01       Tc119   (b-)   Ru119  1.000E+02       Tc120   (b-)   Ru120  1.000E+02       Ru103   (b-)   Rh103  1.170E+00
   Ru103   (b-)   Rh103m 9.883E+01       Ru103m  (IT)   Ru103  1.000E+02       Ru105   (b-)   Rh105  7.170E+01       Ru105   (b-)   Rh105m 2.830E+01
   Ru106   (b-)   Rh106  1.000E+02       Ru107   (b-)   Rh107  1.000E+02       Ru108   (b-)   Rh108  1.000E+02       Ru109   (b-)   Rh109  1.000E+02
   Ru110   (b-)   Rh110m 1.000E+02       Ru111   (b-)   Rh111  1.000E+02       Ru112   (b-)   Rh112  1.000E+02       Ru113   (b-)   Rh113  1.000E+02
   Ru113m  (b-)   Rh113  9.200E+01       Ru113m  (IT)   Ru113  8.000E+00       Ru114   (b-)   Rh114  1.000E+02       Ru115   (b-)   Rh115  1.000E+02
   Ru115  (b-n)   Rh114  3.000E-03       Ru116   (b-)   Rh116  9.995E+01       Ru116  (b-n)   Rh115  5.300E-02       Ru117   (b-)   Rh117  9.971E+01
   Ru117  (b-n)   Rh116  2.900E-01       Ru118   (b-)   Rh118  9.900E+01       Ru118  (b-n)   Rh117  1.000E+00       Ru119   (b-)   Rh119  9.830E+01
   Ru119  (b-n)   Rh118  1.700E+00       Ru120   (b-)   Rh120  9.740E+01       Ru120  (b-n)   Rh119  2.600E+00       Ru121   (b-)   Rh121  1.000E+02
   Ru122   (b-)   Rh122  1.000E+02       Ru123   (b-)   Rh123  1.000E+02       Ru124   (b-)   Rh124  1.000E+02       Rh100   (b+)   Ru100  1.000E+02
   Rh100m  (b+)   Ru100  1.700E+00       Rh100m  (IT)   Rh100  9.830E+01       Rh101   (b+)   Ru101  1.000E+02       Rh101m  (b+)   Ru101  9.280E+01
   Rh101m  (IT)   Rh101  7.200E+00       Rh102   (b-)   Pd102  2.200E+01       Rh102   (b+)   Ru102  7.800E+01       Rh102m  (b+)   Ru102  9.977E+01
   Rh102m  (IT)   Rh102  2.330E-01       Rh103m  (IT)   Rh103  1.000E+02       Rh104   (b-)   Pd104  9.955E+01       Rh104   (b+)   Ru104  4.500E-01
   Rh104m  (b-)   Pd104  1.300E-01       Rh104m  (IT)   Rh104  9.987E+01       Rh105   (b-)   Pd105  1.000E+02       Rh105m  (IT)   Rh105  1.000E+02
   Rh106   (b-)   Pd106  1.000E+02       Rh106m  (b-)   Pd106  1.000E+02       Rh107   (b-)   Pd107  1.000E+02       Rh108   (b-)   Pd108  1.000E+02
   Rh108m  (b-)   Pd108  1.000E+02       Rh109   (b-)   Pd109  1.000E+02       Rh110   (b-)   Pd110  1.000E+02       Rh110m  (b-)   Pd110  1.000E+02
   Rh111   (b-)   Pd111  1.000E+02       Rh112   (b-)   Pd112  1.000E+02       Rh112m  (b-)   Pd112  1.000E+02       Rh113   (b-)   Pd113  8.210E+01
   Rh113   (b-)   Pd113m 1.790E+01       Rh114   (b-)   Pd114  1.000E+02       Rh114m  (b-)   Pd114  1.000E+02       Rh115   (b-)   Pd115  8.393E+01
   Rh115   (b-)   Pd115m 1.599E+01       Rh115  (b-n)   Pd114  8.300E-02       Rh116   (b-)   Pd116  9.994E+01       Rh116  (b-n)   Pd115  5.700E-02
   Rh116m  (b-)   Pd116  1.000E+02       Rh117   (b-)   Pd117  9.840E+01       Rh117  (b-n)   Pd116  1.600E+00       Rh118   (b-)   Pd118  9.690E+01
   Rh118  (b-n)   Pd117  3.100E+00       Rh119   (b-)   Pd119  9.360E+01       Rh119  (b-n)   Pd118  6.400E+00       Rh120   (b-)   Pd120  9.460E+01
   Rh120  (b-n)   Pd119  5.400E+00       Rh121   (b-)   Pd121  8.900E+01       Rh121  (b-n)   Pd120  1.100E+01       Rh122   (b-)   Pd122  9.090E+01
   Rh122  (b-n)   Pd121  9.100E+00       Rh123   (b-)   Pd123  1.000E+02       Rh124   (b-)   Pd124  1.000E+02       Rh125   (b-)   Pd125  1.000E+02
   Rh126   (b-)   Pd126  1.000E+02       Rh127   (b-)   Pd127  1.000E+02       Rh128   (b-)   Pd128  1.000E+02       Pd103   (b+)   Rh103  8.600E-02
   Pd103   (b+)   Rh103m 9.991E+01       Pd107   (b-)   Ag107  1.000E+02       Pd107m  (IT)   Pd107  1.000E+02       Pd109   (b-)   Ag109  5.000E-02
   Pd109   (b-)   Ag109m 9.995E+01       Pd109m  (IT)   Pd109  1.000E+02       Pd111   (b-)   Ag111  8.100E-01       Pd111   (b-)   Ag111m 9.919E+01
   Pd111m  (b-)   Ag111  1.200E+01       Pd111m  (b-)   Ag111m 1.500E+01       Pd111m  (IT)   Pd111  7.300E+01       Pd112   (b-)   Ag112  1.000E+02
   Pd113   (b-)   Ag113  3.300E+00       Pd113   (b-)   Ag113m 9.670E+01       Pd113m  (IT)   Pd113  1.000E+02       Pd114   (b-)   Ag114  1.000E+02
   Pd115   (b-)   Ag115  7.300E+01       Pd115   (b-)   Ag115m 2.700E+01       Pd115m  (b-)   Ag115  9.000E+00       Pd115m  (b-)   Ag115m 8.300E+01
   Pd115m  (IT)   Pd115  8.000E+00       Pd116   (b-)   Ag116  1.000E+02       Pd117   (b-)   Ag117  1.000E+02       Pd117m  (IT)   Pd117  1.000E+02
   Pd118   (b-)   Ag118  8.560E+01       Pd118   (b-)   Ag118m 1.440E+01       Pd119   (b-)   Ag119  6.000E+01       Pd119   (b-)   Ag119m 4.000E+01
   Pd120   (b-)   Ag120  1.000E+02       Pd121   (b-)   Ag121  9.920E+01       Pd121  (b-n)   Ag120  8.000E-01       Pd122   (b-)   Ag122  9.750E+01
   Pd122  (b-n)   Ag121  2.500E+00       Pd123   (b-)   Ag123  9.978E+01       Pd123  (b-n)   Ag122  2.200E-01       Pd124   (b-)   Ag124  9.945E+01
   Pd124  (b-n)   Ag123  5.500E-01       Pd125   (b-)   Ag125  1.000E+02       Pd126   (b-)   Ag126  1.000E+02       Pd127   (b-)   Ag127  1.000E+02
   Pd128   (b-)   Ag128  1.000E+02       Pd129   (b-)   Ag129  1.000E+02       Pd130   (b-)   Ag130  1.000E+02       Pd131   (b-)   Ag131  1.000E+02
   Ag105   (b+)   Pd105  1.000E+02       Ag105m  (b+)   Pd105  3.400E-01       Ag105m  (IT)   Ag105  9.966E+01       Ag106   (b+)   Pd106  1.000E+02
   Ag106m  (b+)   Pd106  1.000E+02       Ag107m  (IT)   Ag107  1.000E+02       Ag108   (b-)   Cd108  9.715E+01       Ag108   (b+)   Pd108  2.850E+00
   Ag108m  (b+)   Pd108  9.130E+01       Ag108m  (IT)   Ag108  8.700E+00       Ag109m  (IT)   Ag109  1.000E+02       Ag110   (b-)   Cd110  9.970E+01
   Ag110   (b+)   Pd110  3.000E-01       Ag110m  (b-)   Cd110  9.864E+01       Ag110m  (IT)   Ag110  1.360E+00       Ag111   (b-)   Cd111  1.000E+02
   Ag111m  (b-)   Cd111  7.000E-01       Ag111m  (IT)   Ag111  9.930E+01       Ag112   (b-)   Cd112  1.000E+02       Ag113   (b-)   Cd113  9.840E+01
   Ag113   (b-)   Cd113m 1.600E+00       Ag113m  (b-)   Cd113  3.600E+01       Ag113m  (IT)   Ag113  6.400E+01       Ag114   (b-)   Cd114  1.000E+02
   Ag114m  (IT)   Ag114  1.000E+02       Ag115   (b-)   Cd115  9.450E+01       Ag115   (b-)   Cd115m 5.500E+00       Ag115m  (b-)   Cd115  7.550E+01
   Ag115m  (b-)   Cd115m 3.500E+00       Ag115m  (IT)   Ag115  2.100E+01       Ag116   (b-)   Cd116  1.000E+02       Ag116m  (b-)   Cd116  9.300E+01
   Ag116m  (IT)   Ag116  7.000E+00       Ag116n  (b-)   Cd116  9.200E+01       Ag116n  (IT)   Ag116  8.000E+00       Ag117   (b-)   Cd117  8.620E+01
   Ag117   (b-)   Cd117m 1.380E+01       Ag117m  (b-)   Cd117  6.510E+01       Ag117m  (b-)   Cd117m 2.890E+01       Ag117m  (IT)   Ag117  6.000E+00
   Ag118   (b-)   Cd118  1.000E+02       Ag118m  (b-)   Cd118  5.900E+01       Ag118m  (IT)   Ag118  4.100E+01       Ag119   (b-)   Cd119  7.300E+01
   Ag119   (b-)   Cd119m 2.700E+01       Ag119m  (b-)   Cd119  1.000E+02       Ag120   (b-)   Cd120  1.000E+02       Ag120  (b-n)   Cd119  3.000E-03
   Ag120m  (b-)   Cd120  6.300E+01       Ag120m  (IT)   Ag120  3.700E+01       Ag121   (b-)   Cd121  8.953E+01       Ag121   (b-)   Cd121m 1.039E+01
   Ag121  (b-n)   Cd120  7.600E-02       Ag122   (b-)   Cd122  9.981E+01       Ag122  (b-n)   Cd121  1.860E-01       Ag122m  (b-)   Cd122  1.000E+02
   Ag123   (b-)   Cd123  8.145E+01       Ag123   (b-)   Cd123m 1.800E+01       Ag123  (b-n)   Cd122  5.500E-01       Ag124   (b-)   Cd124  9.870E+01
   Ag124  (b-n)   Cd123  1.300E+00       Ag125   (b-)   Cd125  9.490E+01       Ag125  (b-n)   Cd124  5.100E+00       Ag126   (b-)   Cd126  9.670E+01
   Ag126  (b-n)   Cd125  3.300E+00       Ag127   (b-)   Cd127  8.800E+01       Ag127  (b-n)   Cd126  1.200E+01       Ag128   (b-)   Cd128  9.490E+01
   Ag128  (b-n)   Cd127  5.100E+00       Ag129   (b-)   Cd129  8.800E+01       Ag129  (b-n)   Cd128  1.200E+01       Ag130   (b-)   Cd130  8.100E+01
   Ag130  (b-n)   Cd129  1.900E+01       Ag131   (b-)   Cd131  3.200E+01       Ag131  (b-n)   Cd130  6.800E+01       Ag132   (b-)   Cd132  3.900E+01
   Ag132  (b-n)   Cd131  6.100E+01       Ag133   (b-)   Cd133  1.000E+02       Cd109   (b+)   Ag109m 1.000E+02       Cd111m  (IT)   Cd111  1.000E+02
   Cd113   (b-)   In113  1.000E+02       Cd113m  (b-)   In113  9.986E+01       Cd113m  (IT)   Cd113  1.400E-01       Cd115   (b-)   In115m 1.000E+02
   Cd115m  (b-)   In115  9.999E+01       Cd115m  (b-)   In115m 1.100E-02       Cd117   (b-)   In117  8.500E+00       Cd117   (b-)   In117m 9.150E+01
   Cd117m  (b-)   In117  9.901E+01       Cd117m  (b-)   In117m 9.900E-01       Cd118   (b-)   In118  1.000E+02       Cd119   (b-)   In119  9.700E+00
   Cd119   (b-)   In119m 9.030E+01       Cd119m  (b-)   In119  9.975E+01       Cd119m  (b-)   In119m 2.500E-01       Cd120   (b-)   In120  1.000E+02
   Cd121   (b-)   In121  3.370E+01       Cd121   (b-)   In121m 6.630E+01       Cd121m  (b-)   In121  1.000E+02       Cd122   (b-)   In122  1.000E+02
   Cd123   (b-)   In123  3.120E+01       Cd123   (b-)   In123m 6.880E+01       Cd123m  (b-)   In123  9.840E+01       Cd123m  (b-)   In123m 1.600E+00
   Cd124   (b-)   In124  1.000E+02       Cd125   (b-)   In125  4.640E+01       Cd125   (b-)   In125m 5.360E+01       Cd125m  (b-)   In125  1.000E+02
   Cd126   (b-)   In126  1.000E+02       Cd127   (b-)   In127  7.998E+01       Cd127   (b-)   In127m 2.000E+01       Cd127  (b-n)   In126  1.900E-02
   Cd128   (b-)   In128  9.992E+01       Cd128  (b-n)   In127m 7.900E-02       Cd129   (b-)   In129m 9.923E+01       Cd129  (b-n)   In128  7.700E-01
   Cd130   (b-)   In130  9.650E+01       Cd130  (b-n)   In129m 3.500E+00       Cd131   (b-)   In131  9.650E+01       Cd131  (b-n)   In130  3.500E+00
   Cd132   (b-)   In132  4.000E+01       Cd132  (b-n)   In131m 6.000E+01       Cd133   (b-)   In133  7.300E+01       Cd133  (b-n)   In132  2.700E+01
   Cd134   (b-)   In134  6.300E+01       Cd134  (b-n)   In133  3.700E+01       Cd135   (b-)   In135  6.400E+01       Cd135  (b-n)   In134  3.600E+01
   Cd136   (b-)   In136  5.600E+01       Cd136  (b-n)   In135  4.400E+01       In110   (b+)   Cd110  1.000E+02       In110m  (b+)   Cd110  1.000E+02
   In111   (b+)   Cd111  1.000E+02       In111   (b+)   Cd111m 5.000E-03       In111m  (IT)   In111  1.000E+02       In112   (b-)   Sn112  4.400E+01
   In112   (b+)   Cd112  5.600E+01       In112m  (IT)   In112  1.000E+02       In113m  (IT)   In113  1.000E+02       In114   (b-)   Sn114  9.950E+01
   In114   (b+)   Cd114  5.000E-01       In114m  (b+)   Cd114  3.250E+00       In114m  (IT)   In114  9.675E+01       In114n  (IT)   In114m 1.000E+02
   In115   (b-)   Sn115  1.000E+02       In115m  (b-)   Sn115  5.000E+00       In115m  (IT)   In115  9.500E+01       In116   (b-)   Sn116  9.998E+01
   In116   (b+)   Cd116  2.300E-02       In116m  (b-)   Sn116  1.000E+02       In116n  (IT)   In116  1.000E+02       In117   (b-)   Sn117  9.963E+01
   In117   (b-)   Sn117m 3.700E-01       In117m  (b-)   Sn117  5.290E+01       In117m  (IT)   In117  4.710E+01       In118   (b-)   Sn118  1.000E+02
   In118m  (b-)   Sn118  1.000E+02       In118n  (b-)   Sn118  1.400E+00       In118n  (IT)   In118m 9.860E+01       In119   (b-)   Sn119  9.260E+01
   In119   (b-)   Sn119m 7.400E+00       In119m  (b-)   Sn119  9.560E+01       In119m  (IT)   In119  4.400E+00       In120   (b-)   Sn120  1.000E+02
   In120m  (b-)   Sn120  1.000E+02       In120n  (b-)   Sn120  1.000E+02       In121   (b-)   Sn121  8.870E+01       In121   (b-)   Sn121m 1.130E+01
   In121m  (b-)   Sn121  9.880E+01       In121m  (IT)   In121  1.200E+00       In122   (b-)   Sn122  1.000E+02       In122m  (b-)   Sn122  1.000E+02
   In122n  (b-)   Sn122  1.000E+02       In123   (b-)   Sn123  3.200E+00       In123   (b-)   Sn123m 9.680E+01       In123m  (b-)   Sn123m 1.000E+02
   In124   (b-)   Sn124  1.000E+02       In124m  (b-)   Sn124  1.000E+02       In125   (b-)   Sn125  1.680E+01       In125   (b-)   Sn125m 8.320E+01
   In125m  (b-)   Sn125m 1.000E+02       In126   (b-)   Sn126  1.000E+02       In126m  (b-)   Sn126  1.000E+02       In127   (b-)   Sn127  2.138E+01
   In127   (b-)   Sn127m 7.859E+01       In127  (b-n)   Sn126  3.000E-02       In127m  (b-)   Sn127  9.891E+01       In127m  (b-)   Sn127m 4.000E-01
   In127m (b-n)   Sn126  6.900E-01       In127n  (b-)   Sn127  1.000E+02       In128   (b-)   Sn128  9.995E+01       In128  (b-n)   Sn127m 4.600E-02
   In128m  (b-)   Sn128  4.800E+01       In128m  (b-)   Sn128m 5.200E+01       In129   (b-)   Sn129  7.511E+01       In129   (b-)   Sn129m 2.464E+01
   In129  (b-n)   Sn128m 2.500E-01       In129m  (b-)   Sn129  9.540E+01       In129m  (b-)   Sn129m 2.100E+00       In129m (b-n)   Sn128  2.500E+00
   In129n  (b-)   Sn129m 1.000E+02       In130   (b-)   Sn130  7.926E+01       In130   (b-)   Sn130m 1.981E+01       In130  (b-n)   Sn129  9.300E-01
   In130m  (b-)   Sn130m 1.000E+02       In130n  (b-)   Sn130  8.940E+01       In130n  (b-)   Sn130m 8.950E+00       In130n (b-n)   Sn129m 1.650E+00
   In131   (b-)   Sn131  7.890E+01       In131   (b-)   Sn131m 2.010E+01       In131  (b-n)   Sn130m 1.000E+00       In131m  (b-)   Sn131  9.900E+01
   In131m (b-n)   Sn130  1.000E+00       In131n  (b-)   Sn131m 9.997E+01       In131n (b-n)   Sn130m 3.000E-02       In132   (b-)   Sn132  9.370E+01
   In132  (b-n)   Sn131m 6.300E+00       In133   (b-)   Sn133  1.500E+01       In133  (b-n)   Sn132  8.500E+01       In134   (b-)   Sn134  3.500E+01
   In134  (b-n)   Sn133  6.500E+01       In135   (b-)   Sn135  2.900E+01       In135  (b-n)   Sn134  7.100E+01       In136   (b-)   Sn136  4.300E+01
   In136  (b-n)   Sn135  5.700E+01       In137   (b-)   Sn137  2.100E+01       In137  (b-n)   Sn136  7.900E+01       In138   (b-)   Sn138  1.000E+02
   Sn113   (b+)   In113  4.000E-06       Sn113   (b+)   In113m 1.000E+02       Sn113m  (b+)   In113  8.900E+00       Sn113m  (IT)   Sn113  9.110E+01
   Sn117m  (IT)   Sn117  1.000E+02       Sn119m  (IT)   Sn119  1.000E+02       Sn121   (b-)   Sb121  1.000E+02       Sn121m  (b-)   Sb121  2.240E+01
   Sn121m  (IT)   Sn121  7.760E+01       Sn123   (b-)   Sb123  1.000E+02       Sn123m  (b-)   Sb123  1.000E+02       Sn125   (b-)   Sb125  1.000E+02
   Sn125m  (b-)   Sb125  1.000E+02       Sn126   (b-)   Sb126m 3.200E+01       Sn126   (b-)   Sb126n 6.800E+01       Sn127   (b-)   Sb127  1.000E+02
   Sn127m  (b-)   Sb127  1.000E+02       Sn128   (b-)   Sb128m 1.000E+02       Sn128m  (IT)   Sn128  1.000E+02       Sn129   (b-)   Sb129  1.000E+02
   Sn129m  (b-)   Sb129  9.780E+01       Sn129m  (b-)   Sb129m 2.200E+00       Sn130   (b-)   Sb130m 1.000E+02       Sn130m  (b-)   Sb130  8.600E+01
   Sn130m  (b-)   Sb130m 1.400E+01       Sn131   (b-)   Sb131  1.000E+02       Sn131m  (b-)   Sb131  1.000E+02       Sn132   (b-)   Sb132  1.000E+02
   Sn133   (b-)   Sb133  9.992E+01       Sn133  (b-n)   Sb132  8.000E-02       Sn134   (b-)   Sb134  8.300E+01       Sn134  (b-n)   Sb133  1.700E+01
   Sn135   (b-)   Sb135  7.900E+01       Sn135  (b-n)   Sb134  2.100E+01       Sn136   (b-)   Sb136  7.000E+01       Sn136  (b-n)   Sb135  3.000E+01
   Sn137   (b-)   Sb137  4.200E+01       Sn137  (b-n)   Sb136  5.800E+01       Sn138   (b-)   Sb138  6.800E+01       Sn138  (b-n)   Sb137  3.200E+01
   Sn139   (b-)   Sb139  8.100E+01       Sn139  (b-n)   Sb138  1.900E+01       Sn140   (b-)   Sb140  7.200E+01       Sn140  (b-n)   Sb139  2.800E+01
   Sb116   (b+)   Sn116  1.000E+02       Sb116m  (b+)   Sn116  1.000E+02       Sb117   (b+)   Sn117  1.000E+02       Sb118   (b+)   Sn118  1.000E+02
   Sb118m  (b+)   Sn118  1.000E+02       Sb119   (b+)   Sn119  1.000E+02       Sb120   (b+)   Sn120  1.000E+02       Sb120m  (b+)   Sn120  1.000E+02
   Sb122   (b-)   Te122  9.759E+01       Sb122   (b+)   Sn122  2.410E+00       Sb122m  (IT)   Sb122  1.000E+02       Sb122n  (IT)   Sb122m 1.000E+02
   Sb124   (b-)   Te124  1.000E+02       Sb124m  (b-)   Te124  2.500E+01       Sb124m  (IT)   Sb124  7.500E+01       Sb124n  (IT)   Sb124m 1.000E+02
   Sb125   (b-)   Te125  7.820E+01       Sb125   (b-)   Te125m 2.180E+01       Sb126   (b-)   Te126  1.000E+02       Sb126m  (b-)   Te126  8.600E+01
   Sb126m  (IT)   Sb126  1.400E+01       Sb126n  (IT)   Sb126m 1.000E+02       Sb127   (b-)   Te127  8.350E+01       Sb127   (b-)   Te127m 1.650E+01
   Sb128   (b-)   Te128  1.000E+02       Sb128m  (b-)   Te128  9.640E+01       Sb128m  (IT)   Sb128  3.600E+00       Sb129   (b-)   Te129  7.800E+01
   Sb129   (b-)   Te129m 2.200E+01       Sb129m  (b-)   Te129  2.900E+00       Sb129m  (b-)   Te129m 8.210E+01       Sb129m  (IT)   Sb129  1.500E+01
   Sb130   (b-)   Te130  1.000E+02       Sb130m  (b-)   Te130  1.000E+02       Sb131   (b-)   Te131  9.350E+01       Sb131   (b-)   Te131m 6.500E+00
   Sb132   (b-)   Te132  1.000E+02       Sb132m  (b-)   Te132  1.000E+02       Sb133   (b-)   Te133  8.300E+01       Sb133   (b-)   Te133m 1.700E+01
   Sb134   (b-)   Te134  9.999E+01       Sb134  (b-n)   Te133  1.400E-02       Sb134m  (b-)   Te134  9.991E+01       Sb134m (b-n)   Te133m 8.800E-02
   Sb135   (b-)   Te135  7.800E+01       Sb135  (b-n)   Te134  2.200E+01       Sb136   (b-)   Te136  8.370E+01       Sb136  (b-n)   Te135  1.630E+01
   Sb137   (b-)   Te137  5.100E+01       Sb137  (b-n)   Te136  4.900E+01       Sb138   (b-)   Te138  7.200E+01       Sb138  (b-n)   Te137  2.800E+01
   Sb139   (b-)   Te139  6.500E+01       Sb139  (b-n)   Te138  3.500E+01       Sb140   (b-)   Te140  6.400E+01       Sb140  (b-n)   Te139  3.600E+01
   Sb141   (b-)   Te141  3.500E+01       Sb141  (b-n)   Te140  6.500E+01       Sb142   (b-)   Te142  5.900E+01       Sb142  (b-n)   Te141  4.100E+01
   Sb143   (b-)   Te143  3.700E+01       Sb143  (b-n)   Te142  6.300E+01       Te119   (b+)   Sb119  1.000E+02       Te119m  (b+)   Sb119  1.000E+02
   Te121   (b+)   Sb121  1.000E+02       Te121m  (b+)   Sb121  1.140E+01       Te121m  (IT)   Te121  8.860E+01       Te123   (b+)   Sb123  1.000E+02
   Te123m  (IT)   Te123  1.000E+02       Te125m  (IT)   Te125  1.000E+02       Te127   (b-)   I 127  1.000E+02       Te127m  (b-)   I 127  2.400E+00
   Te127m  (IT)   Te127  9.760E+01       Te129   (b-)   I 129  1.000E+02       Te129m  (b-)   I 129  3.600E+01       Te129m  (IT)   Te129  6.400E+01
   Te131   (b-)   I 131  1.000E+02       Te131m  (b-)   I 131  7.410E+01       Te131m  (IT)   Te131  2.590E+01       Te132   (b-)   I 132  1.000E+02
   Te133   (b-)   I 133  1.000E+02       Te133m  (b-)   I 133  7.293E+01       Te133m  (b-)   I 133m 9.068E+00       Te133m  (IT)   Te133  1.800E+01
   Te134   (b-)   I 134  1.000E+02       Te135   (b-)   I 135  1.000E+02       Te136   (b-)   I 136  9.869E+01       Te136  (b-n)   I 135  1.310E+00
   Te137   (b-)   I 137  9.701E+01       Te137  (b-n)   I 136m 2.990E+00       Te138   (b-)   I 138  9.370E+01       Te138  (b-n)   I 137  6.300E+00
   Te139   (b-)   I 139  9.670E+01       Te139  (b-n)   I 138  3.300E+00       Te140   (b-)   I 140  9.610E+01       Te140  (b-n)   I 139  3.900E+00
   Te141   (b-)   I 141  9.510E+01       Te141  (b-n)   I 140  4.900E+00       Te142   (b-)   I 142  9.260E+01       Te142  (b-n)   I 141  7.400E+00
   Te143   (b-)   I 143  9.000E+01       Te143  (b-n)   I 142  1.000E+01       Te144   (b-)   I 144  8.500E+01       Te144  (b-n)   I 143  1.500E+01
   Te145   (b-)   I 145  8.500E+01       Te145  (b-n)   I 144  1.500E+01       I 122   (b+)   Te122  1.000E+02       I 123   (b+)   Te123  1.000E+02
   I 123   (b+)   Te123m 5.000E-03       I 124   (b+)   Te124  1.000E+02       I 125   (b+)   Te125  1.000E+02       I 126   (b-)   Xe126  4.730E+01
   I 126   (b+)   Te126  5.270E+01       I 128   (b-)   Xe128  9.310E+01       I 128   (b+)   Te128  6.900E+00       I 129   (b-)   Xe129  1.000E+02
   I 130   (b-)   Xe130  1.000E+02       I 130m  (b-)   Xe130  1.600E+01       I 130m  (IT)   I 130  8.400E+01       I 131   (b-)   Xe131  9.890E+01
   I 131   (b-)   Xe131m 1.100E+00       I 132   (b-)   Xe132  1.000E+02       I 132m  (b-)   Xe132  1.400E+01       I 132m  (IT)   I 132  8.600E+01
   I 133   (b-)   Xe133  9.710E+01       I 133   (b-)   Xe133m 2.900E+00       I 133m  (IT)   I 133  1.000E+02       I 134   (b-)   Xe134  1.000E+02
   I 134m  (b-)   Xe134m 2.300E+00       I 134m  (IT)   I 134  9.770E+01       I 135   (b-)   Xe135  8.340E+01       I 135   (b-)   Xe135m 1.660E+01
   I 136   (b-)   Xe136  1.000E+02       I 136m  (b-)   Xe136  1.000E+02       I 137   (b-)   Xe137  9.286E+01       I 137  (b-n)   Xe136  7.140E+00
   I 138   (b-)   Xe138  9.444E+01       I 138  (b-n)   Xe137  5.560E+00       I 139   (b-)   Xe139  8.970E+01       I 139  (b-n)   Xe138  1.030E+01
   I 140   (b-)   Xe140  9.070E+01       I 140  (b-n)   Xe139  9.300E+00       I 141   (b-)   Xe141  7.880E+01       I 141  (b-n)   Xe140  2.120E+01
   I 142   (b-)   Xe142  7.500E+01       I 142  (b-n)   Xe141  2.500E+01       I 143   (b-)   Xe143  7.900E+01       I 143  (b-n)   Xe142  2.100E+01
   I 144   (b-)   Xe144  8.300E+01       I 144  (b-n)   Xe143  1.700E+01       I 145   (b-)   Xe145  6.100E+01       I 145  (b-n)   Xe144  3.900E+01
   I 146   (b-)   Xe146  7.600E+01       I 146  (b-n)   Xe145  2.400E+01       I 147   (b-)   Xe147  5.800E+01       I 147  (b-n)   Xe146  4.200E+01
   I 148   (b-)   Xe148  6.300E+01       I 148  (b-n)   Xe147  3.700E+01       Xe125   (b+)   I 125  1.000E+02       Xe125m  (IT)   Xe125  1.000E+02
   Xe127   (b+)   I 127  1.000E+02       Xe127m  (IT)   Xe127  1.000E+02       Xe129m  (IT)   Xe129  1.000E+02       Xe131m  (IT)   Xe131  1.000E+02
   Xe132m  (IT)   Xe132  1.000E+02       Xe133   (b-)   Cs133  1.000E+02       Xe133m  (IT)   Xe133  1.000E+02       Xe134m  (IT)   Xe134  1.000E+02
   Xe135   (b-)   Cs135  1.000E+02       Xe135m  (b-)   Cs135  3.000E-01       Xe135m  (IT)   Xe135  9.970E+01       Xe137   (b-)   Cs137  1.000E+02
   Xe138   (b-)   Cs138  1.000E+02       Xe139   (b-)   Cs139  1.000E+02       Xe140   (b-)   Cs140  1.000E+02       Xe141   (b-)   Cs141  9.996E+01
   Xe141  (b-n)   Cs140  4.400E-02       Xe142   (b-)   Cs142  9.959E+01       Xe142  (b-n)   Cs141  4.060E-01       Xe143   (b-)   Cs143  9.967E+01
   Xe143  (b-n)   Cs142  3.300E-01       Xe144   (b-)   Cs144  9.935E+01       Xe144  (b-n)   Cs143  6.500E-01       Xe145   (b-)   Cs145  9.500E+01
   Xe145  (b-n)   Cs144  5.000E+00       Xe146   (b-)   Cs146  9.800E+01       Xe146  (b-n)   Cs145  2.000E+00       Xe147   (b-)   Cs147  9.200E+01
   Xe147  (b-n)   Cs146  8.000E+00       Xe148   (b-)   Cs148  9.380E+01       Xe148  (b-n)   Cs147  6.200E+00       Xe149   (b-)   Cs149  9.080E+01
   Xe149  (b-n)   Cs148  9.200E+00       Xe150   (b-)   Cs150  8.900E+01       Xe150  (b-n)   Cs149  1.100E+01       Cs128   (b+)   Xe128  1.000E+02
   Cs129   (b+)   Xe129  1.000E+02       Cs130   (b-)   Ba130  1.600E+00       Cs130   (b+)   Xe130  9.840E+01       Cs130m  (b+)   Xe130  1.600E-01
   Cs130m  (IT)   Cs130  9.984E+01       Cs131   (b+)   Xe131  1.000E+02       Cs132   (b-)   Ba132  1.870E+00       Cs132   (b+)   Xe132  9.813E+01
   Cs134   (b-)   Ba134  1.000E+02       Cs134   (b+)   Xe134  3.000E-04       Cs134m  (IT)   Cs134  1.000E+02       Cs135   (b-)   Ba135  1.000E+02
   Cs135m  (IT)   Cs135  1.000E+02       Cs136   (b-)   Ba136  7.500E+01       Cs136   (b-)   Ba136m 2.500E+01       Cs136m  (b-)   Ba136m 5.000E+01
   Cs136m  (IT)   Cs136  5.000E+01       Cs137   (b-)   Ba137  5.300E+00       Cs137   (b-)   Ba137m 9.470E+01       Cs138   (b-)   Ba138  1.000E+02
   Cs138m  (b-)   Ba138  1.900E+01       Cs138m  (IT)   Cs138  8.100E+01       Cs139   (b-)   Ba139  1.000E+02       Cs140   (b-)   Ba140  1.000E+02
   Cs141   (b-)   Ba141  9.997E+01       Cs141  (b-n)   Ba140  3.400E-02       Cs142   (b-)   Ba142  9.991E+01       Cs142  (b-n)   Ba141  9.000E-02
   Cs143   (b-)   Ba143  9.836E+01       Cs143  (b-n)   Ba142  1.640E+00       Cs144   (b-)   Ba144  9.697E+01       Cs144  (b-n)   Ba143  3.030E+00
   Cs145   (b-)   Ba145  8.530E+01       Cs145  (b-n)   Ba144  1.470E+01       Cs146   (b-)   Ba146  8.580E+01       Cs146  (b-n)   Ba145  1.420E+01
   Cs147   (b-)   Ba147  7.150E+01       Cs147  (b-n)   Ba146  2.850E+01       Cs148   (b-)   Ba148  7.490E+01       Cs148  (b-n)   Ba147  2.510E+01
   Cs149   (b-)   Ba149  8.100E+01       Cs149  (b-n)   Ba148  1.900E+01       Cs150   (b-)   Ba150  8.000E+01       Cs150  (b-n)   Ba149  2.000E+01
   Cs151   (b-)   Ba151  7.200E+01       Cs151  (b-n)   Ba150  2.800E+01       Cs152   (b-)   Ba152  7.300E+01       Cs152  (b-n)   Ba151  2.700E+01
   Ba131   (b+)   Cs131  1.000E+02       Ba131m  (IT)   Ba131  1.000E+02       Ba133   (b+)   Cs133  1.000E+02       Ba133m  (b+)   Cs133  9.600E-03
   Ba133m  (IT)   Ba133  9.999E+01       Ba135m  (IT)   Ba135  1.000E+02       Ba136m  (IT)   Ba136  1.000E+02       Ba137m  (IT)   Ba137  1.000E+02
   Ba139   (b-)   La139  1.000E+02       Ba140   (b-)   La140  1.000E+02       Ba141   (b-)   La141  1.000E+02       Ba142   (b-)   La142  1.000E+02
   Ba143   (b-)   La143  1.000E+02       Ba144   (b-)   La144  1.000E+02       Ba145   (b-)   La145  1.000E+02       Ba146   (b-)   La146  1.000E+02
   Ba147   (b-)   La147  9.994E+01       Ba147  (b-n)   La146  6.000E-02       Ba148   (b-)   La148  9.960E+01       Ba148  (b-n)   La147  4.000E-01
   Ba149   (b-)   La149  9.957E+01       Ba149  (b-n)   La148  4.300E-01       Ba150   (b-)   La150  9.900E+01       Ba150  (b-n)   La149  1.000E+00
   Ba151   (b-)   La151  9.820E+01       Ba151  (b-n)   La150  1.800E+00       Ba152   (b-)   La152  9.720E+01       Ba152  (b-n)   La151  2.800E+00
   Ba153   (b-)   La153  9.530E+01       Ba153  (b-n)   La152  4.700E+00       Ba154   (b-)   La154  9.360E+01       Ba154  (b-n)   La153  6.400E+00
   La133   (b+)   Ba133  9.997E+01       La133   (b+)   Ba133m 3.000E-02       La134   (b+)   Ba134  1.000E+02       La135   (b+)   Ba135  1.000E+02
   La135   (b+)   Ba135m 5.000E-07       La136   (b+)   Ba136  1.000E+02       La136m  (IT)   La136  1.000E+02       La137   (b+)   Ba137  1.000E+02
   La138   (b-)   Ce138  3.440E+01       La138   (b+)   Ba138  6.560E+01       La140   (b-)   Ce140  1.000E+02       La141   (b-)   Ce141  1.000E+02
   La142   (b-)   Ce142  1.000E+02       La143   (b-)   Ce143  1.000E+02       La144   (b-)   Ce144  1.000E+02       La145   (b-)   Ce145  1.000E+02
   La146   (b-)   Ce146  1.000E+02       La146m  (b-)   Ce146  1.000E+02       La147   (b-)   Ce147  9.996E+01       La147  (b-n)   Ce146  4.100E-02
   La148   (b-)   Ce148  9.985E+01       La148  (b-n)   Ce147  1.500E-01       La149   (b-)   Ce149  9.857E+01       La149  (b-n)   Ce148  1.430E+00
   La150   (b-)   Ce150  9.730E+01       La150  (b-n)   Ce149  2.700E+00       La151   (b-)   Ce151  9.810E+01       La151  (b-n)   Ce150  1.900E+00
   La152   (b-)   Ce152  9.690E+01       La152  (b-n)   Ce151  3.100E+00       La153   (b-)   Ce153  9.250E+01       La153  (b-n)   Ce152  7.500E+00
   La154   (b-)   Ce154  9.070E+01       La154  (b-n)   Ce153  9.300E+00       La155   (b-)   Ce155  8.200E+01       La155  (b-n)   Ce154  1.800E+01
   La156   (b-)   Ce156  8.100E+01       La156  (b-n)   Ce155  1.900E+01       La157   (b-)   Ce157  1.000E+02       Ce135   (b+)   La135  1.000E+02
   Ce135m  (IT)   Ce135  1.000E+02       Ce137   (b+)   La137  1.000E+02       Ce137m  (b+)   La137  7.900E-01       Ce137m  (IT)   Ce137  9.921E+01
   Ce138m  (IT)   Ce138  1.000E+02       Ce139   (b+)   La139  1.000E+02       Ce139m  (IT)   Ce139  1.000E+02       Ce141   (b-)   Pr141  1.000E+02
   Ce143   (b-)   Pr143  1.000E+02       Ce144   (b-)   Pr144  9.973E+01       Ce144   (b-)   Pr144m 2.700E-01       Ce145   (b-)   Pr145  1.000E+02
   Ce146   (b-)   Pr146  1.000E+02       Ce147   (b-)   Pr147  1.000E+02       Ce148   (b-)   Pr148  1.000E+02       Ce149   (b-)   Pr149  1.000E+02
   Ce150   (b-)   Pr150  1.000E+02       Ce151   (b-)   Pr151  1.000E+02       Ce151m  (b-)   Pr151  1.000E+02       Ce152   (b-)   Pr152  1.000E+02
   Ce153   (b-)   Pr153  1.000E+02       Ce154   (b-)   Pr154  9.998E+01       Ce154  (b-n)   Pr153  1.900E-02       Ce155   (b-)   Pr155  9.974E+01
   Ce155  (b-n)   Pr154  2.600E-01       Ce156   (b-)   Pr156  9.930E+01       Ce156  (b-n)   Pr155  7.000E-01       Ce157   (b-)   Pr157  1.000E+02
   Ce158   (b-)   Pr158  1.000E+02       Ce159   (b-)   Pr159  1.000E+02       Ce160   (b-)   Pr160  1.000E+02       Pr138   (b+)   Ce138  1.000E+02
   Pr138m  (b+)   Ce138  6.900E+00       Pr138m  (b+)   Ce138m 9.310E+01       Pr139   (b+)   Ce139  9.998E+01       Pr139   (b+)   Ce139m 1.700E-02
   Pr140   (b+)   Ce140  1.000E+02       Pr142   (b-)   Nd142  9.998E+01       Pr142   (b+)   Ce142  1.600E-02       Pr142m  (IT)   Pr142  1.000E+02
   Pr143   (b-)   Nd143  1.000E+02       Pr144   (b-)   Nd144  1.000E+02       Pr144m  (b-)   Nd144  7.000E-02       Pr144m  (IT)   Pr144  9.993E+01
   Pr145   (b-)   Nd145  1.000E+02       Pr146   (b-)   Nd146  1.000E+02       Pr147   (b-)   Nd147  1.000E+02       Pr148   (b-)   Nd148  1.000E+02
   Pr148m  (b-)   Nd148  1.000E+02       Pr149   (b-)   Nd149  1.000E+02       Pr150   (b-)   Nd150  1.000E+02       Pr151   (b-)   Nd151  1.000E+02
   Pr152   (b-)   Nd152  1.000E+02       Pr153   (b-)   Nd153  1.000E+02       Pr154   (b-)   Nd154  9.995E+01       Pr154  (b-n)   Nd153  4.800E-02
   Pr155   (b-)   Nd155  9.963E+01       Pr155  (b-n)   Nd154  3.700E-01       Pr156   (b-)   Nd156  9.770E+01       Pr156  (b-n)   Nd155  2.300E+00
   Pr157   (b-)   Nd157  9.620E+01       Pr157  (b-n)   Nd156  3.800E+00       Pr158   (b-)   Nd158  1.000E+02       Pr159   (b-)   Nd159  1.000E+02
   Pr160   (b-)   Nd160  1.000E+02       Pr161   (b-)   Nd161  1.000E+02       Pr162   (b-)   Nd162  1.000E+02       Nd141   (b+)   Pr141  1.000E+02
   Nd141m  (b+)   Pr141  5.000E-02       Nd141m  (IT)   Nd141  9.995E+01       Nd144    (a)   Ce140  1.000E+02       Nd147   (b-)   Pm147  1.000E+02
   Nd149   (b-)   Pm149  1.000E+02       Nd151   (b-)   Pm151  1.000E+02       Nd152   (b-)   Pm152  1.000E+02       Nd153   (b-)   Pm153  1.000E+02
   Nd154   (b-)   Pm154m 1.000E+02       Nd155   (b-)   Pm155  1.000E+02       Nd156   (b-)   Pm156  1.000E+02       Nd157   (b-)   Pm157  1.000E+02
   Nd158   (b-)   Pm158  1.000E+02       Nd159   (b-)   Pm159  9.998E+01       Nd159  (b-n)   Pm158  2.100E-02       Nd160   (b-)   Pm160  1.000E+02
   Nd161   (b-)   Pm161  1.000E+02       Nd162   (b-)   Pm162  1.000E+02       Nd163   (b-)   Pm163  1.000E+02       Nd164   (b-)   Pm164  1.000E+02
   Pm144   (b+)   Nd144  1.000E+02       Pm145   (b+)   Nd145  1.000E+02       Pm145    (a)   Pr141  2.800E-05       Pm146   (b-)   Sm146  3.400E+01
   Pm146   (b+)   Nd146  6.600E+01       Pm147   (b-)   Sm147  1.000E+02       Pm148   (b-)   Sm148  1.000E+02       Pm148m  (b-)   Sm148  9.580E+01
   Pm148m  (IT)   Pm148  4.200E+00       Pm149   (b-)   Sm149  1.000E+02       Pm150   (b-)   Sm150  1.000E+02       Pm151   (b-)   Sm151  1.000E+02
   Pm152   (b-)   Sm152  1.000E+02       Pm152m  (b-)   Sm152  1.000E+02       Pm152n  (b-)   Sm152  1.000E+02       Pm153   (b-)   Sm153  1.000E+02
   Pm154   (b-)   Sm154  1.000E+02       Pm154m  (b-)   Sm154  1.000E+02       Pm155   (b-)   Sm155  1.000E+02       Pm156   (b-)   Sm156  1.000E+02
   Pm157   (b-)   Sm157  1.000E+02       Pm158   (b-)   Sm158  1.000E+02       Pm159   (b-)   Sm159  1.000E+02       Pm159  (b-n)   Sm158  2.000E-03
   Pm160   (b-)   Sm160  9.993E+01       Pm160  (b-n)   Sm159  7.300E-02       Pm161   (b-)   Sm161  9.920E+01       Pm161  (b-n)   Sm160  8.000E-01
   Pm162   (b-)   Sm162  1.000E+02       Pm163   (b-)   Sm163  1.000E+02       Pm164   (b-)   Sm164  1.000E+02       Pm165   (b-)   Sm165  1.000E+02
   Pm166   (b-)   Sm166  1.000E+02       Sm146    (a)   Nd142  1.000E+02       Sm147    (a)   Nd143  1.000E+02       Sm148    (a)   Nd144  1.000E+02
   Sm151   (b-)   Eu151  1.000E+02       Sm153   (b-)   Eu153  1.000E+02       Sm153m  (IT)   Sm153  1.000E+02       Sm155   (b-)   Eu155  1.000E+02
   Sm156   (b-)   Eu156  1.000E+02       Sm157   (b-)   Eu157  1.000E+02       Sm158   (b-)   Eu158  1.000E+02       Sm159   (b-)   Eu159  1.000E+02
   Sm160   (b-)   Eu160  1.000E+02       Sm161   (b-)   Eu161  1.000E+02       Sm162   (b-)   Eu162  1.000E+02       Sm163   (b-)   Eu163  1.000E+02
   Sm164   (b-)   Eu164  1.000E+02       Sm164  (b-n)   Eu163  1.000E-03       Sm165   (b-)   Eu165  9.993E+01       Sm165  (b-n)   Eu164  6.600E-02
   Sm166   (b-)   Eu166  9.971E+01       Sm166  (b-n)   Eu165  2.900E-01       Sm167   (b-)   Eu167  1.000E+02       Sm168   (b-)   Eu168  1.000E+02
   Eu149   (b+)   Sm149  1.000E+02       Eu150   (b+)   Sm150  1.000E+02       Eu150m  (b-)   Gd150  8.900E+01       Eu150m  (b+)   Sm150  1.100E+01
   Eu152   (b-)   Gd152  2.790E+01       Eu152   (b+)   Sm152  7.210E+01       Eu152m  (b-)   Gd152  7.300E+01       Eu152m  (b+)   Sm152  2.700E+01
   Eu152n  (IT)   Eu152  1.000E+02       Eu154   (b-)   Gd154  9.998E+01       Eu154   (b+)   Sm154  1.800E-02       Eu154m  (IT)   Eu154  1.000E+02
   Eu155   (b-)   Gd155  1.000E+02       Eu156   (b-)   Gd156  1.000E+02       Eu157   (b-)   Gd157  1.000E+02       Eu158   (b-)   Gd158  1.000E+02
   Eu159   (b-)   Gd159  1.000E+02       Eu160   (b-)   Gd160  1.000E+02       Eu161   (b-)   Gd161  1.000E+02       Eu162   (b-)   Gd162  1.000E+02
   Eu163   (b-)   Gd163  1.000E+02       Eu164   (b-)   Gd164  1.000E+02       Eu164  (b-n)   Gd163  1.000E-03       Eu165   (b-)   Gd165  9.988E+01
   Eu165  (b-n)   Gd164  1.200E-01       Eu166   (b-)   Gd166  1.000E+02       Eu167   (b-)   Gd167  1.000E+02       Eu168   (b-)   Gd168  1.000E+02
   Eu169   (b-)   Gd169  1.000E+02       Eu170   (b-)   Gd170  1.000E+02       Gd151   (b+)   Eu151  1.000E+02       Gd151    (a)   Sm147  8.000E-07
   Gd152    (a)   Sm148  1.000E+02       Gd153   (b+)   Eu153  1.000E+02       Gd155m  (IT)   Gd155  1.000E+02       Gd159   (b-)   Tb159  1.000E+02
   Gd161   (b-)   Tb161  1.000E+02       Gd162   (b-)   Tb162  1.000E+02       Gd163   (b-)   Tb163  1.000E+02       Gd164   (b-)   Tb164  1.000E+02
   Gd165   (b-)   Tb165  1.000E+02       Gd166   (b-)   Tb166  1.000E+02       Gd167   (b-)   Tb167  1.000E+02       Gd168   (b-)   Tb168  1.000E+02
   Gd169   (b-)   Tb169  1.000E+02       Gd170   (b-)   Tb170  1.000E+02       Gd171   (b-)   Tb171  1.000E+02       Gd172   (b-)   Tb172  1.000E+02
   Tb154   (b+)   Gd154  1.000E+02       Tb154m  (b+)   Gd154  7.820E+01       Tb154m  (IT)   Tb154  2.180E+01       Tb154n  (b+)   Gd154  9.820E+01
   Tb154n  (IT)   Tb154m 1.800E+00       Tb155   (b+)   Gd155  1.000E+02       Tb156   (b+)   Gd156  1.000E+02       Tb156m  (IT)   Tb156  1.000E+02
   Tb156n  (b+)   Gd156  5.000E+01       Tb156n  (IT)   Tb156  5.000E+01       Tb157   (b+)   Gd157  1.000E+02       Tb158   (b-)   Dy158  1.660E+01
   Tb158   (b+)   Gd158  8.340E+01       Tb158m  (IT)   Tb158  1.000E+02       Tb158n  (IT)   Tb158  1.000E+02       Tb160   (b-)   Dy160  1.000E+02
   Tb161   (b-)   Dy161  1.000E+02       Tb162   (b-)   Dy162  1.000E+02       Tb163   (b-)   Dy163  1.000E+02       Tb164   (b-)   Dy164  1.000E+02
   Tb165   (b-)   Dy165  1.320E+01       Tb165   (b-)   Dy165m 8.680E+01       Tb166   (b-)   Dy166  1.000E+02       Tb167   (b-)   Dy167  1.000E+02
   Tb168   (b-)   Dy168  1.000E+02       Tb169   (b-)   Dy169  1.000E+02       Tb170   (b-)   Dy170  1.000E+02       Tb171   (b-)   Dy171  1.000E+02
   Tb172   (b-)   Dy172  1.000E+02       Dy157   (b+)   Tb157  1.000E+02       Dy157m  (IT)   Dy157  1.000E+02       Dy159   (b+)   Tb159  1.000E+02
   Dy165   (b-)   Ho165  1.000E+02       Dy165m  (b-)   Ho165  2.240E+00       Dy165m  (IT)   Dy165  9.776E+01       Dy166   (b-)   Ho166  1.000E+02
   Dy167   (b-)   Ho167  1.000E+02       Dy168   (b-)   Ho168  1.000E+02       Dy169   (b-)   Ho169  1.000E+02       Dy170   (b-)   Ho170m 1.000E+02
   Dy171   (b-)   Ho171  1.000E+02       Dy172   (b-)   Ho172  1.000E+02       Ho160   (b+)   Dy160  1.000E+02       Ho160m  (b+)   Dy160  3.500E+01
   Ho160m  (IT)   Ho160  6.500E+01       Ho160n  (IT)   Ho160  1.000E+02       Ho161   (b+)   Dy161  1.000E+02       Ho161m  (IT)   Ho161  1.000E+02
   Ho162   (b+)   Dy162  1.000E+02       Ho162m  (b+)   Dy162  3.800E+01       Ho162m  (IT)   Ho162  6.200E+01       Ho163   (b+)   Dy163  1.000E+02
   Ho163m  (IT)   Ho163  1.000E+02       Ho164   (b-)   Er164  4.000E+01       Ho164   (b+)   Dy164  6.000E+01       Ho164m  (IT)   Ho164  1.000E+02
   Ho166   (b-)   Er166  1.000E+02       Ho166m  (b-)   Er166  1.000E+02       Ho167   (b-)   Er167  8.800E+01       Ho167   (b-)   Er167m 1.200E+01
   Ho168   (b-)   Er168  1.000E+02       Ho168m  (b-)   Er168  5.000E-01       Ho168m  (IT)   Ho168  9.950E+01       Ho169   (b-)   Er169  1.000E+02
   Ho170   (b-)   Er170  1.000E+02       Ho170m  (b-)   Er170  1.000E+02       Ho171   (b-)   Er171  1.000E+02       Ho172   (b-)   Er172  1.000E+02
   Er163   (b+)   Ho163  9.998E+01       Er163   (b+)   Ho163m 2.000E-02       Er165   (b+)   Ho165  1.000E+02       Er167m  (IT)   Er167  1.000E+02
   Er169   (b-)   Tm169  1.000E+02       Er171   (b-)   Tm171  1.000E+02       Er172   (b-)   Tm172  1.000E+02       Tm166   (b+)   Er166  1.000E+02
   Tm166m  (IT)   Tm166  1.000E+02       Tm167   (b+)   Er167  1.800E+00       Tm167   (b+)   Er167m 9.820E+01       Tm168   (b-)   Yb168  1.000E-02
   Tm168   (b+)   Er168  9.999E+01       Tm170   (b-)   Yb170  9.987E+01       Tm170   (b+)   Er170  1.310E-01       Tm171   (b-)   Yb171  1.000E+02
   Tm172   (b-)   Yb172  1.000E+02       Yb169   (b+)   Tm169  1.000E+02       Yb169m  (IT)   Yb169  1.000E+02       Yb171m  (IT)   Yb171  1.000E+02
   Lu172   (b+)   Yb172  1.000E+02       Lu172m  (IT)   Lu172  1.000E+02       Th209    (a)   Ra205  5.000E+01       Th209   (b+)   Ac209  5.000E+01
   Th210    (a)   Ra206  1.000E+02       Th211    (a)   Ra207  9.950E+01       Th211   (b+)   Ac211  5.000E-01       Th212    (a)   Ra208  9.970E+01
   Th212   (b+)   Ac212  3.000E-01       Th213    (a)   Ra209  1.000E+02       Th214    (a)   Ra210  9.990E+01       Th214   (b+)   Ac214  1.000E-01
   Th215    (a)   Ra211  1.000E+02       Th216    (a)   Ra212  9.999E+01       Th216   (b+)   Ac216  6.000E-03       Th217    (a)   Ra213  1.000E+02
   Th218    (a)   Ra214  1.000E+02       Th219    (a)   Ra215  1.000E+02       Th220    (a)   Ra216  1.000E+02       Th220   (b+)   Ac220  2.000E-07
   Th221    (a)   Ra217  1.000E+02       Th222    (a)   Ra218  1.000E+02       Th223    (a)   Ra219  1.000E+02       Th224    (a)   Ra220  1.000E+02
   Th225    (a)   Ra221  9.000E+01       Th225   (b+)   Ac225  1.000E+01       Th226    (a)   Ra222  1.000E+02       Th227    (a)   Ra223  1.000E+02
   Th228    (a)   Ra224  1.000E+02       Th229    (a)   Ra225  1.000E+02       Th229m  (IT)   Th229  1.000E+02       Th230    (a)   Ra226  1.000E+02
   Th230   (SF)       0  2.500E-11       Th231   (b-)   Pa231  1.000E+02       Th232    (a)   Ra228  1.000E+02       Th232   (SF)       0  1.400E-09
   Th233   (b-)   Pa233  1.000E+02       Th234   (b-)   Pa234m 1.000E+02       Th235   (b-)   Pa235  1.000E+02       Th236   (b-)   Pa236  1.000E+02
   Th237   (b-)   Pa237  1.000E+02       Th238   (b-)   Pa238  1.000E+02       Pa212    (a)   Ac208  5.000E+01       Pa212    (a)   Ac208m 5.000E+01
   Pa213    (a)   Ac209  1.000E+02       Pa214    (a)   Ac210  1.000E+02       Pa215    (a)   Ac211  1.000E+02       Pa216    (a)   Ac212  9.800E+01
   Pa216   (b+)   Th216  2.000E+00       Pa217    (a)   Ac213  1.000E+02       Pa217m   (a)   Ac213  1.000E+02       Pa218    (a)   Ac214  1.000E+02
   Pa219    (a)   Ac215  1.000E+02       Pa220    (a)   Ac216  1.000E+02       Pa220   (b+)   Th220  3.000E-07       Pa221    (a)   Ac217  1.000E+02
   Pa222    (a)   Ac218  1.000E+02       Pa223    (a)   Ac219  1.000E+02       Pa224    (a)   Ac220  9.990E+01       Pa224   (b+)   Th224  1.000E-01
   Pa225    (a)   Ac221  1.000E+02       Pa226    (a)   Ac222  3.700E+01       Pa226    (a)   Ac222m 3.700E+01       Pa226   (b+)   Th226  2.600E+01
   Pa227    (a)   Ac223  8.500E+01       Pa227   (b+)   Th227  1.500E+01       Pa228    (a)   Ac224  2.000E+00       Pa228   (b+)   Th228  9.815E+01
   Pa229    (a)   Ac225  4.800E-01       Pa229   (b+)   Th229  9.952E+01       Pa230   (b+)   Th230  9.160E+01       Pa230   (b-)   U 230  8.400E+00
   Pa230    (a)   Ac226  3.200E-03       Pa231    (a)   Ac227  1.000E+02       Pa231   (SF)       0  3.000E-10       Pa232   (b-)   U 232  1.000E+02
   Pa232   (b+)   Th232  3.000E-03       Pa233   (b-)   U 233  1.000E+02       Pa234   (b-)   U 234  1.000E+02       Pa234m  (b-)   U 234  9.985E+01
   Pa234m  (IT)   Pa234  1.500E-01       Pa235   (b-)   U 235m 1.000E+02       Pa236   (b-)   U 236  1.000E+02       Pa237   (b-)   U 237  1.000E+02
   Pa238   (b-)   U 238  1.000E+02       Pa238 (b-SF)       0  2.600E-06       Pa239   (b-)   U 239  1.000E+02       Pa240   (b-)   U 240  1.000E+02
   U 217    (a)   Th213  1.000E+02       U 218    (a)   Th214  1.000E+02       U 219    (a)   Th215  1.000E+02       U 220    (a)   Th216  5.000E+01
   U 220   (b+)   Pa220  5.000E+01       U 221    (a)   Th217  5.000E+01       U 221   (b+)   Pa221  5.000E+01       U 222    (a)   Th218  1.000E+02
   U 222   (b+)   Pa222  1.000E-06       U 223    (a)   Th219  1.000E+02       U 224    (a)   Th220  1.000E+02       U 224   (b+)   Pa224  1.200E-04
   U 225    (a)   Th221  1.000E+02       U 226    (a)   Th222  1.000E+02       U 227    (a)   Th223  1.000E+02       U 228    (a)   Th224  9.500E+01
   U 228   (b+)   Pa228  5.000E+00       U 229   (b+)   Pa229  8.000E+01       U 229    (a)   Th225  2.000E+01       U 230    (a)   Th226  1.000E+02
   U 231   (b+)   Pa231  1.000E+02       U 231    (a)   Th227  4.000E-03       U 232    (a)   Th228  1.000E+02       U 232   (SF)       0  9.000E-11
   U 233    (a)   Th229  1.000E+02       U 234    (a)   Th230  1.000E+02       U 234   (SF)       0  1.700E-09       U 235    (a)   Th231  1.000E+02
   U 235   (SF)       0  7.200E-09       U 235m  (IT)   U 235  1.000E+02       U 236    (a)   Th232  1.000E+02       U 236   (SF)       0  9.000E-08
   U 237   (b-)   Np237  1.000E+02       U 238    (a)   Th234  1.000E+02       U 238   (SF)       0  5.460E-05       U 239   (b-)   Np239  1.000E+02
   U 240   (b-)   Np240  1.000E+02       U 241   (b-)   Np241  1.000E+02       U 242   (b-)   Np242  1.000E+02       Np225    (a)   Pa221  1.000E+02
   Np226    (a)   Pa222  1.000E+02       Np227    (a)   Pa223  9.995E+01       Np227   (b+)   U 227  5.000E-02       Np228   (b+)   U 228  5.999E+01
   Np228    (a)   Pa224  4.000E+01       Np228 (b+SF)       0  1.200E-02       Np229    (a)   Pa225  5.000E+01       Np229   (b+)   U 229  5.000E+01
   Np230   (b+)   U 230  9.700E+01       Np230    (a)   Pa226  3.000E+00       Np231   (b+)   U 231  9.800E+01       Np231    (a)   Pa227  2.000E+00
   Np232   (b+)   U 232  1.000E+02       Np233    (a)   Pa229  1.000E-03       Np233   (b+)   U 233  1.000E+02       Np234   (b+)   U 234  1.000E+02
   Np235   (b+)   U 235  1.000E+02       Np235    (a)   Pa231  1.400E-03       Np236   (b-)   Pu236  1.180E+01       Np236   (b+)   U 236  8.804E+01
   Np236    (a)   Pa232  1.600E-01       Np236m  (b-)   Pu236  5.000E+01       Np236m  (b+)   U 236  5.000E+01       Np237    (a)   Pa233  1.000E+02
   Np238   (b-)   Pu238  1.000E+02       Np239   (b-)   Pu239  1.000E+02       Np240   (b-)   Pu240  1.000E+02       Np240m  (b-)   Pu240  9.989E+01
   Np240m  (IT)   Np240  1.100E-01       Np241   (b-)   Pu241  1.000E+02       Np242   (b-)   Pu242  1.000E+02       Np242m  (b-)   Pu242  1.000E+02
   Np243   (b-)   Pu243  1.000E+02       Np244   (b-)   Pu244  1.000E+02       Pu228    (a)   U 224  9.990E+01       Pu228   (b+)   Np228  1.000E-01
   Pu229    (a)   U 225  1.000E+02       Pu230    (a)   U 226  5.000E+01       Pu230   (b+)   Np230  5.000E+01       Pu231   (b+)   Np231  8.700E+01
   Pu231    (a)   U 227  1.300E+01       Pu232   (b+)   Np232  8.900E+01       Pu232    (a)   U 228  1.100E+01       Pu233   (b+)   Np233  9.988E+01
   Pu233    (a)   U 229  1.200E-01       Pu234   (b+)   Np234  9.400E+01       Pu234    (a)   U 230  6.000E+00       Pu235   (b+)   Np235  1.000E+02
   Pu235    (a)   U 231  2.800E-03       Pu236    (a)   U 232  1.000E+02       Pu236   (SF)       0  8.200E-08       Pu237   (b+)   Np237  1.000E+02
   Pu237    (a)   U 233  4.200E-03       Pu237m  (IT)   Pu237  1.000E+02       Pu238    (a)   U 234  1.000E+02       Pu238   (SF)       0  1.860E-07
   Pu239    (a)   U 235  6.000E-02       Pu239    (a)   U 235m 9.994E+01       Pu239   (SF)       0  3.100E-10       Pu240    (a)   U 236  1.000E+02
   Pu240   (SF)       0  5.700E-06       Pu241   (b-)   Am241  1.000E+02       Pu241    (a)   U 237  2.460E-03       Pu242    (a)   U 238  1.000E+02
   Pu242   (SF)       0  5.500E-04       Pu243   (b-)   Am243  1.000E+02       Pu244    (a)   U 240  9.988E+01       Pu244   (SF)       0  1.250E-01
   Pu245   (b-)   Am245  1.000E+02       Pu246   (b-)   Am246m 1.000E+02       Pu247   (b-)   Am247  1.000E+02       Am231   (b+)   Pu231  5.000E+01
   Am231    (a)   Np227  5.000E+01       Am232   (b+)   Pu232  9.793E+01       Am232    (a)   Np228  2.000E+00       Am232 (b+SF)       0  6.900E-02
   Am233   (b+)   Pu233  9.700E+01       Am233    (a)   Np229  3.000E+00       Am234   (b+)   Pu234  9.995E+01       Am234    (a)   Np230  3.900E-02
   Am234 (b+SF)       0  6.600E-03       Am235   (b+)   Pu235  9.960E+01       Am235    (a)   Np231  4.000E-01       Am236   (b+)   Pu236  5.000E+01
   Am236    (a)   Np232  5.000E+01       Am237   (b+)   Pu237  4.999E+01       Am237   (b+)   Pu237m 4.999E+01       Am237    (a)   Np233  2.500E-02
   Am238   (b+)   Pu238  1.000E+02       Am239   (b+)   Pu239  9.999E+01       Am239    (a)   Np235  1.000E-02       Am240   (b+)   Pu240  1.000E+02
   Am240    (a)   Np236  1.900E-04       Am241    (a)   Np237  1.000E+02       Am241   (SF)       0  4.300E-10       Am242   (b-)   Cm242  8.320E+01
   Am242   (b+)   Pu242  1.680E+01       Am242m  (IT)   Am242  9.954E+01       Am242m   (a)   Np238  4.630E-01       Am242m  (SF)       0  1.600E-08
   Am242n  (SF)       0  1.000E+02       Am243    (a)   Np239  1.000E+02       Am243   (SF)       0  3.700E-09       Am244   (b-)   Cm244  1.000E+02
   Am244m  (b-)   Cm244  9.996E+01       Am244m  (b+)   Pu244  4.100E-02       Am245   (b-)   Cm245  1.000E+02       Am246   (b-)   Cm246  1.000E+02
   Am246m  (b-)   Cm246  1.000E+02       Am247   (b-)   Cm247  1.000E+02       Am248   (b-)   Cm248  1.000E+02       Am249   (b-)   Cm249  1.000E+02
   Cm233    (a)   Pu229  5.000E+01       Cm233   (b+)   Am233  5.000E+01       Cm234    (a)   Pu230  5.000E+01       Cm234   (b+)   Am234  4.700E+01
   Cm234   (SF)       0  3.000E+00       Cm235   (b+)   Am235  5.000E+01       Cm235    (a)   Pu231  5.000E+01       Cm236   (b+)   Am236  5.000E+01
   Cm236    (a)   Pu232  5.000E+01       Cm237   (b+)   Am237  5.000E+01       Cm237    (a)   Pu233  5.000E+01       Cm238   (b+)   Am238  9.000E+01
   Cm238    (a)   Pu234  1.000E+01       Cm239   (b+)   Am239  9.990E+01       Cm239    (a)   Pu235  1.000E-01       Cm240    (a)   Pu236  9.970E+01
   Cm241   (b+)   Am241  9.900E+01       Cm241    (a)   Pu237  1.000E+00       Cm242    (a)   Pu238  1.000E+02       Cm242   (SF)       0  6.100E-06
   Cm243   (b+)   Am243  2.400E-01       Cm243    (a)   Pu239  9.976E+01       Cm244    (a)   Pu240  1.000E+02       Cm244   (SF)       0  1.380E-04
   Cm244m  (IT)   Cm244  1.000E+02       Cm245    (a)   Pu241  1.000E+02       Cm246    (a)   Pu242  9.997E+01       Cm246   (SF)       0  2.614E-02
   Cm247    (a)   Pu243  1.000E+02       Cm248    (a)   Pu244  9.174E+01       Cm248   (SF)       0  8.260E+00       Cm249   (b-)   Bk249  1.000E+02
   Cm250    (a)   Pu246  3.000E+01       Cm250   (SF)       0  7.000E+01       Cm251   (b-)   Bk251  1.000E+02       Cm252   (b-)   Bk252  1.000E+02
   Cf237    (a)   Cm233  4.500E+01       Cf237   (SF)       0  1.000E+01       Cf237   (b+)   Bk237  4.500E+01       Cf238   (SF)       0  9.980E+01
   Cf238    (a)   Cm234  1.996E-01       Cf239    (a)   Cm235  5.000E+01       Cf239   (b+)   Bk239  5.000E+01       Cf240    (a)   Cm236  9.800E+01
   Cf240   (SF)       0  2.000E+00       Cf241   (b+)   Bk241  7.500E+01       Cf241    (a)   Cm237  2.500E+01       Cf242    (a)   Cm238  8.000E+01
   Cf242   (b+)   Bk242  1.999E+01       Cf242   (SF)       0  1.400E-02       Cf243   (b+)   Bk243  8.600E+01       Cf243    (a)   Cm239  1.400E+01
   Cf244    (a)   Cm240  1.000E+02       Cf245   (b+)   Bk245  6.400E+01       Cf245    (a)   Cm241  3.600E+01       Cf246    (a)   Cm242  1.000E+02
   Cf247   (b+)   Bk247  9.997E+01       Cf247    (a)   Cm243  3.500E-02       Cf248    (a)   Cm244  1.000E+02       Cf249    (a)   Cm245  1.000E+02
   Cf249   (SF)       0  5.200E-07       Cf250    (a)   Cm246  9.992E+01       Cf250   (SF)       0  7.700E-02       Cf251    (a)   Cm247  1.000E+02
   Cf252    (a)   Cm248  9.691E+01       Cf252   (SF)       0  3.092E+00       Cf253   (b-)   Es253  9.969E+01       Cf253    (a)   Cm249  3.100E-01
   Cf254   (SF)       0  9.969E+01       Cf254    (a)   Cm250  3.090E-01       Cf255   (b-)   Es255  1.000E+02       Cf255   (SF)       0  1.000E-03
   Cf255    (a)   Cm251  2.000E-07       Cf256   (SF)       0  1.000E+02       Cf256    (a)   Cm252  6.200E-07       Es240    (a)   Bk236  5.000E+01
   Es240   (b+)   Cf240  5.000E+01       Es241    (a)   Bk237  5.000E+01       Es241   (b+)   Cf241  5.000E+01       Es242    (a)   Bk238  5.000E+01
   Es242   (b+)   Cf242  4.940E+01       Es242 (b+SF)       0  6.000E-01       Es243   (b+)   Cf243  7.000E+01       Es243    (a)   Bk239  3.000E+01
   Es244   (b+)   Cf244  9.499E+01       Es244    (a)   Bk240  5.000E+00       Es244 (b+SF)       0  1.000E-02       Es245   (b+)   Cf245  6.000E+01
   Es245    (a)   Bk241  4.000E+01       Es246   (b+)   Cf246  9.010E+01       Es246    (a)   Bk242  9.900E+00       Es246 (b+SF)       0  3.000E-03
   Es247   (b+)   Cf247  9.300E+01       Es247    (a)   Bk243  7.000E+00       Es247   (SF)       0  9.000E-05       Es248   (b+)   Cf248  9.975E+01
   Es248    (a)   Bk244  2.500E-01       Es248 (b+SF)       0  3.000E-05       Es249    (a)   Bk245  5.700E-01       Es249   (b+)   Cf249  9.943E+01
   Es250   (b+)   Cf250  9.700E+01       Es250    (a)   Bk246  3.000E+00       Es250m  (b+)   Cf250  1.000E+02       Es251   (b+)   Cf251  9.950E+01
   Es251    (a)   Bk247  5.000E-01       Es252    (a)   Bk248  7.800E+01       Es252   (b+)   Cf252  2.200E+01       Es253    (a)   Bk249  1.000E+02
   Es253   (SF)       0  8.700E-06       Es254    (a)   Bk250  1.000E+02       Es254m  (b-)   Fm254  9.665E+01       Es254m  (IT)   Es254  2.959E+00
   Es254m   (a)   Bk250  3.156E-01       Es254m  (b+)   Cf254  7.495E-02       Es255   (b-)   Fm255  9.200E+01       Es255    (a)   Bk251  8.000E+00
   Es255   (SF)       0  4.100E-03       Es256   (b-)   Fm256  1.000E+02       Es256m  (b-)   Fm256  1.000E+02       Es256m(b-SF)       0  2.000E-03
   Es257   (b-)   Fm257  1.000E+02       Es257    (a)   Bk253  4.000E-04       Es258   (b-)   Fm258  5.000E+01       Es258    (a)   Bk254  5.000E+01
   Fm242   (SF)       0  5.000E+01       Fm242    (a)   Cf238  5.000E+01       Fm243    (a)   Cf239  6.000E+01       Fm243   (b+)   Es243  3.943E+01
   Fm243   (SF)       0  5.700E-01       Fm244   (SF)       0  9.960E+01       Fm244    (a)   Cf240  4.000E-01       Fm245    (a)   Cf241  9.567E+01
   Fm245   (b+)   Es245  4.200E+00       Fm245   (SF)       0  1.300E-01       Fm246    (a)   Cf242  8.550E+01       Fm246   (SF)       0  4.500E+00
   Fm246 (b+SF)       0  1.000E+01       Fm247    (a)   Cf243  5.000E+01       Fm247   (b+)   Es247  5.000E+01       Fm248    (a)   Cf244  9.291E+01
   Fm248   (b+)   Es248  6.993E+00       Fm248   (SF)       0  9.990E-02       Fm249   (b+)   Es249  6.700E+01       Fm249    (a)   Cf245  3.300E+01
   Fm250    (a)   Cf246  8.999E+01       Fm250   (b+)   Es250m 9.999E+00       Fm250   (SF)       0  6.900E-03       Fm250m  (IT)   Fm250  8.000E+01
   Fm250m   (a)   Cf246  2.000E+01       Fm250m  (SF)       0  8.200E-05       Fm251   (b+)   Es251  9.820E+01       Fm251    (a)   Cf247  1.800E+00
   Fm252    (a)   Cf248  1.000E+02       Fm253   (b+)   Es253  8.800E+01       Fm253    (a)   Cf249  1.200E+01       Fm254    (a)   Cf250  9.994E+01
   Fm255    (a)   Cf251  1.000E+02       Fm256   (SF)       0  9.190E+01       Fm256    (a)   Cf252  8.100E+00       Fm257    (a)   Cf253  9.979E+01
   Fm258   (SF)       0  1.000E+02       Fm259   (SF)       0  1.000E+02
1                                                 C R O S S     S E C T I O N S     I N     B A R N S 

                           The cross section for the specified reaction is given in barns, followed by the error in percent.

  Se 79 (n,total)        5.595E+01+-0.0E+00 Se 79 (n,nonel)        4.961E+01+-0.0E+00 Se 79 (n,E    ) Se 79  6.340E+00+-0.0E+00 Se 79 (n,g    ) Se 80  4.961E+01+-0.0E+00
  Kr 85 (n,total)        7.940E+00+-0.0E+00 Kr 85 (n,nonel)        1.647E+00+-0.0E+00 Kr 85 (n,E    ) Kr 85  6.292E+00+-0.0E+00 Kr 85 (n,g    ) Kr 86  1.647E+00+-0.0E+00
  Rb 86 (n,total)        6.915E+00+-0.0E+00 Rb 86 (n,nonel)        1.550E+00+-0.0E+00 Rb 86 (n,E    ) Rb 86  5.365E+00+-0.0E+00 Rb 86 (n,g    ) Rb 87  1.550E+00+-0.0E+00
  Rb 87 (n,total)        4.503E+00+-0.0E+00 Rb 87 (n,nonel)        1.191E-01+-0.0E+00 Rb 87 (n,E    ) Rb 87  4.384E+00+-0.0E+00 Rb 87 (n,g    ) Rb 88  1.191E-01+-0.0E+00
  Sr 89 (n,total)        6.149E+00+-0.0E+00 Sr 89 (n,nonel)        4.167E-01+-0.0E+00 Sr 89 (n,E    ) Sr 89  5.732E+00+-0.0E+00 Sr 89 (n,g    ) Sr 90  4.167E-01+-0.0E+00
  Sr 90 (n,total)        5.846E+00+-0.0E+00 Sr 90 (n,nonel)        1.002E-02+-0.0E+00 Sr 90 (n,E    ) Sr 90  5.836E+00+-0.0E+00 Sr 90 (n,g    ) Sr 91  1.002E-02+-0.0E+00
  Y  90 (n,total)        8.966E+00+-0.0E+00 Y  90 (n,nonel)        3.225E+00+-0.0E+00 Y  90 (n,E    ) Y  90  5.742E+00+-0.0E+00 Y  90 (n,g    ) Y  91  3.225E+00+-0.0E+00
  Y  91 (n,total)        7.120E+00+-0.0E+00 Y  91 (n,nonel)        1.389E+00+-0.0E+00 Y  91 (n,E    ) Y  91  5.731E+00+-0.0E+00 Y  91 (n,g    ) Y  92  1.389E+00+-0.0E+00
  Zr 93 (n,total)        7.905E+00+-0.0E+00 Zr 93 (n,nonel)        2.221E+00+-0.0E+00 Zr 93 (n,E    ) Zr 93  5.684E+00+-0.0E+00 Zr 93 (n,g    ) Zr 94  2.221E+00+-0.0E+00
  Zr 95 (n,total)        6.924E+00+-0.0E+00 Zr 95 (n,nonel)        1.191E+00+-0.0E+00 Zr 95 (n,E    ) Zr 95  5.733E+00+-0.0E+00 Zr 95 (n,g    ) Zr 96  1.191E+00+-0.0E+00
  Nb 94 (n,total)        2.213E+01+-0.0E+00 Nb 94 (n,nonel)        1.564E+01+-0.0E+00 Nb 94 (n,E    ) Nb 94  6.487E+00+-0.0E+00 Nb 94 (n,g    ) Nb 95  1.564E+01+-0.0E+00
  Nb 95 (n,total)        1.268E+01+-0.0E+00 Nb 95 (n,nonel)        6.946E+00+-0.0E+00 Nb 95 (n,E    ) Nb 95  5.730E+00+-0.0E+00 Nb 95 (n,g    ) Nb 96  6.946E+00+-0.0E+00
  Mo 99 (n,total)        1.367E+01+-0.0E+00 Mo 99 (n,nonel)        7.938E+00+-0.0E+00 Mo 99 (n,E    ) Mo 99  5.729E+00+-0.0E+00 Mo 99 (n,g    ) Mo100  7.938E+00+-0.0E+00
  Tc 99 (n,total)        2.807E+01+-0.0E+00 Tc 99 (n,E    ) Tc 99  4.656E+00+-0.0E+00 Tc 99 (n,g    ) Tc100  2.341E+01+-0.0E+00 Ru103 (n,total)        1.456E+01+-0.0E+00
  Ru103 (n,E    ) Ru103  5.082E+00+-0.0E+00 Ru103 (n,g    ) Ru104  9.475E+00+-0.0E+00 Ru105 (n,total)        5.722E+00+-0.0E+00 Ru105 (n,nonel)        3.870E-01+-0.0E+00
  Ru105 (n,E    ) Ru105  5.335E+00+-0.0E+00 Ru105 (n,g    ) Ru106  3.870E-01+-0.0E+00 Ru106 (n,total)        5.479E+00+-0.0E+00 Ru106 (n,E    ) Ru106  5.335E+00+-0.0E+00
  Ru106 (n,g    ) Ru107  1.439E-01+-0.0E+00 Rh105 (n,total)        2.473E+04+-0.0E+00 Rh105 (n,E    ) Rh105  9.030E+03+-0.0E+00 Rh105 (n,g    ) Rh106  1.570E+04+-0.0E+00
  Pd107 (n,Xa   )        1.164E-06+-0.0E+00 Pd107 (n,total)        1.263E+01+-0.0E+00 Pd107 (n,a    ) Ru104  1.164E-06+-0.0E+00 Pd107 (n,E    ) Pd107  3.463E+00+-0.0E+00
  Pd107 (n,g    ) Pd108  9.166E+00+-0.0E+00 Ag110m(n,Xp   )        7.021E-10+-0.0E+00 Ag110m(n,Xa   )        1.474E-06+-0.0E+00 Ag110m(n,total)        8.781E+01+-0.0E+00
  Ag110m(n,a    ) Rh107  1.474E-06+-0.0E+00 Ag110m(n,p    ) Pd110  7.020E-10+-0.0E+00 Ag110m(n,E    ) Ag110  6.497E+00+-0.0E+00 Ag110m(n,n    ) Ag110  1.211E-02+-0.0E+00
  Ag110m(n,g    ) Ag111  8.130E+01+-0.0E+00 Ag111 (n,total)        8.471E+00+-0.0E+00 Ag111 (n,E    ) Ag111  5.495E+00+-0.0E+00 Ag111 (n,g    ) Ag112  2.977E+00+-0.0E+00
  Cd113 (n,total)        2.012E+04+-0.0E+00 Cd113 (n,nonel)        2.010E+04+-0.0E+00 Cd113 (n,E    ) Cd113  2.540E+01+-0.0E+00 Cd113 (n,g    ) Cd114  2.010E+04+-0.0E+00
  In115 (n,total)        2.022E+02+-0.0E+00 In115 (n,nonel)        1.996E+02+-0.0E+00 In115 (n,E    ) In115  2.537E+00+-0.0E+00 In115 (n,g    ) In116  1.996E+02+-0.0E+00
  Sn123 (n,total)        7.796E+00+-0.0E+00 Sn123 (n,E    ) Sn123  4.819E+00+-0.0E+00 Sn123 (n,g    ) Sn124  2.977E+00+-0.0E+00 Sn126 (n,total)        4.908E+00+-0.0E+00
  Sn126 (n,E    ) Sn126  4.819E+00+-0.0E+00 Sn126 (n,g    ) Sn127  8.930E-02+-0.0E+00 Sb124 (n,total)        2.104E+01+-0.0E+00 Sb124 (n,E    ) Sb124  3.775E+00+-0.0E+00
  Sb124 (n,g    ) Sb125  1.726E+01+-0.0E+00 Sb125 (n,total)        8.977E+00+-0.0E+00 Sb125 (n,E    ) Sb125  4.016E+00+-0.0E+00 Sb125 (n,g    ) Sb126  4.961E+00+-0.0E+00
  Sb126 (n,total)        2.151E+01+-0.0E+00 Sb126 (n,nonel)        1.726E+01+-0.0E+00 Sb126 (n,E    ) Sb126  4.249E+00+-0.0E+00 Sb126 (n,g    ) Sb127  1.726E+01+-0.0E+00
  Te123 (n,Xa   )        4.612E-05+-0.0E+00 Te123 (n,total)        4.157E+02+-0.0E+00 Te123 (n,a    ) Sn120  4.612E-05+-0.0E+00 Te123 (n,E    ) Te123  5.925E-01+-0.0E+00
  Te123 (n,g    ) Te124  4.151E+02+-0.0E+00 Te127m(n,total)        3.357E+03+-0.0E+00 Te127m(n,E    ) Te127  3.644E+00+-0.0E+00 Te127m(n,g    ) Te128  3.354E+03+-0.0E+00
  Te129m(n,total)        1.591E+03+-0.0E+00 Te129m(n,E    ) Te129  3.413E+00+-0.0E+00 Te129m(n,g    ) Te130  1.588E+03+-0.0E+00 Te132 (n,total)        5.587E+00+-0.0E+00
  Te132 (n,nonel)        1.935E-01+-0.0E+00 Te132 (n,E    ) Te132  5.393E+00+-0.0E+00 Te132 (n,g    ) Te133  1.935E-01+-0.0E+00 I 129 (n,total)        3.441E+01+-0.0E+00
  I 129 (n,E    ) I 129  4.336E+00+-0.0E+00 I 129 (n,g    ) I 130  3.007E+01+-0.0E+00 I 130 (n,total)        2.163E+01+-0.0E+00 I 130 (n,nonel)        1.786E+01+-0.0E+00
  I 130 (n,E    ) I 130  3.770E+00+-0.0E+00 I 130 (n,g    ) I 131  1.786E+01+-0.0E+00 I 131 (n,total)        8.299E+01+-0.0E+00 I 131 (n,E    ) I 131  3.614E+00+-0.0E+00
  I 131 (n,g    ) I 132  7.938E+01+-0.0E+00 I 135 (n,total)        8.259E+01+-0.0E+00 I 135 (n,nonel)        7.938E+01+-0.0E+00 I 135 (n,E    ) I 135  3.214E+00+-0.0E+00
  I 135 (n,g    ) I 136  7.938E+01+-0.0E+00 Xe133 (n,total)        1.921E+02+-0.0E+00 Xe133 (n,nonel)        1.885E+02+-0.0E+00 Xe133 (n,E    ) Xe133  3.614E+00+-0.0E+00
  Xe133 (n,g    ) Xe134  1.885E+02+-0.0E+00 Xe135 (n,total)        3.109E+06+-0.0E+00 Xe135 (n,nonel)        2.775E+06+-0.0E+00 Xe135 (n,E    ) Xe135  3.345E+05+-0.0E+00
  Xe135 (n,g    ) Xe136  2.775E+06+-0.0E+00 Cs134 (n,Xp   )        6.211E-07+-0.0E+00 Cs134 (n,Xa   )        5.702E-06+-0.0E+00 Cs134 (n,total)        1.624E+02+-0.0E+00
  Cs134 (n,a    ) I 131  5.702E-06+-0.0E+00 Cs134 (n,p    ) Xe134  6.210E-07+-0.0E+00 Cs134 (n,E    ) Cs134  2.291E+01+-0.0E+00 Cs134 (n,g    ) Cs135  1.395E+02+-0.0E+00
  Cs135 (n,total)        1.308E+01+-0.0E+00 Cs135 (n,E    ) Cs135  4.840E+00+-0.0E+00 Cs135 (n,g    ) Cs136  8.235E+00+-0.0E+00 Cs136 (n,Xa   )        4.379E-09+-0.0E+00
  Cs136 (n,total)        1.641E+01+-0.0E+00 Cs136 (n,a    ) I 133  4.379E-09+-0.0E+00 Cs136 (n,E    ) Cs136  3.513E+00+-0.0E+00 Cs136 (n,g    ) Cs137  1.290E+01+-0.0E+00
  Cs137 (n,total)        3.811E+00+-0.0E+00 Cs137 (n,E    ) Cs137  3.543E+00+-0.0E+00 Cs137 (n,g    ) Cs138  2.679E-01+-0.0E+00 Ba140 (n,total)        4.899E+00+-0.0E+00
  Ba140 (n,E    ) Ba140  3.312E+00+-0.0E+00 Ba140 (n,g    ) Ba141  1.588E+00+-0.0E+00 La138 (n,total)        6.900E+01+-0.0E+00 La138 (n,E    ) La138  1.238E+01+-0.0E+00
  La138 (n,g    ) La139  5.662E+01+-0.0E+00 La140 (n,total)        5.830E+00+-0.0E+00 La140 (n,nonel)        2.679E+00+-0.0E+00 La140 (n,E    ) La140  3.151E+00+-0.0E+00
  La140 (n,g    ) La141  2.679E+00+-0.0E+00 Ce141 (n,total)        3.207E+01+-0.0E+00 Ce141 (n,nonel)        2.878E+01+-0.0E+00 Ce141 (n,E    ) Ce141  3.289E+00+-0.0E+00
  Ce141 (n,g    ) Ce142  2.878E+01+-0.0E+00 Ce143 (n,total)        1.047E+01+-0.0E+00 Ce143 (n,nonel)        5.953E+00+-0.0E+00 Ce143 (n,E    ) Ce143  4.516E+00+-0.0E+00
  Ce143 (n,g    ) Ce144  5.953E+00+-0.0E+00 Ce144 (n,total)        3.782E+00+-0.0E+00 Ce144 (n,nonel)        9.922E-01+-0.0E+00 Ce144 (n,E    ) Ce144  2.790E+00+-0.0E+00
  Ce144 (n,g    ) Ce145  9.922E-01+-0.0E+00 Pr143 (n,total)        9.284E+01+-0.0E+00 Pr143 (n,E    ) Pr143  3.512E+00+-0.0E+00 Pr143 (n,g    ) Pr144  8.933E+01+-0.0E+00
  Nd144 (n,Xa   )        1.550E-05+-0.0E+00 Nd144 (n,total)        4.499E+00+-0.0E+00 Nd144 (n,a    ) Ce141  1.550E-05+-0.0E+00 Nd144 (n,E    ) Nd144  9.021E-01+-0.0E+00
  Nd144 (n,g    ) Nd145  3.596E+00+-0.0E+00 Nd147 (n,Xa   )        4.080E-04+-0.0E+00 Nd147 (n,total)        2.219E+02+-0.0E+00 Nd147 (n,a    ) Ce144  4.080E-04+-0.0E+00
  Nd147 (n,E    ) Nd147  7.953E+01+-0.0E+00 Nd147 (n,g    ) Nd148  1.423E+02+-0.0E+00 Pm147 (n,Xa   )        1.045E-03+-0.0E+00 Pm147 (n,total)        1.873E+02+-0.0E+00
  Pm147 (n,a    ) Pr144  1.045E-03+-0.0E+00 Pm147 (n,E    ) Pm147  2.097E+01+-0.0E+00 Pm147 (n,g    ) Pm148  1.664E+02+-0.0E+00 Pm148 (n,Xp   )        3.794E-08+-0.0E+00
  Pm148 (n,Xa   )        4.308E-01+-0.0E+00 Pm148 (n,total)        1.991E+03+-0.0E+00 Pm148 (n,a    ) Pr145  4.308E-01+-0.0E+00 Pm148 (n,p    ) Nd148  3.794E-08+-0.0E+00
  Pm148 (n,E    ) Pm148  6.221E+00+-0.0E+00 Pm148 (n,g    ) Pm149  1.984E+03+-0.0E+00 Pm148m(n,Xp   )        6.080E-11+-0.0E+00 Pm148m(n,Xa   )        6.988E-01+-0.0E+00
  Pm148m(n,total)        1.064E+04+-0.0E+00 Pm148m(n,a    ) Pr145  6.987E-01+-0.0E+00 Pm148m(n,p    ) Nd148  6.150E-11+-0.0E+00 Pm148m(n,E    ) Pm148  1.949E+01+-0.0E+00
  Pm148m(n,n    ) Pm148  8.381E-02+-0.0E+00 Pm148m(n,g    ) Pm149  1.062E+04+-0.0E+00 Pm149 (n,Xa   )        1.278E-04+-0.0E+00 Pm149 (n,total)        1.395E+03+-0.0E+00
  Pm149 (n,a    ) Pr146  1.278E-04+-0.0E+00 Pm149 (n,E    ) Pm149  5.819E+00+-0.0E+00 Pm149 (n,g    ) Pm150  1.389E+03+-0.0E+00 Pm151 (n,Xa   )        3.207E-10+-0.0E+00
  Pm151 (n,total)        5.031E+02+-0.0E+00 Pm151 (n,a    ) Pr148  3.206E-10+-0.0E+00 Pm151 (n,E    ) Pm151  7.023E+00+-0.0E+00 Pm151 (n,g    ) Pm152  4.961E+02+-0.0E+00
  Sm147 (n,Xa   )        5.730E-04+-0.0E+00 Sm147 (n,total)        6.379E+01+-0.0E+00 Sm147 (n,a    ) Nd144  5.729E-04+-0.0E+00 Sm147 (n,E    ) Sm147  7.220E+00+-0.0E+00
  Sm147 (n,g    ) Sm148  5.657E+01+-0.0E+00 Sm148 (n,Xa   )        1.266E-05+-0.0E+00 Sm148 (n,total)        3.575E+00+-0.0E+00 Sm148 (n,a    ) Nd145  1.266E-05+-0.0E+00
  Sm148 (n,E    ) Sm148  1.206E+00+-0.0E+00 Sm148 (n,g    ) Sm149  2.370E+00+-0.0E+00 Sm151 (n,Xa   )        1.040E-02+-0.0E+00 Sm151 (n,total)        1.502E+04+-0.0E+00
  Sm151 (n,a    ) Nd148  1.040E-02+-0.0E+00 Sm151 (n,E    ) Sm151  5.018E+01+-0.0E+00 Sm151 (n,g    ) Sm152  1.497E+04+-0.0E+00 Sm153 (n,Xa   )        1.988E-06+-0.0E+00
  Sm153 (n,total)        4.235E+02+-0.0E+00 Sm153 (n,a    ) Nd150  1.988E-06+-0.0E+00 Sm153 (n,E    ) Sm153  6.722E+00+-0.0E+00 Sm153 (n,g    ) Sm154  4.167E+02+-0.0E+00
  Eu152 (n,Xp   )        5.318E-03+-0.0E+00 Eu152 (n,Xa   )        5.241E-02+-0.0E+00 Eu152 (n,total)        1.262E+04+-0.0E+00 Eu152 (n,a    ) Pm149  5.241E-02+-0.0E+00
  Eu152 (n,p    ) Sm152  5.318E-03+-0.0E+00 Eu152 (n,E    ) Eu152  2.901E+01+-0.0E+00 Eu152 (n,g    ) Eu153  1.259E+04+-0.0E+00 Eu154 (n,Xp   )        5.268E-09+-0.0E+00
  Eu154 (n,Xa   )        2.911E-05+-0.0E+00 Eu154 (n,total)        1.353E+03+-0.0E+00 Eu154 (n,a    ) Pm151  2.911E-05+-0.0E+00 Eu154 (n,p    ) Sm154  5.268E-09+-0.0E+00
  Eu154 (n,E    ) Eu154  5.663E+00+-0.0E+00 Eu154 (n,g    ) Eu155  1.347E+03+-0.0E+00 Eu155 (n,Xa   )        1.644E-10+-0.0E+00 Eu155 (n,total)        3.738E+03+-0.0E+00
  Eu155 (n,a    ) Pm152  1.644E-10+-0.0E+00 Eu155 (n,E    ) Eu155  6.612E+00+-0.0E+00 Eu155 (n,g    ) Eu156  3.731E+03+-0.0E+00 Eu156 (n,Xa   )        1.214E-06+-0.0E+00
  Eu156 (n,total)        1.083E+02+-0.0E+00 Eu156 (n,a    ) Pm153  1.214E-06+-0.0E+00 Eu156 (n,E    ) Eu156  9.029E+00+-0.0E+00 Eu156 (n,g    ) Eu157  9.922E+01+-0.0E+00
  Eu157 (n,Xa   )        3.910E-12+-0.0E+00 Eu157 (n,total)        4.027E+03+-0.0E+00 Eu157 (n,a    ) Pm154  3.954E-12+-0.0E+00 Eu157 (n,E    ) Eu157  9.029E+00+-0.0E+00
  Eu157 (n,g    ) Eu158  4.018E+03+-0.0E+00 Gd152 (n,Xa   )        6.982E-03+-0.0E+00 Gd152 (n,total)        7.395E+02+-0.0E+00 Gd152 (n,a    ) Sm149  6.982E-03+-0.0E+00
  Gd152 (n,E    ) Gd152  1.045E+01+-0.0E+00 Gd152 (n,g    ) Gd153  7.290E+02+-0.0E+00 Gd153 (n,Xp   )        1.619E-09+-0.0E+00 Gd153 (n,Xa   )        3.269E-02+-0.0E+00
  Gd153 (n,total)        2.209E+04+-0.0E+00 Gd153 (n,a    ) Sm150  3.269E-02+-0.0E+00 Gd153 (n,p    ) Eu153  1.622E-09+-0.0E+00 Gd153 (n,E    ) Gd153  1.880E+01+-0.0E+00
  Gd153 (n,g    ) Gd154  2.207E+04+-0.0E+00 Tb160 (n,Xa   )        2.945E-06+-0.0E+00 Tb160 (n,total)        3.528E+02+-0.0E+00 Tb160 (n,a    ) Eu157  2.944E-06+-0.0E+00
  Tb160 (n,E    ) Tb160  4.791E+00+-0.0E+00 Tb160 (n,g    ) Tb161  3.480E+02+-0.0E+00 Dy159 (n,Xp   )        1.571E-12+-0.0E+00 Dy159 (n,Xa   )        3.759E-03+-0.0E+00
  Dy159 (n,total)        6.026E+02+-0.0E+00 Dy159 (n,a    ) Gd156  3.759E-03+-0.0E+00 Dy159 (n,p    ) Tb159  1.589E-12+-0.0E+00 Dy159 (n,E    ) Dy159  7.273E+00+-0.0E+00
  Dy159 (n,g    ) Dy160  5.953E+02+-0.0E+00 Th227 (n,total)        6.148E+02+-3.3E+01 Th227 (n,F    )        2.004E+02+-7.7E+00 Th227 (n,E    ) Th227  1.253E+01+-5.0E+01
  Th227 (n,g    ) Th228  4.018E+02+-5.0E+01 Th228 (n,total)        1.533E+02+-1.3E+01 Th228 (n,F    )        1.488E-01+-9.0E+01 Th228 (n,E    ) Th228  3.130E+01+-5.0E+01
  Th228 (n,g    ) Th229  1.219E+02+-1.0E+01 Th229 (n,total)        1.111E+02+-0.0E+00 Th229 (n,F    )        3.066E+01+-2.0E+01 Th229 (n,E    ) Th229  1.043E+01+-2.0E+01
  Th229 (n,g    ) Th230  7.005E+01+-2.0E+01 Th230 (n,total)        3.363E+01+-0.0E+00 Th230 (n,F    )        9.416E-03+-5.0E+01 Th230 (n,E    ) Th230  1.039E+01+-2.0E+01
  Th230 (n,g    ) Th231  2.323E+01+-0.0E+00 Th231 (n,total)        1.669E+03+-8.7E+01 Th231 (n,F    )        3.968E+01+-9.0E+01 Th231 (n,E    ) Th231  1.203E+01+-9.0E+01
  Th231 (n,g    ) Th232  1.617E+03+-9.0E+01 Th232 (n,total)        2.032E+01+-1.4E+00 Th232 (n,F    )        5.327E-05+-3.5E+01 Th232 (n,E    ) Th232  1.304E+01+-1.4E+00
  Th232 (n,g    ) Th233  7.277E+00+-2.0E+00 Th233 (n,total)        1.307E+03+-4.4E+00 Th233 (n,F    )        1.488E+01+-5.0E+01 Th233 (n,E    ) Th233  1.203E+01+-5.0E+01
  Th233 (n,g    ) Th234  1.280E+03+-4.4E+00 Th234 (n,total)        1.372E+01+-4.4E+01 Th234 (n,F    )        4.961E-03+-5.0E+01 Th234 (n,E    ) Th234  1.193E+01+-5.0E+01
  Th234 (n,g    ) Th235  1.786E+00+-5.0E+01 Pa229 (n,total)        4.094E+02+-8.7E+01 Pa229 (n,F    )        9.921E-01+-9.0E+01 Pa229 (n,E    ) Pa229  1.183E+01+-9.0E+01
  Pa229 (n,g    ) Pa230  3.966E+02+-9.0E+01 Pa230 (n,total)        1.877E+03+-7.4E+01 Pa230 (n,F    )        1.488E+03+-9.0E+01 Pa230 (n,E    ) Pa230  1.203E+01+-9.0E+01
  Pa230 (n,g    ) Pa231  3.770E+02+-9.0E+01 Pa231 (n,total)        2.106E+02+-0.0E+00 Pa231 (n,F    )        2.341E-02+-0.0E+00 Pa231 (n,E    ) Pa231  1.058E+01+-1.0E+01
  Pa231 (n,g    ) Pa232  1.999E+02+-0.0E+00 Pa232 (n,total)        2.083E+03+-0.0E+00 Pa232 (n,F    )        1.476E+03+-0.0E+00 Pa232 (n,E    ) Pa232  2.389E+01+-2.0E+01
  Pa232 (n,g    ) Pa233  5.835E+02+-0.0E+00 Pa233 (n,total)        5.307E+01+-0.0E+00 Pa233 (n,F    )        2.481E-06+-9.0E+01 Pa233 (n,E    ) Pa233  1.414E+01+-2.0E+01
  Pa233 (n,g    ) Pa234  3.894E+01+-0.0E+00 U 230 (n,total)        2.351E+02+-7.7E+01 U 230 (n,F    )        2.480E+01+-9.0E+01 U 230 (n,E    ) U 230  1.183E+01+-9.0E+01
  U 230 (n,g    ) U 231  1.984E+02+-9.0E+01 U 231 (n,total)        2.796E+02+-8.0E+01 U 231 (n,F    )        2.481E+02+-9.0E+01 U 231 (n,E    ) U 231  1.173E+01+-9.0E+01
  U 231 (n,g    ) U 232  1.984E+01+-9.0E+01 U 232 (n,total)        1.613E+02+-1.0E+01 U 232 (n,F    )        7.583E+01+-5.0E+00 U 232 (n,E    ) U 232  1.081E+01+-1.0E+01
  U 232 (n,g    ) U 233  7.469E+01+-2.0E+00 U 233 (n,total)        5.841E+02+-3.9E-01 U 233 (n,F    )        5.270E+02+-3.5E-01 U 233 (n,E    ) U 233  1.218E+01+-5.7E+00
  U 233 (n,g    ) U 234  4.491E+01+-2.3E+00 U 234 (n,total)        1.173E+02+-1.0E+01 U 234 (n,F    )        6.644E-02+-1.0E+01 U 234 (n,E    ) U 234  1.781E+01+-1.0E+01
  U 234 (n,g    ) U 235  9.941E+01+-1.0E+01 U 235 (n,total)        6.926E+02+-2.5E-01 U 235 (n,F    )        5.798E+02+-3.5E-01 U 235 (n,E    ) U 235  1.511E+01+-5.1E+00
  U 235 (n,g    ) U 236  9.766E+01+-1.6E+00 U 236 (n,total)        1.591E+01+-5.0E+00 U 236 (n,F    )        2.573E-04+-8.0E+00 U 236 (n,E    ) U 236  1.083E+01+-5.0E+00
  U 236 (n,g    ) U 237  5.081E+00+-0.0E+00 U 237 (n,total)        4.744E+02+-3.0E+01 U 237 (n,F    )        1.688E+00+-0.0E+00 U 237 (n,E    ) U 237  2.442E+01+-2.0E+01
  U 237 (n,g    ) U 238  4.483E+02+-3.0E+01 U 238 (n,total)        1.196E+01+-8.1E-01 U 238 (n,F    )        1.666E-05+-6.3E+01 U 238 (n,E    ) U 238  9.299E+00+-1.1E+00
  U 238 (n,g    ) U 239  2.662E+00+-1.8E+00 Np234 (n,total)        2.105E+03+-8.5E+01 Np234 (n,F    )        1.984E+03+-9.0E+01 Np234 (n,E    ) Np234  1.142E+01+-9.0E+01
  Np234 (n,g    ) Np235  1.092E+02+-9.0E+01 Np235 (n,total)        2.177E+02+-1.2E+01 Np235 (n,F    )        5.258E+01+-5.0E+01 Np235 (n,E    ) Np235  1.132E+01+-5.0E+01
  Np235 (n,g    ) Np236  1.538E+02+-1.8E+00 Np236 (n,total)        2.917E+03+-0.0E+00 Np236 (n,F    )        2.787E+03+-0.0E+00 Np236 (n,E    ) Np236  9.656E+00+-2.0E+01
  Np236 (n,g    ) Np237  1.205E+02+-5.0E+01 Np237 (n,total)        1.910E+02+-8.0E+00 Np237 (n,F    )        2.001E-02+-4.0E+00 Np237 (n,E    ) Np237  1.446E+01+-8.0E+00
  Np237 (n,g    ) Np238  1.765E+02+-0.0E+00 Np238 (n,total)        2.672E+03+-0.0E+00 Np238 (n,F    )        2.185E+03+-0.0E+00 Np238 (n,E    ) Np238  1.225E+01+-2.0E+01
  Np238 (n,g    ) Np239  4.748E+02+-0.0E+00 Np239 (n,total)        5.570E+01+-4.1E+01 Np239 (n,F    )        2.779E-02+-5.0E+01 Np239 (n,E    ) Np239  1.102E+01+-5.0E+01
  Np239 (n,g    ) Np240  4.465E+01+-5.0E+01 Pu236 (n,total)        1.753E+02+-0.0E+00 Pu236 (n,F    )        1.388E+02+-0.0E+00 Pu236 (n,E    ) Pu236  9.199E+00+-2.0E+01
  Pu236 (n,g    ) Pu237  2.734E+01+-0.0E+00 Pu237 (n,total)        2.486E+03+-2.5E+01 Pu237 (n,F    )        2.277E+03+-2.7E+01 Pu237 (n,E    ) Pu237  1.112E+01+-5.0E+01
  Pu237 (n,g    ) Pu238  1.984E+02+-5.0E+01 Pu238 (n,total)        5.798E+02+-0.0E+00 Pu238 (n,F    )        1.756E+01+-0.0E+00 Pu238 (n,E    ) Pu238  1.542E+02+-1.0E+01
  Pu238 (n,g    ) Pu239  4.081E+02+-1.0E+01 Pu239 (n,total)        1.020E+03+-7.6E-01 Pu239 (n,F    )        7.417E+02+-1.1E+00 Pu239 (n,E    ) Pu239  8.810E+00+-6.9E-01
  Pu239 (n,g    ) Pu240  2.699E+02+-1.7E+00 Pu240 (n,total)        2.899E+02+-3.0E+00 Pu240 (n,F    )        3.596E-02+-2.0E+00 Pu240 (n,E    ) Pu240  2.664E+00+-3.0E+00
  Pu240 (n,g    ) Pu241  2.872E+02+-5.0E+00 Pu241 (n,total)        1.375E+03+-5.0E+00 Pu241 (n,F    )        1.004E+03+-2.0E+00 Pu241 (n,E    ) Pu241  1.126E+01+-5.0E+00
  Pu241 (n,g    ) Pu242  3.593E+02+-1.0E+01 Pu242 (n,total)        2.806E+01+-8.0E+00 Pu242 (n,F    )        2.417E-03+-0.0E+00 Pu242 (n,E    ) Pu242  8.325E+00+-8.0E+00
  Pu242 (n,g    ) Pu243  1.973E+01+-0.0E+00 Pu244 (n,total)        1.208E+01+-2.0E+01 Pu244 (n,F    )        1.701E-03+-0.0E+00 Pu244 (n,E    ) Pu244  1.039E+01+-2.0E+01
  Pu244 (n,g    ) Pu245  1.696E+00+-0.0E+00 Pu246 (n,total)        9.030E+01+-4.4E+01 Pu246 (n,F    )        3.175E-03+-5.0E+01 Pu246 (n,E    ) Pu246  1.092E+01+-5.0E+01
  Pu246 (n,g    ) Pu247  7.938E+01+-5.0E+01 Am240 (n,total)        1.777E+03+-7.7E+01 Am240 (n,F    )        1.488E+03+-9.0E+01 Am240 (n,E    ) Am240  1.132E+01+-9.0E+01
  Am240 (n,g    ) Am241  2.778E+02+-9.0E+01 Am241 (n,total)        6.927E+02+-1.5E+01 Am241 (n,F    )        3.088E+00+-0.0E+00 Am241 (n,E    ) Am241  1.181E+01+-1.5E+01
  Am241 (n,g    ) Am242  6.073E+02+-0.0E+00 Am241 (n,g    ) Am242m 7.049E+01+-0.0E+00 Am242 (n,total)        2.740E+03+-1.0E+01 Am242 (n,F    )        2.404E+03+-1.0E+01
  Am242 (n,E    ) Am242  7.384E+00+-2.0E+01 Am242 (n,g    ) Am243  3.281E+02+-2.0E+01 Am242m(n,total)        7.506E+03+-1.0E+01 Am242m(n,F    )        6.366E+03+-2.0E+00
  Am242m(n,E    ) Am242  5.244E+00+-1.0E+01 Am242m(n,n    ) Am242  4.227E-05+-0.0E+00 Am242m(n,g    ) Am243  1.135E+03+-0.0E+00 Am243 (n,total)        8.523E+01+-1.0E+01
  Am243 (n,F    )        8.095E-02+-5.0E+00 Am243 (n,E    ) Am243  6.489E+00+-1.0E+01 Am243 (n,g    ) Am244  7.866E+01+-5.0E+00 Am244 (n,total)        3.286E+03+-1.9E+01
  Am244 (n,F    )        2.282E+03+-1.6E+01 Am244 (n,E    ) Am244  1.122E+01+-5.0E+01 Am244 (n,g    ) Am245  9.921E+02+-5.0E+01 Am244m(n,total)        2.194E+03+-3.9E+01
  Am244m(n,F    )        1.588E+03+-5.0E+01 Am244m(n,E    ) Am244  1.122E+01+-5.0E+01 Am244m(n,n    ) Am244  4.762E-06+-0.0E+00 Am244m(n,g    ) Am245  5.953E+02+-5.0E+01
  Cm240 (n,total)        9.030E+01+-3.3E+01 Cm240 (n,F    )        2.977E+01+-5.0E+01 Cm240 (n,E    ) Cm240  1.092E+01+-5.0E+01 Cm240 (n,g    ) Cm241  4.960E+01+-5.0E+01
  Cm241 (n,total)        1.201E+03+-4.2E+01 Cm241 (n,F    )        9.921E+02+-5.0E+01 Cm241 (n,E    ) Cm241  1.062E+01+-5.0E+01 Cm241 (n,g    ) Cm242  1.984E+02+-5.0E+01
  Cm242 (n,total)        3.621E+01+-1.0E+01 Cm242 (n,F    )        4.627E+00+-0.0E+00 Cm242 (n,E    ) Cm242  1.261E+01+-1.0E+01 Cm242 (n,g    ) Cm243  1.898E+01+-5.0E+00
  Cm243 (n,total)        7.217E+02+-0.0E+00 Cm243 (n,F    )        5.826E+02+-0.0E+00 Cm243 (n,E    ) Cm243  8.851E+00+-1.0E+01 Cm243 (n,g    ) Cm244  1.302E+02+-3.0E+01
  Cm244 (n,total)        2.851E+01+-2.0E+01 Cm244 (n,F    )        1.014E+00+-1.5E+01 Cm244 (n,E    ) Cm244  1.239E+01+-2.0E+01 Cm244 (n,g    ) Cm245  1.511E+01+-0.0E+00
  Cm245 (n,total)        2.385E+03+-1.0E+01 Cm245 (n,F    )        2.032E+03+-5.0E+00 Cm245 (n,E    ) Cm245  1.025E+01+-1.0E+01 Cm245 (n,g    ) Cm246  3.431E+02+-1.0E+01
  Cm246 (n,total)        1.043E+01+-1.0E+01 Cm246 (n,F    )        4.366E-02+-5.0E+01 Cm246 (n,E    ) Cm246  9.221E+00+-1.0E+01 Cm246 (n,g    ) Cm247  1.170E+00+-1.5E+01
  Cm247 (n,total)        1.618E+02+-1.0E+01 Cm247 (n,F    )        9.398E+01+-0.0E+00 Cm247 (n,E    ) Cm247  8.347E+00+-2.0E+01 Cm247 (n,g    ) Cm248  5.944E+01+-2.0E+01
  Cm248 (n,total)        1.017E+01+-1.0E+01 Cm248 (n,F    )        3.339E-01+-0.0E+00 Cm248 (n,E    ) Cm248  6.989E+00+-1.0E+01 Cm248 (n,g    ) Cm249  2.849E+00+-0.0E+00
  Cm249 (n,total)        2.143E+01+-3.3E+01 Cm249 (n,F    )        9.922E+00+-5.0E+01 Cm249 (n,E    ) Cm249  9.920E+00+-5.0E+01 Cm249 (n,g    ) Cm250  1.588E+00+-5.0E+01
  Cm250 (n,total)        9.159E+01+-4.4E+01 Cm250 (n,F    )        2.120E-02+-5.0E+01 Cm250 (n,E    ) Cm250  1.090E+01+-5.0E+01 Cm250 (n,g    ) Cm251  8.067E+01+-5.0E+01
  Cf246 (n,total)        3.087E+03+-6.4E+01 Cf246 (n,F    )        1.389E+03+-9.0E+01 Cf246 (n,E    ) Cf246  1.062E+01+-9.0E+01 Cf246 (n,g    ) Cf247  1.687E+03+-9.0E+01
  Cf248 (n,total)        2.392E+03+-6.9E+01 Cf248 (n,F    )        6.945E+02+-9.0E+01 Cf248 (n,E    ) Cf248  1.062E+01+-9.0E+01 Cf248 (n,g    ) Cf249  1.686E+03+-9.0E+01
  Cf249 (n,total)        2.163E+03+-0.0E+00 Cf249 (n,F    )        1.656E+03+-0.0E+00 Cf249 (n,E    ) Cf249  6.241E+00+-2.0E+01 Cf249 (n,g    ) Cf250  5.014E+02+-0.0E+00
  Cf250 (n,total)        2.106E+03+-0.0E+00 Cf250 (n,F    )        1.104E+02+-0.0E+00 Cf250 (n,E    ) Cf250  2.236E+00+-2.0E+01 Cf250 (n,g    ) Cf251  1.993E+03+-0.0E+00
  Cf251 (n,total)        7.718E+03+-0.0E+00 Cf251 (n,F    )        4.879E+03+-0.0E+00 Cf251 (n,E    ) Cf251  8.914E+00+-2.0E+01 Cf251 (n,g    ) Cf252  2.830E+03+-0.0E+00
  Cf252 (n,total)        6.437E+01+-0.0E+00 Cf252 (n,F    )        3.277E+01+-0.0E+00 Cf252 (n,E    ) Cf252  1.106E+01+-2.0E+01 Cf252 (n,g    ) Cf253  2.054E+01+-0.0E+00
  Cf253 (n,total)        1.320E+03+-8.8E+01 Cf253 (n,F    )        1.290E+03+-9.0E+01 Cf253 (n,E    ) Cf253  1.052E+01+-9.0E+01 Cf253 (n,g    ) Cf254  1.984E+01+-9.0E+01
  Cf254 (n,total)        1.717E+01+-3.4E+01 Cf254 (n,F    )        1.984E+00+-5.0E+01 Cf254 (n,E    ) Cf254  1.072E+01+-5.0E+01 Cf254 (n,g    ) Cf255  4.465E+00+-5.0E+01
  Es251 (n,total)        2.510E+02+-7.3E+01 Es251 (n,F    )        4.267E+01+-9.0E+01 Es251 (n,E    ) Es251  9.920E+00+-9.0E+01 Es251 (n,g    ) Es252  1.984E+02+-9.0E+01
  Es252 (n,total)        2.193E+03+-8.2E+01 Es252 (n,F    )        1.984E+03+-9.0E+01 Es252 (n,E    ) Es252  1.032E+01+-9.0E+01 Es252 (n,g    ) Es253  1.984E+02+-9.0E+01
  Es253 (n,total)        1.922E+02+-9.5E+00 Es253 (n,F    )        2.481E+00+-5.0E+01 Es253 (n,E    ) Es253  7.132E+00+-5.0E+01 Es253 (n,g    ) Es254  1.826E+02+-9.8E+00
  Es254 (n,total)        2.150E+03+-6.7E+00 Es254 (n,F    )        2.112E+03+-6.8E+00 Es254 (n,E    ) Es254  1.022E+01+-5.0E+01 Es254 (n,g    ) Es255  2.808E+01+-1.1E+01
  Es254m(n,total)        2.242E+03+-8.0E+01 Es254m(n,F    )        1.984E+03+-9.0E+01 Es254m(n,E    ) Es254  9.418E+00+-9.0E+01 Es254m(n,n    ) Es254  2.977E-04+-0.0E+00
  Es254m(n,g    ) Es255  2.481E+02+-9.0E+01 Es255 (n,total)        6.436E+01+-4.3E+01 Es255 (n,F    )        4.964E-01+-5.0E+01 Es255 (n,E    ) Es255  9.318E+00+-5.0E+01
  Es255 (n,g    ) Es256  5.454E+01+-5.0E+01 Fm255 (n,total)        3.611E+03+-4.6E+01 Fm255 (n,F    )        3.334E+03+-5.0E+01 Fm255 (n,E    ) Fm255  9.318E+00+-5.0E+01
  Fm255 (n,g    ) Fm256  2.679E+02+-5.0E+01

1                                                  B R E M S S T R A H L U N G    C A N D I D A T E S  
0 NUCLIDE       AV BETA (MeV)  AV GAMMA (MeV)    NUCLIDE       AV BETA (MeV)  AV GAMMA (MeV)    NUCLIDE       AV BETA (MeV)  AV GAMMA (MeV)
0  HALF LIFE < 1 DAY
   V   66       5.4830E+00     4.7990E+00         Cr  66       3.8630E+00     1.6930E+00         Cr  67       4.9320E+00     3.1370E+00
   Cr  68       4.3910E+00     2.0090E+00         Cr  69       5.1210E+00     3.8210E+00         Cr  70       5.0840E+00     2.5320E+00
   Mn  66       4.7390E+00     4.6440E+00         Mn  67       4.5310E+00     2.4530E+00         Mn  68       5.0720E+00     5.0500E+00
   Mn  69       4.9840E+00     3.0700E+00         Mn  71       5.5740E+00     3.9100E+00         Mn  73       6.0090E+00     4.8040E+00
   Fe  66       2.2670E+00     1.0470E+00         Fe  67       3.7080E+00     1.8520E+00         Fe  68       2.7290E+00     1.2150E+00
   Fe  69       4.0460E+00     2.2360E+00         Fe  70       3.3200E+00     1.4600E+00         Fe  71       4.4010E+00     2.7100E+00
   Fe  72       4.0610E+00     1.8740E+00         Fe  73       4.9030E+00     3.4070E+00         Fe  74       4.6700E+00     2.3240E+00
   Fe  75       5.4750E+00     4.4550E+00         Fe  76       5.1330E+00     2.7160E+00         Co  67       3.0100E+00     1.2490E+00
   Co  68       3.8000E+00     3.4000E+00         Co  69       3.5610E+00     1.6130E+00         Co  71       4.1020E+00     2.1620E+00
   Co  73       4.7180E+00     2.9800E+00         Co  75       5.2590E+00     3.7450E+00         Co  77       5.6470E+00     4.5600E+00
   Ni  68       6.6370E-01     5.8190E-01         Ni  69m      2.3000E+00     1.2980E+00         Ni  70       1.4300E+00     3.0600E-01
   Ni  71       2.8220E+00     1.2440E+00         Ni  72       2.1000E+00     8.4000E-01         Ni  73       3.2810E+00     1.6190E+00
   Ni  74       2.6830E+00     1.1990E+00         Ni  75       3.8270E+00     2.2160E+00         Ni  76       3.3790E+00     1.5270E+00
   Ni  77       4.4810E+00     3.0880E+00         Ni  78       3.9290E+00     1.8770E+00         Ni  79       4.8410E+00     3.9030E+00
   Ni  80       5.3050E+00     2.9610E+00         Ni  81       5.2520E+00     4.3870E+00         Ni  82       5.9830E+00     3.5360E+00
   Cu  66       1.0667E+00     9.7800E-02         Cu  68       1.4800E+00     1.0200E+00         Cu  69       8.9000E-01     5.3000E-01
   Cu  70n      2.4100E+00     1.3100E+00         Cu  71       1.3588E+00     7.1207E-01         Cu  73       1.9850E+00     7.7230E-01
   Cu  75       2.6880E+00     1.0900E+00         Cu  76m      3.6290E+00     3.5950E+00         Cu  77       3.2670E+00     1.5060E+00
   Cu  79       3.7090E+00     1.9700E+00         Cu  81       4.8260E+00     3.4570E+00         Cu  83       5.2810E+00     4.3320E+00
   Zn  69       3.2160E-01     6.0000E-06         Zn  71       1.0480E+00     3.1500E-01         Zn  73       1.5436E+00     1.1709E+00
   Zn  73m      1.6910E+00     2.7800E-01         Zn  75       1.9400E+00     1.8200E+00         Zn  76       1.5900E+00     5.2300E-01
   Zn  77       2.5400E+00     1.9400E+00         Zn  78       2.2500E+00     1.5300E+00         Zn  79       3.0160E+00     2.9170E+00
   Zn  80       2.5900E+00     1.7100E+00         Zn  81       4.0320E+00     2.7130E+00         Zn  82       4.2340E+00     2.1810E+00
   Zn  83       4.1020E+00     3.9530E+00         Zn  84       4.6230E+00     3.2970E+00         Zn  85       4.7860E+00     4.0100E+00
   Zn  86       5.2610E+00     3.6850E+00         Ga  70       6.4400E-01     7.3000E-03         Ga  73       4.4700E-01     3.4100E-01
   Ga  75       1.2465E+00     3.7754E-01         Ga  77       2.0430E+00     7.8930E-01         Ga  78       2.5800E+00     2.5400E+00
   Ga  79       2.4500E+00     2.0800E+00         Ga  81       2.3600E+00     2.2600E+00         Ga  83       3.8810E+00     3.7430E+00
   Ga  85       4.5090E+00     4.3050E+00         Ga  87       5.2640E+00     4.4360E+00         Ga  89       5.9290E+00     5.1370E+00
   Ge  75       4.2000E-01     3.5000E-02         Ge  77m      9.7000E-01     7.4000E-02         Ge  79       1.7100E+00     3.0900E-01
   Ge  80       8.1510E-01     6.1970E-01         Ge  81m      2.5000E+00     1.7800E+00         Ge  82       1.4490E+00     7.6520E-01
   Ge  83       2.6890E+00     2.4440E+00         Ge  84       2.5460E+00     2.4600E+00         Ge  86       3.3620E+00     2.6360E+00
   Ge  88       4.0060E+00     3.0030E+00         Ge  89       4.5980E+00     3.9170E+00         Ge  90       4.9980E+00     3.0740E+00
   Ge  91       5.1300E+00     4.4790E+00         As  79       8.3900E-01     3.3800E-02         As  80       2.1500E+00     5.8000E-01
   As  81       1.5750E+00     2.3150E-01         As  82       2.9171E+00     1.0849E+00         As  84       3.2000E+00     3.1500E+00
   As  89       3.9770E+00     3.9430E+00         As  90       4.5970E+00     4.3800E+00         As  91       4.8610E+00     4.1060E+00
   As  93       4.8490E+00     4.1110E+00         As  95       5.1780E+00     4.4660E+00         Se  81       6.1080E-01     8.1000E-03
   Se  83m      1.2730E+00     9.8200E-01         Se  84       5.4000E-01     4.2000E-01         Se  88       2.2150E+00     2.0320E+00
   Se  89       3.1260E+00     1.8940E+00         Se  90       2.9040E+00     2.6330E+00         Se  91       3.7850E+00     3.1260E+00
   Se  92       4.1130E+00     2.2370E+00         Se  94       4.1890E+00     2.3000E+00         Se  95       4.5590E+00     4.4970E+00
   Se  96       4.6120E+00     2.6180E+00         Br  80       7.2600E-01     7.6000E-02         Br  83       3.2500E-01     7.0000E-03
   Br  85       1.0410E+00     6.6000E-02         Br  91       3.4170E+00     2.1390E+00         Br  92       4.0060E+00     3.1990E+00
   Br  97       4.1950E+00     3.5080E+00         Br  99       4.5720E+00     3.9200E+00         Kr  85m      2.5490E-01     1.5700E-01
   Kr  87       1.3300E+00     7.9200E-01         Kr  90       1.3600E+00     1.3300E+00         Kr  91       2.1000E+00     1.7460E+00
   Kr  92       2.0000E+00     1.4000E+00         Kr  93       2.8800E+00     2.2600E+00         Kr  94       2.9470E+00     1.4800E+00
   Kr  96       3.0730E+00     1.5660E+00         Kr  97       3.8340E+00     2.9930E+00         Kr  98       3.4920E+00     1.8510E+00
   Kr  99       4.2990E+00     3.5310E+00         Kr 100       3.9700E+00     2.1890E+00         Kr 101       4.4400E+00     3.9300E+00
   Kr 102       4.2990E+00     2.6340E+00         Rb  82       1.4120E+00     1.1080E+00         Rb  88       2.0510E+00     6.7700E-01
   Rb  92       2.9000E+00     2.1500E+00         Rb  95       2.3200E+00     2.3000E+00         Rb  96       3.6600E+00     3.0840E+00
   Rb  97       3.0248E+00     2.8767E+00         Rb  98       3.7110E+00     2.9230E+00         Rb  98m      5.3850E+00     1.6800E+00
   Rb  99       3.6640E+00     2.6560E+00         Rb 101       4.0380E+00     3.1230E+00         Rb 102       4.6180E+00     4.6170E+00
   Rb 103       4.3620E+00     3.5020E+00         Rb 105       4.6720E+00     4.0870E+00         Sr  95       2.2100E+00     1.5350E+00
   Sr  96       1.9700E+00     1.3543E+00         Sr  97       2.2850E+00     2.0100E+00         Sr  98       2.1390E+00     1.0510E+00
   Sr  99       3.2000E+00     2.1060E+00         Sr 100       2.5310E+00     1.2750E+00         Sr 101       3.8000E+00     2.6620E+00
   Sr 102       3.0170E+00     1.5780E+00         Sr 103       3.6940E+00     2.9490E+00         Sr 104       3.4300E+00     1.8520E+00
   Sr 105       4.0830E+00     3.3880E+00         Sr 106       3.8190E+00     2.3280E+00         Sr 107       4.5040E+00     4.0360E+00
   Y   92       1.4500E+00     2.5200E-01         Y   93       1.1720E+00     9.6000E-02         Y   94       1.8100E+00     7.7000E-01
   Y   95       1.4400E+00     1.1100E+00         Y   96       2.6565E+00     1.2056E+00         Y   97       2.2000E+00     1.8200E+00
   Y   97m      2.4200E+00     2.1500E+00         Y   98       2.9000E+00     2.8100E+00         Y   99       2.3750E+00     1.1470E+00
   Y  100m      3.2900E+00     2.2530E+00         Y  101       2.6910E+00     1.5230E+00         Y  103       3.0340E+00     1.9810E+00
   Y  105       3.3250E+00     2.3720E+00         Y  107       3.6670E+00     2.8010E+00         Y  109       3.7810E+00     3.2550E+00
   Zr  97       7.0500E-01     1.8700E-01         Zr  98       9.1000E-01     0.0000E+00         Zr  99       1.7100E+00     8.4400E-01
   Zr 100       1.1141E+00     6.9823E-01         Zr 101       2.2000E+00     1.0910E+00         Zr 102       1.2500E+00     7.3730E-01
   Zr 103       2.4570E+00     1.4670E+00         Zr 104       1.7420E+00     8.9440E-01         Zr 105       2.6620E+00     1.7640E+00
   Zr 106       2.1380E+00     1.0910E+00         Zr 107       2.9820E+00     2.2010E+00         Zr 108       2.5670E+00     1.3390E+00
   Zr 109       3.3870E+00     2.7030E+00         Zr 110       2.8440E+00     1.5090E+00         Zr 111       3.5750E+00     3.2090E+00
   Zr 112       3.0300E+00     1.9430E+00         Nb  98       1.6275E+00     8.5580E-01         Nb  99       1.2746E+00     6.2173E-01
   Nb 100       2.5400E+00     7.1000E-01         Nb 101       1.8580E+00     4.5000E-01         Nb 102       2.2800E+00     2.0900E+00
   Nb 102m      2.8320E+00     1.4610E+00         Nb 103       2.1110E+00     9.8200E-01         Nb 104m      3.1250E+00     2.1340E+00
   Nb 105       2.4990E+00     1.4040E+00         Nb 106       3.3130E+00     2.5490E+00         Nb 107       2.8150E+00     1.8160E+00
   Nb 108       3.5870E+00     3.1080E+00         Nb 109       3.1580E+00     2.2630E+00         Nb 110       3.9270E+00     3.7450E+00
   Nb 111       3.3990E+00     2.5680E+00         Nb 115       3.7360E+00     3.2730E+00         Mo 102       3.5000E-01     1.8500E-02
   Mo 104       6.2290E-01     5.8470E-01         Mo 106       1.2320E+00     7.4590E-01         Mo 107       2.3170E+00     1.3930E+00
   Mo 108       1.5938E+00     1.1523E+00         Mo 109       2.6750E+00     1.8760E+00         Mo 110       2.1990E+00     1.1520E+00
   Mo 111       3.0980E+00     2.4130E+00         Mo 112       2.5520E+00     1.3540E+00         Mo 113       3.4300E+00     2.8020E+00
   Mo 114       2.9250E+00     1.5780E+00         Mo 115       3.5980E+00     2.9980E+00         Mo 116       3.1780E+00     1.7370E+00
   Mo 117       3.7800E+00     3.4420E+00         Tc 100       1.3176E+00     7.6100E-02         Tc 101       4.7900E-01     3.3700E-01
   Tc 102       1.9350E+00     1.1000E-01         Tc 103       7.0399E-01     5.5265E-01         Tc 109       2.1440E+00     1.0990E+00
   Tc 110       3.0320E+00     2.1700E+00         Tc 111       2.4860E+00     1.5010E+00         Tc 112       3.3400E+00     2.7900E+00
   Tc 113       2.7320E+00     1.8220E+00         Tc 114       3.5780E+00     3.2570E+00         Tc 115       2.9950E+00     2.1620E+00
   Tc 116       3.6930E+00     3.4950E+00         Tc 117       3.1730E+00     2.3900E+00         Tc 118       3.8770E+00     3.8350E+00
   Tc 119       3.2640E+00     2.8470E+00         Ru 107       1.0600E+00     3.4500E-01         Ru 108       3.6000E-01     6.1000E-02
   Ru 110       6.5850E-01     5.9690E-01         Ru 111       1.8670E+00     9.6240E-01         Ru 112       1.1140E+00     7.2500E-01
   Ru 113       2.5420E+00     1.3930E+00         Ru 113m      2.3920E+00     1.3490E+00         Ru 114       1.4730E+00     8.4370E-01
   Ru 115       2.5380E+00     1.8060E+00         Ru 116       1.8430E+00     9.8600E-01         Ru 117       2.6970E+00     2.0260E+00
   Ru 118       2.0940E+00     1.1180E+00         Ru 119       2.9200E+00     2.3110E+00         Ru 120       2.3610E+00     1.2660E+00
   Ru 121       2.9510E+00     2.7290E+00         Ru 122       2.6800E+00     1.4500E+00         Ru 123       3.1430E+00     2.9030E+00
   Ru 124       3.0670E+00     1.6840E+00         Rh 104       9.8500E-01     1.2000E-02         Rh 106       1.4100E+00     2.0600E-01
   Rh 107       4.3000E-01     3.1300E-01         Rh 108       1.9000E+00     3.2000E-01         Rh 109       9.5000E-01     2.9900E-01
   Rh 110m      2.1000E+00     3.3000E-01         Rh 111       1.0774E+00     8.9819E-01         Rh 112       2.4770E+00     1.1560E+00
   Rh 113       1.6100E+00     2.8900E-01         Rh 114       2.7420E+00     1.7530E+00         Rh 115       2.0210E+00     1.0540E+00
   Rh 116       2.9670E+00     2.2200E+00         Rh 116m      3.1800E+00     2.1700E+00         Rh 117       2.2890E+00     1.3590E+00
   Rh 118       3.0940E+00     2.4940E+00         Rh 119       2.4760E+00     1.5980E+00         Rh 120       3.2610E+00     2.8370E+00
   Rh 121       2.6710E+00     1.8520E+00         Rh 122       3.3700E+00     3.0700E+00         Rh 123       2.9030E+00     2.1470E+00
   Rh 124       3.4960E+00     3.3260E+00         Rh 125       3.2700E+00     2.7270E+00         Rh 127       3.4010E+00     3.0370E+00
   Pd 109       3.6080E-01     6.4500E-04         Pd 111       8.3200E-01     4.6800E-02         Pd 111m      1.9000E-01     1.5000E-01
   Pd 113       1.3700E+00     1.2100E-01         Pd 114       5.3300E-01     2.5900E-02         Pd 115       1.3453E+00     1.2512E+00
   Pd 115m      1.3453E+00     1.2512E+00         Pd 116       6.6230E-01     6.0400E-01         Pd 117       1.9150E+00     1.0870E+00
   Pd 118       1.5600E+00     4.1400E-01         Pd 119       2.1110E+00     1.3370E+00         Pd 120       1.3430E+00     8.1370E-01
   Pd 121       2.3350E+00     1.6380E+00         Pd 122       1.6500E+00     9.2090E-01         Pd 123       2.4950E+00     1.8590E+00
   Pd 124       1.9810E+00     1.0720E+00         Pd 125       2.6710E+00     2.0920E+00         Pd 126       2.3590E+00     1.2760E+00
   Pd 127       2.7470E+00     2.5990E+00         Pd 128       2.7610E+00     1.5060E+00         Pd 129       3.9990E+00     3.6810E+00
   Pd 130       3.8930E+00     2.2110E+00         Pd 131       3.9500E+00     3.6490E+00         Ag 108       6.0800E-01     1.8500E-02
   Ag 110       1.1780E+00     3.0700E-02         Ag 111m      2.0000E-01     7.1000E-03         Ag 112       1.4200E+00     6.9000E-01
   Ag 113       7.6400E-01     7.1900E-02         Ag 114       2.1500E+00     2.5900E-01         Ag 115       1.0800E+00     4.8000E-01
   Ag 115m      1.0000E+00     4.9800E-01         Ag 116       1.9500E+00     1.7500E+00         Ag 117m      1.3200E+00     8.3200E-01
   Ag 118       2.5790E+00     1.5700E+00         Ag 119       1.8400E+00     1.6300E+00         Ag 119m      1.9410E+00     9.3600E-01
   Ag 122       3.0480E+00     2.5110E+00         Ag 122m      2.6650E+00     3.5190E-01         Ag 123       2.6400E+00     1.8590E+00
   Ag 124       3.0900E+00     2.6220E+00         Ag 125       2.5910E+00     1.8150E+00         Ag 127       2.8870E+00     2.1810E+00
   Ag 129       3.1070E+00     2.7900E+00         Ag 131       4.1220E+00     3.7240E+00         Ag 133       4.3830E+00     3.9620E+00
   Cd 118       1.6100E-01     0.0000E+00         Cd 120       6.7700E-01     0.0000E+00         Cd 122       7.9681E-01     4.5565E-01
   Cd 124       1.1413E+00     5.6755E-01         Cd 126       1.4905E+00     7.2089E-01         Cd 127       2.0730E+00     2.0010E+00
   Cd 128       1.8310E+00     1.0030E+00         Cd 129       2.3040E+00     2.2280E+00         Cd 130       2.3700E+00     1.8000E+00
   Cd 131       3.5180E+00     3.2670E+00         Cd 132       3.4050E+00     1.8970E+00         Cd 133       3.5390E+00     3.2960E+00
   Cd 134       3.6300E+00     2.2440E+00         Cd 135       3.9560E+00     3.6620E+00         Cd 136       4.0980E+00     2.3510E+00
   In 114       7.7410E-01     2.1400E-03         In 115m      1.7300E-01     1.6300E-01         In 116       1.3630E+00     1.9589E-02
   In 117m      2.6700E-01     9.1000E-02         In 118       1.8790E+00     7.8000E-02         In 119m      1.0420E+00     1.2800E-02
   In 120       2.2400E+00     3.3100E-01         In 121       9.9000E-01     9.3000E-01         In 121m      1.5000E+00     6.4000E-02
   In 122       2.5300E+00     6.4000E-01         In 123       1.3600E+00     1.0600E+00         In 123m      2.0320E+00     6.6000E-02
   In 125       1.8100E+00     1.2000E+00         In 125m      2.0970E+00     6.7203E-01         In 127       2.2000E+00     1.6000E+00
   In 127m      2.9000E+00     4.7000E-01         In 129       2.8000E+00     1.9800E+00         In 129m      3.5000E+00     2.7500E-01
   In 130m      2.8300E+00     2.2600E+00         In 130n      3.3320E+00     3.1900E+00         In 131       3.3000E+00     2.6120E+00
   In 131m      4.2500E+00     2.5000E-02         In 133       3.7660E+00     3.4140E+00         In 135       4.0590E+00     3.6850E+00
   In 137       4.4340E+00     4.0210E+00         Sn 123m      4.7890E-01     1.4070E-01         Sn 125m      8.0600E-01     3.4600E-01
   Sn 127m      8.9031E-01     8.8645E-01         Sn 129       1.2900E+00     1.0079E+00         Sn 131       1.4644E+00     1.1937E+00
   Sn 133       3.4000E+00     2.7300E-01         Sn 134       2.5303E+00     1.2480E+00         Sn 135       2.5550E+00     2.4820E+00
   Sn 136       2.6140E+00     1.4270E+00         Sn 137       2.9700E+00     2.8310E+00         Sn 138       3.0110E+00     1.6610E+00
   Sn 139       3.2550E+00     3.0720E+00         Sn 140       3.0770E+00     1.9940E+00         Sb 118       8.7300E-01     8.0400E-01
   Sb 134       2.7810E+00     2.2560E+00         Sb 134m      2.8600E+00     2.0600E+00         Sb 135       2.7500E+00     6.7000E-01
   Sb 136       2.9530E+00     2.6050E+00         Sb 137       2.5730E+00     2.3890E+00         Sb 139       2.9080E+00     2.6840E+00
   Sb 141       3.0500E+00     2.8110E+00         Sb 143       3.1320E+00     2.8860E+00         Te 127       2.2460E-01     4.9000E-03
   Te 129       5.4000E-01     6.2000E-02         Te 131       7.1200E-01     4.1970E-01         Te 135       2.0842E+00     1.4779E+00
   Te 137       2.1730E+00     1.6090E+00         Te 138       1.9460E+00     1.0680E+00         Te 139       2.3760E+00     2.3510E+00
   Te 140       2.3360E+00     1.2750E+00         Te 141       2.6580E+00     2.5980E+00         Te 142       2.5130E+00     1.3750E+00
   Te 143       2.7100E+00     2.6510E+00         Te 144       2.4960E+00     1.7450E+00         Te 145       2.8520E+00     2.7740E+00
   I  122       1.1100E+00     9.6000E-01         I  128       7.4500E-01     6.7600E-02         I  130m      1.5000E-01     1.1000E-01
   I  136m      2.6800E+00     2.1330E+00         I  137       1.8930E+00     1.1317E+00         I  138       2.9000E+00     1.4200E+00
   I  139       2.5000E+00     6.6200E-01         I  140       2.7620E+00     2.3280E+00         I  141       2.4250E+00     1.7790E+00
   I  143       2.3750E+00     2.2520E+00         I  145       2.4680E+00     2.3420E+00         I  147       2.9650E+00     2.7720E+00
   Xe 135       3.2000E-01     2.4800E-01         Xe 137       1.7000E+00     1.9000E-01         Xe 139       1.8100E+00     1.0170E+00
   Xe 141       1.8000E+00     1.0080E+00         Xe 144       1.6060E+00     9.2320E-01         Xe 145       2.2910E+00     1.8270E+00
   Xe 146       1.9710E+00     1.0860E+00         Xe 148       2.5530E+00     1.4020E+00         Xe 149       2.6370E+00     2.6190E+00
   Xe 150       3.0920E+00     1.7220E+00         Cs 139       1.6600E+00     3.0300E-01         Cs 141       1.9400E+00     9.9743E-01
   Cs 142       2.9000E+00     9.5000E-01         Cs 143       1.9350E+00     1.2170E+00         Cs 144       2.6490E+00     2.1930E+00
   Cs 145       2.0700E+00     1.3870E+00         Cs 146       2.6320E+00     2.1900E+00         Cs 147       2.4000E+00     1.5810E+00
   Cs 149       2.5070E+00     2.4040E+00         Cs 151       2.9640E+00     2.7950E+00         Cs 152       2.3760E+00     1.6980E+00
   Ba 139       9.0100E-01     4.6000E-02         Ba 141       9.4600E-01     9.2500E-01         Ba 143       1.2400E+00     1.1400E+00
   Ba 144       9.4630E-01     7.0500E-01         Ba 146       1.1750E+00     8.3300E-01         Ba 147       1.8580E+00     1.3010E+00
   Ba 148       1.3430E+00     8.3530E-01         Ba 149       2.0160E+00     1.5200E+00         Ba 150       1.9850E+00     1.0960E+00
   Ba 152       2.5240E+00     1.3900E+00         Ba 154       2.9560E+00     1.6450E+00         La 134       7.7400E-01     7.1500E-01
   La 136       6.0000E-01     4.1000E-01         La 141       9.6300E-01     2.6800E-02         La 143       1.5000E+00     2.6300E-01
   La 146       2.3500E+00     1.4924E+00         La 147       1.6320E+00     9.3630E-01         La 148       2.6700E+00     1.2560E+00
   La 149       1.7830E+00     1.0870E+00         La 151       2.2020E+00     1.6010E+00         La 153       2.5950E+00     2.0880E+00
   La 155       2.8170E+00     2.6980E+00         La 157       3.2500E+00     3.0650E+00         Ce 148       6.0100E-01     3.2600E-01
   Ce 149       1.1752E+00     1.0450E+00         Ce 150       6.8918E-01     4.3969E-01         Ce 151       1.4400E+00     8.7740E-01
   Ce 151m      1.7080E+00     1.3040E-01         Ce 152       1.1660E+00     7.7840E-01         Ce 153       1.6800E+00     1.1250E+00
   Ce 154       1.6940E+00     9.5870E-01         Ce 155       2.0150E+00     1.5710E+00         Ce 156       2.1180E+00     1.1710E+00
   Ce 157       2.4310E+00     2.0890E+00         Ce 158       2.6080E+00     1.4450E+00         Ce 160       2.9310E+00     1.7000E+00
   Pr 138       1.1610E+00     8.1500E-01         Pr 140       5.4700E-01     5.4400E-01         Pr 142       8.0900E-01     5.8000E-02
   Pr 144       1.2090E+00     2.8900E-02         Pr 145       6.7500E-01     1.8580E-02         Pr 146       1.3200E+00     1.0100E+00
   Pr 148       1.6850E+00     1.2359E+00         Pr 149       9.5260E-01     6.1610E-01         Pr 150       1.9000E+00     5.6000E-01
   Pr 151       1.2340E+00     7.0110E-01         Pr 152       2.1200E+00     1.6800E+00         Pr 153       1.7000E+00     1.0270E+00
   Pr 155       2.0710E+00     1.4800E+00         Pr 157       2.3870E+00     1.8810E+00         Pr 159       2.7730E+00     2.3380E+00
   Pr 161       2.9760E+00     2.8370E+00         Nd 149       5.3000E-01     3.8400E-01         Nd 152       3.3000E-01     1.6400E-01
   Nd 153       1.1800E+00     2.8000E-01         Nd 154       8.7000E-01     4.6520E-01         Nd 155       1.3660E+00     8.3390E-01
   Nd 156       1.1220E+00     7.6570E-01         Nd 157       1.6680E+00     1.1400E+00         Nd 158       1.5890E+00     9.2390E-01
   Nd 159       2.0630E+00     1.6660E+00         Nd 160       2.1000E+00     1.2060E+00         Nd 161       2.1600E+00     1.8790E+00
   Nd 162       2.4850E+00     1.4310E+00         Nd 163       2.4820E+00     2.2190E+00         Nd 164       2.7410E+00     1.5880E+00
   Pm 152       1.3300E+00     2.8600E-01         Pm 153       6.9000E-01     7.6300E-02         Pm 155       1.0200E+00     6.3300E-01
   Pm 157       1.4510E+00     8.4080E-01         Pm 159       1.7820E+00     1.1600E+00         Pm 161       2.1080E+00     1.6960E+00
   Pm 163       2.3930E+00     2.0190E+00         Pm 165       2.5790E+00     2.2210E+00         Sm 155       5.6800E-01     1.0290E-01
   Sm 156       2.0000E-01     1.1400E-01         Sm 157       8.9000E-01     4.0900E-01         Sm 159       1.0002E+00     9.6497E-01
   Sm 160       8.4670E-01     6.8980E-01         Sm 161       1.5070E+00     1.1380E+00         Sm 162       1.3830E+00     8.7780E-01
   Sm 163       1.6690E+00     1.3340E+00         Sm 164       1.8030E+00     1.0490E+00         Sm 165       1.9630E+00     1.6910E+00
   Sm 166       2.0840E+00     1.2050E+00         Sm 167       2.3380E+00     2.1010E+00         Sm 168       2.4430E+00     1.4150E+00
   Eu 150m      2.9700E-01     5.0000E-02         Eu 152m      5.1200E-01     2.9400E-01         Eu 157       3.9000E-01     2.9100E-01
   Eu 159       9.0000E-01     3.0700E-01         Eu 163       1.5410E+00     1.0720E+00         Eu 165       1.8300E+00     1.4070E+00
   Eu 167       2.0240E+00     1.6430E+00         Eu 169       2.2770E+00     1.9350E+00         Gd 159       3.0900E-01     5.6700E-02
   Gd 161       5.8620E-01     3.9300E-01         Gd 164       7.1810E-01     6.4690E-01         Gd 165       1.2300E+00     8.8110E-01
   Gd 166       1.1740E+00     8.0610E-01         Gd 167       1.5450E+00     1.2170E+00         Gd 168       1.5210E+00     9.3250E-01
   Gd 169       1.9130E+00     1.6640E+00         Gd 170       1.9140E+00     1.1160E+00         Gd 171       1.9880E+00     1.7600E+00
   Gd 172       2.1990E+00     1.2790E+00         Tb 165       9.1156E-01     8.3600E-01         Tb 169       1.3550E+00     9.2740E-01
   Tb 171       1.5940E+00     1.1680E+00         Dy 165       4.4800E-01     2.2970E-02         Dy 167       7.1000E-01     5.3300E-01
   Dy 169       1.1600E+00     3.1565E-01         Dy 170       6.4785E-01     6.2895E-01         Dy 171       1.2500E+00     9.2900E-01
   Dy 172       1.0140E+00     7.5300E-01         Ho 171       7.1300E-01     5.8130E-01         Er 171       4.1700E-01     3.7300E-01
   Th 233       4.1218E-01     3.7495E-02         Pa 234m      8.1650E-01     1.9739E-02         Pa 235       4.6414E-01     9.8675E-03
   Pa 236       8.6425E-01     8.0565E-01         U  239       4.0991E-01     5.1571E-02         U  240       1.4543E-01     9.2581E-03
   U  242       3.8832E-01     3.6412E-02         Np 240m      6.8296E-01     3.3680E-01         Np 241       4.3722E-01     3.6085E-02
   Np 242       8.8866E-01     2.4323E-01         Pu 243       1.7365E-01     2.5083E-02         Am 242       1.8268E-01     1.6699E-02
   Am 244m      5.0389E-01     1.2440E-02         Am 245       2.8473E-01     2.7744E-02         Am 247       5.8733E-01     1.3452E-01
   Cm 249       2.8372E-01     1.9675E-02         Cm 251       4.5070E-01     1.1043E-01                                               
0  HALF LIFE < 30 DAYS
   Cu  67       1.5560E-01     1.1540E-01         As  76       1.0600E+00     4.1700E-01         As  77       2.2550E-01     8.1000E-03
   Rb  86       6.6820E-01     9.3000E-02         Y   90       9.3380E-01     1.2500E-06         Nb  95m      1.6900E-01     7.0800E-02
   Mo  99       3.9400E-01     1.4840E-01         Rh 105       1.5350E-01     7.7300E-02         Ag 111       3.5100E-01     2.6500E-02
   Cd 115       3.1900E-01     1.9300E-01         Sn 125       8.0000E-01     3.3000E-01         Sb 122       5.6210E-01     4.4520E-01
   Xe 129m      1.8191E-01     5.1200E-02         Xe 133m      1.9100E-01     4.0800E-02         Ba 133m      2.2200E-01     6.8000E-02
   Ba 135m      2.0575E-01     6.1100E-02         Ba 140       3.2000E-01     1.8200E-01         Ce 137m      2.0200E-01     5.5800E-02
   Ce 143       4.3100E-01     2.7900E-01         Pr 143       3.1510E-01     9.0000E-09         Nd 147       2.6700E-01     1.4400E-01
   Pm 148       7.2900E-01     5.7400E-01         Pm 149       4.5000E-01     1.1900E-02         Sm 153       2.6700E-01     6.1800E-02
   Tb 161       1.9600E-01     3.5500E-02         Dy 166       1.6700E-01     4.2100E-02         Ho 166       6.9400E-01     2.9560E-02
   Tm 172       5.3000E-01     4.7400E-01         Th 231       1.6494E-01     2.5815E-02         U  237       1.9968E-01     1.4338E-01
   Np 239       2.6284E-01     1.8219E-01                                                                                              
0  HALF LIFE < 1 YEAR
   Sr  89       5.8460E-01     0.0000E+00         Y   91       6.0320E-01     3.1000E-03         Cd 115m      6.0440E-01     3.3000E-02
   Sn 123       5.2320E-01     6.9000E-03         Te 129m      2.6900E-01     3.7400E-02         Ce 141       1.7040E-01     7.6700E-02
   Tm 170       3.2800E-01     4.1700E-03                                                                                              
0  HALF LIFE < 100 YEARS
   Kr  85       2.5071E-01     2.2300E-03         Sr  90       1.9580E-01     0.0000E+00         Cd 113m      1.8540E-01     8.2200E-05
   Cs 137       1.8710E-01     0.0000E+00                                                                                              
0  HALF LIFE > 100 YEARS
   In 115       1.5200E-01     0.0000E+00         Np 236       2.3960E-01     1.5299E-01         Cf 251       1.8168E-01     1.2026E-01
0  Nuclides are included in the above list if they satisfy the three criteria: (a) lambda > 0 , (b) Av beta > Av gamma and (c) Av beta > 0.145 MeV





1                                    N E U T R O N      S P E C T R U M


     Group    Upper         Lower         Flux          Group    Upper         Lower         Flux
     index    energy        energy                      index    energy        energy

        1  1.000000E+09  9.600000E+08  0.00000E+00       356  1.202264E+02  1.148154E+02  0.00000E+00
        2  9.600000E+08  9.200000E+08  0.00000E+00       357  1.148154E+02  1.096478E+02  0.00000E+00
        3  9.200000E+08  8.800000E+08  0.00000E+00       358  1.096478E+02  1.047129E+02  0.00000E+00
        4  8.800000E+08  8.400000E+08  0.00000E+00       359  1.047129E+02  1.000000E+02  0.00000E+00
        5  8.400000E+08  8.000000E+08  0.00000E+00       360  1.000000E+02  9.549926E+01  0.00000E+00
        6  8.000000E+08  7.600000E+08  0.00000E+00       361  9.549926E+01  9.120108E+01  0.00000E+00
        7  7.600000E+08  7.200000E+08  0.00000E+00       362  9.120108E+01  8.709636E+01  0.00000E+00
        8  7.200000E+08  6.800000E+08  0.00000E+00       363  8.709636E+01  8.317638E+01  0.00000E+00
        9  6.800000E+08  6.400000E+08  0.00000E+00       364  8.317638E+01  7.943282E+01  0.00000E+00
       10  6.400000E+08  6.000000E+08  0.00000E+00       365  7.943282E+01  7.585776E+01  0.00000E+00
       11  6.000000E+08  5.600000E+08  0.00000E+00       366  7.585776E+01  7.244360E+01  0.00000E+00
       12  5.600000E+08  5.200000E+08  0.00000E+00       367  7.244360E+01  6.918310E+01  0.00000E+00
       13  5.200000E+08  4.800000E+08  0.00000E+00       368  6.918310E+01  6.606934E+01  0.00000E+00
       14  4.800000E+08  4.400000E+08  0.00000E+00       369  6.606934E+01  6.309573E+01  0.00000E+00
       15  4.400000E+08  4.000000E+08  0.00000E+00       370  6.309573E+01  6.025596E+01  0.00000E+00
       16  4.000000E+08  3.600000E+08  0.00000E+00       371  6.025596E+01  5.754399E+01  0.00000E+00
       17  3.600000E+08  3.200000E+08  0.00000E+00       372  5.754399E+01  5.495409E+01  0.00000E+00
       18  3.200000E+08  2.800000E+08  0.00000E+00       373  5.495409E+01  5.248075E+01  0.00000E+00
       19  2.800000E+08  2.400000E+08  0.00000E+00       374  5.248075E+01  5.011872E+01  0.00000E+00
       20  2.400000E+08  2.000000E+08  0.00000E+00       375  5.011872E+01  4.786301E+01  0.00000E+00
       21  2.000000E+08  1.800000E+08  0.00000E+00       376  4.786301E+01  4.570882E+01  0.00000E+00
       22  1.800000E+08  1.600000E+08  0.00000E+00       377  4.570882E+01  4.365158E+01  0.00000E+00
       23  1.600000E+08  1.500000E+08  0.00000E+00       378  4.365158E+01  4.168694E+01  0.00000E+00
       24  1.500000E+08  1.400000E+08  0.00000E+00       379  4.168694E+01  3.981072E+01  0.00000E+00
       25  1.400000E+08  1.300000E+08  0.00000E+00       380  3.981072E+01  3.801894E+01  0.00000E+00
       26  1.300000E+08  1.200000E+08  0.00000E+00       381  3.801894E+01  3.630781E+01  0.00000E+00
       27  1.200000E+08  1.100000E+08  0.00000E+00       382  3.630781E+01  3.467369E+01  0.00000E+00
       28  1.100000E+08  1.000000E+08  0.00000E+00       383  3.467369E+01  3.311311E+01  0.00000E+00
       29  1.000000E+08  9.000000E+07  0.00000E+00       384  3.311311E+01  3.162278E+01  0.00000E+00
       30  9.000000E+07  8.000000E+07  0.00000E+00       385  3.162278E+01  3.019952E+01  0.00000E+00
       31  8.000000E+07  7.500000E+07  0.00000E+00       386  3.019952E+01  2.884032E+01  0.00000E+00
       32  7.500000E+07  7.000000E+07  0.00000E+00       387  2.884032E+01  2.754229E+01  0.00000E+00
       33  7.000000E+07  6.500000E+07  0.00000E+00       388  2.754229E+01  2.630268E+01  0.00000E+00
       34  6.500000E+07  6.000000E+07  0.00000E+00       389  2.630268E+01  2.511886E+01  0.00000E+00
       35  6.000000E+07  5.800000E+07  0.00000E+00       390  2.511886E+01  2.398833E+01  0.00000E+00
       36  5.800000E+07  5.600000E+07  0.00000E+00       391  2.398833E+01  2.290868E+01  0.00000E+00
       37  5.600000E+07  5.400000E+07  0.00000E+00       392  2.290868E+01  2.187762E+01  0.00000E+00
       38  5.400000E+07  5.200000E+07  0.00000E+00       393  2.187762E+01  2.089296E+01  0.00000E+00
       39  5.200000E+07  5.000000E+07  0.00000E+00       394  2.089296E+01  1.995262E+01  0.00000E+00
       40  5.000000E+07  4.800000E+07  0.00000E+00       395  1.995262E+01  1.905461E+01  0.00000E+00
       41  4.800000E+07  4.600000E+07  0.00000E+00       396  1.905461E+01  1.819701E+01  0.00000E+00
       42  4.600000E+07  4.400000E+07  0.00000E+00       397  1.819701E+01  1.737801E+01  0.00000E+00
       43  4.400000E+07  4.200000E+07  0.00000E+00       398  1.737801E+01  1.659587E+01  0.00000E+00
       44  4.200000E+07  4.000000E+07  0.00000E+00       399  1.659587E+01  1.584893E+01  0.00000E+00
       45  4.000000E+07  3.800000E+07  0.00000E+00       400  1.584893E+01  1.513561E+01  0.00000E+00
       46  3.800000E+07  3.600000E+07  0.00000E+00       401  1.513561E+01  1.445440E+01  0.00000E+00
       47  3.600000E+07  3.400000E+07  0.00000E+00       402  1.445440E+01  1.380384E+01  0.00000E+00
       48  3.400000E+07  3.200000E+07  0.00000E+00       403  1.380384E+01  1.318257E+01  0.00000E+00
       49  3.200000E+07  3.000000E+07  0.00000E+00       404  1.318257E+01  1.258925E+01  0.00000E+00
       50  3.000000E+07  2.900000E+07  0.00000E+00       405  1.258925E+01  1.202264E+01  0.00000E+00
       51  2.900000E+07  2.800000E+07  0.00000E+00       406  1.202264E+01  1.148154E+01  0.00000E+00
       52  2.800000E+07  2.700000E+07  0.00000E+00       407  1.148154E+01  1.096478E+01  0.00000E+00
       53  2.700000E+07  2.600000E+07  0.00000E+00       408  1.096478E+01  1.047129E+01  0.00000E+00
       54  2.600000E+07  2.500000E+07  0.00000E+00       409  1.047129E+01  1.000000E+01  0.00000E+00
       55  2.500000E+07  2.400000E+07  0.00000E+00       410  1.000000E+01  9.549926E+00  0.00000E+00
       56  2.400000E+07  2.300000E+07  0.00000E+00       411  9.549926E+00  9.120108E+00  0.00000E+00
       57  2.300000E+07  2.200000E+07  0.00000E+00       412  9.120108E+00  8.709636E+00  0.00000E+00
       58  2.200000E+07  2.100000E+07  0.00000E+00       413  8.709636E+00  8.317638E+00  0.00000E+00
       59  2.100000E+07  2.000000E+07  0.00000E+00       414  8.317638E+00  7.943282E+00  0.00000E+00
       60  2.000000E+07  1.980000E+07  0.00000E+00       415  7.943282E+00  7.585776E+00  0.00000E+00
       61  1.980000E+07  1.960000E+07  0.00000E+00       416  7.585776E+00  7.244360E+00  0.00000E+00
       62  1.960000E+07  1.940000E+07  0.00000E+00       417  7.244360E+00  6.918310E+00  0.00000E+00
       63  1.940000E+07  1.920000E+07  0.00000E+00       418  6.918310E+00  6.606934E+00  0.00000E+00
       64  1.920000E+07  1.900000E+07  0.00000E+00       419  6.606934E+00  6.309573E+00  0.00000E+00
       65  1.900000E+07  1.880000E+07  0.00000E+00       420  6.309573E+00  6.025596E+00  0.00000E+00
       66  1.880000E+07  1.860000E+07  0.00000E+00       421  6.025596E+00  5.754399E+00  0.00000E+00
       67  1.860000E+07  1.840000E+07  0.00000E+00       422  5.754399E+00  5.495409E+00  0.00000E+00
       68  1.840000E+07  1.820000E+07  0.00000E+00       423  5.495409E+00  5.248075E+00  0.00000E+00
       69  1.820000E+07  1.800000E+07  0.00000E+00       424  5.248075E+00  5.011872E+00  0.00000E+00
       70  1.800000E+07  1.780000E+07  0.00000E+00       425  5.011872E+00  4.786301E+00  0.00000E+00
       71  1.780000E+07  1.760000E+07  0.00000E+00       426  4.786301E+00  4.570882E+00  0.00000E+00
       72  1.760000E+07  1.740000E+07  0.00000E+00       427  4.570882E+00  4.365158E+00  0.00000E+00
       73  1.740000E+07  1.720000E+07  0.00000E+00       428  4.365158E+00  4.168694E+00  0.00000E+00
       74  1.720000E+07  1.700000E+07  0.00000E+00       429  4.168694E+00  3.981072E+00  0.00000E+00
       75  1.700000E+07  1.680000E+07  0.00000E+00       430  3.981072E+00  3.801894E+00  0.00000E+00
       76  1.680000E+07  1.660000E+07  0.00000E+00       431  3.801894E+00  3.630781E+00  0.00000E+00
       77  1.660000E+07  1.640000E+07  0.00000E+00       432  3.630781E+00  3.467369E+00  0.00000E+00
       78  1.640000E+07  1.620000E+07  0.00000E+00       433  3.467369E+00  3.311311E+00  0.00000E+00
       79  1.620000E+07  1.600000E+07  0.00000E+00       434  3.311311E+00  3.162278E+00  0.00000E+00
       80  1.600000E+07  1.580000E+07  0.00000E+00       435  3.162278E+00  3.019952E+00  0.00000E+00
       81  1.580000E+07  1.560000E+07  0.00000E+00       436  3.019952E+00  2.884032E+00  0.00000E+00
       82  1.560000E+07  1.540000E+07  0.00000E+00       437  2.884032E+00  2.754229E+00  0.00000E+00
       83  1.540000E+07  1.520000E+07  0.00000E+00       438  2.754229E+00  2.630268E+00  0.00000E+00
       84  1.520000E+07  1.500000E+07  0.00000E+00       439  2.630268E+00  2.511886E+00  0.00000E+00
       85  1.500000E+07  1.480000E+07  0.00000E+00       440  2.511886E+00  2.398833E+00  0.00000E+00
       86  1.480000E+07  1.460000E+07  0.00000E+00       441  2.398833E+00  2.290868E+00  0.00000E+00
       87  1.460000E+07  1.440000E+07  0.00000E+00       442  2.290868E+00  2.187762E+00  0.00000E+00
       88  1.440000E+07  1.420000E+07  0.00000E+00       443  2.187762E+00  2.089296E+00  0.00000E+00
       89  1.420000E+07  1.400000E+07  0.00000E+00       444  2.089296E+00  1.995262E+00  0.00000E+00
       90  1.400000E+07  1.380000E+07  0.00000E+00       445  1.995262E+00  1.905461E+00  0.00000E+00
       91  1.380000E+07  1.360000E+07  0.00000E+00       446  1.905461E+00  1.819701E+00  0.00000E+00
       92  1.360000E+07  1.340000E+07  0.00000E+00       447  1.819701E+00  1.737801E+00  0.00000E+00
       93  1.340000E+07  1.320000E+07  0.00000E+00       448  1.737801E+00  1.659587E+00  0.00000E+00
       94  1.320000E+07  1.300000E+07  0.00000E+00       449  1.659587E+00  1.584893E+00  0.00000E+00
       95  1.300000E+07  1.280000E+07  0.00000E+00       450  1.584893E+00  1.513561E+00  0.00000E+00
       96  1.280000E+07  1.260000E+07  0.00000E+00       451  1.513561E+00  1.445440E+00  0.00000E+00
       97  1.260000E+07  1.240000E+07  0.00000E+00       452  1.445440E+00  1.380384E+00  0.00000E+00
       98  1.240000E+07  1.220000E+07  0.00000E+00       453  1.380384E+00  1.318257E+00  0.00000E+00
       99  1.220000E+07  1.200000E+07  0.00000E+00       454  1.318257E+00  1.258925E+00  0.00000E+00
      100  1.200000E+07  1.180000E+07  0.00000E+00       455  1.258925E+00  1.202264E+00  0.00000E+00
      101  1.180000E+07  1.160000E+07  0.00000E+00       456  1.202264E+00  1.148154E+00  0.00000E+00
      102  1.160000E+07  1.140000E+07  0.00000E+00       457  1.148154E+00  1.096478E+00  0.00000E+00
      103  1.140000E+07  1.120000E+07  0.00000E+00       458  1.096478E+00  1.047129E+00  0.00000E+00
      104  1.120000E+07  1.100000E+07  0.00000E+00       459  1.047129E+00  1.000000E+00  0.00000E+00
      105  1.100000E+07  1.080000E+07  0.00000E+00       460  1.000000E+00  9.549926E-01  0.00000E+00
      106  1.080000E+07  1.060000E+07  0.00000E+00       461  9.549926E-01  9.120108E-01  0.00000E+00
      107  1.060000E+07  1.040000E+07  0.00000E+00       462  9.120108E-01  8.709636E-01  0.00000E+00
      108  1.040000E+07  1.020000E+07  0.00000E+00       463  8.709636E-01  8.317638E-01  0.00000E+00
      109  1.020000E+07  1.000000E+07  0.00000E+00       464  8.317638E-01  7.943282E-01  0.00000E+00
      110  1.000000E+07  9.549926E+06  0.00000E+00       465  7.943282E-01  7.585776E-01  0.00000E+00
      111  9.549926E+06  9.120108E+06  0.00000E+00       466  7.585776E-01  7.244360E-01  0.00000E+00
      112  9.120108E+06  8.709636E+06  0.00000E+00       467  7.244360E-01  6.918310E-01  0.00000E+00
      113  8.709636E+06  8.317638E+06  0.00000E+00       468  6.918310E-01  6.606934E-01  0.00000E+00
      114  8.317638E+06  7.943282E+06  0.00000E+00       469  6.606934E-01  6.309573E-01  0.00000E+00
      115  7.943282E+06  7.585776E+06  0.00000E+00       470  6.309573E-01  6.025596E-01  0.00000E+00
      116  7.585776E+06  7.244360E+06  0.00000E+00       471  6.025596E-01  5.754399E-01  0.00000E+00
      117  7.244360E+06  6.918310E+06  0.00000E+00       472  5.754399E-01  5.495409E-01  0.00000E+00
      118  6.918310E+06  6.606934E+06  0.00000E+00       473  5.495409E-01  5.248075E-01  0.00000E+00
      119  6.606934E+06  6.309573E+06  0.00000E+00       474  5.248075E-01  5.011872E-01  0.00000E+00
      120  6.309573E+06  6.025596E+06  0.00000E+00       475  5.011872E-01  4.786301E-01  0.00000E+00
      121  6.025596E+06  5.754399E+06  0.00000E+00       476  4.786301E-01  4.570882E-01  0.00000E+00
      122  5.754399E+06  5.495409E+06  0.00000E+00       477  4.570882E-01  4.365158E-01  0.00000E+00
      123  5.495409E+06  5.248075E+06  0.00000E+00       478  4.365158E-01  4.168694E-01  0.00000E+00
      124  5.248075E+06  5.011872E+06  0.00000E+00       479  4.168694E-01  3.981072E-01  0.00000E+00
      125  5.011872E+06  4.786301E+06  0.00000E+00       480  3.981072E-01  3.801894E-01  0.00000E+00
      126  4.786301E+06  4.570882E+06  0.00000E+00       481  3.801894E-01  3.630781E-01  0.00000E+00
      127  4.570882E+06  4.365158E+06  0.00000E+00       482  3.630781E-01  3.467369E-01  0.00000E+00
      128  4.365158E+06  4.168694E+06  0.00000E+00       483  3.467369E-01  3.311311E-01  0.00000E+00
      129  4.168694E+06  3.981072E+06  0.00000E+00       484  3.311311E-01  3.162278E-01  0.00000E+00
      130  3.981072E+06  3.801894E+06  0.00000E+00       485  3.162278E-01  3.019952E-01  0.00000E+00
      131  3.801894E+06  3.630781E+06  0.00000E+00       486  3.019952E-01  2.884032E-01  0.00000E+00
      132  3.630781E+06  3.467369E+06  0.00000E+00       487  2.884032E-01  2.754229E-01  0.00000E+00
      133  3.467369E+06  3.311311E+06  0.00000E+00       488  2.754229E-01  2.630268E-01  0.00000E+00
      134  3.311311E+06  3.162278E+06  0.00000E+00       489  2.630268E-01  2.511886E-01  0.00000E+00
      135  3.162278E+06  3.019952E+06  0.00000E+00       490  2.511886E-01  2.398833E-01  0.00000E+00
      136  3.019952E+06  2.884032E+06  0.00000E+00       491  2.398833E-01  2.290868E-01  0.00000E+00
      137  2.884032E+06  2.754229E+06  0.00000E+00       492  2.290868E-01  2.187762E-01  0.00000E+00
      138  2.754229E+06  2.630268E+06  0.00000E+00       493  2.187762E-01  2.089296E-01  0.00000E+00
      139  2.630268E+06  2.511886E+06  0.00000E+00       494  2.089296E-01  1.995262E-01  0.00000E+00
      140  2.511886E+06  2.398833E+06  0.00000E+00       495  1.995262E-01  1.905461E-01  0.00000E+00
      141  2.398833E+06  2.290868E+06  0.00000E+00       496  1.905461E-01  1.819701E-01  0.00000E+00
      142  2.290868E+06  2.187762E+06  0.00000E+00       497  1.819701E-01  1.737801E-01  0.00000E+00
      143  2.187762E+06  2.089296E+06  0.00000E+00       498  1.737801E-01  1.659587E-01  0.00000E+00
      144  2.089296E+06  1.995262E+06  0.00000E+00       499  1.659587E-01  1.584893E-01  0.00000E+00
      145  1.995262E+06  1.905461E+06  0.00000E+00       500  1.584893E-01  1.513561E-01  0.00000E+00
      146  1.905461E+06  1.819701E+06  0.00000E+00       501  1.513561E-01  1.445440E-01  0.00000E+00
      147  1.819701E+06  1.737801E+06  0.00000E+00       502  1.445440E-01  1.380384E-01  0.00000E+00
      148  1.737801E+06  1.659587E+06  0.00000E+00       503  1.380384E-01  1.318257E-01  0.00000E+00
      149  1.659587E+06  1.584893E+06  0.00000E+00       504  1.318257E-01  1.258925E-01  0.00000E+00
      150  1.584893E+06  1.513561E+06  0.00000E+00       505  1.258925E-01  1.202264E-01  0.00000E+00
      151  1.513561E+06  1.445440E+06  0.00000E+00       506  1.202264E-01  1.148154E-01  0.00000E+00
      152  1.445440E+06  1.380384E+06  0.00000E+00       507  1.148154E-01  1.096478E-01  0.00000E+00
      153  1.380384E+06  1.318257E+06  0.00000E+00       508  1.096478E-01  1.047129E-01  0.00000E+00
      154  1.318257E+06  1.258925E+06  0.00000E+00       509  1.047129E-01  1.000000E-01  0.00000E+00
      155  1.258925E+06  1.202264E+06  0.00000E+00       510  1.000000E-01  9.549926E-02  0.00000E+00
      156  1.202264E+06  1.148154E+06  0.00000E+00       511  9.549926E-02  9.120108E-02  0.00000E+00
      157  1.148154E+06  1.096478E+06  0.00000E+00       512  9.120108E-02  8.709636E-02  0.00000E+00
      158  1.096478E+06  1.047129E+06  0.00000E+00       513  8.709636E-02  8.317638E-02  0.00000E+00
      159  1.047129E+06  1.000000E+06  0.00000E+00       514  8.317638E-02  7.943282E-02  0.00000E+00
      160  1.000000E+06  9.549926E+05  0.00000E+00       515  7.943282E-02  7.585776E-02  0.00000E+00
      161  9.549926E+05  9.120108E+05  0.00000E+00       516  7.585776E-02  7.244360E-02  0.00000E+00
      162  9.120108E+05  8.709636E+05  0.00000E+00       517  7.244360E-02  6.918310E-02  0.00000E+00
      163  8.709636E+05  8.317638E+05  0.00000E+00       518  6.918310E-02  6.606934E-02  0.00000E+00
      164  8.317638E+05  7.943282E+05  0.00000E+00       519  6.606934E-02  6.309573E-02  0.00000E+00
      165  7.943282E+05  7.585776E+05  0.00000E+00       520  6.309573E-02  6.025596E-02  0.00000E+00
      166  7.585776E+05  7.244360E+05  0.00000E+00       521  6.025596E-02  5.754399E-02  0.00000E+00
      167  7.244360E+05  6.918310E+05  0.00000E+00       522  5.754399E-02  5.495409E-02  0.00000E+00
      168  6.918310E+05  6.606934E+05  0.00000E+00       523  5.495409E-02  5.248075E-02  0.00000E+00
      169  6.606934E+05  6.309573E+05  0.00000E+00       524  5.248075E-02  5.011872E-02  0.00000E+00
      170  6.309573E+05  6.025596E+05  0.00000E+00       525  5.011872E-02  4.786301E-02  0.00000E+00
      171  6.025596E+05  5.754399E+05  0.00000E+00       526  4.786301E-02  4.570882E-02  0.00000E+00
      172  5.754399E+05  5.495409E+05  0.00000E+00       527  4.570882E-02  4.365158E-02  0.00000E+00
      173  5.495409E+05  5.248075E+05  0.00000E+00       528  4.365158E-02  4.168694E-02  0.00000E+00
      174  5.248075E+05  5.011872E+05  0.00000E+00       529  4.168694E-02  3.981072E-02  0.00000E+00
      175  5.011872E+05  4.786301E+05  0.00000E+00       530  3.981072E-02  3.801894E-02  0.00000E+00
      176  4.786301E+05  4.570882E+05  0.00000E+00       531  3.801894E-02  3.630781E-02  0.00000E+00
      177  4.570882E+05  4.365158E+05  0.00000E+00       532  3.630781E-02  3.467369E-02  0.00000E+00
      178  4.365158E+05  4.168694E+05  0.00000E+00       533  3.467369E-02  3.311311E-02  0.00000E+00
      179  4.168694E+05  3.981072E+05  0.00000E+00       534  3.311311E-02  3.162278E-02  0.00000E+00
      180  3.981072E+05  3.801894E+05  0.00000E+00       535  3.162278E-02  3.019952E-02  0.00000E+00
      181  3.801894E+05  3.630781E+05  0.00000E+00       536  3.019952E-02  2.884032E-02  0.00000E+00
      182  3.630781E+05  3.467369E+05  0.00000E+00       537  2.884032E-02  2.754229E-02  0.00000E+00
      183  3.467369E+05  3.311311E+05  0.00000E+00       538  2.754229E-02  2.630268E-02  0.00000E+00
      184  3.311311E+05  3.162278E+05  0.00000E+00       539  2.630268E-02  2.511886E-02  1.00000E+13
      185  3.162278E+05  3.019952E+05  0.00000E+00       540  2.511886E-02  2.398833E-02  0.00000E+00
      186  3.019952E+05  2.884032E+05  0.00000E+00       541  2.398833E-02  2.290868E-02  0.00000E+00
      187  2.884032E+05  2.754229E+05  0.00000E+00       542  2.290868E-02  2.187762E-02  0.00000E+00
      188  2.754229E+05  2.630268E+05  0.00000E+00       543  2.187762E-02  2.089296E-02  0.00000E+00
      189  2.630268E+05  2.511886E+05  0.00000E+00       544  2.089296E-02  1.995262E-02  0.00000E+00
      190  2.511886E+05  2.398833E+05  0.00000E+00       545  1.995262E-02  1.905461E-02  0.00000E+00
      191  2.398833E+05  2.290868E+05  0.00000E+00       546  1.905461E-02  1.819701E-02  0.00000E+00
      192  2.290868E+05  2.187762E+05  0.00000E+00       547  1.819701E-02  1.737801E-02  0.00000E+00
      193  2.187762E+05  2.089296E+05  0.00000E+00       548  1.737801E-02  1.659587E-02  0.00000E+00
      194  2.089296E+05  1.995262E+05  0.00000E+00       549  1.659587E-02  1.584893E-02  0.00000E+00
      195  1.995262E+05  1.905461E+05  0.00000E+00       550  1.584893E-02  1.513561E-02  0.00000E+00
      196  1.905461E+05  1.819701E+05  0.00000E+00       551  1.513561E-02  1.445440E-02  0.00000E+00
      197  1.819701E+05  1.737801E+05  0.00000E+00       552  1.445440E-02  1.380384E-02  0.00000E+00
      198  1.737801E+05  1.659587E+05  0.00000E+00       553  1.380384E-02  1.318257E-02  0.00000E+00
      199  1.659587E+05  1.584893E+05  0.00000E+00       554  1.318257E-02  1.258925E-02  0.00000E+00
      200  1.584893E+05  1.513561E+05  0.00000E+00       555  1.258925E-02  1.202264E-02  0.00000E+00
      201  1.513561E+05  1.445440E+05  0.00000E+00       556  1.202264E-02  1.148154E-02  0.00000E+00
      202  1.445440E+05  1.380384E+05  0.00000E+00       557  1.148154E-02  1.096478E-02  0.00000E+00
      203  1.380384E+05  1.318257E+05  0.00000E+00       558  1.096478E-02  1.047129E-02  0.00000E+00
      204  1.318257E+05  1.258925E+05  0.00000E+00       559  1.047129E-02  1.000000E-02  0.00000E+00
      205  1.258925E+05  1.202264E+05  0.00000E+00       560  1.000000E-02  9.549926E-03  0.00000E+00
      206  1.202264E+05  1.148154E+05  0.00000E+00       561  9.549926E-03  9.120108E-03  0.00000E+00
      207  1.148154E+05  1.096478E+05  0.00000E+00       562  9.120108E-03  8.709636E-03  0.00000E+00
      208  1.096478E+05  1.047129E+05  0.00000E+00       563  8.709636E-03  8.317638E-03  0.00000E+00
      209  1.047129E+05  1.000000E+05  0.00000E+00       564  8.317638E-03  7.943282E-03  0.00000E+00
      210  1.000000E+05  9.549926E+04  0.00000E+00       565  7.943282E-03  7.585776E-03  0.00000E+00
      211  9.549926E+04  9.120108E+04  0.00000E+00       566  7.585776E-03  7.244360E-03  0.00000E+00
      212  9.120108E+04  8.709636E+04  0.00000E+00       567  7.244360E-03  6.918310E-03  0.00000E+00
      213  8.709636E+04  8.317638E+04  0.00000E+00       568  6.918310E-03  6.606934E-03  0.00000E+00
      214  8.317638E+04  7.943282E+04  0.00000E+00       569  6.606934E-03  6.309573E-03  0.00000E+00
      215  7.943282E+04  7.585776E+04  0.00000E+00       570  6.309573E-03  6.025596E-03  0.00000E+00
      216  7.585776E+04  7.244360E+04  0.00000E+00       571  6.025596E-03  5.754399E-03  0.00000E+00
      217  7.244360E+04  6.918310E+04  0.00000E+00       572  5.754399E-03  5.495409E-03  0.00000E+00
      218  6.918310E+04  6.606934E+04  0.00000E+00       573  5.495409E-03  5.248075E-03  0.00000E+00
      219  6.606934E+04  6.309573E+04  0.00000E+00       574  5.248075E-03  5.011872E-03  0.00000E+00
      220  6.309573E+04  6.025596E+04  0.00000E+00       575  5.011872E-03  4.786301E-03  0.00000E+00
      221  6.025596E+04  5.754399E+04  0.00000E+00       576  4.786301E-03  4.570882E-03  0.00000E+00
      222  5.754399E+04  5.495409E+04  0.00000E+00       577  4.570882E-03  4.365158E-03  0.00000E+00
      223  5.495409E+04  5.248075E+04  0.00000E+00       578  4.365158E-03  4.168694E-03  0.00000E+00
      224  5.248075E+04  5.011872E+04  0.00000E+00       579  4.168694E-03  3.981072E-03  0.00000E+00
      225  5.011872E+04  4.786301E+04  0.00000E+00       580  3.981072E-03  3.801894E-03  0.00000E+00
      226  4.786301E+04  4.570882E+04  0.00000E+00       581  3.801894E-03  3.630781E-03  0.00000E+00
      227  4.570882E+04  4.365158E+04  0.00000E+00       582  3.630781E-03  3.467369E-03  0.00000E+00
      228  4.365158E+04  4.168694E+04  0.00000E+00       583  3.467369E-03  3.311311E-03  0.00000E+00
      229  4.168694E+04  3.981072E+04  0.00000E+00       584  3.311311E-03  3.162278E-03  0.00000E+00
      230  3.981072E+04  3.801894E+04  0.00000E+00       585  3.162278E-03  3.019952E-03  0.00000E+00
      231  3.801894E+04  3.630781E+04  0.00000E+00       586  3.019952E-03  2.884032E-03  0.00000E+00
      232  3.630781E+04  3.467369E+04  0.00000E+00       587  2.884032E-03  2.754229E-03  0.00000E+00
      233  3.467369E+04  3.311311E+04  0.00000E+00       588  2.754229E-03  2.630268E-03  0.00000E+00
      234  3.311311E+04  3.162278E+04  0.00000E+00       589  2.630268E-03  2.511886E-03  0.00000E+00
      235  3.162278E+04  3.019952E+04  0.00000E+00       590  2.511886E-03  2.398833E-03  0.00000E+00
      236  3.019952E+04  2.884032E+04  0.00000E+00       591  2.398833E-03  2.290868E-03  0.00000E+00
      237  2.884032E+04  2.754229E+04  0.00000E+00       592  2.290868E-03  2.187762E-03  0.00000E+00
      238  2.754229E+04  2.630268E+04  0.00000E+00       593  2.187762E-03  2.089296E-03  0.00000E+00
      239  2.630268E+04  2.511886E+04  0.00000E+00       594  2.089296E-03  1.995262E-03  0.00000E+00
      240  2.511886E+04  2.398833E+04  0.00000E+00       595  1.995262E-03  1.905461E-03  0.00000E+00
      241  2.398833E+04  2.290868E+04  0.00000E+00       596  1.905461E-03  1.819701E-03  0.00000E+00
      242  2.290868E+04  2.187762E+04  0.00000E+00       597  1.819701E-03  1.737801E-03  0.00000E+00
      243  2.187762E+04  2.089296E+04  0.00000E+00       598  1.737801E-03  1.659587E-03  0.00000E+00
      244  2.089296E+04  1.995262E+04  0.00000E+00       599  1.659587E-03  1.584893E-03  0.00000E+00
      245  1.995262E+04  1.905461E+04  0.00000E+00       600  1.584893E-03  1.513561E-03  0.00000E+00
      246  1.905461E+04  1.819701E+04  0.00000E+00       601  1.513561E-03  1.445440E-03  0.00000E+00
      247  1.819701E+04  1.737801E+04  0.00000E+00       602  1.445440E-03  1.380384E-03  0.00000E+00
      248  1.737801E+04  1.659587E+04  0.00000E+00       603  1.380384E-03  1.318257E-03  0.00000E+00
      249  1.659587E+04  1.584893E+04  0.00000E+00       604  1.318257E-03  1.258925E-03  0.00000E+00
      250  1.584893E+04  1.513561E+04  0.00000E+00       605  1.258925E-03  1.202264E-03  0.00000E+00
      251  1.513561E+04  1.445440E+04  0.00000E+00       606  1.202264E-03  1.148154E-03  0.00000E+00
      252  1.445440E+04  1.380384E+04  0.00000E+00       607  1.148154E-03  1.096478E-03  0.00000E+00
      253  1.380384E+04  1.318257E+04  0.00000E+00       608  1.096478E-03  1.047129E-03  0.00000E+00
      254  1.318257E+04  1.258925E+04  0.00000E+00       609  1.047129E-03  1.000000E-03  0.00000E+00
      255  1.258925E+04  1.202264E+04  0.00000E+00       610  1.000000E-03  9.549926E-04  0.00000E+00
      256  1.202264E+04  1.148154E+04  0.00000E+00       611  9.549926E-04  9.120108E-04  0.00000E+00
      257  1.148154E+04  1.096478E+04  0.00000E+00       612  9.120108E-04  8.709636E-04  0.00000E+00
      258  1.096478E+04  1.047129E+04  0.00000E+00       613  8.709636E-04  8.317638E-04  0.00000E+00
      259  1.047129E+04  1.000000E+04  0.00000E+00       614  8.317638E-04  7.943282E-04  0.00000E+00
      260  1.000000E+04  9.549926E+03  0.00000E+00       615  7.943282E-04  7.585776E-04  0.00000E+00
      261  9.549926E+03  9.120108E+03  0.00000E+00       616  7.585776E-04  7.244360E-04  0.00000E+00
      262  9.120108E+03  8.709636E+03  0.00000E+00       617  7.244360E-04  6.918310E-04  0.00000E+00
      263  8.709636E+03  8.317638E+03  0.00000E+00       618  6.918310E-04  6.606934E-04  0.00000E+00
      264  8.317638E+03  7.943282E+03  0.00000E+00       619  6.606934E-04  6.309573E-04  0.00000E+00
      265  7.943282E+03  7.585776E+03  0.00000E+00       620  6.309573E-04  6.025596E-04  0.00000E+00
      266  7.585776E+03  7.244360E+03  0.00000E+00       621  6.025596E-04  5.754399E-04  0.00000E+00
      267  7.244360E+03  6.918310E+03  0.00000E+00       622  5.754399E-04  5.495409E-04  0.00000E+00
      268  6.918310E+03  6.606934E+03  0.00000E+00       623  5.495409E-04  5.248075E-04  0.00000E+00
      269  6.606934E+03  6.309573E+03  0.00000E+00       624  5.248075E-04  5.011872E-04  0.00000E+00
      270  6.309573E+03  6.025596E+03  0.00000E+00       625  5.011872E-04  4.786301E-04  0.00000E+00
      271  6.025596E+03  5.754399E+03  0.00000E+00       626  4.786301E-04  4.570882E-04  0.00000E+00
      272  5.754399E+03  5.495409E+03  0.00000E+00       627  4.570882E-04  4.365158E-04  0.00000E+00
      273  5.495409E+03  5.248075E+03  0.00000E+00       628  4.365158E-04  4.168694E-04  0.00000E+00
      274  5.248075E+03  5.011872E+03  0.00000E+00       629  4.168694E-04  3.981072E-04  0.00000E+00
      275  5.011872E+03  4.786301E+03  0.00000E+00       630  3.981072E-04  3.801894E-04  0.00000E+00
      276  4.786301E+03  4.570882E+03  0.00000E+00       631  3.801894E-04  3.630781E-04  0.00000E+00
      277  4.570882E+03  4.365158E+03  0.00000E+00       632  3.630781E-04  3.467369E-04  0.00000E+00
      278  4.365158E+03  4.168694E+03  0.00000E+00       633  3.467369E-04  3.311311E-04  0.00000E+00
      279  4.168694E+03  3.981072E+03  0.00000E+00       634  3.311311E-04  3.162278E-04  0.00000E+00
      280  3.981072E+03  3.801894E+03  0.00000E+00       635  3.162278E-04  3.019952E-04  0.00000E+00
      281  3.801894E+03  3.630781E+03  0.00000E+00       636  3.019952E-04  2.884032E-04  0.00000E+00
      282  3.630781E+03  3.467369E+03  0.00000E+00       637  2.884032E-04  2.754229E-04  0.00000E+00
      283  3.467369E+03  3.311311E+03  0.00000E+00       638  2.754229E-04  2.630268E-04  0.00000E+00
      284  3.311311E+03  3.162278E+03  0.00000E+00       639  2.630268E-04  2.511886E-04  0.00000E+00
      285  3.162278E+03  3.019952E+03  0.00000E+00       640  2.511886E-04  2.398833E-04  0.00000E+00
      286  3.019952E+03  2.884032E+03  0.00000E+00       641  2.398833E-04  2.290868E-04  0.00000E+00
      287  2.884032E+03  2.754229E+03  0.00000E+00       642  2.290868E-04  2.187762E-04  0.00000E+00
      288  2.754229E+03  2.630268E+03  0.00000E+00       643  2.187762E-04  2.089296E-04  0.00000E+00
      289  2.630268E+03  2.511886E+03  0.00000E+00       644  2.089296E-04  1.995262E-04  0.00000E+00
      290  2.511886E+03  2.398833E+03  0.00000E+00       645  1.995262E-04  1.905461E-04  0.00000E+00
      291  2.398833E+03  2.290868E+03  0.00000E+00       646  1.905461E-04  1.819701E-04  0.00000E+00
      292  2.290868E+03  2.187762E+03  0.00000E+00       647  1.819701E-04  1.737801E-04  0.00000E+00
      293  2.187762E+03  2.089296E+03  0.00000E+00       648  1.737801E-04  1.659587E-04  0.00000E+00
      294  2.089296E+03  1.995262E+03  0.00000E+00       649  1.659587E-04  1.584893E-04  0.00000E+00
      295  1.995262E+03  1.905461E+03  0.00000E+00       650  1.584893E-04  1.513561E-04  0.00000E+00
      296  1.905461E+03  1.819701E+03  0.00000E+00       651  1.513561E-04  1.445440E-04  0.00000E+00
      297  1.819701E+03  1.737801E+03  0.00000E+00       652  1.445440E-04  1.380384E-04  0.00000E+00
      298  1.737801E+03  1.659587E+03  0.00000E+00       653  1.380384E-04  1.318257E-04  0.00000E+00
      299  1.659587E+03  1.584893E+03  0.00000E+00       654  1.318257E-04  1.258925E-04  0.00000E+00
      300  1.584893E+03  1.513561E+03  0.00000E+00       655  1.258925E-04  1.202264E-04  0.00000E+00
      301  1.513561E+03  1.445440E+03  0.00000E+00       656  1.202264E-04  1.148154E-04  0.00000E+00
      302  1.445440E+03  1.380384E+03  0.00000E+00       657  1.148154E-04  1.096478E-04  0.00000E+00
      303  1.380384E+03  1.318257E+03  0.00000E+00       658  1.096478E-04  1.047129E-04  0.00000E+00
      304  1.318257E+03  1.258925E+03  0.00000E+00       659  1.047129E-04  1.000000E-04  0.00000E+00
      305  1.258925E+03  1.202264E+03  0.00000E+00       660  1.000000E-04  9.549926E-05  0.00000E+00
      306  1.202264E+03  1.148154E+03  0.00000E+00       661  9.549926E-05  9.120108E-05  0.00000E+00
      307  1.148154E+03  1.096478E+03  0.00000E+00       662  9.120108E-05  8.709636E-05  0.00000E+00
      308  1.096478E+03  1.047129E+03  0.00000E+00       663  8.709636E-05  8.317638E-05  0.00000E+00
      309  1.047129E+03  1.000000E+03  0.00000E+00       664  8.317638E-05  7.943282E-05  0.00000E+00
      310  1.000000E+03  9.549926E+02  0.00000E+00       665  7.943282E-05  7.585776E-05  0.00000E+00
      311  9.549926E+02  9.120108E+02  0.00000E+00       666  7.585776E-05  7.244360E-05  0.00000E+00
      312  9.120108E+02  8.709636E+02  0.00000E+00       667  7.244360E-05  6.918310E-05  0.00000E+00
      313  8.709636E+02  8.317638E+02  0.00000E+00       668  6.918310E-05  6.606934E-05  0.00000E+00
      314  8.317638E+02  7.943282E+02  0.00000E+00       669  6.606934E-05  6.309573E-05  0.00000E+00
      315  7.943282E+02  7.585776E+02  0.00000E+00       670  6.309573E-05  6.025596E-05  0.00000E+00
      316  7.585776E+02  7.244360E+02  0.00000E+00       671  6.025596E-05  5.754399E-05  0.00000E+00
      317  7.244360E+02  6.918310E+02  0.00000E+00       672  5.754399E-05  5.495409E-05  0.00000E+00
      318  6.918310E+02  6.606934E+02  0.00000E+00       673  5.495409E-05  5.248075E-05  0.00000E+00
      319  6.606934E+02  6.309573E+02  0.00000E+00       674  5.248075E-05  5.011872E-05  0.00000E+00
      320  6.309573E+02  6.025596E+02  0.00000E+00       675  5.011872E-05  4.786301E-05  0.00000E+00
      321  6.025596E+02  5.754399E+02  0.00000E+00       676  4.786301E-05  4.570882E-05  0.00000E+00
      322  5.754399E+02  5.495409E+02  0.00000E+00       677  4.570882E-05  4.365158E-05  0.00000E+00
      323  5.495409E+02  5.248075E+02  0.00000E+00       678  4.365158E-05  4.168694E-05  0.00000E+00
      324  5.248075E+02  5.011872E+02  0.00000E+00       679  4.168694E-05  3.981072E-05  0.00000E+00
      325  5.011872E+02  4.786301E+02  0.00000E+00       680  3.981072E-05  3.801894E-05  0.00000E+00
      326  4.786301E+02  4.570882E+02  0.00000E+00       681  3.801894E-05  3.630781E-05  0.00000E+00
      327  4.570882E+02  4.365158E+02  0.00000E+00       682  3.630781E-05  3.467369E-05  0.00000E+00
      328  4.365158E+02  4.168694E+02  0.00000E+00       683  3.467369E-05  3.311311E-05  0.00000E+00
      329  4.168694E+02  3.981072E+02  0.00000E+00       684  3.311311E-05  3.162278E-05  0.00000E+00
      330  3.981072E+02  3.801894E+02  0.00000E+00       685  3.162278E-05  3.019952E-05  0.00000E+00
      331  3.801894E+02  3.630781E+02  0.00000E+00       686  3.019952E-05  2.884032E-05  0.00000E+00
      332  3.630781E+02  3.467369E+02  0.00000E+00       687  2.884032E-05  2.754229E-05  0.00000E+00
      333  3.467369E+02  3.311311E+02  0.00000E+00       688  2.754229E-05  2.630268E-05  0.00000E+00
      334  3.311311E+02  3.162278E+02  0.00000E+00       689  2.630268E-05  2.511886E-05  0.00000E+00
      335  3.162278E+02  3.019952E+02  0.00000E+00       690  2.511886E-05  2.398833E-05  0.00000E+00
      336  3.019952E+02  2.884032E+02  0.00000E+00       691  2.398833E-05  2.290868E-05  0.00000E+00
      337  2.884032E+02  2.754229E+02  0.00000E+00       692  2.290868E-05  2.187762E-05  0.00000E+00
      338  2.754229E+02  2.630268E+02  0.00000E+00       693  2.187762E-05  2.089296E-05  0.00000E+00
      339  2.630268E+02  2.511886E+02  0.00000E+00       694  2.089296E-05  1.995262E-05  0.00000E+00
      340  2.511886E+02  2.398833E+02  0.00000E+00       695  1.995262E-05  1.905461E-05  0.00000E+00
      341  2.398833E+02  2.290868E+02  0.00000E+00       696  1.905461E-05  1.819701E-05  0.00000E+00
      342  2.290868E+02  2.187762E+02  0.00000E+00       697  1.819701E-05  1.737801E-05  0.00000E+00
      343  2.187762E+02  2.089296E+02  0.00000E+00       698  1.737801E-05  1.659587E-05  0.00000E+00
      344  2.089296E+02  1.995262E+02  0.00000E+00       699  1.659587E-05  1.584893E-05  0.00000E+00
      345  1.995262E+02  1.905461E+02  0.00000E+00       700  1.584893E-05  1.513561E-05  0.00000E+00
      346  1.905461E+02  1.819701E+02  0.00000E+00       701  1.513561E-05  1.445440E-05  0.00000E+00
      347  1.819701E+02  1.737801E+02  0.00000E+00       702  1.445440E-05  1.380384E-05  0.00000E+00
      348  1.737801E+02  1.659587E+02  0.00000E+00       703  1.380384E-05  1.318257E-05  0.00000E+00
      349  1.659587E+02  1.584893E+02  0.00000E+00       704  1.318257E-05  1.258925E-05  0.00000E+00
      350  1.584893E+02  1.513561E+02  0.00000E+00       705  1.258925E-05  1.202264E-05  0.00000E+00
      351  1.513561E+02  1.445440E+02  0.00000E+00       706  1.202264E-05  1.148154E-05  0.00000E+00
      352  1.445440E+02  1.380384E+02  0.00000E+00       707  1.148154E-05  1.096478E-05  0.00000E+00
      353  1.380384E+02  1.318257E+02  0.00000E+00       708  1.096478E-05  1.047129E-05  0.00000E+00
      354  1.318257E+02  1.258925E+02  0.00000E+00       709  1.047129E-05  1.000000E-05  0.00000E+00
      355  1.258925E+02  1.202264E+02  0.00000E+00
0  Spectrum type is CCFE-709
   flux spectrum_identifier is Thermal neutron


fispact run time=                  0.26082E-01 secs


 ------------------------------------------------------------------
 Files that have been opened during this run.
 ------------------------------------------------------------------
 The numbers after the unit names are the internal unit numbers.

 output(38)      printlib_jendl.out
 runlog(48)      printlib_jendl.log
 ------------------------------------------------------------------



     Run timestamp:14:40:31 19 March 2021          

     Current time: 14:40:31 19 March 2021          
