



     ==============================================================================
     |                                                                            |
     |                                                                            |
     |             _____ ___ ____  ____   _    ____ _____    ___ ___              |
     |            |  ___|_ _/ ___||  _ \ / \  / ___|_   _|  |_ _|_ _|             |
     |            | |_   | |\___ \| |_) / _ \| |     | |_____| | | |              |
     |            |  _|  | | ___) |  __/ ___ \ |___  | |_____| | | |              |
     |            |_|   |___|____/|_| /_/   \_\____| |_|    |___|___|             |
     |                                                                            |
     |                            F I S P A C T - I I                             |
     |                            -------------------                             |
     |                                                                            |
     |                  Transmutation-Activation Inventory Code                   |
     |                   United Kingdom Atomic Energy Authority                   |
     |                                                                            |
     |                         Release 5.0 May 2021                               |
     |             Copyright (c) 2009-21, UK Atomic Energy Authority              |
     |                                                                            |
     ==============================================================================



1




     =========================================================================================================
     |                                                                                                       |
     |                      R U N   I D E N T I F I C A T I O N   I N F O R M A T I O N                      |
     |                                                                                                       |
     | INITIAL CROSS SECTION DATA                                                                            |
     | Collapsed library timestamp: 14:35:43 19 March 2021                                                   |
     | EAF source library label:    EAF-2010 69Gp THE EUROPEAN ACTIV                                         |
     | FLUX file label:             BEAVER VALLEY 16000 MWD/Te WIMS                                          |
     |                                                                                                       |
     | DECAY DATA                                                                                            |
     | Condensed library timestamp: 14:35:43 19 March 2021                                                   |
     | EAF source library label:                                                                             |
     |                                                                                                       |
     | THIS RUN                                                                                              |
     | timestamp:                   14:35:43 19 March 2021                                                   |
     | fileroot :                   collapse                                                                 |
     | name of FILES file:          files                                                                    |
     | FISPACT title:               * COLLAPSE 069_99 WITH PWR DEAN.GP                                       |
     |                                                                                                       |
     | See the collapse.log file                                                                             |
     | and summary details at the end of this file for further information on files used by this run         |
     |                                                                                                       |
     =========================================================================================================


1                    C O L L A P S E D    C R O S S     S E C T I O N S     I N     B A R N S 

          NOTE: The diagnostic cross-sections for dpa (n,D--) and for kerma (n,K--) reactions are given in barns-eV.

          The cross section for the specified reaction is given in barns, followed by the error in percent.

    parent reaction  daughter cross section   +-error            parent reaction  daughter cross section   +-error
    H   1  (n,g    )  H   2   2.58370E-02+- 1.05394E+01          H   2  (n,2n   )  H   1   2.02911E-03+- 5.90703E+00
    H   2  (n,g    )  H   3   4.23695E-05+- 1.53266E+01          H   3  (n,2n   )  H   2   4.00262E-05+- 0.00000E+00
    He  3  (n,g    )  He  4   2.31727E-05+- 3.97716E+01          He  3  (n,p    )  H   3   4.13365E+02+- 4.99996E+01
    He  3  (n,d    )  H   2   1.08005E-03+- 7.07869E+00          Li  6  (n,2na  )  H   1   5.35181E-04+- 5.96821E+01
    Li  6  (n,nd   )  He  4   4.13933E-02+- 5.07841E+01          Li  6  (n,g    )  Li  7   3.00793E-03+- 1.09369E+01
    Li  6  (n,p    )  He  6   1.44631E-03+- 1.71557E+01          Li  6  (n,t    )  He  4   7.34910E+01+- 9.99991E+00
    Li  7  (n,2n   )  Li  6   9.92512E-06+- 0.00000E+00          Li  7  (n,na   )  H   3   7.96497E-03+- 4.38376E+01
    Li  7  (n,g    )  Li  8   3.53953E-03+- 9.52261E+00          Li  7  (n,d    )  He  6   1.96198E-07+- 0.00000E+00
    Be  7  (n,np   )  Li  6   1.37401E-03+- 0.00000E+00          Be  7  (n,g    )  Be  8   3.02742E-03+- 3.25842E+02
    Be  7  (n,p    )  Li  7   2.98912E+03+- 4.99892E+01          Be  7  (n,d    )  Li  6   5.85404E-03+- 6.91020E+01
    Be  7  (n,a    )  He  4   2.62220E-02+- 2.50310E+01          Be  7  (n,2p   )  He  6   5.36843E-08+- 0.00000E+00
    Be  9  (n,2n   )  Be  8   4.27612E-02+- 8.31076E+00          Be  9  (n,g    )  Be 10   5.90466E-04+- 1.06778E+01
    Be  9  (n,a    )  He  6   1.18243E-02+- 2.89360E+01          Be 10  (n,2n   )  Be  9   2.38442E-04+- 0.00000E+00
    Be 10  (n,3n   )  Be  8   1.92263E-07+- 0.00000E+00          Be 10  (n,na   )  He  6   1.00846E-05+- 0.00000E+00
    Be 10  (n,g    )  Be 11   8.44327E-05+- 4.70778E+01          B  10  (n,na   )  Li  6   7.37798E-04+- 3.23267E+01
    B  10  (n,np   )  Be  9   5.14817E-05+- 0.00000E+00          B  10  (n,nd   )  Be  8   1.19789E-04+- 0.00000E+00
    B  10  (n,2np  )  Be  8   1.71913E-06+- 0.00000E+00          B  10  (n,g    )  B  11   3.89700E-02+- 5.49924E+01
    B  10  (n,p    )  Be 10   4.06766E-03+- 3.84614E+01          B  10  (n,d    )  Be  9   4.11221E-04+- 9.24350E+00
    B  10  (n,t    )  Be  8   1.95171E-02+- 4.38509E+01          B  10  (n,a    )  Li  7   2.98892E+02+- 1.99947E+01
    B  11  (n,na   )  Li  7   3.23438E-07+- 0.00000E+00          B  11  (n,g    )  B  12   4.40360E-04+- 4.96497E+01
    B  11  (n,d    )  Be 10   8.60480E-10+- 0.00000E+00          B  11  (n,a    )  Li  8   9.76764E-06+- 0.00000E+00
    C  12  (n,na   )  Be  8   2.44989E-06+- 0.00000E+00          C  12  (n,n2a  )  He  4   4.68069E-05+- 0.00000E+00
    C  12  (n,g    )  C  13   2.85785E-04+- 1.39477E+01          C  12  (n,a    )  Be  9   5.88603E-04+- 0.00000E+00
    C  13  (n,2n   )  C  12   3.29192E-04+- 7.67480E-01          C  13  (n,g    )  C  14   1.91477E-04+- 3.44311E+01
    C  13  (n,a    )  Be 10   4.17792E-05+- 6.06911E-01          C  14  (n,2n   )  C  13   4.66629E-09+- 0.00000E+00
    C  14  (n,g    )  C  15   3.41501E-06+- 5.01122E+01          N  14  (n,np   )  C  13   3.42248E-05+- 0.00000E+00
    N  14  (n,g    )  N  15   5.88868E-03+- 1.46237E+01          N  14  (n,p    )  C  14   1.58178E-01+- 1.99682E+01
    N  14  (n,d    )  C  13   2.91830E-04+- 3.28914E-02          N  14  (n,t    )  C  12   3.73437E-04+- 9.16398E+00
    N  14  (n,a    )  B  11   2.87575E-02+- 1.40590E+01          N  15  (n,g    )  N  16   9.94517E-06+- 7.66682E+01
    N  15  (n,p    )  C  15   1.70787E-08+- 0.00000E+00          N  15  (n,d    )  C  14   4.27780E-07+- 0.00000E+00
    N  15  (n,a    )  B  12   1.22054E-06+- 0.00000E+00          O  16  (n,g    )  O  17   5.84908E-05+- 3.59774E+01
    O  16  (n,a    )  C  13   4.27926E-03+- 1.19147E+01          O  17  (n,2n   )  O  16   3.52852E-04+- 8.49324E+00
    O  17  (n,na   )  C  13   1.82386E-05+- 0.00000E+00          O  17  (n,g    )  O  18   1.19825E-04+- 6.86740E+01
    O  17  (n,p    )  N  17   8.78073E-07+- 0.00000E+00          O  17  (n,t    )  N  15   1.75884E-06+- 0.00000E+00
    O  17  (n,a    )  C  14   4.43739E-02+- 3.48208E+01          O  18  (n,2n   )  O  17   6.49860E-05+- 0.00000E+00
    O  18  (n,na   )  C  14   1.50991E-05+- 0.00000E+00          O  18  (n,g    )  O  19   4.32617E-05+- 1.52479E+01
    O  18  (n,a    )  C  15   1.32663E-05+- 1.99038E-04          F  19  (n,na   )  N  15   1.84831E-03+- 3.77339E-01
    F  19  (n,np   )  O  18   2.81051E-07+- 0.00000E+00          F  19  (n,g    )  F  20   1.61110E-03+- 1.24226E+01
    F  19  (n,p    )  O  19   5.03815E-04+- 2.73733E+00          F  19  (n,d    )  O  18   2.81257E-05+- 0.00000E+00
    F  19  (n,t    )  O  17   2.48823E-06+- 0.00000E+00          F  19  (n,a    )  N  16   5.44933E-03+- 1.44685E+01
    Ne 20  (n,na   )  O  16   1.04817E-05+- 3.44953E-10          Ne 20  (n,g    )  Ne 21   2.89072E-03+- 2.35367E+01
    Ne 20  (n,p    )  F  20   2.57515E-04+- 0.00000E+00          Ne 20  (n,a    )  O  17   1.72793E-02+- 2.01733E+01
    Ne 20  (n,2a   )  C  13   1.42208E-12+- 0.00000E+00          Ne 21  (n,2n   )  Ne 20   2.25716E-04+- 0.00000E+00
    Ne 21  (n,na   )  O  17   1.43604E-06+- 0.00000E+00          Ne 21  (n,g    )  Ne 22   5.17524E-02+- 1.10788E+01
    Ne 21  (n,p    )  F  21   4.36889E-04+- 4.48273E-01          Ne 21  (n,a    )  O  18   1.24003E-01+- 9.38977E+01
    Ne 21  (n,2a   )  C  14   1.77245E-06+- 3.59555E-15          Ne 22  (n,g    )  Ne 23   3.55597E-03+- 1.90827E+01
    Ne 22  (n,a    )  O  19   1.78730E-05+- 7.56773E-11          Na 22  (n,np   )  Ne 21   1.77117E-04+- 0.00000E+00
    Na 22  (n,g    )  Na 23   2.00728E+01+- 3.26805E+01          Na 22  (n,p    )  Ne 22   2.29420E+03+- 2.99952E+01
    Na 22  (n,d    )  Ne 21   1.42778E-04+- 1.26534E+00          Na 22  (n,t    )  Ne 20   3.34912E-05+- 1.24887E-02
    Na 22  (n,a    )  F  19   2.08486E+01+- 2.98689E+01          Na 22  (n,2a   )  N  15   2.75467E-04+- 1.73319E+00
    Na 22  (n,pa   )  O  18   4.02768E-09+- 0.00000E+00          Na 23  (n,np   )  Ne 22   5.18356E-06+- 0.00000E+00
    Na 23  (n,g    )  Na 24   1.02182E-02+- 4.28238E+01          Na 23  (n,g    )  Na 24m  2.48279E-02+- 2.55351E+01
    Na 23  (n,p    )  Ne 23   6.51642E-04+- 3.80648E+00          Na 23  (n,d    )  Ne 22   2.02222E-05+- 0.00000E+00
    Na 23  (n,a    )  F  20   1.75885E-04+- 1.34611E-01          Na 24  (n,n    )  Na 24m  2.78634E-02+- 9.30101E+01
    Na 24  (n,2n   )  Na 23   1.37636E-03+- 0.00000E+00          Na 24  (n,g    )  Na 25   3.18712E-03+- 7.16702E+02
    Na 24  (n,p    )  Ne 24   1.34031E-03+- 3.06071E+01          Na 24  (n,d    )  Ne 23   2.58568E-08+- 0.00000E+00
    Na 24  (n,t    )  Ne 22   6.79617E-07+- 0.00000E+00          Na 24  (n,a    )  F  21   7.47544E-05+- 6.93120E+00
    Mg 24  (n,g    )  Mg 25   4.49084E-03+- 1.56841E+01          Mg 24  (n,p    )  Na 24   4.77139E-04+- 3.48309E-01
    Mg 24  (n,p    )  Na 24m  2.15059E-04+- 5.50907E-01          Mg 24  (n,a    )  Ne 21   3.07023E-03+- 4.32844E+00
    Mg 25  (n,2n   )  Mg 24   2.57901E-04+- 0.00000E+00          Mg 25  (n,g    )  Mg 26   1.55952E-02+- 2.55948E+01
    Mg 25  (n,p    )  Na 25   8.68313E-04+- 7.50648E+00          Mg 25  (n,a    )  Ne 22   3.17715E-03+- 2.13812E+01
    Mg 26  (n,g    )  Mg 27   3.19702E-03+- 9.81666E+00          Mg 26  (n,p    )  Na 26   7.83340E-07+- 0.00000E+00
    Mg 26  (n,a    )  Ne 23   7.70739E-06+- 1.73784E-10          Mg 28  (n,2n   )  Mg 27   8.28359E-05+- 0.00000E+00
    Mg 28  (n,g    )  Mg 29   1.80018E-04+- 8.91561E+02          Mg 28  (n,a    )  Ne 25   1.75295E-08+- 0.00000E+00
    Al 26  (n,n    )  Al 26m  4.42371E-03+- 8.04664E+01          Al 26  (n,np   )  Mg 25   2.57582E-04+- 0.00000E+00
    Al 26  (n,g    )  Al 27   4.86119E-02+- 8.86396E+02          Al 26  (n,p    )  Mg 26   3.59630E-01+- 4.93633E+01
    Al 26  (n,d    )  Mg 25   1.01605E-04+- 2.44021E+00          Al 26  (n,t    )  Mg 24   1.04450E-05+- 2.56297E-04
    Al 26  (n,a    )  Na 23   8.30722E-01+- 5.96035E+01          Al 26  (n,pa   )  Ne 22   3.52642E-08+- 7.50545E-15
    Al 27  (n,np   )  Mg 26   8.95433E-07+- 0.00000E+00          Al 27  (n,g    )  Al 28   1.93241E-02+- 9.48134E+00
    Al 27  (n,p    )  Mg 27   1.53036E-03+- 5.09702E+00          Al 27  (n,d    )  Mg 26   4.36726E-06+- 0.00000E+00
    Al 27  (n,a    )  Na 24   2.11852E-04+- 7.89381E-01          Al 27  (n,a    )  Na 24m  9.51733E-05+- 7.85418E-01
    Si 28  (n,g    )  Si 29   1.41720E-02+- 8.36993E+00          Si 28  (n,p    )  Al 28   2.54233E-03+- 6.79432E-01
    Si 28  (n,a    )  Mg 25   1.10486E-03+- 4.91931E-01          Si 29  (n,2n   )  Si 28   5.28196E-05+- 0.00000E+00
    Si 29  (n,g    )  Si 30   8.89019E-03+- 1.42722E+01          Si 29  (n,p    )  Al 29   1.16321E-03+- 4.32797E+00
    Si 29  (n,a    )  Mg 26   2.59489E-03+- 1.54282E+01          Si 30  (n,g    )  Si 31   3.14511E-02+- 7.98963E+00
    Si 30  (n,p    )  Al 30   1.33612E-06+- 0.00000E+00          Si 30  (n,a    )  Mg 27   4.06980E-05+- 9.02767E-03
    Si 31  (n,2n   )  Si 30   1.36794E-03+- 0.00000E+00          Si 31  (n,g    )  Si 32   5.88669E-03+- 1.01913E+01
    Si 31  (n,p    )  Al 31   3.40550E-06+- 0.00000E+00          Si 31  (n,a    )  Mg 28   5.88781E-05+- 3.78224E+00
    Si 32  (n,2n   )  Si 31   1.58329E-05+- 0.00000E+00          Si 32  (n,g    )  Si 33   9.26719E-04+- 8.77119E+02
    Si 32  (n,a    )  Mg 29   2.01657E-10+- 0.00000E+00          P  31  (n,np   )  Si 30   1.17312E-04+- 0.00000E+00
    P  31  (n,g    )  P  32   1.36397E-02+- 1.09092E+01          P  31  (n,p    )  Si 31   1.00004E-02+- 8.31546E+00
    P  31  (n,d    )  Si 30   5.14396E-05+- 6.57850E-03          P  31  (n,a    )  Al 28   1.10598E-03+- 1.94120E+00
    P  32  (n,2n   )  P  31   1.99542E-04+- 0.00000E+00          P  32  (n,np   )  Si 31   3.39969E-08+- 0.00000E+00
    P  32  (n,g    )  P  33   3.66963E-02+- 8.72075E+02          P  32  (n,p    )  Si 32   1.75554E-02+- 4.59534E+01
    P  32  (n,d    )  Si 31   4.03934E-06+- 0.00000E+00          P  32  (n,t    )  Si 30   6.12201E-07+- 0.00000E+00
    P  32  (n,a    )  Al 29   7.58797E-04+- 2.79588E+01          P  33  (n,g    )  P  34   1.16855E-02+- 8.98395E+02
    P  33  (n,p    )  Si 33   2.07353E-04+- 5.53912E-02          P  33  (n,d    )  Si 32   8.38321E-07+- 0.00000E+00
    P  33  (n,a    )  Al 30   6.08071E-06+- 2.01128E-07          S  32  (n,na   )  Si 28   1.97471E-06+- 0.00000E+00
    S  32  (n,np   )  P  31   5.67713E-06+- 0.00000E+00          S  32  (n,g    )  S  33   4.19360E-02+- 8.41411E+00
    S  32  (n,p    )  P  32   2.43663E-02+- 8.25834E+00          S  32  (n,d    )  P  31   3.96844E-06+- 0.00000E+00
    S  32  (n,a    )  Si 29   2.47099E-02+- 1.65939E+01          S  33  (n,2n   )  S  32   2.24177E-05+- 0.00000E+00
    S  33  (n,na   )  Si 29   4.86321E-08+- 0.00000E+00          S  33  (n,g    )  S  34   2.76246E-02+- 2.27171E+01
    S  33  (n,p    )  P  33   1.88667E-02+- 3.45114E+01          S  33  (n,d    )  P  32   5.33867E-07+- 0.00000E+00
    S  33  (n,a    )  Si 30   6.69354E-02+- 4.50029E+01          S  34  (n,na   )  Si 30   3.96107E-09+- 0.00000E+00
    S  34  (n,g    )  S  35   1.75590E-02+- 2.59843E+01          S  34  (n,p    )  P  34   1.24354E-04+- 4.90076E-01
    S  34  (n,d    )  P  33   1.04953E-09+- 0.00000E+00          S  34  (n,a    )  Si 31   1.13010E-03+- 3.78689E+00
    S  35  (n,2n   )  S  34   8.11129E-04+- 0.00000E+00          S  35  (n,g    )  S  36   2.47940E-02+- 8.75483E+02
    S  35  (n,p    )  P  35   1.84319E-04+- 1.56615E+01          S  35  (n,a    )  Si 32   7.14920E-04+- 4.30303E+01
    S  36  (n,g    )  S  37   1.43585E-02+- 2.39266E+01          S  36  (n,p    )  P  36   1.57981E-11+- 0.00000E+00
    S  36  (n,a    )  Si 33   2.69031E-05+- 1.80601E-02          Cl 35  (n,na   )  P  31   1.13891E-08+- 0.00000E+00
    Cl 35  (n,np   )  S  34   2.65680E-04+- 0.00000E+00          Cl 35  (n,g    )  Cl 36   3.35481E+00+- 9.31586E+00
    Cl 35  (n,p    )  S  35   8.01417E-02+- 9.51054E+00          Cl 35  (n,d    )  S  34   6.99373E-05+- 1.28391E+00
    Cl 35  (n,a    )  P  32   7.43668E-03+- 1.30092E+01          Cl 36  (n,2n   )  Cl 35   5.49354E-05+- 0.00000E+00
    Cl 36  (n,na   )  P  32   1.00462E-10+- 0.00000E+00          Cl 36  (n,np   )  S  35   1.64110E-06+- 0.00000E+00
    Cl 36  (n,g    )  Cl 37   7.88236E-01+- 4.15446E+01          Cl 36  (n,p    )  S  36   1.93005E-02+- 3.16303E+01
    Cl 36  (n,d    )  S  35   4.84365E-06+- 3.07514E-15          Cl 36  (n,t    )  S  34   3.05154E-07+- 0.00000E+00
    Cl 36  (n,a    )  P  33   3.71288E-02+- 7.82148E+01          Cl 37  (n,na   )  P  33   3.61994E-10+- 0.00000E+00
    Cl 37  (n,np   )  S  36   5.49725E-06+- 0.00000E+00          Cl 37  (n,g    )  Cl 38   3.01960E-02+- 4.15897E+01
    Cl 37  (n,g    )  Cl 38m  4.08938E-03+- 1.79399E+01          Cl 37  (n,p    )  S  37   9.39410E-05+- 1.59685E+00
    Cl 37  (n,d    )  S  36   7.27065E-06+- 0.00000E+00          Cl 37  (n,a    )  P  34   8.55941E-05+- 1.55432E+00
    Ar 36  (n,na   )  S  32   6.54280E-07+- 0.00000E+00          Ar 36  (n,np   )  Cl 35   2.25149E-06+- 0.00000E+00
    Ar 36  (n,g    )  Ar 37   3.96396E-01+- 1.38899E+01          Ar 36  (n,p    )  Cl 36   4.20964E-02+- 4.17512E+01
    Ar 36  (n,d    )  Cl 35   4.75746E-06+- 0.00000E+00          Ar 36  (n,h    )  S  34   2.08351E-11+- 0.00000E+00
    Ar 36  (n,a    )  S  33   2.74699E-02+- 5.04795E+01          Ar 36  (n,2p   )  S  35   1.12340E-09+- 0.00000E+00
    Ar 37  (n,2n   )  Ar 36   1.25818E-05+- 0.00000E+00          Ar 37  (n,na   )  S  33   3.52251E-07+- 0.00000E+00
    Ar 37  (n,np   )  Cl 36   8.68091E-08+- 0.00000E+00          Ar 37  (n,g    )  Ar 38   3.46678E-02+- 8.39934E+02
    Ar 37  (n,p    )  Cl 37   5.18242E+00+- 4.91988E+01          Ar 37  (n,d    )  Cl 36   1.23059E-06+- 0.00000E+00
    Ar 37  (n,t    )  Cl 35   1.59262E-12+- 0.00000E+00          Ar 37  (n,a    )  S  34   1.52981E+02+- 4.99813E+01
    Ar 37  (n,2a   )  Si 30   2.38929E-08+- 1.79501E-11          Ar 37  (n,2p   )  S  36   9.68743E-07+- 0.00000E+00
    Ar 37  (n,pa   )  P  33   1.58862E-10+- 0.00000E+00          Ar 38  (n,na   )  S  34   1.87352E-07+- 0.00000E+00
    Ar 38  (n,g    )  Ar 39   6.30674E-02+- 2.48174E+01          Ar 38  (n,p    )  Cl 38   1.69296E-04+- 3.30941E+00
    Ar 38  (n,p    )  Cl 38m  1.51448E-04+- 1.26215E-01          Ar 38  (n,d    )  Cl 37   3.44950E-08+- 0.00000E+00
    Ar 38  (n,a    )  S  35   1.57249E-03+- 2.78594E+01          Ar 39  (n,2n   )  Ar 38   8.56754E-04+- 0.00000E+00
    Ar 39  (n,na   )  S  35   5.77860E-08+- 0.00000E+00          Ar 39  (n,g    )  Ar 40   4.66269E+01+- 3.32966E+01
    Ar 39  (n,p    )  Cl 39   2.69937E-04+- 1.25250E+01          Ar 39  (n,d    )  Cl 38   8.37715E-11+- 0.00000E+00
    Ar 39  (n,t    )  Cl 37   8.61603E-11+- 0.00000E+00          Ar 39  (n,a    )  S  36   4.18671E+00+- 5.99943E+01
    Ar 40  (n,na   )  S  36   1.64940E-07+- 0.00000E+00          Ar 40  (n,g    )  Ar 41   5.41115E-02+- 9.91244E+00
    Ar 40  (n,p    )  Cl 40   1.42129E-06+- 0.00000E+00          Ar 40  (n,a    )  S  37   4.97639E-05+- 1.28516E-01
    Ar 41  (n,2n   )  Ar 40   1.77941E-03+- 0.00000E+00          Ar 41  (n,g    )  Ar 42   3.93638E-02+- 1.97624E+01
    Ar 41  (n,p    )  Cl 41   1.75932E-05+- 1.21004E-02          Ar 41  (n,a    )  S  38   1.85765E-05+- 9.12232E+00
    Ar 42  (n,2n   )  Ar 41   6.08746E-06+- 0.00000E+00          Ar 42  (n,g    )  Ar 43   1.20195E-02+- 8.92438E+02
    Ar 42  (n,p    )  Cl 42   6.87770E-10+- 0.00000E+00          Ar 42  (n,a    )  S  39   2.54682E-08+- 7.38448E-12
    K  39  (n,na   )  Cl 35   1.07968E-09+- 0.00000E+00          K  39  (n,np   )  Ar 38   2.86165E-04+- 0.00000E+00
    K  39  (n,g    )  K  40   1.69970E-01+- 2.19592E+01          K  39  (n,p    )  Ar 39   1.37586E-01+- 4.39652E+01
    K  39  (n,d    )  Ar 38   5.01851E-05+- 7.68313E-01          K  39  (n,a    )  Cl 36   6.75964E-03+- 1.29832E+01
    K  39  (n,pa   )  S  35   1.50310E-12+- 0.00000E+00          K  40  (n,2n   )  K  39   1.69277E-04+- 0.00000E+00
    K  40  (n,na   )  Cl 36   1.89612E-08+- 0.00000E+00          K  40  (n,np   )  Ar 39   1.80882E-05+- 0.00000E+00
    K  40  (n,g    )  K  41   2.36402E+00+- 2.28120E+01          K  40  (n,p    )  Ar 40   3.64724E-01+- 2.83922E+01
    K  40  (n,d    )  Ar 39   4.56123E-06+- 5.16356E-06          K  40  (n,t    )  Ar 38   5.33404E-07+- 1.86275E-12
    K  40  (n,a    )  Cl 37   6.61609E-02+- 2.05516E+01          K  40  (n,2a   )  P  33   3.96471E-12+- 6.20647E-08
    K  40  (n,pa   )  S  36   6.03128E-08+- 1.78174E-11          K  41  (n,na   )  Cl 37   1.41492E-06+- 0.00000E+00
    K  41  (n,np   )  Ar 40   6.60886E-06+- 0.00000E+00          K  41  (n,g    )  K  42   1.48572E-01+- 8.97751E+00
    K  41  (n,p    )  Ar 41   7.79710E-04+- 5.93696E+00          K  41  (n,d    )  Ar 40   3.97550E-06+- 6.72137E-08
    K  41  (n,a    )  Cl 38   1.46393E-04+- 1.79158E+01          K  41  (n,a    )  Cl 38m  3.28880E-05+- 1.03169E+01
    K  42  (n,2n   )  K  41   4.23364E-04+- 0.00000E+00          K  42  (n,g    )  K  43   1.19852E-01+- 8.29583E+02
    K  42  (n,p    )  Ar 42   1.59593E-03+- 3.76544E+01          K  42  (n,d    )  Ar 41   8.34145E-08+- 0.00000E+00
    K  42  (n,t    )  Ar 40   2.50907E-08+- 0.00000E+00          K  42  (n,a    )  Cl 39   8.83438E-05+- 1.95540E+01
    K  43  (n,2n   )  K  42   3.00084E-07+- 0.00000E+00          K  43  (n,g    )  K  44   9.83031E-02+- 8.39741E+02
    K  43  (n,p    )  Ar 43   3.23782E-05+- 2.18023E+00          K  43  (n,d    )  Ar 42   6.51303E-08+- 0.00000E+00
    K  43  (n,a    )  Cl 40   1.84501E-06+- 2.20520E-03          Ca 40  (n,na   )  Ar 36   7.68210E-08+- 0.00000E+00
    Ca 40  (n,np   )  K  39   3.98531E-06+- 0.00000E+00          Ca 40  (n,g    )  Ca 41   3.34073E-02+- 1.00948E+01
    Ca 40  (n,p    )  K  40   3.92487E-02+- 1.59293E+01          Ca 40  (n,d    )  K  39   4.27576E-06+- 0.00000E+00
    Ca 40  (n,h    )  Ar 38   5.84949E-12+- 0.00000E+00          Ca 40  (n,a    )  Ar 37   1.46614E-02+- 1.63665E+01
    Ca 40  (n,2p   )  Ar 39   5.60583E-11+- 0.00000E+00          Ca 41  (n,2n   )  Ca 40   2.45636E-05+- 0.00000E+00
    Ca 41  (n,na   )  Ar 37   3.49441E-08+- 0.00000E+00          Ca 41  (n,np   )  K  40   5.85097E-08+- 0.00000E+00
    Ca 41  (n,g    )  Ca 42   3.14831E-01+- 4.93151E+01          Ca 41  (n,p    )  K  41   5.73601E-02+- 4.35245E+01
    Ca 41  (n,d    )  K  40   4.74124E-07+- 0.00000E+00          Ca 41  (n,t    )  K  39   5.24995E-11+- 0.00000E+00
    Ca 41  (n,a    )  Ar 38   5.17619E-02+- 5.71526E+01          Ca 41  (n,2a   )  S  34   7.87675E-08+- 3.43738E-07
    Ca 41  (n,2p   )  Ar 40   1.66355E-07+- 0.00000E+00          Ca 41  (n,pa   )  Cl 37   3.87106E-08+- 1.45327E-11
    Ca 42  (n,na   )  Ar 38   7.70132E-07+- 0.00000E+00          Ca 42  (n,g    )  Ca 43   5.69654E-02+- 1.29814E+01
    Ca 42  (n,p    )  K  42   1.71438E-03+- 5.96320E+00          Ca 42  (n,d    )  K  41   3.01784E-09+- 0.00000E+00
    Ca 42  (n,a    )  Ar 39   1.26484E-03+- 2.29977E+01          Ca 43  (n,2n   )  Ca 42   1.00891E-04+- 0.00000E+00
    Ca 43  (n,na   )  Ar 39   4.36529E-11+- 0.00000E+00          Ca 43  (n,g    )  Ca 44   5.09020E-01+- 1.36816E+01
    Ca 43  (n,p    )  K  43   1.31479E-03+- 9.83773E+00          Ca 43  (n,d    )  K  42   3.84293E-11+- 0.00000E+00
    Ca 43  (n,a    )  Ar 40   7.18398E-04+- 3.31018E+01          Ca 44  (n,g    )  Ca 45   7.06107E-02+- 2.23927E+01
    Ca 44  (n,p    )  K  44   1.79319E-05+- 7.45414E-03          Ca 44  (n,a    )  Ar 41   9.22985E-06+- 4.04700E-02
    Ca 45  (n,2n   )  Ca 44   2.91859E-04+- 0.00000E+00          Ca 45  (n,g    )  Ca 46   1.23245E+00+- 4.71433E+01
    Ca 45  (n,p    )  K  45   3.55490E-05+- 2.72376E+00          Ca 45  (n,a    )  Ar 42   1.12154E-05+- 3.50049E+00
    Ca 46  (n,g    )  Ca 47   5.67701E-02+- 2.51460E+01          Ca 46  (n,p    )  K  46   4.72290E-07+- 0.00000E+00
    Ca 46  (n,a    )  Ar 43   2.41135E-08+- 6.22923E-12          Ca 47  (n,2n   )  Ca 46   4.60102E-04+- 0.00000E+00
    Ca 47  (n,g    )  Ca 48   5.98633E-02+- 8.28536E+02          Ca 47  (n,p    )  K  47   1.14094E-06+- 4.92592E-14
    Ca 47  (n,a    )  Ar 44   2.54700E-08+- 1.47976E-07          Ca 48  (n,g    )  Ca 49   8.50925E-02+- 9.87957E+00
    Ca 48  (n,a    )  Ar 45   3.88162E-08+- 0.00000E+00          Sc 44m (n,n    )  Sc 44   1.94746E-01+- 9.63936E+01
    Sc 44m (n,2n   )  Sc 43   3.78362E-07+- 0.00000E+00          Sc 44m (n,na   )  K  40   5.00863E-09+- 0.00000E+00
    Sc 44m (n,np   )  Ca 43   1.53260E-04+- 0.00000E+00          Sc 44m (n,g    )  Sc 45   7.26377E-02+- 7.80983E+01
    Sc 44m (n,g    )  Sc 45m  1.69403E-01+- 7.81004E+01          Sc 44m (n,p    )  Ca 44   1.73058E+00+- 4.98660E+01
    Sc 44m (n,d    )  Ca 43   2.67053E-06+- 2.19470E-01          Sc 44m (n,t    )  Ca 42   1.41656E-09+- 2.32518E-14
    Sc 44m (n,a    )  K  41   3.18009E-03+- 4.23638E+01          Sc 44m (n,2a   )  Cl 37   2.34828E-10+- 2.51643E-09
    Sc 44m (n,pa   )  Ar 40   1.53043E-09+- 2.57097E-10          Sc 45  (n,n    )  Sc 45m  1.33579E-01+- 9.65358E+01
    Sc 45  (n,np   )  Ca 44   2.68198E-05+- 0.00000E+00          Sc 45  (n,g    )  Sc 46   1.17090E+00+- 8.55520E+00
    Sc 45  (n,g    )  Sc 46m  9.36683E-01+- 8.65039E+00          Sc 45  (n,p    )  Ca 45   1.56782E-03+- 7.88357E+00
    Sc 45  (n,d    )  Ca 44   6.59504E-06+- 4.35129E-03          Sc 45  (n,a    )  K  42   1.41172E-04+- 1.49980E+00
    Sc 46  (n,n    )  Sc 46m  6.60052E-02+- 9.58381E+01          Sc 46  (n,2n   )  Sc 45   4.73317E-05+- 0.00000E+00
    Sc 46  (n,2n   )  Sc 45m  1.11940E-05+- 0.00000E+00          Sc 46  (n,np   )  Ca 45   2.82011E-08+- 0.00000E+00
    Sc 46  (n,g    )  Sc 47   6.98989E-01+- 1.50887E+01          Sc 46  (n,p    )  Ca 46   7.96676E-03+- 4.56107E+01
    Sc 46  (n,d    )  Ca 45   4.49865E-07+- 0.00000E+00          Sc 46  (n,t    )  Ca 44   2.34319E-09+- 0.00000E+00
    Sc 46  (n,a    )  K  43   7.13131E-05+- 9.55717E+00          Sc 47  (n,np   )  Ca 46   3.56855E-08+- 0.00000E+00
    Sc 47  (n,g    )  Sc 48   2.35601E-01+- 7.58418E+02          Sc 47  (n,p    )  Ca 47   3.33751E-04+- 3.25233E+01
    Sc 47  (n,d    )  Ca 46   3.69031E-07+- 0.00000E+00          Sc 47  (n,a    )  K  44   1.74218E-06+- 5.67292E-03
    Sc 48  (n,2n   )  Sc 47   1.34178E-04+- 0.00000E+00          Sc 48  (n,g    )  Sc 49   3.77536E-01+- 7.24307E+02
    Sc 48  (n,p    )  Ca 48   6.45752E-04+- 3.84658E+01          Sc 48  (n,d    )  Ca 47   1.54977E-08+- 0.00000E+00
    Sc 48  (n,t    )  Ca 46   3.80879E-12+- 0.00000E+00          Sc 48  (n,a    )  K  45   8.22283E-07+- 3.62673E-02
    Ti 44  (n,na   )  Ca 40   6.49177E-06+- 6.72680E-14          Ti 44  (n,np   )  Sc 43   1.96051E-07+- 0.00000E+00
    Ti 44  (n,g    )  Ti 45   7.64255E-02+- 1.87092E+01          Ti 44  (n,p    )  Sc 44   2.99536E-01+- 7.33920E+01
    Ti 44  (n,p    )  Sc 44m  9.44943E-03+- 5.17069E+01          Ti 44  (n,d    )  Sc 43   4.62492E-07+- 0.00000E+00
    Ti 44  (n,h    )  Ca 42   5.61249E-11+- 1.36944E-12          Ti 44  (n,a    )  Ca 41   3.67930E-02+- 5.10788E+01
    Ti 44  (n,2a   )  Ar 37   1.85981E-12+- 5.90146E-08          Ti 44  (n,2p   )  Ca 43   2.13350E-05+- 3.86730E-16
    Ti 44  (n,pa   )  K  40   2.10056E-11+- 8.04739E-11          Ti 45  (n,2n   )  Ti 44   6.94640E-08+- 0.00000E+00
    Ti 45  (n,na   )  Ca 41   2.77782E-07+- 0.00000E+00          Ti 45  (n,np   )  Sc 44   4.60230E-07+- 0.00000E+00
    Ti 45  (n,np   )  Sc 44m  2.18581E-07+- 0.00000E+00          Ti 45  (n,g    )  Ti 46   3.84021E-01+- 6.89949E+02
    Ti 45  (n,p    )  Sc 45   1.49564E+01+- 7.80609E+01          Ti 45  (n,p    )  Sc 45m  1.24484E+01+- 7.80548E+01
    Ti 45  (n,d    )  Sc 44   2.79582E-07+- 0.00000E+00          Ti 45  (n,d    )  Sc 44m  1.55862E-07+- 0.00000E+00
    Ti 45  (n,a    )  Ca 42   3.36820E-01+- 5.94389E+01          Ti 45  (n,2a   )  Ar 38   1.01449E-07+- 1.19880E-05
    Ti 45  (n,2p   )  Ca 44   4.59271E-05+- 1.58859E-03          Ti 45  (n,pa   )  K  41   1.56532E-10+- 2.90692E-11
    Ti 46  (n,g    )  Ti 47   5.20372E-02+- 2.58608E+01          Ti 46  (n,p    )  Sc 46   3.46727E-03+- 9.33210E+00
    Ti 46  (n,p    )  Sc 46m  9.00801E-04+- 9.33209E+00          Ti 46  (n,d    )  Sc 45   3.22013E-10+- 0.00000E+00
    Ti 46  (n,d    )  Sc 45m  3.28321E-10+- 0.00000E+00          Ti 46  (n,a    )  Ca 43   3.24629E-04+- 9.51522E+00
    Ti 47  (n,2n   )  Ti 46   1.43934E-05+- 0.00000E+00          Ti 47  (n,g    )  Ti 48   1.59491E-01+- 1.64610E+01
    Ti 47  (n,p    )  Sc 47   6.64969E-03+- 7.80060E+00          Ti 47  (n,d    )  Sc 46   1.27299E-10+- 0.00000E+00
    Ti 47  (n,d    )  Sc 46m  1.30503E-11+- 0.00000E+00          Ti 47  (n,a    )  Ca 44   4.57998E-04+- 2.40272E+01
    Ti 48  (n,g    )  Ti 49   6.19108E-01+- 9.60845E+00          Ti 48  (n,p    )  Sc 48   1.15544E-04+- 5.51152E-01
    Ti 48  (n,a    )  Ca 45   3.43068E-05+- 1.83458E+00          Ti 49  (n,2n   )  Ti 48   8.56610E-05+- 0.00000E+00
    Ti 49  (n,g    )  Ti 50   1.76522E-01+- 8.98922E+00          Ti 49  (n,p    )  Sc 49   1.10225E-04+- 4.31863E+00
    Ti 49  (n,a    )  Ca 46   2.29731E-05+- 6.87975E+00          Ti 50  (n,g    )  Ti 51   1.44038E-02+- 1.01777E+01
    Ti 50  (n,p    )  Sc 50   1.08623E-06+- 0.00000E+00          Ti 50  (n,p    )  Sc 50m  1.63004E-07+- 0.00000E+00
    Ti 50  (n,a    )  Ca 47   2.54760E-06+- 1.18985E-03          V  48  (n,np   )  Ti 47   1.18906E-04+- 0.00000E+00
    V  48  (n,g    )  V  49   4.56447E-01+- 6.76001E+02          V  48  (n,p    )  Ti 48   1.52476E+01+- 4.99789E+01
    V  48  (n,d    )  Ti 47   4.21586E-06+- 3.37204E-03          V  48  (n,t    )  Ti 46   4.83023E-10+- 0.00000E+00
    V  48  (n,a    )  Sc 45   8.02810E-04+- 4.34676E+01          V  48  (n,a    )  Sc 45m  7.16858E-04+- 4.29169E+01
    V  48  (n,2p   )  Sc 47   1.65860E-10+- 0.00000E+00          V  48  (n,pa   )  Ca 44   1.06158E-10+- 2.46818E-10
    V  49  (n,np   )  Ti 48   2.88250E-05+- 0.00000E+00          V  49  (n,g    )  V  50   4.16930E-01+- 6.75383E+02
    V  49  (n,p    )  Ti 49   9.05889E-02+- 4.85210E+01          V  49  (n,d    )  Ti 48   5.09883E-06+- 3.36478E-03
    V  49  (n,a    )  Sc 46   9.24639E-05+- 4.22384E+00          V  49  (n,a    )  Sc 46m  2.98878E-05+- 2.93163E+00
    V  50  (n,2n   )  V  49   5.14120E-06+- 0.00000E+00          V  50  (n,np   )  Ti 49   1.05420E-06+- 0.00000E+00
    V  50  (n,g    )  V  51   4.19025E+00+- 4.03559E+01          V  50  (n,p    )  Ti 50   1.79287E-03+- 3.42554E+01
    V  50  (n,d    )  Ti 49   4.72562E-07+- 3.25105E-12          V  50  (n,t    )  Ti 48   7.05303E-11+- 0.00000E+00
    V  50  (n,a    )  Sc 47   4.63659E-05+- 1.01123E+00          V  51  (n,np   )  Ti 50   1.72559E-05+- 0.00000E+00
    V  51  (n,g    )  V  52   3.96190E-01+- 8.43037E+00          V  51  (n,p    )  Ti 51   2.24930E-04+- 4.51561E+00
    V  51  (n,d    )  Ti 50   6.62004E-07+- 3.42496E-03          V  51  (n,a    )  Sc 48   7.53340E-06+- 2.74715E-02
    Cr 48  (n,np   )  V  47   2.58613E-06+- 0.00000E+00          Cr 48  (n,g    )  Cr 49   1.78298E-01+- 8.41780E+02
    Cr 48  (n,p    )  V  48   8.51176E+00+- 4.97795E+01          Cr 48  (n,d    )  V  47   1.10847E-06+- 1.89528E-13
    Cr 48  (n,h    )  Ti 46   3.58490E-11+- 3.51890E-11          Cr 48  (n,a    )  Ti 45   6.29587E-03+- 3.22913E+01
    Cr 48  (n,2p   )  Ti 47   1.25669E-04+- 3.25138E-06          Cr 50  (n,g    )  Cr 51   1.25314E+00+- 8.66379E+00
    Cr 50  (n,p    )  V  50   2.07388E-02+- 1.52039E+01          Cr 50  (n,a    )  Ti 47   1.63043E-04+- 2.47472E+00
    Cr 51  (n,2n   )  Cr 50   2.52044E-06+- 0.00000E+00          Cr 51  (n,g    )  Cr 52   9.19152E-01+- 7.49743E+02
    Cr 51  (n,p    )  V  51   2.77993E-01+- 4.97038E+01          Cr 51  (n,d    )  V  50   1.23072E-08+- 0.00000E+00
    Cr 51  (n,a    )  Ti 48   7.67298E-01+- 5.99735E+01          Cr 51  (n,2p   )  Ti 50   1.25374E-08+- 0.00000E+00
    Cr 52  (n,na   )  Ti 48   9.87475E-11+- 0.00000E+00          Cr 52  (n,np   )  V  51   1.67398E-07+- 0.00000E+00
    Cr 52  (n,g    )  Cr 53   6.53078E-02+- 1.14131E+01          Cr 52  (n,p    )  V  52   4.29985E-04+- 1.44847E+00
    Cr 52  (n,d    )  V  51   3.75434E-11+- 0.00000E+00          Cr 52  (n,a    )  Ti 49   2.03706E-05+- 1.43310E+00
    Cr 53  (n,2n   )  Cr 52   2.26519E-04+- 0.00000E+00          Cr 53  (n,g    )  Cr 54   1.43459E+00+- 9.50120E+00
    Cr 53  (n,p    )  V  53   1.82415E-04+- 4.59615E+00          Cr 53  (n,a    )  Ti 50   2.45652E-04+- 7.98485E+00
    Cr 54  (n,2n   )  Cr 53   1.71284E-07+- 0.00000E+00          Cr 54  (n,g    )  Cr 55   2.98512E-02+- 1.11773E+01
    Cr 54  (n,p    )  V  54   5.36614E-07+- 0.00000E+00          Cr 54  (n,a    )  Ti 51   8.37793E-06+- 7.82473E-02
    Mn 52  (n,n    )  Mn 52m  8.17933E-02+- 9.56367E+01          Mn 52  (n,np   )  Cr 51   1.22209E-04+- 0.00000E+00
    Mn 52  (n,g    )  Mn 53   7.30334E+00+- 3.64265E+01          Mn 52  (n,p    )  Cr 52   8.31302E+01+- 4.99953E+01
    Mn 52  (n,d    )  Cr 51   4.86950E-06+- 1.16957E-02          Mn 52  (n,t    )  Cr 50   9.35159E-11+- 0.00000E+00
    Mn 52  (n,a    )  V  49   2.03898E-03+- 3.10869E+01          Mn 52  (n,2p   )  V  51   1.22947E-06+- 3.00602E-11
    Mn 52  (n,pa   )  Ti 48   2.48736E-10+- 3.26639E-09          Mn 53  (n,np   )  Cr 52   3.38357E-05+- 0.00000E+00
    Mn 53  (n,g    )  Mn 54   5.58353E+00+- 1.21979E+01          Mn 53  (n,p    )  Cr 53   5.12333E-02+- 4.77508E+01
    Mn 53  (n,d    )  Cr 52   4.92565E-06+- 7.65894E-03          Mn 53  (n,a    )  V  50   1.56413E-04+- 5.07817E+00
    Mn 54  (n,2n   )  Mn 53   4.49436E-05+- 0.00000E+00          Mn 54  (n,np   )  Cr 53   1.42725E-06+- 0.00000E+00
    Mn 54  (n,g    )  Mn 55   1.02678E+00+- 4.45365E+01          Mn 54  (n,p    )  Cr 54   9.88377E-02+- 4.93455E+01
    Mn 54  (n,d    )  Cr 53   8.67918E-07+- 4.32144E-08          Mn 54  (n,t    )  Cr 52   5.85241E-10+- 0.00000E+00
    Mn 54  (n,a    )  V  51   3.41342E-04+- 3.24827E+01          Mn 55  (n,np   )  Cr 54   4.76166E-07+- 0.00000E+00
    Mn 55  (n,g    )  Mn 56   1.22782E+00+- 8.51226E+00          Mn 55  (n,p    )  Cr 55   2.30481E-04+- 6.67310E+00
    Mn 55  (n,d    )  Cr 54   3.48924E-07+- 2.36380E-12          Mn 55  (n,a    )  V  52   3.87793E-05+- 1.26437E+00
    Fe 52  (n,np   )  Mn 51   1.54059E-05+- 0.00000E+00          Fe 52  (n,g    )  Fe 53   1.42419E-01+- 8.53141E+02
    Fe 52  (n,g    )  Fe 53m  5.49057E-04+- 8.44135E+02          Fe 52  (n,p    )  Mn 52   2.19561E-01+- 7.23324E+01
    Fe 52  (n,p    )  Mn 52m  1.41018E+01+- 7.79326E+01          Fe 52  (n,d    )  Mn 51   2.59588E-06+- 1.63642E-06
    Fe 52  (n,h    )  Cr 50   1.31434E-10+- 1.15710E-09          Fe 52  (n,a    )  Cr 49   6.75513E-03+- 3.36293E+01
    Fe 52  (n,2p   )  Cr 51   3.98338E-04+- 1.10294E-02          Fe 54  (n,np   )  Mn 53   2.16953E-08+- 0.00000E+00
    Fe 54  (n,g    )  Fe 55   1.84175E-01+- 2.04806E+01          Fe 54  (n,p    )  Mn 54   2.81332E-02+- 7.88649E+00
    Fe 54  (n,d    )  Mn 53   5.15096E-07+- 0.00000E+00          Fe 54  (n,a    )  Cr 51   3.52393E-04+- 1.45434E+00
    Fe 54  (n,2p   )  Cr 53   3.94507E-11+- 0.00000E+00          Fe 55  (n,2n   )  Fe 54   3.47619E-06+- 0.00000E+00
    Fe 55  (n,np   )  Mn 54   1.15119E-12+- 0.00000E+00          Fe 55  (n,g    )  Fe 56   1.02901E+00+- 1.30414E+01
    Fe 55  (n,p    )  Mn 55   1.66065E-02+- 4.27704E+01          Fe 55  (n,d    )  Mn 54   2.45662E-08+- 0.00000E+00
    Fe 55  (n,a    )  Cr 52   1.30901E+01+- 2.99973E+01          Fe 55  (n,2p   )  Cr 54   1.41642E-10+- 0.00000E+00
    Fe 56  (n,na   )  Cr 52   3.50269E-10+- 0.00000E+00          Fe 56  (n,g    )  Fe 57   2.09046E-01+- 8.58551E+00
    Fe 56  (n,p    )  Mn 56   4.64206E-04+- 3.74202E-01          Fe 56  (n,d    )  Mn 55   4.52023E-11+- 0.00000E+00
    Fe 56  (n,a    )  Cr 53   7.78170E-05+- 8.21176E-01          Fe 57  (n,2n   )  Fe 56   4.09942E-04+- 0.00000E+00
    Fe 57  (n,g    )  Fe 58   2.02870E-01+- 1.64308E+01          Fe 57  (n,p    )  Mn 57   2.89823E-04+- 5.42651E+00
    Fe 57  (n,d    )  Mn 56   6.48484E-12+- 0.00000E+00          Fe 57  (n,a    )  Cr 54   2.33284E-04+- 7.30523E+00
    Fe 58  (n,g    )  Fe 59   1.22242E-01+- 1.35854E+01          Fe 58  (n,p    )  Mn 58   1.22773E-06+- 4.20928E-07
    Fe 58  (n,p    )  Mn 58m  1.35898E-06+- 5.93788E-08          Fe 58  (n,a    )  Cr 55   1.09322E-05+- 3.54608E-02
    Fe 59  (n,2n   )  Fe 58   1.63380E-03+- 0.00000E+00          Fe 59  (n,g    )  Fe 60   1.02229E+00+- 1.93812E+01
    Fe 59  (n,p    )  Mn 59   3.74096E-06+- 4.31074E-02          Fe 59  (n,a    )  Cr 56   8.64198E-01+- 3.99997E+01
    Fe 60  (n,2n   )  Fe 59   9.11268E-05+- 0.00000E+00          Fe 60  (n,g    )  Fe 61   5.14051E-02+- 8.29566E+02
    Fe 60  (n,p    )  Mn 60   1.31705E-09+- 0.00000E+00          Fe 60  (n,p    )  Mn 60m  7.18957E-10+- 0.00000E+00
    Fe 60  (n,a    )  Cr 57   1.89871E-07+- 3.25011E-05          Co 55  (n,np   )  Fe 54   2.61511E-04+- 1.15681E-03
    Co 55  (n,g    )  Co 56   1.02002E+00+- 4.94297E+02          Co 55  (n,p    )  Fe 55   2.72413E+01+- 4.99638E+01
    Co 55  (n,d    )  Fe 54   2.35786E-05+- 1.44973E+00          Co 55  (n,a    )  Mn 52   1.72687E-03+- 3.64264E+01
    Co 55  (n,a    )  Mn 52m  1.03171E-03+- 2.46488E+01          Co 55  (n,2p   )  Mn 54   1.92477E-06+- 3.87277E-13
    Co 55  (n,pa   )  Cr 51   1.21826E-10+- 9.52102E-10          Co 56  (n,np   )  Fe 55   1.65192E-04+- 1.11450E-09
    Co 56  (n,g    )  Co 57   1.37104E+00+- 4.33254E+02          Co 56  (n,p    )  Fe 56   1.54796E+01+- 4.99648E+01
    Co 56  (n,d    )  Fe 55   9.11779E-06+- 1.70059E-01          Co 56  (n,t    )  Fe 54   8.88561E-10+- 0.00000E+00
    Co 56  (n,a    )  Mn 53   8.52851E-03+- 5.01546E+01          Co 56  (n,2p   )  Mn 55   5.59885E-07+- 6.30643E-11
    Co 56  (n,pa   )  Cr 52   2.88232E-08+- 5.43477E-06          Co 57  (n,np   )  Fe 56   8.20540E-05+- 0.00000E+00
    Co 57  (n,g    )  Co 58   3.39086E+00+- 7.81022E+01          Co 57  (n,g    )  Co 58m  7.44513E-01+- 7.81018E+01
    Co 57  (n,p    )  Fe 57   3.07477E-01+- 4.93113E+01          Co 57  (n,d    )  Fe 56   8.59736E-06+- 5.44502E-02
    Co 57  (n,a    )  Mn 54   6.62371E-04+- 1.68251E+01          Co 58  (n,n    )  Co 58m  1.04156E-01+- 9.65814E+01
    Co 58  (n,2n   )  Co 57   1.01781E-04+- 0.00000E+00          Co 58  (n,np   )  Fe 57   1.12675E-05+- 0.00000E+00
    Co 58  (n,g    )  Co 59   2.40651E+01+- 2.42882E+01          Co 58  (n,p    )  Fe 58   2.49558E+02+- 5.05607E+01
    Co 58  (n,d    )  Fe 57   2.19866E-06+- 1.61538E-04          Co 58  (n,t    )  Fe 56   1.12283E-08+- 0.00000E+00
    Co 58  (n,a    )  Mn 55   1.69348E-03+- 3.81849E+01          Co 58m (n,n    )  Co 58   4.79306E-01+- 9.75326E+01
    Co 58m (n,2n   )  Co 57   7.82692E-05+- 0.00000E+00          Co 58m (n,na   )  Mn 54   1.20819E-12+- 0.00000E+00
    Co 58m (n,np   )  Fe 57   3.28465E-06+- 0.00000E+00          Co 58m (n,g    )  Co 59   1.07960E+04+- 2.03167E+01
    Co 58m (n,p    )  Fe 58   3.82890E+03+- 1.66661E+01          Co 58m (n,d    )  Fe 57   6.63557E-07+- 1.61838E-04
    Co 58m (n,t    )  Fe 56   9.26457E-10+- 0.00000E+00          Co 58m (n,a    )  Mn 55   1.16038E-03+- 4.42367E+01
    Co 59  (n,na   )  Mn 55   5.24690E-12+- 0.00000E+00          Co 59  (n,np   )  Fe 58   4.27603E-06+- 0.00000E+00
    Co 59  (n,g    )  Co 60   2.07133E+00+- 2.64673E+01          Co 59  (n,g    )  Co 60m  2.59855E+00+- 7.07231E+00
    Co 59  (n,p    )  Fe 59   5.39369E-04+- 7.97130E+00          Co 59  (n,d    )  Fe 58   8.57931E-07+- 2.40656E-07
    Co 59  (n,a    )  Mn 56   6.55055E-05+- 6.78896E-01          Co 60  (n,n    )  Co 60m  1.51987E-01+- 9.63058E+01
    Co 60  (n,2n   )  Co 59   7.20829E-04+- 0.00000E+00          Co 60  (n,np   )  Fe 59   1.87829E-10+- 0.00000E+00
    Co 60  (n,g    )  Co 61   2.79030E-01+- 1.81736E+01          Co 60  (n,p    )  Fe 60   7.78659E-04+- 3.05923E+01
    Co 60  (n,d    )  Fe 59   7.64294E-08+- 0.00000E+00          Co 60  (n,t    )  Fe 58   4.24994E-09+- 0.00000E+00
    Co 60  (n,a    )  Mn 57   4.94549E-05+- 9.01431E+00          Ni 56  (n,na   )  Fe 52m  2.00392E-08+- 0.00000E+00
    Ni 56  (n,np   )  Co 55   2.43693E-05+- 0.00000E+00          Ni 56  (n,g    )  Ni 57   4.11600E-01+- 8.50389E+02
    Ni 56  (n,p    )  Co 56   2.21850E+00+- 4.88793E+01          Ni 56  (n,d    )  Co 55   2.86780E-06+- 1.78156E-05
    Ni 56  (n,h    )  Fe 54   2.32970E-10+- 2.44284E-10          Ni 56  (n,a    )  Fe 53   5.63238E-03+- 3.82383E+01
    Ni 56  (n,a    )  Fe 53m  1.98538E-04+- 3.83081E+01          Ni 56  (n,2p   )  Fe 55   3.89885E-04+- 6.45564E-02
    Ni 57  (n,na   )  Fe 53m  2.07396E-11+- 0.00000E+00          Ni 57  (n,np   )  Co 56   1.87298E-05+- 0.00000E+00
    Ni 57  (n,g    )  Ni 58   7.22623E-01+- 7.19695E+02          Ni 57  (n,p    )  Co 57   1.84770E+01+- 4.99167E+01
    Ni 57  (n,d    )  Co 56   1.78848E-06+- 5.33104E-07          Ni 57  (n,h    )  Fe 55   6.84974E-12+- 5.23761E-10
    Ni 57  (n,a    )  Fe 54   1.91186E-01+- 5.90372E+01          Ni 57  (n,2p   )  Fe 56   5.20112E-04+- 1.38942E+00
    Ni 57  (n,pa   )  Mn 53   9.87649E-09+- 1.47665E-09          Ni 58  (n,na   )  Fe 54   1.08393E-09+- 0.00000E+00
    Ni 58  (n,np   )  Co 57   6.69485E-07+- 0.00000E+00          Ni 58  (n,g    )  Ni 59   3.67850E-01+- 8.40952E+00
    Ni 58  (n,p    )  Co 58   2.12889E-02+- 2.39982E+01          Ni 58  (n,p    )  Co 58m  1.74408E-02+- 2.39982E+01
    Ni 58  (n,d    )  Co 57   8.73151E-07+- 2.94605E-06          Ni 58  (n,a    )  Fe 55   2.07030E-03+- 3.07872E+00
    Ni 58  (n,2p   )  Fe 57   4.98351E-09+- 0.00000E+00          Ni 59  (n,2n   )  Ni 58   9.19081E-06+- 0.00000E+00
    Ni 59  (n,na   )  Fe 55   2.49551E-10+- 0.00000E+00          Ni 59  (n,np   )  Co 58   6.17442E-09+- 0.00000E+00
    Ni 59  (n,np   )  Co 58m  7.94374E-09+- 0.00000E+00          Ni 59  (n,g    )  Ni 60   9.12536E+00+- 8.51593E+00
    Ni 59  (n,p    )  Co 59   2.55038E-01+- 2.06260E+01          Ni 59  (n,d    )  Co 58   1.01917E-07+- 0.00000E+00
    Ni 59  (n,d    )  Co 58m  3.10912E-08+- 0.00000E+00          Ni 59  (n,a    )  Fe 56   1.34319E+00+- 3.64667E+01
    Ni 59  (n,2p   )  Fe 58   1.46056E-07+- 1.64086E-13          Ni 60  (n,na   )  Fe 56   1.50901E-09+- 0.00000E+00
    Ni 60  (n,np   )  Co 59   1.85354E-09+- 0.00000E+00          Ni 60  (n,g    )  Ni 61   2.23907E-01+- 8.81699E+00
    Ni 60  (n,p    )  Co 60   2.88236E-04+- 1.29229E+01          Ni 60  (n,p    )  Co 60m  6.08013E-04+- 7.34195E+00
    Ni 60  (n,d    )  Co 59   5.17769E-07+- 0.00000E+00          Ni 60  (n,a    )  Fe 57   4.92790E-04+- 8.58972E+00
    Ni 61  (n,2n   )  Ni 60   2.46861E-04+- 0.00000E+00          Ni 61  (n,na   )  Fe 57   8.82617E-12+- 0.00000E+00
    Ni 61  (n,g    )  Ni 62   2.13519E-01+- 1.63682E+01          Ni 61  (n,p    )  Co 61   1.18677E-03+- 4.99179E+00
    Ni 61  (n,d    )  Co 60   1.35236E-10+- 0.00000E+00          Ni 61  (n,d    )  Co 60m  9.29399E-11+- 0.00000E+00
    Ni 61  (n,a    )  Fe 58   5.76499E-04+- 1.49019E+01          Ni 62  (n,g    )  Ni 63   1.12425E+00+- 1.14220E+01
    Ni 62  (n,p    )  Co 62   8.54274E-06+- 3.45723E-03          Ni 62  (n,p    )  Co 62m  6.77218E-06+- 2.43447E-03
    Ni 62  (n,a    )  Fe 59   2.21592E-05+- 1.25462E-01          Ni 63  (n,2n   )  Ni 62   1.43422E-03+- 0.00000E+00
    Ni 63  (n,g    )  Ni 64   2.13041E+00+- 1.72359E+01          Ni 63  (n,p    )  Co 63   3.56015E-05+- 4.35794E+00
    Ni 63  (n,a    )  Fe 60   2.23340E-05+- 1.25381E+01          Ni 64  (n,2n   )  Ni 63   1.33642E-06+- 0.00000E+00
    Ni 64  (n,na   )  Fe 60   2.68581E-08+- 0.00000E+00          Ni 64  (n,g    )  Ni 65   1.22051E-01+- 1.66290E+01
    Ni 64  (n,p    )  Co 64   4.88226E-08+- 0.00000E+00          Ni 64  (n,a    )  Fe 61   2.04365E-06+- 1.01638E+01
    Ni 66  (n,2n   )  Ni 65   8.67389E-05+- 0.00000E+00          Ni 66  (n,g    )  Ni 67   7.32396E-02+- 8.31053E+02
    Ni 66  (n,a    )  Fe 63   3.09489E-09+- 3.75347E-11          Cu 63  (n,na   )  Co 59   4.46929E-08+- 8.20265E-03
    Cu 63  (n,np   )  Ni 62   1.32709E-04+- 0.00000E+00          Cu 63  (n,g    )  Cu 64   4.53931E-01+- 9.42690E+00
    Cu 63  (n,p    )  Ni 63   7.79403E-03+- 1.70177E+01          Cu 63  (n,d    )  Ni 62   2.02234E-06+- 1.82435E-01
    Cu 63  (n,a    )  Co 60   1.38244E-04+- 3.20652E+00          Cu 63  (n,a    )  Co 60m  4.98206E-05+- 3.09524E+00
    Cu 64  (n,2n   )  Cu 63   4.10478E-04+- 0.00000E+00          Cu 64  (n,na   )  Co 60   1.11738E-11+- 0.00000E+00
    Cu 64  (n,na   )  Co 60m  1.82165E-12+- 0.00000E+00          Cu 64  (n,np   )  Ni 63   4.57668E-07+- 0.00000E+00
    Cu 64  (n,g    )  Cu 65   4.47942E+01+- 4.92952E+01          Cu 64  (n,p    )  Ni 64   1.33106E+01+- 4.99974E+01
    Cu 64  (n,d    )  Ni 63   6.33264E-07+- 1.51884E-06          Cu 64  (n,t    )  Ni 62   3.21100E-08+- 8.35712E-14
    Cu 64  (n,a    )  Co 61   1.54170E-04+- 2.56923E+01          Cu 65  (n,na   )  Co 61   6.45732E-11+- 0.00000E+00
    Cu 65  (n,np   )  Ni 64   1.75314E-06+- 0.00000E+00          Cu 65  (n,g    )  Cu 66   2.11740E-01+- 7.41990E+00
    Cu 65  (n,p    )  Ni 65   2.10547E-04+- 1.03682E+01          Cu 65  (n,d    )  Ni 64   3.36087E-07+- 3.33871E-04
    Cu 65  (n,a    )  Co 62   3.45963E-06+- 5.21321E-01          Cu 65  (n,a    )  Co 62m  4.10459E-06+- 5.28260E-01
    Cu 67  (n,2n   )  Cu 66   2.68342E-05+- 0.00000E+00          Cu 67  (n,np   )  Ni 66   8.99201E-12+- 0.00000E+00
    Cu 67  (n,g    )  Cu 68   1.10704E+00+- 7.81021E+01          Cu 67  (n,g    )  Cu 68m  1.17663E-01+- 7.81012E+01
    Cu 67  (n,p    )  Ni 67   1.89809E-05+- 5.54272E+00          Cu 67  (n,d    )  Ni 66   2.49845E-08+- 0.00000E+00
    Cu 67  (n,a    )  Co 64   1.98128E-07+- 1.98214E-02          Zn 62  (n,na   )  Ni 58   3.94837E-06+- 7.48520E-06
    Zn 62  (n,np   )  Cu 61   5.54786E-05+- 0.00000E+00          Zn 62  (n,g    )  Zn 63   2.36617E-01+- 8.25623E+02
    Zn 62  (n,p    )  Cu 62   3.81733E+00+- 4.97387E+01          Zn 62  (n,d    )  Cu 61   2.72721E-06+- 4.99092E-03
    Zn 62  (n,h    )  Ni 60   4.45060E-10+- 4.18553E-06          Zn 62  (n,a    )  Ni 59   3.19567E-01+- 5.93501E+01
    Zn 62  (n,2a   )  Fe 55   1.72617E-12+- 1.17500E-06          Zn 62  (n,2p   )  Ni 61   1.11822E-04+- 2.73948E-04
    Zn 62  (n,pa   )  Co 58   1.16314E-09+- 3.81357E-10          Zn 62  (n,pa   )  Co 58m  1.24513E-09+- 4.34818E-10
    Zn 64  (n,na   )  Ni 60   1.87174E-05+- 1.99299E+00          Zn 64  (n,np   )  Cu 63   2.15532E-06+- 0.00000E+00
    Zn 64  (n,g    )  Zn 65   1.01548E-01+- 1.12554E+01          Zn 64  (n,p    )  Cu 64   1.24076E-02+- 7.92578E+00
    Zn 64  (n,d    )  Cu 63   2.09375E-07+- 2.49292E-11          Zn 64  (n,a    )  Ni 61   5.25411E-03+- 1.44458E+01
    Zn 64  (n,2p   )  Ni 63   1.60182E-12+- 0.00000E+00          Zn 65  (n,2n   )  Zn 64   1.20571E-04+- 0.00000E+00
    Zn 65  (n,na   )  Ni 61   1.36885E-06+- 4.28735E-10          Zn 65  (n,np   )  Cu 64   5.02516E-08+- 0.00000E+00
    Zn 65  (n,g    )  Zn 66   8.71489E+00+- 4.27193E+01          Zn 65  (n,p    )  Cu 65   1.80830E+00+- 1.98354E+02
    Zn 65  (n,d    )  Cu 64   1.41446E-07+- 9.43481E-12          Zn 65  (n,t    )  Cu 63   2.67687E-11+- 0.00000E+00
    Zn 65  (n,a    )  Ni 62   9.04039E+00+- 5.99957E+01          Zn 65  (n,2p   )  Ni 64   5.25130E-08+- 4.30759E-12
    Zn 66  (n,na   )  Ni 62   3.21469E-07+- 1.34057E-12          Zn 66  (n,np   )  Cu 65   3.60590E-11+- 0.00000E+00
    Zn 66  (n,g    )  Zn 67   9.16435E-02+- 2.16431E+01          Zn 66  (n,p    )  Cu 66   4.12008E-04+- 3.46831E+00
    Zn 66  (n,d    )  Cu 65   5.53184E-09+- 0.00000E+00          Zn 66  (n,a    )  Ni 63   4.52808E-04+- 2.14940E+01
    Zn 67  (n,2n   )  Zn 66   7.43564E-04+- 0.00000E+00          Zn 67  (n,na   )  Ni 63   1.43525E-08+- 1.00603E-09
    Zn 67  (n,g    )  Zn 68   1.23474E+00+- 1.42867E+01          Zn 67  (n,p    )  Cu 67   6.11651E-04+- 2.62722E+01
    Zn 67  (n,d    )  Cu 66   2.79642E-09+- 0.00000E+00          Zn 67  (n,t    )  Cu 65   3.89705E-12+- 0.00000E+00
    Zn 67  (n,a    )  Ni 64   2.87584E-04+- 3.61604E+01          Zn 68  (n,na   )  Ni 64   4.96200E-09+- 1.74365E-11
    Zn 68  (n,g    )  Zn 69   1.49763E-01+- 9.78481E+00          Zn 68  (n,g    )  Zn 69m  1.35457E-02+- 1.47915E+01
    Zn 68  (n,p    )  Cu 68   5.05822E-06+- 4.04170E-01          Zn 68  (n,p    )  Cu 68m  1.29161E-06+- 1.19531E-02
    Zn 68  (n,d    )  Cu 67   2.41012E-11+- 0.00000E+00          Zn 68  (n,a    )  Ni 65   2.41539E-05+- 1.06742E+00
    Zn 69m (n,n    )  Zn 69   2.36517E-01+- 9.76773E+01          Zn 69m (n,2n   )  Zn 68   1.79311E-03+- 0.00000E+00
    Zn 69m (n,na   )  Ni 65   1.63227E-10+- 8.81854E-10          Zn 69m (n,g    )  Zn 70   4.87106E-01+- 6.98222E+02
    Zn 69m (n,p    )  Cu 69   1.04417E-05+- 1.23276E+01          Zn 69m (n,d    )  Cu 68   3.28626E-12+- 0.00000E+00
    Zn 69m (n,a    )  Ni 66   7.77947E-06+- 2.63842E+01          Zn 70  (n,2n   )  Zn 69   1.15688E-05+- 0.00000E+00
    Zn 70  (n,2n   )  Zn 69m  1.21811E-06+- 0.00000E+00          Zn 70  (n,na   )  Ni 66   4.53000E-09+- 3.01983E-03
    Zn 70  (n,g    )  Zn 71   1.00406E-02+- 2.11496E+01          Zn 70  (n,g    )  Zn 71m  9.99092E-04+- 4.02795E+01
    Zn 70  (n,p    )  Cu 70   2.59663E-08+- 5.23835E-03          Zn 70  (n,p    )  Cu 70m  7.72481E-08+- 1.52552E-02
    Zn 70  (n,p    )  Cu 70n  1.09178E-08+- 0.00000E+00          Zn 70  (n,a    )  Ni 67   7.48755E-07+- 2.80461E+00
    Zn 72  (n,2n   )  Zn 71   3.90768E-05+- 0.00000E+00          Zn 72  (n,2n   )  Zn 71m  5.92566E-05+- 0.00000E+00
    Zn 72  (n,g    )  Zn 73   1.93804E-02+- 7.80842E+01          Zn 72  (n,g    )  Zn 73m  5.81413E-02+- 7.80842E+01
    Zn 72  (n,g    )  Zn 73n  1.86639E-02+- 7.80756E+01          Zn 72  (n,p    )  Cu 72   8.53005E-09+- 0.00000E+00
    Zn 72  (n,a    )  Ni 69   2.43652E-08+- 2.54154E-02          Zn 72  (n,a    )  Ni 69m  7.69426E-09+- 2.54155E-02
    Ga 66  (n,2n   )  Ga 65   2.35487E-06+- 0.00000E+00          Ga 66  (n,na   )  Cu 62   7.03152E-07+- 9.43649E-06
    Ga 66  (n,np   )  Zn 65   1.00838E-03+- 3.40190E-05          Ga 66  (n,g    )  Ga 67   1.05420E+00+- 8.57091E+02
    Ga 66  (n,p    )  Zn 66   1.63992E+02+- 4.99979E+01          Ga 66  (n,d    )  Zn 65   1.16235E-05+- 9.57030E-01
    Ga 66  (n,t    )  Zn 64   1.81895E-07+- 1.65725E-06          Ga 66  (n,a    )  Cu 63   5.32881E+00+- 5.99833E+01
    Ga 66  (n,2a   )  Co 59   1.38175E-09+- 2.58834E-03          Ga 66  (n,2p   )  Cu 65   9.05986E-06+- 2.28397E-02
    Ga 66  (n,pa   )  Ni 62   3.46081E-05+- 1.37694E+00          Ga 67  (n,na   )  Cu 63   1.05511E-06+- 9.48575E-08
    Ga 67  (n,np   )  Zn 66   3.91054E-04+- 1.57241E-06          Ga 67  (n,g    )  Ga 68   2.08016E+00+- 3.58406E+02
    Ga 67  (n,p    )  Zn 67   2.82142E-01+- 4.92312E+01          Ga 67  (n,d    )  Zn 66   8.89323E-06+- 4.56984E-01
    Ga 67  (n,a    )  Cu 64   2.74596E-03+- 4.40471E+01          Ga 67  (n,pa   )  Ni 63   5.32163E-11+- 2.84362E-09
    Ga 69  (n,na   )  Cu 65   1.02361E-07+- 9.14243E-10          Ga 69  (n,np   )  Zn 68   1.68144E-05+- 0.00000E+00
    Ga 69  (n,g    )  Ga 70   6.33205E-01+- 1.03945E+01          Ga 69  (n,p    )  Zn 69   4.72326E-04+- 2.10941E+01
    Ga 69  (n,p    )  Zn 69m  2.05923E-04+- 1.93055E+01          Ga 69  (n,d    )  Zn 68   9.51250E-07+- 5.41373E-04
    Ga 69  (n,a    )  Cu 66   1.49826E-04+- 6.02250E+00          Ga 71  (n,2n   )  Ga 70   1.44338E-05+- 0.00000E+00
    Ga 71  (n,na   )  Cu 67   8.87644E-10+- 1.26177E-09          Ga 71  (n,np   )  Zn 70   1.21826E-08+- 0.00000E+00
    Ga 71  (n,g    )  Ga 72   8.00818E-01+- 7.20704E+01          Ga 71  (n,g    )  Ga 72m  5.79738E-01+- 7.64241E+01
    Ga 71  (n,p    )  Zn 71   1.67665E-05+- 6.28601E+00          Ga 71  (n,p    )  Zn 71m  2.46389E-05+- 8.90277E+00
    Ga 71  (n,d    )  Zn 70   7.01907E-08+- 6.41462E-11          Ga 71  (n,a    )  Cu 68   5.80007E-06+- 2.19042E+00
    Ga 71  (n,a    )  Cu 68m  4.28616E-07+- 9.21989E-01          Ga 72  (n,2n   )  Ga 71   2.16306E-03+- 0.00000E+00
    Ga 72  (n,na   )  Cu 68   5.15781E-12+- 1.97797E-09          Ga 72  (n,np   )  Zn 71   1.26373E-12+- 0.00000E+00
    Ga 72  (n,np   )  Zn 71m  1.17443E-12+- 0.00000E+00          Ga 72  (n,g    )  Ga 73   3.05897E+00+- 2.79890E+02
    Ga 72  (n,p    )  Zn 72   1.28813E-04+- 2.44597E+01          Ga 72  (n,d    )  Zn 71   2.42176E-09+- 0.00000E+00
    Ga 72  (n,d    )  Zn 71m  3.25333E-09+- 0.00000E+00          Ga 72  (n,t    )  Zn 70   3.64982E-09+- 2.51058E-12
    Ga 72  (n,a    )  Cu 69   6.43324E-06+- 9.50579E+00          Ge 68  (n,na   )  Zn 64   3.84864E-06+- 7.94296E-07
    Ge 68  (n,np   )  Ga 67   6.33889E-06+- 0.00000E+00          Ge 68  (n,g    )  Ge 69   4.54211E-01+- 7.86247E+02
    Ge 68  (n,p    )  Ga 68   3.15421E-02+- 4.20981E+01          Ge 68  (n,d    )  Ga 67   2.78756E-07+- 2.80769E-08
    Ge 68  (n,a    )  Zn 65   1.18175E-02+- 5.12325E+01          Ge 68  (n,2a   )  Ni 61   6.11508E-11+- 1.01086E-05
    Ge 68  (n,2p   )  Zn 67   5.28704E-08+- 7.49042E-14          Ge 68  (n,pa   )  Cu 64   1.18530E-10+- 4.20374E-10
    Ge 69  (n,2n   )  Ge 68   7.59025E-05+- 0.00000E+00          Ge 69  (n,na   )  Zn 65   2.55567E-06+- 7.17745E-08
    Ge 69  (n,np   )  Ga 68   9.23424E-07+- 0.00000E+00          Ge 69  (n,g    )  Ge 70   2.34294E+00+- 4.12477E+02
    Ge 69  (n,p    )  Ga 69   3.16548E+00+- 4.99614E+01          Ge 69  (n,d    )  Ga 68   2.22247E-07+- 2.02233E-08
    Ge 69  (n,t    )  Ga 67   1.28204E-11+- 0.00000E+00          Ge 69  (n,a    )  Zn 66   4.13120E-01+- 5.99012E+01
    Ge 69  (n,2a   )  Ni 62   2.86467E-08+- 2.35830E-02          Ge 69  (n,2p   )  Zn 68   4.57711E-06+- 2.79886E-05
    Ge 69  (n,pa   )  Cu 65   4.10878E-08+- 3.06863E-05          Ge 70  (n,na   )  Zn 66   7.73593E-07+- 9.07757E-11
    Ge 70  (n,np   )  Ga 69   3.87701E-09+- 0.00000E+00          Ge 70  (n,g    )  Ge 71   2.19510E-01+- 7.80970E+01
    Ge 70  (n,g    )  Ge 71m  7.34710E-02+- 7.80907E+01          Ge 70  (n,p    )  Ga 70   7.21695E-04+- 8.54296E+00
    Ge 70  (n,d    )  Ga 69   9.36582E-09+- 0.00000E+00          Ge 70  (n,a    )  Zn 67   6.59415E-04+- 2.90161E+01
    Ge 71  (n,2n   )  Ge 70   6.52513E-04+- 0.00000E+00          Ge 71  (n,na   )  Zn 67   2.73518E-08+- 3.21354E-12
    Ge 71  (n,np   )  Ga 70   4.17272E-10+- 0.00000E+00          Ge 71  (n,g    )  Ge 72   1.46369E+00+- 6.13274E+02
    Ge 71  (n,p    )  Ga 71   2.13090E-03+- 4.05919E+01          Ge 71  (n,d    )  Ga 70   1.01756E-08+- 0.00000E+00
    Ge 71  (n,t    )  Ga 69   1.83220E-12+- 0.00000E+00          Ge 71  (n,a    )  Zn 68   1.76767E-02+- 5.95250E+01
    Ge 71  (n,2a   )  Ni 64   6.11617E-12+- 7.45894E-06          Ge 71  (n,2p   )  Zn 70   1.69411E-12+- 0.00000E+00
    Ge 72  (n,na   )  Zn 68   6.70816E-09+- 1.54098E-11          Ge 72  (n,g    )  Ge 73   5.22497E-02+- 7.80852E+01
    Ge 72  (n,g    )  Ge 73m  5.01289E-02+- 7.80983E+01          Ge 72  (n,p    )  Ga 72   7.65390E-05+- 2.30975E+01
    Ge 72  (n,p    )  Ga 72m  1.75121E-05+- 2.20854E+01          Ge 72  (n,d    )  Ga 71   2.12033E-11+- 0.00000E+00
    Ge 72  (n,a    )  Zn 69   1.52645E-05+- 3.76489E+00          Ge 72  (n,a    )  Zn 69m  8.65999E-06+- 1.61055E+00
    Ge 73  (n,n    )  Ge 73m  3.68013E-02+- 9.53166E+01          Ge 73  (n,2n   )  Ge 72   7.42341E-04+- 0.00000E+00
    Ge 73  (n,na   )  Zn 69   6.86574E-12+- 5.83382E-09          Ge 73  (n,na   )  Zn 69m  7.46699E-12+- 6.17951E-10
    Ge 73  (n,g    )  Ge 74   3.05137E+00+- 2.05274E+01          Ge 73  (n,p    )  Ga 73   6.14056E-05+- 9.90684E+00
    Ge 73  (n,d    )  Ga 72   1.10759E-12+- 0.00000E+00          Ge 73  (n,a    )  Zn 70   2.35652E-05+- 1.69147E+01
    Ge 74  (n,na   )  Zn 70   1.04846E-12+- 0.00000E+00          Ge 74  (n,g    )  Ge 75   2.99973E-02+- 2.51313E+01
    Ge 74  (n,g    )  Ge 75m  1.50950E-02+- 2.45446E+01          Ge 74  (n,p    )  Ga 74   1.01514E-06+- 1.28787E-02
    Ge 74  (n,p    )  Ga 74m  5.49972E-07+- 6.20800E-03          Ge 74  (n,a    )  Zn 71   2.34216E-06+- 9.73748E+00
    Ge 74  (n,a    )  Zn 71m  2.72744E-06+- 9.61347E+00          Ge 76  (n,2n   )  Ge 75   3.93102E-06+- 0.00000E+00
    Ge 76  (n,2n   )  Ge 75m  5.33272E-06+- 0.00000E+00          Ge 76  (n,g    )  Ge 77   2.21289E-02+- 5.23734E+01
    Ge 76  (n,g    )  Ge 77m  3.30667E-02+- 3.30792E+01          Ge 76  (n,p    )  Ga 76   1.45104E-08+- 0.00000E+00
    Ge 76  (n,a    )  Zn 73   4.10909E-09+- 2.27316E-03          Ge 76  (n,a    )  Zn 73m  1.23273E-08+- 2.27316E-03
    Ge 76  (n,a    )  Zn 73n  2.32261E-09+- 2.27315E-03          Ge 77  (n,n    )  Ge 77m  9.65337E-02+- 9.69526E+01
    Ge 77  (n,2n   )  Ge 76   3.09830E-03+- 0.00000E+00          Ge 77  (n,g    )  Ge 78   5.18962E-01+- 6.20996E+02
    Ge 77  (n,p    )  Ga 77   5.10537E-07+- 1.60136E-03          Ge 77  (n,a    )  Zn 74   1.49497E-07+- 4.19780E-01
    As 71  (n,na   )  Ga 67   5.25710E-07+- 3.40182E-07          As 71  (n,np   )  Ge 70   5.70052E-04+- 3.45387E-03
    As 71  (n,g    )  As 72   3.86732E+00+- 2.58386E+02          As 71  (n,p    )  Ge 71   1.18484E+00+- 7.79826E+01
    As 71  (n,p    )  Ge 71m  1.77725E+00+- 7.79826E+01          As 71  (n,d    )  Ge 70   1.34764E-05+- 9.64038E-01
    As 71  (n,a    )  Ga 68   3.25433E-03+- 4.81514E+01          As 71  (n,2a   )  Cu 64   6.14362E-12+- 2.15502E-05
    As 71  (n,2p   )  Ga 70   4.75429E-11+- 1.51715E-10          As 71  (n,pa   )  Zn 67   5.21747E-09+- 1.47099E-05
    As 72  (n,2n   )  As 71   1.15563E-04+- 0.00000E+00          As 72  (n,na   )  Ga 68   8.77372E-08+- 8.45869E-08
    As 72  (n,np   )  Ge 71   7.15421E-05+- 3.65042E-13          As 72  (n,np   )  Ge 71m  1.45253E-04+- 6.53003E-11
    As 72  (n,g    )  As 73   1.12424E+01+- 1.58586E+02          As 72  (n,p    )  Ge 72   1.44034E+01+- 4.99929E+01
    As 72  (n,d    )  Ge 71   1.21196E-06+- 3.44758E-02          As 72  (n,d    )  Ge 71m  1.81795E-06+- 3.44757E-02
    As 72  (n,t    )  Ge 70   1.09263E-07+- 2.52790E-07          As 72  (n,a    )  Ga 69   1.44940E-01+- 5.98834E+01
    As 72  (n,2a   )  Cu 65   6.19492E-10+- 4.43701E-03          As 72  (n,2p   )  Ga 71   7.62548E-10+- 2.06486E-08
    As 72  (n,pa   )  Zn 68   1.75373E-07+- 2.32283E-02          As 73  (n,na   )  Ga 69   4.98047E-08+- 1.66035E-10
    As 73  (n,np   )  Ge 72   8.70309E-05+- 2.66683E-11          As 73  (n,g    )  As 74   3.44583E+00+- 2.99670E+02
    As 73  (n,p    )  Ge 73   5.28894E-03+- 6.53771E+01          As 73  (n,p    )  Ge 73m  4.06567E-03+- 6.82595E+01
    As 73  (n,d    )  Ge 72   3.67335E-06+- 2.70486E-02          As 73  (n,a    )  Ga 70   1.55489E-04+- 1.93709E+01
    As 74  (n,2n   )  As 73   4.35736E-04+- 0.00000E+00          As 74  (n,na   )  Ga 70   5.01416E-10+- 7.43797E-09
    As 74  (n,np   )  Ge 73   5.87590E-07+- 0.00000E+00          As 74  (n,np   )  Ge 73m  3.75386E-08+- 0.00000E+00
    As 74  (n,g    )  As 75   7.15866E+00+- 1.97313E+02          As 74  (n,p    )  Ge 74   1.01723E+00+- 4.99789E+01
    As 74  (n,d    )  Ge 73   3.59864E-07+- 8.22370E-06          As 74  (n,d    )  Ge 73m  4.85926E-08+- 5.50862E-06
    As 74  (n,t    )  Ge 72   2.14438E-08+- 8.38004E-12          As 74  (n,a    )  Ga 71   6.14510E-04+- 5.52454E+01
    As 75  (n,na   )  Ga 71   1.38399E-10+- 8.96211E-11          As 75  (n,np   )  Ge 74   2.27300E-06+- 0.00000E+00
    As 75  (n,g    )  As 76   2.17007E+00+- 8.80213E+00          As 75  (n,p    )  Ge 75   2.10852E-04+- 2.12955E+01
    As 75  (n,p    )  Ge 75m  7.42611E-05+- 1.94952E+01          As 75  (n,d    )  Ge 74   4.04257E-07+- 3.55886E-06
    As 75  (n,a    )  Ga 72   8.98169E-06+- 4.22561E+00          As 75  (n,a    )  Ga 72m  2.10681E-06+- 4.22562E+00
    As 76  (n,2n   )  As 75   1.07435E-03+- 0.00000E+00          As 76  (n,np   )  Ge 75   9.73313E-10+- 0.00000E+00
    As 76  (n,np   )  Ge 75m  8.74623E-10+- 0.00000E+00          As 76  (n,g    )  As 77   7.18686E+00+- 2.03767E+02
    As 76  (n,p    )  Ge 76   1.26184E-03+- 4.52019E+01          As 76  (n,d    )  Ge 75   3.09918E-08+- 1.19486E-12
    As 76  (n,d    )  Ge 75m  1.99867E-08+- 1.28597E-11          As 76  (n,t    )  Ge 74   3.98171E-09+- 1.61133E-13
    As 76  (n,a    )  Ga 73   7.90502E-06+- 1.11442E+01          As 77  (n,2n   )  As 76   3.79728E-07+- 0.00000E+00
    As 77  (n,np   )  Ge 76   2.94511E-09+- 0.00000E+00          As 77  (n,g    )  As 78   2.07466E+00+- 3.62842E+02
    As 77  (n,p    )  Ge 77   1.65803E-05+- 1.71713E+01          As 77  (n,p    )  Ge 77m  8.39774E-06+- 1.38785E+01
    As 77  (n,d    )  Ge 76   3.46199E-08+- 2.86568E-14          As 77  (n,a    )  Ga 74   2.48110E-07+- 1.14220E+00
    As 77  (n,a    )  Ga 74m  1.42058E-07+- 7.97521E-01          Se 72  (n,na   )  Ge 68   1.24532E-06+- 2.28921E-07
    Se 72  (n,np   )  As 71   8.48504E-06+- 0.00000E+00          Se 72  (n,g    )  Se 73   1.83897E-01+- 7.80972E+01
    Se 72  (n,g    )  Se 73m  4.28580E-01+- 7.80997E+01          Se 72  (n,p    )  As 72   5.97347E-02+- 4.29651E+01
    Se 72  (n,d    )  As 71   1.72672E-07+- 3.82505E-08          Se 72  (n,h    )  Ge 70   1.22974E-12+- 1.74415E-08
    Se 72  (n,a    )  Ge 69   5.97034E-03+- 4.80850E+01          Se 72  (n,2a   )  Zn 65   1.81897E-10+- 6.65689E-05
    Se 72  (n,2p   )  Ge 71   1.06828E-06+- 1.32915E-11          Se 72  (n,2p   )  Ge 71m  2.16893E-06+- 2.05754E-11
    Se 72  (n,pa   )  Ga 68   4.54556E-10+- 5.11867E-09          Se 73  (n,n    )  Se 73m  1.87957E-01+- 9.61908E+01
    Se 73  (n,2n   )  Se 72   1.72405E-05+- 0.00000E+00          Se 73  (n,na   )  Ge 69   2.80070E-07+- 1.98422E-08
    Se 73  (n,np   )  As 72   1.11334E-06+- 0.00000E+00          Se 73  (n,g    )  Se 74   5.80839E+00+- 2.58449E+02
    Se 73  (n,p    )  As 73   5.05564E+00+- 4.99634E+01          Se 73  (n,d    )  As 72   1.32663E-07+- 2.50029E-09
    Se 73  (n,t    )  As 71   1.67674E-12+- 0.00000E+00          Se 73  (n,a    )  Ge 70   1.10980E-01+- 5.97171E+01
    Se 73  (n,2a   )  Zn 66   1.60920E-08+- 7.71417E-02          Se 73  (n,2p   )  Ge 72   1.82896E-05+- 3.18796E-02
    Se 73  (n,pa   )  Ga 69   5.14793E-08+- 6.25495E-04          Se 74  (n,na   )  Ge 70   8.98353E-08+- 2.72631E-11
    Se 74  (n,np   )  As 73   9.94366E-10+- 0.00000E+00          Se 74  (n,g    )  Se 75   1.80362E+01+- 1.09411E+01
    Se 74  (n,p    )  As 74   2.25255E-03+- 8.18868E+00          Se 74  (n,d    )  As 73   4.89720E-09+- 0.00000E+00
    Se 74  (n,a    )  Ge 71   1.57128E-04+- 3.59223E+01          Se 74  (n,a    )  Ge 71m  2.35491E-04+- 3.58806E+01
    Se 75  (n,2n   )  Se 74   1.45347E-04+- 0.00000E+00          Se 75  (n,na   )  Ge 71   3.31305E-10+- 1.83651E-09
    Se 75  (n,na   )  Ge 71m  6.72650E-10+- 8.77375E-08          Se 75  (n,np   )  As 74   1.04047E-11+- 0.00000E+00
    Se 75  (n,g    )  Se 76   3.24002E+01+- 3.22748E+01          Se 75  (n,p    )  As 75   1.08114E-02+- 4.77164E+01
    Se 75  (n,d    )  As 74   1.77106E-09+- 0.00000E+00          Se 75  (n,a    )  Ge 72   2.75564E-02+- 5.97452E+01
    Se 75  (n,2a   )  Zn 68   1.36517E-12+- 1.64084E-05          Se 75  (n,2p   )  Ge 74   2.39790E-09+- 1.05280E-10
    Se 76  (n,na   )  Ge 72   4.45127E-10+- 5.05282E-09          Se 76  (n,g    )  Se 77   5.07211E+00+- 4.10903E+01
    Se 76  (n,g    )  Se 77m  1.77197E+00+- 1.87479E+01          Se 76  (n,p    )  As 76   2.20661E-04+- 9.14893E+00
    Se 76  (n,d    )  As 75   3.45216E-11+- 0.00000E+00          Se 76  (n,a    )  Ge 73   3.11371E-05+- 1.04139E+01
    Se 76  (n,a    )  Ge 73m  1.83672E-05+- 1.17909E+01          Se 77  (n,n    )  Se 77m  4.04999E-01+- 3.81855E+01
    Se 77  (n,2n   )  Se 76   6.99667E-04+- 0.00000E+00          Se 77  (n,na   )  Ge 73   1.56201E-12+- 2.02287E-08
    Se 77  (n,g    )  Se 78   3.87710E+00+- 1.74988E+01          Se 77  (n,p    )  As 77   3.87254E-04+- 1.92332E+01
    Se 77  (n,d    )  As 76   1.99363E-11+- 0.00000E+00          Se 77  (n,a    )  Ge 74   1.58880E-04+- 9.80977E+00
    Se 78  (n,g    )  Se 79   2.18944E-02+- 3.83822E+01          Se 78  (n,g    )  Se 79m  1.63285E-01+- 8.09525E+01
    Se 78  (n,p    )  As 78   4.53086E-06+- 1.92102E-01          Se 78  (n,a    )  Ge 75   5.68658E-07+- 7.12308E-01
    Se 78  (n,a    )  Ge 75m  7.17178E-07+- 6.48191E-01          Se 79  (n,n    )  Se 79m  8.10101E-02+- 9.66703E+01
    Se 79  (n,2n   )  Se 78   8.14120E-04+- 0.00000E+00          Se 79  (n,g    )  Se 80   1.59654E+00+- 4.71086E+02
    Se 79  (n,p    )  As 79   1.75815E-05+- 8.17291E+00          Se 79  (n,a    )  Ge 76   4.01682E-06+- 6.55278E+00
    Se 80  (n,g    )  Se 81   6.29650E-02+- 3.20533E+01          Se 80  (n,g    )  Se 81m  1.13977E-02+- 4.48459E+01
    Se 80  (n,p    )  As 80   3.14579E-07+- 7.83066E-05          Se 80  (n,a    )  Ge 77   1.48672E-06+- 9.34794E+00
    Se 80  (n,a    )  Ge 77m  8.38901E-07+- 4.60324E+00          Se 82  (n,2n   )  Se 81   9.88821E-06+- 0.00000E+00
    Se 82  (n,2n   )  Se 81m  1.05762E-05+- 0.00000E+00          Se 82  (n,g    )  Se 83   9.86937E-04+- 2.99887E+01
    Se 82  (n,g    )  Se 83m  7.54935E-03+- 2.83415E+01          Se 82  (n,p    )  As 82   1.55913E-09+- 0.00000E+00
    Se 82  (n,p    )  As 82m  1.68906E-09+- 0.00000E+00          Se 82  (n,a    )  Ge 79   2.46860E-09+- 6.63472E-04
    Se 82  (n,a    )  Ge 79m  6.42961E-09+- 2.87290E-04          Br 76  (n,n    )  Br 76m  6.77643E-02+- 9.24736E+01
    Br 76  (n,2n   )  Br 75   5.99348E-06+- 0.00000E+00          Br 76  (n,na   )  As 72   5.98128E-10+- 1.31764E-09
    Br 76  (n,np   )  Se 75   5.35532E-04+- 2.44691E-09          Br 76  (n,g    )  Br 77   6.86876E+00+- 7.81023E+01
    Br 76  (n,g    )  Br 77m  2.29030E+00+- 7.81022E+01          Br 76  (n,p    )  Se 76   8.24913E+00+- 4.99789E+01
    Br 76  (n,d    )  Se 75   2.96904E-06+- 6.11742E-02          Br 76  (n,t    )  Se 74   2.11933E-08+- 1.82784E-10
    Br 76  (n,a    )  As 73   3.77141E-02+- 5.95438E+01          Br 76  (n,2a   )  Ga 69   4.45563E-11+- 1.60200E-03
    Br 76  (n,2p   )  As 75   3.95545E-08+- 1.15999E-05          Br 76  (n,pa   )  Ge 72   1.97242E-07+- 7.38030E-02
    Br 77  (n,n    )  Br 77m  2.64256E-01+- 9.63391E+01          Br 77  (n,na   )  As 73   9.34762E-10+- 8.16109E-10
    Br 77  (n,np   )  Se 76   1.84565E-04+- 5.02726E-08          Br 77  (n,g    )  Br 78   5.95688E+00+- 2.34024E+02
    Br 77  (n,p    )  Se 77   2.96816E-01+- 7.79063E+01          Br 77  (n,p    )  Se 77m  3.19675E-02+- 7.59560E+01
    Br 77  (n,d    )  Se 76   4.21411E-06+- 6.57095E-02          Br 77  (n,a    )  As 74   1.14513E-04+- 1.73722E+01
    Br 79  (n,n    )  Br 79m  1.02277E-01+- 5.56050E+01          Br 79  (n,na   )  As 75   1.50108E-11+- 6.99807E-09
    Br 79  (n,np   )  Se 78   1.08013E-05+- 0.00000E+00          Br 79  (n,g    )  Br 80   3.47087E+00+- 1.04631E+01
    Br 79  (n,g    )  Br 80m  1.04618E+00+- 2.29411E+01          Br 79  (n,p    )  Se 79   8.83246E-04+- 3.69191E+01
    Br 79  (n,p    )  Se 79m  3.90401E-04+- 3.37281E+01          Br 79  (n,d    )  Se 78   6.30905E-07+- 4.20491E-04
    Br 79  (n,a    )  As 76   1.16748E-05+- 1.77574E+00          Br 81  (n,np   )  Se 80   3.64586E-08+- 0.00000E+00
    Br 81  (n,g    )  Br 82   1.70954E-01+- 2.67693E+01          Br 81  (n,g    )  Br 82m  1.70657E+00+- 1.52413E+01
    Br 81  (n,p    )  Se 81   7.85460E-05+- 1.12572E+01          Br 81  (n,p    )  Se 81m  3.34788E-05+- 1.23340E+01
    Br 81  (n,d    )  Se 80   5.40741E-08+- 2.19358E-11          Br 81  (n,a    )  As 78   4.38248E-07+- 2.71220E-01
    Br 82  (n,n    )  Br 82m  2.76481E-01+- 9.67793E+01          Br 82  (n,2n   )  Br 81   5.51223E-04+- 0.00000E+00
    Br 82  (n,g    )  Br 83   5.02479E+00+- 2.30791E+02          Br 82  (n,p    )  Se 82   9.44613E-05+- 2.32586E+01
    Br 82  (n,d    )  Se 81   9.89633E-10+- 0.00000E+00          Br 82  (n,d    )  Se 81m  1.68068E-09+- 0.00000E+00
    Br 82  (n,t    )  Se 80   3.55978E-11+- 0.00000E+00          Br 82  (n,a    )  As 79   9.60550E-07+- 2.08078E+00
    Kr 76  (n,na   )  Se 72   7.97918E-08+- 1.16611E-08          Kr 76  (n,np   )  Br 75   1.12842E-05+- 0.00000E+00
    Kr 76  (n,g    )  Kr 77   1.09739E+00+- 7.88830E+02          Kr 76  (n,p    )  Br 76   1.52819E-01+- 7.50099E+01
    Kr 76  (n,p    )  Br 76m  3.34941E-02+- 6.71549E+01          Kr 76  (n,d    )  Br 75   1.67213E-07+- 8.55679E-08
    Kr 76  (n,h    )  Se 74   2.89691E-12+- 9.35274E-08          Kr 76  (n,a    )  Se 73   1.11232E-03+- 5.71222E+01
    Kr 76  (n,a    )  Se 73m  2.86149E-03+- 6.62099E+01          Kr 76  (n,2a   )  Ge 69   8.64212E-12+- 1.68153E-05
    Kr 76  (n,2p   )  Se 75   5.33775E-05+- 1.66436E-05          Kr 76  (n,pa   )  As 72   6.32962E-11+- 1.57855E-08
    Kr 78  (n,na   )  Se 74   4.28020E-09+- 9.42490E-12          Kr 78  (n,np   )  Br 77   7.48447E-09+- 0.00000E+00
    Kr 78  (n,np   )  Br 77m  4.61000E-09+- 0.00000E+00          Kr 78  (n,g    )  Kr 79   1.04605E+00+- 4.46678E+01
    Kr 78  (n,g    )  Kr 79m  3.15587E-02+- 3.26595E+01          Kr 78  (n,p    )  Br 78   7.17532E-03+- 3.37214E+01
    Kr 78  (n,d    )  Br 77   4.78543E-09+- 0.00000E+00          Kr 78  (n,d    )  Br 77m  3.65328E-09+- 0.00000E+00
    Kr 78  (n,a    )  Se 75   3.39028E-04+- 2.44386E+01          Kr 78  (n,2p   )  Se 77   1.26268E-10+- 0.00000E+00
    Kr 78  (n,2p   )  Se 77m  1.43831E-10+- 0.00000E+00          Kr 79  (n,n    )  Kr 79m  3.12938E-01+- 9.60265E+01
    Kr 79  (n,2n   )  Kr 78   1.14706E-04+- 0.00000E+00          Kr 79  (n,na   )  Se 75   4.94610E-10+- 1.10310E-10
    Kr 79  (n,np   )  Br 78   2.89731E-10+- 0.00000E+00          Kr 79  (n,g    )  Kr 80   4.73334E+00+- 3.80383E+02
    Kr 79  (n,p    )  Br 79   3.08011E-01+- 8.77401E+02          Kr 79  (n,p    )  Br 79m  2.05090E-03+- 2.99125E+02
    Kr 79  (n,d    )  Br 78   4.54899E-09+- 0.00000E+00          Kr 79  (n,a    )  Se 76   1.41252E-02+- 5.94476E+01
    Kr 79  (n,2p   )  Se 78   2.60600E-07+- 6.63066E-08          Kr 80  (n,na   )  Se 76   1.39914E-10+- 2.79572E-09
    Kr 80  (n,g    )  Kr 81   1.72247E+00+- 3.61883E+01          Kr 80  (n,g    )  Kr 81m  1.13143E+00+- 3.63038E+01
    Kr 80  (n,p    )  Br 80   2.28956E-04+- 2.07629E+01          Kr 80  (n,p    )  Br 80m  4.95264E-04+- 2.07629E+01
    Kr 80  (n,d    )  Br 79   1.00504E-10+- 0.00000E+00          Kr 80  (n,d    )  Br 79m  3.29606E-11+- 0.00000E+00
    Kr 80  (n,a    )  Se 77   3.57358E-05+- 2.57475E+01          Kr 80  (n,a    )  Se 77m  3.72224E-05+- 2.22695E+01
    Kr 81  (n,n    )  Kr 81m  7.86422E-02+- 9.62117E+01          Kr 81  (n,2n   )  Kr 80   2.06065E-04+- 0.00000E+00
    Kr 81  (n,na   )  Se 77m  1.27432E-12+- 1.28789E-09          Kr 81  (n,g    )  Kr 82   4.05555E+00+- 3.38799E+02
    Kr 81  (n,p    )  Br 81   7.89793E-04+- 3.65413E+01          Kr 81  (n,d    )  Br 80   4.00870E-11+- 0.00000E+00
    Kr 81  (n,d    )  Br 80m  2.54349E-11+- 0.00000E+00          Kr 81  (n,a    )  Se 78   5.11672E-05+- 2.87422E+01
    Kr 82  (n,g    )  Kr 83   1.59813E+00+- 7.26136E+01          Kr 82  (n,g    )  Kr 83m  3.19541E+00+- 7.13981E+01
    Kr 82  (n,p    )  Br 82   6.86343E-06+- 4.13787E+00          Kr 82  (n,p    )  Br 82m  2.27984E-05+- 7.17455E+00
    Kr 82  (n,a    )  Se 79   3.94113E-06+- 3.18445E+00          Kr 82  (n,a    )  Se 79m  2.14959E-06+- 3.48950E+00
    Kr 83  (n,n    )  Kr 83m  8.12165E-02+- 9.41276E+01          Kr 83  (n,2n   )  Kr 82   3.10582E-04+- 0.00000E+00
    Kr 83  (n,g    )  Kr 84   1.83770E+01+- 1.57932E+01          Kr 83  (n,p    )  Br 83   4.15126E-05+- 1.22776E+01
    Kr 83  (n,a    )  Se 80   5.02877E-06+- 7.63317E+00          Kr 84  (n,g    )  Kr 85   2.52369E-02+- 4.62092E+01
    Kr 84  (n,g    )  Kr 85m  1.12724E-01+- 4.65322E+01          Kr 84  (n,p    )  Br 84   9.42933E-07+- 9.20954E-02
    Kr 84  (n,p    )  Br 84m  2.92293E-07+- 8.38321E-03          Kr 84  (n,a    )  Se 81   1.21894E-07+- 4.14881E-01
    Kr 84  (n,a    )  Se 81m  2.36568E-07+- 3.95687E-01          Kr 85  (n,n    )  Kr 85m  5.75091E-02+- 9.44710E+01
    Kr 85  (n,2n   )  Kr 84   5.84209E-04+- 0.00000E+00          Kr 85  (n,g    )  Kr 86   1.63977E-01+- 1.85795E+01
    Kr 85  (n,p    )  Br 85   5.27692E-06+- 2.83311E+00          Kr 85  (n,a    )  Se 82   5.37944E-07+- 1.67746E+00
    Kr 86  (n,2n   )  Kr 85   2.21922E-08+- 0.00000E+00          Kr 86  (n,g    )  Kr 87   1.23722E-03+- 4.37759E+01
    Kr 86  (n,p    )  Br 86   5.79324E-07+- 0.00000E+00          Kr 86  (n,a    )  Se 83   7.57704E-10+- 4.78968E-04
    Kr 86  (n,a    )  Se 83m  4.71221E-10+- 8.47424E-05          Rb 82m (n,2n   )  Rb 81   2.68723E-05+- 0.00000E+00
    Rb 82m (n,2n   )  Rb 81m  6.48871E-05+- 0.00000E+00          Rb 82m (n,na   )  Br 78   9.74688E-12+- 7.15586E-09
    Rb 82m (n,np   )  Kr 81   1.18710E-04+- 3.41031E-10          Rb 82m (n,np   )  Kr 81m  4.42391E-06+- 7.87608E-11
    Rb 82m (n,g    )  Rb 83   7.68936E+00+- 2.84018E+02          Rb 82m (n,p    )  Kr 82   1.72268E+00+- 4.99732E+01
    Rb 82m (n,d    )  Kr 81   5.49728E-07+- 1.03728E-02          Rb 82m (n,d    )  Kr 81m  3.32972E-08+- 2.62023E-03
    Rb 82m (n,t    )  Kr 80   4.26966E-11+- 8.89800E-10          Rb 82m (n,a    )  Br 79   3.11432E-04+- 7.76526E+01
    Rb 82m (n,a    )  Br 79m  2.58999E-04+- 7.63017E+01          Rb 82m (n,2p   )  Br 81   3.69991E-11+- 5.60023E-10
    Rb 82m (n,pa   )  Se 78   3.28733E-10+- 8.81247E-05          Rb 83  (n,na   )  Br 79   3.03244E-12+- 2.57826E-09
    Rb 83  (n,na   )  Br 79m  1.07485E-12+- 2.83491E-09          Rb 83  (n,np   )  Kr 82   2.97307E-05+- 1.81859E-11
    Rb 83  (n,g    )  Rb 84   1.07776E+01+- 7.81022E+01          Rb 83  (n,g    )  Rb 84m  1.14540E+00+- 7.81017E+01
    Rb 83  (n,p    )  Kr 83   2.86293E-03+- 7.03009E+01          Rb 83  (n,p    )  Kr 83m  1.38643E-03+- 6.92266E+01
    Rb 83  (n,d    )  Kr 82   9.74914E-07+- 4.13669E-03          Rb 83  (n,a    )  Br 80   1.74770E-05+- 1.26407E+01
    Rb 83  (n,a    )  Br 80m  1.08045E-05+- 1.09656E+01          Rb 84  (n,n    )  Rb 84m  1.03314E-01+- 9.39145E+01
    Rb 84  (n,2n   )  Rb 83   1.57422E-04+- 0.00000E+00          Rb 84  (n,np   )  Kr 83   1.73869E-07+- 0.00000E+00
    Rb 84  (n,np   )  Kr 83m  2.33847E-08+- 0.00000E+00          Rb 84  (n,g    )  Rb 85   1.13527E+01+- 1.61282E+02
    Rb 84  (n,p    )  Kr 84   1.10665E+00+- 2.95239E+01          Rb 84  (n,d    )  Kr 83   2.03083E-08+- 2.83950E-07
    Rb 84  (n,d    )  Kr 83m  4.54326E-08+- 2.03989E-08          Rb 84  (n,t    )  Kr 82   1.96615E-10+- 0.00000E+00
    Rb 84  (n,a    )  Br 81   1.64872E-05+- 1.79736E+01          Rb 85  (n,np   )  Kr 84   6.81358E-07+- 0.00000E+00
    Rb 85  (n,g    )  Rb 86   2.30655E-01+- 1.80153E+01          Rb 85  (n,g    )  Rb 86m  3.17279E-02+- 1.03110E+01
    Rb 85  (n,p    )  Kr 85   7.93729E-05+- 1.24756E+01          Rb 85  (n,p    )  Kr 85m  2.74269E-05+- 8.39920E+00
    Rb 85  (n,d    )  Kr 84   9.23129E-08+- 9.86559E-08          Rb 85  (n,a    )  Br 82   2.88422E-07+- 1.01856E+00
    Rb 85  (n,a    )  Br 82m  4.62216E-07+- 9.44981E-01          Rb 86  (n,n    )  Rb 86m  6.80003E-02+- 9.14853E+01
    Rb 86  (n,2n   )  Rb 85   1.65310E-04+- 0.00000E+00          Rb 86  (n,np   )  Kr 85   1.22638E-12+- 0.00000E+00
    Rb 86  (n,g    )  Rb 87   2.79541E+00+- 5.00616E+01          Rb 86  (n,p    )  Kr 86   1.70438E-04+- 3.04909E+01
    Rb 86  (n,d    )  Kr 85   2.34267E-10+- 0.00000E+00          Rb 86  (n,d    )  Kr 85m  5.04672E-10+- 0.00000E+00
    Rb 86  (n,a    )  Br 83   1.08811E-06+- 2.74724E+00          Rb 87  (n,np   )  Kr 86   2.79888E-12+- 0.00000E+00
    Rb 87  (n,g    )  Rb 88   7.73943E-02+- 1.18173E+01          Rb 87  (n,p    )  Kr 87   2.05216E-06+- 2.96803E-01
    Rb 87  (n,d    )  Kr 86   8.26589E-10+- 0.00000E+00          Rb 87  (n,a    )  Br 84   1.36675E-08+- 1.37710E-02
    Rb 87  (n,a    )  Br 84m  3.47386E-09+- 2.12332E-03          Sr 82  (n,na   )  Kr 78   2.89350E-09+- 2.48101E-09
    Sr 82  (n,np   )  Rb 81   1.23757E-07+- 0.00000E+00          Sr 82  (n,np   )  Rb 81m  5.93200E-08+- 0.00000E+00
    Sr 82  (n,g    )  Sr 83   7.69740E-01+- 7.80997E+01          Sr 82  (n,g    )  Sr 83m  7.69017E-01+- 7.81008E+01
    Sr 82  (n,p    )  Rb 82   9.08468E-03+- 6.26981E+01          Sr 82  (n,p    )  Rb 82m  2.02583E-03+- 4.85126E+01
    Sr 82  (n,d    )  Rb 81   1.09850E-08+- 3.27179E-12          Sr 82  (n,d    )  Rb 81m  4.20278E-09+- 1.97319E-13
    Sr 82  (n,a    )  Kr 79   4.46334E-04+- 4.63162E+01          Sr 82  (n,a    )  Kr 79m  3.91117E-04+- 4.06085E+01
    Sr 82  (n,2p   )  Kr 81   1.20873E-07+- 9.78182E-12          Sr 82  (n,2p   )  Kr 81m  1.38174E-08+- 3.15779E-11
    Sr 83  (n,n    )  Sr 83m  1.07107E-01+- 9.62357E+01          Sr 83  (n,2n   )  Sr 82   1.51180E-05+- 0.00000E+00
    Sr 83  (n,na   )  Kr 79   4.40386E-11+- 4.90267E-08          Sr 83  (n,na   )  Kr 79m  1.45693E-10+- 1.11446E-07
    Sr 83  (n,np   )  Rb 82   2.36915E-09+- 0.00000E+00          Sr 83  (n,np   )  Rb 82m  1.40632E-08+- 0.00000E+00
    Sr 83  (n,g    )  Sr 84   8.81941E+00+- 2.28223E+02          Sr 83  (n,p    )  Rb 83   8.41055E-01+- 4.99279E+01
    Sr 83  (n,d    )  Rb 82   3.38909E-09+- 3.32950E-11          Sr 83  (n,d    )  Rb 82m  4.01519E-09+- 4.93919E-12
    Sr 83  (n,a    )  Kr 80   2.44441E-03+- 5.74172E+01          Sr 83  (n,2p   )  Kr 82   1.61022E-06+- 8.12601E-04
    Sr 83  (n,pa   )  Br 79   2.89097E-12+- 4.09785E-08          Sr 83  (n,pa   )  Br 79m  1.28043E-12+- 1.44726E-07
    Sr 84  (n,na   )  Kr 80   1.34262E-11+- 2.02654E-07          Sr 84  (n,np   )  Rb 83   1.18450E-12+- 0.00000E+00
    Sr 84  (n,g    )  Sr 85   1.07795E-01+- 7.77205E+01          Sr 84  (n,g    )  Sr 85m  3.17838E-01+- 1.50731E+01
    Sr 84  (n,p    )  Rb 84   5.96420E-04+- 1.74500E+01          Sr 84  (n,p    )  Rb 84m  5.58633E-04+- 1.71479E+01
    Sr 84  (n,d    )  Rb 83   3.06615E-10+- 0.00000E+00          Sr 84  (n,a    )  Kr 81   3.89050E-05+- 1.81033E+01
    Sr 84  (n,a    )  Kr 81m  2.02040E-05+- 1.78311E+01          Sr 85  (n,n    )  Sr 85m  7.51757E-02+- 9.50787E+01
    Sr 85  (n,2n   )  Sr 84   3.42976E-05+- 0.00000E+00          Sr 85  (n,g    )  Sr 86   5.63675E+00+- 2.65122E+02
    Sr 85  (n,p    )  Rb 85   1.90106E-03+- 4.30667E+01          Sr 85  (n,d    )  Rb 84   2.19346E-10+- 0.00000E+00
    Sr 85  (n,d    )  Rb 84m  5.55389E-11+- 0.00000E+00          Sr 85  (n,a    )  Kr 82   3.98274E-05+- 2.33976E+01
    Sr 85  (n,2p   )  Kr 84   1.68079E-10+- 4.43059E-11          Sr 86  (n,g    )  Sr 87   4.70906E-02+- 3.28473E+01
    Sr 86  (n,g    )  Sr 87m  1.88289E-01+- 1.72607E+01          Sr 86  (n,p    )  Rb 86   1.72990E-04+- 9.25846E+00
    Sr 86  (n,p    )  Rb 86m  1.39777E-05+- 2.16568E+00          Sr 86  (n,d    )  Rb 85   3.02413E-12+- 0.00000E+00
    Sr 86  (n,a    )  Kr 83   2.74562E-06+- 4.15195E+00          Sr 86  (n,a    )  Kr 83m  1.27956E-06+- 3.36053E+00
    Sr 87  (n,n    )  Sr 87m  9.57394E-02+- 1.90329E+01          Sr 87  (n,2n   )  Sr 86   5.01694E-05+- 0.00000E+00
    Sr 87  (n,g    )  Sr 88   3.98581E+00+- 1.91539E+01          Sr 87  (n,p    )  Rb 87   5.64475E-05+- 1.72489E+01
    Sr 87  (n,d    )  Rb 86   4.05301E-12+- 0.00000E+00          Sr 87  (n,a    )  Kr 84   3.35518E-06+- 6.34250E+00
    Sr 88  (n,g    )  Sr 89   3.44118E-03+- 4.29476E+01          Sr 88  (n,p    )  Rb 88   9.22605E-07+- 9.23639E-04
    Sr 88  (n,a    )  Kr 85   7.63837E-08+- 7.23444E-02          Sr 88  (n,a    )  Kr 85m  1.84653E-08+- 1.95355E-02
    Sr 89  (n,2n   )  Sr 88   2.40269E-03+- 0.00000E+00          Sr 89  (n,g    )  Sr 90   4.77141E-02+- 2.90160E+01
    Sr 89  (n,p    )  Rb 89   1.50410E-06+- 4.05263E-02          Sr 89  (n,a    )  Kr 86   1.05226E-06+- 5.83487E+00
    Sr 90  (n,2n   )  Sr 89   1.23582E-03+- 0.00000E+00          Sr 90  (n,g    )  Sr 91   8.80531E-03+- 2.35876E+01
    Sr 90  (n,p    )  Rb 90   1.35887E-08+- 5.80396E-11          Sr 90  (n,p    )  Rb 90m  1.20894E-08+- 3.49999E-13
    Sr 90  (n,a    )  Kr 87   1.96629E-07+- 1.37730E+00          Sr 91  (n,2n   )  Sr 90   5.35632E-03+- 7.27847E-02
    Sr 91  (n,g    )  Sr 92   2.85316E-01+- 7.73237E+02          Sr 91  (n,p    )  Rb 91   1.13925E-07+- 1.39447E-07
    Sr 91  (n,a    )  Kr 88   1.91775E-07+- 1.63816E+00          Y  86  (n,n    )  Y  86m  6.24383E-02+- 9.41846E+01
    Y  86  (n,2n   )  Y  85   5.63506E-07+- 0.00000E+00          Y  86  (n,2n   )  Y  85m  3.13901E-06+- 0.00000E+00
    Y  86  (n,np   )  Sr 85   2.55450E-04+- 1.45120E-10          Y  86  (n,np   )  Sr 85m  2.80256E-05+- 1.02231E-10
    Y  86  (n,g    )  Y  87   1.78666E+01+- 7.81024E+01          Y  86  (n,g    )  Y  87m  5.95717E+00+- 7.81023E+01
    Y  86  (n,p    )  Sr 86   5.12515E+00+- 4.99848E+01          Y  86  (n,d    )  Sr 85   4.81830E-07+- 4.04325E-02
    Y  86  (n,d    )  Sr 85m  4.98782E-07+- 6.24564E-03          Y  86  (n,t    )  Sr 84   8.00324E-10+- 2.69043E-12
    Y  86  (n,a    )  Rb 83   2.60824E-04+- 4.82173E+01          Y  86  (n,2p   )  Rb 85   8.50576E-09+- 5.59597E-06
    Y  86  (n,pa   )  Kr 82   4.10575E-10+- 2.87357E-04          Y  87  (n,n    )  Y  87m  1.38439E-01+- 9.23656E+01
    Y  87  (n,np   )  Sr 86   5.27587E-05+- 3.45643E-12          Y  87  (n,g    )  Y  88   3.33804E+00+- 3.80050E+02
    Y  87  (n,p    )  Sr 87   4.69466E-03+- 7.29107E+01          Y  87  (n,p    )  Sr 87m  7.24576E-02+- 7.78671E+01
    Y  87  (n,d    )  Sr 86   6.90844E-07+- 3.88807E-03          Y  87  (n,a    )  Rb 84   6.44536E-06+- 6.16106E+00
    Y  87  (n,a    )  Rb 84m  2.57796E-06+- 4.13320E+00          Y  87m (n,n    )  Y  87   1.17820E+00+- 9.95286E+01
    Y  87m (n,np   )  Sr 86   6.00812E-05+- 2.95002E-10          Y  87m (n,g    )  Y  88   3.00841E+00+- 3.25341E+02
    Y  87m (n,p    )  Sr 87   6.45768E-01+- 7.80568E+01          Y  87m (n,p    )  Sr 87m  3.78454E-03+- 7.47336E+01
    Y  87m (n,d    )  Sr 86   2.72886E-08+- 9.07035E-02          Y  87m (n,a    )  Rb 84   7.20451E-06+- 9.31008E+00
    Y  87m (n,a    )  Rb 84m  4.49014E-06+- 9.24028E+00          Y  88  (n,2n   )  Y  87   2.56152E-06+- 0.00000E+00
    Y  88  (n,2n   )  Y  87m  7.13728E-07+- 0.00000E+00          Y  88  (n,np   )  Sr 87   5.06913E-06+- 0.00000E+00
    Y  88  (n,np   )  Sr 87m  9.58304E-08+- 0.00000E+00          Y  88  (n,g    )  Y  89   1.80943E+00+- 7.81021E+01
    Y  88  (n,g    )  Y  89m  6.03447E-01+- 7.81016E+01          Y  88  (n,p    )  Sr 88   1.26493E-01+- 4.98759E+01
    Y  88  (n,d    )  Sr 87   3.50071E-08+- 1.36539E-05          Y  88  (n,d    )  Sr 87m  5.87878E-08+- 1.72791E-07
    Y  88  (n,t    )  Sr 86   1.85431E-12+- 0.00000E+00          Y  88  (n,a    )  Rb 85   8.55713E-06+- 1.06184E+01
    Y  89  (n,n    )  Y  89m  8.99619E-02+- 1.74397E+01          Y  89  (n,np   )  Sr 88   1.78364E-06+- 0.00000E+00
    Y  89  (n,g    )  Y  90   1.15509E-01+- 2.11887E+01          Y  89  (n,g    )  Y  90m  2.60724E-04+- 3.05685E+01
    Y  89  (n,p    )  Sr 89   1.34878E-04+- 1.21744E+01          Y  89  (n,d    )  Sr 88   7.26355E-06+- 4.52469E-01
    Y  89  (n,a    )  Rb 86   3.80173E-07+- 4.39653E-01          Y  89  (n,a    )  Rb 86m  7.72986E-08+- 8.86638E-02
    Y  90  (n,n    )  Y  90m  6.07758E-02+- 9.00667E+01          Y  90  (n,2n   )  Y  89   1.19148E-03+- 0.00000E+00
    Y  90  (n,2n   )  Y  89m  7.04948E-04+- 0.00000E+00          Y  90  (n,np   )  Sr 89   4.41602E-10+- 0.00000E+00
    Y  90  (n,g    )  Y  91   4.95887E-01+- 7.81001E+01          Y  90  (n,g    )  Y  91m  1.65579E-01+- 7.80974E+01
    Y  90  (n,p    )  Sr 90   8.97363E-05+- 1.47461E+01          Y  90  (n,d    )  Sr 89   1.31553E-08+- 8.04640E-12
    Y  90  (n,t    )  Sr 88   1.37935E-09+- 8.80766E-11          Y  90  (n,a    )  Rb 87   4.96324E-06+- 1.33528E+01
    Y  91  (n,n    )  Y  91m  1.32301E-01+- 9.21982E+01          Y  91  (n,2n   )  Y  90   8.80979E-04+- 0.00000E+00
    Y  91  (n,2n   )  Y  90m  7.30181E-05+- 0.00000E+00          Y  91  (n,na   )  Rb 87   3.56777E-11+- 9.10967E-07
    Y  91  (n,np   )  Sr 90   4.93794E-11+- 0.00000E+00          Y  91  (n,g    )  Y  92   1.48307E-01+- 2.85671E+01
    Y  91  (n,p    )  Sr 91   1.03672E-05+- 5.69074E+00          Y  91  (n,d    )  Sr 90   1.14114E-08+- 6.67249E-11
    Y  91  (n,a    )  Rb 88   1.53672E-06+- 6.00445E+00          Y  93  (n,2n   )  Y  92   1.62575E-03+- 0.00000E+00
    Y  93  (n,g    )  Y  94   7.73031E-01+- 7.13625E+02          Y  93  (n,p    )  Sr 93   1.08255E-06+- 1.12587E-01
    Y  93  (n,d    )  Sr 92   2.79820E-10+- 0.00000E+00          Y  93  (n,a    )  Rb 90   6.07470E-08+- 1.60778E+00
    Y  93  (n,a    )  Rb 90m  5.94739E-08+- 1.28016E+00          Zr 86  (n,na   )  Sr 82   8.70896E-10+- 2.09301E-09
    Zr 86  (n,np   )  Y  85   1.31975E-06+- 0.00000E+00          Zr 86  (n,np   )  Y  85m  2.16286E-06+- 0.00000E+00
    Zr 86  (n,g    )  Zr 87   1.15856E+00+- 7.80919E+01          Zr 86  (n,g    )  Zr 87m  7.78762E-01+- 7.81009E+01
    Zr 86  (n,p    )  Y  86   7.74618E-02+- 7.04191E+01          Zr 86  (n,p    )  Y  86m  6.53657E-04+- 4.76742E+01
    Zr 86  (n,d    )  Y  85   1.90963E-08+- 3.37910E-09          Zr 86  (n,d    )  Y  85m  1.60218E-08+- 2.78105E-09
    Zr 86  (n,a    )  Sr 83   5.56844E-04+- 4.81877E+01          Zr 86  (n,a    )  Sr 83m  3.41716E-04+- 5.10471E+01
    Zr 86  (n,2p   )  Sr 85   7.61444E-06+- 1.97229E-05          Zr 86  (n,2p   )  Sr 85m  1.57049E-06+- 3.86040E-06
    Zr 88  (n,na   )  Sr 84   1.55501E-12+- 2.30323E-08          Zr 88  (n,np   )  Y  87   2.27341E-08+- 0.00000E+00
    Zr 88  (n,np   )  Y  87m  1.87096E-09+- 0.00000E+00          Zr 88  (n,g    )  Zr 89   4.84334E-01+- 7.80988E+01
    Zr 88  (n,g    )  Zr 89m  4.83743E-01+- 7.81003E+01          Zr 88  (n,p    )  Y  88   5.80787E-03+- 3.83666E+01
    Zr 88  (n,d    )  Y  87   2.43454E-09+- 2.04284E-10          Zr 88  (n,d    )  Y  87m  2.17968E-09+- 0.00000E+00
    Zr 88  (n,a    )  Sr 85   3.11523E-05+- 1.78322E+01          Zr 88  (n,a    )  Sr 85m  1.52757E-05+- 1.53692E+01
    Zr 88  (n,2p   )  Sr 87   2.15951E-09+- 1.92333E-12          Zr 88  (n,2p   )  Sr 87m  7.13955E-11+- 7.26039E-10
    Zr 89  (n,n    )  Zr 89m  4.94493E-02+- 9.32797E+01          Zr 89  (n,2n   )  Zr 88   2.88553E-06+- 0.00000E+00
    Zr 89  (n,np   )  Y  88   2.22896E-08+- 0.00000E+00          Zr 89  (n,g    )  Zr 90   9.21428E-01+- 7.81014E+01
    Zr 89  (n,g    )  Zr 90m  2.02462E-01+- 7.80999E+01          Zr 89  (n,p    )  Y  89   4.33761E-02+- 7.73432E+01
    Zr 89  (n,p    )  Y  89m  1.18602E-01+- 7.77606E+01          Zr 89  (n,d    )  Y  88   3.40767E-09+- 1.22746E-10
    Zr 89  (n,a    )  Sr 86   4.04264E-05+- 2.32464E+01          Zr 89  (n,2p   )  Sr 88   7.63550E-08+- 1.51569E-06
    Zr 90  (n,n    )  Zr 90m  4.62324E-02+- 9.60534E+00          Zr 90  (n,np   )  Y  89   3.57717E-10+- 0.00000E+00
    Zr 90  (n,g    )  Zr 91   9.54910E-03+- 3.70735E+01          Zr 90  (n,p    )  Y  90   1.16371E-04+- 8.64489E+00
    Zr 90  (n,p    )  Y  90m  1.65107E-05+- 7.59468E-01          Zr 90  (n,d    )  Y  89   6.72365E-10+- 0.00000E+00
    Zr 90  (n,d    )  Y  89m  2.00478E-10+- 0.00000E+00          Zr 90  (n,a    )  Sr 87   4.31214E-06+- 6.63491E+00
    Zr 90  (n,a    )  Sr 87m  4.77072E-07+- 5.67622E-01          Zr 91  (n,2n   )  Zr 90   9.23474E-04+- 0.00000E+00
    Zr 91  (n,2n   )  Zr 90m  1.10902E-05+- 0.00000E+00          Zr 91  (n,g    )  Zr 92   2.38145E-01+- 1.04542E+01
    Zr 91  (n,p    )  Y  91   1.51022E-05+- 7.34734E+00          Zr 91  (n,p    )  Y  91m  2.75977E-05+- 4.89823E+00
    Zr 91  (n,d    )  Y  90   1.14870E-10+- 0.00000E+00          Zr 91  (n,d    )  Y  90m  1.29421E-11+- 0.00000E+00
    Zr 91  (n,a    )  Sr 88   1.12296E-04+- 5.92070E+02          Zr 92  (n,2n   )  Zr 91   3.25148E-04+- 0.00000E+00
    Zr 92  (n,na   )  Sr 88   7.57998E-08+- 1.52757E-06          Zr 92  (n,g    )  Zr 93   4.20332E-02+- 2.51424E+01
    Zr 92  (n,p    )  Y  92   3.54450E-06+- 8.16576E-01          Zr 92  (n,d    )  Y  91   2.92295E-12+- 0.00000E+00
    Zr 92  (n,a    )  Sr 89   1.91326E-05+- 3.46089E+00          Zr 93  (n,2n   )  Zr 92   1.96558E-03+- 0.00000E+00
    Zr 93  (n,na   )  Sr 89   1.47402E-09+- 4.85223E-07          Zr 93  (n,g    )  Zr 94   7.11808E-01+- 2.77318E+01
    Zr 93  (n,p    )  Y  93   2.35788E-06+- 2.20471E+00          Zr 93  (n,p    )  Y  93m  9.84492E-07+- 9.81203E-01
    Zr 93  (n,a    )  Sr 90   5.83188E-06+- 1.67842E+01          Zr 94  (n,2n   )  Zr 93   7.69500E-04+- 0.00000E+00
    Zr 94  (n,na   )  Sr 90   3.75895E-10+- 9.29447E-08          Zr 94  (n,g    )  Zr 95   1.83656E-02+- 1.67183E+01
    Zr 94  (n,p    )  Y  94   2.01095E-06+- 1.80312E+00          Zr 94  (n,a    )  Sr 91   3.85538E-06+- 1.21395E+00
    Zr 95  (n,2n   )  Zr 94   2.74251E-03+- 0.00000E+00          Zr 95  (n,na   )  Sr 91   3.02168E-12+- 5.34123E-08
    Zr 95  (n,g    )  Zr 96   2.07216E-01+- 4.44535E+01          Zr 95  (n,p    )  Y  95   3.70968E-07+- 1.35632E-02
    Zr 95  (n,a    )  Sr 92   5.69716E-07+- 3.30424E+00          Zr 96  (n,2n   )  Zr 95   1.41367E-03+- 0.00000E+00
    Zr 96  (n,g    )  Zr 97   1.84731E-01+- 1.49045E+01          Zr 96  (n,p    )  Y  96   3.47233E-10+- 0.00000E+00
    Zr 96  (n,p    )  Y  96m  5.18294E-11+- 0.00000E+00          Zr 96  (n,a    )  Sr 93   2.53511E-08+- 3.75572E-01
    Zr 97  (n,2n   )  Zr 96   6.78535E-03+- 7.67914E-01          Zr 97  (n,g    )  Zr 98   3.83502E-01+- 8.27177E+02
    Zr 97  (n,p    )  Y  97   3.30530E-09+- 8.02348E-12          Zr 97  (n,p    )  Y  97m  2.12735E-09+- 0.00000E+00
    Zr 97  (n,a    )  Sr 94   7.23060E-08+- 6.06081E-01          Nb 90  (n,n    )  Nb 90m  6.69333E-02+- 9.50338E+01
    Nb 90  (n,n    )  Nb 90n  6.67936E-02+- 9.50234E+01          Nb 90  (n,np   )  Zr 89   2.14782E-04+- 6.24232E-07
    Nb 90  (n,np   )  Zr 89m  2.28383E-06+- 3.37299E-15          Nb 90  (n,g    )  Nb 91   1.78529E+00+- 7.81019E+01
    Nb 90  (n,g    )  Nb 91m  1.78470E+00+- 7.81022E+01          Nb 90  (n,p    )  Zr 90   8.19604E-02+- 7.72201E+01
    Nb 90  (n,p    )  Zr 90m  1.06203E+00+- 7.80077E+01          Nb 90  (n,d    )  Zr 89   4.27698E-07+- 9.08541E-02
    Nb 90  (n,d    )  Zr 89m  8.04151E-07+- 9.09318E-03          Nb 90  (n,t    )  Zr 88   7.04288E-11+- 7.32280E-12
    Nb 90  (n,a    )  Y  87   6.21306E-05+- 3.97218E+01          Nb 90  (n,a    )  Y  87m  6.69903E-05+- 4.80320E+01
    Nb 90  (n,2p   )  Y  89   4.18473E-07+- 1.02688E-01          Nb 90  (n,2p   )  Y  89m  8.18887E-07+- 1.27510E-02
    Nb 90  (n,pa   )  Sr 86   1.35104E-10+- 1.50158E-03          Nb 91  (n,n    )  Nb 91m  4.78410E-02+- 9.34905E+01
    Nb 91  (n,np   )  Zr 90   6.82291E-05+- 6.47407E-08          Nb 91  (n,np   )  Zr 90m  1.84470E-07+- 0.00000E+00
    Nb 91  (n,g    )  Nb 92   1.57374E-01+- 7.80990E+01          Nb 91  (n,g    )  Nb 92m  6.28408E-01+- 7.81009E+01
    Nb 91  (n,p    )  Zr 91   3.59952E-03+- 4.18256E+01          Nb 91  (n,d    )  Zr 90   1.62819E-06+- 5.53111E-02
    Nb 91  (n,d    )  Zr 90m  1.28130E-08+- 2.17114E-10          Nb 91  (n,a    )  Y  88   1.89580E-05+- 9.92591E+00
    Nb 91m (n,n    )  Nb 91   2.24617E-01+- 9.35439E+01          Nb 91m (n,np   )  Zr 90   1.64176E-04+- 5.98092E-07
    Nb 91m (n,np   )  Zr 90m  1.52842E-07+- 0.00000E+00          Nb 91m (n,g    )  Nb 92   1.57374E-01+- 7.80990E+01
    Nb 91m (n,g    )  Nb 92m  6.28408E-01+- 7.81009E+01          Nb 91m (n,p    )  Zr 91   9.01474E-03+- 4.57398E+01
    Nb 91m (n,d    )  Zr 90   1.15009E-07+- 2.04254E+00          Nb 91m (n,d    )  Zr 90m  5.75282E-09+- 1.59418E-10
    Nb 91m (n,a    )  Y  88   2.01273E-05+- 9.85189E+00          Nb 92  (n,n    )  Nb 92m  1.62592E-01+- 9.63893E+01
    Nb 92  (n,2n   )  Nb 91   5.14303E-04+- 0.00000E+00          Nb 92  (n,2n   )  Nb 91m  1.50396E-05+- 0.00000E+00
    Nb 92  (n,na   )  Y  88   1.12713E-11+- 4.41695E-07          Nb 92  (n,np   )  Zr 91   5.73391E-07+- 2.08882E-13
    Nb 92  (n,g    )  Nb 93   1.13130E+00+- 7.81016E+01          Nb 92  (n,g    )  Nb 93m  1.13068E+00+- 7.81020E+01
    Nb 92  (n,p    )  Zr 92   8.51149E-04+- 3.36674E+01          Nb 92  (n,d    )  Zr 91   4.49572E-07+- 5.92641E-04
    Nb 92  (n,t    )  Zr 90   1.03699E-08+- 2.65771E-09          Nb 92  (n,t    )  Zr 90m  4.55989E-12+- 0.00000E+00
    Nb 92  (n,a    )  Y  89   2.27792E-04+- 7.43387E+01          Nb 92  (n,a    )  Y  89m  1.20152E-04+- 7.05695E+01
    Nb 92  (n,pa   )  Sr 88   4.46870E-11+- 2.28803E-04          Nb 92m (n,n    )  Nb 92   1.21454E-01+- 9.45845E+01
    Nb 92m (n,2n   )  Nb 91   1.06050E-03+- 0.00000E+00          Nb 92m (n,2n   )  Nb 91m  2.27948E-04+- 0.00000E+00
    Nb 92m (n,na   )  Y  88   1.72624E-11+- 3.79130E-07          Nb 92m (n,np   )  Zr 91   6.25278E-06+- 4.37660E-10
    Nb 92m (n,g    )  Nb 93   1.13130E+00+- 7.81016E+01          Nb 92m (n,g    )  Nb 93m  1.13068E+00+- 7.81020E+01
    Nb 92m (n,p    )  Zr 92   6.48322E-02+- 4.98057E+01          Nb 92m (n,d    )  Zr 91   2.36383E-08+- 7.48647E-02
    Nb 92m (n,t    )  Zr 90   3.57062E-10+- 2.36281E-06          Nb 92m (n,a    )  Y  89   6.26201E-03+- 8.46092E+01
    Nb 92m (n,a    )  Y  89m  2.08955E-04+- 7.87120E+01          Nb 92m (n,pa   )  Sr 88   5.19011E-10+- 5.65117E-04
    Nb 93  (n,n    )  Nb 93m  6.35730E-02+- 1.42922E+01          Nb 93  (n,2n   )  Nb 92   1.65406E-04+- 0.00000E+00
    Nb 93  (n,2n   )  Nb 92m  4.59978E-05+- 0.00000E+00          Nb 93  (n,na   )  Y  89   3.64069E-07+- 4.99694E-04
    Nb 93  (n,na   )  Y  89m  2.27551E-07+- 1.14729E-03          Nb 93  (n,np   )  Zr 92   1.26794E-06+- 0.00000E+00
    Nb 93  (n,g    )  Nb 94   1.29500E-01+- 1.21766E+01          Nb 93  (n,g    )  Nb 94m  2.88189E-01+- 1.21770E+01
    Nb 93  (n,p    )  Zr 93   1.57091E-04+- 1.07520E+01          Nb 93  (n,d    )  Zr 92   8.40362E-07+- 1.18033E-04
    Nb 93  (n,t    )  Zr 91   1.57002E-11+- 0.00000E+00          Nb 93  (n,a    )  Y  90   2.64398E-05+- 7.00872E+00
    Nb 93  (n,a    )  Y  90m  1.46046E-05+- 5.97429E+00          Nb 93m (n,n    )  Nb 93   2.65708E-01+- 9.42175E+01
    Nb 93m (n,2n   )  Nb 92   7.01979E-05+- 0.00000E+00          Nb 93m (n,2n   )  Nb 92m  1.23759E-04+- 0.00000E+00
    Nb 93m (n,na   )  Y  89   4.00560E-07+- 6.02434E-04          Nb 93m (n,na   )  Y  89m  4.12864E-08+- 1.25347E-06
    Nb 93m (n,np   )  Zr 92   2.17611E-06+- 0.00000E+00          Nb 93m (n,g    )  Nb 94   1.29411E-01+- 7.80982E+01
    Nb 93m (n,g    )  Nb 94m  2.87991E-01+- 7.80984E+01          Nb 93m (n,p    )  Zr 93   2.02104E-04+- 3.55715E+01
    Nb 93m (n,d    )  Zr 92   1.05099E-08+- 1.03365E-02          Nb 93m (n,t    )  Zr 91   1.03316E-11+- 0.00000E+00
    Nb 93m (n,a    )  Y  90   5.98064E-05+- 3.19797E+01          Nb 93m (n,a    )  Y  90m  4.66117E-06+- 1.69691E+01
    Nb 94  (n,n    )  Nb 94m  3.85137E-01+- 9.71148E+01          Nb 94  (n,2n   )  Nb 93   1.49627E-03+- 0.00000E+00
    Nb 94  (n,2n   )  Nb 93m  1.00661E-04+- 0.00000E+00          Nb 94  (n,na   )  Y  90   6.93521E-09+- 7.24245E-04
    Nb 94  (n,na   )  Y  90m  5.16066E-09+- 2.96546E-06          Nb 94  (n,np   )  Zr 93   6.71402E-09+- 0.00000E+00
    Nb 94  (n,g    )  Nb 95   3.94637E+00+- 3.91060E+01          Nb 94  (n,g    )  Nb 95m  1.59004E-01+- 3.92295E+01
    Nb 94  (n,p    )  Zr 94   1.87567E-04+- 2.93967E+01          Nb 94  (n,d    )  Zr 93   7.25992E-08+- 3.14364E-06
    Nb 94  (n,t    )  Zr 92   4.35219E-09+- 4.00167E-11          Nb 94  (n,a    )  Y  91   3.04400E-05+- 6.73438E+01
    Nb 94  (n,a    )  Y  91m  3.57269E-05+- 7.28933E+01          Nb 95  (n,n    )  Nb 95m  2.40256E-02+- 9.45647E+01
    Nb 95  (n,2n   )  Nb 94   2.97024E-04+- 0.00000E+00          Nb 95  (n,2n   )  Nb 94m  1.97708E-04+- 0.00000E+00
    Nb 95  (n,na   )  Y  91   2.99211E-09+- 4.41105E-06          Nb 95  (n,na   )  Y  91m  1.16917E-09+- 1.72725E-07
    Nb 95  (n,np   )  Zr 94   3.41707E-09+- 0.00000E+00          Nb 95  (n,g    )  Nb 96   7.61144E+00+- 4.53204E+01
    Nb 95  (n,p    )  Zr 95   1.97069E-05+- 1.02995E+01          Nb 95  (n,d    )  Zr 94   5.43453E-08+- 1.50485E-07
    Nb 95  (n,t    )  Zr 93   4.18624E-12+- 0.00000E+00          Nb 95  (n,a    )  Y  92   4.52966E-06+- 9.56452E+00
    Nb 95m (n,n    )  Nb 95   5.98900E-01+- 9.68195E+01          Nb 95m (n,2n   )  Nb 94   2.28821E-04+- 0.00000E+00
    Nb 95m (n,2n   )  Nb 94m  5.35064E-04+- 0.00000E+00          Nb 95m (n,na   )  Y  91   4.92689E-09+- 3.13255E-05
    Nb 95m (n,na   )  Y  91m  1.04689E-09+- 4.01579E-07          Nb 95m (n,np   )  Zr 94   1.35195E-08+- 0.00000E+00
    Nb 95m (n,g    )  Nb 96   2.06349E+00+- 8.85960E+01          Nb 95m (n,p    )  Zr 95   1.97396E-05+- 2.51277E+01
    Nb 95m (n,d    )  Zr 94   9.53470E-10+- 1.64925E-04          Nb 95m (n,t    )  Zr 93   2.23016E-12+- 0.00000E+00
    Nb 95m (n,a    )  Y  92   5.41071E-06+- 1.53436E+01          Nb 96  (n,2n   )  Nb 95   2.01018E-03+- 0.00000E+00
    Nb 96  (n,2n   )  Nb 95m  6.00851E-05+- 0.00000E+00          Nb 96  (n,na   )  Y  92   8.85970E-11+- 4.67350E-07
    Nb 96  (n,np   )  Zr 95   1.37697E-10+- 0.00000E+00          Nb 96  (n,g    )  Nb 97   3.16483E+00+- 7.81023E+01
    Nb 96  (n,g    )  Nb 97m  3.16452E+00+- 7.81024E+01          Nb 96  (n,p    )  Zr 96   4.07771E-05+- 1.48440E+01
    Nb 96  (n,d    )  Zr 95   1.52640E-08+- 3.24699E-11          Nb 96  (n,t    )  Zr 94   1.42922E-09+- 1.09542E-11
    Nb 96  (n,a    )  Y  93   1.25894E-06+- 7.84609E+00          Nb 96  (n,a    )  Y  93m  8.45213E-07+- 4.58537E+00
    Mo 92  (n,np   )  Nb 91   9.12370E-05+- 0.00000E+00          Mo 92  (n,np   )  Nb 91m  1.77391E-05+- 0.00000E+00
    Mo 92  (n,g    )  Mo 93   4.52310E-02+- 7.80361E+01          Mo 92  (n,g    )  Mo 93m  8.23624E-05+- 7.78223E+01
    Mo 92  (n,p    )  Nb 92   7.03144E-04+- 1.32801E+01          Mo 92  (n,p    )  Nb 92m  3.41126E-03+- 1.32546E+01
    Mo 92  (n,d    )  Nb 91   8.93456E-09+- 7.61721E-12          Mo 92  (n,d    )  Nb 91m  6.25817E-09+- 5.38078E-12
    Mo 92  (n,a    )  Zr 89   1.78202E-05+- 3.34195E+00          Mo 92  (n,a    )  Zr 89m  6.28915E-06+- 2.24458E+00
    Mo 92  (n,2p   )  Zr 91   1.91554E-10+- 1.55965E-10          Mo 93  (n,n    )  Mo 93m  2.11558E-04+- 4.13227E+01
    Mo 93  (n,2n   )  Mo 92   2.80394E-04+- 0.00000E+00          Mo 93  (n,na   )  Zr 89   5.08660E-10+- 1.17667E-07
    Mo 93  (n,na   )  Zr 89m  1.91050E-12+- 1.66977E-06          Mo 93  (n,np   )  Nb 92   7.85175E-08+- 0.00000E+00
    Mo 93  (n,np   )  Nb 92m  5.53256E-09+- 0.00000E+00          Mo 93  (n,g    )  Mo 94   1.10031E+00+- 6.08362E+02
    Mo 93  (n,p    )  Nb 93   1.58348E-03+- 5.59751E+01          Mo 93  (n,p    )  Nb 93m  7.75746E-04+- 5.55596E+01
    Mo 93  (n,d    )  Nb 92   1.33069E-09+- 3.42185E-10          Mo 93  (n,d    )  Nb 92m  3.52711E-09+- 9.95203E-13
    Mo 93  (n,a    )  Zr 90   9.29859E-03+- 8.43612E+01          Mo 93  (n,a    )  Zr 90m  5.22396E-05+- 4.58985E+01
    Mo 93  (n,2p   )  Zr 92   2.77135E-10+- 3.29882E-11          Mo 93  (n,pa   )  Y  89   1.88579E-10+- 6.71775E-06
    Mo 93  (n,pa   )  Y  89m  1.14418E-11+- 4.47288E-08          Mo 93m (n,2n   )  Mo 92   2.11029E-04+- 1.44224E-04
    Mo 93m (n,na   )  Zr 89   6.63178E-09+- 4.21120E-04          Mo 93m (n,na   )  Zr 89m  3.39939E-11+- 4.89310E-06
    Mo 93m (n,np   )  Nb 92   4.64383E-06+- 1.06458E-08          Mo 93m (n,np   )  Nb 92m  4.90898E-08+- 2.09358E-11
    Mo 93m (n,g    )  Mo 94   2.28472E+00+- 2.71622E+02          Mo 93m (n,p    )  Nb 93   1.42022E-02+- 7.69669E+01
    Mo 93m (n,p    )  Nb 93m  8.92639E-06+- 6.76077E+01          Mo 93m (n,d    )  Nb 92   7.01228E-08+- 3.79249E-01
    Mo 93m (n,d    )  Nb 92m  6.43164E-09+- 2.26221E-02          Mo 93m (n,t    )  Nb 91   1.62881E-10+- 2.60516E-08
    Mo 93m (n,t    )  Nb 91m  1.69904E-12+- 4.05475E-08          Mo 93m (n,a    )  Zr 90   1.98814E-04+- 8.15606E+01
    Mo 93m (n,a    )  Zr 90m  6.51893E-05+- 7.02096E+01          Mo 93m (n,pa   )  Y  89   3.62981E-11+- 4.81560E-02
    Mo 93m (n,pa   )  Y  89m  3.90651E-11+- 7.98011E-03          Mo 94  (n,2n   )  Mo 93   9.11958E-07+- 0.00000E+00
    Mo 94  (n,na   )  Zr 90   2.07191E-06+- 1.15850E-04          Mo 94  (n,na   )  Zr 90m  8.03072E-10+- 3.23986E-08
    Mo 94  (n,np   )  Nb 93   2.93818E-11+- 0.00000E+00          Mo 94  (n,np   )  Nb 93m  3.44491E-12+- 0.00000E+00
    Mo 94  (n,g    )  Mo 95   5.62843E-02+- 3.77431E+01          Mo 94  (n,p    )  Nb 94   3.51272E-05+- 1.20101E+01
    Mo 94  (n,p    )  Nb 94m  1.02388E-04+- 5.33712E+00          Mo 94  (n,d    )  Nb 93   7.79324E-11+- 0.00000E+00
    Mo 94  (n,d    )  Nb 93m  1.72356E-10+- 0.00000E+00          Mo 94  (n,a    )  Zr 91   6.53921E-05+- 1.27720E+01
    Mo 95  (n,2n   )  Mo 94   8.69671E-04+- 0.00000E+00          Mo 95  (n,na   )  Zr 91   1.95705E-07+- 1.85450E-04
    Mo 95  (n,g    )  Mo 96   3.94433E+00+- 7.96237E+00          Mo 95  (n,p    )  Nb 95   6.33685E-05+- 9.62907E+00
    Mo 95  (n,p    )  Nb 95m  2.26910E-05+- 4.95579E+00          Mo 95  (n,d    )  Nb 94   3.14426E-11+- 0.00000E+00
    Mo 95  (n,d    )  Nb 94m  6.90948E-11+- 0.00000E+00          Mo 95  (n,a    )  Zr 92   6.42478E-05+- 2.61550E+01
    Mo 96  (n,2n   )  Mo 95   8.97074E-05+- 0.00000E+00          Mo 96  (n,na   )  Zr 92   8.24035E-08+- 1.46620E-06
    Mo 96  (n,g    )  Mo 97   5.92478E-01+- 1.69931E+01          Mo 96  (n,p    )  Nb 96   8.08546E-06+- 1.72228E+00
    Mo 96  (n,d    )  Nb 95   1.64631E-12+- 0.00000E+00          Mo 96  (n,d    )  Nb 95m  1.45013E-12+- 0.00000E+00
    Mo 96  (n,a    )  Zr 93   1.29931E-05+- 8.24804E+00          Mo 97  (n,2n   )  Mo 96   1.79507E-03+- 0.00000E+00
    Mo 97  (n,na   )  Zr 93   3.49371E-09+- 6.65364E-06          Mo 97  (n,g    )  Mo 98   7.16322E-01+- 2.35864E+01
    Mo 97  (n,p    )  Nb 97   3.25105E-06+- 2.99327E+00          Mo 97  (n,p    )  Nb 97m  1.10337E-06+- 2.99327E+00
    Mo 97  (n,d    )  Nb 96   1.92139E-12+- 0.00000E+00          Mo 97  (n,a    )  Zr 94   8.67713E-06+- 1.21176E+01
    Mo 98  (n,2n   )  Mo 97   3.58333E-04+- 0.00000E+00          Mo 98  (n,na   )  Zr 94   6.64599E-10+- 4.22450E-06
    Mo 98  (n,g    )  Mo 99   2.44216E-01+- 1.06816E+01          Mo 98  (n,p    )  Nb 98   1.75993E-07+- 7.87572E-03
    Mo 98  (n,p    )  Nb 98m  7.33852E-08+- 4.45885E-03          Mo 98  (n,a    )  Zr 95   2.01148E-06+- 3.78337E+00
    Mo 99  (n,2n   )  Mo 98   6.07383E-03+- 1.68698E-02          Mo 99  (n,na   )  Zr 95   7.35654E-10+- 1.79257E-04
    Mo 99  (n,g    )  Mo100   1.47189E+00+- 5.82037E+02          Mo 99  (n,p    )  Nb 99   7.24025E-07+- 2.40919E-01
    Mo 99  (n,p    )  Nb 99m  4.33304E-07+- 1.22711E-01          Mo 99  (n,a    )  Zr 96   4.30052E-06+- 2.42694E+01
    Mo100  (n,2n   )  Mo 99   5.91126E-04+- 0.00000E+00          Mo100  (n,na   )  Zr 96   4.03756E-10+- 3.20551E-07
    Mo100  (n,g    )  Mo101   1.49573E-01+- 8.89447E+00          Mo100  (n,p    )  Nb100   2.10122E-09+- 1.77978E-10
    Mo100  (n,p    )  Nb100m  1.86293E-09+- 1.95502E-13          Mo100  (n,a    )  Zr 97   2.53279E-07+- 4.55694E-01
    Tc 95  (n,n    )  Tc 95m  7.44925E-02+- 9.52748E+01          Tc 95  (n,na   )  Nb 91   3.74001E-06+- 3.93796E-04
    Tc 95  (n,na   )  Nb 91m  3.17652E-07+- 1.94570E-04          Tc 95  (n,np   )  Mo 94   8.40755E-05+- 1.17300E-06
    Tc 95  (n,g    )  Tc 96   2.41309E+00+- 7.81022E+01          Tc 95  (n,g    )  Tc 96m  1.29997E+00+- 7.81020E+01
    Tc 95  (n,p    )  Mo 95   1.21228E-02+- 4.54613E+01          Tc 95  (n,d    )  Mo 94   1.79946E-06+- 3.63102E-02
    Tc 95  (n,t    )  Mo 93   9.93251E-12+- 0.00000E+00          Tc 95  (n,t    )  Mo 93m  2.05808E-12+- 0.00000E+00
    Tc 95  (n,a    )  Nb 92   3.28329E-04+- 7.27296E+01          Tc 95  (n,a    )  Nb 92m  3.96685E-04+- 7.00824E+01
    Tc 95  (n,pa   )  Zr 91   6.69644E-10+- 1.57500E-03          Tc 95m (n,n    )  Tc 95   2.74961E-01+- 9.45295E+01
    Tc 95m (n,na   )  Nb 91   1.92924E-06+- 3.25506E-04          Tc 95m (n,na   )  Nb 91m  3.70063E-07+- 2.63028E-04
    Tc 95m (n,np   )  Mo 94   1.62019E-04+- 3.08882E-06          Tc 95m (n,g    )  Tc 96   2.41309E+00+- 7.81022E+01
    Tc 95m (n,g    )  Tc 96m  1.29997E+00+- 7.81020E+01          Tc 95m (n,p    )  Mo 95   3.43173E-02+- 4.78555E+01
    Tc 95m (n,d    )  Mo 94   1.36060E-07+- 5.14845E-01          Tc 95m (n,t    )  Mo 93   1.03532E-11+- 0.00000E+00
    Tc 95m (n,t    )  Mo 93m  1.86639E-12+- 0.00000E+00          Tc 95m (n,a    )  Nb 92   8.08555E-05+- 4.67330E+01
    Tc 95m (n,a    )  Nb 92m  3.75839E-04+- 6.55680E+01          Tc 95m (n,pa   )  Zr 91   4.59690E-10+- 2.09162E-03
    Tc 96  (n,n    )  Tc 96m  1.08823E-01+- 9.72216E+01          Tc 96  (n,2n   )  Tc 95   5.87146E-04+- 0.00000E+00
    Tc 96  (n,2n   )  Tc 95m  2.13235E-05+- 0.00000E+00          Tc 96  (n,na   )  Nb 92   9.33370E-07+- 1.39244E-03
    Tc 96  (n,na   )  Nb 92m  7.86888E-08+- 4.98274E-04          Tc 96  (n,np   )  Mo 95   1.39321E-06+- 1.05496E-10
    Tc 96  (n,g    )  Tc 97   5.47505E+00+- 7.81023E+01          Tc 96  (n,g    )  Tc 97m  5.47427E+00+- 7.81024E+01
    Tc 96  (n,p    )  Mo 96   2.09114E-03+- 3.92907E+01          Tc 96  (n,d    )  Mo 95   6.98039E-07+- 1.95180E-03
    Tc 96  (n,t    )  Mo 94   9.77798E-09+- 1.14215E-08          Tc 96  (n,a    )  Nb 93   1.80467E-03+- 8.28691E+01
    Tc 96  (n,a    )  Nb 93m  2.27194E-04+- 7.71009E+01          Tc 96  (n,2a   )  Y  89   1.63577E-11+- 1.35927E-01
    Tc 96  (n,2a   )  Y  89m  4.48246E-12+- 5.05512E-02          Tc 96  (n,pa   )  Zr 92   1.45986E-10+- 1.21610E-02
    Tc 97  (n,n    )  Tc 97m  4.53268E-02+- 9.53877E+01          Tc 97  (n,2n   )  Tc 96   2.13194E-05+- 0.00000E+00
    Tc 97  (n,2n   )  Tc 96m  5.66080E-06+- 0.00000E+00          Tc 97  (n,na   )  Nb 93   1.09362E-07+- 7.52200E-06
    Tc 97  (n,na   )  Nb 93m  1.70653E-08+- 4.05393E-06          Tc 97  (n,np   )  Mo 96   2.51769E-06+- 1.82291E-12
    Tc 97  (n,g    )  Tc 98   6.61004E+00+- 2.03179E+02          Tc 97  (n,p    )  Mo 97   2.63614E-04+- 2.12986E+01
    Tc 97  (n,d    )  Mo 96   4.53929E-07+- 7.09525E-04          Tc 97  (n,t    )  Mo 95   1.74617E-12+- 0.00000E+00
    Tc 97  (n,a    )  Nb 94   9.11691E-06+- 3.70243E+01          Tc 97  (n,a    )  Nb 94m  2.83602E-05+- 3.29601E+01
    Tc 97m (n,n    )  Tc 97   4.30712E-01+- 9.57471E+01          Tc 97m (n,2n   )  Tc 96   2.70881E-05+- 0.00000E+00
    Tc 97m (n,2n   )  Tc 96m  1.56722E-05+- 0.00000E+00          Tc 97m (n,na   )  Nb 93   6.58188E-08+- 9.33582E-06
    Tc 97m (n,na   )  Nb 93m  2.20580E-08+- 8.57161E-06          Tc 97m (n,np   )  Mo 96   4.85971E-06+- 1.76793E-10
    Tc 97m (n,g    )  Tc 98   6.61004E+00+- 2.03179E+02          Tc 97m (n,p    )  Mo 97   4.32679E-04+- 2.72358E+01
    Tc 97m (n,d    )  Mo 96   2.67428E-08+- 1.16444E-02          Tc 97m (n,t    )  Mo 95   1.55784E-12+- 0.00000E+00
    Tc 97m (n,a    )  Nb 94   5.83068E-06+- 2.44133E+01          Tc 97m (n,a    )  Nb 94m  3.36092E-05+- 3.08059E+01
    Tc 98  (n,2n   )  Tc 97   1.67795E-03+- 0.00000E+00          Tc 98  (n,2n   )  Tc 97m  8.16203E-05+- 0.00000E+00
    Tc 98  (n,na   )  Nb 94   1.02608E-08+- 6.15911E-05          Tc 98  (n,na   )  Nb 94m  3.17163E-09+- 7.04171E-05
    Tc 98  (n,np   )  Mo 97   2.10374E-08+- 0.00000E+00          Tc 98  (n,g    )  Tc 99   6.21898E+00+- 7.81024E+01
    Tc 98  (n,g    )  Tc 99m  6.21833E+00+- 7.81024E+01          Tc 98  (n,p    )  Mo 98   3.55551E-04+- 2.93838E+01
    Tc 98  (n,d    )  Mo 97   1.40332E-07+- 1.81235E-05          Tc 98  (n,t    )  Mo 96   5.48471E-09+- 8.31827E-10
    Tc 98  (n,a    )  Nb 95   3.77271E-05+- 6.51507E+01          Tc 98  (n,a    )  Nb 95m  1.31964E-05+- 3.95698E+01
    Tc 99  (n,n    )  Tc 99m  7.97729E-02+- 1.43109E+01          Tc 99  (n,2n   )  Tc 98   7.88273E-05+- 0.00000E+00
    Tc 99  (n,na   )  Nb 95   2.28114E-09+- 1.13775E-07          Tc 99  (n,na   )  Nb 95m  1.25963E-10+- 8.92113E-09
    Tc 99  (n,np   )  Mo 98   1.22142E-08+- 0.00000E+00          Tc 99  (n,g    )  Tc100   8.33319E+00+- 1.99199E+01
    Tc 99  (n,p    )  Mo 99   2.12085E-05+- 6.25738E+00          Tc 99  (n,d    )  Mo 98   6.63944E-08+- 1.68977E-06
    Tc 99  (n,a    )  Nb 96   1.09473E-06+- 7.10937E-01          Tc 99m (n,2n   )  Tc 98   2.35029E-04+- 0.00000E+00
    Tc 99m (n,na   )  Nb 95   1.86882E-09+- 4.72363E-07          Tc 99m (n,na   )  Nb 95m  2.31950E-10+- 7.78862E-08
    Tc 99m (n,np   )  Mo 98   3.01965E-08+- 0.00000E+00          Tc 99m (n,g    )  Tc100   5.85806E+00+- 2.61648E+02
    Tc 99m (n,p    )  Mo 99   2.67030E-05+- 9.64292E+00          Tc 99m (n,d    )  Mo 98   1.68241E-09+- 1.35515E-04
    Tc 99m (n,a    )  Nb 96   3.78493E-06+- 8.39231E+00          Ru 96  (n,na   )  Mo 92   2.67159E-06+- 4.99246E-04
    Ru 96  (n,np   )  Tc 95   5.20536E-07+- 0.00000E+00          Ru 96  (n,np   )  Tc 95m  1.32978E-07+- 0.00000E+00
    Ru 96  (n,g    )  Ru 97   2.89606E-01+- 2.45160E+01          Ru 96  (n,p    )  Tc 96   1.39227E-03+- 3.53446E+01
    Ru 96  (n,p    )  Tc 96m  3.83245E-03+- 3.73780E+01          Ru 96  (n,d    )  Tc 95   7.58139E-09+- 4.12495E-11
    Ru 96  (n,d    )  Tc 95m  4.18954E-09+- 4.97523E-10          Ru 96  (n,a    )  Mo 93   5.86223E-04+- 6.25861E+01
    Ru 96  (n,a    )  Mo 93m  8.32365E-06+- 6.25861E+01          Ru 96  (n,2p   )  Mo 95   7.00183E-10+- 2.91543E-10
    Ru 96  (n,pa   )  Nb 92   1.58023E-11+- 1.04285E-07          Ru 96  (n,pa   )  Nb 92m  1.18023E-11+- 2.55585E-08
    Ru 97  (n,2n   )  Ru 96   2.77379E-04+- 0.00000E+00          Ru 97  (n,na   )  Mo 93   2.02396E-06+- 9.91360E-04
    Ru 97  (n,na   )  Mo 93m  2.00173E-07+- 9.91362E-04          Ru 97  (n,np   )  Tc 96   7.22785E-08+- 0.00000E+00
    Ru 97  (n,np   )  Tc 96m  9.22082E-09+- 0.00000E+00          Ru 97  (n,g    )  Ru 98   3.43102E+00+- 3.72555E+02
    Ru 97  (n,p    )  Tc 97   4.65075E-03+- 6.11988E+01          Ru 97  (n,p    )  Tc 97m  2.31663E-03+- 6.18434E+01
    Ru 97  (n,d    )  Tc 96   2.60104E-09+- 9.98114E-11          Ru 97  (n,d    )  Tc 96m  1.64063E-09+- 1.14337E-10
    Ru 97  (n,a    )  Mo 94   1.34621E-02+- 5.93528E+01          Ru 97  (n,2a   )  Zr 90   8.19539E-10+- 2.81453E-01
    Ru 97  (n,2a   )  Zr 90m  1.57247E-12+- 4.38102E-03          Ru 97  (n,2p   )  Mo 96   3.91297E-09+- 1.12011E-09
    Ru 97  (n,pa   )  Nb 93   6.53708E-11+- 6.53044E-06          Ru 97  (n,pa   )  Nb 93m  1.44868E-11+- 4.58661E-06
    Ru 98  (n,na   )  Mo 94   2.56697E-07+- 1.16377E-05          Ru 98  (n,np   )  Tc 97   8.08375E-11+- 0.00000E+00
    Ru 98  (n,np   )  Tc 97m  9.50819E-12+- 0.00000E+00          Ru 98  (n,g    )  Ru 99   8.27441E-01+- 4.35884E+01
    Ru 98  (n,p    )  Tc 98   2.67281E-04+- 9.14164E+00          Ru 98  (n,d    )  Tc 97   1.74004E-10+- 0.00000E+00
    Ru 98  (n,d    )  Tc 97m  8.89648E-11+- 0.00000E+00          Ru 98  (n,a    )  Mo 95   9.25832E-05+- 2.57240E+01
    Ru 99  (n,2n   )  Ru 98   8.03537E-04+- 0.00000E+00          Ru 99  (n,na   )  Mo 95   4.04942E-08+- 4.05217E-05
    Ru 99  (n,g    )  Ru100   4.86287E+00+- 1.92163E+01          Ru 99  (n,p    )  Tc 99   2.71540E-04+- 2.35922E+01
    Ru 99  (n,p    )  Tc 99m  7.46362E-05+- 2.23617E+01          Ru 99  (n,d    )  Tc 98   8.85321E-11+- 0.00000E+00
    Ru 99  (n,a    )  Mo 96   5.36724E-04+- 7.11762E+01          Ru100  (n,2n   )  Ru 99   3.92027E-06+- 0.00000E+00
    Ru100  (n,na   )  Mo 96   1.40517E-08+- 1.24955E-07          Ru100  (n,g    )  Ru101   7.26503E-01+- 1.56865E+01
    Ru100  (n,p    )  Tc100   9.70728E-06+- 5.36928E-01          Ru100  (n,d    )  Tc 99   1.44149E-12+- 0.00000E+00
    Ru100  (n,a    )  Mo 97   1.12805E-05+- 1.11746E+01          Ru101  (n,2n   )  Ru100   1.75172E-03+- 0.00000E+00
    Ru101  (n,na   )  Mo 97   5.78577E-10+- 1.77755E-06          Ru101  (n,g    )  Ru102   3.45072E+00+- 3.69307E+01
    Ru101  (n,p    )  Tc101   1.02176E-05+- 2.12287E+00          Ru101  (n,a    )  Mo 98   1.07309E-05+- 1.19746E+01
    Ru102  (n,2n   )  Ru101   8.38078E-05+- 0.00000E+00          Ru102  (n,na   )  Mo 98   7.08529E-10+- 8.64786E-08
    Ru102  (n,g    )  Ru103   2.70104E-01+- 2.08139E+01          Ru102  (n,p    )  Tc102   2.48383E-07+- 2.59052E-02
    Ru102  (n,p    )  Tc102m  2.57354E-07+- 4.14315E-03          Ru102  (n,a    )  Mo 99   1.17368E-06+- 1.73389E+00
    Ru103  (n,2n   )  Ru102   3.92027E-03+- 0.00000E+00          Ru103  (n,na   )  Mo 99   7.68605E-12+- 1.06359E-06
    Ru103  (n,g    )  Ru104   1.42252E+00+- 4.58646E+02          Ru103  (n,p    )  Tc103   3.68897E-06+- 1.37557E+00
    Ru103  (n,a    )  Mo100   1.94046E-06+- 6.37273E+00          Ru104  (n,2n   )  Ru103   1.74733E-04+- 0.00000E+00
    Ru104  (n,na   )  Mo100   1.01198E-12+- 1.61864E-05          Ru104  (n,g    )  Ru105   2.62050E-01+- 2.79869E+01
    Ru104  (n,p    )  Tc104   5.84380E-08+- 1.47770E-06          Ru104  (n,a    )  Mo101   9.01842E-08+- 3.91916E-01
    Ru105  (n,2n   )  Ru104   6.13704E-03+- 1.48677E-02          Ru105  (n,g    )  Ru106   2.91153E-01+- 7.64472E+01
    Ru105  (n,p    )  Tc105   7.47470E-07+- 1.18300E-01          Ru105  (n,a    )  Mo102   3.06669E-07+- 1.68953E+00
    Ru106  (n,2n   )  Ru105   5.77612E-04+- 0.00000E+00          Ru106  (n,g    )  Ru107   8.79488E-02+- 2.52751E+01
    Ru106  (n,p    )  Tc106   1.19596E-09+- 1.53472E-10          Ru106  (n,a    )  Mo103   9.93225E-09+- 8.32285E-02
    Rh 99  (n,n    )  Rh 99m  2.50313E-01+- 9.44238E+01          Rh 99  (n,na   )  Tc 95   7.42173E-07+- 4.28684E-05
    Rh 99  (n,na   )  Tc 95m  1.46201E-07+- 4.90150E-05          Rh 99  (n,np   )  Ru 98   3.14860E-04+- 2.65084E-05
    Rh 99  (n,g    )  Rh100   6.22908E+00+- 7.81021E+01          Rh 99  (n,g    )  Rh100m  1.36876E+00+- 7.81016E+01
    Rh 99  (n,p    )  Ru 99   2.52066E-01+- 4.95495E+01          Rh 99  (n,d    )  Ru 98   1.89800E-06+- 6.76313E-02
    Rh 99  (n,t    )  Ru 97   2.46190E-12+- 0.00000E+00          Rh 99  (n,a    )  Tc 96   1.76711E-04+- 5.45765E+01
    Rh 99  (n,a    )  Tc 96m  5.34956E-04+- 5.92722E+01          Rh 99  (n,2a   )  Nb 92   2.74266E-12+- 7.24141E-03
    Rh 99  (n,2a   )  Nb 92m  1.90353E-12+- 1.00088E-02          Rh 99  (n,pa   )  Mo 95   3.88535E-10+- 2.50300E-03
    Rh 99m (n,n    )  Rh 99   1.23906E-01+- 9.59926E+01          Rh 99m (n,na   )  Tc 95   2.18059E-06+- 1.25892E-04
    Rh 99m (n,na   )  Tc 95m  2.17571E-07+- 7.69272E-05          Rh 99m (n,np   )  Ru 98   2.56191E-04+- 3.64675E-05
    Rh 99m (n,g    )  Rh100   6.22908E+00+- 7.81021E+01          Rh 99m (n,g    )  Rh100m  1.36876E+00+- 7.81016E+01
    Rh 99m (n,p    )  Ru 99   1.22026E-01+- 4.91621E+01          Rh 99m (n,d    )  Ru 98   1.44138E-07+- 1.34736E-01
    Rh 99m (n,a    )  Tc 96   3.53153E-04+- 6.95010E+01          Rh 99m (n,a    )  Tc 96m  9.49639E-04+- 7.05670E+01
    Rh 99m (n,2a   )  Nb 92   1.95666E-11+- 1.39991E-02          Rh 99m (n,2a   )  Nb 92m  4.26146E-12+- 1.48827E-02
    Rh 99m (n,pa   )  Mo 95   8.77369E-10+- 2.97423E-03          Rh100  (n,n    )  Rh100m  2.74803E-02+- 9.04432E+01
    Rh100  (n,2n   )  Rh 99   2.37842E-04+- 0.00000E+00          Rh100  (n,2n   )  Rh 99m  5.89244E-04+- 0.00000E+00
    Rh100  (n,na   )  Tc 96   6.09442E-08+- 4.97104E-05          Rh100  (n,na   )  Tc 96m  3.13519E-08+- 5.81284E-05
    Rh100  (n,np   )  Ru 99   2.34487E-05+- 2.70497E-09          Rh100  (n,g    )  Rh101   1.67299E+01+- 7.81024E+01
    Rh100  (n,g    )  Rh101m  5.57771E+00+- 7.81023E+01          Rh100  (n,p    )  Ru100   3.91725E+00+- 4.99856E+01
    Rh100  (n,d    )  Ru 99   6.48509E-07+- 6.90575E-03          Rh100  (n,t    )  Ru 98   7.57888E-09+- 2.48673E-08
    Rh100  (n,a    )  Tc 97   2.44934E-03+- 8.28209E+01          Rh100  (n,a    )  Tc 97m  3.51068E-03+- 8.40291E+01
    Rh100  (n,2a   )  Nb 93   1.03985E-11+- 3.20562E-02          Rh100  (n,2a   )  Nb 93m  3.06345E-12+- 3.23116E-02
    Rh100  (n,pa   )  Mo 96   1.76738E-09+- 2.54033E-02          Rh101  (n,n    )  Rh101m  2.60293E-01+- 9.48124E+01
    Rh101  (n,2n   )  Rh100   1.25427E-10+- 0.00000E+00          Rh101  (n,na   )  Tc 97   4.39994E-08+- 3.40217E-07
    Rh101  (n,na   )  Tc 97m  8.75010E-09+- 1.98742E-07          Rh101  (n,np   )  Ru100   1.94422E-05+- 1.36127E-11
    Rh101  (n,g    )  Rh102   1.89607E+00+- 7.81019E+01          Rh101  (n,g    )  Rh102m  7.57857E+00+- 7.81022E+01
    Rh101  (n,p    )  Ru101   1.32168E-03+- 3.18355E+01          Rh101  (n,d    )  Ru100   3.15851E-07+- 2.89380E-03
    Rh101  (n,a    )  Tc 98   4.12762E-05+- 1.78284E+01          Rh101m (n,n    )  Rh101   2.30605E-01+- 9.71854E+01
    Rh101m (n,2n   )  Rh100   1.65669E-07+- 0.00000E+00          Rh101m (n,2n   )  Rh100m  3.29530E-07+- 0.00000E+00
    Rh101m (n,na   )  Tc 97   1.55088E-07+- 1.83830E-06          Rh101m (n,na   )  Tc 97m  1.76698E-08+- 6.67851E-07
    Rh101m (n,np   )  Ru100   2.35856E-05+- 3.66697E-11          Rh101m (n,g    )  Rh102   1.89607E+00+- 7.81019E+01
    Rh101m (n,g    )  Rh102m  7.57857E+00+- 7.81022E+01          Rh101m (n,p    )  Ru101   1.05212E-03+- 3.15835E+01
    Rh101m (n,d    )  Ru100   2.30802E-08+- 8.26441E-03          Rh101m (n,a    )  Tc 98   4.68873E-05+- 2.30401E+01
    Rh102  (n,n    )  Rh102m  6.72200E-02+- 9.07942E+01          Rh102  (n,2n   )  Rh101   6.36103E-04+- 0.00000E+00
    Rh102  (n,2n   )  Rh101m  1.11594E-03+- 0.00000E+00          Rh102  (n,na   )  Tc 98   1.43656E-09+- 2.30245E-06
    Rh102  (n,np   )  Ru101   1.14405E-07+- 0.00000E+00          Rh102  (n,g    )  Rh103   1.36095E+01+- 7.81024E+01
    Rh102  (n,g    )  Rh103m  1.30771E+01+- 7.81024E+01          Rh102  (n,p    )  Ru102   8.36349E-02+- 4.98611E+01
    Rh102  (n,d    )  Ru101   1.12233E-07+- 2.29547E-05          Rh102  (n,t    )  Ru100   4.85976E-09+- 1.27312E-09
    Rh102  (n,a    )  Tc 99   9.07357E-05+- 7.14594E+01          Rh102  (n,a    )  Tc 99m  7.87348E-05+- 7.73026E+01
    Rh102m (n,n    )  Rh102   2.03572E-01+- 9.72767E+01          Rh102m (n,2n   )  Rh101   2.16642E-04+- 0.00000E+00
    Rh102m (n,2n   )  Rh101m  1.38174E-03+- 0.00000E+00          Rh102m (n,na   )  Tc 98   5.99499E-09+- 6.04974E-06
    Rh102m (n,np   )  Ru101   1.03221E-07+- 0.00000E+00          Rh102m (n,g    )  Rh103   1.36095E+01+- 7.81024E+01
    Rh102m (n,g    )  Rh103m  1.30771E+01+- 7.81024E+01          Rh102m (n,p    )  Ru102   5.65857E-04+- 3.70922E+01
    Rh102m (n,d    )  Ru101   9.74745E-08+- 1.59859E-05          Rh102m (n,t    )  Ru100   6.79564E-11+- 4.11814E-08
    Rh102m (n,a    )  Tc 99   1.70247E-04+- 7.78399E+01          Rh102m (n,a    )  Tc 99m  2.11660E-05+- 7.00561E+01
    Rh103  (n,n    )  Rh103m  2.74389E-01+- 9.43088E+00          Rh103  (n,2n   )  Rh102   3.20880E-05+- 0.00000E+00
    Rh103  (n,2n   )  Rh102m  1.04463E-05+- 0.00000E+00          Rh103  (n,na   )  Tc 99   1.18714E-09+- 2.26558E-08
    Rh103  (n,na   )  Tc 99m  2.00445E-10+- 1.11217E-09          Rh103  (n,np   )  Ru102   2.03946E-07+- 0.00000E+00
    Rh103  (n,g    )  Rh104   3.27317E+01+- 1.79953E+01          Rh103  (n,g    )  Rh104m  2.68825E+00+- 1.00804E+01
    Rh103  (n,p    )  Ru103   1.16705E-04+- 9.47382E+00          Rh103  (n,d    )  Ru102   9.72861E-08+- 1.29612E-05
    Rh103  (n,t    )  Ru101   6.26755E-08+- 0.00000E+00          Rh103  (n,a    )  Tc100   3.93563E-06+- 6.44547E+00
    Rh105  (n,n    )  Rh105m  1.80096E-01+- 9.64939E+01          Rh105  (n,2n   )  Rh104   4.60030E-05+- 0.00000E+00
    Rh105  (n,2n   )  Rh104m  5.91912E-05+- 0.00000E+00          Rh105  (n,na   )  Tc101   1.16471E-11+- 2.07141E-07
    Rh105  (n,np   )  Ru104   2.43151E-10+- 0.00000E+00          Rh105  (n,g    )  Rh106   4.41025E+02+- 4.56943E+01
    Rh105  (n,g    )  Rh106m  3.71220E+02+- 2.11437E+01          Rh105  (n,p    )  Ru105   9.36584E-06+- 4.61198E+00
    Rh105  (n,d    )  Ru104   8.32320E-09+- 3.29955E-10          Rh105  (n,a    )  Tc102   1.57517E-07+- 3.07635E+00
    Rh105  (n,a    )  Tc102m  1.70643E-07+- 3.07637E+00          Pd100  (n,na   )  Ru 96   1.99169E-06+- 3.85301E-04
    Pd100  (n,np   )  Rh 99   1.28150E-06+- 0.00000E+00          Pd100  (n,np   )  Rh 99m  2.51600E-06+- 0.00000E+00
    Pd100  (n,g    )  Pd101   1.58096E+00+- 7.61381E+02          Pd100  (n,p    )  Rh100   6.07197E-03+- 5.25928E+01
    Pd100  (n,p    )  Rh100m  6.57797E-03+- 5.25929E+01          Pd100  (n,d    )  Rh 99   9.97787E-09+- 2.93510E-08
    Pd100  (n,d    )  Rh 99m  1.56304E-08+- 9.31762E-09          Pd100  (n,a    )  Ru 97   1.57805E-03+- 4.96738E+01
    Pd100  (n,2a   )  Mo 93   8.11989E-11+- 2.67260E-02          Pd100  (n,2a   )  Mo 93m  8.03066E-12+- 2.67261E-02
    Pd100  (n,2p   )  Ru 99   1.03006E-08+- 6.76386E-12          Pd100  (n,pa   )  Tc 96   1.83329E-11+- 7.25821E-08
    Pd100  (n,pa   )  Tc 96m  9.44817E-12+- 1.61973E-07          Pd101  (n,2n   )  Pd100   1.84820E-04+- 0.00000E+00
    Pd101  (n,na   )  Ru 97   8.90821E-07+- 1.90931E-04          Pd101  (n,np   )  Rh100   4.30482E-08+- 0.00000E+00
    Pd101  (n,np   )  Rh100m  7.02366E-08+- 0.00000E+00          Pd101  (n,g    )  Pd102   7.18965E+00+- 2.82134E+02
    Pd101  (n,p    )  Rh101   4.31396E-02+- 7.62812E+01          Pd101  (n,p    )  Rh101m  2.45805E-02+- 7.50343E+01
    Pd101  (n,d    )  Rh100   4.30826E-09+- 1.56882E-10          Pd101  (n,d    )  Rh100m  4.66728E-09+- 5.27978E-09
    Pd101  (n,a    )  Ru 98   2.39736E-02+- 5.95996E+01          Pd101  (n,2a   )  Mo 94   2.70330E-10+- 1.91692E-01
    Pd101  (n,2p   )  Ru100   9.47808E-08+- 1.09169E-05          Pd101  (n,pa   )  Tc 97   2.19743E-10+- 7.93014E-05
    Pd101  (n,pa   )  Tc 97m  3.22826E-11+- 4.38523E-05          Pd102  (n,na   )  Ru 98   1.76430E-07+- 1.00495E-05
    Pd102  (n,np   )  Rh101   1.67975E-09+- 0.00000E+00          Pd102  (n,np   )  Rh101m  1.65570E-09+- 0.00000E+00
    Pd102  (n,g    )  Pd103   5.93810E-01+- 2.76445E+01          Pd102  (n,p    )  Rh102   6.74683E-04+- 9.29365E+00
    Pd102  (n,p    )  Rh102m  1.11529E-04+- 5.97974E+00          Pd102  (n,d    )  Rh101   4.82584E-10+- 2.62481E-11
    Pd102  (n,d    )  Rh101m  5.32503E-10+- 2.65404E-11          Pd102  (n,a    )  Ru 99   1.27160E-04+- 2.61348E+01
    Pd103  (n,2n   )  Pd102   6.41484E-04+- 0.00000E+00          Pd103  (n,na   )  Ru 99   2.70560E-08+- 1.36004E-05
    Pd103  (n,np   )  Rh102   3.62765E-11+- 0.00000E+00          Pd103  (n,np   )  Rh102m  1.69369E-11+- 0.00000E+00
    Pd103  (n,g    )  Pd104   1.00503E+01+- 2.43107E+02          Pd103  (n,p    )  Rh103   3.09525E-04+- 5.11223E+01
    Pd103  (n,p    )  Rh103m  3.59306E-04+- 4.83690E+01          Pd103  (n,d    )  Rh102   2.32666E-10+- 2.18647E-12
    Pd103  (n,d    )  Rh102m  8.66839E-11+- 7.47543E-12          Pd103  (n,a    )  Ru100   1.10647E-03+- 5.77886E+01
    Pd103  (n,2p   )  Ru102   5.62182E-12+- 1.80464E-09          Pd104  (n,na   )  Ru100   1.37894E-08+- 3.65498E-07
    Pd104  (n,g    )  Pd105   5.24261E-01+- 1.67097E+01          Pd104  (n,p    )  Rh104   3.16957E-05+- 1.38677E+01
    Pd104  (n,p    )  Rh104m  2.22046E-05+- 1.32188E+01          Pd104  (n,d    )  Rh103   8.38997E-12+- 0.00000E+00
    Pd104  (n,d    )  Rh103m  1.21461E-11+- 0.00000E+00          Pd104  (n,a    )  Ru101   2.40330E-05+- 1.35774E+01
    Pd105  (n,2n   )  Pd104   1.26184E-03+- 0.00000E+00          Pd105  (n,na   )  Ru101   6.81701E-10+- 1.32892E-07
    Pd105  (n,g    )  Pd106   4.23085E+00+- 4.63168E+01          Pd105  (n,p    )  Rh105   3.80666E-05+- 9.84160E+00
    Pd105  (n,p    )  Rh105m  2.25335E-05+- 1.67919E+01          Pd105  (n,d    )  Rh104   7.25791E-12+- 0.00000E+00
    Pd105  (n,d    )  Rh104m  4.30341E-12+- 0.00000E+00          Pd105  (n,a    )  Ru102   8.37334E-06+- 9.48636E+00
    Pd106  (n,2n   )  Pd105   8.91194E-06+- 0.00000E+00          Pd106  (n,na   )  Ru102   3.94137E-10+- 8.83333E-08
    Pd106  (n,g    )  Pd107   2.37383E-01+- 8.85283E+00          Pd106  (n,g    )  Pd107m  1.18888E-02+- 2.37897E+01
    Pd106  (n,p    )  Rh106   1.01320E-05+- 1.14697E+01          Pd106  (n,p    )  Rh106m  5.73042E-06+- 6.94408E+00
    Pd106  (n,a    )  Ru103   2.07734E-06+- 2.58178E+00          Pd107  (n,n    )  Pd107m  6.74923E-02+- 9.09158E+01
    Pd107  (n,2n   )  Pd106   2.76378E-03+- 0.00000E+00          Pd107  (n,na   )  Ru103   1.82365E-11+- 3.31535E-08
    Pd107  (n,g    )  Pd108   3.30387E+00+- 1.53919E+01          Pd107  (n,p    )  Rh107   1.20748E-05+- 6.18225E+00
    Pd107  (n,a    )  Ru104   3.58475E-06+- 8.95111E+00          Pd108  (n,2n   )  Pd107   6.07461E-05+- 0.00000E+00
    Pd108  (n,2n   )  Pd107m  1.38231E-05+- 0.00000E+00          Pd108  (n,na   )  Ru104   1.19780E-11+- 4.17597E-07
    Pd108  (n,g    )  Pd109   5.10909E+00+- 2.65273E+01          Pd108  (n,g    )  Pd109m  1.14575E-01+- 8.07368E+01
    Pd108  (n,p    )  Rh108   6.90668E-08+- 7.37470E-03          Pd108  (n,p    )  Rh108m  9.14179E-08+- 3.96683E-03
    Pd108  (n,a    )  Ru105   2.92009E-07+- 1.81476E+00          Pd109  (n,n    )  Pd109m  1.51923E-01+- 9.43064E+01
    Pd109  (n,2n   )  Pd108   3.95616E-03+- 0.00000E+00          Pd109  (n,g    )  Pd110   4.42908E+00+- 3.25489E+02
    Pd109  (n,p    )  Rh109   2.10099E-06+- 9.16709E-01          Pd109  (n,a    )  Ru106   6.97316E-07+- 3.47133E+00
    Pd110  (n,2n   )  Pd109   1.91202E-04+- 0.00000E+00          Pd110  (n,2n   )  Pd109m  3.52480E-05+- 0.00000E+00
    Pd110  (n,g    )  Pd111   9.05676E-02+- 1.78599E+01          Pd110  (n,g    )  Pd111m  1.59942E-02+- 4.25812E+01
    Pd110  (n,p    )  Rh110   2.54047E-08+- 2.09764E-05          Pd110  (n,p    )  Rh110m  1.14137E-08+- 2.10115E-05
    Pd110  (n,a    )  Ru107   4.56876E-08+- 4.43035E-01          Pd112  (n,2n   )  Pd111   5.44151E-04+- 0.00000E+00
    Pd112  (n,2n   )  Pd111m  1.02779E-04+- 0.00000E+00          Pd112  (n,g    )  Pd113   5.46761E-01+- 7.81010E+01
    Pd112  (n,g    )  Pd113m  8.82648E-03+- 7.80755E+01          Pd112  (n,p    )  Rh112   1.36872E-10+- 0.00000E+00
    Pd112  (n,p    )  Rh112m  1.48278E-10+- 0.00000E+00          Pd112  (n,a    )  Ru109   6.01545E-09+- 2.83572E-01
    Ag105  (n,n    )  Ag105m  2.50727E-01+- 9.40845E+01          Ag105  (n,na   )  Rh101   4.80400E-08+- 1.02488E-05
    Ag105  (n,na   )  Rh101m  7.47674E-08+- 4.70122E-06          Ag105  (n,np   )  Pd104   6.32308E-05+- 8.97853E-08
    Ag105  (n,g    )  Ag106   2.00918E+01+- 7.81024E+01          Ag105  (n,g    )  Ag106m  2.13590E+00+- 7.81021E+01
    Ag105  (n,p    )  Pd105   6.41228E-03+- 4.14683E+01          Ag105  (n,d    )  Pd104   6.72869E-07+- 1.61098E-02
    Ag105  (n,a    )  Rh102   8.16953E-05+- 4.24837E+01          Ag105  (n,a    )  Rh102m  2.40767E-05+- 3.04303E+01
    Ag106m (n,n    )  Ag106   2.34264E-01+- 9.67820E+01          Ag106m (n,2n   )  Ag105   5.89571E-05+- 0.00000E+00
    Ag106m (n,2n   )  Ag105m  7.43373E-04+- 0.00000E+00          Ag106m (n,na   )  Rh102   1.56284E-09+- 2.82858E-06
    Ag106m (n,na   )  Rh102m  3.19402E-09+- 9.24562E-07          Ag106m (n,np   )  Pd105   3.27172E-07+- 1.34558E-12
    Ag106m (n,g    )  Ag107   1.58684E+01+- 7.81024E+01          Ag106m (n,g    )  Ag107m  1.52479E+01+- 7.81024E+01
    Ag106m (n,p    )  Pd106   2.48768E-03+- 4.50685E+01          Ag106m (n,d    )  Pd105   1.02591E-07+- 5.07540E-05
    Ag106m (n,t    )  Pd104   2.09590E-11+- 1.60588E-08          Ag106m (n,a    )  Rh103   9.46815E-05+- 7.87037E+01
    Ag106m (n,a    )  Rh103m  1.79812E-04+- 7.97304E+01          Ag106m (n,pa   )  Ru102   2.63914E-12+- 6.97099E-04
    Ag107  (n,n    )  Ag107m  1.82993E-01+- 2.78994E+01          Ag107  (n,2n   )  Ag106   4.90916E-06+- 0.00000E+00
    Ag107  (n,2n   )  Ag106m  1.83932E-06+- 0.00000E+00          Ag107  (n,na   )  Rh103   6.94842E-10+- 8.30300E-08
    Ag107  (n,na   )  Rh103m  1.86279E-09+- 4.28264E-08          Ag107  (n,np   )  Pd106   1.17235E-06+- 5.90002E-15
    Ag107  (n,g    )  Ag108   5.44771E+00+- 7.04624E+00          Ag107  (n,g    )  Ag108m  5.86745E-02+- 1.37334E+01
    Ag107  (n,p    )  Pd107   2.70860E-04+- 3.65622E+01          Ag107  (n,p    )  Pd107m  1.79824E-05+- 8.31677E+00
    Ag107  (n,d    )  Pd106   1.78603E-07+- 1.30928E-04          Ag107  (n,a    )  Rh104   6.77639E-06+- 1.59313E+01
    Ag107  (n,a    )  Rh104m  2.69257E-06+- 1.10658E+01          Ag108m (n,n    )  Ag108   1.66745E-01+- 9.65686E+01
    Ag108m (n,2n   )  Ag107   1.95471E-04+- 0.00000E+00          Ag108m (n,2n   )  Ag107m  1.63772E-03+- 0.00000E+00
    Ag108m (n,na   )  Rh104   2.94189E-11+- 2.32319E-08          Ag108m (n,na   )  Rh104m  1.01277E-10+- 2.13131E-08
    Ag108m (n,np   )  Pd107   4.92905E-09+- 0.00000E+00          Ag108m (n,np   )  Pd107m  4.82608E-09+- 0.00000E+00
    Ag108m (n,g    )  Ag109   1.60441E+01+- 7.81025E+01          Ag108m (n,g    )  Ag109m  1.54160E+01+- 7.81024E+01
    Ag108m (n,p    )  Pd108   1.15805E-04+- 2.28470E+01          Ag108m (n,d    )  Pd107   1.29800E-08+- 1.74955E-07
    Ag108m (n,d    )  Pd107m  1.11976E-08+- 4.95416E-08          Ag108m (n,t    )  Pd106   2.84129E-11+- 2.22558E-09
    Ag108m (n,a    )  Rh105   1.03085E-05+- 5.49439E+01          Ag108m (n,a    )  Rh105m  2.48002E-06+- 4.31247E+01
    Ag109  (n,n    )  Ag109m  2.41473E-01+- 2.80819E+01          Ag109  (n,2n   )  Ag108   4.26234E-05+- 0.00000E+00
    Ag109  (n,2n   )  Ag108m  1.65956E-05+- 0.00000E+00          Ag109  (n,na   )  Rh105   9.36217E-11+- 7.56887E-09
    Ag109  (n,na   )  Rh105m  2.08612E-11+- 9.99053E-08          Ag109  (n,np   )  Pd108   1.84767E-08+- 0.00000E+00
    Ag109  (n,g    )  Ag110   3.61753E+01+- 8.38008E+01          Ag109  (n,g    )  Ag110m  1.74736E+00+- 8.37581E+01
    Ag109  (n,p    )  Pd109   3.31242E-05+- 8.17648E+00          Ag109  (n,p    )  Pd109m  4.48124E-06+- 5.49915E+00
    Ag109  (n,d    )  Pd108   1.86910E-08+- 3.80563E-07          Ag109  (n,a    )  Rh106   2.49843E-07+- 4.13149E+00
    Ag109  (n,a    )  Rh106m  2.31734E-07+- 2.46604E+00          Ag110m (n,n    )  Ag110   2.74593E-01+- 9.74335E+01
    Ag110m (n,2n   )  Ag109   4.84249E-04+- 0.00000E+00          Ag110m (n,2n   )  Ag109m  2.88518E-03+- 0.00000E+00
    Ag110m (n,na   )  Rh106   1.25673E-12+- 4.24467E-07          Ag110m (n,na   )  Rh106m  5.11530E-12+- 2.76023E-06
    Ag110m (n,np   )  Pd109   1.42053E-10+- 0.00000E+00          Ag110m (n,np   )  Pd109m  1.20719E-10+- 0.00000E+00
    Ag110m (n,g    )  Ag111   3.09423E+00+- 7.81025E+01          Ag110m (n,g    )  Ag111m  3.51331E+00+- 7.81023E+01
    Ag110m (n,p    )  Pd110   2.71500E-05+- 1.12377E+01          Ag110m (n,d    )  Pd109   2.22731E-09+- 5.77570E-11
    Ag110m (n,d    )  Pd109m  1.75413E-09+- 1.08144E-10          Ag110m (n,t    )  Pd108   2.56704E-11+- 3.86905E-10
    Ag110m (n,a    )  Rh107   1.71588E-06+- 1.05646E+01          Ag111  (n,n    )  Ag111m  2.40190E-01+- 9.34993E+01
    Ag111  (n,2n   )  Ag110   1.56784E-04+- 0.00000E+00          Ag111  (n,2n   )  Ag110m  4.08220E-05+- 0.00000E+00
    Ag111  (n,na   )  Rh107   3.54603E-12+- 6.92669E-07          Ag111  (n,np   )  Pd110   7.07823E-11+- 0.00000E+00
    Ag111  (n,g    )  Ag112   2.41212E+00+- 3.14939E+01          Ag111  (n,p    )  Pd111   2.96837E-06+- 5.20155E+00
    Ag111  (n,p    )  Pd111m  8.85598E-07+- 3.12224E+00          Ag111  (n,d    )  Pd110   3.90421E-09+- 2.29812E-11
    Ag111  (n,a    )  Rh108   7.19952E-08+- 2.45954E+00          Ag111  (n,a    )  Rh108m  7.79949E-08+- 2.45954E+00
    Cd106  (n,na   )  Pd102   1.92527E-07+- 1.55008E-04          Cd106  (n,np   )  Ag105   1.03410E-08+- 0.00000E+00
    Cd106  (n,np   )  Ag105m  3.37208E-08+- 0.00000E+00          Cd106  (n,g    )  Cd107   3.45526E-01+- 3.84172E+01
    Cd106  (n,p    )  Ag106   1.76422E-03+- 3.67033E+01          Cd106  (n,p    )  Ag106m  3.78094E-04+- 2.53585E+01
    Cd106  (n,d    )  Ag105   1.05357E-09+- 4.99258E-11          Cd106  (n,d    )  Ag105m  1.57829E-09+- 2.41758E-11
    Cd106  (n,t    )  Ag104   7.24605E-10+- 0.00000E+00          Cd106  (n,t    )  Ag104m  1.43443E-09+- 0.00000E+00
    Cd106  (n,a    )  Pd103   5.25221E-04+- 2.46545E+01          Cd107  (n,2n   )  Cd106   3.32906E-04+- 0.00000E+00
    Cd107  (n,na   )  Pd103   6.44111E-08+- 3.04773E-05          Cd107  (n,np   )  Ag106   1.43123E-09+- 0.00000E+00
    Cd107  (n,np   )  Ag106m  2.96749E-09+- 0.00000E+00          Cd107  (n,g    )  Cd108   6.05536E+00+- 2.76382E+02
    Cd107  (n,p    )  Ag107   1.09301E-03+- 6.30049E+01          Cd107  (n,p    )  Ag107m  1.08698E-03+- 5.97040E+01
    Cd107  (n,d    )  Ag106   1.47731E-09+- 1.27491E-11          Cd107  (n,d    )  Ag106m  7.55060E-10+- 4.15454E-10
    Cd107  (n,a    )  Pd104   2.50459E-03+- 5.86760E+01          Cd107  (n,2a   )  Ru100   1.58911E-12+- 4.54199E-02
    Cd107  (n,2p   )  Pd106   4.60020E-10+- 1.04244E-09          Cd108  (n,na   )  Pd104   1.39979E-08+- 2.32786E-06
    Cd108  (n,np   )  Ag107   8.07343E-12+- 0.00000E+00          Cd108  (n,np   )  Ag107m  1.13494E-11+- 0.00000E+00
    Cd108  (n,g    )  Cd109   8.60063E-01+- 8.54954E+01          Cd108  (n,p    )  Ag108   1.58752E-04+- 6.27258E+00
    Cd108  (n,p    )  Ag108m  1.09235E-05+- 3.97578E+00          Cd108  (n,d    )  Ag107   6.17037E-11+- 5.57040E-12
    Cd108  (n,d    )  Ag107m  6.29851E-11+- 1.78302E-15          Cd108  (n,a    )  Pd105   1.40868E-05+- 1.01552E+01
    Cd109  (n,2n   )  Cd108   9.36284E-04+- 0.00000E+00          Cd109  (n,na   )  Pd105   2.85841E-09+- 9.63792E-07
    Cd109  (n,g    )  Cd110   9.96692E+01+- 3.72402E+01          Cd109  (n,p    )  Ag109   1.20668E-04+- 4.40934E+01
    Cd109  (n,p    )  Ag109m  1.61128E-04+- 4.09867E+01          Cd109  (n,d    )  Ag108   3.45014E-11+- 6.46180E-12
    Cd109  (n,d    )  Ag108m  2.30939E-11+- 0.00000E+00          Cd109  (n,a    )  Pd106   3.92019E-03+- 2.97699E+01
    Cd110  (n,na   )  Pd106   1.12110E-09+- 1.18115E-08          Cd110  (n,g    )  Cd111   2.01567E+00+- 3.30830E+01
    Cd110  (n,g    )  Cd111m  1.15331E-02+- 6.09981E+01          Cd110  (n,p    )  Ag110   7.45013E-06+- 1.22311E+00
    Cd110  (n,p    )  Ag110m  9.50034E-07+- 4.04441E-01          Cd110  (n,d    )  Ag109m  1.09730E-12+- 0.00000E+00
    Cd110  (n,a    )  Pd107   3.41048E-06+- 1.52156E+01          Cd110  (n,a    )  Pd107m  8.81639E-07+- 1.04208E+01
    Cd111  (n,n    )  Cd111m  8.16538E-02+- 2.69921E+01          Cd111  (n,2n   )  Cd110   1.77823E-03+- 0.00000E+00
    Cd111  (n,na   )  Pd107   2.50552E-11+- 1.12812E-06          Cd111  (n,na   )  Pd107m  1.03995E-11+- 5.88932E-07
    Cd111  (n,g    )  Cd112   2.98057E+00+- 8.51270E+00          Cd111  (n,p    )  Ag111   7.18425E-06+- 1.12510E+01
    Cd111  (n,p    )  Ag111m  8.22438E-06+- 5.85572E+00          Cd111  (n,a    )  Pd108   8.17323E-06+- 2.96357E+01
    Cd112  (n,2n   )  Cd111   1.42506E-05+- 0.00000E+00          Cd112  (n,2n   )  Cd111m  3.14091E-07+- 0.00000E+00
    Cd112  (n,na   )  Pd108   3.20957E-11+- 9.92591E-09          Cd112  (n,g    )  Cd113   4.41430E-01+- 7.80998E+01
    Cd112  (n,g    )  Cd113m  1.24143E-01+- 7.80953E+01          Cd112  (n,p    )  Ag112   9.03917E-07+- 4.54908E-01
    Cd112  (n,a    )  Pd109   4.21206E-07+- 8.02790E+01          Cd112  (n,a    )  Pd109m  4.56360E-08+- 6.31488E+01
    Cd113  (n,n    )  Cd113m  1.04483E-01+- 9.14430E+01          Cd113  (n,2n   )  Cd112   3.02885E-03+- 0.00000E+00
    Cd113  (n,g    )  Cd114   3.57299E+03+- 1.02398E+01          Cd113  (n,p    )  Ag113   3.07575E-06+- 2.32535E+00
    Cd113  (n,p    )  Ag113m  2.74309E-06+- 1.80650E+00          Cd113  (n,a    )  Pd110   4.32135E-06+- 1.28341E+01
    Cd113m (n,n    )  Cd113   1.57872E-01+- 9.66394E+01          Cd113m (n,2n   )  Cd112   2.04836E-03+- 0.00000E+00
    Cd113m (n,na   )  Pd109   1.36191E-12+- 2.34667E-07          Cd113m (n,na   )  Pd109m  1.67096E-12+- 6.98359E-07
    Cd113m (n,g    )  Cd114   3.57276E+03+- 2.45071E+02          Cd113m (n,p    )  Ag113   1.07198E-06+- 4.37216E+00
    Cd113m (n,p    )  Ag113m  2.49021E-06+- 4.41969E+00          Cd113m (n,a    )  Pd110   7.63633E-07+- 1.35338E+01
    Cd114  (n,2n   )  Cd113   4.97830E-05+- 0.00000E+00          Cd114  (n,2n   )  Cd113m  1.65274E-05+- 0.00000E+00
    Cd114  (n,g    )  Cd115   4.89812E-01+- 4.62787E+01          Cd114  (n,g    )  Cd115m  6.56132E-02+- 4.60781E+01
    Cd114  (n,p    )  Ag114   1.76758E-08+- 1.41604E-04          Cd114  (n,p    )  Ag114m  3.14236E-08+- 1.41605E-04
    Cd114  (n,a    )  Pd111   2.49299E-09+- 8.59110E-01          Cd114  (n,a    )  Pd111m  5.08078E-10+- 6.78623E-01
    Cd115  (n,n    )  Cd115m  1.25598E-01+- 9.35505E+01          Cd115  (n,2n   )  Cd114   5.10010E-03+- 0.00000E+00
    Cd115  (n,g    )  Cd116   3.42527E+00+- 4.08012E+02          Cd115  (n,p    )  Ag115   2.45833E-07+- 6.26252E-01
    Cd115  (n,p    )  Ag115m  5.77446E-07+- 5.34276E-01          Cd115  (n,a    )  Pd112   2.38542E-07+- 3.16715E+00
    Cd115m (n,n    )  Cd115   3.04016E-01+- 9.55215E+01          Cd115m (n,2n   )  Cd114   3.36280E-03+- 1.80682E-03
    Cd115m (n,g    )  Cd116   3.49526E+00+- 3.99978E+02          Cd115m (n,p    )  Ag115   1.79537E-07+- 4.09868E-01
    Cd115m (n,p    )  Ag115m  4.16837E-07+- 6.03397E-01          Cd115m (n,a    )  Pd112   1.28671E-07+- 2.55604E+00
    Cd116  (n,2n   )  Cd115   1.30926E-04+- 0.00000E+00          Cd116  (n,2n   )  Cd115m  7.39306E-05+- 0.00000E+00
    Cd116  (n,g    )  Cd117   5.36720E-02+- 3.32049E+01          Cd116  (n,g    )  Cd117m  2.68814E-02+- 3.32945E+01
    Cd116  (n,p    )  Ag116   2.17550E-09+- 1.25048E-10          Cd116  (n,p    )  Ag116m  2.09941E-10+- 9.23332E-12
    Cd116  (n,a    )  Pd113   3.58137E-09+- 4.24015E-01          Cd116  (n,a    )  Pd113m  5.05864E-09+- 3.55774E-01
    In111  (n,n    )  In111m  3.44537E-02+- 9.30366E+01          In111  (n,na   )  Ag107   9.34263E-10+- 8.20549E-07
    In111  (n,na   )  Ag107m  2.83138E-09+- 7.02886E-07          In111  (n,np   )  Cd110   2.13371E-06+- 6.76678E-12
    In111  (n,g    )  In112   1.59096E+01+- 7.81024E+01          In111  (n,g    )  In112m  8.57085E+00+- 7.81024E+01
    In111  (n,p    )  Cd111   7.20201E-04+- 5.83357E+01          In111  (n,p    )  Cd111m  2.71575E-04+- 5.71789E+01
    In111  (n,d    )  Cd110   1.88943E-07+- 1.39124E-03          In111  (n,a    )  Ag108   1.30144E-05+- 3.36702E+01
    In111  (n,a    )  Ag108m  5.84066E-06+- 3.33436E+01          In113  (n,n    )  In113m  4.95510E-02+- 9.37776E+00
    In113  (n,2n   )  In112   8.15232E-07+- 0.00000E+00          In113  (n,2n   )  In112m  7.93909E-06+- 0.00000E+00
    In113  (n,na   )  Ag109   4.67889E-11+- 7.97288E-08          In113  (n,na   )  Ag109m  1.25279E-10+- 8.20476E-07
    In113  (n,np   )  Cd112   7.91937E-08+- 0.00000E+00          In113  (n,g    )  In114   3.92737E+00+- 6.97800E+01
    In113  (n,g    )  In114m  5.43650E+00+- 1.81584E+01          In113  (n,p    )  Cd113   4.53114E-05+- 3.30181E+01
    In113  (n,p    )  Cd113m  2.80771E-05+- 3.38767E+01          In113  (n,d    )  Cd112   4.10424E-08+- 6.10333E-06
    In113  (n,a    )  Ag110   1.55750E-06+- 1.14366E+01          In113  (n,a    )  Ag110m  5.17984E-07+- 9.80070E+00
    In114m (n,n    )  In114   7.54102E-02+- 9.57544E+01          In114m (n,2n   )  In113   2.08333E-03+- 0.00000E+00
    In114m (n,2n   )  In113m  1.63607E-04+- 0.00000E+00          In114m (n,na   )  Ag110   4.36767E-12+- 1.53593E-06
    In114m (n,na   )  Ag110m  4.06649E-12+- 1.10497E-06          In114m (n,np   )  Cd113   5.86812E-10+- 0.00000E+00
    In114m (n,np   )  Cd113m  9.99944E-10+- 0.00000E+00          In114m (n,g    )  In115   2.89974E+01+- 7.81024E+01
    In114m (n,g    )  In115m  2.89967E+01+- 7.81025E+01          In114m (n,p    )  Cd114   4.69615E-05+- 1.87163E+01
    In114m (n,d    )  Cd113   2.05427E-09+- 6.43852E-09          In114m (n,d    )  Cd113m  2.69959E-09+- 5.29916E-10
    In114m (n,t    )  Cd112   7.49822E-12+- 1.18832E-09          In114m (n,a    )  Ag111   1.08307E-06+- 2.28972E+01
    In114m (n,a    )  Ag111m  1.38764E-06+- 2.39310E+01          In115  (n,n    )  In115m  6.39893E-02+- 9.37669E+00
    In115  (n,2n   )  In114   5.29805E-06+- 0.00000E+00          In115  (n,2n   )  In114m  2.49654E-05+- 0.00000E+00
    In115  (n,na   )  Ag111m  2.97748E-12+- 2.29827E-06          In115  (n,np   )  Cd114   5.34155E-10+- 0.00000E+00
    In115  (n,g    )  In116   2.11298E+01+- 8.61041E+00          In115  (n,g    )  In116m  3.51361E+01+- 8.96490E+00
    In115  (n,g    )  In116n  4.22351E+01+- 8.61003E+00          In115  (n,p    )  Cd115   1.40884E-06+- 6.21185E-01
    In115  (n,p    )  Cd115m  1.48298E-06+- 6.21188E-01          In115  (n,d    )  Cd114   8.91803E-09+- 1.06592E-09
    In115  (n,a    )  Ag112   6.26503E-08+- 7.54799E-01          Sn112  (n,na   )  Cd108   2.56440E-08+- 4.65381E-05
    Sn112  (n,np   )  In111   1.68815E-09+- 0.00000E+00          Sn112  (n,np   )  In111m  5.48492E-12+- 0.00000E+00
    Sn112  (n,g    )  Sn113   7.37935E-01+- 1.33760E+01          Sn112  (n,g    )  Sn113m  2.79389E-01+- 9.62972E+00
    Sn112  (n,p    )  In112   5.46345E-04+- 1.21997E+01          Sn112  (n,p    )  In112m  1.72920E-04+- 9.60736E+00
    Sn112  (n,d    )  In111   2.58953E-10+- 2.56451E-11          Sn112  (n,d    )  In111m  1.96942E-10+- 3.91352E-12
    Sn112  (n,a    )  Cd109   1.63863E-04+- 1.50123E+01          Sn113  (n,n    )  Sn113m  3.37315E-01+- 9.44828E+01
    Sn113  (n,2n   )  Sn112   5.05628E-04+- 0.00000E+00          Sn113  (n,na   )  Cd109   6.93072E-09+- 2.70896E-06
    Sn113  (n,np   )  In112   4.95880E-11+- 0.00000E+00          Sn113  (n,np   )  In112m  9.65173E-11+- 0.00000E+00
    Sn113  (n,g    )  Sn114   6.25708E+00+- 2.14805E+01          Sn113  (n,p    )  In113   2.52283E-04+- 4.51589E+01
    Sn113  (n,p    )  In113m  2.30726E-04+- 5.40821E+01          Sn113  (n,d    )  In112   1.13527E-10+- 2.29617E-10
    Sn113  (n,d    )  In112m  1.76759E-10+- 1.72957E-10          Sn113  (n,a    )  Cd110   3.30814E-04+- 5.61034E+01
    Sn113  (n,2p   )  Cd112   7.07105E-12+- 3.38116E-09          Sn114  (n,na   )  Cd110   7.32443E-10+- 1.71596E-07
    Sn114  (n,g    )  Sn115   2.42865E-01+- 3.01594E+01          Sn114  (n,p    )  In114   1.15093E-05+- 9.68933E+00
    Sn114  (n,p    )  In114m  1.30930E-05+- 2.85851E+00          Sn114  (n,d    )  In113   5.42654E-12+- 0.00000E+00
    Sn114  (n,d    )  In113m  4.53422E-12+- 0.00000E+00          Sn114  (n,a    )  Cd111   7.83841E-06+- 2.56085E+01
    Sn114  (n,a    )  Cd111m  2.39025E-06+- 2.01308E+01          Sn115  (n,2n   )  Sn114   6.66884E-04+- 0.00000E+00
    Sn115  (n,na   )  Cd111   2.89087E-11+- 6.18856E-07          Sn115  (n,na   )  Cd111m  1.21975E-11+- 9.52511E-07
    Sn115  (n,g    )  Sn116   2.39561E+00+- 2.12667E+01          Sn115  (n,p    )  In115   2.09356E-05+- 1.00668E+01
    Sn115  (n,p    )  In115m  7.74518E-06+- 1.05324E+01          Sn115  (n,a    )  Cd112   2.18869E-05+- 2.75876E+01
    Sn116  (n,2n   )  Sn115   3.13014E-06+- 0.00000E+00          Sn116  (n,na   )  Cd112   3.03284E-11+- 1.33261E-06
    Sn116  (n,g    )  Sn117   3.77557E-01+- 1.76073E+01          Sn116  (n,g    )  Sn117m  1.66817E-02+- 2.92229E+01
    Sn116  (n,p    )  In116   8.14812E-07+- 1.45135E-06          Sn116  (n,p    )  In116m  7.13778E-07+- 9.67563E-07
    Sn116  (n,p    )  In116n  2.88234E-07+- 1.45134E-06          Sn116  (n,a    )  Cd113   8.28645E-07+- 1.36786E+01
    Sn116  (n,a    )  Cd113m  3.30715E-07+- 9.82544E+00          Sn117  (n,n    )  Sn117m  5.68588E-02+- 3.40657E+01
    Sn117  (n,2n   )  Sn116   1.63148E-03+- 0.00000E+00          Sn117  (n,g    )  Sn118   5.11394E-01+- 2.89427E+01
    Sn117  (n,p    )  In117   1.71161E-06+- 3.68183E-01          Sn117  (n,p    )  In117m  4.82340E-07+- 3.68183E-01
    Sn117  (n,a    )  Cd114   1.34654E-06+- 9.74329E+00          Sn117m (n,n    )  Sn117   1.40616E-01+- 9.58514E+01
    Sn117m (n,2n   )  Sn116   8.80218E-04+- 0.00000E+00          Sn117m (n,na   )  Cd113   1.89305E-12+- 3.65121E-07
    Sn117m (n,na   )  Cd113m  3.70866E-12+- 1.07855E-05          Sn117m (n,g    )  Sn118   7.38771E-01+- 1.04895E+02
    Sn117m (n,p    )  In117   3.41915E-06+- 1.12043E+01          Sn117m (n,p    )  In117m  1.41025E-06+- 6.56455E+00
    Sn117m (n,a    )  Cd114   6.78374E-07+- 8.54745E+00          Sn118  (n,2n   )  Sn117   1.41452E-05+- 0.00000E+00
    Sn118  (n,2n   )  Sn117m  3.37478E-06+- 0.00000E+00          Sn118  (n,g    )  Sn119   1.87522E-01+- 4.24916E+01
    Sn118  (n,g    )  Sn119m  4.00781E-03+- 3.80913E+01          Sn118  (n,p    )  In118   4.79013E-08+- 7.45961E-03
    Sn118  (n,p    )  In118m  9.04458E-08+- 4.96009E-03          Sn118  (n,p    )  In118n  1.03337E-08+- 8.04413E-04
    Sn118  (n,a    )  Cd115   8.64106E-09+- 8.19484E-01          Sn118  (n,a    )  Cd115m  1.01166E-09+- 7.05701E-01
    Sn119  (n,n    )  Sn119m  8.87349E-02+- 8.92601E+01          Sn119  (n,2n   )  Sn118   2.96427E-03+- 0.00000E+00
    Sn119  (n,g    )  Sn120   3.42025E-01+- 9.98493E+01          Sn119  (n,p    )  In119   1.68275E-07+- 6.83390E-04
    Sn119  (n,p    )  In119m  1.47241E-07+- 6.83388E-04          Sn119  (n,a    )  Cd116   2.89510E-07+- 4.21331E+00
    Sn119m (n,n    )  Sn119   1.44416E-01+- 9.49518E+01          Sn119m (n,2n   )  Sn118   1.36431E-03+- 0.00000E+00
    Sn119m (n,g    )  Sn120   4.78169E-01+- 1.37591E+02          Sn119m (n,p    )  In119   4.79536E-07+- 3.47646E+00
    Sn119m (n,p    )  In119m  2.53693E-07+- 7.51449E-01          Sn119m (n,a    )  Cd116   9.77182E-08+- 3.96729E+00
    Sn120  (n,2n   )  Sn119   4.26391E-05+- 0.00000E+00          Sn120  (n,2n   )  Sn119m  3.52218E-05+- 0.00000E+00
    Sn120  (n,g    )  Sn121   5.70912E-02+- 3.55971E+01          Sn120  (n,g    )  Sn121m  7.32955E-04+- 3.18763E+01
    Sn120  (n,p    )  In120   3.58912E-10+- 9.57620E-09          Sn120  (n,p    )  In120m  7.94734E-10+- 9.57624E-09
    Sn120  (n,p    )  In120n  2.08361E-10+- 1.43291E-08          Sn120  (n,a    )  Cd117   1.32782E-09+- 2.57756E-01
    Sn120  (n,a    )  Cd117m  8.86003E-10+- 1.90731E-01          Sn121  (n,n    )  Sn121m  1.61238E-01+- 9.23651E+01
    Sn121  (n,2n   )  Sn120   3.89340E-03+- 0.00000E+00          Sn121  (n,g    )  Sn122   2.72008E+00+- 4.22767E+02
    Sn121  (n,p    )  In121   1.70591E-07+- 3.18500E-01          Sn121  (n,p    )  In121m  1.34544E-07+- 1.47572E-01
    Sn121  (n,a    )  Cd118   4.96146E-08+- 1.26702E+00          Sn121m (n,n    )  Sn121   7.23523E-02+- 9.48456E+01
    Sn121m (n,2n   )  Sn120   1.74040E-03+- 0.00000E+00          Sn121m (n,g    )  Sn122   2.72008E+00+- 4.22770E+02
    Sn121m (n,p    )  In121   6.38749E-08+- 5.83701E-01          Sn121m (n,p    )  In121m  2.69075E-08+- 4.06263E-02
    Sn121m (n,a    )  Cd118   1.36626E-08+- 1.78107E+00          Sn122  (n,2n   )  Sn121   1.06404E-04+- 0.00000E+00
    Sn122  (n,2n   )  Sn121m  1.36204E-04+- 0.00000E+00          Sn122  (n,g    )  Sn123   5.81408E-04+- 3.52134E+01
    Sn122  (n,g    )  Sn123m  3.60504E-02+- 3.06848E+01          Sn122  (n,p    )  In122   9.61847E-10+- 6.27071E-11
    Sn122  (n,p    )  In122m  1.27542E-10+- 6.28823E-10          Sn122  (n,p    )  In122n  1.18880E-10+- 3.82283E-09
    Sn122  (n,a    )  Cd119   2.36346E-11+- 5.43086E-02          Sn122  (n,a    )  Cd119m  2.53760E-11+- 3.42608E-02
    Sn123  (n,n    )  Sn123m  7.44604E-02+- 9.48986E+01          Sn123  (n,2n   )  Sn122   2.18508E-03+- 4.16637E-03
    Sn123  (n,g    )  Sn124   1.80946E+00+- 4.38697E+02          Sn123  (n,p    )  In123   2.49942E-08+- 8.41586E-03
    Sn123  (n,p    )  In123m  2.68150E-08+- 7.13618E-04          Sn123  (n,a    )  Cd120   5.70150E-09+- 1.37492E-01
    Sn124  (n,2n   )  Sn123   2.90387E-04+- 0.00000E+00          Sn124  (n,2n   )  Sn123m  1.42441E-04+- 0.00000E+00
    Sn124  (n,g    )  Sn125   9.38043E-03+- 4.35207E+01          Sn124  (n,g    )  Sn125m  2.20893E-01+- 4.74462E+01
    Sn124  (n,p    )  In124   9.50261E-12+- 0.00000E+00          Sn124  (n,a    )  Cd121   1.50321E-12+- 6.05248E-04
    Sn125  (n,n    )  Sn125m  2.14670E-01+- 9.35162E+01          Sn125  (n,2n   )  Sn124   3.35121E-03+- 9.36765E-02
    Sn125  (n,g    )  Sn126   7.51875E-01+- 6.59427E+02          Sn125  (n,p    )  In125   3.89297E-09+- 4.61992E-06
    Sn125  (n,p    )  In125m  2.92270E-09+- 6.35409E-08          Sn125  (n,a    )  Cd122   6.43337E-11+- 1.23610E-02
    Sn126  (n,2n   )  Sn125   5.02650E-04+- 0.00000E+00          Sn126  (n,2n   )  Sn125m  3.23534E-04+- 0.00000E+00
    Sn126  (n,g    )  Sn127   7.34010E-03+- 7.80830E+01          Sn126  (n,g    )  Sn127m  1.57945E-01+- 7.81013E+01
    Sb119  (n,2n   )  Sb118   5.58724E-06+- 0.00000E+00          Sb119  (n,2n   )  Sb118m  3.42657E-08+- 0.00000E+00
    Sb119  (n,na   )  In115   4.38888E-10+- 1.07898E-06          Sb119  (n,na   )  In115m  5.48595E-11+- 2.42172E-08
    Sb119  (n,np   )  Sn118   2.05125E-06+- 1.27418E-09          Sb119  (n,g    )  Sb120   1.25387E+01+- 7.81024E+01
    Sb119  (n,g    )  Sb120m  2.04139E-01+- 7.81021E+01          Sb119  (n,p    )  Sn119   6.60207E-05+- 5.02385E+01
    Sb119  (n,p    )  Sn119m  3.61502E-05+- 4.71116E+01          Sb119  (n,d    )  Sn118   1.77411E-07+- 3.88552E-03
    Sb119  (n,a    )  In116   9.78687E-07+- 1.86505E+01          Sb119  (n,a    )  In116m  7.90037E-07+- 1.72784E+01
    Sb119  (n,a    )  In116n  4.58613E-08+- 1.50676E+01          Sb120m (n,n    )  Sb120   1.44323E-01+- 9.43238E+01
    Sb120m (n,2n   )  Sb119   7.97417E-04+- 0.00000E+00          Sb120m (n,2n   )  Sb119m  2.80130E-07+- 0.00000E+00
    Sb120m (n,na   )  In116   6.42114E-12+- 3.79574E-07          Sb120m (n,na   )  In116m  4.79960E-11+- 9.62651E-08
    Sb120m (n,na   )  In116n  1.27984E-10+- 3.74203E-08          Sb120m (n,np   )  Sn119   5.58754E-09+- 1.40173E-10
    Sb120m (n,np   )  Sn119m  6.92065E-08+- 8.10373E-12          Sb120m (n,g    )  Sb121   2.17784E+01+- 1.47695E+02
    Sb120m (n,p    )  Sn120   3.28655E-05+- 1.96915E+01          Sb120m (n,d    )  Sn119   4.89184E-08+- 3.02423E-05
    Sb120m (n,d    )  Sn119m  1.19617E-07+- 1.41856E-04          Sb120m (n,t    )  Sn118   4.00740E-10+- 1.74465E-06
    Sb120m (n,a    )  In117   1.53393E-06+- 3.09756E+01          Sb120m (n,a    )  In117m  4.16022E-07+- 1.45973E+01
    Sb121  (n,2n   )  Sb120   4.21467E-05+- 0.00000E+00          Sb121  (n,2n   )  Sb120m  2.64627E-05+- 0.00000E+00
    Sb121  (n,na   )  In117   1.78263E-11+- 3.64232E-08          Sb121  (n,na   )  In117m  1.61642E-12+- 2.76745E-07
    Sb121  (n,np   )  Sn120   1.45491E-07+- 1.50814E-11          Sb121  (n,g    )  Sb122   5.10738E+00+- 1.02029E+01
    Sb121  (n,g    )  Sb122m  3.46457E-01+- 9.85796E+00          Sb121  (n,p    )  Sn121   4.20687E-06+- 1.13130E+01
    Sb121  (n,p    )  Sn121m  5.49377E-06+- 2.05857E+01          Sb121  (n,d    )  Sn120   5.91341E-08+- 5.56682E-05
    Sb121  (n,a    )  In118   8.61464E-08+- 6.12069E+00          Sb121  (n,a    )  In118m  8.14953E-08+- 6.03799E+00
    Sb121  (n,a    )  In118n  6.37677E-09+- 4.31715E+00          Sb122  (n,n    )  Sb122m  1.56474E-02+- 8.37000E+01
    Sb122  (n,2n   )  Sb121   3.37900E-03+- 0.00000E+00          Sb122  (n,np   )  Sn121   1.38314E-09+- 0.00000E+00
    Sb122  (n,np   )  Sn121m  2.28562E-09+- 0.00000E+00          Sb122  (n,g    )  Sb123   2.10195E+01+- 1.33582E+02
    Sb122  (n,p    )  Sn122   1.15450E-04+- 4.14156E+01          Sb122  (n,d    )  Sn121   6.73687E-09+- 2.56270E-07
    Sb122  (n,d    )  Sn121m  3.31916E-09+- 2.09116E-07          Sb122  (n,t    )  Sn120   2.65670E-09+- 3.68271E-09
    Sb122  (n,a    )  In119   2.18700E-07+- 6.62847E+00          Sb122  (n,a    )  In119m  1.86192E-07+- 5.62901E+00
    Sb123  (n,2n   )  Sb122   9.20889E-05+- 0.00000E+00          Sb123  (n,2n   )  Sb122m  2.52243E-05+- 0.00000E+00
    Sb123  (n,np   )  Sn122   1.37336E-09+- 0.00000E+00          Sb123  (n,g    )  Sb124   3.28394E+00+- 9.18022E+00
    Sb123  (n,g    )  Sb124m  1.02573E-01+- 2.22102E+01          Sb123  (n,g    )  Sb124n  2.19238E-02+- 3.96662E+01
    Sb123  (n,p    )  Sn123   2.09336E-06+- 1.42334E+01          Sb123  (n,p    )  Sn123m  1.08490E-06+- 7.19131E+00
    Sb123  (n,d    )  Sn122   1.01112E-08+- 6.01661E-08          Sb123  (n,a    )  In120   1.17625E-08+- 1.50737E+00
    Sb123  (n,a    )  In120m  9.55273E-09+- 1.44195E+00          Sb123  (n,a    )  In120n  1.45379E-09+- 1.50737E+00
    Sb124  (n,n    )  Sb124m  4.43674E-01+- 9.80416E+01          Sb124  (n,n    )  Sb124n  3.53397E-02+- 8.96482E+01
    Sb124  (n,2n   )  Sb123   4.40803E-03+- 0.00000E+00          Sb124  (n,np   )  Sn123   5.00830E-11+- 0.00000E+00
    Sb124  (n,np   )  Sn123m  1.89911E-11+- 0.00000E+00          Sb124  (n,g    )  Sb125   1.73341E+01+- 7.51531E+01
    Sb124  (n,p    )  Sn124   1.03915E-05+- 1.59673E+01          Sb124  (n,d    )  Sn123   4.11678E-10+- 7.14476E-10
    Sb124  (n,d    )  Sn123m  7.13241E-10+- 2.53596E-10          Sb124  (n,t    )  Sn122   5.25346E-10+- 2.43514E-10
    Sb124  (n,a    )  In121   4.07263E-08+- 2.57460E+00          Sb124  (n,a    )  In121m  3.51375E-08+- 1.61956E+00
    Sb125  (n,2n   )  Sb124   1.18386E-04+- 0.00000E+00          Sb125  (n,2n   )  Sb124m  1.14388E-04+- 0.00000E+00
    Sb125  (n,2n   )  Sb124n  7.71425E-05+- 0.00000E+00          Sb125  (n,np   )  Sn124   3.56148E-12+- 0.00000E+00
    Sb125  (n,g    )  Sb126   5.44709E-03+- 7.80684E+01          Sb125  (n,g    )  Sb126m  8.81010E-01+- 7.81020E+01
    Sb125  (n,g    )  Sb126n  1.15506E+00+- 7.81021E+01          Sb125  (n,p    )  Sn125   2.96653E-07+- 6.10627E+00
    Sb125  (n,p    )  Sn125m  2.33460E-07+- 2.54151E+00          Sb125  (n,d    )  Sn124   7.24656E-10+- 3.06250E-10
    Sb125  (n,a    )  In122   4.00591E-09+- 2.95491E-01          Sb125  (n,a    )  In122m  3.89176E-10+- 2.14838E-01
    Sb125  (n,a    )  In122n  4.95111E-10+- 2.95492E-01          Sb126  (n,n    )  Sb126m  1.60045E-01+- 9.61689E+01
    Sb126  (n,n    )  Sb126n  6.04304E-02+- 9.49996E+01          Sb126  (n,2n   )  Sb125   2.52785E-03+- 0.00000E+00
    Sb126  (n,g    )  Sb127   3.61493E+00+- 3.42831E+02          Sb126  (n,p    )  Sn126   2.02481E-06+- 7.80501E+00
    Sb126  (n,d    )  Sn125   2.71109E-11+- 5.76429E-11          Sb126  (n,d    )  Sn125m  8.40612E-11+- 4.49261E-10
    Sb126  (n,t    )  Sn124   7.77899E-11+- 1.15451E-10          Sb126  (n,a    )  In123   6.18530E-09+- 7.07342E-01
    Sb126  (n,a    )  In123m  8.72183E-09+- 3.04607E-01          Sb127  (n,2n   )  Sb126   1.59736E-04+- 0.00000E+00
    Sb127  (n,2n   )  Sb126m  2.41956E-04+- 0.00000E+00          Sb127  (n,2n   )  Sb126n  1.93048E-04+- 0.00000E+00
    Sb127  (n,g    )  Sb128   3.16666E+00+- 7.81023E+01          Sb127  (n,g    )  Sb128m  6.95855E-01+- 7.81021E+01
    Sb127  (n,p    )  Sn127   5.16944E-08+- 1.74738E+00          Sb127  (n,p    )  Sn127m  7.46634E-08+- 5.84263E-01
    Sb127  (n,d    )  Sn126   7.65876E-11+- 1.60358E-11          Sb127  (n,a    )  In124   2.85288E-11+- 3.89522E-02
    Sb127  (n,a    )  In124m  4.87476E-12+- 5.08258E-02          Sb128  (n,2n   )  Sb127   3.77945E-03+- 3.40014E-03
    Sb128  (n,g    )  Sb129   1.18766E+00+- 6.13975E+02          Sb128  (n,g    )  Sb129m  4.53817E-03+- 6.12925E+02
    Sb128  (n,p    )  Sn128   1.06586E-05+- 6.08620E+00          Sb128  (n,p    )  Sn128m  4.21236E-07+- 2.31978E-01
    Sb128  (n,d    )  Sn127m  1.02944E-11+- 0.00000E+00          Sb128  (n,t    )  Sn126   1.31091E-11+- 1.39062E-09
    Sb128  (n,a    )  In125   1.02684E-09+- 3.61362E-01          Sb128  (n,a    )  In125m  9.39181E-10+- 4.33568E-02
    Te118  (n,na   )  Sn114   3.37567E-06+- 2.54943E-01          Te118  (n,np   )  Sb117   3.56688E-07+- 0.00000E+00
    Te118  (n,g    )  Te119   2.12999E+00+- 7.81017E+01          Te118  (n,g    )  Te119m  3.19016E-01+- 7.81004E+01
    Te118  (n,p    )  Sb118   1.04813E-03+- 4.81259E+01          Te118  (n,p    )  Sb118m  8.59225E-06+- 2.02451E+01
    Te118  (n,d    )  Sb117   1.33969E-08+- 1.33029E-06          Te118  (n,a    )  Sn115   9.44998E-04+- 5.72446E+01
    Te118  (n,2p   )  Sn117   2.75902E-11+- 1.25645E-09          Te118  (n,2p   )  Sn117m  9.47489E-12+- 7.88656E-09
    Te119  (n,n    )  Te119m  9.33045E-02+- 9.06218E+01          Te119  (n,2n   )  Te118   7.27020E-04+- 0.00000E+00
    Te119  (n,na   )  Sn115   1.21028E-06+- 2.07081E-01          Te119  (n,np   )  Sb118   3.15718E-08+- 0.00000E+00
    Te119  (n,np   )  Sb118m  1.22779E-08+- 0.00000E+00          Te119  (n,g    )  Te120   1.07249E+01+- 2.73202E+02
    Te119  (n,p    )  Sb119   5.13019E-03+- 7.25889E+01          Te119  (n,p    )  Sb119m  5.64942E-06+- 7.25889E+01
    Te119  (n,d    )  Sb118   8.90185E-09+- 1.22907E-07          Te119  (n,d    )  Sb118m  1.10023E-09+- 1.23024E-07
    Te119  (n,t    )  Sb117   7.23122E-12+- 1.00826E-09          Te119  (n,a    )  Sn116   1.57589E-02+- 5.98729E+01
    Te119  (n,2p   )  Sn118   8.49675E-09+- 1.60568E-04          Te119m (n,n    )  Te119   1.85151E-01+- 9.63088E+01
    Te119m (n,2n   )  Te118   5.67065E-04+- 0.00000E+00          Te119m (n,na   )  Sn115   3.40125E-06+- 3.11561E-01
    Te119m (n,np   )  Sb118   8.75402E-08+- 0.00000E+00          Te119m (n,np   )  Sb118m  3.40435E-08+- 0.00000E+00
    Te119m (n,g    )  Te120   1.07249E+01+- 2.73202E+02          Te119m (n,p    )  Sb119   1.19083E-02+- 7.57462E+01
    Te119m (n,p    )  Sb119m  1.31135E-05+- 7.57462E+01          Te119m (n,d    )  Sb118   1.29233E-08+- 1.16172E-06
    Te119m (n,d    )  Sb118m  1.59726E-09+- 1.16180E-06          Te119m (n,a    )  Sn116   3.80108E-03+- 5.95783E+01
    Te119m (n,2p   )  Sn118   8.30300E-09+- 4.82553E-04          Te119m (n,pa   )  In115   2.90170E-12+- 8.83609E-04
    Te120  (n,na   )  Sn116   3.71988E-07+- 5.71397E-02          Te120  (n,np   )  Sb119   2.56364E-09+- 0.00000E+00
    Te120  (n,np   )  Sb119m  9.99858E-09+- 0.00000E+00          Te120  (n,g    )  Te121   2.78688E-01+- 3.79773E+01
    Te120  (n,g    )  Te121m  3.68072E-02+- 4.07772E+01          Te120  (n,p    )  Sb120   1.25613E-04+- 3.41094E+01
    Te120  (n,p    )  Sb120m  1.55252E-05+- 3.41094E+01          Te120  (n,d    )  Sb119   5.80767E-10+- 2.15088E-10
    Te120  (n,d    )  Sb119m  1.19682E-12+- 0.00000E+00          Te120  (n,a    )  Sn117   3.90585E-05+- 6.32424E+01
    Te120  (n,a    )  Sn117m  6.08036E-06+- 4.67678E+01          Te121  (n,n    )  Te121m  9.67248E-02+- 9.03574E+01
    Te121  (n,2n   )  Te120   1.15737E-03+- 0.00000E+00          Te121  (n,na   )  Sn117   3.66520E-08+- 3.87802E-02
    Te121  (n,na   )  Sn117m  2.69932E-08+- 7.93295E-03          Te121  (n,np   )  Sb120   6.68506E-11+- 0.00000E+00
    Te121  (n,np   )  Sb120m  2.60168E-11+- 0.00000E+00          Te121  (n,g    )  Te122   9.05893E+00+- 2.58544E+02
    Te121  (n,p    )  Sb121   9.44275E-05+- 2.88108E+01          Te121  (n,d    )  Sb120   4.07898E-10+- 8.76445E-12
    Te121  (n,d    )  Sb120m  5.04143E-11+- 6.47659E-10          Te121  (n,a    )  Sn118   1.12966E-03+- 5.94560E+01
    Te121  (n,2p   )  Sn120   2.77327E-12+- 7.06085E-08          Te121m (n,n    )  Te121   1.77351E-01+- 9.63163E+01
    Te121m (n,2n   )  Te120   8.77089E-04+- 0.00000E+00          Te121m (n,na   )  Sn117   7.79519E-08+- 8.90738E-02
    Te121m (n,na   )  Sn117m  1.48593E-07+- 4.18739E-02          Te121m (n,np   )  Sb120   2.19990E-10+- 0.00000E+00
    Te121m (n,np   )  Sb120m  8.55519E-11+- 0.00000E+00          Te121m (n,g    )  Te122   9.05893E+00+- 2.58544E+02
    Te121m (n,p    )  Sb121   9.45809E-05+- 3.22811E+01          Te121m (n,d    )  Sb120   5.84353E-10+- 2.22037E-11
    Te121m (n,d    )  Sb120m  7.22233E-11+- 1.03335E-09          Te121m (n,a    )  Sn118   2.62212E-04+- 5.83930E+01
    Te121m (n,2p   )  Sn120   4.53456E-12+- 9.79757E-08          Te122  (n,2n   )  Te121   1.72797E-07+- 0.00000E+00
    Te122  (n,na   )  Sn118   1.75511E-08+- 3.01267E-03          Te122  (n,np   )  Sb121   3.19562E-12+- 0.00000E+00
    Te122  (n,g    )  Te123   2.02444E+00+- 4.51139E+01          Te122  (n,g    )  Te123m  9.27520E-01+- 4.59264E+01
    Te122  (n,p    )  Sb122   1.78277E-05+- 5.14696E+00          Te122  (n,p    )  Sb122m  4.01004E-07+- 1.59280E+00
    Te122  (n,d    )  Sb121   3.36332E-11+- 4.06775E-11          Te122  (n,a    )  Sn119   3.00979E-06+- 3.80514E+01
    Te122  (n,a    )  Sn119m  1.21145E-06+- 3.08795E+01          Te123  (n,n    )  Te123m  1.43243E-01+- 9.19190E+01
    Te123  (n,2n   )  Te122   1.86014E-03+- 0.00000E+00          Te123  (n,na   )  Sn119   1.58902E-09+- 2.71851E-03
    Te123  (n,na   )  Sn119m  2.20120E-09+- 7.16696E-04          Te123  (n,g    )  Te124   1.70152E+02+- 2.02153E+01
    Te123  (n,p    )  Sb123   1.66100E-05+- 1.85912E+01          Te123  (n,d    )  Sb122   2.35159E-11+- 1.44285E-11
    Te123  (n,d    )  Sb122m  1.38185E-12+- 0.00000E+00          Te123  (n,a    )  Sn120   5.54829E-05+- 4.49302E+01
    Te123m (n,n    )  Te123   1.21824E-01+- 9.62263E+01          Te123m (n,2n   )  Te122   1.31948E-03+- 0.00000E+00
    Te123m (n,na   )  Sn119   3.47762E-09+- 7.36438E-03          Te123m (n,na   )  Sn119m  1.30519E-08+- 3.52476E-03
    Te123m (n,g    )  Te124   1.70229E+02+- 4.21341E+01          Te123m (n,p    )  Sb123   9.73416E-06+- 1.77322E+01
    Te123m (n,d    )  Sb122   4.83341E-11+- 3.60092E-11          Te123m (n,d    )  Sb122m  9.34740E-12+- 3.95418E-10
    Te123m (n,a    )  Sn120   6.90785E-04+- 8.43622E+01          Te124  (n,2n   )  Te123   7.13971E-06+- 0.00000E+00
    Te124  (n,2n   )  Te123m  2.00331E-06+- 0.00000E+00          Te124  (n,na   )  Sn120   1.10932E-09+- 3.65349E-05
    Te124  (n,g    )  Te125   6.97220E-01+- 3.58461E+01          Te124  (n,g    )  Te125m  5.49495E-03+- 3.30912E+01
    Te124  (n,p    )  Sb124   1.35256E-06+- 1.33606E+00          Te124  (n,p    )  Sb124m  1.22411E-06+- 1.23858E+00
    Te124  (n,p    )  Sb124n  8.77964E-08+- 4.75455E-01          Te124  (n,d    )  Sb123   3.17120E-12+- 0.00000E+00
    Te124  (n,a    )  Sn121   3.64304E-07+- 7.87902E+00          Te124  (n,a    )  Sn121m  1.97033E-07+- 1.14287E+01
    Te125  (n,n    )  Te125m  1.41162E-01+- 9.18750E+01          Te125  (n,2n   )  Te124   2.77355E-03+- 0.00000E+00
    Te125  (n,na   )  Sn121   3.68122E-11+- 1.61075E-05          Te125  (n,na   )  Sn121m  7.59360E-11+- 6.37273E-06
    Te125  (n,g    )  Te126   8.55571E-01+- 1.78837E+01          Te125  (n,p    )  Sb125   3.72228E-06+- 9.04879E+00
    Te125  (n,a    )  Sn122   2.12350E-06+- 3.48258E+01          Te125m (n,n    )  Te125   1.15987E-01+- 9.63700E+01
    Te125m (n,2n   )  Te124   1.79330E-03+- 0.00000E+00          Te125m (n,na   )  Sn121   5.12451E-11+- 4.85255E-05
    Te125m (n,na   )  Sn121m  3.85358E-10+- 2.43620E-05          Te125m (n,g    )  Te126   9.06970E-01+- 6.06602E+01
    Te125m (n,p    )  Sb125   1.72096E-06+- 9.58672E+00          Te125m (n,d    )  Sb124m  1.35625E-12+- 0.00000E+00
    Te125m (n,a    )  Sn122   5.53464E-07+- 1.94064E+01          Te126  (n,2n   )  Te125   3.54117E-05+- 0.00000E+00
    Te126  (n,2n   )  Te125m  3.58347E-05+- 0.00000E+00          Te126  (n,na   )  Sn122   5.23911E-11+- 2.37584E-06
    Te126  (n,g    )  Te127   3.11725E-01+- 4.00700E+01          Te126  (n,g    )  Te127m  4.85267E-02+- 3.82776E+01
    Te126  (n,p    )  Sb126   6.06716E-09+- 6.02557E-02          Te126  (n,p    )  Sb126m  2.03577E-07+- 1.20341E-01
    Te126  (n,p    )  Sb126n  1.29449E-07+- 1.57873E-01          Te126  (n,a    )  Sn123   6.85113E-08+- 2.78420E+00
    Te126  (n,a    )  Sn123m  8.39750E-08+- 3.47191E+00          Te127  (n,n    )  Te127m  2.17996E-01+- 9.41431E+01
    Te127  (n,2n   )  Te126   3.80310E-03+- 0.00000E+00          Te127  (n,na   )  Sn123   3.97096E-12+- 3.39947E-06
    Te127  (n,na   )  Sn123m  1.47442E-12+- 1.14798E-04          Te127  (n,g    )  Te128   2.57420E+02+- 7.71336E+02
    Te127  (n,p    )  Sb127   1.02444E-06+- 4.11822E+00          Te127  (n,a    )  Sn124   2.29944E-06+- 5.33523E+01
    Te127m (n,n    )  Te127   8.36722E-02+- 9.60074E+01          Te127m (n,2n   )  Te126   2.40428E-03+- 0.00000E+00
    Te127m (n,na   )  Sn123   1.15243E-11+- 1.83603E-05          Te127m (n,na   )  Sn123m  1.38704E-12+- 1.16434E-05
    Te127m (n,g    )  Te128   2.57510E+02+- 1.50184E+01          Te127m (n,p    )  Sb127   3.32626E-07+- 5.43271E+00
    Te127m (n,a    )  Sn124   7.28531E-07+- 5.24846E+01          Te128  (n,2n   )  Te127   1.01682E-04+- 0.00000E+00
    Te128  (n,2n   )  Te127m  9.40765E-05+- 0.00000E+00          Te128  (n,na   )  Sn124   2.94216E-12+- 1.07130E-05
    Te128  (n,g    )  Te129   6.99567E-02+- 8.37136E+00          Te128  (n,g    )  Te129m  5.70238E-03+- 4.31154E+01
    Te128  (n,p    )  Sb128   1.36136E-08+- 2.31898E-03          Te128  (n,p    )  Sb128m  1.35611E-08+- 2.31899E-03
    Te128  (n,a    )  Sn125   1.65034E-08+- 1.36949E+00          Te128  (n,a    )  Sn125m  1.84022E-08+- 1.36343E+00
    Te129  (n,n    )  Te129m  1.47426E-01+- 9.29074E+01          Te129  (n,2n   )  Te128   4.60610E-03+- 0.00000E+00
    Te129  (n,g    )  Te130   9.16709E-01+- 6.93519E+02          Te129  (n,p    )  Sb129   2.91034E-07+- 2.08910E+00
    Te129  (n,p    )  Sb129m  1.02490E-08+- 2.12524E+00          Te129  (n,a    )  Sn126   7.90114E-08+- 4.21308E+00
    Te129m (n,n    )  Te129   1.47330E-01+- 9.66280E+01          Te129m (n,2n   )  Te128   2.95876E-03+- 8.30754E-04
    Te129m (n,g    )  Te130   9.29738E-01+- 7.23347E+02          Te129m (n,p    )  Sb129   7.28559E-08+- 4.02361E+00
    Te129m (n,p    )  Sb129m  2.56720E-09+- 4.09229E+00          Te129m (n,a    )  Sn126   2.76509E-08+- 4.27786E+00
    Te130  (n,2n   )  Te129   2.44967E-04+- 0.00000E+00          Te130  (n,2n   )  Te129m  2.51121E-04+- 0.00000E+00
    Te130  (n,g    )  Te131   2.78796E-02+- 2.60770E+01          Te130  (n,g    )  Te131m  4.70421E-03+- 2.58567E+01
    Te130  (n,p    )  Sb130   4.68527E-09+- 1.23656E-04          Te130  (n,p    )  Sb130m  4.16469E-09+- 1.23656E-04
    Te130  (n,t    )  Sb128   7.86901E-11+- 0.00000E+00          Te130  (n,a    )  Sn127   6.18877E-09+- 4.78316E-01
    Te130  (n,a    )  Sn127m  6.64772E-09+- 1.73663E+00          Te131m (n,n    )  Te131   2.22997E-01+- 9.46077E+01
    Te131m (n,2n   )  Te130   3.85330E-03+- 4.99425E-02          Te131m (n,g    )  Te132   1.60273E+00+- 5.50574E+02
    Te131m (n,p    )  Sb131   2.28308E-08+- 1.24753E+00          Te131m (n,a    )  Sn128   7.86947E-09+- 7.85452E+00
    Te131m (n,a    )  Sn128m  1.46153E-09+- 1.29304E+00          Te132  (n,2n   )  Te131   4.63399E-04+- 0.00000E+00
    Te132  (n,2n   )  Te131m  4.22153E-04+- 0.00000E+00          Te132  (n,g    )  Te133   1.13924E-01+- 7.81006E+01
    Te132  (n,g    )  Te133m  8.66888E-04+- 7.79986E+01          Te132  (n,p    )  Sb132   3.12316E-09+- 3.72685E-06
    Te132  (n,p    )  Sb132m  3.86009E-10+- 3.72777E-06          Te132  (n,a    )  Sn129   4.46600E-09+- 7.84439E-01
    Te132  (n,a    )  Sn129m  5.88389E-09+- 6.07671E-01          I 123  (n,na   )  Sb119   3.20098E-08+- 4.39841E-03
    I 123  (n,na   )  Sb119m  3.56025E-10+- 4.39842E-03          I 123  (n,np   )  Te122   2.93784E-06+- 1.88724E-08
    I 123  (n,g    )  I 124   2.02736E+01+- 1.33682E+02          I 123  (n,p    )  Te123   3.88599E-04+- 6.39429E+01
    I 123  (n,p    )  Te123m  1.21139E-04+- 5.91827E+01          I 123  (n,d    )  Te122   2.00606E-07+- 2.75254E-03
    I 123  (n,a    )  Sb120   1.49174E-05+- 5.41279E+01          I 123  (n,a    )  Sb120m  1.84372E-06+- 5.41279E+01
    I 124  (n,2n   )  I 123   1.26000E-03+- 0.00000E+00          I 124  (n,na   )  Sb120   1.74870E-09+- 8.48861E-04
    I 124  (n,na   )  Sb120m  6.80052E-10+- 8.48883E-04          I 124  (n,np   )  Te123   5.55832E-08+- 1.37299E-13
    I 124  (n,np   )  Te123m  6.62914E-08+- 3.16121E-11          I 124  (n,g    )  I 125   2.23668E+01+- 1.50033E+02
    I 124  (n,p    )  Te124   6.55951E-02+- 4.99418E+01          I 124  (n,d    )  Te123   4.59390E-08+- 1.24203E-04
    I 124  (n,d    )  Te123m  2.90959E-08+- 5.19027E-05          I 124  (n,t    )  Te122   2.23383E-09+- 7.15828E-09
    I 124  (n,a    )  Sb121   1.97745E-04+- 5.85763E+01          I 124  (n,pa   )  Sn120   2.98060E-12+- 2.68359E-02
    I 125  (n,2n   )  I 124   5.10327E-06+- 0.00000E+00          I 125  (n,na   )  Sb121   2.83445E-09+- 1.05791E-04
    I 125  (n,np   )  Te124   2.20633E-07+- 1.87680E-13          I 125  (n,g    )  I 126   7.49863E+01+- 9.62158E+00
    I 125  (n,p    )  Te125   4.34243E-05+- 4.86619E+01          I 125  (n,p    )  Te125m  1.65206E-05+- 4.44706E+01
    I 125  (n,d    )  Te124   5.15117E-08+- 7.87543E-05          I 125  (n,a    )  Sb122   3.03091E-06+- 3.59021E+01
    I 125  (n,a    )  Sb122m  1.12218E-07+- 2.44391E+01          I 126  (n,2n   )  I 125   2.17106E-03+- 0.00000E+00
    I 126  (n,na   )  Sb122   1.54897E-10+- 1.47276E-05          I 126  (n,na   )  Sb122m  2.75827E-11+- 2.41499E-06
    I 126  (n,np   )  Te125   2.74159E-09+- 0.00000E+00          I 126  (n,np   )  Te125m  3.25664E-09+- 0.00000E+00
    I 126  (n,g    )  I 127   1.48105E+03+- 7.58385E+00          I 126  (n,p    )  Te126   2.96002E-02+- 4.99514E+01
    I 126  (n,d    )  Te125   5.38613E-09+- 1.06234E-06          I 126  (n,d    )  Te125m  7.59730E-09+- 3.22155E-07
    I 126  (n,t    )  Te124   7.47392E-10+- 3.09633E-10          I 126  (n,a    )  Sb123   2.06486E-04+- 5.95542E+01
    I 127  (n,2n   )  I 126   2.68234E-05+- 0.00000E+00          I 127  (n,na   )  Sb123   1.01870E-10+- 1.51034E-06
    I 127  (n,np   )  Te126   1.14124E-08+- 0.00000E+00          I 127  (n,g    )  I 128   4.49573E+00+- 9.02563E+00
    I 127  (n,p    )  Te127   1.04545E-05+- 7.98601E+00          I 127  (n,p    )  Te127m  5.61463E-06+- 8.34717E+00
    I 127  (n,d    )  Te126   1.42252E-08+- 4.97808E-07          I 127  (n,a    )  Sb124   2.54573E-08+- 1.50638E+00
    I 127  (n,a    )  Sb124m  2.40682E-08+- 1.41783E+00          I 127  (n,a    )  Sb124n  6.98986E-09+- 2.19600E+00
    I 128  (n,2n   )  I 127   3.78666E-03+- 0.00000E+00          I 128  (n,na   )  Sb124   8.12174E-12+- 2.54616E-06
    I 128  (n,na   )  Sb124m  8.80466E-12+- 1.70593E-06          I 128  (n,na   )  Sb124n  3.12126E-12+- 6.91989E-07
    I 128  (n,np   )  Te127   1.47615E-10+- 0.00000E+00          I 128  (n,np   )  Te127m  1.53502E-10+- 0.00000E+00
    I 128  (n,g    )  I 129   7.64384E+00+- 1.14955E+01          I 128  (n,p    )  Te128   2.20796E-05+- 2.36930E+01
    I 128  (n,d    )  Te127   7.31482E-10+- 2.52434E-09          I 128  (n,d    )  Te127m  1.82706E-09+- 4.55296E-10
    I 128  (n,t    )  Te126   3.63875E-10+- 1.46043E-10          I 128  (n,a    )  Sb125   9.13441E-07+- 2.39077E+01
    I 129  (n,2n   )  I 128   1.61225E-04+- 0.00000E+00          I 129  (n,na   )  Sb125   3.27800E-11+- 2.10274E-07
    I 129  (n,np   )  Te128   9.56788E-11+- 0.00000E+00          I 129  (n,g    )  I 130   1.30533E+00+- 1.06164E+01
    I 129  (n,g    )  I 130m  1.85834E+00+- 9.21838E+00          I 129  (n,p    )  Te129   1.12680E-06+- 9.15258E+00
    I 129  (n,p    )  Te129m  6.90184E-07+- 1.28916E+01          I 129  (n,d    )  Te128   1.58457E-09+- 4.51828E-10
    I 129  (n,a    )  Sb126   8.86175E-09+- 1.07319E+01          I 129  (n,a    )  Sb126m  1.38395E-08+- 1.06554E+01
    I 129  (n,a    )  Sb126n  9.25671E-08+- 1.04759E+01          I 130  (n,n    )  I 130m  1.79010E-01+- 9.74917E+01
    I 130  (n,2n   )  I 129   3.44389E-03+- 0.00000E+00          I 130  (n,na   )  Sb126   1.96851E-12+- 4.20502E-06
    I 130  (n,na   )  Sb126m  1.17044E-12+- 3.73009E-06          I 130  (n,np   )  Te129   2.99475E-12+- 0.00000E+00
    I 130  (n,np   )  Te129m  6.60694E-12+- 0.00000E+00          I 130  (n,g    )  I 131   6.30460E+00+- 1.04571E+01
    I 130  (n,p    )  Te130   5.82193E-06+- 1.21793E+01          I 130  (n,d    )  Te129   3.88332E-10+- 2.61703E-10
    I 130  (n,d    )  Te129m  1.19418E-10+- 4.46216E-10          I 130  (n,t    )  Te128   1.01596E-10+- 2.93326E-11
    I 130  (n,a    )  Sb127   2.04938E-07+- 6.31380E+00          I 131  (n,2n   )  I 130   3.13330E-04+- 0.00000E+00
    I 131  (n,2n   )  I 130m  8.18529E-05+- 0.00000E+00          I 131  (n,na   )  Sb127   1.15044E-12+- 1.13858E-05
    I 131  (n,g    )  I 132   5.03524E-01+- 7.81013E+01          I 131  (n,g    )  I 132m  5.24024E-03+- 7.80616E+01
    I 131  (n,p    )  Te131   3.19627E-07+- 2.48999E+00          I 131  (n,p    )  Te131m  1.09745E-07+- 4.67022E+00
    I 131  (n,d    )  Te130   3.28493E-10+- 9.48378E-12          I 131  (n,a    )  Sb128   1.47200E-08+- 3.76084E+00
    I 131  (n,a    )  Sb128m  1.59466E-08+- 3.76086E+00          I 133  (n,n    )  I 133m  4.53914E-03+- 7.40390E+01
    I 133  (n,2n   )  I 132   5.28564E-04+- 0.00000E+00          I 133  (n,2n   )  I 132m  1.72254E-04+- 0.00000E+00
    I 133  (n,g    )  I 134   1.48457E+00+- 7.81021E+01          I 133  (n,g    )  I 134m  2.41973E-02+- 7.81009E+01
    I 133  (n,p    )  Te133   6.46362E-08+- 9.09829E-01          I 133  (n,p    )  Te133m  4.22978E-08+- 1.11863E+00
    I 133  (n,d    )  Te132   4.16198E-11+- 3.75533E-11          I 133  (n,a    )  Sb130   5.91099E-09+- 2.43487E+00
    I 133  (n,a    )  Sb130m  1.22423E-08+- 2.39627E+00          I 135  (n,2n   )  I 134   9.35390E-04+- 0.00000E+00
    I 135  (n,2n   )  I 134m  1.38504E-04+- 0.00000E+00          I 135  (n,g    )  I 136   6.20776E-02+- 8.92033E+02
    I 135  (n,g    )  I 136m  4.13028E-03+- 8.84644E+02          I 135  (n,p    )  Te135   1.08723E-09+- 3.10018E-10
    I 135  (n,d    )  Te134   1.57344E-12+- 0.00000E+00          I 135  (n,a    )  Sb132   1.03939E-08+- 2.37176E+00
    I 135  (n,a    )  Sb132m  1.28464E-09+- 2.37176E+00          Xe122  (n,na   )  Te118   8.52939E-07+- 7.35818E-02
    Xe122  (n,np   )  I 121   8.03814E-07+- 0.00000E+00          Xe122  (n,g    )  Xe123   3.69573E+00+- 3.48195E+02
    Xe122  (n,p    )  I 122   2.46332E-03+- 3.47549E+01          Xe122  (n,d    )  I 121   1.10873E-08+- 5.91471E-06
    Xe122  (n,a    )  Te119   8.52538E-04+- 7.69981E+01          Xe122  (n,a    )  Te119m  1.27276E-04+- 6.85594E+01
    Xe122  (n,2a   )  Sn115   4.95140E-11+- 1.89354E+00          Xe122  (n,2p   )  Te121   2.23765E-10+- 2.21832E-08
    Xe122  (n,2p   )  Te121m  1.10140E-10+- 2.64744E-09          Xe122  (n,pa   )  Sb118   2.27409E-11+- 9.46300E-04
    Xe124  (n,na   )  Te120   5.42050E-08+- 7.87440E-03          Xe124  (n,np   )  I 123   6.64893E-09+- 0.00000E+00
    Xe124  (n,g    )  Xe125   6.54107E+01+- 2.50668E+01          Xe124  (n,g    )  Xe125m  1.33703E+01+- 1.87411E+01
    Xe124  (n,p    )  I 124   5.42981E-04+- 3.00301E+01          Xe124  (n,d    )  I 123   6.87123E-10+- 1.18426E-10
    Xe124  (n,a    )  Te121   1.23394E-04+- 7.43267E+01          Xe124  (n,a    )  Te121m  1.96762E-05+- 6.27115E+01
    Xe125  (n,n    )  Xe125m  1.66214E-01+- 9.25119E+01          Xe125  (n,2n   )  Xe124   7.42765E-04+- 0.00000E+00
    Xe125  (n,na   )  Te121   5.67712E-09+- 1.83296E-03          Xe125  (n,na   )  Te121m  5.09285E-09+- 3.76371E-04
    Xe125  (n,np   )  I 124   7.01553E-10+- 0.00000E+00          Xe125  (n,g    )  Xe126   6.77272E+00+- 3.43087E+02
    Xe125  (n,p    )  I 125   4.52465E-04+- 4.10232E+01          Xe125  (n,d    )  I 124   4.44734E-10+- 7.32713E-11
    Xe125  (n,a    )  Te122   2.41486E-03+- 2.90441E+01          Xe125  (n,2a   )  Sn118   1.64932E-12+- 7.51045E-01
    Xe125  (n,2p   )  Te124   3.72380E-11+- 9.85259E-09          Xe126  (n,na   )  Te122   5.57025E-09+- 3.97535E-04
    Xe126  (n,np   )  I 125   6.07900E-11+- 0.00000E+00          Xe126  (n,g    )  Xe127   1.58134E+00+- 2.80976E+01
    Xe126  (n,g    )  Xe127m  2.36654E-01+- 3.29537E+01          Xe126  (n,p    )  I 126   4.96042E-05+- 1.53770E+01
    Xe126  (n,d    )  I 125   8.14049E-11+- 2.59456E-11          Xe126  (n,a    )  Te123   5.34243E-06+- 4.00244E+01
    Xe126  (n,a    )  Te123m  1.73711E-06+- 3.18605E+01          Xe127  (n,n    )  Xe127m  1.01610E-01+- 9.03452E+01
    Xe127  (n,2n   )  Xe126   1.31799E-03+- 0.00000E+00          Xe127  (n,na   )  Te123   4.02238E-10+- 3.23402E-04
    Xe127  (n,na   )  Te123m  4.40451E-10+- 3.71313E-05          Xe127  (n,np   )  I 126   4.25573E-12+- 0.00000E+00
    Xe127  (n,g    )  Xe128   6.28285E+00+- 3.42100E+02          Xe127  (n,p    )  I 127   5.40995E-05+- 2.96133E+01
    Xe127  (n,d    )  I 126   6.68624E-11+- 5.86553E-11          Xe127  (n,a    )  Te124   8.23219E-04+- 2.84604E+01
    Xe128  (n,2n   )  Xe127   2.49391E-05+- 0.00000E+00          Xe128  (n,2n   )  Xe127m  1.81632E-08+- 0.00000E+00
    Xe128  (n,na   )  Te124   1.19486E-09+- 3.30509E-05          Xe128  (n,g    )  Xe129   6.81362E-01+- 3.40571E+01
    Xe128  (n,g    )  Xe129m  4.40770E-02+- 5.23136E+01          Xe128  (n,p    )  I 128   2.38304E-05+- 4.72782E+00
    Xe128  (n,d    )  I 127   1.08021E-11+- 4.27536E-12          Xe128  (n,a    )  Te125   1.31083E-06+- 2.92235E+01
    Xe128  (n,a    )  Te125m  4.71647E-07+- 2.28327E+01          Xe129  (n,n    )  Xe129m  6.56381E-02+- 8.81222E+01
    Xe129  (n,2n   )  Xe128   1.91354E-03+- 0.00000E+00          Xe129  (n,na   )  Te125   4.28471E-11+- 8.97791E-06
    Xe129  (n,na   )  Te125m  5.72308E-11+- 1.24986E-06          Xe129  (n,g    )  Xe130   7.14020E+00+- 1.73511E+01
    Xe129  (n,p    )  I 129   9.54024E-06+- 1.69843E+01          Xe129  (n,d    )  I 128   5.36452E-12+- 0.00000E+00
    Xe129  (n,a    )  Te126   3.34013E-05+- 7.95696E+01          Xe129m (n,n    )  Xe129   2.13689E-01+- 9.68686E+01
    Xe129m (n,2n   )  Xe128   1.45586E-03+- 0.00000E+00          Xe129m (n,na   )  Te125   9.36328E-11+- 7.11988E-05
    Xe129m (n,na   )  Te125m  3.10540E-10+- 1.62520E-05          Xe129m (n,g    )  Xe130   7.14247E+00+- 7.80085E+01
    Xe129m (n,p    )  I 129   5.74438E-06+- 1.54132E+01          Xe129m (n,d    )  I 128   1.25233E-11+- 2.85065E-11
    Xe129m (n,a    )  Te126   6.58934E-06+- 7.31057E+01          Xe130  (n,2n   )  Xe129   2.17319E-05+- 0.00000E+00
    Xe130  (n,2n   )  Xe129m  5.97289E-06+- 0.00000E+00          Xe130  (n,na   )  Te126   1.53277E-10+- 5.60946E-07
    Xe130  (n,g    )  Xe131   5.14878E-01+- 3.77443E+01          Xe130  (n,g    )  Xe131m  4.67819E-02+- 3.10397E+01
    Xe130  (n,p    )  I 130   7.61671E-07+- 2.27495E+00          Xe130  (n,p    )  I 130m  1.16273E-06+- 2.69965E+00
    Xe130  (n,a    )  Te127   2.81270E-07+- 1.61527E+01          Xe130  (n,a    )  Te127m  1.15867E-07+- 1.23745E+01
    Xe131  (n,n    )  Xe131m  1.50860E-01+- 9.27158E+01          Xe131  (n,2n   )  Xe130   2.59286E-03+- 0.00000E+00
    Xe131  (n,na   )  Te127   4.03142E-12+- 1.05817E-06          Xe131  (n,na   )  Te127m  8.00881E-12+- 5.42838E-08
    Xe131  (n,g    )  Xe132   2.93525E+01+- 9.37073E+00          Xe131  (n,p    )  I 131   2.88262E-06+- 5.49109E+00
    Xe131  (n,a    )  Te128   1.09174E-05+- 7.80620E+01          Xe131m (n,n    )  Xe131   1.40247E-01+- 9.64803E+01
    Xe131m (n,2n   )  Xe130   1.76954E-03+- 0.00000E+00          Xe131m (n,na   )  Te127   4.77175E-12+- 1.41840E-06
    Xe131m (n,na   )  Te127m  2.50375E-11+- 3.50199E-07          Xe131m (n,g    )  Xe132   2.93525E+01+- 9.10608E+01
    Xe131m (n,p    )  I 131   1.29212E-06+- 8.97943E+00          Xe131m (n,a    )  Te128   2.27605E-06+- 7.34188E+01
    Xe132  (n,2n   )  Xe131   7.08503E-05+- 0.00000E+00          Xe132  (n,2n   )  Xe131m  5.75007E-05+- 0.00000E+00
    Xe132  (n,na   )  Te128   1.39171E-11+- 2.55425E-08          Xe132  (n,g    )  Xe133   1.75673E-01+- 5.43867E+01
    Xe132  (n,g    )  Xe133m  2.21111E-02+- 6.84003E+01          Xe132  (n,p    )  I 132   1.57776E-07+- 3.49277E-01
    Xe132  (n,p    )  I 132m  5.89032E-09+- 5.10394E-02          Xe132  (n,a    )  Te129   1.02342E-07+- 8.04672E+00
    Xe132  (n,a    )  Te129m  4.10702E-08+- 6.23441E+00          Xe133  (n,n    )  Xe133m  1.28286E-01+- 9.22355E+01
    Xe133  (n,2n   )  Xe132   3.31962E-03+- 0.00000E+00          Xe133  (n,g    )  Xe134   1.48913E+01+- 7.81024E+01
    Xe133  (n,g    )  Xe134m  5.15833E-03+- 7.80867E+01          Xe133  (n,p    )  I 133   6.20090E-07+- 6.03122E+00
    Xe133  (n,p    )  I 133m  2.18300E-08+- 6.03949E+00          Xe133  (n,a    )  Te130   2.01677E-07+- 1.60825E+01
    Xe133m (n,n    )  Xe133   2.03675E-01+- 9.71204E+01          Xe133m (n,2n   )  Xe132   2.45208E-03+- 0.00000E+00
    Xe133m (n,na   )  Te129m  1.95507E-12+- 9.75033E-06          Xe133m (n,g    )  Xe134   1.00145E+01+- 7.81025E+01
    Xe133m (n,g    )  Xe134m  4.95210E+00+- 7.81024E+01          Xe133m (n,p    )  I 133   3.00841E-07+- 8.99291E+00
    Xe133m (n,p    )  I 133m  1.05952E-08+- 9.00723E+00          Xe133m (n,a    )  Te130   9.30428E-08+- 1.95205E+01
    Xe134  (n,n    )  Xe134m  3.93918E-03+- 5.79177E+01          Xe134  (n,2n   )  Xe133   2.98427E-04+- 0.00000E+00
    Xe134  (n,2n   )  Xe133m  2.01148E-04+- 0.00000E+00          Xe134  (n,g    )  Xe135   3.58566E-02+- 3.13543E+01
    Xe134  (n,g    )  Xe135m  5.58342E-04+- 2.88966E+01          Xe134  (n,p    )  I 134   2.94162E-08+- 4.37097E-02
    Xe134  (n,p    )  I 134m  3.25994E-09+- 1.30672E-03          Xe134  (n,a    )  Te131   2.61751E-08+- 3.25256E+00
    Xe134  (n,a    )  Te131m  1.16368E-08+- 2.49273E+00          Xe135  (n,n    )  Xe135m  8.94274E-02+- 8.99256E+01
    Xe135  (n,2n   )  Xe134   3.45592E-03+- 0.00000E+00          Xe135  (n,2n   )  Xe134m  1.49090E-04+- 0.00000E+00
    Xe135  (n,g    )  Xe136   2.07731E+05+- 9.98254E+00          Xe135  (n,p    )  I 135   1.60835E-07+- 1.30612E+00
    Xe135  (n,a    )  Te132   3.19054E-06+- 5.91955E+01          Xe136  (n,2n   )  Xe135   6.07052E-04+- 0.00000E+00
    Xe136  (n,2n   )  Xe135m  3.93454E-04+- 0.00000E+00          Xe136  (n,g    )  Xe137   2.12516E-02+- 1.79953E+01
    Xe136  (n,p    )  I 136   5.18541E-11+- 0.00000E+00          Xe136  (n,p    )  I 136m  3.98613E-11+- 0.00000E+00
    Xe136  (n,a    )  Te133   1.17659E-08+- 2.82790E+00          Xe136  (n,a    )  Te133m  7.21761E-09+- 1.66197E+00
    Cs127  (n,na   )  I 123   3.92488E-08+- 3.00693E-03          Cs127  (n,np   )  Xe126   1.82663E-05+- 1.85710E-05
    Cs127  (n,g    )  Cs128   1.58877E+01+- 2.03195E+02          Cs127  (n,p    )  Xe127   4.94717E-03+- 7.60966E+01
    Cs127  (n,p    )  Xe127m  5.46642E-04+- 6.54070E+01          Cs127  (n,d    )  Xe126   5.15321E-07+- 2.05165E-02
    Cs127  (n,a    )  I 124   4.82230E-05+- 4.60135E+01          Cs129  (n,2n   )  Cs128   6.11441E-07+- 0.00000E+00
    Cs129  (n,na   )  I 125   1.17954E-08+- 7.54029E-04          Cs129  (n,np   )  Xe128   2.67186E-06+- 7.15340E-09
    Cs129  (n,g    )  Cs130   9.14927E+00+- 7.81023E+01          Cs129  (n,g    )  Cs130m  2.00963E+00+- 7.81021E+01
    Cs129  (n,p    )  Xe129   2.82342E-04+- 6.57012E+01          Cs129  (n,p    )  Xe129m  4.80080E-05+- 5.42070E+01
    Cs129  (n,d    )  Xe128   1.80823E-07+- 1.95890E-03          Cs129  (n,a    )  I 126   7.85086E-06+- 3.36391E+01
    Cs131  (n,2n   )  Cs130   2.61582E-05+- 0.00000E+00          Cs131  (n,2n   )  Cs130m  1.01283E-05+- 0.00000E+00
    Cs131  (n,na   )  I 127   2.76799E-09+- 7.00598E-05          Cs131  (n,np   )  Xe130   2.03201E-07+- 9.31648E-11
    Cs131  (n,g    )  Cs132   1.25686E+01+- 1.64382E+02          Cs131  (n,p    )  Xe131   2.12378E-05+- 4.20358E+01
    Cs131  (n,p    )  Xe131m  7.37028E-06+- 3.78373E+01          Cs131  (n,d    )  Xe130   4.61616E-08+- 8.88334E-05
    Cs131  (n,a    )  I 128   1.77050E-06+- 2.04842E+01          Cs132  (n,2n   )  Cs131   2.51489E-03+- 0.00000E+00
    Cs132  (n,na   )  I 128   1.24322E-10+- 7.49952E-05          Cs132  (n,np   )  Xe131   2.45760E-09+- 0.00000E+00
    Cs132  (n,np   )  Xe131m  2.33455E-09+- 0.00000E+00          Cs132  (n,g    )  Cs133   2.03769E+01+- 1.44215E+02
    Cs132  (n,p    )  Xe132   1.87358E-04+- 4.45393E+01          Cs132  (n,d    )  Xe131   5.61465E-09+- 3.14017E-06
    Cs132  (n,d    )  Xe131m  5.52184E-09+- 1.05686E-06          Cs132  (n,t    )  Xe130   5.67890E-10+- 3.26696E-10
    Cs132  (n,a    )  I 129   1.16831E-02+- 4.99694E+01          Cs133  (n,2n   )  Cs132   1.04897E-04+- 0.00000E+00
    Cs133  (n,na   )  I 129   2.76374E-10+- 3.65229E-06          Cs133  (n,np   )  Xe132   2.21626E-07+- 0.00000E+00
    Cs133  (n,g    )  Cs134   1.06560E+01+- 8.48990E+00          Cs133  (n,g    )  Cs134m  1.09194E+00+- 2.18291E+01
    Cs133  (n,p    )  Xe133   5.65714E-06+- 6.75898E+00          Cs133  (n,p    )  Xe133m  2.41503E-06+- 7.73850E+00
    Cs133  (n,d    )  Xe132   2.86551E-08+- 3.61282E-07          Cs133  (n,a    )  I 130   1.14338E-07+- 6.94706E+00
    Cs133  (n,a    )  I 130m  7.15024E-08+- 7.12358E+00          Cs134  (n,n    )  Cs134m  9.95283E-02+- 9.36452E+01
    Cs134  (n,2n   )  Cs133   2.45741E-03+- 0.00000E+00          Cs134  (n,na   )  I 130   1.10389E-11+- 1.35577E-06
    Cs134  (n,na   )  I 130m  2.47278E-12+- 1.08792E-06          Cs134  (n,np   )  Xe133   8.98073E-11+- 0.00000E+00
    Cs134  (n,np   )  Xe133m  9.24753E-11+- 0.00000E+00          Cs134  (n,g    )  Cs135   1.15851E+01+- 7.81024E+01
    Cs134  (n,g    )  Cs135m  4.03738E-02+- 7.80996E+01          Cs134  (n,p    )  Xe134   1.12890E-05+- 2.64899E+01
    Cs134  (n,p    )  Xe134m  4.55250E-07+- 1.13973E+01          Cs134  (n,d    )  Xe133   1.52959E-09+- 7.33280E-09
    Cs134  (n,d    )  Xe133m  5.75320E-10+- 5.16982E-09          Cs134  (n,t    )  Xe132   1.91225E-10+- 7.86856E-11
    Cs134  (n,a    )  I 131   1.49144E-06+- 6.48628E+01          Cs135  (n,n    )  Cs135m  2.16583E-03+- 6.93039E+01
    Cs135  (n,2n   )  Cs134   2.10164E-04+- 0.00000E+00          Cs135  (n,2n   )  Cs134m  5.16041E-05+- 0.00000E+00
    Cs135  (n,na   )  I 131   2.67267E-11+- 7.77320E-06          Cs135  (n,np   )  Xe134   7.17697E-11+- 0.00000E+00
    Cs135  (n,np   )  Xe134m  2.04720E-10+- 0.00000E+00          Cs135  (n,g    )  Cs136   1.98918E+00+- 7.81021E+01
    Cs135  (n,g    )  Cs136m  3.24327E-02+- 7.81009E+01          Cs135  (n,p    )  Xe135   7.97116E-07+- 1.11426E+01
    Cs135  (n,p    )  Xe135m  3.24146E-07+- 1.07399E+01          Cs135  (n,d    )  Xe134   7.81603E-10+- 1.06184E-09
    Cs135  (n,d    )  Xe134m  2.20455E-10+- 0.00000E+00          Cs135  (n,a    )  I 132   9.75225E-08+- 1.36293E+01
    Cs135  (n,a    )  I 132m  7.13859E-09+- 1.03984E+01          Cs136  (n,n    )  Cs136m  1.60272E-01+- 9.44591E+01
    Cs136  (n,2n   )  Cs135   2.94500E-03+- 0.00000E+00          Cs136  (n,2n   )  Cs135m  4.33535E-05+- 0.00000E+00
    Cs136  (n,np   )  Xe135   2.52091E-12+- 0.00000E+00          Cs136  (n,g    )  Cs137   1.19971E+00+- 4.43870E+01
    Cs136  (n,p    )  Xe136   3.08824E-06+- 8.42332E+00          Cs136  (n,d    )  Xe135   2.23496E-10+- 3.06341E-10
    Cs136  (n,d    )  Xe135m  1.10781E-10+- 1.74888E-10          Cs136  (n,t    )  Xe134   8.88102E-12+- 5.15946E-10
    Cs136  (n,t    )  Xe134m  2.50490E-12+- 0.00000E+00          Cs136  (n,a    )  I 133   1.13303E-07+- 1.14851E+01
    Cs136  (n,a    )  I 133m  3.98788E-09+- 1.14851E+01          Cs137  (n,2n   )  Cs136   4.45346E-04+- 0.00000E+00
    Cs137  (n,2n   )  Cs136m  1.28715E-04+- 0.00000E+00          Cs137  (n,g    )  Cs138   2.46104E-02+- 7.81005E+01
    Cs137  (n,g    )  Cs138m  2.58552E-03+- 7.80986E+01          Cs137  (n,p    )  Xe137   3.56857E-08+- 8.74208E-03
    Cs137  (n,d    )  Xe136   2.55996E-10+- 4.28044E-10          Cs137  (n,a    )  I 134   2.95261E-08+- 8.69695E+00
    Cs137  (n,a    )  I 134m  2.13788E-09+- 4.81573E+00          Ba128  (n,na   )  Xe124   1.40054E-07+- 1.81948E-02
    Ba128  (n,np   )  Cs127   8.79795E-08+- 0.00000E+00          Ba128  (n,g    )  Ba129   8.03884E-01+- 7.81005E+01
    Ba128  (n,g    )  Ba129m  7.73005E-01+- 7.80996E+01          Ba128  (n,p    )  Cs128   8.02720E-04+- 3.15384E+01
    Ba128  (n,d    )  Cs127   3.44177E-09+- 7.14707E-08          Ba128  (n,a    )  Xe125   1.83234E-04+- 7.62775E+01
    Ba128  (n,a    )  Xe125m  5.32763E-05+- 6.48654E+01          Ba128  (n,2p   )  Xe127   9.33491E-12+- 5.05955E-08
    Ba128  (n,2p   )  Xe127m  4.65069E-12+- 1.42958E-08          Ba129  (n,n    )  Ba129m  2.09706E-01+- 9.33048E+01
    Ba129  (n,2n   )  Ba128   6.31558E-04+- 0.00000E+00          Ba129  (n,na   )  Xe125   4.33999E-08+- 1.59679E-02
    Ba129  (n,na   )  Xe125m  5.02487E-08+- 7.57360E-03          Ba129  (n,np   )  Cs128   9.49327E-09+- 0.00000E+00
    Ba129  (n,g    )  Ba130   6.74598E+00+- 3.46584E+02          Ba129  (n,p    )  Cs129   1.42761E-02+- 4.93246E+01
    Ba129  (n,d    )  Cs128   3.40227E-09+- 1.23310E-08          Ba129  (n,a    )  Xe126   5.81801E-03+- 5.98309E+01
    Ba129  (n,2a   )  Te122   2.84593E-12+- 1.32787E+00          Ba129  (n,2p   )  Xe128   4.77912E-09+- 1.65114E-04
    Ba129  (n,pa   )  I 125   1.74259E-11+- 5.38072E-03          Ba130  (n,na   )  Xe126   3.42029E-08+- 5.22704E-03
    Ba130  (n,np   )  Cs129   2.32403E-09+- 0.00000E+00          Ba130  (n,g    )  Ba131   4.45601E+00+- 3.28713E+01
    Ba130  (n,g    )  Ba131m  1.48782E+00+- 6.91582E+01          Ba130  (n,p    )  Cs130   4.40610E-05+- 3.62789E+01
    Ba130  (n,p    )  Cs130m  2.37182E-05+- 2.42958E+01          Ba130  (n,d    )  Cs129   3.34821E-10+- 2.11543E-10
    Ba130  (n,a    )  Xe127   2.21517E-05+- 6.59589E+01          Ba130  (n,a    )  Xe127m  8.10398E-06+- 4.97310E+01
    Ba131  (n,n    )  Ba131m  9.34427E-02+- 8.96871E+01          Ba131  (n,2n   )  Ba130   9.07114E-04+- 0.00000E+00
    Ba131  (n,na   )  Xe127   6.07091E-09+- 5.81914E-03          Ba131  (n,na   )  Xe127m  5.60281E-09+- 1.75815E-03
    Ba131  (n,np   )  Cs130   2.00247E-10+- 0.00000E+00          Ba131  (n,np   )  Cs130m  5.94104E-11+- 0.00000E+00
    Ba131  (n,g    )  Ba132   4.45137E+00+- 3.97424E+02          Ba131  (n,p    )  Cs131   2.27301E-04+- 3.93739E+01
    Ba131  (n,d    )  Cs130   2.24552E-10+- 1.28597E-10          Ba131  (n,d    )  Cs130m  8.16796E-11+- 2.04421E-10
    Ba131  (n,a    )  Xe128   6.18793E-04+- 5.94161E+01          Ba131  (n,2p   )  Xe130   6.58955E-12+- 5.93108E-08
    Ba132  (n,2n   )  Ba131   6.09664E-07+- 0.00000E+00          Ba132  (n,na   )  Xe128   8.18075E-09+- 1.00882E-03
    Ba132  (n,np   )  Cs131   2.55515E-11+- 0.00000E+00          Ba132  (n,g    )  Ba133   1.40969E+00+- 4.03013E+01
    Ba132  (n,g    )  Ba133m  6.86412E-02+- 4.02465E+01          Ba132  (n,p    )  Cs132   1.46154E-05+- 6.07035E+00
    Ba132  (n,d    )  Cs131   3.81195E-11+- 2.44604E-10          Ba132  (n,a    )  Xe129   5.34147E-06+- 4.83035E+01
    Ba132  (n,a    )  Xe129m  1.33269E-06+- 3.68062E+01          Ba133  (n,n    )  Ba133m  3.22298E-02+- 8.41680E+01
    Ba133  (n,2n   )  Ba132   1.32198E-03+- 0.00000E+00          Ba133  (n,na   )  Xe129   9.56586E-10+- 1.46277E-03
    Ba133  (n,na   )  Xe129m  9.02115E-10+- 2.50727E-04          Ba133  (n,np   )  Cs132   1.94704E-12+- 0.00000E+00
    Ba133  (n,g    )  Ba134   2.88708E+00+- 3.20163E+01          Ba133  (n,p    )  Cs133   3.05867E-05+- 2.92071E+01
    Ba133  (n,d    )  Cs132   3.45826E-11+- 1.48840E-09          Ba133  (n,a    )  Xe130   3.32787E-05+- 5.58769E+01
    Ba133m (n,n    )  Ba133   4.23659E-01+- 9.73258E+01          Ba133m (n,2n   )  Ba132   1.05682E-03+- 0.00000E+00
    Ba133m (n,na   )  Xe129   3.10499E-09+- 4.13455E-03          Ba133m (n,na   )  Xe129m  5.89625E-09+- 1.44961E-03
    Ba133m (n,np   )  Cs132   1.76059E-11+- 0.00000E+00          Ba133m (n,g    )  Ba134   3.50078E+00+- 4.33083E+02
    Ba133m (n,p    )  Cs133   2.29999E-05+- 2.85988E+01          Ba133m (n,d    )  Cs132   1.21509E-10+- 3.78038E-11
    Ba133m (n,a    )  Xe130   2.47002E-05+- 5.64641E+01          Ba134  (n,2n   )  Ba133   7.84701E-06+- 0.00000E+00
    Ba134  (n,2n   )  Ba133m  8.97828E-07+- 0.00000E+00          Ba134  (n,na   )  Xe130   1.34990E-09+- 6.91161E-05
    Ba134  (n,g    )  Ba135   8.54522E-01+- 2.19823E+01          Ba134  (n,g    )  Ba135m  6.63969E-02+- 5.60331E+01
    Ba134  (n,p    )  Cs134   2.57146E-06+- 2.60613E-02          Ba134  (n,p    )  Cs134m  9.17182E-08+- 2.13949E+00
    Ba134  (n,d    )  Cs133   5.19678E-12+- 1.12485E-10          Ba134  (n,a    )  Xe131   7.98361E-07+- 2.83002E+01
    Ba134  (n,a    )  Xe131m  2.56386E-07+- 2.03879E+01          Ba135  (n,n    )  Ba135m  1.48310E-01+- 2.73100E+01
    Ba135  (n,2n   )  Ba134   1.50028E-03+- 0.00000E+00          Ba135  (n,na   )  Xe131   5.87202E-11+- 5.50304E-05
    Ba135  (n,na   )  Xe131m  8.60848E-11+- 5.33699E-06          Ba135  (n,g    )  Ba136   3.33155E+00+- 1.04572E+01
    Ba135  (n,g    )  Ba136m  8.39585E-03+- 4.11585E+01          Ba135  (n,p    )  Cs135   4.43323E-06+- 1.52876E+01
    Ba135  (n,p    )  Cs135m  1.50505E-07+- 1.08571E+00          Ba135  (n,d    )  Cs134   2.29389E-12+- 0.00000E+00
    Ba135  (n,a    )  Xe132   9.82833E-06+- 7.38538E+01          Ba135m (n,n    )  Ba135   2.20844E-01+- 9.71660E+01
    Ba135m (n,2n   )  Ba134   1.07503E-03+- 0.00000E+00          Ba135m (n,na   )  Xe131   1.09300E-10+- 2.84552E-04
    Ba135m (n,na   )  Xe131m  2.98521E-10+- 7.44018E-05          Ba135m (n,g    )  Ba136   3.16651E+00+- 7.81017E+01
    Ba135m (n,g    )  Ba136m  1.32218E-01+- 7.80996E+01          Ba135m (n,p    )  Cs135   3.00858E-06+- 3.46806E+01
    Ba135m (n,p    )  Cs135m  2.65564E-08+- 1.04585E+01          Ba135m (n,d    )  Cs134   9.06314E-12+- 1.01045E-10
    Ba135m (n,a    )  Xe132   3.27234E-06+- 6.65788E+01          Ba136  (n,n    )  Ba136m  5.68282E-03+- 3.15271E+01
    Ba136  (n,2n   )  Ba135   5.15096E-05+- 0.00000E+00          Ba136  (n,2n   )  Ba135m  2.30329E-05+- 0.00000E+00
    Ba136  (n,na   )  Xe132   1.19411E-10+- 1.68024E-06          Ba136  (n,np   )  Cs135m  6.94064E-12+- 0.00000E+00
    Ba136  (n,g    )  Ba137   1.03247E-01+- 3.77421E+01          Ba136  (n,g    )  Ba137m  4.89031E-03+- 4.27880E+01
    Ba136  (n,p    )  Cs136   7.42159E-07+- 4.36331E+00          Ba136  (n,p    )  Cs136m  7.46419E-08+- 1.29418E+00
    Ba136  (n,a    )  Xe133   1.89000E-07+- 1.14493E+01          Ba136  (n,a    )  Xe133m  5.83253E-08+- 3.38125E+00
    Ba137  (n,n    )  Ba137m  1.17674E-01+- 2.73152E+01          Ba137  (n,2n   )  Ba136   1.69897E-03+- 0.00000E+00
    Ba137  (n,2n   )  Ba136m  7.17613E-05+- 0.00000E+00          Ba137  (n,na   )  Xe133   4.95643E-12+- 1.99225E-06
    Ba137  (n,na   )  Xe133m  5.41371E-12+- 1.83825E-05          Ba137  (n,g    )  Ba138   4.94105E-01+- 1.21902E+01
    Ba137  (n,p    )  Cs137   3.78852E-06+- 9.16645E+00          Ba137  (n,a    )  Xe134   4.39785E-07+- 4.06635E+01
    Ba137  (n,a    )  Xe134m  1.53193E-08+- 6.71701E+00          Ba138  (n,2n   )  Ba137   1.76390E-04+- 0.00000E+00
    Ba138  (n,2n   )  Ba137m  3.06062E-05+- 0.00000E+00          Ba138  (n,na   )  Xe134   6.91456E-12+- 4.98386E-06
    Ba138  (n,g    )  Ba139   3.22401E-02+- 1.62337E+01          Ba138  (n,p    )  Cs138   7.70150E-08+- 6.62521E+00
    Ba138  (n,p    )  Cs138m  2.13398E-08+- 4.02274E+00          Ba138  (n,a    )  Xe135   1.67547E-07+- 3.98950E+00
    Ba138  (n,a    )  Xe135m  6.01831E-08+- 2.02740E+00          Ba139  (n,2n   )  Ba138   1.29507E-02+- 5.56298E+00
    Ba139  (n,na   )  Xe135   9.43735E-11+- 1.27578E-01          Ba139  (n,na   )  Xe135m  4.70926E-11+- 1.59323E-02
    Ba139  (n,g    )  Ba140   3.94585E-01+- 1.69497E+01          Ba139  (n,p    )  Cs139   3.25240E-08+- 3.50771E-03
    Ba139  (n,t    )  Cs137   5.18511E-12+- 1.83782E-10          Ba139  (n,a    )  Xe136   2.04121E-06+- 5.38924E+01
    Ba140  (n,2n   )  Ba139   6.67474E-03+- 0.00000E+00          Ba140  (n,na   )  Xe136   1.02343E-07+- 6.17135E+00
    Ba140  (n,g    )  Ba141   5.36750E-01+- 8.82393E+00          Ba140  (n,p    )  Cs140   3.86052E-10+- 1.92426E-10
    Ba140  (n,a    )  Xe137   1.50002E-07+- 1.67644E+01          La135  (n,2n   )  La134   8.84800E-06+- 0.00000E+00
    La135  (n,na   )  Cs131   1.09741E-08+- 5.85245E-04          La135  (n,np   )  Ba134   1.19005E-06+- 1.37253E-09
    La135  (n,g    )  La136   1.16117E+01+- 7.81024E+01          La135  (n,g    )  La136m  4.84186E-01+- 7.81021E+01
    La135  (n,p    )  Ba135   6.57608E-05+- 5.64054E+01          La135  (n,p    )  Ba135m  1.93078E-05+- 5.01862E+01
    La135  (n,d    )  Ba134   9.22371E-08+- 7.76051E-04          La135  (n,a    )  Cs132   3.02122E-06+- 3.13585E+01
    La137  (n,2n   )  La136   3.42354E-05+- 0.00000E+00          La137  (n,2n   )  La136m  1.92906E-05+- 0.00000E+00
    La137  (n,na   )  Cs133   1.79646E-09+- 9.29433E-05          La137  (n,np   )  Ba136   1.25386E-07+- 6.68153E-12
    La137  (n,np   )  Ba136m  3.60022E-12+- 0.00000E+00          La137  (n,g    )  La138   6.37458E+00+- 2.16471E+02
    La137  (n,p    )  Ba137   8.44662E-06+- 3.73946E+01          La137  (n,p    )  Ba137m  3.59909E-06+- 3.34280E+01
    La137  (n,d    )  Ba136   2.68260E-08+- 4.46401E-05          La137  (n,d    )  Ba136m  3.54480E-11+- 4.04887E-09
    La137  (n,a    )  Cs134   1.43804E-06+- 3.58988E+01          La137  (n,a    )  Cs134m  5.41832E-08+- 2.63511E+01
    La138  (n,2n   )  La137   1.06415E-03+- 0.00000E+00          La138  (n,na   )  Cs134   4.77715E-11+- 1.89665E-06
    La138  (n,na   )  Cs134m  1.66060E-11+- 6.79637E-06          La138  (n,np   )  Ba137   5.29916E-10+- 0.00000E+00
    La138  (n,np   )  Ba137m  1.25403E-10+- 0.00000E+00          La138  (n,g    )  La139   1.30833E+01+- 1.77075E+01
    La138  (n,p    )  Ba138   1.98957E-05+- 1.90673E+01          La138  (n,d    )  Ba137   3.58742E-09+- 5.30518E-07
    La138  (n,d    )  Ba137m  1.73572E-09+- 5.15876E-09          La138  (n,t    )  Ba136   1.13813E-10+- 7.54802E-10
    La138  (n,a    )  Cs135   7.50709E-06+- 8.00788E+01          La138  (n,a    )  Cs135m  1.10225E-08+- 7.04204E+00
    La139  (n,2n   )  La138   1.58747E-04+- 0.00000E+00          La139  (n,na   )  Cs135   6.38469E-11+- 2.06102E-06
    La139  (n,np   )  Ba138   1.51867E-09+- 0.00000E+00          La139  (n,g    )  La140   9.36271E-01+- 7.25721E+00
    La139  (n,p    )  Ba139   5.41620E-07+- 8.23196E-01          La139  (n,d    )  Ba138   4.89322E-09+- 1.83699E-07
    La139  (n,a    )  Cs136   3.67636E-07+- 3.80291E+00          La139  (n,a    )  Cs136m  4.54372E-08+- 7.60575E+00
    La140  (n,2n   )  La139   1.66170E-02+- 3.91402E+00          La140  (n,na   )  Cs136   6.74609E-10+- 5.02248E-02
    La140  (n,na   )  Cs136m  2.62349E-10+- 5.07228E-02          La140  (n,np   )  Ba139   2.09437E-11+- 0.00000E+00
    La140  (n,g    )  La141   1.33415E+00+- 8.77163E+00          La140  (n,p    )  Ba140   1.72609E-06+- 2.53939E+00
    La140  (n,d    )  Ba139   1.13810E-09+- 2.80621E-10          La140  (n,t    )  Ba138   1.33654E-08+- 1.63783E-05
    La140  (n,a    )  Cs137   3.53825E-05+- 5.88689E+01          La141  (n,2n   )  La140   5.43512E-03+- 0.00000E+00
    La141  (n,na   )  Cs137   3.19202E-07+- 6.77319E+00          La141  (n,np   )  Ba140   1.00434E-12+- 0.00000E+00
    La141  (n,g    )  La142   3.70082E+00+- 2.69171E+02          La141  (n,p    )  Ba141   9.75575E-08+- 1.18274E-01
    La141  (n,d    )  Ba140   4.59328E-10+- 3.11345E-10          La141  (n,t    )  Ba139   1.09705E-11+- 1.27342E-09
    La141  (n,a    )  Cs138   2.90247E-07+- 4.10815E+01          La141  (n,a    )  Cs138m  9.04714E-08+- 3.15395E+01
    Ce134  (n,na   )  Ba130   1.13981E-07+- 2.61553E-02          Ce134  (n,np   )  La133   1.13144E-08+- 0.00000E+00
    Ce134  (n,g    )  Ce135   1.93483E+00+- 7.81013E+01          Ce134  (n,g    )  Ce135m  2.89984E-01+- 7.80995E+01
    Ce134  (n,p    )  La134   5.25142E-04+- 3.47064E+01          Ce134  (n,d    )  La133   6.90168E-10+- 1.05296E-09
    Ce134  (n,a    )  Ba131   9.88723E-05+- 7.85177E+01          Ce134  (n,a    )  Ba131m  1.73026E-05+- 6.10295E+01
    Ce134  (n,2p   )  Ba133   2.08755E-12+- 5.57559E-08          Ce135  (n,n    )  Ce135m  2.17355E-02+- 8.16735E+01
    Ce135  (n,2n   )  Ce134   3.69537E-04+- 0.00000E+00          Ce135  (n,na   )  Ba131   2.41753E-08+- 2.49902E-02
    Ce135  (n,na   )  Ba131m  2.05665E-08+- 1.01126E-02          Ce135  (n,np   )  La134   3.76853E-09+- 0.00000E+00
    Ce135  (n,g    )  Ce136   1.90755E+01+- 1.73651E+02          Ce135  (n,p    )  La135   1.88504E-03+- 4.78992E+01
    Ce135  (n,d    )  La134   8.07803E-10+- 6.09269E-10          Ce135  (n,a    )  Ba132   1.83094E-03+- 5.97315E+01
    Ce135  (n,2p   )  Ba134   3.24033E-10+- 9.71041E-06          Ce135  (n,pa   )  Cs131   1.86462E-12+- 1.42673E-03
    Ce136  (n,na   )  Ba132   2.05368E-08+- 9.04822E-03          Ce136  (n,np   )  La135   8.39910E-10+- 0.00000E+00
    Ce136  (n,g    )  Ce137   2.12128E+00+- 4.05719E+01          Ce136  (n,g    )  Ce137m  3.27773E-01+- 4.04535E+01
    Ce136  (n,p    )  La136   8.44854E-05+- 4.61260E+01          Ce136  (n,p    )  La136m  2.38292E-05+- 4.61261E+01
    Ce136  (n,d    )  La135   1.40369E-10+- 4.08523E-11          Ce136  (n,a    )  Ba133   1.09108E-05+- 6.50180E+01
    Ce136  (n,a    )  Ba133m  2.14149E-06+- 4.82564E+01          Ce137  (n,2n   )  Ce136   7.71196E-04+- 0.00000E+00
    Ce137  (n,na   )  Ba133   5.04792E-09+- 6.95409E-03          Ce137  (n,na   )  Ba133m  2.28229E-09+- 1.30298E-03
    Ce137  (n,np   )  La136   7.71427E-11+- 0.00000E+00          Ce137  (n,np   )  La136m  4.93207E-11+- 0.00000E+00
    Ce137  (n,g    )  Ce138   1.67608E+01+- 1.51651E+02          Ce137  (n,p    )  La137   8.43177E-05+- 3.78923E+01
    Ce137  (n,d    )  La136   1.11052E-10+- 1.07192E-10          Ce137  (n,d    )  La136m  3.13224E-11+- 4.07751E-09
    Ce137  (n,a    )  Ba134   2.39268E-04+- 5.91370E+01          Ce137  (n,2p   )  Ba136   1.13060E-12+- 5.16405E-08
    Ce137m (n,n    )  Ce137   1.90310E-01+- 9.72069E+01          Ce137m (n,2n   )  Ce136   5.19999E-04+- 0.00000E+00
    Ce137m (n,na   )  Ba133   9.09215E-09+- 1.23183E-02          Ce137m (n,na   )  Ba133m  7.61932E-09+- 4.32173E-03
    Ce137m (n,np   )  La136   2.83332E-10+- 0.00000E+00          Ce137m (n,np   )  La136m  1.81147E-10+- 0.00000E+00
    Ce137m (n,g    )  Ce138   7.79519E+00+- 2.54855E+02          Ce137m (n,p    )  La137   8.11558E-05+- 4.01912E+01
    Ce137m (n,d    )  La136   3.57690E-10+- 3.96119E-11          Ce137m (n,d    )  La136m  1.00887E-10+- 1.21321E-09
    Ce137m (n,a    )  Ba134   1.05167E-04+- 5.87355E+01          Ce137m (n,2p   )  Ba136   1.23752E-12+- 3.77856E-08
    Ce138  (n,2n   )  Ce137   1.17205E-06+- 0.00000E+00          Ce138  (n,na   )  Ba134   3.18581E-09+- 5.76267E-04
    Ce138  (n,np   )  La137   1.01715E-11+- 0.00000E+00          Ce138  (n,g    )  Ce139   3.42571E-01+- 4.60340E+01
    Ce138  (n,g    )  Ce139m  6.51195E-03+- 6.61932E+01          Ce138  (n,p    )  La138   9.69356E-06+- 1.53523E+01
    Ce138  (n,d    )  La137   1.35407E-11+- 2.16026E-09          Ce138  (n,a    )  Ba135   1.67512E-06+- 4.26501E+01
    Ce138  (n,a    )  Ba135m  4.40635E-07+- 2.91082E+01          Ce139  (n,n    )  Ce139m  1.06506E-01+- 8.87905E+01
    Ce139  (n,2n   )  Ce138   7.49992E-04+- 0.00000E+00          Ce139  (n,na   )  Ba135   2.94001E-10+- 2.56903E-04
    Ce139  (n,na   )  Ba135m  2.63785E-10+- 2.24317E-05          Ce139  (n,np   )  La138   1.45208E-12+- 0.00000E+00
    Ce139  (n,g    )  Ce140   7.02089E+01+- 5.49320E+01          Ce139  (n,p    )  La139   1.27294E-05+- 2.59581E+01
    Ce139  (n,d    )  La138   1.73724E-11+- 5.99692E-10          Ce139  (n,a    )  Ba136   5.66349E-05+- 8.34624E+01
    Ce139  (n,a    )  Ba136m  9.24662E-08+- 1.82736E+01          Ce140  (n,2n   )  Ce139   4.34474E-05+- 0.00000E+00
    Ce140  (n,na   )  Ba136   3.14797E-10+- 7.59468E-05          Ce140  (n,g    )  Ce141   4.88266E-02+- 1.15474E+01
    Ce140  (n,p    )  La140   1.26154E-06+- 2.21133E-01          Ce140  (n,d    )  La139   3.93530E-12+- 2.71304E-10
    Ce140  (n,a    )  Ba137   3.54795E-07+- 2.68352E+01          Ce140  (n,a    )  Ba137m  3.90988E-07+- 6.78708E+00
    Ce141  (n,2n   )  Ce140   6.82405E-03+- 1.01190E+00          Ce141  (n,na   )  Ba137   2.35962E-09+- 5.22757E-01
    Ce141  (n,na   )  Ba137m  8.44864E-10+- 4.15025E-02          Ce141  (n,g    )  Ce142   5.62031E+00+- 3.76232E+01
    Ce141  (n,p    )  La141   4.03767E-07+- 5.50221E-01          Ce141  (n,t    )  La139   5.16565E-12+- 7.43196E-10
    Ce141  (n,a    )  Ba138   1.32269E-04+- 8.48236E+01          Ce142  (n,2n   )  Ce141   3.62579E-03+- 0.00000E+00
    Ce142  (n,na   )  Ba138   4.30246E-07+- 2.97387E+00          Ce142  (n,g    )  Ce143   9.78218E-02+- 1.31253E+01
    Ce142  (n,p    )  La142   9.37213E-09+- 5.34367E-10          Ce142  (n,a    )  Ba139   5.44750E-07+- 1.02662E+01
    Ce143  (n,2n   )  Ce142   1.27837E-02+- 2.63165E+00          Ce143  (n,na   )  Ba139   2.40949E-08+- 1.04620E+01
    Ce143  (n,2na  )  Ba138   1.29631E-12+- 7.49228E-05          Ce143  (n,g    )  Ce144   5.92621E-01+- 9.59997E+00
    Ce143  (n,p    )  La143   8.82450E-08+- 4.20627E-02          Ce143  (n,a    )  Ba140   1.93441E-06+- 4.88001E+01
    Ce144  (n,2n   )  Ce143   4.17385E-03+- 0.00000E+00          Ce144  (n,na   )  Ba140   5.35754E-09+- 1.30000E+00
    Ce144  (n,g    )  Ce145   1.68387E-01+- 9.93559E+00          Ce144  (n,p    )  La144   1.11141E-09+- 3.37122E-08
    Ce144  (n,a    )  Ba141   1.03141E-07+- 1.62941E+01          Pr141  (n,2n   )  Pr140   2.31024E-05+- 0.00000E+00
    Pr141  (n,na   )  La137   7.07287E-10+- 1.12885E-04          Pr141  (n,np   )  Ce140   1.79207E-07+- 9.11536E-11
    Pr141  (n,g    )  Pr142   8.56309E-01+- 3.54575E+01          Pr141  (n,g    )  Pr142m  4.56835E-01+- 2.18934E+01
    Pr141  (n,p    )  Ce141   3.95427E-06+- 2.67151E+00          Pr141  (n,d    )  Ce140   4.19233E-08+- 2.68375E-04
    Pr141  (n,a    )  La138   1.26625E-06+- 1.44599E+01          Pr142  (n,n    )  Pr142m  7.51819E-01+- 9.82181E+01
    Pr142  (n,2n   )  Pr141   1.00305E-02+- 1.37556E-01          Pr142  (n,na   )  La138   6.61415E-09+- 1.00939E+00
    Pr142  (n,np   )  Ce141   2.37022E-09+- 7.41879E-11          Pr142  (n,g    )  Pr143   7.97388E+00+- 1.13713E+01
    Pr142  (n,p    )  Ce142   1.38875E-05+- 1.11748E+01          Pr142  (n,d    )  Ce141   1.36776E-08+- 1.28684E-05
    Pr142  (n,t    )  Ce140   2.56371E-08+- 8.02277E-05          Pr142  (n,a    )  La139   1.03590E-03+- 5.98758E+01
    Pr142  (n,pa   )  Ba138   1.15508E-12+- 2.25751E-02          Pr143  (n,2n   )  Pr142   4.24156E-04+- 0.00000E+00
    Pr143  (n,2n   )  Pr142m  2.40879E-03+- 0.00000E+00          Pr143  (n,na   )  La139   4.10741E-05+- 9.17097E+01
    Pr143  (n,np   )  Ce142   2.38250E-10+- 8.37746E-10          Pr143  (n,g    )  Pr144   1.94909E+00+- 7.81023E+01
    Pr143  (n,g    )  Pr144m  1.05124E+01+- 7.81024E+01          Pr143  (n,p    )  Ce143   1.10964E-06+- 2.41886E+00
    Pr143  (n,d    )  Ce142   1.25757E-08+- 1.42937E-06          Pr143  (n,t    )  Ce141   5.30176E-11+- 8.55051E-11
    Pr143  (n,a    )  La140   2.06446E-05+- 5.74103E+01          Nd140  (n,na   )  Ce136   1.26194E-08+- 9.25258E-03
    Nd140  (n,np   )  Pr139   2.01053E-09+- 0.00000E+00          Nd140  (n,g    )  Nd141   1.15521E+00+- 7.81013E+01
    Nd140  (n,g    )  Nd141m  1.73064E-01+- 7.80993E+01          Nd140  (n,p    )  Pr140   1.78373E-04+- 3.57501E+01
    Nd140  (n,d    )  Pr139   1.88041E-10+- 8.96721E-10          Nd140  (n,a    )  Ce137   1.66958E-05+- 7.07151E+01
    Nd140  (n,a    )  Ce137m  2.28923E-06+- 5.20821E+01          Nd141  (n,n    )  Nd141m  1.15249E-01+- 8.90677E+01
    Nd141  (n,2n   )  Nd140   4.23498E-04+- 0.00000E+00          Nd141  (n,na   )  Ce137   3.40126E-09+- 4.69060E-03
    Nd141  (n,na   )  Ce137m  2.34161E-09+- 9.61625E-04          Nd141  (n,np   )  Pr140   1.67160E-09+- 0.00000E+00
    Nd141  (n,g    )  Nd142   2.41319E+00+- 4.73263E+02          Nd141  (n,p    )  Pr141   3.57766E-04+- 4.49710E+01
    Nd141  (n,d    )  Pr140   3.85306E-10+- 3.40500E-11          Nd141  (n,a    )  Ce138   3.24078E-04+- 5.93048E+01
    Nd141  (n,2p   )  Ce140   3.65762E-11+- 1.87781E-07          Nd142  (n,2n   )  Nd141   7.01195E-07+- 0.00000E+00
    Nd142  (n,na   )  Ce138   2.05215E-09+- 1.10419E-03          Nd142  (n,np   )  Pr141   2.17704E-10+- 0.00000E+00
    Nd142  (n,g    )  Nd143   1.40205E+00+- 1.40723E+01          Nd142  (n,p    )  Pr142   1.66716E-06+- 7.62569E+00
    Nd142  (n,p    )  Pr142m  2.97957E-06+- 3.20934E+01          Nd142  (n,d    )  Pr141   6.26651E-11+- 1.83890E-10
    Nd142  (n,a    )  Ce139   6.82810E-06+- 5.75099E+01          Nd142  (n,a    )  Ce139m  1.20943E-06+- 9.87548E+00
    Nd143  (n,2n   )  Nd142   2.85518E-03+- 0.00000E+00          Nd143  (n,na   )  Ce139   1.60632E-08+- 7.83447E-01
    Nd143  (n,na   )  Ce139m  4.56221E-09+- 5.14674E-02          Nd143  (n,np   )  Pr142m  1.06013E-12+- 0.00000E+00
    Nd143  (n,g    )  Nd144   2.45816E+01+- 2.58190E+01          Nd143  (n,p    )  Pr143   7.65357E-06+- 1.67930E+01
    Nd143  (n,d    )  Pr142   6.85150E-12+- 4.86616E-10          Nd143  (n,d    )  Pr142m  2.93957E-11+- 1.58081E-10
    Nd143  (n,t    )  Pr141   3.29344E-12+- 1.15735E-08          Nd143  (n,a    )  Ce140   2.04511E-03+- 1.86051E+01
    Nd144  (n,2n   )  Nd143   1.34092E-03+- 0.00000E+00          Nd144  (n,na   )  Ce140   2.99127E-06+- 3.57524E+00
    Nd144  (n,g    )  Nd145   3.73955E-01+- 1.45119E+01          Nd144  (n,p    )  Pr144   3.75523E-07+- 4.78904E-01
    Nd144  (n,p    )  Pr144m  6.31204E-08+- 3.30299E-01          Nd144  (n,d    )  Pr143   4.15500E-12+- 6.33507E-11
    Nd144  (n,a    )  Ce141   4.14513E-06+- 2.51986E+01          Nd145  (n,2n   )  Nd144   5.14066E-03+- 1.17183E-01
    Nd145  (n,na   )  Ce141   2.30104E-07+- 5.89949E+00          Nd145  (n,2na  )  Ce140   4.87096E-12+- 2.18177E-07
    Nd145  (n,g    )  Nd146   8.41005E+00+- 1.32912E+01          Nd145  (n,p    )  Pr145   8.76583E-07+- 1.83346E+00
    Nd145  (n,d    )  Pr144   1.20745E-12+- 3.19788E-09          Nd145  (n,d    )  Pr144m  2.38599E-12+- 1.03573E-10
    Nd145  (n,t    )  Pr143   1.40982E-12+- 4.93404E-09          Nd145  (n,a    )  Ce142   2.93264E-05+- 5.95634E+01
    Nd145  (n,2a   )  Ba138   1.36709E-12+- 9.75412E+00          Nd146  (n,2n   )  Nd145   1.85994E-03+- 0.00000E+00
    Nd146  (n,na   )  Ce142   7.28575E-08+- 1.15550E+00          Nd146  (n,g    )  Nd147   1.95936E-01+- 1.28630E+01
    Nd146  (n,p    )  Pr146   4.14840E-08+- 6.69785E-01          Nd146  (n,a    )  Ce143   5.23734E-07+- 1.29480E+01
    Nd147  (n,2n   )  Nd146   1.07547E-02+- 1.35065E+00          Nd147  (n,na   )  Ce143   1.63924E-08+- 9.83757E+00
    Nd147  (n,g    )  Nd148   4.27412E+01+- 6.48759E+01          Nd147  (n,p    )  Pr147   2.03467E-07+- 1.67766E-01
    Nd147  (n,a    )  Ce144   1.70910E-04+- 7.10724E+01          Nd148  (n,2n   )  Nd147   2.77838E-03+- 0.00000E+00
    Nd148  (n,na   )  Ce144   1.02394E-08+- 6.72332E-01          Nd148  (n,g    )  Nd149   8.10277E-01+- 3.96864E+01
    Nd148  (n,p    )  Pr148   3.92868E-09+- 1.60066E+00          Nd148  (n,p    )  Pr148m  2.15644E-09+- 1.05703E-05
    Nd148  (n,a    )  Ce145   1.11461E-07+- 7.17050E+00          Nd149  (n,2n   )  Nd148   1.37980E-02+- 2.60438E+00
    Nd149  (n,na   )  Ce145   5.01739E-10+- 1.11819E+00          Nd149  (n,g    )  Nd150   1.81566E+01+- 1.56072E+02
    Nd149  (n,p    )  Pr149   5.30186E-08+- 1.63383E-02          Nd149  (n,a    )  Ce146   6.54500E-07+- 4.54120E+01
    Nd150  (n,2n   )  Nd149   2.02330E-03+- 0.00000E+00          Nd150  (n,na   )  Ce146   9.84031E-11+- 6.82364E-02
    Nd150  (n,g    )  Nd151   5.81381E-01+- 1.58497E+01          Nd150  (n,p    )  Pr150   3.74722E-10+- 4.04482E-10
    Nd150  (n,a    )  Ce147   1.61300E-08+- 4.82478E+00          Pm143  (n,na   )  Pr139   4.78529E-09+- 2.39090E-03
    Pm143  (n,np   )  Nd142   3.43659E-06+- 2.22354E-05          Pm143  (n,g    )  Pm144   3.38442E+00+- 3.10784E+02
    Pm143  (n,p    )  Nd143   5.35985E-05+- 2.83608E+01          Pm143  (n,d    )  Nd142   2.23032E-07+- 5.97427E-03
    Pm143  (n,a    )  Pr140   4.25099E-05+- 5.60668E+01          Pm144  (n,2n   )  Pm143   3.24950E-03+- 0.00000E+00
    Pm144  (n,na   )  Pr140   4.62544E-08+- 6.08819E-01          Pm144  (n,np   )  Nd143   5.48309E-08+- 1.12979E-06
    Pm144  (n,g    )  Pm145   1.90764E+01+- 1.46007E+02          Pm144  (n,p    )  Nd144   7.70753E-05+- 2.37288E+01
    Pm144  (n,d    )  Nd143   8.19026E-08+- 7.52424E-04          Pm144  (n,t    )  Nd142   1.41545E-08+- 7.78850E-05
    Pm144  (n,a    )  Pr141   1.10105E-02+- 5.99674E+01          Pm144  (n,pa   )  Ce140   8.38066E-11+- 1.47508E+00
    Pm145  (n,2n   )  Pm144   1.28843E-03+- 0.00000E+00          Pm145  (n,na   )  Pr141   6.35427E-06+- 4.74299E+00
    Pm145  (n,np   )  Nd144   4.43363E-08+- 1.39259E-07          Pm145  (n,g    )  Pm146   1.33800E+01+- 1.65685E+02
    Pm145  (n,p    )  Nd145   9.88177E-06+- 1.38811E+01          Pm145  (n,d    )  Nd144   7.37313E-08+- 8.44767E-04
    Pm145  (n,t    )  Nd143   7.24319E-11+- 6.55184E-10          Pm145  (n,a    )  Pr142   5.62333E-04+- 8.45570E+01
    Pm145  (n,a    )  Pr142m  2.33704E-04+- 8.42854E+01          Pm146  (n,2n   )  Pm145   6.57929E-03+- 0.00000E+00
    Pm146  (n,na   )  Pr142   1.05978E-07+- 1.10773E+01          Pm146  (n,na   )  Pr142m  5.87754E-07+- 8.20433E+00
    Pm146  (n,2na  )  Pr141   1.65505E-12+- 1.73618E-07          Pm146  (n,np   )  Nd145   5.29174E-09+- 4.03951E-09
    Pm146  (n,g    )  Pm147   1.91535E+03+- 6.44292E+01          Pm146  (n,p    )  Nd146   3.01923E-05+- 2.10220E+01
    Pm146  (n,d    )  Nd145   1.78241E-08+- 4.04016E-05          Pm146  (n,t    )  Nd144   1.32149E-08+- 3.81096E-05
    Pm146  (n,a    )  Pr143   3.40925E-02+- 5.99957E+01          Pm146  (n,2a   )  La139   2.40012E-11+- 1.88167E+01
    Pm147  (n,2n   )  Pm146   1.73616E-03+- 0.00000E+00          Pm147  (n,na   )  Pr143   2.30653E-07+- 1.68370E+00
    Pm147  (n,np   )  Nd146   6.09032E-10+- 7.24491E-10          Pm147  (n,g    )  Pm148   3.14388E+01+- 9.77010E+00
    Pm147  (n,g    )  Pm148m  2.67437E+01+- 1.18972E+01          Pm147  (n,p    )  Nd147   2.00257E-06+- 2.78900E+00
    Pm147  (n,d    )  Nd146   2.35908E-08+- 1.17428E-05          Pm147  (n,t    )  Nd145   2.61194E-11+- 4.81124E-10
    Pm147  (n,a    )  Pr144   6.99267E-05+- 8.45544E+01          Pm147  (n,a    )  Pr144m  1.28886E-04+- 8.44322E+01
    Pm148  (n,n    )  Pm148m  1.88864E-01+- 9.71966E+01          Pm148  (n,2n   )  Pm147   1.08898E-02+- 5.75314E-02
    Pm148  (n,na   )  Pr144   1.10832E-08+- 1.40011E+01          Pm148  (n,na   )  Pr144m  2.84605E-08+- 1.26708E+01
    Pm148  (n,np   )  Nd147   2.30985E-10+- 2.01578E-13          Pm148  (n,g    )  Pm149   1.24046E+02+- 5.47200E+01
    Pm148  (n,p    )  Nd148   7.60813E-06+- 7.51538E+00          Pm148  (n,d    )  Nd147   3.57533E-09+- 1.20148E-07
    Pm148  (n,t    )  Nd146   5.75363E-09+- 1.03703E-05          Pm148  (n,a    )  Pr145   5.80040E-04+- 5.99079E+01
    Pm148m (n,n    )  Pm148   3.10332E+00+- 9.96393E+01          Pm148m (n,2n   )  Pm147   1.11587E-02+- 2.16756E-01
    Pm148m (n,na   )  Pr144   1.96705E-08+- 1.49548E+01          Pm148m (n,na   )  Pr144m  4.72536E-08+- 1.70344E+01
    Pm148m (n,np   )  Nd147   2.92924E-10+- 2.90466E-10          Pm148m (n,g    )  Pm149   2.46955E+03+- 1.03260E+01
    Pm148m (n,p    )  Nd148   3.02161E-06+- 3.15178E+00          Pm148m (n,d    )  Nd147   3.96141E-09+- 8.10014E-08
    Pm148m (n,t    )  Nd146   1.08161E-09+- 1.91356E-06          Pm148m (n,a    )  Pr145   6.12899E-04+- 5.99199E+01
    Pm149  (n,2n   )  Pm148   1.65436E-03+- 0.00000E+00          Pm149  (n,2n   )  Pm148m  8.37619E-04+- 0.00000E+00
    Pm149  (n,na   )  Pr145   2.46306E-08+- 1.12469E+00          Pm149  (n,np   )  Nd148   4.46208E-11+- 2.38734E-10
    Pm149  (n,g    )  Pm150   4.26078E+02+- 7.30303E+01          Pm149  (n,p    )  Nd149   6.16003E-07+- 8.92888E-01
    Pm149  (n,d    )  Nd148   5.01103E-09+- 2.37187E-07          Pm149  (n,t    )  Nd147   7.30741E-12+- 1.07734E-09
    Pm149  (n,a    )  Pr146   9.99787E-07+- 4.89081E+01          Pm150  (n,2n   )  Pm149   1.50554E-02+- 8.52396E-01
    Pm150  (n,na   )  Pr146   1.39601E-09+- 1.83866E+00          Pm150  (n,np   )  Nd149   1.67646E-11+- 0.00000E+00
    Pm150  (n,g    )  Pm151   1.77848E+02+- 9.41521E+01          Pm150  (n,p    )  Nd150   3.06595E-06+- 4.56302E+00
    Pm150  (n,d    )  Nd149   8.11585E-10+- 2.78912E-10          Pm150  (n,t    )  Nd148   3.33772E-09+- 1.20731E-06
    Pm150  (n,a    )  Pr147   1.28796E-05+- 5.86441E+01          Pm151  (n,2n   )  Pm150   1.44862E-03+- 0.00000E+00
    Pm151  (n,na   )  Pr147   2.25041E-10+- 2.64057E-02          Pm151  (n,g    )  Pm152   4.17699E+01+- 7.81025E+01
    Pm151  (n,g    )  Pm152m  7.51843E+00+- 7.81025E+01          Pm151  (n,g    )  Pm152n  5.26640E-02+- 7.81000E+01
    Pm151  (n,p    )  Nd151   1.61428E-07+- 2.07785E-01          Pm151  (n,d    )  Nd150   1.23260E-10+- 1.00056E-10
    Pm151  (n,a    )  Pr148   9.16393E-09+- 3.47750E+00          Pm151  (n,a    )  Pr148m  1.91917E-08+- 3.49263E+00
    Sm144  (n,na   )  Nd140   1.38740E-08+- 3.00571E-02          Sm144  (n,np   )  Pm143   2.54949E-08+- 0.00000E+00
    Sm144  (n,g    )  Sm145   1.96879E-01+- 1.36490E+01          Sm144  (n,p    )  Pm144   3.00033E-05+- 1.28945E+01
    Sm144  (n,d    )  Pm143   1.02877E-09+- 1.10319E-07          Sm144  (n,a    )  Nd141   2.12727E-05+- 1.26449E+02
    Sm144  (n,a    )  Nd141m  3.14277E-06+- 3.20866E+01          Sm145  (n,2n   )  Sm144   1.24129E-03+- 0.00000E+00
    Sm145  (n,na   )  Nd141   1.09745E-07+- 1.14306E+00          Sm145  (n,na   )  Nd141m  3.34402E-08+- 1.10574E-01
    Sm145  (n,np   )  Pm144   1.02994E-09+- 0.00000E+00          Sm145  (n,g    )  Sm146   3.25985E+01+- 9.27187E+00
    Sm145  (n,p    )  Pm145   3.58335E-05+- 2.46746E+01          Sm145  (n,d    )  Pm144   6.92159E-10+- 3.50946E-10
    Sm145  (n,t    )  Pm143   1.08384E-11+- 8.08111E-09          Sm145  (n,a    )  Nd142   1.23375E-02+- 5.99501E+01
    Sm145  (n,pa   )  Pr141   5.28674E-11+- 1.10583E-01          Sm146  (n,2n   )  Sm145   5.01278E-04+- 0.00000E+00
    Sm146  (n,na   )  Nd142   6.27348E-06+- 5.97561E+00          Sm146  (n,np   )  Pm145   6.24676E-11+- 0.00000E+00
    Sm146  (n,g    )  Sm147   1.35823E+00+- 7.48448E+02          Sm146  (n,p    )  Pm146   6.32859E-06+- 8.80486E+00
    Sm146  (n,d    )  Pm145   1.00579E-10+- 1.23115E-09          Sm146  (n,a    )  Nd143   1.03208E-04+- 5.72950E+01
    Sm147  (n,2n   )  Sm146   2.64813E-03+- 0.00000E+00          Sm147  (n,na   )  Nd143   1.77662E-06+- 6.05144E+00
    Sm147  (n,2na  )  Nd142   1.42607E-08+- 1.50903E-11          Sm147  (n,np   )  Pm146   1.22536E-11+- 0.00000E+00
    Sm147  (n,g    )  Sm148   2.47659E+01+- 1.19950E+01          Sm147  (n,p    )  Pm147   6.72157E-06+- 8.70286E+00
    Sm147  (n,d    )  Pm146   3.46648E-11+- 1.42419E-09          Sm147  (n,t    )  Pm145   1.37544E-12+- 1.61688E-09
    Sm147  (n,a    )  Nd144   2.56394E-04+- 7.62462E+01          Sm147  (n,2a   )  Ce140   5.39902E-11+- 3.10605E+01
    Sm148  (n,2n   )  Sm147   9.58201E-04+- 0.00000E+00          Sm148  (n,na   )  Nd144   7.10681E-07+- 2.29936E+00
    Sm148  (n,g    )  Sm149   1.31754E+00+- 4.41023E+01          Sm148  (n,p    )  Pm148   1.71868E-06+- 1.51401E+01
    Sm148  (n,p    )  Pm148m  2.45875E-06+- 1.49386E+01          Sm148  (n,d    )  Pm147   7.23471E-12+- 1.23869E-09
    Sm148  (n,a    )  Nd145   1.03089E-05+- 5.13378E+01          Sm149  (n,2n   )  Sm148   5.24573E-03+- 2.75783E-02
    Sm149  (n,na   )  Nd145   3.61710E-07+- 6.45777E+00          Sm149  (n,g    )  Sm150   6.60777E+03+- 9.87004E+00
    Sm149  (n,p    )  Pm149   1.76324E-06+- 2.19940E+00          Sm149  (n,d    )  Pm148   3.75146E-12+- 4.38544E-09
    Sm149  (n,d    )  Pm148m  1.54416E-12+- 7.61278E-09          Sm149  (n,t    )  Pm147   1.93705E-12+- 2.15543E-09
    Sm149  (n,a    )  Nd146   4.94407E-03+- 9.32863E+01          Sm150  (n,2n   )  Sm149   7.78641E-04+- 0.00000E+00
    Sm150  (n,na   )  Nd146   7.99077E-08+- 9.96959E-01          Sm150  (n,g    )  Sm151   1.55736E+01+- 1.20242E+01
    Sm150  (n,p    )  Pm150   2.51139E-06+- 1.29603E+01          Sm150  (n,a    )  Nd147   2.65239E-06+- 5.30416E+01
    Sm151  (n,2n   )  Sm150   8.51590E-03+- 2.66765E-01          Sm151  (n,na   )  Nd147   8.92580E-09+- 3.05830E+00
    Sm151  (n,g    )  Sm152   7.11498E+02+- 8.92257E+00          Sm151  (n,p    )  Pm151   8.50661E-07+- 1.42306E+00
    Sm151  (n,a    )  Nd148   1.47660E-03+- 7.35701E+01          Sm152  (n,2n   )  Sm151   6.59091E-04+- 0.00000E+00
    Sm152  (n,na   )  Nd148   2.08469E-09+- 6.73913E-02          Sm152  (n,g    )  Sm153   7.70678E+01+- 8.40572E+00
    Sm152  (n,p    )  Pm152   1.36738E-08+- 1.93132E-07          Sm152  (n,p    )  Pm152m  2.43089E-08+- 1.93132E-07
    Sm152  (n,p    )  Pm152n  1.69002E-09+- 1.93131E-07          Sm152  (n,a    )  Nd149   8.48813E-08+- 7.36624E+00
    Sm153  (n,2n   )  Sm152   8.84386E-03+- 2.81888E-02          Sm153  (n,na   )  Nd149   3.83057E-11+- 1.71400E-02
    Sm153  (n,g    )  Sm154   7.34960E+01+- 5.40852E+01          Sm153  (n,p    )  Pm153   2.74529E-07+- 3.97152E-01
    Sm153  (n,a    )  Nd150   4.31614E-07+- 4.35899E+01          Sm154  (n,2n   )  Sm153   1.06315E-03+- 0.00000E+00
    Sm154  (n,na   )  Nd150   4.94942E-12+- 7.44506E-04          Sm154  (n,g    )  Sm155   1.60953E+00+- 1.27560E+01
    Sm154  (n,p    )  Pm154   9.65862E-09+- 3.12347E-03          Sm154  (n,p    )  Pm154m  1.04313E-09+- 3.12346E-03
    Sm154  (n,a    )  Nd151   1.26843E-08+- 3.57251E+00          Sm156  (n,2n   )  Sm155   3.89622E-03+- 0.00000E+00
    Sm156  (n,g    )  Sm157   1.44181E+00+- 6.72829E+02          Sm156  (n,p    )  Pm156   7.19574E-10+- 1.18220E-06
    Sm156  (n,a    )  Nd153   4.53055E-09+- 2.46657E+00          Eu145  (n,na   )  Pm141   1.83524E-08+- 1.25461E-02
    Eu145  (n,np   )  Sm144   4.54164E-05+- 3.19602E-02          Eu145  (n,g    )  Eu146   8.09869E+00+- 1.96396E+02
    Eu145  (n,p    )  Sm145   4.25359E-02+- 4.97896E+01          Eu145  (n,d    )  Sm144   8.57180E-07+- 9.27627E-02
    Eu145  (n,a    )  Pm142   1.07476E-03+- 5.93576E+01          Eu145  (n,pa   )  Nd141   1.94719E-10+- 9.36804E-01
    Eu145  (n,pa   )  Nd141m  2.99999E-11+- 1.62570E-01          Eu146  (n,2n   )  Eu145   1.74395E-03+- 0.00000E+00
    Eu146  (n,na   )  Pm142   2.43240E-07+- 7.11715E-01          Eu146  (n,np   )  Sm145   2.86885E-06+- 6.63652E-03
    Eu146  (n,g    )  Eu147   2.93857E+01+- 1.29177E+02          Eu146  (n,p    )  Sm146   7.80028E-02+- 4.99083E+01
    Eu146  (n,d    )  Sm145   2.55618E-07+- 2.53357E-02          Eu146  (n,t    )  Sm144   3.30634E-08+- 6.14861E-04
    Eu146  (n,a    )  Pm143   1.34413E-01+- 5.99921E+01          Eu146  (n,2a   )  Pr139   6.48406E-12+- 7.24298E+00
    Eu146  (n,pa   )  Nd142   1.19073E-08+- 1.42875E+01          Eu147  (n,2n   )  Eu146   4.44720E-04+- 0.00000E+00
    Eu147  (n,na   )  Pm143   1.91794E-05+- 7.00739E+00          Eu147  (n,np   )  Sm146   3.49596E-06+- 1.44988E-03
    Eu147  (n,g    )  Eu148   2.20484E+01+- 1.41164E+02          Eu147  (n,p    )  Sm147   4.70607E-04+- 4.51435E+01
    Eu147  (n,d    )  Sm146   2.50039E-07+- 2.40412E-02          Eu147  (n,t    )  Sm145   2.09832E-10+- 4.78493E-09
    Eu147  (n,a    )  Pm144   1.33713E-02+- 5.99387E+01          Eu147  (n,2a   )  Pr140   2.19298E-12+- 1.48680E+01
    Eu147  (n,pa   )  Nd143   1.59660E-10+- 1.11609E+00          Eu148  (n,2n   )  Eu147   2.89993E-03+- 0.00000E+00
    Eu148  (n,na   )  Pm144   8.95575E-04+- 9.92506E+01          Eu148  (n,2na  )  Pm143   6.28329E-12+- 3.74393E-02
    Eu148  (n,np   )  Sm147   2.01387E-07+- 9.33779E-05          Eu148  (n,g    )  Eu149   1.30302E+02+- 9.42002E+01
    Eu148  (n,p    )  Sm148   8.24451E-04+- 4.61590E+01          Eu148  (n,d    )  Sm147   1.23502E-07+- 5.66098E-03
    Eu148  (n,t    )  Sm146   2.16698E-08+- 1.37751E-04          Eu148  (n,a    )  Pm145   4.14279E-02+- 5.99879E+01
    Eu148  (n,2a   )  Pr141   9.50397E-10+- 9.70444E+01          Eu148  (n,pa   )  Nd144   1.00515E-10+- 2.76370E+00
    Eu149  (n,2n   )  Eu148   2.96251E-04+- 0.00000E+00          Eu149  (n,na   )  Pm145   2.44358E-06+- 2.29488E+00
    Eu149  (n,2na  )  Pm144   1.52745E-08+- 8.83477E+00          Eu149  (n,np   )  Sm148   2.58757E-07+- 4.13331E-06
    Eu149  (n,g    )  Eu150   2.70617E+01+- 7.81025E+01          Eu149  (n,g    )  Eu150m  1.95937E+01+- 7.81025E+01
    Eu149  (n,p    )  Sm149   1.77010E-05+- 1.69188E+01          Eu149  (n,d    )  Sm148   8.17079E-08+- 3.77583E-03
    Eu149  (n,t    )  Sm147   6.30608E-11+- 3.35898E-10          Eu149  (n,a    )  Pm146   3.36179E-03+- 5.99222E+01
    Eu149  (n,2a   )  Pr142m  4.27676E-12+- 1.43943E+01          Eu150  (n,n    )  Eu150m  2.96858E-01+- 9.79632E+01
    Eu150  (n,2n   )  Eu149   4.39341E-03+- 0.00000E+00          Eu150  (n,na   )  Pm146   1.01129E-06+- 6.53885E+00
    Eu150  (n,np   )  Sm149   1.06028E-08+- 4.60459E-09          Eu150  (n,g    )  Eu151   5.22864E+01+- 3.52796E+02
    Eu150  (n,p    )  Sm150   5.75606E-05+- 2.59144E+01          Eu150  (n,d    )  Sm149   3.49501E-08+- 1.46442E-04
    Eu150  (n,t    )  Sm148   1.35816E-08+- 3.67580E-05          Eu150  (n,a    )  Pm147   1.05910E-02+- 5.99812E+01
    Eu150  (n,2a   )  Pr143   5.42479E-12+- 2.50194E+01          Eu150m (n,n    )  Eu150   1.30155E-01+- 9.18004E+01
    Eu150m (n,2n   )  Eu149   4.65045E-03+- 0.00000E+00          Eu150m (n,na   )  Pm146   3.97921E-07+- 4.65774E+00
    Eu150m (n,np   )  Sm149   1.41586E-08+- 4.66251E-09          Eu150m (n,g    )  Eu151   5.22864E+01+- 3.52796E+02
    Eu150m (n,p    )  Sm150   6.65292E-04+- 4.88941E+01          Eu150m (n,d    )  Sm149   2.31547E-08+- 6.74628E-05
    Eu150m (n,t    )  Sm148   1.29341E-09+- 5.21503E-05          Eu150m (n,a    )  Pm147   2.03205E-03+- 5.99076E+01
    Eu150m (n,2a   )  Pr143   1.72379E-12+- 2.01536E+01          Eu151  (n,2n   )  Eu150   4.14686E-04+- 0.00000E+00
    Eu151  (n,2n   )  Eu150m  4.18889E-04+- 0.00000E+00          Eu151  (n,na   )  Pm147   4.19748E-07+- 1.05978E+00
    Eu151  (n,np   )  Sm150   6.31416E-09+- 8.43557E-09          Eu151  (n,g    )  Eu152   4.23100E+02+- 1.54102E+01
    Eu151  (n,g    )  Eu152m  2.22125E+02+- 1.46411E+01          Eu151  (n,g    )  Eu152n  2.83337E-01+- 3.78966E+01
    Eu151  (n,p    )  Sm151   4.95272E-06+- 8.35282E+00          Eu151  (n,d    )  Sm150   4.14597E-08+- 1.82144E-04
    Eu151  (n,t    )  Sm149   1.63272E-11+- 4.27221E-10          Eu151  (n,a    )  Pm148   5.61058E-06+- 1.28668E+01
    Eu151  (n,a    )  Pm148m  7.07847E-06+- 1.28667E+01          Eu152  (n,n    )  Eu152m  4.99897E-01+- 9.89265E+01
    Eu152  (n,n    )  Eu152n  1.84124E-02+- 8.53278E+01          Eu152  (n,2n   )  Eu151   6.31803E-03+- 0.00000E+00
    Eu152  (n,na   )  Pm148   1.26448E-08+- 2.30813E+00          Eu152  (n,na   )  Pm148m  6.39799E-09+- 2.13235E+00
    Eu152  (n,np   )  Sm151   1.23775E-09+- 2.19627E-11          Eu152  (n,g    )  Eu153   5.95605E+02+- 2.22392E+01
    Eu152  (n,p    )  Sm152   1.20621E-04+- 5.82787E+01          Eu152  (n,d    )  Sm151   4.83126E-09+- 4.11565E-06
    Eu152  (n,t    )  Sm150   5.84985E-09+- 5.80685E-06          Eu152  (n,a    )  Pm149   4.40029E-03+- 6.89877E+01
    Eu152m (n,n    )  Eu152   5.72758E-01+- 9.74417E+01          Eu152m (n,n    )  Eu152n  3.58937E-03+- 6.73783E+01
    Eu152m (n,2n   )  Eu151   6.57036E-03+- 0.00000E+00          Eu152m (n,na   )  Pm148   6.70450E-09+- 1.15494E+00
    Eu152m (n,na   )  Pm148m  3.43124E-09+- 8.86406E-01          Eu152m (n,np   )  Sm151   1.37302E-09+- 1.22331E-10
    Eu152m (n,g    )  Eu153   4.72087E+03+- 4.83858E+01          Eu152m (n,p    )  Sm152   6.92282E-04+- 6.82401E+01
    Eu152m (n,d    )  Sm151   5.25059E-09+- 4.30579E-06          Eu152m (n,t    )  Sm150   1.03683E-09+- 2.32317E-06
    Eu152m (n,a    )  Pm149   5.55274E-03+- 6.95356E+01          Eu153  (n,2n   )  Eu152   1.14118E-04+- 0.00000E+00
    Eu153  (n,2n   )  Eu152m  1.64998E-04+- 0.00000E+00          Eu153  (n,2n   )  Eu152n  4.17133E-05+- 0.00000E+00
    Eu153  (n,na   )  Pm149   2.87819E-09+- 3.30839E-02          Eu153  (n,np   )  Sm152   1.74098E-10+- 4.29568E-13
    Eu153  (n,g    )  Eu154   5.30547E+01+- 7.81025E+01          Eu153  (n,g    )  Eu154m  8.63455E-01+- 7.81024E+01
    Eu153  (n,p    )  Sm153   1.29408E-06+- 2.19644E+00          Eu153  (n,d    )  Sm152   3.31234E-09+- 1.40797E-07
    Eu153  (n,a    )  Pm150   4.91310E-07+- 1.39207E+01          Eu154  (n,n    )  Eu154m  1.90866E-02+- 8.74736E+01
    Eu154  (n,2n   )  Eu153   6.40764E-03+- 0.00000E+00          Eu154  (n,na   )  Pm150   7.94171E-11+- 5.95738E-03
    Eu154  (n,np   )  Sm153   2.35549E-11+- 0.00000E+00          Eu154  (n,g    )  Eu155   2.66114E+02+- 1.76991E+01
    Eu154  (n,p    )  Sm154   5.37971E-06+- 6.56854E+00          Eu154  (n,d    )  Sm153   6.18996E-10+- 5.33103E-11
    Eu154  (n,t    )  Sm152   1.26660E-10+- 8.16424E-10          Eu154  (n,a    )  Pm151   6.33118E-07+- 3.72760E+01
    Eu155  (n,2n   )  Eu154   7.73089E-04+- 0.00000E+00          Eu155  (n,2n   )  Eu154m  2.96704E-04+- 0.00000E+00
    Eu155  (n,na   )  Pm151   3.72372E-11+- 1.33268E-03          Eu155  (n,np   )  Sm154   2.82718E-12+- 0.00000E+00
    Eu155  (n,g    )  Eu156   7.42863E+02+- 1.17641E+01          Eu155  (n,p    )  Sm155   4.07225E-07+- 6.86934E-01
    Eu155  (n,d    )  Sm154   1.84047E-10+- 7.05956E-10          Eu155  (n,a    )  Pm152   1.11025E-08+- 5.45583E+00
    Eu155  (n,a    )  Pm152m  2.40480E-08+- 4.90549E+00          Eu155  (n,a    )  Pm152n  1.36407E-09+- 4.98144E+00
    Eu156  (n,2n   )  Eu155   8.02378E-03+- 0.00000E+00          Eu156  (n,g    )  Eu157   4.46942E+01+- 1.17158E+02
    Eu156  (n,p    )  Sm156   1.12029E-06+- 1.52748E+00          Eu156  (n,d    )  Sm155   2.58551E-11+- 7.04276E-10
    Eu156  (n,t    )  Sm154   1.19581E-11+- 4.36780E-10          Eu156  (n,a    )  Pm153   7.95093E-08+- 1.42674E+01
    Eu157  (n,2n   )  Eu156   2.70860E-03+- 0.00000E+00          Eu157  (n,na   )  Pm153   4.87498E-12+- 8.12807E-04
    Eu157  (n,g    )  Eu158   5.55234E+01+- 9.43785E+01          Eu157  (n,p    )  Sm157   7.43508E-08+- 7.16499E-02
    Eu157  (n,d    )  Sm156   1.37937E-11+- 2.45375E-09          Eu157  (n,a    )  Pm154   6.35221E-09+- 1.07620E+01
    Eu157  (n,a    )  Pm154m  1.28969E-08+- 1.07620E+01          Gd146  (n,na   )  Sm142   3.46936E-08+- 8.73115E-02
    Gd146  (n,np   )  Eu145   1.55395E-06+- 4.14074E-11          Gd146  (n,g    )  Gd147   1.26037E+00+- 7.70799E+02
    Gd146  (n,p    )  Eu146   1.25650E-03+- 3.85389E+01          Gd146  (n,d    )  Eu145   9.77849E-09+- 1.25220E-04
    Gd146  (n,a    )  Sm143   6.96154E-04+- 8.32434E+01          Gd146  (n,a    )  Sm143m  2.18707E-05+- 6.57693E+01
    Gd146  (n,2p   )  Sm145   3.12986E-10+- 1.71377E-05          Gd146  (n,pa   )  Pm142   3.99175E-11+- 3.55514E-02
    Gd147  (n,2n   )  Gd146   5.07549E-04+- 0.00000E+00          Gd147  (n,na   )  Sm143   4.88523E-07+- 1.77518E+00
    Gd147  (n,na   )  Sm143m  1.21574E-07+- 2.61989E-01          Gd147  (n,np   )  Eu146   2.82331E-07+- 1.45844E-10
    Gd147  (n,g    )  Gd148   1.67909E+01+- 1.68044E+02          Gd147  (n,p    )  Eu147   5.08525E-03+- 4.88171E+01
    Gd147  (n,d    )  Eu146   6.43311E-09+- 1.07886E-05          Gd147  (n,t    )  Eu145   2.65562E-11+- 5.67949E-10
    Gd147  (n,a    )  Sm144   6.80509E-02+- 5.99734E+01          Gd147  (n,2a   )  Nd140   8.46660E-11+- 2.11621E+01
    Gd147  (n,2p   )  Sm146   8.78346E-10+- 2.32183E-03          Gd147  (n,pa   )  Pm143   1.02356E-08+- 2.91621E+00
    Gd148  (n,2n   )  Gd147   1.10423E-04+- 0.00000E+00          Gd148  (n,na   )  Sm144   3.26847E-05+- 1.29379E+01
    Gd148  (n,np   )  Eu147   1.73773E-08+- 1.76042E-14          Gd148  (n,g    )  Gd149   2.75130E+03+- 8.94055E+01
    Gd148  (n,p    )  Eu148   6.09848E-05+- 1.19505E+01          Gd148  (n,d    )  Eu147   1.93706E-09+- 3.47403E-07
    Gd148  (n,a    )  Sm145   1.66354E-03+- 5.92065E+01          Gd148  (n,2a   )  Nd141   1.72467E-11+- 2.56864E+01
    Gd148  (n,2a   )  Nd141m  3.42826E-12+- 9.75645E+00          Gd148  (n,pa   )  Pm144   4.30065E-11+- 5.04196E-01
    Gd149  (n,2n   )  Gd148   1.18666E-03+- 0.00000E+00          Gd149  (n,na   )  Sm145   1.23685E-05+- 1.25249E+01
    Gd149  (n,2na  )  Sm144   5.33619E-08+- 1.20668E-12          Gd149  (n,np   )  Eu148   1.41581E-09+- 0.00000E+00
    Gd149  (n,g    )  Gd150   2.50904E+01+- 1.48298E+02          Gd149  (n,p    )  Eu149   8.25909E-05+- 3.16764E+01
    Gd149  (n,d    )  Eu148   7.48436E-10+- 6.93531E-09          Gd149  (n,t    )  Eu147   8.93072E-12+- 1.09685E-08
    Gd149  (n,a    )  Sm146   3.25460E-02+- 5.99732E+01          Gd149  (n,2a   )  Nd142   4.96031E-09+- 1.36589E+02
    Gd149  (n,2p   )  Sm148   1.23669E-12+- 4.90827E-07          Gd149  (n,pa   )  Pm145   6.37317E-11+- 2.83537E-01
    Gd150  (n,2n   )  Gd149   2.23762E-04+- 0.00000E+00          Gd150  (n,na   )  Sm146   4.37352E-06+- 5.92114E+00
    Gd150  (n,np   )  Eu149   2.50971E-10+- 0.00000E+00          Gd150  (n,g    )  Gd151   4.63657E+00+- 4.61995E+02
    Gd150  (n,p    )  Eu150   3.75544E-06+- 9.95853E+00          Gd150  (n,p    )  Eu150m  1.97957E-06+- 1.90353E+01
    Gd150  (n,d    )  Eu149   1.68537E-10+- 4.34243E-10          Gd150  (n,a    )  Sm147   5.37808E-04+- 5.91680E+01
    Gd150  (n,2a   )  Nd143   4.12967E-11+- 2.46104E+01          Gd151  (n,2n   )  Gd150   2.16678E-03+- 0.00000E+00
    Gd151  (n,na   )  Sm147   2.60659E-06+- 5.13786E+00          Gd151  (n,2na  )  Sm146   8.24404E-06+- 6.27903E-14
    Gd151  (n,np   )  Eu150   3.16984E-11+- 0.00000E+00          Gd151  (n,np   )  Eu150m  2.29288E-11+- 0.00000E+00
    Gd151  (n,g    )  Gd152   7.82206E+01+- 9.61699E+01          Gd151  (n,p    )  Eu151   1.42804E-05+- 1.56693E+01
    Gd151  (n,d    )  Eu150   6.78276E-11+- 4.29785E-10          Gd151  (n,d    )  Eu150m  8.86530E-11+- 5.71581E-10
    Gd151  (n,t    )  Eu149   5.43710E-12+- 8.42701E-09          Gd151  (n,a    )  Sm148   7.82805E-03+- 5.99526E+01
    Gd151  (n,2a   )  Nd144   4.88035E-11+- 4.59893E+01          Gd152  (n,2n   )  Gd151   3.03670E-04+- 0.00000E+00
    Gd152  (n,na   )  Sm148   9.79216E-07+- 2.02007E+00          Gd152  (n,np   )  Eu151   1.49042E-12+- 0.00000E+00
    Gd152  (n,g    )  Gd153   9.38596E+01+- 2.22474E+01          Gd152  (n,p    )  Eu152   1.11517E-06+- 6.52549E+00
    Gd152  (n,p    )  Eu152m  4.31586E-07+- 9.30983E+00          Gd152  (n,p    )  Eu152n  1.37830E-07+- 6.52548E+00
    Gd152  (n,d    )  Eu151   1.48062E-11+- 4.40660E-10          Gd152  (n,a    )  Sm149   1.72616E-03+- 7.77117E+01
    Gd153  (n,2n   )  Gd152   4.88972E-03+- 0.00000E+00          Gd153  (n,na   )  Sm149   1.12773E-07+- 2.48528E+00
    Gd153  (n,g    )  Gd154   1.95586E+03+- 2.43229E+01          Gd153  (n,p    )  Eu153   6.37046E-06+- 9.77542E+00
    Gd153  (n,d    )  Eu152   9.41057E-12+- 3.80554E-09          Gd153  (n,d    )  Eu152n  1.16310E-12+- 5.44759E-08
    Gd153  (n,a    )  Sm150   1.63957E-03+- 4.28734E+01          Gd154  (n,2n   )  Gd153   2.32036E-04+- 0.00000E+00
    Gd154  (n,na   )  Sm150   1.30767E-08+- 1.23932E-01          Gd154  (n,g    )  Gd155   1.26093E+01+- 1.92762E+01
    Gd154  (n,p    )  Eu154   4.96317E-07+- 2.79844E+00          Gd154  (n,p    )  Eu154m  6.13426E-08+- 2.79844E+00
    Gd154  (n,d    )  Eu153   2.77796E-12+- 4.71382E-09          Gd154  (n,a    )  Sm151   8.87090E-05+- 6.18549E+01
    Gd155  (n,2n   )  Gd154   3.32544E-03+- 0.00000E+00          Gd155  (n,na   )  Sm151   6.54625E-10+- 5.97596E-02
    Gd155  (n,g    )  Gd156   2.27270E+03+- 7.09271E+00          Gd155  (n,p    )  Eu155   2.01325E-06+- 3.69130E+00
    Gd155  (n,d    )  Eu154   1.72367E-12+- 8.70568E-10          Gd155  (n,a    )  Sm152   3.88502E-06+- 5.64129E+01
    Gd156  (n,2n   )  Gd155   3.39642E-04+- 0.00000E+00          Gd156  (n,na   )  Sm152   3.64446E-10+- 9.13261E-03
    Gd156  (n,g    )  Gd157   3.16900E+00+- 1.43299E+01          Gd156  (n,p    )  Eu156   1.96051E-07+- 3.39693E+00
    Gd156  (n,a    )  Sm153   1.80207E-07+- 1.07405E+01          Gd157  (n,2n   )  Gd156   4.63718E-03+- 0.00000E+00
    Gd157  (n,na   )  Sm153   4.83501E-11+- 6.41688E-03          Gd157  (n,g    )  Gd158   9.65432E+03+- 8.43858E+00
    Gd157  (n,p    )  Eu157   2.52258E-07+- 7.47000E-02          Gd157  (n,a    )  Sm154   1.83887E-05+- 8.93601E+02
    Gd158  (n,2n   )  Gd157   1.03519E-03+- 0.00000E+00          Gd158  (n,na   )  Sm154   3.21654E-11+- 4.53939E-03
    Gd158  (n,g    )  Gd159   1.87432E+00+- 1.52736E+01          Gd158  (n,p    )  Eu158   1.19869E-06+- 1.23592E+01
    Gd158  (n,a    )  Sm155   6.16091E-08+- 5.31828E+00          Gd159  (n,2n   )  Gd158   1.10518E-02+- 1.67109E-02
    Gd159  (n,na   )  Sm155   9.56060E-12+- 7.60767E-03          Gd159  (n,g    )  Gd160   1.24608E+01+- 2.08340E+02
    Gd159  (n,p    )  Eu159   1.11430E-07+- 9.88550E-02          Gd159  (n,a    )  Sm156   8.18644E-08+- 1.81569E+01
    Gd160  (n,2n   )  Gd159   2.25809E-03+- 0.00000E+00          Gd160  (n,na   )  Sm156   3.45434E-12+- 1.33120E-03
    Gd160  (n,g    )  Gd161   3.29827E-01+- 3.17545E+01          Gd160  (n,p    )  Eu160   2.79418E-09+- 3.41238E-10
    Gd160  (n,a    )  Sm157   1.20726E-08+- 1.86699E+00          Tb151  (n,n    )  Tb151m  8.72942E-02+- 8.75565E+01
    Tb151  (n,2n   )  Tb150   8.90610E-05+- 0.00000E+00          Tb151  (n,2n   )  Tb150m  1.93598E-06+- 0.00000E+00
    Tb151  (n,na   )  Eu147   2.94999E-05+- 7.78557E+00          Tb151  (n,np   )  Gd150   1.43023E-05+- 5.91602E-02
    Tb151  (n,n2a  )  Pm143   1.02269E-12+- 2.06889E-02          Tb151  (n,g    )  Tb152   6.35237E+01+- 7.81024E+01
    Tb151  (n,g    )  Tb152m  1.03481E+00+- 7.81023E+01          Tb151  (n,p    )  Gd151   1.02451E-02+- 4.95242E+01
    Tb151  (n,d    )  Gd150   6.30383E-07+- 9.75726E-02          Tb151  (n,t    )  Gd149   3.15369E-10+- 7.82376E-08
    Tb151  (n,a    )  Eu148   1.37170E-02+- 5.98994E+01          Tb151  (n,2a   )  Pm144   1.53038E-09+- 5.75323E+01
    Tb151  (n,pa   )  Sm147   7.87071E-10+- 4.47291E+00          Tb152  (n,n    )  Tb152m  1.37763E-02+- 6.86429E+01
    Tb152  (n,2n   )  Tb151   1.61107E-03+- 0.00000E+00          Tb152  (n,2n   )  Tb151m  1.06733E-03+- 0.00000E+00
    Tb152  (n,na   )  Eu148   3.71194E-06+- 9.83298E+00          Tb152  (n,2na  )  Eu147   5.57781E-12+- 5.15720E+00
    Tb152  (n,np   )  Gd151   1.04104E-06+- 1.92486E-03          Tb152  (n,g    )  Tb153   3.25880E+02+- 9.40394E+01
    Tb152  (n,p    )  Gd152   6.91529E-01+- 4.99929E+01          Tb152  (n,d    )  Gd151   2.20368E-07+- 1.20132E-02
    Tb152  (n,t    )  Gd150   2.80284E-08+- 8.12067E-04          Tb152  (n,a    )  Eu149   1.72712E-01+- 5.99961E+01
    Tb152  (n,2a   )  Pm145   3.02217E-09+- 1.23553E+02          Tb152  (n,pa   )  Sm148   8.00327E-10+- 9.52749E+00
    Tb153  (n,2n   )  Tb152   7.60470E-05+- 0.00000E+00          Tb153  (n,2n   )  Tb152m  3.48679E-06+- 0.00000E+00
    Tb153  (n,na   )  Eu149   2.16987E-06+- 2.10866E+00          Tb153  (n,np   )  Gd152   7.73915E-07+- 2.45620E-04
    Tb153  (n,g    )  Tb154   9.30888E+01+- 7.81025E+01          Tb153  (n,g    )  Tb154m  2.07196E+02+- 7.81025E+01
    Tb153  (n,g    )  Tb154n  3.88035E+00+- 7.81025E+01          Tb153  (n,p    )  Gd153   1.50449E-04+- 4.12022E+01
    Tb153  (n,d    )  Gd152   2.00121E-07+- 1.03256E-02          Tb153  (n,t    )  Gd151   4.43748E-11+- 2.76639E-09
    Tb153  (n,a    )  Eu150   1.23169E-03+- 8.46349E+01          Tb153  (n,a    )  Eu150m  1.08705E-03+- 8.47706E+01
    Tb153  (n,2a   )  Pm146   1.51811E-11+- 2.04609E+01          Tb153  (n,pa   )  Sm149   1.51369E-12+- 2.33523E-01
    Tb154  (n,n    )  Tb154m  8.69049E-03+- 7.89296E+01          Tb154  (n,n    )  Tb154n  1.54098E-01+- 9.54326E+01
    Tb154  (n,2n   )  Tb153   4.88740E-03+- 0.00000E+00          Tb154  (n,na   )  Eu150   1.23498E-07+- 3.56839E+00
    Tb154  (n,na   )  Eu150m  1.41385E-07+- 5.29581E+00          Tb154  (n,np   )  Gd153   1.18212E-07+- 9.11363E-07
    Tb154  (n,g    )  Tb155   4.75080E+02+- 9.38922E+01          Tb154  (n,p    )  Gd154   5.59638E-02+- 4.99563E+01
    Tb154  (n,d    )  Gd153   4.01896E-08+- 1.35502E-03          Tb154  (n,t    )  Gd152   9.33775E-09+- 3.61958E-05
    Tb154  (n,a    )  Eu151   1.53205E-02+- 5.99853E+01          Tb154  (n,2a   )  Pm147   1.31764E-11+- 1.83013E+01
    Tb154  (n,pa   )  Sm150   4.02896E-12+- 1.13270E+00          Tb154m (n,2n   )  Tb153   3.90125E-03+- 0.00000E+00
    Tb154m (n,na   )  Eu150   6.54742E-07+- 5.21930E+00          Tb154m (n,na   )  Eu150m  2.39296E-07+- 7.09560E+00
    Tb154m (n,np   )  Gd153   1.82139E-07+- 2.84907E-05          Tb154m (n,g    )  Tb155   1.07328E+03+- 9.01576E+01
    Tb154m (n,p    )  Gd154   1.47320E-02+- 4.99032E+01          Tb154m (n,d    )  Gd153   1.29543E-06+- 4.62688E-03
    Tb154m (n,t    )  Gd152   1.19478E-07+- 2.98119E-06          Tb154m (n,a    )  Eu151   1.51312E-02+- 5.99776E+01
    Tb154m (n,2a   )  Pm147   9.84583E-11+- 2.77839E+01          Tb154m (n,pa   )  Sm150   5.77980E-12+- 1.15125E+00
    Tb154n (n,n    )  Tb154   1.19879E+01+- 9.98837E+01          Tb154n (n,n    )  Tb154m  3.86093E-02+- 9.37360E+01
    Tb154n (n,2n   )  Tb153   6.97948E-03+- 0.00000E+00          Tb154n (n,na   )  Eu150   5.67314E-07+- 8.79158E+00
    Tb154n (n,na   )  Eu150m  4.68878E-07+- 1.31372E+01          Tb154n (n,np   )  Gd153   3.16561E-07+- 2.18562E-04
    Tb154n (n,g    )  Tb155   1.10517E+03+- 9.03765E+01          Tb154n (n,p    )  Gd154   1.53315E-01+- 4.99899E+01
    Tb154n (n,d    )  Gd153   1.49921E-06+- 8.39737E-03          Tb154n (n,t    )  Gd152   1.54917E-07+- 1.52297E-05
    Tb154n (n,a    )  Eu151   4.97094E-02+- 5.99923E+01          Tb154n (n,2a   )  Pm147   1.25094E-10+- 3.13866E+01
    Tb154n (n,pa   )  Sm150   1.44597E-11+- 1.76332E+00          Tb155  (n,2n   )  Tb154   1.35793E-05+- 0.00000E+00
    Tb155  (n,2n   )  Tb154m  5.15131E-05+- 0.00000E+00          Tb155  (n,2n   )  Tb154n  1.09610E-05+- 0.00000E+00
    Tb155  (n,na   )  Eu151   3.15996E-08+- 1.03362E-01          Tb155  (n,np   )  Gd154   4.62226E-08+- 2.96815E-09
    Tb155  (n,g    )  Tb156   9.59107E+01+- 7.81025E+01          Tb155  (n,g    )  Tb156m  3.99936E+00+- 7.81024E+01
    Tb155  (n,g    )  Tb156n  6.94462E+01+- 7.81025E+01          Tb155  (n,p    )  Gd155   1.44198E-05+- 1.99979E+01
    Tb155  (n,d    )  Gd154   2.80630E-08+- 2.66186E-04          Tb155  (n,a    )  Eu152   1.21534E-05+- 8.14039E+01
    Tb155  (n,a    )  Eu152m  8.90222E-06+- 8.34704E+01          Tb155  (n,a    )  Eu152n  1.50211E-06+- 8.14039E+01
    Tb156  (n,n    )  Tb156m  3.19496E-02+- 9.80559E+01          Tb156  (n,n    )  Tb156n  3.19496E-02+- 9.80559E+01
    Tb156  (n,2n   )  Tb155   3.40941E-03+- 0.00000E+00          Tb156  (n,na   )  Eu152   9.76440E-10+- 1.06607E-01
    Tb156  (n,na   )  Eu152m  2.81888E-11+- 1.60316E-01          Tb156  (n,na   )  Eu152n  3.79726E-10+- 1.06606E-01
    Tb156  (n,np   )  Gd155   4.72154E-09+- 2.70776E-10          Tb156  (n,g    )  Tb157   3.63052E+02+- 9.38667E+01
    Tb156  (n,p    )  Gd156   1.24646E-03+- 4.92355E+01          Tb156  (n,d    )  Gd155   1.02752E-08+- 7.55438E-06
    Tb156  (n,t    )  Gd154   5.93280E-10+- 5.73624E-08          Tb156  (n,a    )  Eu153   7.79196E-04+- 5.99263E+01
    Tb156m (n,n    )  Tb156   3.88845E-01+- 9.41290E+01          Tb156m (n,n    )  Tb156n  3.88842E-01+- 9.41290E+01
    Tb156m (n,2n   )  Tb155   3.20760E-03+- 0.00000E+00          Tb156m (n,na   )  Eu152   6.27344E-10+- 5.40575E-02
    Tb156m (n,na   )  Eu152m  2.70515E-11+- 8.44734E-02          Tb156m (n,na   )  Eu152n  2.43966E-10+- 5.40576E-02
    Tb156m (n,np   )  Gd155   6.50877E-09+- 1.52918E-09          Tb156m (n,g    )  Tb157   6.06924E+02+- 7.96784E+01
    Tb156m (n,p    )  Gd156   5.20070E-04+- 4.88943E+01          Tb156m (n,d    )  Gd155   9.32230E-09+- 2.78977E-05
    Tb156m (n,t    )  Gd154   2.25130E-10+- 2.26813E-08          Tb156m (n,a    )  Eu153   1.92754E-04+- 5.96931E+01
    Tb156n (n,n    )  Tb156   2.65818E+00+- 9.92208E+01          Tb156n (n,n    )  Tb156m  1.38548E-03+- 8.84558E+01
    Tb156n (n,2n   )  Tb155   2.81660E-03+- 0.00000E+00          Tb156n (n,na   )  Eu152   3.70883E-10+- 9.51875E-02
    Tb156n (n,na   )  Eu152m  8.06524E-12+- 9.82858E-02          Tb156n (n,na   )  Eu152n  1.44233E-10+- 9.51873E-02
    Tb156n (n,np   )  Gd155   5.56990E-09+- 1.40519E-11          Tb156n (n,g    )  Tb157   3.63052E+02+- 9.38667E+01
    Tb156n (n,p    )  Gd156   6.17971E-05+- 4.28774E+01          Tb156n (n,d    )  Gd155   1.48758E-07+- 2.92342E-05
    Tb156n (n,t    )  Gd154   5.44411E-09+- 2.54793E-09          Tb156n (n,a    )  Eu153   3.80390E-05+- 5.90873E+01
    Tb157  (n,2n   )  Tb156   9.83243E-05+- 0.00000E+00          Tb157  (n,2n   )  Tb156m  1.13602E-04+- 0.00000E+00
    Tb157  (n,2n   )  Tb156n  1.63196E-05+- 0.00000E+00          Tb157  (n,na   )  Eu153   2.13473E-09+- 1.63842E-02
    Tb157  (n,np   )  Gd156   2.55063E-09+- 1.16247E-10          Tb157  (n,g    )  Tb158   8.95954E+01+- 7.81025E+01
    Tb157  (n,g    )  Tb158m  6.48747E+01+- 7.81025E+01          Tb157  (n,p    )  Gd157   3.34401E-06+- 7.19423E+00
    Tb157  (n,d    )  Gd156   4.30958E-09+- 3.21371E-06          Tb157  (n,a    )  Eu154   8.69259E-07+- 6.43398E+01
    Tb157  (n,a    )  Eu154m  1.07437E-07+- 6.43398E+01          Tb158  (n,n    )  Tb158m  8.79981E-02+- 9.89525E+01
    Tb158  (n,2n   )  Tb157   4.49749E-03+- 0.00000E+00          Tb158  (n,na   )  Eu154   1.68553E-10+- 2.22172E-02
    Tb158  (n,na   )  Eu154m  6.55497E-11+- 2.43122E-02          Tb158  (n,np   )  Gd157   1.72678E-10+- 4.60542E-12
    Tb158  (n,g    )  Tb159   1.47902E+02+- 9.43093E+01          Tb158  (n,p    )  Gd158   9.09792E-06+- 9.12347E+00
    Tb158  (n,d    )  Gd157   1.80327E-09+- 2.46534E-08          Tb158  (n,t    )  Gd156   8.98167E-11+- 3.58862E-10
    Tb158  (n,a    )  Eu155   3.01247E-05+- 5.93422E+01          Tb159  (n,2n   )  Tb158   4.66697E-04+- 0.00000E+00
    Tb159  (n,2n   )  Tb158m  2.26736E-04+- 0.00000E+00          Tb159  (n,na   )  Eu155   3.20336E-10+- 1.00784E-02
    Tb159  (n,np   )  Gd158   4.31389E-11+- 0.00000E+00          Tb159  (n,g    )  Tb160   1.30065E+01+- 1.05491E+01
    Tb159  (n,p    )  Gd159   1.22855E-06+- 3.57936E+00          Tb159  (n,d    )  Gd158   5.83405E-10+- 4.80551E-09
    Tb159  (n,a    )  Eu156   8.94478E-08+- 7.63947E+00          Tb160  (n,2n   )  Tb159   6.27851E-03+- 0.00000E+00
    Tb160  (n,na   )  Eu156   5.37243E-11+- 2.14193E-02          Tb160  (n,np   )  Gd159   3.49764E-12+- 0.00000E+00
    Tb160  (n,g    )  Tb161   8.00826E+01+- 5.12533E+01          Tb160  (n,p    )  Gd160   2.40994E-06+- 3.09622E+00
    Tb160  (n,d    )  Gd159   1.17655E-10+- 8.19242E-10          Tb160  (n,t    )  Gd158   4.40017E-11+- 3.80085E-10
    Tb160  (n,a    )  Eu157   2.18878E-06+- 5.64718E+01          Tb161  (n,2n   )  Tb160   2.19262E-03+- 0.00000E+00
    Tb161  (n,na   )  Eu157   4.02434E-11+- 6.99768E-03          Tb161  (n,g    )  Tb162   3.31112E+01+- 1.23669E+02
    Tb161  (n,p    )  Gd161   2.09510E-07+- 2.31728E-01          Tb161  (n,d    )  Gd160   5.26631E-11+- 6.19327E-10
    Tb161  (n,a    )  Eu158   4.30182E-08+- 1.05585E+01          Dy153  (n,2n   )  Dy152   9.21666E-04+- 0.00000E+00
    Dy153  (n,na   )  Gd149   2.36892E-05+- 1.33222E+01          Dy153  (n,2na  )  Gd148   8.68888E-07+- 1.09222E-08
    Dy153  (n,np   )  Tb152   4.65331E-09+- 5.48384E-11          Dy153  (n,np   )  Tb152m  1.80962E-09+- 0.00000E+00
    Dy153  (n,n2a  )  Sm145   1.06813E-12+- 5.54142E-02          Dy153  (n,g    )  Dy154   4.69199E+02+- 8.48771E+01
    Dy153  (n,p    )  Tb153   3.83751E-03+- 4.90944E+01          Dy153  (n,d    )  Tb152   1.82638E-09+- 2.59352E-07
    Dy153  (n,d    )  Tb152m  2.25731E-10+- 2.59970E-07          Dy153  (n,t    )  Tb151   3.85910E-12+- 2.67547E-09
    Dy153  (n,t    )  Tb151m  2.07083E-12+- 5.85992E-09          Dy153  (n,a    )  Gd150   9.53806E-02+- 5.99870E+01
    Dy153  (n,2a   )  Sm146   1.29868E-07+- 1.94273E+02          Dy153  (n,2p   )  Gd152   4.75878E-11+- 6.85497E-04
    Dy153  (n,pa   )  Eu149   2.23400E-10+- 1.02220E+00          Dy154  (n,2n   )  Dy153   2.65688E-05+- 0.00000E+00
    Dy154  (n,na   )  Gd150   2.12631E-06+- 3.71929E+00          Dy154  (n,np   )  Tb153   1.60641E-09+- 0.00000E+00
    Dy154  (n,g    )  Dy155   1.91109E+01+- 2.26705E+02          Dy154  (n,p    )  Tb154   9.33460E-06+- 3.11107E+01
    Dy154  (n,p    )  Tb154m  1.89521E-05+- 3.11107E+01          Dy154  (n,p    )  Tb154n  2.63284E-06+- 3.11107E+01
    Dy154  (n,d    )  Tb153   3.48382E-10+- 7.95510E-10          Dy154  (n,a    )  Gd151   1.21154E-03+- 5.95970E+01
    Dy154  (n,2a   )  Sm147   8.95976E-11+- 2.19047E+01          Dy155  (n,2n   )  Dy154   2.40435E-03+- 0.00000E+00
    Dy155  (n,na   )  Gd151   1.14707E-06+- 2.80276E+00          Dy155  (n,np   )  Tb154   2.39425E-10+- 0.00000E+00
    Dy155  (n,np   )  Tb154m  7.18276E-10+- 0.00000E+00          Dy155  (n,np   )  Tb154n  1.53075E-10+- 0.00000E+00
    Dy155  (n,g    )  Dy156   2.20646E+02+- 9.37796E+01          Dy155  (n,p    )  Tb155   1.06489E-03+- 4.86685E+01
    Dy155  (n,d    )  Tb154   1.11755E-10+- 2.12794E-10          Dy155  (n,d    )  Tb154m  2.26897E-10+- 3.95168E-09
    Dy155  (n,d    )  Tb154n  3.15207E-11+- 3.95168E-09          Dy155  (n,t    )  Tb153   1.83568E-12+- 1.03547E-08
    Dy155  (n,a    )  Gd152   2.03589E-02+- 5.99786E+01          Dy155  (n,2a   )  Sm148   8.84172E-11+- 4.52871E+01
    Dy155  (n,2p   )  Gd154   1.11068E-12+- 2.54858E-06          Dy155  (n,pa   )  Eu151   1.78598E-12+- 3.47708E-02
    Dy156  (n,2n   )  Dy155   1.78296E-05+- 0.00000E+00          Dy156  (n,na   )  Gd152   9.65083E-08+- 5.25507E-01
    Dy156  (n,np   )  Tb155   2.40038E-10+- 0.00000E+00          Dy156  (n,g    )  Dy157   2.75125E+01+- 9.76891E+00
    Dy156  (n,p    )  Tb156   3.42601E-06+- 1.24438E+01          Dy156  (n,p    )  Tb156m  1.86537E-06+- 1.87085E+01
    Dy156  (n,p    )  Tb156n  8.03632E-07+- 1.24438E+01          Dy156  (n,d    )  Tb155   1.01198E-10+- 1.59500E-10
    Dy156  (n,a    )  Gd153   7.50089E-03+- 9.19775E+01          Dy157  (n,2n   )  Dy156   2.56301E-03+- 0.00000E+00
    Dy157  (n,na   )  Gd153   2.48503E-08+- 2.11533E-01          Dy157  (n,np   )  Tb156   4.26267E-11+- 0.00000E+00
    Dy157  (n,np   )  Tb156m  2.24051E-12+- 0.00000E+00          Dy157  (n,np   )  Tb156n  6.93923E-12+- 0.00000E+00
    Dy157  (n,g    )  Dy158   1.03943E+02+- 9.69651E+01          Dy157  (n,p    )  Tb157   1.67359E-05+- 2.05932E+01
    Dy157  (n,d    )  Tb156   4.15982E-11+- 3.11883E-10          Dy157  (n,d    )  Tb156m  1.21956E-12+- 9.65632E-09
    Dy157  (n,d    )  Tb156n  9.75760E-12+- 5.38457E-09          Dy157  (n,a    )  Gd154   1.50738E-03+- 5.99117E+01
    Dy158  (n,2n   )  Dy157   1.21342E-04+- 0.00000E+00          Dy158  (n,na   )  Gd154   1.12073E-08+- 1.02647E-01
    Dy158  (n,np   )  Tb157   1.04115E-11+- 0.00000E+00          Dy158  (n,g    )  Dy159   7.99222E+00+- 3.44823E+01
    Dy158  (n,p    )  Tb158   1.44333E-06+- 7.08916E+00          Dy158  (n,p    )  Tb158m  5.62120E-07+- 1.00241E+01
    Dy158  (n,d    )  Tb157   4.35331E-11+- 1.79011E-10          Dy158  (n,a    )  Gd155   1.10462E-03+- 7.38815E+01
    Dy159  (n,2n   )  Dy158   3.87847E-03+- 0.00000E+00          Dy159  (n,na   )  Gd155   3.00828E-09+- 8.84407E-02
    Dy159  (n,np   )  Tb158   3.70821E-12+- 0.00000E+00          Dy159  (n,g    )  Dy160   1.75002E+03+- 6.26437E+01
    Dy159  (n,p    )  Tb159   4.16646E-06+- 7.58616E+00          Dy159  (n,d    )  Tb158   3.90159E-11+- 3.04986E-10
    Dy159  (n,d    )  Tb158m  3.06867E-12+- 1.24826E-08          Dy159  (n,a    )  Gd156   4.98501E-04+- 5.99016E+01
    Dy160  (n,2n   )  Dy159   4.39058E-04+- 0.00000E+00          Dy160  (n,na   )  Gd156   1.76865E-09+- 4.08759E-02
    Dy160  (n,g    )  Dy161   4.63542E+01+- 4.36721E+01          Dy160  (n,p    )  Tb160   7.55033E-07+- 1.44954E+00
    Dy160  (n,d    )  Tb159   5.10135E-12+- 1.44560E-09          Dy160  (n,a    )  Gd157   1.80625E-04+- 9.39223E+01
    Dy161  (n,2n   )  Dy160   5.77014E-03+- 0.00000E+00          Dy161  (n,na   )  Gd157   5.63007E-10+- 1.06153E-01
    Dy161  (n,g    )  Dy162   6.87765E+01+- 8.39181E+00          Dy161  (n,p    )  Tb161   9.77068E-07+- 1.71079E+00
    Dy161  (n,d    )  Tb160   4.44241E-12+- 1.01155E-09          Dy161  (n,a    )  Gd158   3.98162E-06+- 6.75401E+01
    Dy162  (n,2n   )  Dy161   1.30131E-03+- 0.00000E+00          Dy162  (n,na   )  Gd158   4.11371E-10+- 3.12022E-02
    Dy162  (n,g    )  Dy163   7.31619E+01+- 1.10996E+01          Dy162  (n,p    )  Tb162   2.02615E-07+- 8.76019E-01
    Dy162  (n,a    )  Gd159   1.89763E-07+- 1.19994E+01          Dy163  (n,2n   )  Dy162   7.63007E-03+- 0.00000E+00
    Dy163  (n,na   )  Gd159   4.21309E-11+- 2.22984E-02          Dy163  (n,g    )  Dy164   4.71851E+01+- 2.13466E+01
    Dy163  (n,p    )  Tb163   2.49607E-07+- 2.13173E-01          Dy163  (n,a    )  Gd160   7.03812E-06+- 8.77468E+01
    Dy164  (n,2n   )  Dy163   2.54735E-03+- 0.00000E+00          Dy164  (n,na   )  Gd160   2.26398E-11+- 9.99568E-03
    Dy164  (n,g    )  Dy165   6.40307E+01+- 1.46432E+01          Dy164  (n,g    )  Dy165m  1.08851E+02+- 1.84239E+01
    Dy164  (n,p    )  Tb164   2.05027E-08+- 1.04865E+00          Dy164  (n,a    )  Gd161   2.25962E-08+- 5.82362E+00
    Dy165  (n,n    )  Dy165m  2.81081E-01+- 9.86953E+01          Dy165  (n,2n   )  Dy164   1.28455E-02+- 1.99394E-01
    Dy165  (n,na   )  Gd161   4.83695E-12+- 9.63081E-03          Dy165  (n,g    )  Dy166   7.61263E+02+- 1.04404E+01
    Dy165  (n,p    )  Tb165   5.86892E-08+- 1.59931E-02          Dy165  (n,a    )  Gd162   7.81834E-08+- 3.56422E+01
    Dy166  (n,2n   )  Dy165   3.84275E-03+- 0.00000E+00          Dy166  (n,2n   )  Dy165m  1.57527E-03+- 0.00000E+00
    Dy166  (n,na   )  Gd162   2.96180E-12+- 1.43905E-02          Dy166  (n,g    )  Dy167   1.64068E+00+- 6.30745E+02
    Dy166  (n,p    )  Tb166   9.08424E-10+- 3.14129E-06          Dy166  (n,a    )  Gd163   8.99302E-09+- 4.29166E+00
    Ho163  (n,n    )  Ho163m  2.57658E-01+- 9.76641E+01          Ho163  (n,2n   )  Ho162   2.99149E-04+- 0.00000E+00
    Ho163  (n,2n   )  Ho162m  1.62660E-04+- 0.00000E+00          Ho163  (n,na   )  Tb159   2.55174E-09+- 4.73221E-02
    Ho163  (n,np   )  Dy162   5.94790E-10+- 2.20229E-10          Ho163  (n,g    )  Ho164   3.57928E+01+- 7.81025E+01
    Ho163  (n,g    )  Ho164m  3.80265E+00+- 7.81024E+01          Ho163  (n,p    )  Dy163   2.22156E-06+- 4.74464E+00
    Ho163  (n,d    )  Dy162   3.81081E-09+- 1.11877E-06          Ho163  (n,a    )  Tb160   1.94615E-06+- 5.37000E+01
    Ho164  (n,n    )  Ho164m  7.97025E-02+- 9.18304E+01          Ho164  (n,2n   )  Ho163   4.99877E-03+- 0.00000E+00
    Ho164  (n,2n   )  Ho163m  1.14736E-03+- 0.00000E+00          Ho164  (n,na   )  Tb160   3.80117E-10+- 1.66040E-01
    Ho164  (n,np   )  Dy163   8.03662E-11+- 7.39757E-11          Ho164  (n,g    )  Ho165   2.78107E+01+- 7.85756E+02
    Ho164  (n,p    )  Dy164   5.63202E-06+- 6.65182E+00          Ho164  (n,d    )  Dy163   1.14963E-09+- 1.75883E-08
    Ho164  (n,t    )  Dy162   8.54056E-11+- 1.71353E-09          Ho164  (n,a    )  Tb161   1.25581E-05+- 5.88927E+01
    Ho164m (n,n    )  Ho164   5.18027E-01+- 9.83419E+01          Ho164m (n,2n   )  Ho163   5.85103E-03+- 0.00000E+00
    Ho164m (n,2n   )  Ho163m  4.08948E-04+- 0.00000E+00          Ho164m (n,na   )  Tb160   4.60886E-10+- 3.08188E-01
    Ho164m (n,np   )  Dy163   8.39447E-11+- 2.79998E-11          Ho164m (n,g    )  Ho165   2.87824E+01+- 7.80232E+02
    Ho164m (n,p    )  Dy164   3.04618E-06+- 3.89543E+00          Ho164m (n,d    )  Dy163   1.12508E-09+- 2.12880E-08
    Ho164m (n,t    )  Dy162   2.10952E-11+- 1.46000E-09          Ho164m (n,a    )  Tb161   1.42704E-05+- 5.90465E+01
    Ho165  (n,2n   )  Ho164   3.91043E-04+- 0.00000E+00          Ho165  (n,2n   )  Ho164m  3.91681E-04+- 0.00000E+00
    Ho165  (n,na   )  Tb161   2.31919E-10+- 1.20657E-02          Ho165  (n,np   )  Dy164   1.00004E-11+- 0.00000E+00
    Ho165  (n,g    )  Ho166   2.06308E+01+- 8.44321E+00          Ho165  (n,g    )  Ho166m  1.07908E+00+- 8.16239E+01
    Ho165  (n,p    )  Dy165   5.09740E-07+- 8.64663E-01          Ho165  (n,p    )  Dy165m  1.80161E-07+- 7.46396E-01
    Ho165  (n,d    )  Dy164   2.98206E-10+- 4.92519E-10          Ho165  (n,a    )  Tb162   6.38841E-06+- 7.93795E+01
    Ho166  (n,n    )  Ho166m  2.48612E-02+- 8.43475E+01          Ho166  (n,2n   )  Ho165   8.31588E-03+- 0.00000E+00
    Ho166  (n,na   )  Tb162   3.77300E-11+- 7.14232E-02          Ho166  (n,g    )  Ho167   1.86975E+01+- 1.90130E+02
    Ho166  (n,p    )  Dy166   1.15064E-06+- 1.38320E+00          Ho166  (n,d    )  Dy165   3.58221E-11+- 9.96131E-10
    Ho166  (n,d    )  Dy165m  1.79803E-11+- 9.13806E-10          Ho166  (n,t    )  Dy164   2.42804E-11+- 2.68171E-10
    Ho166  (n,a    )  Tb163   1.18999E-06+- 5.61352E+01          Ho166m (n,n    )  Ho166   3.82728E-01+- 9.83047E+01
    Ho166m (n,2n   )  Ho165   8.25506E-03+- 0.00000E+00          Ho166m (n,na   )  Tb162   3.91782E-11+- 1.68402E-01
    Ho166m (n,g    )  Ho167   7.25334E+02+- 6.67269E+01          Ho166m (n,p    )  Dy166   4.70016E-07+- 4.05360E-01
    Ho166m (n,d    )  Dy165   3.48711E-11+- 1.79272E-09          Ho166m (n,d    )  Dy165m  8.02752E-12+- 1.84535E-09
    Ho166m (n,t    )  Dy164   3.63105E-12+- 7.99468E-09          Ho166m (n,a    )  Tb163   1.59625E-06+- 5.75554E+01
    Er160  (n,2n   )  Er159   5.57896E-06+- 0.00000E+00          Er160  (n,na   )  Dy156   1.72402E-07+- 9.60542E-01
    Er160  (n,np   )  Ho159   3.41346E-09+- 1.35831E-12          Er160  (n,np   )  Ho159m  6.67871E-10+- 0.00000E+00
    Er160  (n,g    )  Er161   1.26105E+02+- 9.91508E+01          Er160  (n,p    )  Ho160   1.01248E-05+- 2.63517E+01
    Er160  (n,p    )  Ho160m  2.57853E-05+- 3.94394E+01          Er160  (n,p    )  Ho160n  5.32885E-07+- 2.63517E+01
    Er160  (n,d    )  Ho159   5.57325E-10+- 2.83712E-08          Er160  (n,d    )  Ho159m  7.98993E-11+- 1.08188E-08
    Er160  (n,a    )  Dy157   3.65795E-04+- 5.93839E+01          Er161  (n,2n   )  Er160   1.85283E-03+- 0.00000E+00
    Er161  (n,na   )  Dy157   1.30009E-07+- 6.36943E-01          Er161  (n,np   )  Ho160   1.28811E-10+- 0.00000E+00
    Er161  (n,np   )  Ho160m  9.92357E-11+- 0.00000E+00          Er161  (n,np   )  Ho160n  3.02150E-11+- 0.00000E+00
    Er161  (n,g    )  Er162   2.01578E+02+- 9.38227E+01          Er161  (n,p    )  Ho161   5.48326E-05+- 6.02328E+01
    Er161  (n,p    )  Ho161m  1.09791E-04+- 7.29861E+01          Er161  (n,d    )  Ho160   8.10138E-11+- 3.71941E-09
    Er161  (n,d    )  Ho160m  4.18552E-11+- 1.39540E-08          Er161  (n,d    )  Ho160n  4.26388E-12+- 1.81822E-08
    Er161  (n,a    )  Dy158   5.27104E-03+- 5.99585E+01          Er162  (n,2n   )  Er161   1.42815E-04+- 0.00000E+00
    Er162  (n,na   )  Dy158   4.43652E-08+- 4.32706E-01          Er162  (n,np   )  Ho161   1.66353E-10+- 0.00000E+00
    Er162  (n,np   )  Ho161m  3.54760E-11+- 0.00000E+00          Er162  (n,g    )  Er163   1.38003E+01+- 1.07637E+01
    Er162  (n,p    )  Ho162   4.85580E-06+- 2.03650E+01          Er162  (n,p    )  Ho162m  1.06441E-06+- 1.08748E+01
    Er162  (n,d    )  Ho161   1.14694E-10+- 6.49931E-10          Er162  (n,d    )  Ho161m  4.79220E-11+- 1.97689E-09
    Er162  (n,a    )  Dy159   6.93543E-03+- 8.93719E+01          Er164  (n,2n   )  Er163   1.65783E-04+- 0.00000E+00
    Er164  (n,na   )  Dy160   1.82856E-08+- 2.56325E-01          Er164  (n,np   )  Ho163   6.31685E-12+- 0.00000E+00
    Er164  (n,g    )  Er165   4.85469E+00+- 2.97008E+01          Er164  (n,p    )  Ho164   8.33035E-07+- 6.20956E+00
    Er164  (n,p    )  Ho164m  2.38575E-07+- 3.27047E+00          Er164  (n,d    )  Ho163   2.35159E-11+- 5.96650E-10
    Er164  (n,d    )  Ho163m  6.28895E-12+- 7.25167E-09          Er164  (n,a    )  Dy161   4.00494E-04+- 8.11957E+01
    Er165  (n,2n   )  Er164   4.77026E-03+- 0.00000E+00          Er165  (n,na   )  Dy161   6.92960E-09+- 3.82344E-01
    Er165  (n,np   )  Ho164   2.60713E-12+- 0.00000E+00          Er165  (n,g    )  Er166   2.60566E+01+- 1.63430E+02
    Er165  (n,p    )  Ho165   3.27900E-06+- 6.83711E+00          Er165  (n,d    )  Ho164   2.64193E-11+- 1.21902E-09
    Er165  (n,d    )  Ho164m  7.43153E-12+- 6.06901E-09          Er165  (n,a    )  Dy162   1.28739E-04+- 7.23141E+01
    Er166  (n,2n   )  Er165   5.68049E-04+- 0.00000E+00          Er166  (n,na   )  Dy162   3.71629E-09+- 1.55022E-01
    Er166  (n,g    )  Er167   1.11374E+00+- 3.91652E+01          Er166  (n,g    )  Er167m  3.33512E+00+- 3.74055E+01
    Er166  (n,p    )  Ho166   3.39037E-07+- 7.92794E-01          Er166  (n,p    )  Ho166m  2.76799E-08+- 2.34457E-01
    Er166  (n,d    )  Ho165   3.29194E-12+- 7.09804E-09          Er166  (n,a    )  Dy163   1.27961E-05+- 7.01670E+01
    Er167  (n,n    )  Er167m  2.10368E-01+- 4.89071E+01          Er167  (n,2n   )  Er166   5.80908E-03+- 0.00000E+00
    Er167  (n,na   )  Dy163   7.69379E-10+- 1.45197E-01          Er167  (n,g    )  Er168   1.98713E+02+- 1.26415E+01
    Er167  (n,p    )  Ho167   3.53433E-07+- 4.09745E-01          Er167  (n,d    )  Ho166   1.27726E-12+- 4.12265E-09
    Er167  (n,a    )  Dy164   2.09169E-05+- 9.28855E+01          Er168  (n,2n   )  Er167   1.52889E-03+- 0.00000E+00
    Er168  (n,2n   )  Er167m  6.39380E-04+- 0.00000E+00          Er168  (n,na   )  Dy164   6.81744E-10+- 1.09692E-01
    Er168  (n,g    )  Er169   1.38466E+00+- 1.16525E+01          Er168  (n,p    )  Ho168   4.82230E-08+- 1.01499E+00
    Er168  (n,p    )  Ho168m  3.28070E-08+- 7.14951E+00          Er168  (n,a    )  Dy165   1.86081E-05+- 8.52401E+01
    Er168  (n,a    )  Dy165m  1.03540E-05+- 7.34351E+01          Er169  (n,2n   )  Er168   1.17052E-02+- 1.75571E-03
    Er169  (n,na   )  Dy165   5.11245E-11+- 3.01357E-01          Er169  (n,na   )  Dy165m  1.83493E-11+- 3.46912E-01
    Er169  (n,g    )  Er170   6.30295E+00+- 3.38018E+02          Er169  (n,p    )  Ho169   1.29896E-07+- 1.21168E-01
    Er169  (n,a    )  Dy166   8.53172E-07+- 2.73990E+01          Er170  (n,2n   )  Er169   3.15619E-03+- 0.00000E+00
    Er170  (n,na   )  Dy166   3.67434E-11+- 5.80610E-02          Er170  (n,g    )  Er171   1.78398E+00+- 5.88292E+01
    Er170  (n,p    )  Ho170   6.69411E-09+- 3.40713E-01          Er170  (n,p    )  Ho170m  6.69411E-09+- 3.40713E-01
    Er170  (n,t    )  Ho168m  1.48271E-11+- 0.00000E+00          Er170  (n,a    )  Dy167   6.74555E-09+- 1.74678E+00
    Er171  (n,2n   )  Er170   1.46817E-02+- 3.55172E-01          Er171  (n,na   )  Dy167   9.90406E-12+- 3.44383E-02
    Er171  (n,g    )  Er172   2.61176E+01+- 1.07343E+02          Er171  (n,p    )  Ho171   3.12958E-08+- 6.92195E-03
    Er171  (n,a    )  Dy168   3.36628E-08+- 1.75193E+01          Er172  (n,2n   )  Er171   6.86650E-03+- 0.00000E+00
    Er172  (n,na   )  Dy168   3.44846E-12+- 5.23668E-02          Er172  (n,g    )  Er173   1.23333E+00+- 7.59664E+02
    Er172  (n,p    )  Ho172   3.37038E-10+- 1.18650E-07          Er172  (n,a    )  Dy169   8.57358E-09+- 7.51610E+00
    Tm165  (n,2n   )  Tm164   2.73152E-05+- 0.00000E+00          Tm165  (n,2n   )  Tm164m  3.80581E-05+- 0.00000E+00
    Tm165  (n,na   )  Ho161   6.13288E-08+- 3.99601E-01          Tm165  (n,na   )  Ho161m  2.87493E-08+- 3.59495E-01
    Tm165  (n,np   )  Er164   1.55192E-07+- 2.51882E-06          Tm165  (n,g    )  Tm166   4.64483E+01+- 1.23534E+02
    Tm165  (n,p    )  Er165   2.33837E-05+- 2.51681E+01          Tm165  (n,d    )  Er164   3.73646E-08+- 1.92525E-03
    Tm165  (n,t    )  Er163   1.02291E-12+- 1.63730E-08          Tm165  (n,a    )  Ho162   1.67133E-04+- 8.43199E+01
    Tm165  (n,a    )  Ho162m  9.45800E-06+- 8.18577E+01          Tm166  (n,2n   )  Tm165   4.06042E-03+- 0.00000E+00
    Tm166  (n,na   )  Ho162   8.27119E-09+- 1.32369E+00          Tm166  (n,na   )  Ho162m  5.18608E-09+- 7.75377E-01
    Tm166  (n,np   )  Er165   2.00854E-08+- 6.57259E-08          Tm166  (n,g    )  Tm167   1.55284E+02+- 9.41268E+01
    Tm166  (n,p    )  Er166   3.22474E-03+- 4.96476E+01          Tm166  (n,d    )  Er165   1.74359E-08+- 3.24049E-04
    Tm166  (n,t    )  Er164   8.71978E-10+- 6.75396E-07          Tm166  (n,a    )  Ho163   1.34241E-03+- 8.47948E+01
    Tm166  (n,a    )  Ho163m  1.66811E-03+- 8.48269E+01          Tm167  (n,2n   )  Tm166   9.08652E-05+- 0.00000E+00
    Tm167  (n,na   )  Ho163   1.95402E-08+- 1.58437E-01          Tm167  (n,na   )  Ho163m  6.04508E-09+- 1.16735E-01
    Tm167  (n,np   )  Er166   1.80058E-08+- 1.37142E-10          Tm167  (n,g    )  Tm168   3.27597E+01+- 1.36080E+02
    Tm167  (n,p    )  Er167   3.25574E-06+- 1.39681E+01          Tm167  (n,p    )  Er167m  1.85981E-06+- 1.81689E+01
    Tm167  (n,d    )  Er166   1.02287E-08+- 4.52713E-05          Tm167  (n,a    )  Ho164   7.96697E-06+- 8.14848E+01
    Tm167  (n,a    )  Ho164m  7.33328E-07+- 7.15629E+01          Tm168  (n,2n   )  Tm167   4.58981E-03+- 0.00000E+00
    Tm168  (n,na   )  Ho164   1.35040E-09+- 5.43025E-01          Tm168  (n,na   )  Ho164m  7.77489E-10+- 3.08357E-01
    Tm168  (n,np   )  Er167   6.16532E-10+- 9.29559E-11          Tm168  (n,np   )  Er167m  1.15854E-10+- 1.95433E-08
    Tm168  (n,g    )  Tm169   1.35247E+02+- 9.42026E+01          Tm168  (n,p    )  Er168   1.11170E-05+- 1.16523E+01
    Tm168  (n,d    )  Er167   2.74019E-09+- 3.12840E-06          Tm168  (n,d    )  Er167m  9.84537E-10+- 2.63111E-06
    Tm168  (n,t    )  Er166   2.35198E-10+- 5.28067E-09          Tm168  (n,a    )  Ho165   2.11262E-04+- 5.98655E+01
    Tm169  (n,2n   )  Tm168   9.82009E-04+- 0.00000E+00          Tm169  (n,na   )  Ho165   5.25973E-09+- 1.49321E-01
    Tm169  (n,np   )  Er168   1.93973E-10+- 2.30798E-09          Tm169  (n,g    )  Tm170   4.90775E+01+- 1.74975E+01
    Tm169  (n,p    )  Er169   1.21995E-06+- 3.21103E+00          Tm169  (n,d    )  Er168   1.04135E-09+- 9.65951E-07
    Tm169  (n,a    )  Ho166   5.82813E-07+- 1.51345E+01          Tm169  (n,a    )  Ho166m  7.83839E-07+- 1.97888E+01
    Tm170  (n,2n   )  Tm169   6.05889E-03+- 0.00000E+00          Tm170  (n,na   )  Ho166   2.48630E-10+- 2.60008E-01
    Tm170  (n,na   )  Ho166m  1.22715E-10+- 1.56700E-01          Tm170  (n,np   )  Er169   8.50287E-12+- 0.00000E+00
    Tm170  (n,g    )  Tm171   2.15199E+01+- 1.88233E+01          Tm170  (n,p    )  Er170   2.59823E-06+- 3.14607E+00
    Tm170  (n,d    )  Er169   2.26933E-10+- 4.43983E-10          Tm170  (n,t    )  Er168   4.59571E-11+- 8.36640E-10
    Tm170  (n,a    )  Ho167   3.03343E-06+- 6.34300E+01          Tm171  (n,2n   )  Tm170   2.78914E-03+- 0.00000E+00
    Tm171  (n,na   )  Ho167   3.72145E-10+- 1.25441E-01          Tm171  (n,np   )  Er170   1.85212E-12+- 0.00000E+00
    Tm171  (n,g    )  Tm172   2.28548E+01+- 1.56630E+02          Tm171  (n,p    )  Er171   2.79018E-07+- 4.37133E-01
    Tm171  (n,d    )  Er170   1.10233E-10+- 1.53941E-09          Tm171  (n,a    )  Ho168   5.35397E-08+- 2.48385E+01
    Tm171  (n,a    )  Ho168m  1.71290E-08+- 1.56551E+01          Tm172  (n,2n   )  Tm171   8.74063E-03+- 0.00000E+00
    Tm172  (n,na   )  Ho168   3.12785E-11+- 5.24433E-02          Tm172  (n,na   )  Ho168m  1.14279E-11+- 3.69968E-02
    Tm172  (n,g    )  Tm173   2.35586E+01+- 1.35086E+02          Tm172  (n,p    )  Er172   6.21543E-07+- 7.28652E-01
    Tm172  (n,d    )  Er171   1.53699E-11+- 4.20794E-10          Tm172  (n,t    )  Er170   6.63544E-12+- 4.94806E-09
    Tm172  (n,a    )  Ho169   1.28835E-07+- 3.84969E+01          Tm173  (n,2n   )  Tm172   5.13178E-03+- 0.00000E+00
    Tm173  (n,na   )  Ho169   3.46525E-11+- 7.36843E-02          Tm173  (n,g    )  Tm174   1.42815E+01+- 1.75030E+02
    Tm173  (n,p    )  Er173   6.48222E-08+- 3.90867E-02          Tm173  (n,d    )  Er172   5.92965E-12+- 4.35862E-09
    Tm173  (n,a    )  Ho170   1.03404E-08+- 5.23723E+00          Tm173  (n,a    )  Ho170m  6.76869E-09+- 6.85616E+00
    Yb166  (n,2n   )  Yb165   1.36133E-05+- 0.00000E+00          Yb166  (n,na   )  Er162   1.98315E-07+- 1.12063E+00
    Yb166  (n,np   )  Tm165   3.35859E-09+- 9.67186E-11          Yb166  (n,g    )  Yb167   1.14963E+01+- 2.86490E+02
    Yb166  (n,p    )  Tm166   8.45840E-06+- 8.41931E+00          Yb166  (n,d    )  Tm165   5.16576E-10+- 2.24681E-08
    Yb166  (n,a    )  Er163   2.47912E-04+- 5.93903E+01          Yb168  (n,2n   )  Yb167   1.23276E-04+- 0.00000E+00
    Yb168  (n,na   )  Er164   7.47436E-08+- 5.78024E-01          Yb168  (n,np   )  Tm167   1.95280E-10+- 0.00000E+00
    Yb168  (n,g    )  Yb169   4.06351E+02+- 7.81025E+01          Yb168  (n,g    )  Yb169m  4.06348E+02+- 7.81025E+01
    Yb168  (n,p    )  Tm168   3.79590E-06+- 1.01875E+01          Yb168  (n,d    )  Tm167   1.40198E-10+- 5.61510E-10
    Yb168  (n,a    )  Er165   3.84083E-05+- 8.72846E+01          Yb169  (n,n    )  Yb169m  3.61030E-01+- 9.72092E+01
    Yb169  (n,2n   )  Yb168   3.36233E-03+- 0.00000E+00          Yb169  (n,na   )  Er165   3.56314E-08+- 9.65833E-01
    Yb169  (n,np   )  Tm168   1.03772E-10+- 0.00000E+00          Yb169  (n,g    )  Yb170   2.69428E+02+- 1.47727E+01
    Yb169  (n,p    )  Tm169   6.07326E-06+- 1.26540E+01          Yb169  (n,d    )  Tm168   1.43603E-10+- 9.37836E-11
    Yb169  (n,a    )  Er166   1.13449E-03+- 5.99426E+01          Yb170  (n,2n   )  Yb169   4.28938E-04+- 0.00000E+00
    Yb170  (n,2n   )  Yb169m  3.12181E-04+- 0.00000E+00          Yb170  (n,na   )  Er166   3.31808E-08+- 5.13703E-01
    Yb170  (n,np   )  Tm169   3.80226E-12+- 0.00000E+00          Yb170  (n,g    )  Yb171   9.33181E+00+- 9.17921E+00
    Yb170  (n,p    )  Tm170   8.14444E-07+- 3.44803E+00          Yb170  (n,d    )  Tm169   1.84371E-11+- 6.26305E-09
    Yb170  (n,a    )  Er167   3.65910E-06+- 7.74394E+01          Yb170  (n,a    )  Er167m  5.64967E-06+- 8.25331E+01
    Yb171  (n,2n   )  Yb170   6.03448E-03+- 0.00000E+00          Yb171  (n,na   )  Er167   6.79969E-09+- 1.39448E+00
    Yb171  (n,na   )  Er167m  1.72264E-09+- 1.52997E+00          Yb171  (n,np   )  Tm170   1.24976E-12+- 0.00000E+00
    Yb171  (n,g    )  Yb172   1.18955E+01+- 9.12967E+00          Yb171  (n,p    )  Tm171   1.48731E-06+- 3.11212E+00
    Yb171  (n,d    )  Tm170   2.06338E-11+- 1.05870E-09          Yb171  (n,a    )  Er168   7.90279E-07+- 3.71506E+01
    Yb172  (n,2n   )  Yb171   1.56616E-03+- 0.00000E+00          Yb172  (n,na   )  Er168   5.36431E-09+- 3.19405E-01
    Yb172  (n,g    )  Yb173   9.52254E-01+- 1.33954E+01          Yb172  (n,p    )  Tm172   1.58440E-07+- 2.92016E-01
    Yb172  (n,d    )  Tm171   1.66709E-12+- 2.49346E-08          Yb172  (n,a    )  Er169   1.25432E-06+- 7.73402E+01
    Yb173  (n,2n   )  Yb172   7.37863E-03+- 0.00000E+00          Yb173  (n,na   )  Er169   5.15591E-10+- 5.35283E-01
    Yb173  (n,g    )  Yb174   1.13906E+01+- 9.07299E+00          Yb173  (n,p    )  Tm173   1.12661E-06+- 4.20628E-01
    Yb173  (n,d    )  Tm172   1.16984E-12+- 1.51216E-09          Yb173  (n,a    )  Er170   1.10603E-06+- 5.51816E+01
    Yb174  (n,2n   )  Yb173   3.20401E-03+- 0.00000E+00          Yb174  (n,na   )  Er170   3.60529E-10+- 2.02349E-01
    Yb174  (n,g    )  Yb175   5.31310E+00+- 1.20315E+01          Yb174  (n,p    )  Tm174   5.17943E-08+- 2.21283E-01
    Yb174  (n,a    )  Er171   1.58507E-06+- 8.23031E+01          Yb175  (n,2n   )  Yb174   1.22191E-02+- 6.31727E-02
    Yb175  (n,na   )  Er171   7.44183E-11+- 3.14424E-01          Yb175  (n,g    )  Yb176   1.77489E+01+- 7.81024E+01
    Yb175  (n,g    )  Yb176m  5.30309E-02+- 7.81009E+01          Yb175  (n,p    )  Tm175   7.58812E-08+- 4.96825E-02
    Yb175  (n,a    )  Er172   1.65407E-07+- 5.92257E+02          Yb176  (n,n    )  Yb176m  1.73406E-03+- 3.23320E+01
    Yb176  (n,2n   )  Yb175   5.30764E-03+- 0.00000E+00          Yb176  (n,na   )  Er172   9.18432E-11+- 3.29916E-01
    Yb176  (n,g    )  Yb177   2.06194E-01+- 7.81005E+01          Yb176  (n,g    )  Yb177m  2.05931E-01+- 7.81013E+01
    Yb176  (n,p    )  Tm176   1.14940E-08+- 7.94355E-01          Yb176  (n,a    )  Er173   8.93769E-08+- 8.52589E+01
    Lu169  (n,n    )  Lu169m  5.95264E-01+- 9.69832E+01          Lu169  (n,2n   )  Lu168   3.46370E-05+- 0.00000E+00
    Lu169  (n,2n   )  Lu168m  1.99301E-05+- 0.00000E+00          Lu169  (n,na   )  Tm165   3.17029E-07+- 8.70360E-01
    Lu169  (n,np   )  Yb168   4.68464E-07+- 1.52891E-04          Lu169  (n,g    )  Lu170   8.62933E+01+- 7.81025E+01
    Lu169  (n,g    )  Lu170m  4.64703E+01+- 7.81025E+01          Lu169  (n,p    )  Yb169   2.08045E-04+- 7.26859E+01
    Lu169  (n,p    )  Yb169m  1.49089E-04+- 7.43541E+01          Lu169  (n,d    )  Yb168   7.45116E-08+- 4.91658E-03
    Lu169  (n,t    )  Yb167   1.43615E-12+- 6.39252E-09          Lu169  (n,a    )  Tm166   2.12944E-04+- 5.94059E+01
    Lu170  (n,n    )  Lu170m  6.30509E-02+- 9.42088E+01          Lu170  (n,2n   )  Lu169   1.05329E-03+- 0.00000E+00
    Lu170  (n,2n   )  Lu169m  1.89230E-03+- 0.00000E+00          Lu170  (n,na   )  Tm166   1.90457E-08+- 8.42098E-01
    Lu170  (n,np   )  Yb169   5.96387E-08+- 8.40181E-06          Lu170  (n,np   )  Yb169m  2.87760E-08+- 9.22050E-06
    Lu170  (n,g    )  Lu171   2.35892E+01+- 7.81024E+01          Lu170  (n,g    )  Lu171m  2.35840E+01+- 7.81025E+01
    Lu170  (n,p    )  Yb170   8.31318E-03+- 4.98066E+01          Lu170  (n,d    )  Yb169   2.30544E-08+- 9.96483E-04
    Lu170  (n,d    )  Yb169m  1.41681E-08+- 1.82603E-03          Lu170  (n,t    )  Yb168   9.79904E-10+- 1.59885E-06
    Lu170  (n,a    )  Tm167   5.85310E-03+- 5.99779E+01          Lu170  (n,pa   )  Er166   3.13303E-12+- 1.38783E+00
    Lu171  (n,n    )  Lu171m  5.12259E-01+- 9.66051E+01          Lu171  (n,2n   )  Lu170   1.82048E-04+- 0.00000E+00
    Lu171  (n,2n   )  Lu170m  6.83456E-05+- 0.00000E+00          Lu171  (n,na   )  Tm167   1.60138E-07+- 7.84878E-01
    Lu171  (n,np   )  Yb170   4.70402E-08+- 5.54493E-07          Lu171  (n,g    )  Lu172   1.66401E+01+- 7.81024E+01
    Lu171  (n,g    )  Lu172m  2.49562E+01+- 7.81025E+01          Lu171  (n,p    )  Yb171   1.15367E-05+- 1.81523E+01
    Lu171  (n,d    )  Yb170   2.52662E-08+- 6.55785E-04          Lu171  (n,a    )  Tm168   3.46470E-04+- 5.98085E+01
    Lu172  (n,n    )  Lu172m  6.34847E-01+- 9.82700E+01          Lu172  (n,2n   )  Lu171   2.00870E-03+- 0.00000E+00
    Lu172  (n,2n   )  Lu171m  1.34205E-03+- 0.00000E+00          Lu172  (n,na   )  Tm168   3.04804E-08+- 1.59855E+00
    Lu172  (n,np   )  Yb171   5.37886E-09+- 2.72420E-09          Lu172  (n,g    )  Lu173   1.30302E+02+- 9.41588E+01
    Lu172  (n,p    )  Yb172   9.32948E-05+- 4.26634E+01          Lu172  (n,d    )  Yb171   1.13999E-08+- 7.28939E-05
    Lu172  (n,t    )  Yb170   4.35978E-10+- 3.81619E-07          Lu172  (n,a    )  Tm169   1.20859E-03+- 5.99578E+01
    Lu173  (n,2n   )  Lu172   4.74895E-04+- 0.00000E+00          Lu173  (n,2n   )  Lu172m  3.19755E-04+- 0.00000E+00
    Lu173  (n,na   )  Tm169   3.71147E-08+- 5.74744E-01          Lu173  (n,np   )  Yb172   2.47280E-09+- 9.27435E-11
    Lu173  (n,g    )  Lu174   2.74175E+01+- 7.81025E+01          Lu173  (n,g    )  Lu174m  2.91286E+00+- 7.81024E+01
    Lu173  (n,p    )  Yb173   3.12553E-06+- 7.16941E+00          Lu173  (n,d    )  Yb172   6.90341E-09+- 2.37019E-05
    Lu173  (n,a    )  Tm170   3.31687E-05+- 5.92077E+01          Lu174  (n,n    )  Lu174m  2.48924E-02+- 8.30352E+01
    Lu174  (n,2n   )  Lu173   5.03950E-03+- 0.00000E+00          Lu174  (n,na   )  Tm170   5.06559E-09+- 1.36766E+00
    Lu174  (n,np   )  Yb173   3.40269E-10+- 3.35093E-11          Lu174  (n,g    )  Lu175   4.12552E+01+- 1.20918E+02
    Lu174  (n,p    )  Yb174   6.15744E-06+- 7.66452E+00          Lu174  (n,d    )  Yb173   2.19981E-09+- 1.36883E-06
    Lu174  (n,t    )  Yb172   1.61159E-10+- 4.27867E-09          Lu174  (n,a    )  Tm171   7.65153E-05+- 5.97382E+01
    Lu174m (n,n    )  Lu174   3.17376E+00+- 9.96174E+01          Lu174m (n,2n   )  Lu173   5.74899E-03+- 0.00000E+00
    Lu174m (n,na   )  Tm170   8.91511E-09+- 2.05024E+00          Lu174m (n,np   )  Yb173   4.26644E-10+- 4.58500E-09
    Lu174m (n,g    )  Lu175   4.12552E+01+- 1.20918E+02          Lu174m (n,p    )  Yb174   2.48930E-06+- 3.52011E+00
    Lu174m (n,d    )  Yb173   1.98679E-09+- 9.64902E-07          Lu174m (n,t    )  Yb172   3.28676E-11+- 6.83214E-09
    Lu174m (n,a    )  Tm171   1.02061E-04+- 5.98055E+01          Lu175  (n,2n   )  Lu174   1.51661E-03+- 0.00000E+00
    Lu175  (n,2n   )  Lu174m  5.10642E-04+- 0.00000E+00          Lu175  (n,na   )  Tm171   5.50991E-09+- 4.97972E-01
    Lu175  (n,np   )  Yb174   8.99965E-11+- 1.69927E-11          Lu175  (n,g    )  Lu176   5.93993E+00+- 2.12749E+01
    Lu175  (n,g    )  Lu176m  1.18733E+01+- 2.30679E+01          Lu175  (n,p    )  Yb175   1.48896E-06+- 8.85242E-01
    Lu175  (n,d    )  Yb174   9.64201E-10+- 4.52169E-07          Lu175  (n,a    )  Tm172   4.34864E-05+- 9.04799E+01
    Lu176  (n,n    )  Lu176m  3.56131E-01+- 9.73025E+01          Lu176  (n,2n   )  Lu175   4.95826E-03+- 0.00000E+00
    Lu176  (n,na   )  Tm172   4.66815E-10+- 4.82269E-01          Lu176  (n,np   )  Yb175   4.37963E-12+- 2.16515E-12
    Lu176  (n,g    )  Lu177   5.37802E+02+- 1.63169E+01          Lu176  (n,g    )  Lu177m  3.39060E-01+- 1.61145E+01
    Lu176  (n,g    )  Lu177n  3.12491E-04+- 9.48802E+01          Lu176  (n,p    )  Yb176   1.54658E-06+- 3.44655E+00
    Lu176  (n,p    )  Yb176m  7.41037E-08+- 1.18680E+00          Lu176  (n,d    )  Yb175   3.11790E-10+- 2.00521E-09
    Lu176  (n,t    )  Yb174   8.31762E-11+- 6.11059E-10          Lu176  (n,a    )  Tm173   5.11233E-04+- 9.46075E+01
    Lu177  (n,n    )  Lu177m  1.61473E-03+- 6.35531E+01          Lu177  (n,n    )  Lu177n  1.11872E-03+- 4.73933E+01
    Lu177  (n,2n   )  Lu176   2.30009E-03+- 0.00000E+00          Lu177  (n,2n   )  Lu176m  1.98050E-03+- 0.00000E+00
    Lu177  (n,na   )  Tm173   1.15655E-09+- 9.05296E-01          Lu177  (n,np   )  Yb176   1.72243E-12+- 0.00000E+00
    Lu177  (n,g    )  Lu178   3.11076E+02+- 7.81025E+01          Lu177  (n,g    )  Lu178m  1.94079E+00+- 7.81025E+01
    Lu177  (n,p    )  Yb177   1.64281E-07+- 6.22934E-01          Lu177  (n,p    )  Yb177m  7.60836E-08+- 5.47173E-01
    Lu177  (n,d    )  Yb176   1.13187E-10+- 1.90077E-09          Lu177  (n,a    )  Tm174   7.25015E-07+- 5.42072E+01
    Lu177m (n,n    )  Lu177   5.97774E+00+- 9.96431E+01          Lu177m (n,n    )  Lu177n  1.26891E-01+- 8.31847E+01
    Lu177m (n,2n   )  Lu176   3.89937E-03+- 0.00000E+00          Lu177m (n,2n   )  Lu176m  4.34010E-04+- 0.00000E+00
    Lu177m (n,na   )  Tm173   7.73830E-11+- 1.71887E+00          Lu177m (n,np   )  Yb176   5.35902E-12+- 3.89145E-09
    Lu177m (n,g    )  Lu178   6.19975E+00+- 9.95686E+01          Lu177m (n,g    )  Lu178m  5.49877E+00+- 9.95757E+01
    Lu177m (n,p    )  Yb177   3.04673E-08+- 3.65587E-01          Lu177m (n,p    )  Yb177m  9.74233E-09+- 1.58069E-01
    Lu177m (n,a    )  Tm174   1.63740E-08+- 2.37257E+01          Hf170  (n,2n   )  Hf169   1.90919E-05+- 0.00000E+00
    Hf170  (n,na   )  Yb166   7.02557E-07+- 3.85737E+00          Hf170  (n,np   )  Lu169   1.68548E-08+- 2.05784E-10
    Hf170  (n,np   )  Lu169m  1.77685E-08+- 4.70577E-11          Hf170  (n,g    )  Hf171   5.81262E+00+- 7.81022E+01
    Hf170  (n,g    )  Hf171m  5.80963E+00+- 7.81023E+01          Hf170  (n,p    )  Lu170   3.81686E-05+- 5.49218E+01
    Hf170  (n,p    )  Lu170m  3.69395E-05+- 4.32620E+01          Hf170  (n,d    )  Lu169   6.26454E-10+- 3.69529E-06
    Hf170  (n,d    )  Lu169m  9.27996E-10+- 3.91658E-06          Hf170  (n,a    )  Yb167   1.51630E-03+- 5.97513E+01
    Hf170  (n,2a   )  Er163   3.91787E-12+- 1.48612E+01          Hf171  (n,2n   )  Hf170   1.29078E-03+- 0.00000E+00
    Hf171  (n,na   )  Yb167   6.56404E-07+- 2.05499E+00          Hf171  (n,np   )  Lu170   4.76022E-09+- 5.27951E-11
    Hf171  (n,np   )  Lu170m  2.65783E-09+- 8.59880E-12          Hf171  (n,g    )  Hf172   7.98328E+01+- 9.66679E+01
    Hf171  (n,p    )  Lu171   1.84069E-04+- 7.26123E+01          Hf171  (n,p    )  Lu171m  1.25738E-04+- 7.39144E+01
    Hf171  (n,d    )  Lu170   1.07953E-09+- 1.58381E-06          Hf171  (n,d    )  Lu170m  5.43951E-10+- 9.48956E-07
    Hf171  (n,t    )  Lu169m  1.30650E-12+- 3.19116E-08          Hf171  (n,a    )  Yb168   8.23392E-03+- 5.99694E+01
    Hf171  (n,2a   )  Er164   6.75386E-12+- 3.75687E+01          Hf171  (n,pa   )  Tm167   5.13396E-12+- 3.14031E-01
    Hf172  (n,2n   )  Hf171   1.28908E-04+- 0.00000E+00          Hf172  (n,2n   )  Hf171m  3.20733E-05+- 0.00000E+00
    Hf172  (n,na   )  Yb168   3.59645E-07+- 1.94852E+00          Hf172  (n,np   )  Lu171   8.77820E-10+- 6.18026E-11
    Hf172  (n,np   )  Lu171m  8.80822E-10+- 4.07110E-10          Hf172  (n,g    )  Hf173   7.67871E+00+- 3.52013E+02
    Hf172  (n,p    )  Lu172   6.00871E-06+- 2.57786E+01          Hf172  (n,p    )  Lu172m  5.89591E-06+- 3.56118E+01
    Hf172  (n,d    )  Lu171   1.71237E-10+- 9.43941E-08          Hf172  (n,d    )  Lu171m  2.38544E-10+- 3.59626E-08
    Hf172  (n,a    )  Yb169   9.99824E-05+- 8.35290E+01          Hf172  (n,a    )  Yb169m  1.18768E-04+- 8.43631E+01
    Hf173  (n,2n   )  Hf172   3.51273E-03+- 0.00000E+00          Hf173  (n,na   )  Yb169   2.22175E-07+- 3.78158E+00
    Hf173  (n,na   )  Yb169m  1.67982E-07+- 4.45226E+00          Hf173  (n,np   )  Lu172   3.86423E-10+- 6.48590E-11
    Hf173  (n,np   )  Lu172m  3.27467E-10+- 2.59514E-11          Hf173  (n,g    )  Hf174   2.52917E+01+- 1.76206E+02
    Hf173  (n,p    )  Lu173   1.45998E-05+- 2.19307E+01          Hf173  (n,d    )  Lu172   2.44808E-10+- 1.40592E-08
    Hf173  (n,d    )  Lu172m  2.30762E-10+- 1.13454E-08          Hf173  (n,a    )  Yb170   1.38614E-03+- 5.99155E+01
    Hf174  (n,2n   )  Hf173   3.90368E-04+- 0.00000E+00          Hf174  (n,na   )  Yb170   1.62421E-07+- 1.46580E+00
    Hf174  (n,np   )  Lu173   1.07344E-10+- 0.00000E+00          Hf174  (n,g    )  Hf175   3.38909E+01+- 2.05111E+01
    Hf174  (n,p    )  Lu174   1.60865E-06+- 1.20346E+01          Hf174  (n,p    )  Lu174m  4.20743E-07+- 6.15419E+00
    Hf174  (n,d    )  Lu173   9.06517E-11+- 1.78753E-09          Hf174  (n,a    )  Yb171   3.73860E-04+- 7.87179E+01
    Hf175  (n,2n   )  Hf174   4.63500E-03+- 0.00000E+00          Hf175  (n,na   )  Yb171   8.75159E-08+- 2.79902E+00
    Hf175  (n,np   )  Lu174   2.22050E-11+- 0.00000E+00          Hf175  (n,np   )  Lu174m  8.06697E-12+- 0.00000E+00
    Hf175  (n,g    )  Hf176   1.98540E+01+- 1.77874E+02          Hf175  (n,p    )  Lu175   3.27653E-06+- 6.91400E+00
    Hf175  (n,d    )  Lu174   7.60596E-11+- 4.46321E-10          Hf175  (n,d    )  Lu174m  2.62804E-11+- 1.28128E-08
    Hf175  (n,a    )  Yb172   4.47462E-04+- 5.98847E+01          Hf176  (n,2n   )  Hf175   9.06215E-04+- 0.00000E+00
    Hf176  (n,na   )  Yb172   5.41999E-08+- 1.04031E+00          Hf176  (n,np   )  Lu175   2.88492E-12+- 0.00000E+00
    Hf176  (n,g    )  Hf177   1.48261E+01+- 7.81024E+01          Hf176  (n,g    )  Hf177m  9.49312E-03+- 7.81014E+01
    Hf176  (n,g    )  Hf177n  2.09310E-05+- 7.81014E+01          Hf176  (n,p    )  Lu176   1.82108E-07+- 1.16551E+00
    Hf176  (n,p    )  Lu176m  1.71551E-07+- 2.10807E+00          Hf176  (n,d    )  Lu175   1.30356E-11+- 9.89189E-10
    Hf176  (n,a    )  Yb173   3.53323E-05+- 8.96569E+01          Hf177  (n,n    )  Hf177m  2.18382E-01+- 9.58130E+01
    Hf177  (n,n    )  Hf177n  7.44317E-03+- 9.33777E+01          Hf177  (n,2n   )  Hf176   6.31353E-03+- 0.00000E+00
    Hf177  (n,na   )  Yb173   2.09861E-08+- 2.79521E+00          Hf177  (n,g    )  Hf178   1.81462E+02+- 4.31049E+01
    Hf177  (n,g    )  Hf178m  4.88704E-02+- 4.27149E+01          Hf177  (n,g    )  Hf178n  5.64528E-07+- 3.99540E+01
    Hf177  (n,p    )  Lu177   7.95166E-07+- 2.09304E+00          Hf177  (n,p    )  Lu177m  4.79979E-09+- 2.09304E+00
    Hf177  (n,p    )  Lu177n  8.33980E-12+- 2.06493E+00          Hf177  (n,d    )  Lu176   4.84663E-12+- 1.36341E-09
    Hf177  (n,d    )  Lu176m  6.60763E-12+- 3.51893E-08          Hf177  (n,a    )  Yb174   1.03576E-05+- 9.04173E+01
    Hf178  (n,n    )  Hf178m  2.59260E-03+- 2.96015E+01          Hf178  (n,n    )  Hf178n  2.59260E-03+- 5.92030E+01
    Hf178  (n,2n   )  Hf177   2.47028E-03+- 0.00000E+00          Hf178  (n,2n   )  Hf177m  4.95396E-05+- 0.00000E+00
    Hf178  (n,na   )  Yb174   2.03644E-08+- 1.54033E+00          Hf178  (n,g    )  Hf179   1.71930E+01+- 4.42752E+01
    Hf178  (n,g    )  Hf179m  2.84738E+01+- 4.42919E+01          Hf178  (n,g    )  Hf179n  5.37273E-02+- 4.46262E+01
    Hf178  (n,p    )  Lu178   9.79312E-08+- 3.65943E-01          Hf178  (n,p    )  Lu178m  6.67145E-09+- 9.91821E-02
    Hf178  (n,a    )  Yb175   6.23106E-06+- 8.02907E+01          Hf178n (n,n    )  Hf178   5.33422E-02+- 9.08705E+01
    Hf178n (n,n    )  Hf178m  1.27127E-01+- 9.02784E+01          Hf178n (n,2n   )  Hf177   7.97665E-04+- 1.49725E-01
    Hf178n (n,2n   )  Hf177m  1.18981E-04+- 0.00000E+00          Hf178n (n,2n   )  Hf177n  1.99738E-07+- 0.00000E+00
    Hf178n (n,na   )  Yb174   3.68844E-08+- 1.62647E+01          Hf178n (n,np   )  Lu177   4.91091E-12+- 1.51588E-09
    Hf178n (n,g    )  Hf179   2.28581E+01+- 7.81025E+01          Hf178n (n,g    )  Hf179m  2.28571E+01+- 7.81025E+01
    Hf178n (n,g    )  Hf179n  5.49078E-03+- 7.81023E+01          Hf178n (n,p    )  Lu178   2.65292E-07+- 3.25065E-01
    Hf178n (n,p    )  Lu178m  1.60776E-08+- 3.37547E-01          Hf178n (n,d    )  Lu177   2.12811E-10+- 3.37296E-09
    Hf178n (n,t    )  Lu176   2.27053E-12+- 4.72195E-08          Hf178n (n,a    )  Yb175   6.31951E-07+- 3.80254E+01
    Hf179  (n,n    )  Hf179m  1.71914E-01+- 1.93919E+01          Hf179  (n,n    )  Hf179n  1.11248E-01+- 9.54955E+01
    Hf179  (n,2n   )  Hf178   4.24592E-03+- 0.00000E+00          Hf179  (n,2n   )  Hf178m  1.36990E-03+- 0.00000E+00
    Hf179  (n,2n   )  Hf178n  1.02521E-07+- 0.00000E+00          Hf179  (n,na   )  Yb175   2.84655E-09+- 2.33971E+00
    Hf179  (n,g    )  Hf180   1.55743E+01+- 1.42243E+01          Hf179  (n,g    )  Hf180m  1.45921E-01+- 2.36148E+01
    Hf179  (n,p    )  Lu179   3.77359E-07+- 1.54847E-01          Hf179  (n,a    )  Yb176   6.39965E-06+- 8.33362E+01
    Hf179  (n,a    )  Yb176m  5.54102E-08+- 7.12767E+01          Hf179n (n,n    )  Hf179   2.19176E-01+- 9.63333E+01
    Hf179n (n,n    )  Hf179m  4.11040E-04+- 8.18020E+01          Hf179n (n,2n   )  Hf178   9.45931E-04+- 3.50276E-01
    Hf179n (n,2n   )  Hf178m  1.62152E-03+- 0.00000E+00          Hf179n (n,2n   )  Hf178n  1.62689E-06+- 0.00000E+00
    Hf179n (n,na   )  Yb175   3.89619E-09+- 3.24006E+00          Hf179n (n,g    )  Hf180   1.54684E+01+- 7.81024E+01
    Hf179n (n,g    )  Hf180m  2.51833E-01+- 7.81021E+01          Hf179n (n,p    )  Lu179   7.25969E-08+- 3.33589E-02
    Hf179n (n,a    )  Yb176   3.61320E-07+- 7.97201E+01          Hf179n (n,a    )  Yb176m  8.75175E-08+- 8.22317E+01
    Hf180  (n,n    )  Hf180m  2.23874E-03+- 1.25319E+01          Hf180  (n,2n   )  Hf179   2.27985E-03+- 0.00000E+00
    Hf180  (n,2n   )  Hf179m  1.25715E-03+- 0.00000E+00          Hf180  (n,2n   )  Hf179n  2.28482E-05+- 0.00000E+00
    Hf180  (n,na   )  Yb176   7.84042E-10+- 4.74412E-01          Hf180  (n,na   )  Yb176m  1.08832E-11+- 2.19796E-02
    Hf180  (n,g    )  Hf181   1.93380E+00+- 7.07403E+00          Hf180  (n,p    )  Lu180   6.89630E-07+- 4.48122E+01
    Hf180  (n,p    )  Lu180m  1.38997E-06+- 4.46776E+01          Hf180  (n,a    )  Yb177   1.18442E-06+- 8.23358E+01
    Hf180  (n,a    )  Yb177m  7.77363E-07+- 8.32741E+01          Hf180m (n,n    )  Hf180   1.20190E+01+- 9.99008E+01
    Hf180m (n,2n   )  Hf179   6.46862E-03+- 0.00000E+00          Hf180m (n,2n   )  Hf179m  2.26707E-05+- 0.00000E+00
    Hf180m (n,2n   )  Hf179n  1.17177E-04+- 0.00000E+00          Hf180m (n,na   )  Yb176   3.82313E-09+- 1.00359E+01
    Hf180m (n,na   )  Yb176m  3.53763E-10+- 2.53029E+00          Hf180m (n,g    )  Hf181   1.95759E+00+- 4.32341E+02
    Hf180m (n,p    )  Lu180   3.54482E-08+- 4.27787E-02          Hf180m (n,p    )  Lu180m  7.19705E-08+- 4.27789E-02
    Hf180m (n,d    )  Lu179   4.59653E-12+- 1.34940E-09          Hf180m (n,a    )  Yb177   6.86513E-07+- 7.82213E+01
    Hf180m (n,a    )  Yb177m  8.13078E-08+- 7.45160E+01          Hf181  (n,2n   )  Hf180   1.44827E-02+- 6.29086E-01
    Hf181  (n,2n   )  Hf180m  2.56731E-04+- 0.00000E+00          Hf181  (n,na   )  Yb177   1.55909E-10+- 1.67708E+00
    Hf181  (n,na   )  Yb177m  8.36239E-12+- 1.36789E+00          Hf181  (n,g    )  Hf182   4.49891E+01+- 7.81025E+01
    Hf181  (n,g    )  Hf182m  7.31587E-01+- 7.81024E+01          Hf181  (n,p    )  Lu181   4.80218E-08+- 2.40814E-02
    Hf181  (n,a    )  Yb178   3.18524E-07+- 5.01587E+01          Hf182  (n,n    )  Hf182m  1.70005E-03+- 6.45006E+01
    Hf182  (n,2n   )  Hf181   7.59509E-03+- 0.00000E+00          Hf182  (n,na   )  Yb178   3.15888E-10+- 2.78492E+00
    Hf182  (n,g    )  Hf183   1.28341E+00+- 7.61312E+02          Hf182  (n,p    )  Lu182   1.45274E-09+- 7.75278E-05
    Hf182  (n,a    )  Yb179   2.66438E-08+- 2.04492E+01          Ta175  (n,2n   )  Ta174   9.82287E-05+- 0.00000E+00
    Ta175  (n,na   )  Lu171   2.61900E-07+- 2.30639E+00          Ta175  (n,na   )  Lu171m  2.65016E-07+- 2.45593E+00
    Ta175  (n,np   )  Hf174   1.78611E-07+- 3.00423E-05          Ta175  (n,g    )  Ta176   2.10296E+02+- 7.86793E+01
    Ta175  (n,p    )  Hf175   4.16108E-05+- 3.45872E+01          Ta175  (n,d    )  Hf174   4.99978E-08+- 1.94407E-03
    Ta175  (n,t    )  Hf173   3.22300E-12+- 7.20593E-09          Ta175  (n,a    )  Lu172   8.36579E-04+- 8.46926E+01
    Ta175  (n,a    )  Lu172m  6.52674E-04+- 8.47558E+01          Ta176  (n,2n   )  Ta175   3.75160E-03+- 0.00000E+00
    Ta176  (n,na   )  Lu172   9.57424E-08+- 4.34220E+00          Ta176  (n,na   )  Lu172m  9.26137E-08+- 5.61626E+00
    Ta176  (n,np   )  Hf175   2.76204E-08+- 2.08692E-06          Ta176  (n,g    )  Ta177   1.72686E+02+- 8.00847E+01
    Ta176  (n,p    )  Hf176   1.48161E-03+- 4.93134E+01          Ta176  (n,d    )  Hf175   2.35830E-08+- 6.40955E-04
    Ta176  (n,t    )  Hf174   7.65348E-10+- 1.54350E-06          Ta176  (n,a    )  Lu173   3.24874E-03+- 5.99713E+01
    Ta176  (n,pa   )  Yb172   1.83970E-12+- 1.04457E+00          Ta177  (n,2n   )  Ta176   4.68295E-04+- 0.00000E+00
    Ta177  (n,na   )  Lu173   2.35232E-07+- 1.73739E+00          Ta177  (n,np   )  Hf176   1.51805E-08+- 1.49139E-07
    Ta177  (n,g    )  Ta178   3.14025E+01+- 7.81025E+01          Ta177  (n,g    )  Ta178m  1.30916E+00+- 7.81023E+01
    Ta177  (n,p    )  Hf177   5.54724E-06+- 1.72059E+01          Ta177  (n,p    )  Hf177m  3.34844E-08+- 1.72058E+01
    Ta177  (n,p    )  Hf177n  7.35081E-11+- 1.71672E+01          Ta177  (n,d    )  Hf176   1.47913E-08+- 2.39398E-04
    Ta177  (n,t    )  Hf175   2.87341E-12+- 7.15541E-09          Ta177  (n,a    )  Lu174   1.62926E-04+- 8.45153E+01
    Ta177  (n,a    )  Lu174m  1.86344E-05+- 8.33812E+01          Ta179  (n,2n   )  Ta178   1.04687E-03+- 0.00000E+00
    Ta179  (n,2n   )  Ta178m  6.76500E-04+- 0.00000E+00          Ta179  (n,na   )  Lu175   4.48231E-08+- 1.58488E+00
    Ta179  (n,np   )  Hf178   1.68171E-10+- 2.67629E-10          Ta179  (n,g    )  Ta180   9.44036E+01+- 7.81025E+01
    Ta179  (n,g    )  Ta180m  5.89081E-01+- 7.81024E+01          Ta179  (n,p    )  Hf179   1.03242E-06+- 5.50795E+00
    Ta179  (n,p    )  Hf179m  4.29118E-07+- 5.28787E+00          Ta179  (n,p    )  Hf179n  2.71599E-09+- 5.49809E+00
    Ta179  (n,d    )  Hf178   1.15078E-09+- 3.52162E-06          Ta179  (n,a    )  Lu176   4.03051E-06+- 8.06301E+01
    Ta179  (n,a    )  Lu176m  6.18856E-06+- 8.31879E+01          Ta180  (n,n    )  Ta180m  1.66577E-02+- 7.75101E+01
    Ta180  (n,2n   )  Ta179   6.15109E-03+- 0.00000E+00          Ta180  (n,na   )  Lu176   1.68940E-09+- 1.36565E+00
    Ta180  (n,na   )  Lu176m  2.98674E-09+- 1.87608E+00          Ta180  (n,np   )  Hf179   2.58565E-11+- 1.28314E-10
    Ta180  (n,g    )  Ta181   2.28439E+02+- 8.59453E+00          Ta180  (n,p    )  Hf180   3.06083E-06+- 7.23606E+00
    Ta180  (n,p    )  Hf180m  8.04309E-08+- 2.85837E+00          Ta180  (n,d    )  Hf179   2.46743E-10+- 1.21948E-08
    Ta180  (n,d    )  Hf179m  6.75982E-12+- 7.21863E-08          Ta180  (n,t    )  Hf178   3.71844E-11+- 5.41838E-09
    Ta180  (n,a    )  Lu177   6.70184E-05+- 8.46012E+01          Ta180  (n,a    )  Lu177m  6.76047E-07+- 8.47023E+01
    Ta180  (n,a    )  Lu177n  3.04403E-10+- 8.42074E+01          Ta180m (n,n    )  Ta180   8.26955E-02+- 9.40429E+01
    Ta180m (n,2n   )  Ta179   3.71459E-03+- 0.00000E+00          Ta180m (n,na   )  Lu176   6.32025E-09+- 1.54889E+00
    Ta180m (n,na   )  Lu176m  2.21479E-09+- 1.41513E+00          Ta180m (n,np   )  Hf179   1.46457E-11+- 1.12144E-09
    Ta180m (n,g    )  Ta181   7.59707E+01+- 3.79923E+01          Ta180m (n,p    )  Hf180   1.37161E-06+- 2.74900E+00
    Ta180m (n,p    )  Hf180m  1.15970E-07+- 2.56858E+00          Ta180m (n,d    )  Hf179   1.89045E-10+- 1.94052E-09
    Ta180m (n,d    )  Hf179m  2.29916E-12+- 2.27181E-05          Ta180m (n,t    )  Hf178   3.25572E-12+- 7.38174E-09
    Ta180m (n,a    )  Lu177   2.02125E-05+- 8.40917E+01          Ta180m (n,a    )  Lu177m  1.22007E-07+- 8.40917E+01
    Ta180m (n,a    )  Lu177n  2.44192E-10+- 8.40917E+01          Ta181  (n,2n   )  Ta180   1.31208E-03+- 0.00000E+00
    Ta181  (n,2n   )  Ta180m  1.01516E-03+- 0.00000E+00          Ta181  (n,na   )  Lu177   1.74854E-09+- 6.96767E-01
    Ta181  (n,na   )  Lu177m  6.09583E-11+- 6.82263E-01          Ta181  (n,np   )  Hf180   3.09220E-12+- 1.05881E-10
    Ta181  (n,np   )  Hf180m  6.18180E-10+- 0.00000E+00          Ta181  (n,g    )  Ta182   1.89185E+01+- 1.25596E+01
    Ta181  (n,g    )  Ta182m  1.80722E-03+- 4.50014E+01          Ta181  (n,g    )  Ta182n  1.13857E-02+- 4.59768E+01
    Ta181  (n,p    )  Hf181   3.66433E-07+- 2.28813E-01          Ta181  (n,d    )  Hf180   2.09298E-10+- 1.95726E-09
    Ta181  (n,d    )  Hf180m  4.19095E-10+- 4.45232E-09          Ta181  (n,a    )  Lu178   5.77399E-07+- 8.94740E+01
    Ta181  (n,a    )  Lu178m  2.94718E-07+- 9.02373E+01          Ta182  (n,n    )  Ta182m  2.85622E-01+- 9.67774E+01
    Ta182  (n,n    )  Ta182n  2.85622E-01+- 9.67774E+01          Ta182  (n,2n   )  Ta181   8.97304E-03+- 0.00000E+00
    Ta182  (n,na   )  Lu178   2.55868E-10+- 5.72949E-01          Ta182  (n,na   )  Lu178m  1.32969E-10+- 4.30878E-01
    Ta182  (n,g    )  Ta183   1.99142E+03+- 4.61279E+01          Ta182  (n,p    )  Hf182   7.45968E-07+- 1.65549E+00
    Ta182  (n,p    )  Hf182m  3.69403E-08+- 4.24404E-01          Ta182  (n,d    )  Hf181   6.00322E-11+- 4.06953E-10
    Ta182  (n,t    )  Hf180   1.80604E-11+- 7.93628E-10          Ta182  (n,t    )  Hf180m  2.23217E-12+- 9.06266E-09
    Ta182  (n,a    )  Lu179   7.85496E-05+- 9.23444E+01          Ta183  (n,2n   )  Ta182   2.35167E-03+- 0.00000E+00
    Ta183  (n,2n   )  Ta182m  2.87245E-03+- 0.00000E+00          Ta183  (n,2n   )  Ta182n  2.74640E-04+- 0.00000E+00
    Ta183  (n,na   )  Lu179   4.34110E-10+- 8.13952E-01          Ta183  (n,g    )  Ta184   1.42234E+01+- 1.47875E+02
    Ta183  (n,p    )  Hf183   8.65276E-08+- 8.46299E-02          Ta183  (n,d    )  Hf182   1.96181E-11+- 2.43243E-09
    Ta183  (n,d    )  Hf182m  2.42470E-12+- 4.65875E-08          Ta183  (n,a    )  Lu180   2.17181E-08+- 4.10172E+01
    Ta183  (n,a    )  Lu180m  4.40943E-08+- 4.10171E+01          Ta184  (n,2n   )  Ta183   1.29042E-02+- 5.95018E-01
    Ta184  (n,na   )  Lu180   2.79402E-11+- 6.24849E-01          Ta184  (n,na   )  Lu180m  8.38207E-11+- 6.24850E-01
    Ta184  (n,g    )  Ta185   4.83246E+01+- 9.76675E+01          Ta184  (n,p    )  Hf184   1.97885E-07+- 3.78314E-01
    Ta184  (n,p    )  Hf184m  2.44577E-08+- 3.78316E-01          Ta184  (n,d    )  Hf183   7.65941E-12+- 5.35880E-09
    Ta184  (n,t    )  Hf182   1.33587E-11+- 5.51368E-09          Ta184  (n,t    )  Hf182m  1.65107E-12+- 8.21965E-08
    Ta184  (n,a    )  Lu181   1.17490E-07+- 4.26718E+01          W 178  (n,2n   )  W 177   2.20155E-04+- 0.00000E+00
    W 178  (n,na   )  Hf174   3.23821E-07+- 2.63712E+00          W 178  (n,np   )  Ta177   3.38222E-10+- 9.54330E-13
    W 178  (n,g    )  W 179   3.05667E+00+- 7.81021E+01          W 178  (n,g    )  W 179m  3.05496E+00+- 7.81023E+01
    W 178  (n,p    )  Ta178   4.73705E-06+- 2.59539E+01          W 178  (n,p    )  Ta178m  1.33609E-06+- 2.59539E+01
    W 178  (n,d    )  Ta177   1.63826E-10+- 2.63966E-09          W 178  (n,a    )  Hf175   1.33705E-04+- 5.92639E+01
    W 180  (n,2n   )  W 179   3.19331E-04+- 0.00000E+00          W 180  (n,2n   )  W 179m  1.37862E-04+- 0.00000E+00
    W 180  (n,na   )  Hf176   6.78974E-08+- 1.53828E+00          W 180  (n,np   )  Ta179   5.54075E-12+- 0.00000E+00
    W 180  (n,g    )  W 181   9.47148E+00+- 2.09546E+01          W 180  (n,p    )  Ta180   9.37699E-07+- 2.22455E+00
    W 180  (n,p    )  Ta180m  1.07223E-07+- 5.63635E-01          W 180  (n,d    )  Ta179   1.05558E-11+- 4.58134E-09
    W 180  (n,a    )  Hf177   1.13886E-05+- 8.11237E+01          W 180  (n,a    )  Hf177m  1.28850E-08+- 6.49571E+01
    W 180  (n,a    )  Hf177n  2.80465E-11+- 6.48643E+01          W 181  (n,2n   )  W 180   3.54530E-03+- 0.00000E+00
    W 181  (n,na   )  Hf177   1.61410E-08+- 1.26347E+00          W 181  (n,na   )  Hf177m  8.13871E-10+- 1.26900E+00
    W 181  (n,na   )  Hf177n  2.03411E-12+- 1.26900E+00          W 181  (n,np   )  Ta180   1.50685E-12+- 0.00000E+00
    W 181  (n,g    )  W 182   1.93658E+01+- 1.70048E+02          W 181  (n,p    )  Ta181   1.50027E-06+- 3.37167E+00
    W 181  (n,d    )  Ta180   4.72595E-12+- 9.17946E-09          W 181  (n,d    )  Ta180m  1.75485E-12+- 2.86742E-08
    W 181  (n,a    )  Hf178   3.33778E-05+- 8.39150E+01          W 181  (n,a    )  Hf178m  3.49080E-07+- 7.87981E+01
    W 181  (n,a    )  Hf178n  4.00582E-09+- 8.39150E+01          W 182  (n,2n   )  W 181   9.08882E-04+- 0.00000E+00
    W 182  (n,na   )  Hf178   3.68602E-09+- 5.11321E-01          W 182  (n,na   )  Hf178m  1.74738E-11+- 8.69032E-03
    W 182  (n,na   )  Hf178n  3.29120E-11+- 2.00267E+02          W 182  (n,g    )  W 183   1.31390E+01+- 7.81024E+01
    W 182  (n,g    )  W 183m  1.96396E+00+- 7.81022E+01          W 182  (n,p    )  Ta182m  1.57660E-08+- 2.42316E+01
    W 182  (n,p    )  Ta182n  1.32916E-08+- 1.52361E+01          W 182  (n,d    )  Ta181   1.02617E-12+- 2.51870E-08
    W 182  (n,a    )  Hf179   6.35101E-07+- 5.78680E+01          W 182  (n,a    )  Hf179m  1.98243E-07+- 7.35169E+01
    W 182  (n,a    )  Hf179n  4.05507E-11+- 9.01651E+01          W 183  (n,n    )  W 183m  5.46851E-02+- 4.71053E+01
    W 183  (n,2n   )  W 182   7.48432E-03+- 0.00000E+00          W 183  (n,na   )  Hf179   8.09530E-10+- 1.25230E+00
    W 183  (n,na   )  Hf179m  2.04745E-11+- 1.23886E+00          W 183  (n,na   )  Hf179n  1.90576E-11+- 1.25229E+00
    W 183  (n,g    )  W 184   9.69309E+00+- 1.43153E+01          W 183  (n,p    )  Ta183   4.67885E-07+- 8.46616E-01
    W 183  (n,a    )  Hf180   1.37692E-05+- 8.76464E+01          W 183  (n,a    )  Hf180m  1.19442E-08+- 5.86554E+01
    W 184  (n,2n   )  W 183   1.80854E-03+- 0.00000E+00          W 184  (n,2n   )  W 183m  2.42761E-04+- 0.00000E+00
    W 184  (n,na   )  Hf180   9.98056E-10+- 5.88614E-01          W 184  (n,na   )  Hf180m  1.40973E-11+- 2.41443E-02
    W 184  (n,g    )  W 185   6.85935E-01+- 4.08595E+01          W 184  (n,g    )  W 185m  1.28372E-03+- 3.24562E+01
    W 184  (n,p    )  Ta184   3.82264E-08+- 3.85825E+00          W 184  (n,a    )  Hf181   9.49161E-08+- 1.51347E+01
    W 185  (n,n    )  W 185m  3.39547E-02+- 9.30767E+01          W 185  (n,2n   )  W 184   1.32388E-02+- 1.76408E-01
    W 185  (n,na   )  Hf181   3.97816E-10+- 2.79737E+00          W 185  (n,g    )  W 186   7.18035E+00+- 1.69957E+01
    W 185  (n,p    )  Ta185   8.93688E-08+- 7.47450E-02          W 185  (n,a    )  Hf182   3.57939E-07+- 7.14817E+01
    W 185  (n,a    )  Hf182m  5.01704E-09+- 1.04941E+01          W 186  (n,2n   )  W 185   2.34607E-03+- 0.00000E+00
    W 186  (n,2n   )  W 185m  6.33840E-04+- 0.00000E+00          W 186  (n,na   )  Hf182   9.71060E-11+- 3.62590E-01
    W 186  (n,na   )  Hf182m  2.46184E-12+- 7.26078E-03          W 186  (n,g    )  W 187   1.54786E+01+- 8.54145E+00
    W 186  (n,p    )  Ta186   2.69880E-09+- 9.57992E-05          W 186  (n,a    )  Hf183   1.57544E-08+- 7.39009E+00
    W 187  (n,2n   )  W 186   1.61896E-02+- 1.06875E+00          W 187  (n,na   )  Hf183   1.61613E-11+- 3.50001E-01
    W 187  (n,g    )  W 188   6.02747E+01+- 1.87211E+01          W 187  (n,p    )  Ta187   2.48332E-08+- 5.19394E-03
    W 187  (n,a    )  Hf184   2.36109E-08+- 2.30992E+01          W 187  (n,a    )  Hf184m  2.91820E-09+- 2.30992E+01
    W 188  (n,2n   )  W 187   5.15112E-03+- 0.00000E+00          W 188  (n,na   )  Hf184   3.42430E-12+- 1.37690E-01
    W 188  (n,na   )  Hf184m  1.33167E-12+- 1.37691E-01          W 188  (n,g    )  W 189   1.48387E+00+- 3.93678E+01
    W 188  (n,p    )  Ta188   3.61948E-10+- 1.91777E-07          W 188  (n,a    )  Hf185   8.97542E-09+- 1.05042E+01
    Re181  (n,2n   )  Re180   7.49878E-05+- 0.00000E+00          Re181  (n,na   )  Ta177   2.64914E-07+- 1.66459E+00
    Re181  (n,np   )  W 180   5.53811E-08+- 1.87264E-06          Re181  (n,g    )  Re182   7.63149E+00+- 7.81024E+01
    Re181  (n,g    )  Re182m  3.05171E+01+- 7.81025E+01          Re181  (n,p    )  W 181   1.41951E-05+- 2.28030E+01
    Re181  (n,d    )  W 180   1.39541E-08+- 8.92954E-04          Re181  (n,t    )  W 179   1.18267E-12+- 2.46828E-08
    Re181  (n,a    )  Ta178   3.10949E-04+- 8.45334E+01          Re181  (n,a    )  Ta178m  8.77035E-05+- 8.45334E+01
    Re182  (n,n    )  Re182m  2.21381E-01+- 9.48087E+01          Re182  (n,2n   )  Re181   1.67223E-03+- 0.00000E+00
    Re182  (n,na   )  Ta178   3.91986E-04+- 9.88075E+01          Re182  (n,na   )  Ta178m  2.50614E-04+- 9.88076E+01
    Re182  (n,np   )  W 181   7.16658E-09+- 2.86745E-08          Re182  (n,g    )  Re183   1.86874E+02+- 9.43378E+01
    Re182  (n,p    )  W 182   2.50375E-05+- 2.37389E+01          Re182  (n,d    )  W 181   9.74940E-09+- 1.47595E-04
    Re182  (n,t    )  W 180   2.71941E-10+- 3.90587E-07          Re182  (n,a    )  Ta179   3.46251E-04+- 5.98735E+01
    Re182m (n,n    )  Re182   3.20456E-02+- 8.32573E+01          Re182m (n,2n   )  Re181   3.86711E-03+- 0.00000E+00
    Re182m (n,na   )  Ta178   6.48559E-06+- 1.46290E+01          Re182m (n,na   )  Ta178m  2.59613E-06+- 1.49725E+01
    Re182m (n,2na  )  Ta177   2.24126E-10+- 3.24268E-09          Re182m (n,np   )  W 181   6.11466E-07+- 9.75633E-07
    Re182m (n,n2a  )  Lu174   9.00372E-12+- 1.60590E+00          Re182m (n,n2a  )  Lu174m  2.68062E-12+- 1.00916E+00
    Re182m (n,g    )  Re183   1.38449E+02+- 7.77112E+01          Re182m (n,p    )  W 182   8.81853E-03+- 4.99600E+01
    Re182m (n,d    )  W 181   3.92578E-08+- 2.60451E-02          Re182m (n,t    )  W 180   2.74051E-09+- 1.07082E-03
    Re182m (n,a    )  Ta179   3.30037E-02+- 5.99954E+01          Re182m (n,pa   )  Hf178   5.38969E-10+- 9.26629E+00
    Re182m (n,pa   )  Hf178m  5.45404E-12+- 2.32226E+00          Re183  (n,2n   )  Re182   2.64229E-05+- 0.00000E+00
    Re183  (n,2n   )  Re182m  4.37047E-05+- 0.00000E+00          Re183  (n,na   )  Ta179   1.97178E-08+- 5.57946E-01
    Re183  (n,np   )  W 182   6.03668E-09+- 1.13613E-09          Re183  (n,g    )  Re184   2.66232E+01+- 7.81024E+01
    Re183  (n,g    )  Re184m  4.33289E-01+- 7.81023E+01          Re183  (n,p    )  W 183   1.52066E-06+- 1.49426E+01
    Re183  (n,p    )  W 183m  6.82687E-07+- 1.06112E+01          Re183  (n,d    )  W 182   3.08450E-09+- 2.18722E-05
    Re183  (n,a    )  Ta180   1.36783E-05+- 8.20701E+01          Re183  (n,a    )  Ta180m  9.79729E-08+- 7.17792E+01
    Re184  (n,n    )  Re184m  2.36421E-02+- 8.42361E+01          Re184  (n,2n   )  Re183   5.26174E-03+- 0.00000E+00
    Re184  (n,na   )  Ta180   4.24943E-09+- 1.86312E+00          Re184  (n,na   )  Ta180m  1.79104E-09+- 1.00937E+00
    Re184  (n,np   )  W 183   1.66375E-10+- 1.91507E-10          Re184  (n,np   )  W 183m  2.11750E-10+- 2.47507E-08
    Re184  (n,g    )  Re185   1.99861E+03+- 7.30944E+01          Re184  (n,p    )  W 184   5.47415E-06+- 7.93181E+00
    Re184  (n,d    )  W 183   7.53481E-10+- 2.10324E-06          Re184  (n,d    )  W 183m  5.92020E-10+- 2.10392E-06
    Re184  (n,t    )  W 182   1.39065E-10+- 8.42629E-08          Re184  (n,a    )  Ta181   3.09308E-04+- 5.99423E+01
    Re184m (n,n    )  Re184   3.50389E-01+- 9.47048E+01          Re184m (n,2n   )  Re183   3.41705E-03+- 0.00000E+00
    Re184m (n,na   )  Ta180   3.39897E-09+- 1.81187E+00          Re184m (n,na   )  Ta180m  5.11087E-09+- 1.50325E+00
    Re184m (n,np   )  W 183   1.18067E-10+- 3.04331E-09          Re184m (n,np   )  W 183m  1.50267E-10+- 1.02964E-07
    Re184m (n,g    )  Re185   6.45278E+02+- 8.10278E+02          Re184m (n,p    )  W 184   2.57453E-06+- 4.06042E+00
    Re184m (n,d    )  W 183   1.09762E-09+- 2.24262E-06          Re184m (n,d    )  W 183m  8.62419E-10+- 2.24329E-06
    Re184m (n,t    )  W 182   2.43530E-11+- 1.04014E-08          Re184m (n,a    )  Ta181   2.22413E-04+- 5.99203E+01
    Re185  (n,2n   )  Re184   1.02231E-03+- 0.00000E+00          Re185  (n,2n   )  Re184m  2.44182E-04+- 0.00000E+00
    Re185  (n,na   )  Ta181   1.00253E-08+- 1.34365E+00          Re185  (n,np   )  W 184   6.74197E-11+- 8.57157E-11
    Re185  (n,g    )  Re186   5.17806E+01+- 4.26425E+01          Re185  (n,g    )  Re186m  1.48048E-01+- 4.24451E+01
    Re185  (n,p    )  W 185   4.21528E-07+- 2.00090E+00          Re185  (n,p    )  W 185m  2.38036E-07+- 7.76372E-01
    Re185  (n,d    )  W 184   7.41059E-10+- 1.17615E-07          Re185  (n,a    )  Ta182   2.59236E-06+- 7.27724E+01
    Re185  (n,a    )  Ta182m  1.53202E-06+- 7.02366E+01          Re185  (n,a    )  Ta182n  7.72630E-09+- 3.49613E+01
    Re186  (n,n    )  Re186m  6.52923E-03+- 7.27670E+01          Re186  (n,2n   )  Re185   7.52025E-03+- 0.00000E+00
    Re186  (n,na   )  Ta182   3.70177E-10+- 2.18474E+00          Re186  (n,na   )  Ta182m  5.72130E-10+- 1.71891E+00
    Re186  (n,na   )  Ta182n  4.81119E-11+- 2.20803E+00          Re186  (n,np   )  W 185   6.21646E-12+- 7.83478E-10
    Re186  (n,np   )  W 185m  7.91185E-12+- 3.53918E-08          Re186  (n,g    )  Re187   3.86079E+01+- 9.74824E+01
    Re186  (n,p    )  W 186   1.77056E-06+- 3.25584E+00          Re186  (n,d    )  W 185   1.10991E-10+- 1.48654E-09
    Re186  (n,d    )  W 185m  8.72071E-11+- 7.94487E-09          Re186  (n,t    )  W 184   4.60443E-11+- 2.61296E-09
    Re186  (n,a    )  Ta183   2.15190E-06+- 5.64889E+01          Re186m (n,n    )  Re186   3.15522E-01+- 9.70358E+01
    Re186m (n,2n   )  Re185   6.00168E-03+- 1.72471E-06          Re186m (n,na   )  Ta182   4.48071E-10+- 2.84513E+00
    Re186m (n,na   )  Ta182m  1.13457E-09+- 2.28035E+00          Re186m (n,na   )  Ta182n  5.82253E-11+- 2.84810E+00
    Re186m (n,np   )  W 185   5.60529E-12+- 5.90410E-09          Re186m (n,np   )  W 185m  7.13399E-12+- 1.91696E-07
    Re186m (n,g    )  Re187   3.86079E+01+- 9.74989E+01          Re186m (n,p    )  W 186   9.74308E-07+- 1.73108E+00
    Re186m (n,d    )  W 185   1.10676E-10+- 3.62773E-10          Re186m (n,d    )  W 185m  8.69595E-11+- 1.77096E-09
    Re186m (n,t    )  W 184   9.87860E-12+- 7.90780E-09          Re186m (n,a    )  Ta183   2.66132E-06+- 5.74515E+01
    Re187  (n,2n   )  Re186   1.93873E-03+- 0.00000E+00          Re187  (n,2n   )  Re186m  3.60117E-04+- 0.00000E+00
    Re187  (n,na   )  Ta183   8.21197E-10+- 4.90744E-01          Re187  (n,np   )  W 186   1.80276E-12+- 2.84704E-10
    Re187  (n,g    )  Re188   1.22619E+01+- 1.87688E+01          Re187  (n,g    )  Re188m  3.42020E-01+- 5.83533E+01
    Re187  (n,p    )  W 187   2.73538E-07+- 3.49803E-01          Re187  (n,d    )  W 186   9.14179E-11+- 1.56961E-09
    Re187  (n,a    )  Ta184   3.68175E-08+- 1.11455E+01          Re188  (n,n    )  Re188m  3.39348E-02+- 8.69099E+01
    Re188  (n,2n   )  Re187   1.02548E-02+- 5.07798E-02          Re188  (n,na   )  Ta184   1.16869E-10+- 2.52337E-01
    Re188  (n,g    )  Re189   5.82227E+00+- 9.44563E+01          Re188  (n,p    )  W 188   5.87243E-07+- 9.84019E-01
    Re188  (n,d    )  W 187   2.53066E-11+- 1.62711E-09          Re188  (n,t    )  W 186   1.34578E-11+- 3.36211E-09
    Re188  (n,a    )  Ta185   9.24249E-08+- 3.05433E+01          Re189  (n,2n   )  Re188   2.95082E-03+- 0.00000E+00
    Re189  (n,2n   )  Re188m  7.25969E-04+- 0.00000E+00          Re189  (n,na   )  Ta185   3.59061E-11+- 1.20752E-01
    Re189  (n,g    )  Re190   4.41004E+00+- 7.81023E+01          Re189  (n,g    )  Re190m  4.68769E-01+- 7.81020E+01
    Re189  (n,p    )  W 189   4.63849E-08+- 2.11213E-02          Re189  (n,d    )  W 188   6.77164E-12+- 6.38128E-09
    Re189  (n,a    )  Ta186   2.95059E-08+- 1.80886E+01          Os182  (n,2n   )  Os181   2.31641E-05+- 0.00000E+00
    Os182  (n,2n   )  Os181m  3.67198E-05+- 0.00000E+00          Os182  (n,na   )  W 178   6.65634E-07+- 4.95864E+00
    Os182  (n,np   )  Re181   5.44577E-09+- 4.18612E-10          Os182  (n,g    )  Os183   3.31708E+00+- 7.81022E+01
    Os182  (n,g    )  Os183m  3.31548E+00+- 7.81023E+01          Os182  (n,p    )  Re182   7.05829E-06+- 2.04835E+01
    Os182  (n,p    )  Re182m  6.51535E-06+- 2.04835E+01          Os182  (n,d    )  Re181   7.15197E-10+- 1.54428E-06
    Os182  (n,a    )  W 179   1.71393E-04+- 8.36708E+01          Os182  (n,a    )  W 179m  2.51676E-04+- 8.44936E+01
    Os182  (n,2a   )  Hf175   3.46982E-12+- 2.26802E+01          Os183  (n,n    )  Os183m  1.38906E-01+- 9.55851E+01
    Os183  (n,2n   )  Os182   9.10840E-04+- 0.00000E+00          Os183  (n,na   )  W 179   2.38927E-07+- 2.58127E+00
    Os183  (n,na   )  W 179m  3.11967E-08+- 2.59031E+00          Os183  (n,np   )  Re182   1.66859E-10+- 3.46998E-10
    Os183  (n,np   )  Re182m  2.50287E-10+- 2.62865E-08          Os183  (n,g    )  Os184   8.62856E+01+- 9.53773E+01
    Os183  (n,p    )  Re183   1.44899E-05+- 2.08118E+01          Os183  (n,d    )  Re182   2.02400E-10+- 4.94207E-08
    Os183  (n,d    )  Re182m  1.86830E-10+- 5.33889E-08          Os183  (n,t    )  Re181   1.29168E-12+- 9.37418E-09
    Os183  (n,a    )  W 180   6.33535E-04+- 5.98516E+01          Os183  (n,2a   )  Hf176   1.24427E-12+- 3.67942E+01
    Os183m (n,2n   )  Os182   1.06697E-03+- 0.00000E+00          Os183m (n,na   )  W 179   1.27720E-07+- 2.66897E+00
    Os183m (n,na   )  W 179m  2.51323E-08+- 2.91107E+00          Os183m (n,np   )  Re182   1.30794E-10+- 3.40938E-11
    Os183m (n,np   )  Re182m  1.96191E-10+- 4.20476E-09          Os183m (n,g    )  Os184   1.02708E+02+- 8.15556E+01
    Os183m (n,p    )  Re183   1.38661E-05+- 2.28972E+01          Os183m (n,d    )  Re182   7.69654E-11+- 1.40789E-07
    Os183m (n,d    )  Re182m  7.10450E-11+- 1.44120E-07          Os183m (n,t    )  Re181   1.39861E-12+- 1.18135E-08
    Os183m (n,a    )  W 180   3.75936E-04+- 5.97760E+01          Os184  (n,2n   )  Os183   9.10767E-05+- 0.00000E+00
    Os184  (n,2n   )  Os183m  2.73046E-05+- 0.00000E+00          Os184  (n,na   )  W 180   1.31786E-07+- 2.25850E+00
    Os184  (n,np   )  Re183   3.35363E-10+- 1.27363E-10          Os184  (n,g    )  Os185   2.55529E+02+- 4.85406E+01
    Os184  (n,p    )  Re184   2.37487E-06+- 1.36043E+01          Os184  (n,p    )  Re184m  8.27379E-08+- 3.86350E+00
    Os184  (n,d    )  Re183   1.50162E-10+- 5.64780E-08          Os184  (n,a    )  W 181   7.82240E-04+- 5.99052E+01
    Os185  (n,2n   )  Os184   3.74359E-03+- 0.00000E+00          Os185  (n,na   )  W 181   7.02005E-08+- 2.41229E+00
    Os185  (n,np   )  Re184   5.77672E-11+- 2.03457E-10          Os185  (n,np   )  Re184m  5.88521E-12+- 0.00000E+00
    Os185  (n,g    )  Os186   2.06645E+01+- 1.90776E+02          Os185  (n,p    )  Re185   3.15802E-06+- 6.82814E+00
    Os185  (n,d    )  Re184   1.24971E-10+- 3.98365E-09          Os185  (n,d    )  Re184m  1.73553E-11+- 1.74597E-09
    Os185  (n,t    )  Re183   1.88075E-12+- 1.32172E-08          Os185  (n,a    )  W 182   1.92867E-04+- 5.97568E+01
    Os186  (n,2n   )  Os185   6.13525E-04+- 0.00000E+00          Os186  (n,na   )  W 182   5.50908E-08+- 2.22308E+00
    Os186  (n,np   )  Re185   2.85415E-12+- 0.00000E+00          Os186  (n,g    )  Os187   1.23995E+01+- 1.13185E+01
    Os186  (n,p    )  Re186   6.60825E-07+- 1.94841E+00          Os186  (n,p    )  Re186m  1.35771E-08+- 3.31645E-01
    Os186  (n,d    )  Re185   1.27092E-11+- 1.21431E-08          Os186  (n,a    )  W 183   5.78442E-06+- 8.13212E+01
    Os186  (n,a    )  W 183m  1.09640E-05+- 8.37546E+01          Os187  (n,2n   )  Os186   5.68872E-03+- 0.00000E+00
    Os187  (n,na   )  W 183   8.56386E-09+- 3.57566E+00          Os187  (n,na   )  W 183m  1.94596E-09+- 1.69190E+00
    Os187  (n,g    )  Os188   3.33206E+01+- 2.08783E+01          Os187  (n,p    )  Re187   9.17857E-07+- 2.36992E+00
    Os187  (n,d    )  Re186   3.24346E-12+- 1.12349E-08          Os187  (n,a    )  W 184   1.10691E-05+- 6.73724E+01
    Os188  (n,2n   )  Os187   1.15188E-03+- 0.00000E+00          Os188  (n,na   )  W 184   4.76208E-09+- 6.94093E-01
    Os188  (n,g    )  Os189   3.60262E+00+- 7.81017E+01          Os188  (n,g    )  Os189m  1.17113E+00+- 7.81014E+01
    Os188  (n,p    )  Re188   7.26339E-08+- 2.14800E-01          Os188  (n,p    )  Re188m  8.27444E-09+- 9.20344E-02
    Os188  (n,a    )  W 185   8.74126E-06+- 9.06112E+01          Os188  (n,a    )  W 185m  2.16750E-05+- 9.19793E+01
    Os189  (n,n    )  Os189m  1.59089E-01+- 9.50439E+01          Os189  (n,2n   )  Os188   8.29357E-03+- 1.08495E-02
    Os189  (n,na   )  W 185   8.12291E-10+- 1.94976E+00          Os189  (n,na   )  W 185m  2.19508E-10+- 9.48585E-01
    Os189  (n,g    )  Os190   2.04101E+01+- 2.53895E+01          Os189  (n,g    )  Os190m  1.92102E-04+- 6.51233E+01
    Os189  (n,p    )  Re189   7.07942E-07+- 2.02529E-01          Os189  (n,a    )  W 186   6.83055E-06+- 8.98068E+01
    Os190  (n,n    )  Os190m  2.20375E-02+- 4.64113E+01          Os190  (n,2n   )  Os189   9.49908E-04+- 0.00000E+00
    Os190  (n,2n   )  Os189m  8.37256E-04+- 0.00000E+00          Os190  (n,na   )  W 186   3.35959E-10+- 1.66945E-01
    Os190  (n,g    )  Os191   5.13764E-01+- 9.04974E+00          Os190  (n,g    )  Os191m  1.15290E+00+- 1.19454E+01
    Os190  (n,p    )  Re190   1.95813E-08+- 2.71995E-01          Os190  (n,p    )  Re190m  1.52646E-09+- 3.07733E-02
    Os190  (n,a    )  W 187   2.32320E-06+- 7.15183E+01          Os191  (n,n    )  Os191m  3.94011E-02+- 9.78288E+01
    Os191  (n,2n   )  Os190   6.22174E-03+- 9.30642E-02          Os191  (n,2n   )  Os190m  5.29376E-04+- 0.00000E+00
    Os191  (n,na   )  W 187   3.76589E-11+- 1.35365E-01          Os191  (n,g    )  Os192   3.48402E+01+- 7.81025E+01
    Os191  (n,g    )  Os192m  8.04118E-02+- 7.81023E+01          Os191  (n,p    )  Re191   6.59763E-08+- 4.97665E-02
    Os191  (n,a    )  W 188   7.40961E-08+- 3.02406E+01          Os191m (n,n    )  Os191   1.42984E+00+- 9.87328E+01
    Os191m (n,2n   )  Os190   9.63462E-03+- 2.85200E-01          Os191m (n,2n   )  Os190m  7.31120E-04+- 0.00000E+00
    Os191m (n,na   )  W 187   4.97143E-11+- 1.39794E-01          Os191m (n,g    )  Os192   3.57757E+00+- 7.81021E+01
    Os191m (n,g    )  Os192m  8.25990E-03+- 7.81003E+01          Os191m (n,p    )  Re191   4.41802E-08+- 6.65988E-02
    Os191m (n,a    )  W 188   9.03087E-08+- 4.44665E+01          Os192  (n,n    )  Os192m  1.15228E-04+- 1.29604E+01
    Os192  (n,2n   )  Os191   9.32886E-04+- 0.00000E+00          Os192  (n,2n   )  Os191m  6.03466E-04+- 0.00000E+00
    Os192  (n,na   )  W 188   3.47346E-12+- 1.31269E-02          Os192  (n,g    )  Os193   4.89284E-01+- 7.25922E+01
    Os192  (n,p    )  Re192   6.24257E-09+- 7.49839E-01          Os192  (n,a    )  W 189   9.51611E-07+- 8.11879E+01
    Os193  (n,2n   )  Os192   1.02394E-02+- 7.96790E-01          Os193  (n,2n   )  Os192m  6.09615E-04+- 0.00000E+00
    Os193  (n,g    )  Os194   3.17787E+00+- 2.47099E+01          Os193  (n,p    )  Re193   2.45356E-08+- 1.35833E-02
    Os193  (n,a    )  W 190   1.03535E-08+- 2.52511E+00          Os194  (n,2n   )  Os193   3.27136E-03+- 0.00000E+00
    Os194  (n,na   )  W 190   1.59796E-12+- 2.30209E-03          Os194  (n,g    )  Os195   3.62077E-01+- 8.71657E+02
    Os194  (n,p    )  Re194   3.28951E-10+- 1.16901E-06          Os194  (n,a    )  W 191   1.19274E-09+- 1.11305E+01
    Ir185  (n,2n   )  Ir184   5.75349E-05+- 0.00000E+00          Ir185  (n,na   )  Re181   4.38585E-07+- 3.34683E+00
    Ir185  (n,np   )  Os184   2.33639E-07+- 4.74525E-04          Ir185  (n,g    )  Ir186   8.32888E+00+- 7.81024E+01
    Ir185  (n,g    )  Ir186m  3.33038E+01+- 7.81025E+01          Ir185  (n,p    )  Os185   6.04212E-05+- 3.83408E+01
    Ir185  (n,d    )  Os184   5.14468E-08+- 4.14443E-03          Ir185  (n,t    )  Os183   3.66055E-12+- 1.11939E-08
    Ir185  (n,t    )  Os183m  2.05558E-12+- 8.47409E-09          Ir185  (n,a    )  Re182   1.62117E-04+- 8.40599E+01
    Ir185  (n,a    )  Re182m  1.49647E-04+- 8.40599E+01          Ir185  (n,pa   )  W 181   1.30706E-12+- 5.96170E-01
    Ir186  (n,n    )  Ir186m  3.80918E-02+- 9.22418E+01          Ir186  (n,2n   )  Ir185   2.95265E-03+- 0.00000E+00
    Ir186  (n,na   )  Re182   1.13476E-07+- 4.22420E+00          Ir186  (n,na   )  Re182m  1.70215E-07+- 4.22419E+00
    Ir186  (n,np   )  Os185   7.06246E-08+- 1.65493E-04          Ir186  (n,g    )  Ir187   1.63971E+02+- 9.40842E+01
    Ir186  (n,p    )  Os186   7.49861E-04+- 4.84409E+01          Ir186  (n,d    )  Os185   3.61042E-08+- 2.21891E-03
    Ir186  (n,t    )  Os184   2.36782E-09+- 4.04403E-05          Ir186  (n,a    )  Re183   3.78728E-03+- 5.99634E+01
    Ir186  (n,2a   )  Ta179   2.21130E-12+- 3.68167E+01          Ir186  (n,pa   )  W 182   5.41110E-12+- 3.92522E+00
    Ir187  (n,2n   )  Ir186   2.63388E-05+- 0.00000E+00          Ir187  (n,2n   )  Ir186m  4.53308E-05+- 0.00000E+00
    Ir187  (n,na   )  Re183   2.79124E-07+- 3.65846E+00          Ir187  (n,np   )  Os186   3.37062E-08+- 3.89213E-06
    Ir187  (n,g    )  Ir188   5.00268E+01+- 1.03435E+02          Ir187  (n,p    )  Os187   8.38583E-06+- 2.04388E+01
    Ir187  (n,d    )  Os186   1.73849E-08+- 8.61656E-04          Ir187  (n,t    )  Os185   2.87105E-12+- 4.42251E-09
    Ir187  (n,a    )  Re184   1.47571E-04+- 8.41531E+01          Ir187  (n,a    )  Re184m  1.45965E-06+- 7.94682E+01
    Ir188  (n,2n   )  Ir187   4.05824E-03+- 0.00000E+00          Ir188  (n,na   )  Re184   8.74881E-08+- 6.61270E+00
    Ir188  (n,na   )  Re184m  1.29474E-08+- 2.96435E+00          Ir188  (n,np   )  Os187   9.52644E-09+- 6.92507E-08
    Ir188  (n,g    )  Ir189   6.38889E+01+- 1.05125E+02          Ir188  (n,p    )  Os188   4.70293E-05+- 3.92508E+01
    Ir188  (n,d    )  Os187   8.07151E-09+- 1.72774E-04          Ir188  (n,t    )  Os186   6.31128E-10+- 6.59732E-06
    Ir188  (n,a    )  Re185   2.19737E-04+- 5.97949E+01          Ir189  (n,2n   )  Ir188   2.95098E-04+- 0.00000E+00
    Ir189  (n,na   )  Re185   3.86028E-08+- 1.51959E+00          Ir189  (n,np   )  Os188   2.53406E-09+- 1.73185E-09
    Ir189  (n,g    )  Ir190   7.25880E+00+- 7.81024E+01          Ir189  (n,g    )  Ir190m  1.08864E+01+- 7.81024E+01
    Ir189  (n,g    )  Ir190n  6.91639E-03+- 7.81019E+01          Ir189  (n,p    )  Os189   9.05450E-07+- 1.40522E+01
    Ir189  (n,p    )  Os189m  9.28489E-07+- 1.06532E+01          Ir189  (n,d    )  Os188   3.06679E-09+- 7.17744E-05
    Ir189  (n,a    )  Re186   1.28143E-05+- 8.22758E+01          Ir189  (n,a    )  Re186m  1.20716E-07+- 6.69956E+01
    Ir190  (n,n    )  Ir190m  1.21233E-01+- 9.74908E+01          Ir190  (n,n    )  Ir190n  1.21233E-01+- 9.74908E+01
    Ir190  (n,2n   )  Ir189   5.33360E-03+- 0.00000E+00          Ir190  (n,na   )  Re186   1.01021E-08+- 3.06227E+00
    Ir190  (n,na   )  Re186m  2.81326E-09+- 1.47415E+00          Ir190  (n,np   )  Os189   1.71479E-10+- 4.79675E-09
    Ir190  (n,np   )  Os189m  2.51554E-10+- 1.89181E-09          Ir190  (n,g    )  Ir191   3.24828E+01+- 7.81025E+01
    Ir190  (n,g    )  Ir191m  4.85467E+00+- 7.81024E+01          Ir190  (n,g    )  Ir191n  3.25004E-03+- 7.81023E+01
    Ir190  (n,p    )  Os190   5.72072E-06+- 1.47274E+01          Ir190  (n,p    )  Os190m  1.28687E-07+- 1.47274E+01
    Ir190  (n,d    )  Os189   9.55269E-10+- 5.93070E-06          Ir190  (n,d    )  Os189m  6.97136E-10+- 4.76338E-06
    Ir190  (n,t    )  Os188   2.81257E-10+- 2.06046E-06          Ir190  (n,a    )  Re187   3.58114E-05+- 5.95306E+01
    Ir191  (n,n    )  Ir191m  1.80305E-01+- 2.75888E+01          Ir191  (n,n    )  Ir191n  1.81993E-01+- 9.17888E+01
    Ir191  (n,2n   )  Ir190   1.32054E-03+- 0.00000E+00          Ir191  (n,2n   )  Ir190m  1.12389E-04+- 0.00000E+00
    Ir191  (n,2n   )  Ir190n  3.51490E-06+- 0.00000E+00          Ir191  (n,na   )  Re187   2.94798E-09+- 4.11006E-01
    Ir191  (n,np   )  Os190   4.45266E-11+- 1.11090E-09          Ir191  (n,np   )  Os190m  5.78741E-12+- 0.00000E+00
    Ir191  (n,g    )  Ir192   4.36215E+01+- 4.52537E+01          Ir191  (n,g    )  Ir192m  1.10723E+02+- 9.15880E+01
    Ir191  (n,g    )  Ir192n  2.68766E-02+- 3.45065E+01          Ir191  (n,p    )  Os191   3.24689E-07+- 3.35713E+00
    Ir191  (n,p    )  Os191m  3.73277E-07+- 4.31329E+00          Ir191  (n,d    )  Os190   5.37947E-10+- 1.58172E-06
    Ir191  (n,d    )  Os190m  1.21011E-11+- 1.58644E-06          Ir191  (n,a    )  Re188   2.47028E-06+- 8.19363E+01
    Ir191  (n,a    )  Re188m  4.23430E-08+- 2.73375E+01          Ir192  (n,n    )  Ir192m  1.35074E-01+- 9.72509E+01
    Ir192  (n,n    )  Ir192n  3.34396E-03+- 7.37457E+01          Ir192  (n,2n   )  Ir191   2.99599E-03+- 0.00000E+00
    Ir192  (n,2n   )  Ir191m  3.77273E-03+- 0.00000E+00          Ir192  (n,2n   )  Ir191n  1.11020E-05+- 0.00000E+00
    Ir192  (n,na   )  Re188   2.87112E-10+- 7.44237E-01          Ir192  (n,na   )  Re188m  1.09555E-10+- 2.79172E-01
    Ir192  (n,np   )  Os191   1.05553E-11+- 3.68872E-09          Ir192  (n,np   )  Os191m  1.63418E-12+- 1.54849E-09
    Ir192  (n,g    )  Ir193   3.11175E+02+- 7.81025E+01          Ir192  (n,g    )  Ir193m  4.81252E+01+- 7.81025E+01
    Ir192  (n,p    )  Os192   1.81921E-06+- 6.45865E+00          Ir192  (n,p    )  Os192m  4.09229E-08+- 6.45863E+00
    Ir192  (n,d    )  Os191   1.17550E-10+- 6.36539E-09          Ir192  (n,d    )  Os191m  2.56868E-11+- 1.03247E-08
    Ir192  (n,t    )  Os190   4.57508E-11+- 1.30474E-08          Ir192  (n,t    )  Os190m  1.02916E-12+- 2.16215E-08
    Ir192  (n,a    )  Re189   1.67638E-05+- 8.35543E+01          Ir192n (n,n    )  Ir192   1.20154E-01+- 9.51626E+01
    Ir192n (n,n    )  Ir192m  1.35582E-03+- 8.28712E+01          Ir192n (n,2n   )  Ir191   1.90134E-03+- 1.03533E-06
    Ir192n (n,2n   )  Ir191m  3.97468E-03+- 0.00000E+00          Ir192n (n,2n   )  Ir191n  1.02435E-05+- 0.00000E+00
    Ir192n (n,na   )  Re188   3.58773E-10+- 9.09700E-01          Ir192n (n,na   )  Re188m  2.85853E-10+- 3.58938E-01
    Ir192n (n,np   )  Os191   8.13006E-12+- 1.58827E-09          Ir192n (n,g    )  Ir193   3.50777E+02+- 7.81025E+01
    Ir192n (n,g    )  Ir193m  5.24177E+01+- 7.81025E+01          Ir192n (n,p    )  Os192   9.41774E-07+- 3.12743E+00
    Ir192n (n,p    )  Os192m  2.11851E-08+- 3.12741E+00          Ir192n (n,d    )  Os191   5.04012E-09+- 9.34544E-09
    Ir192n (n,d    )  Os191m  5.54859E-10+- 7.87139E-09          Ir192n (n,t    )  Os190   3.80295E-10+- 1.10022E-09
    Ir192n (n,t    )  Os190m  8.55469E-12+- 2.38383E-09          Ir192n (n,a    )  Re189   4.98686E-06+- 8.27637E+01
    Ir193  (n,n    )  Ir193m  2.04084E-01+- 2.79543E+01          Ir193  (n,2n   )  Ir192   1.18399E-03+- 0.00000E+00
    Ir193  (n,2n   )  Ir192m  2.41466E-04+- 0.00000E+00          Ir193  (n,2n   )  Ir192n  4.54361E-05+- 0.00000E+00
    Ir193  (n,na   )  Re189   6.04108E-11+- 3.40812E-02          Ir193  (n,np   )  Os192   1.15268E-12+- 2.66309E-09
    Ir193  (n,g    )  Ir194   2.71889E+01+- 7.81025E+01          Ir193  (n,g    )  Ir194m  1.46416E+01+- 7.81024E+01
    Ir193  (n,g    )  Ir194n  6.27019E-02+- 7.81024E+01          Ir193  (n,p    )  Os193   2.80386E-07+- 4.56698E-01
    Ir193  (n,d    )  Os192   6.11235E-11+- 1.26427E-09          Ir193  (n,d    )  Os192m  1.37497E-12+- 7.77660E-08
    Ir193  (n,a    )  Re190   6.21350E-09+- 6.91428E+00          Ir193  (n,a    )  Re190m  3.50311E-09+- 3.01856E+00
    Ir193m (n,n    )  Ir193   1.74874E-01+- 9.62001E+01          Ir193m (n,2n   )  Ir192   1.27202E-03+- 0.00000E+00
    Ir193m (n,2n   )  Ir192m  4.21407E-04+- 0.00000E+00          Ir193m (n,2n   )  Ir192n  9.16283E-05+- 0.00000E+00
    Ir193m (n,na   )  Re189   6.78359E-11+- 5.61923E-02          Ir193m (n,g    )  Ir194   2.71889E+01+- 7.81025E+01
    Ir193m (n,g    )  Ir194m  1.46416E+01+- 7.81024E+01          Ir193m (n,g    )  Ir194n  6.27019E-02+- 7.81024E+01
    Ir193m (n,p    )  Os193   1.20622E-07+- 2.56478E-01          Ir193m (n,d    )  Os192   7.27051E-12+- 1.66202E-08
    Ir193m (n,a    )  Re190   1.87065E-08+- 1.16406E+01          Ir193m (n,a    )  Re190m  1.15789E-08+- 1.07199E+01
    Ir194  (n,n    )  Ir194m  1.90215E-03+- 7.07807E+01          Ir194  (n,n    )  Ir194n  1.90215E-03+- 7.07807E+01
    Ir194  (n,2n   )  Ir193   3.99373E-03+- 0.00000E+00          Ir194  (n,2n   )  Ir193m  4.71147E-03+- 0.00000E+00
    Ir194  (n,na   )  Re190   3.92798E-12+- 1.53320E-02          Ir194  (n,na   )  Re190m  2.86436E-12+- 4.27595E-03
    Ir194  (n,g    )  Ir195   1.38861E+02+- 7.81025E+01          Ir194  (n,g    )  Ir195m  2.07496E+01+- 7.81025E+01
    Ir194  (n,p    )  Os194   5.32938E-07+- 1.25453E+00          Ir194  (n,d    )  Os193   1.17608E-11+- 1.20487E-09
    Ir194  (n,t    )  Os192   6.17876E-12+- 7.86623E-09          Ir194  (n,a    )  Re191   7.23456E-08+- 3.93864E+01
    Ir194n (n,n    )  Ir194   2.72411E-01+- 9.87799E+01          Ir194n (n,n    )  Ir194m  2.72411E-01+- 9.87799E+01
    Ir194n (n,2n   )  Ir193   5.86387E-03+- 2.25303E+00          Ir194n (n,2n   )  Ir193m  1.10382E-02+- 1.39191E+00
    Ir194n (n,na   )  Re190   1.90000E-10+- 1.15173E+02          Ir194n (n,na   )  Re190m  1.90000E-10+- 1.15173E+02
    Ir194n (n,np   )  Os193   2.49639E-10+- 8.28071E+00          Ir194n (n,g    )  Ir195   2.73195E+00+- 7.81021E+01
    Ir194n (n,g    )  Ir195m  4.08511E-01+- 7.81015E+01          Ir194n (n,p    )  Os194   1.08535E-06+- 2.87880E+00
    Ir194n (n,d    )  Os193   2.99009E-08+- 1.61514E+01          Ir194n (n,t    )  Os192   2.96336E-12+- 1.40023E-05
    Ir194n (n,h    )  Re192   1.32925E-11+- 0.00000E+00          Ir194n (n,a    )  Re191   7.65201E-08+- 1.57817E+00
    Ir196m (n,n    )  Ir196   1.45850E+01+- 9.99140E+01          Ir196m (n,2n   )  Ir195   8.46208E-03+- 3.43638E+00
    Ir196m (n,2n   )  Ir195m  9.41768E-03+- 2.86689E+00          Ir196m (n,na   )  Re192   4.98451E-11+- 5.31706E-02
    Ir196m (n,g    )  Ir197   8.77134E-01+- 7.81013E+01          Ir196m (n,g    )  Ir197m  1.31462E-01+- 7.80994E+01
    Ir196m (n,p    )  Os196   1.18497E-07+- 2.17244E-01          Ir196m (n,d    )  Os195   4.20097E-12+- 4.57043E-09
    Ir196m (n,a    )  Re193   4.63702E-08+- 2.85627E+01          Pt188  (n,2n   )  Pt187   3.00093E-05+- 0.00000E+00
    Pt188  (n,na   )  Os184   8.22074E-07+- 7.46272E+00          Pt188  (n,np   )  Ir187   1.68655E-09+- 1.97451E-09
    Pt188  (n,g    )  Pt189   6.18847E+00+- 3.93262E+02          Pt188  (n,p    )  Ir188   4.86670E-06+- 1.08703E+01
    Pt188  (n,d    )  Ir187   4.33508E-10+- 5.12417E-07          Pt188  (n,a    )  Os185   3.34062E-04+- 5.94857E+01
    Pt188  (n,2a   )  W 181   1.54910E-12+- 2.44068E+01          Pt189  (n,2n   )  Pt188   2.49203E-03+- 0.00000E+00
    Pt189  (n,na   )  Os185   1.13970E-06+- 6.89843E+00          Pt189  (n,np   )  Ir188   3.83366E-10+- 3.55974E-10
    Pt189  (n,g    )  Pt190   2.74844E+01+- 1.59117E+02          Pt189  (n,p    )  Ir189   1.09451E-05+- 2.22587E+01
    Pt189  (n,d    )  Ir188   3.64466E-10+- 7.35958E-08          Pt189  (n,t    )  Ir187   4.10234E-12+- 3.53884E-09
    Pt189  (n,a    )  Os186   7.45519E-04+- 5.98618E+01          Pt189  (n,2a   )  W 182   4.75935E-12+- 5.91496E+01
    Pt190  (n,2n   )  Pt189   9.05393E-05+- 0.00000E+00          Pt190  (n,na   )  Os186   1.05337E-07+- 2.27966E+00
    Pt190  (n,np   )  Ir189   1.64511E-11+- 0.00000E+00          Pt190  (n,g    )  Pt191   1.44765E+01+- 1.83247E+01
    Pt190  (n,p    )  Ir190   7.11449E-07+- 1.02638E+01          Pt190  (n,p    )  Ir190m  5.32399E-07+- 1.31545E+01
    Pt190  (n,p    )  Ir190n  6.46120E-09+- 1.02638E+01          Pt190  (n,d    )  Ir189   2.12478E-11+- 1.66908E-09
    Pt190  (n,a    )  Os187   6.19113E-04+- 8.55886E+01          Pt191  (n,2n   )  Pt190   3.83911E-03+- 0.00000E+00
    Pt191  (n,na   )  Os187   9.39289E-08+- 3.25908E+00          Pt191  (n,np   )  Ir190   5.36699E-12+- 0.00000E+00
    Pt191  (n,g    )  Pt192   2.09914E+01+- 1.48674E+02          Pt191  (n,p    )  Ir191   1.91961E-06+- 1.63890E+01
    Pt191  (n,p    )  Ir191m  8.11053E-07+- 1.15059E+01          Pt191  (n,p    )  Ir191n  2.12437E-09+- 1.63760E+01
    Pt191  (n,d    )  Ir190   9.13565E-12+- 1.47162E-09          Pt191  (n,a    )  Os188   9.47385E-05+- 5.96139E+01
    Pt192  (n,2n   )  Pt191   5.25870E-04+- 0.00000E+00          Pt192  (n,na   )  Os188   1.00862E-08+- 4.33575E-01
    Pt192  (n,g    )  Pt193   4.19411E+00+- 4.26120E+01          Pt192  (n,g    )  Pt193m  1.39860E+00+- 4.27395E+01
    Pt192  (n,p    )  Ir192   1.68259E-07+- 2.83107E+00          Pt192  (n,p    )  Ir192m  1.24854E-07+- 3.66646E+00
    Pt192  (n,p    )  Ir192n  1.52808E-09+- 2.83109E+00          Pt192  (n,a    )  Os189   3.25848E-05+- 8.45767E+01
    Pt192  (n,a    )  Os189m  4.82952E-05+- 8.46256E+01          Pt193  (n,n    )  Pt193m  1.02403E-01+- 8.85770E+01
    Pt193  (n,2n   )  Pt192   5.11184E-03+- 0.00000E+00          Pt193  (n,na   )  Os189   1.62178E-09+- 1.17139E+00
    Pt193  (n,na   )  Os189m  1.34149E-09+- 7.94006E-01          Pt193  (n,g    )  Pt194   9.14276E+00+- 2.33588E+02
    Pt193  (n,p    )  Ir193   6.77894E-07+- 6.60226E+00          Pt193  (n,p    )  Ir193m  2.28863E-07+- 4.32327E+00
    Pt193  (n,a    )  Os190   5.56798E-06+- 8.18801E+01          Pt193  (n,a    )  Os190m  1.25251E-07+- 8.18801E+01
    Pt193m (n,n    )  Pt193   9.45290E-02+- 9.60775E+01          Pt193m (n,2n   )  Pt192   3.70303E-03+- 0.00000E+00
    Pt193m (n,na   )  Os189   3.77453E-09+- 1.47070E+00          Pt193m (n,na   )  Os189m  3.91859E-09+- 1.33433E+00
    Pt193m (n,g    )  Pt194   7.77857E+00+- 2.70532E+02          Pt193m (n,p    )  Ir193   4.77168E-07+- 3.90931E+00
    Pt193m (n,p    )  Ir193m  2.57787E-07+- 4.13952E+00          Pt193m (n,d    )  Ir192   1.07798E-12+- 3.09954E-08
    Pt193m (n,a    )  Os190   4.47712E-06+- 8.18521E+01          Pt193m (n,a    )  Os190m  1.00712E-07+- 8.18520E+01
    Pt194  (n,2n   )  Pt193   3.89800E-04+- 0.00000E+00          Pt194  (n,2n   )  Pt193m  3.60585E-04+- 0.00000E+00
    Pt194  (n,na   )  Os190   1.03351E-09+- 1.00644E-01          Pt194  (n,na   )  Os190m  1.34297E-10+- 1.00645E-01
    Pt194  (n,g    )  Pt195   3.09662E-01+- 5.70782E+02          Pt194  (n,g    )  Pt195m  1.94255E-02+- 4.53032E+01
    Pt194  (n,p    )  Ir194   6.78204E-08+- 1.83181E-01          Pt194  (n,p    )  Ir194m  1.01923E-09+- 1.83182E-01
    Pt194  (n,p    )  Ir194n  5.92434E-10+- 4.09606E-01          Pt194  (n,a    )  Os191   6.22474E-07+- 7.78608E+01
    Pt194  (n,a    )  Os191m  4.38185E-07+- 7.57134E+01          Pt195  (n,n    )  Pt195m  7.61506E-02+- 8.78831E+01
    Pt195  (n,2n   )  Pt194   5.40849E-03+- 0.00000E+00          Pt195  (n,na   )  Os191   9.84851E-11+- 5.46433E-02
    Pt195  (n,na   )  Os191m  1.06361E-11+- 9.60225E-02          Pt195  (n,g    )  Pt196   1.20918E+01+- 4.19808E+01
    Pt195  (n,p    )  Ir195   2.22716E-07+- 4.02528E-01          Pt195  (n,p    )  Ir195m  3.30293E-08+- 2.31214E-01
    Pt195  (n,a    )  Os192   2.17933E-06+- 8.23011E+01          Pt195  (n,a    )  Os192m  4.90239E-08+- 8.23011E+01
    Pt195m (n,n    )  Pt195   1.77599E-01+- 9.68322E+01          Pt195m (n,2n   )  Pt194   4.71351E-03+- 5.20816E-03
    Pt195m (n,na   )  Os191   2.31571E-10+- 1.77629E-01          Pt195m (n,na   )  Os191m  1.16936E-11+- 3.35724E-01
    Pt195m (n,g    )  Pt196   1.21509E+01+- 1.70496E+02          Pt195m (n,p    )  Ir195   1.32552E-07+- 5.19676E-01
    Pt195m (n,p    )  Ir195m  4.75538E-08+- 4.89372E-01          Pt195m (n,a    )  Os192   4.87672E-07+- 7.51129E+01
    Pt195m (n,a    )  Os192m  1.09701E-08+- 7.51129E+01          Pt196  (n,2n   )  Pt195   7.90936E-04+- 0.00000E+00
    Pt196  (n,2n   )  Pt195m  4.20963E-04+- 0.00000E+00          Pt196  (n,na   )  Os192   2.93656E-11+- 1.88580E-02
    Pt196  (n,na   )  Os192m  3.81587E-12+- 1.88580E-02          Pt196  (n,g    )  Pt197   2.75360E-01+- 4.36207E+01
    Pt196  (n,g    )  Pt197m  2.31823E-02+- 1.74306E+01          Pt196  (n,p    )  Ir196   4.11515E-09+- 1.40412E-03
    Pt196  (n,p    )  Ir196m  1.21663E-10+- 9.47407E-04          Pt196  (n,a    )  Os193   2.12931E-08+- 6.88480E+00
    Pt197  (n,n    )  Pt197m  5.82820E-02+- 8.61041E+01          Pt197  (n,2n   )  Pt196   7.55697E-03+- 3.62122E-02
    Pt197  (n,na   )  Os193   5.81718E-12+- 1.40914E-02          Pt197  (n,g    )  Pt198   8.29841E-01+- 8.02848E+02
    Pt197  (n,p    )  Ir197   2.32413E-08+- 1.21945E-01          Pt197  (n,p    )  Ir197m  1.74186E-08+- 7.43751E-02
    Pt197  (n,a    )  Os194   2.66920E-08+- 1.18385E+01          Pt198  (n,2n   )  Pt197   1.50658E-03+- 0.00000E+00
    Pt198  (n,2n   )  Pt197m  6.04270E-04+- 0.00000E+00          Pt198  (n,g    )  Pt199   1.76006E+00+- 1.21561E+01
    Pt198  (n,g    )  Pt199m  1.35063E-02+- 2.38507E+01          Pt198  (n,p    )  Ir198   1.27659E-09+- 1.75327E-04
    Pt198  (n,a    )  Os195   7.12701E-10+- 6.04472E+00          Pt200  (n,2n   )  Pt199   2.16183E-03+- 0.00000E+00
    Pt200  (n,2n   )  Pt199m  5.90729E-04+- 0.00000E+00          Pt200  (n,g    )  Pt201   1.36179E-01+- 7.96111E+02
    Pt200  (n,p    )  Ir200   2.55456E-11+- 3.07183E-09          Pt200  (n,a    )  Os197   1.68432E-11+- 1.26089E+00
    Pt202  (n,2n   )  Pt201   4.31529E-03+- 0.00000E+00          Pt202  (n,g    )  Pt203   2.18134E-01+- 7.86904E+02
    Pt202  (n,p    )  Ir202   1.12939E-11+- 2.56880E-09          Pt202  (n,a    )  Os199   3.63405E-11+- 1.18568E+00
    Au193  (n,n    )  Au193m  1.42295E-01+- 8.94016E+01          Au193  (n,2n   )  Au192   3.97860E-05+- 0.00000E+00
    Au193  (n,2n   )  Au192m  6.74761E-05+- 0.00000E+00          Au193  (n,2n   )  Au192n  2.70416E-06+- 0.00000E+00
    Au193  (n,na   )  Ir189   1.59556E-08+- 6.93005E-01          Au193  (n,np   )  Pt192   4.20185E-09+- 2.81694E-08
    Au193  (n,g    )  Au194   1.57188E+01+- 7.81024E+01          Au193  (n,g    )  Au194m  3.45231E+00+- 7.81023E+01
    Au193  (n,g    )  Au194n  1.49644E-02+- 7.81021E+01          Au193  (n,p    )  Pt193   5.73399E-06+- 3.34334E+01
    Au193  (n,p    )  Pt193m  7.52141E-07+- 2.11759E+01          Au193  (n,d    )  Pt192   4.17344E-09+- 1.38464E-04
    Au193  (n,a    )  Ir190   2.52100E-06+- 7.52207E+01          Au193  (n,a    )  Ir190m  4.49654E-06+- 8.12397E+01
    Au193  (n,a    )  Ir190n  2.28951E-08+- 7.52207E+01          Au194  (n,n    )  Au194m  1.19713E-01+- 8.68264E+01
    Au194  (n,n    )  Au194n  1.42467E-04+- 3.05235E+01          Au194  (n,2n   )  Au193   1.55893E-03+- 0.00000E+00
    Au194  (n,2n   )  Au193m  1.01484E-03+- 0.00000E+00          Au194  (n,na   )  Ir190   1.35628E-09+- 3.15571E-01
    Au194  (n,na   )  Ir190m  1.59388E-10+- 4.43725E-01          Au194  (n,na   )  Ir190n  9.74090E-11+- 3.15531E-01
    Au194  (n,np   )  Pt193   4.55607E-10+- 1.95563E-10          Au194  (n,np   )  Pt193m  1.66391E-10+- 6.21639E-10
    Au194  (n,g    )  Au195   1.76282E+01+- 7.81024E+01          Au194  (n,g    )  Au195m  2.63500E+00+- 7.81023E+01
    Au194  (n,p    )  Pt194   1.10002E-05+- 1.99149E+01          Au194  (n,d    )  Pt193   3.27611E-10+- 6.11824E-06
    Au194  (n,d    )  Pt193m  1.20748E-10+- 9.70919E-07          Au194  (n,t    )  Pt192   3.99924E-11+- 4.57832E-08
    Au194  (n,a    )  Ir191   1.83767E-05+- 8.38882E+01          Au194  (n,a    )  Ir191m  1.95812E-06+- 8.08346E+01
    Au194  (n,a    )  Ir191n  2.02366E-08+- 8.38882E+01          Au195  (n,n    )  Au195m  1.63514E-01+- 9.03693E+01
    Au195  (n,2n   )  Au194   1.11021E-04+- 0.00000E+00          Au195  (n,2n   )  Au194m  1.01996E-04+- 0.00000E+00
    Au195  (n,2n   )  Au194n  4.90796E-07+- 0.00000E+00          Au195  (n,na   )  Ir191   3.13927E-10+- 1.05126E-01
    Au195  (n,na   )  Ir191m  2.37181E-10+- 5.84592E-02          Au195  (n,na   )  Ir191n  3.49161E-12+- 1.05126E-01
    Au195  (n,np   )  Pt194   2.14859E-10+- 1.38482E-10          Au195  (n,g    )  Au196   5.99315E+00+- 7.81023E+01
    Au195  (n,g    )  Au196m  1.31629E+00+- 7.81021E+01          Au195  (n,g    )  Au196n  2.40124E-03+- 7.81017E+01
    Au195  (n,p    )  Pt195   1.23844E-06+- 1.34067E+01          Au195  (n,p    )  Pt195m  1.90125E-07+- 7.53306E+00
    Au195  (n,d    )  Pt194   4.20807E-10+- 3.46780E-06          Au195  (n,a    )  Ir192   3.30634E-07+- 5.12490E+01
    Au195  (n,a    )  Ir192m  2.82916E-07+- 6.18544E+01          Au195  (n,a    )  Ir192n  3.00273E-09+- 5.12491E+01
    Au196  (n,n    )  Au196m  2.33347E-01+- 9.38901E+01          Au196  (n,n    )  Au196n  2.33347E-01+- 9.38901E+01
    Au196  (n,2n   )  Au195   2.17540E-03+- 0.00000E+00          Au196  (n,2n   )  Au195m  1.82852E-03+- 0.00000E+00
    Au196  (n,na   )  Ir192   1.48987E-10+- 7.66215E-02          Au196  (n,na   )  Ir192m  8.33313E-12+- 1.12577E-01
    Au196  (n,na   )  Ir192n  1.06990E-11+- 7.66213E-02          Au196  (n,np   )  Pt195   1.22572E-11+- 1.35076E-10
    Au196  (n,np   )  Pt195m  9.63063E-12+- 1.18444E-08          Au196  (n,g    )  Au197   8.69869E+00+- 1.95370E+02
    Au196  (n,g    )  Au197m  1.30047E+00+- 1.95272E+02          Au196  (n,p    )  Pt196   2.94900E-06+- 6.39989E+00
    Au196  (n,d    )  Pt195   6.35435E-11+- 1.07283E-08          Au196  (n,d    )  Pt195m  2.72330E-11+- 1.64579E-08
    Au196  (n,t    )  Pt194   1.23969E-11+- 1.16038E-08          Au196  (n,a    )  Ir193   1.42345E-06+- 7.97298E+01
    Au196  (n,a    )  Ir193m  2.14884E-07+- 6.87658E+01          Au196n (n,2n   )  Au195   7.36996E-05+- 0.00000E+00
    Au196n (n,2n   )  Au195m  9.04177E-04+- 0.00000E+00          Au196n (n,na   )  Ir192   1.37359E-10+- 1.33544E-01
    Au196n (n,na   )  Ir192m  1.65984E-11+- 1.39134E-01          Au196n (n,na   )  Ir192n  3.14524E-10+- 9.31002E-02
    Au196n (n,np   )  Pt195   2.69487E-12+- 1.15102E-08          Au196n (n,np   )  Pt195m  1.63282E-11+- 6.92707E-09
    Au196n (n,g    )  Au197   1.55198E-01+- 1.70958E+02          Au196n (n,g    )  Au197m  2.14607E+01+- 1.75662E+02
    Au196n (n,p    )  Pt196   5.05400E-07+- 1.03925E+00          Au196n (n,d    )  Pt195   1.36038E-12+- 1.31068E-06
    Au196n (n,d    )  Pt195m  1.38397E-12+- 2.69318E-05          Au196n (n,a    )  Ir193   8.42399E-08+- 5.67072E+01
    Au196n (n,a    )  Ir193m  1.08011E-07+- 6.74848E+01          Au197  (n,n    )  Au197m  2.04234E-01+- 1.83558E+01
    Au197  (n,2n   )  Au196   6.43174E-04+- 0.00000E+00          Au197  (n,2n   )  Au196m  4.17530E-05+- 0.00000E+00
    Au197  (n,2n   )  Au196n  4.82902E-06+- 0.00000E+00          Au197  (n,na   )  Ir193   5.33203E-11+- 2.72236E-02
    Au197  (n,na   )  Ir193m  5.68824E-11+- 1.46466E-02          Au197  (n,np   )  Pt196   3.20048E-12+- 5.26766E-09
    Au197  (n,g    )  Au198   4.03703E+01+- 4.25286E+01          Au197  (n,g    )  Au198m  2.04799E-02+- 4.25116E+01
    Au197  (n,p    )  Pt197   3.10660E-07+- 1.44615E+00          Au197  (n,p    )  Pt197m  5.50603E-08+- 6.61220E-01
    Au197  (n,d    )  Pt196   5.03124E-11+- 1.13389E-08          Au197  (n,a    )  Ir194   6.54035E-08+- 1.31397E+01
    Au197  (n,a    )  Ir194m  2.32942E-09+- 1.31392E+01          Au197  (n,a    )  Ir194n  6.33993E-10+- 3.21730E+01
    Au198  (n,n    )  Au198m  9.99885E-04+- 5.59648E+01          Au198  (n,2n   )  Au197   2.63496E-03+- 0.00000E+00
    Au198  (n,2n   )  Au197m  1.72186E-03+- 0.00000E+00          Au198  (n,na   )  Ir194   2.87407E-12+- 3.27133E-03
    Au198  (n,na   )  Ir194m  7.39046E-12+- 3.27133E-03          Au198  (n,g    )  Au199   4.61923E+03+- 7.24672E+00
    Au198  (n,p    )  Pt198   8.27131E-07+- 1.97845E+00          Au198  (n,d    )  Pt197   4.85550E-12+- 1.69711E-08
    Au198  (n,d    )  Pt197m  2.08093E-12+- 2.07879E-07          Au198  (n,a    )  Ir195   1.54567E-06+- 8.35550E+01
    Au198  (n,a    )  Ir195m  1.32372E-07+- 7.83125E+01          Au198m (n,n    )  Au198   2.49668E-01+- 9.37857E+01
    Au198m (n,2n   )  Au197   9.22489E-04+- 8.13274E-02          Au198m (n,2n   )  Au197m  2.13915E-03+- 0.00000E+00
    Au198m (n,na   )  Ir194   1.59592E-11+- 1.22916E-02          Au198m (n,na   )  Ir194m  4.10381E-11+- 1.22915E-02
    Au198m (n,na   )  Ir194n  2.07380E-12+- 1.22915E-02          Au198m (n,g    )  Au199   1.92329E+03+- 8.92034E+02
    Au198m (n,p    )  Pt198   7.30699E-08+- 1.61226E-01          Au198m (n,a    )  Ir195   1.46229E-07+- 8.46398E+01
    Au198m (n,a    )  Ir195m  2.77253E-07+- 8.47009E+01          Au199  (n,2n   )  Au198   1.47371E-03+- 0.00000E+00
    Au199  (n,2n   )  Au198m  4.15710E-05+- 0.00000E+00          Au199  (n,na   )  Ir195   1.64527E-12+- 1.16954E-03
    Au199  (n,na   )  Ir195m  1.41605E-12+- 6.02130E-04          Au199  (n,g    )  Au200   1.71842E+01+- 7.81024E+01
    Au199  (n,g    )  Au200m  6.87949E-03+- 7.81020E+01          Au199  (n,p    )  Pt199   7.10425E-08+- 8.66763E-01
    Au199  (n,p    )  Pt199m  8.82851E-09+- 2.22741E-01          Au199  (n,d    )  Pt198   3.31021E-12+- 4.56307E-09
    Au199  (n,a    )  Ir196   1.29617E-09+- 6.83198E+00          Au199  (n,a    )  Ir196m  1.56286E-10+- 7.67456E+00
    Au200m (n,n    )  Au200   3.62496E+00+- 9.95649E+01          Au200m (n,2n   )  Au199   1.67174E-03+- 1.33912E-02
    Au200m (n,g    )  Au201   7.99291E-01+- 6.95804E+02          Au200m (n,p    )  Pt200   1.19863E-07+- 2.00298E-01
    Au200m (n,d    )  Pt199   6.60165E-12+- 4.40370E-09          Au200m (n,d    )  Pt199m  2.82928E-12+- 2.51499E-08
    Au200m (n,a    )  Ir197   9.56262E-09+- 5.54558E+00          Au200m (n,a    )  Ir197m  7.32811E-09+- 6.16297E+00
    Hg193  (n,n    )  Hg193m  4.20327E-02+- 8.12032E+01          Hg193  (n,2n   )  Hg192   1.05238E-03+- 0.00000E+00
    Hg193  (n,na   )  Pt189   1.19085E-07+- 1.93648E+00          Hg193  (n,np   )  Au192   1.38498E-10+- 7.94617E-10
    Hg193  (n,np   )  Au192m  2.25971E-10+- 4.34655E-08          Hg193  (n,np   )  Au192n  9.94571E-12+- 4.34656E-08
    Hg193  (n,g    )  Hg194   1.88380E+01+- 1.87556E+02          Hg193  (n,p    )  Au193   3.03256E-05+- 5.86886E+01
    Hg193  (n,p    )  Au193m  5.65145E-06+- 3.87146E+01          Hg193  (n,d    )  Au192   4.66903E-11+- 1.41962E-08
    Hg193  (n,d    )  Au192m  5.05811E-11+- 2.64377E-08          Hg193  (n,a    )  Pt190   2.17339E-04+- 5.95870E+01
    Hg193  (n,2a   )  Os186   5.13740E-12+- 4.26794E+01          Hg193m (n,n    )  Hg193   1.95269E-01+- 9.24489E+01
    Hg193m (n,2n   )  Hg192   5.15592E-04+- 0.00000E+00          Hg193m (n,na   )  Pt189   2.08866E-07+- 2.11765E+00
    Hg193m (n,np   )  Au192   1.50601E-10+- 7.87926E-11          Hg193m (n,np   )  Au192m  2.45718E-10+- 9.63346E-09
    Hg193m (n,np   )  Au192n  1.08149E-11+- 9.63346E-09          Hg193m (n,g    )  Hg194   1.88380E+01+- 1.87556E+02
    Hg193m (n,p    )  Au193   1.13756E-05+- 4.48023E+01          Hg193m (n,p    )  Au193m  6.67619E-06+- 4.20354E+01
    Hg193m (n,d    )  Au192   1.02790E-10+- 3.43719E-09          Hg193m (n,d    )  Au192m  1.11356E-10+- 7.18529E-09
    Hg193m (n,a    )  Pt190   1.38368E-04+- 5.94392E+01          Hg193m (n,2a   )  Os186   8.54412E-12+- 5.09349E+01
    Hg194  (n,2n   )  Hg193   1.42017E-05+- 0.00000E+00          Hg194  (n,2n   )  Hg193m  2.63760E-06+- 0.00000E+00
    Hg194  (n,na   )  Pt190   1.20839E-08+- 9.07083E-01          Hg194  (n,np   )  Au193   1.84589E-11+- 0.00000E+00
    Hg194  (n,np   )  Au193m  3.20590E-12+- 0.00000E+00          Hg194  (n,g    )  Hg195   2.31782E+00+- 7.81017E+01
    Hg194  (n,g    )  Hg195m  1.53985E-01+- 7.80997E+01          Hg194  (n,p    )  Au194   1.55847E-06+- 1.84119E+01
    Hg194  (n,p    )  Au194m  8.22840E-07+- 7.38221E+00          Hg194  (n,p    )  Au194n  4.73189E-09+- 1.54060E+00
    Hg194  (n,d    )  Au193   9.15338E-12+- 6.25330E-09          Hg194  (n,d    )  Au193m  3.37432E-12+- 1.28420E-08
    Hg194  (n,a    )  Pt191   6.95261E-06+- 5.29438E+01          Hg195  (n,n    )  Hg195m  1.15258E-01+- 8.84100E+01
    Hg195  (n,2n   )  Hg194   1.58248E-03+- 0.00000E+00          Hg195  (n,na   )  Pt191   9.42169E-09+- 3.35784E-01
    Hg195  (n,np   )  Au194   3.60778E-12+- 0.00000E+00          Hg195  (n,np   )  Au194m  3.83932E-12+- 0.00000E+00
    Hg195  (n,g    )  Hg196   7.65888E+00+- 3.19512E+02          Hg195  (n,p    )  Au195   5.08819E-06+- 3.37237E+01
    Hg195  (n,p    )  Au195m  1.33238E-06+- 1.82769E+01          Hg195  (n,d    )  Au194   6.28637E-12+- 1.58091E-09
    Hg195  (n,d    )  Au194m  5.31987E-12+- 1.45861E-07          Hg195  (n,a    )  Pt192   2.49731E-05+- 5.86720E+01
    Hg195m (n,n    )  Hg195   1.30340E-01+- 9.51494E+01          Hg195m (n,2n   )  Hg194   9.69672E-04+- 0.00000E+00
    Hg195m (n,na   )  Pt191   2.46265E-08+- 5.05224E-01          Hg195m (n,np   )  Au194   3.75156E-12+- 1.34721E-09
    Hg195m (n,np   )  Au194m  1.30033E-11+- 5.75733E-10          Hg195m (n,g    )  Hg196   7.65888E+00+- 3.19512E+02
    Hg195m (n,p    )  Au195   2.37850E-06+- 2.13833E+01          Hg195m (n,p    )  Au195m  1.43427E-06+- 2.00033E+01
    Hg195m (n,d    )  Au194   4.13287E-12+- 3.53656E-09          Hg195m (n,d    )  Au194m  1.13367E-11+- 1.39803E-08
    Hg195m (n,a    )  Pt192   1.98814E-05+- 5.86066E+01          Hg196  (n,2n   )  Hg195   6.11643E-05+- 0.00000E+00
    Hg196  (n,2n   )  Hg195m  3.59515E-05+- 0.00000E+00          Hg196  (n,na   )  Pt192   2.20444E-09+- 1.39251E-01
    Hg196  (n,g    )  Hg197   1.95418E+02+- 4.65048E+01          Hg196  (n,g    )  Hg197m  6.84098E+00+- 1.05581E+01
    Hg196  (n,p    )  Au196   4.82451E-07+- 8.21377E+00          Hg196  (n,p    )  Au196m  3.46956E-07+- 5.49430E+00
    Hg196  (n,p    )  Au196n  1.95523E-09+- 8.20806E+00          Hg196  (n,d    )  Au195   2.28251E-12+- 5.90212E-09
    Hg196  (n,a    )  Pt193   7.13186E-06+- 8.09431E+01          Hg196  (n,a    )  Pt193m  8.26705E-07+- 7.55335E+01
    Hg197  (n,n    )  Hg197m  7.25285E-02+- 8.57173E+01          Hg197  (n,2n   )  Hg196   1.96265E-03+- 0.00000E+00
    Hg197  (n,na   )  Pt193   4.03229E-10+- 8.82362E-02          Hg197  (n,na   )  Pt193m  4.49130E-10+- 2.87595E-02
    Hg197  (n,g    )  Hg198   2.32859E+00+- 5.69970E+02          Hg197  (n,p    )  Au197   1.15187E-06+- 1.24622E+01
    Hg197  (n,p    )  Au197m  3.28063E-07+- 5.91396E+00          Hg197  (n,a    )  Pt194   2.43121E-06+- 5.44914E+01
    Hg197m (n,n    )  Hg197   1.10814E+00+- 9.94105E+01          Hg197m (n,2n   )  Hg196   1.35830E-03+- 0.00000E+00
    Hg197m (n,na   )  Pt193   8.27675E-10+- 2.26078E-01          Hg197m (n,na   )  Pt193m  1.86922E-09+- 1.07746E-01
    Hg197m (n,g    )  Hg198   2.32859E+00+- 5.69970E+02          Hg197m (n,p    )  Au197   4.90423E-07+- 8.50077E+00
    Hg197m (n,p    )  Au197m  4.28393E-07+- 7.10988E+00          Hg197m (n,d    )  Au196   1.14398E-12+- 1.89042E-08
    Hg197m (n,d    )  Au196m  1.60446E-12+- 2.37924E-08          Hg197m (n,a    )  Pt194   1.96256E-06+- 5.47912E+01
    Hg198  (n,2n   )  Hg197   4.42600E-04+- 0.00000E+00          Hg198  (n,2n   )  Hg197m  3.63384E-04+- 0.00000E+00
    Hg198  (n,na   )  Pt194   2.99821E-10+- 2.86983E-02          Hg198  (n,g    )  Hg199   2.19272E+00+- 9.76799E+00
    Hg198  (n,g    )  Hg199m  2.21942E-02+- 5.02857E+01          Hg198  (n,p    )  Au198   3.16652E-07+- 3.13750E+00
    Hg198  (n,p    )  Au198m  1.27169E-09+- 3.13750E+00          Hg198  (n,a    )  Pt195   3.47059E-07+- 4.11356E+01
    Hg198  (n,a    )  Pt195m  6.86295E-08+- 2.97436E+01          Hg199  (n,n    )  Hg199m  6.93987E-02+- 1.70401E+01
    Hg199  (n,2n   )  Hg198   2.78113E-03+- 0.00000E+00          Hg199  (n,na   )  Pt195   3.58145E-11+- 1.23705E-02
    Hg199  (n,na   )  Pt195m  2.40058E-11+- 2.41325E-03          Hg199  (n,g    )  Hg200   1.45464E+02+- 9.13141E+00
    Hg199  (n,p    )  Au199   3.25710E-07+- 1.56860E+00          Hg199  (n,a    )  Pt196   7.02947E-06+- 9.38510E+01
    Hg200  (n,2n   )  Hg199   4.66997E-04+- 0.00000E+00          Hg200  (n,2n   )  Hg199m  1.36485E-04+- 0.00000E+00
    Hg200  (n,na   )  Pt196   9.96917E-12+- 2.36745E-03          Hg200  (n,g    )  Hg201   1.84525E-01+- 2.84055E+01
    Hg200  (n,p    )  Au200   4.53433E-08+- 2.74482E-01          Hg200  (n,p    )  Au200m  1.99281E-10+- 2.74481E-01
    Hg200  (n,a    )  Pt197   7.32764E-08+- 1.88326E+01          Hg200  (n,a    )  Pt197m  1.65403E-08+- 1.14214E+01
    Hg201  (n,2n   )  Hg200   4.65112E-03+- 0.00000E+00          Hg201  (n,na   )  Pt197   3.63280E-12+- 3.52866E-03
    Hg201  (n,na   )  Pt197m  1.78782E-12+- 4.42416E-04          Hg201  (n,g    )  Hg202   1.57978E+00+- 1.67027E+01
    Hg201  (n,p    )  Au201   1.00562E-07+- 6.33045E-01          Hg201  (n,a    )  Pt198   4.69042E-08+- 1.24434E+01
    Hg202  (n,2n   )  Hg201   1.08023E-03+- 0.00000E+00          Hg202  (n,g    )  Hg203   4.22159E-01+- 1.00025E+01
    Hg202  (n,p    )  Au202   1.20635E-08+- 2.37419E-02          Hg202  (n,a    )  Pt199   1.18789E-09+- 1.16484E+02
    Hg202  (n,a    )  Pt199m  2.73685E-10+- 5.16903E+01          Hg203  (n,2n   )  Hg202   5.24319E-03+- 1.59617E-03
    Hg203  (n,g    )  Hg204   4.18429E-01+- 8.21937E+02          Hg203  (n,p    )  Au203   3.20827E-08+- 1.47658E-01
    Hg203  (n,a    )  Pt200   1.57125E-08+- 7.69074E+00          Hg204  (n,2n   )  Hg203   1.64650E-03+- 0.00000E+00
    Hg204  (n,g    )  Hg205   5.58807E-02+- 1.70023E+01          Hg204  (n,p    )  Au204   2.00509E-09+- 4.84407E-04
    Hg204  (n,a    )  Pt201   1.73679E-10+- 2.60884E+00          Tl199  (n,2n   )  Tl198   5.44864E-05+- 0.00000E+00
    Tl199  (n,2n   )  Tl198m  4.98124E-06+- 0.00000E+00          Tl199  (n,na   )  Au195   1.17833E-09+- 2.00417E-01
    Tl199  (n,na   )  Au195m  6.47439E-10+- 6.57521E-02          Tl199  (n,np   )  Hg198   4.00393E-09+- 7.97912E-09
    Tl199  (n,g    )  Tl200   8.14704E+00+- 3.02748E+02          Tl199  (n,p    )  Hg199   8.36088E-06+- 4.71725E+01
    Tl199  (n,p    )  Hg199m  9.09471E-07+- 2.67445E+01          Tl199  (n,d    )  Hg198   3.26867E-09+- 6.51801E-05
    Tl199  (n,a    )  Au196   7.46577E-07+- 6.16872E+01          Tl199  (n,a    )  Au196m  4.72799E-07+- 5.30755E+01
    Tl199  (n,a    )  Au196n  2.99830E-09+- 6.16872E+01          Tl200  (n,2n   )  Tl199   9.52651E-04+- 0.00000E+00
    Tl200  (n,na   )  Au196   8.53980E-11+- 5.08577E-02          Tl200  (n,na   )  Au196m  1.86226E-10+- 3.31032E-02
    Tl200  (n,na   )  Au196n  3.00572E-12+- 5.08576E-02          Tl200  (n,np   )  Hg199   4.98295E-10+- 3.38736E-10
    Tl200  (n,np   )  Hg199m  3.91518E-10+- 2.11912E-08          Tl200  (n,g    )  Tl201   4.20613E+00+- 3.22512E+02
    Tl200  (n,p    )  Hg200   8.22069E-06+- 1.71400E+01          Tl200  (n,d    )  Hg199   5.88750E-10+- 1.62514E-05
    Tl200  (n,d    )  Hg199m  2.52321E-10+- 1.62581E-05          Tl200  (n,t    )  Hg198   1.54781E-11+- 1.35670E-08
    Tl200  (n,a    )  Au197   1.58212E-06+- 7.82214E+01          Tl200  (n,a    )  Au197m  1.92704E-07+- 5.65752E+01
    Tl201  (n,2n   )  Tl200   2.75564E-04+- 0.00000E+00          Tl201  (n,na   )  Au197   1.52507E-10+- 3.79932E-02
    Tl201  (n,na   )  Au197m  5.89113E-11+- 9.61311E-03          Tl201  (n,np   )  Hg200   2.07786E-10+- 1.34640E-09
    Tl201  (n,g    )  Tl202   1.26629E+00+- 6.59290E+02          Tl201  (n,p    )  Hg201   1.56355E-06+- 1.50363E+01
    Tl201  (n,d    )  Hg200   7.67127E-10+- 4.77692E-06          Tl201  (n,a    )  Au198   5.34077E-07+- 4.14567E+01
    Tl201  (n,a    )  Au198m  2.14489E-09+- 4.14567E+01          Tl202  (n,2n   )  Tl201   1.66391E-03+- 0.00000E+00
    Tl202  (n,na   )  Au198   8.71594E-11+- 1.85314E-02          Tl202  (n,na   )  Au198m  3.06772E-12+- 1.85314E-02
    Tl202  (n,np   )  Hg201   1.95687E-11+- 8.94921E-10          Tl202  (n,g    )  Tl203   1.51476E+00+- 5.20513E+02
    Tl202  (n,p    )  Hg202   2.35092E-06+- 9.13694E+00          Tl202  (n,d    )  Hg201   5.48146E-11+- 4.97065E-08
    Tl202  (n,t    )  Hg200   3.15305E-12+- 9.79484E-09          Tl202  (n,a    )  Au199   2.35759E-07+- 3.93299E+01
    Tl203  (n,2n   )  Tl202   9.50933E-04+- 0.00000E+00          Tl203  (n,na   )  Au199   3.35077E-11+- 3.49673E-03
    Tl203  (n,np   )  Hg202   6.83550E-12+- 6.15547E-09          Tl203  (n,g    )  Tl204   2.12776E+00+- 7.30531E+00
    Tl203  (n,p    )  Hg203   5.64474E-07+- 4.22581E+00          Tl203  (n,d    )  Hg202   3.56042E-11+- 4.01025E-08
    Tl203  (n,a    )  Au200   5.48548E-05+- 7.17145E+01          Tl203  (n,a    )  Au200m  2.20301E-07+- 7.17145E+01
    Tl204  (n,2n   )  Tl203   2.27851E-03+- 0.00000E+00          Tl204  (n,na   )  Au200   7.53819E-12+- 1.30371E-03
    Tl204  (n,g    )  Tl205   3.61808E+00+- 1.39410E+01          Tl204  (n,p    )  Hg204   6.57830E-07+- 2.68427E+00
    Tl204  (n,d    )  Hg203   4.60678E-12+- 3.79985E-08          Tl204  (n,a    )  Au201   3.95375E-08+- 1.48822E+01
    Tl205  (n,2n   )  Tl204   1.47772E-03+- 0.00000E+00          Tl205  (n,na   )  Au201   4.65077E-12+- 4.20108E-04
    Tl205  (n,g    )  Tl206   3.38744E-02+- 7.80805E+01          Tl205  (n,g    )  Tl206m  1.41388E-05+- 7.79795E+01
    Tl205  (n,p    )  Hg205   9.44957E-08+- 3.11898E+00          Tl205  (n,d    )  Hg204   4.91428E-12+- 1.02347E-08
    Tl205  (n,a    )  Au202   1.90499E-08+- 3.20990E+00          Pb200  (n,2n   )  Pb199   7.57071E-06+- 0.00000E+00
    Pb200  (n,2n   )  Pb199m  5.71156E-06+- 0.00000E+00          Pb200  (n,na   )  Hg196   1.40108E-08+- 2.20170E+00
    Pb200  (n,np   )  Tl199   1.68983E-10+- 3.28446E-10          Pb200  (n,g    )  Pb201   1.21279E+00+- 7.81010E+01
    Pb200  (n,g    )  Pb201m  8.05855E-02+- 7.80977E+01          Pb200  (n,p    )  Tl200   8.00823E-06+- 2.22391E+01
    Pb200  (n,d    )  Tl199   1.34117E-10+- 3.50083E-07          Pb200  (n,a    )  Hg197   1.33189E-05+- 7.69398E+01
    Pb200  (n,a    )  Hg197m  1.61655E-06+- 6.76137E+01          Pb201  (n,2n   )  Pb200   4.22949E-04+- 0.00000E+00
    Pb201  (n,na   )  Hg197   9.39765E-09+- 6.88583E-01          Pb201  (n,na   )  Hg197m  4.48421E-09+- 3.36664E-01
    Pb201  (n,np   )  Tl200   1.07696E-10+- 1.52218E-09          Pb201  (n,g    )  Pb202   9.88322E+00+- 2.24828E+02
    Pb201  (n,g    )  Pb202m  6.31350E-02+- 2.20630E+02          Pb201  (n,p    )  Tl201   6.51886E-06+- 2.13122E+01
    Pb201  (n,d    )  Tl200   8.30869E-11+- 1.05092E-07          Pb201  (n,a    )  Hg198   9.40163E-06+- 5.61988E+01
    Pb202  (n,n    )  Pb202m  1.47623E-03+- 3.39644E+01          Pb202  (n,2n   )  Pb201   9.08309E-05+- 0.00000E+00
    Pb202  (n,2n   )  Pb201m  4.37293E-06+- 0.00000E+00          Pb202  (n,na   )  Hg198   3.13165E-09+- 2.99938E-01
    Pb202  (n,np   )  Tl201   5.01592E-12+- 0.00000E+00          Pb202  (n,g    )  Pb203   6.09531E-01+- 7.81000E+01
    Pb202  (n,g    )  Pb203m  4.04556E-02+- 7.80943E+01          Pb202  (n,g    )  Pb203n  2.58026E-05+- 7.80892E+01
    Pb202  (n,p    )  Tl202   1.38424E-06+- 9.61567E+00          Pb202  (n,d    )  Tl201   9.83165E-12+- 1.47209E-08
    Pb202  (n,a    )  Hg199   3.34802E-06+- 6.61520E+01          Pb202  (n,a    )  Hg199m  4.75688E-07+- 5.10457E+01
    Pb203  (n,n    )  Pb203m  8.61913E-02+- 8.67458E+01          Pb203  (n,n    )  Pb203n  8.61913E-02+- 8.67458E+01
    Pb203  (n,2n   )  Pb202   7.22700E-04+- 0.00000E+00          Pb203  (n,2n   )  Pb202m  4.88004E-05+- 0.00000E+00
    Pb203  (n,na   )  Hg199   1.87588E-09+- 1.86573E-01          Pb203  (n,na   )  Hg199m  1.15167E-09+- 4.28780E-02
    Pb203  (n,np   )  Tl202   2.78223E-12+- 0.00000E+00          Pb203  (n,g    )  Pb204   9.96034E-01+- 7.81005E+01
    Pb203  (n,g    )  Pb204m  6.23497E-03+- 7.80932E+01          Pb203  (n,p    )  Tl203   2.12903E-06+- 1.04168E+01
    Pb203  (n,d    )  Tl202   5.69987E-12+- 7.07045E-09          Pb203  (n,a    )  Hg200   1.63797E-06+- 4.75736E+01
    Pb204  (n,n    )  Pb204m  6.39433E-03+- 5.65521E+00          Pb204  (n,2n   )  Pb203   3.74589E-04+- 0.00000E+00
    Pb204  (n,2n   )  Pb203m  5.07168E-05+- 0.00000E+00          Pb204  (n,na   )  Hg200   7.55193E-10+- 4.45110E-02
    Pb204  (n,g    )  Pb205   1.06700E-01+- 7.80804E+01          Pb204  (n,g    )  Pb205m  7.23845E-03+- 7.80317E+01
    Pb204  (n,p    )  Tl204   5.37689E-07+- 3.88001E+00          Pb204  (n,a    )  Hg201   5.39683E-07+- 2.67451E+01
    Pb205  (n,2n   )  Pb204   1.43817E-03+- 0.00000E+00          Pb205  (n,2n   )  Pb204m  1.26676E-04+- 0.00000E+00
    Pb205  (n,na   )  Hg201   4.32569E-10+- 4.51859E-02          Pb205  (n,g    )  Pb206   4.52393E-01+- 4.46764E+01
    Pb205  (n,p    )  Tl205   5.88796E-07+- 5.51647E+00          Pb205  (n,a    )  Hg202   3.89949E-07+- 3.22077E+01
    Pb206  (n,2n   )  Pb205   3.26765E-04+- 0.00000E+00          Pb206  (n,2n   )  Pb205m  1.25295E-04+- 0.00000E+00
    Pb206  (n,na   )  Hg202   1.21144E-10+- 1.08270E-02          Pb206  (n,g    )  Pb207   7.62175E-03+- 3.39752E+01
    Pb206  (n,g    )  Pb207m  1.83832E-04+- 4.02381E+01          Pb206  (n,p    )  Tl206   1.35560E-07+- 1.41606E+00
    Pb206  (n,p    )  Tl206m  5.44579E-10+- 1.42812E+00          Pb206  (n,a    )  Hg203   1.99969E-07+- 4.29366E+00
    Pb207  (n,n    )  Pb207m  4.57407E-02+- 7.43992E+00          Pb207  (n,2n   )  Pb206   2.01972E-03+- 0.00000E+00
    Pb207  (n,na   )  Hg203   5.01028E-11+- 8.79021E-03          Pb207  (n,g    )  Pb208   5.92059E-02+- 8.23560E+00
    Pb207  (n,p    )  Tl207   8.46972E-08+- 3.08169E+00          Pb207  (n,p    )  Tl207m  1.25659E-08+- 6.75056E-02
    Pb207  (n,a    )  Hg204   6.80475E-07+- 9.74907E+00          Pb208  (n,2n   )  Pb207   1.23103E-03+- 0.00000E+00
    Pb208  (n,2n   )  Pb207m  5.19647E-05+- 0.00000E+00          Pb208  (n,na   )  Hg204   8.23971E-12+- 1.13552E-02
    Pb208  (n,g    )  Pb209   4.68961E-04+- 3.48297E+01          Pb208  (n,p    )  Tl208   1.40999E-08+- 5.35317E-03
    Pb208  (n,a    )  Hg205   8.51772E-06+- 7.04630E+01          Pb209  (n,2n   )  Pb208   2.33883E-02+- 1.49754E+01
    Pb209  (n,na   )  Hg205   5.90053E-10+- 1.05442E+00          Pb209  (n,g    )  Pb210   1.25061E-01+- 8.92121E+02
    Pb209  (n,p    )  Tl209   2.43216E-09+- 3.27822E-05          Pb209  (n,t    )  Tl207   1.81106E-12+- 4.47385E-08
    Pb209  (n,a    )  Hg206   3.31260E-07+- 7.57848E+01          Pb210  (n,2n   )  Pb209   1.95869E-02+- 3.49949E+00
    Pb210  (n,3n   )  Pb208   2.68842E-06+- 0.00000E+00          Pb210  (n,na   )  Hg206   1.00308E-08+- 5.83254E+01
    Pb210  (n,g    )  Pb211   4.02650E-02+- 9.76945E+01          Pb210  (n,p    )  Tl210   6.24392E-12+- 4.68185E-10
    Pb210  (n,a    )  Hg207   1.31080E-07+- 2.31324E+01          Pb212  (n,2n   )  Pb211   2.47295E-02+- 5.38780E+00
    Pb212  (n,3n   )  Pb210   4.78325E-06+- 0.00000E+00          Pb212  (n,na   )  Hg208   5.24369E-07+- 5.03957E+00
    Pb212  (n,g    )  Pb213   2.26805E-02+- 7.61145E+02          Pb212  (n,a    )  Hg209   6.90064E-07+- 5.21323E+01
    Bi203  (n,2n   )  Bi202   1.26602E-05+- 0.00000E+00          Bi203  (n,na   )  Tl199   2.05458E-08+- 2.08018E+00
    Bi203  (n,np   )  Pb202   4.68595E-08+- 4.49523E-03          Bi203  (n,np   )  Pb202m  1.09920E-08+- 6.99227E-03
    Bi203  (n,g    )  Bi204   3.11760E+00+- 3.30442E+02          Bi203  (n,p    )  Pb203   3.45968E-05+- 5.90530E+01
    Bi203  (n,p    )  Pb203m  5.33740E-06+- 4.81466E+01          Bi203  (n,p    )  Pb203n  1.66145E-08+- 5.90531E+01
    Bi203  (n,d    )  Pb202   4.91200E-08+- 1.83626E-02          Bi203  (n,d    )  Pb202m  2.58526E-09+- 1.83627E-02
    Bi203  (n,t    )  Pb201   4.33361E-12+- 3.54373E-08          Bi203  (n,a    )  Tl200   1.80526E-05+- 5.44851E+01
    Bi204  (n,2n   )  Bi203   3.48812E-04+- 0.00000E+00          Bi204  (n,2n   )  Bi203m  2.84943E-06+- 0.00000E+00
    Bi204  (n,na   )  Tl200   3.43173E-08+- 1.51834E+00          Bi204  (n,np   )  Pb203   2.96914E-08+- 7.69869E-04
    Bi204  (n,np   )  Pb203m  2.33290E-08+- 7.69872E-04          Bi204  (n,np   )  Pb203n  1.49664E-10+- 0.00000E+00
    Bi204  (n,g    )  Bi205   1.41923E+01+- 1.86483E+02          Bi204  (n,p    )  Pb204   3.50695E-05+- 4.96702E+01
    Bi204  (n,p    )  Pb204m  1.84576E-06+- 4.96702E+01          Bi204  (n,d    )  Pb203   1.91677E-08+- 6.47810E-03
    Bi204  (n,d    )  Pb203m  8.21472E-09+- 6.47812E-03          Bi204  (n,d    )  Pb203n  9.20490E-12+- 6.48407E-03
    Bi204  (n,t    )  Pb202   7.86750E-10+- 4.66525E-05          Bi204  (n,t    )  Pb202m  4.14078E-11+- 4.66540E-05
    Bi204  (n,a    )  Tl201   1.40338E-05+- 5.63121E+01          Bi205  (n,2n   )  Bi204   2.15790E-04+- 0.00000E+00
    Bi205  (n,na   )  Tl201   2.35276E-08+- 1.08319E+00          Bi205  (n,np   )  Pb204   5.49867E-08+- 6.67372E-04
    Bi205  (n,np   )  Pb204m  1.28988E-08+- 6.87249E-03          Bi205  (n,g    )  Bi206   1.21471E+00+- 5.30081E+02
    Bi205  (n,p    )  Pb205   3.85347E-05+- 5.43173E+01          Bi205  (n,p    )  Pb205m  1.65149E-05+- 5.43173E+01
    Bi205  (n,d    )  Pb204   1.62666E-08+- 9.80115E-03          Bi205  (n,d    )  Pb204m  8.56140E-10+- 9.80128E-03
    Bi205  (n,t    )  Pb203   3.66795E-12+- 5.08059E-08          Bi205  (n,t    )  Pb203m  1.57198E-12+- 2.71479E-07
    Bi205  (n,a    )  Tl202   7.05892E-06+- 5.26233E+01          Bi206  (n,2n   )  Bi205   1.85969E-03+- 0.00000E+00
    Bi206  (n,na   )  Tl202   3.06255E-08+- 1.69295E+00          Bi206  (n,np   )  Pb205   2.04779E-08+- 2.52823E-04
    Bi206  (n,np   )  Pb205m  1.60898E-08+- 2.52850E-04          Bi206  (n,g    )  Bi207   1.43317E+00+- 5.00314E+02
    Bi206  (n,p    )  Pb206   1.34934E-05+- 2.35314E+01          Bi206  (n,d    )  Pb205   7.91953E-09+- 4.53085E-03
    Bi206  (n,d    )  Pb205m  3.39409E-09+- 4.53085E-03          Bi206  (n,t    )  Pb204   5.29273E-10+- 2.30072E-05
    Bi206  (n,t    )  Pb204m  2.78565E-11+- 2.30075E-05          Bi206  (n,a    )  Tl203   1.81142E-05+- 5.83222E+01
    Bi207  (n,2n   )  Bi206   1.02785E-03+- 0.00000E+00          Bi207  (n,na   )  Tl203   5.52143E-08+- 7.35571E-01
    Bi207  (n,np   )  Pb206   1.15059E-07+- 1.44862E-04          Bi207  (n,g    )  Bi208   6.11030E-01+- 7.80995E+01
    Bi207  (n,g    )  Bi208m  1.42085E-03+- 7.80867E+01          Bi207  (n,p    )  Pb207   4.43900E-06+- 3.84534E+01
    Bi207  (n,p    )  Pb207m  4.31171E-07+- 1.43600E+01          Bi207  (n,d    )  Pb206   1.43910E-08+- 2.77568E-03
    Bi207  (n,t    )  Pb205   4.07240E-12+- 8.21110E-08          Bi207  (n,t    )  Pb205m  1.74531E-12+- 4.51782E-07
    Bi207  (n,a    )  Tl204   9.52976E-06+- 5.60730E+01          Bi208  (n,2n   )  Bi207   3.47833E-03+- 0.00000E+00
    Bi208  (n,na   )  Tl204   4.19349E-08+- 2.05513E+00          Bi208  (n,np   )  Pb207   1.63151E-08+- 3.18091E-04
    Bi208  (n,np   )  Pb207m  5.47318E-11+- 2.12221E-08          Bi208  (n,g    )  Bi209   5.57477E-01+- 6.99994E+02
    Bi208  (n,p    )  Pb208   5.32821E-06+- 1.70563E+01          Bi208  (n,d    )  Pb207   7.55285E-09+- 2.15757E-03
    Bi208  (n,d    )  Pb207m  3.30821E-10+- 1.29129E-05          Bi208  (n,t    )  Pb206   3.60356E-10+- 1.27108E-05
    Bi208  (n,a    )  Tl205   1.42398E-05+- 5.89636E+01          Bi209  (n,2n   )  Bi208   1.68586E-03+- 0.00000E+00
    Bi209  (n,2n   )  Bi208m  7.80727E-05+- 0.00000E+00          Bi209  (n,na   )  Tl205   2.36396E-08+- 2.50840E+00
    Bi209  (n,np   )  Pb208   2.14198E-08+- 5.02173E-05          Bi209  (n,g    )  Bi210   6.87681E-03+- 3.23582E+01
    Bi209  (n,g    )  Bi210m  3.23553E-03+- 1.03284E+01          Bi209  (n,p    )  Pb209   1.44676E-07+- 3.46336E+00
    Bi209  (n,d    )  Pb208   9.46316E-09+- 1.97262E-03          Bi209  (n,t    )  Pb207   8.89702E-12+- 2.05664E-06
    Bi209  (n,t    )  Pb207m  1.63788E-12+- 1.87332E-08          Bi209  (n,a    )  Tl206   3.99601E-05+- 7.08425E+01
    Bi209  (n,a    )  Tl206m  4.07213E-07+- 7.02158E+01          Bi210  (n,n    )  Bi210m  3.77682E-02+- 9.28329E+01
    Bi210  (n,2n   )  Bi209   2.60875E-02+- 8.79548E+00          Bi210  (n,na   )  Tl206   2.34432E-07+- 6.65459E+01
    Bi210  (n,na   )  Tl206m  8.25120E-09+- 6.65458E+01          Bi210  (n,2na  )  Tl205   2.60702E-12+- 2.58810E-05
    Bi210  (n,np   )  Pb209   3.32071E-10+- 7.87681E-10          Bi210  (n,g    )  Bi211   1.03356E-02+- 7.42021E+02
    Bi210  (n,p    )  Pb210   3.64918E-07+- 1.33087E+00          Bi210  (n,d    )  Pb209   1.37438E-09+- 1.28145E-04
    Bi210  (n,t    )  Pb208   2.46344E-08+- 4.72545E-02          Bi210  (n,a    )  Tl207   3.30985E-05+- 8.42682E+01
    Bi210  (n,a    )  Tl207m  4.35765E-07+- 6.43068E+01          Bi210m (n,n    )  Bi210   7.47786E-02+- 9.59553E+01
    Bi210m (n,2n   )  Bi209   1.66515E-02+- 8.43276E+00          Bi210m (n,na   )  Tl206   1.31627E-06+- 2.85309E+01
    Bi210m (n,na   )  Tl206m  4.63283E-08+- 2.85309E+01          Bi210m (n,2na  )  Tl205   2.04977E-10+- 7.30630E-08
    Bi210m (n,np   )  Pb209   3.05768E-10+- 3.48270E-08          Bi210m (n,g    )  Bi211   1.11348E-02+- 5.30094E+01
    Bi210m (n,p    )  Pb210   7.02620E-08+- 3.20494E-01          Bi210m (n,d    )  Pb209   1.36908E-11+- 6.31638E-03
    Bi210m (n,t    )  Pb208   4.21571E-11+- 3.63254E-01          Bi210m (n,a    )  Tl207   7.27316E-06+- 8.39025E+01
    Bi210m (n,a    )  Tl207m  8.40352E-07+- 7.74228E+01          Po206  (n,2n   )  Po205   1.06873E-04+- 0.00000E+00
    Po206  (n,na   )  Pb202   2.72839E-06+- 1.49881E+01          Po206  (n,na   )  Pb202m  6.39992E-07+- 1.49881E+01
    Po206  (n,2na  )  Pb201   1.02167E-07+- 1.32334E-11          Po206  (n,2na  )  Pb201m  8.34154E-08+- 7.38478E+01
    Po206  (n,np   )  Bi205   4.08169E-08+- 2.48071E-09          Po206  (n,g    )  Po207   4.65676E-01+- 7.80982E+01
    Po206  (n,g    )  Po207m  1.78783E-03+- 7.80811E+01          Po206  (n,p    )  Bi206   3.69550E-05+- 3.22289E+01
    Po206  (n,d    )  Bi205   1.11187E-09+- 2.71363E-04          Po206  (n,a    )  Pb203   1.81490E-04+- 8.33774E+01
    Po206  (n,a    )  Pb203m  7.70858E-06+- 7.62575E+01          Po206  (n,a    )  Pb203n  8.71572E-08+- 8.33773E+01
    Po207  (n,n    )  Po207m  7.14012E-03+- 6.88559E+01          Po207  (n,2n   )  Po206   1.16152E-03+- 0.00000E+00
    Po207  (n,na   )  Pb203   6.08635E-06+- 1.39688E+01          Po207  (n,na   )  Pb203m  8.84171E-07+- 4.69766E+00
    Po207  (n,na   )  Pb203n  3.05846E-08+- 1.39689E+01          Po207  (n,2na  )  Pb202   9.28499E-09+- 1.27610E-10
    Po207  (n,2na  )  Pb202m  2.17796E-09+- 1.84415E-08          Po207  (n,np   )  Bi206   7.12021E-08+- 2.41091E-09
    Po207  (n,g    )  Po208   7.06871E-01+- 7.69972E+02          Po207  (n,p    )  Bi207   2.45207E-05+- 3.45246E+01
    Po207  (n,d    )  Bi206   1.84211E-09+- 2.70246E-04          Po207  (n,t    )  Bi205   8.92758E-12+- 6.43330E-08
    Po207  (n,a    )  Pb204   1.08231E-03+- 8.46869E+01          Po207  (n,a    )  Pb204m  5.69639E-05+- 8.46869E+01
    Po207  (n,2p   )  Pb206   1.94962E-12+- 8.85588E-04          Po207  (n,pa   )  Tl203   1.05644E-12+- 2.53486E-01
    Po208  (n,2n   )  Po207   3.41691E-04+- 0.00000E+00          Po208  (n,2n   )  Po207m  2.45436E-06+- 0.00000E+00
    Po208  (n,na   )  Pb204   2.36107E-05+- 1.55347E+01          Po208  (n,na   )  Pb204m  5.53832E-06+- 1.55347E+01
    Po208  (n,2na  )  Pb203   9.82507E-09+- 2.53175E-07          Po208  (n,2na  )  Pb203m  3.12303E-09+- 7.49359E+01
    Po208  (n,2na  )  Pb203n  4.93722E-11+- 0.00000E+00          Po208  (n,np   )  Bi207   3.70736E-08+- 2.17853E-09
    Po208  (n,g    )  Po209   1.35271E-01+- 4.65433E+02          Po208  (n,p    )  Bi208   8.93200E-06+- 3.14192E+01
    Po208  (n,p    )  Bi208m  2.00925E-07+- 3.14193E+01          Po208  (n,d    )  Bi207   5.34670E-10+- 1.09607E-04
    Po208  (n,a    )  Pb205   4.61767E-04+- 8.34708E+01          Po208  (n,a    )  Pb205m  1.97900E-04+- 8.34708E+01
    Po209  (n,2n   )  Po208   1.74041E-03+- 0.00000E+00          Po209  (n,na   )  Pb205   2.03545E-05+- 1.46512E+01
    Po209  (n,na   )  Pb205m  1.59928E-05+- 1.46512E+01          Po209  (n,2na  )  Pb204   2.91145E-09+- 6.09021E-07
    Po209  (n,2na  )  Pb204m  6.82934E-10+- 2.13873E-06          Po209  (n,np   )  Bi208   4.14573E-09+- 5.51170E-10
    Po209  (n,np   )  Bi208m  5.38711E-10+- 0.00000E+00          Po209  (n,g    )  Po210   1.18591E-01+- 4.31438E+02
    Po209  (n,p    )  Bi209   3.07475E-06+- 1.52783E+01          Po209  (n,d    )  Bi208   4.86857E-10+- 4.23128E-05
    Po209  (n,d    )  Bi208m  1.09518E-11+- 4.23137E-05          Po209  (n,t    )  Bi207   3.44411E-12+- 3.43212E-08
    Po209  (n,a    )  Pb206   3.57810E-04+- 5.97694E+01          Po210  (n,2n   )  Po209   7.36387E-04+- 0.00000E+00
    Po210  (n,na   )  Pb206   1.38787E-05+- 3.31821E+01          Po210  (n,2na  )  Pb205   9.45609E-11+- 2.52346E-05
    Po210  (n,2na  )  Pb205m  7.42985E-11+- 9.23833E-04          Po210  (n,np   )  Bi209   2.77586E-09+- 5.18731E-10
    Po210  (n,g    )  Po211   6.03636E-03+- 6.18889E+01          Po210  (n,g    )  Po211m  9.82123E-05+- 6.11262E+01
    Po210  (n,p    )  Bi210   3.43924E-07+- 2.38094E+00          Po210  (n,p    )  Bi210m  8.63279E-09+- 7.29454E-01
    Po210  (n,d    )  Bi209   2.94181E-10+- 2.02180E-05          Po210  (n,a    )  Pb207   2.00793E-04+- 7.80384E+01
    Po210  (n,a    )  Pb207m  1.10243E-06+- 4.34480E+01          At210  (n,2n   )  At209   2.02097E-03+- 0.00000E+00
    At210  (n,na   )  Bi206   1.40318E-04+- 3.13128E+01          At210  (n,2na  )  Bi205   4.25147E-06+- 8.24033E-11
    At210  (n,np   )  Po209   2.48359E-07+- 6.73005E-03          At210  (n,npa  )  Pb205   1.08999E-09+- 1.46057E-07
    At210  (n,npa  )  Pb205m  8.56422E-10+- 1.46057E-07          At210  (n,g    )  At211   3.15440E+00+- 1.01165E+02
    At210  (n,p    )  Po210   3.12410E-05+- 3.42769E+01          At210  (n,d    )  Po209   4.59219E-08+- 8.81116E-03
    At210  (n,t    )  Po208   1.06277E-09+- 7.74576E-05          At210  (n,a    )  Bi207   8.28748E-03+- 5.99839E+01
    At210  (n,2a   )  Tl203   1.23733E-11+- 8.73390E+01          At210  (n,pa   )  Pb206   1.87271E-09+- 2.38225E+01
    At210  (n,da   )  Pb205   6.28452E-11+- 1.40322E-03          At210  (n,da   )  Pb205m  4.93784E-11+- 1.40322E-03
    At211  (n,2n   )  At210   1.11881E-03+- 0.00000E+00          At211  (n,na   )  Bi207   1.08055E-04+- 3.17209E+01
    At211  (n,2na  )  Bi206   1.12404E-05+- 1.00554E-07          At211  (n,np   )  Po210   2.52034E-07+- 3.65948E-03
    At211  (n,g    )  At212   4.02836E-01+- 1.93376E+02          At211  (n,g    )  At212m  2.64844E-02+- 1.78571E+02
    At211  (n,p    )  Po211   1.35975E-06+- 7.86250E+00          At211  (n,p    )  Po211m  3.54456E-09+- 7.86251E+00
    At211  (n,d    )  Po210   4.03432E-08+- 8.34382E-03          At211  (n,t    )  Po209   1.23357E-10+- 2.45608E-06
    At211  (n,a    )  Bi208   4.13629E-03+- 8.47808E+01          At211  (n,a    )  Bi208m  9.30454E-05+- 8.47808E+01
    At211  (n,2a   )  Tl204   1.94093E-12+- 5.42467E+01          At211  (n,pa   )  Pb207   3.51108E-08+- 7.85930E+00
    At211  (n,pa   )  Pb207m  2.89717E-10+- 5.95955E+00          Rn211  (n,2n   )  Rn210   1.38659E-03+- 0.00000E+00
    Rn211  (n,F    )          5.06299E-02+- 1.80905E+02          Rn211  (n,na   )  Po207   7.45305E-04+- 5.56664E+01
    Rn211  (n,na   )  Po207m  1.36713E-04+- 5.56664E+01          Rn211  (n,2na  )  Po206   5.44588E-06+- 5.69873E-08
    Rn211  (n,np   )  At210   2.05159E-07+- 1.47952E-07          Rn211  (n,n2a  )  Pb203   6.57974E-08+- 8.02370E+01
    Rn211  (n,n2a  )  Pb203n  3.30640E-10+- 8.02369E+01          Rn211  (n,npa  )  Bi206   1.08292E-09+- 1.82656E-09
    Rn211  (n,g    )  Rn212   1.77196E+00+- 8.70625E+02          Rn211  (n,p    )  At211   3.60639E-05+- 3.79612E+01
    Rn211  (n,d    )  At210   2.58466E-09+- 4.30986E-04          Rn211  (n,t    )  At209   9.59104E-12+- 1.59521E-07
    Rn211  (n,a    )  Po208   4.01530E-03+- 5.99485E+01          Rn211  (n,2a   )  Pb204   4.06083E-08+- 1.91574E+02
    Rn211  (n,2a   )  Pb204m  9.52540E-09+- 1.91574E+02          Rn211  (n,2p   )  Po210   2.02168E-11+- 4.38596E-03
    Rn211  (n,pa   )  Bi207   7.88827E-09+- 2.77464E+01          Rn211  (n,da   )  Bi206   9.21242E-12+- 3.26168E-04
    Rn222  (n,2n   )  Rn221   8.64373E-03+- 0.00000E+00          Rn222  (n,F    )          1.70431E-02+- 1.88743E+02
    Rn222  (n,na   )  Po218   3.59243E-07+- 5.22935E+01          Rn222  (n,2na  )  Po217   1.72640E-07+- 1.76068E+02
    Rn222  (n,n2a  )  Pb214   6.49045E-10+- 2.80455E+01          Rn222  (n,2n2a )  Pb213   3.89957E-12+- 5.06517E-07
    Rn222  (n,g    )  Rn223   3.81810E-01+- 7.88460E+01          Rn222  (n,p    )  At222   2.43234E-10+- 1.80438E-06
    Rn222  (n,a    )  Po219   1.38825E-06+- 5.77448E+01          Ra223  (n,2n   )  Ra222   1.61836E-02+- 2.67369E+00
    Ra223  (n,F    )          9.76604E-02+- 1.72815E+02          Ra223  (n,na   )  Rn219   3.68083E-05+- 7.76080E+01
    Ra223  (n,n3a  )  Pb211   2.90208E-12+- 8.84125E+00          Ra223  (n,2na  )  Rn218   1.95887E-05+- 2.30330E-06
    Ra223  (n,n2a  )  Po215   7.58095E-09+- 4.67001E+01          Ra223  (n,2n2a )  Po214   1.81679E-07+- 3.20616E-07
    Ra223  (n,g    )  Ra224   5.24598E+01+- 7.92251E+01          Ra223  (n,p    )  Fr223   6.56522E-08+- 1.34078E-01
    Ra223  (n,t    )  Fr221   2.35127E-12+- 8.47329E-09          Ra223  (n,a    )  Rn220   2.97632E-04+- 5.99641E+01
    Ra223  (n,2a   )  Po216   4.19491E-08+- 1.99412E+02          Ra224  (n,2n   )  Ra223   7.97364E-03+- 0.00000E+00
    Ra224  (n,F    )          5.07732E-02+- 1.80399E+02          Ra224  (n,na   )  Rn220   7.72986E-07+- 3.97167E+01
    Ra224  (n,2na  )  Rn219   2.47394E-06+- 4.22641E-13          Ra224  (n,n2a  )  Po216   4.21874E-11+- 3.65351E+01
    Ra224  (n,g    )  Ra225   5.23097E+01+- 9.74063E+01          Ra224  (n,p    )  Fr224   5.60150E-09+- 1.61449E-02
    Ra224  (n,a    )  Rn221   2.56530E-05+- 5.97087E+01          Ra225  (n,2n   )  Ra224   2.49431E-02+- 5.33157E+00
    Ra225  (n,F    )          8.46757E-01+- 3.65951E+02          Ra225  (n,2na  )  Rn220   3.18134E-08+- 4.15339E-02
    Ra225  (n,g    )  Ra226   2.12941E+01+- 3.11089E+02          Ra225  (n,p    )  Fr225   2.24678E-08+- 2.03588E-02
    Ra225  (n,a    )  Rn222   8.68485E-06+- 5.94823E+01          Ra226  (n,2n   )  Ra225   8.31807E-03+- 0.00000E+00
    Ra226  (n,F    )          1.20913E-04+- 3.42271E+01          Ra226  (n,na   )  Rn222   2.04958E-08+- 2.66446E+01
    Ra226  (n,g    )  Ra227   9.71808E+00+- 1.54470E+01          Ra226  (n,p    )  Fr226   9.26763E-10+- 3.02685E-04
    Ra226  (n,a    )  Rn223   1.66899E-06+- 5.83705E+01          Ra228  (n,2n   )  Ra227   8.74896E-03+- 0.00000E+00
    Ra228  (n,F    )          1.69380E-01+- 4.72941E+01          Ra228  (n,na   )  Rn224   1.69925E-08+- 2.13376E+01
    Ra228  (n,g    )  Ra229   4.23276E+00+- 3.31561E+01          Ra228  (n,p    )  Fr228   2.06493E-10+- 1.99550E-06
    Ra228  (n,a    )  Rn225   1.16071E-07+- 5.11089E+01          Ac225  (n,2n   )  Ac224   5.39649E-03+- 0.00000E+00
    Ac225  (n,F    )          5.09348E-02+- 1.79930E+02          Ac225  (n,na   )  Fr221   8.56989E-06+- 7.00769E+01
    Ac225  (n,2na  )  Fr220   4.33372E-05+- 1.18816E-09          Ac225  (n,np   )  Ra224   5.02872E-11+- 3.57897E-10
    Ac225  (n,n2a  )  At217   6.48684E-09+- 1.19957E+02          Ac225  (n,2n2a )  At216   4.23808E-07+- 4.66058E-12
    Ac225  (n,g    )  Ac226   1.05412E+02+- 5.70411E+02          Ac225  (n,p    )  Ra225   1.57203E-07+- 5.13996E-01
    Ac225  (n,d    )  Ra224   4.12398E-10+- 8.44413E-06          Ac225  (n,t    )  Ra223   1.15085E-11+- 1.73594E-08
    Ac225  (n,a    )  Fr222   4.81703E-04+- 5.99653E+01          Ac226  (n,2n   )  Ac225   1.72015E-02+- 1.43699E+00
    Ac226  (n,F    )          7.61265E-01+- 3.28458E+02          Ac226  (n,na   )  Fr222   9.64273E-07+- 4.18884E+01
    Ac226  (n,2na  )  Fr221   1.60459E-05+- 7.97842E-01          Ac226  (n,np   )  Ra225   9.95591E-12+- 3.90312E-08
    Ac226  (n,g    )  Ac227   5.33541E+01+- 1.35850E+02          Ac226  (n,p    )  Ra226   4.40629E-07+- 1.44750E+00
    Ac226  (n,d    )  Ra225   1.15406E-10+- 7.49707E-08          Ac226  (n,t    )  Ra224   3.93774E-10+- 1.83806E-05
    Ac226  (n,a    )  Fr223   1.05215E-04+- 5.99377E+01          Ac226  (n,3n2a )  At216   1.81156E-09+- 1.76439E+02
    Ac227  (n,2n   )  Ac226   5.05210E-03+- 0.00000E+00          Ac227  (n,F    )          4.45354E-03+- 4.38351E+01
    Ac227  (n,na   )  Fr223   7.41299E-08+- 2.15375E+01          Ac227  (n,2na  )  Fr222   5.44298E-12+- 1.16116E-07
    Ac227  (n,3na  )  Fr221   4.37734E-10+- 1.05275E-01          Ac227  (n,np   )  Ra226   2.74005E-12+- 4.02251E-09
    Ac227  (n,g    )  Ac228   9.34567E+01+- 1.16496E+01          Ac227  (n,p    )  Ra227   4.51337E-08+- 7.56709E-02
    Ac227  (n,d    )  Ra226   4.27415E-11+- 6.89409E-08          Ac227  (n,t    )  Ra225   1.47199E-12+- 6.51520E-08
    Ac227  (n,a    )  Fr224   2.05507E-04+- 5.99715E+01          Ac228  (n,2n   )  Ac227   2.42573E-02+- 4.57335E+00
    Ac228  (n,F    )          3.84324E-09+- 3.85084E+00          Ac228  (n,na   )  Fr224   5.42251E-08+- 5.35051E+01
    Ac228  (n,2na  )  Fr223   3.07082E-11+- 7.20420E-08          Ac228  (n,g    )  Ac229   3.02792E+01+- 7.50663E+01
    Ac228  (n,p    )  Ra228   1.69554E-07+- 6.16845E-01          Ac228  (n,d    )  Ra227   1.54630E-11+- 1.12568E-09
    Ac228  (n,t    )  Ra226   1.85806E-10+- 5.18070E-06          Ac228  (n,a    )  Fr225   4.23317E-06+- 5.92861E+01
    Th227  (n,2n   )  Th226   1.61169E-02+- 9.55597E-01          Th227  (n,F    )          3.48489E+01+- 1.14926E+02
    Th227  (n,na   )  Ra223   5.75661E-06+- 5.40333E+01          Th227  (n,2na  )  Ra222   1.17414E-07+- 4.08117E-05
    Th227  (n,np   )  Ac226   1.19051E-12+- 3.38631E-08          Th227  (n,n2a  )  Rn219   3.88935E-11+- 1.05501E+02
    Th227  (n,g    )  Th228   1.38293E+02+- 6.52558E+02          Th227  (n,p    )  Ac227   1.99183E-07+- 6.69560E-01
    Th227  (n,d    )  Ac226   3.77766E-12+- 1.18573E-08          Th227  (n,t    )  Ac225   4.50314E-12+- 1.93436E-08
    Th227  (n,a    )  Ra224   6.63878E-05+- 5.98070E+01          Th227  (n,2a   )  Rn220   4.69039E-11+- 1.89143E+02
    Th228  (n,2n   )  Th227   2.31002E-03+- 0.00000E+00          Th228  (n,F    )          1.12694E-01+- 7.45179E+01
    Th228  (n,na   )  Ra224   2.32477E-07+- 2.79269E+01          Th228  (n,2na  )  Ra223   3.04632E-07+- 1.92768E-11
    Th228  (n,g    )  Th229   1.03174E+01+- 7.81024E+01          Th228  (n,g    )  Th229m  2.49009E+01+- 7.81025E+01
    Th228  (n,p    )  Ac228   1.24924E-08+- 1.16497E-02          Th228  (n,a    )  Ra225   3.16823E-05+- 5.98000E+01
    Th229  (n,2n   )  Th228   1.12849E-02+- 1.72535E+00          Th229  (n,F    )          1.31213E+01+- 1.53776E+01
    Th229  (n,na   )  Ra225   4.89480E-08+- 3.55005E+01          Th229  (n,2na  )  Ra224   1.26227E-10+- 4.41189E-07
    Th229  (n,g    )  Th230   3.81725E+01+- 2.62947E+01          Th229  (n,p    )  Ac229   5.30702E-08+- 1.00469E-01
    Th229  (n,a    )  Ra226   6.96845E-06+- 5.92721E+01          Th230  (n,2n   )  Th229   2.95343E-03+- 0.00000E+00
    Th230  (n,2n   )  Th229m  2.32055E-03+- 0.00000E+00          Th230  (n,F    )          6.35640E-02+- 4.59079E+01
    Th230  (n,na   )  Ra226   1.49416E-08+- 1.98867E+01          Th230  (n,g    )  Th231   2.85346E+01+- 1.00905E+01
    Th230  (n,p    )  Ac230   4.82881E-09+- 2.44921E-03          Th230  (n,a    )  Ra227   1.77437E-08+- 4.13580E+01
    Th231  (n,2n   )  Th230   1.95784E-02+- 3.15765E+00          Th231  (n,F    )          3.83200E-01+- 2.08001E+02
    Th231  (n,na   )  Ra227   1.80382E-09+- 2.39471E+01          Th231  (n,2na  )  Ra226   5.79938E-12+- 5.04874E-07
    Th231  (n,g    )  Th232   1.04255E+01+- 9.51357E+01          Th231  (n,p    )  Ac231   1.29125E-08+- 8.64368E-03
    Th231  (n,a    )  Ra228   7.17147E-07+- 5.65882E+01          Th232  (n,2n   )  Th231   5.96157E-03+- 0.00000E+00
    Th232  (n,F    )          2.69845E-02+- 4.25960E+01          Th232  (n,na   )  Ra228   6.29511E-10+- 9.50993E+00
    Th232  (n,g    )  Th233   2.92310E+00+- 8.33724E+00          Th232  (n,p    )  Ac232   6.56302E-10+- 6.02175E-06
    Th232  (n,a    )  Ra229   3.82102E-07+- 8.25903E+01          Th234  (n,2n   )  Th233   1.02312E-02+- 0.00000E+00
    Th234  (n,F    )          1.42828E-02+- 8.19109E+01          Th234  (n,na   )  Ra230   1.17343E-10+- 7.93607E+00
    Th234  (n,g    )  Th235   2.78052E+00+- 8.98259E+01          Th234  (n,p    )  Ac234   1.12665E-10+- 7.31610E-10
    Th234  (n,a    )  Ra231   9.51753E-09+- 6.43986E+00          Pa228  (n,2n   )  Pa227   3.58200E-03+- 1.03896E-04
    Pa228  (n,F    )          1.61547E+01+- 3.87281E+02          Pa228  (n,na   )  Ac224   7.20238E-03+- 9.99840E+01
    Pa228  (n,n3a  )  At216   3.67633E-12+- 1.67094E+02          Pa228  (n,2na  )  Ac223   1.94097E-06+- 1.46300E-05
    Pa228  (n,np   )  Th227   1.85724E-10+- 9.48744E-09          Pa228  (n,n2a  )  Fr220   8.92459E-10+- 1.50257E+02
    Pa228  (n,2n2a )  Fr219   3.81418E-09+- 2.07475E-05          Pa228  (n,g    )  Pa229   5.14103E+01+- 1.60519E+02
    Pa228  (n,p    )  Th228   2.03080E-06+- 4.15780E+00          Pa228  (n,d    )  Th227   5.76226E-10+- 4.11195E-05
    Pa228  (n,t    )  Th226   7.31522E-10+- 6.00635E-05          Pa228  (n,a    )  Ac225   4.58958E-03+- 5.99959E+01
    Pa228  (n,2a   )  Fr221   7.92395E-08+- 1.99961E+02          Pa228  (n,ta   )  Ra222   2.07905E-12+- 4.90987E-06
    Pa229  (n,2n   )  Pa228   5.31776E-04+- 0.00000E+00          Pa229  (n,F    )          1.22483E+00+- 1.62868E+02
    Pa229  (n,na   )  Ac225   9.21071E-07+- 2.50378E+01          Pa229  (n,2na  )  Ac224   8.10739E-08+- 3.34583E-12
    Pa229  (n,np   )  Th228   9.49565E-11+- 2.04040E-08          Pa229  (n,n2a  )  Fr221   7.60369E-12+- 3.26224E+01
    Pa229  (n,g    )  Pa230   2.27786E+01+- 3.05700E+02          Pa229  (n,p    )  Th229   2.32545E-07+- 1.31738E+00
    Pa229  (n,p    )  Th229m  1.48677E-07+- 1.31738E+00          Pa229  (n,d    )  Th228   6.30404E-10+- 3.30906E-05
    Pa229  (n,t    )  Th227   3.79163E-12+- 1.98722E-08          Pa229  (n,a    )  Ac226   6.79451E-05+- 5.98069E+01
    Pa229  (n,2a   )  Fr222   4.01789E-12+- 1.40546E+02          Pa229  (n,4n2a )  Fr218   1.14942E-10+- 0.00000E+00
    Pa229  (n,4n2a )  Fr218m  2.35836E-10+- 0.00000E+00          Pa230  (n,2n   )  Pa229   8.71819E-04+- 9.09745E-02
    Pa230  (n,F    )          2.08389E+02+- 9.26824E+01          Pa230  (n,na   )  Ac226   6.37775E-08+- 1.96994E+01
    Pa230  (n,2na  )  Ac225   1.57832E-10+- 1.31617E-08          Pa230  (n,3na  )  Ac224   6.13564E-10+- 0.00000E+00
    Pa230  (n,np   )  Th229   1.12652E-11+- 4.46368E-10          Pa230  (n,np   )  Th229m  8.85119E-12+- 4.46369E-10
    Pa230  (n,g    )  Pa231   2.39296E+00+- 8.01299E+02          Pa230  (n,p    )  Th230   7.80227E-07+- 1.99553E+00
    Pa230  (n,d    )  Th229   7.31247E-11+- 3.65791E-06          Pa230  (n,d    )  Th229m  4.67518E-11+- 3.65791E-06
    Pa230  (n,t    )  Th228   2.87616E-10+- 1.12879E-05          Pa230  (n,a    )  Ac227   3.67933E-04+- 5.99784E+01
    Pa231  (n,2n   )  Pa230   1.00291E-03+- 0.00000E+00          Pa231  (n,F    )          3.23541E-01+- 4.63157E+01
    Pa231  (n,na   )  Ac227   3.23150E-08+- 2.83155E+01          Pa231  (n,np   )  Th230   8.99354E-12+- 3.87815E-08
    Pa231  (n,g    )  Pa232   5.21468E+01+- 3.29251E+01          Pa231  (n,p    )  Th231   9.39140E-08+- 2.82781E-01
    Pa231  (n,d    )  Th230   1.17298E-10+- 4.69000E-07          Pa231  (n,a    )  Ac228   5.85889E-06+- 5.91342E+01
    Pa232  (n,2n   )  Pa231   1.30467E-02+- 5.66510E-01          Pa232  (n,F    )          1.14636E+02+- 3.35275E+01
    Pa232  (n,na   )  Ac228   4.56787E-09+- 1.39849E+01          Pa232  (n,2na  )  Ac227   5.21602E-12+- 3.88528E-04
    Pa232  (n,np   )  Th231   1.95685E-12+- 2.81913E-08          Pa232  (n,g    )  Pa233   3.81796E+01+- 1.78335E+01
    Pa232  (n,p    )  Th232   3.08140E-07+- 1.02630E+00          Pa232  (n,d    )  Th231   2.78690E-11+- 1.55302E-08
    Pa232  (n,t    )  Th230   1.02202E-10+- 3.28585E-06          Pa232  (n,a    )  Ac229   5.76054E-05+- 5.99374E+01
    Pa233  (n,2n   )  Pa232   2.38763E-03+- 0.00000E+00          Pa233  (n,F    )          1.67176E-01+- 8.64384E+01
    Pa233  (n,na   )  Ac229   2.33966E-09+- 1.19205E+01          Pa233  (n,g    )  Pa234   1.19260E+01+- 1.49448E+01
    Pa233  (n,g    )  Pa234m  1.25478E+01+- 1.41549E+01          Pa233  (n,p    )  Th233   2.90869E-08+- 6.06747E-02
    Pa233  (n,d    )  Th232   1.33947E-11+- 7.66427E-09          Pa233  (n,a    )  Ac230   2.02931E-06+- 5.84497E+01
    Pa234  (n,2n   )  Pa233   1.91342E-02+- 2.28974E+00          Pa234  (n,F    )          1.74283E-02+- 1.43946E+02
    Pa234  (n,na   )  Ac230   2.71600E-09+- 1.83777E+01          Pa234  (n,g    )  Pa235   2.63937E+01+- 7.60868E+01
    Pa234  (n,p    )  Th234   9.69166E-08+- 3.07075E-01          Pa234  (n,d    )  Th233   3.70253E-12+- 2.21503E-08
    Pa234  (n,t    )  Th232   3.76452E-11+- 1.71681E-07          Pa234  (n,a    )  Ac231   6.29754E-07+- 5.71284E+01
    U 230  (n,2n   )  U 229   4.11684E-05+- 0.00000E+00          U 230  (n,F    )          3.31573E+00+- 4.65555E+01
    U 230  (n,na   )  Th226   1.18845E-06+- 1.61898E+01          U 230  (n,2na  )  Th225   2.56354E-05+- 1.10647E-09
    U 230  (n,n2a  )  Ra222   8.19515E-10+- 1.02822E+01          U 230  (n,2n2a )  Ra221   5.53462E-08+- 3.56880E-11
    U 230  (n,g    )  U 231   9.99240E-01+- 8.10727E+02          U 230  (n,p    )  Pa230   9.91084E-08+- 9.22628E-01
    U 230  (n,d    )  Pa229   7.90613E-12+- 2.58899E-09          U 230  (n,a    )  Th227   2.81013E-05+- 5.94414E+01
    U 230  (n,2a   )  Ra223   1.08347E-09+- 1.95824E+02          U 231  (n,2n   )  U 230   3.46005E-04+- 6.13286E-03
    U 231  (n,F    )          4.30501E+01+- 1.16905E+02          U 231  (n,na   )  Th227   8.65741E-05+- 7.14635E+01
    U 231  (n,2na  )  Th226   1.54048E-08+- 1.00376E-09          U 231  (n,n2a  )  Ra223   1.49361E-08+- 1.57316E+02
    U 231  (n,2n2a )  Ra222   1.90287E-11+- 1.03801E-07          U 231  (n,g    )  U 232   3.21169E+00+- 4.01279E+02
    U 231  (n,p    )  Pa231   2.86210E-07+- 7.87209E-01          U 231  (n,d    )  Pa230   2.55352E-12+- 2.92497E-08
    U 231  (n,t    )  Pa229   1.33395E-12+- 2.02263E-08          U 231  (n,a    )  Th228   2.36648E-05+- 5.93871E+01
    U 231  (n,2a   )  Ra224   9.02782E-12+- 1.53517E+02          U 231  (n,3n2a )  Ra221   1.06349E-09+- 1.74350E+02
    U 232  (n,2n   )  U 231   2.04478E-05+- 0.00000E+00          U 232  (n,F    )          1.46649E+01+- 8.06549E+00
    U 232  (n,na   )  Th228   5.07825E-08+- 3.87404E+01          U 232  (n,2na  )  Th227   5.78412E-08+- 9.60867E-11
    U 232  (n,2n2a )  Ra223   6.27174E-12+- 3.15068E-07          U 232  (n,g    )  U 233   8.51426E+00+- 1.87633E+01
    U 232  (n,p    )  Pa232   3.02282E-08+- 2.25488E-01          U 232  (n,a    )  Th229   1.13719E-05+- 8.44111E+01
    U 232  (n,a    )  Th229m  7.27056E-06+- 8.44111E+01          U 233  (n,2n   )  U 232   6.02780E-04+- 6.34283E-02
    U 233  (n,F    )          5.51436E+01+- 7.30819E+00          U 233  (n,na   )  Th229   1.99159E-08+- 3.15793E+01
    U 233  (n,na   )  Th229m  1.56483E-08+- 3.15792E+01          U 233  (n,2na  )  Th228   6.34395E-12+- 2.28338E-07
    U 233  (n,g    )  U 234   6.99845E+00+- 7.95052E+00          U 233  (n,p    )  Pa233   8.49257E-08+- 2.27643E-01
    U 233  (n,a    )  Th230   3.01786E-05+- 7.85036E+01          U 234  (n,2n   )  U 233   6.54988E-04+- 0.00000E+00
    U 234  (n,F    )          4.84257E-01+- 4.54170E+01          U 234  (n,na   )  Th230   1.71564E-08+- 3.60366E+01
    U 234  (n,g    )  U 235   1.01762E+01+- 7.81021E+01          U 234  (n,g    )  U 235m  1.01717E+01+- 7.81022E+01
    U 234  (n,p    )  Pa234   5.87403E-09+- 7.75581E-02          U 234  (n,p    )  Pa234m  1.37786E-09+- 7.75576E-02
    U 234  (n,a    )  Th231   9.64624E-06+- 5.94697E+01          U 235  (n,n    )  U 235m  4.54140E-01+- 9.83484E+01
    U 235  (n,2n   )  U 234   5.30667E-03+- 6.21850E-01          U 235  (n,F    )          4.35856E+01+- 7.02730E+00
    U 235  (n,na   )  Th231   2.09473E-09+- 2.05206E+01          U 235  (n,g    )  U 236   9.68716E+00+- 7.35650E+00
    U 235  (n,p    )  Pa235   2.99019E-08+- 3.41840E-02          U 235  (n,a    )  Th232   9.80409E-06+- 6.58911E+01
    U 236  (n,2n   )  U 235   1.84621E-03+- 0.00000E+00          U 236  (n,2n   )  U 235m  1.78617E-03+- 0.00000E+00
    U 236  (n,F    )          3.11000E-01+- 3.43532E+01          U 236  (n,na   )  Th232   5.61816E-09+- 2.70524E+01
    U 236  (n,g    )  U 237   8.21695E+00+- 9.50279E+00          U 236  (n,p    )  Pa236   1.92686E-09+- 3.10496E-04
    U 236  (n,a    )  Th233   4.82076E-07+- 5.50821E+01          U 237  (n,2n   )  U 236   1.79876E-02+- 4.02026E+00
    U 237  (n,F    )          1.60725E+00+- 3.33977E+01          U 237  (n,na   )  Th233   2.49738E-09+- 2.06377E+01
    U 237  (n,2na  )  Th232   1.60331E-12+- 3.28137E-05          U 237  (n,g    )  U 238   5.37812E+01+- 2.07053E+01
    U 237  (n,p    )  Pa237   6.37653E-09+- 4.77533E-03          U 237  (n,a    )  Th234   2.53354E-06+- 5.91087E+01
    U 238  (n,2n   )  U 237   6.66707E-03+- 0.00000E+00          U 238  (n,F    )          1.04014E-01+- 4.47178E+01
    U 238  (n,na   )  Th234   1.18109E-09+- 1.70996E+01          U 238  (n,g    )  U 239   6.90253E+00+- 9.68027E+00
    U 238  (n,p    )  Pa238   3.24688E-10+- 2.21581E-05          U 238  (n,a    )  Th235   3.54621E-06+- 9.61381E+01
    U 240  (n,2n   )  U 239   1.40466E-02+- 1.94081E-02          U 240  (n,F    )          9.60863E-02+- 9.10086E+01
    U 240  (n,g    )  U 241   3.30929E+01+- 8.95487E+02          U 241  (n,2n   )  U 240   3.40089E-02+- 1.25583E+01
    U 241  (n,F    )          2.06083E-01+- 1.40323E+02          U 241  (n,g    )  U 242   3.79259E+01+- 7.39984E+02
    Np234  (n,2n   )  Np233   1.61275E-03+- 0.00000E+00          Np234  (n,F    )          1.51773E+02+- 1.10814E+02
    Np234  (n,na   )  Pa230   1.70813E-06+- 1.45080E+01          Np234  (n,2na  )  Pa229   6.78001E-10+- 6.35102E-06
    Np234  (n,3na  )  Pa228   1.66382E-12+- 0.00000E+00          Np234  (n,np   )  U 233   2.08212E-11+- 2.44347E-08
    Np234  (n,g    )  Np235   1.30623E+01+- 1.11249E+02          Np234  (n,p    )  U 234   1.51778E-06+- 3.15189E+00
    Np234  (n,d    )  U 233   3.74251E-10+- 1.89917E-05          Np234  (n,t    )  U 232   1.36670E-10+- 8.38961E-06
    Np234  (n,a    )  Pa231   3.00335E-04+- 5.99613E+01          Np235  (n,2n   )  Np234   4.16866E-04+- 0.00000E+00
    Np235  (n,F    )          3.22385E+00+- 1.77429E+02          Np235  (n,na   )  Pa231   1.97949E-07+- 1.81968E+01
    Np235  (n,np   )  U 234   3.49245E-11+- 2.89079E-08          Np235  (n,g    )  Np236   2.63995E+01+- 7.81025E+01
    Np235  (n,g    )  Np236m  4.01641E+01+- 7.81025E+01          Np235  (n,p    )  U 235   1.26612E-07+- 7.95026E-01
    Np235  (n,p    )  U 235m  6.22244E-08+- 1.05486E+00          Np235  (n,d    )  U 234   2.32913E-10+- 6.14473E-06
    Np235  (n,t    )  U 233   2.36638E-12+- 4.07054E-08          Np235  (n,a    )  Pa232   5.48793E-04+- 5.99768E+01
    Np236  (n,n    )  Np236m  2.13720E-01+- 9.83395E+01          Np236  (n,2n   )  Np235   2.14340E-03+- 1.06384E-01
    Np236  (n,F    )          2.50073E+02+- 7.77751E+00          Np236  (n,na   )  Pa232   2.16666E-07+- 2.15728E+01
    Np236  (n,2na  )  Pa231   2.57596E-11+- 4.82335E-08          Np236  (n,np   )  U 235   1.37518E-12+- 1.18179E-07
    Np236  (n,g    )  Np237   1.37436E+01+- 4.44097E+01          Np236  (n,p    )  U 236   5.09273E-07+- 1.30075E+00
    Np236  (n,d    )  U 235   4.27478E-11+- 1.61004E-07          Np236  (n,d    )  U 235m  3.30280E-11+- 2.23678E-07
    Np236  (n,t    )  U 234   9.82913E-11+- 4.48108E-06          Np236  (n,a    )  Pa233   3.87277E-05+- 5.98410E+01
    Np236m (n,2n   )  Np235   7.06368E-03+- 3.36085E-01          Np236m (n,F    )          5.01660E+01+- 3.53188E+02
    Np236m (n,na   )  Pa232   1.04449E-07+- 2.02408E+01          Np236m (n,2na  )  Pa231   4.77799E-12+- 2.91744E-05
    Np236m (n,np   )  U 235   1.85719E-12+- 8.38322E-09          Np236m (n,np   )  U 235m  1.69874E-12+- 9.10911E-09
    Np236m (n,g    )  Np237   8.13462E+00+- 7.58978E+01          Np236m (n,p    )  U 236   2.56198E-07+- 6.39050E-01
    Np236m (n,d    )  U 235   3.43325E-11+- 1.67672E-07          Np236m (n,d    )  U 235m  3.26877E-11+- 2.54229E-07
    Np236m (n,t    )  U 234   3.87257E-11+- 2.20375E-07          Np236m (n,a    )  Pa233   1.61519E-05+- 5.96113E+01
    Np237  (n,2n   )  Np236   1.99868E-04+- 0.00000E+00          Np237  (n,2n   )  Np236m  9.34131E-04+- 0.00000E+00
    Np237  (n,F    )          5.04056E-01+- 4.68909E+01          Np237  (n,na   )  Pa233   2.73414E-08+- 2.05391E+01
    Np237  (n,np   )  U 236   5.34079E-12+- 6.81939E-10          Np237  (n,g    )  Np238   3.30938E+01+- 2.52498E+01
    Np237  (n,p    )  U 237   4.87093E-08+- 1.24744E-01          Np237  (n,d    )  U 236   5.19363E-11+- 2.06809E-07
    Np237  (n,a    )  Pa234   9.22514E-05+- 8.47517E+01          Np237  (n,a    )  Pa234m  2.16392E-05+- 8.47517E+01
    Np238  (n,2n   )  Np237   9.05610E-03+- 9.19693E-01          Np238  (n,F    )          1.58208E+02+- 8.57024E+00
    Np238  (n,na   )  Pa234   2.45022E-08+- 4.61026E+01          Np238  (n,na   )  Pa234m  3.98873E-09+- 4.61026E+01
    Np238  (n,2na  )  Pa233   1.31989E-12+- 1.52935E-06          Np238  (n,g    )  Np239   2.28302E+01+- 8.91193E+01
    Np238  (n,p    )  U 238   1.65900E-07+- 4.99703E-01          Np238  (n,d    )  U 237   1.53259E-11+- 6.71809E-09
    Np238  (n,t    )  U 236   4.24855E-11+- 2.57416E-06          Np238  (n,a    )  Pa235   9.01592E-06+- 5.96408E+01
    Np239  (n,2n   )  Np238   3.15964E-03+- 0.00000E+00          Np239  (n,F    )          6.71069E-01+- 8.51889E+01
    Np239  (n,na   )  Pa235   5.66776E-09+- 1.68193E+01          Np239  (n,g    )  Np240   2.63811E+01+- 8.92607E+01
    Np239  (n,g    )  Np240m  4.87893E+01+- 8.97191E+01          Np239  (n,p    )  U 239   2.22098E-08+- 4.49369E-02
    Np239  (n,d    )  U 238   7.02196E-12+- 2.96928E-08          Np239  (n,a    )  Pa236   3.77770E-06+- 5.92174E+01
    Pu234  (n,2n   )  Pu233   5.36783E-04+- 0.00000E+00          Pu234  (n,F    )          2.27741E-02+- 1.87084E+02
    Pu234  (n,na   )  U 230   3.70923E-02+- 8.18084E+01          Pu234  (n,2na  )  U 229   1.30076E-11+- 1.15348E+01
    Pu234  (n,np   )  Np233   2.91909E-11+- 2.67952E-09          Pu234  (n,n2a  )  Th226   6.41897E-09+- 1.73790E+02
    Pu234  (n,g    )  Pu235   7.35660E+00+- 1.55903E+02          Pu234  (n,p    )  Np234   7.85101E-07+- 2.70054E+01
    Pu234  (n,d    )  Np233   4.98342E-11+- 5.56206E-08          Pu234  (n,a    )  U 231   5.46053E-04+- 5.98936E+01
    Pu234  (n,2a   )  Th227   1.26627E-08+- 1.99289E+02          Pu234  (n,3n2a )  Th224   7.24374E-10+- 1.67768E+02
    Pu236  (n,2n   )  Pu235   3.78507E-05+- 0.00000E+00          Pu236  (n,F    )          3.54376E+01+- 9.57409E+00
    Pu236  (n,na   )  U 232   3.20695E-06+- 3.76769E+01          Pu236  (n,np   )  Np235   2.02650E-12+- 4.52413E-09
    Pu236  (n,g    )  Pu237   2.39976E+00+- 7.81020E+01          Pu236  (n,g    )  Pu237m  2.39867E+00+- 7.81022E+01
    Pu236  (n,p    )  Np236   4.03399E-08+- 5.71342E-01          Pu236  (n,p    )  Np236m  3.82814E-08+- 1.06822E+00
    Pu236  (n,d    )  Np235   8.47649E-12+- 2.21274E-08          Pu236  (n,a    )  U 233   1.94609E-05+- 5.93327E+01
    Pu237  (n,n    )  Pu237m  8.42477E-02+- 9.87737E+01          Pu237  (n,2n   )  Pu236   3.16376E-04+- 1.12142E-02
    Pu237  (n,F    )          3.90106E+02+- 1.16345E+02          Pu237  (n,na   )  U 233   1.18696E-07+- 4.94394E+01
    Pu237  (n,g    )  Pu238   3.27944E+01+- 8.31681E+02          Pu237  (n,p    )  Np237   2.16992E-07+- 5.99285E-01
    Pu237  (n,d    )  Np236   1.36573E-12+- 1.00764E-07          Pu237  (n,d    )  Np236m  2.26226E-12+- 2.72605E-08
    Pu237  (n,t    )  Np235   1.37191E-12+- 3.05605E-08          Pu237  (n,a    )  U 234   1.70038E-05+- 5.93291E+01
    Pu237  (n,2a   )  Th230   6.10603E-12+- 5.37925E+01          Pu238  (n,2n   )  Pu237   5.18499E-04+- 0.00000E+00
    Pu238  (n,2n   )  Pu237m  2.29256E-04+- 0.00000E+00          Pu238  (n,F    )          2.48222E+00+- 1.68905E+01
    Pu238  (n,na   )  U 234   7.44137E-08+- 4.88071E+01          Pu238  (n,g    )  Pu239   3.21928E+01+- 8.73706E+00
    Pu238  (n,p    )  Np238   2.50272E-08+- 4.87770E-02          Pu238  (n,a    )  U 235   5.90411E-05+- 8.46808E+01
    Pu238  (n,a    )  U 235m  5.89374E-05+- 8.47919E+01          Pu239  (n,2n   )  Pu238   1.77847E-03+- 3.59067E-01
    Pu239  (n,F    )          1.02587E+02+- 9.12075E+00          Pu239  (n,na   )  U 235   9.72742E-09+- 2.31640E+01
    Pu239  (n,na   )  U 235m  7.68593E-09+- 3.03950E+01          Pu239  (n,2na  )  U 234   2.30004E-12+- 9.90628E-06
    Pu239  (n,g    )  Pu240   5.67433E+01+- 1.05480E+01          Pu239  (n,p    )  Np239   7.74970E-08+- 1.00080E-01
    Pu239  (n,a    )  U 236   6.33871E-05+- 8.05768E+01          Pu240  (n,2n   )  Pu239   2.10824E-03+- 0.00000E+00
    Pu240  (n,F    )          5.87366E-01+- 4.26026E+01          Pu240  (n,na   )  U 236   2.01585E-08+- 3.17010E+01
    Pu240  (n,g    )  Pu241   1.38303E+02+- 9.27050E+00          Pu240  (n,p    )  Np240   3.68842E-09+- 4.05632E-02
    Pu240  (n,p    )  Np240m  1.65712E-09+- 4.05631E-02          Pu240  (n,a    )  U 237   1.43548E-04+- 9.23026E+01
    Pu241  (n,2n   )  Pu240   4.09830E-03+- 2.53904E+00          Pu241  (n,F    )          1.12058E+02+- 8.46710E+00
    Pu241  (n,na   )  U 237   1.47812E-09+- 2.47343E+01          Pu241  (n,g    )  Pu242   3.69403E+01+- 7.44534E+00
    Pu241  (n,p    )  Np241   2.09292E-08+- 5.95962E-02          Pu241  (n,a    )  U 238   2.49870E-06+- 5.91349E+01
    Pu242  (n,2n   )  Pu241   4.90365E-03+- 0.00000E+00          Pu242  (n,F    )          4.50474E-01+- 4.50374E+01
    Pu242  (n,na   )  U 238   6.49285E-09+- 2.80932E+01          Pu242  (n,g    )  Pu243   2.93024E+01+- 9.81707E+00
    Pu242  (n,p    )  Np242   1.20840E-09+- 8.54167E-04          Pu242  (n,p    )  Np242m  7.40631E-10+- 8.54168E-04
    Pu242  (n,a    )  U 239   7.55762E-07+- 5.64463E+01          Pu243  (n,2n   )  Pu242   1.46434E-02+- 5.31476E+00
    Pu243  (n,F    )          2.58071E+01+- 2.07444E+02          Pu243  (n,na   )  U 239   2.51450E-09+- 2.70814E+01
    Pu243  (n,2na  )  U 238   6.72076E-12+- 6.04110E-05          Pu243  (n,g    )  Pu244   8.00469E+00+- 4.24953E+01
    Pu243  (n,p    )  Np243   6.06794E-09+- 4.85801E-03          Pu243  (n,a    )  U 240   1.01013E-06+- 5.79033E+01
    Pu244  (n,2n   )  Pu243   5.65254E-03+- 2.03846E-04          Pu244  (n,F    )          4.10779E-01+- 4.71926E+01
    Pu244  (n,na   )  U 240   1.18684E-09+- 2.75463E+01          Pu244  (n,g    )  Pu245   1.52907E+00+- 1.53166E+01
    Pu244  (n,p    )  Np244   4.90119E-10+- 1.56675E-04          Pu244  (n,a    )  U 241   6.53981E-07+- 5.75879E+01
    Pu245  (n,2n   )  Pu244   2.53309E-02+- 7.68259E+00          Pu245  (n,F    )          4.00952E-01+- 3.49417E+02
    Pu245  (n,na   )  U 241   3.35109E-09+- 2.61661E+01          Pu245  (n,2na  )  U 240   1.08111E-12+- 9.98467E-07
    Pu245  (n,g    )  Pu246   2.01611E+00+- 2.81296E+02          Pu245  (n,p    )  Np245   1.69057E-09+- 6.49610E-04
    Pu245  (n,a    )  U 242   7.92604E-07+- 5.82490E+01          Pu246  (n,2n   )  Pu245   1.05113E-02+- 1.78675E-01
    Pu246  (n,F    )          2.81605E-01+- 9.11346E+01          Pu246  (n,na   )  U 242   9.67910E-09+- 4.08972E+01
    Pu246  (n,g    )  Pu247   1.75459E+00+- 6.87689E+02          Pu246  (n,p    )  Np246   6.68324E-11+- 3.51638E-09
    Pu246  (n,a    )  U 243   2.13430E-07+- 5.54481E+01          Pu247  (n,2n   )  Pu246   1.95638E-02+- 1.04278E+01
    Pu247  (n,F    )          6.69868E+00+- 3.78679E+02          Pu247  (n,na   )  U 243   9.77078E-10+- 1.72912E+01
    Pu247  (n,2na  )  U 242   1.90756E-11+- 9.69493E-03          Pu247  (n,a    )  U 244   1.07709E-06+- 5.90269E+01
    Am239  (n,2n   )  Am238   7.63684E-06+- 0.00000E+00          Am239  (n,F    )          2.01006E+00+- 2.24708E+02
    Am239  (n,na   )  Np235   1.58676E-03+- 5.58561E+01          Am239  (n,2na  )  Np234   1.54183E-06+- 2.11955E-07
    Am239  (n,np   )  Pu238   1.05047E-10+- 1.15747E-08          Am239  (n,g    )  Am240   1.79807E+01+- 7.48723E+01
    Am239  (n,p    )  Pu239   3.47201E-07+- 1.11846E+00          Am239  (n,d    )  Pu238   4.27332E-10+- 3.32232E-05
    Am239  (n,t    )  Pu237   2.46505E-12+- 3.99698E-08          Am239  (n,a    )  Np236   4.61520E-04+- 8.48032E+01
    Am239  (n,a    )  Np236m  5.84518E-04+- 8.48361E+01          Am240  (n,2n   )  Am239   4.14424E-03+- 8.19363E-03
    Am240  (n,F    )          2.07611E+01+- 3.73036E+02          Am240  (n,na   )  Np236   1.73896E-07+- 3.11025E+01
    Am240  (n,na   )  Np236m  1.35586E-07+- 3.92645E+01          Am240  (n,2na  )  Np235   4.63014E-10+- 5.58550E+01
    Am240  (n,np   )  Pu239   7.11051E-12+- 5.68835E-09          Am240  (n,g    )  Am241   6.96030E+00+- 2.16480E+02
    Am240  (n,p    )  Pu240   8.48989E-07+- 2.13368E+00          Am240  (n,d    )  Pu239   1.39848E-10+- 3.03561E-06
    Am240  (n,t    )  Pu238   9.21821E-11+- 5.11907E-06          Am240  (n,a    )  Np237   4.75056E-05+- 5.98185E+01
    Am241  (n,2n   )  Am240   4.32460E-04+- 0.00000E+00          Am241  (n,F    )          1.20696E+00+- 3.39071E+01
    Am241  (n,na   )  Np237   6.28738E-08+- 3.14856E+01          Am241  (n,np   )  Pu240   8.76909E-12+- 1.56611E-08
    Am241  (n,g    )  Am242   1.01974E+02+- 1.85831E+01          Am241  (n,g    )  Am242m  8.94859E+00+- 2.60977E+01
    Am241  (n,p    )  Pu241   1.10228E-07+- 3.78092E-01          Am241  (n,d    )  Pu240   1.04944E-10+- 4.43790E-06
    Am241  (n,t    )  Pu239   1.99574E-12+- 1.09584E-08          Am241  (n,a    )  Np238   1.61253E-04+- 5.99423E+01
    Am242  (n,n    )  Am242m  4.04284E-02+- 9.27945E+01          Am242  (n,2n   )  Am241   5.44554E-03+- 7.70075E-01
    Am242  (n,F    )          2.07008E+02+- 1.47164E+02          Am242  (n,na   )  Np238   4.40755E-08+- 3.36170E+01
    Am242  (n,2na  )  Np237   8.58484E-12+- 2.30079E-07          Am242  (n,np   )  Pu241   1.61842E-12+- 6.97867E-08
    Am242  (n,g    )  Am243   2.33721E+01+- 1.71998E+01          Am242  (n,p    )  Pu242   3.54640E-07+- 1.16600E+00
    Am242  (n,d    )  Pu241   5.14433E-11+- 4.36548E-08          Am242  (n,t    )  Pu240   8.94679E-11+- 5.12153E-06
    Am242  (n,a    )  Np239   1.32823E-04+- 5.99570E+01          Am242m (n,n    )  Am242   5.13488E-01+- 9.74193E+01
    Am242m (n,2n   )  Am241   6.29969E-03+- 7.01313E-01          Am242m (n,F    )          6.65552E+02+- 1.02827E+01
    Am242m (n,na   )  Np238   1.10278E-07+- 3.66168E+01          Am242m (n,2na  )  Np237   2.21834E-10+- 8.90393E-09
    Am242m (n,np   )  Pu241   1.37895E-12+- 1.29076E-07          Am242m (n,g    )  Am243   1.55105E+02+- 2.87819E+01
    Am242m (n,p    )  Pu242   1.80091E-07+- 5.05633E-01          Am242m (n,d    )  Pu241   4.16151E-11+- 4.21788E-09
    Am242m (n,t    )  Pu240   4.61540E-11+- 2.11325E-07          Am242m (n,a    )  Np239   3.03642E-04+- 5.99812E+01
    Am243  (n,2n   )  Am242   1.92488E-03+- 0.00000E+00          Am243  (n,2n   )  Am242m  3.01725E-04+- 0.00000E+00
    Am243  (n,F    )          4.62488E-01+- 4.17365E+01          Am243  (n,na   )  Np239   6.14462E-08+- 2.77884E+01
    Am243  (n,np   )  Pu242   2.11685E-12+- 1.90077E-08          Am243  (n,g    )  Am244   3.19508E+00+- 1.38538E+01
    Am243  (n,g    )  Am244m  4.78603E+01+- 9.44475E+00          Am243  (n,p    )  Pu243   4.69673E-08+- 1.44201E-01
    Am243  (n,d    )  Pu242   3.19575E-11+- 5.15178E-08          Am243  (n,t    )  Pu241   2.08673E-12+- 1.80581E-08
    Am243  (n,a    )  Np240   9.91426E-05+- 8.47903E+01          Am243  (n,a    )  Np240m  4.45423E-05+- 8.47903E+01
    Am244  (n,2n   )  Am243   4.15676E-03+- 1.24712E+00          Am244  (n,F    )          2.02104E+02+- 3.50399E+02
    Am244  (n,na   )  Np240   4.70059E-08+- 4.89732E+01          Am244  (n,na   )  Np240m  2.11186E-08+- 4.89732E+01
    Am244  (n,2na  )  Np239   1.10388E-11+- 1.78932E-07          Am244  (n,g    )  Am245   2.45991E+01+- 7.55008E+01
    Am244  (n,p    )  Pu244   1.20326E-07+- 3.82520E-01          Am244  (n,d    )  Pu243   1.00735E-11+- 8.94940E-09
    Am244  (n,t    )  Pu242   4.86025E-11+- 2.43317E-06          Am244  (n,a    )  Np241   1.39640E-04+- 5.99750E+01
    Cm240  (n,2n   )  Cm239   2.25388E-05+- 0.00000E+00          Cm240  (n,F    )          2.10961E+00+- 2.81338E+02
    Cm240  (n,na   )  Pu236   7.65692E-03+- 8.63588E+01          Cm240  (n,2na  )  Pu235   1.58008E-09+- 2.74303E-07
    Cm240  (n,np   )  Am239   1.80786E-11+- 1.05306E-08          Cm240  (n,g    )  Cm241   2.71596E+01+- 8.59137E+02
    Cm240  (n,p    )  Am240   2.29417E-07+- 9.11803E-01          Cm240  (n,d    )  Am239   2.63058E-11+- 1.66022E-08
    Cm240  (n,a    )  Pu237   1.54364E-04+- 8.46519E+01          Cm240  (n,a    )  Pu237m  9.71209E-05+- 8.46641E+01
    Cm240  (n,2a   )  U 233   8.52532E-12+- 1.81098E+02          Cm241  (n,2n   )  Cm240   2.58561E-03+- 0.00000E+00
    Cm241  (n,F    )          7.29433E+01+- 3.91309E+02          Cm241  (n,na   )  Pu237   8.26964E-04+- 1.03968E+02
    Cm241  (n,na   )  Pu237m  4.25612E-04+- 1.03558E+02          Cm241  (n,2na  )  Pu236   1.89182E-06+- 1.04412E-12
    Cm241  (n,g    )  Cm242   4.16893E+00+- 2.23996E+02          Cm241  (n,p    )  Am241   3.72735E-07+- 1.00872E+00
    Cm241  (n,d    )  Am240   1.67817E-11+- 1.09578E-08          Cm241  (n,t    )  Am239   2.35680E-12+- 9.86429E-09
    Cm241  (n,a    )  Pu238   9.82704E-05+- 5.98547E+01          Cm241  (n,2a   )  U 234   1.07239E-11+- 1.67110E+02
    Cm242  (n,2n   )  Cm241   1.20661E-04+- 0.00000E+00          Cm242  (n,F    )          1.41144E+00+- 3.34303E+01
    Cm242  (n,na   )  Pu238   6.26830E-04+- 3.01399E+01          Cm242  (n,2na  )  Pu237   5.72239E-07+- 9.17511E-12
    Cm242  (n,2na  )  Pu237m  2.90252E-07+- 1.14548E-11          Cm242  (n,g    )  Cm243   4.38103E+00+- 3.17633E+01
    Cm242  (n,p    )  Am242   2.90847E-08+- 1.63351E-01          Cm242  (n,p    )  Am242m  2.78037E-08+- 1.27072E-01
    Cm242  (n,d    )  Am241   4.95869E-12+- 1.60986E-08          Cm242  (n,a    )  Pu239   8.57117E-06+- 5.93135E+01
    Cm243  (n,2n   )  Cm242   1.47739E-03+- 5.43309E-01          Cm243  (n,F    )          8.17944E+01+- 8.40111E+00
    Cm243  (n,na   )  Pu239   2.26160E-08+- 3.99502E+01          Cm243  (n,2na  )  Pu238   6.94166E-06+- 5.24703E-12
    Cm243  (n,g    )  Cm244   1.33760E+01+- 7.42403E+00          Cm243  (n,p    )  Am243   1.39082E-07+- 3.85542E-01
    Cm243  (n,d    )  Am242   2.19857E-12+- 1.66102E-07          Cm243  (n,d    )  Am242m  1.03669E-12+- 1.42327E-07
    Cm243  (n,t    )  Am241   1.77353E-12+- 1.23488E-08          Cm243  (n,a    )  Pu240   8.46007E-05+- 5.98976E+01
    Cm243  (n,2a   )  U 236   1.09979E-12+- 8.03041E+01          Cm244  (n,2n   )  Cm243   1.05771E-03+- 0.00000E+00
    Cm244  (n,F    )          8.18626E-01+- 3.66782E+01          Cm244  (n,na   )  Pu240   3.97977E-06+- 4.84912E+01
    Cm244  (n,2na  )  Pu239   3.59289E-12+- 1.34207E-04          Cm244  (n,g    )  Cm245   1.55144E+01+- 9.33114E+00
    Cm244  (n,p    )  Am244   9.12053E-09+- 8.81517E-02          Cm244  (n,p    )  Am244m  6.01439E-09+- 1.05678E-01
    Cm244  (n,a    )  Pu241   1.25603E-05+- 5.95195E+01          Cm245  (n,2n   )  Cm244   4.68788E-03+- 8.11162E-01
    Cm245  (n,F    )          1.18843E+02+- 2.24879E+01          Cm245  (n,na   )  Pu241   2.35587E-08+- 2.64620E+01
    Cm245  (n,2na  )  Pu240   7.50454E-10+- 2.63899E-09          Cm245  (n,g    )  Cm246   1.96868E+01+- 7.13332E+00
    Cm245  (n,p    )  Am245   3.55662E-08+- 8.47804E-02          Cm245  (n,a    )  Pu242   2.09072E-05+- 5.97690E+01
    Cm246  (n,2n   )  Cm245   1.61021E-03+- 0.00000E+00          Cm246  (n,F    )          5.74695E-01+- 3.98036E+01
    Cm246  (n,na   )  Pu242   1.17748E-08+- 3.25969E+01          Cm246  (n,g    )  Cm247   3.01967E+00+- 9.56080E+00
    Cm246  (n,p    )  Am246   1.32466E-09+- 1.30172E-03          Cm246  (n,p    )  Am246m  1.22277E-09+- 1.30172E-03
    Cm246  (n,a    )  Pu243   7.45731E-07+- 5.57718E+01          Cm246  (n,pa   )  Np242   1.37326E-12+- 2.55570E-06
    Cm246  (n,pa   )  Np242m  1.37326E-12+- 2.55570E-06          Cm247  (n,2n   )  Cm246   5.37475E-03+- 3.11446E+00
    Cm247  (n,F    )          2.07001E+01+- 1.75903E+01          Cm247  (n,na   )  Pu243   3.74889E-09+- 1.99840E+01
    Cm247  (n,2na  )  Pu242   1.43814E-11+- 1.37459E-07          Cm247  (n,g    )  Cm248   1.75224E+01+- 2.34558E+01
    Cm247  (n,p    )  Am247   1.39003E-08+- 1.99465E-02          Cm247  (n,a    )  Pu244   8.65946E-07+- 5.64548E+01
    Cm248  (n,2n   )  Cm247   3.09848E-03+- 0.00000E+00          Cm248  (n,F    )          6.05802E-01+- 3.89691E+01
    Cm248  (n,na   )  Pu244   3.52338E-09+- 3.47851E+01          Cm248  (n,g    )  Cm249   6.53516E+00+- 1.08484E+01
    Cm248  (n,p    )  Am248   6.86280E-10+- 3.74591E-04          Cm248  (n,a    )  Pu245   1.68564E-07+- 4.72291E+01
    Cm249  (n,2n   )  Cm248   6.00248E-03+- 7.34433E+00          Cm249  (n,F    )          8.27880E+00+- 1.98887E+01
    Cm249  (n,na   )  Pu245   1.68462E-10+- 1.83555E+01          Cm249  (n,g    )  Cm250   2.68854E+00+- 4.29836E+01
    Cm249  (n,p    )  Am249   3.56002E-09+- 2.13816E-03          Cm249  (n,a    )  Pu246   1.79895E-07+- 4.86617E+01
    Cm250  (n,2n   )  Cm249   2.63648E-04+- 1.82230E-02          Cm250  (n,F    )          5.48679E-01+- 9.39442E+01
    Cm250  (n,na   )  Pu246   4.61814E-11+- 1.41965E+01          Cm250  (n,g    )  Cm251   6.99934E+01+- 9.12363E+01
    Cm250  (n,p    )  Am250   1.55950E-10+- 8.34757E-10          Cm250  (n,a    )  Pu247   9.23638E-06+- 5.98760E+01
    Bk245  (n,2n   )  Bk244   3.55290E-05+- 0.00000E+00          Bk245  (n,F    )          4.22504E-01+- 9.85992E+01
    Bk245  (n,na   )  Am241   1.27908E-05+- 9.42916E+01          Bk245  (n,2na  )  Am240   5.84603E-08+- 6.31218E-11
    Bk245  (n,np   )  Cm244   2.17866E-11+- 3.53194E-09          Bk245  (n,g    )  Bk246   6.43815E+00+- 4.03270E+02
    Bk245  (n,p    )  Cm245   2.43937E-07+- 7.64170E-01          Bk245  (n,d    )  Cm244   3.93637E-10+- 3.00971E-05
    Bk245  (n,t    )  Cm243   5.67024E-12+- 3.60735E-08          Bk245  (n,a    )  Am242   8.04706E-06+- 8.43087E+01
    Bk245  (n,a    )  Am242m  7.74331E-08+- 2.72134E+01          Bk246  (n,2n   )  Bk245   1.08973E-04+- 1.48280E-02
    Bk246  (n,F    )          5.50745E+01+- 3.93634E+02          Bk246  (n,na   )  Am242   3.04037E-09+- 4.72380E+01
    Bk246  (n,na   )  Am242m  1.09046E-09+- 4.54111E+01          Bk246  (n,2na  )  Am241   9.31191E-10+- 2.12468E-09
    Bk246  (n,np   )  Cm245   2.11439E-12+- 2.52873E-07          Bk246  (n,g    )  Bk247   5.40130E+00+- 4.78516E+02
    Bk246  (n,p    )  Cm246   5.75850E-07+- 1.50165E+00          Bk246  (n,d    )  Cm245   1.24035E-10+- 3.01727E-06
    Bk246  (n,t    )  Cm244   8.67161E-11+- 1.18916E-05          Bk246  (n,a    )  Am243   9.23711E-03+- 5.99993E+01
    Bk246  (n,2a   )  Np239   1.47284E-12+- 1.99051E+02          Bk247  (n,2n   )  Bk246   4.40095E-04+- 0.00000E+00
    Bk247  (n,F    )          1.46359E+01+- 1.64666E+02          Bk247  (n,na   )  Am243   4.05705E-09+- 4.35277E+01
    Bk247  (n,np   )  Cm246   3.96274E-12+- 5.26530E-08          Bk247  (n,g    )  Bk248   2.57541E+00+- 7.81022E+01
    Bk247  (n,g    )  Bk248m  3.86273E+00+- 7.81024E+01          Bk247  (n,p    )  Cm247   8.50254E-08+- 2.65558E-01
    Bk247  (n,d    )  Cm246   8.97641E-11+- 2.30277E-06          Bk247  (n,t    )  Cm245   2.99383E-12+- 6.45439E-08
    Bk247  (n,a    )  Am244   1.34988E-05+- 8.46170E+01          Bk247  (n,a    )  Am244m  3.78366E-08+- 3.48980E+01
    Bk248  (n,n    )  Bk248m  6.06051E-01+- 9.93495E+01          Bk248  (n,2n   )  Bk247   5.49932E-04+- 6.43984E-01
    Bk248  (n,F    )          5.63745E+01+- 3.92800E+02          Bk248  (n,na   )  Am244   2.06345E-09+- 5.92190E+01
    Bk248  (n,na   )  Am244m  1.88797E-09+- 6.33610E+01          Bk248  (n,g    )  Bk249   5.40130E+00+- 4.78516E+02
    Bk248  (n,p    )  Cm248   2.37223E-07+- 7.33023E-01          Bk248  (n,d    )  Cm247   3.11166E-11+- 5.06197E-08
    Bk248  (n,t    )  Cm246   6.65394E-11+- 5.71048E-06          Bk248  (n,a    )  Am245   2.85008E-03+- 5.99986E+01
    Bk248m (n,n    )  Bk248   2.12551E-02+- 9.05665E+01          Bk248m (n,2n   )  Bk247   1.02869E-03+- 9.91101E-01
    Bk248m (n,F    )          5.63745E+01+- 3.92800E+02          Bk248m (n,na   )  Am244   3.17544E-09+- 5.43603E+01
    Bk248m (n,na   )  Am244m  1.36204E-09+- 6.20306E+01          Bk248m (n,g    )  Bk249   5.40130E+00+- 4.78516E+02
    Bk248m (n,p    )  Cm248   9.04757E-08+- 2.35138E-01          Bk248m (n,d    )  Cm247   6.87321E-10+- 3.86255E-08
    Bk248m (n,t    )  Cm246   8.23227E-10+- 2.01318E-07          Bk248m (n,a    )  Am245   3.17403E-06+- 5.88381E+01
    Bk249  (n,2n   )  Bk248   2.41108E-04+- 0.00000E+00          Bk249  (n,2n   )  Bk248m  3.09597E-05+- 0.00000E+00
    Bk249  (n,F    )          2.09294E+00+- 4.09802E+01          Bk249  (n,na   )  Am245   3.42552E-10+- 3.20059E+01
    Bk249  (n,g    )  Bk250   3.14103E+02+- 2.45851E+01          Bk249  (n,p    )  Cm249   2.86702E-08+- 6.71527E-02
    Bk249  (n,d    )  Cm248   1.96637E-11+- 3.28142E-08          Bk249  (n,t    )  Cm247   1.67682E-12+- 6.39067E-08
    Bk249  (n,a    )  Am246   9.15025E-07+- 8.32751E+01          Bk249  (n,a    )  Am246m  8.44639E-07+- 8.32751E+01
    Bk249  (n,2a   )  Np242   1.05351E-08+- 2.08669E+02          Bk249  (n,2a   )  Np242m  1.05351E-08+- 2.08669E+02
    Bk250  (n,2n   )  Bk249   1.35280E-03+- 4.35843E+00          Bk250  (n,F    )          6.00748E+01+- 2.56005E+01
    Bk250  (n,na   )  Am246   1.67185E-11+- 9.82378E+00          Bk250  (n,na   )  Am246m  2.50778E-11+- 9.82373E+00
    Bk250  (n,g    )  Bk251   2.21943E+01+- 4.30603E+01          Bk250  (n,p    )  Cm250   1.20345E-07+- 3.30246E-01
    Bk250  (n,d    )  Cm249   1.30742E-11+- 5.03214E-09          Bk250  (n,t    )  Cm248   9.89813E-11+- 1.13494E-05
    Bk250  (n,a    )  Am247   6.00484E-04+- 5.99956E+01          Cf246  (n,2n   )  Cf245   1.83779E-04+- 0.00000E+00
    Cf246  (n,F    )          4.93152E-01+- 1.76412E+02          Cf246  (n,na   )  Cm242   1.17878E-03+- 5.88651E+01
    Cf246  (n,2na  )  Cm241   1.40758E-08+- 3.82225E-09          Cf246  (n,n2a  )  Pu238   6.13673E-10+- 5.44227E+01
    Cf246  (n,g    )  Cf247   1.70505E+00+- 4.78908E+02          Cf246  (n,p    )  Bk246   1.22334E-07+- 2.26832E-01
    Cf246  (n,d    )  Bk245   1.47053E-11+- 4.73611E-08          Cf246  (n,a    )  Cm243   1.18565E-04+- 5.99316E+01
    Cf246  (n,2a   )  Pu239   1.96420E-12+- 1.93556E+02          Cf248  (n,2n   )  Cf247   5.05551E-04+- 0.00000E+00
    Cf248  (n,F    )          4.35626E+00+- 3.28049E+02          Cf248  (n,na   )  Cm244   7.91258E-06+- 1.59288E+01
    Cf248  (n,2na  )  Cm243   3.43626E-11+- 5.25017E-08          Cf248  (n,g    )  Cf249   2.41580E+00+- 4.16514E+02
    Cf248  (n,p    )  Bk248   2.30431E-08+- 7.14451E-02          Cf248  (n,p    )  Bk248m  1.03527E-08+- 7.14451E-02
    Cf248  (n,d    )  Bk247   2.21064E-12+- 2.13998E-08          Cf248  (n,a    )  Cm245   3.10545E-05+- 5.98221E+01
    Cf249  (n,2n   )  Cf248   3.32897E-03+- 6.67655E-01          Cf249  (n,F    )          1.53193E+02+- 7.70280E+00
    Cf249  (n,na   )  Cm245   2.09087E-08+- 3.37482E+01          Cf249  (n,2na  )  Cm244   2.18209E-06+- 1.26837E-11
    Cf249  (n,g    )  Cf250   4.81746E+01+- 7.45688E+00          Cf249  (n,p    )  Bk249   9.01955E-08+- 2.36799E-01
    Cf249  (n,t    )  Bk247   1.08304E-12+- 3.87874E-08          Cf249  (n,a    )  Cm246   2.43569E-04+- 5.99729E+01
    Cf249  (n,2a   )  Pu242   5.32406E-12+- 1.76709E+02          Cf250  (n,2n   )  Cf249   1.24307E-03+- 0.00000E+00
    Cf250  (n,F    )          1.75154E+01+- 1.29861E+02          Cf250  (n,na   )  Cm246   6.16068E-09+- 4.36071E+01
    Cf250  (n,2na  )  Cm245   7.34891E-12+- 1.64449E-06          Cf250  (n,g    )  Cf251   2.65554E+02+- 1.85870E+01
    Cf250  (n,p    )  Bk250   8.64277E-09+- 4.12299E-03          Cf250  (n,a    )  Cm247   1.00626E-03+- 5.99966E+01
    Cf251  (n,2n   )  Cf250   5.39278E-03+- 5.65708E+00          Cf251  (n,F    )          4.78598E+02+- 1.55711E+01
    Cf251  (n,na   )  Cm247   2.18373E-08+- 4.03964E+01          Cf251  (n,g    )  Cf252   2.25638E+02+- 8.05072E+00
    Cf251  (n,p    )  Bk251   2.65963E-08+- 3.86220E-02          Cf251  (n,t    )  Bk249   1.28826E-12+- 9.15139E-08
    Cf251  (n,a    )  Cm248   1.97039E-03+- 5.99977E+01          Cf252  (n,2n   )  Cf251   1.25104E-03+- 0.00000E+00
    Cf252  (n,F    )          5.93098E+00+- 1.65307E+01          Cf252  (n,na   )  Cm248   2.32268E-08+- 9.03339E+01
    Cf252  (n,g    )  Cf253   2.69810E+00+- 7.88412E+00          Cf252  (n,p    )  Bk252   2.43460E-09+- 4.98752E-04
    Cf252  (n,a    )  Cm249   4.73740E-06+- 5.94312E+01          Cf253  (n,2n   )  Cf252   1.00896E-03+- 9.08931E+00
    Cf253  (n,F    )          1.30145E+02+- 1.42835E+01          Cf253  (n,na   )  Cm249   7.95663E-06+- 9.81189E+01
    Cf253  (n,2na  )  Cm248   1.89762E-10+- 1.99085E+01          Cf253  (n,g    )  Cf254   1.57175E+00+- 2.13730E+01
    Cf253  (n,p    )  Bk253   1.39880E-08+- 1.52710E-02          Cf253  (n,a    )  Cm250   6.70056E-06+- 5.92925E+01
    Cf254  (n,2n   )  Cf253   1.94721E-04+- 7.26380E-05          Cf254  (n,F    )          1.54139E+00+- 6.26064E+01
    Cf254  (n,na   )  Cm250   7.35850E-11+- 7.21981E+01          Cf254  (n,2na  )  Cm249   4.67454E-10+- 4.23120E-09
    Cf254  (n,g    )  Cf255   4.02364E-01+- 8.35770E+00          Cf254  (n,p    )  Bk254   7.96704E-10+- 3.47050E-05
    Cf254  (n,a    )  Cm251   2.19939E-05+- 5.99084E+01          Es250  (n,2n   )  Es249   6.19028E-04+- 4.82629E-03
    Es250  (n,F    )          4.16967E+01+- 2.85994E+02          Es250  (n,na   )  Bk246   5.96499E-03+- 9.99936E+01
    Es250  (n,2na  )  Bk245   1.58438E-11+- 1.74525E-06          Es250  (n,np   )  Cf249   2.08526E-12+- 2.19054E-07
    Es250  (n,g    )  Es251   1.77103E+00+- 7.98880E+02          Es250  (n,p    )  Cf250   1.12516E-06+- 2.59098E+00
    Es250  (n,d    )  Cf249   4.33607E-10+- 4.06083E-05          Es250  (n,t    )  Cf248   2.69452E-10+- 6.80904E-05
    Es250  (n,a    )  Bk247   3.96329E-03+- 5.99973E+01          Es251  (n,2n   )  Es250   3.81923E-04+- 0.00000E+00
    Es251  (n,2n   )  Es250m  2.29130E-04+- 0.00000E+00          Es251  (n,F    )          1.59124E+00+- 2.12782E+02
    Es251  (n,na   )  Bk247   9.24242E-08+- 3.31536E+01          Es251  (n,2na  )  Bk246   2.00216E-09+- 1.76340E+02
    Es251  (n,np   )  Cf250   6.83205E-12+- 2.83723E-08          Es251  (n,g    )  Es252   6.43815E+00+- 4.03270E+02
    Es251  (n,p    )  Cf251   1.43915E-07+- 4.55180E-01          Es251  (n,d    )  Cf250   2.53968E-10+- 2.23733E-05
    Es251  (n,t    )  Cf249   5.90776E-12+- 6.18177E-08          Es251  (n,a    )  Bk248   3.24967E-04+- 8.48355E+01
    Es251  (n,a    )  Bk248m  1.46000E-04+- 8.48355E+01          Es252  (n,2n   )  Es251   3.35506E-03+- 4.62357E+00
    Es252  (n,F    )          4.30295E+01+- 3.79131E+02          Es252  (n,na   )  Bk248   2.78989E-04+- 9.55537E+01
    Es252  (n,na   )  Bk248m  1.25343E-04+- 9.55538E+01          Es252  (n,2na  )  Bk247   6.77001E-10+- 3.27671E-06
    Es252  (n,3na  )  Bk246   1.36550E-11+- 1.90212E+01          Es252  (n,g    )  Es253   5.40130E+00+- 4.78516E+02
    Es252  (n,p    )  Cf252   4.81840E-07+- 1.27659E+00          Es252  (n,d    )  Cf251   1.03402E-10+- 1.16099E-05
    Es252  (n,t    )  Cf250   3.28870E-10+- 1.12311E-04          Es252  (n,a    )  Bk249   2.70280E-05+- 5.97146E+01
    Es253  (n,2n   )  Es252   6.68513E-04+- 0.00000E+00          Es253  (n,F    )          4.44333E+01+- 3.77853E+02
    Es253  (n,na   )  Bk249   6.65375E-07+- 7.53810E+01          Es253  (n,2na  )  Bk248   1.01076E-07+- 1.37841E+01
    Es253  (n,2na  )  Bk248m  4.55207E-08+- 1.42507E+01          Es253  (n,g    )  Es254   5.82975E+00+- 6.02534E+01
    Es253  (n,g    )  Es254m  1.78897E+02+- 8.63530E+02          Es253  (n,p    )  Cf253   5.82735E-08+- 1.60172E-01
    Es253  (n,d    )  Cf252   6.06683E-11+- 5.43688E-06          Es253  (n,t    )  Cf251   7.74066E-12+- 2.23126E-08
    Es253  (n,a    )  Bk250   1.44311E-04+- 5.99685E+01          Es254  (n,n    )  Es254m  5.53545E-02+- 9.84837E+01
    Es254  (n,2n   )  Es253   3.47948E-04+- 3.78498E+00          Es254  (n,F    )          1.49613E+02+- 2.04396E+01
    Es254  (n,na   )  Bk250   1.52977E-07+- 7.84150E+01          Es254  (n,2na  )  Bk249   8.00838E-10+- 9.08202E-02
    Es254  (n,3na  )  Bk248   3.78803E-12+- 4.42385E+01          Es254  (n,3na  )  Bk248m  5.15836E-11+- 4.54889E+01
    Es254  (n,g    )  Es255   1.23598E+00+- 3.00915E+01          Es254  (n,p    )  Cf254   2.29873E-07+- 7.95508E-01
    Es254  (n,d    )  Cf253   2.97101E-11+- 1.12328E-07          Es254  (n,t    )  Cf252   2.02466E-10+- 4.72438E-05
    Es254  (n,a    )  Bk251   5.14189E-06+- 5.89292E+01          Es254m (n,n    )  Es254   9.86540E-03+- 8.81689E+01
    Es254m (n,2n   )  Es253   7.73707E-04+- 6.93836E+00          Es254m (n,F    )          1.46223E+02+- 1.76005E+01
    Es254m (n,g    )  Es255   1.50200E+02+- 1.09863E+01          Es254m (n,p    )  Cf254   2.45762E-07+- 9.23794E-01
    Es254m (n,a    )  Bk251   3.86255E-06+- 5.85988E+01          Es255  (n,2n   )  Es254   1.10272E-03+- 6.31488E+01
    Es255  (n,2n   )  Es254m  1.44980E-04+- 0.00000E+00          Es255  (n,F    )          4.01118E+00+- 5.94814E+01
    Es255  (n,na   )  Bk251   6.71404E-10+- 5.60356E+01          Es255  (n,2na  )  Bk250   1.59388E-11+- 1.17629E-06
    Es255  (n,g    )  Es256   7.31861E+01+- 7.81025E+01          Es255  (n,g    )  Es256m  1.19012E+00+- 7.81025E+01
    Es255  (n,p    )  Cf255   3.39766E-08+- 9.97632E-02          Es255  (n,d    )  Cf254   5.70005E-11+- 7.97190E-05
    Es255  (n,t    )  Cf253   5.29271E-12+- 6.41836E-08          Es255  (n,a    )  Bk252   4.45004E-02+- 5.99999E+01
    Es256m (n,2n   )  Es255   1.27552E-04+- 1.72287E+00          Es256m (n,F    )          5.56413E+01+- 3.44597E+02
    Es256m (n,na   )  Bk252   1.09969E-08+- 8.05256E+01          Es256m (n,3na  )  Bk250   6.93720E-12+- 5.64437E+01
    Es256m (n,g    )  Es257   1.01023E+00+- 8.98454E+02          Es256m (n,d    )  Cf255   4.61722E-10+- 1.49953E-05
    Es256m (n,t    )  Cf254   6.25159E-09+- 4.15187E-05          Es256m (n,a    )  Bk253   1.86696E-01+- 6.00000E+01
    Es257  (n,2n   )  Es256   4.13361E-06+- 1.39676E-02          Es257  (n,2n   )  Es256m  1.60752E-06+- 1.39495E-02
    Es257  (n,F    )          6.19109E+01+- 9.99417E+01          Es257  (n,na   )  Bk253   3.73658E-10+- 7.47886E+01
    Es257  (n,a    )  Bk254   3.04562E-02+- 5.99999E+01          Fm252  (n,2n   )  Fm251   8.73264E-04+- 0.00000E+00
    Fm252  (n,F    )          2.17139E-01+- 1.71990E+02          Fm252  (n,na   )  Cf248   2.76041E-02+- 9.96110E+01
    Fm252  (n,2na  )  Cf247   4.13913E-08+- 4.77200E-11          Fm252  (n,n2a  )  Cm244   1.48730E-11+- 4.09969E+01
    Fm252  (n,g    )  Fm253   2.86017E+00+- 2.24470E+02          Fm252  (n,p    )  Es252   5.20841E-08+- 7.33180E-02
    Fm252  (n,d    )  Es251   9.99278E-12+- 1.06164E-08          Fm252  (n,a    )  Cf249   2.81411E-04+- 5.99711E+01
    Fm252  (n,2a   )  Cm245   7.26632E-12+- 1.98688E+02          Fm252  (n,pa   )  Bk248   3.44942E-11+- 6.57798E-02
    Fm252  (n,pa   )  Bk248m  1.54973E-11+- 6.57801E-02          Fm253  (n,2n   )  Fm252   7.26170E-03+- 1.21933E+00
    Fm253  (n,F    )          3.80307E+01+- 3.88256E+02          Fm253  (n,na   )  Cf249   8.39454E-04+- 7.14609E+01
    Fm253  (n,2na  )  Cf248   8.93120E-05+- 3.76617E+00          Fm253  (n,g    )  Fm254   1.08975E+01+- 2.56939E+02
    Fm253  (n,p    )  Es253   1.46314E-07+- 3.86033E-01          Fm253  (n,d    )  Es252   2.39626E-12+- 1.15136E-08
    Fm253  (n,t    )  Es251   5.57101E-12+- 1.93007E-08          Fm253  (n,a    )  Cf250   9.71651E-05+- 5.98785E+01
    Fm253  (n,2a   )  Cm246   2.33221E-11+- 1.99220E+02          Fm253  (n,pa   )  Bk249   1.03084E-12+- 3.12445E-01
    Fm255  (n,2n   )  Fm254   3.70324E-03+- 5.34654E+00          Fm255  (n,F    )          2.99660E+02+- 2.64904E+01
    Fm255  (n,na   )  Cf251   2.04335E-03+- 8.54240E+01          Fm255  (n,2na  )  Cf250   2.08934E-07+- 9.50241E-02
    Fm255  (n,g    )  Fm256   2.17720E+00+- 9.78868E+00          Fm255  (n,p    )  Es255   6.02595E-08+- 2.03113E-01
    Fm255  (n,t    )  Es253   4.69851E-12+- 3.63549E-08          Fm255  (n,a    )  Cf252   6.98377E-05+- 5.98778E+01
    Fm255  (n,2a   )  Cm248   2.80710E-10+- 1.99578E+02          Fm257  (n,2n   )  Fm256   1.31650E-03+- 1.05834E+01
    Fm257  (n,F    )          2.45458E+02+- 2.43084E+01          Fm257  (n,na   )  Cf253   3.17978E-05+- 9.99924E+01
    Fm257  (n,2na  )  Cf252   4.03557E-10+- 5.99262E-01          Fm257  (n,g    )  Fm258   1.08975E+01+- 2.56939E+02
    Fm257  (n,p    )  Es257   2.99064E-08+- 8.25969E-02          Fm257  (n,t    )  Es255   1.57833E-12+- 1.19498E-08
    Fm257  (n,a    )  Cf254   2.19328E-02+- 5.99997E+01
1                                    N E U T R O N      S P E C T R U M


     Group    Upper         Lower         Flux          Group    Upper         Lower         Flux
     index    energy        energy                      index    energy        energy

        1  1.000000E+07  6.066000E+06  2.71440E-02        36  1.097000E+00  1.071000E+00  5.52110E-04
        2  6.066000E+06  3.679000E+06  7.99130E-02        37  1.071000E+00  1.045000E+00  5.70690E-04
        3  3.679000E+06  2.231000E+06  1.62030E-01        38  1.045000E+00  1.020000E+00  5.66060E-04
        4  2.231000E+06  1.353000E+06  1.58700E-01        39  1.020000E+00  9.960000E-01  8.65670E-04
        5  1.353000E+06  8.210000E+05  1.54040E-01        40  9.960000E-01  9.720000E-01  8.91840E-04
        6  8.210000E+05  5.000000E+05  1.72530E-01        41  9.720000E-01  9.500000E-01  1.05020E-03
        7  5.000000E+05  3.025000E+05  1.16330E-01        42  9.500000E-01  9.100000E-01  2.17740E-03
        8  3.025000E+05  1.830000E+05  1.01700E-01        43  9.100000E-01  8.500000E-01  3.47690E-03
        9  1.830000E+05  1.110000E+05  7.84000E-02        44  8.500000E-01  7.800000E-01  4.67610E-03
       10  1.110000E+05  6.734000E+04  6.39150E-02        45  7.800000E-01  6.250000E-01  1.22860E-02
       11  6.734000E+04  4.085000E+04  5.41080E-02        46  6.250000E-01  5.000000E-01  1.26280E-02
       12  4.085000E+04  2.478000E+04  4.79140E-02        47  5.000000E-01  4.000000E-01  1.31110E-02
       13  2.478000E+04  1.503000E+04  4.41270E-02        48  4.000000E-01  3.500000E-01  7.16700E-03
       14  1.503000E+04  9.118000E+03  4.18690E-02        49  3.500000E-01  3.200000E-01  5.10220E-03
       15  9.118000E+03  5.530000E+03  3.98520E-02        50  3.200000E-01  3.000000E-01  3.36290E-03
       16  5.530000E+03  3.519000E+03  3.50200E-02        51  3.000000E-01  2.800000E-01  3.81910E-03
       17  3.519000E+03  2.239000E+03  3.46200E-02        52  2.800000E-01  2.500000E-01  6.92290E-03
       18  2.239000E+03  1.425000E+03  3.36730E-02        53  2.500000E-01  2.200000E-01  1.08480E-02
       19  1.425000E+03  9.069000E+02  3.32790E-02        54  2.200000E-01  1.800000E-01  2.01440E-02
       20  9.069000E+02  3.673000E+02  6.49850E-02        55  1.800000E-01  1.400000E-01  2.96990E-02
       21  3.673000E+02  1.487000E+02  6.23840E-02        56  1.400000E-01  1.000000E-01  4.50020E-02
       22  1.487000E+02  7.550000E+01  4.48080E-02        57  1.000000E-01  8.000000E-02  2.78340E-02
       23  7.550000E+01  4.805000E+01  2.93940E-02        58  8.000000E-02  6.700000E-02  1.95640E-02
       24  4.805000E+01  2.770000E+01  3.20690E-02        59  6.700000E-02  5.800000E-02  1.38110E-02
       25  2.770000E+01  1.597000E+01  2.97790E-02        60  5.800000E-02  5.000000E-02  1.21610E-02
       26  1.597000E+01  9.877000E+00  2.79740E-02        61  5.000000E-02  4.200000E-02  1.17910E-02
       27  9.877000E+00  4.000000E+00  4.11330E-02        62  4.200000E-02  3.500000E-02  9.68620E-03
       28  4.000000E+00  3.300000E+00  1.01330E-02        63  3.500000E-02  3.000000E-02  6.38390E-03
       29  3.300000E+00  2.600000E+00  1.28920E-02        64  3.000000E-02  2.500000E-02  5.82410E-03
       30  2.600000E+00  2.100000E+00  1.18940E-02        65  2.500000E-02  2.000000E-02  5.08410E-03
       31  2.100000E+00  1.500000E+00  1.88010E-02        66  2.000000E-02  1.500000E-02  4.18180E-03
       32  1.500000E+00  1.300000E+00  8.08830E-03        67  1.500000E-02  1.000000E-02  3.14700E-03
       33  1.300000E+00  1.150000E+00  6.29700E-03        68  1.000000E-02  5.000000E-03  1.89330E-03
       34  1.150000E+00  1.123000E+00  9.36800E-04        69  5.000000E-03  1.000000E-05  5.49530E-04
       35  1.123000E+00  1.097000E+00  9.25950E-04
0  Spectrum type is WIMS
   flux spectrum_identifier is  BEAVER VALLEY 16000 MWD/Te WIMS TOT=2.18849


fispact run time=                  0.67276E-01 secs


 ------------------------------------------------------------------
 Files that have been opened during this run.
 ------------------------------------------------------------------
 The numbers after the unit names are the internal unit numbers.

 output(38)      collapse.out
 runlog(48)      collapse.log
 ------------------------------------------------------------------



     Run timestamp:14:35:43 19 March 2021          

     Current time: 14:35:43 19 March 2021          
