



     ==============================================================================
     |                                                                            |
     |                                                                            |
     |             _____ ___ ____  ____   _    ____ _____    ___ ___              |
     |            |  ___|_ _/ ___||  _ \ / \  / ___|_   _|  |_ _|_ _|             |
     |            | |_   | |\___ \| |_) / _ \| |     | |_____| | | |              |
     |            |  _|  | | ___) |  __/ ___ \ |___  | |_____| | | |              |
     |            |_|   |___|____/|_| /_/   \_\____| |_|    |___|___|             |
     |                                                                            |
     |                            F I S P A C T - I I                             |
     |                            -------------------                             |
     |                                                                            |
     |                  Transmutation-Activation Inventory Code                   |
     |                   United Kingdom Atomic Energy Authority                   |
     |                                                                            |
     |                         Release 5.0 May 2021                               |
     |             Copyright (c) 2009-21, UK Atomic Energy Authority              |
     |                                                                            |
     ==============================================================================



1




     =========================================================================================================
     |                                                                                                       |
     |                      R U N   I D E N T I F I C A T I O N   I N F O R M A T I O N                      |
     |                                                                                                       |
     | INITIAL CROSS SECTION DATA                                                                            |
     | Collapsed library timestamp: 15:28:33 19 March 2021                                                   |
     | EAF source library label:                                                                             |
     | FLUX file label:             Thermal neutron                                                          |
     |                                                                                                       |
     | DECAY DATA                                                                                            |
     | Condensed library timestamp: 15:28:33 19 March 2021                                                   |
     | EAF source library label:                                                                             |
     |                                                                                                       |
     | THIS RUN                                                                                              |
     | timestamp:                   15:28:33 19 March 2021                                                   |
     | fileroot :                   collapse_endfb                                                           |
     | name of FILES file:          files.endfb71                                                            |
     | FISPACT title:               * COLLAPSE endfb70 gxs-709, decay                                        |
     |                                                                                                       |
     | See the collapse_endfb.log file                                                                       |
     | and summary details at the end of this file for further information on files used by this run         |
     |                                                                                                       |
     =========================================================================================================


1                    C O L L A P S E D    C R O S S     S E C T I O N S     I N     B A R N S 

          NOTE: The diagnostic cross-sections for dpa (n,D--) and for kerma (n,K--) reactions are given in barns-eV.

          The cross section for the specified reaction is given in barns, followed by the error in percent.

    parent reaction  daughter cross section   +-error            parent reaction  daughter cross section   +-error
    H   1  (n,Ktot )          7.32493E+05+- 0.00000E+00          H   1  (n,Kel  )          3.84884E-01+- 0.00000E+00
    H   1  (n,Knone)          7.32493E+05+- 0.00000E+00          H   1  (n,Kphot)          7.32493E+05+- 0.00000E+00
    H   1  (n,Kktot)          7.32493E+05+- 0.00000E+00          H   1  (n,Xd   )          3.29462E-01+- 0.00000E+00
    H   1  (n,total)          3.02774E+01+- 0.00000E+00          H   1  (n,E    )  H   1   2.99480E+01+- 2.96233E-01
    H   1  (n,g    )  H   2   3.29417E-01+- 2.55297E+00          H   2  (n,Dtot )          5.18109E-01+- 0.00000E+00
    H   2  (n,Ddiss)          5.18109E-01+- 0.00000E+00          H   2  (n,Ktot )          3.14012E+03+- 0.00000E+00
    H   2  (n,Kel  )          4.82673E-02+- 0.00000E+00          H   2  (n,Knone)          3.14007E+03+- 0.00000E+00
    H   2  (n,Kktot)          3.53741E+00+- 0.00000E+00          H   2  (n,Xt   )          5.01816E-04+- 0.00000E+00
    H   2  (n,total)          4.22333E+00+- 1.50000E+00          H   2  (n,nonel)          5.01748E-04+- 0.00000E+00
    H   2  (n,E    )  H   2   4.22283E+00+- 2.00000E+00          H   2  (n,g    )  H   3   5.01748E-04+- 3.00000E+00
    H   3  (n,Ktot )          1.87166E-02+- 0.00000E+00          H   3  (n,Kel  )          1.87166E-02+- 0.00000E+00
    H   3  (n,Kktot)          1.87166E-02+- 0.00000E+00          H   3  (n,total)          1.93838E+00+- 0.00000E+00
    H   3  (n,E    )  H   3   1.93838E+00+- 0.00000E+00          He  3  (n,Dtot )          1.05921E+07+- 0.00000E+00
    He  3  (n,Ddiss)          1.05921E+07+- 0.00000E+00          He  3  (n,Ktot )          4.02870E+09+- 0.00000E+00
    He  3  (n,Kel  )          3.72152E-02+- 0.00000E+00          He  3  (n,Knone)          4.02870E+09+- 0.00000E+00
    He  3  (n,Kktot)          4.02870E+09+- 0.00000E+00          He  3  (n,Xp   )          5.27488E+03+- 0.00000E+00
    He  3  (n,Xt   )          5.27488E+03+- 0.00000E+00          He  3  (n,Xa   )          5.45646E-05+- 0.00000E+00
    He  3  (n,total)          5.27801E+03+- 0.00000E+00          He  3  (n,p    )  H   3   5.27415E+03+- 0.00000E+00
    He  3  (n,E    )  He  3   3.85381E+00+- 0.00000E+00          He  3  (n,g    )  He  4   5.45572E-05+- 0.00000E+00
    He  4  (n,Ktot )          7.12495E-03+- 0.00000E+00          He  4  (n,Kel  )          7.12495E-03+- 0.00000E+00
    He  4  (n,Kktot)          7.12495E-03+- 0.00000E+00          He  4  (n,total)          8.62086E-01+- 0.00000E+00
    He  4  (n,E    )  He  4   8.62086E-01+- 1.10339E+00          Li  6  (n,Dtot )          5.61809E+06+- 0.00000E+00
    Li  6  (n,Ddiss)          5.61809E+06+- 0.00000E+00          Li  6  (n,Ktot )          4.45511E+09+- 0.00000E+00
    Li  6  (n,Kel  )          4.91128E-03+- 0.00000E+00          Li  6  (n,Knone)          4.45511E+09+- 0.00000E+00
    Li  6  (n,Kktot)          4.45483E+09+- 0.00000E+00          Li  6  (n,Xt   )          9.31233E+02+- 0.00000E+00
    Li  6  (n,Xa   )          9.31233E+02+- 0.00000E+00          Li  6  (n,total)          9.31920E+02+- 0.00000E+00
    Li  6  (n,nonel)          9.31143E+02+- 0.00000E+00          Li  6  (n,t    )  He  4   9.31105E+02+- 1.35019E-01
    Li  6  (n,E    )  Li  6   7.76787E-01+- 2.00988E+00          Li  6  (n,g    )  Li  7   3.81990E-02+- 8.00000E+00
    Li  7  (n,Dtot )          9.66650E+00+- 0.00000E+00          Li  7  (n,Ddiss)          9.66650E+00+- 0.00000E+00
    Li  7  (n,Ktot )          9.15835E+04+- 0.00000E+00          Li  7  (n,Kel  )          5.86831E-03+- 0.00000E+00
    Li  7  (n,Knone)          9.15835E+04+- 0.00000E+00          Li  7  (n,Kktot)          1.24590E+01+- 0.00000E+00
    Li  7  (n,total)          1.08374E+00+- 0.00000E+00          Li  7  (n,E    )  Li  7   1.03870E+00+- 5.00000E+00
    Li  7  (n,g    )  Li  8   4.50467E-02+- 1.50000E+01          Be  7  (n,Dtot )          4.38345E+08+- 0.00000E+00
    Be  7  (n,Ddiss)          4.38345E+08+- 0.00000E+00          Be  7  (n,Ktot )          6.13450E+10+- 0.00000E+00
    Be  7  (n,Kel  )          1.15250E-01+- 0.00000E+00          Be  7  (n,Knone)          6.13450E+10+- 0.00000E+00
    Be  7  (n,Kktot)          6.13450E+10+- 0.00000E+00          Be  7  (n,Xp   )          7.46153E+04+- 0.00000E+00
    Be  7  (n,Xa   )          2.34450E-05+- 0.00000E+00          Be  7  (n,total)          3.62922E+04+- 0.00000E+00
    Be  7  (n,a    )  He  4   5.91254E-06+- 0.00000E+00          Be  7  (n,p    )  Li  7   3.62718E+04+- 0.00000E+00
    Be  7  (n,E    )  Be  7   2.03966E+01+- 0.00000E+00          Be  9  (n,Dtot )          1.63588E+01+- 0.00000E+00
    Be  9  (n,Ddiss)          1.63588E+01+- 0.00000E+00          Be  9  (n,Ktot )          6.78098E+04+- 0.00000E+00
    Be  9  (n,Kel  )          3.02185E-02+- 0.00000E+00          Be  9  (n,Knone)          6.78098E+04+- 0.00000E+00
    Be  9  (n,Kktot)          2.47746E+01+- 0.00000E+00          Be  9  (n,total)          6.50316E+00+- 5.31884E-01
    Be  9  (n,nonel)          9.95256E-03+- 0.00000E+00          Be  9  (n,E    )  Be  9   6.49321E+00+- 0.00000E+00
    Be  9  (n,g    )  Be 10   9.95256E-03+- 5.00000E+00          B  10  (n,Dtot )          6.22505E+07+- 0.00000E+00
    B  10  (n,Ddiss)          6.22505E+07+- 0.00000E+00          B  10  (n,Ktot )          1.06420E+10+- 0.00000E+00
    B  10  (n,Kel  )          9.76673E-03+- 0.00000E+00          B  10  (n,Knone)          1.06420E+10+- 0.00000E+00
    B  10  (n,Kphot)          1.70646E+09+- 0.00000E+00          B  10  (n,Kktot)          1.06360E+10+- 0.00000E+00
    B  10  (n,Xp   )          5.61634E-04+- 0.00000E+00          B  10  (n,Xt   )          6.94542E-03+- 0.00000E+00
    B  10  (n,Xa   )          3.81282E+03+- 0.00000E+00          B  10  (n,total)          3.81508E+03+- 2.00104E+00
    B  10  (n,nonel)          3.81279E+03+- 0.00000E+00          B  10  (n,t2a  )  n   0   6.94447E-03+- 3.00000E+01
    B  10  (n,a    )  Li  7   3.81229E+03+- 0.00000E+00          B  10  (n,p    )  Be 10   5.61558E-04+- 1.00000E+01
    B  10  (n,E    )  B  10   2.28499E+00+- 2.00151E+00          B  10  (n,g    )  B  11   4.95953E-01+- 4.00000E+01
    B  11  (n,Dtot )          2.14479E+00+- 0.00000E+00          B  11  (n,Ddiss)          2.14479E+00+- 0.00000E+00
    B  11  (n,Ktot )          1.84141E+04+- 0.00000E+00          B  11  (n,Kel  )          1.99947E-02+- 0.00000E+00
    B  11  (n,Knone)          1.84141E+04+- 0.00000E+00          B  11  (n,Kktot)          2.79156E+00+- 0.00000E+00
    B  11  (n,total)          5.06397E+00+- 8.59505E-01          B  11  (n,E    )  B  11   5.05851E+00+- 0.00000E+00
    B  11  (n,g    )  B  12   5.45700E-03+- 6.00127E+01          C  12  (n,Dtot )          2.88985E+00+- 0.00000E+00
    C  12  (n,Ddiss)          2.88985E+00+- 0.00000E+00          C  12  (n,Ktot )          1.89463E+04+- 0.00000E+00
    C  12  (n,Kel  )          1.81472E-02+- 0.00000E+00          C  12  (n,Knone)          1.89463E+04+- 0.00000E+00
    C  12  (n,Kktot)          3.88479E+00+- 0.00000E+00          C  12  (n,total)          4.93935E+00+- 5.15296E-01
    C  12  (n,nonel)          3.82982E-03+- 0.00000E+00          C  12  (n,E    )  C  12   4.93552E+00+- 5.15102E-01
    C  12  (n,g    )  C  13   3.82982E-03+- 3.00000E+00          N  14  (n,Dtot )          3.14158E+04+- 0.00000E+00
    N  14  (n,Ddiss)          3.14158E+04+- 0.00000E+00          N  14  (n,Ktot )          1.94091E+06+- 0.00000E+00
    N  14  (n,Kel  )          3.30707E-02+- 0.00000E+00          N  14  (n,Knone)          1.94091E+06+- 0.00000E+00
    N  14  (n,Kktot)          1.13506E+06+- 0.00000E+00          N  14  (n,Xp   )          1.81306E+00+- 0.00000E+00
    N  14  (n,total)          1.21505E+01+- 0.00000E+00          N  14  (n,p    )  C  14   1.81281E+00+- 0.00000E+00
    N  14  (n,E    )  N  14   1.02633E+01+- 0.00000E+00          N  14  (n,g    )  N  15   7.44040E-02+- 0.00000E+00
    N  15  (n,Dtot )          4.03563E-03+- 0.00000E+00          N  15  (n,Ddiss)          4.03563E-03+- 0.00000E+00
    N  15  (n,Ktot )          5.93395E+01+- 0.00000E+00          N  15  (n,Kel  )          1.38441E-02+- 0.00000E+00
    N  15  (n,Knone)          5.93257E+01+- 0.00000E+00          N  15  (n,Kktot)          1.87973E-02+- 0.00000E+00
    N  15  (n,total)          4.56139E+00+- 4.00000E+00          N  15  (n,E    )  N  15   4.56137E+00+- 0.00000E+00
    N  15  (n,g    )  N  16   2.38223E-05+- 3.00000E+01          O  16  (n,Dtot )          8.02936E-02+- 0.00000E+00
    O  16  (n,Ddiss)          8.02936E-02+- 0.00000E+00          O  16  (n,Ktot )          7.81309E+02+- 0.00000E+00
    O  16  (n,Kel  )          1.13935E-02+- 0.00000E+00          O  16  (n,Knone)          7.81298E+02+- 0.00000E+00
    O  16  (n,Kktot)          1.13617E-01+- 0.00000E+00          O  16  (n,total)          3.97173E+00+- 2.00000E+00
    O  16  (n,nonel)          1.88499E-04+- 0.00000E+00          O  16  (n,E    )  O  16   3.97154E+00+- 2.00000E+00
    O  16  (n,g    )  O  17   1.88499E-04+- 1.00000E+01          O  17  (n,Dtot )          9.03917E+03+- 0.00000E+00
    O  17  (n,Ddiss)          9.03917E+03+- 0.00000E+00          O  17  (n,Ktot )          4.54845E+05+- 0.00000E+00
    O  17  (n,Kel  )          1.04640E-02+- 0.00000E+00          O  17  (n,Knone)          4.54845E+05+- 0.00000E+00
    O  17  (n,Kktot)          4.24281E+05+- 0.00000E+00          O  17  (n,Xa   )          2.33194E-01+- 0.00000E+00
    O  17  (n,total)          4.08635E+00+- 0.00000E+00          O  17  (n,a    )  C  14   2.33163E-01+- 0.00000E+00
    O  17  (n,E    )  O  17   3.84939E+00+- 0.00000E+00          O  17  (n,g    )  O  18   3.79867E-03+- 0.00000E+00
    F  19  (n,Dtot )          8.53557E+00+- 0.00000E+00          F  19  (n,Ddiss)          8.53557E+00+- 0.00000E+00
    F  19  (n,Ktot )          6.27422E+04+- 0.00000E+00          F  19  (n,Kel  )          9.19665E-03+- 0.00000E+00
    F  19  (n,Knone)          6.27421E+04+- 0.00000E+00          F  19  (n,Kktot)          1.11214E+01+- 0.00000E+00
    F  19  (n,total)          3.74610E+00+- 1.45022E+00          F  19  (n,nonel)          9.50346E-03+- 0.00000E+00
    F  19  (n,E    )  F  19   3.73659E+00+- 0.00000E+00          F  19  (n,g    )  F  20   9.50346E-03+- 4.91278E+00
    Na 22  (n,Dtot )          1.39318E+09+- 0.00000E+00          Na 22  (n,Ddiss)          1.39318E+09+- 0.00000E+00
    Na 22  (n,Ktot )          1.06840E+11+- 0.00000E+00          Na 22  (n,Kel  )          1.59801E-01+- 0.00000E+00
    Na 22  (n,Knone)          1.06840E+11+- 0.00000E+00          Na 22  (n,Kktot)          1.03730E+11+- 0.00000E+00
    Na 22  (n,Xp   )          2.86007E+04+- 0.00000E+00          Na 22  (n,Xa   )          2.85920E+01+- 0.00000E+00
    Na 22  (n,total)          2.88509E+04+- 0.00000E+00          Na 22  (n,a    )  F  19   2.84895E+01+- 0.00000E+00
    Na 22  (n,p    )  Ne 22   2.84981E+04+- 0.00000E+00          Na 22  (n,E    )  Na 22   7.41377E+01+- 0.00000E+00
    Na 22  (n,g    )  Na 23   2.50120E+02+- 0.00000E+00          Na 23  (n,Dtot )          4.42311E+02+- 0.00000E+00
    Na 23  (n,Ddiss)          4.42311E+02+- 0.00000E+00          Na 23  (n,Ktot )          3.64598E+06+- 0.00000E+00
    Na 23  (n,Kel  )          7.02029E-03+- 0.00000E+00          Na 23  (n,Knone)          3.64598E+06+- 0.00000E+00
    Na 23  (n,Kktot)          5.67557E+02+- 0.00000E+00          Na 23  (n,total)          3.91530E+00+- 0.00000E+00
    Na 23  (n,nonel)          5.23864E-01+- 0.00000E+00          Na 23  (n,E    )  Na 23   3.39144E+00+- 5.50000E+00
    Na 23  (n,g    )  Na 24   5.23864E-01+- 7.48331E+00          Mg 24  (n,Dtot )          4.47874E+01+- 0.00000E+00
    Mg 24  (n,Ddiss)          4.47874E+01+- 0.00000E+00          Mg 24  (n,Ktot )          3.65877E+05+- 0.00000E+00
    Mg 24  (n,Kel  )          7.61820E-03+- 0.00000E+00          Mg 24  (n,Knone)          3.65877E+05+- 0.00000E+00
    Mg 24  (n,Kktot)          5.76193E+01+- 0.00000E+00          Mg 24  (n,total)          3.87613E+00+- 0.00000E+00
    Mg 24  (n,E    )  Mg 24   3.82624E+00+- 1.33690E+00          Mg 24  (n,g    )  Mg 25   4.98956E-02+- 3.71747E+00
    Mg 25  (n,Dtot )          3.61107E+02+- 0.00000E+00          Mg 25  (n,Ddiss)          3.61107E+02+- 0.00000E+00
    Mg 25  (n,Ktot )          2.09560E+06+- 0.00000E+00          Mg 25  (n,Kel  )          5.07439E-03+- 0.00000E+00
    Mg 25  (n,Knone)          2.09560E+06+- 0.00000E+00          Mg 25  (n,Kktot)          4.80045E+02+- 0.00000E+00
    Mg 25  (n,total)          2.83526E+00+- 0.00000E+00          Mg 25  (n,E    )  Mg 25   2.64638E+00+- 1.80000E+01
    Mg 25  (n,g    )  Mg 26   1.88882E-01+- 2.18894E+00          Mg 26  (n,Dtot )          2.49401E+01+- 0.00000E+00
    Mg 26  (n,Ddiss)          2.49401E+01+- 0.00000E+00          Mg 26  (n,Ktot )          2.44975E+05+- 0.00000E+00
    Mg 26  (n,Kel  )          5.33468E-03+- 0.00000E+00          Mg 26  (n,Knone)          2.44975E+05+- 0.00000E+00
    Mg 26  (n,Kktot)          3.14006E+01+- 0.00000E+00          Mg 26  (n,total)          2.92251E+00+- 0.00000E+00
    Mg 26  (n,E    )  Mg 26   2.88450E+00+- 6.00673E+00          Mg 26  (n,g    )  Mg 27   3.80093E-02+- 1.56393E+00
    Al 27  (n,Dtot )          2.07887E+02+- 0.00000E+00          Al 27  (n,Ddiss)          2.07887E+02+- 0.00000E+00
    Al 27  (n,Ktot )          1.78964E+06+- 0.00000E+00          Al 27  (n,Kel  )          2.59193E-03+- 0.00000E+00
    Al 27  (n,Knone)          1.78964E+06+- 0.00000E+00          Al 27  (n,Kktot)          2.65133E+02+- 0.00000E+00
    Al 27  (n,total)          1.68296E+00+- 0.00000E+00          Al 27  (n,nonel)          2.31632E-01+- 0.00000E+00
    Al 27  (n,E    )  Al 27   1.45133E+00+- 1.76878E+00          Al 27  (n,g    )  Al 28   2.31632E-01+- 1.73160E+00
    Si 28  (n,Dtot )          1.73921E+02+- 0.00000E+00          Si 28  (n,Ddiss)          1.73921E+02+- 0.00000E+00
    Si 28  (n,Ktot )          1.42219E+06+- 0.00000E+00          Si 28  (n,Kel  )          3.43756E-03+- 0.00000E+00
    Si 28  (n,Knone)          1.42219E+06+- 0.00000E+00          Si 28  (n,Kktot)          2.23176E+02+- 0.00000E+00
    Si 28  (n,total)          2.15857E+00+- 0.00000E+00          Si 28  (n,nonel)          1.67810E-01+- 0.00000E+00
    Si 28  (n,E    )  Si 28   1.99076E+00+- 1.00000E+00          Si 28  (n,g    )  Si 29   1.67810E-01+- 3.00000E+00
    Si 29  (n,Dtot )          1.84264E+02+- 0.00000E+00          Si 29  (n,Ddiss)          1.84264E+02+- 0.00000E+00
    Si 29  (n,Ktot )          1.26294E+06+- 0.00000E+00          Si 29  (n,Kel  )          4.39276E-03+- 0.00000E+00
    Si 29  (n,Knone)          1.26294E+06+- 0.00000E+00          Si 29  (n,Kktot)          2.39873E+02+- 0.00000E+00
    Si 29  (n,total)          2.74752E+00+- 0.00000E+00          Si 29  (n,nonel)          1.19017E-01+- 0.00000E+00
    Si 29  (n,E    )  Si 29   2.62850E+00+- 5.00000E+00          Si 29  (n,g    )  Si 30   1.19017E-01+- 3.00000E+00
    Si 30  (n,Dtot )          6.41645E+01+- 0.00000E+00          Si 30  (n,Ddiss)          6.41645E+01+- 0.00000E+00
    Si 30  (n,Ktot )          7.00440E+05+- 0.00000E+00          Si 30  (n,Kel  )          4.04513E-03+- 0.00000E+00
    Si 30  (n,Knone)          7.00440E+05+- 0.00000E+00          Si 30  (n,Kktot)          7.99998E+01+- 0.00000E+00
    Si 30  (n,total)          2.60438E+00+- 0.00000E+00          Si 30  (n,nonel)          1.06243E-01+- 0.00000E+00
    Si 30  (n,E    )  Si 30   2.49814E+00+- 2.00803E+00          Si 30  (n,g    )  Si 31   1.06243E-01+- 3.00000E+00
    P  31  (n,Dtot )          1.40489E+02+- 0.00000E+00          P  31  (n,Ddiss)          1.40489E+02+- 0.00000E+00
    P  31  (n,Ktot )          1.33290E+06+- 0.00000E+00          P  31  (n,Kel  )          6.54146E-03+- 0.00000E+00
    P  31  (n,Knone)          1.33290E+06+- 0.00000E+00          P  31  (n,Kktot)          1.77403E+02+- 0.00000E+00
    P  31  (n,total)          4.33389E+00+- 0.00000E+00          P  31  (n,E    )  P  31   4.16586E+00+- 0.00000E+00
    P  31  (n,g    )  P  32   1.68033E-01+- 0.00000E+00          S  32  (n,Dtot )          1.04046E+03+- 0.00000E+00
    S  32  (n,Ddiss)          1.04046E+03+- 0.00000E+00          S  32  (n,Ktot )          4.54081E+06+- 0.00000E+00
    S  32  (n,Kel  )          1.49142E-03+- 0.00000E+00          S  32  (n,Knone)          4.54081E+06+- 0.00000E+00
    S  32  (n,Kktot)          1.14834E+04+- 0.00000E+00          S  32  (n,Xa   )          7.10873E-03+- 0.00000E+00
    S  32  (n,total)          1.50963E+00+- 0.00000E+00          S  32  (n,a    )  Si 29   7.10894E-03+- 0.00000E+00
    S  32  (n,E    )  S  32   9.78466E-01+- 0.00000E+00          S  32  (n,g    )  S  33   5.24055E-01+- 0.00000E+00
    S  33  (n,Dtot )          2.13120E+04+- 0.00000E+00          S  33  (n,Ddiss)          2.13120E+04+- 0.00000E+00
    S  33  (n,Ktot )          4.56421E+06+- 0.00000E+00          S  33  (n,Kel  )          4.27561E-03+- 0.00000E+00
    S  33  (n,Knone)          4.56421E+06+- 0.00000E+00          S  33  (n,Kktot)          5.99288E+05+- 0.00000E+00
    S  33  (n,Xp   )          1.63622E-03+- 0.00000E+00          S  33  (n,Xa   )          1.71161E-01+- 0.00000E+00
    S  33  (n,total)          3.40746E+00+- 0.00000E+00          S  33  (n,a    )  Si 30   1.71166E-01+- 0.00000E+00
    S  33  (n,p    )  P  33   1.63626E-03+- 0.00000E+00          S  33  (n,E    )  S  33   2.88736E+00+- 0.00000E+00
    S  33  (n,g    )  S  34   3.47303E-01+- 0.00000E+00          S  34  (n,Dtot )          1.34044E+02+- 0.00000E+00
    S  34  (n,Ddiss)          1.34044E+02+- 0.00000E+00          S  34  (n,Ktot )          1.55022E+06+- 0.00000E+00
    S  34  (n,Kel  )          3.03498E-03+- 0.00000E+00          S  34  (n,Knone)          1.55022E+06+- 0.00000E+00
    S  34  (n,Kktot)          1.66228E+02+- 0.00000E+00          S  34  (n,total)          2.32969E+00+- 0.00000E+00
    S  34  (n,E    )  S  34   2.10785E+00+- 0.00000E+00          S  34  (n,g    )  S  35   2.21846E-01+- 0.00000E+00
    S  36  (n,Dtot )          3.37948E+01+- 0.00000E+00          S  36  (n,Ddiss)          3.37948E+01+- 0.00000E+00
    S  36  (n,Ktot )          6.45068E+05+- 0.00000E+00          S  36  (n,Kel  )          3.02165E-03+- 0.00000E+00
    S  36  (n,Knone)          6.45068E+05+- 0.00000E+00          S  36  (n,Kktot)          4.04010E+01+- 0.00000E+00
    S  36  (n,total)          2.36449E+00+- 0.00000E+00          S  36  (n,E    )  S  36   2.21497E+00+- 0.00000E+00
    S  36  (n,g    )  S  37   1.49523E-01+- 0.00000E+00          Cl 35  (n,Dtot )          4.35832E+04+- 0.00000E+00
    Cl 35  (n,Ddiss)          4.35832E+04+- 0.00000E+00          Cl 35  (n,Ktot )          3.71490E+08+- 0.00000E+00
    Cl 35  (n,Kel  )          2.93893E-02+- 0.00000E+00          Cl 35  (n,Knone)          3.71490E+08+- 0.00000E+00
    Cl 35  (n,Kktot)          3.38450E+05+- 0.00000E+00          Cl 35  (n,Xp   )          4.72772E-01+- 0.00000E+00
    Cl 35  (n,Xa   )          7.94386E-05+- 0.00000E+00          Cl 35  (n,total)          6.47107E+01+- 0.00000E+00
    Cl 35  (n,a    )  P  32   7.93888E-05+- 0.00000E+00          Cl 35  (n,p    )  S  35   4.72716E-01+- 0.00000E+00
    Cl 35  (n,E    )  Cl 35   2.09781E+01+- 0.00000E+00          Cl 35  (n,g    )  Cl 36   4.32598E+01+- 0.00000E+00
    Cl 37  (n,Dtot )          1.85688E+02+- 0.00000E+00          Cl 37  (n,Ddiss)          1.85688E+02+- 0.00000E+00
    Cl 37  (n,Ktot )          2.62412E+06+- 0.00000E+00          Cl 37  (n,Kel  )          1.52875E-03+- 0.00000E+00
    Cl 37  (n,Knone)          2.62412E+06+- 0.00000E+00          Cl 37  (n,Kktot)          2.26554E+02+- 0.00000E+00
    Cl 37  (n,total)          1.57963E+00+- 0.00000E+00          Cl 37  (n,E    )  Cl 37   1.15005E+00+- 0.00000E+00
    Cl 37  (n,g    )  Cl 38   4.29588E-01+- 0.00000E+00          Ar 36  (n,Dtot )          4.45806E+03+- 0.00000E+00
    Ar 36  (n,Ddiss)          4.45806E+03+- 0.00000E+00          Ar 36  (n,Ktot )          4.39812E+07+- 0.00000E+00
    Ar 36  (n,Kel  )          1.01740E-01+- 0.00000E+00          Ar 36  (n,Knone)          4.39812E+07+- 0.00000E+00
    Ar 36  (n,Kktot)          5.61092E+03+- 0.00000E+00          Ar 36  (n,total)          7.95837E+01+- 0.00000E+00
    Ar 36  (n,E    )  Ar 36   7.45795E+01+- 0.00000E+00          Ar 36  (n,g    )  Ar 37   5.00413E+00+- 0.00000E+00
    Ar 38  (n,Dtot )          3.89392E+02+- 0.00000E+00          Ar 38  (n,Ddiss)          3.89392E+02+- 0.00000E+00
    Ar 38  (n,Ktot )          5.24989E+06+- 0.00000E+00          Ar 38  (n,Kel  )          1.15867E-02+- 0.00000E+00
    Ar 38  (n,Knone)          5.24989E+06+- 0.00000E+00          Ar 38  (n,Kktot)          4.77232E+02+- 0.00000E+00
    Ar 38  (n,total)          9.73443E+00+- 0.00000E+00          Ar 38  (n,E    )  Ar 38   8.93903E+00+- 0.00000E+00
    Ar 38  (n,g    )  Ar 39   7.95400E-01+- 0.00000E+00          Ar 40  (n,Dtot )          2.63314E+02+- 0.00000E+00
    Ar 40  (n,Ddiss)          2.63314E+02+- 0.00000E+00          Ar 40  (n,Ktot )          3.99450E+06+- 0.00000E+00
    Ar 40  (n,Kel  )          8.08705E-04+- 0.00000E+00          Ar 40  (n,Knone)          3.99450E+06+- 0.00000E+00
    Ar 40  (n,Kktot)          3.19201E+02+- 0.00000E+00          Ar 40  (n,total)          1.30990E+00+- 0.00000E+00
    Ar 40  (n,E    )  Ar 40   6.55070E-01+- 0.00000E+00          Ar 40  (n,g    )  Ar 41   6.54830E-01+- 0.00000E+00
    K  39  (n,Dtot )          1.68790E+03+- 0.00000E+00          K  39  (n,Ddiss)          1.68790E+03+- 0.00000E+00
    K  39  (n,Ktot )          1.64689E+07+- 0.00000E+00          K  39  (n,Kel  )          2.63629E-03+- 0.00000E+00
    K  39  (n,Knone)          1.64689E+07+- 0.00000E+00          K  39  (n,Kktot)          7.56049E+03+- 0.00000E+00
    K  39  (n,Xa   )          4.28087E-03+- 0.00000E+00          K  39  (n,total)          4.19917E+00+- 0.00000E+00
    K  39  (n,a    )  Cl 36   4.28083E-03+- 0.00000E+00          K  39  (n,E    )  K  39   2.08474E+00+- 0.00000E+00
    K  39  (n,g    )  K  40   2.11016E+00+- 0.00000E+00          K  40  (n,Dtot )          2.36600E+05+- 0.00000E+00
    K  40  (n,Ddiss)          2.36600E+05+- 0.00000E+00          K  40  (n,Ktot )          3.11992E+08+- 0.00000E+00
    K  40  (n,Kel  )          3.43803E-03+- 0.00000E+00          K  40  (n,Knone)          3.11992E+08+- 0.00000E+00
    K  40  (n,Kktot)          1.14907E+07+- 0.00000E+00          K  40  (n,Xp   )          4.34462E+00+- 0.00000E+00
    K  40  (n,Xa   )          3.90357E-01+- 0.00000E+00          K  40  (n,total)          3.72855E+01+- 0.00000E+00
    K  40  (n,a    )  Cl 37   3.90368E-01+- 0.00000E+00          K  40  (n,p    )  Ar 40   4.34417E+00+- 0.00000E+00
    K  40  (n,E    )  K  40   2.78500E+00+- 0.00000E+00          K  40  (n,g    )  K  41   2.97660E+01+- 0.00000E+00
    K  41  (n,Dtot )          8.56951E+02+- 0.00000E+00          K  41  (n,Ddiss)          8.56951E+02+- 0.00000E+00
    K  41  (n,Ktot )          1.09204E+07+- 0.00000E+00          K  41  (n,Kel  )          3.13009E-03+- 0.00000E+00
    K  41  (n,Knone)          1.09204E+07+- 0.00000E+00          K  41  (n,Kktot)          1.05237E+03+- 0.00000E+00
    K  41  (n,total)          4.04489E+00+- 0.00000E+00          K  41  (n,E    )  K  41   2.59574E+00+- 0.00000E+00
    K  41  (n,g    )  K  42   1.44915E+00+- 0.00000E+00          Ca 40  (n,Dtot )          2.37642E+02+- 0.00000E+00
    Ca 40  (n,Ddiss)          2.37642E+02+- 0.00000E+00          Ca 40  (n,Ktot )          2.23228E+06+- 0.00000E+00
    Ca 40  (n,Kel  )          3.77717E-03+- 0.00000E+00          Ca 40  (n,Knone)          2.23228E+06+- 0.00000E+00
    Ca 40  (n,Kphot)          2.22809E+06+- 0.00000E+00          Ca 40  (n,Kktot)          2.23228E+06+- 0.00000E+00
    Ca 40  (n,Xa   )          2.38153E-03+- 0.00000E+00          Ca 40  (n,total)          3.46631E+00+- 0.00000E+00
    Ca 40  (n,nonel)          4.06697E-01+- 0.00000E+00          Ca 40  (n,a    )  Ar 37   2.38127E-03+- 0.00000E+00
    Ca 40  (n,E    )  Ca 40   3.05961E+00+- 0.00000E+00          Ca 40  (n,g    )  Ca 41   4.04316E-01+- 0.00000E+00
    Ca 42  (n,Dtot )          2.57180E+01+- 0.00000E+00          Ca 42  (n,Ddiss)          2.57180E+01+- 0.00000E+00
    Ca 42  (n,Ktot )          2.63338E+06+- 0.00000E+00          Ca 42  (n,Kel  )          1.45710E-03+- 0.00000E+00
    Ca 42  (n,Knone)          2.63338E+06+- 0.00000E+00          Ca 42  (n,Kphot)          2.63334E+06+- 0.00000E+00
    Ca 42  (n,Kktot)          2.63338E+06+- 0.00000E+00          Ca 42  (n,total)          1.91399E+00+- 0.00000E+00
    Ca 42  (n,nonel)          6.77652E-01+- 0.00000E+00          Ca 42  (n,E    )  Ca 42   1.23634E+00+- 0.00000E+00
    Ca 42  (n,g    )  Ca 43   6.77652E-01+- 0.00000E+00          Ca 43  (n,Dtot )          7.69486E+02+- 0.00000E+00
    Ca 43  (n,Ddiss)          7.69486E+02+- 0.00000E+00          Ca 43  (n,Ktot )          8.52212E+07+- 0.00000E+00
    Ca 43  (n,Kel  )          4.84990E-03+- 0.00000E+00          Ca 43  (n,Knone)          8.52212E+07+- 0.00000E+00
    Ca 43  (n,Kphot)          8.52198E+07+- 0.00000E+00          Ca 43  (n,Kktot)          8.52212E+07+- 0.00000E+00
    Ca 43  (n,Xa   )          2.02479E-04+- 0.00000E+00          Ca 43  (n,total)          1.57806E+01+- 0.00000E+00
    Ca 43  (n,nonel)          1.15720E+01+- 0.00000E+00          Ca 43  (n,a    )  Ar 40   2.02458E-04+- 0.00000E+00
    Ca 43  (n,E    )  Ca 43   4.20860E+00+- 0.00000E+00          Ca 43  (n,g    )  Ca 44   1.15718E+01+- 0.00000E+00
    Ca 44  (n,Dtot )          2.67324E+01+- 0.00000E+00          Ca 44  (n,Ddiss)          2.67324E+01+- 0.00000E+00
    Ca 44  (n,Ktot )          3.36906E+06+- 0.00000E+00          Ca 44  (n,Kel  )          3.78513E-03+- 0.00000E+00
    Ca 44  (n,Knone)          3.36906E+06+- 0.00000E+00          Ca 44  (n,Kphot)          3.36902E+06+- 0.00000E+00
    Ca 44  (n,Kktot)          3.36906E+06+- 0.00000E+00          Ca 44  (n,total)          4.23876E+00+- 0.00000E+00
    Ca 44  (n,nonel)          8.81419E-01+- 0.00000E+00          Ca 44  (n,E    )  Ca 44   3.35734E+00+- 0.00000E+00
    Ca 44  (n,g    )  Ca 45   8.81419E-01+- 0.00000E+00          Ca 46  (n,Dtot )          3.39999E+01+- 0.00000E+00
    Ca 46  (n,Ddiss)          3.39999E+01+- 0.00000E+00          Ca 46  (n,Ktot )          3.72906E+06+- 0.00000E+00
    Ca 46  (n,Kel  )          3.20363E-03+- 0.00000E+00          Ca 46  (n,Knone)          3.72906E+06+- 0.00000E+00
    Ca 46  (n,Kphot)          3.72902E+06+- 0.00000E+00          Ca 46  (n,Kktot)          3.72906E+06+- 0.00000E+00
    Ca 46  (n,total)          3.69958E+00+- 0.00000E+00          Ca 46  (n,nonel)          7.34613E-01+- 0.00000E+00
    Ca 46  (n,E    )  Ca 46   2.96497E+00+- 0.00000E+00          Ca 46  (n,g    )  Ca 47   7.34613E-01+- 0.00000E+00
    Ca 48  (n,Dtot )          8.57225E+01+- 0.00000E+00          Ca 48  (n,Ddiss)          8.57225E+01+- 0.00000E+00
    Ca 48  (n,Ktot )          3.42689E+06+- 0.00000E+00          Ca 48  (n,Kel  )          3.89525E-03+- 0.00000E+00
    Ca 48  (n,Knone)          3.42689E+06+- 0.00000E+00          Ca 48  (n,Kphot)          3.42679E+06+- 0.00000E+00
    Ca 48  (n,Kktot)          3.42689E+06+- 0.00000E+00          Ca 48  (n,total)          4.83927E+00+- 0.00000E+00
    Ca 48  (n,nonel)          1.08417E+00+- 0.00000E+00          Ca 48  (n,E    )  Ca 48   3.75510E+00+- 0.00000E+00
    Ca 48  (n,g    )  Ca 49   1.08417E+00+- 0.00000E+00          Sc 45  (n,Dtot )          1.96027E+04+- 0.00000E+00
    Sc 45  (n,Ddiss)          1.96027E+04+- 0.00000E+00          Sc 45  (n,Ktot )          2.36083E+08+- 0.00000E+00
    Sc 45  (n,Kel  )          2.43284E-02+- 0.00000E+00          Sc 45  (n,Knone)          2.36083E+08+- 0.00000E+00
    Sc 45  (n,Kktot)          2.41539E+04+- 0.00000E+00          Sc 45  (n,Xp   )          2.47830E-10+- 0.00000E+00
    Sc 45  (n,total)          4.93652E+01+- 0.00000E+00          Sc 45  (n,p    )  Ca 45   2.40850E-10+- 0.00000E+00
    Sc 45  (n,E    )  Sc 45   2.24199E+01+- 0.00000E+00          Sc 45  (n,g    )  Sc 46   2.69453E+01+- 0.00000E+00
    Ti 46  (n,Dtot )          9.51716E+01+- 0.00000E+00          Ti 46  (n,Ddiss)          9.51716E+01+- 0.00000E+00
    Ti 46  (n,Ktot )          5.19432E+06+- 0.00000E+00          Ti 46  (n,Kel  )          2.95218E-03+- 0.00000E+00
    Ti 46  (n,Knone)          5.19432E+06+- 0.00000E+00          Ti 46  (n,Kphot)          5.19420E+06+- 0.00000E+00
    Ti 46  (n,Kktot)          5.19432E+06+- 0.00000E+00          Ti 46  (n,total)          3.31718E+00+- 0.00000E+00
    Ti 46  (n,E    )  Ti 46   2.73216E+00+- 0.00000E+00          Ti 46  (n,g    )  Ti 47   5.85020E-01+- 0.00000E+00
    Ti 47  (n,Dtot )          3.46942E+02+- 0.00000E+00          Ti 47  (n,Ddiss)          3.46942E+02+- 0.00000E+00
    Ti 47  (n,Ktot )          1.87594E+07+- 0.00000E+00          Ti 47  (n,Kel  )          3.45533E-03+- 0.00000E+00
    Ti 47  (n,Knone)          1.87594E+07+- 0.00000E+00          Ti 47  (n,Kphot)          1.87590E+07+- 0.00000E+00
    Ti 47  (n,Kktot)          1.87594E+07+- 0.00000E+00          Ti 47  (n,total)          4.87763E+00+- 0.00000E+00
    Ti 47  (n,E    )  Ti 47   3.26435E+00+- 0.00000E+00          Ti 47  (n,g    )  Ti 48   1.61327E+00+- 0.00000E+00
    Ti 48  (n,Dtot )          1.02823E+03+- 0.00000E+00          Ti 48  (n,Ddiss)          1.02823E+03+- 0.00000E+00
    Ti 48  (n,Ktot )          6.71897E+07+- 0.00000E+00          Ti 48  (n,Kel  )          4.18860E-03+- 0.00000E+00
    Ti 48  (n,Knone)          6.71897E+07+- 0.00000E+00          Ti 48  (n,Kphot)          6.71884E+07+- 0.00000E+00
    Ti 48  (n,Kktot)          6.71897E+07+- 0.00000E+00          Ti 48  (n,total)          1.22883E+01+- 0.00000E+00
    Ti 48  (n,E    )  Ti 48   4.03753E+00+- 0.00000E+00          Ti 48  (n,g    )  Ti 49   8.25076E+00+- 0.00000E+00
    Ti 49  (n,Dtot )          3.12336E+02+- 0.00000E+00          Ti 49  (n,Ddiss)          3.12336E+02+- 0.00000E+00
    Ti 49  (n,Ktot )          2.02157E+07+- 0.00000E+00          Ti 49  (n,Kel  )          5.55296E-04+- 0.00000E+00
    Ti 49  (n,Knone)          2.02157E+07+- 0.00000E+00          Ti 49  (n,Kphot)          2.02153E+07+- 0.00000E+00
    Ti 49  (n,Kktot)          2.02157E+07+- 0.00000E+00          Ti 49  (n,total)          2.39373E+00+- 0.00000E+00
    Ti 49  (n,E    )  Ti 49   5.45970E-01+- 0.00000E+00          Ti 49  (n,g    )  Ti 50   1.84776E+00+- 0.00000E+00
    Ti 50  (n,Dtot )          2.23884E+01+- 0.00000E+00          Ti 50  (n,Ddiss)          2.23884E+01+- 0.00000E+00
    Ti 50  (n,Ktot )          1.13503E+06+- 0.00000E+00          Ti 50  (n,Kel  )          3.74617E-03+- 0.00000E+00
    Ti 50  (n,Knone)          1.13503E+06+- 0.00000E+00          Ti 50  (n,Kphot)          1.13501E+06+- 0.00000E+00
    Ti 50  (n,Kktot)          1.13503E+06+- 0.00000E+00          Ti 50  (n,total)          3.93334E+00+- 0.00000E+00
    Ti 50  (n,E    )  Ti 50   3.75524E+00+- 0.00000E+00          Ti 50  (n,g    )  Ti 51   1.78092E-01+- 0.00000E+00
    V  50  (n,Dtot )          8.78699E+03+- 0.00000E+00          V  50  (n,Ddiss)          8.78699E+03+- 0.00000E+00
    V  50  (n,Ktot )          4.89734E+08+- 0.00000E+00          V  50  (n,Kel  )          7.67702E-03+- 0.00000E+00
    V  50  (n,Knone)          4.89734E+08+- 0.00000E+00          V  50  (n,Kphot)          4.89721E+08+- 0.00000E+00
    V  50  (n,Kktot)          4.89734E+08+- 0.00000E+00          V  50  (n,Xp   )          7.04538E-04+- 0.00000E+00
    V  50  (n,total)          5.20219E+01+- 0.00000E+00          V  50  (n,p    )  Ti 50   7.04470E-04+- 0.00000E+00
    V  50  (n,E    )  V  50   7.69596E+00+- 0.00000E+00          V  50  (n,g    )  V  51   4.43252E+01+- 0.00000E+00
    V  51  (n,Dtot )          6.11575E+02+- 0.00000E+00          V  51  (n,Ddiss)          6.11575E+02+- 0.00000E+00
    V  51  (n,Ktot )          3.56759E+07+- 0.00000E+00          V  51  (n,Kel  )          4.86061E-03+- 0.00000E+00
    V  51  (n,Knone)          3.56759E+07+- 0.00000E+00          V  51  (n,Kphot)          3.56751E+07+- 0.00000E+00
    V  51  (n,Kktot)          3.56759E+07+- 0.00000E+00          V  51  (n,total)          9.84489E+00+- 0.00000E+00
    V  51  (n,E    )  V  51   4.96600E+00+- 0.00000E+00          V  51  (n,g    )  V  52   4.87889E+00+- 0.00000E+00
    Cr 50  (n,Dtot )          1.12374E+04+- 0.00000E+00          Cr 50  (n,Ddiss)          1.12374E+04+- 0.00000E+00
    Cr 50  (n,Ktot )          1.41527E+08+- 0.00000E+00          Cr 50  (n,Kel  )          2.41553E-03+- 0.00000E+00
    Cr 50  (n,Knone)          1.41527E+08+- 0.00000E+00          Cr 50  (n,Kktot)          1.38082E+04+- 0.00000E+00
    Cr 50  (n,total)          1.77008E+01+- 0.00000E+00          Cr 50  (n,nonel)          1.52794E+01+- 0.00000E+00
    Cr 50  (n,E    )  Cr 50   2.42144E+00+- 0.00000E+00          Cr 50  (n,g    )  Cr 51   1.52794E+01+- 0.00000E+00
    Cr 52  (n,Dtot )          4.47929E+02+- 0.00000E+00          Cr 52  (n,Ddiss)          4.47929E+02+- 0.00000E+00
    Cr 52  (n,Ktot )          6.74206E+06+- 0.00000E+00          Cr 52  (n,Kel  )          2.95576E-03+- 0.00000E+00
    Cr 52  (n,Knone)          6.74206E+06+- 0.00000E+00          Cr 52  (n,Kktot)          5.42634E+02+- 0.00000E+00
    Cr 52  (n,total)          3.92574E+00+- 7.24721E-01          Cr 52  (n,nonel)          8.49125E-01+- 0.00000E+00
    Cr 52  (n,E    )  Cr 52   3.07661E+00+- 0.00000E+00          Cr 52  (n,g    )  Cr 53   8.49125E-01+- 3.33116E+00
    Cr 53  (n,Dtot )          1.37817E+04+- 0.00000E+00          Cr 53  (n,Ddiss)          1.37817E+04+- 0.00000E+00
    Cr 53  (n,Ktot )          1.74434E+08+- 0.00000E+00          Cr 53  (n,Kel  )          7.44715E-03+- 0.00000E+00
    Cr 53  (n,Knone)          1.74434E+08+- 0.00000E+00          Cr 53  (n,Kktot)          1.68679E+04+- 0.00000E+00
    Cr 53  (n,total)          2.58412E+01+- 0.00000E+00          Cr 53  (n,nonel)          1.79459E+01+- 0.00000E+00
    Cr 53  (n,E    )  Cr 53   7.89527E+00+- 0.00000E+00          Cr 53  (n,g    )  Cr 54   1.79459E+01+- 0.00000E+00
    Cr 54  (n,Dtot )          1.30648E+02+- 0.00000E+00          Cr 54  (n,Ddiss)          1.30648E+02+- 0.00000E+00
    Cr 54  (n,Ktot )          2.54793E+06+- 0.00000E+00          Cr 54  (n,Kel  )          2.35646E-03+- 0.00000E+00
    Cr 54  (n,Knone)          2.54793E+06+- 0.00000E+00          Cr 54  (n,Kktot)          1.55474E+02+- 0.00000E+00
    Cr 54  (n,total)          2.95148E+00+- 0.00000E+00          Cr 54  (n,nonel)          4.07866E-01+- 0.00000E+00
    Cr 54  (n,E    )  Cr 54   2.54362E+00+- 0.00000E+00          Cr 54  (n,g    )  Cr 55   4.07866E-01+- 0.00000E+00
    Mn 55  (n,Dtot )          1.27882E+03+- 0.00000E+00          Mn 55  (n,Ddiss)          1.27882E+03+- 0.00000E+00
    Mn 55  (n,Ktot )          9.56207E+07+- 0.00000E+00          Mn 55  (n,Kel  )          1.92598E-03+- 0.00000E+00
    Mn 55  (n,Knone)          9.56207E+07+- 0.00000E+00          Mn 55  (n,Kphot)          9.56191E+07+- 0.00000E+00
    Mn 55  (n,Kktot)          9.56207E+07+- 0.00000E+00          Mn 55  (n,total)          1.52873E+01+- 0.00000E+00
    Mn 55  (n,E    )  Mn 55   2.11607E+00+- 1.98494E+00          Mn 55  (n,g    )  Mn 56   1.31712E+01+- 8.00000E-01
    Fe 54  (n,Dtot )          1.54333E+03+- 0.00000E+00          Fe 54  (n,Ddiss)          1.54333E+03+- 0.00000E+00
    Fe 54  (n,Ktot )          2.07716E+07+- 0.00000E+00          Fe 54  (n,Kel  )          2.03942E-03+- 0.00000E+00
    Fe 54  (n,Knone)          2.07716E+07+- 0.00000E+00          Fe 54  (n,Kktot)          1.88668E+03+- 0.00000E+00
    Fe 54  (n,total)          4.43519E+00+- 0.00000E+00          Fe 54  (n,nonel)          2.23379E+00+- 0.00000E+00
    Fe 54  (n,E    )  Fe 54   2.20139E+00+- 4.60829E+00          Fe 54  (n,g    )  Fe 55   2.23379E+00+- 8.00000E+00
    Fe 56  (n,Dtot )          1.17659E+03+- 0.00000E+00          Fe 56  (n,Ddiss)          1.17659E+03+- 0.00000E+00
    Fe 56  (n,Ktot )          1.96405E+07+- 0.00000E+00          Fe 56  (n,Kel  )          1.08764E-02+- 0.00000E+00
    Fe 56  (n,Knone)          1.96405E+07+- 0.00000E+00          Fe 56  (n,Kktot)          1.41561E+03+- 0.00000E+00
    Fe 56  (n,total)          1.47270E+01+- 0.00000E+00          Fe 56  (n,nonel)          2.56845E+00+- 0.00000E+00
    Fe 56  (n,E    )  Fe 56   1.21585E+01+- 4.00000E+00          Fe 56  (n,g    )  Fe 57   2.56845E+00+- 5.40541E+00
    Fe 57  (n,Dtot )          1.84331E+03+- 0.00000E+00          Fe 57  (n,Ddiss)          1.84331E+03+- 0.00000E+00
    Fe 57  (n,Ktot )          2.41789E+07+- 0.00000E+00          Fe 57  (n,Kel  )          2.30292E-03+- 0.00000E+00
    Fe 57  (n,Knone)          2.41789E+07+- 0.00000E+00          Fe 57  (n,Kktot)          2.24984E+03+- 0.00000E+00
    Fe 57  (n,total)          5.02576E+00+- 0.00000E+00          Fe 57  (n,nonel)          2.40694E+00+- 0.00000E+00
    Fe 57  (n,E    )  Fe 57   2.61882E+00+- 5.00000E+01          Fe 57  (n,g    )  Fe 58   2.40694E+00+- 1.20968E+01
    Fe 58  (n,Dtot )          3.78429E+02+- 0.00000E+00          Fe 58  (n,Ddiss)          3.78429E+02+- 0.00000E+00
    Fe 58  (n,Ktot )          7.50545E+06+- 0.00000E+00          Fe 58  (n,Kel  )          2.70277E-03+- 0.00000E+00
    Fe 58  (n,Knone)          7.50545E+06+- 0.00000E+00          Fe 58  (n,Kktot)          4.49812E+02+- 0.00000E+00
    Fe 58  (n,total)          4.26592E+00+- 0.00000E+00          Fe 58  (n,nonel)          1.14038E+00+- 0.00000E+00
    Fe 58  (n,E    )  Fe 58   3.12555E+00+- 0.00000E+00          Fe 58  (n,g    )  Fe 59   1.14038E+00+- 0.00000E+00
    Co 58  (n,Dtot )          6.14359E+05+- 0.00000E+00          Co 58  (n,Ddiss)          6.14359E+05+- 0.00000E+00
    Co 58  (n,Ktot )          1.89740E+10+- 0.00000E+00          Co 58  (n,Kel  )          6.23281E-02+- 0.00000E+00
    Co 58  (n,Knone)          1.89740E+10+- 0.00000E+00          Co 58  (n,Kphot)          1.89400E+10+- 0.00000E+00
    Co 58  (n,Kktot)          1.89690E+10+- 0.00000E+00          Co 58  (n,Xp   )          1.07438E+01+- 0.00000E+00
    Co 58  (n,Xa   )          7.76289E-04+- 0.00000E+00          Co 58  (n,total)          1.92384E+03+- 0.00000E+00
    Co 58  (n,a    )  Mn 55   7.76307E-04+- 0.00000E+00          Co 58  (n,p    )  Fe 58   1.07440E+01+- 0.00000E+00
    Co 58  (n,E    )  Co 58   7.20846E+01+- 0.00000E+00          Co 58  (n,g    )  Co 59   1.84101E+03+- 0.00000E+00
    Co 58m (n,Dtot )          1.32143E+09+- 0.00000E+00          Co 58m (n,Dinel)          5.88840E+05+- 0.00000E+00
    Co 58m (n,Ddiss)          1.32084E+09+- 0.00000E+00          Co 58m (n,Ktot )          1.15510E+12+- 0.00000E+00
    Co 58m (n,Kel  )          6.11087E+00+- 0.00000E+00          Co 58m (n,Knone)          1.15510E+12+- 0.00000E+00
    Co 58m (n,Kktot)          1.08870E+11+- 0.00000E+00          Co 58m (n,Xp   )          3.51999E+04+- 0.00000E+00
    Co 58m (n,total)          1.44038E+05+- 0.00000E+00          Co 58m (n,p    )  Fe 58   3.51959E+04+- 0.00000E+00
    Co 58m (n,E    )  Co 58   7.06693E+03+- 0.00000E+00          Co 58m (n,n    )  Co 58   1.65244E+03+- 0.00000E+00
    Co 58m (n,g    )  Co 59   1.00123E+05+- 0.00000E+00          Co 59  (n,Dtot )          1.54815E+04+- 0.00000E+00
    Co 59  (n,Ddiss)          1.54815E+04+- 0.00000E+00          Co 59  (n,Ktot )          2.76272E+08+- 0.00000E+00
    Co 59  (n,Kel  )          5.13019E-03+- 0.00000E+00          Co 59  (n,Knone)          2.76272E+08+- 0.00000E+00
    Co 59  (n,Kktot)          1.85302E+04+- 0.00000E+00          Co 59  (n,total)          4.29133E+01+- 4.00000E-01
    Co 59  (n,E    )  Co 59   6.03121E+00+- 0.00000E+00          Co 59  (n,g    )  Co 60   3.68820E+01+- 0.00000E+00
    Ni 58  (n,Dtot )          2.54678E+03+- 0.00000E+00          Ni 58  (n,Ddiss)          2.54678E+03+- 0.00000E+00
    Ni 58  (n,Ktot )          3.77296E+07+- 0.00000E+00          Ni 58  (n,Kel  )          2.16467E-02+- 0.00000E+00
    Ni 58  (n,Knone)          3.77296E+07+- 0.00000E+00          Ni 58  (n,Kktot)          3.09209E+03+- 0.00000E+00
    Ni 58  (n,total)          2.92256E+01+- 1.70000E+00          Ni 58  (n,nonel)          4.19204E+00+- 0.00000E+00
    Ni 58  (n,E    )  Ni 58   2.50336E+01+- 1.70000E+00          Ni 58  (n,g    )  Ni 59   4.19204E+00+- 2.40000E+00
    Ni 59  (n,Dtot )          2.31671E+06+- 0.00000E+00          Ni 59  (n,Ddiss)          2.31671E+06+- 0.00000E+00
    Ni 59  (n,Ktot )          9.68776E+08+- 0.00000E+00          Ni 59  (n,Kel  )          2.00224E-03+- 0.00000E+00
    Ni 59  (n,Knone)          9.68776E+08+- 0.00000E+00          Ni 59  (n,Kktot)          6.83395E+07+- 0.00000E+00
    Ni 59  (n,Xp   )          1.68167E+00+- 0.00000E+00          Ni 59  (n,Xa   )          1.34451E+01+- 0.00000E+00
    Ni 59  (n,total)          9.75852E+01+- 0.00000E+00          Ni 59  (n,nonel)          9.52312E+01+- 0.00000E+00
    Ni 59  (n,a    )  Fe 56   1.34398E+01+- 0.00000E+00          Ni 59  (n,p    )  Co 59   1.68101E+00+- 0.00000E+00
    Ni 59  (n,E    )  Ni 59   2.35407E+00+- 0.00000E+00          Ni 59  (n,g    )  Ni 60   8.01104E+01+- 0.00000E+00
    Ni 60  (n,Dtot )          1.06932E+03+- 0.00000E+00          Ni 60  (n,Ddiss)          1.06932E+03+- 0.00000E+00
    Ni 60  (n,Ktot )          1.86228E+07+- 0.00000E+00          Ni 60  (n,Kel  )          9.19953E-04+- 0.00000E+00
    Ni 60  (n,Knone)          1.86228E+07+- 0.00000E+00          Ni 60  (n,Kktot)          1.28276E+03+- 0.00000E+00
    Ni 60  (n,total)          3.48075E+00+- 2.50000E+00          Ni 60  (n,nonel)          2.38147E+00+- 0.00000E+00
    Ni 60  (n,E    )  Ni 60   1.09927E+00+- 2.50000E+00          Ni 60  (n,g    )  Ni 61   2.38147E+00+- 3.21000E+00
    Ni 61  (n,Dtot )          1.98716E+03+- 0.00000E+00          Ni 61  (n,Ddiss)          1.98716E+03+- 0.00000E+00
    Ni 61  (n,Ktot )          2.63796E+07+- 0.00000E+00          Ni 61  (n,Kel  )          7.24909E-03+- 0.00000E+00
    Ni 61  (n,Knone)          2.63796E+07+- 0.00000E+00          Ni 61  (n,Kktot)          2.42261E+03+- 0.00000E+00
    Ni 61  (n,total)          1.12910E+01+- 0.00000E+00          Ni 61  (n,nonel)          2.48902E+00+- 0.00000E+00
    Ni 61  (n,E    )  Ni 61   8.80194E+00+- 0.00000E+00          Ni 61  (n,g    )  Ni 62   2.48902E+00+- 0.00000E+00
    Ni 62  (n,Dtot )          4.96853E+03+- 0.00000E+00          Ni 62  (n,Ddiss)          4.96853E+03+- 0.00000E+00
    Ni 62  (n,Ktot )          1.01097E+08+- 0.00000E+00          Ni 62  (n,Kel  )          7.88215E-03+- 0.00000E+00
    Ni 62  (n,Knone)          1.01097E+08+- 0.00000E+00          Ni 62  (n,Kktot)          5.89590E+03+- 0.00000E+00
    Ni 62  (n,total)          2.45055E+01+- 0.00000E+00          Ni 62  (n,nonel)          1.47834E+01+- 0.00000E+00
    Ni 62  (n,E    )  Ni 62   9.72205E+00+- 0.00000E+00          Ni 62  (n,g    )  Ni 63   1.47834E+01+- 0.00000E+00
    Ni 64  (n,Dtot )          3.83907E+02+- 0.00000E+00          Ni 64  (n,Ddiss)          3.83907E+02+- 0.00000E+00
    Ni 64  (n,Ktot )          8.95543E+06+- 0.00000E+00          Ni 64  (n,Kel  )          2.22628E-04+- 0.00000E+00
    Ni 64  (n,Knone)          8.95543E+06+- 0.00000E+00          Ni 64  (n,Kktot)          4.51417E+02+- 0.00000E+00
    Ni 64  (n,total)          1.75162E+00+- 0.00000E+00          Ni 64  (n,nonel)          1.46844E+00+- 0.00000E+00
    Ni 64  (n,E    )  Ni 64   2.83180E-01+- 0.00000E+00          Ni 64  (n,g    )  Ni 65   1.46844E+00+- 0.00000E+00
    Cu 63  (n,Dtot )          1.95034E+03+- 0.00000E+00          Cu 63  (n,Ddiss)          1.95034E+03+- 0.00000E+00
    Cu 63  (n,Ktot )          3.50990E+07+- 0.00000E+00          Cu 63  (n,Kel  )          4.10527E-03+- 0.00000E+00
    Cu 63  (n,Knone)          3.50990E+07+- 0.00000E+00          Cu 63  (n,Kktot)          2.33256E+03+- 0.00000E+00
    Cu 63  (n,total)          9.57679E+00+- 0.00000E+00          Cu 63  (n,nonel)          4.43399E+00+- 0.00000E+00
    Cu 63  (n,E    )  Cu 63   5.14281E+00+- 0.00000E+00          Cu 63  (n,g    )  Cu 64   4.43399E+00+- 0.00000E+00
    Cu 65  (n,Dtot )          7.31324E+02+- 0.00000E+00          Cu 65  (n,Ddiss)          7.31324E+02+- 0.00000E+00
    Cu 65  (n,Ktot )          1.50624E+07+- 0.00000E+00          Cu 65  (n,Kel  )          1.07577E-02+- 0.00000E+00
    Cu 65  (n,Knone)          1.50624E+07+- 0.00000E+00          Cu 65  (n,Kktot)          8.66436E+02+- 0.00000E+00
    Cu 65  (n,total)          1.60227E+01+- 0.00000E+00          Cu 65  (n,nonel)          2.13170E+00+- 0.00000E+00
    Cu 65  (n,E    )  Cu 65   1.38910E+01+- 0.00000E+00          Cu 65  (n,g    )  Cu 66   2.13170E+00+- 0.00000E+00
    Zn 64  (n,Dtot )          1.12858E+02+- 0.00000E+00          Zn 64  (n,Ddiss)          1.12858E+02+- 0.00000E+00
    Zn 64  (n,Ktot )          6.21413E+06+- 0.00000E+00          Zn 64  (n,Kel  )          3.08721E-03+- 0.00000E+00
    Zn 64  (n,Knone)          6.21413E+06+- 0.00000E+00          Zn 64  (n,Kphot)          6.21396E+06+- 0.00000E+00
    Zn 64  (n,Kktot)          6.21413E+06+- 0.00000E+00          Zn 64  (n,Xa   )          1.09938E-05+- 0.00000E+00
    Zn 64  (n,total)          4.70796E+00+- 0.00000E+00          Zn 64  (n,a    )  Ni 61   1.09932E-05+- 0.00000E+00
    Zn 64  (n,E    )  Zn 64   3.92695E+00+- 0.00000E+00          Zn 64  (n,g    )  Zn 65   7.80999E-01+- 0.00000E+00
    Zn 65  (n,Dtot )          4.01352E+05+- 0.00000E+00          Zn 65  (n,Ddiss)          4.01352E+05+- 0.00000E+00
    Zn 65  (n,Ktot )          7.14996E+08+- 0.00000E+00          Zn 65  (n,Kel  )          4.77582E-03+- 0.00000E+00
    Zn 65  (n,Knone)          7.14996E+08+- 0.00000E+00          Zn 65  (n,Kphot)          7.02118E+08+- 0.00000E+00
    Zn 65  (n,Kktot)          7.14996E+08+- 0.00000E+00          Zn 65  (n,Xp   )          3.03449E-03+- 0.00000E+00
    Zn 65  (n,Xa   )          1.98461E+00+- 0.00000E+00          Zn 65  (n,total)          7.16562E+01+- 0.00000E+00
    Zn 65  (n,a    )  Ni 62   1.98443E+00+- 0.00000E+00          Zn 65  (n,p    )  Cu 65   3.03422E-03+- 0.00000E+00
    Zn 65  (n,E    )  Zn 65   6.16694E+00+- 0.00000E+00          Zn 65  (n,g    )  Zn 66   6.35018E+01+- 0.00000E+00
    Zn 66  (n,Dtot )          6.43360E+01+- 0.00000E+00          Zn 66  (n,Ddiss)          6.43360E+01+- 0.00000E+00
    Zn 66  (n,Ktot )          4.32305E+06+- 0.00000E+00          Zn 66  (n,Kel  )          3.76771E-03+- 0.00000E+00
    Zn 66  (n,Knone)          4.32305E+06+- 0.00000E+00          Zn 66  (n,Kphot)          4.32297E+06+- 0.00000E+00
    Zn 66  (n,Kktot)          4.32305E+06+- 0.00000E+00          Zn 66  (n,Xa   )          2.02624E-09+- 0.00000E+00
    Zn 66  (n,total)          5.55056E+00+- 0.00000E+00          Zn 66  (n,a    )  Ni 63   2.02606E-09+- 0.00000E+00
    Zn 66  (n,E    )  Zn 66   4.93760E+00+- 0.00000E+00          Zn 66  (n,g    )  Zn 67   6.12965E-01+- 0.00000E+00
    Zn 67  (n,Dtot )          8.05459E+02+- 0.00000E+00          Zn 67  (n,Ddiss)          8.05459E+02+- 0.00000E+00
    Zn 67  (n,Ktot )          7.55149E+07+- 0.00000E+00          Zn 67  (n,Kel  )          1.58729E-03+- 0.00000E+00
    Zn 67  (n,Knone)          7.55149E+07+- 0.00000E+00          Zn 67  (n,Kphot)          7.55132E+07+- 0.00000E+00
    Zn 67  (n,Kktot)          7.55149E+07+- 0.00000E+00          Zn 67  (n,Xa   )          1.49854E-04+- 0.00000E+00
    Zn 67  (n,total)          9.52213E+00+- 0.00000E+00          Zn 67  (n,a    )  Ni 64   1.49841E-04+- 0.00000E+00
    Zn 67  (n,E    )  Zn 67   2.11078E+00+- 0.00000E+00          Zn 67  (n,g    )  Zn 68   7.41119E+00+- 0.00000E+00
    Zn 68  (n,Dtot )          9.08398E+01+- 0.00000E+00          Zn 68  (n,Ddiss)          9.08398E+01+- 0.00000E+00
    Zn 68  (n,Ktot )          6.85203E+06+- 0.00000E+00          Zn 68  (n,Kel  )          3.37497E-03+- 0.00000E+00
    Zn 68  (n,Knone)          6.85203E+06+- 0.00000E+00          Zn 68  (n,Kphot)          6.85192E+06+- 0.00000E+00
    Zn 68  (n,Kktot)          6.85203E+06+- 0.00000E+00          Zn 68  (n,total)          5.60971E+00+- 0.00000E+00
    Zn 68  (n,E    )  Zn 68   4.55296E+00+- 0.00000E+00          Zn 68  (n,g    )  Zn 69   9.86999E-01+- 0.00000E+00
    Zn 68  (n,g    )  Zn 69m  6.97451E-02+- 0.00000E+00          Zn 70  (n,Dtot )          6.66447E+00+- 0.00000E+00
    Zn 70  (n,Ddiss)          6.66447E+00+- 0.00000E+00          Zn 70  (n,Ktot )          5.27417E+05+- 0.00000E+00
    Zn 70  (n,Kel  )          3.12486E-03+- 0.00000E+00          Zn 70  (n,Knone)          5.27417E+05+- 0.00000E+00
    Zn 70  (n,Kphot)          5.27409E+05+- 0.00000E+00          Zn 70  (n,Kktot)          5.27417E+05+- 0.00000E+00
    Zn 70  (n,total)          4.42706E+00+- 0.00000E+00          Zn 70  (n,E    )  Zn 70   4.33607E+00+- 0.00000E+00
    Zn 70  (n,g    )  Zn 71   9.09902E-02+- 0.00000E+00          Ga 69  (n,Dtot )          6.50978E+02+- 0.00000E+00
    Ga 69  (n,Ddiss)          6.50978E+02+- 0.00000E+00          Ga 69  (n,Ktot )          1.31398E+07+- 0.00000E+00
    Ga 69  (n,Kel  )          5.93761E-03+- 0.00000E+00          Ga 69  (n,Knone)          1.31398E+07+- 0.00000E+00
    Ga 69  (n,Kktot)          7.71975E+02+- 0.00000E+00          Ga 69  (n,total)          9.84111E+00+- 0.00000E+00
    Ga 69  (n,E    )  Ga 69   8.12463E+00+- 0.00000E+00          Ga 69  (n,g    )  Ga 70   1.71648E+00+- 0.00000E+00
    Ga 71  (n,Dtot )          1.27002E+03+- 0.00000E+00          Ga 71  (n,Ddiss)          1.27002E+03+- 0.00000E+00
    Ga 71  (n,Ktot )          3.06082E+07+- 0.00000E+00          Ga 71  (n,Kel  )          3.75000E-03+- 0.00000E+00
    Ga 71  (n,Knone)          3.06082E+07+- 0.00000E+00          Ga 71  (n,Kktot)          1.48946E+03+- 0.00000E+00
    Ga 71  (n,total)          9.96898E+00+- 0.00000E+00          Ga 71  (n,E    )  Ga 71   5.27575E+00+- 0.00000E+00
    Ga 71  (n,g    )  Ga 72   4.69323E+00+- 0.00000E+00          Ge 70  (n,Dtot )          2.06277E+02+- 0.00000E+00
    Ge 70  (n,Ddiss)          2.06277E+02+- 0.00000E+00          Ge 70  (n,Ktot )          2.17318E+07+- 0.00000E+00
    Ge 70  (n,Kel  )          1.00115E-02+- 0.00000E+00          Ge 70  (n,Knone)          2.17318E+07+- 0.00000E+00
    Ge 70  (n,Kphot)          2.17316E+07+- 0.00000E+00          Ge 70  (n,Kktot)          2.17318E+07+- 0.00000E+00
    Ge 70  (n,total)          1.69204E+01+- 0.00000E+00          Ge 70  (n,E    )  Ge 70   1.38926E+01+- 0.00000E+00
    Ge 70  (n,g    )  Ge 71   3.02774E+00+- 0.00000E+00          Ge 72  (n,Dtot )          5.59325E+01+- 0.00000E+00
    Ge 72  (n,Ddiss)          5.59325E+01+- 0.00000E+00          Ge 72  (n,Ktot )          5.75991E+06+- 0.00000E+00
    Ge 72  (n,Kel  )          6.25879E-03+- 0.00000E+00          Ge 72  (n,Knone)          5.75991E+06+- 0.00000E+00
    Ge 72  (n,Kphot)          5.75984E+06+- 0.00000E+00          Ge 72  (n,Kktot)          5.75991E+06+- 0.00000E+00
    Ge 72  (n,total)          9.80498E+00+- 0.00000E+00          Ge 72  (n,E    )  Ge 72   8.92619E+00+- 0.00000E+00
    Ge 72  (n,g    )  Ge 73   8.78790E-01+- 0.00000E+00          Ge 73  (n,Dtot )          8.71778E+02+- 0.00000E+00
    Ge 73  (n,Ddiss)          8.71778E+02+- 0.00000E+00          Ge 73  (n,Ktot )          1.42000E+08+- 0.00000E+00
    Ge 73  (n,Kel  )          3.33023E-03+- 0.00000E+00          Ge 73  (n,Knone)          1.42000E+08+- 0.00000E+00
    Ge 73  (n,Kphot)          1.41999E+08+- 0.00000E+00          Ge 73  (n,Kktot)          1.42000E+08+- 0.00000E+00
    Ge 73  (n,total)          1.93994E+01+- 0.00000E+00          Ge 73  (n,E    )  Ge 73   4.81383E+00+- 0.00000E+00
    Ge 73  (n,g    )  Ge 74   1.45855E+01+- 0.00000E+00          Ge 74  (n,Dtot )          2.96204E+01+- 0.00000E+00
    Ge 74  (n,Ddiss)          2.96204E+01+- 0.00000E+00          Ge 74  (n,Ktot )          3.23626E+06+- 0.00000E+00
    Ge 74  (n,Kel  )          4.93057E-03+- 0.00000E+00          Ge 74  (n,Knone)          3.23626E+06+- 0.00000E+00
    Ge 74  (n,Kphot)          3.23622E+06+- 0.00000E+00          Ge 74  (n,Kktot)          3.23626E+06+- 0.00000E+00
    Ge 74  (n,total)          7.73671E+00+- 0.00000E+00          Ge 74  (n,E    )  Ge 74   7.22190E+00+- 0.00000E+00
    Ge 74  (n,g    )  Ge 75   5.14812E-01+- 0.00000E+00          Ge 76  (n,Dtot )          7.48279E+00+- 0.00000E+00
    Ge 76  (n,Ddiss)          7.48279E+00+- 0.00000E+00          Ge 76  (n,Ktot )          9.03890E+05+- 0.00000E+00
    Ge 76  (n,Kel  )          5.59829E-03+- 0.00000E+00          Ge 76  (n,Knone)          9.03890E+05+- 0.00000E+00
    Ge 76  (n,Kphot)          9.03881E+05+- 0.00000E+00          Ge 76  (n,Kktot)          9.03890E+05+- 0.00000E+00
    Ge 76  (n,total)          8.56915E+00+- 0.00000E+00          Ge 76  (n,E    )  Ge 76   8.41576E+00+- 0.00000E+00
    Ge 76  (n,g    )  Ge 77   1.53388E-01+- 0.00000E+00          As 74  (n,Dtot )          9.60844E+02+- 0.00000E+00
    As 74  (n,Ddiss)          9.60844E+02+- 0.00000E+00          As 74  (n,Ktot )          1.19875E+08+- 0.00000E+00
    As 74  (n,Kel  )          3.48927E-03+- 0.00000E+00          As 74  (n,Knone)          1.19875E+08+- 0.00000E+00
    As 74  (n,Kphot)          1.19874E+08+- 0.00000E+00          As 74  (n,Kktot)          1.19875E+08+- 0.00000E+00
    As 74  (n,total)          1.67735E+01+- 0.00000E+00          As 74  (n,E    )  As 74   5.18800E+00+- 0.00000E+00
    As 74  (n,g    )  As 75   1.15855E+01+- 0.00000E+00          As 75  (n,Dtot )          2.72889E+02+- 0.00000E+00
    As 75  (n,Ddiss)          2.72889E+02+- 0.00000E+00          As 75  (n,Ktot )          3.22005E+07+- 0.00000E+00
    As 75  (n,Kel  )          3.68351E-03+- 0.00000E+00          As 75  (n,Knone)          3.22005E+07+- 0.00000E+00
    As 75  (n,Kphot)          3.22001E+07+- 0.00000E+00          As 75  (n,Kktot)          3.22005E+07+- 0.00000E+00
    As 75  (n,total)          9.93109E+00+- 0.00000E+00          As 75  (n,E    )  As 75   5.46609E+00+- 0.00000E+00
    As 75  (n,g    )  As 76   4.46501E+00+- 0.00000E+00          Se 74  (n,Dtot )          2.00251E+04+- 0.00000E+00
    Se 74  (n,Ddiss)          2.00251E+04+- 0.00000E+00          Se 74  (n,Ktot )          4.12641E+08+- 0.00000E+00
    Se 74  (n,Kel  )          4.99973E-03+- 0.00000E+00          Se 74  (n,Knone)          4.12641E+08+- 0.00000E+00
    Se 74  (n,Kktot)          2.37296E+04+- 0.00000E+00          Se 74  (n,total)          5.87207E+01+- 0.00000E+00
    Se 74  (n,E    )  Se 74   7.32296E+00+- 0.00000E+00          Se 74  (n,g    )  Se 75   5.13977E+01+- 0.00000E+00
    Se 76  (n,Dtot )          2.75165E+04+- 0.00000E+00          Se 76  (n,Ddiss)          2.75165E+04+- 0.00000E+00
    Se 76  (n,Ktot )          6.25684E+08+- 0.00000E+00          Se 76  (n,Kel  )          1.23210E-02+- 0.00000E+00
    Se 76  (n,Knone)          6.25684E+08+- 0.00000E+00          Se 76  (n,Kktot)          3.23871E+04+- 0.00000E+00
    Se 76  (n,total)          1.02856E+02+- 0.00000E+00          Se 76  (n,E    )  Se 76   1.85205E+01+- 0.00000E+00
    Se 76  (n,g    )  Se 77   8.43355E+01+- 0.00000E+00          Se 77  (n,Dtot )          2.64145E+04+- 0.00000E+00
    Se 77  (n,Ddiss)          2.64145E+04+- 0.00000E+00          Se 77  (n,Ktot )          4.37445E+08+- 0.00000E+00
    Se 77  (n,Kel  )          5.57287E-03+- 0.00000E+00          Se 77  (n,Knone)          4.37445E+08+- 0.00000E+00
    Se 77  (n,Kktot)          3.16288E+04+- 0.00000E+00          Se 77  (n,total)          5.01544E+01+- 0.00000E+00
    Se 77  (n,E    )  Se 77   8.48446E+00+- 0.00000E+00          Se 77  (n,g    )  Se 78   4.16699E+01+- 0.00000E+00
    Se 78  (n,Dtot )          1.20132E+02+- 0.00000E+00          Se 78  (n,Ddiss)          1.20132E+02+- 0.00000E+00
    Se 78  (n,Ktot )          2.96992E+06+- 0.00000E+00          Se 78  (n,Kel  )          5.48341E-03+- 0.00000E+00
    Se 78  (n,Knone)          2.96992E+06+- 0.00000E+00          Se 78  (n,Kktot)          1.40598E+02+- 0.00000E+00
    Se 78  (n,total)          8.88035E+00+- 0.00000E+00          Se 78  (n,E    )  Se 78   8.45372E+00+- 0.00000E+00
    Se 78  (n,g    )  Se 79   4.26636E-01+- 0.00000E+00          Se 79  (n,Dtot )          2.75019E+04+- 0.00000E+00
    Se 79  (n,Ddiss)          2.75019E+04+- 0.00000E+00          Se 79  (n,Ktot )          4.91789E+08+- 0.00000E+00
    Se 79  (n,Kel  )          4.06137E-03+- 0.00000E+00          Se 79  (n,Knone)          4.91789E+08+- 0.00000E+00
    Se 79  (n,Kktot)          3.27371E+04+- 0.00000E+00          Se 79  (n,total)          5.59505E+01+- 0.00000E+00
    Se 79  (n,E    )  Se 79   6.33979E+00+- 0.00000E+00          Se 79  (n,g    )  Se 80   4.96107E+01+- 0.00000E+00
    Se 80  (n,Dtot )          1.54701E+02+- 0.00000E+00          Se 80  (n,Ddiss)          1.54701E+02+- 0.00000E+00
    Se 80  (n,Ktot )          4.05607E+06+- 0.00000E+00          Se 80  (n,Kel  )          4.42550E-03+- 0.00000E+00
    Se 80  (n,Knone)          4.05607E+06+- 0.00000E+00          Se 80  (n,Kktot)          1.80288E+02+- 0.00000E+00
    Se 80  (n,total)          7.59856E+00+- 0.00000E+00          Se 80  (n,E    )  Se 80   6.99333E+00+- 0.00000E+00
    Se 80  (n,g    )  Se 81   6.05227E-01+- 0.00000E+00          Se 82  (n,Dtot )          8.57760E+00+- 0.00000E+00
    Se 82  (n,Ddiss)          8.57760E+00+- 0.00000E+00          Se 82  (n,Ktot )          2.59806E+05+- 0.00000E+00
    Se 82  (n,Kel  )          3.10503E-03+- 0.00000E+00          Se 82  (n,Knone)          2.59806E+05+- 0.00000E+00
    Se 82  (n,Kktot)          9.91746E+00+- 0.00000E+00          Se 82  (n,total)          5.07050E+00+- 0.00000E+00
    Se 82  (n,E    )  Se 82   5.02643E+00+- 0.00000E+00          Se 82  (n,g    )  Se 83   4.40655E-02+- 0.00000E+00
    Br 79  (n,Dtot )          3.87738E+03+- 0.00000E+00          Br 79  (n,Ddiss)          3.87738E+03+- 0.00000E+00
    Br 79  (n,Ktot )          8.61457E+07+- 0.00000E+00          Br 79  (n,Kel  )          2.10726E-03+- 0.00000E+00
    Br 79  (n,Knone)          8.61457E+07+- 0.00000E+00          Br 79  (n,Kktot)          4.56604E+03+- 0.00000E+00
    Br 79  (n,total)          1.42034E+01+- 0.00000E+00          Br 79  (n,E    )  Br 79   3.28940E+00+- 0.00000E+00
    Br 79  (n,g    )  Br 80   1.09140E+01+- 0.00000E+00          Br 81  (n,Dtot )          7.55949E+02+- 0.00000E+00
    Br 81  (n,Ddiss)          7.55949E+02+- 0.00000E+00          Br 81  (n,Ktot )          1.78146E+07+- 0.00000E+00
    Br 81  (n,Kel  )          3.61912E-03+- 0.00000E+00          Br 81  (n,Knone)          1.78146E+07+- 0.00000E+00
    Br 81  (n,Kktot)          8.86319E+02+- 0.00000E+00          Br 81  (n,total)          8.13469E+00+- 0.00000E+00
    Br 81  (n,E    )  Br 81   5.78883E+00+- 0.00000E+00          Br 81  (n,g    )  Br 82   2.34586E+00+- 0.00000E+00
    Kr 78  (n,Dtot )          2.51571E+03+- 0.00000E+00          Kr 78  (n,Ddiss)          2.51571E+03+- 0.00000E+00
    Kr 78  (n,Ktot )          5.25445E+07+- 0.00000E+00          Kr 78  (n,Kel  )          5.61423E-03+- 0.00000E+00
    Kr 78  (n,Knone)          5.25445E+07+- 0.00000E+00          Kr 78  (n,Kktot)          2.97818E+03+- 0.00000E+00
    Kr 78  (n,Xp   )          2.78860E-12+- 0.00000E+00          Kr 78  (n,Xa   )          2.78860E-12+- 0.00000E+00
    Kr 78  (n,total)          1.49598E+01+- 0.00000E+00          Kr 78  (n,a    )  Se 75   2.78520E-12+- 0.00000E+00
    Kr 78  (n,p    )  Br 78   2.78520E-12+- 0.00000E+00          Kr 78  (n,E    )  Kr 78   8.65573E+00+- 0.00000E+00
    Kr 78  (n,g    )  Kr 79   6.30402E+00+- 0.00000E+00          Kr 80  (n,Dtot )          3.99306E+03+- 0.00000E+00
    Kr 80  (n,Ddiss)          3.99306E+03+- 0.00000E+00          Kr 80  (n,Ktot )          8.99350E+07+- 0.00000E+00
    Kr 80  (n,Kel  )          4.64174E-03+- 0.00000E+00          Kr 80  (n,Knone)          8.99350E+07+- 0.00000E+00
    Kr 80  (n,Kktot)          4.70152E+03+- 0.00000E+00          Kr 80  (n,total)          1.87450E+01+- 0.00000E+00
    Kr 80  (n,E    )  Kr 80   7.33503E+00+- 0.00000E+00          Kr 80  (n,g    )  Kr 81   1.14100E+01+- 0.00000E+00
    Kr 82  (n,Dtot )          5.85510E+03+- 0.00000E+00          Kr 82  (n,Ddiss)          5.85510E+03+- 0.00000E+00
    Kr 82  (n,Ktot )          1.41934E+08+- 0.00000E+00          Kr 82  (n,Kel  )          9.13157E-03+- 0.00000E+00
    Kr 82  (n,Knone)          1.41934E+08+- 0.00000E+00          Kr 82  (n,Kktot)          6.85870E+03+- 0.00000E+00
    Kr 82  (n,total)          3.37928E+01+- 0.00000E+00          Kr 82  (n,E    )  Kr 82   1.47816E+01+- 0.00000E+00
    Kr 82  (n,g    )  Kr 83   1.90112E+01+- 0.00000E+00          Kr 83  (n,Dtot )          1.16837E+05+- 0.00000E+00
    Kr 83  (n,Ddiss)          1.16837E+05+- 0.00000E+00          Kr 83  (n,Ktot )          2.06801E+09+- 0.00000E+00
    Kr 83  (n,Kel  )          8.24528E-03+- 0.00000E+00          Kr 83  (n,Knone)          2.06801E+09+- 0.00000E+00
    Kr 83  (n,Kktot)          1.39149E+05+- 0.00000E+00          Kr 83  (n,total)          2.10069E+02+- 0.00000E+00
    Kr 83  (n,E    )  Kr 83   1.35061E+01+- 0.00000E+00          Kr 83  (n,g    )  Kr 84   1.96562E+02+- 0.00000E+00
    Kr 84  (n,Dtot )          2.99224E+01+- 0.00000E+00          Kr 84  (n,Ddiss)          2.99224E+01+- 0.00000E+00
    Kr 84  (n,Ktot )          7.76161E+05+- 0.00000E+00          Kr 84  (n,Kel  )          2.25698E-03+- 0.00000E+00
    Kr 84  (n,Knone)          7.76161E+05+- 0.00000E+00          Kr 84  (n,Kktot)          3.48910E+01+- 0.00000E+00
    Kr 84  (n,total)          3.84954E+00+- 0.00000E+00          Kr 84  (n,E    )  Kr 84   3.74041E+00+- 0.00000E+00
    Kr 84  (n,g    )  Kr 85   1.09134E-01+- 0.00000E+00          Kr 85  (n,Dtot )          5.49283E+01+- 0.00000E+00
    Kr 85  (n,Ddiss)          5.49283E+01+- 0.00000E+00          Kr 85  (n,Ktot )          1.63358E+07+- 0.00000E+00
    Kr 85  (n,Kel  )          3.78855E-03+- 0.00000E+00          Kr 85  (n,Knone)          1.63358E+07+- 0.00000E+00
    Kr 85  (n,Kphot)          1.63357E+07+- 0.00000E+00          Kr 85  (n,Kktot)          1.63358E+07+- 0.00000E+00
    Kr 85  (n,total)          8.00109E+00+- 0.00000E+00          Kr 85  (n,E    )  Kr 85   6.35174E+00+- 0.00000E+00
    Kr 85  (n,g    )  Kr 86   1.64935E+00+- 0.00000E+00          Kr 86  (n,Dtot )          1.42293E-01+- 0.00000E+00
    Kr 86  (n,Ddiss)          1.42293E-01+- 0.00000E+00          Kr 86  (n,Ktot )          4.80446E+03+- 0.00000E+00
    Kr 86  (n,Kel  )          3.22682E-03+- 0.00000E+00          Kr 86  (n,Knone)          4.80446E+03+- 0.00000E+00
    Kr 86  (n,Kktot)          1.66869E-01+- 0.00000E+00          Kr 86  (n,total)          5.47293E+00+- 0.00000E+00
    Kr 86  (n,E    )  Kr 86   5.47206E+00+- 0.00000E+00          Kr 86  (n,g    )  Kr 87   8.71021E-04+- 0.00000E+00
    Rb 85  (n,Dtot )          1.94423E+02+- 0.00000E+00          Rb 85  (n,Ddiss)          1.94423E+02+- 0.00000E+00
    Rb 85  (n,Ktot )          4.23541E+06+- 0.00000E+00          Rb 85  (n,Kel  )          3.75150E-03+- 0.00000E+00
    Rb 85  (n,Knone)          4.23541E+06+- 0.00000E+00          Rb 85  (n,Kktot)          2.28890E+02+- 0.00000E+00
    Rb 85  (n,total)          6.77915E+00+- 0.00000E+00          Rb 85  (n,E    )  Rb 85   6.28957E+00+- 0.00000E+00
    Rb 85  (n,g    )  Rb 86   4.89580E-01+- 0.00000E+00          Rb 86  (n,Dtot )          1.18745E+02+- 0.00000E+00
    Rb 86  (n,Ddiss)          1.18745E+02+- 0.00000E+00          Rb 86  (n,Ktot )          1.54182E+07+- 0.00000E+00
    Rb 86  (n,Kel  )          2.49891E-03+- 0.00000E+00          Rb 86  (n,Knone)          1.54182E+07+- 0.00000E+00
    Rb 86  (n,Kphot)          1.54181E+07+- 0.00000E+00          Rb 86  (n,Kktot)          1.54182E+07+- 0.00000E+00
    Rb 86  (n,total)          5.78769E+00+- 0.00000E+00          Rb 86  (n,E    )  Rb 86   4.23762E+00+- 0.00000E+00
    Rb 86  (n,g    )  Rb 87   1.55007E+00+- 0.00000E+00          Rb 87  (n,Dtot )          2.32503E+01+- 0.00000E+00
    Rb 87  (n,Ddiss)          2.32503E+01+- 0.00000E+00          Rb 87  (n,Ktot )          7.23702E+05+- 0.00000E+00
    Rb 87  (n,Kel  )          2.55618E-03+- 0.00000E+00          Rb 87  (n,Knone)          7.23702E+05+- 0.00000E+00
    Rb 87  (n,Kktot)          2.68567E+01+- 0.00000E+00          Rb 87  (n,total)          4.50307E+00+- 0.00000E+00
    Rb 87  (n,E    )  Rb 87   4.38400E+00+- 0.00000E+00          Rb 87  (n,g    )  Rb 88   1.19064E-01+- 0.00000E+00
    Sr 84  (n,Dtot )          4.86050E+01+- 0.00000E+00          Sr 84  (n,Ddiss)          4.86050E+01+- 0.00000E+00
    Sr 84  (n,Ktot )          6.76252E+06+- 0.00000E+00          Sr 84  (n,Kel  )          3.31228E-03+- 0.00000E+00
    Sr 84  (n,Knone)          6.76252E+06+- 0.00000E+00          Sr 84  (n,Kphot)          6.76246E+06+- 0.00000E+00
    Sr 84  (n,Kktot)          6.76252E+06+- 0.00000E+00          Sr 84  (n,total)          6.30196E+00+- 0.00000E+00
    Sr 84  (n,E    )  Sr 84   5.48645E+00+- 0.00000E+00          Sr 84  (n,g    )  Sr 85   8.15516E-01+- 0.00000E+00
    Sr 86  (n,Dtot )          3.72188E+02+- 0.00000E+00          Sr 86  (n,Ddiss)          3.72188E+02+- 0.00000E+00
    Sr 86  (n,Ktot )          8.40664E+06+- 0.00000E+00          Sr 86  (n,Kel  )          1.65145E-03+- 0.00000E+00
    Sr 86  (n,Knone)          8.40664E+06+- 0.00000E+00          Sr 86  (n,Kktot)          4.37561E+02+- 0.00000E+00
    Sr 86  (n,total)          3.79784E+00+- 0.00000E+00          Sr 86  (n,E    )  Sr 86   2.80049E+00+- 0.00000E+00
    Sr 86  (n,g    )  Sr 87   9.97349E-01+- 0.00000E+00          Sr 87  (n,Dtot )          1.00515E+04+- 0.00000E+00
    Sr 87  (n,Ddiss)          1.00515E+04+- 0.00000E+00          Sr 87  (n,Ktot )          1.76499E+08+- 0.00000E+00
    Sr 87  (n,Kel  )          4.04467E-03+- 0.00000E+00          Sr 87  (n,Knone)          1.76499E+08+- 0.00000E+00
    Sr 87  (n,Kktot)          1.19754E+04+- 0.00000E+00          Sr 87  (n,total)          2.28176E+01+- 0.00000E+00
    Sr 87  (n,E    )  Sr 87   6.93683E+00+- 0.00000E+00          Sr 87  (n,g    )  Sr 88   1.58808E+01+- 0.00000E+00
    Sr 88  (n,Dtot )          1.82236E+00+- 0.00000E+00          Sr 88  (n,Ddiss)          1.82236E+00+- 0.00000E+00
    Sr 88  (n,Ktot )          5.48743E+04+- 0.00000E+00          Sr 88  (n,Kel  )          4.20811E-03+- 0.00000E+00
    Sr 88  (n,Knone)          5.48743E+04+- 0.00000E+00          Sr 88  (n,Kktot)          2.11344E+00+- 0.00000E+00
    Sr 88  (n,total)          7.30659E+00+- 0.00000E+00          Sr 88  (n,E    )  Sr 88   7.29797E+00+- 0.00000E+00
    Sr 88  (n,g    )  Sr 89   8.61787E-03+- 0.00000E+00          Sr 89  (n,Dtot )          1.29751E+02+- 0.00000E+00
    Sr 89  (n,Ddiss)          1.29751E+02+- 0.00000E+00          Sr 89  (n,Ktot )          3.25178E+06+- 0.00000E+00
    Sr 89  (n,Kel  )          3.26869E-03+- 0.00000E+00          Sr 89  (n,Knone)          3.25178E+06+- 0.00000E+00
    Sr 89  (n,Kktot)          1.51464E+02+- 0.00000E+00          Sr 89  (n,total)          6.14900E+00+- 0.00000E+00
    Sr 89  (n,E    )  Sr 89   5.73227E+00+- 0.00000E+00          Sr 89  (n,g    )  Sr 90   4.16730E-01+- 0.00000E+00
    Sr 90  (n,Dtot )          2.57224E+00+- 0.00000E+00          Sr 90  (n,Ddiss)          2.57224E+00+- 0.00000E+00
    Sr 90  (n,Ktot )          8.63702E+04+- 0.00000E+00          Sr 90  (n,Kel  )          3.29176E-03+- 0.00000E+00
    Sr 90  (n,Knone)          8.63702E+04+- 0.00000E+00          Sr 90  (n,Kktot)          2.96227E+00+- 0.00000E+00
    Sr 90  (n,total)          5.85095E+00+- 0.00000E+00          Sr 90  (n,E    )  Sr 90   5.83606E+00+- 0.00000E+00
    Sr 90  (n,g    )  Sr 91   1.48832E-02+- 0.00000E+00          Y  89  (n,Dtot )          4.53322E+01+- 0.00000E+00
    Y  89  (n,Ddiss)          4.53322E+01+- 0.00000E+00          Y  89  (n,Ktot )          8.54906E+06+- 0.00000E+00
    Y  89  (n,Kel  )          4.41809E-03+- 0.00000E+00          Y  89  (n,Knone)          8.54906E+06+- 0.00000E+00
    Y  89  (n,Kphot)          8.54900E+06+- 0.00000E+00          Y  89  (n,Kktot)          8.54906E+06+- 0.00000E+00
    Y  89  (n,total)          8.99962E+00+- 3.14955E+00          Y  89  (n,E    )  Y  89   7.73133E+00+- 0.00000E+00
    Y  89  (n,g    )  Y  90   1.26830E+00+- 2.87884E+00          Y  90  (n,Dtot )          1.37683E+02+- 0.00000E+00
    Y  90  (n,Ddiss)          1.37683E+02+- 0.00000E+00          Y  90  (n,Ktot )          2.51310E+07+- 0.00000E+00
    Y  90  (n,Kel  )          5.42002E-03+- 0.00000E+00          Y  90  (n,Knone)          2.51310E+07+- 0.00000E+00
    Y  90  (n,Kphot)          2.51308E+07+- 0.00000E+00          Y  90  (n,Kktot)          2.51310E+07+- 0.00000E+00
    Y  90  (n,total)          1.28826E+01+- 0.00000E+00          Y  90  (n,E    )  Y  90   9.60887E+00+- 0.00000E+00
    Y  90  (n,g    )  Y  91   3.27376E+00+- 0.00000E+00          Y  91  (n,Dtot )          3.00391E+02+- 0.00000E+00
    Y  91  (n,Ddiss)          3.00391E+02+- 0.00000E+00          Y  91  (n,Ktot )          9.09089E+06+- 0.00000E+00
    Y  91  (n,Kel  )          3.19798E-03+- 0.00000E+00          Y  91  (n,Knone)          9.09089E+06+- 0.00000E+00
    Y  91  (n,Kktot)          3.47413E+02+- 0.00000E+00          Y  91  (n,total)          7.12039E+00+- 0.00000E+00
    Y  91  (n,E    )  Y  91   5.73129E+00+- 0.00000E+00          Y  91  (n,g    )  Y  92   1.38910E+00+- 0.00000E+00
    Zr 90  (n,Dtot )          5.86549E-01+- 0.00000E+00          Zr 90  (n,Ddiss)          5.86549E-01+- 0.00000E+00
    Zr 90  (n,Ktot )          6.67067E+04+- 0.00000E+00          Zr 90  (n,Kel  )          3.11827E-03+- 0.00000E+00
    Zr 90  (n,Knone)          6.67067E+04+- 0.00000E+00          Zr 90  (n,Kphot)          6.67060E+04+- 0.00000E+00
    Zr 90  (n,Kktot)          6.67067E+04+- 0.00000E+00          Zr 90  (n,total)          5.53801E+00+- 0.00000E+00
    Zr 90  (n,E    )  Zr 90   5.52811E+00+- 5.66038E+00          Zr 90  (n,g    )  Zr 91   9.89523E-03+- 2.07792E+01
    Zr 91  (n,Dtot )          6.29219E+01+- 0.00000E+00          Zr 91  (n,Ddiss)          6.29219E+01+- 0.00000E+00
    Zr 91  (n,Ktot )          1.04793E+07+- 0.00000E+00          Zr 91  (n,Kel  )          5.53051E-03+- 0.00000E+00
    Zr 91  (n,Knone)          1.04793E+07+- 0.00000E+00          Zr 91  (n,Kphot)          1.04789E+07+- 0.00000E+00
    Zr 91  (n,Kktot)          1.04793E+07+- 0.00000E+00          Zr 91  (n,Xa   )          1.13037E-04+- 0.00000E+00
    Zr 91  (n,total)          1.11175E+01+- 0.00000E+00          Zr 91  (n,a    )  Sr 88   5.65192E-05+- 0.00000E+00
    Zr 91  (n,E    )  Zr 91   9.91130E+00+- 5.60748E+00          Zr 91  (n,g    )  Zr 92   1.20618E+00+- 9.63855E+00
    Zr 92  (n,Dtot )          1.18763E+01+- 0.00000E+00          Zr 92  (n,Ddiss)          1.18763E+01+- 0.00000E+00
    Zr 92  (n,Ktot )          1.48969E+06+- 0.00000E+00          Zr 92  (n,Kel  )          3.94654E-03+- 0.00000E+00
    Zr 92  (n,Knone)          1.48969E+06+- 0.00000E+00          Zr 92  (n,Kphot)          1.48968E+06+- 0.00000E+00
    Zr 92  (n,Kktot)          1.48969E+06+- 0.00000E+00          Zr 92  (n,total)          7.37608E+00+- 0.00000E+00
    Zr 92  (n,E    )  Zr 92   7.14870E+00+- 5.55556E+00          Zr 92  (n,g    )  Zr 93   2.27384E-01+- 3.07692E+01
    Zr 93  (n,Dtot )          2.11714E+01+- 0.00000E+00          Zr 93  (n,Ddiss)          2.11714E+01+- 0.00000E+00
    Zr 93  (n,Ktot )          5.72523E+06+- 0.00000E+00          Zr 93  (n,Kel  )          3.16606E-03+- 0.00000E+00
    Zr 93  (n,Knone)          5.72523E+06+- 0.00000E+00          Zr 93  (n,Kphot)          5.72520E+06+- 0.00000E+00
    Zr 93  (n,Kktot)          5.72523E+06+- 0.00000E+00          Zr 93  (n,Xa   )          1.46284E-07+- 0.00000E+00
    Zr 93  (n,total)          6.48557E+00+- 0.00000E+00          Zr 93  (n,a    )  Sr 90   7.31433E-08+- 0.00000E+00
    Zr 93  (n,E    )  Zr 93   5.79609E+00+- 8.62069E+00          Zr 93  (n,g    )  Zr 94   6.89480E-01+- 1.35135E+01
    Zr 94  (n,Dtot )          2.16809E+00+- 0.00000E+00          Zr 94  (n,Ddiss)          2.16809E+00+- 0.00000E+00
    Zr 94  (n,Ktot )          2.99634E+05+- 0.00000E+00          Zr 94  (n,Kel  )          4.68001E-03+- 0.00000E+00
    Zr 94  (n,Knone)          2.99634E+05+- 0.00000E+00          Zr 94  (n,Kphot)          2.99631E+05+- 0.00000E+00
    Zr 94  (n,Kktot)          2.99634E+05+- 0.00000E+00          Zr 94  (n,total)          8.70736E+00+- 0.00000E+00
    Zr 94  (n,E    )  Zr 94   8.65788E+00+- 4.77299E+00          Zr 94  (n,g    )  Zr 95   4.94816E-02+- 3.44130E+00
    Zr 95  (n,Dtot )          3.37890E+01+- 0.00000E+00          Zr 95  (n,Ddiss)          3.37890E+01+- 0.00000E+00
    Zr 95  (n,Ktot )          9.38048E+06+- 0.00000E+00          Zr 95  (n,Kel  )          3.06719E-03+- 0.00000E+00
    Zr 95  (n,Knone)          9.38048E+06+- 0.00000E+00          Zr 95  (n,Kphot)          9.38043E+06+- 0.00000E+00
    Zr 95  (n,Kktot)          9.38048E+06+- 0.00000E+00          Zr 95  (n,total)          6.92411E+00+- 0.00000E+00
    Zr 95  (n,E    )  Zr 95   5.73345E+00+- 1.50000E+01          Zr 95  (n,g    )  Zr 96   1.19066E+00+- 5.00000E+01
    Zr 96  (n,Dtot )          5.37503E-01+- 0.00000E+00          Zr 96  (n,Ddiss)          5.37503E-01+- 0.00000E+00
    Zr 96  (n,Ktot )          1.15585E+05+- 0.00000E+00          Zr 96  (n,Kel  )          3.03687E-03+- 0.00000E+00
    Zr 96  (n,Knone)          1.15585E+05+- 0.00000E+00          Zr 96  (n,Kphot)          1.15584E+05+- 0.00000E+00
    Zr 96  (n,Kktot)          1.15585E+05+- 0.00000E+00          Zr 96  (n,total)          5.75802E+00+- 0.00000E+00
    Zr 96  (n,E    )  Zr 96   5.73536E+00+- 6.06061E+00          Zr 96  (n,g    )  Zr 97   2.26661E-02+- 4.36681E+00
    Nb 93  (n,Dtot )          2.93534E+02+- 0.00000E+00          Nb 93  (n,Ddiss)          2.93534E+02+- 0.00000E+00
    Nb 93  (n,Ktot )          8.26965E+06+- 0.00000E+00          Nb 93  (n,Kel  )          3.47557E-03+- 0.00000E+00
    Nb 93  (n,Knone)          8.26965E+06+- 0.00000E+00          Nb 93  (n,Kktot)          3.40987E+02+- 0.00000E+00
    Nb 93  (n,total)          7.50857E+00+- 0.00000E+00          Nb 93  (n,E    )  Nb 93   6.36237E+00+- 0.00000E+00
    Nb 93  (n,g    )  Nb 94   1.14620E+00+- 0.00000E+00          Nb 94  (n,Dtot )          5.45299E+03+- 0.00000E+00
    Nb 94  (n,Ddiss)          5.45299E+03+- 0.00000E+00          Nb 94  (n,Ktot )          1.32818E+08+- 0.00000E+00
    Nb 94  (n,Kel  )          3.50634E-03+- 0.00000E+00          Nb 94  (n,Knone)          1.32818E+08+- 0.00000E+00
    Nb 94  (n,Kktot)          6.37758E+03+- 0.00000E+00          Nb 94  (n,total)          2.21279E+01+- 0.00000E+00
    Nb 94  (n,E    )  Nb 94   6.48670E+00+- 0.00000E+00          Nb 94  (n,g    )  Nb 95   1.56412E+01+- 0.00000E+00
    Nb 95  (n,Dtot )          1.59632E+03+- 0.00000E+00          Nb 95  (n,Ddiss)          1.59632E+03+- 0.00000E+00
    Nb 95  (n,Ktot )          4.78788E+07+- 0.00000E+00          Nb 95  (n,Kel  )          3.06535E-03+- 0.00000E+00
    Nb 95  (n,Knone)          4.78788E+07+- 0.00000E+00          Nb 95  (n,Kktot)          1.84691E+03+- 0.00000E+00
    Nb 95  (n,total)          1.26754E+01+- 0.00000E+00          Nb 95  (n,E    )  Nb 95   5.72992E+00+- 2.00000E+01
    Nb 95  (n,g    )  Nb 96   6.94551E+00+- 7.50000E+01          Mo 92  (n,Dtot )          2.54620E+01+- 0.00000E+00
    Mo 92  (n,Ddiss)          2.54620E+01+- 0.00000E+00          Mo 92  (n,Ktot )          6.39296E+05+- 0.00000E+00
    Mo 92  (n,Kel  )          3.33395E-03+- 0.00000E+00          Mo 92  (n,Knone)          6.39296E+05+- 0.00000E+00
    Mo 92  (n,Kktot)          2.97979E+01+- 0.00000E+00          Mo 92  (n,total)          6.11842E+00+- 2.30000E+00
    Mo 92  (n,E    )  Mo 92   6.03918E+00+- 2.30000E+00          Mo 92  (n,g    )  Mo 93   7.92376E-02+- 2.50000E+01
    Mo 94  (n,Dtot )          8.92315E+01+- 0.00000E+00          Mo 94  (n,Ddiss)          8.92315E+01+- 0.00000E+00
    Mo 94  (n,Ktot )          2.48890E+06+- 0.00000E+00          Mo 94  (n,Kel  )          3.16481E-03+- 0.00000E+00
    Mo 94  (n,Knone)          2.48890E+06+- 0.00000E+00          Mo 94  (n,Kktot)          1.03757E+02+- 0.00000E+00
    Mo 94  (n,total)          6.19236E+00+- 2.10000E+00          Mo 94  (n,E    )  Mo 94   5.85474E+00+- 2.10000E+00
    Mo 94  (n,g    )  Mo 95   3.37624E-01+- 1.77000E+01          Mo 95  (n,Dtot )          3.80533E+02+- 0.00000E+00
    Mo 95  (n,Ddiss)          3.80533E+02+- 0.00000E+00          Mo 95  (n,Ktot )          1.24827E+08+- 0.00000E+00
    Mo 95  (n,Kel  )          2.73359E-03+- 0.00000E+00          Mo 95  (n,Knone)          1.24827E+08+- 0.00000E+00
    Mo 95  (n,Kphot)          1.24826E+08+- 0.00000E+00          Mo 95  (n,Kktot)          1.24827E+08+- 0.00000E+00
    Mo 95  (n,Xa   )          1.69558E-04+- 0.00000E+00          Mo 95  (n,total)          1.94127E+01+- 5.70000E+00
    Mo 95  (n,a    )  Zr 92   1.69458E-04+- 0.00000E+00          Mo 95  (n,E    )  Mo 95   6.12507E+00+- 5.70000E+00
    Mo 95  (n,g    )  Mo 96   1.32875E+01+- 2.20000E+00          Mo 96  (n,Dtot )          1.31660E+02+- 0.00000E+00
    Mo 96  (n,Ddiss)          1.31660E+02+- 0.00000E+00          Mo 96  (n,Ktot )          4.02992E+06+- 0.00000E+00
    Mo 96  (n,Kel  )          2.51599E-03+- 0.00000E+00          Mo 96  (n,Knone)          4.02992E+06+- 0.00000E+00
    Mo 96  (n,Kktot)          1.52252E+02+- 0.00000E+00          Mo 96  (n,total)          5.34221E+00+- 1.90000E+00
    Mo 96  (n,E    )  Mo 96   4.75146E+00+- 1.90000E+00          Mo 96  (n,g    )  Mo 97   5.90748E-01+- 4.00000E+01
    Mo 97  (n,Dtot )          7.63818E+02+- 0.00000E+00          Mo 97  (n,Ddiss)          7.63818E+02+- 0.00000E+00
    Mo 97  (n,Ktot )          1.88335E+07+- 0.00000E+00          Mo 97  (n,Kel  )          3.50528E-03+- 0.00000E+00
    Mo 97  (n,Knone)          1.88335E+07+- 0.00000E+00          Mo 97  (n,Kktot)          8.92284E+02+- 0.00000E+00
    Mo 97  (n,total)          8.86644E+00+- 2.10000E+00          Mo 97  (n,E    )  Mo 97   6.68740E+00+- 2.10000E+00
    Mo 97  (n,g    )  Mo 98   2.17904E+00+- 9.10000E+00          Mo 98  (n,Dtot )          2.14230E+01+- 0.00000E+00
    Mo 98  (n,Ddiss)          2.14230E+01+- 0.00000E+00          Mo 98  (n,Ktot )          7.64261E+05+- 0.00000E+00
    Mo 98  (n,Kel  )          2.94259E-03+- 0.00000E+00          Mo 98  (n,Knone)          7.64261E+05+- 0.00000E+00
    Mo 98  (n,Kktot)          2.45786E+01+- 0.00000E+00          Mo 98  (n,total)          5.79956E+00+- 2.20000E+00
    Mo 98  (n,E    )  Mo 98   5.67060E+00+- 2.20000E+00          Mo 98  (n,g    )  Mo 99   1.28965E-01+- 4.50000E+00
    Mo 99  (n,Dtot )          2.51925E+03+- 0.00000E+00          Mo 99  (n,Ddiss)          2.51925E+03+- 0.00000E+00
    Mo 99  (n,Ktot )          6.58163E+07+- 0.00000E+00          Mo 99  (n,Kel  )          2.94324E-03+- 0.00000E+00
    Mo 99  (n,Knone)          6.58163E+07+- 0.00000E+00          Mo 99  (n,Kktot)          2.93149E+03+- 0.00000E+00
    Mo 99  (n,total)          1.36665E+01+- 0.00000E+00          Mo 99  (n,E    )  Mo 99   5.72875E+00+- 0.00000E+00
    Mo 99  (n,g    )  Mo100   7.93771E+00+- 0.00000E+00          Mo100  (n,Dtot )          2.68338E+01+- 0.00000E+00
    Mo100  (n,Ddiss)          2.68338E+01+- 0.00000E+00          Mo100  (n,Ktot )          1.06609E+06+- 0.00000E+00
    Mo100  (n,Kel  )          2.70989E-03+- 0.00000E+00          Mo100  (n,Knone)          1.06609E+06+- 0.00000E+00
    Mo100  (n,Kktot)          3.06133E+01+- 0.00000E+00          Mo100  (n,total)          5.52424E+00+- 2.10000E+00
    Mo100  (n,E    )  Mo100   5.32677E+00+- 1.00000E+01          Mo100  (n,g    )  Mo101   1.97471E-01+- 1.50000E+00
    Tc 99  (n,Dtot )          3.54697E+02+- 0.00000E+00          Tc 99  (n,Ddiss)          3.54697E+02+- 0.00000E+00
    Tc 99  (n,Ktot )          1.33767E+08+- 0.00000E+00          Tc 99  (n,Kel  )          2.95267E-03+- 0.00000E+00
    Tc 99  (n,Knone)          1.33767E+08+- 0.00000E+00          Tc 99  (n,Kphot)          1.33767E+08+- 0.00000E+00
    Tc 99  (n,Kktot)          1.33767E+08+- 0.00000E+00          Tc 99  (n,total)          2.56033E+01+- 5.48330E+00
    Tc 99  (n,E    )  Tc 99   5.75305E+00+- 8.80829E+00          Tc 99  (n,g    )  Tc100   1.98502E+01+- 5.74616E+00
    Ru 96  (n,Dtot )          8.88196E+01+- 0.00000E+00          Ru 96  (n,Ddiss)          8.88196E+01+- 0.00000E+00
    Ru 96  (n,Ktot )          2.32124E+06+- 0.00000E+00          Ru 96  (n,Kel  )          2.71451E-03+- 0.00000E+00
    Ru 96  (n,Knone)          2.32124E+06+- 0.00000E+00          Ru 96  (n,Kktot)          1.03706E+02+- 0.00000E+00
    Ru 96  (n,total)          5.41457E+00+- 0.00000E+00          Ru 96  (n,E    )  Ru 96   5.12682E+00+- 0.00000E+00
    Ru 96  (n,g    )  Ru 97   2.87743E-01+- 0.00000E+00          Ru 98  (n,Dtot )          2.06770E+03+- 0.00000E+00
    Ru 98  (n,Ddiss)          2.06770E+03+- 0.00000E+00          Ru 98  (n,Ktot )          5.92615E+07+- 0.00000E+00
    Ru 98  (n,Kel  )          2.65997E-03+- 0.00000E+00          Ru 98  (n,Knone)          5.92615E+07+- 0.00000E+00
    Ru 98  (n,Kktot)          2.40075E+03+- 0.00000E+00          Ru 98  (n,total)          1.30637E+01+- 0.00000E+00
    Ru 98  (n,E    )  Ru 98   5.12598E+00+- 0.00000E+00          Ru 98  (n,g    )  Ru 99   7.93770E+00+- 0.00000E+00
    Ru 99  (n,Dtot )          3.10424E+03+- 0.00000E+00          Ru 99  (n,Ddiss)          3.10424E+03+- 0.00000E+00
    Ru 99  (n,Ktot )          7.01620E+07+- 0.00000E+00          Ru 99  (n,Kel  )          1.90308E-03+- 0.00000E+00
    Ru 99  (n,Knone)          7.01620E+07+- 0.00000E+00          Ru 99  (n,Kktot)          3.64614E+03+- 0.00000E+00
    Ru 99  (n,total)          1.09567E+01+- 0.00000E+00          Ru 99  (n,E    )  Ru 99   3.70411E+00+- 0.00000E+00
    Ru 99  (n,g    )  Ru100   7.25262E+00+- 0.00000E+00          Ru100  (n,Dtot )          1.22500E+03+- 0.00000E+00
    Ru100  (n,Ddiss)          1.22500E+03+- 0.00000E+00          Ru100  (n,Ktot )          3.90769E+07+- 0.00000E+00
    Ru100  (n,Kel  )          4.81502E-03+- 0.00000E+00          Ru100  (n,Knone)          3.90769E+07+- 0.00000E+00
    Ru100  (n,Kktot)          1.41372E+03+- 0.00000E+00          Ru100  (n,total)          1.52094E+01+- 0.00000E+00
    Ru100  (n,E    )  Ru100   9.46449E+00+- 0.00000E+00          Ru100  (n,g    )  Ru101   5.74492E+00+- 0.00000E+00
    Ru101  (n,Dtot )          1.26453E+02+- 0.00000E+00          Ru101  (n,Ddiss)          1.26453E+02+- 0.00000E+00
    Ru101  (n,Ktot )          4.85511E+07+- 0.00000E+00          Ru101  (n,Kel  )          2.54309E-03+- 0.00000E+00
    Ru101  (n,Knone)          4.85511E+07+- 0.00000E+00          Ru101  (n,Kphot)          4.85509E+07+- 0.00000E+00
    Ru101  (n,Kktot)          4.85511E+07+- 0.00000E+00          Ru101  (n,total)          1.07911E+01+- 0.00000E+00
    Ru101  (n,E    )  Ru101   5.60766E+00+- 8.63549E+00          Ru101  (n,g    )  Ru102   5.18347E+00+- 5.75439E+00
    Ru102  (n,Dtot )          2.22421E+02+- 0.00000E+00          Ru102  (n,Ddiss)          2.22421E+02+- 0.00000E+00
    Ru102  (n,Ktot )          7.85270E+06+- 0.00000E+00          Ru102  (n,Kel  )          4.26558E-03+- 0.00000E+00
    Ru102  (n,Knone)          7.85270E+06+- 0.00000E+00          Ru102  (n,Kktot)          2.55269E+02+- 0.00000E+00
    Ru102  (n,total)          9.80896E+00+- 0.00000E+00          Ru102  (n,E    )  Ru102   8.54910E+00+- 6.81528E+00
    Ru102  (n,g    )  Ru103   1.25986E+00+- 3.14851E+00          Ru103  (n,Dtot )          4.08571E+02+- 0.00000E+00
    Ru103  (n,Ddiss)          4.08571E+02+- 0.00000E+00          Ru103  (n,Ktot )          1.03523E+07+- 0.00000E+00
    Ru103  (n,Kel  )          2.49923E-03+- 0.00000E+00          Ru103  (n,Knone)          1.03523E+07+- 0.00000E+00
    Ru103  (n,Kktot)          4.76148E+02+- 0.00000E+00          Ru103  (n,total)          6.21967E+00+- 0.00000E+00
    Ru103  (n,E    )  Ru103   5.05710E+00+- 2.00000E+01          Ru103  (n,g    )  Ru104   1.16257E+00+- 4.21472E+01
    Ru104  (n,Dtot )          7.31405E+01+- 0.00000E+00          Ru104  (n,Ddiss)          7.31405E+01+- 0.00000E+00
    Ru104  (n,Ktot )          2.76518E+06+- 0.00000E+00          Ru104  (n,Kel  )          2.57540E-03+- 0.00000E+00
    Ru104  (n,Knone)          2.76518E+06+- 0.00000E+00          Ru104  (n,Kktot)          8.36182E+01+- 0.00000E+00
    Ru104  (n,total)          5.72865E+00+- 0.00000E+00          Ru104  (n,E    )  Ru104   5.26081E+00+- 2.00000E+01
    Ru104  (n,g    )  Ru105   4.67835E-01+- 2.07735E+00          Ru105  (n,Dtot )          1.19997E+02+- 0.00000E+00
    Ru105  (n,Ddiss)          1.19997E+02+- 0.00000E+00          Ru105  (n,Ktot )          3.24628E+06+- 0.00000E+00
    Ru105  (n,Kel  )          1.98255E-03+- 0.00000E+00          Ru105  (n,Knone)          3.24628E+06+- 0.00000E+00
    Ru105  (n,Kktot)          1.39265E+02+- 0.00000E+00          Ru105  (n,total)          4.47182E+00+- 0.00000E+00
    Ru105  (n,E    )  Ru105   4.08833E+00+- 0.00000E+00          Ru105  (n,g    )  Ru106   3.83488E-01+- 0.00000E+00
    Ru106  (n,Dtot )          1.89794E+01+- 0.00000E+00          Ru106  (n,Ddiss)          1.89794E+01+- 0.00000E+00
    Ru106  (n,Ktot )          7.89340E+05+- 0.00000E+00          Ru106  (n,Kel  )          1.61300E-03+- 0.00000E+00
    Ru106  (n,Knone)          7.89340E+05+- 0.00000E+00          Ru106  (n,Kktot)          2.15931E+01+- 0.00000E+00
    Ru106  (n,total)          3.50209E+00+- 0.00000E+00          Ru106  (n,E    )  Ru106   3.35723E+00+- 2.00000E+01
    Ru106  (n,g    )  Ru107   1.44863E-01+- 3.08219E+01          Rh103  (n,Dtot )          2.53667E+03+- 0.00000E+00
    Rh103  (n,Ddiss)          2.53667E+03+- 0.00000E+00          Rh103  (n,Ktot )          9.92413E+08+- 0.00000E+00
    Rh103  (n,Kel  )          2.04708E-03+- 0.00000E+00          Rh103  (n,Knone)          9.92413E+08+- 0.00000E+00
    Rh103  (n,Kphot)          9.92409E+08+- 0.00000E+00          Rh103  (n,Kktot)          9.92413E+08+- 0.00000E+00
    Rh103  (n,total)          1.45401E+02+- 0.00000E+00          Rh103  (n,E    )  Rh103   4.34234E+00+- 2.00000E+01
    Rh103  (n,g    )  Rh104   1.41059E+02+- 3.40000E+00          Rh105  (n,Dtot )          3.00730E+06+- 0.00000E+00
    Rh105  (n,Ddiss)          3.00730E+06+- 0.00000E+00          Rh105  (n,Ktot )          1.03450E+11+- 0.00000E+00
    Rh105  (n,Kel  )          4.37916E+00+- 0.00000E+00          Rh105  (n,Knone)          1.03450E+11+- 0.00000E+00
    Rh105  (n,Kktot)          3.45392E+06+- 0.00000E+00          Rh105  (n,total)          2.47334E+04+- 0.00000E+00
    Rh105  (n,E    )  Rh105   9.02973E+03+- 0.00000E+00          Rh105  (n,g    )  Rh106   1.57037E+04+- 0.00000E+00
    Pd102  (n,Dtot )          4.85479E+02+- 0.00000E+00          Pd102  (n,Ddiss)          4.85479E+02+- 0.00000E+00
    Pd102  (n,Ktot )          1.37793E+07+- 0.00000E+00          Pd102  (n,Kel  )          2.99693E-03+- 0.00000E+00
    Pd102  (n,Knone)          1.37793E+07+- 0.00000E+00          Pd102  (n,Kphot)          9.11379E+01+- 0.00000E+00
    Pd102  (n,Kktot)          1.13630E+03+- 0.00000E+00          Pd102  (n,Xa   )          1.06374E-04+- 0.00000E+00
    Pd102  (n,total)          7.81364E+00+- 0.00000E+00          Pd102  (n,nonel)          1.80717E+00+- 0.00000E+00
    Pd102  (n,a    )  Ru 99   1.06376E-04+- 0.00000E+00          Pd102  (n,E    )  Pd102   6.00647E+00+- 0.00000E+00
    Pd102  (n,g    )  Pd103   1.80706E+00+- 0.00000E+00          Pd104  (n,Dtot )          1.44098E+02+- 0.00000E+00
    Pd104  (n,Ddiss)          1.44098E+02+- 0.00000E+00          Pd104  (n,Ktot )          4.56572E+06+- 0.00000E+00
    Pd104  (n,Kel  )          2.34704E-03+- 0.00000E+00          Pd104  (n,Knone)          4.56572E+06+- 0.00000E+00
    Pd104  (n,Kphot)          2.15680E+00+- 0.00000E+00          Pd104  (n,Kktot)          1.87111E+02+- 0.00000E+00
    Pd104  (n,Xa   )          4.64797E-06+- 0.00000E+00          Pd104  (n,total)          5.43791E+00+- 0.00000E+00
    Pd104  (n,nonel)          6.43517E-01+- 0.00000E+00          Pd104  (n,a    )  Ru101   4.64805E-06+- 0.00000E+00
    Pd104  (n,E    )  Pd104   4.79440E+00+- 0.00000E+00          Pd104  (n,g    )  Pd105   6.43512E-01+- 0.00000E+00
    Pd105  (n,Dtot )          4.65302E+02+- 0.00000E+00          Pd105  (n,Ddiss)          4.65302E+02+- 0.00000E+00
    Pd105  (n,Ktot )          2.02773E+08+- 0.00000E+00          Pd105  (n,Kel  )          2.84594E-03+- 0.00000E+00
    Pd105  (n,Knone)          2.02773E+08+- 0.00000E+00          Pd105  (n,Kphot)          2.02772E+08+- 0.00000E+00
    Pd105  (n,Kktot)          2.02773E+08+- 0.00000E+00          Pd105  (n,total)          2.80704E+01+- 0.00000E+00
    Pd105  (n,E    )  Pd105   7.35953E+00+- 7.93393E+00          Pd105  (n,g    )  Pd106   2.07109E+01+- 7.16225E+00
    Pd106  (n,Dtot )          5.71805E+01+- 0.00000E+00          Pd106  (n,Ddiss)          5.71805E+01+- 0.00000E+00
    Pd106  (n,Ktot )          1.99951E+06+- 0.00000E+00          Pd106  (n,Kel  )          2.22317E-03+- 0.00000E+00
    Pd106  (n,Knone)          1.99951E+06+- 0.00000E+00          Pd106  (n,Kphot)          7.62765E-02+- 0.00000E+00
    Pd106  (n,Kktot)          6.60873E+01+- 0.00000E+00          Pd106  (n,Xa   )          7.89252E-08+- 0.00000E+00
    Pd106  (n,total)          4.93285E+00+- 0.00000E+00          Pd106  (n,nonel)          3.05784E-01+- 0.00000E+00
    Pd106  (n,a    )  Ru103   7.89266E-08+- 0.00000E+00          Pd106  (n,E    )  Pd106   4.62707E+00+- 1.23643E+01
    Pd106  (n,g    )  Pd107   3.05784E-01+- 9.78214E+00          Pd107  (n,Dtot )          7.23451E+02+- 0.00000E+00
    Pd107  (n,Ddiss)          7.23451E+02+- 0.00000E+00          Pd107  (n,Ktot )          1.83744E+07+- 0.00000E+00
    Pd107  (n,Kel  )          1.58713E-03+- 0.00000E+00          Pd107  (n,Knone)          1.83744E+07+- 0.00000E+00
    Pd107  (n,Kktot)          8.42977E+02+- 0.00000E+00          Pd107  (n,total)          5.32593E+00+- 0.00000E+00
    Pd107  (n,E    )  Pd107   3.33395E+00+- 2.00000E+01          Pd107  (n,g    )  Pd108   1.99198E+00+- 1.16663E+01
    Pd108  (n,Dtot )          1.37320E+03+- 0.00000E+00          Pd108  (n,Ddiss)          1.37320E+03+- 0.00000E+00
    Pd108  (n,Ktot )          5.17708E+07+- 0.00000E+00          Pd108  (n,Kel  )          1.15147E-03+- 0.00000E+00
    Pd108  (n,Knone)          5.17708E+07+- 0.00000E+00          Pd108  (n,Kphot)          1.41465E-08+- 0.00000E+00
    Pd108  (n,Kktot)          1.57004E+03+- 0.00000E+00          Pd108  (n,total)          1.08536E+01+- 0.00000E+00
    Pd108  (n,nonel)          8.41267E+00+- 0.00000E+00          Pd108  (n,E    )  Pd108   2.44097E+00+- 2.00000E+01
    Pd108  (n,g    )  Pd109   8.41267E+00+- 1.25000E+01          Pd110  (n,Dtot )          3.20066E+01+- 0.00000E+00
    Pd110  (n,Ddiss)          3.20066E+01+- 0.00000E+00          Pd110  (n,Ktot )          1.30803E+06+- 0.00000E+00
    Pd110  (n,Kel  )          2.63467E-03+- 0.00000E+00          Pd110  (n,Knone)          1.30803E+06+- 0.00000E+00
    Pd110  (n,Kktot)          3.64420E+01+- 0.00000E+00          Pd110  (n,total)          5.91403E+00+- 0.00000E+00
    Pd110  (n,E    )  Pd110   5.68682E+00+- 0.00000E+00          Pd110  (n,g    )  Pd111   2.27211E-01+- 0.00000E+00
    Ag107  (n,Dtot )          8.50197E+03+- 0.00000E+00          Ag107  (n,Ddiss)          8.50197E+03+- 0.00000E+00
    Ag107  (n,Ktot )          2.71195E+08+- 0.00000E+00          Ag107  (n,Kel  )          3.50953E-03+- 0.00000E+00
    Ag107  (n,Knone)          2.71195E+08+- 0.00000E+00          Ag107  (n,Kktot)          9.80639E+03+- 0.00000E+00
    Ag107  (n,total)          4.46738E+01+- 0.00000E+00          Ag107  (n,nonel)          3.73016E+01+- 0.00000E+00
    Ag107  (n,E    )  Ag107   7.37216E+00+- 0.00000E+00          Ag107  (n,g    )  Ag108   3.73016E+01+- 0.00000E+00
    Ag109  (n,Dtot )          9.27897E+02+- 0.00000E+00          Ag109  (n,Ddiss)          9.27897E+02+- 0.00000E+00
    Ag109  (n,Ktot )          6.19031E+08+- 0.00000E+00          Ag109  (n,Kel  )          1.05594E-03+- 0.00000E+00
    Ag109  (n,Knone)          6.19031E+08+- 0.00000E+00          Ag109  (n,Kphot)          6.19029E+08+- 0.00000E+00
    Ag109  (n,Kktot)          6.19031E+08+- 0.00000E+00          Ag109  (n,total)          9.20736E+01+- 2.50000E+00
    Ag109  (n,E    )  Ag109   2.52282E+00+- 2.50000E+00          Ag109  (n,g    )  Ag110   8.95508E+01+- 1.30000E+00
    Ag110m (n,Dtot )          2.65996E+04+- 0.00000E+00          Ag110m (n,Ddiss)          2.65996E+04+- 0.00000E+00
    Ag110m (n,Ktot )          7.21678E+08+- 0.00000E+00          Ag110m (n,Kel  )          2.94504E-03+- 0.00000E+00
    Ag110m (n,Knone)          7.21678E+08+- 0.00000E+00          Ag110m (n,Kktot)          3.08791E+04+- 0.00000E+00
    Ag110m (n,total)          8.79757E+01+- 0.00000E+00          Ag110m (n,E    )  Ag110   6.35680E+00+- 0.00000E+00
    Ag110m (n,g    )  Ag111   8.16189E+01+- 0.00000E+00          Ag111  (n,Dtot )          4.51920E+01+- 0.00000E+00
    Ag111  (n,Ddiss)          4.51920E+01+- 0.00000E+00          Ag111  (n,Ktot )          1.91596E+07+- 0.00000E+00
    Ag111  (n,Kel  )          2.47172E-03+- 0.00000E+00          Ag111  (n,Knone)          1.91596E+07+- 0.00000E+00
    Ag111  (n,Kphot)          1.91595E+07+- 0.00000E+00          Ag111  (n,Kktot)          1.91596E+07+- 0.00000E+00
    Ag111  (n,total)          8.35786E+00+- 0.00000E+00          Ag111  (n,E    )  Ag111   5.38279E+00+- 0.00000E+00
    Ag111  (n,g    )  Ag112   2.97507E+00+- 0.00000E+00          Cd106  (n,Dtot )          2.66059E+02+- 0.00000E+00
    Cd106  (n,Ddiss)          2.66059E+02+- 0.00000E+00          Cd106  (n,Ktot )          7.75349E+06+- 0.00000E+00
    Cd106  (n,Kel  )          2.19223E-03+- 0.00000E+00          Cd106  (n,Knone)          7.75349E+06+- 0.00000E+00
    Cd106  (n,Kktot)          3.08592E+02+- 0.00000E+00          Cd106  (n,total)          5.54075E+00+- 0.00000E+00
    Cd106  (n,E    )  Cd106   4.56277E+00+- 0.00000E+00          Cd106  (n,g    )  Cd107   9.77984E-01+- 0.00000E+00
    Cd108  (n,Dtot )          2.06242E+02+- 0.00000E+00          Cd108  (n,Ddiss)          2.06242E+02+- 0.00000E+00
    Cd108  (n,Ktot )          6.58705E+06+- 0.00000E+00          Cd108  (n,Kel  )          1.55998E-03+- 0.00000E+00
    Cd108  (n,Knone)          6.58705E+06+- 0.00000E+00          Cd108  (n,Kktot)          2.37963E+02+- 0.00000E+00
    Cd108  (n,total)          4.24446E+00+- 0.00000E+00          Cd108  (n,E    )  Cd108   3.34590E+00+- 0.00000E+00
    Cd108  (n,g    )  Cd109   8.98559E-01+- 0.00000E+00          Cd110  (n,Dtot )          2.23638E+03+- 0.00000E+00
    Cd110  (n,Ddiss)          2.23638E+03+- 0.00000E+00          Cd110  (n,Ktot )          7.61326E+07+- 0.00000E+00
    Cd110  (n,Kel  )          1.94786E-03+- 0.00000E+00          Cd110  (n,Knone)          7.61326E+07+- 0.00000E+00
    Cd110  (n,Kktot)          2.57063E+03+- 0.00000E+00          Cd110  (n,total)          1.51651E+01+- 0.00000E+00
    Cd110  (n,E    )  Cd110   4.25384E+00+- 0.00000E+00          Cd110  (n,g    )  Cd111   1.09112E+01+- 0.00000E+00
    Cd111  (n,Dtot )          2.47771E+03+- 0.00000E+00          Cd111  (n,Ddiss)          2.47771E+03+- 0.00000E+00
    Cd111  (n,Ktot )          6.40097E+07+- 0.00000E+00          Cd111  (n,Kel  )          2.58104E-03+- 0.00000E+00
    Cd111  (n,Knone)          6.40097E+07+- 0.00000E+00          Cd111  (n,Kktot)          2.88448E+03+- 0.00000E+00
    Cd111  (n,total)          1.24331E+01+- 0.00000E+00          Cd111  (n,E    )  Cd111   5.62076E+00+- 0.00000E+00
    Cd111  (n,g    )  Cd112   6.81232E+00+- 0.00000E+00          Cd112  (n,Dtot )          3.87406E+02+- 0.00000E+00
    Cd112  (n,Ddiss)          3.87406E+02+- 0.00000E+00          Cd112  (n,Ktot )          1.42619E+07+- 0.00000E+00
    Cd112  (n,Kel  )          2.29333E-03+- 0.00000E+00          Cd112  (n,Knone)          1.42619E+07+- 0.00000E+00
    Cd112  (n,Kktot)          4.43398E+02+- 0.00000E+00          Cd112  (n,total)          7.27842E+00+- 0.00000E+00
    Cd112  (n,E    )  Cd112   5.09783E+00+- 0.00000E+00          Cd112  (n,g    )  Cd113   2.18059E+00+- 0.00000E+00
    Cd113  (n,Dtot )          6.60813E+06+- 0.00000E+00          Cd113  (n,Ddiss)          6.60813E+06+- 0.00000E+00
    Cd113  (n,Ktot )          1.79910E+11+- 0.00000E+00          Cd113  (n,Kel  )          1.12071E-02+- 0.00000E+00
    Cd113  (n,Knone)          1.79910E+11+- 0.00000E+00          Cd113  (n,Kktot)          7.66664E+06+- 0.00000E+00
    Cd113  (n,total)          1.99212E+04+- 0.00000E+00          Cd113  (n,nonel)          1.98964E+04+- 0.00000E+00
    Cd113  (n,E    )  Cd113   2.48347E+01+- 0.00000E+00          Cd113  (n,g    )  Cd114   1.98964E+04+- 0.00000E+00
    Cd114  (n,Dtot )          4.69319E+01+- 0.00000E+00          Cd114  (n,Ddiss)          4.69319E+01+- 0.00000E+00
    Cd114  (n,Ktot )          1.86288E+06+- 0.00000E+00          Cd114  (n,Kel  )          2.52449E-03+- 0.00000E+00
    Cd114  (n,Knone)          1.86288E+06+- 0.00000E+00          Cd114  (n,Kktot)          5.35013E+01+- 0.00000E+00
    Cd114  (n,total)          6.01329E+00+- 0.00000E+00          Cd114  (n,E    )  Cd114   5.71031E+00+- 0.00000E+00
    Cd114  (n,g    )  Cd115   3.02982E-01+- 0.00000E+00          Cd115m (n,Dtot )          7.22027E+01+- 0.00000E+00
    Cd115m (n,Ddiss)          7.22027E+01+- 0.00000E+00          Cd115m (n,Ktot )          4.39642E+07+- 0.00000E+00
    Cd115m (n,Kel  )          2.18270E-03+- 0.00000E+00          Cd115m (n,Knone)          4.39642E+07+- 0.00000E+00
    Cd115m (n,Kphot)          4.39641E+07+- 0.00000E+00          Cd115m (n,Kktot)          4.39642E+07+- 0.00000E+00
    Cd115m (n,total)          9.90010E+00+- 0.00000E+00          Cd115m (n,E    )  Cd115   4.93926E+00+- 0.00000E+00
    Cd115m (n,g    )  Cd116   4.96084E+00+- 0.00000E+00          Cd116  (n,Dtot )          1.01567E+01+- 0.00000E+00
    Cd116  (n,Ddiss)          1.01567E+01+- 0.00000E+00          Cd116  (n,Ktot )          4.35680E+05+- 0.00000E+00
    Cd116  (n,Kel  )          2.15733E-03+- 0.00000E+00          Cd116  (n,Knone)          4.35680E+05+- 0.00000E+00
    Cd116  (n,Kktot)          1.15338E+01+- 0.00000E+00          Cd116  (n,total)          5.03966E+00+- 0.00000E+00
    Cd116  (n,E    )  Cd116   4.96409E+00+- 0.00000E+00          Cd116  (n,g    )  Cd117   7.55666E-02+- 0.00000E+00
    In113  (n,Dtot )          2.61239E+03+- 0.00000E+00          In113  (n,Ddiss)          2.61239E+03+- 0.00000E+00
    In113  (n,Ktot )          8.76129E+07+- 0.00000E+00          In113  (n,Kel  )          1.66152E-03+- 0.00000E+00
    In113  (n,Knone)          8.76129E+07+- 0.00000E+00          In113  (n,Kktot)          3.00361E+03+- 0.00000E+00
    In113  (n,total)          1.57239E+01+- 0.00000E+00          In113  (n,E    )  In113   3.68239E+00+- 0.00000E+00
    In113  (n,g    )  In114   1.20415E+01+- 0.00000E+00          In115  (n,Dtot )          3.73766E+04+- 0.00000E+00
    In115  (n,Ddiss)          3.73766E+04+- 0.00000E+00          In115  (n,Ktot )          1.36191E+09+- 0.00000E+00
    In115  (n,Kel  )          1.11682E-03+- 0.00000E+00          In115  (n,Knone)          1.36191E+09+- 0.00000E+00
    In115  (n,Kktot)          4.27813E+04+- 0.00000E+00          In115  (n,total)          2.03275E+02+- 0.00000E+00
    In115  (n,E    )  In115   2.51827E+00+- 0.00000E+00          In115  (n,g    )  In116   1.58598E+02+- 0.00000E+00
    Sn112  (n,Dtot )          2.08326E+02+- 0.00000E+00          Sn112  (n,Ddiss)          2.08326E+02+- 0.00000E+00
    Sn112  (n,Ktot )          6.53316E+06+- 0.00000E+00          Sn112  (n,Kel  )          2.02295E-03+- 0.00000E+00
    Sn112  (n,Knone)          6.53316E+06+- 0.00000E+00          Sn112  (n,Kktot)          2.40554E+02+- 0.00000E+00
    Sn112  (n,total)          5.28788E+00+- 0.00000E+00          Sn112  (n,E    )  Sn112   4.44445E+00+- 0.00000E+00
    Sn112  (n,g    )  Sn113   8.43421E-01+- 0.00000E+00          Sn113  (n,Dtot )          4.04717E+02+- 0.00000E+00
    Sn113  (n,Ddiss)          4.04717E+02+- 0.00000E+00          Sn113  (n,Ktot )          9.08181E+07+- 0.00000E+00
    Sn113  (n,Kel  )          1.94669E-03+- 0.00000E+00          Sn113  (n,Knone)          9.08181E+07+- 0.00000E+00
    Sn113  (n,Kphot)          9.08176E+07+- 0.00000E+00          Sn113  (n,Kktot)          9.08181E+07+- 0.00000E+00
    Sn113  (n,total)          1.31121E+01+- 0.00000E+00          Sn113  (n,E    )  Sn113   4.31462E+00+- 0.00000E+00
    Sn113  (n,g    )  Sn114   8.79753E+00+- 0.00000E+00          Sn114  (n,Dtot )          2.87167E+01+- 0.00000E+00
    Sn114  (n,Ddiss)          2.87167E+01+- 0.00000E+00          Sn114  (n,Ktot )          9.38099E+05+- 0.00000E+00
    Sn114  (n,Kel  )          2.04229E-03+- 0.00000E+00          Sn114  (n,Knone)          9.38099E+05+- 0.00000E+00
    Sn114  (n,Kktot)          3.30712E+01+- 0.00000E+00          Sn114  (n,total)          4.68994E+00+- 0.00000E+00
    Sn114  (n,E    )  Sn114   4.56565E+00+- 0.00000E+00          Sn114  (n,g    )  Sn115   1.24297E-01+- 0.00000E+00
    Sn115  (n,Dtot )          2.09487E+04+- 0.00000E+00          Sn115  (n,Ddiss)          2.09487E+04+- 0.00000E+00
    Sn115  (n,Ktot )          5.50257E+08+- 0.00000E+00          Sn115  (n,Kel  )          4.02940E-03+- 0.00000E+00
    Sn115  (n,Knone)          5.50257E+08+- 0.00000E+00          Sn115  (n,Kktot)          2.43666E+04+- 0.00000E+00
    Sn115  (n,total)          6.66241E+01+- 0.00000E+00          Sn115  (n,E    )  Sn115   9.08560E+00+- 0.00000E+00
    Sn115  (n,g    )  Sn116   5.75385E+01+- 0.00000E+00          Sn116  (n,Dtot )          2.44797E+01+- 0.00000E+00
    Sn116  (n,Ddiss)          2.44797E+01+- 0.00000E+00          Sn116  (n,Ktot )          8.79684E+05+- 0.00000E+00
    Sn116  (n,Kel  )          1.89943E-03+- 0.00000E+00          Sn116  (n,Knone)          8.79684E+05+- 0.00000E+00
    Sn116  (n,Kktot)          2.80488E+01+- 0.00000E+00          Sn116  (n,total)          4.44611E+00+- 0.00000E+00
    Sn116  (n,E    )  Sn116   4.31944E+00+- 0.00000E+00          Sn116  (n,g    )  Sn117   1.26668E-01+- 0.00000E+00
    Sn117  (n,Dtot )          3.62594E+02+- 0.00000E+00          Sn117  (n,Ddiss)          3.62594E+02+- 0.00000E+00
    Sn117  (n,Ktot )          9.90666E+06+- 0.00000E+00          Sn117  (n,Kel  )          2.32326E-03+- 0.00000E+00
    Sn117  (n,Knone)          9.90666E+06+- 0.00000E+00          Sn117  (n,Kktot)          4.20597E+02+- 0.00000E+00
    Sn117  (n,total)          6.39029E+00+- 0.00000E+00          Sn117  (n,E    )  Sn117   5.32814E+00+- 0.00000E+00
    Sn117  (n,g    )  Sn118   1.06215E+00+- 0.00000E+00          Sn118  (n,Dtot )          3.62829E+01+- 0.00000E+00
    Sn118  (n,Ddiss)          3.62829E+01+- 0.00000E+00          Sn118  (n,Ktot )          1.41408E+06+- 0.00000E+00
    Sn118  (n,Kel  )          2.02520E-03+- 0.00000E+00          Sn118  (n,Knone)          1.41408E+06+- 0.00000E+00
    Sn118  (n,Kktot)          4.13943E+01+- 0.00000E+00          Sn118  (n,total)          4.90163E+00+- 0.00000E+00
    Sn118  (n,E    )  Sn118   4.68358E+00+- 0.00000E+00          Sn118  (n,g    )  Sn119   2.18053E-01+- 0.00000E+00
    Sn119  (n,Dtot )          6.92039E+02+- 0.00000E+00          Sn119  (n,Ddiss)          6.92039E+02+- 0.00000E+00
    Sn119  (n,Ktot )          1.96405E+07+- 0.00000E+00          Sn119  (n,Kel  )          2.14784E-03+- 0.00000E+00
    Sn119  (n,Knone)          1.96405E+07+- 0.00000E+00          Sn119  (n,Kktot)          8.00637E+02+- 0.00000E+00
    Sn119  (n,total)          7.16523E+00+- 0.00000E+00          Sn119  (n,E    )  Sn119   5.00868E+00+- 0.00000E+00
    Sn119  (n,g    )  Sn120   2.15655E+00+- 0.00000E+00          Sn120  (n,Dtot )          2.05871E+01+- 0.00000E+00
    Sn120  (n,Ddiss)          2.05871E+01+- 0.00000E+00          Sn120  (n,Ktot )          8.54355E+05+- 0.00000E+00
    Sn120  (n,Kel  )          2.39712E-03+- 0.00000E+00          Sn120  (n,Knone)          8.54355E+05+- 0.00000E+00
    Sn120  (n,Kktot)          2.34095E+01+- 0.00000E+00          Sn120  (n,total)          5.77456E+00+- 0.00000E+00
    Sn120  (n,E    )  Sn120   5.63614E+00+- 0.00000E+00          Sn120  (n,g    )  Sn121   1.38426E-01+- 0.00000E+00
    Sn122  (n,Dtot )          1.97305E+01+- 0.00000E+00          Sn122  (n,Ddiss)          1.97305E+01+- 0.00000E+00
    Sn122  (n,Ktot )          8.61452E+05+- 0.00000E+00          Sn122  (n,Kel  )          1.86651E-03+- 0.00000E+00
    Sn122  (n,Knone)          8.61452E+05+- 0.00000E+00          Sn122  (n,Kktot)          2.23727E+01+- 0.00000E+00
    Sn122  (n,total)          4.60544E+00+- 0.00000E+00          Sn122  (n,E    )  Sn122   4.46059E+00+- 0.00000E+00
    Sn122  (n,g    )  Sn123   1.44857E-01+- 0.00000E+00          Sn123  (n,Dtot )          8.08353E+02+- 0.00000E+00
    Sn123  (n,Ddiss)          8.08353E+02+- 0.00000E+00          Sn123  (n,Ktot )          2.52749E+07+- 0.00000E+00
    Sn123  (n,Kel  )          1.66708E-03+- 0.00000E+00          Sn123  (n,Knone)          2.52749E+07+- 0.00000E+00
    Sn123  (n,Kktot)          9.29579E+02+- 0.00000E+00          Sn123  (n,total)          6.99304E+00+- 0.00000E+00
    Sn123  (n,E    )  Sn123   4.01641E+00+- 0.00000E+00          Sn123  (n,g    )  Sn124   2.97663E+00+- 0.00000E+00
    Sn124  (n,Dtot )          1.65757E+01+- 0.00000E+00          Sn124  (n,Ddiss)          1.65757E+01+- 0.00000E+00
    Sn124  (n,Ktot )          7.60784E+05+- 0.00000E+00          Sn124  (n,Kel  )          1.97869E-03+- 0.00000E+00
    Sn124  (n,Knone)          7.60784E+05+- 0.00000E+00          Sn124  (n,Kktot)          1.87455E+01+- 0.00000E+00
    Sn124  (n,total)          4.93774E+00+- 0.00000E+00          Sn124  (n,E    )  Sn124   4.80506E+00+- 0.00000E+00
    Sn124  (n,g    )  Sn125   1.32682E-01+- 0.00000E+00          Sn125  (n,Dtot )          1.84450E+00+- 0.00000E+00
    Sn125  (n,Ddiss)          1.84450E+00+- 0.00000E+00          Sn125  (n,Ktot )          1.20568E+06+- 0.00000E+00
    Sn125  (n,Kel  )          1.75936E-03+- 0.00000E+00          Sn125  (n,Knone)          1.20568E+06+- 0.00000E+00
    Sn125  (n,Kphot)          1.20568E+06+- 0.00000E+00          Sn125  (n,Kktot)          1.20568E+06+- 0.00000E+00
    Sn125  (n,total)          4.45561E+00+- 0.00000E+00          Sn125  (n,E    )  Sn125   4.30657E+00+- 0.00000E+00
    Sn125  (n,g    )  Sn126   1.49042E-01+- 0.00000E+00          Sn126  (n,Dtot )          1.06722E+01+- 0.00000E+00
    Sn126  (n,Ddiss)          1.06722E+01+- 0.00000E+00          Sn126  (n,Ktot )          5.04351E+05+- 0.00000E+00
    Sn126  (n,Kel  )          1.62782E-03+- 0.00000E+00          Sn126  (n,Knone)          5.04351E+05+- 0.00000E+00
    Sn126  (n,Kktot)          1.20479E+01+- 0.00000E+00          Sn126  (n,total)          4.10514E+00+- 0.00000E+00
    Sn126  (n,E    )  Sn126   4.01584E+00+- 0.00000E+00          Sn126  (n,g    )  Sn127   8.92993E-02+- 0.00000E+00
    Sb121  (n,Dtot )          1.02353E+03+- 0.00000E+00          Sb121  (n,Ddiss)          1.02353E+03+- 0.00000E+00
    Sb121  (n,Ktot )          3.89857E+07+- 0.00000E+00          Sb121  (n,Kel  )          1.70519E-03+- 0.00000E+00
    Sb121  (n,Knone)          3.89857E+07+- 0.00000E+00          Sb121  (n,Kktot)          1.16841E+03+- 0.00000E+00
    Sb121  (n,total)          9.76907E+00+- 0.00000E+00          Sb121  (n,nonel)          5.72672E+00+- 0.00000E+00
    Sb121  (n,E    )  Sb121   4.04236E+00+- 0.00000E+00          Sb121  (n,g    )  Sb122   5.72672E+00+- 0.00000E+00
    Sb123  (n,Dtot )          6.12210E+02+- 0.00000E+00          Sb123  (n,Ddiss)          6.12210E+02+- 0.00000E+00
    Sb123  (n,Ktot )          2.48612E+07+- 0.00000E+00          Sb123  (n,Kel  )          1.53303E-03+- 0.00000E+00
    Sb123  (n,Knone)          2.48612E+07+- 0.00000E+00          Sb123  (n,Kktot)          6.96477E+02+- 0.00000E+00
    Sb123  (n,total)          7.53712E+00+- 0.00000E+00          Sb123  (n,nonel)          3.84383E+00+- 0.00000E+00
    Sb123  (n,E    )  Sb123   3.69329E+00+- 0.00000E+00          Sb123  (n,g    )  Sb124   3.84383E+00+- 0.00000E+00
    Sb124  (n,Dtot )          4.88917E+03+- 0.00000E+00          Sb124  (n,Ddiss)          4.88917E+03+- 0.00000E+00
    Sb124  (n,Ktot )          1.50389E+08+- 0.00000E+00          Sb124  (n,Kel  )          1.55452E-03+- 0.00000E+00
    Sb124  (n,Knone)          1.50389E+08+- 0.00000E+00          Sb124  (n,Kktot)          5.62876E+03+- 0.00000E+00
    Sb124  (n,total)          2.10399E+01+- 0.00000E+00          Sb124  (n,E    )  Sb124   3.77531E+00+- 0.00000E+00
    Sb124  (n,g    )  Sb125   1.72646E+01+- 0.00000E+00          Sb125  (n,Dtot )          7.21652E+02+- 0.00000E+00
    Sb125  (n,Ddiss)          7.21652E+02+- 0.00000E+00          Sb125  (n,Ktot )          3.08675E+07+- 0.00000E+00
    Sb125  (n,Kel  )          1.64072E-03+- 0.00000E+00          Sb125  (n,Knone)          3.08675E+07+- 0.00000E+00
    Sb125  (n,Kktot)          8.18666E+02+- 0.00000E+00          Sb125  (n,total)          8.97718E+00+- 0.00000E+00
    Sb125  (n,E    )  Sb125   4.01610E+00+- 0.00000E+00          Sb125  (n,g    )  Sb126   4.96108E+00+- 0.00000E+00
    Sb126  (n,Dtot )          1.64617E+02+- 0.00000E+00          Sb126  (n,Ddiss)          1.64617E+02+- 0.00000E+00
    Sb126  (n,Ktot )          1.07368E+08+- 0.00000E+00          Sb126  (n,Kel  )          1.57648E-03+- 0.00000E+00
    Sb126  (n,Knone)          1.07368E+08+- 0.00000E+00          Sb126  (n,Kphot)          1.07367E+08+- 0.00000E+00
    Sb126  (n,Kktot)          1.07368E+08+- 0.00000E+00          Sb126  (n,total)          1.67897E+01+- 0.00000E+00
    Sb126  (n,E    )  Sb126   3.88957E+00+- 0.00000E+00          Sb126  (n,g    )  Sb127   1.29001E+01+- 0.00000E+00
    Te120  (n,Dtot )          4.63256E+02+- 0.00000E+00          Te120  (n,Ddiss)          4.63256E+02+- 0.00000E+00
    Te120  (n,Ktot )          1.66611E+07+- 0.00000E+00          Te120  (n,Kel  )          1.55455E-03+- 0.00000E+00
    Te120  (n,Knone)          1.66611E+07+- 0.00000E+00          Te120  (n,Kktot)          5.30724E+02+- 0.00000E+00
    Te120  (n,total)          5.97708E+00+- 0.00000E+00          Te120  (n,E    )  Te120   3.65530E+00+- 0.00000E+00
    Te120  (n,g    )  Te121   2.32178E+00+- 0.00000E+00          Te122  (n,Dtot )          5.96679E+02+- 0.00000E+00
    Te122  (n,Ddiss)          5.96679E+02+- 0.00000E+00          Te122  (n,Ktot )          2.25122E+07+- 0.00000E+00
    Te122  (n,Kel  )          7.20465E-04+- 0.00000E+00          Te122  (n,Knone)          2.25122E+07+- 0.00000E+00
    Te122  (n,Kktot)          6.81654E+02+- 0.00000E+00          Te122  (n,total)          4.96839E+00+- 0.00000E+00
    Te122  (n,E    )  Te122   1.72177E+00+- 0.00000E+00          Te122  (n,g    )  Te123   3.24662E+00+- 0.00000E+00
    Te123  (n,Dtot )          1.38073E+05+- 0.00000E+00          Te123  (n,Ddiss)          1.38073E+05+- 0.00000E+00
    Te123  (n,Ktot )          3.91240E+09+- 0.00000E+00          Te123  (n,Kel  )          3.01053E-04+- 0.00000E+00
    Te123  (n,Knone)          3.91240E+09+- 0.00000E+00          Te123  (n,Kktot)          1.60092E+05+- 0.00000E+00
    Te123  (n,Xa   )          4.61198E-05+- 0.00000E+00          Te123  (n,total)          4.15787E+02+- 0.00000E+00
    Te123  (n,a    )  Sn120   4.61171E-05+- 0.00000E+00          Te123  (n,E    )  Te123   7.25257E-01+- 0.00000E+00
    Te123  (n,g    )  Te124   4.15062E+02+- 0.00000E+00          Te124  (n,Dtot )          1.02265E+03+- 0.00000E+00
    Te124  (n,Ddiss)          1.02265E+03+- 0.00000E+00          Te124  (n,Ktot )          4.12261E+07+- 0.00000E+00
    Te124  (n,Kel  )          2.95575E-03+- 0.00000E+00          Te124  (n,Knone)          4.12261E+07+- 0.00000E+00
    Te124  (n,Kktot)          1.16418E+03+- 0.00000E+00          Te124  (n,total)          1.34506E+01+- 0.00000E+00
    Te124  (n,E    )  Te124   7.17764E+00+- 0.00000E+00          Te124  (n,g    )  Te125   6.27296E+00+- 0.00000E+00
    Te125  (n,Dtot )          3.92209E+02+- 0.00000E+00          Te125  (n,Ddiss)          3.92209E+02+- 0.00000E+00
    Te125  (n,Ktot )          1.16397E+07+- 0.00000E+00          Te125  (n,Kel  )          1.34117E-03+- 0.00000E+00
    Te125  (n,Knone)          1.16397E+07+- 0.00000E+00          Te125  (n,Kktot)          4.52463E+02+- 0.00000E+00
    Te125  (n,total)          4.55912E+00+- 0.00000E+00          Te125  (n,E    )  Te125   3.28273E+00+- 0.00000E+00
    Te125  (n,g    )  Te126   1.27640E+00+- 0.00000E+00          Te126  (n,Dtot )          6.46961E+01+- 0.00000E+00
    Te126  (n,Ddiss)          6.46961E+01+- 0.00000E+00          Te126  (n,Ktot )          2.75984E+06+- 0.00000E+00
    Te126  (n,Kel  )          1.59294E-03+- 0.00000E+00          Te126  (n,Knone)          2.75984E+06+- 0.00000E+00
    Te126  (n,Kktot)          7.34280E+01+- 0.00000E+00          Te126  (n,total)          4.36834E+00+- 0.00000E+00
    Te126  (n,E    )  Te126   3.92964E+00+- 0.00000E+00          Te126  (n,g    )  Te127   4.38699E-01+- 0.00000E+00
    Te127m (n,Dtot )          9.61742E+05+- 0.00000E+00          Te127m (n,Ddiss)          9.61742E+05+- 0.00000E+00
    Te127m (n,Ktot )          2.97400E+10+- 0.00000E+00          Te127m (n,Kel  )          1.46577E-03+- 0.00000E+00
    Te127m (n,Knone)          2.97400E+10+- 0.00000E+00          Te127m (n,Kktot)          1.10658E+06+- 0.00000E+00
    Te127m (n,total)          3.35732E+03+- 0.00000E+00          Te127m (n,E    )  Te127   3.64428E+00+- 0.00000E+00
    Te127m (n,g    )  Te128   3.35368E+03+- 0.00000E+00          Te128  (n,Dtot )          2.70276E+01+- 0.00000E+00
    Te128  (n,Ddiss)          2.70276E+01+- 0.00000E+00          Te128  (n,Ktot )          1.20740E+06+- 0.00000E+00
    Te128  (n,Kel  )          1.75941E-03+- 0.00000E+00          Te128  (n,Knone)          1.20740E+06+- 0.00000E+00
    Te128  (n,Kktot)          3.05992E+01+- 0.00000E+00          Te128  (n,total)          4.60657E+00+- 0.00000E+00
    Te128  (n,E    )  Te128   4.40820E+00+- 0.00000E+00          Te128  (n,g    )  Te129   1.98371E-01+- 0.00000E+00
    Te129m (n,Dtot )          4.14923E+05+- 0.00000E+00          Te129m (n,Ddiss)          4.14923E+05+- 0.00000E+00
    Te129m (n,Ktot )          1.35240E+10+- 0.00000E+00          Te129m (n,Kel  )          1.35182E-03+- 0.00000E+00
    Te129m (n,Knone)          1.35240E+10+- 0.00000E+00          Te129m (n,Kktot)          4.75941E+05+- 0.00000E+00
    Te129m (n,total)          1.59096E+03+- 0.00000E+00          Te129m (n,E    )  Te129   3.41335E+00+- 0.00000E+00
    Te129m (n,g    )  Te130   1.58754E+03+- 0.00000E+00          Te130  (n,Dtot )          2.47183E+01+- 0.00000E+00
    Te130  (n,Ddiss)          2.47183E+01+- 0.00000E+00          Te130  (n,Ktot )          1.14844E+06+- 0.00000E+00
    Te130  (n,Kel  )          1.81021E-03+- 0.00000E+00          Te130  (n,Knone)          1.14844E+06+- 0.00000E+00
    Te130  (n,Kktot)          2.79236E+01+- 0.00000E+00          Te130  (n,total)          4.79904E+00+- 0.00000E+00
    Te130  (n,E    )  Te130   4.60538E+00+- 0.00000E+00          Te130  (n,g    )  Te131   1.93658E-01+- 0.00000E+00
    Te132  (n,Dtot )          4.84431E+00+- 0.00000E+00          Te132  (n,Ddiss)          4.84431E+00+- 0.00000E+00
    Te132  (n,Ktot )          7.18795E+05+- 0.00000E+00          Te132  (n,Kel  )          2.07125E-03+- 0.00000E+00
    Te132  (n,Knone)          7.18795E+05+- 0.00000E+00          Te132  (n,Kphot)          7.18789E+05+- 0.00000E+00
    Te132  (n,Kktot)          7.18795E+05+- 0.00000E+00          Te132  (n,total)          5.47721E+00+- 0.00000E+00
    Te132  (n,E    )  Te132   5.35330E+00+- 0.00000E+00          Te132  (n,g    )  Te133   1.23908E-01+- 0.00000E+00
    I 127  (n,Dtot )          1.04679E+03+- 0.00000E+00          I 127  (n,Ddiss)          1.04679E+03+- 0.00000E+00
    I 127  (n,Ktot )          4.16160E+07+- 0.00000E+00          I 127  (n,Kel  )          1.50078E-03+- 0.00000E+00
    I 127  (n,Knone)          4.16160E+07+- 0.00000E+00          I 127  (n,Kphot)          3.27559E-03+- 0.00000E+00
    I 127  (n,Kktot)          1.19204E+03+- 0.00000E+00          I 127  (n,Xp   )          1.40677E-08+- 0.00000E+00
    I 127  (n,Xa   )          1.65354E-08+- 0.00000E+00          I 127  (n,total)          9.82800E+00+- 0.00000E+00
    I 127  (n,a    )  Sb124   1.28525E-08+- 0.00000E+00          I 127  (n,a    )  Sb124m  1.84676E-09+- 0.00000E+00
    I 127  (n,a    )  Sb124n  1.83636E-09+- 0.00000E+00          I 127  (n,p    )  Te127   1.40680E-08+- 0.00000E+00
    I 127  (n,E    )  I 127   3.73129E+00+- 2.00000E+01          I 127  (n,g    )  I 128   6.09671E+00+- 6.60000E+00
    I 129  (n,Dtot )          4.58830E+03+- 0.00000E+00          I 129  (n,Ddiss)          4.58830E+03+- 0.00000E+00
    I 129  (n,Ktot )          1.94971E+08+- 0.00000E+00          I 129  (n,Kel  )          4.06577E-03+- 0.00000E+00
    I 129  (n,Knone)          1.94971E+08+- 0.00000E+00          I 129  (n,Kktot)          5.20672E+03+- 0.00000E+00
    I 129  (n,total)          4.04279E+01+- 0.00000E+00          I 129  (n,E    )  I 129   1.02653E+01+- 2.00000E+01
    I 129  (n,g    )  I 130   3.01626E+01+- 1.33000E+01          I 130  (n,Dtot )          4.19414E+02+- 0.00000E+00
    I 130  (n,Ddiss)          4.19414E+02+- 0.00000E+00          I 130  (n,Ktot )          1.45254E+08+- 0.00000E+00
    I 130  (n,Kel  )          1.26611E-03+- 0.00000E+00          I 130  (n,Knone)          1.45254E+08+- 0.00000E+00
    I 130  (n,Kphot)          1.45253E+08+- 0.00000E+00          I 130  (n,Kktot)          1.45254E+08+- 0.00000E+00
    I 130  (n,total)          2.05324E+01+- 0.00000E+00          I 130  (n,E    )  I 130   3.22142E+00+- 0.00000E+00
    I 130  (n,g    )  I 131   1.73110E+01+- 0.00000E+00          I 131  (n,Dtot )          1.14161E+04+- 0.00000E+00
    I 131  (n,Ddiss)          1.14161E+04+- 0.00000E+00          I 131  (n,Ktot )          5.02213E+08+- 0.00000E+00
    I 131  (n,Kel  )          1.40974E-03+- 0.00000E+00          I 131  (n,Knone)          5.02213E+08+- 0.00000E+00
    I 131  (n,Kktot)          1.29283E+04+- 0.00000E+00          I 131  (n,total)          8.29908E+01+- 0.00000E+00
    I 131  (n,E    )  I 131   3.61373E+00+- 0.00000E+00          I 131  (n,g    )  I 132   7.93771E+01+- 0.00000E+00
    I 135  (n,Dtot )          4.08091E+03+- 0.00000E+00          I 135  (n,Ddiss)          4.08091E+03+- 0.00000E+00
    I 135  (n,Ktot )          3.01689E+08+- 0.00000E+00          I 135  (n,Kel  )          3.83965E-03+- 0.00000E+00
    I 135  (n,Knone)          3.01689E+08+- 0.00000E+00          I 135  (n,Kktot)          4.52786E+03+- 0.00000E+00
    I 135  (n,total)          8.95160E+01+- 0.00000E+00          I 135  (n,E    )  I 135   1.01400E+01+- 0.00000E+00
    I 135  (n,g    )  I 136   7.93761E+01+- 0.00000E+00          Xe123  (n,Dtot )          3.36316E+04+- 0.00000E+00
    Xe123  (n,Ddiss)          3.36316E+04+- 0.00000E+00          Xe123  (n,Ktot )          8.72439E+08+- 0.00000E+00
    Xe123  (n,Kel  )          4.81652E-03+- 0.00000E+00          Xe123  (n,Knone)          8.72439E+08+- 0.00000E+00
    Xe123  (n,Kktot)          3.91607E+04+- 0.00000E+00          Xe123  (n,Xp   )          2.45592E-01+- 0.00000E+00
    Xe123  (n,Xa   )          9.36536E-01+- 0.00000E+00          Xe123  (n,total)          9.50541E+01+- 0.00000E+00
    Xe123  (n,a    )  Te120   9.36536E-01+- 0.00000E+00          Xe123  (n,p    )  I 123   2.45592E-01+- 0.00000E+00
    Xe123  (n,E    )  Xe123   1.16039E+01+- 0.00000E+00          Xe123  (n,g    )  Xe124   8.22680E+01+- 0.00000E+00
    Xe124  (n,Dtot )          3.22764E+04+- 0.00000E+00          Xe124  (n,Ddiss)          3.22764E+04+- 0.00000E+00
    Xe124  (n,Ktot )          1.13294E+09+- 0.00000E+00          Xe124  (n,Kel  )          5.39547E-05+- 0.00000E+00
    Xe124  (n,Knone)          1.13294E+09+- 0.00000E+00          Xe124  (n,Kktot)          3.70155E+04+- 0.00000E+00
    Xe124  (n,Xp   )          5.50370E-11+- 0.00000E+00          Xe124  (n,Xa   )          1.51759E-05+- 0.00000E+00
    Xe124  (n,total)          1.49125E+02+- 0.00000E+00          Xe124  (n,a    )  Te121   1.51762E-05+- 0.00000E+00
    Xe124  (n,p    )  I 124   5.50390E-11+- 0.00000E+00          Xe124  (n,E    )  Xe124   1.31027E-01+- 0.00000E+00
    Xe124  (n,g    )  Xe125   1.48994E+02+- 0.00000E+00          Xe126  (n,Dtot )          6.68443E+02+- 0.00000E+00
    Xe126  (n,Ddiss)          6.68443E+02+- 0.00000E+00          Xe126  (n,Ktot )          2.49976E+07+- 0.00000E+00
    Xe126  (n,Kel  )          2.05215E-03+- 0.00000E+00          Xe126  (n,Knone)          2.49976E+07+- 0.00000E+00
    Xe126  (n,Kktot)          7.63920E+02+- 0.00000E+00          Xe126  (n,total)          8.52192E+00+- 0.00000E+00
    Xe126  (n,E    )  Xe126   5.06253E+00+- 0.00000E+00          Xe126  (n,g    )  Xe127   3.45939E+00+- 0.00000E+00
    Xe128  (n,Dtot )          8.98285E+02+- 0.00000E+00          Xe128  (n,Ddiss)          8.98285E+02+- 0.00000E+00
    Xe128  (n,Ktot )          3.55794E+07+- 0.00000E+00          Xe128  (n,Kel  )          2.73641E-03+- 0.00000E+00
    Xe128  (n,Knone)          3.55794E+07+- 0.00000E+00          Xe128  (n,Kktot)          1.02337E+03+- 0.00000E+00
    Xe128  (n,total)          1.20062E+01+- 0.00000E+00          Xe128  (n,E    )  Xe128   6.85602E+00+- 0.00000E+00
    Xe128  (n,g    )  Xe129   5.15022E+00+- 0.00000E+00          Xe129  (n,Dtot )          6.39727E+03+- 0.00000E+00
    Xe129  (n,Ddiss)          6.39727E+03+- 0.00000E+00          Xe129  (n,Ktot )          1.92855E+08+- 0.00000E+00
    Xe129  (n,Kel  )          1.41218E-03+- 0.00000E+00          Xe129  (n,Knone)          1.92855E+08+- 0.00000E+00
    Xe129  (n,Kktot)          7.37472E+03+- 0.00000E+00          Xe129  (n,total)          2.44013E+01+- 0.00000E+00
    Xe129  (n,E    )  Xe129   3.56551E+00+- 0.00000E+00          Xe129  (n,g    )  Xe130   2.08358E+01+- 0.00000E+00
    Xe130  (n,Dtot )          7.46638E+02+- 0.00000E+00          Xe130  (n,Ddiss)          7.46638E+02+- 0.00000E+00
    Xe130  (n,Ktot )          3.13099E+07+- 0.00000E+00          Xe130  (n,Kel  )          2.46159E-03+- 0.00000E+00
    Xe130  (n,Knone)          3.13099E+07+- 0.00000E+00          Xe130  (n,Kktot)          8.48017E+02+- 0.00000E+00
    Xe130  (n,total)          1.10020E+01+- 0.00000E+00          Xe130  (n,E    )  Xe130   6.26248E+00+- 0.00000E+00
    Xe130  (n,g    )  Xe131   4.73953E+00+- 0.00000E+00          Xe131  (n,Dtot )          2.22733E+03+- 0.00000E+00
    Xe131  (n,Ddiss)          2.22733E+03+- 0.00000E+00          Xe131  (n,Ktot )          8.03020E+08+- 0.00000E+00
    Xe131  (n,Kel  )          3.85513E-04+- 0.00000E+00          Xe131  (n,Knone)          8.03020E+08+- 0.00000E+00
    Xe131  (n,Kphot)          8.03017E+08+- 0.00000E+00          Xe131  (n,Kktot)          8.03020E+08+- 0.00000E+00
    Xe131  (n,total)          9.04950E+01+- 0.00000E+00          Xe131  (n,E    )  Xe131   1.18711E+00+- 2.00000E+01
    Xe131  (n,g    )  Xe132   8.93079E+01+- 1.50000E+01          Xe132  (n,Dtot )          6.60385E+01+- 0.00000E+00
    Xe132  (n,Ddiss)          6.60385E+01+- 0.00000E+00          Xe132  (n,Ktot )          2.87827E+06+- 0.00000E+00
    Xe132  (n,Kel  )          1.46081E-03+- 0.00000E+00          Xe132  (n,Knone)          2.87827E+06+- 0.00000E+00
    Xe132  (n,Kktot)          7.48407E+01+- 0.00000E+00          Xe132  (n,total)          4.21973E+00+- 0.00000E+00
    Xe132  (n,E    )  Xe132   3.77271E+00+- 2.00000E+01          Xe132  (n,g    )  Xe133   4.47017E-01+- 2.00000E+01
    Xe133  (n,Dtot )          4.80422E+04+- 0.00000E+00          Xe133  (n,Ddiss)          4.80422E+04+- 0.00000E+00
    Xe133  (n,Ktot )          1.60905E+09+- 0.00000E+00          Xe133  (n,Kel  )          1.38877E-03+- 0.00000E+00
    Xe133  (n,Knone)          1.60905E+09+- 0.00000E+00          Xe133  (n,Kktot)          5.50432E+04+- 0.00000E+00
    Xe133  (n,total)          1.92134E+02+- 0.00000E+00          Xe133  (n,E    )  Xe133   3.61377E+00+- 0.00000E+00
    Xe133  (n,g    )  Xe134   1.88521E+02+- 0.00000E+00          Xe134  (n,Dtot )          3.84462E+01+- 0.00000E+00
    Xe134  (n,Ddiss)          3.84462E+01+- 0.00000E+00          Xe134  (n,Ktot )          1.69545E+06+- 0.00000E+00
    Xe134  (n,Kel  )          1.72222E-03+- 0.00000E+00          Xe134  (n,Knone)          1.69545E+06+- 0.00000E+00
    Xe134  (n,Kktot)          4.35244E+01+- 0.00000E+00          Xe134  (n,total)          4.77723E+00+- 0.00000E+00
    Xe134  (n,E    )  Xe134   4.51449E+00+- 2.00000E+01          Xe134  (n,g    )  Xe135   2.62742E-01+- 1.00000E+01
    Xe135  (n,Dtot )          5.88127E+08+- 0.00000E+00          Xe135  (n,Ddiss)          5.88127E+08+- 0.00000E+00
    Xe135  (n,Ktot )          2.12680E+13+- 0.00000E+00          Xe135  (n,Kel  )          1.14211E+02+- 0.00000E+00
    Xe135  (n,Knone)          2.12680E+13+- 0.00000E+00          Xe135  (n,Kktot)          6.71139E+08+- 0.00000E+00
    Xe135  (n,total)          2.96316E+06+- 0.00000E+00          Xe135  (n,E    )  Xe135   3.01542E+05+- 0.00000E+00
    Xe135  (n,g    )  Xe136   2.66162E+06+- 0.00000E+00          Xe136  (n,Dtot )          1.47763E+01+- 0.00000E+00
    Xe136  (n,Ddiss)          1.47763E+01+- 0.00000E+00          Xe136  (n,Ktot )          1.04103E+06+- 0.00000E+00
    Xe136  (n,Kel  )          3.09969E-03+- 0.00000E+00          Xe136  (n,Knone)          1.04103E+06+- 0.00000E+00
    Xe136  (n,Kktot)          1.64295E+01+- 0.00000E+00          Xe136  (n,total)          8.50330E+00+- 0.00000E+00
    Xe136  (n,E    )  Xe136   8.24467E+00+- 0.00000E+00          Xe136  (n,g    )  Xe137   2.58630E-01+- 0.00000E+00
    Cs133  (n,Dtot )          6.22688E+02+- 0.00000E+00          Cs133  (n,Ddiss)          6.22688E+02+- 0.00000E+00
    Cs133  (n,Ktot )          1.99147E+08+- 0.00000E+00          Cs133  (n,Kel  )          1.28243E-03+- 0.00000E+00
    Cs133  (n,Knone)          1.99147E+08+- 0.00000E+00          Cs133  (n,Kphot)          1.99146E+08+- 0.00000E+00
    Cs133  (n,Kktot)          1.99147E+08+- 0.00000E+00          Cs133  (n,total)          3.28066E+01+- 1.30000E+00
    Cs133  (n,E    )  Cs133   3.98584E+00+- 1.30000E+00          Cs133  (n,g    )  Cs134   2.88207E+01+- 3.70000E+00
    Cs134  (n,Dtot )          3.74428E+04+- 0.00000E+00          Cs134  (n,Ddiss)          3.74428E+04+- 0.00000E+00
    Cs134  (n,Ktot )          1.22328E+09+- 0.00000E+00          Cs134  (n,Kel  )          8.66938E-03+- 0.00000E+00
    Cs134  (n,Knone)          1.22328E+09+- 0.00000E+00          Cs134  (n,Kktot)          4.29618E+04+- 0.00000E+00
    Cs134  (n,total)          1.61290E+02+- 0.00000E+00          Cs134  (n,E    )  Cs134   2.27248E+01+- 0.00000E+00
    Cs134  (n,g    )  Cs135   1.38565E+02+- 0.00000E+00          Cs135  (n,Dtot )          1.36906E+03+- 0.00000E+00
    Cs135  (n,Ddiss)          1.36906E+03+- 0.00000E+00          Cs135  (n,Ktot )          5.81230E+07+- 0.00000E+00
    Cs135  (n,Kel  )          2.41497E-03+- 0.00000E+00          Cs135  (n,Knone)          5.81230E+07+- 0.00000E+00
    Cs135  (n,Kktot)          1.55275E+03+- 0.00000E+00          Cs135  (n,total)          1.49685E+01+- 5.00000E+01
    Cs135  (n,E    )  Cs135   6.37679E+00+- 5.00000E+01          Cs135  (n,g    )  Cs136   8.59169E+00+- 3.60000E+00
    Cs136  (n,Dtot )          3.02908E+03+- 0.00000E+00          Cs136  (n,Ddiss)          3.02908E+03+- 0.00000E+00
    Cs136  (n,Ktot )          1.06726E+08+- 0.00000E+00          Cs136  (n,Kel  )          1.32071E-03+- 0.00000E+00
    Cs136  (n,Knone)          1.06726E+08+- 0.00000E+00          Cs136  (n,Kktot)          3.46172E+03+- 0.00000E+00
    Cs136  (n,total)          1.64116E+01+- 0.00000E+00          Cs136  (n,E    )  Cs136   3.51286E+00+- 0.00000E+00
    Cs136  (n,g    )  Cs137   1.28988E+01+- 0.00000E+00          Cs137  (n,Dtot )          1.58866E+01+- 0.00000E+00
    Cs137  (n,Ddiss)          1.58866E+01+- 0.00000E+00          Cs137  (n,Ktot )          1.06210E+06+- 0.00000E+00
    Cs137  (n,Kel  )          1.32240E-03+- 0.00000E+00          Cs137  (n,Knone)          1.06210E+06+- 0.00000E+00
    Cs137  (n,Kktot)          1.76995E+01+- 0.00000E+00          Cs137  (n,total)          3.79113E+00+- 0.00000E+00
    Cs137  (n,E    )  Cs137   3.54308E+00+- 0.00000E+00          Cs137  (n,g    )  Cs138   2.48054E-01+- 0.00000E+00
    Ba130  (n,Dtot )          1.73463E+03+- 0.00000E+00          Ba130  (n,Ddiss)          1.73463E+03+- 0.00000E+00
    Ba130  (n,Ktot )          6.45268E+07+- 0.00000E+00          Ba130  (n,Kel  )          3.90630E-04+- 0.00000E+00
    Ba130  (n,Knone)          6.45268E+07+- 0.00000E+00          Ba130  (n,Kktot)          1.98280E+03+- 0.00000E+00
    Ba130  (n,total)          9.60311E+00+- 0.00000E+00          Ba130  (n,E    )  Ba130   9.93805E-01+- 0.00000E+00
    Ba130  (n,g    )  Ba131   8.60931E+00+- 0.00000E+00          Ba132  (n,Dtot )          1.18608E+03+- 0.00000E+00
    Ba132  (n,Ddiss)          1.18608E+03+- 0.00000E+00          Ba132  (n,Ktot )          4.65692E+07+- 0.00000E+00
    Ba132  (n,Kel  )          3.04168E-03+- 0.00000E+00          Ba132  (n,Knone)          4.65692E+07+- 0.00000E+00
    Ba132  (n,Kktot)          1.35173E+03+- 0.00000E+00          Ba132  (n,total)          1.43344E+01+- 0.00000E+00
    Ba132  (n,E    )  Ba132   7.85562E+00+- 0.00000E+00          Ba132  (n,g    )  Ba133   6.47879E+00+- 0.00000E+00
    Ba133  (n,Dtot )          8.96306E+01+- 0.00000E+00          Ba133  (n,Ddiss)          8.96306E+01+- 0.00000E+00
    Ba133  (n,Ktot )          2.65490E+07+- 0.00000E+00          Ba133  (n,Kel  )          9.46498E-04+- 0.00000E+00
    Ba133  (n,Knone)          2.65490E+07+- 0.00000E+00          Ba133  (n,Kphot)          2.65489E+07+- 0.00000E+00
    Ba133  (n,Kktot)          2.65490E+07+- 0.00000E+00          Ba133  (n,total)          5.25386E+00+- 0.00000E+00
    Ba133  (n,E    )  Ba133   2.46274E+00+- 0.00000E+00          Ba133  (n,g    )  Ba134   2.79112E+00+- 0.00000E+00
    Ba134  (n,Dtot )          2.53925E+02+- 0.00000E+00          Ba134  (n,Ddiss)          2.53925E+02+- 0.00000E+00
    Ba134  (n,Ktot )          1.04050E+07+- 0.00000E+00          Ba134  (n,Kel  )          1.99254E-03+- 0.00000E+00
    Ba134  (n,Knone)          1.04050E+07+- 0.00000E+00          Ba134  (n,Kktot)          2.88687E+02+- 0.00000E+00
    Ba134  (n,total)          6.71484E+00+- 0.00000E+00          Ba134  (n,E    )  Ba134   5.22286E+00+- 0.00000E+00
    Ba134  (n,g    )  Ba135   1.49198E+00+- 0.00000E+00          Ba135  (n,Dtot )          1.66069E+03+- 0.00000E+00
    Ba135  (n,Ddiss)          1.66069E+03+- 0.00000E+00          Ba135  (n,Ktot )          5.30486E+07+- 0.00000E+00
    Ba135  (n,Kel  )          1.04143E-03+- 0.00000E+00          Ba135  (n,Knone)          5.30486E+07+- 0.00000E+00
    Ba135  (n,Kktot)          1.90806E+03+- 0.00000E+00          Ba135  (n,total)          8.57417E+00+- 0.00000E+00
    Ba135  (n,E    )  Ba135   2.74991E+00+- 0.00000E+00          Ba135  (n,g    )  Ba136   5.82426E+00+- 0.00000E+00
    Ba136  (n,Dtot )          1.10798E+02+- 0.00000E+00          Ba136  (n,Ddiss)          1.10798E+02+- 0.00000E+00
    Ba136  (n,Ktot )          4.65009E+06+- 0.00000E+00          Ba136  (n,Kel  )          1.12957E-03+- 0.00000E+00
    Ba136  (n,Knone)          4.65009E+06+- 0.00000E+00          Ba136  (n,Kktot)          1.25765E+02+- 0.00000E+00
    Ba136  (n,total)          3.67843E+00+- 0.00000E+00          Ba136  (n,E    )  Ba136   3.00441E+00+- 0.00000E+00
    Ba136  (n,g    )  Ba137   6.74026E-01+- 0.00000E+00          Ba137  (n,Dtot )          8.99563E+02+- 0.00000E+00
    Ba137  (n,Ddiss)          8.99563E+02+- 0.00000E+00          Ba137  (n,Ktot )          3.07255E+07+- 0.00000E+00
    Ba137  (n,Kel  )          2.32778E-03+- 0.00000E+00          Ba137  (n,Knone)          3.07255E+07+- 0.00000E+00
    Ba137  (n,Kktot)          1.02980E+03+- 0.00000E+00          Ba137  (n,total)          9.80404E+00+- 0.00000E+00
    Ba137  (n,E    )  Ba137   6.23633E+00+- 0.00000E+00          Ba137  (n,g    )  Ba138   3.56770E+00+- 0.00000E+00
    Ba138  (n,Dtot )          3.08699E+01+- 0.00000E+00          Ba138  (n,Ddiss)          3.08699E+01+- 0.00000E+00
    Ba138  (n,Ktot )          1.89069E+06+- 0.00000E+00          Ba138  (n,Kel  )          1.51155E-03+- 0.00000E+00
    Ba138  (n,Knone)          1.89069E+06+- 0.00000E+00          Ba138  (n,Kktot)          3.45098E+01+- 0.00000E+00
    Ba138  (n,total)          4.47892E+00+- 0.00000E+00          Ba138  (n,E    )  Ba138   4.07867E+00+- 0.00000E+00
    Ba138  (n,g    )  Ba139   4.00246E-01+- 0.00000E+00          Ba140  (n,Dtot )          1.25548E+02+- 0.00000E+00
    Ba140  (n,Ddiss)          1.25548E+02+- 0.00000E+00          Ba140  (n,Ktot )          7.63397E+06+- 0.00000E+00
    Ba140  (n,Kel  )          6.93983E-04+- 0.00000E+00          Ba140  (n,Knone)          7.63397E+06+- 0.00000E+00
    Ba140  (n,Kktot)          1.40311E+02+- 0.00000E+00          Ba140  (n,total)          3.48140E+00+- 0.00000E+00
    Ba140  (n,E    )  Ba140   1.89944E+00+- 0.00000E+00          Ba140  (n,g    )  Ba141   1.58196E+00+- 0.00000E+00
    La138  (n,Dtot )          1.47222E+04+- 0.00000E+00          La138  (n,Ddiss)          1.47222E+04+- 0.00000E+00
    La138  (n,Ktot )          4.97276E+08+- 0.00000E+00          La138  (n,Kel  )          4.82619E-03+- 0.00000E+00
    La138  (n,Knone)          4.97276E+08+- 0.00000E+00          La138  (n,Kktot)          1.68675E+04+- 0.00000E+00
    La138  (n,total)          6.96655E+01+- 0.00000E+00          La138  (n,E    )  La138   1.30229E+01+- 0.00000E+00
    La138  (n,g    )  La139   5.66425E+01+- 0.00000E+00          La139  (n,Dtot )          8.17086E+02+- 0.00000E+00
    La139  (n,Ddiss)          8.17086E+02+- 0.00000E+00          La139  (n,Ktot )          4.62831E+07+- 0.00000E+00
    La139  (n,Kel  )          3.75520E-03+- 0.00000E+00          La139  (n,Knone)          4.62831E+07+- 0.00000E+00
    La139  (n,Kktot)          9.16295E+02+- 0.00000E+00          La139  (n,total)          1.91735E+01+- 0.00000E+00
    La139  (n,E    )  La139   1.02051E+01+- 2.17296E+00          La139  (n,g    )  La140   8.96833E+00+- 4.42308E-01
    La140  (n,Dtot )          5.07039E+01+- 0.00000E+00          La140  (n,Ddiss)          5.07039E+01+- 0.00000E+00
    La140  (n,Ktot )          1.75351E+07+- 0.00000E+00          La140  (n,Kel  )          7.23251E-04+- 0.00000E+00
    La140  (n,Knone)          1.75351E+07+- 0.00000E+00          La140  (n,Kphot)          1.75350E+07+- 0.00000E+00
    La140  (n,Kktot)          1.75351E+07+- 0.00000E+00          La140  (n,total)          4.66154E+00+- 0.00000E+00
    La140  (n,E    )  La140   1.97956E+00+- 0.00000E+00          La140  (n,g    )  La141   2.68198E+00+- 0.00000E+00
    Ce136  (n,Dtot )          1.97934E+02+- 0.00000E+00          Ce136  (n,Ddiss)          1.97934E+02+- 0.00000E+00
    Ce136  (n,Ktot )          5.51684E+07+- 0.00000E+00          Ce136  (n,Kel  )          1.57623E-03+- 0.00000E+00
    Ce136  (n,Knone)          5.51684E+07+- 0.00000E+00          Ce136  (n,Kphot)          5.51681E+07+- 0.00000E+00
    Ce136  (n,Kktot)          5.51684E+07+- 0.00000E+00          Ce136  (n,total)          1.15907E+01+- 0.00000E+00
    Ce136  (n,E    )  Ce136   4.19351E+00+- 0.00000E+00          Ce136  (n,g    )  Ce137   7.39715E+00+- 0.00000E+00
    Ce138  (n,Dtot )          3.19108E+01+- 0.00000E+00          Ce138  (n,Ddiss)          3.19108E+01+- 0.00000E+00
    Ce138  (n,Ktot )          7.58506E+06+- 0.00000E+00          Ce138  (n,Kel  )          9.61978E-04+- 0.00000E+00
    Ce138  (n,Knone)          7.58506E+06+- 0.00000E+00          Ce138  (n,Kphot)          7.58502E+06+- 0.00000E+00
    Ce138  (n,Kktot)          7.58506E+06+- 0.00000E+00          Ce138  (n,total)          3.62446E+00+- 0.00000E+00
    Ce138  (n,E    )  Ce138   2.59578E+00+- 0.00000E+00          Ce138  (n,g    )  Ce139   1.02868E+00+- 0.00000E+00
    Ce139  (n,Dtot )          1.28580E+04+- 0.00000E+00          Ce139  (n,Ddiss)          1.28580E+04+- 0.00000E+00
    Ce139  (n,Ktot )          4.58239E+09+- 0.00000E+00          Ce139  (n,Kel  )          1.08319E-02+- 0.00000E+00
    Ce139  (n,Knone)          4.58239E+09+- 0.00000E+00          Ce139  (n,Kphot)          4.58237E+09+- 0.00000E+00
    Ce139  (n,Kktot)          4.58239E+09+- 0.00000E+00          Ce139  (n,total)          5.25411E+02+- 0.00000E+00
    Ce139  (n,E    )  Ce139   2.94377E+01+- 0.00000E+00          Ce139  (n,g    )  Ce140   4.95973E+02+- 0.00000E+00
    Ce140  (n,Dtot )          5.72390E+01+- 0.00000E+00          Ce140  (n,Ddiss)          5.72390E+01+- 0.00000E+00
    Ce140  (n,Ktot )          3.10997E+06+- 0.00000E+00          Ce140  (n,Kel  )          1.32101E-03+- 0.00000E+00
    Ce140  (n,Knone)          3.10997E+06+- 0.00000E+00          Ce140  (n,Kktot)          6.43090E+01+- 0.00000E+00
    Ce140  (n,total)          4.18838E+00+- 0.00000E+00          Ce140  (n,E    )  Ce140   3.61552E+00+- 0.00000E+00
    Ce140  (n,g    )  Ce141   5.72858E-01+- 0.00000E+00          Ce141  (n,Dtot )          4.92851E+03+- 0.00000E+00
    Ce141  (n,Ddiss)          4.92851E+03+- 0.00000E+00          Ce141  (n,Ktot )          2.06294E+08+- 0.00000E+00
    Ce141  (n,Kel  )          2.55162E-03+- 0.00000E+00          Ce141  (n,Knone)          2.06294E+08+- 0.00000E+00
    Ce141  (n,Kktot)          5.59332E+03+- 0.00000E+00          Ce141  (n,Xa   )          1.09310E-12+- 0.00000E+00
    Ce141  (n,total)          3.58078E+01+- 0.00000E+00          Ce141  (n,a    )  Ba138   1.08500E-12+- 0.00000E+00
    Ce141  (n,E    )  Ce141   7.03304E+00+- 2.00000E+01          Ce141  (n,g    )  Ce142   2.87747E+01+- 1.03398E+01
    Ce142  (n,Dtot )          8.49479E+01+- 0.00000E+00          Ce142  (n,Ddiss)          8.49479E+01+- 0.00000E+00
    Ce142  (n,Ktot )          4.92485E+06+- 0.00000E+00          Ce142  (n,Kel  )          1.02895E-03+- 0.00000E+00
    Ce142  (n,Knone)          4.92485E+06+- 0.00000E+00          Ce142  (n,Kktot)          9.51567E+01+- 0.00000E+00
    Ce142  (n,total)          3.81315E+00+- 0.00000E+00          Ce142  (n,E    )  Ce142   2.85592E+00+- 0.00000E+00
    Ce142  (n,g    )  Ce143   9.57229E-01+- 0.00000E+00          Ce143  (n,Dtot )          1.10302E+02+- 0.00000E+00
    Ce143  (n,Ddiss)          1.10302E+02+- 0.00000E+00          Ce143  (n,Ktot )          4.03364E+07+- 0.00000E+00
    Ce143  (n,Kel  )          2.89703E-03+- 0.00000E+00          Ce143  (n,Knone)          4.03364E+07+- 0.00000E+00
    Ce143  (n,Kphot)          4.03362E+07+- 0.00000E+00          Ce143  (n,Kktot)          4.03364E+07+- 0.00000E+00
    Ce143  (n,total)          1.40497E+01+- 0.00000E+00          Ce143  (n,E    )  Ce143   8.09693E+00+- 0.00000E+00
    Ce143  (n,g    )  Ce144   5.95274E+00+- 0.00000E+00          Ce144  (n,Dtot )          7.46298E+01+- 0.00000E+00
    Ce144  (n,Ddiss)          7.46298E+01+- 0.00000E+00          Ce144  (n,Ktot )          4.72373E+06+- 0.00000E+00
    Ce144  (n,Kel  )          9.91262E-04+- 0.00000E+00          Ce144  (n,Knone)          4.72373E+06+- 0.00000E+00
    Ce144  (n,Kktot)          8.32887E+01+- 0.00000E+00          Ce144  (n,total)          3.78195E+00+- 0.00000E+00
    Ce144  (n,E    )  Ce144   2.78973E+00+- 0.00000E+00          Ce144  (n,g    )  Ce145   9.92214E-01+- 0.00000E+00
    Pr141  (n,Dtot )          1.77228E+02+- 0.00000E+00          Pr141  (n,Ddiss)          1.77228E+02+- 0.00000E+00
    Pr141  (n,Ktot )          6.79062E+07+- 0.00000E+00          Pr141  (n,Kel  )          8.59096E-04+- 0.00000E+00
    Pr141  (n,Knone)          6.79062E+07+- 0.00000E+00          Pr141  (n,Kphot)          6.79059E+07+- 0.00000E+00
    Pr141  (n,Kktot)          6.79062E+07+- 0.00000E+00          Pr141  (n,total)          1.41327E+01+- 2.20000E+00
    Pr141  (n,E    )  Pr141   2.71655E+00+- 2.20000E+00          Pr141  (n,g    )  Pr142   1.14161E+01+- 2.60000E+00
    Pr142  (n,Dtot )          4.54750E+02+- 0.00000E+00          Pr142  (n,Ddiss)          4.54750E+02+- 0.00000E+00
    Pr142  (n,Ktot )          1.44815E+08+- 0.00000E+00          Pr142  (n,Kel  )          1.15690E-03+- 0.00000E+00
    Pr142  (n,Knone)          1.44815E+08+- 0.00000E+00          Pr142  (n,Kphot)          1.44815E+08+- 0.00000E+00
    Pr142  (n,Kktot)          1.44815E+08+- 0.00000E+00          Pr142  (n,total)          2.30616E+01+- 0.00000E+00
    Pr142  (n,E    )  Pr142   3.21109E+00+- 0.00000E+00          Pr142  (n,g    )  Pr143   1.98505E+01+- 0.00000E+00
    Pr143  (n,Dtot )          9.79765E+03+- 0.00000E+00          Pr143  (n,Ddiss)          9.79765E+03+- 0.00000E+00
    Pr143  (n,Ktot )          5.13294E+08+- 0.00000E+00          Pr143  (n,Kel  )          1.14665E-02+- 0.00000E+00
    Pr143  (n,Knone)          5.13294E+08+- 0.00000E+00          Pr143  (n,Kktot)          1.10202E+04+- 0.00000E+00
    Pr143  (n,total)          1.21208E+02+- 0.00000E+00          Pr143  (n,E    )  Pr143   3.20474E+01+- 0.00000E+00
    Pr143  (n,g    )  Pr144   8.91611E+01+- 0.00000E+00          Nd142  (n,Dtot )          2.32964E+02+- 0.00000E+00
    Nd142  (n,Ddiss)          2.32964E+02+- 0.00000E+00          Nd142  (n,Ktot )          1.13630E+08+- 0.00000E+00
    Nd142  (n,Kel  )          2.82757E-03+- 0.00000E+00          Nd142  (n,Knone)          1.13630E+08+- 0.00000E+00
    Nd142  (n,Kphot)          1.13629E+08+- 0.00000E+00          Nd142  (n,Kktot)          1.13630E+08+- 0.00000E+00
    Nd142  (n,total)          2.65101E+01+- 0.00000E+00          Nd142  (n,E    )  Nd142   7.96243E+00+- 0.00000E+00
    Nd142  (n,g    )  Nd143   1.85477E+01+- 0.00000E+00          Nd143  (n,Dtot )          3.77820E+03+- 0.00000E+00
    Nd143  (n,Ddiss)          3.77820E+03+- 0.00000E+00          Nd143  (n,Ktot )          2.53844E+09+- 0.00000E+00
    Nd143  (n,Kel  )          2.84823E-02+- 0.00000E+00          Nd143  (n,Knone)          2.53844E+09+- 0.00000E+00
    Nd143  (n,Kphot)          2.53843E+09+- 0.00000E+00          Nd143  (n,Kktot)          2.53844E+09+- 0.00000E+00
    Nd143  (n,Xa   )          1.63873E-02+- 0.00000E+00          Nd143  (n,total)          4.02926E+02+- 2.50000E+00
    Nd143  (n,a    )  Ce140   1.63880E-02+- 0.00000E+00          Nd143  (n,E    )  Nd143   8.03633E+01+- 2.50000E+00
    Nd143  (n,g    )  Nd144   3.22547E+02+- 3.10000E+00          Nd144  (n,Dtot )          5.93269E+01+- 0.00000E+00
    Nd144  (n,Ddiss)          5.93269E+01+- 0.00000E+00          Nd144  (n,Ktot )          2.04151E+07+- 0.00000E+00
    Nd144  (n,Kel  )          5.13202E-04+- 0.00000E+00          Nd144  (n,Knone)          2.04151E+07+- 0.00000E+00
    Nd144  (n,Kphot)          2.04150E+07+- 0.00000E+00          Nd144  (n,Kktot)          2.04151E+07+- 0.00000E+00
    Nd144  (n,total)          5.01924E+00+- 0.00000E+00          Nd144  (n,E    )  Nd144   1.45343E+00+- 0.00000E+00
    Nd144  (n,g    )  Nd145   3.56581E+00+- 0.00000E+00          Nd145  (n,Dtot )          4.66831E+02+- 0.00000E+00
    Nd145  (n,Ddiss)          4.66831E+02+- 0.00000E+00          Nd145  (n,Ktot )          3.17568E+08+- 0.00000E+00
    Nd145  (n,Kel  )          5.83892E-03+- 0.00000E+00          Nd145  (n,Knone)          3.17568E+08+- 0.00000E+00
    Nd145  (n,Kphot)          3.17567E+08+- 0.00000E+00          Nd145  (n,Kktot)          3.17568E+08+- 0.00000E+00
    Nd145  (n,Xa   )          9.97623E-05+- 0.00000E+00          Nd145  (n,total)          5.83633E+01+- 6.20000E+00
    Nd145  (n,a    )  Ce142   9.97667E-05+- 0.00000E+00          Nd145  (n,E    )  Nd145   1.66992E+01+- 6.20000E+00
    Nd145  (n,g    )  Nd146   4.16640E+01+- 5.00000E+00          Nd146  (n,Dtot )          1.85049E+01+- 0.00000E+00
    Nd146  (n,Ddiss)          1.85049E+01+- 0.00000E+00          Nd146  (n,Ktot )          7.75473E+06+- 0.00000E+00
    Nd146  (n,Kel  )          3.56094E-03+- 0.00000E+00          Nd146  (n,Knone)          7.75473E+06+- 0.00000E+00
    Nd146  (n,Kphot)          7.75470E+06+- 0.00000E+00          Nd146  (n,Kktot)          7.75473E+06+- 0.00000E+00
    Nd146  (n,total)          1.17603E+01+- 4.20000E+00          Nd146  (n,E    )  Nd146   1.02826E+01+- 4.20000E+00
    Nd146  (n,g    )  Nd147   1.47765E+00+- 4.00000E+00          Nd147  (n,Dtot )          4.94899E+03+- 0.00000E+00
    Nd147  (n,Ddiss)          4.94899E+03+- 0.00000E+00          Nd147  (n,Ktot )          3.23133E+09+- 0.00000E+00
    Nd147  (n,Kel  )          3.82612E-02+- 0.00000E+00          Nd147  (n,Knone)          3.23133E+09+- 0.00000E+00
    Nd147  (n,Kphot)          3.23132E+09+- 0.00000E+00          Nd147  (n,Kktot)          3.23133E+09+- 0.00000E+00
    Nd147  (n,total)          5.48467E+02+- 0.00000E+00          Nd147  (n,E    )  Nd147   1.11439E+02+- 0.00000E+00
    Nd147  (n,g    )  Nd148   4.37028E+02+- 0.00000E+00          Nd148  (n,Dtot )          2.48187E+01+- 0.00000E+00
    Nd148  (n,Ddiss)          2.48187E+01+- 0.00000E+00          Nd148  (n,Ktot )          1.28984E+07+- 0.00000E+00
    Nd148  (n,Kel  )          1.49893E-03+- 0.00000E+00          Nd148  (n,Knone)          1.28984E+07+- 0.00000E+00
    Nd148  (n,Kphot)          1.28984E+07+- 0.00000E+00          Nd148  (n,Kktot)          1.28984E+07+- 0.00000E+00
    Nd148  (n,total)          6.95947E+00+- 1.16000E+01          Nd148  (n,E    )  Nd148   4.39593E+00+- 1.16000E+01
    Nd148  (n,g    )  Nd149   2.56354E+00+- 2.70000E+00          Nd150  (n,Dtot )          1.22116E+01+- 0.00000E+00
    Nd150  (n,Ddiss)          1.22116E+01+- 0.00000E+00          Nd150  (n,Ktot )          5.47153E+06+- 0.00000E+00
    Nd150  (n,Kel  )          1.55697E-03+- 0.00000E+00          Nd150  (n,Knone)          5.47153E+06+- 0.00000E+00
    Nd150  (n,Kphot)          5.47151E+06+- 0.00000E+00          Nd150  (n,Kktot)          5.47153E+06+- 0.00000E+00
    Nd150  (n,total)          5.66455E+00+- 0.00000E+00          Nd150  (n,E    )  Nd150   4.63212E+00+- 0.00000E+00
    Nd150  (n,g    )  Nd151   1.03243E+00+- 0.00000E+00          Pm147  (n,Dtot )          1.86942E+04+- 0.00000E+00
    Pm147  (n,Ddiss)          1.86942E+04+- 0.00000E+00          Pm147  (n,Ktot )          9.81822E+08+- 0.00000E+00
    Pm147  (n,Kel  )          7.30140E-03+- 0.00000E+00          Pm147  (n,Knone)          9.81822E+08+- 0.00000E+00
    Pm147  (n,Kktot)          2.10252E+04+- 0.00000E+00          Pm147  (n,total)          1.87336E+02+- 0.00000E+00
    Pm147  (n,E    )  Pm147   2.09704E+01+- 7.15785E+00          Pm147  (n,g    )  Pm148   1.66366E+02+- 2.08164E+00
    Pm148  (n,Dtot )          3.33150E+05+- 0.00000E+00          Pm148  (n,Ddiss)          3.33150E+05+- 0.00000E+00
    Pm148  (n,Ktot )          1.44170E+10+- 0.00000E+00          Pm148  (n,Kel  )          1.07576E-03+- 0.00000E+00
    Pm148  (n,Knone)          1.44170E+10+- 0.00000E+00          Pm148  (n,Kktot)          3.77478E+05+- 0.00000E+00
    Pm148  (n,total)          1.98754E+03+- 0.00000E+00          Pm148  (n,E    )  Pm148   3.11068E+00+- 0.00000E+00
    Pm148  (n,g    )  Pm149   1.98443E+03+- 0.00000E+00          Pm148m (n,Dtot )          1.85627E+06+- 0.00000E+00
    Pm148m (n,Dinel)          1.11020E-05+- 0.00000E+00          Pm148m (n,Ddiss)          1.85627E+06+- 0.00000E+00
    Pm148m (n,Ktot )          7.88350E+10+- 0.00000E+00          Pm148m (n,Kel  )          8.29229E-03+- 0.00000E+00
    Pm148m (n,Knone)          7.88350E+10+- 0.00000E+00          Pm148m (n,Kktot)          2.10488E+06+- 0.00000E+00
    Pm148m (n,total)          1.06653E+04+- 0.00000E+00          Pm148m (n,E    )  Pm148   2.39735E+01+- 0.00000E+00
    Pm148m (n,n    )  Pm148   1.83409E-08+- 0.00000E+00          Pm148m (n,g    )  Pm149   1.06413E+04+- 0.00000E+00
    Pm149  (n,Dtot )          1.37064E+05+- 0.00000E+00          Pm149  (n,Ddiss)          1.37064E+05+- 0.00000E+00
    Pm149  (n,Ktot )          7.72181E+09+- 0.00000E+00          Pm149  (n,Kel  )          1.10307E-03+- 0.00000E+00
    Pm149  (n,Knone)          7.72181E+09+- 0.00000E+00          Pm149  (n,Kktot)          1.53666E+05+- 0.00000E+00
    Pm149  (n,total)          1.39231E+03+- 0.00000E+00          Pm149  (n,E    )  Pm149   3.21077E+00+- 0.00000E+00
    Pm149  (n,g    )  Pm150   1.38910E+03+- 0.00000E+00          Pm151  (n,Dtot )          1.11516E+03+- 0.00000E+00
    Pm151  (n,Ddiss)          1.11516E+03+- 0.00000E+00          Pm151  (n,Ktot )          8.36662E+08+- 0.00000E+00
    Pm151  (n,Kel  )          1.92201E-03+- 0.00000E+00          Pm151  (n,Knone)          8.36662E+08+- 0.00000E+00
    Pm151  (n,Kphot)          8.36660E+08+- 0.00000E+00          Pm151  (n,Kktot)          8.36662E+08+- 0.00000E+00
    Pm151  (n,total)          1.54585E+02+- 0.00000E+00          Pm151  (n,E    )  Pm151   5.66868E+00+- 0.00000E+00
    Pm151  (n,g    )  Pm152   1.48916E+02+- 0.00000E+00          Sm144  (n,Dtot )          1.85388E+01+- 0.00000E+00
    Sm144  (n,Ddiss)          1.85388E+01+- 0.00000E+00          Sm144  (n,Ktot )          1.09471E+07+- 0.00000E+00
    Sm144  (n,Kel  )          9.72275E-04+- 0.00000E+00          Sm144  (n,Knone)          1.09471E+07+- 0.00000E+00
    Sm144  (n,Kphot)          1.09471E+07+- 0.00000E+00          Sm144  (n,Kktot)          1.09471E+07+- 0.00000E+00
    Sm144  (n,total)          4.36977E+00+- 0.00000E+00          Sm144  (n,E    )  Sm144   2.75245E+00+- 0.00000E+00
    Sm144  (n,g    )  Sm145   1.61732E+00+- 0.00000E+00          Sm147  (n,Dtot )          3.96177E+02+- 0.00000E+00
    Sm147  (n,Ddiss)          3.96177E+02+- 0.00000E+00          Sm147  (n,Ktot )          4.65294E+08+- 0.00000E+00
    Sm147  (n,Kel  )          2.46766E-03+- 0.00000E+00          Sm147  (n,Knone)          4.65294E+08+- 0.00000E+00
    Sm147  (n,Kphot)          4.65293E+08+- 0.00000E+00          Sm147  (n,Kktot)          4.65294E+08+- 0.00000E+00
    Sm147  (n,Xa   )          2.23357E-04+- 0.00000E+00          Sm147  (n,total)          6.37329E+01+- 0.00000E+00
    Sm147  (n,a    )  Nd144   2.23365E-04+- 0.00000E+00          Sm147  (n,E    )  Sm147   7.19074E+00+- 0.00000E+00
    Sm147  (n,g    )  Sm148   5.65419E+01+- 0.00000E+00          Sm148  (n,Dtot )          1.97328E+01+- 0.00000E+00
    Sm148  (n,Ddiss)          1.97328E+01+- 0.00000E+00          Sm148  (n,Ktot )          1.40394E+07+- 0.00000E+00
    Sm148  (n,Kel  )          1.52657E-03+- 0.00000E+00          Sm148  (n,Knone)          1.40394E+07+- 0.00000E+00
    Sm148  (n,Kphot)          1.40393E+07+- 0.00000E+00          Sm148  (n,Kktot)          1.40394E+07+- 0.00000E+00
    Sm148  (n,total)          6.85379E+00+- 0.00000E+00          Sm148  (n,E    )  Sm148   4.47246E+00+- 0.00000E+00
    Sm148  (n,g    )  Sm149   2.38133E+00+- 0.00000E+00          Sm149  (n,Dtot )          2.59869E+05+- 0.00000E+00
    Sm149  (n,Ddiss)          2.59869E+05+- 0.00000E+00          Sm149  (n,Ktot )          3.27230E+11+- 0.00000E+00
    Sm149  (n,Kel  )          6.33017E-02+- 0.00000E+00          Sm149  (n,Knone)          3.27230E+11+- 0.00000E+00
    Sm149  (n,Kphot)          3.27230E+11+- 0.00000E+00          Sm149  (n,Kktot)          3.27230E+11+- 0.00000E+00
    Sm149  (n,Xa   )          4.31910E-02+- 0.00000E+00          Sm149  (n,total)          4.07580E+04+- 0.00000E+00
    Sm149  (n,a    )  Nd146   4.31906E-02+- 0.00000E+00          Sm149  (n,E    )  Sm149   1.87310E+02+- 2.75541E+01
    Sm149  (n,g    )  Sm150   4.05707E+04+- 5.00000E+00          Sm150  (n,Dtot )          8.24452E+02+- 0.00000E+00
    Sm150  (n,Ddiss)          8.24452E+02+- 0.00000E+00          Sm150  (n,Ktot )          5.53787E+08+- 0.00000E+00
    Sm150  (n,Kel  )          7.64544E-03+- 0.00000E+00          Sm150  (n,Knone)          5.53787E+08+- 0.00000E+00
    Sm150  (n,Kphot)          5.53785E+08+- 0.00000E+00          Sm150  (n,Kktot)          5.53787E+08+- 0.00000E+00
    Sm150  (n,total)          1.22003E+02+- 0.00000E+00          Sm150  (n,E    )  Sm150   2.27975E+01+- 0.00000E+00
    Sm150  (n,g    )  Sm151   9.92055E+01+- 0.00000E+00          Sm151  (n,Dtot )          1.50589E+05+- 0.00000E+00
    Sm151  (n,Ddiss)          1.50589E+05+- 0.00000E+00          Sm151  (n,Ktot )          1.23220E+11+- 0.00000E+00
    Sm151  (n,Kel  )          2.02481E-02+- 0.00000E+00          Sm151  (n,Knone)          1.23220E+11+- 0.00000E+00
    Sm151  (n,Kphot)          1.23220E+11+- 0.00000E+00          Sm151  (n,Kktot)          1.23220E+11+- 0.00000E+00
    Sm151  (n,total)          1.50069E+04+- 0.00000E+00          Sm151  (n,E    )  Sm151   6.09907E+01+- 8.10848E+00
    Sm151  (n,g    )  Sm152   1.49460E+04+- 7.00000E+00          Sm152  (n,Dtot )          1.78358E+03+- 0.00000E+00
    Sm152  (n,Ddiss)          1.78358E+03+- 0.00000E+00          Sm152  (n,Ktot )          1.19620E+09+- 0.00000E+00
    Sm152  (n,Kel  )          1.02132E-03+- 0.00000E+00          Sm152  (n,Knone)          1.19620E+09+- 0.00000E+00
    Sm152  (n,Kphot)          1.19620E+09+- 0.00000E+00          Sm152  (n,Kktot)          1.19620E+09+- 0.00000E+00
    Sm152  (n,total)          2.07463E+02+- 0.00000E+00          Sm152  (n,E    )  Sm152   3.10641E+00+- 6.56328E+00
    Sm152  (n,g    )  Sm153   2.04356E+02+- 2.91203E+00          Sm153  (n,Dtot )          4.85905E+03+- 0.00000E+00
    Sm153  (n,Ddiss)          4.85905E+03+- 0.00000E+00          Sm153  (n,Ktot )          3.30543E+09+- 0.00000E+00
    Sm153  (n,Kel  )          1.36218E-03+- 0.00000E+00          Sm153  (n,Knone)          3.30543E+09+- 0.00000E+00
    Sm153  (n,Kphot)          3.30542E+09+- 0.00000E+00          Sm153  (n,Kktot)          3.30543E+09+- 0.00000E+00
    Sm153  (n,total)          4.20802E+02+- 0.00000E+00          Sm153  (n,E    )  Sm153   4.08565E+00+- 0.00000E+00
    Sm153  (n,g    )  Sm154   4.16717E+02+- 0.00000E+00          Sm154  (n,Dtot )          7.05787E+01+- 0.00000E+00
    Sm154  (n,Ddiss)          7.05787E+01+- 0.00000E+00          Sm154  (n,Ktot )          4.76483E+07+- 0.00000E+00
    Sm154  (n,Kel  )          3.51440E-03+- 0.00000E+00          Sm154  (n,Knone)          4.76483E+07+- 0.00000E+00
    Sm154  (n,Kphot)          4.76482E+07+- 0.00000E+00          Sm154  (n,Kktot)          4.76483E+07+- 0.00000E+00
    Sm154  (n,total)          1.90961E+01+- 0.00000E+00          Sm154  (n,E    )  Sm154   1.08384E+01+- 0.00000E+00
    Sm154  (n,g    )  Sm155   8.25762E+00+- 0.00000E+00          Eu151  (n,Dtot )          1.13097E+06+- 0.00000E+00
    Eu151  (n,Ddiss)          1.13097E+06+- 0.00000E+00          Eu151  (n,Ktot )          5.71600E+10+- 0.00000E+00
    Eu151  (n,Kel  )          1.58629E-03+- 0.00000E+00          Eu151  (n,Knone)          5.71600E+10+- 0.00000E+00
    Eu151  (n,Kktot)          1.27397E+06+- 0.00000E+00          Eu151  (n,Xa   )          8.64940E-06+- 0.00000E+00
    Eu151  (n,total)          9.06606E+03+- 0.00000E+00          Eu151  (n,a    )  Pm148   8.64906E-06+- 0.00000E+00
    Eu151  (n,E    )  Eu151   4.67897E+00+- 0.00000E+00          Eu151  (n,g    )  Eu152   9.06138E+03+- 0.00000E+00
    Eu152  (n,Dtot )          2.84611E+06+- 0.00000E+00          Eu152  (n,Ddiss)          2.84611E+06+- 0.00000E+00
    Eu152  (n,Ktot )          1.08050E+11+- 0.00000E+00          Eu152  (n,Kel  )          7.86979E-03+- 0.00000E+00
    Eu152  (n,Knone)          1.08050E+11+- 0.00000E+00          Eu152  (n,Kktot)          3.24255E+06+- 0.00000E+00
    Eu152  (n,total)          1.26592E+04+- 0.00000E+00          Eu152  (n,E    )  Eu152   2.33639E+01+- 0.00000E+00
    Eu152  (n,g    )  Eu153   1.26358E+04+- 0.00000E+00          Eu153  (n,Dtot )          3.03045E+03+- 0.00000E+00
    Eu153  (n,Ddiss)          3.03045E+03+- 0.00000E+00          Eu153  (n,Ktot )          6.34252E+04+- 0.00000E+00
    Eu153  (n,Kel  )          3.05502E-03+- 0.00000E+00          Eu153  (n,Knone)          6.34252E+04+- 0.00000E+00
    Eu153  (n,Kphot)          5.83143E+04+- 0.00000E+00          Eu153  (n,Kktot)          6.34252E+04+- 0.00000E+00
    Eu153  (n,Xa   )          7.07387E-07+- 0.00000E+00          Eu153  (n,total)          3.64056E+02+- 0.00000E+00
    Eu153  (n,a    )  Pm150   7.07411E-07+- 0.00000E+00          Eu153  (n,E    )  Eu153   9.13701E+00+- 7.49606E+00
    Eu153  (n,g    )  Eu154   3.54919E+02+- 5.00000E+00          Eu154  (n,Dtot )          2.73024E+05+- 0.00000E+00
    Eu154  (n,Ddiss)          2.73024E+05+- 0.00000E+00          Eu154  (n,Ktot )          1.09810E+10+- 0.00000E+00
    Eu154  (n,Kel  )          1.73808E-03+- 0.00000E+00          Eu154  (n,Knone)          1.09810E+10+- 0.00000E+00
    Eu154  (n,Kktot)          3.10131E+05+- 0.00000E+00          Eu154  (n,total)          1.35216E+03+- 0.00000E+00
    Eu154  (n,E    )  Eu154   5.22679E+00+- 0.00000E+00          Eu154  (n,g    )  Eu155   1.34694E+03+- 0.00000E+00
    Eu155  (n,Dtot )          4.59002E+05+- 0.00000E+00          Eu155  (n,Ddiss)          4.59002E+05+- 0.00000E+00
    Eu155  (n,Ktot )          2.36530E+10+- 0.00000E+00          Eu155  (n,Kel  )          2.18488E-03+- 0.00000E+00
    Eu155  (n,Knone)          2.36530E+10+- 0.00000E+00          Eu155  (n,Kktot)          5.16106E+05+- 0.00000E+00
    Eu155  (n,total)          3.73790E+03+- 0.00000E+00          Eu155  (n,E    )  Eu155   6.61219E+00+- 2.00000E+01
    Eu155  (n,g    )  Eu156   3.73128E+03+- 5.00000E+00          Eu156  (n,Dtot )          1.66743E+04+- 0.00000E+00
    Eu156  (n,Ddiss)          1.66743E+04+- 0.00000E+00          Eu156  (n,Ktot )          7.39598E+08+- 0.00000E+00
    Eu156  (n,Kel  )          2.17383E-03+- 0.00000E+00          Eu156  (n,Knone)          7.39598E+08+- 0.00000E+00
    Eu156  (n,Kktot)          1.88548E+04+- 0.00000E+00          Eu156  (n,total)          1.05842E+02+- 0.00000E+00
    Eu156  (n,E    )  Eu156   6.62114E+00+- 0.00000E+00          Eu156  (n,g    )  Eu157   9.92214E+01+- 0.00000E+00
    Eu157  (n,Dtot )          6.05362E+02+- 0.00000E+00          Eu157  (n,Ddiss)          6.05362E+02+- 0.00000E+00
    Eu157  (n,Ktot )          6.05637E+08+- 0.00000E+00          Eu157  (n,Kel  )          2.10837E-03+- 0.00000E+00
    Eu157  (n,Knone)          6.05637E+08+- 0.00000E+00          Eu157  (n,Kphot)          6.05636E+08+- 0.00000E+00
    Eu157  (n,Kktot)          6.05637E+08+- 0.00000E+00          Eu157  (n,total)          1.16359E+02+- 0.00000E+00
    Eu157  (n,E    )  Eu157   6.46480E+00+- 0.00000E+00          Eu157  (n,g    )  Eu158   1.09894E+02+- 0.00000E+00
    Gd152  (n,Dtot )          7.16694E+03+- 0.00000E+00          Gd152  (n,Ddiss)          7.16694E+03+- 0.00000E+00
    Gd152  (n,Ktot )          4.53106E+09+- 0.00000E+00          Gd152  (n,Kel  )          1.01496E-01+- 0.00000E+00
    Gd152  (n,Knone)          4.53106E+09+- 0.00000E+00          Gd152  (n,Kphot)          4.53105E+09+- 0.00000E+00
    Gd152  (n,Kktot)          4.53106E+09+- 0.00000E+00          Gd152  (n,Xa   )          6.96860E-03+- 0.00000E+00
    Gd152  (n,total)          1.03064E+03+- 0.00000E+00          Gd152  (n,a    )  Sm149   6.96843E-03+- 0.00000E+00
    Gd152  (n,E    )  Gd152   3.01499E+02+- 0.00000E+00          Gd152  (n,g    )  Gd153   7.29136E+02+- 0.00000E+00
    Gd153  (n,Dtot )          3.06770E+05+- 0.00000E+00          Gd153  (n,Ddiss)          3.06770E+05+- 0.00000E+00
    Gd153  (n,Ktot )          1.97250E+11+- 0.00000E+00          Gd153  (n,Kel  )          6.58087E-03+- 0.00000E+00
    Gd153  (n,Knone)          1.97250E+11+- 0.00000E+00          Gd153  (n,Kphot)          1.97250E+11+- 0.00000E+00
    Gd153  (n,Kktot)          1.97250E+11+- 0.00000E+00          Gd153  (n,Xa   )          3.43588E-02+- 0.00000E+00
    Gd153  (n,total)          2.22381E+04+- 0.00000E+00          Gd153  (n,a    )  Sm150   3.43600E-02+- 0.00000E+00
    Gd153  (n,E    )  Gd153   1.96591E+01+- 0.00000E+00          Gd153  (n,g    )  Gd154   2.22184E+04+- 0.00000E+00
    Gd154  (n,Dtot )          8.52909E+02+- 0.00000E+00          Gd154  (n,Ddiss)          8.52909E+02+- 0.00000E+00
    Gd154  (n,Ktot )          5.41839E+08+- 0.00000E+00          Gd154  (n,Kel  )          1.90629E-03+- 0.00000E+00
    Gd154  (n,Knone)          5.41839E+08+- 0.00000E+00          Gd154  (n,Kphot)          5.41838E+08+- 0.00000E+00
    Gd154  (n,Kktot)          5.41839E+08+- 0.00000E+00          Gd154  (n,total)          9.02199E+01+- 0.00000E+00
    Gd154  (n,E    )  Gd154   5.74056E+00+- 0.00000E+00          Gd154  (n,g    )  Gd155   8.44793E+01+- 0.00000E+00
    Gd155  (n,Dtot )          8.39738E+05+- 0.00000E+00          Gd155  (n,Ddiss)          8.39738E+05+- 0.00000E+00
    Gd155  (n,Ktot )          5.12400E+11+- 0.00000E+00          Gd155  (n,Kel  )          2.00671E-02+- 0.00000E+00
    Gd155  (n,Knone)          5.12400E+11+- 0.00000E+00          Gd155  (n,Kphot)          5.12400E+11+- 0.00000E+00
    Gd155  (n,Kktot)          5.12400E+11+- 0.00000E+00          Gd155  (n,Xa   )          6.59893E-05+- 0.00000E+00
    Gd155  (n,total)          6.03265E+04+- 0.00000E+00          Gd155  (n,a    )  Sm152   6.59880E-05+- 0.00000E+00
    Gd155  (n,E    )  Gd155   6.07373E+01+- 0.00000E+00          Gd155  (n,g    )  Gd156   6.02658E+04+- 3.00000E+00
    Gd156  (n,Dtot )          2.09214E+01+- 0.00000E+00          Gd156  (n,Ddiss)          2.09214E+01+- 0.00000E+00
    Gd156  (n,Ktot )          1.12371E+07+- 0.00000E+00          Gd156  (n,Kel  )          1.60750E-03+- 0.00000E+00
    Gd156  (n,Knone)          1.12371E+07+- 0.00000E+00          Gd156  (n,Kphot)          1.12371E+07+- 0.00000E+00
    Gd156  (n,Kktot)          1.12371E+07+- 0.00000E+00          Gd156  (n,total)          6.67961E+00+- 2.00000E+01
    Gd156  (n,E    )  Gd156   4.89893E+00+- 1.30000E+01          Gd156  (n,g    )  Gd157   1.78068E+00+- 3.80000E+01
    Gd157  (n,Dtot )          4.66725E+06+- 0.00000E+00          Gd157  (n,Ddiss)          4.66725E+06+- 0.00000E+00
    Gd157  (n,Ktot )          1.97450E+12+- 0.00000E+00          Gd157  (n,Kel  )          3.27450E-01+- 0.00000E+00
    Gd157  (n,Knone)          1.97450E+12+- 0.00000E+00          Gd157  (n,Kphot)          1.97450E+12+- 0.00000E+00
    Gd157  (n,Kktot)          1.97450E+12+- 0.00000E+00          Gd157  (n,Xa   )          4.70229E-04+- 0.00000E+00
    Gd157  (n,total)          2.52266E+05+- 0.00000E+00          Gd157  (n,a    )  Sm154   4.70231E-04+- 0.00000E+00
    Gd157  (n,E    )  Gd157   1.00368E+03+- 4.84635E+00          Gd157  (n,g    )  Gd158   2.51263E+05+- 4.00000E+00
    Gd158  (n,Dtot )          2.23078E+01+- 0.00000E+00          Gd158  (n,Ddiss)          2.23078E+01+- 0.00000E+00
    Gd158  (n,Ktot )          1.29446E+07+- 0.00000E+00          Gd158  (n,Kel  )          1.81349E-03+- 0.00000E+00
    Gd158  (n,Knone)          1.29446E+07+- 0.00000E+00          Gd158  (n,Kphot)          1.29445E+07+- 0.00000E+00
    Gd158  (n,Kktot)          1.29446E+07+- 0.00000E+00          Gd158  (n,total)          7.83983E+00+- 2.00000E+01
    Gd158  (n,E    )  Gd158   5.65491E+00+- 2.00000E+01          Gd158  (n,g    )  Gd159   2.18493E+00+- 1.00000E+01
    Gd160  (n,Dtot )          1.11209E+01+- 0.00000E+00          Gd160  (n,Ddiss)          1.11209E+01+- 0.00000E+00
    Gd160  (n,Ktot )          7.89031E+06+- 0.00000E+00          Gd160  (n,Kel  )          2.97926E-03+- 0.00000E+00
    Gd160  (n,Knone)          7.89031E+06+- 0.00000E+00          Gd160  (n,Kphot)          7.89029E+06+- 0.00000E+00
    Gd160  (n,Kktot)          7.89031E+06+- 0.00000E+00          Gd160  (n,total)          1.07742E+01+- 0.00000E+00
    Gd160  (n,E    )  Gd160   9.37524E+00+- 0.00000E+00          Gd160  (n,g    )  Gd161   1.39893E+00+- 2.50000E+01
    Tb159  (n,Dtot )          2.81336E+03+- 0.00000E+00          Tb159  (n,Ddiss)          2.81336E+03+- 0.00000E+00
    Tb159  (n,Ktot )          1.47738E+08+- 0.00000E+00          Tb159  (n,Kel  )          2.23840E-03+- 0.00000E+00
    Tb159  (n,Knone)          1.47738E+08+- 0.00000E+00          Tb159  (n,Kktot)          3.16118E+03+- 0.00000E+00
    Tb159  (n,total)          3.01186E+01+- 0.00000E+00          Tb159  (n,E    )  Tb159   6.94728E+00+- 0.00000E+00
    Tb159  (n,g    )  Tb160   2.31714E+01+- 0.00000E+00          Tb160  (n,Dtot )          4.97535E+03+- 0.00000E+00
    Tb160  (n,Ddiss)          4.97535E+03+- 0.00000E+00          Tb160  (n,Ktot )          2.50535E+09+- 0.00000E+00
    Tb160  (n,Kel  )          1.27005E-03+- 0.00000E+00          Tb160  (n,Knone)          2.50535E+09+- 0.00000E+00
    Tb160  (n,Kphot)          2.50534E+09+- 0.00000E+00          Tb160  (n,Kktot)          2.50535E+09+- 0.00000E+00
    Tb160  (n,total)          3.35337E+02+- 0.00000E+00          Tb160  (n,E    )  Tb160   3.96641E+00+- 0.00000E+00
    Tb160  (n,g    )  Tb161   3.31370E+02+- 0.00000E+00          Dy156  (n,Dtot )          3.05395E+02+- 0.00000E+00
    Dy156  (n,Ddiss)          3.05395E+02+- 0.00000E+00          Dy156  (n,Ktot )          2.28401E+08+- 0.00000E+00
    Dy156  (n,Kel  )          1.31723E-03+- 0.00000E+00          Dy156  (n,Knone)          2.28401E+08+- 0.00000E+00
    Dy156  (n,Kphot)          2.28400E+08+- 0.00000E+00          Dy156  (n,Kktot)          2.28401E+08+- 0.00000E+00
    Dy156  (n,total)          3.68965E+01+- 0.00000E+00          Dy156  (n,E    )  Dy156   4.09018E+00+- 0.00000E+00
    Dy156  (n,g    )  Dy157   3.28063E+01+- 0.00000E+00          Dy158  (n,Dtot )          4.07142E+02+- 0.00000E+00
    Dy158  (n,Ddiss)          4.07142E+02+- 0.00000E+00          Dy158  (n,Ktot )          2.90939E+08+- 0.00000E+00
    Dy158  (n,Kel  )          2.07475E-03+- 0.00000E+00          Dy158  (n,Knone)          2.90939E+08+- 0.00000E+00
    Dy158  (n,Kphot)          2.90938E+08+- 0.00000E+00          Dy158  (n,Kktot)          2.90939E+08+- 0.00000E+00
    Dy158  (n,total)          4.92464E+01+- 0.00000E+00          Dy158  (n,E    )  Dy158   6.52976E+00+- 0.00000E+00
    Dy158  (n,g    )  Dy159   4.27166E+01+- 0.00000E+00          Dy160  (n,Dtot )          4.67181E+02+- 0.00000E+00
    Dy160  (n,Ddiss)          4.67181E+02+- 0.00000E+00          Dy160  (n,Ktot )          3.57678E+08+- 0.00000E+00
    Dy160  (n,Kel  )          1.79393E-03+- 0.00000E+00          Dy160  (n,Knone)          3.57678E+08+- 0.00000E+00
    Dy160  (n,Kphot)          3.57677E+08+- 0.00000E+00          Dy160  (n,Kktot)          3.57678E+08+- 0.00000E+00
    Dy160  (n,total)          6.12757E+01+- 0.00000E+00          Dy160  (n,E    )  Dy160   5.71920E+00+- 0.00000E+00
    Dy160  (n,g    )  Dy161   5.55565E+01+- 0.00000E+00          Dy161  (n,Dtot )          5.66840E+03+- 0.00000E+00
    Dy161  (n,Ddiss)          5.66840E+03+- 0.00000E+00          Dy161  (n,Ktot )          4.85217E+09+- 0.00000E+00
    Dy161  (n,Kel  )          5.45673E-03+- 0.00000E+00          Dy161  (n,Knone)          4.85217E+09+- 0.00000E+00
    Dy161  (n,Kphot)          4.85216E+09+- 0.00000E+00          Dy161  (n,Kktot)          4.85217E+09+- 0.00000E+00
    Dy161  (n,total)          6.12719E+02+- 0.00000E+00          Dy161  (n,E    )  Dy161   1.75286E+01+- 0.00000E+00
    Dy161  (n,g    )  Dy162   5.95190E+02+- 0.00000E+00          Dy162  (n,Dtot )          1.45503E+03+- 0.00000E+00
    Dy162  (n,Ddiss)          1.45503E+03+- 0.00000E+00          Dy162  (n,Ktot )          1.20839E+09+- 0.00000E+00
    Dy162  (n,Kel  )          5.28014E-05+- 0.00000E+00          Dy162  (n,Knone)          1.20839E+09+- 0.00000E+00
    Dy162  (n,Kphot)          1.20839E+09+- 0.00000E+00          Dy162  (n,Kktot)          1.20839E+09+- 0.00000E+00
    Dy162  (n,total)          1.92618E+02+- 0.00000E+00          Dy162  (n,E    )  Dy162   1.69905E-01+- 0.00000E+00
    Dy162  (n,g    )  Dy163   1.92448E+02+- 0.00000E+00          Dy163  (n,Dtot )          1.14121E+03+- 0.00000E+00
    Dy163  (n,Ddiss)          1.14121E+03+- 0.00000E+00          Dy163  (n,Ktot )          9.33720E+08+- 0.00000E+00
    Dy163  (n,Kel  )          1.00861E-03+- 0.00000E+00          Dy163  (n,Knone)          9.33720E+08+- 0.00000E+00
    Dy163  (n,Kphot)          9.33718E+08+- 0.00000E+00          Dy163  (n,Kktot)          9.33720E+08+- 0.00000E+00
    Dy163  (n,total)          1.25754E+02+- 0.00000E+00          Dy163  (n,E    )  Dy163   3.27571E+00+- 0.00000E+00
    Dy163  (n,g    )  Dy164   1.22478E+02+- 0.00000E+00          Dy164  (n,Dtot )          1.86635E+04+- 0.00000E+00
    Dy164  (n,Ddiss)          1.86635E+04+- 0.00000E+00          Dy164  (n,Ktot )          1.48510E+10+- 0.00000E+00
    Dy164  (n,Kel  )          1.00581E-01+- 0.00000E+00          Dy164  (n,Knone)          1.48510E+10+- 0.00000E+00
    Dy164  (n,Kphot)          1.48510E+10+- 0.00000E+00          Dy164  (n,Kktot)          1.48510E+10+- 0.00000E+00
    Dy164  (n,total)          2.95910E+03+- 0.00000E+00          Dy164  (n,E    )  Dy164   3.28210E+02+- 0.00000E+00
    Dy164  (n,g    )  Dy165   2.63089E+03+- 0.00000E+00          Ho165  (n,Dtot )          7.21762E+03+- 0.00000E+00
    Ho165  (n,Ddiss)          7.21762E+03+- 0.00000E+00          Ho165  (n,Ktot )          4.00615E+08+- 0.00000E+00
    Ho165  (n,Kel  )          2.73941E-03+- 0.00000E+00          Ho165  (n,Knone)          4.00615E+08+- 0.00000E+00
    Ho165  (n,Kktot)          8.08952E+03+- 0.00000E+00          Ho165  (n,total)          7.29956E+01+- 0.00000E+00
    Ho165  (n,E    )  Ho165   8.82421E+00+- 0.00000E+00          Ho165  (n,g    )  Ho166   6.41714E+01+- 0.00000E+00
    Ho166m (n,Dtot )          2.76790E+04+- 0.00000E+00          Ho166m (n,Ddiss)          2.76790E+04+- 0.00000E+00
    Ho166m (n,Ktot )          2.48680E+10+- 0.00000E+00          Ho166m (n,Kel  )          1.23286E-03+- 0.00000E+00
    Ho166m (n,Knone)          2.48680E+10+- 0.00000E+00          Ho166m (n,Kphot)          2.48680E+10+- 0.00000E+00
    Ho166m (n,Kktot)          2.48680E+10+- 0.00000E+00          Ho166m (n,total)          3.59489E+03+- 0.00000E+00
    Ho166m (n,E    )  Ho166   3.99633E+00+- 0.00000E+00          Ho166m (n,g    )  Ho167   3.59089E+03+- 0.00000E+00
    Er162  (n,Dtot )          2.61528E+03+- 0.00000E+00          Er162  (n,Ddiss)          2.61528E+03+- 0.00000E+00
    Er162  (n,Ktot )          1.29575E+08+- 0.00000E+00          Er162  (n,Kel  )          2.53888E-03+- 0.00000E+00
    Er162  (n,Knone)          1.29575E+08+- 0.00000E+00          Er162  (n,Kktot)          2.94738E+03+- 0.00000E+00
    Er162  (n,total)          2.67914E+01+- 0.00000E+00          Er162  (n,E    )  Er162   8.02692E+00+- 0.00000E+00
    Er162  (n,g    )  Er163   1.87645E+01+- 0.00000E+00          Er164  (n,Dtot )          1.64479E+03+- 0.00000E+00
    Er164  (n,Ddiss)          1.64479E+03+- 0.00000E+00          Er164  (n,Ktot )          8.54579E+07+- 0.00000E+00
    Er164  (n,Kel  )          2.85219E-03+- 0.00000E+00          Er164  (n,Knone)          8.54579E+07+- 0.00000E+00
    Er164  (n,Kktot)          1.84937E+03+- 0.00000E+00          Er164  (n,total)          2.19778E+01+- 0.00000E+00
    Er164  (n,E    )  Er164   9.12748E+00+- 0.00000E+00          Er164  (n,g    )  Er165   1.28503E+01+- 0.00000E+00
    Er166  (n,Dtot )          1.98761E+03+- 0.00000E+00          Er166  (n,Ddiss)          1.98761E+03+- 0.00000E+00
    Er166  (n,Ktot )          1.07758E+08+- 0.00000E+00          Er166  (n,Kel  )          4.40852E-03+- 0.00000E+00
    Er166  (n,Knone)          1.07758E+08+- 0.00000E+00          Er166  (n,Kktot)          2.23021E+03+- 0.00000E+00
    Er166  (n,total)          3.10178E+01+- 0.00000E+00          Er166  (n,E    )  Er166   1.42781E+01+- 3.51672E+00
    Er166  (n,g    )  Er167   1.67397E+01+- 9.47285E+00          Er167  (n,Dtot )          1.10316E+05+- 0.00000E+00
    Er167  (n,Ddiss)          1.10316E+05+- 0.00000E+00          Er167  (n,Ktot )          5.01671E+09+- 0.00000E+00
    Er167  (n,Kel  )          7.53571E-04+- 0.00000E+00          Er167  (n,Knone)          5.01671E+09+- 0.00000E+00
    Er167  (n,Kktot)          1.24599E+05+- 0.00000E+00          Er167  (n,total)          6.48055E+02+- 0.00000E+00
    Er167  (n,E    )  Er167   2.45518E+00+- 4.44346E+01          Er167  (n,g    )  Er168   6.45600E+02+- 1.23247E+00
    Er168  (n,Dtot )          2.78565E+02+- 0.00000E+00          Er168  (n,Ddiss)          2.78565E+02+- 0.00000E+00
    Er168  (n,Ktot )          1.63308E+07+- 0.00000E+00          Er168  (n,Kel  )          2.94780E-03+- 0.00000E+00
    Er168  (n,Knone)          1.63308E+07+- 0.00000E+00          Er168  (n,Kktot)          3.11524E+02+- 0.00000E+00
    Er168  (n,total)          1.23807E+01+- 0.00000E+00          Er168  (n,E    )  Er168   9.66083E+00+- 2.50000E+01
    Er168  (n,g    )  Er169   2.71991E+00+- 3.00000E+00          Er170  (n,Dtot )          7.98255E+02+- 0.00000E+00
    Er170  (n,Ddiss)          7.98255E+02+- 0.00000E+00          Er170  (n,Ktot )          4.98997E+07+- 0.00000E+00
    Er170  (n,Kel  )          3.52882E-03+- 0.00000E+00          Er170  (n,Knone)          4.98997E+07+- 0.00000E+00
    Er170  (n,Kktot)          8.90252E+02+- 0.00000E+00          Er170  (n,total)          2.04834E+01+- 0.00000E+00
    Er170  (n,E    )  Er170   1.17015E+01+- 1.70000E+01          Er170  (n,g    )  Er171   8.78184E+00+- 3.38876E+00
    Tm168  (n,Dtot )          9.62046E+02+- 0.00000E+00          Tm168  (n,Ddiss)          9.62046E+02+- 0.00000E+00
    Tm168  (n,Ktot )          9.81755E+05+- 0.00000E+00          Tm168  (n,Kel  )          5.90556E-03+- 0.00000E+00
    Tm168  (n,Knone)          9.81755E+05+- 0.00000E+00          Tm168  (n,Kphot)          9.07266E+05+- 0.00000E+00
    Tm168  (n,Kktot)          9.66290E+05+- 0.00000E+00          Tm168  (n,Xp   )          2.89366E-05+- 0.00000E+00
    Tm168  (n,Xa   )          1.64538E-02+- 0.00000E+00          Tm168  (n,total)          1.54173E+02+- 0.00000E+00
    Tm168  (n,a    )  Ho165   8.22701E-03+- 0.00000E+00          Tm168  (n,p    )  Er168   1.44684E-05+- 0.00000E+00
    Tm168  (n,E    )  Tm168   1.93552E+01+- 0.00000E+00          Tm168  (n,g    )  Tm169   1.34804E+02+- 0.00000E+00
    Tm169  (n,Dtot )          1.15785E+03+- 0.00000E+00          Tm169  (n,Ddiss)          1.15785E+03+- 0.00000E+00
    Tm169  (n,Ktot )          6.66383E+08+- 0.00000E+00          Tm169  (n,Kel  )          2.11509E-03+- 0.00000E+00
    Tm169  (n,Knone)          6.66383E+08+- 0.00000E+00          Tm169  (n,Kphot)          6.66382E+08+- 0.00000E+00
    Tm169  (n,Kktot)          6.66383E+08+- 0.00000E+00          Tm169  (n,Xa   )          6.09657E-07+- 0.00000E+00
    Tm169  (n,total)          1.11184E+02+- 0.00000E+00          Tm169  (n,a    )  Ho166   3.03937E-07+- 0.00000E+00
    Tm169  (n,E    )  Tm169   6.97443E+00+- 0.00000E+00          Tm169  (n,g    )  Tm170   1.04210E+02+- 0.00000E+00
    Tm170  (n,Dtot )          2.44046E+02+- 0.00000E+00          Tm170  (n,Ddiss)          2.44046E+02+- 0.00000E+00
    Tm170  (n,Ktot )          1.24418E+08+- 0.00000E+00          Tm170  (n,Kel  )          1.64909E-03+- 0.00000E+00
    Tm170  (n,Knone)          1.24418E+08+- 0.00000E+00          Tm170  (n,Kphot)          1.24417E+08+- 0.00000E+00
    Tm170  (n,Kktot)          1.24418E+08+- 0.00000E+00          Tm170  (n,Xa   )          7.43368E-05+- 0.00000E+00
    Tm170  (n,total)          2.23827E+01+- 0.00000E+00          Tm170  (n,a    )  Ho167   3.71689E-05+- 0.00000E+00
    Tm170  (n,E    )  Tm170   5.46847E+00+- 0.00000E+00          Tm170  (n,g    )  Tm171   1.69142E+01+- 0.00000E+00
    Lu175  (n,Dtot )          2.39565E+03+- 0.00000E+00          Lu175  (n,Ddiss)          2.39565E+03+- 0.00000E+00
    Lu175  (n,Ktot )          1.41767E+08+- 0.00000E+00          Lu175  (n,Kel  )          1.88592E-03+- 0.00000E+00
    Lu175  (n,Knone)          1.41767E+08+- 0.00000E+00          Lu175  (n,Kktot)          2.67773E+03+- 0.00000E+00
    Lu175  (n,total)          2.93310E+01+- 0.00000E+00          Lu175  (n,E    )  Lu175   6.43569E+00+- 0.00000E+00
    Lu175  (n,g    )  Lu176   2.28953E+01+- 0.00000E+00          Lu176  (n,Dtot )          2.82969E+05+- 0.00000E+00
    Lu176  (n,Ddiss)          2.82969E+05+- 0.00000E+00          Lu176  (n,Ktot )          1.48080E+10+- 0.00000E+00
    Lu176  (n,Kel  )          7.32366E-04+- 0.00000E+00          Lu176  (n,Knone)          1.48080E+10+- 0.00000E+00
    Lu176  (n,Kktot)          3.17668E+05+- 0.00000E+00          Lu176  (n,total)          2.09639E+03+- 0.00000E+00
    Lu176  (n,E    )  Lu176   2.51342E+00+- 0.00000E+00          Lu176  (n,g    )  Lu177   2.09387E+03+- 0.00000E+00
    Hf174  (n,Dtot )          6.86652E+04+- 0.00000E+00          Hf174  (n,Ddiss)          6.86652E+04+- 0.00000E+00
    Hf174  (n,Ktot )          3.69948E+09+- 0.00000E+00          Hf174  (n,Kel  )          1.41814E-02+- 0.00000E+00
    Hf174  (n,Knone)          3.69948E+09+- 0.00000E+00          Hf174  (n,Kktot)          7.70672E+04+- 0.00000E+00
    Hf174  (n,total)          5.92955E+02+- 0.00000E+00          Hf174  (n,E    )  Hf174   4.81206E+01+- 0.00000E+00
    Hf174  (n,g    )  Hf175   5.44834E+02+- 0.00000E+00          Hf176  (n,Dtot )          2.34379E+03+- 0.00000E+00
    Hf176  (n,Ddiss)          2.34379E+03+- 0.00000E+00          Hf176  (n,Ktot )          1.35432E+08+- 0.00000E+00
    Hf176  (n,Kel  )          1.61968E-03+- 0.00000E+00          Hf176  (n,Knone)          1.35432E+08+- 0.00000E+00
    Hf176  (n,Kktot)          2.62262E+03+- 0.00000E+00          Hf176  (n,total)          2.67719E+01+- 0.00000E+00
    Hf176  (n,E    )  Hf176   5.55839E+00+- 0.00000E+00          Hf176  (n,g    )  Hf177   2.12135E+01+- 0.00000E+00
    Hf177  (n,Dtot )          5.78064E+04+- 0.00000E+00          Hf177  (n,Ddiss)          5.78064E+04+- 0.00000E+00
    Hf177  (n,Ktot )          2.82877E+09+- 0.00000E+00          Hf177  (n,Kel  )          6.14281E-05+- 0.00000E+00
    Hf177  (n,Knone)          2.82877E+09+- 0.00000E+00          Hf177  (n,Kktot)          6.50771E+04+- 0.00000E+00
    Hf177  (n,total)          3.71091E+02+- 0.00000E+00          Hf177  (n,E    )  Hf177   2.11983E-01+- 0.00000E+00
    Hf177  (n,g    )  Hf178   3.70879E+02+- 0.00000E+00          Hf178  (n,Dtot )          8.32601E+03+- 0.00000E+00
    Hf178  (n,Ddiss)          8.32601E+03+- 0.00000E+00          Hf178  (n,Ktot )          5.07979E+08+- 0.00000E+00
    Hf178  (n,Kel  )          1.90348E-03+- 0.00000E+00          Hf178  (n,Knone)          5.07979E+08+- 0.00000E+00
    Hf178  (n,Kktot)          9.29430E+03+- 0.00000E+00          Hf178  (n,total)          8.98777E+01+- 0.00000E+00
    Hf178  (n,E    )  Hf178   6.60569E+00+- 0.00000E+00          Hf178  (n,g    )  Hf179   8.32720E+01+- 0.00000E+00
    Hf179  (n,Dtot )          6.15307E+03+- 0.00000E+00          Hf179  (n,Ddiss)          6.15307E+03+- 0.00000E+00
    Hf179  (n,Ktot )          3.13682E+08+- 0.00000E+00          Hf179  (n,Kel  )          1.94147E-03+- 0.00000E+00
    Hf179  (n,Knone)          3.13682E+08+- 0.00000E+00          Hf179  (n,Kktot)          6.91313E+03+- 0.00000E+00
    Hf179  (n,total)          4.92266E+01+- 0.00000E+00          Hf179  (n,E    )  Hf179   6.77537E+00+- 0.00000E+00
    Hf179  (n,g    )  Hf180   4.24513E+01+- 0.00000E+00          Hf180  (n,Dtot )          1.12151E+03+- 0.00000E+00
    Hf180  (n,Ddiss)          1.12151E+03+- 0.00000E+00          Hf180  (n,Ktot )          7.38707E+07+- 0.00000E+00
    Hf180  (n,Kel  )          6.37385E-03+- 0.00000E+00          Hf180  (n,Knone)          7.38707E+07+- 0.00000E+00
    Hf180  (n,Kktot)          1.24805E+03+- 0.00000E+00          Hf180  (n,total)          3.53348E+01+- 0.00000E+00
    Hf180  (n,E    )  Hf180   2.23664E+01+- 0.00000E+00          Hf180  (n,g    )  Hf181   1.29684E+01+- 0.00000E+00
    Ta180  (n,Dtot )          1.19385E+05+- 0.00000E+00          Ta180  (n,Ddiss)          1.19385E+05+- 0.00000E+00
    Ta180  (n,Ktot )          5.97369E+09+- 0.00000E+00          Ta180  (n,Kel  )          2.50782E-02+- 0.00000E+00
    Ta180  (n,Knone)          5.97369E+09+- 0.00000E+00          Ta180  (n,Kktot)          1.34259E+05+- 0.00000E+00
    Ta180  (n,Xp   )          6.84290E-11+- 0.00000E+00          Ta180  (n,Xa   )          1.36860E-10+- 0.00000E+00
    Ta180  (n,total)          8.76419E+02+- 0.00000E+00          Ta180  (n,na   )  Lu176   6.84280E-11+- 0.00000E+00
    Ta180  (n,a    )  Lu177   6.84280E-11+- 0.00000E+00          Ta180  (n,p    )  Hf180   6.84280E-11+- 0.00000E+00
    Ta180  (n,E    )  Ta180   8.80004E+01+- 0.00000E+00          Ta180  (n,g    )  Ta181   7.88418E+02+- 0.00000E+00
    Ta181  (n,Dtot )          2.03811E+03+- 0.00000E+00          Ta181  (n,Ddiss)          2.03811E+03+- 0.00000E+00
    Ta181  (n,Ktot )          1.27082E+08+- 0.00000E+00          Ta181  (n,Kel  )          1.74823E-03+- 0.00000E+00
    Ta181  (n,Knone)          1.27082E+08+- 0.00000E+00          Ta181  (n,Kktot)          2.27294E+03+- 0.00000E+00
    Ta181  (n,Xa   )          1.40038E-06+- 0.00000E+00          Ta181  (n,total)          2.71271E+01+- 0.00000E+00
    Ta181  (n,na   )  Lu177   6.58280E-12+- 0.00000E+00          Ta181  (n,a    )  Lu178   1.40040E-06+- 0.00000E+00
    Ta181  (n,E    )  Ta181   6.16835E+00+- 0.00000E+00          Ta181  (n,g    )  Ta182   2.09588E+01+- 0.00000E+00
    Ta182  (n,Dtot )          1.04080E+06+- 0.00000E+00          Ta182  (n,Ddiss)          1.04080E+06+- 0.00000E+00
    Ta182  (n,Ktot )          5.73370E+10+- 0.00000E+00          Ta182  (n,Kel  )          8.79581E-03+- 0.00000E+00
    Ta182  (n,Knone)          5.73370E+10+- 0.00000E+00          Ta182  (n,Kktot)          1.16574E+06+- 0.00000E+00
    Ta182  (n,total)          8.30443E+03+- 0.00000E+00          Ta182  (n,E    )  Ta182   3.12035E+01+- 0.00000E+00
    Ta182  (n,g    )  Ta183   8.27323E+03+- 0.00000E+00          W 180  (n,Dtot )          4.38343E+01+- 0.00000E+00
    W 180  (n,Ddiss)          4.38343E+01+- 0.00000E+00          W 180  (n,Ktot )          1.82464E+08+- 0.00000E+00
    W 180  (n,Kel  )          2.84559E-03+- 0.00000E+00          W 180  (n,Knone)          1.82464E+08+- 0.00000E+00
    W 180  (n,Kphot)          1.82463E+08+- 0.00000E+00          W 180  (n,Kktot)          1.82464E+08+- 0.00000E+00
    W 180  (n,total)          3.93985E+01+- 0.00000E+00          W 180  (n,E    )  W 180   9.98528E+00+- 9.49158E+01
    W 180  (n,g    )  W 181   2.94132E+01+- 9.49158E+01          W 182  (n,Dtot )          2.35844E+01+- 0.00000E+00
    W 182  (n,Ddiss)          2.35844E+01+- 0.00000E+00          W 182  (n,Ktot )          1.13282E+08+- 0.00000E+00
    W 182  (n,Kel  )          2.49841E-03+- 0.00000E+00          W 182  (n,Knone)          1.13282E+08+- 0.00000E+00
    W 182  (n,Kphot)          1.13281E+08+- 0.00000E+00          W 182  (n,Kktot)          1.13282E+08+- 0.00000E+00
    W 182  (n,total)          2.94173E+01+- 0.00000E+00          W 182  (n,E    )  W 182   8.86792E+00+- 6.00000E+00
    W 182  (n,g    )  W 183   2.05494E+01+- 2.00000E+00          W 183  (n,Dtot )          2.49606E+01+- 0.00000E+00
    W 183  (n,Ddiss)          2.49606E+01+- 0.00000E+00          W 183  (n,Ktot )          6.14391E+07+- 0.00000E+00
    W 183  (n,Kel  )          6.69235E-04+- 0.00000E+00          W 183  (n,Knone)          6.14391E+07+- 0.00000E+00
    W 183  (n,Kphot)          6.14390E+07+- 0.00000E+00          W 183  (n,Kktot)          6.14391E+07+- 0.00000E+00
    W 183  (n,total)          1.24220E+01+- 0.00000E+00          W 183  (n,E    )  W 183   2.38802E+00+- 8.00000E+00
    W 183  (n,g    )  W 184   1.00340E+01+- 5.00000E+00          W 184  (n,Dtot )          2.55598E+00+- 0.00000E+00
    W 184  (n,Ddiss)          2.55598E+00+- 0.00000E+00          W 184  (n,Ktot )          3.15094E+06+- 0.00000E+00
    W 184  (n,Kel  )          2.05459E-03+- 0.00000E+00          W 184  (n,Knone)          3.15094E+06+- 0.00000E+00
    W 184  (n,Kphot)          3.15091E+06+- 0.00000E+00          W 184  (n,Kktot)          3.15094E+06+- 0.00000E+00
    W 184  (n,total)          8.86244E+00+- 0.00000E+00          W 184  (n,E    )  W 184   7.37270E+00+- 2.00000E+00
    W 184  (n,g    )  W 185   1.48973E+00+- 5.00000E+00          W 186  (n,Ktot )          1.54435E+08+- 0.00000E+00
    W 186  (n,Kel  )          2.35677E-05+- 0.00000E+00          W 186  (n,Knone)          1.54435E+08+- 0.00000E+00
    W 186  (n,Kphot)          1.54435E+08+- 0.00000E+00          W 186  (n,Kktot)          1.54435E+08+- 0.00000E+00
    W 186  (n,total)          3.78757E+01+- 0.00000E+00          W 186  (n,E    )  W 186   8.54880E-02+- 2.00000E+00
    W 186  (n,g    )  W 187   3.77903E+01+- 0.00000E+00          Re185  (n,Dtot )          1.10004E+04+- 0.00000E+00
    Re185  (n,Ddiss)          1.10004E+04+- 0.00000E+00          Re185  (n,Ktot )          6.87752E+08+- 0.00000E+00
    Re185  (n,Kel  )          2.46573E-03+- 0.00000E+00          Re185  (n,Knone)          6.87752E+08+- 0.00000E+00
    Re185  (n,Kktot)          1.22671E+04+- 0.00000E+00          Re185  (n,Xp   )          3.28710E-11+- 0.00000E+00
    Re185  (n,Xa   )          6.57420E-11+- 0.00000E+00          Re185  (n,total)          1.20181E+02+- 0.00000E+00
    Re185  (n,na   )  Ta181   3.28720E-11+- 0.00000E+00          Re185  (n,a    )  Ta182   3.28720E-11+- 0.00000E+00
    Re185  (n,p    )  W 185   3.28720E-11+- 0.00000E+00          Re185  (n,E    )  Re185   8.89036E+00+- 0.00000E+00
    Re185  (n,g    )  Re186   1.11291E+02+- 0.00000E+00          Re187  (n,Dtot )          6.73389E+03+- 0.00000E+00
    Re187  (n,Ddiss)          6.73389E+03+- 0.00000E+00          Re187  (n,Ktot )          4.46729E+08+- 0.00000E+00
    Re187  (n,Kel  )          2.73358E-03+- 0.00000E+00          Re187  (n,Knone)          4.46729E+08+- 0.00000E+00
    Re187  (n,Kktot)          7.49077E+03+- 0.00000E+00          Re187  (n,Xa   )          5.62810E-11+- 0.00000E+00
    Re187  (n,total)          8.60366E+01+- 0.00000E+00          Re187  (n,na   )  Ta183   2.81400E-11+- 0.00000E+00
    Re187  (n,a    )  Ta184   2.81400E-11+- 0.00000E+00          Re187  (n,E    )  Re187   9.96168E+00+- 0.00000E+00
    Re187  (n,g    )  Re188   7.60750E+01+- 0.00000E+00          Ir191  (n,Dtot )          4.76206E+03+- 0.00000E+00
    Ir191  (n,Ddiss)          4.76206E+03+- 0.00000E+00          Ir191  (n,Ktot )          5.82349E+09+- 0.00000E+00
    Ir191  (n,Kel  )          3.85588E-03+- 0.00000E+00          Ir191  (n,Knone)          5.82349E+09+- 0.00000E+00
    Ir191  (n,Kphot)          5.82348E+09+- 0.00000E+00          Ir191  (n,Kktot)          5.82349E+09+- 0.00000E+00
    Ir191  (n,total)          9.60704E+02+- 1.04660E+00          Ir191  (n,E    )  Ir191   1.43496E+01+- 2.00000E+01
    Ir191  (n,g    )  Ir192   9.46355E+02+- 1.04800E+00          Ir193  (n,Dtot )          7.04928E+02+- 0.00000E+00
    Ir193  (n,Ddiss)          7.04928E+02+- 0.00000E+00          Ir193  (n,Ktot )          6.56288E+08+- 0.00000E+00
    Ir193  (n,Kel  )          3.49020E-03+- 0.00000E+00          Ir193  (n,Knone)          6.56288E+08+- 0.00000E+00
    Ir193  (n,Kphot)          6.56287E+08+- 0.00000E+00          Ir193  (n,Kktot)          6.56288E+08+- 0.00000E+00
    Ir193  (n,total)          1.23453E+02+- 4.44470E+00          Ir193  (n,E    )  Ir193   1.31235E+01+- 2.15385E+01
    Ir193  (n,g    )  Ir194   1.10329E+02+- 4.50450E+00          Au197  (n,Dtot )          1.01077E+04+- 0.00000E+00
    Au197  (n,Ddiss)          1.01077E+04+- 0.00000E+00          Au197  (n,Ktot )          6.37721E+08+- 0.00000E+00
    Au197  (n,Kel  )          2.06642E-03+- 0.00000E+00          Au197  (n,Knone)          6.37721E+08+- 0.00000E+00
    Au197  (n,Kktot)          1.12603E+04+- 0.00000E+00          Au197  (n,total)          1.05845E+02+- 0.00000E+00
    Au197  (n,E    )  Au197   7.92930E+00+- 0.00000E+00          Au197  (n,g    )  Au198   9.79160E+01+- 1.40428E-01
    Hg196  (n,Dtot )          3.62766E+05+- 0.00000E+00          Hg196  (n,Ddiss)          3.62766E+05+- 0.00000E+00
    Hg196  (n,Ktot )          2.13100E+10+- 0.00000E+00          Hg196  (n,Kel  )          2.87541E-02+- 0.00000E+00
    Hg196  (n,Knone)          2.13100E+10+- 0.00000E+00          Hg196  (n,Kktot)          4.05534E+05+- 0.00000E+00
    Hg196  (n,Xa   )          1.70157E-05+- 0.00000E+00          Hg196  (n,total)          3.16212E+03+- 0.00000E+00
    Hg196  (n,a    )  Pt193   1.70135E-05+- 0.00000E+00          Hg196  (n,E    )  Hg196   1.09782E+02+- 0.00000E+00
    Hg196  (n,g    )  Hg197   3.05234E+03+- 0.00000E+00          Hg198  (n,Dtot )          2.10749E+02+- 0.00000E+00
    Hg198  (n,Ddiss)          2.10749E+02+- 0.00000E+00          Hg198  (n,Ktot )          1.30988E+07+- 0.00000E+00
    Hg198  (n,Kel  )          3.32266E-03+- 0.00000E+00          Hg198  (n,Knone)          1.30988E+07+- 0.00000E+00
    Hg198  (n,Kktot)          2.34977E+02+- 0.00000E+00          Hg198  (n,Xa   )          2.92037E-09+- 0.00000E+00
    Hg198  (n,total)          1.47837E+01+- 0.00000E+00          Hg198  (n,a    )  Pt195   2.92035E-09+- 0.00000E+00
    Hg198  (n,E    )  Hg198   1.28139E+01+- 0.00000E+00          Hg198  (n,g    )  Hg199   1.96988E+00+- 0.00000E+00
    Hg199  (n,Dtot )          3.28794E+05+- 0.00000E+00          Hg199  (n,Ddiss)          3.28794E+05+- 0.00000E+00
    Hg199  (n,Ktot )          1.71160E+10+- 0.00000E+00          Hg199  (n,Kel  )          1.72032E-02+- 0.00000E+00
    Hg199  (n,Knone)          1.71160E+10+- 0.00000E+00          Hg199  (n,Kktot)          3.68883E+05+- 0.00000E+00
    Hg199  (n,Xa   )          9.61688E-07+- 0.00000E+00          Hg199  (n,total)          2.19833E+03+- 0.00000E+00
    Hg199  (n,a    )  Pt196   9.61698E-07+- 0.00000E+00          Hg199  (n,E    )  Hg199   6.66768E+01+- 0.00000E+00
    Hg199  (n,g    )  Hg200   2.13166E+03+- 0.00000E+00          Hg200  (n,Dtot )          1.33290E+02+- 0.00000E+00
    Hg200  (n,Ddiss)          1.33290E+02+- 0.00000E+00          Hg200  (n,Ktot )          8.91174E+06+- 0.00000E+00
    Hg200  (n,Kel  )          3.73809E-03+- 0.00000E+00          Hg200  (n,Knone)          8.91174E+06+- 0.00000E+00
    Hg200  (n,Kktot)          1.48169E+02+- 0.00000E+00          Hg200  (n,total)          1.59917E+01+- 0.00000E+00
    Hg200  (n,E    )  Hg200   1.45602E+01+- 0.00000E+00          Hg200  (n,g    )  Hg201   1.43149E+00+- 0.00000E+00
    Hg201  (n,Dtot )          6.94563E+02+- 0.00000E+00          Hg201  (n,Ddiss)          6.94563E+02+- 0.00000E+00
    Hg201  (n,Ktot )          3.77306E+07+- 0.00000E+00          Hg201  (n,Kel  )          3.52652E-03+- 0.00000E+00
    Hg201  (n,Knone)          3.77306E+07+- 0.00000E+00          Hg201  (n,Kktot)          7.77711E+02+- 0.00000E+00
    Hg201  (n,Xa   )          3.03430E-10+- 0.00000E+00          Hg201  (n,total)          1.86686E+01+- 0.00000E+00
    Hg201  (n,a    )  Pt198   3.03430E-10+- 0.00000E+00          Hg201  (n,E    )  Hg201   1.38043E+01+- 0.00000E+00
    Hg201  (n,g    )  Hg202   4.86432E+00+- 0.00000E+00          Hg202  (n,Dtot )          4.20814E+02+- 0.00000E+00
    Hg202  (n,Ddiss)          4.20814E+02+- 0.00000E+00          Hg202  (n,Ktot )          2.94594E+07+- 0.00000E+00
    Hg202  (n,Kel  )          3.71304E-03+- 0.00000E+00          Hg202  (n,Knone)          2.94594E+07+- 0.00000E+00
    Hg202  (n,Kktot)          4.66884E+02+- 0.00000E+00          Hg202  (n,total)          1.95213E+01+- 0.00000E+00
    Hg202  (n,E    )  Hg202   1.46060E+01+- 0.00000E+00          Hg202  (n,g    )  Hg203   4.91526E+00+- 0.00000E+00
    Hg204  (n,Dtot )          3.27596E+01+- 0.00000E+00          Hg204  (n,Ddiss)          3.27596E+01+- 0.00000E+00
    Hg204  (n,Ktot )          2.44278E+06+- 0.00000E+00          Hg204  (n,Kel  )          7.41798E-03+- 0.00000E+00
    Hg204  (n,Knone)          2.44278E+06+- 0.00000E+00          Hg204  (n,Kktot)          3.62641E+01+- 0.00000E+00
    Hg204  (n,total)          2.98977E+01+- 0.00000E+00          Hg204  (n,E    )  Hg204   2.94668E+01+- 0.00000E+00
    Hg204  (n,g    )  Hg205   4.30971E-01+- 0.00000E+00          Tl203  (n,Dtot )          3.27350E+02+- 0.00000E+00
    Tl203  (n,Ddiss)          3.27350E+02+- 0.00000E+00          Tl203  (n,Ktot )          7.21254E+07+- 0.00000E+00
    Tl203  (n,Kel  )          2.35250E-03+- 0.00000E+00          Tl203  (n,Knone)          7.21254E+07+- 0.00000E+00
    Tl203  (n,Kphot)          7.21250E+07+- 0.00000E+00          Tl203  (n,Kktot)          7.21254E+07+- 0.00000E+00
    Tl203  (n,total)          2.06209E+01+- 0.00000E+00          Tl203  (n,E    )  Tl203   9.30278E+00+- 0.00000E+00
    Tl203  (n,g    )  Tl204   1.13182E+01+- 0.00000E+00          Tl205  (n,Dtot )          3.23751E+00+- 0.00000E+00
    Tl205  (n,Ddiss)          3.23751E+00+- 0.00000E+00          Tl205  (n,Ktot )          7.99991E+05+- 0.00000E+00
    Tl205  (n,Kel  )          2.31531E-03+- 0.00000E+00          Tl205  (n,Knone)          7.99991E+05+- 0.00000E+00
    Tl205  (n,Kphot)          7.99988E+05+- 0.00000E+00          Tl205  (n,Kktot)          7.99991E+05+- 0.00000E+00
    Tl205  (n,total)          9.37453E+00+- 0.00000E+00          Tl205  (n,E    )  Tl205   9.24508E+00+- 0.00000E+00
    Tl205  (n,g    )  Tl206   1.29450E-01+- 0.00000E+00          Pb204  (n,Dtot )          2.01648E+00+- 0.00000E+00
    Pb204  (n,Ddiss)          2.01648E+00+- 0.00000E+00          Pb204  (n,Ktot )          1.93292E+06+- 0.00000E+00
    Pb204  (n,Kel  )          2.82554E-03+- 0.00000E+00          Pb204  (n,Knone)          1.93292E+06+- 0.00000E+00
    Pb204  (n,Kphot)          1.93291E+06+- 0.00000E+00          Pb204  (n,Kktot)          1.93292E+06+- 0.00000E+00
    Pb204  (n,Xa   )          1.45930E-07+- 0.00000E+00          Pb204  (n,total)          1.18794E+01+- 0.00000E+00
    Pb204  (n,nonel)          6.55490E-01+- 0.00000E+00          Pb204  (n,a    )  Hg201   1.45918E-07+- 0.00000E+00
    Pb204  (n,E    )  Pb204   1.12240E+01+- 5.00000E+00          Pb204  (n,n    )  Pb204   6.16846E-09+- 0.00000E+00
    Pb204  (n,g    )  Pb205   6.55490E-01+- 5.00711E+00          Pb206  (n,Dtot )          4.66154E-01+- 0.00000E+00
    Pb206  (n,Ddiss)          4.66154E-01+- 0.00000E+00          Pb206  (n,Ktot )          9.90962E+04+- 0.00000E+00
    Pb206  (n,Kel  )          2.80828E-03+- 0.00000E+00          Pb206  (n,Knone)          9.90962E+04+- 0.00000E+00
    Pb206  (n,Kphot)          9.90956E+04+- 0.00000E+00          Pb206  (n,Kktot)          9.90962E+04+- 0.00000E+00
    Pb206  (n,Xa   )          2.21240E-10+- 0.00000E+00          Pb206  (n,total)          1.12933E+01+- 0.00000E+00
    Pb206  (n,nonel)          2.95517E-02+- 0.00000E+00          Pb206  (n,a    )  Hg203   2.23480E-10+- 0.00000E+00
    Pb206  (n,E    )  Pb206   1.12638E+01+- 2.00000E+00          Pb206  (n,g    )  Pb207   2.95517E-02+- 6.76692E+00
    Pb207  (n,Dtot )          1.14258E+01+- 0.00000E+00          Pb207  (n,Ddiss)          1.14258E+01+- 0.00000E+00
    Pb207  (n,Ktot )          3.28753E+06+- 0.00000E+00          Pb207  (n,Kel  )          2.67313E-03+- 0.00000E+00
    Pb207  (n,Knone)          3.28753E+06+- 0.00000E+00          Pb207  (n,Kphot)          3.28751E+06+- 0.00000E+00
    Pb207  (n,Kktot)          3.28753E+06+- 0.00000E+00          Pb207  (n,Xa   )          2.34080E-08+- 0.00000E+00
    Pb207  (n,total)          1.14796E+01+- 0.00000E+00          Pb207  (n,nonel)          7.06317E-01+- 0.00000E+00
    Pb207  (n,a    )  Hg204   2.34066E-08+- 0.00000E+00          Pb207  (n,E    )  Pb207   1.07733E+01+- 3.00546E+00
    Pb207  (n,g    )  Pb208   7.06317E-01+- 6.99357E+00          Pb208  (n,Dtot )          9.84095E-03+- 0.00000E+00
    Pb208  (n,Ddiss)          9.84095E-03+- 0.00000E+00          Pb208  (n,Ktot )          9.06529E+02+- 0.00000E+00
    Pb208  (n,Kel  )          2.81483E-03+- 0.00000E+00          Pb208  (n,Knone)          9.06526E+02+- 0.00000E+00
    Pb208  (n,Kphot)          1.86501E-02+- 0.00000E+00          Pb208  (n,Kktot)          1.26615E-01+- 0.00000E+00
    Pb208  (n,Xa   )          1.81166E-08+- 0.00000E+00          Pb208  (n,total)          1.13989E+01+- 0.00000E+00
    Pb208  (n,nonel)          2.30222E-04+- 0.00000E+00          Pb208  (n,a    )  Hg205   1.81168E-08+- 0.00000E+00
    Pb208  (n,E    )  Pb208   1.13987E+01+- 2.00000E+00          Pb208  (n,g    )  Pb209   2.30204E-04+- 5.00000E+01
    Bi209  (n,Dtot )          1.65091E+00+- 0.00000E+00          Bi209  (n,Ddiss)          1.65091E+00+- 0.00000E+00
    Bi209  (n,Ktot )          1.54299E+05+- 0.00000E+00          Bi209  (n,Kel  )          2.28283E-03+- 0.00000E+00
    Bi209  (n,Knone)          1.54299E+05+- 0.00000E+00          Bi209  (n,Kktot)          1.81661E+00+- 0.00000E+00
    Bi209  (n,total)          9.35595E+00+- 9.96360E-01          Bi209  (n,E    )  Bi209   9.32241E+00+- 9.99893E-01
    Bi209  (n,g    )  Bi210   3.35408E-02+- 3.01170E+00          Ra223  (n,Dtot )          1.17867E+04+- 0.00000E+00
    Ra223  (n,Ddiss)          1.17867E+04+- 0.00000E+00          Ra223  (n,Ktot )          9.75451E+08+- 0.00000E+00
    Ra223  (n,Kel  )          2.86382E-03+- 0.00000E+00          Ra223  (n,Knone)          9.75451E+08+- 0.00000E+00
    Ra223  (n,Kfiss)          1.36871E+08+- 0.00000E+00          Ra223  (n,Kktot)          1.36884E+08+- 0.00000E+00
    Ra223  (n,total)          1.42110E+02+- 0.00000E+00          Ra223  (n,F    )          6.94548E-01+- 0.00000E+00
    Ra223  (n,E    )  Ra223   1.24278E+01+- 0.00000E+00          Ra223  (n,g    )  Ra224   1.28988E+02+- 0.00000E+00
    Ra224  (n,Dtot )          6.18211E+02+- 0.00000E+00          Ra224  (n,Ddiss)          6.18211E+02+- 0.00000E+00
    Ra224  (n,Ktot )          5.82124E+07+- 0.00000E+00          Ra224  (n,Kel  )          2.87409E-03+- 0.00000E+00
    Ra224  (n,Knone)          5.82124E+07+- 0.00000E+00          Ra224  (n,Kktot)          6.78831E+02+- 0.00000E+00
    Ra224  (n,total)          2.44344E+01+- 0.00000E+00          Ra224  (n,E    )  Ra224   1.25279E+01+- 0.00000E+00
    Ra224  (n,g    )  Ra225   1.19065E+01+- 0.00000E+00          Ra225  (n,Dtot )          8.68863E+03+- 0.00000E+00
    Ra225  (n,Ddiss)          8.68863E+03+- 0.00000E+00          Ra225  (n,Ktot )          6.33908E+08+- 0.00000E+00
    Ra225  (n,Kel  )          2.83847E-03+- 0.00000E+00          Ra225  (n,Knone)          6.33908E+08+- 0.00000E+00
    Ra225  (n,Kktot)          9.61740E+03+- 0.00000E+00          Ra225  (n,total)          1.11643E+02+- 0.00000E+00
    Ra225  (n,E    )  Ra225   1.24275E+01+- 0.00000E+00          Ra225  (n,g    )  Ra226   9.92151E+01+- 0.00000E+00
    Ra226  (n,Dtot )          5.71640E+02+- 0.00000E+00          Ra226  (n,Ddiss)          5.71640E+02+- 0.00000E+00
    Ra226  (n,Ktot )          5.80154E+07+- 0.00000E+00          Ra226  (n,Kel  )          2.23352E-03+- 0.00000E+00
    Ra226  (n,Knone)          5.80154E+07+- 0.00000E+00          Ra226  (n,Kfiss)          1.36851E+03+- 0.00000E+00
    Ra226  (n,Kktot)          1.99461E+03+- 0.00000E+00          Ra226  (n,total)          2.25307E+01+- 0.00000E+00
    Ra226  (n,F    )          6.94515E-06+- 0.00000E+00          Ra226  (n,E    )  Ra226   9.82203E+00+- 0.00000E+00
    Ra226  (n,g    )  Ra227   1.27087E+01+- 0.00000E+00          Ac225  (n,Dtot )          3.90105E+01+- 0.00000E+00
    Ac225  (n,Ddiss)          3.55942E+01+- 0.00000E+00          Ac225  (n,Ktot )          2.14524E+08+- 0.00000E+00
    Ac225  (n,Kel  )          2.88426E-03+- 0.00000E+00          Ac225  (n,Knone)          2.14524E+08+- 0.00000E+00
    Ac225  (n,Kfiss)          8.17599E+04+- 0.00000E+00          Ac225  (n,Kphot)          2.14443E+08+- 0.00000E+00
    Ac225  (n,Kktot)          2.14524E+08+- 0.00000E+00          Ac225  (n,total)          5.23179E+01+- 4.00000E+01
    Ac225  (n,F    )          4.96195E-04+- 5.00000E+01          Ac225  (n,E    )  Ac225   1.26280E+01+- 5.00000E+01
    Ac225  (n,g    )  Ac226   3.96894E+01+- 5.00000E+01          Ac226  (n,Dtot )          1.59767E+04+- 0.00000E+00
    Ac226  (n,Ddiss)          2.25066E+03+- 0.00000E+00          Ac226  (n,Ktot )          6.75305E+09+- 0.00000E+00
    Ac226  (n,Kel  )          2.87156E-03+- 0.00000E+00          Ac226  (n,Knone)          6.75305E+09+- 0.00000E+00
    Ac226  (n,Kfiss)          3.26066E+08+- 0.00000E+00          Ac226  (n,Kphot)          6.42698E+09+- 0.00000E+00
    Ac226  (n,Kktot)          6.75305E+09+- 0.00000E+00          Ac226  (n,total)          1.00680E+03+- 4.90000E+01
    Ac226  (n,F    )          1.98440E+00+- 5.00000E+01          Ac226  (n,E    )  Ac226   1.26278E+01+- 5.00000E+01
    Ac226  (n,g    )  Ac227   9.92186E+02+- 5.00000E+01          Ac227  (n,Dtot )          5.92110E+02+- 0.00000E+00
    Ac227  (n,Ddiss)          5.91449E+02+- 0.00000E+00          Ac227  (n,Ktot )          3.97124E+09+- 0.00000E+00
    Ac227  (n,Kel  )          2.83628E-03+- 0.00000E+00          Ac227  (n,Knone)          3.97124E+09+- 0.00000E+00
    Ac227  (n,Kfiss)          1.62941E+04+- 0.00000E+00          Ac227  (n,Kphot)          3.97122E+09+- 0.00000E+00
    Ac227  (n,Kktot)          3.97124E+09+- 0.00000E+00          Ac227  (n,total)          8.06274E+02+- 2.90000E+00
    Ac227  (n,F    )          9.91932E-05+- 5.00000E+01          Ac227  (n,E    )  Ac227   1.25275E+01+- 5.00000E+01
    Ac227  (n,g    )  Ac228   7.93747E+02+- 2.80000E+00          Th227  (n,Dtot )          1.44159E+06+- 0.00000E+00
    Th227  (n,Ddiss)          1.09469E+03+- 0.00000E+00          Th227  (n,Ktot )          3.65450E+10+- 0.00000E+00
    Th227  (n,Kel  )          2.83628E-03+- 0.00000E+00          Th227  (n,Knone)          3.65450E+10+- 0.00000E+00
    Th227  (n,Kfiss)          3.36940E+10+- 0.00000E+00          Th227  (n,Kphot)          2.85094E+09+- 0.00000E+00
    Th227  (n,Kktot)          3.65450E+10+- 0.00000E+00          Th227  (n,total)          6.14800E+02+- 3.30000E+01
    Th227  (n,F    )          2.00427E+02+- 7.70000E+00          Th227  (n,E    )  Th227   1.25275E+01+- 5.00000E+01
    Th227  (n,g    )  Th228   4.01846E+02+- 5.00000E+01          Th228  (n,Dtot )          1.23197E+03+- 0.00000E+00
    Th228  (n,Ddiss)          2.04144E+02+- 0.00000E+00          Th228  (n,Ktot )          6.66153E+08+- 0.00000E+00
    Th228  (n,Kel  )          7.05550E-03+- 0.00000E+00          Th228  (n,Knone)          6.66153E+08+- 0.00000E+00
    Th228  (n,Kfiss)          2.50790E+07+- 0.00000E+00          Th228  (n,Kphot)          6.41073E+08+- 0.00000E+00
    Th228  (n,Kktot)          6.66153E+08+- 0.00000E+00          Th228  (n,total)          1.53339E+02+- 1.26000E+01
    Th228  (n,F    )          1.48835E-01+- 9.00000E+01          Th228  (n,E    )  Th228   3.12997E+01+- 5.00000E+01
    Th228  (n,g    )  Th229   1.21891E+02+- 1.00000E+01          Th229  (n,Dtot )          2.13540E+05+- 0.00000E+00
    Th229  (n,Ddiss)          1.09490E+02+- 0.00000E+00          Th229  (n,Ktot )          5.62586E+09+- 0.00000E+00
    Th229  (n,Kel  )          2.34064E-03+- 0.00000E+00          Th229  (n,Knone)          5.62586E+09+- 0.00000E+00
    Th229  (n,Kfiss)          5.15156E+09+- 0.00000E+00          Th229  (n,Kphot)          4.74313E+08+- 0.00000E+00
    Th229  (n,Kktot)          5.62586E+09+- 0.00000E+00          Th229  (n,total)          1.11139E+02+- 0.00000E+00
    Th229  (n,F    )          3.06572E+01+- 2.00000E+01          Th229  (n,E    )  Th229   1.04288E+01+- 2.00000E+01
    Th229  (n,g    )  Th230   7.00527E+01+- 2.00000E+01          Th230  (n,Dtot )          8.32771E+01+- 0.00000E+00
    Th230  (n,Ddiss)          2.00659E+01+- 0.00000E+00          Th230  (n,Ktot )          1.20320E+08+- 0.00000E+00
    Th230  (n,Kel  )          2.32209E-03+- 0.00000E+00          Th230  (n,Knone)          1.20320E+08+- 0.00000E+00
    Th230  (n,Kfiss)          1.58189E+06+- 0.00000E+00          Th230  (n,Kphot)          1.18738E+08+- 0.00000E+00
    Th230  (n,Kktot)          1.20320E+08+- 0.00000E+00          Th230  (n,total)          3.36335E+01+- 0.00000E+00
    Th230  (n,F    )          9.41622E-03+- 5.00000E+01          Th230  (n,E    )  Th230   1.03910E+01+- 2.00000E+01
    Th230  (n,g    )  Th231   2.32331E+01+- 0.00000E+00          Th231  (n,Dtot )          2.70190E+05+- 0.00000E+00
    Th231  (n,Ddiss)          2.14035E+03+- 0.00000E+00          Th231  (n,Ktot )          1.71420E+10+- 0.00000E+00
    Th231  (n,Kel  )          2.67589E-03+- 0.00000E+00          Th231  (n,Knone)          1.71420E+10+- 0.00000E+00
    Th231  (n,Kfiss)          6.70459E+09+- 0.00000E+00          Th231  (n,Kphot)          1.04370E+10+- 0.00000E+00
    Th231  (n,Kktot)          1.71420E+10+- 0.00000E+00          Th231  (n,total)          1.66914E+03+- 8.70000E+01
    Th231  (n,F    )          3.96826E+01+- 9.00000E+01          Th231  (n,E    )  Th231   1.20259E+01+- 9.00000E+01
    Th231  (n,g    )  Th232   1.61743E+03+- 9.00000E+01          Th232  (n,Dtot )          1.70081E+01+- 0.00000E+00
    Th232  (n,Ddiss)          1.70081E+01+- 0.00000E+00          Th232  (n,Ktot )          3.27729E+07+- 0.00000E+00
    Th232  (n,Kel  )          2.88765E-03+- 0.00000E+00          Th232  (n,Knone)          3.27729E+07+- 0.00000E+00
    Th232  (n,Kphot)          3.27729E+07+- 0.00000E+00          Th232  (n,Kktot)          3.27729E+07+- 0.00000E+00
    Th232  (n,total)          2.03209E+01+- 0.00000E+00          Th232  (n,E    )  Th232   1.30438E+01+- 2.00000E+00
    Th232  (n,g    )  Th233   7.27712E+00+- 0.00000E+00          Th233  (n,Dtot )          9.93381E+04+- 0.00000E+00
    Th233  (n,Ddiss)          1.84069E+03+- 0.00000E+00          Th233  (n,Ktot )          1.03950E+10+- 0.00000E+00
    Th233  (n,Kel  )          2.65301E-03+- 0.00000E+00          Th233  (n,Knone)          1.03950E+10+- 0.00000E+00
    Th233  (n,Kfiss)          2.50542E+09+- 0.00000E+00          Th233  (n,Kphot)          7.88961E+09+- 0.00000E+00
    Th233  (n,Kktot)          1.03950E+10+- 0.00000E+00          Th233  (n,total)          1.30697E+03+- 4.40000E+00
    Th233  (n,F    )          1.48831E+01+- 5.00000E+01          Th233  (n,E    )  Th233   1.20257E+01+- 5.00000E+01
    Th233  (n,g    )  Th234   1.28006E+03+- 4.40000E+00          Th234  (n,Dtot )          3.15448E+01+- 0.00000E+00
    Th234  (n,Ddiss)          3.35710E-01+- 0.00000E+00          Th234  (n,Ktot )          8.70688E+06+- 0.00000E+00
    Th234  (n,Kel  )          2.61971E-03+- 0.00000E+00          Th234  (n,Knone)          8.70688E+06+- 0.00000E+00
    Th234  (n,Kfiss)          8.35573E+05+- 0.00000E+00          Th234  (n,Kphot)          7.87130E+06+- 0.00000E+00
    Th234  (n,Kktot)          8.70688E+06+- 0.00000E+00          Th234  (n,total)          1.37164E+01+- 4.40000E+01
    Th234  (n,F    )          4.96137E-03+- 5.00000E+01          Th234  (n,E    )  Th234   1.19254E+01+- 5.00000E+01
    Th234  (n,g    )  Th235   1.78601E+00+- 5.00000E+01          Pa229  (n,Dtot )          7.44246E+03+- 0.00000E+00
    Pa229  (n,Ddiss)          3.48636E+02+- 0.00000E+00          Pa229  (n,Ktot )          2.46457E+09+- 0.00000E+00
    Pa229  (n,Kel  )          2.65416E-03+- 0.00000E+00          Pa229  (n,Knone)          2.46457E+09+- 0.00000E+00
    Pa229  (n,Kfiss)          1.71366E+08+- 0.00000E+00          Pa229  (n,Kphot)          2.29320E+09+- 0.00000E+00
    Pa229  (n,Kktot)          2.46457E+09+- 0.00000E+00          Pa229  (n,total)          4.09422E+02+- 8.70000E+01
    Pa229  (n,F    )          9.92145E-01+- 9.00000E+01          Pa229  (n,E    )  Pa229   1.18257E+01+- 9.00000E+01
    Pa229  (n,g    )  Pa230   3.96604E+02+- 9.00000E+01          Pa230  (n,Dtot )          1.06638E+07+- 0.00000E+00
    Pa230  (n,Ddiss)          9.06921E+02+- 0.00000E+00          Pa230  (n,Ktot )          2.59430E+11+- 0.00000E+00
    Pa230  (n,Kel  )          2.68747E-03+- 0.00000E+00          Pa230  (n,Knone)          2.59430E+11+- 0.00000E+00
    Pa230  (n,Kfiss)          2.56900E+11+- 0.00000E+00          Pa230  (n,Kphot)          2.53555E+09+- 0.00000E+00
    Pa230  (n,Kktot)          2.59430E+11+- 0.00000E+00          Pa230  (n,total)          1.87696E+03+- 7.40000E+01
    Pa230  (n,F    )          1.48798E+03+- 9.00000E+01          Pa230  (n,E    )  Pa230   1.20261E+01+- 9.00000E+01
    Pa230  (n,g    )  Pa231   3.76954E+02+- 9.00000E+01          Pa231  (n,Dtot )          4.17101E+02+- 0.00000E+00
    Pa231  (n,Ddiss)          2.77918E+02+- 0.00000E+00          Pa231  (n,Ktot )          1.03951E+09+- 0.00000E+00
    Pa231  (n,Kel  )          2.49601E-03+- 0.00000E+00          Pa231  (n,Knone)          1.03951E+09+- 0.00000E+00
    Pa231  (n,Kfiss)          7.12846E+06+- 0.00000E+00          Pa231  (n,Kphot)          1.03594E+09+- 0.00000E+00
    Pa231  (n,Kktot)          1.03951E+09+- 0.00000E+00          Pa231  (n,total)          2.09822E+02+- 0.00000E+00
    Pa231  (n,F    )          2.07079E-02+- 0.00000E+00          Pa231  (n,E    )  Pa231   1.12179E+01+- 0.00000E+00
    Pa231  (n,g    )  Pa232   1.98584E+02+- 0.00000E+00          Pa232  (n,Dtot )          1.02871E+07+- 0.00000E+00
    Pa232  (n,Ddiss)          1.88569E+03+- 0.00000E+00          Pa232  (n,Ktot )          2.57650E+11+- 0.00000E+00
    Pa232  (n,Kel  )          5.29379E-03+- 0.00000E+00          Pa232  (n,Knone)          2.57650E+11+- 0.00000E+00
    Pa232  (n,Kfiss)          2.53890E+11+- 0.00000E+00          Pa232  (n,Kphot)          3.77092E+09+- 0.00000E+00
    Pa232  (n,Kktot)          2.57650E+11+- 0.00000E+00          Pa232  (n,total)          2.08334E+03+- 0.00000E+00
    Pa232  (n,F    )          1.47598E+03+- 0.00000E+00          Pa232  (n,E    )  Pa232   2.38939E+01+- 2.00000E+01
    Pa232  (n,g    )  Pa233   5.83466E+02+- 0.00000E+00          Pa233  (n,Dtot )          4.66795E+01+- 0.00000E+00
    Pa233  (n,Ddiss)          4.66795E+01+- 0.00000E+00          Pa233  (n,Ktot )          2.01233E+08+- 0.00000E+00
    Pa233  (n,Kel  )          2.74267E-03+- 0.00000E+00          Pa233  (n,Knone)          2.01233E+08+- 0.00000E+00
    Pa233  (n,Kphot)          2.01233E+08+- 0.00000E+00          Pa233  (n,Kktot)          2.01233E+08+- 0.00000E+00
    Pa233  (n,total)          5.45394E+01+- 0.00000E+00          Pa233  (n,E    )  Pa233   1.24324E+01+- 0.00000E+00
    Pa233  (n,g    )  Pa234   4.21070E+01+- 0.00000E+00          U 230  (n,Dtot )          1.81384E+05+- 0.00000E+00
    U 230  (n,Ddiss)          2.22325E+02+- 0.00000E+00          U 230  (n,Ktot )          5.51799E+09+- 0.00000E+00
    U 230  (n,Kel  )          2.64268E-03+- 0.00000E+00          U 230  (n,Knone)          5.51799E+09+- 0.00000E+00
    U 230  (n,Kfiss)          4.35388E+09+- 0.00000E+00          U 230  (n,Kphot)          1.16411E+09+- 0.00000E+00
    U 230  (n,Kktot)          5.51799E+09+- 0.00000E+00          U 230  (n,total)          2.35055E+02+- 7.70000E+01
    U 230  (n,F    )          2.48040E+01+- 9.00000E+01          U 230  (n,E    )  U 230   1.18256E+01+- 9.00000E+01
    U 230  (n,g    )  U 231   1.98426E+02+- 9.00000E+01          U 231  (n,Dtot )          1.82210E+06+- 0.00000E+00
    U 231  (n,Ddiss)          4.11320E+01+- 0.00000E+00          U 231  (n,Ktot )          4.37320E+10+- 0.00000E+00
    U 231  (n,Kel  )          2.60899E-03+- 0.00000E+00          U 231  (n,Knone)          4.37320E+10+- 0.00000E+00
    U 231  (n,Kfiss)          4.35880E+10+- 0.00000E+00          U 231  (n,Kphot)          1.43974E+08+- 0.00000E+00
    U 231  (n,Kktot)          4.37320E+10+- 0.00000E+00          U 231  (n,total)          2.79644E+02+- 8.00000E+01
    U 231  (n,F    )          2.48076E+02+- 9.00000E+01          U 231  (n,E    )  U 231   1.17253E+01+- 9.00000E+01
    U 231  (n,g    )  U 232   1.98429E+01+- 9.00000E+01          U 232  (n,Dtot )          5.41412E+05+- 0.00000E+00
    U 232  (n,Ddiss)          8.81224E+01+- 0.00000E+00          U 232  (n,Ktot )          1.32920E+10+- 0.00000E+00
    U 232  (n,Kel  )          2.39546E-03+- 0.00000E+00          U 232  (n,Knone)          1.32920E+10+- 0.00000E+00
    U 232  (n,Kfiss)          1.28610E+10+- 0.00000E+00          U 232  (n,Kphot)          4.31317E+08+- 0.00000E+00
    U 232  (n,Kktot)          1.32920E+10+- 0.00000E+00          U 232  (n,total)          1.61333E+02+- 1.00000E+01
    U 232  (n,F    )          7.58292E+01+- 5.00000E+00          U 232  (n,E    )  U 232   1.08119E+01+- 1.00000E+01
    U 232  (n,g    )  U 233   7.46922E+01+- 2.00000E+00          U 233  (n,Dtot )          4.35433E+03+- 0.00000E+00
    U 233  (n,Ddiss)          4.35433E+03+- 0.00000E+00          U 233  (n,Ktot )          9.29080E+10+- 0.00000E+00
    U 233  (n,Kel  )          2.68630E-03+- 0.00000E+00          U 233  (n,Knone)          9.29080E+10+- 0.00000E+00
    U 233  (n,Kfiss)          9.26000E+10+- 0.00000E+00          U 233  (n,Kktot)          9.26000E+10+- 0.00000E+00
    U 233  (n,total)          5.84093E+02+- 3.91326E-01          U 233  (n,nonel)          5.71917E+02+- 0.00000E+00
    U 233  (n,F    )          5.27004E+02+- 3.51843E-01          U 233  (n,E    )  U 233   1.21765E+01+- 5.65344E+00
    U 233  (n,g    )  U 234   4.49126E+01+- 2.27978E+00          U 234  (n,Dtot )          6.28416E+03+- 0.00000E+00
    U 234  (n,Ddiss)          5.83572E+03+- 0.00000E+00          U 234  (n,Ktot )          5.41771E+08+- 0.00000E+00
    U 234  (n,Kel  )          3.79614E-03+- 0.00000E+00          U 234  (n,Knone)          5.41771E+08+- 0.00000E+00
    U 234  (n,Kfiss)          1.16358E+07+- 0.00000E+00          U 234  (n,Kktot)          1.16422E+07+- 0.00000E+00
    U 234  (n,total)          1.17408E+02+- 0.00000E+00          U 234  (n,nonel)          1.00127E+02+- 0.00000E+00
    U 234  (n,F    )          6.65333E-02+- 2.10000E+01          U 234  (n,E    )  U 234   1.72806E+01+- 6.00000E+00
    U 234  (n,g    )  U 235   1.00061E+02+- 2.00000E+00          U 235  (n,Dtot )          4.08841E+06+- 0.00000E+00
    U 235  (n,Ddiss)          8.60187E+03+- 0.00000E+00          U 235  (n,Ktot )          1.02530E+11+- 0.00000E+00
    U 235  (n,Kel  )          3.30597E-03+- 0.00000E+00          U 235  (n,Knone)          1.02530E+11+- 0.00000E+00
    U 235  (n,Kfiss)          1.01900E+11+- 0.00000E+00          U 235  (n,Kktot)          1.01900E+11+- 0.00000E+00
    U 235  (n,total)          6.92615E+02+- 2.54490E-01          U 235  (n,nonel)          6.77502E+02+- 0.00000E+00
    U 235  (n,F    )          5.79844E+02+- 3.49590E-01          U 235  (n,E    )  U 235   1.51132E+01+- 5.09023E+00
    U 235  (n,g    )  U 236   9.76584E+01+- 1.60440E+00          U 236  (n,Dtot )          2.76104E+02+- 0.00000E+00
    U 236  (n,Ddiss)          2.76104E+02+- 0.00000E+00          U 236  (n,Ktot )          3.42708E+07+- 0.00000E+00
    U 236  (n,Kel  )          1.92578E-03+- 0.00000E+00          U 236  (n,Knone)          3.42708E+07+- 0.00000E+00
    U 236  (n,Kfiss)          8.16530E+06+- 0.00000E+00          U 236  (n,Kktot)          8.16560E+06+- 0.00000E+00
    U 236  (n,total)          1.39800E+01+- 0.00000E+00          U 236  (n,nonel)          5.13915E+00+- 0.00000E+00
    U 236  (n,F    )          4.67306E-02+- 2.00000E+01          U 236  (n,E    )  U 236   8.84086E+00+- 1.10000E+01
    U 236  (n,g    )  U 237   5.09242E+00+- 2.00000E+00          U 237  (n,Dtot )          3.46977E+04+- 0.00000E+00
    U 237  (n,Ddiss)          3.46977E+04+- 0.00000E+00          U 237  (n,Ktot )          3.05681E+09+- 0.00000E+00
    U 237  (n,Kel  )          5.29779E-03+- 0.00000E+00          U 237  (n,Knone)          3.05681E+09+- 0.00000E+00
    U 237  (n,Kfiss)          2.97992E+08+- 0.00000E+00          U 237  (n,Kktot)          2.98031E+08+- 0.00000E+00
    U 237  (n,total)          4.74391E+02+- 0.00000E+00          U 237  (n,nonel)          4.49967E+02+- 0.00000E+00
    U 237  (n,F    )          1.68756E+00+- 0.00000E+00          U 237  (n,E    )  U 237   2.44238E+01+- 0.00000E+00
    U 237  (n,g    )  U 238   4.48279E+02+- 0.00000E+00          U 238  (n,Dtot )          1.26245E+02+- 0.00000E+00
    U 238  (n,Ddiss)          1.26135E+02+- 0.00000E+00          U 238  (n,Ktot )          1.27986E+07+- 0.00000E+00
    U 238  (n,Kel  )          2.00870E-03+- 0.00000E+00          U 238  (n,Knone)          1.27986E+07+- 0.00000E+00
    U 238  (n,Kfiss)          2.94122E+03+- 0.00000E+00          U 238  (n,Kktot)          3.07931E+03+- 0.00000E+00
    U 238  (n,total)          1.19611E+01+- 8.07387E-01          U 238  (n,nonel)          2.66194E+00+- 0.00000E+00
    U 238  (n,F    )          1.66645E-05+- 6.23772E+01          U 238  (n,E    )  U 238   9.29916E+00+- 1.05483E+00
    U 238  (n,g    )  U 239   2.66193E+00+- 1.84465E+00          U 239  (n,Dtot )          1.58252E+03+- 0.00000E+00
    U 239  (n,Ddiss)          1.58252E+03+- 0.00000E+00          U 239  (n,Ktot )          2.62159E+09+- 0.00000E+00
    U 239  (n,Kel  )          2.34626E-03+- 0.00000E+00          U 239  (n,Knone)          2.62159E+09+- 0.00000E+00
    U 239  (n,Kfiss)          2.49015E+09+- 0.00000E+00          U 239  (n,Kktot)          2.49015E+09+- 0.00000E+00
    U 239  (n,total)          4.72086E+01+- 0.00000E+00          U 239  (n,nonel)          3.63013E+01+- 0.00000E+00
    U 239  (n,F    )          1.41409E+01+- 0.00000E+00          U 239  (n,E    )  U 239   1.09073E+01+- 0.00000E+00
    U 239  (n,g    )  U 240   2.21603E+01+- 0.00000E+00          U 240  (n,Dtot )          8.14339E+02+- 0.00000E+00
    U 240  (n,Ddiss)          8.14339E+02+- 0.00000E+00          U 240  (n,Ktot )          8.73734E+07+- 0.00000E+00
    U 240  (n,Kel  )          1.64477E-03+- 0.00000E+00          U 240  (n,Knone)          8.73734E+07+- 0.00000E+00
    U 240  (n,Kfiss)          1.88725E+05+- 0.00000E+00          U 240  (n,Kktot)          1.89615E+05+- 0.00000E+00
    U 240  (n,total)          2.66963E+01+- 0.00000E+00          U 240  (n,nonel)          1.90183E+01+- 0.00000E+00
    U 240  (n,F    )          1.07043E-03+- 0.00000E+00          U 240  (n,E    )  U 240   7.67801E+00+- 0.00000E+00
    U 240  (n,g    )  U 241   1.90172E+01+- 0.00000E+00          U 241  (n,Dtot )          3.07491E+04+- 0.00000E+00
    U 241  (n,Ddiss)          3.07491E+04+- 0.00000E+00          U 241  (n,Ktot )          2.75547E+09+- 0.00000E+00
    U 241  (n,Kel  )          1.95196E-03+- 0.00000E+00          U 241  (n,Knone)          2.75547E+09+- 0.00000E+00
    U 241  (n,Kfiss)          7.29467E+07+- 0.00000E+00          U 241  (n,Kktot)          7.29805E+07+- 0.00000E+00
    U 241  (n,total)          4.81519E+02+- 0.00000E+00          U 241  (n,nonel)          4.72369E+02+- 0.00000E+00
    U 241  (n,F    )          4.12896E-01+- 0.00000E+00          U 241  (n,E    )  U 241   9.14977E+00+- 0.00000E+00
    U 241  (n,g    )  U 242   4.71956E+02+- 0.00000E+00          Np234  (n,Dtot )          1.44773E+07+- 0.00000E+00
    Np234  (n,Ddiss)          2.30038E+02+- 0.00000E+00          Np234  (n,Ktot )          3.59770E+11+- 0.00000E+00
    Np234  (n,Kel  )          2.50965E-03+- 0.00000E+00          Np234  (n,Knone)          3.59770E+11+- 0.00000E+00
    Np234  (n,Kfiss)          3.59020E+11+- 0.00000E+00          Np234  (n,Kphot)          7.60940E+08+- 0.00000E+00
    Np234  (n,Kktot)          3.59770E+11+- 0.00000E+00          Np234  (n,total)          2.10497E+03+- 8.50000E+01
    Np234  (n,F    )          1.98439E+03+- 9.00000E+01          Np234  (n,E    )  Np234   1.14243E+01+- 9.00000E+01
    Np234  (n,g    )  Np235   1.09159E+02+- 9.00000E+01          Np235  (n,Dtot )          3.74609E+05+- 0.00000E+00
    Np235  (n,Ddiss)          1.27203E+02+- 0.00000E+00          Np235  (n,Ktot )          1.03520E+10+- 0.00000E+00
    Np235  (n,Kel  )          2.47711E-03+- 0.00000E+00          Np235  (n,Knone)          1.03520E+10+- 0.00000E+00
    Np235  (n,Kfiss)          9.47020E+09+- 0.00000E+00          Np235  (n,Kphot)          8.82020E+08+- 0.00000E+00
    Np235  (n,Kktot)          1.03520E+10+- 0.00000E+00          Np235  (n,total)          2.17700E+02+- 1.20000E+01
    Np235  (n,F    )          5.25844E+01+- 5.00000E+01          Np235  (n,E    )  Np235   1.13240E+01+- 5.00000E+01
    Np235  (n,g    )  Np236   1.53791E+02+- 1.80000E+00          Np236  (n,Dtot )          1.98238E+07+- 0.00000E+00
    Np236  (n,Ddiss)          1.43191E+02+- 0.00000E+00          Np236  (n,Ktot )          5.03170E+11+- 0.00000E+00
    Np236  (n,Kel  )          2.10339E-03+- 0.00000E+00          Np236  (n,Knone)          5.03170E+11+- 0.00000E+00
    Np236  (n,Kfiss)          5.02380E+11+- 0.00000E+00          Np236  (n,Kphot)          7.92550E+08+- 0.00000E+00
    Np236  (n,Kktot)          5.03170E+11+- 0.00000E+00          Np236  (n,total)          2.91689E+03+- 0.00000E+00
    Np236  (n,F    )          2.78673E+03+- 0.00000E+00          Np236  (n,E    )  Np236   9.65620E+00+- 2.00000E+01
    Np236  (n,g    )  Np237   1.20501E+02+- 5.00000E+01          Np237  (n,Dtot )          1.08516E+04+- 0.00000E+00
    Np237  (n,Ddiss)          1.07147E+04+- 0.00000E+00          Np237  (n,Ktot )          9.56801E+08+- 0.00000E+00
    Np237  (n,Kel  )          3.44206E-03+- 0.00000E+00          Np237  (n,Knone)          9.56801E+08+- 0.00000E+00
    Np237  (n,Kfiss)          3.60082E+06+- 0.00000E+00          Np237  (n,Kktot)          3.61260E+06+- 0.00000E+00
    Np237  (n,total)          1.89752E+02+- 0.00000E+00          Np237  (n,nonel)          1.73884E+02+- 8.00000E+00
    Np237  (n,F    )          2.01819E-02+- 5.00000E+00          Np237  (n,E    )  Np237   1.58684E+01+- 3.00000E+00
    Np237  (n,g    )  Np238   1.73863E+02+- 8.00000E+00          Np238  (n,Dtot )          1.51751E+07+- 0.00000E+00
    Np238  (n,Ddiss)          6.46277E+02+- 0.00000E+00          Np238  (n,Ktot )          3.98230E+11+- 0.00000E+00
    Np238  (n,Kel  )          2.64629E-03+- 0.00000E+00          Np238  (n,Knone)          3.98230E+11+- 0.00000E+00
    Np238  (n,Kfiss)          3.95280E+11+- 0.00000E+00          Np238  (n,Kphot)          2.94862E+09+- 0.00000E+00
    Np238  (n,Kktot)          3.98230E+11+- 0.00000E+00          Np238  (n,total)          2.67157E+03+- 0.00000E+00
    Np238  (n,F    )          2.18452E+03+- 0.00000E+00          Np238  (n,E    )  Np238   1.22510E+01+- 2.00000E+01
    Np238  (n,g    )  Np239   4.74799E+02+- 0.00000E+00          Np239  (n,Dtot )          2.06737E+02+- 0.00000E+00
    Np239  (n,Ddiss)          1.84812E+01+- 0.00000E+00          Np239  (n,Ktot )          2.32719E+08+- 0.00000E+00
    Np239  (n,Kel  )          2.37117E-03+- 0.00000E+00          Np239  (n,Knone)          2.32719E+08+- 0.00000E+00
    Np239  (n,Kfiss)          5.00784E+06+- 0.00000E+00          Np239  (n,Kphot)          2.27711E+08+- 0.00000E+00
    Np239  (n,Kktot)          2.32719E+08+- 0.00000E+00          Np239  (n,total)          5.56989E+01+- 4.10000E+01
    Np239  (n,F    )          2.77859E-02+- 5.00000E+01          Np239  (n,E    )  Np239   1.10230E+01+- 5.00000E+01
    Np239  (n,g    )  Np240   4.46481E+01+- 5.00000E+01          Pu236  (n,Dtot )          1.01207E+06+- 0.00000E+00
    Pu236  (n,Ddiss)          3.53657E+01+- 0.00000E+00          Pu236  (n,Ktot )          2.55650E+10+- 0.00000E+00
    Pu236  (n,Kel  )          2.00371E-03+- 0.00000E+00          Pu236  (n,Knone)          2.55650E+10+- 0.00000E+00
    Pu236  (n,Kfiss)          2.54050E+10+- 0.00000E+00          Pu236  (n,Kphot)          1.60663E+08+- 0.00000E+00
    Pu236  (n,Kktot)          2.55650E+10+- 0.00000E+00          Pu236  (n,total)          1.75326E+02+- 0.00000E+00
    Pu236  (n,F    )          1.38792E+02+- 0.00000E+00          Pu236  (n,E    )  Pu236   9.19860E+00+- 2.00000E+01
    Pu236  (n,g    )  Pu237   2.73354E+01+- 0.00000E+00          Pu237  (n,Dtot )          1.66105E+07+- 0.00000E+00
    Pu237  (n,Ddiss)          3.22231E+02+- 0.00000E+00          Pu237  (n,Ktot )          4.21910E+11+- 0.00000E+00
    Pu237  (n,Kel  )          2.41282E-03+- 0.00000E+00          Pu237  (n,Knone)          4.21910E+11+- 0.00000E+00
    Pu237  (n,Kfiss)          4.20520E+11+- 0.00000E+00          Pu237  (n,Kphot)          1.39158E+09+- 0.00000E+00
    Pu237  (n,Kktot)          4.21910E+11+- 0.00000E+00          Pu237  (n,total)          2.48627E+03+- 2.50000E+01
    Pu237  (n,F    )          2.27671E+03+- 2.70000E+01          Pu237  (n,E    )  Pu237   1.11234E+01+- 5.00000E+01
    Pu237  (n,g    )  Pu238   1.98433E+02+- 5.00000E+01          Pu238  (n,Dtot )          1.54962E+05+- 0.00000E+00
    Pu238  (n,Ddiss)          2.65447E+04+- 0.00000E+00          Pu238  (n,Ktot )          5.53006E+09+- 0.00000E+00
    Pu238  (n,Kel  )          3.33047E-02+- 0.00000E+00          Pu238  (n,Knone)          5.53006E+09+- 0.00000E+00
    Pu238  (n,Kfiss)          3.22568E+09+- 0.00000E+00          Pu238  (n,Kktot)          3.22571E+09+- 0.00000E+00
    Pu238  (n,total)          5.79844E+02+- 0.00000E+00          Pu238  (n,nonel)          4.25653E+02+- 0.00000E+00
    Pu238  (n,F    )          1.75637E+01+- 0.00000E+00          Pu238  (n,E    )  Pu238   1.54191E+02+- 0.00000E+00
    Pu238  (n,g    )  Pu239   4.08090E+02+- 1.00000E+01          Pu239  (n,Dtot )          5.36083E+06+- 0.00000E+00
    Pu239  (n,Ddiss)          2.32473E+04+- 0.00000E+00          Pu239  (n,Ktot )          1.37080E+11+- 0.00000E+00
    Pu239  (n,Kel  )          1.71830E-03+- 0.00000E+00          Pu239  (n,Knone)          1.37080E+11+- 0.00000E+00
    Pu239  (n,Kfiss)          1.35320E+11+- 0.00000E+00          Pu239  (n,Kktot)          1.35320E+11+- 0.00000E+00
    Pu239  (n,total)          1.01948E+03+- 7.59715E-01          Pu239  (n,nonel)          1.01149E+03+- 0.00000E+00
    Pu239  (n,F    )          7.42288E+02+- 1.14045E+00          Pu239  (n,E    )  Pu239   7.98787E+00+- 6.92869E-01
    Pu239  (n,g    )  Pu240   2.69205E+02+- 1.69299E+00          Pu240  (n,Dtot )          1.63593E+04+- 0.00000E+00
    Pu240  (n,Ddiss)          1.59109E+04+- 0.00000E+00          Pu240  (n,Ktot )          1.50782E+09+- 0.00000E+00
    Pu240  (n,Kel  )          2.03401E-04+- 0.00000E+00          Pu240  (n,Knone)          1.50782E+09+- 0.00000E+00
    Pu240  (n,Kfiss)          1.14657E+07+- 0.00000E+00          Pu240  (n,Kktot)          1.14832E+07+- 0.00000E+00
    Pu240  (n,total)          2.86476E+02+- 7.00000E-01          Pu240  (n,nonel)          2.85526E+02+- 0.00000E+00
    Pu240  (n,F    )          6.35756E-02+- 5.00000E+01          Pu240  (n,E    )  Pu240   9.49536E-01+- 5.80000E+00
    Pu240  (n,g    )  Pu241   2.85463E+02+- 8.90000E-01          Pu241  (n,Dtot )          2.86607E+04+- 0.00000E+00
    Pu241  (n,Ddiss)          2.86607E+04+- 0.00000E+00          Pu241  (n,Ktot )          1.86000E+11+- 0.00000E+00
    Pu241  (n,Kel  )          2.40120E-03+- 0.00000E+00          Pu241  (n,Knone)          1.86000E+11+- 0.00000E+00
    Pu241  (n,Kfiss)          1.83740E+11+- 0.00000E+00          Pu241  (n,Kktot)          1.83740E+11+- 0.00000E+00
    Pu241  (n,total)          1.37455E+03+- 0.00000E+00          Pu241  (n,F    )          1.00404E+03+- 1.50000E+00
    Pu241  (n,E    )  Pu241   1.12551E+01+- 1.00000E+01          Pu241  (n,g    )  Pu242   3.59253E+02+- 2.00000E+00
    Pu242  (n,Dtot )          1.03088E+02+- 0.00000E+00          Pu242  (n,Ddiss)          1.01521E+01+- 0.00000E+00
    Pu242  (n,Ktot )          1.08536E+08+- 0.00000E+00          Pu242  (n,Kel  )          1.85151E-03+- 0.00000E+00
    Pu242  (n,Knone)          1.08536E+08+- 0.00000E+00          Pu242  (n,Kfiss)          2.50433E+06+- 0.00000E+00
    Pu242  (n,Kphot)          1.06031E+08+- 0.00000E+00          Pu242  (n,Kktot)          1.08536E+08+- 0.00000E+00
    Pu242  (n,total)          2.98305E+01+- 0.00000E+00          Pu242  (n,F    )          1.37091E-02+- 5.00000E+01
    Pu242  (n,E    )  Pu242   8.71453E+00+- 5.00000E+00          Pu242  (n,g    )  Pu243   2.11022E+01+- 4.00000E+00
    Pu243  (n,Dtot )          6.32362E+03+- 0.00000E+00          Pu243  (n,Ddiss)          6.32362E+03+- 0.00000E+00
    Pu243  (n,Ktot )          3.35830E+10+- 0.00000E+00          Pu243  (n,Kel  )          4.18684E-03+- 0.00000E+00
    Pu243  (n,Knone)          3.35830E+10+- 0.00000E+00          Pu243  (n,Kfiss)          3.30570E+10+- 0.00000E+00
    Pu243  (n,Kktot)          3.30570E+10+- 0.00000E+00          Pu243  (n,total)          2.87071E+02+- 0.00000E+00
    Pu243  (n,F    )          1.79902E+02+- 0.00000E+00          Pu243  (n,E    )  Pu243   1.97874E+01+- 0.00000E+00
    Pu243  (n,g    )  Pu244   8.73816E+01+- 0.00000E+00          Pu244  (n,Dtot )          1.18413E+01+- 0.00000E+00
    Pu244  (n,Ddiss)          5.77838E-01+- 0.00000E+00          Pu244  (n,Ktot )          8.45299E+06+- 0.00000E+00
    Pu244  (n,Kel  )          2.18873E-03+- 0.00000E+00          Pu244  (n,Knone)          8.45299E+06+- 0.00000E+00
    Pu244  (n,Kfiss)          3.11849E+05+- 0.00000E+00          Pu244  (n,Kphot)          8.14114E+06+- 0.00000E+00
    Pu244  (n,Kktot)          8.45299E+06+- 0.00000E+00          Pu244  (n,total)          1.20843E+01+- 2.00000E+01
    Pu244  (n,F    )          1.70119E-03+- 0.00000E+00          Pu244  (n,E    )  Pu244   1.03864E+01+- 2.00000E+01
    Pu244  (n,g    )  Pu245   1.69617E+00+- 0.00000E+00          Pu246  (n,Dtot )          5.05034E+01+- 0.00000E+00
    Pu246  (n,Ddiss)          2.99701E+01+- 0.00000E+00          Pu246  (n,Ktot )          3.57731E+08+- 0.00000E+00
    Pu246  (n,Kel  )          2.28302E-03+- 0.00000E+00          Pu246  (n,Knone)          3.57731E+08+- 0.00000E+00
    Pu246  (n,Kfiss)          5.83306E+05+- 0.00000E+00          Pu246  (n,Kphot)          3.57147E+08+- 0.00000E+00
    Pu246  (n,Kktot)          3.57731E+08+- 0.00000E+00          Pu246  (n,total)          9.03021E+01+- 4.40000E+01
    Pu246  (n,F    )          3.17502E-03+- 5.00000E+01          Pu246  (n,E    )  Pu246   1.09221E+01+- 5.00000E+01
    Pu246  (n,g    )  Pu247   7.93768E+01+- 5.00000E+01          Am240  (n,Dtot )          1.08706E+07+- 0.00000E+00
    Am240  (n,Ddiss)          4.74101E+02+- 0.00000E+00          Am240  (n,Ktot )          2.82310E+11+- 0.00000E+00
    Am240  (n,Kel  )          2.42573E-03+- 0.00000E+00          Am240  (n,Knone)          2.82310E+11+- 0.00000E+00
    Am240  (n,Kfiss)          2.80460E+11+- 0.00000E+00          Am240  (n,Kphot)          1.84459E+09+- 0.00000E+00
    Am240  (n,Kktot)          2.82310E+11+- 0.00000E+00          Am240  (n,total)          1.77723E+03+- 7.70000E+01
    Am240  (n,F    )          1.48806E+03+- 9.00000E+01          Am240  (n,E    )  Am240   1.13235E+01+- 9.00000E+01
    Am240  (n,g    )  Am241   2.77839E+02+- 9.00000E+01          Am241  (n,Dtot )          4.19438E+04+- 0.00000E+00
    Am241  (n,Ddiss)          4.19438E+04+- 0.00000E+00          Am241  (n,Ktot )          4.32240E+09+- 0.00000E+00
    Am241  (n,Kel  )          2.51943E-03+- 0.00000E+00          Am241  (n,Knone)          4.32240E+09+- 0.00000E+00
    Am241  (n,Kfiss)          5.67881E+08+- 0.00000E+00          Am241  (n,Kktot)          5.67927E+08+- 0.00000E+00
    Am241  (n,total)          6.92706E+02+- 1.50000E+01          Am241  (n,F    )          3.08783E+00+- 5.00000E+00
    Am241  (n,E    )  Am241   1.18098E+01+- 0.00000E+00          Am241  (n,g    )  Am242   6.10028E+02+- 5.00000E+00
    Am241  (n,g    )  Am242m  6.77809E+01+- 5.00000E+00          Am242  (n,Dtot )          1.51222E+07+- 0.00000E+00
    Am242  (n,Ddiss)          1.76399E+04+- 0.00000E+00          Am242  (n,Ktot )          3.90590E+11+- 0.00000E+00
    Am242  (n,Kel  )          1.63153E-03+- 0.00000E+00          Am242  (n,Knone)          3.90590E+11+- 0.00000E+00
    Am242  (n,Kfiss)          3.89200E+11+- 0.00000E+00          Am242  (n,Kktot)          3.89200E+11+- 0.00000E+00
    Am242  (n,total)          2.30609E+03+- 0.00000E+00          Am242  (n,F    )          2.08089E+03+- 0.00000E+00
    Am242  (n,E    )  Am242   7.67921E+00+- 0.00000E+00          Am242  (n,g    )  Am243   2.17516E+02+- 0.00000E+00
    Am242m (n,Dtot )          4.62895E+07+- 0.00000E+00          Am242m (n,Ddiss)          9.93760E+04+- 0.00000E+00
    Am242m (n,Ktot )          1.19800E+12+- 0.00000E+00          Am242m (n,Kel  )          1.11980E-03+- 0.00000E+00
    Am242m (n,Knone)          1.19800E+12+- 0.00000E+00          Am242m (n,Kfiss)          1.19020E+12+- 0.00000E+00
    Am242m (n,Kktot)          1.19020E+12+- 0.00000E+00          Am242m (n,total)          7.59283E+03+- 0.00000E+00
    Am242m (n,F    )          6.36329E+03+- 5.00000E+00          Am242m (n,E    )  Am242   5.27064E+00+- 5.00000E+00
    Am242m (n,g    )  Am243   1.22427E+03+- 2.50000E+01          Am243  (n,Dtot )          4.59801E+03+- 0.00000E+00
    Am243  (n,Ddiss)          4.59801E+03+- 0.00000E+00          Am243  (n,Ktot )          4.42758E+08+- 0.00000E+00
    Am243  (n,Kel  )          1.66751E-03+- 0.00000E+00          Am243  (n,Knone)          4.42758E+08+- 0.00000E+00
    Am243  (n,Kfiss)          1.47583E+07+- 0.00000E+00          Am243  (n,Kktot)          1.47634E+07+- 0.00000E+00
    Am243  (n,total)          8.77627E+01+- 0.00000E+00          Am243  (n,nonel)          7.98819E+01+- 0.00000E+00
    Am243  (n,F    )          8.06883E-02+- 4.00000E+00          Am243  (n,E    )  Am243   7.88080E+00+- 5.00000E+00
    Am243  (n,g    )  Am244   4.14966E+00+- 3.00000E+00          Am243  (n,g    )  Am244m  7.56516E+01+- 3.00000E+00
    Am244  (n,Dtot )          4.33668E+04+- 0.00000E+00          Am244  (n,Ddiss)          4.33668E+04+- 0.00000E+00
    Am244  (n,Ktot )          4.31520E+11+- 0.00000E+00          Am244  (n,Kel  )          2.45418E-03+- 0.00000E+00
    Am244  (n,Knone)          4.31520E+11+- 0.00000E+00          Am244  (n,Kfiss)          4.27920E+11+- 0.00000E+00
    Am244  (n,Kktot)          4.27920E+11+- 0.00000E+00          Am244  (n,total)          2.88883E+03+- 0.00000E+00
    Am244  (n,F    )          2.28191E+03+- 0.00000E+00          Am244  (n,E    )  Am244   1.16461E+01+- 0.00000E+00
    Am244  (n,g    )  Am245   5.95275E+02+- 0.00000E+00          Am244m (n,Dtot )          2.97446E+04+- 0.00000E+00
    Am244m (n,Ddiss)          2.97446E+04+- 0.00000E+00          Am244m (n,Ktot )          3.00150E+11+- 0.00000E+00
    Am244m (n,Kel  )          2.45407E-03+- 0.00000E+00          Am244m (n,Knone)          3.00150E+11+- 0.00000E+00
    Am244m (n,Kfiss)          2.97700E+11+- 0.00000E+00          Am244m (n,Kktot)          2.97700E+11+- 0.00000E+00
    Am244m (n,total)          1.99604E+03+- 0.00000E+00          Am244m (n,F    )          1.58755E+03+- 0.00000E+00
    Am244m (n,E    )  Am244   1.16456E+01+- 0.00000E+00          Am244m (n,g    )  Am245   3.96849E+02+- 0.00000E+00
    Cm240  (n,Dtot )          2.25270E+05+- 0.00000E+00          Cm240  (n,Ddiss)          9.07498E+01+- 0.00000E+00
    Cm240  (n,Ktot )          5.98754E+09+- 0.00000E+00          Cm240  (n,Kel  )          2.33986E-03+- 0.00000E+00
    Cm240  (n,Knone)          5.98754E+09+- 0.00000E+00          Cm240  (n,Kfiss)          5.68574E+09+- 0.00000E+00
    Cm240  (n,Kphot)          3.01795E+08+- 0.00000E+00          Cm240  (n,Kktot)          5.98754E+09+- 0.00000E+00
    Cm240  (n,total)          9.02964E+01+- 3.30000E+01          Cm240  (n,F    )          2.97692E+01+- 5.00000E+01
    Cm240  (n,E    )  Cm240   1.09227E+01+- 5.00000E+01          Cm240  (n,g    )  Cm241   4.96046E+01+- 5.00000E+01
    Cm241  (n,Dtot )          7.48057E+06+- 0.00000E+00          Cm241  (n,Ddiss)          5.23666E+02+- 0.00000E+00
    Cm241  (n,Ktot )          1.91670E+11+- 0.00000E+00          Cm241  (n,Kel  )          2.26605E-03+- 0.00000E+00
    Cm241  (n,Knone)          1.91670E+11+- 0.00000E+00          Cm241  (n,Kfiss)          1.90290E+11+- 0.00000E+00
    Cm241  (n,Kphot)          1.37981E+09+- 0.00000E+00          Cm241  (n,Kktot)          1.91670E+11+- 0.00000E+00
    Cm241  (n,total)          1.20109E+03+- 4.20000E+01          Cm241  (n,F    )          9.92055E+02+- 5.00000E+01
    Cm241  (n,E    )  Cm241   1.06220E+01+- 5.00000E+01          Cm241  (n,g    )  Cm242   1.98411E+02+- 5.00000E+01
    Cm242  (n,Dtot )          3.51833E+04+- 0.00000E+00          Cm242  (n,Ddiss)          2.77536E+01+- 0.00000E+00
    Cm242  (n,Ktot )          9.77822E+08+- 0.00000E+00          Cm242  (n,Kel  )          2.67961E-03+- 0.00000E+00
    Cm242  (n,Knone)          9.77822E+08+- 0.00000E+00          Cm242  (n,Kfiss)          8.69797E+08+- 0.00000E+00
    Cm242  (n,Kphot)          1.08025E+08+- 0.00000E+00          Cm242  (n,Kktot)          9.77822E+08+- 0.00000E+00
    Cm242  (n,total)          3.62144E+01+- 1.00000E+01          Cm242  (n,F    )          4.62717E+00+- 0.00000E+00
    Cm242  (n,E    )  Cm242   1.26122E+01+- 1.00000E+01          Cm242  (n,g    )  Cm243   1.89750E+01+- 5.00000E+00
    Cm243  (n,Dtot )          4.43632E+06+- 0.00000E+00          Cm243  (n,Ddiss)          2.14661E+02+- 0.00000E+00
    Cm243  (n,Ktot )          1.09760E+11+- 0.00000E+00          Cm243  (n,Kel  )          1.87273E-03+- 0.00000E+00
    Cm243  (n,Knone)          1.09760E+11+- 0.00000E+00          Cm243  (n,Kfiss)          1.08870E+11+- 0.00000E+00
    Cm243  (n,Kphot)          8.89117E+08+- 0.00000E+00          Cm243  (n,Kktot)          1.09760E+11+- 0.00000E+00
    Cm243  (n,total)          7.21707E+02+- 0.00000E+00          Cm243  (n,F    )          5.82649E+02+- 0.00000E+00
    Cm243  (n,E    )  Cm243   8.85070E+00+- 1.00000E+01          Cm243  (n,g    )  Cm244   1.30207E+02+- 3.00000E+01
    Cm244  (n,Dtot )          7.65707E+03+- 0.00000E+00          Cm244  (n,Ddiss)          1.33041E+01+- 0.00000E+00
    Cm244  (n,Ktot )          2.78158E+08+- 0.00000E+00          Cm244  (n,Kel  )          2.61059E-03+- 0.00000E+00
    Cm244  (n,Knone)          2.78158E+08+- 0.00000E+00          Cm244  (n,Kfiss)          1.94474E+08+- 0.00000E+00
    Cm244  (n,Kphot)          8.36838E+07+- 0.00000E+00          Cm244  (n,Kktot)          2.78158E+08+- 0.00000E+00
    Cm244  (n,total)          2.85127E+01+- 2.00000E+01          Cm244  (n,F    )          1.01387E+00+- 1.50000E+01
    Cm244  (n,E    )  Cm244   1.23882E+01+- 2.00000E+01          Cm244  (n,g    )  Cm245   1.51105E+01+- 0.00000E+00
    Cm245  (n,Dtot )          1.46500E+07+- 0.00000E+00          Cm245  (n,Ddiss)          4.32672E+02+- 0.00000E+00
    Cm245  (n,Ktot )          3.80480E+11+- 0.00000E+00          Cm245  (n,Kel  )          2.15092E-03+- 0.00000E+00
    Cm245  (n,Knone)          3.80480E+11+- 0.00000E+00          Cm245  (n,Kfiss)          3.78260E+11+- 0.00000E+00
    Cm245  (n,Kphot)          2.21439E+09+- 0.00000E+00          Cm245  (n,Kktot)          3.80480E+11+- 0.00000E+00
    Cm245  (n,total)          2.38499E+03+- 1.00000E+01          Cm245  (n,F    )          2.03166E+03+- 5.00000E+00
    Cm245  (n,E    )  Cm245   1.02483E+01+- 1.00000E+01          Cm245  (n,g    )  Cm246   3.43076E+02+- 1.00000E+01
    Cm246  (n,Dtot )          3.22817E+02+- 0.00000E+00          Cm246  (n,Ddiss)          9.54206E-01+- 0.00000E+00
    Cm246  (n,Ktot )          1.43927E+07+- 0.00000E+00          Cm246  (n,Kel  )          1.92747E-03+- 0.00000E+00
    Cm246  (n,Knone)          1.43927E+07+- 0.00000E+00          Cm246  (n,Kfiss)          8.36904E+06+- 0.00000E+00
    Cm246  (n,Kphot)          6.02368E+06+- 0.00000E+00          Cm246  (n,Kktot)          1.43927E+07+- 0.00000E+00
    Cm246  (n,total)          1.04346E+01+- 1.00000E+01          Cm246  (n,F    )          4.36572E-02+- 5.00000E+01
    Cm246  (n,E    )  Cm246   9.22107E+00+- 1.00000E+01          Cm246  (n,g    )  Cm247   1.16984E+00+- 1.50000E+01
    Cm247  (n,Dtot )          6.58866E+05+- 0.00000E+00          Cm247  (n,Ddiss)          5.34792E+01+- 0.00000E+00
    Cm247  (n,Ktot )          1.84010E+10+- 0.00000E+00          Cm247  (n,Kel  )          1.73775E-03+- 0.00000E+00
    Cm247  (n,Knone)          1.84010E+10+- 0.00000E+00          Cm247  (n,Kfiss)          1.80310E+10+- 0.00000E+00
    Cm247  (n,Kphot)          3.69943E+08+- 0.00000E+00          Cm247  (n,Kktot)          1.84010E+10+- 0.00000E+00
    Cm247  (n,total)          1.61766E+02+- 1.00000E+01          Cm247  (n,F    )          9.39792E+01+- 0.00000E+00
    Cm247  (n,E    )  Cm247   8.34710E+00+- 2.00000E+01          Cm247  (n,g    )  Cm248   5.94399E+01+- 2.00000E+01
    Cm248  (n,Dtot )          2.43155E+03+- 0.00000E+00          Cm248  (n,Ddiss)          2.50760E+00+- 0.00000E+00
    Cm248  (n,Ktot )          7.70398E+07+- 0.00000E+00          Cm248  (n,Kel  )          1.44918E-03+- 0.00000E+00
    Cm248  (n,Knone)          7.70398E+07+- 0.00000E+00          Cm248  (n,Kfiss)          6.35837E+07+- 0.00000E+00
    Cm248  (n,Kphot)          1.34561E+07+- 0.00000E+00          Cm248  (n,Kktot)          7.70398E+07+- 0.00000E+00
    Cm248  (n,total)          1.01717E+01+- 1.00000E+01          Cm248  (n,F    )          3.33903E-01+- 0.00000E+00
    Cm248  (n,E    )  Cm248   6.98896E+00+- 1.00000E+01          Cm248  (n,g    )  Cm249   2.84882E+00+- 0.00000E+00
    Cm249  (n,Dtot )          6.78250E+04+- 0.00000E+00          Cm249  (n,Ddiss)          2.06671E+00+- 0.00000E+00
    Cm249  (n,Ktot )          1.90679E+09+- 0.00000E+00          Cm249  (n,Kel  )          2.04869E-03+- 0.00000E+00
    Cm249  (n,Knone)          1.90679E+09+- 0.00000E+00          Cm249  (n,Kfiss)          1.89753E+09+- 0.00000E+00
    Cm249  (n,Kphot)          9.26132E+06+- 0.00000E+00          Cm249  (n,Kktot)          1.90679E+09+- 0.00000E+00
    Cm249  (n,total)          2.14295E+01+- 3.30000E+01          Cm249  (n,F    )          9.92208E+00+- 5.00000E+01
    Cm249  (n,E    )  Cm249   9.91986E+00+- 5.00000E+01          Cm249  (n,g    )  Cm250   1.58759E+00+- 5.00000E+01
    Cm250  (n,Dtot )          1.78572E+02+- 0.00000E+00          Cm250  (n,Ddiss)          3.72434E+01+- 0.00000E+00
    Cm250  (n,Ktot )          3.59788E+08+- 0.00000E+00          Cm250  (n,Kel  )          2.24196E-03+- 0.00000E+00
    Cm250  (n,Knone)          3.59788E+08+- 0.00000E+00          Cm250  (n,Kfiss)          4.03627E+06+- 0.00000E+00
    Cm250  (n,Kphot)          3.55751E+08+- 0.00000E+00          Cm250  (n,Kktot)          3.59788E+08+- 0.00000E+00
    Cm250  (n,total)          9.15904E+01+- 4.40000E+01          Cm250  (n,F    )          2.11974E-02+- 5.00000E+01
    Cm250  (n,E    )  Cm250   1.08991E+01+- 5.00000E+01          Cm250  (n,g    )  Cm251   8.06701E+01+- 5.00000E+01
    Bk245  (n,Dtot )          2.24091E+04+- 0.00000E+00          Bk245  (n,Ddiss)          9.73631E+02+- 0.00000E+00
    Bk245  (n,Ktot )          6.43103E+09+- 0.00000E+00          Bk245  (n,Kel  )          2.16613E-03+- 0.00000E+00
    Bk245  (n,Knone)          6.43103E+09+- 0.00000E+00          Bk245  (n,Kfiss)          5.58898E+08+- 0.00000E+00
    Bk245  (n,Kphot)          5.87213E+09+- 0.00000E+00          Bk245  (n,Kktot)          6.43103E+09+- 0.00000E+00
    Bk245  (n,total)          1.00536E+03+- 8.90000E+01          Bk245  (n,F    )          2.87778E+00+- 9.00000E+01
    Bk245  (n,E    )  Bk245   1.03210E+01+- 9.00000E+01          Bk245  (n,g    )  Bk246   9.92165E+02+- 9.00000E+01
    Bk246  (n,Dtot )          1.32343E+07+- 0.00000E+00          Bk246  (n,Ddiss)          1.08173E+03+- 0.00000E+00
    Bk246  (n,Ktot )          3.54700E+11+- 0.00000E+00          Bk246  (n,Kel  )          2.13641E-03+- 0.00000E+00
    Bk246  (n,Knone)          3.54700E+11+- 0.00000E+00          Bk246  (n,Kfiss)          3.50180E+11+- 0.00000E+00
    Bk246  (n,Kphot)          4.52472E+09+- 0.00000E+00          Bk246  (n,Kktot)          3.54700E+11+- 0.00000E+00
    Bk246  (n,total)          2.49120E+03+- 6.90000E+01          Bk246  (n,F    )          1.78656E+03+- 9.00000E+01
    Bk246  (n,E    )  Bk246   1.02207E+01+- 9.00000E+01          Bk246  (n,g    )  Bk247   6.94424E+02+- 9.00000E+01
    Bk247  (n,Dtot )          2.72661E+04+- 0.00000E+00          Bk247  (n,Ddiss)          6.34253E+02+- 0.00000E+00
    Bk247  (n,Ktot )          6.13443E+09+- 0.00000E+00          Bk247  (n,Kel  )          2.10694E-03+- 0.00000E+00
    Bk247  (n,Knone)          6.13443E+09+- 0.00000E+00          Bk247  (n,Kfiss)          7.14687E+08+- 0.00000E+00
    Bk247  (n,Kphot)          5.41973E+09+- 0.00000E+00          Bk247  (n,Kktot)          6.13443E+09+- 0.00000E+00
    Bk247  (n,total)          1.00606E+03+- 4.90000E+01          Bk247  (n,F    )          3.67130E+00+- 5.00000E+01
    Bk247  (n,E    )  Bk247   1.01204E+01+- 5.00000E+01          Bk247  (n,g    )  Bk248   9.92264E+02+- 5.00000E+01
    Bk248  (n,Dtot )          1.43583E+07+- 0.00000E+00          Bk248  (n,Ddiss)          9.30627E+02+- 0.00000E+00
    Bk248  (n,Ktot )          3.92940E+11+- 0.00000E+00          Bk248  (n,Kel  )          2.09848E-03+- 0.00000E+00
    Bk248  (n,Knone)          3.92940E+11+- 0.00000E+00          Bk248  (n,Kfiss)          3.87670E+11+- 0.00000E+00
    Bk248  (n,Kphot)          5.26440E+09+- 0.00000E+00          Bk248  (n,Kktot)          3.92940E+11+- 0.00000E+00
    Bk248  (n,total)          2.84750E+03+- 6.80000E+01          Bk248  (n,F    )          1.98430E+03+- 9.00000E+01
    Bk248  (n,E    )  Bk248   1.01203E+01+- 9.00000E+01          Bk248  (n,g    )  Bk249   8.53083E+02+- 9.00000E+01
    Bk249  (n,Dtot )          2.82484E+04+- 0.00000E+00          Bk249  (n,Ddiss)          3.32140E+02+- 0.00000E+00
    Bk249  (n,Ktot )          4.26612E+09+- 0.00000E+00          Bk249  (n,Kel  )          8.11745E-04+- 0.00000E+00
    Bk249  (n,Knone)          4.26612E+09+- 0.00000E+00          Bk249  (n,Kfiss)          7.67246E+08+- 0.00000E+00
    Bk249  (n,Kphot)          3.49887E+09+- 0.00000E+00          Bk249  (n,Kktot)          4.26612E+09+- 0.00000E+00
    Bk249  (n,total)          7.15584E+02+- 0.00000E+00          Bk249  (n,F    )          3.95198E+00+- 0.00000E+00
    Bk249  (n,E    )  Bk249   3.93055E+00+- 2.00000E+01          Bk249  (n,g    )  Bk250   7.07701E+02+- 0.00000E+00
    Bk250  (n,Dtot )          6.85001E+06+- 0.00000E+00          Bk250  (n,Ddiss)          7.57559E+02+- 0.00000E+00
    Bk250  (n,Ktot )          1.94680E+11+- 0.00000E+00          Bk250  (n,Kel  )          1.99931E-03+- 0.00000E+00
    Bk250  (n,Knone)          1.94680E+11+- 0.00000E+00          Bk250  (n,Kfiss)          1.90190E+11+- 0.00000E+00
    Bk250  (n,Kphot)          4.48605E+09+- 0.00000E+00          Bk250  (n,Kktot)          1.94680E+11+- 0.00000E+00
    Bk250  (n,total)          1.75645E+03+- 2.40000E+01          Bk250  (n,F    )          9.72577E+02+- 1.90000E+01
    Bk250  (n,E    )  Bk250   9.71938E+00+- 5.00000E+01          Bk250  (n,g    )  Bk251   7.74157E+02+- 5.00000E+01
    Cf246  (n,Dtot )          1.06738E+07+- 0.00000E+00          Cf246  (n,Ddiss)          1.68111E+03+- 0.00000E+00
    Cf246  (n,Ktot )          2.85780E+11+- 0.00000E+00          Cf246  (n,Kel  )          2.22019E-03+- 0.00000E+00
    Cf246  (n,Knone)          2.85780E+11+- 0.00000E+00          Cf246  (n,Kfiss)          2.75680E+11+- 0.00000E+00
    Cf246  (n,Kphot)          1.01050E+10+- 0.00000E+00          Cf246  (n,Kktot)          2.85780E+11+- 0.00000E+00
    Cf246  (n,total)          3.08667E+03+- 6.40000E+01          Cf246  (n,F    )          1.38915E+03+- 9.00000E+01
    Cf246  (n,E    )  Cf246   1.06215E+01+- 9.00000E+01          Cf246  (n,g    )  Cf247   1.68690E+03+- 9.00000E+01
    Cf248  (n,Dtot )          5.20204E+06+- 0.00000E+00          Cf248  (n,Ddiss)          1.59810E+03+- 0.00000E+00
    Cf248  (n,Ktot )          1.46660E+11+- 0.00000E+00          Cf248  (n,Kel  )          2.20237E-03+- 0.00000E+00
    Cf248  (n,Knone)          1.46660E+11+- 0.00000E+00          Cf248  (n,Kfiss)          1.37460E+11+- 0.00000E+00
    Cf248  (n,Kphot)          9.19602E+09+- 0.00000E+00          Cf248  (n,Kktot)          1.46660E+11+- 0.00000E+00
    Cf248  (n,total)          2.39164E+03+- 6.90000E+01          Cf248  (n,F    )          6.94522E+02+- 9.00000E+01
    Cf248  (n,E    )  Cf248   1.06213E+01+- 9.00000E+01          Cf248  (n,g    )  Cf249   1.68649E+03+- 9.00000E+01
    Cf249  (n,Dtot )          1.23789E+07+- 0.00000E+00          Cf249  (n,Ddiss)          6.82217E+02+- 0.00000E+00
    Cf249  (n,Ktot )          3.23700E+11+- 0.00000E+00          Cf249  (n,Kel  )          1.28881E-03+- 0.00000E+00
    Cf249  (n,Knone)          3.23700E+11+- 0.00000E+00          Cf249  (n,Kfiss)          3.20460E+11+- 0.00000E+00
    Cf249  (n,Kphot)          3.24499E+09+- 0.00000E+00          Cf249  (n,Kktot)          3.23700E+11+- 0.00000E+00
    Cf249  (n,total)          2.16340E+03+- 0.00000E+00          Cf249  (n,F    )          1.65576E+03+- 0.00000E+00
    Cf249  (n,E    )  Cf249   6.24062E+00+- 2.00000E+01          Cf249  (n,g    )  Cf250   5.01397E+02+- 0.00000E+00
    Cf250  (n,Dtot )          8.08529E+05+- 0.00000E+00          Cf250  (n,Ddiss)          2.24436E+03+- 0.00000E+00
    Cf250  (n,Ktot )          3.19100E+10+- 0.00000E+00          Cf250  (n,Kel  )          4.59883E-04+- 0.00000E+00
    Cf250  (n,Knone)          3.19100E+10+- 0.00000E+00          Cf250  (n,Kfiss)          2.18900E+10+- 0.00000E+00
    Cf250  (n,Kphot)          1.00200E+10+- 0.00000E+00          Cf250  (n,Kktot)          3.19100E+10+- 0.00000E+00
    Cf250  (n,total)          2.10608E+03+- 0.00000E+00          Cf250  (n,F    )          1.10392E+02+- 0.00000E+00
    Cf250  (n,E    )  Cf250   2.23590E+00+- 2.00000E+01          Cf250  (n,g    )  Cf251   1.99345E+03+- 0.00000E+00
    Cf251  (n,Dtot )          3.55578E+07+- 0.00000E+00          Cf251  (n,Ddiss)          3.24517E+03+- 0.00000E+00
    Cf251  (n,Ktot )          9.57880E+11+- 0.00000E+00          Cf251  (n,Kel  )          1.82622E-03+- 0.00000E+00
    Cf251  (n,Knone)          9.57880E+11+- 0.00000E+00          Cf251  (n,Kfiss)          9.40610E+11+- 0.00000E+00
    Cf251  (n,Kphot)          1.72730E+10+- 0.00000E+00          Cf251  (n,Kktot)          9.57880E+11+- 0.00000E+00
    Cf251  (n,total)          7.71755E+03+- 0.00000E+00          Cf251  (n,F    )          4.87904E+03+- 0.00000E+00
    Cf251  (n,E    )  Cf251   8.91385E+00+- 2.00000E+01          Cf251  (n,g    )  Cf252   2.82960E+03+- 0.00000E+00
    Cf253  (n,Dtot )          9.20022E+06+- 0.00000E+00          Cf253  (n,Ddiss)          1.58795E+01+- 0.00000E+00
    Cf253  (n,Ktot )          2.56190E+11+- 0.00000E+00          Cf253  (n,Kel  )          2.13864E-03+- 0.00000E+00
    Cf253  (n,Knone)          2.56190E+11+- 0.00000E+00          Cf253  (n,Kfiss)          2.56080E+11+- 0.00000E+00
    Cf253  (n,Kphot)          1.17639E+08+- 0.00000E+00          Cf253  (n,Kktot)          2.56190E+11+- 0.00000E+00
    Cf253  (n,total)          1.32042E+03+- 8.80000E+01          Cf253  (n,F    )          1.29006E+03+- 9.00000E+01
    Cf253  (n,E    )  Cf253   1.05207E+01+- 9.00000E+01          Cf253  (n,g    )  Cf254   1.98363E+01+- 9.00000E+01
    Cf254  (n,Dtot )          1.38297E+04+- 0.00000E+00          Cf254  (n,Ddiss)          1.25855E+00+- 0.00000E+00
    Cf254  (n,Ktot )          4.12104E+08+- 0.00000E+00          Cf254  (n,Kel  )          2.17083E-03+- 0.00000E+00
    Cf254  (n,Knone)          4.12104E+08+- 0.00000E+00          Cf254  (n,Kfiss)          3.91494E+08+- 0.00000E+00
    Cf254  (n,Kphot)          2.06098E+07+- 0.00000E+00          Cf254  (n,Kktot)          4.12104E+08+- 0.00000E+00
    Cf254  (n,total)          1.71708E+01+- 3.40000E+01          Cf254  (n,F    )          1.98434E+00+- 5.00000E+01
    Cf254  (n,E    )  Cf254   1.07210E+01+- 5.00000E+01          Cf254  (n,g    )  Cf255   4.46545E+00+- 5.00000E+01
    Es251  (n,Dtot )          3.21786E+05+- 0.00000E+00          Es251  (n,Ddiss)          1.07192E+02+- 0.00000E+00
    Es251  (n,Ktot )          9.87113E+09+- 0.00000E+00          Es251  (n,Kel  )          2.03244E-03+- 0.00000E+00
    Es251  (n,Knone)          9.87113E+09+- 0.00000E+00          Es251  (n,Kfiss)          8.82078E+09+- 0.00000E+00
    Es251  (n,Kphot)          1.05036E+09+- 0.00000E+00          Es251  (n,Kktot)          9.87113E+09+- 0.00000E+00
    Es251  (n,total)          2.51028E+02+- 7.30000E+01          Es251  (n,F    )          4.26717E+01+- 9.00000E+01
    Es251  (n,E    )  Es251   9.91970E+00+- 9.00000E+01          Es251  (n,g    )  Es252   1.98437E+02+- 9.00000E+01
    Es252  (n,Dtot )          1.49341E+07+- 0.00000E+00          Es252  (n,Ddiss)          1.78147E+02+- 0.00000E+00
    Es252  (n,Ktot )          4.13130E+11+- 0.00000E+00          Es252  (n,Kel  )          2.10620E-03+- 0.00000E+00
    Es252  (n,Knone)          4.13130E+11+- 0.00000E+00          Es252  (n,Kfiss)          4.11870E+11+- 0.00000E+00
    Es252  (n,Kphot)          1.26167E+09+- 0.00000E+00          Es252  (n,Kktot)          4.13130E+11+- 0.00000E+00
    Es252  (n,total)          2.19305E+03+- 8.20000E+01          Es252  (n,F    )          1.98430E+03+- 9.00000E+01
    Es252  (n,E    )  Es252   1.03204E+01+- 9.00000E+01          Es252  (n,g    )  Es253   1.98430E+02+- 9.00000E+01
    Es253  (n,Dtot )          1.83566E+04+- 0.00000E+00          Es253  (n,Ddiss)          6.63633E+01+- 0.00000E+00
    Es253  (n,Ktot )          1.44983E+09+- 0.00000E+00          Es253  (n,Kel  )          1.44980E-03+- 0.00000E+00
    Es253  (n,Knone)          1.44983E+09+- 0.00000E+00          Es253  (n,Kfiss)          5.20175E+08+- 0.00000E+00
    Es253  (n,Kphot)          9.29651E+08+- 0.00000E+00          Es253  (n,Kktot)          1.44983E+09+- 0.00000E+00
    Es253  (n,total)          1.92167E+02+- 9.50000E+00          Es253  (n,F    )          2.48138E+00+- 5.00000E+01
    Es253  (n,E    )  Es253   7.13212E+00+- 5.00000E+01          Es253  (n,g    )  Es254   1.82553E+02+- 9.80000E+00
    Es254  (n,Dtot )          1.55191E+07+- 0.00000E+00          Es254  (n,Ddiss)          1.24523E+01+- 0.00000E+00
    Es254  (n,Ktot )          4.26320E+11+- 0.00000E+00          Es254  (n,Kel  )          2.06939E-03+- 0.00000E+00
    Es254  (n,Knone)          4.26320E+11+- 0.00000E+00          Es254  (n,Kfiss)          4.26150E+11+- 0.00000E+00
    Es254  (n,Kphot)          1.67755E+08+- 0.00000E+00          Es254  (n,Kktot)          4.26320E+11+- 0.00000E+00
    Es254  (n,total)          2.15002E+03+- 6.70000E+00          Es254  (n,F    )          2.11172E+03+- 6.80000E+00
    Es254  (n,E    )  Es254   1.02201E+01+- 5.00000E+01          Es254  (n,g    )  Es255   2.80802E+01+- 1.10000E+01
    Es254m (n,Dtot )          1.45952E+07+- 0.00000E+00          Es254m (n,Dinel)          8.78467E-02+- 0.00000E+00
    Es254m (n,Ddiss)          1.75188E+02+- 0.00000E+00          Es254m (n,Ktot )          4.19340E+11+- 0.00000E+00
    Es254m (n,Kel  )          1.90708E-03+- 0.00000E+00          Es254m (n,Knone)          4.19340E+11+- 0.00000E+00
    Es254m (n,Kinel)          9.91074E-02+- 0.00000E+00          Es254m (n,Kfiss)          4.17830E+11+- 0.00000E+00
    Es254m (n,Kphot)          1.50916E+09+- 0.00000E+00          Es254m (n,Kktot)          4.19340E+11+- 0.00000E+00
    Es254m (n,total)          2.24183E+03+- 8.00000E+01          Es254m (n,F    )          1.98433E+03+- 9.00000E+01
    Es254m (n,E    )  Es254   9.41848E+00+- 9.00000E+01          Es254m (n,n    )  Es254   2.97655E-04+- 0.00000E+00
    Es254m (n,g    )  Es255   2.48080E+02+- 9.00000E+01          Es255  (n,Dtot )          3.59441E+03+- 0.00000E+00
    Es255  (n,Ddiss)          1.37924E+01+- 0.00000E+00          Es255  (n,Ktot )          3.78236E+08+- 0.00000E+00
    Es255  (n,Kel  )          1.87942E-03+- 0.00000E+00          Es255  (n,Knone)          3.78236E+08+- 0.00000E+00
    Es255  (n,Kfiss)          1.05517E+08+- 0.00000E+00          Es255  (n,Kphot)          2.72719E+08+- 0.00000E+00
    Es255  (n,Kktot)          3.78236E+08+- 0.00000E+00          Es255  (n,total)          6.43574E+01+- 4.30000E+01
    Es255  (n,F    )          4.96352E-01+- 5.00000E+01          Es255  (n,E    )  Es255   9.31822E+00+- 5.00000E+01
    Es255  (n,g    )  Es256   5.45428E+01+- 5.00000E+01          Fm255  (n,Dtot )          2.53197E+07+- 0.00000E+00
    Fm255  (n,Ddiss)          2.54945E+02+- 0.00000E+00          Fm255  (n,Ktot )          6.96490E+11+- 0.00000E+00
    Fm255  (n,Kel  )          1.87942E-03+- 0.00000E+00          Fm255  (n,Knone)          6.96490E+11+- 0.00000E+00
    Fm255  (n,Kfiss)          6.94780E+11+- 0.00000E+00          Fm255  (n,Kphot)          1.70874E+09+- 0.00000E+00
    Fm255  (n,Kktot)          6.96490E+11+- 0.00000E+00          Fm255  (n,total)          3.61134E+03+- 4.60000E+01
    Fm255  (n,F    )          3.33412E+03+- 5.00000E+01          Fm255  (n,E    )  Fm255   9.31822E+00+- 5.00000E+01
    Fm255  (n,g    )  Fm256   2.67897E+02+- 5.00000E+01
1                                    N E U T R O N      S P E C T R U M


     Group    Upper         Lower         Flux          Group    Upper         Lower         Flux
     index    energy        energy                      index    energy        energy

        1  1.000000E+09  9.600000E+08  0.00000E+00       356  1.202264E+02  1.148154E+02  0.00000E+00
        2  9.600000E+08  9.200000E+08  0.00000E+00       357  1.148154E+02  1.096478E+02  0.00000E+00
        3  9.200000E+08  8.800000E+08  0.00000E+00       358  1.096478E+02  1.047129E+02  0.00000E+00
        4  8.800000E+08  8.400000E+08  0.00000E+00       359  1.047129E+02  1.000000E+02  0.00000E+00
        5  8.400000E+08  8.000000E+08  0.00000E+00       360  1.000000E+02  9.549926E+01  0.00000E+00
        6  8.000000E+08  7.600000E+08  0.00000E+00       361  9.549926E+01  9.120108E+01  0.00000E+00
        7  7.600000E+08  7.200000E+08  0.00000E+00       362  9.120108E+01  8.709636E+01  0.00000E+00
        8  7.200000E+08  6.800000E+08  0.00000E+00       363  8.709636E+01  8.317638E+01  0.00000E+00
        9  6.800000E+08  6.400000E+08  0.00000E+00       364  8.317638E+01  7.943282E+01  0.00000E+00
       10  6.400000E+08  6.000000E+08  0.00000E+00       365  7.943282E+01  7.585776E+01  0.00000E+00
       11  6.000000E+08  5.600000E+08  0.00000E+00       366  7.585776E+01  7.244360E+01  0.00000E+00
       12  5.600000E+08  5.200000E+08  0.00000E+00       367  7.244360E+01  6.918310E+01  0.00000E+00
       13  5.200000E+08  4.800000E+08  0.00000E+00       368  6.918310E+01  6.606934E+01  0.00000E+00
       14  4.800000E+08  4.400000E+08  0.00000E+00       369  6.606934E+01  6.309573E+01  0.00000E+00
       15  4.400000E+08  4.000000E+08  0.00000E+00       370  6.309573E+01  6.025596E+01  0.00000E+00
       16  4.000000E+08  3.600000E+08  0.00000E+00       371  6.025596E+01  5.754399E+01  0.00000E+00
       17  3.600000E+08  3.200000E+08  0.00000E+00       372  5.754399E+01  5.495409E+01  0.00000E+00
       18  3.200000E+08  2.800000E+08  0.00000E+00       373  5.495409E+01  5.248075E+01  0.00000E+00
       19  2.800000E+08  2.400000E+08  0.00000E+00       374  5.248075E+01  5.011872E+01  0.00000E+00
       20  2.400000E+08  2.000000E+08  0.00000E+00       375  5.011872E+01  4.786301E+01  0.00000E+00
       21  2.000000E+08  1.800000E+08  0.00000E+00       376  4.786301E+01  4.570882E+01  0.00000E+00
       22  1.800000E+08  1.600000E+08  0.00000E+00       377  4.570882E+01  4.365158E+01  0.00000E+00
       23  1.600000E+08  1.500000E+08  0.00000E+00       378  4.365158E+01  4.168694E+01  0.00000E+00
       24  1.500000E+08  1.400000E+08  0.00000E+00       379  4.168694E+01  3.981072E+01  0.00000E+00
       25  1.400000E+08  1.300000E+08  0.00000E+00       380  3.981072E+01  3.801894E+01  0.00000E+00
       26  1.300000E+08  1.200000E+08  0.00000E+00       381  3.801894E+01  3.630781E+01  0.00000E+00
       27  1.200000E+08  1.100000E+08  0.00000E+00       382  3.630781E+01  3.467369E+01  0.00000E+00
       28  1.100000E+08  1.000000E+08  0.00000E+00       383  3.467369E+01  3.311311E+01  0.00000E+00
       29  1.000000E+08  9.000000E+07  0.00000E+00       384  3.311311E+01  3.162278E+01  0.00000E+00
       30  9.000000E+07  8.000000E+07  0.00000E+00       385  3.162278E+01  3.019952E+01  0.00000E+00
       31  8.000000E+07  7.500000E+07  0.00000E+00       386  3.019952E+01  2.884032E+01  0.00000E+00
       32  7.500000E+07  7.000000E+07  0.00000E+00       387  2.884032E+01  2.754229E+01  0.00000E+00
       33  7.000000E+07  6.500000E+07  0.00000E+00       388  2.754229E+01  2.630268E+01  0.00000E+00
       34  6.500000E+07  6.000000E+07  0.00000E+00       389  2.630268E+01  2.511886E+01  0.00000E+00
       35  6.000000E+07  5.800000E+07  0.00000E+00       390  2.511886E+01  2.398833E+01  0.00000E+00
       36  5.800000E+07  5.600000E+07  0.00000E+00       391  2.398833E+01  2.290868E+01  0.00000E+00
       37  5.600000E+07  5.400000E+07  0.00000E+00       392  2.290868E+01  2.187762E+01  0.00000E+00
       38  5.400000E+07  5.200000E+07  0.00000E+00       393  2.187762E+01  2.089296E+01  0.00000E+00
       39  5.200000E+07  5.000000E+07  0.00000E+00       394  2.089296E+01  1.995262E+01  0.00000E+00
       40  5.000000E+07  4.800000E+07  0.00000E+00       395  1.995262E+01  1.905461E+01  0.00000E+00
       41  4.800000E+07  4.600000E+07  0.00000E+00       396  1.905461E+01  1.819701E+01  0.00000E+00
       42  4.600000E+07  4.400000E+07  0.00000E+00       397  1.819701E+01  1.737801E+01  0.00000E+00
       43  4.400000E+07  4.200000E+07  0.00000E+00       398  1.737801E+01  1.659587E+01  0.00000E+00
       44  4.200000E+07  4.000000E+07  0.00000E+00       399  1.659587E+01  1.584893E+01  0.00000E+00
       45  4.000000E+07  3.800000E+07  0.00000E+00       400  1.584893E+01  1.513561E+01  0.00000E+00
       46  3.800000E+07  3.600000E+07  0.00000E+00       401  1.513561E+01  1.445440E+01  0.00000E+00
       47  3.600000E+07  3.400000E+07  0.00000E+00       402  1.445440E+01  1.380384E+01  0.00000E+00
       48  3.400000E+07  3.200000E+07  0.00000E+00       403  1.380384E+01  1.318257E+01  0.00000E+00
       49  3.200000E+07  3.000000E+07  0.00000E+00       404  1.318257E+01  1.258925E+01  0.00000E+00
       50  3.000000E+07  2.900000E+07  0.00000E+00       405  1.258925E+01  1.202264E+01  0.00000E+00
       51  2.900000E+07  2.800000E+07  0.00000E+00       406  1.202264E+01  1.148154E+01  0.00000E+00
       52  2.800000E+07  2.700000E+07  0.00000E+00       407  1.148154E+01  1.096478E+01  0.00000E+00
       53  2.700000E+07  2.600000E+07  0.00000E+00       408  1.096478E+01  1.047129E+01  0.00000E+00
       54  2.600000E+07  2.500000E+07  0.00000E+00       409  1.047129E+01  1.000000E+01  0.00000E+00
       55  2.500000E+07  2.400000E+07  0.00000E+00       410  1.000000E+01  9.549926E+00  0.00000E+00
       56  2.400000E+07  2.300000E+07  0.00000E+00       411  9.549926E+00  9.120108E+00  0.00000E+00
       57  2.300000E+07  2.200000E+07  0.00000E+00       412  9.120108E+00  8.709636E+00  0.00000E+00
       58  2.200000E+07  2.100000E+07  0.00000E+00       413  8.709636E+00  8.317638E+00  0.00000E+00
       59  2.100000E+07  2.000000E+07  0.00000E+00       414  8.317638E+00  7.943282E+00  0.00000E+00
       60  2.000000E+07  1.980000E+07  0.00000E+00       415  7.943282E+00  7.585776E+00  0.00000E+00
       61  1.980000E+07  1.960000E+07  0.00000E+00       416  7.585776E+00  7.244360E+00  0.00000E+00
       62  1.960000E+07  1.940000E+07  0.00000E+00       417  7.244360E+00  6.918310E+00  0.00000E+00
       63  1.940000E+07  1.920000E+07  0.00000E+00       418  6.918310E+00  6.606934E+00  0.00000E+00
       64  1.920000E+07  1.900000E+07  0.00000E+00       419  6.606934E+00  6.309573E+00  0.00000E+00
       65  1.900000E+07  1.880000E+07  0.00000E+00       420  6.309573E+00  6.025596E+00  0.00000E+00
       66  1.880000E+07  1.860000E+07  0.00000E+00       421  6.025596E+00  5.754399E+00  0.00000E+00
       67  1.860000E+07  1.840000E+07  0.00000E+00       422  5.754399E+00  5.495409E+00  0.00000E+00
       68  1.840000E+07  1.820000E+07  0.00000E+00       423  5.495409E+00  5.248075E+00  0.00000E+00
       69  1.820000E+07  1.800000E+07  0.00000E+00       424  5.248075E+00  5.011872E+00  0.00000E+00
       70  1.800000E+07  1.780000E+07  0.00000E+00       425  5.011872E+00  4.786301E+00  0.00000E+00
       71  1.780000E+07  1.760000E+07  0.00000E+00       426  4.786301E+00  4.570882E+00  0.00000E+00
       72  1.760000E+07  1.740000E+07  0.00000E+00       427  4.570882E+00  4.365158E+00  0.00000E+00
       73  1.740000E+07  1.720000E+07  0.00000E+00       428  4.365158E+00  4.168694E+00  0.00000E+00
       74  1.720000E+07  1.700000E+07  0.00000E+00       429  4.168694E+00  3.981072E+00  0.00000E+00
       75  1.700000E+07  1.680000E+07  0.00000E+00       430  3.981072E+00  3.801894E+00  0.00000E+00
       76  1.680000E+07  1.660000E+07  0.00000E+00       431  3.801894E+00  3.630781E+00  0.00000E+00
       77  1.660000E+07  1.640000E+07  0.00000E+00       432  3.630781E+00  3.467369E+00  0.00000E+00
       78  1.640000E+07  1.620000E+07  0.00000E+00       433  3.467369E+00  3.311311E+00  0.00000E+00
       79  1.620000E+07  1.600000E+07  0.00000E+00       434  3.311311E+00  3.162278E+00  0.00000E+00
       80  1.600000E+07  1.580000E+07  0.00000E+00       435  3.162278E+00  3.019952E+00  0.00000E+00
       81  1.580000E+07  1.560000E+07  0.00000E+00       436  3.019952E+00  2.884032E+00  0.00000E+00
       82  1.560000E+07  1.540000E+07  0.00000E+00       437  2.884032E+00  2.754229E+00  0.00000E+00
       83  1.540000E+07  1.520000E+07  0.00000E+00       438  2.754229E+00  2.630268E+00  0.00000E+00
       84  1.520000E+07  1.500000E+07  0.00000E+00       439  2.630268E+00  2.511886E+00  0.00000E+00
       85  1.500000E+07  1.480000E+07  0.00000E+00       440  2.511886E+00  2.398833E+00  0.00000E+00
       86  1.480000E+07  1.460000E+07  0.00000E+00       441  2.398833E+00  2.290868E+00  0.00000E+00
       87  1.460000E+07  1.440000E+07  0.00000E+00       442  2.290868E+00  2.187762E+00  0.00000E+00
       88  1.440000E+07  1.420000E+07  0.00000E+00       443  2.187762E+00  2.089296E+00  0.00000E+00
       89  1.420000E+07  1.400000E+07  0.00000E+00       444  2.089296E+00  1.995262E+00  0.00000E+00
       90  1.400000E+07  1.380000E+07  0.00000E+00       445  1.995262E+00  1.905461E+00  0.00000E+00
       91  1.380000E+07  1.360000E+07  0.00000E+00       446  1.905461E+00  1.819701E+00  0.00000E+00
       92  1.360000E+07  1.340000E+07  0.00000E+00       447  1.819701E+00  1.737801E+00  0.00000E+00
       93  1.340000E+07  1.320000E+07  0.00000E+00       448  1.737801E+00  1.659587E+00  0.00000E+00
       94  1.320000E+07  1.300000E+07  0.00000E+00       449  1.659587E+00  1.584893E+00  0.00000E+00
       95  1.300000E+07  1.280000E+07  0.00000E+00       450  1.584893E+00  1.513561E+00  0.00000E+00
       96  1.280000E+07  1.260000E+07  0.00000E+00       451  1.513561E+00  1.445440E+00  0.00000E+00
       97  1.260000E+07  1.240000E+07  0.00000E+00       452  1.445440E+00  1.380384E+00  0.00000E+00
       98  1.240000E+07  1.220000E+07  0.00000E+00       453  1.380384E+00  1.318257E+00  0.00000E+00
       99  1.220000E+07  1.200000E+07  0.00000E+00       454  1.318257E+00  1.258925E+00  0.00000E+00
      100  1.200000E+07  1.180000E+07  0.00000E+00       455  1.258925E+00  1.202264E+00  0.00000E+00
      101  1.180000E+07  1.160000E+07  0.00000E+00       456  1.202264E+00  1.148154E+00  0.00000E+00
      102  1.160000E+07  1.140000E+07  0.00000E+00       457  1.148154E+00  1.096478E+00  0.00000E+00
      103  1.140000E+07  1.120000E+07  0.00000E+00       458  1.096478E+00  1.047129E+00  0.00000E+00
      104  1.120000E+07  1.100000E+07  0.00000E+00       459  1.047129E+00  1.000000E+00  0.00000E+00
      105  1.100000E+07  1.080000E+07  0.00000E+00       460  1.000000E+00  9.549926E-01  0.00000E+00
      106  1.080000E+07  1.060000E+07  0.00000E+00       461  9.549926E-01  9.120108E-01  0.00000E+00
      107  1.060000E+07  1.040000E+07  0.00000E+00       462  9.120108E-01  8.709636E-01  0.00000E+00
      108  1.040000E+07  1.020000E+07  0.00000E+00       463  8.709636E-01  8.317638E-01  0.00000E+00
      109  1.020000E+07  1.000000E+07  0.00000E+00       464  8.317638E-01  7.943282E-01  0.00000E+00
      110  1.000000E+07  9.549926E+06  0.00000E+00       465  7.943282E-01  7.585776E-01  0.00000E+00
      111  9.549926E+06  9.120108E+06  0.00000E+00       466  7.585776E-01  7.244360E-01  0.00000E+00
      112  9.120108E+06  8.709636E+06  0.00000E+00       467  7.244360E-01  6.918310E-01  0.00000E+00
      113  8.709636E+06  8.317638E+06  0.00000E+00       468  6.918310E-01  6.606934E-01  0.00000E+00
      114  8.317638E+06  7.943282E+06  0.00000E+00       469  6.606934E-01  6.309573E-01  0.00000E+00
      115  7.943282E+06  7.585776E+06  0.00000E+00       470  6.309573E-01  6.025596E-01  0.00000E+00
      116  7.585776E+06  7.244360E+06  0.00000E+00       471  6.025596E-01  5.754399E-01  0.00000E+00
      117  7.244360E+06  6.918310E+06  0.00000E+00       472  5.754399E-01  5.495409E-01  0.00000E+00
      118  6.918310E+06  6.606934E+06  0.00000E+00       473  5.495409E-01  5.248075E-01  0.00000E+00
      119  6.606934E+06  6.309573E+06  0.00000E+00       474  5.248075E-01  5.011872E-01  0.00000E+00
      120  6.309573E+06  6.025596E+06  0.00000E+00       475  5.011872E-01  4.786301E-01  0.00000E+00
      121  6.025596E+06  5.754399E+06  0.00000E+00       476  4.786301E-01  4.570882E-01  0.00000E+00
      122  5.754399E+06  5.495409E+06  0.00000E+00       477  4.570882E-01  4.365158E-01  0.00000E+00
      123  5.495409E+06  5.248075E+06  0.00000E+00       478  4.365158E-01  4.168694E-01  0.00000E+00
      124  5.248075E+06  5.011872E+06  0.00000E+00       479  4.168694E-01  3.981072E-01  0.00000E+00
      125  5.011872E+06  4.786301E+06  0.00000E+00       480  3.981072E-01  3.801894E-01  0.00000E+00
      126  4.786301E+06  4.570882E+06  0.00000E+00       481  3.801894E-01  3.630781E-01  0.00000E+00
      127  4.570882E+06  4.365158E+06  0.00000E+00       482  3.630781E-01  3.467369E-01  0.00000E+00
      128  4.365158E+06  4.168694E+06  0.00000E+00       483  3.467369E-01  3.311311E-01  0.00000E+00
      129  4.168694E+06  3.981072E+06  0.00000E+00       484  3.311311E-01  3.162278E-01  0.00000E+00
      130  3.981072E+06  3.801894E+06  0.00000E+00       485  3.162278E-01  3.019952E-01  0.00000E+00
      131  3.801894E+06  3.630781E+06  0.00000E+00       486  3.019952E-01  2.884032E-01  0.00000E+00
      132  3.630781E+06  3.467369E+06  0.00000E+00       487  2.884032E-01  2.754229E-01  0.00000E+00
      133  3.467369E+06  3.311311E+06  0.00000E+00       488  2.754229E-01  2.630268E-01  0.00000E+00
      134  3.311311E+06  3.162278E+06  0.00000E+00       489  2.630268E-01  2.511886E-01  0.00000E+00
      135  3.162278E+06  3.019952E+06  0.00000E+00       490  2.511886E-01  2.398833E-01  0.00000E+00
      136  3.019952E+06  2.884032E+06  0.00000E+00       491  2.398833E-01  2.290868E-01  0.00000E+00
      137  2.884032E+06  2.754229E+06  0.00000E+00       492  2.290868E-01  2.187762E-01  0.00000E+00
      138  2.754229E+06  2.630268E+06  0.00000E+00       493  2.187762E-01  2.089296E-01  0.00000E+00
      139  2.630268E+06  2.511886E+06  0.00000E+00       494  2.089296E-01  1.995262E-01  0.00000E+00
      140  2.511886E+06  2.398833E+06  0.00000E+00       495  1.995262E-01  1.905461E-01  0.00000E+00
      141  2.398833E+06  2.290868E+06  0.00000E+00       496  1.905461E-01  1.819701E-01  0.00000E+00
      142  2.290868E+06  2.187762E+06  0.00000E+00       497  1.819701E-01  1.737801E-01  0.00000E+00
      143  2.187762E+06  2.089296E+06  0.00000E+00       498  1.737801E-01  1.659587E-01  0.00000E+00
      144  2.089296E+06  1.995262E+06  0.00000E+00       499  1.659587E-01  1.584893E-01  0.00000E+00
      145  1.995262E+06  1.905461E+06  0.00000E+00       500  1.584893E-01  1.513561E-01  0.00000E+00
      146  1.905461E+06  1.819701E+06  0.00000E+00       501  1.513561E-01  1.445440E-01  0.00000E+00
      147  1.819701E+06  1.737801E+06  0.00000E+00       502  1.445440E-01  1.380384E-01  0.00000E+00
      148  1.737801E+06  1.659587E+06  0.00000E+00       503  1.380384E-01  1.318257E-01  0.00000E+00
      149  1.659587E+06  1.584893E+06  0.00000E+00       504  1.318257E-01  1.258925E-01  0.00000E+00
      150  1.584893E+06  1.513561E+06  0.00000E+00       505  1.258925E-01  1.202264E-01  0.00000E+00
      151  1.513561E+06  1.445440E+06  0.00000E+00       506  1.202264E-01  1.148154E-01  0.00000E+00
      152  1.445440E+06  1.380384E+06  0.00000E+00       507  1.148154E-01  1.096478E-01  0.00000E+00
      153  1.380384E+06  1.318257E+06  0.00000E+00       508  1.096478E-01  1.047129E-01  0.00000E+00
      154  1.318257E+06  1.258925E+06  0.00000E+00       509  1.047129E-01  1.000000E-01  0.00000E+00
      155  1.258925E+06  1.202264E+06  0.00000E+00       510  1.000000E-01  9.549926E-02  0.00000E+00
      156  1.202264E+06  1.148154E+06  0.00000E+00       511  9.549926E-02  9.120108E-02  0.00000E+00
      157  1.148154E+06  1.096478E+06  0.00000E+00       512  9.120108E-02  8.709636E-02  0.00000E+00
      158  1.096478E+06  1.047129E+06  0.00000E+00       513  8.709636E-02  8.317638E-02  0.00000E+00
      159  1.047129E+06  1.000000E+06  0.00000E+00       514  8.317638E-02  7.943282E-02  0.00000E+00
      160  1.000000E+06  9.549926E+05  0.00000E+00       515  7.943282E-02  7.585776E-02  0.00000E+00
      161  9.549926E+05  9.120108E+05  0.00000E+00       516  7.585776E-02  7.244360E-02  0.00000E+00
      162  9.120108E+05  8.709636E+05  0.00000E+00       517  7.244360E-02  6.918310E-02  0.00000E+00
      163  8.709636E+05  8.317638E+05  0.00000E+00       518  6.918310E-02  6.606934E-02  0.00000E+00
      164  8.317638E+05  7.943282E+05  0.00000E+00       519  6.606934E-02  6.309573E-02  0.00000E+00
      165  7.943282E+05  7.585776E+05  0.00000E+00       520  6.309573E-02  6.025596E-02  0.00000E+00
      166  7.585776E+05  7.244360E+05  0.00000E+00       521  6.025596E-02  5.754399E-02  0.00000E+00
      167  7.244360E+05  6.918310E+05  0.00000E+00       522  5.754399E-02  5.495409E-02  0.00000E+00
      168  6.918310E+05  6.606934E+05  0.00000E+00       523  5.495409E-02  5.248075E-02  0.00000E+00
      169  6.606934E+05  6.309573E+05  0.00000E+00       524  5.248075E-02  5.011872E-02  0.00000E+00
      170  6.309573E+05  6.025596E+05  0.00000E+00       525  5.011872E-02  4.786301E-02  0.00000E+00
      171  6.025596E+05  5.754399E+05  0.00000E+00       526  4.786301E-02  4.570882E-02  0.00000E+00
      172  5.754399E+05  5.495409E+05  0.00000E+00       527  4.570882E-02  4.365158E-02  0.00000E+00
      173  5.495409E+05  5.248075E+05  0.00000E+00       528  4.365158E-02  4.168694E-02  0.00000E+00
      174  5.248075E+05  5.011872E+05  0.00000E+00       529  4.168694E-02  3.981072E-02  0.00000E+00
      175  5.011872E+05  4.786301E+05  0.00000E+00       530  3.981072E-02  3.801894E-02  0.00000E+00
      176  4.786301E+05  4.570882E+05  0.00000E+00       531  3.801894E-02  3.630781E-02  0.00000E+00
      177  4.570882E+05  4.365158E+05  0.00000E+00       532  3.630781E-02  3.467369E-02  0.00000E+00
      178  4.365158E+05  4.168694E+05  0.00000E+00       533  3.467369E-02  3.311311E-02  0.00000E+00
      179  4.168694E+05  3.981072E+05  0.00000E+00       534  3.311311E-02  3.162278E-02  0.00000E+00
      180  3.981072E+05  3.801894E+05  0.00000E+00       535  3.162278E-02  3.019952E-02  0.00000E+00
      181  3.801894E+05  3.630781E+05  0.00000E+00       536  3.019952E-02  2.884032E-02  0.00000E+00
      182  3.630781E+05  3.467369E+05  0.00000E+00       537  2.884032E-02  2.754229E-02  0.00000E+00
      183  3.467369E+05  3.311311E+05  0.00000E+00       538  2.754229E-02  2.630268E-02  0.00000E+00
      184  3.311311E+05  3.162278E+05  0.00000E+00       539  2.630268E-02  2.511886E-02  1.00000E+13
      185  3.162278E+05  3.019952E+05  0.00000E+00       540  2.511886E-02  2.398833E-02  0.00000E+00
      186  3.019952E+05  2.884032E+05  0.00000E+00       541  2.398833E-02  2.290868E-02  0.00000E+00
      187  2.884032E+05  2.754229E+05  0.00000E+00       542  2.290868E-02  2.187762E-02  0.00000E+00
      188  2.754229E+05  2.630268E+05  0.00000E+00       543  2.187762E-02  2.089296E-02  0.00000E+00
      189  2.630268E+05  2.511886E+05  0.00000E+00       544  2.089296E-02  1.995262E-02  0.00000E+00
      190  2.511886E+05  2.398833E+05  0.00000E+00       545  1.995262E-02  1.905461E-02  0.00000E+00
      191  2.398833E+05  2.290868E+05  0.00000E+00       546  1.905461E-02  1.819701E-02  0.00000E+00
      192  2.290868E+05  2.187762E+05  0.00000E+00       547  1.819701E-02  1.737801E-02  0.00000E+00
      193  2.187762E+05  2.089296E+05  0.00000E+00       548  1.737801E-02  1.659587E-02  0.00000E+00
      194  2.089296E+05  1.995262E+05  0.00000E+00       549  1.659587E-02  1.584893E-02  0.00000E+00
      195  1.995262E+05  1.905461E+05  0.00000E+00       550  1.584893E-02  1.513561E-02  0.00000E+00
      196  1.905461E+05  1.819701E+05  0.00000E+00       551  1.513561E-02  1.445440E-02  0.00000E+00
      197  1.819701E+05  1.737801E+05  0.00000E+00       552  1.445440E-02  1.380384E-02  0.00000E+00
      198  1.737801E+05  1.659587E+05  0.00000E+00       553  1.380384E-02  1.318257E-02  0.00000E+00
      199  1.659587E+05  1.584893E+05  0.00000E+00       554  1.318257E-02  1.258925E-02  0.00000E+00
      200  1.584893E+05  1.513561E+05  0.00000E+00       555  1.258925E-02  1.202264E-02  0.00000E+00
      201  1.513561E+05  1.445440E+05  0.00000E+00       556  1.202264E-02  1.148154E-02  0.00000E+00
      202  1.445440E+05  1.380384E+05  0.00000E+00       557  1.148154E-02  1.096478E-02  0.00000E+00
      203  1.380384E+05  1.318257E+05  0.00000E+00       558  1.096478E-02  1.047129E-02  0.00000E+00
      204  1.318257E+05  1.258925E+05  0.00000E+00       559  1.047129E-02  1.000000E-02  0.00000E+00
      205  1.258925E+05  1.202264E+05  0.00000E+00       560  1.000000E-02  9.549926E-03  0.00000E+00
      206  1.202264E+05  1.148154E+05  0.00000E+00       561  9.549926E-03  9.120108E-03  0.00000E+00
      207  1.148154E+05  1.096478E+05  0.00000E+00       562  9.120108E-03  8.709636E-03  0.00000E+00
      208  1.096478E+05  1.047129E+05  0.00000E+00       563  8.709636E-03  8.317638E-03  0.00000E+00
      209  1.047129E+05  1.000000E+05  0.00000E+00       564  8.317638E-03  7.943282E-03  0.00000E+00
      210  1.000000E+05  9.549926E+04  0.00000E+00       565  7.943282E-03  7.585776E-03  0.00000E+00
      211  9.549926E+04  9.120108E+04  0.00000E+00       566  7.585776E-03  7.244360E-03  0.00000E+00
      212  9.120108E+04  8.709636E+04  0.00000E+00       567  7.244360E-03  6.918310E-03  0.00000E+00
      213  8.709636E+04  8.317638E+04  0.00000E+00       568  6.918310E-03  6.606934E-03  0.00000E+00
      214  8.317638E+04  7.943282E+04  0.00000E+00       569  6.606934E-03  6.309573E-03  0.00000E+00
      215  7.943282E+04  7.585776E+04  0.00000E+00       570  6.309573E-03  6.025596E-03  0.00000E+00
      216  7.585776E+04  7.244360E+04  0.00000E+00       571  6.025596E-03  5.754399E-03  0.00000E+00
      217  7.244360E+04  6.918310E+04  0.00000E+00       572  5.754399E-03  5.495409E-03  0.00000E+00
      218  6.918310E+04  6.606934E+04  0.00000E+00       573  5.495409E-03  5.248075E-03  0.00000E+00
      219  6.606934E+04  6.309573E+04  0.00000E+00       574  5.248075E-03  5.011872E-03  0.00000E+00
      220  6.309573E+04  6.025596E+04  0.00000E+00       575  5.011872E-03  4.786301E-03  0.00000E+00
      221  6.025596E+04  5.754399E+04  0.00000E+00       576  4.786301E-03  4.570882E-03  0.00000E+00
      222  5.754399E+04  5.495409E+04  0.00000E+00       577  4.570882E-03  4.365158E-03  0.00000E+00
      223  5.495409E+04  5.248075E+04  0.00000E+00       578  4.365158E-03  4.168694E-03  0.00000E+00
      224  5.248075E+04  5.011872E+04  0.00000E+00       579  4.168694E-03  3.981072E-03  0.00000E+00
      225  5.011872E+04  4.786301E+04  0.00000E+00       580  3.981072E-03  3.801894E-03  0.00000E+00
      226  4.786301E+04  4.570882E+04  0.00000E+00       581  3.801894E-03  3.630781E-03  0.00000E+00
      227  4.570882E+04  4.365158E+04  0.00000E+00       582  3.630781E-03  3.467369E-03  0.00000E+00
      228  4.365158E+04  4.168694E+04  0.00000E+00       583  3.467369E-03  3.311311E-03  0.00000E+00
      229  4.168694E+04  3.981072E+04  0.00000E+00       584  3.311311E-03  3.162278E-03  0.00000E+00
      230  3.981072E+04  3.801894E+04  0.00000E+00       585  3.162278E-03  3.019952E-03  0.00000E+00
      231  3.801894E+04  3.630781E+04  0.00000E+00       586  3.019952E-03  2.884032E-03  0.00000E+00
      232  3.630781E+04  3.467369E+04  0.00000E+00       587  2.884032E-03  2.754229E-03  0.00000E+00
      233  3.467369E+04  3.311311E+04  0.00000E+00       588  2.754229E-03  2.630268E-03  0.00000E+00
      234  3.311311E+04  3.162278E+04  0.00000E+00       589  2.630268E-03  2.511886E-03  0.00000E+00
      235  3.162278E+04  3.019952E+04  0.00000E+00       590  2.511886E-03  2.398833E-03  0.00000E+00
      236  3.019952E+04  2.884032E+04  0.00000E+00       591  2.398833E-03  2.290868E-03  0.00000E+00
      237  2.884032E+04  2.754229E+04  0.00000E+00       592  2.290868E-03  2.187762E-03  0.00000E+00
      238  2.754229E+04  2.630268E+04  0.00000E+00       593  2.187762E-03  2.089296E-03  0.00000E+00
      239  2.630268E+04  2.511886E+04  0.00000E+00       594  2.089296E-03  1.995262E-03  0.00000E+00
      240  2.511886E+04  2.398833E+04  0.00000E+00       595  1.995262E-03  1.905461E-03  0.00000E+00
      241  2.398833E+04  2.290868E+04  0.00000E+00       596  1.905461E-03  1.819701E-03  0.00000E+00
      242  2.290868E+04  2.187762E+04  0.00000E+00       597  1.819701E-03  1.737801E-03  0.00000E+00
      243  2.187762E+04  2.089296E+04  0.00000E+00       598  1.737801E-03  1.659587E-03  0.00000E+00
      244  2.089296E+04  1.995262E+04  0.00000E+00       599  1.659587E-03  1.584893E-03  0.00000E+00
      245  1.995262E+04  1.905461E+04  0.00000E+00       600  1.584893E-03  1.513561E-03  0.00000E+00
      246  1.905461E+04  1.819701E+04  0.00000E+00       601  1.513561E-03  1.445440E-03  0.00000E+00
      247  1.819701E+04  1.737801E+04  0.00000E+00       602  1.445440E-03  1.380384E-03  0.00000E+00
      248  1.737801E+04  1.659587E+04  0.00000E+00       603  1.380384E-03  1.318257E-03  0.00000E+00
      249  1.659587E+04  1.584893E+04  0.00000E+00       604  1.318257E-03  1.258925E-03  0.00000E+00
      250  1.584893E+04  1.513561E+04  0.00000E+00       605  1.258925E-03  1.202264E-03  0.00000E+00
      251  1.513561E+04  1.445440E+04  0.00000E+00       606  1.202264E-03  1.148154E-03  0.00000E+00
      252  1.445440E+04  1.380384E+04  0.00000E+00       607  1.148154E-03  1.096478E-03  0.00000E+00
      253  1.380384E+04  1.318257E+04  0.00000E+00       608  1.096478E-03  1.047129E-03  0.00000E+00
      254  1.318257E+04  1.258925E+04  0.00000E+00       609  1.047129E-03  1.000000E-03  0.00000E+00
      255  1.258925E+04  1.202264E+04  0.00000E+00       610  1.000000E-03  9.549926E-04  0.00000E+00
      256  1.202264E+04  1.148154E+04  0.00000E+00       611  9.549926E-04  9.120108E-04  0.00000E+00
      257  1.148154E+04  1.096478E+04  0.00000E+00       612  9.120108E-04  8.709636E-04  0.00000E+00
      258  1.096478E+04  1.047129E+04  0.00000E+00       613  8.709636E-04  8.317638E-04  0.00000E+00
      259  1.047129E+04  1.000000E+04  0.00000E+00       614  8.317638E-04  7.943282E-04  0.00000E+00
      260  1.000000E+04  9.549926E+03  0.00000E+00       615  7.943282E-04  7.585776E-04  0.00000E+00
      261  9.549926E+03  9.120108E+03  0.00000E+00       616  7.585776E-04  7.244360E-04  0.00000E+00
      262  9.120108E+03  8.709636E+03  0.00000E+00       617  7.244360E-04  6.918310E-04  0.00000E+00
      263  8.709636E+03  8.317638E+03  0.00000E+00       618  6.918310E-04  6.606934E-04  0.00000E+00
      264  8.317638E+03  7.943282E+03  0.00000E+00       619  6.606934E-04  6.309573E-04  0.00000E+00
      265  7.943282E+03  7.585776E+03  0.00000E+00       620  6.309573E-04  6.025596E-04  0.00000E+00
      266  7.585776E+03  7.244360E+03  0.00000E+00       621  6.025596E-04  5.754399E-04  0.00000E+00
      267  7.244360E+03  6.918310E+03  0.00000E+00       622  5.754399E-04  5.495409E-04  0.00000E+00
      268  6.918310E+03  6.606934E+03  0.00000E+00       623  5.495409E-04  5.248075E-04  0.00000E+00
      269  6.606934E+03  6.309573E+03  0.00000E+00       624  5.248075E-04  5.011872E-04  0.00000E+00
      270  6.309573E+03  6.025596E+03  0.00000E+00       625  5.011872E-04  4.786301E-04  0.00000E+00
      271  6.025596E+03  5.754399E+03  0.00000E+00       626  4.786301E-04  4.570882E-04  0.00000E+00
      272  5.754399E+03  5.495409E+03  0.00000E+00       627  4.570882E-04  4.365158E-04  0.00000E+00
      273  5.495409E+03  5.248075E+03  0.00000E+00       628  4.365158E-04  4.168694E-04  0.00000E+00
      274  5.248075E+03  5.011872E+03  0.00000E+00       629  4.168694E-04  3.981072E-04  0.00000E+00
      275  5.011872E+03  4.786301E+03  0.00000E+00       630  3.981072E-04  3.801894E-04  0.00000E+00
      276  4.786301E+03  4.570882E+03  0.00000E+00       631  3.801894E-04  3.630781E-04  0.00000E+00
      277  4.570882E+03  4.365158E+03  0.00000E+00       632  3.630781E-04  3.467369E-04  0.00000E+00
      278  4.365158E+03  4.168694E+03  0.00000E+00       633  3.467369E-04  3.311311E-04  0.00000E+00
      279  4.168694E+03  3.981072E+03  0.00000E+00       634  3.311311E-04  3.162278E-04  0.00000E+00
      280  3.981072E+03  3.801894E+03  0.00000E+00       635  3.162278E-04  3.019952E-04  0.00000E+00
      281  3.801894E+03  3.630781E+03  0.00000E+00       636  3.019952E-04  2.884032E-04  0.00000E+00
      282  3.630781E+03  3.467369E+03  0.00000E+00       637  2.884032E-04  2.754229E-04  0.00000E+00
      283  3.467369E+03  3.311311E+03  0.00000E+00       638  2.754229E-04  2.630268E-04  0.00000E+00
      284  3.311311E+03  3.162278E+03  0.00000E+00       639  2.630268E-04  2.511886E-04  0.00000E+00
      285  3.162278E+03  3.019952E+03  0.00000E+00       640  2.511886E-04  2.398833E-04  0.00000E+00
      286  3.019952E+03  2.884032E+03  0.00000E+00       641  2.398833E-04  2.290868E-04  0.00000E+00
      287  2.884032E+03  2.754229E+03  0.00000E+00       642  2.290868E-04  2.187762E-04  0.00000E+00
      288  2.754229E+03  2.630268E+03  0.00000E+00       643  2.187762E-04  2.089296E-04  0.00000E+00
      289  2.630268E+03  2.511886E+03  0.00000E+00       644  2.089296E-04  1.995262E-04  0.00000E+00
      290  2.511886E+03  2.398833E+03  0.00000E+00       645  1.995262E-04  1.905461E-04  0.00000E+00
      291  2.398833E+03  2.290868E+03  0.00000E+00       646  1.905461E-04  1.819701E-04  0.00000E+00
      292  2.290868E+03  2.187762E+03  0.00000E+00       647  1.819701E-04  1.737801E-04  0.00000E+00
      293  2.187762E+03  2.089296E+03  0.00000E+00       648  1.737801E-04  1.659587E-04  0.00000E+00
      294  2.089296E+03  1.995262E+03  0.00000E+00       649  1.659587E-04  1.584893E-04  0.00000E+00
      295  1.995262E+03  1.905461E+03  0.00000E+00       650  1.584893E-04  1.513561E-04  0.00000E+00
      296  1.905461E+03  1.819701E+03  0.00000E+00       651  1.513561E-04  1.445440E-04  0.00000E+00
      297  1.819701E+03  1.737801E+03  0.00000E+00       652  1.445440E-04  1.380384E-04  0.00000E+00
      298  1.737801E+03  1.659587E+03  0.00000E+00       653  1.380384E-04  1.318257E-04  0.00000E+00
      299  1.659587E+03  1.584893E+03  0.00000E+00       654  1.318257E-04  1.258925E-04  0.00000E+00
      300  1.584893E+03  1.513561E+03  0.00000E+00       655  1.258925E-04  1.202264E-04  0.00000E+00
      301  1.513561E+03  1.445440E+03  0.00000E+00       656  1.202264E-04  1.148154E-04  0.00000E+00
      302  1.445440E+03  1.380384E+03  0.00000E+00       657  1.148154E-04  1.096478E-04  0.00000E+00
      303  1.380384E+03  1.318257E+03  0.00000E+00       658  1.096478E-04  1.047129E-04  0.00000E+00
      304  1.318257E+03  1.258925E+03  0.00000E+00       659  1.047129E-04  1.000000E-04  0.00000E+00
      305  1.258925E+03  1.202264E+03  0.00000E+00       660  1.000000E-04  9.549926E-05  0.00000E+00
      306  1.202264E+03  1.148154E+03  0.00000E+00       661  9.549926E-05  9.120108E-05  0.00000E+00
      307  1.148154E+03  1.096478E+03  0.00000E+00       662  9.120108E-05  8.709636E-05  0.00000E+00
      308  1.096478E+03  1.047129E+03  0.00000E+00       663  8.709636E-05  8.317638E-05  0.00000E+00
      309  1.047129E+03  1.000000E+03  0.00000E+00       664  8.317638E-05  7.943282E-05  0.00000E+00
      310  1.000000E+03  9.549926E+02  0.00000E+00       665  7.943282E-05  7.585776E-05  0.00000E+00
      311  9.549926E+02  9.120108E+02  0.00000E+00       666  7.585776E-05  7.244360E-05  0.00000E+00
      312  9.120108E+02  8.709636E+02  0.00000E+00       667  7.244360E-05  6.918310E-05  0.00000E+00
      313  8.709636E+02  8.317638E+02  0.00000E+00       668  6.918310E-05  6.606934E-05  0.00000E+00
      314  8.317638E+02  7.943282E+02  0.00000E+00       669  6.606934E-05  6.309573E-05  0.00000E+00
      315  7.943282E+02  7.585776E+02  0.00000E+00       670  6.309573E-05  6.025596E-05  0.00000E+00
      316  7.585776E+02  7.244360E+02  0.00000E+00       671  6.025596E-05  5.754399E-05  0.00000E+00
      317  7.244360E+02  6.918310E+02  0.00000E+00       672  5.754399E-05  5.495409E-05  0.00000E+00
      318  6.918310E+02  6.606934E+02  0.00000E+00       673  5.495409E-05  5.248075E-05  0.00000E+00
      319  6.606934E+02  6.309573E+02  0.00000E+00       674  5.248075E-05  5.011872E-05  0.00000E+00
      320  6.309573E+02  6.025596E+02  0.00000E+00       675  5.011872E-05  4.786301E-05  0.00000E+00
      321  6.025596E+02  5.754399E+02  0.00000E+00       676  4.786301E-05  4.570882E-05  0.00000E+00
      322  5.754399E+02  5.495409E+02  0.00000E+00       677  4.570882E-05  4.365158E-05  0.00000E+00
      323  5.495409E+02  5.248075E+02  0.00000E+00       678  4.365158E-05  4.168694E-05  0.00000E+00
      324  5.248075E+02  5.011872E+02  0.00000E+00       679  4.168694E-05  3.981072E-05  0.00000E+00
      325  5.011872E+02  4.786301E+02  0.00000E+00       680  3.981072E-05  3.801894E-05  0.00000E+00
      326  4.786301E+02  4.570882E+02  0.00000E+00       681  3.801894E-05  3.630781E-05  0.00000E+00
      327  4.570882E+02  4.365158E+02  0.00000E+00       682  3.630781E-05  3.467369E-05  0.00000E+00
      328  4.365158E+02  4.168694E+02  0.00000E+00       683  3.467369E-05  3.311311E-05  0.00000E+00
      329  4.168694E+02  3.981072E+02  0.00000E+00       684  3.311311E-05  3.162278E-05  0.00000E+00
      330  3.981072E+02  3.801894E+02  0.00000E+00       685  3.162278E-05  3.019952E-05  0.00000E+00
      331  3.801894E+02  3.630781E+02  0.00000E+00       686  3.019952E-05  2.884032E-05  0.00000E+00
      332  3.630781E+02  3.467369E+02  0.00000E+00       687  2.884032E-05  2.754229E-05  0.00000E+00
      333  3.467369E+02  3.311311E+02  0.00000E+00       688  2.754229E-05  2.630268E-05  0.00000E+00
      334  3.311311E+02  3.162278E+02  0.00000E+00       689  2.630268E-05  2.511886E-05  0.00000E+00
      335  3.162278E+02  3.019952E+02  0.00000E+00       690  2.511886E-05  2.398833E-05  0.00000E+00
      336  3.019952E+02  2.884032E+02  0.00000E+00       691  2.398833E-05  2.290868E-05  0.00000E+00
      337  2.884032E+02  2.754229E+02  0.00000E+00       692  2.290868E-05  2.187762E-05  0.00000E+00
      338  2.754229E+02  2.630268E+02  0.00000E+00       693  2.187762E-05  2.089296E-05  0.00000E+00
      339  2.630268E+02  2.511886E+02  0.00000E+00       694  2.089296E-05  1.995262E-05  0.00000E+00
      340  2.511886E+02  2.398833E+02  0.00000E+00       695  1.995262E-05  1.905461E-05  0.00000E+00
      341  2.398833E+02  2.290868E+02  0.00000E+00       696  1.905461E-05  1.819701E-05  0.00000E+00
      342  2.290868E+02  2.187762E+02  0.00000E+00       697  1.819701E-05  1.737801E-05  0.00000E+00
      343  2.187762E+02  2.089296E+02  0.00000E+00       698  1.737801E-05  1.659587E-05  0.00000E+00
      344  2.089296E+02  1.995262E+02  0.00000E+00       699  1.659587E-05  1.584893E-05  0.00000E+00
      345  1.995262E+02  1.905461E+02  0.00000E+00       700  1.584893E-05  1.513561E-05  0.00000E+00
      346  1.905461E+02  1.819701E+02  0.00000E+00       701  1.513561E-05  1.445440E-05  0.00000E+00
      347  1.819701E+02  1.737801E+02  0.00000E+00       702  1.445440E-05  1.380384E-05  0.00000E+00
      348  1.737801E+02  1.659587E+02  0.00000E+00       703  1.380384E-05  1.318257E-05  0.00000E+00
      349  1.659587E+02  1.584893E+02  0.00000E+00       704  1.318257E-05  1.258925E-05  0.00000E+00
      350  1.584893E+02  1.513561E+02  0.00000E+00       705  1.258925E-05  1.202264E-05  0.00000E+00
      351  1.513561E+02  1.445440E+02  0.00000E+00       706  1.202264E-05  1.148154E-05  0.00000E+00
      352  1.445440E+02  1.380384E+02  0.00000E+00       707  1.148154E-05  1.096478E-05  0.00000E+00
      353  1.380384E+02  1.318257E+02  0.00000E+00       708  1.096478E-05  1.047129E-05  0.00000E+00
      354  1.318257E+02  1.258925E+02  0.00000E+00       709  1.047129E-05  1.000000E-05  0.00000E+00
      355  1.258925E+02  1.202264E+02  0.00000E+00
0  Spectrum type is CCFE-709
   flux spectrum_identifier is Thermal neutron


fispact run time=                  0.10938     secs


 ------------------------------------------------------------------
 Files that have been opened during this run.
 ------------------------------------------------------------------
 The numbers after the unit names are the internal unit numbers.

 output(38)      collapse_endfb.out
 runlog(48)      collapse_endfb.log
 ------------------------------------------------------------------



     Run timestamp:15:28:33 19 March 2021          

     Current time: 15:28:33 19 March 2021          
