



     ==============================================================================
     |                                                                            |
     |                                                                            |
     |             _____ ___ ____  ____   _    ____ _____    ___ ___              |
     |            |  ___|_ _/ ___||  _ \ / \  / ___|_   _|  |_ _|_ _|             |
     |            | |_   | |\___ \| |_) / _ \| |     | |_____| | | |              |
     |            |  _|  | | ___) |  __/ ___ \ |___  | |_____| | | |              |
     |            |_|   |___|____/|_| /_/   \_\____| |_|    |___|___|             |
     |                                                                            |
     |                            F I S P A C T - I I                             |
     |                            -------------------                             |
     |                                                                            |
     |                  Transmutation-Activation Inventory Code                   |
     |                   United Kingdom Atomic Energy Authority                   |
     |                                                                            |
     |                         Release 5.0 May 2021                               |
     |             Copyright (c) 2009-21, UK Atomic Energy Authority              |
     |                                                                            |
     ==============================================================================



1




     =========================================================================================================
     |                                                                                                       |
     |                      R U N   I D E N T I F I C A T I O N   I N F O R M A T I O N                      |
     |                                                                                                       |
     | INITIAL CROSS SECTION DATA                                                                            |
     | Collapsed library timestamp: 14:36:11 19 March 2021                                                   |
     | EAF source library label:    EAF-2010 172Gp THE EUROPEAN ACTI                                         |
     | FLUX file label:             PQY PALUEL 14000 MWD/Te XMAS TOT                                         |
     |                                                                                                       |
     | DECAY DATA                                                                                            |
     | Condensed library timestamp: 14:36:11 19 March 2021                                                   |
     | EAF source library label:    EAF-2010                                                                 |
     |                                                                                                       |
     | THIS RUN                                                                                              |
     | timestamp:                   14:36:11 19 March 2021                                                   |
     | fileroot :                   printlib                                                                 |
     | name of FILES file:          files                                                                    |
     | FISPACT title:               * PRINTLIB OF PWR PALUEL.GP                                              |
     |                                                                                                       |
     | See the printlib.log file                                                                             |
     | and summary details at the end of this file for further information on files used by this run         |
     |                                                                                                       |
     =========================================================================================================


0                        Details of NEUTRON SPECTRUM used to weight fission yields

   Fraction of neutrons < 200 keV = 0.5657, fraction of neutrons > 200 keV and < 5 MeV = 0.4197, fraction of neutrons > 5 MeV = 0.0147
1                                              P E R C E N T A G E     B R A N C H I N G     R A T I O S 

   H   3   (b-)   He  3  1.000E+02       He  6   (b-)   Li  6  1.000E+02       Li  5    (p)   He  4  1.000E+02       Li  8  (b-a)   He  4  1.000E+02
   Li  9   (b-)   Be  9  5.050E+01       Li  9  (b-n)   Be  8  4.950E+01       Be  6   (pp)   He  4  1.000E+02       Be  7   (b+)   Li  7  1.000E+02
   Be  8    (a)   He  4  1.000E+02       Be 10   (b-)   B  10  1.000E+02       Be 11   (b-)   B  11  9.700E+01       Be 11  (b-a)   Li  7  3.000E+00
   Be 12   (b-)   B  12  1.000E+02       Be 13    (n)   Be 12  1.000E+02       B   8  (b+a)   He  4  1.000E+02       B   9    (p)   Be  8  1.000E+02
   B  12   (b-)   C  12  9.842E+01       B  12  (b-a)   Be  8  1.580E+00       B  13   (b-)   C  13  9.972E+01       B  13  (b-n)   C  12  2.760E-01
   B  14   (b-)   C  14  1.000E+02       B  15   (b-)   C  15  6.000E+00       B  15  (b-n)   C  14  9.360E+01       B  15 (b-2n)   C  13  4.000E-01
   C   9   (b+)   B   9  6.000E+01       C   9  (b+p)   Be  8  2.300E+01       C   9  (b+a)   Li  5  1.700E+01       C  10   (b+)   B  10  1.000E+02
   C  11   (b+)   B  11  1.000E+02       C  14   (b-)   N  14  1.000E+02       C  15   (b-)   N  15  1.000E+02       C  16   (b-)   N  16  2.100E+00
   C  16  (b-n)   N  15  9.790E+01       C  17   (b-)   N  17  7.160E+01       C  17  (b-n)   N  16  2.840E+01       N  11    (p)   C  10  1.000E+02
   N  12   (b+)   C  12  1.000E+02       N  13   (b+)   C  13  1.000E+02       N  16   (b-)   O  16  1.000E+02       N  16  (b-a)   C  12  1.200E-03
   N  17   (b-)   O  17  5.000E+00       N  17  (b-n)   O  16  9.500E+01       N  17  (b-a)   C  13  2.500E-03       N  18   (b-)   O  18  1.000E+02
   N  19   (b-)   O  19  4.540E+01       N  19  (b-n)   O  18  5.460E+01       N  20   (b-)   O  20  4.300E+01       N  20  (b-n)   O  19  5.700E+01
   O  14   (b+)   N  14  1.000E+02       O  15   (b+)   N  15  1.000E+02       O  19   (b-)   F  19  1.000E+02       O  20   (b-)   F  20  1.000E+02
   O  21   (b-)   F  21  1.000E+02       O  22   (b-)   F  22  7.800E+01       O  22  (b-n)   F  21  2.200E+01       F  15    (p)   O  14  1.000E+02
   F  16    (p)   O  15  1.000E+02       F  17   (b+)   O  17  1.000E+02       F  18   (b+)   O  18  1.000E+02       F  20   (b-)   Ne 20  1.000E+02
   F  21   (b-)   Ne 21  1.000E+02       F  22   (b-)   Ne 22  1.000E+02       F  23   (b-)   Ne 23  1.000E+02       F  24   (b-)   Ne 24  1.000E+02
   Ne 17   (b+)   F  17  1.300E+00       Ne 17  (b+p)   O  16  9.600E+01       Ne 17  (b+a)   N  13  2.700E+00       Ne 18   (b+)   F  18  1.000E+02
   Ne 19   (b+)   F  19  1.000E+02       Ne 23   (b-)   Na 23  1.000E+02       Ne 24   (b-)   Na 24  1.000E+02       Ne 25   (b-)   Na 25  1.000E+02
   Ne 26   (b-)   Na 26  1.000E+02       Ne 27   (b-)   Na 27  9.800E+01       Ne 27  (b-n)   Na 26  2.000E+00       Na 20   (b+)   Ne 20  1.000E+02
   Na 21   (b+)   Ne 21  1.000E+02       Na 22   (b+)   Ne 22  1.000E+02       Na 24   (b-)   Mg 24  1.000E+02       Na 24m  (IT)   Na 24  9.950E+01
   Na 24m  (b-)   Mg 24  5.000E-01       Na 25   (b-)   Mg 25  1.000E+02       Na 26   (b-)   Mg 26  1.000E+02       Na 27   (b-)   Mg 27  1.000E+02
   Na 28   (b-)   Mg 28  1.000E+02       Na 29   (b-)   Mg 29  7.410E+01       Na 29  (b-n)   Mg 28  2.590E+01       Na 30   (b-)   Mg 30  6.883E+01
   Na 30  (b-n)   Mg 29  3.000E+01       Na 30 (b-2n)   Mg 28  1.170E+00       Na 30  (b-a)   Ne 26  5.500E-05       Mg 21   (b+)   Na 21  7.070E+01
   Mg 21  (b+p)   Ne 20  2.930E+01       Mg 22   (b+)   Na 22  1.000E+02       Mg 23   (b+)   Na 23  1.000E+02       Mg 27   (b-)   Al 27  1.000E+02
   Mg 28   (b-)   Al 28  1.000E+02       Mg 29   (b-)   Al 29  1.000E+02       Mg 30   (b-)   Al 30  9.994E+01       Mg 30  (b-n)   Al 29  6.000E-02
   Mg 31   (b-)   Al 31  9.380E+01       Mg 31  (b-n)   Al 30  6.200E+00       Al 23   (b+)   Mg 23  9.200E+01       Al 23  (b+p)   Na 22  8.000E+00
   Al 24   (b+)   Mg 24  1.000E+02       Al 24m  (b+)   Mg 24  7.000E+00       Al 24m  (IT)   Al 24  9.300E+01       Al 25   (b+)   Mg 25  1.000E+02
   Al 26   (b+)   Mg 26  1.000E+02       Al 26m  (b+)   Mg 26  1.000E+02       Al 28   (b-)   Si 28  1.000E+02       Al 29   (b-)   Si 29  1.000E+02
   Al 30   (b-)   Si 30  1.000E+02       Al 31   (b-)   Si 31  1.000E+02       Al 32   (b-)   Si 32  1.000E+02       Al 33   (b-)   Si 33  9.150E+01
   Al 33  (b-n)   Si 32  8.500E+00       Al 34   (b-)   Si 34  8.750E+01       Al 34  (b-n)   Si 33  1.250E+01       Si 25   (b+)   Al 25  1.000E+02
   Si 26   (b+)   Al 26  4.019E-02       Si 26   (b+)   Al 26m 9.996E+01       Si 27   (b+)   Al 27  1.000E+02       Si 31   (b-)   P  31  1.000E+02
   Si 32   (b-)   P  32  1.000E+02       Si 33   (b-)   P  33  1.000E+02       Si 34   (b-)   P  34  1.000E+02       Si 35   (b-)   P  35  1.000E+02
   Si 36   (b-)   P  36  1.000E+02       P  28   (b+)   Si 28  1.000E+02       P  29   (b+)   Si 29  1.000E+02       P  30   (b+)   Si 30  1.000E+02
   P  32   (b-)   S  32  1.000E+02       P  33   (b-)   S  33  1.000E+02       P  34   (b-)   S  34  1.000E+02       P  35   (b-)   S  35  1.000E+02
   P  36   (b-)   S  36  1.000E+02       P  37   (b-)   S  37  1.000E+02       P  38   (b-)   S  38  1.000E+02       P  39   (b-)   S  39  7.400E+01
   P  39  (b-n)   S  38  2.600E+01       P  40   (b-)   S  40  8.420E+01       P  40  (b-n)   S  39  1.580E+01       S  29   (b+)   P  29  1.000E+02
   S  30   (b+)   P  30  1.000E+02       S  31   (b+)   P  31  1.000E+02       S  35   (b-)   Cl 35  1.000E+02       S  37   (b-)   Cl 37  1.000E+02
   S  38   (b-)   Cl 38  1.000E+02       S  39   (b-)   Cl 39  1.000E+02       S  40   (b-)   Cl 40  1.000E+02       S  41   (b-)   Cl 41  1.000E+02
   Cl 32   (b+)   S  32  1.000E+02       Cl 33   (b+)   S  33  1.000E+02       Cl 34   (b+)   S  34  1.000E+02       Cl 34m  (b+)   S  34  5.200E+01
   Cl 34m  (IT)   Cl 34  4.800E+01       Cl 36   (b+)   S  36  1.900E+00       Cl 36   (b-)   Ar 36  9.810E+01       Cl 38   (b-)   Ar 38  1.000E+02
   Cl 38m  (IT)   Cl 38  1.000E+02       Cl 39   (b-)   Ar 39  1.000E+02       Cl 40   (b-)   Ar 40  1.000E+02       Cl 41   (b-)   Ar 41  1.000E+02
   Cl 42   (b-)   Ar 42  1.000E+02       Cl 43   (b-)   Ar 43  1.000E+02       Cl 44   (b-)   Ar 44  9.200E+01       Cl 44  (b-n)   Ar 43  8.000E+00
   Cl 45   (b-)   Ar 45  7.600E+01       Cl 45  (b-n)   Ar 44  2.400E+01       Ar 33   (b+)   Cl 33  6.600E+01       Ar 33  (b+p)   S  32  3.400E+01
   Ar 34   (b+)   Cl 34  1.000E+02       Ar 35   (b+)   Cl 35  1.000E+02       Ar 37   (b+)   Cl 37  1.000E+02       Ar 39   (b-)   K  39  1.000E+02
   Ar 41   (b-)   K  41  1.000E+02       Ar 42   (b-)   K  42  1.000E+02       Ar 43   (b-)   K  43  1.000E+02       Ar 44   (b-)   K  44  1.000E+02
   Ar 45   (b-)   K  45  1.000E+02       Ar 46   (b-)   K  46  1.000E+02       Ar 47   (b-)   K  47  9.900E+01       Ar 47  (b-n)   K  46  1.000E+00
   K  36   (b+)   Ar 36  1.000E+02       K  37   (b+)   Ar 37  1.000E+02       K  38   (b+)   Ar 38  1.000E+02       K  38m  (b+)   Ar 38  1.000E+02
   K  40   (b+)   Ar 40  1.086E+01       K  40   (b-)   Ca 40  8.914E+01       K  42   (b-)   Ca 42  1.000E+02       K  43   (b-)   Ca 43  1.000E+02
   K  44   (b-)   Ca 44  1.000E+02       K  45   (b-)   Ca 45  1.000E+02       K  46   (b-)   Ca 46  1.000E+02       K  47   (b-)   Ca 47  1.000E+02
   K  48   (b-)   Ca 48  1.000E+02       Ca 37   (b+)   K  37  2.400E+01       Ca 37  (b+p)   Ar 36  7.600E+01       Ca 38   (b+)   K  38  1.664E-02
   Ca 38   (b+)   K  38m 9.998E+01       Ca 39   (b+)   K  39  1.000E+02       Ca 41   (b+)   K  41  1.000E+02       Ca 45   (b-)   Sc 45  1.000E+02
   Ca 45   (b-)   Sc 45m 1.700E-03       Ca 47   (b-)   Sc 47  1.000E+02       Ca 48 (b-b-)   Ti 48  5.000E+01       Ca 48   (b-)   Sc 48  5.000E+01
   Ca 49   (b-)   Sc 49  1.000E+02       Sc 40   (b+)   Ca 40  1.000E+02       Sc 41   (b+)   Ca 41  1.000E+02       Sc 42   (b+)   Ca 42  1.000E+02
   Sc 42m  (b+)   Ca 42  1.000E+02       Sc 43   (b+)   Ca 43  1.000E+02       Sc 44   (b+)   Ca 44  1.000E+02       Sc 44m  (b+)   Ca 44  1.230E+00
   Sc 44m  (IT)   Sc 44  9.877E+01       Sc 45m  (IT)   Sc 45  1.000E+02       Sc 46   (b-)   Ti 46  1.000E+02       Sc 46m  (IT)   Sc 46  1.000E+02
   Sc 47   (b-)   Ti 47  1.000E+02       Sc 48   (b-)   Ti 48  1.000E+02       Sc 49   (b-)   Ti 49  1.000E+02       Sc 50   (b-)   Ti 50  1.000E+02
   Sc 50m  (b-)   Ti 50  1.250E+00       Sc 50m  (IT)   Sc 50  9.875E+01       Sc 51   (b-)   Ti 51  1.000E+02       Sc 52   (b-)   Ti 52  1.000E+02
   Ti 41   (b+)   Sc 41  9.990E+01       Ti 41  (b+p)   Ca 40  1.000E-01       Ti 42   (b+)   Sc 42  1.000E+02       Ti 43   (b+)   Sc 43  1.000E+02
   Ti 44   (b+)   Sc 44  1.000E+02       Ti 45   (b+)   Sc 45  1.000E+02       Ti 51   (b-)   V  51  1.000E+02       Ti 52   (b-)   V  52  1.000E+02
   Ti 53   (b-)   V  53  1.000E+02       Ti 54   (b-)   V  54  1.000E+02       Ti 55   (b-)   V  55  1.000E+02       V  44   (b+)   Ti 44  1.000E+02
   V  45   (b+)   Ti 45  1.000E+02       V  46   (b+)   Ti 46  1.000E+02       V  47   (b+)   Ti 47  1.000E+02       V  48   (b+)   Ti 48  1.000E+02
   V  49   (b+)   Ti 49  1.000E+02       V  50   (b+)   Ti 50  8.300E+01       V  50   (b-)   Cr 50  1.700E+01       V  52   (b-)   Cr 52  1.000E+02
   V  53   (b-)   Cr 53  1.000E+02       V  54   (b-)   Cr 54  1.000E+02       V  55   (b-)   Cr 55  1.000E+02       V  56   (b-)   Cr 56  1.000E+02
   V  57   (b-)   Cr 57  9.960E+01       V  57  (b-n)   Cr 56  4.000E-01       V  58   (b-)   Cr 58  2.000E+01       V  58  (b-n)   Cr 57  8.000E+01
   Cr 46   (b+)   V  46  1.000E+02       Cr 47   (b+)   V  47  1.000E+02       Cr 48   (b+)   V  48  1.000E+02       Cr 49   (b+)   V  49  1.000E+02
   Cr 50 (b+b+)   Ti 50  1.000E+02       Cr 51   (b+)   V  51  1.000E+02       Cr 55   (b-)   Mn 55  1.000E+02       Cr 56   (b-)   Mn 56  1.000E+02
   Cr 57   (b-)   Mn 57  1.000E+02       Cr 58   (b-)   Mn 58  1.000E+02       Cr 59   (b-)   Mn 59  1.000E+02       Mn 48   (b+)   Cr 48  9.972E+01
   Mn 48  (b+p)   V  47  2.800E-01       Mn 48  (b+a)   Ti 44  6.000E-04       Mn 49   (b+)   Cr 49  1.000E+02       Mn 50   (b+)   Cr 50  1.000E+02
   Mn 50m  (b+)   Cr 50  1.000E+02       Mn 51   (b+)   Cr 51  1.000E+02       Mn 52   (b+)   Cr 52  1.000E+02       Mn 52m  (b+)   Cr 52  9.825E+01
   Mn 52m  (IT)   Mn 52  1.750E+00       Mn 53   (b+)   Cr 53  1.000E+02       Mn 54   (b+)   Cr 54  1.000E+02       Mn 56   (b-)   Fe 56  1.000E+02
   Mn 57   (b-)   Fe 57  1.000E+02       Mn 58   (b-)   Fe 58  1.000E+02       Mn 58m  (b-)   Fe 58  1.000E+02       Mn 59   (b-)   Fe 59  1.000E+02
   Mn 60   (b-)   Fe 60  1.000E+02       Mn 60m  (b-)   Fe 60  1.000E+02       Mn 61   (b-)   Fe 61  1.000E+02       Mn 62   (b-)   Fe 62  1.000E+02
   Mn 63   (b-)   Fe 63  1.000E+02       Mn 64   (b-)   Fe 64  1.000E+02       Fe 50   (b+)   Mn 50  1.000E+02       Fe 51   (b+)   Mn 51  1.000E+02
   Fe 52   (b+)   Mn 52m 1.000E+02       Fe 52m  (b+)   Mn 52  1.000E+02       Fe 53   (b+)   Mn 53  1.000E+02       Fe 53m  (IT)   Fe 53  1.000E+02
   Fe 55   (b+)   Mn 55  1.000E+02       Fe 59   (b-)   Co 59  1.000E+02       Fe 60   (b-)   Co 60m 1.000E+02       Fe 61   (b-)   Co 61  1.000E+02
   Fe 62   (b-)   Co 62  1.000E+02       Fe 63   (b-)   Co 63  1.000E+02       Fe 64   (b-)   Co 64  1.000E+02       Fe 65   (b-)   Co 65  1.000E+02
   Co 52   (b+)   Fe 52  5.000E+01       Co 52   (b+)   Fe 52m 5.000E+01       Co 53   (b+)   Fe 53  1.000E+02       Co 54   (b+)   Fe 54  1.000E+02
   Co 54m  (b+)   Fe 54  1.000E+02       Co 55   (b+)   Fe 55  1.000E+02       Co 56   (b+)   Fe 56  1.000E+02       Co 57   (b+)   Fe 57  1.000E+02
   Co 58   (b+)   Fe 58  1.000E+02       Co 58m  (IT)   Co 58  1.000E+02       Co 60   (b-)   Ni 60  1.000E+02       Co 60m  (IT)   Co 60  9.975E+01
   Co 60m  (b-)   Ni 60  2.500E-01       Co 61   (b-)   Ni 61  1.000E+02       Co 62   (b-)   Ni 62  1.000E+02       Co 62m  (b-)   Ni 62  9.900E+01
   Co 62m  (IT)   Co 62  1.000E+00       Co 63   (b-)   Ni 63  1.000E+02       Co 64   (b-)   Ni 64  1.000E+02       Co 65   (b-)   Ni 65  1.000E+02
   Co 66   (b-)   Ni 66  1.000E+02       Co 67   (b-)   Ni 67  1.000E+02       Co 68   (b-)   Ni 68  1.000E+02       Co 68m  (b-)   Ni 68  5.000E+01
   Co 68m  (IT)   Co 68  5.000E+01       Co 69   (b-)   Ni 69  9.900E+01       Co 69  (b-n)   Ni 68  1.000E+00       Ni 53   (b+)   Co 53  1.000E+02
   Ni 54   (b+)   Co 54  1.000E+02       Ni 55   (b+)   Co 55  1.000E+02       Ni 56   (b+)   Co 56  1.000E+02       Ni 57   (b+)   Co 57  1.000E+02
   Ni 58 (b+b+)   Fe 58  1.000E+02       Ni 59   (b+)   Co 59  1.000E+02       Ni 63   (b-)   Cu 63  1.000E+02       Ni 65   (b-)   Cu 65  1.000E+02
   Ni 66   (b-)   Cu 66  1.000E+02       Ni 67   (b-)   Cu 67  1.000E+02       Ni 68   (b-)   Cu 68  1.000E+02       Ni 69   (b-)   Cu 69  1.000E+02
   Ni 69m  (b-)   Cu 69  1.000E+02       Ni 70   (b-)   Cu 70n 1.000E+02       Ni 71   (b-)   Cu 71  1.000E+02       Cu 56   (b+)   Ni 56  9.960E+01
   Cu 56  (b+p)   Co 55  4.000E-01       Cu 57   (b+)   Ni 57  1.000E+02       Cu 58   (b+)   Ni 58  1.000E+02       Cu 59   (b+)   Ni 59  1.000E+02
   Cu 60   (b+)   Ni 60  1.000E+02       Cu 61   (b+)   Ni 61  1.000E+02       Cu 62   (b+)   Ni 62  1.000E+02       Cu 64   (b+)   Ni 64  6.100E+01
   Cu 64   (b-)   Zn 64  3.900E+01       Cu 66   (b-)   Zn 66  1.000E+02       Cu 67   (b-)   Zn 67  1.000E+02       Cu 68   (b-)   Zn 68  1.000E+02
   Cu 68m  (b-)   Zn 68  1.600E+01       Cu 68m  (IT)   Cu 68  8.400E+01       Cu 69   (b-)   Zn 69  1.000E+02       Cu 70   (b-)   Zn 70  1.000E+02
   Cu 70m  (b-)   Zn 70  5.200E+01       Cu 70m  (IT)   Cu 70  4.800E+01       Cu 70n  (b-)   Zn 70  9.320E+01       Cu 70n  (IT)   Cu 70m 6.800E+00
   Cu 71   (b-)   Zn 71  1.000E+02       Cu 72   (b-)   Zn 72  1.000E+02       Cu 73   (b-)   Zn 73  1.000E+02       Cu 74   (b-)   Zn 74  1.000E+02
   Cu 75   (b-)   Zn 75  9.650E+01       Cu 75  (b-n)   Zn 74  3.500E+00       Zn 58   (b+)   Cu 58  9.700E+01       Zn 58  (b+p)   Ni 57  3.000E+00
   Zn 59   (b+)   Cu 59  1.000E+02       Zn 60   (b+)   Cu 60  1.000E+02       Zn 61   (b+)   Cu 61  1.000E+02       Zn 62   (b+)   Cu 62  1.000E+02
   Zn 63   (b+)   Cu 63  1.000E+02       Zn 64 (b+b+)   Ni 64  1.000E+02       Zn 65   (b+)   Cu 65  1.000E+02       Zn 69   (b-)   Ga 69  1.000E+02
   Zn 69m  (b-)   Ga 69  3.300E-02       Zn 69m  (IT)   Zn 69  9.997E+01       Zn 71   (b-)   Ga 71  1.000E+02       Zn 71m  (b-)   Ga 71  1.000E+02
   Zn 72   (b-)   Ga 72  9.667E+01       Zn 72   (b-)   Ga 72m 3.332E+00       Zn 73   (b-)   Ga 73  1.000E+02       Zn 73m  (IT)   Zn 73  1.000E+02
   Zn 73n  (IT)   Zn 73m 5.000E+01       Zn 73n  (b-)   Ga 73  5.000E+01       Zn 74   (b-)   Ga 74  1.000E+02       Zn 75   (b-)   Ga 75  1.000E+02
   Zn 76   (b-)   Ga 76  1.000E+02       Ga 63   (b+)   Zn 63  1.000E+02       Ga 64   (b+)   Zn 64  1.000E+02       Ga 65   (b+)   Zn 65  1.000E+02
   Ga 66   (b+)   Zn 66  1.000E+02       Ga 67   (b+)   Zn 67  1.000E+02       Ga 68   (b+)   Zn 68  1.000E+02       Ga 70   (b-)   Ge 70  9.959E+01
   Ga 70   (b+)   Zn 70  4.100E-01       Ga 72   (b-)   Ge 72  1.000E+02       Ga 72m  (IT)   Ga 72  1.000E+02       Ga 73   (b-)   Ge 73  1.468E+00
   Ga 73   (b-)   Ge 73m 9.853E+01       Ga 74   (b-)   Ge 74  1.000E+02       Ga 74m  (IT)   Ga 74  1.000E+02       Ga 75   (b-)   Ge 75  9.930E+01
   Ga 75   (b-)   Ge 75m 7.000E-01       Ga 76   (b-)   Ge 76  1.000E+02       Ga 77   (b-)   Ge 77m 1.000E+02       Ga 78   (b-)   Ge 78  1.000E+02
   Ga 79   (b-)   Ge 79  9.471E+01       Ga 79   (b-)   Ge 79m 5.200E+00       Ga 79  (b-n)   Ge 78  8.900E-02       Ge 64   (b+)   Ga 64  1.000E+02
   Ge 65   (b+)   Ga 65  1.000E+02       Ge 66   (b+)   Ga 66  1.000E+02       Ge 67   (b+)   Ga 67  1.000E+02       Ge 68   (b+)   Ga 68  1.000E+02
   Ge 69   (b+)   Ga 69  1.000E+02       Ge 71   (b+)   Ga 71  1.000E+02       Ge 71m  (IT)   Ge 71  1.000E+02       Ge 73m  (IT)   Ge 73  1.000E+02
   Ge 75   (b-)   As 75  1.000E+02       Ge 75m  (b-)   As 75  3.300E-02       Ge 75m  (IT)   Ge 75  9.997E+01       Ge 76 (b-b-)   Se 76  1.000E+02
   Ge 77   (b-)   As 77  1.000E+02       Ge 77m  (b-)   As 77  8.100E+01       Ge 77m  (IT)   Ge 77  1.900E+01       Ge 78   (b-)   As 78  1.000E+02
   Ge 79   (b-)   As 79  1.000E+02       Ge 79m  (b-)   As 79  9.600E+01       Ge 79m  (IT)   Ge 79  4.000E+00       Ge 80   (b-)   As 80  1.000E+02
   Ge 81   (b-)   As 81  1.000E+02       Ge 81m  (b-)   As 81  1.000E+02       Ge 81m  (IT)   Ge 81  1.000E+00       As 67   (b+)   Ge 67  1.000E+02
   As 68   (b+)   Ge 68  1.000E+02       As 69   (b+)   Ge 69  1.000E+02       As 70   (b+)   Ge 70  1.000E+02       As 71   (b+)   Ge 71  1.000E+02
   As 72   (b+)   Ge 72  1.000E+02       As 73   (b+)   Ge 73  1.000E+02       As 74   (b-)   Se 74  3.400E+01       As 74   (b+)   Ge 74  6.600E+01
   As 76   (b-)   Se 76  1.000E+02       As 77   (b-)   Se 77  1.000E+02       As 78   (b-)   Se 78  1.000E+02       As 79   (b-)   Se 79  2.369E+00
   As 79   (b-)   Se 79m 9.763E+01       As 80   (b-)   Se 80  1.000E+02       As 81   (b-)   Se 81  9.641E+01       As 81   (b-)   Se 81m 3.590E+00
   As 82   (b-)   Se 82  1.000E+02       As 82m  (b-)   Se 82  1.000E+02       As 83   (b-)   Se 83  3.000E+01       As 83   (b-)   Se 83m 7.000E+01
   As 84   (b-)   Se 84  9.972E+01       As 84  (b-n)   Se 83  2.800E-01       As 84m  (b-)   Se 84  1.000E+02       Se 68   (b+)   As 68  1.000E+02
   Se 69   (b+)   As 69  1.000E+02       Se 70   (b+)   As 70  1.000E+02       Se 71   (b+)   As 71  1.000E+02       Se 72   (b+)   As 72  1.000E+02
   Se 73   (b+)   As 73  1.000E+02       Se 73m  (b+)   As 73  2.740E+01       Se 73m  (IT)   Se 73  7.260E+01       Se 75   (b+)   As 75  1.000E+02
   Se 77m  (IT)   Se 77  1.000E+02       Se 79   (b-)   Br 79  1.000E+02       Se 79m  (IT)   Se 79  9.994E+01       Se 79m  (b-)   Br 79  5.600E-02
   Se 81   (b-)   Br 81  1.000E+02       Se 81m  (b-)   Br 81  6.800E-02       Se 81m  (IT)   Se 81  9.993E+01       Se 82 (b-b-)   Kr 82  1.000E+02
   Se 83   (b-)   Br 83  1.000E+02       Se 83m  (b-)   Br 83  1.000E+02       Se 84   (b-)   Br 84  1.000E+02       Se 84   (b-)   Br 84m 0.000E+00
   Se 85   (b-)   Br 85  1.000E+02       Br 71   (b+)   Se 71  1.000E+02       Br 72   (b+)   Se 72  1.000E+02       Br 72m  (IT)   Br 72  1.000E+02
   Br 73   (b+)   Se 73  2.059E+01       Br 73   (b+)   Se 73m 7.941E+01       Br 74   (b+)   Se 74  1.000E+02       Br 74m  (b+)   Se 74  1.000E+02
   Br 75   (b+)   Se 75  1.000E+02       Br 76   (b+)   Se 76  1.000E+02       Br 76m  (b+)   Se 76  3.000E-01       Br 76m  (IT)   Br 76  9.970E+01
   Br 77   (b+)   Se 77  1.000E+02       Br 77m  (IT)   Br 77  1.000E+02       Br 78   (b+)   Se 78  1.000E+02       Br 79m  (IT)   Br 79  1.000E+02
   Br 80   (b-)   Kr 80  9.170E+01       Br 80   (b+)   Se 80  8.300E+00       Br 80m  (IT)   Br 80  1.000E+02       Br 82   (b-)   Kr 82  1.000E+02
   Br 82m  (b-)   Kr 82  2.400E+00       Br 82m  (IT)   Br 82  9.760E+01       Br 83   (b-)   Kr 83  8.895E-02       Br 83   (b-)   Kr 83m 9.991E+01
   Br 84   (b-)   Kr 84  1.000E+02       Br 84m  (b-)   Kr 84  1.000E+02       Br 85   (b-)   Kr 85  1.626E-01       Br 85   (b-)   Kr 85m 9.984E+01
   Br 86   (b-)   Kr 86  1.000E+02       Br 87   (b-)   Kr 87  9.749E+01       Br 87  (b-n)   Kr 86  2.510E+00       Br 88   (b-)   Kr 88  9.330E+01
   Br 88  (b-n)   Kr 87  6.700E+00       Kr 72   (b+)   Br 72  1.000E+02       Kr 73   (b+)   Br 73  1.000E+02       Kr 74   (b+)   Br 74  1.000E+02
   Kr 75   (b+)   Br 75  1.000E+02       Kr 76   (b+)   Br 76  1.000E+02       Kr 77   (b+)   Br 77  1.000E+02       Kr 78 (b+b+)   Se 78  1.000E+02
   Kr 79   (b+)   Br 79  1.000E+02       Kr 79m  (IT)   Kr 79  1.000E+02       Kr 81   (b+)   Br 81  1.000E+02       Kr 81m  (b+)   Br 81  2.500E-03
   Kr 81m  (IT)   Kr 81  1.000E+02       Kr 83m  (IT)   Kr 83  1.000E+02       Kr 85   (b-)   Rb 85  1.000E+02       Kr 85m  (b-)   Rb 85  7.860E+01
   Kr 85m  (IT)   Kr 85  2.140E+01       Kr 87   (b-)   Rb 87  1.000E+02       Kr 88   (b-)   Rb 88  1.000E+02       Kr 89   (b-)   Rb 89  1.000E+02
   Kr 90   (b-)   Rb 90  8.780E+01       Kr 90   (b-)   Rb 90m 1.220E+01       Rb 77   (b+)   Kr 77  1.000E+02       Rb 78   (b+)   Kr 78  1.000E+02
   Rb 78m  (b+)   Kr 78  9.000E+01       Rb 78m  (IT)   Rb 78  1.000E+01       Rb 79   (b+)   Kr 79  1.000E+02       Rb 80   (b+)   Kr 80  1.000E+02
   Rb 81   (b+)   Kr 81  1.000E+02       Rb 81m  (IT)   Rb 81  9.620E+01       Rb 81m  (b+)   Kr 81  3.765E+00       Rb 81m  (b+)   Kr 81m 3.484E-02
   Rb 82   (b+)   Kr 82  1.000E+02       Rb 82m  (b+)   Kr 82  1.000E+02       Rb 83   (b+)   Kr 83  2.500E+01       Rb 83   (b+)   Kr 83m 7.500E+01
   Rb 84   (b-)   Sr 84  3.200E+00       Rb 84   (b+)   Kr 84  9.680E+01       Rb 84m  (IT)   Rb 84  1.000E+02       Rb 86   (b+)   Kr 86  5.200E-03
   Rb 86   (b-)   Sr 86  1.000E+02       Rb 86m  (IT)   Rb 86  1.000E+02       Rb 87   (b-)   Sr 87  1.000E+02       Rb 88   (b-)   Sr 88  1.000E+02
   Rb 89   (b-)   Sr 89  1.000E+02       Rb 90   (b-)   Sr 90  1.000E+02       Rb 90m  (b-)   Sr 90  9.740E+01       Rb 90m  (IT)   Rb 90  2.600E+00
   Rb 91   (b-)   Sr 91  1.000E+02       Rb 92   (b-)   Sr 92  1.000E+02       Rb 93   (b-)   Sr 93  9.860E+01       Rb 93  (b-n)   Sr 92  1.400E+00
   Rb 94   (b-)   Sr 94  8.990E+01       Rb 94  (b-n)   Sr 93  1.010E+01       Sr 78   (b+)   Rb 78  1.000E+02       Sr 79   (b+)   Rb 79  1.000E+02
   Sr 80   (b+)   Rb 80  1.000E+02       Sr 81   (b+)   Rb 81  9.986E+01       Sr 81   (b+)   Rb 81m 1.441E-01       Sr 82   (b+)   Rb 82  1.000E+02
   Sr 83   (b+)   Rb 83  1.000E+02       Sr 83m  (IT)   Sr 83  1.000E+02       Sr 85   (b+)   Rb 85  1.000E+02       Sr 85m  (b+)   Rb 85  1.340E+01
   Sr 85m  (IT)   Sr 85  8.660E+01       Sr 87m  (b+)   Rb 87  3.000E-01       Sr 87m  (IT)   Sr 87  9.970E+01       Sr 89   (b-)   Y  89  9.999E+01
   Sr 89   (b-)   Y  89m 9.639E-03       Sr 90   (b-)   Y  90  1.000E+02       Sr 91   (b-)   Y  91  4.116E+01       Sr 91   (b-)   Y  91m 5.884E+01
   Sr 92   (b-)   Y  92  1.000E+02       Sr 93   (b-)   Y  93  7.498E+01       Sr 93   (b-)   Y  93m 2.502E+01       Sr 94   (b-)   Y  94  1.000E+02
   Sr 95   (b-)   Y  95  1.000E+02       Sr 96   (b-)   Y  96  1.000E+02       Y  81   (b+)   Sr 81  1.000E+02       Y  82   (b+)   Sr 82  1.000E+02
   Y  83   (b+)   Sr 83  1.000E+02       Y  83m  (b+)   Sr 83  1.000E+02       Y  84   (b+)   Sr 84  1.000E+02       Y  84m  (b+)   Sr 84  1.000E+02
   Y  85   (b+)   Sr 85  1.000E+02       Y  85m  (b+)   Sr 85  1.000E+02       Y  86   (b+)   Sr 86  1.000E+02       Y  86m  (b+)   Sr 86  6.900E-01
   Y  86m  (IT)   Y  86  9.931E+01       Y  87   (b+)   Sr 87  1.000E+02       Y  87m  (b+)   Sr 87  1.570E+00       Y  87m  (IT)   Y  87  9.843E+01
   Y  88   (b+)   Sr 88  1.000E+02       Y  89m  (IT)   Y  89  1.000E+02       Y  90   (b-)   Zr 90  1.000E+02       Y  90m  (b-)   Zr 90m 2.100E-03
   Y  90m  (IT)   Y  90  1.000E+02       Y  91   (b-)   Zr 91  1.000E+02       Y  91m  (IT)   Y  91  1.000E+02       Y  92   (b-)   Zr 92  1.000E+02
   Y  93   (b-)   Zr 93  1.000E+02       Y  93m  (IT)   Y  93  1.000E+02       Y  94   (b-)   Zr 94  1.000E+02       Y  95   (b-)   Zr 95  1.000E+02
   Y  96   (b-)   Zr 96  1.000E+02       Y  96m  (b-)   Zr 96  1.000E+02       Y  97   (b-)   Zr 97  9.994E+01       Y  97  (b-n)   Zr 96  5.500E-02
   Y  97m  (b-)   Zr 97  9.925E+01       Y  97m  (IT)   Y  97  7.000E-01       Y  97m (b-n)   Zr 96  5.000E-02       Y  97n  (b-)   Zr 97  1.600E+00
   Y  97n  (IT)   Y  97m 9.840E+01       Y  98   (b-)   Zr 98  9.973E+01       Y  98  (b-n)   Zr 97  2.700E-01       Y  98m  (b-)   Zr 98  9.656E+01
   Y  98m (b-n)   Zr 97  3.440E+00       Zr 82   (b+)   Y  82  1.000E+02       Zr 83   (b+)   Y  83  3.898E+00       Zr 83   (b+)   Y  83m 9.610E+01
   Zr 84   (b+)   Y  84  1.000E+02       Zr 85   (b+)   Y  85  1.000E+02       Zr 85m  (IT)   Zr 85  1.000E+02       Zr 86   (b+)   Y  86  1.000E+02
   Zr 87   (b+)   Y  87  2.800E-01       Zr 87   (b+)   Y  87m 9.972E+01       Zr 87m  (IT)   Zr 87  1.000E+02       Zr 88   (b+)   Y  88  1.000E+02
   Zr 89   (b+)   Y  89  1.300E-01       Zr 89   (b+)   Y  89m 9.987E+01       Zr 89m  (b+)   Y  89  6.660E+00       Zr 89m  (IT)   Zr 89  9.334E+01
   Zr 90m  (IT)   Zr 90  1.000E+02       Zr 93   (b-)   Nb 93m 9.700E+01       Zr 93   (b-)   Nb 93  3.000E+00       Zr 94 (b-b-)   Mo 94  1.000E+02
   Zr 95   (b-)   Nb 95  9.892E+01       Zr 95   (b-)   Nb 95m 1.080E+00       Zr 96 (b-b-)   Mo 96  1.000E+02       Zr 97   (b-)   Nb 97  4.952E+00
   Zr 97   (b-)   Nb 97m 9.505E+01       Zr 98   (b-)   Nb 98  1.000E+02       Zr 99   (b-)   Nb 99m 3.680E+01       Zr 99   (b-)   Nb 99  6.320E+01
   Nb 86   (b+)   Zr 86  1.000E+02       Nb 86m  (b+)   Zr 86  1.000E+02       Nb 87   (b+)   Zr 87  1.000E+02       Nb 87m  (b+)   Zr 87  1.000E+02
   Nb 88   (b+)   Zr 88  1.000E+02       Nb 88m  (b+)   Zr 88  1.000E+02       Nb 89   (b+)   Zr 89  9.877E+01       Nb 89   (b+)   Zr 89m 1.225E+00
   Nb 89m  (b+)   Zr 89  8.258E+01       Nb 89m  (b+)   Zr 89m 1.691E+01       Nb 90   (b+)   Zr 90m 9.810E+01       Nb 90   (b+)   Zr 90  1.900E+00
   Nb 90m  (IT)   Nb 90  1.000E+02       Nb 90n  (IT)   Nb 90m 1.000E+02       Nb 91   (b+)   Zr 91  1.000E+02       Nb 91m  (IT)   Nb 91  9.760E+01
   Nb 91m  (b+)   Zr 91  2.400E+00       Nb 92   (b+)   Zr 92  1.000E+02       Nb 92m  (b+)   Zr 92  1.000E+02       Nb 93m  (IT)   Nb 93  1.000E+02
   Nb 94   (b-)   Mo 94  1.000E+02       Nb 94m  (b-)   Mo 94  5.000E-01       Nb 94m  (IT)   Nb 94  9.950E+01       Nb 95   (b-)   Mo 95  1.000E+02
   Nb 95m  (b-)   Mo 95  5.600E+00       Nb 95m  (IT)   Nb 95  9.440E+01       Nb 96   (b-)   Mo 96  1.000E+02       Nb 97   (b-)   Mo 97  1.000E+02
   Nb 97m  (IT)   Nb 97  1.000E+02       Nb 98   (b-)   Mo 98  1.000E+02       Nb 98m  (b-)   Mo 98  1.000E+02       Nb 99   (b-)   Mo 99  1.000E+02
   Nb 99m  (b-)   Mo 99  9.800E+01       Nb 99m  (IT)   Nb 99  2.000E+00       Nb100   (b-)   Mo100  1.000E+02       Nb100m  (b-)   Mo100  1.000E+02
   Nb101   (b-)   Mo101  1.000E+02       Nb102   (b-)   Mo102  1.000E+02       Nb102m  (b-)   Mo102  1.000E+02       Nb103   (b-)   Mo103  9.999E+01
   Nb103  (b-n)   Mo102  1.000E-02       Nb104   (b-)   Mo104  9.994E+01       Nb104  (b-n)   Mo103  6.000E-02       Nb104m  (b-)   Mo104  9.995E+01
   Nb104m (b-n)   Mo103  5.000E-02       Mo 88   (b+)   Nb 88  1.000E+02       Mo 89   (b+)   Nb 89  1.000E+02       Mo 90   (b+)   Nb 90  1.000E+02
   Mo 91   (b+)   Nb 91  9.997E+01       Mo 91   (b+)   Nb 91m 3.420E-02       Mo 91m  (b+)   Nb 91m 5.000E+01       Mo 91m  (IT)   Mo 91  5.000E+01
   Mo 92 (b+b+)   Zr 92  1.000E+02       Mo 93   (b+)   Nb 93  1.200E+01       Mo 93   (b+)   Nb 93m 8.800E+01       Mo 93m  (b+)   Nb 93  1.200E-01
   Mo 93m  (IT)   Mo 93  9.988E+01       Mo 98 (b-b-)   Ru 98  1.000E+02       Mo 99   (b-)   Tc 99  1.194E+01       Mo 99   (b-)   Tc 99m 8.806E+01
   Mo100 (b-b-)   Ru100  1.000E+02       Mo101   (b-)   Tc101  1.000E+02       Mo102   (b-)   Tc102  1.000E+02       Mo103   (b-)   Tc103  1.000E+02
   Mo104   (b-)   Tc104  1.000E+02       Mo105   (b-)   Tc105  1.000E+02       Tc 90   (b+)   Mo 90  1.000E+02       Tc 90m  (b+)   Mo 90  1.000E+02
   Tc 91   (b+)   Mo 91  1.000E+02       Tc 91m  (b+)   Mo 91  1.000E+02       Tc 92   (b+)   Mo 92  1.000E+02       Tc 93   (b+)   Mo 93  1.000E+02
   Tc 93m  (b+)   Mo 93  2.340E+01       Tc 93m  (IT)   Tc 93  7.660E+01       Tc 94   (b+)   Mo 94  1.000E+02       Tc 94m  (b+)   Mo 94  1.000E+02
   Tc 95   (b+)   Mo 95  1.000E+02       Tc 95m  (b+)   Mo 95  9.612E+01       Tc 95m  (IT)   Tc 95  3.880E+00       Tc 96   (b+)   Mo 96  1.000E+02
   Tc 96m  (b+)   Mo 96  2.000E+00       Tc 96m  (IT)   Tc 96  9.800E+01       Tc 97   (b+)   Mo 97  1.000E+02       Tc 97m  (IT)   Tc 97  1.000E+02
   Tc 98   (b-)   Ru 98  1.000E+02       Tc 99   (b-)   Ru 99  1.000E+02       Tc 99m  (IT)   Tc 99  1.000E+02       Tc 99m  (b-)   Ru 99  3.700E-03
   Tc100   (b-)   Ru100  1.000E+02       Tc101   (b-)   Ru101  1.000E+02       Tc102   (b-)   Ru102  1.000E+02       Tc102m  (b-)   Ru102  1.000E+02
   Tc103   (b-)   Ru103  1.000E+02       Tc104   (b-)   Ru104  1.000E+02       Tc105   (b-)   Ru105  1.000E+02       Tc106   (b-)   Ru106  1.000E+02
   Tc107   (b-)   Ru107  1.000E+02       Tc108   (b-)   Ru108  1.000E+02       Tc109   (b-)   Ru109  9.992E+01       Tc109  (b-n)   Ru108  8.000E-02
   Ru 92   (b+)   Tc 92  1.000E+02       Ru 93   (b+)   Tc 93  1.000E+02       Ru 93m  (b+)   Tc 93  7.780E+01       Ru 93m  (IT)   Ru 93  2.220E+01
   Ru 94   (b+)   Tc 94m 1.000E+02       Ru 95   (b+)   Tc 95  9.739E+01       Ru 95   (b+)   Tc 95m 2.606E+00       Ru 96 (b+b+)   Mo 96  1.000E+02
   Ru 97   (b+)   Tc 97  9.996E+01       Ru 97   (b+)   Tc 97m 4.217E-02       Ru103   (b-)   Rh103  1.198E+00       Ru103   (b-)   Rh103m 9.880E+01
   Ru105   (b-)   Rh105  7.161E+01       Ru105   (b-)   Rh105m 2.839E+01       Ru106   (b-)   Rh106  1.000E+02       Ru107   (b-)   Rh107  1.000E+02
   Ru108   (b-)   Rh108  1.000E+02       Ru109   (b-)   Rh109  1.000E+02       Ru110   (b-)   Rh110  1.000E+02       Ru111   (b-)   Rh111  1.000E+02
   Rh 95   (b+)   Ru 95  1.000E+02       Rh 95m  (b+)   Ru 95  1.200E+01       Rh 95m  (IT)   Rh 95  8.800E+01       Rh 96   (b+)   Ru 96  1.000E+02
   Rh 96m  (b+)   Ru 96  4.000E+01       Rh 96m  (IT)   Rh 96  6.000E+01       Rh 97   (b+)   Ru 97  1.000E+02       Rh 97m  (b+)   Ru 97  9.440E+01
   Rh 97m  (IT)   Rh 97  5.600E+00       Rh 98   (b+)   Ru 98  1.000E+02       Rh 98m  (b+)   Ru 98  1.000E+02       Rh 99   (b+)   Ru 99  1.000E+02
   Rh 99m  (b+)   Ru 99  1.000E+02       Rh100   (b+)   Ru100  1.000E+02       Rh100m  (b+)   Ru100  1.700E+00       Rh100m  (IT)   Rh100  9.830E+01
   Rh101   (b+)   Ru101  1.000E+02       Rh101m  (b+)   Ru101  9.256E+01       Rh101m  (IT)   Rh101  7.440E+00       Rh102   (b+)   Ru102  1.000E+02
   Rh102m  (b-)   Pd102  2.000E+01       Rh102m  (b+)   Ru102  7.500E+01       Rh102m  (IT)   Rh102  5.000E+00       Rh103m  (IT)   Rh103  1.000E+02
   Rh104   (b-)   Pd104  9.955E+01       Rh104   (b+)   Ru104  4.500E-01       Rh104m  (b-)   Pd104  1.300E-01       Rh104m  (IT)   Rh104  9.987E+01
   Rh105   (b-)   Pd105  1.000E+02       Rh105m  (IT)   Rh105  1.000E+02       Rh106   (b-)   Pd106  1.000E+02       Rh106m  (b-)   Pd106  1.000E+02
   Rh107   (b-)   Pd107  1.000E+02       Rh108   (b-)   Pd108  1.000E+02       Rh108m  (b-)   Pd108  1.000E+02       Rh109   (b-)   Pd109  1.000E+02
   Rh110   (b-)   Pd110  1.000E+02       Rh110m  (b-)   Pd110  1.000E+02       Rh111   (b-)   Pd111  1.000E+02       Rh112   (b-)   Pd112  1.000E+02
   Rh112m  (b-)   Pd112  1.000E+02       Rh113   (b-)   Pd113  1.000E+02       Rh114   (b-)   Pd114  1.000E+02       Rh114m  (b-)   Pd114  1.000E+02
   Pd 96   (b+)   Rh 96m 1.000E+02       Pd 97   (b+)   Rh 97  9.831E+01       Pd 97   (b+)   Rh 97m 1.687E+00       Pd 98   (b+)   Rh 98  1.000E+02
   Pd 99   (b+)   Rh 99  2.950E+00       Pd 99   (b+)   Rh 99m 9.705E+01       Pd100   (b+)   Rh100  1.000E+02       Pd101   (b+)   Rh101  2.734E-01
   Pd101   (b+)   Rh101m 9.973E+01       Pd103   (b+)   Rh103  2.600E-02       Pd103   (b+)   Rh103m 9.997E+01       Pd107   (b-)   Ag107  1.000E+02
   Pd107m  (IT)   Pd107  1.000E+02       Pd109   (b-)   Ag109  4.846E-02       Pd109   (b-)   Ag109m 9.995E+01       Pd109m  (IT)   Pd109  1.000E+02
   Pd110 (b-b-)   Cd110  1.000E+02       Pd111   (b-)   Ag111  7.042E-01       Pd111   (b-)   Ag111m 9.930E+01       Pd111m  (b-)   Ag111  7.500E+00
   Pd111m  (b-)   Ag111m 1.950E+01       Pd111m  (IT)   Pd111  7.300E+01       Pd112   (b-)   Ag112  1.000E+02       Pd113   (b-)   Ag113m 9.500E+01
   Pd113   (b-)   Ag113  5.000E+00       Pd113m  (IT)   Pd113  1.000E+02       Pd114   (b-)   Ag114  1.000E+02       Pd115   (b-)   Ag115  7.300E+01
   Pd115   (b-)   Ag115m 2.700E+01       Pd115m  (b-)   Ag115m 9.200E+01       Pd115m  (IT)   Pd115  8.000E+00       Pd116   (b-)   Ag116  1.000E+02
   Pd117   (b-)   Ag117  5.000E+01       Pd117   (b-)   Ag117m 5.000E+01       Pd118   (b-)   Ag118  8.570E+01       Pd118   (b-)   Ag118m 1.430E+01
   Ag100   (b+)   Pd100  1.000E+02       Ag100m  (b+)   Pd100  1.000E+02       Ag101   (b+)   Pd101  1.000E+02       Ag101m  (IT)   Ag101  1.000E+02
   Ag102   (b+)   Pd102  1.000E+02       Ag102m  (b+)   Pd102  5.100E+01       Ag102m  (IT)   Ag102  4.900E+01       Ag103   (b+)   Pd103  1.000E+02
   Ag103m  (IT)   Ag103  1.000E+02       Ag104   (b+)   Pd104  1.000E+02       Ag104m  (b+)   Pd104  6.700E+01       Ag104m  (IT)   Ag104  3.300E+01
   Ag105   (b+)   Pd105  1.000E+02       Ag105m  (b+)   Pd105  3.400E-01       Ag105m  (IT)   Ag105  9.966E+01       Ag106   (b-)   Cd106  5.000E-01
   Ag106   (b+)   Pd106  9.950E+01       Ag106m  (b+)   Pd106  1.000E+02       Ag107m  (IT)   Ag107  1.000E+02       Ag108   (b-)   Cd108  9.710E+01
   Ag108   (b+)   Pd108  2.900E+00       Ag108m  (b+)   Pd108  9.130E+01       Ag108m  (IT)   Ag108  8.700E+00       Ag109m  (IT)   Ag109  1.000E+02
   Ag110   (b+)   Pd110  3.000E-01       Ag110   (b-)   Cd110  9.970E+01       Ag110m  (IT)   Ag110  1.360E+00       Ag110m  (b-)   Cd110  9.864E+01
   Ag111   (b-)   Cd111  1.000E+02       Ag111m  (b-)   Cd111  5.000E-01       Ag111m  (IT)   Ag111  9.950E+01       Ag112   (b-)   Cd112  1.000E+02
   Ag113   (b-)   Cd113  9.827E+01       Ag113   (b-)   Cd113m 1.729E+00       Ag113m  (IT)   Ag113  6.400E+01       Ag113m  (b-)   Cd113  3.600E+01
   Ag114   (b-)   Cd114  1.000E+02       Ag114m  (IT)   Ag114  1.000E+02       Ag115   (b-)   Cd115  9.424E+01       Ag115   (b-)   Cd115m 5.762E+00
   Ag115m  (b-)   Cd115  7.670E+01       Ag115m  (b-)   Cd115m 2.300E+00       Ag115m  (IT)   Ag115  2.100E+01       Ag116   (b-)   Cd116  1.000E+02
   Ag116m  (b-)   Cd116  9.400E+01       Ag116m  (IT)   Ag116  6.000E+00       Ag117   (b-)   Cd117  8.600E+01       Ag117   (b-)   Cd117m 1.400E+01
   Ag117m  (b-)   Cd117  2.150E+01       Ag117m  (b-)   Cd117m 7.850E+01       Ag118   (b-)   Cd118  1.000E+02       Ag118m  (b-)   Cd118  5.900E+01
   Ag118m  (IT)   Ag118  4.100E+01       Ag119   (b-)   Cd119  7.899E+01       Ag119   (b-)   Cd119m 2.100E+01       Ag119  (b-n)   Cd118  1.000E-02
   Ag119m  (b-)   Cd119  5.000E+01       Ag119m  (b-)   Cd119m 5.000E+01       Ag120   (b-)   Cd120  1.000E+02       Ag120  (b-n)   Cd119  3.000E-03
   Ag121   (b-)   Cd121  8.905E+01       Ag121   (b-)   Cd121m 1.095E+01       Ag122   (b-)   Cd122  1.000E+02       Ag122m  (b-)   Cd122  1.000E+02
   Cd102   (b+)   Ag102  5.768E+00       Cd102   (b+)   Ag102m 9.423E+01       Cd103   (b+)   Ag103  1.000E+02       Cd104   (b+)   Ag104  1.000E+02
   Cd105   (b+)   Ag105  1.000E+02       Cd106 (b+b+)   Pd106  1.000E+02       Cd107   (b+)   Ag107  6.400E-02       Cd107   (b+)   Ag107m 9.994E+01
   Cd108 (b+b+)   Pd108  1.000E+02       Cd109   (b+)   Ag109m 1.000E+02       Cd111m  (IT)   Cd111  1.000E+02       Cd113   (b-)   In113  1.000E+02
   Cd113m  (b-)   In113  9.988E+01       Cd113m  (IT)   Cd113  1.200E-01       Cd114 (b-b-)   Sn114  1.000E+02       Cd115   (b-)   In115m 1.000E+02
   Cd115   (b-)   In115  7.000E-05       Cd115m  (b-)   In115m 1.030E-02       Cd115m  (b-)   In115  9.999E+01       Cd116 (b-b-)   Sn116  1.000E+02
   Cd117   (b-)   In117  8.358E+00       Cd117   (b-)   In117m 9.164E+01       Cd117m  (b-)   In117  9.848E+01       Cd117m  (b-)   In117m 1.524E+00
   Cd118   (b-)   In118  1.000E+02       Cd119   (b-)   In119  9.721E+00       Cd119   (b-)   In119m 9.028E+01       Cd119m  (b-)   In119  9.978E+01
   Cd119m  (b-)   In119m 2.201E-01       Cd120   (b-)   In120  1.000E+02       Cd121   (b-)   In121  3.256E+01       Cd121   (b-)   In121m 6.744E+01
   Cd121m  (b-)   In121  1.000E+02       Cd122   (b-)   In122  1.000E+02       Cd123   (b-)   In123  3.097E+01       Cd123   (b-)   In123m 6.903E+01
   Cd123m  (b-)   In123  9.878E+01       Cd123m  (b-)   In123m 1.220E+00       Cd124   (b-)   In124  1.000E+02       Cd125   (b-)   In125  4.786E+01
   Cd125   (b-)   In125m 5.214E+01       In106   (b+)   Cd106  1.000E+02       In106m  (b+)   Cd106  1.000E+02       In107   (b+)   Cd107  1.000E+02
   In107m  (IT)   In107  1.000E+02       In108   (b+)   Cd108  1.000E+02       In108m  (b+)   Cd108  1.000E+02       In109   (b+)   Cd109  1.000E+02
   In109m  (IT)   In109  1.000E+02       In109n  (IT)   In109  1.000E+02       In110   (b+)   Cd110  1.000E+02       In110m  (b+)   Cd110  1.000E+02
   In111   (b+)   Cd111  1.000E+02       In111   (b+)   Cd111m 5.001E-03       In111m  (IT)   In111  1.000E+02       In112   (b-)   Sn112  4.400E+01
   In112   (b+)   Cd112  5.600E+01       In112m  (IT)   In112  1.000E+02       In113m  (IT)   In113  1.000E+02       In114   (b-)   Sn114  9.950E+01
   In114   (b+)   Cd114  5.000E-01       In114m  (b+)   Cd114  3.500E+00       In114m  (IT)   In114  9.650E+01       In115   (b-)   Sn115  1.000E+02
   In115m  (IT)   In115  9.500E+01       In115m  (b-)   Sn115  5.000E+00       In116   (b-)   Sn116  1.000E+02       In116m  (b-)   Sn116  1.000E+02
   In116n  (IT)   In116m 1.000E+02       In117   (b-)   Sn117  9.966E+01       In117   (b-)   Sn117m 3.407E-01       In117m  (IT)   In117  4.710E+01
   In117m  (b-)   Sn117  5.290E+01       In118   (b-)   Sn118  1.000E+02       In118m  (b-)   Sn118  1.000E+02       In118n  (b-)   Sn118  1.500E+00
   In118n  (IT)   In118m 9.850E+01       In119   (b-)   Sn119  9.907E+01       In119   (b-)   Sn119m 9.300E-01       In119m  (b-)   Sn119  9.750E+01
   In119m  (IT)   In119  2.500E+00       In120   (b-)   Sn120  1.000E+02       In120m  (b-)   Sn120  1.000E+02       In120n  (b-)   Sn120  1.000E+02
   In121   (b-)   Sn121  8.867E+01       In121   (b-)   Sn121m 1.133E+01       In121m  (b-)   Sn121  9.880E+01       In121m  (IT)   In121  1.200E+00
   In122   (b-)   Sn122  1.000E+02       In122m  (b-)   Sn122  1.000E+02       In122n  (b-)   Sn122  1.000E+02       In123   (b-)   Sn123  7.624E+00
   In123   (b-)   Sn123m 9.238E+01       In123m  (b-)   Sn123  0.000E+00       In123m  (b-)   Sn123m 1.000E+02       In124   (b-)   Sn124  1.000E+02
   In124m  (b-)   Sn124  1.000E+02       In125   (b-)   Sn125  1.689E+01       In125   (b-)   Sn125m 8.311E+01       In125m  (b-)   Sn125m 1.000E+02
   In126   (b-)   Sn126  1.000E+02       In126m  (b-)   Sn126  1.000E+02       In127   (b-)   Sn127  3.898E+01       In127   (b-)   Sn127m 6.102E+01
   In127m  (b-)   Sn127m 4.981E+01       In127m  (b-)   Sn127  4.950E+01       In127m (b-n)   Sn126  6.900E-01       In128   (b-)   Sn128  1.000E+02
   In128m  (IT)   In128  1.000E+02       In128n  (b-)   Sn128m 1.000E+02       Sn107   (b+)   In107  1.000E+02       Sn108   (b+)   In108m 1.000E+02
   Sn109   (b+)   In109  8.722E+01       Sn109   (b+)   In109m 1.278E+01       Sn110   (b+)   In110m 1.000E+02       Sn111   (b+)   In111  9.991E+01
   Sn111   (b+)   In111m 9.059E-02       Sn113   (b+)   In113  1.000E-02       Sn113   (b+)   In113m 9.999E+01       Sn113m  (b+)   In113  8.900E+00
   Sn113m  (IT)   Sn113  9.110E+01       Sn117m  (IT)   Sn117  1.000E+02       Sn119m  (IT)   Sn119  1.000E+02       Sn121   (b-)   Sb121  1.000E+02
   Sn121m  (b-)   Sb121  2.240E+01       Sn121m  (IT)   Sn121  7.760E+01       Sn123   (b-)   Sb123  1.000E+02       Sn123m  (b-)   Sb123  1.000E+02
   Sn124 (b-b-)   Te124  1.000E+02       Sn125   (b-)   Sb125  1.000E+02       Sn125m  (b-)   Sb125  1.000E+02       Sn126   (b-)   Sb126m 3.307E+01
   Sn126   (b-)   Sb126n 6.693E+01       Sn127   (b-)   Sb127  1.000E+02       Sn127m  (b-)   Sb127  1.000E+02       Sn128   (b-)   Sb128  1.000E+02
   Sn128   (b-)   Sb128m 0.000E+00       Sn128m  (IT)   Sn128  1.000E+02       Sn129   (b-)   Sb129  1.000E+02       Sn129m  (b-)   Sb129m 3.100E+01
   Sn129m  (b-)   Sb129  6.900E+01       Sn130   (b-)   Sb130m 1.000E+02       Sn130m  (b-)   Sb130m 1.600E+01       Sn130m  (b-)   Sb130  8.400E+01
   Sn131   (b-)   Sb131  1.000E+02       Sn131m  (b-)   Sb131  1.000E+02       Sb112   (b+)   Sn112  1.000E+02       Sb113   (b+)   Sn113  1.000E+02
   Sb114   (b+)   Sn114  1.000E+02       Sb115   (b+)   Sn115  1.000E+02       Sb116   (b+)   Sn116  1.000E+02       Sb116m  (b+)   Sn116  1.000E+02
   Sb117   (b+)   Sn117  1.000E+02       Sb118   (b+)   Sn118  1.000E+02       Sb118m  (b+)   Sn118  1.000E+02       Sb119   (b+)   Sn119  1.000E+02
   Sb119m  (IT)   Sb119  1.000E+02       Sb120   (b+)   Sn120  1.000E+02       Sb120m  (b+)   Sn120  1.000E+02       Sb122   (b+)   Sn122  2.600E+00
   Sb122   (b-)   Te122  9.740E+01       Sb122m  (IT)   Sb122  1.000E+02       Sb124   (b-)   Te124  1.000E+02       Sb124m  (b-)   Te124  2.500E+01
   Sb124m  (IT)   Sb124  7.500E+01       Sb124n  (IT)   Sb124m 1.000E+02       Sb125   (b-)   Te125  7.762E+01       Sb125   (b-)   Te125m 2.238E+01
   Sb126   (b-)   Te126  1.000E+02       Sb126m  (IT)   Sb126  1.400E+01       Sb126m  (b-)   Te126  8.600E+01       Sb126n  (IT)   Sb126m 1.000E+02
   Sb127   (b-)   Te127  8.352E+01       Sb127   (b-)   Te127m 1.648E+01       Sb128   (b-)   Te128  1.000E+02       Sb128m  (IT)   Sb128  3.600E+00
   Sb128m  (b-)   Te128  9.640E+01       Sb129   (b-)   Te129  8.340E+01       Sb129   (b-)   Te129m 1.660E+01       Sb129m  (b-)   Te129  2.000E+00
   Sb129m  (b-)   Te129m 8.300E+01       Sb129m  (IT)   Sb129  1.500E+01       Sb130   (b-)   Te130  1.000E+02       Sb130m  (b-)   Te130  1.000E+02
   Sb131   (b-)   Te131  9.199E+01       Sb131   (b-)   Te131m 8.006E+00       Sb132   (b-)   Te132  1.000E+02       Sb132m  (b-)   Te132  1.000E+02
   Sb133   (b-)   Te133  8.271E+01       Sb133   (b-)   Te133m 1.729E+01       Te113   (b+)   Sb113  1.000E+02       Te114   (b+)   Sb114  1.000E+02
   Te115   (b+)   Sb115  1.000E+02       Te115m  (b+)   Sb115  1.000E+02       Te116   (b+)   Sb116  1.000E+02       Te117   (b+)   Sb117  1.000E+02
   Te117m  (IT)   Te117  1.000E+02       Te118   (b+)   Sb118  1.000E+02       Te119   (b+)   Sb119  1.000E+02       Te119m  (b+)   Sb119  1.000E+02
   Te121   (b+)   Sb121  1.000E+02       Te121m  (b+)   Sb121  1.130E+01       Te121m  (IT)   Te121  8.870E+01       Te123   (b+)   Sb123  1.000E+02
   Te123m  (IT)   Te123  1.000E+02       Te125m  (IT)   Te125  1.000E+02       Te127   (b-)   I 127  1.000E+02       Te127m  (IT)   Te127  9.760E+01
   Te127m  (b-)   I 127  2.400E+00       Te128 (b-b-)   Xe128  1.000E+02       Te129   (b-)   I 129  1.000E+02       Te129m  (b-)   I 129  3.700E+01
   Te129m  (IT)   Te129  6.300E+01       Te130 (b-b-)   Xe130  1.000E+02       Te131   (b-)   I 131  1.000E+02       Te131m  (IT)   Te131  2.100E+01
   Te131m  (b-)   I 131  7.900E+01       Te132   (b-)   I 132  1.000E+02       Te133   (b-)   I 133  1.000E+02       Te133m  (b-)   I 133  8.250E+01
   Te133m  (IT)   Te133  1.750E+01       Te134   (b-)   I 134  1.000E+02       Te135   (b-)   I 135  1.000E+02       I 116   (b+)   Te116  1.000E+02
   I 117   (b+)   Te117  1.000E+02       I 118   (b+)   Te118  1.000E+02       I 118m  (b+)   Te118  1.000E+02       I 119   (b+)   Te119  9.905E+01
   I 119   (b+)   Te119m 9.491E-01       I 120   (b+)   Te120  1.000E+02       I 120m  (b+)   Te120  1.000E+02       I 121   (b+)   Te121  9.971E+01
   I 121   (b+)   Te121m 2.853E-01       I 122   (b+)   Te122  1.000E+02       I 123   (b+)   Te123  1.000E+02       I 124   (b+)   Te124  1.000E+02
   I 125   (b+)   Te125  1.000E+02       I 126   (b-)   Xe126  4.370E+01       I 126   (b+)   Te126  5.630E+01       I 128   (b+)   Te128  6.900E+00
   I 128   (b-)   Xe128  9.310E+01       I 129   (b-)   Xe129  1.000E+02       I 130   (b-)   Xe130  1.000E+02       I 130m  (b-)   Xe130  1.670E+01
   I 130m  (IT)   I 130  8.330E+01       I 131   (b-)   Xe131  9.891E+01       I 131   (b-)   Xe131m 1.086E+00       I 132   (b-)   Xe132  1.000E+02
   I 132m  (IT)   I 132  8.600E+01       I 132m  (b-)   Xe132  1.400E+01       I 133   (b-)   Xe133  9.715E+01       I 133   (b-)   Xe133m 2.846E+00
   I 133m  (IT)   I 133  1.000E+02       I 134   (b-)   Xe134  1.000E+02       I 134m  (IT)   I 134  9.770E+01       I 134m  (b-)   Xe134m 2.300E+00
   I 135   (b-)   Xe135  8.349E+01       I 135   (b-)   Xe135m 1.651E+01       I 136   (b-)   Xe136  1.000E+02       I 136m  (b-)   Xe136  1.000E+02
   I 137   (b-)   Xe137  9.350E+01       I 137  (b-n)   Xe136  6.500E+00       Xe117   (b+)   I 117  1.000E+02       Xe118   (b+)   I 118  1.000E+02
   Xe119   (b+)   I 119  1.000E+02       Xe120   (b+)   I 120  1.000E+02       Xe121   (b+)   I 121  1.000E+02       Xe122   (b+)   I 122  1.000E+02
   Xe123   (b+)   I 123  1.000E+02       Xe124 (b+b+)   Te124  1.000E+02       Xe125   (b+)   I 125  1.000E+02       Xe125m  (IT)   Xe125  1.000E+02
   Xe127   (b+)   I 127  1.000E+02       Xe127m  (IT)   Xe127  1.000E+02       Xe129m  (IT)   Xe129  1.000E+02       Xe131m  (IT)   Xe131  1.000E+02
   Xe133   (b-)   Cs133  1.000E+02       Xe133m  (IT)   Xe133  1.000E+02       Xe134 (b-b-)   Ba134  1.000E+02       Xe134m  (IT)   Xe134  1.000E+02
   Xe135   (b-)   Cs135  1.000E+02       Xe135m  (IT)   Xe135  9.940E+01       Xe135m  (b-)   Cs135  6.000E-01       Xe136 (b-b-)   Ba136  1.000E+02
   Xe137   (b-)   Cs137  1.000E+02       Xe138   (b-)   Cs138  1.000E+02       Xe139   (b-)   Cs139  1.000E+02       Cs122   (b+)   Xe122  1.000E+02
   Cs122m  (b+)   Xe122  1.000E+02       Cs122n  (IT)   Cs122  1.000E+02       Cs123   (b+)   Xe123  1.000E+02       Cs123m  (IT)   Cs123  1.000E+02
   Cs124   (b+)   Xe124  1.000E+02       Cs124m  (IT)   Cs124  1.000E+02       Cs125   (b+)   Xe125  1.000E+02       Cs125m  (IT)   Cs125  1.000E+02
   Cs126   (b+)   Xe126  1.000E+02       Cs127   (b+)   Xe127  1.000E+02       Cs128   (b+)   Xe128  1.000E+02       Cs129   (b+)   Xe129  1.000E+02
   Cs130   (b+)   Xe130  9.840E+01       Cs130   (b-)   Ba130  1.600E+00       Cs130m  (IT)   Cs130  9.984E+01       Cs130m  (b+)   Xe130  1.600E-01
   Cs131   (b+)   Xe131  1.000E+02       Cs132   (b-)   Ba132  1.800E+00       Cs132   (b+)   Xe132  9.820E+01       Cs134   (b+)   Xe134  3.000E-04
   Cs134   (b-)   Ba134  1.000E+02       Cs134m  (IT)   Cs134  1.000E+02       Cs135   (b-)   Ba135  1.000E+02       Cs135m  (IT)   Cs135  1.000E+02
   Cs136   (b-)   Ba136  1.000E+02       Cs136m  (b-)   Ba136  5.000E+01       Cs136m  (IT)   Cs136  5.000E+01       Cs137   (b-)   Ba137  5.601E+00
   Cs137   (b-)   Ba137m 9.440E+01       Cs138   (b-)   Ba138  1.000E+02       Cs138m  (b-)   Ba138  1.900E+01       Cs138m  (IT)   Cs138  8.100E+01
   Cs139   (b-)   Ba139  1.000E+02       Cs140   (b-)   Ba140  1.000E+02       Cs141   (b-)   Ba141  1.000E+02       Ba123   (b+)   Cs123  1.000E+02
   Ba124   (b+)   Cs124  1.000E+02       Ba125   (b+)   Cs125  1.000E+02       Ba126   (b+)   Cs126  1.000E+02       Ba127   (b+)   Cs127  1.000E+02
   Ba127m  (IT)   Ba127  1.000E+02       Ba128   (b+)   Cs128  1.000E+02       Ba129   (b+)   Cs129  1.000E+02       Ba129m  (b+)   Cs129  1.000E+02
   Ba131   (b+)   Cs131  1.000E+02       Ba131m  (IT)   Ba131  1.000E+02       Ba133   (b+)   Cs133  1.000E+02       Ba133m  (b+)   Cs133  1.010E-02
   Ba133m  (IT)   Ba133  9.999E+01       Ba135m  (IT)   Ba135  1.000E+02       Ba136m  (IT)   Ba136  1.000E+02       Ba137m  (IT)   Ba137  1.000E+02
   Ba139   (b-)   La139  1.000E+02       Ba140   (b-)   La140  1.000E+02       Ba141   (b-)   La141  1.000E+02       Ba142   (b-)   La142  1.000E+02
   Ba143   (b-)   La143  1.000E+02       La128   (b+)   Ba128  1.000E+02       La128m  (b+)   Ba128  1.000E+02       La129   (b+)   Ba129  9.261E+01
   La129   (b+)   Ba129m 7.395E+00       La129m  (IT)   La129  1.000E+02       La130   (b+)   Ba130  1.000E+02       La131   (b+)   Ba131  1.000E+02
   La132   (b+)   Ba132  1.000E+02       La132m  (b+)   Ba132  2.400E+01       La132m  (IT)   La132  7.600E+01       La133   (b+)   Ba133  1.000E+02
   La134   (b+)   Ba134  1.000E+02       La135   (b+)   Ba135  1.000E+02       La136   (b+)   Ba136  1.000E+02       La136m  (IT)   La136  1.000E+02
   La137   (b+)   Ba137  1.000E+02       La138   (b+)   Ba138  6.560E+01       La138   (b-)   Ce138  3.440E+01       La140   (b-)   Ce140  1.000E+02
   La141   (b-)   Ce141  1.000E+02       La142   (b-)   Ce142  1.000E+02       La143   (b-)   Ce143  1.000E+02       La144   (b-)   Ce144  1.000E+02
   La145   (b-)   Ce145  1.000E+02       La146   (b-)   Ce146  1.000E+02       La146m  (b-)   Ce146  1.000E+02       La147   (b-)   Ce147  1.000E+02
   Ce129   (b+)   La129  5.000E+01       Ce129   (b+)   La129m 5.000E+01       Ce130   (b+)   La130  1.000E+02       Ce131   (b+)   La131  1.000E+02
   Ce131m  (b+)   La131  1.000E+02       Ce132   (b+)   La132  1.000E+02       Ce133   (b+)   La133  1.000E+02       Ce133m  (b+)   La133  1.000E+02
   Ce134   (b+)   La134  1.000E+02       Ce135   (b+)   La135  1.000E+02       Ce135m  (IT)   Ce135  1.000E+02       Ce136 (b+b+)   Ba136  1.000E+02
   Ce137   (b+)   La137  1.000E+02       Ce137m  (b+)   La137  7.800E-01       Ce137m  (IT)   Ce137  9.922E+01       Ce139   (b+)   La139  1.000E+02
   Ce139m  (IT)   Ce139  1.000E+02       Ce141   (b-)   Pr141  1.000E+02       Ce142 (b-b-)   Nd142  1.000E+02       Ce143   (b-)   Pr143  1.000E+02
   Ce144   (b-)   Pr144  9.862E+01       Ce144   (b-)   Pr144m 1.380E+00       Ce145   (b-)   Pr145  1.000E+02       Ce146   (b-)   Pr146  1.000E+02
   Ce147   (b-)   Pr147  1.000E+02       Ce148   (b-)   Pr148  1.000E+02       Ce149   (b-)   Pr149  1.000E+02       Pr134   (b+)   Ce134  1.000E+02
   Pr134m  (b+)   Ce134  1.000E+02       Pr135   (b+)   Ce135  1.000E+02       Pr136   (b+)   Ce136  1.000E+02       Pr137   (b+)   Ce137  1.000E+02
   Pr138   (b+)   Ce138  1.000E+02       Pr138m  (b+)   Ce138  1.000E+02       Pr139   (b+)   Ce139  9.998E+01       Pr139   (b+)   Ce139m 1.640E-02
   Pr140   (b+)   Ce140  1.000E+02       Pr142   (b+)   Ce142  1.640E-02       Pr142   (b-)   Nd142  9.998E+01       Pr142m  (IT)   Pr142  1.000E+02
   Pr143   (b-)   Nd143  1.000E+02       Pr144   (b-)   Nd144  1.000E+02       Pr144m  (IT)   Pr144  9.993E+01       Pr144m  (b-)   Nd144  7.000E-02
   Pr145   (b-)   Nd145  1.000E+02       Pr146   (b-)   Nd146  1.000E+02       Pr147   (b-)   Nd147  1.000E+02       Pr148   (b-)   Nd148  1.000E+02
   Pr148m  (b-)   Nd148  1.000E+02       Pr149   (b-)   Nd149  1.000E+02       Pr150   (b-)   Nd150  1.000E+02       Pr151   (b-)   Nd151  1.000E+02
   Nd135   (b+)   Pr135  1.000E+02       Nd135m  (b+)   Pr135  9.997E+01       Nd135m  (IT)   Nd135  3.000E-02       Nd136   (b+)   Pr136  1.000E+02
   Nd137   (b+)   Pr137  1.000E+02       Nd137m  (IT)   Nd137  1.000E+02       Nd138   (b+)   Pr138  1.000E+02       Nd139   (b+)   Pr139  1.000E+02
   Nd139m  (b+)   Pr139  8.820E+01       Nd139m  (IT)   Nd139  1.180E+01       Nd140   (b+)   Pr140  1.000E+02       Nd141   (b+)   Pr141  1.000E+02
   Nd141m  (b+)   Pr141  3.200E-02       Nd141m  (IT)   Nd141  9.997E+01       Nd144    (a)   Ce140  1.000E+02       Nd147   (b-)   Pm147  1.000E+02
   Nd148 (b-b-)   Sm148  1.000E+02       Nd149   (b-)   Pm149  1.000E+02       Nd150 (b-b-)   Sm150  1.000E+02       Nd151   (b-)   Pm151  1.000E+02
   Nd152   (b-)   Pm152  1.000E+02       Nd153   (b-)   Pm153  1.000E+02       Nd154   (b-)   Pm154  1.000E+02       Pm135   (b+)   Nd135  1.000E+02
   Pm135m  (b+)   Nd135  1.000E+02       Pm136   (b+)   Nd136  1.000E+02       Pm136m  (b+)   Nd136  1.000E+02       Pm137   (b+)   Nd137  5.000E+01
   Pm137   (b+)   Nd137m 5.000E+01       Pm137m  (b+)   Nd137  3.742E+01       Pm137m  (b+)   Nd137m 6.258E+01       Pm138   (b+)   Nd138  1.000E+02
   Pm138m  (b+)   Nd138  1.000E+02       Pm139   (b+)   Nd139  1.000E+02       Pm139m  (IT)   Pm139  9.994E+01       Pm140   (b+)   Nd140  1.000E+02
   Pm140m  (b+)   Nd140  1.000E+02       Pm141   (b+)   Nd141  9.984E+01       Pm141   (b+)   Nd141m 1.636E-01       Pm142   (b+)   Nd142  1.000E+02
   Pm143   (b+)   Nd143  1.000E+02       Pm144   (b+)   Nd144  1.000E+02       Pm145   (b+)   Nd145  1.000E+02       Pm145    (a)   Pr141  2.800E-07
   Pm146   (b-)   Sm146  3.400E+01       Pm146   (b+)   Nd146  6.600E+01       Pm147   (b-)   Sm147  1.000E+02       Pm148   (b-)   Sm148  1.000E+02
   Pm148m  (b-)   Sm148  9.500E+01       Pm148m  (IT)   Pm148  5.000E+00       Pm149   (b-)   Sm149  1.000E+02       Pm150   (b-)   Sm150  1.000E+02
   Pm151   (b-)   Sm151  1.000E+02       Pm152   (b-)   Sm152  1.000E+02       Pm152m  (b-)   Sm152  1.000E+02       Pm152n  (b-)   Sm152  1.000E+02
   Pm153   (b-)   Sm153  1.000E+02       Pm154   (b-)   Sm154  1.000E+02       Pm154m  (b-)   Sm154  1.000E+02       Pm155   (b-)   Sm155  1.000E+02
   Pm156   (b-)   Sm156  1.000E+02       Pm157   (b-)   Sm157  1.000E+02       Sm136   (b+)   Pm136  1.000E+02       Sm137   (b+)   Pm137m 1.000E+02
   Sm137m  (b+)   Pm137  1.000E+02       Sm138   (b+)   Pm138m 1.000E+02       Sm139   (b+)   Pm139  1.000E+02       Sm139m  (b+)   Pm139  6.300E+00
   Sm139m  (IT)   Sm139  9.370E+01       Sm140   (b+)   Pm140  1.000E+02       Sm141   (b+)   Pm141  1.000E+02       Sm141m  (b+)   Pm141  9.969E+01
   Sm141m  (IT)   Sm141  3.100E-01       Sm142   (b+)   Pm142  1.000E+02       Sm143   (b+)   Pm143  1.000E+02       Sm143m  (b+)   Pm143  2.400E-01
   Sm143m  (IT)   Sm143  9.976E+01       Sm145   (b+)   Pm145  1.000E+02       Sm146    (a)   Nd142  1.000E+02       Sm147    (a)   Nd143  1.000E+02
   Sm148    (a)   Nd144  1.000E+02       Sm149    (a)   Nd145  1.000E+02       Sm151   (b-)   Eu151  1.000E+02       Sm153   (b-)   Eu153  1.000E+02
   Sm155   (b-)   Eu155  1.000E+02       Sm156   (b-)   Eu156  1.000E+02       Sm157   (b-)   Eu157  1.000E+02       Sm158   (b-)   Eu158  1.000E+02
   Sm159   (b-)   Eu159  1.000E+02       Eu138   (b+)   Sm138  1.000E+02       Eu139   (b+)   Sm139  1.000E+02       Eu140   (b+)   Sm140  1.000E+02
   Eu141   (b+)   Sm141  9.823E+01       Eu141   (b+)   Sm141m 1.769E+00       Eu141m  (b+)   Sm141  6.700E+01       Eu141m  (IT)   Eu141  3.300E+01
   Eu142   (b+)   Sm142  1.000E+02       Eu142m  (b+)   Sm142  1.000E+02       Eu143   (b+)   Sm143  9.988E+01       Eu143   (b+)   Sm143m 1.201E-01
   Eu144   (b+)   Sm144  1.000E+02       Eu145   (b+)   Sm145  1.000E+02       Eu146   (b+)   Sm146  1.000E+02       Eu147    (a)   Pm143  2.200E-03
   Eu147   (b+)   Sm147  1.000E+02       Eu148   (b+)   Sm148  1.000E+02       Eu149   (b+)   Sm149  1.000E+02       Eu150   (b+)   Sm150  1.000E+02
   Eu150m  (b-)   Gd150  8.800E+01       Eu150m  (b+)   Sm150  1.200E+01       Eu152   (b+)   Sm152  7.210E+01       Eu152   (b-)   Gd152  2.790E+01
   Eu152m  (b-)   Gd152  7.200E+01       Eu152m  (b+)   Sm152  2.800E+01       Eu152n  (IT)   Eu152  1.000E+02       Eu154   (b-)   Gd154  9.998E+01
   Eu154   (b+)   Sm154  2.000E-02       Eu154m  (IT)   Eu154  1.000E+02       Eu155   (b-)   Gd155  1.000E+02       Eu156   (b-)   Gd156  1.000E+02
   Eu157   (b-)   Gd157  1.000E+02       Eu158   (b-)   Gd158  1.000E+02       Eu159   (b-)   Gd159  1.000E+02       Eu160   (b-)   Gd160  1.000E+02
   Eu161   (b-)   Gd161  1.000E+02       Eu162   (b-)   Gd162  1.000E+02       Eu163   (b-)   Gd163  1.000E+02       Gd139   (b+)   Eu139  1.000E+02
   Gd139m  (b+)   Eu139  1.000E+02       Gd140   (b+)   Eu140  1.000E+02       Gd141   (b+)   Eu141  1.000E+02       Gd141m  (b+)   Eu141m 8.900E+01
   Gd141m  (IT)   Gd141  1.100E+01       Gd142   (b+)   Eu142  1.000E+02       Gd143   (b+)   Eu143  1.000E+02       Gd143m  (b+)   Eu143  1.000E+02
   Gd144   (b+)   Eu144  1.000E+02       Gd145   (b+)   Eu145  1.000E+02       Gd145m  (b+)   Eu145  5.700E+00       Gd145m  (IT)   Gd145  9.430E+01
   Gd146   (b+)   Eu146  1.000E+02       Gd147   (b+)   Eu147  1.000E+02       Gd148    (a)   Sm144  1.000E+02       Gd149   (b+)   Eu149  1.000E+02
   Gd150    (a)   Sm146  1.000E+02       Gd151   (b+)   Eu151  1.000E+02       Gd151    (a)   Sm147  1.000E-06       Gd152    (a)   Sm148  1.000E+02
   Gd153   (b+)   Eu153  1.000E+02       Gd159   (b-)   Tb159  1.000E+02       Gd160 (b-b-)   Dy160  1.000E+02       Gd161   (b-)   Tb161  1.000E+02
   Gd162   (b-)   Tb162  1.000E+02       Gd163   (b-)   Tb163  1.000E+02       Gd164   (b-)   Tb164  1.000E+02       Gd165   (b-)   Tb165  1.000E+02
   Tb144   (b+)   Gd144  1.000E+02       Tb144m  (b+)   Gd144  3.400E+01       Tb144m  (IT)   Tb144  6.600E+01       Tb145   (b+)   Gd145  1.000E+02
   Tb145m  (b+)   Gd145  1.000E+02       Tb146   (b+)   Gd146  1.000E+02       Tb146m  (b+)   Gd146  1.000E+02       Tb147   (b+)   Gd147  1.000E+02
   Tb147m  (b+)   Gd147  1.000E+02       Tb148   (b+)   Gd148  1.000E+02       Tb148m  (b+)   Gd148  1.000E+02       Tb149    (a)   Eu145  1.670E+01
   Tb149   (b+)   Gd149  8.330E+01       Tb149m  (b+)   Gd149  9.998E+01       Tb149m   (a)   Eu145  2.200E-02       Tb150   (b+)   Gd150  9.500E+01
   Tb150    (a)   Eu146  5.000E+00       Tb150m  (b+)   Gd150  1.000E+02       Tb151    (a)   Eu147  9.500E-03       Tb151   (b+)   Gd151  1.000E+02
   Tb151m  (b+)   Gd151  6.600E+00       Tb151m  (IT)   Tb151  9.340E+01       Tb152   (b+)   Gd152  1.000E+02       Tb152m  (b+)   Gd152  2.110E+01
   Tb152m  (IT)   Tb152  7.890E+01       Tb153   (b+)   Gd153  1.000E+02       Tb154   (b+)   Gd154  1.000E+02       Tb154m  (b+)   Gd154  7.820E+01
   Tb154m  (IT)   Tb154  2.180E+01       Tb154n  (b+)   Gd154  9.820E+01       Tb154n  (IT)   Tb154  1.800E+00       Tb155   (b+)   Gd155  1.000E+02
   Tb156   (b+)   Gd156  1.000E+02       Tb156m  (IT)   Tb156  1.000E+02       Tb156n  (b+)   Gd156  1.900E-01       Tb156n  (IT)   Tb156  9.981E+01
   Tb157   (b+)   Gd157  1.000E+02       Tb158   (b-)   Dy158  1.680E+01       Tb158   (b+)   Gd158  8.320E+01       Tb158m  (IT)   Tb158  1.000E+02
   Tb160   (b-)   Dy160  1.000E+02       Tb161   (b-)   Dy161  1.000E+02       Tb162   (b-)   Dy162  1.000E+02       Tb163   (b-)   Dy163  1.000E+02
   Tb164   (b-)   Dy164  1.000E+02       Tb165   (b-)   Dy165  1.000E+02       Tb166   (b-)   Dy166  1.000E+02       Tb167   (b-)   Dy167  1.000E+02
   Tb168   (b-)   Dy168  1.000E+02       Dy147   (b+)   Tb147  9.995E+01       Dy147  (b+p)   Gd146  5.000E-02       Dy147m  (b+)   Tb147  6.000E+01
   Dy147m  (IT)   Dy147  4.000E+01       Dy148   (b+)   Tb148  1.000E+02       Dy149   (b+)   Tb149  1.000E+02       Dy150   (b+)   Tb150  6.400E+01
   Dy150    (a)   Gd146  3.600E+01       Dy151   (b+)   Tb151  9.440E+01       Dy151    (a)   Gd147  5.600E+00       Dy152    (a)   Gd148  1.000E-01
   Dy152   (b+)   Tb152  9.990E+01       Dy153    (a)   Gd149  9.400E-03       Dy153   (b+)   Tb153  1.000E+02       Dy154    (a)   Gd150  1.000E+02
   Dy155   (b+)   Tb155  1.000E+02       Dy156    (a)   Gd152  5.000E+01       Dy156 (b+b+)   Gd156  5.000E+01       Dy157   (b+)   Tb157  1.000E+02
   Dy159   (b+)   Tb159  1.000E+02       Dy165   (b-)   Ho165  1.000E+02       Dy165m  (b-)   Ho165  2.400E+00       Dy165m  (IT)   Dy165  9.760E+01
   Dy166   (b-)   Ho166  1.000E+02       Dy167   (b-)   Ho167  1.000E+02       Dy168   (b-)   Ho168  1.000E+02       Dy169   (b-)   Ho169  1.000E+02
   Dy170   (b-)   Ho170m 1.000E+02       Dy171   (b-)   Ho171  1.000E+02       Ho152   (b+)   Dy152  8.800E+01       Ho152    (a)   Tb148  1.200E+01
   Ho152m  (b+)   Dy152  8.920E+01       Ho152m   (a)   Tb148  1.080E+01       Ho153    (a)   Tb149  5.100E-02       Ho153   (b+)   Dy153  9.995E+01
   Ho153m  (b+)   Dy153  9.982E+01       Ho153m   (a)   Tb149  1.800E-01       Ho154   (b+)   Dy154  9.998E+01       Ho154    (a)   Tb150  1.900E-02
   Ho154m  (b+)   Dy154  9.998E+01       Ho154m   (a)   Tb150  1.700E-02       Ho155   (b+)   Dy155  1.000E+02       Ho156   (b+)   Dy156  1.000E+02
   Ho156m  (IT)   Ho156  5.000E+01       Ho156m  (b+)   Dy156  5.000E+01       Ho156n  (b+)   Dy156  7.500E+01       Ho156n  (IT)   Ho156  2.500E+01
   Ho157   (b+)   Dy157  1.000E+02       Ho158   (b+)   Dy158  1.000E+02       Ho158m  (IT)   Ho158  1.000E+02       Ho158n  (b+)   Dy158  1.000E+02
   Ho159   (b+)   Dy159  1.000E+02       Ho159m  (IT)   Ho159  1.000E+02       Ho160   (b+)   Dy160  1.000E+02       Ho160m  (IT)   Ho160  6.500E+01
   Ho160m  (b+)   Dy160  3.500E+01       Ho160n  (IT)   Ho160  1.000E+02       Ho161   (b+)   Dy161  1.000E+02       Ho161m  (IT)   Ho161  1.000E+02
   Ho162   (b+)   Dy162  1.000E+02       Ho162m  (b+)   Dy162  3.700E+01       Ho162m  (IT)   Ho162  6.300E+01       Ho163   (b+)   Dy163  1.000E+02
   Ho163m  (IT)   Ho163  1.000E+02       Ho164   (b-)   Er164  5.170E+01       Ho164   (b+)   Dy164  4.830E+01       Ho164m  (IT)   Ho164  1.000E+02
   Ho166   (b-)   Er166  1.000E+02       Ho166m  (b-)   Er166  1.000E+02       Ho167   (b-)   Er167  8.805E+01       Ho167   (b-)   Er167m 1.195E+01
   Ho168   (b-)   Er168  1.000E+02       Ho168m  (IT)   Ho168  9.950E+01       Ho168m  (b-)   Er168  5.000E-01       Ho169   (b-)   Er169  1.000E+02
   Ho170   (b-)   Er170  1.000E+02       Ho170m  (b-)   Er170  1.000E+02       Ho171   (b-)   Er171  1.000E+02       Ho172   (b-)   Er172  1.000E+02
   Ho173   (b-)   Er173  1.000E+02       Er153    (a)   Dy149  5.300E+01       Er153   (b+)   Ho153  4.700E+01       Er154    (a)   Dy150  4.700E-01
   Er154   (b+)   Ho154  9.953E+01       Er155   (b+)   Ho155  9.998E+01       Er155    (a)   Dy151  2.200E-02       Er156   (b+)   Ho156  4.588E+00
   Er156   (b+)   Ho156m 9.541E+01       Er157   (b+)   Ho157  1.000E+02       Er158   (b+)   Ho158  1.000E+02       Er159   (b+)   Ho159  7.643E+01
   Er159   (b+)   Ho159m 2.357E+01       Er160   (b+)   Ho160m 1.000E+02       Er161   (b+)   Ho161  1.000E+02       Er162    (a)   Dy158  5.000E+01
   Er162 (b+b+)   Dy162  5.000E+01       Er163   (b+)   Ho163  9.998E+01       Er163   (b+)   Ho163m 1.529E-02       Er165   (b+)   Ho165  1.000E+02
   Er167m  (IT)   Er167  1.000E+02       Er169   (b-)   Tm169  1.000E+02       Er171   (b-)   Tm171  1.000E+02       Er172   (b-)   Tm172  1.000E+02
   Er173   (b-)   Tm173  1.000E+02       Er174   (b-)   Tm174  1.000E+02       Er175   (b-)   Tm175  1.000E+02       Tm158   (b+)   Er158  1.000E+02
   Tm159   (b+)   Er159  1.000E+02       Tm160   (b+)   Er160  1.000E+02       Tm160m  (IT)   Tm160  8.500E+01       Tm160m  (b+)   Er160  1.500E+01
   Tm161   (b+)   Er161  1.000E+02       Tm161m  (b+)   Er161  5.000E+01       Tm161m  (IT)   Tm161  5.000E+01       Tm162   (b+)   Er162  1.000E+02
   Tm162m  (b+)   Er162  1.800E+01       Tm162m  (IT)   Tm162  8.200E+01       Tm163   (b+)   Er163  1.000E+02       Tm164   (b+)   Er164  1.000E+02
   Tm164m  (IT)   Tm164  8.000E+01       Tm164m  (b+)   Er164  2.000E+01       Tm165   (b+)   Er165  1.000E+02       Tm166   (b+)   Er166  1.000E+02
   Tm167   (b+)   Er167m 9.825E+01       Tm167   (b+)   Er167  1.750E+00       Tm168   (b+)   Er168  9.999E+01       Tm168   (b-)   Yb168  1.000E-02
   Tm170   (b-)   Yb170  9.986E+01       Tm170   (b+)   Er170  1.380E-01       Tm171   (b-)   Yb171  1.000E+02       Tm172   (b-)   Yb172  1.000E+02
   Tm173   (b-)   Yb173  1.000E+02       Tm174   (b-)   Yb174  1.000E+02       Tm175   (b-)   Yb175  1.000E+02       Tm176   (b-)   Yb176  1.000E+02
   Tm177   (b-)   Yb177m 1.000E+02       Tm178   (b-)   Yb178  1.000E+02       Tm179   (b-)   Yb179  1.000E+02       Yb159   (b+)   Tm159  1.000E+02
   Yb160   (b+)   Tm160  1.000E+02       Yb161   (b+)   Tm161  1.000E+02       Yb162   (b+)   Tm162  1.000E+02       Yb163   (b+)   Tm163  1.000E+02
   Yb164   (b+)   Tm164  1.000E+02       Yb165   (b+)   Tm165  1.000E+02       Yb166   (b+)   Tm166  1.000E+02       Yb167   (b+)   Tm167  1.000E+02
   Yb168    (a)   Er164  5.000E+01       Yb168 (b+b+)   Er168  5.000E+01       Yb169   (b+)   Tm169  1.000E+02       Yb169m  (IT)   Yb169  1.000E+02
   Yb175   (b-)   Lu175  1.000E+02       Yb176m  (IT)   Yb176  1.000E+02       Yb177   (b-)   Lu177  1.000E+02       Yb177m  (IT)   Yb177  1.000E+02
   Yb178   (b-)   Lu178  1.000E+02       Yb179   (b-)   Lu179  1.000E+02       Yb180   (b-)   Lu180m 1.000E+02       Yb181   (b-)   Lu181  1.000E+02
   Lu162   (b+)   Yb162  1.000E+02       Lu162m  (b+)   Yb162  1.000E+02       Lu162n  (b+)   Yb162  1.000E+02       Lu163   (b+)   Yb163  1.000E+02
   Lu164   (b+)   Yb164  1.000E+02       Lu165   (b+)   Yb165  1.000E+02       Lu166   (b+)   Yb166  1.000E+02       Lu166m  (b+)   Yb166  5.800E+01
   Lu166m  (IT)   Lu166  4.200E+01       Lu166n  (b+)   Yb166  1.000E+02       Lu167   (b+)   Yb167  1.000E+02       Lu167m  (IT)   Lu167  5.000E+01
   Lu167m  (b+)   Yb167  5.000E+01       Lu168   (b+)   Yb168  1.000E+02       Lu168m  (b+)   Yb168  1.000E+02       Lu169   (b+)   Yb169  1.000E+02
   Lu169m  (IT)   Lu169  1.000E+02       Lu170   (b+)   Yb170  1.000E+02       Lu170m  (IT)   Lu170  1.000E+02       Lu171   (b+)   Yb171  1.000E+02
   Lu171m  (IT)   Lu171  1.000E+02       Lu172   (b+)   Yb172  1.000E+02       Lu172m  (IT)   Lu172  1.000E+02       Lu173   (b+)   Yb173  1.000E+02
   Lu174   (b+)   Yb174  1.000E+02       Lu174m  (b+)   Yb174  5.800E-01       Lu174m  (IT)   Lu174  9.942E+01       Lu176   (b-)   Hf176  1.000E+02
   Lu176m  (b+)   Yb176  9.500E-02       Lu176m  (b-)   Hf176  9.991E+01       Lu177   (b-)   Hf177  1.000E+02       Lu177m  (b-)   Hf177m 7.740E+01
   Lu177m  (IT)   Lu177  2.260E+01       Lu177n  (b-)   Hf177n 5.000E+01       Lu177n  (IT)   Lu177m 5.000E+01       Lu178   (b-)   Hf178  1.000E+02
   Lu178m  (b-)   Hf178  1.000E+02       Lu179   (b-)   Hf179  1.000E+02       Lu180   (b-)   Hf180  1.000E+02       Lu180m  (b-)   Hf180  5.000E+01
   Lu180m  (IT)   Lu180  5.000E+01       Lu181   (b-)   Hf181  1.000E+02       Lu182   (b-)   Hf182  1.000E+02       Lu183   (b-)   Hf183  1.000E+02
   Lu184   (b-)   Hf184  5.000E+01       Lu184   (b-)   Hf184m 5.000E+01       Hf163   (b+)   Lu163  1.000E+02       Hf164   (b+)   Lu164  1.000E+02
   Hf165   (b+)   Lu165  1.000E+02       Hf166   (b+)   Lu166  1.000E+02       Hf167   (b+)   Lu167  1.000E+02       Hf168   (b+)   Lu168m 1.000E+02
   Hf169   (b+)   Lu169  1.000E+02       Hf170   (b+)   Lu170  1.000E+02       Hf171   (b+)   Lu171  1.000E+02       Hf171m  (IT)   Hf171  1.000E+02
   Hf172   (b+)   Lu172m 1.000E+02       Hf173   (b+)   Lu173  1.000E+02       Hf174    (a)   Yb170  1.000E+02       Hf175   (b+)   Lu175  1.000E+02
   Hf177m  (IT)   Hf177  1.000E+02       Hf177n  (IT)   Hf177m 1.000E+02       Hf178m  (IT)   Hf178  1.000E+02       Hf178n  (IT)   Hf178m 1.000E+02
   Hf179m  (IT)   Hf179  1.000E+02       Hf179n  (IT)   Hf179  1.000E+02       Hf180m  (b-)   Ta180m 3.100E-01       Hf180m  (IT)   Hf180  9.969E+01
   Hf181   (b-)   Ta181  1.000E+02       Hf182   (b-)   Ta182  1.000E+02       Hf182m  (b-)   Ta182  3.518E+01       Hf182m  (b-)   Ta182m 1.413E+01
   Hf182m  (IT)   Hf182  4.200E+01       Hf182m  (b-)   Ta182n 8.693E+00       Hf183   (b-)   Ta183  1.000E+02       Hf184   (b-)   Ta184  1.000E+02
   Hf184m  (b-)   Ta184  1.000E+02       Hf185   (b-)   Ta185  1.000E+02       Hf186   (b-)   Ta186  1.000E+02       Hf187   (b-)   Ta187  1.000E+02
   Ta170   (b+)   Hf170  1.000E+02       Ta171   (b+)   Hf171  1.000E+02       Ta172   (b+)   Hf172  1.000E+02       Ta173   (b+)   Hf173  1.000E+02
   Ta174   (b+)   Hf174  1.000E+02       Ta175   (b+)   Hf175  1.000E+02       Ta176   (b+)   Hf176  1.000E+02       Ta177   (b+)   Hf177  1.000E+02
   Ta178   (b+)   Hf178  1.000E+02       Ta178m  (b+)   Hf178  1.000E+02       Ta179   (b+)   Hf179  1.000E+02       Ta180   (b-)   W 180  1.810E+01
   Ta180   (b+)   Hf180  8.190E+01       Ta180m  (b-)   W 180  2.000E+01       Ta180m  (b+)   Hf180  8.000E+01       Ta182   (b-)   W 182  1.000E+02
   Ta182m  (IT)   Ta182  1.000E+02       Ta182n  (IT)   Ta182m 1.000E+02       Ta183   (b-)   W 183  9.660E+01       Ta183   (b-)   W 183m 3.400E+00
   Ta184   (b-)   W 184  1.000E+02       Ta185   (b-)   W 185  1.000E+02       Ta186   (b-)   W 186  1.000E+02       Ta187   (b-)   W 187  1.000E+02
   Ta188   (b-)   W 188  1.000E+02       Ta189   (b-)   W 189  1.000E+02       Ta190   (b-)   W 190  1.000E+02       W 171   (b+)   Ta171  1.000E+02
   W 172   (b+)   Ta172  1.000E+02       W 173   (b+)   Ta173  1.000E+02       W 174   (b+)   Ta174  1.000E+02       W 175   (b+)   Ta175  1.000E+02
   W 176   (b+)   Ta176  1.000E+02       W 177   (b+)   Ta177  1.000E+02       W 178   (b+)   Ta178  1.000E+02       W 179   (b+)   Ta179  1.000E+02
   W 179m  (b+)   Ta179  2.800E-01       W 179m  (IT)   W 179  9.972E+01       W 181   (b+)   Ta181  1.000E+02       W 183    (a)   Hf179  3.340E+01
   W 183    (a)   Hf179m 3.330E+01       W 183    (a)   Hf179n 3.330E+01       W 183m  (IT)   W 183  1.000E+02       W 184    (a)   Hf180  1.000E+02
   W 185   (b-)   Re185  1.000E+02       W 185m  (IT)   W 185  1.000E+02       W 186 (b-b-)   Os186  5.000E+01       W 186    (a)   Hf182  5.000E+01
   W 187   (b-)   Re187  1.000E+02       W 188   (b-)   Re188  1.000E+02       W 189   (b-)   Re189  1.000E+02       W 190   (b-)   Re190  1.000E+02
   W 191   (b-)   Re191  1.000E+02       W 192   (b-)   Re192  1.000E+02       W 193   (b-)   Re193  1.000E+02       W 194   (b-)   Re194  1.000E+02
   Re174   (b+)   W 174  1.000E+02       Re175   (b+)   W 175  1.000E+02       Re176   (b+)   W 176  1.000E+02       Re177   (b+)   W 177  1.000E+02
   Re178   (b+)   W 178  1.000E+02       Re179   (b+)   W 179  1.000E+02       Re180   (b+)   W 180  1.000E+02       Re181   (b+)   W 181  1.000E+02
   Re182   (b+)   W 182  1.000E+02       Re182m  (b+)   W 182  1.000E+02       Re183   (b+)   W 183  1.000E+02       Re184   (b+)   W 184  1.000E+02
   Re184m  (b+)   W 184  2.520E+01       Re184m  (IT)   Re184  7.480E+01       Re186   (b-)   Os186  9.313E+01       Re186   (b+)   W 186  6.870E+00
   Re186m  (IT)   Re186  1.000E+02       Re187   (b-)   Os187  1.000E+02       Re188   (b-)   Os188  1.000E+02       Re188m  (IT)   Re188  1.000E+02
   Re189   (b-)   Os189  8.972E+01       Re189   (b-)   Os189m 1.028E+01       Re190   (b-)   Os190  1.000E+02       Re190m  (b-)   Os190  5.450E+01
   Re190m  (IT)   Re190  4.550E+01       Re191   (b-)   Os191  1.000E+02       Re192   (b-)   Os192  1.000E+02       Re193   (b-)   Os193  1.000E+02
   Re194   (b-)   Os194  1.000E+02       Re195   (b-)   Os195  1.000E+02       Re196   (b-)   Os196  1.000E+02       Re197   (b-)   Os197  1.000E+02
   Re198   (b-)   Os198  1.000E+02       Os175   (b+)   Re175  1.000E+02       Os176   (b+)   Re176  1.000E+02       Os177   (b+)   Re177  1.000E+02
   Os178   (b+)   Re178  1.000E+02       Os179   (b+)   Re179  1.000E+02       Os180   (b+)   Re180  1.000E+02       Os181   (b+)   Re181  1.000E+02
   Os181m  (b+)   Re181  1.000E+02       Os182   (b+)   Re182  1.000E+02       Os183   (b+)   Re183  1.000E+02       Os183m  (b+)   Re183  8.500E+01
   Os183m  (IT)   Os183  1.500E+01       Os184    (a)   W 180  5.000E+01       Os184 (b+b+)   W 184  5.000E+01       Os185   (b+)   Re185  1.000E+02
   Os186    (a)   W 182  1.000E+02       Os189m  (IT)   Os189  1.000E+02       Os190m  (IT)   Os190  1.000E+02       Os191   (b-)   Ir191m 1.000E+02
   Os191m  (IT)   Os191  1.000E+02       Os192m  (IT)   Os192  8.700E+01       Os192m  (b-)   Ir192n 1.300E+01       Os193   (b-)   Ir193  9.965E+01
   Os193   (b-)   Ir193m 3.474E-01       Os194   (b-)   Ir194  1.000E+02       Os195   (b-)   Ir195  1.000E+02       Os196   (b-)   Ir196  1.000E+02
   Os197   (b-)   Ir197  1.000E+02       Os198   (b-)   Ir198  1.000E+02       Os199   (b-)   Ir199  1.000E+02       Os200   (b-)   Ir200  1.000E+02
   Os201   (b-)   Ir201  1.000E+02       Ir178   (b+)   Os178  1.000E+02       Ir179   (b+)   Os179  1.000E+02       Ir180   (b+)   Os180  1.000E+02
   Ir181   (b+)   Os181  1.000E+02       Ir182   (b+)   Os182  1.000E+02       Ir183   (b+)   Os183  3.104E+01       Ir183   (b+)   Os183m 6.896E+01
   Ir184   (b+)   Os184  1.000E+02       Ir185   (b+)   Os185  1.000E+02       Ir186   (b+)   Os186  1.000E+02       Ir186m  (b+)   Os186  1.000E+02
   Ir187   (b+)   Os187  1.000E+02       Ir188   (b+)   Os188  1.000E+02       Ir189   (b+)   Os189m 7.500E+00       Ir189   (b+)   Os189  9.250E+01
   Ir190   (b+)   Os190  1.000E+02       Ir190m  (IT)   Ir190  1.000E+02       Ir190n  (IT)   Ir190  8.600E+00       Ir190n  (b+)   Os190m 9.140E+01
   Ir191m  (IT)   Ir191  1.000E+02       Ir191n  (IT)   Ir191m 1.000E+02       Ir192   (b-)   Pt192  9.520E+01       Ir192   (b+)   Os192  4.800E+00
   Ir192m  (b-)   Pt192  1.750E-02       Ir192m  (IT)   Ir192  9.998E+01       Ir192n  (IT)   Ir192  1.000E+02       Ir193m  (IT)   Ir193  1.000E+02
   Ir194   (b-)   Pt194  1.000E+02       Ir194m  (IT)   Ir194  1.000E+02       Ir194n  (b-)   Pt194  1.000E+02       Ir195   (b-)   Pt195  1.000E+02
   Ir195m  (b-)   Pt195  5.103E+01       Ir195m  (b-)   Pt195m 4.397E+01       Ir195m  (IT)   Ir195  5.000E+00       Ir196   (b-)   Pt196  1.000E+02
   Ir196m  (b-)   Pt196  1.000E+02       Ir197   (b-)   Pt197  1.000E+02       Ir197m  (b-)   Pt197m 9.975E+01       Ir197m  (IT)   Ir197  2.500E-01
   Ir198   (b-)   Pt198  1.000E+02       Ir199   (b-)   Pt199  1.000E+02       Ir200   (b-)   Pt200  1.000E+02       Ir201   (b-)   Pt201  1.000E+02
   Ir202   (b-)   Pt202  1.000E+02       Pt181   (b+)   Ir181  9.993E+01       Pt181    (a)   Os177  7.400E-02       Pt182   (b+)   Ir182  9.998E+01
   Pt182    (a)   Os178  2.000E-02       Pt183   (b+)   Ir183  9.999E+01       Pt183    (a)   Os179  9.600E-03       Pt183m  (b+)   Ir183  1.000E+02
   Pt184   (b+)   Ir184  1.000E+02       Pt184    (a)   Os180  1.000E-03       Pt185   (b+)   Ir185  1.000E+02       Pt185m  (b+)   Ir185  1.000E+02
   Pt186    (a)   Os182  1.000E-04       Pt186   (b+)   Ir186  1.000E+02       Pt187   (b+)   Ir187  1.000E+02       Pt188   (b+)   Ir188  1.000E+02
   Pt189   (b+)   Ir189  1.000E+02       Pt190    (a)   Os186  1.000E+02       Pt191   (b+)   Ir191  9.898E+01       Pt191   (b+)   Ir191m 1.022E+00
   Pt193   (b+)   Ir193  1.000E+02       Pt193m  (IT)   Pt193  1.000E+02       Pt195m  (IT)   Pt195  1.000E+02       Pt197   (b-)   Au197  1.000E+02
   Pt197m  (b-)   Au197m 3.300E+00       Pt197m  (IT)   Pt197  9.670E+01       Pt199   (b-)   Au199  1.000E+02       Pt199m  (IT)   Pt199  1.000E+02
   Pt200   (b-)   Au200  1.000E+02       Pt201   (b-)   Au201  1.000E+02       Pt202   (b-)   Au202  1.000E+02       Pt203   (b-)   Au203  1.000E+02
   Au185   (b+)   Pt185  2.533E+01       Au185   (b+)   Pt185m 7.441E+01       Au185    (a)   Ir181  2.600E-01       Au186   (b+)   Pt186  1.000E+02
   Au187   (b+)   Pt187  9.990E+01       Au187    (a)   Ir183  1.000E-01       Au187m  (IT)   Au187  1.000E+02       Au188   (b+)   Pt188  1.000E+02
   Au189   (b+)   Pt189  1.000E+02       Au189m  (b+)   Pt189  1.000E+02       Au190   (b+)   Pt190  1.000E+02       Au191   (b+)   Pt191  1.000E+02
   Au191m  (IT)   Au191  1.000E+02       Au192   (b+)   Pt192  1.000E+02       Au192m  (IT)   Au192  1.000E+02       Au192n  (IT)   Au192m 1.000E+02
   Au193   (b+)   Pt193  1.000E+02       Au193m  (b+)   Pt193  3.000E-02       Au193m  (IT)   Au193  9.997E+01       Au194   (b+)   Pt194  1.000E+02
   Au194m  (IT)   Au194  1.000E+02       Au194n  (IT)   Au194  1.000E+02       Au195   (b+)   Pt195  1.000E+02       Au195m  (IT)   Au195  1.000E+02
   Au196   (b+)   Pt196  9.280E+01       Au196   (b-)   Hg196  7.200E+00       Au196m  (IT)   Au196  1.000E+02       Au196n  (IT)   Au196  2.418E+00
   Au196n  (IT)   Au196m 9.758E+01       Au197m  (IT)   Au197  1.000E+02       Au198   (b-)   Hg198  1.000E+02       Au198m  (IT)   Au198  1.000E+02
   Au199   (b-)   Hg199  1.000E+02       Au200   (b-)   Hg200  1.000E+02       Au200m  (b-)   Hg200  8.200E+01       Au200m  (IT)   Au200  1.800E+01
   Au201   (b-)   Hg201  1.000E+02       Au202   (b-)   Hg202  1.000E+02       Au203   (b-)   Hg203  1.000E+02       Au204   (b-)   Hg204  1.000E+02
   Au205   (b-)   Hg205  1.000E+02       Au206   (b-)   Hg206  1.000E+02       Hg186    (a)   Pt182  1.800E-02       Hg186   (b+)   Au186  1.000E+02
   Hg187   (b+)   Au187  9.999E+01       Hg187    (a)   Pt183  1.200E-02       Hg187m  (b+)   Au187m 1.000E+02       Hg187m   (a)   Pt183m 2.500E-04
   Hg188   (b+)   Au188  1.000E+02       Hg189   (b+)   Au189  9.990E+01       Hg189    (a)   Pt185  1.000E-01       Hg189m  (b+)   Au189  1.000E+02
   Hg190   (b+)   Au190  1.000E+02       Hg191   (b+)   Au191  1.000E+02       Hg191m  (b+)   Au191  1.000E+02       Hg192   (b+)   Au192  1.000E+02
   Hg193   (b+)   Au193  9.664E+01       Hg193   (b+)   Au193m 3.360E+00       Hg193m  (b+)   Au193  9.200E+01       Hg193m  (IT)   Hg193  8.000E+00
   Hg194   (b+)   Au194  1.000E+02       Hg195   (b+)   Au195  9.790E+01       Hg195   (b+)   Au195m 2.104E+00       Hg195m  (b+)   Au195  4.580E+01
   Hg195m  (IT)   Hg195  5.420E+01       Hg196 (b+b+)   Pt196  1.000E+02       Hg197   (b+)   Au197  1.000E+02       Hg197m  (b+)   Au197m 8.600E+00
   Hg197m  (IT)   Hg197  9.140E+01       Hg199m  (IT)   Hg199  1.000E+02       Hg203   (b-)   Tl203  1.000E+02       Hg205   (b-)   Tl205  1.000E+02
   Hg206   (b-)   Tl206  1.000E+02       Hg207   (b-)   Tl207  1.000E+02       Hg208   (b-)   Tl208  1.000E+02       Hg209   (b-)   Tl209  1.000E+02
   Tl192   (b+)   Hg192  1.000E+02       Tl192m  (b+)   Hg192  1.000E+02       Tl193   (b+)   Hg193  1.000E+02       Tl193m  (b+)   Hg193  2.500E+01
   Tl193m  (IT)   Tl193  7.500E+01       Tl194   (b+)   Hg194  1.000E+02       Tl194m  (b+)   Hg194  1.000E+02       Tl195   (b+)   Hg195  1.000E+02
   Tl195m  (IT)   Tl195  1.000E+02       Tl196   (b+)   Hg196  1.000E+02       Tl196m  (b+)   Hg196  9.550E+01       Tl196m  (IT)   Tl196  4.500E+00
   Tl197   (b+)   Hg197  1.000E+02       Tl197m  (IT)   Tl197  1.000E+02       Tl198   (b+)   Hg198  1.000E+02       Tl198m  (b+)   Hg198  5.400E+01
   Tl198m  (IT)   Tl198  4.600E+01       Tl199   (b+)   Hg199  1.000E+02       Tl200   (b+)   Hg200  1.000E+02       Tl201   (b+)   Hg201  1.000E+02
   Tl202   (b+)   Hg202  1.000E+02       Tl204   (b+)   Hg204  2.920E+00       Tl204   (b-)   Pb204  9.708E+01       Tl206   (b-)   Pb206  1.000E+02
   Tl206m  (IT)   Tl206  1.000E+02       Tl207   (b-)   Pb207  1.000E+02       Tl207m  (IT)   Tl207  1.000E+02       Tl208   (b-)   Pb208  1.000E+02
   Tl209   (b-)   Pb209  1.000E+02       Tl210   (b-)   Pb210  9.999E+01       Tl210  (b-n)   Pb209  7.000E-03       Pb193   (b+)   Tl193  1.000E+02
   Pb193m  (b+)   Tl193  9.530E+01       Pb193m  (b+)   Tl193m 4.700E+00       Pb194    (a)   Hg190  7.300E-06       Pb194   (b+)   Tl194  1.000E+02
   Pb195   (b+)   Tl195  1.000E+02       Pb195m  (b+)   Tl195  1.000E+02       Pb196   (b+)   Tl196  1.000E+02       Pb197   (b+)   Tl197  1.000E+02
   Pb197m  (b+)   Tl197  8.100E+01       Pb197m  (IT)   Pb197  1.900E+01       Pb198   (b+)   Tl198  1.000E+02       Pb199   (b+)   Tl199  1.000E+02
   Pb199m  (b+)   Tl199  7.000E+00       Pb199m  (IT)   Pb199  9.300E+01       Pb200   (b+)   Tl200  1.000E+02       Pb201   (b+)   Tl201  1.000E+02
   Pb201m  (IT)   Pb201  1.000E+02       Pb202   (b+)   Tl202  1.000E+02       Pb202m  (b+)   Tl202  9.100E+00       Pb202m  (IT)   Pb202  9.090E+01
   Pb203   (b+)   Tl203  1.000E+02       Pb203m  (IT)   Pb203  1.000E+02       Pb203n  (IT)   Pb203m 1.000E+02       Pb204    (a)   Hg200  1.000E+02
   Pb204m  (IT)   Pb204  1.000E+02       Pb205   (b+)   Tl205  1.000E+02       Pb205m  (IT)   Pb205  1.000E+02       Pb207m  (IT)   Pb207  1.000E+02
   Pb209   (b-)   Bi209  1.000E+02       Pb210   (b-)   Bi210  1.000E+02       Pb210    (a)   Hg206  1.900E-06       Pb211   (b-)   Bi211  1.000E+02
   Pb212   (b-)   Bi212  1.000E+02       Pb213   (b-)   Bi213  1.000E+02       Pb214   (b-)   Bi214  1.000E+02       Pb215   (b-)   Bi215  1.000E+02
   Bi196   (b+)   Pb196  1.000E+02       Bi196    (a)   Tl192  1.150E-03       Bi196m  (IT)   Bi196  5.000E+01       Bi196m  (b+)   Pb196  5.000E+01
   Bi196n  (b+)   Pb196  7.420E+01       Bi196n  (IT)   Bi196m 2.580E+01       Bi196n   (a)   Tl192m 3.800E-04       Bi197   (b+)   Pb197m 1.000E+02
   Bi197    (a)   Tl193m 1.000E-04       Bi197m   (a)   Tl193  5.484E+01       Bi197m  (b+)   Pb197  4.487E+01       Bi197m  (IT)   Bi197  2.991E-01
   Bi198   (b+)   Pb198  1.000E+02       Bi198m  (b+)   Pb198  1.000E+02       Bi198n  (IT)   Bi198  1.000E+02       Bi199   (b+)   Pb199  1.000E+02
   Bi199m  (b+)   Pb199  9.799E+01       Bi199m  (IT)   Bi199  2.000E+00       Bi199m   (a)   Tl195  1.000E-02       Bi200   (b+)   Pb200  1.000E+02
   Bi200m  (b+)   Pb200  1.000E+02       Bi200n  (IT)   Bi200  1.000E+02       Bi201   (b+)   Pb201  1.000E+02       Bi201m  (b+)   Pb201  4.645E+01
   Bi201m  (b+)   Pb201m 4.645E+01       Bi201m  (IT)   Bi201  6.800E+00       Bi201m   (a)   Tl197  3.000E-01       Bi202   (b+)   Pb202  1.000E+02
   Bi203   (b+)   Pb203  1.000E+02       Bi203    (a)   Tl199  1.000E-05       Bi203m  (IT)   Bi203  1.000E+02       Bi204   (b+)   Pb204  9.073E+01
   Bi204   (b+)   Pb204m 9.265E+00       Bi205   (b+)   Pb205  8.639E+01       Bi205   (b+)   Pb205m 1.361E+01       Bi206   (b+)   Pb206  1.000E+02
   Bi207   (b+)   Pb207  1.000E+02       Bi208   (b+)   Pb208  1.000E+02       Bi208m  (IT)   Bi208  1.000E+02       Bi209    (a)   Tl205  1.000E+02
   Bi210   (b-)   Po210  1.000E+02       Bi210    (a)   Tl206  1.320E-04       Bi210m   (a)   Tl206  1.000E+02       Bi211   (b-)   Po211  2.730E-01
   Bi211    (a)   Tl207  9.973E+01       Bi212   (b-)   Po212  6.406E+01       Bi212  (b-a)   Pb208  1.400E-02       Bi212    (a)   Tl208  3.593E+01
   Bi212m  (b-)   Po212  3.200E+00       Bi212m (b-a)   Pb208  3.000E+01       Bi212m   (a)   Tl208  6.680E+01       Bi212n  (b-)   Po212m 1.000E+02
   Bi213   (b-)   Po213  9.784E+01       Bi213    (a)   Tl209  2.160E+00       Bi214   (b-)   Po214  9.998E+01       Bi214    (a)   Tl210  2.100E-02
   Bi215   (b-)   Po215  1.000E+02       Bi215m  (IT)   Bi215  5.000E+01       Bi215m  (b-)   Po215  5.000E+01       Bi216   (b-)   Po216  1.000E+02
   Po202   (b+)   Bi202  9.800E+01       Po202    (a)   Pb198  2.000E+00       Po203    (a)   Pb199  1.100E-01       Po203   (b+)   Bi203  9.989E+01
   Po203m  (IT)   Po203  1.000E+02       Po204   (b+)   Bi204  9.934E+01       Po204    (a)   Pb200  6.600E-01       Po205    (a)   Pb201  4.000E-02
   Po205   (b+)   Bi205  9.990E+01       Po206    (a)   Pb202  5.450E+00       Po206   (b+)   Bi206  9.455E+01       Po207    (a)   Pb203  2.100E-02
   Po207   (b+)   Bi207  9.998E+01       Po207m  (IT)   Po207  1.000E+02       Po208   (b+)   Bi208  1.810E-03       Po208    (a)   Pb204  1.000E+02
   Po209   (b+)   Bi209  2.600E-01       Po209    (a)   Pb205  9.974E+01       Po210    (a)   Pb206  1.000E+02       Po211    (a)   Pb207  1.000E+02
   Po211m   (a)   Pb207  1.000E+02       Po212    (a)   Pb208  1.000E+02       Po212m   (a)   Pb208  1.000E+02       Po213    (a)   Pb209  1.000E+02
   Po214    (a)   Pb210  1.000E+02       Po215   (b-)   At215  4.000E-04       Po215    (a)   Pb211  1.000E+02       Po216    (a)   Pb212  1.000E+02
   Po217    (a)   Pb213  9.500E+01       Po217   (b-)   At217  5.000E+00       Po218   (b-)   At218  1.900E-02       Po218    (a)   Pb214  9.998E+01
   Po219   (b-)   At219  5.000E+01       Po219    (a)   Pb215  5.000E+01       At205   (b+)   Po205  9.000E+01       At205    (a)   Bi201  1.000E+01
   At206    (a)   Bi202  8.900E-01       At206   (b+)   Po206  9.911E+01       At207   (b+)   Po207  9.130E+01       At207    (a)   Bi203  8.700E+00
   At208   (b+)   Po208  9.945E+01       At208    (a)   Bi204  5.500E-01       At209    (a)   Bi205  4.100E+00       At209   (b+)   Po209  9.590E+01
   At210    (a)   Bi206  1.750E-01       At210   (b+)   Po210  9.983E+01       At211    (a)   Bi207  4.180E+01       At211   (b+)   Po211  5.820E+01
   At212    (a)   Bi208  1.000E+02       At212m   (a)   Bi208  1.000E+02       At213    (a)   Bi209  1.000E+02       At214    (a)   Bi210  1.000E+02
   At215    (a)   Bi211  1.000E+02       At216    (a)   Bi212  1.000E+02       At217   (b-)   Rn217  1.200E-02       At217    (a)   Bi213  9.999E+01
   At218   (b-)   Rn218  1.000E-01       At218    (a)   Bi214  9.990E+01       At219   (b-)   Rn219  3.000E+00       At219    (a)   Bi215  9.700E+01
   At220    (a)   Bi216  8.000E+00       At220   (b-)   Rn220  9.200E+01       At221   (b-)   Rn221  1.000E+02       At222   (b-)   Rn222  1.000E+02
   Rn208   (b+)   At208  3.800E+01       Rn208    (a)   Po204  6.200E+01       Rn209    (a)   Po205  1.700E+01       Rn209   (b+)   At209  8.300E+01
   Rn210    (a)   Po206  9.600E+01       Rn210   (b+)   At210  4.000E+00       Rn211   (b+)   At211  7.400E+01       Rn211    (a)   Po207  2.600E+01
   Rn212    (a)   Po208  1.000E+02       Rn213    (a)   Po209  1.000E+02       Rn214    (a)   Po210  1.000E+02       Rn215    (a)   Po211  1.000E+02
   Rn216    (a)   Po212  1.000E+02       Rn217    (a)   Po213  1.000E+02       Rn218    (a)   Po214  1.000E+02       Rn219    (a)   Po215  1.000E+02
   Rn220    (a)   Po216  1.000E+02       Rn221    (a)   Po217  2.000E+01       Rn221   (b-)   Fr221  7.800E+01       Rn222    (a)   Po218  1.000E+02
   Rn223   (b-)   Fr223  1.000E+02       Rn224   (b-)   Fr224  1.000E+02       Rn225   (b-)   Fr225  1.000E+02       Fr218    (a)   At214  1.000E+02
   Fr218m   (a)   At214  1.000E+02       Fr219    (a)   At215  1.000E+02       Fr220    (a)   At216  9.965E+01       Fr220   (b-)   Ra220  3.500E-01
   Fr221    (a)   At217  1.000E+02       Fr222   (b-)   Ra222  1.000E+02       Fr223   (b-)   Ra223  9.999E+01       Fr223    (a)   At219  6.000E-03
   Fr224   (b-)   Ra224  1.000E+02       Fr225   (b-)   Ra225  1.000E+02       Fr226   (b-)   Ra226  1.000E+02       Fr227   (b-)   Ra227  1.000E+02
   Fr228   (b-)   Ra228  1.000E+02       Ra220    (a)   Rn216  1.000E+02       Ra221    (a)   Rn217  1.000E+02       Ra222    (a)   Rn218  1.000E+02
   Ra223    (a)   Rn219  1.000E+02       Ra224    (a)   Rn220  1.000E+02       Ra225   (b-)   Ac225  1.000E+02       Ra226    (a)   Rn222  1.000E+02
   Ra227   (b-)   Ac227  1.000E+02       Ra228   (b-)   Ac228  1.000E+02       Ra229   (b-)   Ac229  1.000E+02       Ra230   (b-)   Ac230  1.000E+02
   Ra231   (b-)   Ac231  1.000E+02       Ac222    (a)   Fr218  1.000E+02       Ac222m  (b+)   Ra222  1.200E+01       Ac222m   (a)   Fr218  8.800E+01
   Ac223   (b+)   Ra223  1.000E+00       Ac223    (a)   Fr219  9.900E+01       Ac224    (a)   Fr220  9.100E+00       Ac224   (b+)   Ra224  9.090E+01
   Ac225    (a)   Fr221  1.000E+02       Ac226   (b-)   Th226  8.280E+01       Ac226   (b+)   Ra226  1.720E+01       Ac226    (a)   Fr222  6.000E-03
   Ac227   (b-)   Th227  9.862E+01       Ac227    (a)   Fr223  1.380E+00       Ac228   (b-)   Th228  1.000E+02       Ac229   (b-)   Th229  1.000E+02
   Ac230   (b-)   Th230  1.000E+02       Ac231   (b-)   Th231  1.000E+02       Ac232   (b-)   Th232  1.000E+02       Ac233   (b-)   Th233  1.000E+02
   Ac234   (b-)   Th234  1.000E+02       Th224    (a)   Ra220  1.000E+02       Th225    (a)   Ra221  9.000E+01       Th226    (a)   Ra222  1.000E+02
   Th227    (a)   Ra223  1.000E+02       Th228    (a)   Ra224  1.000E+02       Th229    (a)   Ra225  1.000E+02       Th229m  (IT)   Th229  1.000E+02
   Th230    (a)   Ra226  1.000E+02       Th230   (SF)       0  2.500E-11       Th231   (b-)   Pa231  1.000E+02       Th232    (a)   Ra228  1.000E+02
   Th232   (SF)       0  1.400E-09       Th233   (b-)   Pa233  1.000E+02       Th234   (b-)   Pa234m 1.000E+02       Th235   (b-)   Pa235  1.000E+02
   Pa226    (a)   Ac222  3.700E+01       Pa226    (a)   Ac222m 3.700E+01       Pa226   (b+)   Th226  2.600E+01       Pa227   (b+)   Th227  1.500E+01
   Pa227    (a)   Ac223  8.500E+01       Pa228    (a)   Ac224  2.000E+00       Pa228   (b+)   Th228  9.815E+01       Pa229    (a)   Ac225  4.800E-01
   Pa229   (b+)   Th229  9.952E+01       Pa230   (b-)   U 230  9.500E+00       Pa230   (b+)   Th230  9.050E+01       Pa230    (a)   Ac226  3.200E-03
   Pa231    (a)   Ac227  1.000E+02       Pa231   (SF)       0  3.000E-10       Pa232   (b-)   U 232  1.000E+02       Pa232   (b+)   Th232  3.000E-03
   Pa233   (b-)   U 233  1.000E+02       Pa234   (b-)   U 234  1.000E+02       Pa234m  (b-)   U 234  9.985E+01       Pa234m  (IT)   Pa234  1.500E-01
   Pa235   (b-)   U 235m 1.000E+02       Pa236   (b-)   U 236  1.000E+02       Pa237   (b-)   U 237  1.000E+02       Pa238   (b-)   U 238  1.000E+02
   U 228    (a)   Th224  9.750E+01       U 229   (b+)   Pa229  8.000E+01       U 229    (a)   Th225  2.000E+01       U 230    (a)   Th226  1.000E+02
   U 231   (b+)   Pa231  9.999E+01       U 231    (a)   Th227  5.500E-03       U 232    (a)   Th228  1.000E+02       U 232   (SF)       0  9.000E-11
   U 233    (a)   Th229  1.000E+02       U 234    (a)   Th230  1.000E+02       U 234   (SF)       0  1.700E-09       U 235    (a)   Th231  1.000E+02
   U 235   (SF)       0  7.200E-09       U 235m  (IT)   U 235  1.000E+02       U 236    (a)   Th232  1.000E+02       U 236   (SF)       0  9.000E-08
   U 237   (b-)   Np237  1.000E+02       U 238    (a)   Th234  1.000E+02       U 238   (SF)       0  5.460E-05       U 239   (b-)   Np239  1.000E+02
   U 240   (b-)   Np240  1.000E+02       U 241   (b-)   Np241  1.000E+02       U 242   (b-)   Np242  1.000E+02       U 243   (b-)   Np243  1.000E+02
   U 244   (b-)   Np244  1.000E+02       U 245   (b-)   Np245  1.000E+02       Np230   (b+)   U 230  9.700E+01       Np230    (a)   Pa226  3.000E+00
   Np231   (b+)   U 231  9.800E+01       Np231    (a)   Pa227  2.000E+00       Np232   (b+)   U 232  1.000E+02       Np233    (a)   Pa229  1.000E-03
   Np233   (b+)   U 233  1.000E+02       Np234   (b+)   U 234  1.000E+02       Np235   (b+)   U 235  1.000E+02       Np235    (a)   Pa231  1.400E-03
   Np236   (b-)   Pu236  1.180E+01       Np236   (b+)   U 236  8.804E+01       Np236    (a)   Pa232  1.600E-01       Np236m  (b-)   Pu236  5.000E+01
   Np236m  (b+)   U 236  5.000E+01       Np237    (a)   Pa233  1.000E+02       Np238   (b-)   Pu238  1.000E+02       Np239   (b-)   Pu239  1.000E+02
   Np240   (b-)   Pu240  1.000E+02       Np240m  (b-)   Pu240  9.989E+01       Np240m  (IT)   Np240  1.100E-01       Np241   (b-)   Pu241  1.000E+02
   Np242   (b-)   Pu242  1.000E+02       Np242m  (b-)   Pu242  1.000E+02       Np243   (b-)   Pu243  1.000E+02       Np244   (b-)   Pu244  1.000E+02
   Np245   (b-)   Pu245  1.000E+02       Np246   (b-)   Pu246  1.000E+02       Pu232   (b+)   Np232  8.900E+01       Pu232    (a)   U 228  1.100E+01
   Pu233   (b+)   Np233  9.988E+01       Pu233    (a)   U 229  1.200E-01       Pu234   (b+)   Np234  9.400E+01       Pu234    (a)   U 230  6.000E+00
   Pu235    (a)   U 231  2.700E-03       Pu235   (b+)   Np235  1.000E+02       Pu236    (a)   U 232  1.000E+02       Pu236   (SF)       0  8.200E-08
   Pu237   (b+)   Np237  1.000E+02       Pu237    (a)   U 233  4.200E-03       Pu237m  (IT)   Pu237  1.000E+02       Pu238    (a)   U 234  1.000E+02
   Pu238   (SF)       0  1.860E-07       Pu239    (a)   U 235  6.000E-02       Pu239    (a)   U 235m 9.994E+01       Pu239   (SF)       0  3.100E-10
   Pu240    (a)   U 236  1.000E+02       Pu240   (SF)       0  5.700E-06       Pu241   (b-)   Am241  1.000E+02       Pu241    (a)   U 237  2.460E-03
   Pu242    (a)   U 238  1.000E+02       Pu242   (SF)       0  5.500E-04       Pu243   (b-)   Am243  1.000E+02       Pu244    (a)   U 240  9.988E+01
   Pu244   (SF)       0  1.250E-01       Pu245   (b-)   Am245  1.000E+02       Pu246   (b-)   Am246m 1.000E+02       Pu247   (b-)   Am247  1.000E+02
   Am237   (b+)   Pu237  9.998E+01       Am237    (a)   Np233  2.500E-02       Am238   (b+)   Pu238  1.000E+02       Am238    (a)   Np234  1.000E-04
   Am239   (b+)   Pu239  9.999E+01       Am239    (a)   Np235  1.000E-02       Am240   (b+)   Pu240  1.000E+02       Am240    (a)   Np236  1.900E-04
   Am241    (a)   Np237  1.000E+02       Am241   (SF)       0  4.300E-10       Am242   (b-)   Cm242  8.320E+01       Am242   (b+)   Pu242  1.680E+01
   Am242m  (IT)   Am242  9.954E+01       Am242m   (a)   Np238  4.630E-01       Am242m  (SF)       0  1.600E-08       Am243    (a)   Np239  1.000E+02
   Am243   (SF)       0  3.700E-09       Am244   (b-)   Cm244  1.000E+02       Am244m  (b-)   Cm244  9.996E+01       Am244m  (b+)   Pu244  4.100E-02
   Am245   (b-)   Cm245  1.000E+02       Am246   (b-)   Cm246  1.000E+02       Am246m  (b-)   Cm246  1.000E+02       Am247   (b-)   Cm247  1.000E+02
   Am248   (b-)   Cm248  1.000E+02       Am249   (b-)   Cm249  1.000E+02       Am250   (b-)   Cm250  1.000E+02       Cm238   (b+)   Am238  9.000E+01
   Cm238    (a)   Pu234  1.000E+01       Cm239   (b+)   Am239  1.000E+02       Cm240    (a)   Pu236  9.970E+01       Cm241   (b+)   Am241  9.900E+01
   Cm241    (a)   Pu237  1.000E+00       Cm242    (a)   Pu238  1.000E+02       Cm242   (SF)       0  6.100E-06       Cm243   (b+)   Am243  2.400E-01
   Cm243    (a)   Pu239  9.976E+01       Cm244    (a)   Pu240  1.000E+02       Cm244   (SF)       0  1.380E-04       Cm245    (a)   Pu241  1.000E+02
   Cm246    (a)   Pu242  9.997E+01       Cm246   (SF)       0  2.614E-02       Cm247    (a)   Pu243  1.000E+02       Cm248    (a)   Pu244  9.174E+01
   Cm248   (SF)       0  8.260E+00       Cm249   (b-)   Bk249  1.000E+02       Cm250    (a)   Pu246  3.000E+01       Cm250   (SF)       0  7.000E+01
   Cm251   (b-)   Bk251  1.000E+02       Bk243   (b+)   Cm243  9.985E+01       Bk243    (a)   Am239  1.500E-01       Bk244   (b+)   Cm244  9.999E+01
   Bk244    (a)   Am240  6.006E-03       Bk245    (a)   Am241  1.200E-01       Bk245   (b+)   Cm245  9.988E+01       Bk246   (b+)   Cm246  1.000E+02
   Bk247    (a)   Am243  1.000E+02       Bk248    (a)   Am244  1.000E+02       Bk248m  (b-)   Cf248  7.000E+01       Bk248m  (b+)   Cm248  3.000E+01
   Bk249   (b-)   Cf249  1.000E+02       Bk249    (a)   Am245  1.450E-03       Bk249   (SF)       0  4.690E-08       Bk250   (b-)   Cf250  1.000E+02
   Bk251   (b-)   Cf251  1.000E+02       Bk252   (b-)   Cf252  5.000E+01       Bk252    (a)   Am248  5.000E+01       Bk253   (b-)   Cf253  1.000E+02
   Bk254   (b-)   Cf254  1.000E+02       Cf244    (a)   Cm240  1.000E+02       Cf245   (b+)   Bk245  6.400E+01       Cf245    (a)   Cm241  3.600E+01
   Cf246    (a)   Cm242  1.000E+02       Cf247   (b+)   Bk247  9.997E+01       Cf247    (a)   Cm243  3.500E-02       Cf248    (a)   Cm244  1.000E+02
   Cf249    (a)   Cm245  1.000E+02       Cf249   (SF)       0  5.200E-07       Cf250    (a)   Cm246  9.992E+01       Cf250   (SF)       0  7.700E-02
   Cf251    (a)   Cm247  1.000E+02       Cf252    (a)   Cm248  9.691E+01       Cf252   (SF)       0  3.092E+00       Cf253   (b-)   Es253  9.969E+01
   Cf253    (a)   Cm249  3.100E-01       Cf254   (SF)       0  9.969E+01       Cf254    (a)   Cm250  3.090E-01       Cf255   (b-)   Es255  1.000E+02
   Cf255   (SF)       0  1.000E-03       Cf255    (a)   Cm251  2.000E-07       Es249    (a)   Bk245  5.700E-01       Es249   (b+)   Cf249  9.943E+01
   Es250   (b+)   Cf250  1.000E+02       Es250m  (b+)   Cf250  1.000E+02       Es251   (b+)   Cf251  9.950E+01       Es251    (a)   Bk247  5.000E-01
   Es252    (a)   Bk248  7.800E+01       Es252   (b+)   Cf252  2.200E+01       Es253    (a)   Bk249  1.000E+02       Es253   (SF)       0  8.700E-06
   Es254    (a)   Bk250  1.000E+02       Es254m  (b-)   Fm254  9.959E+01       Es254m  (b+)   Cf254  7.798E-02       Es254m   (a)   Bk250  3.299E-01
   Es255   (b-)   Fm255  9.200E+01       Es255    (a)   Bk251  8.000E+00       Es255   (SF)       0  4.000E-03       Es256   (b-)   Fm256  1.000E+02
   Es256m  (b-)   Fm256  1.000E+02       Es257   (b-)   Fm257  1.000E+02       Es257    (a)   Bk253  4.000E-04       Fm250    (a)   Cf246  8.999E+01
   Fm250   (b+)   Es250m 9.999E+00       Fm250   (SF)       0  6.900E-03       Fm250m  (IT)   Fm250  8.000E+01       Fm250m   (a)   Cf246  2.000E+01
   Fm250m  (SF)       0  8.200E-05       Fm251   (b+)   Es251  9.820E+01       Fm251    (a)   Cf247  1.800E+00       Fm252    (a)   Cf248  1.000E+02
   Fm253   (b+)   Es253  8.800E+01       Fm253    (a)   Cf249  1.200E+01       Fm254    (a)   Cf250  9.994E+01       Fm255    (a)   Cf251  1.000E+02
   Fm256   (SF)       0  9.190E+01       Fm256    (a)   Cf252  8.100E+00       Fm257    (a)   Cf253  9.979E+01       Fm258   (SF)       0  1.000E+02
1                                                 C R O S S     S E C T I O N S     I N     B A R N S 

                           The cross section for the specified reaction is given in barns, followed by the error in percent.

  H   1 (n,g    ) H   2  2.686E-02+-1.2E+01 H   2 (n,2n   ) H   1  1.854E-03+-1.2E+01 H   2 (n,g    ) H   3  4.387E-05+-1.6E+01 H   3 (n,2n   ) H   2  2.868E-05+-2.0E+01
  He  3 (n,g    ) He  4  2.299E-05+-4.0E+01 He  3 (n,p    ) H   3  4.298E+02+-5.0E+01 He  3 (n,d    ) H   2  9.700E-04+-2.0E+01 Li  6 (n,2na  ) H   1  4.695E-04+-2.0E+02
  Li  6 (n,nd   ) He  4  3.962E-02+-6.0E+01 Li  6 (n,g    ) Li  7  3.127E-03+-1.1E+01 Li  6 (n,p    ) He  6  1.389E-03+-2.0E+01 Li  6 (n,t    ) He  4  7.640E+01+-1.0E+01
  Li  7 (n,2n   ) Li  6  7.111E-06+-2.0E+01 Li  7 (n,na   ) H   3  7.263E-03+-1.0E+02 Li  7 (n,g    ) Li  8  3.680E-03+-9.7E+00 Li  7 (n,d    ) He  6  2.867E-07+-6.0E+01
  Be  7 (n,np   ) Li  6  1.107E-03+-1.0E+02 Be  7 (n,g    ) Be  8  3.078E-03+-3.3E+02 Be  7 (n,p    ) Li  7  3.110E+03+-5.0E+01 Be  7 (n,d    ) Li  6  5.655E-03+-1.0E+02
  Be  7 (n,a    ) He  4  2.574E-02+-3.5E+01 Be  7 (n,2p   ) He  6  3.846E-08+-2.0E+02 Be  9 (n,2n   ) Be  8  4.029E-02+-1.0E+01 Be  9 (n,g    ) Be 10  6.137E-04+-1.1E+01
  Be  9 (n,a    ) He  6  1.166E-02+-3.0E+01 Be 10 (n,2n   ) Be  9  1.712E-04+-4.0E+01 Be 10 (n,3n   ) Be  8  1.377E-07+-8.0E+01 Be 10 (n,na   ) He  6  7.226E-06+-1.0E+02
  Be 10 (n,g    ) Be 11  8.752E-05+-4.7E+01 B  10 (n,na   ) Li  6  6.520E-04+-1.0E+02 B  10 (n,np   ) Be  9  3.835E-05+-1.0E+02 B  10 (n,nd   ) Be  8  9.205E-05+-6.0E+01
  B  10 (n,2np  ) Be  8  1.232E-06+-2.0E+02 B  10 (n,g    ) B  11  4.052E-02+-5.4E+01 B  10 (n,p    ) Be 10  4.019E-03+-4.3E+01 B  10 (n,d    ) Be  9  3.519E-04+-5.0E+01
  B  10 (n,t    ) Be  8  1.907E-02+-4.9E+01 B  10 (n,a    ) Li  7  3.108E+02+-2.0E+01 B  11 (n,na   ) Li  7  2.317E-07+-1.0E+02 B  11 (n,g    ) B  12  4.575E-04+-5.1E+01
  B  11 (n,d    ) Be 10  6.165E-10+-1.0E+02 B  11 (n,a    ) Li  8  7.020E-06+-1.0E+01 C  12 (n,na   ) Be  8  1.765E-06+-1.0E+02 C  12 (n,n2a  ) He  4  3.384E-05+-2.0E+02
  C  12 (n,g    ) C  13  2.960E-04+-1.3E+01 C  12 (n,a    ) Be  9  4.376E-04+-2.0E+01 C  13 (n,2n   ) C  12  2.464E-04+-4.0E+01 C  13 (n,g    ) C  14  1.937E-04+-3.3E+01
  C  13 (n,a    ) Be 10  3.346E-05+-6.0E+01 C  14 (n,2n   ) C  13  3.343E-09+-4.0E+01 C  14 (n,g    ) C  15  3.356E-06+-5.2E+01 N  14 (n,np   ) C  13  2.457E-05+-1.0E+02
  N  14 (n,g    ) N  15  6.118E-03+-1.4E+01 N  14 (n,p    ) C  14  1.638E-01+-2.0E+01 N  14 (n,d    ) C  13  2.248E-04+-1.0E+02 N  14 (n,t    ) C  12  3.323E-04+-2.8E+01
  N  14 (n,a    ) B  11  2.768E-02+-1.5E+01 N  15 (n,g    ) N  16  9.880E-06+-8.1E+01 N  15 (n,p    ) C  15  1.224E-08+-3.0E+01 N  15 (n,d    ) C  14  3.065E-07+-1.0E+02
  N  15 (n,a    ) B  12  8.744E-07+-6.0E+01 O  16 (n,g    ) O  17  5.875E-05+-3.6E+01 O  16 (n,a    ) C  13  4.017E-03+-2.0E+01 O  17 (n,2n   ) O  16  2.950E-04+-4.0E+01
  O  17 (n,na   ) C  13  1.317E-05+-1.0E+02 O  17 (n,g    ) O  18  1.199E-04+-7.1E+01 O  17 (n,p    ) N  17  6.291E-07+-4.0E+01 O  17 (n,t    ) N  15  1.260E-06+-6.0E+01
  O  17 (n,a    ) C  14  4.466E-02+-3.6E+01 O  18 (n,2n   ) O  17  4.656E-05+-4.0E+01 O  18 (n,na   ) C  14  1.082E-05+-1.0E+02 O  18 (n,g    ) O  19  4.295E-05+-1.5E+01
  O  18 (n,a    ) C  15  9.657E-06+-3.0E+01 F  19 (n,na   ) N  15  1.415E-03+-1.0E+02 F  19 (n,np   ) O  18  2.014E-07+-1.0E+02 F  19 (n,g    ) F  20  1.624E-03+-1.2E+01
  F  19 (n,p    ) O  19  4.329E-04+-1.5E+01 F  19 (n,d    ) O  18  2.110E-05+-2.0E+02 F  19 (n,t    ) O  17  1.783E-06+-6.0E+01 F  19 (n,a    ) N  16  5.249E-03+-2.0E+01
  Ne 20 (n,na   ) O  16  7.510E-06+-1.0E+02 Ne 20 (n,g    ) Ne 21  3.005E-03+-2.4E+01 Ne 20 (n,p    ) F  20  1.867E-04+-5.0E+01 Ne 20 (n,a    ) O  17  1.645E-02+-3.0E+01
  Ne 20 (n,2a   ) C  13  1.019E-12+-2.0E+02 Ne 21 (n,2n   ) Ne 20  1.663E-04+-4.0E+01 Ne 21 (n,na   ) O  17  1.029E-06+-1.0E+02 Ne 21 (n,g    ) Ne 22  5.381E-02+-1.1E+01
  Ne 21 (n,p    ) F  21  3.372E-04+-5.0E+01 Ne 21 (n,a    ) O  18  1.283E-01+-9.4E+01 Ne 21 (n,2a   ) C  14  1.270E-06+-2.0E+02 Ne 22 (n,g    ) Ne 23  3.696E-03+-1.9E+01
  Ne 22 (n,a    ) O  19  1.288E-05+-6.0E+01 Na 22 (n,np   ) Ne 21  1.278E-04+-1.0E+02 Na 22 (n,g    ) Na 23  2.086E+01+-3.3E+01 Na 22 (n,p    ) Ne 22  2.385E+03+-3.0E+01
  Na 22 (n,d    ) Ne 21  1.108E-04+-1.0E+02 Na 22 (n,t    ) Ne 20  2.487E-05+-6.0E+01 Na 22 (n,a    ) F  19  2.167E+01+-3.0E+01 Na 22 (n,2a   ) N  15  2.087E-04+-2.0E+02
  Na 22 (n,pa   ) O  18  2.886E-09+-2.0E+02 Na 23 (n,np   ) Ne 22  3.714E-06+-1.0E+02 Na 23 (n,g    ) Na 24  1.062E-02+-4.3E+01 Na 23 (n,g    ) Na 24m 2.580E-02+-2.6E+01
  Na 23 (n,p    ) Ne 23  5.583E-04+-2.0E+01 Na 23 (n,d    ) Ne 22  1.454E-05+-1.0E+02 Na 23 (n,a    ) F  20  1.323E-04+-1.5E+01 Na 24 (n,n    ) Na 24m 2.740E-02+-1.0E+02
  Na 24 (n,2n   ) Na 23  1.014E-03+-4.0E+01 Na 24 (n,g    ) Na 25  3.305E-03+-7.2E+02 Na 24 (n,p    ) Ne 24  1.264E-03+-5.0E+01 Na 24 (n,d    ) Ne 23  1.853E-08+-1.0E+02
  Na 24 (n,t    ) Ne 22  4.870E-07+-6.0E+01 Na 24 (n,a    ) F  21  6.178E-05+-6.0E+01 Mg 24 (n,g    ) Mg 25  4.634E-03+-1.6E+01 Mg 24 (n,p    ) Na 24  3.697E-04+-6.3E+01
  Mg 24 (n,p    ) Na 24m 1.668E-04+-6.3E+01 Mg 24 (n,a    ) Ne 21  2.545E-03+-4.0E+01 Mg 25 (n,2n   ) Mg 24  1.855E-04+-4.0E+01 Mg 25 (n,g    ) Mg 26  1.617E-02+-2.6E+01
  Mg 25 (n,p    ) Na 25  7.831E-04+-2.0E+01 Mg 25 (n,a    ) Ne 22  3.003E-03+-3.0E+01 Mg 26 (n,g    ) Mg 27  3.310E-03+-9.7E+00 Mg 26 (n,p    ) Na 26  5.612E-07+-3.0E+01
  Mg 26 (n,a    ) Ne 23  5.537E-06+-2.0E+01 Mg 28 (n,2n   ) Mg 27  5.935E-05+-4.0E+01 Mg 28 (n,g    ) Mg 29  1.870E-04+-8.9E+02 Mg 28 (n,a    ) Ne 25  1.256E-08+-6.0E+01
  Al 26 (n,n    ) Al 26m 4.202E-03+-1.0E+02 Al 26 (n,np   ) Mg 25  1.878E-04+-1.0E+02 Al 26 (n,g    ) Al 27  5.051E-02+-8.9E+02 Al 26 (n,p    ) Mg 26  3.638E-01+-5.0E+01
  Al 26 (n,d    ) Mg 25  7.858E-05+-1.0E+02 Al 26 (n,t    ) Mg 24  7.602E-06+-6.0E+01 Al 26 (n,a    ) Na 23  8.588E-01+-6.0E+01 Al 26 (n,pa   ) Ne 22  2.527E-08+-2.0E+02
  Al 27 (n,np   ) Mg 26  6.415E-07+-5.0E+01 Al 27 (n,g    ) Al 28  2.005E-02+-9.4E+00 Al 27 (n,p    ) Mg 27  1.391E-03+-1.0E+01 Al 27 (n,d    ) Mg 26  3.136E-06+-5.0E+01
  Al 27 (n,a    ) Na 24  1.622E-04+-6.1E+01 Al 27 (n,a    ) Na 24m 7.285E-05+-6.1E+01 Si 28 (n,g    ) Si 29  1.472E-02+-8.5E+00 Si 28 (n,p    ) Al 28  2.132E-03+-5.0E+00
  Si 28 (n,a    ) Mg 25  8.786E-04+-1.1E+01 Si 29 (n,2n   ) Si 28  3.784E-05+-4.0E+01 Si 29 (n,g    ) Si 30  9.218E-03+-1.4E+01 Si 29 (n,p    ) Al 29  1.056E-03+-1.0E+01
  Si 29 (n,a    ) Mg 26  2.359E-03+-3.0E+01 Si 30 (n,g    ) Si 31  3.268E-02+-8.0E+00 Si 30 (n,p    ) Al 30  9.573E-07+-2.0E+01 Si 30 (n,a    ) Mg 27  2.993E-05+-1.0E+01
  Si 31 (n,2n   ) Si 30  1.008E-03+-4.0E+01 Si 31 (n,g    ) Si 32  6.107E-03+-1.0E+01 Si 31 (n,p    ) Al 31  2.441E-06+-5.0E+01 Si 31 (n,a    ) Mg 28  4.709E-05+-6.0E+01
  Si 32 (n,2n   ) Si 31  1.134E-05+-4.0E+01 Si 32 (n,g    ) Si 33  9.621E-04+-8.8E+02 Si 32 (n,a    ) Mg 29  1.445E-10+-6.0E+01 P  31 (n,np   ) Si 30  8.410E-05+-1.0E+02
  P  31 (n,g    ) P  32  1.414E-02+-1.1E+01 P  31 (n,p    ) Si 31  9.657E-03+-1.0E+01 P  31 (n,d    ) Si 30  3.825E-05+-1.0E+02 P  31 (n,a    ) Al 28  9.353E-04+-1.0E+01
  P  32 (n,2n   ) P  31  1.430E-04+-4.0E+01 P  32 (n,np   ) Si 31  2.436E-08+-1.0E+02 P  32 (n,g    ) P  33  3.810E-02+-8.7E+02 P  32 (n,p    ) Si 32  1.745E-02+-5.0E+01
  P  32 (n,d    ) Si 31  2.904E-06+-1.0E+02 P  32 (n,t    ) Si 30  4.389E-07+-6.0E+01 P  32 (n,a    ) Al 29  6.923E-04+-6.0E+01 P  33 (n,g    ) P  34  1.215E-02+-9.0E+02
  P  33 (n,p    ) Si 33  1.574E-04+-5.0E+01 P  33 (n,d    ) Si 32  6.006E-07+-1.0E+02 P  33 (n,a    ) Al 30  4.376E-06+-6.0E+01 S  32 (n,na   ) Si 28  1.415E-06+-1.0E+02
  S  32 (n,np   ) P  31  4.067E-06+-1.0E+02 S  32 (n,g    ) S  33  4.356E-02+-8.6E+00 S  32 (n,p    ) P  32  2.334E-02+-1.0E+01 S  32 (n,d    ) P  31  2.847E-06+-1.0E+02
  S  32 (n,a    ) Si 29  2.447E-02+-2.0E+01 S  33 (n,2n   ) S  32  1.606E-05+-4.0E+01 S  33 (n,na   ) Si 29  3.484E-08+-1.0E+02 S  33 (n,g    ) S  34  2.870E-02+-2.3E+01
  S  33 (n,p    ) P  33  1.832E-02+-4.0E+01 S  33 (n,d    ) P  32  3.825E-07+-1.0E+02 S  33 (n,a    ) Si 30  6.646E-02+-4.7E+01 S  34 (n,na   ) Si 30  2.838E-09+-1.0E+02
  S  34 (n,g    ) S  35  1.824E-02+-2.6E+01 S  34 (n,p    ) P  34  9.537E-05+-2.0E+01 S  34 (n,d    ) P  33  7.519E-10+-1.0E+02 S  34 (n,a    ) Si 31  9.468E-04+-2.0E+01
  S  35 (n,2n   ) S  34  5.908E-04+-4.0E+01 S  35 (n,g    ) S  36  2.575E-02+-8.8E+02 S  35 (n,p    ) P  35  1.624E-04+-5.0E+01 S  35 (n,a    ) Si 32  6.760E-04+-6.0E+01
  S  36 (n,g    ) S  37  1.485E-02+-2.4E+01 S  36 (n,p    ) P  36  1.132E-11+-5.0E+01 S  36 (n,a    ) Si 33  1.993E-05+-6.0E+01 Cl 35 (n,na   ) P  31  8.160E-09+-1.0E+02
  Cl 35 (n,np   ) S  34  1.923E-04+-1.0E+02 Cl 35 (n,g    ) Cl 36  3.489E+00+-9.3E+00 Cl 35 (n,p    ) S  35  8.109E-02+-9.9E+00 Cl 35 (n,d    ) S  34  5.368E-05+-1.0E+02
  Cl 35 (n,a    ) P  32  6.981E-03+-2.0E+01 Cl 36 (n,2n   ) Cl 35  3.936E-05+-4.0E+01 Cl 36 (n,na   ) P  32  7.198E-11+-1.0E+02 Cl 36 (n,np   ) S  35  1.176E-06+-1.0E+02
  Cl 36 (n,g    ) Cl 37  8.195E-01+-4.2E+01 Cl 36 (n,p    ) S  36  1.908E-02+-3.4E+01 Cl 36 (n,d    ) S  35  3.507E-06+-1.0E+02 Cl 36 (n,t    ) S  34  2.189E-07+-6.0E+01
  Cl 36 (n,a    ) P  33  3.805E-02+-7.9E+01 Cl 37 (n,na   ) P  33  2.594E-10+-1.0E+02 Cl 37 (n,np   ) S  36  3.938E-06+-1.0E+02 Cl 37 (n,g    ) Cl 38  3.137E-02+-4.2E+01
  Cl 37 (n,g    ) Cl 38m 4.248E-03+-1.8E+01 Cl 37 (n,p    ) S  37  7.445E-05+-2.0E+01 Cl 37 (n,d    ) S  36  5.227E-06+-1.0E+02 Cl 37 (n,a    ) P  34  6.834E-05+-2.0E+01
  Ar 36 (n,na   ) S  32  4.688E-07+-1.0E+02 Ar 36 (n,np   ) Cl 35  1.613E-06+-1.0E+02 Ar 36 (n,g    ) Ar 37  4.129E-01+-1.4E+01 Ar 36 (n,p    ) Cl 36  4.055E-02+-5.0E+01
  Ar 36 (n,d    ) Cl 35  3.418E-06+-1.0E+02 Ar 36 (n,h    ) S  34  1.493E-11+-9.0E+01 Ar 36 (n,a    ) S  33  2.643E-02+-5.9E+01 Ar 36 (n,2p   ) S  35  8.049E-10+-2.0E+02
  Ar 37 (n,2n   ) Ar 36  9.014E-06+-4.0E+01 Ar 37 (n,na   ) S  33  2.524E-07+-1.0E+02 Ar 37 (n,np   ) Cl 36  6.219E-08+-1.0E+02 Ar 37 (n,g    ) Ar 38  3.596E-02+-8.4E+02
  Ar 37 (n,p    ) Cl 37  5.381E+00+-4.9E+01 Ar 37 (n,d    ) Cl 36  8.826E-07+-1.0E+02 Ar 37 (n,t    ) Cl 35  1.141E-12+-6.0E+01 Ar 37 (n,a    ) S  34  1.591E+02+-5.0E+01
  Ar 37 (n,2a   ) Si 30  1.712E-08+-2.0E+02 Ar 37 (n,2p   ) S  36  6.941E-07+-2.0E+02 Ar 37 (n,pa   ) P  33  1.138E-10+-2.0E+02 Ar 38 (n,na   ) S  34  1.342E-07+-1.0E+02
  Ar 38 (n,g    ) Ar 39  6.585E-02+-2.5E+01 Ar 38 (n,p    ) Cl 38  1.338E-04+-7.2E+01 Ar 38 (n,p    ) Cl 38m 1.146E-04+-7.2E+01 Ar 38 (n,d    ) Cl 37  2.471E-08+-1.0E+02
  Ar 38 (n,a    ) S  35  1.442E-03+-6.0E+01 Ar 39 (n,2n   ) Ar 38  6.287E-04+-4.0E+01 Ar 39 (n,na   ) S  35  4.140E-08+-1.0E+02 Ar 39 (n,g    ) Ar 40  4.848E+01+-3.3E+01
  Ar 39 (n,p    ) Cl 39  2.313E-04+-5.0E+01 Ar 39 (n,d    ) Cl 38  6.002E-11+-1.2E+02 Ar 39 (n,t    ) Cl 37  6.173E-11+-6.0E+01 Ar 39 (n,a    ) S  36  4.353E+00+-6.0E+01
  Ar 40 (n,na   ) S  36  1.182E-07+-1.0E+02 Ar 40 (n,g    ) Ar 41  5.621E-02+-9.8E+00 Ar 40 (n,p    ) Cl 40  1.020E-06+-3.0E+01 Ar 40 (n,a    ) S  37  3.748E-05+-2.0E+01
  Ar 41 (n,2n   ) Ar 40  1.328E-03+-4.0E+01 Ar 41 (n,g    ) Ar 42  4.091E-02+-2.0E+01 Ar 41 (n,p    ) Cl 41  1.305E-05+-5.0E+01 Ar 41 (n,a    ) S  38  1.538E-05+-6.0E+01
  Ar 42 (n,2n   ) Ar 41  4.361E-06+-4.0E+01 Ar 42 (n,g    ) Ar 43  1.249E-02+-8.9E+02 Ar 42 (n,p    ) Cl 42  4.928E-10+-5.0E+01 Ar 42 (n,a    ) S  39  1.825E-08+-6.0E+01
  K  39 (n,na   ) Cl 35  7.735E-10+-2.0E+01 K  39 (n,np   ) Ar 38  2.071E-04+-1.0E+02 K  39 (n,g    ) K  40  1.765E-01+-2.2E+01 K  39 (n,p    ) Ar 39  1.338E-01+-5.0E+01
  K  39 (n,d    ) Ar 38  3.821E-05+-1.0E+02 K  39 (n,a    ) Cl 36  6.379E-03+-1.9E+01 K  39 (n,pa   ) S  35  1.077E-12+-2.0E+02 K  40 (n,2n   ) K  39  1.214E-04+-4.0E+01
  K  40 (n,na   ) Cl 36  1.358E-08+-1.0E+02 K  40 (n,np   ) Ar 39  1.296E-05+-1.0E+02 K  40 (n,g    ) K  41  2.458E+00+-2.3E+01 K  40 (n,p    ) Ar 40  3.778E-01+-2.9E+01
  K  40 (n,d    ) Ar 39  3.312E-06+-1.0E+02 K  40 (n,t    ) Ar 38  3.844E-07+-6.0E+01 K  40 (n,a    ) Cl 37  6.681E-02+-2.1E+01 K  40 (n,2a   ) P  33  2.841E-12+-2.0E+02
  K  40 (n,pa   ) S  36  4.322E-08+-2.0E+02 K  41 (n,na   ) Cl 37  1.014E-06+-1.0E+02 K  41 (n,np   ) Ar 40  4.735E-06+-1.0E+02 K  41 (n,g    ) K  42  1.542E-01+-8.9E+00
  K  41 (n,p    ) Ar 41  7.166E-04+-1.0E+01 K  41 (n,d    ) Ar 40  2.871E-06+-1.0E+02 K  41 (n,a    ) Cl 38  1.262E-04+-6.1E+01 K  41 (n,a    ) Cl 38m 2.739E-05+-6.1E+01
  K  42 (n,2n   ) K  41  3.048E-04+-4.0E+01 K  42 (n,g    ) K  43  1.244E-01+-8.3E+02 K  42 (n,p    ) Ar 42  1.514E-03+-5.0E+01 K  42 (n,d    ) Ar 41  5.976E-08+-1.0E+02
  K  42 (n,t    ) Ar 40  1.798E-08+-6.0E+01 K  42 (n,a    ) Cl 39  7.706E-05+-6.0E+01 K  43 (n,2n   ) K  42  2.150E-07+-4.0E+01 K  43 (n,g    ) K  44  1.020E-01+-8.4E+02
  K  43 (n,p    ) Ar 43  2.528E-05+-5.0E+01 K  43 (n,d    ) Ar 42  4.666E-08+-1.0E+02 K  43 (n,a    ) Cl 40  1.336E-06+-6.0E+01 Ca 40 (n,na   ) Ar 36  5.505E-08+-3.0E+01
  Ca 40 (n,np   ) K  39  2.855E-06+-1.0E+02 Ca 40 (n,g    ) Ca 41  3.465E-02+-9.9E+00 Ca 40 (n,p    ) K  40  3.725E-02+-2.0E+01 Ca 40 (n,d    ) K  39  3.075E-06+-1.0E+02
  Ca 40 (n,h    ) Ar 38  4.191E-12+-9.0E+01 Ca 40 (n,a    ) Ar 37  1.402E-02+-2.0E+01 Ca 40 (n,2p   ) Ar 39  4.016E-11+-2.0E+02 Ca 41 (n,2n   ) Ca 40  1.760E-05+-4.0E+01
  Ca 41 (n,na   ) Ar 37  2.504E-08+-1.0E+02 Ca 41 (n,np   ) K  40  4.192E-08+-1.0E+02 Ca 41 (n,g    ) Ca 42  3.272E-01+-4.9E+01 Ca 41 (n,p    ) K  41  5.556E-02+-4.9E+01
  Ca 41 (n,d    ) K  40  3.398E-07+-1.0E+02 Ca 41 (n,t    ) K  39  3.761E-11+-6.0E+01 Ca 41 (n,a    ) Ar 38  5.077E-02+-5.9E+01 Ca 41 (n,2a   ) S  34  5.646E-08+-2.0E+02
  Ca 41 (n,2p   ) Ar 40  1.192E-07+-2.0E+02 Ca 41 (n,pa   ) Cl 37  2.773E-08+-2.0E+02 Ca 42 (n,na   ) Ar 38  5.518E-07+-1.0E+02 Ca 42 (n,g    ) Ca 43  5.903E-02+-1.3E+01
  Ca 42 (n,p    ) K  42  1.507E-03+-2.0E+01 Ca 42 (n,d    ) K  41  2.162E-09+-1.0E+02 Ca 42 (n,a    ) Ar 39  1.126E-03+-6.0E+01 Ca 43 (n,2n   ) Ca 42  7.229E-05+-4.0E+01
  Ca 43 (n,na   ) Ar 39  3.128E-11+-1.0E+02 Ca 43 (n,g    ) Ca 44  5.290E-01+-1.4E+01 Ca 43 (n,p    ) K  43  1.196E-03+-2.0E+01 Ca 43 (n,d    ) K  42  2.753E-11+-1.0E+02
  Ca 43 (n,a    ) Ar 40  6.617E-04+-5.8E+01 Ca 44 (n,g    ) Ca 45  7.330E-02+-2.3E+01 Ca 44 (n,p    ) K  44  1.326E-05+-2.0E+01 Ca 44 (n,a    ) Ar 41  6.822E-06+-2.0E+01
  Ca 45 (n,2n   ) Ca 44  2.101E-04+-4.0E+01 Ca 45 (n,g    ) Ca 46  1.281E+00+-4.7E+01 Ca 45 (n,p    ) K  45  2.790E-05+-5.0E+01 Ca 45 (n,a    ) Ar 42  8.779E-06+-6.0E+01
  Ca 46 (n,g    ) Ca 47  5.890E-02+-2.5E+01 Ca 46 (n,p    ) K  46  3.385E-07+-5.0E+01 Ca 46 (n,a    ) Ar 43  1.728E-08+-6.0E+01 Ca 47 (n,2n   ) Ca 46  3.324E-04+-4.0E+01
  Ca 47 (n,g    ) Ca 48  6.203E-02+-8.3E+02 Ca 47 (n,p    ) K  47  8.231E-07+-5.0E+01 Ca 47 (n,a    ) Ar 44  1.827E-08+-6.0E+01 Ca 48 (n,g    ) Ca 49  8.848E-02+-9.7E+00
  Ca 48 (n,a    ) Ar 45  2.781E-08+-2.9E+01 Sc 44m(n,n    ) Sc 44  1.914E-01+-1.0E+02 Sc 44m(n,2n   ) Sc 43  2.711E-07+-4.0E+01 Sc 44m(n,na   ) K  40  3.588E-09+-1.0E+02
  Sc 44m(n,np   ) Ca 43  1.102E-04+-1.0E+02 Sc 44m(n,g    ) Sc 45  7.540E-02+-7.8E+01 Sc 44m(n,g    ) Sc 45m 1.759E-01+-7.8E+01 Sc 44m(n,p    ) Ca 44  1.739E+00+-5.0E+01
  Sc 44m(n,d    ) Ca 43  1.981E-06+-1.0E+02 Sc 44m(n,t    ) Ca 42  1.017E-09+-6.0E+01 Sc 44m(n,a    ) K  41  3.011E-03+-6.0E+01 Sc 44m(n,2a   ) Cl 37  1.683E-10+-2.0E+02
  Sc 44m(n,pa   ) Ar 40  1.097E-09+-2.0E+02 Sc 45 (n,n    ) Sc 45m 1.314E-01+-1.0E+02 Sc 45 (n,np   ) Ca 44  1.923E-05+-1.0E+02 Sc 45 (n,g    ) Sc 46  1.217E+00+-8.7E+00
  Sc 45 (n,g    ) Sc 46m 9.738E-01+-8.8E+00 Sc 45 (n,p    ) Ca 45  1.477E-03+-1.1E+01 Sc 45 (n,d    ) Ca 44  4.791E-06+-1.0E+02 Sc 45 (n,a    ) K  42  1.162E-04+-1.0E+01
  Sc 46 (n,n    ) Sc 46m 6.504E-02+-1.0E+02 Sc 46 (n,2n   ) Sc 45  3.391E-05+-7.2E+01 Sc 46 (n,2n   ) Sc 45m 8.020E-06+-7.2E+01 Sc 46 (n,np   ) Ca 45  2.020E-08+-1.0E+02
  Sc 46 (n,g    ) Sc 47  7.261E-01+-1.5E+01 Sc 46 (n,p    ) Ca 46  7.869E-03+-5.0E+01 Sc 46 (n,d    ) Ca 45  3.230E-07+-1.0E+02 Sc 46 (n,t    ) Ca 44  1.679E-09+-6.0E+01
  Sc 46 (n,a    ) K  43  5.890E-05+-6.0E+01 Sc 47 (n,np   ) Ca 46  2.557E-08+-1.0E+02 Sc 47 (n,g    ) Sc 48  2.445E-01+-7.6E+02 Sc 47 (n,p    ) Ca 47  3.098E-04+-5.0E+01
  Sc 47 (n,d    ) Ca 46  2.646E-07+-1.0E+02 Sc 47 (n,a    ) K  44  1.262E-06+-6.0E+01 Sc 48 (n,2n   ) Sc 47  9.613E-05+-4.0E+01 Sc 48 (n,g    ) Sc 49  3.919E-01+-7.3E+02
  Sc 48 (n,p    ) Ca 48  6.041E-04+-5.0E+01 Sc 48 (n,d    ) Ca 47  1.110E-08+-1.0E+02 Sc 48 (n,t    ) Ca 46  2.729E-12+-6.0E+01 Sc 48 (n,a    ) K  45  5.983E-07+-6.0E+01
  Ti 44 (n,na   ) Ca 40  4.653E-06+-1.0E+02 Ti 44 (n,np   ) Sc 43  1.405E-07+-1.0E+02 Ti 44 (n,g    ) Ti 45  7.942E-02+-1.9E+01 Ti 44 (n,p    ) Sc 44  2.960E-01+-7.8E+01
  Ti 44 (n,p    ) Sc 44m 8.833E-03+-7.8E+01 Ti 44 (n,d    ) Sc 43  3.315E-07+-1.0E+02 Ti 44 (n,h    ) Ca 42  4.021E-11+-9.0E+01 Ti 44 (n,a    ) Ca 41  3.566E-02+-6.0E+01
  Ti 44 (n,2a   ) Ar 37  1.332E-12+-2.0E+02 Ti 44 (n,2p   ) Ca 43  1.529E-05+-2.0E+02 Ti 44 (n,pa   ) K  40  1.505E-11+-2.0E+02 Ti 45 (n,2n   ) Ti 44  4.977E-08+-4.0E+01
  Ti 45 (n,na   ) Ca 41  1.990E-07+-1.0E+02 Ti 45 (n,np   ) Sc 44  3.297E-07+-1.2E+02 Ti 45 (n,np   ) Sc 44m 1.566E-07+-1.2E+02 Ti 45 (n,g    ) Ti 46  3.983E-01+-6.9E+02
  Ti 45 (n,p    ) Sc 45  1.550E+01+-7.8E+01 Ti 45 (n,p    ) Sc 45m 1.290E+01+-7.8E+01 Ti 45 (n,d    ) Sc 44  2.004E-07+-1.2E+02 Ti 45 (n,d    ) Sc 44m 1.117E-07+-1.2E+02
  Ti 45 (n,a    ) Ca 42  3.478E-01+-6.0E+01 Ti 45 (n,2a   ) Ar 38  7.274E-08+-2.0E+02 Ti 45 (n,2p   ) Ca 44  3.326E-05+-2.0E+02 Ti 45 (n,pa   ) K  41  1.121E-10+-2.0E+02
  Ti 46 (n,g    ) Ti 47  5.380E-02+-2.6E+01 Ti 46 (n,p    ) Sc 46  3.160E-03+-2.0E+01 Ti 46 (n,p    ) Sc 46m 8.209E-04+-2.0E+01 Ti 46 (n,d    ) Sc 45  2.307E-10+-7.4E+01
  Ti 46 (n,d    ) Sc 45m 2.352E-10+-7.4E+01 Ti 46 (n,a    ) Ca 43  2.690E-04+-6.0E+01 Ti 47 (n,2n   ) Ti 46  1.031E-05+-4.0E+01 Ti 47 (n,g    ) Ti 48  1.652E-01+-1.6E+01
  Ti 47 (n,p    ) Sc 47  6.352E-03+-1.0E+01 Ti 47 (n,d    ) Sc 46  9.120E-11+-1.2E+02 Ti 47 (n,d    ) Sc 46m 9.350E-12+-1.2E+02 Ti 47 (n,a    ) Ca 44  4.120E-04+-5.0E+01
  Ti 48 (n,g    ) Ti 49  6.435E-01+-9.8E+00 Ti 48 (n,p    ) Sc 48  9.140E-05+-1.0E+01 Ti 48 (n,a    ) Ca 45  2.832E-05+-1.0E+01 Ti 49 (n,2n   ) Ti 48  6.137E-05+-4.0E+01
  Ti 49 (n,g    ) Ti 50  1.834E-01+-9.0E+00 Ti 49 (n,p    ) Sc 49  9.662E-05+-1.0E+01 Ti 49 (n,a    ) Ca 46  1.854E-05+-6.0E+01 Ti 50 (n,g    ) Ti 51  1.495E-02+-1.0E+01
  Ti 50 (n,p    ) Sc 50  7.835E-07+-6.3E+01 Ti 50 (n,p    ) Sc 50m 1.176E-07+-6.3E+01 Ti 50 (n,a    ) Ca 47  1.864E-06+-8.0E+00 V  48 (n,np   ) Ti 47  8.525E-05+-1.0E+02
  V  48 (n,g    ) V  49  4.740E-01+-6.8E+02 V  48 (n,p    ) Ti 48  1.571E+01+-5.0E+01 V  48 (n,d    ) Ti 47  3.070E-06+-1.0E+02 V  48 (n,t    ) Ti 46  3.461E-10+-6.0E+01
  V  48 (n,a    ) Sc 45  7.313E-04+-8.5E+01 V  48 (n,a    ) Sc 45m 6.539E-04+-8.5E+01 V  48 (n,2p   ) Sc 47  1.188E-10+-2.0E+02 V  48 (n,pa   ) Ca 44  7.606E-11+-2.0E+02
  V  49 (n,np   ) Ti 48  2.066E-05+-1.0E+02 V  49 (n,g    ) V  50  4.330E-01+-6.8E+02 V  49 (n,p    ) Ti 49  9.106E-02+-5.0E+01 V  49 (n,d    ) Ti 48  3.713E-06+-1.0E+02
  V  49 (n,a    ) Sc 46  7.246E-05+-8.5E+01 V  49 (n,a    ) Sc 46m 2.310E-05+-8.5E+01 V  50 (n,2n   ) V  49  3.683E-06+-4.0E+01 V  50 (n,np   ) Ti 49  7.553E-07+-1.0E+02
  V  50 (n,g    ) V  51  4.338E+00+-4.0E+01 V  50 (n,p    ) Ti 50  1.702E-03+-4.9E+01 V  50 (n,d    ) Ti 49  3.394E-07+-1.0E+02 V  50 (n,t    ) Ti 48  5.053E-11+-6.0E+01
  V  50 (n,a    ) Sc 47  3.660E-05+-1.5E+01 V  51 (n,np   ) Ti 50  1.236E-05+-8.3E+00 V  51 (n,g    ) V  52  4.116E-01+-8.5E+00 V  51 (n,p    ) Ti 51  2.022E-04+-1.0E+01
  V  51 (n,d    ) Ti 50  4.776E-07+-5.0E+01 V  51 (n,a    ) Sc 48  5.550E-06+-1.0E+01 Cr 48 (n,np   ) V  47  1.853E-06+-1.0E+02 Cr 48 (n,g    ) Cr 49  1.849E-01+-8.4E+02
  Cr 48 (n,p    ) V  48  8.784E+00+-5.0E+01 Cr 48 (n,d    ) V  47  7.957E-07+-1.0E+02 Cr 48 (n,h    ) Ti 46  2.569E-11+-9.0E+01 Cr 48 (n,a    ) Ti 45  5.813E-03+-6.0E+01
  Cr 48 (n,2p   ) Ti 47  9.048E-05+-2.0E+02 Cr 50 (n,g    ) Cr 51  1.303E+00+-8.8E+00 Cr 50 (n,p    ) V  50  1.952E-02+-2.0E+01 Cr 50 (n,a    ) Ti 47  1.317E-04+-2.0E+01
  Cr 51 (n,2n   ) Cr 50  1.806E-06+-4.0E+01 Cr 51 (n,g    ) Cr 52  9.547E-01+-7.5E+02 Cr 51 (n,p    ) V  51  2.866E-01+-5.0E+01 Cr 51 (n,d    ) V  50  8.817E-09+-1.0E+02
  Cr 51 (n,a    ) Ti 48  7.978E-01+-6.0E+01 Cr 51 (n,2p   ) Ti 50  8.982E-09+-2.0E+02 Cr 52 (n,na   ) Ti 48  7.075E-11+-1.0E+02 Cr 52 (n,np   ) V  51  1.199E-07+-3.0E+01
  Cr 52 (n,g    ) Cr 53  6.782E-02+-1.1E+01 Cr 52 (n,p    ) V  52  3.589E-04+-1.0E+01 Cr 52 (n,d    ) V  51  2.690E-11+-5.0E+01 Cr 52 (n,a    ) Ti 49  1.561E-05+-5.0E+01
  Cr 53 (n,2n   ) Cr 52  1.623E-04+-4.0E+01 Cr 53 (n,g    ) Cr 54  1.491E+00+-9.7E+00 Cr 53 (n,p    ) V  53  1.592E-04+-1.5E+01 Cr 53 (n,a    ) Ti 50  2.170E-04+-2.0E+01
  Cr 54 (n,2n   ) Cr 53  1.227E-07+-4.0E+01 Cr 54 (n,g    ) Cr 55  3.097E-02+-1.1E+01 Cr 54 (n,p    ) V  54  3.856E-07+-1.5E+01 Cr 54 (n,a    ) Ti 51  6.264E-06+-1.0E+01
  Mn 52 (n,n    ) Mn 52m 8.098E-02+-1.0E+02 Mn 52 (n,np   ) Cr 51  8.771E-05+-1.0E+02 Mn 52 (n,g    ) Mn 53  7.550E+00+-3.6E+01 Mn 52 (n,p    ) Cr 52  8.641E+01+-5.0E+01
  Mn 52 (n,d    ) Cr 51  3.542E-06+-1.0E+02 Mn 52 (n,t    ) Cr 50  6.700E-11+-6.0E+01 Mn 52 (n,a    ) V  49  1.867E-03+-6.0E+01 Mn 52 (n,2p   ) V  51  8.825E-07+-2.0E+02
  Mn 52 (n,pa   ) Ti 48  1.782E-10+-2.0E+02 Mn 53 (n,np   ) Cr 52  2.427E-05+-1.0E+02 Mn 53 (n,g    ) Mn 54  5.805E+00+-1.2E+01 Mn 53 (n,p    ) Cr 53  5.200E-02+-5.0E+01
  Mn 53 (n,d    ) Cr 52  3.582E-06+-1.0E+02 Mn 53 (n,a    ) V  50  1.251E-04+-6.0E+01 Mn 54 (n,2n   ) Mn 53  3.220E-05+-4.0E+01 Mn 54 (n,np   ) Cr 53  1.023E-06+-1.0E+02
  Mn 54 (n,g    ) Mn 55  1.065E+00+-4.5E+01 Mn 54 (n,p    ) Cr 54  1.010E-01+-5.0E+01 Mn 54 (n,d    ) Cr 53  6.241E-07+-1.0E+02 Mn 54 (n,t    ) Cr 52  4.193E-10+-6.0E+01
  Mn 54 (n,a    ) V  51  3.133E-04+-6.0E+01 Mn 55 (n,np   ) Cr 54  3.411E-07+-1.0E+02 Mn 55 (n,g    ) Mn 56  1.280E+00+-8.5E+00 Mn 55 (n,p    ) Cr 55  2.034E-04+-2.0E+01
  Mn 55 (n,d    ) Cr 54  2.502E-07+-1.0E+02 Mn 55 (n,a    ) V  52  3.046E-05+-2.0E+01 Fe 52 (n,np   ) Mn 51  1.104E-05+-1.0E+02 Fe 52 (n,g    ) Fe 53  1.477E-01+-8.6E+02
  Fe 52 (n,g    ) Fe 53m 5.691E-04+-8.5E+02 Fe 52 (n,p    ) Mn 52  2.175E-01+-7.8E+01 Fe 52 (n,p    ) Mn 52m 1.458E+01+-7.8E+01 Fe 52 (n,d    ) Mn 51  1.875E-06+-1.0E+02
  Fe 52 (n,h    ) Cr 50  9.418E-11+-9.0E+01 Fe 52 (n,a    ) Cr 49  6.247E-03+-6.0E+01 Fe 52 (n,2p   ) Cr 51  2.898E-04+-2.0E+02 Fe 54 (n,np   ) Mn 53  1.554E-08+-5.0E+01
  Fe 54 (n,g    ) Fe 55  1.911E-01+-2.1E+01 Fe 54 (n,p    ) Mn 54  2.681E-02+-1.0E+01 Fe 54 (n,d    ) Mn 53  3.691E-07+-4.0E+01 Fe 54 (n,a    ) Cr 51  2.921E-04+-1.0E+01
  Fe 54 (n,2p   ) Cr 53  2.826E-11+-2.0E+02 Fe 55 (n,2n   ) Fe 54  2.490E-06+-4.0E+01 Fe 55 (n,g    ) Fe 56  1.069E+00+-1.3E+01 Fe 55 (n,p    ) Mn 55  1.616E-02+-5.0E+01
  Fe 55 (n,d    ) Mn 54  1.760E-08+-1.0E+02 Fe 55 (n,a    ) Cr 52  1.361E+01+-3.0E+01 Fe 55 (n,2p   ) Cr 54  1.015E-10+-2.0E+02 Fe 56 (n,na   ) Cr 52  2.547E-10+-2.5E+01
  Fe 56 (n,g    ) Fe 57  2.173E-01+-8.7E+00 Fe 56 (n,p    ) Mn 56  3.828E-04+-3.0E+00 Fe 56 (n,d    ) Mn 55  3.238E-11+-2.5E+01 Fe 56 (n,a    ) Cr 53  6.170E-05+-1.0E+01
  Fe 57 (n,2n   ) Fe 56  2.946E-04+-4.0E+01 Fe 57 (n,g    ) Fe 58  2.107E-01+-1.7E+01 Fe 57 (n,p    ) Mn 57  2.576E-04+-1.5E+01 Fe 57 (n,d    ) Mn 56  4.646E-12+-1.0E+02
  Fe 57 (n,a    ) Cr 54  2.049E-04+-2.0E+01 Fe 58 (n,g    ) Fe 59  1.274E-01+-1.3E+01 Fe 58 (n,p    ) Mn 58  8.891E-07+-7.2E+01 Fe 58 (n,p    ) Mn 58m 9.807E-07+-7.2E+01
  Fe 58 (n,a    ) Cr 55  8.075E-06+-1.0E+01 Fe 59 (n,2n   ) Fe 58  1.201E-03+-4.0E+01 Fe 59 (n,g    ) Fe 60  1.063E+00+-2.0E+01 Fe 59 (n,p    ) Mn 59  2.766E-06+-5.0E+01
  Fe 59 (n,a    ) Cr 56  8.958E-01+-4.0E+01 Fe 60 (n,2n   ) Fe 59  6.529E-05+-4.0E+01 Fe 60 (n,g    ) Fe 61  5.321E-02+-8.3E+02 Fe 60 (n,p    ) Mn 60  9.436E-10+-7.8E+01
  Fe 60 (n,p    ) Mn 60m 5.151E-10+-7.8E+01 Fe 60 (n,a    ) Cr 57  1.365E-07+-6.0E+01 Co 55 (n,np   ) Fe 54  1.917E-04+-1.0E+02 Co 55 (n,g    ) Co 56  1.056E+00+-5.0E+02
  Co 55 (n,p    ) Fe 55  2.822E+01+-5.0E+01 Co 55 (n,d    ) Fe 54  1.783E-05+-1.0E+02 Co 55 (n,a    ) Mn 52  1.557E-03+-8.5E+01 Co 55 (n,a    ) Mn 52m 8.968E-04+-8.5E+01
  Co 55 (n,2p   ) Mn 54  1.379E-06+-2.0E+02 Co 55 (n,pa   ) Cr 51  8.728E-11+-2.0E+02 Co 56 (n,np   ) Fe 55  1.192E-04+-1.0E+02 Co 56 (n,g    ) Co 57  1.418E+00+-4.4E+02
  Co 56 (n,p    ) Fe 56  1.596E+01+-5.0E+01 Co 56 (n,d    ) Fe 55  6.716E-06+-1.0E+02 Co 56 (n,t    ) Fe 54  6.366E-10+-6.0E+01 Co 56 (n,a    ) Mn 53  8.340E-03+-6.0E+01
  Co 56 (n,2p   ) Mn 55  4.014E-07+-2.0E+02 Co 56 (n,pa   ) Cr 52  2.067E-08+-2.0E+02 Co 57 (n,np   ) Fe 56  5.899E-05+-1.0E+02 Co 57 (n,g    ) Co 58  3.525E+00+-7.8E+01
  Co 57 (n,g    ) Co 58m 7.739E-01+-7.8E+01 Co 57 (n,p    ) Fe 57  3.160E-01+-5.0E+01 Co 57 (n,d    ) Fe 56  6.314E-06+-1.0E+02 Co 57 (n,a    ) Mn 54  5.716E-04+-6.0E+01
  Co 58 (n,n    ) Co 58m 1.023E-01+-1.0E+02 Co 58 (n,2n   ) Co 57  7.292E-05+-4.0E+01 Co 58 (n,np   ) Fe 57  8.074E-06+-1.0E+02 Co 58 (n,g    ) Co 59  2.638E+01+-2.4E+01
  Co 58 (n,p    ) Fe 58  2.734E+02+-5.3E+01 Co 58 (n,d    ) Fe 57  1.591E-06+-1.0E+02 Co 58 (n,t    ) Fe 56  8.046E-09+-6.0E+01 Co 58 (n,a    ) Mn 55  1.710E-03+-4.4E+01
  Co 58m(n,n    ) Co 58  4.697E-01+-1.0E+02 Co 58m(n,2n   ) Co 57  5.608E-05+-4.0E+01 Co 58m(n,np   ) Fe 57  2.354E-06+-1.0E+02 Co 58m(n,g    ) Co 59  1.127E+04+-1.9E+01
  Co 58m(n,p    ) Fe 58  3.996E+03+-1.7E+01 Co 58m(n,d    ) Fe 57  4.797E-07+-1.0E+02 Co 58m(n,t    ) Fe 56  6.639E-10+-6.0E+01 Co 58m(n,a    ) Mn 55  1.119E-03+-6.0E+01
  Co 59 (n,na   ) Mn 55  3.759E-12+-1.0E+02 Co 59 (n,np   ) Fe 58  3.064E-06+-1.0E+02 Co 59 (n,g    ) Co 60  2.144E+00+-2.7E+01 Co 59 (n,g    ) Co 60m 2.690E+00+-7.1E+00
  Co 59 (n,p    ) Fe 59  4.942E-04+-1.5E+01 Co 59 (n,d    ) Fe 58  6.167E-07+-1.0E+02 Co 59 (n,a    ) Mn 56  5.189E-05+-1.0E+01 Co 60 (n,n    ) Co 60m 1.498E-01+-1.0E+02
  Co 60 (n,2n   ) Co 59  5.198E-04+-4.0E+01 Co 60 (n,np   ) Fe 59  1.346E-10+-1.0E+02 Co 60 (n,g    ) Co 61  2.757E-01+-1.7E+01 Co 60 (n,p    ) Fe 60  7.203E-04+-5.0E+01
  Co 60 (n,d    ) Fe 59  5.477E-08+-1.0E+02 Co 60 (n,t    ) Fe 58  3.045E-09+-6.0E+01 Co 60 (n,a    ) Mn 57  4.052E-05+-6.0E+01 Ni 56 (n,na   ) Fe 52m 1.437E-08+-0.0E+00
  Ni 56 (n,np   ) Co 55  1.746E-05+-1.0E+02 Ni 56 (n,g    ) Ni 57  4.274E-01+-8.5E+02 Ni 56 (n,p    ) Co 56  2.245E+00+-5.0E+01 Ni 56 (n,d    ) Co 55  2.076E-06+-1.0E+02
  Ni 56 (n,h    ) Fe 54  1.670E-10+-9.0E+01 Ni 56 (n,a    ) Fe 53  5.089E-03+-8.5E+01 Ni 56 (n,a    ) Fe 53m 1.794E-04+-8.5E+01 Ni 56 (n,2p   ) Fe 55  2.849E-04+-2.0E+02
  Ni 57 (n,na   ) Fe 53m 1.511E-11+-0.0E+00 Ni 57 (n,np   ) Co 56  1.342E-05+-1.0E+02 Ni 57 (n,g    ) Ni 58  7.500E-01+-7.2E+02 Ni 57 (n,p    ) Co 57  1.910E+01+-5.0E+01
  Ni 57 (n,d    ) Co 56  1.288E-06+-1.0E+02 Ni 57 (n,h    ) Fe 55  4.908E-12+-9.0E+01 Ni 57 (n,a    ) Fe 54  1.967E-01+-6.0E+01 Ni 57 (n,2p   ) Fe 56  3.884E-04+-2.0E+02
  Ni 57 (n,pa   ) Mn 53  7.077E-09+-2.0E+02 Ni 58 (n,na   ) Fe 54  8.398E-10+-2.5E+01 Ni 58 (n,np   ) Co 57  4.797E-07+-1.0E+01 Ni 58 (n,g    ) Ni 59  3.821E-01+-8.5E+00
  Ni 58 (n,p    ) Co 58  2.037E-02+-3.0E+01 Ni 58 (n,p    ) Co 58m 1.668E-02+-3.0E+01 Ni 58 (n,d    ) Co 57  6.257E-07+-3.0E+01 Ni 58 (n,a    ) Fe 55  1.916E-03+-5.0E+00
  Ni 58 (n,2p   ) Fe 57  3.570E-09+-2.0E+02 Ni 59 (n,2n   ) Ni 58  6.585E-06+-4.0E+01 Ni 59 (n,na   ) Fe 55  1.788E-10+-1.0E+02 Ni 59 (n,np   ) Co 58  4.424E-09+-1.2E+02
  Ni 59 (n,np   ) Co 58m 5.691E-09+-1.2E+02 Ni 59 (n,g    ) Ni 60  9.447E+00+-8.6E+00 Ni 59 (n,p    ) Co 59  2.617E-01+-2.1E+01 Ni 59 (n,d    ) Co 58  7.303E-08+-1.2E+02
  Ni 59 (n,d    ) Co 58m 2.228E-08+-1.2E+02 Ni 59 (n,a    ) Fe 56  1.390E+00+-3.5E+01 Ni 59 (n,2p   ) Fe 58  1.046E-07+-2.0E+02 Ni 60 (n,na   ) Fe 56  1.180E-09+-3.0E+01
  Ni 60 (n,np   ) Co 59  1.328E-09+-3.0E+01 Ni 60 (n,g    ) Ni 61  2.324E-01+-8.9E+00 Ni 60 (n,p    ) Co 60  2.482E-04+-5.0E+01 Ni 60 (n,p    ) Co 60m 5.220E-04+-3.0E+01
  Ni 60 (n,d    ) Co 59  3.710E-07+-2.5E+01 Ni 60 (n,a    ) Fe 57  4.297E-04+-3.0E+01 Ni 61 (n,2n   ) Ni 60  1.771E-04+-4.0E+01 Ni 61 (n,na   ) Fe 57  6.323E-12+-1.0E+02
  Ni 61 (n,g    ) Ni 62  2.214E-01+-1.7E+01 Ni 61 (n,p    ) Co 61  1.077E-03+-1.0E+01 Ni 61 (n,d    ) Co 60  9.689E-11+-1.2E+02 Ni 61 (n,d    ) Co 60m 6.659E-11+-1.2E+02
  Ni 61 (n,a    ) Fe 58  5.222E-04+-3.0E+01 Ni 62 (n,g    ) Ni 63  1.169E+00+-1.1E+01 Ni 62 (n,p    ) Co 62  6.263E-06+-2.0E+01 Ni 62 (n,p    ) Co 62m 4.967E-06+-2.0E+01
  Ni 62 (n,a    ) Fe 59  1.660E-05+-1.0E+01 Ni 63 (n,2n   ) Ni 62  1.051E-03+-4.0E+01 Ni 63 (n,g    ) Ni 64  2.213E+00+-1.7E+01 Ni 63 (n,p    ) Co 63  2.857E-05+-5.0E+01
  Ni 63 (n,a    ) Fe 60  1.869E-05+-6.0E+01 Ni 64 (n,2n   ) Ni 63  9.575E-07+-3.0E+01 Ni 64 (n,na   ) Fe 60  1.924E-08+-2.0E+02 Ni 64 (n,g    ) Ni 65  1.266E-01+-1.7E+01
  Ni 64 (n,p    ) Co 64  3.499E-08+-2.0E+01 Ni 64 (n,a    ) Fe 61  1.807E-06+-2.0E+01 Ni 66 (n,2n   ) Ni 65  6.214E-05+-4.0E+01 Ni 66 (n,g    ) Ni 67  7.585E-02+-8.3E+02
  Ni 66 (n,a    ) Fe 63  2.218E-09+-6.0E+01 Cu 63 (n,na   ) Co 59  3.208E-08+-6.0E+01 Cu 63 (n,np   ) Ni 62  9.555E-05+-1.0E+02 Cu 63 (n,g    ) Cu 64  4.726E-01+-9.3E+00
  Cu 63 (n,p    ) Ni 63  7.513E-03+-2.0E+01 Cu 63 (n,d    ) Ni 62  1.506E-06+-4.4E+01 Cu 63 (n,a    ) Co 60  1.106E-04+-3.0E+01 Cu 63 (n,a    ) Co 60m 3.974E-05+-3.0E+01
  Cu 64 (n,2n   ) Cu 63  2.943E-04+-4.0E+01 Cu 64 (n,na   ) Co 60  8.005E-12+-1.2E+02 Cu 64 (n,na   ) Co 60m 1.305E-12+-1.2E+02 Cu 64 (n,np   ) Ni 63  3.279E-07+-1.0E+02
  Cu 64 (n,g    ) Cu 65  4.752E+01+-4.9E+01 Cu 64 (n,p    ) Ni 64  1.384E+01+-5.0E+01 Cu 64 (n,d    ) Ni 63  4.555E-07+-1.0E+02 Cu 64 (n,t    ) Ni 62  2.301E-08+-6.0E+01
  Cu 64 (n,a    ) Co 61  1.377E-04+-6.0E+01 Cu 65 (n,na   ) Co 61  4.892E-11+-2.0E+01 Cu 65 (n,np   ) Ni 64  1.256E-06+-1.0E+02 Cu 65 (n,g    ) Cu 66  2.194E-01+-7.5E+00
  Cu 65 (n,p    ) Ni 65  1.936E-04+-2.0E+01 Cu 65 (n,d    ) Ni 64  2.421E-07+-4.0E+01 Cu 65 (n,a    ) Co 62  2.625E-06+-2.0E+01 Cu 65 (n,a    ) Co 62m 3.115E-06+-2.0E+01
  Cu 67 (n,2n   ) Cu 66  1.923E-05+-4.0E+01 Cu 67 (n,np   ) Ni 66  6.442E-12+-1.0E+02 Cu 67 (n,g    ) Cu 68  1.147E+00+-7.8E+01 Cu 67 (n,g    ) Cu 68m 1.219E-01+-7.8E+01
  Cu 67 (n,p    ) Ni 67  1.535E-05+-5.0E+01 Cu 67 (n,d    ) Ni 66  1.790E-08+-1.0E+02 Cu 67 (n,a    ) Co 64  1.434E-07+-6.0E+01 Zn 62 (n,na   ) Ni 58  2.840E-06+-1.0E+02
  Zn 62 (n,np   ) Cu 61  3.979E-05+-1.0E+02 Zn 62 (n,g    ) Zn 63  2.453E-01+-8.3E+02 Zn 62 (n,p    ) Cu 62  3.934E+00+-5.0E+01 Zn 62 (n,d    ) Cu 61  1.983E-06+-1.0E+02
  Zn 62 (n,h    ) Ni 60  3.193E-10+-9.0E+01 Zn 62 (n,a    ) Ni 59  3.288E-01+-6.0E+01 Zn 62 (n,2a   ) Fe 55  1.237E-12+-2.0E+02 Zn 62 (n,2p   ) Ni 61  8.063E-05+-2.0E+02
  Zn 62 (n,pa   ) Co 58  8.334E-10+-2.1E+02 Zn 62 (n,pa   ) Co 58m 8.922E-10+-2.1E+02 Zn 64 (n,na   ) Ni 60  1.410E-05+-4.0E+01 Zn 64 (n,np   ) Cu 63  1.544E-06+-1.0E+02
  Zn 64 (n,g    ) Zn 65  1.046E-01+-1.1E+01 Zn 64 (n,p    ) Cu 64  1.182E-02+-1.0E+01 Zn 64 (n,d    ) Cu 63  1.502E-07+-1.0E+02 Zn 64 (n,a    ) Ni 61  4.977E-03+-2.0E+01
  Zn 64 (n,2p   ) Ni 63  1.148E-12+-2.0E+02 Zn 65 (n,2n   ) Zn 64  8.640E-05+-4.0E+01 Zn 65 (n,na   ) Ni 61  9.813E-07+-1.0E+02 Zn 65 (n,np   ) Cu 64  3.600E-08+-1.0E+02
  Zn 65 (n,g    ) Zn 66  8.978E+00+-4.2E+01 Zn 65 (n,p    ) Cu 65  1.878E+00+-2.0E+02 Zn 65 (n,d    ) Cu 64  1.014E-07+-1.0E+02 Zn 65 (n,t    ) Cu 63  1.918E-11+-6.0E+01
  Zn 65 (n,a    ) Ni 62  9.400E+00+-6.0E+01 Zn 65 (n,2p   ) Ni 64  3.762E-08+-2.0E+02 Zn 66 (n,na   ) Ni 62  2.303E-07+-1.0E+02 Zn 66 (n,np   ) Cu 65  2.583E-11+-1.0E+02
  Zn 66 (n,g    ) Zn 67  9.516E-02+-2.2E+01 Zn 66 (n,p    ) Cu 66  3.639E-04+-1.0E+01 Zn 66 (n,d    ) Cu 65  3.963E-09+-1.0E+02 Zn 66 (n,a    ) Ni 63  4.001E-04+-6.0E+01
  Zn 67 (n,2n   ) Zn 66  5.402E-04+-4.0E+01 Zn 67 (n,na   ) Ni 63  1.028E-08+-1.0E+02 Zn 67 (n,g    ) Zn 68  1.276E+00+-1.4E+01 Zn 67 (n,p    ) Cu 67  5.892E-04+-3.1E+01
  Zn 67 (n,d    ) Cu 66  2.004E-09+-1.0E+02 Zn 67 (n,t    ) Cu 65  2.792E-12+-6.0E+01 Zn 67 (n,a    ) Ni 64  2.704E-04+-5.4E+01 Zn 68 (n,na   ) Ni 64  3.555E-09+-1.0E+02
  Zn 68 (n,g    ) Zn 69  1.552E-01+-9.9E+00 Zn 68 (n,g    ) Zn 69m 1.404E-02+-1.5E+01 Zn 68 (n,p    ) Cu 68  3.845E-06+-3.0E+01 Zn 68 (n,p    ) Cu 68m 9.525E-07+-3.0E+01
  Zn 68 (n,d    ) Cu 67  1.727E-11+-1.0E+02 Zn 68 (n,a    ) Ni 65  1.954E-05+-1.0E+01 Zn 69m(n,n    ) Zn 69  2.352E-01+-1.0E+02 Zn 69m(n,2n   ) Zn 68  1.337E-03+-4.0E+01
  Zn 69m(n,na   ) Ni 65  1.169E-10+-1.0E+02 Zn 69m(n,g    ) Zn 70  5.034E-01+-7.0E+02 Zn 69m(n,p    ) Cu 69  8.756E-06+-5.0E+01 Zn 69m(n,d    ) Cu 68  2.354E-12+-1.2E+02
  Zn 69m(n,a    ) Ni 66  6.792E-06+-6.0E+01 Zn 70 (n,2n   ) Zn 69  8.288E-06+-3.0E+01 Zn 70 (n,2n   ) Zn 69m 8.727E-07+-3.0E+01 Zn 70 (n,na   ) Ni 66  3.665E-09+-3.0E+01
  Zn 70 (n,g    ) Zn 71  1.030E-02+-2.0E+01 Zn 70 (n,g    ) Zn 71m 1.024E-03+-3.9E+01 Zn 70 (n,p    ) Cu 70  1.878E-08+-3.0E+01 Zn 70 (n,p    ) Cu 70m 5.825E-08+-3.0E+01
  Zn 70 (n,p    ) Cu 70n 8.170E-09+-6.7E+01 Zn 70 (n,a    ) Ni 67  5.809E-07+-3.0E+01 Zn 72 (n,2n   ) Zn 71  2.800E-05+-7.2E+01 Zn 72 (n,2n   ) Zn 71m 4.245E-05+-7.2E+01
  Zn 72 (n,g    ) Zn 73  2.009E-02+-7.8E+01 Zn 72 (n,g    ) Zn 73m 6.028E-02+-7.8E+01 Zn 72 (n,g    ) Zn 73n 1.935E-02+-7.8E+01 Zn 72 (n,p    ) Cu 72  6.111E-09+-5.0E+01
  Zn 72 (n,a    ) Ni 69  1.770E-08+-8.5E+01 Zn 72 (n,a    ) Ni 69m 5.590E-09+-8.5E+01 Ga 66 (n,2n   ) Ga 65  1.687E-06+-4.0E+01 Ga 66 (n,na   ) Cu 62  5.057E-07+-1.0E+02
  Ga 66 (n,np   ) Zn 65  7.382E-04+-1.0E+02 Ga 66 (n,g    ) Ga 67  1.096E+00+-8.6E+02 Ga 66 (n,p    ) Zn 66  1.705E+02+-5.0E+01 Ga 66 (n,d    ) Zn 65  8.703E-06+-1.0E+02
  Ga 66 (n,t    ) Zn 64  1.305E-07+-6.0E+01 Ga 66 (n,a    ) Cu 63  5.537E+00+-6.0E+01 Ga 66 (n,2a   ) Co 59  9.883E-10+-2.0E+02 Ga 66 (n,2p   ) Cu 65  6.662E-06+-2.0E+02
  Ga 66 (n,pa   ) Ni 62  2.585E-05+-2.0E+02 Ga 67 (n,na   ) Cu 63  7.568E-07+-1.0E+02 Ga 67 (n,np   ) Zn 66  2.840E-04+-1.0E+02 Ga 67 (n,g    ) Ga 68  2.141E+00+-3.6E+02
  Ga 67 (n,p    ) Zn 67  2.864E-01+-5.0E+01 Ga 67 (n,d    ) Zn 66  6.596E-06+-1.0E+02 Ga 67 (n,a    ) Cu 64  2.621E-03+-6.0E+01 Ga 67 (n,pa   ) Ni 63  3.813E-11+-2.0E+02
  Ga 69 (n,na   ) Cu 65  7.334E-08+-1.0E+02 Ga 69 (n,np   ) Zn 68  1.205E-05+-1.0E+02 Ga 69 (n,g    ) Ga 70  6.546E-01+-1.0E+01 Ga 69 (n,p    ) Zn 69  4.432E-04+-3.0E+01
  Ga 69 (n,p    ) Zn 69m 1.899E-04+-3.0E+01 Ga 69 (n,d    ) Zn 68  6.860E-07+-1.0E+02 Ga 69 (n,a    ) Cu 66  1.295E-04+-2.0E+01 Ga 71 (n,2n   ) Ga 70  1.034E-05+-1.0E+01
  Ga 71 (n,na   ) Cu 67  6.360E-10+-2.0E+01 Ga 71 (n,np   ) Zn 70  8.728E-09+-1.0E+02 Ga 71 (n,g    ) Ga 72  8.246E-01+-7.2E+01 Ga 71 (n,g    ) Ga 72m 5.969E-01+-7.6E+01
  Ga 71 (n,p    ) Zn 71  1.419E-05+-3.0E+01 Ga 71 (n,p    ) Zn 71m 2.146E-05+-3.0E+01 Ga 71 (n,d    ) Zn 70  5.031E-08+-1.0E+02 Ga 71 (n,a    ) Cu 68  4.529E-06+-3.0E+01
  Ga 71 (n,a    ) Cu 68m 3.255E-07+-3.0E+01 Ga 72 (n,2n   ) Ga 71  1.599E-03+-4.0E+01 Ga 72 (n,na   ) Cu 68  3.695E-12+-1.2E+02 Ga 72 (n,g    ) Ga 73  3.146E+00+-2.8E+02
  Ga 72 (n,p    ) Zn 72  1.162E-04+-5.0E+01 Ga 72 (n,d    ) Zn 71  1.735E-09+-1.2E+02 Ga 72 (n,d    ) Zn 71m 2.331E-09+-1.2E+02 Ga 72 (n,t    ) Zn 70  2.615E-09+-6.0E+01
  Ga 72 (n,a    ) Cu 69  5.240E-06+-6.0E+01 Ge 68 (n,na   ) Zn 64  2.760E-06+-1.0E+02 Ge 68 (n,np   ) Ga 67  4.541E-06+-1.0E+02 Ge 68 (n,g    ) Ge 69  4.709E-01+-7.9E+02
  Ge 68 (n,p    ) Ga 68  3.030E-02+-5.0E+01 Ge 68 (n,d    ) Ga 67  2.002E-07+-1.0E+02 Ge 68 (n,a    ) Zn 65  1.150E-02+-6.0E+01 Ge 68 (n,2a   ) Ni 61  4.371E-11+-2.0E+02
  Ge 68 (n,2p   ) Zn 67  3.788E-08+-2.0E+02 Ge 68 (n,pa   ) Cu 64  8.492E-11+-2.0E+02 Ge 69 (n,2n   ) Ge 68  5.438E-05+-4.0E+01 Ge 69 (n,na   ) Zn 65  1.833E-06+-1.0E+02
  Ge 69 (n,np   ) Ga 68  6.616E-07+-1.0E+02 Ge 69 (n,g    ) Ge 70  2.423E+00+-4.2E+02 Ge 69 (n,p    ) Ga 69  3.264E+00+-5.0E+01 Ge 69 (n,d    ) Ga 68  1.594E-07+-1.0E+02
  Ge 69 (n,t    ) Ga 67  9.185E-12+-6.0E+01 Ge 69 (n,a    ) Zn 66  4.256E-01+-6.0E+01 Ge 69 (n,2a   ) Ni 62  2.054E-08+-2.0E+02 Ge 69 (n,2p   ) Zn 68  3.291E-06+-2.0E+02
  Ge 69 (n,pa   ) Cu 65  2.948E-08+-2.0E+02 Ge 70 (n,na   ) Zn 66  5.543E-07+-1.0E+02 Ge 70 (n,np   ) Ga 69  2.778E-09+-1.0E+02 Ge 70 (n,g    ) Ge 71  2.276E-01+-7.8E+01
  Ge 70 (n,g    ) Ge 71m 7.616E-02+-7.8E+01 Ge 70 (n,p    ) Ga 70  6.481E-04+-2.0E+01 Ge 70 (n,d    ) Ga 69  6.711E-09+-1.0E+02 Ge 70 (n,a    ) Zn 67  6.017E-04+-6.0E+01
  Ge 71 (n,2n   ) Ge 70  4.708E-04+-4.0E+01 Ge 71 (n,na   ) Zn 67  1.960E-08+-1.0E+02 Ge 71 (n,np   ) Ga 70  2.990E-10+-1.0E+02 Ge 71 (n,g    ) Ge 72  1.517E+00+-6.2E+02
  Ge 71 (n,p    ) Ga 71  2.045E-03+-5.0E+01 Ge 71 (n,d    ) Ga 70  7.291E-09+-1.0E+02 Ge 71 (n,t    ) Ga 69  1.313E-12+-6.0E+01 Ge 71 (n,a    ) Zn 68  1.823E-02+-6.0E+01
  Ge 71 (n,2a   ) Ni 64  4.369E-12+-2.0E+02 Ge 71 (n,2p   ) Zn 70  1.214E-12+-2.0E+02 Ge 72 (n,na   ) Zn 68  4.806E-09+-1.0E+02 Ge 72 (n,g    ) Ge 73  5.383E-02+-7.8E+01
  Ge 72 (n,g    ) Ge 73m 5.177E-02+-7.8E+01 Ge 72 (n,p    ) Ga 72  6.626E-05+-6.3E+01 Ge 72 (n,p    ) Ga 72m 1.515E-05+-6.3E+01 Ge 72 (n,d    ) Ga 71  1.519E-11+-1.0E+02
  Ge 72 (n,a    ) Zn 69  1.238E-05+-3.0E+01 Ge 72 (n,a    ) Zn 69m 6.865E-06+-2.0E+01 Ge 73 (n,n    ) Ge 73m 3.632E-02+-1.0E+02 Ge 73 (n,2n   ) Ge 72  5.396E-04+-4.0E+01
  Ge 73 (n,na   ) Zn 69  4.919E-12+-1.2E+02 Ge 73 (n,na   ) Zn 69m 5.350E-12+-1.2E+02 Ge 73 (n,g    ) Ge 74  3.155E+00+-2.0E+01 Ge 73 (n,p    ) Ga 73  5.548E-05+-2.0E+01
  Ge 73 (n,a    ) Zn 70  2.011E-05+-6.0E+01 Ge 74 (n,g    ) Ge 75  3.090E-02+-2.5E+01 Ge 74 (n,g    ) Ge 75m 1.554E-02+-2.4E+01 Ge 74 (n,p    ) Ga 74  7.491E-07+-6.3E+01
  Ge 74 (n,p    ) Ga 74m 4.043E-07+-6.3E+01 Ge 74 (n,a    ) Zn 71  2.074E-06+-2.0E+01 Ge 74 (n,a    ) Zn 71m 2.413E-06+-2.0E+01 Ge 76 (n,2n   ) Ge 75  2.816E-06+-4.0E+01
  Ge 76 (n,2n   ) Ge 75m 3.821E-06+-2.0E+01 Ge 76 (n,g    ) Ge 77  2.286E-02+-5.2E+01 Ge 76 (n,g    ) Ge 77m 3.416E-02+-3.3E+01 Ge 76 (n,p    ) Ga 76  1.040E-08+-2.0E+01
  Ge 76 (n,a    ) Zn 73  2.966E-09+-6.7E+01 Ge 76 (n,a    ) Zn 73m 8.897E-09+-6.7E+01 Ge 76 (n,a    ) Zn 73n 1.676E-09+-6.7E+01 Ge 77 (n,n    ) Ge 77m 9.571E-02+-1.0E+02
  Ge 77 (n,2n   ) Ge 76  2.312E-03+-4.0E+01 Ge 77 (n,g    ) Ge 78  5.339E-01+-6.3E+02 Ge 77 (n,p    ) Ga 77  3.704E-07+-5.0E+01 Ge 77 (n,a    ) Zn 74  1.102E-07+-6.0E+01
  As 71 (n,na   ) Ga 67  3.771E-07+-1.0E+02 As 71 (n,np   ) Ge 70  4.176E-04+-1.0E+02 As 71 (n,g    ) As 72  3.992E+00+-2.6E+02 As 71 (n,p    ) Ge 71  1.220E+00+-7.8E+01
  As 71 (n,p    ) Ge 71m 1.829E+00+-7.8E+01 As 71 (n,d    ) Ge 70  1.007E-05+-1.0E+02 As 71 (n,a    ) Ga 68  3.165E-03+-6.0E+01 As 71 (n,2a   ) Cu 64  4.390E-12+-2.0E+02
  As 71 (n,2p   ) Ga 70  3.406E-11+-2.0E+02 As 71 (n,pa   ) Zn 67  3.743E-09+-2.0E+02 As 72 (n,2n   ) As 71  8.279E-05+-4.0E+01 As 72 (n,na   ) Ga 68  6.297E-08+-1.0E+02
  As 72 (n,np   ) Ge 71  5.147E-05+-1.2E+02 As 72 (n,np   ) Ge 71m 1.045E-04+-1.2E+02 As 72 (n,g    ) As 73  1.160E+01+-1.6E+02 As 72 (n,p    ) Ge 72  1.489E+01+-5.0E+01
  As 72 (n,d    ) Ge 71  8.826E-07+-1.2E+02 As 72 (n,d    ) Ge 71m 1.324E-06+-1.2E+02 As 72 (n,t    ) Ge 70  7.836E-08+-6.0E+01 As 72 (n,a    ) Ga 69  1.498E-01+-6.0E+01
  As 72 (n,2a   ) Cu 65  4.432E-10+-2.0E+02 As 72 (n,2p   ) Ga 71  5.467E-10+-2.0E+02 As 72 (n,pa   ) Zn 68  1.268E-07+-2.0E+02 As 73 (n,na   ) Ga 69  3.569E-08+-1.0E+02
  As 73 (n,np   ) Ge 72  6.255E-05+-1.0E+02 As 73 (n,g    ) As 74  3.545E+00+-3.0E+02 As 73 (n,p    ) Ge 73  5.090E-03+-7.8E+01 As 73 (n,p    ) Ge 73m 3.943E-03+-7.8E+01
  As 73 (n,d    ) Ge 72  2.673E-06+-1.0E+02 As 73 (n,a    ) Ga 70  1.353E-04+-6.0E+01 As 74 (n,2n   ) As 73  3.123E-04+-4.0E+01 As 74 (n,na   ) Ga 70  3.594E-10+-1.0E+02
  As 74 (n,np   ) Ge 73  4.211E-07+-1.2E+02 As 74 (n,np   ) Ge 73m 2.690E-08+-1.2E+02 As 74 (n,g    ) As 75  7.331E+00+-2.0E+02 As 74 (n,p    ) Ge 74  1.047E+00+-5.0E+01
  As 74 (n,d    ) Ge 73  2.585E-07+-1.2E+02 As 74 (n,d    ) Ge 73m 3.491E-08+-1.2E+02 As 74 (n,t    ) Ge 72  1.537E-08+-6.0E+01 As 74 (n,a    ) Ga 71  6.194E-04+-6.0E+01
  As 75 (n,na   ) Ga 71  9.916E-11+-1.0E+02 As 75 (n,np   ) Ge 74  1.629E-06+-1.0E+02 As 75 (n,g    ) As 76  2.337E+00+-8.8E+00 As 75 (n,p    ) Ge 75  1.979E-04+-3.0E+01
  As 75 (n,p    ) Ge 75m 6.863E-05+-3.0E+01 As 75 (n,d    ) Ge 74  2.906E-07+-1.0E+02 As 75 (n,a    ) Ga 72  7.032E-06+-6.3E+01 As 75 (n,a    ) Ga 72m 1.649E-06+-6.3E+01
  As 76 (n,2n   ) As 75  7.763E-04+-4.0E+01 As 76 (n,np   ) Ge 75  6.973E-10+-1.2E+02 As 76 (n,np   ) Ge 75m 6.266E-10+-1.2E+02 As 76 (n,g    ) As 77  7.362E+00+-2.1E+02
  As 76 (n,p    ) Ge 76  1.262E-03+-5.0E+01 As 76 (n,d    ) Ge 75  2.221E-08+-1.2E+02 As 76 (n,d    ) Ge 75m 1.432E-08+-1.2E+02 As 76 (n,t    ) Ge 74  2.853E-09+-6.0E+01
  As 76 (n,a    ) Ga 73  6.493E-06+-6.0E+01 As 77 (n,2n   ) As 76  2.721E-07+-4.0E+01 As 77 (n,np   ) Ge 76  2.110E-09+-1.0E+02 As 77 (n,g    ) As 78  2.135E+00+-3.7E+02
  As 77 (n,p    ) Ge 77  1.400E-05+-7.8E+01 As 77 (n,p    ) Ge 77m 7.021E-06+-7.8E+01 As 77 (n,d    ) Ge 76  2.481E-08+-1.0E+02 As 77 (n,a    ) Ga 74  1.853E-07+-8.5E+01
  As 77 (n,a    ) Ga 74m 1.054E-07+-8.5E+01 Se 72 (n,na   ) Ge 68  8.930E-07+-1.0E+02 Se 72 (n,np   ) As 71  6.079E-06+-1.0E+02 Se 72 (n,g    ) Se 73  1.910E-01+-7.8E+01
  Se 72 (n,g    ) Se 73m 4.450E-01+-7.8E+01 Se 72 (n,p    ) As 72  5.755E-02+-5.0E+01 Se 72 (n,d    ) As 71  1.240E-07+-1.0E+02 Se 72 (n,a    ) Ge 69  5.766E-03+-6.0E+01
  Se 72 (n,2a   ) Zn 65  1.300E-10+-2.0E+02 Se 72 (n,2p   ) Ge 71  7.655E-07+-2.1E+02 Se 72 (n,2p   ) Ge 71m 1.554E-06+-2.1E+02 Se 72 (n,pa   ) Ga 68  3.257E-10+-2.0E+02
  Se 73 (n,n    ) Se 73m 1.849E-01+-1.0E+02 Se 73 (n,2n   ) Se 72  1.235E-05+-4.0E+01 Se 73 (n,na   ) Ge 69  2.007E-07+-1.0E+02 Se 73 (n,np   ) As 72  7.976E-07+-1.0E+02
  Se 73 (n,g    ) Se 74  6.000E+00+-2.6E+02 Se 73 (n,p    ) As 73  5.210E+00+-5.0E+01 Se 73 (n,d    ) As 72  9.512E-08+-1.0E+02 Se 73 (n,t    ) As 71  1.201E-12+-6.0E+01
  Se 73 (n,a    ) Ge 70  1.142E-01+-6.0E+01 Se 73 (n,2a   ) Zn 66  1.156E-08+-2.0E+02 Se 73 (n,2p   ) Ge 72  1.326E-05+-2.0E+02 Se 73 (n,pa   ) Ga 69  3.698E-08+-2.0E+02
  Se 74 (n,na   ) Ge 70  6.437E-08+-1.0E+02 Se 74 (n,np   ) As 73  7.124E-10+-1.0E+02 Se 74 (n,g    ) Se 75  2.018E+01+-1.1E+01 Se 74 (n,p    ) As 74  2.075E-03+-1.5E+01
  Se 74 (n,d    ) As 73  3.509E-09+-1.0E+02 Se 74 (n,a    ) Ge 71  1.411E-04+-8.5E+01 Se 74 (n,a    ) Ge 71m 2.114E-04+-8.5E+01 Se 75 (n,2n   ) Se 74  1.041E-04+-4.0E+01
  Se 75 (n,na   ) Ge 71  2.374E-10+-1.2E+02 Se 75 (n,na   ) Ge 71m 4.819E-10+-1.2E+02 Se 75 (n,np   ) As 74  7.454E-12+-1.0E+02 Se 75 (n,g    ) Se 76  3.364E+01+-3.2E+01
  Se 75 (n,p    ) As 75  1.097E-02+-5.0E+01 Se 75 (n,d    ) As 74  1.269E-09+-1.0E+02 Se 75 (n,a    ) Ge 72  2.857E-02+-6.0E+01 Se 75 (n,2p   ) Ge 74  1.718E-09+-2.0E+02
  Se 76 (n,na   ) Ge 72  3.189E-10+-1.0E+02 Se 76 (n,g    ) Se 77  5.272E+00+-4.2E+01 Se 76 (n,g    ) Se 77m 1.842E+00+-1.7E+01 Se 76 (n,p    ) As 76  1.947E-04+-2.0E+01
  Se 76 (n,d    ) As 75  2.473E-11+-1.0E+02 Se 76 (n,a    ) Ge 73  2.527E-05+-8.5E+01 Se 76 (n,a    ) Ge 73m 1.506E-05+-8.5E+01 Se 77 (n,n    ) Se 77m 3.976E-01+-4.0E+01
  Se 77 (n,2n   ) Se 76  5.040E-04+-4.0E+01 Se 77 (n,na   ) Ge 73  1.119E-12+-1.2E+02 Se 77 (n,g    ) Se 78  4.026E+00+-1.7E+01 Se 77 (n,p    ) As 77  3.599E-04+-3.0E+01
  Se 77 (n,d    ) As 76  1.428E-11+-1.0E+02 Se 77 (n,a    ) Ge 74  1.491E-04+-2.7E+01 Se 78 (n,g    ) Se 79  2.243E-02+-3.8E+01 Se 78 (n,g    ) Se 79m 1.674E-01+-8.1E+01
  Se 78 (n,p    ) As 78  3.428E-06+-1.5E+01 Se 78 (n,a    ) Ge 75  4.276E-07+-3.0E+01 Se 78 (n,a    ) Ge 75m 5.380E-07+-3.0E+01 Se 79 (n,n    ) Se 79m 8.002E-02+-1.0E+02
  Se 79 (n,2n   ) Se 78  5.901E-04+-4.0E+01 Se 79 (n,g    ) Se 80  1.647E+00+-4.7E+02 Se 79 (n,p    ) As 79  1.442E-05+-5.0E+01 Se 79 (n,a    ) Ge 76  3.194E-06+-6.0E+01
  Se 80 (n,g    ) Se 81  6.506E-02+-3.2E+01 Se 80 (n,g    ) Se 81m 1.177E-02+-4.4E+01 Se 80 (n,p    ) As 80  2.278E-07+-3.0E+01 Se 80 (n,a    ) Ge 77  1.310E-06+-2.0E+01
  Se 80 (n,a    ) Ge 77m 7.391E-07+-1.0E+01 Se 82 (n,2n   ) Se 81  7.084E-06+-2.0E+01 Se 82 (n,2n   ) Se 81m 7.577E-06+-1.0E+01 Se 82 (n,g    ) Se 83  1.013E-03+-2.9E+01
  Se 82 (n,g    ) Se 83m 7.703E-03+-2.8E+01 Se 82 (n,p    ) As 82  1.117E-09+-7.8E+01 Se 82 (n,p    ) As 82m 1.211E-09+-7.8E+01 Se 82 (n,a    ) Ge 79  1.777E-09+-8.5E+01
  Se 82 (n,a    ) Ge 79m 4.627E-09+-8.5E+01 Br 76 (n,n    ) Br 76m 6.639E-02+-1.0E+02 Br 76 (n,2n   ) Br 75  4.294E-06+-4.0E+01 Br 76 (n,na   ) As 72  4.286E-10+-1.0E+02
  Br 76 (n,np   ) Se 75  3.861E-04+-1.0E+02 Br 76 (n,g    ) Br 77  7.038E+00+-7.8E+01 Br 76 (n,g    ) Br 77m 2.347E+00+-7.8E+01 Br 76 (n,p    ) Se 76  8.514E+00+-5.0E+01
  Br 76 (n,d    ) Se 75  2.167E-06+-1.0E+02 Br 76 (n,t    ) Se 74  1.519E-08+-6.0E+01 Br 76 (n,a    ) As 73  3.897E-02+-6.0E+01 Br 76 (n,2a   ) Ga 69  3.186E-11+-2.0E+02
  Br 76 (n,2p   ) As 75  2.849E-08+-2.0E+02 Br 76 (n,pa   ) Ge 72  1.431E-07+-2.0E+02 Br 77 (n,n    ) Br 77m 2.589E-01+-1.0E+02 Br 77 (n,na   ) As 73  6.697E-10+-1.0E+02
  Br 77 (n,np   ) Se 76  1.329E-04+-1.0E+02 Br 77 (n,g    ) Br 78  6.143E+00+-2.4E+02 Br 77 (n,p    ) Se 77  3.055E-01+-7.8E+01 Br 77 (n,p    ) Se 77m 3.242E-02+-7.8E+01
  Br 77 (n,d    ) Se 76  3.079E-06+-1.0E+02 Br 77 (n,a    ) As 74  9.867E-05+-6.0E+01 Br 79 (n,n    ) Br 79m 1.002E-01+-6.0E+01 Br 79 (n,na   ) As 75  1.075E-11+-1.0E+02
  Br 79 (n,np   ) Se 78  7.741E-06+-1.0E+02 Br 79 (n,g    ) Br 80  3.492E+00+-1.0E+01 Br 79 (n,g    ) Br 80m 1.053E+00+-2.3E+01 Br 79 (n,p    ) Se 79  8.355E-04+-5.0E+01
  Br 79 (n,p    ) Se 79m 3.653E-04+-5.0E+01 Br 79 (n,d    ) Se 78  4.549E-07+-1.0E+02 Br 79 (n,a    ) As 76  9.242E-06+-2.0E+01 Br 81 (n,np   ) Se 80  2.612E-08+-1.0E+02
  Br 81 (n,g    ) Br 82  1.756E-01+-2.7E+01 Br 81 (n,g    ) Br 82m 1.753E+00+-1.5E+01 Br 81 (n,p    ) Se 81  6.931E-05+-3.0E+01 Br 81 (n,p    ) Se 81m 2.967E-05+-3.0E+01
  Br 81 (n,d    ) Se 80  3.876E-08+-1.0E+02 Br 81 (n,a    ) As 78  3.250E-07+-2.5E+01 Br 82 (n,n    ) Br 82m 2.723E-01+-1.0E+02 Br 82 (n,2n   ) Br 81  3.957E-04+-4.0E+01
  Br 82 (n,g    ) Br 83  5.182E+00+-2.3E+02 Br 82 (n,p    ) Se 82  8.458E-05+-5.0E+01 Br 82 (n,d    ) Se 81  7.090E-10+-1.2E+02 Br 82 (n,d    ) Se 81m 1.204E-09+-1.2E+02
  Br 82 (n,t    ) Se 80  2.550E-11+-6.0E+01 Br 82 (n,a    ) As 79  7.267E-07+-6.0E+01 Kr 76 (n,na   ) Se 72  5.719E-08+-1.0E+02 Kr 76 (n,np   ) Br 75  8.085E-06+-1.0E+02
  Kr 76 (n,g    ) Kr 77  1.135E+00+-7.9E+02 Kr 76 (n,p    ) Br 76  1.527E-01+-7.8E+01 Kr 76 (n,p    ) Br 76m 3.235E-02+-7.8E+01 Kr 76 (n,d    ) Br 75  1.201E-07+-1.0E+02
  Kr 76 (n,h    ) Se 74  2.076E-12+-9.0E+01 Kr 76 (n,a    ) Se 73  1.046E-03+-8.5E+01 Kr 76 (n,a    ) Se 73m 2.758E-03+-8.5E+01 Kr 76 (n,2a   ) Ge 69  6.178E-12+-2.0E+02
  Kr 76 (n,2p   ) Se 75  3.835E-05+-2.0E+02 Kr 76 (n,pa   ) As 72  4.535E-11+-2.0E+02 Kr 78 (n,na   ) Se 74  3.067E-09+-1.0E+02 Kr 78 (n,np   ) Br 77  5.362E-09+-1.2E+02
  Kr 78 (n,np   ) Br 77m 3.303E-09+-1.2E+02 Kr 78 (n,g    ) Kr 79  1.076E+00+-4.5E+01 Kr 78 (n,g    ) Kr 79m 3.237E-02+-3.2E+01 Kr 78 (n,p    ) Br 78  6.757E-03+-5.0E+01
  Kr 78 (n,d    ) Br 77  3.429E-09+-1.2E+02 Kr 78 (n,d    ) Br 77m 2.618E-09+-1.2E+02 Kr 78 (n,a    ) Se 75  3.023E-04+-6.0E+01 Kr 78 (n,2p   ) Se 77  9.046E-11+-2.1E+02
  Kr 78 (n,2p   ) Se 77m 1.030E-10+-2.1E+02 Kr 79 (n,n    ) Kr 79m 3.074E-01+-1.0E+02 Kr 79 (n,2n   ) Kr 78  8.218E-05+-4.0E+01 Kr 79 (n,na   ) Se 75  3.544E-10+-1.0E+02
  Kr 79 (n,np   ) Br 78  2.076E-10+-1.0E+02 Kr 79 (n,g    ) Kr 80  4.891E+00+-3.8E+02 Kr 79 (n,p    ) Br 79  3.178E-01+-8.8E+02 Kr 79 (n,p    ) Br 79m 2.006E-03+-3.2E+02
  Kr 79 (n,d    ) Br 78  3.259E-09+-1.0E+02 Kr 79 (n,a    ) Se 76  1.454E-02+-6.0E+01 Kr 79 (n,2p   ) Se 78  1.869E-07+-2.0E+02 Kr 80 (n,na   ) Se 76  1.002E-10+-1.0E+02
  Kr 80 (n,g    ) Kr 81  1.772E+00+-3.6E+01 Kr 80 (n,g    ) Kr 81m 1.164E+00+-3.6E+01 Kr 80 (n,p    ) Br 80  1.981E-04+-7.8E+01 Kr 80 (n,p    ) Br 80m 4.286E-04+-7.8E+01
  Kr 80 (n,d    ) Br 79  7.201E-11+-1.2E+02 Kr 80 (n,d    ) Br 79m 2.361E-11+-1.2E+02 Kr 80 (n,a    ) Se 77  3.112E-05+-8.5E+01 Kr 80 (n,a    ) Se 77m 3.196E-05+-8.5E+01
  Kr 81 (n,n    ) Kr 81m 7.776E-02+-1.0E+02 Kr 81 (n,2n   ) Kr 80  1.477E-04+-4.0E+01 Kr 81 (n,g    ) Kr 82  4.168E+00+-4.4E+02 Kr 81 (n,p    ) Br 81  7.461E-04+-5.0E+01
  Kr 81 (n,d    ) Br 80  2.872E-11+-1.2E+02 Kr 81 (n,d    ) Br 80m 1.822E-11+-1.2E+02 Kr 81 (n,a    ) Se 78  4.596E-05+-6.0E+01 Kr 82 (n,g    ) Kr 83  1.691E+00+-7.3E+01
  Kr 82 (n,g    ) Kr 83m 3.382E+00+-7.1E+01 Kr 82 (n,p    ) Br 82  5.404E-06+-6.7E+01 Kr 82 (n,p    ) Br 82m 1.851E-05+-6.7E+01 Kr 82 (n,a    ) Se 79  3.026E-06+-8.5E+01
  Kr 82 (n,a    ) Se 79m 1.657E-06+-8.5E+01 Kr 83 (n,n    ) Kr 83m 8.008E-02+-1.0E+02 Kr 83 (n,2n   ) Kr 82  2.233E-04+-4.0E+01 Kr 83 (n,g    ) Kr 84  1.933E+01+-1.6E+01
  Kr 83 (n,p    ) Br 83  3.683E-05+-3.0E+01 Kr 83 (n,a    ) Se 80  4.019E-06+-6.0E+01 Kr 84 (n,g    ) Kr 85  2.608E-02+-4.6E+01 Kr 84 (n,g    ) Kr 85m 1.165E-01+-4.7E+01
  Kr 84 (n,p    ) Br 84  6.988E-07+-3.0E+01 Kr 84 (n,p    ) Br 84m 2.132E-07+-3.0E+01 Kr 84 (n,a    ) Se 81  8.993E-08+-8.5E+01 Kr 84 (n,a    ) Se 81m 1.746E-07+-8.5E+01
  Kr 85 (n,n    ) Kr 85m 5.684E-02+-1.0E+02 Kr 85 (n,2n   ) Kr 84  4.231E-04+-4.0E+01 Kr 85 (n,g    ) Kr 86  1.700E-01+-1.8E+01 Kr 85 (n,p    ) Br 85  4.085E-06+-5.0E+01
  Kr 85 (n,a    ) Se 82  4.043E-07+-6.0E+01 Kr 86 (n,2n   ) Kr 85  1.590E-08+-3.0E+01 Kr 86 (n,g    ) Kr 87  1.223E-03+-4.4E+01 Kr 86 (n,p    ) Br 86  4.238E-07+-5.0E+01
  Kr 86 (n,a    ) Se 83  5.460E-10+-4.0E+01 Kr 86 (n,a    ) Se 83m 3.387E-10+-4.0E+01 Rb 82m(n,2n   ) Rb 81  1.925E-05+-7.2E+01 Rb 82m(n,2n   ) Rb 81m 4.649E-05+-7.2E+01
  Rb 82m(n,na   ) Br 78  6.983E-12+-1.0E+02 Rb 82m(n,np   ) Kr 81  8.529E-05+-1.2E+02 Rb 82m(n,np   ) Kr 81m 3.176E-06+-1.2E+02 Rb 82m(n,g    ) Rb 83  7.945E+00+-2.8E+02
  Rb 82m(n,p    ) Kr 82  1.778E+00+-5.0E+01 Rb 82m(n,d    ) Kr 81  3.964E-07+-1.2E+02 Rb 82m(n,d    ) Kr 81m 2.405E-08+-1.2E+02 Rb 82m(n,t    ) Kr 80  3.060E-11+-6.0E+01
  Rb 82m(n,a    ) Br 79  3.132E-04+-8.5E+01 Rb 82m(n,a    ) Br 79m 2.599E-04+-8.5E+01 Rb 82m(n,2p   ) Br 81  2.651E-11+-2.0E+02 Rb 82m(n,pa   ) Se 78  2.358E-10+-2.0E+02
  Rb 83 (n,na   ) Br 79  2.173E-12+-1.2E+02 Rb 83 (n,np   ) Kr 82  2.133E-05+-1.0E+02 Rb 83 (n,g    ) Rb 84  1.112E+01+-7.8E+01 Rb 83 (n,g    ) Rb 84m 1.182E+00+-7.8E+01
  Rb 83 (n,p    ) Kr 83  2.814E-03+-7.8E+01 Rb 83 (n,p    ) Kr 83m 1.357E-03+-7.8E+01 Rb 83 (n,d    ) Kr 82  7.051E-07+-1.0E+02 Rb 83 (n,a    ) Br 80  1.432E-05+-8.5E+01
  Rb 83 (n,a    ) Br 80m 8.758E-06+-8.5E+01 Rb 84 (n,n    ) Rb 84m 1.019E-01+-1.0E+02 Rb 84 (n,2n   ) Rb 83  1.128E-04+-4.0E+01 Rb 84 (n,np   ) Kr 83  1.246E-07+-1.2E+02
  Rb 84 (n,np   ) Kr 83m 1.675E-08+-1.2E+02 Rb 84 (n,g    ) Rb 85  1.171E+01+-1.6E+02 Rb 84 (n,p    ) Kr 84  1.150E+00+-3.0E+01 Rb 84 (n,d    ) Kr 83  1.457E-08+-1.2E+02
  Rb 84 (n,d    ) Kr 83m 3.259E-08+-1.2E+02 Rb 84 (n,t    ) Kr 82  1.409E-10+-6.0E+01 Rb 84 (n,a    ) Br 81  1.405E-05+-6.0E+01 Rb 85 (n,np   ) Kr 84  4.882E-07+-1.0E+02
  Rb 85 (n,g    ) Rb 86  2.369E-01+-1.8E+01 Rb 85 (n,g    ) Rb 86m 3.258E-02+-9.9E+00 Rb 85 (n,p    ) Kr 85  7.273E-05+-2.0E+01 Rb 85 (n,p    ) Kr 85m 2.444E-05+-2.0E+01
  Rb 85 (n,d    ) Kr 84  6.621E-08+-1.0E+02 Rb 85 (n,a    ) Br 82  2.176E-07+-4.0E+01 Rb 85 (n,a    ) Br 82m 3.484E-07+-4.0E+01 Rb 86 (n,n    ) Rb 86m 6.682E-02+-1.0E+02
  Rb 86 (n,2n   ) Rb 85  1.184E-04+-4.0E+01 Rb 86 (n,g    ) Rb 87  2.876E+00+-5.0E+01 Rb 86 (n,p    ) Kr 86  1.578E-04+-5.0E+01 Rb 86 (n,d    ) Kr 85  1.678E-10+-1.2E+02
  Rb 86 (n,d    ) Kr 85m 3.616E-10+-1.2E+02 Rb 86 (n,a    ) Br 83  8.291E-07+-6.0E+01 Rb 87 (n,np   ) Kr 86  2.005E-12+-1.0E+02 Rb 87 (n,g    ) Rb 88  7.945E-02+-1.2E+01
  Rb 87 (n,p    ) Kr 87  1.537E-06+-2.0E+01 Rb 87 (n,d    ) Kr 86  5.922E-10+-1.0E+02 Rb 87 (n,a    ) Br 84  9.889E-09+-3.0E+01 Rb 87 (n,a    ) Br 84m 2.505E-09+-2.0E+01
  Sr 82 (n,na   ) Kr 78  2.073E-09+-1.0E+02 Sr 82 (n,np   ) Rb 81  8.867E-08+-1.2E+02 Sr 82 (n,np   ) Rb 81m 4.250E-08+-1.2E+02 Sr 82 (n,g    ) Sr 83  7.982E-01+-7.8E+01
  Sr 82 (n,g    ) Sr 83m 7.975E-01+-7.8E+01 Sr 82 (n,p    ) Rb 82  8.674E-03+-7.8E+01 Sr 82 (n,p    ) Rb 82m 1.881E-03+-7.8E+01 Sr 82 (n,d    ) Rb 81  7.873E-09+-1.2E+02
  Sr 82 (n,d    ) Rb 81m 3.012E-09+-1.2E+02 Sr 82 (n,a    ) Kr 79  4.121E-04+-8.5E+01 Sr 82 (n,a    ) Kr 79m 3.553E-04+-8.5E+01 Sr 82 (n,2p   ) Kr 81  8.660E-08+-2.1E+02
  Sr 82 (n,2p   ) Kr 81m 9.900E-09+-2.1E+02 Sr 83 (n,n    ) Sr 83m 1.061E-01+-1.0E+02 Sr 83 (n,2n   ) Sr 82  1.083E-05+-4.0E+01 Sr 83 (n,na   ) Kr 79  3.155E-11+-1.2E+02
  Sr 83 (n,na   ) Kr 79m 1.044E-10+-1.2E+02 Sr 83 (n,np   ) Rb 82  1.697E-09+-1.2E+02 Sr 83 (n,np   ) Rb 82m 1.008E-08+-1.2E+02 Sr 83 (n,g    ) Sr 84  8.982E+00+-2.3E+02
  Sr 83 (n,p    ) Rb 83  8.677E-01+-5.0E+01 Sr 83 (n,d    ) Rb 82  2.428E-09+-1.2E+02 Sr 83 (n,d    ) Rb 82m 2.877E-09+-1.2E+02 Sr 83 (n,a    ) Kr 80  2.493E-03+-6.0E+01
  Sr 83 (n,2p   ) Kr 82  1.159E-06+-2.0E+02 Sr 83 (n,pa   ) Br 79  2.071E-12+-2.1E+02 Sr 84 (n,na   ) Kr 80  9.619E-12+-1.0E+02 Sr 84 (n,g    ) Sr 85  1.122E-01+-7.8E+01
  Sr 84 (n,g    ) Sr 85m 3.313E-01+-1.5E+01 Sr 84 (n,p    ) Rb 84  5.439E-04+-3.0E+01 Sr 84 (n,p    ) Rb 84m 5.087E-04+-3.0E+01 Sr 84 (n,d    ) Rb 83  2.197E-10+-1.0E+02
  Sr 84 (n,a    ) Kr 81  3.269E-05+-8.5E+01 Sr 84 (n,a    ) Kr 81m 1.698E-05+-8.5E+01 Sr 85 (n,n    ) Sr 85m 7.419E-02+-1.0E+02 Sr 85 (n,2n   ) Sr 84  2.457E-05+-4.0E+01
  Sr 85 (n,g    ) Sr 86  5.823E+00+-2.7E+02 Sr 85 (n,p    ) Rb 85  1.853E-03+-5.0E+01 Sr 85 (n,d    ) Rb 84  1.572E-10+-1.2E+02 Sr 85 (n,d    ) Rb 84m 3.979E-11+-1.2E+02
  Sr 85 (n,a    ) Kr 82  3.488E-05+-6.0E+01 Sr 85 (n,2p   ) Kr 84  1.204E-10+-2.0E+02 Sr 86 (n,g    ) Sr 87  4.861E-02+-3.3E+01 Sr 86 (n,g    ) Sr 87m 1.945E-01+-1.7E+01
  Sr 86 (n,p    ) Rb 86  1.506E-04+-3.0E+01 Sr 86 (n,p    ) Rb 86m 1.126E-05+-2.0E+01 Sr 86 (n,d    ) Rb 85  2.167E-12+-1.0E+02 Sr 86 (n,a    ) Kr 83  2.125E-06+-8.5E+01
  Sr 86 (n,a    ) Kr 83m 9.824E-07+-8.5E+01 Sr 87 (n,n    ) Sr 87m 9.442E-02+-2.0E+01 Sr 87 (n,2n   ) Sr 86  3.594E-05+-4.0E+01 Sr 87 (n,g    ) Sr 88  4.041E+00+-1.9E+01
  Sr 87 (n,p    ) Rb 87  5.153E-05+-3.0E+01 Sr 87 (n,d    ) Rb 86  2.904E-12+-1.2E+02 Sr 87 (n,a    ) Kr 84  2.641E-06+-6.0E+01 Sr 88 (n,g    ) Sr 89  3.478E-03+-4.2E+01
  Sr 88 (n,p    ) Rb 88  6.741E-07+-2.0E+01 Sr 88 (n,a    ) Kr 85  5.599E-08+-3.0E+01 Sr 88 (n,a    ) Kr 85m 1.339E-08+-3.0E+01 Sr 89 (n,2n   ) Sr 88  1.791E-03+-4.0E+01
  Sr 89 (n,g    ) Sr 90  4.920E-02+-2.9E+01 Sr 89 (n,p    ) Rb 89  1.100E-06+-5.0E+01 Sr 89 (n,a    ) Kr 86  8.217E-07+-6.0E+01 Sr 90 (n,2n   ) Sr 89  8.876E-04+-4.0E+01
  Sr 90 (n,g    ) Sr 91  8.549E-03+-2.3E+01 Sr 90 (n,p    ) Rb 90  9.749E-09+-7.8E+01 Sr 90 (n,p    ) Rb 90m 8.672E-09+-7.8E+01 Sr 90 (n,a    ) Kr 87  1.483E-07+-6.0E+01
  Sr 91 (n,2n   ) Sr 90  4.120E-03+-4.0E+01 Sr 91 (n,g    ) Sr 92  2.963E-01+-7.7E+02 Sr 91 (n,p    ) Rb 91  8.181E-08+-5.0E+01 Sr 91 (n,a    ) Kr 88  1.436E-07+-6.0E+01
  Y  86 (n,n    ) Y  86m 6.133E-02+-1.0E+02 Y  86 (n,2n   ) Y  85  4.037E-07+-7.2E+01 Y  86 (n,2n   ) Y  85m 2.249E-06+-7.2E+01 Y  86 (n,np   ) Sr 85  1.837E-04+-1.2E+02
  Y  86 (n,np   ) Sr 85m 2.011E-05+-1.2E+02 Y  86 (n,g    ) Y  87  1.836E+01+-7.8E+01 Y  86 (n,g    ) Y  87m 6.122E+00+-7.8E+01 Y  86 (n,p    ) Sr 86  5.275E+00+-5.0E+01
  Y  86 (n,d    ) Sr 85  3.498E-07+-1.2E+02 Y  86 (n,d    ) Sr 85m 3.610E-07+-1.2E+02 Y  86 (n,t    ) Sr 84  5.734E-10+-6.0E+01 Y  86 (n,a    ) Rb 83  2.528E-04+-6.0E+01
  Y  86 (n,2p   ) Rb 85  6.122E-09+-2.0E+02 Y  86 (n,pa   ) Kr 82  2.947E-10+-2.0E+02 Y  87 (n,n    ) Y  87m 1.359E-01+-1.0E+02 Y  87 (n,np   ) Sr 86  3.786E-05+-1.0E+02
  Y  87 (n,g    ) Y  88  3.436E+00+-3.9E+02 Y  87 (n,p    ) Sr 87  4.674E-03+-7.8E+01 Y  87 (n,p    ) Sr 87m 7.468E-02+-7.8E+01 Y  87 (n,d    ) Sr 86  4.992E-07+-1.0E+02
  Y  87 (n,a    ) Rb 84  5.043E-06+-8.5E+01 Y  87 (n,a    ) Rb 84m 1.988E-06+-8.5E+01 Y  87m(n,n    ) Y  87  1.204E+00+-1.0E+02 Y  87m(n,np   ) Sr 86  4.322E-05+-1.0E+02
  Y  87m(n,g    ) Y  88  3.103E+00+-3.3E+02 Y  87m(n,p    ) Sr 87  6.669E-01+-7.8E+01 Y  87m(n,p    ) Sr 87m 3.818E-03+-7.8E+01 Y  87m(n,d    ) Sr 86  1.982E-08+-1.0E+02
  Y  87m(n,a    ) Rb 84  5.750E-06+-8.5E+01 Y  87m(n,a    ) Rb 84m 3.586E-06+-8.5E+01 Y  88 (n,2n   ) Y  87  1.835E-06+-3.0E+01 Y  88 (n,2n   ) Y  87m 5.113E-07+-3.0E+01
  Y  88 (n,np   ) Sr 87  3.632E-06+-1.2E+02 Y  88 (n,np   ) Sr 87m 6.866E-08+-1.2E+02 Y  88 (n,g    ) Y  89  1.862E+00+-7.8E+01 Y  88 (n,g    ) Y  89m 6.210E-01+-7.8E+01
  Y  88 (n,p    ) Sr 88  1.303E-01+-5.0E+01 Y  88 (n,d    ) Sr 87  2.516E-08+-1.2E+02 Y  88 (n,d    ) Sr 87m 4.220E-08+-1.2E+02 Y  88 (n,t    ) Sr 86  1.329E-12+-6.0E+01
  Y  88 (n,a    ) Rb 85  6.955E-06+-6.0E+01 Y  89 (n,n    ) Y  89m 8.743E-02+-2.0E+01 Y  89 (n,np   ) Sr 88  1.278E-06+-1.0E+02 Y  89 (n,g    ) Y  90  1.197E-01+-2.0E+01
  Y  89 (n,g    ) Y  90m 2.611E-04+-3.0E+01 Y  89 (n,p    ) Sr 89  1.255E-04+-2.0E+01 Y  89 (n,d    ) Sr 88  5.622E-06+-3.0E+01 Y  89 (n,a    ) Rb 86  2.831E-07+-3.0E+01
  Y  89 (n,a    ) Rb 86m 5.671E-08+-2.0E+01 Y  90 (n,n    ) Y  90m 5.933E-02+-1.0E+02 Y  90 (n,2n   ) Y  89  8.804E-04+-7.2E+01 Y  90 (n,2n   ) Y  89m 5.065E-04+-7.2E+01
  Y  90 (n,np   ) Sr 89  3.164E-10+-1.0E+02 Y  90 (n,g    ) Y  91  5.142E-01+-7.8E+01 Y  90 (n,g    ) Y  91m 1.717E-01+-7.8E+01 Y  90 (n,p    ) Sr 90  7.708E-05+-5.0E+01
  Y  90 (n,d    ) Sr 89  9.427E-09+-1.0E+02 Y  90 (n,t    ) Sr 88  9.883E-10+-6.0E+01 Y  90 (n,a    ) Rb 87  4.094E-06+-6.0E+01 Y  91 (n,n    ) Y  91m 1.303E-01+-1.0E+02
  Y  91 (n,2n   ) Y  90  6.319E-04+-7.2E+01 Y  91 (n,2n   ) Y  90m 5.231E-05+-7.2E+01 Y  91 (n,na   ) Rb 87  2.559E-11+-1.0E+02 Y  91 (n,np   ) Sr 90  3.538E-11+-1.0E+02
  Y  91 (n,g    ) Y  92  1.536E-01+-2.9E+01 Y  91 (n,p    ) Sr 91  8.282E-06+-5.0E+01 Y  91 (n,d    ) Sr 90  8.177E-09+-1.0E+02 Y  91 (n,a    ) Rb 88  1.217E-06+-6.0E+01
  Y  93 (n,2n   ) Y  92  1.175E-03+-4.0E+01 Y  93 (n,g    ) Y  94  8.020E-01+-7.2E+02 Y  93 (n,p    ) Sr 93  7.949E-07+-5.0E+01 Y  93 (n,d    ) Sr 92  2.005E-10+-1.0E+02
  Y  93 (n,a    ) Rb 90  4.536E-08+-8.5E+01 Y  93 (n,a    ) Rb 90m 4.414E-08+-8.5E+01 Zr 86 (n,na   ) Sr 82  6.240E-10+-1.0E+02 Zr 86 (n,np   ) Y  85  9.455E-07+-1.2E+02
  Zr 86 (n,np   ) Y  85m 1.550E-06+-1.2E+02 Zr 86 (n,g    ) Zr 87  1.198E+00+-7.8E+01 Zr 86 (n,g    ) Zr 87m 8.064E-01+-7.8E+01 Zr 86 (n,p    ) Y  86  7.630E-02+-7.8E+01
  Zr 86 (n,p    ) Y  86m 6.063E-04+-7.8E+01 Zr 86 (n,d    ) Y  85  1.369E-08+-1.2E+02 Zr 86 (n,d    ) Y  85m 1.149E-08+-1.2E+02 Zr 86 (n,a    ) Sr 83  5.149E-04+-8.5E+01
  Zr 86 (n,a    ) Sr 83m 3.185E-04+-8.5E+01 Zr 86 (n,2p   ) Sr 85  5.469E-06+-2.1E+02 Zr 86 (n,2p   ) Sr 85m 1.127E-06+-2.1E+02 Zr 88 (n,na   ) Sr 84  1.114E-12+-1.0E+02
  Zr 88 (n,np   ) Y  87  1.629E-08+-1.2E+02 Zr 88 (n,np   ) Y  87m 1.340E-09+-1.2E+02 Zr 88 (n,g    ) Zr 89  5.029E-01+-7.8E+01 Zr 88 (n,g    ) Zr 89m 5.023E-01+-7.8E+01
  Zr 88 (n,p    ) Y  88  5.512E-03+-5.0E+01 Zr 88 (n,d    ) Y  87  1.745E-09+-1.2E+02 Zr 88 (n,d    ) Y  87m 1.562E-09+-1.2E+02 Zr 88 (n,a    ) Sr 85  2.601E-05+-8.5E+01
  Zr 88 (n,a    ) Sr 85m 1.262E-05+-8.5E+01 Zr 88 (n,2p   ) Sr 87  1.547E-09+-2.1E+02 Zr 88 (n,2p   ) Sr 87m 5.115E-11+-2.1E+02 Zr 89 (n,n    ) Zr 89m 4.865E-02+-1.0E+02
  Zr 89 (n,2n   ) Zr 88  2.067E-06+-4.0E+01 Zr 89 (n,np   ) Y  88  1.597E-08+-1.0E+02 Zr 89 (n,g    ) Zr 90  9.547E-01+-7.8E+01 Zr 89 (n,g    ) Zr 90m 2.098E-01+-7.8E+01
  Zr 89 (n,p    ) Y  89  4.445E-02+-7.8E+01 Zr 89 (n,p    ) Y  89m 1.221E-01+-7.8E+01 Zr 89 (n,d    ) Y  88  2.442E-09+-1.0E+02 Zr 89 (n,a    ) Sr 86  3.527E-05+-6.0E+01
  Zr 89 (n,2p   ) Sr 88  5.478E-08+-2.0E+02 Zr 90 (n,n    ) Zr 90m 4.347E-02+-1.4E+01 Zr 90 (n,np   ) Y  89  2.563E-10+-1.2E+02 Zr 90 (n,g    ) Zr 91  9.607E-03+-3.7E+01
  Zr 90 (n,p    ) Y  90  1.003E-04+-3.0E+01 Zr 90 (n,p    ) Y  90m 1.306E-05+-1.0E+01 Zr 90 (n,d    ) Y  89  4.817E-10+-6.7E+01 Zr 90 (n,d    ) Y  89m 1.436E-10+-6.7E+01
  Zr 90 (n,a    ) Sr 87  3.471E-06+-6.0E+01 Zr 90 (n,a    ) Sr 87m 3.687E-07+-1.0E+01 Zr 91 (n,2n   ) Zr 90  6.725E-04+-7.2E+01 Zr 91 (n,2n   ) Zr 90m 7.946E-06+-3.0E+01
  Zr 91 (n,g    ) Zr 92  2.461E-01+-1.1E+01 Zr 91 (n,p    ) Y  91  1.281E-05+-3.0E+01 Zr 91 (n,p    ) Y  91m 2.340E-05+-2.0E+01 Zr 91 (n,d    ) Y  90  8.230E-11+-1.2E+02
  Zr 91 (n,d    ) Y  90m 9.272E-12+-1.2E+02 Zr 91 (n,a    ) Sr 88  1.118E-04+-6.2E+02 Zr 92 (n,2n   ) Zr 91  2.330E-04+-4.0E+01 Zr 92 (n,na   ) Sr 88  5.451E-08+-1.0E+02
  Zr 92 (n,g    ) Zr 93  4.302E-02+-2.5E+01 Zr 92 (n,p    ) Y  92  2.743E-06+-1.0E+01 Zr 92 (n,d    ) Y  91  2.094E-12+-1.2E+02 Zr 92 (n,a    ) Sr 89  1.676E-05+-1.0E+01
  Zr 93 (n,2n   ) Zr 92  1.445E-03+-4.0E+01 Zr 93 (n,na   ) Sr 89  1.061E-09+-1.0E+02 Zr 93 (n,g    ) Zr 94  7.319E-01+-2.8E+01 Zr 93 (n,p    ) Y  93  1.795E-06+-7.8E+01
  Zr 93 (n,p    ) Y  93m 7.341E-07+-7.8E+01 Zr 93 (n,a    ) Sr 90  4.898E-06+-6.0E+01 Zr 94 (n,2n   ) Zr 93  5.513E-04+-4.0E+01 Zr 94 (n,na   ) Sr 90  2.701E-10+-1.0E+02
  Zr 94 (n,g    ) Zr 95  1.855E-02+-1.6E+01 Zr 94 (n,p    ) Y  94  1.546E-06+-2.0E+01 Zr 94 (n,a    ) Sr 91  3.078E-06+-2.0E+01 Zr 95 (n,2n   ) Zr 94  2.031E-03+-4.0E+01
  Zr 95 (n,na   ) Sr 91  2.165E-12+-1.0E+02 Zr 95 (n,g    ) Zr 96  2.123E-01+-4.5E+01 Zr 95 (n,p    ) Y  95  2.699E-07+-5.0E+01 Zr 95 (n,a    ) Sr 92  4.340E-07+-6.0E+01
  Zr 96 (n,2n   ) Zr 95  1.018E-03+-1.0E+01 Zr 96 (n,g    ) Zr 97  1.900E-01+-1.5E+01 Zr 96 (n,p    ) Y  96  2.488E-10+-7.8E+01 Zr 96 (n,p    ) Y  96m 3.776E-11+-7.7E+01
  Zr 96 (n,a    ) Sr 93  1.879E-08+-3.0E+01 Zr 97 (n,2n   ) Zr 96  5.403E-03+-4.0E+01 Zr 97 (n,g    ) Zr 98  3.983E-01+-8.3E+02 Zr 97 (n,p    ) Y  97  2.369E-09+-7.8E+01
  Zr 97 (n,p    ) Y  97m 1.524E-09+-7.8E+01 Zr 97 (n,a    ) Sr 94  5.300E-08+-6.0E+01 Nb 90 (n,n    ) Nb 90m 6.578E-02+-1.0E+02 Nb 90 (n,n    ) Nb 90n 6.564E-02+-1.0E+02
  Nb 90 (n,np   ) Zr 89  1.554E-04+-1.2E+02 Nb 90 (n,np   ) Zr 89m 1.638E-06+-1.2E+02 Nb 90 (n,g    ) Nb 91  1.836E+00+-7.8E+01 Nb 90 (n,g    ) Nb 91m 1.836E+00+-7.8E+01
  Nb 90 (n,p    ) Zr 90  8.403E-02+-7.8E+01 Nb 90 (n,p    ) Zr 90m 1.096E+00+-7.8E+01 Nb 90 (n,d    ) Zr 89  3.118E-07+-1.2E+02 Nb 90 (n,d    ) Zr 89m 5.824E-07+-1.2E+02
  Nb 90 (n,t    ) Zr 88  5.046E-11+-6.0E+01 Nb 90 (n,a    ) Y  87  5.575E-05+-8.5E+01 Nb 90 (n,a    ) Y  87m 6.134E-05+-8.5E+01 Nb 90 (n,2p   ) Y  89  3.054E-07+-2.1E+02
  Nb 90 (n,2p   ) Y  89m 5.958E-07+-2.1E+02 Nb 90 (n,pa   ) Sr 86  9.664E-11+-2.0E+02 Nb 91 (n,n    ) Nb 91m 4.706E-02+-1.0E+02 Nb 91 (n,np   ) Zr 90  4.921E-05+-1.2E+02
  Nb 91 (n,np   ) Zr 90m 1.322E-07+-1.2E+02 Nb 91 (n,g    ) Nb 92  1.631E-01+-7.8E+01 Nb 91 (n,g    ) Nb 92m 6.512E-01+-7.8E+01 Nb 91 (n,p    ) Zr 91  3.523E-03+-5.0E+01
  Nb 91 (n,d    ) Zr 90  1.183E-06+-1.2E+02 Nb 91 (n,d    ) Zr 90m 9.185E-09+-1.2E+02 Nb 91 (n,a    ) Y  88  1.551E-05+-6.0E+01 Nb 91m(n,n    ) Nb 91  2.202E-01+-1.0E+02
  Nb 91m(n,np   ) Zr 90  1.186E-04+-1.2E+02 Nb 91m(n,np   ) Zr 90m 1.095E-07+-1.2E+02 Nb 91m(n,g    ) Nb 92  1.631E-01+-7.8E+01 Nb 91m(n,g    ) Nb 92m 6.512E-01+-7.8E+01
  Nb 91m(n,p    ) Zr 91  8.946E-03+-5.0E+01 Nb 91m(n,d    ) Zr 90  8.885E-08+-1.2E+02 Nb 91m(n,d    ) Zr 90m 4.126E-09+-1.2E+02 Nb 91m(n,a    ) Y  88  1.647E-05+-6.0E+01
  Nb 92 (n,n    ) Nb 92m 1.598E-01+-1.0E+02 Nb 92 (n,2n   ) Nb 91  3.690E-04+-7.2E+01 Nb 92 (n,2n   ) Nb 91m 1.078E-05+-7.2E+01 Nb 92 (n,na   ) Y  88  8.075E-12+-1.0E+02
  Nb 92 (n,np   ) Zr 91  4.129E-07+-1.0E+02 Nb 92 (n,g    ) Nb 93  1.164E+00+-7.8E+01 Nb 92 (n,g    ) Nb 93m 1.164E+00+-7.8E+01 Nb 92 (n,p    ) Zr 92  7.965E-04+-5.0E+01
  Nb 92 (n,d    ) Zr 91  3.236E-07+-1.0E+02 Nb 92 (n,t    ) Zr 90  7.433E-09+-8.5E+01 Nb 92 (n,t    ) Zr 90m 3.267E-12+-8.5E+01 Nb 92 (n,a    ) Y  89  2.277E-04+-8.5E+01
  Nb 92 (n,a    ) Y  89m 1.183E-04+-8.5E+01 Nb 92 (n,pa   ) Sr 88  3.207E-11+-2.0E+02 Nb 92m(n,n    ) Nb 92  1.183E-01+-1.0E+02 Nb 92m(n,2n   ) Nb 91  7.626E-04+-7.2E+01
  Nb 92m(n,2n   ) Nb 91m 1.636E-04+-7.2E+01 Nb 92m(n,na   ) Y  88  1.237E-11+-1.0E+02 Nb 92m(n,np   ) Zr 91  4.538E-06+-1.0E+02 Nb 92m(n,g    ) Nb 93  1.164E+00+-7.8E+01
  Nb 92m(n,g    ) Nb 93m 1.164E+00+-7.8E+01 Nb 92m(n,p    ) Zr 92  6.683E-02+-5.0E+01 Nb 92m(n,d    ) Zr 91  1.740E-08+-1.0E+02 Nb 92m(n,t    ) Zr 90  2.571E-10+-8.5E+01
  Nb 92m(n,a    ) Y  89  6.462E-03+-8.5E+01 Nb 92m(n,a    ) Y  89m 2.113E-04+-8.5E+01 Nb 92m(n,pa   ) Sr 88  3.728E-10+-2.0E+02 Nb 93 (n,n    ) Nb 93m 6.252E-02+-1.5E+01
  Nb 93 (n,2n   ) Nb 92  1.185E-04+-3.0E+01 Nb 93 (n,2n   ) Nb 92m 3.295E-05+-1.0E+01 Nb 93 (n,na   ) Y  89  2.623E-07+-1.2E+02 Nb 93 (n,na   ) Y  89m 1.646E-07+-3.0E+01
  Nb 93 (n,np   ) Zr 92  9.451E-07+-1.0E+02 Nb 93 (n,g    ) Nb 94  1.331E-01+-1.2E+01 Nb 93 (n,g    ) Nb 94m 2.963E-01+-1.2E+01 Nb 93 (n,p    ) Zr 93  1.366E-04+-3.0E+01
  Nb 93 (n,d    ) Zr 92  1.381E-06+-5.0E+01 Nb 93 (n,t    ) Zr 91  1.125E-11+-6.0E+01 Nb 93 (n,a    ) Y  90  2.290E-05+-2.0E+01 Nb 93 (n,a    ) Y  90m 1.249E-05+-2.0E+01
  Nb 93m(n,n    ) Nb 93  2.620E-01+-1.0E+02 Nb 93m(n,2n   ) Nb 92  5.029E-05+-7.2E+01 Nb 93m(n,2n   ) Nb 92m 8.867E-05+-7.2E+01 Nb 93m(n,na   ) Y  89  2.887E-07+-1.2E+02
  Nb 93m(n,na   ) Y  89m 2.963E-08+-1.2E+02 Nb 93m(n,np   ) Zr 92  1.560E-06+-1.0E+02 Nb 93m(n,g    ) Nb 94  1.330E-01+-7.8E+01 Nb 93m(n,g    ) Nb 94m 2.961E-01+-7.8E+01
  Nb 93m(n,p    ) Zr 93  1.849E-04+-6.0E+01 Nb 93m(n,d    ) Zr 92  7.637E-09+-1.0E+02 Nb 93m(n,t    ) Zr 91  7.402E-12+-6.0E+01 Nb 93m(n,a    ) Y  90  5.327E-05+-7.8E+01
  Nb 93m(n,a    ) Y  90m 3.884E-06+-8.4E+01 Nb 94 (n,n    ) Nb 94m 3.774E-01+-1.0E+02 Nb 94 (n,2n   ) Nb 93  1.089E-03+-7.2E+01 Nb 94 (n,2n   ) Nb 93m 7.295E-05+-7.2E+01
  Nb 94 (n,na   ) Y  90  5.042E-09+-1.2E+02 Nb 94 (n,na   ) Y  90m 3.710E-09+-1.2E+02 Nb 94 (n,np   ) Zr 93  4.811E-09+-1.0E+02 Nb 94 (n,g    ) Nb 95  3.991E+00+-3.9E+01
  Nb 94 (n,g    ) Nb 95m 1.608E-01+-3.9E+01 Nb 94 (n,p    ) Zr 94  1.695E-04+-6.0E+01 Nb 94 (n,d    ) Zr 93  5.217E-08+-1.0E+02 Nb 94 (n,t    ) Zr 92  3.119E-09+-6.0E+01
  Nb 94 (n,a    ) Y  91  2.951E-05+-7.3E+01 Nb 94 (n,a    ) Y  91m 3.498E-05+-7.7E+01 Nb 95 (n,n    ) Nb 95m 2.364E-02+-1.0E+02 Nb 95 (n,2n   ) Nb 94  2.128E-04+-7.2E+01
  Nb 95 (n,2n   ) Nb 94m 1.416E-04+-7.2E+01 Nb 95 (n,na   ) Y  91  2.154E-09+-1.2E+02 Nb 95 (n,na   ) Y  91m 8.399E-10+-1.2E+02 Nb 95 (n,np   ) Zr 94  2.449E-09+-1.0E+02
  Nb 95 (n,g    ) Nb 96  7.622E+00+-4.5E+01 Nb 95 (n,p    ) Zr 95  1.631E-05+-5.0E+01 Nb 95 (n,d    ) Zr 94  3.898E-08+-1.0E+02 Nb 95 (n,t    ) Zr 93  2.999E-12+-6.0E+01
  Nb 95 (n,a    ) Y  92  3.663E-06+-6.0E+01 Nb 95m(n,n    ) Nb 95  5.966E-01+-1.0E+02 Nb 95m(n,2n   ) Nb 94  1.639E-04+-7.2E+01 Nb 95m(n,2n   ) Nb 94m 3.833E-04+-7.2E+01
  Nb 95m(n,na   ) Y  91  3.557E-09+-1.2E+02 Nb 95m(n,na   ) Y  91m 7.527E-10+-1.2E+02 Nb 95m(n,np   ) Zr 94  9.692E-09+-1.0E+02 Nb 95m(n,g    ) Nb 96  2.068E+00+-8.9E+01
  Nb 95m(n,p    ) Zr 95  1.753E-05+-5.0E+01 Nb 95m(n,d    ) Zr 94  6.879E-10+-1.0E+02 Nb 95m(n,t    ) Zr 93  1.598E-12+-6.0E+01 Nb 95m(n,a    ) Y  92  4.531E-06+-6.0E+01
  Nb 96 (n,2n   ) Nb 95  1.481E-03+-7.2E+01 Nb 96 (n,2n   ) Nb 95m 4.397E-05+-7.2E+01 Nb 96 (n,na   ) Y  92  6.354E-11+-1.0E+02 Nb 96 (n,np   ) Zr 95  9.865E-11+-1.0E+02
  Nb 96 (n,g    ) Nb 97  3.240E+00+-7.8E+01 Nb 96 (n,g    ) Nb 97m 3.240E+00+-7.8E+01 Nb 96 (n,p    ) Zr 96  3.514E-05+-5.0E+01 Nb 96 (n,d    ) Zr 95  1.094E-08+-1.0E+02
  Nb 96 (n,t    ) Zr 94  1.024E-09+-6.0E+01 Nb 96 (n,a    ) Y  93  9.929E-07+-8.5E+01 Nb 96 (n,a    ) Y  93m 6.461E-07+-8.5E+01 Mo 92 (n,np   ) Nb 91  6.696E-05+-1.2E+02
  Mo 92 (n,np   ) Nb 91m 1.295E-05+-5.0E+01 Mo 92 (n,g    ) Mo 93  4.604E-02+-7.8E+01 Mo 92 (n,g    ) Mo 93m 8.345E-05+-7.8E+01 Mo 92 (n,p    ) Nb 92  6.291E-04+-3.0E+01
  Mo 92 (n,p    ) Nb 92m 3.188E-03+-2.0E+01 Mo 92 (n,d    ) Nb 91  6.409E-09+-6.8E+01 Mo 92 (n,d    ) Nb 91m 4.486E-09+-6.8E+01 Mo 92 (n,a    ) Zr 89  1.448E-05+-2.0E+01
  Mo 92 (n,a    ) Zr 89m 4.965E-06+-2.0E+01 Mo 92 (n,2p   ) Zr 91  1.372E-10+-2.0E+02 Mo 93 (n,n    ) Mo 93m 1.880E-04+-1.0E+02 Mo 93 (n,2n   ) Mo 92  2.009E-04+-4.0E+01
  Mo 93 (n,na   ) Zr 89  3.644E-10+-1.2E+02 Mo 93 (n,na   ) Zr 89m 1.369E-12+-1.2E+02 Mo 93 (n,np   ) Nb 92  5.625E-08+-1.2E+02 Mo 93 (n,np   ) Nb 92m 3.964E-09+-1.2E+02
  Mo 93 (n,g    ) Mo 94  1.140E+00+-6.1E+02 Mo 93 (n,p    ) Nb 93  1.499E-03+-7.8E+01 Mo 93 (n,p    ) Nb 93m 7.339E-04+-7.8E+01 Mo 93 (n,d    ) Nb 92  9.538E-10+-1.2E+02
  Mo 93 (n,d    ) Nb 92m 2.528E-09+-1.2E+02 Mo 93 (n,a    ) Zr 90  9.605E-03+-8.5E+01 Mo 93 (n,a    ) Zr 90m 4.758E-05+-8.5E+01 Mo 93 (n,2p   ) Zr 92  1.986E-10+-2.0E+02
  Mo 93 (n,pa   ) Y  89  1.352E-10+-2.1E+02 Mo 93 (n,pa   ) Y  89m 8.199E-12+-2.1E+02 Mo 93m(n,2n   ) Mo 92  1.515E-04+-4.0E+01 Mo 93m(n,na   ) Zr 89  4.776E-09+-1.2E+02
  Mo 93m(n,na   ) Zr 89m 2.440E-11+-1.2E+02 Mo 93m(n,np   ) Nb 92  3.347E-06+-1.2E+02 Mo 93m(n,np   ) Nb 92m 3.528E-08+-1.2E+02 Mo 93m(n,g    ) Mo 94  2.337E+00+-2.8E+02
  Mo 93m(n,p    ) Nb 93  1.414E-02+-7.8E+01 Mo 93m(n,p    ) Nb 93m 8.671E-06+-7.8E+01 Mo 93m(n,d    ) Nb 92  5.232E-08+-1.2E+02 Mo 93m(n,d    ) Nb 92m 4.673E-09+-1.2E+02
  Mo 93m(n,t    ) Nb 91  1.169E-10+-8.5E+01 Mo 93m(n,t    ) Nb 91m 1.218E-12+-8.5E+01 Mo 93m(n,a    ) Zr 90  2.007E-04+-8.5E+01 Mo 93m(n,a    ) Zr 90m 6.340E-05+-8.5E+01
  Mo 93m(n,pa   ) Y  89  2.606E-11+-2.1E+02 Mo 93m(n,pa   ) Y  89m 2.797E-11+-2.1E+02 Mo 94 (n,2n   ) Mo 93  6.534E-07+-3.0E+01 Mo 94 (n,na   ) Zr 90  1.488E-06+-1.2E+02
  Mo 94 (n,na   ) Zr 90m 5.754E-10+-1.2E+02 Mo 94 (n,np   ) Nb 93  2.105E-11+-1.2E+02 Mo 94 (n,np   ) Nb 93m 2.468E-12+-1.2E+02 Mo 94 (n,g    ) Mo 95  5.717E-02+-3.8E+01
  Mo 94 (n,p    ) Nb 94  2.962E-05+-5.0E+01 Mo 94 (n,p    ) Nb 94m 8.735E-05+-2.0E+01 Mo 94 (n,d    ) Nb 93  5.584E-11+-8.5E+01 Mo 94 (n,d    ) Nb 93m 1.235E-10+-8.5E+01
  Mo 94 (n,a    ) Zr 91  5.829E-05+-2.9E+01 Mo 95 (n,2n   ) Mo 94  6.284E-04+-4.0E+01 Mo 95 (n,na   ) Zr 91  1.414E-07+-1.0E+02 Mo 95 (n,g    ) Mo 96  4.184E+00+-8.0E+00
  Mo 95 (n,p    ) Nb 95  5.473E-05+-3.0E+01 Mo 95 (n,p    ) Nb 95m 1.928E-05+-2.0E+01 Mo 95 (n,d    ) Nb 94  2.253E-11+-7.8E+01 Mo 95 (n,d    ) Nb 94m 4.950E-11+-7.8E+01
  Mo 95 (n,a    ) Zr 92  5.881E-05+-5.2E+01 Mo 96 (n,2n   ) Mo 95  6.427E-05+-4.0E+01 Mo 96 (n,na   ) Zr 92  5.913E-08+-1.0E+02 Mo 96 (n,g    ) Mo 97  6.065E-01+-1.7E+01
  Mo 96 (n,p    ) Nb 96  6.371E-06+-2.0E+01 Mo 96 (n,d    ) Nb 95  1.179E-12+-8.5E+01 Mo 96 (n,d    ) Nb 95m 1.039E-12+-8.5E+01 Mo 96 (n,a    ) Zr 93  1.101E-05+-3.0E+01
  Mo 97 (n,2n   ) Mo 96  1.315E-03+-4.0E+01 Mo 97 (n,na   ) Zr 93  2.517E-09+-1.0E+02 Mo 97 (n,g    ) Mo 98  7.388E-01+-2.4E+01 Mo 97 (n,p    ) Nb 97  2.630E-06+-2.0E+01
  Mo 97 (n,p    ) Nb 97m 8.927E-07+-2.0E+01 Mo 97 (n,d    ) Nb 96  1.377E-12+-1.0E+02 Mo 97 (n,a    ) Zr 94  7.140E-06+-5.9E+01 Mo 98 (n,2n   ) Mo 97  2.567E-04+-4.0E+01
  Mo 98 (n,na   ) Zr 94  4.764E-10+-4.0E+01 Mo 98 (n,g    ) Mo 99  2.495E-01+-1.1E+01 Mo 98 (n,p    ) Nb 98  1.273E-07+-3.0E+01 Mo 98 (n,p    ) Nb 98m 5.307E-08+-2.0E+01
  Mo 98 (n,a    ) Zr 95  1.644E-06+-2.0E+01 Mo 99 (n,2n   ) Mo 98  4.659E-03+-4.0E+01 Mo 99 (n,na   ) Zr 95  5.302E-10+-1.0E+02 Mo 99 (n,g    ) Mo100  1.525E+00+-5.9E+02
  Mo 99 (n,p    ) Nb 99  5.318E-07+-7.8E+01 Mo 99 (n,p    ) Nb 99m 3.176E-07+-7.8E+01 Mo 99 (n,a    ) Zr 96  3.762E-06+-6.0E+01 Mo100 (n,2n   ) Mo 99  4.235E-04+-1.0E+01
  Mo100 (n,na   ) Zr 96  2.912E-10+-6.0E+01 Mo100 (n,g    ) Mo101  1.561E-01+-8.9E+00 Mo100 (n,p    ) Nb100  1.506E-09+-3.0E+01 Mo100 (n,p    ) Nb100m 1.335E-09+-3.0E+01
  Mo100 (n,a    ) Zr 97  1.912E-07+-1.0E+01 Tc 95 (n,n    ) Tc 95m 7.376E-02+-1.0E+02 Tc 95 (n,na   ) Nb 91  2.689E-06+-1.2E+02 Tc 95 (n,na   ) Nb 91m 2.283E-07+-1.2E+02
  Tc 95 (n,np   ) Mo 94  6.057E-05+-1.0E+02 Tc 95 (n,g    ) Tc 96  2.491E+00+-7.8E+01 Tc 95 (n,g    ) Tc 96m 1.342E+00+-7.8E+01 Tc 95 (n,p    ) Mo 95  1.213E-02+-5.0E+01
  Tc 95 (n,d    ) Mo 94  1.306E-06+-1.0E+02 Tc 95 (n,t    ) Mo 93  7.116E-12+-8.5E+01 Tc 95 (n,t    ) Mo 93m 1.648E-12+-3.6E+01 Tc 95 (n,a    ) Nb 92  3.246E-04+-8.5E+01
  Tc 95 (n,a    ) Nb 92m 3.907E-04+-8.5E+01 Tc 95 (n,pa   ) Zr 91  4.787E-10+-2.0E+02 Tc 95m(n,n    ) Tc 95  2.705E-01+-1.0E+02 Tc 95m(n,na   ) Nb 91  1.387E-06+-1.2E+02
  Tc 95m(n,na   ) Nb 91m 2.661E-07+-1.2E+02 Tc 95m(n,np   ) Mo 94  1.169E-04+-1.0E+02 Tc 95m(n,g    ) Tc 96  2.491E+00+-7.8E+01 Tc 95m(n,g    ) Tc 96m 1.342E+00+-7.8E+01
  Tc 95m(n,p    ) Mo 95  3.470E-02+-5.0E+01 Tc 95m(n,d    ) Mo 94  1.006E-07+-1.0E+02 Tc 95m(n,t    ) Mo 93  7.418E-12+-8.5E+01 Tc 95m(n,t    ) Mo 93m 1.501E-12+-3.5E+01
  Tc 95m(n,a    ) Nb 92  7.397E-05+-8.5E+01 Tc 95m(n,a    ) Nb 92m 3.644E-04+-8.5E+01 Tc 95m(n,pa   ) Zr 91  3.288E-10+-2.0E+02 Tc 96 (n,n    ) Tc 96m 1.068E-01+-1.0E+02
  Tc 96 (n,2n   ) Tc 95  4.213E-04+-7.2E+01 Tc 96 (n,2n   ) Tc 95m 1.529E-05+-7.2E+01 Tc 96 (n,na   ) Nb 92  6.743E-07+-1.2E+02 Tc 96 (n,na   ) Nb 92m 5.702E-08+-1.2E+02
  Tc 96 (n,np   ) Mo 95  1.008E-06+-1.0E+02 Tc 96 (n,g    ) Tc 97  5.650E+00+-7.8E+01 Tc 96 (n,g    ) Tc 97m 5.649E+00+-7.8E+01 Tc 96 (n,p    ) Mo 96  2.005E-03+-5.0E+01
  Tc 96 (n,d    ) Mo 95  5.033E-07+-1.0E+02 Tc 96 (n,t    ) Mo 94  7.009E-09+-6.0E+01 Tc 96 (n,a    ) Nb 93  1.849E-03+-8.5E+01 Tc 96 (n,a    ) Nb 93m 2.288E-04+-8.5E+01
  Tc 96 (n,2a   ) Y  89  1.184E-11+-2.1E+02 Tc 96 (n,2a   ) Y  89m 3.220E-12+-2.1E+02 Tc 96 (n,pa   ) Zr 92  1.047E-10+-2.0E+02 Tc 97 (n,n    ) Tc 97m 4.504E-02+-1.0E+02
  Tc 97 (n,2n   ) Tc 96  1.527E-05+-7.2E+01 Tc 97 (n,2n   ) Tc 96m 4.056E-06+-7.2E+01 Tc 97 (n,na   ) Nb 93  7.847E-08+-1.2E+02 Tc 97 (n,na   ) Nb 93m 1.224E-08+-1.2E+02
  Tc 97 (n,np   ) Mo 96  1.805E-06+-1.0E+02 Tc 97 (n,g    ) Tc 98  6.768E+00+-2.1E+02 Tc 97 (n,p    ) Mo 97  2.345E-04+-5.0E+01 Tc 97 (n,d    ) Mo 96  3.269E-07+-1.0E+02
  Tc 97 (n,t    ) Mo 95  1.251E-12+-6.0E+01 Tc 97 (n,a    ) Nb 94  8.072E-06+-8.5E+01 Tc 97 (n,a    ) Nb 94m 2.486E-05+-8.5E+01 Tc 97m(n,n    ) Tc 97  4.233E-01+-1.0E+02
  Tc 97m(n,2n   ) Tc 96  1.941E-05+-7.2E+01 Tc 97m(n,2n   ) Tc 96m 1.123E-05+-7.2E+01 Tc 97m(n,na   ) Nb 93  4.723E-08+-1.2E+02 Tc 97m(n,na   ) Nb 93m 1.583E-08+-1.2E+02
  Tc 97m(n,np   ) Mo 96  3.485E-06+-1.0E+02 Tc 97m(n,g    ) Tc 98  6.768E+00+-2.1E+02 Tc 97m(n,p    ) Mo 97  3.950E-04+-5.0E+01 Tc 97m(n,d    ) Mo 96  1.928E-08+-1.0E+02
  Tc 97m(n,t    ) Mo 95  1.116E-12+-6.0E+01 Tc 97m(n,a    ) Nb 94  4.959E-06+-8.5E+01 Tc 97m(n,a    ) Nb 94m 2.934E-05+-8.5E+01 Tc 98 (n,2n   ) Tc 97  1.220E-03+-7.2E+01
  Tc 98 (n,2n   ) Tc 97m 5.901E-05+-7.2E+01 Tc 98 (n,na   ) Nb 94  7.412E-09+-1.2E+02 Tc 98 (n,na   ) Nb 94m 2.294E-09+-1.2E+02 Tc 98 (n,np   ) Mo 97  1.508E-08+-1.0E+02
  Tc 98 (n,g    ) Tc 99  6.371E+00+-7.8E+01 Tc 98 (n,g    ) Tc 99m 6.370E+00+-7.8E+01 Tc 98 (n,p    ) Mo 98  3.277E-04+-5.0E+01 Tc 98 (n,d    ) Mo 97  1.008E-07+-1.0E+02
  Tc 98 (n,t    ) Mo 96  3.931E-09+-6.0E+01 Tc 98 (n,a    ) Nb 95  3.660E-05+-8.5E+01 Tc 98 (n,a    ) Nb 95m 1.187E-05+-8.5E+01 Tc 99 (n,n    ) Tc 99m 7.897E-02+-1.5E+01
  Tc 99 (n,2n   ) Tc 98  5.648E-05+-2.0E+01 Tc 99 (n,na   ) Nb 95  1.636E-09+-6.7E+01 Tc 99 (n,na   ) Nb 95m 9.032E-11+-6.7E+01 Tc 99 (n,np   ) Mo 98  8.752E-09+-1.0E+02
  Tc 99 (n,g    ) Tc100  8.475E+00+-2.0E+01 Tc 99 (n,p    ) Mo 99  1.837E-05+-2.0E+01 Tc 99 (n,d    ) Mo 98  4.765E-08+-1.0E+02 Tc 99 (n,a    ) Nb 96  8.303E-07+-1.0E+01
  Tc 99m(n,2n   ) Tc 98  1.684E-04+-4.0E+01 Tc 99m(n,na   ) Nb 95  1.341E-09+-1.2E+02 Tc 99m(n,na   ) Nb 95m 1.663E-10+-1.2E+02 Tc 99m(n,np   ) Mo 98  2.164E-08+-1.0E+02
  Tc 99m(n,g    ) Tc100  6.048E+00+-2.6E+02 Tc 99m(n,p    ) Mo 99  2.215E-05+-5.0E+01 Tc 99m(n,d    ) Mo 98  1.209E-09+-1.0E+02 Tc 99m(n,a    ) Nb 96  3.037E-06+-6.0E+01
  Ru 96 (n,na   ) Mo 92  1.920E-06+-1.0E+02 Ru 96 (n,np   ) Tc 95  3.729E-07+-1.2E+02 Ru 96 (n,np   ) Tc 95m 9.527E-08+-1.2E+02 Ru 96 (n,g    ) Ru 97  2.962E-01+-2.5E+01
  Ru 96 (n,p    ) Tc 96  1.274E-03+-6.7E+01 Ru 96 (n,p    ) Tc 96m 3.531E-03+-6.7E+01 Ru 96 (n,d    ) Tc 95  5.435E-09+-1.2E+02 Ru 96 (n,d    ) Tc 95m 3.003E-09+-1.2E+02
  Ru 96 (n,a    ) Mo 93  5.551E-04+-8.5E+01 Ru 96 (n,a    ) Mo 93m 7.882E-06+-8.5E+01 Ru 96 (n,2p   ) Mo 95  5.017E-10+-2.0E+02 Ru 96 (n,pa   ) Nb 92  1.132E-11+-2.1E+02
  Ru 96 (n,pa   ) Nb 92m 8.457E-12+-2.1E+02 Ru 97 (n,2n   ) Ru 96  1.987E-04+-4.0E+01 Ru 97 (n,na   ) Mo 93  1.461E-06+-1.2E+02 Ru 97 (n,na   ) Mo 93m 1.445E-07+-1.2E+02
  Ru 97 (n,np   ) Tc 96  5.178E-08+-1.2E+02 Ru 97 (n,np   ) Tc 96m 6.606E-09+-1.2E+02 Ru 97 (n,g    ) Ru 98  3.545E+00+-3.8E+02 Ru 97 (n,p    ) Tc 97  4.458E-03+-7.8E+01
  Ru 97 (n,p    ) Tc 97m 2.223E-03+-7.8E+01 Ru 97 (n,d    ) Tc 96  1.864E-09+-1.2E+02 Ru 97 (n,d    ) Tc 96m 1.176E-09+-1.2E+02 Ru 97 (n,a    ) Mo 94  1.385E-02+-6.0E+01
  Ru 97 (n,2a   ) Zr 90  5.950E-10+-2.1E+02 Ru 97 (n,2a   ) Zr 90m 1.125E-12+-2.1E+02 Ru 97 (n,2p   ) Mo 96  2.804E-09+-2.0E+02 Ru 97 (n,pa   ) Nb 93  4.686E-11+-2.1E+02
  Ru 97 (n,pa   ) Nb 93m 1.038E-11+-2.1E+02 Ru 98 (n,na   ) Mo 94  1.842E-07+-1.0E+02 Ru 98 (n,np   ) Tc 97  5.792E-11+-1.2E+02 Ru 98 (n,np   ) Tc 97m 6.812E-12+-1.2E+02
  Ru 98 (n,g    ) Ru 99  8.575E-01+-4.4E+01 Ru 98 (n,p    ) Tc 98  2.237E-04+-5.0E+01 Ru 98 (n,d    ) Tc 97  1.247E-10+-1.2E+02 Ru 98 (n,d    ) Tc 97m 6.374E-11+-1.2E+02
  Ru 98 (n,a    ) Mo 95  8.238E-05+-6.0E+01 Ru 99 (n,2n   ) Ru 98  5.791E-04+-4.0E+01 Ru 99 (n,na   ) Mo 95  2.920E-08+-1.0E+02 Ru 99 (n,g    ) Ru100  5.102E+00+-1.9E+01
  Ru 99 (n,p    ) Tc 99  2.462E-04+-5.0E+01 Ru 99 (n,p    ) Tc 99m 6.717E-05+-5.0E+01 Ru 99 (n,d    ) Tc 98  6.343E-11+-1.0E+02 Ru 99 (n,a    ) Mo 96  5.551E-04+-7.4E+01
  Ru100 (n,2n   ) Ru 99  2.809E-06+-4.0E+01 Ru100 (n,na   ) Mo 96  1.007E-08+-1.0E+02 Ru100 (n,g    ) Ru101  7.512E-01+-1.5E+01 Ru100 (n,p    ) Tc100  7.368E-06+-3.0E+01
  Ru100 (n,d    ) Tc 99  1.033E-12+-1.2E+02 Ru100 (n,a    ) Mo 97  9.291E-06+-6.0E+01 Ru101 (n,2n   ) Ru100  1.281E-03+-4.0E+01 Ru101 (n,na   ) Mo 97  4.156E-10+-1.0E+02
  Ru101 (n,g    ) Ru102  3.501E+00+-3.7E+01 Ru101 (n,p    ) Tc101  7.987E-06+-2.0E+01 Ru101 (n,a    ) Mo 98  8.830E-06+-5.9E+01 Ru102 (n,2n   ) Ru101  6.004E-05+-4.0E+01
  Ru102 (n,na   ) Mo 98  5.079E-10+-1.0E+02 Ru102 (n,g    ) Ru103  2.805E-01+-2.1E+01 Ru102 (n,p    ) Tc102  1.808E-07+-7.8E+01 Ru102 (n,p    ) Tc102m 1.871E-07+-2.0E+01
  Ru102 (n,a    ) Mo 99  9.245E-07+-2.0E+01 Ru103 (n,2n   ) Ru102  2.932E-03+-2.0E+01 Ru103 (n,na   ) Mo 99  5.507E-12+-1.0E+02 Ru103 (n,g    ) Ru104  1.479E+00+-4.6E+02
  Ru103 (n,p    ) Tc103  2.799E-06+-5.0E+01 Ru103 (n,a    ) Mo100  1.526E-06+-6.0E+01 Ru104 (n,2n   ) Ru103  1.252E-04+-1.0E+01 Ru104 (n,g    ) Ru105  2.680E-01+-2.8E+01
  Ru104 (n,p    ) Tc104  4.203E-08+-2.0E+01 Ru104 (n,a    ) Mo101  6.764E-08+-2.0E+01 Ru105 (n,2n   ) Ru104  4.687E-03+-4.0E+01 Ru105 (n,g    ) Ru106  2.971E-01+-7.7E+01
  Ru105 (n,p    ) Tc105  5.483E-07+-5.0E+01 Ru105 (n,a    ) Mo102  2.298E-07+-6.0E+01 Ru106 (n,2n   ) Ru105  4.138E-04+-4.0E+01 Ru106 (n,g    ) Ru107  9.038E-02+-2.5E+01
  Ru106 (n,p    ) Tc106  8.571E-10+-5.0E+01 Ru106 (n,a    ) Mo103  7.256E-09+-2.0E+01 Rh 99 (n,n    ) Rh 99m 2.464E-01+-1.0E+02 Rh 99 (n,na   ) Tc 95  5.329E-07+-1.2E+02
  Rh 99 (n,na   ) Tc 95m 1.050E-07+-1.2E+02 Rh 99 (n,np   ) Ru 98  2.275E-04+-1.0E+02 Rh 99 (n,g    ) Rh100  6.424E+00+-7.8E+01 Rh 99 (n,g    ) Rh100m 1.411E+00+-7.8E+01
  Rh 99 (n,p    ) Ru 99  2.592E-01+-5.0E+01 Rh 99 (n,d    ) Ru 98  1.379E-06+-1.0E+02 Rh 99 (n,t    ) Ru 97  1.764E-12+-6.0E+01 Rh 99 (n,a    ) Tc 96  1.668E-04+-8.5E+01
  Rh 99 (n,a    ) Tc 96m 5.121E-04+-8.5E+01 Rh 99 (n,2a   ) Nb 92  1.963E-12+-2.1E+02 Rh 99 (n,2a   ) Nb 92m 1.363E-12+-2.1E+02 Rh 99 (n,pa   ) Mo 95  2.781E-10+-2.0E+02
  Rh 99m(n,n    ) Rh 99  1.221E-01+-1.0E+02 Rh 99m(n,na   ) Tc 95  1.567E-06+-1.2E+02 Rh 99m(n,na   ) Tc 95m 1.563E-07+-1.2E+02 Rh 99m(n,np   ) Ru 98  1.850E-04+-1.0E+02
  Rh 99m(n,g    ) Rh100  6.424E+00+-7.8E+01 Rh 99m(n,g    ) Rh100m 1.411E+00+-7.8E+01 Rh 99m(n,p    ) Ru 99  1.253E-01+-5.0E+01 Rh 99m(n,d    ) Ru 98  1.046E-07+-1.0E+02
  Rh 99m(n,a    ) Tc 96  3.471E-04+-8.5E+01 Rh 99m(n,a    ) Tc 96m 9.381E-04+-8.5E+01 Rh 99m(n,2a   ) Nb 92  1.401E-11+-2.1E+02 Rh 99m(n,2a   ) Nb 92m 3.053E-12+-2.1E+02
  Rh 99m(n,pa   ) Mo 95  6.277E-10+-2.0E+02 Rh100 (n,n    ) Rh100m 2.686E-02+-1.0E+02 Rh100 (n,2n   ) Rh 99  1.704E-04+-7.2E+01 Rh100 (n,2n   ) Rh 99m 4.222E-04+-7.2E+01
  Rh100 (n,na   ) Tc 96  4.407E-08+-1.2E+02 Rh100 (n,na   ) Tc 96m 2.271E-08+-1.2E+02 Rh100 (n,np   ) Ru 99  1.700E-05+-1.0E+02 Rh100 (n,g    ) Rh101  1.697E+01+-7.8E+01
  Rh100 (n,g    ) Rh101m 5.658E+00+-7.8E+01 Rh100 (n,p    ) Ru100  4.051E+00+-5.0E+01 Rh100 (n,d    ) Ru 99  4.679E-07+-1.0E+02 Rh100 (n,t    ) Ru 98  5.433E-09+-6.0E+01
  Rh100 (n,a    ) Tc 97  2.515E-03+-8.5E+01 Rh100 (n,a    ) Tc 97m 3.620E-03+-8.5E+01 Rh100 (n,2a   ) Nb 93  7.455E-12+-2.1E+02 Rh100 (n,2a   ) Nb 93m 2.196E-12+-2.1E+02
  Rh100 (n,pa   ) Mo 96  1.269E-09+-2.0E+02 Rh101 (n,n    ) Rh101m 2.566E-01+-1.0E+02 Rh101 (n,2n   ) Rh100  8.986E-11+-7.2E+01 Rh101 (n,na   ) Tc 97  3.154E-08+-1.2E+02
  Rh101 (n,na   ) Tc 97m 6.272E-09+-1.2E+02 Rh101 (n,np   ) Ru100  1.394E-05+-1.0E+02 Rh101 (n,g    ) Rh102  1.943E+00+-7.8E+01 Rh101 (n,g    ) Rh102m 7.765E+00+-7.8E+01
  Rh101 (n,p    ) Ru101  1.233E-03+-5.0E+01 Rh101 (n,d    ) Ru100  2.280E-07+-1.0E+02 Rh101 (n,a    ) Tc 98  3.546E-05+-6.0E+01 Rh101m(n,n    ) Rh101  2.297E-01+-1.0E+02
  Rh101m(n,2n   ) Rh100  1.187E-07+-7.2E+01 Rh101m(n,2n   ) Rh100m 2.361E-07+-7.2E+01 Rh101m(n,na   ) Tc 97  1.112E-07+-1.2E+02 Rh101m(n,na   ) Tc 97m 1.267E-08+-1.2E+02
  Rh101m(n,np   ) Ru100  1.692E-05+-1.0E+02 Rh101m(n,g    ) Rh102  1.943E+00+-7.8E+01 Rh101m(n,g    ) Rh102m 7.765E+00+-7.8E+01 Rh101m(n,p    ) Ru101  9.789E-04+-5.0E+01
  Rh101m(n,d    ) Ru100  1.660E-08+-1.0E+02 Rh101m(n,a    ) Tc 98  4.119E-05+-6.0E+01 Rh102 (n,n    ) Rh102m 6.543E-02+-1.0E+02 Rh102 (n,2n   ) Rh101  4.604E-04+-7.2E+01
  Rh102 (n,2n   ) Rh101m 8.072E-04+-7.2E+01 Rh102 (n,na   ) Tc 98  1.035E-09+-1.0E+02 Rh102 (n,np   ) Ru101  8.198E-08+-1.0E+02 Rh102 (n,g    ) Rh103  1.399E+01+-7.8E+01
  Rh102 (n,g    ) Rh103m 1.344E+01+-7.8E+01 Rh102 (n,p    ) Ru102  8.648E-02+-5.0E+01 Rh102 (n,d    ) Ru101  8.061E-08+-1.0E+02 Rh102 (n,t    ) Ru100  3.483E-09+-6.0E+01
  Rh102 (n,a    ) Tc 99  9.005E-05+-8.5E+01 Rh102 (n,a    ) Tc 99m 7.957E-05+-8.5E+01 Rh102m(n,n    ) Rh102  2.001E-01+-1.0E+02 Rh102m(n,2n   ) Rh101  1.565E-04+-7.2E+01
  Rh102m(n,2n   ) Rh101m 1.001E-03+-7.2E+01 Rh102m(n,na   ) Tc 98  4.321E-09+-1.0E+02 Rh102m(n,np   ) Ru101  7.397E-08+-1.0E+02 Rh102m(n,g    ) Rh103  1.399E+01+-7.8E+01
  Rh102m(n,g    ) Rh103m 1.344E+01+-7.8E+01 Rh102m(n,p    ) Ru102  5.442E-04+-5.0E+01 Rh102m(n,d    ) Ru101  6.998E-08+-1.0E+02 Rh102m(n,t    ) Ru100  4.870E-11+-6.0E+01
  Rh102m(n,a    ) Tc 99  1.722E-04+-8.5E+01 Rh102m(n,a    ) Tc 99m 2.090E-05+-8.5E+01 Rh103 (n,n    ) Rh103m 2.702E-01+-1.0E+01 Rh103 (n,2n   ) Rh102  2.299E-05+-3.0E+01
  Rh103 (n,2n   ) Rh102m 7.484E-06+-3.0E+01 Rh103 (n,na   ) Tc 99  8.508E-10+-6.0E+01 Rh103 (n,na   ) Tc 99m 1.436E-10+-2.0E+01 Rh103 (n,np   ) Ru102  1.461E-07+-1.0E+02
  Rh103 (n,g    ) Rh104  3.436E+01+-1.8E+01 Rh103 (n,g    ) Rh104m 2.822E+00+-1.0E+01 Rh103 (n,p    ) Ru103  1.062E-04+-2.0E+01 Rh103 (n,d    ) Ru102  6.984E-08+-1.0E+02
  Rh103 (n,t    ) Ru101  4.616E-08+-4.0E+01 Rh103 (n,a    ) Tc100  3.256E-06+-3.0E+01 Rh105 (n,n    ) Rh105m 1.773E-01+-1.0E+02 Rh105 (n,2n   ) Rh104  3.296E-05+-7.2E+01
  Rh105 (n,2n   ) Rh104m 4.241E-05+-7.2E+01 Rh105 (n,na   ) Tc101  8.345E-12+-1.0E+02 Rh105 (n,np   ) Ru104  1.742E-10+-1.0E+02 Rh105 (n,g    ) Rh106  4.589E+02+-4.6E+01
  Rh105 (n,g    ) Rh106m 3.863E+02+-2.1E+01 Rh105 (n,p    ) Ru105  7.440E-06+-5.0E+01 Rh105 (n,d    ) Ru104  5.967E-09+-1.0E+02 Rh105 (n,a    ) Tc102  1.191E-07+-8.5E+01
  Rh105 (n,a    ) Tc102m 1.290E-07+-8.5E+01 Pd100 (n,na   ) Ru 96  1.431E-06+-1.0E+02 Pd100 (n,np   ) Rh 99  9.181E-07+-1.2E+02 Pd100 (n,np   ) Rh 99m 1.803E-06+-1.2E+02
  Pd100 (n,g    ) Pd101  1.640E+00+-7.6E+02 Pd100 (n,p    ) Rh100  5.707E-03+-7.8E+01 Pd100 (n,p    ) Rh100m 6.183E-03+-7.8E+01 Pd100 (n,d    ) Rh 99  7.156E-09+-1.2E+02
  Pd100 (n,d    ) Rh 99m 1.121E-08+-1.2E+02 Pd100 (n,a    ) Ru 97  1.552E-03+-6.0E+01 Pd100 (n,2a   ) Mo 93  5.821E-11+-2.1E+02 Pd100 (n,2a   ) Mo 93m 5.757E-12+-2.1E+02
  Pd100 (n,2p   ) Ru 99  7.381E-09+-2.0E+02 Pd100 (n,pa   ) Tc 96  1.314E-11+-2.1E+02 Pd100 (n,pa   ) Tc 96m 6.771E-12+-2.1E+02 Pd101 (n,2n   ) Pd100  1.324E-04+-4.0E+01
  Pd101 (n,na   ) Ru 97  6.408E-07+-1.0E+02 Pd101 (n,np   ) Rh100  3.084E-08+-1.2E+02 Pd101 (n,np   ) Rh100m 5.032E-08+-1.2E+02 Pd101 (n,g    ) Pd102  7.428E+00+-2.8E+02
  Pd101 (n,p    ) Rh101  4.412E-02+-7.8E+01 Pd101 (n,p    ) Rh101m 2.501E-02+-7.8E+01 Pd101 (n,d    ) Rh100  3.088E-09+-1.2E+02 Pd101 (n,d    ) Rh100m 3.346E-09+-1.2E+02
  Pd101 (n,a    ) Ru 98  2.471E-02+-6.0E+01 Pd101 (n,2a   ) Mo 94  1.959E-10+-2.0E+02 Pd101 (n,2p   ) Ru100  6.798E-08+-2.0E+02 Pd101 (n,pa   ) Tc 97  1.571E-10+-2.1E+02
  Pd101 (n,pa   ) Tc 97m 2.308E-11+-2.1E+02 Pd102 (n,na   ) Ru 98  1.266E-07+-1.0E+02 Pd102 (n,np   ) Rh101  1.203E-09+-1.2E+02 Pd102 (n,np   ) Rh101m 1.186E-09+-1.2E+02
  Pd102 (n,g    ) Pd103  6.094E-01+-2.7E+01 Pd102 (n,p    ) Rh102  5.901E-04+-3.0E+01 Pd102 (n,p    ) Rh102m 9.379E-05+-3.0E+01 Pd102 (n,d    ) Rh101  3.458E-10+-1.2E+02
  Pd102 (n,d    ) Rh101m 3.815E-10+-1.2E+02 Pd102 (n,a    ) Ru 99  1.141E-04+-5.9E+01 Pd103 (n,2n   ) Pd102  4.609E-04+-4.0E+01 Pd103 (n,na   ) Ru 99  1.947E-08+-1.0E+02
  Pd103 (n,np   ) Rh102  2.599E-11+-1.2E+02 Pd103 (n,np   ) Rh102m 1.213E-11+-1.2E+02 Pd103 (n,g    ) Pd104  1.024E+01+-2.5E+02 Pd103 (n,p    ) Rh103  2.886E-04+-7.8E+01
  Pd103 (n,p    ) Rh103m 3.323E-04+-7.8E+01 Pd103 (n,d    ) Rh102  1.667E-10+-1.2E+02 Pd103 (n,d    ) Rh102m 6.211E-11+-1.2E+02 Pd103 (n,a    ) Ru100  1.131E-03+-6.0E+01
  Pd103 (n,2p   ) Ru102  4.028E-12+-2.0E+02 Pd104 (n,na   ) Ru100  9.885E-09+-1.0E+02 Pd104 (n,g    ) Pd105  5.374E-01+-1.7E+01 Pd104 (n,p    ) Rh104  2.804E-05+-3.0E+01
  Pd104 (n,p    ) Rh104m 1.951E-05+-3.0E+01 Pd104 (n,d    ) Rh103  6.011E-12+-1.2E+02 Pd104 (n,d    ) Rh103m 8.702E-12+-1.2E+02 Pd104 (n,a    ) Ru101  2.018E-05+-6.0E+01
  Pd105 (n,2n   ) Pd104  9.158E-04+-4.0E+01 Pd105 (n,na   ) Ru101  4.890E-10+-1.0E+02 Pd105 (n,g    ) Pd106  4.370E+00+-4.6E+01 Pd105 (n,p    ) Rh105  3.303E-05+-3.0E+01
  Pd105 (n,p    ) Rh105m 1.969E-05+-5.0E+01 Pd105 (n,d    ) Rh104  5.200E-12+-1.2E+02 Pd105 (n,d    ) Rh104m 3.083E-12+-1.2E+02 Pd105 (n,a    ) Ru102  7.140E-06+-3.0E+01
  Pd106 (n,2n   ) Pd105  6.385E-06+-4.0E+01 Pd106 (n,na   ) Ru102  2.824E-10+-1.0E+02 Pd106 (n,g    ) Pd107  2.429E-01+-8.8E+00 Pd106 (n,g    ) Pd107m 1.213E-02+-2.4E+01
  Pd106 (n,p    ) Rh106  8.711E-06+-3.0E+01 Pd106 (n,p    ) Rh106m 4.907E-06+-2.0E+01 Pd106 (n,a    ) Ru103  1.677E-06+-2.0E+01 Pd107 (n,n    ) Pd107m 6.601E-02+-1.0E+02
  Pd107 (n,2n   ) Pd106  2.041E-03+-4.0E+01 Pd107 (n,na   ) Ru103  1.307E-11+-1.0E+02 Pd107 (n,g    ) Pd108  3.425E+00+-1.5E+01 Pd107 (n,p    ) Rh107  9.756E-06+-5.0E+01
  Pd107 (n,a    ) Ru104  2.959E-06+-2.9E+01 Pd108 (n,2n   ) Pd107  4.352E-05+-4.0E+01 Pd108 (n,2n   ) Pd107m 9.904E-06+-2.0E+01 Pd108 (n,na   ) Ru104  8.583E-12+-1.0E+02
  Pd108 (n,g    ) Pd109  5.052E+00+-2.6E+01 Pd108 (n,g    ) Pd109m 1.133E-01+-8.0E+01 Pd108 (n,p    ) Rh108  5.016E-08+-3.0E+01 Pd108 (n,p    ) Rh108m 6.616E-08+-3.0E+01
  Pd108 (n,a    ) Ru105  2.268E-07+-3.0E+01 Pd109 (n,n    ) Pd109m 1.491E-01+-1.0E+02 Pd109 (n,2n   ) Pd108  2.957E-03+-4.0E+01 Pd109 (n,g    ) Pd110  4.549E+00+-3.3E+02
  Pd109 (n,p    ) Rh109  1.582E-06+-5.0E+01 Pd109 (n,a    ) Ru106  5.340E-07+-6.0E+01 Pd110 (n,2n   ) Pd109  1.370E-04+-3.0E+01 Pd110 (n,2n   ) Pd109m 2.525E-05+-2.0E+01
  Pd110 (n,g    ) Pd111  9.265E-02+-1.8E+01 Pd110 (n,g    ) Pd111m 1.635E-02+-4.3E+01 Pd110 (n,p    ) Rh110  1.829E-08+-7.8E+01 Pd110 (n,p    ) Rh110m 8.219E-09+-7.8E+01
  Pd110 (n,a    ) Ru107  3.399E-08+-3.0E+01 Pd112 (n,2n   ) Pd111  3.899E-04+-7.2E+01 Pd112 (n,2n   ) Pd111m 7.364E-05+-7.2E+01 Pd112 (n,g    ) Pd113  5.676E-01+-7.8E+01
  Pd112 (n,g    ) Pd113m 9.117E-03+-7.8E+01 Pd112 (n,p    ) Rh112  9.808E-11+-7.8E+01 Pd112 (n,p    ) Rh112m 1.063E-10+-7.8E+01 Pd112 (n,a    ) Ru109  4.410E-09+-6.0E+01
  Ag105 (n,n    ) Ag105m 2.468E-01+-1.0E+02 Ag105 (n,na   ) Rh101  3.447E-08+-1.2E+02 Ag105 (n,na   ) Rh101m 5.363E-08+-1.2E+02 Ag105 (n,np   ) Pd104  4.545E-05+-1.0E+02
  Ag105 (n,g    ) Ag106  2.040E+01+-7.8E+01 Ag105 (n,g    ) Ag106m 2.168E+00+-7.8E+01 Ag105 (n,p    ) Pd105  6.206E-03+-5.0E+01 Ag105 (n,d    ) Pd104  4.869E-07+-1.0E+02
  Ag105 (n,a    ) Rh102  7.430E-05+-8.5E+01 Ag105 (n,a    ) Rh102m 2.108E-05+-8.5E+01 Ag106m(n,n    ) Ag106  2.294E-01+-1.0E+02 Ag106m(n,2n   ) Ag105  4.229E-05+-7.2E+01
  Ag106m(n,2n   ) Ag105m 5.335E-04+-7.2E+01 Ag106m(n,na   ) Rh102  1.125E-09+-1.2E+02 Ag106m(n,na   ) Rh102m 2.293E-09+-1.2E+02 Ag106m(n,np   ) Pd105  2.347E-07+-1.0E+02
  Ag106m(n,g    ) Ag107  1.631E+01+-7.8E+01 Ag106m(n,g    ) Ag107m 1.567E+01+-7.8E+01 Ag106m(n,p    ) Pd106  2.486E-03+-5.0E+01 Ag106m(n,d    ) Pd105  7.365E-08+-1.0E+02
  Ag106m(n,t    ) Pd104  1.502E-11+-6.0E+01 Ag106m(n,a    ) Rh103  9.576E-05+-8.5E+01 Ag106m(n,a    ) Rh103m 1.824E-04+-8.5E+01 Ag106m(n,pa   ) Ru102  1.885E-12+-2.0E+02
  Ag107 (n,n    ) Ag107m 1.795E-01+-3.0E+01 Ag107 (n,2n   ) Ag106  3.517E-06+-3.0E+01 Ag107 (n,2n   ) Ag106m 1.318E-06+-2.0E+01 Ag107 (n,na   ) Rh103  4.981E-10+-1.2E+02
  Ag107 (n,na   ) Rh103m 1.335E-09+-1.2E+02 Ag107 (n,np   ) Pd106  8.402E-07+-1.0E+02 Ag107 (n,g    ) Ag108  5.657E+00+-7.0E+00 Ag107 (n,g    ) Ag108m 6.087E-02+-1.4E+01
  Ag107 (n,p    ) Pd107  2.520E-04+-6.0E+01 Ag107 (n,p    ) Pd107m 1.603E-05+-2.0E+01 Ag107 (n,d    ) Pd106  1.284E-07+-1.0E+02 Ag107 (n,a    ) Rh104  5.759E-06+-6.0E+01
  Ag107 (n,a    ) Rh104m 2.214E-06+-6.0E+01 Ag108m(n,n    ) Ag108  1.638E-01+-1.0E+02 Ag108m(n,2n   ) Ag107  1.415E-04+-7.2E+01 Ag108m(n,2n   ) Ag107m 1.192E-03+-7.2E+01
  Ag108m(n,na   ) Rh104  2.109E-11+-1.2E+02 Ag108m(n,na   ) Rh104m 7.261E-11+-1.2E+02 Ag108m(n,np   ) Pd107  3.531E-09+-1.2E+02 Ag108m(n,np   ) Pd107m 3.458E-09+-1.2E+02
  Ag108m(n,g    ) Ag109  1.649E+01+-7.8E+01 Ag108m(n,g    ) Ag109m 1.584E+01+-7.8E+01 Ag108m(n,p    ) Pd108  1.035E-04+-5.0E+01 Ag108m(n,d    ) Pd107  9.305E-09+-1.2E+02
  Ag108m(n,d    ) Pd107m 8.027E-09+-1.2E+02 Ag108m(n,t    ) Pd106  2.036E-11+-6.0E+01 Ag108m(n,a    ) Rh105  9.644E-06+-8.5E+01 Ag108m(n,a    ) Rh105m 2.229E-06+-8.5E+01
  Ag109 (n,n    ) Ag109m 2.373E-01+-3.0E+01 Ag109 (n,2n   ) Ag108  3.054E-05+-3.0E+01 Ag109 (n,2n   ) Ag108m 1.189E-05+-2.0E+01 Ag109 (n,na   ) Rh105  6.709E-11+-1.2E+02
  Ag109 (n,na   ) Rh105m 1.495E-11+-1.2E+02 Ag109 (n,np   ) Pd108  1.324E-08+-1.0E+02 Ag109 (n,g    ) Ag110  3.734E+01+-8.3E+01 Ag109 (n,g    ) Ag110m 1.803E+00+-8.3E+01
  Ag109 (n,p    ) Pd109  2.853E-05+-3.0E+01 Ag109 (n,p    ) Pd109m 3.719E-06+-3.0E+01 Ag109 (n,d    ) Pd108  1.342E-08+-1.0E+02 Ag109 (n,a    ) Rh106  1.969E-07+-4.0E+01
  Ag109 (n,a    ) Rh106m 1.805E-07+-3.0E+01 Ag110m(n,n    ) Ag110  2.699E-01+-1.0E+02 Ag110m(n,2n   ) Ag109  3.542E-04+-7.2E+01 Ag110m(n,2n   ) Ag109m 2.131E-03+-7.2E+01
  Ag110m(n,na   ) Rh106m 3.665E-12+-1.2E+02 Ag110m(n,np   ) Pd109  1.018E-10+-1.2E+02 Ag110m(n,np   ) Pd109m 8.649E-11+-1.2E+02 Ag110m(n,g    ) Ag111  3.220E+00+-7.8E+01
  Ag110m(n,g    ) Ag111m 3.648E+00+-7.8E+01 Ag110m(n,p    ) Pd110  2.279E-05+-5.0E+01 Ag110m(n,d    ) Pd109  1.596E-09+-1.2E+02 Ag110m(n,d    ) Pd109m 1.257E-09+-1.2E+02
  Ag110m(n,t    ) Pd108  1.839E-11+-6.0E+01 Ag110m(n,a    ) Rh107  1.378E-06+-6.0E+01 Ag111 (n,n    ) Ag111m 2.363E-01+-1.0E+02 Ag111 (n,2n   ) Ag110  1.123E-04+-7.2E+01
  Ag111 (n,2n   ) Ag110m 2.925E-05+-7.2E+01 Ag111 (n,na   ) Rh107  2.541E-12+-1.0E+02 Ag111 (n,np   ) Pd110  5.071E-11+-1.0E+02 Ag111 (n,g    ) Ag112  2.481E+00+-3.2E+01
  Ag111 (n,p    ) Pd111  2.321E-06+-7.8E+01 Ag111 (n,p    ) Pd111m 6.808E-07+-7.8E+01 Ag111 (n,d    ) Pd110  2.798E-09+-1.0E+02 Ag111 (n,a    ) Rh108  5.395E-08+-8.5E+01
  Ag111 (n,a    ) Rh108m 5.845E-08+-8.5E+01 Cd106 (n,na   ) Pd102  1.382E-07+-1.0E+02 Cd106 (n,np   ) Ag105  7.409E-09+-1.2E+02 Cd106 (n,np   ) Ag105m 2.416E-08+-1.2E+02
  Cd106 (n,g    ) Cd107  3.519E-01+-3.9E+01 Cd106 (n,p    ) Ag106  1.599E-03+-7.8E+01 Cd106 (n,p    ) Ag106m 3.302E-04+-7.8E+01 Cd106 (n,d    ) Ag105  7.550E-10+-1.2E+02
  Cd106 (n,d    ) Ag105m 1.131E-09+-1.2E+02 Cd106 (n,t    ) Ag104  5.191E-10+-4.0E+01 Cd106 (n,t    ) Ag104m 1.028E-09+-4.0E+01 Cd106 (n,a    ) Pd103  3.055E-04+-5.0E+01
  Cd107 (n,2n   ) Cd106  2.387E-04+-4.0E+01 Cd107 (n,na   ) Pd103  4.629E-08+-1.0E+02 Cd107 (n,np   ) Ag106  1.025E-09+-1.2E+02 Cd107 (n,np   ) Ag106m 2.126E-09+-1.2E+02
  Cd107 (n,g    ) Cd108  6.253E+00+-2.8E+02 Cd107 (n,p    ) Ag107  1.060E-03+-7.8E+01 Cd107 (n,p    ) Ag107m 1.044E-03+-7.8E+01 Cd107 (n,d    ) Ag106  1.059E-09+-1.2E+02
  Cd107 (n,d    ) Ag106m 5.410E-10+-1.2E+02 Cd107 (n,a    ) Pd104  2.571E-03+-6.0E+01 Cd107 (n,2a   ) Ru100  1.140E-12+-2.0E+02 Cd107 (n,2p   ) Pd106  3.296E-10+-2.0E+02
  Cd108 (n,na   ) Pd104  1.004E-08+-1.0E+02 Cd108 (n,np   ) Ag107  5.784E-12+-1.2E+02 Cd108 (n,np   ) Ag107m 8.131E-12+-1.2E+02 Cd108 (n,g    ) Cd109  8.951E-01+-8.6E+01
  Cd108 (n,p    ) Ag108  1.348E-04+-3.0E+01 Cd108 (n,p    ) Ag108m 8.829E-06+-3.0E+01 Cd108 (n,d    ) Ag107  4.421E-11+-1.2E+02 Cd108 (n,d    ) Ag107m 4.513E-11+-1.2E+02
  Cd108 (n,a    ) Pd105  1.227E-05+-3.0E+01 Cd109 (n,2n   ) Cd108  6.767E-04+-4.0E+01 Cd109 (n,na   ) Pd105  2.051E-09+-1.0E+02 Cd109 (n,g    ) Cd110  1.004E+02+-3.7E+01
  Cd109 (n,p    ) Ag109  1.114E-04+-7.8E+01 Cd109 (n,p    ) Ag109m 1.474E-04+-7.8E+01 Cd109 (n,d    ) Ag108  2.472E-11+-1.2E+02 Cd109 (n,d    ) Ag108m 1.655E-11+-1.2E+02
  Cd109 (n,a    ) Pd106  4.073E-03+-3.0E+01 Cd110 (n,na   ) Pd106  8.035E-10+-1.0E+02 Cd110 (n,g    ) Cd111  2.070E+00+-3.4E+01 Cd110 (n,g    ) Cd111m 1.183E-02+-6.0E+01
  Cd110 (n,p    ) Ag110  5.805E-06+-3.0E+01 Cd110 (n,p    ) Ag110m 7.117E-07+-3.0E+01 Cd110 (n,a    ) Pd107  2.812E-06+-8.5E+01 Cd110 (n,a    ) Pd107m 7.060E-07+-8.5E+01
  Cd111 (n,n    ) Cd111m 7.997E-02+-3.0E+01 Cd111 (n,2n   ) Cd110  1.298E-03+-4.0E+01 Cd111 (n,na   ) Pd107  1.796E-11+-1.2E+02 Cd111 (n,na   ) Pd107m 7.452E-12+-1.2E+02
  Cd111 (n,g    ) Cd112  3.139E+00+-8.5E+00 Cd111 (n,p    ) Ag111  6.087E-06+-4.0E+01 Cd111 (n,p    ) Ag111m 6.734E-06+-3.0E+01 Cd111 (n,a    ) Pd108  7.524E-06+-4.6E+01
  Cd112 (n,2n   ) Cd111  1.021E-05+-4.0E+01 Cd112 (n,2n   ) Cd111m 2.250E-07+-2.0E+01 Cd112 (n,na   ) Pd108  2.300E-11+-1.0E+02 Cd112 (n,g    ) Cd113  4.464E-01+-7.8E+01
  Cd112 (n,g    ) Cd113m 1.256E-01+-7.8E+01 Cd112 (n,p    ) Ag112  6.684E-07+-2.0E+01 Cd112 (n,a    ) Pd109  3.329E-07+-9.0E+02 Cd112 (n,a    ) Pd109m 3.557E-08+-9.0E+02
  Cd113 (n,n    ) Cd113m 1.026E-01+-1.0E+02 Cd113 (n,2n   ) Cd112  2.241E-03+-4.0E+01 Cd113 (n,g    ) Cd114  3.692E+03+-1.0E+01 Cd113 (n,p    ) Ag113  2.419E-06+-3.0E+01
  Cd113 (n,p    ) Ag113m 2.132E-06+-3.0E+01 Cd113 (n,a    ) Pd110  3.609E-06+-5.7E+01 Cd113m(n,n    ) Cd113  1.554E-01+-1.0E+02 Cd113m(n,2n   ) Cd112  1.508E-03+-4.0E+01
  Cd113m(n,na   ) Pd109m 1.197E-12+-1.2E+02 Cd113m(n,g    ) Cd114  3.692E+03+-3.0E+02 Cd113m(n,p    ) Ag113  8.290E-07+-7.8E+01 Cd113m(n,p    ) Ag113m 1.928E-06+-7.8E+01
  Cd113m(n,a    ) Pd110  6.232E-07+-5.0E+01 Cd114 (n,2n   ) Cd113  3.567E-05+-7.2E+01 Cd114 (n,2n   ) Cd113m 1.184E-05+-7.2E+01 Cd114 (n,g    ) Cd115  5.020E-01+-4.6E+01
  Cd114 (n,g    ) Cd115m 6.724E-02+-4.6E+01 Cd114 (n,p    ) Ag114  1.271E-08+-6.7E+01 Cd114 (n,p    ) Ag114m 2.259E-08+-6.7E+01 Cd114 (n,a    ) Pd111  1.885E-09+-3.0E+01
  Cd114 (n,a    ) Pd111m 3.810E-10+-3.0E+01 Cd115 (n,n    ) Cd115m 1.236E-01+-1.0E+02 Cd115 (n,2n   ) Cd114  3.846E-03+-4.0E+01 Cd115 (n,g    ) Cd116  3.538E+00+-4.1E+02
  Cd115 (n,p    ) Ag115  1.823E-07+-7.8E+01 Cd115 (n,p    ) Ag115m 4.278E-07+-7.8E+01 Cd115 (n,a    ) Pd112  1.809E-07+-6.0E+01 Cd115m(n,n    ) Cd115  2.982E-01+-1.0E+02
  Cd115m(n,2n   ) Cd114  2.510E-03+-4.0E+01 Cd115m(n,g    ) Cd116  3.611E+00+-4.1E+02 Cd115m(n,p    ) Ag115  1.321E-07+-7.8E+01 Cd115m(n,p    ) Ag115m 3.076E-07+-7.8E+01
  Cd115m(n,a    ) Pd112  9.646E-08+-6.0E+01 Cd116 (n,2n   ) Cd115  9.380E-05+-1.0E+01 Cd116 (n,2n   ) Cd115m 5.297E-05+-2.0E+01 Cd116 (n,g    ) Cd117  5.536E-02+-3.3E+01
  Cd116 (n,g    ) Cd117m 2.772E-02+-3.3E+01 Cd116 (n,p    ) Ag116  1.559E-09+-3.0E+01 Cd116 (n,p    ) Ag116m 1.505E-10+-3.0E+01 Cd116 (n,a    ) Pd113  2.632E-09+-6.7E+01
  Cd116 (n,a    ) Pd113m 3.709E-09+-6.7E+01 In111 (n,n    ) In111m 3.391E-02+-1.0E+02 In111 (n,na   ) Ag107  6.698E-10+-1.2E+02 In111 (n,na   ) Ag107m 2.030E-09+-1.2E+02
  In111 (n,np   ) Cd110  1.530E-06+-1.0E+02 In111 (n,g    ) In112  1.635E+01+-7.8E+01 In111 (n,g    ) In112m 8.808E+00+-7.8E+01 In111 (n,p    ) Cd111  6.831E-04+-7.8E+01
  In111 (n,p    ) Cd111m 2.564E-04+-7.8E+01 In111 (n,d    ) Cd110  1.360E-07+-1.0E+02 In111 (n,a    ) Ag108  1.144E-05+-8.5E+01 In111 (n,a    ) Ag108m 5.118E-06+-8.5E+01
  In113 (n,n    ) In113m 4.880E-02+-1.0E+01 In113 (n,2n   ) In112  5.841E-07+-2.0E+01 In113 (n,2n   ) In112m 5.688E-06+-2.0E+01 In113 (n,na   ) Ag109  3.353E-11+-1.2E+02
  In113 (n,na   ) Ag109m 8.978E-11+-1.2E+02 In113 (n,np   ) Cd112  5.674E-08+-1.0E+02 In113 (n,g    ) In114  4.017E+00+-7.0E+01 In113 (n,g    ) In114m 5.561E+00+-1.8E+01
  In113 (n,p    ) Cd113  4.038E-05+-7.8E+01 In113 (n,p    ) Cd113m 2.505E-05+-7.8E+01 In113 (n,d    ) Cd112  2.945E-08+-1.0E+02 In113 (n,a    ) Ag110  1.278E-06+-6.0E+01
  In113 (n,a    ) Ag110m 4.195E-07+-6.0E+01 In114m(n,n    ) In114  7.415E-02+-1.0E+02 In114m(n,2n   ) In113  1.526E-03+-7.2E+01 In114m(n,2n   ) In113m 1.180E-04+-7.2E+01
  In114m(n,na   ) Ag110  3.130E-12+-1.2E+02 In114m(n,na   ) Ag110m 2.914E-12+-1.2E+02 In114m(n,np   ) Cd113  4.204E-10+-1.2E+02 In114m(n,np   ) Cd113m 7.164E-10+-1.2E+02
  In114m(n,g    ) In115  2.931E+01+-7.8E+01 In114m(n,g    ) In115m 2.931E+01+-7.8E+01 In114m(n,p    ) Cd114  4.095E-05+-5.0E+01 In114m(n,d    ) Cd113  1.472E-09+-1.2E+02
  In114m(n,d    ) Cd113m 1.934E-09+-1.2E+02 In114m(n,t    ) Cd112  5.372E-12+-6.0E+01 In114m(n,a    ) Ag111  8.988E-07+-8.5E+01 In114m(n,a    ) Ag111m 1.154E-06+-8.5E+01
  In115 (n,n    ) In115m 6.318E-02+-1.0E+01 In115 (n,2n   ) In114  3.796E-06+-3.0E+01 In115 (n,2n   ) In114m 1.789E-05+-2.0E+01 In115 (n,na   ) Ag111m 2.133E-12+-1.2E+02
  In115 (n,np   ) Cd114  3.827E-10+-1.0E+02 In115 (n,g    ) In116  2.172E+01+-8.6E+00 In115 (n,g    ) In116m 3.611E+01+-8.9E+00 In115 (n,g    ) In116n 4.341E+01+-8.6E+00
  In115 (n,p    ) Cd115  1.088E-06+-3.0E+01 In115 (n,p    ) Cd115m 1.145E-06+-3.0E+01 In115 (n,d    ) Cd114  6.391E-09+-1.0E+02 In115 (n,a    ) Ag112  4.671E-08+-3.0E+01
  Sn112 (n,na   ) Cd108  1.841E-08+-1.0E+02 Sn112 (n,np   ) In111  1.209E-09+-1.2E+02 Sn112 (n,np   ) In111m 3.930E-12+-1.2E+02 Sn112 (n,g    ) Sn113  7.549E-01+-1.3E+01
  Sn112 (n,g    ) Sn113m 2.857E-01+-9.6E+00 Sn112 (n,p    ) In112  4.907E-04+-3.0E+01 Sn112 (n,p    ) In112m 1.516E-04+-3.0E+01 Sn112 (n,d    ) In111  1.856E-10+-1.2E+02
  Sn112 (n,d    ) In111m 1.411E-10+-1.2E+02 Sn112 (n,a    ) Cd109  1.482E-04+-3.0E+01 Sn113 (n,n    ) Sn113m 3.301E-01+-1.0E+02 Sn113 (n,2n   ) Sn112  3.632E-04+-4.0E+01
  Sn113 (n,na   ) Cd109  4.974E-09+-1.0E+02 Sn113 (n,np   ) In112  3.553E-11+-1.2E+02 Sn113 (n,np   ) In112m 6.915E-11+-1.2E+02 Sn113 (n,g    ) Sn114  6.154E+00+-2.1E+01
  Sn113 (n,p    ) In113  2.314E-04+-7.8E+01 Sn113 (n,p    ) In113m 2.165E-04+-7.8E+01 Sn113 (n,d    ) In112  8.134E-11+-1.2E+02 Sn113 (n,d    ) In112m 1.266E-10+-1.2E+02
  Sn113 (n,a    ) Cd110  3.344E-04+-6.0E+01 Sn113 (n,2p   ) Cd112  5.066E-12+-2.0E+02 Sn114 (n,na   ) Cd110  5.251E-10+-1.0E+02 Sn114 (n,g    ) Sn115  2.484E-01+-3.0E+01
  Sn114 (n,p    ) In114  9.376E-06+-7.8E+01 Sn114 (n,p    ) In114m 1.049E-05+-3.0E+01 Sn114 (n,d    ) In113  3.888E-12+-1.2E+02 Sn114 (n,d    ) In113m 3.249E-12+-1.2E+02
  Sn114 (n,a    ) Cd111  6.740E-06+-8.5E+01 Sn114 (n,a    ) Cd111m 2.010E-06+-8.5E+01 Sn115 (n,2n   ) Sn114  4.805E-04+-4.0E+01 Sn115 (n,na   ) Cd111  2.072E-11+-1.2E+02
  Sn115 (n,na   ) Cd111m 8.739E-12+-1.2E+02 Sn115 (n,g    ) Sn116  2.488E+00+-2.1E+01 Sn115 (n,p    ) In115  1.802E-05+-3.0E+01 Sn115 (n,p    ) In115m 6.758E-06+-3.0E+01
  Sn115 (n,a    ) Cd112  1.970E-05+-5.1E+01 Sn116 (n,2n   ) Sn115  2.243E-06+-4.0E+01 Sn116 (n,na   ) Cd112  2.173E-11+-1.0E+02 Sn116 (n,g    ) Sn117  3.869E-01+-1.8E+01
  Sn116 (n,g    ) Sn117m 1.708E-02+-2.9E+01 Sn116 (n,p    ) In116  5.887E-07+-3.0E+01 Sn116 (n,p    ) In116m 5.157E-07+-2.0E+01 Sn116 (n,p    ) In116n 2.082E-07+-3.0E+01
  Sn116 (n,a    ) Cd113  6.759E-07+-8.5E+01 Sn116 (n,a    ) Cd113m 2.635E-07+-8.5E+01 Sn117 (n,n    ) Sn117m 5.493E-02+-4.0E+01 Sn117 (n,2n   ) Sn116  1.197E-03+-4.0E+01
  Sn117 (n,g    ) Sn118  5.304E-01+-2.9E+01 Sn117 (n,p    ) In117  1.307E-06+-2.0E+01 Sn117 (n,p    ) In117m 3.683E-07+-2.0E+01 Sn117 (n,a    ) Cd114  1.075E-06+-6.0E+01
  Sn117m(n,n    ) Sn117  1.389E-01+-1.0E+02 Sn117m(n,2n   ) Sn116  6.460E-04+-4.0E+01 Sn117m(n,na   ) Cd113  1.356E-12+-1.2E+02 Sn117m(n,na   ) Cd113m 2.657E-12+-1.2E+02
  Sn117m(n,g    ) Sn118  7.696E-01+-1.0E+02 Sn117m(n,p    ) In117  2.723E-06+-7.8E+01 Sn117m(n,p    ) In117m 1.105E-06+-7.8E+01 Sn117m(n,a    ) Cd114  5.325E-07+-6.0E+01
  Sn118 (n,2n   ) Sn117  1.013E-05+-7.2E+01 Sn118 (n,2n   ) Sn117m 2.418E-06+-2.0E+01 Sn118 (n,g    ) Sn119  1.990E-01+-4.3E+01 Sn118 (n,g    ) Sn119m 4.217E-03+-3.9E+01
  Sn118 (n,p    ) In118  3.473E-08+-3.0E+01 Sn118 (n,p    ) In118m 6.552E-08+-3.0E+01 Sn118 (n,p    ) In118n 7.451E-09+-3.0E+01 Sn118 (n,a    ) Cd115  6.594E-09+-2.0E+01
  Sn118 (n,a    ) Cd115m 7.685E-10+-2.0E+01 Sn119 (n,n    ) Sn119m 8.659E-02+-1.0E+02 Sn119 (n,2n   ) Sn118  2.205E-03+-4.0E+01 Sn119 (n,g    ) Sn120  3.528E-01+-9.9E+01
  Sn119 (n,p    ) In119  1.224E-07+-2.0E+01 Sn119 (n,p    ) In119m 1.071E-07+-2.0E+01 Sn119 (n,a    ) Cd116  2.212E-07+-6.0E+01 Sn119m(n,n    ) Sn119  1.426E-01+-1.0E+02
  Sn119m(n,2n   ) Sn118  1.005E-03+-4.0E+01 Sn119m(n,g    ) Sn120  4.926E-01+-1.4E+02 Sn119m(n,p    ) In119  3.615E-07+-7.8E+01 Sn119m(n,p    ) In119m 1.875E-07+-7.8E+01
  Sn119m(n,a    ) Cd116  7.398E-08+-6.0E+01 Sn120 (n,2n   ) Sn119  3.055E-05+-3.0E+01 Sn120 (n,2n   ) Sn119m 2.523E-05+-2.0E+01 Sn120 (n,g    ) Sn121  5.847E-02+-3.6E+01
  Sn120 (n,g    ) Sn121m 7.410E-04+-3.2E+01 Sn120 (n,p    ) In120  2.571E-10+-2.0E+01 Sn120 (n,p    ) In120m 5.694E-10+-2.0E+01 Sn120 (n,p    ) In120n 1.493E-10+-3.0E+01
  Sn120 (n,a    ) Cd117  9.818E-10+-3.0E+01 Sn120 (n,a    ) Cd117m 6.522E-10+-3.0E+01 Sn121 (n,n    ) Sn121m 1.579E-01+-1.0E+02 Sn121 (n,2n   ) Sn120  2.933E-03+-4.0E+01
  Sn121 (n,g    ) Sn122  2.813E+00+-4.3E+02 Sn121 (n,p    ) In121  1.252E-07+-7.8E+01 Sn121 (n,p    ) In121m 9.850E-08+-7.8E+01 Sn121 (n,a    ) Cd118  3.676E-08+-6.0E+01
  Sn121m(n,n    ) Sn121  7.133E-02+-1.0E+02 Sn121m(n,2n   ) Sn120  1.290E-03+-4.0E+01 Sn121m(n,g    ) Sn122  2.813E+00+-4.3E+02 Sn121m(n,p    ) In121  4.666E-08+-7.8E+01
  Sn121m(n,p    ) In121m 1.944E-08+-7.8E+01 Sn121m(n,a    ) Cd118  1.014E-08+-6.0E+01 Sn122 (n,2n   ) Sn121  7.623E-05+-7.2E+01 Sn122 (n,2n   ) Sn121m 9.758E-05+-2.0E+01
  Sn122 (n,g    ) Sn123  5.849E-04+-3.6E+01 Sn122 (n,g    ) Sn123m 3.711E-02+-3.1E+01 Sn122 (n,p    ) In122  6.894E-10+-6.7E+01 Sn122 (n,p    ) In122m 9.138E-11+-6.7E+01
  Sn122 (n,p    ) In122n 8.520E-11+-6.7E+01 Sn122 (n,a    ) Cd119  1.713E-11+-8.5E+01 Sn122 (n,a    ) Cd119m 1.836E-11+-8.5E+01 Sn123 (n,n    ) Sn123m 7.353E-02+-1.0E+02
  Sn123 (n,2n   ) Sn122  1.631E-03+-4.0E+01 Sn123 (n,g    ) Sn124  1.867E+00+-4.4E+02 Sn123 (n,p    ) In123  1.807E-08+-7.8E+01 Sn123 (n,p    ) In123m 1.938E-08+-7.8E+01
  Sn123 (n,a    ) Cd120  4.135E-09+-6.0E+01 Sn124 (n,2n   ) Sn123  2.080E-04+-2.0E+01 Sn124 (n,2n   ) Sn123m 1.021E-04+-2.0E+01 Sn124 (n,g    ) Sn125  9.182E-03+-4.3E+01
  Sn124 (n,g    ) Sn125m 2.162E-01+-4.7E+01 Sn124 (n,p    ) In124  6.808E-12+-7.8E+01 Sn124 (n,a    ) Cd121  1.080E-12+-8.5E+01 Sn125 (n,n    ) Sn125m 2.114E-01+-1.0E+02
  Sn125 (n,2n   ) Sn124  2.533E-03+-4.0E+01 Sn125 (n,g    ) Sn126  7.799E-01+-6.6E+02 Sn125 (n,p    ) In125  2.797E-09+-7.8E+01 Sn125 (n,p    ) In125m 2.097E-09+-7.8E+01
  Sn125 (n,a    ) Cd122  4.611E-11+-6.0E+01 Sn126 (n,2n   ) Sn125  3.601E-04+-7.2E+01 Sn126 (n,2n   ) Sn125m 2.318E-04+-7.2E+01 Sn126 (n,g    ) Sn127  7.603E-03+-7.8E+01
  Sn126 (n,g    ) Sn127m 1.641E-01+-7.8E+01 Sb119 (n,2n   ) Sb118  4.003E-06+-7.2E+01 Sb119 (n,2n   ) Sb118m 2.455E-08+-7.2E+01 Sb119 (n,na   ) In115  3.147E-10+-1.2E+02
  Sb119 (n,na   ) In115m 3.932E-11+-1.2E+02 Sb119 (n,np   ) Sn118  1.473E-06+-1.0E+02 Sb119 (n,g    ) Sb120  1.294E+01+-7.8E+01 Sb119 (n,g    ) Sb120m 2.106E-01+-7.8E+01
  Sb119 (n,p    ) Sn119  6.123E-05+-7.8E+01 Sb119 (n,p    ) Sn119m 3.319E-05+-7.8E+01 Sb119 (n,d    ) Sn118  1.280E-07+-1.0E+02 Sb119 (n,a    ) In116  8.096E-07+-8.5E+01
  Sb119 (n,a    ) In116m 6.488E-07+-8.5E+01 Sb119 (n,a    ) In116n 3.720E-08+-8.5E+01 Sb120m(n,n    ) Sb120  1.419E-01+-1.0E+02 Sb120m(n,2n   ) Sb119  5.782E-04+-7.2E+01
  Sb120m(n,2n   ) Sb119m 2.007E-07+-7.2E+01 Sb120m(n,na   ) In116  4.605E-12+-1.2E+02 Sb120m(n,na   ) In116m 3.442E-11+-1.2E+02 Sb120m(n,na   ) In116n 9.176E-11+-1.2E+02
  Sb120m(n,np   ) Sn119  4.004E-09+-1.2E+02 Sb120m(n,np   ) Sn119m 4.964E-08+-1.2E+02 Sb120m(n,g    ) Sb121  2.239E+01+-1.5E+02 Sb120m(n,p    ) Sn120  2.871E-05+-5.0E+01
  Sb120m(n,d    ) Sn119  3.507E-08+-1.2E+02 Sb120m(n,d    ) Sn119m 8.577E-08+-1.2E+02 Sb120m(n,t    ) Sn118  2.871E-10+-6.0E+01 Sb120m(n,a    ) In117  1.303E-06+-8.5E+01
  Sb120m(n,a    ) In117m 3.312E-07+-8.5E+01 Sb121 (n,2n   ) Sb120  3.020E-05+-1.0E+01 Sb121 (n,2n   ) Sb120m 1.896E-05+-1.0E+01 Sb121 (n,na   ) In117  1.278E-11+-1.2E+02
  Sb121 (n,na   ) In117m 1.158E-12+-1.2E+02 Sb121 (n,np   ) Sn120  1.043E-07+-1.0E+02 Sb121 (n,g    ) Sb122  4.908E+00+-1.0E+01 Sb121 (n,g    ) Sb122m 3.329E-01+-9.9E+00
  Sb121 (n,p    ) Sn121  3.660E-06+-3.0E+01 Sb121 (n,p    ) Sn121m 4.819E-06+-5.0E+01 Sb121 (n,d    ) Sn120  4.247E-08+-1.0E+02 Sb121 (n,a    ) In118  6.615E-08+-8.5E+01
  Sb121 (n,a    ) In118m 6.256E-08+-8.5E+01 Sb121 (n,a    ) In118n 4.832E-09+-8.5E+01 Sb122 (n,n    ) Sb122m 1.509E-02+-1.0E+02 Sb122 (n,2n   ) Sb121  2.496E-03+-4.0E+01
  Sb122 (n,np   ) Sn121  9.910E-10+-1.2E+02 Sb122 (n,np   ) Sn121m 1.638E-09+-1.2E+02 Sb122 (n,g    ) Sb123  2.129E+01+-1.4E+02 Sb122 (n,p    ) Sn122  1.139E-04+-5.0E+01
  Sb122 (n,d    ) Sn121  4.830E-09+-1.2E+02 Sb122 (n,d    ) Sn121m 2.380E-09+-1.2E+02 Sb122 (n,t    ) Sn120  1.904E-09+-6.0E+01 Sb122 (n,a    ) In119  1.678E-07+-8.5E+01
  Sb122 (n,a    ) In119m 1.431E-07+-8.5E+01 Sb123 (n,2n   ) Sb122  6.598E-05+-3.0E+01 Sb123 (n,2n   ) Sb122m 1.807E-05+-3.0E+01 Sb123 (n,np   ) Sn122  9.840E-10+-1.0E+02
  Sb123 (n,g    ) Sb124  3.293E+00+-9.1E+00 Sb123 (n,g    ) Sb124m 1.033E-01+-2.2E+01 Sb123 (n,g    ) Sb124n 2.194E-02+-4.0E+01 Sb123 (n,p    ) Sn123  1.761E-06+-5.0E+01
  Sb123 (n,p    ) Sn123m 9.037E-07+-3.0E+01 Sb123 (n,d    ) Sn122  7.248E-09+-1.0E+02 Sb123 (n,a    ) In120  8.711E-09+-8.5E+01 Sb123 (n,a    ) In120m 7.062E-09+-8.5E+01
  Sb123 (n,a    ) In120n 1.077E-09+-8.5E+01 Sb124 (n,n    ) Sb124m 4.348E-01+-1.0E+02 Sb124 (n,n    ) Sb124n 3.440E-02+-1.0E+02 Sb124 (n,2n   ) Sb123  3.291E-03+-4.0E+01
  Sb124 (n,np   ) Sn123  3.588E-11+-1.2E+02 Sb124 (n,np   ) Sn123m 1.361E-11+-1.2E+02 Sb124 (n,g    ) Sb125  1.718E+01+-7.4E+01 Sb124 (n,p    ) Sn124  8.973E-06+-5.0E+01
  Sb124 (n,d    ) Sn123  2.950E-10+-1.2E+02 Sb124 (n,d    ) Sn123m 5.112E-10+-1.2E+02 Sb124 (n,t    ) Sn122  3.764E-10+-6.0E+01 Sb124 (n,a    ) In121  3.037E-08+-8.5E+01
  Sb124 (n,a    ) In121m 2.613E-08+-8.5E+01 Sb125 (n,2n   ) Sb124  8.482E-05+-7.2E+01 Sb125 (n,2n   ) Sb124m 8.195E-05+-7.2E+01 Sb125 (n,2n   ) Sb124n 5.527E-05+-7.2E+01
  Sb125 (n,np   ) Sn124  2.552E-12+-1.0E+02 Sb125 (n,g    ) Sb126  5.555E-03+-7.8E+01 Sb125 (n,g    ) Sb126m 9.089E-01+-7.8E+01 Sb125 (n,g    ) Sb126n 1.192E+00+-7.8E+01
  Sb125 (n,p    ) Sn125  2.306E-07+-7.8E+01 Sb125 (n,p    ) Sn125m 1.774E-07+-7.8E+01 Sb125 (n,d    ) Sn124  5.192E-10+-1.0E+02 Sb125 (n,a    ) In122  2.920E-09+-8.5E+01
  Sb125 (n,a    ) In122m 2.828E-10+-8.5E+01 Sb125 (n,a    ) In122n 3.609E-10+-8.5E+01 Sb126 (n,n    ) Sb126m 1.578E-01+-1.0E+02 Sb126 (n,n    ) Sb126n 5.953E-02+-1.0E+02
  Sb126 (n,2n   ) Sb125  1.875E-03+-4.0E+01 Sb126 (n,g    ) Sb127  3.734E+00+-3.5E+02 Sb126 (n,p    ) Sn126  1.650E-06+-5.0E+01 Sb126 (n,d    ) Sn125  1.942E-11+-1.2E+02
  Sb126 (n,d    ) Sn125m 6.023E-11+-1.2E+02 Sb126 (n,t    ) Sn124  5.573E-11+-6.0E+01 Sb126 (n,a    ) In123  4.517E-09+-8.5E+01 Sb126 (n,a    ) In123m 6.364E-09+-8.5E+01
  Sb127 (n,2n   ) Sb126  1.144E-04+-7.2E+01 Sb127 (n,2n   ) Sb126m 1.733E-04+-7.2E+01 Sb127 (n,2n   ) Sb126n 1.383E-04+-7.2E+01 Sb127 (n,g    ) Sb128  3.269E+00+-7.8E+01
  Sb127 (n,g    ) Sb128m 7.183E-01+-7.8E+01 Sb127 (n,p    ) Sn127  3.872E-08+-7.8E+01 Sb127 (n,p    ) Sn127m 5.519E-08+-7.8E+01 Sb127 (n,d    ) Sn126  5.487E-11+-1.0E+02
  Sb127 (n,a    ) In124  2.061E-11+-8.5E+01 Sb127 (n,a    ) In124m 3.525E-12+-8.5E+01 Sb128 (n,2n   ) Sb127  2.850E-03+-4.0E+01 Sb128 (n,g    ) Sb129  1.231E+00+-6.2E+02
  Sb128 (n,g    ) Sb129m 4.703E-03+-6.2E+02 Sb128 (n,p    ) Sn128  8.410E-06+-7.8E+01 Sb128 (n,p    ) Sn128m 3.090E-07+-7.8E+01 Sb128 (n,d    ) Sn127m 7.375E-12+-1.2E+02
  Sb128 (n,t    ) Sn126  9.392E-12+-6.0E+01 Sb128 (n,a    ) In125  7.452E-10+-8.5E+01 Sb128 (n,a    ) In125m 6.750E-10+-8.5E+01 Te118 (n,na   ) Sn114  2.473E-06+-1.0E+02
  Te118 (n,np   ) Sb117  2.556E-07+-1.0E+02 Te118 (n,g    ) Te119  2.201E+00+-7.8E+01 Te118 (n,g    ) Te119m 3.296E-01+-7.8E+01 Te118 (n,p    ) Sb118  9.749E-04+-7.8E+01
  Te118 (n,p    ) Sb118m 7.258E-06+-7.8E+01 Te118 (n,d    ) Sb117  9.606E-09+-1.0E+02 Te118 (n,a    ) Sn115  9.610E-04+-6.0E+01 Te118 (n,2p   ) Sn117  1.977E-11+-2.1E+02
  Te118 (n,2p   ) Sn117m 6.788E-12+-2.1E+02 Te119 (n,n    ) Te119m 9.123E-02+-1.0E+02 Te119 (n,2n   ) Te118  5.229E-04+-4.0E+01 Te119 (n,na   ) Sn115  8.913E-07+-1.0E+02
  Te119 (n,np   ) Sb118  2.262E-08+-1.2E+02 Te119 (n,np   ) Sb118m 8.797E-09+-1.2E+02 Te119 (n,g    ) Te120  1.108E+01+-2.8E+02 Te119 (n,p    ) Sb119  5.149E-03+-7.8E+01
  Te119 (n,p    ) Sb119m 5.670E-06+-7.8E+01 Te119 (n,d    ) Sb118  6.381E-09+-1.2E+02 Te119 (n,d    ) Sb118m 7.887E-10+-1.2E+02 Te119 (n,t    ) Sb117  5.181E-12+-6.0E+01
  Te119 (n,a    ) Sn116  1.624E-02+-6.0E+01 Te119 (n,2p   ) Sn118  6.102E-09+-2.0E+02 Te119m(n,n    ) Te119  1.821E-01+-1.0E+02 Te119m(n,2n   ) Te118  4.079E-04+-4.0E+01
  Te119m(n,na   ) Sn115  2.512E-06+-1.0E+02 Te119m(n,np   ) Sb118  6.272E-08+-1.2E+02 Te119m(n,np   ) Sb118m 2.439E-08+-1.2E+02 Te119m(n,g    ) Te120  1.108E+01+-2.8E+02
  Te119m(n,p    ) Sb119  1.215E-02+-7.8E+01 Te119m(n,p    ) Sb119m 1.338E-05+-7.8E+01 Te119m(n,d    ) Sb118  9.267E-09+-1.2E+02 Te119m(n,d    ) Sb118m 1.145E-09+-1.2E+02
  Te119m(n,a    ) Sn116  3.909E-03+-6.0E+01 Te119m(n,2p   ) Sn118  5.967E-09+-2.0E+02 Te119m(n,pa   ) In115  2.073E-12+-2.1E+02 Te120 (n,na   ) Sn116  2.703E-07+-1.0E+02
  Te120 (n,np   ) Sb119  1.837E-09+-1.2E+02 Te120 (n,np   ) Sb119m 7.431E-09+-0.0E+00 Te120 (n,g    ) Te121  2.838E-01+-3.7E+01 Te120 (n,g    ) Te121m 3.742E-02+-4.0E+01
  Te120 (n,p    ) Sb120  1.140E-04+-7.8E+01 Te120 (n,p    ) Sb120m 1.409E-05+-7.8E+01 Te120 (n,d    ) Sb119  4.162E-10+-1.2E+02 Te120 (n,a    ) Sn117  3.717E-05+-8.5E+01
  Te120 (n,a    ) Sn117m 5.525E-06+-8.5E+01 Te121 (n,n    ) Te121m 9.452E-02+-1.0E+02 Te121 (n,2n   ) Te120  8.372E-04+-4.0E+01 Te121 (n,na   ) Sn117  2.679E-08+-1.2E+02
  Te121 (n,na   ) Sn117m 1.954E-08+-1.2E+02 Te121 (n,np   ) Sb120  4.789E-11+-1.2E+02 Te121 (n,np   ) Sb120m 1.864E-11+-1.2E+02 Te121 (n,g    ) Te122  9.358E+00+-2.6E+02
  Te121 (n,p    ) Sb121  8.629E-05+-5.0E+01 Te121 (n,d    ) Sb120  2.923E-10+-1.2E+02 Te121 (n,d    ) Sb120m 3.612E-11+-1.2E+02 Te121 (n,a    ) Sn118  1.167E-03+-6.0E+01
  Te121 (n,2p   ) Sn120  1.987E-12+-2.0E+02 Te121m(n,n    ) Te121  1.748E-01+-1.0E+02 Te121m(n,2n   ) Te120  6.345E-04+-4.0E+01 Te121m(n,na   ) Sn117  5.724E-08+-1.2E+02
  Te121m(n,na   ) Sn117m 1.083E-07+-1.2E+02 Te121m(n,np   ) Sb120  1.576E-10+-1.2E+02 Te121m(n,np   ) Sb120m 6.129E-11+-1.2E+02 Te121m(n,g    ) Te122  9.358E+00+-2.6E+02
  Te121m(n,p    ) Sb121  8.806E-05+-5.0E+01 Te121m(n,d    ) Sb120  4.187E-10+-1.2E+02 Te121m(n,d    ) Sb120m 5.175E-11+-1.2E+02 Te121m(n,a    ) Sn118  2.693E-04+-6.0E+01
  Te121m(n,2p   ) Sn120  3.249E-12+-2.0E+02 Te122 (n,2n   ) Te121  1.238E-07+-3.0E+01 Te122 (n,na   ) Sn118  1.265E-08+-1.0E+02 Te122 (n,np   ) Sb121  2.289E-12+-1.0E+02
  Te122 (n,g    ) Te123  2.090E+00+-4.5E+01 Te122 (n,g    ) Te123m 9.590E-01+-4.6E+01 Te122 (n,p    ) Sb122  1.491E-05+-3.0E+01 Te122 (n,p    ) Sb122m 3.117E-07+-3.0E+01
  Te122 (n,d    ) Sb121  2.410E-11+-1.0E+02 Te122 (n,a    ) Sn119  2.705E-06+-8.0E+01 Te122 (n,a    ) Sn119m 1.051E-06+-8.4E+01 Te123 (n,n    ) Te123m 1.401E-01+-1.0E+02
  Te123 (n,2n   ) Te122  1.357E-03+-4.0E+01 Te123 (n,na   ) Sn119  1.151E-09+-1.2E+02 Te123 (n,na   ) Sn119m 1.589E-09+-1.2E+02 Te123 (n,g    ) Te124  1.650E+02+-2.0E+01
  Te123 (n,p    ) Sb123  1.442E-05+-5.0E+01 Te123 (n,d    ) Sb122  1.685E-11+-1.2E+02 Te123 (n,a    ) Sn120  5.417E-05+-4.9E+01 Te123m(n,n    ) Te123  1.198E-01+-1.0E+02
  Te123m(n,2n   ) Te122  9.600E-04+-4.0E+01 Te123m(n,na   ) Sn119  2.527E-09+-1.2E+02 Te123m(n,na   ) Sn119m 9.455E-09+-1.2E+02 Te123m(n,g    ) Te124  1.651E+02+-4.1E+01
  Te123m(n,p    ) Sb123  8.308E-06+-5.0E+01 Te123m(n,d    ) Sb122  3.463E-11+-1.2E+02 Te123m(n,d    ) Sb122m 6.697E-12+-1.2E+02 Te123m(n,a    ) Sn120  6.695E-04+-8.3E+01
  Te124 (n,2n   ) Te123  5.115E-06+-7.2E+01 Te124 (n,2n   ) Te123m 1.435E-06+-1.5E+01 Te124 (n,na   ) Sn120  7.965E-10+-1.0E+02 Te124 (n,g    ) Te125  7.234E-01+-3.6E+01
  Te124 (n,g    ) Te125m 5.673E-03+-3.4E+01 Te124 (n,p    ) Sb124  1.055E-06+-3.0E+01 Te124 (n,p    ) Sb124m 9.547E-07+-3.0E+01 Te124 (n,p    ) Sb124n 6.618E-08+-3.0E+01
  Te124 (n,d    ) Sb123  2.272E-12+-1.0E+02 Te124 (n,a    ) Sn121  3.058E-07+-3.0E+01 Te124 (n,a    ) Sn121m 1.609E-07+-6.0E+01 Te125 (n,n    ) Te125m 1.382E-01+-1.0E+02
  Te125 (n,2n   ) Te124  2.043E-03+-4.0E+01 Te125 (n,na   ) Sn121  2.645E-11+-1.2E+02 Te125 (n,na   ) Sn121m 5.456E-11+-1.2E+02 Te125 (n,g    ) Te126  8.901E-01+-1.8E+01
  Te125 (n,p    ) Sb125  3.048E-06+-5.0E+01 Te125 (n,a    ) Sn122  1.947E-06+-5.1E+01 Te125m(n,n    ) Te125  1.145E-01+-1.0E+02 Te125m(n,2n   ) Te124  1.312E-03+-4.0E+01
  Te125m(n,na   ) Sn121  3.693E-11+-1.2E+02 Te125m(n,na   ) Sn121m 2.775E-10+-1.2E+02 Te125m(n,g    ) Te126  9.424E-01+-6.1E+01 Te125m(n,p    ) Sb125  1.390E-06+-5.0E+01
  Te125m(n,a    ) Sn122  4.720E-07+-5.0E+01 Te126 (n,2n   ) Te125  2.537E-05+-7.2E+01 Te126 (n,2n   ) Te125m 2.567E-05+-3.0E+01 Te126 (n,na   ) Sn122  3.758E-11+-1.0E+02
  Te126 (n,g    ) Te127  3.192E-01+-4.0E+01 Te126 (n,g    ) Te127m 4.957E-02+-3.8E+01 Te126 (n,p    ) Sb126  4.429E-09+-3.0E+01 Te126 (n,p    ) Sb126m 1.512E-07+-3.0E+01
  Te126 (n,p    ) Sb126n 9.653E-08+-3.0E+01 Te126 (n,a    ) Sn123  5.371E-08+-3.0E+01 Te126 (n,a    ) Sn123m 6.674E-08+-3.0E+01 Te127 (n,n    ) Te127m 2.137E-01+-1.0E+02
  Te127 (n,2n   ) Te126  2.831E-03+-4.0E+01 Te127 (n,na   ) Sn123  2.850E-12+-1.2E+02 Te127 (n,na   ) Sn123m 1.057E-12+-1.2E+02 Te127 (n,g    ) Te128  2.677E+02+-7.9E+02
  Te127 (n,p    ) Sb127  8.041E-07+-5.0E+01 Te127 (n,a    ) Sn124  2.318E-06+-6.0E+01 Te127m(n,n    ) Te127  8.278E-02+-1.0E+02 Te127m(n,2n   ) Te126  1.770E-03+-4.0E+01
  Te127m(n,na   ) Sn123  8.281E-12+-1.2E+02 Te127m(n,g    ) Te128  2.678E+02+-1.5E+01 Te127m(n,p    ) Sb127  2.585E-07+-5.0E+01 Te127m(n,a    ) Sn124  7.307E-07+-6.0E+01
  Te128 (n,2n   ) Te127  7.285E-05+-2.0E+01 Te128 (n,2n   ) Te127m 6.740E-05+-3.0E+01 Te128 (n,na   ) Sn124  2.110E-12+-1.0E+02 Te128 (n,g    ) Te129  7.179E-02+-8.3E+00
  Te128 (n,g    ) Te129m 5.847E-03+-4.3E+01 Te128 (n,p    ) Sb128  9.838E-09+-3.0E+01 Te128 (n,p    ) Sb128m 9.801E-09+-3.0E+01 Te128 (n,a    ) Sn125  1.263E-08+-3.0E+01
  Te128 (n,a    ) Sn125m 1.407E-08+-3.0E+01 Te129 (n,n    ) Te129m 1.444E-01+-1.0E+02 Te129 (n,2n   ) Te128  3.465E-03+-4.0E+01 Te129 (n,g    ) Te130  9.513E-01+-7.0E+02
  Te129 (n,p    ) Sb129  2.193E-07+-7.8E+01 Te129 (n,p    ) Sb129m 7.725E-09+-7.8E+01 Te129 (n,a    ) Sn126  6.068E-08+-6.0E+01 Te129m(n,n    ) Te129  1.453E-01+-1.0E+02
  Te129m(n,2n   ) Te128  2.194E-03+-4.0E+01 Te129m(n,g    ) Te130  9.647E-01+-7.5E+02 Te129m(n,p    ) Sb129  5.522E-08+-7.8E+01 Te129m(n,p    ) Sb129m 1.946E-09+-7.8E+01
  Te129m(n,a    ) Sn126  2.112E-08+-6.0E+01 Te130 (n,2n   ) Te129  1.755E-04+-3.0E+01 Te130 (n,2n   ) Te129m 1.799E-04+-2.0E+01 Te130 (n,g    ) Te131  2.878E-02+-2.6E+01
  Te130 (n,g    ) Te131m 4.852E-03+-2.6E+01 Te130 (n,p    ) Sb130  3.377E-09+-3.0E+01 Te130 (n,p    ) Sb130m 3.001E-09+-3.0E+01 Te130 (n,t    ) Sb128  5.638E-11+-4.0E+01
  Te130 (n,a    ) Sn127  4.622E-09+-3.0E+01 Te130 (n,a    ) Sn127m 4.986E-09+-8.5E+01 Te131m(n,n    ) Te131  2.205E-01+-1.0E+02 Te131m(n,2n   ) Te130  2.888E-03+-4.0E+01
  Te131m(n,g    ) Te132  1.656E+00+-5.6E+02 Te131m(n,p    ) Sb131  1.711E-08+-5.0E+01 Te131m(n,a    ) Sn128  6.127E-09+-8.5E+01 Te131m(n,a    ) Sn128m 1.084E-09+-8.5E+01
  Te132 (n,2n   ) Te131  3.320E-04+-7.2E+01 Te132 (n,2n   ) Te131m 3.024E-04+-7.2E+01 Te132 (n,g    ) Te133  1.184E-01+-7.8E+01 Te132 (n,g    ) Te133m 8.972E-04+-7.8E+01
  Te132 (n,p    ) Sb132  2.250E-09+-7.8E+01 Te132 (n,p    ) Sb132m 2.781E-10+-7.8E+01 Te132 (n,a    ) Sn129  3.312E-09+-8.5E+01 Te132 (n,a    ) Sn129m 4.349E-09+-8.5E+01
  I 123 (n,na   ) Sb119  2.305E-08+-1.2E+02 I 123 (n,na   ) Sb119m 2.564E-10+-1.2E+02 I 123 (n,np   ) Te122  2.109E-06+-1.0E+02 I 123 (n,g    ) I 124  2.053E+01+-1.4E+02
  I 123 (n,p    ) Te123  3.721E-04+-7.8E+01 I 123 (n,p    ) Te123m 1.146E-04+-7.8E+01 I 123 (n,d    ) Te122  1.445E-07+-1.0E+02 I 123 (n,a    ) Sb120  1.389E-05+-8.5E+01
  I 123 (n,a    ) Sb120m 1.716E-06+-8.5E+01 I 124 (n,2n   ) I 123  9.091E-04+-4.0E+01 I 124 (n,na   ) Sb120  1.262E-09+-1.2E+02 I 124 (n,na   ) Sb120m 4.907E-10+-1.2E+02
  I 124 (n,np   ) Te123  3.985E-08+-1.2E+02 I 124 (n,np   ) Te123m 4.751E-08+-1.2E+02 I 124 (n,g    ) I 125  2.270E+01+-1.5E+02 I 124 (n,p    ) Te124  6.734E-02+-5.0E+01
  I 124 (n,d    ) Te123  3.299E-08+-1.2E+02 I 124 (n,d    ) Te123m 2.088E-08+-1.2E+02 I 124 (n,t    ) Te122  1.601E-09+-6.0E+01 I 124 (n,a    ) Sb121  2.018E-04+-6.0E+01
  I 124 (n,pa   ) Sn120  2.139E-12+-2.0E+02 I 125 (n,2n   ) I 124  3.656E-06+-4.0E+01 I 125 (n,na   ) Sb121  2.035E-09+-1.0E+02 I 125 (n,np   ) Te124  1.581E-07+-1.0E+02
  I 125 (n,g    ) I 126  7.791E+01+-9.7E+00 I 125 (n,p    ) Te125  4.023E-05+-7.8E+01 I 125 (n,p    ) Te125m 1.508E-05+-7.8E+01 I 125 (n,d    ) Te124  3.699E-08+-1.0E+02
  I 125 (n,a    ) Sb122  2.677E-06+-8.5E+01 I 125 (n,a    ) Sb122m 9.474E-08+-8.5E+01 I 126 (n,2n   ) I 125  1.582E-03+-4.0E+01 I 126 (n,na   ) Sb122  1.112E-10+-1.2E+02
  I 126 (n,na   ) Sb122m 1.979E-11+-1.2E+02 I 126 (n,np   ) Te125  1.964E-09+-1.2E+02 I 126 (n,np   ) Te125m 2.333E-09+-1.2E+02 I 126 (n,g    ) I 127  1.531E+03+-7.5E+00
  I 126 (n,p    ) Te126  3.080E-02+-5.0E+01 I 126 (n,d    ) Te125  3.862E-09+-1.2E+02 I 126 (n,d    ) Te125m 5.448E-09+-1.2E+02 I 126 (n,t    ) Te124  5.356E-10+-6.0E+01
  I 126 (n,a    ) Sb123  2.145E-04+-6.0E+01 I 127 (n,2n   ) I 126  1.922E-05+-1.0E+01 I 127 (n,na   ) Sb123  7.307E-11+-1.0E+02 I 127 (n,np   ) Te126  8.177E-09+-1.0E+02
  I 127 (n,g    ) I 128  4.631E+00+-9.0E+00 I 127 (n,p    ) Te127  8.867E-06+-3.0E+01 I 127 (n,p    ) Te127m 4.758E-06+-3.0E+01 I 127 (n,d    ) Te126  1.020E-08+-1.0E+02
  I 127 (n,a    ) Sb124  1.893E-08+-3.0E+01 I 127 (n,a    ) Sb124m 1.786E-08+-3.0E+01 I 127 (n,a    ) Sb124n 5.153E-09+-6.0E+01 I 128 (n,2n   ) I 127  2.794E-03+-4.0E+01
  I 128 (n,na   ) Sb124  5.822E-12+-1.2E+02 I 128 (n,na   ) Sb124m 6.311E-12+-1.2E+02 I 128 (n,na   ) Sb124n 2.237E-12+-1.2E+02 I 128 (n,np   ) Te127  1.058E-10+-1.2E+02
  I 128 (n,np   ) Te127m 1.100E-10+-1.2E+02 I 128 (n,g    ) I 129  7.894E+00+-1.1E+01 I 128 (n,p    ) Te128  1.985E-05+-5.0E+01 I 128 (n,d    ) Te127  5.242E-10+-1.2E+02
  I 128 (n,d    ) Te127m 1.309E-09+-1.2E+02 I 128 (n,t    ) Te126  2.607E-10+-6.0E+01 I 128 (n,a    ) Sb125  7.905E-07+-6.0E+01 I 129 (n,2n   ) I 128  1.155E-04+-2.0E+01
  I 129 (n,na   ) Sb125  2.351E-11+-1.0E+02 I 129 (n,np   ) Te128  6.855E-11+-1.0E+02 I 129 (n,g    ) I 130  1.356E+00+-1.1E+01 I 129 (n,g    ) I 130m 1.931E+00+-9.3E+00
  I 129 (n,p    ) Te129  9.031E-07+-7.8E+01 I 129 (n,p    ) Te129m 5.611E-07+-7.8E+01 I 129 (n,d    ) Te128  1.136E-09+-1.0E+02 I 129 (n,a    ) Sb126  7.059E-09+-8.5E+01
  I 129 (n,a    ) Sb126m 1.105E-08+-8.5E+01 I 129 (n,a    ) Sb126n 7.382E-08+-8.5E+01 I 130 (n,n    ) I 130m 1.758E-01+-1.0E+02 I 130 (n,2n   ) I 129  2.557E-03+-4.0E+01
  I 130 (n,na   ) Sb126  1.411E-12+-1.2E+02 I 130 (n,np   ) Te129  2.146E-12+-1.2E+02 I 130 (n,np   ) Te129m 4.734E-12+-1.2E+02 I 130 (n,g    ) I 131  6.496E+00+-1.0E+01
  I 130 (n,p    ) Te130  4.913E-06+-5.0E+01 I 130 (n,d    ) Te129  2.782E-10+-1.2E+02 I 130 (n,d    ) Te129m 8.557E-11+-1.2E+02 I 130 (n,t    ) Te128  7.279E-11+-6.0E+01
  I 130 (n,a    ) Sb127  1.594E-07+-6.0E+01 I 131 (n,2n   ) I 130  2.245E-04+-7.2E+01 I 131 (n,2n   ) I 130m 5.864E-05+-7.2E+01 I 131 (n,g    ) I 132  5.123E-01+-7.8E+01
  I 131 (n,g    ) I 132m 5.288E-03+-7.8E+01 I 131 (n,p    ) Te131  2.425E-07+-7.8E+01 I 131 (n,p    ) Te131m 8.469E-08+-7.8E+01 I 131 (n,d    ) Te130  2.354E-10+-1.0E+02
  I 131 (n,a    ) Sb128  1.119E-08+-8.5E+01 I 131 (n,a    ) Sb128m 1.212E-08+-8.5E+01 I 133 (n,n    ) I 133m 4.277E-03+-1.0E+02 I 133 (n,2n   ) I 132  3.787E-04+-7.2E+01
  I 133 (n,2n   ) I 132m 1.234E-04+-7.2E+01 I 133 (n,g    ) I 134  1.535E+00+-7.8E+01 I 133 (n,g    ) I 134m 2.502E-02+-7.8E+01 I 133 (n,p    ) Te133  4.798E-08+-7.8E+01
  I 133 (n,p    ) Te133m 3.159E-08+-7.8E+01 I 133 (n,d    ) Te132  2.982E-11+-1.0E+02 I 133 (n,a    ) Sb130  4.465E-09+-8.5E+01 I 133 (n,a    ) Sb130m 9.248E-09+-8.5E+01
  I 135 (n,2n   ) I 134  6.711E-04+-7.2E+01 I 135 (n,2n   ) I 134m 9.923E-05+-7.2E+01 I 135 (n,g    ) I 136  6.453E-02+-8.9E+02 I 135 (n,g    ) I 136m 4.291E-03+-8.9E+02
  I 135 (n,p    ) Te135  7.796E-10+-5.0E+01 I 135 (n,d    ) Te134  1.127E-12+-1.0E+02 I 135 (n,a    ) Sb132  7.850E-09+-8.5E+01 I 135 (n,a    ) Sb132m 9.702E-10+-8.5E+01
  Xe122 (n,na   ) Te118  6.193E-07+-1.0E+02 Xe122 (n,np   ) I 121  5.759E-07+-1.0E+02 Xe122 (n,g    ) Xe123  3.815E+00+-3.5E+02 Xe122 (n,p    ) I 122  2.317E-03+-5.0E+01
  Xe122 (n,d    ) I 121  7.954E-09+-1.0E+02 Xe122 (n,a    ) Te119  8.484E-04+-8.5E+01 Xe122 (n,a    ) Te119m 1.232E-04+-8.5E+01 Xe122 (n,2a   ) Sn115  3.654E-11+-2.0E+02
  Xe122 (n,2p   ) Te121  1.604E-10+-2.1E+02 Xe122 (n,2p   ) Te121m 7.892E-11+-2.1E+02 Xe122 (n,pa   ) Sb118  1.625E-11+-2.1E+02 Xe124 (n,na   ) Te120  3.910E-08+-1.0E+02
  Xe124 (n,np   ) I 123  4.764E-09+-1.0E+02 Xe124 (n,g    ) Xe125  6.963E+01+-2.5E+01 Xe124 (n,g    ) Xe125m 1.423E+01+-1.9E+01 Xe124 (n,p    ) I 124  5.099E-04+-5.0E+01
  Xe124 (n,d    ) I 123  4.924E-10+-1.0E+02 Xe124 (n,a    ) Te121  1.252E-04+-8.5E+01 Xe124 (n,a    ) Te121m 1.912E-05+-8.5E+01 Xe125 (n,n    ) Xe125m 1.627E-01+-1.0E+02
  Xe125 (n,2n   ) Xe124  5.337E-04+-4.0E+01 Xe125 (n,na   ) Te121  4.100E-09+-1.2E+02 Xe125 (n,na   ) Te121m 3.665E-09+-1.2E+02 Xe125 (n,np   ) I 124  5.026E-10+-1.0E+02
  Xe125 (n,g    ) Xe126  6.958E+00+-3.5E+02 Xe125 (n,p    ) I 125  4.379E-04+-5.0E+01 Xe125 (n,d    ) I 124  3.187E-10+-1.0E+02 Xe125 (n,a    ) Te122  2.504E-03+-2.9E+01
  Xe125 (n,2a   ) Sn118  1.205E-12+-2.0E+02 Xe125 (n,2p   ) Te124  2.668E-11+-2.0E+02 Xe126 (n,na   ) Te122  4.002E-09+-1.0E+02 Xe126 (n,np   ) I 125  4.355E-11+-1.0E+02
  Xe126 (n,g    ) Xe127  1.728E+00+-2.8E+01 Xe126 (n,g    ) Xe127m 2.587E-01+-3.3E+01 Xe126 (n,p    ) I 126  4.347E-05+-5.0E+01 Xe126 (n,d    ) I 125  5.832E-11+-1.0E+02
  Xe126 (n,a    ) Te123  4.792E-06+-8.5E+01 Xe126 (n,a    ) Te123m 1.516E-06+-8.5E+01 Xe127 (n,n    ) Xe127m 9.897E-02+-1.0E+02 Xe127 (n,2n   ) Xe126  9.533E-04+-4.0E+01
  Xe127 (n,na   ) Te123  2.898E-10+-1.2E+02 Xe127 (n,na   ) Te123m 3.166E-10+-1.2E+02 Xe127 (n,np   ) I 126  3.049E-12+-1.0E+02 Xe127 (n,g    ) Xe128  6.454E+00+-3.5E+02
  Xe127 (n,p    ) I 127  4.957E-05+-5.0E+01 Xe127 (n,d    ) I 126  4.790E-11+-1.0E+02 Xe127 (n,a    ) Te124  8.516E-04+-2.9E+01 Xe128 (n,2n   ) Xe127  1.787E-05+-2.0E+01
  Xe128 (n,2n   ) Xe127m 1.301E-08+-2.0E+01 Xe128 (n,na   ) Te124  8.575E-10+-1.0E+02 Xe128 (n,g    ) Xe129  7.045E-01+-3.4E+01 Xe128 (n,g    ) Xe129m 4.555E-02+-5.2E+01
  Xe128 (n,p    ) I 128  1.983E-05+-3.0E+01 Xe128 (n,d    ) I 127  7.739E-12+-1.0E+02 Xe128 (n,a    ) Te125  1.138E-06+-8.5E+01 Xe128 (n,a    ) Te125m 3.989E-07+-8.5E+01
  Xe129 (n,n    ) Xe129m 6.366E-02+-1.0E+02 Xe129 (n,2n   ) Xe128  1.395E-03+-4.0E+01 Xe129 (n,na   ) Te125  3.077E-11+-1.2E+02 Xe129 (n,na   ) Te125m 4.108E-11+-1.2E+02
  Xe129 (n,g    ) Xe130  8.297E+00+-1.8E+01 Xe129 (n,p    ) I 129  8.241E-06+-5.0E+01 Xe129 (n,d    ) I 128  3.843E-12+-1.0E+02 Xe129 (n,a    ) Te126  3.833E-05+-8.2E+01
  Xe129m(n,n    ) Xe129  2.114E-01+-1.0E+02 Xe129m(n,2n   ) Xe128  1.059E-03+-4.0E+01 Xe129m(n,na   ) Te125  6.739E-11+-1.2E+02 Xe129m(n,na   ) Te125m 2.233E-10+-1.2E+02
  Xe129m(n,g    ) Xe130  8.299E+00+-7.4E+01 Xe129m(n,p    ) I 129  4.856E-06+-5.0E+01 Xe129m(n,d    ) I 128  8.972E-12+-1.0E+02 Xe129m(n,a    ) Te126  7.384E-06+-7.8E+01
  Xe130 (n,2n   ) Xe129  1.557E-05+-6.7E+01 Xe130 (n,2n   ) Xe129m 4.279E-06+-6.7E+01 Xe130 (n,na   ) Te126  1.099E-10+-1.0E+02 Xe130 (n,g    ) Xe131  5.330E-01+-3.8E+01
  Xe130 (n,g    ) Xe131m 4.840E-02+-3.0E+01 Xe130 (n,p    ) I 130  5.909E-07+-6.7E+01 Xe130 (n,p    ) I 130m 9.097E-07+-6.7E+01 Xe130 (n,a    ) Te127  2.316E-07+-8.5E+01
  Xe130 (n,a    ) Te127m 9.340E-08+-8.5E+01 Xe131 (n,n    ) Xe131m 1.477E-01+-1.0E+02 Xe131 (n,2n   ) Xe130  1.907E-03+-4.0E+01 Xe131 (n,na   ) Te127  2.892E-12+-1.2E+02
  Xe131 (n,na   ) Te127m 5.746E-12+-1.2E+02 Xe131 (n,g    ) Xe132  2.941E+01+-9.3E+00 Xe131 (n,p    ) I 131  2.366E-06+-3.0E+01 Xe131 (n,a    ) Te128  1.083E-05+-7.8E+01
  Xe131m(n,n    ) Xe131  1.388E-01+-1.0E+02 Xe131m(n,2n   ) Xe130  1.294E-03+-4.0E+01 Xe131m(n,na   ) Te127  3.429E-12+-1.2E+02 Xe131m(n,na   ) Te127m 1.798E-11+-1.2E+02
  Xe131m(n,g    ) Xe132  2.941E+01+-9.4E+01 Xe131m(n,p    ) I 131  1.046E-06+-5.0E+01 Xe131m(n,a    ) Te128  2.232E-06+-7.5E+01 Xe132 (n,2n   ) Xe131  5.076E-05+-7.2E+01
  Xe132 (n,2n   ) Xe131m 4.120E-05+-2.0E+01 Xe132 (n,na   ) Te128  9.980E-12+-1.0E+02 Xe132 (n,g    ) Xe133  1.802E-01+-5.4E+01 Xe132 (n,g    ) Xe133m 2.268E-02+-6.8E+01
  Xe132 (n,p    ) I 132  1.171E-07+-6.7E+01 Xe132 (n,p    ) I 132m 4.286E-09+-6.7E+01 Xe132 (n,a    ) Te129  8.122E-08+-7.8E+01 Xe132 (n,a    ) Te129m 3.214E-08+-7.8E+01
  Xe133 (n,n    ) Xe133m 1.254E-01+-1.0E+02 Xe133 (n,2n   ) Xe132  2.459E-03+-4.0E+01 Xe133 (n,g    ) Xe134  1.548E+01+-7.8E+01 Xe133 (n,g    ) Xe134m 5.352E-03+-7.8E+01
  Xe133 (n,p    ) I 133  4.846E-07+-7.8E+01 Xe133 (n,p    ) I 133m 1.706E-08+-7.8E+01 Xe133 (n,a    ) Te130  1.668E-07+-6.0E+01 Xe133m(n,n    ) Xe133  2.029E-01+-1.0E+02
  Xe133m(n,2n   ) Xe132  1.807E-03+-4.0E+01 Xe133m(n,na   ) Te129m 1.405E-12+-1.2E+02 Xe133m(n,g    ) Xe134  1.041E+01+-7.8E+01 Xe133m(n,g    ) Xe134m 5.148E+00+-7.8E+01
  Xe133m(n,p    ) I 133  2.366E-07+-7.8E+01 Xe133m(n,p    ) I 133m 8.336E-09+-7.8E+01 Xe133m(n,a    ) Te130  7.841E-08+-6.0E+01 Xe134 (n,n    ) Xe134m 3.606E-03+-1.0E+02
  Xe134 (n,2n   ) Xe133  2.138E-04+-2.0E+01 Xe134 (n,2n   ) Xe133m 1.441E-04+-2.0E+01 Xe134 (n,g    ) Xe135  3.692E-02+-3.2E+01 Xe134 (n,g    ) Xe135m 5.689E-04+-2.9E+01
  Xe134 (n,p    ) I 134  2.150E-08+-6.7E+01 Xe134 (n,p    ) I 134m 2.353E-09+-6.7E+01 Xe134 (n,a    ) Te131  1.992E-08+-8.5E+01 Xe134 (n,a    ) Te131m 8.785E-09+-8.5E+01
  Xe135 (n,n    ) Xe135m 8.725E-02+-1.0E+02 Xe135 (n,2n   ) Xe134  2.573E-03+-7.2E+01 Xe135 (n,2n   ) Xe134m 1.068E-04+-7.2E+01 Xe135 (n,g    ) Xe136  2.098E+05+-1.0E+01
  Xe135 (n,p    ) I 135  1.212E-07+-5.0E+01 Xe135 (n,a    ) Te132  3.305E-06+-6.0E+01 Xe136 (n,2n   ) Xe135  4.351E-04+-2.0E+01 Xe136 (n,2n   ) Xe135m 2.819E-04+-2.0E+01
  Xe136 (n,g    ) Xe137  2.208E-02+-1.7E+01 Xe136 (n,p    ) I 136  3.715E-11+-7.8E+01 Xe136 (n,p    ) I 136m 2.856E-11+-7.8E+01 Xe136 (n,a    ) Te133  8.942E-09+-8.5E+01
  Xe136 (n,a    ) Te133m 5.414E-09+-8.5E+01 Cs127 (n,na   ) I 123  2.826E-08+-1.0E+02 Cs127 (n,np   ) Xe126  1.315E-05+-1.0E+02 Cs127 (n,g    ) Cs128  1.638E+01+-2.0E+02
  Cs127 (n,p    ) Xe127  5.014E-03+-7.8E+01 Cs127 (n,p    ) Xe127m 5.266E-04+-7.8E+01 Cs127 (n,d    ) Xe126  3.720E-07+-1.0E+02 Cs127 (n,a    ) I 124  4.660E-05+-6.0E+01
  Cs129 (n,2n   ) Cs128  4.381E-07+-4.0E+01 Cs129 (n,na   ) I 125  8.478E-09+-1.0E+02 Cs129 (n,np   ) Xe128  1.917E-06+-1.0E+02 Cs129 (n,g    ) Cs130  9.367E+00+-7.8E+01
  Cs129 (n,g    ) Cs130m 2.057E+00+-7.8E+01 Cs129 (n,p    ) Xe129  2.716E-04+-7.8E+01 Cs129 (n,p    ) Xe129m 4.483E-05+-7.8E+01 Cs129 (n,d    ) Xe128  1.302E-07+-1.0E+02
  Cs129 (n,a    ) I 126  7.189E-06+-6.0E+01 Cs131 (n,2n   ) Cs130  1.874E-05+-7.2E+01 Cs131 (n,2n   ) Cs130m 7.256E-06+-7.2E+01 Cs131 (n,na   ) I 127  1.987E-09+-1.0E+02
  Cs131 (n,np   ) Xe130  1.457E-07+-1.0E+02 Cs131 (n,g    ) Cs132  1.297E+01+-1.7E+02 Cs131 (n,p    ) Xe131  1.929E-05+-7.8E+01 Cs131 (n,p    ) Xe131m 6.581E-06+-7.8E+01
  Cs131 (n,d    ) Xe130  3.314E-08+-1.0E+02 Cs131 (n,a    ) I 128  1.529E-06+-6.0E+01 Cs132 (n,2n   ) Cs131  1.833E-03+-4.0E+01 Cs132 (n,na   ) I 128  8.952E-11+-1.0E+02
  Cs132 (n,np   ) Xe131  1.761E-09+-1.2E+02 Cs132 (n,np   ) Xe131m 1.673E-09+-1.2E+02 Cs132 (n,g    ) Cs133  2.066E+01+-1.5E+02 Cs132 (n,p    ) Xe132  1.872E-04+-5.0E+01
  Cs132 (n,d    ) Xe131  4.025E-09+-1.2E+02 Cs132 (n,d    ) Xe131m 3.959E-09+-1.2E+02 Cs132 (n,t    ) Xe130  4.070E-10+-6.0E+01 Cs132 (n,a    ) I 129  1.215E-02+-5.0E+01
  Cs133 (n,2n   ) Cs132  7.515E-05+-2.0E+01 Cs133 (n,na   ) I 129  1.983E-10+-1.0E+02 Cs133 (n,np   ) Xe132  1.781E-07+-1.0E+02 Cs133 (n,g    ) Cs134  1.084E+01+-8.4E+00
  Cs133 (n,g    ) Cs134m 1.110E+00+-2.2E+01 Cs133 (n,p    ) Xe133  4.716E-06+-3.0E+01 Cs133 (n,p    ) Xe133m 2.018E-06+-3.0E+01 Cs133 (n,d    ) Xe132  2.055E-08+-5.0E+01
  Cs133 (n,a    ) I 130  9.518E-08+-3.0E+01 Cs133 (n,a    ) I 130m 5.975E-08+-3.0E+01 Cs134 (n,n    ) Cs134m 9.731E-02+-1.0E+02 Cs134 (n,2n   ) Cs133  1.800E-03+-4.0E+01
  Cs134 (n,na   ) I 130  7.919E-12+-1.2E+02 Cs134 (n,na   ) I 130m 1.774E-12+-1.2E+02 Cs134 (n,np   ) Xe133  6.434E-11+-1.2E+02 Cs134 (n,np   ) Xe133m 6.625E-11+-1.2E+02
  Cs134 (n,g    ) Cs135  1.204E+01+-7.8E+01 Cs134 (n,g    ) Cs135m 4.196E-02+-7.8E+01 Cs134 (n,p    ) Xe134  9.796E-06+-7.8E+01 Cs134 (n,p    ) Xe134m 3.676E-07+-7.8E+01
  Cs134 (n,d    ) Xe133  1.096E-09+-1.2E+02 Cs134 (n,d    ) Xe133m 4.124E-10+-1.2E+02 Cs134 (n,t    ) Xe132  1.370E-10+-6.0E+01 Cs134 (n,a    ) I 131  1.454E-06+-7.1E+01
  Cs135 (n,n    ) Cs135m 2.025E-03+-1.0E+02 Cs135 (n,2n   ) Cs134  1.506E-04+-7.2E+01 Cs135 (n,2n   ) Cs134m 3.697E-05+-7.2E+01 Cs135 (n,na   ) I 131  1.918E-11+-1.0E+02
  Cs135 (n,np   ) Xe134  5.142E-11+-1.2E+02 Cs135 (n,np   ) Xe134m 1.558E-10+-7.0E+01 Cs135 (n,g    ) Cs136  2.087E+00+-7.8E+01 Cs135 (n,g    ) Cs136m 3.403E-02+-7.8E+01
  Cs135 (n,p    ) Xe135  6.388E-07+-7.8E+01 Cs135 (n,p    ) Xe135m 2.587E-07+-7.8E+01 Cs135 (n,d    ) Xe134  5.602E-10+-1.2E+02 Cs135 (n,d    ) Xe134m 1.580E-10+-1.2E+02
  Cs135 (n,a    ) I 132  7.864E-08+-8.5E+01 Cs135 (n,a    ) I 132m 5.648E-09+-8.5E+01 Cs136 (n,n    ) Cs136m 1.572E-01+-1.0E+02 Cs136 (n,2n   ) Cs135  2.163E-03+-7.2E+01
  Cs136 (n,2n   ) Cs135m 3.106E-05+-7.2E+01 Cs136 (n,np   ) Xe135  1.806E-12+-1.2E+02 Cs136 (n,g    ) Cs137  1.211E+00+-4.4E+01 Cs136 (n,p    ) Xe136  2.533E-06+-5.0E+01
  Cs136 (n,d    ) Xe135  1.601E-10+-1.2E+02 Cs136 (n,d    ) Xe135m 7.937E-11+-1.2E+02 Cs136 (n,t    ) Xe134  6.363E-12+-8.5E+01 Cs136 (n,t    ) Xe134m 1.795E-12+-8.5E+01
  Cs136 (n,a    ) I 133  8.926E-08+-8.5E+01 Cs136 (n,a    ) I 133m 3.142E-09+-8.5E+01 Cs137 (n,2n   ) Cs136  3.191E-04+-7.2E+01 Cs137 (n,2n   ) Cs136m 9.222E-05+-7.2E+01
  Cs137 (n,g    ) Cs138  2.562E-02+-7.8E+01 Cs137 (n,g    ) Cs138m 2.693E-03+-7.8E+01 Cs137 (n,p    ) Xe137  2.581E-08+-5.0E+01 Cs137 (n,d    ) Xe136  1.834E-10+-1.0E+02
  Cs137 (n,a    ) I 134  2.326E-08+-8.5E+01 Cs137 (n,a    ) I 134m 1.635E-09+-8.5E+01 Ba128 (n,na   ) Xe124  1.012E-07+-1.0E+02 Ba128 (n,np   ) Cs127  6.303E-08+-1.0E+02
  Ba128 (n,g    ) Ba129  8.339E-01+-7.8E+01 Ba128 (n,g    ) Ba129m 8.018E-01+-7.8E+01 Ba128 (n,p    ) Cs128  7.483E-04+-5.0E+01 Ba128 (n,d    ) Cs127  2.467E-09+-1.0E+02
  Ba128 (n,a    ) Xe125  1.825E-04+-8.5E+01 Ba128 (n,a    ) Xe125m 5.113E-05+-8.5E+01 Ba128 (n,2p   ) Xe127  6.689E-12+-2.1E+02 Ba128 (n,2p   ) Xe127m 3.332E-12+-2.1E+02
  Ba129 (n,n    ) Ba129m 2.054E-01+-1.0E+02 Ba129 (n,2n   ) Ba128  4.533E-04+-4.0E+01 Ba129 (n,na   ) Xe125  3.153E-08+-1.2E+02 Ba129 (n,na   ) Xe125m 3.634E-08+-1.2E+02
  Ba129 (n,np   ) Cs128  6.801E-09+-1.0E+02 Ba129 (n,g    ) Ba130  6.931E+00+-3.5E+02 Ba129 (n,p    ) Cs129  1.454E-02+-5.0E+01 Ba129 (n,d    ) Cs128  2.439E-09+-1.0E+02
  Ba129 (n,a    ) Xe126  5.957E-03+-6.0E+01 Ba129 (n,2a   ) Te122  2.094E-12+-2.0E+02 Ba129 (n,2p   ) Xe128  3.431E-09+-2.0E+02 Ba129 (n,pa   ) I 125  1.247E-11+-2.0E+02
  Ba130 (n,na   ) Xe126  2.465E-08+-1.0E+02 Ba130 (n,np   ) Cs129  1.665E-09+-1.0E+02 Ba130 (n,g    ) Ba131  4.591E+00+-3.3E+01 Ba130 (n,g    ) Ba131m 1.533E+00+-6.8E+01
  Ba130 (n,p    ) Cs130  3.966E-05+-7.8E+01 Ba130 (n,p    ) Cs130m 2.045E-05+-7.8E+01 Ba130 (n,d    ) Cs129  2.399E-10+-1.0E+02 Ba130 (n,a    ) Xe127  2.143E-05+-8.5E+01
  Ba130 (n,a    ) Xe127m 7.462E-06+-8.5E+01 Ba131 (n,n    ) Ba131m 9.096E-02+-1.0E+02 Ba131 (n,2n   ) Ba130  6.528E-04+-4.0E+01 Ba131 (n,na   ) Xe127  4.406E-09+-1.2E+02
  Ba131 (n,na   ) Xe127m 4.045E-09+-1.2E+02 Ba131 (n,np   ) Cs130  1.435E-10+-1.2E+02 Ba131 (n,np   ) Cs130m 4.256E-11+-1.2E+02 Ba131 (n,g    ) Ba132  4.600E+00+-4.0E+02
  Ba131 (n,p    ) Cs131  2.168E-04+-5.0E+01 Ba131 (n,d    ) Cs130  1.609E-10+-1.2E+02 Ba131 (n,d    ) Cs130m 5.853E-11+-1.2E+02 Ba131 (n,a    ) Xe128  6.377E-04+-6.0E+01
  Ba131 (n,2p   ) Xe130  4.722E-12+-2.0E+02 Ba132 (n,2n   ) Ba131  4.368E-07+-3.0E+01 Ba132 (n,na   ) Xe128  5.882E-09+-1.0E+02 Ba132 (n,np   ) Cs131  1.831E-11+-1.0E+02
  Ba132 (n,g    ) Ba133  1.457E+00+-4.0E+01 Ba132 (n,g    ) Ba133m 7.119E-02+-4.1E+01 Ba132 (n,p    ) Cs132  1.246E-05+-2.0E+01 Ba132 (n,d    ) Cs131  2.731E-11+-1.0E+02
  Ba132 (n,a    ) Xe129  4.901E-06+-8.5E+01 Ba132 (n,a    ) Xe129m 1.180E-06+-8.5E+01 Ba133 (n,n    ) Ba133m 3.101E-02+-1.0E+02 Ba133 (n,2n   ) Ba132  9.576E-04+-4.0E+01
  Ba133 (n,na   ) Xe129  6.917E-10+-1.2E+02 Ba133 (n,na   ) Xe129m 6.496E-10+-1.2E+02 Ba133 (n,np   ) Cs132  1.395E-12+-1.0E+02 Ba133 (n,g    ) Ba134  2.833E+00+-3.2E+01
  Ba133 (n,p    ) Cs133  2.795E-05+-5.0E+01 Ba133 (n,d    ) Cs132  2.478E-11+-1.0E+02 Ba133 (n,a    ) Xe130  3.359E-05+-6.0E+01 Ba133m(n,n    ) Ba133  4.215E-01+-1.0E+02
  Ba133m(n,2n   ) Ba132  7.659E-04+-4.0E+01 Ba133m(n,na   ) Xe129  2.250E-09+-1.2E+02 Ba133m(n,na   ) Xe129m 4.255E-09+-1.2E+02 Ba133m(n,np   ) Cs132  1.261E-11+-1.0E+02
  Ba133m(n,g    ) Ba134  3.610E+00+-4.4E+02 Ba133m(n,p    ) Cs133  2.084E-05+-5.0E+01 Ba133m(n,d    ) Cs132  8.706E-11+-1.0E+02 Ba133m(n,a    ) Xe130  2.498E-05+-6.0E+01
  Ba134 (n,2n   ) Ba133  5.622E-06+-3.0E+01 Ba134 (n,2n   ) Ba133m 6.432E-07+-2.0E+01 Ba134 (n,na   ) Xe130  9.690E-10+-1.0E+02 Ba134 (n,g    ) Ba135  8.759E-01+-2.2E+01
  Ba134 (n,g    ) Ba135m 6.804E-02+-5.6E+01 Ba134 (n,p    ) Cs134  1.947E-06+-3.0E+01 Ba134 (n,p    ) Cs134m 6.990E-08+-7.8E+01 Ba134 (n,d    ) Cs133  3.723E-12+-1.0E+02
  Ba134 (n,a    ) Xe131  6.882E-07+-8.5E+01 Ba134 (n,a    ) Xe131m 2.139E-07+-8.5E+01 Ba135 (n,n    ) Ba135m 1.449E-01+-3.0E+01 Ba135 (n,2n   ) Ba134  1.092E-03+-4.0E+01
  Ba135 (n,na   ) Xe131  4.224E-11+-1.2E+02 Ba135 (n,na   ) Xe131m 6.183E-11+-1.2E+02 Ba135 (n,g    ) Ba136  3.369E+00+-1.1E+01 Ba135 (n,g    ) Ba136m 8.459E-03+-4.1E+01
  Ba135 (n,p    ) Cs135  3.755E-06+-5.0E+01 Ba135 (n,p    ) Cs135m 1.153E-07+-3.0E+01 Ba135 (n,d    ) Cs134  1.643E-12+-1.2E+02 Ba135 (n,a    ) Xe132  9.738E-06+-7.7E+01
  Ba135m(n,n    ) Ba135  2.204E-01+-1.0E+02 Ba135m(n,2n   ) Ba134  7.818E-04+-4.0E+01 Ba135m(n,na   ) Xe131  7.873E-11+-1.2E+02 Ba135m(n,na   ) Xe131m 2.147E-10+-1.2E+02
  Ba135m(n,g    ) Ba136  3.201E+00+-7.8E+01 Ba135m(n,g    ) Ba136m 1.337E-01+-7.8E+01 Ba135m(n,p    ) Cs135  2.608E-06+-7.8E+01 Ba135m(n,p    ) Cs135m 2.106E-08+-7.8E+01
  Ba135m(n,d    ) Cs134  6.493E-12+-1.2E+02 Ba135m(n,a    ) Xe132  3.197E-06+-7.1E+01 Ba136 (n,n    ) Ba136m 5.233E-03+-5.0E+01 Ba136 (n,2n   ) Ba135  3.690E-05+-3.0E+01
  Ba136 (n,2n   ) Ba135m 1.650E-05+-2.0E+01 Ba136 (n,na   ) Xe132  8.566E-11+-1.0E+02 Ba136 (n,np   ) Cs135m 4.973E-12+-0.0E+00 Ba136 (n,g    ) Ba137  1.064E-01+-3.8E+01
  Ba136 (n,g    ) Ba137m 4.928E-03+-4.3E+01 Ba136 (n,p    ) Cs136  5.954E-07+-3.0E+01 Ba136 (n,p    ) Cs136m 5.774E-08+-3.0E+01 Ba136 (n,a    ) Xe133  1.551E-07+-6.0E+01
  Ba136 (n,a    ) Xe133m 4.625E-08+-3.0E+01 Ba137 (n,n    ) Ba137m 1.148E-01+-3.0E+01 Ba137 (n,2n   ) Ba136  1.242E-03+-4.0E+01 Ba137 (n,2n   ) Ba136m 5.141E-05+-2.0E+01
  Ba137 (n,na   ) Xe133  3.558E-12+-1.2E+02 Ba137 (n,na   ) Xe133m 3.883E-12+-1.2E+02 Ba137 (n,g    ) Ba138  5.122E-01+-1.2E+01 Ba137 (n,p    ) Cs137  3.189E-06+-3.0E+01
  Ba137 (n,a    ) Xe134  3.894E-07+-8.5E+01 Ba137 (n,a    ) Xe134m 1.179E-08+-8.5E+01 Ba138 (n,2n   ) Ba137  1.264E-04+-7.2E+01 Ba138 (n,2n   ) Ba137m 2.193E-05+-1.0E+01
  Ba138 (n,na   ) Xe134  4.962E-12+-1.2E+02 Ba138 (n,g    ) Ba139  3.344E-02+-1.6E+01 Ba138 (n,p    ) Cs138  6.612E-08+-3.0E+01 Ba138 (n,p    ) Cs138m 1.818E-08+-2.0E+01
  Ba138 (n,a    ) Xe135  1.346E-07+-3.0E+01 Ba138 (n,a    ) Xe135m 4.674E-08+-3.0E+01 Ba139 (n,2n   ) Ba138  1.073E-02+-4.0E+01 Ba139 (n,na   ) Xe135  6.914E-11+-1.2E+02
  Ba139 (n,na   ) Xe135m 3.414E-11+-1.2E+02 Ba139 (n,g    ) Ba140  4.098E-01+-1.7E+01 Ba139 (n,p    ) Cs139  2.349E-08+-5.0E+01 Ba139 (n,t    ) Cs137  3.715E-12+-6.0E+01
  Ba139 (n,a    ) Xe136  2.025E-06+-5.7E+01 Ba140 (n,2n   ) Ba139  5.012E-03+-4.0E+01 Ba140 (n,na   ) Xe136  8.545E-08+-1.0E+02 Ba140 (n,g    ) Ba141  5.516E-01+-8.8E+00
  Ba140 (n,p    ) Cs140  2.767E-10+-5.0E+01 Ba140 (n,a    ) Xe137  1.266E-07+-6.0E+01 La135 (n,2n   ) La134  6.339E-06+-4.0E+01 La135 (n,na   ) Cs131  7.886E-09+-1.0E+02
  La135 (n,np   ) Ba134  8.538E-07+-1.0E+02 La135 (n,g    ) La136  1.198E+01+-7.8E+01 La135 (n,g    ) La136m 4.997E-01+-7.8E+01 La135 (n,p    ) Ba135  6.188E-05+-7.8E+01
  La135 (n,p    ) Ba135m 1.780E-05+-7.8E+01 La135 (n,d    ) Ba134  6.630E-08+-1.0E+02 La135 (n,a    ) Cs132  2.729E-06+-6.0E+01 La137 (n,2n   ) La136  2.453E-05+-7.2E+01
  La137 (n,2n   ) La136m 1.382E-05+-7.2E+01 La137 (n,na   ) Cs133  1.290E-09+-1.0E+02 La137 (n,np   ) Ba136  8.988E-08+-1.2E+02 La137 (n,np   ) Ba136m 2.579E-12+-1.2E+02
  La137 (n,g    ) La138  6.572E+00+-2.2E+02 La137 (n,p    ) Ba137  7.489E-06+-7.8E+01 La137 (n,p    ) Ba137m 3.131E-06+-7.8E+01 La137 (n,d    ) Ba136  1.927E-08+-1.2E+02
  La137 (n,d    ) Ba136m 2.540E-11+-1.2E+02 La137 (n,a    ) Cs134  1.268E-06+-8.5E+01 La137 (n,a    ) Cs134m 4.594E-08+-8.5E+01 La138 (n,2n   ) La137  7.682E-04+-4.0E+01
  La138 (n,na   ) Cs134  3.429E-11+-1.2E+02 La138 (n,na   ) Cs134m 1.191E-11+-1.2E+02 La138 (n,np   ) Ba137  3.797E-10+-1.2E+02 La138 (n,np   ) Ba137m 8.984E-11+-1.2E+02
  La138 (n,g    ) La139  1.306E+01+-1.7E+01 La138 (n,p    ) Ba138  1.763E-05+-4.7E+01 La138 (n,d    ) Ba137  2.572E-09+-1.2E+02 La138 (n,d    ) Ba137m 1.244E-09+-1.2E+02
  La138 (n,t    ) Ba136  8.154E-11+-8.5E+01 La138 (n,a    ) Cs135  7.394E-06+-8.5E+01 La138 (n,a    ) Cs135m 8.500E-09+-8.5E+01 La139 (n,2n   ) La138  1.137E-04+-4.0E+01
  La139 (n,na   ) Cs135  4.581E-11+-1.2E+02 La139 (n,np   ) Ba138  1.088E-09+-1.0E+02 La139 (n,g    ) La140  9.717E-01+-7.3E+00 La139 (n,p    ) Ba139  4.073E-07+-2.0E+01
  La139 (n,d    ) Ba138  3.507E-09+-1.0E+02 La139 (n,a    ) Cs136  2.926E-07+-3.0E+01 La139 (n,a    ) Cs136m 3.617E-08+-6.0E+01 La140 (n,2n   ) La139  1.371E-02+-4.0E+01
  La140 (n,na   ) Cs136  4.871E-10+-1.2E+02 La140 (n,na   ) Cs136m 1.894E-10+-1.2E+02 La140 (n,np   ) Ba139  1.501E-11+-1.0E+02 La140 (n,g    ) La141  1.348E+00+-8.7E+00
  La140 (n,p    ) Ba140  1.333E-06+-5.0E+01 La140 (n,d    ) Ba139  8.156E-10+-1.0E+02 La140 (n,t    ) Ba138  9.584E-09+-6.0E+01 La140 (n,a    ) Cs137  3.559E-05+-6.0E+01
  La141 (n,2n   ) La140  4.039E-03+-4.0E+01 La141 (n,na   ) Cs137  2.636E-07+-1.0E+02 La141 (n,g    ) La142  3.820E+00+-2.7E+02 La141 (n,p    ) Ba141  7.114E-08+-5.0E+01
  La141 (n,d    ) Ba140  3.291E-10+-1.0E+02 La141 (n,t    ) Ba139  7.860E-12+-6.0E+01 La141 (n,a    ) Cs138  2.571E-07+-8.5E+01 La141 (n,a    ) Cs138m 7.713E-08+-8.5E+01
  Ce134 (n,na   ) Ba130  8.244E-08+-1.0E+02 Ce134 (n,np   ) La133  8.106E-09+-1.0E+02 Ce134 (n,g    ) Ce135  2.005E+00+-7.8E+01 Ce134 (n,g    ) Ce135m 3.005E-01+-7.8E+01
  Ce134 (n,p    ) La134  4.945E-04+-5.0E+01 Ce134 (n,d    ) La133  4.946E-10+-1.0E+02 Ce134 (n,a    ) Ba131  9.957E-05+-8.5E+01 Ce134 (n,a    ) Ba131m 1.646E-05+-8.5E+01
  Ce134 (n,2p   ) Ba133  1.496E-12+-2.1E+02 Ce135 (n,n    ) Ce135m 2.079E-02+-1.0E+02 Ce135 (n,2n   ) Ce134  2.649E-04+-4.0E+01 Ce135 (n,na   ) Ba131  1.755E-08+-1.2E+02
  Ce135 (n,na   ) Ba131m 1.485E-08+-1.2E+02 Ce135 (n,np   ) La134  2.700E-09+-1.0E+02 Ce135 (n,g    ) Ce136  1.965E+01+-1.7E+02 Ce135 (n,p    ) La135  1.871E-03+-5.0E+01
  Ce135 (n,d    ) La134  5.789E-10+-1.0E+02 Ce135 (n,a    ) Ba132  1.883E-03+-6.0E+01 Ce135 (n,2p   ) Ba134  2.324E-10+-2.0E+02 Ce135 (n,pa   ) Cs131  1.333E-12+-2.0E+02
  Ce136 (n,na   ) Ba132  1.481E-08+-1.0E+02 Ce136 (n,np   ) La135  6.018E-10+-1.0E+02 Ce136 (n,g    ) Ce137  2.135E+00+-4.0E+01 Ce136 (n,g    ) Ce137m 3.299E-01+-4.0E+01
  Ce136 (n,p    ) La136  7.902E-05+-7.8E+01 Ce136 (n,p    ) La136m 2.229E-05+-7.8E+01 Ce136 (n,d    ) La135  1.006E-10+-1.0E+02 Ce136 (n,a    ) Ba133  1.039E-05+-8.5E+01
  Ce136 (n,a    ) Ba133m 1.943E-06+-8.5E+01 Ce137 (n,2n   ) Ce136  5.556E-04+-4.0E+01 Ce137 (n,na   ) Ba133  3.657E-09+-1.2E+02 Ce137 (n,na   ) Ba133m 1.643E-09+-1.2E+02
  Ce137 (n,np   ) La136  5.527E-11+-1.2E+02 Ce137 (n,np   ) La136m 3.534E-11+-1.2E+02 Ce137 (n,g    ) Ce138  1.726E+01+-1.5E+02 Ce137 (n,p    ) La137  7.957E-05+-5.0E+01
  Ce137 (n,d    ) La136  7.957E-11+-1.2E+02 Ce137 (n,d    ) La136m 2.244E-11+-1.2E+02 Ce137 (n,a    ) Ba134  2.454E-04+-6.0E+01 Ce137m(n,n    ) Ce137  1.906E-01+-1.0E+02
  Ce137m(n,2n   ) Ce136  3.749E-04+-4.0E+01 Ce137m(n,na   ) Ba133  6.585E-09+-1.2E+02 Ce137m(n,na   ) Ba133m 5.493E-09+-1.2E+02 Ce137m(n,np   ) La136  2.030E-10+-1.2E+02
  Ce137m(n,np   ) La136m 1.298E-10+-1.2E+02 Ce137m(n,g    ) Ce138  8.053E+00+-2.6E+02 Ce137m(n,p    ) La137  7.786E-05+-5.0E+01 Ce137m(n,d    ) La136  2.563E-10+-1.2E+02
  Ce137m(n,d    ) La136m 7.229E-11+-1.2E+02 Ce137m(n,a    ) Ba134  1.076E-04+-6.0E+01 Ce138 (n,2n   ) Ce137  8.397E-07+-3.0E+01 Ce138 (n,na   ) Ba134  2.289E-09+-1.0E+02
  Ce138 (n,np   ) La137  7.287E-12+-1.0E+02 Ce138 (n,g    ) Ce139  3.195E-01+-4.5E+01 Ce138 (n,g    ) Ce139m 6.092E-03+-6.4E+01 Ce138 (n,p    ) La138  8.390E-06+-5.0E+01
  Ce138 (n,d    ) La137  9.701E-12+-1.0E+02 Ce138 (n,a    ) Ba135  1.501E-06+-8.5E+01 Ce138 (n,a    ) Ba135m 3.778E-07+-8.5E+01 Ce139 (n,n    ) Ce139m 1.033E-01+-1.0E+02
  Ce139 (n,2n   ) Ce138  5.410E-04+-4.0E+01 Ce139 (n,na   ) Ba135  2.116E-10+-1.2E+02 Ce139 (n,na   ) Ba135m 1.893E-10+-1.2E+02 Ce139 (n,np   ) La138  1.040E-12+-1.0E+02
  Ce139 (n,g    ) Ce140  7.433E+01+-5.6E+01 Ce139 (n,p    ) La139  1.136E-05+-5.0E+01 Ce139 (n,d    ) La138  1.245E-11+-1.0E+02 Ce139 (n,a    ) Ba136  5.856E-05+-8.5E+01
  Ce139 (n,a    ) Ba136m 7.497E-08+-8.5E+01 Ce140 (n,2n   ) Ce139  3.113E-05+-2.0E+01 Ce140 (n,na   ) Ba136  2.260E-10+-1.2E+02 Ce140 (n,g    ) Ce141  5.055E-02+-1.1E+01
  Ce140 (n,p    ) La140  9.394E-07+-2.0E+01 Ce140 (n,d    ) La139  2.819E-12+-1.0E+02 Ce140 (n,a    ) Ba137  3.133E-07+-6.0E+01 Ce140 (n,a    ) Ba137m 3.232E-07+-3.0E+01
  Ce141 (n,2n   ) Ce140  5.359E-03+-4.0E+01 Ce141 (n,na   ) Ba137  1.769E-09+-1.2E+02 Ce141 (n,na   ) Ba137m 6.222E-10+-1.2E+02 Ce141 (n,g    ) Ce142  5.533E+00+-3.9E+01
  Ce141 (n,p    ) La141  2.986E-07+-5.0E+01 Ce141 (n,t    ) La139  3.701E-12+-6.0E+01 Ce141 (n,a    ) Ba138  1.325E-04+-8.5E+01 Ce142 (n,2n   ) Ce141  2.655E-03+-1.0E+01
  Ce142 (n,na   ) Ba138  3.399E-07+-1.0E+02 Ce142 (n,g    ) Ce143  1.014E-01+-1.3E+01 Ce142 (n,p    ) La142  6.715E-09+-3.0E+01 Ce142 (n,a    ) Ba139  4.594E-07+-3.0E+01
  Ce143 (n,2n   ) Ce142  1.033E-02+-4.0E+01 Ce143 (n,na   ) Ba139  1.991E-08+-1.0E+02 Ce143 (n,g    ) Ce144  6.154E-01+-9.6E+00 Ce143 (n,p    ) La143  6.404E-08+-5.0E+01
  Ce143 (n,a    ) Ba140  1.897E-06+-6.0E+01 Ce144 (n,2n   ) Ce143  3.082E-03+-4.0E+01 Ce144 (n,na   ) Ba140  4.182E-09+-1.0E+02 Ce144 (n,g    ) Ce145  1.759E-01+-9.9E+00
  Ce144 (n,p    ) La144  7.968E-10+-5.0E+01 Ce144 (n,a    ) Ba141  8.609E-08+-6.0E+01 Pr141 (n,2n   ) Pr140  1.655E-05+-1.0E+01 Pr141 (n,na   ) La137  5.077E-10+-1.0E+02
  Pr141 (n,np   ) Ce140  1.285E-07+-1.0E+02 Pr141 (n,g    ) Pr142  8.879E-01+-3.6E+01 Pr141 (n,g    ) Pr142m 4.737E-01+-2.1E+01 Pr141 (n,p    ) Ce141  3.148E-06+-2.0E+01
  Pr141 (n,d    ) Ce140  3.011E-08+-1.0E+02 Pr141 (n,a    ) La138  1.133E-06+-2.8E+01 Pr142 (n,n    ) Pr142m 7.396E-01+-1.0E+02 Pr142 (n,2n   ) Pr141  7.813E-03+-4.0E+01
  Pr142 (n,na   ) La138  4.882E-09+-1.0E+02 Pr142 (n,np   ) Ce141  1.698E-09+-1.0E+02 Pr142 (n,g    ) Pr143  8.210E+00+-1.1E+01 Pr142 (n,p    ) Ce142  1.158E-05+-5.0E+01
  Pr142 (n,d    ) Ce141  9.811E-09+-1.0E+02 Pr142 (n,t    ) Ce140  1.840E-08+-6.0E+01 Pr142 (n,a    ) La139  1.065E-03+-6.0E+01 Pr143 (n,2n   ) Pr142  3.085E-04+-7.2E+01
  Pr143 (n,2n   ) Pr142m 1.750E-03+-7.2E+01 Pr143 (n,na   ) La139  3.797E-05+-1.0E+02 Pr143 (n,np   ) Ce142  1.707E-10+-1.0E+02 Pr143 (n,g    ) Pr144  2.017E+00+-7.8E+01
  Pr143 (n,g    ) Pr144m 1.088E+01+-7.8E+01 Pr143 (n,p    ) Ce143  8.465E-07+-5.0E+01 Pr143 (n,d    ) Ce142  9.019E-09+-1.0E+02 Pr143 (n,t    ) Ce141  3.799E-11+-6.0E+01
  Pr143 (n,a    ) La140  2.105E-05+-6.0E+01 Nd140 (n,na   ) Ce136  9.099E-09+-1.0E+02 Nd140 (n,np   ) Pr139  1.440E-09+-1.0E+02 Nd140 (n,g    ) Nd141  1.199E+00+-7.8E+01
  Nd140 (n,g    ) Nd141m 1.795E-01+-7.8E+01 Nd140 (n,p    ) Pr140  1.668E-04+-5.0E+01 Nd140 (n,d    ) Pr139  1.347E-10+-1.0E+02 Nd140 (n,a    ) Ce137  1.608E-05+-8.5E+01
  Nd140 (n,a    ) Ce137m 2.087E-06+-8.5E+01 Nd141 (n,n    ) Nd141m 1.121E-01+-1.0E+02 Nd141 (n,2n   ) Nd140  3.040E-04+-4.0E+01 Nd141 (n,na   ) Ce137  2.457E-09+-1.2E+02
  Nd141 (n,na   ) Ce137m 1.684E-09+-1.2E+02 Nd141 (n,np   ) Pr140  1.198E-09+-1.0E+02 Nd141 (n,g    ) Nd142  2.490E+00+-4.8E+02 Nd141 (n,p    ) Pr141  3.532E-04+-5.0E+01
  Nd141 (n,d    ) Pr140  2.761E-10+-1.0E+02 Nd141 (n,a    ) Ce138  3.334E-04+-6.0E+01 Nd141 (n,2p   ) Ce140  2.622E-11+-2.0E+02 Nd142 (n,2n   ) Nd141  5.024E-07+-3.0E+01
  Nd142 (n,na   ) Ce138  1.476E-09+-1.0E+02 Nd142 (n,np   ) Pr141  1.560E-10+-1.0E+02 Nd142 (n,g    ) Nd143  1.458E+00+-1.3E+01 Nd142 (n,p    ) Pr142  1.338E-06+-6.7E+01
  Nd142 (n,p    ) Pr142m 2.645E-06+-6.7E+01 Nd142 (n,d    ) Pr141  4.490E-11+-1.0E+02 Nd142 (n,a    ) Ce139  6.787E-06+-6.1E+01 Nd142 (n,a    ) Ce139m 1.029E-06+-3.0E+01
  Nd143 (n,2n   ) Nd142  2.140E-03+-4.0E+01 Nd143 (n,na   ) Ce139  1.198E-08+-1.2E+02 Nd143 (n,na   ) Ce139m 3.325E-09+-1.2E+02 Nd143 (n,g    ) Nd144  2.556E+01+-2.6E+01
  Nd143 (n,p    ) Pr143  6.938E-06+-3.0E+01 Nd143 (n,d    ) Pr142  4.909E-12+-1.2E+02 Nd143 (n,d    ) Pr142m 2.106E-11+-1.2E+02 Nd143 (n,t    ) Pr141  2.360E-12+-6.0E+01
  Nd143 (n,a    ) Ce140  2.117E-03+-1.9E+01 Nd144 (n,2n   ) Nd143  9.644E-04+-1.0E+01 Nd144 (n,na   ) Ce140  2.333E-06+-1.0E+02 Nd144 (n,g    ) Nd145  3.879E-01+-1.4E+01
  Nd144 (n,p    ) Pr144  2.821E-07+-3.0E+01 Nd144 (n,p    ) Pr144m 4.706E-08+-3.0E+01 Nd144 (n,d    ) Pr143  2.977E-12+-1.0E+02 Nd144 (n,a    ) Ce141  3.791E-06+-3.3E+01
  Nd145 (n,2n   ) Nd144  3.903E-03+-4.0E+01 Nd145 (n,na   ) Ce141  1.843E-07+-1.0E+02 Nd145 (n,2na  ) Ce140  3.490E-12+-2.0E+02 Nd145 (n,g    ) Nd146  9.016E+00+-1.3E+01
  Nd145 (n,p    ) Pr145  6.689E-07+-3.0E+01 Nd145 (n,d    ) Pr144m 1.709E-12+-1.2E+02 Nd145 (n,t    ) Pr143  1.010E-12+-6.0E+01 Nd145 (n,a    ) Ce142  2.999E-05+-6.2E+01
  Nd145 (n,2a   ) Ba138  1.044E-12+-2.0E+02 Nd146 (n,2n   ) Nd145  1.343E-03+-1.0E+01 Nd146 (n,na   ) Ce142  5.579E-08+-1.0E+02 Nd146 (n,g    ) Nd147  2.030E-01+-1.3E+01
  Nd146 (n,p    ) Pr146  3.024E-08+-3.0E+01 Nd146 (n,a    ) Ce143  4.601E-07+-2.8E+01 Nd147 (n,2n   ) Nd146  8.531E-03+-4.0E+01 Nd147 (n,na   ) Ce143  1.342E-08+-1.0E+02
  Nd147 (n,g    ) Nd148  4.408E+01+-6.2E+01 Nd147 (n,p    ) Pr147  1.488E-07+-5.0E+01 Nd147 (n,a    ) Ce144  1.762E-04+-7.3E+01 Nd148 (n,2n   ) Nd147  2.023E-03+-1.0E+01
  Nd148 (n,na   ) Ce144  7.884E-09+-1.0E+02 Nd148 (n,g    ) Nd149  8.330E-01+-3.9E+01 Nd148 (n,p    ) Pr148  2.872E-09+-6.3E+01 Nd148 (n,p    ) Pr148m 1.547E-09+-6.3E+01
  Nd148 (n,a    ) Ce145  9.153E-08+-3.0E+01 Nd149 (n,2n   ) Nd148  1.119E-02+-4.0E+01 Nd149 (n,na   ) Ce145  3.708E-10+-1.0E+02 Nd149 (n,g    ) Nd150  1.867E+01+-1.6E+02
  Nd149 (n,p    ) Pr149  3.838E-08+-5.0E+01 Nd149 (n,a    ) Ce146  6.322E-07+-6.0E+01 Nd150 (n,2n   ) Nd149  1.469E-03+-1.0E+01 Nd150 (n,na   ) Ce146  7.380E-11+-1.0E+02
  Nd150 (n,g    ) Nd151  5.989E-01+-1.6E+01 Nd150 (n,p    ) Pr150  2.685E-10+-5.0E+01 Nd150 (n,a    ) Ce147  1.243E-08+-6.0E+01 Pm143 (n,na   ) Pr139  3.442E-09+-1.0E+02
  Pm143 (n,np   ) Nd142  2.476E-06+-1.0E+02 Pm143 (n,g    ) Pm144  3.481E+00+-3.1E+02 Pm143 (n,p    ) Nd143  4.847E-05+-5.0E+01 Pm143 (n,d    ) Nd142  1.607E-07+-1.0E+02
  Pm143 (n,a    ) Pr140  4.290E-05+-6.0E+01 Pm144 (n,2n   ) Pm143  2.405E-03+-4.0E+01 Pm144 (n,na   ) Pr140  3.442E-08+-1.0E+02 Pm144 (n,np   ) Nd143  3.939E-08+-1.0E+02
  Pm144 (n,g    ) Pm145  1.935E+01+-1.5E+02 Pm144 (n,p    ) Nd144  6.904E-05+-5.0E+01 Pm144 (n,d    ) Nd143  5.887E-08+-1.0E+02 Pm144 (n,t    ) Nd142  1.017E-08+-6.0E+01
  Pm144 (n,a    ) Pr141  1.119E-02+-6.0E+01 Pm144 (n,pa   ) Ce140  6.171E-11+-2.0E+02 Pm145 (n,2n   ) Pm144  9.245E-04+-4.0E+01 Pm145 (n,na   ) Pr141  4.981E-06+-1.0E+02
  Pm145 (n,np   ) Nd144  3.215E-08+-1.0E+02 Pm145 (n,g    ) Pm146  1.381E+01+-1.7E+02 Pm145 (n,p    ) Nd145  8.264E-06+-5.0E+01 Pm145 (n,d    ) Nd144  5.302E-08+-1.0E+02
  Pm145 (n,t    ) Nd143  5.190E-11+-6.0E+01 Pm145 (n,a    ) Pr142  5.789E-04+-8.5E+01 Pm145 (n,a    ) Pr142m 2.403E-04+-8.5E+01 Pm146 (n,2n   ) Pm145  4.956E-03+-4.0E+01
  Pm146 (n,na   ) Pr142  8.779E-08+-1.2E+02 Pm146 (n,na   ) Pr142m 4.771E-07+-1.2E+02 Pm146 (n,2na  ) Pr141  1.186E-12+-2.0E+02 Pm146 (n,np   ) Nd145  3.793E-09+-1.0E+02
  Pm146 (n,g    ) Pm147  2.067E+03+-6.4E+01 Pm146 (n,p    ) Nd146  2.680E-05+-5.0E+01 Pm146 (n,d    ) Nd145  1.279E-08+-1.0E+02 Pm146 (n,t    ) Nd144  9.484E-09+-6.0E+01
  Pm146 (n,a    ) Pr143  3.544E-02+-6.0E+01 Pm146 (n,2a   ) La139  1.881E-11+-2.0E+02 Pm147 (n,2n   ) Pm146  1.250E-03+-4.0E+01 Pm147 (n,na   ) Pr143  1.773E-07+-1.0E+02
  Pm147 (n,np   ) Nd146  4.370E-10+-1.0E+02 Pm147 (n,g    ) Pm148  3.173E+01+-9.7E+00 Pm147 (n,g    ) Pm148m 2.697E+01+-1.2E+01 Pm147 (n,p    ) Nd147  1.539E-06+-5.0E+01
  Pm147 (n,d    ) Nd146  1.693E-08+-1.0E+02 Pm147 (n,t    ) Nd145  1.871E-11+-6.0E+01 Pm147 (n,a    ) Pr144  7.051E-05+-8.5E+01 Pm147 (n,a    ) Pr144m 1.299E-04+-8.5E+01
  Pm148 (n,n    ) Pm148m 1.869E-01+-1.0E+02 Pm148 (n,2n   ) Pm147  8.456E-03+-4.0E+01 Pm148 (n,na   ) Pr144  9.156E-09+-1.2E+02 Pm148 (n,na   ) Pr144m 2.333E-08+-1.2E+02
  Pm148 (n,np   ) Nd147  1.655E-10+-1.0E+02 Pm148 (n,g    ) Pm149  1.306E+02+-5.2E+01 Pm148 (n,p    ) Nd148  6.183E-06+-5.0E+01 Pm148 (n,d    ) Nd147  2.563E-09+-1.0E+02
  Pm148 (n,t    ) Nd146  4.127E-09+-6.0E+01 Pm148 (n,a    ) Pr145  5.986E-04+-6.0E+01 Pm148m(n,n    ) Pm148  3.155E+00+-1.0E+02 Pm148m(n,2n   ) Pm147  8.673E-03+-4.0E+01
  Pm148m(n,na   ) Pr144  1.642E-08+-1.2E+02 Pm148m(n,na   ) Pr144m 3.990E-08+-1.2E+02 Pm148m(n,np   ) Nd147  2.099E-10+-1.0E+02 Pm148m(n,g    ) Pm149  2.554E+03+-1.0E+01
  Pm148m(n,p    ) Nd148  2.344E-06+-5.0E+01 Pm148m(n,d    ) Nd147  2.840E-09+-1.0E+02 Pm148m(n,t    ) Nd146  7.751E-10+-6.0E+01 Pm148m(n,a    ) Pr145  6.325E-04+-6.0E+01
  Pm149 (n,2n   ) Pm148  1.200E-03+-7.2E+01 Pm149 (n,2n   ) Pm148m 6.071E-04+-7.2E+01 Pm149 (n,na   ) Pr145  1.890E-08+-1.0E+02 Pm149 (n,np   ) Nd148  3.197E-11+-1.0E+02
  Pm149 (n,g    ) Pm150  4.670E+02+-7.3E+01 Pm149 (n,p    ) Nd149  4.603E-07+-5.0E+01 Pm149 (n,d    ) Nd148  3.593E-09+-1.0E+02 Pm149 (n,t    ) Nd147  5.235E-12+-6.0E+01
  Pm149 (n,a    ) Pr146  9.814E-07+-6.0E+01 Pm150 (n,2n   ) Pm149  1.202E-02+-4.0E+01 Pm150 (n,na   ) Pr146  1.031E-09+-1.0E+02 Pm150 (n,np   ) Nd149  1.201E-11+-1.0E+02
  Pm150 (n,g    ) Pm151  1.819E+02+-9.5E+01 Pm150 (n,p    ) Nd150  2.422E-06+-5.0E+01 Pm150 (n,d    ) Nd149  5.816E-10+-1.0E+02 Pm150 (n,t    ) Nd148  2.393E-09+-6.0E+01
  Pm150 (n,a    ) Pr147  1.312E-05+-6.0E+01 Pm151 (n,2n   ) Pm150  1.040E-03+-4.0E+01 Pm151 (n,na   ) Pr147  1.653E-10+-1.0E+02 Pm151 (n,g    ) Pm152  4.306E+01+-7.8E+01
  Pm151 (n,g    ) Pm152m 7.750E+00+-7.8E+01 Pm151 (n,g    ) Pm152n 5.425E-02+-7.8E+01 Pm151 (n,p    ) Nd151  1.183E-07+-5.0E+01 Pm151 (n,d    ) Nd150  8.832E-11+-1.0E+02
  Pm151 (n,a    ) Pr148  6.879E-09+-8.5E+01 Pm151 (n,a    ) Pr148m 1.441E-08+-8.5E+01 Sm144 (n,na   ) Nd140  1.004E-08+-1.0E+02 Sm144 (n,np   ) Pm143  1.827E-08+-1.0E+02
  Sm144 (n,g    ) Sm145  2.025E-01+-1.3E+01 Sm144 (n,p    ) Pm144  2.650E-05+-3.0E+01 Sm144 (n,d    ) Pm143  7.373E-10+-1.0E+02 Sm144 (n,a    ) Nd141  2.067E-05+-1.4E+02
  Sm144 (n,a    ) Nd141m 2.828E-06+-6.0E+01 Sm145 (n,2n   ) Sm144  9.110E-04+-4.0E+01 Sm145 (n,na   ) Nd141  8.221E-08+-1.2E+02 Sm145 (n,na   ) Nd141m 2.435E-08+-1.2E+02
  Sm145 (n,np   ) Pm144  7.379E-10+-1.0E+02 Sm145 (n,g    ) Sm146  3.375E+01+-9.2E+00 Sm145 (n,p    ) Pm145  3.175E-05+-5.0E+01 Sm145 (n,d    ) Pm144  4.960E-10+-1.0E+02
  Sm145 (n,t    ) Pm143  7.765E-12+-6.0E+01 Sm145 (n,a    ) Nd142  1.277E-02+-6.0E+01 Sm145 (n,pa   ) Pr141  3.821E-11+-2.0E+02 Sm146 (n,2n   ) Sm145  3.591E-04+-4.0E+01
  Sm146 (n,na   ) Nd142  4.907E-06+-1.0E+02 Sm146 (n,np   ) Pm145  4.475E-11+-1.0E+02 Sm146 (n,g    ) Sm147  1.409E+00+-7.5E+02 Sm146 (n,p    ) Pm146  5.238E-06+-5.0E+01
  Sm146 (n,d    ) Pm145  7.206E-11+-1.0E+02 Sm146 (n,a    ) Nd143  1.051E-04+-6.0E+01 Sm147 (n,2n   ) Sm146  1.955E-03+-4.0E+01 Sm147 (n,na   ) Nd143  1.411E-06+-1.0E+02
  Sm147 (n,2na  ) Nd142  1.022E-08+-2.0E+02 Sm147 (n,np   ) Pm146  8.779E-12+-1.0E+02 Sm147 (n,g    ) Sm148  2.556E+01+-1.2E+01 Sm147 (n,p    ) Pm147  5.458E-06+-5.0E+01
  Sm147 (n,d    ) Pm146  2.484E-11+-1.0E+02 Sm147 (n,a    ) Nd144  2.599E-04+-7.6E+01 Sm147 (n,2a   ) Ce140  4.362E-11+-2.0E+02 Sm148 (n,2n   ) Sm147  6.865E-04+-1.0E+01
  Sm148 (n,na   ) Nd144  5.433E-07+-1.0E+02 Sm148 (n,g    ) Sm149  1.356E+00+-4.4E+01 Sm148 (n,p    ) Pm148  1.545E-06+-3.0E+01 Sm148 (n,p    ) Pm148m 2.205E-06+-3.0E+01
  Sm148 (n,d    ) Pm147  5.183E-12+-1.0E+02 Sm148 (n,a    ) Nd145  1.007E-05+-6.0E+01 Sm149 (n,2n   ) Sm148  3.955E-03+-4.0E+01 Sm149 (n,na   ) Nd145  2.922E-07+-1.0E+02
  Sm149 (n,g    ) Sm150  6.492E+03+-9.9E+00 Sm149 (n,p    ) Pm149  1.345E-06+-5.0E+01 Sm149 (n,d    ) Pm148  2.688E-12+-1.2E+02 Sm149 (n,d    ) Pm148m 1.106E-12+-1.2E+02
  Sm149 (n,t    ) Pm147  1.388E-12+-6.0E+01 Sm149 (n,a    ) Nd146  4.865E-03+-9.2E+01 Sm150 (n,2n   ) Sm149  5.581E-04+-1.0E+01 Sm150 (n,na   ) Nd146  6.030E-08+-1.0E+02
  Sm150 (n,g    ) Sm151  1.590E+01+-1.2E+01 Sm150 (n,p    ) Pm150  2.211E-06+-3.0E+01 Sm150 (n,a    ) Nd147  2.611E-06+-5.5E+01 Sm151 (n,2n   ) Sm150  6.584E-03+-4.0E+01
  Sm151 (n,na   ) Nd147  6.886E-09+-1.0E+02 Sm151 (n,g    ) Sm152  7.599E+02+-9.0E+00 Sm151 (n,p    ) Pm151  6.425E-07+-5.0E+01 Sm151 (n,a    ) Nd148  1.577E-03+-7.7E+01
  Sm152 (n,2n   ) Sm151  4.722E-04+-1.0E+01 Sm152 (n,na   ) Nd148  1.533E-09+-1.0E+02 Sm152 (n,g    ) Sm153  8.881E+01+-8.5E+00 Sm152 (n,p    ) Pm152  9.817E-09+-3.0E+01
  Sm152 (n,p    ) Pm152m 1.745E-08+-3.0E+01 Sm152 (n,p    ) Pm152n 1.213E-09+-3.0E+01 Sm152 (n,a    ) Nd149  7.067E-08+-2.9E+01 Sm153 (n,2n   ) Sm152  6.804E-03+-4.0E+01
  Sm153 (n,na   ) Nd149  2.759E-11+-1.0E+02 Sm153 (n,g    ) Sm154  7.781E+01+-5.5E+01 Sm153 (n,p    ) Pm153  2.028E-07+-5.0E+01 Sm153 (n,a    ) Nd150  4.110E-07+-6.0E+01
  Sm154 (n,2n   ) Sm153  7.619E-04+-1.0E+01 Sm154 (n,na   ) Nd150  3.592E-12+-1.0E+02 Sm154 (n,g    ) Sm155  1.660E+00+-1.3E+01 Sm154 (n,p    ) Pm154  6.961E-09+-3.0E+01
  Sm154 (n,p    ) Pm154m 7.518E-10+-3.0E+01 Sm154 (n,a    ) Nd151  9.999E-09+-3.0E+01 Sm156 (n,2n   ) Sm155  2.846E-03+-4.0E+01 Sm156 (n,g    ) Sm157  1.496E+00+-6.8E+02
  Sm156 (n,p    ) Pm156  5.160E-10+-5.0E+01 Sm156 (n,a    ) Nd153  3.381E-09+-6.0E+01 Eu145 (n,na   ) Pm141  1.317E-08+-1.0E+02 Eu145 (n,np   ) Sm144  3.327E-05+-1.0E+02
  Eu145 (n,g    ) Eu146  8.288E+00+-2.0E+02 Eu145 (n,p    ) Sm145  4.380E-02+-5.0E+01 Eu145 (n,d    ) Sm144  6.224E-07+-1.0E+02 Eu145 (n,a    ) Pm142  1.104E-03+-6.0E+01
  Eu145 (n,pa   ) Nd141  1.429E-10+-2.1E+02 Eu145 (n,pa   ) Nd141m 2.173E-11+-2.1E+02 Eu146 (n,2n   ) Eu145  1.267E-03+-4.0E+01 Eu146 (n,na   ) Pm142  1.812E-07+-1.0E+02
  Eu146 (n,np   ) Sm145  2.107E-06+-1.0E+02 Eu146 (n,g    ) Eu147  3.020E+01+-1.3E+02 Eu146 (n,p    ) Sm146  7.984E-02+-5.0E+01 Eu146 (n,d    ) Sm145  1.849E-07+-1.0E+02
  Eu146 (n,t    ) Sm144  2.374E-08+-6.0E+01 Eu146 (n,a    ) Pm143  1.377E-01+-6.0E+01 Eu146 (n,2a   ) Pr139  4.905E-12+-2.0E+02 Eu146 (n,pa   ) Nd142  9.266E-09+-2.0E+02
  Eu147 (n,2n   ) Eu146  3.186E-04+-4.0E+01 Eu147 (n,na   ) Pm143  1.508E-05+-1.0E+02 Eu147 (n,np   ) Sm146  2.540E-06+-1.0E+02 Eu147 (n,g    ) Eu148  2.235E+01+-1.4E+02
  Eu147 (n,p    ) Sm147  4.648E-04+-5.0E+01 Eu147 (n,d    ) Sm146  1.808E-07+-1.0E+02 Eu147 (n,t    ) Sm145  1.504E-10+-6.0E+01 Eu147 (n,a    ) Pm144  1.356E-02+-6.0E+01
  Eu147 (n,2a   ) Pr140  1.703E-12+-2.0E+02 Eu147 (n,pa   ) Nd143  1.175E-10+-2.0E+02 Eu148 (n,2n   ) Eu147  2.126E-03+-4.0E+01 Eu148 (n,na   ) Pm144  8.663E-04+-1.0E+02
  Eu148 (n,2na  ) Pm143  4.502E-12+-2.0E+02 Eu148 (n,np   ) Sm147  1.452E-07+-1.0E+02 Eu148 (n,g    ) Eu149  1.333E+02+-9.5E+01 Eu148 (n,p    ) Sm148  8.324E-04+-5.0E+01
  Eu148 (n,d    ) Sm147  8.896E-08+-1.0E+02 Eu148 (n,t    ) Sm146  1.556E-08+-6.0E+01 Eu148 (n,a    ) Pm145  4.272E-02+-6.0E+01 Eu148 (n,2a   ) Pr141  8.523E-10+-2.0E+02
  Eu148 (n,pa   ) Nd144  7.477E-11+-2.0E+02 Eu149 (n,2n   ) Eu148  2.122E-04+-4.0E+01 Eu149 (n,na   ) Pm145  1.848E-06+-1.0E+02 Eu149 (n,2na  ) Pm144  1.254E-08+-2.0E+02
  Eu149 (n,np   ) Sm148  1.861E-07+-1.0E+02 Eu149 (n,g    ) Eu150  2.782E+01+-7.8E+01 Eu149 (n,g    ) Eu150m 2.015E+01+-7.8E+01 Eu149 (n,p    ) Sm149  1.512E-05+-5.0E+01
  Eu149 (n,d    ) Sm148  5.892E-08+-1.0E+02 Eu149 (n,t    ) Sm147  4.518E-11+-6.0E+01 Eu149 (n,a    ) Pm146  3.409E-03+-6.0E+01 Eu149 (n,2a   ) Pr142m 3.328E-12+-2.1E+02
  Eu150 (n,n    ) Eu150m 2.919E-01+-1.0E+02 Eu150 (n,2n   ) Eu149  3.260E-03+-4.0E+01 Eu150 (n,na   ) Pm146  8.105E-07+-1.0E+02 Eu150 (n,np   ) Sm149  7.603E-09+-1.0E+02
  Eu150 (n,g    ) Eu151  5.378E+01+-3.5E+02 Eu150 (n,p    ) Sm150  5.249E-05+-5.0E+01 Eu150 (n,d    ) Sm149  2.509E-08+-1.0E+02 Eu150 (n,t    ) Sm148  9.747E-09+-6.0E+01
  Eu150 (n,a    ) Pm147  1.100E-02+-6.0E+01 Eu150 (n,2a   ) Pr143  4.326E-12+-2.0E+02 Eu150m(n,n    ) Eu150  1.275E-01+-1.0E+02 Eu150m(n,2n   ) Eu149  3.465E-03+-4.0E+01
  Eu150m(n,na   ) Pm146  3.110E-07+-1.0E+02 Eu150m(n,np   ) Sm149  1.015E-08+-1.0E+02 Eu150m(n,g    ) Eu151  5.378E+01+-3.5E+02 Eu150m(n,p    ) Sm150  6.864E-04+-5.0E+01
  Eu150m(n,d    ) Sm149  1.662E-08+-1.0E+02 Eu150m(n,t    ) Sm148  9.269E-10+-6.0E+01 Eu150m(n,a    ) Pm147  2.108E-03+-6.0E+01 Eu150m(n,2a   ) Pr143  1.359E-12+-2.0E+02
  Eu151 (n,2n   ) Eu150  2.975E-04+-2.0E+01 Eu151 (n,2n   ) Eu150m 3.004E-04+-2.0E+01 Eu151 (n,na   ) Pm147  3.157E-07+-1.0E+02 Eu151 (n,np   ) Sm150  4.542E-09+-1.0E+02
  Eu151 (n,g    ) Eu152  4.494E+02+-1.1E+01 Eu151 (n,g    ) Eu152m 2.359E+02+-1.1E+01 Eu151 (n,g    ) Eu152n 3.008E-01+-4.3E+01 Eu151 (n,p    ) Sm151  4.011E-06+-5.0E+01
  Eu151 (n,d    ) Sm150  2.977E-08+-1.0E+02 Eu151 (n,t    ) Sm149  1.170E-11+-6.0E+01 Eu151 (n,a    ) Pm148  5.159E-06+-2.0E+01 Eu151 (n,a    ) Pm148m 6.508E-06+-2.0E+01
  Eu152 (n,n    ) Eu152m 4.915E-01+-1.0E+02 Eu152 (n,n    ) Eu152n 1.785E-02+-1.0E+02 Eu152 (n,2n   ) Eu151  4.752E-03+-4.0E+01 Eu152 (n,na   ) Pm148  9.643E-09+-1.2E+02
  Eu152 (n,na   ) Pm148m 4.877E-09+-1.2E+02 Eu152 (n,np   ) Sm151  8.869E-10+-1.0E+02 Eu152 (n,g    ) Eu153  6.331E+02+-2.2E+01 Eu152 (n,p    ) Sm152  1.246E-04+-6.0E+01
  Eu152 (n,d    ) Sm151  3.464E-09+-1.0E+02 Eu152 (n,t    ) Sm150  4.195E-09+-6.0E+01 Eu152 (n,a    ) Pm149  4.685E-03+-6.9E+01 Eu152m(n,n    ) Eu152  5.690E-01+-1.0E+02
  Eu152m(n,n    ) Eu152n 3.381E-03+-1.0E+02 Eu152m(n,2n   ) Eu151  4.937E-03+-4.0E+01 Eu152m(n,na   ) Pm148  4.988E-09+-1.2E+02 Eu152m(n,na   ) Pm148m 2.544E-09+-1.2E+02
  Eu152m(n,np   ) Sm151  9.838E-10+-1.0E+02 Eu152m(n,g    ) Eu153  5.032E+03+-4.7E+01 Eu152m(n,p    ) Sm152  7.347E-04+-6.8E+01 Eu152m(n,d    ) Sm151  3.765E-09+-1.0E+02
  Eu152m(n,t    ) Sm150  7.430E-10+-6.0E+01 Eu152m(n,a    ) Pm149  5.913E-03+-6.9E+01 Eu153 (n,2n   ) Eu152  8.176E-05+-2.0E+01 Eu153 (n,2n   ) Eu152m 1.182E-04+-2.0E+01
  Eu153 (n,2n   ) Eu152n 2.989E-05+-3.0E+01 Eu153 (n,na   ) Pm149  2.091E-09+-1.0E+02 Eu153 (n,np   ) Sm152  1.248E-10+-1.0E+02 Eu153 (n,g    ) Eu154  5.299E+01+-7.8E+01
  Eu153 (n,g    ) Eu154m 8.624E-01+-7.8E+01 Eu153 (n,p    ) Sm153  1.017E-06+-2.0E+01 Eu153 (n,d    ) Sm152  2.374E-09+-1.0E+02 Eu153 (n,a    ) Pm150  4.107E-07+-2.2E+01
  Eu154 (n,n    ) Eu154m 1.858E-02+-1.0E+02 Eu154 (n,2n   ) Eu153  4.793E-03+-4.0E+01 Eu154 (n,na   ) Pm150  5.717E-11+-1.0E+02 Eu154 (n,np   ) Sm153  1.688E-11+-1.0E+02
  Eu154 (n,g    ) Eu155  2.753E+02+-1.8E+01 Eu154 (n,p    ) Sm154  4.337E-06+-5.0E+01 Eu154 (n,d    ) Sm153  4.435E-10+-1.0E+02 Eu154 (n,t    ) Sm152  9.076E-11+-6.0E+01
  Eu154 (n,a    ) Pm151  6.005E-07+-4.9E+01 Eu155 (n,2n   ) Eu154  5.539E-04+-7.2E+01 Eu155 (n,2n   ) Eu154m 2.126E-04+-7.2E+01 Eu155 (n,na   ) Pm151  2.690E-11+-1.0E+02
  Eu155 (n,np   ) Sm154  2.026E-12+-1.0E+02 Eu155 (n,g    ) Eu156  7.696E+02+-1.2E+01 Eu155 (n,p    ) Sm155  3.026E-07+-5.0E+01 Eu155 (n,d    ) Sm154  1.319E-10+-1.0E+02
  Eu155 (n,a    ) Pm152  8.434E-09+-8.5E+01 Eu155 (n,a    ) Pm152m 1.823E-08+-8.5E+01 Eu155 (n,a    ) Pm152n 1.034E-09+-8.5E+01 Eu156 (n,2n   ) Eu155  6.057E-03+-4.0E+01
  Eu156 (n,g    ) Eu157  4.629E+01+-1.1E+02 Eu156 (n,p    ) Sm156  8.521E-07+-5.0E+01 Eu156 (n,d    ) Sm155  1.852E-11+-1.0E+02 Eu156 (n,t    ) Sm154  8.568E-12+-6.0E+01
  Eu156 (n,a    ) Pm153  6.458E-08+-6.0E+01 Eu157 (n,2n   ) Eu156  1.960E-03+-4.0E+01 Eu157 (n,na   ) Pm153  3.517E-12+-1.0E+02 Eu157 (n,g    ) Eu158  5.731E+01+-9.4E+01
  Eu157 (n,p    ) Sm157  5.407E-08+-5.0E+01 Eu157 (n,d    ) Sm156  9.883E-12+-1.0E+02 Eu157 (n,a    ) Pm154  4.984E-09+-8.5E+01 Eu157 (n,a    ) Pm154m 1.012E-08+-8.5E+01
  Gd146 (n,na   ) Sm142  2.518E-08+-1.0E+02 Gd146 (n,np   ) Eu145  1.114E-06+-1.0E+02 Gd146 (n,g    ) Gd147  1.308E+00+-7.7E+02 Gd146 (n,p    ) Eu146  1.177E-03+-5.0E+01
  Gd146 (n,d    ) Eu145  7.016E-09+-1.0E+02 Gd146 (n,a    ) Sm143  7.105E-04+-8.5E+01 Gd146 (n,a    ) Sm143m 2.085E-05+-8.5E+01 Gd146 (n,2p   ) Sm145  2.246E-10+-2.0E+02
  Gd146 (n,pa   ) Pm142  2.862E-11+-2.0E+02 Gd147 (n,2n   ) Gd146  3.675E-04+-4.0E+01 Gd147 (n,na   ) Sm143  3.674E-07+-1.2E+02 Gd147 (n,na   ) Sm143m 8.886E-08+-1.2E+02
  Gd147 (n,np   ) Eu146  2.023E-07+-1.0E+02 Gd147 (n,g    ) Gd148  1.727E+01+-1.7E+02 Gd147 (n,p    ) Eu147  5.151E-03+-5.0E+01 Gd147 (n,d    ) Eu146  4.613E-09+-1.0E+02
  Gd147 (n,t    ) Eu145  1.903E-11+-6.0E+01 Gd147 (n,a    ) Sm144  6.943E-02+-6.0E+01 Gd147 (n,2a   ) Nd140  6.661E-11+-2.0E+02 Gd147 (n,2p   ) Sm146  6.319E-10+-2.0E+02
  Gd147 (n,pa   ) Pm143  7.611E-09+-2.0E+02 Gd148 (n,2n   ) Gd147  7.911E-05+-4.0E+01 Gd148 (n,na   ) Sm144  2.647E-05+-1.0E+02 Gd148 (n,np   ) Eu147  1.245E-08+-1.0E+02
  Gd148 (n,g    ) Gd149  2.943E+03+-9.0E+01 Gd148 (n,p    ) Eu148  5.177E-05+-5.0E+01 Gd148 (n,d    ) Eu147  1.389E-09+-1.0E+02 Gd148 (n,a    ) Sm145  1.703E-03+-6.0E+01
  Gd148 (n,2a   ) Nd141  1.375E-11+-2.1E+02 Gd148 (n,2a   ) Nd141m 2.620E-12+-2.1E+02 Gd148 (n,pa   ) Pm144  3.096E-11+-2.0E+02 Gd149 (n,2n   ) Gd148  8.631E-04+-4.0E+01
  Gd149 (n,na   ) Sm145  1.005E-05+-1.0E+02 Gd149 (n,2na  ) Sm144  3.823E-08+-2.0E+02 Gd149 (n,np   ) Eu148  1.014E-09+-1.0E+02 Gd149 (n,g    ) Gd150  2.582E+01+-1.5E+02
  Gd149 (n,p    ) Eu149  7.580E-05+-5.0E+01 Gd149 (n,d    ) Eu148  5.364E-10+-1.0E+02 Gd149 (n,t    ) Eu147  6.399E-12+-6.0E+01 Gd149 (n,a    ) Sm146  3.304E-02+-6.0E+01
  Gd149 (n,2a   ) Nd142  4.661E-09+-2.0E+02 Gd149 (n,pa   ) Pm145  4.622E-11+-2.0E+02 Gd150 (n,2n   ) Gd149  1.603E-04+-4.0E+01 Gd150 (n,na   ) Sm146  3.410E-06+-1.0E+02
  Gd150 (n,np   ) Eu149  1.798E-10+-1.0E+02 Gd150 (n,g    ) Gd151  4.795E+00+-4.7E+02 Gd150 (n,p    ) Eu150  2.996E-06+-7.8E+01 Gd150 (n,p    ) Eu150m 1.658E-06+-7.8E+01
  Gd150 (n,d    ) Eu149  1.208E-10+-1.0E+02 Gd150 (n,a    ) Sm147  5.508E-04+-6.0E+01 Gd150 (n,2a   ) Nd143  3.305E-11+-2.0E+02 Gd151 (n,2n   ) Gd150  1.590E-03+-4.0E+01
  Gd151 (n,na   ) Sm147  2.046E-06+-1.0E+02 Gd151 (n,2na  ) Sm146  5.906E-06+-2.0E+02 Gd151 (n,np   ) Eu150  2.271E-11+-1.2E+02 Gd151 (n,np   ) Eu150m 1.643E-11+-1.2E+02
  Gd151 (n,g    ) Gd152  8.005E+01+-9.8E+01 Gd151 (n,p    ) Eu151  1.212E-05+-5.0E+01 Gd151 (n,d    ) Eu150  4.860E-11+-1.2E+02 Gd151 (n,d    ) Eu150m 6.352E-11+-1.2E+02
  Gd151 (n,t    ) Eu149  3.895E-12+-6.0E+01 Gd151 (n,a    ) Sm148  8.050E-03+-6.0E+01 Gd151 (n,2a   ) Nd144  4.065E-11+-2.0E+02 Gd152 (n,2n   ) Gd151  2.176E-04+-2.0E+01
  Gd152 (n,na   ) Sm148  7.411E-07+-1.0E+02 Gd152 (n,np   ) Eu151  1.068E-12+-1.0E+02 Gd152 (n,g    ) Gd153  9.843E+01+-2.2E+01 Gd152 (n,p    ) Eu152  8.765E-07+-7.8E+01
  Gd152 (n,p    ) Eu152m 3.465E-07+-7.8E+01 Gd152 (n,p    ) Eu152n 1.083E-07+-7.8E+01 Gd152 (n,d    ) Eu151  1.061E-11+-1.0E+02 Gd152 (n,a    ) Sm149  1.756E-03+-7.7E+01
  Gd153 (n,2n   ) Gd152  3.645E-03+-4.0E+01 Gd153 (n,na   ) Sm149  8.745E-08+-1.0E+02 Gd153 (n,g    ) Gd154  2.015E+03+-2.4E+01 Gd153 (n,p    ) Eu153  5.212E-06+-5.0E+01
  Gd153 (n,d    ) Eu152  6.742E-12+-1.2E+02 Gd153 (n,a    ) Sm150  1.704E-03+-4.3E+01 Gd154 (n,2n   ) Gd153  1.662E-04+-2.0E+01 Gd154 (n,na   ) Sm150  9.547E-09+-1.0E+02
  Gd154 (n,g    ) Gd155  1.297E+01+-1.9E+01 Gd154 (n,p    ) Eu154  3.782E-07+-6.7E+01 Gd154 (n,p    ) Eu154m 4.675E-08+-6.7E+01 Gd154 (n,d    ) Eu153  1.990E-12+-1.0E+02
  Gd154 (n,a    ) Sm151  9.116E-05+-6.3E+01 Gd155 (n,2n   ) Gd154  2.465E-03+-1.0E+01 Gd155 (n,na   ) Sm151  4.774E-10+-1.0E+02 Gd155 (n,g    ) Gd156  2.395E+03+-7.1E+00
  Gd155 (n,p    ) Eu155  1.566E-06+-5.0E+01 Gd155 (n,d    ) Eu154  1.235E-12+-1.2E+02 Gd155 (n,a    ) Sm152  3.991E-06+-5.8E+01 Gd156 (n,2n   ) Gd155  2.433E-04+-1.0E+01
  Gd156 (n,na   ) Sm152  2.643E-10+-1.0E+02 Gd156 (n,g    ) Gd157  3.188E+00+-1.4E+01 Gd156 (n,p    ) Eu156  1.496E-07+-3.0E+01 Gd156 (n,a    ) Sm153  1.550E-07+-3.0E+01
  Gd157 (n,2n   ) Gd156  3.465E-03+-1.0E+01 Gd157 (n,na   ) Sm153  3.487E-11+-1.0E+02 Gd157 (n,g    ) Gd158  1.015E+04+-8.9E+00 Gd157 (n,p    ) Eu157  1.840E-07+-3.0E+01
  Gd157 (n,a    ) Sm154  1.930E-05+-8.9E+02 Gd158 (n,2n   ) Gd157  7.419E-04+-1.0E+01 Gd158 (n,na   ) Sm154  2.341E-11+-1.0E+02 Gd158 (n,g    ) Gd159  1.889E+00+-1.5E+01
  Gd158 (n,p    ) Eu158  1.046E-06+-3.0E+01 Gd158 (n,a    ) Sm155  4.947E-08+-3.0E+01 Gd159 (n,2n   ) Gd158  8.531E-03+-4.0E+01 Gd159 (n,na   ) Sm155  6.873E-12+-1.0E+02
  Gd159 (n,g    ) Gd160  1.267E+01+-2.1E+02 Gd159 (n,p    ) Eu159  8.116E-08+-5.0E+01 Gd159 (n,a    ) Sm156  6.812E-08+-6.0E+01 Gd160 (n,2n   ) Gd159  1.635E-03+-1.0E+01
  Gd160 (n,na   ) Sm156  2.498E-12+-1.0E+02 Gd160 (n,g    ) Gd161  3.397E-01+-3.2E+01 Gd160 (n,p    ) Eu160  2.002E-09+-5.0E+01 Gd160 (n,a    ) Sm157  9.159E-09+-3.0E+01
  Tb151 (n,n    ) Tb151m 8.499E-02+-1.0E+02 Tb151 (n,2n   ) Tb150  6.381E-05+-7.2E+01 Tb151 (n,2n   ) Tb150m 1.387E-06+-7.2E+01 Tb151 (n,na   ) Eu147  2.318E-05+-1.0E+02
  Tb151 (n,np   ) Gd150  1.048E-05+-1.0E+02 Tb151 (n,g    ) Tb152  6.532E+01+-7.8E+01 Tb151 (n,g    ) Tb152m 1.064E+00+-7.8E+01 Tb151 (n,p    ) Gd151  1.039E-02+-5.0E+01
  Tb151 (n,d    ) Gd150  4.585E-07+-1.0E+02 Tb151 (n,t    ) Gd149  2.260E-10+-6.0E+01 Tb151 (n,a    ) Eu148  1.396E-02+-6.0E+01 Tb151 (n,2a   ) Pm144  1.301E-09+-2.0E+02
  Tb151 (n,pa   ) Sm147  5.933E-10+-2.0E+02 Tb152 (n,n    ) Tb152m 1.285E-02+-1.0E+02 Tb152 (n,2n   ) Tb151  1.176E-03+-7.2E+01 Tb152 (n,2n   ) Tb151m 7.754E-04+-7.2E+01
  Tb152 (n,na   ) Eu148  2.936E-06+-1.0E+02 Tb152 (n,2na  ) Eu147  4.061E-12+-2.0E+02 Tb152 (n,np   ) Gd151  7.575E-07+-1.0E+02 Tb152 (n,g    ) Tb153  3.293E+02+-9.4E+01
  Tb152 (n,p    ) Gd152  7.251E-01+-5.0E+01 Tb152 (n,d    ) Gd151  1.590E-07+-1.0E+02 Tb152 (n,t    ) Gd150  2.014E-08+-6.0E+01 Tb152 (n,a    ) Eu149  1.811E-01+-6.0E+01
  Tb152 (n,2a   ) Pm145  2.837E-09+-2.0E+02 Tb152 (n,pa   ) Sm148  6.141E-10+-2.0E+02 Tb153 (n,2n   ) Tb152  5.448E-05+-7.2E+01 Tb153 (n,2n   ) Tb152m 2.498E-06+-7.2E+01
  Tb153 (n,na   ) Eu149  1.635E-06+-1.0E+02 Tb153 (n,np   ) Gd152  5.584E-07+-1.0E+02 Tb153 (n,g    ) Tb154  9.406E+01+-7.8E+01 Tb153 (n,g    ) Tb154m 2.094E+02+-7.8E+01
  Tb153 (n,g    ) Tb154n 3.921E+00+-7.8E+01 Tb153 (n,p    ) Gd153  1.472E-04+-5.0E+01 Tb153 (n,d    ) Gd152  1.443E-07+-1.0E+02 Tb153 (n,t    ) Gd151  3.179E-11+-6.0E+01
  Tb153 (n,a    ) Eu150  1.273E-03+-8.5E+01 Tb153 (n,a    ) Eu150m 1.116E-03+-8.5E+01 Tb153 (n,2a   ) Pm146  1.205E-11+-2.0E+02 Tb153 (n,pa   ) Sm149  1.101E-12+-2.0E+02
  Tb154 (n,n    ) Tb154m 8.340E-03+-1.0E+02 Tb154 (n,n    ) Tb154n 1.532E-01+-1.0E+02 Tb154 (n,2n   ) Tb153  3.604E-03+-4.0E+01 Tb154 (n,na   ) Eu150  9.636E-08+-1.2E+02
  Tb154 (n,na   ) Eu150m 1.126E-07+-1.2E+02 Tb154 (n,np   ) Gd153  8.493E-08+-1.0E+02 Tb154 (n,g    ) Tb155  4.801E+02+-9.4E+01 Tb154 (n,p    ) Gd154  5.795E-02+-5.0E+01
  Tb154 (n,d    ) Gd153  2.894E-08+-1.0E+02 Tb154 (n,t    ) Gd152  6.699E-09+-6.0E+01 Tb154 (n,a    ) Eu151  1.588E-02+-6.0E+01 Tb154 (n,2a   ) Pm147  1.036E-11+-2.0E+02
  Tb154 (n,pa   ) Sm150  2.965E-12+-2.0E+02 Tb154m(n,2n   ) Tb153  2.888E-03+-4.0E+01 Tb154m(n,na   ) Eu150  5.090E-07+-1.2E+02 Tb154m(n,na   ) Eu150m 1.894E-07+-1.2E+02
  Tb154m(n,np   ) Gd153  1.311E-07+-1.0E+02 Tb154m(n,g    ) Tb155  1.109E+03+-8.5E+01 Tb154m(n,p    ) Gd154  1.521E-02+-5.0E+01 Tb154m(n,d    ) Gd153  9.338E-07+-1.0E+02
  Tb154m(n,t    ) Gd152  8.568E-08+-6.0E+01 Tb154m(n,a    ) Eu151  1.563E-02+-6.0E+01 Tb154m(n,2a   ) Pm147  7.866E-11+-2.0E+02 Tb154m(n,pa   ) Sm150  4.251E-12+-2.0E+02
  Tb154n(n,n    ) Tb154  1.225E+01+-1.0E+02 Tb154n(n,n    ) Tb154m 3.795E-02+-1.0E+02 Tb154n(n,2n   ) Tb153  5.228E-03+-4.0E+01 Tb154n(n,na   ) Eu150  4.546E-07+-1.2E+02
  Tb154n(n,na   ) Eu150m 3.873E-07+-1.2E+02 Tb154n(n,np   ) Gd153  2.280E-07+-1.0E+02 Tb154n(n,g    ) Tb155  1.142E+03+-9.1E+01 Tb154n(n,p    ) Gd154  1.584E-01+-5.0E+01
  Tb154n(n,d    ) Gd153  1.083E-06+-1.0E+02 Tb154n(n,t    ) Gd152  1.111E-07+-6.0E+01 Tb154n(n,a    ) Eu151  5.135E-02+-6.0E+01 Tb154n(n,2a   ) Pm147  1.007E-10+-2.0E+02
  Tb154n(n,pa   ) Sm150  1.071E-11+-2.0E+02 Tb155 (n,2n   ) Tb154  9.729E-06+-7.2E+01 Tb155 (n,2n   ) Tb154m 3.691E-05+-7.2E+01 Tb155 (n,2n   ) Tb154n 7.853E-06+-7.2E+01
  Tb155 (n,na   ) Eu151  2.300E-08+-1.0E+02 Tb155 (n,np   ) Gd154  3.316E-08+-1.0E+02 Tb155 (n,g    ) Tb156  9.812E+01+-7.8E+01 Tb155 (n,g    ) Tb156m 4.091E+00+-7.8E+01
  Tb155 (n,g    ) Tb156n 7.105E+01+-7.8E+01 Tb155 (n,p    ) Gd155  1.252E-05+-5.0E+01 Tb155 (n,d    ) Gd154  2.015E-08+-1.0E+02 Tb155 (n,a    ) Eu152  1.237E-05+-8.5E+01
  Tb155 (n,a    ) Eu152m 9.117E-06+-8.5E+01 Tb155 (n,a    ) Eu152n 1.528E-06+-8.5E+01 Tb156 (n,n    ) Tb156m 3.138E-02+-1.0E+02 Tb156 (n,n    ) Tb156n 3.138E-02+-1.0E+02
  Tb156 (n,2n   ) Tb155  2.502E-03+-4.0E+01 Tb156 (n,na   ) Eu152  7.138E-10+-1.2E+02 Tb156 (n,na   ) Eu152m 2.070E-11+-1.2E+02 Tb156 (n,na   ) Eu152n 2.776E-10+-1.2E+02
  Tb156 (n,np   ) Gd155  3.384E-09+-1.0E+02 Tb156 (n,g    ) Tb157  3.669E+02+-9.4E+01 Tb156 (n,p    ) Gd156  1.290E-03+-5.0E+01 Tb156 (n,d    ) Gd155  7.370E-09+-1.0E+02
  Tb156 (n,t    ) Gd154  4.252E-10+-6.0E+01 Tb156 (n,a    ) Eu153  8.096E-04+-6.0E+01 Tb156m(n,n    ) Tb156  3.815E-01+-1.0E+02 Tb156m(n,n    ) Tb156n 3.815E-01+-1.0E+02
  Tb156m(n,2n   ) Tb155  2.358E-03+-4.0E+01 Tb156m(n,na   ) Eu152  4.548E-10+-1.2E+02 Tb156m(n,na   ) Eu152m 1.967E-11+-1.2E+02 Tb156m(n,na   ) Eu152n 1.769E-10+-1.2E+02
  Tb156m(n,np   ) Gd155  4.665E-09+-1.0E+02 Tb156m(n,g    ) Tb157  6.364E+02+-8.0E+01 Tb156m(n,p    ) Gd156  5.372E-04+-5.0E+01 Tb156m(n,d    ) Gd155  6.688E-09+-1.0E+02
  Tb156m(n,t    ) Gd154  1.613E-10+-6.0E+01 Tb156m(n,a    ) Eu153  2.000E-04+-6.0E+01 Tb156n(n,n    ) Tb156  2.698E+00+-1.0E+02 Tb156n(n,n    ) Tb156m 1.353E-03+-1.0E+02
  Tb156n(n,2n   ) Tb155  2.062E-03+-4.0E+01 Tb156n(n,na   ) Eu152  2.707E-10+-1.2E+02 Tb156n(n,na   ) Eu152m 5.886E-12+-1.2E+02 Tb156n(n,na   ) Eu152n 1.053E-10+-1.2E+02
  Tb156n(n,np   ) Gd155  3.992E-09+-1.0E+02 Tb156n(n,g    ) Tb157  3.669E+02+-9.4E+01 Tb156n(n,p    ) Gd156  6.225E-05+-5.0E+01 Tb156n(n,d    ) Gd155  1.067E-07+-1.0E+02
  Tb156n(n,t    ) Gd154  3.901E-09+-6.0E+01 Tb156n(n,a    ) Eu153  3.966E-05+-6.0E+01 Tb157 (n,2n   ) Tb156  7.044E-05+-7.2E+01 Tb157 (n,2n   ) Tb156m 8.139E-05+-7.2E+01
  Tb157 (n,2n   ) Tb156n 1.169E-05+-7.2E+01 Tb157 (n,na   ) Eu153  1.534E-09+-1.0E+02 Tb157 (n,np   ) Gd156  1.828E-09+-1.0E+02 Tb157 (n,g    ) Tb158  9.164E+01+-7.8E+01
  Tb157 (n,g    ) Tb158m 6.636E+01+-7.8E+01 Tb157 (n,p    ) Gd157  2.676E-06+-5.0E+01 Tb157 (n,d    ) Gd156  3.090E-09+-1.0E+02 Tb157 (n,a    ) Eu154  8.355E-07+-8.5E+01
  Tb157 (n,a    ) Eu154m 1.033E-07+-8.5E+01 Tb158 (n,n    ) Tb158m 8.602E-02+-1.0E+02 Tb158 (n,2n   ) Tb157  3.316E-03+-4.0E+01 Tb158 (n,na   ) Eu154  1.220E-10+-1.2E+02
  Tb158 (n,na   ) Eu154m 4.746E-11+-1.2E+02 Tb158 (n,np   ) Gd157  1.237E-10+-1.0E+02 Tb158 (n,g    ) Tb159  1.513E+02+-9.5E+01 Tb158 (n,p    ) Gd158  7.483E-06+-5.0E+01
  Tb158 (n,d    ) Gd157  1.292E-09+-1.0E+02 Tb158 (n,t    ) Gd156  6.436E-11+-6.0E+01 Tb158 (n,a    ) Eu155  3.119E-05+-6.0E+01 Tb159 (n,2n   ) Tb158  3.344E-04+-2.0E+01
  Tb159 (n,2n   ) Tb158m 1.624E-04+-3.0E+01 Tb159 (n,na   ) Eu155  2.322E-10+-1.0E+02 Tb159 (n,np   ) Gd158  3.091E-11+-1.0E+02 Tb159 (n,g    ) Tb160  1.321E+01+-1.1E+01
  Tb159 (n,p    ) Gd159  9.745E-07+-2.0E+01 Tb159 (n,d    ) Gd158  4.181E-10+-1.0E+02 Tb159 (n,a    ) Eu156  7.394E-08+-2.9E+01 Tb160 (n,2n   ) Tb159  4.704E-03+-4.0E+01
  Tb160 (n,na   ) Eu156  3.878E-11+-1.0E+02 Tb160 (n,np   ) Gd159  2.506E-12+-1.0E+02 Tb160 (n,g    ) Tb161  8.274E+01+-5.1E+01 Tb160 (n,p    ) Gd160  1.877E-06+-5.0E+01
  Tb160 (n,d    ) Gd159  8.431E-11+-1.0E+02 Tb160 (n,t    ) Gd158  3.153E-11+-6.0E+01 Tb160 (n,a    ) Eu157  2.220E-06+-6.0E+01 Tb161 (n,2n   ) Tb160  1.578E-03+-4.0E+01
  Tb161 (n,na   ) Eu157  2.926E-11+-1.0E+02 Tb161 (n,g    ) Tb162  3.403E+01+-1.2E+02 Tb161 (n,p    ) Gd161  1.537E-07+-5.0E+01 Tb161 (n,d    ) Gd160  3.773E-11+-1.0E+02
  Tb161 (n,a    ) Eu158  3.449E-08+-6.0E+01 Dy153 (n,2n   ) Dy152  6.681E-04+-4.0E+01 Dy153 (n,na   ) Gd149  1.928E-05+-1.0E+02 Dy153 (n,2na  ) Gd148  6.225E-07+-2.0E+02
  Dy153 (n,np   ) Tb152  3.334E-09+-1.2E+02 Dy153 (n,np   ) Tb152m 1.297E-09+-1.2E+02 Dy153 (n,g    ) Dy154  4.894E+02+-8.4E+01 Dy153 (n,p    ) Tb153  3.961E-03+-5.0E+01
  Dy153 (n,d    ) Tb152  1.309E-09+-1.2E+02 Dy153 (n,d    ) Tb152m 1.618E-10+-1.2E+02 Dy153 (n,t    ) Tb151  2.765E-12+-8.5E+01 Dy153 (n,t    ) Tb151m 1.484E-12+-8.5E+01
  Dy153 (n,a    ) Gd150  9.949E-02+-6.0E+01 Dy153 (n,2a   ) Sm146  1.344E-07+-2.0E+02 Dy153 (n,2p   ) Gd152  3.418E-11+-2.0E+02 Dy153 (n,pa   ) Eu149  1.634E-10+-2.0E+02
  Dy154 (n,2n   ) Dy153  1.904E-05+-4.0E+01 Dy154 (n,na   ) Gd150  1.626E-06+-1.0E+02 Dy154 (n,np   ) Tb153  1.151E-09+-1.0E+02 Dy154 (n,g    ) Dy155  1.945E+01+-2.3E+02
  Dy154 (n,p    ) Tb154  8.265E-06+-7.8E+01 Dy154 (n,p    ) Tb154m 1.678E-05+-7.8E+01 Dy154 (n,p    ) Tb154n 2.331E-06+-7.8E+01 Dy154 (n,d    ) Tb153  2.496E-10+-1.0E+02
  Dy154 (n,a    ) Gd151  1.242E-03+-6.0E+01 Dy154 (n,2a   ) Sm147  7.137E-11+-2.0E+02 Dy155 (n,2n   ) Dy154  1.756E-03+-4.0E+01 Dy155 (n,na   ) Gd151  8.861E-07+-1.0E+02
  Dy155 (n,np   ) Tb154  1.715E-10+-1.2E+02 Dy155 (n,np   ) Tb154m 5.146E-10+-1.2E+02 Dy155 (n,np   ) Tb154n 1.097E-10+-1.2E+02 Dy155 (n,g    ) Dy156  2.231E+02+-9.4E+01
  Dy155 (n,p    ) Tb155  1.101E-03+-5.0E+01 Dy155 (n,d    ) Tb154  8.008E-11+-1.2E+02 Dy155 (n,d    ) Tb154m 1.626E-10+-1.2E+02 Dy155 (n,d    ) Tb154n 2.259E-11+-1.2E+02
  Dy155 (n,t    ) Tb153  1.315E-12+-6.0E+01 Dy155 (n,a    ) Gd152  2.123E-02+-6.0E+01 Dy155 (n,2a   ) Sm148  7.362E-11+-2.0E+02 Dy155 (n,pa   ) Eu151  1.281E-12+-2.0E+02
  Dy156 (n,2n   ) Dy155  1.277E-05+-1.0E+01 Dy156 (n,na   ) Gd152  7.116E-08+-1.0E+02 Dy156 (n,np   ) Tb155  1.720E-10+-1.0E+02 Dy156 (n,g    ) Dy157  2.786E+01+-9.7E+00
  Dy156 (n,p    ) Tb156  2.763E-06+-7.8E+01 Dy156 (n,p    ) Tb156m 1.552E-06+-7.8E+01 Dy156 (n,p    ) Tb156n 6.481E-07+-7.8E+01 Dy156 (n,d    ) Tb155  7.251E-11+-1.0E+02
  Dy156 (n,a    ) Gd153  7.594E-03+-9.2E+01 Dy157 (n,2n   ) Dy156  1.872E-03+-4.0E+01 Dy157 (n,na   ) Gd153  1.834E-08+-1.0E+02 Dy157 (n,np   ) Tb156  3.054E-11+-1.2E+02
  Dy157 (n,np   ) Tb156m 1.605E-12+-1.2E+02 Dy157 (n,np   ) Tb156n 4.972E-12+-1.2E+02 Dy157 (n,g    ) Dy158  1.064E+02+-9.9E+01 Dy157 (n,p    ) Tb157  1.466E-05+-5.0E+01
  Dy157 (n,d    ) Tb156  2.981E-11+-1.2E+02 Dy157 (n,d    ) Tb156n 6.992E-12+-1.2E+02 Dy157 (n,a    ) Gd154  1.553E-03+-6.0E+01 Dy158 (n,2n   ) Dy157  8.694E-05+-1.0E+01
  Dy158 (n,na   ) Gd154  8.165E-09+-1.0E+02 Dy158 (n,np   ) Tb157  7.459E-12+-1.0E+02 Dy158 (n,g    ) Dy159  8.426E+00+-3.5E+01 Dy158 (n,p    ) Tb158  1.136E-06+-6.7E+01
  Dy158 (n,p    ) Tb158m 4.517E-07+-6.7E+01 Dy158 (n,d    ) Tb157  3.119E-11+-1.0E+02 Dy158 (n,a    ) Gd155  1.165E-03+-7.4E+01 Dy159 (n,2n   ) Dy158  2.855E-03+-4.0E+01
  Dy159 (n,na   ) Gd155  2.201E-09+-1.0E+02 Dy159 (n,np   ) Tb158  2.657E-12+-1.2E+02 Dy159 (n,g    ) Dy160  1.885E+03+-6.2E+01 Dy159 (n,p    ) Tb159  3.353E-06+-5.0E+01
  Dy159 (n,d    ) Tb158  2.795E-11+-1.2E+02 Dy159 (n,d    ) Tb158m 2.199E-12+-1.2E+02 Dy159 (n,a    ) Gd156  5.168E-04+-6.0E+01 Dy160 (n,2n   ) Dy159  3.146E-04+-1.1E+01
  Dy160 (n,na   ) Gd156  1.287E-09+-1.0E+02 Dy160 (n,g    ) Dy161  4.716E+01+-4.3E+01 Dy160 (n,p    ) Tb160  5.732E-07+-3.0E+01 Dy160 (n,d    ) Tb159  3.655E-12+-1.0E+02
  Dy160 (n,a    ) Gd157  1.829E-04+-9.3E+01 Dy161 (n,2n   ) Dy160  4.300E-03+-4.0E+01 Dy161 (n,na   ) Gd157  4.122E-10+-1.0E+02 Dy161 (n,g    ) Dy162  7.077E+01+-8.3E+00
  Dy161 (n,p    ) Tb161  7.402E-07+-5.0E+01 Dy161 (n,d    ) Tb160  3.183E-12+-1.0E+02 Dy161 (n,a    ) Gd158  3.997E-06+-6.7E+01 Dy162 (n,2n   ) Dy161  9.323E-04+-4.0E+01
  Dy162 (n,na   ) Gd158  3.013E-10+-1.0E+02 Dy162 (n,g    ) Dy163  7.480E+01+-1.1E+01 Dy162 (n,p    ) Tb162  1.502E-07+-3.0E+01 Dy162 (n,a    ) Gd159  1.643E-07+-2.8E+01
  Dy163 (n,2n   ) Dy162  5.741E-03+-4.0E+01 Dy163 (n,na   ) Gd159  3.046E-11+-1.0E+02 Dy163 (n,g    ) Dy164  4.870E+01+-2.1E+01 Dy163 (n,p    ) Tb163  1.836E-07+-3.0E+01
  Dy163 (n,a    ) Gd160  7.228E-06+-8.7E+01 Dy164 (n,2n   ) Dy163  1.835E-03+-4.0E+01 Dy164 (n,na   ) Gd160  1.660E-11+-1.0E+02 Dy164 (n,g    ) Dy165  6.677E+01+-1.4E+01
  Dy164 (n,g    ) Dy165m 1.135E+02+-1.7E+01 Dy164 (n,p    ) Tb164  1.501E-08+-3.0E+01 Dy164 (n,a    ) Gd161  1.786E-08+-4.3E+01 Dy165 (n,n    ) Dy165m 2.776E-01+-1.0E+02
  Dy165 (n,2n   ) Dy164  1.005E-02+-4.0E+01 Dy165 (n,na   ) Gd161  3.478E-12+-1.0E+02 Dy165 (n,g    ) Dy166  7.206E+02+-1.0E+01 Dy165 (n,p    ) Tb165  4.247E-08+-5.0E+01
  Dy165 (n,a    ) Gd162  7.178E-08+-6.0E+01 Dy166 (n,2n   ) Dy165  2.837E-03+-7.2E+01 Dy166 (n,2n   ) Dy165m 1.158E-03+-7.2E+01 Dy166 (n,na   ) Gd162  2.155E-12+-1.0E+02
  Dy166 (n,g    ) Dy167  1.701E+00+-6.3E+02 Dy166 (n,p    ) Tb166  6.514E-10+-5.0E+01 Dy166 (n,a    ) Gd163  6.880E-09+-6.0E+01 Ho163 (n,n    ) Ho163m 2.544E-01+-1.0E+02
  Ho163 (n,2n   ) Ho162  2.143E-04+-7.2E+01 Ho163 (n,2n   ) Ho162m 1.165E-04+-7.2E+01 Ho163 (n,na   ) Tb159  1.855E-09+-1.0E+02 Ho163 (n,np   ) Dy162  4.263E-10+-1.0E+02
  Ho163 (n,g    ) Ho164  3.681E+01+-7.8E+01 Ho163 (n,g    ) Ho164m 3.910E+00+-7.8E+01 Ho163 (n,p    ) Dy163  1.745E-06+-5.0E+01 Ho163 (n,d    ) Dy162  2.732E-09+-1.0E+02
  Ho163 (n,a    ) Tb160  1.945E-06+-6.0E+01 Ho164 (n,n    ) Ho164m 7.826E-02+-1.0E+02 Ho164 (n,2n   ) Ho163  3.722E-03+-7.2E+01 Ho164 (n,2n   ) Ho163m 8.486E-04+-7.2E+01
  Ho164 (n,na   ) Tb160  2.788E-10+-1.0E+02 Ho164 (n,np   ) Dy163  5.758E-11+-1.0E+02 Ho164 (n,g    ) Ho165  2.895E+01+-7.9E+02 Ho164 (n,p    ) Dy164  4.545E-06+-5.0E+01
  Ho164 (n,d    ) Dy163  8.239E-10+-1.0E+02 Ho164 (n,t    ) Dy162  6.120E-11+-6.0E+01 Ho164 (n,a    ) Tb161  1.282E-05+-6.0E+01 Ho164m(n,n    ) Ho164  5.082E-01+-1.0E+02
  Ho164m(n,2n   ) Ho163  4.353E-03+-7.2E+01 Ho164m(n,2n   ) Ho163m 3.032E-04+-7.2E+01 Ho164m(n,na   ) Tb160  3.411E-10+-1.0E+02 Ho164m(n,np   ) Dy163  6.014E-11+-1.0E+02
  Ho164m(n,g    ) Ho165  2.995E+01+-7.9E+02 Ho164m(n,p    ) Dy164  2.388E-06+-5.0E+01 Ho164m(n,d    ) Dy163  8.063E-10+-1.0E+02 Ho164m(n,t    ) Dy162  1.511E-11+-6.0E+01
  Ho164m(n,a    ) Tb161  1.458E-05+-6.0E+01 Ho165 (n,2n   ) Ho164  2.803E-04+-2.0E+01 Ho165 (n,2n   ) Ho164m 2.806E-04+-2.0E+01 Ho165 (n,na   ) Tb161  1.681E-10+-1.0E+02
  Ho165 (n,np   ) Dy164  7.165E-12+-1.0E+02 Ho165 (n,g    ) Ho166  2.130E+01+-8.4E+00 Ho165 (n,g    ) Ho166m 1.113E+00+-8.1E+01 Ho165 (n,p    ) Dy165  3.820E-07+-3.0E+01
  Ho165 (n,p    ) Dy165m 1.347E-07+-3.0E+01 Ho165 (n,d    ) Dy164  2.137E-10+-1.0E+02 Ho165 (n,a    ) Tb162  6.582E-06+-7.9E+01 Ho166 (n,n    ) Ho166m 2.418E-02+-1.0E+02
  Ho166 (n,2n   ) Ho165  6.304E-03+-4.0E+01 Ho166 (n,na   ) Tb162  2.716E-11+-1.0E+02 Ho166 (n,g    ) Ho167  1.930E+01+-1.9E+02 Ho166 (n,p    ) Dy166  8.711E-07+-5.0E+01
  Ho166 (n,d    ) Dy165  2.567E-11+-1.2E+02 Ho166 (n,d    ) Dy165m 1.288E-11+-1.2E+02 Ho166 (n,t    ) Dy164  1.740E-11+-6.0E+01 Ho166 (n,a    ) Tb163  1.214E-06+-6.0E+01
  Ho166m(n,n    ) Ho166  3.745E-01+-1.0E+02 Ho166m(n,2n   ) Ho165  6.221E-03+-4.0E+01 Ho166m(n,na   ) Tb162  2.857E-11+-1.0E+02 Ho166m(n,g    ) Ho167  7.855E+02+-6.7E+01
  Ho166m(n,p    ) Dy166  3.479E-07+-5.0E+01 Ho166m(n,d    ) Dy165  2.498E-11+-1.2E+02 Ho166m(n,d    ) Dy165m 5.752E-12+-1.2E+02 Ho166m(n,t    ) Dy164  2.601E-12+-6.0E+01
  Ho166m(n,a    ) Tb163  1.639E-06+-6.0E+01 Er160 (n,2n   ) Er159  3.997E-06+-4.0E+01 Er160 (n,na   ) Dy156  1.282E-07+-1.0E+02 Er160 (n,np   ) Ho159  2.446E-09+-1.2E+02
  Er160 (n,np   ) Ho159m 4.785E-10+-1.2E+02 Er160 (n,g    ) Er161  1.279E+02+-9.9E+01 Er160 (n,p    ) Ho160  8.796E-06+-7.8E+01 Er160 (n,p    ) Ho160m 2.343E-05+-7.8E+01
  Er160 (n,p    ) Ho160n 4.630E-07+-7.8E+01 Er160 (n,d    ) Ho159  3.994E-10+-1.2E+02 Er160 (n,d    ) Ho159m 5.726E-11+-1.2E+02 Er160 (n,a    ) Dy157  3.753E-04+-6.0E+01
  Er161 (n,2n   ) Er160  1.344E-03+-4.0E+01 Er161 (n,na   ) Dy157  9.697E-08+-1.0E+02 Er161 (n,np   ) Ho160  9.229E-11+-1.2E+02 Er161 (n,np   ) Ho160m 7.110E-11+-1.2E+02
  Er161 (n,np   ) Ho160n 2.165E-11+-1.2E+02 Er161 (n,g    ) Er162  2.038E+02+-9.4E+01 Er161 (n,p    ) Ho161  5.310E-05+-7.8E+01 Er161 (n,p    ) Ho161m 1.115E-04+-7.8E+01
  Er161 (n,d    ) Ho160  5.806E-11+-1.2E+02 Er161 (n,d    ) Ho160m 2.999E-11+-1.2E+02 Er161 (n,d    ) Ho160n 3.056E-12+-1.2E+02 Er161 (n,a    ) Dy158  5.468E-03+-6.0E+01
  Er162 (n,2n   ) Er161  1.023E-04+-1.0E+01 Er162 (n,na   ) Dy158  3.267E-08+-1.0E+02 Er162 (n,np   ) Ho161  1.192E-10+-1.2E+02 Er162 (n,np   ) Ho161m 2.542E-11+-1.2E+02
  Er162 (n,g    ) Er163  1.414E+01+-1.1E+01 Er162 (n,p    ) Ho162  4.113E-06+-7.8E+01 Er162 (n,p    ) Ho162m 8.585E-07+-7.8E+01 Er162 (n,d    ) Ho161  8.218E-11+-1.2E+02
  Er162 (n,d    ) Ho161m 3.434E-11+-1.2E+02 Er162 (n,a    ) Dy159  7.100E-03+-8.9E+01 Er164 (n,2n   ) Er163  1.188E-04+-2.0E+01 Er164 (n,na   ) Dy160  1.343E-08+-1.0E+02
  Er164 (n,np   ) Ho163  4.526E-12+-1.2E+02 Er164 (n,g    ) Er165  5.124E+00+-3.0E+01 Er164 (n,p    ) Ho164  6.456E-07+-7.8E+01 Er164 (n,p    ) Ho164m 1.808E-07+-7.8E+01
  Er164 (n,d    ) Ho163  1.685E-11+-1.2E+02 Er164 (n,d    ) Ho163m 4.506E-12+-1.2E+02 Er164 (n,a    ) Dy161  4.239E-04+-8.2E+01 Er165 (n,2n   ) Er164  3.533E-03+-4.0E+01
  Er165 (n,na   ) Dy161  5.141E-09+-1.0E+02 Er165 (n,np   ) Ho164  1.868E-12+-1.2E+02 Er165 (n,g    ) Er166  2.682E+01+-1.7E+02 Er165 (n,p    ) Ho165  2.632E-06+-5.0E+01
  Er165 (n,d    ) Ho164  1.893E-11+-1.2E+02 Er165 (n,d    ) Ho164m 5.324E-12+-1.2E+02 Er165 (n,a    ) Dy162  1.322E-04+-7.3E+01 Er166 (n,2n   ) Er165  4.070E-04+-2.0E+01
  Er166 (n,na   ) Dy162  2.732E-09+-1.0E+02 Er166 (n,g    ) Er167  1.140E+00+-3.9E+01 Er166 (n,g    ) Er167m 3.413E+00+-3.7E+01 Er166 (n,p    ) Ho166  2.538E-07+-3.0E+01
  Er166 (n,p    ) Ho166m 2.030E-08+-3.0E+01 Er166 (n,d    ) Ho165  2.359E-12+-1.0E+02 Er166 (n,a    ) Dy163  1.303E-05+-7.0E+01 Er167 (n,n    ) Er167m 2.075E-01+-5.0E+01
  Er167 (n,2n   ) Er166  4.330E-03+-4.0E+01 Er167 (n,na   ) Dy163  5.639E-10+-1.0E+02 Er167 (n,g    ) Er168  2.069E+02+-1.8E+01 Er167 (n,p    ) Ho167  2.623E-07+-3.0E+01
  Er167 (n,a    ) Dy164  2.171E-05+-9.3E+01 Er168 (n,2n   ) Er167  1.099E-03+-7.2E+01 Er168 (n,2n   ) Er167m 4.585E-04+-3.0E+01 Er168 (n,na   ) Dy164  5.067E-10+-1.0E+02
  Er168 (n,g    ) Er169  1.422E+00+-1.2E+01 Er168 (n,p    ) Ho168  3.534E-08+-6.7E+01 Er168 (n,p    ) Ho168m 2.486E-08+-6.7E+01 Er168 (n,a    ) Dy165  1.913E-05+-8.5E+01
  Er168 (n,a    ) Dy165m 1.067E-05+-7.3E+01 Er169 (n,2n   ) Er168  9.024E-03+-4.0E+01 Er169 (n,na   ) Dy165  3.727E-11+-1.2E+02 Er169 (n,na   ) Dy165m 1.339E-11+-1.2E+02
  Er169 (n,g    ) Er170  6.474E+00+-3.4E+02 Er169 (n,p    ) Ho169  9.476E-08+-5.0E+01 Er169 (n,a    ) Dy166  8.646E-07+-2.8E+01 Er170 (n,2n   ) Er169  2.298E-03+-2.0E+01
  Er170 (n,na   ) Dy166  2.724E-11+-1.0E+02 Er170 (n,g    ) Er171  1.834E+00+-5.8E+01 Er170 (n,p    ) Ho170  4.855E-09+-3.0E+01 Er170 (n,p    ) Ho170m 4.855E-09+-3.0E+01
  Er170 (n,t    ) Ho168m 1.130E-11+-7.8E+01 Er170 (n,a    ) Dy167  5.173E-09+-2.2E+01 Er171 (n,2n   ) Er170  1.161E-02+-4.0E+01 Er171 (n,na   ) Dy167  7.134E-12+-1.0E+02
  Er171 (n,g    ) Er172  2.712E+01+-1.0E+02 Er171 (n,p    ) Ho171  2.259E-08+-5.0E+01 Er171 (n,a    ) Dy168  2.786E-08+-6.0E+01 Er172 (n,2n   ) Er171  5.105E-03+-4.0E+01
  Er172 (n,na   ) Dy168  2.516E-12+-1.0E+02 Er172 (n,g    ) Er173  1.280E+00+-7.6E+02 Er172 (n,p    ) Ho172  2.416E-10+-5.0E+01 Er172 (n,a    ) Dy169  6.699E-09+-6.0E+01
  Tm165 (n,2n   ) Tm164  1.957E-05+-7.2E+01 Tm165 (n,2n   ) Tm164m 2.727E-05+-7.2E+01 Tm165 (n,na   ) Ho161  4.500E-08+-1.2E+02 Tm165 (n,na   ) Ho161m 2.110E-08+-1.2E+02
  Tm165 (n,np   ) Er164  1.116E-07+-1.0E+02 Tm165 (n,g    ) Tm166  4.773E+01+-1.2E+02 Tm165 (n,p    ) Er165  2.092E-05+-5.0E+01 Tm165 (n,d    ) Er164  2.686E-08+-1.0E+02
  Tm165 (n,a    ) Ho162  1.713E-04+-8.5E+01 Tm165 (n,a    ) Ho162m 9.575E-06+-8.5E+01 Tm166 (n,2n   ) Tm165  2.978E-03+-4.0E+01 Tm166 (n,na   ) Ho162  6.228E-09+-1.2E+02
  Tm166 (n,na   ) Ho162m 3.860E-09+-1.2E+02 Tm166 (n,np   ) Er165  1.442E-08+-1.0E+02 Tm166 (n,g    ) Tm167  1.589E+02+-9.5E+01 Tm166 (n,p    ) Er166  3.366E-03+-5.0E+01
  Tm166 (n,d    ) Er165  1.252E-08+-1.0E+02 Tm166 (n,t    ) Er164  6.250E-10+-6.0E+01 Tm166 (n,a    ) Ho163  1.404E-03+-8.5E+01 Tm166 (n,a    ) Ho163m 1.745E-03+-8.5E+01
  Tm167 (n,2n   ) Tm166  6.510E-05+-4.0E+01 Tm167 (n,na   ) Ho163  1.424E-08+-1.2E+02 Tm167 (n,na   ) Ho163m 4.402E-09+-1.2E+02 Tm167 (n,np   ) Er166  1.291E-08+-1.0E+02
  Tm167 (n,g    ) Tm168  3.322E+01+-1.4E+02 Tm167 (n,p    ) Er167  2.650E-06+-7.8E+01 Tm167 (n,p    ) Er167m 1.541E-06+-7.8E+01 Tm167 (n,d    ) Er166  7.338E-09+-1.0E+02
  Tm167 (n,a    ) Ho164  8.002E-06+-8.5E+01 Tm167 (n,a    ) Ho164m 7.156E-07+-8.5E+01 Tm168 (n,2n   ) Tm167  3.381E-03+-4.0E+01 Tm168 (n,na   ) Ho164  1.004E-09+-1.2E+02
  Tm168 (n,na   ) Ho164m 5.732E-10+-1.2E+02 Tm168 (n,np   ) Er167  4.418E-10+-1.2E+02 Tm168 (n,np   ) Er167m 8.301E-11+-1.2E+02 Tm168 (n,g    ) Tm169  1.383E+02+-9.5E+01
  Tm168 (n,p    ) Er168  9.319E-06+-5.0E+01 Tm168 (n,d    ) Er167  1.965E-09+-1.2E+02 Tm168 (n,d    ) Er167m 7.058E-10+-1.2E+02 Tm168 (n,t    ) Er166  1.685E-10+-6.0E+01
  Tm168 (n,a    ) Ho165  2.189E-04+-6.0E+01 Tm169 (n,2n   ) Tm168  7.038E-04+-1.0E+01 Tm169 (n,na   ) Ho165  3.861E-09+-1.0E+02 Tm169 (n,np   ) Er168  1.390E-10+-1.0E+02
  Tm169 (n,g    ) Tm170  5.016E+01+-1.7E+01 Tm169 (n,p    ) Er169  9.393E-07+-5.0E+01 Tm169 (n,d    ) Er168  7.464E-10+-1.0E+02 Tm169 (n,a    ) Ho166  5.349E-07+-2.1E+01
  Tm169 (n,a    ) Ho166m 7.437E-07+-2.3E+01 Tm170 (n,2n   ) Tm169  4.509E-03+-4.0E+01 Tm170 (n,na   ) Ho166  1.824E-10+-1.2E+02 Tm170 (n,na   ) Ho166m 8.956E-11+-1.2E+02
  Tm170 (n,np   ) Er169  6.092E-12+-1.0E+02 Tm170 (n,g    ) Tm171  2.209E+01+-1.9E+01 Tm170 (n,p    ) Er170  2.024E-06+-5.0E+01 Tm170 (n,d    ) Er169  1.626E-10+-1.0E+02
  Tm170 (n,t    ) Er168  3.293E-11+-6.0E+01 Tm170 (n,a    ) Ho167  3.070E-06+-6.7E+01 Tm171 (n,2n   ) Tm170  2.015E-03+-4.0E+01 Tm171 (n,na   ) Ho167  2.754E-10+-1.0E+02
  Tm171 (n,np   ) Er170  1.327E-12+-1.0E+02 Tm171 (n,g    ) Tm172  2.359E+01+-1.5E+02 Tm171 (n,p    ) Er171  2.059E-07+-5.0E+01 Tm171 (n,d    ) Er170  7.899E-11+-1.0E+02
  Tm171 (n,a    ) Ho168  4.482E-08+-8.5E+01 Tm171 (n,a    ) Ho168m 1.383E-08+-8.5E+01 Tm172 (n,2n   ) Tm171  6.611E-03+-4.0E+01 Tm172 (n,na   ) Ho168  2.249E-11+-1.2E+02
  Tm172 (n,na   ) Ho168m 8.210E-12+-1.2E+02 Tm172 (n,g    ) Tm173  2.387E+01+-1.4E+02 Tm172 (n,p    ) Er172  4.650E-07+-5.0E+01 Tm172 (n,d    ) Er171  1.101E-11+-1.0E+02
  Tm172 (n,t    ) Er170  4.754E-12+-6.0E+01 Tm172 (n,a    ) Ho169  1.187E-07+-6.0E+01 Tm173 (n,2n   ) Tm172  3.783E-03+-4.0E+01 Tm173 (n,na   ) Ho169  2.538E-11+-1.0E+02
  Tm173 (n,g    ) Tm174  1.470E+01+-1.7E+02 Tm173 (n,p    ) Er173  4.702E-08+-5.0E+01 Tm173 (n,d    ) Er172  4.248E-12+-1.0E+02 Tm173 (n,a    ) Ho170  7.855E-09+-8.5E+01
  Tm173 (n,a    ) Ho170m 5.185E-09+-8.5E+01 Yb166 (n,2n   ) Yb165  9.753E-06+-4.0E+01 Yb166 (n,na   ) Er162  1.478E-07+-1.0E+02 Yb166 (n,np   ) Tm165  2.406E-09+-1.0E+02
  Yb166 (n,g    ) Yb167  1.188E+01+-2.9E+02 Yb166 (n,p    ) Tm166  6.866E-06+-5.0E+01 Yb166 (n,d    ) Tm165  3.702E-10+-1.0E+02 Yb166 (n,a    ) Er163  2.556E-04+-6.0E+01
  Yb168 (n,2n   ) Yb167  8.832E-05+-2.0E+01 Yb168 (n,na   ) Er164  5.528E-08+-1.0E+02 Yb168 (n,np   ) Tm167  1.399E-10+-1.0E+02 Yb168 (n,g    ) Yb169  4.201E+02+-7.8E+01
  Yb168 (n,g    ) Yb169m 4.201E+02+-7.8E+01 Yb168 (n,p    ) Tm168  3.125E-06+-5.0E+01 Yb168 (n,d    ) Tm167  1.005E-10+-1.0E+02 Yb168 (n,a    ) Er165  3.917E-05+-8.8E+01
  Yb169 (n,n    ) Yb169m 3.552E-01+-1.0E+02 Yb169 (n,2n   ) Yb168  2.464E-03+-4.0E+01 Yb169 (n,na   ) Er165  2.690E-08+-1.0E+02 Yb169 (n,np   ) Tm168  7.435E-11+-1.0E+02
  Yb169 (n,g    ) Yb170  2.803E+02+-1.4E+01 Yb169 (n,p    ) Tm169  5.055E-06+-5.0E+01 Yb169 (n,d    ) Tm168  1.029E-10+-1.0E+02 Yb169 (n,a    ) Er166  1.173E-03+-6.0E+01
  Yb170 (n,2n   ) Yb169  3.073E-04+-6.3E+01 Yb170 (n,2n   ) Yb169m 2.237E-04+-6.3E+01 Yb170 (n,na   ) Er166  2.464E-08+-1.0E+02 Yb170 (n,np   ) Tm169  2.724E-12+-1.0E+02
  Yb170 (n,g    ) Yb171  1.008E+01+-9.2E+00 Yb170 (n,p    ) Tm170  6.280E-07+-5.0E+01 Yb170 (n,d    ) Tm169  1.321E-11+-1.0E+02 Yb170 (n,a    ) Er167  3.826E-06+-8.5E+01
  Yb170 (n,a    ) Er167m 6.035E-06+-8.5E+01 Yb171 (n,2n   ) Yb170  4.490E-03+-4.0E+01 Yb171 (n,na   ) Er167  5.166E-09+-1.2E+02 Yb171 (n,na   ) Er167m 1.317E-09+-1.2E+02
  Yb171 (n,g    ) Yb172  1.258E+01+-9.1E+00 Yb171 (n,p    ) Tm171  1.147E-06+-5.0E+01 Yb171 (n,d    ) Tm170  1.478E-11+-1.0E+02 Yb171 (n,a    ) Er168  7.415E-07+-4.9E+01
  Yb172 (n,2n   ) Yb171  1.123E-03+-4.0E+01 Yb172 (n,na   ) Er168  3.995E-09+-1.0E+02 Yb172 (n,g    ) Yb173  9.891E-01+-1.3E+01 Yb172 (n,p    ) Tm172  1.158E-07+-5.0E+01
  Yb172 (n,d    ) Tm171  1.194E-12+-1.0E+02 Yb172 (n,a    ) Er169  1.279E-06+-7.9E+01 Yb173 (n,2n   ) Yb172  5.535E-03+-4.0E+01 Yb173 (n,na   ) Er169  3.843E-10+-1.0E+02
  Yb173 (n,g    ) Yb174  1.171E+01+-9.1E+00 Yb173 (n,p    ) Tm173  8.299E-07+-3.0E+01 Yb173 (n,a    ) Er170  1.048E-06+-6.3E+01 Yb174 (n,2n   ) Yb173  2.320E-03+-4.0E+01
  Yb174 (n,na   ) Er170  2.699E-10+-1.0E+02 Yb174 (n,g    ) Yb175  5.529E+00+-1.2E+01 Yb174 (n,p    ) Tm174  3.773E-08+-2.0E+01 Yb174 (n,a    ) Er171  1.638E-06+-8.4E+01
  Yb175 (n,2n   ) Yb174  9.509E-03+-4.0E+01 Yb175 (n,na   ) Er171  5.427E-11+-1.0E+02 Yb175 (n,g    ) Yb176  1.841E+01+-7.8E+01 Yb175 (n,g    ) Yb176m 5.493E-02+-7.8E+01
  Yb175 (n,p    ) Tm175  5.508E-08+-5.0E+01 Yb175 (n,a    ) Er172  1.570E-07+-6.5E+02 Yb176 (n,n    ) Yb176m 1.640E-03+-5.0E+01 Yb176 (n,2n   ) Yb175  3.924E-03+-2.0E+01
  Yb176 (n,na   ) Er172  6.855E-11+-1.0E+02 Yb176 (n,g    ) Yb177  2.141E-01+-7.8E+01 Yb176 (n,g    ) Yb177m 2.138E-01+-7.8E+01 Yb176 (n,p    ) Tm176  8.385E-09+-3.0E+01
  Yb176 (n,a    ) Er173  9.043E-08+-8.8E+01 Lu169 (n,n    ) Lu169m 5.823E-01+-1.0E+02 Lu169 (n,2n   ) Lu168  2.482E-05+-7.2E+01 Lu169 (n,2n   ) Lu168m 1.428E-05+-7.2E+01
  Lu169 (n,na   ) Tm165  2.353E-07+-1.0E+02 Lu169 (n,np   ) Yb168  3.377E-07+-1.0E+02 Lu169 (n,g    ) Lu170  8.827E+01+-7.8E+01 Lu169 (n,g    ) Lu170m 4.754E+01+-7.8E+01
  Lu169 (n,p    ) Yb169  2.129E-04+-7.8E+01 Lu169 (n,p    ) Yb169m 1.536E-04+-7.8E+01 Lu169 (n,d    ) Yb168  5.362E-08+-1.0E+02 Lu169 (n,t    ) Yb167  1.029E-12+-6.0E+01
  Lu169 (n,a    ) Tm166  2.224E-04+-6.0E+01 Lu170 (n,n    ) Lu170m 6.187E-02+-1.0E+02 Lu170 (n,2n   ) Lu169  7.652E-04+-7.2E+01 Lu170 (n,2n   ) Lu169m 1.376E-03+-7.2E+01
  Lu170 (n,na   ) Tm166  1.420E-08+-1.0E+02 Lu170 (n,np   ) Yb169  4.294E-08+-1.2E+02 Lu170 (n,np   ) Yb169m 2.073E-08+-1.2E+02 Lu170 (n,g    ) Lu171  2.425E+01+-7.8E+01
  Lu170 (n,g    ) Lu171m 2.424E+01+-7.8E+01 Lu170 (n,p    ) Yb170  8.547E-03+-5.0E+01 Lu170 (n,d    ) Yb169  1.656E-08+-1.2E+02 Lu170 (n,d    ) Yb169m 1.018E-08+-1.2E+02
  Lu170 (n,t    ) Yb168  7.024E-10+-6.0E+01 Lu170 (n,a    ) Tm167  6.023E-03+-6.0E+01 Lu170 (n,pa   ) Er166  2.308E-12+-2.0E+02 Lu171 (n,n    ) Lu171m 5.016E-01+-1.0E+02
  Lu171 (n,2n   ) Lu170  1.304E-04+-7.2E+01 Lu171 (n,2n   ) Lu170m 4.897E-05+-7.2E+01 Lu171 (n,na   ) Tm167  1.189E-07+-1.0E+02 Lu171 (n,np   ) Yb170  3.381E-08+-1.0E+02
  Lu171 (n,g    ) Lu172  1.711E+01+-7.8E+01 Lu171 (n,g    ) Lu172m 2.566E+01+-7.8E+01 Lu171 (n,p    ) Yb171  9.934E-06+-5.0E+01 Lu171 (n,d    ) Yb170  1.814E-08+-1.0E+02
  Lu171 (n,a    ) Tm168  3.600E-04+-6.0E+01 Lu172 (n,n    ) Lu172m 6.210E-01+-1.0E+02 Lu172 (n,2n   ) Lu171  1.473E-03+-7.2E+01 Lu172 (n,2n   ) Lu171m 9.842E-04+-7.2E+01
  Lu172 (n,na   ) Tm168  2.320E-08+-1.0E+02 Lu172 (n,np   ) Yb171  3.857E-09+-1.0E+02 Lu172 (n,g    ) Lu173  1.333E+02+-9.5E+01 Lu172 (n,p    ) Yb172  9.398E-05+-5.0E+01
  Lu172 (n,d    ) Yb171  8.179E-09+-1.0E+02 Lu172 (n,t    ) Yb170  3.125E-10+-6.0E+01 Lu172 (n,a    ) Tm169  1.265E-03+-6.0E+01 Lu173 (n,2n   ) Lu172  3.402E-04+-7.2E+01
  Lu173 (n,2n   ) Lu172m 2.291E-04+-7.2E+01 Lu173 (n,na   ) Tm169  2.758E-08+-1.0E+02 Lu173 (n,np   ) Yb172  1.775E-09+-1.0E+02 Lu173 (n,g    ) Lu174  2.818E+01+-7.8E+01
  Lu173 (n,g    ) Lu174m 2.993E+00+-7.8E+01 Lu173 (n,p    ) Yb173  2.506E-06+-5.0E+01 Lu173 (n,d    ) Yb172  4.951E-09+-1.0E+02 Lu173 (n,a    ) Tm170  3.405E-05+-6.0E+01
  Lu174 (n,n    ) Lu174m 2.409E-02+-1.0E+02 Lu174 (n,2n   ) Lu173  3.737E-03+-4.0E+01 Lu174 (n,na   ) Tm170  3.841E-09+-1.0E+02 Lu174 (n,np   ) Yb173  2.438E-10+-1.0E+02
  Lu174 (n,g    ) Lu175  4.239E+01+-1.2E+02 Lu174 (n,p    ) Yb174  5.016E-06+-5.0E+01 Lu174 (n,d    ) Yb173  1.577E-09+-1.0E+02 Lu174 (n,t    ) Yb172  1.155E-10+-6.0E+01
  Lu174 (n,a    ) Tm171  7.820E-05+-6.0E+01 Lu174m(n,n    ) Lu174  3.228E+00+-1.0E+02 Lu174m(n,2n   ) Lu173  4.268E-03+-4.0E+01 Lu174m(n,na   ) Tm170  6.859E-09+-1.0E+02
  Lu174m(n,np   ) Yb173  3.057E-10+-1.0E+02 Lu174m(n,g    ) Lu175  4.239E+01+-1.2E+02 Lu174m(n,p    ) Yb174  1.936E-06+-5.0E+01 Lu174m(n,d    ) Yb173  1.424E-09+-1.0E+02
  Lu174m(n,t    ) Yb172  2.355E-11+-6.0E+01 Lu174m(n,a    ) Tm171  1.043E-04+-6.0E+01 Lu175 (n,2n   ) Lu174  1.086E-03+-2.0E+01 Lu175 (n,2n   ) Lu174m 3.666E-04+-2.0E+01
  Lu175 (n,na   ) Tm171  4.114E-09+-1.0E+02 Lu175 (n,np   ) Yb174  6.449E-11+-1.0E+02 Lu175 (n,g    ) Lu176  5.944E+00+-2.1E+01 Lu175 (n,g    ) Lu176m 1.188E+01+-2.3E+01
  Lu175 (n,p    ) Yb175  1.124E-06+-3.0E+01 Lu175 (n,d    ) Yb174  6.913E-10+-1.0E+02 Lu175 (n,a    ) Tm172  4.341E-05+-9.0E+01 Lu176 (n,n    ) Lu176m 3.497E-01+-1.0E+02
  Lu176 (n,2n   ) Lu175  3.702E-03+-4.0E+01 Lu176 (n,na   ) Tm172  3.435E-10+-1.0E+02 Lu176 (n,np   ) Yb175  3.138E-12+-1.0E+02 Lu176 (n,g    ) Lu177  5.476E+02+-1.6E+01
  Lu176 (n,g    ) Lu177m 3.453E-01+-1.6E+01 Lu176 (n,g    ) Lu177n 3.182E-04+-9.4E+01 Lu176 (n,p    ) Yb176  1.190E-06+-7.8E+01 Lu176 (n,p    ) Yb176m 5.543E-08+-7.8E+01
  Lu176 (n,d    ) Yb175  2.234E-10+-1.0E+02 Lu176 (n,t    ) Yb174  5.960E-11+-6.0E+01 Lu176 (n,a    ) Tm173  5.205E-04+-9.4E+01 Lu177 (n,n    ) Lu177m 1.507E-03+-1.0E+02
  Lu177 (n,n    ) Lu177n 1.035E-03+-1.0E+02 Lu177 (n,2n   ) Lu176  1.688E-03+-7.2E+01 Lu177 (n,2n   ) Lu176m 1.446E-03+-7.2E+01 Lu177 (n,na   ) Tm173  8.776E-10+-1.0E+02
  Lu177 (n,np   ) Yb176  1.234E-12+-1.2E+02 Lu177 (n,g    ) Lu178  3.052E+02+-7.8E+01 Lu177 (n,g    ) Lu178m 1.904E+00+-7.8E+01 Lu177 (n,p    ) Yb177  1.212E-07+-7.8E+01
  Lu177 (n,p    ) Yb177m 5.612E-08+-7.8E+01 Lu177 (n,d    ) Yb176  8.111E-11+-1.2E+02 Lu177 (n,a    ) Tm174  7.274E-07+-6.0E+01 Lu177m(n,n    ) Lu177  6.108E+00+-1.0E+02
  Lu177m(n,n    ) Lu177n 1.189E-01+-1.0E+02 Lu177m(n,2n   ) Lu176  2.910E-03+-7.2E+01 Lu177m(n,2n   ) Lu176m 3.229E-04+-7.2E+01 Lu177m(n,na   ) Tm173  5.816E-11+-1.0E+02
  Lu177m(n,np   ) Yb176  3.840E-12+-1.2E+02 Lu177m(n,g    ) Lu178  6.331E+00+-1.0E+02 Lu177m(n,g    ) Lu178m 5.615E+00+-1.0E+02 Lu177m(n,p    ) Yb177  2.193E-08+-7.8E+01
  Lu177m(n,p    ) Yb177m 7.005E-09+-7.8E+01 Lu177m(n,a    ) Tm174  1.390E-08+-6.0E+01 Hf170 (n,2n   ) Hf169  1.368E-05+-4.0E+01 Hf170 (n,na   ) Yb166  5.392E-07+-1.0E+02
  Hf170 (n,np   ) Lu169  1.208E-08+-1.2E+02 Hf170 (n,np   ) Lu169m 1.273E-08+-1.2E+02 Hf170 (n,g    ) Hf171  6.005E+00+-7.8E+01 Hf170 (n,g    ) Hf171m 6.002E+00+-7.8E+01
  Hf170 (n,p    ) Lu170  3.575E-05+-7.8E+01 Hf170 (n,p    ) Lu170m 3.367E-05+-7.8E+01 Hf170 (n,d    ) Lu169  4.490E-10+-1.2E+02 Hf170 (n,d    ) Lu169m 6.653E-10+-1.2E+02
  Hf170 (n,a    ) Yb167  1.559E-03+-6.0E+01 Hf170 (n,2a   ) Er163  3.046E-12+-2.0E+02 Hf171 (n,2n   ) Hf170  9.334E-04+-4.0E+01 Hf171 (n,na   ) Yb167  4.988E-07+-1.0E+02
  Hf171 (n,np   ) Lu170  3.411E-09+-1.2E+02 Hf171 (n,np   ) Lu170m 1.904E-09+-1.2E+02 Hf171 (n,g    ) Hf172  8.172E+01+-9.9E+01 Hf171 (n,p    ) Lu171  1.884E-04+-7.8E+01
  Hf171 (n,p    ) Lu171m 1.292E-04+-7.8E+01 Hf171 (n,d    ) Lu170  7.738E-10+-1.2E+02 Hf171 (n,d    ) Lu170m 3.899E-10+-1.2E+02 Hf171 (n,a    ) Yb168  8.615E-03+-6.0E+01
  Hf171 (n,2a   ) Er164  5.559E-12+-2.0E+02 Hf171 (n,pa   ) Tm167  3.727E-12+-2.0E+02 Hf172 (n,2n   ) Hf171  9.236E-05+-7.2E+01 Hf172 (n,2n   ) Hf171m 2.298E-05+-7.2E+01
  Hf172 (n,na   ) Yb168  2.711E-07+-1.0E+02 Hf172 (n,np   ) Lu171  6.289E-10+-1.2E+02 Hf172 (n,np   ) Lu171m 6.311E-10+-1.2E+02 Hf172 (n,g    ) Hf173  7.890E+00+-3.6E+02
  Hf172 (n,p    ) Lu172  5.179E-06+-7.8E+01 Hf172 (n,p    ) Lu172m 5.261E-06+-7.8E+01 Hf172 (n,d    ) Lu171  1.227E-10+-1.2E+02 Hf172 (n,d    ) Lu171m 1.709E-10+-1.2E+02
  Hf172 (n,a    ) Yb169  1.030E-04+-8.5E+01 Hf172 (n,a    ) Yb169m 1.227E-04+-8.5E+01 Hf173 (n,2n   ) Hf172  2.577E-03+-4.0E+01 Hf173 (n,na   ) Yb169  1.721E-07+-1.2E+02
  Hf173 (n,na   ) Yb169m 1.313E-07+-1.2E+02 Hf173 (n,np   ) Lu172  2.769E-10+-1.2E+02 Hf173 (n,np   ) Lu172m 2.346E-10+-1.2E+02 Hf173 (n,g    ) Hf174  2.602E+01+-1.8E+02
  Hf173 (n,p    ) Lu173  1.279E-05+-5.0E+01 Hf173 (n,d    ) Lu172  1.754E-10+-1.2E+02 Hf173 (n,d    ) Lu172m 1.654E-10+-1.2E+02 Hf173 (n,a    ) Yb170  1.415E-03+-6.0E+01
  Hf174 (n,2n   ) Hf173  2.797E-04+-2.0E+01 Hf174 (n,na   ) Yb170  1.220E-07+-1.0E+02 Hf174 (n,np   ) Lu173  7.691E-11+-1.0E+02 Hf174 (n,g    ) Hf175  3.527E+01+-2.1E+01
  Hf174 (n,p    ) Lu174  1.294E-06+-7.8E+01 Hf174 (n,p    ) Lu174m 3.263E-07+-7.8E+01 Hf174 (n,d    ) Lu173  6.495E-11+-1.0E+02 Hf174 (n,a    ) Yb171  3.888E-04+-7.9E+01
  Hf175 (n,2n   ) Hf174  3.427E-03+-4.0E+01 Hf175 (n,na   ) Yb171  6.787E-08+-1.0E+02 Hf175 (n,np   ) Lu174  1.591E-11+-1.2E+02 Hf175 (n,np   ) Lu174m 5.780E-12+-1.2E+02
  Hf175 (n,g    ) Hf176  2.043E+01+-1.8E+02 Hf175 (n,p    ) Lu175  2.623E-06+-5.0E+01 Hf175 (n,d    ) Lu174  5.450E-11+-1.2E+02 Hf175 (n,d    ) Lu174m 1.883E-11+-1.2E+02
  Hf175 (n,a    ) Yb172  4.594E-04+-6.0E+01 Hf176 (n,2n   ) Hf175  6.493E-04+-1.0E+01 Hf176 (n,na   ) Yb172  4.074E-08+-1.0E+02 Hf176 (n,np   ) Lu175  2.067E-12+-1.0E+02
  Hf176 (n,g    ) Hf177  1.699E+01+-7.8E+01 Hf176 (n,g    ) Hf177m 1.086E-02+-7.8E+01 Hf176 (n,g    ) Hf177n 2.393E-05+-7.8E+01 Hf176 (n,p    ) Lu176  1.349E-07+-7.8E+01
  Hf176 (n,p    ) Lu176m 1.285E-07+-7.8E+01 Hf176 (n,d    ) Lu175  9.340E-12+-1.0E+02 Hf176 (n,a    ) Yb173  4.029E-05+-9.1E+01 Hf177 (n,n    ) Hf177m 2.152E-01+-1.0E+02
  Hf177 (n,n    ) Hf177n 7.319E-03+-1.0E+02 Hf177 (n,2n   ) Hf176  4.718E-03+-4.0E+01 Hf177 (n,na   ) Yb173  1.629E-08+-1.0E+02 Hf177 (n,g    ) Hf178  1.832E+02+-4.3E+01
  Hf177 (n,g    ) Hf178m 4.932E-02+-4.2E+01 Hf177 (n,g    ) Hf178n 5.577E-07+-4.0E+01 Hf177 (n,p    ) Lu177  5.992E-07+-7.8E+01 Hf177 (n,p    ) Lu177m 3.617E-09+-7.8E+01
  Hf177 (n,p    ) Lu177n 6.284E-12+-7.8E+01 Hf177 (n,d    ) Lu176  3.472E-12+-1.2E+02 Hf177 (n,d    ) Lu176m 4.734E-12+-1.2E+02 Hf177 (n,a    ) Yb174  1.033E-05+-9.1E+01
  Hf178 (n,n    ) Hf178m 2.409E-03+-5.0E+01 Hf178 (n,n    ) Hf178n 2.409E-03+-1.0E+02 Hf178 (n,2n   ) Hf177  1.780E-03+-7.2E+01 Hf178 (n,2n   ) Hf177m 3.549E-05+-7.2E+01
  Hf178 (n,na   ) Yb174  1.565E-08+-1.0E+02 Hf178 (n,g    ) Hf179  1.999E+01+-4.5E+01 Hf178 (n,g    ) Hf179m 3.310E+01+-4.5E+01 Hf178 (n,g    ) Hf179n 6.246E-02+-4.5E+01
  Hf178 (n,p    ) Lu178  7.181E-08+-3.0E+01 Hf178 (n,p    ) Lu178m 4.826E-09+-3.0E+01 Hf178 (n,a    ) Yb175  7.090E-06+-8.3E+01 Hf178n(n,n    ) Hf178  5.212E-02+-1.0E+02
  Hf178n(n,n    ) Hf178m 1.243E-01+-1.0E+02 Hf178n(n,2n   ) Hf177  5.942E-04+-7.2E+01 Hf178n(n,2n   ) Hf177m 8.783E-05+-7.2E+01 Hf178n(n,2n   ) Hf177n 1.435E-07+-7.2E+01
  Hf178n(n,na   ) Yb174  3.013E-08+-1.0E+02 Hf178n(n,np   ) Lu177  3.519E-12+-1.2E+02 Hf178n(n,g    ) Hf179  2.657E+01+-7.8E+01 Hf178n(n,g    ) Hf179m 2.657E+01+-7.8E+01
  Hf178n(n,g    ) Hf179n 6.383E-03+-7.8E+01 Hf178n(n,p    ) Lu178  1.945E-07+-7.8E+01 Hf178n(n,p    ) Lu178m 1.179E-08+-7.8E+01 Hf178n(n,d    ) Lu177  1.525E-10+-1.2E+02
  Hf178n(n,t    ) Lu176  1.627E-12+-8.5E+01 Hf178n(n,a    ) Yb175  5.846E-07+-6.0E+01 Hf179 (n,n    ) Hf179m 1.706E-01+-2.0E+01 Hf179 (n,n    ) Hf179n 1.107E-01+-1.0E+02
  Hf179 (n,2n   ) Hf178  3.211E-03+-2.0E+01 Hf179 (n,2n   ) Hf178m 1.015E-03+-1.9E+01 Hf179 (n,2n   ) Hf178n 7.345E-08+-1.0E+01 Hf179 (n,na   ) Yb175  2.199E-09+-1.0E+02
  Hf179 (n,g    ) Hf180  1.590E+01+-1.4E+01 Hf179 (n,g    ) Hf180m 1.489E-01+-2.4E+01 Hf179 (n,p    ) Lu179  2.769E-07+-3.0E+01 Hf179 (n,a    ) Yb176  6.502E-06+-8.5E+01
  Hf179 (n,a    ) Yb176m 5.418E-08+-8.5E+01 Hf179n(n,n    ) Hf179  2.184E-01+-1.0E+02 Hf179n(n,n    ) Hf179m 3.974E-04+-1.0E+02 Hf179n(n,2n   ) Hf178  7.051E-04+-7.2E+01
  Hf179n(n,2n   ) Hf178m 1.222E-03+-7.2E+01 Hf179n(n,2n   ) Hf178n 1.178E-06+-7.2E+01 Hf179n(n,na   ) Yb175  2.962E-09+-1.0E+02 Hf179n(n,g    ) Hf180  1.579E+01+-7.8E+01
  Hf179n(n,g    ) Hf180m 2.570E-01+-7.8E+01 Hf179n(n,p    ) Lu179  5.255E-08+-5.0E+01 Hf179n(n,a    ) Yb176  3.655E-07+-8.5E+01 Hf179n(n,a    ) Yb176m 8.926E-08+-8.5E+01
  Hf180 (n,n    ) Hf180m 2.098E-03+-2.6E+01 Hf180 (n,2n   ) Hf179  1.654E-03+-4.0E+01 Hf180 (n,2n   ) Hf179m 9.066E-04+-2.0E+01 Hf180 (n,2n   ) Hf179n 1.637E-05+-2.0E+01
  Hf180 (n,na   ) Yb176  5.908E-10+-1.2E+02 Hf180 (n,na   ) Yb176m 7.932E-12+-1.2E+02 Hf180 (n,g    ) Hf181  2.001E+00+-7.1E+00 Hf180 (n,p    ) Lu180  6.421E-07+-6.7E+01
  Hf180 (n,p    ) Lu180m 1.294E-06+-6.7E+01 Hf180 (n,a    ) Yb177  1.217E-06+-8.5E+01 Hf180 (n,a    ) Yb177m 8.011E-07+-8.5E+01 Hf180m(n,n    ) Hf180  1.232E+01+-1.0E+02
  Hf180m(n,2n   ) Hf179  4.875E-03+-7.2E+01 Hf180m(n,2n   ) Hf179m 1.680E-05+-7.2E+01 Hf180m(n,2n   ) Hf179n 8.683E-05+-7.2E+01 Hf180m(n,na   ) Yb176  3.161E-09+-1.2E+02
  Hf180m(n,na   ) Yb176m 2.742E-10+-1.2E+02 Hf180m(n,g    ) Hf181  2.025E+00+-4.4E+02 Hf180m(n,p    ) Lu180  2.565E-08+-7.8E+01 Hf180m(n,p    ) Lu180m 5.208E-08+-7.8E+01
  Hf180m(n,d    ) Lu179  3.293E-12+-1.0E+02 Hf180m(n,a    ) Yb177  6.966E-07+-8.5E+01 Hf180m(n,a    ) Yb177m 8.145E-08+-8.5E+01 Hf181 (n,2n   ) Hf180  1.148E-02+-7.2E+01
  Hf181 (n,2n   ) Hf180m 1.894E-04+-7.2E+01 Hf181 (n,na   ) Yb177  1.156E-10+-1.2E+02 Hf181 (n,na   ) Yb177m 6.162E-12+-1.2E+02 Hf181 (n,g    ) Hf182  4.254E+01+-7.8E+01
  Hf181 (n,g    ) Hf182m 6.917E-01+-7.8E+01 Hf181 (n,p    ) Lu181  3.476E-08+-5.0E+01 Hf181 (n,a    ) Yb178  3.140E-07+-6.0E+01 Hf182 (n,n    ) Hf182m 1.611E-03+-1.0E+02
  Hf182 (n,2n   ) Hf181  5.666E-03+-4.0E+01 Hf182 (n,na   ) Yb178  2.502E-10+-1.0E+02 Hf182 (n,g    ) Hf183  1.332E+00+-7.6E+02 Hf182 (n,p    ) Lu182  1.042E-09+-5.0E+01
  Hf182 (n,a    ) Yb179  2.240E-08+-6.0E+01 Ta175 (n,2n   ) Ta174  7.038E-05+-4.0E+01 Ta175 (n,na   ) Lu171  1.970E-07+-1.2E+02 Ta175 (n,na   ) Lu171m 2.000E-07+-1.2E+02
  Ta175 (n,np   ) Hf174  1.285E-07+-1.0E+02 Ta175 (n,g    ) Ta176  2.200E+02+-7.9E+01 Ta175 (n,p    ) Hf175  3.940E-05+-5.0E+01 Ta175 (n,d    ) Hf174  3.594E-08+-1.0E+02
  Ta175 (n,t    ) Hf173  2.309E-12+-6.0E+01 Ta175 (n,a    ) Lu172  8.745E-04+-8.5E+01 Ta175 (n,a    ) Lu172m 6.825E-04+-8.5E+01 Ta176 (n,2n   ) Ta175  2.753E-03+-4.0E+01
  Ta176 (n,na   ) Lu172  7.465E-08+-1.2E+02 Ta176 (n,na   ) Lu172m 7.323E-08+-1.2E+02 Ta176 (n,np   ) Hf175  1.984E-08+-1.0E+02 Ta176 (n,g    ) Ta177  1.802E+02+-8.0E+01
  Ta176 (n,p    ) Hf176  1.540E-03+-5.0E+01 Ta176 (n,d    ) Hf175  1.694E-08+-1.0E+02 Ta176 (n,t    ) Hf174  5.486E-10+-6.0E+01 Ta176 (n,a    ) Lu173  3.389E-03+-6.0E+01
  Ta176 (n,pa   ) Yb172  1.349E-12+-2.0E+02 Ta177 (n,2n   ) Ta176  3.355E-04+-4.0E+01 Ta177 (n,na   ) Lu173  1.773E-07+-1.0E+02 Ta177 (n,np   ) Hf176  1.091E-08+-1.0E+02
  Ta177 (n,g    ) Ta178  3.227E+01+-7.8E+01 Ta177 (n,g    ) Ta178m 1.345E+00+-7.8E+01 Ta177 (n,p    ) Hf177  4.572E-06+-7.8E+01 Ta177 (n,p    ) Hf177m 2.760E-08+-7.8E+01
  Ta177 (n,p    ) Hf177n 6.057E-11+-7.8E+01 Ta177 (n,d    ) Hf176  1.062E-08+-1.0E+02 Ta177 (n,t    ) Hf175  2.059E-12+-6.0E+01 Ta177 (n,a    ) Lu174  1.693E-04+-8.5E+01
  Ta177 (n,a    ) Lu174m 1.911E-05+-8.5E+01 Ta179 (n,2n   ) Ta178  7.512E-04+-7.2E+01 Ta179 (n,2n   ) Ta178m 4.857E-04+-7.2E+01 Ta179 (n,na   ) Lu175  3.408E-08+-1.0E+02
  Ta179 (n,np   ) Hf178  1.206E-10+-1.2E+02 Ta179 (n,g    ) Ta180  9.783E+01+-7.8E+01 Ta179 (n,g    ) Ta180m 6.105E-01+-7.8E+01 Ta179 (n,p    ) Hf179  7.987E-07+-7.8E+01
  Ta179 (n,p    ) Hf179m 3.323E-07+-7.8E+01 Ta179 (n,p    ) Hf179n 2.101E-09+-7.8E+01 Ta179 (n,d    ) Hf178  8.252E-10+-1.2E+02 Ta179 (n,a    ) Lu176  4.097E-06+-8.5E+01
  Ta179 (n,a    ) Lu176m 6.343E-06+-8.5E+01 Ta180 (n,n    ) Ta180m 1.600E-02+-1.0E+02 Ta180 (n,2n   ) Ta179  4.581E-03+-4.0E+01 Ta180 (n,na   ) Lu176  1.267E-09+-1.2E+02
  Ta180 (n,na   ) Lu176m 2.272E-09+-1.2E+02 Ta180 (n,np   ) Hf179  1.853E-11+-1.2E+02 Ta180 (n,g    ) Ta181  2.394E+02+-9.2E+00 Ta180 (n,p    ) Hf180  2.423E-06+-7.8E+01
  Ta180 (n,p    ) Hf180m 6.150E-08+-7.8E+01 Ta180 (n,d    ) Hf179  1.768E-10+-1.2E+02 Ta180 (n,d    ) Hf179m 4.844E-12+-1.2E+02 Ta180 (n,t    ) Hf178  2.664E-11+-8.5E+01
  Ta180 (n,a    ) Lu177  7.020E-05+-8.5E+01 Ta180 (n,a    ) Lu177m 7.084E-07+-8.5E+01 Ta180 (n,a    ) Lu177n 3.139E-10+-8.5E+01 Ta180m(n,n    ) Ta180  8.130E-02+-1.0E+02
  Ta180m(n,2n   ) Ta179  2.738E-03+-4.0E+01 Ta180m(n,na   ) Lu176  4.769E-09+-1.2E+02 Ta180m(n,na   ) Lu176m 1.673E-09+-1.2E+02 Ta180m(n,np   ) Hf179  1.049E-11+-1.2E+02
  Ta180m(n,g    ) Ta181  8.009E+01+-3.9E+01 Ta180m(n,p    ) Hf180  1.046E-06+-7.8E+01 Ta180m(n,p    ) Hf180m 8.820E-08+-7.8E+01 Ta180m(n,d    ) Hf179  1.355E-10+-1.2E+02
  Ta180m(n,d    ) Hf179m 1.647E-12+-1.2E+02 Ta180m(n,t    ) Hf178  2.333E-12+-8.5E+01 Ta180m(n,a    ) Lu177  2.083E-05+-8.5E+01 Ta180m(n,a    ) Lu177m 1.257E-07+-8.5E+01
  Ta180m(n,a    ) Lu177n 2.517E-10+-8.5E+01 Ta181 (n,2n   ) Ta180  9.443E-04+-2.0E+01 Ta181 (n,2n   ) Ta180m 7.304E-04+-3.0E+01 Ta181 (n,na   ) Lu177  1.308E-09+-1.2E+02
  Ta181 (n,na   ) Lu177m 4.555E-11+-1.2E+02 Ta181 (n,np   ) Hf180  2.215E-12+-1.2E+02 Ta181 (n,np   ) Hf180m 4.631E-10+-1.2E+02 Ta181 (n,g    ) Ta182  2.033E+01+-1.3E+01
  Ta181 (n,g    ) Ta182m 1.786E-03+-4.5E+01 Ta181 (n,g    ) Ta182n 1.223E-02+-4.6E+01 Ta181 (n,p    ) Hf181  2.722E-07+-1.5E+01 Ta181 (n,d    ) Hf180  1.500E-10+-1.2E+02
  Ta181 (n,d    ) Hf180m 3.003E-10+-1.2E+02 Ta181 (n,a    ) Lu178  6.179E-07+-9.0E+01 Ta181 (n,a    ) Lu178m 3.158E-07+-9.1E+01 Ta182 (n,n    ) Ta182m 2.804E-01+-1.0E+02
  Ta182 (n,n    ) Ta182n 2.804E-01+-1.0E+02 Ta182 (n,2n   ) Ta181  6.899E-03+-4.0E+01 Ta182 (n,na   ) Lu178  1.873E-10+-1.2E+02 Ta182 (n,na   ) Lu178m 9.721E-11+-1.2E+02
  Ta182 (n,g    ) Ta183  2.034E+03+-4.6E+01 Ta182 (n,p    ) Hf182  5.622E-07+-7.8E+01 Ta182 (n,p    ) Hf182m 2.721E-08+-7.8E+01 Ta182 (n,d    ) Hf181  4.301E-11+-1.0E+02
  Ta182 (n,t    ) Hf180  1.294E-11+-8.5E+01 Ta182 (n,t    ) Hf180m 1.599E-12+-8.5E+01 Ta182 (n,a    ) Lu179  8.019E-05+-9.2E+01 Ta183 (n,2n   ) Ta182  1.739E-03+-7.2E+01
  Ta183 (n,2n   ) Ta182m 2.112E-03+-7.2E+01 Ta183 (n,2n   ) Ta182n 2.018E-04+-7.2E+01 Ta183 (n,na   ) Lu179  3.254E-10+-1.0E+02 Ta183 (n,g    ) Ta184  1.468E+01+-1.5E+02
  Ta183 (n,p    ) Hf183  6.300E-08+-5.0E+01 Ta183 (n,d    ) Hf182  1.406E-11+-1.2E+02 Ta183 (n,d    ) Hf182m 1.737E-12+-1.2E+02 Ta183 (n,a    ) Lu180  1.916E-08+-8.5E+01
  Ta183 (n,a    ) Lu180m 3.891E-08+-8.5E+01 Ta184 (n,2n   ) Ta183  1.024E-02+-4.0E+01 Ta184 (n,na   ) Lu180  2.047E-11+-1.2E+02 Ta184 (n,na   ) Lu180m 6.140E-11+-1.2E+02
  Ta184 (n,g    ) Ta185  4.930E+01+-9.8E+01 Ta184 (n,p    ) Hf184  1.457E-07+-7.8E+01 Ta184 (n,p    ) Hf184m 1.801E-08+-7.8E+01 Ta184 (n,d    ) Hf183  5.488E-12+-1.0E+02
  Ta184 (n,t    ) Hf182  9.572E-12+-8.5E+01 Ta184 (n,t    ) Hf182m 1.183E-12+-8.5E+01 Ta184 (n,a    ) Lu181  1.106E-07+-6.0E+01 W 178 (n,2n   ) W 177  1.577E-04+-4.0E+01
  W 178 (n,na   ) Hf174  2.462E-07+-1.0E+02 W 178 (n,np   ) Ta177  2.423E-10+-1.0E+02 W 178 (n,g    ) W 179  3.158E+00+-7.8E+01 W 178 (n,g    ) W 179m 3.156E+00+-7.8E+01
  W 178 (n,p    ) Ta178  4.088E-06+-7.8E+01 W 178 (n,p    ) Ta178m 1.153E-06+-7.8E+01 W 178 (n,d    ) Ta177  1.174E-10+-1.0E+02 W 178 (n,a    ) Hf175  1.378E-04+-6.0E+01
  W 180 (n,2n   ) W 179  2.288E-04+-2.0E+01 W 180 (n,2n   ) W 179m 9.877E-05+-2.0E+01 W 180 (n,na   ) Hf176  5.113E-08+-1.0E+02 W 180 (n,np   ) Ta179  3.970E-12+-1.0E+02
  W 180 (n,g    ) W 181  9.611E+00+-2.1E+01 W 180 (n,p    ) Ta180  7.210E-07+-3.0E+01 W 180 (n,p    ) Ta180m 7.952E-08+-3.0E+01 W 180 (n,d    ) Ta179  7.563E-12+-1.0E+02
  W 180 (n,a    ) Hf177  1.141E-05+-8.5E+01 W 180 (n,a    ) Hf177m 1.218E-08+-8.5E+01 W 180 (n,a    ) Hf177n 2.650E-11+-8.5E+01 W 181 (n,2n   ) W 180  2.606E-03+-4.0E+01
  W 181 (n,na   ) Hf177  1.214E-08+-1.2E+02 W 181 (n,na   ) Hf177m 6.123E-10+-1.2E+02 W 181 (n,na   ) Hf177n 1.530E-12+-1.2E+02 W 181 (n,np   ) Ta180  1.080E-12+-1.2E+02
  W 181 (n,g    ) W 182  1.992E+01+-1.7E+02 W 181 (n,p    ) Ta181  1.159E-06+-5.0E+01 W 181 (n,d    ) Ta180  3.386E-12+-1.2E+02 W 181 (n,d    ) Ta180m 1.257E-12+-1.2E+02
  W 181 (n,a    ) Hf178  3.423E-05+-8.5E+01 W 181 (n,a    ) Hf178m 3.521E-07+-8.5E+01 W 181 (n,a    ) Hf178n 4.109E-09+-8.5E+01 W 182 (n,2n   ) W 181  6.513E-04+-1.0E+01
  W 182 (n,na   ) Hf178  2.747E-09+-9.0E+01 W 182 (n,na   ) Hf178m 1.271E-11+-3.0E+01 W 182 (n,na   ) Hf178n 3.178E-11+-2.6E+02 W 182 (n,g    ) W 183  1.401E+01+-7.8E+01
  W 182 (n,g    ) W 183m 2.094E+00+-7.8E+01 W 182 (n,p    ) Ta182m 1.514E-08+-3.0E+01 W 182 (n,p    ) Ta182n 1.263E-08+-2.0E+01 W 182 (n,a    ) Hf179  6.381E-07+-6.2E+01
  W 182 (n,a    ) Hf179m 2.055E-07+-7.6E+01 W 182 (n,a    ) Hf179n 4.323E-11+-9.0E+01 W 183 (n,n    ) W 183m 5.406E-02+-5.0E+01 W 183 (n,2n   ) W 182  5.653E-03+-1.0E+01
  W 183 (n,na   ) Hf179  6.061E-10+-1.2E+02 W 183 (n,na   ) Hf179m 1.531E-11+-1.2E+02 W 183 (n,na   ) Hf179n 1.427E-11+-1.2E+02 W 183 (n,g    ) W 184  1.084E+01+-1.4E+01
  W 183 (n,p    ) Ta183  3.475E-07+-2.0E+01 W 183 (n,a    ) Hf180  1.538E-05+-9.1E+01 W 183 (n,a    ) Hf180m 1.210E-08+-6.8E+01 W 184 (n,2n   ) W 183  1.308E-03+-2.0E+01
  W 184 (n,2n   ) W 183m 1.743E-04+-2.0E+01 W 184 (n,na   ) Hf180  7.491E-10+-1.2E+02 W 184 (n,na   ) Hf180m 1.026E-11+-1.2E+02 W 184 (n,g    ) W 185  7.079E-01+-4.1E+01
  W 184 (n,g    ) W 185m 1.302E-03+-3.3E+01 W 184 (n,p    ) Ta184  2.979E-08+-2.0E+01 W 184 (n,a    ) Hf181  8.455E-08+-2.8E+01 W 185 (n,n    ) W 185m 3.340E-02+-1.0E+02
  W 185 (n,2n   ) W 184  1.037E-02+-4.0E+01 W 185 (n,na   ) Hf181  3.009E-10+-1.0E+02 W 185 (n,g    ) W 186  6.227E+00+-1.7E+01 W 185 (n,p    ) Ta185  6.497E-08+-5.0E+01
  W 185 (n,a    ) Hf182  3.526E-07+-8.5E+01 W 185 (n,a    ) Hf182m 3.937E-09+-8.5E+01 W 186 (n,2n   ) W 185  1.716E-03+-2.0E+01 W 186 (n,2n   ) W 185m 4.613E-04+-2.0E+01
  W 186 (n,na   ) Hf182  7.271E-11+-1.2E+02 W 186 (n,na   ) Hf182m 1.781E-12+-1.2E+02 W 186 (n,g    ) W 187  1.621E+01+-8.5E+00 W 186 (n,p    ) Ta186  1.937E-09+-2.0E+01
  W 186 (n,a    ) Hf183  1.272E-08+-2.8E+01 W 187 (n,2n   ) W 186  1.299E-02+-4.0E+01 W 187 (n,na   ) Hf183  1.174E-11+-1.0E+02 W 187 (n,g    ) W 188  6.750E+01+-1.9E+01
  W 187 (n,p    ) Ta187  1.791E-08+-5.0E+01 W 187 (n,a    ) Hf184  1.943E-08+-8.5E+01 W 187 (n,a    ) Hf184m 2.402E-09+-8.5E+01 W 188 (n,2n   ) W 187  3.810E-03+-4.0E+01
  W 188 (n,na   ) Hf184  2.505E-12+-1.2E+02 W 188 (n,g    ) W 189  1.530E+00+-3.9E+01 W 188 (n,p    ) Ta188  2.594E-10+-5.0E+01 W 188 (n,a    ) Hf185  7.129E-09+-6.0E+01
  Re181 (n,2n   ) Re180  5.372E-05+-4.0E+01 Re181 (n,na   ) Ta177  1.986E-07+-1.0E+02 Re181 (n,np   ) W 180  3.979E-08+-1.0E+02 Re181 (n,g    ) Re182  7.842E+00+-7.8E+01
  Re181 (n,g    ) Re182m 3.136E+01+-7.8E+01 Re181 (n,p    ) W 181  1.250E-05+-5.0E+01 Re181 (n,d    ) W 180  1.003E-08+-1.0E+02 Re181 (n,a    ) Ta178  3.226E-04+-8.5E+01
  Re181 (n,a    ) Ta178m 9.099E-05+-8.5E+01 Re182 (n,n    ) Re182m 2.177E-01+-1.0E+02 Re182 (n,2n   ) Re181  1.214E-03+-4.0E+01 Re182 (n,na   ) Ta178  3.737E-04+-1.2E+02
  Re182 (n,na   ) Ta178m 2.389E-04+-1.2E+02 Re182 (n,np   ) W 181  5.141E-09+-1.0E+02 Re182 (n,g    ) Re183  1.911E+02+-9.5E+01 Re182 (n,p    ) W 182  2.252E-05+-5.0E+01
  Re182 (n,d    ) W 181  6.996E-09+-1.0E+02 Re182 (n,t    ) W 180  1.949E-10+-6.0E+01 Re182 (n,a    ) Ta179  3.565E-04+-6.0E+01 Re182m(n,n    ) Re182  3.095E-02+-1.0E+02
  Re182m(n,2n   ) Re181  2.837E-03+-4.0E+01 Re182m(n,na   ) Ta178  5.283E-06+-1.2E+02 Re182m(n,na   ) Ta178m 2.131E-06+-1.2E+02 Re182m(n,2na  ) Ta177  1.606E-10+-2.0E+02
  Re182m(n,np   ) W 181  4.388E-07+-1.0E+02 Re182m(n,n2a  ) Lu174  6.690E-12+-2.1E+02 Re182m(n,n2a  ) Lu174m 1.978E-12+-2.1E+02 Re182m(n,g    ) Re183  1.447E+02+-7.8E+01
  Re182m(n,p    ) W 182  9.210E-03+-5.0E+01 Re182m(n,d    ) W 181  2.831E-08+-1.0E+02 Re182m(n,t    ) W 180  1.995E-09+-6.0E+01 Re182m(n,a    ) Ta179  3.449E-02+-6.0E+01
  Re182m(n,pa   ) Hf178  4.157E-10+-2.1E+02 Re182m(n,pa   ) Hf178m 4.075E-12+-2.1E+02 Re183 (n,2n   ) Re182  1.893E-05+-7.2E+01 Re183 (n,2n   ) Re182m 3.131E-05+-7.2E+01
  Re183 (n,na   ) Ta179  1.452E-08+-1.0E+02 Re183 (n,np   ) W 182  4.327E-09+-1.0E+02 Re183 (n,g    ) Re184  2.697E+01+-7.8E+01 Re183 (n,g    ) Re184m 4.390E-01+-7.8E+01
  Re183 (n,p    ) W 183  1.232E-06+-7.8E+01 Re183 (n,p    ) W 183m 5.422E-07+-7.8E+01 Re183 (n,d    ) W 182  2.212E-09+-1.0E+02 Re183 (n,a    ) Ta180  1.393E-05+-8.5E+01
  Re183 (n,a    ) Ta180m 9.657E-08+-8.5E+01 Re184 (n,n    ) Re184m 2.289E-02+-1.0E+02 Re184 (n,2n   ) Re183  3.917E-03+-4.0E+01 Re184 (n,na   ) Ta180  3.205E-09+-1.2E+02
  Re184 (n,na   ) Ta180m 1.332E-09+-1.2E+02 Re184 (n,np   ) W 183  1.192E-10+-1.2E+02 Re184 (n,np   ) W 183m 1.517E-10+-1.2E+02 Re184 (n,g    ) Re185  2.155E+03+-7.3E+01
  Re184 (n,p    ) W 184  4.458E-06+-5.0E+01 Re184 (n,d    ) W 183  5.401E-10+-1.2E+02 Re184 (n,d    ) W 183m 4.244E-10+-1.2E+02 Re184 (n,t    ) W 182  9.966E-11+-6.0E+01
  Re184 (n,a    ) Ta181  3.213E-04+-6.0E+01 Re184m(n,n    ) Re184  3.430E-01+-1.0E+02 Re184m(n,2n   ) Re183  2.522E-03+-4.0E+01 Re184m(n,na   ) Ta180  2.562E-09+-1.2E+02
  Re184m(n,na   ) Ta180m 3.827E-09+-1.2E+02 Re184m(n,np   ) W 183  8.460E-11+-1.2E+02 Re184m(n,np   ) W 183m 1.077E-10+-1.2E+02 Re184m(n,g    ) Re185  6.715E+02+-8.3E+02
  Re184m(n,p    ) W 184  2.018E-06+-5.0E+01 Re184m(n,d    ) W 183  7.870E-10+-1.2E+02 Re184m(n,d    ) W 183m 6.183E-10+-1.2E+02 Re184m(n,t    ) W 182  1.745E-11+-6.0E+01
  Re184m(n,a    ) Ta181  2.310E-04+-6.0E+01 Re185 (n,2n   ) Re184  7.344E-04+-1.0E+01 Re185 (n,2n   ) Re184m 1.754E-04+-1.0E+01 Re185 (n,na   ) Ta181  7.563E-09+-1.0E+02
  Re185 (n,np   ) W 184  4.831E-11+-1.0E+02 Re185 (n,g    ) Re186  5.243E+01+-4.2E+01 Re185 (n,g    ) Re186m 1.497E-01+-4.2E+01 Re185 (n,p    ) W 185  3.195E-07+-5.0E+01
  Re185 (n,p    ) W 185m 1.784E-07+-3.0E+01 Re185 (n,d    ) W 184  5.311E-10+-1.0E+02 Re185 (n,a    ) Ta182  2.599E-06+-7.3E+01 Re185 (n,a    ) Ta182m 1.529E-06+-7.1E+01
  Re185 (n,a    ) Ta182n 7.364E-09+-4.0E+01 Re186 (n,n    ) Re186m 6.212E-03+-1.0E+02 Re186 (n,2n   ) Re185  5.698E-03+-4.0E+01 Re186 (n,na   ) Ta182  2.797E-10+-1.2E+02
  Re186 (n,na   ) Ta182m 4.293E-10+-1.2E+02 Re186 (n,na   ) Ta182n 3.635E-11+-1.2E+02 Re186 (n,np   ) W 185  4.454E-12+-1.2E+02 Re186 (n,np   ) W 185m 5.669E-12+-1.2E+02
  Re186 (n,g    ) Re187  3.979E+01+-9.8E+01 Re186 (n,p    ) W 186  1.374E-06+-5.0E+01 Re186 (n,d    ) W 185  7.953E-11+-1.2E+02 Re186 (n,d    ) W 185m 6.249E-11+-1.2E+02
  Re186 (n,t    ) W 184  3.299E-11+-6.0E+01 Re186 (n,a    ) Ta183  2.163E-06+-6.0E+01 Re186m(n,n    ) Re186  3.097E-01+-1.0E+02 Re186m(n,2n   ) Re185  4.489E-03+-4.0E+01
  Re186m(n,na   ) Ta182  3.434E-10+-1.2E+02 Re186m(n,na   ) Ta182m 8.638E-10+-1.2E+02 Re186m(n,na   ) Ta182n 4.462E-11+-1.2E+02 Re186m(n,np   ) W 185  4.016E-12+-1.2E+02
  Re186m(n,np   ) W 185m 5.111E-12+-1.2E+02 Re186m(n,g    ) Re187  3.979E+01+-9.8E+01 Re186m(n,p    ) W 186  7.414E-07+-5.0E+01 Re186m(n,d    ) W 185  7.931E-11+-1.2E+02
  Re186m(n,d    ) W 185m 6.231E-11+-1.2E+02 Re186m(n,t    ) W 184  7.078E-12+-6.0E+01 Re186m(n,a    ) Ta183  2.686E-06+-6.0E+01 Re187 (n,2n   ) Re186  1.401E-03+-2.0E+01
  Re187 (n,2n   ) Re186m 2.620E-04+-2.0E+01 Re187 (n,na   ) Ta183  6.115E-10+-1.0E+02 Re187 (n,np   ) W 186  1.292E-12+-1.0E+02 Re187 (n,g    ) Re188  1.273E+01+-1.9E+01
  Re187 (n,g    ) Re188m 3.550E-01+-5.8E+01 Re187 (n,p    ) W 187  2.018E-07+-3.0E+01 Re187 (n,d    ) W 186  6.551E-11+-1.0E+02 Re187 (n,a    ) Ta184  3.182E-08+-2.1E+01
  Re188 (n,n    ) Re188m 3.306E-02+-1.0E+02 Re188 (n,2n   ) Re187  7.963E-03+-4.0E+01 Re188 (n,na   ) Ta184  8.503E-11+-1.0E+02 Re188 (n,g    ) Re189  5.989E+00+-9.4E+01
  Re188 (n,p    ) W 188  4.414E-07+-5.0E+01 Re188 (n,d    ) W 187  1.813E-11+-1.0E+02 Re188 (n,t    ) W 186  9.643E-12+-6.0E+01 Re188 (n,a    ) Ta185  8.181E-08+-6.0E+01
  Re189 (n,2n   ) Re188  2.163E-03+-7.2E+01 Re189 (n,2n   ) Re188m 5.286E-04+-7.2E+01 Re189 (n,na   ) Ta185  2.619E-11+-1.0E+02 Re189 (n,g    ) Re190  4.552E+00+-7.8E+01
  Re189 (n,g    ) Re190m 4.839E-01+-7.8E+01 Re189 (n,p    ) W 189  3.355E-08+-5.0E+01 Re189 (n,d    ) W 188  4.852E-12+-1.0E+02 Re189 (n,a    ) Ta186  2.459E-08+-6.0E+01
  Os182 (n,2n   ) Os181  1.660E-05+-7.2E+01 Os182 (n,2n   ) Os181m 2.631E-05+-7.2E+01 Os182 (n,na   ) W 178  5.151E-07+-1.0E+02 Os182 (n,np   ) Re181  3.902E-09+-1.0E+02
  Os182 (n,g    ) Os183  3.426E+00+-7.8E+01 Os182 (n,g    ) Os183m 3.425E+00+-7.8E+01 Os182 (n,p    ) Re182  6.007E-06+-7.8E+01 Os182 (n,p    ) Re182m 5.545E-06+-7.8E+01
  Os182 (n,d    ) Re181  5.126E-10+-1.0E+02 Os182 (n,a    ) W 179  1.755E-04+-8.5E+01 Os182 (n,a    ) W 179m 2.586E-04+-8.5E+01 Os182 (n,2a   ) Hf175  2.759E-12+-2.0E+02
  Os183 (n,n    ) Os183m 1.370E-01+-1.0E+02 Os183 (n,2n   ) Os182  6.587E-04+-4.0E+01 Os183 (n,na   ) W 179  1.810E-07+-1.2E+02 Os183 (n,na   ) W 179m 2.373E-08+-1.2E+02
  Os183 (n,np   ) Re182  1.196E-10+-1.2E+02 Os183 (n,np   ) Re182m 1.793E-10+-1.2E+02 Os183 (n,g    ) Os184  8.828E+01+-9.7E+01 Os183 (n,p    ) Re183  1.271E-05+-5.0E+01
  Os183 (n,d    ) Re182  1.451E-10+-1.2E+02 Os183 (n,d    ) Re182m 1.339E-10+-1.2E+02 Os183 (n,a    ) W 180  6.599E-04+-6.0E+01 Os183 (n,2a   ) Hf176  1.023E-12+-2.0E+02
  Os183m(n,2n   ) Os182  7.791E-04+-4.0E+01 Os183m(n,na   ) W 179  9.659E-08+-1.2E+02 Os183m(n,na   ) W 179m 1.909E-08+-1.2E+02 Os183m(n,np   ) Re182  9.371E-11+-1.2E+02
  Os183m(n,np   ) Re182m 1.406E-10+-1.2E+02 Os183m(n,g    ) Os184  1.070E+02+-8.1E+01 Os183m(n,p    ) Re183  1.226E-05+-5.0E+01 Os183m(n,d    ) Re182  5.515E-11+-1.2E+02
  Os183m(n,d    ) Re182m 5.091E-11+-1.2E+02 Os183m(n,t    ) Re181  1.002E-12+-6.0E+01 Os183m(n,a    ) W 180  3.913E-04+-6.0E+01 Os184 (n,2n   ) Os183  6.525E-05+-2.0E+01
  Os184 (n,2n   ) Os183m 1.956E-05+-2.0E+01 Os184 (n,na   ) W 180  9.979E-08+-1.0E+02 Os184 (n,np   ) Re183  2.403E-10+-1.0E+02 Os184 (n,g    ) Os185  2.657E+02+-4.9E+01
  Os184 (n,p    ) Re184  1.920E-06+-7.8E+01 Os184 (n,p    ) Re184m 6.297E-08+-7.8E+01 Os184 (n,d    ) Re183  1.076E-10+-1.0E+02 Os184 (n,a    ) W 181  8.129E-04+-6.0E+01
  Os185 (n,2n   ) Os184  2.772E-03+-4.0E+01 Os185 (n,na   ) W 181  5.362E-08+-1.0E+02 Os185 (n,np   ) Re184  4.139E-11+-1.2E+02 Os185 (n,np   ) Re184m 4.216E-12+-1.2E+02
  Os185 (n,g    ) Os186  2.098E+01+-1.9E+02 Os185 (n,p    ) Re185  2.523E-06+-5.0E+01 Os185 (n,d    ) Re184  8.955E-11+-1.2E+02 Os185 (n,d    ) Re184m 1.244E-11+-1.2E+02
  Os185 (n,t    ) Re183  1.348E-12+-6.0E+01 Os185 (n,a    ) W 182  1.961E-04+-6.0E+01 Os186 (n,2n   ) Os185  4.396E-04+-2.0E+01 Os186 (n,na   ) W 182  4.195E-08+-1.0E+02
  Os186 (n,np   ) Re185  2.045E-12+-1.0E+02 Os186 (n,g    ) Os187  1.282E+01+-1.1E+01 Os186 (n,p    ) Re186  5.056E-07+-3.0E+01 Os186 (n,p    ) Re186m 9.984E-09+-3.0E+01
  Os186 (n,d    ) Re185  9.106E-12+-1.0E+02 Os186 (n,a    ) W 183  5.893E-06+-8.5E+01 Os186 (n,a    ) W 183m 1.130E-05+-8.5E+01 Os187 (n,2n   ) Os186  4.263E-03+-4.0E+01
  Os187 (n,na   ) W 183  6.613E-09+-1.2E+02 Os187 (n,na   ) W 183m 1.469E-09+-1.2E+02 Os187 (n,g    ) Os188  3.476E+01+-2.1E+01 Os187 (n,p    ) Re187  7.002E-07+-5.0E+01
  Os187 (n,d    ) Re186  2.324E-12+-1.2E+02 Os187 (n,a    ) W 184  1.144E-05+-6.8E+01 Os188 (n,2n   ) Os187  8.259E-04+-4.0E+01 Os188 (n,na   ) W 184  3.560E-09+-1.0E+02
  Os188 (n,g    ) Os189  3.756E+00+-7.8E+01 Os188 (n,g    ) Os189m 1.222E+00+-7.8E+01 Os188 (n,p    ) Re188  5.323E-08+-3.0E+01 Os188 (n,p    ) Re188m 6.010E-09+-3.0E+01
  Os188 (n,a    ) W 185  9.099E-06+-9.1E+01 Os188 (n,a    ) W 185m 2.260E-05+-9.2E+01 Os189 (n,n    ) Os189m 1.560E-01+-1.0E+02 Os189 (n,2n   ) Os188  6.342E-03+-4.0E+01
  Os189 (n,na   ) W 185  6.116E-10+-1.2E+02 Os189 (n,na   ) W 185m 1.633E-10+-1.2E+02 Os189 (n,g    ) Os190  2.143E+01+-2.5E+01 Os189 (n,g    ) Os190m 1.978E-04+-6.6E+01
  Os189 (n,p    ) Re189  5.206E-07+-3.0E+01 Os189 (n,a    ) W 186  7.192E-06+-9.0E+01 Os190 (n,n    ) Os190m 2.171E-02+-5.0E+01 Os190 (n,2n   ) Os189  6.824E-04+-7.2E+01
  Os190 (n,2n   ) Os189m 6.017E-04+-7.2E+01 Os190 (n,na   ) W 186  2.490E-10+-1.0E+02 Os190 (n,g    ) Os191  5.328E-01+-9.1E+00 Os190 (n,g    ) Os191m 1.196E+00+-1.2E+01
  Os190 (n,p    ) Re190  1.421E-08+-3.0E+01 Os190 (n,p    ) Re190m 1.101E-09+-3.0E+01 Os190 (n,a    ) W 187  2.416E-06+-7.2E+01 Os191 (n,n    ) Os191m 3.868E-02+-1.0E+02
  Os191 (n,2n   ) Os190  4.747E-03+-7.2E+01 Os191 (n,2n   ) Os190m 3.898E-04+-7.2E+01 Os191 (n,na   ) W 187  2.741E-11+-1.0E+02 Os191 (n,g    ) Os192  3.616E+01+-7.8E+01
  Os191 (n,g    ) Os192m 8.346E-02+-7.8E+01 Os191 (n,p    ) Re191  4.788E-08+-5.0E+01 Os191 (n,a    ) W 188  6.601E-08+-6.0E+01 Os191m(n,n    ) Os191  1.434E+00+-1.0E+02
  Os191m(n,2n   ) Os190  7.472E-03+-7.2E+01 Os191m(n,2n   ) Os190m 5.407E-04+-7.2E+01 Os191m(n,na   ) W 187  3.610E-11+-1.0E+02 Os191m(n,g    ) Os192  3.695E+00+-7.8E+01
  Os191m(n,g    ) Os192m 8.531E-03+-7.8E+01 Os191m(n,p    ) Re191  3.205E-08+-5.0E+01 Os191m(n,a    ) W 188  8.644E-08+-6.0E+01 Os192 (n,n    ) Os192m 9.793E-05+-5.0E+01
  Os192 (n,2n   ) Os191  6.718E-04+-3.0E+01 Os192 (n,2n   ) Os191m 4.344E-04+-3.0E+01 Os192 (n,na   ) W 188  2.534E-12+-1.0E+02 Os192 (n,g    ) Os193  5.043E-01+-7.2E+01
  Os192 (n,p    ) Re192  4.542E-09+-3.0E+01 Os192 (n,a    ) W 189  9.856E-07+-8.1E+01 Os193 (n,2n   ) Os192  8.045E-03+-7.2E+01 Os193 (n,2n   ) Os192m 4.472E-04+-7.2E+01
  Os193 (n,g    ) Os194  3.302E+00+-2.5E+01 Os193 (n,p    ) Re193  1.772E-08+-5.0E+01 Os193 (n,a    ) W 190  7.752E-09+-6.0E+01 Os194 (n,2n   ) Os193  2.390E-03+-4.0E+01
  Os194 (n,na   ) W 190  1.144E-12+-1.0E+02 Os194 (n,g    ) Os195  3.762E-01+-8.7E+02 Os194 (n,p    ) Re194  2.358E-10+-5.0E+01 Os194 (n,a    ) W 191  9.578E-10+-6.0E+01
  Ir185 (n,2n   ) Ir184  4.122E-05+-4.0E+01 Ir185 (n,na   ) Re181  3.340E-07+-1.0E+02 Ir185 (n,np   ) Os184  1.685E-07+-1.0E+02 Ir185 (n,g    ) Ir186  8.557E+00+-7.8E+01
  Ir185 (n,g    ) Ir186m 3.422E+01+-7.8E+01 Ir185 (n,p    ) Os185  5.818E-05+-5.0E+01 Ir185 (n,d    ) Os184  3.703E-08+-1.0E+02 Ir185 (n,t    ) Os183  2.623E-12+-8.5E+01
  Ir185 (n,t    ) Os183m 1.473E-12+-8.5E+01 Ir185 (n,a    ) Re182  1.678E-04+-8.5E+01 Ir185 (n,a    ) Re182m 1.549E-04+-8.5E+01 Ir186 (n,n    ) Ir186m 3.739E-02+-1.0E+02
  Ir186 (n,2n   ) Ir185  2.171E-03+-4.0E+01 Ir186 (n,na   ) Re182  8.690E-08+-1.2E+02 Ir186 (n,na   ) Re182m 1.303E-07+-1.2E+02 Ir186 (n,np   ) Os185  5.085E-08+-1.0E+02
  Ir186 (n,g    ) Ir187  1.677E+02+-9.5E+01 Ir186 (n,p    ) Os186  7.532E-04+-5.0E+01 Ir186 (n,d    ) Os185  2.598E-08+-1.0E+02 Ir186 (n,t    ) Os184  1.698E-09+-6.0E+01
  Ir186 (n,a    ) Re183  3.830E-03+-6.0E+01 Ir186 (n,2a   ) Ta179  1.806E-12+-2.0E+02 Ir186 (n,pa   ) W 182  4.047E-12+-2.0E+02 Ir187 (n,2n   ) Ir186  1.887E-05+-7.2E+01
  Ir187 (n,2n   ) Ir186m 3.248E-05+-7.2E+01 Ir187 (n,na   ) Re183  2.131E-07+-1.0E+02 Ir187 (n,np   ) Os186  2.421E-08+-1.0E+02 Ir187 (n,g    ) Ir188  5.153E+01+-1.1E+02
  Ir187 (n,p    ) Os187  7.289E-06+-5.0E+01 Ir187 (n,d    ) Os186  1.249E-08+-1.0E+02 Ir187 (n,t    ) Os185  2.057E-12+-6.0E+01 Ir187 (n,a    ) Re184  1.516E-04+-8.5E+01
  Ir187 (n,a    ) Re184m 1.477E-06+-8.5E+01 Ir188 (n,2n   ) Ir187  2.997E-03+-4.0E+01 Ir188 (n,na   ) Re184  6.893E-08+-1.2E+02 Ir188 (n,na   ) Re184m 9.851E-09+-1.2E+02
  Ir188 (n,np   ) Os187  6.833E-09+-1.0E+02 Ir188 (n,g    ) Ir189  6.568E+01+-1.1E+02 Ir188 (n,p    ) Os188  4.613E-05+-5.0E+01 Ir188 (n,d    ) Os187  5.792E-09+-1.0E+02
  Ir188 (n,t    ) Os186  4.524E-10+-6.0E+01 Ir188 (n,a    ) Re185  2.278E-04+-6.0E+01 Ir189 (n,2n   ) Ir188  2.114E-04+-4.0E+01 Ir189 (n,na   ) Re185  2.890E-08+-1.0E+02
  Ir189 (n,np   ) Os188  1.817E-09+-1.0E+02 Ir189 (n,g    ) Ir190  7.490E+00+-7.8E+01 Ir189 (n,g    ) Ir190m 1.123E+01+-7.8E+01 Ir189 (n,g    ) Ir190n 7.136E-03+-7.8E+01
  Ir189 (n,p    ) Os189  7.322E-07+-7.8E+01 Ir189 (n,p    ) Os189m 7.384E-07+-7.8E+01 Ir189 (n,d    ) Os188  2.200E-09+-1.0E+02 Ir189 (n,a    ) Re186  1.298E-05+-8.5E+01
  Ir189 (n,a    ) Re186m 1.168E-07+-8.5E+01 Ir190 (n,n    ) Ir190m 1.190E-01+-1.0E+02 Ir190 (n,n    ) Ir190n 1.190E-01+-1.0E+02 Ir190 (n,2n   ) Ir189  3.974E-03+-4.0E+01
  Ir190 (n,na   ) Re186  7.749E-09+-1.2E+02 Ir190 (n,na   ) Re186m 2.108E-09+-1.2E+02 Ir190 (n,np   ) Os189  1.229E-10+-1.2E+02 Ir190 (n,np   ) Os189m 1.803E-10+-1.2E+02
  Ir190 (n,g    ) Ir191  3.337E+01+-7.8E+01 Ir190 (n,g    ) Ir191m 4.988E+00+-7.8E+01 Ir190 (n,g    ) Ir191n 3.339E-03+-7.8E+01 Ir190 (n,p    ) Os190  4.727E-06+-7.8E+01
  Ir190 (n,p    ) Os190m 1.063E-07+-7.8E+01 Ir190 (n,d    ) Os189  6.850E-10+-1.2E+02 Ir190 (n,d    ) Os189m 4.998E-10+-1.2E+02 Ir190 (n,t    ) Os188  2.016E-10+-6.0E+01
  Ir190 (n,a    ) Re187  3.731E-05+-6.0E+01 Ir191 (n,n    ) Ir191m 1.765E-01+-3.0E+01 Ir191 (n,n    ) Ir191n 1.781E-01+-1.0E+02 Ir191 (n,2n   ) Ir190  9.463E-04+-2.0E+01
  Ir191 (n,2n   ) Ir190m 8.053E-05+-3.0E+01 Ir191 (n,2n   ) Ir190n 2.518E-06+-1.0E+01 Ir191 (n,na   ) Re187  2.180E-09+-1.0E+02 Ir191 (n,np   ) Os190  3.191E-11+-1.2E+02
  Ir191 (n,np   ) Os190m 4.148E-12+-1.2E+02 Ir191 (n,g    ) Ir192  4.514E+01+-4.3E+01 Ir191 (n,g    ) Ir192m 1.146E+02+-8.8E+01 Ir191 (n,g    ) Ir192n 2.781E-02+-3.4E+01
  Ir191 (n,p    ) Os191  2.475E-07+-6.7E+01 Ir191 (n,p    ) Os191m 2.872E-07+-6.7E+01 Ir191 (n,d    ) Os190  3.856E-10+-1.2E+02 Ir191 (n,d    ) Os190m 8.673E-12+-1.2E+02
  Ir191 (n,a    ) Re188  2.531E-06+-8.5E+01 Ir191 (n,a    ) Re188m 3.592E-08+-8.5E+01 Ir192 (n,n    ) Ir192m 1.328E-01+-1.0E+02 Ir192 (n,n    ) Ir192n 3.175E-03+-1.0E+02
  Ir192 (n,2n   ) Ir191  2.257E-03+-7.2E+01 Ir192 (n,2n   ) Ir191m 2.834E-03+-7.2E+01 Ir192 (n,2n   ) Ir191n 7.954E-06+-7.2E+01 Ir192 (n,na   ) Re188  2.129E-10+-1.2E+02
  Ir192 (n,na   ) Re188m 8.015E-11+-1.2E+02 Ir192 (n,np   ) Os191  7.562E-12+-1.2E+02 Ir192 (n,np   ) Os191m 1.171E-12+-1.2E+02 Ir192 (n,g    ) Ir193  3.260E+02+-7.8E+01
  Ir192 (n,g    ) Ir193m 5.039E+01+-7.8E+01 Ir192 (n,p    ) Os192  1.432E-06+-7.8E+01 Ir192 (n,p    ) Os192m 3.222E-08+-7.8E+01 Ir192 (n,d    ) Os191  8.423E-11+-1.2E+02
  Ir192 (n,d    ) Os191m 1.841E-11+-1.2E+02 Ir192 (n,t    ) Os190  3.278E-11+-8.5E+01 Ir192 (n,a    ) Re189  1.755E-05+-8.2E+01 Ir192n(n,n    ) Ir192  1.183E-01+-1.0E+02
  Ir192n(n,n    ) Ir192m 1.311E-03+-1.0E+02 Ir192n(n,2n   ) Ir191  1.411E-03+-7.2E+01 Ir192n(n,2n   ) Ir191m 2.981E-03+-7.2E+01 Ir192n(n,2n   ) Ir191n 7.340E-06+-7.2E+01
  Ir192n(n,na   ) Re188  2.668E-10+-1.2E+02 Ir192n(n,na   ) Re188m 2.094E-10+-1.2E+02 Ir192n(n,np   ) Os191  5.825E-12+-1.2E+02 Ir192n(n,g    ) Ir193  3.666E+02+-7.8E+01
  Ir192n(n,g    ) Ir193m 5.478E+01+-7.8E+01 Ir192n(n,p    ) Os192  7.208E-07+-7.8E+01 Ir192n(n,p    ) Os192m 1.621E-08+-7.8E+01 Ir192n(n,d    ) Os191  3.612E-09+-1.2E+02
  Ir192n(n,d    ) Os191m 3.976E-10+-1.2E+02 Ir192n(n,t    ) Os190  2.725E-10+-8.5E+01 Ir192n(n,t    ) Os190m 6.129E-12+-8.5E+01 Ir192n(n,a    ) Re189  5.207E-06+-8.2E+01
  Ir193 (n,n    ) Ir193m 2.003E-01+-3.0E+01 Ir193 (n,2n   ) Ir192  8.502E-04+-2.0E+01 Ir193 (n,2n   ) Ir192m 1.734E-04+-2.0E+01 Ir193 (n,2n   ) Ir192n 3.258E-05+-2.0E+01
  Ir193 (n,na   ) Re189  4.393E-11+-1.0E+02 Ir193 (n,g    ) Ir194  2.852E+01+-7.8E+01 Ir193 (n,g    ) Ir194m 1.536E+01+-7.8E+01 Ir193 (n,g    ) Ir194n 6.578E-02+-7.8E+01
  Ir193 (n,p    ) Os193  2.088E-07+-2.5E+01 Ir193 (n,d    ) Os192  4.380E-11+-1.2E+02 Ir193 (n,a    ) Re190  5.042E-09+-2.8E+01 Ir193 (n,a    ) Re190m 2.741E-09+-3.0E+01
  Ir193m(n,n    ) Ir193  1.720E-01+-1.0E+02 Ir193m(n,2n   ) Ir192  9.145E-04+-7.2E+01 Ir193m(n,2n   ) Ir192m 3.027E-04+-7.2E+01 Ir193m(n,2n   ) Ir192n 6.588E-05+-7.2E+01
  Ir193m(n,na   ) Re189  4.952E-11+-1.0E+02 Ir193m(n,g    ) Ir194  2.852E+01+-7.8E+01 Ir193m(n,g    ) Ir194m 1.536E+01+-7.8E+01 Ir193m(n,g    ) Ir194n 6.578E-02+-7.8E+01
  Ir193m(n,p    ) Os193  8.839E-08+-5.0E+01 Ir193m(n,d    ) Os192  5.209E-12+-1.2E+02 Ir193m(n,a    ) Re190  1.478E-08+-8.5E+01 Ir193m(n,a    ) Re190m 9.123E-09+-8.5E+01
  Ir194 (n,n    ) Ir194m 1.802E-03+-1.0E+02 Ir194 (n,n    ) Ir194n 1.802E-03+-1.0E+02 Ir194 (n,2n   ) Ir193  3.072E-03+-7.2E+01 Ir194 (n,2n   ) Ir193m 3.567E-03+-7.2E+01
  Ir194 (n,na   ) Re190  2.814E-12+-1.2E+02 Ir194 (n,na   ) Re190m 2.049E-12+-1.2E+02 Ir194 (n,g    ) Ir195  1.456E+02+-7.8E+01 Ir194 (n,g    ) Ir195m 2.176E+01+-7.8E+01
  Ir194 (n,p    ) Os194  4.021E-07+-5.0E+01 Ir194 (n,d    ) Os193  8.426E-12+-1.0E+02 Ir194 (n,t    ) Os192  4.427E-12+-8.5E+01 Ir194 (n,a    ) Re191  6.784E-08+-6.0E+01
  Ir194n(n,n    ) Ir194  2.697E-01+-1.0E+02 Ir194n(n,n    ) Ir194m 2.697E-01+-1.0E+02 Ir194n(n,2n   ) Ir193  4.753E-03+-7.2E+01 Ir194n(n,2n   ) Ir193m 8.873E-03+-7.2E+01
  Ir194n(n,na   ) Re190  1.900E-10+-1.2E+02 Ir194n(n,na   ) Re190m 1.900E-10+-1.2E+02 Ir194n(n,np   ) Os193  2.067E-10+-1.0E+02 Ir194n(n,g    ) Ir195  2.813E+00+-7.8E+01
  Ir194n(n,g    ) Ir195m 4.206E-01+-7.8E+01 Ir194n(n,p    ) Os194  8.436E-07+-5.0E+01 Ir194n(n,d    ) Os193  2.461E-08+-1.0E+02 Ir194n(n,t    ) Os192  2.130E-12+-8.5E+01
  Ir194n(n,h    ) Re192  9.523E-12+-9.0E+01 Ir194n(n,a    ) Re191  5.733E-08+-6.0E+01 Ir196m(n,n    ) Ir196  1.495E+01+-1.0E+02 Ir196m(n,2n   ) Ir195  6.885E-03+-7.2E+01
  Ir196m(n,2n   ) Ir195m 7.607E-03+-7.2E+01 Ir196m(n,na   ) Re192  3.609E-11+-1.0E+02 Ir196m(n,g    ) Ir197  9.092E-01+-7.8E+01 Ir196m(n,g    ) Ir197m 1.363E-01+-7.8E+01
  Ir196m(n,p    ) Os196  8.707E-08+-5.0E+01 Ir196m(n,d    ) Os195  3.010E-12+-1.0E+02 Ir196m(n,a    ) Re193  4.098E-08+-6.0E+01 Pt188 (n,2n   ) Pt187  2.150E-05+-4.0E+01
  Pt188 (n,na   ) Os184  6.467E-07+-1.0E+02 Pt188 (n,np   ) Ir187  1.208E-09+-1.0E+02 Pt188 (n,g    ) Pt189  6.393E+00+-4.0E+02 Pt188 (n,p    ) Ir188  4.000E-06+-5.0E+01
  Pt188 (n,d    ) Ir187  3.107E-10+-1.0E+02 Pt188 (n,a    ) Os185  3.434E-04+-6.0E+01 Pt188 (n,2a   ) W 181  1.235E-12+-2.0E+02 Pt189 (n,2n   ) Pt188  1.827E-03+-4.0E+01
  Pt189 (n,na   ) Os185  9.045E-07+-1.0E+02 Pt189 (n,np   ) Ir188  2.747E-10+-1.0E+02 Pt189 (n,g    ) Pt190  2.827E+01+-1.6E+02 Pt189 (n,p    ) Ir189  9.620E-06+-5.0E+01
  Pt189 (n,d    ) Ir188  2.612E-10+-1.0E+02 Pt189 (n,t    ) Ir187  2.939E-12+-6.0E+01 Pt189 (n,a    ) Os186  7.720E-04+-6.0E+01 Pt189 (n,2a   ) W 182  4.080E-12+-2.0E+02
  Pt190 (n,2n   ) Pt189  6.487E-05+-4.0E+01 Pt190 (n,na   ) Os186  7.966E-08+-1.0E+02 Pt190 (n,np   ) Ir189  1.179E-11+-1.0E+02 Pt190 (n,g    ) Pt191  1.512E+01+-1.8E+01
  Pt190 (n,p    ) Ir190  5.697E-07+-7.8E+01 Pt190 (n,p    ) Ir190m 4.346E-07+-7.8E+01 Pt190 (n,p    ) Ir190n 5.174E-09+-7.8E+01 Pt190 (n,d    ) Ir189  1.522E-11+-1.0E+02
  Pt190 (n,a    ) Os187  6.488E-04+-8.6E+01 Pt191 (n,2n   ) Pt190  2.842E-03+-4.0E+01 Pt191 (n,na   ) Os187  7.277E-08+-1.0E+02 Pt191 (n,np   ) Ir190  3.845E-12+-1.2E+02
  Pt191 (n,g    ) Pt192  2.125E+01+-1.5E+02 Pt191 (n,p    ) Ir191  1.573E-06+-7.8E+01 Pt191 (n,p    ) Ir191m 6.486E-07+-7.8E+01 Pt191 (n,p    ) Ir191n 1.740E-09+-7.8E+01
  Pt191 (n,d    ) Ir190  6.546E-12+-1.2E+02 Pt191 (n,a    ) Os188  9.738E-05+-6.0E+01 Pt192 (n,2n   ) Pt191  3.768E-04+-1.0E+01 Pt192 (n,na   ) Os188  7.434E-09+-1.0E+02
  Pt192 (n,g    ) Pt193  4.418E+00+-4.3E+01 Pt192 (n,g    ) Pt193m 1.473E+00+-4.3E+01 Pt192 (n,p    ) Ir192  1.277E-07+-7.8E+01 Pt192 (n,p    ) Ir192m 9.573E-08+-7.8E+01
  Pt192 (n,p    ) Ir192n 1.160E-09+-7.8E+01 Pt192 (n,a    ) Os189  3.448E-05+-8.5E+01 Pt192 (n,a    ) Os189m 5.112E-05+-8.5E+01 Pt193 (n,n    ) Pt193m 9.979E-02+-1.0E+02
  Pt193 (n,2n   ) Pt192  3.813E-03+-4.0E+01 Pt193 (n,na   ) Os189  1.222E-09+-1.2E+02 Pt193 (n,na   ) Os189m 1.002E-09+-1.2E+02 Pt193 (n,g    ) Pt194  9.425E+00+-2.4E+02
  Pt193 (n,p    ) Ir193  5.276E-07+-7.8E+01 Pt193 (n,p    ) Ir193m 1.751E-07+-7.8E+01 Pt193 (n,a    ) Os190  5.685E-06+-8.5E+01 Pt193 (n,a    ) Os190m 1.279E-07+-8.5E+01
  Pt193m(n,n    ) Pt193  9.340E-02+-1.0E+02 Pt193m(n,2n   ) Pt192  2.732E-03+-4.0E+01 Pt193m(n,na   ) Os189  2.876E-09+-1.2E+02 Pt193m(n,na   ) Os189m 2.977E-09+-1.2E+02
  Pt193m(n,g    ) Pt194  8.026E+00+-2.7E+02 Pt193m(n,p    ) Ir193  3.644E-07+-7.8E+01 Pt193m(n,p    ) Ir193m 1.968E-07+-7.8E+01 Pt193m(n,a    ) Os190  4.569E-06+-8.5E+01
  Pt193m(n,a    ) Os190m 1.028E-07+-8.5E+01 Pt194 (n,2n   ) Pt193  2.793E-04+-7.2E+01 Pt194 (n,2n   ) Pt193m 2.583E-04+-7.2E+01 Pt194 (n,na   ) Os190  7.567E-10+-1.2E+02
  Pt194 (n,na   ) Os190m 9.833E-11+-1.2E+02 Pt194 (n,g    ) Pt195  3.180E-01+-5.8E+02 Pt194 (n,g    ) Pt195m 2.001E-02+-4.5E+01 Pt194 (n,p    ) Ir194  4.978E-08+-3.0E+01
  Pt194 (n,p    ) Ir194m 7.482E-10+-3.0E+01 Pt194 (n,p    ) Ir194n 4.349E-10+-6.7E+01 Pt194 (n,a    ) Os191  6.319E-07+-8.5E+01 Pt194 (n,a    ) Os191m 4.416E-07+-8.5E+01
  Pt195 (n,n    ) Pt195m 7.413E-02+-1.0E+02 Pt195 (n,2n   ) Pt194  4.050E-03+-4.0E+01 Pt195 (n,na   ) Os191  7.149E-11+-1.2E+02 Pt195 (n,na   ) Os191m 7.739E-12+-1.2E+02
  Pt195 (n,g    ) Pt196  1.219E+01+-4.2E+01 Pt195 (n,p    ) Ir195  1.648E-07+-3.0E+01 Pt195 (n,p    ) Ir195m 2.424E-08+-3.0E+01 Pt195 (n,a    ) Os192  2.179E-06+-8.5E+01
  Pt195 (n,a    ) Os192m 4.903E-08+-8.5E+01 Pt195m(n,n    ) Pt195  1.748E-01+-1.0E+02 Pt195m(n,2n   ) Pt194  3.499E-03+-4.0E+01 Pt195m(n,na   ) Os191  1.705E-10+-1.2E+02
  Pt195m(n,na   ) Os191m 8.672E-12+-1.2E+02 Pt195m(n,g    ) Pt196  1.225E+01+-1.7E+02 Pt195m(n,p    ) Ir195  9.752E-08+-7.8E+01 Pt195m(n,p    ) Ir195m 3.488E-08+-7.8E+01
  Pt195m(n,a    ) Os192  4.895E-07+-8.5E+01 Pt195m(n,a    ) Os192m 1.101E-08+-8.5E+01 Pt196 (n,2n   ) Pt195  5.673E-04+-7.2E+01 Pt196 (n,2n   ) Pt195m 3.016E-04+-7.2E+01
  Pt196 (n,na   ) Os192  2.141E-11+-1.2E+02 Pt196 (n,na   ) Os192m 2.782E-12+-1.2E+02 Pt196 (n,g    ) Pt197  2.816E-01+-4.4E+01 Pt196 (n,g    ) Pt197m 2.379E-02+-1.7E+01
  Pt196 (n,p    ) Ir196  2.959E-09+-2.0E+01 Pt196 (n,p    ) Ir196m 8.750E-11+-2.0E+01 Pt196 (n,a    ) Os193  1.766E-08+-3.0E+01 Pt197 (n,n    ) Pt197m 5.654E-02+-1.0E+02
  Pt197 (n,2n   ) Pt196  5.756E-03+-4.0E+01 Pt197 (n,na   ) Os193  4.172E-12+-1.0E+02 Pt197 (n,g    ) Pt198  8.624E-01+-8.0E+02 Pt197 (n,p    ) Ir197  1.687E-08+-7.8E+01
  Pt197 (n,p    ) Ir197m 1.263E-08+-7.8E+01 Pt197 (n,a    ) Os194  2.143E-08+-6.0E+01 Pt198 (n,2n   ) Pt197  1.087E-03+-2.0E+01 Pt198 (n,2n   ) Pt197m 4.335E-04+-1.0E+01
  Pt198 (n,g    ) Pt199  1.807E+00+-1.2E+01 Pt198 (n,g    ) Pt199m 1.386E-02+-2.4E+01 Pt198 (n,p    ) Ir198  9.169E-10+-5.0E+01 Pt198 (n,a    ) Os195  5.585E-10+-6.0E+01
  Pt200 (n,2n   ) Pt199  1.575E-03+-7.2E+01 Pt200 (n,2n   ) Pt199m 4.249E-04+-7.2E+01 Pt200 (n,g    ) Pt201  1.411E-01+-8.0E+02 Pt200 (n,p    ) Ir200  1.831E-11+-5.0E+01
  Pt200 (n,a    ) Os197  1.256E-11+-6.0E+01 Pt202 (n,2n   ) Pt201  3.172E-03+-4.0E+01 Pt202 (n,g    ) Pt203  2.256E-01+-7.9E+02 Pt202 (n,p    ) Ir202  8.093E-12+-5.0E+01
  Pt202 (n,a    ) Os199  2.709E-11+-6.0E+01 Au193 (n,n    ) Au193m 1.389E-01+-1.0E+02 Au193 (n,2n   ) Au192  2.850E-05+-7.2E+01 Au193 (n,2n   ) Au192m 4.834E-05+-7.2E+01
  Au193 (n,2n   ) Au192n 1.937E-06+-7.2E+01 Au193 (n,na   ) Ir189  1.178E-08+-1.0E+02 Au193 (n,np   ) Pt192  3.014E-09+-1.0E+02 Au193 (n,g    ) Au194  1.622E+01+-7.8E+01
  Au193 (n,g    ) Au194m 3.562E+00+-7.8E+01 Au193 (n,g    ) Au194n 1.544E-02+-7.8E+01 Au193 (n,p    ) Pt193  5.002E-06+-7.8E+01 Au193 (n,p    ) Pt193m 6.281E-07+-7.8E+01
  Au193 (n,d    ) Pt192  2.994E-09+-1.0E+02 Au193 (n,a    ) Ir190  2.499E-06+-8.5E+01 Au193 (n,a    ) Ir190m 4.544E-06+-8.5E+01 Au193 (n,a    ) Ir190n 2.270E-08+-8.5E+01
  Au194 (n,n    ) Au194m 1.160E-01+-1.0E+02 Au194 (n,n    ) Au194n 1.224E-04+-1.0E+02 Au194 (n,2n   ) Au193  1.144E-03+-7.2E+01 Au194 (n,2n   ) Au193m 7.355E-04+-7.2E+01
  Au194 (n,na   ) Ir190  9.957E-10+-1.2E+02 Au194 (n,na   ) Ir190m 1.177E-10+-1.2E+02 Au194 (n,na   ) Ir190n 7.151E-11+-1.2E+02 Au194 (n,np   ) Pt193  3.265E-10+-1.2E+02
  Au194 (n,np   ) Pt193m 1.192E-10+-1.2E+02 Au194 (n,g    ) Au195  1.819E+01+-7.8E+01 Au194 (n,g    ) Au195m 2.719E+00+-7.8E+01 Au194 (n,p    ) Pt194  9.642E-06+-5.0E+01
  Au194 (n,d    ) Pt193  2.349E-10+-1.2E+02 Au194 (n,d    ) Pt193m 8.654E-11+-1.2E+02 Au194 (n,t    ) Pt192  2.866E-11+-6.0E+01 Au194 (n,a    ) Ir191  1.884E-05+-8.5E+01
  Au194 (n,a    ) Ir191m 1.987E-06+-8.5E+01 Au194 (n,a    ) Ir191n 2.075E-08+-8.5E+01 Au195 (n,n    ) Au195m 1.599E-01+-1.0E+02 Au195 (n,2n   ) Au194  7.954E-05+-7.2E+01
  Au195 (n,2n   ) Au194m 7.307E-05+-7.2E+01 Au195 (n,2n   ) Au194n 3.516E-07+-7.2E+01 Au195 (n,na   ) Ir191  2.282E-10+-1.2E+02 Au195 (n,na   ) Ir191m 1.718E-10+-1.2E+02
  Au195 (n,na   ) Ir191n 2.539E-12+-1.2E+02 Au195 (n,np   ) Pt194  1.540E-10+-1.0E+02 Au195 (n,g    ) Au196  6.179E+00+-7.8E+01 Au195 (n,g    ) Au196m 1.357E+00+-7.8E+01
  Au195 (n,g    ) Au196n 2.476E-03+-7.8E+01 Au195 (n,p    ) Pt195  1.003E-06+-7.8E+01 Au195 (n,p    ) Pt195m 1.489E-07+-7.8E+01 Au195 (n,d    ) Pt194  3.016E-10+-1.0E+02
  Au195 (n,a    ) Ir192  3.049E-07+-8.5E+01 Au195 (n,a    ) Ir192m 2.698E-07+-8.5E+01 Au195 (n,a    ) Ir192n 2.769E-09+-8.5E+01 Au196 (n,n    ) Au196m 2.289E-01+-1.0E+02
  Au196 (n,n    ) Au196n 2.289E-01+-1.0E+02 Au196 (n,2n   ) Au195  1.615E-03+-7.2E+01 Au196 (n,2n   ) Au195m 1.338E-03+-7.2E+01 Au196 (n,na   ) Ir192  1.084E-10+-1.2E+02
  Au196 (n,na   ) Ir192m 6.076E-12+-1.2E+02 Au196 (n,na   ) Ir192n 7.785E-12+-1.2E+02 Au196 (n,np   ) Pt195  8.782E-12+-1.2E+02 Au196 (n,np   ) Pt195m 6.900E-12+-1.2E+02
  Au196 (n,g    ) Au197  8.903E+00+-2.0E+02 Au196 (n,g    ) Au197m 1.331E+00+-2.0E+02 Au196 (n,p    ) Pt196  2.366E-06+-5.0E+01 Au196 (n,d    ) Pt195  4.553E-11+-1.2E+02
  Au196 (n,d    ) Pt195m 1.951E-11+-1.2E+02 Au196 (n,t    ) Pt194  8.883E-12+-6.0E+01 Au196 (n,a    ) Ir193  1.429E-06+-8.5E+01 Au196 (n,a    ) Ir193m 2.083E-07+-8.5E+01
  Au196n(n,2n   ) Au195  5.369E-05+-7.2E+01 Au196n(n,2n   ) Au195m 6.613E-04+-7.2E+01 Au196n(n,na   ) Ir192  9.992E-11+-1.2E+02 Au196n(n,na   ) Ir192m 1.209E-11+-1.2E+02
  Au196n(n,na   ) Ir192n 2.282E-10+-1.2E+02 Au196n(n,np   ) Pt195  1.931E-12+-1.2E+02 Au196n(n,np   ) Pt195m 1.170E-11+-1.2E+02 Au196n(n,g    ) Au197  1.584E-01+-1.7E+02
  Au196n(n,g    ) Au197m 2.193E+01+-1.8E+02 Au196n(n,p    ) Pt196  3.780E-07+-5.0E+01 Au196n(n,a    ) Ir193  7.846E-08+-8.5E+01 Au196n(n,a    ) Ir193m 1.043E-07+-8.5E+01
  Au197 (n,n    ) Au197m 2.005E-01+-2.0E+01 Au197 (n,2n   ) Au196  4.608E-04+-2.0E+01 Au197 (n,2n   ) Au196m 2.991E-05+-2.0E+01 Au197 (n,2n   ) Au196n 3.460E-06+-1.0E+01
  Au197 (n,na   ) Ir193  3.875E-11+-1.2E+02 Au197 (n,na   ) Ir193m 4.084E-11+-1.2E+02 Au197 (n,np   ) Pt196  2.293E-12+-1.0E+02 Au197 (n,g    ) Au198  4.420E+01+-4.3E+01
  Au197 (n,g    ) Au198m 2.242E-02+-4.3E+01 Au197 (n,p    ) Pt197  2.364E-07+-3.0E+01 Au197 (n,p    ) Pt197m 4.100E-08+-3.0E+01 Au197 (n,d    ) Pt196  3.605E-11+-1.0E+02
  Au197 (n,a    ) Ir194  5.800E-08+-2.8E+01 Au197 (n,a    ) Ir194m 2.066E-09+-2.8E+01 Au197 (n,a    ) Ir194n 5.547E-10+-8.5E+01 Au198 (n,n    ) Au198m 9.164E-04+-1.0E+02
  Au198 (n,2n   ) Au197  1.962E-03+-7.2E+01 Au198 (n,2n   ) Au197m 1.263E-03+-7.2E+01 Au198 (n,na   ) Ir194  2.058E-12+-1.2E+02 Au198 (n,na   ) Ir194m 5.293E-12+-1.2E+02
  Au198 (n,g    ) Au199  4.805E+03+-7.8E+00 Au198 (n,p    ) Pt198  6.325E-07+-5.0E+01 Au198 (n,d    ) Pt197  3.479E-12+-1.2E+02 Au198 (n,d    ) Pt197m 1.491E-12+-1.2E+02
  Au198 (n,a    ) Ir195  1.602E-06+-8.5E+01 Au198 (n,a    ) Ir195m 1.348E-07+-8.5E+01 Au198m(n,n    ) Au198  2.445E-01+-1.0E+02 Au198m(n,2n   ) Au197  6.848E-04+-7.2E+01
  Au198m(n,2n   ) Au197m 1.591E-03+-7.2E+01 Au198m(n,na   ) Ir194  1.144E-11+-1.2E+02 Au198m(n,na   ) Ir194m 2.942E-11+-1.2E+02 Au198m(n,na   ) Ir194n 1.487E-12+-1.2E+02
  Au198m(n,g    ) Au199  2.000E+03+-9.0E+02 Au198m(n,p    ) Pt198  5.313E-08+-5.0E+01 Au198m(n,a    ) Ir195  1.521E-07+-8.5E+01 Au198m(n,a    ) Ir195m 2.884E-07+-8.5E+01
  Au199 (n,2n   ) Au198  1.060E-03+-7.2E+01 Au199 (n,2n   ) Au198m 2.978E-05+-7.2E+01 Au199 (n,na   ) Ir195  1.186E-12+-1.2E+02 Au199 (n,na   ) Ir195m 1.014E-12+-1.2E+02
  Au199 (n,g    ) Au200  1.831E+01+-7.8E+01 Au199 (n,g    ) Au200m 7.330E-03+-7.8E+01 Au199 (n,p    ) Pt199  5.234E-08+-7.8E+01 Au199 (n,p    ) Pt199m 6.422E-09+-7.8E+01
  Au199 (n,d    ) Pt198  2.372E-12+-1.0E+02 Au199 (n,a    ) Ir196  1.000E-09+-8.5E+01 Au199 (n,a    ) Ir196m 1.213E-10+-8.5E+01 Au200m(n,n    ) Au200  3.706E+00+-1.0E+02
  Au200m(n,2n   ) Au199  1.235E-03+-4.0E+01 Au200m(n,g    ) Au201  8.300E-01+-7.0E+02 Au200m(n,p    ) Pt200  8.795E-08+-5.0E+01 Au200m(n,d    ) Pt199  4.730E-12+-1.2E+02
  Au200m(n,d    ) Pt199m 2.027E-12+-1.2E+02 Au200m(n,a    ) Ir197  7.292E-09+-8.5E+01 Au200m(n,a    ) Ir197m 5.599E-09+-8.5E+01 Hg193 (n,n    ) Hg193m 4.039E-02+-1.0E+02
  Hg193 (n,2n   ) Hg192  7.649E-04+-4.0E+01 Hg193 (n,na   ) Pt189  8.963E-08+-1.0E+02 Hg193 (n,np   ) Au192  9.923E-11+-1.2E+02 Hg193 (n,np   ) Au192m 1.619E-10+-1.2E+02
  Hg193 (n,np   ) Au192n 7.126E-12+-1.2E+02 Hg193 (n,g    ) Hg194  1.913E+01+-1.9E+02 Hg193 (n,p    ) Au193  2.863E-05+-7.8E+01 Hg193 (n,p    ) Au193m 5.003E-06+-7.8E+01
  Hg193 (n,d    ) Au192  3.346E-11+-1.2E+02 Hg193 (n,d    ) Au192m 3.625E-11+-1.2E+02 Hg193 (n,a    ) Pt190  2.238E-04+-6.0E+01 Hg193 (n,2a   ) Os186  4.241E-12+-2.0E+02
  Hg193m(n,n    ) Hg193  1.894E-01+-1.0E+02 Hg193m(n,2n   ) Hg192  3.734E-04+-4.0E+01 Hg193m(n,na   ) Pt189  1.573E-07+-1.0E+02 Hg193m(n,np   ) Au192  1.079E-10+-1.2E+02
  Hg193m(n,np   ) Au192m 1.760E-10+-1.2E+02 Hg193m(n,np   ) Au192n 7.749E-12+-1.2E+02 Hg193m(n,g    ) Hg194  1.913E+01+-1.9E+02 Hg193m(n,p    ) Au193  1.025E-05+-7.8E+01
  Hg193m(n,p    ) Au193m 5.975E-06+-7.8E+01 Hg193m(n,d    ) Au192  7.366E-11+-1.2E+02 Hg193m(n,d    ) Au192m 7.980E-11+-1.2E+02 Hg193m(n,a    ) Pt190  1.423E-04+-6.0E+01
  Hg193m(n,2a   ) Os186  7.150E-12+-2.0E+02 Hg194 (n,2n   ) Hg193  1.017E-05+-7.2E+01 Hg194 (n,2n   ) Hg193m 1.890E-06+-7.2E+01 Hg194 (n,na   ) Pt190  8.947E-09+-1.0E+02
  Hg194 (n,np   ) Au193  1.322E-11+-1.2E+02 Hg194 (n,np   ) Au193m 2.297E-12+-1.2E+02 Hg194 (n,g    ) Hg195  2.401E+00+-7.8E+01 Hg194 (n,g    ) Hg195m 1.595E-01+-7.8E+01
  Hg194 (n,p    ) Au194  1.286E-06+-7.8E+01 Hg194 (n,p    ) Au194m 6.427E-07+-7.8E+01 Hg194 (n,p    ) Au194n 3.554E-09+-7.8E+01 Hg194 (n,d    ) Au193  6.558E-12+-1.2E+02
  Hg194 (n,d    ) Au193m 2.418E-12+-1.2E+02 Hg194 (n,a    ) Pt191  6.823E-06+-6.0E+01 Hg195 (n,n    ) Hg195m 1.121E-01+-1.0E+02 Hg195 (n,2n   ) Hg194  1.156E-03+-4.0E+01
  Hg195 (n,na   ) Pt191  6.924E-09+-1.0E+02 Hg195 (n,np   ) Au194  2.585E-12+-1.2E+02 Hg195 (n,np   ) Au194m 2.751E-12+-1.2E+02 Hg195 (n,g    ) Hg196  7.863E+00+-3.2E+02
  Hg195 (n,p    ) Au195  4.437E-06+-7.8E+01 Hg195 (n,p    ) Au195m 1.100E-06+-7.8E+01 Hg195 (n,d    ) Au194  4.504E-12+-1.2E+02 Hg195 (n,d    ) Au194m 3.812E-12+-1.2E+02
  Hg195 (n,a    ) Pt192  2.554E-05+-6.0E+01 Hg195m(n,n    ) Hg195  1.285E-01+-1.0E+02 Hg195m(n,2n   ) Hg194  7.043E-04+-4.0E+01 Hg195m(n,na   ) Pt191  1.820E-08+-1.0E+02
  Hg195m(n,np   ) Au194  2.688E-12+-1.2E+02 Hg195m(n,np   ) Au194m 9.316E-12+-1.2E+02 Hg195m(n,g    ) Hg196  7.863E+00+-3.2E+02 Hg195m(n,p    ) Au195  1.979E-06+-7.8E+01
  Hg195m(n,p    ) Au195m 1.186E-06+-7.8E+01 Hg195m(n,d    ) Au194  2.961E-12+-1.2E+02 Hg195m(n,d    ) Au194m 8.123E-12+-1.2E+02 Hg195m(n,a    ) Pt192  2.032E-05+-6.0E+01
  Hg196 (n,2n   ) Hg195  4.382E-05+-2.0E+01 Hg196 (n,2n   ) Hg195m 2.576E-05+-2.0E+01 Hg196 (n,na   ) Pt192  1.606E-09+-1.0E+02 Hg196 (n,g    ) Hg197  2.037E+02+-4.7E+01
  Hg196 (n,g    ) Hg197m 7.132E+00+-1.0E+01 Hg196 (n,p    ) Au196  3.852E-07+-6.7E+01 Hg196 (n,p    ) Au196m 2.707E-07+-6.7E+01 Hg196 (n,p    ) Au196n 1.561E-09+-6.7E+01
  Hg196 (n,d    ) Au195  1.635E-12+-1.2E+02 Hg196 (n,a    ) Pt193  7.320E-06+-8.5E+01 Hg196 (n,a    ) Pt193m 8.346E-07+-8.5E+01 Hg197 (n,n    ) Hg197m 7.022E-02+-1.0E+02
  Hg197 (n,2n   ) Hg196  1.436E-03+-4.0E+01 Hg197 (n,na   ) Pt193  2.938E-10+-1.2E+02 Hg197 (n,na   ) Pt193m 3.252E-10+-1.2E+02 Hg197 (n,g    ) Hg198  2.406E+00+-5.8E+02
  Hg197 (n,p    ) Au197  9.255E-07+-7.8E+01 Hg197 (n,p    ) Au197m 2.540E-07+-7.8E+01 Hg197 (n,a    ) Pt194  2.444E-06+-6.0E+01 Hg197m(n,n    ) Hg197  1.130E+00+-1.0E+02
  Hg197m(n,2n   ) Hg196  9.909E-04+-4.0E+01 Hg197m(n,na   ) Pt193  6.084E-10+-1.2E+02 Hg197m(n,na   ) Pt193m 1.362E-09+-1.2E+02 Hg197m(n,g    ) Hg198  2.406E+00+-5.8E+02
  Hg197m(n,p    ) Au197  3.841E-07+-7.8E+01 Hg197m(n,p    ) Au197m 3.329E-07+-7.8E+01 Hg197m(n,d    ) Au196m 1.150E-12+-1.2E+02 Hg197m(n,a    ) Pt194  1.974E-06+-6.0E+01
  Hg198 (n,2n   ) Hg197  3.171E-04+-2.0E+01 Hg198 (n,2n   ) Hg197m 2.603E-04+-2.0E+01 Hg198 (n,na   ) Pt194  2.157E-10+-1.0E+02 Hg198 (n,g    ) Hg199  2.177E+00+-9.8E+00
  Hg198 (n,g    ) Hg199m 2.197E-02+-5.0E+01 Hg198 (n,p    ) Au198  2.440E-07+-6.7E+01 Hg198 (n,p    ) Au198m 9.799E-10+-6.7E+01 Hg198 (n,a    ) Pt195  3.122E-07+-8.5E+01
  Hg198 (n,a    ) Pt195m 5.948E-08+-8.5E+01 Hg199 (n,n    ) Hg199m 6.731E-02+-2.0E+01 Hg199 (n,2n   ) Hg198  2.041E-03+-4.0E+01 Hg199 (n,na   ) Pt195  2.591E-11+-1.2E+02
  Hg199 (n,na   ) Pt195m 1.719E-11+-1.2E+02 Hg199 (n,g    ) Hg200  1.514E+02+-9.3E+00 Hg199 (n,p    ) Au199  2.489E-07+-3.0E+01 Hg199 (n,a    ) Pt196  7.296E-06+-9.4E+01
  Hg200 (n,2n   ) Hg199  3.347E-04+-4.0E+01 Hg200 (n,2n   ) Hg199m 9.778E-05+-2.0E+01 Hg200 (n,na   ) Pt196  7.130E-12+-1.0E+02 Hg200 (n,g    ) Hg201  1.907E-01+-2.9E+01
  Hg200 (n,p    ) Au200  3.323E-08+-6.2E+01 Hg200 (n,p    ) Au200m 1.460E-10+-6.2E+01 Hg200 (n,a    ) Pt197  6.097E-08+-8.5E+01 Hg200 (n,a    ) Pt197m 1.325E-08+-8.5E+01
  Hg201 (n,2n   ) Hg200  3.465E-03+-4.0E+01 Hg201 (n,na   ) Pt197  2.603E-12+-1.2E+02 Hg201 (n,na   ) Pt197m 1.285E-12+-1.2E+02 Hg201 (n,g    ) Hg202  1.644E+00+-1.7E+01
  Hg201 (n,p    ) Au201  7.386E-08+-3.0E+01 Hg201 (n,a    ) Pt198  3.830E-08+-5.9E+01 Hg202 (n,2n   ) Hg201  7.756E-04+-4.0E+01 Hg202 (n,g    ) Hg203  4.383E-01+-9.9E+00
  Hg202 (n,p    ) Au202  8.734E-09+-5.0E+01 Hg202 (n,a    ) Pt199  9.509E-10+-9.0E+02 Hg202 (n,a    ) Pt199m 2.100E-10+-9.0E+02 Hg203 (n,2n   ) Hg202  3.928E-03+-4.0E+01
  Hg203 (n,g    ) Hg204  4.347E-01+-8.2E+02 Hg203 (n,p    ) Au203  2.337E-08+-5.0E+01 Hg203 (n,a    ) Pt200  1.235E-08+-6.0E+01 Hg204 (n,2n   ) Hg203  1.188E-03+-1.0E+01
  Hg204 (n,g    ) Hg205  5.748E-02+-1.7E+01 Hg204 (n,p    ) Au204  1.443E-09+-5.0E+01 Hg204 (n,a    ) Pt201  1.324E-10+-6.0E+01 Tl199 (n,2n   ) Tl198  3.904E-05+-7.2E+01
  Tl199 (n,2n   ) Tl198m 3.569E-06+-7.2E+01 Tl199 (n,na   ) Au195  8.587E-10+-1.2E+02 Tl199 (n,na   ) Au195m 4.687E-10+-1.2E+02 Tl199 (n,np   ) Hg198  2.871E-09+-1.0E+02
  Tl199 (n,g    ) Tl200  8.399E+00+-3.1E+02 Tl199 (n,p    ) Hg199  7.625E-06+-7.8E+01 Tl199 (n,p    ) Hg199m 7.805E-07+-7.8E+01 Tl199 (n,d    ) Hg198  2.345E-09+-1.0E+02
  Tl199 (n,a    ) Au196  7.063E-07+-8.5E+01 Tl199 (n,a    ) Au196m 4.353E-07+-8.5E+01 Tl199 (n,a    ) Au196n 2.836E-09+-8.5E+01 Tl200 (n,2n   ) Tl199  6.909E-04+-4.0E+01
  Tl200 (n,na   ) Au196  6.186E-11+-1.2E+02 Tl200 (n,na   ) Au196m 1.347E-10+-1.2E+02 Tl200 (n,na   ) Au196n 2.177E-12+-1.2E+02 Tl200 (n,np   ) Hg199  3.571E-10+-1.2E+02
  Tl200 (n,np   ) Hg199m 2.806E-10+-1.2E+02 Tl200 (n,g    ) Tl201  4.328E+00+-3.3E+02 Tl200 (n,p    ) Hg200  7.073E-06+-5.0E+01 Tl200 (n,d    ) Hg199  4.221E-10+-1.2E+02
  Tl200 (n,d    ) Hg199m 1.809E-10+-1.2E+02 Tl200 (n,t    ) Hg198  1.109E-11+-6.0E+01 Tl200 (n,a    ) Au197  1.591E-06+-8.5E+01 Tl200 (n,a    ) Au197m 1.802E-07+-8.5E+01
  Tl201 (n,2n   ) Tl200  1.974E-04+-4.0E+01 Tl201 (n,na   ) Au197  1.104E-10+-1.2E+02 Tl201 (n,na   ) Au197m 4.221E-11+-1.2E+02 Tl201 (n,np   ) Hg200  1.489E-10+-1.0E+02
  Tl201 (n,g    ) Tl202  1.313E+00+-6.6E+02 Tl201 (n,p    ) Hg201  1.327E-06+-5.0E+01 Tl201 (n,d    ) Hg200  5.499E-10+-1.0E+02 Tl201 (n,a    ) Au198  4.795E-07+-8.5E+01
  Tl201 (n,a    ) Au198m 1.926E-09+-8.5E+01 Tl202 (n,2n   ) Tl201  1.211E-03+-4.0E+01 Tl202 (n,na   ) Au198  6.304E-11+-1.2E+02 Tl202 (n,na   ) Au198m 2.219E-12+-1.2E+02
  Tl202 (n,np   ) Hg201  1.402E-11+-1.0E+02 Tl202 (n,g    ) Tl203  1.569E+00+-5.2E+02 Tl202 (n,p    ) Hg202  1.917E-06+-5.0E+01 Tl202 (n,d    ) Hg201  3.928E-11+-1.0E+02
  Tl202 (n,t    ) Hg200  2.259E-12+-6.0E+01 Tl202 (n,a    ) Au199  2.187E-07+-6.0E+01 Tl203 (n,2n   ) Tl202  6.822E-04+-1.0E+01 Tl203 (n,na   ) Au199  2.402E-11+-1.0E+02
  Tl203 (n,np   ) Hg202  4.897E-12+-1.0E+02 Tl203 (n,g    ) Tl204  2.199E+00+-7.3E+00 Tl203 (n,p    ) Hg203  4.429E-07+-5.0E+01 Tl203 (n,d    ) Hg202  2.551E-11+-1.0E+02
  Tl203 (n,a    ) Au200  5.673E-05+-7.2E+01 Tl203 (n,a    ) Au200m 2.278E-07+-7.2E+01 Tl204 (n,2n   ) Tl203  1.669E-03+-4.0E+01 Tl204 (n,na   ) Au200  5.395E-12+-1.2E+02
  Tl204 (n,g    ) Tl205  3.680E+00+-1.4E+01 Tl204 (n,p    ) Hg204  5.057E-07+-5.0E+01 Tl204 (n,d    ) Hg203  3.301E-12+-1.0E+02 Tl204 (n,a    ) Au201  3.257E-08+-6.0E+01
  Tl205 (n,2n   ) Tl204  1.064E-03+-1.0E+01 Tl205 (n,na   ) Au201  3.352E-12+-1.0E+02 Tl205 (n,g    ) Tl206  3.455E-02+-7.8E+01 Tl205 (n,g    ) Tl206m 1.440E-05+-7.8E+01
  Tl205 (n,p    ) Hg205  7.317E-08+-3.0E+01 Tl205 (n,d    ) Hg204  3.521E-12+-1.0E+02 Tl205 (n,a    ) Au202  1.524E-08+-2.5E+01 Pb200 (n,2n   ) Pb199  5.424E-06+-7.2E+01
  Pb200 (n,2n   ) Pb199m 4.092E-06+-7.2E+01 Pb200 (n,na   ) Hg196  1.049E-08+-1.0E+02 Pb200 (n,np   ) Tl199  1.211E-10+-1.0E+02 Pb200 (n,g    ) Pb201  1.259E+00+-7.8E+01
  Pb200 (n,g    ) Pb201m 8.362E-02+-7.8E+01 Pb200 (n,p    ) Tl200  7.109E-06+-5.0E+01 Pb200 (n,d    ) Tl199  9.611E-11+-1.0E+02 Pb200 (n,a    ) Hg197  1.309E-05+-8.5E+01
  Pb200 (n,a    ) Hg197m 1.541E-06+-8.5E+01 Pb201 (n,2n   ) Pb200  3.072E-04+-4.0E+01 Pb201 (n,na   ) Hg197  6.931E-09+-1.2E+02 Pb201 (n,na   ) Hg197m 3.278E-09+-1.2E+02
  Pb201 (n,np   ) Tl200  7.716E-11+-1.0E+02 Pb201 (n,g    ) Pb202  1.021E+01+-2.2E+02 Pb201 (n,g    ) Pb202m 6.513E-02+-2.2E+02 Pb201 (n,p    ) Tl201  5.702E-06+-5.0E+01
  Pb201 (n,d    ) Tl200  5.954E-11+-1.0E+02 Pb201 (n,a    ) Hg198  9.502E-06+-6.0E+01 Pb202 (n,n    ) Pb202m 1.285E-03+-1.0E+02 Pb202 (n,2n   ) Pb201  6.508E-05+-7.2E+01
  Pb202 (n,2n   ) Pb201m 3.133E-06+-7.2E+01 Pb202 (n,na   ) Hg198  2.293E-09+-1.0E+02 Pb202 (n,np   ) Tl201  3.594E-12+-1.0E+02 Pb202 (n,g    ) Pb203  6.329E-01+-7.8E+01
  Pb202 (n,g    ) Pb203m 4.200E-02+-7.8E+01 Pb202 (n,g    ) Pb203n 2.678E-05+-7.8E+01 Pb202 (n,p    ) Tl202  1.135E-06+-5.0E+01 Pb202 (n,d    ) Tl201  7.045E-12+-1.0E+02
  Pb202 (n,a    ) Hg199  3.208E-06+-8.5E+01 Pb202 (n,a    ) Hg199m 4.382E-07+-8.5E+01 Pb203 (n,n    ) Pb203m 8.355E-02+-1.0E+02 Pb203 (n,n    ) Pb203n 8.355E-02+-1.0E+02
  Pb203 (n,2n   ) Pb202  5.256E-04+-7.2E+01 Pb203 (n,2n   ) Pb202m 3.496E-05+-7.2E+01 Pb203 (n,na   ) Hg199  1.371E-09+-1.2E+02 Pb203 (n,na   ) Hg199m 8.341E-10+-1.2E+02
  Pb203 (n,np   ) Tl202  1.993E-12+-1.0E+02 Pb203 (n,g    ) Pb204  1.033E+00+-7.8E+01 Pb203 (n,g    ) Pb204m 6.467E-03+-7.8E+01 Pb203 (n,p    ) Tl203  1.760E-06+-5.0E+01
  Pb203 (n,d    ) Tl202  4.084E-12+-1.0E+02 Pb203 (n,a    ) Hg200  1.589E-06+-6.0E+01 Pb204 (n,n    ) Pb204m 5.876E-03+-1.0E+01 Pb204 (n,2n   ) Pb203  2.684E-04+-4.0E+01
  Pb204 (n,2n   ) Pb203m 3.634E-05+-1.0E+01 Pb204 (n,na   ) Hg200  5.434E-10+-1.0E+02 Pb204 (n,g    ) Pb205  1.101E-01+-7.8E+01 Pb204 (n,g    ) Pb205m 7.461E-03+-7.8E+01
  Pb204 (n,p    ) Tl204  4.229E-07+-5.0E+01 Pb204 (n,a    ) Hg201  4.793E-07+-5.9E+01 Pb205 (n,2n   ) Pb204  1.050E-03+-7.2E+01 Pb205 (n,2n   ) Pb204m 9.076E-05+-7.2E+01
  Pb205 (n,na   ) Hg201  3.155E-10+-1.0E+02 Pb205 (n,g    ) Pb206  4.699E-01+-4.5E+01 Pb205 (n,p    ) Tl205  4.654E-07+-5.0E+01 Pb205 (n,a    ) Hg202  3.538E-07+-6.0E+01
  Pb206 (n,2n   ) Pb205  2.341E-04+-6.1E+01 Pb206 (n,2n   ) Pb205m 8.977E-05+-6.1E+01 Pb206 (n,na   ) Hg202  8.792E-11+-1.0E+02 Pb206 (n,g    ) Pb207  7.710E-03+-3.4E+01
  Pb206 (n,g    ) Pb207m 1.851E-04+-4.1E+01 Pb206 (n,p    ) Tl206  1.022E-07+-6.7E+01 Pb206 (n,p    ) Tl206m 4.107E-10+-6.7E+01 Pb206 (n,a    ) Hg203  1.661E-07+-2.0E+01
  Pb207 (n,n    ) Pb207m 4.353E-02+-1.0E+01 Pb207 (n,2n   ) Pb206  1.477E-03+-1.0E+01 Pb207 (n,na   ) Hg203  3.641E-11+-1.0E+02 Pb207 (n,g    ) Pb208  6.133E-02+-8.3E+00
  Pb207 (n,p    ) Tl207  6.458E-08+-6.7E+01 Pb207 (n,p    ) Tl207m 9.141E-09+-6.7E+01 Pb207 (n,a    ) Hg204  5.891E-07+-3.0E+01 Pb208 (n,2n   ) Pb207  8.891E-04+-2.0E+01
  Pb208 (n,2n   ) Pb207m 3.723E-05+-2.0E+01 Pb208 (n,na   ) Hg204  5.978E-12+-1.0E+02 Pb208 (n,g    ) Pb209  4.604E-04+-3.5E+01 Pb208 (n,p    ) Tl208  1.012E-08+-2.0E+01
  Pb208 (n,a    ) Hg205  8.340E-06+-7.2E+01 Pb209 (n,2n   ) Pb208  2.102E-02+-4.0E+01 Pb209 (n,na   ) Hg205  4.479E-10+-1.0E+02 Pb209 (n,g    ) Pb210  1.300E-01+-8.9E+02
  Pb209 (n,p    ) Tl209  1.745E-09+-5.0E+01 Pb209 (n,t    ) Tl207  1.298E-12+-8.5E+01 Pb209 (n,a    ) Hg206  3.316E-07+-7.9E+01 Pb210 (n,2n   ) Pb209  1.608E-02+-4.0E+01
  Pb210 (n,3n   ) Pb208  1.926E-06+-8.0E+01 Pb210 (n,na   ) Hg206  9.559E-09+-1.0E+02 Pb210 (n,g    ) Pb211  4.179E-02+-9.8E+01 Pb210 (n,p    ) Tl210  4.474E-12+-5.0E+01
  Pb210 (n,a    ) Hg207  1.135E-07+-6.0E+01 Pb212 (n,2n   ) Pb211  2.072E-02+-4.0E+01 Pb212 (n,3n   ) Pb210  3.427E-06+-8.0E+01 Pb212 (n,na   ) Hg208  4.117E-07+-1.0E+02
  Pb212 (n,g    ) Pb213  2.342E-02+-7.7E+02 Pb212 (n,a    ) Hg209  6.473E-07+-6.0E+01 Bi203 (n,2n   ) Bi202  9.070E-06+-4.0E+01 Bi203 (n,na   ) Tl199  1.540E-08+-1.0E+02
  Bi203 (n,np   ) Pb202  3.386E-08+-1.2E+02 Bi203 (n,np   ) Pb202m 7.943E-09+-1.2E+02 Bi203 (n,g    ) Bi204  3.208E+00+-3.3E+02 Bi203 (n,p    ) Pb203  3.291E-05+-7.8E+01
  Bi203 (n,p    ) Pb203m 4.903E-06+-7.8E+01 Bi203 (n,p    ) Pb203n 1.580E-08+-7.8E+01 Bi203 (n,d    ) Pb202  3.542E-08+-1.2E+02 Bi203 (n,d    ) Pb202m 1.864E-09+-1.2E+02
  Bi203 (n,t    ) Pb201  3.105E-12+-8.5E+01 Bi203 (n,a    ) Tl200  1.801E-05+-6.0E+01 Bi204 (n,2n   ) Bi203  2.527E-04+-7.2E+01 Bi204 (n,2n   ) Bi203m 2.041E-06+-7.2E+01
  Bi204 (n,na   ) Tl200  2.557E-08+-1.0E+02 Bi204 (n,np   ) Pb203  2.139E-08+-1.2E+02 Bi204 (n,np   ) Pb203m 1.681E-08+-1.2E+02 Bi204 (n,np   ) Pb203n 1.080E-10+-1.2E+02
  Bi204 (n,g    ) Bi205  1.455E+01+-1.9E+02 Bi204 (n,p    ) Pb204  3.251E-05+-7.8E+01 Bi204 (n,p    ) Pb204m 1.711E-06+-7.8E+01 Bi204 (n,d    ) Pb203  1.379E-08+-1.2E+02
  Bi204 (n,d    ) Pb203m 5.912E-09+-1.2E+02 Bi204 (n,d    ) Pb203n 6.625E-12+-1.2E+02 Bi204 (n,t    ) Pb202  5.642E-10+-8.5E+01 Bi204 (n,t    ) Pb202m 2.969E-11+-8.5E+01
  Bi204 (n,a    ) Tl201  1.411E-05+-6.0E+01 Bi205 (n,2n   ) Bi204  1.546E-04+-4.0E+01 Bi205 (n,na   ) Tl201  1.746E-08+-1.0E+02 Bi205 (n,np   ) Pb204  3.965E-08+-1.2E+02
  Bi205 (n,np   ) Pb204m 9.302E-09+-1.2E+02 Bi205 (n,g    ) Bi206  1.258E+00+-5.3E+02 Bi205 (n,p    ) Pb205  3.599E-05+-7.8E+01 Bi205 (n,p    ) Pb205m 1.543E-05+-7.8E+01
  Bi205 (n,d    ) Pb204  1.171E-08+-1.2E+02 Bi205 (n,d    ) Pb204m 6.163E-10+-1.2E+02 Bi205 (n,t    ) Pb203  2.628E-12+-8.5E+01 Bi205 (n,t    ) Pb203m 1.126E-12+-8.5E+01
  Bi205 (n,a    ) Tl202  6.992E-06+-6.0E+01 Bi206 (n,2n   ) Bi205  1.354E-03+-4.0E+01 Bi206 (n,na   ) Tl202  2.310E-08+-1.0E+02 Bi206 (n,np   ) Pb205  1.480E-08+-1.2E+02
  Bi206 (n,np   ) Pb205m 1.163E-08+-1.2E+02 Bi206 (n,g    ) Bi207  1.483E+00+-5.0E+02 Bi206 (n,p    ) Pb206  1.204E-05+-5.0E+01 Bi206 (n,d    ) Pb205  5.698E-09+-1.2E+02
  Bi206 (n,d    ) Pb205m 2.442E-09+-1.2E+02 Bi206 (n,t    ) Pb204  3.795E-10+-8.5E+01 Bi206 (n,t    ) Pb204m 1.997E-11+-8.5E+01 Bi206 (n,a    ) Tl203  1.849E-05+-6.0E+01
  Bi207 (n,2n   ) Bi206  7.365E-04+-4.0E+01 Bi207 (n,na   ) Tl203  4.123E-08+-1.0E+02 Bi207 (n,np   ) Pb206  8.348E-08+-1.0E+02 Bi207 (n,g    ) Bi208  6.341E-01+-7.8E+01
  Bi207 (n,g    ) Bi208m 1.474E-03+-7.8E+01 Bi207 (n,p    ) Pb207  3.949E-06+-7.8E+01 Bi207 (n,p    ) Pb207m 3.504E-07+-7.8E+01 Bi207 (n,d    ) Pb206  1.034E-08+-1.0E+02
  Bi207 (n,t    ) Pb205  2.918E-12+-8.5E+01 Bi207 (n,t    ) Pb205m 1.251E-12+-8.5E+01 Bi207 (n,a    ) Tl204  9.643E-06+-6.0E+01 Bi208 (n,2n   ) Bi207  2.553E-03+-9.0E+00
  Bi208 (n,na   ) Tl204  3.255E-08+-1.0E+02 Bi208 (n,np   ) Pb207  1.194E-08+-1.2E+02 Bi208 (n,np   ) Pb207m 3.922E-11+-1.2E+02 Bi208 (n,g    ) Bi209  5.787E-01+-7.0E+02
  Bi208 (n,p    ) Pb208  4.608E-06+-5.0E+01 Bi208 (n,d    ) Pb207  5.425E-09+-1.2E+02 Bi208 (n,d    ) Pb207m 2.372E-10+-1.2E+02 Bi208 (n,t    ) Pb206  2.583E-10+-6.0E+01
  Bi208 (n,a    ) Tl205  1.468E-05+-6.0E+01 Bi209 (n,2n   ) Bi208  1.217E-03+-1.0E+01 Bi209 (n,2n   ) Bi208m 5.593E-05+-1.0E+01 Bi209 (n,na   ) Tl205  1.816E-08+-1.0E+02
  Bi209 (n,np   ) Pb208  1.557E-08+-1.0E+02 Bi209 (n,g    ) Bi210  7.105E-03+-3.3E+01 Bi209 (n,g    ) Bi210m 3.345E-03+-1.0E+01 Bi209 (n,p    ) Pb209  1.146E-07+-3.0E+01
  Bi209 (n,d    ) Pb208  6.800E-09+-1.0E+02 Bi209 (n,t    ) Pb207  6.377E-12+-7.2E+01 Bi209 (n,t    ) Pb207m 1.173E-12+-7.2E+01 Bi209 (n,a    ) Tl206  4.142E-05+-7.1E+01
  Bi209 (n,a    ) Tl206m 4.199E-07+-7.1E+01 Bi210 (n,n    ) Bi210m 3.704E-02+-1.0E+02 Bi210 (n,2n   ) Bi209  2.243E-02+-4.0E+01 Bi210 (n,na   ) Tl206  2.190E-07+-1.2E+02
  Bi210 (n,na   ) Tl206m 7.709E-09+-1.2E+02 Bi210 (n,2na  ) Tl205  1.886E-12+-2.0E+02 Bi210 (n,np   ) Pb209  2.380E-10+-1.0E+02 Bi210 (n,g    ) Bi211  1.038E-02+-7.4E+02
  Bi210 (n,p    ) Pb210  2.749E-07+-5.0E+01 Bi210 (n,d    ) Pb209  9.858E-10+-1.0E+02 Bi210 (n,t    ) Pb208  1.779E-08+-6.0E+01 Bi210 (n,a    ) Tl207  3.276E-05+-8.5E+01
  Bi210 (n,a    ) Tl207m 4.106E-07+-8.5E+01 Bi210m(n,n    ) Bi210  7.369E-02+-1.0E+02 Bi210m(n,2n   ) Bi209  1.419E-02+-4.0E+01 Bi210m(n,na   ) Tl206  1.091E-06+-1.2E+02
  Bi210m(n,na   ) Tl206m 3.841E-08+-1.2E+02 Bi210m(n,2na  ) Tl205  1.469E-10+-2.0E+02 Bi210m(n,np   ) Pb209  2.192E-10+-1.0E+02 Bi210m(n,g    ) Bi211  1.151E-02+-5.3E+01
  Bi210m(n,p    ) Pb210  5.137E-08+-5.0E+01 Bi210m(n,d    ) Pb209  9.865E-12+-1.0E+02 Bi210m(n,t    ) Pb208  3.090E-11+-6.0E+01 Bi210m(n,a    ) Tl207  7.173E-06+-8.5E+01
  Bi210m(n,a    ) Tl207m 8.163E-07+-8.5E+01 Po206 (n,2n   ) Po205  7.657E-05+-4.0E+01 Po206 (n,na   ) Pb202  2.143E-06+-1.2E+02 Po206 (n,na   ) Pb202m 5.028E-07+-1.2E+02
  Po206 (n,2na  ) Pb201  7.320E-08+-2.1E+02 Po206 (n,2na  ) Pb201m 7.480E-08+-2.1E+02 Po206 (n,np   ) Bi205  2.926E-08+-1.0E+02 Po206 (n,g    ) Po207  4.835E-01+-7.8E+01
  Po206 (n,g    ) Po207m 1.856E-03+-7.8E+01 Po206 (n,p    ) Bi206  3.433E-05+-5.0E+01 Po206 (n,d    ) Bi205  7.976E-10+-1.0E+02 Po206 (n,a    ) Pb203  1.832E-04+-8.5E+01
  Po206 (n,a    ) Pb203m 7.581E-06+-8.5E+01 Po206 (n,a    ) Pb203n 8.796E-08+-8.5E+01 Po207 (n,n    ) Po207m 6.673E-03+-1.0E+02 Po207 (n,2n   ) Po206  8.410E-04+-4.0E+01
  Po207 (n,na   ) Pb203  4.897E-06+-1.2E+02 Po207 (n,na   ) Pb203m 6.740E-07+-1.2E+02 Po207 (n,na   ) Pb203n 2.461E-08+-1.2E+02 Po207 (n,2na  ) Pb202  6.652E-09+-2.1E+02
  Po207 (n,2na  ) Pb202m 1.560E-09+-2.1E+02 Po207 (n,np   ) Bi206  5.109E-08+-1.0E+02 Po207 (n,g    ) Po208  7.342E-01+-7.7E+02 Po207 (n,p    ) Bi207  2.311E-05+-5.0E+01
  Po207 (n,d    ) Bi206  1.322E-09+-1.0E+02 Po207 (n,t    ) Bi205  6.397E-12+-6.0E+01 Po207 (n,a    ) Pb204  1.113E-03+-8.5E+01 Po207 (n,a    ) Pb204m 5.860E-05+-8.5E+01
  Po207 (n,2p   ) Pb206  1.392E-12+-2.0E+02 Po208 (n,2n   ) Po207  2.448E-04+-7.2E+01 Po208 (n,2n   ) Po207m 1.758E-06+-7.2E+01 Po208 (n,na   ) Pb204  1.880E-05+-1.2E+02
  Po208 (n,na   ) Pb204m 4.410E-06+-1.2E+02 Po208 (n,2na  ) Pb203  7.039E-09+-2.1E+02 Po208 (n,2na  ) Pb203m 2.804E-09+-2.1E+02 Po208 (n,2na  ) Pb203n 3.537E-11+-2.1E+02
  Po208 (n,np   ) Bi207  2.659E-08+-1.0E+02 Po208 (n,g    ) Po209  1.383E-01+-4.7E+02 Po208 (n,p    ) Bi208  7.888E-06+-7.8E+01 Po208 (n,p    ) Bi208m 1.774E-07+-7.8E+01
  Po208 (n,d    ) Bi207  3.834E-10+-1.0E+02 Po208 (n,a    ) Pb205  4.682E-04+-8.5E+01 Po208 (n,a    ) Pb205m 2.006E-04+-8.5E+01 Po209 (n,2n   ) Po208  1.266E-03+-4.0E+01
  Po209 (n,na   ) Pb205  1.641E-05+-1.2E+02 Po209 (n,na   ) Pb205m 1.290E-05+-1.2E+02 Po209 (n,2na  ) Pb204  2.086E-09+-2.1E+02 Po209 (n,2na  ) Pb204m 4.893E-10+-2.1E+02
  Po209 (n,np   ) Bi208  2.975E-09+-1.2E+02 Po209 (n,np   ) Bi208m 3.866E-10+-1.2E+02 Po209 (n,g    ) Po210  1.210E-01+-4.4E+02 Po209 (n,p    ) Bi209  2.593E-06+-5.0E+01
  Po209 (n,d    ) Bi208  3.491E-10+-1.2E+02 Po209 (n,d    ) Bi208m 7.853E-12+-1.2E+02 Po209 (n,t    ) Bi207  2.468E-12+-6.0E+01 Po209 (n,a    ) Pb206  3.648E-04+-6.0E+01
  Po210 (n,2n   ) Po209  5.290E-04+-4.0E+01 Po210 (n,na   ) Pb206  1.173E-05+-1.0E+02 Po210 (n,2na  ) Pb205  6.775E-11+-2.1E+02 Po210 (n,2na  ) Pb205m 5.323E-11+-2.1E+02
  Po210 (n,np   ) Bi209  1.990E-09+-1.0E+02 Po210 (n,g    ) Po211  6.088E-03+-6.1E+01 Po210 (n,g    ) Po211m 9.911E-05+-6.0E+01 Po210 (n,p    ) Bi210  2.611E-07+-7.8E+01
  Po210 (n,p    ) Bi210m 6.395E-09+-7.8E+01 Po210 (n,d    ) Bi209  2.109E-10+-1.0E+02 Po210 (n,a    ) Pb207  2.064E-04+-7.9E+01 Po210 (n,a    ) Pb207m 1.036E-06+-5.8E+01
  At210 (n,2n   ) At209  1.467E-03+-4.0E+01 At210 (n,na   ) Bi206  1.184E-04+-1.0E+02 At210 (n,2na  ) Bi205  3.048E-06+-2.0E+02 At210 (n,np   ) Po209  1.823E-07+-1.0E+02
  At210 (n,npa  ) Pb205  7.763E-10+-2.1E+02 At210 (n,npa  ) Pb205m 6.100E-10+-2.1E+02 At210 (n,g    ) At211  3.248E+00+-1.0E+02 At210 (n,p    ) Po210  2.963E-05+-5.0E+01
  At210 (n,d    ) Po209  3.306E-08+-1.0E+02 At210 (n,t    ) Po208  7.624E-10+-6.0E+01 At210 (n,a    ) Bi207  8.531E-03+-6.0E+01 At210 (n,2a   ) Tl203  1.099E-11+-2.0E+02
  At210 (n,pa   ) Pb206  1.468E-09+-2.0E+02 At210 (n,da   ) Pb205  4.498E-11+-2.1E+02 At210 (n,da   ) Pb205m 3.534E-11+-2.1E+02 At211 (n,2n   ) At210  8.034E-04+-4.0E+01
  At211 (n,na   ) Bi207  9.242E-05+-1.0E+02 At211 (n,2na  ) Bi206  8.053E-06+-2.0E+02 At211 (n,np   ) Po210  1.839E-07+-1.0E+02 At211 (n,g    ) At212  4.085E-01+-1.9E+02
  At211 (n,g    ) At212m 2.680E-02+-1.8E+02 At211 (n,p    ) Po211  1.066E-06+-7.8E+01 At211 (n,p    ) Po211m 2.779E-09+-7.8E+01 At211 (n,d    ) Po210  2.904E-08+-1.0E+02
  At211 (n,t    ) Po209  8.842E-11+-6.0E+01 At211 (n,a    ) Bi208  4.192E-03+-8.5E+01 At211 (n,a    ) Bi208m 9.429E-05+-8.5E+01 At211 (n,2a   ) Tl204  1.635E-12+-2.0E+02
  At211 (n,pa   ) Pb207  2.660E-08+-2.1E+02 At211 (n,pa   ) Pb207m 2.178E-10+-2.1E+02 Rn211 (n,2n   ) Rn210  1.004E-03+-4.0E+01 Rn211 (n,F    )        4.922E-02+-2.0E+02
  Rn211 (n,na   ) Po207  6.638E-04+-1.2E+02 Rn211 (n,na   ) Po207m 1.218E-04+-1.2E+02 Rn211 (n,2na  ) Po206  3.902E-06+-2.0E+02 Rn211 (n,np   ) At210  1.472E-07+-1.0E+02
  Rn211 (n,n2a  ) Pb203  5.722E-08+-2.1E+02 Rn211 (n,n2a  ) Pb203n 2.875E-10+-2.1E+02 Rn211 (n,npa  ) Bi206  7.738E-10+-2.0E+02 Rn211 (n,g    ) Rn212  1.806E+00+-8.7E+02
  Rn211 (n,p    ) At211  3.466E-05+-5.0E+01 Rn211 (n,d    ) At210  1.855E-09+-1.0E+02 Rn211 (n,t    ) At209  6.873E-12+-6.0E+01 Rn211 (n,a    ) Po208  4.126E-03+-6.0E+01
  Rn211 (n,2a   ) Pb204  4.080E-08+-2.1E+02 Rn211 (n,2a   ) Pb204m 9.571E-09+-2.1E+02 Rn211 (n,2p   ) Po210  1.446E-11+-2.0E+02 Rn211 (n,pa   ) Bi207  6.208E-09+-2.0E+02
  Rn211 (n,da   ) Bi206  6.594E-12+-2.0E+02 Rn222 (n,2n   ) Rn221  6.559E-03+-4.0E+01 Rn222 (n,F    )        1.663E-02+-2.2E+02 Rn222 (n,na   ) Po218  3.376E-07+-1.0E+02
  Rn222 (n,2na  ) Po217  1.676E-07+-2.0E+02 Rn222 (n,n2a  ) Pb214  5.523E-10+-2.0E+02 Rn222 (n,2n2a ) Pb213  2.834E-12+-2.0E+02 Rn222 (n,g    ) Rn223  3.890E-01+-7.4E+01
  Rn222 (n,p    ) At222  1.744E-10+-5.0E+01 Rn222 (n,a    ) Po219  1.391E-06+-6.0E+01 Ra223 (n,2n   ) Ra222  1.320E-02+-4.0E+01 Ra223 (n,F    )        9.951E-02+-1.8E+02
  Ra223 (n,na   ) Rn219  3.523E-05+-1.0E+02 Ra223 (n,n3a  ) Pb211  2.250E-12+-2.0E+02 Ra223 (n,2na  ) Rn218  1.468E-05+-2.0E+02 Ra223 (n,n2a  ) Po215  6.349E-09+-2.0E+02
  Ra223 (n,2n2a ) Po214  1.358E-07+-2.0E+02 Ra223 (n,g    ) Ra224  4.924E+01+-7.7E+01 Ra223 (n,p    ) Fr223  4.795E-08+-5.0E+01 Ra223 (n,t    ) Fr221  1.685E-12+-6.0E+01
  Ra223 (n,a    ) Rn220  3.070E-04+-6.0E+01 Ra223 (n,2a   ) Po216  4.324E-08+-2.0E+02 Ra224 (n,2n   ) Ra223  5.962E-03+-4.0E+01 Ra224 (n,F    )        4.937E-02+-2.0E+02
  Ra224 (n,na   ) Rn220  7.005E-07+-1.0E+02 Ra224 (n,2na  ) Rn219  1.803E-06+-2.0E+02 Ra224 (n,n2a  ) Po216  3.571E-11+-2.0E+02 Ra224 (n,g    ) Ra225  4.673E+01+-9.7E+01
  Ra224 (n,p    ) Fr224  4.039E-09+-5.0E+01 Ra224 (n,a    ) Rn221  2.634E-05+-6.0E+01 Ra225 (n,2n   ) Ra224  2.089E-02+-4.0E+01 Ra225 (n,F    )        8.760E-01+-3.7E+02
  Ra225 (n,2na  ) Rn220  2.417E-08+-2.0E+02 Ra225 (n,g    ) Ra226  2.182E+01+-3.2E+02 Ra225 (n,p    ) Fr225  1.626E-08+-5.0E+01 Ra225 (n,a    ) Rn222  8.842E-06+-6.0E+01
  Ra226 (n,2n   ) Ra225  6.235E-03+-3.0E+01 Ra226 (n,F    )        1.142E-04+-5.0E+01 Ra226 (n,na   ) Rn222  1.795E-08+-1.0E+02 Ra226 (n,g    ) Ra227  1.006E+01+-1.4E+01
  Ra226 (n,p    ) Fr226  6.652E-10+-5.0E+01 Ra226 (n,a    ) Rn223  1.699E-06+-6.0E+01 Ra228 (n,2n   ) Ra227  6.586E-03+-4.0E+01 Ra228 (n,F    )        1.752E-01+-4.8E+01
  Ra228 (n,na   ) Rn224  1.483E-08+-1.0E+02 Ra228 (n,g    ) Ra229  4.382E+00+-3.1E+01 Ra228 (n,p    ) Fr228  1.480E-10+-5.0E+01 Ra228 (n,a    ) Rn225  1.135E-07+-6.0E+01
  Ac225 (n,2n   ) Ac224  3.990E-03+-4.0E+01 Ac225 (n,F    )        4.938E-02+-2.0E+02 Ac225 (n,na   ) Fr221  8.119E-06+-1.0E+02 Ac225 (n,2na  ) Fr220  3.180E-05+-2.0E+02
  Ac225 (n,np   ) Ra224  3.604E-11+-1.0E+02 Ac225 (n,n2a  ) At217  6.093E-09+-2.0E+02 Ac225 (n,2n2a ) At216  3.116E-07+-2.0E+02 Ac225 (n,g    ) Ac226  1.092E+02+-5.8E+02
  Ac225 (n,p    ) Ra225  1.162E-07+-5.0E+01 Ac225 (n,d    ) Ra224  2.956E-10+-1.0E+02 Ac225 (n,t    ) Ra223  8.247E-12+-6.0E+01 Ac225 (n,a    ) Fr222  4.969E-04+-6.0E+01
  Ac226 (n,2n   ) Ac225  1.382E-02+-4.0E+01 Ac226 (n,F    )        7.822E-01+-3.3E+02 Ac226 (n,na   ) Fr222  8.787E-07+-1.0E+02 Ac226 (n,2na  ) Fr221  1.245E-05+-2.0E+02
  Ac226 (n,np   ) Ra225  7.133E-12+-1.0E+02 Ac226 (n,g    ) Ac227  5.486E+01+-1.4E+02 Ac226 (n,p    ) Ra226  3.334E-07+-5.0E+01 Ac226 (n,d    ) Ra225  8.271E-11+-1.0E+02
  Ac226 (n,t    ) Ra224  2.824E-10+-6.0E+01 Ac226 (n,a    ) Fr223  1.094E-04+-6.0E+01 Ac226 (n,3n2a ) At216  1.765E-09+-2.0E+02 Ac227 (n,2n   ) Ac226  3.737E-03+-4.0E+01
  Ac227 (n,F    )        4.327E-03+-5.0E+01 Ac227 (n,na   ) Fr223  6.388E-08+-1.0E+02 Ac227 (n,2na  ) Fr222  3.904E-12+-2.0E+02 Ac227 (n,3na  ) Fr221  3.544E-10+-2.0E+02
  Ac227 (n,np   ) Ra226  1.963E-12+-1.0E+02 Ac227 (n,g    ) Ac228  9.634E+01+-1.1E+01 Ac227 (n,p    ) Ra227  3.284E-08+-5.0E+01 Ac227 (n,d    ) Ra226  3.063E-11+-1.0E+02
  Ac227 (n,t    ) Ra225  1.055E-12+-6.0E+01 Ac227 (n,a    ) Fr224  2.136E-04+-6.0E+01 Ac228 (n,2n   ) Ac227  2.018E-02+-4.0E+01 Ac228 (n,F    )        2.836E-09+-2.0E+02
  Ac228 (n,na   ) Fr224  5.061E-08+-1.0E+02 Ac228 (n,2na  ) Fr223  2.194E-11+-2.0E+02 Ac228 (n,g    ) Ac229  3.148E+01+-7.5E+01 Ac228 (n,p    ) Ra228  1.259E-07+-5.0E+01
  Ac228 (n,d    ) Ra227  1.108E-11+-1.0E+02 Ac228 (n,t    ) Ra226  1.332E-10+-6.0E+01 Ac228 (n,a    ) Fr225  4.385E-06+-6.0E+01 Th227 (n,2n   ) Th226  1.289E-02+-4.0E+01
  Th227 (n,F    )        3.689E+01+-1.2E+02 Th227 (n,na   ) Ra223  5.332E-06+-1.0E+02 Th227 (n,2na  ) Ra222  8.549E-08+-2.0E+02 Th227 (n,n2a  ) Rn219  3.576E-11+-2.0E+02
  Th227 (n,g    ) Th228  1.435E+02+-6.6E+02 Th227 (n,p    ) Ac227  1.481E-07+-5.0E+01 Th227 (n,d    ) Ac226  2.707E-12+-1.0E+02 Th227 (n,t    ) Ac225  3.227E-12+-6.0E+01
  Th227 (n,a    ) Ra224  6.833E-05+-6.0E+01 Th227 (n,2a   ) Rn220  4.746E-11+-2.0E+02 Th228 (n,2n   ) Th227  1.682E-03+-4.0E+01 Th228 (n,F    )        1.121E-01+-7.9E+01
  Th228 (n,na   ) Ra224  2.008E-07+-1.0E+02 Th228 (n,2na  ) Ra223  2.195E-07+-2.0E+02 Th228 (n,g    ) Th229  1.063E+01+-7.8E+01 Th228 (n,g    ) Th229m 2.568E+01+-7.8E+01
  Th228 (n,p    ) Ac228  9.006E-09+-5.0E+01 Th228 (n,a    ) Ra225  3.274E-05+-6.0E+01 Th229 (n,2n   ) Th228  9.091E-03+-4.0E+01 Th229 (n,F    )        1.379E+01+-1.5E+01
  Th229 (n,na   ) Ra225  4.332E-08+-1.0E+02 Th229 (n,2na  ) Ra224  9.022E-11+-2.0E+02 Th229 (n,g    ) Th230  3.937E+01+-2.6E+01 Th229 (n,p    ) Ac229  3.871E-08+-5.0E+01
  Th229 (n,a    ) Ra226  7.208E-06+-6.0E+01 Th230 (n,2n   ) Th229  2.183E-03+-7.2E+01 Th230 (n,2n   ) Th229m 1.715E-03+-7.2E+01 Th230 (n,F    )        6.223E-02+-5.0E+01
  Th230 (n,na   ) Ra226  1.274E-08+-1.0E+02 Th230 (n,g    ) Th231  2.915E+01+-1.0E+01 Th230 (n,p    ) Ac230  3.473E-09+-5.0E+01 Th230 (n,a    ) Ra227  1.785E-08+-4.4E+01
  Th231 (n,2n   ) Th230  1.607E-02+-4.0E+01 Th231 (n,F    )        3.870E-01+-2.2E+02 Th231 (n,na   ) Ra227  1.516E-09+-1.0E+02 Th231 (n,2na  ) Ra226  4.158E-12+-2.0E+02
  Th231 (n,g    ) Th232  1.075E+01+-1.0E+02 Th231 (n,p    ) Ac231  9.324E-09+-5.0E+01 Th231 (n,a    ) Ra228  7.279E-07+-6.0E+01 Th232 (n,2n   ) Th231  4.445E-03+-1.0E+01
  Th232 (n,F    )        2.630E-02+-5.0E+01 Th232 (n,na   ) Ra228  5.059E-10+-1.0E+02 Th232 (n,g    ) Th233  2.952E+00+-8.3E+00 Th232 (n,p    ) Ac232  4.706E-10+-5.0E+01
  Th232 (n,a    ) Ra229  3.855E-07+-8.2E+01 Th234 (n,2n   ) Th233  7.774E-03+-4.0E+01 Th234 (n,F    )        1.414E-02+-9.9E+01 Th234 (n,na   ) Ra230  9.407E-11+-1.0E+02
  Th234 (n,g    ) Th235  2.858E+00+-9.0E+01 Th234 (n,p    ) Ac234  8.075E-11+-5.0E+01 Th234 (n,a    ) Ra231  7.339E-09+-6.0E+01 Pa228 (n,2n   ) Pa227  2.691E-03+-4.0E+01
  Pa228 (n,F    )        1.677E+01+-3.9E+02 Pa228 (n,na   ) Ac224  7.200E-03+-1.0E+02 Pa228 (n,n3a  ) At216  3.567E-12+-2.0E+02 Pa228 (n,2na  ) Ac223  1.820E-06+-2.0E+02
  Pa228 (n,np   ) Th227  1.331E-10+-1.0E+02 Pa228 (n,n2a  ) Fr220  8.561E-10+-2.0E+02 Pa228 (n,2n2a ) Fr219  3.539E-09+-2.0E+02 Pa228 (n,g    ) Pa229  5.200E+01+-1.6E+02
  Pa228 (n,p    ) Th228  1.593E-06+-5.0E+01 Pa228 (n,d    ) Th227  4.133E-10+-1.0E+02 Pa228 (n,t    ) Th226  5.247E-10+-6.0E+01 Pa228 (n,a    ) Ac225  4.612E-03+-6.0E+01
  Pa228 (n,2a   ) Fr221  7.968E-08+-2.0E+02 Pa228 (n,ta   ) Ra222  1.485E-12+-2.0E+02 Pa229 (n,2n   ) Pa228  3.858E-04+-4.0E+01 Pa229 (n,F    )        1.228E+00+-1.7E+02
  Pa229 (n,na   ) Ac225  7.926E-07+-1.0E+02 Pa229 (n,2na  ) Ac224  6.333E-08+-2.0E+02 Pa229 (n,np   ) Th228  6.807E-11+-1.0E+02 Pa229 (n,n2a  ) Fr221  6.330E-12+-2.0E+02
  Pa229 (n,g    ) Pa230  2.367E+01+-3.3E+02 Pa229 (n,p    ) Th229  1.732E-07+-7.8E+01 Pa229 (n,p    ) Th229m 1.107E-07+-7.8E+01 Pa229 (n,d    ) Th228  4.521E-10+-1.0E+02
  Pa229 (n,t    ) Th227  2.717E-12+-6.0E+01 Pa229 (n,a    ) Ac226  7.051E-05+-6.0E+01 Pa229 (n,2a   ) Fr222  3.847E-12+-2.0E+02 Pa229 (n,4n2a ) Fr218  9.122E-11+-2.1E+02
  Pa229 (n,4n2a ) Fr218m 1.872E-10+-2.1E+02 Pa230 (n,2n   ) Pa229  6.734E-04+-4.0E+01 Pa230 (n,F    )        2.204E+02+-9.3E+01 Pa230 (n,na   ) Ac226  5.414E-08+-1.0E+02
  Pa230 (n,2na  ) Ac225  1.131E-10+-2.0E+02 Pa230 (n,3na  ) Ac224  4.706E-10+-2.0E+02 Pa230 (n,np   ) Th229  8.072E-12+-1.2E+02 Pa230 (n,np   ) Th229m 6.342E-12+-1.2E+02
  Pa230 (n,g    ) Pa231  2.485E+00+-8.0E+02 Pa230 (n,p    ) Th230  5.946E-07+-5.0E+01 Pa230 (n,d    ) Th229  5.242E-11+-1.2E+02 Pa230 (n,d    ) Th229m 3.351E-11+-1.2E+02
  Pa230 (n,t    ) Th228  2.062E-10+-6.0E+01 Pa230 (n,a    ) Ac227  3.820E-04+-6.0E+01 Pa231 (n,2n   ) Pa230  7.296E-04+-4.0E+01 Pa231 (n,F    )        3.176E-01+-4.9E+01
  Pa231 (n,na   ) Ac227  2.809E-08+-1.0E+02 Pa231 (n,np   ) Th230  6.444E-12+-1.0E+02 Pa231 (n,g    ) Pa232  5.508E+01+-3.2E+01 Pa231 (n,p    ) Th231  6.895E-08+-5.0E+01
  Pa231 (n,d    ) Th230  8.407E-11+-1.0E+02 Pa231 (n,a    ) Ac228  6.064E-06+-6.0E+01 Pa232 (n,2n   ) Pa231  1.037E-02+-4.0E+01 Pa232 (n,F    )        1.192E+02+-3.2E+01
  Pa232 (n,na   ) Ac228  3.733E-09+-1.0E+02 Pa232 (n,2na  ) Ac227  3.740E-12+-2.0E+02 Pa232 (n,np   ) Th231  1.402E-12+-1.0E+02 Pa232 (n,g    ) Pa233  3.964E+01+-1.8E+01
  Pa232 (n,p    ) Th232  2.312E-07+-5.0E+01 Pa232 (n,d    ) Th231  1.997E-11+-1.0E+02 Pa232 (n,t    ) Th230  7.326E-11+-6.0E+01 Pa232 (n,a    ) Ac229  6.117E-05+-6.0E+01
  Pa233 (n,2n   ) Pa232  1.758E-03+-4.0E+01 Pa233 (n,F    )        1.650E-01+-9.5E+01 Pa233 (n,na   ) Ac229  1.894E-09+-1.0E+02 Pa233 (n,g    ) Pa234  1.228E+01+-1.5E+01
  Pa233 (n,g    ) Pa234m 1.292E+01+-1.4E+01 Pa233 (n,p    ) Th233  2.113E-08+-5.0E+01 Pa233 (n,d    ) Th232  9.598E-12+-1.0E+02 Pa233 (n,a    ) Ac230  2.079E-06+-6.0E+01
  Pa234 (n,2n   ) Pa233  1.556E-02+-4.0E+01 Pa234 (n,F    )        1.686E-02+-1.8E+02 Pa234 (n,na   ) Ac230  2.272E-09+-1.0E+02 Pa234 (n,g    ) Pa235  2.747E+01+-7.5E+01
  Pa234 (n,p    ) Th234  7.129E-08+-5.0E+01 Pa234 (n,d    ) Th233  2.653E-12+-1.0E+02 Pa234 (n,t    ) Th232  2.698E-11+-6.0E+01 Pa234 (n,a    ) Ac231  6.467E-07+-6.0E+01
  U 230 (n,2n   ) U 229  2.955E-05+-4.0E+01 U 230 (n,F    )        3.391E+00+-4.7E+01 U 230 (n,na   ) Th226  9.609E-07+-1.0E+02 U 230 (n,2na  ) Th225  1.839E-05+-2.0E+02
  U 230 (n,n2a  ) Ra222  6.312E-10+-2.0E+02 U 230 (n,2n2a ) Ra221  3.917E-08+-2.0E+02 U 230 (n,g    ) U 231  1.038E+00+-8.1E+02 U 230 (n,p    ) Pa230  7.331E-08+-5.0E+01
  U 230 (n,d    ) Pa229  5.665E-12+-1.0E+02 U 230 (n,a    ) Th227  2.908E-05+-6.0E+01 U 230 (n,2a   ) Ra223  1.116E-09+-2.0E+02 U 231 (n,2n   ) U 230  2.643E-04+-4.0E+01
  U 231 (n,F    )        4.554E+01+-1.2E+02 U 231 (n,na   ) Th227  8.214E-05+-1.0E+02 U 231 (n,2na  ) Th226  1.104E-08+-2.0E+02 U 231 (n,n2a  ) Ra223  1.432E-08+-2.0E+02
  U 231 (n,2n2a ) Ra222  1.382E-11+-2.0E+02 U 231 (n,g    ) U 232  3.321E+00+-4.0E+02 U 231 (n,p    ) Pa231  2.131E-07+-5.0E+01 U 231 (n,d    ) Pa230  1.830E-12+-1.0E+02
  U 231 (n,a    ) Th228  2.475E-05+-6.0E+01 U 231 (n,2a   ) Ra224  8.850E-12+-2.0E+02 U 231 (n,3n2a ) Ra221  1.032E-09+-2.0E+02 U 232 (n,2n   ) U 231  1.480E-05+-4.0E+01
  U 232 (n,F    )        1.494E+01+-8.0E+00 U 232 (n,na   ) Th228  4.506E-08+-1.0E+02 U 232 (n,2na  ) Th227  4.144E-08+-2.0E+02 U 232 (n,2n2a ) Ra223  4.493E-12+-2.0E+02
  U 232 (n,g    ) U 233  8.747E+00+-1.8E+01 U 232 (n,p    ) Pa232  2.200E-08+-5.0E+01 U 232 (n,a    ) Th229  1.181E-05+-8.5E+01 U 232 (n,a    ) Th229m 7.552E-06+-8.5E+01
  U 233 (n,2n   ) U 232  4.658E-04+-4.0E+01 U 233 (n,F    )        5.701E+01+-7.1E+00 U 233 (n,na   ) Th229  1.716E-08+-1.2E+02 U 233 (n,na   ) Th229m 1.349E-08+-1.2E+02
  U 233 (n,2na  ) Th228  4.552E-12+-2.0E+02 U 233 (n,g    ) U 234  7.152E+00+-7.7E+00 U 233 (n,p    ) Pa233  6.220E-08+-5.0E+01 U 233 (n,a    ) Th230  3.082E-05+-7.6E+01
  U 234 (n,2n   ) U 233  4.782E-04+-4.0E+01 U 234 (n,F    )        4.778E-01+-4.8E+01 U 234 (n,na   ) Th230  1.509E-08+-1.0E+02 U 234 (n,g    ) U 235  1.042E+01+-7.8E+01
  U 234 (n,g    ) U 235m 1.042E+01+-7.8E+01 U 234 (n,p    ) Pa234  4.244E-09+-7.8E+01 U 234 (n,p    ) Pa234m 9.954E-10+-7.8E+01 U 234 (n,a    ) Th231  9.960E-06+-6.0E+01
  U 235 (n,n    ) U 235m 4.484E-01+-1.0E+02 U 235 (n,2n   ) U 234  4.336E-03+-1.0E+01 U 235 (n,F    )        4.552E+01+-7.0E+00 U 235 (n,na   ) Th231  1.743E-09+-1.0E+02
  U 235 (n,g    ) U 236  1.007E+01+-7.2E+00 U 235 (n,p    ) Pa235  2.169E-08+-3.0E+01 U 235 (n,a    ) Th232  1.018E-05+-6.1E+01 U 236 (n,2n   ) U 235  1.367E-03+-7.2E+01
  U 236 (n,2n   ) U 235m 1.329E-03+-7.2E+01 U 236 (n,F    )        3.093E-01+-3.6E+01 U 236 (n,na   ) Th232  4.820E-09+-1.0E+02 U 236 (n,g    ) U 237  8.376E+00+-9.5E+00
  U 236 (n,p    ) Pa236  1.384E-09+-5.0E+01 U 236 (n,a    ) Th233  4.822E-07+-6.0E+01 U 237 (n,2n   ) U 236  1.492E-02+-4.0E+01 U 237 (n,F    )        1.676E+00+-3.3E+01
  U 237 (n,na   ) Th233  2.069E-09+-1.0E+02 U 237 (n,2na  ) Th232  1.149E-12+-2.0E+02 U 237 (n,g    ) U 238  5.608E+01+-2.1E+01 U 237 (n,p    ) Pa237  4.596E-09+-5.0E+01
  U 237 (n,a    ) Th234  2.618E-06+-6.0E+01 U 238 (n,2n   ) U 237  5.070E-03+-1.0E+01 U 238 (n,F    )        1.024E-01+-5.0E+01 U 238 (n,na   ) Th234  9.846E-10+-1.0E+02
  U 238 (n,g    ) U 239  6.478E+00+-9.6E+00 U 238 (n,p    ) Pa238  2.329E-10+-2.7E+01 U 238 (n,a    ) Th235  3.323E-06+-9.6E+01 U 240 (n,2n   ) U 239  1.090E-02+-4.0E+01
  U 240 (n,F    )        9.465E-02+-1.0E+02 U 240 (n,g    ) U 241  2.845E+01+-8.9E+02 U 241 (n,2n   ) U 240  3.019E-02+-4.0E+01 U 241 (n,F    )        2.091E-01+-1.4E+02
  U 241 (n,g    ) U 242  3.962E+01+-7.4E+02 Np234 (n,2n   ) Np233  1.221E-03+-4.0E+01 Np234 (n,F    )        1.611E+02+-1.1E+02 Np234 (n,na   ) Pa230  1.419E-06+-1.0E+02
  Np234 (n,2na  ) Pa229  4.864E-10+-2.0E+02 Np234 (n,3na  ) Pa228  1.222E-12+-2.0E+02 Np234 (n,np   ) U 233  1.493E-11+-1.0E+02 Np234 (n,g    ) Np235  1.350E+01+-1.2E+02
  Np234 (n,p    ) U 234  1.178E-06+-5.0E+01 Np234 (n,d    ) U 233  2.683E-10+-1.0E+02 Np234 (n,t    ) U 232  9.799E-11+-6.0E+01 Np234 (n,a    ) Pa231  3.107E-04+-6.0E+01
  Np235 (n,2n   ) Np234  3.039E-04+-4.0E+01 Np235 (n,F    )        3.286E+00+-1.8E+02 Np235 (n,na   ) Pa231  1.676E-07+-1.0E+02 Np235 (n,np   ) U 234  2.503E-11+-1.0E+02
  Np235 (n,g    ) Np236  2.710E+01+-7.8E+01 Np235 (n,g    ) Np236m 4.123E+01+-7.8E+01 Np235 (n,p    ) U 235  9.362E-08+-7.8E+01 Np235 (n,p    ) U 235m 4.625E-08+-7.8E+01
  Np235 (n,d    ) U 234  1.670E-10+-1.0E+02 Np235 (n,t    ) U 233  1.696E-12+-6.0E+01 Np235 (n,a    ) Pa232  5.689E-04+-6.0E+01 Np236 (n,n    ) Np236m 2.112E-01+-1.0E+02
  Np236 (n,2n   ) Np235  1.666E-03+-4.0E+01 Np236 (n,F    )        2.592E+02+-7.9E+00 Np236 (n,na   ) Pa232  1.873E-07+-1.0E+02 Np236 (n,2na  ) Pa231  1.847E-11+-2.0E+02
  Np236 (n,g    ) Np237  1.424E+01+-4.4E+01 Np236 (n,p    ) U 236  3.840E-07+-5.0E+01 Np236 (n,d    ) U 235  3.064E-11+-1.2E+02 Np236 (n,d    ) U 235m 2.367E-11+-1.2E+02
  Np236 (n,t    ) U 234  7.046E-11+-6.0E+01 Np236 (n,a    ) Pa233  3.939E-05+-6.0E+01 Np236m(n,2n   ) Np235  5.593E-03+-4.0E+01 Np236m(n,F    )        5.212E+01+-3.5E+02
  Np236m(n,na   ) Pa232  8.926E-08+-1.0E+02 Np236m(n,2na  ) Pa231  3.425E-12+-2.0E+02 Np236m(n,np   ) U 235  1.331E-12+-1.2E+02 Np236m(n,np   ) U 235m 1.217E-12+-1.2E+02
  Np236m(n,g    ) Np237  8.295E+00+-7.7E+01 Np236m(n,p    ) U 236  1.905E-07+-5.0E+01 Np236m(n,d    ) U 235  2.461E-11+-1.2E+02 Np236m(n,d    ) U 235m 2.343E-11+-1.2E+02
  Np236m(n,t    ) U 234  2.775E-11+-6.0E+01 Np236m(n,a    ) Pa233  1.644E-05+-6.0E+01 Np237 (n,2n   ) Np236  1.467E-04+-2.0E+01 Np237 (n,2n   ) Np236m 6.854E-04+-2.0E+01
  Np237 (n,F    )        4.964E-01+-4.9E+01 Np237 (n,na   ) Pa233  2.311E-08+-1.0E+02 Np237 (n,np   ) U 236  3.827E-12+-1.0E+02 Np237 (n,g    ) Np238  3.417E+01+-2.4E+01
  Np237 (n,p    ) U 237  3.570E-08+-3.0E+01 Np237 (n,d    ) U 236  3.722E-11+-1.0E+02 Np237 (n,a    ) Pa234  9.576E-05+-8.5E+01 Np237 (n,a    ) Pa234m 2.246E-05+-8.5E+01
  Np238 (n,2n   ) Np237  7.247E-03+-4.0E+01 Np238 (n,F    )        1.647E+02+-8.7E+00 Np238 (n,na   ) Pa234  2.239E-08+-1.2E+02 Np238 (n,na   ) Pa234m 3.644E-09+-1.2E+02
  Np238 (n,g    ) Np239  2.374E+01+-9.3E+01 Np238 (n,p    ) U 238  1.230E-07+-5.0E+01 Np238 (n,d    ) U 237  1.098E-11+-1.0E+02 Np238 (n,t    ) U 236  3.045E-11+-6.0E+01
  Np238 (n,a    ) Pa235  9.381E-06+-6.0E+01 Np239 (n,2n   ) Np238  2.376E-03+-4.0E+01 Np239 (n,F    )        6.631E-01+-8.8E+01 Np239 (n,na   ) Pa235  4.815E-09+-1.0E+02
  Np239 (n,g    ) Np240  2.512E+01+-8.8E+01 Np239 (n,g    ) Np240m 4.643E+01+-8.9E+01 Np239 (n,p    ) U 239  1.611E-08+-5.0E+01 Np239 (n,d    ) U 238  5.031E-12+-1.0E+02
  Np239 (n,a    ) Pa236  3.899E-06+-6.0E+01 Pu234 (n,2n   ) Pu233  3.849E-04+-4.0E+01 Pu234 (n,F    )        2.145E-02+-2.0E+02 Pu234 (n,na   ) U 230  3.688E-02+-1.0E+02
  Pu234 (n,2na  ) U 229  9.560E-12+-2.0E+02 Pu234 (n,np   ) Np233  2.092E-11+-1.0E+02 Pu234 (n,n2a  ) Th226  6.465E-09+-2.0E+02 Pu234 (n,g    ) Pu235  7.479E+00+-1.6E+02
  Pu234 (n,p    ) Np234  6.769E-07+-5.0E+01 Pu234 (n,d    ) Np233  3.571E-11+-1.0E+02 Pu234 (n,a    ) U 231  5.473E-04+-6.0E+01 Pu234 (n,2a   ) Th227  1.264E-08+-2.0E+02
  Pu234 (n,3n2a ) Th224  6.999E-10+-2.0E+02 Pu236 (n,2n   ) Pu235  2.749E-05+-4.0E+01 Pu236 (n,F    )        3.547E+01+-9.7E+00 Pu236 (n,na   ) U 232  2.873E-06+-1.0E+02
  Pu236 (n,np   ) Np235  1.452E-12+-1.0E+02 Pu236 (n,g    ) Pu237  2.393E+00+-7.8E+01 Pu236 (n,g    ) Pu237m 2.392E+00+-7.8E+01 Pu236 (n,p    ) Np236  2.954E-08+-7.8E+01
  Pu236 (n,p    ) Np236m 2.825E-08+-7.8E+01 Pu236 (n,d    ) Np235  6.074E-12+-1.0E+02 Pu236 (n,a    ) U 233  2.012E-05+-6.0E+01 Pu237 (n,n    ) Pu237m 8.352E-02+-1.0E+02
  Pu237 (n,2n   ) Pu236  2.487E-04+-4.0E+01 Pu237 (n,F    )        4.131E+02+-1.2E+02 Pu237 (n,na   ) U 233  1.095E-07+-1.0E+02 Pu237 (n,g    ) Pu238  3.421E+01+-8.3E+02
  Pu237 (n,p    ) Np237  1.610E-07+-5.0E+01 Pu237 (n,d    ) Np236m 1.621E-12+-1.2E+02 Pu237 (n,a    ) U 234  1.761E-05+-6.0E+01 Pu237 (n,2a   ) Th230  5.091E-12+-2.0E+02
  Pu238 (n,2n   ) Pu237  3.765E-04+-7.2E+01 Pu238 (n,2n   ) Pu237m 1.665E-04+-7.2E+01 Pu238 (n,F    )        2.529E+00+-1.7E+01 Pu238 (n,na   ) U 234  6.777E-08+-1.0E+02
  Pu238 (n,g    ) Pu239  3.367E+01+-8.8E+00 Pu238 (n,p    ) Np238  1.811E-08+-5.0E+01 Pu238 (n,a    ) U 235  6.130E-05+-8.5E+01 Pu238 (n,a    ) U 235m 6.123E-05+-8.5E+01
  Pu239 (n,2n   ) Pu238  1.417E-03+-1.0E+01 Pu239 (n,F    )        1.085E+02+-9.3E+00 Pu239 (n,na   ) U 235  8.202E-09+-1.2E+02 Pu239 (n,na   ) U 235m 6.648E-09+-1.2E+02
  Pu239 (n,2na  ) U 234  1.652E-12+-2.0E+02 Pu239 (n,g    ) Pu240  6.021E+01+-1.0E+01 Pu239 (n,p    ) Np239  5.656E-08+-3.0E+01 Pu239 (n,a    ) U 236  6.719E-05+-7.8E+01
  Pu240 (n,2n   ) Pu239  1.565E-03+-4.0E+01 Pu240 (n,F    )        5.891E-01+-4.4E+01 Pu240 (n,na   ) U 236  1.771E-08+-1.0E+02 Pu240 (n,g    ) Pu241  1.724E+02+-9.3E+00
  Pu240 (n,p    ) Np240  2.659E-09+-7.8E+01 Pu240 (n,p    ) Np240m 1.195E-09+-7.8E+01 Pu240 (n,a    ) U 237  1.789E-04+-9.2E+01 Pu241 (n,2n   ) Pu240  3.351E-03+-4.0E+01
  Pu241 (n,F    )        1.171E+02+-8.4E+00 Pu241 (n,na   ) U 237  1.255E-09+-1.0E+02 Pu241 (n,g    ) Pu242  3.907E+01+-7.2E+00 Pu241 (n,p    ) Np241  1.521E-08+-5.0E+01
  Pu241 (n,a    ) U 238  2.588E-06+-6.0E+01 Pu242 (n,2n   ) Pu241  3.698E-03+-4.0E+01 Pu242 (n,F    )        4.413E-01+-4.8E+01 Pu242 (n,na   ) U 238  5.584E-09+-1.0E+02
  Pu242 (n,g    ) Pu243  2.530E+01+-9.9E+00 Pu242 (n,p    ) Np242  8.681E-10+-7.8E+01 Pu242 (n,p    ) Np242m 5.321E-10+-7.8E+01 Pu242 (n,a    ) U 239  7.652E-07+-6.0E+01
  Pu243 (n,2n   ) Pu242  1.233E-02+-4.0E+01 Pu243 (n,F    )        2.680E+01+-2.1E+02 Pu243 (n,na   ) U 239  2.151E-09+-1.0E+02 Pu243 (n,2na  ) U 238  4.820E-12+-2.0E+02
  Pu243 (n,g    ) Pu244  8.319E+00+-4.3E+01 Pu243 (n,p    ) Np243  4.373E-09+-5.0E+01 Pu243 (n,a    ) U 240  1.039E-06+-6.0E+01 Pu244 (n,2n   ) Pu243  4.296E-03+-4.0E+01
  Pu244 (n,F    )        4.057E-01+-5.0E+01 Pu244 (n,na   ) U 240  1.012E-09+-1.0E+02 Pu244 (n,g    ) Pu245  1.552E+00+-1.5E+01 Pu244 (n,p    ) Np244  3.516E-10+-5.0E+01
  Pu244 (n,a    ) U 241  6.597E-07+-6.0E+01 Pu245 (n,2n   ) Pu244  2.165E-02+-4.0E+01 Pu245 (n,F    )        4.148E-01+-3.5E+02 Pu245 (n,na   ) U 241  2.907E-09+-1.0E+02
  Pu245 (n,g    ) Pu246  2.069E+00+-2.9E+02 Pu245 (n,p    ) Np245  1.215E-09+-5.0E+01 Pu245 (n,a    ) U 242  8.031E-07+-6.0E+01 Pu246 (n,2n   ) Pu245  8.258E-03+-4.0E+01
  Pu246 (n,F    )        2.783E-01+-9.9E+01 Pu246 (n,na   ) U 242  8.927E-09+-1.0E+02 Pu246 (n,g    ) Pu247  1.808E+00+-7.2E+02 Pu246 (n,p    ) Np246  4.790E-11+-5.0E+01
  Pu246 (n,a    ) U 243  2.126E-07+-6.0E+01 Pu247 (n,2n   ) Pu246  1.708E-02+-4.0E+01 Pu247 (n,F    )        6.943E+00+-3.8E+02 Pu247 (n,na   ) U 243  8.215E-10+-1.0E+02
  Pu247 (n,2na  ) U 242  1.370E-11+-2.0E+02 Pu247 (n,a    ) U 244  1.108E-06+-6.0E+01 Am239 (n,2n   ) Am238  5.624E-06+-4.0E+01 Am239 (n,F    )        2.047E+00+-2.3E+02
  Am239 (n,na   ) Np235  1.471E-03+-1.0E+02 Am239 (n,2na  ) Np234  1.105E-06+-2.0E+02 Am239 (n,np   ) Pu238  7.530E-11+-1.0E+02 Am239 (n,g    ) Am240  1.871E+01+-7.5E+01
  Am239 (n,p    ) Pu239  2.604E-07+-5.0E+01 Am239 (n,d    ) Pu238  3.064E-10+-1.0E+02 Am239 (n,t    ) Pu237  1.766E-12+-8.5E+01 Am239 (n,a    ) Np236  4.797E-04+-8.5E+01
  Am239 (n,a    ) Np236m 6.078E-04+-8.5E+01 Am240 (n,2n   ) Am239  3.205E-03+-4.0E+01 Am240 (n,F    )        2.151E+01+-3.7E+02 Am240 (n,na   ) Np236  1.541E-07+-1.2E+02
  Am240 (n,na   ) Np236m 1.233E-07+-1.2E+02 Am240 (n,2na  ) Np235  3.726E-10+-2.0E+02 Am240 (n,np   ) Pu239  5.095E-12+-1.0E+02 Am240 (n,g    ) Am241  7.177E+00+-2.2E+02
  Am240 (n,p    ) Pu240  6.483E-07+-5.0E+01 Am240 (n,d    ) Pu239  1.003E-10+-1.0E+02 Am240 (n,t    ) Pu238  6.608E-11+-6.0E+01 Am240 (n,a    ) Np237  4.900E-05+-6.0E+01
  Am241 (n,2n   ) Am240  3.189E-04+-1.0E+01 Am241 (n,F    )        1.244E+00+-3.4E+01 Am241 (n,na   ) Np237  5.552E-08+-1.0E+02 Am241 (n,np   ) Pu240  6.283E-12+-1.0E+02
  Am241 (n,g    ) Am242  1.078E+02+-1.7E+01 Am241 (n,g    ) Am242m 9.458E+00+-2.5E+01 Am241 (n,p    ) Pu241  8.114E-08+-5.0E+01 Am241 (n,d    ) Pu240  7.522E-11+-1.0E+02
  Am241 (n,t    ) Pu239  1.430E-12+-6.0E+01 Am241 (n,a    ) Np238  1.677E-04+-6.0E+01 Am242 (n,n    ) Am242m 3.975E-02+-1.0E+02 Am242 (n,2n   ) Am241  4.357E-03+-4.0E+01
  Am242 (n,F    )        2.146E+02+-1.3E+02 Am242 (n,na   ) Np238  3.917E-08+-1.0E+02 Am242 (n,2na  ) Np237  6.137E-12+-2.0E+02 Am242 (n,np   ) Pu241  1.160E-12+-1.0E+02
  Am242 (n,g    ) Am243  2.409E+01+-1.6E+01 Am242 (n,p    ) Pu242  2.665E-07+-5.0E+01 Am242 (n,d    ) Pu241  3.687E-11+-1.0E+02 Am242 (n,t    ) Pu240  6.414E-11+-6.0E+01
  Am242 (n,a    ) Np239  1.381E-04+-6.0E+01 Am242m(n,n    ) Am242  5.047E-01+-1.0E+02 Am242m(n,2n   ) Am241  5.022E-03+-4.0E+01 Am242m(n,F    )        6.870E+02+-1.1E+01
  Am242m(n,na   ) Np238  9.942E-08+-1.0E+02 Am242m(n,2na  ) Np237  1.582E-10+-2.0E+02 Am242m(n,g    ) Am243  1.604E+02+-3.1E+01 Am242m(n,p    ) Pu242  1.333E-07+-5.0E+01
  Am242m(n,d    ) Pu241  2.982E-11+-1.0E+02 Am242m(n,t    ) Pu240  3.308E-11+-6.0E+01 Am242m(n,a    ) Np239  3.157E-04+-6.0E+01 Am243 (n,2n   ) Am242  1.434E-03+-7.2E+01
  Am243 (n,2n   ) Am242m 2.247E-04+-7.2E+01 Am243 (n,F    )        4.572E-01+-4.4E+01 Am243 (n,na   ) Np239  5.389E-08+-1.0E+02 Am243 (n,np   ) Pu242  1.517E-12+-1.0E+02
  Am243 (n,g    ) Am244  3.263E+00+-1.4E+01 Am243 (n,g    ) Am244m 4.888E+01+-9.4E+00 Am243 (n,p    ) Pu243  3.427E-08+-5.0E+01 Am243 (n,d    ) Pu242  2.290E-11+-1.0E+02
  Am243 (n,t    ) Pu241  1.495E-12+-6.0E+01 Am243 (n,a    ) Np240  1.026E-04+-8.5E+01 Am243 (n,a    ) Np240m 4.609E-05+-8.5E+01 Am244 (n,2n   ) Am243  3.334E-03+-4.0E+01
  Am244 (n,F    )        2.095E+02+-3.5E+02 Am244 (n,na   ) Np240  4.310E-08+-1.2E+02 Am244 (n,na   ) Np240m 1.936E-08+-1.2E+02 Am244 (n,2na  ) Np239  7.893E-12+-2.0E+02
  Am244 (n,g    ) Am245  2.555E+01+-7.6E+01 Am244 (n,p    ) Pu244  8.869E-08+-5.0E+01 Am244 (n,d    ) Pu243  7.218E-12+-1.0E+02 Am244 (n,t    ) Pu242  3.484E-11+-6.0E+01
  Am244 (n,a    ) Np241  1.450E-04+-6.0E+01 Cm240 (n,2n   ) Cm239  1.626E-05+-4.0E+01 Cm240 (n,F    )        2.134E+00+-2.8E+02 Cm240 (n,na   ) Pu236  7.447E-03+-1.0E+02
  Cm240 (n,2na  ) Pu235  1.139E-09+-2.0E+02 Cm240 (n,np   ) Am239  1.295E-11+-1.0E+02 Cm240 (n,g    ) Cm241  2.774E+01+-8.7E+02 Cm240 (n,p    ) Am240  1.703E-07+-5.0E+01
  Cm240 (n,d    ) Am239  1.885E-11+-1.0E+02 Cm240 (n,a    ) Pu237  1.580E-04+-8.5E+01 Cm240 (n,a    ) Pu237m 9.936E-05+-8.5E+01 Cm240 (n,2a   ) U 233  8.469E-12+-2.0E+02
  Cm241 (n,2n   ) Cm240  2.017E-03+-4.0E+01 Cm241 (n,F    )        7.549E+01+-3.9E+02 Cm241 (n,na   ) Pu237  7.930E-04+-1.2E+02 Cm241 (n,na   ) Pu237m 4.072E-04+-1.2E+02
  Cm241 (n,2na  ) Pu236  1.355E-06+-2.0E+02 Cm241 (n,g    ) Cm242  4.283E+00+-2.3E+02 Cm241 (n,p    ) Am241  2.790E-07+-5.0E+01 Cm241 (n,d    ) Am240  1.203E-11+-1.0E+02
  Cm241 (n,t    ) Am239  1.689E-12+-6.0E+01 Cm241 (n,a    ) Pu238  1.008E-04+-6.0E+01 Cm241 (n,2a   ) U 234  1.049E-11+-2.0E+02 Cm242 (n,2n   ) Cm241  8.913E-05+-4.0E+01
  Cm242 (n,F    )        1.421E+00+-3.4E+01 Cm242 (n,na   ) Pu238  5.483E-04+-1.0E+02 Cm242 (n,2na  ) Pu237  4.100E-07+-2.1E+02 Cm242 (n,2na  ) Pu237m 2.079E-07+-2.1E+02
  Cm242 (n,g    ) Cm243  4.483E+00+-3.1E+01 Cm242 (n,p    ) Am242  2.117E-08+-7.8E+01 Cm242 (n,p    ) Am242m 2.021E-08+-7.8E+01 Cm242 (n,d    ) Am241  3.553E-12+-1.0E+02
  Cm242 (n,a    ) Pu239  8.791E-06+-6.0E+01 Cm243 (n,2n   ) Cm242  1.164E-03+-4.0E+01 Cm243 (n,F    )        8.363E+01+-8.1E+00 Cm243 (n,na   ) Pu239  2.041E-08+-1.0E+02
  Cm243 (n,2na  ) Pu238  4.973E-06+-2.0E+02 Cm243 (n,g    ) Cm244  1.375E+01+-7.2E+00 Cm243 (n,p    ) Am243  1.026E-07+-5.0E+01 Cm243 (n,d    ) Am242  1.575E-12+-1.2E+02
  Cm243 (n,t    ) Am241  1.271E-12+-6.0E+01 Cm243 (n,a    ) Pu240  8.793E-05+-6.0E+01 Cm244 (n,2n   ) Cm243  7.807E-04+-4.0E+01 Cm244 (n,F    )        8.217E-01+-3.8E+01
  Cm244 (n,na   ) Pu240  3.683E-06+-1.0E+02 Cm244 (n,2na  ) Pu239  2.575E-12+-2.0E+02 Cm244 (n,g    ) Cm245  1.787E+01+-9.4E+00 Cm244 (n,p    ) Am244  6.598E-09+-7.8E+01
  Cm244 (n,p    ) Am244m 4.356E-09+-7.8E+01 Cm244 (n,a    ) Pu241  1.289E-05+-6.0E+01 Cm245 (n,2n   ) Cm244  3.757E-03+-4.0E+01 Cm245 (n,F    )        1.250E+02+-1.9E+01
  Cm245 (n,na   ) Pu241  2.037E-08+-1.0E+02 Cm245 (n,2na  ) Pu240  5.519E-10+-2.0E+02 Cm245 (n,g    ) Cm246  2.074E+01+-7.4E+00 Cm245 (n,p    ) Am245  2.587E-08+-5.0E+01
  Cm245 (n,a    ) Pu242  2.173E-05+-6.0E+01 Cm246 (n,2n   ) Cm245  1.200E-03+-4.0E+01 Cm246 (n,F    )        5.781E-01+-4.1E+01 Cm246 (n,na   ) Pu242  1.038E-08+-1.0E+02
  Cm246 (n,g    ) Cm247  3.232E+00+-9.6E+00 Cm246 (n,p    ) Am246  9.519E-10+-7.8E+01 Cm246 (n,p    ) Am246m 8.786E-10+-7.8E+01 Cm246 (n,a    ) Pu243  7.457E-07+-6.0E+01
  Cm247 (n,2n   ) Cm246  4.408E-03+-4.0E+01 Cm247 (n,F    )        2.146E+01+-1.7E+01 Cm247 (n,na   ) Pu243  3.148E-09+-1.0E+02 Cm247 (n,2na  ) Pu242  1.034E-11+-2.0E+02
  Cm247 (n,g    ) Cm248  1.826E+01+-2.3E+01 Cm247 (n,p    ) Am247  1.005E-08+-5.0E+01 Cm247 (n,a    ) Pu244  8.811E-07+-6.0E+01 Cm248 (n,2n   ) Cm247  2.334E-03+-4.0E+01
  Cm248 (n,F    )        6.027E-01+-4.1E+01 Cm248 (n,na   ) Pu244  3.102E-09+-1.0E+02 Cm248 (n,g    ) Cm249  6.398E+00+-1.1E+01 Cm248 (n,p    ) Am248  4.925E-10+-5.0E+01
  Cm248 (n,a    ) Pu245  1.627E-07+-6.0E+01 Cm249 (n,2n   ) Cm248  5.084E-03+-4.0E+01 Cm249 (n,F    )        8.381E+00+-2.0E+01 Cm249 (n,na   ) Pu245  1.374E-10+-1.0E+02
  Cm249 (n,g    ) Cm250  2.758E+00+-4.3E+01 Cm249 (n,p    ) Am249  2.563E-09+-5.0E+01 Cm249 (n,a    ) Pu246  1.778E-07+-6.0E+01 Cm250 (n,2n   ) Cm249  2.022E-04+-4.0E+01
  Cm250 (n,F    )        5.419E-01+-1.0E+02 Cm250 (n,na   ) Pu246  3.551E-11+-1.0E+02 Cm250 (n,g    ) Cm251  6.844E+01+-9.1E+01 Cm250 (n,p    ) Am250  1.118E-10+-5.0E+01
  Cm250 (n,a    ) Pu247  9.603E-06+-6.0E+01 Bk245 (n,2n   ) Bk244  2.582E-05+-4.0E+01 Bk245 (n,F    )        4.203E-01+-1.0E+02 Bk245 (n,na   ) Am241  1.238E-05+-1.0E+02
  Bk245 (n,2na  ) Am240  4.208E-08+-2.0E+02 Bk245 (n,np   ) Cm244  1.561E-11+-1.0E+02 Bk245 (n,g    ) Bk246  6.621E+00+-4.1E+02 Bk245 (n,p    ) Cm245  1.816E-07+-5.0E+01
  Bk245 (n,d    ) Cm244  2.823E-10+-1.0E+02 Bk245 (n,t    ) Cm243  4.063E-12+-6.0E+01 Bk245 (n,a    ) Am242  8.501E-06+-8.5E+01 Bk245 (n,a    ) Am242m 6.561E-08+-8.5E+01
  Bk246 (n,2n   ) Bk245  8.361E-05+-4.0E+01 Bk246 (n,F    )        5.723E+01+-3.9E+02 Bk246 (n,na   ) Am242  2.758E-09+-1.2E+02 Bk246 (n,na   ) Am242m 9.845E-10+-1.2E+02
  Bk246 (n,2na  ) Am241  6.934E-10+-2.0E+02 Bk246 (n,np   ) Cm245  1.515E-12+-1.0E+02 Bk246 (n,g    ) Bk247  5.563E+00+-4.8E+02 Bk246 (n,p    ) Cm246  4.355E-07+-5.0E+01
  Bk246 (n,d    ) Cm245  8.891E-11+-1.0E+02 Bk246 (n,t    ) Cm244  6.217E-11+-6.0E+01 Bk246 (n,a    ) Am243  9.849E-03+-6.0E+01 Bk246 (n,2a   ) Np239  1.568E-12+-2.0E+02
  Bk247 (n,2n   ) Bk246  3.267E-04+-4.0E+01 Bk247 (n,F    )        1.560E+01+-1.7E+02 Bk247 (n,na   ) Am243  3.696E-09+-1.0E+02 Bk247 (n,np   ) Cm246  2.839E-12+-1.0E+02
  Bk247 (n,g    ) Bk248  2.648E+00+-7.8E+01 Bk247 (n,g    ) Bk248m 3.972E+00+-7.8E+01 Bk247 (n,p    ) Cm247  6.242E-08+-5.0E+01 Bk247 (n,d    ) Cm246  6.434E-11+-1.0E+02
  Bk247 (n,t    ) Cm245  2.145E-12+-6.0E+01 Bk247 (n,a    ) Am244  1.392E-05+-8.5E+01 Bk247 (n,a    ) Am244m 3.283E-08+-8.5E+01 Bk248 (n,n    ) Bk248m 5.961E-01+-1.0E+02
  Bk248 (n,2n   ) Bk247  4.349E-04+-4.0E+01 Bk248 (n,F    )        5.857E+01+-3.9E+02 Bk248 (n,na   ) Am244  1.920E-09+-1.2E+02 Bk248 (n,na   ) Am244m 1.776E-09+-1.2E+02
  Bk248 (n,g    ) Bk249  5.563E+00+-4.8E+02 Bk248 (n,p    ) Cm248  1.766E-07+-5.0E+01 Bk248 (n,d    ) Cm247  2.230E-11+-1.0E+02 Bk248 (n,t    ) Cm246  4.770E-11+-6.0E+01
  Bk248 (n,a    ) Am245  2.969E-03+-6.0E+01 Bk248m(n,n    ) Bk248  2.080E-02+-1.0E+02 Bk248m(n,2n   ) Bk247  8.240E-04+-4.0E+01 Bk248m(n,F    )        5.857E+01+-3.9E+02
  Bk248m(n,na   ) Am244  2.883E-09+-1.2E+02 Bk248m(n,na   ) Am244m 1.264E-09+-1.2E+02 Bk248m(n,g    ) Bk249  5.563E+00+-4.8E+02 Bk248m(n,p    ) Cm248  6.635E-08+-5.0E+01
  Bk248m(n,d    ) Cm247  4.926E-10+-1.0E+02 Bk248m(n,t    ) Cm246  5.900E-10+-6.0E+01 Bk248m(n,a    ) Am245  3.415E-06+-6.0E+01 Bk249 (n,2n   ) Bk248  1.800E-04+-7.2E+01
  Bk249 (n,2n   ) Bk248m 2.313E-05+-7.2E+01 Bk249 (n,F    )        2.192E+00+-4.1E+01 Bk249 (n,na   ) Am245  2.954E-10+-1.0E+02 Bk249 (n,g    ) Bk250  3.330E+02+-2.5E+01
  Bk249 (n,p    ) Cm249  2.083E-08+-5.0E+01 Bk249 (n,d    ) Cm248  1.409E-11+-1.0E+02 Bk249 (n,t    ) Cm247  1.201E-12+-6.0E+01 Bk249 (n,a    ) Am246  9.455E-07+-8.5E+01
  Bk249 (n,a    ) Am246m 8.727E-07+-8.5E+01 Bk249 (n,2a   ) Np242  1.094E-08+-2.1E+02 Bk249 (n,2a   ) Np242m 1.094E-08+-2.1E+02 Bk250 (n,2n   ) Bk249  1.125E-03+-4.0E+01
  Bk250 (n,F    )        6.296E+01+-2.5E+01 Bk250 (n,na   ) Am246  1.273E-11+-1.2E+02 Bk250 (n,na   ) Am246m 1.909E-11+-1.2E+02 Bk250 (n,g    ) Bk251  2.328E+01+-4.3E+01
  Bk250 (n,p    ) Cm250  8.854E-08+-5.0E+01 Bk250 (n,d    ) Cm249  9.369E-12+-1.0E+02 Bk250 (n,t    ) Cm248  7.097E-11+-6.0E+01 Bk250 (n,a    ) Am247  6.254E-04+-6.0E+01
  Cf246 (n,2n   ) Cf245  1.318E-04+-4.0E+01 Cf246 (n,F    )        4.910E-01+-1.8E+02 Cf246 (n,na   ) Cm242  1.095E-03+-1.0E+02 Cf246 (n,2na  ) Cm241  1.010E-08+-2.0E+02
  Cf246 (n,n2a  ) Pu238  5.129E-10+-2.0E+02 Cf246 (n,g    ) Cf247  1.760E+00+-4.8E+02 Cf246 (n,p    ) Bk246  8.950E-08+-5.0E+01 Cf246 (n,d    ) Bk245  1.054E-11+-1.0E+02
  Cf246 (n,a    ) Cm243  1.223E-04+-6.0E+01 Cf246 (n,2a   ) Pu239  2.006E-12+-2.0E+02 Cf248 (n,2n   ) Cf247  3.723E-04+-4.0E+01 Cf248 (n,F    )        4.504E+00+-3.3E+02
  Cf248 (n,na   ) Cm244  6.583E-06+-1.0E+02 Cf248 (n,2na  ) Cm243  2.496E-11+-2.0E+02 Cf248 (n,g    ) Cf249  2.495E+00+-4.2E+02 Cf248 (n,p    ) Bk248  1.669E-08+-7.8E+01
  Cf248 (n,p    ) Bk248m 7.499E-09+-7.8E+01 Cf248 (n,d    ) Bk247  1.584E-12+-1.0E+02 Cf248 (n,a    ) Cm245  3.204E-05+-6.0E+01 Cf249 (n,2n   ) Cf248  2.668E-03+-4.0E+01
  Cf249 (n,F    )        1.595E+02+-7.7E+00 Cf249 (n,na   ) Cm245  1.864E-08+-1.0E+02 Cf249 (n,2na  ) Cm244  1.630E-06+-2.0E+02 Cf249 (n,g    ) Cf250  5.021E+01+-7.5E+00
  Cf249 (n,p    ) Bk249  6.613E-08+-5.0E+01 Cf249 (n,a    ) Cm246  2.524E-04+-6.0E+01 Cf249 (n,2a   ) Pu242  5.339E-12+-2.0E+02 Cf250 (n,2n   ) Cf249  9.234E-04+-4.0E+01
  Cf250 (n,F    )        1.902E+01+-1.3E+02 Cf250 (n,na   ) Cm246  5.606E-09+-1.0E+02 Cf250 (n,2na  ) Cm245  5.286E-12+-2.0E+02 Cf250 (n,g    ) Cf251  2.896E+02+-1.9E+01
  Cf250 (n,p    ) Bk250  6.225E-09+-5.0E+01 Cf250 (n,a    ) Cm247  1.047E-03+-6.0E+01 Cf251 (n,2n   ) Cf250  4.578E-03+-4.0E+01 Cf251 (n,F    )        4.972E+02+-1.6E+01
  Cf251 (n,na   ) Cm247  1.971E-08+-1.0E+02 Cf251 (n,g    ) Cf252  2.347E+02+-8.1E+00 Cf251 (n,p    ) Bk251  1.928E-08+-5.0E+01 Cf251 (n,a    ) Cm248  2.052E-03+-6.0E+01
  Cf252 (n,2n   ) Cf251  9.471E-04+-4.0E+01 Cf252 (n,F    )        6.056E+00+-1.6E+01 Cf252 (n,na   ) Cm248  2.244E-08+-1.0E+02 Cf252 (n,g    ) Cf253  2.766E+00+-7.9E+00
  Cf252 (n,p    ) Bk252  1.749E-09+-5.0E+01 Cf252 (n,a    ) Cm249  4.913E-06+-6.0E+01 Cf253 (n,2n   ) Cf252  8.788E-04+-4.0E+01 Cf253 (n,F    )        1.350E+02+-1.4E+01
  Cf253 (n,na   ) Cm249  7.653E-06+-1.0E+02 Cf253 (n,2na  ) Cm248  1.701E-10+-2.0E+02 Cf253 (n,g    ) Cf254  1.631E+00+-2.1E+01 Cf253 (n,p    ) Bk253  1.011E-08+-5.0E+01
  Cf253 (n,a    ) Cm250  6.918E-06+-6.0E+01 Cf254 (n,2n   ) Cf253  1.487E-04+-4.0E+01 Cf254 (n,F    )        1.542E+00+-6.3E+01 Cf254 (n,na   ) Cm250  7.018E-11+-1.0E+02
  Cf254 (n,2na  ) Cm249  3.490E-10+-2.0E+02 Cf254 (n,g    ) Cf255  4.169E-01+-8.6E+00 Cf254 (n,p    ) Bk254  5.716E-10+-5.0E+01 Cf254 (n,a    ) Cm251  2.287E-05+-6.0E+01
  Es250 (n,2n   ) Es249  4.717E-04+-4.0E+01 Es250 (n,F    )        4.316E+01+-2.9E+02 Es250 (n,na   ) Bk246  5.781E-03+-1.0E+02 Es250 (n,2na  ) Bk245  1.433E-11+-2.0E+02
  Es250 (n,np   ) Cf249  1.494E-12+-1.0E+02 Es250 (n,g    ) Es251  1.840E+00+-8.0E+02 Es250 (n,p    ) Cf250  8.659E-07+-5.0E+01 Es250 (n,d    ) Cf249  3.110E-10+-1.0E+02
  Es250 (n,t    ) Cf248  1.933E-10+-6.0E+01 Es250 (n,a    ) Bk247  4.117E-03+-6.0E+01 Es251 (n,2n   ) Es250  2.806E-04+-7.2E+01 Es251 (n,2n   ) Es250m 1.692E-04+-7.2E+01
  Es251 (n,F    )        1.607E+00+-2.2E+02 Es251 (n,na   ) Bk247  8.150E-08+-1.0E+02 Es251 (n,2na  ) Bk246  1.951E-09+-2.0E+02 Es251 (n,np   ) Cf250  4.896E-12+-1.0E+02
  Es251 (n,g    ) Es252  6.621E+00+-4.1E+02 Es251 (n,p    ) Cf251  1.063E-07+-5.0E+01 Es251 (n,d    ) Cf250  1.821E-10+-1.0E+02 Es251 (n,t    ) Cf249  4.234E-12+-6.0E+01
  Es251 (n,a    ) Bk248  3.373E-04+-8.5E+01 Es251 (n,a    ) Bk248m 1.515E-04+-8.5E+01 Es252 (n,2n   ) Es251  2.801E-03+-4.0E+01 Es252 (n,F    )        4.467E+01+-3.8E+02
  Es252 (n,na   ) Bk248  2.700E-04+-1.2E+02 Es252 (n,na   ) Bk248m 1.213E-04+-1.2E+02 Es252 (n,2na  ) Bk247  4.883E-10+-2.0E+02 Es252 (n,3na  ) Bk246  1.136E-11+-2.0E+02
  Es252 (n,g    ) Es253  5.563E+00+-4.8E+02 Es252 (n,p    ) Cf252  3.627E-07+-5.0E+01 Es252 (n,d    ) Cf251  7.414E-11+-1.0E+02 Es252 (n,t    ) Cf250  2.359E-10+-6.0E+01
  Es252 (n,a    ) Bk249  2.935E-05+-6.0E+01 Es253 (n,2n   ) Es252  4.962E-04+-4.0E+01 Es253 (n,F    )        4.612E+01+-3.8E+02 Es253 (n,na   ) Bk249  6.372E-07+-1.0E+02
  Es253 (n,2na  ) Bk248  7.506E-08+-2.1E+02 Es253 (n,2na  ) Bk248m 3.383E-08+-2.1E+02 Es253 (n,g    ) Es254  6.044E+00+-6.0E+01 Es253 (n,g    ) Es254m 1.855E+02+-8.6E+02
  Es253 (n,p    ) Cf253  4.259E-08+-5.0E+01 Es253 (n,d    ) Cf252  4.349E-11+-1.0E+02 Es253 (n,t    ) Cf251  5.547E-12+-6.0E+01 Es253 (n,a    ) Bk250  1.515E-04+-6.0E+01
  Es254 (n,n    ) Es254m 5.452E-02+-1.0E+02 Es254 (n,2n   ) Es253  2.809E-04+-4.0E+01 Es254 (n,F    )        1.553E+02+-1.9E+01 Es254 (n,na   ) Bk250  1.467E-07+-1.0E+02
  Es254 (n,2na  ) Bk249  5.974E-10+-2.0E+02 Es254 (n,3na  ) Bk248  3.263E-12+-2.1E+02 Es254 (n,3na  ) Bk248m 4.451E-11+-2.1E+02 Es254 (n,g    ) Es255  1.302E+00+-2.7E+01
  Es254 (n,p    ) Cf254  1.716E-07+-5.0E+01 Es254 (n,d    ) Cf253  2.129E-11+-1.0E+02 Es254 (n,t    ) Cf252  1.452E-10+-6.0E+01 Es254 (n,a    ) Bk251  5.777E-06+-6.0E+01
  Es254m(n,n    ) Es254  9.617E-03+-1.0E+02 Es254m(n,2n   ) Es253  6.514E-04+-4.0E+01 Es254m(n,F    )        1.516E+02+-1.8E+01 Es254m(n,g    ) Es255  1.559E+02+-1.1E+01
  Es254m(n,p    ) Cf254  1.845E-07+-5.0E+01 Es254m(n,a    ) Bk251  4.345E-06+-6.0E+01 Es255 (n,2n   ) Es254  2.354E-04+-7.2E+01 Es255 (n,2n   ) Es254m 1.083E-04+-7.2E+01
  Es255 (n,F    )        4.069E+00+-6.0E+01 Es255 (n,na   ) Bk251  6.199E-10+-1.0E+02 Es255 (n,2na  ) Bk250  1.165E-11+-2.0E+02 Es255 (n,g    ) Es256  6.977E+01+-7.8E+01
  Es255 (n,g    ) Es256m 1.135E+00+-7.8E+01 Es255 (n,p    ) Cf255  2.474E-08+-5.0E+01 Es255 (n,d    ) Cf254  4.085E-11+-1.0E+02 Es255 (n,t    ) Cf253  3.793E-12+-6.0E+01
  Es255 (n,a    ) Bk252  4.768E-02+-6.0E+01 Es256m(n,2n   ) Es255  1.008E-04+-4.0E+01 Es256m(n,F    )        5.772E+01+-3.5E+02 Es256m(n,na   ) Bk252  1.054E-08+-1.0E+02
  Es256m(n,3na  ) Bk250  6.107E-12+-2.0E+02 Es256m(n,g    ) Es257  1.053E+00+-9.0E+02 Es256m(n,d    ) Cf255  3.309E-10+-1.0E+02 Es256m(n,t    ) Cf254  4.484E-09+-6.0E+01
  Es256m(n,a    ) Bk253  1.949E-01+-6.0E+01 Es257 (n,2n   ) Es256  3.134E-06+-7.2E+01 Es257 (n,2n   ) Es256m 1.219E-06+-7.2E+01 Es257 (n,F    )        6.410E+01+-1.0E+02
  Es257 (n,na   ) Bk253  3.548E-10+-1.0E+02 Es257 (n,a    ) Bk254  3.166E-02+-6.0E+01 Fm252 (n,2n   ) Fm251  6.384E-04+-4.0E+01 Fm252 (n,F    )        2.118E-01+-1.9E+02
  Fm252 (n,na   ) Cf248  2.717E-02+-1.0E+02 Fm252 (n,2na  ) Cf247  2.943E-08+-2.0E+02 Fm252 (n,n2a  ) Cm244  1.265E-11+-2.0E+02 Fm252 (n,g    ) Fm253  2.954E+00+-2.3E+02
  Fm252 (n,p    ) Es252  3.784E-08+-5.0E+01 Fm252 (n,d    ) Es251  7.161E-12+-1.0E+02 Fm252 (n,a    ) Cf249  2.903E-04+-6.0E+01 Fm252 (n,2a   ) Cm245  7.461E-12+-2.0E+02
  Fm252 (n,pa   ) Bk248  2.478E-11+-2.1E+02 Fm252 (n,pa   ) Bk248m 1.113E-11+-2.1E+02 Fm253 (n,2n   ) Fm252  5.919E-03+-4.0E+01 Fm253 (n,F    )        3.953E+01+-3.9E+02
  Fm253 (n,na   ) Cf249  7.958E-04+-1.0E+02 Fm253 (n,2na  ) Cf248  7.246E-05+-2.0E+02 Fm253 (n,g    ) Fm254  1.117E+01+-2.6E+02 Fm253 (n,p    ) Es253  1.078E-07+-5.0E+01
  Fm253 (n,d    ) Es252  1.717E-12+-1.0E+02 Fm253 (n,t    ) Es251  3.992E-12+-6.0E+01 Fm253 (n,a    ) Cf250  1.009E-04+-6.0E+01 Fm253 (n,2a   ) Cm246  2.418E-11+-2.0E+02
  Fm255 (n,2n   ) Fm254  3.130E-03+-4.0E+01 Fm255 (n,F    )        3.122E+02+-2.4E+01 Fm255 (n,na   ) Cf251  1.989E-03+-1.0E+02 Fm255 (n,2na  ) Cf250  1.723E-07+-2.0E+02
  Fm255 (n,g    ) Fm256  2.261E+00+-9.9E+00 Fm255 (n,p    ) Es255  4.419E-08+-5.0E+01 Fm255 (n,t    ) Es253  3.367E-12+-6.0E+01 Fm255 (n,a    ) Cf252  7.221E-05+-6.0E+01
  Fm255 (n,2a   ) Cm248  2.902E-10+-2.0E+02 Fm257 (n,2n   ) Fm256  1.174E-03+-4.0E+01 Fm257 (n,F    )        2.549E+02+-2.4E+01 Fm257 (n,na   ) Cf253  3.136E-05+-1.0E+02
  Fm257 (n,2na  ) Cf252  3.331E-10+-2.0E+02 Fm257 (n,g    ) Fm258  1.117E+01+-2.6E+02 Fm257 (n,p    ) Es257  2.178E-08+-5.0E+01 Fm257 (n,t    ) Es255  1.131E-12+-6.0E+01
  Fm257 (n,a    ) Cf254  2.287E-02+-6.0E+01

1                                                  B R E M S S T R A H L U N G    C A N D I D A T E S  
0 NUCLIDE       AV BETA (MeV)  AV GAMMA (MeV)    NUCLIDE       AV BETA (MeV)  AV GAMMA (MeV)    NUCLIDE       AV BETA (MeV)  AV GAMMA (MeV)
0  HALF LIFE < 1 DAY
   He   6       1.5613E+00     5.6441E-03         Li   8       6.2046E+00     3.2983E-02         Li   9       5.6963E+00     2.9896E-02
   Be  11       4.6473E+00     1.4188E+00         Be  12       5.6150E+00     0.0000E+00         B   12       6.3084E+00     9.0564E-02
   B   13       6.2783E+00     3.1353E-01         B   14       7.0847E+00     5.9363E+00         N   12       7.7285E+00     1.1906E+00
   N   17       1.6978E+00     4.4508E-02         O   19       1.7096E+00     1.0046E+00         O   20       1.1974E+00     1.0574E+00
   F   20       2.4673E+00     1.6447E+00         F   21       2.3418E+00     5.5687E-01         F   23       2.9705E+00     2.2819E+00
   F   24       6.1010E+00     1.9815E+00         Ne  18       1.4992E+00     1.1050E+00         Ne  23       1.8901E+00     1.7279E-01
   Ne  24       8.0200E-01     5.4200E-01         Ne  25       3.5000E+00     3.2400E-01         Na  20       4.7600E+00     2.3510E+00
   Na  21       1.1009E+00     1.0371E+00         Na  25       1.4965E+00     4.3690E-01         Na  26       3.3295E+00     2.1803E+00
   Na  27       3.6155E+00     1.1663E+00         Na  28       6.1289E+00     1.1386E+00         Mg  21       4.7000E+00     1.5100E+00
   Mg  23       1.3364E+00     1.0573E+00         Mg  29       2.6340E+00     1.8582E+00         Al  25       1.4536E+00     1.0343E+00
   Al  26m      1.4337E+00     1.0261E+00         Al  31       3.3815E+00     7.1306E-01         Al  32       5.8938E+00     5.4606E-01
   Si  25       2.3300E+00     1.0200E+00         Si  26       1.6200E+00     1.2550E+00         Si  27       1.7154E+00     1.0265E+00
   Si  31       5.9374E-01     2.1724E-03         Si  36       3.0680E+00     1.6714E+00         P   30       1.4354E+00     1.0221E+00
   P   34       2.2845E+00     3.4748E-01         P   38       4.2900E+00     2.7779E+00         S   30       2.0836E+00     1.6080E+00
   S   31       1.9961E+00     1.0381E+00         S   39       2.2556E+00     1.7831E+00         Cl  33       2.0822E+00     1.0480E+00
   Cl  34       2.0438E+00     1.0292E+00         Cl  38       1.5230E+00     1.4937E+00         Ar  33       3.8000E+00     1.3830E+00
   Ar  34       2.2888E+00     1.1050E+00         Ar  35       2.2655E+00     1.0495E+00         K   37       2.3474E+00     1.0722E+00
   K   38m      2.3124E+00     1.0306E+00         K   42       1.4208E+00     2.7599E-01         Ca  37       3.2700E+00     1.1400E+00
   Ca  38       2.4332E+00     1.3745E+00         Ca  39       2.5614E+00     1.0221E+00         Sc  41       2.5413E+00     1.0220E+00
   Sc  42       2.5077E+00     1.0211E+00         Sc  49       8.1988E-01     3.3403E-03         Ti  41       3.4300E+00     1.0960E+00
   Ti  42       2.6373E+00     1.3846E+00         Ti  43       2.6368E+00     1.2021E+00         Ti  51       8.6893E-01     3.6455E-01
   Ti  52       7.5460E-01     1.2842E-01         V   45       2.8536E+00     1.0224E+00         V   46       2.8143E+00     1.0216E+00
   V   55       2.3824E+00     6.8919E-01         Cr  46       3.0890E+00     1.0220E+00         Cr  47       3.0124E+00     1.0252E+00
   Cr  55       1.0965E+00     4.2428E-03         Cr  56       6.0666E-01     9.1689E-02         Cr  57       1.9493E+00     4.6221E-01
   Mn  49       3.1049E+00     1.0944E+00         Mn  50       3.1001E+00     1.0210E+00         Mn  57       1.1043E+00     9.9629E-02
   Mn  58m      2.8284E+00     1.2007E-01         Mn  59       2.0598E+00     5.3788E-01         Mn  60       3.8400E+00     0.0000E+00
   Mn  60m      2.7200E+00     2.6900E+00         Mn  61       3.2557E+00     1.3029E-01         Mn  62       3.8030E+00     2.1475E+00
   Fe  51       3.2701E+00     1.0623E+00         Fe  62       8.2400E-01     5.0610E-01         Fe  63       2.6043E+00     3.1773E-01
   Fe  64       2.1054E+00     1.5540E-02         Co  53       3.3974E+00     1.0964E+00         Co  54       3.3992E+00     1.0210E+00
   Co  61       4.6636E-01     9.6966E-02         Co  62       1.6397E+00     1.6003E+00         Co  63       1.5683E+00     1.4408E-01
   Co  64       3.2887E+00     1.8116E-01         Co  65       2.6649E+00     1.1473E-01         Co  66       3.3560E+00     2.7543E+00
   Co  67       2.7541E+00     6.9410E-01         Co  68       3.8388E+00     3.4444E+00         Ni  53       1.6600E+00     4.5990E-01
   Ni  55       3.5994E+00     1.0169E+00         Ni  65       6.2970E-01     5.4993E-01         Ni  67       1.5232E+00     5.0251E-02
   Cu  57       3.6001E+00     1.1398E+00         Cu  58       3.2955E+00     1.5414E+00         Cu  59       1.4883E+00     1.4436E+00
   Cu  62       1.2829E+00     1.0117E+00         Cu  66       1.0706E+00     8.1860E-02         Cu  68       1.4815E+00     1.0209E+00
   Cu  69       8.8652E-01     5.2500E-01         Cu  71       1.4580E+00     1.2443E+00         Cu  72       3.1207E+00     1.4284E+00
   Zn  59       3.8015E+00     1.0565E+00         Zn  61       1.8553E+00     1.5249E+00         Zn  69       3.2290E-01     6.0048E-06
   Zn  71       1.0481E+00     3.1492E-01         Zn  73       1.8443E+00     1.0487E-01         Zn  74       8.0000E-01     3.0000E-01
   Zn  75       1.9398E+00     1.7133E+00         Zn  76       1.5858E+00     5.2295E-01         Ga  63       1.8899E+00     1.3729E+00
   Ga  70       6.4049E-01     9.1838E-03         Ga  73       4.4666E-01     3.4096E-01         Ga  75       1.3852E+00     6.7089E-02
   Ga  77       2.1117E+00     4.5702E-01         Ga  78       2.6036E+00     2.5000E+00         Ga  79       2.2300E+00     1.8400E+00
   Ge  65       2.1178E+00     1.7541E+00         Ge  75       4.1978E-01     3.4729E-02         Ge  77m      9.6595E-01     7.4015E-02
   Ge  79       1.7140E+00     2.5965E-01         Ge  79m      1.2915E+00     1.1961E+00         Ge  80       9.4923E-01     3.4275E-01
   Ge  81m      2.4754E+00     1.4953E+00         As  67       2.0683E+00     1.4638E+00         As  69       1.2191E+00     1.1347E+00
   As  79       8.3924E-01     3.3780E-02         As  80       2.1477E+00     5.8213E-01         As  81       1.5753E+00     2.3027E-01
   As  82       3.1972E+00     3.0777E-01         Se  69       2.3036E+00     1.8651E+00         Se  81       6.0906E-01     8.5462E-03
   Se  83m      1.2726E+00     9.7149E-01         Se  84       5.4037E-01     4.0820E-01         Br  71       1.5000E+00     7.6000E-01
   Br  80       7.2404E-01     7.7004E-02         Br  83       3.2524E-01     6.8744E-03         Br  85       1.0413E+00     6.1313E-02
   Kr  72       1.5300E+00     1.2900E+00         Kr  73       2.6187E+00     1.4784E+00         Kr  75       1.5754E+00     1.2808E+00
   Kr  85m      2.5423E-01     1.5740E-01         Kr  87       1.3311E+00     7.8788E-01         Kr  90       1.2950E+00     1.2370E+00
   Rb  77       1.6871E+00     1.5163E+00         Rb  80       2.0335E+00     1.1838E+00         Rb  82       1.4116E+00     1.1083E+00
   Rb  88       2.0570E+00     6.6716E-01         Rb  92       2.8748E+00     1.7497E+00         Rb  94       3.1015E+00     2.7474E+00
   Sr  79       1.8949E+00     1.2018E+00         Sr  95       1.9013E+00     1.7897E+00         Sr  96       1.9722E+00     9.2491E-01
   Y   81       1.9782E+00     1.1767E+00         Y   82       3.1000E+00     1.2600E+00         Y   83m      1.3500E+00     1.1700E+00
   Y   84       2.3569E+00     1.2792E+00         Y   92       1.4370E+00     2.5160E-01         Y   93       1.1723E+00     9.5184E-02
   Y   94       1.8143E+00     7.6423E-01         Y   95       1.4365E+00     1.0919E+00         Y   96       3.2047E+00     8.0090E-02
   Y   97       2.1350E+00     1.8460E+00         Y   97m      2.3175E+00     2.1106E+00         Y   98       2.7799E+00     2.6134E+00
   Zr  83       2.1006E+00     1.1875E+00         Zr  84       9.3332E-01     9.3000E-01         Zr  97       7.0229E-01     1.5910E-01
   Zr  98       9.1000E-01     0.0000E+00         Zr  99       1.5390E+00     8.4141E-01         Nb  87       1.7740E+00     1.2204E+00
   Nb  98       1.9652E+00     3.2453E-01         Nb  99       1.5138E+00     1.7434E-01         Nb  99m      1.4155E+00     6.5041E-01
   Nb 100       2.4931E+00     7.0820E-01         Nb 101       1.8633E+00     2.4457E-01         Nb 102m      2.2756E+00     2.0935E+00
   Nb 103       2.0970E+00     7.6600E-01         Mo  88       1.2000E+00     3.0570E-01         Mo  89       1.9552E+00     1.2262E+00
   Mo  91       1.4513E+00     9.7762E-01         Mo 102       3.4909E-01     1.8452E-02         Mo 103       1.3163E+00     6.3620E-01
   Mo 104       8.8000E-01     1.7600E-01         Mo 105       1.9220E+00     5.5149E-01         Tc  90       3.3484E+00     1.7514E+00
   Tc  91m      1.9800E+00     1.4800E+00         Tc 100       1.3148E+00     8.2720E-02         Tc 101       4.7858E-01     3.3593E-01
   Tc 102       1.9450E+00     8.0762E-02         Tc 103       9.7941E-01     2.4836E-01         Tc 105       1.3096E+00     6.6842E-01
   Tc 107       2.0557E+00     5.1478E-01         Tc 108       2.2600E+00     1.4900E+00         Ru  93       2.3399E+00     1.1312E+00
   Ru 107       1.0839E+00     3.4531E-01         Ru 108       4.6688E-01     4.6186E-02         Ru 110       1.1572E+00     3.4716E-02
   Rh 104       9.8050E-01     1.5022E-02         Rh 106       1.4114E+00     2.0429E-01         Rh 107       4.3209E-01     3.1185E-01
   Rh 108       1.8535E+00     3.1709E-01         Rh 109       9.4774E-01     2.9784E-01         Rh 110m      2.2662E+00     3.3596E-01
   Rh 111       1.3894E+00     3.5705E-01         Rh 112       2.8730E+00     1.9235E-01         Rh 114       1.9573E+00     4.0679E-01
   Pd 109       3.6079E-01     6.4453E-04         Pd 111       8.3187E-01     4.6250E-02         Pd 113       1.3302E+00     1.2755E-01
   Pd 114       5.3292E-01     2.5897E-02         Pd 116       1.0034E+00     1.5711E-01         Pd 118       1.5798E+00     4.2171E-01
   Ag 108       6.0553E-01     2.2825E-02         Ag 110       1.1812E+00     3.1338E-02         Ag 112       1.4192E+00     6.8362E-01
   Ag 113       7.6131E-01     7.1537E-02         Ag 113m      2.2114E-01     2.1231E-01         Ag 114       2.1500E+00     2.5807E-01
   Ag 115       1.0821E+00     4.4951E-01         Ag 115m      8.4405E-01     4.5499E-01         Ag 117       1.3066E+00     1.0924E+00
   Ag 117m      1.5034E+00     6.4452E-01         Ag 118       2.5080E+00     8.9272E-01         Ag 119       1.7706E+00     1.3367E+00
   Ag 120       2.2838E+00     1.0766E+00         Ag 121       2.3007E+00     1.1669E+00         Ag 122       3.5667E+00     1.0807E+00
   Cd 118       1.6100E-01     0.0000E+00         Cd 120       6.7700E-01     0.0000E+00         Cd 122       1.2470E+00     0.0000E+00
   Cd 124       2.0474E+00     1.1978E-01         Cd 125       2.2166E+00     1.8603E+00         In 114       7.6923E-01     4.3697E-03
   In 115m      1.7337E-01     1.6262E-01         In 116       1.3566E+00     5.2650E-03         In 117m      4.3358E-01     9.0932E-02
   In 118       1.8794E+00     7.7824E-02         In 119m      1.0496E+00     1.0958E-02         In 120       2.2439E+00     2.5656E-01
   In 121       9.8670E-01     9.2289E-01         In 121m      1.5165E+00     6.3291E-02         In 122       2.5346E+00     6.3107E-01
   In 123       1.4060E+00     1.0463E+00         In 123m      2.0317E+00     6.2500E-02         In 125       1.8095E+00     1.2025E+00
   In 125m      2.4193E+00     1.6809E-01         In 127       2.4185E+00     1.1358E+00         In 127m      2.7420E+00     5.0120E-01
   Sn 123m      4.7846E-01     1.4066E-01         Sn 125m      8.0628E-01     3.4603E-01         Sn 127m      1.0008E+00     5.6840E-01
   Sn 130m      1.3885E+00     8.1303E-01         Sb 118       8.7311E-01     8.0408E-01         Te 127       2.2440E-01     4.8472E-03
   Te 129       5.4283E-01     6.2372E-02         Te 131       7.3686E-01     4.4565E-01         Te 135       2.4420E+00     3.8439E-01
   I  116       3.0200E+00     1.0552E+00         I  118       2.1068E+00     1.9608E+00         I  122       1.1066E+00     9.6159E-01
   I  128       7.4012E-01     8.6093E-02         I  130m      1.9023E-01     1.1903E-01         I  137       1.8618E+00     1.2196E+00
   Xe 118       1.0667E+00     5.7000E-01         Xe 119       1.6633E+00     1.3100E+00         Xe 135       3.1498E-01     2.4823E-01
   Xe 137       1.6953E+00     1.9045E-01         Xe 139       1.8068E+00     9.6862E-01         Cs 122       2.5183E+00     1.2978E+00
   Cs 124       1.9163E+00     1.1137E+00         Cs 126       1.3177E+00     1.1404E+00         Cs 139       1.6707E+00     3.0500E-01
   Cs 140       1.9636E+00     1.6754E+00         Ba 123       1.8333E+00     3.8100E-01         Ba 125       1.5266E+00     3.1600E-01
   Ba 139       8.9282E-01     4.4007E-02         Ba 141       9.4573E-01     8.7123E-01         Ba 143       1.2410E+00     1.1121E+00
   La 134       7.5801E-01     7.1609E-01         La 141       9.6252E-01     2.6780E-02         La 143       1.2354E+00     4.3940E-01
   La 146       2.3452E+00     1.1947E+00         La 146m      2.1740E+00     1.3238E+00         La 147       2.0586E+00     1.8373E-01
   Ce 131m      1.3403E+00     1.8422E-01         Ce 145       7.6258E-01     6.0103E-01         Ce 147       1.2820E+00     1.7416E-01
   Ce 148       6.3000E-01     3.0300E-01         Ce 149       1.8182E+00     8.4561E-02         Pr 138       1.1610E+00     8.1500E-01
   Pr 140       5.4654E-01     5.4251E-01         Pr 142       8.0931E-01     5.8105E-02         Pr 144       1.2006E+00     3.3763E-02
   Pr 145       6.5734E-01     1.8575E-02         Pr 146       1.3169E+00     9.8741E-01         Pr 150       2.2302E+00     5.5420E-01
   Pr 151       1.4730E+00     6.5500E-01         Nd 139m      1.1300E+01     1.5800E+00         Nd 149       5.0209E-01     3.7004E-01
   Nd 152       3.3006E-01     1.6423E-01         Nd 153       1.1533E+00     5.0860E-01         Nd 154       8.9751E-01     4.5896E-01
   Pm 138       2.6300E+00     9.5754E-01         Pm 139       1.0697E+00     9.3996E-01         Pm 140       2.0343E+00     9.8369E-01
   Pm 142       1.3678E+00     8.6901E-01         Pm 152       1.3036E+00     3.4540E-01         Pm 153       6.6260E-01     1.2250E-01
   Pm 155       1.0611E+00     5.6166E-01         Pm 157       1.5398E+00     8.4900E-01         Sm 136       1.0124E+00     9.1169E-01
   Sm 155       5.6821E-01     1.0257E-01         Sm 156       2.0431E-01     1.1417E-01         Sm 158       4.7943E-01     3.3000E-01
   Sm 159       1.4062E+00     4.3060E-01         Eu 139       2.2000E+00     1.6200E+00         Eu 140       3.1563E+00     1.2617E+00
   Eu 141       1.8605E+00     1.0590E+00         Eu 141m      1.3020E+00     6.2000E-01         Eu 142       2.7537E+00     1.1965E+00
   Eu 143       1.2951E+00     1.0997E+00         Eu 144       2.0571E+00     1.0896E+00         Eu 150m      3.0729E-01     5.0219E-02
   Eu 152m      5.0195E-01     3.1109E-01         Eu 157       3.9277E-01     2.8988E-01         Eu 159       9.0013E-01     2.8748E-01
   Gd 141       2.3651E+00     1.3138E+00         Gd 143       1.8125E+00     1.2209E+00         Gd 159       3.0859E-01     5.6693E-02
   Gd 161       5.8610E-01     3.9269E-01         Gd 163       1.0643E+00     4.9040E-01         Tb 146       2.9943E+00     1.3658E+00
   Tb 165       9.1156E-01     6.4184E-01         Dy 147m      2.5560E+00     1.1660E+00         Dy 165       4.4796E-01     2.6281E-02
   Dy 167       7.0627E-01     5.2371E-01         Ho 164       1.8426E-01     2.8158E-02         Ho 169       6.0300E-01     4.8100E-01
   Ho 170m      1.3653E+00     6.7936E-01         Er 171       4.1642E-01     3.7258E-01         Tm 158       1.5569E+00     1.5551E+00
   Tm 160       1.8666E+00     1.1100E+00         Tm 161       1.0343E+00     8.9916E-01         Yb 159       1.5333E+00     4.7100E-01
   Yb 161       1.4266E+00     9.4000E-01         Yb 177       4.2600E-01     1.9913E-01         Yb 177m      1.7821E-01     1.5004E-01
   Lu 162       2.3633E+00     1.3800E+00         Lu 167       1.0233E+00     9.2400E-01         Lu 176m      4.6625E-01     1.4229E-02
   Lu 178       7.5548E-01     1.2319E-01         Lu 179       4.8622E-01     2.9424E-02         Lu 183       1.1227E+00     6.5139E-01
   Hf 165       1.5766E+00     3.9120E-01         Hf 171       1.3400E+00     7.9999E-01         Hf 184       4.6267E-01     2.3651E-01
   Ta 170       1.5979E+00     1.0561E+00         Ta 185       7.3407E-01     1.3739E-01         W  179m      1.5800E-01     2.0900E-02
   W  183m      1.8398E-01     1.2539E-01         W  185m      1.7199E-01     2.5739E-02         W  190       4.6693E-01     1.4982E-01
   Re 174       2.1666E+00     5.0000E-01         Re 176       1.0883E+00     1.0510E+00         Re 188       7.8020E-01     5.7881E-02
   Re 191       7.2698E-01     2.2291E-03         Re 192       1.6379E+00     1.5906E-01         Os 195       7.1526E-01     1.4223E-01
   Os 196       3.7256E-01     7.7033E-02         Ir 178       2.4333E+00     1.3800E+00         Ir 180       2.1333E+00     1.6400E+00
   Ir 194       8.1031E-01     9.0990E-02         Ir 195       3.7835E-01     5.8389E-02         Ir 196       1.1681E+00     2.2721E-01
   Ir 197       7.3337E-01     2.2379E-01         Ir 197m      6.8001E-01     2.0424E-03         Ir 198       1.3333E+00     8.2000E-01
   Pt 197       2.5443E-01     2.4381E-02         Pt 197m      3.1694E-01     7.6078E-02         Pt 199       5.4950E-01     1.9941E-01
   Pt 200       2.2662E-01     5.9603E-02         Au 187       2.9900E+00     1.5768E+00         Au 189m      1.0324E+00     2.0770E-01
   Au 192n      1.6147E-01     1.3469E-01         Au 196n      2.7292E-01     2.3547E-01         Au 200       7.4268E-01     2.7326E-01
   Au 201       4.2406E-01     3.4192E-02         Au 202       1.1795E+00     1.6970E-01         Au 203       7.6693E-01     6.9000E-02
   Hg 191       1.0600E+00     4.3796E-01         Hg 197m      2.0056E-01     7.7979E-02         Hg 199m      3.4770E-01     1.8456E-01
   Hg 205       5.3624E-01     6.8864E-03         Hg 206       4.3068E-01     1.0198E-01         Tl 206       5.3609E-01     2.5705E-03
   Tl 207       4.9135E-01     3.3412E-03         Pb 199m      2.7900E-01     1.4830E-01         Pb 209       1.9734E-01     0.0000E+00
   Pb 211       4.4907E-01     6.8454E-02         Pb 212       1.6875E-01     1.4475E-01         Pb 214       2.9250E-01     2.3720E-01
   Bi 198m      2.1603E+00     1.8980E+00         Bi 199       1.4400E+00     1.2220E+00         Bi 212       5.0258E-01     1.0726E-01
   Bi 212n      1.2569E+00     5.0613E-03         Bi 213       4.4436E-01     1.2920E-01         At 220       1.1827E+00     3.7239E-01
   Rn 221       2.7753E-01     1.1705E-01         Rn 223       6.2491E-01     3.3014E-01         Fr 222       7.1523E-01     1.7717E-01
   Fr 223       3.7910E-01     5.8986E-02         Fr 224       8.7692E-01     5.3528E-01         Fr 226       1.2210E+00     4.3612E-01
   Fr 227       7.6676E-01     4.3494E-01         Fr 228       1.4369E+00     6.6641E-01         Ra 227       4.1435E-01     1.6233E-01
   Ra 229       6.1342E-01     0.0000E+00         Ac 230       9.0980E-01     5.0110E-01         Ac 231       6.2886E-01     4.1681E-01
   Ac 233       9.2070E-01     4.9861E-01         Th 233       4.1218E-01     3.7495E-02         Pa 234m      8.1650E-01     1.9739E-02
   Pa 235       4.6414E-01     9.8675E-03         Pa 236       8.6425E-01     8.0565E-01         U  239       4.0991E-01     5.1571E-02
   U  240       1.4543E-01     9.2581E-03         Np 240m      6.8296E-01     3.3680E-01         Np 241       4.3722E-01     3.6085E-02
   Np 242       8.8866E-01     2.4323E-01         Pu 243       1.7365E-01     2.5083E-02         Am 242       1.8268E-01     1.6699E-02
   Am 244m      5.0389E-01     1.2440E-02         Am 245       2.8473E-01     2.7744E-02         Am 247       5.6910E-01     1.2890E-01
   Cm 249       2.8372E-01     1.9675E-02         Cm 251       4.5083E-01     1.1000E-01         Bk 248m      1.7792E-01     5.1908E-02
   Cf 247       4.2000E+00     2.7000E+00         Es 256       6.9910E-01     5.5633E-01         Es 256m      4.2346E-01     4.2727E-02
0  HALF LIFE < 30 DAYS
   P   32       6.9292E-01     1.7104E-03         Sc  47       1.6257E-01     1.0839E-01         Cu  67       1.5567E-01     1.1541E-01
   As  76       1.0638E+00     4.1975E-01         As  77       2.2547E-01     8.3132E-03         Rb  86       6.5618E-01     9.3783E-02
   Y   90       9.3062E-01     2.8724E-03         Nb  95m      1.7866E-01     7.0692E-02         Mo  99       3.9373E-01     1.4837E-01
   Rh 105       1.5348E-01     7.7271E-02         Ag 111       3.5091E-01     2.6484E-02         Cd 115       3.1732E-01     1.9290E-01
   Sn 125       8.0335E-01     3.3355E-01         Sb 122       5.6260E-01     4.4290E-01         Xe 129m      1.8389E-01     5.1916E-02
   Xe 133m      1.8945E-01     4.1605E-02         Ba 133m      2.2161E-01     6.6909E-02         Ba 135m      2.0590E-01     6.1082E-02
   Ba 140       3.1060E-01     1.8015E-01         Ce 137m      2.0274E-01     5.5436E-02         Ce 143       4.3059E-01     2.7906E-01
   Pr 143       3.1460E-01     8.9038E-09         Nd 147       2.6903E-01     1.3762E-01         Pm 148       7.2630E-01     5.7649E-01
   Pm 149       3.6613E-01     1.1857E-02         Sm 153       2.6747E-01     6.2329E-02         Tb 161       2.0074E-01     3.3761E-02
   Dy 166       1.5786E-01     4.1869E-02         Ho 166       6.9475E-01     3.0211E-02         Tm 172       5.2771E-01     4.8050E-01
   Lu 177       1.4734E-01     3.3432E-02         Ta 183       3.4936E-01     2.8663E-01         Re 186       3.3733E-01     2.0885E-02
   Re 189       3.3098E-01     5.5547E-02         Os 193       3.7955E-01     6.7060E-02         Pt 195m      1.6900E-01     7.6000E-02
   Pt 202       6.5892E-01     1.9270E-03         Au 199       1.4508E-01     9.6067E-02         Bi 210       3.8768E-01     6.7673E-04
   Ac 226       3.2848E-01     2.1279E-01         Th 231       1.6494E-01     2.5815E-02         U  237       1.9968E-01     1.4338E-01
   Np 239       2.6284E-01     1.8219E-01                                                                                              
0  HALF LIFE < 1 YEAR
   Sr  89       5.8462E-01     8.6908E-05         Y   91       6.0594E-01     3.1330E-03         Cd 115m      6.0248E-01     3.3627E-02
   Sn 123       5.2277E-01     6.8921E-03         Te 129m      2.6299E-01     3.7655E-02         Ce 141       1.6840E-01     7.6511E-02
   Tm 170       3.2754E-01     4.1485E-03         Es 254       1.7167E+00     1.5216E+00                                               
0  HALF LIFE < 100 YEARS
   Ar  42       2.3282E-01     0.0000E+00         Kr  85       2.2812E-01     2.2362E-03         Sr  90       1.7400E-01     0.0000E+00
   Cd 113m      1.8449E-01     7.0235E-05         Cs 137       1.8787E-01     1.6443E-06         Tl 204       2.3690E-01     1.2780E-03
0  HALF LIFE > 100 YEARS
   Be  10       2.5221E-01     0.0000E+00         Cl  36       2.7314E-01     1.8332E-05         Ar  39       2.1865E-01     0.0000E+00
   K   40       4.5336E-01     1.5576E-01         Ca  48       2.1839E+00     4.7000E-02         Cr  50       1.1672E+00     0.0000E+00
   Ni  58       1.9257E+00     0.0000E+00         Zn  64       1.0957E+00     0.0000E+00         Ge  76       2.0391E+00     0.0000E+00
   Se  82       2.9950E+00     0.0000E+00         Kr  78       2.8464E+00     0.0000E+00         Zr  94       1.1436E+00     0.0000E+00
   Zr  96       3.3503E+00     0.0000E+00         Mo  92       1.6489E+00     0.0000E+00         Mo 100       3.0340E+00     0.0000E+00
   Ru  96       2.7185E+00     0.0000E+00         Pd 110       2.0000E+00     0.0000E+00         Cd 106       2.7700E+00     0.0000E+00
   Cd 108       2.7200E-01     0.0000E+00         Cd 114       5.3600E-01     0.0000E+00         Cd 116       2.8040E+00     0.0000E+00
   In 115       1.5200E-01     0.0000E+00         Sn 124       2.2875E+00     0.0000E+00         Te 128       8.6720E-01     0.0000E+00
   Te 130       2.5281E+00     0.0000E+00         Xe 124       2.8644E+00     0.0000E+00         Xe 134       8.3000E-01     0.0000E+00
   Xe 136       2.4670E+00     0.0000E+00         Ce 136       2.4189E+00     0.0000E+00         Ce 142       1.4171E+00     0.0000E+00
   Nd 148       1.9288E+00     0.0000E+00         Nd 150       3.3675E+00     0.0000E+00         Gd 160       1.7295E+00     0.0000E+00
   Dy 156       1.0061E+00     0.0000E+00         Er 162       9.2190E-01     0.0000E+00         Yb 168       7.1085E-01     0.0000E+00
   W  186       2.4500E-01     0.0000E+00         Os 184       7.2560E-01     0.0000E+00         Ir 192n      1.6504E-01     3.0859E-03
   Hg 196       8.2070E-01     0.0000E+00         Np 236       2.3960E-01     1.5299E-01         Cf 251       1.8168E-01     1.2026E-01
0  Nuclides are included in the above list if they satisfy the three criteria: (a) lambda > 0 , (b) Av beta > Av gamma and (c) Av beta > 0.145 MeV





1                                    N E U T R O N      S P E C T R U M


     Group    Upper         Lower         Flux          Group    Upper         Lower         Flux
     index    energy        energy                      index    energy        energy

        1  1.964030E+07  1.733250E+07  0.00000E+00        87  8.315290E+00  7.523980E+00  1.90880E-03
        2  1.733250E+07  1.491830E+07  0.00000E+00        88  7.523980E+00  6.160120E+00  2.66750E-03
        3  1.491830E+07  1.384030E+07  0.00000E+00        89  6.160120E+00  5.346430E+00  2.25750E-03
        4  1.384030E+07  1.161830E+07  0.00000E+00        90  5.346430E+00  5.043480E+00  9.29560E-04
        5  1.161830E+07  1.000000E+07  0.00000E+00        91  5.043480E+00  4.129250E+00  3.58010E-03
        6  1.000000E+07  8.187310E+06  1.20730E-03        92  4.129250E+00  4.000000E+00  5.80830E-04
        7  8.187310E+06  6.703200E+06  3.22700E-03        93  4.000000E+00  3.380750E+00  3.07200E-03
        8  6.703200E+06  6.065310E+06  3.33150E-03        94  3.380750E+00  3.300000E+00  4.41760E-04
        9  6.065310E+06  5.488120E+06  3.33150E-03        95  3.300000E+00  2.767920E+00  3.21300E-03
       10  5.488120E+06  4.493290E+06  1.07870E-02        96  2.767920E+00  2.720000E+00  2.73200E-04
       11  4.493290E+06  3.678790E+06  1.34860E-02        97  2.720000E+00  2.600000E+00  7.05790E-04
       12  3.678790E+06  3.011940E+06  1.74700E-02        98  2.600000E+00  2.550000E+00  3.03740E-04
       13  3.011940E+06  2.465970E+06  2.50400E-02        99  2.550000E+00  2.360000E+00  1.21120E-03
       14  2.465970E+06  2.231300E+06  1.25540E-02       100  2.360000E+00  2.130000E+00  2.01130E-03
       15  2.231300E+06  2.018970E+06  1.25530E-02       101  2.130000E+00  2.100000E+00  2.74060E-04
       16  2.018970E+06  1.652990E+06  2.16090E-02       102  2.100000E+00  2.020000E+00  7.50420E-04
       17  1.652990E+06  1.353350E+06  2.31970E-02       103  2.020000E+00  1.930000E+00  8.93560E-04
       18  1.353350E+06  1.224560E+06  1.02390E-02       104  1.930000E+00  1.840000E+00  9.47190E-04
       19  1.224560E+06  1.108030E+06  1.02390E-02       105  1.840000E+00  1.755000E+00  9.40480E-04
       20  1.108030E+06  1.002590E+06  9.74230E-03       106  1.755000E+00  1.670000E+00  9.90480E-04
       21  1.002590E+06  9.071800E+05  9.74260E-03       107  1.670000E+00  1.590000E+00  9.80360E-04
       22  9.071800E+05  8.208500E+05  1.22640E-02       108  1.590000E+00  1.500000E+00  1.16550E-03
       23  8.208500E+05  6.081010E+05  3.67920E-02       109  1.500000E+00  1.475000E+00  3.34480E-04
       24  6.081010E+05  5.502320E+05  8.59400E-03       110  1.475000E+00  1.444980E+00  4.09210E-04
       25  5.502320E+05  4.978710E+05  8.59380E-03       111  1.444980E+00  1.370000E+00  1.05830E-03
       26  4.978710E+05  4.504920E+05  8.59390E-03       112  1.370000E+00  1.337500E+00  4.69780E-04
       27  4.504920E+05  4.076220E+05  8.59390E-03       113  1.337500E+00  1.300000E+00  5.55020E-04
       28  4.076220E+05  3.019740E+05  2.38410E-02       114  1.300000E+00  1.235000E+00  9.84530E-04
       29  3.019740E+05  2.732370E+05  7.94690E-03       115  1.235000E+00  1.170000E+00  1.00460E-03
       30  2.732370E+05  2.472350E+05  6.46880E-03       116  1.170000E+00  1.150000E+00  2.85540E-04
       31  2.472350E+05  1.831560E+05  1.94060E-02       117  1.150000E+00  1.125350E+00  3.58830E-04
       32  1.831560E+05  1.227730E+05  2.12170E-02       118  1.125350E+00  1.110000E+00  2.27450E-04
       33  1.227730E+05  1.110900E+05  4.55790E-03       119  1.110000E+00  1.097000E+00  1.47770E-04
       34  1.110900E+05  8.229750E+04  1.36740E-02       120  1.097000E+00  1.071000E+00  3.00870E-04
       35  8.229750E+04  6.737950E+04  8.03700E-03       121  1.071000E+00  1.045000E+00  2.80300E-04
       36  6.737950E+04  5.516560E+04  8.03710E-03       122  1.045000E+00  1.035000E+00  1.09240E-04
       37  5.516560E+04  4.086770E+04  1.07890E-02       123  1.035000E+00  1.020000E+00  1.91380E-04
       38  4.086770E+04  3.697860E+04  3.59620E-03       124  1.020000E+00  9.960000E-01  3.12140E-04
       39  3.697860E+04  2.928300E+04  7.67040E-03       125  9.960000E-01  9.860000E-01  1.32320E-04
       40  2.928300E+04  2.739450E+04  2.19160E-03       126  9.860000E-01  9.720000E-01  2.41860E-04
       41  2.739450E+04  2.478750E+04  3.28730E-03       127  9.720000E-01  9.500000E-01  3.87190E-04
       42  2.478750E+04  1.661560E+04  1.23510E-02       128  9.500000E-01  9.300000E-01  3.59870E-04
       43  1.661560E+04  1.503440E+04  2.95190E-03       129  9.300000E-01  9.100000E-01  3.96690E-04
       44  1.503440E+04  1.113780E+04  8.85530E-03       130  9.100000E-01  8.600000E-01  1.03120E-03
       45  1.113780E+04  9.118820E+03  5.71840E-03       131  8.600000E-01  8.500000E-01  2.20490E-04
       46  9.118820E+03  7.465860E+03  5.71830E-03       132  8.500000E-01  7.900000E-01  1.38000E-03
       47  7.465860E+03  5.530840E+03  8.40800E-03       133  7.900000E-01  7.800000E-01  2.46130E-04
       48  5.530840E+03  5.004510E+03  2.80270E-03       134  7.800000E-01  7.050000E-01  1.95330E-03
       49  5.004510E+03  3.526620E+03  9.65030E-03       135  7.050000E-01  6.250000E-01  2.37890E-03
       50  3.526620E+03  3.354630E+03  1.37860E-03       136  6.250000E-01  5.400000E-01  2.94790E-03
       51  3.354630E+03  2.248670E+03  1.08970E-02       137  5.400000E-01  5.000000E-01  1.57130E-03
       52  2.248670E+03  2.034680E+03  2.69530E-03       138  5.000000E-01  4.850000E-01  6.21870E-04
       53  2.034680E+03  1.507330E+03  8.08590E-03       139  4.850000E-01  4.330000E-01  2.35090E-03
       54  1.507330E+03  1.433820E+03  1.32960E-03       140  4.330000E-01  4.000000E-01  1.65970E-03
       55  1.433820E+03  1.234100E+03  3.98900E-03       141  4.000000E-01  3.910000E-01  4.76440E-04
       56  1.234100E+03  1.010390E+03  5.31880E-03       142  3.910000E-01  3.500000E-01  2.31440E-03
       57  1.010390E+03  9.142420E+02  2.61340E-03       143  3.500000E-01  3.200000E-01  1.84310E-03
       58  9.142420E+02  7.485180E+02  5.22700E-03       144  3.200000E-01  3.145000E-01  3.56580E-04
       59  7.485180E+02  6.772870E+02  2.61350E-03       145  3.145000E-01  3.000000E-01  9.94210E-04
       60  6.772870E+02  4.539990E+02  1.03090E-02       146  3.000000E-01  2.800000E-01  1.48310E-03
       61  4.539990E+02  3.717030E+02  5.10240E-03       147  2.800000E-01  2.480000E-01  2.96460E-03
       62  3.717030E+02  3.043250E+02  5.10240E-03       148  2.480000E-01  2.200000E-01  3.53670E-03
       63  3.043250E+02  2.039950E+02  9.82780E-03       149  2.200000E-01  1.890000E-01  5.31730E-03
       64  2.039950E+02  1.486250E+02  7.72270E-03       150  1.890000E-01  1.800000E-01  1.97480E-03
       65  1.486250E+02  1.367420E+02  2.03220E-03       151  1.800000E-01  1.600000E-01  4.76720E-03
       66  1.367420E+02  9.166090E+01  9.36770E-03       152  1.600000E-01  1.400000E-01  5.93710E-03
       67  9.166090E+01  7.567360E+01  4.45760E-03       153  1.400000E-01  1.340000E-01  1.94760E-03
       68  7.567360E+01  6.790410E+01  2.51950E-03       154  1.340000E-01  1.150000E-01  7.03120E-03
       69  6.790410E+01  5.559510E+01  4.37450E-03       155  1.150000E-01  1.000000E-01  6.30690E-03
       70  5.559510E+01  5.157800E+01  1.70600E-03       156  1.000000E-01  9.500000E-02  2.31530E-03
       71  5.157800E+01  4.825160E+01  1.51640E-03       157  9.500000E-02  8.000000E-02  7.14530E-03
       72  4.825160E+01  4.551740E+01  1.32690E-03       158  8.000000E-02  7.700000E-02  1.58910E-03
       73  4.551740E+01  4.016900E+01  2.69480E-03       159  7.700000E-02  6.700000E-02  4.89460E-03
       74  4.016900E+01  3.726650E+01  1.61690E-03       160  6.700000E-02  5.800000E-02  4.92490E-03
       75  3.726650E+01  3.372010E+01  1.96080E-03       161  5.800000E-02  5.000000E-02  3.91760E-03
       76  3.372010E+01  3.051130E+01  1.96070E-03       162  5.000000E-02  4.200000E-02  4.38820E-03
       77  3.051130E+01  2.760770E+01  2.17400E-03       163  4.200000E-02  3.500000E-02  3.15450E-03
       78  2.760770E+01  2.498050E+01  2.17390E-03       164  3.500000E-02  3.000000E-02  2.66710E-03
       79  2.498050E+01  2.260330E+01  1.80060E-03       165  3.000000E-02  2.500000E-02  1.79790E-03
       80  2.260330E+01  1.945480E+01  2.78590E-03       166  2.500000E-02  2.000000E-02  2.20050E-03
       81  1.945480E+01  1.592830E+01  3.94740E-03       167  2.000000E-02  1.500000E-02  1.59790E-03
       82  1.592830E+01  1.370960E+01  2.97470E-03       168  1.500000E-02  1.000000E-02  1.23350E-03
       83  1.370960E+01  1.122450E+01  4.00120E-03       169  1.000000E-02  6.900000E-03  4.56790E-04
       84  1.122450E+01  9.905550E+00  2.51090E-03       170  6.900000E-03  5.000000E-03  3.16280E-04
       85  9.905550E+00  9.189810E+00  1.50650E-03       171  5.000000E-03  3.000000E-03  1.98990E-04
       86  9.189810E+00  8.315290E+00  1.90880E-03       172  3.000000E-03  1.000000E-05  2.13720E-04
0  Spectrum type is XMAS
   flux spectrum_identifier is  PQY PALUEL 14000 MWD/Te XMAS TOT=7.5716E-01


fispact run time=                  0.77119E-01 secs


 ------------------------------------------------------------------
 Files that have been opened during this run.
 ------------------------------------------------------------------
 The numbers after the unit names are the internal unit numbers.

 output(38)      printlib.out
 runlog(48)      printlib.log
 ------------------------------------------------------------------



     Run timestamp:14:36:11 19 March 2021          

     Current time: 14:36:11 19 March 2021          
