 UK-HEIR-0.1 P-INDUCED RESIDUAL YEILD FILE DEC 2017               2631 0  0    0
 26056.0000 55.9350000         -1          0         99          12631 1451    1
 0.0        0.0                 0          0          0          62631 1451    2
 .998620000 1.00000E+9          1          0      10010          12631 1451    3
 0.0        0.0                 1          0         34          32631 1451    4
 26-Fe- 56 UKAEA      EVAL-DEC17 M.J.FLEMING                      2631 1451    5
                      DIST-DEC17                                  2631 1451    6
----UK-HEIR-0.1       MATERIAL 2631                               2631 1451    7
-----PROTON-INDUCED RESIDUAL PRODUCT YIELDS                       2631 1451    8
------ENDF-6 FORMAT                                               2631 1451    9
******************************************************************2631 1451   10
**  Residual data obtained with the GEANT4 code, version 10.1   **2631 1451   11
**  utilising the INCL++/ABLA in-built physics models           **2631 1451   12
**  See http://geant4.cern.ch/ for more information             **2631 1451   13
**                                                              **2631 1451   14
**  Compiled as ENDF-6 file by Michael Fleming of UKAEA         **2631 1451   15
******************************************************************2631 1451   16
                                                                  2631 1451   17
 The authors and the United Kingdom Atomic Energy Authority       2631 1451   18
 cannot accept responsibility for loss occasioned to any          2631 1451   19
 person for the use of, or reliance upon, the information         2631 1451   20
 contained in the data or its completeness or accuracy.           2631 1451   21
                                                                  2631 1451   22
 References:                                                      2631 1451   23
 - A. Boudard, J. Cugnon, J.-C. David, S. Leray, D. Mancusi       2631 1451   24
     Phys. Rev. C 87 (2013) 014606                                2631 1451   25
     https://arxiv.org/abs/1210.3498                              2631 1451   26
 - A. Kelic, M. V. Ricciardi, K.-H. Schmidt                       2631 1451   27
     Joint ICTP-IAEA Advanced Workshop on Model Codes for         2631 1451   28
     Spallation Reactions INDC(NDC)-0530 (2008) 181               2631 1451   29
     https://arxiv.org/abs/0906.4193                              2631 1451   30
 - A. Heikkinen, P. Kaitaniemi, A. Boudard                        2631 1451   31
     J. Phys. Conf. Ser. 119, 032024 (2008)                       2631 1451   32
     http://dx.doi.org/10.1088/1742-6596/119/3/032024             2631 1451   33
                                                                  2631 1451   34
 ***************** Program GROUPIE (VERSION 2017-1)***************2631 1451   35
 Unshielded Group Averages Using   162 Groups                     2631 1451   36
 Weighting Spectrum: 1/E Spectrum                                 2631 1451   37
 **************** Program DICTIN (VERSION 2017-1) ****************2631 1451   38
                                1        451         41          02631 1451   39
                                3          5         16          12631 1451   40
                               10          5       2004          12631 1451   41
                                                                  2631 1  099999
                                                                  2631 0  0    0
 26056.0000 55.9350000          0          0          0          02631 3  5    1
 0.0        0.0                 0          0          1         372631 3  5    2
         37          1                                            2631 3  5    3
 30000000.0 .003066109 35000000.0 1.49417070 40000000.0 3.012561532631 3  5    4
 45000000.0 3.00503112 50000000.0 3.06019926 54000000.0 3.083987772631 3  5    5
 55000000.0 3.00659771 60000000.0 2.97190565 70000000.0 3.039195132631 3  5    6
 80000000.0 3.07398005 90000000.0 3.10562791 100000000. 3.210760282631 3  5    7
 120000000. 3.39790142 140000000. 3.57172895 160000000. 3.721036042631 3  5    8
 180000000. 3.83798006 200000000. 3.98987177 240000000. 4.191575582631 3  5    9
 280000000. 4.40465025 320000000. 4.65267605 360000000. 4.861360412631 3  5   10
 400000000. 5.07835102 440000000. 5.36352069 480000000. 5.633171282631 3  5   11
 520000000. 5.87260072 560000000. 6.09059847 600000000. 6.294828732631 3  5   12
 640000000. 6.49057956 680000000. 6.67327601 720000000. 6.838442202631 3  5   13
 760000000. 6.99200929 800000000. 7.13023650 840000000. 7.256510782631 3  5   14
 880000000. 7.38809253 920000000. 7.53330561 960000000. 7.686281582631 3  5   15
 1.00000E+9 0.0                                                   2631 3  5   16
                                                                  2631 3  099999
                                                                  2631 0  0    0
 26056.0000 55.9350000          0          0        203          0263110  5    1
 0.0        0.0                 1          0          1         37263110  5    2
         37          1                                            263110  5    3
 30000000.0 .001071470 35000000.0 .542142099 40000000.0 1.09647668263110  5    4
 45000000.0 1.10405413 50000000.0 1.13653840 54000000.0 1.15209144263110  5    5
 55000000.0 1.13036105 60000000.0 1.13442698 70000000.0 1.17385532263110  5    6
 80000000.0 1.19333902 90000000.0 1.21142271 100000000. 1.26107586263110  5    7
 120000000. 1.34682394 140000000. 1.42597680 160000000. 1.49375043263110  5    8
 180000000. 1.54754531 200000000. 1.61729983 240000000. 1.70990588263110  5    9
 280000000. 1.80751860 320000000. 1.92101459 360000000. 2.02101353263110  5   10
 400000000. 2.12663745 440000000. 2.26215602 480000000. 2.39129432263110  5   11
 520000000. 2.50716642 560000000. 2.61366303 600000000. 2.71367405263110  5   12
 640000000. 2.80952615 680000000. 2.89963896 720000000. 2.98194768263110  5   13
 760000000. 3.05843071 800000000. 3.12759183 840000000. 3.19130229263110  5   14
 880000000. 3.25739700 920000000. 3.32898437 960000000. 3.40349793263110  5   15
 1.00000E+9 0.0                                                   263110  5   16
 0.0        0.0              1001          0          1         37263110  5   17
         37          1                                            263110  5   18
 30000000.0 8.66415E-4 35000000.0 .437493557 40000000.0 .889229892263110  5   19
 45000000.0 .900058388 50000000.0 .925249762 54000000.0 .936029847263110  5   20
 55000000.0 .914476984 60000000.0 .908862314 70000000.0 .939384141263110  5   21
 80000000.0 .961674119 90000000.0 .981393393 100000000. 1.02766985263110  5   22
 120000000. 1.10188573 140000000. 1.17037247 160000000. 1.23080930263110  5   23
 180000000. 1.28031726 200000000. 1.34526068 240000000. 1.42981888263110  5   24
 280000000. 1.51724764 320000000. 1.61540300 360000000. 1.69760662263110  5   25
 400000000. 1.78081537 440000000. 1.88657932 480000000. 1.98588640263110  5   26
 520000000. 2.07393191 560000000. 2.15430906 600000000. 2.22861387263110  5   27
 640000000. 2.30023931 680000000. 2.36665803 720000000. 2.42643779263110  5   28
 760000000. 2.48281705 800000000. 2.53326176 840000000. 2.58006664263110  5   29
 880000000. 2.62846664 920000000. 2.68090352 960000000. 2.73641086263110  5   30
 1.00000E+9 0.0                                                   263110  5   31
 0.0        0.0              1002          0          1         37263110  5   32
         37          1                                            263110  5   33
 30000000.0 2.21760E-5 35000000.0 .014834182 40000000.0 .032532645263110  5   34
 45000000.0 .037573104 50000000.0 .042378881 54000000.0 .044790309263110  5   35
 55000000.0 .045722532 60000000.0 .049715447 70000000.0 .057679572263110  5   36
 80000000.0 .066043557 90000000.0 .073152923 100000000. .082612025263110  5   37
 120000000. .095109498 140000000. .106252756 160000000. .115606001263110  5   38
 180000000. .123059784 200000000. .132252313 240000000. .143067763263110  5   39
 280000000. .152423652 320000000. .161966777 360000000. .169595226263110  5   40
 400000000. .178118993 440000000. .189572132 480000000. .200885435263110  5   41
 520000000. .211226522 560000000. .220675845 600000000. .229372246263110  5   42
 640000000. .237894029 680000000. .246219135 720000000. .253389363263110  5   43
 760000000. .259938115 800000000. .265693818 840000000. .270949454263110  5   44
 880000000. .276483627 920000000. .282894962 960000000. .289360066263110  5   45
 1.00000E+9 0.0                                                   263110  5   46
 0.0        0.0              1003          0          1         37263110  5   47
         37          1                                            263110  5   48
 30000000.0 1.46080E-6 35000000.0 .001348504 40000000.0 .003095070263110  5   49
 45000000.0 .003923834 50000000.0 .004828805 54000000.0 .005383344263110  5   50
 55000000.0 .005746123 60000000.0 .006813786 70000000.0 .008539350263110  5   51
 80000000.0 .010141426 90000000.0 .011376678 100000000. .012804785263110  5   52
 120000000. .014612529 140000000. .016207181 160000000. .017472187263110  5   53
 180000000. .018537537 200000000. .019606206 240000000. .020731412263110  5   54
 280000000. .021824831 320000000. .022999752 360000000. .024093258263110  5   55
 400000000. .025278643 440000000. .026836704 480000000. .028337396263110  5   56
 520000000. .029787984 560000000. .031171503 600000000. .032502202263110  5   57
 640000000. .033800251 680000000. .034775628 720000000. .035459531263110  5   58
 760000000. .036480067 800000000. .037661056 840000000. .038473969263110  5   59
 880000000. .039093829 920000000. .039786659 960000000. .040723843263110  5   60
 1.00000E+9 0.0                                                   263110  5   61
 0.0        0.0              2003          0          1         37263110  5   62
         37          1                                            263110  5   63
 30000000.0 7.19847E-7 35000000.0 8.12986E-4 40000000.0 .001997923263110  5   64
 45000000.0 .002699459 50000000.0 .003413807 54000000.0 .003876083263110  5   65
 55000000.0 .004250868 60000000.0 .005246062 70000000.0 .006802889263110  5   66
 80000000.0 .008323505 90000000.0 .009505839 100000000. .011017123263110  5   67
 120000000. .012926761 140000000. .014317608 160000000. .015363991263110  5   68
 180000000. .016315293 200000000. .017299175 240000000. .018369338263110  5   69
 280000000. .019250902 320000000. .020093089 360000000. .020879680263110  5   70
 400000000. .021744026 440000000. .022774779 480000000. .023942569263110  5   71
 520000000. .025205664 560000000. .026173263 600000000. .027133590263110  5   72
 640000000. .027980525 680000000. .028768780 720000000. .029598999263110  5   73
 760000000. .030285974 800000000. .030776406 840000000. .031334201263110  5   74
 880000000. .031955066 920000000. .032386808 960000000. .033119625263110  5   75
 1.00000E+9 0.0                                                   263110  5   76
 0.0        0.0              2004          0          1         37263110  5   77
         37          1                                            263110  5   78
 30000000.0 5.05727E-5 35000000.0 .027641610 40000000.0 .058571746263110  5   79
 45000000.0 .064012536 50000000.0 .070572298 54000000.0 .074751162263110  5   80
 55000000.0 .077976737 60000000.0 .088974871 70000000.0 .100018570263110  5   81
 80000000.0 .104050159 90000000.0 .108281375 100000000. .116463831263110  5   82
 120000000. .128655140 140000000. .140418072 160000000. .150475412263110  5   83
 180000000. .157881188 200000000. .166890502 240000000. .178620798263110  5   84
 280000000. .190168288 320000000. .204175735 360000000. .217799403263110  5   85
 400000000. .232206898 440000000. .249943704 480000000. .266510489263110  5   86
 520000000. .281230216 560000000. .294501471 600000000. .307320949263110  5   87
 640000000. .318734735 680000000. .329247227 720000000. .339081434263110  5   88
 760000000. .347450079 800000000. .355562271 840000000. .362700927263110  5   89
 880000000. .369964144 920000000. .378444393 960000000. .387165031263110  5   90
 1.00000E+9 0.0                                                   263110  5   91
 0.0        0.0              2006          0          1         29263110  5   92
         29          1                                            263110  5   93
 70000000.0 1.99464E-5 80000000.0 4.54463E-5 90000000.0 8.13700E-5263110  5   94
 100000000. 1.26308E-4 120000000. 2.01556E-4 140000000. 2.69730E-4263110  5   95
 160000000. 3.25969E-4 180000000. 3.70765E-4 200000000. 4.17026E-4263110  5   96
 240000000. 4.60525E-4 280000000. 4.74827E-4 320000000. 4.99884E-4263110  5   97
 360000000. 5.24542E-4 400000000. 5.61184E-4 440000000. 5.87420E-4263110  5   98
 480000000. 6.13810E-4 520000000. 6.44274E-4 560000000. 6.54769E-4263110  5   99
 600000000. 6.99296E-4 640000000. 7.30289E-4 680000000. 7.40715E-4263110  5  100
 720000000. 7.68648E-4 760000000. 7.78828E-4 800000000. 7.96937E-4263110  5  101
 840000000. 8.28136E-4 880000000. 8.53282E-4 920000000. 8.87368E-4263110  5  102
 960000000. 9.22332E-4 1.00000E+9 0.0                             263110  5  103
 0.0        0.0              2008          0          1         24263110  5  104
         24          1                                            263110  5  105
 140000000. 1.64811E-5 160000000. 3.80642E-5 180000000. 5.66177E-5263110  5  106
 200000000. 9.08298E-5 240000000. 1.21509E-4 280000000. 1.26975E-4263110  5  107
 320000000. 1.41505E-4 360000000. 1.54652E-4 400000000. 1.49707E-4263110  5  108
 440000000. 1.46037E-4 480000000. 1.54729E-4 520000000. 1.76247E-4263110  5  109
 560000000. 1.90503E-4 600000000. 1.80051E-4 640000000. 1.85117E-4263110  5  110
 680000000. 2.15129E-4 720000000. 2.28807E-4 760000000. 2.39194E-4263110  5  111
 800000000. 2.42580E-4 840000000. 2.33424E-4 880000000. 2.23044E-4263110  5  112
 920000000. 2.31826E-4 960000000. 2.45552E-4 1.00000E+9 0.0       263110  5  113
 0.0        0.0              3006          0          1         30263110  5  114
         30          1                                            263110  5  115
 60000000.0 9.98260E-6 70000000.0 3.81239E-5 80000000.0 8.22401E-5263110  5  116
 90000000.0 1.12157E-4 100000000. 1.95634E-4 120000000. 2.87473E-4263110  5  117
 140000000. 3.16870E-4 160000000. 3.58223E-4 180000000. 3.86457E-4263110  5  118
 200000000. 4.26363E-4 240000000. 4.69798E-4 280000000. 4.62004E-4263110  5  119
 320000000. 4.86922E-4 360000000. 5.14753E-4 400000000. 5.36942E-4263110  5  120
 440000000. 5.63967E-4 480000000. 5.75351E-4 520000000. 6.09719E-4263110  5  121
 560000000. 6.46067E-4 600000000. 6.58950E-4 640000000. 6.63743E-4263110  5  122
 680000000. 6.81552E-4 720000000. 6.86416E-4 760000000. 7.01059E-4263110  5  123
 800000000. 7.29438E-4 840000000. 7.15201E-4 880000000. 7.38660E-4263110  5  124
 920000000. 7.82929E-4 960000000. 7.80568E-4 1.00000E+9 0.0       263110  5  125
 0.0        0.0              3007          0          1         29263110  5  126
         29          1                                            263110  5  127
 70000000.0 7.38221E-6 80000000.0 1.69543E-5 90000000.0 3.30443E-5263110  5  128
 100000000. 6.69699E-5 120000000. 1.20875E-4 140000000. 1.76818E-4263110  5  129
 160000000. 2.16540E-4 180000000. 2.33317E-4 200000000. 2.59457E-4263110  5  130
 240000000. 3.01607E-4 280000000. 3.15856E-4 320000000. 3.11823E-4263110  5  131
 360000000. 3.20486E-4 400000000. 3.38721E-4 440000000. 3.47062E-4263110  5  132
 480000000. 3.66246E-4 520000000. 3.95657E-4 560000000. 3.99326E-4263110  5  133
 600000000. 4.18913E-4 640000000. 4.51588E-4 680000000. 4.52668E-4263110  5  134
 720000000. 4.54840E-4 760000000. 4.76525E-4 800000000. 4.76968E-4263110  5  135
 840000000. 4.72242E-4 880000000. 4.85790E-4 920000000. 4.95206E-4263110  5  136
 960000000. 4.92279E-4 1.00000E+9 0.0                             263110  5  137
 0.0        0.0              3008          0          1         25263110  5  138
         25          1                                            263110  5  139
 120000000. 4.39496E-5 140000000. 1.02775E-4 160000000. 1.76972E-4263110  5  140
 180000000. 2.48335E-4 200000000. 3.18520E-4 240000000. 3.66664E-4263110  5  141
 280000000. 3.76796E-4 320000000. 3.74277E-4 360000000. 3.73953E-4263110  5  142
 400000000. 3.80390E-4 440000000. 4.01135E-4 480000000. 4.50185E-4263110  5  143
 520000000. 4.95983E-4 560000000. 5.12489E-4 600000000. 5.19545E-4263110  5  144
 640000000. 5.29435E-4 680000000. 5.48456E-4 720000000. 5.70621E-4263110  5  145
 760000000. 5.71699E-4 800000000. 5.67318E-4 840000000. 5.74933E-4263110  5  146
 880000000. 5.99779E-4 920000000. 6.08823E-4 960000000. 6.00386E-4263110  5  147
 1.00000E+9 0.0                                                   263110  5  148
 0.0        0.0              4007          0          1         28263110  5  149
         28          1                                            263110  5  150
 80000000.0 1.34002E-5 90000000.0 2.69955E-5 100000000. 6.44222E-5263110  5  151
 120000000. 1.11046E-4 140000000. 1.48072E-4 160000000. 1.83399E-4263110  5  152
 180000000. 2.02196E-4 200000000. 2.17693E-4 240000000. 2.41561E-4263110  5  153
 280000000. 2.51574E-4 320000000. 2.54378E-4 360000000. 2.56943E-4263110  5  154
 400000000. 2.75030E-4 440000000. 2.92462E-4 480000000. 2.97767E-4263110  5  155
 520000000. 3.08608E-4 560000000. 3.28216E-4 600000000. 3.43396E-4263110  5  156
 640000000. 3.36687E-4 680000000. 3.52325E-4 720000000. 3.80654E-4263110  5  157
 760000000. 3.92298E-4 800000000. 3.90420E-4 840000000. 3.86284E-4263110  5  158
 880000000. 4.09963E-4 920000000. 4.33112E-4 960000000. 4.35635E-4263110  5  159
 1.00000E+9 0.0                                                   263110  5  160
 0.0        0.0              4008          0          1         10263110  5  161
         10          1                                            263110  5  162
 640000000. 5.12222E-6 680000000. 6.30616E-6 720000000. 6.72943E-6263110  5  163
 760000000. 6.37785E-6 800000000. 7.36466E-6 840000000. 7.78566E-6263110  5  164
 880000000. 8.97266E-6 920000000. 1.41388E-5 960000000. 1.86099E-5263110  5  165
 1.00000E+9 0.0                                                   263110  5  166
 0.0        0.0              5008          0          1         26263110  5  167
         26          1                                            263110  5  168
 100000000. 1.26858E-5 120000000. 3.88917E-5 140000000. 1.05581E-4263110  5  169
 160000000. 1.89622E-4 180000000. 2.65094E-4 200000000. 3.04352E-4263110  5  170
 240000000. 3.11153E-4 280000000. 3.01839E-4 320000000. 2.76672E-4263110  5  171
 360000000. 2.84590E-4 400000000. 3.01456E-4 440000000. 3.07976E-4263110  5  172
 480000000. 3.16495E-4 520000000. 3.20137E-4 560000000. 3.13806E-4263110  5  173
 600000000. 3.30807E-4 640000000. 3.42791E-4 680000000. 3.44349E-4263110  5  174
 720000000. 3.59147E-4 760000000. 3.59862E-4 800000000. 3.59323E-4263110  5  175
 840000000. 3.64879E-4 880000000. 3.81500E-4 920000000. 4.11046E-4263110  5  176
 960000000. 4.04818E-4 1.00000E+9 0.0                             263110  5  177
 0.0        0.0              5009          0          1          4263110  5  178
          4          1                                            263110  5  179
 880000000. 4.67440E-6 920000000. 4.67440E-6 960000000. 4.67440E-6263110  5  180
 1.00000E+9 0.0                                                   263110  5  181
 0.0        0.0              5010          0          1         11263110  5  182
         11          1                                            263110  5  183
 600000000. 4.52331E-6 640000000. 4.55331E-6 680000000. 6.11536E-6263110  5  184
 720000000. 6.92144E-6 760000000. 6.18902E-6 800000000. 5.81783E-6263110  5  185
 840000000. 7.77056E-6 880000000. 1.20929E-5 920000000. 1.53263E-5263110  5  186
 960000000. 1.93942E-5 1.00000E+9 0.0                             263110  5  187
 0.0        0.0              5011          0          1         20263110  5  188
         20          1                                            263110  5  189
 240000000. 4.75228E-6 280000000. 4.61468E-6 320000000. 4.47714E-6263110  5  190
 360000000. 4.33964E-6 400000000. 4.20216E-6 440000000. 4.06470E-6263110  5  191
 480000000. 3.92726E-6 520000000. 3.78983E-6 560000000. 3.73515E-6263110  5  192
 600000000. 3.76521E-6 640000000. 4.54960E-6 680000000. 6.11383E-6263110  5  193
 720000000. 7.68789E-6 760000000. 6.19829E-6 800000000. 5.03648E-6263110  5  194
 840000000. 6.61102E-6 880000000. 8.19536E-6 920000000. 1.25663E-5263110  5  195
 960000000. 1.54458E-5 1.00000E+9 0.0                             263110  5  196
 0.0        0.0              6011          0          1          8263110  5  197
          8          1                                            263110  5  198
 720000000. 4.48396E-6 760000000. 4.24487E-6 800000000. 4.00579E-6263110  5  199
 840000000. 5.04985E-6 880000000. 6.05664E-6 920000000. 5.70203E-6263110  5  200
 960000000. 7.91338E-6 1.00000E+9 0.0                             263110  5  201
 0.0        0.0              6012          0          1         21263110  5  202
         21          1                                            263110  5  203
 200000000. 3.58509E-6 240000000. 3.86376E-6 280000000. 4.14226E-6263110  5  204
 320000000. 4.42065E-6 360000000. 4.69896E-6 400000000. 4.97721E-6263110  5  205
 440000000. 5.25543E-6 480000000. 5.53361E-6 520000000. 5.81177E-6263110  5  206
 560000000. 6.34993E-6 600000000. 7.15433E-6 640000000. 8.72195E-6263110  5  207
 680000000. 1.14585E-5 720000000. 1.49843E-5 760000000. 2.08495E-5263110  5  208
 800000000. 3.13850E-5 840000000. 3.88981E-5 880000000. 3.86679E-5263110  5  209
 920000000. 4.59567E-5 960000000. 6.29428E-5 1.00000E+9 0.0       263110  5  210
 0.0        0.0              6013          0          1         16263110  5  211
         16          1                                            263110  5  212
 400000000. 3.91356E-6 440000000. 4.70315E-6 480000000. 4.97582E-6263110  5  213
 520000000. 4.71710E-6 560000000. 4.45839E-6 600000000. 4.19969E-6263110  5  214
 640000000. 3.94101E-6 680000000. 4.96242E-6 720000000. 6.34446E-6263110  5  215
 760000000. 6.76406E-6 800000000. 8.91143E-6 840000000. 1.35983E-5263110  5  216
 880000000. 1.79566E-5 920000000. 1.76925E-5 960000000. 2.41323E-5263110  5  217
 1.00000E+9 0.0                                                   263110  5  218
 0.0        0.0              6014          0          1          7263110  5  219
          7          1                                            263110  5  220
 760000000. 4.64296E-6 800000000. 3.88033E-6 840000000. 3.89029E-6263110  5  221
 880000000. 5.07117E-6 920000000. 5.69633E-6 960000000. 4.55152E-6263110  5  222
 1.00000E+9 0.0                                                   263110  5  223
 0.0        0.0              7013          0          1          7263110  5  224
          7          1                                            263110  5  225
 760000000. 5.40791E-6 800000000. 5.42891E-6 840000000. 5.44992E-6263110  5  226
 880000000. 5.47092E-6 920000000. 6.48913E-6 960000000. 8.51907E-6263110  5  227
 1.00000E+9 0.0                                                   263110  5  228
 0.0        0.0              7014          0          1         14263110  5  229
         14          1                                            263110  5  230
 480000000. 5.25092E-6 520000000. 5.55010E-6 560000000. 5.84926E-6263110  5  231
 600000000. 7.52013E-6 640000000. 1.06171E-5 680000000. 1.14729E-5263110  5  232
 720000000. 1.72617E-5 760000000. 2.58859E-5 800000000. 2.90947E-5263110  5  233
 840000000. 3.07312E-5 880000000. 4.01807E-5 920000000. 5.53967E-5263110  5  234
 960000000. 6.92815E-5 1.00000E+9 0.0                             263110  5  235
 0.0        0.0              7015          0          1         17263110  5  236
         17          1                                            263110  5  237
 360000000. 3.53955E-6 400000000. 3.79447E-6 440000000. 4.34188E-6263110  5  238
 480000000. 4.88923E-6 520000000. 6.28946E-6 560000000. 8.95321E-6263110  5  239
 600000000. 1.12904E-5 640000000. 1.10130E-5 680000000. 1.22182E-5263110  5  240
 720000000. 1.84324E-5 760000000. 2.31869E-5 800000000. 3.25362E-5263110  5  241
 840000000. 4.20105E-5 880000000. 4.64556E-5 920000000. 5.69666E-5263110  5  242
 960000000. 6.92892E-5 1.00000E+9 0.0                             263110  5  243
 0.0        0.0              7016          0          1         15263110  5  244
         15          1                                            263110  5  245
 440000000. 4.32546E-6 480000000. 4.37229E-6 520000000. 4.41911E-6263110  5  246
 560000000. 4.46593E-6 600000000. 4.51275E-6 640000000. 4.17707E-6263110  5  247
 680000000. 3.94907E-6 720000000. 4.22914E-6 760000000. 4.50920E-6263110  5  248
 800000000. 6.19786E-6 840000000. 7.78062E-6 880000000. 6.25600E-6263110  5  249
 920000000. 6.28323E-6 960000000. 5.94632E-6 1.00000E+9 0.0       263110  5  250
 0.0        0.0              8015          0          1         14263110  5  251
         14          1                                            263110  5  252
 480000000. 3.75520E-6 520000000. 3.97809E-6 560000000. 4.20096E-6263110  5  253
 600000000. 4.42381E-6 640000000. 4.17707E-6 680000000. 4.58525E-6263110  5  254
 720000000. 6.15025E-6 760000000. 5.80478E-6 800000000. 9.28074E-6263110  5  255
 840000000. 1.40049E-5 880000000. 1.28929E-5 920000000. 1.41409E-5263110  5  256
 960000000. 1.86070E-5 1.00000E+9 0.0                             263110  5  257
 0.0        0.0              8016          0          1         20263110  5  258
         20          1                                            263110  5  259
 240000000. 3.57573E-6 280000000. 3.85010E-6 320000000. 4.12436E-6263110  5  260
 360000000. 4.24749E-6 400000000. 4.80392E-6 440000000. 5.97027E-6263110  5  261
 480000000. 7.69379E-6 520000000. 9.99462E-6 560000000. 1.41710E-5263110  5  262
 600000000. 1.88155E-5 640000000. 3.74674E-5 680000000. 5.46674E-5263110  5  263
 720000000. 6.83567E-5 760000000. 8.88642E-5 800000000. 9.89226E-5263110  5  264
 840000000. 1.28215E-4 880000000. 1.57372E-4 920000000. 1.84643E-4263110  5  265
 960000000. 2.32793E-4 1.00000E+9 0.0                             263110  5  266
 0.0        0.0              8017          0          1         15263110  5  267
         15          1                                            263110  5  268
 440000000. 5.78824E-6 480000000. 4.77040E-6 520000000. 7.38572E-6263110  5  269
 560000000. 1.04585E-5 600000000. 1.20383E-5 640000000. 1.81888E-5263110  5  270
 680000000. 2.82546E-5 720000000. 3.68949E-5 760000000. 4.55782E-5263110  5  271
 800000000. 4.89079E-5 840000000. 5.94389E-5 880000000. 8.31313E-5263110  5  272
 920000000. 1.02945E-4 960000000. 1.25895E-4 1.00000E+9 0.0       263110  5  273
 0.0        0.0              8018          0          1         17263110  5  274
         17          1                                            263110  5  275
 360000000. 3.64281E-6 400000000. 3.82518E-6 440000000. 4.00753E-6263110  5  276
 480000000. 4.18985E-6 520000000. 4.37216E-6 560000000. 5.10996E-6263110  5  277
 600000000. 6.41658E-6 640000000. 7.72314E-6 680000000. 6.89050E-6263110  5  278
 720000000. 7.29365E-6 760000000. 1.38874E-5 800000000. 1.74693E-5263110  5  279
 840000000. 2.21370E-5 880000000. 2.81185E-5 920000000. 3.18236E-5263110  5  280
 960000000. 3.60369E-5 1.00000E+9 0.0                             263110  5  281
 0.0        0.0              8019          0          1          3263110  5  282
          3          1                                            263110  5  283
 920000000. 5.11323E-6 960000000. 5.14478E-6 1.00000E+9 0.0       263110  5  284
 0.0        0.0              9017          0          1          9263110  5  285
          9          1                                            263110  5  286
 680000000. 5.73651E-6 720000000. 6.14748E-6 760000000. 7.72592E-6263110  5  287
 800000000. 1.27761E-5 840000000. 1.47985E-5 880000000. 1.91035E-5263110  5  288
 920000000. 2.67227E-5 960000000. 2.96958E-5 1.00000E+9 0.0       263110  5  289
 0.0        0.0              9018          0          1         17263110  5  290
         17          1                                            263110  5  291
 360000000. 5.34564E-6 400000000. 4.65362E-6 440000000. 6.49331E-6263110  5  292
 480000000. 1.17148E-5 520000000. 1.37180E-5 560000000. 1.78895E-5263110  5  293
 600000000. 2.55881E-5 640000000. 3.94004E-5 680000000. 5.54032E-5263110  5  294
 720000000. 6.91552E-5 760000000. 8.84569E-5 800000000. 1.09352E-4263110  5  295
 840000000. 1.22921E-4 880000000. 1.42850E-4 920000000. 1.93653E-4263110  5  296
 960000000. 2.30086E-4 1.00000E+9 0.0                             263110  5  297
 0.0        0.0              9019          0          1         20263110  5  298
         20          1                                            263110  5  299
 240000000. 3.80653E-6 280000000. 4.55548E-6 320000000. 5.30413E-6263110  5  300
 360000000. 6.35596E-6 400000000. 6.75679E-6 440000000. 8.66225E-6263110  5  301
 480000000. 1.28230E-5 520000000. 1.59225E-5 560000000. 2.27420E-5263110  5  302
 600000000. 3.49726E-5 640000000. 4.96680E-5 680000000. 7.51998E-5263110  5  303
 720000000. 9.64940E-5 760000000. 1.23936E-4 800000000. 1.58246E-4263110  5  304
 840000000. 1.83524E-4 880000000. 2.31033E-4 920000000. 2.77041E-4263110  5  305
 960000000. 3.04111E-4 1.00000E+9 0.0                             263110  5  306
 0.0        0.0              9020          0          1         14263110  5  307
         14          1                                            263110  5  308
 480000000. 5.12930E-6 520000000. 5.18183E-6 560000000. 5.97058E-6263110  5  309
 600000000. 9.39500E-6 640000000. 1.47851E-5 680000000. 1.72051E-5263110  5  310
 720000000. 1.84477E-5 760000000. 2.81680E-5 800000000. 4.14845E-5263110  5  311
 840000000. 4.55241E-5 880000000. 5.15154E-5 920000000. 6.16958E-5263110  5  312
 960000000. 7.56088E-5 1.00000E+9 0.0                             263110  5  313
 0.0        0.0              9021          0          1          8263110  5  314
          8          1                                            263110  5  315
 720000000. 8.05781E-6 760000000. 8.51744E-6 800000000. 8.90612E-6263110  5  316
 840000000. 1.05113E-5 880000000. 8.98402E-6 920000000. 1.25637E-5263110  5  317
 960000000. 1.78175E-5 1.00000E+9 0.0                             263110  5  318
 0.0        0.0             10019          0          1         18263110  5  319
         18          1                                            263110  5  320
 320000000. 3.60215E-6 360000000. 3.82241E-6 400000000. 4.04262E-6263110  5  321
 440000000. 4.26279E-6 480000000. 4.58012E-6 520000000. 4.99732E-6263110  5  322
 560000000. 4.85847E-6 600000000. 5.64011E-6 640000000. 9.47158E-6263110  5  323
 680000000. 1.14729E-5 720000000. 1.57336E-5 760000000. 2.66358E-5263110  5  324
 800000000. 3.37507E-5 840000000. 3.96509E-5 880000000. 4.84066E-5263110  5  325
 920000000. 5.30573E-5 960000000. 5.85977E-5 1.00000E+9 0.0       263110  5  326
 0.0        0.0             10020          0          1         16263110  5  327
         16          1                                            263110  5  328
 400000000. 9.92695E-6 440000000. 1.40956E-5 480000000. 2.23159E-5263110  5  329
 520000000. 4.17720E-5 560000000. 6.41658E-5 600000000. 9.40015E-5263110  5  330
 640000000. 1.18760E-4 680000000. 1.50453E-4 720000000. 2.16240E-4263110  5  331
 760000000. 2.85858E-4 800000000. 3.31277E-4 840000000. 3.93007E-4263110  5  332
 880000000. 5.11249E-4 920000000. 6.06763E-4 960000000. 6.70357E-4263110  5  333
 1.00000E+9 0.0                                                   263110  5  334
 0.0        0.0             10021          0          1         18263110  5  335
         18          1                                            263110  5  336
 320000000. 3.87160E-6 360000000. 7.36459E-6 400000000. 1.10174E-5263110  5  337
 440000000. 1.65971E-5 480000000. 2.16411E-5 520000000. 2.73689E-5263110  5  338
 560000000. 5.36351E-5 600000000. 8.31518E-5 640000000. 1.13350E-4263110  5  339
 680000000. 1.47860E-4 720000000. 1.77545E-4 760000000. 2.24777E-4263110  5  340
 800000000. 2.99258E-4 840000000. 3.59748E-4 880000000. 3.99790E-4263110  5  341
 920000000. 4.72263E-4 960000000. 5.81981E-4 1.00000E+9 0.0       263110  5  342
 0.0        0.0             10022          0          1         23263110  5  343
         23          1                                            263110  5  344
 160000000. 3.57334E-6 180000000. 3.75312E-6 200000000. 4.01865E-6263110  5  345
 240000000. 4.37869E-6 280000000. 4.73850E-6 320000000. 5.09818E-6263110  5  346
 360000000. 5.45775E-6 400000000. 6.74625E-6 440000000. 8.31196E-6263110  5  347
 480000000. 1.35351E-5 520000000. 2.14648E-5 560000000. 2.53932E-5263110  5  348
 600000000. 2.89739E-5 640000000. 4.16866E-5 680000000. 6.11062E-5263110  5  349
 720000000. 6.38754E-5 760000000. 8.25646E-5 800000000. 1.09036E-4263110  5  350
 840000000. 1.17825E-4 880000000. 1.31585E-4 920000000. 1.48136E-4263110  5  351
 960000000. 1.60388E-4 1.00000E+9 0.0                             263110  5  352
 0.0        0.0             10023          0          1         13263110  5  353
         13          1                                            263110  5  354
 520000000. 4.07257E-6 560000000. 5.22362E-6 600000000. 6.77221E-6263110  5  355
 640000000. 8.34475E-6 680000000. 1.10738E-5 720000000. 1.46018E-5263110  5  356
 760000000. 1.70025E-5 800000000. 1.82352E-5 840000000. 2.36986E-5263110  5  357
 880000000. 2.81218E-5 920000000. 3.33878E-5 960000000. 3.76285E-5263110  5  358
 1.00000E+9 0.0                                                   263110  5  359
 0.0        0.0             10024          0          1          4263110  5  360
          4          1                                            263110  5  361
 880000000. 5.07875E-6 920000000. 5.49978E-6 960000000. 7.52092E-6263110  5  362
 1.00000E+9 0.0                                                   263110  5  363
 0.0        0.0             11020          0          1          2263110  5  364
          2          1                                            263110  5  365
 960000000. 5.52350E-6 1.00000E+9 0.0                             263110  5  366
 0.0        0.0             11021          0          1         13263110  5  367
         13          1                                            263110  5  368
 520000000. 6.28335E-6 560000000. 6.73442E-6 600000000. 1.01326E-5263110  5  369
 640000000. 1.48032E-5 680000000. 1.90847E-5 720000000. 2.65151E-5263110  5  370
 760000000. 3.74448E-5 800000000. 4.92561E-5 840000000. 5.32950E-5263110  5  371
 880000000. 6.08883E-5 920000000. 7.03447E-5 960000000. 8.51083E-5263110  5  372
 1.00000E+9 0.0                                                   263110  5  373
 0.0        0.0             11022          0          1         17263110  5  374
         17          1                                            263110  5  375
 360000000. 6.35596E-6 400000000. 1.02851E-5 440000000. 2.02027E-5263110  5  376
 480000000. 3.33291E-5 520000000. 5.32426E-5 560000000. 7.39048E-5263110  5  377
 600000000. 1.08999E-4 640000000. 1.43802E-4 680000000. 2.01902E-4263110  5  378
 720000000. 2.73667E-4 760000000. 3.19888E-4 800000000. 3.80433E-4263110  5  379
 840000000. 4.56450E-4 880000000. 5.32136E-4 920000000. 6.39218E-4263110  5  380
 960000000. 7.89851E-4 1.00000E+9 0.0                             263110  5  381
 0.0        0.0             11023          0          1         21263110  5  382
         21          1                                            263110  5  383
 200000000. 3.78022E-6 240000000. 5.50780E-6 280000000. 8.33926E-6263110  5  384
 320000000. 1.05619E-5 360000000. 1.13268E-5 400000000. 2.86644E-5263110  5  385
 440000000. 5.20228E-5 480000000. 7.43313E-5 520000000. 1.13934E-4263110  5  386
 560000000. 1.65260E-4 600000000. 2.26450E-4 640000000. 2.89393E-4263110  5  387
 680000000. 3.70876E-4 720000000. 4.53168E-4 760000000. 5.46186E-4263110  5  388
 800000000. 6.49683E-4 840000000. 7.91419E-4 880000000. 9.31234E-4263110  5  389
 920000000. .001013853 960000000. .001152558 1.00000E+9 0.0       263110  5  390
 0.0        0.0             11024          0          1         19263110  5  391
         19          1                                            263110  5  392
 280000000. 3.46977E-6 320000000. 4.21992E-6 360000000. 5.30170E-6263110  5  393
 400000000. 6.74625E-6 440000000. 1.40600E-5 480000000. 2.60000E-5263110  5  394
 520000000. 3.81108E-5 560000000. 5.11241E-5 600000000. 6.43414E-5263110  5  395
 640000000. 8.11566E-5 680000000. 1.18717E-4 720000000. 1.49944E-4263110  5  396
 760000000. 1.70359E-4 800000000. 1.89350E-4 840000000. 2.08410E-4263110  5  397
 880000000. 2.71976E-4 920000000. 3.27755E-4 960000000. 3.39785E-4263110  5  398
 1.00000E+9 0.0                                                   263110  5  399
 0.0        0.0             11025          0          1         15263110  5  400
         15          1                                            263110  5  401
 440000000. 6.14666E-6 480000000. 8.43569E-6 520000000. 1.22053E-5263110  5  402
 560000000. 1.53110E-5 600000000. 1.95532E-5 640000000. 2.42844E-5263110  5  403
 680000000. 2.71294E-5 720000000. 3.22805E-5 760000000. 4.01710E-5263110  5  404
 800000000. 5.11775E-5 840000000. 5.48711E-5 880000000. 6.98195E-5263110  5  405
 920000000. 8.33367E-5 960000000. 9.06530E-5 1.00000E+9 0.0       263110  5  406
 0.0        0.0             11026          0          1         11263110  5  407
         11          1                                            263110  5  408
 600000000. 5.26617E-6 640000000. 4.94081E-6 680000000. 6.10206E-6263110  5  409
 720000000. 7.69545E-6 760000000. 9.26277E-6 800000000. 9.71402E-6263110  5  410
 840000000. 1.12591E-5 880000000. 1.56169E-5 920000000. 1.65066E-5263110  5  411
 960000000. 1.70279E-5 1.00000E+9 0.0                             263110  5  412
 0.0        0.0             12022          0          1          6263110  5  413
          6          1                                            263110  5  414
 800000000. 4.07353E-6 840000000. 4.47310E-6 880000000. 5.07496E-6263110  5  415
 920000000. 4.71890E-6 960000000. 3.96025E-6 1.00000E+9 0.0       263110  5  416
 0.0        0.0             12023          0          1         16263110  5  417
         16          1                                            263110  5  418
 400000000. 3.55482E-6 440000000. 5.77035E-6 480000000. 9.16092E-6263110  5  419
 520000000. 1.29463E-5 560000000. 2.19895E-5 600000000. 3.38508E-5263110  5  420
 640000000. 4.09790E-5 680000000. 4.73733E-5 720000000. 5.80267E-5263110  5  421
 760000000. 7.33846E-5 800000000. 9.49872E-5 840000000. 1.04283E-4263110  5  422
 880000000. 1.10863E-4 920000000. 1.36720E-4 960000000. 1.60370E-4263110  5  423
 1.00000E+9 0.0                                                   263110  5  424
 0.0        0.0             12024          0          1         19263110  5  425
         19          1                                            263110  5  426
 280000000. 7.22810E-6 320000000. 1.37128E-5 360000000. 2.32088E-5263110  5  427
 400000000. 4.36267E-5 440000000. 7.47226E-5 480000000. 1.12452E-4263110  5  428
 520000000. 1.70860E-4 560000000. 2.51807E-4 600000000. 3.35957E-4263110  5  429
 640000000. 4.30440E-4 680000000. 5.35628E-4 720000000. 6.68947E-4263110  5  430
 760000000. 8.14810E-4 800000000. 9.68671E-4 840000000. .001163286263110  5  431
 880000000. .001338035 920000000. .001470156 960000000. .001714657263110  5  432
 1.00000E+9 0.0                                                   263110  5  433
 0.0        0.0             12025          0          1         20263110  5  434
         20          1                                            263110  5  435
 240000000. 4.48645E-6 280000000. 5.21775E-6 320000000. 1.36491E-5263110  5  436
 360000000. 2.78328E-5 400000000. 5.35322E-5 440000000. 9.67369E-5263110  5  437
 480000000. 1.53797E-4 520000000. 2.08072E-4 560000000. 2.90879E-4263110  5  438
 600000000. 3.99939E-4 640000000. 5.02148E-4 680000000. 6.39054E-4263110  5  439
 720000000. 8.08869E-4 760000000. 9.48256E-4 800000000. .001093961263110  5  440
 840000000. .001262294 880000000. .001427704 920000000. .001632264263110  5  441
 960000000. .001833337 1.00000E+9 0.0                             263110  5  442
 0.0        0.0             12026          0          1         19263110  5  443
         19          1                                            263110  5  444
 280000000. 4.15307E-6 320000000. 8.76448E-6 360000000. 1.96691E-5263110  5  445
 400000000. 3.58375E-5 440000000. 5.20139E-5 480000000. 7.17933E-5263110  5  446
 520000000. 1.03955E-4 560000000. 1.47728E-4 600000000. 1.92270E-4263110  5  447
 640000000. 2.53650E-4 680000000. 3.21333E-4 720000000. 3.63663E-4263110  5  448
 760000000. 4.13393E-4 800000000. 4.99432E-4 840000000. 5.72142E-4263110  5  449
 880000000. 6.37516E-4 920000000. 7.43021E-4 960000000. 8.38285E-4263110  5  450
 1.00000E+9 0.0                                                   263110  5  451
 0.0        0.0             12027          0          1         17263110  5  452
         17          1                                            263110  5  453
 360000000. 7.99510E-6 400000000. 1.12534E-5 440000000. 1.33726E-5263110  5  454
 480000000. 1.93980E-5 520000000. 3.10737E-5 560000000. 4.18000E-5263110  5  455
 600000000. 4.96800E-5 640000000. 5.95449E-5 680000000. 7.52529E-5263110  5  456
 720000000. 9.37637E-5 760000000. 1.14732E-4 800000000. 1.31126E-4263110  5  457
 840000000. 1.46597E-4 880000000. 1.70983E-4 920000000. 1.91383E-4263110  5  458
 960000000. 2.01174E-4 1.00000E+9 0.0                             263110  5  459
 0.0        0.0             12028          0          1         14263110  5  460
         14          1                                            263110  5  461
 480000000. 4.77040E-6 520000000. 5.54844E-6 560000000. 8.94757E-6263110  5  462
 600000000. 1.20434E-5 640000000. 1.47897E-5 680000000. 1.87197E-5263110  5  463
 720000000. 2.15286E-5 760000000. 2.66451E-5 800000000. 3.25840E-5263110  5  464
 840000000. 3.30752E-5 880000000. 3.35778E-5 920000000. 3.53720E-5263110  5  465
 960000000. 3.84061E-5 1.00000E+9 0.0                             263110  5  466
 0.0        0.0             12029          0          1          8263110  5  467
          8          1                                            263110  5  468
 720000000. 5.38337E-6 760000000. 5.41138E-6 800000000. 5.43244E-6263110  5  469
 840000000. 5.44645E-6 880000000. 5.46740E-6 920000000. 5.11060E-6263110  5  470
 960000000. 6.33161E-6 1.00000E+9 0.0                             263110  5  471
 0.0        0.0             13024          0          1         11263110  5  472
         11          1                                            263110  5  473
 600000000. 4.83406E-6 640000000. 5.50884E-6 680000000. 6.18360E-6263110  5  474
 720000000. 6.85834E-6 760000000. 7.53307E-6 800000000. 8.20777E-6263110  5  475
 840000000. 8.04766E-6 880000000. 7.03938E-6 920000000. 6.03113E-6263110  5  476
 960000000. 6.33400E-6 1.00000E+9 0.0                             263110  5  477
 0.0        0.0             13025          0          1         15263110  5  478
         15          1                                            263110  5  479
 440000000. 7.94372E-6 480000000. 1.35405E-5 520000000. 2.10913E-5263110  5  480
 560000000. 2.83592E-5 600000000. 4.13560E-5 640000000. 5.27417E-5263110  5  481
 680000000. 6.41646E-5 720000000. 8.45270E-5 760000000. 9.70114E-5263110  5  482
 800000000. 1.12819E-4 840000000. 1.29921E-4 880000000. 1.42882E-4263110  5  483
 920000000. 1.76784E-4 960000000. 1.95653E-4 1.00000E+9 0.0       263110  5  484
 0.0        0.0             13026          0          1         19263110  5  485
         19          1                                            263110  5  486
 280000000. 1.07405E-5 320000000. 1.75530E-5 360000000. 3.96392E-5263110  5  487
 400000000. 7.20490E-5 440000000. 1.15152E-4 480000000. 1.73990E-4263110  5  488
 520000000. 2.46428E-4 560000000. 3.40257E-4 600000000. 4.43208E-4263110  5  489
 640000000. 5.61280E-4 680000000. 6.96097E-4 720000000. 8.32827E-4263110  5  490
 760000000. 9.99370E-4 800000000. .001157452 840000000. .001323981263110  5  491
 880000000. .001517996 920000000. .001695269 960000000. .001886405263110  5  492
 1.00000E+9 0.0                                                   263110  5  493
 0.0        0.0             13027          0          1         21263110  5  494
         21          1                                            263110  5  495
 200000000. 5.78284E-6 240000000. 9.27357E-6 280000000. 2.20256E-5263110  5  496
 320000000. 5.26422E-5 360000000. 9.43599E-5 400000000. 1.59664E-4263110  5  497
 440000000. 2.63159E-4 480000000. 3.93042E-4 520000000. 5.59051E-4263110  5  498
 560000000. 7.24504E-4 600000000. 8.95785E-4 640000000. .001146762263110  5  499
 680000000. .001399995 720000000. .001616599 760000000. .001912614263110  5  500
 800000000. .002196804 840000000. .002429453 880000000. .002753894263110  5  501
 920000000. .003086391 960000000. .003372571 1.00000E+9 0.0       263110  5  502
 0.0        0.0             13028          0          1         19263110  5  503
         19          1                                            263110  5  504
 280000000. 1.06766E-5 320000000. 2.42189E-5 360000000. 4.88419E-5263110  5  505
 400000000. 8.37619E-5 440000000. 1.13804E-4 480000000. 1.65123E-4263110  5  506
 520000000. 2.35041E-4 560000000. 2.88189E-4 600000000. 3.64870E-4263110  5  507
 640000000. 4.69162E-4 680000000. 5.72708E-4 720000000. 6.75306E-4263110  5  508
 760000000. 7.63944E-4 800000000. 8.60647E-4 840000000. 9.79961E-4263110  5  509
 880000000. .001071477 920000000. .001177658 960000000. .001294874263110  5  510
 1.00000E+9 0.0                                                   263110  5  511
 0.0        0.0             13029          0          1         19263110  5  512
         19          1                                            263110  5  513
 280000000. 4.50539E-6 320000000. 7.71940E-6 360000000. 1.85844E-5263110  5  514
 400000000. 3.05449E-5 440000000. 4.04508E-5 480000000. 5.67748E-5263110  5  515
 520000000. 7.88232E-5 560000000. 1.07819E-4 600000000. 1.29870E-4263110  5  516
 640000000. 1.56229E-4 680000000. 1.86878E-4 720000000. 2.14830E-4263110  5  517
 760000000. 2.60753E-4 800000000. 2.89073E-4 840000000. 3.11864E-4263110  5  518
 880000000. 3.40507E-4 920000000. 3.53707E-4 960000000. 3.83289E-4263110  5  519
 1.00000E+9 0.0                                                   263110  5  520
 0.0        0.0             13030          0          1         16263110  5  521
         16          1                                            263110  5  522
 400000000. 6.39864E-6 440000000. 1.18952E-5 480000000. 1.79676E-5263110  5  523
 520000000. 1.63206E-5 560000000. 2.30909E-5 600000000. 2.97631E-5263110  5  524
 640000000. 3.33608E-5 680000000. 4.05165E-5 720000000. 4.53493E-5263110  5  525
 760000000. 4.79382E-5 800000000. 5.58127E-5 840000000. 6.57438E-5263110  5  526
 880000000. 7.14420E-5 920000000. 7.97748E-5 960000000. 8.27701E-5263110  5  527
 1.00000E+9 0.0                                                   263110  5  528
 0.0        0.0             13031          0          1         13263110  5  529
         13          1                                            263110  5  530
 520000000. 5.54844E-6 560000000. 5.98176E-6 600000000. 4.89724E-6263110  5  531
 640000000. 5.68577E-6 680000000. 8.02053E-6 720000000. 9.22858E-6263110  5  532
 760000000. 8.89241E-6 800000000. 1.04635E-5 840000000. 1.39948E-5263110  5  533
 880000000. 1.36777E-5 920000000. 1.21824E-5 960000000. 1.46467E-5263110  5  534
 1.00000E+9 0.0                                                   263110  5  535
 0.0        0.0             14026          0          1          8263110  5  536
          8          1                                            263110  5  537
 720000000. 5.38337E-6 760000000. 7.71675E-6 800000000. 1.00889E-5263110  5  538
 840000000. 1.01149E-5 880000000. 1.09310E-5 920000000. 1.02238E-5263110  5  539
 960000000. 1.18710E-5 1.00000E+9 0.0                             263110  5  540
 0.0        0.0             14027          0          1         18263110  5  541
         18          1                                            263110  5  542
 320000000. 3.87953E-6 360000000. 5.27125E-6 400000000. 1.13435E-5263110  5  543
 440000000. 2.27307E-5 480000000. 3.26221E-5 520000000. 4.54897E-5263110  5  544
 560000000. 6.19579E-5 600000000. 8.01190E-5 640000000. 1.03916E-4263110  5  545
 680000000. 1.34065E-4 720000000. 1.52660E-4 760000000. 1.63824E-4263110  5  546
 800000000. 2.03909E-4 840000000. 2.33418E-4 880000000. 2.56078E-4263110  5  547
 920000000. 3.03335E-4 960000000. 3.38574E-4 1.00000E+9 0.0       263110  5  548
 0.0        0.0             14028          0          1         20263110  5  549
         20          1                                            263110  5  550
 240000000. 7.82649E-6 280000000. 3.05881E-5 320000000. 6.95456E-5263110  5  551
 360000000. 1.19329E-4 400000000. 1.93422E-4 440000000. 3.15466E-4263110  5  552
 480000000. 4.59456E-4 520000000. 6.24611E-4 560000000. 8.22885E-4263110  5  553
 600000000. .001058969 640000000. .001318135 680000000. .001531615263110  5  554
 720000000. .001800756 760000000. .002093168 800000000. .002399488263110  5  555
 840000000. .002697286 880000000. .002988218 920000000. .003315901263110  5  556
 960000000. .003591583 1.00000E+9 0.0                             263110  5  557
 0.0        0.0             14029          0          1         22263110  5  558
         22          1                                            263110  5  559
 180000000. 4.49461E-6 200000000. 7.16139E-6 240000000. 2.10601E-5263110  5  560
 280000000. 5.51753E-5 320000000. 1.13060E-4 360000000. 1.92649E-4263110  5  561
 400000000. 3.30983E-4 440000000. 5.14597E-4 480000000. 7.16938E-4263110  5  562
 520000000. 9.62638E-4 560000000. .001249762 600000000. .001561521263110  5  563
 640000000. .001875803 680000000. .002246867 720000000. .002620313263110  5  564
 760000000. .002973195 800000000. .003356757 840000000. .003699914263110  5  565
 880000000. .004018969 920000000. .004385924 960000000. .004807896263110  5  566
 1.00000E+9 0.0                                                   263110  5  567
 0.0        0.0             14030          0          1         21263110  5  568
         21          1                                            263110  5  569
 200000000. 8.14090E-6 240000000. 1.77717E-5 280000000. 3.76026E-5263110  5  570
 320000000. 7.79317E-5 360000000. 1.44239E-4 400000000. 2.37790E-4263110  5  571
 440000000. 3.45978E-4 480000000. 4.91545E-4 520000000. 6.23632E-4263110  5  572
 560000000. 7.75345E-4 600000000. 9.74627E-4 640000000. .001154360263110  5  573
 680000000. .001381123 720000000. .001556734 760000000. .001718608263110  5  574
 800000000. .001947978 840000000. .002153836 880000000. .002345510263110  5  575
 920000000. .002511236 960000000. .002715550 1.00000E+9 0.0       263110  5  576
 0.0        0.0             14031          0          1         20263110  5  577
         20          1                                            263110  5  578
 240000000. 8.21435E-6 280000000. 1.72424E-5 320000000. 2.84942E-5263110  5  579
 360000000. 4.67635E-5 400000000. 7.80843E-5 440000000. 1.08009E-4263110  5  580
 480000000. 1.55257E-4 520000000. 1.99635E-4 560000000. 2.55881E-4263110  5  581
 600000000. 3.13949E-4 640000000. 3.42599E-4 680000000. 3.77969E-4263110  5  582
 720000000. 4.26246E-4 760000000. 5.13754E-4 800000000. 5.77730E-4263110  5  583
 840000000. 5.97861E-4 880000000. 6.34111E-4 920000000. 6.99845E-4263110  5  584
 960000000. 7.61897E-4 1.00000E+9 0.0                             263110  5  585
 0.0        0.0             14032          0          1         19263110  5  586
         19          1                                            263110  5  587
 280000000. 6.60855E-6 320000000. 1.19075E-5 360000000. 1.97910E-5263110  5  588
 400000000. 2.02707E-5 440000000. 2.95792E-5 480000000. 3.77937E-5263110  5  589
 520000000. 3.92433E-5 560000000. 5.03711E-5 600000000. 6.80807E-5263110  5  590
 640000000. 8.64838E-5 680000000. 1.05820E-4 720000000. 1.21483E-4263110  5  591
 760000000. 1.21010E-4 800000000. 1.28743E-4 840000000. 1.41609E-4263110  5  592
 880000000. 1.59642E-4 920000000. 1.69425E-4 960000000. 1.70659E-4263110  5  593
 1.00000E+9 0.0                                                   263110  5  594
 0.0        0.0             14033          0          1         17263110  5  595
         17          1                                            263110  5  596
 360000000. 3.53955E-6 400000000. 4.26048E-6 440000000. 6.49780E-6263110  5  597
 480000000. 8.43262E-6 520000000. 8.89226E-6 560000000. 1.00765E-5263110  5  598
 600000000. 1.31652E-5 640000000. 1.55575E-5 680000000. 1.60550E-5263110  5  599
 720000000. 1.92063E-5 760000000. 2.24185E-5 800000000. 2.36618E-5263110  5  600
 840000000. 2.60572E-5 880000000. 2.81142E-5 920000000. 3.30012E-5263110  5  601
 960000000. 3.01192E-5 1.00000E+9 0.0                             263110  5  602
 0.0        0.0             14034          0          1          7263110  5  603
          7          1                                            263110  5  604
 760000000. 5.98788E-6 800000000. 5.62326E-6 840000000. 4.67339E-6263110  5  605
 880000000. 4.68252E-6 920000000. 4.71890E-6 960000000. 4.74994E-6263110  5  606
 1.00000E+9 0.0                                                   263110  5  607
 0.0        0.0             15028          0          1         11263110  5  608
         11          1                                            263110  5  609
 600000000. 4.43071E-6 640000000. 5.80679E-6 680000000. 7.18281E-6263110  5  610
 720000000. 8.55879E-6 760000000. 8.12393E-6 800000000. 7.36992E-6263110  5  611
 840000000. 9.71317E-6 880000000. 1.59909E-5 920000000. 1.76950E-5263110  5  612
 960000000. 1.70231E-5 1.00000E+9 0.0                             263110  5  613
 0.0        0.0             15029          0          1         17263110  5  614
         17          1                                            263110  5  615
 360000000. 1.19887E-5 400000000. 2.16285E-5 440000000. 3.89820E-5263110  5  616
 480000000. 5.16930E-5 520000000. 7.10026E-5 560000000. 8.96317E-5263110  5  617
 600000000. 1.09819E-4 640000000. 1.37335E-4 680000000. 1.56670E-4263110  5  618
 720000000. 1.86376E-4 760000000. 2.12552E-4 800000000. 2.25405E-4263110  5  619
 840000000. 2.49257E-4 880000000. 2.88109E-4 920000000. 3.15188E-4263110  5  620
 960000000. 3.40920E-4 1.00000E+9 0.0                             263110  5  621
 0.0        0.0             15030          0          1         20263110  5  622
         20          1                                            263110  5  623
 240000000. 2.24723E-5 280000000. 4.97092E-5 320000000. 9.34234E-5263110  5  624
 360000000. 1.77836E-4 400000000. 3.03451E-4 440000000. 4.38450E-4263110  5  625
 480000000. 6.14646E-4 520000000. 8.06690E-4 560000000. .001029872263110  5  626
 600000000. .001277614 640000000. .001503336 680000000. .001780452263110  5  627
 720000000. .002016398 760000000. .002267513 800000000. .002567926263110  5  628
 840000000. .002801517 880000000. .003021367 920000000. .003309103263110  5  629
 960000000. .003589293 1.00000E+9 0.0                             263110  5  630
 0.0        0.0             15031          0          1         22263110  5  631
         22          1                                            263110  5  632
 180000000. 8.59158E-6 200000000. 2.60704E-5 240000000. 7.75975E-5263110  5  633
 280000000. 1.62708E-4 320000000. 3.03033E-4 360000000. 5.32889E-4263110  5  634
 400000000. 8.16926E-4 440000000. .001159196 480000000. .001586415263110  5  635
 520000000. .002036453 560000000. .002435183 600000000. .002970655263110  5  636
 640000000. .003533295 680000000. .004024006 720000000. .004606745263110  5  637
 760000000. .005142543 800000000. .005564728 840000000. .006055640263110  5  638
 880000000. .006622209 920000000. .007100520 960000000. .007501043263110  5  639
 1.00000E+9 0.0                                                   263110  5  640
 0.0        0.0             15032          0          1         22263110  5  641
         22          1                                            263110  5  642
 180000000. 8.90116E-6 200000000. 2.07949E-5 240000000. 4.83895E-5263110  5  643
 280000000. 1.04254E-4 320000000. 1.86224E-4 360000000. 3.02517E-4263110  5  644
 400000000. 4.71368E-4 440000000. 6.76801E-4 480000000. 8.89377E-4263110  5  645
 520000000. .001115776 560000000. .001374308 600000000. .001646019263110  5  646
 640000000. .001934627 680000000. .002177725 720000000. .002406267263110  5  647
 760000000. .002612163 800000000. .002843870 840000000. .003096166263110  5  648
 880000000. .003298654 920000000. .003535330 960000000. .003734682263110  5  649
 1.00000E+9 0.0                                                   263110  5  650
 0.0        0.0             15033          0          1         21263110  5  651
         21          1                                            263110  5  652
 200000000. 1.08547E-5 240000000. 2.55983E-5 280000000. 5.07662E-5263110  5  653
 320000000. 9.34234E-5 360000000. 1.45627E-4 400000000. 1.99933E-4263110  5  654
 440000000. 2.73024E-4 480000000. 3.52211E-4 520000000. 4.52971E-4263110  5  655
 560000000. 5.67029E-4 600000000. 6.55634E-4 640000000. 7.43967E-4263110  5  656
 680000000. 8.23614E-4 720000000. 8.94173E-4 760000000. 9.76520E-4263110  5  657
 800000000. .001051399 840000000. .001152255 880000000. .001249950263110  5  658
 920000000. .001277349 960000000. .001328103 1.00000E+9 0.0       263110  5  659
 0.0        0.0             15034          0          1         21263110  5  660
         21          1                                            263110  5  661
 200000000. 5.45421E-6 240000000. 9.59725E-6 280000000. 1.72633E-5263110  5  662
 320000000. 2.74335E-5 360000000. 4.18997E-5 400000000. 5.79035E-5263110  5  663
 440000000. 7.11698E-5 480000000. 9.26904E-5 520000000. 1.24719E-4263110  5  664
 560000000. 1.56773E-4 600000000. 1.85898E-4 640000000. 2.05297E-4263110  5  665
 680000000. 2.19366E-4 720000000. 2.49814E-4 760000000. 2.70189E-4263110  5  666
 800000000. 2.79316E-4 840000000. 2.94463E-4 880000000. 3.16248E-4263110  5  667
 920000000. 3.28585E-4 960000000. 3.34222E-4 1.00000E+9 0.0       263110  5  668
 0.0        0.0             15035          0          1         18263110  5  669
         18          1                                            263110  5  670
 320000000. 5.96969E-6 360000000. 8.13335E-6 400000000. 1.10013E-5263110  5  671
 440000000. 1.51732E-5 480000000. 1.97832E-5 520000000. 2.44415E-5263110  5  672
 560000000. 2.94825E-5 600000000. 3.12639E-5 640000000. 4.20498E-5263110  5  673
 680000000. 5.08685E-5 720000000. 4.72939E-5 760000000. 4.98504E-5263110  5  674
 800000000. 5.00693E-5 840000000. 5.17183E-5 880000000. 6.59481E-5263110  5  675
 920000000. 7.62495E-5 960000000. 7.68266E-5 1.00000E+9 0.0       263110  5  676
 0.0        0.0             15036          0          1         10263110  5  677
         10          1                                            263110  5  678
 640000000. 8.72662E-6 680000000. 8.41477E-6 720000000. 7.30844E-6263110  5  679
 760000000. 9.64696E-6 800000000. 9.71928E-6 840000000. 8.16207E-6263110  5  680
 880000000. 8.98402E-6 920000000. 7.86306E-6 960000000. 8.31290E-6263110  5  681
 1.00000E+9 0.0                                                   263110  5  682
 0.0        0.0             16030          0          1         12263110  5  683
         12          1                                            263110  5  684
 560000000. 6.34691E-6 600000000. 1.12647E-5 640000000. 1.40536E-5263110  5  685
 680000000. 1.26125E-5 720000000. 1.57484E-5 760000000. 1.39427E-5263110  5  686
 800000000. 1.31667E-5 840000000. 1.47985E-5 880000000. 1.36626E-5263110  5  687
 920000000. 1.49346E-5 960000000. 1.93919E-5 1.00000E+9 0.0       263110  5  688
 0.0        0.0             16031          0          1         20263110  5  689
         20          1                                            263110  5  690
 240000000. 4.46889E-6 280000000. 1.16907E-5 320000000. 1.93734E-5263110  5  691
 360000000. 2.64018E-5 400000000. 4.82344E-5 440000000. 6.90145E-5263110  5  692
 480000000. 9.63004E-5 520000000. 1.21141E-4 560000000. 1.46987E-4263110  5  693
 600000000. 1.91883E-4 640000000. 2.21971E-4 680000000. 2.48372E-4263110  5  694
 720000000. 2.84815E-4 760000000. 3.33400E-4 800000000. 3.70141E-4263110  5  695
 840000000. 4.21422E-4 880000000. 4.60079E-4 920000000. 4.60216E-4263110  5  696
 960000000. 4.83895E-4 1.00000E+9 0.0                             263110  5  697
 0.0        0.0             16032          0          1         22263110  5  698
         22          1                                            263110  5  699
 180000000. 9.31354E-6 200000000. 2.97200E-5 240000000. 8.45183E-5263110  5  700
 280000000. 1.74749E-4 320000000. 3.13349E-4 360000000. 4.95861E-4263110  5  701
 400000000. 7.65540E-4 440000000. .001096893 480000000. .001441514263110  5  702
 520000000. .001812177 560000000. .002212956 600000000. .002651122263110  5  703
 640000000. .003066541 680000000. .003414685 720000000. .003787373263110  5  704
 760000000. .004161632 800000000. .004556587 840000000. .004948738263110  5  705
 880000000. .005200598 920000000. .005497410 960000000. .005856392263110  5  706
 1.00000E+9 0.0                                                   263110  5  707
 0.0        0.0             16033          0          1         23263110  5  708
         23          1                                            263110  5  709
 160000000. 1.24412E-5 180000000. 2.95034E-5 200000000. 8.57948E-5263110  5  710
 240000000. 2.08466E-4 280000000. 3.98397E-4 320000000. 6.88938E-4263110  5  711
 360000000. .001027233 400000000. .001459753 440000000. .002002552263110  5  712
 480000000. .002578356 520000000. .003205001 560000000. .003874134263110  5  713
 600000000. .004541433 640000000. .005196345 680000000. .005832950263110  5  714
 720000000. .006427096 760000000. .006980836 800000000. .007473107263110  5  715
 840000000. .007972728 880000000. .008418584 920000000. .008879981263110  5  716
 960000000. .009367823 1.00000E+9 0.0                             263110  5  717
 0.0        0.0             16034          0          1         24263110  5  718
         24          1                                            263110  5  719
 140000000. 7.94641E-6 160000000. 1.76107E-5 180000000. 3.78002E-5263110  5  720
 200000000. 9.37521E-5 240000000. 2.17368E-4 280000000. 3.79097E-4263110  5  721
 320000000. 6.23571E-4 360000000. 9.32344E-4 400000000. .001280422263110  5  722
 440000000. .001738742 480000000. .002219856 520000000. .002632877263110  5  723
 560000000. .003131863 600000000. .003675270 640000000. .004078861263110  5  724
 680000000. .004422713 720000000. .004811742 760000000. .005157557263110  5  725
 800000000. .005476940 840000000. .005805889 880000000. .006100085263110  5  726
 920000000. .006438810 960000000. .006732543 1.00000E+9 0.0       263110  5  727
 0.0        0.0             16035          0          1         23263110  5  728
         23          1                                            263110  5  729
 160000000. 8.96099E-6 180000000. 1.75661E-5 200000000. 3.54081E-5263110  5  730
 240000000. 8.48544E-5 280000000. 1.65197E-4 320000000. 2.56688E-4263110  5  731
 360000000. 3.49409E-4 400000000. 4.74004E-4 440000000. 6.20649E-4263110  5  732
 480000000. 7.98016E-4 520000000. 9.41980E-4 560000000. .001039770263110  5  733
 600000000. .001224029 640000000. .001417445 680000000. .001520138263110  5  734
 720000000. .001632530 760000000. .001769611 800000000. .001869605263110  5  735
 840000000. .001941521 880000000. .002031998 920000000. .002139122263110  5  736
 960000000. .002221605 1.00000E+9 0.0                             263110  5  737
 0.0        0.0             16036          0          1         22263110  5  738
         22          1                                            263110  5  739
 180000000. 5.51153E-6 200000000. 1.39020E-5 240000000. 3.14277E-5263110  5  740
 280000000. 4.67729E-5 320000000. 8.21047E-5 360000000. 1.17772E-4263110  5  741
 400000000. 1.40993E-4 440000000. 1.84218E-4 480000000. 2.26531E-4263110  5  742
 520000000. 2.62191E-4 560000000. 3.02387E-4 600000000. 3.42149E-4263110  5  743
 640000000. 3.84303E-4 680000000. 4.35638E-4 720000000. 4.66026E-4263110  5  744
 760000000. 4.84240E-4 800000000. 5.12881E-4 840000000. 5.50720E-4263110  5  745
 880000000. 6.07501E-4 920000000. 6.30453E-4 960000000. 6.20969E-4263110  5  746
 1.00000E+9 0.0                                                   263110  5  747
 0.0        0.0             16037          0          1         21263110  5  748
         21          1                                            263110  5  749
 200000000. 4.44776E-6 240000000. 6.18237E-6 280000000. 1.00143E-5263110  5  750
 320000000. 1.82652E-5 360000000. 2.50927E-5 400000000. 2.98393E-5263110  5  751
 440000000. 3.43346E-5 480000000. 4.57726E-5 520000000. 4.82343E-5263110  5  752
 560000000. 5.07194E-5 600000000. 6.92280E-5 640000000. 8.00625E-5263110  5  753
 680000000. 8.71344E-5 720000000. 1.02598E-4 760000000. 1.04807E-4263110  5  754
 800000000. 1.00465E-4 840000000. 1.08523E-4 880000000. 1.10139E-4263110  5  755
 920000000. 1.19057E-4 960000000. 1.28317E-4 1.00000E+9 0.0       263110  5  756
 0.0        0.0             16038          0          1         17263110  5  757
         17          1                                            263110  5  758
 360000000. 6.34074E-6 400000000. 7.46780E-6 440000000. 7.94821E-6263110  5  759
 480000000. 6.61736E-6 520000000. 9.22275E-6 560000000. 1.38227E-5263110  5  760
 600000000. 1.13107E-5 640000000. 7.97689E-6 680000000. 1.02997E-5263110  5  761
 720000000. 1.30786E-5 760000000. 1.23687E-5 800000000. 1.31876E-5263110  5  762
 840000000. 1.63242E-5 880000000. 1.99114E-5 920000000. 2.23985E-5263110  5  763
 960000000. 2.49458E-5 1.00000E+9 0.0                             263110  5  764
 0.0        0.0             16039          0          1          8263110  5  765
          8          1                                            263110  5  766
 720000000. 3.84273E-6 760000000. 3.85774E-6 800000000. 3.87274E-6263110  5  767
 840000000. 3.88774E-6 880000000. 4.04007E-6 920000000. 4.33182E-6263110  5  768
 960000000. 4.62356E-6 1.00000E+9 0.0                             263110  5  769
 0.0        0.0             17032          0          1         13263110  5  770
         13          1                                            263110  5  771
 520000000. 4.80743E-6 560000000. 6.71765E-6 600000000. 6.78241E-6263110  5  772
 640000000. 9.08976E-6 680000000. 1.10930E-5 720000000. 9.99772E-6263110  5  773
 760000000. 1.35080E-5 800000000. 1.97712E-5 840000000. 2.02449E-5263110  5  774
 880000000. 1.91305E-5 920000000. 2.04374E-5 960000000. 1.90143E-5263110  5  775
 1.00000E+9 0.0                                                   263110  5  776
 0.0        0.0             17033          0          1         19263110  5  777
         19          1                                            263110  5  778
 280000000. 1.51608E-5 320000000. 2.63806E-5 360000000. 3.87521E-5263110  5  779
 400000000. 5.92782E-5 440000000. 8.84615E-5 480000000. 1.19464E-4263110  5  780
 520000000. 1.51397E-4 560000000. 1.83672E-4 600000000. 2.16004E-4263110  5  781
 640000000. 2.46239E-4 680000000. 2.92992E-4 720000000. 3.33741E-4263110  5  782
 760000000. 3.43603E-4 800000000. 3.65026E-4 840000000. 4.04452E-4263110  5  783
 880000000. 4.29183E-4 920000000. 4.30368E-4 960000000. 4.49034E-4263110  5  784
 1.00000E+9 0.0                                                   263110  5  785
 0.0        0.0             17034          0          1         23263110  5  786
         23          1                                            263110  5  787
 160000000. 7.93895E-6 180000000. 2.05731E-5 200000000. 5.23581E-5263110  5  788
 240000000. 1.34872E-4 280000000. 2.77736E-4 320000000. 4.53489E-4263110  5  789
 360000000. 6.54911E-4 400000000. 9.16057E-4 440000000. .001246089263110  5  790
 480000000. .001553073 520000000. .001888694 560000000. .002290068263110  5  791
 600000000. .002625686 640000000. .002872781 680000000. .003163730263110  5  792
 720000000. .003500939 760000000. .003775298 800000000. .004035385263110  5  793
 840000000. .004260521 880000000. .004436793 920000000. .004640880263110  5  794
 960000000. .004810784 1.00000E+9 0.0                             263110  5  795
 0.0        0.0             17035          0          1         24263110  5  796
         24          1                                            263110  5  797
 140000000. 2.26772E-5 160000000. 5.83715E-5 180000000. 1.24391E-4263110  5  798
 200000000. 2.81065E-4 240000000. 5.86883E-4 280000000. 9.95057E-4263110  5  799
 320000000. .001550035 360000000. .002227134 400000000. .002975312263110  5  800
 440000000. .003839288 480000000. .004761985 520000000. .005751821263110  5  801
 560000000. .006559537 600000000. .007336670 640000000. .008191787263110  5  802
 680000000. .008952803 720000000. .009683614 760000000. .010274786263110  5  803
 800000000. .010761154 840000000. .011239550 880000000. .011867703263110  5  804
 920000000. .012435659 960000000. .012803286 1.00000E+9 0.0       263110  5  805
 0.0        0.0             17036          0          1         25263110  5  806
         25          1                                            263110  5  807
 120000000. 5.20110E-6 140000000. 2.77422E-5 160000000. 7.87375E-5263110  5  808
 180000000. 1.35162E-4 200000000. 2.61801E-4 240000000. 5.02478E-4263110  5  809
 280000000. 8.10463E-4 320000000. .001215060 360000000. .001737275263110  5  810
 400000000. .002270937 440000000. .002787334 480000000. .003358877263110  5  811
 520000000. .004005486 560000000. .004638898 600000000. .005117950263110  5  812
 640000000. .005632069 680000000. .006089654 720000000. .006486492263110  5  813
 760000000. .006900257 800000000. .007282915 840000000. .007547854263110  5  814
 880000000. .007685115 920000000. .007939493 960000000. .008197809263110  5  815
 1.00000E+9 0.0                                                   263110  5  816
 0.0        0.0             17037          0          1         24263110  5  817
         24          1                                            263110  5  818
 140000000. 2.28014E-5 160000000. 4.15594E-5 180000000. 7.19297E-5263110  5  819
 200000000. 1.45121E-4 240000000. 2.78018E-4 280000000. 4.49362E-4263110  5  820
 320000000. 6.58282E-4 360000000. 8.41655E-4 400000000. .001029337263110  5  821
 440000000. .001326381 480000000. .001595149 520000000. .001822990263110  5  822
 560000000. .002063684 600000000. .002294108 640000000. .002511171263110  5  823
 680000000. .002697154 720000000. .002858546 760000000. .002999419263110  5  824
 800000000. .003112533 840000000. .003190994 880000000. .003258444263110  5  825
 920000000. .003376209 960000000. .003554105 1.00000E+9 0.0       263110  5  826
 0.0        0.0             17038          0          1         24263110  5  827
         24          1                                            263110  5  828
 140000000. 5.88628E-6 160000000. 1.31084E-5 180000000. 2.88695E-5263110  5  829
 200000000. 5.36413E-5 240000000. 8.50021E-5 280000000. 1.36872E-4263110  5  830
 320000000. 1.94957E-4 360000000. 2.51600E-4 400000000. 3.20764E-4263110  5  831
 440000000. 3.82303E-4 480000000. 4.53005E-4 520000000. 5.50887E-4263110  5  832
 560000000. 6.26241E-4 600000000. 6.82774E-4 640000000. 7.46742E-4263110  5  833
 680000000. 8.17432E-4 720000000. 8.85033E-4 760000000. 9.24112E-4263110  5  834
 800000000. 9.29019E-4 840000000. 9.26628E-4 880000000. 9.29877E-4263110  5  835
 920000000. 9.64765E-4 960000000. .001009863 1.00000E+9 0.0       263110  5  836
 0.0        0.0             17039          0          1         23263110  5  837
         23          1                                            263110  5  838
 160000000. 6.03251E-6 180000000. 9.81072E-6 200000000. 1.57230E-5263110  5  839
 240000000. 1.86331E-5 280000000. 3.40899E-5 320000000. 4.65700E-5263110  5  840
 360000000. 5.42197E-5 400000000. 8.06020E-5 440000000. 9.36320E-5263110  5  841
 480000000. 1.04450E-4 520000000. 1.33613E-4 560000000. 1.53876E-4263110  5  842
 600000000. 1.61490E-4 640000000. 1.71144E-4 680000000. 1.75468E-4263110  5  843
 720000000. 1.87577E-4 760000000. 1.93692E-4 800000000. 1.92817E-4263110  5  844
 840000000. 2.08068E-4 880000000. 2.10145E-4 920000000. 2.02015E-4263110  5  845
 960000000. 2.12632E-4 1.00000E+9 0.0                             263110  5  846
 0.0        0.0             17040          0          1         18263110  5  847
         18          1                                            263110  5  848
 320000000. 5.30466E-6 360000000. 5.61761E-6 400000000. 9.93764E-6263110  5  849
 440000000. 1.37274E-5 480000000. 1.46751E-5 520000000. 1.84887E-5263110  5  850
 560000000. 2.13045E-5 600000000. 2.55626E-5 640000000. 2.84849E-5263110  5  851
 680000000. 3.24478E-5 720000000. 3.57883E-5 760000000. 3.40004E-5263110  5  852
 800000000. 3.64746E-5 840000000. 3.46362E-5 880000000. 3.55246E-5263110  5  853
 920000000. 3.89082E-5 960000000. 3.56545E-5 1.00000E+9 0.0       263110  5  854
 0.0        0.0             17041          0          1         10263110  5  855
         10          1                                            263110  5  856
 640000000. 4.93289E-6 680000000. 5.73418E-6 720000000. 6.53546E-6263110  5  857
 760000000. 5.80478E-6 800000000. 5.04174E-6 840000000. 5.64418E-6263110  5  858
 880000000. 6.05680E-6 920000000. 5.11323E-6 960000000. 5.93443E-6263110  5  859
 1.00000E+9 0.0                                                   263110  5  860
 0.0        0.0             18034          0          1         16263110  5  861
         16          1                                            263110  5  862
 400000000. 4.26583E-6 440000000. 4.33788E-6 480000000. 7.67804E-6263110  5  863
 520000000. 8.91076E-6 560000000. 8.20609E-6 600000000. 9.04151E-6263110  5  864
 640000000. 1.21211E-5 680000000. 1.56752E-5 720000000. 1.65272E-5263110  5  865
 760000000. 2.20067E-5 800000000. 2.44590E-5 840000000. 2.41097E-5263110  5  866
 880000000. 2.38315E-5 920000000. 2.55352E-5 960000000. 2.81214E-5263110  5  867
 1.00000E+9 0.0                                                   263110  5  868
 0.0        0.0             18035          0          1         21263110  5  869
         21          1                                            263110  5  870
 200000000. 6.49385E-6 240000000. 1.93471E-5 280000000. 4.04528E-5263110  5  871
 320000000. 6.25786E-5 360000000. 8.95853E-5 400000000. 1.20750E-4263110  5  872
 440000000. 1.57853E-4 480000000. 1.89902E-4 520000000. 2.36102E-4263110  5  873
 560000000. 2.87490E-4 600000000. 3.16195E-4 640000000. 3.46025E-4263110  5  874
 680000000. 3.84825E-4 720000000. 4.13710E-4 760000000. 4.47829E-4263110  5  875
 800000000. 4.83050E-4 840000000. 5.04490E-4 880000000. 5.17847E-4263110  5  876
 920000000. 5.41122E-4 960000000. 5.58023E-4 1.00000E+9 0.0       263110  5  877
 0.0        0.0             18036          0          1         24263110  5  878
         24          1                                            263110  5  879
 140000000. 2.09890E-5 160000000. 5.58988E-5 180000000. 1.04379E-4263110  5  880
 200000000. 2.17391E-4 240000000. 4.54370E-4 280000000. 7.57251E-4263110  5  881
 320000000. .001116762 360000000. .001572067 400000000. .002061550263110  5  882
 440000000. .002570784 480000000. .003060928 520000000. .003602503263110  5  883
 560000000. .004190076 600000000. .004701136 640000000. .005105231263110  5  884
 680000000. .005504073 720000000. .005893155 760000000. .006187463263110  5  885
 800000000. .006449546 840000000. .006674716 880000000. .006829056263110  5  886
 920000000. .007052291 960000000. .007389811 1.00000E+9 0.0       263110  5  887
 0.0        0.0             18037          0          1         24263110  5  888
         24          1                                            263110  5  889
 140000000. 9.78954E-5 160000000. 1.76190E-4 180000000. 3.19598E-4263110  5  890
 200000000. 6.66434E-4 240000000. .001225723 280000000. .001905952263110  5  891
 320000000. .002765815 360000000. .003701236 400000000. .004644532263110  5  892
 440000000. .005737720 480000000. .006832953 520000000. .007851480263110  5  893
 560000000. .008854156 600000000. .009686951 640000000. .010406797263110  5  894
 680000000. .011152390 720000000. .011857072 760000000. .012410555263110  5  895
 800000000. .012886479 840000000. .013213403 880000000. .013498452263110  5  896
 920000000. .013864390 960000000. .014213190 1.00000E+9 0.0       263110  5  897
 0.0        0.0             18038          0          1         25263110  5  898
         25          1                                            263110  5  899
 120000000. 5.31011E-5 140000000. 1.16190E-4 160000000. 2.69762E-4263110  5  900
 180000000. 5.15580E-4 200000000. 8.99652E-4 240000000. .001505668263110  5  901
 280000000. .002262491 320000000. .003107418 360000000. .004017848263110  5  902
 400000000. .004962913 440000000. .005942188 480000000. .006900409263110  5  903
 520000000. .007879596 560000000. .008756548 600000000. .009445440263110  5  904
 640000000. .010143484 680000000. .010711466 720000000. .011123711263110  5  905
 760000000. .011598632 800000000. .011992065 840000000. .012206729263110  5  906
 880000000. .012518918 920000000. .012767262 960000000. .012959911263110  5  907
 1.00000E+9 0.0                                                   263110  5  908
 0.0        0.0             18039          0          1         26263110  5  909
         26          1                                            263110  5  910
 100000000. 1.16721E-5 120000000. 2.79714E-5 140000000. 8.33204E-5263110  5  911
 160000000. 1.74457E-4 180000000. 2.95143E-4 200000000. 4.74349E-4263110  5  912
 240000000. 7.48644E-4 280000000. .001058681 320000000. .001424798263110  5  913
 360000000. .001781456 400000000. .002102077 440000000. .002481358263110  5  914
 480000000. .002841924 520000000. .003211634 560000000. .003498124263110  5  915
 600000000. .003824333 640000000. .004097576 680000000. .004314078263110  5  916
 720000000. .004516965 760000000. .004633920 800000000. .004760217263110  5  917
 840000000. .004835041 880000000. .004893710 920000000. .004979822263110  5  918
 960000000. .005045067 1.00000E+9 0.0                             263110  5  919
 0.0        0.0             18040          0          1         26263110  5  920
         26          1                                            263110  5  921
 100000000. 8.56582E-6 120000000. 1.90387E-5 140000000. 4.65475E-5263110  5  922
 160000000. 7.19927E-5 180000000. 1.01565E-4 200000000. 1.63963E-4263110  5  923
 240000000. 2.55184E-4 280000000. 3.60835E-4 320000000. 4.72507E-4263110  5  924
 360000000. 5.89194E-4 400000000. 7.23561E-4 440000000. 8.49268E-4263110  5  925
 480000000. 9.56814E-4 520000000. .001057204 560000000. .001160425263110  5  926
 600000000. .001264114 640000000. .001318713 680000000. .001383556263110  5  927
 720000000. .001472519 760000000. .001502162 800000000. .001511614263110  5  928
 840000000. .001544374 880000000. .001593556 920000000. .001643628263110  5  929
 960000000. .001647494 1.00000E+9 0.0                             263110  5  930
 0.0        0.0             18041          0          1         24263110  5  931
         24          1                                            263110  5  932
 140000000. 7.97738E-6 160000000. 1.31520E-5 180000000. 2.64524E-5263110  5  933
 200000000. 4.15385E-5 240000000. 6.36308E-5 280000000. 9.45263E-5263110  5  934
 320000000. 1.10962E-4 360000000. 1.33703E-4 400000000. 1.64522E-4263110  5  935
 440000000. 1.88979E-4 480000000. 2.18121E-4 520000000. 2.40781E-4263110  5  936
 560000000. 2.68414E-4 600000000. 2.89166E-4 640000000. 3.24281E-4263110  5  937
 680000000. 3.47953E-4 720000000. 3.51747E-4 760000000. 3.59908E-4263110  5  938
 800000000. 3.56185E-4 840000000. 3.67203E-4 880000000. 3.68297E-4263110  5  939
 920000000. 3.70990E-4 960000000. 3.84923E-4 1.00000E+9 0.0       263110  5  940
 0.0        0.0             18042          0          1         20263110  5  941
         20          1                                            263110  5  942
 240000000. 1.27001E-5 280000000. 1.28646E-5 320000000. 1.64995E-5263110  5  943
 360000000. 1.98672E-5 400000000. 2.20083E-5 440000000. 2.99832E-5263110  5  944
 480000000. 3.88388E-5 520000000. 4.18894E-5 560000000. 4.58944E-5263110  5  945
 600000000. 5.53298E-5 640000000. 5.61828E-5 680000000. 5.23836E-5263110  5  946
 720000000. 6.26016E-5 760000000. 6.92230E-5 800000000. 6.28667E-5263110  5  947
 840000000. 6.84296E-5 880000000. 7.18723E-5 920000000. 6.99555E-5263110  5  948
 960000000. 7.52326E-5 1.00000E+9 0.0                             263110  5  949
 0.0        0.0             18043          0          1         16263110  5  950
         16          1                                            263110  5  951
 400000000. 3.91356E-6 440000000. 4.70315E-6 480000000. 5.13448E-6263110  5  952
 520000000. 5.92200E-6 560000000. 6.35250E-6 600000000. 6.02429E-6263110  5  953
 640000000. 6.82671E-6 680000000. 8.40521E-6 720000000. 8.84656E-6263110  5  954
 760000000. 1.11930E-5 800000000. 1.12714E-5 840000000. 1.01047E-5263110  5  955
 880000000. 1.40474E-5 920000000. 1.49397E-5 960000000. 1.07009E-5263110  5  956
 1.00000E+9 0.0                                                   263110  5  957
 0.0        0.0             19036          0          1         15263110  5  958
         15          1                                            263110  5  959
 440000000. 6.85258E-6 480000000. 8.80731E-6 520000000. 9.62106E-6263110  5  960
 560000000. 1.15762E-5 600000000. 9.80473E-6 640000000. 1.32483E-5263110  5  961
 680000000. 1.64545E-5 720000000. 1.00222E-5 760000000. 8.10560E-6263110  5  962
 800000000. 1.62548E-5 840000000. 2.17908E-5 880000000. 2.07000E-5263110  5  963
 920000000. 2.12209E-5 960000000. 2.33618E-5 1.00000E+9 0.0       263110  5  964
 0.0        0.0             19037          0          1         22263110  5  965
         22          1                                            263110  5  966
 180000000. 6.51375E-6 200000000. 2.19994E-5 240000000. 3.64741E-5263110  5  967
 280000000. 5.76415E-5 320000000. 8.03136E-5 360000000. 1.00820E-4263110  5  968
 400000000. 1.32157E-4 440000000. 1.70113E-4 480000000. 2.14427E-4263110  5  969
 520000000. 2.54376E-4 560000000. 2.80483E-4 600000000. 2.86524E-4263110  5  970
 640000000. 3.17861E-4 680000000. 3.59274E-4 720000000. 3.75272E-4263110  5  971
 760000000. 3.98021E-4 800000000. 4.10576E-4 840000000. 4.40541E-4263110  5  972
 880000000. 4.76840E-4 920000000. 4.73221E-4 960000000. 4.66928E-4263110  5  973
 1.00000E+9 0.0                                                   263110  5  974
 0.0        0.0             19038          0          1         25263110  5  975
         25          1                                            263110  5  976
 120000000. 1.26898E-5 140000000. 3.24984E-5 160000000. 8.37328E-5263110  5  977
 180000000. 1.71774E-4 200000000. 3.15029E-4 240000000. 5.51700E-4263110  5  978
 280000000. 8.28659E-4 320000000. .001175210 360000000. .001562384263110  5  979
 400000000. .001896132 440000000. .002242326 480000000. .002650163263110  5  980
 520000000. .003029941 560000000. .003321872 600000000. .003613986263110  5  981
 640000000. .003915863 680000000. .004137698 720000000. .004284837263110  5  982
 760000000. .004467666 800000000. .004647081 840000000. .004792020263110  5  983
 880000000. .004829928 920000000. .004847406 960000000. .004996460263110  5  984
 1.00000E+9 0.0                                                   263110  5  985
 0.0        0.0             19039          0          1         26263110  5  986
         26          1                                            263110  5  987
 100000000. 2.98327E-5 120000000. 1.00374E-4 140000000. 3.24142E-4263110  5  988
 160000000. 6.86478E-4 180000000. .001019538 200000000. .001646421263110  5  989
 240000000. .002708923 280000000. .003846227 320000000. .005062112263110  5  990
 360000000. .006299520 400000000. .007587669 440000000. .008868483263110  5  991
 480000000. .010140465 520000000. .011281010 560000000. .012172366263110  5  992
 600000000. .012998429 640000000. .013710141 680000000. .014443675263110  5  993
 720000000. .015078910 760000000. .015448829 800000000. .015594439263110  5  994
 840000000. .015935891 880000000. .016346963 920000000. .016531702263110  5  995
 960000000. .016676782 1.00000E+9 0.0                             263110  5  996
 0.0        0.0             19040          0          1         28263110  5  997
         28          1                                            263110  5  998
 80000000.0 6.82804E-6 90000000.0 1.33820E-5 100000000. 4.00847E-5263110  5  999
 120000000. 2.22731E-4 140000000. 5.46055E-4 160000000. 8.44224E-4263110  5 1000
 180000000. .001231228 200000000. .001989777 240000000. .003074615263110  5 1001
 280000000. .004151162 320000000. .005226456 360000000. .006240770263110  5 1002
 400000000. .007269967 440000000. .008438293 480000000. .009453231263110  5 1003
 520000000. .010321868 560000000. .011168780 600000000. .011894623263110  5 1004
 640000000. .012402060 680000000. .012764876 720000000. .013079702263110  5 1005
 760000000. .013462453 800000000. .013757561 840000000. .013920155263110  5 1006
 880000000. .014002704 920000000. .014048475 960000000. .014202456263110  5 1007
 1.00000E+9 0.0                                                   263110  5 1008
 0.0        0.0             19041          0          1         28263110  5 1009
         28          1                                            263110  5 1010
 80000000.0 5.06312E-6 90000000.0 7.07989E-6 100000000. 7.12160E-5263110  5 1011
 120000000. 1.94402E-4 140000000. 3.37884E-4 160000000. 5.67735E-4263110  5 1012
 180000000. 8.44875E-4 200000000. .001261815 240000000. .001856083263110  5 1013
 280000000. .002440413 320000000. .002985721 360000000. .003475997263110  5 1014
 400000000. .003950293 440000000. .004456821 480000000. .004996580263110  5 1015
 520000000. .005461863 560000000. .005788187 600000000. .006057117263110  5 1016
 640000000. .006348505 680000000. .006579459 720000000. .006642050263110  5 1017
 760000000. .006694051 800000000. .006900888 840000000. .007100364263110  5 1018
 880000000. .007153728 920000000. .007175862 960000000. .007201758263110  5 1019
 1.00000E+9 0.0                                                   263110  5 1020
 0.0        0.0             19042          0          1         26263110  5 1021
         26          1                                            263110  5 1022
 100000000. 3.29421E-5 120000000. 7.26360E-5 140000000. 1.46259E-4263110  5 1023
 160000000. 2.46456E-4 180000000. 3.52311E-4 200000000. 4.85269E-4263110  5 1024
 240000000. 6.67237E-4 280000000. 8.64426E-4 320000000. .001057293263110  5 1025
 360000000. .001221497 400000000. .001373334 440000000. .001526279263110  5 1026
 480000000. .001690799 520000000. .001842632 560000000. .001961954263110  5 1027
 600000000. .002060933 640000000. .002143958 680000000. .002204190263110  5 1028
 720000000. .002274818 760000000. .002353928 800000000. .002373162263110  5 1029
 840000000. .002459015 880000000. .002511228 920000000. .002481589263110  5 1030
 960000000. .002472028 1.00000E+9 0.0                             263110  5 1031
 0.0        0.0             19043          0          1         27263110  5 1032
         27          1                                            263110  5 1033
 90000000.0 4.92670E-6 100000000. 6.62537E-6 120000000. 1.95351E-5263110  5 1034
 140000000. 3.88959E-5 160000000. 5.98955E-5 180000000. 8.73436E-5263110  5 1035
 200000000. 1.27651E-4 240000000. 1.75526E-4 280000000. 2.14840E-4263110  5 1036
 320000000. 2.47221E-4 360000000. 2.79515E-4 400000000. 3.23689E-4263110  5 1037
 440000000. 3.75428E-4 480000000. 4.24931E-4 520000000. 4.61918E-4263110  5 1038
 560000000. 4.90343E-4 600000000. 5.01544E-4 640000000. 5.36426E-4263110  5 1039
 680000000. 5.68105E-4 720000000. 5.70589E-4 760000000. 5.94780E-4263110  5 1040
 800000000. 6.30424E-4 840000000. 6.27663E-4 880000000. 6.08431E-4263110  5 1041
 920000000. 6.33886E-4 960000000. 6.54642E-4 1.00000E+9 0.0       263110  5 1042
 0.0        0.0             19044          0          1         24263110  5 1043
         24          1                                            263110  5 1044
 140000000. 6.25804E-6 160000000. 9.68643E-6 180000000. 1.65346E-5263110  5 1045
 200000000. 2.26815E-5 240000000. 3.18503E-5 280000000. 3.57974E-5263110  5 1046
 320000000. 4.53031E-5 360000000. 5.80640E-5 400000000. 5.65299E-5263110  5 1047
 440000000. 6.57323E-5 480000000. 7.88328E-5 520000000. 9.25398E-5263110  5 1048
 560000000. 9.82734E-5 600000000. 9.52457E-5 640000000. 1.02065E-4263110  5 1049
 680000000. 1.11593E-4 720000000. 1.16892E-4 760000000. 1.18657E-4263110  5 1050
 800000000. 1.17978E-4 840000000. 1.16703E-4 880000000. 1.10166E-4263110  5 1051
 920000000. 1.11983E-4 960000000. 1.30662E-4 1.00000E+9 0.0       263110  5 1052
 0.0        0.0             19045          0          1         20263110  5 1053
         20          1                                            263110  5 1054
 240000000. 3.96763E-6 280000000. 5.04783E-6 320000000. 6.12759E-6263110  5 1055
 360000000. 7.20706E-6 400000000. 8.17346E-6 440000000. 1.33456E-5263110  5 1056
 480000000. 1.14192E-5 520000000. 9.95756E-6 560000000. 1.56873E-5263110  5 1057
 600000000. 1.73096E-5 640000000. 1.85991E-5 680000000. 1.94890E-5263110  5 1058
 720000000. 1.84719E-5 760000000. 1.96918E-5 800000000. 2.21257E-5263110  5 1059
 840000000. 1.75290E-5 880000000. 1.71680E-5 920000000. 2.23960E-5263110  5 1060
 960000000. 2.33690E-5 1.00000E+9 0.0                             263110  5 1061
 0.0        0.0             19046          0          1          5263110  5 1062
          5          1                                            263110  5 1063
 840000000. 5.05488E-6 880000000. 5.07927E-6 920000000. 4.32510E-6263110  5 1064
 960000000. 3.94540E-6 1.00000E+9 0.0                             263110  5 1065
 0.0        0.0             20038          0          1         18263110  5 1066
         18          1                                            263110  5 1067
 320000000. 3.87953E-6 360000000. 4.23222E-6 400000000. 6.38810E-6263110  5 1068
 440000000. 8.67122E-6 480000000. 1.24482E-5 520000000. 1.51938E-5263110  5 1069
 560000000. 1.45696E-5 600000000. 1.84212E-5 640000000. 1.97539E-5263110  5 1070
 680000000. 1.72003E-5 720000000. 1.84526E-5 760000000. 1.89424E-5263110  5 1071
 800000000. 2.05525E-5 840000000. 2.48827E-5 880000000. 2.88914E-5263110  5 1072
 920000000. 2.67387E-5 960000000. 2.53382E-5 1.00000E+9 0.0       263110  5 1073
 0.0        0.0             20039          0          1         23263110  5 1074
         23          1                                            263110  5 1075
 160000000. 1.52113E-5 180000000. 2.17805E-5 200000000. 3.61191E-5263110  5 1076
 240000000. 6.60501E-5 280000000. 1.00369E-4 320000000. 1.42428E-4263110  5 1077
 360000000. 1.89236E-4 400000000. 2.24934E-4 440000000. 2.54400E-4263110  5 1078
 480000000. 2.97978E-4 520000000. 3.33776E-4 560000000. 3.59936E-4263110  5 1079
 600000000. 3.98604E-4 640000000. 4.05417E-4 680000000. 4.22984E-4263110  5 1080
 720000000. 4.56044E-4 760000000. 4.69559E-4 800000000. 4.88106E-4263110  5 1081
 840000000. 4.84025E-4 880000000. 4.95477E-4 920000000. 5.28979E-4263110  5 1082
 960000000. 5.20045E-4 1.00000E+9 0.0                             263110  5 1083
 0.0        0.0             20040          0          1         25263110  5 1084
         25          1                                            263110  5 1085
 120000000. 8.63445E-5 140000000. 2.23013E-4 160000000. 3.77798E-4263110  5 1086
 180000000. 5.55657E-4 200000000. 9.08153E-4 240000000. .001443815263110  5 1087
 280000000. .001988233 320000000. .002522862 360000000. .003033951263110  5 1088
 400000000. .003596526 440000000. .004208880 480000000. .004667872263110  5 1089
 520000000. .005076617 560000000. .005456662 600000000. .005736735263110  5 1090
 640000000. .005974813 680000000. .006228469 720000000. .006405954263110  5 1091
 760000000. .006463601 800000000. .006468144 840000000. .006527954263110  5 1092
 880000000. .006688073 920000000. .006792523 960000000. .006872267263110  5 1093
 1.00000E+9 0.0                                                   263110  5 1094
 0.0        0.0             20041          0          1         27263110  5 1095
         27          1                                            263110  5 1096
 90000000.0 1.52881E-5 100000000. 1.84343E-4 120000000. 4.93635E-4263110  5 1097
 140000000. 8.70300E-4 160000000. .001519041 180000000. .002343340263110  5 1098
 200000000. .003446552 240000000. .004905308 280000000. .006359950263110  5 1099
 320000000. .007784960 360000000. .009089620 400000000. .010415910263110  5 1100
 440000000. .011779532 480000000. .012881091 520000000. .013852936263110  5 1101
 560000000. .014606022 600000000. .015202859 640000000. .015772181263110  5 1102
 680000000. .016253599 720000000. .016600162 760000000. .016700444263110  5 1103
 800000000. .016743699 840000000. .016766116 880000000. .016814030263110  5 1104
 920000000. .016831333 960000000. .016876864 1.00000E+9 0.0       263110  5 1105
 0.0        0.0             20042          0          1         27263110  5 1106
         27          1                                            263110  5 1107
 90000000.0 1.91812E-4 100000000. 4.19380E-4 120000000. 7.93290E-4263110  5 1108
 140000000. .001647231 160000000. .002793394 180000000. .003750349263110  5 1109
 200000000. .005077341 240000000. .006991463 280000000. .008714389263110  5 1110
 320000000. .010234664 360000000. .011510976 400000000. .012651565263110  5 1111
 440000000. .014109864 480000000. .015324091 520000000. .016246109263110  5 1112
 560000000. .017193079 600000000. .017690301 640000000. .018013868263110  5 1113
 680000000. .018360200 720000000. .018573829 760000000. .018703513263110  5 1114
 800000000. .018732252 840000000. .018617140 880000000. .018541459263110  5 1115
 920000000. .018822021 960000000. .019022565 1.00000E+9 0.0       263110  5 1116
 0.0        0.0             20043          0          1         28263110  5 1117
         28          1                                            263110  5 1118
 80000000.0 1.16780E-4 90000000.0 1.61847E-4 100000000. 2.50303E-4263110  5 1119
 120000000. 6.42174E-4 140000000. .001271519 160000000. .001821082263110  5 1120
 180000000. .002298355 200000000. .003057004 240000000. .003994966263110  5 1121
 280000000. .004739113 320000000. .005404655 360000000. .006014444263110  5 1122
 400000000. .006678515 440000000. .007296979 480000000. .007779561263110  5 1123
 520000000. .008174041 560000000. .008526722 600000000. .008897691263110  5 1124
 640000000. .009118583 680000000. .009210066 720000000. .009307585263110  5 1125
 760000000. .009305761 800000000. .009215200 840000000. .009272508263110  5 1126
 880000000. .009336942 920000000. .009292828 960000000. .009245352263110  5 1127
 1.00000E+9 0.0                                                   263110  5 1128
 0.0        0.0             20044          0          1         29263110  5 1129
         29          1                                            263110  5 1130
 70000000.0 2.61450E-5 80000000.0 2.99649E-5 90000000.0 4.01011E-5263110  5 1131
 100000000. 1.62543E-4 120000000. 3.70549E-4 140000000. 5.53217E-4263110  5 1132
 160000000. 7.54945E-4 180000000. 9.83031E-4 200000000. .001274600263110  5 1133
 240000000. .001582897 280000000. .001848512 320000000. .002080349263110  5 1134
 360000000. .002238201 400000000. .002467376 440000000. .002705072263110  5 1135
 480000000. .002901665 520000000. .003150638 560000000. .003270597263110  5 1136
 600000000. .003299293 640000000. .003356409 680000000. .003460283263110  5 1137
 720000000. .003524010 760000000. .003507389 800000000. .003492781263110  5 1138
 840000000. .003444699 880000000. .003450167 920000000. .003506174263110  5 1139
 960000000. .003527824 1.00000E+9 0.0                             263110  5 1140
 0.0        0.0             20045          0          1         27263110  5 1141
         27          1                                            263110  5 1142
 90000000.0 1.59533E-5 100000000. 4.82207E-5 120000000. 9.07581E-5263110  5 1143
 140000000. 1.40185E-4 160000000. 1.93665E-4 180000000. 2.34455E-4263110  5 1144
 200000000. 3.22949E-4 240000000. 4.20049E-4 280000000. 4.77262E-4263110  5 1145
 320000000. 5.46505E-4 360000000. 5.89749E-4 400000000. 6.33975E-4263110  5 1146
 440000000. 7.05418E-4 480000000. 7.45263E-4 520000000. 7.88856E-4263110  5 1147
 560000000. 8.55939E-4 600000000. 9.08365E-4 640000000. 9.29893E-4263110  5 1148
 680000000. 9.28900E-4 720000000. 9.40537E-4 760000000. 9.58135E-4263110  5 1149
 800000000. 9.44270E-4 840000000. 9.41305E-4 880000000. 9.78224E-4263110  5 1150
 920000000. .001003746 960000000. 9.99625E-4 1.00000E+9 0.0       263110  5 1151
 0.0        0.0             20046          0          1         27263110  5 1152
         27          1                                            263110  5 1153
 90000000.0 9.16568E-6 100000000. 1.30481E-5 120000000. 1.68671E-5263110  5 1154
 140000000. 2.63179E-5 160000000. 3.44486E-5 180000000. 3.97148E-5263110  5 1155
 200000000. 5.41494E-5 240000000. 6.80923E-5 280000000. 8.31146E-5263110  5 1156
 320000000. 1.02093E-4 360000000. 1.13883E-4 400000000. 1.20850E-4263110  5 1157
 440000000. 1.31540E-4 480000000. 1.50296E-4 520000000. 1.64860E-4263110  5 1158
 560000000. 1.71422E-4 600000000. 1.74335E-4 640000000. 1.84388E-4263110  5 1159
 680000000. 1.88885E-4 720000000. 1.88382E-4 760000000. 2.00189E-4263110  5 1160
 800000000. 2.06046E-4 840000000. 2.12370E-4 880000000. 2.31526E-4263110  5 1161
 920000000. 2.33497E-4 960000000. 2.05199E-4 1.00000E+9 0.0       263110  5 1162
 0.0        0.0             20047          0          1         22263110  5 1163
         22          1                                            263110  5 1164
 180000000. 4.52392E-6 200000000. 6.11664E-6 240000000. 8.95507E-6263110  5 1165
 280000000. 9.02141E-6 320000000. 1.22958E-5 360000000. 1.45352E-5263110  5 1166
 400000000. 1.38610E-5 440000000. 1.76927E-5 480000000. 1.98150E-5263110  5 1167
 520000000. 2.47720E-5 560000000. 2.69268E-5 600000000. 2.29650E-5263110  5 1168
 640000000. 2.65478E-5 680000000. 3.20967E-5 720000000. 3.11690E-5263110  5 1169
 760000000. 3.58988E-5 800000000. 3.99963E-5 840000000. 3.69501E-5263110  5 1170
 880000000. 3.94376E-5 920000000. 4.04832E-5 960000000. 4.19741E-5263110  5 1171
 1.00000E+9 0.0                                                   263110  5 1172
 0.0        0.0             20048          0          1         14263110  5 1173
         14          1                                            263110  5 1174
 480000000. 4.03086E-6 520000000. 4.81280E-6 560000000. 6.71206E-6263110  5 1175
 600000000. 7.15256E-6 640000000. 4.93169E-6 680000000. 7.24170E-6263110  5 1176
 720000000. 8.47439E-6 760000000. 5.41599E-6 800000000. 5.04174E-6263110  5 1177
 840000000. 5.44645E-6 880000000. 7.02194E-6 920000000. 6.68786E-6263110  5 1178
 960000000. 7.12125E-6 1.00000E+9 0.0                             263110  5 1179
 0.0        0.0             20049          0          1          2263110  5 1180
          2          1                                            263110  5 1181
 960000000. 4.73440E-6 1.00000E+9 0.0                             263110  5 1182
 0.0        0.0             21040          0          1         19263110  5 1183
         19          1                                            263110  5 1184
 280000000. 3.46977E-6 320000000. 5.26500E-6 360000000. 8.46443E-6263110  5 1185
 400000000. 9.24780E-6 440000000. 1.19087E-5 480000000. 1.35828E-5263110  5 1186
 520000000. 1.33260E-5 560000000. 1.34576E-5 600000000. 1.42926E-5263110  5 1187
 640000000. 1.55674E-5 680000000. 1.52857E-5 720000000. 1.46215E-5263110  5 1188
 760000000. 1.46785E-5 800000000. 1.47555E-5 840000000. 1.36133E-5263110  5 1189
 880000000. 1.44473E-5 920000000. 1.29761E-5 960000000. 1.02990E-5263110  5 1190
 1.00000E+9 0.0                                                   263110  5 1191
 0.0        0.0             21041          0          1         24263110  5 1192
         24          1                                            263110  5 1193
 140000000. 1.21441E-5 160000000. 2.14315E-5 180000000. 3.48372E-5263110  5 1194
 200000000. 5.77122E-5 240000000. 8.81797E-5 280000000. 1.15347E-4263110  5 1195
 320000000. 1.50912E-4 360000000. 1.82080E-4 400000000. 2.13488E-4263110  5 1196
 440000000. 2.55108E-4 480000000. 2.68881E-4 520000000. 2.84389E-4263110  5 1197
 560000000. 3.03319E-4 600000000. 3.05330E-4 640000000. 3.26294E-4263110  5 1198
 680000000. 3.52404E-4 720000000. 3.57645E-4 760000000. 3.48297E-4263110  5 1199
 800000000. 3.31849E-4 840000000. 3.42203E-4 880000000. 3.60481E-4263110  5 1200
 920000000. 3.57263E-4 960000000. 3.59198E-4 1.00000E+9 0.0       263110  5 1201
 0.0        0.0             21042          0          1         26263110  5 1202
         26          1                                            263110  5 1203
 100000000. 4.94848E-5 120000000. 1.12013E-4 140000000. 2.78284E-4263110  5 1204
 160000000. 5.23217E-4 180000000. 7.37457E-4 200000000. .001044700263110  5 1205
 240000000. .001476592 280000000. .001850471 320000000. .002208512263110  5 1206
 360000000. .002507379 400000000. .002739307 440000000. .003018321263110  5 1207
 480000000. .003321066 520000000. .003569182 560000000. .003703598263110  5 1208
 600000000. .003762049 640000000. .003827275 680000000. .003942006263110  5 1209
 720000000. .003975168 760000000. .003962950 800000000. .004029893263110  5 1210
 840000000. .003989712 880000000. .003934916 920000000. .004002496263110  5 1211
 960000000. .004071522 1.00000E+9 0.0                             263110  5 1212
 0.0        0.0             21043          0          1         29263110  5 1213
         29          1                                            263110  5 1214
 70000000.0 6.33038E-5 80000000.0 1.80423E-4 90000000.0 2.45905E-4263110  5 1215
 100000000. 5.03828E-4 120000000. .001489924 140000000. .002806758263110  5 1216
 160000000. .003862527 180000000. .004890191 200000000. .006539176263110  5 1217
 240000000. .008468132 280000000. .009984843 320000000. .011396419263110  5 1218
 360000000. .012549994 400000000. .013543947 440000000. .014732560263110  5 1219
 480000000. .015629799 520000000. .016159912 560000000. .016680367263110  5 1220
 600000000. .017145462 640000000. .017443394 680000000. .017426248263110  5 1221
 720000000. .017353937 760000000. .017406111 800000000. .017390504263110  5 1222
 840000000. .017393984 880000000. .017309630 920000000. .017031887263110  5 1223
 960000000. .017001347 1.00000E+9 0.0                             263110  5 1224
 0.0        0.0             21044          0          1         31263110  5 1225
         31          1                                            263110  5 1226
 55000000.0 2.64300E-5 60000000.0 1.34263E-4 70000000.0 2.08345E-4263110  5 1227
 80000000.0 1.92974E-4 90000000.0 3.78197E-4 100000000. .001611123263110  5 1228
 120000000. .003294181 140000000. .004529432 160000000. .006044633263110  5 1229
 180000000. .007643273 200000000. .009586159 240000000. .011750784263110  5 1230
 280000000. .013456779 320000000. .014868538 360000000. .015852030263110  5 1231
 400000000. .016911454 440000000. .018080692 480000000. .018938838263110  5 1232
 520000000. .019371494 560000000. .019680884 600000000. .020061838263110  5 1233
 640000000. .020190303 680000000. .020118876 720000000. .020061180263110  5 1234
 760000000. .020040487 800000000. .019974073 840000000. .019845434263110  5 1235
 880000000. .019768667 920000000. .019461022 960000000. .019142231263110  5 1236
 1.00000E+9 0.0                                                   263110  5 1237
 0.0        0.0             21045          0          1         33263110  5 1238
         33          1                                            263110  5 1239
 50000000.0 3.95171E-5 54000000.0 6.11080E-5 55000000.0 6.87264E-5263110  5 1240
 60000000.0 5.92662E-5 70000000.0 6.61255E-5 80000000.0 3.44917E-4263110  5 1241
 90000000.0 .001012224 100000000. .001747163 120000000. .002514890263110  5 1242
 140000000. .003613094 160000000. .004885746 180000000. .005892855263110  5 1243
 200000000. .006965560 240000000. .008023193 280000000. .008769934263110  5 1244
 320000000. .009516276 360000000. .010134874 400000000. .010718902263110  5 1245
 440000000. .011333751 480000000. .011914172 520000000. .012207963263110  5 1246
 560000000. .012304413 600000000. .012427699 640000000. .012495101263110  5 1247
 680000000. .012456753 720000000. .012368081 760000000. .012328265263110  5 1248
 800000000. .012288569 840000000. .012213519 880000000. .011989667263110  5 1249
 920000000. .011806177 960000000. .011889258 1.00000E+9 0.0       263110  5 1250
 0.0        0.0             21046          0          1         29263110  5 1251
         29          1                                            263110  5 1252
 70000000.0 1.92492E-4 80000000.0 4.52836E-4 90000000.0 5.63091E-4263110  5 1253
 100000000. 6.95419E-4 120000000. .001183975 140000000. .001745351263110  5 1254
 160000000. .002138194 180000000. .002490330 200000000. .002900946263110  5 1255
 240000000. .003333496 280000000. .003605535 320000000. .003853899263110  5 1256
 360000000. .004084876 400000000. .004337003 440000000. .004533798263110  5 1257
 480000000. .004647786 520000000. .004756202 560000000. .004886765263110  5 1258
 600000000. .004989019 640000000. .005011504 680000000. .005018369263110  5 1259
 720000000. .005024533 760000000. .005043544 800000000. .005053230263110  5 1260
 840000000. .005026672 880000000. .004948969 920000000. .004910115263110  5 1261
 960000000. .004897722 1.00000E+9 0.0                             263110  5 1262
 0.0        0.0             21047          0          1         29263110  5 1263
         29          1                                            263110  5 1264
 70000000.0 6.98097E-5 80000000.0 7.69084E-5 90000000.0 8.60579E-5263110  5 1265
 100000000. 1.72646E-4 120000000. 3.48239E-4 140000000. 4.89675E-4263110  5 1266
 160000000. 5.79281E-4 180000000. 6.71065E-4 200000000. 7.84739E-4263110  5 1267
 240000000. 8.91728E-4 280000000. 9.87800E-4 320000000. .001068413263110  5 1268
 360000000. .001147292 400000000. .001220662 440000000. .001264378263110  5 1269
 480000000. .001324144 520000000. .001366454 560000000. .001394218263110  5 1270
 600000000. .001444129 640000000. .001517806 680000000. .001530455263110  5 1271
 720000000. .001521834 760000000. .001564193 800000000. .001570054263110  5 1272
 840000000. .001516716 880000000. .001484781 920000000. .001487646263110  5 1273
 960000000. .001485520 1.00000E+9 0.0                             263110  5 1274
 0.0        0.0             21048          0          1         27263110  5 1275
         27          1                                            263110  5 1276
 90000000.0 1.46679E-5 100000000. 3.72252E-5 120000000. 6.21453E-5263110  5 1277
 140000000. 7.92939E-5 160000000. 9.28020E-5 180000000. 1.12925E-4263110  5 1278
 200000000. 1.40866E-4 240000000. 1.60697E-4 280000000. 1.75453E-4263110  5 1279
 320000000. 2.01005E-4 360000000. 2.12826E-4 400000000. 2.21373E-4263110  5 1280
 440000000. 2.54383E-4 480000000. 2.89991E-4 520000000. 3.02753E-4263110  5 1281
 560000000. 3.02522E-4 600000000. 3.14719E-4 640000000. 3.32784E-4263110  5 1282
 680000000. 3.37586E-4 720000000. 3.31471E-4 760000000. 3.47392E-4263110  5 1283
 800000000. 3.78622E-4 840000000. 3.73990E-4 880000000. 3.72481E-4263110  5 1284
 920000000. 4.01245E-4 960000000. 3.98839E-4 1.00000E+9 0.0       263110  5 1285
 0.0        0.0             21049          0          1         25263110  5 1286
         25          1                                            263110  5 1287
 120000000. 6.27350E-6 140000000. 7.63663E-6 160000000. 9.38974E-6263110  5 1288
 180000000. 1.30859E-5 200000000. 1.88789E-5 240000000. 1.90036E-5263110  5 1289
 280000000. 1.76796E-5 320000000. 2.25086E-5 360000000. 2.44608E-5263110  5 1290
 400000000. 2.41622E-5 440000000. 3.39301E-5 480000000. 4.50916E-5263110  5 1291
 520000000. 5.11058E-5 560000000. 5.45325E-5 600000000. 5.23536E-5263110  5 1292
 640000000. 5.53776E-5 680000000. 5.54659E-5 720000000. 5.68658E-5263110  5 1293
 760000000. 6.60845E-5 800000000. 6.90640E-5 840000000. 8.12342E-5263110  5 1294
 880000000. 8.75043E-5 920000000. 7.74421E-5 960000000. 7.20785E-5263110  5 1295
 1.00000E+9 0.0                                                   263110  5 1296
 0.0        0.0             21050          0          1         18263110  5 1297
         18          1                                            263110  5 1298
 320000000. 3.52322E-6 360000000. 3.53955E-6 400000000. 3.90768E-6263110  5 1299
 440000000. 5.77484E-6 480000000. 8.79151E-6 520000000. 9.27212E-6263110  5 1300
 560000000. 1.04416E-5 600000000. 1.24275E-5 640000000. 1.51622E-5263110  5 1301
 680000000. 1.64497E-5 720000000. 1.15553E-5 760000000. 1.23456E-5263110  5 1302
 800000000. 1.86094E-5 840000000. 1.63695E-5 880000000. 1.56023E-5263110  5 1303
 920000000. 1.88681E-5 960000000. 1.78227E-5 1.00000E+9 0.0       263110  5 1304
 0.0        0.0             21051          0          1          7263110  5 1305
          7          1                                            263110  5 1306
 760000000. 3.86531E-6 800000000. 4.78815E-6 840000000. 6.62897E-6263110  5 1307
 880000000. 8.46975E-6 920000000. 9.39680E-6 960000000. 9.39680E-6263110  5 1308
 1.00000E+9 0.0                                                   263110  5 1309
 0.0        0.0             22042          0          1         20263110  5 1310
         20          1                                            263110  5 1311
 240000000. 5.81204E-6 280000000. 5.58357E-6 320000000. 3.52322E-6263110  5 1312
 360000000. 7.00300E-6 400000000. 9.25320E-6 440000000. 6.15652E-6263110  5 1313
 480000000. 8.04211E-6 520000000. 1.25912E-5 560000000. 1.45584E-5263110  5 1314
 600000000. 1.46915E-5 640000000. 1.51716E-5 680000000. 1.45409E-5263110  5 1315
 720000000. 1.23047E-5 760000000. 1.54427E-5 800000000. 1.86258E-5263110  5 1316
 840000000. 1.51950E-5 880000000. 1.32702E-5 920000000. 1.84604E-5263110  5 1317
 960000000. 1.90186E-5 1.00000E+9 0.0                             263110  5 1318
 0.0        0.0             22043          0          1         25263110  5 1319
         25          1                                            263110  5 1320
 120000000. 1.06341E-5 140000000. 3.54875E-5 160000000. 5.70200E-5263110  5 1321
 180000000. 7.61735E-5 200000000. 1.09410E-4 240000000. 1.48578E-4263110  5 1322
 280000000. 1.80655E-4 320000000. 2.14305E-4 360000000. 2.47571E-4263110  5 1323
 400000000. 2.69019E-4 440000000. 2.88083E-4 480000000. 3.00697E-4263110  5 1324
 520000000. 3.32891E-4 560000000. 3.58956E-4 600000000. 3.40133E-4263110  5 1325
 640000000. 3.36918E-4 680000000. 3.54749E-4 720000000. 3.52253E-4263110  5 1326
 760000000. 3.54796E-4 800000000. 3.65113E-4 840000000. 3.66490E-4263110  5 1327
 880000000. 3.74858E-4 920000000. 3.79293E-4 960000000. 3.58451E-4263110  5 1328
 1.00000E+9 0.0                                                   263110  5 1329
 0.0        0.0             22044          0          1         27263110  5 1330
         27          1                                            263110  5 1331
 90000000.0 5.38187E-5 100000000. 3.23031E-4 120000000. 7.16839E-4263110  5 1332
 140000000. .001026086 160000000. .001430695 180000000. .001891076263110  5 1333
 200000000. .002440752 240000000. .003001989 280000000. .003418739263110  5 1334
 320000000. .003803440 360000000. .004105662 400000000. .004314526263110  5 1335
 440000000. .004597138 480000000. .004902575 520000000. .004991840263110  5 1336
 560000000. .005023946 600000000. .005058356 640000000. .005033752263110  5 1337
 680000000. .005019787 720000000. .004953963 760000000. .004935763263110  5 1338
 800000000. .005019736 840000000. .004993658 880000000. .004966956263110  5 1339
 920000000. .004951148 960000000. .004830539 1.00000E+9 0.0       263110  5 1340
 0.0        0.0             22045          0          1         29263110  5 1341
         29          1                                            263110  5 1342
 70000000.0 9.52169E-5 80000000.0 6.29745E-4 90000000.0 .001673091263110  5 1343
 100000000. .002628614 120000000. .003688972 140000000. .005542049263110  5 1344
 160000000. .007613882 180000000. .009124178 200000000. .010709161263110  5 1345
 240000000. .012375486 280000000. .013560497 320000000. .014389975263110  5 1346
 360000000. .014931909 400000000. .015527711 440000000. .016262142263110  5 1347
 480000000. .016763786 520000000. .016939926 560000000. .017090793263110  5 1348
 600000000. .017125280 640000000. .017025273 680000000. .016907867263110  5 1349
 720000000. .016757532 760000000. .016575060 800000000. .016310642263110  5 1350
 840000000. .015941775 880000000. .015774030 920000000. .015743674263110  5 1351
 960000000. .015503987 1.00000E+9 0.0                             263110  5 1352
 0.0        0.0             22046          0          1         32263110  5 1353
         32          1                                            263110  5 1354
 54000000.0 4.33543E-6 55000000.0 6.86572E-6 60000000.0 4.90506E-4263110  5 1355
 70000000.0 .002199871 80000000.0 .003750977 90000000.0 .003957757263110  5 1356
 100000000. .005001324 120000000. .008505956 140000000. .012362539263110  5 1357
 160000000. .014653456 180000000. .016299515 200000000. .018544874263110  5 1358
 240000000. .020537055 280000000. .021536432 320000000. .022420561263110  5 1359
 360000000. .022993595 400000000. .023396251 440000000. .023891216263110  5 1360
 480000000. .024276892 520000000. .024395519 560000000. .024205219263110  5 1361
 600000000. .023944194 640000000. .023889414 680000000. .023854895263110  5 1362
 720000000. .023596487 760000000. .023196017 800000000. .022808228263110  5 1363
 840000000. .022424310 880000000. .021988496 920000000. .021764645263110  5 1364
 960000000. .021765354 1.00000E+9 0.0                             263110  5 1365
 0.0        0.0             22047          0          1         33263110  5 1366
         33          1                                            263110  5 1367
 50000000.0 1.17065E-4 54000000.0 2.66803E-4 55000000.0 7.16043E-4263110  5 1368
 60000000.0 .001877520 70000000.0 .002378677 80000000.0 .002020223263110  5 1369
 90000000.0 .002463883 100000000. .005056611 120000000. .008174257263110  5 1370
 140000000. .009811971 160000000. .011177223 180000000. .012331696263110  5 1371
 200000000. .013394293 240000000. .014179096 280000000. .014608238263110  5 1372
 320000000. .015118094 360000000. .015344509 400000000. .015569886263110  5 1373
 440000000. .015864536 480000000. .016036613 520000000. .016111358263110  5 1374
 560000000. .016060770 600000000. .015961301 640000000. .015822172263110  5 1375
 680000000. .015719324 720000000. .015462045 760000000. .015173992263110  5 1376
 800000000. .014973187 840000000. .014852279 880000000. .014730141263110  5 1377
 920000000. .014609241 960000000. .014485116 1.00000E+9 0.0       263110  5 1378
 0.0        0.0             22048          0          1         35263110  5 1379
         35          1                                            263110  5 1380
 40000000.0 5.45101E-5 45000000.0 2.47947E-4 50000000.0 4.44415E-4263110  5 1381
 54000000.0 5.07169E-4 55000000.0 4.87524E-4 60000000.0 3.91413E-4263110  5 1382
 70000000.0 4.33531E-4 80000000.0 .001019720 90000000.0 .002110432263110  5 1383
 100000000. .003188587 120000000. .003931956 140000000. .004463626263110  5 1384
 160000000. .005100842 180000000. .005605221 200000000. .005940592263110  5 1385
 240000000. .006205493 280000000. .006339987 320000000. .006546129263110  5 1386
 360000000. .006729920 400000000. .006897109 440000000. .007040091263110  5 1387
 480000000. .007188226 520000000. .007330225 560000000. .007313206263110  5 1388
 600000000. .007266180 640000000. .007301905 680000000. .007231459263110  5 1389
 720000000. .007127275 760000000. .007123457 800000000. .007117692263110  5 1390
 840000000. .007044331 880000000. .006919319 920000000. .006800838263110  5 1391
 960000000. .006747938 1.00000E+9 0.0                             263110  5 1392
 0.0        0.0             22049          0          1         29263110  5 1393
         29          1                                            263110  5 1394
 70000000.0 3.09254E-4 80000000.0 6.24090E-4 90000000.0 7.80874E-4263110  5 1395
 100000000. 8.68305E-4 120000000. .001064876 140000000. .001288545263110  5 1396
 160000000. .001439252 180000000. .001550507 200000000. .001643748263110  5 1397
 240000000. .001717279 280000000. .001811542 320000000. .001949648263110  5 1398
 360000000. .002009160 400000000. .002088704 440000000. .002174412263110  5 1399
 480000000. .002193871 520000000. .002242463 560000000. .002327033263110  5 1400
 600000000. .002403164 640000000. .002421091 680000000. .002452461263110  5 1401
 720000000. .002498655 760000000. .002463645 800000000. .002418288263110  5 1402
 840000000. .002422481 880000000. .002410457 920000000. .002393518263110  5 1403
 960000000. .002365572 1.00000E+9 0.0                             263110  5 1404
 0.0        0.0             22050          0          1         30263110  5 1405
         30          1                                            263110  5 1406
 60000000.0 4.93770E-5 70000000.0 7.75026E-5 80000000.0 6.71592E-5263110  5 1407
 90000000.0 7.22422E-5 100000000. 1.05256E-4 120000000. 1.60340E-4263110  5 1408
 140000000. 2.03183E-4 160000000. 2.40388E-4 180000000. 2.74669E-4263110  5 1409
 200000000. 2.97107E-4 240000000. 3.30395E-4 280000000. 3.55337E-4263110  5 1410
 320000000. 3.68416E-4 360000000. 4.17204E-4 400000000. 4.49041E-4263110  5 1411
 440000000. 4.72666E-4 480000000. 5.02468E-4 520000000. 5.22640E-4263110  5 1412
 560000000. 5.53485E-4 600000000. 5.82366E-4 640000000. 6.08717E-4263110  5 1413
 680000000. 6.39410E-4 720000000. 6.58350E-4 760000000. 6.73223E-4263110  5 1414
 800000000. 6.76455E-4 840000000. 6.85310E-4 880000000. 6.98337E-4263110  5 1415
 920000000. 6.93277E-4 960000000. 6.98207E-4 1.00000E+9 0.0       263110  5 1416
 0.0        0.0             22051          0          1         27263110  5 1417
         27          1                                            263110  5 1418
 90000000.0 4.58284E-6 100000000. 9.64410E-6 120000000. 1.69974E-5263110  5 1419
 140000000. 1.81700E-5 160000000. 1.70320E-5 180000000. 2.30923E-5263110  5 1420
 200000000. 3.56035E-5 240000000. 4.23904E-5 280000000. 4.57373E-5263110  5 1421
 320000000. 5.63081E-5 360000000. 6.36816E-5 400000000. 6.92901E-5263110  5 1422
 440000000. 8.20100E-5 480000000. 1.05517E-4 520000000. 1.20793E-4263110  5 1423
 560000000. 1.21019E-4 600000000. 1.34331E-4 640000000. 1.56686E-4263110  5 1424
 680000000. 1.51095E-4 720000000. 1.51021E-4 760000000. 1.70436E-4263110  5 1425
 800000000. 1.66138E-4 840000000. 1.62587E-4 880000000. 1.70647E-4263110  5 1426
 920000000. 1.77246E-4 960000000. 1.73484E-4 1.00000E+9 0.0       263110  5 1427
 0.0        0.0             22052          0          1         22263110  5 1428
         22          1                                            263110  5 1429
 180000000. 4.61482E-6 200000000. 5.95239E-6 240000000. 6.90993E-6263110  5 1430
 280000000. 6.96202E-6 320000000. 7.39482E-6 360000000. 8.47971E-6263110  5 1431
 400000000. 1.03011E-5 440000000. 1.26453E-5 480000000. 1.79417E-5263110  5 1432
 520000000. 2.07613E-5 560000000. 1.97938E-5 600000000. 2.78113E-5263110  5 1433
 640000000. 3.22802E-5 680000000. 2.75332E-5 720000000. 2.72940E-5263110  5 1434
 760000000. 2.70661E-5 800000000. 3.44736E-5 840000000. 4.66634E-5263110  5 1435
 880000000. 4.84327E-5 920000000. 4.79461E-5 960000000. 4.12103E-5263110  5 1436
 1.00000E+9 0.0                                                   263110  5 1437
 0.0        0.0             22053          0          1         13263110  5 1438
         13          1                                            263110  5 1439
 520000000. 5.18104E-6 560000000. 4.86406E-6 600000000. 4.13912E-6263110  5 1440
 640000000. 4.77964E-6 680000000. 5.27122E-6 720000000. 5.76279E-6263110  5 1441
 760000000. 6.25434E-6 800000000. 6.74588E-6 840000000. 7.77559E-6263110  5 1442
 880000000. 7.03709E-6 920000000. 7.06931E-6 960000000. 9.50227E-6263110  5 1443
 1.00000E+9 0.0                                                   263110  5 1444
 0.0        0.0             23044          0          1         21263110  5 1445
         21          1                                            263110  5 1446
 200000000. 6.20352E-6 240000000. 6.87121E-6 280000000. 7.29185E-6263110  5 1447
 320000000. 7.39482E-6 360000000. 7.09432E-6 400000000. 6.39864E-6263110  5 1448
 440000000. 7.22524E-6 480000000. 8.79674E-6 520000000. 9.26586E-6263110  5 1449
 560000000. 1.04472E-5 600000000. 1.16745E-5 640000000. 1.32713E-5263110  5 1450
 680000000. 1.39492E-5 720000000. 1.13400E-5 760000000. 8.51283E-6263110  5 1451
 800000000. 1.00675E-5 840000000. 1.32269E-5 880000000. 1.13347E-5263110  5 1452
 920000000. 1.17829E-5 960000000. 1.38618E-5 1.00000E+9 0.0       263110  5 1453
 0.0        0.0             23045          0          1         26263110  5 1454
         26          1                                            263110  5 1455
 100000000. 1.47588E-5 120000000. 2.57194E-5 140000000. 4.22103E-5263110  5 1456
 160000000. 8.12547E-5 180000000. 1.07340E-4 200000000. 1.23882E-4263110  5 1457
 240000000. 1.53299E-4 280000000. 1.67244E-4 320000000. 1.83405E-4263110  5 1458
 360000000. 2.10681E-4 400000000. 2.25373E-4 440000000. 2.27394E-4263110  5 1459
 480000000. 2.26661E-4 520000000. 2.31533E-4 560000000. 2.41261E-4263110  5 1460
 600000000. 2.42508E-4 640000000. 2.35332E-4 680000000. 2.30521E-4263110  5 1461
 720000000. 2.29182E-4 760000000. 2.29982E-4 800000000. 2.29725E-4263110  5 1462
 840000000. 2.38025E-4 880000000. 2.34385E-4 920000000. 2.19316E-4263110  5 1463
 960000000. 2.21365E-4 1.00000E+9 0.0                             263110  5 1464
 0.0        0.0             23046          0          1         29263110  5 1465
         29          1                                            263110  5 1466
 70000000.0 1.20604E-4 80000000.0 2.66073E-4 90000000.0 3.07491E-4263110  5 1467
 100000000. 4.04266E-4 120000000. 8.03642E-4 140000000. .001312206263110  5 1468
 160000000. .001675899 180000000. .001945756 200000000. .002196281263110  5 1469
 240000000. .002468390 280000000. .002640492 320000000. .002663328263110  5 1470
 360000000. .002706527 400000000. .002825480 440000000. .002920323263110  5 1471
 480000000. .002927746 520000000. .002929801 560000000. .002935017263110  5 1472
 600000000. .002846907 640000000. .002800096 680000000. .002768355263110  5 1473
 720000000. .002686603 760000000. .002618150 800000000. .002620539263110  5 1474
 840000000. .002611474 880000000. .002526173 920000000. .002492924263110  5 1475
 960000000. .002535681 1.00000E+9 0.0                             263110  5 1476
 0.0        0.0             23047          0          1         33263110  5 1477
         33          1                                            263110  5 1478
 50000000.0 1.73896E-4 54000000.0 3.82062E-4 55000000.0 8.43922E-4263110  5 1479
 60000000.0 .001753185 70000000.0 .001985590 80000000.0 .001745050263110  5 1480
 90000000.0 .002754180 100000000. .006205223 120000000. .009900981263110  5 1481
 140000000. .011814112 160000000. .013447750 180000000. .014905536263110  5 1482
 200000000. .015978788 240000000. .016690990 280000000. .016919712263110  5 1483
 320000000. .017095820 360000000. .017153353 400000000. .017054428263110  5 1484
 440000000. .017155521 480000000. .017147560 520000000. .017102037263110  5 1485
 560000000. .016799484 600000000. .016373796 640000000. .016007496263110  5 1486
 680000000. .015540591 720000000. .015237243 760000000. .015013214263110  5 1487
 800000000. .014589301 840000000. .014312930 880000000. .014193956263110  5 1488
 920000000. .013998468 960000000. .013774082 1.00000E+9 0.0       263110  5 1489
 0.0        0.0             23048          0          1         35263110  5 1490
         35          1                                            263110  5 1491
 40000000.0 9.73624E-4 45000000.0 .001828606 50000000.0 .002280235263110  5 1492
 54000000.0 .002339016 55000000.0 .002082261 60000000.0 .001688740263110  5 1493
 70000000.0 .002906563 80000000.0 .007958392 90000000.0 .014175529263110  5 1494
 100000000. .017860406 120000000. .020126597 140000000. .022866512263110  5 1495
 160000000. .025519414 180000000. .026961941 200000000. .027769825263110  5 1496
 240000000. .027925445 280000000. .027675245 320000000. .027677274263110  5 1497
 360000000. .027373601 400000000. .026927493 440000000. .026700436263110  5 1498
 480000000. .026478667 520000000. .026185556 560000000. .025521289263110  5 1499
 600000000. .024792861 640000000. .024380960 680000000. .024042353263110  5 1500
 720000000. .023463478 760000000. .023035333 800000000. .022751504263110  5 1501
 840000000. .022306039 880000000. .021919889 920000000. .021615326263110  5 1502
 960000000. .021306313 1.00000E+9 0.0                             263110  5 1503
 0.0        0.0             23049          0          1         37263110  5 1504
         37          1                                            263110  5 1505
 30000000.0 7.17178E-7 35000000.0 4.84896E-4 40000000.0 7.43373E-4263110  5 1506
 45000000.0 3.82063E-4 50000000.0 2.97662E-4 54000000.0 3.32462E-4263110  5 1507
 55000000.0 5.38598E-4 60000000.0 .004149571 70000000.0 .011439016263110  5 1508
 80000000.0 .015676601 90000000.0 .015688654 100000000. .016137367263110  5 1509
 120000000. .018493272 140000000. .021043662 160000000. .022470444263110  5 1510
 180000000. .022838930 200000000. .022815454 240000000. .022705928263110  5 1511
 280000000. .022418871 320000000. .022396879 360000000. .022136058263110  5 1512
 400000000. .021727524 440000000. .021735826 480000000. .021381482263110  5 1513
 520000000. .020949149 560000000. .020649886 600000000. .020254517263110  5 1514
 640000000. .019903152 680000000. .019516629 720000000. .019209739263110  5 1515
 760000000. .018916317 800000000. .018591407 840000000. .018275093263110  5 1516
 880000000. .017984126 920000000. .017847865 960000000. .017710585263110  5 1517
 1.00000E+9 0.0                                                   263110  5 1518
 0.0        0.0             23050          0          1         34263110  5 1519
         34          1                                            263110  5 1520
 45000000.0 2.41696E-4 50000000.0 .001142449 54000000.0 .002073247263110  5 1521
 55000000.0 .003618455 60000000.0 .006189311 70000000.0 .006899991263110  5 1522
 80000000.0 .006046977 90000000.0 .006134722 100000000. .007565669263110  5 1523
 120000000. .009241193 140000000. .010015235 160000000. .010383821263110  5 1524
 180000000. .010599596 200000000. .010555522 240000000. .010426693263110  5 1525
 280000000. .010557396 320000000. .010651923 360000000. .010624175263110  5 1526
 400000000. .010598191 440000000. .010533826 480000000. .010565733263110  5 1527
 520000000. .010582543 560000000. .010496460 600000000. .010384301263110  5 1528
 640000000. .010332737 680000000. .010263933 720000000. .010151604263110  5 1529
 760000000. .010032742 800000000. .009884290 840000000. .009735150263110  5 1530
 880000000. .009573270 920000000. .009478233 960000000. .009520872263110  5 1531
 1.00000E+9 0.0                                                   263110  5 1532
 0.0        0.0             23051          0          1         35263110  5 1533
         35          1                                            263110  5 1534
 40000000.0 3.39314E-4 45000000.0 8.80223E-4 50000000.0 .001250160263110  5 1535
 54000000.0 .001327515 55000000.0 .001243219 60000000.0 .001027957263110  5 1536
 70000000.0 9.54710E-4 80000000.0 .001290240 90000000.0 .001837058263110  5 1537
 100000000. .002333976 120000000. .002726803 140000000. .002915071263110  5 1538
 160000000. .002983234 180000000. .003035116 200000000. .003113904263110  5 1539
 240000000. .003191341 280000000. .003242610 320000000. .003396698263110  5 1540
 360000000. .003565257 400000000. .003735610 440000000. .003777729263110  5 1541
 480000000. .003815505 520000000. .003921554 560000000. .003984707263110  5 1542
 600000000. .004073055 640000000. .004099709 680000000. .004099891263110  5 1543
 720000000. .004120519 760000000. .004133168 800000000. .004139878263110  5 1544
 840000000. .004084899 880000000. .004016625 920000000. .004036335263110  5 1545
 960000000. .004026131 1.00000E+9 0.0                             263110  5 1546
 0.0        0.0             23052          0          1         30263110  5 1547
         30          1                                            263110  5 1548
 60000000.0 3.80983E-5 70000000.0 1.52691E-4 80000000.0 3.00587E-4263110  5 1549
 90000000.0 3.73365E-4 100000000. 4.08945E-4 120000000. 4.43739E-4263110  5 1550
 140000000. 4.94368E-4 160000000. 5.40722E-4 180000000. 5.86757E-4263110  5 1551
 200000000. 6.34613E-4 240000000. 6.69191E-4 280000000. 7.42615E-4263110  5 1552
 320000000. 8.20961E-4 360000000. 8.69971E-4 400000000. 9.11319E-4263110  5 1553
 440000000. 9.97035E-4 480000000. .001090558 520000000. .001140001263110  5 1554
 560000000. .001217637 600000000. .001268628 640000000. .001293226263110  5 1555
 680000000. .001336444 720000000. .001348891 760000000. .001355550263110  5 1556
 800000000. .001367750 840000000. .001379902 880000000. .001366896263110  5 1557
 920000000. .001350425 960000000. .001360308 1.00000E+9 0.0       263110  5 1558
 0.0        0.0             23053          0          1         29263110  5 1559
         29          1                                            263110  5 1560
 70000000.0 2.83156E-5 80000000.0 3.18755E-5 90000000.0 2.87309E-5263110  5 1561
 100000000. 3.74524E-5 120000000. 5.10997E-5 140000000. 6.32774E-5263110  5 1562
 160000000. 7.03040E-5 180000000. 8.21559E-5 200000000. 8.74224E-5263110  5 1563
 240000000. 9.70329E-5 280000000. 1.23069E-4 320000000. 1.41880E-4263110  5 1564
 360000000. 1.63975E-4 400000000. 1.84087E-4 440000000. 1.96635E-4263110  5 1565
 480000000. 2.20282E-4 520000000. 2.46353E-4 560000000. 2.68442E-4263110  5 1566
 600000000. 2.95872E-4 640000000. 3.18354E-4 680000000. 3.27633E-4263110  5 1567
 720000000. 3.30666E-4 760000000. 3.39358E-4 800000000. 3.49573E-4263110  5 1568
 840000000. 3.71048E-4 880000000. 3.74573E-4 920000000. 3.57283E-4263110  5 1569
 960000000. 3.50489E-4 1.00000E+9 0.0                             263110  5 1570
 0.0        0.0             23054          0          1         18263110  5 1571
         18          1                                            263110  5 1572
 320000000. 5.63717E-6 360000000. 1.08582E-5 400000000. 1.31766E-5263110  5 1573
 440000000. 1.69474E-5 480000000. 2.31133E-5 520000000. 2.48027E-5263110  5 1574
 560000000. 3.20885E-5 600000000. 3.61506E-5 640000000. 3.34117E-5263110  5 1575
 680000000. 3.51455E-5 720000000. 4.41884E-5 760000000. 4.98596E-5263110  5 1576
 800000000. 5.16005E-5 840000000. 5.21355E-5 880000000. 5.58246E-5263110  5 1577
 920000000. 5.81752E-5 960000000. 5.07079E-5 1.00000E+9 0.0       263110  5 1578
 0.0        0.0             24046          0          1         22263110  5 1579
         22          1                                            263110  5 1580
 180000000. 4.03354E-6 200000000. 5.71365E-6 240000000. 5.54540E-6263110  5 1581
 280000000. 6.55534E-6 320000000. 7.76694E-6 360000000. 7.06386E-6263110  5 1582
 400000000. 7.11494E-6 440000000. 5.78824E-6 480000000. 7.68332E-6263110  5 1583
 520000000. 1.00070E-5 560000000. 8.96993E-6 600000000. 1.01532E-5263110  5 1584
 640000000. 1.02587E-5 680000000. 1.06892E-5 720000000. 1.15456E-5263110  5 1585
 760000000. 8.51283E-6 800000000. 6.59919E-6 840000000. 8.54362E-6263110  5 1586
 880000000. 1.28778E-5 920000000. 1.18009E-5 960000000. 8.71258E-6263110  5 1587
 1.00000E+9 0.0                                                   263110  5 1588
 0.0        0.0             24047          0          1         27263110  5 1589
         27          1                                            263110  5 1590
 90000000.0 9.09818E-6 100000000. 3.92953E-5 120000000. 8.52556E-5263110  5 1591
 140000000. 1.14440E-4 160000000. 1.43333E-4 180000000. 1.69527E-4263110  5 1592
 200000000. 1.88475E-4 240000000. 1.97113E-4 280000000. 2.01140E-4263110  5 1593
 320000000. 2.20454E-4 360000000. 2.30432E-4 400000000. 2.25061E-4263110  5 1594
 440000000. 2.25186E-4 480000000. 2.33237E-4 520000000. 2.38974E-4263110  5 1595
 560000000. 2.30177E-4 600000000. 2.16893E-4 640000000. 2.09909E-4263110  5 1596
 680000000. 2.17059E-4 720000000. 2.24212E-4 760000000. 2.12243E-4263110  5 1597
 800000000. 2.01031E-4 840000000. 1.91053E-4 880000000. 1.76566E-4263110  5 1598
 920000000. 1.80751E-4 960000000. 1.79838E-4 1.00000E+9 0.0       263110  5 1599
 0.0        0.0             24048          0          1         29263110  5 1600
         29          1                                            263110  5 1601
 70000000.0 1.61815E-4 80000000.0 7.49678E-4 90000000.0 .001582711263110  5 1602
 100000000. .002183186 120000000. .002621500 140000000. .003026261263110  5 1603
 160000000. .003405011 180000000. .003617769 200000000. .003722209263110  5 1604
 240000000. .003807486 280000000. .003811734 320000000. .003771677263110  5 1605
 360000000. .003704090 400000000. .003603307 440000000. .003564796263110  5 1606
 480000000. .003542752 520000000. .003467060 560000000. .003358039263110  5 1607
 600000000. .003231860 640000000. .003130555 680000000. .003065334263110  5 1608
 720000000. .003028562 760000000. .002976190 800000000. .002905306263110  5 1609
 840000000. .002817833 880000000. .002697680 920000000. .002682291263110  5 1610
 960000000. .002687516 1.00000E+9 0.0                             263110  5 1611
 0.0        0.0             24049          0          1         34263110  5 1612
         34          1                                            263110  5 1613
 45000000.0 4.63407E-5 50000000.0 1.23228E-4 54000000.0 1.83279E-4263110  5 1614
 55000000.0 4.75687E-4 60000000.0 .004193495 70000000.0 .010564421263110  5 1615
 80000000.0 .013451804 90000000.0 .012834710 100000000. .013101300263110  5 1616
 120000000. .015565707 140000000. .017949956 160000000. .019030427263110  5 1617
 180000000. .019167791 200000000. .018881225 240000000. .018478983263110  5 1618
 280000000. .017979385 320000000. .017461004 360000000. .016860549263110  5 1619
 400000000. .016285653 440000000. .015819393 480000000. .015430574263110  5 1620
 520000000. .014916928 560000000. .014293058 600000000. .013903785263110  5 1621
 640000000. .013493475 680000000. .013125657 720000000. .012766649263110  5 1622
 760000000. .012389675 800000000. .012093789 840000000. .011824853263110  5 1623
 880000000. .011686207 920000000. .011572114 960000000. .011369789263110  5 1624
 1.00000E+9 0.0                                                   263110  5 1625
 0.0        0.0             24050          0          1         36263110  5 1626
         36          1                                            263110  5 1627
 35000000.0 3.70866E-5 40000000.0 3.73985E-4 45000000.0 .003979685263110  5 1628
 50000000.0 .012324480 54000000.0 .018660086 55000000.0 .024212693263110  5 1629
 60000000.0 .030217548 70000000.0 .028436605 80000000.0 .024242697263110  5 1630
 90000000.0 .025780621 100000000. .032350970 120000000. .038628086263110  5 1631
 140000000. .040633370 160000000. .040517910 180000000. .039623181263110  5 1632
 200000000. .038347601 240000000. .036488555 280000000. .034982634263110  5 1633
 320000000. .034090047 360000000. .032919975 400000000. .031633624263110  5 1634
 440000000. .030570526 480000000. .029633549 520000000. .028707805263110  5 1635
 560000000. .027758530 600000000. .026849077 640000000. .026024051263110  5 1636
 680000000. .025331744 720000000. .024755118 760000000. .024197761263110  5 1637
 800000000. .023535261 840000000. .022959822 880000000. .022572126263110  5 1638
 920000000. .022294390 960000000. .022054776 1.00000E+9 0.0       263110  5 1639
 0.0        0.0             24051          0          1         37263110  5 1640
         37          1                                            263110  5 1641
 30000000.0 2.08974E-6 35000000.0 .009123626 40000000.0 .023078016263110  5 1642
 45000000.0 .028211414 50000000.0 .027065111 54000000.0 .024957609263110  5 1643
 55000000.0 .021810948 60000000.0 .017845507 70000000.0 .019195910263110  5 1644
 80000000.0 .026126763 90000000.0 .032741358 100000000. .036062226263110  5 1645
 120000000. .037502630 140000000. .037467542 160000000. .036639107263110  5 1646
 180000000. .035613936 200000000. .034207819 240000000. .032473828263110  5 1647
 280000000. .031427384 320000000. .030997612 360000000. .030189622263110  5 1648
 400000000. .029209385 440000000. .028595495 480000000. .027868029263110  5 1649
 520000000. .027017928 560000000. .026253174 600000000. .025584302263110  5 1650
 640000000. .024989385 680000000. .024537591 720000000. .024002316263110  5 1651
 760000000. .023489239 800000000. .023169903 840000000. .022762837263110  5 1652
 880000000. .022556244 920000000. .022381014 960000000. .022187837263110  5 1653
 1.00000E+9 0.0                                                   263110  5 1654
 0.0        0.0             24052          0          1         37263110  5 1655
         37          1                                            263110  5 1656
 30000000.0 1.16447E-5 35000000.0 .004005015 40000000.0 .006741083263110  5 1657
 45000000.0 .004743180 50000000.0 .004192739 54000000.0 .004199435263110  5 1658
 55000000.0 .004707036 60000000.0 .009186577 70000000.0 .016156125263110  5 1659
 80000000.0 .019303819 90000000.0 .019487527 100000000. .019475116263110  5 1660
 120000000. .019396212 140000000. .019167379 160000000. .018915278263110  5 1661
 180000000. .018627633 200000000. .018156299 240000000. .017615211263110  5 1662
 280000000. .017581397 320000000. .017681393 360000000. .017497914263110  5 1663
 400000000. .017252239 440000000. .017179898 480000000. .017104120263110  5 1664
 520000000. .016943445 560000000. .016873908 600000000. .016843419263110  5 1665
 640000000. .016655516 680000000. .016463391 720000000. .016440829263110  5 1666
 760000000. .016401009 800000000. .016117334 840000000. .015811612263110  5 1667
 880000000. .015750363 920000000. .015656305 960000000. .015488367263110  5 1668
 1.00000E+9 0.0                                                   263110  5 1669
 0.0        0.0             24053          0          1         35263110  5 1670
         35          1                                            263110  5 1671
 40000000.0 1.26020E-4 45000000.0 7.15539E-4 50000000.0 .001976904263110  5 1672
 54000000.0 .003007386 55000000.0 .004177618 60000000.0 .005719660263110  5 1673
 70000000.0 .006188784 80000000.0 .006036747 90000000.0 .006092882263110  5 1674
 100000000. .006182100 120000000. .006297510 140000000. .006406155263110  5 1675
 160000000. .006507499 180000000. .006601482 200000000. .006662431263110  5 1676
 240000000. .006770956 280000000. .007008605 320000000. .007309092263110  5 1677
 360000000. .007466698 400000000. .007625224 440000000. .007931141263110  5 1678
 480000000. .008214353 520000000. .008485971 560000000. .008670347263110  5 1679
 600000000. .008719454 640000000. .008785069 680000000. .008907832263110  5 1680
 720000000. .008984990 760000000. .008942724 800000000. .008920768263110  5 1681
 840000000. .008936553 880000000. .008913223 920000000. .008901713263110  5 1682
 960000000. .008897614 1.00000E+9 0.0                             263110  5 1683
 0.0        0.0             24054          0          1         36263110  5 1684
         36          1                                            263110  5 1685
 35000000.0 1.00448E-4 40000000.0 4.41387E-4 45000000.0 8.35915E-4263110  5 1686
 50000000.0 .001009008 54000000.0 .001027053 55000000.0 9.62691E-4263110  5 1687
 60000000.0 8.86666E-4 70000000.0 9.11182E-4 80000000.0 .001007847263110  5 1688
 90000000.0 .001108696 100000000. .001223822 120000000. .001357118263110  5 1689
 140000000. .001443633 160000000. .001522976 180000000. .001608035263110  5 1690
 200000000. .001699939 240000000. .001832238 280000000. .002008380263110  5 1691
 320000000. .002182061 360000000. .002327196 400000000. .002505493263110  5 1692
 440000000. .002680830 480000000. .002843614 520000000. .003027179263110  5 1693
 560000000. .003191211 600000000. .003346365 640000000. .003429797263110  5 1694
 680000000. .003462142 720000000. .003538602 760000000. .003615819263110  5 1695
 800000000. .003654852 840000000. .003689029 880000000. .003710851263110  5 1696
 920000000. .003712886 960000000. .003736054 1.00000E+9 0.0       263110  5 1697
 0.0        0.0             24055          0          1         19263110  5 1698
         19          1                                            263110  5 1699
 280000000. 1.96022E-5 320000000. 4.11150E-5 360000000. 6.69013E-5263110  5 1700
 400000000. 9.69466E-5 440000000. 1.24631E-4 480000000. 1.46645E-4263110  5 1701
 520000000. 1.55983E-4 560000000. 1.78016E-4 600000000. 2.02928E-4263110  5 1702
 640000000. 2.06088E-4 680000000. 2.14026E-4 720000000. 2.19586E-4263110  5 1703
 760000000. 2.22222E-4 800000000. 2.32016E-4 840000000. 2.32668E-4263110  5 1704
 880000000. 2.34296E-4 920000000. 2.45230E-4 960000000. 2.58185E-4263110  5 1705
 1.00000E+9 0.0                                                   263110  5 1706
 0.0        0.0             25048          0          1         21263110  5 1707
         21          1                                            263110  5 1708
 200000000. 5.47083E-6 240000000. 6.55270E-6 280000000. 5.22061E-6263110  5 1709
 320000000. 4.54792E-6 360000000. 5.27232E-6 400000000. 6.04054E-6263110  5 1710
 440000000. 5.06976E-6 480000000. 4.75983E-6 520000000. 4.82589E-6263110  5 1711
 560000000. 5.58872E-6 600000000. 5.66051E-6 640000000. 4.17366E-6263110  5 1712
 680000000. 4.96844E-6 720000000. 5.76545E-6 760000000. 6.18446E-6263110  5 1713
 800000000. 5.05236E-6 840000000. 6.59587E-6 880000000. 9.76132E-6263110  5 1714
 920000000. 8.26002E-6 960000000. 5.94159E-6 1.00000E+9 0.0       263110  5 1715
 0.0        0.0             25049          0          1         29263110  5 1716
         29          1                                            263110  5 1717
 70000000.0 2.87866E-5 80000000.0 5.82256E-5 90000000.0 6.42202E-5263110  5 1718
 100000000. 7.13916E-5 120000000. 9.33527E-5 140000000. 1.20005E-4263110  5 1719
 160000000. 1.33251E-4 180000000. 1.45566E-4 200000000. 1.53773E-4263110  5 1720
 240000000. 1.51212E-4 280000000. 1.54709E-4 320000000. 1.48111E-4263110  5 1721
 360000000. 1.43900E-4 400000000. 1.50029E-4 440000000. 1.47145E-4263110  5 1722
 480000000. 1.40137E-4 520000000. 1.33401E-4 560000000. 1.32965E-4263110  5 1723
 600000000. 1.21702E-4 640000000. 1.21749E-4 680000000. 1.26971E-4263110  5 1724
 720000000. 1.16532E-4 760000000. 1.12494E-4 800000000. 1.09055E-4263110  5 1725
 840000000. 1.03896E-4 880000000. 1.01924E-4 920000000. 1.00627E-4263110  5 1726
 960000000. 9.74249E-5 1.00000E+9 0.0                             263110  5 1727
 0.0        0.0             25050          0          1         33263110  5 1728
         33          1                                            263110  5 1729
 50000000.0 1.62429E-4 54000000.0 3.39221E-4 55000000.0 6.94288E-4263110  5 1730
 60000000.0 .001277274 70000000.0 .001366954 80000000.0 .001141501263110  5 1731
 90000000.0 .001213113 100000000. .001747401 120000000. .002355845263110  5 1732
 140000000. .002585607 160000000. .002661941 180000000. .002615825263110  5 1733
 200000000. .002510567 240000000. .002374150 280000000. .002261558263110  5 1734
 320000000. .002174729 360000000. .002069634 400000000. .001984343263110  5 1735
 440000000. .001898508 480000000. .001835776 520000000. .001767094263110  5 1736
 560000000. .001686276 600000000. .001620454 640000000. .001540429263110  5 1737
 680000000. .001464369 720000000. .001385014 760000000. .001327446263110  5 1738
 800000000. .001327407 840000000. .001304667 880000000. .001264590263110  5 1739
 920000000. .001266349 960000000. .001281148 1.00000E+9 0.0       263110  5 1740
 0.0        0.0             25051          0          1         36263110  5 1741
         36          1                                            263110  5 1742
 35000000.0 .004891605 40000000.0 .011557383 45000000.0 .013197087263110  5 1743
 50000000.0 .012299473 54000000.0 .011048936 55000000.0 .009570881263110  5 1744
 60000000.0 .008135702 70000000.0 .010184871 80000000.0 .016040720263110  5 1745
 90000000.0 .020932404 100000000. .022861989 120000000. .023391594263110  5 1746
 140000000. .022884189 160000000. .022106124 180000000. .021293409263110  5 1747
 200000000. .019919185 240000000. .018307821 280000000. .017306009263110  5 1748
 320000000. .016526694 360000000. .015563638 400000000. .014754019263110  5 1749
 440000000. .014115148 480000000. .013426442 520000000. .012743323263110  5 1750
 560000000. .012182897 600000000. .011694022 640000000. .011174405263110  5 1751
 680000000. .010661620 720000000. .010365171 760000000. .010209180263110  5 1752
 800000000. .010077439 840000000. .009885608 880000000. .009537536263110  5 1753
 920000000. .009458013 960000000. .009459365 1.00000E+9 0.0       263110  5 1754
 0.0        0.0             25052          0          1         37263110  5 1755
         37          1                                            263110  5 1756
 30000000.0 3.31135E-5 35000000.0 .008007737 40000000.0 .013168304263110  5 1757
 45000000.0 .009349693 50000000.0 .009673805 54000000.0 .011074890263110  5 1758
 55000000.0 .016229922 60000000.0 .038689058 70000000.0 .062831540263110  5 1759
 80000000.0 .067482295 90000000.0 .064606689 100000000. .061051153263110  5 1760
 120000000. .057632833 140000000. .054556351 160000000. .051667162263110  5 1761
 180000000. .049077068 200000000. .045821716 240000000. .042360746263110  5 1762
 280000000. .040111557 320000000. .038373839 360000000. .036315612263110  5 1763
 400000000. .034326880 440000000. .032835266 480000000. .031423897263110  5 1764
 520000000. .029967757 560000000. .028516577 600000000. .027302948263110  5 1765
 640000000. .026375758 680000000. .025636991 720000000. .025022721263110  5 1766
 760000000. .024539026 800000000. .024085756 840000000. .023666574263110  5 1767
 880000000. .023325022 920000000. .023133872 960000000. .022961816263110  5 1768
 1.00000E+9 0.0                                                   263110  5 1769
 0.0        0.0             25053          0          1         37263110  5 1770
         37          1                                            263110  5 1771
 30000000.0 1.52929E-6 35000000.0 .002114232 40000000.0 .012922943263110  5 1772
 45000000.0 .040144864 50000000.0 .071944806 54000000.0 .087511251263110  5 1773
 55000000.0 .094090186 60000000.0 .096076636 70000000.0 .088740909263110  5 1774
 80000000.0 .080652898 90000000.0 .074960122 100000000. .069838200263110  5 1775
 120000000. .065005298 140000000. .060837405 160000000. .057673749263110  5 1776
 180000000. .055142297 200000000. .052002281 240000000. .049108217263110  5 1777
 280000000. .047474130 320000000. .046217284 360000000. .044457437263110  5 1778
 400000000. .042452309 440000000. .040927353 480000000. .039562683263110  5 1779
 520000000. .038238287 560000000. .036904634 600000000. .035829862263110  5 1780
 640000000. .035076031 680000000. .034494182 720000000. .033950856263110  5 1781
 760000000. .033553650 800000000. .033097130 840000000. .032704519263110  5 1782
 880000000. .032520867 920000000. .032322575 960000000. .032127776263110  5 1783
 1.00000E+9 0.0                                                   263110  5 1784
 0.0        0.0             25054          0          1         37263110  5 1785
         37          1                                            263110  5 1786
 30000000.0 1.93447E-5 35000000.0 .034495031 40000000.0 .076584633263110  5 1787
 45000000.0 .081449247 50000000.0 .077250661 54000000.0 .073734768263110  5 1788
 55000000.0 .067611156 60000000.0 .057953095 70000000.0 .051925468263110  5 1789
 80000000.0 .048999688 90000000.0 .046517824 100000000. .043739586263110  5 1790
 120000000. .041170940 140000000. .039463861 160000000. .038300578263110  5 1791
 180000000. .037406128 200000000. .036773290 240000000. .036433490263110  5 1792
 280000000. .036451286 320000000. .036643685 360000000. .036089096263110  5 1793
 400000000. .035526237 440000000. .035676942 480000000. .035536921263110  5 1794
 520000000. .035179174 560000000. .035063770 600000000. .034977635263110  5 1795
 640000000. .034767576 680000000. .034590153 720000000. .034291108263110  5 1796
 760000000. .034166026 800000000. .034023130 840000000. .033739636263110  5 1797
 880000000. .033539378 920000000. .033500922 960000000. .033578531263110  5 1798
 1.00000E+9 0.0                                                   263110  5 1799
 0.0        0.0             25055          0          1         37263110  5 1800
         37          1                                            263110  5 1801
 30000000.0 4.43690E-5 35000000.0 .020630236 40000000.0 .041326035263110  5 1802
 45000000.0 .040119706 50000000.0 .039142522 54000000.0 .038380893263110  5 1803
 55000000.0 .035986828 60000000.0 .032463409 70000000.0 .031516014263110  5 1804
 80000000.0 .031812491 90000000.0 .031692194 100000000. .031967308263110  5 1805
 120000000. .032484328 140000000. .033136052 160000000. .033950191263110  5 1806
 180000000. .034343893 200000000. .035412844 240000000. .037395267263110  5 1807
 280000000. .039427151 320000000. .041376493 360000000. .042559084263110  5 1808
 400000000. .043512739 440000000. .045137689 480000000. .046889902263110  5 1809
 520000000. .048694477 560000000. .050590905 600000000. .052270374263110  5 1810
 640000000. .053701190 680000000. .054744514 720000000. .055403864263110  5 1811
 760000000. .055711393 800000000. .055659033 840000000. .055447140263110  5 1812
 880000000. .055247385 920000000. .055139397 960000000. .055081014263110  5 1813
 1.00000E+9 0.0                                                   263110  5 1814
 0.0        0.0             25056          0          1         20263110  5 1815
         20          1                                            263110  5 1816
 240000000. 1.08832E-5 280000000. 1.83631E-5 320000000. 2.35699E-5263110  5 1817
 360000000. 3.76370E-5 400000000. 5.47018E-5 440000000. 7.00747E-5263110  5 1818
 480000000. 8.21364E-5 520000000. 9.25673E-5 560000000. 1.06040E-4263110  5 1819
 600000000. 1.11453E-4 640000000. 1.13461E-4 680000000. 1.24185E-4263110  5 1820
 720000000. 1.34955E-4 760000000. 1.46822E-4 800000000. 1.58688E-4263110  5 1821
 840000000. 1.62601E-4 880000000. 1.61690E-4 920000000. 1.65444E-4263110  5 1822
 960000000. 1.80959E-4 1.00000E+9 0.0                             263110  5 1823
 0.0        0.0             26050          0          1         24263110  5 1824
         24          1                                            263110  5 1825
 140000000. 3.48530E-6 160000000. 4.84322E-6 180000000. 5.21652E-6263110  5 1826
 200000000. 4.80755E-6 240000000. 6.18688E-6 280000000. 5.23125E-6263110  5 1827
 320000000. 3.87160E-6 360000000. 5.63284E-6 400000000. 5.34547E-6263110  5 1828
 440000000. 4.33334E-6 480000000. 6.22681E-6 520000000. 6.30791E-6263110  5 1829
 560000000. 4.48773E-6 600000000. 5.26102E-6 640000000. 6.07698E-6263110  5 1830
 680000000. 4.97194E-6 720000000. 4.99637E-6 760000000. 5.02714E-6263110  5 1831
 800000000. 8.51006E-6 840000000. 8.58378E-6 880000000. 4.29766E-6263110  5 1832
 920000000. 4.32492E-6 960000000. 5.15014E-6 1.00000E+9 0.0       263110  5 1833
 0.0        0.0             26051          0          1         29263110  5 1834
         29          1                                            263110  5 1835
 70000000.0 1.43149E-5 80000000.0 5.47819E-5 90000000.0 1.15167E-4263110  5 1836
 100000000. 1.62497E-4 120000000. 1.84648E-4 140000000. 1.86826E-4263110  5 1837
 160000000. 1.84487E-4 180000000. 1.74695E-4 200000000. 1.60439E-4263110  5 1838
 240000000. 1.51613E-4 280000000. 1.46817E-4 320000000. 1.34013E-4263110  5 1839
 360000000. 1.28353E-4 400000000. 1.32257E-4 440000000. 1.24755E-4263110  5 1840
 480000000. 1.17380E-4 520000000. 1.11934E-4 560000000. 1.11286E-4263110  5 1841
 600000000. 1.15215E-4 640000000. 1.10097E-4 680000000. 9.86627E-5263110  5 1842
 720000000. 8.84705E-5 760000000. 8.34943E-5 800000000. 8.11114E-5263110  5 1843
 840000000. 8.20681E-5 880000000. 8.16375E-5 920000000. 7.89966E-5263110  5 1844
 960000000. 8.03917E-5 1.00000E+9 0.0                             263110  5 1845
 0.0        0.0             26052          0          1         34263110  5 1846
         34          1                                            263110  5 1847
 45000000.0 7.08958E-5 50000000.0 1.76890E-4 54000000.0 2.55640E-4263110  5 1848
 55000000.0 4.37753E-4 60000000.0 .001815062 70000000.0 .003900596263110  5 1849
 80000000.0 .004759590 90000000.0 .004647782 100000000. .004318044263110  5 1850
 120000000. .003971729 140000000. .003745064 160000000. .003578515263110  5 1851
 180000000. .003319336 200000000. .003011782 240000000. .002735916263110  5 1852
 280000000. .002552834 320000000. .002466707 360000000. .002298517263110  5 1853
 400000000. .002120985 440000000. .001982653 480000000. .001838314263110  5 1854
 520000000. .001742871 560000000. .001675878 600000000. .001576222263110  5 1855
 640000000. .001469398 680000000. .001452876 720000000. .001424276263110  5 1856
 760000000. .001332631 800000000. .001305651 840000000. .001292895263110  5 1857
 880000000. .001295640 920000000. .001301810 960000000. .001257448263110  5 1858
 1.00000E+9 0.0                                                   263110  5 1859
 0.0        0.0             26053          0          1         37263110  5 1860
         37          1                                            263110  5 1861
 30000000.0 3.41932E-7 35000000.0 8.79887E-4 40000000.0 .005129040263110  5 1862
 45000000.0 .016973324 50000000.0 .031815449 54000000.0 .039313890263110  5 1863
 55000000.0 .042702071 60000000.0 .043393091 70000000.0 .038493199263110  5 1864
 80000000.0 .033442325 90000000.0 .030256002 100000000. .027164625263110  5 1865
 120000000. .024532501 140000000. .022461407 160000000. .020533152263110  5 1866
 180000000. .018964536 200000000. .017352817 240000000. .015804821263110  5 1867
 280000000. .014662213 320000000. .013786184 360000000. .012829955263110  5 1868
 400000000. .011838195 440000000. .011074930 480000000. .010341798263110  5 1869
 520000000. .009581818 560000000. .008931210 600000000. .008489089263110  5 1870
 640000000. .008112672 680000000. .007765700 720000000. .007521464263110  5 1871
 760000000. .007276088 800000000. .007065127 840000000. .006924791263110  5 1872
 880000000. .006901347 920000000. .006874686 960000000. .006798647263110  5 1873
 1.00000E+9 0.0                                                   263110  5 1874
 0.0        0.0             26054          0          1         37263110  5 1875
         37          1                                            263110  5 1876
 30000000.0 1.11746E-4 35000000.0 .112642431 40000000.0 .227273976263110  5 1877
 45000000.0 .212744888 50000000.0 .190435566 54000000.0 .177636422263110  5 1878
 55000000.0 .160708081 60000000.0 .133787409 70000000.0 .114079090263110  5 1879
 80000000.0 .100827258 90000000.0 .090246678 100000000. .080031690263110  5 1880
 120000000. .071136373 140000000. .064776053 160000000. .059734432263110  5 1881
 180000000. .055578903 200000000. .051218618 240000000. .047085170263110  5 1882
 280000000. .044115790 320000000. .041676354 360000000. .038879723263110  5 1883
 400000000. .036217629 440000000. .034336963 480000000. .032420152263110  5 1884
 520000000. .030505473 560000000. .028924922 600000000. .027701227263110  5 1885
 640000000. .026747243 680000000. .025971382 720000000. .025332550263110  5 1886
 760000000. .024867052 800000000. .024640358 840000000. .024502233263110  5 1887
 880000000. .024332556 920000000. .024250050 960000000. .024294646263110  5 1888
 1.00000E+9 0.0                                                   263110  5 1889
 0.0        0.0             26055          0          1         37263110  5 1890
         37          1                                            263110  5 1891
 30000000.0 5.19505E-4 35000000.0 .176225055 40000000.0 .333358336263110  5 1892
 45000000.0 .291733693 50000000.0 .266520312 54000000.0 .252643578263110  5 1893
 55000000.0 .230573331 60000000.0 .194931941 70000000.0 .170262439263110  5 1894
 80000000.0 .154992872 90000000.0 .142117093 100000000. .130164054263110  5 1895
 120000000. .119365567 140000000. .111234984 160000000. .104726719263110  5 1896
 180000000. .099285577 200000000. .093512402 240000000. .087678922263110  5 1897
 280000000. .083508354 320000000. .080668414 360000000. .077517078263110  5 1898
 400000000. .074286298 440000000. .071871893 480000000. .069699392263110  5 1899
 520000000. .067558548 560000000. .065427889 600000000. .063929399263110  5 1900
 640000000. .062898345 680000000. .062153524 720000000. .061870126263110  5 1901
 760000000. .061717710 800000000. .061595317 840000000. .061592217263110  5 1902
 880000000. .061722800 920000000. .062067716 960000000. .062644782263110  5 1903
 1.00000E+9 0.0                                                   263110  5 1904
 0.0        0.0             26056          0          1         37263110  5 1905
         37          1                                            263110  5 1906
 30000000.0 1.17602E-4 35000000.0 .037623655 40000000.0 .068233081263110  5 1907
 45000000.0 .054563062 50000000.0 .046830662 54000000.0 .043228049263110  5 1908
 55000000.0 .038569653 60000000.0 .031064655 70000000.0 .025092909263110  5 1909
 80000000.0 .020902345 90000000.0 .017807386 100000000. .015086365263110  5 1910
 120000000. .012704835 140000000. .011081905 160000000. .009969185263110  5 1911
 180000000. .009157204 200000000. .008343046 240000000. .007398113263110  5 1912
 280000000. .006778376 320000000. .006360689 360000000. .005842374263110  5 1913
 400000000. .005415176 440000000. .005149627 480000000. .004999686263110  5 1914
 520000000. .004938506 560000000. .004944882 600000000. .004988876263110  5 1915
 640000000. .005056180 680000000. .005165053 720000000. .005284986263110  5 1916
 760000000. .005421814 800000000. .005539302 840000000. .005597334263110  5 1917
 880000000. .005651607 920000000. .005740450 960000000. .005816023263110  5 1918
 1.00000E+9 0.0                                                   263110  5 1919
 0.0        0.0             27052          0          1         26263110  5 1920
         26          1                                            263110  5 1921
 100000000. 3.50004E-6 120000000. 3.49949E-6 140000000. 3.49894E-6263110  5 1922
 160000000. 3.49840E-6 180000000. 3.49785E-6 200000000. 3.49704E-6263110  5 1923
 240000000. 3.49595E-6 280000000. 3.49486E-6 320000000. 3.62634E-6263110  5 1924
 360000000. 3.89599E-6 400000000. 4.16558E-6 440000000. 4.51527E-6263110  5 1925
 480000000. 4.94752E-6 520000000. 4.93825E-6 560000000. 4.47606E-6263110  5 1926
 600000000. 4.01388E-6 640000000. 3.79525E-6 680000000. 4.46086E-6263110  5 1927
 720000000. 5.77463E-6 760000000. 7.08837E-6 800000000. 6.79469E-6263110  5 1928
 840000000. 4.86662E-6 880000000. 3.90523E-6 920000000. 3.91530E-6263110  5 1929
 960000000. 3.91530E-6 1.00000E+9 0.0                             263110  5 1930
 0.0        0.0             27053          0          1         33263110  5 1931
         33          1                                            263110  5 1932
 50000000.0 1.94190E-5 54000000.0 3.68345E-5 55000000.0 7.07953E-5263110  5 1933
 60000000.0 1.33552E-4 70000000.0 1.46724E-4 80000000.0 1.19932E-4263110  5 1934
 90000000.0 1.05317E-4 100000000. 9.03470E-5 120000000. 8.56669E-5263110  5 1935
 140000000. 8.47783E-5 160000000. 7.66566E-5 180000000. 7.77931E-5263110  5 1936
 200000000. 7.70616E-5 240000000. 6.79124E-5 280000000. 6.62676E-5263110  5 1937
 320000000. 6.59043E-5 360000000. 5.81854E-5 400000000. 5.96628E-5263110  5 1938
 440000000. 6.18572E-5 480000000. 5.64746E-5 520000000. 4.53073E-5263110  5 1939
 560000000. 3.54643E-5 600000000. 3.57868E-5 640000000. 3.00028E-5263110  5 1940
 680000000. 2.75189E-5 720000000. 3.30396E-5 760000000. 3.74950E-5263110  5 1941
 800000000. 3.64799E-5 840000000. 3.38582E-5 880000000. 2.93027E-5263110  5 1942
 920000000. 2.98594E-5 960000000. 3.20818E-5 1.00000E+9 0.0       263110  5 1943
 0.0        0.0             27054          0          1         36263110  5 1944
         36          1                                            263110  5 1945
 35000000.0 .001844160 40000000.0 .004671330 45000000.0 .005441172263110  5 1946
 50000000.0 .004970033 54000000.0 .004532850 55000000.0 .003944031263110  5 1947
 60000000.0 .003176566 70000000.0 .002659463 80000000.0 .002300889263110  5 1948
 90000000.0 .002032416 100000000. .001804789 120000000. .001584174263110  5 1949
 140000000. .001393771 160000000. .001255240 180000000. .001176305263110  5 1950
 200000000. .001071188 240000000. 9.27143E-4 280000000. 8.41313E-4263110  5 1951
 320000000. 7.67190E-4 360000000. 6.98860E-4 400000000. 6.43322E-4263110  5 1952
 440000000. 5.74316E-4 480000000. 5.04149E-4 520000000. 4.52951E-4263110  5 1953
 560000000. 4.17701E-4 600000000. 3.99519E-4 640000000. 3.89431E-4263110  5 1954
 680000000. 3.64813E-4 720000000. 3.23539E-4 760000000. 2.88044E-4263110  5 1955
 800000000. 2.79356E-4 840000000. 2.80514E-4 880000000. 2.69116E-4263110  5 1956
 920000000. 2.59012E-4 960000000. 2.57816E-4 1.00000E+9 0.0       263110  5 1957
 0.0        0.0             27055          0          1         37263110  5 1958
         37          1                                            263110  5 1959
 30000000.0 1.03998E-4 35000000.0 .028503984 40000000.0 .052122054263110  5 1960
 45000000.0 .042683848 50000000.0 .037315569 54000000.0 .034735615263110  5 1961
 55000000.0 .031225270 60000000.0 .025161990 70000000.0 .020443669263110  5 1962
 80000000.0 .017349945 90000000.0 .015016084 100000000. .012730267263110  5 1963
 120000000. .010545031 140000000. .009048856 160000000. .007893924263110  5 1964
 180000000. .006985397 200000000. .006250975 240000000. .005498091263110  5 1965
 280000000. .004903811 320000000. .004370782 360000000. .003790211263110  5 1966
 400000000. .003284374 440000000. .002856430 480000000. .002508583263110  5 1967
 520000000. .002211476 560000000. .001967996 600000000. .001790230263110  5 1968
 640000000. .001639894 680000000. .001523746 720000000. .001396679263110  5 1969
 760000000. .001303496 800000000. .001275887 840000000. .001249719263110  5 1970
 880000000. .001211869 920000000. .001169338 960000000. .001144537263110  5 1971
 1.00000E+9 0.0                                                   263110  5 1972
 0.0        0.0             27056          0          1         37263110  5 1973
         37          1                                            263110  5 1974
 30000000.0 8.54927E-5 35000000.0 .027969879 40000000.0 .051412576263110  5 1975
 45000000.0 .042068606 50000000.0 .036177897 54000000.0 .033265948263110  5 1976
 55000000.0 .029697023 60000000.0 .023739577 70000000.0 .018883586263110  5 1977
 80000000.0 .015486947 90000000.0 .013035821 100000000. .010868622263110  5 1978
 120000000. .008967305 140000000. .007698611 160000000. .006816467263110  5 1979
 180000000. .006207622 200000000. .005636919 240000000. .005162262263110  5 1980
 280000000. .004998432 320000000. .004722685 360000000. .004125003263110  5 1981
 400000000. .003547902 440000000. .003086206 480000000. .002667042263110  5 1982
 520000000. .002329256 560000000. .002062730 600000000. .001856173263110  5 1983
 640000000. .001693922 680000000. .001565045 720000000. .001451210263110  5 1984
 760000000. .001354244 800000000. .001271099 840000000. .001196098263110  5 1985
 880000000. .001142807 920000000. .001097818 960000000. .001062180263110  5 1986
 1.00000E+9 0.0                                                   263110  5 1987
 0.0        0.0             28055          0          1         18263110  5 1988
         18          1                                            263110  5 1989
 320000000. 4.91663E-6 360000000. 6.41005E-6 400000000. 6.43887E-6263110  5 1990
 440000000. 6.31824E-6 480000000. 6.04358E-6 520000000. 6.11339E-6263110  5 1991
 560000000. 6.53657E-6 600000000. 6.39250E-6 640000000. 5.66849E-6263110  5 1992
 680000000. 4.94451E-6 720000000. 4.22055E-6 760000000. 3.86432E-6263110  5 1993
 800000000. 3.88233E-6 840000000. 3.90033E-6 880000000. 3.91833E-6263110  5 1994
 920000000. 3.93634E-6 960000000. 4.35509E-6 1.00000E+9 0.0       263110  5 1995
 0.0        0.0             28056          0          1         19263110  5 1996
         19          1                                            263110  5 1997
 280000000. 3.46977E-6 320000000. 4.21992E-6 360000000. 5.16173E-6263110  5 1998
 400000000. 5.54300E-6 440000000. 5.06533E-6 480000000. 4.21306E-6263110  5 1999
 520000000. 3.88584E-6 560000000. 3.73515E-6 600000000. 3.76521E-6263110  5 2000
 640000000. 3.78988E-6 680000000. 3.80903E-6 720000000. 3.82819E-6263110  5 2001
 760000000. 3.84734E-6 800000000. 3.86650E-6 840000000. 3.88565E-6263110  5 2002
 880000000. 3.90773E-6 920000000. 3.93279E-6 960000000. 3.96025E-6263110  5 2003
 1.00000E+9 0.0                                                   263110  5 2004
                                                                  263110  099999
                                                                  2631 0  0    0
                                                                     0 0  0    0
                                                                    -1 0  0    0
