 UK-HEIR-0.1 P-INDUCED RESIDUAL YEILD FILE DEC 2017               1428 0  0    0
 14029.0000 28.9760000         -1          0         99          11428 1451    1
 0.0        0.0                 0          0          0          61428 1451    2
 .998620000 1.00000E+9          1          0      10010          11428 1451    3
 0.0        0.0                 1          0         34          31428 1451    4
 14-Si- 29 UKAEA      EVAL-DEC17 M.J.FLEMING                      1428 1451    5
                      DIST-DEC17                                  1428 1451    6
----UK-HEIR-0.1       MATERIAL 1428                               1428 1451    7
-----PROTON-INDUCED RESIDUAL PRODUCT YIELDS                       1428 1451    8
------ENDF-6 FORMAT                                               1428 1451    9
******************************************************************1428 1451   10
**  Residual data obtained with the GEANT4 code, version 10.1   **1428 1451   11
**  utilising the INCL++/ABLA in-built physics models           **1428 1451   12
**  See http://geant4.cern.ch/ for more information             **1428 1451   13
**                                                              **1428 1451   14
**  Compiled as ENDF-6 file by Michael Fleming of UKAEA         **1428 1451   15
******************************************************************1428 1451   16
                                                                  1428 1451   17
 The authors and the United Kingdom Atomic Energy Authority       1428 1451   18
 cannot accept responsibility for loss occasioned to any          1428 1451   19
 person for the use of, or reliance upon, the information         1428 1451   20
 contained in the data or its completeness or accuracy.           1428 1451   21
                                                                  1428 1451   22
 References:                                                      1428 1451   23
 - A. Boudard, J. Cugnon, J.-C. David, S. Leray, D. Mancusi       1428 1451   24
     Phys. Rev. C 87 (2013) 014606                                1428 1451   25
     https://arxiv.org/abs/1210.3498                              1428 1451   26
 - A. Kelic, M. V. Ricciardi, K.-H. Schmidt                       1428 1451   27
     Joint ICTP-IAEA Advanced Workshop on Model Codes for         1428 1451   28
     Spallation Reactions INDC(NDC)-0530 (2008) 181               1428 1451   29
     https://arxiv.org/abs/0906.4193                              1428 1451   30
 - A. Heikkinen, P. Kaitaniemi, A. Boudard                        1428 1451   31
     J. Phys. Conf. Ser. 119, 032024 (2008)                       1428 1451   32
     http://dx.doi.org/10.1088/1742-6596/119/3/032024             1428 1451   33
                                                                  1428 1451   34
 ***************** Program GROUPIE (VERSION 2017-1)***************1428 1451   35
 Unshielded Group Averages Using   162 Groups                     1428 1451   36
 Weighting Spectrum: 1/E Spectrum                                 1428 1451   37
 **************** Program DICTIN (VERSION 2017-1) ****************1428 1451   38
                                1        451         41          01428 1451   39
                                3          5         16          11428 1451   40
                               10          5       1174          11428 1451   41
                                                                  1428 1  099999
                                                                  1428 0  0    0
 14029.0000 28.9760000          0          0          0          01428 3  5    1
 0.0        0.0                 0          0          1         371428 3  5    2
         37          1                                            1428 3  5    3
 30000000.0 2.07696436 35000000.0 2.03397876 40000000.0 1.950067511428 3  5    4
 45000000.0 1.90770519 50000000.0 1.88235080 54000000.0 1.842325691428 3  5    5
 55000000.0 1.79088293 60000000.0 1.77056823 70000000.0 1.798195491428 3  5    6
 80000000.0 1.80251369 90000000.0 1.80037198 100000000. 1.825870671428 3  5    7
 120000000. 1.90061102 140000000. 1.98095684 160000000. 2.048281781428 3  5    8
 180000000. 2.09931203 200000000. 2.15981838 240000000. 2.222688941428 3  5    9
 280000000. 2.26866820 320000000. 2.34015407 360000000. 2.436657231428 3  5   10
 400000000. 2.54779148 440000000. 2.66852565 480000000. 2.789392991428 3  5   11
 520000000. 2.90936640 560000000. 3.02698140 600000000. 3.129722451428 3  5   12
 640000000. 3.21523525 680000000. 3.29220850 720000000. 3.354958511428 3  5   13
 760000000. 3.40772817 800000000. 3.45671298 840000000. 3.500191451428 3  5   14
 880000000. 3.54020517 920000000. 3.57628296 960000000. 3.608840801428 3  5   15
 1.00000E+9 0.0                                                   1428 3  5   16
                                                                  1428 3  099999
                                                                  1428 0  0    0
 14029.0000 28.9760000          0          0        101          0142810  5    1
 0.0        0.0                 1          0          1         37142810  5    2
         37          1                                            142810  5    3
 30000000.0 .509908194 35000000.0 .505403685 40000000.0 .491915059142810  5    4
 45000000.0 .487260296 50000000.0 .485489262 54000000.0 .477445474142810  5    5
 55000000.0 .466322243 60000000.0 .466409596 70000000.0 .480697001142810  5    6
 80000000.0 .488744440 90000000.0 .494713482 100000000. .510303007142810  5    7
 120000000. .541392891 140000000. .572547858 160000000. .599218591142810  5    8
 180000000. .620979534 200000000. .646716116 240000000. .674642398142810  5    9
 280000000. .697395452 320000000. .729078275 360000000. .770391120142810  5   10
 400000000. .817749755 440000000. .869056478 480000000. .920685320142810  5   11
 520000000. .972193341 560000000. 1.02303554 600000000. 1.06853220142810  5   12
 640000000. 1.10765955 680000000. 1.14368663 720000000. 1.17403151142810  5   13
 760000000. 1.19999058 800000000. 1.22435608 840000000. 1.24612092142810  5   14
 880000000. 1.26602814 920000000. 1.28443829 960000000. 1.30134421142810  5   15
 1.00000E+9 0.0                                                   142810  5   16
 0.0        0.0              1001          0          1         37142810  5   17
         37          1                                            142810  5   18
 30000000.0 .751936515 35000000.0 .752849143 40000000.0 .726936768142810  5   19
 45000000.0 .713152593 50000000.0 .704728905 54000000.0 .689964220142810  5   20
 55000000.0 .671038959 60000000.0 .663896795 70000000.0 .676069045142810  5   21
 80000000.0 .680497809 90000000.0 .682164740 100000000. .695062422142810  5   22
 120000000. .727742555 140000000. .762623811 160000000. .792113082142810  5   23
 180000000. .815450405 200000000. .844392294 240000000. .875708016142810  5   24
 280000000. .899299445 320000000. .931317097 360000000. .971399207142810  5   25
 400000000. 1.01577628 440000000. 1.06271577 480000000. 1.10899053142810  5   26
 520000000. 1.15427768 560000000. 1.19834705 600000000. 1.23721930142810  5   27
 640000000. 1.26949390 680000000. 1.29857045 720000000. 1.32176395142810  5   28
 760000000. 1.34101708 800000000. 1.35947885 840000000. 1.37579146142810  5   29
 880000000. 1.39094370 920000000. 1.40475602 960000000. 1.41695918142810  5   30
 1.00000E+9 0.0                                                   142810  5   31
 0.0        0.0              1002          0          1         37142810  5   32
         37          1                                            142810  5   33
 30000000.0 .030232549 35000000.0 .034100603 40000000.0 .036759863142810  5   34
 45000000.0 .039545837 50000000.0 .041831516 54000000.0 .042492165142810  5   35
 55000000.0 .042582783 60000000.0 .044398129 70000000.0 .049040327142810  5   36
 80000000.0 .054100920 90000000.0 .057836630 100000000. .062478659142810  5   37
 120000000. .068602424 140000000. .073827071 160000000. .078005536142810  5   38
 180000000. .081026967 200000000. .084120691 240000000. .086651002142810  5   39
 280000000. .087966203 320000000. .089788510 360000000. .092423857142810  5   40
 400000000. .096267359 440000000. .101034837 480000000. .105878253142810  5   41
 520000000. .110902334 560000000. .115843670 600000000. .119876339142810  5   42
 640000000. .122902017 680000000. .125220188 720000000. .127201440142810  5   43
 760000000. .128834187 800000000. .130194471 840000000. .131500154142810  5   44
 880000000. .132839703 920000000. .133733759 960000000. .134376802142810  5   45
 1.00000E+9 0.0                                                   142810  5   46
 0.0        0.0              1003          0          1         37142810  5   47
         37          1                                            142810  5   48
 30000000.0 4.56548E-4 35000000.0 8.21660E-4 40000000.0 .001218654142810  5   49
 45000000.0 .001643992 50000000.0 .002036692 54000000.0 .002214505142810  5   50
 55000000.0 .002448912 60000000.0 .003105748 70000000.0 .004028332142810  5   51
 80000000.0 .004945925 90000000.0 .005701582 100000000. .006502681142810  5   52
 120000000. .007380529 140000000. .008050978 160000000. .008559242142810  5   53
 180000000. .008910017 200000000. .009208318 240000000. .009364551142810  5   54
 280000000. .009410192 320000000. .009639008 360000000. .009979437142810  5   55
 400000000. .010396172 440000000. .010965693 480000000. .011595558142810  5   56
 520000000. .012132999 560000000. .012615769 600000000. .013080042142810  5   57
 640000000. .013440697 680000000. .013765609 720000000. .014037369142810  5   58
 760000000. .014308752 800000000. .014513032 840000000. .014699000142810  5   59
 880000000. .014922800 920000000. .015060695 960000000. .015137769142810  5   60
 1.00000E+9 0.0                                                   142810  5   61
 0.0        0.0              2003          0          1         37142810  5   62
         37          1                                            142810  5   63
 30000000.0 .001403914 35000000.0 .002116328 40000000.0 .002803845142810  5   64
 45000000.0 .003534802 50000000.0 .004193574 54000000.0 .004489176142810  5   65
 55000000.0 .004766607 60000000.0 .005591537 70000000.0 .006777538142810  5   66
 80000000.0 .007810762 90000000.0 .008527581 100000000. .009275254142810  5   67
 120000000. .010205060 140000000. .010894082 160000000. .011334134142810  5   68
 180000000. .011566964 200000000. .011787474 240000000. .011788469142810  5   69
 280000000. .011501470 320000000. .011503194 360000000. .011710929142810  5   70
 400000000. .011948141 440000000. .012313839 480000000. .012682012142810  5   71
 520000000. .013064110 560000000. .013543183 600000000. .013863215142810  5   72
 640000000. .014094394 680000000. .014334733 720000000. .014480910142810  5   73
 760000000. .014624829 800000000. .014776902 840000000. .014872829142810  5   74
 880000000. .014897978 920000000. .014932277 960000000. .015086163142810  5   75
 1.00000E+9 0.0                                                   142810  5   76
 0.0        0.0              2004          0          1         37142810  5   77
         37          1                                            142810  5   78
 30000000.0 .069852391 35000000.0 .075493220 40000000.0 .079861655142810  5   79
 45000000.0 .084850273 50000000.0 .089786338 54000000.0 .091646300142810  5   80
 55000000.0 .093383322 60000000.0 .104398067 70000000.0 .113836903142810  5   81
 80000000.0 .113142944 90000000.0 .112592111 100000000. .114773760142810  5   82
 120000000. .120754994 140000000. .127361913 160000000. .133259169142810  5   83
 180000000. .136965951 200000000. .140760723 240000000. .144755081142810  5   84
 280000000. .147753951 320000000. .153247776 360000000. .161337487142810  5   85
 400000000. .170622652 440000000. .180655180 480000000. .190887438142810  5   86
 520000000. .200854546 560000000. .210198949 600000000. .217964399142810  5   87
 640000000. .224353932 680000000. .230015423 720000000. .235013239142810  5   88
 760000000. .239522134 800000000. .243231868 840000000. .246507130142810  5   89
 880000000. .249559702 920000000. .252275602 960000000. .255035237142810  5   90
 1.00000E+9 0.0                                                   142810  5   91
 0.0        0.0              2005          0          1         15142810  5   92
         15          1                                            142810  5   93
 440000000. 2.37898E-6 480000000. 2.86018E-6 520000000. 4.92177E-6142810  5   94
 560000000. 7.52203E-6 600000000. 6.25418E-6 640000000. 6.99431E-6142810  5   95
 680000000. 1.03639E-5 720000000. 1.15984E-5 760000000. 1.21199E-5142810  5   96
 800000000. 1.19159E-5 840000000. 1.36074E-5 880000000. 1.27064E-5142810  5   97
 920000000. 1.17351E-5 960000000. 1.41506E-5 1.00000E+9 0.0       142810  5   98
 0.0        0.0              2006          0          1         28142810  5   99
         28          1                                            142810  5  100
 80000000.0 7.51324E-6 90000000.0 1.65327E-5 100000000. 4.34574E-5142810  5  101
 120000000. 8.66946E-5 140000000. 1.16233E-4 160000000. 1.39160E-4142810  5  102
 180000000. 1.58477E-4 200000000. 1.69112E-4 240000000. 1.72057E-4142810  5  103
 280000000. 1.81017E-4 320000000. 1.91930E-4 360000000. 1.95707E-4142810  5  104
 400000000. 1.96441E-4 440000000. 1.98413E-4 480000000. 2.09952E-4142810  5  105
 520000000. 2.14378E-4 560000000. 2.26596E-4 600000000. 2.27359E-4142810  5  106
 640000000. 2.27931E-4 680000000. 2.45494E-4 720000000. 2.53358E-4142810  5  107
 760000000. 2.53340E-4 800000000. 2.48089E-4 840000000. 2.50135E-4142810  5  108
 880000000. 2.43787E-4 920000000. 2.37072E-4 960000000. 2.43250E-4142810  5  109
 1.00000E+9 0.0                                                   142810  5  110
 0.0        0.0              2008          0          1         22142810  5  111
         22          1                                            142810  5  112
 180000000. 6.75920E-6 200000000. 1.41443E-5 240000000. 2.17665E-5142810  5  113
 280000000. 2.22005E-5 320000000. 2.36529E-5 360000000. 2.24860E-5142810  5  114
 400000000. 1.97880E-5 440000000. 2.14162E-5 480000000. 2.28899E-5142810  5  115
 520000000. 2.39651E-5 560000000. 2.53068E-5 600000000. 2.45156E-5142810  5  116
 640000000. 2.52203E-5 680000000. 2.77991E-5 720000000. 3.12389E-5142810  5  117
 760000000. 3.49249E-5 800000000. 3.19607E-5 840000000. 2.74803E-5142810  5  118
 880000000. 2.68148E-5 920000000. 2.68484E-5 960000000. 2.83011E-5142810  5  119
 1.00000E+9 0.0                                                   142810  5  120
 0.0        0.0              3006          0          1         31142810  5  121
         31          1                                            142810  5  122
 55000000.0 4.26933E-6 60000000.0 1.38726E-5 70000000.0 3.70689E-5142810  5  123
 80000000.0 7.59184E-5 90000000.0 1.25396E-4 100000000. 1.90523E-4142810  5  124
 120000000. 2.52463E-4 140000000. 2.87223E-4 160000000. 3.19907E-4142810  5  125
 180000000. 3.42145E-4 200000000. 3.84324E-4 240000000. 4.60573E-4142810  5  126
 280000000. 5.22870E-4 320000000. 6.21809E-4 360000000. 7.75992E-4142810  5  127
 400000000. 9.33421E-4 440000000. .001124146 480000000. .001376306142810  5  128
 520000000. .001658227 560000000. .001904230 600000000. .002161225142810  5  129
 640000000. .002453176 680000000. .002726888 720000000. .002995274142810  5  130
 760000000. .003232788 800000000. .003413203 840000000. .003609494142810  5  131
 880000000. .003844821 920000000. .004058281 960000000. .004287281142810  5  132
 1.00000E+9 0.0                                                   142810  5  133
 0.0        0.0              3007          0          1         28142810  5  134
         28          1                                            142810  5  135
 80000000.0 4.46821E-6 90000000.0 1.10111E-5 100000000. 2.91359E-5142810  5  136
 120000000. 6.72688E-5 140000000. 1.02843E-4 160000000. 1.30779E-4142810  5  137
 180000000. 1.55504E-4 200000000. 1.81723E-4 240000000. 2.24876E-4142810  5  138
 280000000. 2.69523E-4 320000000. 3.14940E-4 360000000. 3.69540E-4142810  5  139
 400000000. 4.58371E-4 440000000. 5.56998E-4 480000000. 6.67241E-4142810  5  140
 520000000. 7.96135E-4 560000000. 9.12761E-4 600000000. .001020538142810  5  141
 640000000. .001115977 680000000. .001232534 720000000. .001334217142810  5  142
 760000000. .001383746 800000000. .001481051 840000000. .001597667142810  5  143
 880000000. .001668793 920000000. .001776778 960000000. .001843103142810  5  144
 1.00000E+9 0.0                                                   142810  5  145
 0.0        0.0              3008          0          1         25142810  5  146
         25          1                                            142810  5  147
 120000000. 1.23651E-5 140000000. 3.01304E-5 160000000. 5.89552E-5142810  5  148
 180000000. 8.61929E-5 200000000. 1.05226E-4 240000000. 1.06903E-4142810  5  149
 280000000. 1.01964E-4 320000000. 1.00407E-4 360000000. 9.71195E-5142810  5  150
 400000000. 1.01281E-4 440000000. 1.08387E-4 480000000. 1.07659E-4142810  5  151
 520000000. 1.05270E-4 560000000. 1.14214E-4 600000000. 1.20916E-4142810  5  152
 640000000. 1.29615E-4 680000000. 1.37125E-4 720000000. 1.32651E-4142810  5  153
 760000000. 1.30673E-4 800000000. 1.31088E-4 840000000. 1.30676E-4142810  5  154
 880000000. 1.39776E-4 920000000. 1.38854E-4 960000000. 1.34090E-4142810  5  155
 1.00000E+9 0.0                                                   142810  5  156
 0.0        0.0              4007          0          1         28142810  5  157
         28          1                                            142810  5  158
 80000000.0 6.26507E-6 90000000.0 1.97686E-5 100000000. 5.06671E-5142810  5  159
 120000000. 9.89799E-5 140000000. 1.44987E-4 160000000. 1.66742E-4142810  5  160
 180000000. 1.69040E-4 200000000. 1.86553E-4 240000000. 2.10865E-4142810  5  161
 280000000. 2.23969E-4 320000000. 2.57414E-4 360000000. 2.95463E-4142810  5  162
 400000000. 3.43004E-4 440000000. 4.03002E-4 480000000. 4.53303E-4142810  5  163
 520000000. 5.16417E-4 560000000. 5.90884E-4 600000000. 6.81537E-4142810  5  164
 640000000. 7.52162E-4 680000000. 7.83089E-4 720000000. 8.39700E-4142810  5  165
 760000000. 9.11295E-4 800000000. 9.65041E-4 840000000. 9.97669E-4142810  5  166
 880000000. .001030529 920000000. .001098084 960000000. .001150151142810  5  167
 1.00000E+9 0.0                                                   142810  5  168
 0.0        0.0              4008          0          1         26142810  5  169
         26          1                                            142810  5  170
 100000000. 3.56480E-5 120000000. 8.06596E-5 140000000. 1.40507E-4142810  5  171
 160000000. 2.39760E-4 180000000. 3.68152E-4 200000000. 5.42940E-4142810  5  172
 240000000. 7.79876E-4 280000000. .001075112 320000000. .001413421142810  5  173
 360000000. .001815411 400000000. .002291833 440000000. .002788978142810  5  174
 480000000. .003344609 520000000. .003904589 560000000. .004468700142810  5  175
 600000000. .005032765 640000000. .005544746 680000000. .006009090142810  5  176
 720000000. .006404591 760000000. .006788343 800000000. .007194620142810  5  177
 840000000. .007491656 880000000. .007795753 920000000. .008189786142810  5  178
 960000000. .008520712 1.00000E+9 0.0                             142810  5  179
 0.0        0.0              4009          0          1         24142810  5  180
         24          1                                            142810  5  181
 140000000. 1.54808E-5 160000000. 3.03196E-5 180000000. 4.25925E-5142810  5  182
 200000000. 7.37915E-5 240000000. 1.14653E-4 280000000. 1.57218E-4142810  5  183
 320000000. 2.07947E-4 360000000. 2.76443E-4 400000000. 3.50897E-4142810  5  184
 440000000. 4.34859E-4 480000000. 5.41863E-4 520000000. 6.54335E-4142810  5  185
 560000000. 7.66170E-4 600000000. 8.64257E-4 640000000. 9.42233E-4142810  5  186
 680000000. .001042178 720000000. .001122637 760000000. .001195729142810  5  187
 800000000. .001308976 840000000. .001395584 880000000. .001470250142810  5  188
 920000000. .001530957 960000000. .001577321 1.00000E+9 0.0       142810  5  189
 0.0        0.0              4010          0          1         22142810  5  190
         22          1                                            142810  5  191
 180000000. 2.74870E-6 200000000. 4.59118E-6 240000000. 8.92151E-6142810  5  192
 280000000. 1.34363E-5 320000000. 1.80290E-5 360000000. 2.34674E-5142810  5  193
 400000000. 3.14551E-5 440000000. 4.13059E-5 480000000. 5.08200E-5142810  5  194
 520000000. 5.82324E-5 560000000. 7.20169E-5 600000000. 8.30098E-5142810  5  195
 640000000. 8.38593E-5 680000000. 9.13827E-5 720000000. 1.04151E-4142810  5  196
 760000000. 1.12621E-4 800000000. 1.15341E-4 840000000. 1.27037E-4142810  5  197
 880000000. 1.31720E-4 920000000. 1.30614E-4 960000000. 1.34126E-4142810  5  198
 1.00000E+9 0.0                                                   142810  5  199
 0.0        0.0              4011          0          1         16142810  5  200
         16          1                                            142810  5  201
 400000000. 2.55346E-6 440000000. 2.38165E-6 480000000. 2.63907E-6142810  5  202
 520000000. 2.91270E-6 560000000. 2.96333E-6 600000000. 4.15657E-6142810  5  203
 640000000. 5.13933E-6 680000000. 4.71514E-6 720000000. 5.43815E-6142810  5  204
 760000000. 5.23736E-6 800000000. 6.65323E-6 840000000. 9.55671E-6142810  5  205
 880000000. 6.96047E-6 920000000. 4.07684E-6 960000000. 4.79226E-6142810  5  206
 1.00000E+9 0.0                                                   142810  5  207
 0.0        0.0              5008          0          1         25142810  5  208
         25          1                                            142810  5  209
 120000000. 2.57753E-5 140000000. 6.27920E-5 160000000. 1.22352E-4142810  5  210
 180000000. 1.73748E-4 200000000. 1.82950E-4 240000000. 1.58150E-4142810  5  211
 280000000. 1.26645E-4 320000000. 1.11776E-4 360000000. 1.10980E-4142810  5  212
 400000000. 1.11933E-4 440000000. 1.12740E-4 480000000. 1.12039E-4142810  5  213
 520000000. 1.12219E-4 560000000. 1.10589E-4 600000000. 1.04524E-4142810  5  214
 640000000. 1.08130E-4 680000000. 1.07483E-4 720000000. 1.10046E-4142810  5  215
 760000000. 1.09141E-4 800000000. 9.72398E-5 840000000. 9.24871E-5142810  5  216
 880000000. 9.19146E-5 920000000. 9.77872E-5 960000000. 1.00285E-4142810  5  217
 1.00000E+9 0.0                                                   142810  5  218
 0.0        0.0              5009          0          1         24142810  5  219
         24          1                                            142810  5  220
 140000000. 5.90332E-6 160000000. 1.26596E-5 180000000. 2.50370E-5142810  5  221
 200000000. 4.23312E-5 240000000. 5.60242E-5 280000000. 7.20762E-5142810  5  222
 320000000. 1.02136E-4 360000000. 1.35565E-4 400000000. 1.71158E-4142810  5  223
 440000000. 2.24208E-4 480000000. 2.86662E-4 520000000. 3.31696E-4142810  5  224
 560000000. 3.89315E-4 600000000. 4.53981E-4 640000000. 4.84473E-4142810  5  225
 680000000. 5.20071E-4 720000000. 5.87258E-4 760000000. 6.49498E-4142810  5  226
 800000000. 7.03776E-4 840000000. 7.33022E-4 880000000. 7.37366E-4142810  5  227
 920000000. 7.93626E-4 960000000. 8.51662E-4 1.00000E+9 0.0       142810  5  228
 0.0        0.0              5010          0          1         27142810  5  229
         27          1                                            142810  5  230
 90000000.0 4.15980E-6 100000000. 1.28856E-5 120000000. 5.93198E-5142810  5  231
 140000000. 1.42247E-4 160000000. 2.39330E-4 180000000. 3.30394E-4142810  5  232
 200000000. 4.55834E-4 240000000. 6.90348E-4 280000000. 9.47610E-4142810  5  233
 320000000. .001213570 360000000. .001561296 400000000. .001926494142810  5  234
 440000000. .002326853 480000000. .002795285 520000000. .003277919142810  5  235
 560000000. .003713427 600000000. .004086668 640000000. .004444550142810  5  236
 680000000. .004776637 720000000. .005114191 760000000. .005425171142810  5  237
 800000000. .005687493 840000000. .005966095 880000000. .006196601142810  5  238
 920000000. .006377389 960000000. .006575536 1.00000E+9 0.0       142810  5  239
 0.0        0.0              5011          0          1         27142810  5  240
         27          1                                            142810  5  241
 90000000.0 7.27495E-6 100000000. 2.71545E-5 120000000. 6.91223E-5142810  5  242
 140000000. 1.20390E-4 160000000. 1.88067E-4 180000000. 2.61553E-4142810  5  243
 200000000. 3.67530E-4 240000000. 5.34297E-4 280000000. 6.96731E-4142810  5  244
 320000000. 8.77827E-4 360000000. .001105744 400000000. .001343586142810  5  245
 440000000. .001606338 480000000. .001886757 520000000. .002129666142810  5  246
 560000000. .002406601 600000000. .002684295 640000000. .002880950142810  5  247
 680000000. .003066877 720000000. .003254632 760000000. .003433943142810  5  248
 800000000. .003582960 840000000. .003700953 880000000. .003832601142810  5  249
 920000000. .003940264 960000000. .004058172 1.00000E+9 0.0       142810  5  250
 0.0        0.0              5012          0          1         23142810  5  251
         23          1                                            142810  5  252
 160000000. 8.02570E-6 180000000. 1.30767E-5 200000000. 2.17537E-5142810  5  253
 240000000. 2.70674E-5 280000000. 3.86637E-5 320000000. 5.21366E-5142810  5  254
 360000000. 6.21936E-5 400000000. 8.20710E-5 440000000. 9.64854E-5142810  5  255
 480000000. 1.08911E-4 520000000. 1.27866E-4 560000000. 1.52950E-4142810  5  256
 600000000. 1.76591E-4 640000000. 1.98744E-4 680000000. 2.17907E-4142810  5  257
 720000000. 2.28034E-4 760000000. 2.23420E-4 800000000. 2.32954E-4142810  5  258
 840000000. 2.54667E-4 880000000. 2.64519E-4 920000000. 2.64693E-4142810  5  259
 960000000. 2.74605E-4 1.00000E+9 0.0                             142810  5  260
 0.0        0.0              5013          0          1         19142810  5  261
         19          1                                            142810  5  262
 280000000. 3.11671E-6 320000000. 2.49879E-6 360000000. 3.96385E-6142810  5  263
 400000000. 7.43664E-6 440000000. 8.65843E-6 480000000. 1.09922E-5142810  5  264
 520000000. 1.29946E-5 560000000. 1.39032E-5 600000000. 1.82511E-5142810  5  265
 640000000. 2.14897E-5 680000000. 1.93373E-5 720000000. 1.79874E-5142810  5  266
 760000000. 2.16084E-5 800000000. 2.33586E-5 840000000. 2.45978E-5142810  5  267
 880000000. 2.70495E-5 920000000. 2.92362E-5 960000000. 3.14250E-5142810  5  268
 1.00000E+9 0.0                                                   142810  5  269
 0.0        0.0              5014          0          1          2142810  5  270
          2          1                                            142810  5  271
 960000000. 0.0        1.00000E+9 0.0                             142810  5  272
 0.0        0.0              6010          0          1         19142810  5  273
         19          1                                            142810  5  274
 280000000. 3.70250E-6 320000000. 6.21201E-6 360000000. 7.34545E-6142810  5  275
 400000000. 7.02369E-6 440000000. 8.21493E-6 480000000. 1.31893E-5142810  5  276
 520000000. 1.83634E-5 560000000. 2.00640E-5 600000000. 2.31054E-5142810  5  277
 640000000. 2.70937E-5 680000000. 2.80393E-5 720000000. 2.74744E-5142810  5  278
 760000000. 3.03921E-5 800000000. 3.40777E-5 840000000. 3.72524E-5142810  5  279
 880000000. 3.66549E-5 920000000. 3.33197E-5 960000000. 3.88335E-5142810  5  280
 1.00000E+9 0.0                                                   142810  5  281
 0.0        0.0              6011          0          1         26142810  5  282
         26          1                                            142810  5  283
 100000000. 9.10929E-6 120000000. 3.16521E-5 140000000. 5.30071E-5142810  5  284
 160000000. 7.96968E-5 180000000. 1.16366E-4 200000000. 1.71372E-4142810  5  285
 240000000. 2.48962E-4 280000000. 3.22236E-4 320000000. 4.23374E-4142810  5  286
 360000000. 5.24321E-4 400000000. 6.20088E-4 440000000. 7.49418E-4142810  5  287
 480000000. 8.91078E-4 520000000. .001018776 560000000. .001158912142810  5  288
 600000000. .001293828 640000000. .001369083 680000000. .001439579142810  5  289
 720000000. .001516110 760000000. .001595545 800000000. .001700977142810  5  290
 840000000. .001776270 880000000. .001816079 920000000. .001856527142810  5  291
 960000000. .001909060 1.00000E+9 0.0                             142810  5  292
 0.0        0.0              6012          0          1         29142810  5  293
         29          1                                            142810  5  294
 70000000.0 2.18053E-5 80000000.0 8.76994E-5 90000000.0 1.94655E-4142810  5  295
 100000000. 3.29278E-4 120000000. 5.35955E-4 140000000. 8.74906E-4142810  5  296
 160000000. .001322329 180000000. .001747099 200000000. .002322470142810  5  297
 240000000. .003027280 280000000. .003692715 320000000. .004453510142810  5  298
 360000000. .005320141 400000000. .006255581 440000000. .007270450142810  5  299
 480000000. .008244650 520000000. .009150194 560000000. .010068695142810  5  300
 600000000. .010899752 640000000. .011618737 680000000. .012286714142810  5  301
 720000000. .012909504 760000000. .013374401 800000000. .013813447142810  5  302
 840000000. .014223287 880000000. .014440059 920000000. .014677234142810  5  303
 960000000. .014988599 1.00000E+9 0.0                             142810  5  304
 0.0        0.0              6013          0          1         28142810  5  305
         28          1                                            142810  5  306
 80000000.0 1.70141E-5 90000000.0 2.49133E-5 100000000. 4.00375E-5142810  5  307
 120000000. 1.06653E-4 140000000. 2.24912E-4 160000000. 3.41971E-4142810  5  308
 180000000. 4.41192E-4 200000000. 6.10861E-4 240000000. 8.42575E-4142810  5  309
 280000000. .001039158 320000000. .001277115 360000000. .001574563142810  5  310
 400000000. .001874132 440000000. .002175445 480000000. .002498666142810  5  311
 520000000. .002826570 560000000. .003125760 600000000. .003399739142810  5  312
 640000000. .003639407 680000000. .003811001 720000000. .003973351142810  5  313
 760000000. .004187025 800000000. .004322036 840000000. .004407640142810  5  314
 880000000. .004533009 920000000. .004660170 960000000. .004768375142810  5  315
 1.00000E+9 0.0                                                   142810  5  316
 0.0        0.0              6014          0          1         25142810  5  317
         25          1                                            142810  5  318
 120000000. 1.41305E-5 140000000. 2.69850E-5 160000000. 4.34372E-5142810  5  319
 180000000. 5.78588E-5 200000000. 7.81150E-5 240000000. 9.92425E-5142810  5  320
 280000000. 1.33128E-4 320000000. 1.87135E-4 360000000. 2.35383E-4142810  5  321
 400000000. 2.70364E-4 440000000. 3.02425E-4 480000000. 3.47191E-4142810  5  322
 520000000. 4.05783E-4 560000000. 4.47539E-4 600000000. 4.82407E-4142810  5  323
 640000000. 5.24374E-4 680000000. 5.58545E-4 720000000. 5.87461E-4142810  5  324
 760000000. 6.21224E-4 800000000. 6.50326E-4 840000000. 6.59173E-4142810  5  325
 880000000. 6.91242E-4 920000000. 7.11080E-4 960000000. 7.03182E-4142810  5  326
 1.00000E+9 0.0                                                   142810  5  327
 0.0        0.0              6015          0          1         21142810  5  328
         21          1                                            142810  5  329
 200000000. 4.65527E-6 240000000. 6.62331E-6 280000000. 1.03404E-5142810  5  330
 320000000. 1.40859E-5 360000000. 1.96865E-5 400000000. 2.25587E-5142810  5  331
 440000000. 2.50853E-5 480000000. 2.88294E-5 520000000. 3.20246E-5142810  5  332
 560000000. 4.01125E-5 600000000. 4.53219E-5 640000000. 4.83396E-5142810  5  333
 680000000. 4.85593E-5 720000000. 5.13426E-5 760000000. 6.10462E-5142810  5  334
 800000000. 6.12686E-5 840000000. 6.13813E-5 880000000. 6.22644E-5142810  5  335
 920000000. 6.20730E-5 960000000. 6.04844E-5 1.00000E+9 0.0       142810  5  336
 0.0        0.0              6016          0          1         13142810  5  337
         13          1                                            142810  5  338
 520000000. 3.58390E-6 560000000. 3.42058E-6 600000000. 3.00697E-6142810  5  339
 640000000. 4.19797E-6 680000000. 4.71803E-6 720000000. 4.02415E-6142810  5  340
 760000000. 4.27714E-6 800000000. 5.94647E-6 840000000. 6.22115E-6142810  5  341
 880000000. 4.78837E-6 920000000. 5.98498E-6 960000000. 5.76728E-6142810  5  342
 1.00000E+9 0.0                                                   142810  5  343
 0.0        0.0              7012          0          1         21142810  5  344
         21          1                                            142810  5  345
 200000000. 3.59376E-6 240000000. 5.78506E-6 280000000. 8.49953E-6142810  5  346
 320000000. 1.03597E-5 360000000. 1.54855E-5 400000000. 2.02074E-5142810  5  347
 440000000. 2.29299E-5 480000000. 2.66225E-5 520000000. 3.15751E-5142810  5  348
 560000000. 3.62470E-5 600000000. 4.06794E-5 640000000. 4.34512E-5142810  5  349
 680000000. 4.61661E-5 720000000. 4.90196E-5 760000000. 5.22564E-5142810  5  350
 800000000. 5.95500E-5 840000000. 6.21307E-5 880000000. 5.98577E-5142810  5  351
 920000000. 5.51644E-5 960000000. 5.65842E-5 1.00000E+9 0.0       142810  5  352
 0.0        0.0              7013          0          1         28142810  5  353
         28          1                                            142810  5  354
 80000000.0 4.04680E-6 90000000.0 7.57796E-6 100000000. 1.64047E-5142810  5  355
 120000000. 4.25676E-5 140000000. 7.97465E-5 160000000. 1.22742E-4142810  5  356
 180000000. 1.65884E-4 200000000. 2.23052E-4 240000000. 3.17758E-4142810  5  357
 280000000. 3.95777E-4 320000000. 4.93842E-4 360000000. 6.04687E-4142810  5  358
 400000000. 7.06648E-4 440000000. 8.48930E-4 480000000. 9.80951E-4142810  5  359
 520000000. .001097168 560000000. .001229657 600000000. .001333477142810  5  360
 640000000. .001410523 680000000. .001486577 720000000. .001562225142810  5  361
 760000000. .001621202 800000000. .001669648 840000000. .001741729142810  5  362
 880000000. .001757693 920000000. .001801547 960000000. .001853683142810  5  363
 1.00000E+9 0.0                                                   142810  5  364
 0.0        0.0              7014          0          1         30142810  5  365
         30          1                                            142810  5  366
 60000000.0 2.71108E-5 70000000.0 3.96198E-5 80000000.0 4.82634E-5142810  5  367
 90000000.0 9.14208E-5 100000000. 3.01013E-4 120000000. 6.54174E-4142810  5  368
 140000000. 9.88151E-4 160000000. .001306742 180000000. .001631636142810  5  369
 200000000. .002146155 240000000. .002784055 280000000. .003327758142810  5  370
 320000000. .003903114 360000000. .004540598 400000000. .005263720142810  5  371
 440000000. .006046632 480000000. .006756278 520000000. .007464248142810  5  372
 560000000. .008120700 600000000. .008673154 640000000. .009180794142810  5  373
 680000000. .009614791 720000000. .009987501 760000000. .010300795142810  5  374
 800000000. .010543675 840000000. .010764077 880000000. .010951993142810  5  375
 920000000. .011050291 960000000. .011105823 1.00000E+9 0.0       142810  5  376
 0.0        0.0              7015          0          1         29142810  5  377
         29          1                                            142810  5  378
 70000000.0 2.51790E-5 80000000.0 1.06742E-4 90000000.0 2.33635E-4142810  5  379
 100000000. 4.43091E-4 120000000. 6.97862E-4 140000000. 9.49038E-4142810  5  380
 160000000. .001258568 180000000. .001557218 200000000. .001916909142810  5  381
 240000000. .002334890 280000000. .002752616 320000000. .003181045142810  5  382
 360000000. .003598813 400000000. .004105853 440000000. .004656921142810  5  383
 480000000. .005184391 520000000. .005625419 560000000. .006036646142810  5  384
 600000000. .006442770 640000000. .006734032 680000000. .006980352142810  5  385
 720000000. .007157741 760000000. .007308939 800000000. .007505918142810  5  386
 840000000. .007652264 880000000. .007760169 920000000. .007781070142810  5  387
 960000000. .007826129 1.00000E+9 0.0                             142810  5  388
 0.0        0.0              7016          0          1         28142810  5  389
         28          1                                            142810  5  390
 80000000.0 8.63819E-6 90000000.0 1.55197E-5 100000000. 2.50684E-5142810  5  391
 120000000. 4.44811E-5 140000000. 7.99918E-5 160000000. 1.20410E-4142810  5  392
 180000000. 1.44454E-4 200000000. 1.78367E-4 240000000. 2.38549E-4142810  5  393
 280000000. 2.89966E-4 320000000. 3.42385E-4 360000000. 3.95721E-4142810  5  394
 400000000. 4.61208E-4 440000000. 5.46200E-4 480000000. 5.95757E-4142810  5  395
 520000000. 6.36969E-4 560000000. 7.06922E-4 600000000. 7.73740E-4142810  5  396
 640000000. 8.08950E-4 680000000. 8.46644E-4 720000000. 8.86559E-4142810  5  397
 760000000. 9.02460E-4 800000000. 8.95437E-4 840000000. 9.17002E-4142810  5  398
 880000000. 9.74035E-4 920000000. 9.92250E-4 960000000. 9.93235E-4142810  5  399
 1.00000E+9 0.0                                                   142810  5  400
 0.0        0.0              7017          0          1         25142810  5  401
         25          1                                            142810  5  402
 120000000. 3.98365E-6 140000000. 1.03140E-5 160000000. 1.40427E-5142810  5  403
 180000000. 1.64475E-5 200000000. 2.39283E-5 240000000. 2.97024E-5142810  5  404
 280000000. 3.81925E-5 320000000. 4.69215E-5 360000000. 4.86736E-5142810  5  405
 400000000. 5.29584E-5 440000000. 6.22919E-5 480000000. 7.56774E-5142810  5  406
 520000000. 8.73492E-5 560000000. 9.68849E-5 600000000. 1.03352E-4142810  5  407
 640000000. 1.02096E-4 680000000. 1.15828E-4 720000000. 1.23914E-4142810  5  408
 760000000. 1.26581E-4 800000000. 1.30643E-4 840000000. 1.25896E-4142810  5  409
 880000000. 1.28797E-4 920000000. 1.24210E-4 960000000. 1.29723E-4142810  5  410
 1.00000E+9 0.0                                                   142810  5  411
 0.0        0.0              7018          0          1         21142810  5  412
         21          1                                            142810  5  413
 200000000. 2.11020E-6 240000000. 2.09559E-6 280000000. 2.47878E-6142810  5  414
 320000000. 3.52142E-6 360000000. 3.78134E-6 400000000. 4.24951E-6142810  5  415
 440000000. 4.11819E-6 480000000. 4.61476E-6 520000000. 6.04865E-6142810  5  416
 560000000. 8.88377E-6 600000000. 1.20228E-5 640000000. 1.26126E-5142810  5  417
 680000000. 1.29603E-5 720000000. 1.25529E-5 760000000. 1.25918E-5142810  5  418
 800000000. 1.33425E-5 840000000. 1.48069E-5 880000000. 1.60396E-5142810  5  419
 920000000. 1.55866E-5 960000000. 1.36831E-5 1.00000E+9 0.0       142810  5  420
 0.0        0.0              7019          0          1          2142810  5  421
          2          1                                            142810  5  422
 960000000. 2.39820E-6 1.00000E+9 0.0                             142810  5  423
 0.0        0.0              8013          0          1         12142810  5  424
         12          1                                            142810  5  425
 560000000. 2.39088E-6 600000000. 2.65538E-6 640000000. 3.03492E-6142810  5  426
 680000000. 3.53191E-6 720000000. 3.78904E-6 760000000. 3.91936E-6142810  5  427
 800000000. 4.16926E-6 840000000. 4.53790E-6 880000000. 3.59915E-6142810  5  428
 920000000. 2.63529E-6 960000000. 2.64062E-6 1.00000E+9 0.0       142810  5  429
 0.0        0.0              8014          0          1         25142810  5  430
         25          1                                            142810  5  431
 120000000. 3.77656E-6 140000000. 5.73332E-6 160000000. 1.01174E-5142810  5  432
 180000000. 1.31571E-5 200000000. 1.67277E-5 240000000. 2.44291E-5142810  5  433
 280000000. 2.89887E-5 320000000. 3.56548E-5 360000000. 4.52619E-5142810  5  434
 400000000. 5.50801E-5 440000000. 6.14505E-5 480000000. 6.77685E-5142810  5  435
 520000000. 8.21765E-5 560000000. 8.91563E-5 600000000. 9.01532E-5142810  5  436
 640000000. 1.00190E-4 680000000. 1.12588E-4 720000000. 1.15588E-4142810  5  437
 760000000. 1.16168E-4 800000000. 1.24136E-4 840000000. 1.22129E-4142810  5  438
 880000000. 1.24202E-4 920000000. 1.30660E-4 960000000. 1.27403E-4142810  5  439
 1.00000E+9 0.0                                                   142810  5  440
 0.0        0.0              8015          0          1         28142810  5  441
         28          1                                            142810  5  442
 80000000.0 1.99640E-5 90000000.0 6.60953E-5 100000000. 1.54319E-4142810  5  443
 120000000. 2.39734E-4 140000000. 3.16250E-4 160000000. 4.37180E-4142810  5  444
 180000000. 5.52706E-4 200000000. 7.01846E-4 240000000. 8.82134E-4142810  5  445
 280000000. .001034536 320000000. .001197142 360000000. .001358811142810  5  446
 400000000. .001526093 440000000. .001721702 480000000. .001927674142810  5  447
 520000000. .002098627 560000000. .002259062 600000000. .002353471142810  5  448
 640000000. .002403266 680000000. .002493254 720000000. .002617994142810  5  449
 760000000. .002716980 800000000. .002748950 840000000. .002763286142810  5  450
 880000000. .002800782 920000000. .002843705 960000000. .002843842142810  5  451
 1.00000E+9 0.0                                                   142810  5  452
 0.0        0.0              8016          0          1         32142810  5  453
         32          1                                            142810  5  454
 54000000.0 1.27783E-5 55000000.0 3.97258E-5 60000000.0 3.24956E-4142810  5  455
 70000000.0 9.66744E-4 80000000.0 .001541471 90000000.0 .001791291142810  5  456
 100000000. .002107788 120000000. .003037142 140000000. .004343765142810  5  457
 160000000. .005484069 180000000. .006370735 200000000. .007478096142810  5  458
 240000000. .008714203 280000000. .009649764 320000000. .010614285142810  5  459
 360000000. .011667660 400000000. .012788153 440000000. .013948228142810  5  460
 480000000. .015048450 520000000. .016178071 560000000. .017150275142810  5  461
 600000000. .017783655 640000000. .018326686 680000000. .018799657142810  5  462
 720000000. .019198153 760000000. .019513564 800000000. .019654748142810  5  463
 840000000. .019726186 880000000. .019967007 920000000. .020167021142810  5  464
 960000000. .020154565 1.00000E+9 0.0                             142810  5  465
 0.0        0.0              8017          0          1         32142810  5  466
         32          1                                            142810  5  467
 54000000.0 2.26389E-5 55000000.0 6.59249E-5 60000000.0 2.02355E-4142810  5  468
 70000000.0 2.90148E-4 80000000.0 2.93723E-4 90000000.0 3.98802E-4142810  5  469
 100000000. 8.48810E-4 120000000. .001559645 140000000. .002162209142810  5  470
 160000000. .002639808 180000000. .003078113 200000000. .003708203142810  5  471
 240000000. .004313326 280000000. .004750980 320000000. .005273117142810  5  472
 360000000. .005783583 400000000. .006413184 440000000. .007023619142810  5  473
 480000000. .007524441 520000000. .008071922 560000000. .008547199142810  5  474
 600000000. .008904163 640000000. .009172486 680000000. .009429296142810  5  475
 720000000. .009698857 760000000. .009858473 800000000. .009873150142810  5  476
 840000000. .009891309 880000000. .009940766 920000000. .009961828142810  5  477
 960000000. .009959786 1.00000E+9 0.0                             142810  5  478
 0.0        0.0              8018          0          1         29142810  5  479
         29          1                                            142810  5  480
 70000000.0 1.02282E-5 80000000.0 3.31976E-5 90000000.0 8.40370E-5142810  5  481
 100000000. 1.85220E-4 120000000. 2.80303E-4 140000000. 3.53650E-4142810  5  482
 160000000. 4.41875E-4 180000000. 5.28460E-4 200000000. 6.35179E-4142810  5  483
 240000000. 7.53658E-4 280000000. 8.32234E-4 320000000. 9.26941E-4142810  5  484
 360000000. .001067778 400000000. .001176295 440000000. .001270431142810  5  485
 480000000. .001370376 520000000. .001469059 560000000. .001567417142810  5  486
 600000000. .001648132 640000000. .001704329 680000000. .001771566142810  5  487
 720000000. .001839005 760000000. .001854207 800000000. .001839416142810  5  488
 840000000. .001829910 880000000. .001838179 920000000. .001856787142810  5  489
 960000000. .001876129 1.00000E+9 0.0                             142810  5  490
 0.0        0.0              8019          0          1         27142810  5  491
         27          1                                            142810  5  492
 90000000.0 5.41500E-6 100000000. 9.51775E-6 120000000. 2.03620E-5142810  5  493
 140000000. 3.26524E-5 160000000. 3.88368E-5 180000000. 4.50341E-5142810  5  494
 200000000. 5.91747E-5 240000000. 6.93849E-5 280000000. 8.32048E-5142810  5  495
 320000000. 9.72365E-5 360000000. 1.06041E-4 400000000. 1.27814E-4142810  5  496
 440000000. 1.45599E-4 480000000. 1.56696E-4 520000000. 1.74899E-4142810  5  497
 560000000. 1.94698E-4 600000000. 1.97934E-4 640000000. 2.02506E-4142810  5  498
 680000000. 2.05488E-4 720000000. 2.07644E-4 760000000. 2.17875E-4142810  5  499
 800000000. 2.32762E-4 840000000. 2.40619E-4 880000000. 2.36076E-4142810  5  500
 920000000. 2.33026E-4 960000000. 2.31758E-4 1.00000E+9 0.0       142810  5  501
 0.0        0.0              8020          0          1         23142810  5  502
         23          1                                            142810  5  503
 160000000. 4.25874E-6 180000000. 3.60479E-6 200000000. 3.37630E-6142810  5  504
 240000000. 4.56901E-6 280000000. 6.41482E-6 320000000. 7.47096E-6142810  5  505
 360000000. 8.38699E-6 400000000. 9.78206E-6 440000000. 1.38304E-5142810  5  506
 480000000. 1.56338E-5 520000000. 1.70144E-5 560000000. 1.98366E-5142810  5  507
 600000000. 1.78149E-5 640000000. 1.61178E-5 680000000. 2.04737E-5142810  5  508
 720000000. 2.55696E-5 760000000. 2.63772E-5 800000000. 2.45583E-5142810  5  509
 840000000. 2.64970E-5 880000000. 2.58858E-5 920000000. 2.46703E-5142810  5  510
 960000000. 2.78304E-5 1.00000E+9 0.0                             142810  5  511
 0.0        0.0              8021          0          1         10142810  5  512
         10          1                                            142810  5  513
 640000000. 2.33410E-6 680000000. 2.35410E-6 720000000. 3.07340E-6142810  5  514
 760000000. 3.56362E-6 800000000. 3.09575E-6 840000000. 2.62790E-6142810  5  515
 880000000. 2.63201E-6 920000000. 2.87659E-6 960000000. 2.87899E-6142810  5  516
 1.00000E+9 0.0                                                   142810  5  517
 0.0        0.0              9015          0          1         14142810  5  518
         14          1                                            142810  5  519
 480000000. 2.20095E-6 520000000. 2.58072E-6 560000000. 3.31108E-6142810  5  520
 600000000. 3.69929E-6 640000000. 3.73771E-6 680000000. 4.23812E-6142810  5  521
 720000000. 5.67668E-6 760000000. 5.94531E-6 800000000. 5.00629E-6142810  5  522
 840000000. 5.01570E-6 880000000. 5.02934E-6 920000000. 5.03248E-6142810  5  523
 960000000. 4.56303E-6 1.00000E+9 0.0                             142810  5  524
 0.0        0.0              9016          0          1         26142810  5  525
         26          1                                            142810  5  526
 100000000. 4.03255E-6 120000000. 5.28534E-6 140000000. 1.07296E-5142810  5  527
 160000000. 1.88514E-5 180000000. 2.30618E-5 200000000. 3.01942E-5142810  5  528
 240000000. 3.72738E-5 280000000. 4.26065E-5 320000000. 4.85901E-5142810  5  529
 360000000. 5.53227E-5 400000000. 6.88908E-5 440000000. 8.52112E-5142810  5  530
 480000000. 9.22312E-5 520000000. 9.54067E-5 560000000. 1.03049E-4142810  5  531
 600000000. 1.08427E-4 640000000. 1.10739E-4 680000000. 1.20339E-4142810  5  532
 720000000. 1.33542E-4 760000000. 1.29551E-4 800000000. 1.22970E-4142810  5  533
 840000000. 1.34445E-4 880000000. 1.46760E-4 920000000. 1.44575E-4142810  5  534
 960000000. 1.37256E-4 1.00000E+9 0.0                             142810  5  535
 0.0        0.0              9017          0          1         30142810  5  536
         30          1                                            142810  5  537
 60000000.0 4.66368E-5 70000000.0 7.74781E-5 80000000.0 7.88688E-5142810  5  538
 90000000.0 9.43111E-5 100000000. 2.07661E-4 120000000. 4.00646E-4142810  5  539
 140000000. 5.73961E-4 160000000. 7.41235E-4 180000000. 8.71616E-4142810  5  540
 200000000. .001040365 240000000. .001220755 280000000. .001339338142810  5  541
 320000000. .001505947 360000000. .001656234 400000000. .001811694142810  5  542
 440000000. .001973037 480000000. .002131671 520000000. .002285291142810  5  543
 560000000. .002432318 600000000. .002519833 640000000. .002602477142810  5  544
 680000000. .002701783 720000000. .002683134 760000000. .002688676142810  5  545
 800000000. .002739102 840000000. .002756657 880000000. .002760465142810  5  546
 920000000. .002798016 960000000. .002852008 1.00000E+9 0.0       142810  5  547
 0.0        0.0              9018          0          1         35142810  5  548
         35          1                                            142810  5  549
 40000000.0 7.99550E-5 45000000.0 1.86594E-4 50000000.0 2.50407E-4142810  5  550
 54000000.0 2.73536E-4 55000000.0 2.65765E-4 60000000.0 2.64427E-4142810  5  551
 70000000.0 4.25981E-4 80000000.0 .001011279 90000000.0 .001966899142810  5  552
 100000000. .003129252 120000000. .004213868 140000000. .005065351142810  5  553
 160000000. .005964166 180000000. .006744155 200000000. .007645418142810  5  554
 240000000. .008627008 280000000. .009210864 320000000. .009720041142810  5  555
 360000000. .010411855 400000000. .011213774 440000000. .011987939142810  5  556
 480000000. .012707065 520000000. .013341752 560000000. .013791861142810  5  557
 600000000. .014171913 640000000. .014506586 680000000. .014766857142810  5  558
 720000000. .014927144 760000000. .014928333 800000000. .014984715142810  5  559
 840000000. .015046279 880000000. .014998089 920000000. .014967631142810  5  560
 960000000. .014894871 1.00000E+9 0.0                             142810  5  561
 0.0        0.0              9019          0          1         33142810  5  562
         33          1                                            142810  5  563
 50000000.0 3.06221E-5 54000000.0 6.58185E-5 55000000.0 1.42417E-4142810  5  564
 60000000.0 6.53646E-4 70000000.0 .001866911 80000000.0 .003045242142810  5  565
 90000000.0 .003553994 100000000. .003879899 120000000. .004657980142810  5  566
 140000000. .005670399 160000000. .006540608 180000000. .007249501142810  5  567
 200000000. .007970495 240000000. .008583516 280000000. .008912196142810  5  568
 320000000. .009335360 360000000. .009953806 400000000. .010539252142810  5  569
 440000000. .011079577 480000000. .011625305 520000000. .012036394142810  5  570
 560000000. .012380999 600000000. .012715774 640000000. .012889879142810  5  571
 680000000. .013019371 720000000. .013081523 760000000. .013083479142810  5  572
 800000000. .013075569 840000000. .013107201 880000000. .013156904142810  5  573
 920000000. .013090085 960000000. .013051680 1.00000E+9 0.0       142810  5  574
 0.0        0.0              9020          0          1         32142810  5  575
         32          1                                            142810  5  576
 54000000.0 1.03944E-5 55000000.0 4.16796E-5 60000000.0 1.62835E-4142810  5  577
 70000000.0 2.65225E-4 80000000.0 2.63904E-4 90000000.0 2.70820E-4142810  5  578
 100000000. 3.76373E-4 120000000. 5.77748E-4 140000000. 7.87918E-4142810  5  579
 160000000. 9.34837E-4 180000000. .001025696 200000000. .001139535142810  5  580
 240000000. .001249493 280000000. .001352423 320000000. .001455548142810  5  581
 360000000. .001523140 400000000. .001642205 440000000. .001779440142810  5  582
 480000000. .001874588 520000000. .001985542 560000000. .002120651142810  5  583
 600000000. .002194459 640000000. .002208745 680000000. .002251141142810  5  584
 720000000. .002289699 760000000. .002301347 800000000. .002291781142810  5  585
 840000000. .002278376 880000000. .002295646 920000000. .002321614142810  5  586
 960000000. .002300480 1.00000E+9 0.0                             142810  5  587
 0.0        0.0              9021          0          1         28142810  5  588
         28          1                                            142810  5  589
 80000000.0 8.46729E-6 90000000.0 2.60457E-5 100000000. 6.16714E-5142810  5  590
 120000000. 8.43888E-5 140000000. 9.66253E-5 160000000. 1.26537E-4142810  5  591
 180000000. 1.44625E-4 200000000. 1.55822E-4 240000000. 1.74890E-4142810  5  592
 280000000. 1.89420E-4 320000000. 2.03653E-4 360000000. 2.26625E-4142810  5  593
 400000000. 2.53154E-4 440000000. 2.79069E-4 480000000. 2.99098E-4142810  5  594
 520000000. 3.18930E-4 560000000. 3.44711E-4 600000000. 3.69173E-4142810  5  595
 640000000. 3.79174E-4 680000000. 4.01800E-4 720000000. 4.15952E-4142810  5  596
 760000000. 4.04183E-4 800000000. 4.12483E-4 840000000. 4.13368E-4142810  5  597
 880000000. 4.11056E-4 920000000. 4.20670E-4 960000000. 4.30869E-4142810  5  598
 1.00000E+9 0.0                                                   142810  5  599
 0.0        0.0              9022          0          1         26142810  5  600
         26          1                                            142810  5  601
 100000000. 2.54601E-6 120000000. 2.96812E-6 140000000. 5.05322E-6142810  5  602
 160000000. 6.80899E-6 180000000. 8.21935E-6 200000000. 1.25841E-5142810  5  603
 240000000. 1.44798E-5 280000000. 1.40947E-5 320000000. 1.53569E-5142810  5  604
 360000000. 1.80227E-5 400000000. 2.14810E-5 440000000. 2.70264E-5142810  5  605
 480000000. 3.27867E-5 520000000. 3.53896E-5 560000000. 4.12543E-5142810  5  606
 600000000. 4.44044E-5 640000000. 4.46084E-5 680000000. 4.50147E-5142810  5  607
 720000000. 4.23953E-5 760000000. 4.37086E-5 800000000. 4.12599E-5142810  5  608
 840000000. 4.20153E-5 880000000. 4.78807E-5 920000000. 4.96139E-5142810  5  609
 960000000. 5.22931E-5 1.00000E+9 0.0                             142810  5  610
 0.0        0.0              9023          0          1         17142810  5  611
         17          1                                            142810  5  612
 360000000. 2.31179E-6 400000000. 2.77143E-6 440000000. 2.59941E-6142810  5  613
 480000000. 2.20095E-6 520000000. 2.69432E-6 560000000. 3.65483E-6142810  5  614
 600000000. 3.70192E-6 640000000. 2.80563E-6 680000000. 3.76111E-6142810  5  615
 720000000. 5.20992E-6 760000000. 4.99156E-6 800000000. 5.23972E-6142810  5  616
 840000000. 5.25930E-6 880000000. 5.73977E-6 920000000. 7.18838E-6142810  5  617
 960000000. 6.96223E-6 1.00000E+9 0.0                             142810  5  618
 0.0        0.0             10017          0          1         21142810  5  619
         21          1                                            142810  5  620
 200000000. 2.20377E-6 240000000. 2.39722E-6 280000000. 3.70250E-6142810  5  621
 320000000. 4.37131E-6 360000000. 3.56908E-6 400000000. 4.24951E-6142810  5  622
 440000000. 4.76335E-6 480000000. 3.96377E-6 520000000. 3.58390E-6142810  5  623
 560000000. 6.37644E-6 600000000. 7.63883E-6 640000000. 6.77112E-6142810  5  624
 680000000. 8.71040E-6 720000000. 7.83054E-6 760000000. 7.59069E-6142810  5  625
 800000000. 9.29604E-6 840000000. 1.02659E-5 880000000. 1.07788E-5142810  5  626
 920000000. 1.10207E-5 960000000. 1.12809E-5 1.00000E+9 0.0       142810  5  627
 0.0        0.0             10018          0          1         27142810  5  628
         27          1                                            142810  5  629
 90000000.0 7.35104E-6 100000000. 2.33783E-5 120000000. 4.14546E-5142810  5  630
 140000000. 5.25537E-5 160000000. 6.53397E-5 180000000. 7.09521E-5142810  5  631
 200000000. 8.29621E-5 240000000. 1.05289E-4 280000000. 1.22999E-4142810  5  632
 320000000. 1.34555E-4 360000000. 1.38054E-4 400000000. 1.46564E-4142810  5  633
 440000000. 1.60109E-4 480000000. 1.66175E-4 520000000. 1.77819E-4142810  5  634
 560000000. 1.83103E-4 600000000. 1.82630E-4 640000000. 1.87132E-4142810  5  635
 680000000. 1.93631E-4 720000000. 2.03883E-4 760000000. 2.06960E-4142810  5  636
 800000000. 2.15148E-4 840000000. 2.24810E-4 880000000. 2.26016E-4142810  5  637
 920000000. 2.20335E-4 960000000. 2.13781E-4 1.00000E+9 0.0       142810  5  638
 0.0        0.0             10019          0          1         32142810  5  639
         32          1                                            142810  5  640
 54000000.0 5.58791E-6 55000000.0 2.06670E-5 60000000.0 1.15945E-4142810  5  641
 70000000.0 4.04558E-4 80000000.0 7.73207E-4 90000000.0 9.82395E-4142810  5  642
 100000000. .001096183 120000000. .001300074 140000000. .001591523142810  5  643
 160000000. .001870272 180000000. .002080890 200000000. .002273605142810  5  644
 240000000. .002460666 280000000. .002564295 320000000. .002629064142810  5  645
 360000000. .002788039 400000000. .002979583 440000000. .003125257142810  5  646
 480000000. .003203575 520000000. .003269549 560000000. .003398662142810  5  647
 600000000. .003471860 640000000. .003511086 680000000. .003513231142810  5  648
 720000000. .003484094 760000000. .003481875 800000000. .003495563142810  5  649
 840000000. .003484122 880000000. .003440312 920000000. .003421277142810  5  650
 960000000. .003439350 1.00000E+9 0.0                             142810  5  651
 0.0        0.0             10020          0          1         35142810  5  652
         35          1                                            142810  5  653
 40000000.0 2.98700E-4 45000000.0 .001087922 50000000.0 .002561204142810  5  654
 54000000.0 .003678224 55000000.0 .005114129 60000000.0 .008208435142810  5  655
 70000000.0 .009629503 80000000.0 .008775770 90000000.0 .008715179142810  5  656
 100000000. .010600105 120000000. .013646971 140000000. .015898154142810  5  657
 160000000. .017355088 180000000. .018451046 200000000. .019423213142810  5  658
 240000000. .019987021 280000000. .020223819 320000000. .020621015142810  5  659
 360000000. .021135892 400000000. .021612156 440000000. .022194055142810  5  660
 480000000. .022833038 520000000. .023328567 560000000. .023810712142810  5  661
 600000000. .024094065 640000000. .024083051 680000000. .024144857142810  5  662
 720000000. .024072775 760000000. .023961231 800000000. .023936959142810  5  663
 840000000. .023821457 880000000. .023660756 920000000. .023499915142810  5  664
 960000000. .023294007 1.00000E+9 0.0                             142810  5  665
 0.0        0.0             10021          0          1         36142810  5  666
         36          1                                            142810  5  667
 35000000.0 6.31203E-4 40000000.0 .001707461 45000000.0 .002417383142810  5  668
 50000000.0 .002601197 54000000.0 .002545037 55000000.0 .002313054142810  5  669
 60000000.0 .002184364 70000000.0 .002714176 80000000.0 .004323709142810  5  670
 90000000.0 .006462703 100000000. .008625702 120000000. .010353415142810  5  671
 140000000. .011378031 160000000. .012260386 180000000. .012852032142810  5  672
 200000000. .013469367 240000000. .013843489 280000000. .013807422142810  5  673
 320000000. .013987958 360000000. .014373892 400000000. .014672555142810  5  674
 440000000. .014994621 480000000. .015456452 520000000. .015816888142810  5  675
 560000000. .016046367 600000000. .016171720 640000000. .016155434142810  5  676
 680000000. .016133790 720000000. .016159468 760000000. .016145154142810  5  677
 800000000. .016084350 840000000. .015887698 880000000. .015702719142810  5  678
 920000000. .015598036 960000000. .015454959 1.00000E+9 0.0       142810  5  679
 0.0        0.0             10022          0          1         33142810  5  680
         33          1                                            142810  5  681
 50000000.0 3.19962E-5 54000000.0 5.68525E-5 55000000.0 9.69719E-5142810  5  682
 60000000.0 3.48032E-4 70000000.0 9.50123E-4 80000000.0 .001560369142810  5  683
 90000000.0 .001861346 100000000. .002080678 120000000. .002285223142810  5  684
 140000000. .002495845 160000000. .002754357 180000000. .002889777142810  5  685
 200000000. .002949965 240000000. .003045761 280000000. .003139208142810  5  686
 320000000. .003243310 360000000. .003363629 400000000. .003480685142810  5  687
 440000000. .003637486 480000000. .003742284 520000000. .003856966142810  5  688
 560000000. .003963541 600000000. .004019889 640000000. .004108834142810  5  689
 680000000. .004149507 720000000. .004146671 760000000. .004124073142810  5  690
 800000000. .004115703 840000000. .004124573 880000000. .004091625142810  5  691
 920000000. .004054247 960000000. .004044324 1.00000E+9 0.0       142810  5  692
 0.0        0.0             10023          0          1         31142810  5  693
         31          1                                            142810  5  694
 55000000.0 1.15409E-5 60000000.0 5.79565E-5 70000000.0 1.06711E-4142810  5  695
 80000000.0 1.17681E-4 90000000.0 1.23507E-4 100000000. 1.37705E-4142810  5  696
 120000000. 1.83006E-4 140000000. 2.30325E-4 160000000. 2.47897E-4142810  5  697
 180000000. 2.62612E-4 200000000. 2.89185E-4 240000000. 3.18914E-4142810  5  698
 280000000. 3.46399E-4 320000000. 3.79240E-4 360000000. 4.09191E-4142810  5  699
 400000000. 4.41424E-4 440000000. 4.73846E-4 480000000. 5.14035E-4142810  5  700
 520000000. 5.60392E-4 560000000. 5.82085E-4 600000000. 5.99915E-4142810  5  701
 640000000. 6.24404E-4 680000000. 6.25378E-4 720000000. 6.39719E-4142810  5  702
 760000000. 6.70271E-4 800000000. 6.78257E-4 840000000. 6.82807E-4142810  5  703
 880000000. 6.82142E-4 920000000. 6.75065E-4 960000000. 6.69876E-4142810  5  704
 1.00000E+9 0.0                                                   142810  5  705
 0.0        0.0             10024          0          1         26142810  5  706
         26          1                                            142810  5  707
 100000000. 6.54462E-6 120000000. 9.72264E-6 140000000. 1.31287E-5142810  5  708
 160000000. 1.73848E-5 180000000. 1.80331E-5 200000000. 1.87105E-5142810  5  709
 240000000. 2.29824E-5 280000000. 3.01495E-5 320000000. 3.67475E-5142810  5  710
 360000000. 3.79764E-5 400000000. 4.27383E-5 440000000. 5.19108E-5142810  5  711
 480000000. 5.78797E-5 520000000. 6.15933E-5 560000000. 6.40682E-5142810  5  712
 600000000. 6.77274E-5 640000000. 8.05498E-5 680000000. 9.09436E-5142810  5  713
 720000000. 8.74182E-5 760000000. 8.62338E-5 800000000. 9.52855E-5142810  5  714
 840000000. 9.27533E-5 880000000. 8.66537E-5 920000000. 9.72714E-5142810  5  715
 960000000. 1.04611E-4 1.00000E+9 0.0                             142810  5  716
 0.0        0.0             10025          0          1         21142810  5  717
         21          1                                            142810  5  718
 200000000. 2.11020E-6 240000000. 2.24181E-6 280000000. 2.51244E-6142810  5  719
 320000000. 2.78297E-6 360000000. 2.93721E-6 400000000. 3.40153E-6142810  5  720
 440000000. 3.03489E-6 480000000. 3.51528E-6 520000000. 6.04400E-6142810  5  721
 560000000. 7.75062E-6 600000000. 9.24289E-6 640000000. 1.30680E-5142810  5  722
 680000000. 1.60220E-5 720000000. 1.49284E-5 760000000. 1.30739E-5142810  5  723
 800000000. 1.35757E-5 840000000. 1.31513E-5 880000000. 1.57735E-5142810  5  724
 920000000. 1.82315E-5 960000000. 1.58377E-5 1.00000E+9 0.0       142810  5  725
 0.0        0.0             10026          0          1         12142810  5  726
         12          1                                            142810  5  727
 560000000. 2.27127E-6 600000000. 2.29368E-6 640000000. 2.31609E-6142810  5  728
 680000000. 2.33849E-6 720000000. 2.36090E-6 760000000. 2.37617E-6142810  5  729
 800000000. 2.38243E-6 840000000. 2.38693E-6 880000000. 2.39143E-6142810  5  730
 920000000. 2.39593E-6 960000000. 2.87598E-6 1.00000E+9 0.0       142810  5  731
 0.0        0.0             11019          0          1         22142810  5  732
         22          1                                            142810  5  733
 180000000. 2.98286E-6 200000000. 4.56555E-6 240000000. 6.71964E-6142810  5  734
 280000000. 7.63854E-6 320000000. 6.88911E-6 360000000. 5.03018E-6142810  5  735
 400000000. 8.06710E-6 440000000. 9.09926E-6 480000000. 7.26415E-6142810  5  736
 520000000. 6.72139E-6 560000000. 6.83867E-6 600000000. 8.08839E-6142810  5  737
 640000000. 9.80705E-6 680000000. 1.15409E-5 720000000. 1.23143E-5142810  5  738
 760000000. 1.23558E-5 800000000. 1.16827E-5 840000000. 1.38386E-5142810  5  739
 880000000. 1.53320E-5 920000000. 1.39040E-5 960000000. 1.29620E-5142810  5  740
 1.00000E+9 0.0                                                   142810  5  741
 0.0        0.0             11020          0          1         29142810  5  742
         29          1                                            142810  5  743
 70000000.0 2.08496E-5 80000000.0 2.64708E-5 90000000.0 3.01465E-5142810  5  744
 100000000. 3.74035E-5 120000000. 5.99916E-5 140000000. 8.30052E-5142810  5  745
 160000000. 9.52588E-5 180000000. 1.11231E-4 200000000. 1.27407E-4142810  5  746
 240000000. 1.43077E-4 280000000. 1.47540E-4 320000000. 1.47843E-4142810  5  747
 360000000. 1.47543E-4 400000000. 1.53151E-4 440000000. 1.60152E-4142810  5  748
 480000000. 1.69859E-4 520000000. 1.85019E-4 560000000. 1.90150E-4142810  5  749
 600000000. 1.97434E-4 640000000. 1.99057E-4 680000000. 1.92051E-4142810  5  750
 720000000. 1.91797E-4 760000000. 1.91787E-4 800000000. 1.89458E-4142810  5  751
 840000000. 1.90424E-4 880000000. 1.89146E-4 920000000. 1.92942E-4142810  5  752
 960000000. 1.98886E-4 1.00000E+9 0.0                             142810  5  753
 0.0        0.0             11021          0          1         35142810  5  754
         35          1                                            142810  5  755
 40000000.0 2.09356E-4 45000000.0 4.61360E-4 50000000.0 5.92925E-4142810  5  756
 54000000.0 5.93093E-4 55000000.0 5.64727E-4 60000000.0 5.21848E-4142810  5  757
 70000000.0 5.62700E-4 80000000.0 8.07463E-4 90000000.0 .001254573142810  5  758
 100000000. .001830576 120000000. .002300374 140000000. .002558410142810  5  759
 160000000. .002772410 180000000. .002956308 200000000. .003052756142810  5  760
 240000000. .003108619 280000000. .003141147 320000000. .003154649142810  5  761
 360000000. .003180114 400000000. .003224960 440000000. .003262793142810  5  762
 480000000. .003328721 520000000. .003397470 560000000. .003335405142810  5  763
 600000000. .003305746 640000000. .003339002 680000000. .003336817142810  5  764
 720000000. .003317412 760000000. .003297216 800000000. .003278390142810  5  765
 840000000. .003243733 880000000. .003211612 920000000. .003189051142810  5  766
 960000000. .003126927 1.00000E+9 0.0                             142810  5  767
 0.0        0.0             11022          0          1         37142810  5  768
         37          1                                            142810  5  769
 30000000.0 .003101884 35000000.0 .002683538 40000000.0 .001627691142810  5  770
 45000000.0 .001055070 50000000.0 .001105041 54000000.0 .001312032142810  5  771
 55000000.0 .001860193 60000000.0 .005043183 70000000.0 .010653180142810  5  772
 80000000.0 .014732802 90000000.0 .016099121 100000000. .016591796142810  5  773
 120000000. .017472901 140000000. .018417323 160000000. .019265501142810  5  774
 180000000. .019717772 200000000. .019600674 240000000. .019350750142810  5  775
 280000000. .019025005 320000000. .018818451 360000000. .018765035142810  5  776
 400000000. .018896379 440000000. .019008812 480000000. .018885400142810  5  777
 520000000. .018869839 560000000. .019043609 600000000. .018993377142810  5  778
 640000000. .018742263 680000000. .018576857 720000000. .018404739142810  5  779
 760000000. .018237231 800000000. .018065699 840000000. .017907558142810  5  780
 880000000. .017676185 920000000. .017534362 960000000. .017504340142810  5  781
 1.00000E+9 0.0                                                   142810  5  782
 0.0        0.0             11023          0          1         36142810  5  783
         36          1                                            142810  5  784
 35000000.0 5.35124E-4 40000000.0 .001858117 45000000.0 .005127944142810  5  785
 50000000.0 .009984682 54000000.0 .013068590 55000000.0 .015966085142810  5  786
 60000000.0 .021679039 70000000.0 .023839193 80000000.0 .021608995142810  5  787
 90000000.0 .020445899 100000000. .020665020 120000000. .021957947142810  5  788
 140000000. .023061345 160000000. .023553567 180000000. .023475230142810  5  789
 200000000. .023128407 240000000. .022613295 280000000. .022091338142810  5  790
 320000000. .021765042 360000000. .021688508 400000000. .021800126142810  5  791
 440000000. .021803769 480000000. .021758387 520000000. .021790704142810  5  792
 560000000. .021770023 600000000. .021656731 640000000. .021594434142810  5  793
 680000000. .021533648 720000000. .021269775 760000000. .020975821142810  5  794
 800000000. .020726748 840000000. .020616651 880000000. .020615348142810  5  795
 920000000. .020418568 960000000. .020175129 1.00000E+9 0.0       142810  5  796
 0.0        0.0             11024          0          1         36142810  5  797
         36          1                                            142810  5  798
 35000000.0 5.10611E-4 40000000.0 .001512194 45000000.0 .002491240142810  5  799
 50000000.0 .002877695 54000000.0 .002841938 55000000.0 .002671769142810  5  800
 60000000.0 .002427170 70000000.0 .002294497 80000000.0 .002389339142810  5  801
 90000000.0 .002708012 100000000. .003152445 120000000. .003584284142810  5  802
 140000000. .003805187 160000000. .003881563 180000000. .003905893142810  5  803
 200000000. .003967479 240000000. .004048832 280000000. .004140694142810  5  804
 320000000. .004241684 360000000. .004337689 400000000. .004434736142810  5  805
 440000000. .004563034 480000000. .004696150 520000000. .004780315142810  5  806
 560000000. .004900418 600000000. .005028645 640000000. .005146385142810  5  807
 680000000. .005168127 720000000. .005082570 760000000. .005017797142810  5  808
 800000000. .005011415 840000000. .005024327 880000000. .004991273142810  5  809
 920000000. .004956578 960000000. .004923750 1.00000E+9 0.0       142810  5  810
 0.0        0.0             11025          0          1         32142810  5  811
         32          1                                            142810  5  812
 54000000.0 1.22833E-5 55000000.0 1.99474E-5 60000000.0 6.50038E-5142810  5  813
 70000000.0 1.70121E-4 80000000.0 2.76538E-4 90000000.0 3.49524E-4142810  5  814
 100000000. 4.01762E-4 120000000. 4.44023E-4 140000000. 4.72369E-4142810  5  815
 160000000. 4.83528E-4 180000000. 5.02309E-4 200000000. 5.38766E-4142810  5  816
 240000000. 5.81506E-4 280000000. 6.16374E-4 320000000. 6.50346E-4142810  5  817
 360000000. 6.97658E-4 400000000. 7.57179E-4 440000000. 8.09842E-4142810  5  818
 480000000. 8.91602E-4 520000000. 9.54455E-4 560000000. 9.71039E-4142810  5  819
 600000000. .001011605 640000000. .001041907 680000000. .001062248142810  5  820
 720000000. .001098218 760000000. .001106605 800000000. .001112399142810  5  821
 840000000. .001115126 880000000. .001114679 920000000. .001103350142810  5  822
 960000000. .001095657 1.00000E+9 0.0                             142810  5  823
 0.0        0.0             11026          0          1         30142810  5  824
         30          1                                            142810  5  825
 60000000.0 9.58747E-6 70000000.0 1.77370E-5 80000000.0 1.87834E-5142810  5  826
 90000000.0 2.26741E-5 100000000. 2.56463E-5 120000000. 2.93649E-5142810  5  827
 140000000. 3.64968E-5 160000000. 4.34794E-5 180000000. 4.74484E-5142810  5  828
 200000000. 4.68460E-5 240000000. 5.38182E-5 280000000. 5.87610E-5142810  5  829
 320000000. 6.69259E-5 360000000. 8.48918E-5 400000000. 1.01435E-4142810  5  830
 440000000. 1.08647E-4 480000000. 1.19671E-4 520000000. 1.52035E-4142810  5  831
 560000000. 1.74414E-4 600000000. 1.85395E-4 640000000. 1.95756E-4142810  5  832
 680000000. 1.89964E-4 720000000. 1.88220E-4 760000000. 2.00754E-4142810  5  833
 800000000. 1.98339E-4 840000000. 1.97301E-4 880000000. 1.96851E-4142810  5  834
 920000000. 1.89379E-4 960000000. 1.91446E-4 1.00000E+9 0.0       142810  5  835
 0.0        0.0             11027          0          1         17142810  5  836
         17          1                                            142810  5  837
 360000000. 3.14450E-6 400000000. 4.88313E-6 440000000. 7.35206E-6142810  5  838
 480000000. 9.23989E-6 520000000. 1.03039E-5 560000000. 1.36709E-5142810  5  839
 600000000. 1.50400E-5 640000000. 1.47092E-5 680000000. 2.02394E-5142810  5  840
 720000000. 2.15696E-5 760000000. 2.06615E-5 800000000. 2.38221E-5142810  5  841
 840000000. 2.67496E-5 880000000. 2.99164E-5 920000000. 3.04524E-5142810  5  842
 960000000. 2.52177E-5 1.00000E+9 0.0                             142810  5  843
 0.0        0.0             12021          0          1         25142810  5  844
         25          1                                            142810  5  845
 120000000. 2.53421E-6 140000000. 2.55971E-6 160000000. 4.41702E-6142810  5  846
 180000000. 6.98437E-6 200000000. 6.76547E-6 240000000. 9.32682E-6142810  5  847
 280000000. 1.08282E-5 320000000. 1.01613E-5 360000000. 1.09143E-5142810  5  848
 400000000. 1.27515E-5 440000000. 1.25666E-5 480000000. 1.23147E-5142810  5  849
 520000000. 1.41137E-5 560000000. 1.43617E-5 600000000. 1.66391E-5142810  5  850
 640000000. 1.79889E-5 680000000. 1.62672E-5 720000000. 1.44474E-5142810  5  851
 760000000. 1.63810E-5 800000000. 1.71690E-5 840000000. 1.60060E-5142810  5  852
 880000000. 1.67563E-5 920000000. 1.70217E-5 960000000. 1.56021E-5142810  5  853
 1.00000E+9 0.0                                                   142810  5  854
 0.0        0.0             12022          0          1         30142810  5  855
         30          1                                            142810  5  856
 60000000.0 1.59951E-5 70000000.0 4.84388E-5 80000000.0 1.02836E-4142810  5  857
 90000000.0 1.47740E-4 100000000. 1.82509E-4 120000000. 2.20980E-4142810  5  858
 140000000. 2.43403E-4 160000000. 2.52420E-4 180000000. 2.72380E-4142810  5  859
 200000000. 2.86884E-4 240000000. 2.94200E-4 280000000. 2.92189E-4142810  5  860
 320000000. 2.79769E-4 360000000. 2.83232E-4 400000000. 2.78823E-4142810  5  861
 440000000. 2.73960E-4 480000000. 2.84546E-4 520000000. 2.95673E-4142810  5  862
 560000000. 2.88445E-4 600000000. 2.75857E-4 640000000. 2.76117E-4142810  5  863
 680000000. 2.78979E-4 720000000. 2.79670E-4 760000000. 2.72372E-4142810  5  864
 800000000. 2.70208E-4 840000000. 2.79046E-4 880000000. 2.78458E-4142810  5  865
 920000000. 2.71155E-4 960000000. 2.69170E-4 1.00000E+9 0.0       142810  5  866
 0.0        0.0             12023          0          1         36142810  5  867
         36          1                                            142810  5  868
 35000000.0 4.68225E-5 40000000.0 2.05500E-4 45000000.0 5.97539E-4142810  5  869
 50000000.0 .001246167 54000000.0 .001738839 55000000.0 .002406125142810  5  870
 60000000.0 .004051522 70000000.0 .005098898 80000000.0 .004860832142810  5  871
 90000000.0 .004632013 100000000. .004627670 120000000. .004871301142810  5  872
 140000000. .005129486 160000000. .005230774 180000000. .005236854142810  5  873
 200000000. .005150651 240000000. .004895402 280000000. .004673499142810  5  874
 320000000. .004555448 360000000. .004531136 400000000. .004525499142810  5  875
 440000000. .004407687 480000000. .004307170 520000000. .004229330142810  5  876
 560000000. .004164101 600000000. .004105845 640000000. .004031478142810  5  877
 680000000. .003955519 720000000. .003893754 760000000. .003846710142810  5  878
 800000000. .003809897 840000000. .003767936 880000000. .003718836142810  5  879
 920000000. .003641918 960000000. .003597993 1.00000E+9 0.0       142810  5  880
 0.0        0.0             12024          0          1         37142810  5  881
         37          1                                            142810  5  882
 30000000.0 .012658666 35000000.0 .031989408 40000000.0 .045696697142810  5  883
 45000000.0 .050144045 50000000.0 .048889055 54000000.0 .046225722142810  5  884
 55000000.0 .042828759 60000000.0 .038363302 70000000.0 .035490695142810  5  885
 80000000.0 .034883402 90000000.0 .035920835 100000000. .037154012142810  5  886
 120000000. .038022764 140000000. .037932006 160000000. .037373575142810  5  887
 180000000. .036673899 200000000. .035706193 240000000. .034172704142810  5  888
 280000000. .032597306 320000000. .031603242 360000000. .031004442142810  5  889
 400000000. .030480304 440000000. .029935466 480000000. .029430081142810  5  890
 520000000. .028960446 560000000. .028469403 600000000. .028009226142810  5  891
 640000000. .027649041 680000000. .027309781 720000000. .026966901142810  5  892
 760000000. .026588411 800000000. .026259350 840000000. .025983830142810  5  893
 880000000. .025598089 920000000. .025297603 960000000. .025038191142810  5  894
 1.00000E+9 0.0                                                   142810  5  895
 0.0        0.0             12025          0          1         37142810  5  896
         37          1                                            142810  5  897
 30000000.0 .040462717 35000000.0 .028250906 40000000.0 .018291178142810  5  898
 45000000.0 .014008521 50000000.0 .013110602 54000000.0 .013215774142810  5  899
 55000000.0 .013987734 60000000.0 .019377857 70000000.0 .027424316142810  5  900
 80000000.0 .031505769 90000000.0 .032259106 100000000. .031932319142810  5  901
 120000000. .031546134 140000000. .031168295 160000000. .030647064142810  5  902
 180000000. .029905094 200000000. .028874584 240000000. .027729459142810  5  903
 280000000. .026935917 320000000. .026545297 360000000. .026138214142810  5  904
 400000000. .025791652 440000000. .025585479 480000000. .025275788142810  5  905
 520000000. .025092148 560000000. .025018196 600000000. .024890742142810  5  906
 640000000. .024787323 680000000. .024598029 720000000. .024280892142810  5  907
 760000000. .024022898 800000000. .023901114 840000000. .023721806142810  5  908
 880000000. .023548511 920000000. .023343965 960000000. .023168265142810  5  909
 1.00000E+9 0.0                                                   142810  5  910
 0.0        0.0             12026          0          1         36142810  5  911
         36          1                                            142810  5  912
 35000000.0 4.50271E-4 40000000.0 .001230656 45000000.0 .002813705142810  5  913
 50000000.0 .004886142 54000000.0 .006061003 55000000.0 .007276093142810  5  914
 60000000.0 .009475054 70000000.0 .010379853 80000000.0 .009812298142810  5  915
 90000000.0 .009420335 100000000. .009092115 120000000. .008857774142810  5  916
 140000000. .008776994 160000000. .008762441 180000000. .008719413142810  5  917
 200000000. .008651528 240000000. .008604648 280000000. .008594955142810  5  918
 320000000. .008780974 360000000. .008949095 400000000. .009115319142810  5  919
 440000000. .009385501 480000000. .009608947 520000000. .009774206142810  5  920
 560000000. .009964703 600000000. .010125376 640000000. .010231040142810  5  921
 680000000. .010313133 720000000. .010300982 760000000. .010324812142810  5  922
 800000000. .010357911 840000000. .010361558 880000000. .010311319142810  5  923
 920000000. .010234241 960000000. .010144878 1.00000E+9 0.0       142810  5  924
 0.0        0.0             12027          0          1         36142810  5  925
         36          1                                            142810  5  926
 35000000.0 1.70156E-4 40000000.0 5.23967E-4 45000000.0 8.82971E-4142810  5  927
 50000000.0 .001026529 54000000.0 .001032736 55000000.0 9.90030E-4142810  5  928
 60000000.0 9.17148E-4 70000000.0 8.78563E-4 80000000.0 8.66625E-4142810  5  929
 90000000.0 8.62354E-4 100000000. 9.13564E-4 120000000. 9.86245E-4142810  5  930
 140000000. .001032289 160000000. .001078141 180000000. .001118375142810  5  931
 200000000. .001201596 240000000. .001282643 280000000. .001362236142810  5  932
 320000000. .001466185 360000000. .001569205 400000000. .001707552142810  5  933
 440000000. .001862834 480000000. .001993889 520000000. .002127796142810  5  934
 560000000. .002242527 600000000. .002342119 640000000. .002434562142810  5  935
 680000000. .002487764 720000000. .002508144 760000000. .002532843142810  5  936
 800000000. .002571137 840000000. .002589864 880000000. .002572465142810  5  937
 920000000. .002568915 960000000. .002600863 1.00000E+9 0.0       142810  5  938
 0.0        0.0             12028          0          1         20142810  5  939
         20          1                                            142810  5  940
 240000000. 4.74415E-6 280000000. 1.49393E-5 320000000. 2.75575E-5142810  5  941
 360000000. 3.87354E-5 400000000. 5.58896E-5 440000000. 7.26736E-5142810  5  942
 480000000. 8.47127E-5 520000000. 9.92042E-5 560000000. 1.21716E-4142810  5  943
 600000000. 1.47220E-4 640000000. 1.62346E-4 680000000. 1.60956E-4142810  5  944
 720000000. 1.58884E-4 760000000. 1.59693E-4 800000000. 1.65103E-4142810  5  945
 840000000. 1.73926E-4 880000000. 1.81914E-4 920000000. 1.87231E-4142810  5  946
 960000000. 1.88798E-4 1.00000E+9 0.0                             142810  5  947
 0.0        0.0             13023          0          1         28142810  5  948
         28          1                                            142810  5  949
 80000000.0 4.07864E-6 90000000.0 4.37152E-6 100000000. 7.36502E-6142810  5  950
 120000000. 8.51985E-6 140000000. 9.70961E-6 160000000. 1.37926E-5142810  5  951
 180000000. 1.42025E-5 200000000. 1.43234E-5 240000000. 1.36692E-5142810  5  952
 280000000. 1.62776E-5 320000000. 1.97477E-5 360000000. 1.47357E-5142810  5  953
 400000000. 1.40190E-5 440000000. 1.55940E-5 480000000. 1.60559E-5142810  5  954
 520000000. 1.61369E-5 560000000. 1.50438E-5 600000000. 1.84861E-5142810  5  955
 640000000. 2.07901E-5 680000000. 2.19076E-5 720000000. 1.99133E-5142810  5  956
 760000000. 1.99403E-5 800000000. 2.05117E-5 840000000. 1.74454E-5142810  5  957
 880000000. 1.96131E-5 920000000. 2.15812E-5 960000000. 2.03951E-5142810  5  958
 1.00000E+9 0.0                                                   142810  5  959
 0.0        0.0             13024          0          1         35142810  5  960
         35          1                                            142810  5  961
 40000000.0 3.11297E-5 45000000.0 9.57619E-5 50000000.0 1.51635E-4142810  5  962
 54000000.0 1.66086E-4 55000000.0 1.74223E-4 60000000.0 1.85844E-4142810  5  963
 70000000.0 1.79850E-4 80000000.0 1.82979E-4 90000000.0 2.04449E-4142810  5  964
 100000000. 2.43216E-4 120000000. 2.93425E-4 140000000. 3.06167E-4142810  5  965
 160000000. 3.01733E-4 180000000. 3.07407E-4 200000000. 3.11248E-4142810  5  966
 240000000. 3.02419E-4 280000000. 2.90446E-4 320000000. 2.85027E-4142810  5  967
 360000000. 2.79707E-4 400000000. 2.79396E-4 440000000. 2.74016E-4142810  5  968
 480000000. 2.62382E-4 520000000. 2.57156E-4 560000000. 2.48313E-4142810  5  969
 600000000. 2.50349E-4 640000000. 2.61409E-4 680000000. 2.56860E-4142810  5  970
 720000000. 2.44916E-4 760000000. 2.37153E-4 800000000. 2.41378E-4142810  5  971
 840000000. 2.44670E-4 880000000. 2.39911E-4 920000000. 2.34230E-4142810  5  972
 960000000. 2.35095E-4 1.00000E+9 0.0                             142810  5  973
 0.0        0.0             13025          0          1         37142810  5  974
         37          1                                            142810  5  975
 30000000.0 .008325589 35000000.0 .006695477 40000000.0 .004449060142810  5  976
 45000000.0 .003282687 50000000.0 .002819633 54000000.0 .002682537142810  5  977
 55000000.0 .002708687 60000000.0 .003313935 70000000.0 .004587377142810  5  978
 80000000.0 .005518055 90000000.0 .005849700 100000000. .005991282142810  5  979
 120000000. .006039571 140000000. .005997173 160000000. .005899771142810  5  980
 180000000. .005757926 200000000. .005504844 240000000. .005190255142810  5  981
 280000000. .004938880 320000000. .004749821 360000000. .004604067142810  5  982
 400000000. .004514927 440000000. .004375462 480000000. .004229294142810  5  983
 520000000. .004088151 560000000. .003956635 600000000. .003860478142810  5  984
 640000000. .003733694 680000000. .003658009 720000000. .003626779142810  5  985
 760000000. .003529416 800000000. .003417969 840000000. .003391447142810  5  986
 880000000. .003382866 920000000. .003343965 960000000. .003327601142810  5  987
 1.00000E+9 0.0                                                   142810  5  988
 0.0        0.0             13026          0          1         37142810  5  989
         37          1                                            142810  5  990
 30000000.0 .003172389 35000000.0 .004855574 40000000.0 .010765337142810  5  991
 45000000.0 .021819839 50000000.0 .033508009 54000000.0 .039093278142810  5  992
 55000000.0 .042980934 60000000.0 .049107771 70000000.0 .050775953142810  5  993
 80000000.0 .048098941 90000000.0 .045772174 100000000. .043095007142810  5  994
 120000000. .040893721 140000000. .039429753 160000000. .037979130142810  5  995
 180000000. .036620131 200000000. .034993339 240000000. .033276081142810  5  996
 280000000. .031841263 320000000. .030698870 360000000. .029828286142810  5  997
 400000000. .029005988 440000000. .028255409 480000000. .027457669142810  5  998
 520000000. .026721816 560000000. .026087737 600000000. .025509710142810  5  999
 640000000. .025050586 680000000. .024648858 720000000. .024169073142810  5 1000
 760000000. .023736744 800000000. .023422374 840000000. .023189488142810  5 1001
 880000000. .023090763 920000000. .022933369 960000000. .022746435142810  5 1002
 1.00000E+9 0.0                                                   142810  5 1003
 0.0        0.0             13027          0          1         37142810  5 1004
         37          1                                            142810  5 1005
 30000000.0 .068085367 35000000.0 .115215170 40000000.0 .131586052142810  5 1006
 45000000.0 .131336339 50000000.0 .123779581 54000000.0 .116454404142810  5 1007
 55000000.0 .108047443 60000000.0 .094092898 70000000.0 .083269210142810  5 1008
 80000000.0 .076256392 90000000.0 .070197914 100000000. .064366448142810  5 1009
 120000000. .059918618 140000000. .057362166 160000000. .055280682142810  5 1010
 180000000. .053628537 200000000. .052311277 240000000. .051092516142810  5 1011
 280000000. .049846481 320000000. .048935222 360000000. .048240706142810  5 1012
 400000000. .047617717 440000000. .047091799 480000000. .046632095142810  5 1013
 520000000. .046259223 560000000. .046030023 600000000. .045778753142810  5 1014
 640000000. .045531839 680000000. .045204839 720000000. .044808847142810  5 1015
 760000000. .044428479 800000000. .043984724 840000000. .043629605142810  5 1016
 880000000. .043338600 920000000. .042962121 960000000. .042602388142810  5 1017
 1.00000E+9 0.0                                                   142810  5 1018
 0.0        0.0             13028          0          1         37142810  5 1019
         37          1                                            142810  5 1020
 30000000.0 .049661424 35000000.0 .043222784 40000000.0 .037473215142810  5 1021
 45000000.0 .034594711 50000000.0 .032516924 54000000.0 .030834440142810  5 1022
 55000000.0 .028919142 60000000.0 .025670528 70000000.0 .024200750142810  5 1023
 80000000.0 .024394981 90000000.0 .024167617 100000000. .023945395142810  5 1024
 120000000. .024358751 140000000. .025120880 160000000. .025714172142810  5 1025
 180000000. .026268540 200000000. .027393760 240000000. .028908051142810  5 1026
 280000000. .030075386 320000000. .031230557 360000000. .032288644142810  5 1027
 400000000. .033253804 440000000. .034422981 480000000. .035802876142810  5 1028
 520000000. .037255454 560000000. .038713193 600000000. .040058299142810  5 1029
 640000000. .041118625 680000000. .041892742 720000000. .042302928142810  5 1030
 760000000. .042425479 800000000. .042413122 840000000. .042334992142810  5 1031
 880000000. .042137993 920000000. .041922575 960000000. .041717347142810  5 1032
 1.00000E+9 0.0                                                   142810  5 1033
 0.0        0.0             13029          0          1         21142810  5 1034
         21          1                                            142810  5 1035
 200000000. 4.18195E-6 240000000. 8.89393E-6 280000000. 1.46702E-5142810  5 1036
 320000000. 2.39853E-5 360000000. 3.49944E-5 400000000. 4.23221E-5142810  5 1037
 440000000. 5.03943E-5 480000000. 5.80926E-5 520000000. 6.78503E-5142810  5 1038
 560000000. 7.86497E-5 600000000. 8.43839E-5 640000000. 8.80619E-5142810  5 1039
 680000000. 9.18801E-5 720000000. 9.80111E-5 760000000. 9.81672E-5142810  5 1040
 800000000. 9.60271E-5 840000000. 1.02230E-4 880000000. 1.07967E-4142810  5 1041
 920000000. 1.14556E-4 960000000. 1.22578E-4 1.00000E+9 0.0       142810  5 1042
 0.0        0.0             14024          0          1         15142810  5 1043
         15          1                                            142810  5 1044
 440000000. 2.37898E-6 480000000. 2.56624E-6 520000000. 2.46006E-6142810  5 1045
 560000000. 2.35388E-6 600000000. 2.31207E-6 640000000. 2.56814E-6142810  5 1046
 680000000. 3.06113E-6 720000000. 3.55133E-6 760000000. 4.03869E-6142810  5 1047
 800000000. 3.81639E-6 840000000. 3.10747E-6 880000000. 3.58656E-6142810  5 1048
 920000000. 3.83874E-6 960000000. 3.35889E-6 1.00000E+9 0.0       142810  5 1049
 0.0        0.0             14025          0          1         29142810  5 1050
         29          1                                            142810  5 1051
 70000000.0 2.78835E-6 80000000.0 5.57732E-6 90000000.0 8.74303E-6142810  5 1052
 100000000. 1.53453E-5 120000000. 1.99683E-5 140000000. 2.09780E-5142810  5 1053
 160000000. 2.27604E-5 180000000. 2.09800E-5 200000000. 2.27131E-5142810  5 1054
 240000000. 2.61604E-5 280000000. 2.85844E-5 320000000. 2.88931E-5142810  5 1055
 360000000. 2.72791E-5 400000000. 2.59703E-5 440000000. 2.63920E-5142810  5 1056
 480000000. 3.27721E-5 520000000. 3.40610E-5 560000000. 3.07793E-5142810  5 1057
 600000000. 2.82252E-5 640000000. 2.56944E-5 680000000. 2.68571E-5142810  5 1058
 720000000. 2.86464E-5 760000000. 3.04120E-5 800000000. 3.19284E-5142810  5 1059
 840000000. 3.15468E-5 880000000. 2.82640E-5 920000000. 2.80360E-5142810  5 1060
 960000000. 2.76046E-5 1.00000E+9 0.0                             142810  5 1061
 0.0        0.0             14026          0          1         35142810  5 1062
         35          1                                            142810  5 1063
 40000000.0 2.02318E-5 45000000.0 6.06501E-5 50000000.0 1.16476E-4142810  5 1064
 54000000.0 1.47098E-4 55000000.0 2.10798E-4 60000000.0 3.73291E-4142810  5 1065
 70000000.0 5.25614E-4 80000000.0 5.88353E-4 90000000.0 6.01509E-4142810  5 1066
 100000000. 6.37317E-4 120000000. 6.79424E-4 140000000. 6.83670E-4142810  5 1067
 160000000. 6.72013E-4 180000000. 6.72923E-4 200000000. 6.59855E-4142810  5 1068
 240000000. 6.18485E-4 280000000. 6.03820E-4 320000000. 5.85607E-4142810  5 1069
 360000000. 5.46816E-4 400000000. 5.17388E-4 440000000. 4.98881E-4142810  5 1070
 480000000. 4.84467E-4 520000000. 4.61512E-4 560000000. 4.45732E-4142810  5 1071
 600000000. 4.34997E-4 640000000. 4.17478E-4 680000000. 3.95955E-4142810  5 1072
 720000000. 3.85472E-4 760000000. 3.79581E-4 800000000. 3.62023E-4142810  5 1073
 840000000. 3.68597E-4 880000000. 3.73520E-4 920000000. 3.64406E-4142810  5 1074
 960000000. 3.54393E-4 1.00000E+9 0.0                             142810  5 1075
 0.0        0.0             14027          0          1         37142810  5 1076
         37          1                                            142810  5 1077
 30000000.0 .004723787 35000000.0 .011350869 40000000.0 .017653996142810  5 1078
 45000000.0 .020828903 50000000.0 .021131925 54000000.0 .020508477142810  5 1079
 55000000.0 .019343834 60000000.0 .017305862 70000000.0 .015673193142810  5 1080
 80000000.0 .014612597 90000000.0 .013698883 100000000. .012698522142810  5 1081
 120000000. .011771707 140000000. .011077920 160000000. .010524259142810  5 1082
 180000000. .010043144 200000000. .009405104 240000000. .008689431142810  5 1083
 280000000. .008067694 320000000. .007560031 360000000. .007159287142810  5 1084
 400000000. .006790914 440000000. .006401244 480000000. .006036448142810  5 1085
 520000000. .005764412 560000000. .005544658 600000000. .005339033142810  5 1086
 640000000. .005184438 680000000. .005046264 720000000. .004918129142810  5 1087
 760000000. .004836242 800000000. .004737527 840000000. .004667586142810  5 1088
 880000000. .004646522 920000000. .004642808 960000000. .004638966142810  5 1089
 1.00000E+9 0.0                                                   142810  5 1090
 0.0        0.0             14028          0          1         37142810  5 1091
         37          1                                            142810  5 1092
 30000000.0 .406284013 35000000.0 .328553157 40000000.0 .268134565142810  5 1093
 45000000.0 .230129292 50000000.0 .204643460 54000000.0 .189348532142810  5 1094
 55000000.0 .173432996 60000000.0 .147215145 70000000.0 .128579475142810  5 1095
 80000000.0 .118178326 90000000.0 .108658830 100000000. .099187066142810  5 1096
 120000000. .091218217 140000000. .085777713 160000000. .081217702142810  5 1097
 180000000. .077399270 200000000. .073490442 240000000. .068932357142810  5 1098
 280000000. .064527206 320000000. .061318416 360000000. .058974785142810  5 1099
 400000000. .056893486 440000000. .054968804 480000000. .053298964142810  5 1100
 520000000. .051848201 560000000. .050716347 600000000. .049755335142810  5 1101
 640000000. .048878334 680000000. .048177553 720000000. .047686523142810  5 1102
 760000000. .047471385 800000000. .047345659 840000000. .047262016142810  5 1103
 880000000. .047294741 920000000. .047418865 960000000. .047533830142810  5 1104
 1.00000E+9 0.0                                                   142810  5 1105
 0.0        0.0             14029          0          1         37142810  5 1106
         37          1                                            142810  5 1107
 30000000.0 .083016137 35000000.0 .061775791 40000000.0 .046649425142810  5 1108
 45000000.0 .037245743 50000000.0 .031558538 54000000.0 .028536132142810  5 1109
 55000000.0 .025577163 60000000.0 .020861041 70000000.0 .016926821142810  5 1110
 80000000.0 .014103610 90000000.0 .012043362 100000000. .010171201142810  5 1111
 120000000. .008581989 140000000. .007576992 160000000. .006815390142810  5 1112
 180000000. .006298887 200000000. .005726296 240000000. .005011482142810  5 1113
 280000000. .004511460 320000000. .004189879 360000000. .003934154142810  5 1114
 400000000. .003746639 440000000. .003600490 480000000. .003500016142810  5 1115
 520000000. .003477541 560000000. .003513432 600000000. .003551544142810  5 1116
 640000000. .003611931 680000000. .003698916 720000000. .003779634142810  5 1117
 760000000. .003825856 800000000. .003860407 840000000. .003900275142810  5 1118
 880000000. .003954715 920000000. .004008245 960000000. .004033678142810  5 1119
 1.00000E+9 0.0                                                   142810  5 1120
 0.0        0.0             15026          0          1         22142810  5 1121
         22          1                                            142810  5 1122
 180000000. 2.69053E-6 200000000. 3.11290E-6 240000000. 3.68561E-6142810  5 1123
 280000000. 4.25796E-6 320000000. 3.75134E-6 360000000. 3.14450E-6142810  5 1124
 400000000. 2.98221E-6 440000000. 2.59669E-6 480000000. 2.86018E-6142810  5 1125
 520000000. 3.58242E-6 560000000. 3.64923E-6 600000000. 4.38652E-6142810  5 1126
 640000000. 5.28400E-6 680000000. 4.68963E-6 720000000. 4.09528E-6142810  5 1127
 760000000. 3.09390E-6 800000000. 2.50180E-6 840000000. 2.74705E-6142810  5 1128
 880000000. 3.11086E-6 920000000. 4.30854E-6 960000000. 5.51660E-6142810  5 1129
 1.00000E+9 0.0                                                   142810  5 1130
 0.0        0.0             15027          0          1         34142810  5 1131
         34          1                                            142810  5 1132
 45000000.0 5.68862E-6 50000000.0 9.90723E-6 54000000.0 1.30646E-5142810  5 1133
 55000000.0 1.52549E-5 60000000.0 2.16955E-5 70000000.0 2.87192E-5142810  5 1134
 80000000.0 3.09714E-5 90000000.0 4.00688E-5 100000000. 5.23368E-5142810  5 1135
 120000000. 5.93124E-5 140000000. 6.37087E-5 160000000. 6.77565E-5142810  5 1136
 180000000. 6.51116E-5 200000000. 6.34209E-5 240000000. 6.48016E-5142810  5 1137
 280000000. 6.26450E-5 320000000. 6.76349E-5 360000000. 6.34785E-5142810  5 1138
 400000000. 5.21479E-5 440000000. 5.73056E-5 480000000. 5.68217E-5142810  5 1139
 520000000. 5.06198E-5 560000000. 4.88015E-5 600000000. 4.46294E-5142810  5 1140
 640000000. 4.41508E-5 680000000. 4.28931E-5 720000000. 4.14412E-5142810  5 1141
 760000000. 3.92248E-5 800000000. 3.81210E-5 840000000. 3.94230E-5142810  5 1142
 880000000. 3.97402E-5 920000000. 4.00346E-5 960000000. 3.67276E-5142810  5 1143
 1.00000E+9 0.0                                                   142810  5 1144
 0.0        0.0             15028          0          1         37142810  5 1145
         37          1                                            142810  5 1146
 30000000.0 .001822974 35000000.0 .002285874 40000000.0 .002328414142810  5 1147
 45000000.0 .002321784 50000000.0 .002270862 54000000.0 .002180369142810  5 1148
 55000000.0 .002056540 60000000.0 .001798942 70000000.0 .001665708142810  5 1149
 80000000.0 .001687406 90000000.0 .001631455 100000000. .001496912142810  5 1150
 120000000. .001333234 140000000. .001206526 160000000. .001109801142810  5 1151
 180000000. .001048116 200000000. 9.89135E-4 240000000. 8.85438E-4142810  5 1152
 280000000. 7.76577E-4 320000000. 6.85882E-4 360000000. 6.07850E-4142810  5 1153
 400000000. 5.44337E-4 440000000. 4.95703E-4 480000000. 4.53071E-4142810  5 1154
 520000000. 4.02416E-4 560000000. 3.59367E-4 600000000. 3.38773E-4142810  5 1155
 640000000. 3.29634E-4 680000000. 3.21193E-4 720000000. 3.06964E-4142810  5 1156
 760000000. 2.94689E-4 800000000. 2.90031E-4 840000000. 2.81277E-4142810  5 1157
 880000000. 2.71027E-4 920000000. 2.65403E-4 960000000. 2.60308E-4142810  5 1158
 1.00000E+9 0.0                                                   142810  5 1159
 0.0        0.0             15029          0          1         37142810  5 1160
         37          1                                            142810  5 1161
 30000000.0 .031594002 35000000.0 .023823797 40000000.0 .018207925142810  5 1162
 45000000.0 .014675980 50000000.0 .012519101 54000000.0 .011315639142810  5 1163
 55000000.0 .010157653 60000000.0 .008220186 70000000.0 .006596374142810  5 1164
 80000000.0 .005492344 90000000.0 .004630523 100000000. .003850778142810  5 1165
 120000000. .003200397 140000000. .002797837 160000000. .002509069142810  5 1166
 180000000. .002290573 200000000. .002094468 240000000. .001915710142810  5 1167
 280000000. .001847196 320000000. .001745743 360000000. .001525335142810  5 1168
 400000000. .001327840 440000000. .001168277 480000000. .001020492142810  5 1169
 520000000. 9.11621E-4 560000000. 8.18656E-4 600000000. 7.35002E-4142810  5 1170
 640000000. 6.70611E-4 680000000. 6.23091E-4 720000000. 5.84135E-4142810  5 1171
 760000000. 5.44994E-4 800000000. 5.09398E-4 840000000. 4.78418E-4142810  5 1172
 880000000. 4.55904E-4 920000000. 4.48515E-4 960000000. 4.41259E-4142810  5 1173
 1.00000E+9 0.0                                                   142810  5 1174
                                                                  142810  099999
                                                                  1428 0  0    0
                                                                     0 0  0    0
                                                                    -1 0  0    0
