 UK-HEIR-0.1 P-INDUCED RESIDUAL YEILD FILE DEC 2017               1431 0  0    0
 14030.0000 29.9740000         -1          0         99          11431 1451    1
 0.0        0.0                 0          0          0          61431 1451    2
 .998620000 1.00000E+9          1          0      10010          11431 1451    3
 0.0        0.0                 1          0         34          31431 1451    4
 14-Si- 30 UKAEA      EVAL-DEC17 M.J.FLEMING                      1431 1451    5
                      DIST-DEC17                                  1431 1451    6
----UK-HEIR-0.1       MATERIAL 1431                               1431 1451    7
-----PROTON-INDUCED RESIDUAL PRODUCT YIELDS                       1431 1451    8
------ENDF-6 FORMAT                                               1431 1451    9
******************************************************************1431 1451   10
**  Residual data obtained with the GEANT4 code, version 10.1   **1431 1451   11
**  utilising the INCL++/ABLA in-built physics models           **1431 1451   12
**  See http://geant4.cern.ch/ for more information             **1431 1451   13
**                                                              **1431 1451   14
**  Compiled as ENDF-6 file by Michael Fleming of UKAEA         **1431 1451   15
******************************************************************1431 1451   16
                                                                  1431 1451   17
 The authors and the United Kingdom Atomic Energy Authority       1431 1451   18
 cannot accept responsibility for loss occasioned to any          1431 1451   19
 person for the use of, or reliance upon, the information         1431 1451   20
 contained in the data or its completeness or accuracy.           1431 1451   21
                                                                  1431 1451   22
 References:                                                      1431 1451   23
 - A. Boudard, J. Cugnon, J.-C. David, S. Leray, D. Mancusi       1431 1451   24
     Phys. Rev. C 87 (2013) 014606                                1431 1451   25
     https://arxiv.org/abs/1210.3498                              1431 1451   26
 - A. Kelic, M. V. Ricciardi, K.-H. Schmidt                       1431 1451   27
     Joint ICTP-IAEA Advanced Workshop on Model Codes for         1431 1451   28
     Spallation Reactions INDC(NDC)-0530 (2008) 181               1431 1451   29
     https://arxiv.org/abs/0906.4193                              1431 1451   30
 - A. Heikkinen, P. Kaitaniemi, A. Boudard                        1431 1451   31
     J. Phys. Conf. Ser. 119, 032024 (2008)                       1431 1451   32
     http://dx.doi.org/10.1088/1742-6596/119/3/032024             1431 1451   33
                                                                  1431 1451   34
 ***************** Program GROUPIE (VERSION 2017-1)***************1431 1451   35
 Unshielded Group Averages Using   162 Groups                     1431 1451   36
 Weighting Spectrum: 1/E Spectrum                                 1431 1451   37
 **************** Program DICTIN (VERSION 2017-1) ****************1431 1451   38
                                1        451         41          01431 1451   39
                                3          5         16          11431 1451   40
                               10          5       1240          11431 1451   41
                                                                  1431 1  099999
                                                                  1431 0  0    0
 14030.0000 29.9740000          0          0          0          01431 3  5    1
 0.0        0.0                 0          0          1         371431 3  5    2
         37          1                                            1431 3  5    3
 30000000.0 2.11588996 35000000.0 2.07109217 40000000.0 1.984218501431 3  5    4
 45000000.0 1.94308237 50000000.0 1.91900144 54000000.0 1.878825991431 3  5    5
 55000000.0 1.82565685 60000000.0 1.80249905 70000000.0 1.828699941431 3  5    6
 80000000.0 1.83212743 90000000.0 1.82878076 100000000. 1.853431301431 3  5    7
 120000000. 1.92888277 140000000. 2.01006351 160000000. 2.077130801431 3  5    8
 180000000. 2.12806466 200000000. 2.19040612 240000000. 2.256265821431 3  5    9
 280000000. 2.30624812 320000000. 2.38139524 360000000. 2.480665981431 3  5   10
 400000000. 2.59527401 440000000. 2.71914592 480000000. 2.843276981431 3  5   11
 520000000. 2.96663923 560000000. 3.08756875 600000000. 3.193153631431 3  5   12
 640000000. 3.28167262 680000000. 3.36050278 720000000. 3.423908061431 3  5   13
 760000000. 3.47752133 800000000. 3.52716420 840000000. 3.571979821431 3  5   14
 880000000. 3.61464665 920000000. 3.65257800 960000000. 3.687231281431 3  5   15
 1.00000E+9 0.0                                                   1431 3  5   16
                                                                  1431 3  099999
                                                                  1431 0  0    0
 14030.0000 29.9740000          0          0        107          0143110  5    1
 0.0        0.0                 1          0          1         37143110  5    2
         37          1                                            143110  5    3
 30000000.0 .690684278 35000000.0 .699359060 40000000.0 .679294170143110  5    4
 45000000.0 .669018723 50000000.0 .663713829 54000000.0 .651817707143110  5    5
 55000000.0 .635384596 60000000.0 .632518241 70000000.0 .645141985143110  5    6
 80000000.0 .646161561 90000000.0 .645705977 100000000. .657273681143110  5    7
 120000000. .688233879 140000000. .720802512 160000000. .748027021143110  5    8
 180000000. .769226034 200000000. .795386949 240000000. .824004725143110  5    9
 280000000. .847624526 320000000. .881468457 360000000. .925570040143110  5   10
 400000000. .976673072 440000000. 1.03214037 480000000. 1.08813051143110  5   11
 520000000. 1.14360728 560000000. 1.19853783 600000000. 1.24756553143110  5   12
 640000000. 1.28924945 680000000. 1.32702949 720000000. 1.35852790143110  5   13
 760000000. 1.38563417 800000000. 1.41090486 840000000. 1.43366433143110  5   14
 880000000. 1.45527184 920000000. 1.47513403 960000000. 1.49328979143110  5   15
 1.00000E+9 0.0                                                   143110  5   16
 0.0        0.0              1001          0          1         37143110  5   17
         37          1                                            143110  5   18
 30000000.0 .615470008 35000000.0 .607599540 40000000.0 .589634105143110  5   19
 45000000.0 .584025376 50000000.0 .580815426 54000000.0 .570087370143110  5   20
 55000000.0 .554434736 60000000.0 .547829964 70000000.0 .559751878143110  5   21
 80000000.0 .568303655 90000000.0 .573512791 100000000. .588617226143110  5   22
 120000000. .621256688 140000000. .654972933 160000000. .683842106143110  5   23
 180000000. .707201279 200000000. .736934983 240000000. .769943867143110  5   24
 280000000. .796043853 320000000. .829403373 360000000. .869802360143110  5   25
 400000000. .913715176 440000000. .959721426 480000000. 1.00537827143110  5   26
 520000000. 1.05052212 560000000. 1.09420682 600000000. 1.13241715143110  5   27
 640000000. 1.16444845 680000000. 1.19262473 720000000. 1.21585944143110  5   28
 760000000. 1.23551793 800000000. 1.25343251 840000000. 1.27003565143110  5   29
 880000000. 1.28599333 920000000. 1.29985602 960000000. 1.31255578143110  5   30
 1.00000E+9 0.0                                                   143110  5   31
 0.0        0.0              1002          0          1         37143110  5   32
         37          1                                            143110  5   33
 30000000.0 .023722802 35000000.0 .027915752 40000000.0 .031180660143110  5   34
 45000000.0 .034586939 50000000.0 .037318041 54000000.0 .038177156143110  5   35
 55000000.0 .038821677 60000000.0 .041266972 70000000.0 .046416293143110  5   36
 80000000.0 .052162425 90000000.0 .056340891 100000000. .061210810143110  5   37
 120000000. .067742971 140000000. .073546888 160000000. .078098454143110  5   38
 180000000. .081405650 200000000. .084918939 240000000. .087930433143110  5   39
 280000000. .089222518 320000000. .091041036 360000000. .093866225143110  5   40
 400000000. .097849691 440000000. .102773605 480000000. .107752119143110  5   41
 520000000. .112724063 560000000. .117459417 600000000. .121218598143110  5   42
 640000000. .124319087 680000000. .127118378 720000000. .128989188143110  5   43
 760000000. .130418289 800000000. .131998536 840000000. .133306046143110  5   44
 880000000. .134370888 920000000. .135431418 960000000. .136441564143110  5   45
 1.00000E+9 0.0                                                   143110  5   46
 0.0        0.0              1003          0          1         37143110  5   47
         37          1                                            143110  5   48
 30000000.0 .001329649 35000000.0 .001885180 40000000.0 .002400915143110  5   49
 45000000.0 .003028043 50000000.0 .003533754 54000000.0 .003739428143110  5   50
 55000000.0 .003988957 60000000.0 .004649824 70000000.0 .005616371143110  5   51
 80000000.0 .006518738 90000000.0 .007169411 100000000. .007858230143110  5   52
 120000000. .008768597 140000000. .009460118 160000000. .009984756143110  5   53
 180000000. .010289298 200000000. .010464867 240000000. .010647282143110  5   54
 280000000. .010693643 320000000. .010861429 360000000. .011195910143110  5   55
 400000000. .011672172 440000000. .012173201 480000000. .012751305143110  5   56
 520000000. .013449233 560000000. .014008562 600000000. .014420354143110  5   57
 640000000. .014796222 680000000. .015140895 720000000. .015411585143110  5   58
 760000000. .015595795 800000000. .015785626 840000000. .015984791143110  5   59
 880000000. .016150948 920000000. .016269688 960000000. .016468939143110  5   60
 1.00000E+9 0.0                                                   143110  5   61
 0.0        0.0              2003          0          1         37143110  5   62
         37          1                                            143110  5   63
 30000000.0 7.39041E-4 35000000.0 .001266078 40000000.0 .001805115143110  5   64
 45000000.0 .002410380 50000000.0 .002955809 54000000.0 .003223842143110  5   65
 55000000.0 .003477185 60000000.0 .004283660 70000000.0 .005425420143110  5   66
 80000000.0 .006410968 90000000.0 .007219831 100000000. .008058888143110  5   67
 120000000. .008997313 140000000. .009671192 160000000. .010148678143110  5   68
 180000000. .010398421 200000000. .010612925 240000000. .010721518143110  5   69
 280000000. .010671887 320000000. .010781784 360000000. .010868122143110  5   70
 400000000. .011064649 440000000. .011432795 480000000. .011935238143110  5   71
 520000000. .012308901 560000000. .012636735 600000000. .013043225143110  5   72
 640000000. .013344131 680000000. .013548352 720000000. .013680423143110  5   73
 760000000. .013867444 800000000. .014071845 840000000. .014163419143110  5   74
 880000000. .014193356 920000000. .014268106 960000000. .014351810143110  5   75
 1.00000E+9 0.0                                                   143110  5   76
 0.0        0.0              2004          0          1         37143110  5   77
         37          1                                            143110  5   78
 30000000.0 .070776449 35000000.0 .069891459 40000000.0 .069374881143110  5   79
 45000000.0 .072313523 50000000.0 .076366603 54000000.0 .077694792143110  5   80
 55000000.0 .079233280 60000000.0 .089247972 70000000.0 .098607705143110  5   81
 80000000.0 .099315207 90000000.0 .100015120 100000000. .102979204143110  5   82
 120000000. .109426776 140000000. .115882815 160000000. .121161524143110  5   83
 180000000. .125045596 200000000. .129097393 240000000. .133088668143110  5   84
 280000000. .136495942 320000000. .142009744 360000000. .149540998143110  5   85
 400000000. .158775190 440000000. .168536487 480000000. .177898240143110  5   86
 520000000. .187231954 560000000. .196413547 600000000. .204234184143110  5   87
 640000000. .210960699 680000000. .216915709 720000000. .221367925143110  5   88
 760000000. .225327347 800000000. .229036665 840000000. .232322246143110  5   89
 880000000. .235672369 920000000. .238561630 960000000. .241254693143110  5   90
 1.00000E+9 0.0                                                   143110  5   91
 0.0        0.0              2005          0          1         17143110  5   92
         17          1                                            143110  5   93
 360000000. 2.32078E-6 400000000. 2.79873E-6 440000000. 3.27661E-6143110  5   94
 480000000. 3.75444E-6 520000000. 3.13902E-6 560000000. 2.96209E-6143110  5   95
 600000000. 5.30874E-6 640000000. 7.00824E-6 680000000. 8.00506E-6143110  5   96
 720000000. 9.93931E-6 760000000. 9.27839E-6 800000000. 9.51970E-6143110  5   97
 840000000. 1.24175E-5 880000000. 1.17423E-5 920000000. 1.17351E-5143110  5   98
 960000000. 1.31971E-5 1.00000E+9 0.0                             143110  5   99
 0.0        0.0              2006          0          1         30143110  5  100
         30          1                                            143110  5  101
 60000000.0 3.82206E-6 70000000.0 8.27549E-6 80000000.0 1.65928E-5143110  5  102
 90000000.0 3.07963E-5 100000000. 6.31240E-5 120000000. 1.09918E-4143110  5  103
 140000000. 1.44279E-4 160000000. 1.76600E-4 180000000. 1.96778E-4143110  5  104
 200000000. 2.08881E-4 240000000. 2.17889E-4 280000000. 2.07923E-4143110  5  105
 320000000. 2.08688E-4 360000000. 2.15450E-4 400000000. 2.24245E-4143110  5  106
 440000000. 2.34562E-4 480000000. 2.48231E-4 520000000. 2.61176E-4143110  5  107
 560000000. 2.65843E-4 600000000. 2.70272E-4 640000000. 2.81927E-4143110  5  108
 680000000. 2.93329E-4 720000000. 3.02363E-4 760000000. 3.21411E-4143110  5  109
 800000000. 3.25363E-4 840000000. 3.09215E-4 880000000. 3.09281E-4143110  5  110
 920000000. 3.05961E-4 960000000. 2.99630E-4 1.00000E+9 0.0       143110  5  111
 0.0        0.0              2008          0          1         23143110  5  112
         23          1                                            143110  5  113
 160000000. 9.69233E-6 180000000. 1.77092E-5 200000000. 2.56163E-5143110  5  114
 240000000. 3.32031E-5 280000000. 3.46888E-5 320000000. 3.17947E-5143110  5  115
 360000000. 3.16723E-5 400000000. 3.19252E-5 440000000. 2.81528E-5143110  5  116
 480000000. 2.72815E-5 520000000. 3.35870E-5 560000000. 4.03486E-5143110  5  117
 600000000. 4.11681E-5 640000000. 3.94786E-5 680000000. 4.00537E-5143110  5  118
 720000000. 4.23741E-5 760000000. 4.37280E-5 800000000. 4.40809E-5143110  5  119
 840000000. 4.34954E-5 880000000. 4.02314E-5 920000000. 4.26442E-5143110  5  120
 960000000. 4.46374E-5 1.00000E+9 0.0                             143110  5  121
 0.0        0.0              3006          0          1         30143110  5  122
         30          1                                            143110  5  123
 60000000.0 7.10179E-6 70000000.0 2.31090E-5 80000000.0 5.37294E-5143110  5  124
 90000000.0 8.94704E-5 100000000. 1.41246E-4 120000000. 2.01256E-4143110  5  125
 140000000. 2.42140E-4 160000000. 2.80294E-4 180000000. 3.11340E-4143110  5  126
 200000000. 3.31552E-4 240000000. 3.53753E-4 280000000. 3.96164E-4143110  5  127
 320000000. 4.82949E-4 360000000. 6.09273E-4 400000000. 7.50692E-4143110  5  128
 440000000. 9.08985E-4 480000000. .001080762 520000000. .001283795143110  5  129
 560000000. .001520680 600000000. .001738841 640000000. .001946891143110  5  130
 680000000. .002168388 720000000. .002364538 760000000. .002591630143110  5  131
 800000000. .002813559 840000000. .003023333 880000000. .003217883143110  5  132
 920000000. .003342912 960000000. .003531334 1.00000E+9 0.0       143110  5  133
 0.0        0.0              3007          0          1         29143110  5  134
         29          1                                            143110  5  135
 70000000.0 4.38053E-6 80000000.0 8.29639E-6 90000000.0 1.62450E-5143110  5  136
 100000000. 3.92182E-5 120000000. 7.89909E-5 140000000. 1.21115E-4143110  5  137
 160000000. 1.53417E-4 180000000. 1.70790E-4 200000000. 1.86220E-4143110  5  138
 240000000. 2.18627E-4 280000000. 2.47900E-4 320000000. 2.79613E-4143110  5  139
 360000000. 3.31401E-4 400000000. 3.87086E-4 440000000. 4.58516E-4143110  5  140
 480000000. 5.66456E-4 520000000. 6.91516E-4 560000000. 7.98333E-4143110  5  141
 600000000. 8.78660E-4 640000000. 9.80620E-4 680000000. .001105428143110  5  142
 720000000. .001189539 760000000. .001269017 800000000. .001372371143110  5  143
 840000000. .001441277 880000000. .001503009 920000000. .001598599143110  5  144
 960000000. .001665186 1.00000E+9 0.0                             143110  5  145
 0.0        0.0              3008          0          1         25143110  5  146
         25          1                                            143110  5  147
 120000000. 1.38045E-5 140000000. 3.85175E-5 160000000. 7.19312E-5143110  5  148
 180000000. 1.00547E-4 200000000. 1.29256E-4 240000000. 1.32884E-4143110  5  149
 280000000. 1.17422E-4 320000000. 1.12238E-4 360000000. 1.04732E-4143110  5  150
 400000000. 1.09745E-4 440000000. 1.15359E-4 480000000. 1.15318E-4143110  5  151
 520000000. 1.26307E-4 560000000. 1.42025E-4 600000000. 1.36259E-4143110  5  152
 640000000. 1.36361E-4 680000000. 1.46105E-4 720000000. 1.36915E-4143110  5  153
 760000000. 1.39430E-4 800000000. 1.42314E-4 840000000. 1.47824E-4143110  5  154
 880000000. 1.58256E-4 920000000. 1.58215E-4 960000000. 1.60490E-4143110  5  155
 1.00000E+9 0.0                                                   143110  5  156
 0.0        0.0              4007          0          1         28143110  5  157
         28          1                                            143110  5  158
 80000000.0 4.45232E-6 90000000.0 1.27205E-5 100000000. 3.47928E-5143110  5  159
 120000000. 7.28502E-5 140000000. 1.16197E-4 160000000. 1.38140E-4143110  5  160
 180000000. 1.43259E-4 200000000. 1.57767E-4 240000000. 1.73279E-4143110  5  161
 280000000. 1.76582E-4 320000000. 1.86744E-4 360000000. 2.16957E-4143110  5  162
 400000000. 2.46123E-4 440000000. 2.83333E-4 480000000. 3.35970E-4143110  5  163
 520000000. 3.89003E-4 560000000. 4.44976E-4 600000000. 5.02048E-4143110  5  164
 640000000. 5.44710E-4 680000000. 5.92851E-4 720000000. 6.39548E-4143110  5  165
 760000000. 6.86260E-4 800000000. 7.52384E-4 840000000. 8.09303E-4143110  5  166
 880000000. 8.43169E-4 920000000. 8.73646E-4 960000000. 9.28986E-4143110  5  167
 1.00000E+9 0.0                                                   143110  5  168
 0.0        0.0              4008          0          1         25143110  5  169
         25          1                                            143110  5  170
 120000000. 3.97178E-5 140000000. 9.07872E-5 160000000. 1.41081E-4143110  5  171
 180000000. 2.04149E-4 200000000. 3.36449E-4 240000000. 5.10709E-4143110  5  172
 280000000. 7.05811E-4 320000000. 9.75594E-4 360000000. .001340524143110  5  173
 400000000. .001702199 440000000. .002073697 480000000. .002539480143110  5  174
 520000000. .002993284 560000000. .003496787 600000000. .004015872143110  5  175
 640000000. .004400750 680000000. .004841846 720000000. .005271697143110  5  176
 760000000. .005593533 800000000. .005927876 840000000. .006245750143110  5  177
 880000000. .006555302 920000000. .006859295 960000000. .007180226143110  5  178
 1.00000E+9 0.0                                                   143110  5  179
 0.0        0.0              4009          0          1         24143110  5  180
         24          1                                            143110  5  181
 140000000. 7.58450E-6 160000000. 1.64597E-5 180000000. 2.68026E-5143110  5  182
 200000000. 4.06432E-5 240000000. 7.17780E-5 280000000. 1.11153E-4143110  5  183
 320000000. 1.56197E-4 360000000. 2.12827E-4 400000000. 2.82727E-4143110  5  184
 440000000. 3.75145E-4 480000000. 4.64679E-4 520000000. 5.42621E-4143110  5  185
 560000000. 6.37344E-4 600000000. 7.12031E-4 640000000. 7.93741E-4143110  5  186
 680000000. 9.02132E-4 720000000. 9.91475E-4 760000000. .001063609143110  5  187
 800000000. .001108763 840000000. .001168764 880000000. .001249771143110  5  188
 920000000. .001303239 960000000. .001364141 1.00000E+9 0.0       143110  5  189
 0.0        0.0              4010          0          1         23143110  5  190
         23          1                                            143110  5  191
 160000000. 2.64924E-6 180000000. 2.85150E-6 200000000. 3.97736E-6143110  5  192
 240000000. 8.47486E-6 280000000. 1.20313E-5 320000000. 1.40920E-5143110  5  193
 360000000. 1.98884E-5 400000000. 2.57336E-5 440000000. 3.24323E-5143110  5  194
 480000000. 4.28922E-5 520000000. 5.37432E-5 560000000. 6.51908E-5143110  5  195
 600000000. 7.58150E-5 640000000. 8.71020E-5 680000000. 9.47164E-5143110  5  196
 720000000. 9.75527E-5 760000000. 1.08770E-4 800000000. 1.17729E-4143110  5  197
 840000000. 1.24910E-4 880000000. 1.38581E-4 920000000. 1.49316E-4143110  5  198
 960000000. 1.49969E-4 1.00000E+9 0.0                             143110  5  199
 0.0        0.0              4011          0          1         15143110  5  200
         15          1                                            143110  5  201
 440000000. 3.24725E-6 480000000. 3.73851E-6 520000000. 3.81023E-6143110  5  202
 560000000. 3.19198E-6 600000000. 3.69677E-6 640000000. 5.36722E-6143110  5  203
 680000000. 6.12884E-6 720000000. 4.97838E-6 760000000. 5.22105E-6143110  5  204
 800000000. 6.19624E-6 840000000. 7.63606E-6 880000000. 9.57359E-6143110  5  205
 920000000. 1.00680E-5 960000000. 1.05532E-5 1.00000E+9 0.0       143110  5  206
 0.0        0.0              5008          0          1         25143110  5  207
         25          1                                            143110  5  208
 120000000. 1.65357E-5 140000000. 4.94077E-5 160000000. 9.47914E-5143110  5  209
 180000000. 1.38241E-4 200000000. 1.55685E-4 240000000. 1.47790E-4143110  5  210
 280000000. 1.29624E-4 320000000. 1.04414E-4 360000000. 9.98168E-5143110  5  211
 400000000. 1.00900E-4 440000000. 9.35090E-5 480000000. 8.82696E-5143110  5  212
 520000000. 8.95905E-5 560000000. 9.87087E-5 600000000. 9.73836E-5143110  5  213
 640000000. 9.48199E-5 680000000. 9.52173E-5 720000000. 8.81130E-5143110  5  214
 760000000. 9.40416E-5 800000000. 9.53767E-5 840000000. 9.64706E-5143110  5  215
 880000000. 1.01536E-4 920000000. 9.66181E-5 960000000. 9.42931E-5143110  5  216
 1.00000E+9 0.0                                                   143110  5  217
 0.0        0.0              5009          0          1         24143110  5  218
         24          1                                            143110  5  219
 140000000. 2.96579E-6 160000000. 4.02534E-6 180000000. 9.21999E-6143110  5  220
 200000000. 1.94515E-5 240000000. 3.14300E-5 280000000. 4.82687E-5143110  5  221
 320000000. 6.67661E-5 360000000. 8.83783E-5 400000000. 1.20107E-4143110  5  222
 440000000. 1.63877E-4 480000000. 2.07256E-4 520000000. 2.34719E-4143110  5  223
 560000000. 2.66248E-4 600000000. 3.19586E-4 640000000. 3.81805E-4143110  5  224
 680000000. 4.23567E-4 720000000. 4.47967E-4 760000000. 4.80573E-4143110  5  225
 800000000. 5.27215E-4 840000000. 5.55954E-4 880000000. 6.05412E-4143110  5  226
 920000000. 6.44668E-4 960000000. 6.61290E-4 1.00000E+9 0.0       143110  5  227
 0.0        0.0              5010          0          1         27143110  5  228
         27          1                                            143110  5  229
 90000000.0 5.20323E-6 100000000. 8.88550E-6 120000000. 2.19986E-5143110  5  230
 140000000. 6.64070E-5 160000000. 1.35945E-4 180000000. 2.08665E-4143110  5  231
 200000000. 3.15820E-4 240000000. 4.53539E-4 280000000. 6.22132E-4143110  5  232
 320000000. 8.57109E-4 360000000. .001146839 400000000. .001454048143110  5  233
 440000000. .001781003 480000000. .002134428 520000000. .002469071143110  5  234
 560000000. .002840072 600000000. .003244921 640000000. .003654316143110  5  235
 680000000. .003997896 720000000. .004213995 760000000. .004483553143110  5  236
 800000000. .004723529 840000000. .004934557 880000000. .005228960143110  5  237
 920000000. .005473811 960000000. .005653736 1.00000E+9 0.0       143110  5  238
 0.0        0.0              5011          0          1         27143110  5  239
         27          1                                            143110  5  240
 90000000.0 5.46060E-6 100000000. 1.00820E-5 120000000. 3.47083E-5143110  5  241
 140000000. 8.81044E-5 160000000. 1.49064E-4 180000000. 2.03587E-4143110  5  242
 200000000. 2.84448E-4 240000000. 4.13053E-4 280000000. 5.66514E-4143110  5  243
 320000000. 7.17211E-4 360000000. 9.02062E-4 400000000. .001137792143110  5  244
 440000000. .001369141 480000000. .001630044 520000000. .001874350143110  5  245
 560000000. .002113860 600000000. .002387491 640000000. .002598747143110  5  246
 680000000. .002776164 720000000. .002956762 760000000. .003130562143110  5  247
 800000000. .003272500 840000000. .003377764 880000000. .003524827143110  5  248
 920000000. .003686001 960000000. .003771650 1.00000E+9 0.0       143110  5  249
 0.0        0.0              5012          0          1         24143110  5  250
         24          1                                            143110  5  251
 140000000. 5.89381E-6 160000000. 7.66738E-6 180000000. 1.05085E-5143110  5  252
 200000000. 1.88505E-5 240000000. 2.97532E-5 280000000. 3.83177E-5143110  5  253
 320000000. 4.72545E-5 360000000. 6.32549E-5 400000000. 7.93253E-5143110  5  254
 440000000. 9.81735E-5 480000000. 1.10055E-4 520000000. 1.24050E-4143110  5  255
 560000000. 1.60458E-4 600000000. 1.89560E-4 640000000. 1.93215E-4143110  5  256
 680000000. 1.99972E-4 720000000. 2.19463E-4 760000000. 2.35908E-4143110  5  257
 800000000. 2.49008E-4 840000000. 2.67273E-4 880000000. 2.88923E-4143110  5  258
 920000000. 2.95116E-4 960000000. 2.95080E-4 1.00000E+9 0.0       143110  5  259
 0.0        0.0              5013          0          1         20143110  5  260
         20          1                                            143110  5  261
 240000000. 3.52805E-6 280000000. 4.36129E-6 320000000. 4.97217E-6143110  5  262
 360000000. 7.11828E-6 400000000. 1.06237E-5 440000000. 1.10480E-5143110  5  263
 480000000. 1.18725E-5 520000000. 1.50066E-5 560000000. 1.70954E-5143110  5  264
 600000000. 1.75794E-5 640000000. 2.00717E-5 680000000. 2.37985E-5143110  5  265
 720000000. 2.55625E-5 760000000. 2.54399E-5 800000000. 2.57219E-5143110  5  266
 840000000. 2.89042E-5 880000000. 3.18283E-5 920000000. 3.33260E-5143110  5  267
 960000000. 3.40596E-5 1.00000E+9 0.0                             143110  5  268
 0.0        0.0              5014          0          1         10143110  5  269
         10          1                                            143110  5  270
 640000000. 2.56851E-6 680000000. 3.06151E-6 720000000. 3.07957E-6143110  5  271
 760000000. 2.61461E-6 800000000. 2.38243E-6 840000000. 2.38693E-6143110  5  272
 880000000. 2.39143E-6 920000000. 2.39593E-6 960000000. 2.39820E-6143110  5  273
 1.00000E+9 0.0                                                   143110  5  274
 0.0        0.0              6010          0          1         17143110  5  275
         17          1                                            143110  5  276
 360000000. 2.52256E-6 400000000. 4.24003E-6 440000000. 6.49182E-6143110  5  277
 480000000. 8.35535E-6 520000000. 1.11967E-5 560000000. 1.41306E-5143110  5  278
 600000000. 1.57246E-5 640000000. 1.63482E-5 680000000. 1.86062E-5143110  5  279
 720000000. 2.08326E-5 760000000. 2.30405E-5 800000000. 2.52550E-5143110  5  280
 840000000. 2.65184E-5 880000000. 2.72908E-5 920000000. 2.80457E-5143110  5  281
 960000000. 2.95028E-5 1.00000E+9 0.0                             143110  5  282
 0.0        0.0              6011          0          1         25143110  5  283
         25          1                                            143110  5  284
 120000000. 1.04225E-5 140000000. 2.47184E-5 160000000. 4.14538E-5143110  5  285
 180000000. 5.99675E-5 200000000. 9.19029E-5 240000000. 1.39811E-4143110  5  286
 280000000. 1.91972E-4 320000000. 2.42697E-4 360000000. 3.22212E-4143110  5  287
 400000000. 4.23586E-4 440000000. 5.11732E-4 480000000. 6.05934E-4143110  5  288
 520000000. 7.10787E-4 560000000. 8.03606E-4 600000000. 9.23443E-4143110  5  289
 640000000. .001031760 680000000. .001093785 720000000. .001160248143110  5  290
 760000000. .001223498 800000000. .001279880 840000000. .001334191143110  5  291
 880000000. .001393757 920000000. .001431518 960000000. .001486255143110  5  292
 1.00000E+9 0.0                                                   143110  5  293
 0.0        0.0              6012          0          1         28143110  5  294
         28          1                                            143110  5  295
 80000000.0 7.56096E-6 90000000.0 3.25790E-5 100000000. 1.36273E-4143110  5  296
 120000000. 3.04224E-4 140000000. 5.00505E-4 160000000. 7.53198E-4143110  5  297
 180000000. .001051225 200000000. .001498359 240000000. .002082304143110  5  298
 280000000. .002626587 320000000. .003221647 360000000. .003932569143110  5  299
 400000000. .004761484 440000000. .005623156 480000000. .006467367143110  5  300
 520000000. .007384616 560000000. .008260573 600000000. .008985692143110  5  301
 640000000. .009660777 680000000. .010297314 720000000. .010819837143110  5  302
 760000000. .011324735 800000000. .011717471 840000000. .011989372143110  5  303
 880000000. .012331044 920000000. .012646659 960000000. .012985496143110  5  304
 1.00000E+9 0.0                                                   143110  5  305
 0.0        0.0              6013          0          1         27143110  5  306
         27          1                                            143110  5  307
 90000000.0 1.18889E-5 100000000. 2.87602E-5 120000000. 6.78503E-5143110  5  308
 140000000. 1.29922E-4 160000000. 2.17646E-4 180000000. 3.05278E-4143110  5  309
 200000000. 4.62726E-4 240000000. 6.60003E-4 280000000. 8.37101E-4143110  5  310
 320000000. .001062556 360000000. .001291725 400000000. .001569465143110  5  311
 440000000. .001869564 480000000. .002152111 520000000. .002505174143110  5  312
 560000000. .002795036 600000000. .003006423 640000000. .003283146143110  5  313
 680000000. .003513035 720000000. .003676055 760000000. .003843625143110  5  314
 800000000. .004002747 840000000. .004112973 880000000. .004254711143110  5  315
 920000000. .004347652 960000000. .004379681 1.00000E+9 0.0       143110  5  316
 0.0        0.0              6014          0          1         27143110  5  317
         27          1                                            143110  5  318
 90000000.0 3.26724E-6 100000000. 5.89545E-6 120000000. 1.30259E-5143110  5  319
 140000000. 2.82510E-5 160000000. 4.49294E-5 180000000. 5.72637E-5143110  5  320
 200000000. 7.88564E-5 240000000. 1.08704E-4 280000000. 1.39371E-4143110  5  321
 320000000. 1.69299E-4 360000000. 2.10521E-4 400000000. 2.64963E-4143110  5  322
 440000000. 3.14716E-4 480000000. 3.63056E-4 520000000. 4.04939E-4143110  5  323
 560000000. 4.53640E-4 600000000. 5.14745E-4 640000000. 5.59431E-4143110  5  324
 680000000. 5.86612E-4 720000000. 6.24073E-4 760000000. 6.40210E-4143110  5  325
 800000000. 6.49055E-4 840000000. 6.97924E-4 880000000. 7.40685E-4143110  5  326
 920000000. 7.51296E-4 960000000. 7.58331E-4 1.00000E+9 0.0       143110  5  327
 0.0        0.0              6015          0          1         24143110  5  328
         24          1                                            143110  5  329
 140000000. 3.39089E-6 160000000. 4.33598E-6 180000000. 5.37866E-6143110  5  330
 200000000. 1.02052E-5 240000000. 1.30474E-5 280000000. 1.22122E-5143110  5  331
 320000000. 1.65654E-5 360000000. 2.57385E-5 400000000. 3.23409E-5143110  5  332
 440000000. 3.71955E-5 480000000. 4.11611E-5 520000000. 4.76890E-5143110  5  333
 560000000. 5.29014E-5 600000000. 5.59261E-5 640000000. 6.02753E-5143110  5  334
 680000000. 6.26555E-5 720000000. 6.93614E-5 760000000. 7.55461E-5143110  5  335
 800000000. 7.67483E-5 840000000. 7.92961E-5 880000000. 7.87987E-5143110  5  336
 920000000. 7.93136E-5 960000000. 8.49285E-5 1.00000E+9 0.0       143110  5  337
 0.0        0.0              6016          0          1         19143110  5  338
         19          1                                            143110  5  339
 280000000. 2.38763E-6 320000000. 3.01730E-6 360000000. 3.46692E-6143110  5  340
 400000000. 3.72979E-6 440000000. 3.68004E-6 480000000. 3.74058E-6143110  5  341
 520000000. 4.03196E-6 560000000. 5.46822E-6 600000000. 6.01651E-6143110  5  342
 640000000. 6.30157E-6 680000000. 7.07126E-6 720000000. 7.80631E-6143110  5  343
 760000000. 7.61353E-6 800000000. 8.08966E-6 840000000. 8.37298E-6143110  5  344
 880000000. 8.60636E-6 920000000. 9.11877E-6 960000000. 6.00871E-6143110  5  345
 1.00000E+9 0.0                                                   143110  5  346
 0.0        0.0              7012          0          1         20143110  5  347
         20          1                                            143110  5  348
 240000000. 2.29824E-6 280000000. 3.50025E-6 320000000. 4.56941E-6143110  5  349
 360000000. 7.10333E-6 400000000. 1.14779E-5 440000000. 1.23407E-5143110  5  350
 480000000. 1.60450E-5 520000000. 1.85999E-5 560000000. 1.93715E-5143110  5  351
 600000000. 2.35782E-5 640000000. 2.89465E-5 680000000. 3.08807E-5143110  5  352
 720000000. 2.95934E-5 760000000. 3.34862E-5 800000000. 3.38575E-5143110  5  353
 840000000. 3.41483E-5 880000000. 4.30546E-5 920000000. 4.36677E-5143110  5  354
 960000000. 4.19601E-5 1.00000E+9 0.0                             143110  5  355
 0.0        0.0              7013          0          1         26143110  5  356
         26          1                                            143110  5  357
 100000000. 5.05803E-6 120000000. 1.15469E-5 140000000. 3.13298E-5143110  5  358
 160000000. 5.86303E-5 180000000. 8.87731E-5 200000000. 1.40958E-4143110  5  359
 240000000. 1.93846E-4 280000000. 2.47971E-4 320000000. 3.18339E-4143110  5  360
 360000000. 3.92288E-4 400000000. 5.00017E-4 440000000. 5.96234E-4143110  5  361
 480000000. 6.84239E-4 520000000. 7.97712E-4 560000000. 8.85921E-4143110  5  362
 600000000. 9.67346E-4 640000000. .001082211 680000000. .001178388143110  5  363
 720000000. .001249605 760000000. .001301632 800000000. .001333702143110  5  364
 840000000. .001381022 880000000. .001426285 920000000. .001446962143110  5  365
 960000000. .001466256 1.00000E+9 0.0                             143110  5  366
 0.0        0.0              7014          0          1         29143110  5  367
         29          1                                            143110  5  368
 70000000.0 1.75146E-5 80000000.0 3.99672E-5 90000000.0 5.76004E-5143110  5  369
 100000000. 1.11077E-4 120000000. 2.70840E-4 140000000. 5.31853E-4143110  5  370
 160000000. 8.11781E-4 180000000. .001039273 200000000. .001376108143110  5  371
 240000000. .001840602 280000000. .002322335 320000000. .002884826143110  5  372
 360000000. .003476242 400000000. .004068956 440000000. .004713484143110  5  373
 480000000. .005394238 520000000. .006015917 560000000. .006663088143110  5  374
 600000000. .007202666 640000000. .007612076 680000000. .008044377143110  5  375
 720000000. .008455961 760000000. .008799313 800000000. .008957354143110  5  376
 840000000. .009155939 880000000. .009434839 920000000. .009624881143110  5  377
 960000000. .009747710 1.00000E+9 0.0                             143110  5  378
 0.0        0.0              7015          0          1         32143110  5  379
         32          1                                            143110  5  380
 54000000.0 2.94013E-6 55000000.0 9.31257E-6 60000000.0 3.30550E-5143110  5  381
 70000000.0 5.07190E-5 80000000.0 4.87560E-5 90000000.0 6.21523E-5143110  5  382
 100000000. 1.84169E-4 120000000. 4.45500E-4 140000000. 6.99107E-4143110  5  383
 160000000. 9.14121E-4 180000000. .001164188 200000000. .001515970143110  5  384
 240000000. .001951294 280000000. .002309312 320000000. .002722315143110  5  385
 360000000. .003176733 400000000. .003633294 440000000. .004184881143110  5  386
 480000000. .004666543 520000000. .005136789 560000000. .005605112143110  5  387
 600000000. .005980356 640000000. .006318665 680000000. .006636612143110  5  388
 720000000. .006853315 760000000. .007005849 800000000. .007192744143110  5  389
 840000000. .007348315 880000000. .007482768 920000000. .007581957143110  5  390
 960000000. .007601158 1.00000E+9 0.0                             143110  5  391
 0.0        0.0              7016          0          1         27143110  5  392
         27          1                                            143110  5  393
 90000000.0 9.49866E-6 100000000. 2.39237E-5 120000000. 4.84352E-5143110  5  394
 140000000. 7.74515E-5 160000000. 1.13909E-4 180000000. 1.46733E-4143110  5  395
 200000000. 1.96717E-4 240000000. 2.56649E-4 280000000. 3.09039E-4143110  5  396
 320000000. 3.77099E-4 360000000. 4.44827E-4 400000000. 5.08586E-4143110  5  397
 440000000. 5.76270E-4 480000000. 6.48702E-4 520000000. 7.16695E-4143110  5  398
 560000000. 7.89460E-4 600000000. 8.79718E-4 640000000. 9.49779E-4143110  5  399
 680000000. 9.63709E-4 720000000. 9.84494E-4 760000000. .001024290143110  5  400
 800000000. .001034572 840000000. .001059186 880000000. .001082434143110  5  401
 920000000. .001082069 960000000. .001124290 1.00000E+9 0.0       143110  5  402
 0.0        0.0              7017          0          1         26143110  5  403
         26          1                                            143110  5  404
 100000000. 3.40035E-6 120000000. 4.85148E-6 140000000. 9.06738E-6143110  5  405
 160000000. 1.67014E-5 180000000. 2.05564E-5 200000000. 2.67926E-5143110  5  406
 240000000. 3.69886E-5 280000000. 4.62983E-5 320000000. 5.68533E-5143110  5  407
 360000000. 6.87245E-5 400000000. 8.12577E-5 440000000. 8.59126E-5143110  5  408
 480000000. 9.81105E-5 520000000. 1.10214E-4 560000000. 1.23995E-4143110  5  409
 600000000. 1.41715E-4 640000000. 1.53677E-4 680000000. 1.63981E-4143110  5  410
 720000000. 1.70708E-4 760000000. 1.79852E-4 800000000. 1.73330E-4143110  5  411
 840000000. 1.69353E-4 880000000. 1.77167E-4 920000000. 1.92166E-4143110  5  412
 960000000. 1.99660E-4 1.00000E+9 0.0                             143110  5  413
 0.0        0.0              7018          0          1         22143110  5  414
         22          1                                            143110  5  415
 180000000. 3.80315E-6 200000000. 4.01581E-6 240000000. 4.38012E-6143110  5  416
 280000000. 5.98951E-6 320000000. 7.06190E-6 360000000. 9.20629E-6143110  5  417
 400000000. 9.80103E-6 440000000. 9.72816E-6 480000000. 1.27589E-5143110  5  418
 520000000. 1.43354E-5 560000000. 1.45915E-5 600000000. 1.61767E-5143110  5  419
 640000000. 1.68246E-5 680000000. 1.76607E-5 720000000. 2.01238E-5143110  5  420
 760000000. 1.94944E-5 800000000. 1.69290E-5 840000000. 1.67179E-5143110  5  421
 880000000. 1.53381E-5 920000000. 1.86596E-5 960000000. 2.73328E-5143110  5  422
 1.00000E+9 0.0                                                   143110  5  423
 0.0        0.0              7019          0          1          7143110  5  424
          7          1                                            143110  5  425
 760000000. 2.85136E-6 800000000. 2.62311E-6 840000000. 2.38868E-6143110  5  426
 880000000. 2.39368E-6 920000000. 2.87344E-6 960000000. 3.83567E-6143110  5  427
 1.00000E+9 0.0                                                   143110  5  428
 0.0        0.0              8013          0          1          4143110  5  429
          4          1                                            143110  5  430
 880000000. 2.39220E-6 920000000. 2.39220E-6 960000000. 2.39220E-6143110  5  431
 1.00000E+9 0.0                                                   143110  5  432
 0.0        0.0              8014          0          1         23143110  5  433
         23          1                                            143110  5  434
 160000000. 3.59195E-6 180000000. 5.48847E-6 200000000. 6.33060E-6143110  5  435
 240000000. 9.52948E-6 280000000. 1.65005E-5 320000000. 2.19910E-5143110  5  436
 360000000. 2.49536E-5 400000000. 2.78646E-5 440000000. 3.45938E-5143110  5  437
 480000000. 4.26858E-5 520000000. 5.03844E-5 560000000. 5.49493E-5143110  5  438
 600000000. 6.21549E-5 640000000. 6.84555E-5 680000000. 6.48096E-5143110  5  439
 720000000. 6.46353E-5 760000000. 7.31436E-5 800000000. 8.40953E-5143110  5  440
 840000000. 8.65037E-5 880000000. 8.83183E-5 920000000. 9.53888E-5143110  5  441
 960000000. 9.55063E-5 1.00000E+9 0.0                             143110  5  442
 0.0        0.0              8015          0          1         27143110  5  443
         27          1                                            143110  5  444
 90000000.0 6.85151E-6 100000000. 3.81957E-5 120000000. 9.55603E-5143110  5  445
 140000000. 1.51798E-4 160000000. 2.16853E-4 180000000. 2.82784E-4143110  5  446
 200000000. 3.81596E-4 240000000. 5.12706E-4 280000000. 6.30258E-4143110  5  447
 320000000. 7.46937E-4 360000000. 8.70335E-4 400000000. .001039433143110  5  448
 440000000. .001208869 480000000. .001371923 520000000. .001508060143110  5  449
 560000000. .001643146 600000000. .001769285 640000000. .001821816143110  5  450
 680000000. .001922407 720000000. .002017352 760000000. .002064932143110  5  451
 800000000. .002113560 840000000. .002130205 880000000. .002159824143110  5  452
 920000000. .002207479 960000000. .002256978 1.00000E+9 0.0       143110  5  453
 0.0        0.0              8016          0          1         30143110  5  454
         30          1                                            143110  5  455
 60000000.0 1.82498E-5 70000000.0 9.09519E-5 80000000.0 3.62300E-4143110  5  456
 90000000.0 7.95384E-4 100000000. .001299765 120000000. .001832411143110  5  457
 140000000. .002491091 160000000. .003351137 180000000. .004103357143110  5  458
 200000000. .005018362 240000000. .006162894 280000000. .007118631143110  5  459
 320000000. .008043687 360000000. .009081665 400000000. .010165087143110  5  460
 440000000. .011335879 480000000. .012411091 520000000. .013444689143110  5  461
 560000000. .014443849 600000000. .015137902 640000000. .015736363143110  5  462
 680000000. .016263447 720000000. .016699513 760000000. .016979504143110  5  463
 800000000. .017167439 840000000. .017357543 880000000. .017618000143110  5  464
 920000000. .017810582 960000000. .017809429 1.00000E+9 0.0       143110  5  465
 0.0        0.0              8017          0          1         29143110  5  466
         29          1                                            143110  5  467
 70000000.0 1.74409E-4 80000000.0 3.32127E-4 90000000.0 4.02170E-4143110  5  468
 100000000. 5.13374E-4 120000000. 8.68541E-4 140000000. .001416248143110  5  469
 160000000. .001923533 180000000. .002312314 200000000. .002819341143110  5  470
 240000000. .003450322 280000000. .003960994 320000000. .004459426143110  5  471
 360000000. .005028028 400000000. .005670765 440000000. .006312665143110  5  472
 480000000. .006882453 520000000. .007460286 560000000. .007951082143110  5  473
 600000000. .008355081 640000000. .008712823 680000000. .008918643143110  5  474
 720000000. .009047216 760000000. .009210407 800000000. .009423072143110  5  475
 840000000. .009578484 880000000. .009634141 920000000. .009694177143110  5  476
 960000000. .009780771 1.00000E+9 0.0                             143110  5  477
 0.0        0.0              8018          0          1         31143110  5  478
         31          1                                            143110  5  479
 55000000.0 5.69071E-6 60000000.0 3.15999E-5 70000000.0 5.76455E-5143110  5  480
 80000000.0 5.62894E-5 90000000.0 6.08678E-5 100000000. 1.21686E-4143110  5  481
 120000000. 2.52204E-4 140000000. 3.70587E-4 160000000. 4.46864E-4143110  5  482
 180000000. 5.35497E-4 200000000. 6.63660E-4 240000000. 7.87086E-4143110  5  483
 280000000. 8.84993E-4 320000000. .001011060 360000000. .001132436143110  5  484
 400000000. .001259412 440000000. .001372055 480000000. .001517307143110  5  485
 520000000. .001671586 560000000. .001745236 600000000. .001858515143110  5  486
 640000000. .001954571 680000000. .002010287 720000000. .002083286143110  5  487
 760000000. .002118846 800000000. .002120292 840000000. .002118720143110  5  488
 880000000. .002110988 920000000. .002125708 960000000. .002144659143110  5  489
 1.00000E+9 0.0                                                   143110  5  490
 0.0        0.0              8019          0          1         27143110  5  491
         27          1                                            143110  5  492
 90000000.0 6.29236E-6 100000000. 1.81659E-5 120000000. 3.21459E-5143110  5  493
 140000000. 4.27682E-5 160000000. 5.49471E-5 180000000. 7.23692E-5143110  5  494
 200000000. 9.81423E-5 240000000. 1.13092E-4 280000000. 1.23391E-4143110  5  495
 320000000. 1.42755E-4 360000000. 1.63529E-4 400000000. 1.78930E-4143110  5  496
 440000000. 1.93402E-4 480000000. 2.22215E-4 520000000. 2.58888E-4143110  5  497
 560000000. 2.79976E-4 600000000. 2.94272E-4 640000000. 3.21139E-4143110  5  498
 680000000. 3.34828E-4 720000000. 3.30616E-4 760000000. 3.35943E-4143110  5  499
 800000000. 3.51934E-4 840000000. 3.58394E-4 880000000. 3.56020E-4143110  5  500
 920000000. 3.57415E-4 960000000. 3.59396E-4 1.00000E+9 0.0       143110  5  501
 0.0        0.0              8020          0          1         24143110  5  502
         24          1                                            143110  5  503
 140000000. 3.57975E-6 160000000. 6.35057E-6 180000000. 7.62417E-6143110  5  504
 200000000. 8.41516E-6 240000000. 1.06393E-5 280000000. 1.38509E-5143110  5  505
 320000000. 1.66033E-5 360000000. 1.86597E-5 400000000. 1.97912E-5143110  5  506
 440000000. 1.96933E-5 480000000. 2.55042E-5 520000000. 3.38164E-5143110  5  507
 560000000. 3.85260E-5 600000000. 4.29942E-5 640000000. 4.64818E-5143110  5  508
 680000000. 4.54887E-5 720000000. 4.31003E-5 760000000. 4.44262E-5143110  5  509
 800000000. 5.54610E-5 840000000. 6.61758E-5 880000000. 6.32320E-5143110  5  510
 920000000. 5.96886E-5 960000000. 5.85496E-5 1.00000E+9 0.0       143110  5  511
 0.0        0.0              8021          0          1         18143110  5  512
         18          1                                            143110  5  513
 320000000. 2.65903E-6 360000000. 3.02095E-6 400000000. 3.38280E-6143110  5  514
 440000000. 3.74460E-6 480000000. 3.96174E-6 520000000. 3.36223E-6143110  5  515
 560000000. 2.73592E-6 600000000. 3.23430E-6 640000000. 3.73771E-6143110  5  516
 680000000. 5.87731E-6 720000000. 6.17113E-6 760000000. 4.51310E-6143110  5  517
 800000000. 4.05632E-6 840000000. 3.81961E-6 880000000. 4.54740E-6143110  5  518
 920000000. 4.08004E-6 960000000. 3.35889E-6 1.00000E+9 0.0       143110  5  519
 0.0        0.0              9015          0          1         11143110  5  520
         11          1                                            143110  5  521
 600000000. 3.24063E-6 640000000. 4.21224E-6 680000000. 5.18382E-6143110  5  522
 720000000. 4.50820E-6 760000000. 3.56262E-6 800000000. 3.80830E-6143110  5  523
 840000000. 3.80830E-6 880000000. 3.80830E-6 920000000. 3.80830E-6143110  5  524
 960000000. 3.80830E-6 1.00000E+9 0.0                             143110  5  525
 0.0        0.0              9016          0          1         24143110  5  526
         24          1                                            143110  5  527
 140000000. 2.75802E-6 160000000. 4.85041E-6 180000000. 8.22824E-6143110  5  528
 200000000. 1.17529E-5 240000000. 1.88975E-5 280000000. 2.38597E-5143110  5  529
 320000000. 2.71549E-5 360000000. 3.43676E-5 400000000. 3.72464E-5143110  5  530
 440000000. 3.87221E-5 480000000. 4.26920E-5 520000000. 5.66301E-5143110  5  531
 560000000. 6.29458E-5 600000000. 6.33148E-5 640000000. 6.70629E-5143110  5  532
 680000000. 6.87699E-5 720000000. 7.34166E-5 760000000. 7.95575E-5143110  5  533
 800000000. 8.29573E-5 840000000. 8.07478E-5 880000000. 7.80754E-5143110  5  534
 920000000. 8.00280E-5 960000000. 8.39843E-5 1.00000E+9 0.0       143110  5  535
 0.0        0.0              9017          0          1         29143110  5  536
         29          1                                            143110  5  537
 70000000.0 1.62826E-5 80000000.0 3.88900E-5 90000000.0 4.81932E-5143110  5  538
 100000000. 6.67451E-5 120000000. 1.37831E-4 140000000. 2.57594E-4143110  5  539
 160000000. 3.74953E-4 180000000. 4.73563E-4 200000000. 5.91835E-4143110  5  540
 240000000. 7.36155E-4 280000000. 8.56683E-4 320000000. 9.84596E-4143110  5  541
 360000000. .001147362 400000000. .001317696 440000000. .001446230143110  5  542
 480000000. .001567648 520000000. .001686610 560000000. .001803708143110  5  543
 600000000. .001925329 640000000. .001989103 680000000. .002067682143110  5  544
 720000000. .002136276 760000000. .002159668 800000000. .002188840143110  5  545
 840000000. .002203391 880000000. .002205494 920000000. .002252369143110  5  546
 960000000. .002284105 1.00000E+9 0.0                             143110  5  547
 0.0        0.0              9018          0          1         33143110  5  548
         33          1                                            143110  5  549
 50000000.0 3.02640E-5 54000000.0 6.31935E-5 55000000.0 1.45441E-4143110  5  550
 60000000.0 3.69080E-4 70000000.0 4.92282E-4 80000000.0 4.60126E-4143110  5  551
 90000000.0 5.93980E-4 100000000. .001278861 120000000. .002396778143110  5  552
 140000000. .003245081 160000000. .003870431 180000000. .004507661143110  5  553
 200000000. .005299548 240000000. .006187684 280000000. .006833524143110  5  554
 320000000. .007423698 360000000. .008138120 400000000. .008941726143110  5  555
 440000000. .009722592 480000000. .010418025 520000000. .011080961143110  5  556
 560000000. .011685815 600000000. .012128731 640000000. .012404879143110  5  557
 680000000. .012736390 720000000. .012949099 760000000. .013001453143110  5  558
 800000000. .013105675 840000000. .013137566 880000000. .013173667143110  5  559
 920000000. .013255241 960000000. .013249789 1.00000E+9 0.0       143110  5  560
 0.0        0.0              9019          0          1         35143110  5  561
         35          1                                            143110  5  562
 40000000.0 1.53132E-4 45000000.0 3.00292E-4 50000000.0 3.84030E-4143110  5  563
 54000000.0 3.99207E-4 55000000.0 3.65341E-4 60000000.0 3.20371E-4143110  5  564
 70000000.0 4.20456E-4 80000000.0 9.03894E-4 90000000.0 .001734887143110  5  565
 100000000. .002763810 120000000. .003684951 140000000. .004396283143110  5  566
 160000000. .005150738 180000000. .005852347 200000000. .006622191143110  5  567
 240000000. .007365804 280000000. .007979809 320000000. .008563223143110  5  568
 360000000. .009099344 400000000. .009741568 440000000. .010459780143110  5  569
 480000000. .011130865 520000000. .011666234 560000000. .012067471143110  5  570
 600000000. .012490343 640000000. .012804343 680000000. .012857124143110  5  571
 720000000. .012957964 760000000. .013077966 800000000. .013068114143110  5  572
 840000000. .013025225 880000000. .012995504 920000000. .013008901143110  5  573
 960000000. .013081599 1.00000E+9 0.0                             143110  5  574
 0.0        0.0              9020          0          1         30143110  5  575
         30          1                                            143110  5  576
 60000000.0 3.18437E-5 70000000.0 1.65604E-4 80000000.0 3.44649E-4143110  5  577
 90000000.0 4.50631E-4 100000000. 5.12537E-4 120000000. 6.39869E-4143110  5  578
 140000000. 8.32307E-4 160000000. .001007845 180000000. .001140645143110  5  579
 200000000. .001302726 240000000. .001471211 280000000. .001583516143110  5  580
 320000000. .001740628 360000000. .001888545 400000000. .002018302143110  5  581
 440000000. .002187731 480000000. .002330665 520000000. .002430255143110  5  582
 560000000. .002547750 600000000. .002655988 640000000. .002732613143110  5  583
 680000000. .002787940 720000000. .002850981 760000000. .002886201143110  5  584
 800000000. .002886202 840000000. .002878405 880000000. .002893636143110  5  585
 920000000. .002935111 960000000. .002943580 1.00000E+9 0.0       143110  5  586
 0.0        0.0              9021          0          1         30143110  5  587
         30          1                                            143110  5  588
 60000000.0 2.25345E-5 70000000.0 4.25891E-5 80000000.0 4.93011E-5143110  5  589
 90000000.0 4.93886E-5 100000000. 6.17543E-5 120000000. 1.09680E-4143110  5  590
 140000000. 1.51985E-4 160000000. 1.76490E-4 180000000. 2.07026E-4143110  5  591
 200000000. 2.46317E-4 240000000. 2.81707E-4 280000000. 3.04347E-4143110  5  592
 320000000. 3.27838E-4 360000000. 3.62052E-4 400000000. 3.99977E-4143110  5  593
 440000000. 4.31827E-4 480000000. 4.69178E-4 520000000. 5.09980E-4143110  5  594
 560000000. 5.39212E-4 600000000. 5.57619E-4 640000000. 5.82100E-4143110  5  595
 680000000. 6.23264E-4 720000000. 6.54319E-4 760000000. 6.46627E-4143110  5  596
 800000000. 6.47915E-4 840000000. 6.63213E-4 880000000. 6.82959E-4143110  5  597
 920000000. 6.75446E-4 960000000. 6.68789E-4 1.00000E+9 0.0       143110  5  598
 0.0        0.0              9022          0          1         26143110  5  599
         26          1                                            143110  5  600
 100000000. 6.28864E-6 120000000. 1.05706E-5 140000000. 1.39792E-5143110  5  601
 160000000. 1.90686E-5 180000000. 2.45134E-5 200000000. 2.78294E-5143110  5  602
 240000000. 3.15401E-5 280000000. 3.60514E-5 320000000. 4.37330E-5143110  5  603
 360000000. 4.70347E-5 400000000. 5.08079E-5 440000000. 6.33727E-5143110  5  604
 480000000. 6.99881E-5 520000000. 7.56963E-5 560000000. 8.29857E-5143110  5  605
 600000000. 8.69287E-5 640000000. 9.55116E-5 680000000. 1.02493E-4143110  5  606
 720000000. 1.07476E-4 760000000. 1.01544E-4 800000000. 1.04051E-4143110  5  607
 840000000. 1.18980E-4 880000000. 1.12334E-4 920000000. 1.10232E-4143110  5  608
 960000000. 1.18500E-4 1.00000E+9 0.0                             143110  5  609
 0.0        0.0              9023          0          1         22143110  5  610
         22          1                                            143110  5  611
 180000000. 2.74870E-6 200000000. 3.24667E-6 240000000. 3.85113E-6143110  5  612
 280000000. 3.74422E-6 320000000. 3.32322E-6 360000000. 3.35676E-6143110  5  613
 400000000. 5.51676E-6 440000000. 6.71488E-6 480000000. 6.37961E-6143110  5  614
 520000000. 7.83753E-6 560000000. 1.02555E-5 600000000. 1.06432E-5143110  5  615
 640000000. 1.14366E-5 680000000. 1.43683E-5 720000000. 1.63316E-5143110  5  616
 760000000. 1.64034E-5 800000000. 1.50153E-5 840000000. 1.71863E-5143110  5  617
 880000000. 2.01078E-5 920000000. 1.87105E-5 960000000. 1.72707E-5143110  5  618
 1.00000E+9 0.0                                                   143110  5  619
 0.0        0.0              9024          0          1         10143110  5  620
         10          1                                            143110  5  621
 640000000. 2.56814E-6 680000000. 3.06113E-6 720000000. 3.07957E-6143110  5  622
 760000000. 2.61461E-6 800000000. 2.38284E-6 840000000. 2.38818E-6143110  5  623
 880000000. 2.39351E-6 920000000. 2.39620E-6 960000000. 2.39620E-6143110  5  624
 1.00000E+9 0.0                                                   143110  5  625
 0.0        0.0             10017          0          1         16143110  5  626
         16          1                                            143110  5  627
 400000000. 2.62669E-6 440000000. 2.81886E-6 480000000. 3.01100E-6143110  5  628
 520000000. 2.91270E-6 560000000. 2.73592E-6 600000000. 3.00439E-6143110  5  629
 640000000. 3.26776E-6 680000000. 3.29577E-6 720000000. 4.25575E-6143110  5  630
 760000000. 4.99156E-6 800000000. 5.23972E-6 840000000. 5.49665E-6143110  5  631
 880000000. 4.55364E-6 920000000. 4.07364E-6 960000000. 4.31859E-6143110  5  632
 1.00000E+9 0.0                                                   143110  5  633
 0.0        0.0             10018          0          1         25143110  5  634
         25          1                                            143110  5  635
 120000000. 1.03041E-5 140000000. 1.73508E-5 160000000. 2.29103E-5143110  5  636
 180000000. 2.89292E-5 200000000. 4.29450E-5 240000000. 5.26198E-5143110  5  637
 280000000. 5.95323E-5 320000000. 6.93536E-5 360000000. 6.86365E-5143110  5  638
 400000000. 7.50536E-5 440000000. 8.99878E-5 480000000. 1.06260E-4143110  5  639
 520000000. 1.14696E-4 560000000. 1.16954E-4 600000000. 1.25526E-4143110  5  640
 640000000. 1.26404E-4 680000000. 1.25338E-4 720000000. 1.32347E-4143110  5  641
 760000000. 1.39703E-4 800000000. 1.38730E-4 840000000. 1.39738E-4143110  5  642
 880000000. 1.42947E-4 920000000. 1.34529E-4 960000000. 1.41222E-4143110  5  643
 1.00000E+9 0.0                                                   143110  5  644
 0.0        0.0             10019          0          1         29143110  5  645
         29          1                                            143110  5  646
 70000000.0 3.04668E-5 80000000.0 1.06789E-4 90000000.0 2.52435E-4143110  5  647
 100000000. 4.57987E-4 120000000. 6.51006E-4 140000000. 7.92974E-4143110  5  648
 160000000. 9.81907E-4 180000000. .001154034 200000000. .001313508143110  5  649
 240000000. .001483177 280000000. .001606132 320000000. .001713999143110  5  650
 360000000. .001865479 400000000. .002026353 440000000. .002141158143110  5  651
 480000000. .002250121 520000000. .002348912 560000000. .002454975143110  5  652
 600000000. .002518804 640000000. .002560467 680000000. .002616829143110  5  653
 720000000. .002642629 760000000. .002636226 800000000. .002647832143110  5  654
 840000000. .002694846 880000000. .002720308 920000000. .002719597143110  5  655
 960000000. .002721390 1.00000E+9 0.0                             143110  5  656
 0.0        0.0             10020          0          1         34143110  5  657
         34          1                                            143110  5  658
 45000000.0 4.08345E-5 50000000.0 1.01718E-4 54000000.0 1.48092E-4143110  5  659
 55000000.0 2.87994E-4 60000000.0 .001556804 70000000.0 .003974949143110  5  660
 80000000.0 .005791012 90000000.0 .006400527 100000000. .006813296143110  5  661
 120000000. .008255061 140000000. .010166839 160000000. .011724477143110  5  662
 180000000. .012904398 200000000. .013967987 240000000. .014973447143110  5  663
 280000000. .015643481 320000000. .016273837 360000000. .016948662143110  5  664
 400000000. .017760821 440000000. .018556055 480000000. .019222665143110  5  665
 520000000. .019746567 560000000. .020210424 600000000. .020545301143110  5  666
 640000000. .020710980 680000000. .020873419 720000000. .020905270143110  5  667
 760000000. .020815513 800000000. .020850219 840000000. .020896395143110  5  668
 880000000. .020678245 920000000. .020521908 960000000. .020485340143110  5  669
 1.00000E+9 0.0                                                   143110  5  670
 0.0        0.0             10021          0          1         34143110  5  671
         34          1                                            143110  5  672
 45000000.0 2.28091E-4 50000000.0 8.20831E-4 54000000.0 .001349917143110  5  673
 55000000.0 .002033500 60000000.0 .003432556 70000000.0 .003974666143110  5  674
 80000000.0 .003518234 90000000.0 .003656635 100000000. .005164922143110  5  675
 120000000. .007360952 140000000. .008887353 160000000. .009850703143110  5  676
 180000000. .010586486 200000000. .011331975 240000000. .011907633143110  5  677
 280000000. .012229108 320000000. .012565918 360000000. .013076663143110  5  678
 400000000. .013617760 440000000. .014129491 480000000. .014575266143110  5  679
 520000000. .014885246 560000000. .015185678 600000000. .015421183143110  5  680
 640000000. .015569273 680000000. .015584057 720000000. .015558198143110  5  681
 760000000. .015576137 800000000. .015491561 840000000. .015471612143110  5  682
 880000000. .015430185 920000000. .015306716 960000000. .015190089143110  5  683
 1.00000E+9 0.0                                                   143110  5  684
 0.0        0.0             10022          0          1         36143110  5  685
         36          1                                            143110  5  686
 35000000.0 8.40219E-5 40000000.0 3.24678E-4 45000000.0 6.45179E-4143110  5  687
 50000000.0 8.03254E-4 54000000.0 8.08190E-4 55000000.0 7.69575E-4143110  5  688
 60000000.0 6.76239E-4 70000000.0 6.52160E-4 80000000.0 8.60054E-4143110  5  689
 90000000.0 .001296391 100000000. .001929853 120000000. .002467728143110  5  690
 140000000. .002748010 160000000. .003037746 180000000. .003303342143110  5  691
 200000000. .003503582 240000000. .003633311 280000000. .003731807143110  5  692
 320000000. .003896831 360000000. .004093653 400000000. .004293370143110  5  693
 440000000. .004460814 480000000. .004619939 520000000. .004766855143110  5  694
 560000000. .004877038 600000000. .005004790 640000000. .005124263143110  5  695
 680000000. .005196222 720000000. .005206530 760000000. .005191352143110  5  696
 800000000. .005150734 840000000. .005124528 880000000. .005143827143110  5  697
 920000000. .005123564 960000000. .005070110 1.00000E+9 0.0       143110  5  698
 0.0        0.0             10023          0          1         30143110  5  699
         30          1                                            143110  5  700
 60000000.0 2.14695E-5 70000000.0 8.91965E-5 80000000.0 1.85695E-4143110  5  701
 90000000.0 2.61138E-4 100000000. 3.18704E-4 120000000. 3.81671E-4143110  5  702
 140000000. 4.36921E-4 160000000. 4.70051E-4 180000000. 5.16423E-4143110  5  703
 200000000. 5.92910E-4 240000000. 6.44433E-4 280000000. 6.80017E-4143110  5  704
 320000000. 7.21633E-4 360000000. 7.69588E-4 400000000. 8.39055E-4143110  5  705
 440000000. 8.96415E-4 480000000. 9.72843E-4 520000000. .001048916143110  5  706
 560000000. .001099087 600000000. .001117944 640000000. .001150329143110  5  707
 680000000. .001193390 720000000. .001199950 760000000. .001191075143110  5  708
 800000000. .001189591 840000000. .001218629 880000000. .001211173143110  5  709
 920000000. .001181891 960000000. .001184195 1.00000E+9 0.0       143110  5  710
 0.0        0.0             10024          0          1         29143110  5  711
         29          1                                            143110  5  712
 70000000.0 1.64236E-5 80000000.0 2.06233E-5 90000000.0 2.84376E-5143110  5  713
 100000000. 3.33878E-5 120000000. 4.06160E-5 140000000. 4.71228E-5143110  5  714
 160000000. 5.68137E-5 180000000. 6.49950E-5 200000000. 7.48410E-5143110  5  715
 240000000. 8.66611E-5 280000000. 8.83774E-5 320000000. 8.97023E-5143110  5  716
 360000000. 1.02264E-4 400000000. 1.27153E-4 440000000. 1.49485E-4143110  5  717
 480000000. 1.60219E-4 520000000. 1.69098E-4 560000000. 1.90114E-4143110  5  718
 600000000. 2.09226E-4 640000000. 2.16775E-4 680000000. 2.34349E-4143110  5  719
 720000000. 2.43017E-4 760000000. 2.43278E-4 800000000. 2.49519E-4143110  5  720
 840000000. 2.42079E-4 880000000. 2.37964E-4 920000000. 2.45924E-4143110  5  721
 960000000. 2.45945E-4 1.00000E+9 0.0                             143110  5  722
 0.0        0.0             10025          0          1         25143110  5  723
         25          1                                            143110  5  724
 120000000. 2.85174E-6 140000000. 3.49644E-6 160000000. 2.99198E-6143110  5  725
 180000000. 2.73977E-6 200000000. 5.21782E-6 240000000. 6.92230E-6143110  5  726
 280000000. 7.24452E-6 320000000. 8.30174E-6 360000000. 1.00554E-5143110  5  727
 400000000. 1.38140E-5 440000000. 1.96716E-5 480000000. 2.15775E-5143110  5  728
 520000000. 2.46244E-5 560000000. 2.82754E-5 600000000. 2.88915E-5143110  5  729
 640000000. 3.33928E-5 680000000. 3.76893E-5 720000000. 3.71961E-5143110  5  730
 760000000. 3.70552E-5 800000000. 4.16873E-5 840000000. 4.56253E-5143110  5  731
 880000000. 4.78771E-5 920000000. 4.89024E-5 960000000. 4.84666E-5143110  5  732
 1.00000E+9 0.0                                                   143110  5  733
 0.0        0.0             10026          0          1         16143110  5  734
         16          1                                            143110  5  735
 400000000. 2.12791E-6 440000000. 2.16394E-6 480000000. 3.07720E-6143110  5  736
 520000000. 4.25516E-6 560000000. 3.42306E-6 600000000. 3.46167E-6143110  5  737
 640000000. 4.43973E-6 680000000. 6.58274E-6 720000000. 8.52889E-6143110  5  738
 760000000. 6.66304E-6 800000000. 4.76963E-6 840000000. 6.19947E-6143110  5  739
 880000000. 7.18885E-6 920000000. 7.89952E-6 960000000. 9.35841E-6143110  5  740
 1.00000E+9 0.0                                                   143110  5  741
 0.0        0.0             11019          0          1         21143110  5  742
         21          1                                            143110  5  743
 200000000. 2.53220E-6 240000000. 2.72144E-6 280000000. 3.11055E-6143110  5  744
 320000000. 3.52777E-6 360000000. 3.36178E-6 400000000. 2.55667E-6143110  5  745
 440000000. 2.59406E-6 480000000. 3.73851E-6 520000000. 4.03344E-6143110  5  746
 560000000. 3.19317E-6 600000000. 3.46425E-6 640000000. 4.20498E-6143110  5  747
 680000000. 4.70936E-6 720000000. 4.97486E-6 760000000. 5.93226E-6143110  5  748
 800000000. 6.43950E-6 840000000. 4.30982E-6 880000000. 3.11086E-6143110  5  749
 920000000. 3.83234E-6 960000000. 4.79532E-6 1.00000E+9 0.0       143110  5  750
 0.0        0.0             11020          0          1         28143110  5  751
         28          1                                            143110  5  752
 80000000.0 3.35910E-6 90000000.0 5.02192E-6 100000000. 9.44978E-6143110  5  753
 120000000. 1.79166E-5 140000000. 2.64752E-5 160000000. 3.28946E-5143110  5  754
 180000000. 3.82656E-5 200000000. 4.83166E-5 240000000. 5.77556E-5143110  5  755
 280000000. 6.45944E-5 320000000. 7.20380E-5 360000000. 7.19985E-5143110  5  756
 400000000. 7.71883E-5 440000000. 8.33292E-5 480000000. 8.64754E-5143110  5  757
 520000000. 9.71970E-5 560000000. 1.00098E-4 600000000. 1.03781E-4143110  5  758
 640000000. 1.05616E-4 680000000. 1.02951E-4 720000000. 1.01620E-4143110  5  759
 760000000. 9.95529E-5 800000000. 1.03415E-4 840000000. 1.07979E-4143110  5  760
 880000000. 1.03710E-4 920000000. 9.85167E-5 960000000. 9.88527E-5143110  5  761
 1.00000E+9 0.0                                                   143110  5  762
 0.0        0.0             11021          0          1         33143110  5  763
         33          1                                            143110  5  764
 50000000.0 2.07264E-5 54000000.0 4.50182E-5 55000000.0 1.35175E-4143110  5  765
 60000000.0 3.32589E-4 70000000.0 4.28664E-4 80000000.0 3.82315E-4143110  5  766
 90000000.0 4.14818E-4 100000000. 6.66203E-4 120000000. .001038583143110  5  767
 140000000. .001309860 160000000. .001448241 180000000. .001591499143110  5  768
 200000000. .001766132 240000000. .001875424 280000000. .001935413143110  5  769
 320000000. .001998738 360000000. .002061623 400000000. .002117114143110  5  770
 440000000. .002210278 480000000. .002260057 520000000. .002301922143110  5  771
 560000000. .002351178 600000000. .002366158 640000000. .002386330143110  5  772
 680000000. .002378443 720000000. .002356214 760000000. .002362831143110  5  773
 800000000. .002360187 840000000. .002314127 880000000. .002298596143110  5  774
 920000000. .002327346 960000000. .002327798 1.00000E+9 0.0       143110  5  775
 0.0        0.0             11022          0          1         36143110  5  776
         36          1                                            143110  5  777
 35000000.0 9.03507E-4 40000000.0 .002177387 45000000.0 .002948032143110  5  778
 50000000.0 .003092167 54000000.0 .002921843 55000000.0 .002667355143110  5  779
 60000000.0 .002417258 70000000.0 .002902733 80000000.0 .004784785143110  5  780
 90000000.0 .007338418 100000000. .009755510 120000000. .011572004143110  5  781
 140000000. .012678052 160000000. .013587739 180000000. .014093735143110  5  782
 200000000. .014507558 240000000. .014776026 280000000. .014717313143110  5  783
 320000000. .014742293 360000000. .014907139 400000000. .015114427143110  5  784
 440000000. .015370680 480000000. .015593706 520000000. .015680642143110  5  785
 560000000. .015792069 600000000. .015891290 640000000. .015767980143110  5  786
 680000000. .015674952 720000000. .015578424 760000000. .015419479143110  5  787
 800000000. .015366472 840000000. .015275737 880000000. .015053941143110  5  788
 920000000. .014907631 960000000. .014792163 1.00000E+9 0.0       143110  5  789
 0.0        0.0             11023          0          1         37143110  5  790
         37          1                                            143110  5  791
 30000000.0 .004946290 35000000.0 .003812608 40000000.0 .002157534143110  5  792
 45000000.0 .001316268 50000000.0 .001230703 54000000.0 .001334812143110  5  793
 55000000.0 .001925576 60000000.0 .005576856 70000000.0 .011822693143110  5  794
 80000000.0 .016036294 90000000.0 .017264209 100000000. .017654041143110  5  795
 120000000. .018561103 140000000. .019729852 160000000. .020629170143110  5  796
 180000000. .021061122 200000000. .021253477 240000000. .021150368143110  5  797
 280000000. .020823602 320000000. .020601022 360000000. .020482772143110  5  798
 400000000. .020652475 440000000. .020936202 480000000. .021078280143110  5  799
 520000000. .021204135 560000000. .021222587 600000000. .021170527143110  5  800
 640000000. .021152142 680000000. .021022629 720000000. .020868793143110  5  801
 760000000. .020626821 800000000. .020389171 840000000. .020171551143110  5  802
 880000000. .019961548 920000000. .019761894 960000000. .019621095143110  5  803
 1.00000E+9 0.0                                                   143110  5  804
 0.0        0.0             11024          0          1         35143110  5  805
         35          1                                            143110  5  806
 40000000.0 9.92722E-5 45000000.0 4.38781E-4 50000000.0 .001102783143110  5  807
 54000000.0 .001608682 55000000.0 .002305238 60000000.0 .003749109143110  5  808
 70000000.0 .004525127 80000000.0 .004313839 90000000.0 .004140901143110  5  809
 100000000. .004300463 120000000. .004805622 140000000. .005211261143110  5  810
 160000000. .005432332 180000000. .005534909 200000000. .005629485143110  5  811
 240000000. .005698665 280000000. .005712859 320000000. .005816258143110  5  812
 360000000. .005959290 400000000. .006089425 440000000. .006185017143110  5  813
 480000000. .006310406 520000000. .006459571 560000000. .006600256143110  5  814
 600000000. .006730835 640000000. .006810875 680000000. .006828495143110  5  815
 720000000. .006826774 760000000. .006810613 800000000. .006771961143110  5  816
 840000000. .006726994 880000000. .006645919 920000000. .006618289143110  5  817
 960000000. .006618803 1.00000E+9 0.0                             143110  5  818
 0.0        0.0             11025          0          1         36143110  5  819
         36          1                                            143110  5  820
 35000000.0 5.85612E-5 40000000.0 2.38765E-4 45000000.0 5.06562E-4143110  5  821
 50000000.0 6.91470E-4 54000000.0 7.31409E-4 55000000.0 7.10214E-4143110  5  822
 60000000.0 6.71092E-4 70000000.0 6.31354E-4 80000000.0 6.56435E-4143110  5  823
 90000000.0 7.36083E-4 100000000. 8.51305E-4 120000000. 9.90410E-4143110  5  824
 140000000. .001097845 160000000. .001176741 180000000. .001205846143110  5  825
 200000000. .001256627 240000000. .001336735 280000000. .001403148143110  5  826
 320000000. .001486213 360000000. .001551268 400000000. .001636233143110  5  827
 440000000. .001725694 480000000. .001835500 520000000. .001926804143110  5  828
 560000000. .002011457 600000000. .002109983 640000000. .002110800143110  5  829
 680000000. .002121752 720000000. .002186548 760000000. .002241815143110  5  830
 800000000. .002252194 840000000. .002236780 880000000. .002213098143110  5  831
 920000000. .002175574 960000000. .002160482 1.00000E+9 0.0       143110  5  832
 0.0        0.0             11026          0          1         30143110  5  833
         30          1                                            143110  5  834
 60000000.0 5.19071E-6 70000000.0 1.58226E-5 80000000.0 3.60277E-5143110  5  835
 90000000.0 5.45908E-5 100000000. 7.74580E-5 120000000. 1.02032E-4143110  5  836
 140000000. 1.21706E-4 160000000. 1.38279E-4 180000000. 1.44372E-4143110  5  837
 200000000. 1.61191E-4 240000000. 1.82689E-4 280000000. 2.07569E-4143110  5  838
 320000000. 2.33572E-4 360000000. 2.64501E-4 400000000. 2.93425E-4143110  5  839
 440000000. 3.13471E-4 480000000. 3.61039E-4 520000000. 4.17904E-4143110  5  840
 560000000. 4.46648E-4 600000000. 4.69027E-4 640000000. 4.86160E-4143110  5  841
 680000000. 4.92857E-4 720000000. 5.10515E-4 760000000. 5.28403E-4143110  5  842
 800000000. 5.43803E-4 840000000. 5.48097E-4 880000000. 5.46590E-4143110  5  843
 920000000. 5.62998E-4 960000000. 5.74163E-4 1.00000E+9 0.0       143110  5  844
 0.0        0.0             11027          0          1         29143110  5  845
         29          1                                            143110  5  846
 70000000.0 3.13477E-6 80000000.0 3.71764E-6 90000000.0 4.37152E-6143110  5  847
 100000000. 4.08346E-6 120000000. 7.32625E-6 140000000. 1.12682E-5143110  5  848
 160000000. 1.25093E-5 180000000. 1.48066E-5 200000000. 1.92981E-5143110  5  849
 240000000. 2.48756E-5 280000000. 3.07981E-5 320000000. 3.71501E-5143110  5  850
 360000000. 3.75764E-5 400000000. 4.22993E-5 440000000. 4.67570E-5143110  5  851
 480000000. 5.91383E-5 520000000. 8.19579E-5 560000000. 9.57457E-5143110  5  852
 600000000. 1.00815E-4 640000000. 1.04405E-4 680000000. 1.06048E-4143110  5  853
 720000000. 1.05131E-4 760000000. 1.08107E-4 800000000. 1.14118E-4143110  5  854
 840000000. 1.17087E-4 880000000. 1.18254E-4 920000000. 1.21780E-4143110  5  855
 960000000. 1.20688E-4 1.00000E+9 0.0                             143110  5  856
 0.0        0.0             11028          0          1         16143110  5  857
         16          1                                            143110  5  858
 400000000. 4.25899E-6 440000000. 4.54029E-6 480000000. 5.93946E-6143110  5  859
 520000000. 6.71986E-6 560000000. 9.56837E-6 600000000. 1.11056E-5143110  5  860
 640000000. 1.02765E-5 680000000. 1.06039E-5 720000000. 1.23002E-5143110  5  861
 760000000. 1.40208E-5 800000000. 1.47691E-5 840000000. 1.67179E-5143110  5  862
 880000000. 1.89060E-5 920000000. 1.77550E-5 960000000. 1.53545E-5143110  5  863
 1.00000E+9 0.0                                                   143110  5  864
 0.0        0.0             12021          0          1         23143110  5  865
         23          1                                            143110  5  866
 160000000. 2.80659E-6 180000000. 3.33018E-6 200000000. 4.10346E-6143110  5  867
 240000000. 3.79957E-6 280000000. 3.52628E-6 320000000. 4.78383E-6143110  5  868
 360000000. 4.41818E-6 400000000. 4.03827E-6 440000000. 4.32412E-6143110  5  869
 480000000. 3.51700E-6 520000000. 3.80563E-6 560000000. 4.55994E-6143110  5  870
 600000000. 5.31389E-6 640000000. 4.67912E-6 680000000. 3.06440E-6143110  5  871
 720000000. 4.48734E-6 760000000. 5.23410E-6 800000000. 4.05305E-6143110  5  872
 840000000. 3.58532E-6 880000000. 4.30323E-6 920000000. 5.75003E-6143110  5  873
 960000000. 5.99952E-6 1.00000E+9 0.0                             143110  5  874
 0.0        0.0             12022          0          1         28143110  5  875
         28          1                                            143110  5  876
 80000000.0 9.76314E-6 90000000.0 2.27642E-5 100000000. 4.56939E-5143110  5  877
 120000000. 6.44007E-5 140000000. 8.06532E-5 160000000. 9.47923E-5143110  5  878
 180000000. 1.00043E-4 200000000. 1.09203E-4 240000000. 1.15549E-4143110  5  879
 280000000. 1.24911E-4 320000000. 1.32511E-4 360000000. 1.33859E-4143110  5  880
 400000000. 1.44209E-4 440000000. 1.42256E-4 480000000. 1.33142E-4143110  5  881
 520000000. 1.35298E-4 560000000. 1.34744E-4 600000000. 1.40780E-4143110  5  882
 640000000. 1.33690E-4 680000000. 1.30243E-4 720000000. 1.39723E-4143110  5  883
 760000000. 1.39960E-4 800000000. 1.35397E-4 840000000. 1.32824E-4143110  5  884
 880000000. 1.36459E-4 920000000. 1.44032E-4 960000000. 1.50666E-4143110  5  885
 1.00000E+9 0.0                                                   143110  5  886
 0.0        0.0             12023          0          1         34143110  5  887
         34          1                                            143110  5  888
 45000000.0 2.26485E-5 50000000.0 5.49055E-5 54000000.0 7.97606E-5143110  5  889
 55000000.0 1.34647E-4 60000000.0 4.47854E-4 70000000.0 .001189187143110  5  890
 80000000.0 .001907958 90000000.0 .002201903 100000000. .002281001143110  5  891
 120000000. .002412444 140000000. .002650981 160000000. .002822595143110  5  892
 180000000. .002877916 200000000. .002855170 240000000. .002792326143110  5  893
 280000000. .002745679 320000000. .002704251 360000000. .002721115143110  5  894
 400000000. .002728334 440000000. .002693009 480000000. .002698180143110  5  895
 520000000. .002679196 560000000. .002668894 600000000. .002665331143110  5  896
 640000000. .002614006 680000000. .002567697 720000000. .002523216143110  5  897
 760000000. .002478327 800000000. .002446145 840000000. .002397140143110  5  898
 880000000. .002353248 920000000. .002356181 960000000. .002327465143110  5  899
 1.00000E+9 0.0                                                   143110  5  900
 0.0        0.0             12024          0          1         37143110  5  901
         37          1                                            143110  5  902
 30000000.0 1.36815E-4 35000000.0 5.94250E-4 40000000.0 .002541570143110  5  903
 45000000.0 .007805815 50000000.0 .014887996 54000000.0 .018934006143110  5  904
 55000000.0 .022221749 60000000.0 .028150199 70000000.0 .029420168143110  5  905
 80000000.0 .025944278 90000000.0 .024224269 100000000. .024713967143110  5  906
 120000000. .026566681 140000000. .027565954 160000000. .027785527143110  5  907
 180000000. .027634951 200000000. .027012597 240000000. .025955287143110  5  908
 280000000. .024982605 320000000. .024497966 360000000. .024052388143110  5  909
 400000000. .023685224 440000000. .023335610 480000000. .023007934143110  5  910
 520000000. .022795840 560000000. .022539162 600000000. .022127431143110  5  911
 640000000. .021841566 680000000. .021607724 720000000. .021268901143110  5  912
 760000000. .020957351 800000000. .020732025 840000000. .020525124143110  5  913
 880000000. .020308511 920000000. .020079156 960000000. .019837021143110  5  914
 1.00000E+9 0.0                                                   143110  5  915
 0.0        0.0             12025          0          1         37143110  5  916
         37          1                                            143110  5  917
 30000000.0 .008591943 35000000.0 .022940142 40000000.0 .032446647143110  5  918
 45000000.0 .034391565 50000000.0 .032116619 54000000.0 .029561012143110  5  919
 55000000.0 .026839248 60000000.0 .023477711 70000000.0 .022154961143110  5  920
 80000000.0 .023130370 90000000.0 .025264795 100000000. .027172175143110  5  921
 120000000. .028498654 140000000. .028817378 160000000. .028612710143110  5  922
 180000000. .028096811 200000000. .027468053 240000000. .026502949143110  5  923
 280000000. .025639694 320000000. .025331355 360000000. .024966793143110  5  924
 400000000. .024649143 440000000. .024425683 480000000. .024160547143110  5  925
 520000000. .023952112 560000000. .023742403 600000000. .023601667143110  5  926
 640000000. .023418233 680000000. .023098886 720000000. .022769676143110  5  927
 760000000. .022522000 800000000. .022303325 840000000. .022140969143110  5  928
 880000000. .021968830 920000000. .021771106 960000000. .021523606143110  5  929
 1.00000E+9 0.0                                                   143110  5  930
 0.0        0.0             12026          0          1         37143110  5  931
         37          1                                            143110  5  932
 30000000.0 .017306388 35000000.0 .013313115 40000000.0 .009037215143110  5  933
 45000000.0 .006765288 50000000.0 .005751309 54000000.0 .005420669143110  5  934
 55000000.0 .005359164 60000000.0 .006412874 70000000.0 .008630738143110  5  935
 80000000.0 .010271649 90000000.0 .010941648 100000000. .011085846143110  5  936
 120000000. .011205868 140000000. .011317888 160000000. .011372470143110  5  937
 180000000. .011349895 200000000. .011294121 240000000. .011226669143110  5  938
 280000000. .011200577 320000000. .011274862 360000000. .011389543143110  5  939
 400000000. .011550269 440000000. .011700941 480000000. .011901293143110  5  940
 520000000. .012099642 560000000. .012247103 600000000. .012304731143110  5  941
 640000000. .012390899 680000000. .012500505 720000000. .012528739143110  5  942
 760000000. .012462821 800000000. .012301033 840000000. .012235000143110  5  943
 880000000. .012197282 920000000. .012060702 960000000. .011952061143110  5  944
 1.00000E+9 0.0                                                   143110  5  945
 0.0        0.0             12027          0          1         35143110  5  946
         35          1                                            143110  5  947
 40000000.0 6.68939E-5 45000000.0 2.19074E-4 50000000.0 4.71643E-4143110  5  948
 54000000.0 6.74158E-4 55000000.0 9.27241E-4 60000000.0 .001443233143110  5  949
 70000000.0 .001841016 80000000.0 .001953652 90000000.0 .002058713143110  5  950
 100000000. .002225054 120000000. .002414812 140000000. .002569714143110  5  951
 160000000. .002700544 180000000. .002811684 200000000. .002939228143110  5  952
 240000000. .003144992 280000000. .003373413 320000000. .003572669143110  5  953
 360000000. .003794725 400000000. .004034367 440000000. .004242709143110  5  954
 480000000. .004472955 520000000. .004715322 560000000. .004922954143110  5  955
 600000000. .005093490 640000000. .005271662 680000000. .005403328143110  5  956
 720000000. .005443154 760000000. .005477047 800000000. .005489894143110  5  957
 840000000. .005510544 880000000. .005508516 920000000. .005490070143110  5  958
 960000000. .005474883 1.00000E+9 0.0                             143110  5  959
 0.0        0.0             12028          0          1         35143110  5  960
         35          1                                            143110  5  961
 40000000.0 6.23877E-5 45000000.0 1.41313E-4 50000000.0 1.99520E-4143110  5  962
 54000000.0 2.21273E-4 55000000.0 2.39995E-4 60000000.0 2.47432E-4143110  5  963
 70000000.0 2.54292E-4 80000000.0 2.87752E-4 90000000.0 3.33461E-4143110  5  964
 100000000. 3.90844E-4 120000000. 4.37127E-4 140000000. 4.84371E-4143110  5  965
 160000000. 5.35275E-4 180000000. 5.80841E-4 200000000. 6.30615E-4143110  5  966
 240000000. 6.96082E-4 280000000. 7.71548E-4 320000000. 8.32210E-4143110  5  967
 360000000. 9.18362E-4 400000000. .001014969 440000000. .001110258143110  5  968
 480000000. .001222830 520000000. .001342927 560000000. .001449500143110  5  969
 600000000. .001518724 640000000. .001558115 680000000. .001613297143110  5  970
 720000000. .001674137 760000000. .001701569 800000000. .001706142143110  5  971
 840000000. .001726300 880000000. .001731110 920000000. .001708803143110  5  972
 960000000. .001693652 1.00000E+9 0.0                             143110  5  973
 0.0        0.0             12029          0          1         19143110  5  974
         19          1                                            143110  5  975
 280000000. 9.68149E-6 320000000. 1.81888E-5 360000000. 3.09710E-5143110  5  976
 400000000. 4.52729E-5 440000000. 5.88248E-5 480000000. 7.15030E-5143110  5  977
 520000000. 8.50966E-5 560000000. 1.01436E-4 600000000. 1.06611E-4143110  5  978
 640000000. 1.07432E-4 680000000. 1.12388E-4 720000000. 1.16009E-4143110  5  979
 760000000. 1.30381E-4 800000000. 1.40136E-4 840000000. 1.36205E-4143110  5  980
 880000000. 1.39779E-4 920000000. 1.44803E-4 960000000. 1.39652E-4143110  5  981
 1.00000E+9 0.0                                                   143110  5  982
 0.0        0.0             13023          0          1         24143110  5  983
         24          1                                            143110  5  984
 140000000. 2.33300E-6 160000000. 2.75860E-6 180000000. 2.75764E-6143110  5  985
 200000000. 2.73684E-6 240000000. 3.94723E-6 280000000. 4.16953E-6143110  5  986
 320000000. 2.91416E-6 360000000. 3.34683E-6 400000000. 4.25583E-6143110  5  987
 440000000. 5.18812E-6 480000000. 4.84831E-6 520000000. 4.47684E-6143110  5  988
 560000000. 6.38142E-6 600000000. 6.01909E-6 640000000. 4.67216E-6143110  5  989
 680000000. 4.47810E-6 720000000. 4.49780E-6 760000000. 4.28035E-6143110  5  990
 800000000. 4.99646E-6 840000000. 5.02501E-6 880000000. 5.01990E-6143110  5  991
 920000000. 6.47083E-6 960000000. 6.00258E-6 1.00000E+9 0.0       143110  5  992
 0.0        0.0             13024          0          1         30143110  5  993
         30          1                                            143110  5  994
 60000000.0 3.12760E-5 70000000.0 5.20867E-5 80000000.0 5.43020E-5143110  5  995
 90000000.0 5.75868E-5 100000000. 6.34605E-5 120000000. 7.75739E-5143110  5  996
 140000000. 9.23467E-5 160000000. 9.50340E-5 180000000. 9.79451E-5143110  5  997
 200000000. 1.07275E-4 240000000. 1.08834E-4 280000000. 1.00723E-4143110  5  998
 320000000. 9.41177E-5 360000000. 9.58455E-5 400000000. 9.83218E-5143110  5  999
 440000000. 9.11456E-5 480000000. 9.02160E-5 520000000. 9.92201E-5143110  5 1000
 560000000. 1.00781E-4 600000000. 9.66604E-5 640000000. 8.97313E-5143110  5 1001
 680000000. 8.92725E-5 720000000. 9.44842E-5 760000000. 9.78793E-5143110  5 1002
 800000000. 9.67810E-5 840000000. 9.29404E-5 880000000. 9.88386E-5143110  5 1003
 920000000. 9.78517E-5 960000000. 9.14048E-5 1.00000E+9 0.0       143110  5 1004
 0.0        0.0             13025          0          1         36143110  5 1005
         36          1                                            143110  5 1006
 35000000.0 7.01069E-4 40000000.0 .001742597 45000000.0 .002421315143110  5 1007
 50000000.0 .002504479 54000000.0 .002396857 55000000.0 .002195194143110  5 1008
 60000000.0 .001901327 70000000.0 .001756472 80000000.0 .001898889143110  5 1009
 90000000.0 .002262263 100000000. .002687323 120000000. .002976606143110  5 1010
 140000000. .003003745 160000000. .002981075 180000000. .002944499143110  5 1011
 200000000. .002857550 240000000. .002694168 280000000. .002575560143110  5 1012
 320000000. .002507093 360000000. .002385992 400000000. .002306422143110  5 1013
 440000000. .002293278 480000000. .002242611 520000000. .002153484143110  5 1014
 560000000. .002088793 600000000. .002023131 640000000. .001983146143110  5 1015
 680000000. .001954675 720000000. .001926245 760000000. .001891750143110  5 1016
 800000000. .001864038 840000000. .001845354 880000000. .001789570143110  5 1017
 920000000. .001774145 960000000. .001759503 1.00000E+9 0.0       143110  5 1018
 0.0        0.0             13026          0          1         37143110  5 1019
         37          1                                            143110  5 1020
 30000000.0 .032450866 35000000.0 .021961303 40000000.0 .013624558143110  5 1021
 45000000.0 .010214788 50000000.0 .009431290 54000000.0 .009477257143110  5 1022
 55000000.0 .010579232 60000000.0 .016363442 70000000.0 .024366942143110  5 1023
 80000000.0 .028185202 90000000.0 .028806668 100000000. .028132674143110  5 1024
 120000000. .027403365 140000000. .026761591 160000000. .025941221143110  5 1025
 180000000. .025132673 200000000. .023982287 240000000. .022681154143110  5 1026
 280000000. .021499214 320000000. .020612026 360000000. .019948303143110  5 1027
 400000000. .019347764 440000000. .018840944 480000000. .018336562143110  5 1028
 520000000. .017849705 560000000. .017449081 600000000. .017036001143110  5 1029
 640000000. .016630738 680000000. .016279705 720000000. .015912199143110  5 1030
 760000000. .015702171 800000000. .015499000 840000000. .015246023143110  5 1031
 880000000. .015088170 920000000. .014947355 960000000. .014765401143110  5 1032
 1.00000E+9 0.0                                                   143110  5 1033
 0.0        0.0             13027          0          1         37143110  5 1034
         37          1                                            143110  5 1035
 30000000.0 .003350989 35000000.0 .005290676 40000000.0 .014499680143110  5 1036
 45000000.0 .030913612 50000000.0 .046367516 54000000.0 .053220401143110  5 1037
 55000000.0 .057328021 60000000.0 .063193760 70000000.0 .063848392143110  5 1038
 80000000.0 .059967755 90000000.0 .056583531 100000000. .053000792143110  5 1039
 120000000. .050136219 140000000. .048333555 160000000. .046848659143110  5 1040
 180000000. .045552903 200000000. .043970367 240000000. .042169650143110  5 1041
 280000000. .040474889 320000000. .039252105 360000000. .038652617143110  5 1042
 400000000. .037862894 440000000. .036920988 480000000. .036145789143110  5 1043
 520000000. .035476347 560000000. .034925714 600000000. .034335840143110  5 1044
 640000000. .033740374 680000000. .033213305 720000000. .032796568143110  5 1045
 760000000. .032475752 800000000. .032108797 840000000. .031725752143110  5 1046
 880000000. .031447363 920000000. .031137376 960000000. .030811395143110  5 1047
 1.00000E+9 0.0                                                   143110  5 1048
 0.0        0.0             13028          0          1         37143110  5 1049
         37          1                                            143110  5 1050
 30000000.0 .012799332 35000000.0 .027333241 40000000.0 .036874502143110  5 1051
 45000000.0 .040047677 50000000.0 .039202379 54000000.0 .037396587143110  5 1052
 55000000.0 .035046826 60000000.0 .031147205 70000000.0 .028768856143110  5 1053
 80000000.0 .027874341 90000000.0 .026855007 100000000. .025840121143110  5 1054
 120000000. .025224545 140000000. .025027312 160000000. .025038038143110  5 1055
 180000000. .025032001 200000000. .025317734 240000000. .025792124143110  5 1056
 280000000. .026041930 320000000. .026449662 360000000. .026786438143110  5 1057
 400000000. .027033506 440000000. .027382680 480000000. .027652053143110  5 1058
 520000000. .027983234 560000000. .028382494 600000000. .028675731143110  5 1059
 640000000. .028817273 680000000. .028849905 720000000. .028801036143110  5 1060
 760000000. .028678043 800000000. .028549529 840000000. .028409085143110  5 1061
 880000000. .028222822 920000000. .027984901 960000000. .027765626143110  5 1062
 1.00000E+9 0.0                                                   143110  5 1063
 0.0        0.0             13029          0          1         37143110  5 1064
         37          1                                            143110  5 1065
 30000000.0 .021962512 35000000.0 .023150448 40000000.0 .022662065143110  5 1066
 45000000.0 .022252264 50000000.0 .021713426 54000000.0 .020989165143110  5 1067
 55000000.0 .019822949 60000000.0 .017925782 70000000.0 .017504030143110  5 1068
 80000000.0 .018361308 90000000.0 .018661912 100000000. .018946738143110  5 1069
 120000000. .019723365 140000000. .020696343 160000000. .021491387143110  5 1070
 180000000. .022153838 200000000. .023294461 240000000. .024686259143110  5 1071
 280000000. .025728188 320000000. .026842184 360000000. .027955994143110  5 1072
 400000000. .028952900 440000000. .030081488 480000000. .031345463143110  5 1073
 520000000. .032765824 560000000. .034290514 600000000. .035627557143110  5 1074
 640000000. .036654221 680000000. .037379619 720000000. .037749432143110  5 1075
 760000000. .037886350 800000000. .037898049 840000000. .037828496143110  5 1076
 880000000. .037642408 920000000. .037383965 960000000. .037136755143110  5 1077
 1.00000E+9 0.0                                                   143110  5 1078
 0.0        0.0             13030          0          1         21143110  5 1079
         21          1                                            143110  5 1080
 200000000. 4.18195E-6 240000000. 5.85387E-6 280000000. 1.02672E-5143110  5 1081
 320000000. 1.53569E-5 360000000. 2.40348E-5 400000000. 3.17109E-5143110  5 1082
 440000000. 3.48197E-5 480000000. 4.37749E-5 520000000. 5.39680E-5143110  5 1083
 560000000. 6.01884E-5 600000000. 6.42625E-5 640000000. 7.16954E-5143110  5 1084
 680000000. 7.79803E-5 720000000. 8.19209E-5 760000000. 8.64790E-5143110  5 1085
 800000000. 8.69972E-5 840000000. 8.62446E-5 880000000. 8.97644E-5143110  5 1086
 920000000. 9.46744E-5 960000000. 9.52587E-5 1.00000E+9 0.0       143110  5 1087
 0.0        0.0             14025          0          1         26143110  5 1088
         26          1                                            143110  5 1089
 100000000. 2.57995E-6 120000000. 2.94834E-6 140000000. 4.44877E-6143110  5 1090
 160000000. 4.05875E-6 180000000. 3.17228E-6 200000000. 4.80859E-6143110  5 1091
 240000000. 5.07071E-6 280000000. 3.12715E-6 320000000. 2.49239E-6143110  5 1092
 360000000. 3.76147E-6 400000000. 4.47339E-6 440000000. 4.32520E-6143110  5 1093
 480000000. 4.62300E-6 520000000. 5.37284E-6 560000000. 7.52083E-6143110  5 1094
 600000000. 6.48671E-6 640000000. 4.20498E-6 680000000. 5.17770E-6143110  5 1095
 720000000. 6.62738E-6 760000000. 6.42055E-6 800000000. 4.29953E-6143110  5 1096
 840000000. 3.10437E-6 880000000. 3.11400E-6 920000000. 3.59099E-6143110  5 1097
 960000000. 5.03374E-6 1.00000E+9 0.0                             143110  5 1098
 0.0        0.0             14026          0          1         32143110  5 1099
         32          1                                            143110  5 1100
 54000000.0 6.93154E-6 55000000.0 1.07941E-5 60000000.0 2.99473E-5143110  5 1101
 70000000.0 7.93637E-5 80000000.0 1.30287E-4 90000000.0 1.57708E-4143110  5 1102
 100000000. 1.74777E-4 120000000. 1.75710E-4 140000000. 1.68324E-4143110  5 1103
 160000000. 1.72890E-4 180000000. 1.76435E-4 200000000. 1.66948E-4143110  5 1104
 240000000. 1.52927E-4 280000000. 1.44020E-4 320000000. 1.39197E-4143110  5 1105
 360000000. 1.47168E-4 400000000. 1.55363E-4 440000000. 1.46548E-4143110  5 1106
 480000000. 1.31880E-4 520000000. 1.21643E-4 560000000. 1.24475E-4143110  5 1107
 600000000. 1.34078E-4 640000000. 1.35045E-4 680000000. 1.26087E-4143110  5 1108
 720000000. 1.22418E-4 760000000. 1.20260E-4 800000000. 1.14166E-4143110  5 1109
 840000000. 1.14189E-4 880000000. 1.19684E-4 920000000. 1.17024E-4143110  5 1110
 960000000. 1.04408E-4 1.00000E+9 0.0                             143110  5 1111
 0.0        0.0             14027          0          1         37143110  5 1112
         37          1                                            143110  5 1113
 30000000.0 8.44511E-5 35000000.0 2.37694E-4 40000000.0 6.09980E-4143110  5 1114
 45000000.0 .001525281 50000000.0 .002865078 54000000.0 .003729747143110  5 1115
 55000000.0 .004528674 60000000.0 .005864392 70000000.0 .006301128143110  5 1116
 80000000.0 .005728599 90000000.0 .005256436 100000000. .004885455143110  5 1117
 120000000. .004568157 140000000. .004326396 160000000. .004080673143110  5 1118
 180000000. .003872240 200000000. .003641002 240000000. .003331426143110  5 1119
 280000000. .003110349 320000000. .002933912 360000000. .002766478143110  5 1120
 400000000. .002619612 440000000. .002468935 480000000. .002362603143110  5 1121
 520000000. .002268205 560000000. .002181138 600000000. .002094372143110  5 1122
 640000000. .002027335 680000000. .001998349 720000000. .001944546143110  5 1123
 760000000. .001892713 800000000. .001872507 840000000. .001819906143110  5 1124
 880000000. .001772657 920000000. .001761523 960000000. .001733571143110  5 1125
 1.00000E+9 0.0                                                   143110  5 1126
 0.0        0.0             14028          0          1         37143110  5 1127
         37          1                                            143110  5 1128
 30000000.0 .093764361 35000000.0 .136772601 40000000.0 .145620827143110  5 1129
 45000000.0 .138647078 50000000.0 .127063689 54000000.0 .118489817143110  5 1130
 55000000.0 .109297013 60000000.0 .093973825 70000000.0 .081564544143110  5 1131
 80000000.0 .072969777 90000000.0 .065654482 100000000. .058862173143110  5 1132
 120000000. .053251392 140000000. .049591263 160000000. .046590595143110  5 1133
 180000000. .043999717 200000000. .041396826 240000000. .038501724143110  5 1134
 280000000. .035822544 320000000. .033665879 360000000. .031989326143110  5 1135
 400000000. .030529625 440000000. .029219280 480000000. .027919790143110  5 1136
 520000000. .026721138 560000000. .025731680 600000000. .024830345143110  5 1137
 640000000. .024032991 680000000. .023523048 720000000. .023117694143110  5 1138
 760000000. .022700479 800000000. .022432268 840000000. .022281930143110  5 1139
 880000000. .022162970 920000000. .022082121 960000000. .022071456143110  5 1140
 1.00000E+9 0.0                                                   143110  5 1141
 0.0        0.0             14029          0          1         37143110  5 1142
         37          1                                            143110  5 1143
 30000000.0 .385578979 35000000.0 .307198444 40000000.0 .249947678143110  5 1144
 45000000.0 .214252964 50000000.0 .190552558 54000000.0 .176233181143110  5 1145
 55000000.0 .161497336 60000000.0 .137617401 70000000.0 .120563245143110  5 1146
 80000000.0 .110840476 90000000.0 .102217596 100000000. .093684521143110  5 1147
 120000000. .086305289 140000000. .081328282 160000000. .077217543143110  5 1148
 180000000. .073673864 200000000. .069806905 240000000. .065400807143110  5 1149
 280000000. .061250274 320000000. .058237019 360000000. .056169399143110  5 1150
 400000000. .054346674 440000000. .052772730 480000000. .051361950143110  5 1151
 520000000. .050146175 560000000. .049167047 600000000. .048312442143110  5 1152
 640000000. .047594586 680000000. .047112648 720000000. .046702162143110  5 1153
 760000000. .046485265 800000000. .046449041 840000000. .046475752143110  5 1154
 880000000. .046543733 920000000. .046603333 960000000. .046668714143110  5 1155
 1.00000E+9 0.0                                                   143110  5 1156
 0.0        0.0             14030          0          1         37143110  5 1157
         37          1                                            143110  5 1158
 30000000.0 .064583816 35000000.0 .048229738 40000000.0 .036712651143110  5 1159
 45000000.0 .029683347 50000000.0 .025264151 54000000.0 .022834361143110  5 1160
 55000000.0 .020525405 60000000.0 .016796255 70000000.0 .013703476143110  5 1161
 80000000.0 .011559605 90000000.0 .009928981 100000000. .008399617143110  5 1162
 120000000. .007104226 140000000. .006273901 160000000. .005643508143110  5 1163
 180000000. .005263667 200000000. .004798241 240000000. .004212915143110  5 1164
 280000000. .003812620 320000000. .003534763 360000000. .003313468143110  5 1165
 400000000. .003133544 440000000. .002979453 480000000. .002885225143110  5 1166
 520000000. .002857833 560000000. .002879862 600000000. .002935125143110  5 1167
 640000000. .003014106 680000000. .003082715 720000000. .003121377143110  5 1168
 760000000. .003158795 800000000. .003211617 840000000. .003276864143110  5 1169
 880000000. .003317823 920000000. .003348506 960000000. .003386133143110  5 1170
 1.00000E+9 0.0                                                   143110  5 1171
 0.0        0.0             15027          0          1         28143110  5 1172
         28          1                                            143110  5 1173
 80000000.0 4.69569E-6 90000000.0 3.01130E-6 100000000. 2.34088E-6143110  5 1174
 120000000. 2.54405E-6 140000000. 4.00475E-6 160000000. 4.69213E-6143110  5 1175
 180000000. 5.05601E-6 200000000. 7.55825E-6 240000000. 7.99074E-6143110  5 1176
 280000000. 6.64831E-6 320000000. 6.84464E-6 360000000. 6.72351E-6143110  5 1177
 400000000. 5.95820E-6 440000000. 6.70423E-6 480000000. 6.38795E-6143110  5 1178
 520000000. 7.16173E-6 560000000. 7.52824E-6 600000000. 7.39092E-6143110  5 1179
 640000000. 8.87714E-6 680000000. 9.65556E-6 720000000. 7.83375E-6143110  5 1180
 760000000. 4.99156E-6 800000000. 5.23972E-6 840000000. 6.44613E-6143110  5 1181
 880000000. 7.89608E-6 920000000. 7.67743E-6 960000000. 7.43293E-6143110  5 1182
 1.00000E+9 0.0                                                   143110  5 1183
 0.0        0.0             15028          0          1         36143110  5 1184
         36          1                                            143110  5 1185
 35000000.0 2.44273E-5 40000000.0 8.50058E-5 45000000.0 1.63108E-4143110  5 1186
 50000000.0 2.07118E-4 54000000.0 2.18081E-4 55000000.0 2.18287E-4143110  5 1187
 60000000.0 1.95831E-4 70000000.0 1.62135E-4 80000000.0 1.50184E-4143110  5 1188
 90000000.0 1.49923E-4 100000000. 1.50054E-4 120000000. 1.57504E-4143110  5 1189
 140000000. 1.58956E-4 160000000. 1.50640E-4 180000000. 1.41879E-4143110  5 1190
 200000000. 1.37115E-4 240000000. 1.28538E-4 280000000. 1.23460E-4143110  5 1191
 320000000. 1.20286E-4 360000000. 1.14813E-4 400000000. 1.04319E-4143110  5 1192
 440000000. 9.76004E-5 480000000. 9.53142E-5 520000000. 8.98367E-5143110  5 1193
 560000000. 7.91368E-5 600000000. 7.37460E-5 640000000. 7.73187E-5143110  5 1194
 680000000. 7.84637E-5 720000000. 7.43885E-5 760000000. 6.86863E-5143110  5 1195
 800000000. 6.48358E-5 840000000. 6.28372E-5 880000000. 6.05871E-5143110  5 1196
 920000000. 5.51576E-5 960000000. 5.56367E-5 1.00000E+9 0.0       143110  5 1197
 0.0        0.0             15029          0          1         37143110  5 1198
         37          1                                            143110  5 1199
 30000000.0 .020252759 35000000.0 .015166301 40000000.0 .011669534143110  5 1200
 45000000.0 .009691331 50000000.0 .008500848 54000000.0 .007791369143110  5 1201
 55000000.0 .007057878 60000000.0 .005943447 70000000.0 .005065182143110  5 1202
 80000000.0 .004420776 90000000.0 .003888264 100000000. .003376395143110  5 1203
 120000000. .002903348 140000000. .002579544 160000000. .002344660143110  5 1204
 180000000. .002115711 200000000. .001862214 240000000. .001639045143110  5 1205
 280000000. .001448047 320000000. .001295117 360000000. .001153999143110  5 1206
 400000000. .001029479 440000000. 9.26113E-4 480000000. 8.21231E-4143110  5 1207
 520000000. 7.36631E-4 560000000. 6.78830E-4 600000000. 6.26743E-4143110  5 1208
 640000000. 5.86668E-4 680000000. 5.51015E-4 720000000. 5.15882E-4143110  5 1209
 760000000. 4.98328E-4 800000000. 4.71067E-4 840000000. 4.48217E-4143110  5 1210
 880000000. 4.55087E-4 920000000. 4.54093E-4 960000000. 4.43387E-4143110  5 1211
 1.00000E+9 0.0                                                   143110  5 1212
 0.0        0.0             15030          0          1         37143110  5 1213
         37          1                                            143110  5 1214
 30000000.0 .047154998 35000000.0 .035322395 40000000.0 .027146471143110  5 1215
 45000000.0 .022089970 50000000.0 .018818681 54000000.0 .016971520143110  5 1216
 55000000.0 .015121794 60000000.0 .012240824 70000000.0 .009873715143110  5 1217
 80000000.0 .008166248 90000000.0 .006942259 100000000. .005779871143110  5 1218
 120000000. .004775162 140000000. .004195522 160000000. .003767225143110  5 1219
 180000000. .003411842 200000000. .003123093 240000000. .002885910143110  5 1220
 280000000. .002733128 320000000. .002537607 360000000. .002216307143110  5 1221
 400000000. .001920255 440000000. .001676702 480000000. .001479254143110  5 1222
 520000000. .001328094 560000000. .001196078 600000000. .001087437143110  5 1223
 640000000. .001006631 680000000. 9.31844E-4 720000000. 8.70976E-4143110  5 1224
 760000000. 8.17597E-4 800000000. 7.76066E-4 840000000. 7.39836E-4143110  5 1225
 880000000. 7.10881E-4 920000000. 6.86912E-4 960000000. 6.58650E-4143110  5 1226
 1.00000E+9 0.0                                                   143110  5 1227
 0.0        0.0             16029          0          1         11143110  5 1228
         11          1                                            143110  5 1229
 600000000. 3.93692E-6 640000000. 3.50064E-6 680000000. 3.77272E-6143110  5 1230
 720000000. 3.31545E-6 760000000. 2.85467E-6 800000000. 2.38318E-6143110  5 1231
 840000000. 2.38918E-6 880000000. 2.51270E-6 920000000. 2.75554E-6143110  5 1232
 960000000. 2.64062E-6 1.00000E+9 0.0                             143110  5 1233
 0.0        0.0             16030          0          1         14143110  5 1234
         14          1                                            143110  5 1235
 480000000. 2.53020E-6 520000000. 2.35091E-6 560000000. 2.26020E-6143110  5 1236
 600000000. 2.26020E-6 640000000. 2.26020E-6 680000000. 2.26020E-6143110  5 1237
 720000000. 2.26020E-6 760000000. 2.26020E-6 800000000. 2.26020E-6143110  5 1238
 840000000. 2.26020E-6 880000000. 2.26020E-6 920000000. 2.26020E-6143110  5 1239
 960000000. 2.26020E-6 1.00000E+9 0.0                             143110  5 1240
                                                                  143110  099999
                                                                  1431 0  0    0
                                                                     0 0  0    0
                                                                    -1 0  0    0
