 UK-HEIR-0.1 P-INDUCED RESIDUAL YEILD FILE DEC 2017               5049 0  0    0
 50120.0000 119.900000         -1          0         99          15049 1451    1
 0.0        0.0                 0          0          0          65049 1451    2
 .998620000 1.00000E+9          1          0      10010          15049 1451    3
 0.0        0.0                 1          0         34          35049 1451    4
 50-Sn-120 UKAEA      EVAL-DEC17 M.J.FLEMING                      5049 1451    5
                      DIST-DEC17                                  5049 1451    6
----UK-HEIR-0.1       MATERIAL 5049                               5049 1451    7
-----PROTON-INDUCED RESIDUAL PRODUCT YIELDS                       5049 1451    8
------ENDF-6 FORMAT                                               5049 1451    9
******************************************************************5049 1451   10
**  Residual data obtained with the GEANT4 code, version 10.1   **5049 1451   11
**  utilising the INCL++/ABLA in-built physics models           **5049 1451   12
**  See http://geant4.cern.ch/ for more information             **5049 1451   13
**                                                              **5049 1451   14
**  Compiled as ENDF-6 file by Michael Fleming of UKAEA         **5049 1451   15
******************************************************************5049 1451   16
                                                                  5049 1451   17
 The authors and the United Kingdom Atomic Energy Authority       5049 1451   18
 cannot accept responsibility for loss occasioned to any          5049 1451   19
 person for the use of, or reliance upon, the information         5049 1451   20
 contained in the data or its completeness or accuracy.           5049 1451   21
                                                                  5049 1451   22
 References:                                                      5049 1451   23
 - A. Boudard, J. Cugnon, J.-C. David, S. Leray, D. Mancusi       5049 1451   24
     Phys. Rev. C 87 (2013) 014606                                5049 1451   25
     https://arxiv.org/abs/1210.3498                              5049 1451   26
 - A. Kelic, M. V. Ricciardi, K.-H. Schmidt                       5049 1451   27
     Joint ICTP-IAEA Advanced Workshop on Model Codes for         5049 1451   28
     Spallation Reactions INDC(NDC)-0530 (2008) 181               5049 1451   29
     https://arxiv.org/abs/0906.4193                              5049 1451   30
 - A. Heikkinen, P. Kaitaniemi, A. Boudard                        5049 1451   31
     J. Phys. Conf. Ser. 119, 032024 (2008)                       5049 1451   32
     http://dx.doi.org/10.1088/1742-6596/119/3/032024             5049 1451   33
                                                                  5049 1451   34
 ***************** Program GROUPIE (VERSION 2017-1)***************5049 1451   35
 Unshielded Group Averages Using   162 Groups                     5049 1451   36
 Weighting Spectrum: 1/E Spectrum                                 5049 1451   37
 **************** Program DICTIN (VERSION 2017-1) ****************5049 1451   38
                                1        451         41          05049 1451   39
                                3          5         16          15049 1451   40
                               10          5       3247          15049 1451   41
                                                                  5049 1  099999
                                                                  5049 0  0    0
 50120.0000 119.900000          0          0          0          05049 3  5    1
 0.0        0.0                 0          0          1         375049 3  5    2
         37          1                                            5049 3  5    3
 30000000.0 .005305468 35000000.0 .005421684 40000000.0 .0055043135049 3  5    4
 45000000.0 .005614392 50000000.0 .005713879 54000000.0 .0057700165049 3  5    5
 55000000.0 .005814952 60000000.0 .005983476 70000000.0 .0061984605049 3  5    6
 80000000.0 .006375363 90000000.0 .006567806 100000000. .0068449635049 3  5    7
 120000000. .007229782 140000000. .007613142 160000000. .0079878695049 3  5    8
 180000000. .008360708 200000000. .008828960 240000000. .0093776105049 3  5    9
 280000000. .009919646 320000000. .010511896 360000000. .0111281545049 3  5   10
 400000000. .011787854 440000000. .012498360 480000000. .0131890255049 3  5   11
 520000000. .013842085 560000000. .014461528 600000000. .0150192575049 3  5   12
 640000000. .015512100 680000000. .015987238 720000000. .0164479915049 3  5   13
 760000000. .016881205 800000000. .017261122 840000000. .0175952255049 3  5   14
 880000000. .017928748 920000000. .018274248 960000000. .0186287895049 3  5   15
 1.00000E+9 0.0                                                   5049 3  5   16
                                                                  5049 3  099999
                                                                  5049 0  0    0
 50120.0000 119.900000          0          0        403          0504910  5    1
 0.0        0.0                 1          0          1         37504910  5    2
         37          1                                            504910  5    3
 30000000.0 .003174071 35000000.0 .003281019 40000000.0 .003358917504910  5    4
 45000000.0 .003462319 50000000.0 .003563968 54000000.0 .003622212504910  5    5
 55000000.0 .003683087 60000000.0 .003865312 70000000.0 .004052510504910  5    6
 80000000.0 .004168383 90000000.0 .004296287 100000000. .004484728504910  5    7
 120000000. .004746990 140000000. .005005423 160000000. .005254808504910  5    8
 180000000. .005498025 200000000. .005797285 240000000. .006144481504910  5    9
 280000000. .006487578 320000000. .006864998 360000000. .007260357504910  5   10
 400000000. .007686001 440000000. .008143798 480000000. .008585501504910  5   11
 520000000. .008998344 560000000. .009388356 600000000. .009737898504910  5   12
 640000000. .010043414 680000000. .010336609 720000000. .010618279504910  5   13
 760000000. .010883393 800000000. .011116162 840000000. .011317240504910  5   14
 880000000. .011516748 920000000. .011723255 960000000. .011936265504910  5   15
 1.00000E+9 0.0                                                   504910  5   16
 0.0        0.0              1001          0          1         37504910  5   17
         37          1                                            504910  5   18
 30000000.0 5.72379E-4 35000000.0 6.23155E-4 40000000.0 6.60620E-4504910  5   19
 45000000.0 6.87938E-4 50000000.0 7.02866E-4 54000000.0 7.08204E-4504910  5   20
 55000000.0 7.07026E-4 60000000.0 7.11659E-4 70000000.0 7.45115E-4504910  5   21
 80000000.0 8.00703E-4 90000000.0 8.54217E-4 100000000. 9.24463E-4504910  5   22
 120000000. .001016031 140000000. .001104894 160000000. .001191593504910  5   23
 180000000. .001280015 200000000. .001398028 240000000. .001542620504910  5   24
 280000000. .001684196 320000000. .001831918 360000000. .001981994504910  5   25
 400000000. .002139283 440000000. .002307366 480000000. .002472485504910  5   26
 520000000. .002631770 560000000. .002785200 600000000. .002924894504910  5   27
 640000000. .003051534 680000000. .003174509 720000000. .003296658504910  5   28
 760000000. .003411086 800000000. .003512864 840000000. .003606294504910  5   29
 880000000. .003697118 920000000. .003790257 960000000. .003887616504910  5   30
 1.00000E+9 0.0                                                   504910  5   31
 0.0        0.0              1002          0          1         37504910  5   32
         37          1                                            504910  5   33
 30000000.0 2.00601E-5 35000000.0 2.71821E-5 40000000.0 3.39936E-5504910  5   34
 45000000.0 4.01135E-5 50000000.0 4.54491E-5 54000000.0 4.82758E-5504910  5   35
 55000000.0 5.05103E-5 60000000.0 5.65611E-5 70000000.0 6.69402E-5504910  5   36
 80000000.0 7.92072E-5 90000000.0 9.04552E-5 100000000. 1.05366E-4504910  5   37
 120000000. 1.24317E-4 140000000. 1.41912E-4 160000000. 1.58422E-4504910  5   38
 180000000. 1.74057E-4 200000000. 1.94059E-4 240000000. 2.17099E-4504910  5   39
 280000000. 2.37208E-4 320000000. 2.56601E-4 360000000. 2.75640E-4504910  5   40
 400000000. 2.95544E-4 440000000. 3.17035E-4 480000000. 3.39246E-4504910  5   41
 520000000. 3.61769E-4 560000000. 3.83348E-4 600000000. 4.03571E-4504910  5   42
 640000000. 4.21833E-4 680000000. 4.39652E-4 720000000. 4.57190E-4504910  5   43
 760000000. 4.73769E-4 800000000. 4.88512E-4 840000000. 5.02199E-4504910  5   44
 880000000. 5.17227E-4 920000000. 5.32020E-4 960000000. 5.45630E-4504910  5   45
 1.00000E+9 0.0                                                   504910  5   46
 0.0        0.0              1003          0          1         37504910  5   47
         37          1                                            504910  5   48
 30000000.0 3.61160E-6 35000000.0 5.41177E-6 40000000.0 7.31750E-6504910  5   49
 45000000.0 9.26622E-6 50000000.0 1.10725E-5 54000000.0 1.21158E-5504910  5   50
 55000000.0 1.29947E-5 60000000.0 1.51078E-5 70000000.0 1.82053E-5504910  5   51
 80000000.0 2.14141E-5 90000000.0 2.40874E-5 100000000. 2.74061E-5504910  5   52
 120000000. 3.15610E-5 140000000. 3.49828E-5 160000000. 3.80353E-5504910  5   53
 180000000. 4.10173E-5 200000000. 4.48718E-5 240000000. 4.88296E-5504910  5   54
 280000000. 5.21679E-5 320000000. 5.59634E-5 360000000. 5.98474E-5504910  5   55
 400000000. 6.38626E-5 440000000. 6.81361E-5 480000000. 7.25520E-5504910  5   56
 520000000. 7.71574E-5 560000000. 8.16767E-5 600000000. 8.57356E-5504910  5   57
 640000000. 8.93541E-5 680000000. 9.31205E-5 720000000. 9.70001E-5504910  5   58
 760000000. 1.00150E-4 800000000. 1.03037E-4 840000000. 1.05984E-4504910  5   59
 880000000. 1.09132E-4 920000000. 1.12280E-4 960000000. 1.15055E-4504910  5   60
 1.00000E+9 0.0                                                   504910  5   61
 0.0        0.0              2003          0          1         37504910  5   62
         37          1                                            504910  5   63
 30000000.0 1.26121E-7 35000000.0 4.10893E-7 40000000.0 8.20702E-7504910  5   64
 45000000.0 1.26766E-6 50000000.0 1.70110E-6 54000000.0 1.96071E-6504910  5   65
 55000000.0 2.33158E-6 60000000.0 3.33918E-6 70000000.0 4.80920E-6504910  5   66
 80000000.0 6.27782E-6 90000000.0 7.67407E-6 100000000. 9.49295E-6504910  5   67
 120000000. 1.15793E-5 140000000. 1.34441E-5 160000000. 1.52781E-5504910  5   68
 180000000. 1.69734E-5 200000000. 1.88611E-5 240000000. 2.11114E-5504910  5   69
 280000000. 2.29135E-5 320000000. 2.47094E-5 360000000. 2.65531E-5504910  5   70
 400000000. 2.83063E-5 440000000. 3.04832E-5 480000000. 3.26738E-5504910  5   71
 520000000. 3.48893E-5 560000000. 3.70460E-5 600000000. 3.91116E-5504910  5   72
 640000000. 4.09774E-5 680000000. 4.25902E-5 720000000. 4.41389E-5504910  5   73
 760000000. 4.59324E-5 800000000. 4.76066E-5 840000000. 4.89637E-5504910  5   74
 880000000. 5.02808E-5 920000000. 5.15689E-5 960000000. 5.30806E-5504910  5   75
 1.00000E+9 0.0                                                   504910  5   76
 0.0        0.0              2004          0          1         37504910  5   77
         37          1                                            504910  5   78
 30000000.0 9.49538E-6 35000000.0 1.37770E-5 40000000.0 1.87468E-5504910  5   79
 45000000.0 2.45415E-5 50000000.0 3.05526E-5 54000000.0 3.41442E-5504910  5   80
 55000000.0 3.85784E-5 60000000.0 5.07942E-5 70000000.0 6.52999E-5504910  5   81
 80000000.0 7.63673E-5 90000000.0 8.68927E-5 100000000. 1.02237E-4504910  5   82
 120000000. 1.22555E-4 140000000. 1.42625E-4 160000000. 1.61690E-4504910  5   83
 180000000. 1.79518E-4 200000000. 2.03517E-4 240000000. 2.32947E-4504910  5   84
 280000000. 2.61456E-4 320000000. 2.92938E-4 360000000. 3.27280E-4504910  5   85
 400000000. 3.64111E-4 440000000. 4.02245E-4 480000000. 4.40316E-4504910  5   86
 520000000. 4.77630E-4 560000000. 5.12841E-4 600000000. 5.45590E-4504910  5   87
 640000000. 5.76097E-4 680000000. 6.05430E-4 720000000. 6.32920E-4504910  5   88
 760000000. 6.58862E-4 800000000. 6.81797E-4 840000000. 7.03159E-4504910  5   89
 880000000. 7.25437E-4 920000000. 7.48391E-4 960000000. 7.70396E-4504910  5   90
 1.00000E+9 0.0                                                   504910  5   91
 0.0        0.0              2006          0          1         32504910  5   92
         32          1                                            504910  5   93
 54000000.0 1.47660E-8 55000000.0 2.09681E-8 60000000.0 4.83265E-8504910  5   94
 70000000.0 1.05269E-7 80000000.0 1.89425E-7 90000000.0 2.79220E-7504910  5   95
 100000000. 4.31077E-7 120000000. 6.28031E-7 140000000. 8.08446E-7504910  5   96
 160000000. 9.29384E-7 180000000. 1.01938E-6 200000000. 1.18773E-6504910  5   97
 240000000. 1.34983E-6 280000000. 1.47028E-6 320000000. 1.62370E-6504910  5   98
 360000000. 1.73232E-6 400000000. 1.85390E-6 440000000. 2.07913E-6504910  5   99
 480000000. 2.20271E-6 520000000. 2.30935E-6 560000000. 2.45140E-6504910  5  100
 600000000. 2.59754E-6 640000000. 2.73001E-6 680000000. 2.83883E-6504910  5  101
 720000000. 2.90251E-6 760000000. 2.94146E-6 800000000. 3.07538E-6504910  5  102
 840000000. 3.18946E-6 880000000. 3.24025E-6 920000000. 3.36848E-6504910  5  103
 960000000. 3.49453E-6 1.00000E+9 0.0                             504910  5  104
 0.0        0.0              2008          0          1         26504910  5  105
         26          1                                            504910  5  106
 100000000. 2.14439E-8 120000000. 6.83525E-8 140000000. 1.49431E-7504910  5  107
 160000000. 2.54631E-7 180000000. 3.84180E-7 200000000. 5.17847E-7504910  5  108
 240000000. 6.19639E-7 280000000. 6.99285E-7 320000000. 7.76925E-7504910  5  109
 360000000. 8.43521E-7 400000000. 8.89037E-7 440000000. 9.88041E-7504910  5  110
 480000000. 1.07260E-6 520000000. 1.08050E-6 560000000. 1.15868E-6504910  5  111
 600000000. 1.29357E-6 640000000. 1.35018E-6 680000000. 1.36528E-6504910  5  112
 720000000. 1.43473E-6 760000000. 1.49801E-6 800000000. 1.53910E-6504910  5  113
 840000000. 1.64075E-6 880000000. 1.68063E-6 920000000. 1.68728E-6504910  5  114
 960000000. 1.79696E-6 1.00000E+9 0.0                             504910  5  115
 0.0        0.0              3006          0          1         29504910  5  116
         29          1                                            504910  5  117
 70000000.0 4.54844E-8 80000000.0 8.61856E-8 90000000.0 1.37017E-7504910  5  118
 100000000. 2.10569E-7 120000000. 3.19541E-7 140000000. 3.99481E-7504910  5  119
 160000000. 4.53658E-7 180000000. 5.28345E-7 200000000. 5.81219E-7504910  5  120
 240000000. 6.41065E-7 280000000. 6.98082E-7 320000000. 7.29426E-7504910  5  121
 360000000. 8.08590E-7 400000000. 8.84827E-7 440000000. 9.20054E-7504910  5  122
 480000000. 9.81840E-7 520000000. 1.05775E-6 560000000. 1.12228E-6504910  5  123
 600000000. 1.19382E-6 640000000. 1.23494E-6 680000000. 1.26685E-6504910  5  124
 720000000. 1.33413E-6 760000000. 1.39102E-6 800000000. 1.44800E-6504910  5  125
 840000000. 1.48148E-6 880000000. 1.52326E-6 920000000. 1.56557E-6504910  5  126
 960000000. 1.58008E-6 1.00000E+9 0.0                             504910  5  127
 0.0        0.0              3007          0          1         28504910  5  128
         28          1                                            504910  5  129
 80000000.0 4.34824E-8 90000000.0 7.63907E-8 100000000. 1.35580E-7504910  5  130
 120000000. 2.24983E-7 140000000. 3.02106E-7 160000000. 3.95583E-7504910  5  131
 180000000. 4.84084E-7 200000000. 5.59782E-7 240000000. 6.31693E-7504910  5  132
 280000000. 6.83749E-7 320000000. 7.50962E-7 360000000. 7.97412E-7504910  5  133
 400000000. 8.52040E-7 440000000. 9.30987E-7 480000000. 9.83269E-7504910  5  134
 520000000. 1.05450E-6 560000000. 1.09470E-6 600000000. 1.13769E-6504910  5  135
 640000000. 1.20164E-6 680000000. 1.26099E-6 720000000. 1.34315E-6504910  5  136
 760000000. 1.40649E-6 800000000. 1.46045E-6 840000000. 1.47503E-6504910  5  137
 880000000. 1.49607E-6 920000000. 1.52517E-6 960000000. 1.57921E-6504910  5  138
 1.00000E+9 0.0                                                   504910  5  139
 0.0        0.0              3008          0          1         27504910  5  140
         27          1                                            504910  5  141
 90000000.0 2.20972E-8 100000000. 7.44771E-8 120000000. 1.77980E-7504910  5  142
 140000000. 3.48728E-7 160000000. 5.88190E-7 180000000. 7.60044E-7504910  5  143
 200000000. 9.18953E-7 240000000. 1.11075E-6 280000000. 1.21423E-6504910  5  144
 320000000. 1.31524E-6 360000000. 1.45418E-6 400000000. 1.53922E-6504910  5  145
 440000000. 1.60963E-6 480000000. 1.78387E-6 520000000. 1.92859E-6504910  5  146
 560000000. 2.04524E-6 600000000. 2.18421E-6 640000000. 2.31004E-6504910  5  147
 680000000. 2.42151E-6 720000000. 2.44859E-6 760000000. 2.49145E-6504910  5  148
 800000000. 2.57198E-6 840000000. 2.61959E-6 880000000. 2.72651E-6504910  5  149
 920000000. 2.85580E-6 960000000. 2.92150E-6 1.00000E+9 0.0       504910  5  150
 0.0        0.0              4007          0          1         27504910  5  151
         27          1                                            504910  5  152
 90000000.0 1.19354E-8 100000000. 3.95985E-8 120000000. 7.65412E-8504910  5  153
 140000000. 1.12722E-7 160000000. 1.52282E-7 180000000. 1.88280E-7504910  5  154
 200000000. 2.26551E-7 240000000. 2.59028E-7 280000000. 2.78021E-7504910  5  155
 320000000. 3.12012E-7 360000000. 3.55684E-7 400000000. 3.88759E-7504910  5  156
 440000000. 4.40907E-7 480000000. 4.72538E-7 520000000. 4.75730E-7504910  5  157
 560000000. 4.89782E-7 600000000. 5.27435E-7 640000000. 5.76095E-7504910  5  158
 680000000. 6.00727E-7 720000000. 5.98486E-7 760000000. 5.81791E-7504910  5  159
 800000000. 6.17841E-7 840000000. 6.70779E-7 880000000. 6.96626E-7504910  5  160
 920000000. 7.14637E-7 960000000. 7.36999E-7 1.00000E+9 0.0       504910  5  161
 0.0        0.0              5008          0          1         25504910  5  162
         25          1                                            504910  5  163
 120000000. 3.09546E-8 140000000. 7.77161E-8 160000000. 1.62426E-7504910  5  164
 180000000. 2.42060E-7 200000000. 2.85223E-7 240000000. 3.48231E-7504910  5  165
 280000000. 3.89038E-7 320000000. 3.83319E-7 360000000. 3.96008E-7504910  5  166
 400000000. 4.19635E-7 440000000. 4.10034E-7 480000000. 4.38195E-7504910  5  167
 520000000. 4.92547E-7 560000000. 5.15717E-7 600000000. 5.38360E-7504910  5  168
 640000000. 5.69742E-7 680000000. 5.96179E-7 720000000. 6.33130E-7504910  5  169
 760000000. 6.53750E-7 800000000. 6.61021E-7 840000000. 6.50856E-7504910  5  170
 880000000. 6.44600E-7 920000000. 6.89695E-7 960000000. 7.16858E-7504910  5  171
 1.00000E+9 0.0                                                   504910  5  172
 0.0        0.0              9019          0          1          2504910  5  173
          2          1                                            504910  5  174
 960000000. 0.0        1.00000E+9 0.0                             504910  5  175
 0.0        0.0             10020          0          1          2504910  5  176
          2          1                                            504910  5  177
 960000000. 0.0        1.00000E+9 0.0                             504910  5  178
 0.0        0.0             12024          0          1          2504910  5  179
          2          1                                            504910  5  180
 960000000. 0.0        1.00000E+9 0.0                             504910  5  181
 0.0        0.0             12026          0          1          3504910  5  182
          3          1                                            504910  5  183
 920000000. 9.11000E-9 960000000. 9.11000E-9 1.00000E+9 0.0       504910  5  184
 0.0        0.0             13027          0          1          4504910  5  185
          4          1                                            504910  5  186
 880000000. 9.10000E-9 920000000. 9.10000E-9 960000000. 9.10000E-9504910  5  187
 1.00000E+9 0.0                                                   504910  5  188
 0.0        0.0             13028          0          1          2504910  5  189
          2          1                                            504910  5  190
 960000000. 7.84000E-9 1.00000E+9 0.0                             504910  5  191
 0.0        0.0             14029          0          1          4504910  5  192
          4          1                                            504910  5  193
 880000000. 7.80993E-9 920000000. 7.82993E-9 960000000. 7.84993E-9504910  5  194
 1.00000E+9 0.0                                                   504910  5  195
 0.0        0.0             14030          0          1          3504910  5  196
          3          1                                            504910  5  197
 920000000. 6.51993E-9 960000000. 6.53000E-9 1.00000E+9 0.0       504910  5  198
 0.0        0.0             15032          0          1          2504910  5  199
          2          1                                            504910  5  200
 960000000. 0.0        1.00000E+9 0.0                             504910  5  201
 0.0        0.0             16033          0          1          2504910  5  202
          2          1                                            504910  5  203
 960000000. 7.84000E-9 1.00000E+9 0.0                             504910  5  204
 0.0        0.0             16034          0          1          4504910  5  205
          4          1                                            504910  5  206
 880000000. 6.50496E-9 920000000. 6.84511E-9 960000000. 7.52020E-9504910  5  207
 1.00000E+9 0.0                                                   504910  5  208
 0.0        0.0             16035          0          1          2504910  5  209
          2          1                                            504910  5  210
 960000000. 0.0        1.00000E+9 0.0                             504910  5  211
 0.0        0.0             17036          0          1          2504910  5  212
          2          1                                            504910  5  213
 960000000. 6.53000E-9 1.00000E+9 0.0                             504910  5  214
 0.0        0.0             17037          0          1          2504910  5  215
          2          1                                            504910  5  216
 960000000. 0.0        1.00000E+9 0.0                             504910  5  217
 0.0        0.0             18037          0          1          2504910  5  218
          2          1                                            504910  5  219
 960000000. 0.0        1.00000E+9 0.0                             504910  5  220
 0.0        0.0             18039          0          1          3504910  5  221
          3          1                                            504910  5  222
 920000000. 6.51000E-9 960000000. 6.51000E-9 1.00000E+9 0.0       504910  5  223
 0.0        0.0             19041          0          1          3504910  5  224
          3          1                                            504910  5  225
 920000000. 6.51993E-9 960000000. 6.53993E-9 1.00000E+9 0.0       504910  5  226
 0.0        0.0             19042          0          1          2504910  5  227
          2          1                                            504910  5  228
 960000000. 6.53000E-9 1.00000E+9 0.0                             504910  5  229
 0.0        0.0             20043          0          1          2504910  5  230
          2          1                                            504910  5  231
 960000000. 0.0        1.00000E+9 0.0                             504910  5  232
 0.0        0.0             21045          0          1          2504910  5  233
          2          1                                            504910  5  234
 960000000. 0.0        1.00000E+9 0.0                             504910  5  235
 0.0        0.0             21046          0          1          2504910  5  236
          2          1                                            504910  5  237
 960000000. 0.0        1.00000E+9 0.0                             504910  5  238
 0.0        0.0             22046          0          1          4504910  5  239
          4          1                                            504910  5  240
 880000000. 6.50000E-9 920000000. 6.50000E-9 960000000. 6.50000E-9504910  5  241
 1.00000E+9 0.0                                                   504910  5  242
 0.0        0.0             22048          0          1          3504910  5  243
          3          1                                            504910  5  244
 920000000. 6.51993E-9 960000000. 6.53000E-9 1.00000E+9 0.0       504910  5  245
 0.0        0.0             23050          0          1          2504910  5  246
          2          1                                            504910  5  247
 960000000. 0.0        1.00000E+9 0.0                             504910  5  248
 0.0        0.0             25054          0          1          2504910  5  249
          2          1                                            504910  5  250
 960000000. 0.0        1.00000E+9 0.0                             504910  5  251
 0.0        0.0             26057          0          1          2504910  5  252
          2          1                                            504910  5  253
 960000000. 7.19939E-9 1.00000E+9 0.0                             504910  5  254
 0.0        0.0             27057          0          1          2504910  5  255
          2          1                                            504910  5  256
 960000000. 6.53000E-9 1.00000E+9 0.0                             504910  5  257
 0.0        0.0             27058          0          1          2504910  5  258
          2          1                                            504910  5  259
 960000000. 0.0        1.00000E+9 0.0                             504910  5  260
 0.0        0.0             27060          0          1          3504910  5  261
          3          1                                            504910  5  262
 920000000. 6.51993E-9 960000000. 6.53993E-9 1.00000E+9 0.0       504910  5  263
 0.0        0.0             28060          0          1          2504910  5  264
          2          1                                            504910  5  265
 960000000. 7.84102E-9 1.00000E+9 0.0                             504910  5  266
 0.0        0.0             28061          0          1          3504910  5  267
          3          1                                            504910  5  268
 920000000. 7.82489E-9 960000000. 8.50048E-9 1.00000E+9 0.0       504910  5  269
 0.0        0.0             28063          0          1          2504910  5  270
          2          1                                            504910  5  271
 960000000. 0.0        1.00000E+9 0.0                             504910  5  272
 0.0        0.0             29061          0          1          2504910  5  273
          2          1                                            504910  5  274
 960000000. 6.53000E-9 1.00000E+9 0.0                             504910  5  275
 0.0        0.0             29062          0          1          3504910  5  276
          3          1                                            504910  5  277
 920000000. 1.11123E-8 960000000. 1.17443E-8 1.00000E+9 0.0       504910  5  278
 0.0        0.0             29063          0          1          3504910  5  279
          3          1                                            504910  5  280
 920000000. 1.36902E-8 960000000. 1.63415E-8 1.00000E+9 0.0       504910  5  281
 0.0        0.0             29064          0          1          5504910  5  282
          5          1                                            504910  5  283
 840000000. 9.08992E-9 880000000. 8.46941E-9 920000000. 8.46603E-9504910  5  284
 960000000. 1.50187E-8 1.00000E+9 0.0                             504910  5  285
 0.0        0.0             29065          0          1          4504910  5  286
          4          1                                            504910  5  287
 880000000. 9.75511E-9 920000000. 1.04349E-8 960000000. 1.11154E-8504910  5  288
 1.00000E+9 0.0                                                   504910  5  289
 0.0        0.0             29067          0          1          2504910  5  290
          2          1                                            504910  5  291
 960000000. 0.0        1.00000E+9 0.0                             504910  5  292
 0.0        0.0             30063          0          1          3504910  5  293
          3          1                                            504910  5  294
 920000000. 1.30264E-8 960000000. 1.56948E-8 1.00000E+9 0.0       504910  5  295
 0.0        0.0             30064          0          1          4504910  5  296
          4          1                                            504910  5  297
 880000000. 1.04003E-8 920000000. 1.56271E-8 960000000. 2.80769E-8504910  5  298
 1.00000E+9 0.0                                                   504910  5  299
 0.0        0.0             30065          0          1          6504910  5  300
          6          1                                            504910  5  301
 800000000. 9.73414E-9 840000000. 1.29899E-8 880000000. 1.43099E-8504910  5  302
 920000000. 2.08285E-8 960000000. 3.07224E-8 1.00000E+9 0.0       504910  5  303
 0.0        0.0             30066          0          1          6504910  5  304
          6          1                                            504910  5  305
 800000000. 7.78943E-9 840000000. 1.03899E-8 880000000. 1.81717E-8504910  5  306
 920000000. 2.47797E-8 960000000. 3.33118E-8 1.00000E+9 0.0       504910  5  307
 0.0        0.0             30067          0          1          6504910  5  308
          6          1                                            504910  5  309
 800000000. 6.50000E-9 840000000. 6.50000E-9 880000000. 1.03810E-8504910  5  310
 920000000. 1.75867E-8 960000000. 2.80858E-8 1.00000E+9 0.0       504910  5  311
 0.0        0.0             30068          0          1          3504910  5  312
          3          1                                            504910  5  313
 920000000. 9.12489E-9 960000000. 1.17571E-8 1.00000E+9 0.0       504910  5  314
 0.0        0.0             30069          0          1          2504910  5  315
          2          1                                            504910  5  316
 960000000. 0.0        1.00000E+9 0.0                             504910  5  317
 0.0        0.0             31064          0          1          2504910  5  318
          2          1                                            504910  5  319
 960000000. 0.0        1.00000E+9 0.0                             504910  5  320
 0.0        0.0             31065          0          1          4504910  5  321
          4          1                                            504910  5  322
 880000000. 1.03907E-8 920000000. 1.88782E-8 960000000. 2.48548E-8504910  5  323
 1.00000E+9 0.0                                                   504910  5  324
 0.0        0.0             31066          0          1          6504910  5  325
          6          1                                            504910  5  326
 800000000. 1.17000E-8 840000000. 1.42798E-8 880000000. 2.33767E-8504910  5  327
 920000000. 3.51826E-8 960000000. 5.22594E-8 1.00000E+9 0.0       504910  5  328
 0.0        0.0             31067          0          1          9504910  5  329
          9          1                                            504910  5  330
 680000000. 9.61418E-9 720000000. 1.29097E-8 760000000. 1.29697E-8504910  5  331
 800000000. 1.49341E-8 840000000. 1.75450E-8 880000000. 2.27361E-8504910  5  332
 920000000. 4.48896E-8 960000000. 7.64507E-8 1.00000E+9 0.0       504910  5  333
 0.0        0.0             31068          0          1          7504910  5  334
          7          1                                            504910  5  335
 760000000. 9.72427E-9 800000000. 1.29789E-8 840000000. 2.20496E-8504910  5  336
 880000000. 3.63770E-8 920000000. 5.27693E-8 960000000. 6.60382E-8504910  5  337
 1.00000E+9 0.0                                                   504910  5  338
 0.0        0.0             31069          0          1          8504910  5  339
          8          1                                            504910  5  340
 720000000. 1.03248E-8 760000000. 1.29526E-8 800000000. 1.49553E-8504910  5  341
 840000000. 1.75248E-8 880000000. 2.66315E-8 920000000. 4.42713E-8504910  5  342
 960000000. 5.29917E-8 1.00000E+9 0.0                             504910  5  343
 0.0        0.0             31070          0          1          8504910  5  344
          8          1                                            504910  5  345
 720000000. 7.52348E-9 760000000. 9.71065E-9 800000000. 1.18978E-8504910  5  346
 840000000. 1.23550E-8 880000000. 1.23551E-8 920000000. 1.75774E-8504910  5  347
 960000000. 2.87402E-8 1.00000E+9 0.0                             504910  5  348
 0.0        0.0             31071          0          1          5504910  5  349
          5          1                                            504910  5  350
 840000000. 7.80000E-9 880000000. 1.10358E-8 920000000. 1.40172E-8504910  5  351
 960000000. 1.34071E-8 1.00000E+9 0.0                             504910  5  352
 0.0        0.0             31072          0          1          2504910  5  353
          2          1                                            504910  5  354
 960000000. 6.53000E-9 1.00000E+9 0.0                             504910  5  355
 0.0        0.0             32066          0          1          4504910  5  356
          4          1                                            504910  5  357
 880000000. 6.72499E-9 920000000. 7.17839E-9 960000000. 7.63179E-9504910  5  358
 1.00000E+9 0.0                                                   504910  5  359
 0.0        0.0             32067          0          1          5504910  5  360
          5          1                                            504910  5  361
 840000000. 8.43488E-9 880000000. 1.88073E-8 920000000. 3.12719E-8504910  5  362
 960000000. 3.33630E-8 1.00000E+9 0.0                             504910  5  363
 0.0        0.0             32068          0          1          6504910  5  364
          6          1                                            504910  5  365
 800000000. 2.46683E-8 840000000. 3.50496E-8 880000000. 5.45583E-8504910  5  366
 920000000. 6.91100E-8 960000000. 9.08061E-8 1.00000E+9 0.0       504910  5  367
 0.0        0.0             32069          0          1          8504910  5  368
          8          1                                            504910  5  369
 720000000. 9.66072E-9 760000000. 2.19920E-8 800000000. 4.47390E-8504910  5  370
 840000000. 6.23747E-8 880000000. 7.73427E-8 920000000. 1.08130E-7504910  5  371
 960000000. 1.31446E-7 1.00000E+9 0.0                             504910  5  372
 0.0        0.0             32070          0          1          9504910  5  373
          9          1                                            504910  5  374
 680000000. 1.22036E-8 720000000. 2.06048E-8 760000000. 2.72456E-8504910  5  375
 800000000. 3.56707E-8 840000000. 6.42088E-8 880000000. 1.01365E-7504910  5  376
 920000000. 1.27753E-7 960000000. 1.54254E-7 1.00000E+9 0.0       504910  5  377
 0.0        0.0             32071          0          1          8504910  5  378
          8          1                                            504910  5  379
 720000000. 2.06347E-8 760000000. 3.36667E-8 800000000. 4.54789E-8504910  5  380
 840000000. 6.22941E-8 880000000. 7.22433E-8 920000000. 9.43993E-8504910  5  381
 960000000. 1.36616E-7 1.00000E+9 0.0                             504910  5  382
 0.0        0.0             32072          0          1         10504910  5  383
         10          1                                            504910  5  384
 640000000. 7.03333E-9 680000000. 8.35371E-9 720000000. 1.22457E-8504910  5  385
 760000000. 1.36314E-8 800000000. 1.55683E-8 840000000. 2.46597E-8504910  5  386
 880000000. 4.09078E-8 920000000. 6.18899E-8 960000000. 8.10569E-8504910  5  387
 1.00000E+9 0.0                                                   504910  5  388
 0.0        0.0             32073          0          1          8504910  5  389
          8          1                                            504910  5  390
 720000000. 9.02820E-9 760000000. 9.08590E-9 800000000. 1.10236E-8504910  5  391
 840000000. 2.07496E-8 880000000. 2.47391E-8 920000000. 3.12499E-8504910  5  392
 960000000. 4.05496E-8 1.00000E+9 0.0                             504910  5  393
 0.0        0.0             32074          0          1          8504910  5  394
          8          1                                            504910  5  395
 720000000. 7.47955E-9 760000000. 9.57803E-9 800000000. 1.16765E-8504910  5  396
 840000000. 1.37749E-8 880000000. 1.58732E-8 920000000. 1.69548E-8504910  5  397
 960000000. 1.89565E-8 1.00000E+9 0.0                             504910  5  398
 0.0        0.0             32075          0          1          2504910  5  399
          2          1                                            504910  5  400
 960000000. 0.0        1.00000E+9 0.0                             504910  5  401
 0.0        0.0             33068          0          1          2504910  5  402
          2          1                                            504910  5  403
 960000000. 6.53993E-9 1.00000E+9 0.0                             504910  5  404
 0.0        0.0             33069          0          1          6504910  5  405
          6          1                                            504910  5  406
 800000000. 9.07886E-9 840000000. 1.49248E-8 880000000. 2.46767E-8504910  5  407
 920000000. 3.97294E-8 960000000. 5.10017E-8 1.00000E+9 0.0       504910  5  408
 0.0        0.0             33070          0          1          8504910  5  409
          8          1                                            504910  5  410
 720000000. 1.35306E-8 760000000. 2.39485E-8 800000000. 4.08707E-8504910  5  411
 840000000. 5.32798E-8 880000000. 8.17918E-8 920000000. 1.11481E-7504910  5  412
 960000000. 1.58705E-7 1.00000E+9 0.0                             504910  5  413
 0.0        0.0             33071          0          1          9504910  5  414
          9          1                                            504910  5  415
 680000000. 1.79239E-8 720000000. 3.28820E-8 760000000. 4.66426E-8504910  5  416
 800000000. 7.52358E-8 840000000. 1.11689E-7 880000000. 1.55297E-7504910  5  417
 920000000. 2.05275E-7 960000000. 2.65990E-7 1.00000E+9 0.0       504910  5  418
 0.0        0.0             33072          0          1          9504910  5  419
          9          1                                            504910  5  420
 680000000. 2.69699E-8 720000000. 3.41836E-8 760000000. 6.08253E-8504910  5  421
 800000000. 9.35254E-8 840000000. 1.20134E-7 880000000. 1.73449E-7504910  5  422
 920000000. 2.41735E-7 960000000. 3.09172E-7 1.00000E+9 0.0       504910  5  423
 0.0        0.0             33073          0          1         12504910  5  424
         12          1                                            504910  5  425
 560000000. 7.59414E-9 600000000. 9.21881E-9 640000000. 1.50207E-8504910  5  426
 680000000. 2.81965E-8 720000000. 4.45017E-8 760000000. 5.76729E-8504910  5  427
 800000000. 8.95041E-8 840000000. 1.31179E-7 880000000. 1.69005E-7504910  5  428
 920000000. 2.16333E-7 960000000. 2.82986E-7 1.00000E+9 0.0       504910  5  429
 0.0        0.0             33074          0          1         11504910  5  430
         11          1                                            504910  5  431
 600000000. 8.90978E-9 640000000. 1.40280E-8 680000000. 1.80018E-8504910  5  432
 720000000. 3.47414E-8 760000000. 5.18901E-8 800000000. 6.16651E-8504910  5  433
 840000000. 8.18394E-8 880000000. 1.18867E-7 920000000. 1.62277E-7504910  5  434
 960000000. 1.90263E-7 1.00000E+9 0.0                             504910  5  435
 0.0        0.0             33075          0          1         11504910  5  436
         11          1                                            504910  5  437
 600000000. 6.36484E-9 640000000. 8.93393E-9 680000000. 1.28425E-8504910  5  438
 720000000. 2.06164E-8 760000000. 2.78839E-8 800000000. 3.18236E-8504910  5  439
 840000000. 3.70349E-8 880000000. 4.87224E-8 920000000. 7.42432E-8504910  5  440
 960000000. 9.02590E-8 1.00000E+9 0.0                             504910  5  441
 0.0        0.0             33076          0          1          9504910  5  442
          9          1                                            504910  5  443
 680000000. 8.97533E-9 720000000. 9.69226E-9 760000000. 1.29354E-8504910  5  444
 800000000. 2.27130E-8 840000000. 2.53651E-8 880000000. 2.72959E-8504910  5  445
 920000000. 2.80578E-8 960000000. 3.33118E-8 1.00000E+9 0.0       504910  5  446
 0.0        0.0             33077          0          1          8504910  5  447
          8          1                                            504910  5  448
 720000000. 8.39568E-9 760000000. 7.13539E-9 800000000. 6.50000E-9504910  5  449
 840000000. 9.07984E-9 880000000. 1.10647E-8 920000000. 1.04349E-8504910  5  450
 960000000. 1.69703E-8 1.00000E+9 0.0                             504910  5  451
 0.0        0.0             33078          0          1          2504910  5  452
          2          1                                            504910  5  453
 960000000. 9.14000E-9 1.00000E+9 0.0                             504910  5  454
 0.0        0.0             34070          0          1          5504910  5  455
          5          1                                            504910  5  456
 840000000. 6.50496E-9 880000000. 6.51496E-9 920000000. 6.52496E-9504910  5  457
 960000000. 6.53993E-9 1.00000E+9 0.0                             504910  5  458
 0.0        0.0             34071          0          1          8504910  5  459
          8          1                                            504910  5  460
 720000000. 9.03982E-9 760000000. 1.03687E-8 800000000. 1.87919E-8504910  5  461
 840000000. 2.98698E-8 880000000. 4.02915E-8 920000000. 4.75999E-8504910  5  462
 960000000. 6.53186E-8 1.00000E+9 0.0                             504910  5  463
 0.0        0.0             34072          0          1          9504910  5  464
          9          1                                            504910  5  465
 680000000. 2.11522E-8 720000000. 3.41769E-8 760000000. 5.76142E-8504910  5  466
 800000000. 8.25019E-8 840000000. 1.06479E-7 880000000. 1.44285E-7504910  5  467
 920000000. 1.98042E-7 960000000. 2.63409E-7 1.00000E+9 0.0       504910  5  468
 0.0        0.0             34073          0          1         10504910  5  469
         10          1                                            504910  5  470
 640000000. 2.16740E-8 680000000. 3.46675E-8 720000000. 5.41193E-8504910  5  471
 760000000. 9.32436E-8 800000000. 1.28615E-7 840000000. 1.94592E-7504910  5  472
 880000000. 3.00863E-7 920000000. 3.92313E-7 960000000. 4.76567E-7504910  5  473
 1.00000E+9 0.0                                                   504910  5  474
 0.0        0.0             34074          0          1         12504910  5  475
         12          1                                            504910  5  476
 560000000. 9.47724E-9 600000000. 1.77574E-8 640000000. 3.82699E-8504910  5  477
 680000000. 5.84164E-8 720000000. 9.14904E-8 760000000. 1.42522E-7504910  5  478
 800000000. 2.10911E-7 840000000. 3.03842E-7 880000000. 3.90733E-7504910  5  479
 920000000. 4.70544E-7 960000000. 5.75236E-7 1.00000E+9 0.0       504910  5  480
 0.0        0.0             34075          0          1         12504910  5  481
         12          1                                            504910  5  482
 560000000. 1.38616E-8 600000000. 2.54196E-8 640000000. 3.64110E-8504910  5  483
 680000000. 6.09062E-8 720000000. 9.60775E-8 760000000. 1.36692E-7504910  5  484
 800000000. 1.73460E-7 840000000. 2.54931E-7 880000000. 3.57587E-7504910  5  485
 920000000. 4.62551E-7 960000000. 5.68196E-7 1.00000E+9 0.0       504910  5  486
 0.0        0.0             34076          0          1         13504910  5  487
         13          1                                            504910  5  488
 520000000. 1.06441E-8 560000000. 1.20097E-8 600000000. 1.77798E-8504910  5  489
 640000000. 3.76205E-8 680000000. 6.41734E-8 720000000. 9.28468E-8504910  5  490
 760000000. 1.14119E-7 800000000. 1.42164E-7 840000000. 1.99308E-7504910  5  491
 880000000. 2.51639E-7 920000000. 3.04321E-7 960000000. 3.59614E-7504910  5  492
 1.00000E+9 0.0                                                   504910  5  493
 0.0        0.0             34077          0          1         12504910  5  494
         12          1                                            504910  5  495
 560000000. 6.94735E-9 600000000. 1.14236E-8 640000000. 2.42290E-8504910  5  496
 680000000. 3.46869E-8 720000000. 5.09002E-8 760000000. 6.74426E-8504910  5  497
 800000000. 8.82514E-8 840000000. 1.10490E-7 880000000. 1.39046E-7504910  5  498
 920000000. 1.83128E-7 960000000. 2.14459E-7 1.00000E+9 0.0       504910  5  499
 0.0        0.0             34078          0          1         11504910  5  500
         11          1                                            504910  5  501
 600000000. 1.08042E-8 640000000. 1.46952E-8 680000000. 1.54319E-8504910  5  502
 720000000. 2.38222E-8 760000000. 3.43688E-8 800000000. 4.02577E-8504910  5  503
 840000000. 5.32395E-8 880000000. 7.40732E-8 920000000. 8.86698E-8504910  5  504
 960000000. 1.00668E-7 1.00000E+9 0.0                             504910  5  505
 0.0        0.0             34079          0          1         10504910  5  506
         10          1                                            504910  5  507
 640000000. 7.03333E-9 680000000. 8.35371E-9 720000000. 7.75649E-9504910  5  508
 760000000. 1.22849E-8 800000000. 1.69106E-8 840000000. 2.07597E-8504910  5  509
 880000000. 2.86056E-8 920000000. 2.74075E-8 960000000. 3.78567E-8504910  5  510
 1.00000E+9 0.0                                                   504910  5  511
 0.0        0.0             34080          0          1          6504910  5  512
          6          1                                            504910  5  513
 800000000. 9.07886E-9 840000000. 9.76512E-9 880000000. 8.45015E-9504910  5  514
 920000000. 9.77525E-9 960000000. 1.37176E-8 1.00000E+9 0.0       504910  5  515
 0.0        0.0             34081          0          1          2504910  5  516
          2          1                                            504910  5  517
 960000000. 0.0        1.00000E+9 0.0                             504910  5  518
 0.0        0.0             35072          0          1          2504910  5  519
          2          1                                            504910  5  520
 960000000. 8.51327E-9 1.00000E+9 0.0                             504910  5  521
 0.0        0.0             35073          0          1          7504910  5  522
          7          1                                            504910  5  523
 760000000. 1.94081E-8 800000000. 2.92341E-8 840000000. 4.28093E-8504910  5  524
 880000000. 5.72304E-8 920000000. 7.03652E-8 960000000. 9.67172E-8504910  5  525
 1.00000E+9 0.0                                                   504910  5  526
 0.0        0.0             35074          0          1         11504910  5  527
         11          1                                            504910  5  528
 600000000. 1.11306E-8 640000000. 1.56621E-8 680000000. 2.56460E-8504910  5  529
 720000000. 4.51093E-8 760000000. 7.70516E-8 800000000. 1.00734E-7504910  5  530
 840000000. 1.47867E-7 880000000. 2.20992E-7 920000000. 2.71134E-7504910  5  531
 960000000. 3.28797E-7 1.00000E+9 0.0                             504910  5  532
 0.0        0.0             35075          0          1         12504910  5  533
         12          1                                            504910  5  534
 560000000. 1.13603E-8 600000000. 2.72605E-8 640000000. 5.23574E-8504910  5  535
 680000000. 8.72227E-8 720000000. 1.29629E-7 760000000. 1.89123E-7504910  5  536
 800000000. 2.50751E-7 840000000. 3.31706E-7 880000000. 4.59491E-7504910  5  537
 920000000. 6.04668E-7 960000000. 7.56994E-7 1.00000E+9 0.0       504910  5  538
 0.0        0.0             35076          0          1         12504910  5  539
         12          1                                            504910  5  540
 560000000. 3.09043E-8 600000000. 4.70503E-8 640000000. 8.54499E-8504910  5  541
 680000000. 1.48209E-7 720000000. 1.98696E-7 760000000. 2.66250E-7504910  5  542
 800000000. 3.69426E-7 840000000. 5.18014E-7 880000000. 6.80025E-7504910  5  543
 920000000. 8.56192E-7 960000000. 1.04476E-6 1.00000E+9 0.0       504910  5  544
 0.0        0.0             35077          0          1         13504910  5  545
         13          1                                            504910  5  546
 520000000. 2.37203E-8 560000000. 3.85125E-8 600000000. 6.66486E-8504910  5  547
 640000000. 1.08574E-7 680000000. 1.59767E-7 720000000. 2.34052E-7504910  5  548
 760000000. 2.98841E-7 800000000. 3.83018E-7 840000000. 5.31720E-7504910  5  549
 880000000. 6.61328E-7 920000000. 7.89160E-7 960000000. 9.99394E-7504910  5  550
 1.00000E+9 0.0                                                   504910  5  551
 0.0        0.0             35078          0          1         13504910  5  552
         13          1                                            504910  5  553
 520000000. 2.56294E-8 560000000. 3.59826E-8 600000000. 6.47319E-8504910  5  554
 640000000. 8.76194E-8 680000000. 1.09708E-7 720000000. 1.65041E-7504910  5  555
 760000000. 2.40989E-7 800000000. 3.47262E-7 840000000. 4.43083E-7504910  5  556
 880000000. 4.93002E-7 920000000. 6.22077E-7 960000000. 7.79388E-7504910  5  557
 1.00000E+9 0.0                                                   504910  5  558
 0.0        0.0             35079          0          1         15504910  5  559
         15          1                                            504910  5  560
 440000000. 6.41739E-9 480000000. 7.12280E-9 520000000. 1.37269E-8504910  5  561
 560000000. 2.65009E-8 600000000. 4.38275E-8 640000000. 6.26159E-8504910  5  562
 680000000. 9.17310E-8 720000000. 1.35414E-7 760000000. 1.75642E-7504910  5  563
 800000000. 2.20793E-7 840000000. 2.48320E-7 880000000. 3.06669E-7504910  5  564
 920000000. 3.88494E-7 960000000. 4.43927E-7 1.00000E+9 0.0       504910  5  565
 0.0        0.0             35080          0          1         12504910  5  566
         12          1                                            504910  5  567
 560000000. 1.58109E-8 600000000. 2.22104E-8 640000000. 2.94322E-8504910  5  568
 680000000. 4.23094E-8 720000000. 6.83489E-8 760000000. 9.20184E-8504910  5  569
 800000000. 1.18194E-7 840000000. 1.46154E-7 880000000. 1.63910E-7504910  5  570
 920000000. 1.91571E-7 960000000. 2.16488E-7 1.00000E+9 0.0       504910  5  571
 0.0        0.0             35081          0          1         12504910  5  572
         12          1                                            504910  5  573
 560000000. 1.13508E-8 600000000. 1.46465E-8 640000000. 1.72423E-8504910  5  574
 680000000. 2.82159E-8 720000000. 3.93601E-8 760000000. 4.40931E-8504910  5  575
 800000000. 5.25919E-8 840000000. 5.27054E-8 880000000. 5.97536E-8504910  5  576
 920000000. 7.62803E-8 960000000. 8.49946E-8 1.00000E+9 0.0       504910  5  577
 0.0        0.0             35082          0          1         11504910  5  578
         11          1                                            504910  5  579
 600000000. 7.63978E-9 640000000. 9.58040E-9 680000000. 1.34813E-8504910  5  580
 720000000. 1.67780E-8 760000000. 1.88041E-8 800000000. 1.95000E-8504910  5  581
 840000000. 1.82101E-8 880000000. 2.33767E-8 920000000. 3.06450E-8504910  5  582
 960000000. 3.26958E-8 1.00000E+9 0.0                             504910  5  583
 0.0        0.0             35083          0          1          5504910  5  584
          5          1                                            504910  5  585
 840000000. 9.10000E-9 880000000. 8.46226E-9 920000000. 7.17706E-9504910  5  586
 960000000. 7.19048E-9 1.00000E+9 0.0                             504910  5  587
 0.0        0.0             36074          0          1          4504910  5  588
          4          1                                            504910  5  589
 880000000. 9.09066E-9 920000000. 1.23852E-8 960000000. 1.43810E-8504910  5  590
 1.00000E+9 0.0                                                   504910  5  591
 0.0        0.0             36075          0          1          8504910  5  592
          8          1                                            504910  5  593
 720000000. 1.67365E-8 760000000. 2.46334E-8 800000000. 3.18024E-8504910  5  594
 840000000. 4.15698E-8 880000000. 5.52324E-8 920000000. 7.49348E-8504910  5  595
 960000000. 1.00642E-7 1.00000E+9 0.0                             504910  5  596
 0.0        0.0             36076          0          1         11504910  5  597
         11          1                                            504910  5  598
 600000000. 1.52572E-8 640000000. 2.80610E-8 680000000. 4.93948E-8504910  5  599
 720000000. 7.92747E-8 760000000. 1.17267E-7 800000000. 1.68106E-7504910  5  600
 840000000. 2.20214E-7 880000000. 2.87231E-7 920000000. 3.98697E-7504910  5  601
 960000000. 5.00155E-7 1.00000E+9 0.0                             504910  5  602
 0.0        0.0             36077          0          1         14504910  5  603
         14          1                                            504910  5  604
 480000000. 6.81120E-9 520000000. 1.55886E-8 560000000. 3.40569E-8504910  5  605
 600000000. 6.03373E-8 640000000. 9.32448E-8 680000000. 1.53895E-7504910  5  606
 720000000. 2.25756E-7 760000000. 3.28341E-7 800000000. 4.41084E-7504910  5  607
 840000000. 5.80994E-7 880000000. 7.56115E-7 920000000. 9.13048E-7504910  5  608
 960000000. 1.13535E-6 1.00000E+9 0.0                             504910  5  609
 0.0        0.0             36078          0          1         13504910  5  610
         13          1                                            504910  5  611
 520000000. 2.61778E-8 560000000. 6.05487E-8 600000000. 1.05453E-7504910  5  612
 640000000. 1.72991E-7 680000000. 2.65008E-7 720000000. 3.81714E-7504910  5  613
 760000000. 5.56424E-7 800000000. 7.15943E-7 840000000. 8.68969E-7504910  5  614
 880000000. 1.07403E-6 920000000. 1.32931E-6 960000000. 1.68894E-6504910  5  615
 1.00000E+9 0.0                                                   504910  5  616
 0.0        0.0             36079          0          1         14504910  5  617
         14          1                                            504910  5  618
 480000000. 1.66793E-8 520000000. 4.05534E-8 560000000. 8.26366E-8504910  5  619
 600000000. 1.37866E-7 640000000. 2.24689E-7 680000000. 3.25445E-7504910  5  620
 720000000. 4.35949E-7 760000000. 6.12830E-7 800000000. 7.88002E-7504910  5  621
 840000000. 9.41879E-7 880000000. 1.19658E-6 920000000. 1.46650E-6504910  5  622
 960000000. 1.66080E-6 1.00000E+9 0.0                             504910  5  623
 0.0        0.0             36080          0          1         15504910  5  624
         15          1                                            504910  5  625
 440000000. 1.21878E-8 480000000. 2.96374E-8 520000000. 4.94021E-8504910  5  626
 560000000. 7.82236E-8 600000000. 1.42230E-7 640000000. 2.26710E-7504910  5  627
 680000000. 3.05585E-7 720000000. 4.01133E-7 760000000. 5.27499E-7504910  5  628
 800000000. 6.68952E-7 840000000. 7.98487E-7 880000000. 9.47240E-7504910  5  629
 920000000. 1.15415E-6 960000000. 1.35863E-6 1.00000E+9 0.0       504910  5  630
 0.0        0.0             36081          0          1         15504910  5  631
         15          1                                            504910  5  632
 440000000. 1.40137E-8 480000000. 2.41202E-8 520000000. 4.18451E-8504910  5  633
 560000000. 6.75482E-8 600000000. 1.01036E-7 640000000. 1.58963E-7504910  5  634
 680000000. 2.17668E-7 720000000. 2.92722E-7 760000000. 3.78551E-7504910  5  635
 800000000. 4.42426E-7 840000000. 5.15817E-7 880000000. 6.19559E-7504910  5  636
 920000000. 7.19653E-7 960000000. 8.24402E-7 1.00000E+9 0.0       504910  5  637
 0.0        0.0             36082          0          1         14504910  5  638
         14          1                                            504910  5  639
 480000000. 1.97773E-8 520000000. 3.18731E-8 560000000. 4.29491E-8504910  5  640
 600000000. 6.98267E-8 640000000. 1.07969E-7 680000000. 1.27829E-7504910  5  641
 720000000. 1.34900E-7 760000000. 1.86470E-7 800000000. 2.59185E-7504910  5  642
 840000000. 3.04699E-7 880000000. 3.62773E-7 920000000. 4.23039E-7504910  5  643
 960000000. 4.57783E-7 1.00000E+9 0.0                             504910  5  644
 0.0        0.0             36083          0          1         14504910  5  645
         14          1                                            504910  5  646
 480000000. 8.66279E-9 520000000. 1.18811E-8 560000000. 1.89258E-8504910  5  647
 600000000. 3.61790E-8 640000000. 5.55826E-8 680000000. 5.85015E-8504910  5  648
 720000000. 7.02531E-8 760000000. 8.69032E-8 800000000. 9.80701E-8504910  5  649
 840000000. 1.40168E-7 880000000. 1.62051E-7 920000000. 1.72680E-7504910  5  650
 960000000. 1.98152E-7 1.00000E+9 0.0                             504910  5  651
 0.0        0.0             36084          0          1         13504910  5  652
         13          1                                            504910  5  653
 520000000. 8.12135E-9 560000000. 1.13648E-8 600000000. 1.77798E-8504910  5  654
 640000000. 2.36580E-8 680000000. 2.05912E-8 720000000. 2.57630E-8504910  5  655
 760000000. 4.33971E-8 800000000. 5.84471E-8 840000000. 5.72605E-8504910  5  656
 880000000. 5.78420E-8 920000000. 5.93753E-8 960000000. 6.01309E-8504910  5  657
 1.00000E+9 0.0                                                   504910  5  658
 0.0        0.0             36085          0          1         11504910  5  659
         11          1                                            504910  5  660
 600000000. 7.63731E-9 640000000. 7.67232E-9 680000000. 7.70981E-9504910  5  661
 720000000. 1.16122E-8 760000000. 1.94490E-8 800000000. 2.34000E-8504910  5  662
 840000000. 2.40450E-8 880000000. 2.01986E-8 920000000. 2.01924E-8504910  5  663
 960000000. 2.81075E-8 1.00000E+9 0.0                             504910  5  664
 0.0        0.0             36086          0          1          9504910  5  665
          9          1                                            504910  5  666
 680000000. 6.42114E-9 720000000. 6.44365E-9 760000000. 6.46615E-9504910  5  667
 800000000. 6.48866E-9 840000000. 6.82496E-9 880000000. 7.48007E-9504910  5  668
 920000000. 7.82241E-9 960000000. 7.84741E-9 1.00000E+9 0.0       504910  5  669
 0.0        0.0             36087          0          1          4504910  5  670
          4          1                                            504910  5  671
 880000000. 6.50000E-9 920000000. 6.50000E-9 960000000. 6.50000E-9504910  5  672
 1.00000E+9 0.0                                                   504910  5  673
 0.0        0.0             37076          0          1          5504910  5  674
          5          1                                            504910  5  675
 840000000. 7.78992E-9 880000000. 9.75511E-9 920000000. 1.10803E-8504910  5  676
 960000000. 1.11193E-8 1.00000E+9 0.0                             504910  5  677
 0.0        0.0             37077          0          1         10504910  5  678
         10          1                                            504910  5  679
 640000000. 6.39485E-9 680000000. 9.61418E-9 720000000. 1.80381E-8504910  5  680
 760000000. 2.07668E-8 800000000. 3.43179E-8 840000000. 5.26349E-8504910  5  681
 880000000. 6.11064E-8 920000000. 8.14320E-8 960000000. 1.04602E-7504910  5  682
 1.00000E+9 0.0                                                   504910  5  683
 0.0        0.0             37078          0          1         13504910  5  684
         13          1                                            504910  5  685
 520000000. 1.12484E-8 560000000. 1.82981E-8 600000000. 2.79645E-8504910  5  686
 640000000. 4.40441E-8 680000000. 7.18443E-8 720000000. 1.11529E-7504910  5  687
 760000000. 1.65836E-7 800000000. 2.27277E-7 840000000. 3.02572E-7504910  5  688
 880000000. 3.66788E-7 920000000. 4.47611E-7 960000000. 5.50502E-7504910  5  689
 1.00000E+9 0.0                                                   504910  5  690
 0.0        0.0             37079          0          1         13504910  5  691
         13          1                                            504910  5  692
 520000000. 3.37293E-8 560000000. 6.80951E-8 600000000. 1.20078E-7504910  5  693
 640000000. 1.76296E-7 680000000. 2.51544E-7 720000000. 3.64295E-7504910  5  694
 760000000. 5.07981E-7 800000000. 6.62431E-7 840000000. 8.31349E-7504910  5  695
 880000000. 1.06533E-6 920000000. 1.28545E-6 960000000. 1.51467E-6504910  5  696
 1.00000E+9 0.0                                                   504910  5  697
 0.0        0.0             37080          0          1         15504910  5  698
         15          1                                            504910  5  699
 440000000. 9.75084E-9 480000000. 3.20646E-8 520000000. 7.30800E-8504910  5  700
 560000000. 1.33104E-7 600000000. 2.32457E-7 640000000. 3.32906E-7504910  5  701
 680000000. 4.74735E-7 720000000. 6.77802E-7 760000000. 9.12315E-7504910  5  702
 800000000. 1.18588E-6 840000000. 1.43315E-6 880000000. 1.72986E-6504910  5  703
 920000000. 2.07787E-6 960000000. 2.44052E-6 1.00000E+9 0.0       504910  5  704
 0.0        0.0             37081          0          1         14504910  5  705
         14          1                                            504910  5  706
 480000000. 5.68982E-8 520000000. 1.04885E-7 560000000. 1.89296E-7504910  5  707
 600000000. 3.28947E-7 640000000. 4.96358E-7 680000000. 6.70092E-7504910  5  708
 720000000. 8.90058E-7 760000000. 1.10196E-6 800000000. 1.33922E-6504910  5  709
 840000000. 1.67949E-6 880000000. 2.02737E-6 920000000. 2.35749E-6504910  5  710
 960000000. 2.74785E-6 1.00000E+9 0.0                             504910  5  711
 0.0        0.0             37082          0          1         16504910  5  712
         16          1                                            504910  5  713
 400000000. 1.43794E-8 440000000. 3.04955E-8 480000000. 6.05227E-8504910  5  714
 520000000. 1.38561E-7 560000000. 2.16016E-7 600000000. 3.26428E-7504910  5  715
 640000000. 4.91864E-7 680000000. 6.53492E-7 720000000. 8.43039E-7504910  5  716
 760000000. 1.07320E-6 800000000. 1.27931E-6 840000000. 1.52371E-6504910  5  717
 880000000. 1.74440E-6 920000000. 1.94163E-6 960000000. 2.30501E-6504910  5  718
 1.00000E+9 0.0                                                   504910  5  719
 0.0        0.0             37083          0          1         16504910  5  720
         16          1                                            504910  5  721
 400000000. 2.33805E-8 440000000. 4.75677E-8 480000000. 7.60523E-8504910  5  722
 520000000. 1.33035E-7 560000000. 2.05207E-7 600000000. 2.79079E-7504910  5  723
 640000000. 3.58506E-7 680000000. 4.69166E-7 720000000. 6.15379E-7504910  5  724
 760000000. 7.75112E-7 800000000. 9.07766E-7 840000000. 1.04972E-6504910  5  725
 880000000. 1.18766E-6 920000000. 1.36461E-6 960000000. 1.58043E-6504910  5  726
 1.00000E+9 0.0                                                   504910  5  727
 0.0        0.0             37084          0          1         16504910  5  728
         16          1                                            504910  5  729
 400000000. 1.44251E-8 440000000. 2.68104E-8 480000000. 5.86711E-8504910  5  730
 520000000. 9.25654E-8 560000000. 1.39438E-7 600000000. 1.76942E-7504910  5  731
 640000000. 2.19048E-7 680000000. 3.07441E-7 720000000. 3.91607E-7504910  5  732
 760000000. 4.55759E-7 800000000. 5.21678E-7 840000000. 5.97753E-7504910  5  733
 880000000. 6.79533E-7 920000000. 7.80839E-7 960000000. 8.52807E-7504910  5  734
 1.00000E+9 0.0                                                   504910  5  735
 0.0        0.0             37085          0          1         16504910  5  736
         16          1                                            504910  5  737
 400000000. 1.08063E-8 440000000. 2.13402E-8 480000000. 3.40229E-8504910  5  738
 520000000. 5.00083E-8 560000000. 7.00921E-8 600000000. 9.21976E-8504910  5  739
 640000000. 1.22018E-7 680000000. 1.54746E-7 720000000. 1.84528E-7504910  5  740
 760000000. 2.20373E-7 800000000. 2.50846E-7 840000000. 2.75499E-7504910  5  741
 880000000. 3.21171E-7 920000000. 3.74149E-7 960000000. 4.12618E-7504910  5  742
 1.00000E+9 0.0                                                   504910  5  743
 0.0        0.0             37086          0          1         14504910  5  744
         14          1                                            504910  5  745
 480000000. 1.35878E-8 520000000. 2.68579E-8 560000000. 3.91593E-8504910  5  746
 600000000. 4.51783E-8 640000000. 5.24021E-8 680000000. 7.18587E-8504910  5  747
 720000000. 8.58590E-8 760000000. 8.88305E-8 800000000. 1.00047E-7504910  5  748
 840000000. 1.20164E-7 880000000. 1.54685E-7 920000000. 1.70874E-7504910  5  749
 960000000. 1.82388E-7 1.00000E+9 0.0                             504910  5  750
 0.0        0.0             37087          0          1         12504910  5  751
         12          1                                            504910  5  752
 560000000. 1.57587E-8 600000000. 2.29057E-8 640000000. 2.23989E-8504910  5  753
 680000000. 2.24711E-8 720000000. 2.83745E-8 760000000. 3.11355E-8504910  5  754
 800000000. 3.76366E-8 840000000. 4.67899E-8 880000000. 4.36135E-8504910  5  755
 920000000. 4.81997E-8 960000000. 6.27637E-8 1.00000E+9 0.0       504910  5  756
 0.0        0.0             37088          0          1          9504910  5  757
          9          1                                            504910  5  758
 680000000. 8.97533E-9 720000000. 1.09756E-8 760000000. 1.10192E-8504910  5  759
 800000000. 9.12114E-9 840000000. 1.23046E-8 880000000. 1.88601E-8504910  5  760
 920000000. 2.15059E-8 960000000. 2.28942E-8 1.00000E+9 0.0       504910  5  761
 0.0        0.0             37089          0          1          5504910  5  762
          5          1                                            504910  5  763
 840000000. 7.64496E-9 880000000. 7.33241E-9 920000000. 7.01986E-9504910  5  764
 960000000. 6.70731E-9 1.00000E+9 0.0                             504910  5  765
 0.0        0.0             38078          0          1          3504910  5  766
          3          1                                            504910  5  767
 920000000. 7.17454E-9 960000000. 6.53000E-9 1.00000E+9 0.0       504910  5  768
 0.0        0.0             38079          0          1         10504910  5  769
         10          1                                            504910  5  770
 640000000. 9.26307E-9 680000000. 1.50898E-8 720000000. 1.93579E-8504910  5  771
 760000000. 2.39768E-8 800000000. 3.95496E-8 840000000. 5.97445E-8504910  5  772
 880000000. 7.15357E-8 920000000. 8.53647E-8 960000000. 1.01999E-7504910  5  773
 1.00000E+9 0.0                                                   504910  5  774
 0.0        0.0             38080          0          1         12504910  5  775
         12          1                                            504910  5  776
 560000000. 2.20357E-8 600000000. 4.38412E-8 640000000. 7.02204E-8504910  5  777
 680000000. 1.07158E-7 720000000. 1.38074E-7 760000000. 1.91700E-7504910  5  778
 800000000. 2.60464E-7 840000000. 3.22788E-7 880000000. 3.91421E-7504910  5  779
 920000000. 4.78942E-7 960000000. 5.90315E-7 1.00000E+9 0.0       504910  5  780
 0.0        0.0             38081          0          1         15504910  5  781
         15          1                                            504910  5  782
 440000000. 1.46044E-8 480000000. 3.82836E-8 520000000. 6.25330E-8504910  5  783
 560000000. 1.02808E-7 600000000. 1.74709E-7 640000000. 2.87234E-7504910  5  784
 680000000. 4.10863E-7 720000000. 5.50702E-7 760000000. 7.10368E-7504910  5  785
 800000000. 8.82590E-7 840000000. 1.08223E-6 880000000. 1.32874E-6504910  5  786
 920000000. 1.60272E-6 960000000. 1.82494E-6 1.00000E+9 0.0       504910  5  787
 0.0        0.0             38082          0          1         16504910  5  788
         16          1                                            504910  5  789
 400000000. 1.49839E-8 440000000. 3.59551E-8 480000000. 8.08921E-8504910  5  790
 520000000. 1.62397E-7 560000000. 2.90835E-7 600000000. 4.54422E-7504910  5  791
 640000000. 6.41942E-7 680000000. 8.72277E-7 720000000. 1.14742E-6504910  5  792
 760000000. 1.42921E-6 800000000. 1.71099E-6 840000000. 2.09393E-6504910  5  793
 880000000. 2.48798E-6 920000000. 2.86197E-6 960000000. 3.24124E-6504910  5  794
 1.00000E+9 0.0                                                   504910  5  795
 0.0        0.0             38083          0          1         16504910  5  796
         16          1                                            504910  5  797
 400000000. 2.57629E-8 440000000. 7.12733E-8 480000000. 1.58124E-7504910  5  798
 520000000. 2.77491E-7 560000000. 4.36088E-7 600000000. 6.28734E-7504910  5  799
 640000000. 9.14378E-7 680000000. 1.23279E-6 720000000. 1.54999E-6504910  5  800
 760000000. 1.93732E-6 800000000. 2.31211E-6 840000000. 2.71222E-6504910  5  801
 880000000. 3.08390E-6 920000000. 3.49548E-6 960000000. 3.98005E-6504910  5  802
 1.00000E+9 0.0                                                   504910  5  803
 0.0        0.0             38084          0          1         17504910  5  804
         17          1                                            504910  5  805
 360000000. 1.89483E-8 400000000. 3.78288E-8 440000000. 8.28577E-8504910  5  806
 480000000. 1.79129E-7 520000000. 3.14970E-7 560000000. 4.65912E-7504910  5  807
 600000000. 6.57866E-7 640000000. 9.35010E-7 680000000. 1.22950E-6504910  5  808
 720000000. 1.53780E-6 760000000. 1.89591E-6 800000000. 2.24909E-6504910  5  809
 840000000. 2.56078E-6 880000000. 2.95311E-6 920000000. 3.32676E-6504910  5  810
 960000000. 3.62442E-6 1.00000E+9 0.0                             504910  5  811
 0.0        0.0             38085          0          1         17504910  5  812
         17          1                                            504910  5  813
 360000000. 2.66564E-8 400000000. 5.16352E-8 440000000. 1.04221E-7504910  5  814
 480000000. 1.83000E-7 520000000. 2.89362E-7 560000000. 4.31784E-7504910  5  815
 600000000. 6.09608E-7 640000000. 8.06360E-7 680000000. 9.88922E-7504910  5  816
 720000000. 1.21077E-6 760000000. 1.47139E-6 800000000. 1.68805E-6504910  5  817
 840000000. 1.91337E-6 880000000. 2.18235E-6 920000000. 2.46714E-6504910  5  818
 960000000. 2.67863E-6 1.00000E+9 0.0                             504910  5  819
 0.0        0.0             38086          0          1         17504910  5  820
         17          1                                            504910  5  821
 360000000. 2.20130E-8 400000000. 4.55612E-8 440000000. 8.72438E-8504910  5  822
 480000000. 1.39091E-7 520000000. 2.07580E-7 560000000. 3.01710E-7504910  5  823
 600000000. 4.15844E-7 640000000. 5.65895E-7 680000000. 6.82243E-7504910  5  824
 720000000. 7.95966E-7 760000000. 9.37509E-7 800000000. 1.06671E-6504910  5  825
 840000000. 1.20413E-6 880000000. 1.32927E-6 920000000. 1.46350E-6504910  5  826
 960000000. 1.59290E-6 1.00000E+9 0.0                             504910  5  827
 0.0        0.0             38087          0          1         17504910  5  828
         17          1                                            504910  5  829
 360000000. 1.24568E-8 400000000. 2.75905E-8 440000000. 4.94218E-8504910  5  830
 480000000. 7.66575E-8 520000000. 1.25594E-7 560000000. 1.78720E-7504910  5  831
 600000000. 2.29551E-7 640000000. 2.81862E-7 680000000. 3.51138E-7504910  5  832
 720000000. 4.38695E-7 760000000. 4.94749E-7 800000000. 5.40586E-7504910  5  833
 840000000. 6.12033E-7 880000000. 7.17124E-7 920000000. 7.79214E-7504910  5  834
 960000000. 7.83507E-7 1.00000E+9 0.0                             504910  5  835
 0.0        0.0             38088          0          1         16504910  5  836
         16          1                                            504910  5  837
 400000000. 1.61888E-8 440000000. 3.53567E-8 480000000. 4.76779E-8504910  5  838
 520000000. 5.87728E-8 560000000. 8.14525E-8 600000000. 1.04308E-7504910  5  839
 640000000. 1.34153E-7 680000000. 1.58035E-7 720000000. 1.81912E-7504910  5  840
 760000000. 2.33924E-7 800000000. 2.49757E-7 840000000. 2.73997E-7504910  5  841
 880000000. 2.92897E-7 920000000. 3.08199E-7 960000000. 3.40145E-7504910  5  842
 1.00000E+9 0.0                                                   504910  5  843
 0.0        0.0             38089          0          1         16504910  5  844
         16          1                                            504910  5  845
 400000000. 1.14158E-8 440000000. 1.70927E-8 480000000. 2.04301E-8504910  5  846
 520000000. 2.93577E-8 560000000. 3.98010E-8 600000000. 4.83203E-8504910  5  847
 640000000. 6.19775E-8 680000000. 7.13050E-8 720000000. 6.58934E-8504910  5  848
 760000000. 7.51243E-8 800000000. 9.61783E-8 840000000. 1.11074E-7504910  5  849
 880000000. 1.17133E-7 920000000. 1.25767E-7 960000000. 1.45168E-7504910  5  850
 1.00000E+9 0.0                                                   504910  5  851
 0.0        0.0             38090          0          1         15504910  5  852
         15          1                                            504910  5  853
 440000000. 7.33420E-9 480000000. 1.05078E-8 520000000. 1.19075E-8504910  5  854
 560000000. 1.38756E-8 600000000. 1.90858E-8 640000000. 2.36372E-8504910  5  855
 680000000. 2.82621E-8 720000000. 3.35444E-8 760000000. 3.43921E-8504910  5  856
 800000000. 3.57130E-8 840000000. 3.57853E-8 880000000. 3.96271E-8504910  5  857
 920000000. 4.43623E-8 960000000. 4.38023E-8 1.00000E+9 0.0       504910  5  858
 0.0        0.0             38091          0          1          9504910  5  859
          9          1                                            504910  5  860
 680000000. 1.34958E-8 720000000. 1.22656E-8 760000000. 1.10253E-8504910  5  861
 800000000. 9.11057E-9 840000000. 1.03798E-8 880000000. 1.10694E-8504910  5  862
 920000000. 9.77525E-9 960000000. 1.11154E-8 1.00000E+9 0.0       504910  5  863
 0.0        0.0             38092          0          1          2504910  5  864
          2          1                                            504910  5  865
 960000000. 6.53000E-9 1.00000E+9 0.0                             504910  5  866
 0.0        0.0             39080          0          1          2504910  5  867
          2          1                                            504910  5  868
 960000000. 9.15102E-9 1.00000E+9 0.0                             504910  5  869
 0.0        0.0             39081          0          1          9504910  5  870
          9          1                                            504910  5  871
 680000000. 1.41274E-8 720000000. 1.87005E-8 760000000. 3.04273E-8504910  5  872
 800000000. 3.38423E-8 840000000. 3.44046E-8 880000000. 4.61464E-8504910  5  873
 920000000. 5.86481E-8 960000000. 8.49256E-8 1.00000E+9 0.0       504910  5  874
 0.0        0.0             39082          0          1         13504910  5  875
         13          1                                            504910  5  876
 520000000. 2.12050E-8 560000000. 3.78753E-8 600000000. 5.52872E-8504910  5  877
 640000000. 7.34922E-8 680000000. 9.88214E-8 720000000. 1.43779E-7504910  5  878
 760000000. 2.11172E-7 800000000. 2.68338E-7 840000000. 3.15683E-7504910  5  879
 880000000. 3.68719E-7 920000000. 4.39208E-7 960000000. 5.36064E-7504910  5  880
 1.00000E+9 0.0                                                   504910  5  881
 0.0        0.0             39083          0          1         15504910  5  882
         15          1                                            504910  5  883
 440000000. 2.80198E-8 480000000. 5.99291E-8 520000000. 1.15542E-7504910  5  884
 560000000. 1.84337E-7 600000000. 2.66929E-7 640000000. 4.04792E-7504910  5  885
 680000000. 5.77043E-7 720000000. 7.19394E-7 760000000. 9.35515E-7504910  5  886
 800000000. 1.17788E-6 840000000. 1.35849E-6 880000000. 1.55289E-6504910  5  887
 920000000. 1.77357E-6 960000000. 2.06591E-6 1.00000E+9 0.0       504910  5  888
 0.0        0.0             39084          0          1         16504910  5  889
         16          1                                            504910  5  890
 400000000. 3.29729E-8 440000000. 9.07467E-8 480000000. 1.71874E-7504910  5  891
 520000000. 3.02309E-7 560000000. 4.69094E-7 600000000. 6.69856E-7504910  5  892
 640000000. 9.70762E-7 680000000. 1.32811E-6 720000000. 1.73374E-6504910  5  893
 760000000. 2.12363E-6 800000000. 2.42941E-6 840000000. 2.83215E-6504910  5  894
 880000000. 3.32922E-6 920000000. 3.75340E-6 960000000. 4.14950E-6504910  5  895
 1.00000E+9 0.0                                                   504910  5  896
 0.0        0.0             39085          0          1         17504910  5  897
         17          1                                            504910  5  898
 360000000. 2.71505E-8 400000000. 8.15574E-8 440000000. 1.81640E-7504910  5  899
 480000000. 3.25146E-7 520000000. 5.16270E-7 560000000. 8.10915E-7504910  5  900
 600000000. 1.15084E-6 640000000. 1.54962E-6 680000000. 2.02496E-6504910  5  901
 720000000. 2.47616E-6 760000000. 2.96030E-6 800000000. 3.51637E-6504910  5  902
 840000000. 4.09826E-6 880000000. 4.63611E-6 920000000. 5.09332E-6504910  5  903
 960000000. 5.49235E-6 1.00000E+9 0.0                             504910  5  904
 0.0        0.0             39086          0          1         18504910  5  905
         18          1                                            504910  5  906
 320000000. 1.75530E-8 360000000. 4.49884E-8 400000000. 1.10371E-7504910  5  907
 440000000. 2.25594E-7 480000000. 4.21406E-7 520000000. 7.03753E-7504910  5  908
 560000000. 1.04538E-6 600000000. 1.41668E-6 640000000. 1.75563E-6504910  5  909
 680000000. 2.14952E-6 720000000. 2.66555E-6 760000000. 3.16486E-6504910  5  910
 800000000. 3.62213E-6 840000000. 4.00770E-6 880000000. 4.45945E-6504910  5  911
 920000000. 5.06670E-6 960000000. 5.45106E-6 1.00000E+9 0.0       504910  5  912
 0.0        0.0             39087          0          1         18504910  5  913
         18          1                                            504910  5  914
 320000000. 3.21628E-8 360000000. 7.40772E-8 400000000. 1.41104E-7504910  5  915
 440000000. 2.63395E-7 480000000. 4.46359E-7 520000000. 6.82010E-7504910  5  916
 560000000. 9.47783E-7 600000000. 1.25573E-6 640000000. 1.54490E-6504910  5  917
 680000000. 1.87850E-6 720000000. 2.30901E-6 760000000. 2.66783E-6504910  5  918
 800000000. 2.94560E-6 840000000. 3.29921E-6 880000000. 3.64491E-6504910  5  919
 920000000. 3.88683E-6 960000000. 4.14656E-6 1.00000E+9 0.0       504910  5  920
 0.0        0.0             39088          0          1         19504910  5  921
         19          1                                            504910  5  922
 280000000. 8.15841E-9 320000000. 2.68650E-8 360000000. 7.22342E-8504910  5  923
 400000000. 1.36350E-7 440000000. 2.42076E-7 480000000. 3.64988E-7504910  5  924
 520000000. 5.18843E-7 560000000. 7.14824E-7 600000000. 8.97428E-7504910  5  925
 640000000. 1.11881E-6 680000000. 1.33784E-6 720000000. 1.49079E-6504910  5  926
 760000000. 1.74411E-6 800000000. 2.02548E-6 840000000. 2.22950E-6504910  5  927
 880000000. 2.38720E-6 920000000. 2.52292E-6 960000000. 2.65198E-6504910  5  928
 1.00000E+9 0.0                                                   504910  5  929
 0.0        0.0             39089          0          1         18504910  5  930
         18          1                                            504910  5  931
 320000000. 2.40569E-8 360000000. 5.38595E-8 400000000. 9.37711E-8504910  5  932
 440000000. 1.55494E-7 480000000. 2.42450E-7 520000000. 3.37039E-7504910  5  933
 560000000. 4.36420E-7 600000000. 5.33011E-7 640000000. 6.32764E-7504910  5  934
 680000000. 7.64683E-7 720000000. 9.32265E-7 760000000. 1.02083E-6504910  5  935
 800000000. 1.05930E-6 840000000. 1.17791E-6 880000000. 1.31763E-6504910  5  936
 920000000. 1.38682E-6 960000000. 1.46341E-6 1.00000E+9 0.0       504910  5  937
 0.0        0.0             39090          0          1         19504910  5  938
         19          1                                            504910  5  939
 280000000. 6.43757E-9 320000000. 1.22864E-8 360000000. 3.01993E-8504910  5  940
 400000000. 5.16909E-8 440000000. 7.87023E-8 480000000. 1.08901E-7504910  5  941
 520000000. 1.55009E-7 560000000. 2.09068E-7 600000000. 2.79026E-7504910  5  942
 640000000. 3.35075E-7 680000000. 3.58418E-7 720000000. 4.18673E-7504910  5  943
 760000000. 4.94634E-7 800000000. 5.50405E-7 840000000. 5.90759E-7504910  5  944
 880000000. 6.14728E-7 920000000. 6.23994E-7 960000000. 6.42195E-7504910  5  945
 1.00000E+9 0.0                                                   504910  5  946
 0.0        0.0             39091          0          1         18504910  5  947
         18          1                                            504910  5  948
 320000000. 1.11378E-8 360000000. 2.36920E-8 400000000. 2.95243E-8504910  5  949
 440000000. 4.14429E-8 480000000. 5.81988E-8 520000000. 6.87927E-8504910  5  950
 560000000. 9.65740E-8 600000000. 1.10169E-7 640000000. 1.24557E-7504910  5  951
 680000000. 1.58613E-7 720000000. 1.79418E-7 760000000. 2.15137E-7504910  5  952
 800000000. 2.36039E-7 840000000. 2.41709E-7 880000000. 2.51792E-7504910  5  953
 920000000. 2.58153E-7 960000000. 2.69467E-7 1.00000E+9 0.0       504910  5  954
 0.0        0.0             39092          0          1         17504910  5  955
         17          1                                            504910  5  956
 360000000. 1.06615E-8 400000000. 1.32526E-8 440000000. 2.19259E-8504910  5  957
 480000000. 3.28141E-8 520000000. 3.31807E-8 560000000. 3.53740E-8504910  5  958
 600000000. 4.38722E-8 640000000. 5.87682E-8 680000000. 6.93862E-8504910  5  959
 720000000. 7.48586E-8 760000000. 7.91234E-8 800000000. 8.51124E-8504910  5  960
 840000000. 9.68146E-8 880000000. 1.00204E-7 920000000. 1.10776E-7504910  5  961
 960000000. 1.19064E-7 1.00000E+9 0.0                             504910  5  962
 0.0        0.0             39093          0          1         15504910  5  963
         15          1                                            504910  5  964
 440000000. 6.72043E-9 480000000. 6.81774E-9 520000000. 9.36579E-9504910  5  965
 560000000. 1.38947E-8 600000000. 1.27521E-8 640000000. 1.46744E-8504910  5  966
 680000000. 2.24639E-8 720000000. 2.64636E-8 760000000. 2.53062E-8504910  5  967
 800000000. 2.27553E-8 840000000. 3.04845E-8 880000000. 3.64441E-8504910  5  968
 920000000. 3.00124E-8 960000000. 3.07135E-8 1.00000E+9 0.0       504910  5  969
 0.0        0.0             39094          0          1          8504910  5  970
          8          1                                            504910  5  971
 720000000. 6.93054E-9 760000000. 7.92077E-9 800000000. 8.91097E-9504910  5  972
 840000000. 9.90116E-9 880000000. 1.36408E-8 920000000. 1.50087E-8504910  5  973
 960000000. 1.43810E-8 1.00000E+9 0.0                             504910  5  974
 0.0        0.0             40083          0          1         10504910  5  975
         10          1                                            504910  5  976
 640000000. 1.08841E-8 680000000. 1.66462E-8 720000000. 2.06795E-8504910  5  977
 760000000. 2.33041E-8 800000000. 3.18341E-8 840000000. 4.08946E-8504910  5  978
 880000000. 4.81397E-8 920000000. 4.88999E-8 960000000. 5.42583E-8504910  5  979
 1.00000E+9 0.0                                                   504910  5  980
 0.0        0.0             40084          0          1         14504910  5  981
         14          1                                            504910  5  982
 480000000. 1.54329E-8 520000000. 3.06127E-8 560000000. 4.67153E-8504910  5  983
 600000000. 5.78943E-8 640000000. 8.48739E-8 680000000. 1.20078E-7504910  5  984
 720000000. 1.63751E-7 760000000. 2.21645E-7 800000000. 2.53467E-7504910  5  985
 840000000. 3.04527E-7 880000000. 3.84247E-7 920000000. 4.23157E-7504910  5  986
 960000000. 4.51816E-7 1.00000E+9 0.0                             504910  5  987
 0.0        0.0             40085          0          1         16504910  5  988
         16          1                                            504910  5  989
 400000000. 1.91615E-8 440000000. 3.90495E-8 480000000. 8.14858E-8504910  5  990
 520000000. 1.50616E-7 560000000. 2.58633E-7 600000000. 3.92890E-7504910  5  991
 640000000. 5.52430E-7 680000000. 7.28106E-7 720000000. 8.89629E-7504910  5  992
 760000000. 1.07275E-6 800000000. 1.28099E-6 840000000. 1.48141E-6504910  5  993
 880000000. 1.66088E-6 920000000. 1.86942E-6 960000000. 2.10996E-6504910  5  994
 1.00000E+9 0.0                                                   504910  5  995
 0.0        0.0             40086          0          1         17504910  5  996
         17          1                                            504910  5  997
 360000000. 2.83563E-8 400000000. 7.08109E-8 440000000. 1.41445E-7504910  5  998
 480000000. 2.89060E-7 520000000. 5.04995E-7 560000000. 7.65022E-7504910  5  999
 600000000. 1.06811E-6 640000000. 1.38401E-6 680000000. 1.77625E-6504910  5 1000
 720000000. 2.24362E-6 760000000. 2.71593E-6 800000000. 3.15242E-6504910  5 1001
 840000000. 3.58907E-6 880000000. 3.98746E-6 920000000. 4.40513E-6504910  5 1002
 960000000. 4.85142E-6 1.00000E+9 0.0                             504910  5 1003
 0.0        0.0             40087          0          1         18504910  5 1004
         18          1                                            504910  5 1005
 320000000. 2.27469E-8 360000000. 6.68851E-8 400000000. 1.72111E-7504910  5 1006
 440000000. 3.42129E-7 480000000. 5.99481E-7 520000000. 9.60128E-7504910  5 1007
 560000000. 1.41964E-6 600000000. 1.90901E-6 640000000. 2.43685E-6504910  5 1008
 680000000. 3.08247E-6 720000000. 3.65674E-6 760000000. 4.23416E-6504910  5 1009
 800000000. 4.88268E-6 840000000. 5.44088E-6 880000000. 5.95597E-6504910  5 1010
 920000000. 6.49741E-6 960000000. 6.97571E-6 1.00000E+9 0.0       504910  5 1011
 0.0        0.0             40088          0          1         18504910  5 1012
         18          1                                            504910  5 1013
 320000000. 4.96251E-8 360000000. 1.30880E-7 400000000. 2.98186E-7504910  5 1014
 440000000. 5.46562E-7 480000000. 8.85896E-7 520000000. 1.30688E-6504910  5 1015
 560000000. 1.80317E-6 600000000. 2.45405E-6 640000000. 3.04377E-6504910  5 1016
 680000000. 3.62906E-6 720000000. 4.24214E-6 760000000. 4.76706E-6504910  5 1017
 800000000. 5.38867E-6 840000000. 6.04373E-6 880000000. 6.56457E-6504910  5 1018
 920000000. 6.96736E-6 960000000. 7.40381E-6 1.00000E+9 0.0       504910  5 1019
 0.0        0.0             40089          0          1         19504910  5 1020
         19          1                                            504910  5 1021
 280000000. 2.13645E-8 320000000. 8.01103E-8 360000000. 1.93691E-7504910  5 1022
 400000000. 3.67542E-7 440000000. 6.23390E-7 480000000. 9.59163E-7504910  5 1023
 520000000. 1.31155E-6 560000000. 1.79221E-6 600000000. 2.34185E-6504910  5 1024
 640000000. 2.83442E-6 680000000. 3.33313E-6 720000000. 3.77254E-6504910  5 1025
 760000000. 4.18440E-6 800000000. 4.72640E-6 840000000. 5.18642E-6504910  5 1026
 880000000. 5.54567E-6 920000000. 6.01577E-6 960000000. 6.41147E-6504910  5 1027
 1.00000E+9 0.0                                                   504910  5 1028
 0.0        0.0             40090          0          1         19504910  5 1029
         19          1                                            504910  5 1030
 280000000. 3.35317E-8 320000000. 9.13963E-8 360000000. 2.16065E-7504910  5 1031
 400000000. 3.78633E-7 440000000. 5.83215E-7 480000000. 8.33900E-7504910  5 1032
 520000000. 1.13117E-6 560000000. 1.47216E-6 600000000. 1.77224E-6504910  5 1033
 640000000. 2.08604E-6 680000000. 2.45316E-6 720000000. 2.71019E-6504910  5 1034
 760000000. 3.02522E-6 800000000. 3.39751E-6 840000000. 3.68001E-6504910  5 1035
 880000000. 3.96493E-6 920000000. 4.16164E-6 960000000. 4.37548E-6504910  5 1036
 1.00000E+9 0.0                                                   504910  5 1037
 0.0        0.0             40091          0          1         19504910  5 1038
         19          1                                            504910  5 1039
 280000000. 3.82273E-8 320000000. 8.09901E-8 360000000. 1.51740E-7504910  5 1040
 400000000. 2.72086E-7 440000000. 4.28961E-7 480000000. 5.90831E-7504910  5 1041
 520000000. 7.45669E-7 560000000. 9.20222E-7 600000000. 1.11760E-6504910  5 1042
 640000000. 1.29697E-6 680000000. 1.48350E-6 720000000. 1.69321E-6504910  5 1043
 760000000. 1.86354E-6 800000000. 2.02030E-6 840000000. 2.22234E-6504910  5 1044
 880000000. 2.39301E-6 920000000. 2.48026E-6 960000000. 2.56615E-6504910  5 1045
 1.00000E+9 0.0                                                   504910  5 1046
 0.0        0.0             40092          0          1         19504910  5 1047
         19          1                                            504910  5 1048
 280000000. 2.30593E-8 320000000. 5.51881E-8 360000000. 1.06051E-7504910  5 1049
 400000000. 1.85059E-7 440000000. 2.66744E-7 480000000. 3.47722E-7504910  5 1050
 520000000. 4.29793E-7 560000000. 5.04125E-7 600000000. 5.97230E-7504910  5 1051
 640000000. 6.94249E-7 680000000. 7.83542E-7 720000000. 8.69959E-7504910  5 1052
 760000000. 9.69189E-7 800000000. 1.05874E-6 840000000. 1.10687E-6504910  5 1053
 880000000. 1.15908E-6 920000000. 1.20945E-6 960000000. 1.29665E-6504910  5 1054
 1.00000E+9 0.0                                                   504910  5 1055
 0.0        0.0             40093          0          1         18504910  5 1056
         18          1                                            504910  5 1057
 320000000. 2.52187E-8 360000000. 5.15433E-8 400000000. 8.59467E-8504910  5 1058
 440000000. 1.15389E-7 480000000. 1.55849E-7 520000000. 2.02696E-7504910  5 1059
 560000000. 2.40676E-7 600000000. 2.81807E-7 640000000. 3.22186E-7504910  5 1060
 680000000. 3.67347E-7 720000000. 4.13663E-7 760000000. 4.52566E-7504910  5 1061
 800000000. 4.70651E-7 840000000. 4.90624E-7 880000000. 5.13277E-7504910  5 1062
 920000000. 5.40404E-7 960000000. 5.76817E-7 1.00000E+9 0.0       504910  5 1063
 0.0        0.0             40094          0          1         19504910  5 1064
         19          1                                            504910  5 1065
 280000000. 9.34933E-9 320000000. 1.23358E-8 360000000. 2.36920E-8504910  5 1066
 400000000. 4.20570E-8 440000000. 5.61808E-8 480000000. 6.06851E-8504910  5 1067
 520000000. 6.81859E-8 560000000. 9.27937E-8 600000000. 1.18330E-7504910  5 1068
 640000000. 1.29800E-7 680000000. 1.41303E-7 720000000. 1.58101E-7504910  5 1069
 760000000. 1.91171E-7 800000000. 1.92605E-7 840000000. 1.98038E-7504910  5 1070
 880000000. 2.23813E-7 920000000. 2.28817E-7 960000000. 2.49782E-7504910  5 1071
 1.00000E+9 0.0                                                   504910  5 1072
 0.0        0.0             40095          0          1         18504910  5 1073
         18          1                                            504910  5 1074
 320000000. 8.21780E-9 360000000. 1.54103E-8 400000000. 1.86765E-8504910  5 1075
 440000000. 2.13507E-8 480000000. 2.78529E-8 520000000. 3.37766E-8504910  5 1076
 560000000. 4.54503E-8 600000000. 5.47299E-8 640000000. 5.75507E-8504910  5 1077
 680000000. 6.42196E-8 720000000. 7.16411E-8 760000000. 7.20002E-8504910  5 1078
 800000000. 6.18238E-8 840000000. 7.13639E-8 880000000. 7.55606E-8504910  5 1079
 920000000. 7.55574E-8 960000000. 8.89580E-8 1.00000E+9 0.0       504910  5 1080
 0.0        0.0             40096          0          1         15504910  5 1081
         15          1                                            504910  5 1082
 440000000. 7.93259E-9 480000000. 8.06414E-9 520000000. 1.18497E-8504910  5 1083
 560000000. 1.45555E-8 600000000. 1.20878E-8 640000000. 1.78679E-8504910  5 1084
 680000000. 1.93063E-8 720000000. 1.74172E-8 760000000. 1.62324E-8504910  5 1085
 800000000. 1.94471E-8 840000000. 2.47101E-8 880000000. 2.53554E-8504910  5 1086
 920000000. 2.93308E-8 960000000. 3.72496E-8 1.00000E+9 0.0       504910  5 1087
 0.0        0.0             40097          0          1          8504910  5 1088
          8          1                                            504910  5 1089
 720000000. 6.45486E-9 760000000. 7.77376E-9 800000000. 9.10000E-9504910  5 1090
 840000000. 9.10000E-9 880000000. 9.75511E-9 920000000. 1.10852E-8504910  5 1091
 960000000. 1.24254E-8 1.00000E+9 0.0                             504910  5 1092
 0.0        0.0             41085          0          1          9504910  5 1093
          9          1                                            504910  5 1094
 680000000. 1.21964E-8 720000000. 1.48439E-8 760000000. 1.62091E-8504910  5 1095
 800000000. 2.07683E-8 840000000. 2.98597E-8 880000000. 4.02962E-8504910  5 1096
 920000000. 4.49941E-8 960000000. 4.12218E-8 1.00000E+9 0.0       504910  5 1097
 0.0        0.0             41086          0          1         14504910  5 1098
         14          1                                            504910  5 1099
 480000000. 1.42110E-8 520000000. 2.56134E-8 560000000. 4.73003E-8504910  5 1100
 600000000. 7.31067E-8 640000000. 9.52029E-8 680000000. 1.17503E-7504910  5 1101
 720000000. 1.47703E-7 760000000. 1.75055E-7 800000000. 1.97499E-7504910  5 1102
 840000000. 2.40943E-7 880000000. 2.79026E-7 920000000. 3.19325E-7504910  5 1103
 960000000. 3.38210E-7 1.00000E+9 0.0                             504910  5 1104
 0.0        0.0             41087          0          1         17504910  5 1105
         17          1                                            504910  5 1106
 360000000. 1.24092E-8 400000000. 3.00093E-8 440000000. 7.55208E-8504910  5 1107
 480000000. 1.34825E-7 520000000. 2.22389E-7 560000000. 3.24611E-7504910  5 1108
 600000000. 4.37948E-7 640000000. 5.96055E-7 680000000. 7.48705E-7504910  5 1109
 720000000. 8.79472E-7 760000000. 1.03643E-6 800000000. 1.20784E-6504910  5 1110
 840000000. 1.40381E-6 880000000. 1.54169E-6 920000000. 1.66151E-6504910  5 1111
 960000000. 1.87134E-6 1.00000E+9 0.0                             504910  5 1112
 0.0        0.0             41088          0          1         18504910  5 1113
         18          1                                            504910  5 1114
 320000000. 1.81131E-8 360000000. 5.08902E-8 400000000. 1.28955E-7504910  5 1115
 440000000. 2.84030E-7 480000000. 5.10590E-7 520000000. 8.21240E-7504910  5 1116
 560000000. 1.15814E-6 600000000. 1.49943E-6 640000000. 1.84135E-6504910  5 1117
 680000000. 2.27834E-6 720000000. 2.75711E-6 760000000. 3.12872E-6504910  5 1118
 800000000. 3.50087E-6 840000000. 3.91936E-6 880000000. 4.26809E-6504910  5 1119
 920000000. 4.57698E-6 960000000. 4.99830E-6 1.00000E+9 0.0       504910  5 1120
 0.0        0.0             41089          0          1         18504910  5 1121
         18          1                                            504910  5 1122
 320000000. 7.60550E-8 360000000. 1.85930E-7 400000000. 3.93757E-7504910  5 1123
 440000000. 7.14203E-7 480000000. 1.10881E-6 520000000. 1.64094E-6504910  5 1124
 560000000. 2.28958E-6 600000000. 2.89775E-6 640000000. 3.49137E-6504910  5 1125
 680000000. 4.16879E-6 720000000. 4.89022E-6 760000000. 5.48395E-6504910  5 1126
 800000000. 6.01122E-6 840000000. 6.61767E-6 880000000. 7.27024E-6504910  5 1127
 920000000. 7.77995E-6 960000000. 8.15554E-6 1.00000E+9 0.0       504910  5 1128
 0.0        0.0             41090          0          1         19504910  5 1129
         19          1                                            504910  5 1130
 280000000. 3.58246E-8 320000000. 1.30978E-7 360000000. 3.32741E-7504910  5 1131
 400000000. 6.56347E-7 440000000. 1.10112E-6 480000000. 1.69187E-6504910  5 1132
 520000000. 2.34968E-6 560000000. 3.04199E-6 600000000. 3.88669E-6504910  5 1133
 640000000. 4.76212E-6 680000000. 5.46471E-6 720000000. 6.10967E-6504910  5 1134
 760000000. 6.78633E-6 800000000. 7.49779E-6 840000000. 8.11925E-6504910  5 1135
 880000000. 8.57663E-6 920000000. 9.05619E-6 960000000. 9.61875E-6504910  5 1136
 1.00000E+9 0.0                                                   504910  5 1137
 0.0        0.0             41091          0          1         19504910  5 1138
         19          1                                            504910  5 1139
 280000000. 6.83692E-8 320000000. 2.11192E-7 360000000. 4.71742E-7504910  5 1140
 400000000. 8.37341E-7 440000000. 1.31668E-6 480000000. 1.91912E-6504910  5 1141
 520000000. 2.60675E-6 560000000. 3.30320E-6 600000000. 4.04392E-6504910  5 1142
 640000000. 4.74050E-6 680000000. 5.37319E-6 720000000. 6.05351E-6504910  5 1143
 760000000. 6.54043E-6 800000000. 7.05060E-6 840000000. 7.53527E-6504910  5 1144
 880000000. 7.89726E-6 920000000. 8.33094E-6 960000000. 8.65292E-6504910  5 1145
 1.00000E+9 0.0                                                   504910  5 1146
 0.0        0.0             41092          0          1         20504910  5 1147
         20          1                                            504910  5 1148
 240000000. 3.48368E-8 280000000. 1.19273E-7 320000000. 2.51233E-7504910  5 1149
 360000000. 4.87004E-7 400000000. 8.37032E-7 440000000. 1.28674E-6504910  5 1150
 480000000. 1.76830E-6 520000000. 2.19645E-6 560000000. 2.73264E-6504910  5 1151
 600000000. 3.28588E-6 640000000. 3.74780E-6 680000000. 4.20515E-6504910  5 1152
 720000000. 4.66697E-6 760000000. 5.09254E-6 800000000. 5.36929E-6504910  5 1153
 840000000. 5.67589E-6 880000000. 5.98575E-6 920000000. 6.16530E-6504910  5 1154
 960000000. 6.36979E-6 1.00000E+9 0.0                             504910  5 1155
 0.0        0.0             41093          0          1         20504910  5 1156
         20          1                                            504910  5 1157
 240000000. 3.51114E-8 280000000. 1.06461E-7 320000000. 2.59733E-7504910  5 1158
 360000000. 4.62800E-7 400000000. 6.44716E-7 440000000. 9.03007E-7504910  5 1159
 480000000. 1.20547E-6 520000000. 1.51232E-6 560000000. 1.84649E-6504910  5 1160
 600000000. 2.18555E-6 640000000. 2.54098E-6 680000000. 2.82695E-6504910  5 1161
 720000000. 3.08545E-6 760000000. 3.27547E-6 800000000. 3.45470E-6504910  5 1162
 840000000. 3.62564E-6 880000000. 3.80809E-6 920000000. 3.97151E-6504910  5 1163
 960000000. 4.03336E-6 1.00000E+9 0.0                             504910  5 1164
 0.0        0.0             41094          0          1         20504910  5 1165
         20          1                                            504910  5 1166
 240000000. 3.73815E-8 280000000. 9.73782E-8 320000000. 1.88504E-7504910  5 1167
 360000000. 2.87973E-7 400000000. 4.46970E-7 440000000. 6.40977E-7504910  5 1168
 480000000. 7.95869E-7 520000000. 9.70194E-7 560000000. 1.12654E-6504910  5 1169
 600000000. 1.26913E-6 640000000. 1.43326E-6 680000000. 1.54950E-6504910  5 1170
 720000000. 1.65731E-6 760000000. 1.80564E-6 800000000. 1.94316E-6504910  5 1171
 840000000. 2.03372E-6 880000000. 2.12628E-6 920000000. 2.21289E-6504910  5 1172
 960000000. 2.29286E-6 1.00000E+9 0.0                             504910  5 1173
 0.0        0.0             41095          0          1         21504910  5 1174
         21          1                                            504910  5 1175
 200000000. 1.31901E-8 240000000. 2.66557E-8 280000000. 5.73620E-8504910  5 1176
 320000000. 1.09259E-7 360000000. 1.70922E-7 400000000. 2.36337E-7504910  5 1177
 440000000. 2.99771E-7 480000000. 3.86041E-7 520000000. 4.71164E-7504910  5 1178
 560000000. 5.43907E-7 600000000. 6.41798E-7 640000000. 7.14891E-7504910  5 1179
 680000000. 7.78422E-7 720000000. 8.95556E-7 760000000. 9.53438E-7504910  5 1180
 800000000. 9.38046E-7 840000000. 9.52184E-7 880000000. 1.01520E-6504910  5 1181
 920000000. 1.06085E-6 960000000. 1.06864E-6 1.00000E+9 0.0       504910  5 1182
 0.0        0.0             41096          0          1         20504910  5 1183
         20          1                                            504910  5 1184
 240000000. 1.85255E-8 280000000. 3.42606E-8 320000000. 5.93374E-8504910  5 1185
 360000000. 8.43609E-8 400000000. 1.00496E-7 440000000. 1.36036E-7504910  5 1186
 480000000. 1.80118E-7 520000000. 2.04626E-7 560000000. 2.33733E-7504910  5 1187
 600000000. 2.66586E-7 640000000. 3.10598E-7 680000000. 3.54577E-7504910  5 1188
 720000000. 3.69254E-7 760000000. 3.80623E-7 800000000. 4.08748E-7504910  5 1189
 840000000. 4.24485E-7 880000000. 4.40957E-7 920000000. 4.55148E-7504910  5 1190
 960000000. 4.65611E-7 1.00000E+9 0.0                             504910  5 1191
 0.0        0.0             41097          0          1         19504910  5 1192
         19          1                                            504910  5 1193
 280000000. 1.97116E-8 320000000. 2.59685E-8 360000000. 3.37850E-8504910  5 1194
 400000000. 4.33540E-8 440000000. 5.06544E-8 480000000. 6.86655E-8504910  5 1195
 520000000. 9.12999E-8 560000000. 1.14957E-7 600000000. 1.20354E-7504910  5 1196
 640000000. 1.30980E-7 680000000. 1.41403E-7 720000000. 1.29790E-7504910  5 1197
 760000000. 1.32251E-7 800000000. 1.62330E-7 840000000. 1.85900E-7504910  5 1198
 880000000. 1.83478E-7 920000000. 1.84501E-7 960000000. 1.84464E-7504910  5 1199
 1.00000E+9 0.0                                                   504910  5 1200
 0.0        0.0             41098          0          1         18504910  5 1201
         18          1                                            504910  5 1202
 320000000. 8.81428E-9 360000000. 1.54103E-8 400000000. 1.86765E-8504910  5 1203
 440000000. 2.31739E-8 480000000. 2.35807E-8 520000000. 2.87141E-8504910  5 1204
 560000000. 3.66816E-8 600000000. 3.81492E-8 640000000. 4.41225E-8504910  5 1205
 680000000. 5.07187E-8 720000000. 5.29638E-8 760000000. 5.63779E-8504910  5 1206
 800000000. 6.43447E-8 840000000. 6.88747E-8 880000000. 7.41550E-8504910  5 1207
 920000000. 7.23923E-8 960000000. 7.64852E-8 1.00000E+9 0.0       504910  5 1208
 0.0        0.0             41099          0          1         17504910  5 1209
         17          1                                            504910  5 1210
 360000000. 6.85595E-9 400000000. 8.74253E-9 440000000. 9.77391E-9504910  5 1211
 480000000. 8.06414E-9 520000000. 9.36579E-9 560000000. 1.70332E-8504910  5 1212
 600000000. 2.29057E-8 640000000. 1.98648E-8 680000000. 1.73363E-8504910  5 1213
 720000000. 1.87254E-8 760000000. 2.20263E-8 800000000. 2.53553E-8504910  5 1214
 840000000. 2.34101E-8 880000000. 2.21199E-8 920000000. 2.67123E-8504910  5 1215
 960000000. 2.74914E-8 1.00000E+9 0.0                             504910  5 1216
 0.0        0.0             41100          0          1          5504910  5 1217
          5          1                                            504910  5 1218
 840000000. 1.04000E-8 880000000. 9.11459E-9 920000000. 8.47277E-9504910  5 1219
 960000000. 9.80796E-9 1.00000E+9 0.0                             504910  5 1220
 0.0        0.0             42086          0          1          2504910  5 1221
          2          1                                            504910  5 1222
 960000000. 0.0        1.00000E+9 0.0                             504910  5 1223
 0.0        0.0             42087          0          1          9504910  5 1224
          9          1                                            504910  5 1225
 680000000. 1.15720E-8 720000000. 1.48140E-8 760000000. 1.49435E-8504910  5 1226
 800000000. 1.87813E-8 840000000. 2.60101E-8 880000000. 2.79507E-8504910  5 1227
 920000000. 3.19450E-8 960000000. 2.74953E-8 1.00000E+9 0.0       504910  5 1228
 0.0        0.0             42088          0          1         15504910  5 1229
         15          1                                            504910  5 1230
 440000000. 1.03569E-8 480000000. 1.36304E-8 520000000. 1.93538E-8504910  5 1231
 560000000. 4.22360E-8 600000000. 5.60359E-8 640000000. 7.08539E-8504910  5 1232
 680000000. 9.18573E-8 720000000. 1.10289E-7 760000000. 1.34195E-7504910  5 1233
 800000000. 1.63641E-7 840000000. 1.80095E-7 880000000. 1.88573E-7504910  5 1234
 920000000. 2.12509E-7 960000000. 2.43850E-7 1.00000E+9 0.0       504910  5 1235
 0.0        0.0             42089          0          1         17504910  5 1236
         17          1                                            504910  5 1237
 360000000. 1.65634E-8 400000000. 4.55653E-8 440000000. 1.00580E-7504910  5 1238
 480000000. 1.58970E-7 520000000. 2.27546E-7 560000000. 3.50242E-7504910  5 1239
 600000000. 4.66915E-7 640000000. 6.04228E-7 680000000. 7.22748E-7504910  5 1240
 720000000. 8.25076E-7 760000000. 9.68585E-7 800000000. 1.05675E-6504910  5 1241
 840000000. 1.11980E-6 880000000. 1.22709E-6 920000000. 1.36312E-6504910  5 1242
 960000000. 1.49352E-6 1.00000E+9 0.0                             504910  5 1243
 0.0        0.0             42090          0          1         18504910  5 1244
         18          1                                            504910  5 1245
 320000000. 3.86355E-8 360000000. 1.13505E-7 400000000. 2.52749E-7504910  5 1246
 440000000. 4.63458E-7 480000000. 7.30353E-7 520000000. 1.04291E-6504910  5 1247
 560000000. 1.41443E-6 600000000. 1.82887E-6 640000000. 2.22678E-6504910  5 1248
 680000000. 2.55371E-6 720000000. 2.93180E-6 760000000. 3.25196E-6504910  5 1249
 800000000. 3.55468E-6 840000000. 3.93738E-6 880000000. 4.30594E-6504910  5 1250
 920000000. 4.56343E-6 960000000. 4.70673E-6 1.00000E+9 0.0       504910  5 1251
 0.0        0.0             42091          0          1         19504910  5 1252
         19          1                                            504910  5 1253
 280000000. 4.38470E-8 320000000. 1.29467E-7 360000000. 3.23079E-7504910  5 1254
 400000000. 6.86799E-7 440000000. 1.18585E-6 480000000. 1.75470E-6504910  5 1255
 520000000. 2.43114E-6 560000000. 3.18734E-6 600000000. 3.90106E-6504910  5 1256
 640000000. 4.54799E-6 680000000. 5.24870E-6 720000000. 5.96524E-6504910  5 1257
 760000000. 6.53643E-6 800000000. 7.10439E-6 840000000. 7.64872E-6504910  5 1258
 880000000. 8.07003E-6 920000000. 8.43005E-6 960000000. 8.85312E-6504910  5 1259
 1.00000E+9 0.0                                                   504910  5 1260
 0.0        0.0             42092          0          1         19504910  5 1261
         19          1                                            504910  5 1262
 280000000. 1.11482E-7 320000000. 3.25067E-7 360000000. 7.24430E-7504910  5 1263
 400000000. 1.30183E-6 440000000. 1.96992E-6 480000000. 2.78765E-6504910  5 1264
 520000000. 3.76683E-6 560000000. 4.63542E-6 600000000. 5.56123E-6504910  5 1265
 640000000. 6.48737E-6 680000000. 7.34524E-6 720000000. 8.27112E-6504910  5 1266
 760000000. 9.06114E-6 800000000. 9.60946E-6 840000000. 1.00324E-5504910  5 1267
 880000000. 1.04705E-5 920000000. 1.09162E-5 960000000. 1.13090E-5504910  5 1268
 1.00000E+9 0.0                                                   504910  5 1269
 0.0        0.0             42093          0          1         20504910  5 1270
         20          1                                            504910  5 1271
 240000000. 8.73898E-8 280000000. 2.53471E-7 320000000. 5.67511E-7504910  5 1272
 360000000. 1.06510E-6 400000000. 1.73657E-6 440000000. 2.56256E-6504910  5 1273
 480000000. 3.55424E-6 520000000. 4.54238E-6 560000000. 5.39911E-6504910  5 1274
 600000000. 6.30359E-6 640000000. 7.10606E-6 680000000. 7.82530E-6504910  5 1275
 720000000. 8.54294E-6 760000000. 9.24976E-6 800000000. 9.79689E-6504910  5 1276
 840000000. 1.01975E-5 880000000. 1.06092E-5 920000000. 1.08431E-5504910  5 1277
 960000000. 1.10187E-5 1.00000E+9 0.0                             504910  5 1278
 0.0        0.0             42094          0          1         20504910  5 1279
         20          1                                            504910  5 1280
 240000000. 1.20085E-7 280000000. 3.48616E-7 320000000. 7.06374E-7504910  5 1281
 360000000. 1.21162E-6 400000000. 1.80429E-6 440000000. 2.42329E-6504910  5 1282
 480000000. 3.18376E-6 520000000. 3.98001E-6 560000000. 4.71325E-6504910  5 1283
 600000000. 5.36998E-6 640000000. 6.09286E-6 680000000. 6.72534E-6504910  5 1284
 720000000. 7.35253E-6 760000000. 7.84762E-6 800000000. 8.02461E-6504910  5 1285
 840000000. 8.30437E-6 880000000. 8.57943E-6 920000000. 8.92647E-6504910  5 1286
 960000000. 9.16326E-6 1.00000E+9 0.0                             504910  5 1287
 0.0        0.0             42095          0          1         21504910  5 1288
         21          1                                            504910  5 1289
 200000000. 5.00101E-8 240000000. 1.69901E-7 280000000. 3.62989E-7504910  5 1290
 320000000. 6.59974E-7 360000000. 1.03528E-6 400000000. 1.47823E-6504910  5 1291
 440000000. 1.98276E-6 480000000. 2.49753E-6 520000000. 3.01370E-6504910  5 1292
 560000000. 3.54572E-6 600000000. 4.02191E-6 640000000. 4.46532E-6504910  5 1293
 680000000. 4.80685E-6 720000000. 5.12800E-6 760000000. 5.37247E-6504910  5 1294
 800000000. 5.50623E-6 840000000. 5.68872E-6 880000000. 5.88461E-6504910  5 1295
 920000000. 6.10335E-6 960000000. 6.19903E-6 1.00000E+9 0.0       504910  5 1296
 0.0        0.0             42096          0          1         21504910  5 1297
         21          1                                            504910  5 1298
 200000000. 5.13675E-8 240000000. 1.51050E-7 280000000. 3.06173E-7504910  5 1299
 320000000. 5.28663E-7 360000000. 7.71573E-7 400000000. 1.02941E-6504910  5 1300
 440000000. 1.33331E-6 480000000. 1.63079E-6 520000000. 1.97052E-6504910  5 1301
 560000000. 2.31733E-6 600000000. 2.52721E-6 640000000. 2.73489E-6504910  5 1302
 680000000. 2.91948E-6 720000000. 3.08104E-6 760000000. 3.31471E-6504910  5 1303
 800000000. 3.41033E-6 840000000. 3.48296E-6 880000000. 3.56699E-6504910  5 1304
 920000000. 3.58870E-6 960000000. 3.70341E-6 1.00000E+9 0.0       504910  5 1305
 0.0        0.0             42097          0          1         22504910  5 1306
         22          1                                            504910  5 1307
 180000000. 1.79606E-8 200000000. 4.89158E-8 240000000. 1.14269E-7504910  5 1308
 280000000. 1.97902E-7 320000000. 3.01487E-7 360000000. 4.34703E-7504910  5 1309
 400000000. 5.79112E-7 440000000. 7.33871E-7 480000000. 8.93040E-7504910  5 1310
 520000000. 1.04989E-6 560000000. 1.17713E-6 600000000. 1.32889E-6504910  5 1311
 640000000. 1.43770E-6 680000000. 1.56631E-6 720000000. 1.71832E-6504910  5 1312
 760000000. 1.73751E-6 800000000. 1.79100E-6 840000000. 1.86227E-6504910  5 1313
 880000000. 1.88133E-6 920000000. 1.90003E-6 960000000. 1.94560E-6504910  5 1314
 1.00000E+9 0.0                                                   504910  5 1315
 0.0        0.0             42098          0          1         22504910  5 1316
         22          1                                            504910  5 1317
 180000000. 1.28446E-8 200000000. 3.03767E-8 240000000. 6.76869E-8504910  5 1318
 280000000. 1.23752E-7 320000000. 1.88240E-7 360000000. 2.33645E-7504910  5 1319
 400000000. 2.97016E-7 440000000. 3.85854E-7 480000000. 4.27317E-7504910  5 1320
 520000000. 5.11433E-7 560000000. 6.06081E-7 600000000. 6.15514E-7504910  5 1321
 640000000. 6.77462E-7 680000000. 7.71451E-7 720000000. 8.30654E-7504910  5 1322
 760000000. 8.54790E-7 800000000. 8.72222E-7 840000000. 8.79606E-7504910  5 1323
 880000000. 8.63313E-7 920000000. 9.00239E-7 960000000. 9.45086E-7504910  5 1324
 1.00000E+9 0.0                                                   504910  5 1325
 0.0        0.0             42099          0          1         22504910  5 1326
         22          1                                            504910  5 1327
 180000000. 1.22133E-8 200000000. 1.80122E-8 240000000. 3.63063E-8504910  5 1328
 280000000. 5.71721E-8 320000000. 8.28110E-8 360000000. 1.20000E-7504910  5 1329
 400000000. 1.46204E-7 440000000. 1.70371E-7 480000000. 1.82085E-7504910  5 1330
 520000000. 1.86507E-7 560000000. 2.34837E-7 600000000. 2.79422E-7504910  5 1331
 640000000. 2.99808E-7 680000000. 3.28905E-7 720000000. 3.51105E-7504910  5 1332
 760000000. 3.45138E-7 800000000. 3.71471E-7 840000000. 3.90877E-7504910  5 1333
 880000000. 3.81117E-7 920000000. 4.14605E-7 960000000. 4.06303E-7504910  5 1334
 1.00000E+9 0.0                                                   504910  5 1335
 0.0        0.0             42100          0          1         22504910  5 1336
         22          1                                            504910  5 1337
 180000000. 6.02158E-9 200000000. 6.59816E-9 240000000. 1.15355E-8504910  5 1338
 280000000. 2.43813E-8 320000000. 3.82317E-8 360000000. 4.57954E-8504910  5 1339
 400000000. 5.53187E-8 440000000. 6.11139E-8 480000000. 6.74372E-8504910  5 1340
 520000000. 8.13433E-8 560000000. 9.72634E-8 600000000. 1.10735E-7504910  5 1341
 640000000. 1.24622E-7 680000000. 1.36856E-7 720000000. 1.47125E-7504910  5 1342
 760000000. 1.54369E-7 800000000. 1.56623E-7 840000000. 1.67015E-7504910  5 1343
 880000000. 1.78215E-7 920000000. 1.78045E-7 960000000. 1.66813E-7504910  5 1344
 1.00000E+9 0.0                                                   504910  5 1345
 0.0        0.0             42101          0          1         20504910  5 1346
         20          1                                            504910  5 1347
 240000000. 6.69471E-9 280000000. 8.47275E-9 320000000. 8.85060E-9504910  5 1348
 360000000. 1.24410E-8 400000000. 1.92444E-8 440000000. 2.07855E-8504910  5 1349
 480000000. 2.90387E-8 520000000. 3.44621E-8 560000000. 3.47272E-8504910  5 1350
 600000000. 4.13584E-8 640000000. 4.03164E-8 680000000. 4.61983E-8504910  5 1351
 720000000. 6.12864E-8 760000000. 6.29326E-8 800000000. 6.36627E-8504910  5 1352
 840000000. 7.98743E-8 880000000. 7.88011E-8 920000000. 5.67838E-8504910  5 1353
 960000000. 5.75032E-8 1.00000E+9 0.0                             504910  5 1354
 0.0        0.0             42102          0          1         16504910  5 1355
         16          1                                            504910  5 1356
 400000000. 6.02429E-9 440000000. 7.76013E-9 480000000. 1.11921E-8504910  5 1357
 520000000. 1.46238E-8 560000000. 1.83172E-8 600000000. 1.97363E-8504910  5 1358
 640000000. 2.17236E-8 680000000. 2.44145E-8 720000000. 1.94011E-8504910  5 1359
 760000000. 1.62031E-8 800000000. 1.94894E-8 840000000. 2.33798E-8504910  5 1360
 880000000. 3.11913E-8 920000000. 3.19770E-8 960000000. 2.55181E-8504910  5 1361
 1.00000E+9 0.0                                                   504910  5 1362
 0.0        0.0             42103          0          1          9504910  5 1363
          9          1                                            504910  5 1364
 680000000. 6.74429E-9 720000000. 7.41946E-9 760000000. 7.77983E-9504910  5 1365
 800000000. 7.58675E-9 840000000. 7.15667E-9 880000000. 6.72659E-9504910  5 1366
 920000000. 1.04121E-8 960000000. 1.43700E-8 1.00000E+9 0.0       504910  5 1367
 0.0        0.0             42104          0          1          6504910  5 1368
          6          1                                            504910  5 1369
 800000000. 7.14471E-9 840000000. 7.58997E-9 880000000. 7.16657E-9504910  5 1370
 920000000. 6.74317E-9 960000000. 6.53000E-9 1.00000E+9 0.0       504910  5 1371
 0.0        0.0             43089          0          1          9504910  5 1372
          9          1                                            504910  5 1373
 680000000. 8.99476E-9 720000000. 1.03232E-8 760000000. 1.10303E-8504910  5 1374
 800000000. 8.46586E-9 840000000. 9.72480E-9 880000000. 1.43053E-8504910  5 1375
 920000000. 1.50045E-8 960000000. 2.02448E-8 1.00000E+9 0.0       504910  5 1376
 0.0        0.0             43090          0          1         15504910  5 1377
         15          1                                            504910  5 1378
 440000000. 1.34076E-8 480000000. 2.10403E-8 520000000. 3.18676E-8504910  5 1379
 560000000. 4.86079E-8 600000000. 5.60223E-8 640000000. 6.70556E-8504910  5 1380
 680000000. 8.35014E-8 720000000. 8.45873E-8 760000000. 9.78295E-8504910  5 1381
 800000000. 1.13121E-7 840000000. 1.27934E-7 880000000. 1.56052E-7504910  5 1382
 920000000. 1.61744E-7 960000000. 1.57615E-7 1.00000E+9 0.0       504910  5 1383
 0.0        0.0             43091          0          1         17504910  5 1384
         17          1                                            504910  5 1385
 360000000. 2.83245E-8 400000000. 6.24740E-8 440000000. 1.11578E-7504910  5 1386
 480000000. 1.75649E-7 520000000. 2.35793E-7 560000000. 3.03122E-7504910  5 1387
 600000000. 3.91058E-7 640000000. 4.90149E-7 680000000. 5.58876E-7504910  5 1388
 720000000. 6.31631E-7 760000000. 7.28051E-7 800000000. 8.09003E-7504910  5 1389
 840000000. 8.57989E-7 880000000. 9.29231E-7 920000000. 9.90463E-7504910  5 1390
 960000000. 9.82417E-7 1.00000E+9 0.0                             504910  5 1391
 0.0        0.0             43092          0          1         18504910  5 1392
         18          1                                            504910  5 1393
 320000000. 7.60286E-8 360000000. 1.94769E-7 400000000. 3.86126E-7504910  5 1394
 440000000. 6.05390E-7 480000000. 8.78151E-7 520000000. 1.22136E-6504910  5 1395
 560000000. 1.56568E-6 600000000. 1.86340E-6 640000000. 2.20412E-6504910  5 1396
 680000000. 2.54041E-6 720000000. 2.79751E-6 760000000. 3.04100E-6504910  5 1397
 800000000. 3.33452E-6 840000000. 3.59555E-6 880000000. 3.74408E-6504910  5 1398
 920000000. 3.82622E-6 960000000. 3.95505E-6 1.00000E+9 0.0       504910  5 1399
 0.0        0.0             43093          0          1         19504910  5 1400
         19          1                                            504910  5 1401
 280000000. 1.07977E-7 320000000. 3.07586E-7 360000000. 6.72923E-7504910  5 1402
 400000000. 1.17526E-6 440000000. 1.79264E-6 480000000. 2.50723E-6504910  5 1403
 520000000. 3.20589E-6 560000000. 3.98011E-6 600000000. 4.73397E-6504910  5 1404
 640000000. 5.33986E-6 680000000. 5.82847E-6 720000000. 6.34997E-6504910  5 1405
 760000000. 6.90430E-6 800000000. 7.31413E-6 840000000. 7.67446E-6504910  5 1406
 880000000. 8.00464E-6 920000000. 8.35686E-6 960000000. 8.57247E-6504910  5 1407
 1.00000E+9 0.0                                                   504910  5 1408
 0.0        0.0             43094          0          1         20504910  5 1409
         20          1                                            504910  5 1410
 240000000. 9.38748E-8 280000000. 2.98814E-7 320000000. 7.04753E-7504910  5 1411
 360000000. 1.34234E-6 400000000. 2.16405E-6 440000000. 3.18240E-6504910  5 1412
 480000000. 4.21761E-6 520000000. 5.31772E-6 560000000. 6.44851E-6504910  5 1413
 600000000. 7.46737E-6 640000000. 8.40052E-6 680000000. 9.22583E-6504910  5 1414
 720000000. 9.90108E-6 760000000. 1.04361E-5 800000000. 1.10096E-5504910  5 1415
 840000000. 1.15114E-5 880000000. 1.19364E-5 920000000. 1.20850E-5504910  5 1416
 960000000. 1.20523E-5 1.00000E+9 0.0                             504910  5 1417
 0.0        0.0             43095          0          1         21504910  5 1418
         21          1                                            504910  5 1419
 200000000. 4.76750E-8 240000000. 2.31711E-7 280000000. 5.91854E-7504910  5 1420
 320000000. 1.23183E-6 360000000. 2.18590E-6 400000000. 3.24402E-6504910  5 1421
 440000000. 4.34208E-6 480000000. 5.46114E-6 520000000. 6.66795E-6504910  5 1422
 560000000. 7.84893E-6 600000000. 8.81307E-6 640000000. 9.68513E-6504910  5 1423
 680000000. 1.05434E-5 720000000. 1.13144E-5 760000000. 1.19024E-5504910  5 1424
 800000000. 1.24391E-5 840000000. 1.29339E-5 880000000. 1.30397E-5504910  5 1425
 920000000. 1.30239E-5 960000000. 1.31815E-5 1.00000E+9 0.0       504910  5 1426
 0.0        0.0             43096          0          1         22504910  5 1427
         22          1                                            504910  5 1428
 180000000. 2.65455E-8 200000000. 1.31526E-7 240000000. 3.92879E-7504910  5 1429
 280000000. 8.99931E-7 320000000. 1.62434E-6 360000000. 2.52895E-6504910  5 1430
 400000000. 3.59486E-6 440000000. 4.55711E-6 480000000. 5.46090E-6504910  5 1431
 520000000. 6.61223E-6 560000000. 7.71418E-6 600000000. 8.49758E-6504910  5 1432
 640000000. 9.11398E-6 680000000. 9.82206E-6 720000000. 1.04310E-5504910  5 1433
 760000000. 1.08732E-5 800000000. 1.12115E-5 840000000. 1.12834E-5504910  5 1434
 880000000. 1.13818E-5 920000000. 1.15932E-5 960000000. 1.18257E-5504910  5 1435
 1.00000E+9 0.0                                                   504910  5 1436
 0.0        0.0             43097          0          1         22504910  5 1437
         22          1                                            504910  5 1438
 180000000. 5.10696E-8 200000000. 1.71325E-7 240000000. 4.76637E-7504910  5 1439
 280000000. 9.41071E-7 320000000. 1.54539E-6 360000000. 2.31881E-6504910  5 1440
 400000000. 3.12012E-6 440000000. 3.85290E-6 480000000. 4.65438E-6504910  5 1441
 520000000. 5.43082E-6 560000000. 6.04351E-6 600000000. 6.58036E-6504910  5 1442
 640000000. 7.16239E-6 680000000. 7.63499E-6 720000000. 7.98790E-6504910  5 1443
 760000000. 8.30649E-6 800000000. 8.47232E-6 840000000. 8.52223E-6504910  5 1444
 880000000. 8.57647E-6 920000000. 8.66618E-6 960000000. 8.80943E-6504910  5 1445
 1.00000E+9 0.0                                                   504910  5 1446
 0.0        0.0             43098          0          1         23504910  5 1447
         23          1                                            504910  5 1448
 160000000. 2.60663E-8 180000000. 6.08760E-8 200000000. 2.10333E-7504910  5 1449
 240000000. 4.91309E-7 280000000. 8.40099E-7 320000000. 1.28088E-6504910  5 1450
 360000000. 1.73796E-6 400000000. 2.21378E-6 440000000. 2.72707E-6504910  5 1451
 480000000. 3.24361E-6 520000000. 3.65067E-6 560000000. 4.05396E-6504910  5 1452
 600000000. 4.51157E-6 640000000. 4.81297E-6 680000000. 4.96027E-6504910  5 1453
 720000000. 5.13112E-6 760000000. 5.34613E-6 800000000. 5.52647E-6504910  5 1454
 840000000. 5.62881E-6 880000000. 5.61296E-6 920000000. 5.65687E-6504910  5 1455
 960000000. 5.71700E-6 1.00000E+9 0.0                             504910  5 1456
 0.0        0.0             43099          0          1         23504910  5 1457
         23          1                                            504910  5 1458
 160000000. 4.35185E-8 180000000. 7.09343E-8 200000000. 1.78710E-7504910  5 1459
 240000000. 3.63569E-7 280000000. 5.81362E-7 320000000. 8.77600E-7504910  5 1460
 360000000. 1.16141E-6 400000000. 1.41178E-6 440000000. 1.66482E-6504910  5 1461
 480000000. 1.92976E-6 520000000. 2.17848E-6 560000000. 2.38704E-6504910  5 1462
 600000000. 2.65247E-6 640000000. 2.82342E-6 680000000. 2.92044E-6504910  5 1463
 720000000. 2.99412E-6 760000000. 3.10900E-6 800000000. 3.25205E-6504910  5 1464
 840000000. 3.25557E-6 880000000. 3.19642E-6 920000000. 3.23759E-6504910  5 1465
 960000000. 3.31670E-6 1.00000E+9 0.0                             504910  5 1466
 0.0        0.0             43100          0          1         24504910  5 1467
         24          1                                            504910  5 1468
 140000000. 1.21336E-8 160000000. 2.54750E-8 180000000. 5.91518E-8504910  5 1469
 200000000. 1.25980E-7 240000000. 2.15555E-7 280000000. 3.40930E-7504910  5 1470
 320000000. 4.79550E-7 360000000. 5.86770E-7 400000000. 7.13915E-7504910  5 1471
 440000000. 8.93818E-7 480000000. 1.03823E-6 520000000. 1.14394E-6504910  5 1472
 560000000. 1.27495E-6 600000000. 1.37339E-6 640000000. 1.47610E-6504910  5 1473
 680000000. 1.53768E-6 720000000. 1.55556E-6 760000000. 1.61859E-6504910  5 1474
 800000000. 1.66334E-6 840000000. 1.67646E-6 880000000. 1.76950E-6504910  5 1475
 920000000. 1.82012E-6 960000000. 1.71978E-6 1.00000E+9 0.0       504910  5 1476
 0.0        0.0             43101          0          1         24504910  5 1477
         24          1                                            504910  5 1478
 140000000. 1.16495E-8 160000000. 2.19571E-8 180000000. 3.55470E-8504910  5 1479
 200000000. 6.23287E-8 240000000. 1.11228E-7 280000000. 1.63684E-7504910  5 1480
 320000000. 2.21192E-7 360000000. 2.94023E-7 400000000. 3.81896E-7504910  5 1481
 440000000. 4.38632E-7 480000000. 4.59429E-7 520000000. 5.04940E-7504910  5 1482
 560000000. 6.15093E-7 600000000. 7.01381E-7 640000000. 7.13085E-7504910  5 1483
 680000000. 7.13872E-7 720000000. 7.49241E-7 760000000. 8.00858E-7504910  5 1484
 800000000. 8.39675E-7 840000000. 8.69075E-7 880000000. 8.61421E-7504910  5 1485
 920000000. 8.34047E-7 960000000. 8.17573E-7 1.00000E+9 0.0       504910  5 1486
 0.0        0.0             43102          0          1         23504910  5 1487
         23          1                                            504910  5 1488
 160000000. 1.04443E-8 180000000. 1.57182E-8 200000000. 2.71703E-8504910  5 1489
 240000000. 5.48667E-8 280000000. 8.28173E-8 320000000. 1.00660E-7504910  5 1490
 360000000. 1.23606E-7 400000000. 1.52187E-7 440000000. 1.70455E-7504910  5 1491
 480000000. 1.99219E-7 520000000. 2.30340E-7 560000000. 2.45160E-7504910  5 1492
 600000000. 2.77345E-7 640000000. 3.10734E-7 680000000. 3.49984E-7504910  5 1493
 720000000. 3.69315E-7 760000000. 3.74766E-7 800000000. 3.81649E-7504910  5 1494
 840000000. 3.51846E-7 880000000. 3.50514E-7 920000000. 3.85284E-7504910  5 1495
 960000000. 3.89867E-7 1.00000E+9 0.0                             504910  5 1496
 0.0        0.0             43103          0          1         21504910  5 1497
         21          1                                            504910  5 1498
 200000000. 9.23401E-9 240000000. 2.13358E-8 280000000. 2.86620E-8504910  5 1499
 320000000. 3.40824E-8 360000000. 4.69376E-8 400000000. 5.89423E-8504910  5 1500
 440000000. 6.72001E-8 480000000. 7.42729E-8 520000000. 9.69055E-8504910  5 1501
 560000000. 1.13146E-7 600000000. 1.17082E-7 640000000. 1.22792E-7504910  5 1502
 680000000. 1.48882E-7 720000000. 1.57630E-7 760000000. 1.45882E-7504910  5 1503
 800000000. 1.64360E-7 840000000. 1.69715E-7 880000000. 1.58758E-7504910  5 1504
 920000000. 1.59726E-7 960000000. 1.70673E-7 1.00000E+9 0.0       504910  5 1505
 0.0        0.0             43104          0          1         19504910  5 1506
         19          1                                            504910  5 1507
 280000000. 1.04303E-8 320000000. 1.41616E-8 360000000. 1.66161E-8504910  5 1508
 400000000. 2.28590E-8 440000000. 3.29452E-8 480000000. 3.90267E-8504910  5 1509
 520000000. 4.06639E-8 560000000. 4.61207E-8 600000000. 4.64794E-8504910  5 1510
 640000000. 4.66695E-8 680000000. 4.50057E-8 720000000. 5.22150E-8504910  5 1511
 760000000. 6.22649E-8 800000000. 6.23894E-8 840000000. 7.07995E-8504910  5 1512
 880000000. 7.93599E-8 920000000. 8.08541E-8 960000000. 7.78514E-8504910  5 1513
 1.00000E+9 0.0                                                   504910  5 1514
 0.0        0.0             43105          0          1         16504910  5 1515
         16          1                                            504910  5 1516
 400000000. 6.02429E-9 440000000. 6.11435E-9 480000000. 1.23414E-8504910  5 1517
 520000000. 1.87789E-8 560000000. 1.89590E-8 600000000. 2.28833E-8504910  5 1518
 640000000. 2.17862E-8 680000000. 2.05328E-8 720000000. 2.32461E-8504910  5 1519
 760000000. 2.26940E-8 800000000. 2.21106E-8 840000000. 2.59597E-8504910  5 1520
 880000000. 3.05796E-8 920000000. 2.86989E-8 960000000. 3.13730E-8504910  5 1521
 1.00000E+9 0.0                                                   504910  5 1522
 0.0        0.0             43106          0          1         14504910  5 1523
         14          1                                            504910  5 1524
 480000000. 6.50286E-9 520000000. 7.19821E-9 560000000. 8.62911E-9504910  5 1525
 600000000. 1.08133E-8 640000000. 1.29973E-8 680000000. 1.41347E-8504910  5 1526
 720000000. 1.09939E-8 760000000. 7.77983E-9 800000000. 1.55366E-8504910  5 1527
 840000000. 2.01752E-8 880000000. 1.56196E-8 920000000. 1.36945E-8504910  5 1528
 960000000. 1.30799E-8 1.00000E+9 0.0                             504910  5 1529
 0.0        0.0             43107          0          1          8504910  5 1530
          8          1                                            504910  5 1531
 720000000. 6.45486E-9 760000000. 6.48487E-9 800000000. 6.50000E-9504910  5 1532
 840000000. 7.14744E-9 880000000. 8.45267E-9 920000000. 9.12489E-9504910  5 1533
 960000000. 9.15490E-9 1.00000E+9 0.0                             504910  5 1534
 0.0        0.0             44091          0          1         10504910  5 1535
         10          1                                            504910  5 1536
 640000000. 7.66192E-9 680000000. 9.42067E-9 720000000. 1.03309E-8504910  5 1537
 760000000. 1.12411E-8 800000000. 1.07329E-8 840000000. 8.78256E-9504910  5 1538
 880000000. 8.45015E-9 920000000. 1.10710E-8 960000000. 1.17788E-8504910  5 1539
 1.00000E+9 0.0                                                   504910  5 1540
 0.0        0.0             44092          0          1         15504910  5 1541
         15          1                                            504910  5 1542
 440000000. 9.15245E-9 480000000. 1.79077E-8 520000000. 2.31768E-8504910  5 1543
 560000000. 3.09043E-8 600000000. 4.20002E-8 640000000. 4.47610E-8504910  5 1544
 680000000. 5.39204E-8 720000000. 6.45354E-8 760000000. 7.38931E-8504910  5 1545
 800000000. 7.35181E-8 840000000. 8.88836E-8 880000000. 1.02202E-7504910  5 1546
 920000000. 8.87018E-8 960000000. 8.43786E-8 1.00000E+9 0.0       504910  5 1547
 0.0        0.0             44093          0          1         17504910  5 1548
         17          1                                            504910  5 1549
 360000000. 2.49296E-8 400000000. 5.33807E-8 440000000. 1.07929E-7504910  5 1550
 480000000. 1.60234E-7 520000000. 2.09510E-7 560000000. 2.81590E-7504910  5 1551
 600000000. 3.31599E-7 640000000. 3.61152E-7 680000000. 3.96374E-7504910  5 1552
 720000000. 4.45812E-7 760000000. 5.06383E-7 800000000. 5.49760E-7504910  5 1553
 840000000. 5.75265E-7 880000000. 5.90615E-7 920000000. 6.36862E-7504910  5 1554
 960000000. 6.76912E-7 1.00000E+9 0.0                             504910  5 1555
 0.0        0.0             44094          0          1         19504910  5 1556
         19          1                                            504910  5 1557
 280000000. 3.57825E-8 320000000. 1.13000E-7 360000000. 2.53547E-7504910  5 1558
 400000000. 4.67300E-7 440000000. 7.36490E-7 480000000. 9.93094E-7504910  5 1559
 520000000. 1.24164E-6 560000000. 1.51342E-6 600000000. 1.79450E-6504910  5 1560
 640000000. 1.99939E-6 680000000. 2.21308E-6 720000000. 2.46532E-6504910  5 1561
 760000000. 2.60623E-6 800000000. 2.69666E-6 840000000. 2.82577E-6504910  5 1562
 880000000. 2.88790E-6 920000000. 2.90205E-6 960000000. 3.06224E-6504910  5 1563
 1.00000E+9 0.0                                                   504910  5 1564
 0.0        0.0             44095          0          1         20504910  5 1565
         20          1                                            504910  5 1566
 240000000. 5.53931E-8 280000000. 2.01368E-7 320000000. 4.90146E-7504910  5 1567
 360000000. 9.59111E-7 400000000. 1.55898E-6 440000000. 2.23863E-6504910  5 1568
 480000000. 3.01844E-6 520000000. 3.70287E-6 560000000. 4.33829E-6504910  5 1569
 600000000. 4.88276E-6 640000000. 5.38875E-6 680000000. 5.94838E-6504910  5 1570
 720000000. 6.32214E-6 760000000. 6.68389E-6 800000000. 6.96856E-6504910  5 1571
 840000000. 7.12842E-6 880000000. 7.27988E-6 920000000. 7.51066E-6504910  5 1572
 960000000. 7.65060E-6 1.00000E+9 0.0                             504910  5 1573
 0.0        0.0             44096          0          1         20504910  5 1574
         20          1                                            504910  5 1575
 240000000. 2.38521E-7 280000000. 6.80954E-7 320000000. 1.37425E-6504910  5 1576
 360000000. 2.28967E-6 400000000. 3.38034E-6 440000000. 4.58850E-6504910  5 1577
 480000000. 5.84763E-6 520000000. 6.88390E-6 560000000. 7.83105E-6504910  5 1578
 600000000. 8.83645E-6 640000000. 9.70771E-6 680000000. 1.04245E-5504910  5 1579
 720000000. 1.08465E-5 760000000. 1.12014E-5 800000000. 1.15279E-5504910  5 1580
 840000000. 1.17276E-5 880000000. 1.19602E-5 920000000. 1.19861E-5504910  5 1581
 960000000. 1.19968E-5 1.00000E+9 0.0                             504910  5 1582
 0.0        0.0             44097          0          1         21504910  5 1583
         21          1                                            504910  5 1584
 200000000. 1.88101E-7 240000000. 6.51224E-7 280000000. 1.37333E-6504910  5 1585
 320000000. 2.45916E-6 360000000. 3.75641E-6 400000000. 5.21371E-6504910  5 1586
 440000000. 6.67403E-6 480000000. 8.09803E-6 520000000. 9.42355E-6504910  5 1587
 560000000. 1.04906E-5 600000000. 1.14076E-5 640000000. 1.22210E-5504910  5 1588
 680000000. 1.29697E-5 720000000. 1.34593E-5 760000000. 1.39653E-5504910  5 1589
 800000000. 1.44080E-5 840000000. 1.44437E-5 880000000. 1.43987E-5504910  5 1590
 920000000. 1.45105E-5 960000000. 1.45651E-5 1.00000E+9 0.0       504910  5 1591
 0.0        0.0             44098          0          1         22504910  5 1592
         22          1                                            504910  5 1593
 180000000. 7.90308E-8 200000000. 3.96884E-7 240000000. 1.08452E-6504910  5 1594
 280000000. 2.07870E-6 320000000. 3.33533E-6 360000000. 4.64971E-6504910  5 1595
 400000000. 5.98045E-6 440000000. 7.38344E-6 480000000. 8.78916E-6504910  5 1596
 520000000. 9.99109E-6 560000000. 1.10751E-5 600000000. 1.18511E-5504910  5 1597
 640000000. 1.24804E-5 680000000. 1.31490E-5 720000000. 1.35740E-5504910  5 1598
 760000000. 1.39536E-5 800000000. 1.41433E-5 840000000. 1.41437E-5504910  5 1599
 880000000. 1.42654E-5 920000000. 1.43649E-5 960000000. 1.41953E-5504910  5 1600
 1.00000E+9 0.0                                                   504910  5 1601
 0.0        0.0             44099          0          1         23504910  5 1602
         23          1                                            504910  5 1603
 160000000. 4.76119E-8 180000000. 2.18025E-7 200000000. 6.65457E-7504910  5 1604
 240000000. 1.36207E-6 280000000. 2.29793E-6 320000000. 3.42844E-6504910  5 1605
 360000000. 4.68747E-6 400000000. 5.81372E-6 440000000. 6.81426E-6504910  5 1606
 480000000. 7.82083E-6 520000000. 8.69604E-6 560000000. 9.41865E-6504910  5 1607
 600000000. 1.00456E-5 640000000. 1.05648E-5 680000000. 1.09742E-5504910  5 1608
 720000000. 1.13751E-5 760000000. 1.15404E-5 800000000. 1.15619E-5504910  5 1609
 840000000. 1.15740E-5 880000000. 1.16187E-5 920000000. 1.16312E-5504910  5 1610
 960000000. 1.15414E-5 1.00000E+9 0.0                             504910  5 1611
 0.0        0.0             44100          0          1         23504910  5 1612
         23          1                                            504910  5 1613
 160000000. 1.38803E-7 180000000. 3.64273E-7 200000000. 7.36209E-7504910  5 1614
 240000000. 1.40268E-6 280000000. 2.16292E-6 320000000. 2.93073E-6504910  5 1615
 360000000. 3.74935E-6 400000000. 4.43931E-6 440000000. 5.10478E-6504910  5 1616
 480000000. 5.81753E-6 520000000. 6.46579E-6 560000000. 7.02784E-6504910  5 1617
 600000000. 7.41711E-6 640000000. 7.63184E-6 680000000. 7.93635E-6504910  5 1618
 720000000. 8.22524E-6 760000000. 8.29673E-6 800000000. 8.36957E-6504910  5 1619
 840000000. 8.35300E-6 880000000. 8.28408E-6 920000000. 8.31286E-6504910  5 1620
 960000000. 8.27867E-6 1.00000E+9 0.0                             504910  5 1621
 0.0        0.0             44101          0          1         24504910  5 1622
         24          1                                            504910  5 1623
 140000000. 7.32477E-8 160000000. 2.13967E-7 180000000. 3.58640E-7504910  5 1624
 200000000. 6.36011E-7 240000000. 1.11568E-6 280000000. 1.63819E-6504910  5 1625
 320000000. 2.13573E-6 360000000. 2.60476E-6 400000000. 3.01348E-6504910  5 1626
 440000000. 3.42855E-6 480000000. 3.85796E-6 520000000. 4.18211E-6504910  5 1627
 560000000. 4.48192E-6 600000000. 4.73262E-6 640000000. 4.95160E-6504910  5 1628
 680000000. 5.13934E-6 720000000. 5.25752E-6 760000000. 5.34451E-6504910  5 1629
 800000000. 5.26429E-6 840000000. 5.26910E-6 880000000. 5.28119E-6504910  5 1630
 920000000. 5.19743E-6 960000000. 5.24921E-6 1.00000E+9 0.0       504910  5 1631
 0.0        0.0             44102          0          1         24504910  5 1632
         24          1                                            504910  5 1633
 140000000. 9.13615E-8 160000000. 1.78331E-7 180000000. 2.56648E-7504910  5 1634
 200000000. 4.31676E-7 240000000. 7.25258E-7 280000000. 1.02134E-6504910  5 1635
 320000000. 1.27201E-6 360000000. 1.49135E-6 400000000. 1.79224E-6504910  5 1636
 440000000. 2.03021E-6 480000000. 2.19805E-6 520000000. 2.47312E-6504910  5 1637
 560000000. 2.67684E-6 600000000. 2.78332E-6 640000000. 2.87240E-6504910  5 1638
 680000000. 2.94082E-6 720000000. 3.02650E-6 760000000. 3.07169E-6504910  5 1639
 800000000. 3.04995E-6 840000000. 3.07198E-6 880000000. 3.06035E-6504910  5 1640
 920000000. 3.10205E-6 960000000. 3.15522E-6 1.00000E+9 0.0       504910  5 1641
 0.0        0.0             44103          0          1         25504910  5 1642
         25          1                                            504910  5 1643
 120000000. 2.52548E-8 140000000. 6.14842E-8 160000000. 1.02618E-7504910  5 1644
 180000000. 1.49695E-7 200000000. 2.46909E-7 240000000. 3.94483E-7504910  5 1645
 280000000. 5.70034E-7 320000000. 7.19700E-7 360000000. 7.97599E-7504910  5 1646
 400000000. 9.17348E-7 440000000. 1.04572E-6 480000000. 1.12186E-6504910  5 1647
 520000000. 1.25070E-6 560000000. 1.37010E-6 600000000. 1.41357E-6504910  5 1648
 640000000. 1.48148E-6 680000000. 1.58030E-6 720000000. 1.65565E-6504910  5 1649
 760000000. 1.71513E-6 800000000. 1.69125E-6 840000000. 1.63416E-6504910  5 1650
 880000000. 1.65553E-6 920000000. 1.65045E-6 960000000. 1.66371E-6504910  5 1651
 1.00000E+9 0.0                                                   504910  5 1652
 0.0        0.0             44104          0          1         25504910  5 1653
         25          1                                            504910  5 1654
 120000000. 2.49311E-8 140000000. 3.50576E-8 160000000. 4.40692E-8504910  5 1655
 180000000. 7.67176E-8 200000000. 1.28127E-7 240000000. 1.80658E-7504910  5 1656
 280000000. 2.40614E-7 320000000. 3.26455E-7 360000000. 4.00194E-7504910  5 1657
 400000000. 4.54875E-7 440000000. 5.03955E-7 480000000. 5.46648E-7504910  5 1658
 520000000. 6.05110E-7 560000000. 6.61593E-7 600000000. 7.24042E-7504910  5 1659
 640000000. 7.69347E-7 680000000. 7.67885E-7 720000000. 7.82271E-7504910  5 1660
 760000000. 7.99029E-7 800000000. 7.98884E-7 840000000. 8.31833E-7504910  5 1661
 880000000. 8.53578E-7 920000000. 8.29491E-7 960000000. 8.15587E-7504910  5 1662
 1.00000E+9 0.0                                                   504910  5 1663
 0.0        0.0             44105          0          1         24504910  5 1664
         24          1                                            504910  5 1665
 140000000. 1.21027E-8 160000000. 2.77771E-8 180000000. 3.62091E-8504910  5 1666
 200000000. 5.08710E-8 240000000. 7.95216E-8 280000000. 1.08368E-7504910  5 1667
 320000000. 1.48214E-7 360000000. 1.59669E-7 400000000. 1.65993E-7504910  5 1668
 440000000. 2.06369E-7 480000000. 2.56782E-7 520000000. 3.04116E-7504910  5 1669
 560000000. 3.09150E-7 600000000. 3.39546E-7 640000000. 3.68504E-7504910  5 1670
 680000000. 3.82740E-7 720000000. 4.22131E-7 760000000. 4.33215E-7504910  5 1671
 800000000. 4.31017E-7 840000000. 4.23205E-7 880000000. 4.21543E-7504910  5 1672
 920000000. 4.14100E-7 960000000. 4.08759E-7 1.00000E+9 0.0       504910  5 1673
 0.0        0.0             44106          0          1         22504910  5 1674
         22          1                                            504910  5 1675
 180000000. 1.34553E-8 200000000. 2.07273E-8 240000000. 3.48457E-8504910  5 1676
 280000000. 4.48899E-8 320000000. 5.47580E-8 360000000. 7.30146E-8504910  5 1677
 400000000. 8.49027E-8 440000000. 8.49143E-8 480000000. 1.04534E-7504910  5 1678
 520000000. 1.37611E-7 560000000. 1.53584E-7 600000000. 1.57197E-7504910  5 1679
 640000000. 1.64972E-7 680000000. 1.88128E-7 720000000. 2.04016E-7504910  5 1680
 760000000. 1.99762E-7 800000000. 1.96336E-7 840000000. 1.92420E-7504910  5 1681
 880000000. 2.00306E-7 920000000. 1.98286E-7 960000000. 1.92262E-7504910  5 1682
 1.00000E+9 0.0                                                   504910  5 1683
 0.0        0.0             44107          0          1         20504910  5 1684
         20          1                                            504910  5 1685
 240000000. 1.11201E-8 280000000. 1.45070E-8 320000000. 1.94594E-8504910  5 1686
 360000000. 2.02177E-8 400000000. 2.28632E-8 440000000. 3.23263E-8504910  5 1687
 480000000. 4.70186E-8 520000000. 5.50763E-8 560000000. 6.75527E-8504910  5 1688
 600000000. 7.57773E-8 640000000. 8.43317E-8 680000000. 9.38324E-8504910  5 1689
 720000000. 8.71789E-8 760000000. 1.02991E-7 800000000. 1.08037E-7504910  5 1690
 840000000. 9.61798E-8 880000000. 9.82489E-8 920000000. 9.71543E-8504910  5 1691
 960000000. 1.07867E-7 1.00000E+9 0.0                             504910  5 1692
 0.0        0.0             44108          0          1         17504910  5 1693
         17          1                                            504910  5 1694
 360000000. 8.90296E-9 400000000. 1.44209E-8 440000000. 1.83330E-8504910  5 1695
 480000000. 1.98069E-8 520000000. 2.00393E-8 560000000. 2.46083E-8504910  5 1696
 600000000. 3.56043E-8 640000000. 3.64894E-8 680000000. 3.85029E-8504910  5 1697
 720000000. 4.45449E-8 760000000. 4.92547E-8 800000000. 4.55740E-8504910  5 1698
 840000000. 4.15597E-8 880000000. 5.00706E-8 920000000. 5.47652E-8504910  5 1699
 960000000. 5.42928E-8 1.00000E+9 0.0                             504910  5 1700
 0.0        0.0             44109          0          1         15504910  5 1701
         15          1                                            504910  5 1702
 440000000. 7.32651E-9 480000000. 1.11311E-8 520000000. 1.37742E-8504910  5 1703
 560000000. 1.51597E-8 600000000. 1.59165E-8 640000000. 1.78837E-8504910  5 1704
 680000000. 2.31100E-8 720000000. 2.58195E-8 760000000. 2.27173E-8504910  5 1705
 800000000. 1.75659E-8 840000000. 2.26946E-8 880000000. 2.92796E-8504910  5 1706
 920000000. 2.67486E-8 960000000. 2.22526E-8 1.00000E+9 0.0       504910  5 1707
 0.0        0.0             44110          0          1         12504910  5 1708
         12          1                                            504910  5 1709
 560000000. 8.22184E-9 600000000. 9.52924E-9 640000000. 1.24649E-8504910  5 1710
 680000000. 1.44555E-8 720000000. 1.61339E-8 760000000. 1.29930E-8504910  5 1711
 800000000. 1.49024E-8 840000000. 1.75752E-8 880000000. 1.46400E-8504910  5 1712
 920000000. 1.53251E-8 960000000. 1.17916E-8 1.00000E+9 0.0       504910  5 1713
 0.0        0.0             44111          0          1         10504910  5 1714
         10          1                                            504910  5 1715
 640000000. 7.35808E-9 680000000. 6.74791E-9 720000000. 6.87934E-9504910  5 1716
 760000000. 7.76621E-9 800000000. 8.65306E-9 840000000. 7.81008E-9504910  5 1717
 880000000. 7.15842E-9 920000000. 8.48529E-9 960000000. 9.81215E-9504910  5 1718
 1.00000E+9 0.0                                                   504910  5 1719
 0.0        0.0             44112          0          1          3504910  5 1720
          3          1                                            504910  5 1721
 920000000. 6.51000E-9 960000000. 6.51000E-9 1.00000E+9 0.0       504910  5 1722
 0.0        0.0             45093          0          1          4504910  5 1723
          4          1                                            504910  5 1724
 880000000. 1.10647E-8 920000000. 9.78454E-9 960000000. 8.50435E-9504910  5 1725
 1.00000E+9 0.0                                                   504910  5 1726
 0.0        0.0             45094          0          1         15504910  5 1727
         15          1                                            504910  5 1728
 440000000. 7.34189E-9 480000000. 9.88465E-9 520000000. 1.43964E-8504910  5 1729
 560000000. 1.83077E-8 600000000. 2.54283E-8 640000000. 3.25919E-8504910  5 1730
 680000000. 3.21560E-8 720000000. 3.80220E-8 760000000. 4.73446E-8504910  5 1731
 800000000. 4.35764E-8 840000000. 4.22349E-8 880000000. 4.61753E-8504910  5 1732
 920000000. 4.95502E-8 960000000. 5.42672E-8 1.00000E+9 0.0       504910  5 1733
 0.0        0.0             45095          0          1         18504910  5 1734
         18          1                                            504910  5 1735
 320000000. 1.22995E-8 360000000. 2.84199E-8 400000000. 5.28634E-8504910  5 1736
 440000000. 9.57183E-8 480000000. 1.30627E-7 520000000. 1.54487E-7504910  5 1737
 560000000. 1.86994E-7 600000000. 2.03039E-7 640000000. 2.55425E-7504910  5 1738
 680000000. 3.03944E-7 720000000. 3.23915E-7 760000000. 3.46974E-7504910  5 1739
 800000000. 3.58735E-7 840000000. 3.68595E-7 880000000. 3.74020E-7504910  5 1740
 920000000. 3.95719E-7 960000000. 3.99682E-7 1.00000E+9 0.0       504910  5 1741
 0.0        0.0             45096          0          1         20504910  5 1742
         20          1                                            504910  5 1743
 240000000. 1.95108E-8 280000000. 6.25036E-8 320000000. 1.59405E-7504910  5 1744
 360000000. 2.94258E-7 400000000. 4.56151E-7 440000000. 6.60934E-7504910  5 1745
 480000000. 8.54013E-7 520000000. 1.04776E-6 560000000. 1.23387E-6504910  5 1746
 600000000. 1.37877E-6 640000000. 1.51526E-6 680000000. 1.66359E-6504910  5 1747
 720000000. 1.76674E-6 760000000. 1.83898E-6 800000000. 1.94201E-6504910  5 1748
 840000000. 1.97180E-6 880000000. 1.93166E-6 920000000. 2.00974E-6504910  5 1749
 960000000. 2.04232E-6 1.00000E+9 0.0                             504910  5 1750
 0.0        0.0             45097          0          1         20504910  5 1751
         20          1                                            504910  5 1752
 240000000. 1.33861E-7 280000000. 3.77126E-7 320000000. 7.84719E-7504910  5 1753
 360000000. 1.28140E-6 400000000. 1.89338E-6 440000000. 2.55549E-6504910  5 1754
 480000000. 3.14756E-6 520000000. 3.69229E-6 560000000. 4.16748E-6504910  5 1755
 600000000. 4.59407E-6 640000000. 4.98450E-6 680000000. 5.30450E-6504910  5 1756
 720000000. 5.54908E-6 760000000. 5.68299E-6 800000000. 5.79191E-6504910  5 1757
 840000000. 5.89834E-6 880000000. 5.81408E-6 920000000. 5.79294E-6504910  5 1758
 960000000. 5.93005E-6 1.00000E+9 0.0                             504910  5 1759
 0.0        0.0             45098          0          1         21504910  5 1760
         21          1                                            504910  5 1761
 200000000. 1.45395E-7 240000000. 5.16451E-7 280000000. 1.20721E-6504910  5 1762
 320000000. 2.24309E-6 360000000. 3.38396E-6 400000000. 4.55725E-6504910  5 1763
 440000000. 5.76764E-6 480000000. 6.83376E-6 520000000. 7.75405E-6504910  5 1764
 560000000. 8.65815E-6 600000000. 9.43818E-6 640000000. 9.89112E-6504910  5 1765
 680000000. 1.03467E-5 720000000. 1.07421E-5 760000000. 1.08093E-5504910  5 1766
 800000000. 1.09089E-5 840000000. 1.10688E-5 880000000. 1.10538E-5504910  5 1767
 920000000. 1.09574E-5 960000000. 1.09263E-5 1.00000E+9 0.0       504910  5 1768
 0.0        0.0             45099          0          1         22504910  5 1769
         22          1                                            504910  5 1770
 180000000. 1.28248E-7 200000000. 4.63766E-7 240000000. 1.28690E-6504910  5 1771
 280000000. 2.58472E-6 320000000. 4.16643E-6 360000000. 5.76058E-6504910  5 1772
 400000000. 7.32913E-6 440000000. 8.96043E-6 480000000. 1.03153E-5504910  5 1773
 520000000. 1.15052E-5 560000000. 1.25300E-5 600000000. 1.34315E-5504910  5 1774
 640000000. 1.40094E-5 680000000. 1.43107E-5 720000000. 1.46947E-5504910  5 1775
 760000000. 1.48078E-5 800000000. 1.47894E-5 840000000. 1.47623E-5504910  5 1776
 880000000. 1.46262E-5 920000000. 1.45697E-5 960000000. 1.45003E-5504910  5 1777
 1.00000E+9 0.0                                                   504910  5 1778
 0.0        0.0             45100          0          1         23504910  5 1779
         23          1                                            504910  5 1780
 160000000. 1.64369E-7 180000000. 3.73346E-7 200000000. 1.03944E-6504910  5 1781
 240000000. 2.38822E-6 280000000. 4.07384E-6 320000000. 5.92319E-6504910  5 1782
 360000000. 7.59111E-6 400000000. 9.29131E-6 440000000. 1.09707E-5504910  5 1783
 480000000. 1.22944E-5 520000000. 1.34083E-5 560000000. 1.42763E-5504910  5 1784
 600000000. 1.48987E-5 640000000. 1.53827E-5 680000000. 1.58383E-5504910  5 1785
 720000000. 1.61096E-5 760000000. 1.63572E-5 800000000. 1.62709E-5504910  5 1786
 840000000. 1.60027E-5 880000000. 1.59665E-5 920000000. 1.58905E-5504910  5 1787
 960000000. 1.57996E-5 1.00000E+9 0.0                             504910  5 1788
 0.0        0.0             45101          0          1         24504910  5 1789
         24          1                                            504910  5 1790
 140000000. 1.54443E-7 160000000. 3.98577E-7 180000000. 7.10318E-7504910  5 1791
 200000000. 1.62747E-6 240000000. 3.22142E-6 280000000. 4.91933E-6504910  5 1792
 320000000. 6.55047E-6 360000000. 8.03926E-6 400000000. 9.48197E-6504910  5 1793
 440000000. 1.07515E-5 480000000. 1.18147E-5 520000000. 1.27670E-5504910  5 1794
 560000000. 1.34389E-5 600000000. 1.40795E-5 640000000. 1.44674E-5504910  5 1795
 680000000. 1.45305E-5 720000000. 1.48115E-5 760000000. 1.48412E-5504910  5 1796
 800000000. 1.47694E-5 840000000. 1.47522E-5 880000000. 1.45370E-5504910  5 1797
 920000000. 1.43166E-5 960000000. 1.39425E-5 1.00000E+9 0.0       504910  5 1798
 0.0        0.0             45102          0          1         24504910  5 1799
         24          1                                            504910  5 1800
 140000000. 3.12622E-7 160000000. 5.75903E-7 180000000. 1.03810E-6504910  5 1801
 200000000. 2.01040E-6 240000000. 3.37503E-6 280000000. 4.71017E-6504910  5 1802
 320000000. 5.90452E-6 360000000. 7.04299E-6 400000000. 8.04771E-6504910  5 1803
 440000000. 8.91596E-6 480000000. 9.72877E-6 520000000. 1.03115E-5504910  5 1804
 560000000. 1.08619E-5 600000000. 1.13768E-5 640000000. 1.15702E-5504910  5 1805
 680000000. 1.16530E-5 720000000. 1.17134E-5 760000000. 1.16858E-5504910  5 1806
 800000000. 1.15696E-5 840000000. 1.14845E-5 880000000. 1.13103E-5504910  5 1807
 920000000. 1.10362E-5 960000000. 1.09241E-5 1.00000E+9 0.0       504910  5 1808
 0.0        0.0             45103          0          1         25504910  5 1809
         25          1                                            504910  5 1810
 120000000. 1.71268E-7 140000000. 3.52031E-7 160000000. 6.83407E-7504910  5 1811
 180000000. 1.19647E-6 200000000. 1.90528E-6 240000000. 2.84182E-6504910  5 1812
 280000000. 3.73399E-6 320000000. 4.57002E-6 360000000. 5.21916E-6504910  5 1813
 400000000. 5.88350E-6 440000000. 6.50599E-6 480000000. 6.94271E-6504910  5 1814
 520000000. 7.42119E-6 560000000. 7.67844E-6 600000000. 8.00079E-6504910  5 1815
 640000000. 8.20866E-6 680000000. 8.23082E-6 720000000. 8.25785E-6504910  5 1816
 760000000. 8.10847E-6 800000000. 8.01347E-6 840000000. 7.97028E-6504910  5 1817
 880000000. 7.91558E-6 920000000. 7.73273E-6 960000000. 7.69699E-6504910  5 1818
 1.00000E+9 0.0                                                   504910  5 1819
 0.0        0.0             45104          0          1         26504910  5 1820
         26          1                                            504910  5 1821
 100000000. 7.80387E-8 120000000. 1.86445E-7 140000000. 3.34005E-7504910  5 1822
 160000000. 6.38266E-7 180000000. 9.88245E-7 200000000. 1.46779E-6504910  5 1823
 240000000. 2.05240E-6 280000000. 2.55756E-6 320000000. 3.01901E-6504910  5 1824
 360000000. 3.36663E-6 400000000. 3.70963E-6 440000000. 4.13684E-6504910  5 1825
 480000000. 4.47157E-6 520000000. 4.79012E-6 560000000. 5.04835E-6504910  5 1826
 600000000. 5.07414E-6 640000000. 5.19390E-6 680000000. 5.33578E-6504910  5 1827
 720000000. 5.29693E-6 760000000. 5.29520E-6 800000000. 5.23301E-6504910  5 1828
 840000000. 5.11221E-6 880000000. 5.12088E-6 920000000. 5.09351E-6504910  5 1829
 960000000. 4.94309E-6 1.00000E+9 0.0                             504910  5 1830
 0.0        0.0             45105          0          1         27504910  5 1831
         27          1                                            504910  5 1832
 90000000.0 2.50184E-8 100000000. 6.10240E-8 120000000. 1.19923E-7504910  5 1833
 140000000. 2.61299E-7 160000000. 4.68711E-7 180000000. 6.43965E-7504910  5 1834
 200000000. 8.67065E-7 240000000. 1.23287E-6 280000000. 1.54322E-6504910  5 1835
 320000000. 1.73566E-6 360000000. 1.95925E-6 400000000. 2.21488E-6504910  5 1836
 440000000. 2.41786E-6 480000000. 2.58478E-6 520000000. 2.76832E-6504910  5 1837
 560000000. 2.92462E-6 600000000. 3.03342E-6 640000000. 3.07682E-6504910  5 1838
 680000000. 3.10842E-6 720000000. 3.12323E-6 760000000. 3.13809E-6504910  5 1839
 800000000. 3.16894E-6 840000000. 3.15799E-6 880000000. 3.13890E-6504910  5 1840
 920000000. 3.13696E-6 960000000. 3.08872E-6 1.00000E+9 0.0       504910  5 1841
 0.0        0.0             45106          0          1         27504910  5 1842
         27          1                                            504910  5 1843
 90000000.0 2.04436E-8 100000000. 3.06711E-8 120000000. 7.97872E-8504910  5 1844
 140000000. 1.67061E-7 160000000. 2.51456E-7 180000000. 3.32141E-7504910  5 1845
 200000000. 4.58011E-7 240000000. 6.34112E-7 280000000. 7.88777E-7504910  5 1846
 320000000. 9.25588E-7 360000000. 1.04972E-6 400000000. 1.17455E-6504910  5 1847
 440000000. 1.30290E-6 480000000. 1.39867E-6 520000000. 1.50330E-6504910  5 1848
 560000000. 1.56435E-6 600000000. 1.61258E-6 640000000. 1.69333E-6504910  5 1849
 680000000. 1.74244E-6 720000000. 1.76683E-6 760000000. 1.82462E-6504910  5 1850
 800000000. 1.82189E-6 840000000. 1.76998E-6 880000000. 1.76307E-6504910  5 1851
 920000000. 1.77019E-6 960000000. 1.78496E-6 1.00000E+9 0.0       504910  5 1852
 0.0        0.0             45107          0          1         27504910  5 1853
         27          1                                            504910  5 1854
 90000000.0 8.75552E-9 100000000. 1.68079E-8 120000000. 3.71468E-8504910  5 1855
 140000000. 7.41850E-8 160000000. 1.12695E-7 180000000. 1.51440E-7504910  5 1856
 200000000. 2.04583E-7 240000000. 3.05867E-7 280000000. 3.88970E-7504910  5 1857
 320000000. 4.29269E-7 360000000. 4.90568E-7 400000000. 5.92388E-7504910  5 1858
 440000000. 6.73280E-7 480000000. 6.96578E-7 520000000. 7.75791E-7504910  5 1859
 560000000. 8.55682E-7 600000000. 8.59430E-7 640000000. 8.81044E-7504910  5 1860
 680000000. 9.27100E-7 720000000. 9.59154E-7 760000000. 9.89623E-7504910  5 1861
 800000000. 9.72718E-7 840000000. 9.66449E-7 880000000. 9.81087E-7504910  5 1862
 920000000. 1.00203E-6 960000000. 1.04705E-6 1.00000E+9 0.0       504910  5 1863
 0.0        0.0             45108          0          1         25504910  5 1864
         25          1                                            504910  5 1865
 120000000. 2.22571E-8 140000000. 3.24947E-8 160000000. 5.27749E-8504910  5 1866
 180000000. 6.19343E-8 200000000. 8.38461E-8 240000000. 1.21517E-7504910  5 1867
 280000000. 1.46406E-7 320000000. 1.74860E-7 360000000. 2.09805E-7504910  5 1868
 400000000. 2.59224E-7 440000000. 2.89011E-7 480000000. 3.03957E-7504910  5 1869
 520000000. 3.87617E-7 560000000. 4.51322E-7 600000000. 4.57568E-7504910  5 1870
 640000000. 4.83397E-7 680000000. 5.01786E-7 720000000. 4.99062E-7504910  5 1871
 760000000. 5.05768E-7 800000000. 5.33590E-7 840000000. 5.64099E-7504910  5 1872
 880000000. 5.74484E-7 920000000. 5.87375E-7 960000000. 5.71832E-7504910  5 1873
 1.00000E+9 0.0                                                   504910  5 1874
 0.0        0.0             45109          0          1         24504910  5 1875
         24          1                                            504910  5 1876
 140000000. 7.54640E-9 160000000. 1.27464E-8 180000000. 2.26664E-8504910  5 1877
 200000000. 3.59889E-8 240000000. 5.39162E-8 280000000. 6.83104E-8504910  5 1878
 320000000. 8.06226E-8 360000000. 9.86767E-8 400000000. 1.14326E-7504910  5 1879
 440000000. 1.38576E-7 480000000. 1.51757E-7 520000000. 1.78181E-7504910  5 1880
 560000000. 2.23020E-7 600000000. 2.39317E-7 640000000. 2.72850E-7504910  5 1881
 680000000. 2.93718E-7 720000000. 2.68005E-7 760000000. 2.67108E-7504910  5 1882
 800000000. 2.95014E-7 840000000. 3.04895E-7 880000000. 2.78587E-7504910  5 1883
 920000000. 2.69215E-7 960000000. 2.83201E-7 1.00000E+9 0.0       504910  5 1884
 0.0        0.0             45110          0          1         21504910  5 1885
         21          1                                            504910  5 1886
 200000000. 1.16047E-8 240000000. 2.47708E-8 280000000. 3.33627E-8504910  5 1887
 320000000. 3.82004E-8 360000000. 4.34792E-8 400000000. 5.22721E-8504910  5 1888
 440000000. 7.56824E-8 480000000. 8.42478E-8 520000000. 9.31876E-8504910  5 1889
 560000000. 1.09945E-7 600000000. 1.18994E-7 640000000. 1.17088E-7504910  5 1890
 680000000. 1.30292E-7 720000000. 1.41439E-7 760000000. 1.29080E-7504910  5 1891
 800000000. 1.37715E-7 840000000. 1.54025E-7 880000000. 1.67782E-7504910  5 1892
 920000000. 1.74116E-7 960000000. 1.69407E-7 1.00000E+9 0.0       504910  5 1893
 0.0        0.0             45111          0          1         19504910  5 1894
         19          1                                            504910  5 1895
 280000000. 1.21672E-8 320000000. 2.23299E-8 360000000. 2.38560E-8504910  5 1896
 400000000. 2.16633E-8 440000000. 3.11065E-8 480000000. 4.14769E-8504910  5 1897
 520000000. 4.44396E-8 560000000. 4.92687E-8 600000000. 5.72525E-8504910  5 1898
 640000000. 7.09114E-8 680000000. 8.28698E-8 720000000. 7.81573E-8504910  5 1899
 760000000. 8.10102E-8 800000000. 9.03653E-8 840000000. 9.48697E-8504910  5 1900
 880000000. 8.92014E-8 920000000. 8.27867E-8 960000000. 8.50419E-8504910  5 1901
 1.00000E+9 0.0                                                   504910  5 1902
 0.0        0.0             45112          0          1         18504910  5 1903
         18          1                                            504910  5 1904
 320000000. 7.05606E-9 360000000. 8.33439E-9 400000000. 1.26066E-8504910  5 1905
 440000000. 1.77142E-8 480000000. 1.91952E-8 520000000. 2.37622E-8504910  5 1906
 560000000. 2.78085E-8 600000000. 3.49488E-8 640000000. 3.33247E-8504910  5 1907
 680000000. 3.27097E-8 720000000. 4.19583E-8 760000000. 5.11820E-8504910  5 1908
 800000000. 5.78659E-8 840000000. 5.26752E-8 880000000. 4.74992E-8504910  5 1909
 920000000. 4.49941E-8 960000000. 5.16305E-8 1.00000E+9 0.0       504910  5 1910
 0.0        0.0             45113          0          1         18504910  5 1911
         18          1                                            504910  5 1912
 320000000. 5.88941E-9 360000000. 5.94947E-9 400000000. 9.00616E-9504910  5 1913
 440000000. 1.22187E-8 480000000. 1.30007E-8 520000000. 1.25298E-8504910  5 1914
 560000000. 1.63960E-8 600000000. 1.91169E-8 640000000. 1.53576E-8504910  5 1915
 680000000. 1.66851E-8 720000000. 2.25704E-8 760000000. 2.33617E-8504910  5 1916
 800000000. 2.27341E-8 840000000. 2.47000E-8 880000000. 2.34295E-8504910  5 1917
 920000000. 2.34705E-8 960000000. 2.48548E-8 1.00000E+9 0.0       504910  5 1918
 0.0        0.0             45114          0          1          9504910  5 1919
          9          1                                            504910  5 1920
 680000000. 9.32153E-9 720000000. 7.42604E-9 760000000. 1.03515E-8504910  5 1921
 800000000. 1.17211E-8 840000000. 1.23248E-8 880000000. 1.33493E-8504910  5 1922
 920000000. 8.81358E-9 960000000. 1.04432E-8 1.00000E+9 0.0       504910  5 1923
 0.0        0.0             45115          0          1          7504910  5 1924
          7          1                                            504910  5 1925
 760000000. 6.47744E-9 800000000. 6.49244E-9 840000000. 6.50000E-9504910  5 1926
 880000000. 6.50000E-9 920000000. 6.50000E-9 960000000. 6.50000E-9504910  5 1927
 1.00000E+9 0.0                                                   504910  5 1928
 0.0        0.0             46096          0          1         13504910  5 1929
         13          1                                            504910  5 1930
 520000000. 9.38173E-9 560000000. 1.57587E-8 600000000. 2.03782E-8504910  5 1931
 640000000. 1.85510E-8 680000000. 1.73557E-8 720000000. 1.67847E-8504910  5 1932
 760000000. 2.13708E-8 800000000. 2.72894E-8 840000000. 2.86000E-8504910  5 1933
 880000000. 2.86248E-8 920000000. 2.54479E-8 960000000. 2.35358E-8504910  5 1934
 1.00000E+9 0.0                                                   504910  5 1935
 0.0        0.0             46097          0          1         18504910  5 1936
         18          1                                            504910  5 1937
 320000000. 1.57896E-8 360000000. 3.26269E-8 400000000. 5.16767E-8504910  5 1938
 440000000. 6.77858E-8 480000000. 8.96647E-8 520000000. 1.15125E-7504910  5 1939
 560000000. 1.22618E-7 600000000. 1.37362E-7 640000000. 1.58565E-7504910  5 1940
 680000000. 1.64491E-7 720000000. 1.63334E-7 760000000. 1.85981E-7504910  5 1941
 800000000. 2.03528E-7 840000000. 1.93090E-7 880000000. 1.97711E-7504910  5 1942
 920000000. 2.05397E-7 960000000. 2.06023E-7 1.00000E+9 0.0       504910  5 1943
 0.0        0.0             46098          0          1         20504910  5 1944
         20          1                                            504910  5 1945
 240000000. 2.62615E-8 280000000. 7.08400E-8 320000000. 1.50689E-7504910  5 1946
 360000000. 3.08692E-7 400000000. 4.51778E-7 440000000. 5.62244E-7504910  5 1947
 480000000. 6.63649E-7 520000000. 7.58885E-7 560000000. 8.46780E-7504910  5 1948
 600000000. 9.45886E-7 640000000. 1.00742E-6 680000000. 1.03803E-6504910  5 1949
 720000000. 1.10187E-6 760000000. 1.11551E-6 800000000. 1.13805E-6504910  5 1950
 840000000. 1.12683E-6 880000000. 1.12003E-6 920000000. 1.14891E-6504910  5 1951
 960000000. 1.16086E-6 1.00000E+9 0.0                             504910  5 1952
 0.0        0.0             46099          0          1         21504910  5 1953
         21          1                                            504910  5 1954
 200000000. 4.71837E-8 240000000. 2.38426E-7 280000000. 5.51495E-7504910  5 1955
 320000000. 9.68911E-7 360000000. 1.47676E-6 400000000. 1.98564E-6504910  5 1956
 440000000. 2.49546E-6 480000000. 2.89771E-6 520000000. 3.23952E-6504910  5 1957
 560000000. 3.58135E-6 600000000. 3.78387E-6 640000000. 4.01554E-6504910  5 1958
 680000000. 4.16203E-6 720000000. 4.14360E-6 760000000. 4.24036E-6504910  5 1959
 800000000. 4.33113E-6 840000000. 4.25526E-6 880000000. 4.23005E-6504910  5 1960
 920000000. 4.25352E-6 960000000. 4.12418E-6 1.00000E+9 0.0       504910  5 1961
 0.0        0.0             46100          0          1         22504910  5 1962
         22          1                                            504910  5 1963
 180000000. 4.03645E-8 200000000. 3.12734E-7 240000000. 9.59799E-7504910  5 1964
 280000000. 1.90388E-6 320000000. 3.08437E-6 360000000. 4.22707E-6504910  5 1965
 400000000. 5.26256E-6 440000000. 6.19714E-6 480000000. 6.97276E-6504910  5 1966
 520000000. 7.64666E-6 560000000. 8.17132E-6 600000000. 8.74389E-6504910  5 1967
 640000000. 9.03850E-6 680000000. 9.12316E-6 720000000. 9.21937E-6504910  5 1968
 760000000. 9.13889E-6 800000000. 9.06656E-6 840000000. 9.03370E-6504910  5 1969
 880000000. 8.99871E-6 920000000. 8.87290E-6 960000000. 8.71361E-6504910  5 1970
 1.00000E+9 0.0                                                   504910  5 1971
 0.0        0.0             46101          0          1         23504910  5 1972
         23          1                                            504910  5 1973
 160000000. 5.09925E-8 180000000. 2.99210E-7 200000000. 1.14136E-6504910  5 1974
 240000000. 2.59121E-6 280000000. 4.33982E-6 320000000. 6.19524E-6504910  5 1975
 360000000. 7.84113E-6 400000000. 9.40135E-6 440000000. 1.08234E-5504910  5 1976
 480000000. 1.18656E-5 520000000. 1.27649E-5 560000000. 1.34825E-5504910  5 1977
 600000000. 1.38434E-5 640000000. 1.40494E-5 680000000. 1.43373E-5504910  5 1978
 720000000. 1.44179E-5 760000000. 1.42639E-5 800000000. 1.40662E-5504910  5 1979
 840000000. 1.38570E-5 880000000. 1.36883E-5 920000000. 1.34142E-5504910  5 1980
 960000000. 1.32803E-5 1.00000E+9 0.0                             504910  5 1981
 0.0        0.0             46102          0          1         23504910  5 1982
         23          1                                            504910  5 1983
 160000000. 3.51375E-7 180000000. 1.13383E-6 200000000. 2.62855E-6504910  5 1984
 240000000. 4.77899E-6 280000000. 7.11924E-6 320000000. 9.32755E-6504910  5 1985
 360000000. 1.12813E-5 400000000. 1.28450E-5 440000000. 1.40473E-5504910  5 1986
 480000000. 1.52125E-5 520000000. 1.61997E-5 560000000. 1.69390E-5504910  5 1987
 600000000. 1.72510E-5 640000000. 1.73748E-5 680000000. 1.75118E-5504910  5 1988
 720000000. 1.73923E-5 760000000. 1.71340E-5 800000000. 1.69188E-5504910  5 1989
 840000000. 1.66691E-5 880000000. 1.62883E-5 920000000. 1.59422E-5504910  5 1990
 960000000. 1.56423E-5 1.00000E+9 0.0                             504910  5 1991
 0.0        0.0             46103          0          1         24504910  5 1992
         24          1                                            504910  5 1993
 140000000. 3.34461E-7 160000000. 1.29054E-6 180000000. 2.47451E-6504910  5 1994
 200000000. 4.15941E-6 240000000. 6.61606E-6 280000000. 8.99523E-6504910  5 1995
 320000000. 1.09318E-5 360000000. 1.25939E-5 400000000. 1.38612E-5504910  5 1996
 440000000. 1.49662E-5 480000000. 1.61710E-5 520000000. 1.70996E-5504910  5 1997
 560000000. 1.75825E-5 600000000. 1.78060E-5 640000000. 1.79183E-5504910  5 1998
 680000000. 1.77558E-5 720000000. 1.75739E-5 760000000. 1.74324E-5504910  5 1999
 800000000. 1.72015E-5 840000000. 1.68413E-5 880000000. 1.65131E-5504910  5 2000
 920000000. 1.60284E-5 960000000. 1.55689E-5 1.00000E+9 0.0       504910  5 2001
 0.0        0.0             46104          0          1         25504910  5 2002
         25          1                                            504910  5 2003
 120000000. 1.75560E-7 140000000. 1.05690E-6 160000000. 2.36731E-6504910  5 2004
 180000000. 3.36437E-6 200000000. 5.08123E-6 240000000. 7.45226E-6504910  5 2005
 280000000. 9.30063E-6 320000000. 1.07668E-5 360000000. 1.19674E-5504910  5 2006
 400000000. 1.29639E-5 440000000. 1.39221E-5 480000000. 1.47222E-5504910  5 2007
 520000000. 1.52273E-5 560000000. 1.55157E-5 600000000. 1.56498E-5504910  5 2008
 640000000. 1.57779E-5 680000000. 1.55384E-5 720000000. 1.52176E-5504910  5 2009
 760000000. 1.51941E-5 800000000. 1.50883E-5 840000000. 1.47662E-5504910  5 2010
 880000000. 1.43931E-5 920000000. 1.41631E-5 960000000. 1.38670E-5504910  5 2011
 1.00000E+9 0.0                                                   504910  5 2012
 0.0        0.0             46105          0          1         25504910  5 2013
         25          1                                            504910  5 2014
 120000000. 6.48393E-7 140000000. 1.77889E-6 160000000. 2.64265E-6504910  5 2015
 180000000. 3.45950E-6 200000000. 4.93252E-6 240000000. 6.68175E-6504910  5 2016
 280000000. 7.95197E-6 320000000. 8.94103E-6 360000000. 9.76630E-6504910  5 2017
 400000000. 1.05465E-5 440000000. 1.11246E-5 480000000. 1.16823E-5504910  5 2018
 520000000. 1.22809E-5 560000000. 1.23404E-5 600000000. 1.23550E-5504910  5 2019
 640000000. 1.22470E-5 680000000. 1.21921E-5 720000000. 1.22241E-5504910  5 2020
 760000000. 1.20058E-5 800000000. 1.18009E-5 840000000. 1.15764E-5504910  5 2021
 880000000. 1.13181E-5 920000000. 1.10305E-5 960000000. 1.07380E-5504910  5 2022
 1.00000E+9 0.0                                                   504910  5 2023
 0.0        0.0             46106          0          1         26504910  5 2024
         26          1                                            504910  5 2025
 100000000. 2.75888E-7 120000000. 1.02075E-6 140000000. 1.71092E-6504910  5 2026
 160000000. 2.20895E-6 180000000. 2.93515E-6 200000000. 3.97151E-6504910  5 2027
 240000000. 5.06576E-6 280000000. 5.87322E-6 320000000. 6.55669E-6504910  5 2028
 360000000. 7.14206E-6 400000000. 7.50664E-6 440000000. 7.90700E-6504910  5 2029
 480000000. 8.34176E-6 520000000. 8.66618E-6 560000000. 8.83268E-6504910  5 2030
 600000000. 8.82258E-6 640000000. 8.79521E-6 680000000. 8.72740E-6504910  5 2031
 720000000. 8.69476E-6 760000000. 8.63847E-6 800000000. 8.47930E-6504910  5 2032
 840000000. 8.33534E-6 880000000. 8.20842E-6 920000000. 8.05455E-6504910  5 2033
 960000000. 7.77181E-6 1.00000E+9 0.0                             504910  5 2034
 0.0        0.0             46107          0          1         27504910  5 2035
         27          1                                            504910  5 2036
 90000000.0 5.67658E-8 100000000. 4.49843E-7 120000000. 8.73576E-7504910  5 2037
 140000000. 1.16709E-6 160000000. 1.65073E-6 180000000. 2.15555E-6504910  5 2038
 200000000. 2.71926E-6 240000000. 3.31294E-6 280000000. 3.84598E-6504910  5 2039
 320000000. 4.28434E-6 360000000. 4.62865E-6 400000000. 4.91741E-6504910  5 2040
 440000000. 5.19745E-6 480000000. 5.51534E-6 520000000. 5.68567E-6504910  5 2041
 560000000. 5.77622E-6 600000000. 5.91121E-6 640000000. 5.89899E-6504910  5 2042
 680000000. 5.86565E-6 720000000. 5.87396E-6 760000000. 5.74872E-6504910  5 2043
 800000000. 5.62239E-6 840000000. 5.55762E-6 880000000. 5.44811E-6504910  5 2044
 920000000. 5.41707E-6 960000000. 5.34089E-6 1.00000E+9 0.0       504910  5 2045
 0.0        0.0             46108          0          1         27504910  5 2046
         27          1                                            504910  5 2047
 90000000.0 1.70324E-7 100000000. 3.54851E-7 120000000. 5.15990E-7504910  5 2048
 140000000. 7.03612E-7 160000000. 9.57321E-7 180000000. 1.25164E-6504910  5 2049
 200000000. 1.58852E-6 240000000. 1.97115E-6 280000000. 2.30842E-6504910  5 2050
 320000000. 2.49093E-6 360000000. 2.69084E-6 400000000. 2.99561E-6504910  5 2051
 440000000. 3.22128E-6 480000000. 3.31548E-6 520000000. 3.45348E-6504910  5 2052
 560000000. 3.67338E-6 600000000. 3.78159E-6 640000000. 3.80902E-6504910  5 2053
 680000000. 3.72424E-6 720000000. 3.70234E-6 760000000. 3.77461E-6504910  5 2054
 800000000. 3.74578E-6 840000000. 3.64159E-6 880000000. 3.52038E-6504910  5 2055
 920000000. 3.40996E-6 960000000. 3.41636E-6 1.00000E+9 0.0       504910  5 2056
 0.0        0.0             46109          0          1         28504910  5 2057
         28          1                                            504910  5 2058
 80000000.0 7.30121E-8 90000000.0 1.29354E-7 100000000. 1.59621E-7504910  5 2059
 120000000. 2.32541E-7 140000000. 3.67784E-7 160000000. 5.19814E-7504910  5 2060
 180000000. 6.80630E-7 200000000. 8.62273E-7 240000000. 1.07700E-6504910  5 2061
 280000000. 1.31011E-6 320000000. 1.50032E-6 360000000. 1.65453E-6504910  5 2062
 400000000. 1.73389E-6 440000000. 1.82439E-6 480000000. 1.98131E-6504910  5 2063
 520000000. 2.17755E-6 560000000. 2.31206E-6 600000000. 2.28410E-6504910  5 2064
 640000000. 2.32875E-6 680000000. 2.36225E-6 720000000. 2.30156E-6504910  5 2065
 760000000. 2.27250E-6 800000000. 2.26680E-6 840000000. 2.33185E-6504910  5 2066
 880000000. 2.30300E-6 920000000. 2.22726E-6 960000000. 2.25902E-6504910  5 2067
 1.00000E+9 0.0                                                   504910  5 2068
 0.0        0.0             46110          0          1         29504910  5 2069
         29          1                                            504910  5 2070
 70000000.0 2.01424E-8 80000000.0 3.41711E-8 90000000.0 3.91763E-8504910  5 2071
 100000000. 5.08188E-8 120000000. 9.58501E-8 140000000. 1.70134E-7504910  5 2072
 160000000. 2.51387E-7 180000000. 3.18404E-7 200000000. 4.14033E-7504910  5 2073
 240000000. 5.40674E-7 280000000. 6.36095E-7 320000000. 7.45883E-7504910  5 2074
 360000000. 8.45253E-7 400000000. 9.30273E-7 440000000. 1.04683E-6504910  5 2075
 480000000. 1.15279E-6 520000000. 1.24295E-6 560000000. 1.27495E-6504910  5 2076
 600000000. 1.31275E-6 640000000. 1.36673E-6 680000000. 1.35068E-6504910  5 2077
 720000000. 1.40166E-6 760000000. 1.45476E-6 800000000. 1.47275E-6504910  5 2078
 840000000. 1.51387E-6 880000000. 1.47705E-6 920000000. 1.42022E-6504910  5 2079
 960000000. 1.40752E-6 1.00000E+9 0.0                             504910  5 2080
 0.0        0.0             46111          0          1         28504910  5 2081
         28          1                                            504910  5 2082
 80000000.0 7.89997E-9 90000000.0 9.07159E-9 100000000. 1.80575E-8504910  5 2083
 120000000. 4.81571E-8 140000000. 7.23106E-8 160000000. 9.40042E-8504910  5 2084
 180000000. 1.31067E-7 200000000. 1.82878E-7 240000000. 2.58835E-7504910  5 2085
 280000000. 3.35913E-7 320000000. 3.98075E-7 360000000. 4.54292E-7504910  5 2086
 400000000. 5.02526E-7 440000000. 5.42429E-7 480000000. 6.12107E-7504910  5 2087
 520000000. 6.76011E-7 560000000. 7.20948E-7 600000000. 7.47978E-7504910  5 2088
 640000000. 7.75523E-7 680000000. 8.30645E-7 720000000. 8.57905E-7504910  5 2089
 760000000. 8.64497E-7 800000000. 8.74262E-7 840000000. 8.91789E-7504910  5 2090
 880000000. 8.48030E-7 920000000. 8.41523E-7 960000000. 8.84309E-7504910  5 2091
 1.00000E+9 0.0                                                   504910  5 2092
 0.0        0.0             46112          0          1         25504910  5 2093
         25          1                                            504910  5 2094
 120000000. 1.05058E-8 140000000. 1.74019E-8 160000000. 2.89928E-8504910  5 2095
 180000000. 4.65388E-8 200000000. 7.75904E-8 240000000. 1.14402E-7504910  5 2096
 280000000. 1.39480E-7 320000000. 1.78757E-7 360000000. 2.37083E-7504910  5 2097
 400000000. 2.61310E-7 440000000. 3.08194E-7 480000000. 3.81321E-7504910  5 2098
 520000000. 4.05646E-7 560000000. 4.06414E-7 600000000. 4.43336E-7504910  5 2099
 640000000. 4.84130E-7 680000000. 4.92133E-7 720000000. 4.98368E-7504910  5 2100
 760000000. 5.11608E-7 800000000. 5.15580E-7 840000000. 4.98635E-7504910  5 2101
 880000000. 5.09917E-7 920000000. 5.04161E-7 960000000. 4.93735E-7504910  5 2102
 1.00000E+9 0.0                                                   504910  5 2103
 0.0        0.0             46113          0          1         23504910  5 2104
         23          1                                            504910  5 2105
 160000000. 8.70565E-9 180000000. 1.74064E-8 200000000. 4.09228E-8504910  5 2106
 240000000. 6.84962E-8 280000000. 8.29063E-8 320000000. 9.42008E-8504910  5 2107
 360000000. 1.22906E-7 400000000. 1.40905E-7 440000000. 1.59919E-7504910  5 2108
 480000000. 1.81462E-7 520000000. 1.93341E-7 560000000. 2.32421E-7504910  5 2109
 600000000. 2.57800E-7 640000000. 2.74237E-7 680000000. 2.97453E-7504910  5 2110
 720000000. 2.88664E-7 760000000. 2.79485E-7 800000000. 2.91822E-7504910  5 2111
 840000000. 2.91915E-7 880000000. 3.03688E-7 920000000. 3.06548E-7504910  5 2112
 960000000. 2.78041E-7 1.00000E+9 0.0                             504910  5 2113
 0.0        0.0             46114          0          1         21504910  5 2114
         21          1                                            504910  5 2115
 200000000. 1.16806E-8 240000000. 1.90356E-8 280000000. 4.06352E-8504910  5 2116
 320000000. 5.59823E-8 360000000. 5.94789E-8 400000000. 7.09628E-8504910  5 2117
 440000000. 8.79292E-8 480000000. 9.72189E-8 520000000. 1.05121E-7504910  5 2118
 560000000. 1.19404E-7 600000000. 1.37407E-7 640000000. 1.47738E-7504910  5 2119
 680000000. 1.56711E-7 720000000. 1.65263E-7 760000000. 1.64082E-7504910  5 2120
 800000000. 1.65744E-7 840000000. 1.67065E-7 880000000. 1.60722E-7504910  5 2121
 920000000. 1.63618E-7 960000000. 1.68114E-7 1.00000E+9 0.0       504910  5 2122
 0.0        0.0             46115          0          1         21504910  5 2123
         21          1                                            504910  5 2124
 200000000. 8.70231E-9 240000000. 1.55954E-8 280000000. 2.10336E-8504910  5 2125
 320000000. 2.41245E-8 360000000. 2.38560E-8 400000000. 2.28590E-8504910  5 2126
 440000000. 3.11220E-8 480000000. 4.45322E-8 520000000. 5.50709E-8504910  5 2127
 560000000. 6.12853E-8 600000000. 6.55615E-8 640000000. 6.65134E-8504910  5 2128
 680000000. 6.23565E-8 720000000. 7.41280E-8 760000000. 7.91982E-8504910  5 2129
 800000000. 7.40571E-8 840000000. 7.80302E-8 880000000. 7.35290E-8504910  5 2130
 920000000. 7.10789E-8 960000000. 7.84458E-8 1.00000E+9 0.0       504910  5 2131
 0.0        0.0             46116          0          1         18504910  5 2132
         18          1                                            504910  5 2133
 320000000. 9.42992E-9 360000000. 7.14256E-9 400000000. 9.60155E-9504910  5 2134
 440000000. 1.28325E-8 480000000. 1.23840E-8 520000000. 1.25193E-8504910  5 2135
 560000000. 1.51501E-8 600000000. 2.35028E-8 640000000. 2.81473E-8504910  5 2136
 680000000. 2.50728E-8 720000000. 2.19612E-8 760000000. 2.26879E-8504910  5 2137
 800000000. 2.72789E-8 840000000. 2.99000E-8 880000000. 3.57414E-8504910  5 2138
 920000000. 3.78423E-8 960000000. 3.07569E-8 1.00000E+9 0.0       504910  5 2139
 0.0        0.0             46117          0          1          6504910  5 2140
          6          1                                            504910  5 2141
 800000000. 8.44471E-9 840000000. 9.10000E-9 880000000. 9.10000E-9504910  5 2142
 920000000. 9.10000E-9 960000000. 9.10000E-9 1.00000E+9 0.0       504910  5 2143
 0.0        0.0             47098          0          1         17504910  5 2144
         17          1                                            504910  5 2145
 360000000. 9.08088E-9 400000000. 8.26770E-9 440000000. 7.45464E-9504910  5 2146
 480000000. 6.64167E-9 520000000. 6.25074E-9 560000000. 6.29276E-9504910  5 2147
 600000000. 6.33477E-9 640000000. 6.37679E-9 680000000. 6.41880E-9504910  5 2148
 720000000. 8.37738E-9 760000000. 1.16637E-8 800000000. 1.30000E-8504910  5 2149
 840000000. 1.21467E-8 880000000. 1.04264E-8 920000000. 8.70610E-9504910  5 2150
 960000000. 8.50048E-9 1.00000E+9 0.0                             504910  5 2151
 0.0        0.0             47099          0          1         18504910  5 2152
         18          1                                            504910  5 2153
 320000000. 9.99918E-9 360000000. 2.01223E-8 400000000. 3.18784E-8504910  5 2154
 440000000. 3.66484E-8 480000000. 4.51554E-8 520000000. 5.63153E-8504910  5 2155
 560000000. 6.44429E-8 600000000. 6.49595E-8 640000000. 8.04292E-8504910  5 2156
 680000000. 9.06648E-8 720000000. 8.39000E-8 760000000. 7.91699E-8504910  5 2157
 800000000. 8.18254E-8 840000000. 8.52154E-8 880000000. 8.13004E-8504910  5 2158
 920000000. 7.30975E-8 960000000. 7.96996E-8 1.00000E+9 0.0       504910  5 2159
 0.0        0.0             47100          0          1         20504910  5 2160
         20          1                                            504910  5 2161
 240000000. 3.03864E-8 280000000. 7.71886E-8 320000000. 1.44446E-7504910  5 2162
 360000000. 2.17965E-7 400000000. 2.76123E-7 440000000. 3.63104E-7504910  5 2163
 480000000. 4.14388E-7 520000000. 4.32973E-7 560000000. 4.84015E-7504910  5 2164
 600000000. 5.09815E-7 640000000. 5.28174E-7 680000000. 5.46114E-7504910  5 2165
 720000000. 5.55152E-7 760000000. 5.76444E-7 800000000. 5.71591E-7504910  5 2166
 840000000. 5.66694E-7 880000000. 5.77749E-7 920000000. 5.54325E-7504910  5 2167
 960000000. 5.40239E-7 1.00000E+9 0.0                             504910  5 2168
 0.0        0.0             47101          0          1         21504910  5 2169
         21          1                                            504910  5 2170
 200000000. 1.09067E-7 240000000. 3.17106E-7 280000000. 6.38542E-7504910  5 2171
 320000000. 1.02757E-6 360000000. 1.39101E-6 400000000. 1.73170E-6504910  5 2172
 440000000. 2.02285E-6 480000000. 2.23978E-6 520000000. 2.46375E-6504910  5 2173
 560000000. 2.51656E-6 600000000. 2.52132E-6 640000000. 2.65939E-6504910  5 2174
 680000000. 2.73714E-6 720000000. 2.72055E-6 760000000. 2.68754E-6504910  5 2175
 800000000. 2.65636E-6 840000000. 2.62102E-6 880000000. 2.56093E-6504910  5 2176
 920000000. 2.48051E-6 960000000. 2.46446E-6 1.00000E+9 0.0       504910  5 2177
 0.0        0.0             47102          0          1         22504910  5 2178
         22          1                                            504910  5 2179
 180000000. 2.22193E-7 200000000. 6.06517E-7 240000000. 1.42132E-6504910  5 2180
 280000000. 2.47555E-6 320000000. 3.51538E-6 360000000. 4.34317E-6504910  5 2181
 400000000. 5.05370E-6 440000000. 5.68204E-6 480000000. 6.07644E-6504910  5 2182
 520000000. 6.37260E-6 560000000. 6.76486E-6 600000000. 6.94857E-6504910  5 2183
 640000000. 6.91125E-6 680000000. 6.87642E-6 720000000. 6.82904E-6504910  5 2184
 760000000. 6.82549E-6 800000000. 6.73368E-6 840000000. 6.57796E-6504910  5 2185
 880000000. 6.42650E-6 920000000. 6.20842E-6 960000000. 6.04210E-6504910  5 2186
 1.00000E+9 0.0                                                   504910  5 2187
 0.0        0.0             47103          0          1         24504910  5 2188
         24          1                                            504910  5 2189
 140000000. 1.13491E-7 160000000. 4.88746E-7 180000000. 9.84857E-7504910  5 2190
 200000000. 2.14538E-6 240000000. 4.10596E-6 280000000. 6.04346E-6504910  5 2191
 320000000. 7.66021E-6 360000000. 8.93158E-6 400000000. 9.99986E-6504910  5 2192
 440000000. 1.09254E-5 480000000. 1.15517E-5 520000000. 1.18894E-5504910  5 2193
 560000000. 1.22142E-5 600000000. 1.23512E-5 640000000. 1.22498E-5504910  5 2194
 680000000. 1.22715E-5 720000000. 1.21114E-5 760000000. 1.17696E-5504910  5 2195
 800000000. 1.16365E-5 840000000. 1.12436E-5 880000000. 1.09869E-5504910  5 2196
 920000000. 1.09111E-5 960000000. 1.05191E-5 1.00000E+9 0.0       504910  5 2197
 0.0        0.0             47104          0          1         24504910  5 2198
         24          1                                            504910  5 2199
 140000000. 7.14276E-7 160000000. 1.59108E-6 180000000. 2.63189E-6504910  5 2200
 200000000. 4.94602E-6 240000000. 7.95412E-6 280000000. 1.02051E-5504910  5 2201
 320000000. 1.21210E-5 360000000. 1.36705E-5 400000000. 1.47839E-5504910  5 2202
 440000000. 1.58647E-5 480000000. 1.67449E-5 520000000. 1.71854E-5504910  5 2203
 560000000. 1.73047E-5 600000000. 1.71649E-5 640000000. 1.70335E-5504910  5 2204
 680000000. 1.67769E-5 720000000. 1.62509E-5 760000000. 1.57569E-5504910  5 2205
 800000000. 1.53718E-5 840000000. 1.49361E-5 880000000. 1.45141E-5504910  5 2206
 920000000. 1.42022E-5 960000000. 1.39739E-5 1.00000E+9 0.0       504910  5 2207
 0.0        0.0             47105          0          1         25504910  5 2208
         25          1                                            504910  5 2209
 120000000. 9.18273E-7 140000000. 2.05093E-6 160000000. 3.18184E-6504910  5 2210
 180000000. 5.16705E-6 200000000. 8.14227E-6 240000000. 1.14012E-5504910  5 2211
 280000000. 1.41040E-5 320000000. 1.59944E-5 360000000. 1.70401E-5504910  5 2212
 400000000. 1.79212E-5 440000000. 1.87074E-5 480000000. 1.95776E-5504910  5 2213
 520000000. 1.99578E-5 560000000. 1.96587E-5 600000000. 1.93472E-5504910  5 2214
 640000000. 1.90370E-5 680000000. 1.87325E-5 720000000. 1.82822E-5504910  5 2215
 760000000. 1.78432E-5 800000000. 1.75220E-5 840000000. 1.69724E-5504910  5 2216
 880000000. 1.63851E-5 920000000. 1.59188E-5 960000000. 1.55319E-5504910  5 2217
 1.00000E+9 0.0                                                   504910  5 2218
 0.0        0.0             47106          0          1         26504910  5 2219
         26          1                                            504910  5 2220
 100000000. 7.62615E-7 120000000. 2.07740E-6 140000000. 3.23364E-6504910  5 2221
 160000000. 5.30910E-6 180000000. 7.88014E-6 200000000. 1.06023E-5504910  5 2222
 240000000. 1.34524E-5 280000000. 1.54978E-5 320000000. 1.68722E-5504910  5 2223
 360000000. 1.77499E-5 400000000. 1.84282E-5 440000000. 1.90553E-5504910  5 2224
 480000000. 1.94136E-5 520000000. 1.94218E-5 560000000. 1.93817E-5504910  5 2225
 600000000. 1.93506E-5 640000000. 1.90970E-5 680000000. 1.86034E-5504910  5 2226
 720000000. 1.79794E-5 760000000. 1.73551E-5 800000000. 1.70886E-5504910  5 2227
 840000000. 1.65957E-5 880000000. 1.59949E-5 920000000. 1.57519E-5504910  5 2228
 960000000. 1.54085E-5 1.00000E+9 0.0                             504910  5 2229
 0.0        0.0             47107          0          1         27504910  5 2230
         27          1                                            504910  5 2231
 90000000.0 4.47408E-7 100000000. 1.62877E-6 120000000. 2.76288E-6504910  5 2232
 140000000. 4.39175E-6 160000000. 6.90331E-6 180000000. 8.83201E-6504910  5 2233
 200000000. 1.07853E-5 240000000. 1.30257E-5 280000000. 1.44985E-5504910  5 2234
 320000000. 1.52869E-5 360000000. 1.59710E-5 400000000. 1.64661E-5504910  5 2235
 440000000. 1.68846E-5 480000000. 1.72507E-5 520000000. 1.73397E-5504910  5 2236
 560000000. 1.71955E-5 600000000. 1.69730E-5 640000000. 1.66508E-5504910  5 2237
 680000000. 1.61783E-5 720000000. 1.57734E-5 760000000. 1.52259E-5504910  5 2238
 800000000. 1.47893E-5 840000000. 1.44524E-5 880000000. 1.40730E-5504910  5 2239
 920000000. 1.37488E-5 960000000. 1.33450E-5 1.00000E+9 0.0       504910  5 2240
 0.0        0.0             47108          0          1         28504910  5 2241
         28          1                                            504910  5 2242
 80000000.0 6.64715E-7 90000000.0 1.56427E-6 100000000. 1.87074E-6504910  5 2243
 120000000. 2.84128E-6 140000000. 4.91099E-6 160000000. 6.61467E-6504910  5 2244
 180000000. 8.03237E-6 200000000. 9.54565E-6 240000000. 1.10135E-5504910  5 2245
 280000000. 1.19467E-5 320000000. 1.24807E-5 360000000. 1.29024E-5504910  5 2246
 400000000. 1.33261E-5 440000000. 1.36213E-5 480000000. 1.37563E-5504910  5 2247
 520000000. 1.37650E-5 560000000. 1.35783E-5 600000000. 1.35051E-5504910  5 2248
 640000000. 1.33782E-5 680000000. 1.30178E-5 720000000. 1.26402E-5504910  5 2249
 760000000. 1.24217E-5 800000000. 1.20886E-5 840000000. 1.17328E-5504910  5 2250
 880000000. 1.14662E-5 920000000. 1.11947E-5 960000000. 1.09743E-5504910  5 2251
 1.00000E+9 0.0                                                   504910  5 2252
 0.0        0.0             47109          0          1         29504910  5 2253
         29          1                                            504910  5 2254
 70000000.0 5.92623E-7 80000000.0 1.10166E-6 90000000.0 1.07752E-6504910  5 2255
 100000000. 1.47100E-6 120000000. 2.87696E-6 140000000. 4.32481E-6504910  5 2256
 160000000. 5.35601E-6 180000000. 6.22245E-6 200000000. 7.24162E-6504910  5 2257
 240000000. 8.24365E-6 280000000. 8.83588E-6 320000000. 9.31548E-6504910  5 2258
 360000000. 9.71475E-6 400000000. 1.00269E-5 440000000. 1.02770E-5504910  5 2259
 480000000. 1.03686E-5 520000000. 1.03447E-5 560000000. 1.03230E-5504910  5 2260
 600000000. 1.02364E-5 640000000. 1.01539E-5 680000000. 9.92504E-6504910  5 2261
 720000000. 9.65216E-6 760000000. 9.42235E-6 800000000. 9.18980E-6504910  5 2262
 840000000. 8.97302E-6 880000000. 8.90105E-6 920000000. 8.83789E-6504910  5 2263
 960000000. 8.68528E-6 1.00000E+9 0.0                             504910  5 2264
 0.0        0.0             47110          0          1         32504910  5 2265
         32          1                                            504910  5 2266
 54000000.0 9.38685E-9 55000000.0 6.82581E-8 60000000.0 3.91865E-7504910  5 2267
 70000000.0 6.24126E-7 80000000.0 4.98358E-7 90000000.0 5.08632E-7504910  5 2268
 100000000. 1.26634E-6 120000000. 2.37369E-6 140000000. 3.08516E-6504910  5 2269
 160000000. 3.65427E-6 180000000. 4.22731E-6 200000000. 4.98735E-6504910  5 2270
 240000000. 5.67785E-6 280000000. 6.06626E-6 320000000. 6.48152E-6504910  5 2271
 360000000. 6.72868E-6 400000000. 6.92452E-6 440000000. 7.17910E-6504910  5 2272
 480000000. 7.34013E-6 520000000. 7.43619E-6 560000000. 7.48915E-6504910  5 2273
 600000000. 7.54382E-6 640000000. 7.37263E-6 680000000. 7.24768E-6504910  5 2274
 720000000. 7.23364E-6 760000000. 7.09304E-6 800000000. 6.88945E-6504910  5 2275
 840000000. 6.73032E-6 880000000. 6.61396E-6 920000000. 6.54917E-6504910  5 2276
 960000000. 6.45339E-6 1.00000E+9 0.0                             504910  5 2277
 0.0        0.0             47111          0          1         33504910  5 2278
         33          1                                            504910  5 2279
 50000000.0 8.98236E-8 54000000.0 1.61078E-7 55000000.0 2.12126E-7504910  5 2280
 60000000.0 2.07097E-7 70000000.0 1.52926E-7 80000000.0 2.20400E-7504910  5 2281
 90000000.0 5.00603E-7 100000000. 9.84848E-7 120000000. 1.46787E-6504910  5 2282
 140000000. 1.81528E-6 160000000. 2.15416E-6 180000000. 2.54279E-6504910  5 2283
 200000000. 3.08051E-6 240000000. 3.61652E-6 280000000. 3.90858E-6504910  5 2284
 320000000. 4.13310E-6 360000000. 4.48670E-6 400000000. 4.77833E-6504910  5 2285
 440000000. 4.89874E-6 480000000. 5.05757E-6 520000000. 5.19707E-6504910  5 2286
 560000000. 5.25024E-6 600000000. 5.24595E-6 640000000. 5.26887E-6504910  5 2287
 680000000. 5.26277E-6 720000000. 5.15760E-6 760000000. 5.13045E-6504910  5 2288
 800000000. 5.06146E-6 840000000. 4.90509E-6 880000000. 4.79817E-6504910  5 2289
 920000000. 4.69701E-6 960000000. 4.66914E-6 1.00000E+9 0.0       504910  5 2290
 0.0        0.0             47112          0          1         35504910  5 2291
         35          1                                            504910  5 2292
 40000000.0 1.83324E-8 45000000.0 3.23592E-8 50000000.0 3.74228E-8504910  5 2293
 54000000.0 3.02355E-8 55000000.0 2.19218E-8 60000000.0 1.97158E-8504910  5 2294
 70000000.0 6.69184E-8 80000000.0 1.94688E-7 90000000.0 3.65026E-7504910  5 2295
 100000000. 5.47234E-7 120000000. 7.75699E-7 140000000. 1.01270E-6504910  5 2296
 160000000. 1.20590E-6 180000000. 1.45758E-6 200000000. 1.79044E-6504910  5 2297
 240000000. 2.20191E-6 280000000. 2.55440E-6 320000000. 2.70024E-6504910  5 2298
 360000000. 2.90436E-6 400000000. 3.15928E-6 440000000. 3.30150E-6504910  5 2299
 480000000. 3.37866E-6 520000000. 3.48322E-6 560000000. 3.58855E-6504910  5 2300
 600000000. 3.62558E-6 640000000. 3.65303E-6 680000000. 3.74543E-6504910  5 2301
 720000000. 3.81912E-6 760000000. 3.73734E-6 800000000. 3.66760E-6504910  5 2302
 840000000. 3.61600E-6 880000000. 3.53983E-6 920000000. 3.54181E-6504910  5 2303
 960000000. 3.47678E-6 1.00000E+9 0.0                             504910  5 2304
 0.0        0.0             47113          0          1         29504910  5 2305
         29          1                                            504910  5 2306
 70000000.0 5.13268E-8 80000000.0 9.67538E-8 90000000.0 1.37695E-7504910  5 2307
 100000000. 2.17342E-7 120000000. 3.18893E-7 140000000. 4.51995E-7504910  5 2308
 160000000. 6.05780E-7 180000000. 7.86300E-7 200000000. 1.03422E-6504910  5 2309
 240000000. 1.29344E-6 280000000. 1.45558E-6 320000000. 1.57664E-6504910  5 2310
 360000000. 1.72749E-6 400000000. 1.89484E-6 440000000. 2.04781E-6504910  5 2311
 480000000. 2.18417E-6 520000000. 2.31918E-6 560000000. 2.36758E-6504910  5 2312
 600000000. 2.38438E-6 640000000. 2.42237E-6 680000000. 2.52597E-6504910  5 2313
 720000000. 2.58105E-6 760000000. 2.58041E-6 800000000. 2.59700E-6504910  5 2314
 840000000. 2.56208E-6 880000000. 2.52873E-6 920000000. 2.49556E-6504910  5 2315
 960000000. 2.45602E-6 1.00000E+9 0.0                             504910  5 2316
 0.0        0.0             47114          0          1         29504910  5 2317
         29          1                                            504910  5 2318
 70000000.0 1.49013E-8 80000000.0 2.60192E-8 90000000.0 4.21236E-8504910  5 2319
 100000000. 5.84865E-8 120000000. 1.13801E-7 140000000. 1.91295E-7504910  5 2320
 160000000. 2.92233E-7 180000000. 4.07386E-7 200000000. 5.43098E-7504910  5 2321
 240000000. 6.93811E-7 280000000. 8.09353E-7 320000000. 9.33344E-7504910  5 2322
 360000000. 1.02567E-6 400000000. 1.14487E-6 440000000. 1.30105E-6504910  5 2323
 480000000. 1.37476E-6 520000000. 1.40595E-6 560000000. 1.49431E-6504910  5 2324
 600000000. 1.59367E-6 640000000. 1.64098E-6 680000000. 1.67182E-6504910  5 2325
 720000000. 1.66048E-6 760000000. 1.64397E-6 800000000. 1.68658E-6504910  5 2326
 840000000. 1.67292E-6 880000000. 1.63929E-6 920000000. 1.67048E-6504910  5 2327
 960000000. 1.67250E-6 1.00000E+9 0.0                             504910  5 2328
 0.0        0.0             47115          0          1         26504910  5 2329
         26          1                                            504910  5 2330
 100000000. 2.26342E-8 120000000. 5.64182E-8 140000000. 9.41240E-8504910  5 2331
 160000000. 1.66127E-7 180000000. 2.58050E-7 200000000. 3.20421E-7504910  5 2332
 240000000. 3.89892E-7 280000000. 4.78331E-7 320000000. 5.44330E-7504910  5 2333
 360000000. 5.98275E-7 400000000. 6.55982E-7 440000000. 7.43162E-7504910  5 2334
 480000000. 8.43182E-7 520000000. 9.18111E-7 560000000. 9.75105E-7504910  5 2335
 600000000. 9.87976E-7 640000000. 9.99475E-7 680000000. 1.00186E-6504910  5 2336
 720000000. 1.01652E-6 760000000. 1.09316E-6 800000000. 1.10666E-6504910  5 2337
 840000000. 1.06487E-6 880000000. 1.04553E-6 920000000. 1.05104E-6504910  5 2338
 960000000. 1.07718E-6 1.00000E+9 0.0                             504910  5 2339
 0.0        0.0             47116          0          1         25504910  5 2340
         25          1                                            504910  5 2341
 120000000. 2.56769E-8 140000000. 5.31690E-8 160000000. 8.48671E-8504910  5 2342
 180000000. 1.08365E-7 200000000. 1.45268E-7 240000000. 1.80363E-7504910  5 2343
 280000000. 2.27209E-7 320000000. 2.58834E-7 360000000. 2.91107E-7504910  5 2344
 400000000. 3.27518E-7 440000000. 3.48718E-7 480000000. 3.86330E-7504910  5 2345
 520000000. 4.55333E-7 560000000. 4.95631E-7 600000000. 5.02038E-7504910  5 2346
 640000000. 5.34590E-7 680000000. 5.61453E-7 720000000. 5.80339E-7504910  5 2347
 760000000. 5.96566E-7 800000000. 6.20087E-7 840000000. 6.25370E-7504910  5 2348
 880000000. 5.98020E-7 920000000. 6.04271E-7 960000000. 6.42243E-7504910  5 2349
 1.00000E+9 0.0                                                   504910  5 2350
 0.0        0.0             47117          0          1         24504910  5 2351
         24          1                                            504910  5 2352
 140000000. 2.25253E-8 160000000. 3.66199E-8 180000000. 4.83350E-8504910  5 2353
 200000000. 5.71975E-8 240000000. 5.94156E-8 280000000. 6.87933E-8504910  5 2354
 320000000. 9.00021E-8 360000000. 9.94411E-8 400000000. 1.06465E-7504910  5 2355
 440000000. 1.25810E-7 480000000. 1.50366E-7 520000000. 1.71498E-7504910  5 2356
 560000000. 1.91402E-7 600000000. 2.04987E-7 640000000. 2.00836E-7504910  5 2357
 680000000. 2.15137E-7 720000000. 2.33678E-7 760000000. 2.15448E-7504910  5 2358
 800000000. 2.02757E-7 840000000. 2.23519E-7 880000000. 2.36799E-7504910  5 2359
 920000000. 2.43826E-7 960000000. 2.36840E-7 1.00000E+9 0.0       504910  5 2360
 0.0        0.0             47118          0          1         16504910  5 2361
         16          1                                            504910  5 2362
 400000000. 7.23827E-9 440000000. 1.21801E-8 480000000. 1.67335E-8504910  5 2363
 520000000. 2.06142E-8 560000000. 3.21929E-8 600000000. 3.25108E-8504910  5 2364
 640000000. 3.00320E-8 680000000. 3.08588E-8 720000000. 2.64819E-8504910  5 2365
 760000000. 2.98001E-8 800000000. 3.51000E-8 840000000. 3.70349E-8504910  5 2366
 880000000. 4.29108E-8 920000000. 4.56538E-8 960000000. 4.12218E-8504910  5 2367
 1.00000E+9 0.0                                                   504910  5 2368
 0.0        0.0             48100          0          1          9504910  5 2369
          9          1                                            504910  5 2370
 680000000. 6.41000E-9 720000000. 6.41000E-9 760000000. 6.41000E-9504910  5 2371
 800000000. 6.41000E-9 840000000. 6.41000E-9 880000000. 6.41000E-9504910  5 2372
 920000000. 6.41000E-9 960000000. 6.41000E-9 1.00000E+9 0.0       504910  5 2373
 0.0        0.0             48101          0          1         18504910  5 2374
         18          1                                            504910  5 2375
 320000000. 1.05957E-8 360000000. 1.60157E-8 400000000. 2.52455E-8504910  5 2376
 440000000. 2.50921E-8 480000000. 2.47369E-8 520000000. 2.69421E-8504910  5 2377
 560000000. 2.65245E-8 600000000. 2.73848E-8 640000000. 3.57357E-8504910  5 2378
 680000000. 3.98853E-8 720000000. 3.29251E-8 760000000. 3.50021E-8504910  5 2379
 800000000. 3.57659E-8 840000000. 3.12202E-8 880000000. 2.92700E-8504910  5 2380
 920000000. 3.06450E-8 960000000. 2.68409E-8 1.00000E+9 0.0       504910  5 2381
 0.0        0.0             48102          0          1         21504910  5 2382
         21          1                                            504910  5 2383
 200000000. 1.20605E-8 240000000. 3.79515E-8 280000000. 7.16161E-8504910  5 2384
 320000000. 9.99964E-8 360000000. 1.41280E-7 400000000. 1.94830E-7504910  5 2385
 440000000. 2.13914E-7 480000000. 2.22196E-7 520000000. 2.37902E-7504910  5 2386
 560000000. 2.42031E-7 600000000. 2.48249E-7 640000000. 2.56398E-7504910  5 2387
 680000000. 2.53240E-7 720000000. 2.62599E-7 760000000. 2.51193E-7504910  5 2388
 800000000. 2.30670E-7 840000000. 2.32156E-7 880000000. 2.43805E-7504910  5 2389
 920000000. 2.47236E-7 960000000. 2.25005E-7 1.00000E+9 0.0       504910  5 2390
 0.0        0.0             48103          0          1         21504910  5 2391
         21          1                                            504910  5 2392
 200000000. 1.51393E-7 240000000. 3.77910E-7 280000000. 6.46573E-7504910  5 2393
 320000000. 8.70436E-7 360000000. 1.01292E-6 400000000. 1.18888E-6504910  5 2394
 440000000. 1.30493E-6 480000000. 1.36775E-6 520000000. 1.42160E-6504910  5 2395
 560000000. 1.49691E-6 600000000. 1.52476E-6 640000000. 1.44957E-6504910  5 2396
 680000000. 1.41414E-6 720000000. 1.38819E-6 760000000. 1.34965E-6504910  5 2397
 800000000. 1.37335E-6 840000000. 1.35245E-6 880000000. 1.32635E-6504910  5 2398
 920000000. 1.35881E-6 960000000. 1.29671E-6 1.00000E+9 0.0       504910  5 2399
 0.0        0.0             48104          0          1         23504910  5 2400
         23          1                                            504910  5 2401
 160000000. 8.32238E-8 180000000. 3.39109E-7 200000000. 1.01449E-6504910  5 2402
 240000000. 1.90821E-6 280000000. 2.70659E-6 320000000. 3.28659E-6504910  5 2403
 360000000. 3.79597E-6 400000000. 4.19973E-6 440000000. 4.43229E-6504910  5 2404
 480000000. 4.66089E-6 520000000. 4.74448E-6 560000000. 4.76812E-6504910  5 2405
 600000000. 4.74810E-6 640000000. 4.63556E-6 680000000. 4.49365E-6504910  5 2406
 720000000. 4.33566E-6 760000000. 4.25037E-6 800000000. 4.20966E-6504910  5 2407
 840000000. 4.11753E-6 880000000. 3.95241E-6 920000000. 3.74893E-6504910  5 2408
 960000000. 3.67846E-6 1.00000E+9 0.0                             504910  5 2409
 0.0        0.0             48105          0          1         24504910  5 2410
         24          1                                            504910  5 2411
 140000000. 1.58230E-7 160000000. 7.80949E-7 180000000. 1.94349E-6504910  5 2412
 200000000. 3.48887E-6 240000000. 5.34400E-6 280000000. 6.92300E-6504910  5 2413
 320000000. 7.89959E-6 360000000. 8.49627E-6 400000000. 9.00492E-6504910  5 2414
 440000000. 9.43857E-6 480000000. 9.70990E-6 520000000. 9.81144E-6504910  5 2415
 560000000. 9.76314E-6 600000000. 9.60791E-6 640000000. 9.34410E-6504910  5 2416
 680000000. 9.02086E-6 720000000. 8.82325E-6 760000000. 8.60820E-6504910  5 2417
 800000000. 8.27792E-6 840000000. 7.96019E-6 880000000. 7.72735E-6504910  5 2418
 920000000. 7.68451E-6 960000000. 7.47741E-6 1.00000E+9 0.0       504910  5 2419
 0.0        0.0             48106          0          1         25504910  5 2420
         25          1                                            504910  5 2421
 120000000. 1.55224E-7 140000000. 1.24303E-6 160000000. 3.54671E-6504910  5 2422
 180000000. 5.79117E-6 200000000. 8.18814E-6 240000000. 1.09646E-5504910  5 2423
 280000000. 1.28586E-5 320000000. 1.39920E-5 360000000. 1.46407E-5504910  5 2424
 400000000. 1.51685E-5 440000000. 1.55407E-5 480000000. 1.56493E-5504910  5 2425
 520000000. 1.54126E-5 560000000. 1.50202E-5 600000000. 1.48883E-5504910  5 2426
 640000000. 1.45433E-5 680000000. 1.40030E-5 720000000. 1.34665E-5504910  5 2427
 760000000. 1.29555E-5 800000000. 1.25107E-5 840000000. 1.21249E-5504910  5 2428
 880000000. 1.17390E-5 920000000. 1.13175E-5 960000000. 1.09282E-5504910  5 2429
 1.00000E+9 0.0                                                   504910  5 2430
 0.0        0.0             48107          0          1         25504910  5 2431
         25          1                                            504910  5 2432
 120000000. 1.44416E-6 140000000. 5.14395E-6 160000000. 8.82959E-6504910  5 2433
 180000000. 1.10290E-5 200000000. 1.40477E-5 240000000. 1.72669E-5504910  5 2434
 280000000. 1.87003E-5 320000000. 1.94150E-5 360000000. 1.99533E-5504910  5 2435
 400000000. 2.02267E-5 440000000. 2.04044E-5 480000000. 2.01308E-5504910  5 2436
 520000000. 1.96494E-5 560000000. 1.93601E-5 600000000. 1.88495E-5504910  5 2437
 640000000. 1.81033E-5 680000000. 1.75154E-5 720000000. 1.68829E-5504910  5 2438
 760000000. 1.63037E-5 800000000. 1.58521E-5 840000000. 1.52804E-5504910  5 2439
 880000000. 1.47169E-5 920000000. 1.41542E-5 960000000. 1.37432E-5504910  5 2440
 1.00000E+9 0.0                                                   504910  5 2441
 0.0        0.0             48108          0          1         26504910  5 2442
         26          1                                            504910  5 2443
 100000000. 1.15237E-6 120000000. 5.76641E-6 140000000. 1.10042E-5504910  5 2444
 160000000. 1.35487E-5 180000000. 1.60017E-5 200000000. 1.92217E-5504910  5 2445
 240000000. 2.17897E-5 280000000. 2.28488E-5 320000000. 2.31190E-5504910  5 2446
 360000000. 2.30300E-5 400000000. 2.28880E-5 440000000. 2.27973E-5504910  5 2447
 480000000. 2.23809E-5 520000000. 2.18010E-5 560000000. 2.13543E-5504910  5 2448
 600000000. 2.07389E-5 640000000. 1.99370E-5 680000000. 1.91785E-5504910  5 2449
 720000000. 1.83547E-5 760000000. 1.77789E-5 800000000. 1.72296E-5504910  5 2450
 840000000. 1.66128E-5 880000000. 1.60296E-5 920000000. 1.55484E-5504910  5 2451
 960000000. 1.52502E-5 1.00000E+9 0.0                             504910  5 2452
 0.0        0.0             48109          0          1         27504910  5 2453
         27          1                                            504910  5 2454
 90000000.0 6.18671E-7 100000000. 5.10953E-6 120000000. 1.15838E-5504910  5 2455
 140000000. 1.46343E-5 160000000. 1.67152E-5 180000000. 1.92217E-5504910  5 2456
 200000000. 2.16197E-5 240000000. 2.32552E-5 280000000. 2.36748E-5504910  5 2457
 320000000. 2.36134E-5 360000000. 2.33559E-5 400000000. 2.31792E-5504910  5 2458
 440000000. 2.30064E-5 480000000. 2.26061E-5 520000000. 2.20761E-5504910  5 2459
 560000000. 2.13628E-5 600000000. 2.03712E-5 640000000. 1.95648E-5504910  5 2460
 680000000. 1.89853E-5 720000000. 1.82594E-5 760000000. 1.78141E-5504910  5 2461
 800000000. 1.74400E-5 840000000. 1.67976E-5 880000000. 1.62739E-5504910  5 2462
 920000000. 1.59405E-5 960000000. 1.54732E-5 1.00000E+9 0.0       504910  5 2463
 0.0        0.0             48110          0          1         28504910  5 2464
         28          1                                            504910  5 2465
 80000000.0 8.62444E-7 90000000.0 3.83059E-6 100000000. 9.47563E-6504910  5 2466
 120000000. 1.34352E-5 140000000. 1.49907E-5 160000000. 1.71463E-5504910  5 2467
 180000000. 1.92108E-5 200000000. 2.10948E-5 240000000. 2.20850E-5504910  5 2468
 280000000. 2.21519E-5 320000000. 2.21491E-5 360000000. 2.18395E-5504910  5 2469
 400000000. 2.15145E-5 440000000. 2.12687E-5 480000000. 2.06750E-5504910  5 2470
 520000000. 2.01138E-5 560000000. 1.96546E-5 600000000. 1.91060E-5504910  5 2471
 640000000. 1.85354E-5 680000000. 1.77077E-5 720000000. 1.70326E-5504910  5 2472
 760000000. 1.65669E-5 800000000. 1.60563E-5 840000000. 1.56668E-5504910  5 2473
 880000000. 1.52831E-5 920000000. 1.47328E-5 960000000. 1.45117E-5504910  5 2474
 1.00000E+9 0.0                                                   504910  5 2475
 0.0        0.0             48111          0          1         29504910  5 2476
         29          1                                            504910  5 2477
 70000000.0 1.09489E-6 80000000.0 4.51795E-6 90000000.0 8.58473E-6504910  5 2478
 100000000. 1.06112E-5 120000000. 1.16497E-5 140000000. 1.33025E-5504910  5 2479
 160000000. 1.53739E-5 180000000. 1.69049E-5 200000000. 1.82034E-5504910  5 2480
 240000000. 1.89975E-5 280000000. 1.91283E-5 320000000. 1.91022E-5504910  5 2481
 360000000. 1.89713E-5 400000000. 1.88783E-5 440000000. 1.87240E-5504910  5 2482
 480000000. 1.82481E-5 520000000. 1.77059E-5 560000000. 1.71027E-5504910  5 2483
 600000000. 1.65327E-5 640000000. 1.60414E-5 680000000. 1.55698E-5504910  5 2484
 720000000. 1.53319E-5 760000000. 1.50431E-5 800000000. 1.45277E-5504910  5 2485
 840000000. 1.41489E-5 880000000. 1.39710E-5 920000000. 1.36151E-5504910  5 2486
 960000000. 1.32326E-5 1.00000E+9 0.0                             504910  5 2487
 0.0        0.0             48112          0          1         32504910  5 2488
         32          1                                            504910  5 2489
 54000000.0 2.81738E-8 55000000.0 9.19451E-8 60000000.0 1.02397E-6504910  5 2490
 70000000.0 3.99694E-6 80000000.0 6.96657E-6 90000000.0 7.90209E-6504910  5 2491
 100000000. 8.18591E-6 120000000. 9.18845E-6 140000000. 1.08237E-5504910  5 2492
 160000000. 1.23703E-5 180000000. 1.36527E-5 200000000. 1.48817E-5504910  5 2493
 240000000. 1.53989E-5 280000000. 1.54005E-5 320000000. 1.55095E-5504910  5 2494
 360000000. 1.55116E-5 400000000. 1.55467E-5 440000000. 1.54513E-5504910  5 2495
 480000000. 1.51764E-5 520000000. 1.48044E-5 560000000. 1.44632E-5504910  5 2496
 600000000. 1.41568E-5 640000000. 1.39667E-5 680000000. 1.37549E-5504910  5 2497
 720000000. 1.34866E-5 760000000. 1.32148E-5 800000000. 1.27788E-5504910  5 2498
 840000000. 1.24196E-5 880000000. 1.22824E-5 920000000. 1.20101E-5504910  5 2499
 960000000. 1.16728E-5 1.00000E+9 0.0                             504910  5 2500
 0.0        0.0             48113          0          1         34504910  5 2501
         34          1                                            504910  5 2502
 45000000.0 2.04455E-8 50000000.0 1.30931E-7 54000000.0 3.01824E-7504910  5 2503
 55000000.0 8.39849E-7 60000000.0 2.64363E-6 70000000.0 4.29643E-6504910  5 2504
 80000000.0 4.63600E-6 90000000.0 4.84615E-6 100000000. 5.50869E-6504910  5 2505
 120000000. 6.76269E-6 140000000. 8.16486E-6 160000000. 9.46378E-6504910  5 2506
 180000000. 1.04777E-5 200000000. 1.12279E-5 240000000. 1.17950E-5504910  5 2507
 280000000. 1.19310E-5 320000000. 1.20655E-5 360000000. 1.23020E-5504910  5 2508
 400000000. 1.23615E-5 440000000. 1.23275E-5 480000000. 1.23310E-5504910  5 2509
 520000000. 1.24178E-5 560000000. 1.23228E-5 600000000. 1.21452E-5504910  5 2510
 640000000. 1.18181E-5 680000000. 1.15342E-5 720000000. 1.13554E-5504910  5 2511
 760000000. 1.11320E-5 800000000. 1.09644E-5 840000000. 1.06596E-5504910  5 2512
 880000000. 1.03895E-5 920000000. 1.03950E-5 960000000. 1.03737E-5504910  5 2513
 1.00000E+9 0.0                                                   504910  5 2514
 0.0        0.0             48114          0          1         34504910  5 2515
         34          1                                            504910  5 2516
 45000000.0 3.58156E-7 50000000.0 9.67894E-7 54000000.0 1.36376E-6504910  5 2517
 55000000.0 1.64421E-6 60000000.0 1.97483E-6 70000000.0 2.13099E-6504910  5 2518
 80000000.0 2.36773E-6 90000000.0 2.76147E-6 100000000. 3.46651E-6504910  5 2519
 120000000. 4.62863E-6 140000000. 5.86733E-6 160000000. 6.88184E-6504910  5 2520
 180000000. 7.59727E-6 200000000. 8.21638E-6 240000000. 8.67612E-6504910  5 2521
 280000000. 8.89832E-6 320000000. 9.19786E-6 360000000. 9.43584E-6504910  5 2522
 400000000. 9.57412E-6 440000000. 9.57498E-6 480000000. 9.63766E-6504910  5 2523
 520000000. 9.71757E-6 560000000. 9.68972E-6 600000000. 9.75264E-6504910  5 2524
 640000000. 9.77832E-6 680000000. 9.70020E-6 720000000. 9.60801E-6504910  5 2525
 760000000. 9.54406E-6 800000000. 9.39239E-6 840000000. 9.13799E-6504910  5 2526
 880000000. 8.91843E-6 920000000. 8.79493E-6 960000000. 8.81961E-6504910  5 2527
 1.00000E+9 0.0                                                   504910  5 2528
 0.0        0.0             48115          0          1         36504910  5 2529
         36          1                                            504910  5 2530
 35000000.0 8.38271E-8 40000000.0 2.82677E-7 45000000.0 4.95292E-7504910  5 2531
 50000000.0 6.00366E-7 54000000.0 6.11853E-7 55000000.0 6.09393E-7504910  5 2532
 60000000.0 6.17660E-7 70000000.0 7.53860E-7 80000000.0 1.01061E-6504910  5 2533
 90000000.0 1.38009E-6 100000000. 2.12916E-6 120000000. 3.12674E-6504910  5 2534
 140000000. 3.97417E-6 160000000. 4.71332E-6 180000000. 5.32038E-6504910  5 2535
 200000000. 5.79735E-6 240000000. 6.21137E-6 280000000. 6.52614E-6504910  5 2536
 320000000. 6.86055E-6 360000000. 7.00971E-6 400000000. 7.11067E-6504910  5 2537
 440000000. 7.30600E-6 480000000. 7.49923E-6 520000000. 7.59643E-6504910  5 2538
 560000000. 7.71055E-6 600000000. 7.87450E-6 640000000. 7.86038E-6504910  5 2539
 680000000. 7.80576E-6 720000000. 7.78726E-6 760000000. 7.85535E-6504910  5 2540
 800000000. 7.83261E-6 840000000. 7.73170E-6 880000000. 7.69299E-6504910  5 2541
 920000000. 7.57268E-6 960000000. 7.45961E-6 1.00000E+9 0.0       504910  5 2542
 0.0        0.0             48116          0          1         36504910  5 2543
         36          1                                            504910  5 2544
 35000000.0 4.72010E-8 40000000.0 5.29066E-8 45000000.0 4.64644E-8504910  5 2545
 50000000.0 5.01958E-8 54000000.0 5.30483E-8 55000000.0 6.11440E-8504910  5 2546
 60000000.0 1.01024E-7 70000000.0 2.23468E-7 80000000.0 4.72088E-7504910  5 2547
 90000000.0 8.08467E-7 100000000. 1.37568E-6 120000000. 2.13044E-6504910  5 2548
 140000000. 2.74344E-6 160000000. 3.15845E-6 180000000. 3.43494E-6504910  5 2549
 200000000. 3.81972E-6 240000000. 4.16013E-6 280000000. 4.43687E-6504910  5 2550
 320000000. 4.72336E-6 360000000. 4.96582E-6 400000000. 5.21412E-6504910  5 2551
 440000000. 5.40663E-6 480000000. 5.66419E-6 520000000. 5.88595E-6504910  5 2552
 560000000. 6.03052E-6 600000000. 6.07656E-6 640000000. 6.13718E-6504910  5 2553
 680000000. 6.18914E-6 720000000. 6.20601E-6 760000000. 6.22615E-6504910  5 2554
 800000000. 6.26151E-6 840000000. 6.24044E-6 880000000. 6.13814E-6504910  5 2555
 920000000. 6.14864E-6 960000000. 6.08127E-6 1.00000E+9 0.0       504910  5 2556
 0.0        0.0             48117          0          1         32504910  5 2557
         32          1                                            504910  5 2558
 54000000.0 7.38300E-9 55000000.0 1.24058E-8 60000000.0 4.36597E-8504910  5 2559
 70000000.0 1.33536E-7 80000000.0 3.12416E-7 90000000.0 5.53723E-7504910  5 2560
 100000000. 9.11251E-7 120000000. 1.35521E-6 140000000. 1.71268E-6504910  5 2561
 160000000. 1.94647E-6 180000000. 2.12350E-6 200000000. 2.37268E-6504910  5 2562
 240000000. 2.57996E-6 280000000. 2.74761E-6 320000000. 2.96296E-6504910  5 2563
 360000000. 3.23043E-6 400000000. 3.53274E-6 440000000. 3.81770E-6504910  5 2564
 480000000. 4.03539E-6 520000000. 4.20797E-6 560000000. 4.46755E-6504910  5 2565
 600000000. 4.66988E-6 640000000. 4.75423E-6 680000000. 4.74678E-6504910  5 2566
 720000000. 4.80035E-6 760000000. 4.94161E-6 800000000. 4.95308E-6504910  5 2567
 840000000. 4.84924E-6 880000000. 4.80099E-6 920000000. 4.79788E-6504910  5 2568
 960000000. 4.79668E-6 1.00000E+9 0.0                             504910  5 2569
 0.0        0.0             48118          0          1         32504910  5 2570
         32          1                                            504910  5 2571
 54000000.0 9.71742E-9 55000000.0 1.14867E-8 60000000.0 3.36750E-8504910  5 2572
 70000000.0 1.11925E-7 80000000.0 2.37861E-7 90000000.0 3.84552E-7504910  5 2573
 100000000. 5.63672E-7 120000000. 7.46159E-7 140000000. 8.57429E-7504910  5 2574
 160000000. 9.39229E-7 180000000. 9.94742E-7 200000000. 1.04338E-6504910  5 2575
 240000000. 1.16370E-6 280000000. 1.29617E-6 320000000. 1.43878E-6504910  5 2576
 360000000. 1.60931E-6 400000000. 1.76336E-6 440000000. 1.90583E-6504910  5 2577
 480000000. 2.05791E-6 520000000. 2.21122E-6 560000000. 2.38966E-6504910  5 2578
 600000000. 2.54703E-6 640000000. 2.62198E-6 680000000. 2.68619E-6504910  5 2579
 720000000. 2.79669E-6 760000000. 2.84914E-6 800000000. 2.84579E-6504910  5 2580
 840000000. 2.86148E-6 880000000. 2.88956E-6 920000000. 2.91207E-6504910  5 2581
 960000000. 2.88253E-6 1.00000E+9 0.0                             504910  5 2582
 0.0        0.0             48119          0          1         19504910  5 2583
         19          1                                            504910  5 2584
 280000000. 1.91187E-8 320000000. 2.94537E-8 360000000. 3.91609E-8504910  5 2585
 400000000. 6.60652E-8 440000000. 9.03945E-8 480000000. 1.13203E-7504910  5 2586
 520000000. 1.42647E-7 560000000. 1.47944E-7 600000000. 1.64034E-7504910  5 2587
 640000000. 2.02622E-7 680000000. 2.08897E-7 720000000. 1.93065E-7504910  5 2588
 760000000. 1.95803E-7 800000000. 2.04775E-7 840000000. 2.10570E-7504910  5 2589
 880000000. 2.12112E-7 920000000. 2.00864E-7 960000000. 1.97510E-7504910  5 2590
 1.00000E+9 0.0                                                   504910  5 2591
 0.0        0.0             49103          0          1         16504910  5 2592
         16          1                                            504910  5 2593
 400000000. 8.42905E-9 440000000. 9.16014E-9 480000000. 1.11376E-8504910  5 2594
 520000000. 9.41310E-9 560000000. 8.20275E-9 600000000. 1.01847E-8504910  5 2595
 640000000. 8.96273E-9 680000000. 7.70816E-9 720000000. 7.74483E-9504910  5 2596
 760000000. 7.78151E-9 800000000. 1.16683E-8 840000000. 1.23752E-8504910  5 2597
 880000000. 1.04003E-8 920000000. 1.10895E-8 960000000. 1.11154E-8504910  5 2598
 1.00000E+9 0.0                                                   504910  5 2599
 0.0        0.0             49104          0          1         20504910  5 2600
         20          1                                            504910  5 2601
 240000000. 2.77607E-8 280000000. 4.25340E-8 320000000. 5.29948E-8504910  5 2602
 360000000. 6.82816E-8 400000000. 8.60387E-8 440000000. 8.92336E-8504910  5 2603
 480000000. 8.54647E-8 520000000. 8.45127E-8 560000000. 8.84565E-8504910  5 2604
 600000000. 8.97770E-8 640000000. 9.33182E-8 680000000. 9.32153E-8504910  5 2605
 720000000. 8.20140E-8 760000000. 8.74951E-8 800000000. 9.55759E-8504910  5 2606
 840000000. 8.71604E-8 880000000. 8.26101E-8 920000000. 8.73606E-8504910  5 2607
 960000000. 8.24525E-8 1.00000E+9 0.0                             504910  5 2608
 0.0        0.0             49105          0          1         23504910  5 2609
         23          1                                            504910  5 2610
 160000000. 2.53099E-8 180000000. 6.90456E-8 200000000. 1.42184E-7504910  5 2611
 240000000. 2.68322E-7 280000000. 4.06202E-7 320000000. 5.03401E-7504910  5 2612
 360000000. 5.66854E-7 400000000. 6.06096E-7 440000000. 6.35363E-7504910  5 2613
 480000000. 6.49614E-7 520000000. 6.41132E-7 560000000. 6.66563E-7504910  5 2614
 600000000. 6.66139E-7 640000000. 6.33758E-7 680000000. 6.17002E-7504910  5 2615
 720000000. 6.08657E-7 760000000. 5.87154E-7 800000000. 5.55753E-7504910  5 2616
 840000000. 5.37121E-7 880000000. 5.30732E-7 920000000. 5.17896E-7504910  5 2617
 960000000. 4.87920E-7 1.00000E+9 0.0                             504910  5 2618
 0.0        0.0             49106          0          1         24504910  5 2619
         24          1                                            504910  5 2620
 140000000. 1.19357E-7 160000000. 3.45482E-7 180000000. 5.71038E-7504910  5 2621
 200000000. 1.02473E-6 240000000. 1.66354E-6 280000000. 2.05084E-6504910  5 2622
 320000000. 2.26710E-6 360000000. 2.46569E-6 400000000. 2.57402E-6504910  5 2623
 440000000. 2.61018E-6 480000000. 2.56670E-6 520000000. 2.50481E-6504910  5 2624
 560000000. 2.44944E-6 600000000. 2.39597E-6 640000000. 2.33040E-6504910  5 2625
 680000000. 2.27773E-6 720000000. 2.23332E-6 760000000. 2.14110E-6504910  5 2626
 800000000. 2.04689E-6 840000000. 1.95500E-6 880000000. 1.92434E-6504910  5 2627
 920000000. 1.88077E-6 960000000. 1.78648E-6 1.00000E+9 0.0       504910  5 2628
 0.0        0.0             49107          0          1         25504910  5 2629
         25          1                                            504910  5 2630
 120000000. 3.17783E-7 140000000. 1.10125E-6 160000000. 1.82031E-6504910  5 2631
 180000000. 2.54662E-6 200000000. 4.00336E-6 240000000. 5.39668E-6504910  5 2632
 280000000. 5.98504E-6 320000000. 6.25185E-6 360000000. 6.31326E-6504910  5 2633
 400000000. 6.32111E-6 440000000. 6.28767E-6 480000000. 6.15500E-6504910  5 2634
 520000000. 6.01096E-6 560000000. 5.86151E-6 600000000. 5.68248E-6504910  5 2635
 640000000. 5.46027E-6 680000000. 5.20930E-6 720000000. 4.98245E-6504910  5 2636
 760000000. 4.79773E-6 800000000. 4.59823E-6 840000000. 4.40774E-6504910  5 2637
 880000000. 4.22935E-6 920000000. 4.07418E-6 960000000. 4.03097E-6504910  5 2638
 1.00000E+9 0.0                                                   504910  5 2639
 0.0        0.0             49108          0          1         25504910  5 2640
         25          1                                            504910  5 2641
 120000000. 2.25456E-6 140000000. 4.04625E-6 160000000. 5.52792E-6504910  5 2642
 180000000. 7.77895E-6 200000000. 1.01375E-5 240000000. 1.17937E-5504910  5 2643
 280000000. 1.22391E-5 320000000. 1.21209E-5 360000000. 1.19336E-5504910  5 2644
 400000000. 1.17559E-5 440000000. 1.15679E-5 480000000. 1.11706E-5504910  5 2645
 520000000. 1.07133E-5 560000000. 1.04736E-5 600000000. 1.00578E-5504910  5 2646
 640000000. 9.43590E-6 680000000. 8.96701E-6 720000000. 8.53559E-6504910  5 2647
 760000000. 8.24092E-6 800000000. 7.96149E-6 840000000. 7.56937E-6504910  5 2648
 880000000. 7.23700E-6 920000000. 7.05016E-6 960000000. 6.82792E-6504910  5 2649
 1.00000E+9 0.0                                                   504910  5 2650
 0.0        0.0             49109          0          1         26504910  5 2651
         26          1                                            504910  5 2652
 100000000. 3.75427E-6 120000000. 7.27260E-6 140000000. 9.14725E-6504910  5 2653
 160000000. 1.28630E-5 180000000. 1.64440E-5 200000000. 1.88616E-5504910  5 2654
 240000000. 1.96968E-5 280000000. 1.92752E-5 320000000. 1.86003E-5504910  5 2655
 360000000. 1.79504E-5 400000000. 1.74140E-5 440000000. 1.68693E-5504910  5 2656
 480000000. 1.63385E-5 520000000. 1.56399E-5 560000000. 1.49760E-5504910  5 2657
 600000000. 1.42732E-5 640000000. 1.34880E-5 680000000. 1.28166E-5504910  5 2658
 720000000. 1.21575E-5 760000000. 1.15682E-5 800000000. 1.10888E-5504910  5 2659
 840000000. 1.07464E-5 880000000. 1.04052E-5 920000000. 1.00003E-5504910  5 2660
 960000000. 9.72623E-6 1.00000E+9 0.0                             504910  5 2661
 0.0        0.0             49110          0          1         28504910  5 2662
         28          1                                            504910  5 2663
 80000000.0 1.58641E-6 90000000.0 6.76022E-6 100000000. 1.10402E-5504910  5 2664
 120000000. 1.28410E-5 140000000. 1.76028E-5 160000000. 2.30880E-5504910  5 2665
 180000000. 2.59704E-5 200000000. 2.72858E-5 240000000. 2.68790E-5504910  5 2666
 280000000. 2.56116E-5 320000000. 2.43584E-5 360000000. 2.33467E-5504910  5 2667
 400000000. 2.23807E-5 440000000. 2.12733E-5 480000000. 2.02583E-5504910  5 2668
 520000000. 1.92261E-5 560000000. 1.84082E-5 600000000. 1.74959E-5504910  5 2669
 640000000. 1.64737E-5 680000000. 1.55286E-5 720000000. 1.49275E-5504910  5 2670
 760000000. 1.44219E-5 800000000. 1.37299E-5 840000000. 1.31497E-5504910  5 2671
 880000000. 1.27801E-5 920000000. 1.23977E-5 960000000. 1.20686E-5504910  5 2672
 1.00000E+9 0.0                                                   504910  5 2673
 0.0        0.0             49111          0          1         29504910  5 2674
         29          1                                            504910  5 2675
 70000000.0 4.89753E-6 80000000.0 1.39699E-5 90000000.0 1.76054E-5504910  5 2676
 100000000. 1.61163E-5 120000000. 1.99937E-5 140000000. 2.74005E-5504910  5 2677
 160000000. 3.14151E-5 180000000. 3.31345E-5 200000000. 3.32158E-5504910  5 2678
 240000000. 3.18452E-5 280000000. 2.99496E-5 320000000. 2.81816E-5504910  5 2679
 360000000. 2.68828E-5 400000000. 2.55793E-5 440000000. 2.41381E-5504910  5 2680
 480000000. 2.29307E-5 520000000. 2.15742E-5 560000000. 2.04103E-5504910  5 2681
 600000000. 1.93009E-5 640000000. 1.81427E-5 680000000. 1.72020E-5504910  5 2682
 720000000. 1.64753E-5 760000000. 1.60797E-5 800000000. 1.53712E-5504910  5 2683
 840000000. 1.46580E-5 880000000. 1.41771E-5 920000000. 1.37510E-5504910  5 2684
 960000000. 1.34973E-5 1.00000E+9 0.0                             504910  5 2685
 0.0        0.0             49112          0          1         31504910  5 2686
         31          1                                            504910  5 2687
 55000000.0 6.39016E-7 60000000.0 9.76295E-6 70000000.0 2.06772E-5504910  5 2688
 80000000.0 1.95017E-5 90000000.0 1.52352E-5 100000000. 1.89074E-5504910  5 2689
 120000000. 2.76363E-5 140000000. 3.33924E-5 160000000. 3.56615E-5504910  5 2690
 180000000. 3.64457E-5 200000000. 3.57849E-5 240000000. 3.34225E-5504910  5 2691
 280000000. 3.11715E-5 320000000. 2.96799E-5 360000000. 2.83174E-5504910  5 2692
 400000000. 2.69037E-5 440000000. 2.54439E-5 480000000. 2.41166E-5504910  5 2693
 520000000. 2.28679E-5 560000000. 2.16991E-5 600000000. 2.07173E-5504910  5 2694
 640000000. 1.95364E-5 680000000. 1.85597E-5 720000000. 1.79524E-5504910  5 2695
 760000000. 1.71610E-5 800000000. 1.65442E-5 840000000. 1.61623E-5504910  5 2696
 880000000. 1.57225E-5 920000000. 1.53120E-5 960000000. 1.49739E-5504910  5 2697
 1.00000E+9 0.0                                                   504910  5 2698
 0.0        0.0             49113          0          1         34504910  5 2699
         34          1                                            504910  5 2700
 45000000.0 1.29810E-6 50000000.0 5.93046E-6 54000000.0 1.03607E-5504910  5 2701
 55000000.0 1.59896E-5 60000000.0 2.03572E-5 70000000.0 1.66152E-5504910  5 2702
 80000000.0 1.32164E-5 90000000.0 1.61833E-5 100000000. 2.41591E-5504910  5 2703
 120000000. 3.19191E-5 140000000. 3.51320E-5 160000000. 3.62764E-5504910  5 2704
 180000000. 3.64494E-5 200000000. 3.54300E-5 240000000. 3.33288E-5504910  5 2705
 280000000. 3.11431E-5 320000000. 2.95370E-5 360000000. 2.80644E-5504910  5 2706
 400000000. 2.68278E-5 440000000. 2.56170E-5 480000000. 2.44320E-5504910  5 2707
 520000000. 2.32417E-5 560000000. 2.21296E-5 600000000. 2.10667E-5504910  5 2708
 640000000. 2.01524E-5 680000000. 1.93796E-5 720000000. 1.87235E-5504910  5 2709
 760000000. 1.81178E-5 800000000. 1.73194E-5 840000000. 1.68528E-5504910  5 2710
 880000000. 1.66790E-5 920000000. 1.64045E-5 960000000. 1.60098E-5504910  5 2711
 1.00000E+9 0.0                                                   504910  5 2712
 0.0        0.0             49114          0          1         36504910  5 2713
         36          1                                            504910  5 2714
 35000000.0 1.85083E-6 40000000.0 7.73719E-6 45000000.0 1.45151E-5504910  5 2715
 50000000.0 1.67758E-5 54000000.0 1.60063E-5 55000000.0 1.37462E-5504910  5 2716
 60000000.0 1.00972E-5 70000000.0 9.55147E-6 80000000.0 1.41572E-5504910  5 2717
 90000000.0 2.05885E-5 100000000. 2.69265E-5 120000000. 3.18219E-5504910  5 2718
 140000000. 3.37975E-5 160000000. 3.42837E-5 180000000. 3.40629E-5504910  5 2719
 200000000. 3.28976E-5 240000000. 3.10930E-5 280000000. 2.97067E-5504910  5 2720
 320000000. 2.84854E-5 360000000. 2.73599E-5 400000000. 2.62172E-5504910  5 2721
 440000000. 2.53382E-5 480000000. 2.42897E-5 520000000. 2.30987E-5504910  5 2722
 560000000. 2.20023E-5 600000000. 2.10380E-5 640000000. 2.03527E-5504910  5 2723
 680000000. 1.97676E-5 720000000. 1.91783E-5 760000000. 1.86300E-5504910  5 2724
 800000000. 1.81718E-5 840000000. 1.77119E-5 880000000. 1.73092E-5504910  5 2725
 920000000. 1.70214E-5 960000000. 1.68180E-5 1.00000E+9 0.0       504910  5 2726
 0.0        0.0             49115          0          1         37504910  5 2727
         37          1                                            504910  5 2728
 30000000.0 5.98216E-6 35000000.0 9.65702E-6 40000000.0 9.16921E-6504910  5 2729
 45000000.0 6.64161E-6 50000000.0 5.03471E-6 54000000.0 4.47417E-6504910  5 2730
 55000000.0 4.45587E-6 60000000.0 6.02921E-6 70000000.0 1.07578E-5504910  5 2731
 80000000.0 1.70624E-5 90000000.0 2.22338E-5 100000000. 2.65399E-5504910  5 2732
 120000000. 2.98353E-5 140000000. 3.08988E-5 160000000. 3.08775E-5504910  5 2733
 180000000. 3.07033E-5 200000000. 2.99016E-5 240000000. 2.85417E-5504910  5 2734
 280000000. 2.75067E-5 320000000. 2.66263E-5 360000000. 2.57495E-5504910  5 2735
 400000000. 2.49239E-5 440000000. 2.41514E-5 480000000. 2.34243E-5504910  5 2736
 520000000. 2.27795E-5 560000000. 2.20121E-5 600000000. 2.11213E-5504910  5 2737
 640000000. 2.03943E-5 680000000. 1.98807E-5 720000000. 1.94983E-5504910  5 2738
 760000000. 1.92062E-5 800000000. 1.89331E-5 840000000. 1.86725E-5504910  5 2739
 880000000. 1.83966E-5 920000000. 1.81199E-5 960000000. 1.78991E-5504910  5 2740
 1.00000E+9 0.0                                                   504910  5 2741
 0.0        0.0             49116          0          1         37504910  5 2742
         37          1                                            504910  5 2743
 30000000.0 3.29549E-6 35000000.0 1.99119E-6 40000000.0 1.38295E-6504910  5 2744
 45000000.0 1.53328E-6 50000000.0 2.25007E-6 54000000.0 2.84391E-6504910  5 2745
 55000000.0 4.08996E-6 60000000.0 7.70628E-6 70000000.0 1.30827E-5504910  5 2746
 80000000.0 1.80185E-5 90000000.0 2.17135E-5 100000000. 2.46891E-5504910  5 2747
 120000000. 2.67267E-5 140000000. 2.74435E-5 160000000. 2.75639E-5504910  5 2748
 180000000. 2.74584E-5 200000000. 2.68996E-5 240000000. 2.61807E-5504910  5 2749
 280000000. 2.57165E-5 320000000. 2.53595E-5 360000000. 2.47595E-5504910  5 2750
 400000000. 2.41016E-5 440000000. 2.35896E-5 480000000. 2.31929E-5504910  5 2751
 520000000. 2.27265E-5 560000000. 2.21697E-5 600000000. 2.15951E-5504910  5 2752
 640000000. 2.10556E-5 680000000. 2.07504E-5 720000000. 2.04474E-5504910  5 2753
 760000000. 2.01443E-5 800000000. 1.99667E-5 840000000. 1.96875E-5504910  5 2754
 880000000. 1.93972E-5 920000000. 1.92702E-5 960000000. 1.90543E-5504910  5 2755
 1.00000E+9 0.0                                                   504910  5 2756
 0.0        0.0             49117          0          1         37504910  5 2757
         37          1                                            504910  5 2758
 30000000.0 1.89293E-7 35000000.0 3.16669E-7 40000000.0 8.91335E-7504910  5 2759
 45000000.0 2.34073E-6 50000000.0 4.66666E-6 54000000.0 6.23460E-6504910  5 2760
 55000000.0 7.69726E-6 60000000.0 1.04951E-5 70000000.0 1.43566E-5504910  5 2761
 80000000.0 1.82906E-5 90000000.0 2.08326E-5 100000000. 2.25777E-5504910  5 2762
 120000000. 2.37710E-5 140000000. 2.41595E-5 160000000. 2.41647E-5504910  5 2763
 180000000. 2.40927E-5 200000000. 2.41028E-5 240000000. 2.40794E-5504910  5 2764
 280000000. 2.41246E-5 320000000. 2.41698E-5 360000000. 2.39683E-5504910  5 2765
 400000000. 2.38503E-5 440000000. 2.37782E-5 480000000. 2.33769E-5504910  5 2766
 520000000. 2.31111E-5 560000000. 2.30620E-5 600000000. 2.29987E-5504910  5 2767
 640000000. 2.27721E-5 680000000. 2.24154E-5 720000000. 2.22922E-5504910  5 2768
 760000000. 2.21832E-5 800000000. 2.18898E-5 840000000. 2.16918E-5504910  5 2769
 880000000. 2.14391E-5 920000000. 2.12761E-5 960000000. 2.12972E-5504910  5 2770
 1.00000E+9 0.0                                                   504910  5 2771
 0.0        0.0             49118          0          1         37504910  5 2772
         37          1                                            504910  5 2773
 30000000.0 1.44390E-7 35000000.0 1.04466E-6 40000000.0 3.67223E-6504910  5 2774
 45000000.0 7.48450E-6 50000000.0 1.04387E-5 54000000.0 1.15765E-5504910  5 2775
 55000000.0 1.22617E-5 60000000.0 1.31451E-5 70000000.0 1.50409E-5504910  5 2776
 80000000.0 1.74344E-5 90000000.0 1.87829E-5 100000000. 1.96037E-5504910  5 2777
 120000000. 1.99108E-5 140000000. 2.01575E-5 160000000. 2.04708E-5504910  5 2778
 180000000. 2.06661E-5 200000000. 2.09569E-5 240000000. 2.15630E-5504910  5 2779
 280000000. 2.23027E-5 320000000. 2.29964E-5 360000000. 2.34937E-5504910  5 2780
 400000000. 2.37624E-5 440000000. 2.41976E-5 480000000. 2.47162E-5504910  5 2781
 520000000. 2.51927E-5 560000000. 2.54576E-5 600000000. 2.55701E-5504910  5 2782
 640000000. 2.57980E-5 680000000. 2.58029E-5 720000000. 2.56059E-5504910  5 2783
 760000000. 2.55644E-5 800000000. 2.55819E-5 840000000. 2.54422E-5504910  5 2784
 880000000. 2.51843E-5 920000000. 2.49916E-5 960000000. 2.49080E-5504910  5 2785
 1.00000E+9 0.0                                                   504910  5 2786
 0.0        0.0             49119          0          1         37504910  5 2787
         37          1                                            504910  5 2788
 30000000.0 3.70060E-6 35000000.0 9.89921E-6 40000000.0 1.58549E-5504910  5 2789
 45000000.0 1.98918E-5 50000000.0 2.19939E-5 54000000.0 2.26696E-5504910  5 2790
 55000000.0 2.26043E-5 60000000.0 2.24982E-5 70000000.0 2.33986E-5504910  5 2791
 80000000.0 2.50143E-5 90000000.0 2.59997E-5 100000000. 2.68603E-5504910  5 2792
 120000000. 2.78876E-5 140000000. 2.87877E-5 160000000. 2.93789E-5504910  5 2793
 180000000. 3.02458E-5 200000000. 3.18927E-5 240000000. 3.38392E-5504910  5 2794
 280000000. 3.57600E-5 320000000. 3.77852E-5 360000000. 3.95091E-5504910  5 2795
 400000000. 4.10881E-5 440000000. 4.29758E-5 480000000. 4.50326E-5504910  5 2796
 520000000. 4.70920E-5 560000000. 4.94219E-5 600000000. 5.15380E-5504910  5 2797
 640000000. 5.30760E-5 680000000. 5.43604E-5 720000000. 5.52166E-5504910  5 2798
 760000000. 5.56228E-5 800000000. 5.56966E-5 840000000. 5.54478E-5504910  5 2799
 880000000. 5.50720E-5 920000000. 5.47895E-5 960000000. 5.45834E-5504910  5 2800
 1.00000E+9 0.0                                                   504910  5 2801
 0.0        0.0             49120          0          1         19504910  5 2802
         19          1                                            504910  5 2803
 280000000. 1.10232E-8 320000000. 1.53233E-8 360000000. 2.60400E-8504910  5 2804
 400000000. 3.73256E-8 440000000. 4.81943E-8 480000000. 7.05106E-8504910  5 2805
 520000000. 7.76622E-8 560000000. 8.33592E-8 600000000. 9.35795E-8504910  5 2806
 640000000. 9.71839E-8 680000000. 1.00245E-7 720000000. 1.01335E-7504910  5 2807
 760000000. 1.08923E-7 800000000. 1.15699E-7 840000000. 1.15075E-7504910  5 2808
 880000000. 1.19011E-7 920000000. 1.28435E-7 960000000. 1.28866E-7504910  5 2809
 1.00000E+9 0.0                                                   504910  5 2810
 0.0        0.0             50105          0          1         17504910  5 2811
         17          1                                            504910  5 2812
 360000000. 5.93000E-9 400000000. 5.93000E-9 440000000. 5.93000E-9504910  5 2813
 480000000. 5.93000E-9 520000000. 5.93000E-9 560000000. 5.93000E-9504910  5 2814
 600000000. 5.93000E-9 640000000. 5.93000E-9 680000000. 5.93000E-9504910  5 2815
 720000000. 5.93000E-9 760000000. 5.93000E-9 800000000. 5.93000E-9504910  5 2816
 840000000. 5.93000E-9 880000000. 5.93000E-9 920000000. 5.93000E-9504910  5 2817
 960000000. 5.93000E-9 1.00000E+9 0.0                             504910  5 2818
 0.0        0.0             50106          0          1         20504910  5 2819
         20          1                                            504910  5 2820
 240000000. 1.62902E-8 280000000. 1.75289E-8 320000000. 2.17466E-8504910  5 2821
 360000000. 2.55986E-8 400000000. 2.40913E-8 440000000. 2.86772E-8504910  5 2822
 480000000. 3.22204E-8 520000000. 2.63248E-8 560000000. 2.46369E-8504910  5 2823
 600000000. 2.35786E-8 640000000. 1.85639E-8 680000000. 1.73435E-8504910  5 2824
 720000000. 1.87138E-8 760000000. 2.20324E-8 800000000. 2.21211E-8504910  5 2825
 840000000. 1.82101E-8 880000000. 1.49744E-8 920000000. 2.14696E-8504910  5 2826
 960000000. 2.35793E-8 1.00000E+9 0.0                             504910  5 2827
 0.0        0.0             50107          0          1         22504910  5 2828
         22          1                                            504910  5 2829
 180000000. 5.67603E-8 200000000. 1.21497E-7 240000000. 1.74983E-7504910  5 2830
 280000000. 2.04286E-7 320000000. 2.06454E-7 360000000. 2.11064E-7504910  5 2831
 400000000. 2.28753E-7 440000000. 2.17008E-7 480000000. 1.96973E-7504910  5 2832
 520000000. 2.05850E-7 560000000. 2.08663E-7 600000000. 1.81538E-7504910  5 2833
 640000000. 1.72001E-7 680000000. 1.79253E-7 720000000. 1.74985E-7504910  5 2834
 760000000. 1.66039E-7 800000000. 1.65744E-7 840000000. 1.69645E-7504910  5 2835
 880000000. 1.61401E-7 920000000. 1.35710E-7 960000000. 1.34005E-7504910  5 2836
 1.00000E+9 0.0                                                   504910  5 2837
 0.0        0.0             50108          0          1         24504910  5 2838
         24          1                                            504910  5 2839
 140000000. 7.66959E-8 160000000. 3.35731E-7 180000000. 7.05526E-7504910  5 2840
 200000000. 1.02824E-6 240000000. 1.21043E-6 280000000. 1.20777E-6504910  5 2841
 320000000. 1.14165E-6 360000000. 1.11630E-6 400000000. 1.13060E-6504910  5 2842
 440000000. 1.11399E-6 480000000. 1.10228E-6 520000000. 1.08261E-6504910  5 2843
 560000000. 9.85826E-7 600000000. 9.29221E-7 640000000. 8.96392E-7504910  5 2844
 680000000. 8.32200E-7 720000000. 8.28806E-7 760000000. 8.20532E-7504910  5 2845
 800000000. 7.87966E-7 840000000. 7.59381E-7 880000000. 7.24195E-7504910  5 2846
 920000000. 6.83465E-7 960000000. 6.48236E-7 1.00000E+9 0.0       504910  5 2847
 0.0        0.0             50109          0          1         25504910  5 2848
         25          1                                            504910  5 2849
 120000000. 1.93729E-7 140000000. 1.12279E-6 160000000. 2.57644E-6504910  5 2850
 180000000. 3.60796E-6 200000000. 4.05947E-6 240000000. 4.06516E-6504910  5 2851
 280000000. 3.80733E-6 320000000. 3.56159E-6 360000000. 3.42426E-6504910  5 2852
 400000000. 3.30997E-6 440000000. 3.20490E-6 480000000. 3.08410E-6504910  5 2853
 520000000. 2.94017E-6 560000000. 2.74848E-6 600000000. 2.55228E-6504910  5 2854
 640000000. 2.43845E-6 680000000. 2.27524E-6 720000000. 2.11525E-6504910  5 2855
 760000000. 2.06426E-6 800000000. 2.01960E-6 840000000. 1.91861E-6504910  5 2856
 880000000. 1.82644E-6 920000000. 1.75220E-6 960000000. 1.68576E-6504910  5 2857
 1.00000E+9 0.0                                                   504910  5 2858
 0.0        0.0             50110          0          1         25504910  5 2859
         25          1                                            504910  5 2860
 120000000. 2.53622E-6 140000000. 6.60357E-6 160000000. 9.46029E-6504910  5 2861
 180000000. 1.01107E-5 200000000. 9.86124E-6 240000000. 9.17629E-6504910  5 2862
 280000000. 8.37687E-6 320000000. 7.79146E-6 360000000. 7.18779E-6504910  5 2863
 400000000. 6.86008E-6 440000000. 6.53779E-6 480000000. 6.10253E-6504910  5 2864
 520000000. 5.68793E-6 560000000. 5.24925E-6 600000000. 4.83937E-6504910  5 2865
 640000000. 4.57457E-6 680000000. 4.27137E-6 720000000. 3.90642E-6504910  5 2866
 760000000. 3.80678E-6 800000000. 3.70703E-6 840000000. 3.53336E-6504910  5 2867
 880000000. 3.41141E-6 920000000. 3.27880E-6 960000000. 3.17894E-6504910  5 2868
 1.00000E+9 0.0                                                   504910  5 2869
 0.0        0.0             50111          0          1         27504910  5 2870
         27          1                                            504910  5 2871
 90000000.0 3.10585E-7 100000000. 4.10976E-6 120000000. 1.29619E-5504910  5 2872
 140000000. 1.94463E-5 160000000. 2.04673E-5 180000000. 2.01584E-5504910  5 2873
 200000000. 1.87997E-5 240000000. 1.65261E-5 280000000. 1.46510E-5504910  5 2874
 320000000. 1.32707E-5 360000000. 1.23068E-5 400000000. 1.13511E-5504910  5 2875
 440000000. 1.04458E-5 480000000. 9.60179E-6 520000000. 8.82613E-6504910  5 2876
 560000000. 8.17150E-6 600000000. 7.43667E-6 640000000. 6.89942E-6504910  5 2877
 680000000. 6.52975E-6 720000000. 6.10830E-6 760000000. 5.85009E-6504910  5 2878
 800000000. 5.63151E-6 840000000. 5.35584E-6 880000000. 5.14273E-6504910  5 2879
 920000000. 4.97862E-6 960000000. 4.88205E-6 1.00000E+9 0.0       504910  5 2880
 0.0        0.0             50112          0          1         28504910  5 2881
         28          1                                            504910  5 2882
 80000000.0 1.16478E-6 90000000.0 5.35338E-6 100000000. 2.01329E-5504910  5 2883
 120000000. 3.39083E-5 140000000. 3.50738E-5 160000000. 3.34869E-5504910  5 2884
 180000000. 3.14952E-5 200000000. 2.83879E-5 240000000. 2.43273E-5504910  5 2885
 280000000. 2.12074E-5 320000000. 1.91432E-5 360000000. 1.76274E-5504910  5 2886
 400000000. 1.62187E-5 440000000. 1.49028E-5 480000000. 1.37311E-5504910  5 2887
 520000000. 1.26043E-5 560000000. 1.16096E-5 600000000. 1.07776E-5504910  5 2888
 640000000. 9.91677E-6 680000000. 9.30442E-6 720000000. 8.89429E-6504910  5 2889
 760000000. 8.47151E-6 800000000. 7.99878E-6 840000000. 7.67327E-6504910  5 2890
 880000000. 7.49037E-6 920000000. 7.33655E-6 960000000. 7.07783E-6504910  5 2891
 1.00000E+9 0.0                                                   504910  5 2892
 0.0        0.0             50113          0          1         29504910  5 2893
         29          1                                            504910  5 2894
 70000000.0 3.19674E-6 80000000.0 1.44169E-5 90000000.0 3.48404E-5504910  5 2895
 100000000. 5.02077E-5 120000000. 5.26692E-5 140000000. 4.90762E-5504910  5 2896
 160000000. 4.51992E-5 180000000. 4.17033E-5 200000000. 3.68489E-5504910  5 2897
 240000000. 3.14897E-5 280000000. 2.77498E-5 320000000. 2.51364E-5504910  5 2898
 360000000. 2.30001E-5 400000000. 2.10020E-5 440000000. 1.93540E-5504910  5 2899
 480000000. 1.78061E-5 520000000. 1.64474E-5 560000000. 1.51248E-5504910  5 2900
 600000000. 1.38973E-5 640000000. 1.31183E-5 680000000. 1.24522E-5504910  5 2901
 720000000. 1.16206E-5 760000000. 1.10931E-5 800000000. 1.07993E-5504910  5 2902
 840000000. 1.03944E-5 880000000. 1.01232E-5 920000000. 9.85243E-6504910  5 2903
 960000000. 9.50261E-6 1.00000E+9 0.0                             504910  5 2904
 0.0        0.0             50114          0          1         32504910  5 2905
         32          1                                            504910  5 2906
 54000000.0 2.76768E-7 55000000.0 1.24389E-6 60000000.0 7.02618E-6504910  5 2907
 70000000.0 3.06821E-5 80000000.0 6.26600E-5 90000000.0 7.61572E-5504910  5 2908
 100000000. 7.28936E-5 120000000. 6.54886E-5 140000000. 5.89664E-5504910  5 2909
 160000000. 5.35702E-5 180000000. 4.88841E-5 200000000. 4.31436E-5504910  5 2910
 240000000. 3.70898E-5 280000000. 3.30530E-5 320000000. 3.00477E-5504910  5 2911
 360000000. 2.75415E-5 400000000. 2.51711E-5 440000000. 2.31196E-5504910  5 2912
 480000000. 2.13465E-5 520000000. 1.96636E-5 560000000. 1.81499E-5504910  5 2913
 600000000. 1.69643E-5 640000000. 1.60413E-5 680000000. 1.52579E-5504910  5 2914
 720000000. 1.45848E-5 760000000. 1.38888E-5 800000000. 1.34608E-5504910  5 2915
 840000000. 1.30748E-5 880000000. 1.26227E-5 920000000. 1.23612E-5504910  5 2916
 960000000. 1.20877E-5 1.00000E+9 0.0                             504910  5 2917
 0.0        0.0             50115          0          1         34504910  5 2918
         34          1                                            504910  5 2919
 45000000.0 2.14537E-6 50000000.0 5.25641E-6 54000000.0 7.71392E-6504910  5 2920
 55000000.0 1.57233E-5 60000000.0 5.28935E-5 70000000.0 9.20655E-5504910  5 2921
 80000000.0 9.76644E-5 90000000.0 9.15592E-5 100000000. 8.28883E-5504910  5 2922
 120000000. 7.30867E-5 140000000. 6.52267E-5 160000000. 5.87298E-5504910  5 2923
 180000000. 5.34442E-5 200000000. 4.74781E-5 240000000. 4.14890E-5504910  5 2924
 280000000. 3.74077E-5 320000000. 3.41526E-5 360000000. 3.12306E-5504910  5 2925
 400000000. 2.86329E-5 440000000. 2.64098E-5 480000000. 2.44885E-5504910  5 2926
 520000000. 2.27335E-5 560000000. 2.12473E-5 600000000. 2.01444E-5504910  5 2927
 640000000. 1.90797E-5 680000000. 1.81713E-5 720000000. 1.75158E-5504910  5 2928
 760000000. 1.70121E-5 800000000. 1.64243E-5 840000000. 1.60170E-5504910  5 2929
 880000000. 1.57729E-5 920000000. 1.54723E-5 960000000. 1.52741E-5504910  5 2930
 1.00000E+9 0.0                                                   504910  5 2931
 0.0        0.0             50116          0          1         36504910  5 2932
         36          1                                            504910  5 2933
 35000000.0 2.25001E-6 40000000.0 7.30514E-6 45000000.0 2.63468E-5504910  5 2934
 50000000.0 6.03146E-5 54000000.0 8.32797E-5 55000000.0 1.01668E-4504910  5 2935
 60000000.0 1.17294E-4 70000000.0 1.13558E-4 80000000.0 1.04649E-4504910  5 2936
 90000000.0 9.69056E-5 100000000. 8.69330E-5 120000000. 7.60344E-5504910  5 2937
 140000000. 6.75023E-5 160000000. 6.09717E-5 180000000. 5.58589E-5504910  5 2938
 200000000. 5.05516E-5 240000000. 4.53320E-5 280000000. 4.13156E-5504910  5 2939
 320000000. 3.80392E-5 360000000. 3.51382E-5 400000000. 3.26023E-5504910  5 2940
 440000000. 3.04810E-5 480000000. 2.85563E-5 520000000. 2.67765E-5504910  5 2941
 560000000. 2.51632E-5 600000000. 2.37396E-5 640000000. 2.26676E-5504910  5 2942
 680000000. 2.19480E-5 720000000. 2.12391E-5 760000000. 2.06159E-5504910  5 2943
 800000000. 2.01832E-5 840000000. 1.98594E-5 880000000. 1.94998E-5504910  5 2944
 920000000. 1.91954E-5 960000000. 1.90536E-5 1.00000E+9 0.0       504910  5 2945
 0.0        0.0             50117          0          1         37504910  5 2946
         37          1                                            504910  5 2947
 30000000.0 7.09510E-6 35000000.0 4.05093E-5 40000000.0 1.02533E-4504910  5 2948
 45000000.0 1.48841E-4 50000000.0 1.61041E-4 54000000.0 1.59288E-4504910  5 2949
 55000000.0 1.51555E-4 60000000.0 1.34802E-4 70000000.0 1.18786E-4504910  5 2950
 80000000.0 1.08030E-4 90000000.0 9.90921E-5 100000000. 8.88309E-5504910  5 2951
 120000000. 7.80262E-5 140000000. 7.00482E-5 160000000. 6.38810E-5504910  5 2952
 180000000. 5.92937E-5 200000000. 5.47891E-5 240000000. 5.00025E-5504910  5 2953
 280000000. 4.62896E-5 320000000. 4.35123E-5 360000000. 4.10382E-5504910  5 2954
 400000000. 3.85194E-5 440000000. 3.62611E-5 480000000. 3.44620E-5504910  5 2955
 520000000. 3.27129E-5 560000000. 3.09714E-5 600000000. 2.95282E-5504910  5 2956
 640000000. 2.82818E-5 680000000. 2.72865E-5 720000000. 2.67500E-5504910  5 2957
 760000000. 2.64041E-5 800000000. 2.60653E-5 840000000. 2.57349E-5504910  5 2958
 880000000. 2.54185E-5 920000000. 2.51926E-5 960000000. 2.50593E-5504910  5 2959
 1.00000E+9 0.0                                                   504910  5 2960
 0.0        0.0             50118          0          1         37504910  5 2961
         37          1                                            504910  5 2962
 30000000.0 1.59810E-4 35000000.0 2.19154E-4 40000000.0 2.21013E-4504910  5 2963
 45000000.0 2.03717E-4 50000000.0 1.86889E-4 54000000.0 1.78060E-4504910  5 2964
 55000000.0 1.67750E-4 60000000.0 1.45788E-4 70000000.0 1.25505E-4504910  5 2965
 80000000.0 1.14129E-4 90000000.0 1.05620E-4 100000000. 9.57802E-5504910  5 2966
 120000000. 8.49567E-5 140000000. 7.70267E-5 160000000. 7.10707E-5504910  5 2967
 180000000. 6.69810E-5 200000000. 6.27691E-5 240000000. 5.81839E-5504910  5 2968
 280000000. 5.47588E-5 320000000. 5.19208E-5 360000000. 4.94438E-5504910  5 2969
 400000000. 4.71979E-5 440000000. 4.52645E-5 480000000. 4.32820E-5504910  5 2970
 520000000. 4.13657E-5 560000000. 3.98252E-5 600000000. 3.83952E-5504910  5 2971
 640000000. 3.74136E-5 680000000. 3.70465E-5 720000000. 3.66011E-5504910  5 2972
 760000000. 3.61926E-5 800000000. 3.59113E-5 840000000. 3.56647E-5504910  5 2973
 880000000. 3.56648E-5 920000000. 3.56404E-5 960000000. 3.55711E-5504910  5 2974
 1.00000E+9 0.0                                                   504910  5 2975
 0.0        0.0             50119          0          1         37504910  5 2976
         37          1                                            504910  5 2977
 30000000.0 3.24486E-4 35000000.0 2.97918E-4 40000000.0 2.72379E-4504910  5 2978
 45000000.0 2.49929E-4 50000000.0 2.30112E-4 54000000.0 2.19157E-4504910  5 2979
 55000000.0 2.06795E-4 60000000.0 1.82601E-4 70000000.0 1.62945E-4504910  5 2980
 80000000.0 1.53053E-4 90000000.0 1.44594E-4 100000000. 1.34161E-4504910  5 2981
 120000000. 1.22425E-4 140000000. 1.13622E-4 160000000. 1.07301E-4504910  5 2982
 180000000. 1.02887E-4 200000000. 9.71463E-5 240000000. 9.08754E-5504910  5 2983
 280000000. 8.68043E-5 320000000. 8.40649E-5 360000000. 8.22586E-5504910  5 2984
 400000000. 8.04660E-5 440000000. 7.90393E-5 480000000. 7.76964E-5504910  5 2985
 520000000. 7.61534E-5 560000000. 7.47059E-5 600000000. 7.35124E-5504910  5 2986
 640000000. 7.26580E-5 680000000. 7.19113E-5 720000000. 7.15858E-5504910  5 2987
 760000000. 7.17006E-5 800000000. 7.16280E-5 840000000. 7.15958E-5504910  5 2988
 880000000. 7.16989E-5 920000000. 7.20009E-5 960000000. 7.23949E-5504910  5 2989
 1.00000E+9 0.0                                                   504910  5 2990
 0.0        0.0             50120          0          1         37504910  5 2991
         37          1                                            504910  5 2992
 30000000.0 9.67408E-5 35000000.0 7.43375E-5 40000000.0 5.87079E-5504910  5 2993
 45000000.0 4.75566E-5 50000000.0 4.01810E-5 54000000.0 3.67853E-5504910  5 2994
 55000000.0 3.36608E-5 60000000.0 2.77340E-5 70000000.0 2.20982E-5504910  5 2995
 80000000.0 1.84649E-5 90000000.0 1.60158E-5 100000000. 1.36410E-5504910  5 2996
 120000000. 1.12923E-5 140000000. 9.66461E-6 160000000. 8.69274E-6504910  5 2997
 180000000. 8.12718E-6 200000000. 7.36626E-6 240000000. 6.41609E-6504910  5 2998
 280000000. 5.79294E-6 320000000. 5.41513E-6 360000000. 5.08178E-6504910  5 2999
 400000000. 4.81856E-6 440000000. 4.55481E-6 480000000. 4.37132E-6504910  5 3000
 520000000. 4.31646E-6 560000000. 4.33507E-6 600000000. 4.37979E-6504910  5 3001
 640000000. 4.50299E-6 680000000. 4.63505E-6 720000000. 4.73473E-6504910  5 3002
 760000000. 4.83405E-6 800000000. 4.91279E-6 840000000. 4.97402E-6504910  5 3003
 880000000. 5.03050E-6 920000000. 5.08197E-6 960000000. 5.12041E-6504910  5 3004
 1.00000E+9 0.0                                                   504910  5 3005
 0.0        0.0             51108          0          1         21504910  5 3006
         21          1                                            504910  5 3007
 200000000. 6.40754E-9 240000000. 8.13021E-9 280000000. 8.77979E-9504910  5 3008
 320000000. 7.67334E-9 360000000. 7.13947E-9 400000000. 6.62874E-9504910  5 3009
 440000000. 6.26094E-9 480000000. 6.64867E-9 520000000. 7.03636E-9504910  5 3010
 560000000. 7.42402E-9 600000000. 7.32075E-9 640000000. 6.71556E-9504910  5 3011
 680000000. 6.41000E-9 720000000. 6.41000E-9 760000000. 6.41000E-9504910  5 3012
 800000000. 6.41000E-9 840000000. 6.41000E-9 880000000. 6.41000E-9504910  5 3013
 920000000. 6.41000E-9 960000000. 6.41000E-9 1.00000E+9 0.0       504910  5 3014
 0.0        0.0             51109          0          1         23504910  5 3015
         23          1                                            504910  5 3016
 160000000. 3.30336E-8 180000000. 4.37526E-8 200000000. 4.66869E-8504910  5 3017
 240000000. 4.77905E-8 280000000. 4.10382E-8 320000000. 3.88332E-8504910  5 3018
 360000000. 4.34474E-8 400000000. 4.33398E-8 440000000. 4.03489E-8504910  5 3019
 480000000. 3.59236E-8 520000000. 3.50579E-8 560000000. 2.91161E-8504910  5 3020
 600000000. 2.85927E-8 640000000. 3.38957E-8 680000000. 3.21315E-8504910  5 3021
 720000000. 2.64951E-8 760000000. 2.07607E-8 800000000. 1.88553E-8504910  5 3022
 840000000. 1.69101E-8 880000000. 1.69053E-8 920000000. 1.95555E-8504910  5 3023
 960000000. 2.09298E-8 1.00000E+9 0.0                             504910  5 3024
 0.0        0.0             51110          0          1         25504910  5 3025
         25          1                                            504910  5 3026
 120000000. 1.31920E-7 140000000. 3.61801E-7 160000000. 4.52334E-7504910  5 3027
 180000000. 4.17159E-7 200000000. 3.71656E-7 240000000. 3.00211E-7504910  5 3028
 280000000. 2.47837E-7 320000000. 2.31821E-7 360000000. 2.25475E-7504910  5 3029
 400000000. 2.21630E-7 440000000. 2.12016E-7 480000000. 2.09344E-7504910  5 3030
 520000000. 1.86084E-7 560000000. 1.56808E-7 600000000. 1.38209E-7504910  5 3031
 640000000. 1.31726E-7 680000000. 1.19624E-7 720000000. 1.19968E-7504910  5 3032
 760000000. 1.27815E-7 800000000. 1.09939E-7 840000000. 1.04625E-7504910  5 3033
 880000000. 9.95968E-8 920000000. 9.64627E-8 960000000. 9.94356E-8504910  5 3034
 1.00000E+9 0.0                                                   504910  5 3035
 0.0        0.0             51111          0          1         26504910  5 3036
         26          1                                            504910  5 3037
 100000000. 4.68804E-7 120000000. 1.49531E-6 140000000. 1.97812E-6504910  5 3038
 160000000. 1.82587E-6 180000000. 1.69909E-6 200000000. 1.48006E-6504910  5 3039
 240000000. 1.20454E-6 280000000. 1.00738E-6 320000000. 8.70644E-7504910  5 3040
 360000000. 7.74950E-7 400000000. 7.01541E-7 440000000. 6.47289E-7504910  5 3041
 480000000. 5.80524E-7 520000000. 5.46515E-7 560000000. 5.20358E-7504910  5 3042
 600000000. 4.79422E-7 640000000. 4.38313E-7 680000000. 3.91439E-7504910  5 3043
 720000000. 3.80824E-7 760000000. 3.60122E-7 800000000. 3.25078E-7504910  5 3044
 840000000. 3.13360E-7 880000000. 3.05127E-7 920000000. 2.78558E-7504910  5 3045
 960000000. 2.49222E-7 1.00000E+9 0.0                             504910  5 3046
 0.0        0.0             51112          0          1         27504910  5 3047
         27          1                                            504910  5 3048
 90000000.0 1.08462E-6 100000000. 4.55045E-6 120000000. 6.56340E-6504910  5 3049
 140000000. 5.55664E-6 160000000. 4.78351E-6 180000000. 4.15470E-6504910  5 3050
 200000000. 3.47323E-6 240000000. 2.80779E-6 280000000. 2.34584E-6504910  5 3051
 320000000. 2.03508E-6 360000000. 1.81132E-6 400000000. 1.61527E-6504910  5 3052
 440000000. 1.43718E-6 480000000. 1.28974E-6 520000000. 1.16501E-6504910  5 3053
 560000000. 1.05388E-6 600000000. 9.85641E-7 640000000. 9.02803E-7504910  5 3054
 680000000. 8.15002E-7 720000000. 7.38139E-7 760000000. 6.59160E-7504910  5 3055
 800000000. 6.22739E-7 840000000. 6.26630E-7 880000000. 5.72216E-7504910  5 3056
 920000000. 5.26786E-7 960000000. 5.47395E-7 1.00000E+9 0.0       504910  5 3057
 0.0        0.0             51113          0          1         28504910  5 3058
         28          1                                            504910  5 3059
 80000000.0 7.40911E-6 90000000.0 1.70119E-5 100000000. 1.79828E-5504910  5 3060
 120000000. 1.36015E-5 140000000. 1.08758E-5 160000000. 9.16455E-6504910  5 3061
 180000000. 7.96545E-6 200000000. 6.57436E-6 240000000. 5.22057E-6504910  5 3062
 280000000. 4.37692E-6 320000000. 3.87905E-6 360000000. 3.40187E-6504910  5 3063
 400000000. 3.00454E-6 440000000. 2.71104E-6 480000000. 2.41800E-6504910  5 3064
 520000000. 2.13908E-6 560000000. 1.86722E-6 600000000. 1.65010E-6504910  5 3065
 640000000. 1.52992E-6 680000000. 1.40276E-6 720000000. 1.30011E-6504910  5 3066
 760000000. 1.26559E-6 800000000. 1.20795E-6 840000000. 1.14897E-6504910  5 3067
 880000000. 1.10080E-6 920000000. 1.06367E-6 960000000. 1.01517E-6504910  5 3068
 1.00000E+9 0.0                                                   504910  5 3069
 0.0        0.0             51114          0          1         29504910  5 3070
         29          1                                            504910  5 3071
 70000000.0 3.16095E-5 80000000.0 4.81779E-5 90000000.0 4.02503E-5504910  5 3072
 100000000. 2.88258E-5 120000000. 2.11697E-5 140000000. 1.68869E-5504910  5 3073
 160000000. 1.42105E-5 180000000. 1.21852E-5 200000000. 9.95731E-6504910  5 3074
 240000000. 7.86019E-6 280000000. 6.70991E-6 320000000. 5.92559E-6504910  5 3075
 360000000. 5.09982E-6 400000000. 4.48801E-6 440000000. 3.98292E-6504910  5 3076
 480000000. 3.44553E-6 520000000. 3.03940E-6 560000000. 2.69243E-6504910  5 3077
 600000000. 2.40825E-6 640000000. 2.18245E-6 680000000. 2.02363E-6504910  5 3078
 720000000. 1.93697E-6 760000000. 1.80731E-6 800000000. 1.69235E-6504910  5 3079
 840000000. 1.59631E-6 880000000. 1.52365E-6 920000000. 1.50688E-6504910  5 3080
 960000000. 1.48284E-6 1.00000E+9 0.0                             504910  5 3081
 0.0        0.0             51115          0          1         33504910  5 3082
         33          1                                            504910  5 3083
 50000000.0 3.72174E-6 54000000.0 9.97898E-6 55000000.0 3.45049E-5504910  5 3084
 60000000.0 8.69126E-5 70000000.0 9.66252E-5 80000000.0 6.23609E-5504910  5 3085
 90000000.0 4.56174E-5 100000000. 3.59281E-5 120000000. 2.78138E-5504910  5 3086
 140000000. 2.25111E-5 160000000. 1.87070E-5 180000000. 1.60035E-5504910  5 3087
 200000000. 1.34035E-5 240000000. 1.08839E-5 280000000. 9.24208E-6504910  5 3088
 320000000. 8.05793E-6 360000000. 6.95945E-6 400000000. 5.99756E-6504910  5 3089
 440000000. 5.28568E-6 480000000. 4.69179E-6 520000000. 4.04760E-6504910  5 3090
 560000000. 3.52465E-6 600000000. 3.19506E-6 640000000. 2.90503E-6504910  5 3091
 680000000. 2.68216E-6 720000000. 2.45450E-6 760000000. 2.34444E-6504910  5 3092
 800000000. 2.28678E-6 840000000. 2.15223E-6 880000000. 2.02493E-6504910  5 3093
 920000000. 1.95493E-6 960000000. 1.93084E-6 1.00000E+9 0.0       504910  5 3094
 0.0        0.0             51116          0          1         35504910  5 3095
         35          1                                            504910  5 3096
 40000000.0 3.08147E-5 45000000.0 1.05964E-4 50000000.0 1.70032E-4504910  5 3097
 54000000.0 1.88728E-4 55000000.0 1.76924E-4 60000000.0 1.29431E-4504910  5 3098
 70000000.0 8.01616E-5 80000000.0 6.12784E-5 90000000.0 5.14427E-5504910  5 3099
 100000000. 4.14340E-5 120000000. 3.19888E-5 140000000. 2.61571E-5504910  5 3100
 160000000. 2.21394E-5 180000000. 1.92073E-5 200000000. 1.60521E-5504910  5 3101
 240000000. 1.31751E-5 280000000. 1.14497E-5 320000000. 9.87965E-6504910  5 3102
 360000000. 8.54106E-6 400000000. 7.41016E-6 440000000. 6.47383E-6504910  5 3103
 480000000. 5.54364E-6 520000000. 4.78863E-6 560000000. 4.28997E-6504910  5 3104
 600000000. 3.84963E-6 640000000. 3.52101E-6 680000000. 3.27718E-6504910  5 3105
 720000000. 3.03357E-6 760000000. 2.83265E-6 800000000. 2.64982E-6504910  5 3106
 840000000. 2.50687E-6 880000000. 2.41845E-6 920000000. 2.38312E-6504910  5 3107
 960000000. 2.35025E-6 1.00000E+9 0.0                             504910  5 3108
 0.0        0.0             51117          0          1         37504910  5 3109
         37          1                                            504910  5 3110
 30000000.0 1.12909E-4 35000000.0 2.75234E-4 40000000.0 3.12762E-4504910  5 3111
 45000000.0 2.42273E-4 50000000.0 1.67681E-4 54000000.0 1.38887E-4504910  5 3112
 55000000.0 1.21770E-4 60000000.0 9.67368E-5 70000000.0 7.71791E-5504910  5 3113
 80000000.0 6.35343E-5 90000000.0 5.34389E-5 100000000. 4.35762E-5504910  5 3114
 120000000. 3.40008E-5 140000000. 2.78455E-5 160000000. 2.36866E-5504910  5 3115
 180000000. 2.07179E-5 200000000. 1.77932E-5 240000000. 1.49347E-5504910  5 3116
 280000000. 1.29090E-5 320000000. 1.12220E-5 360000000. 9.66018E-6504910  5 3117
 400000000. 8.23060E-6 440000000. 7.10051E-6 480000000. 6.18338E-6504910  5 3118
 520000000. 5.40478E-6 560000000. 4.80001E-6 600000000. 4.34936E-6504910  5 3119
 640000000. 3.93922E-6 680000000. 3.61136E-6 720000000. 3.37434E-6504910  5 3120
 760000000. 3.17839E-6 800000000. 2.99167E-6 840000000. 2.84689E-6504910  5 3121
 880000000. 2.71724E-6 920000000. 2.62970E-6 960000000. 2.63317E-6504910  5 3122
 1.00000E+9 0.0                                                   504910  5 3123
 0.0        0.0             51118          0          1         37504910  5 3124
         37          1                                            504910  5 3125
 30000000.0 5.16454E-4 35000000.0 3.03759E-4 40000000.0 1.88522E-4504910  5 3126
 45000000.0 1.47666E-4 50000000.0 1.26935E-4 54000000.0 1.17690E-4504910  5 3127
 55000000.0 1.08199E-4 60000000.0 8.97785E-5 70000000.0 7.17802E-5504910  5 3128
 80000000.0 5.96813E-5 90000000.0 5.09480E-5 100000000. 4.17315E-5504910  5 3129
 120000000. 3.29997E-5 140000000. 2.74056E-5 160000000. 2.34803E-5504910  5 3130
 180000000. 2.09093E-5 200000000. 1.82515E-5 240000000. 1.54915E-5504910  5 3131
 280000000. 1.35321E-5 320000000. 1.18104E-5 360000000. 1.01662E-5504910  5 3132
 400000000. 8.75501E-6 440000000. 7.54410E-6 480000000. 6.52228E-6504910  5 3133
 520000000. 5.70913E-6 560000000. 5.05751E-6 600000000. 4.57344E-6504910  5 3134
 640000000. 4.16502E-6 680000000. 3.76486E-6 720000000. 3.47302E-6504910  5 3135
 760000000. 3.31388E-6 800000000. 3.17413E-6 840000000. 3.04395E-6504910  5 3136
 880000000. 2.94465E-6 920000000. 2.88543E-6 960000000. 2.82831E-6504910  5 3137
 1.00000E+9 0.0                                                   504910  5 3138
 0.0        0.0             51119          0          1         37504910  5 3139
         37          1                                            504910  5 3140
 30000000.0 2.23440E-4 35000000.0 1.75910E-4 40000000.0 1.45216E-4504910  5 3141
 45000000.0 1.22139E-4 50000000.0 1.04937E-4 54000000.0 9.69110E-5504910  5 3142
 55000000.0 8.85084E-5 60000000.0 7.23163E-5 70000000.0 5.76576E-5504910  5 3143
 80000000.0 4.84529E-5 90000000.0 4.17045E-5 100000000. 3.47132E-5504910  5 3144
 120000000. 2.79195E-5 140000000. 2.34842E-5 160000000. 2.06197E-5504910  5 3145
 180000000. 1.84462E-5 200000000. 1.64230E-5 240000000. 1.45281E-5504910  5 3146
 280000000. 1.30008E-5 320000000. 1.15292E-5 360000000. 9.86537E-6504910  5 3147
 400000000. 8.48081E-6 440000000. 7.31248E-6 480000000. 6.35718E-6504910  5 3148
 520000000. 5.56977E-6 560000000. 4.94211E-6 600000000. 4.48269E-6504910  5 3149
 640000000. 4.09294E-6 680000000. 3.81633E-6 720000000. 3.54628E-6504910  5 3150
 760000000. 3.34233E-6 800000000. 3.21950E-6 840000000. 3.09340E-6504910  5 3151
 880000000. 2.96884E-6 920000000. 2.83036E-6 960000000. 2.72622E-6504910  5 3152
 1.00000E+9 0.0                                                   504910  5 3153
 0.0        0.0             51120          0          1         37504910  5 3154
         37          1                                            504910  5 3155
 30000000.0 7.10283E-5 35000000.0 5.59264E-5 40000000.0 4.51204E-5504910  5 3156
 45000000.0 3.75884E-5 50000000.0 3.20758E-5 54000000.0 2.96093E-5504910  5 3157
 55000000.0 2.70217E-5 60000000.0 2.22791E-5 70000000.0 1.78351E-5504910  5 3158
 80000000.0 1.48225E-5 90000000.0 1.26490E-5 100000000. 1.05130E-5504910  5 3159
 120000000. 8.55981E-6 140000000. 7.29271E-6 160000000. 6.47075E-6504910  5 3160
 180000000. 5.94351E-6 200000000. 5.44614E-6 240000000. 5.01526E-6504910  5 3161
 280000000. 4.93779E-6 320000000. 4.70792E-6 360000000. 4.09343E-6504910  5 3162
 400000000. 3.47461E-6 440000000. 2.99913E-6 480000000. 2.61088E-6504910  5 3163
 520000000. 2.30911E-6 560000000. 2.09076E-6 600000000. 1.91673E-6504910  5 3164
 640000000. 1.74288E-6 680000000. 1.61370E-6 720000000. 1.51679E-6504910  5 3165
 760000000. 1.42249E-6 800000000. 1.35240E-6 840000000. 1.26281E-6504910  5 3166
 880000000. 1.16994E-6 920000000. 1.11441E-6 960000000. 1.07407E-6504910  5 3167
 1.00000E+9 0.0                                                   504910  5 3168
 0.0        0.0             52112          0          1         16504910  5 3169
         16          1                                            504910  5 3170
 400000000. 6.22603E-9 440000000. 6.72637E-9 480000000. 7.22667E-9504910  5 3171
 520000000. 8.13679E-9 560000000. 8.22184E-9 600000000. 8.26796E-9504910  5 3172
 640000000. 8.31626E-9 680000000. 8.34867E-9 720000000. 8.39568E-9504910  5 3173
 760000000. 7.13539E-9 800000000. 6.66614E-9 840000000. 7.00120E-9504910  5 3174
 880000000. 7.33626E-9 920000000. 7.67131E-9 960000000. 7.84000E-9504910  5 3175
 1.00000E+9 0.0                                                   504910  5 3176
 0.0        0.0             52113          0          1         18504910  5 3177
         18          1                                            504910  5 3178
 320000000. 9.99918E-9 360000000. 1.13197E-8 400000000. 1.50163E-8504910  5 3179
 440000000. 2.56186E-8 480000000. 2.48271E-8 520000000. 1.93957E-8504910  5 3180
 560000000. 1.96058E-8 600000000. 1.84527E-8 640000000. 1.79175E-8504910  5 3181
 680000000. 1.92601E-8 720000000. 2.64387E-8 760000000. 2.40405E-8504910  5 3182
 800000000. 1.94789E-8 840000000. 1.75853E-8 880000000. 1.30099E-8504910  5 3183
 920000000. 1.62817E-8 960000000. 1.96198E-8 1.00000E+9 0.0       504910  5 3184
 0.0        0.0             52114          0          1         19504910  5 3185
         19          1                                            504910  5 3186
 280000000. 1.51050E-8 320000000. 2.46897E-8 360000000. 3.32800E-8504910  5 3187
 400000000. 3.79209E-8 440000000. 3.36461E-8 480000000. 3.34062E-8504910  5 3188
 520000000. 3.69510E-8 560000000. 3.66485E-8 600000000. 3.75609E-8504910  5 3189
 640000000. 4.15388E-8 680000000. 4.24358E-8 720000000. 3.93733E-8504910  5 3190
 760000000. 3.11870E-8 800000000. 2.85471E-8 840000000. 2.99403E-8504910  5 3191
 880000000. 2.40747E-8 920000000. 2.34748E-8 960000000. 2.15931E-8504910  5 3192
 1.00000E+9 0.0                                                   504910  5 3193
 0.0        0.0             52115          0          1         20504910  5 3194
         20          1                                            504910  5 3195
 240000000. 1.56604E-8 280000000. 3.18788E-8 320000000. 5.00385E-8504910  5 3196
 360000000. 5.59202E-8 400000000. 5.54016E-8 440000000. 5.37693E-8504910  5 3197
 480000000. 6.06425E-8 520000000. 6.45048E-8 560000000. 5.62874E-8504910  5 3198
 600000000. 5.21849E-8 640000000. 4.92791E-8 680000000. 4.75294E-8504910  5 3199
 720000000. 4.52256E-8 760000000. 4.66537E-8 800000000. 5.00764E-8504910  5 3200
 840000000. 4.29302E-8 880000000. 3.90298E-8 920000000. 4.17160E-8504910  5 3201
 960000000. 4.51251E-8 1.00000E+9 0.0                             504910  5 3202
 0.0        0.0             52116          0          1         20504910  5 3203
         20          1                                            504910  5 3204
 240000000. 2.77607E-8 280000000. 4.48269E-8 320000000. 5.88760E-8504910  5 3205
 360000000. 7.24936E-8 400000000. 7.23195E-8 440000000. 5.74774E-8504910  5 3206
 480000000. 5.38609E-8 520000000. 5.75811E-8 560000000. 5.50129E-8504910  5 3207
 600000000. 5.78632E-8 640000000. 6.01553E-8 680000000. 5.14306E-8504910  5 3208
 720000000. 4.90523E-8 760000000. 5.18729E-8 800000000. 5.65236E-8504910  5 3209
 840000000. 5.59302E-8 880000000. 4.88088E-8 920000000. 4.36984E-8504910  5 3210
 960000000. 4.38112E-8 1.00000E+9 0.0                             504910  5 3211
 0.0        0.0             52117          0          1         21504910  5 3212
         21          1                                            504910  5 3213
 200000000. 1.95976E-8 240000000. 3.25157E-8 280000000. 5.11494E-8504910  5 3214
 320000000. 6.31059E-8 360000000. 5.54152E-8 400000000. 6.13105E-8504910  5 3215
 440000000. 7.27112E-8 480000000. 6.99956E-8 520000000. 6.63665E-8504910  5 3216
 560000000. 6.44710E-8 600000000. 6.17589E-8 640000000. 5.88466E-8504910  5 3217
 680000000. 5.78237E-8 720000000. 5.93771E-8 760000000. 5.90255E-8504910  5 3218
 800000000. 5.52659E-8 840000000. 5.07202E-8 880000000. 4.74945E-8504910  5 3219
 920000000. 4.50034E-8 960000000. 4.64173E-8 1.00000E+9 0.0       504910  5 3220
 0.0        0.0             52118          0          1         21504910  5 3221
         21          1                                            504910  5 3222
 200000000. 1.33015E-8 240000000. 2.71309E-8 280000000. 3.45276E-8504910  5 3223
 320000000. 4.22871E-8 360000000. 5.35612E-8 400000000. 5.77608E-8504910  5 3224
 440000000. 6.11062E-8 480000000. 6.12968E-8 520000000. 5.88729E-8504910  5 3225
 560000000. 5.49893E-8 600000000. 5.47386E-8 640000000. 4.86534E-8504910  5 3226
 680000000. 4.75100E-8 720000000. 4.58780E-8 760000000. 4.08426E-8504910  5 3227
 800000000. 4.16106E-8 840000000. 4.28798E-8 880000000. 4.23039E-8504910  5 3228
 920000000. 3.26359E-8 960000000. 2.81114E-8 1.00000E+9 0.0       504910  5 3229
 0.0        0.0             52119          0          1         21504910  5 3230
         21          1                                            504910  5 3231
 200000000. 1.26632E-8 240000000. 1.63801E-8 280000000. 1.68888E-8504910  5 3232
 320000000. 2.29447E-8 360000000. 2.79466E-8 400000000. 3.30833E-8504910  5 3233
 440000000. 3.24135E-8 480000000. 2.60309E-8 520000000. 2.50331E-8504910  5 3234
 560000000. 2.71713E-8 600000000. 2.42204E-8 640000000. 1.98310E-8504910  5 3235
 680000000. 1.54464E-8 720000000. 1.22589E-8 760000000. 1.36142E-8504910  5 3236
 800000000. 1.43000E-8 840000000. 1.49450E-8 880000000. 1.49647E-8504910  5 3237
 920000000. 1.49902E-8 960000000. 1.69959E-8 1.00000E+9 0.0       504910  5 3238
 0.0        0.0             52120          0          1         20504910  5 3239
         20          1                                            504910  5 3240
 240000000. 5.83731E-9 280000000. 5.85233E-9 320000000. 6.18107E-9504910  5 3241
 360000000. 6.83675E-9 400000000. 6.62874E-9 440000000. 6.72043E-9504910  5 3242
 480000000. 6.81774E-9 520000000. 6.88185E-9 560000000. 7.58460E-9504910  5 3243
 600000000. 7.42545E-9 640000000. 7.03199E-9 680000000. 6.63854E-9504910  5 3244
 720000000. 6.44743E-9 760000000. 6.46244E-9 800000000. 6.47744E-9504910  5 3245
 840000000. 6.49244E-9 880000000. 7.15015E-9 920000000. 7.81000E-9504910  5 3246
 960000000. 7.81000E-9 1.00000E+9 0.0                             504910  5 3247
                                                                  504910  099999
                                                                  5049 0  0    0
                                                                     0 0  0    0
                                                                    -1 0  0    0
