 UK-HEIR-0.1 P-INDUCED RESIDUAL YEILD FILE DEC 2017               7443 0  0    0
 74186.0000 185.950000         -1          0         99          17443 1451    1
 0.0        0.0                 0          0          0          67443 1451    2
 .998620000 1.00000E+9          1          0      10010          17443 1451    3
 0.0        0.0                 1          0         34          37443 1451    4
 74- W-186 UKAEA      EVAL-DEC17 M.J.FLEMING                      7443 1451    5
                      DIST-DEC17                                  7443 1451    6
----UK-HEIR-0.1       MATERIAL 7443                               7443 1451    7
-----PROTON-INDUCED RESIDUAL PRODUCT YIELDS                       7443 1451    8
------ENDF-6 FORMAT                                               7443 1451    9
******************************************************************7443 1451   10
**  Residual data obtained with the GEANT4 code, version 10.1   **7443 1451   11
**  utilising the INCL++/ABLA in-built physics models           **7443 1451   12
**  See http://geant4.cern.ch/ for more information             **7443 1451   13
**                                                              **7443 1451   14
**  Compiled as ENDF-6 file by Michael Fleming of UKAEA         **7443 1451   15
******************************************************************7443 1451   16
                                                                  7443 1451   17
 The authors and the United Kingdom Atomic Energy Authority       7443 1451   18
 cannot accept responsibility for loss occasioned to any          7443 1451   19
 person for the use of, or reliance upon, the information         7443 1451   20
 contained in the data or its completeness or accuracy.           7443 1451   21
                                                                  7443 1451   22
 References:                                                      7443 1451   23
 - A. Boudard, J. Cugnon, J.-C. David, S. Leray, D. Mancusi       7443 1451   24
     Phys. Rev. C 87 (2013) 014606                                7443 1451   25
     https://arxiv.org/abs/1210.3498                              7443 1451   26
 - A. Kelic, M. V. Ricciardi, K.-H. Schmidt                       7443 1451   27
     Joint ICTP-IAEA Advanced Workshop on Model Codes for         7443 1451   28
     Spallation Reactions INDC(NDC)-0530 (2008) 181               7443 1451   29
     https://arxiv.org/abs/0906.4193                              7443 1451   30
 - A. Heikkinen, P. Kaitaniemi, A. Boudard                        7443 1451   31
     J. Phys. Conf. Ser. 119, 032024 (2008)                       7443 1451   32
     http://dx.doi.org/10.1088/1742-6596/119/3/032024             7443 1451   33
                                                                  7443 1451   34
 ***************** Program GROUPIE (VERSION 2017-1)***************7443 1451   35
 Unshielded Group Averages Using   162 Groups                     7443 1451   36
 Weighting Spectrum: 1/E Spectrum                                 7443 1451   37
 **************** Program DICTIN (VERSION 2017-1) ****************7443 1451   38
                                1        451         41          07443 1451   39
                                3          5         16          17443 1451   40
                               10          5       7726          17443 1451   41
                                                                  7443 1  099999
                                                                  7443 0  0    0
 74186.0000 185.950000          0          0          0          07443 3  5    1
 0.0        0.0                 0          0          1         377443 3  5    2
         37          1                                            7443 3  5    3
 30000000.0 .007425199 35000000.0 .007805727 40000000.0 .0080553927443 3  5    4
 45000000.0 .008273926 50000000.0 .008492966 54000000.0 .0086061777443 3  5    5
 55000000.0 .008765654 60000000.0 .009181665 70000000.0 .0096611107443 3  5    6
 80000000.0 .010001727 90000000.0 .010339629 100000000. .0109136407443 3  5    7
 120000000. .011698907 140000000. .012447635 160000000. .0131320337443 3  5    8
 180000000. .013766663 200000000. .014591358 240000000. .0155735467443 3  5    9
 280000000. .016481255 320000000. .017452481 360000000. .0185192387443 3  5   10
 400000000. .019611011 440000000. .020673851 480000000. .0217699177443 3  5   11
 520000000. .022938590 560000000. .024125262 600000000. .0251656337443 3  5   12
 640000000. .026053605 680000000. .026895132 720000000. .0276696847443 3  5   13
 760000000. .028397427 800000000. .029097235 840000000. .0297738917443 3  5   14
 880000000. .030452963 920000000. .031122184 960000000. .0317643547443 3  5   15
 1.00000E+9 0.0                                                   7443 3  5   16
                                                                  7443 3  099999
                                                                  7443 0  0    0
 74186.0000 185.950000          0          0        952          0744310  5    1
 0.0        0.0                 1          0          1         37744310  5    2
         37          1                                            744310  5    3
 30000000.0 .004996684 35000000.0 .005280061 40000000.0 .005488632744310  5    4
 45000000.0 .005684411 50000000.0 .005888620 54000000.0 .005997378744310  5    5
 55000000.0 .006156112 60000000.0 .006575999 70000000.0 .007015818744310  5    6
 80000000.0 .007280372 90000000.0 .007544396 100000000. .007989680744310  5    7
 120000000. .008596842 140000000. .009169128 160000000. .009687221744310  5    8
 180000000. .010161897 200000000. .010770125 240000000. .011487705744310  5    9
 280000000. .012147036 320000000. .012855189 360000000. .013634363744310  5   10
 400000000. .014432298 440000000. .015207432 480000000. .015999064744310  5   11
 520000000. .016835702 560000000. .017680228 600000000. .018413590744310  5   12
 640000000. .019031959 680000000. .019611352 720000000. .020140243744310  5   13
 760000000. .020635410 800000000. .021111122 840000000. .021567256744310  5   14
 880000000. .022023289 920000000. .022473943 960000000. .022905061744310  5   15
 1.00000E+9 0.0                                                   744310  5   16
 0.0        0.0              1001          0          1         37744310  5   17
         37          1                                            744310  5   18
 30000000.0 5.38188E-4 35000000.0 6.25037E-4 40000000.0 6.85562E-4744310  5   19
 45000000.0 7.27024E-4 50000000.0 7.53493E-4 54000000.0 7.64480E-4744310  5   20
 55000000.0 7.70571E-4 60000000.0 7.77758E-4 70000000.0 8.15956E-4744310  5   21
 80000000.0 8.80566E-4 90000000.0 9.40307E-4 100000000. .001029544744310  5   22
 120000000. .001146762 140000000. .001259439 160000000. .001365834744310  5   23
 180000000. .001468017 200000000. .001607824 240000000. .001781407744310  5   24
 280000000. .001944442 320000000. .002113136 360000000. .002291701744310  5   25
 400000000. .002470953 440000000. .002647369 480000000. .002831571744310  5   26
 520000000. .003029243 560000000. .003232880 600000000. .003417512744310  5   27
 640000000. .003582320 680000000. .003744092 720000000. .003895256744310  5   28
 760000000. .004037644 800000000. .004173274 840000000. .004309843744310  5   29
 880000000. .004449647 920000000. .004584376 960000000. .004715265744310  5   30
 1.00000E+9 0.0                                                   744310  5   31
 0.0        0.0              1002          0          1         37744310  5   32
         37          1                                            744310  5   33
 30000000.0 1.91058E-5 35000000.0 2.70038E-5 40000000.0 3.42633E-5744310  5   34
 45000000.0 4.13658E-5 50000000.0 4.75049E-5 54000000.0 5.04803E-5744310  5   35
 55000000.0 5.38489E-5 60000000.0 6.04865E-5 70000000.0 7.21133E-5744310  5   36
 80000000.0 8.70871E-5 90000000.0 1.00851E-4 100000000. 1.20449E-4744310  5   37
 120000000. 1.45766E-4 140000000. 1.70013E-4 160000000. 1.92123E-4744310  5   38
 180000000. 2.12838E-4 200000000. 2.41579E-4 240000000. 2.74903E-4744310  5   39
 280000000. 3.02436E-4 320000000. 3.27681E-4 360000000. 3.54267E-4744310  5   40
 400000000. 3.82679E-4 440000000. 4.09567E-4 480000000. 4.37214E-4744310  5   41
 520000000. 4.68411E-4 560000000. 5.00363E-4 600000000. 5.29878E-4744310  5   42
 640000000. 5.57870E-4 680000000. 5.83884E-4 720000000. 6.07899E-4744310  5   43
 760000000. 6.31435E-4 800000000. 6.54890E-4 840000000. 6.77575E-4744310  5   44
 880000000. 6.98919E-4 920000000. 7.21051E-4 960000000. 7.42336E-4744310  5   45
 1.00000E+9 0.0                                                   744310  5   46
 0.0        0.0              1003          0          1         37744310  5   47
         37          1                                            744310  5   48
 30000000.0 4.86840E-6 35000000.0 7.53448E-6 40000000.0 1.04337E-5744310  5   49
 45000000.0 1.33850E-5 50000000.0 1.59558E-5 54000000.0 1.73123E-5744310  5   50
 55000000.0 1.88144E-5 60000000.0 2.16783E-5 70000000.0 2.58612E-5744310  5   51
 80000000.0 3.08444E-5 90000000.0 3.53454E-5 100000000. 4.07899E-5744310  5   52
 120000000. 4.75330E-5 140000000. 5.37307E-5 160000000. 5.93988E-5744310  5   53
 180000000. 6.44903E-5 200000000. 7.07311E-5 240000000. 7.82633E-5744310  5   54
 280000000. 8.47686E-5 320000000. 9.13982E-5 360000000. 9.79673E-5744310  5   55
 400000000. 1.04297E-4 440000000. 1.10947E-4 480000000. 1.17862E-4744310  5   56
 520000000. 1.25140E-4 560000000. 1.33303E-4 600000000. 1.40309E-4744310  5   57
 640000000. 1.46368E-4 680000000. 1.53259E-4 720000000. 1.59498E-4744310  5   58
 760000000. 1.65777E-4 800000000. 1.71386E-4 840000000. 1.76443E-4744310  5   59
 880000000. 1.81865E-4 920000000. 1.87469E-4 960000000. 1.92660E-4744310  5   60
 1.00000E+9 0.0                                                   744310  5   61
 0.0        0.0              2003          0          1         37744310  5   62
         37          1                                            744310  5   63
 30000000.0 7.14018E-8 35000000.0 2.50379E-7 40000000.0 5.53237E-7744310  5   64
 45000000.0 9.28505E-7 50000000.0 1.32607E-6 54000000.0 1.58433E-6744310  5   65
 55000000.0 1.99019E-6 60000000.0 2.89088E-6 70000000.0 4.30011E-6744310  5   66
 80000000.0 5.86253E-6 90000000.0 7.22666E-6 100000000. 9.15773E-6744310  5   67
 120000000. 1.16509E-5 140000000. 1.39886E-5 160000000. 1.60491E-5744310  5   68
 180000000. 1.79614E-5 200000000. 2.05197E-5 240000000. 2.36199E-5744310  5   69
 280000000. 2.61847E-5 320000000. 2.84682E-5 360000000. 3.08785E-5744310  5   70
 400000000. 3.32121E-5 440000000. 3.57840E-5 480000000. 3.87646E-5744310  5   71
 520000000. 4.16226E-5 560000000. 4.43983E-5 600000000. 4.73488E-5744310  5   72
 640000000. 5.00712E-5 680000000. 5.24648E-5 720000000. 5.48487E-5744310  5   73
 760000000. 5.69677E-5 800000000. 5.91844E-5 840000000. 6.14753E-5744310  5   74
 880000000. 6.34056E-5 920000000. 6.56676E-5 960000000. 6.78572E-5744310  5   75
 1.00000E+9 0.0                                                   744310  5   76
 0.0        0.0              2004          0          1         37744310  5   77
         37          1                                            744310  5   78
 30000000.0 6.31206E-6 35000000.0 1.03280E-5 40000000.0 1.54204E-5744310  5   79
 45000000.0 2.13600E-5 50000000.0 2.77303E-5 54000000.0 3.17513E-5744310  5   80
 55000000.0 3.64536E-5 60000000.0 4.95904E-5 70000000.0 6.65098E-5744310  5   81
 80000000.0 8.12305E-5 90000000.0 9.57520E-5 100000000. 1.17562E-4744310  5   82
 120000000. 1.47818E-4 140000000. 1.77691E-4 160000000. 2.06585E-4744310  5   83
 180000000. 2.35164E-4 200000000. 2.74543E-4 240000000. 3.25515E-4744310  5   84
 280000000. 3.76389E-4 320000000. 4.30771E-4 360000000. 4.90413E-4744310  5   85
 400000000. 5.53144E-4 440000000. 6.16795E-4 480000000. 6.84238E-4744310  5   86
 520000000. 7.55043E-4 560000000. 8.25394E-4 600000000. 8.90912E-4744310  5   87
 640000000. 9.49225E-4 680000000. .001005498 720000000. .001060958744310  5   88
 760000000. .001114175 800000000. .001165943 840000000. .001214422744310  5   89
 880000000. .001263804 920000000. .001312641 960000000. .001359037744310  5   90
 1.00000E+9 0.0                                                   744310  5   91
 0.0        0.0              2006          0          1         33744310  5   92
         33          1                                            744310  5   93
 50000000.0 1.92390E-8 54000000.0 2.18031E-8 55000000.0 3.67509E-8744310  5   94
 60000000.0 9.97425E-8 70000000.0 2.54205E-7 80000000.0 4.38500E-7744310  5   95
 90000000.0 5.91895E-7 100000000. 8.26144E-7 120000000. 1.13464E-6744310  5   96
 140000000. 1.42342E-6 160000000. 1.68803E-6 180000000. 1.88605E-6744310  5   97
 200000000. 2.17822E-6 240000000. 2.60242E-6 280000000. 2.90494E-6744310  5   98
 320000000. 3.12880E-6 360000000. 3.37012E-6 400000000. 3.55929E-6744310  5   99
 440000000. 3.77759E-6 480000000. 4.00882E-6 520000000. 4.30202E-6744310  5  100
 560000000. 4.62807E-6 600000000. 4.92831E-6 640000000. 5.22962E-6744310  5  101
 680000000. 5.46061E-6 720000000. 5.62886E-6 760000000. 5.81145E-6744310  5  102
 800000000. 5.97388E-6 840000000. 6.19484E-6 880000000. 6.53518E-6744310  5  103
 920000000. 6.81723E-6 960000000. 7.01782E-6 1.00000E+9 0.0       744310  5  104
 0.0        0.0              2008          0          1         27744310  5  105
         27          1                                            744310  5  106
 90000000.0 2.09628E-8 100000000. 6.51407E-8 120000000. 1.84463E-7744310  5  107
 140000000. 3.27343E-7 160000000. 4.70518E-7 180000000. 6.70663E-7744310  5  108
 200000000. 9.39798E-7 240000000. 1.20394E-6 280000000. 1.41068E-6744310  5  109
 320000000. 1.58163E-6 360000000. 1.71409E-6 400000000. 1.83067E-6744310  5  110
 440000000. 2.04970E-6 480000000. 2.22605E-6 520000000. 2.37883E-6744310  5  111
 560000000. 2.56557E-6 600000000. 2.67917E-6 640000000. 2.79289E-6744310  5  112
 680000000. 3.02590E-6 720000000. 3.25302E-6 760000000. 3.40352E-6744310  5  113
 800000000. 3.50755E-6 840000000. 3.54397E-6 880000000. 3.68413E-6744310  5  114
 920000000. 3.84470E-6 960000000. 3.95592E-6 1.00000E+9 0.0       744310  5  115
 0.0        0.0              3006          0          1         30744310  5  116
         30          1                                            744310  5  117
 60000000.0 2.41894E-8 70000000.0 6.14419E-8 80000000.0 1.28068E-7744310  5  118
 90000000.0 1.85345E-7 100000000. 2.84542E-7 120000000. 3.94567E-7744310  5  119
 140000000. 4.56029E-7 160000000. 5.75186E-7 180000000. 6.99357E-7744310  5  120
 200000000. 7.63113E-7 240000000. 8.75038E-7 280000000. 9.70834E-7744310  5  121
 320000000. 9.97518E-7 360000000. 1.07920E-6 400000000. 1.21253E-6744310  5  122
 440000000. 1.28858E-6 480000000. 1.33667E-6 520000000. 1.43082E-6744310  5  123
 560000000. 1.57952E-6 600000000. 1.69462E-6 640000000. 1.78252E-6744310  5  124
 680000000. 1.89670E-6 720000000. 1.93187E-6 760000000. 1.97144E-6744310  5  125
 800000000. 2.03676E-6 840000000. 2.12112E-6 880000000. 2.23407E-6744310  5  126
 920000000. 2.30918E-6 960000000. 2.34164E-6 1.00000E+9 0.0       744310  5  127
 0.0        0.0              3007          0          1         29744310  5  128
         29          1                                            744310  5  129
 70000000.0 3.93291E-8 80000000.0 7.86810E-8 90000000.0 1.31780E-7744310  5  130
 100000000. 2.45189E-7 120000000. 4.09170E-7 140000000. 5.12349E-7744310  5  131
 160000000. 6.10512E-7 180000000. 7.43876E-7 200000000. 8.49380E-7744310  5  132
 240000000. 9.62597E-7 280000000. 1.08952E-6 320000000. 1.19569E-6744310  5  133
 360000000. 1.31757E-6 400000000. 1.43017E-6 440000000. 1.53146E-6744310  5  134
 480000000. 1.63020E-6 520000000. 1.73187E-6 560000000. 1.84903E-6744310  5  135
 600000000. 2.01742E-6 640000000. 2.12913E-6 680000000. 2.17503E-6744310  5  136
 720000000. 2.28242E-6 760000000. 2.37066E-6 800000000. 2.48341E-6744310  5  137
 840000000. 2.56931E-6 880000000. 2.66195E-6 920000000. 2.78347E-6744310  5  138
 960000000. 2.87380E-6 1.00000E+9 0.0                             744310  5  139
 0.0        0.0              3008          0          1         27744310  5  140
         27          1                                            744310  5  141
 90000000.0 4.00770E-8 100000000. 1.24393E-7 120000000. 3.15338E-7744310  5  142
 140000000. 5.65151E-7 160000000. 8.76490E-7 180000000. 1.20633E-6744310  5  143
 200000000. 1.56183E-6 240000000. 1.90212E-6 280000000. 2.12639E-6744310  5  144
 320000000. 2.33903E-6 360000000. 2.61027E-6 400000000. 2.79596E-6744310  5  145
 440000000. 2.99007E-6 480000000. 3.24451E-6 520000000. 3.49767E-6744310  5  146
 560000000. 3.76215E-6 600000000. 3.98305E-6 640000000. 4.10648E-6744310  5  147
 680000000. 4.29872E-6 720000000. 4.67013E-6 760000000. 4.94762E-6744310  5  148
 800000000. 5.07233E-6 840000000. 5.19367E-6 880000000. 5.44835E-6744310  5  149
 920000000. 5.59800E-6 960000000. 5.67944E-6 1.00000E+9 0.0       744310  5  150
 0.0        0.0              4007          0          1         27744310  5  151
         27          1                                            744310  5  152
 90000000.0 1.76659E-8 100000000. 4.34161E-8 120000000. 7.96351E-8744310  5  153
 140000000. 1.32738E-7 160000000. 1.89280E-7 180000000. 2.15841E-7744310  5  154
 200000000. 2.60934E-7 240000000. 3.07122E-7 280000000. 3.52744E-7744310  5  155
 320000000. 3.81935E-7 360000000. 4.22817E-7 400000000. 4.79485E-7744310  5  156
 440000000. 5.15560E-7 480000000. 5.39975E-7 520000000. 5.47382E-7744310  5  157
 560000000. 6.10010E-7 600000000. 6.88196E-7 640000000. 7.47109E-7744310  5  158
 680000000. 7.94078E-7 720000000. 8.20609E-7 760000000. 8.32055E-7744310  5  159
 800000000. 8.31439E-7 840000000. 8.75542E-7 880000000. 9.16243E-7744310  5  160
 920000000. 9.52937E-7 960000000. 9.97355E-7 1.00000E+9 0.0       744310  5  161
 0.0        0.0              5008          0          1         25744310  5  162
         25          1                                            744310  5  163
 120000000. 3.06453E-8 140000000. 8.87861E-8 160000000. 1.57782E-7744310  5  164
 180000000. 2.17923E-7 200000000. 2.82490E-7 240000000. 3.63485E-7744310  5  165
 280000000. 4.00632E-7 320000000. 4.14098E-7 360000000. 4.40283E-7744310  5  166
 400000000. 4.79091E-7 440000000. 5.19945E-7 480000000. 5.50380E-7744310  5  167
 520000000. 6.03893E-7 560000000. 6.35523E-7 600000000. 6.84661E-7744310  5  168
 640000000. 7.21720E-7 680000000. 7.17677E-7 720000000. 7.54050E-7744310  5  169
 760000000. 7.98289E-7 800000000. 8.30409E-7 840000000. 8.45508E-7744310  5  170
 880000000. 9.14856E-7 920000000. 9.23944E-7 960000000. 8.67049E-7744310  5  171
 1.00000E+9 0.0                                                   744310  5  172
 0.0        0.0              5011          0          1          2744310  5  173
          2          1                                            744310  5  174
 960000000. 8.73993E-9 1.00000E+9 0.0                             744310  5  175
 0.0        0.0              6012          0          1          2744310  5  176
          2          1                                            744310  5  177
 960000000. 1.04968E-8 1.00000E+9 0.0                             744310  5  178
 0.0        0.0              6013          0          1          2744310  5  179
          2          1                                            744310  5  180
 960000000. 0.0        1.00000E+9 0.0                             744310  5  181
 0.0        0.0              7015          0          1          2744310  5  182
          2          1                                            744310  5  183
 960000000. 0.0        1.00000E+9 0.0                             744310  5  184
 0.0        0.0              8016          0          1          5744310  5  185
          5          1                                            744310  5  186
 840000000. 8.67992E-9 880000000. 8.69993E-9 920000000. 8.71993E-9744310  5  187
 960000000. 8.73993E-9 1.00000E+9 0.0                             744310  5  188
 0.0        0.0              8017          0          1          2744310  5  189
          2          1                                            744310  5  190
 960000000. 0.0        1.00000E+9 0.0                             744310  5  191
 0.0        0.0              9019          0          1          5744310  5  192
          5          1                                            744310  5  193
 840000000. 1.44722E-8 880000000. 1.21785E-8 920000000. 9.88480E-9744310  5  194
 960000000. 1.13471E-8 1.00000E+9 0.0                             744310  5  195
 0.0        0.0              9020          0          1          6744310  5  196
          6          1                                            744310  5  197
 800000000. 1.12760E-8 840000000. 8.67992E-9 880000000. 8.69993E-9744310  5  198
 920000000. 8.71993E-9 960000000. 8.73000E-9 1.00000E+9 0.0       744310  5  199
 0.0        0.0              9021          0          1          2744310  5  200
          2          1                                            744310  5  201
 960000000. 0.0        1.00000E+9 0.0                             744310  5  202
 0.0        0.0             10020          0          1          5744310  5  203
          5          1                                            744310  5  204
 840000000. 9.76519E-9 880000000. 1.19731E-8 920000000. 1.41809E-8744310  5  205
 960000000. 1.63887E-8 1.00000E+9 0.0                             744310  5  206
 0.0        0.0             10021          0          1          4744310  5  207
          4          1                                            744310  5  208
 880000000. 1.13242E-8 920000000. 1.21901E-8 960000000. 1.22587E-8744310  5  209
 1.00000E+9 0.0                                                   744310  5  210
 0.0        0.0             10022          0          1          4744310  5  211
          4          1                                            744310  5  212
 880000000. 1.04320E-8 920000000. 1.22099E-8 960000000. 1.22200E-8744310  5  213
 1.00000E+9 0.0                                                   744310  5  214
 0.0        0.0             10023          0          1          3744310  5  215
          3          1                                            744310  5  216
 920000000. 8.71000E-9 960000000. 8.71000E-9 1.00000E+9 0.0       744310  5  217
 0.0        0.0             11022          0          1          2744310  5  218
          2          1                                            744310  5  219
 960000000. 9.60898E-9 1.00000E+9 0.0                             744310  5  220
 0.0        0.0             11023          0          1          7744310  5  221
          7          1                                            744310  5  222
 760000000. 1.12325E-8 800000000. 1.29928E-8 840000000. 1.47532E-8744310  5  223
 880000000. 1.47963E-8 920000000. 1.39549E-8 960000000. 1.39849E-8744310  5  224
 1.00000E+9 0.0                                                   744310  5  225
 0.0        0.0             11024          0          1          5744310  5  226
          5          1                                            744310  5  227
 840000000. 1.13001E-8 880000000. 1.08663E-8 920000000. 1.52519E-8744310  5  228
 960000000. 1.57418E-8 1.00000E+9 0.0                             744310  5  229
 0.0        0.0             11025          0          1          8744310  5  230
          8          1                                            744310  5  231
 720000000. 8.61991E-9 760000000. 8.63991E-9 800000000. 8.65992E-9744310  5  232
 840000000. 8.67992E-9 880000000. 8.69993E-9 920000000. 9.58872E-9744310  5  233
 960000000. 1.13590E-8 1.00000E+9 0.0                             744310  5  234
 0.0        0.0             12024          0          1          3744310  5  235
          3          1                                            744310  5  236
 920000000. 9.58872E-9 960000000. 1.13590E-8 1.00000E+9 0.0       744310  5  237
 0.0        0.0             12025          0          1          8744310  5  238
          8          1                                            744310  5  239
 720000000. 8.61991E-9 760000000. 8.63991E-9 800000000. 8.65992E-9744310  5  240
 840000000. 8.67992E-9 880000000. 1.00002E-8 920000000. 1.26406E-8744310  5  241
 960000000. 1.31159E-8 1.00000E+9 0.0                             744310  5  242
 0.0        0.0             12026          0          1          8744310  5  243
          8          1                                            744310  5  244
 720000000. 1.07722E-8 760000000. 1.16649E-8 800000000. 1.25576E-8744310  5  245
 840000000. 1.34503E-8 880000000. 1.47834E-8 920000000. 1.65637E-8744310  5  246
 960000000. 1.31346E-8 1.00000E+9 0.0                             744310  5  247
 0.0        0.0             12027          0          1          9744310  5  248
          9          1                                            744310  5  249
 680000000. 1.16014E-8 720000000. 1.07762E-8 760000000. 1.08012E-8744310  5  250
 800000000. 1.16914E-8 840000000. 1.17208E-8 880000000. 1.08756E-8744310  5  251
 920000000. 1.13287E-8 960000000. 1.31039E-8 1.00000E+9 0.0       744310  5  252
 0.0        0.0             12028          0          1         11744310  5  253
         11          1                                            744310  5  254
 600000000. 1.19000E-8 640000000. 1.19000E-8 680000000. 1.19000E-8744310  5  255
 720000000. 1.19000E-8 760000000. 1.19000E-8 800000000. 1.19000E-8744310  5  256
 840000000. 1.19000E-8 880000000. 1.19000E-8 920000000. 1.19000E-8744310  5  257
 960000000. 1.19000E-8 1.00000E+9 0.0                             744310  5  258
 0.0        0.0             13027          0          1          6744310  5  259
          6          1                                            744310  5  260
 800000000. 1.21340E-8 840000000. 1.04149E-8 880000000. 1.21720E-8744310  5  261
 920000000. 1.48237E-8 960000000. 1.66039E-8 1.00000E+9 0.0       744310  5  262
 0.0        0.0             13028          0          1          8744310  5  263
          8          1                                            744310  5  264
 720000000. 1.12126E-8 760000000. 1.12275E-8 800000000. 1.12620E-8744310  5  265
 840000000. 1.21364E-8 880000000. 1.43516E-8 920000000. 1.52618E-8744310  5  266
 960000000. 1.66039E-8 1.00000E+9 0.0                             744310  5  267
 0.0        0.0             13029          0          1         11744310  5  268
         11          1                                            744310  5  269
 600000000. 1.06464E-8 640000000. 1.15492E-8 680000000. 1.24520E-8744310  5  270
 720000000. 1.33547E-8 760000000. 1.42562E-8 800000000. 1.51563E-8744310  5  271
 840000000. 1.21768E-8 880000000. 1.30227E-8 920000000. 1.57072E-8744310  5  272
 960000000. 1.65920E-8 1.00000E+9 0.0                             744310  5  273
 0.0        0.0             13030          0          1          3744310  5  274
          3          1                                            744310  5  275
 920000000. 1.13287E-8 960000000. 1.22349E-8 1.00000E+9 0.0       744310  5  276
 0.0        0.0             14028          0          1          3744310  5  277
          3          1                                            744310  5  278
 920000000. 8.71000E-9 960000000. 8.71000E-9 1.00000E+9 0.0       744310  5  279
 0.0        0.0             14029          0          1          9744310  5  280
          9          1                                            744310  5  281
 680000000. 1.05988E-8 720000000. 1.12023E-8 760000000. 1.18058E-8744310  5  282
 800000000. 1.29828E-8 840000000. 1.47506E-8 880000000. 1.65259E-8744310  5  283
 920000000. 1.65760E-8 960000000. 1.57200E-8 1.00000E+9 0.0       744310  5  284
 0.0        0.0             14030          0          1          8744310  5  285
          8          1                                            744310  5  286
 720000000. 1.11971E-8 760000000. 1.12373E-8 800000000. 1.03899E-8744310  5  287
 840000000. 1.17098E-8 880000000. 1.43502E-8 920000000. 1.74325E-8744310  5  288
 960000000. 2.09680E-8 1.00000E+9 0.0                             744310  5  289
 0.0        0.0             14031          0          1         10744310  5  290
         10          1                                            744310  5  291
 640000000. 1.28287E-8 680000000. 1.80402E-8 720000000. 1.47042E-8744310  5  292
 760000000. 1.03601E-8 800000000. 1.38508E-8 840000000. 1.47616E-8744310  5  293
 880000000. 1.39199E-8 920000000. 1.65563E-8 960000000. 1.83608E-8744310  5  294
 1.00000E+9 0.0                                                   744310  5  295
 0.0        0.0             14032          0          1         12744310  5  296
         12          1                                            744310  5  297
 560000000. 8.91676E-9 600000000. 1.00032E-8 640000000. 1.10895E-8744310  5  298
 680000000. 1.21758E-8 720000000. 1.32621E-8 760000000. 1.29640E-8744310  5  299
 800000000. 1.12569E-8 840000000. 9.54995E-9 880000000. 1.21666E-8744310  5  300
 920000000. 1.91727E-8 960000000. 1.66415E-8 1.00000E+9 0.0       744310  5  301
 0.0        0.0             14033          0          1          2744310  5  302
          2          1                                            744310  5  303
 960000000. 0.0        1.00000E+9 0.0                             744310  5  304
 0.0        0.0             15030          0          1          2744310  5  305
          2          1                                            744310  5  306
 960000000. 0.0        1.00000E+9 0.0                             744310  5  307
 0.0        0.0             15031          0          1         10744310  5  308
         10          1                                            744310  5  309
 640000000. 8.55980E-9 680000000. 8.59486E-9 720000000. 1.03294E-8744310  5  310
 760000000. 1.12373E-8 800000000. 1.46946E-8 840000000. 1.56518E-8744310  5  311
 880000000. 1.47830E-8 920000000. 2.00488E-8 960000000. 1.83796E-8744310  5  312
 1.00000E+9 0.0                                                   744310  5  313
 0.0        0.0             15032          0          1         13744310  5  314
         13          1                                            744310  5  315
 520000000. 1.08211E-8 560000000. 1.26669E-8 600000000. 1.39133E-8744310  5  316
 640000000. 1.45468E-8 680000000. 1.51803E-8 720000000. 1.55149E-8744310  5  317
 760000000. 1.38346E-8 800000000. 1.47037E-8 840000000. 1.73598E-8744310  5  318
 880000000. 1.99955E-8 920000000. 2.09422E-8 960000000. 1.74918E-8744310  5  319
 1.00000E+9 0.0                                                   744310  5  320
 0.0        0.0             15033          0          1         12744310  5  321
         12          1                                            744310  5  322
 560000000. 1.34627E-8 600000000. 1.35694E-8 640000000. 1.36761E-8744310  5  323
 680000000. 1.46066E-8 720000000. 1.46626E-8 760000000. 1.55401E-8744310  5  324
 800000000. 1.90407E-8 840000000. 1.82450E-8 880000000. 1.99826E-8744310  5  325
 920000000. 3.04864E-8 960000000. 2.80193E-8 1.00000E+9 0.0       744310  5  326
 0.0        0.0             15034          0          1         12744310  5  327
         12          1                                            744310  5  328
 560000000. 9.27954E-9 600000000. 9.37893E-9 640000000. 9.40863E-9744310  5  329
 680000000. 1.11641E-8 720000000. 1.20649E-8 760000000. 1.12373E-8744310  5  330
 800000000. 1.12528E-8 840000000. 1.56029E-8 880000000. 1.91399E-8744310  5  331
 920000000. 1.48508E-8 960000000. 1.57042E-8 1.00000E+9 0.0       744310  5  332
 0.0        0.0             15035          0          1          9744310  5  333
          9          1                                            744310  5  334
 680000000. 9.88648E-9 720000000. 9.05126E-9 760000000. 8.63991E-9744310  5  335
 800000000. 8.65992E-9 840000000. 8.67992E-9 880000000. 1.13005E-8744310  5  336
 920000000. 1.65613E-8 960000000. 1.66227E-8 1.00000E+9 0.0       744310  5  337
 0.0        0.0             15036          0          1          4744310  5  338
          4          1                                            744310  5  339
 880000000. 1.21700E-8 920000000. 1.21700E-8 960000000. 1.21700E-8744310  5  340
 1.00000E+9 0.0                                                   744310  5  341
 0.0        0.0             16032          0          1          4744310  5  342
          4          1                                            744310  5  343
 880000000. 8.69993E-9 920000000. 8.71993E-9 960000000. 8.73000E-9744310  5  344
 1.00000E+9 0.0                                                   744310  5  345
 0.0        0.0             16033          0          1          9744310  5  346
          9          1                                            744310  5  347
 680000000. 8.59486E-9 720000000. 1.20388E-8 760000000. 1.21194E-8744310  5  348
 800000000. 1.21017E-8 840000000. 1.39033E-8 880000000. 1.13164E-8744310  5  349
 920000000. 1.21975E-8 960000000. 1.91992E-8 1.00000E+9 0.0       744310  5  350
 0.0        0.0             16034          0          1         10744310  5  351
         10          1                                            744310  5  352
 640000000. 1.02575E-8 680000000. 1.03262E-8 720000000. 1.07629E-8744310  5  353
 760000000. 1.51089E-8 800000000. 1.38781E-8 840000000. 1.47262E-8744310  5  354
 880000000. 2.25990E-8 920000000. 2.78974E-8 960000000. 2.62436E-8744310  5  355
 1.00000E+9 0.0                                                   744310  5  356
 0.0        0.0             16035          0          1          9744310  5  357
          9          1                                            744310  5  358
 680000000. 1.63102E-8 720000000. 1.63981E-8 760000000. 1.29673E-8744310  5  359
 800000000. 1.55667E-8 840000000. 1.82366E-8 880000000. 2.08590E-8744310  5  360
 920000000. 2.44198E-8 960000000. 2.62129E-8 1.00000E+9 0.0       744310  5  361
 0.0        0.0             16036          0          1         13744310  5  362
         13          1                                            744310  5  363
 520000000. 1.38280E-8 560000000. 1.17171E-8 600000000. 9.60635E-9744310  5  364
 640000000. 8.55980E-9 680000000. 9.44666E-9 720000000. 1.11996E-8744310  5  365
 760000000. 1.29550E-8 800000000. 1.29969E-8 840000000. 1.38764E-8744310  5  366
 880000000. 1.30642E-8 920000000. 1.47989E-8 960000000. 1.74918E-8744310  5  367
 1.00000E+9 0.0                                                   744310  5  368
 0.0        0.0             16037          0          1         12744310  5  369
         12          1                                            744310  5  370
 560000000. 9.27954E-9 600000000. 1.02214E-8 640000000. 1.02648E-8744310  5  371
 680000000. 1.03081E-8 720000000. 1.24854E-8 760000000. 1.68364E-8744310  5  372
 800000000. 1.38921E-8 840000000. 9.54566E-9 880000000. 1.13110E-8744310  5  373
 920000000. 1.48188E-8 960000000. 2.00946E-8 1.00000E+9 0.0       744310  5  374
 0.0        0.0             16038          0          1          7744310  5  375
          7          1                                            744310  5  376
 760000000. 1.24409E-8 800000000. 1.31690E-8 840000000. 1.38972E-8744310  5  377
 880000000. 1.46253E-8 920000000. 1.53534E-8 960000000. 1.48659E-8744310  5  378
 1.00000E+9 0.0                                                   744310  5  379
 0.0        0.0             16039          0          1          2744310  5  380
          2          1                                            744310  5  381
 960000000. 8.73000E-9 1.00000E+9 0.0                             744310  5  382
 0.0        0.0             17035          0          1         11744310  5  383
         11          1                                            744310  5  384
 600000000. 9.37893E-9 640000000. 9.83676E-9 680000000. 1.24575E-8744310  5  385
 720000000. 1.29377E-8 760000000. 1.20949E-8 800000000. 1.47037E-8744310  5  386
 840000000. 1.30485E-8 880000000. 1.38862E-8 920000000. 1.65834E-8744310  5  387
 960000000. 1.57230E-8 1.00000E+9 0.0                             744310  5  388
 0.0        0.0             17036          0          1         10744310  5  389
         10          1                                            744310  5  390
 640000000. 8.98298E-9 680000000. 9.87824E-9 720000000. 1.37638E-8744310  5  391
 760000000. 1.47070E-8 800000000. 1.47037E-8 840000000. 2.25344E-8744310  5  392
 880000000. 2.00628E-8 920000000. 2.00142E-8 960000000. 3.31841E-8744310  5  393
 1.00000E+9 0.0                                                   744310  5  394
 0.0        0.0             17037          0          1         11744310  5  395
         11          1                                            744310  5  396
 600000000. 1.27572E-8 640000000. 1.62560E-8 680000000. 1.54861E-8744310  5  397
 720000000. 2.06376E-8 760000000. 2.42193E-8 800000000. 1.90639E-8744310  5  398
 840000000. 2.33977E-8 880000000. 2.61256E-8 920000000. 2.70089E-8744310  5  399
 960000000. 3.66790E-8 1.00000E+9 0.0                             744310  5  400
 0.0        0.0             17038          0          1         15744310  5  401
         15          1                                            744310  5  402
 440000000. 8.15464E-9 480000000. 9.03346E-9 520000000. 1.08088E-8744310  5  403
 560000000. 1.01336E-8 600000000. 1.10523E-8 640000000. 1.70900E-8744310  5  404
 680000000. 2.06296E-8 720000000. 2.41137E-8 760000000. 2.42193E-8744310  5  405
 800000000. 2.07848E-8 840000000. 2.51461E-8 880000000. 2.26664E-8744310  5  406
 920000000. 2.08977E-8 960000000. 2.96960E-8 1.00000E+9 0.0       744310  5  407
 0.0        0.0             17039          0          1         14744310  5  408
         14          1                                            744310  5  409
 480000000. 1.20831E-8 520000000. 1.33671E-8 560000000. 1.46510E-8744310  5  410
 600000000. 1.40634E-8 640000000. 1.15626E-8 680000000. 1.28752E-8744310  5  411
 720000000. 1.72293E-8 760000000. 1.90098E-8 800000000. 2.07707E-8744310  5  412
 840000000. 2.08433E-8 880000000. 2.08719E-8 920000000. 1.92096E-8744310  5  413
 960000000. 1.83420E-8 1.00000E+9 0.0                             744310  5  414
 0.0        0.0             17040          0          1          8744310  5  415
          8          1                                            744310  5  416
 720000000. 1.12126E-8 760000000. 1.08012E-8 800000000. 1.16914E-8744310  5  417
 840000000. 1.04284E-8 880000000. 9.56596E-9 920000000. 1.13312E-8744310  5  418
 960000000. 1.22200E-8 1.00000E+9 0.0                             744310  5  419
 0.0        0.0             17041          0          1          6744310  5  420
          6          1                                            744310  5  421
 800000000. 8.65992E-9 840000000. 8.67992E-9 880000000. 8.69993E-9744310  5  422
 920000000. 8.71993E-9 960000000. 8.73993E-9 1.00000E+9 0.0       744310  5  423
 0.0        0.0             18036          0          1          2744310  5  424
          2          1                                            744310  5  425
 960000000. 8.73000E-9 1.00000E+9 0.0                             744310  5  426
 0.0        0.0             18037          0          1          9744310  5  427
          9          1                                            744310  5  428
 680000000. 1.20265E-8 720000000. 1.20598E-8 760000000. 1.20932E-8744310  5  429
 800000000. 1.04040E-8 840000000. 1.12647E-8 880000000. 1.30513E-8744310  5  430
 920000000. 1.13411E-8 960000000. 1.30971E-8 1.00000E+9 0.0       744310  5  431
 0.0        0.0             18038          0          1         13744310  5  432
         13          1                                            744310  5  433
 520000000. 9.99826E-9 560000000. 1.35198E-8 600000000. 1.87178E-8744310  5  434
 640000000. 2.18289E-8 680000000. 2.10587E-8 720000000. 2.15470E-8744310  5  435
 760000000. 2.41800E-8 800000000. 2.59798E-8 840000000. 3.29408E-8744310  5  436
 880000000. 3.05156E-8 920000000. 2.61327E-8 960000000. 3.40719E-8744310  5  437
 1.00000E+9 0.0                                                   744310  5  438
 0.0        0.0             18039          0          1         13744310  5  439
         13          1                                            744310  5  440
 520000000. 1.08088E-8 560000000. 1.18140E-8 600000000. 1.27705E-8744310  5  441
 640000000. 1.87926E-8 680000000. 2.06574E-8 720000000. 2.06637E-8744310  5  442
 760000000. 2.93404E-8 800000000. 3.37817E-8 840000000. 3.29847E-8744310  5  443
 880000000. 3.04690E-8 920000000. 2.53084E-8 960000000. 3.66345E-8744310  5  444
 1.00000E+9 0.0                                                   744310  5  445
 0.0        0.0             18040          0          1         13744310  5  446
         13          1                                            744310  5  447
 520000000. 1.55153E-8 560000000. 1.68225E-8 600000000. 1.81296E-8744310  5  448
 640000000. 1.54343E-8 680000000. 1.62988E-8 720000000. 1.89804E-8744310  5  449
 760000000. 2.24255E-8 800000000. 2.59938E-8 840000000. 2.86161E-8744310  5  450
 880000000. 3.65189E-8 920000000. 4.01147E-8 960000000. 3.67285E-8744310  5  451
 1.00000E+9 0.0                                                   744310  5  452
 0.0        0.0             18041          0          1         14744310  5  453
         14          1                                            744310  5  454
 480000000. 9.87628E-9 520000000. 9.14888E-9 560000000. 1.05295E-8744310  5  455
 600000000. 1.14799E-8 640000000. 1.70827E-8 680000000. 1.97892E-8744310  5  456
 720000000. 1.55304E-8 760000000. 1.63977E-8 800000000. 1.81919E-8744310  5  457
 840000000. 1.56333E-8 880000000. 2.25653E-8 920000000. 2.27267E-8744310  5  458
 960000000. 1.65920E-8 1.00000E+9 0.0                             744310  5  459
 0.0        0.0             18042          0          1         13744310  5  460
         13          1                                            744310  5  461
 520000000. 1.16384E-8 560000000. 1.28976E-8 600000000. 1.18606E-8744310  5  462
 640000000. 1.08236E-8 680000000. 1.37270E-8 720000000. 1.80970E-8744310  5  463
 760000000. 1.64370E-8 800000000. 1.55758E-8 840000000. 1.39118E-8744310  5  464
 880000000. 1.38991E-8 920000000. 1.83087E-8 960000000. 1.92299E-8744310  5  465
 1.00000E+9 0.0                                                   744310  5  466
 0.0        0.0             18043          0          1         16744310  5  467
         16          1                                            744310  5  468
 400000000. 9.64437E-9 440000000. 9.55158E-9 480000000. 9.45880E-9744310  5  469
 520000000. 9.36603E-9 560000000. 9.27326E-9 600000000. 9.18050E-9744310  5  470
 640000000. 9.08774E-9 680000000. 8.99499E-9 720000000. 8.90224E-9744310  5  471
 760000000. 8.80949E-9 800000000. 8.71674E-9 840000000. 1.04064E-8744310  5  472
 880000000. 1.21849E-8 920000000. 1.13436E-8 960000000. 9.61837E-9744310  5  473
 1.00000E+9 0.0                                                   744310  5  474
 0.0        0.0             18044          0          1          4744310  5  475
          4          1                                            744310  5  476
 880000000. 8.69000E-9 920000000. 8.69000E-9 960000000. 8.69000E-9744310  5  477
 1.00000E+9 0.0                                                   744310  5  478
 0.0        0.0             19039          0          1          3744310  5  479
          3          1                                            744310  5  480
 920000000. 1.74522E-8 960000000. 1.31278E-8 1.00000E+9 0.0       744310  5  481
 0.0        0.0             19040          0          1         13744310  5  482
         13          1                                            744310  5  483
 520000000. 1.08299E-8 560000000. 1.01198E-8 600000000. 1.27705E-8744310  5  484
 640000000. 1.53923E-8 680000000. 1.37775E-8 720000000. 1.29066E-8744310  5  485
 760000000. 1.89803E-8 800000000. 2.33777E-8 840000000. 2.68946E-8744310  5  486
 880000000. 2.52620E-8 920000000. 3.04667E-8 960000000. 3.93356E-8744310  5  487
 1.00000E+9 0.0                                                   744310  5  488
 0.0        0.0             19041          0          1         14744310  5  489
         14          1                                            744310  5  490
 480000000. 1.39273E-8 520000000. 1.58300E-8 560000000. 1.18140E-8744310  5  491
 600000000. 1.86862E-8 640000000. 2.22840E-8 680000000. 1.63543E-8744310  5  492
 720000000. 1.72138E-8 760000000. 2.50228E-8 800000000. 3.71863E-8744310  5  493
 840000000. 3.56537E-8 880000000. 3.04225E-8 920000000. 3.66173E-8744310  5  494
 960000000. 4.62861E-8 1.00000E+9 0.0                             744310  5  495
 0.0        0.0             19042          0          1         13744310  5  496
         13          1                                            744310  5  497
 520000000. 1.66441E-8 560000000. 1.85496E-8 600000000. 2.21544E-8744310  5  498
 640000000. 2.05618E-8 680000000. 2.23219E-8 720000000. 3.01358E-8744310  5  499
 760000000. 3.02716E-8 800000000. 3.37213E-8 840000000. 3.04572E-8744310  5  500
 880000000. 2.25990E-8 920000000. 3.56967E-8 960000000. 5.06689E-8744310  5  501
 1.00000E+9 0.0                                                   744310  5  502
 0.0        0.0             19043          0          1         18744310  5  503
         18          1                                            744310  5  504
 320000000. 9.36456E-9 360000000. 9.02671E-9 400000000. 8.68893E-9744310  5  505
 440000000. 8.35120E-9 480000000. 1.06664E-8 520000000. 1.24842E-8744310  5  506
 560000000. 1.30521E-8 600000000. 1.57281E-8 640000000. 2.13663E-8744310  5  507
 680000000. 2.40810E-8 720000000. 2.58337E-8 760000000. 3.45203E-8744310  5  508
 800000000. 3.46769E-8 840000000. 2.77882E-8 880000000. 3.47502E-8744310  5  509
 920000000. 3.84068E-8 960000000. 3.93031E-8 1.00000E+9 0.0       744310  5  510
 0.0        0.0             19044          0          1         16744310  5  511
         16          1                                            744310  5  512
 400000000. 9.31850E-9 440000000. 8.56297E-9 480000000. 1.06664E-8744310  5  513
 520000000. 1.24842E-8 560000000. 1.34945E-8 600000000. 1.44888E-8744310  5  514
 640000000. 1.19970E-8 680000000. 1.37270E-8 720000000. 1.72398E-8744310  5  515
 760000000. 2.15679E-8 800000000. 2.42589E-8 840000000. 2.25698E-8744310  5  516
 880000000. 2.43519E-8 920000000. 1.92243E-8 960000000. 1.91873E-8744310  5  517
 1.00000E+9 0.0                                                   744310  5  518
 0.0        0.0             19045          0          1         16744310  5  519
         16          1                                            744310  5  520
 400000000. 8.11260E-9 440000000. 8.17889E-9 480000000. 8.24518E-9744310  5  521
 520000000. 8.31147E-9 560000000. 8.37774E-9 600000000. 8.44402E-9744310  5  522
 640000000. 8.51029E-9 680000000. 8.57656E-9 720000000. 1.11866E-8744310  5  523
 760000000. 1.42562E-8 800000000. 1.51563E-8 840000000. 1.39033E-8744310  5  524
 880000000. 1.21849E-8 920000000. 1.30787E-8 960000000. 1.39849E-8744310  5  525
 1.00000E+9 0.0                                                   744310  5  526
 0.0        0.0             20041          0          1          9744310  5  527
          9          1                                            744310  5  528
 680000000. 1.00276E-8 720000000. 9.47748E-9 760000000. 8.92735E-9744310  5  529
 800000000. 1.38226E-8 840000000. 1.47885E-8 880000000. 9.57637E-9744310  5  530
 920000000. 1.21901E-8 960000000. 1.31278E-8 1.00000E+9 0.0       744310  5  531
 0.0        0.0             20042          0          1         11744310  5  532
         11          1                                            744310  5  533
 600000000. 1.27696E-8 640000000. 1.79663E-8 680000000. 2.31850E-8744310  5  534
 720000000. 2.41503E-8 760000000. 2.33224E-8 800000000. 2.51077E-8744310  5  535
 840000000. 2.43182E-8 880000000. 2.60840E-8 920000000. 2.87860E-8744310  5  536
 960000000. 2.97079E-8 1.00000E+9 0.0                             744310  5  537
 0.0        0.0             20043          0          1         13744310  5  538
         13          1                                            744310  5  539
 520000000. 1.24736E-8 560000000. 1.51844E-8 600000000. 1.53480E-8744310  5  540
 640000000. 2.04903E-8 680000000. 2.83613E-8 720000000. 2.76003E-8744310  5  541
 760000000. 3.02078E-8 800000000. 3.72185E-8 840000000. 3.90664E-8744310  5  542
 880000000. 3.91482E-8 920000000. 4.96516E-8 960000000. 6.20467E-8744310  5  543
 1.00000E+9 0.0                                                   744310  5  544
 0.0        0.0             20044          0          1         15744310  5  545
         15          1                                            744310  5  546
 440000000. 8.95782E-9 480000000. 1.31202E-8 520000000. 1.66385E-8744310  5  547
 560000000. 2.02395E-8 600000000. 2.63918E-8 640000000. 2.57090E-8744310  5  548
 680000000. 3.08776E-8 720000000. 3.87974E-8 760000000. 3.88722E-8744310  5  549
 800000000. 3.03772E-8 840000000. 2.60094E-8 880000000. 3.73795E-8744310  5  550
 920000000. 4.79437E-8 960000000. 5.50567E-8 1.00000E+9 0.0       744310  5  551
 0.0        0.0             20045          0          1         17744310  5  552
         17          1                                            744310  5  553
 360000000. 9.62594E-9 400000000. 1.13444E-8 440000000. 1.22177E-8744310  5  554
 480000000. 1.07021E-8 520000000. 1.32871E-8 560000000. 1.94087E-8744310  5  555
 600000000. 2.55193E-8 640000000. 2.99680E-8 680000000. 2.66641E-8744310  5  556
 720000000. 2.24253E-8 760000000. 3.27413E-8 800000000. 3.64351E-8744310  5  557
 840000000. 2.60533E-8 880000000. 3.30053E-8 920000000. 4.27284E-8744310  5  558
 960000000. 4.54478E-8 1.00000E+9 0.0                             744310  5  559
 0.0        0.0             20046          0          1         18744310  5  560
         18          1                                            744310  5  561
 320000000. 8.78001E-9 360000000. 8.42982E-9 400000000. 9.30555E-9744310  5  562
 440000000. 8.97638E-9 480000000. 9.03346E-9 520000000. 1.16384E-8744310  5  563
 560000000. 1.77050E-8 600000000. 1.96170E-8 640000000. 1.45706E-8744310  5  564
 680000000. 1.20298E-8 720000000. 1.97649E-8 760000000. 3.02226E-8744310  5  565
 800000000. 3.29097E-8 840000000. 2.69519E-8 880000000. 2.43440E-8744310  5  566
 920000000. 2.18431E-8 960000000. 2.35563E-8 1.00000E+9 0.0       744310  5  567
 0.0        0.0             20047          0          1         17744310  5  568
         17          1                                            744310  5  569
 360000000. 8.23456E-9 400000000. 8.71246E-9 440000000. 9.19029E-9744310  5  570
 480000000. 9.66807E-9 520000000. 9.98407E-9 560000000. 9.68437E-9744310  5  571
 600000000. 8.92409E-9 640000000. 9.41111E-9 680000000. 1.11667E-8744310  5  572
 720000000. 1.20649E-8 760000000. 1.55253E-8 800000000. 2.07707E-8744310  5  573
 840000000. 1.82535E-8 880000000. 1.56470E-8 920000000. 1.91725E-8744310  5  574
 960000000. 2.35820E-8 1.00000E+9 0.0                             744310  5  575
 0.0        0.0             20048          0          1         11744310  5  576
         11          1                                            744310  5  577
 600000000. 1.04614E-8 640000000. 1.09902E-8 680000000. 1.15189E-8744310  5  578
 720000000. 1.20476E-8 760000000. 1.25763E-8 800000000. 1.31050E-8744310  5  579
 840000000. 1.36337E-8 880000000. 1.26171E-8 920000000. 1.00317E-8744310  5  580
 960000000. 8.73000E-9 1.00000E+9 0.0                             744310  5  581
 0.0        0.0             21043          0          1          3744310  5  582
          3          1                                            744310  5  583
 920000000. 1.70104E-8 960000000. 1.26797E-8 1.00000E+9 0.0       744310  5  584
 0.0        0.0             21044          0          1         12744310  5  585
         12          1                                            744310  5  586
 560000000. 1.18096E-8 600000000. 1.19430E-8 640000000. 1.11211E-8744310  5  587
 680000000. 1.03262E-8 720000000. 8.61991E-9 760000000. 1.20703E-8744310  5  588
 800000000. 2.07476E-8 840000000. 2.51765E-8 880000000. 2.78190E-8744310  5  589
 920000000. 3.05309E-8 960000000. 3.05888E-8 1.00000E+9 0.0       744310  5  590
 0.0        0.0             21045          0          1         13744310  5  591
         13          1                                            744310  5  592
 520000000. 1.41118E-8 560000000. 2.19338E-8 600000000. 2.38544E-8744310  5  593
 640000000. 2.22668E-8 680000000. 1.97729E-8 720000000. 2.32409E-8744310  5  594
 760000000. 2.25041E-8 800000000. 2.76402E-8 840000000. 4.25060E-8744310  5  595
 880000000. 4.43890E-8 920000000. 4.61937E-8 960000000. 5.41758E-8744310  5  596
 1.00000E+9 0.0                                                   744310  5  597
 0.0        0.0             21046          0          1         17744310  5  598
         17          1                                            744310  5  599
 360000000. 9.63912E-9 400000000. 1.09275E-8 440000000. 1.34443E-8744310  5  600
 480000000. 1.56080E-8 520000000. 2.24311E-8 560000000. 2.86926E-8744310  5  601
 600000000. 2.64318E-8 640000000. 2.56671E-8 680000000. 3.09168E-8744310  5  602
 720000000. 3.96130E-8 760000000. 4.49296E-8 800000000. 4.41716E-8744310  5  603
 840000000. 4.85742E-8 880000000. 5.74037E-8 920000000. 5.93119E-8744310  5  604
 960000000. 5.59514E-8 1.00000E+9 0.0                             744310  5  605
 0.0        0.0             21047          0          1         19744310  5  606
         19          1                                            744310  5  607
 280000000. 7.96222E-9 320000000. 7.98725E-9 360000000. 8.83016E-9744310  5  608
 400000000. 1.13187E-8 440000000. 1.30394E-8 480000000. 1.72240E-8744310  5  609
 520000000. 2.41170E-8 560000000. 2.78480E-8 600000000. 3.23475E-8744310  5  610
 640000000. 3.34052E-8 680000000. 3.34999E-8 720000000. 3.27807E-8744310  5  611
 760000000. 3.88084E-8 800000000. 4.59157E-8 840000000. 3.65035E-8744310  5  612
 880000000. 3.47710E-8 920000000. 4.53175E-8 960000000. 5.59139E-8744310  5  613
 1.00000E+9 0.0                                                   744310  5  614
 0.0        0.0             21048          0          1         19744310  5  615
         19          1                                            744310  5  616
 280000000. 7.95000E-9 320000000. 8.77351E-9 360000000. 1.04553E-8744310  5  617
 400000000. 1.29436E-8 440000000. 1.38662E-8 480000000. 1.23301E-8744310  5  618
 520000000. 1.74415E-8 560000000. 1.94320E-8 600000000. 1.78720E-8744310  5  619
 640000000. 2.22472E-8 680000000. 2.49214E-8 720000000. 2.58597E-8744310  5  620
 760000000. 3.19230E-8 800000000. 3.89626E-8 840000000. 3.82031E-8744310  5  621
 880000000. 3.91353E-8 920000000. 4.35923E-8 960000000. 4.89308E-8744310  5  622
 1.00000E+9 0.0                                                   744310  5  623
 0.0        0.0             21049          0          1         18744310  5  624
         18          1                                            744310  5  625
 320000000. 8.78001E-9 360000000. 8.42982E-9 400000000. 9.30555E-9744310  5  626
 440000000. 1.21990E-8 480000000. 1.15331E-8 520000000. 9.97357E-9744310  5  627
 560000000. 1.09738E-8 600000000. 1.61404E-8 640000000. 1.80128E-8744310  5  628
 680000000. 1.11944E-8 720000000. 1.03294E-8 760000000. 1.98133E-8744310  5  629
 800000000. 2.85727E-8 840000000. 2.60667E-8 880000000. 2.08927E-8744310  5  630
 920000000. 2.26501E-8 960000000. 2.62198E-8 1.00000E+9 0.0       744310  5  631
 0.0        0.0             21050          0          1         13744310  5  632
         13          1                                            744310  5  633
 520000000. 8.73901E-9 560000000. 9.70942E-9 600000000. 1.02247E-8744310  5  634
 640000000. 1.05519E-8 680000000. 1.11621E-8 720000000. 1.17723E-8744310  5  635
 760000000. 1.29525E-8 800000000. 1.38549E-8 840000000. 1.34557E-8744310  5  636
 880000000. 1.26206E-8 920000000. 1.39475E-8 960000000. 1.57200E-8744310  5  637
 1.00000E+9 0.0                                                   744310  5  638
 0.0        0.0             21051          0          1          2744310  5  639
          2          1                                            744310  5  640
 960000000. 1.04800E-8 1.00000E+9 0.0                             744310  5  641
 0.0        0.0             22045          0          1          5744310  5  642
          5          1                                            744310  5  643
 840000000. 1.04000E-8 880000000. 1.04000E-8 920000000. 1.04000E-8744310  5  644
 960000000. 1.04000E-8 1.00000E+9 0.0                             744310  5  645
 0.0        0.0             22046          0          1         15744310  5  646
         15          1                                            744310  5  647
 440000000. 8.56855E-9 480000000. 9.45906E-9 520000000. 9.15445E-9744310  5  648
 560000000. 9.27954E-9 600000000. 9.37893E-9 640000000. 9.41111E-9744310  5  649
 680000000. 1.45788E-8 720000000. 1.81076E-8 760000000. 1.29918E-8744310  5  650
 800000000. 1.46806E-8 840000000. 2.42829E-8 880000000. 2.69762E-8744310  5  651
 920000000. 2.78974E-8 960000000. 3.05888E-8 1.00000E+9 0.0       744310  5  652
 0.0        0.0             22047          0          1         17744310  5  653
         17          1                                            744310  5  654
 360000000. 8.83016E-9 400000000. 1.05216E-8 440000000. 1.38290E-8744310  5  655
 480000000. 1.72479E-8 520000000. 1.49898E-8 560000000. 1.68554E-8744310  5  656
 600000000. 2.55327E-8 640000000. 2.57090E-8 680000000. 2.40532E-8744310  5  657
 720000000. 2.75692E-8 760000000. 3.45203E-8 800000000. 3.63978E-8744310  5  658
 840000000. 3.47112E-8 880000000. 4.17310E-8 920000000. 4.88272E-8744310  5  659
 960000000. 5.67829E-8 1.00000E+9 0.0                             744310  5  660
 0.0        0.0             22048          0          1         15744310  5  661
         15          1                                            744310  5  662
 440000000. 2.27681E-8 480000000. 2.38682E-8 520000000. 2.49361E-8744310  5  663
 560000000. 2.70216E-8 600000000. 2.63918E-8 640000000. 3.50536E-8744310  5  664
 680000000. 3.61435E-8 720000000. 4.47202E-8 760000000. 5.61816E-8744310  5  665
 800000000. 5.28315E-8 840000000. 4.86315E-8 880000000. 5.64857E-8744310  5  666
 920000000. 6.36904E-8 960000000. 6.55229E-8 1.00000E+9 0.0       744310  5  667
 0.0        0.0             22049          0          1         18744310  5  668
         18          1                                            744310  5  669
 320000000. 1.19649E-8 360000000. 1.52131E-8 400000000. 1.54435E-8744310  5  670
 440000000. 1.38290E-8 480000000. 1.96948E-8 520000000. 2.24683E-8744310  5  671
 560000000. 2.61444E-8 600000000. 3.23609E-8 640000000. 3.93372E-8744310  5  672
 680000000. 4.46943E-8 720000000. 5.67957E-8 760000000. 6.82617E-8744310  5  673
 800000000. 6.41076E-8 840000000. 6.67973E-8 880000000. 6.61660E-8744310  5  674
 920000000. 6.88364E-8 960000000. 7.25861E-8 1.00000E+9 0.0       744310  5  675
 0.0        0.0             22050          0          1         18744310  5  676
         18          1                                            744310  5  677
 320000000. 1.34809E-8 360000000. 1.52960E-8 400000000. 1.45586E-8744310  5  678
 440000000. 1.54961E-8 480000000. 1.80549E-8 520000000. 2.41170E-8744310  5  679
 560000000. 2.95285E-8 600000000. 3.32200E-8 640000000. 3.50905E-8744310  5  680
 680000000. 3.26922E-8 720000000. 3.53003E-8 760000000. 3.89018E-8744310  5  681
 800000000. 4.66950E-8 840000000. 4.95302E-8 880000000. 4.95415E-8744310  5  682
 920000000. 5.06240E-8 960000000. 5.24001E-8 1.00000E+9 0.0       744310  5  683
 0.0        0.0             22051          0          1         18744310  5  684
         18          1                                            744310  5  685
 320000000. 1.08961E-8 360000000. 1.04390E-8 400000000. 9.98196E-9744310  5  686
 440000000. 1.34530E-8 480000000. 2.09724E-8 520000000. 1.66813E-8744310  5  687
 560000000. 1.43209E-8 600000000. 1.96037E-8 640000000. 2.05322E-8744310  5  688
 680000000. 2.49050E-8 720000000. 2.50180E-8 760000000. 2.16072E-8744310  5  689
 800000000. 2.85263E-8 840000000. 3.21484E-8 880000000. 2.78447E-8744310  5  690
 920000000. 3.05112E-8 960000000. 3.75600E-8 1.00000E+9 0.0       744310  5  691
 0.0        0.0             22052          0          1         21744310  5  692
         21          1                                            744310  5  693
 200000000. 8.32095E-9 240000000. 8.98450E-9 280000000. 9.64764E-9744310  5  694
 320000000. 1.03105E-8 360000000. 1.09732E-8 400000000. 9.74525E-9744310  5  695
 440000000. 8.15464E-9 480000000. 9.06676E-9 520000000. 1.08652E-8744310  5  696
 560000000. 1.26634E-8 600000000. 1.44616E-8 640000000. 1.54046E-8744310  5  697
 680000000. 1.20575E-8 720000000. 1.11866E-8 760000000. 1.12521E-8744310  5  698
 800000000. 1.03808E-8 840000000. 1.38764E-8 880000000. 1.73870E-8744310  5  699
 920000000. 1.57146E-8 960000000. 1.22349E-8 1.00000E+9 0.0       744310  5  700
 0.0        0.0             22053          0          1         10744310  5  701
         10          1                                            744310  5  702
 640000000. 1.06955E-8 680000000. 1.15957E-8 720000000. 1.12077E-8744310  5  703
 760000000. 9.50727E-9 800000000. 8.65992E-9 840000000. 8.67992E-9744310  5  704
 880000000. 1.04320E-8 920000000. 1.13461E-8 960000000. 1.04899E-8744310  5  705
 1.00000E+9 0.0                                                   744310  5  706
 0.0        0.0             23048          0          1         12744310  5  707
         12          1                                            744310  5  708
 560000000. 1.00995E-8 600000000. 1.01796E-8 640000000. 1.02596E-8744310  5  709
 680000000. 1.03149E-8 720000000. 1.46210E-8 760000000. 2.32979E-8744310  5  710
 800000000. 2.25520E-8 840000000. 1.99496E-8 880000000. 2.34884E-8744310  5  711
 920000000. 2.18184E-8 960000000. 2.09680E-8 1.00000E+9 0.0       744310  5  712
 0.0        0.0             23049          0          1         16744310  5  713
         16          1                                            744310  5  714
 400000000. 8.38016E-9 440000000. 8.99058E-9 480000000. 9.60093E-9744310  5  715
 520000000. 1.41223E-8 560000000. 2.19294E-8 600000000. 2.38727E-8744310  5  716
 640000000. 2.56548E-8 680000000. 2.92245E-8 720000000. 3.18764E-8744310  5  717
 760000000. 3.62749E-8 800000000. 3.38049E-8 840000000. 2.95147E-8744310  5  718
 880000000. 3.04483E-8 920000000. 3.91990E-8 960000000. 4.72046E-8744310  5  719
 1.00000E+9 0.0                                                   744310  5  720
 0.0        0.0             23050          0          1         17744310  5  721
         17          1                                            744310  5  722
 360000000. 1.24437E-8 400000000. 1.17381E-8 440000000. 1.86628E-8744310  5  723
 480000000. 2.38512E-8 520000000. 2.57713E-8 560000000. 3.62641E-8744310  5  724
 600000000. 4.00665E-8 640000000. 4.02131E-8 680000000. 4.12707E-8744310  5  725
 720000000. 4.73546E-8 760000000. 5.52995E-8 800000000. 5.71454E-8744310  5  726
 840000000. 6.41991E-8 880000000. 7.47907E-8 920000000. 7.50315E-8744310  5  727
 960000000. 7.77509E-8 1.00000E+9 0.0                             744310  5  728
 0.0        0.0             23051          0          1         21744310  5  729
         21          1                                            744310  5  730
 200000000. 9.01811E-9 240000000. 1.11230E-8 280000000. 1.32266E-8744310  5  731
 320000000. 1.35598E-8 360000000. 1.44405E-8 400000000. 1.38029E-8744310  5  732
 440000000. 1.70516E-8 480000000. 3.03442E-8 520000000. 3.49630E-8744310  5  733
 560000000. 3.87942E-8 600000000. 3.84065E-8 640000000. 3.42146E-8744310  5  734
 680000000. 4.03748E-8 720000000. 5.07995E-8 760000000. 6.13273E-8744310  5  735
 800000000. 6.40844E-8 840000000. 6.68192E-8 880000000. 7.73863E-8744310  5  736
 920000000. 7.67962E-8 960000000. 7.68699E-8 1.00000E+9 0.0       744310  5  737
 0.0        0.0             23052          0          1         19744310  5  738
         19          1                                            744310  5  739
 280000000. 1.35227E-8 320000000. 1.11806E-8 360000000. 1.04349E-8744310  5  740
 400000000. 1.61420E-8 440000000. 2.11941E-8 480000000. 2.46294E-8744310  5  741
 520000000. 3.24258E-8 560000000. 3.46113E-8 600000000. 3.40658E-8744310  5  742
 640000000. 4.10472E-8 680000000. 4.55574E-8 720000000. 3.96912E-8744310  5  743
 760000000. 4.39933E-8 800000000. 5.45524E-8 840000000. 5.12432E-8744310  5  744
 880000000. 5.47665E-8 920000000. 6.45271E-8 960000000. 7.51250E-8744310  5  745
 1.00000E+9 0.0                                                   744310  5  746
 0.0        0.0             23053          0          1         19744310  5  747
         19          1                                            744310  5  748
 280000000. 1.03269E-8 320000000. 1.19590E-8 360000000. 1.68229E-8744310  5  749
 400000000. 2.18611E-8 440000000. 2.44303E-8 480000000. 1.97763E-8744310  5  750
 520000000. 2.07607E-8 560000000. 2.95329E-8 600000000. 2.81368E-8744310  5  751
 640000000. 3.07774E-8 680000000. 3.09836E-8 720000000. 3.01358E-8744310  5  752
 760000000. 3.62749E-8 800000000. 3.55258E-8 840000000. 2.86734E-8744310  5  753
 880000000. 2.78190E-8 920000000. 3.65976E-8 960000000. 4.36978E-8744310  5  754
 1.00000E+9 0.0                                                   744310  5  755
 0.0        0.0             23054          0          1         18744310  5  756
         18          1                                            744310  5  757
 320000000. 1.03609E-8 360000000. 1.20576E-8 400000000. 1.29594E-8744310  5  758
 440000000. 1.54588E-8 480000000. 1.40039E-8 520000000. 1.41223E-8744310  5  759
 560000000. 1.77283E-8 600000000. 1.78854E-8 640000000. 1.79832E-8744310  5  760
 680000000. 1.71897E-8 720000000. 2.23731E-8 760000000. 1.99313E-8744310  5  761
 800000000. 2.07244E-8 840000000. 2.86515E-8 880000000. 2.61127E-8744310  5  762
 920000000. 2.35510E-8 960000000. 2.70701E-8 1.00000E+9 0.0       744310  5  763
 0.0        0.0             23055          0          1         18744310  5  764
         18          1                                            744310  5  765
 320000000. 7.98186E-9 360000000. 8.04693E-9 400000000. 8.10460E-9744310  5  766
 440000000. 8.80384E-9 480000000. 1.01721E-8 520000000. 1.15403E-8744310  5  767
 560000000. 1.29084E-8 600000000. 1.19430E-8 640000000. 1.19724E-8744310  5  768
 680000000. 1.37548E-8 720000000. 1.12282E-8 760000000. 8.63991E-9744310  5  769
 800000000. 9.09138E-9 840000000. 9.98155E-9 880000000. 1.21720E-8744310  5  770
 920000000. 1.39400E-8 960000000. 1.39400E-8 1.00000E+9 0.0       744310  5  771
 0.0        0.0             23056          0          1          2744310  5  772
          2          1                                            744310  5  773
 960000000. 0.0        1.00000E+9 0.0                             744310  5  774
 0.0        0.0             24050          0          1         13744310  5  775
         13          1                                            744310  5  776
 520000000. 8.31926E-9 560000000. 8.43931E-9 600000000. 8.94516E-9744310  5  777
 640000000. 9.84545E-9 680000000. 1.03149E-8 720000000. 1.20543E-8744310  5  778
 760000000. 1.46825E-8 800000000. 1.47269E-8 840000000. 1.64746E-8744310  5  779
 880000000. 2.08719E-8 920000000. 2.78777E-8 960000000. 3.49529E-8744310  5  780
 1.00000E+9 0.0                                                   744310  5  781
 0.0        0.0             24051          0          1         18744310  5  782
         18          1                                            744310  5  783
 320000000. 8.17794E-9 360000000. 8.64342E-9 400000000. 9.10881E-9744310  5  784
 440000000. 9.57413E-9 480000000. 9.04534E-9 520000000. 1.08032E-8744310  5  785
 560000000. 1.51844E-8 600000000. 1.95770E-8 640000000. 2.73575E-8744310  5  786
 680000000. 3.69285E-8 720000000. 3.71034E-8 760000000. 3.71227E-8744310  5  787
 800000000. 4.67273E-8 840000000. 4.60467E-8 880000000. 3.91611E-8744310  5  788
 920000000. 5.22456E-8 960000000. 5.25248E-8 1.00000E+9 0.0       744310  5  789
 0.0        0.0             24052          0          1         15744310  5  790
         15          1                                            744310  5  791
 440000000. 2.04045E-8 480000000. 1.72648E-8 520000000. 1.99521E-8744310  5  792
 560000000. 2.61538E-8 600000000. 3.31933E-8 640000000. 3.76641E-8744310  5  793
 680000000. 4.37869E-8 720000000. 6.11184E-8 760000000. 6.57185E-8744310  5  794
 800000000. 6.31892E-8 840000000. 7.02942E-8 880000000. 6.96252E-8744310  5  795
 920000000. 7.40787E-8 960000000. 7.43429E-8 1.00000E+9 0.0       744310  5  796
 0.0        0.0             24053          0          1         18744310  5  797
         18          1                                            744310  5  798
 320000000. 1.35335E-8 360000000. 1.36679E-8 400000000. 1.77569E-8744310  5  799
 440000000. 2.28190E-8 480000000. 2.38224E-8 520000000. 3.15800E-8744310  5  800
 560000000. 3.37805E-8 600000000. 3.74174E-8 640000000. 5.64199E-8744310  5  801
 680000000. 6.02245E-8 720000000. 5.68684E-8 760000000. 7.59213E-8744310  5  802
 800000000. 8.32046E-8 840000000. 7.63759E-8 880000000. 8.52227E-8744310  5  803
 920000000. 8.63776E-8 960000000. 9.34551E-8 1.00000E+9 0.0       744310  5  804
 0.0        0.0             24054          0          1         21744310  5  805
         21          1                                            744310  5  806
 200000000. 1.34057E-8 240000000. 1.79686E-8 280000000. 1.55395E-8744310  5  807
 320000000. 1.74813E-8 360000000. 2.00974E-8 400000000. 2.74350E-8744310  5  808
 440000000. 3.42471E-8 480000000. 3.93896E-8 520000000. 3.74847E-8744310  5  809
 560000000. 3.54145E-8 600000000. 4.93604E-8 640000000. 5.73500E-8744310  5  810
 680000000. 5.24814E-8 720000000. 5.51067E-8 760000000. 5.70786E-8744310  5  811
 800000000. 5.02295E-8 840000000. 6.93163E-8 880000000. 8.26944E-8744310  5  812
 920000000. 7.24104E-8 960000000. 8.12152E-8 1.00000E+9 0.0       744310  5  813
 0.0        0.0             24055          0          1         20744310  5  814
         20          1                                            744310  5  815
 240000000. 9.51942E-9 280000000. 1.26848E-8 320000000. 1.19912E-8744310  5  816
 360000000. 1.51948E-8 400000000. 1.70635E-8 440000000. 2.59298E-8744310  5  817
 480000000. 3.21064E-8 520000000. 2.82713E-8 560000000. 3.79540E-8744310  5  818
 600000000. 4.59955E-8 640000000. 5.13392E-8 680000000. 5.50141E-8744310  5  819
 720000000. 4.74744E-8 760000000. 4.74631E-8 800000000. 5.02668E-8744310  5  820
 840000000. 5.46255E-8 880000000. 6.87072E-8 920000000. 6.63189E-8744310  5  821
 960000000. 6.20467E-8 1.00000E+9 0.0                             744310  5  822
 0.0        0.0             24056          0          1         20744310  5  823
         20          1                                            744310  5  824
 240000000. 7.97269E-9 280000000. 7.95767E-9 320000000. 9.53821E-9744310  5  825
 360000000. 1.04532E-8 400000000. 1.53192E-8 440000000. 2.03859E-8744310  5  826
 480000000. 2.21656E-8 520000000. 2.66121E-8 560000000. 2.19708E-8744310  5  827
 600000000. 2.88526E-8 640000000. 3.60034E-8 680000000. 3.17799E-8744310  5  828
 720000000. 3.19130E-8 760000000. 2.85171E-8 800000000. 2.85727E-8744310  5  829
 840000000. 2.77882E-8 880000000. 2.60998E-8 920000000. 3.56967E-8744310  5  830
 960000000. 3.50211E-8 1.00000E+9 0.0                             744310  5  831
 0.0        0.0             24057          0          1         18744310  5  832
         18          1                                            744310  5  833
 320000000. 1.19123E-8 360000000. 1.36679E-8 400000000. 1.05630E-8744310  5  834
 440000000. 8.15464E-9 480000000. 9.84746E-9 520000000. 1.24736E-8744310  5  835
 560000000. 1.35039E-8 600000000. 1.36297E-8 640000000. 1.45410E-8744310  5  836
 680000000. 1.37611E-8 720000000. 1.63410E-8 760000000. 2.07348E-8744310  5  837
 800000000. 1.99268E-8 840000000. 1.90998E-8 880000000. 1.48171E-8744310  5  838
 920000000. 1.56628E-8 960000000. 1.48915E-8 1.00000E+9 0.0       744310  5  839
 0.0        0.0             24058          0          1         15744310  5  840
         15          1                                            744310  5  841
 440000000. 9.38290E-9 480000000. 8.63747E-9 520000000. 8.86905E-9744310  5  842
 560000000. 1.01029E-8 600000000. 1.13367E-8 640000000. 1.15566E-8744310  5  843
 680000000. 1.07414E-8 720000000. 1.11971E-8 760000000. 1.20800E-8744310  5  844
 800000000. 1.20800E-8 840000000. 1.20800E-8 880000000. 1.20800E-8744310  5  845
 920000000. 1.20800E-8 960000000. 1.20800E-8 1.00000E+9 0.0       744310  5  846
 0.0        0.0             25052          0          1         11744310  5  847
         11          1                                            744310  5  848
 600000000. 8.51978E-9 640000000. 8.55980E-9 680000000. 1.02985E-8744310  5  849
 720000000. 1.29221E-8 760000000. 1.21097E-8 800000000. 1.34102E-8744310  5  850
 840000000. 1.95213E-8 880000000. 1.91656E-8 920000000. 1.74325E-8744310  5  851
 960000000. 1.74918E-8 1.00000E+9 0.0                             744310  5  852
 0.0        0.0             25053          0          1         14744310  5  853
         14          1                                            744310  5  854
 480000000. 1.64100E-8 520000000. 1.66596E-8 560000000. 1.68648E-8744310  5  855
 600000000. 1.79121E-8 640000000. 1.96563E-8 680000000. 2.83336E-8744310  5  856
 720000000. 3.27596E-8 760000000. 3.02619E-8 800000000. 2.77147E-8744310  5  857
 840000000. 3.81289E-8 880000000. 4.44019E-8 920000000. 3.57806E-8744310  5  858
 960000000. 4.45054E-8 1.00000E+9 0.0                             744310  5  859
 0.0        0.0             25054          0          1         17744310  5  860
         17          1                                            744310  5  861
 360000000. 1.43991E-8 400000000. 1.70427E-8 440000000. 1.38662E-8744310  5  862
 480000000. 1.55911E-8 520000000. 1.99576E-8 560000000. 2.36237E-8744310  5  863
 600000000. 3.06292E-8 640000000. 3.68005E-8 680000000. 4.03748E-8744310  5  864
 720000000. 4.65234E-8 760000000. 5.52602E-8 800000000. 5.11620E-8744310  5  865
 840000000. 6.23629E-8 880000000. 7.48788E-8 920000000. 7.66801E-8744310  5  866
 960000000. 9.52307E-8 1.00000E+9 0.0                             744310  5  867
 0.0        0.0             25055          0          1         19744310  5  868
         19          1                                            744310  5  869
 280000000. 1.35581E-8 320000000. 1.39361E-8 360000000. 1.96871E-8744310  5  870
 400000000. 2.50801E-8 440000000. 3.41589E-8 480000000. 3.13094E-8744310  5  871
 520000000. 2.82553E-8 560000000. 3.62874E-8 600000000. 4.42456E-8744310  5  872
 640000000. 5.47591E-8 680000000. 6.01576E-8 720000000. 7.06216E-8744310  5  873
 760000000. 7.94892E-8 800000000. 7.96742E-8 840000000. 7.89960E-8744310  5  874
 880000000. 8.43541E-8 920000000. 1.01964E-7 960000000. 1.04070E-7744310  5  875
 1.00000E+9 0.0                                                   744310  5  876
 0.0        0.0             25056          0          1         20744310  5  877
         20          1                                            744310  5  878
 240000000. 1.11916E-8 280000000. 1.80755E-8 320000000. 2.23924E-8744310  5  879
 360000000. 1.92651E-8 400000000. 1.78656E-8 440000000. 1.78969E-8744310  5  880
 480000000. 2.78854E-8 520000000. 4.48727E-8 560000000. 4.64580E-8744310  5  881
 600000000. 4.25589E-8 640000000. 5.13392E-8 680000000. 6.52457E-8744310  5  882
 720000000. 7.67114E-8 760000000. 7.60440E-8 800000000. 7.61952E-8744310  5  883
 840000000. 8.50204E-8 880000000. 9.56884E-8 920000000. 1.10689E-7744310  5  884
 960000000. 1.07595E-7 1.00000E+9 0.0                             744310  5  885
 0.0        0.0             25057          0          1         22744310  5  886
         22          1                                            744310  5  887
 180000000. 8.00000E-9 200000000. 8.76601E-9 240000000. 8.78593E-9744310  5  888
 280000000. 1.33863E-8 320000000. 2.14817E-8 360000000. 2.56945E-8744310  5  889
 400000000. 2.75436E-8 440000000. 2.85169E-8 480000000. 3.36578E-8744310  5  890
 520000000. 3.57877E-8 560000000. 3.79584E-8 600000000. 4.59772E-8744310  5  891
 640000000. 4.62485E-8 680000000. 5.06505E-8 720000000. 6.03288E-8744310  5  892
 760000000. 5.53486E-8 800000000. 5.53781E-8 840000000. 7.28486E-8744310  5  893
 880000000. 7.74745E-8 920000000. 7.32470E-8 960000000. 7.69125E-8744310  5  894
 1.00000E+9 0.0                                                   744310  5  895
 0.0        0.0             25058          0          1         21744310  5  896
         21          1                                            744310  5  897
 200000000. 1.11369E-8 240000000. 1.19662E-8 280000000. 1.11200E-8744310  5  898
 320000000. 1.58601E-8 360000000. 2.88264E-8 400000000. 2.84652E-8744310  5  899
 440000000. 2.03672E-8 480000000. 2.38105E-8 520000000. 2.66226E-8744310  5  900
 560000000. 3.62503E-8 600000000. 3.75607E-8 640000000. 3.25046E-8744310  5  901
 680000000. 4.46324E-8 720000000. 4.48972E-8 760000000. 3.54321E-8744310  5  902
 800000000. 4.58230E-8 840000000. 4.69454E-8 880000000. 4.43266E-8744310  5  903
 920000000. 4.71267E-8 960000000. 4.45668E-8 1.00000E+9 0.0       744310  5  904
 0.0        0.0             25059          0          1         22744310  5  905
         22          1                                            744310  5  906
 180000000. 8.81405E-9 200000000. 1.10689E-8 240000000. 1.74137E-8744310  5  907
 280000000. 1.75508E-8 320000000. 1.35598E-8 360000000. 1.32419E-8744310  5  908
 400000000. 1.41627E-8 440000000. 1.38662E-8 480000000. 1.31491E-8744310  5  909
 520000000. 1.66225E-8 560000000. 1.68924E-8 600000000. 1.44755E-8744310  5  910
 640000000. 1.28606E-8 680000000. 1.11667E-8 720000000. 1.80554E-8744310  5  911
 760000000. 2.67676E-8 800000000. 2.34241E-8 840000000. 1.56333E-8744310  5  912
 880000000. 2.34289E-8 920000000. 2.79369E-8 960000000. 2.62010E-8744310  5  913
 1.00000E+9 0.0                                                   744310  5  914
 0.0        0.0             25060          0          1         14744310  5  915
         14          1                                            744310  5  916
 480000000. 9.87628E-9 520000000. 8.31926E-9 560000000. 8.43931E-9744310  5  917
 600000000. 8.51978E-9 640000000. 8.55980E-9 680000000. 1.02985E-8744310  5  918
 720000000. 1.54887E-8 760000000. 1.90123E-8 800000000. 1.90573E-8744310  5  919
 840000000. 1.56518E-8 880000000. 1.21849E-8 920000000. 1.82816E-8744310  5  920
 960000000. 1.92605E-8 1.00000E+9 0.0                             744310  5  921
 0.0        0.0             25061          0          1         14744310  5  922
         14          1                                            744310  5  923
 480000000. 8.18000E-9 520000000. 8.18000E-9 560000000. 8.18000E-9744310  5  924
 600000000. 8.18000E-9 640000000. 8.18000E-9 680000000. 8.18000E-9744310  5  925
 720000000. 8.18000E-9 760000000. 8.18000E-9 800000000. 8.18000E-9744310  5  926
 840000000. 8.18000E-9 880000000. 8.18000E-9 920000000. 8.18000E-9744310  5  927
 960000000. 8.18000E-9 1.00000E+9 0.0                             744310  5  928
 0.0        0.0             26054          0          1          6744310  5  929
          6          1                                            744310  5  930
 800000000. 9.51789E-9 840000000. 1.29997E-8 880000000. 1.22007E-8744310  5  931
 920000000. 1.47866E-8 960000000. 1.92367E-8 1.00000E+9 0.0       744310  5  932
 0.0        0.0             26055          0          1         13744310  5  933
         13          1                                            744310  5  934
 520000000. 1.16440E-8 560000000. 1.51749E-8 600000000. 2.04361E-8744310  5  935
 640000000. 1.97105E-8 680000000. 1.80415E-8 720000000. 2.23837E-8744310  5  936
 760000000. 2.42045E-8 800000000. 2.85354E-8 840000000. 3.29981E-8744310  5  937
 880000000. 3.13247E-8 920000000. 4.00628E-8 960000000. 4.37303E-8744310  5  938
 1.00000E+9 0.0                                                   744310  5  939
 0.0        0.0             26056          0          1         17744310  5  940
         17          1                                            744310  5  941
 360000000. 1.04168E-8 400000000. 1.69598E-8 440000000. 1.87747E-8744310  5  942
 480000000. 2.13228E-8 520000000. 3.15855E-8 560000000. 3.54515E-8744310  5  943
 600000000. 3.23925E-8 640000000. 3.67636E-8 680000000. 4.29743E-8744310  5  944
 720000000. 4.65234E-8 760000000. 5.52602E-8 800000000. 6.49192E-8744310  5  945
 840000000. 6.25433E-8 880000000. 6.17393E-8 920000000. 6.28216E-8744310  5  946
 960000000. 5.85586E-8 1.00000E+9 0.0                             744310  5  947
 0.0        0.0             26057          0          1         18744310  5  948
         18          1                                            744310  5  949
 320000000. 1.19912E-8 360000000. 1.51948E-8 400000000. 1.70635E-8744310  5  950
 440000000. 2.19040E-8 480000000. 3.61168E-8 520000000. 4.32506E-8744310  5  951
 560000000. 4.72517E-8 600000000. 5.70211E-8 640000000. 6.33608E-8744310  5  952
 680000000. 6.27408E-8 720000000. 7.40560E-8 760000000. 8.72520E-8744310  5  953
 800000000. 9.00692E-8 840000000. 8.16516E-8 880000000. 8.43255E-8744310  5  954
 920000000. 1.10669E-7 960000000. 1.21524E-7 1.00000E+9 0.0       744310  5  955
 0.0        0.0             26058          0          1         21744310  5  956
         21          1                                            744310  5  957
 200000000. 8.76601E-9 240000000. 9.55564E-9 280000000. 1.18619E-8744310  5  958
 320000000. 1.90499E-8 360000000. 2.41079E-8 400000000. 2.75022E-8744310  5  959
 440000000. 3.41962E-8 480000000. 4.59522E-8 520000000. 4.74632E-8744310  5  960
 560000000. 5.14347E-8 600000000. 7.48748E-8 640000000. 7.45730E-8744310  5  961
 680000000. 6.61529E-8 720000000. 7.66749E-8 760000000. 9.23828E-8744310  5  962
 800000000. 9.18737E-8 840000000. 9.62547E-8 880000000. 1.11369E-7744310  5  963
 920000000. 1.02092E-7 960000000. 1.06559E-7 1.00000E+9 0.0       744310  5  964
 0.0        0.0             26059          0          1         22744310  5  965
         22          1                                            744310  5  966
 180000000. 1.11719E-8 200000000. 1.32994E-8 240000000. 1.43318E-8744310  5  967
 280000000. 1.53635E-8 320000000. 1.75076E-8 360000000. 2.95990E-8744310  5  968
 400000000. 3.73046E-8 440000000. 3.66480E-8 480000000. 3.86283E-8744310  5  969
 520000000. 4.32395E-8 560000000. 5.81935E-8 600000000. 6.14017E-8744310  5  970
 640000000. 5.98817E-8 680000000. 6.70275E-8 720000000. 7.15259E-8744310  5  971
 760000000. 7.85923E-8 800000000. 9.17387E-8 840000000. 9.55195E-8744310  5  972
 880000000. 9.39434E-8 920000000. 9.94068E-8 960000000. 8.92276E-8744310  5  973
 1.00000E+9 0.0                                                   744310  5  974
 0.0        0.0             26060          0          1         24744310  5  975
         24          1                                            744310  5  976
 140000000. 1.03822E-8 160000000. 1.19843E-8 180000000. 1.35860E-8744310  5  977
 200000000. 1.82543E-8 240000000. 1.92273E-8 280000000. 1.28063E-8744310  5  978
 320000000. 1.66181E-8 360000000. 2.56945E-8 400000000. 2.91428E-8744310  5  979
 440000000. 2.77510E-8 480000000. 2.30253E-8 520000000. 3.07392E-8744310  5  980
 560000000. 4.05117E-8 600000000. 4.68097E-8 640000000. 5.39250E-8744310  5  981
 680000000. 5.84263E-8 720000000. 5.35171E-8 760000000. 5.95089E-8744310  5  982
 800000000. 6.58798E-8 840000000. 6.16058E-8 880000000. 6.35338E-8744310  5  983
 920000000. 5.49779E-8 960000000. 6.98067E-8 1.00000E+9 0.0       744310  5  984
 0.0        0.0             26061          0          1         23744310  5  985
         23          1                                            744310  5  986
 160000000. 8.19362E-9 180000000. 8.58903E-9 200000000. 9.17300E-9744310  5  987
 240000000. 1.03302E-8 280000000. 9.57026E-9 320000000. 1.34597E-8744310  5  988
 360000000. 1.76967E-8 400000000. 2.01996E-8 440000000. 2.12313E-8744310  5  989
 480000000. 1.48179E-8 520000000. 2.07501E-8 560000000. 2.70216E-8744310  5  990
 600000000. 2.63918E-8 640000000. 2.82580E-8 680000000. 3.26253E-8744310  5  991
 720000000. 3.10918E-8 760000000. 3.19132E-8 800000000. 4.41344E-8744310  5  992
 840000000. 3.65339E-8 880000000. 2.69554E-8 920000000. 3.91867E-8744310  5  993
 960000000. 4.63425E-8 1.00000E+9 0.0                             744310  5  994
 0.0        0.0             26062          0          1         21744310  5  995
         21          1                                            744310  5  996
 200000000. 9.40607E-9 240000000. 9.00514E-9 280000000. 8.60445E-9744310  5  997
 320000000. 8.20393E-9 360000000. 8.02947E-9 400000000. 8.08952E-9744310  5  998
 440000000. 8.14956E-9 480000000. 1.14804E-8 520000000. 1.41490E-8744310  5  999
 560000000. 1.09832E-8 600000000. 1.27439E-8 640000000. 1.28729E-8744310  5 1000
 680000000. 1.37107E-8 720000000. 1.76765E-8 760000000. 1.51259E-8744310  5 1001
 800000000. 1.29969E-8 840000000. 1.30132E-8 880000000. 1.91061E-8744310  5 1002
 920000000. 2.18184E-8 960000000. 1.66227E-8 1.00000E+9 0.0       744310  5 1003
 0.0        0.0             26063          0          1          5744310  5 1004
          5          1                                            744310  5 1005
 840000000. 8.67992E-9 880000000. 8.69993E-9 920000000. 8.71993E-9744310  5 1006
 960000000. 8.73000E-9 1.00000E+9 0.0                             744310  5 1007
 0.0        0.0             27056          0          1          5744310  5 1008
          5          1                                            744310  5 1009
 840000000. 1.39253E-8 880000000. 8.69993E-9 920000000. 1.30540E-8744310  5 1010
 960000000. 1.74799E-8 1.00000E+9 0.0                             744310  5 1011
 0.0        0.0             27057          0          1         17744310  5 1012
         17          1                                            744310  5 1013
 360000000. 8.29637E-9 400000000. 8.90021E-9 440000000. 9.50396E-9744310  5 1014
 480000000. 1.06733E-8 520000000. 1.32983E-8 560000000. 1.43485E-8744310  5 1015
 600000000. 1.78587E-8 640000000. 2.05618E-8 680000000. 2.14701E-8744310  5 1016
 720000000. 1.90064E-8 760000000. 1.29673E-8 800000000. 1.55667E-8744310  5 1017
 840000000. 2.08264E-8 880000000. 2.69476E-8 920000000. 3.39962E-8744310  5 1018
 960000000. 3.32335E-8 1.00000E+9 0.0                             744310  5 1019
 0.0        0.0             27058          0          1         17744310  5 1020
         17          1                                            744310  5 1021
 360000000. 1.00263E-8 400000000. 1.41547E-8 440000000. 1.87187E-8744310  5 1022
 480000000. 1.97356E-8 520000000. 1.99576E-8 560000000. 2.61444E-8744310  5 1023
 600000000. 2.98284E-8 640000000. 4.01466E-8 680000000. 4.13375E-8744310  5 1024
 720000000. 4.12964E-8 760000000. 4.84091E-8 800000000. 5.36341E-8744310  5 1025
 840000000. 7.11221E-8 880000000. 8.09079E-8 920000000. 8.02417E-8744310  5 1026
 960000000. 8.30146E-8 1.00000E+9 0.0                             744310  5 1027
 0.0        0.0             27059          0          1         18744310  5 1028
         18          1                                            744310  5 1029
 320000000. 1.42915E-8 360000000. 1.52960E-8 400000000. 1.61577E-8744310  5 1030
 440000000. 2.35898E-8 480000000. 3.36460E-8 520000000. 3.57982E-8744310  5 1031
 560000000. 3.79540E-8 600000000. 4.85279E-8 640000000. 5.64691E-8744310  5 1032
 680000000. 5.93122E-8 720000000. 7.14477E-8 760000000. 8.63944E-8744310  5 1033
 800000000. 9.43598E-8 840000000. 9.98309E-8 880000000. 9.91891E-8744310  5 1034
 920000000. 1.10689E-7 960000000. 1.18024E-7 1.00000E+9 0.0       744310  5 1035
 0.0        0.0             27060          0          1         19744310  5 1036
         19          1                                            744310  5 1037
 280000000. 1.65612E-8 320000000. 2.31029E-8 360000000. 2.33121E-8744310  5 1038
 400000000. 2.66793E-8 440000000. 3.66107E-8 480000000. 4.10991E-8744310  5 1039
 520000000. 4.73833E-8 560000000. 6.15820E-8 600000000. 7.91438E-8744310  5 1040
 640000000. 9.58358E-8 680000000. 9.71593E-8 720000000. 9.13896E-8744310  5 1041
 760000000. 9.58673E-8 800000000. 1.11656E-7 840000000. 1.32736E-7744310  5 1042
 880000000. 1.21083E-7 920000000. 1.08075E-7 960000000. 1.23219E-7744310  5 1043
 1.00000E+9 0.0                                                   744310  5 1044
 0.0        0.0             27061          0          1         22744310  5 1045
         22          1                                            744310  5 1046
 180000000. 8.25871E-9 200000000. 9.03734E-9 240000000. 1.34286E-8744310  5 1047
 280000000. 1.67027E-8 320000000. 2.61300E-8 360000000. 3.53751E-8744310  5 1048
 400000000. 3.88209E-8 440000000. 4.80388E-8 480000000. 5.42193E-8744310  5 1049
 520000000. 5.57453E-8 560000000. 6.41027E-8 600000000. 7.83430E-8744310  5 1050
 640000000. 8.38930E-8 680000000. 7.31502E-8 720000000. 7.91738E-8744310  5 1051
 760000000. 9.24860E-8 800000000. 9.69387E-8 840000000. 9.90030E-8744310  5 1052
 880000000. 1.11247E-7 920000000. 1.26475E-7 960000000. 1.12810E-7744310  5 1053
 1.00000E+9 0.0                                                   744310  5 1054
 0.0        0.0             27062          0          1         22744310  5 1055
         22          1                                            744310  5 1056
 180000000. 1.01191E-8 200000000. 1.16812E-8 240000000. 1.42899E-8744310  5 1057
 280000000. 1.35581E-8 320000000. 1.58601E-8 360000000. 2.80306E-8744310  5 1058
 400000000. 3.56383E-8 440000000. 3.34439E-8 480000000. 3.69308E-8744310  5 1059
 520000000. 4.57450E-8 560000000. 5.23119E-8 600000000. 6.21443E-8744310  5 1060
 640000000. 7.01810E-8 680000000. 6.11155E-8 720000000. 5.94039E-8744310  5 1061
 760000000. 7.85579E-8 800000000. 7.80188E-8 840000000. 6.94309E-8744310  5 1062
 880000000. 7.82627E-8 920000000. 8.37317E-8 960000000. 9.08548E-8744310  5 1063
 1.00000E+9 0.0                                                   744310  5 1064
 0.0        0.0             27063          0          1         22744310  5 1065
         22          1                                            744310  5 1066
 180000000. 8.78595E-9 200000000. 9.59030E-9 240000000. 1.26540E-8744310  5 1067
 280000000. 1.43354E-8 320000000. 1.74550E-8 360000000. 1.85339E-8744310  5 1068
 400000000. 2.41794E-8 440000000. 3.02028E-8 480000000. 2.95541E-8744310  5 1069
 520000000. 3.07931E-8 560000000. 3.37340E-8 600000000. 3.75024E-8744310  5 1070
 640000000. 4.10472E-8 680000000. 4.04416E-8 720000000. 4.38891E-8744310  5 1071
 760000000. 5.01391E-8 800000000. 4.33228E-8 840000000. 4.07879E-8744310  5 1072
 880000000. 4.52188E-8 920000000. 5.05722E-8 960000000. 5.67948E-8744310  5 1073
 1.00000E+9 0.0                                                   744310  5 1074
 0.0        0.0             27064          0          1         19744310  5 1075
         19          1                                            744310  5 1076
 280000000. 1.34166E-8 320000000. 1.75339E-8 360000000. 1.52960E-8744310  5 1077
 400000000. 1.45586E-8 440000000. 1.62993E-8 480000000. 1.80668E-8744310  5 1078
 520000000. 1.83140E-8 560000000. 2.02395E-8 600000000. 2.89243E-8744310  5 1079
 640000000. 2.23505E-8 680000000. 1.20234E-8 720000000. 2.06376E-8744310  5 1080
 760000000. 2.33617E-8 800000000. 1.90548E-8 840000000. 2.25479E-8744310  5 1081
 880000000. 2.78319E-8 920000000. 3.48526E-8 960000000. 3.15142E-8744310  5 1082
 1.00000E+9 0.0                                                   744310  5 1083
 0.0        0.0             27065          0          1         24744310  5 1084
         24          1                                            744310  5 1085
 140000000. 9.99110E-9 160000000. 1.07921E-8 180000000. 1.11121E-8744310  5 1086
 200000000. 1.08477E-8 240000000. 1.04890E-8 280000000. 1.01306E-8744310  5 1087
 320000000. 9.77240E-9 360000000. 9.47112E-9 400000000. 9.22892E-9744310  5 1088
 440000000. 8.98675E-9 480000000. 8.74461E-9 520000000. 8.50249E-9744310  5 1089
 560000000. 8.43931E-9 600000000. 8.51978E-9 640000000. 8.98298E-9744310  5 1090
 680000000. 9.87824E-9 720000000. 1.37638E-8 760000000. 1.68510E-8744310  5 1091
 800000000. 1.60259E-8 840000000. 1.30401E-8 880000000. 1.47627E-8744310  5 1092
 920000000. 1.78792E-8 960000000. 1.52988E-8 1.00000E+9 0.0       744310  5 1093
 0.0        0.0             28058          0          1          7744310  5 1094
          7          1                                            744310  5 1095
 760000000. 8.63991E-9 800000000. 8.65992E-9 840000000. 9.54318E-9744310  5 1096
 880000000. 1.10206E-8 920000000. 1.22108E-8 960000000. 1.34010E-8744310  5 1097
 1.00000E+9 0.0                                                   744310  5 1098
 0.0        0.0             28059          0          1         11744310  5 1099
         11          1                                            744310  5 1100
 600000000. 1.36262E-8 640000000. 1.71174E-8 680000000. 1.54975E-8744310  5 1101
 720000000. 1.97649E-8 760000000. 2.85073E-8 800000000. 2.60029E-8744310  5 1102
 840000000. 2.60178E-8 880000000. 2.52620E-8 920000000. 2.52689E-8744310  5 1103
 960000000. 3.05888E-8 1.00000E+9 0.0                             744310  5 1104
 0.0        0.0             28060          0          1         16744310  5 1105
         16          1                                            744310  5 1106
 400000000. 9.74525E-9 440000000. 1.54030E-8 480000000. 2.05615E-8744310  5 1107
 520000000. 2.07873E-8 560000000. 2.69940E-8 600000000. 3.15151E-8744310  5 1108
 640000000. 3.67758E-8 680000000. 4.46715E-8 720000000. 4.74173E-8744310  5 1109
 760000000. 5.09426E-8 800000000. 5.62874E-8 840000000. 6.07426E-8744310  5 1110
 880000000. 6.61165E-8 920000000. 6.88933E-8 960000000. 7.25366E-8744310  5 1111
 1.00000E+9 0.0                                                   744310  5 1112
 0.0        0.0             28061          0          1         19744310  5 1113
         19          1                                            744310  5 1114
 280000000. 1.02770E-8 320000000. 1.35335E-8 360000000. 1.52545E-8744310  5 1115
 400000000. 2.25960E-8 440000000. 3.57839E-8 480000000. 4.19131E-8744310  5 1116
 520000000. 4.24259E-8 560000000. 4.13658E-8 600000000. 5.10204E-8744310  5 1117
 640000000. 6.16459E-8 680000000. 6.69884E-8 720000000. 6.98581E-8744310  5 1118
 760000000. 6.48068E-8 800000000. 7.61257E-8 840000000. 8.68177E-8744310  5 1119
 880000000. 9.65104E-8 920000000. 1.08139E-7 960000000. 1.21425E-7744310  5 1120
 1.00000E+9 0.0                                                   744310  5 1121
 0.0        0.0             28062          0          1         18744310  5 1122
         18          1                                            744310  5 1123
 320000000. 2.39398E-8 360000000. 2.48805E-8 400000000. 3.47375E-8744310  5 1124
 440000000. 4.47975E-8 480000000. 5.33696E-8 520000000. 5.07986E-8744310  5 1125
 560000000. 6.06815E-8 600000000. 7.75555E-8 640000000. 7.53332E-8744310  5 1126
 680000000. 8.24631E-8 720000000. 9.13635E-8 760000000. 9.84647E-8744310  5 1127
 800000000. 1.09087E-7 840000000. 1.20617E-7 880000000. 1.24433E-7744310  5 1128
 920000000. 1.36829E-7 960000000. 1.51225E-7 1.00000E+9 0.0       744310  5 1129
 0.0        0.0             28063          0          1         20744310  5 1130
         20          1                                            744310  5 1131
 240000000. 1.89783E-8 280000000. 2.46173E-8 320000000. 3.33465E-8744310  5 1132
 360000000. 3.14707E-8 400000000. 3.30554E-8 440000000. 4.40267E-8744310  5 1133
 480000000. 4.27271E-8 520000000. 5.40216E-8 560000000. 6.58297E-8744310  5 1134
 600000000. 7.32148E-8 640000000. 8.30121E-8 680000000. 9.27729E-8744310  5 1135
 720000000. 1.06837E-7 760000000. 1.16627E-7 800000000. 1.12635E-7744310  5 1136
 840000000. 1.17111E-7 880000000. 1.29632E-7 920000000. 1.29076E-7744310  5 1137
 960000000. 1.31964E-7 1.00000E+9 0.0                             744310  5 1138
 0.0        0.0             28064          0          1         23744310  5 1139
         23          1                                            744310  5 1140
 160000000. 9.56860E-9 180000000. 1.09347E-8 200000000. 1.01364E-8744310  5 1141
 240000000. 1.42031E-8 280000000. 2.14019E-8 320000000. 3.48839E-8744310  5 1142
 360000000. 4.10452E-8 400000000. 4.04358E-8 440000000. 4.32235E-8744310  5 1143
 480000000. 5.08699E-8 520000000. 6.07399E-8 560000000. 6.66466E-8744310  5 1144
 600000000. 7.32731E-8 640000000. 7.87162E-8 680000000. 7.65574E-8744310  5 1145
 720000000. 7.83687E-8 760000000. 9.75678E-8 800000000. 1.06531E-7744310  5 1146
 840000000. 1.00729E-7 880000000. 9.05229E-8 920000000. 9.93352E-8744310  5 1147
 960000000. 1.05808E-7 1.00000E+9 0.0                             744310  5 1148
 0.0        0.0             28065          0          1         24744310  5 1149
         24          1                                            744310  5 1150
 140000000. 8.78220E-9 160000000. 1.03843E-8 180000000. 1.12000E-8744310  5 1151
 200000000. 1.73765E-8 240000000. 1.92438E-8 280000000. 2.20682E-8744310  5 1152
 320000000. 2.63665E-8 360000000. 2.24981E-8 400000000. 2.74765E-8744310  5 1153
 440000000. 4.06550E-8 480000000. 4.68596E-8 520000000. 5.32075E-8744310  5 1154
 560000000. 5.40527E-8 600000000. 4.51630E-8 640000000. 4.28163E-8744310  5 1155
 680000000. 4.97873E-8 720000000. 5.60527E-8 760000000. 6.04303E-8744310  5 1156
 800000000. 6.06707E-8 840000000. 5.46828E-8 880000000. 5.91437E-8744310  5 1157
 920000000. 7.05938E-8 960000000. 6.91099E-8 1.00000E+9 0.0       744310  5 1158
 0.0        0.0             28066          0          1         23744310  5 1159
         23          1                                            744310  5 1160
 160000000. 9.20785E-9 180000000. 8.40702E-9 200000000. 1.18591E-8744310  5 1161
 240000000. 2.13431E-8 280000000. 1.92418E-8 320000000. 1.42915E-8744310  5 1162
 360000000. 2.00559E-8 400000000. 2.50801E-8 440000000. 2.44912E-8744310  5 1163
 480000000. 1.97356E-8 520000000. 2.24416E-8 560000000. 2.95285E-8744310  5 1164
 600000000. 3.32200E-8 640000000. 2.82949E-8 680000000. 3.17294E-8744310  5 1165
 720000000. 3.88129E-8 760000000. 3.97201E-8 800000000. 3.55630E-8744310  5 1166
 840000000. 3.55391E-8 880000000. 5.30136E-8 920000000. 5.32576E-8744310  5 1167
 960000000. 3.24071E-8 1.00000E+9 0.0                             744310  5 1168
 0.0        0.0             28067          0          1         21744310  5 1169
         21          1                                            744310  5 1170
 200000000. 1.36583E-8 240000000. 9.60135E-9 280000000. 7.96222E-9744310  5 1171
 320000000. 7.98725E-9 360000000. 8.83016E-9 400000000. 9.71952E-9744310  5 1172
 440000000. 1.21990E-8 480000000. 1.39800E-8 520000000. 1.74521E-8744310  5 1173
 560000000. 1.60616E-8 600000000. 1.61404E-8 640000000. 1.80128E-8744310  5 1174
 680000000. 1.11944E-8 720000000. 1.97388E-8 760000000. 2.68167E-8744310  5 1175
 800000000. 1.99359E-8 840000000. 1.56333E-8 880000000. 1.21878E-8744310  5 1176
 920000000. 1.56628E-8 960000000. 1.83677E-8 1.00000E+9 0.0       744310  5 1177
 0.0        0.0             28068          0          1         16744310  5 1178
         16          1                                            744310  5 1179
 400000000. 8.39820E-9 440000000. 9.04531E-9 480000000. 9.69235E-9744310  5 1180
 520000000. 1.03393E-8 560000000. 1.09863E-8 600000000. 1.16332E-8744310  5 1181
 640000000. 1.24085E-8 680000000. 1.33151E-8 720000000. 1.42215E-8744310  5 1182
 760000000. 1.51280E-8 800000000. 1.60344E-8 840000000. 1.69409E-8744310  5 1183
 880000000. 1.78473E-8 920000000. 1.87537E-8 960000000. 1.92100E-8744310  5 1184
 1.00000E+9 0.0                                                   744310  5 1185
 0.0        0.0             29060          0          1          3744310  5 1186
          3          1                                            744310  5 1187
 920000000. 1.39400E-8 960000000. 1.39400E-8 1.00000E+9 0.0       744310  5 1188
 0.0        0.0             29061          0          1         10744310  5 1189
         10          1                                            744310  5 1190
 640000000. 1.36701E-8 680000000. 1.80415E-8 720000000. 1.55409E-8744310  5 1191
 760000000. 1.98133E-8 800000000. 2.59938E-8 840000000. 2.34465E-8744310  5 1192
 880000000. 1.91656E-8 920000000. 1.82963E-8 960000000. 2.18439E-8744310  5 1193
 1.00000E+9 0.0                                                   744310  5 1194
 0.0        0.0             29062          0          1         16744310  5 1195
         16          1                                            744310  5 1196
 400000000. 9.71952E-9 440000000. 8.97638E-9 480000000. 8.21947E-9744310  5 1197
 520000000. 1.16279E-8 560000000. 1.85496E-8 600000000. 2.55327E-8744310  5 1198
 640000000. 3.25046E-8 680000000. 3.18354E-8 720000000. 3.27131E-8744310  5 1199
 760000000. 3.11538E-8 800000000. 3.62861E-8 840000000. 5.11943E-8744310  5 1200
 880000000. 6.25900E-8 920000000. 6.37101E-8 960000000. 5.94207E-8744310  5 1201
 1.00000E+9 0.0                                                   744310  5 1202
 0.0        0.0             29063          0          1         17744310  5 1203
         17          1                                            744310  5 1204
 360000000. 1.36082E-8 400000000. 1.94233E-8 440000000. 2.68311E-8744310  5 1205
 480000000. 3.61286E-8 520000000. 4.65586E-8 560000000. 4.05720E-8744310  5 1206
 600000000. 3.57124E-8 640000000. 4.62116E-8 680000000. 4.89860E-8744310  5 1207
 720000000. 6.36801E-8 760000000. 7.69016E-8 800000000. 7.53513E-8744310  5 1208
 840000000. 8.24137E-8 880000000. 9.99982E-8 920000000. 1.05550E-7744310  5 1209
 960000000. 1.11823E-7 1.00000E+9 0.0                             744310  5 1210
 0.0        0.0             29064          0          1         19744310  5 1211
         19          1                                            744310  5 1212
 280000000. 1.34166E-8 320000000. 1.75339E-8 360000000. 2.24384E-8744310  5 1213
 400000000. 2.75436E-8 440000000. 3.81847E-8 480000000. 4.76736E-8744310  5 1214
 520000000. 5.73513E-8 560000000. 7.50860E-8 600000000. 8.34796E-8744310  5 1215
 640000000. 7.62583E-8 680000000. 6.87525E-8 720000000. 8.95032E-8744310  5 1216
 760000000. 1.08011E-7 800000000. 1.17709E-7 840000000. 1.30195E-7744310  5 1217
 880000000. 1.16690E-7 920000000. 1.22834E-7 960000000. 1.59004E-7744310  5 1218
 1.00000E+9 0.0                                                   744310  5 1219
 0.0        0.0             29065          0          1         24744310  5 1220
         24          1                                            744310  5 1221
 140000000. 1.03783E-8 160000000. 1.19724E-8 180000000. 1.35660E-8744310  5 1222
 200000000. 1.59197E-8 240000000. 1.90702E-8 280000000. 1.67734E-8744310  5 1223
 320000000. 2.68617E-8 360000000. 4.17814E-8 400000000. 4.29200E-8744310  5 1224
 440000000. 5.44840E-8 480000000. 7.38853E-8 520000000. 8.31926E-8744310  5 1225
 560000000. 8.01920E-8 600000000. 7.49914E-8 640000000. 7.95626E-8744310  5 1226
 680000000. 9.44815E-8 720000000. 1.10287E-7 760000000. 1.17509E-7744310  5 1227
 800000000. 1.18642E-7 840000000. 1.29275E-7 880000000. 1.27973E-7744310  5 1228
 920000000. 1.25532E-7 960000000. 1.43304E-7 1.00000E+9 0.0       744310  5 1229
 0.0        0.0             29066          0          1         24744310  5 1230
         24          1                                            744310  5 1231
 140000000. 9.17330E-9 160000000. 1.15764E-8 180000000. 1.20140E-8744310  5 1232
 200000000. 1.27320E-8 240000000. 1.51054E-8 280000000. 1.82219E-8744310  5 1233
 320000000. 2.93461E-8 360000000. 3.77758E-8 400000000. 4.04616E-8744310  5 1234
 440000000. 4.80388E-8 480000000. 6.15551E-8 520000000. 7.81708E-8744310  5 1235
 560000000. 8.52428E-8 600000000. 8.60437E-8 640000000. 8.98619E-8744310  5 1236
 680000000. 1.00505E-7 720000000. 1.13747E-7 760000000. 1.08948E-7744310  5 1237
 800000000. 1.03892E-7 840000000. 1.01615E-7 880000000. 1.02615E-7744310  5 1238
 920000000. 1.12493E-7 960000000. 1.15367E-7 1.00000E+9 0.0       744310  5 1239
 0.0        0.0             29067          0          1         24744310  5 1240
         24          1                                            744310  5 1241
 140000000. 9.60000E-9 160000000. 9.60000E-9 180000000. 1.51017E-8744310  5 1242
 200000000. 1.92292E-8 240000000. 1.98448E-8 280000000. 2.30273E-8744310  5 1243
 320000000. 3.25359E-8 360000000. 3.86081E-8 400000000. 4.12379E-8744310  5 1244
 440000000. 4.08277E-8 480000000. 4.99983E-8 520000000. 6.57294E-8744310  5 1245
 560000000. 5.57469E-8 600000000. 5.19245E-8 640000000. 6.50093E-8744310  5 1246
 680000000. 7.04952E-8 720000000. 7.66593E-8 760000000. 9.23976E-8744310  5 1247
 800000000. 1.01322E-7 840000000. 1.04151E-7 880000000. 9.83622E-8744310  5 1248
 920000000. 8.63602E-8 960000000. 8.56405E-8 1.00000E+9 0.0       744310  5 1249
 0.0        0.0             29068          0          1         23744310  5 1250
         23          1                                            744310  5 1251
 160000000. 1.28314E-8 180000000. 1.43438E-8 200000000. 1.99029E-8744310  5 1252
 240000000. 2.15267E-8 280000000. 2.22146E-8 320000000. 2.62615E-8744310  5 1253
 360000000. 2.89225E-8 400000000. 3.07578E-8 440000000. 3.82405E-8744310  5 1254
 480000000. 3.45942E-8 520000000. 2.57874E-8 560000000. 3.28894E-8744310  5 1255
 600000000. 3.49699E-8 640000000. 3.67636E-8 680000000. 4.46829E-8744310  5 1256
 720000000. 4.22734E-8 760000000. 4.48755E-8 800000000. 5.45433E-8744310  5 1257
 840000000. 5.55680E-8 880000000. 5.48081E-8 920000000. 5.40819E-8744310  5 1258
 960000000. 4.81044E-8 1.00000E+9 0.0                             744310  5 1259
 0.0        0.0             29069          0          1         24744310  5 1260
         24          1                                            744310  5 1261
 140000000. 1.16267E-8 160000000. 9.22355E-9 180000000. 8.00000E-9744310  5 1262
 200000000. 8.76601E-9 240000000. 1.11048E-8 280000000. 1.27100E-8744310  5 1263
 320000000. 1.43178E-8 360000000. 1.44819E-8 400000000. 1.69598E-8744310  5 1264
 440000000. 1.63602E-8 480000000. 1.72121E-8 520000000. 1.66757E-8744310  5 1265
 560000000. 1.76912E-8 600000000. 2.64052E-8 640000000. 3.16410E-8744310  5 1266
 680000000. 2.92800E-8 720000000. 2.41242E-8 760000000. 2.24893E-8744310  5 1267
 800000000. 2.59334E-8 840000000. 2.78151E-8 880000000. 2.43519E-8744310  5 1268
 920000000. 2.61598E-8 960000000. 2.18746E-8 1.00000E+9 0.0       744310  5 1269
 0.0        0.0             29070          0          1         21744310  5 1270
         21          1                                            744310  5 1271
 200000000. 8.76601E-9 240000000. 9.46633E-9 280000000. 9.23260E-9744310  5 1272
 320000000. 8.99896E-9 360000000. 8.76538E-9 400000000. 8.53185E-9744310  5 1273
 440000000. 8.29836E-9 480000000. 1.39273E-8 520000000. 1.41757E-8744310  5 1274
 560000000. 9.26471E-9 600000000. 1.10554E-8 640000000. 1.28361E-8744310  5 1275
 680000000. 1.37548E-8 720000000. 1.37949E-8 760000000. 1.46825E-8744310  5 1276
 800000000. 1.21481E-8 840000000. 1.29912E-8 880000000. 1.65363E-8744310  5 1277
 920000000. 1.48286E-8 960000000. 1.31133E-8 1.00000E+9 0.0       744310  5 1278
 0.0        0.0             29071          0          1         11744310  5 1279
         11          1                                            744310  5 1280
 600000000. 8.50000E-9 640000000. 8.50000E-9 680000000. 8.50000E-9744310  5 1281
 720000000. 8.50000E-9 760000000. 8.50000E-9 800000000. 8.50000E-9744310  5 1282
 840000000. 8.50000E-9 880000000. 8.50000E-9 920000000. 8.50000E-9744310  5 1283
 960000000. 8.50000E-9 1.00000E+9 0.0                             744310  5 1284
 0.0        0.0             30063          0          1         11744310  5 1285
         11          1                                            744310  5 1286
 600000000. 9.79936E-9 640000000. 8.98909E-9 680000000. 9.02076E-9744310  5 1287
 720000000. 9.91099E-9 760000000. 1.20851E-8 800000000. 1.81546E-8744310  5 1288
 840000000. 1.99800E-8 880000000. 2.08590E-8 920000000. 1.66155E-8744310  5 1289
 960000000. 1.48233E-8 1.00000E+9 0.0                             744310  5 1290
 0.0        0.0             30064          0          1         12744310  5 1291
         12          1                                            744310  5 1292
 560000000. 1.43579E-8 600000000. 1.44621E-8 640000000. 1.96686E-8744310  5 1293
 680000000. 2.66136E-8 720000000. 3.27441E-8 760000000. 3.54173E-8744310  5 1294
 800000000. 3.98115E-8 840000000. 4.51261E-8 880000000. 4.78481E-8744310  5 1295
 920000000. 5.31686E-8 960000000. 6.72490E-8 1.00000E+9 0.0       744310  5 1296
 0.0        0.0             30065          0          1         17744310  5 1297
         17          1                                            744310  5 1298
 360000000. 1.53192E-8 400000000. 1.53400E-8 440000000. 1.87559E-8744310  5 1299
 480000000. 3.27504E-8 520000000. 4.49421E-8 560000000. 3.46345E-8744310  5 1300
 600000000. 3.57124E-8 640000000. 5.38586E-8 680000000. 5.76364E-8744310  5 1301
 720000000. 6.62622E-8 760000000. 7.95040E-8 800000000. 7.19236E-8744310  5 1302
 840000000. 7.45970E-8 880000000. 9.30383E-8 920000000. 1.02040E-7744310  5 1303
 960000000. 1.11823E-7 1.00000E+9 0.0                             744310  5 1304
 0.0        0.0             30066          0          1         19744310  5 1305
         19          1                                            744310  5 1306
 280000000. 1.50773E-8 320000000. 1.75076E-8 360000000. 2.24566E-8744310  5 1307
 400000000. 3.07163E-8 440000000. 4.06923E-8 480000000. 4.35699E-8744310  5 1308
 520000000. 4.90481E-8 560000000. 5.82306E-8 600000000. 7.14699E-8744310  5 1309
 640000000. 8.47394E-8 680000000. 8.59486E-8 720000000. 8.70563E-8744310  5 1310
 760000000. 1.02713E-7 800000000. 1.14342E-7 840000000. 1.16284E-7744310  5 1311
 880000000. 1.20945E-7 920000000. 1.25547E-7 960000000. 1.42412E-7744310  5 1312
 1.00000E+9 0.0                                                   744310  5 1313
 0.0        0.0             30067          0          1         20744310  5 1314
         20          1                                            744310  5 1315
 240000000. 1.75210E-8 280000000. 2.21390E-8 320000000. 2.47453E-8744310  5 1316
 360000000. 3.28137E-8 400000000. 4.93376E-8 440000000. 5.30031E-8744310  5 1317
 480000000. 6.07293E-8 520000000. 8.14844E-8 560000000. 9.62033E-8744310  5 1318
 600000000. 1.07299E-7 640000000. 1.10461E-7 680000000. 1.20227E-7744310  5 1319
 720000000. 1.23360E-7 760000000. 1.30339E-7 800000000. 1.56700E-7744310  5 1320
 840000000. 1.51995E-7 880000000. 1.39214E-7 920000000. 1.35200E-7744310  5 1321
 960000000. 1.46757E-7 1.00000E+9 0.0                             744310  5 1322
 0.0        0.0             30068          0          1         20744310  5 1323
         20          1                                            744310  5 1324
 240000000. 1.82037E-8 280000000. 2.45770E-8 320000000. 3.72843E-8744310  5 1325
 360000000. 4.58283E-8 400000000. 5.09368E-8 440000000. 6.51226E-8744310  5 1326
 480000000. 7.06820E-8 520000000. 6.90591E-8 560000000. 6.58435E-8744310  5 1327
 600000000. 7.99447E-8 640000000. 9.75877E-8 680000000. 9.62848E-8744310  5 1328
 720000000. 1.03381E-7 760000000. 1.21763E-7 800000000. 1.33360E-7744310  5 1329
 840000000. 1.40588E-7 880000000. 1.50496E-7 920000000. 1.69105E-7744310  5 1330
 960000000. 1.65309E-7 1.00000E+9 0.0                             744310  5 1331
 0.0        0.0             30069          0          1         24744310  5 1332
         24          1                                            744310  5 1333
 140000000. 8.00000E-9 160000000. 9.56860E-9 180000000. 9.62809E-9744310  5 1334
 200000000. 1.72745E-8 240000000. 2.32035E-8 280000000. 2.37290E-8744310  5 1335
 320000000. 3.73106E-8 360000000. 4.10452E-8 400000000. 3.88366E-8744310  5 1336
 440000000. 4.64088E-8 480000000. 5.33935E-8 520000000. 6.07132E-8744310  5 1337
 560000000. 6.83503E-8 600000000. 7.07224E-8 640000000. 6.93420E-8744310  5 1338
 680000000. 7.04674E-8 720000000. 8.52426E-8 760000000. 1.01077E-7744310  5 1339
 800000000. 1.03066E-7 840000000. 9.63912E-8 880000000. 1.09507E-7744310  5 1340
 920000000. 1.09995E-7 960000000. 9.00352E-8 1.00000E+9 0.0       744310  5 1341
 0.0        0.0             30070          0          1         24744310  5 1342
         24          1                                            744310  5 1343
 140000000. 1.12000E-8 160000000. 1.35529E-8 180000000. 1.60000E-8744310  5 1344
 200000000. 1.52049E-8 240000000. 1.66545E-8 280000000. 1.90700E-8744310  5 1345
 320000000. 2.22660E-8 360000000. 2.88861E-8 400000000. 3.32005E-8744310  5 1346
 440000000. 3.66480E-8 480000000. 4.27032E-8 520000000. 4.07983E-8744310  5 1347
 560000000. 3.96483E-8 600000000. 4.68363E-8 640000000. 4.87975E-8744310  5 1348
 680000000. 4.89860E-8 720000000. 5.08517E-8 760000000. 6.29884E-8744310  5 1349
 800000000. 6.93166E-8 840000000. 7.28570E-8 880000000. 7.14117E-8744310  5 1350
 920000000. 6.79850E-8 960000000. 7.43054E-8 1.00000E+9 0.0       744310  5 1351
 0.0        0.0             30071          0          1         25744310  5 1352
         25          1                                            744310  5 1353
 120000000. 8.38973E-9 140000000. 9.19110E-9 160000000. 1.03843E-8744310  5 1354
 180000000. 1.17174E-8 200000000. 1.32747E-8 240000000. 1.51054E-8744310  5 1355
 280000000. 1.66673E-8 320000000. 2.45877E-8 360000000. 2.97597E-8744310  5 1356
 400000000. 2.19440E-8 440000000. 2.11332E-8 480000000. 3.03681E-8744310  5 1357
 520000000. 3.57665E-8 560000000. 3.37710E-8 600000000. 2.72910E-8744310  5 1358
 640000000. 2.73647E-8 680000000. 3.60603E-8 720000000. 3.62462E-8744310  5 1359
 760000000. 3.36775E-8 800000000. 3.20749E-8 840000000. 2.26052E-8744310  5 1360
 880000000. 1.99955E-8 920000000. 2.35436E-8 960000000. 3.22963E-8744310  5 1361
 1.00000E+9 0.0                                                   744310  5 1362
 0.0        0.0             30072          0          1         23744310  5 1363
         23          1                                            744310  5 1364
 160000000. 1.12314E-8 180000000. 8.81405E-9 200000000. 8.75631E-9744310  5 1365
 240000000. 1.03200E-8 280000000. 1.34519E-8 320000000. 1.28018E-8744310  5 1366
 360000000. 9.63912E-9 400000000. 1.13187E-8 440000000. 1.14281E-8744310  5 1367
 480000000. 9.85933E-9 520000000. 9.98407E-9 560000000. 1.18096E-8744310  5 1368
 600000000. 1.10972E-8 640000000. 1.62067E-8 680000000. 1.98056E-8744310  5 1369
 720000000. 1.38054E-8 760000000. 1.12373E-8 800000000. 9.53195E-9744310  5 1370
 840000000. 1.12722E-8 880000000. 1.65181E-8 920000000. 1.39820E-8744310  5 1371
 960000000. 8.73000E-9 1.00000E+9 0.0                             744310  5 1372
 0.0        0.0             30073          0          1         10744310  5 1373
         10          1                                            744310  5 1374
 640000000. 8.55485E-9 680000000. 8.58486E-9 720000000. 8.61486E-9744310  5 1375
 760000000. 8.63991E-9 800000000. 8.65992E-9 840000000. 8.67992E-9744310  5 1376
 880000000. 8.69993E-9 920000000. 8.71000E-9 960000000. 8.71000E-9744310  5 1377
 1.00000E+9 0.0                                                   744310  5 1378
 0.0        0.0             31065          0          1          7744310  5 1379
          7          1                                            744310  5 1380
 760000000. 1.47218E-8 800000000. 1.55526E-8 840000000. 1.47970E-8744310  5 1381
 880000000. 9.56596E-9 920000000. 1.13312E-8 960000000. 1.39730E-8744310  5 1382
 1.00000E+9 0.0                                                   744310  5 1383
 0.0        0.0             31066          0          1         13744310  5 1384
         13          1                                            744310  5 1385
 520000000. 1.32927E-8 560000000. 1.93993E-8 600000000. 2.46992E-8744310  5 1386
 640000000. 2.99560E-8 680000000. 3.01041E-8 720000000. 2.92941E-8744310  5 1387
 760000000. 3.28199E-8 800000000. 4.06603E-8 840000000. 4.51481E-8744310  5 1388
 880000000. 4.35046E-8 920000000. 4.53423E-8 960000000. 4.28544E-8744310  5 1389
 1.00000E+9 0.0                                                   744310  5 1390
 0.0        0.0             31067          0          1         17744310  5 1391
         17          1                                            744310  5 1392
 360000000. 1.20630E-8 400000000. 1.21416E-8 440000000. 1.62620E-8744310  5 1393
 480000000. 2.62405E-8 520000000. 3.65906E-8 560000000. 3.63106E-8744310  5 1394
 600000000. 3.65983E-8 640000000. 3.42934E-8 680000000. 4.54173E-8744310  5 1395
 720000000. 5.52371E-8 760000000. 5.60882E-8 800000000. 6.66773E-8744310  5 1396
 840000000. 6.94309E-8 880000000. 7.56671E-8 920000000. 1.00172E-7744310  5 1397
 960000000. 1.09326E-7 1.00000E+9 0.0                             744310  5 1398
 0.0        0.0             31068          0          1         19744310  5 1399
         19          1                                            744310  5 1400
 280000000. 9.49974E-9 320000000. 1.27229E-8 360000000. 1.84278E-8744310  5 1401
 400000000. 2.82785E-8 440000000. 3.82592E-8 480000000. 5.08818E-8744310  5 1402
 520000000. 6.32133E-8 560000000. 6.07927E-8 600000000. 6.12851E-8744310  5 1403
 640000000. 7.35764E-8 680000000. 8.16341E-8 720000000. 8.70458E-8744310  5 1404
 760000000. 9.75826E-8 800000000. 1.13401E-7 840000000. 1.20666E-7744310  5 1405
 880000000. 1.32174E-7 920000000. 1.43031E-7 960000000. 1.45080E-7744310  5 1406
 1.00000E+9 0.0                                                   744310  5 1407
 0.0        0.0             31069          0          1         20744310  5 1408
         20          1                                            744310  5 1409
 240000000. 1.97071E-8 280000000. 2.31283E-8 320000000. 2.46140E-8744310  5 1410
 360000000. 3.52922E-8 400000000. 4.05030E-8 440000000. 5.36435E-8744310  5 1411
 480000000. 6.98273E-8 520000000. 6.90752E-8 560000000. 8.26391E-8744310  5 1412
 600000000. 9.96967E-8 640000000. 1.00149E-7 680000000. 1.12512E-7744310  5 1413
 720000000. 1.32686E-7 760000000. 1.42561E-7 800000000. 1.40322E-7744310  5 1414
 840000000. 1.50083E-7 880000000. 1.57519E-7 920000000. 1.56947E-7744310  5 1415
 960000000. 1.68667E-7 1.00000E+9 0.0                             744310  5 1416
 0.0        0.0             31070          0          1         22744310  5 1417
         22          1                                            744310  5 1418
 180000000. 9.33474E-9 200000000. 8.53640E-9 240000000. 1.72506E-8744310  5 1419
 280000000. 3.08966E-8 320000000. 4.05530E-8 360000000. 5.05650E-8744310  5 1420
 400000000. 5.82757E-8 440000000. 7.48325E-8 480000000. 8.38600E-8744310  5 1421
 520000000. 7.82136E-8 560000000. 9.27727E-8 600000000. 1.17510E-7744310  5 1422
 640000000. 1.20748E-7 680000000. 1.10062E-7 720000000. 1.12012E-7744310  5 1423
 760000000. 1.25242E-7 800000000. 1.35939E-7 840000000. 1.28548E-7744310  5 1424
 880000000. 1.22639E-7 920000000. 1.37737E-7 960000000. 1.45111E-7744310  5 1425
 1.00000E+9 0.0                                                   744310  5 1426
 0.0        0.0             31071          0          1         23744310  5 1427
         23          1                                            744310  5 1428
 160000000. 1.12314E-8 180000000. 1.27438E-8 200000000. 1.59806E-8744310  5 1429
 240000000. 2.13431E-8 280000000. 2.77873E-8 320000000. 3.65263E-8744310  5 1430
 360000000. 4.73735E-8 400000000. 5.58172E-8 440000000. 7.08018E-8744310  5 1431
 480000000. 7.64546E-8 520000000. 7.32135E-8 560000000. 8.68773E-8744310  5 1432
 600000000. 9.29352E-8 640000000. 9.57939E-8 680000000. 9.63467E-8744310  5 1433
 720000000. 8.70563E-8 760000000. 1.00998E-7 800000000. 1.17761E-7744310  5 1434
 840000000. 1.24977E-7 880000000. 1.31365E-7 920000000. 1.30834E-7744310  5 1435
 960000000. 1.32833E-7 1.00000E+9 0.0                             744310  5 1436
 0.0        0.0             31072          0          1         23744310  5 1437
         23          1                                            744310  5 1438
 160000000. 1.59686E-8 180000000. 1.60281E-8 200000000. 1.74786E-8744310  5 1439
 240000000. 2.45742E-8 280000000. 3.01546E-8 320000000. 3.57995E-8744310  5 1440
 360000000. 3.22433E-8 400000000. 3.70973E-8 440000000. 5.29472E-8744310  5 1441
 480000000. 5.58761E-8 520000000. 5.40910E-8 560000000. 5.82073E-8744310  5 1442
 600000000. 6.22159E-8 640000000. 6.41652E-8 680000000. 6.62034E-8744310  5 1443
 720000000. 5.69515E-8 760000000. 6.72666E-8 800000000. 7.62697E-8744310  5 1444
 840000000. 7.46055E-8 880000000. 8.52435E-8 920000000. 9.76223E-8744310  5 1445
 960000000. 1.11853E-7 1.00000E+9 0.0                             744310  5 1446
 0.0        0.0             31073          0          1         26744310  5 1447
         26          1                                            744310  5 1448
 100000000. 1.04773E-8 120000000. 8.83849E-9 140000000. 8.78220E-9744310  5 1449
 160000000. 1.03843E-8 180000000. 1.27719E-8 200000000. 1.43806E-8744310  5 1450
 240000000. 2.05226E-8 280000000. 2.15737E-8 320000000. 2.22085E-8744310  5 1451
 360000000. 3.36824E-8 400000000. 3.56797E-8 440000000. 3.01841E-8744310  5 1452
 480000000. 3.20180E-8 520000000. 4.48882E-8 560000000. 4.89743E-8744310  5 1453
 600000000. 3.75473E-8 640000000. 3.84613E-8 680000000. 4.04416E-8744310  5 1454
 720000000. 4.13224E-8 760000000. 4.40965E-8 800000000. 4.15555E-8744310  5 1455
 840000000. 3.90883E-8 880000000. 3.65318E-8 920000000. 4.09761E-8744310  5 1456
 960000000. 5.41382E-8 1.00000E+9 0.0                             744310  5 1457
 0.0        0.0             31074          0          1         25744310  5 1458
         25          1                                            744310  5 1459
 120000000. 8.00000E-9 140000000. 8.00000E-9 160000000. 8.00000E-9744310  5 1460
 180000000. 8.00000E-9 200000000. 8.76601E-9 240000000. 1.49777E-8744310  5 1461
 280000000. 1.98827E-8 320000000. 1.75602E-8 360000000. 1.92419E-8744310  5 1462
 400000000. 1.94805E-8 440000000. 1.71074E-8 480000000. 1.80788E-8744310  5 1463
 520000000. 1.83033E-8 560000000. 2.36099E-8 600000000. 2.72776E-8744310  5 1464
 640000000. 2.73771E-8 680000000. 2.49605E-8 720000000. 2.32565E-8744310  5 1465
 760000000. 2.16317E-8 800000000. 1.64619E-8 840000000. 2.07995E-8744310  5 1466
 880000000. 2.69683E-8 920000000. 2.35757E-8 960000000. 1.74918E-8744310  5 1467
 1.00000E+9 0.0                                                   744310  5 1468
 0.0        0.0             31075          0          1         24744310  5 1469
         24          1                                            744310  5 1470
 140000000. 9.33927E-9 160000000. 8.80523E-9 180000000. 8.27135E-9744310  5 1471
 200000000. 9.91259E-9 240000000. 1.38668E-8 280000000. 1.46173E-8744310  5 1472
 320000000. 1.20105E-8 360000000. 9.40452E-9 400000000. 1.05009E-8744310  5 1473
 440000000. 1.14281E-8 480000000. 9.85933E-9 520000000. 9.98407E-9744310  5 1474
 560000000. 1.18096E-8 600000000. 1.19430E-8 640000000. 1.45214E-8744310  5 1475
 680000000. 1.46457E-8 720000000. 1.03424E-8 760000000. 1.03674E-8744310  5 1476
 800000000. 1.01039E-8 840000000. 9.54716E-9 880000000. 8.99040E-9744310  5 1477
 920000000. 9.58872E-9 960000000. 1.13590E-8 1.00000E+9 0.0       744310  5 1478
 0.0        0.0             31076          0          1         15744310  5 1479
         15          1                                            744310  5 1480
 440000000. 8.15464E-9 480000000. 8.18000E-9 520000000. 8.18000E-9744310  5 1481
 560000000. 8.18000E-9 600000000. 8.18000E-9 640000000. 8.18000E-9744310  5 1482
 680000000. 8.18000E-9 720000000. 8.18000E-9 760000000. 8.18000E-9744310  5 1483
 800000000. 8.18000E-9 840000000. 8.18000E-9 880000000. 8.18000E-9744310  5 1484
 920000000. 8.18000E-9 960000000. 8.18000E-9 1.00000E+9 0.0       744310  5 1485
 0.0        0.0             32067          0          1         10744310  5 1486
         10          1                                            744310  5 1487
 640000000. 1.02681E-8 680000000. 1.03048E-8 720000000. 1.03415E-8744310  5 1488
 760000000. 1.03712E-8 800000000. 1.03937E-8 840000000. 1.04162E-8744310  5 1489
 880000000. 1.04387E-8 920000000. 1.04649E-8 960000000. 1.04800E-8744310  5 1490
 1.00000E+9 0.0                                                   744310  5 1491
 0.0        0.0             32068          0          1         13744310  5 1492
         13          1                                            744310  5 1493
 520000000. 1.49681E-8 560000000. 1.60384E-8 600000000. 1.61804E-8744310  5 1494
 640000000. 1.79709E-8 680000000. 1.89097E-8 720000000. 2.49503E-8744310  5 1495
 760000000. 2.51015E-8 800000000. 2.24916E-8 840000000. 2.51765E-8744310  5 1496
 880000000. 3.73280E-8 920000000. 4.45129E-8 960000000. 3.41145E-8744310  5 1497
 1.00000E+9 0.0                                                   744310  5 1498
 0.0        0.0             32069          0          1         18744310  5 1499
         18          1                                            744310  5 1500
 320000000. 9.83228E-9 360000000. 1.04496E-8 400000000. 1.10668E-8744310  5 1501
 440000000. 1.70516E-8 480000000. 2.62693E-8 520000000. 2.49845E-8744310  5 1502
 560000000. 2.69751E-8 600000000. 2.90093E-8 640000000. 4.26537E-8744310  5 1503
 680000000. 5.76250E-8 720000000. 6.11445E-8 760000000. 6.48313E-8744310  5 1504
 800000000. 6.49192E-8 840000000. 7.72037E-8 880000000. 8.44057E-8744310  5 1505
 920000000. 8.02541E-8 960000000. 7.25742E-8 1.00000E+9 0.0       744310  5 1506
 0.0        0.0             32070          0          1         20744310  5 1507
         20          1                                            744310  5 1508
 240000000. 8.78593E-9 280000000. 1.10544E-8 320000000. 1.98342E-8744310  5 1509
 360000000. 2.65086E-8 400000000. 2.83408E-8 440000000. 3.33694E-8744310  5 1510
 480000000. 4.43242E-8 520000000. 4.99311E-8 560000000. 6.07142E-8744310  5 1511
 600000000. 8.08755E-8 640000000. 8.73253E-8 680000000. 8.33931E-8744310  5 1512
 720000000. 8.95864E-8 760000000. 9.24958E-8 800000000. 1.08961E-7744310  5 1513
 840000000. 1.25043E-7 880000000. 1.13143E-7 920000000. 1.09008E-7744310  5 1514
 960000000. 1.22306E-7 1.00000E+9 0.0                             744310  5 1515
 0.0        0.0             32071          0          1         20744310  5 1516
         20          1                                            744310  5 1517
 240000000. 1.26080E-8 280000000. 1.67027E-8 320000000. 2.22085E-8744310  5 1518
 360000000. 4.08248E-8 400000000. 4.78628E-8 440000000. 4.72120E-8744310  5 1519
 480000000. 5.50333E-8 520000000. 6.89953E-8 560000000. 8.60647E-8744310  5 1520
 600000000. 9.28685E-8 640000000. 9.67118E-8 680000000. 1.10792E-7744310  5 1521
 720000000. 1.28399E-7 760000000. 1.29648E-7 800000000. 1.37613E-7744310  5 1522
 840000000. 1.56213E-7 880000000. 1.55779E-7 920000000. 1.72538E-7744310  5 1523
 960000000. 1.79282E-7 1.00000E+9 0.0                             744310  5 1524
 0.0        0.0             32072          0          1         21744310  5 1525
         21          1                                            744310  5 1526
 200000000. 1.42300E-8 240000000. 1.75619E-8 280000000. 2.90994E-8744310  5 1527
 320000000. 4.85275E-8 360000000. 5.54310E-8 400000000. 5.19046E-8744310  5 1528
 440000000. 4.80761E-8 480000000. 6.47872E-8 520000000. 8.89796E-8744310  5 1529
 560000000. 1.03784E-7 600000000. 1.18370E-7 640000000. 1.23297E-7744310  5 1530
 680000000. 1.19481E-7 720000000. 1.18102E-7 760000000. 1.30373E-7744310  5 1531
 800000000. 1.41185E-7 840000000. 1.68205E-7 880000000. 1.75891E-7744310  5 1532
 920000000. 1.71694E-7 960000000. 1.69696E-7 1.00000E+9 0.0       744310  5 1533
 0.0        0.0             32073          0          1         23744310  5 1534
         23          1                                            744310  5 1535
 160000000. 8.00000E-9 180000000. 1.03579E-8 200000000. 1.82008E-8744310  5 1536
 240000000. 2.93085E-8 280000000. 2.95237E-8 320000000. 4.03740E-8744310  5 1537
 360000000. 5.70591E-8 400000000. 6.14998E-8 440000000. 6.84433E-8744310  5 1538
 480000000. 7.55590E-8 520000000. 8.65006E-8 560000000. 8.61157E-8744310  5 1539
 600000000. 8.34662E-8 640000000. 1.02602E-7 680000000. 1.23734E-7744310  5 1540
 720000000. 1.17333E-7 760000000. 1.17420E-7 800000000. 1.14426E-7744310  5 1541
 840000000. 1.29997E-7 880000000. 1.51456E-7 920000000. 1.43011E-7744310  5 1542
 960000000. 1.56396E-7 1.00000E+9 0.0                             744310  5 1543
 0.0        0.0             32074          0          1         25744310  5 1544
         25          1                                            744310  5 1545
 120000000. 8.77945E-9 140000000. 1.19466E-8 160000000. 1.44000E-8744310  5 1546
 180000000. 1.83298E-8 200000000. 2.39223E-8 240000000. 3.01290E-8744310  5 1547
 280000000. 3.57373E-8 320000000. 3.03933E-8 360000000. 3.91786E-8744310  5 1548
 400000000. 5.10818E-8 440000000. 4.96874E-8 480000000. 5.01444E-8744310  5 1549
 520000000. 6.56334E-8 560000000. 7.59908E-8 600000000. 6.47800E-8744310  5 1550
 640000000. 7.60712E-8 680000000. 9.53725E-8 720000000. 8.45989E-8744310  5 1551
 760000000. 7.25497E-8 800000000. 8.48088E-8 840000000. 1.03235E-7744310  5 1552
 880000000. 8.88997E-8 920000000. 8.01380E-8 960000000. 9.35421E-8744310  5 1553
 1.00000E+9 0.0                                                   744310  5 1554
 0.0        0.0             32075          0          1         25744310  5 1555
         25          1                                            744310  5 1556
 120000000. 1.03795E-8 140000000. 9.63560E-9 160000000. 1.58430E-8744310  5 1557
 180000000. 2.00702E-8 200000000. 2.52648E-8 240000000. 3.19386E-8744310  5 1558
 280000000. 3.09319E-8 320000000. 3.26886E-8 360000000. 3.29330E-8744310  5 1559
 400000000. 4.28164E-8 440000000. 5.45771E-8 480000000. 5.10042E-8744310  5 1560
 520000000. 4.07878E-8 560000000. 5.14158E-8 600000000. 5.37811E-8744310  5 1561
 640000000. 4.70333E-8 680000000. 5.24373E-8 720000000. 5.25767E-8744310  5 1562
 760000000. 5.52847E-8 800000000. 7.09166E-8 840000000. 7.47201E-8744310  5 1563
 880000000. 6.43844E-8 920000000. 6.02004E-8 960000000. 6.72422E-8744310  5 1564
 1.00000E+9 0.0                                                   744310  5 1565
 0.0        0.0             32076          0          1         25744310  5 1566
         25          1                                            744310  5 1567
 120000000. 1.34562E-8 140000000. 1.45068E-8 160000000. 1.50901E-8744310  5 1568
 180000000. 1.84421E-8 200000000. 1.59806E-8 240000000. 1.43767E-8744310  5 1569
 280000000. 1.73739E-8 320000000. 1.99657E-8 360000000. 1.45051E-8744310  5 1570
 400000000. 1.61420E-8 440000000. 2.11941E-8 480000000. 2.21825E-8744310  5 1571
 520000000. 1.83300E-8 560000000. 2.02257E-8 600000000. 2.38860E-8744310  5 1572
 640000000. 3.07405E-8 680000000. 3.35832E-8 720000000. 2.32931E-8744310  5 1573
 760000000. 3.10261E-8 800000000. 3.64069E-8 840000000. 3.46977E-8744310  5 1574
 880000000. 3.56890E-8 920000000. 3.92064E-8 960000000. 3.32830E-8744310  5 1575
 1.00000E+9 0.0                                                   744310  5 1576
 0.0        0.0             32077          0          1         24744310  5 1577
         24          1                                            744310  5 1578
 140000000. 9.86073E-9 160000000. 1.03948E-8 180000000. 1.09287E-8744310  5 1579
 200000000. 1.19612E-8 240000000. 1.04219E-8 280000000. 8.72242E-9744310  5 1580
 320000000. 1.11280E-8 360000000. 1.20630E-8 400000000. 1.33545E-8744310  5 1581
 440000000. 1.75124E-8 480000000. 1.48298E-8 520000000. 1.12409E-8744310  5 1582
 560000000. 1.39370E-8 600000000. 1.61804E-8 640000000. 1.66890E-8744310  5 1583
 680000000. 1.58988E-8 720000000. 1.20960E-8 760000000. 1.46432E-8744310  5 1584
 800000000. 1.64850E-8 840000000. 1.04284E-8 880000000. 1.12956E-8744310  5 1585
 920000000. 1.48237E-8 960000000. 1.57349E-8 1.00000E+9 0.0       744310  5 1586
 0.0        0.0             32078          0          1         21744310  5 1587
         21          1                                            744310  5 1588
 200000000. 8.16387E-9 240000000. 8.50266E-9 280000000. 8.84124E-9744310  5 1589
 320000000. 9.17968E-9 360000000. 9.51803E-9 400000000. 8.92239E-9744310  5 1590
 440000000. 8.25319E-9 480000000. 8.50333E-9 520000000. 8.75346E-9744310  5 1591
 560000000. 9.00356E-9 600000000. 9.25366E-9 640000000. 9.50374E-9744310  5 1592
 680000000. 9.75381E-9 720000000. 1.00039E-8 760000000. 1.02539E-8744310  5 1593
 800000000. 1.03924E-8 840000000. 1.04174E-8 880000000. 9.57637E-9744310  5 1594
 920000000. 8.71993E-9 960000000. 8.73993E-9 1.00000E+9 0.0       744310  5 1595
 0.0        0.0             33069          0          1          4744310  5 1596
          4          1                                            744310  5 1597
 880000000. 9.13418E-9 920000000. 1.00293E-8 960000000. 1.04800E-8744310  5 1598
 1.00000E+9 0.0                                                   744310  5 1599
 0.0        0.0             33070          0          1         16744310  5 1600
         16          1                                            744310  5 1601
 400000000. 8.62323E-9 440000000. 9.72800E-9 480000000. 1.08326E-8744310  5 1602
 520000000. 1.19372E-8 560000000. 1.30417E-8 600000000. 1.27888E-8744310  5 1603
 640000000. 1.36824E-8 680000000. 1.29093E-8 720000000. 1.54732E-8744310  5 1604
 760000000. 1.55892E-8 800000000. 1.81315E-8 840000000. 2.86295E-8744310  5 1605
 880000000. 2.61384E-8 920000000. 2.26674E-8 960000000. 3.14272E-8744310  5 1606
 1.00000E+9 0.0                                                   744310  5 1607
 0.0        0.0             33071          0          1         15744310  5 1608
         15          1                                            744310  5 1609
 440000000. 1.13909E-8 480000000. 1.80380E-8 520000000. 2.24683E-8744310  5 1610
 560000000. 2.44639E-8 600000000. 2.55727E-8 640000000. 3.16114E-8744310  5 1611
 680000000. 4.46551E-8 720000000. 5.51278E-8 760000000. 5.10457E-8744310  5 1612
 800000000. 3.98487E-8 840000000. 5.02653E-8 880000000. 6.69672E-8744310  5 1613
 920000000. 7.32470E-8 960000000. 7.95197E-8 1.00000E+9 0.0       744310  5 1614
 0.0        0.0             33072          0          1         18744310  5 1615
         18          1                                            744310  5 1616
 320000000. 1.19386E-8 360000000. 1.52363E-8 400000000. 2.26217E-8744310  5 1617
 440000000. 3.17395E-8 480000000. 4.34933E-8 520000000. 4.57929E-8744310  5 1618
 560000000. 4.55531E-8 600000000. 5.45019E-8 640000000. 5.82136E-8744310  5 1619
 680000000. 6.69770E-8 720000000. 7.75686E-8 760000000. 8.89278E-8744310  5 1620
 800000000. 9.87291E-8 840000000. 1.03265E-7 880000000. 1.07021E-7744310  5 1621
 920000000. 1.10728E-7 960000000. 1.17986E-7 1.00000E+9 0.0       744310  5 1622
 0.0        0.0             33073          0          1         20744310  5 1623
         20          1                                            744310  5 1624
 240000000. 9.60135E-9 280000000. 1.80453E-8 320000000. 2.79039E-8744310  5 1625
 360000000. 2.96951E-8 400000000. 4.51919E-8 440000000. 5.46516E-8744310  5 1626
 480000000. 5.09515E-8 520000000. 6.89681E-8 560000000. 8.27315E-8744310  5 1627
 600000000. 7.92288E-8 640000000. 1.00850E-7 680000000. 1.04140E-7744310  5 1628
 720000000. 9.90324E-8 760000000. 1.32911E-7 800000000. 1.56737E-7744310  5 1629
 840000000. 1.44200E-7 880000000. 1.46065E-7 920000000. 1.67424E-7744310  5 1630
 960000000. 1.53943E-7 1.00000E+9 0.0                             744310  5 1631
 0.0        0.0             33074          0          1         20744310  5 1632
         20          1                                            744310  5 1633
 240000000. 1.74751E-8 280000000. 2.37290E-8 320000000. 3.73106E-8744310  5 1634
 360000000. 4.81875E-8 400000000. 6.14169E-8 440000000. 7.65743E-8744310  5 1635
 480000000. 8.13435E-8 520000000. 8.98148E-8 560000000. 1.04624E-7744310  5 1636
 600000000. 1.08243E-7 640000000. 1.17172E-7 680000000. 1.34912E-7744310  5 1637
 720000000. 1.42215E-7 760000000. 1.34867E-7 800000000. 1.34171E-7744310  5 1638
 840000000. 1.62202E-7 880000000. 1.59355E-7 920000000. 1.56863E-7744310  5 1639
 960000000. 1.84390E-7 1.00000E+9 0.0                             744310  5 1640
 0.0        0.0             33075          0          1         22744310  5 1641
         22          1                                            744310  5 1642
 180000000. 1.19298E-8 200000000. 1.75272E-8 240000000. 1.83364E-8744310  5 1643
 280000000. 2.68029E-8 320000000. 4.99860E-8 360000000. 6.34835E-8744310  5 1644
 400000000. 6.55782E-8 440000000. 7.57102E-8 480000000. 8.05583E-8744310  5 1645
 520000000. 8.31710E-8 560000000. 9.28235E-8 600000000. 9.29085E-8744310  5 1646
 640000000. 1.02614E-7 680000000. 1.27981E-7 720000000. 1.25111E-7744310  5 1647
 760000000. 1.18317E-7 800000000. 1.33322E-7 840000000. 1.45793E-7744310  5 1648
 880000000. 1.50525E-7 920000000. 1.61268E-7 960000000. 1.74807E-7744310  5 1649
 1.00000E+9 0.0                                                   744310  5 1650
 0.0        0.0             33076          0          1         24744310  5 1651
         24          1                                            744310  5 1652
 140000000. 8.00000E-9 160000000. 1.03529E-8 180000000. 1.35860E-8744310  5 1653
 200000000. 2.05717E-8 240000000. 3.24936E-8 280000000. 3.58081E-8744310  5 1654
 320000000. 3.73944E-8 360000000. 4.81280E-8 400000000. 6.14741E-8744310  5 1655
 440000000. 6.76538E-8 480000000. 7.06413E-8 520000000. 8.97720E-8744310  5 1656
 560000000. 1.01300E-7 600000000. 9.96700E-8 640000000. 8.91363E-8744310  5 1657
 680000000. 9.18429E-8 720000000. 1.07762E-7 760000000. 1.11432E-7744310  5 1658
 800000000. 1.17770E-7 840000000. 1.01680E-7 880000000. 9.56339E-8744310  5 1659
 920000000. 1.25480E-7 960000000. 1.37266E-7 1.00000E+9 0.0       744310  5 1660
 0.0        0.0             33077          0          1         27744310  5 1661
         27          1                                            744310  5 1662
 90000000.0 8.34561E-9 100000000. 9.08481E-9 120000000. 1.27178E-8744310  5 1663
 140000000. 1.83466E-8 160000000. 2.00157E-8 180000000. 2.23438E-8744310  5 1664
 200000000. 2.01507E-8 240000000. 2.67192E-8 280000000. 3.42888E-8744310  5 1665
 320000000. 3.96635E-8 360000000. 4.26964E-8 400000000. 4.04201E-8744310  5 1666
 440000000. 5.61325E-8 480000000. 6.00326E-8 520000000. 5.49101E-8744310  5 1667
 560000000. 5.99016E-8 600000000. 7.32015E-8 640000000. 7.36848E-8744310  5 1668
 680000000. 7.30001E-8 720000000. 7.33342E-8 760000000. 6.90948E-8744310  5 1669
 800000000. 8.56436E-8 840000000. 8.60202E-8 880000000. 8.17298E-8744310  5 1670
 920000000. 9.58971E-8 960000000. 9.96561E-8 1.00000E+9 0.0       744310  5 1671
 0.0        0.0             33078          0          1         24744310  5 1672
         24          1                                            744310  5 1673
 140000000. 1.20890E-8 160000000. 1.50587E-8 180000000. 1.84702E-8744310  5 1674
 200000000. 1.51563E-8 240000000. 1.97988E-8 280000000. 2.69444E-8744310  5 1675
 320000000. 3.34203E-8 360000000. 3.37885E-8 400000000. 3.15806E-8744310  5 1676
 440000000. 3.17954E-8 480000000. 4.42666E-8 520000000. 4.00275E-8744310  5 1677
 560000000. 3.20259E-8 600000000. 4.25989E-8 640000000. 3.94036E-8744310  5 1678
 680000000. 3.95116E-8 720000000. 4.13901E-8 760000000. 4.14598E-8744310  5 1679
 800000000. 4.32996E-8 840000000. 3.47770E-8 880000000. 3.30181E-8744310  5 1680
 920000000. 3.40480E-8 960000000. 3.23150E-8 1.00000E+9 0.0       744310  5 1681
 0.0        0.0             33079          0          1         28744310  5 1682
         28          1                                            744310  5 1683
 80000000.0 1.21941E-8 90000000.0 1.41183E-8 100000000. 1.27285E-8744310  5 1684
 120000000. 1.08441E-8 140000000. 8.96091E-9 160000000. 9.56860E-9744310  5 1685
 180000000. 1.12000E-8 200000000. 1.27320E-8 240000000. 1.12373E-8744310  5 1686
 280000000. 9.49974E-9 320000000. 1.03700E-8 360000000. 1.67815E-8744310  5 1687
 400000000. 2.43038E-8 440000000. 1.88119E-8 480000000. 1.39631E-8744310  5 1688
 520000000. 2.49095E-8 560000000. 2.45242E-8 600000000. 1.86996E-8744310  5 1689
 640000000. 2.31181E-8 680000000. 2.23496E-8 720000000. 2.07053E-8744310  5 1690
 760000000. 1.47218E-8 800000000. 1.21108E-8 840000000. 1.47481E-8744310  5 1691
 880000000. 2.25782E-8 920000000. 2.27193E-8 960000000. 1.74730E-8744310  5 1692
 1.00000E+9 0.0                                                   744310  5 1693
 0.0        0.0             33080          0          1         25744310  5 1694
         25          1                                            744310  5 1695
 120000000. 9.60000E-9 140000000. 9.60000E-9 160000000. 9.60000E-9744310  5 1696
 180000000. 9.33474E-9 200000000. 8.53640E-9 240000000. 8.35755E-9744310  5 1697
 280000000. 9.13388E-9 320000000. 9.55941E-9 360000000. 9.23141E-9744310  5 1698
 400000000. 8.50080E-9 440000000. 8.15464E-9 480000000. 8.21947E-9744310  5 1699
 520000000. 8.31926E-9 560000000. 9.27954E-9 600000000. 1.02214E-8744310  5 1700
 640000000. 1.02648E-8 680000000. 1.03081E-8 720000000. 9.48766E-9744310  5 1701
 760000000. 8.63991E-9 800000000. 8.65992E-9 840000000. 9.54318E-9744310  5 1702
 880000000. 1.04399E-8 920000000. 1.04649E-8 960000000. 1.04800E-8744310  5 1703
 1.00000E+9 0.0                                                   744310  5 1704
 0.0        0.0             34072          0          1         11744310  5 1705
         11          1                                            744310  5 1706
 600000000. 1.36322E-8 640000000. 1.36972E-8 680000000. 1.54584E-8744310  5 1707
 720000000. 1.72398E-8 760000000. 1.72798E-8 800000000. 1.30201E-8744310  5 1708
 840000000. 1.21280E-8 880000000. 1.65234E-8 920000000. 1.83087E-8744310  5 1709
 960000000. 2.35751E-8 1.00000E+9 0.0                             744310  5 1710
 0.0        0.0             34073          0          1         15744310  5 1711
         15          1                                            744310  5 1712
 440000000. 9.80092E-9 480000000. 9.90431E-9 520000000. 1.00077E-8744310  5 1713
 560000000. 1.51706E-8 600000000. 2.46735E-8 640000000. 3.33510E-8744310  5 1714
 680000000. 4.12266E-8 720000000. 4.05484E-8 760000000. 3.80049E-8744310  5 1715
 800000000. 4.49973E-8 840000000. 4.77598E-8 880000000. 4.17854E-8744310  5 1716
 920000000. 3.83747E-8 960000000. 4.01978E-8 1.00000E+9 0.0       744310  5 1717
 0.0        0.0             34074          0          1         18744310  5 1718
         18          1                                            744310  5 1719
 320000000. 1.19386E-8 360000000. 1.76138E-8 400000000. 1.86834E-8744310  5 1720
 440000000. 2.35340E-8 480000000. 3.20537E-8 520000000. 2.91332E-8744310  5 1721
 560000000. 4.04514E-8 600000000. 5.70611E-8 640000000. 5.90722E-8744310  5 1722
 680000000. 6.10094E-8 720000000. 6.89227E-8 760000000. 7.34467E-8744310  5 1723
 800000000. 8.47856E-8 840000000. 1.01530E-7 880000000. 1.16522E-7744310  5 1724
 920000000. 1.24723E-7 960000000. 1.00643E-7 1.00000E+9 0.0       744310  5 1725
 0.0        0.0             34075          0          1         19744310  5 1726
         19          1                                            744310  5 1727
 280000000. 1.58900E-8 320000000. 1.82919E-8 360000000. 2.96173E-8744310  5 1728
 400000000. 4.44777E-8 440000000. 4.48908E-8 480000000. 5.41139E-8744310  5 1729
 520000000. 6.57505E-8 560000000. 6.66561E-8 600000000. 8.42404E-8744310  5 1730
 640000000. 9.75877E-8 680000000. 1.01401E-7 720000000. 9.83261E-8744310  5 1731
 760000000. 1.06168E-7 800000000. 1.31569E-7 840000000. 1.44949E-7744310  5 1732
 880000000. 1.48777E-7 920000000. 1.59536E-7 960000000. 1.55669E-7744310  5 1733
 1.00000E+9 0.0                                                   744310  5 1734
 0.0        0.0             34076          0          1         20744310  5 1735
         20          1                                            744310  5 1736
 240000000. 1.49318E-8 280000000. 2.76863E-8 320000000. 3.34729E-8744310  5 1737
 360000000. 4.08845E-8 400000000. 5.09989E-8 440000000. 5.70152E-8744310  5 1738
 480000000. 7.05886E-8 520000000. 8.07031E-8 560000000. 7.51368E-8744310  5 1739
 600000000. 8.42271E-8 640000000. 9.92977E-8 680000000. 1.25287E-7744310  5 1740
 720000000. 1.35466E-7 760000000. 1.26957E-7 800000000. 1.36825E-7744310  5 1741
 840000000. 1.48375E-7 880000000. 1.77377E-7 920000000. 1.97093E-7744310  5 1742
 960000000. 1.87115E-7 1.00000E+9 0.0                             744310  5 1743
 0.0        0.0             34077          0          1         21744310  5 1744
         21          1                                            744310  5 1745
 200000000. 1.83515E-8 240000000. 2.14348E-8 280000000. 3.62672E-8744310  5 1746
 320000000. 5.25492E-8 360000000. 5.38627E-8 400000000. 6.22347E-8744310  5 1747
 440000000. 7.81856E-8 480000000. 8.05583E-8 520000000. 9.31067E-8744310  5 1748
 560000000. 1.02159E-7 600000000. 1.05567E-7 640000000. 1.13873E-7744310  5 1749
 680000000. 1.15150E-7 720000000. 1.39487E-7 760000000. 1.48707E-7744310  5 1750
 800000000. 1.44575E-7 840000000. 1.51910E-7 880000000. 1.45339E-7744310  5 1751
 920000000. 1.55142E-7 960000000. 1.67847E-7 1.00000E+9 0.0       744310  5 1752
 0.0        0.0             34078          0          1         24744310  5 1753
         24          1                                            744310  5 1754
 140000000. 1.11644E-8 160000000. 1.51529E-8 180000000. 1.76000E-8744310  5 1755
 200000000. 2.29960E-8 240000000. 3.48633E-8 280000000. 4.36470E-8744310  5 1756
 320000000. 5.56288E-8 360000000. 6.58842E-8 400000000. 6.08221E-8744310  5 1757
 440000000. 6.10595E-8 480000000. 6.98273E-8 520000000. 7.98356E-8744310  5 1758
 560000000. 8.52522E-8 600000000. 8.94086E-8 640000000. 9.24774E-8744310  5 1759
 680000000. 1.00482E-7 720000000. 1.28316E-7 760000000. 1.33152E-7744310  5 1760
 800000000. 1.10066E-7 840000000. 1.23964E-7 880000000. 1.41872E-7744310  5 1761
 920000000. 1.27368E-7 960000000. 1.18017E-7 1.00000E+9 0.0       744310  5 1762
 0.0        0.0             34079          0          1         26744310  5 1763
         26          1                                            744310  5 1764
 100000000. 8.03788E-9 120000000. 8.01282E-9 140000000. 9.56440E-9744310  5 1765
 160000000. 1.74744E-8 180000000. 2.08562E-8 200000000. 3.38316E-8744310  5 1766
 240000000. 3.78098E-8 280000000. 2.69444E-8 320000000. 3.49889E-8744310  5 1767
 360000000. 4.25540E-8 400000000. 5.25566E-8 440000000. 6.03123E-8744310  5 1768
 480000000. 5.51030E-8 520000000. 5.32291E-8 560000000. 6.24317E-8744310  5 1769
 600000000. 7.49198E-8 640000000. 8.04804E-8 680000000. 7.90787E-8744310  5 1770
 720000000. 8.44425E-8 760000000. 8.47135E-8 800000000. 7.70954E-8744310  5 1771
 840000000. 8.32770E-8 880000000. 9.13607E-8 920000000. 1.01100E-7744310  5 1772
 960000000. 9.01580E-8 1.00000E+9 0.0                             744310  5 1773
 0.0        0.0             34080          0          1         26744310  5 1774
         26          1                                            744310  5 1775
 100000000. 8.85521E-9 120000000. 1.11178E-8 140000000. 1.51822E-8744310  5 1776
 160000000. 1.44314E-8 180000000. 1.35860E-8 200000000. 1.74786E-8744310  5 1777
 240000000. 2.07062E-8 280000000. 2.45417E-8 320000000. 2.32030E-8744310  5 1778
 360000000. 2.32292E-8 400000000. 3.79566E-8 440000000. 4.00196E-8744310  5 1779
 480000000. 3.36817E-8 520000000. 4.15640E-8 560000000. 3.80281E-8744310  5 1780
 600000000. 3.90907E-8 640000000. 5.22101E-8 680000000. 5.92617E-8744310  5 1781
 720000000. 5.69621E-8 760000000. 4.06661E-8 800000000. 4.06463E-8744310  5 1782
 840000000. 4.42982E-8 880000000. 3.91611E-8 920000000. 4.44413E-8744310  5 1783
 960000000. 4.98305E-8 1.00000E+9 0.0                             744310  5 1784
 0.0        0.0             34081          0          1         24744310  5 1785
         24          1                                            744310  5 1786
 140000000. 1.68534E-8 160000000. 1.44000E-8 180000000. 1.36140E-8744310  5 1787
 200000000. 1.58786E-8 240000000. 2.22094E-8 280000000. 1.92115E-8744310  5 1788
 320000000. 2.21559E-8 360000000. 2.34131E-8 400000000. 1.37822E-8744310  5 1789
 440000000. 1.86814E-8 480000000. 2.13924E-8 520000000. 1.91280E-8744310  5 1790
 560000000. 1.94131E-8 600000000. 1.70529E-8 640000000. 1.79536E-8744310  5 1791
 680000000. 2.31850E-8 720000000. 1.90169E-8 760000000. 2.15285E-8744310  5 1792
 800000000. 2.60170E-8 840000000. 2.42829E-8 880000000. 2.61127E-8744310  5 1793
 920000000. 2.09496E-8 960000000. 2.70394E-8 1.00000E+9 0.0       744310  5 1794
 0.0        0.0             34082          0          1         27744310  5 1795
         27          1                                            744310  5 1796
 90000000.0 8.09018E-9 100000000. 8.06061E-9 120000000. 8.02051E-9744310  5 1797
 140000000. 8.78220E-9 160000000. 1.03843E-8 180000000. 1.04140E-8744310  5 1798
 200000000. 8.81460E-9 240000000. 9.50968E-9 280000000. 1.15282E-8744310  5 1799
 320000000. 1.23643E-8 360000000. 1.36398E-8 400000000. 1.53713E-8744310  5 1800
 440000000. 1.66097E-8 480000000. 1.73401E-8 520000000. 1.80705E-8744310  5 1801
 560000000. 1.68386E-8 600000000. 1.35974E-8 640000000. 1.11384E-8744310  5 1802
 680000000. 1.28752E-8 720000000. 1.38029E-8 760000000. 1.03771E-8744310  5 1803
 800000000. 1.12388E-8 840000000. 1.30266E-8 880000000. 1.21824E-8744310  5 1804
 920000000. 1.22074E-8 960000000. 1.22349E-8 1.00000E+9 0.0       744310  5 1805
 0.0        0.0             34083          0          1         10744310  5 1806
         10          1                                            744310  5 1807
 640000000. 1.02661E-8 680000000. 1.02986E-8 720000000. 1.03311E-8744310  5 1808
 760000000. 1.03636E-8 800000000. 1.03800E-8 840000000. 1.03800E-8744310  5 1809
 880000000. 1.03800E-8 920000000. 1.03800E-8 960000000. 1.03800E-8744310  5 1810
 1.00000E+9 0.0                                                   744310  5 1811
 0.0        0.0             35074          0          1         12744310  5 1812
         12          1                                            744310  5 1813
 560000000. 9.81617E-9 600000000. 9.32265E-9 640000000. 8.82916E-9744310  5 1814
 680000000. 9.16273E-9 720000000. 1.03397E-8 760000000. 1.15166E-8744310  5 1815
 800000000. 1.21249E-8 840000000. 1.21549E-8 880000000. 1.65076E-8744310  5 1816
 920000000. 2.09299E-8 960000000. 1.83677E-8 1.00000E+9 0.0       744310  5 1817
 0.0        0.0             35075          0          1         13744310  5 1818
         13          1                                            744310  5 1819
 520000000. 1.33396E-8 560000000. 2.02876E-8 600000000. 1.96303E-8744310  5 1820
 640000000. 1.28606E-8 680000000. 2.39636E-8 720000000. 3.02346E-8744310  5 1821
 760000000. 2.58952E-8 800000000. 3.20236E-8 840000000. 4.33423E-8744310  5 1822
 880000000. 4.52862E-8 920000000. 4.53101E-8 960000000. 4.81044E-8744310  5 1823
 1.00000E+9 0.0                                                   744310  5 1824
 0.0        0.0             35076          0          1         19744310  5 1825
         19          1                                            744310  5 1826
 280000000. 7.95000E-9 320000000. 1.18911E-8 360000000. 1.44819E-8744310  5 1827
 400000000. 1.53606E-8 440000000. 2.03487E-8 480000000. 2.54553E-8744310  5 1828
 520000000. 2.82875E-8 560000000. 2.78524E-8 600000000. 3.74041E-8744310  5 1829
 640000000. 4.96366E-8 680000000. 5.66899E-8 720000000. 6.20694E-8744310  5 1830
 760000000. 6.64974E-8 800000000. 7.01514E-8 840000000. 7.46139E-8744310  5 1831
 880000000. 8.43670E-8 920000000. 8.89543E-8 960000000. 8.13379E-8744310  5 1832
 1.00000E+9 0.0                                                   744310  5 1833
 0.0        0.0             35077          0          1         20744310  5 1834
         20          1                                            744310  5 1835
 240000000. 9.60135E-9 280000000. 7.95000E-9 320000000. 1.42440E-8744310  5 1836
 360000000. 2.56531E-8 400000000. 3.79774E-8 440000000. 4.16122E-8744310  5 1837
 480000000. 4.75802E-8 520000000. 5.32719E-8 560000000. 5.81935E-8744310  5 1838
 600000000. 6.98499E-8 640000000. 7.95503E-8 680000000. 9.27893E-8744310  5 1839
 720000000. 1.04260E-7 760000000. 1.04596E-7 800000000. 1.02171E-7744310  5 1840
 840000000. 1.15385E-7 880000000. 1.36530E-7 920000000. 1.61261E-7744310  5 1841
 960000000. 1.59176E-7 1.00000E+9 0.0                             744310  5 1842
 0.0        0.0             35078          0          1         22744310  5 1843
         22          1                                            744310  5 1844
 180000000. 9.04139E-9 200000000. 1.21756E-8 240000000. 1.27816E-8744310  5 1845
 280000000. 2.04429E-8 320000000. 3.26360E-8 360000000. 3.85252E-8744310  5 1846
 400000000. 4.69155E-8 440000000. 5.37690E-8 480000000. 6.64729E-8744310  5 1847
 520000000. 8.23463E-8 560000000. 8.94583E-8 600000000. 1.03003E-7744310  5 1848
 640000000. 1.18954E-7 680000000. 1.27185E-7 720000000. 1.28467E-7744310  5 1849
 760000000. 1.34730E-7 800000000. 1.59242E-7 840000000. 1.64994E-7744310  5 1850
 880000000. 1.70437E-7 920000000. 1.78829E-7 960000000. 1.81752E-7744310  5 1851
 1.00000E+9 0.0                                                   744310  5 1852
 0.0        0.0             35079          0          1         22744310  5 1853
         22          1                                            744310  5 1854
 180000000. 1.67298E-8 200000000. 2.23223E-8 240000000. 2.69847E-8744310  5 1855
 280000000. 2.70856E-8 320000000. 3.64525E-8 360000000. 5.14023E-8744310  5 1856
 400000000. 5.34624E-8 440000000. 7.39362E-8 480000000. 1.09995E-7744310  5 1857
 520000000. 1.14874E-7 560000000. 1.07177E-7 600000000. 1.11608E-7744310  5 1858
 640000000. 1.15541E-7 680000000. 1.10942E-7 720000000. 1.26539E-7744310  5 1859
 760000000. 1.62350E-7 800000000. 1.63760E-7 840000000. 1.63123E-7744310  5 1860
 880000000. 1.66232E-7 920000000. 1.62189E-7 960000000. 1.79983E-7744310  5 1861
 1.00000E+9 0.0                                                   744310  5 1862
 0.0        0.0             35080          0          1         24744310  5 1863
         24          1                                            744310  5 1864
 140000000. 1.19466E-8 160000000. 1.12628E-8 180000000. 1.50736E-8744310  5 1865
 200000000. 2.08244E-8 240000000. 2.68520E-8 280000000. 3.41827E-8744310  5 1866
 320000000. 4.52325E-8 360000000. 5.86458E-8 400000000. 6.47396E-8744310  5 1867
 440000000. 7.33145E-8 480000000. 7.88727E-8 520000000. 8.98092E-8744310  5 1868
 560000000. 1.04633E-7 600000000. 1.07384E-7 640000000. 1.03586E-7744310  5 1869
 680000000. 1.09968E-7 720000000. 1.28353E-7 760000000. 1.33970E-7744310  5 1870
 800000000. 1.45378E-7 840000000. 1.65783E-7 880000000. 1.51503E-7744310  5 1871
 920000000. 1.58576E-7 960000000. 1.66178E-7 1.00000E+9 0.0       744310  5 1872
 0.0        0.0             35081          0          1         24744310  5 1873
         24          1                                            744310  5 1874
 140000000. 1.43288E-8 160000000. 1.83843E-8 180000000. 1.60562E-8744310  5 1875
 200000000. 2.98073E-8 240000000. 4.46842E-8 280000000. 4.05427E-8744310  5 1876
 320000000. 4.76906E-8 360000000. 5.54493E-8 400000000. 6.06769E-8744310  5 1877
 440000000. 7.32772E-8 480000000. 8.46044E-8 520000000. 7.90915E-8744310  5 1878
 560000000. 7.08848E-8 600000000. 7.83430E-8 640000000. 7.87951E-8744310  5 1879
 680000000. 9.52387E-8 720000000. 1.10396E-7 760000000. 9.68281E-8744310  5 1880
 800000000. 1.05552E-7 840000000. 1.22392E-7 880000000. 1.14903E-7744310  5 1881
 920000000. 1.11597E-7 960000000. 1.06701E-7 1.00000E+9 0.0       744310  5 1882
 0.0        0.0             35082          0          1         25744310  5 1883
         25          1                                            744310  5 1884
 120000000. 1.11178E-8 140000000. 1.75288E-8 160000000. 2.00157E-8744310  5 1885
 180000000. 1.92000E-8 200000000. 2.45960E-8 240000000. 2.94872E-8744310  5 1886
 280000000. 3.09319E-8 320000000. 3.26886E-8 360000000. 3.76929E-8744310  5 1887
 400000000. 5.01396E-8 440000000. 5.54412E-8 480000000. 4.52725E-8744310  5 1888
 520000000. 4.48882E-8 560000000. 6.32581E-8 600000000. 5.72177E-8744310  5 1889
 640000000. 5.80756E-8 680000000. 7.39351E-8 720000000. 6.04381E-8744310  5 1890
 760000000. 4.49541E-8 800000000. 4.84482E-8 840000000. 6.33139E-8744310  5 1891
 880000000. 7.73992E-8 920000000. 8.02541E-8 960000000. 6.47527E-8744310  5 1892
 1.00000E+9 0.0                                                   744310  5 1893
 0.0        0.0             35083          0          1         27744310  5 1894
         27          1                                            744310  5 1895
 90000000.0 9.13157E-9 100000000. 1.22362E-8 120000000. 1.28411E-8744310  5 1896
 140000000. 1.12000E-8 160000000. 9.63140E-9 180000000. 8.78595E-9744310  5 1897
 200000000. 1.57814E-8 240000000. 1.92030E-8 280000000. 1.97766E-8744310  5 1898
 320000000. 2.15606E-8 360000000. 1.92833E-8 400000000. 2.50387E-8744310  5 1899
 440000000. 2.93623E-8 480000000. 2.95711E-8 520000000. 3.24418E-8744310  5 1900
 560000000. 2.78757E-8 600000000. 2.46869E-8 640000000. 3.41900E-8744310  5 1901
 680000000. 3.35832E-8 720000000. 2.92836E-8 760000000. 2.94043E-8744310  5 1902
 800000000. 2.94215E-8 840000000. 3.55745E-8 880000000. 3.82847E-8744310  5 1903
 920000000. 3.31718E-8 960000000. 2.79698E-8 1.00000E+9 0.0       744310  5 1904
 0.0        0.0             35084          0          1         29744310  5 1905
         29          1                                            744310  5 1906
 70000000.0 8.68488E-9 80000000.0 9.37078E-9 90000000.0 9.70821E-9744310  5 1907
 100000000. 9.67273E-9 120000000. 9.62462E-9 140000000. 9.60000E-9744310  5 1908
 160000000. 9.60000E-9 180000000. 8.81405E-9 200000000. 9.53686E-9744310  5 1909
 240000000. 1.11456E-8 280000000. 9.57026E-9 320000000. 8.75391E-9744310  5 1910
 360000000. 1.04349E-8 400000000. 1.53400E-8 440000000. 2.19785E-8744310  5 1911
 480000000. 1.97644E-8 520000000. 1.74576E-8 560000000. 1.94131E-8744310  5 1912
 600000000. 1.70529E-8 640000000. 1.66816E-8 680000000. 1.93324E-8744310  5 1913
 720000000. 1.81232E-8 760000000. 1.38346E-8 800000000. 1.38458E-8744310  5 1914
 840000000. 1.73514E-8 880000000. 1.82763E-8 920000000. 2.17739E-8744310  5 1915
 960000000. 1.92674E-8 1.00000E+9 0.0                             744310  5 1916
 0.0        0.0             35085          0          1         23744310  5 1917
         23          1                                            744310  5 1918
 160000000. 8.15563E-9 180000000. 8.47346E-9 200000000. 8.94286E-9744310  5 1919
 240000000. 9.57935E-9 280000000. 1.02154E-8 320000000. 1.08513E-8744310  5 1920
 360000000. 1.14869E-8 400000000. 1.21225E-8 440000000. 1.27579E-8744310  5 1921
 480000000. 1.15161E-8 520000000. 9.80465E-9 560000000. 9.59123E-9744310  5 1922
 600000000. 9.37781E-9 640000000. 9.16441E-9 680000000. 8.95102E-9744310  5 1923
 720000000. 8.73763E-9 760000000. 8.63000E-9 800000000. 8.63000E-9744310  5 1924
 840000000. 8.63000E-9 880000000. 8.63000E-9 920000000. 8.63000E-9744310  5 1925
 960000000. 8.63000E-9 1.00000E+9 0.0                             744310  5 1926
 0.0        0.0             35086          0          1         13744310  5 1927
         13          1                                            744310  5 1928
 520000000. 9.91000E-9 560000000. 9.91000E-9 600000000. 9.91000E-9744310  5 1929
 640000000. 9.91000E-9 680000000. 9.91000E-9 720000000. 9.91000E-9744310  5 1930
 760000000. 9.91000E-9 800000000. 9.91000E-9 840000000. 9.91000E-9744310  5 1931
 880000000. 9.91000E-9 920000000. 9.91000E-9 960000000. 9.91000E-9744310  5 1932
 1.00000E+9 0.0                                                   744310  5 1933
 0.0        0.0             36076          0          1          7744310  5 1934
          7          1                                            744310  5 1935
 760000000. 1.19214E-8 800000000. 1.16013E-8 840000000. 1.12812E-8744310  5 1936
 880000000. 1.09612E-8 920000000. 1.06411E-8 960000000. 1.30971E-8744310  5 1937
 1.00000E+9 0.0                                                   744310  5 1938
 0.0        0.0             36077          0          1         14744310  5 1939
         14          1                                            744310  5 1940
 480000000. 9.85933E-9 520000000. 1.08088E-8 560000000. 1.09738E-8744310  5 1941
 600000000. 1.36030E-8 640000000. 1.45706E-8 680000000. 1.88542E-8744310  5 1942
 720000000. 2.67169E-8 760000000. 2.42193E-8 800000000. 2.07848E-8744310  5 1943
 840000000. 3.37687E-8 880000000. 3.83391E-8 920000000. 3.39888E-8744310  5 1944
 960000000. 3.84597E-8 1.00000E+9 0.0                             744310  5 1945
 0.0        0.0             36078          0          1         16744310  5 1946
         16          1                                            744310  5 1947
 400000000. 1.37200E-8 440000000. 1.71261E-8 480000000. 1.31730E-8744310  5 1948
 520000000. 1.41223E-8 560000000. 2.02490E-8 600000000. 3.06026E-8744310  5 1949
 640000000. 3.76814E-8 680000000. 4.03634E-8 720000000. 4.05484E-8744310  5 1950
 760000000. 5.17266E-8 800000000. 6.84073E-8 840000000. 6.94394E-8744310  5 1951
 880000000. 6.87408E-8 920000000. 6.88933E-8 960000000. 7.68818E-8744310  5 1952
 1.00000E+9 0.0                                                   744310  5 1953
 0.0        0.0             36079          0          1         18744310  5 1954
         18          1                                            744310  5 1955
 320000000. 1.03437E-8 360000000. 1.28356E-8 400000000. 2.01790E-8744310  5 1956
 440000000. 3.25240E-8 480000000. 4.59641E-8 520000000. 4.91071E-8744310  5 1957
 560000000. 4.89322E-8 600000000. 5.53611E-8 640000000. 6.84046E-8744310  5 1958
 680000000. 7.73701E-8 720000000. 7.50020E-8 760000000. 7.77347E-8744310  5 1959
 800000000. 1.05487E-7 840000000. 1.14685E-7 880000000. 1.22530E-7744310  5 1960
 920000000. 1.35239E-7 960000000. 1.29338E-7 1.00000E+9 0.0       744310  5 1961
 0.0        0.0             36080          0          1         20744310  5 1962
         20          1                                            744310  5 1963
 240000000. 1.18794E-8 280000000. 1.50773E-8 320000000. 1.90762E-8744310  5 1964
 360000000. 3.28137E-8 400000000. 4.13416E-8 440000000. 5.28167E-8744310  5 1965
 480000000. 6.49384E-8 520000000. 6.57133E-8 560000000. 8.68541E-8744310  5 1966
 600000000. 1.10722E-7 640000000. 1.11324E-7 680000000. 1.16820E-7744310  5 1967
 720000000. 1.25874E-7 760000000. 1.29569E-7 800000000. 1.40261E-7744310  5 1968
 840000000. 1.45829E-7 880000000. 1.46169E-7 920000000. 1.62981E-7744310  5 1969
 960000000. 1.78326E-7 1.00000E+9 0.0                             744310  5 1970
 0.0        0.0             36081          0          1         22744310  5 1971
         22          1                                            744310  5 1972
 180000000. 1.11719E-8 200000000. 1.20098E-8 240000000. 1.57931E-8744310  5 1973
 280000000. 2.53190E-8 320000000. 2.71508E-8 360000000. 3.44186E-8744310  5 1974
 400000000. 5.81513E-8 440000000. 7.97782E-8 480000000. 8.87489E-8744310  5 1975
 520000000. 8.57137E-8 560000000. 8.52339E-8 600000000. 9.62151E-8744310  5 1976
 640000000. 1.11228E-7 680000000. 1.45906E-7 720000000. 1.44195E-7744310  5 1977
 760000000. 1.39782E-7 800000000. 1.64563E-7 840000000. 1.78717E-7744310  5 1978
 880000000. 1.86248E-7 920000000. 1.83106E-7 960000000. 1.94018E-7744310  5 1979
 1.00000E+9 0.0                                                   744310  5 1980
 0.0        0.0             36082          0          1         23744310  5 1981
         23          1                                            744310  5 1982
 160000000. 1.35529E-8 180000000. 1.44281E-8 200000000. 1.58786E-8744310  5 1983
 240000000. 2.53028E-8 280000000. 4.73165E-8 320000000. 5.12171E-8744310  5 1984
 360000000. 4.09491E-8 400000000. 5.81356E-8 440000000. 8.38276E-8744310  5 1985
 480000000. 9.20625E-8 520000000. 9.23359E-8 560000000. 9.45367E-8744310  5 1986
 600000000. 1.07246E-7 640000000. 1.04571E-7 680000000. 1.09845E-7744310  5 1987
 720000000. 1.28477E-7 760000000. 1.33000E-7 800000000. 1.48049E-7744310  5 1988
 840000000. 1.69169E-7 880000000. 1.55058E-7 920000000. 1.35985E-7744310  5 1989
 960000000. 1.65099E-7 1.00000E+9 0.0                             744310  5 1990
 0.0        0.0             36083          0          1         25744310  5 1991
         25          1                                            744310  5 1992
 120000000. 1.26767E-8 140000000. 1.60356E-8 160000000. 2.38116E-8744310  5 1993
 180000000. 2.41685E-8 200000000. 2.21231E-8 240000000. 3.64585E-8744310  5 1994
 280000000. 4.13554E-8 320000000. 4.29848E-8 360000000. 4.42184E-8744310  5 1995
 400000000. 5.25151E-8 440000000. 6.27641E-8 480000000. 6.48976E-8744310  5 1996
 520000000. 7.98140E-8 560000000. 9.70435E-8 600000000. 9.71775E-8744310  5 1997
 640000000. 9.66995E-8 680000000. 1.04836E-7 720000000. 1.13747E-7744310  5 1998
 760000000. 1.12378E-7 800000000. 1.06517E-7 840000000. 1.20568E-7744310  5 1999
 880000000. 1.19289E-7 920000000. 1.08983E-7 960000000. 1.16236E-7744310  5 2000
 1.00000E+9 0.0                                                   744310  5 2001
 0.0        0.0             36084          0          1         27744310  5 2002
         27          1                                            744310  5 2003
 90000000.0 8.08363E-9 100000000. 8.03435E-9 120000000. 1.11178E-8744310  5 2004
 140000000. 1.20534E-8 160000000. 1.90116E-8 180000000. 2.48702E-8744310  5 2005
 200000000. 2.23223E-8 240000000. 2.69847E-8 280000000. 3.40766E-8744310  5 2006
 320000000. 4.76643E-8 360000000. 4.99168E-8 400000000. 4.53163E-8744310  5 2007
 440000000. 5.61511E-8 480000000. 5.75787E-8 520000000. 5.32397E-8744310  5 2008
 560000000. 6.24223E-8 600000000. 6.05693E-8 640000000. 6.40988E-8744310  5 2009
 680000000. 7.47983E-8 720000000. 7.41237E-8 760000000. 7.68919E-8744310  5 2010
 800000000. 7.27816E-8 840000000. 7.46055E-8 880000000. 8.17843E-8744310  5 2011
 920000000. 9.23800E-8 960000000. 9.70609E-8 1.00000E+9 0.0       744310  5 2012
 0.0        0.0             36085          0          1         25744310  5 2013
         25          1                                            744310  5 2014
 120000000. 1.20205E-8 140000000. 1.19822E-8 160000000. 1.67215E-8744310  5 2015
 180000000. 1.92281E-8 200000000. 2.14494E-8 240000000. 2.78053E-8744310  5 2016
 280000000. 2.70856E-8 320000000. 2.78301E-8 360000000. 2.97597E-8744310  5 2017
 400000000. 2.43453E-8 440000000. 3.24731E-8 480000000. 4.43769E-8744310  5 2018
 520000000. 3.58249E-8 560000000. 3.45699E-8 600000000. 4.93604E-8744310  5 2019
 640000000. 4.80054E-8 680000000. 4.72155E-8 720000000. 4.74744E-8744310  5 2020
 760000000. 4.06022E-8 800000000. 4.24276E-8 840000000. 3.73668E-8744310  5 2021
 880000000. 3.73795E-8 920000000. 4.10082E-8 960000000. 4.80242E-8744310  5 2022
 1.00000E+9 0.0                                                   744310  5 2023
 0.0        0.0             36086          0          1         26744310  5 2024
         26          1                                            744310  5 2025
 100000000. 8.02576E-9 120000000. 8.00000E-9 140000000. 8.00000E-9744310  5 2026
 160000000. 8.00000E-9 180000000. 1.03579E-8 200000000. 1.27855E-8744310  5 2027
 240000000. 1.66137E-8 280000000. 2.06600E-8 320000000. 1.75865E-8744310  5 2028
 360000000. 1.36679E-8 400000000. 1.45586E-8 440000000. 1.54961E-8744310  5 2029
 480000000. 2.04969E-8 520000000. 2.49683E-8 560000000. 2.11124E-8744310  5 2030
 600000000. 2.29686E-8 640000000. 2.31477E-8 680000000. 1.89097E-8744310  5 2031
 720000000. 1.72504E-8 760000000. 1.46922E-8 800000000. 1.29969E-8744310  5 2032
 840000000. 1.30132E-8 880000000. 1.82426E-8 920000000. 1.92096E-8744310  5 2033
 960000000. 2.00801E-8 1.00000E+9 0.0                             744310  5 2034
 0.0        0.0             36087          0          1         27744310  5 2035
         27          1                                            744310  5 2036
 90000000.0 1.13171E-8 100000000. 1.12481E-8 120000000. 9.64109E-9744310  5 2037
 140000000. 8.78220E-9 160000000. 1.03843E-8 180000000. 1.04140E-8744310  5 2038
 200000000. 9.40607E-9 240000000. 9.00514E-9 280000000. 8.60445E-9744310  5 2039
 320000000. 8.20393E-9 360000000. 9.10034E-9 400000000. 1.13422E-8744310  5 2040
 440000000. 1.35838E-8 480000000. 1.15331E-8 520000000. 9.14888E-9744310  5 2041
 560000000. 1.01070E-8 600000000. 1.02020E-8 640000000. 9.84414E-9744310  5 2042
 680000000. 9.02391E-9 720000000. 1.03294E-8 760000000. 1.12348E-8744310  5 2043
 800000000. 9.52943E-9 840000000. 1.04064E-8 880000000. 1.13164E-8744310  5 2044
 920000000. 1.00280E-8 960000000. 9.17789E-9 1.00000E+9 0.0       744310  5 2045
 0.0        0.0             36088          0          1         28744310  5 2046
         28          1                                            744310  5 2047
 80000000.0 1.14050E-8 90000000.0 1.11088E-8 100000000. 1.06715E-8744310  5 2048
 120000000. 1.00784E-8 140000000. 9.48575E-9 160000000. 8.89331E-9744310  5 2049
 180000000. 8.30103E-9 200000000. 8.00776E-9 240000000. 8.02379E-9744310  5 2050
 280000000. 8.03982E-9 320000000. 8.05584E-9 360000000. 8.07186E-9744310  5 2051
 400000000. 8.08000E-9 440000000. 8.08000E-9 480000000. 8.08000E-9744310  5 2052
 520000000. 8.08000E-9 560000000. 8.08000E-9 600000000. 8.08000E-9744310  5 2053
 640000000. 8.08000E-9 680000000. 8.08000E-9 720000000. 8.08000E-9744310  5 2054
 760000000. 8.08000E-9 800000000. 8.08000E-9 840000000. 8.08000E-9744310  5 2055
 880000000. 8.08000E-9 920000000. 8.08000E-9 960000000. 8.08000E-9744310  5 2056
 1.00000E+9 0.0                                                   744310  5 2057
 0.0        0.0             37079          0          1         12744310  5 2058
         12          1                                            744310  5 2059
 560000000. 1.09738E-8 600000000. 1.52946E-8 640000000. 1.54515E-8744310  5 2060
 680000000. 1.28752E-8 720000000. 1.38054E-8 760000000. 1.29525E-8744310  5 2061
 800000000. 1.47178E-8 840000000. 1.64881E-8 880000000. 2.69138E-8744310  5 2062
 920000000. 3.05631E-8 960000000. 3.57774E-8 1.00000E+9 0.0       744310  5 2063
 0.0        0.0             37080          0          1         15744310  5 2064
         15          1                                            744310  5 2065
 440000000. 1.05877E-8 480000000. 1.06903E-8 520000000. 1.32927E-8744310  5 2066
 560000000. 1.68786E-8 600000000. 2.04178E-8 640000000. 2.48158E-8744310  5 2067
 680000000. 2.49328E-8 720000000. 2.75586E-8 760000000. 4.05384E-8744310  5 2068
 800000000. 5.19504E-8 840000000. 5.72676E-8 880000000. 5.57132E-8744310  5 2069
 920000000. 5.05796E-8 960000000. 5.76520E-8 1.00000E+9 0.0       744310  5 2070
 0.0        0.0             37081          0          1         17744310  5 2071
         17          1                                            744310  5 2072
 360000000. 1.37093E-8 400000000. 1.85175E-8 440000000. 2.61025E-8744310  5 2073
 480000000. 1.97644E-8 520000000. 3.07020E-8 560000000. 4.81014E-8744310  5 2074
 600000000. 5.11054E-8 640000000. 5.39250E-8 680000000. 5.84263E-8744310  5 2075
 720000000. 6.72027E-8 760000000. 8.37331E-8 800000000. 9.35482E-8744310  5 2076
 840000000. 1.00637E-7 880000000. 9.83879E-8 920000000. 1.10617E-7744310  5 2077
 960000000. 1.19835E-7 1.00000E+9 0.0                             744310  5 2078
 0.0        0.0             37082          0          1         18744310  5 2079
         18          1                                            744310  5 2080
 320000000. 1.83182E-8 360000000. 2.32524E-8 400000000. 4.19364E-8744310  5 2081
 440000000. 5.78556E-8 480000000. 5.26440E-8 520000000. 5.73513E-8744310  5 2082
 560000000. 7.00446E-8 600000000. 7.91705E-8 640000000. 8.90106E-8744310  5 2083
 680000000. 1.02197E-7 720000000. 1.06946E-7 760000000. 1.10520E-7744310  5 2084
 800000000. 1.22970E-7 840000000. 1.31037E-7 880000000. 1.47846E-7744310  5 2085
 920000000. 1.52652E-7 960000000. 1.47718E-7 1.00000E+9 0.0       744310  5 2086
 0.0        0.0             37083          0          1         20744310  5 2087
         20          1                                            744310  5 2088
 240000000. 1.65677E-8 280000000. 2.45770E-8 320000000. 2.86619E-8744310  5 2089
 360000000. 4.08430E-8 400000000. 5.18375E-8 440000000. 5.37690E-8744310  5 2090
 480000000. 5.75091E-8 520000000. 6.98355E-8 560000000. 9.69876E-8744310  5 2091
 600000000. 1.09102E-7 640000000. 1.09530E-7 680000000. 1.23706E-7744310  5 2092
 720000000. 1.53282E-7 760000000. 1.60817E-7 800000000. 1.48087E-7744310  5 2093
 840000000. 1.47577E-7 880000000. 1.40119E-7 920000000. 1.66380E-7744310  5 2094
 960000000. 1.79305E-7 1.00000E+9 0.0                             744310  5 2095
 0.0        0.0             37084          0          1         23744310  5 2096
         23          1                                            744310  5 2097
 160000000. 1.03529E-8 180000000. 1.83017E-8 200000000. 2.08778E-8744310  5 2098
 240000000. 2.37128E-8 280000000. 3.48539E-8 320000000. 4.69063E-8744310  5 2099
 360000000. 4.98753E-8 400000000. 5.65521E-8 440000000. 6.84570E-8744310  5 2100
 480000000. 6.98392E-8 520000000. 9.55535E-8 560000000. 1.08932E-7744310  5 2101
 600000000. 1.14875E-7 640000000. 1.32691E-7 680000000. 1.43456E-7744310  5 2102
 720000000. 1.41483E-7 760000000. 1.36455E-7 800000000. 1.49793E-7744310  5 2103
 840000000. 1.52782E-7 880000000. 1.42743E-7 920000000. 1.44705E-7744310  5 2104
 960000000. 1.52982E-7 1.00000E+9 0.0                             744310  5 2105
 0.0        0.0             37085          0          1         23744310  5 2106
         23          1                                            744310  5 2107
 160000000. 1.35215E-8 180000000. 2.23157E-8 200000000. 3.80017E-8744310  5 2108
 240000000. 4.16319E-8 280000000. 4.50248E-8 320000000. 6.05188E-8744310  5 2109
 360000000. 6.26877E-8 400000000. 7.19542E-8 440000000. 8.23232E-8744310  5 2110
 480000000. 7.80944E-8 520000000. 7.23943E-8 560000000. 7.76161E-8744310  5 2111
 600000000. 9.87159E-8 640000000. 1.08746E-7 680000000. 1.01451E-7744310  5 2112
 720000000. 1.04260E-7 760000000. 1.08026E-7 800000000. 1.17700E-7744310  5 2113
 840000000. 1.29346E-7 880000000. 1.40874E-7 920000000. 1.33546E-7744310  5 2114
 960000000. 1.24063E-7 1.00000E+9 0.0                             744310  5 2115
 0.0        0.0             37086          0          1         25744310  5 2116
         25          1                                            744310  5 2117
 120000000. 8.77945E-9 140000000. 1.19466E-8 160000000. 1.59686E-8744310  5 2118
 180000000. 1.68140E-8 200000000. 2.37183E-8 240000000. 3.34010E-8744310  5 2119
 280000000. 3.72919E-8 320000000. 4.22005E-8 360000000. 4.18178E-8744310  5 2120
 400000000. 4.92753E-8 440000000. 5.95042E-8 480000000. 6.73157E-8744310  5 2121
 520000000. 6.99210E-8 560000000. 6.91811E-8 600000000. 7.49781E-8744310  5 2122
 640000000. 6.25933E-8 680000000. 6.34980E-8 720000000. 7.92936E-8744310  5 2123
 760000000. 7.77888E-8 800000000. 8.30788E-8 840000000. 8.51131E-8744310  5 2124
 880000000. 8.60862E-8 920000000. 8.89864E-8 960000000. 8.65215E-8744310  5 2125
 1.00000E+9 0.0                                                   744310  5 2126
 0.0        0.0             37087          0          1         26744310  5 2127
         26          1                                            744310  5 2128
 100000000. 8.42573E-9 120000000. 9.20255E-9 140000000. 1.35110E-8744310  5 2129
 160000000. 1.68157E-8 180000000. 1.99298E-8 200000000. 2.39709E-8744310  5 2130
 240000000. 2.31167E-8 280000000. 2.30273E-8 320000000. 3.25359E-8744310  5 2131
 360000000. 3.78172E-8 400000000. 4.60148E-8 440000000. 5.14290E-8744310  5 2132
 480000000. 4.60049E-8 520000000. 4.41174E-8 560000000. 3.88313E-8744310  5 2133
 600000000. 3.83348E-8 640000000. 4.44771E-8 680000000. 4.98542E-8744310  5 2134
 720000000. 4.48661E-8 760000000. 5.17511E-8 800000000. 5.80637E-8744310  5 2135
 840000000. 5.55326E-8 880000000. 6.00330E-8 920000000. 5.67155E-8744310  5 2136
 960000000. 4.81044E-8 1.00000E+9 0.0                             744310  5 2137
 0.0        0.0             37088          0          1         28744310  5 2138
         28          1                                            744310  5 2139
 80000000.0 9.01766E-9 90000000.0 8.86631E-9 100000000. 1.11823E-8744310  5 2140
 120000000. 1.12411E-8 140000000. 1.19466E-8 160000000. 2.06744E-8744310  5 2141
 180000000. 1.85545E-8 200000000. 1.34591E-8 240000000. 1.59719E-8744310  5 2142
 280000000. 1.89639E-8 320000000. 1.99920E-8 360000000. 2.47976E-8744310  5 2143
 400000000. 3.40233E-8 440000000. 2.61770E-8 480000000. 2.21537E-8744310  5 2144
 520000000. 2.66226E-8 560000000. 2.95285E-8 600000000. 2.81501E-8744310  5 2145
 640000000. 2.48158E-8 680000000. 2.66364E-8 720000000. 2.50180E-8744310  5 2146
 760000000. 1.81768E-8 800000000. 2.33173E-8 840000000. 3.38480E-8744310  5 2147
 880000000. 3.47997E-8 920000000. 3.14145E-8 960000000. 2.79698E-8744310  5 2148
 1.00000E+9 0.0                                                   744310  5 2149
 0.0        0.0             37089          0          1         23744310  5 2150
         23          1                                            744310  5 2151
 160000000. 1.52157E-8 180000000. 1.12562E-8 200000000. 1.03126E-8744310  5 2152
 240000000. 1.23681E-8 280000000. 1.15417E-8 320000000. 1.50758E-8744310  5 2153
 360000000. 1.53192E-8 400000000. 1.37408E-8 440000000. 1.38848E-8744310  5 2154
 480000000. 1.39512E-8 520000000. 1.33299E-8 560000000. 1.06646E-8744310  5 2155
 600000000. 1.18884E-8 640000000. 1.31122E-8 680000000. 1.20462E-8744310  5 2156
 720000000. 1.37638E-8 760000000. 1.89950E-8 800000000. 1.64850E-8744310  5 2157
 840000000. 1.47397E-8 880000000. 1.39407E-8 920000000. 1.65316E-8744310  5 2158
 960000000. 1.57725E-8 1.00000E+9 0.0                             744310  5 2159
 0.0        0.0             37090          0          1          9744310  5 2160
          9          1                                            744310  5 2161
 680000000. 1.17779E-8 720000000. 1.13093E-8 760000000. 1.08406E-8744310  5 2162
 800000000. 1.03719E-8 840000000. 9.90325E-9 880000000. 9.43459E-9744310  5 2163
 920000000. 8.96595E-9 960000000. 8.73993E-9 1.00000E+9 0.0       744310  5 2164
 0.0        0.0             38081          0          1         11744310  5 2165
         11          1                                            744310  5 2166
 600000000. 9.36806E-9 640000000. 1.11236E-8 680000000. 1.24557E-8744310  5 2167
 720000000. 1.33559E-8 760000000. 1.12521E-8 800000000. 1.21017E-8744310  5 2168
 840000000. 1.21768E-8 880000000. 8.69993E-9 920000000. 1.56554E-8744310  5 2169
 960000000. 2.35939E-8 1.00000E+9 0.0                             744310  5 2170
 0.0        0.0             38082          0          1         14744310  5 2171
         14          1                                            744310  5 2172
 480000000. 1.23232E-8 520000000. 1.08299E-8 560000000. 1.09600E-8744310  5 2173
 600000000. 1.78587E-8 640000000. 2.73575E-8 680000000. 3.18127E-8744310  5 2174
 720000000. 2.93252E-8 760000000. 3.45106E-8 800000000. 3.72698E-8744310  5 2175
 840000000. 3.90226E-8 880000000. 5.12944E-8 920000000. 4.80226E-8744310  5 2176
 960000000. 4.45480E-8 1.00000E+9 0.0                             744310  5 2177
 0.0        0.0             38083          0          1         18744310  5 2178
         18          1                                            744310  5 2179
 320000000. 7.97451E-9 360000000. 1.51767E-8 400000000. 2.50801E-8744310  5 2180
 440000000. 2.52944E-8 480000000. 2.38224E-8 520000000. 3.24096E-8744310  5 2181
 560000000. 3.04290E-8 600000000. 2.72060E-8 640000000. 4.44351E-8744310  5 2182
 680000000. 6.43939E-8 720000000. 6.72915E-8 760000000. 6.56250E-8744310  5 2183
 800000000. 7.44511E-8 840000000. 7.72610E-8 880000000. 7.57008E-8744310  5 2184
 920000000. 8.01972E-8 960000000. 9.78260E-8 1.00000E+9 0.0       744310  5 2185
 0.0        0.0             38084          0          1         20744310  5 2186
         20          1                                            744310  5 2187
 240000000. 8.78593E-9 280000000. 1.33863E-8 320000000. 2.06974E-8744310  5 2188
 360000000. 2.96404E-8 400000000. 3.40648E-8 440000000. 3.90301E-8744310  5 2189
 480000000. 5.25506E-8 520000000. 5.65805E-8 560000000. 5.90614E-8744310  5 2190
 600000000. 6.89641E-8 640000000. 8.38265E-8 680000000. 8.94163E-8744310  5 2191
 720000000. 9.56085E-8 760000000. 1.03699E-7 800000000. 1.15093E-7744310  5 2192
 840000000. 1.30195E-7 880000000. 1.25335E-7 920000000. 1.29874E-7744310  5 2193
 960000000. 1.37259E-7 1.00000E+9 0.0                             744310  5 2194
 0.0        0.0             38085          0          1         21744310  5 2195
         21          1                                            744310  5 2196
 200000000. 1.21582E-8 240000000. 1.74472E-8 280000000. 2.27330E-8744310  5 2197
 320000000. 2.62878E-8 360000000. 3.20775E-8 400000000. 5.32551E-8744310  5 2198
 440000000. 6.28386E-8 480000000. 6.72869E-8 520000000. 7.65593E-8744310  5 2199
 560000000. 8.09957E-8 600000000. 9.11502E-8 640000000. 1.08605E-7744310  5 2200
 680000000. 1.28037E-7 720000000. 1.45582E-7 760000000. 1.38401E-7744310  5 2201
 800000000. 1.28962E-7 840000000. 1.47520E-7 880000000. 1.47092E-7744310  5 2202
 920000000. 1.40403E-7 960000000. 1.48556E-7 1.00000E+9 0.0       744310  5 2203
 0.0        0.0             38086          0          1         22744310  5 2204
         22          1                                            744310  5 2205
 180000000. 8.00000E-9 200000000. 9.53686E-9 240000000. 1.96612E-8744310  5 2206
 280000000. 3.09319E-8 320000000. 3.66101E-8 360000000. 5.04872E-8744310  5 2207
 400000000. 7.03550E-8 440000000. 8.30940E-8 480000000. 9.03649E-8744310  5 2208
 520000000. 9.23626E-8 560000000. 1.07957E-7 600000000. 1.21878E-7744310  5 2209
 640000000. 1.21533E-7 680000000. 1.17817E-7 720000000. 1.16324E-7744310  5 2210
 760000000. 1.12402E-7 800000000. 1.24556E-7 840000000. 1.57055E-7744310  5 2211
 880000000. 1.47167E-7 920000000. 1.38593E-7 960000000. 1.55558E-7744310  5 2212
 1.00000E+9 0.0                                                   744310  5 2213
 0.0        0.0             38087          0          1         25744310  5 2214
         25          1                                            744310  5 2215
 120000000. 9.55891E-9 140000000. 1.27644E-8 160000000. 1.59686E-8744310  5 2216
 180000000. 2.31017E-8 200000000. 2.95418E-8 240000000. 2.94872E-8744310  5 2217
 280000000. 3.32639E-8 320000000. 4.53114E-8 360000000. 6.17544E-8744310  5 2218
 400000000. 6.32806E-8 440000000. 6.42821E-8 480000000. 9.43344E-8744310  5 2219
 520000000. 9.16452E-8 560000000. 7.76021E-8 600000000. 9.28369E-8744310  5 2220
 640000000. 1.02681E-7 680000000. 1.16826E-7 720000000. 1.26711E-7744310  5 2221
 760000000. 1.16730E-7 800000000. 1.09101E-7 840000000. 1.12849E-7744310  5 2222
 880000000. 1.09650E-7 920000000. 1.27200E-7 960000000. 1.47730E-7744310  5 2223
 1.00000E+9 0.0                                                   744310  5 2224
 0.0        0.0             38088          0          1         22744310  5 2225
         22          1                                            744310  5 2226
 180000000. 2.32140E-8 200000000. 2.08244E-8 240000000. 2.22094E-8744310  5 2227
 280000000. 3.31982E-8 320000000. 4.22317E-8 360000000. 4.73554E-8744310  5 2228
 400000000. 4.94411E-8 440000000. 6.49971E-8 480000000. 6.83336E-8744310  5 2229
 520000000. 6.56650E-8 560000000. 6.33693E-8 600000000. 6.88341E-8744310  5 2230
 640000000. 8.56449E-8 680000000. 8.59145E-8 720000000. 9.22313E-8744310  5 2231
 760000000. 9.16038E-8 800000000. 8.57694E-8 840000000. 8.84953E-8744310  5 2232
 880000000. 9.65727E-8 920000000. 9.94068E-8 960000000. 9.79180E-8744310  5 2233
 1.00000E+9 0.0                                                   744310  5 2234
 0.0        0.0             38089          0          1         23744310  5 2235
         23          1                                            744310  5 2236
 160000000. 1.84785E-8 180000000. 1.67579E-8 200000000. 2.07272E-8744310  5 2237
 240000000. 3.23660E-8 280000000. 4.44597E-8 320000000. 4.15213E-8744310  5 2238
 360000000. 3.93393E-8 400000000. 4.45192E-8 440000000. 4.64648E-8744310  5 2239
 480000000. 4.84637E-8 520000000. 5.15854E-8 560000000. 4.89648E-8744310  5 2240
 600000000. 6.20593E-8 640000000. 6.00688E-8 680000000. 5.14959E-8744310  5 2241
 720000000. 5.52266E-8 760000000. 5.69606E-8 800000000. 6.23776E-8744310  5 2242
 840000000. 5.90295E-8 880000000. 6.43558E-8 920000000. 6.19652E-8744310  5 2243
 960000000. 4.81063E-8 1.00000E+9 0.0                             744310  5 2244
 0.0        0.0             38090          0          1         26744310  5 2245
         26          1                                            744310  5 2246
 100000000. 8.80146E-9 120000000. 8.82055E-9 140000000. 1.50398E-8744310  5 2247
 160000000. 2.08314E-8 180000000. 2.39157E-8 200000000. 2.41215E-8744310  5 2248
 240000000. 2.29791E-8 280000000. 2.54603E-8 320000000. 2.78301E-8744310  5 2249
 360000000. 2.81730E-8 400000000. 2.43038E-8 440000000. 2.84797E-8744310  5 2250
 480000000. 3.12397E-8 520000000. 2.91227E-8 560000000. 2.86926E-8744310  5 2251
 600000000. 2.81234E-8 640000000. 2.22964E-8 680000000. 2.06019E-8744310  5 2252
 720000000. 3.26920E-8 760000000. 3.97594E-8 800000000. 3.89626E-8744310  5 2253
 840000000. 3.38918E-8 880000000. 3.04354E-8 920000000. 3.57411E-8744310  5 2254
 960000000. 3.49835E-8 1.00000E+9 0.0                             744310  5 2255
 0.0        0.0             38091          0          1         24744310  5 2256
         24          1                                            744310  5 2257
 140000000. 1.04178E-8 160000000. 1.03843E-8 180000000. 9.62809E-9744310  5 2258
 200000000. 1.34057E-8 240000000. 1.67873E-8 280000000. 1.27454E-8744310  5 2259
 320000000. 1.03700E-8 360000000. 9.63912E-9 400000000. 1.18944E-8744310  5 2260
 440000000. 1.63775E-8 480000000. 2.08601E-8 520000000. 1.83300E-8744310  5 2261
 560000000. 1.60246E-8 600000000. 2.21228E-8 640000000. 2.14327E-8744310  5 2262
 680000000. 2.06019E-8 720000000. 2.07159E-8 760000000. 1.72798E-8744310  5 2263
 800000000. 1.30201E-8 840000000. 1.12647E-8 880000000. 1.39199E-8744310  5 2264
 920000000. 1.13535E-8 960000000. 9.60898E-9 1.00000E+9 0.0       744310  5 2265
 0.0        0.0             38092          0          1         22744310  5 2266
         22          1                                            744310  5 2267
 180000000. 1.06728E-8 200000000. 9.08593E-9 240000000. 7.97269E-9744310  5 2268
 280000000. 7.95767E-9 320000000. 7.97451E-9 360000000. 8.03193E-9744310  5 2269
 400000000. 8.09698E-9 440000000. 8.17558E-9 480000000. 8.26813E-9744310  5 2270
 520000000. 8.36068E-9 560000000. 8.45322E-9 600000000. 8.51814E-9744310  5 2271
 640000000. 8.55481E-9 680000000. 8.59149E-9 720000000. 8.61991E-9744310  5 2272
 760000000. 8.63991E-9 800000000. 8.65000E-9 840000000. 8.65000E-9744310  5 2273
 880000000. 8.65000E-9 920000000. 8.65000E-9 960000000. 8.65000E-9744310  5 2274
 1.00000E+9 0.0                                                   744310  5 2275
 0.0        0.0             39083          0          1          5744310  5 2276
          5          1                                            744310  5 2277
 840000000. 1.64966E-8 880000000. 1.47963E-8 920000000. 1.74201E-8744310  5 2278
 960000000. 1.74986E-8 1.00000E+9 0.0                             744310  5 2279
 0.0        0.0             39084          0          1         14744310  5 2280
         14          1                                            744310  5 2281
 480000000. 1.14923E-8 520000000. 1.33138E-8 560000000. 1.09832E-8744310  5 2282
 600000000. 1.10523E-8 640000000. 1.79413E-8 680000000. 1.97892E-8744310  5 2283
 720000000. 1.80970E-8 760000000. 2.15826E-8 800000000. 2.59706E-8744310  5 2284
 840000000. 2.86430E-8 880000000. 3.56346E-8 920000000. 4.18596E-8744310  5 2285
 960000000. 3.84785E-8 1.00000E+9 0.0                             744310  5 2286
 0.0        0.0             39085          0          1         18744310  5 2287
         18          1                                            744310  5 2288
 320000000. 1.07579E-8 360000000. 1.32655E-8 400000000. 1.13859E-8744310  5 2289
 440000000. 1.70143E-8 480000000. 3.11870E-8 520000000. 3.32982E-8744310  5 2290
 560000000. 2.78618E-8 600000000. 2.97834E-8 640000000. 3.25415E-8744310  5 2291
 680000000. 2.92359E-8 720000000. 4.21225E-8 760000000. 5.27364E-8744310  5 2292
 800000000. 6.31147E-8 840000000. 7.38080E-8 880000000. 6.44131E-8744310  5 2293
 920000000. 6.45023E-8 960000000. 7.34056E-8 1.00000E+9 0.0       744310  5 2294
 0.0        0.0             39086          0          1         18744310  5 2295
         18          1                                            744310  5 2296
 320000000. 1.43441E-8 360000000. 1.92236E-8 400000000. 2.43038E-8744310  5 2297
 440000000. 2.92878E-8 480000000. 4.10345E-8 520000000. 4.57717E-8744310  5 2298
 560000000. 4.97680E-8 600000000. 5.36961E-8 640000000. 5.90057E-8744310  5 2299
 680000000. 7.21597E-8 720000000. 7.50175E-8 760000000. 9.14516E-8744310  5 2300
 800000000. 1.07417E-7 840000000. 9.55415E-8 880000000. 9.13270E-8744310  5 2301
 920000000. 1.10669E-7 960000000. 1.25869E-7 1.00000E+9 0.0       744310  5 2302
 0.0        0.0             39087          0          1         20744310  5 2303
         20          1                                            744310  5 2304
 240000000. 8.73510E-9 280000000. 1.34166E-8 320000000. 2.06711E-8744310  5 2305
 360000000. 3.20411E-8 400000000. 3.97010E-8 440000000. 5.20086E-8744310  5 2306
 480000000. 5.92186E-8 520000000. 6.40058E-8 560000000. 7.25929E-8744310  5 2307
 600000000. 7.24006E-8 640000000. 9.57152E-8 680000000. 1.10074E-7744310  5 2308
 720000000. 1.06868E-7 760000000. 1.29466E-7 800000000. 1.32618E-7744310  5 2309
 840000000. 1.25800E-7 880000000. 1.29679E-7 920000000. 1.29906E-7744310  5 2310
 960000000. 1.42442E-7 1.00000E+9 0.0                             744310  5 2311
 0.0        0.0             39088          0          1         22744310  5 2312
         22          1                                            744310  5 2313
 180000000. 8.00000E-9 200000000. 9.53686E-9 240000000. 1.81169E-8744310  5 2314
 280000000. 2.77570E-8 320000000. 3.34203E-8 360000000. 4.17217E-8744310  5 2315
 400000000. 5.17803E-8 440000000. 5.86638E-8 480000000. 7.14026E-8744310  5 2316
 520000000. 9.64370E-8 560000000. 1.14767E-7 600000000. 1.09147E-7744310  5 2317
 640000000. 1.04396E-7 680000000. 1.10018E-7 720000000. 1.24024E-7744310  5 2318
 760000000. 1.23669E-7 800000000. 1.18581E-7 840000000. 1.39676E-7744310  5 2319
 880000000. 1.53121E-7 920000000. 1.51769E-7 960000000. 1.66849E-7744310  5 2320
 1.00000E+9 0.0                                                   744310  5 2321
 0.0        0.0             39089          0          1         24744310  5 2322
         24          1                                            744310  5 2323
 140000000. 8.00000E-9 160000000. 8.78430E-9 180000000. 1.27438E-8744310  5 2324
 200000000. 2.29474E-8 240000000. 3.18110E-8 280000000. 3.64792E-8744310  5 2325
 320000000. 4.61220E-8 360000000. 5.85812E-8 400000000. 6.55989E-8744310  5 2326
 440000000. 7.64998E-8 480000000. 8.54760E-8 520000000. 9.14847E-8744310  5 2327
 560000000. 9.53907E-8 600000000. 7.93505E-8 640000000. 8.12111E-8744310  5 2328
 680000000. 9.96806E-8 720000000. 1.11144E-7 760000000. 1.21812E-7744310  5 2329
 800000000. 1.27293E-7 840000000. 1.34520E-7 880000000. 1.34023E-7744310  5 2330
 920000000. 1.36868E-7 960000000. 1.42492E-7 1.00000E+9 0.0       744310  5 2331
 0.0        0.0             39090          0          1         24744310  5 2332
         24          1                                            744310  5 2333
 140000000. 9.60000E-9 160000000. 1.11686E-8 180000000. 1.28000E-8744310  5 2334
 200000000. 1.97474E-8 240000000. 3.17190E-8 280000000. 3.49954E-8744310  5 2335
 320000000. 4.28796E-8 360000000. 4.98571E-8 400000000. 6.37717E-8744310  5 2336
 440000000. 7.18286E-8 480000000. 6.57116E-8 520000000. 7.81653E-8744310  5 2337
 560000000. 1.00381E-7 600000000. 9.89675E-8 640000000. 8.89910E-8744310  5 2338
 680000000. 8.09047E-8 720000000. 9.97388E-8 760000000. 1.10766E-7744310  5 2339
 800000000. 8.83392E-8 840000000. 1.00615E-7 880000000. 1.08786E-7744310  5 2340
 920000000. 9.94463E-8 960000000. 9.43993E-8 1.00000E+9 0.0       744310  5 2341
 0.0        0.0             39091          0          1         27744310  5 2342
         27          1                                            744310  5 2343
 90000000.0 9.65554E-9 100000000. 1.43372E-8 120000000. 1.60411E-8744310  5 2344
 140000000. 1.28356E-8 160000000. 1.74744E-8 180000000. 1.84983E-8744310  5 2345
 200000000. 1.82008E-8 240000000. 2.38913E-8 280000000. 3.00536E-8744310  5 2346
 320000000. 3.50941E-8 360000000. 3.53337E-8 400000000. 3.96595E-8744310  5 2347
 440000000. 5.04346E-8 480000000. 5.75329E-8 520000000. 5.90589E-8744310  5 2348
 560000000. 5.65734E-8 600000000. 5.45019E-8 640000000. 5.90600E-8744310  5 2349
 680000000. 6.18726E-8 720000000. 4.92516E-8 760000000. 4.82813E-8744310  5 2350
 800000000. 5.97755E-8 840000000. 5.38415E-8 880000000. 5.82415E-8744310  5 2351
 920000000. 6.62794E-8 960000000. 6.73035E-8 1.00000E+9 0.0       744310  5 2352
 0.0        0.0             39092          0          1         24744310  5 2353
         24          1                                            744310  5 2354
 140000000. 1.76000E-8 160000000. 2.30901E-8 180000000. 2.56562E-8744310  5 2355
 200000000. 2.00535E-8 240000000. 2.44874E-8 280000000. 3.33346E-8744310  5 2356
 320000000. 3.74207E-8 360000000. 3.62074E-8 400000000. 2.76008E-8744310  5 2357
 440000000. 2.04045E-8 480000000. 2.62286E-8 520000000. 4.40480E-8744310  5 2358
 560000000. 4.05720E-8 600000000. 3.31800E-8 640000000. 3.68301E-8744310  5 2359
 680000000. 4.20556E-8 720000000. 4.31567E-8 760000000. 3.45744E-8744310  5 2360
 800000000. 3.97883E-8 840000000. 4.08368E-8 880000000. 3.30726E-8744310  5 2361
 920000000. 3.31274E-8 960000000. 3.75669E-8 1.00000E+9 0.0       744310  5 2362
 0.0        0.0             39093          0          1         29744310  5 2363
         29          1                                            744310  5 2364
 70000000.0 8.31578E-9 80000000.0 8.24569E-9 90000000.0 8.17561E-9744310  5 2365
 100000000. 8.07213E-9 120000000. 8.77945E-9 140000000. 8.81780E-9744310  5 2366
 160000000. 1.19215E-8 180000000. 1.36421E-8 200000000. 1.11855E-8744310  5 2367
 240000000. 1.50186E-8 280000000. 1.36337E-8 320000000. 1.89449E-8744310  5 2368
 360000000. 2.33899E-8 400000000. 2.01996E-8 440000000. 1.72006E-8744310  5 2369
 480000000. 1.31202E-8 520000000. 2.07768E-8 560000000. 2.36375E-8744310  5 2370
 600000000. 2.04628E-8 640000000. 2.22299E-8 680000000. 2.40810E-8744310  5 2371
 720000000. 1.81387E-8 760000000. 1.89705E-8 800000000. 2.25289E-8744310  5 2372
 840000000. 2.94574E-8 880000000. 3.13663E-8 920000000. 1.74843E-8744310  5 2373
 960000000. 1.57042E-8 1.00000E+9 0.0                             744310  5 2374
 0.0        0.0             39094          0          1         22744310  5 2375
         22          1                                            744310  5 2376
 180000000. 1.11719E-8 200000000. 1.20098E-8 240000000. 1.03857E-8744310  5 2377
 280000000. 8.77291E-9 320000000. 8.77351E-9 360000000. 1.04553E-8744310  5 2378
 400000000. 9.74525E-9 440000000. 8.95782E-9 480000000. 9.04534E-9744310  5 2379
 520000000. 8.31926E-9 560000000. 8.41954E-9 600000000. 8.49957E-9744310  5 2380
 640000000. 9.40863E-9 680000000. 1.11641E-8 720000000. 1.03554E-8744310  5 2381
 760000000. 8.63991E-9 800000000. 8.65992E-9 840000000. 1.04064E-8744310  5 2382
 880000000. 1.30484E-8 920000000. 1.39400E-8 960000000. 1.39400E-8744310  5 2383
 1.00000E+9 0.0                                                   744310  5 2384
 0.0        0.0             40085          0          1         10744310  5 2385
         10          1                                            744310  5 2386
 640000000. 8.98215E-9 680000000. 9.87575E-9 720000000. 1.07693E-8744310  5 2387
 760000000. 1.16628E-8 800000000. 1.25564E-8 840000000. 1.34499E-8744310  5 2388
 880000000. 1.33375E-8 920000000. 1.22040E-8 960000000. 1.10705E-8744310  5 2389
 1.00000E+9 0.0                                                   744310  5 2390
 0.0        0.0             40086          0          1         13744310  5 2391
         13          1                                            744310  5 2392
 520000000. 1.16606E-8 560000000. 1.52071E-8 600000000. 1.45071E-8744310  5 2393
 640000000. 1.02871E-8 680000000. 1.28663E-8 720000000. 2.15235E-8744310  5 2394
 760000000. 1.90589E-8 800000000. 1.38458E-8 840000000. 2.07995E-8744310  5 2395
 880000000. 1.91864E-8 920000000. 1.48113E-8 960000000. 1.92180E-8744310  5 2396
 1.00000E+9 0.0                                                   744310  5 2397
 0.0        0.0             40087          0          1         16744310  5 2398
         16          1                                            744310  5 2399
 400000000. 1.05009E-8 440000000. 1.22362E-8 480000000. 1.23232E-8744310  5 2400
 520000000. 1.16595E-8 560000000. 1.93717E-8 600000000. 2.38994E-8744310  5 2401
 640000000. 2.39276E-8 680000000. 3.34885E-8 720000000. 3.79296E-8744310  5 2402
 760000000. 4.05874E-8 800000000. 4.32996E-8 840000000. 4.68477E-8744310  5 2403
 880000000. 5.39187E-8 920000000. 5.92921E-8 960000000. 6.29276E-8744310  5 2404
 1.00000E+9 0.0                                                   744310  5 2405
 0.0        0.0             40088          0          1         17744310  5 2406
         17          1                                            744310  5 2407
 360000000. 1.52363E-8 400000000. 1.78241E-8 440000000. 2.03487E-8744310  5 2408
 480000000. 2.95302E-8 520000000. 3.41278E-8 560000000. 3.20724E-8744310  5 2409
 600000000. 4.25139E-8 640000000. 5.81717E-8 680000000. 6.36090E-8744310  5 2410
 720000000. 6.20799E-8 760000000. 6.39098E-8 800000000. 6.49705E-8744310  5 2411
 840000000. 6.24995E-8 880000000. 7.64762E-8 920000000. 7.42219E-8744310  5 2412
 960000000. 6.81181E-8 1.00000E+9 0.0                             744310  5 2413
 0.0        0.0             40089          0          1         20744310  5 2414
         20          1                                            744310  5 2415
 240000000. 7.96539E-9 280000000. 8.72242E-9 320000000. 1.97504E-8744310  5 2416
 360000000. 3.52922E-8 400000000. 3.49034E-8 440000000. 3.49807E-8744310  5 2417
 480000000. 4.92370E-8 520000000. 5.49262E-8 560000000. 6.99755E-8744310  5 2418
 600000000. 7.50948E-8 640000000. 7.01268E-8 680000000. 8.24859E-8744310  5 2419
 720000000. 9.64657E-8 760000000. 1.16578E-7 800000000. 1.23865E-7744310  5 2420
 840000000. 1.17218E-7 880000000. 1.14841E-7 920000000. 1.22931E-7744310  5 2421
 960000000. 1.23281E-7 1.00000E+9 0.0                             744310  5 2422
 0.0        0.0             40090          0          1         22744310  5 2423
         22          1                                            744310  5 2424
 180000000. 9.82571E-9 200000000. 1.53205E-8 240000000. 1.67873E-8744310  5 2425
 280000000. 2.44002E-8 320000000. 4.29059E-8 360000000. 4.98339E-8744310  5 2426
 400000000. 4.85976E-8 440000000. 5.93737E-8 480000000. 7.22981E-8744310  5 2427
 520000000. 7.57030E-8 560000000. 8.52107E-8 600000000. 9.62601E-8744310  5 2428
 640000000. 1.08642E-7 680000000. 1.14349E-7 720000000. 1.07772E-7744310  5 2429
 760000000. 1.07987E-7 800000000. 1.20316E-7 840000000. 1.23308E-7744310  5 2430
 880000000. 1.16589E-7 920000000. 1.33331E-7 960000000. 1.54689E-7744310  5 2431
 1.00000E+9 0.0                                                   744310  5 2432
 0.0        0.0             40091          0          1         22744310  5 2433
         22          1                                            744310  5 2434
 180000000. 1.04140E-8 200000000. 1.80988E-8 240000000. 2.39781E-8744310  5 2435
 280000000. 2.99829E-8 320000000. 4.61220E-8 360000000. 5.54079E-8744310  5 2436
 400000000. 6.31147E-8 440000000. 7.08764E-8 480000000. 7.47739E-8744310  5 2437
 520000000. 8.48197E-8 560000000. 8.94809E-8 600000000. 9.61834E-8744310  5 2438
 640000000. 1.01913E-7 680000000. 8.85922E-8 720000000. 9.04386E-8744310  5 2439
 760000000. 1.00229E-7 800000000. 1.09922E-7 840000000. 1.23237E-7744310  5 2440
 880000000. 1.33084E-7 920000000. 1.39539E-7 960000000. 1.47680E-7744310  5 2441
 1.00000E+9 0.0                                                   744310  5 2442
 0.0        0.0             40092          0          1         23744310  5 2443
         23          1                                            744310  5 2444
 160000000. 1.71764E-8 180000000. 1.95789E-8 200000000. 2.85134E-8744310  5 2445
 240000000. 2.81165E-8 280000000. 2.83929E-8 320000000. 4.45271E-8744310  5 2446
 360000000. 4.98339E-8 400000000. 5.97920E-8 440000000. 7.09136E-8744310  5 2447
 480000000. 7.06701E-8 520000000. 7.15486E-8 560000000. 7.76204E-8744310  5 2448
 600000000. 8.01146E-8 640000000. 9.23271E-8 680000000. 9.89184E-8744310  5 2449
 720000000. 9.56396E-8 760000000. 9.76709E-8 800000000. 1.04713E-7744310  5 2450
 840000000. 1.10281E-7 880000000. 1.14787E-7 920000000. 1.18649E-7744310  5 2451
 960000000. 1.05801E-7 1.00000E+9 0.0                             744310  5 2452
 0.0        0.0             40093          0          1         26744310  5 2453
         26          1                                            744310  5 2454
 100000000. 8.85521E-9 120000000. 1.11178E-8 140000000. 1.59644E-8744310  5 2455
 160000000. 2.07372E-8 180000000. 2.32140E-8 200000000. 2.70154E-8744310  5 2456
 240000000. 3.57247E-8 280000000. 4.12846E-8 320000000. 4.69589E-8744310  5 2457
 360000000. 4.58697E-8 400000000. 4.68998E-8 440000000. 4.97619E-8744310  5 2458
 480000000. 5.66135E-8 520000000. 5.66339E-8 560000000. 5.14529E-8744310  5 2459
 600000000. 6.38492E-8 640000000. 7.01933E-8 680000000. 7.38910E-8744310  5 2460
 720000000. 6.90270E-8 760000000. 5.36186E-8 800000000. 6.39636E-8744310  5 2461
 840000000. 8.15943E-8 880000000. 7.91936E-8 920000000. 8.02146E-8744310  5 2462
 960000000. 8.47834E-8 1.00000E+9 0.0                             744310  5 2463
 0.0        0.0             40094          0          1         24744310  5 2464
         24          1                                            744310  5 2465
 140000000. 1.91644E-8 160000000. 1.53099E-8 180000000. 1.19579E-8744310  5 2466
 200000000. 2.21231E-8 240000000. 2.87126E-8 280000000. 2.46830E-8744310  5 2467
 320000000. 2.93724E-8 360000000. 3.53751E-8 400000000. 3.64197E-8744310  5 2468
 440000000. 3.83151E-8 480000000. 4.51382E-8 520000000. 4.49688E-8744310  5 2469
 560000000. 4.04929E-8 600000000. 3.92340E-8 640000000. 3.76395E-8744310  5 2470
 680000000. 3.95557E-8 720000000. 3.62202E-8 760000000. 3.71325E-8744310  5 2471
 800000000. 4.15555E-8 840000000. 3.56402E-8 880000000. 4.25401E-8744310  5 2472
 920000000. 5.14879E-8 960000000. 3.84973E-8 1.00000E+9 0.0       744310  5 2473
 0.0        0.0             40095          0          1         26744310  5 2474
         26          1                                            744310  5 2475
 100000000. 1.03529E-8 120000000. 1.12411E-8 140000000. 1.11644E-8744310  5 2476
 160000000. 1.28000E-8 180000000. 1.28000E-8 200000000. 1.43320E-8744310  5 2477
 240000000. 1.82496E-8 280000000. 1.83281E-8 320000000. 1.43704E-8744310  5 2478
 360000000. 1.84096E-8 400000000. 2.35018E-8 440000000. 2.20158E-8744310  5 2479
 480000000. 1.89216E-8 520000000. 1.58089E-8 560000000. 1.68692E-8744310  5 2480
 600000000. 1.95903E-8 640000000. 1.88469E-8 680000000. 1.97501E-8744310  5 2481
 720000000. 2.75481E-8 760000000. 3.11195E-8 800000000. 2.94447E-8744310  5 2482
 840000000. 2.60667E-8 880000000. 2.52204E-8 920000000. 2.61772E-8744310  5 2483
 960000000. 2.53439E-8 1.00000E+9 0.0                             744310  5 2484
 0.0        0.0             40096          0          1         27744310  5 2485
         27          1                                            744310  5 2486
 90000000.0 8.24737E-9 100000000. 8.69089E-9 120000000. 9.29230E-9744310  5 2487
 140000000. 1.01215E-8 160000000. 1.11895E-8 180000000. 1.22573E-8744310  5 2488
 200000000. 1.27855E-8 240000000. 1.11916E-8 280000000. 1.10846E-8744310  5 2489
 320000000. 1.19649E-8 360000000. 1.10328E-8 400000000. 1.07125E-8744310  5 2490
 440000000. 1.03923E-8 480000000. 1.00721E-8 520000000. 1.16384E-8744310  5 2491
 560000000. 1.18235E-8 600000000. 1.02247E-8 640000000. 1.19724E-8744310  5 2492
 680000000. 1.46066E-8 720000000. 1.46601E-8 760000000. 1.29647E-8744310  5 2493
 800000000. 1.38458E-8 840000000. 1.21768E-8 880000000. 1.12956E-8744310  5 2494
 920000000. 1.30861E-8 960000000. 1.22200E-8 1.00000E+9 0.0       744310  5 2495
 0.0        0.0             40097          0          1          9744310  5 2496
          9          1                                            744310  5 2497
 680000000. 8.58000E-9 720000000. 8.58000E-9 760000000. 8.58000E-9744310  5 2498
 800000000. 8.58000E-9 840000000. 8.58000E-9 880000000. 8.58000E-9744310  5 2499
 920000000. 8.58000E-9 960000000. 8.58000E-9 1.00000E+9 0.0       744310  5 2500
 0.0        0.0             40098          0          1         11744310  5 2501
         11          1                                            744310  5 2502
 600000000. 1.19000E-8 640000000. 1.19000E-8 680000000. 1.19000E-8744310  5 2503
 720000000. 1.19000E-8 760000000. 1.19000E-8 800000000. 1.19000E-8744310  5 2504
 840000000. 1.19000E-8 880000000. 1.19000E-8 920000000. 1.19000E-8744310  5 2505
 960000000. 1.19000E-8 1.00000E+9 0.0                             744310  5 2506
 0.0        0.0             41088          0          1          8744310  5 2507
          8          1                                            744310  5 2508
 720000000. 1.28960E-8 760000000. 1.47070E-8 800000000. 1.04040E-8744310  5 2509
 840000000. 1.12647E-8 880000000. 1.13242E-8 920000000. 1.47866E-8744310  5 2510
 960000000. 2.01058E-8 1.00000E+9 0.0                             744310  5 2511
 0.0        0.0             41089          0          1         17744310  5 2512
         17          1                                            744310  5 2513
 360000000. 9.35913E-9 400000000. 8.88873E-9 440000000. 8.41841E-9744310  5 2514
 480000000. 1.14804E-8 520000000. 1.66330E-8 560000000. 1.60478E-8744310  5 2515
 600000000. 1.70129E-8 640000000. 1.88469E-8 680000000. 1.80415E-8744310  5 2516
 720000000. 2.32409E-8 760000000. 3.10802E-8 800000000. 3.46397E-8744310  5 2517
 840000000. 3.64462E-8 880000000. 3.74211E-8 920000000. 3.57609E-8744310  5 2518
 960000000. 3.66978E-8 1.00000E+9 0.0                             744310  5 2519
 0.0        0.0             41090          0          1         16744310  5 2520
         16          1                                            744310  5 2521
 400000000. 2.02619E-8 440000000. 1.95591E-8 480000000. 1.80907E-8744310  5 2522
 520000000. 1.99521E-8 560000000. 3.95974E-8 600000000. 4.52480E-8744310  5 2523
 640000000. 3.93372E-8 680000000. 5.40790E-8 720000000. 6.37943E-8744310  5 2524
 760000000. 6.13666E-8 800000000. 6.31892E-8 840000000. 6.68461E-8744310  5 2525
 880000000. 6.78565E-8 920000000. 7.93063E-8 960000000. 8.30760E-8744310  5 2526
 1.00000E+9 0.0                                                   744310  5 2527
 0.0        0.0             41091          0          1         18744310  5 2528
         18          1                                            744310  5 2529
 320000000. 1.34809E-8 360000000. 1.84693E-8 400000000. 2.34395E-8744310  5 2530
 440000000. 2.93251E-8 480000000. 4.58995E-8 520000000. 6.65324E-8744310  5 2531
 560000000. 6.08159E-8 600000000. 6.29318E-8 640000000. 7.36428E-8744310  5 2532
 680000000. 7.64514E-8 720000000. 7.42019E-8 760000000. 9.05399E-8744310  5 2533
 800000000. 1.10891E-7 840000000. 1.05041E-7 880000000. 1.00950E-7744310  5 2534
 920000000. 1.02872E-7 960000000. 1.21425E-7 1.00000E+9 0.0       744310  5 2535
 0.0        0.0             41092          0          1         22744310  5 2536
         22          1                                            744310  5 2537
 180000000. 1.01191E-8 200000000. 1.16812E-8 240000000. 1.42899E-8744310  5 2538
 280000000. 1.74446E-8 320000000. 2.69669E-8 360000000. 3.37653E-8744310  5 2539
 400000000. 3.87952E-8 440000000. 4.32235E-8 480000000. 4.84230E-8744310  5 2540
 520000000. 5.24367E-8 560000000. 6.40751E-8 600000000. 8.26204E-8744310  5 2541
 640000000. 9.83429E-8 680000000. 1.00655E-7 720000000. 9.64968E-8744310  5 2542
 760000000. 1.05404E-7 800000000. 1.02231E-7 840000000. 1.04983E-7744310  5 2543
 880000000. 1.14841E-7 920000000. 1.28997E-7 960000000. 1.52901E-7744310  5 2544
 1.00000E+9 0.0                                                   744310  5 2545
 0.0        0.0             41093          0          1         22744310  5 2546
         22          1                                            744310  5 2547
 180000000. 1.75935E-8 200000000. 1.75737E-8 240000000. 1.75210E-8744310  5 2548
 280000000. 2.05892E-8 320000000. 3.64525E-8 360000000. 4.18824E-8744310  5 2549
 400000000. 4.36185E-8 440000000. 5.86265E-8 480000000. 7.06174E-8744310  5 2550
 520000000. 7.40698E-8 560000000. 8.01417E-8 600000000. 8.94719E-8744310  5 2551
 640000000. 8.90279E-8 680000000. 9.79215E-8 720000000. 1.06037E-7744310  5 2552
 760000000. 1.13990E-7 800000000. 1.22121E-7 840000000. 1.22392E-7744310  5 2553
 880000000. 1.17499E-7 920000000. 1.26364E-7 960000000. 1.19873E-7744310  5 2554
 1.00000E+9 0.0                                                   744310  5 2555
 0.0        0.0             41094          0          1         24744310  5 2556
         24          1                                            744310  5 2557
 140000000. 9.95550E-9 160000000. 1.39607E-8 180000000. 1.67860E-8744310  5 2558
 200000000. 1.60292E-8 240000000. 1.66545E-8 280000000. 2.83929E-8744310  5 2559
 320000000. 4.92329E-8 360000000. 5.86872E-8 400000000. 5.99006E-8744310  5 2560
 440000000. 6.03496E-8 480000000. 6.32289E-8 520000000. 7.31974E-8744310  5 2561
 560000000. 7.59632E-8 600000000. 8.68045E-8 640000000. 9.33533E-8744310  5 2562
 680000000. 8.17010E-8 720000000. 7.75686E-8 760000000. 8.72126E-8744310  5 2563
 800000000. 9.44062E-8 840000000. 9.46124E-8 880000000. 9.74413E-8744310  5 2564
 920000000. 1.14159E-7 960000000. 1.22412E-7 1.00000E+9 0.0       744310  5 2565
 0.0        0.0             41095          0          1         25744310  5 2566
         25          1                                            744310  5 2567
 120000000. 9.60000E-9 140000000. 1.03822E-8 160000000. 1.19843E-8744310  5 2568
 180000000. 1.35860E-8 200000000. 2.13474E-8 240000000. 3.33142E-8744310  5 2569
 280000000. 3.65854E-8 320000000. 3.66364E-8 360000000. 3.53934E-8744310  5 2570
 400000000. 3.71960E-8 440000000. 4.47975E-8 480000000. 5.01087E-8744310  5 2571
 520000000. 4.99367E-8 560000000. 5.06221E-8 600000000. 6.29767E-8744310  5 2572
 640000000. 7.70013E-8 680000000. 7.05735E-8 720000000. 6.54621E-8744310  5 2573
 760000000. 7.34369E-8 800000000. 7.53372E-8 840000000. 8.67335E-8744310  5 2574
 880000000. 8.70716E-8 920000000. 7.41430E-8 960000000. 6.90673E-8744310  5 2575
 1.00000E+9 0.0                                                   744310  5 2576
 0.0        0.0             41096          0          1         27744310  5 2577
         27          1                                            744310  5 2578
 90000000.0 8.07544E-9 100000000. 8.81762E-9 120000000. 1.04047E-8744310  5 2579
 140000000. 1.19907E-8 160000000. 1.35843E-8 180000000. 2.22595E-8744310  5 2580
 200000000. 2.64972E-8 240000000. 2.61693E-8 280000000. 3.17446E-8744310  5 2581
 320000000. 2.87720E-8 360000000. 3.75919E-8 400000000. 4.38415E-8744310  5 2582
 440000000. 4.23036E-8 480000000. 4.27847E-8 520000000. 4.40586E-8744310  5 2583
 560000000. 4.56039E-8 600000000. 4.34181E-8 640000000. 4.87902E-8744310  5 2584
 680000000. 4.98542E-8 720000000. 4.74328E-8 760000000. 4.66448E-8744310  5 2585
 800000000. 5.96779E-8 840000000. 6.51465E-8 880000000. 5.05190E-8744310  5 2586
 920000000. 4.79263E-8 960000000. 4.63682E-8 1.00000E+9 0.0       744310  5 2587
 0.0        0.0             41097          0          1         25744310  5 2588
         25          1                                            744310  5 2589
 120000000. 1.03384E-8 140000000. 1.04534E-8 160000000. 1.81959E-8744310  5 2590
 180000000. 2.32983E-8 200000000. 1.91272E-8 240000000. 2.45742E-8744310  5 2591
 280000000. 2.23864E-8 320000000. 1.67233E-8 360000000. 2.40250E-8744310  5 2592
 400000000. 2.99814E-8 440000000. 2.20903E-8 480000000. 2.53907E-8744310  5 2593
 520000000. 2.75056E-8 560000000. 3.11719E-8 600000000. 3.33233E-8744310  5 2594
 640000000. 2.48085E-8 680000000. 2.23888E-8 720000000. 2.49398E-8744310  5 2595
 760000000. 3.11195E-8 800000000. 2.51450E-8 840000000. 2.51461E-8744310  5 2596
 880000000. 2.35299E-8 920000000. 1.83087E-8 960000000. 2.87894E-8744310  5 2597
 1.00000E+9 0.0                                                   744310  5 2598
 0.0        0.0             41098          0          1         26744310  5 2599
         26          1                                            744310  5 2600
 100000000. 1.05141E-8 120000000. 8.51964E-9 140000000. 9.58813E-9744310  5 2601
 160000000. 1.06562E-8 180000000. 1.43438E-8 200000000. 1.68049E-8744310  5 2602
 240000000. 1.59259E-8 280000000. 1.43354E-8 320000000. 1.27492E-8744310  5 2603
 360000000. 1.36496E-8 400000000. 1.45843E-8 440000000. 1.14518E-8744310  5 2604
 480000000. 1.63693E-8 520000000. 2.16492E-8 560000000. 1.60478E-8744310  5 2605
 600000000. 1.36297E-8 640000000. 1.11457E-8 680000000. 1.28588E-8744310  5 2606
 720000000. 1.46732E-8 760000000. 1.80981E-8 800000000. 1.90871E-8744310  5 2607
 840000000. 1.30266E-8 880000000. 1.30484E-8 920000000. 1.65563E-8744310  5 2608
 960000000. 1.74918E-8 1.00000E+9 0.0                             744310  5 2609
 0.0        0.0             41099          0          1         20744310  5 2610
         20          1                                            744310  5 2611
 240000000. 8.35755E-9 280000000. 9.13388E-9 320000000. 9.17461E-9744310  5 2612
 360000000. 8.44886E-9 400000000. 8.50563E-9 440000000. 9.37123E-9744310  5 2613
 480000000. 1.14923E-8 520000000. 1.24496E-8 560000000. 1.08890E-8744310  5 2614
 600000000. 9.32839E-9 640000000. 8.55732E-9 680000000. 8.59233E-9744310  5 2615
 720000000. 9.47712E-9 760000000. 9.51231E-9 800000000. 8.65992E-9744310  5 2616
 840000000. 8.67000E-9 880000000. 8.67000E-9 920000000. 8.67000E-9744310  5 2617
 960000000. 8.67000E-9 1.00000E+9 0.0                             744310  5 2618
 0.0        0.0             42090          0          1          9744310  5 2619
          9          1                                            744310  5 2620
 680000000. 1.24671E-8 720000000. 9.91649E-9 760000000. 8.63991E-9744310  5 2621
 800000000. 8.65992E-9 840000000. 1.12647E-8 880000000. 1.39199E-8744310  5 2622
 920000000. 1.39549E-8 960000000. 1.57230E-8 1.00000E+9 0.0       744310  5 2623
 0.0        0.0             42091          0          1         15744310  5 2624
         15          1                                            744310  5 2625
 440000000. 9.52498E-9 480000000. 9.06805E-9 520000000. 8.61115E-9744310  5 2626
 560000000. 1.34807E-8 600000000. 1.53662E-8 640000000. 1.36824E-8744310  5 2627
 680000000. 1.71733E-8 720000000. 1.72504E-8 760000000. 2.06955E-8744310  5 2628
 800000000. 3.20004E-8 840000000. 3.64681E-8 880000000. 3.73953E-8744310  5 2629
 920000000. 3.31792E-8 960000000. 2.62198E-8 1.00000E+9 0.0       744310  5 2630
 0.0        0.0             42092          0          1         17744310  5 2631
         17          1                                            744310  5 2632
 360000000. 9.62930E-9 400000000. 9.70936E-9 440000000. 1.38103E-8744310  5 2633
 480000000. 2.05257E-8 520000000. 2.57769E-8 560000000. 2.19708E-8744310  5 2634
 600000000. 1.87178E-8 640000000. 2.82038E-8 680000000. 3.35276E-8744310  5 2635
 720000000. 3.36119E-8 760000000. 4.39933E-8 800000000. 5.36945E-8744310  5 2636
 840000000. 5.03715E-8 880000000. 6.42755E-8 920000000. 6.81034E-8744310  5 2637
 960000000. 5.94088E-8 1.00000E+9 0.0                             744310  5 2638
 0.0        0.0             42093          0          1         18744310  5 2639
         18          1                                            744310  5 2640
 320000000. 1.27755E-8 360000000. 1.44222E-8 400000000. 2.02205E-8744310  5 2641
 440000000. 2.52384E-8 480000000. 3.44600E-8 520000000. 4.07716E-8744310  5 2642
 560000000. 4.05117E-8 600000000. 3.92073E-8 640000000. 5.29531E-8744310  5 2643
 680000000. 6.44949E-8 720000000. 6.54727E-8 760000000. 7.42797E-8744310  5 2644
 800000000. 6.93398E-8 840000000. 7.71464E-8 880000000. 9.82919E-8744310  5 2645
 920000000. 9.33723E-8 960000000. 8.73905E-8 1.00000E+9 0.0       744310  5 2646
 0.0        0.0             42094          0          1         19744310  5 2647
         19          1                                            744310  5 2648
 280000000. 1.51834E-8 320000000. 1.74287E-8 360000000. 2.72812E-8744310  5 2649
 400000000. 3.47790E-8 440000000. 4.71747E-8 480000000. 4.69123E-8744310  5 2650
 520000000. 6.31011E-8 560000000. 7.34934E-8 600000000. 7.73673E-8744310  5 2651
 640000000. 9.16384E-8 680000000. 9.10693E-8 720000000. 9.31301E-8744310  5 2652
 760000000. 1.02728E-7 800000000. 1.12612E-7 840000000. 1.17997E-7744310  5 2653
 880000000. 1.15788E-7 920000000. 1.03785E-7 960000000. 1.08358E-7744310  5 2654
 1.00000E+9 0.0                                                   744310  5 2655
 0.0        0.0             42095          0          1         22744310  5 2656
         22          1                                            744310  5 2657
 180000000. 8.25871E-9 200000000. 9.03734E-9 240000000. 1.65269E-8744310  5 2658
 280000000. 2.38400E-8 320000000. 2.31292E-8 360000000. 2.72580E-8744310  5 2659
 400000000. 3.71960E-8 440000000. 4.96314E-8 480000000. 5.42651E-8744310  5 2660
 520000000. 6.06916E-8 560000000. 8.43428E-8 600000000. 8.02496E-8744310  5 2661
 640000000. 7.18245E-8 680000000. 1.00421E-7 720000000. 1.02707E-7744310  5 2662
 760000000. 8.63991E-8 800000000. 9.69196E-8 840000000. 9.64266E-8744310  5 2663
 880000000. 8.26736E-8 920000000. 9.41003E-8 960000000. 1.26639E-7744310  5 2664
 1.00000E+9 0.0                                                   744310  5 2665
 0.0        0.0             42096          0          1         22744310  5 2666
         22          1                                            744310  5 2667
 180000000. 1.43157E-8 200000000. 1.84049E-8 240000000. 1.90702E-8744310  5 2668
 280000000. 2.60963E-8 320000000. 3.89318E-8 360000000. 5.05650E-8744310  5 2669
 400000000. 5.74785E-8 440000000. 6.03123E-8 480000000. 5.18420E-8744310  5 2670
 520000000. 5.98141E-8 560000000. 6.16794E-8 600000000. 5.53028E-8744310  5 2671
 640000000. 7.27054E-8 680000000. 8.07987E-8 720000000. 8.87292E-8744310  5 2672
 760000000. 1.02777E-7 800000000. 9.45038E-8 840000000. 7.81378E-8744310  5 2673
 880000000. 9.04011E-8 920000000. 1.09852E-7 960000000. 1.14510E-7744310  5 2674
 1.00000E+9 0.0                                                   744310  5 2675
 0.0        0.0             42097          0          1         22744310  5 2676
         22          1                                            744310  5 2677
 180000000. 1.03579E-8 200000000. 1.97474E-8 240000000. 3.01699E-8744310  5 2678
 280000000. 3.95836E-8 320000000. 4.46585E-8 360000000. 4.81512E-8744310  5 2679
 400000000. 5.18632E-8 440000000. 6.18118E-8 480000000. 6.74380E-8744310  5 2680
 520000000. 6.57078E-8 560000000. 6.50127E-8 600000000. 5.96385E-8744310  5 2681
 640000000. 6.75655E-8 680000000. 8.84307E-8 720000000. 8.11906E-8744310  5 2682
 760000000. 6.47674E-8 800000000. 6.32637E-8 840000000. 6.67804E-8744310  5 2683
 880000000. 7.91600E-8 920000000. 7.59077E-8 960000000. 8.03580E-8744310  5 2684
 1.00000E+9 0.0                                                   744310  5 2685
 0.0        0.0             42098          0          1         24744310  5 2686
         24          1                                            744310  5 2687
 140000000. 1.77780E-8 160000000. 1.11686E-8 180000000. 1.83017E-8744310  5 2688
 200000000. 2.55175E-8 240000000. 2.47527E-8 280000000. 2.53544E-8744310  5 2689
 320000000. 2.86882E-8 360000000. 3.52690E-8 400000000. 4.29200E-8744310  5 2690
 440000000. 4.15936E-8 480000000. 4.10703E-8 520000000. 4.57450E-8744310  5 2691
 560000000. 4.89510E-8 600000000. 5.11054E-8 640000000. 5.47714E-8744310  5 2692
 680000000. 6.35534E-8 720000000. 6.38465E-8 760000000. 5.78820E-8744310  5 2693
 800000000. 4.77111E-8 840000000. 4.33558E-8 880000000. 5.21916E-8744310  5 2694
 920000000. 5.14682E-8 960000000. 4.89496E-8 1.00000E+9 0.0       744310  5 2695
 0.0        0.0             42099          0          1         27744310  5 2696
         27          1                                            744310  5 2697
 90000000.0 8.40456E-9 100000000. 9.32117E-9 120000000. 1.05641E-8744310  5 2698
 140000000. 1.43288E-8 160000000. 1.60314E-8 180000000. 1.36140E-8744310  5 2699
 200000000. 1.58786E-8 240000000. 2.29791E-8 280000000. 2.31283E-8744310  5 2700
 320000000. 2.30454E-8 360000000. 2.41443E-8 400000000. 2.34603E-8744310  5 2701
 440000000. 2.76901E-8 480000000. 3.28438E-8 520000000. 2.99895E-8744310  5 2702
 560000000. 3.03549E-8 600000000. 3.74890E-8 640000000. 3.51201E-8744310  5 2703
 680000000. 2.49883E-8 720000000. 2.32254E-8 760000000. 3.36627E-8744310  5 2704
 800000000. 3.20840E-8 840000000. 2.77663E-8 880000000. 2.78527E-8744310  5 2705
 920000000. 3.22314E-8 960000000. 3.75907E-8 1.00000E+9 0.0       744310  5 2706
 0.0        0.0             42100          0          1         27744310  5 2707
         27          1                                            744310  5 2708
 90000000.0 1.13171E-8 100000000. 1.12481E-8 120000000. 1.74356E-8744310  5 2709
 140000000. 1.85246E-8 160000000. 1.28000E-8 180000000. 1.28000E-8744310  5 2710
 200000000. 1.16243E-8 240000000. 9.19364E-9 280000000. 7.95000E-9744310  5 2711
 320000000. 8.75391E-9 360000000. 1.28124E-8 400000000. 1.46000E-8744310  5 2712
 440000000. 1.54588E-8 480000000. 1.31899E-8 520000000. 1.57711E-8744310  5 2713
 560000000. 2.36331E-8 600000000. 1.79437E-8 640000000. 1.19847E-8744310  5 2714
 680000000. 1.20298E-8 720000000. 1.54887E-8 760000000. 1.90098E-8744310  5 2715
 800000000. 1.73339E-8 840000000. 1.82146E-8 880000000. 1.91527E-8744310  5 2716
 920000000. 1.91725E-8 960000000. 1.74986E-8 1.00000E+9 0.0       744310  5 2717
 0.0        0.0             42101          0          1         28744310  5 2718
         28          1                                            744310  5 2719
 80000000.0 9.01766E-9 90000000.0 8.20054E-9 100000000. 8.50312E-9744310  5 2720
 120000000. 8.91341E-9 140000000. 9.32345E-9 160000000. 9.73332E-9744310  5 2721
 180000000. 1.01431E-8 200000000. 1.07482E-8 240000000. 1.06552E-8744310  5 2722
 280000000. 9.59675E-9 320000000. 8.53870E-9 360000000. 8.03193E-9744310  5 2723
 400000000. 8.09698E-9 440000000. 8.16203E-9 480000000. 8.22707E-9744310  5 2724
 520000000. 9.14888E-9 560000000. 9.28897E-9 600000000. 9.08530E-9744310  5 2725
 640000000. 1.02690E-8 680000000. 1.14527E-8 720000000. 1.16363E-8744310  5 2726
 760000000. 1.08011E-8 800000000. 1.46946E-8 840000000. 1.80158E-8744310  5 2727
 880000000. 1.58704E-8 920000000. 1.37251E-8 960000000. 1.15798E-8744310  5 2728
 1.00000E+9 0.0                                                   744310  5 2729
 0.0        0.0             42102          0          1         16744310  5 2730
         16          1                                            744310  5 2731
 400000000. 8.08000E-9 440000000. 8.08000E-9 480000000. 8.08000E-9744310  5 2732
 520000000. 8.08000E-9 560000000. 8.08000E-9 600000000. 8.08000E-9744310  5 2733
 640000000. 8.08000E-9 680000000. 8.08000E-9 720000000. 8.08000E-9744310  5 2734
 760000000. 8.08000E-9 800000000. 8.08000E-9 840000000. 8.08000E-9744310  5 2735
 880000000. 8.08000E-9 920000000. 8.08000E-9 960000000. 8.08000E-9744310  5 2736
 1.00000E+9 0.0                                                   744310  5 2737
 0.0        0.0             43093          0          1         12744310  5 2738
         12          1                                            744310  5 2739
 560000000. 1.18278E-8 600000000. 8.51978E-9 640000000. 8.84027E-9744310  5 2740
 680000000. 9.44711E-9 720000000. 1.00539E-8 760000000. 1.46579E-8744310  5 2741
 800000000. 1.90548E-8 840000000. 1.90998E-8 880000000. 2.08719E-8744310  5 2742
 920000000. 2.09422E-8 960000000. 2.53132E-8 1.00000E+9 0.0       744310  5 2743
 0.0        0.0             43094          0          1         14744310  5 2744
         14          1                                            744310  5 2745
 480000000. 1.31491E-8 520000000. 1.16595E-8 560000000. 1.51706E-8744310  5 2746
 600000000. 2.55193E-8 640000000. 2.14747E-8 680000000. 1.80024E-8744310  5 2747
 720000000. 2.58492E-8 760000000. 3.02226E-8 800000000. 3.46306E-8744310  5 2748
 840000000. 3.64597E-8 880000000. 4.60537E-8 920000000. 5.49457E-8744310  5 2749
 960000000. 4.98493E-8 1.00000E+9 0.0                             744310  5 2750
 0.0        0.0             43095          0          1         17744310  5 2751
         17          1                                            744310  5 2752
 360000000. 1.60686E-8 400000000. 1.22037E-8 440000000. 2.18482E-8744310  5 2753
 480000000. 3.45245E-8 520000000. 3.07931E-8 560000000. 3.28938E-8744310  5 2754
 600000000. 4.50914E-8 640000000. 4.28828E-8 680000000. 3.43681E-8744310  5 2755
 720000000. 4.90330E-8 760000000. 5.70638E-8 800000000. 6.22799E-8744310  5 2756
 840000000. 7.98105E-8 880000000. 7.83587E-8 920000000. 7.75687E-8744310  5 2757
 960000000. 8.56593E-8 1.00000E+9 0.0                             744310  5 2758
 0.0        0.0             43096          0          1         19744310  5 2759
         19          1                                            744310  5 2760
 280000000. 9.53000E-9 320000000. 1.34809E-8 360000000. 1.92651E-8744310  5 2761
 400000000. 2.18611E-8 440000000. 2.76529E-8 480000000. 3.69426E-8744310  5 2762
 520000000. 4.57345E-8 560000000. 5.23163E-8 600000000. 6.63550E-8744310  5 2763
 640000000. 7.87531E-8 680000000. 6.62867E-8 720000000. 7.39778E-8744310  5 2764
 760000000. 7.87496E-8 800000000. 8.64320E-8 840000000. 1.10246E-7744310  5 2765
 880000000. 1.02711E-7 920000000. 9.59292E-8 960000000. 9.26731E-8744310  5 2766
 1.00000E+9 0.0                                                   744310  5 2767
 0.0        0.0             43097          0          1         20744310  5 2768
         20          1                                            744310  5 2769
 240000000. 1.26948E-8 280000000. 1.81866E-8 320000000. 2.54509E-8744310  5 2770
 360000000. 2.73358E-8 400000000. 3.23155E-8 440000000. 4.39521E-8744310  5 2771
 480000000. 5.25625E-8 520000000. 6.15379E-8 560000000. 6.75145E-8744310  5 2772
 600000000. 7.66064E-8 640000000. 7.71047E-8 680000000. 8.41112E-8744310  5 2773
 720000000. 1.01708E-7 760000000. 8.91047E-8 800000000. 8.65156E-8744310  5 2774
 840000000. 1.00681E-7 880000000. 1.03533E-7 920000000. 9.68499E-8744310  5 2775
 960000000. 1.03933E-7 1.00000E+9 0.0                             744310  5 2776
 0.0        0.0             43098          0          1         20744310  5 2777
         20          1                                            744310  5 2778
 240000000. 1.58799E-8 280000000. 2.29163E-8 320000000. 3.73106E-8744310  5 2779
 360000000. 5.05650E-8 400000000. 4.06846E-8 440000000. 3.57466E-8744310  5 2780
 480000000. 5.00917E-8 520000000. 5.73941E-8 560000000. 6.91673E-8744310  5 2781
 600000000. 7.16265E-8 640000000. 6.93051E-8 680000000. 8.50071E-8744310  5 2782
 720000000. 8.28634E-8 760000000. 9.65677E-8 800000000. 1.08373E-7744310  5 2783
 840000000. 9.97736E-8 880000000. 1.07021E-7 920000000. 1.03793E-7744310  5 2784
 960000000. 1.08347E-7 1.00000E+9 0.0                             744310  5 2785
 0.0        0.0             43099          0          1         24744310  5 2786
         24          1                                            744310  5 2787
 140000000. 8.39110E-9 160000000. 9.19215E-9 180000000. 1.11719E-8744310  5 2788
 200000000. 1.35563E-8 240000000. 2.67192E-8 280000000. 2.96298E-8744310  5 2789
 320000000. 2.30454E-8 360000000. 3.52508E-8 400000000. 4.61392E-8744310  5 2790
 440000000. 5.21204E-8 480000000. 5.99510E-8 520000000. 6.40646E-8744310  5 2791
 560000000. 6.32995E-8 600000000. 6.72725E-8 640000000. 6.34150E-8744310  5 2792
 680000000. 5.24537E-8 720000000. 6.79562E-8 760000000. 7.52503E-8744310  5 2793
 800000000. 6.92471E-8 840000000. 6.25787E-8 880000000. 6.77555E-8744310  5 2794
 920000000. 7.67962E-8 960000000. 7.25247E-8 1.00000E+9 0.0       744310  5 2795
 0.0        0.0             43100          0          1         23744310  5 2796
         23          1                                            744310  5 2797
 160000000. 1.12314E-8 180000000. 1.35298E-8 200000000. 1.99029E-8744310  5 2798
 240000000. 2.30759E-8 280000000. 2.53897E-8 320000000. 3.33677E-8744310  5 2799
 360000000. 3.62074E-8 400000000. 3.95972E-8 440000000. 5.69407E-8744310  5 2800
 480000000. 5.51557E-8 520000000. 4.16068E-8 560000000. 4.21922E-8744310  5 2801
 600000000. 4.68363E-8 640000000. 5.89885E-8 680000000. 5.68187E-8744310  5 2802
 720000000. 3.96912E-8 760000000. 4.05629E-8 800000000. 4.50437E-8744310  5 2803
 840000000. 4.85742E-8 880000000. 5.56716E-8 920000000. 5.84233E-8744310  5 2804
 960000000. 5.85705E-8 1.00000E+9 0.0                             744310  5 2805
 0.0        0.0             43101          0          1         26744310  5 2806
         26          1                                            744310  5 2807
 100000000. 1.15847E-8 120000000. 1.55640E-8 140000000. 1.60356E-8744310  5 2808
 160000000. 1.51843E-8 180000000. 1.28562E-8 200000000. 1.19077E-8744310  5 2809
 240000000. 1.58799E-8 280000000. 1.67027E-8 320000000. 2.22085E-8744310  5 2810
 360000000. 2.73358E-8 400000000. 3.23155E-8 440000000. 3.18699E-8744310  5 2811
 480000000. 2.87282E-8 520000000. 3.24523E-8 560000000. 3.20724E-8744310  5 2812
 600000000. 3.32200E-8 640000000. 3.33928E-8 680000000. 3.43681E-8744310  5 2813
 720000000. 4.38996E-8 760000000. 4.75515E-8 800000000. 4.07207E-8744310  5 2814
 840000000. 3.64681E-8 880000000. 3.56682E-8 920000000. 3.74985E-8744310  5 2815
 960000000. 3.15074E-8 1.00000E+9 0.0                             744310  5 2816
 0.0        0.0             43102          0          1         24744310  5 2817
         24          1                                            744310  5 2818
 140000000. 1.41393E-8 160000000. 1.36052E-8 180000000. 1.30713E-8744310  5 2819
 200000000. 1.58786E-8 240000000. 1.52381E-8 280000000. 2.04429E-8744310  5 2820
 320000000. 2.32293E-8 360000000. 1.52777E-8 400000000. 1.53814E-8744310  5 2821
 440000000. 1.54961E-8 480000000. 1.56080E-8 520000000. 1.49842E-8744310  5 2822
 560000000. 1.93855E-8 600000000. 1.88028E-8 640000000. 1.36824E-8744310  5 2823
 680000000. 1.54697E-8 720000000. 1.55149E-8 760000000. 1.64074E-8744310  5 2824
 800000000. 1.55989E-8 840000000. 1.82012E-8 880000000. 2.00292E-8744310  5 2825
 920000000. 1.83087E-8 960000000. 1.66227E-8 1.00000E+9 0.0       744310  5 2826
 0.0        0.0             43103          0          1         27744310  5 2827
         27          1                                            744310  5 2828
 90000000.0 8.31754E-9 100000000. 8.97226E-9 120000000. 9.86006E-9744310  5 2829
 140000000. 1.07473E-8 160000000. 1.43372E-8 180000000. 1.28843E-8744310  5 2830
 200000000. 8.53572E-9 240000000. 9.64331E-9 280000000. 1.07502E-8744310  5 2831
 320000000. 1.18567E-8 360000000. 1.29628E-8 400000000. 1.40687E-8744310  5 2832
 440000000. 1.14518E-8 480000000. 9.05566E-9 520000000. 1.08315E-8744310  5 2833
 560000000. 1.09738E-8 600000000. 1.52946E-8 640000000. 1.75575E-8744310  5 2834
 680000000. 1.16108E-8 720000000. 9.47712E-9 760000000. 1.12275E-8744310  5 2835
 800000000. 1.38458E-8 840000000. 1.21768E-8 880000000. 1.04320E-8744310  5 2836
 920000000. 1.17780E-8 960000000. 1.09279E-8 1.00000E+9 0.0       744310  5 2837
 0.0        0.0             43104          0          1         15744310  5 2838
         15          1                                            744310  5 2839
 440000000. 1.06064E-8 480000000. 9.68864E-9 520000000. 9.44252E-9744310  5 2840
 560000000. 9.19641E-9 600000000. 8.95032E-9 640000000. 8.70424E-9744310  5 2841
 680000000. 8.58000E-9 720000000. 8.58000E-9 760000000. 8.58000E-9744310  5 2842
 800000000. 8.58000E-9 840000000. 8.58000E-9 880000000. 8.58000E-9744310  5 2843
 920000000. 8.58000E-9 960000000. 8.58000E-9 1.00000E+9 0.0       744310  5 2844
 0.0        0.0             44094          0          1          4744310  5 2845
          4          1                                            744310  5 2846
 880000000. 9.57637E-9 920000000. 8.71000E-9 960000000. 8.71000E-9744310  5 2847
 1.00000E+9 0.0                                                   744310  5 2848
 0.0        0.0             44095          0          1         12744310  5 2849
         12          1                                            744310  5 2850
 560000000. 9.27954E-9 600000000. 1.02198E-8 640000000. 1.02598E-8744310  5 2851
 680000000. 1.02998E-8 720000000. 1.03398E-8 760000000. 1.08012E-8744310  5 2852
 800000000. 1.16914E-8 840000000. 1.30132E-8 880000000. 1.39199E-8744310  5 2853
 920000000. 1.61269E-8 960000000. 2.05325E-8 1.00000E+9 0.0       744310  5 2854
 0.0        0.0             44096          0          1         13744310  5 2855
         13          1                                            744310  5 2856
 520000000. 1.49575E-8 560000000. 1.85265E-8 600000000. 1.87016E-8744310  5 2857
 640000000. 2.13860E-8 680000000. 2.66325E-8 720000000. 2.76003E-8744310  5 2858
 760000000. 3.10654E-8 800000000. 2.94911E-8 840000000. 3.11924E-8744310  5 2859
 880000000. 4.00247E-8 920000000. 3.75133E-8 960000000. 3.40907E-8744310  5 2860
 1.00000E+9 0.0                                                   744310  5 2861
 0.0        0.0             44097          0          1         16744310  5 2862
         16          1                                            744310  5 2863
 400000000. 1.33545E-8 440000000. 1.75124E-8 480000000. 1.97236E-8744310  5 2864
 520000000. 2.57658E-8 560000000. 3.03920E-8 600000000. 2.05211E-8744310  5 2865
 640000000. 2.55760E-8 680000000. 3.61271E-8 720000000. 4.64402E-8744310  5 2866
 760000000. 5.36186E-8 800000000. 5.53641E-8 840000000. 6.33712E-8744310  5 2867
 880000000. 5.91853E-8 920000000. 6.01486E-8 960000000. 6.03393E-8744310  5 2868
 1.00000E+9 0.0                                                   744310  5 2869
 0.0        0.0             44098          0          1         18744310  5 2870
         18          1                                            744310  5 2871
 320000000. 1.11543E-8 360000000. 1.67998E-8 400000000. 2.50801E-8744310  5 2872
 440000000. 3.49621E-8 480000000. 4.27271E-8 520000000. 4.24315E-8744310  5 2873
 560000000. 4.47172E-8 600000000. 4.60222E-8 640000000. 5.13096E-8744310  5 2874
 680000000. 4.99211E-8 720000000. 5.93363E-8 760000000. 6.66104E-8744310  5 2875
 800000000. 6.74658E-8 840000000. 7.98593E-8 880000000. 7.83172E-8744310  5 2876
 920000000. 7.67444E-8 960000000. 6.73599E-8 1.00000E+9 0.0       744310  5 2877
 0.0        0.0             44099          0          1         21744310  5 2878
         21          1                                            744310  5 2879
 200000000. 9.96846E-9 240000000. 1.07302E-8 280000000. 1.30926E-8744310  5 2880
 320000000. 1.71329E-8 360000000. 2.95990E-8 400000000. 3.97010E-8744310  5 2881
 440000000. 3.83151E-8 480000000. 3.78024E-8 520000000. 4.65481E-8744310  5 2882
 560000000. 5.40200E-8 600000000. 5.78935E-8 640000000. 6.33485E-8744310  5 2883
 680000000. 6.36090E-8 720000000. 6.63560E-8 760000000. 7.68378E-8744310  5 2884
 800000000. 7.54117E-8 840000000. 7.63186E-8 880000000. 8.52771E-8744310  5 2885
 920000000. 9.32612E-8 960000000. 9.87990E-8 1.00000E+9 0.0       744310  5 2886
 0.0        0.0             44100          0          1         21744310  5 2887
         21          1                                            744310  5 2888
 200000000. 1.18591E-8 240000000. 1.74751E-8 280000000. 2.14019E-8744310  5 2889
 320000000. 3.48839E-8 360000000. 3.70810E-8 400000000. 3.31384E-8744310  5 2890
 440000000. 4.39521E-8 480000000. 5.01205E-8 520000000. 4.74472E-8744310  5 2891
 560000000. 4.47267E-8 600000000. 6.37509E-8 640000000. 8.38758E-8744310  5 2892
 680000000. 7.65688E-8 720000000. 7.06582E-8 760000000. 8.88885E-8744310  5 2893
 800000000. 8.75880E-8 840000000. 7.20426E-8 880000000. 7.48164E-8744310  5 2894
 920000000. 8.54125E-8 960000000. 1.02221E-7 1.00000E+9 0.0       744310  5 2895
 0.0        0.0             44101          0          1         24744310  5 2896
         24          1                                            744310  5 2897
 140000000. 8.62185E-9 160000000. 9.89552E-9 180000000. 1.11688E-8744310  5 2898
 200000000. 1.30494E-8 240000000. 1.74291E-8 280000000. 2.22146E-8744310  5 2899
 320000000. 3.01830E-8 360000000. 3.06152E-8 400000000. 3.14977E-8744310  5 2900
 440000000. 5.20086E-8 480000000. 6.57355E-8 520000000. 6.07615E-8744310  5 2901
 560000000. 5.65407E-8 600000000. 5.70927E-8 640000000. 6.41456E-8744310  5 2902
 680000000. 7.39074E-8 720000000. 7.24353E-8 760000000. 6.56889E-8744310  5 2903
 800000000. 6.83750E-8 840000000. 7.46543E-8 880000000. 8.26063E-8744310  5 2904
 920000000. 8.37588E-8 960000000. 7.25742E-8 1.00000E+9 0.0       744310  5 2905
 0.0        0.0             44102          0          1         25744310  5 2906
         25          1                                            744310  5 2907
 120000000. 8.51964E-9 140000000. 9.58813E-9 160000000. 1.06562E-8744310  5 2908
 180000000. 1.19860E-8 200000000. 1.20098E-8 240000000. 1.57931E-8744310  5 2909
 280000000. 2.53190E-8 320000000. 2.47979E-8 360000000. 2.32524E-8744310  5 2910
 400000000. 3.47375E-8 440000000. 3.67411E-8 480000000. 3.36748E-8744310  5 2911
 520000000. 3.99204E-8 560000000. 4.38864E-8 600000000. 4.76821E-8744310  5 2912
 640000000. 5.47591E-8 680000000. 4.73607E-8 720000000. 4.81757E-8744310  5 2913
 760000000. 5.53338E-8 800000000. 5.45293E-8 840000000. 4.78171E-8744310  5 2914
 880000000. 4.60537E-8 920000000. 5.40819E-8 960000000. 5.67948E-8744310  5 2915
 1.00000E+9 0.0                                                   744310  5 2916
 0.0        0.0             44103          0          1         23744310  5 2917
         23          1                                            744310  5 2918
 160000000. 1.11686E-8 180000000. 1.12281E-8 200000000. 9.59030E-9744310  5 2919
 240000000. 1.42031E-8 280000000. 1.82927E-8 320000000. 2.06711E-8744310  5 2920
 360000000. 2.48988E-8 400000000. 2.27203E-8 440000000. 2.19785E-8744310  5 2921
 480000000. 2.62863E-8 520000000. 2.49789E-8 560000000. 3.53868E-8744310  5 2922
 600000000. 4.18114E-8 640000000. 3.08438E-8 680000000. 3.60326E-8744310  5 2923
 720000000. 4.31150E-8 760000000. 4.23322E-8 800000000. 5.18991E-8744310  5 2924
 840000000. 4.61040E-8 880000000. 2.52699E-8 920000000. 1.91848E-8744310  5 2925
 960000000. 2.87894E-8 1.00000E+9 0.0                             744310  5 2926
 0.0        0.0             44104          0          1         26744310  5 2927
         26          1                                            744310  5 2928
 100000000. 8.03788E-9 120000000. 8.01282E-9 140000000. 8.78220E-9744310  5 2929
 160000000. 1.03843E-8 180000000. 1.12000E-8 200000000. 1.66057E-8744310  5 2930
 240000000. 1.92030E-8 280000000. 1.82219E-8 320000000. 1.75865E-8744310  5 2931
 360000000. 1.60503E-8 400000000. 1.78241E-8 440000000. 1.95455E-8744310  5 2932
 480000000. 2.13685E-8 520000000. 1.58405E-8 560000000. 1.09694E-8744310  5 2933
 600000000. 1.36163E-8 640000000. 1.96563E-8 680000000. 2.15092E-8744310  5 2934
 720000000. 1.72504E-8 760000000. 2.06955E-8 800000000. 2.59798E-8744310  5 2935
 840000000. 1.74171E-8 880000000. 9.56348E-9 920000000. 1.65316E-8744310  5 2936
 960000000. 2.09867E-8 1.00000E+9 0.0                             744310  5 2937
 0.0        0.0             44105          0          1         22744310  5 2938
         22          1                                            744310  5 2939
 180000000. 1.03860E-8 200000000. 1.06748E-8 240000000. 9.58891E-9744310  5 2940
 280000000. 8.50372E-9 320000000. 8.75391E-9 360000000. 8.84826E-9744310  5 2941
 400000000. 9.70379E-9 440000000. 1.22398E-8 480000000. 1.39859E-8744310  5 2942
 520000000. 1.58033E-8 560000000. 1.47286E-8 600000000. 1.06171E-8744310  5 2943
 640000000. 9.83676E-9 680000000. 1.24575E-8 720000000. 1.12282E-8744310  5 2944
 760000000. 9.49752E-9 800000000. 1.12528E-8 840000000. 1.56029E-8744310  5 2945
 880000000. 1.65417E-8 920000000. 1.13459E-8 960000000. 8.73993E-9744310  5 2946
 1.00000E+9 0.0                                                   744310  5 2947
 0.0        0.0             44106          0          1         23744310  5 2948
         23          1                                            744310  5 2949
 160000000. 8.00327E-9 180000000. 8.00994E-9 200000000. 8.01980E-9744310  5 2950
 240000000. 8.03316E-9 280000000. 8.04652E-9 320000000. 8.05987E-9744310  5 2951
 360000000. 8.07322E-9 400000000. 8.65079E-9 440000000. 9.81159E-9744310  5 2952
 480000000. 1.09723E-8 520000000. 1.15600E-8 560000000. 1.15600E-8744310  5 2953
 600000000. 1.15600E-8 640000000. 1.15600E-8 680000000. 1.15600E-8744310  5 2954
 720000000. 1.15600E-8 760000000. 1.15600E-8 800000000. 1.15600E-8744310  5 2955
 840000000. 1.15600E-8 880000000. 1.15600E-8 920000000. 1.15600E-8744310  5 2956
 960000000. 1.15600E-8 1.00000E+9 0.0                             744310  5 2957
 0.0        0.0             45097          0          1          7744310  5 2958
          7          1                                            744310  5 2959
 760000000. 9.94111E-9 800000000. 9.09594E-9 840000000. 9.11403E-9744310  5 2960
 880000000. 1.00092E-8 920000000. 1.09043E-8 960000000. 1.17995E-8744310  5 2961
 1.00000E+9 0.0                                                   744310  5 2962
 0.0        0.0             45098          0          1         14744310  5 2963
         14          1                                            744310  5 2964
 480000000. 8.23262E-9 520000000. 8.33934E-9 560000000. 8.44605E-9744310  5 2965
 600000000. 9.36559E-9 640000000. 9.42344E-9 680000000. 1.45674E-8744310  5 2966
 720000000. 1.81232E-8 760000000. 1.72650E-8 800000000. 2.07707E-8744310  5 2967
 840000000. 2.25698E-8 880000000. 2.43519E-8 920000000. 2.44272E-8744310  5 2968
 960000000. 2.35939E-8 1.00000E+9 0.0                             744310  5 2969
 0.0        0.0             45099          0          1         17744310  5 2970
         17          1                                            744310  5 2971
 360000000. 1.20349E-8 400000000. 1.37563E-8 440000000. 1.62856E-8744310  5 2972
 480000000. 1.31899E-8 520000000. 1.41118E-8 560000000. 2.02533E-8744310  5 2973
 600000000. 2.21361E-8 640000000. 2.99137E-8 680000000. 3.52476E-8744310  5 2974
 720000000. 2.84941E-8 760000000. 3.10408E-8 800000000. 3.63978E-8744310  5 2975
 840000000. 3.72960E-8 880000000. 4.00325E-8 920000000. 4.27087E-8744310  5 2976
 960000000. 4.37235E-8 1.00000E+9 0.0                             744310  5 2977
 0.0        0.0             45100          0          1         16744310  5 2978
         16          1                                            744310  5 2979
 400000000. 2.26374E-8 440000000. 2.28563E-8 480000000. 1.97236E-8744310  5 2980
 520000000. 2.57658E-8 560000000. 3.20724E-8 600000000. 2.98417E-8744310  5 2981
 640000000. 3.58877E-8 680000000. 4.55510E-8 720000000. 4.74068E-8744310  5 2982
 760000000. 4.32389E-8 800000000. 5.01459E-8 840000000. 5.73249E-8744310  5 2983
 880000000. 5.47952E-8 920000000. 6.18935E-8 960000000. 6.12202E-8744310  5 2984
 1.00000E+9 0.0                                                   744310  5 2985
 0.0        0.0             45101          0          1         18744310  5 2986
         18          1                                            744310  5 2987
 320000000. 1.51021E-8 360000000. 2.00559E-8 400000000. 2.74765E-8744310  5 2988
 440000000. 3.01841E-8 480000000. 3.03851E-8 520000000. 3.24523E-8744310  5 2989
 560000000. 4.04747E-8 600000000. 5.44836E-8 640000000. 4.88763E-8744310  5 2990
 680000000. 4.71991E-8 720000000. 6.03183E-8 760000000. 6.65122E-8744310  5 2991
 800000000. 6.58425E-8 840000000. 6.07779E-8 880000000. 6.26237E-8744310  5 2992
 920000000. 6.36780E-8 960000000. 8.03086E-8 1.00000E+9 0.0       744310  5 2993
 0.0        0.0             45102          0          1         20744310  5 2994
         20          1                                            744310  5 2995
 240000000. 1.33826E-8 280000000. 1.44061E-8 320000000. 1.97504E-8744310  5 2996
 360000000. 2.73590E-8 400000000. 3.14977E-8 440000000. 3.83151E-8744310  5 2997
 480000000. 3.12806E-8 520000000. 3.82022E-8 560000000. 4.89648E-8744310  5 2998
 600000000. 4.51630E-8 640000000. 5.55562E-8 680000000. 6.87525E-8744310  5 2999
 720000000. 5.87132E-8 760000000. 6.03762E-8 800000000. 7.70581E-8744310  5 3000
 840000000. 7.98593E-8 880000000. 7.57216E-8 920000000. 7.75811E-8744310  5 3001
 960000000. 7.43548E-8 1.00000E+9 0.0                             744310  5 3002
 0.0        0.0             45103          0          1         22744310  5 3003
         22          1                                            744310  5 3004
 180000000. 9.57191E-9 200000000. 1.19612E-8 240000000. 1.73883E-8744310  5 3005
 280000000. 1.83634E-8 320000000. 1.98342E-8 360000000. 2.65086E-8744310  5 3006
 400000000. 3.07420E-8 440000000. 3.26222E-8 480000000. 4.01917E-8744310  5 3007
 520000000. 4.66069E-8 560000000. 4.89278E-8 600000000. 5.11503E-8744310  5 3008
 640000000. 5.47345E-8 680000000. 5.84768E-8 720000000. 5.77361E-8744310  5 3009
 760000000. 6.56250E-8 800000000. 7.61720E-8 840000000. 7.81462E-8744310  5 3010
 880000000. 6.87745E-8 920000000. 6.97250E-8 960000000. 7.43122E-8744310  5 3011
 1.00000E+9 0.0                                                   744310  5 3012
 0.0        0.0             45104          0          1         23744310  5 3013
         23          1                                            744310  5 3014
 160000000. 1.04157E-8 180000000. 8.81405E-9 200000000. 1.18591E-8744310  5 3015
 240000000. 2.13431E-8 280000000. 2.31283E-8 320000000. 2.77512E-8744310  5 3016
 360000000. 3.22018E-8 400000000. 3.07420E-8 440000000. 3.50367E-8744310  5 3017
 480000000. 4.02324E-8 520000000. 4.74100E-8 560000000. 4.39140E-8744310  5 3018
 600000000. 3.83348E-8 640000000. 4.10768E-8 680000000. 4.38261E-8744310  5 3019
 720000000. 4.31150E-8 760000000. 4.91931E-8 800000000. 4.85550E-8744310  5 3020
 840000000. 5.54484E-8 880000000. 6.18353E-8 920000000. 5.49260E-8744310  5 3021
 960000000. 6.46419E-8 1.00000E+9 0.0                             744310  5 3022
 0.0        0.0             45105          0          1         23744310  5 3023
         23          1                                            744310  5 3024
 160000000. 1.32236E-8 180000000. 1.08211E-8 200000000. 1.65522E-8744310  5 3025
 240000000. 2.23421E-8 280000000. 2.06600E-8 320000000. 2.30766E-8744310  5 3026
 360000000. 2.80952E-8 400000000. 2.67831E-8 440000000. 2.44303E-8744310  5 3027
 480000000. 2.71121E-8 520000000. 3.49097E-8 560000000. 4.47172E-8744310  5 3028
 600000000. 3.92656E-8 640000000. 2.65726E-8 680000000. 2.06411E-8744310  5 3029
 720000000. 3.17931E-8 760000000. 4.75024E-8 800000000. 4.16300E-8744310  5 3030
 840000000. 3.81593E-8 880000000. 4.09090E-8 920000000. 4.01073E-8744310  5 3031
 960000000. 4.02166E-8 1.00000E+9 0.0                             744310  5 3032
 0.0        0.0             45106          0          1         24744310  5 3033
         24          1                                            744310  5 3034
 140000000. 1.32267E-8 160000000. 1.08236E-8 180000000. 8.81405E-9744310  5 3035
 200000000. 1.18591E-8 240000000. 1.74921E-8 280000000. 2.06425E-8744310  5 3036
 320000000. 1.83971E-8 360000000. 1.92236E-8 400000000. 1.95062E-8744310  5 3037
 440000000. 2.19227E-8 480000000. 2.06142E-8 520000000. 1.41279E-8744310  5 3038
 560000000. 1.35177E-8 600000000. 2.20511E-8 640000000. 2.65972E-8744310  5 3039
 680000000. 2.31737E-8 720000000. 2.58752E-8 760000000. 1.73339E-8744310  5 3040
 800000000. 1.55526E-8 840000000. 1.99716E-8 880000000. 1.82763E-8744310  5 3041
 920000000. 2.35115E-8 960000000. 2.18984E-8 1.00000E+9 0.0       744310  5 3042
 0.0        0.0             45107          0          1         25744310  5 3043
         25          1                                            744310  5 3044
 120000000. 8.00000E-9 140000000. 9.56440E-9 160000000. 1.12000E-8744310  5 3045
 180000000. 1.19860E-8 200000000. 1.04632E-8 240000000. 8.74484E-9744310  5 3046
 280000000. 1.03175E-8 320000000. 9.59062E-9 360000000. 9.62594E-9744310  5 3047
 400000000. 1.05424E-8 440000000. 1.05877E-8 480000000. 9.87628E-9744310  5 3048
 520000000. 9.97357E-9 560000000. 1.15570E-8 600000000. 1.12069E-8744310  5 3049
 640000000. 1.08568E-8 680000000. 1.05067E-8 720000000. 1.20543E-8744310  5 3050
 760000000. 1.21097E-8 800000000. 1.29737E-8 840000000. 1.30401E-8744310  5 3051
 880000000. 9.57637E-9 920000000. 1.04526E-8 960000000. 1.22349E-8744310  5 3052
 1.00000E+9 0.0                                                   744310  5 3053
 0.0        0.0             45108          0          1         18744310  5 3054
         18          1                                            744310  5 3055
 320000000. 8.17794E-9 360000000. 8.64342E-9 400000000. 9.10881E-9744310  5 3056
 440000000. 9.57413E-9 480000000. 1.11099E-8 520000000. 1.37462E-8744310  5 3057
 560000000. 1.35083E-8 600000000. 1.02381E-8 640000000. 8.98298E-9744310  5 3058
 680000000. 9.87824E-9 720000000. 1.00558E-8 760000000. 9.50237E-9744310  5 3059
 800000000. 8.94892E-9 840000000. 8.67992E-9 880000000. 8.69000E-9744310  5 3060
 920000000. 8.69000E-9 960000000. 8.69000E-9 1.00000E+9 0.0       744310  5 3061
 0.0        0.0             46099          0          1          4744310  5 3062
          4          1                                            744310  5 3063
 880000000. 1.21700E-8 920000000. 1.21700E-8 960000000. 1.21700E-8744310  5 3064
 1.00000E+9 0.0                                                   744310  5 3065
 0.0        0.0             46100          0          1         10744310  5 3066
         10          1                                            744310  5 3067
 640000000. 9.42344E-9 680000000. 8.87714E-9 720000000. 9.47730E-9744310  5 3068
 760000000. 1.00774E-8 800000000. 1.21108E-8 840000000. 1.21633E-8744310  5 3069
 880000000. 1.21720E-8 920000000. 1.56925E-8 960000000. 1.92230E-8744310  5 3070
 1.00000E+9 0.0                                                   744310  5 3071
 0.0        0.0             46101          0          1         15744310  5 3072
         15          1                                            744310  5 3073
 440000000. 9.85093E-9 480000000. 1.33455E-8 520000000. 1.68397E-8744310  5 3074
 560000000. 2.03337E-8 600000000. 2.38411E-8 640000000. 2.39817E-8744310  5 3075
 680000000. 2.23496E-8 720000000. 2.24148E-8 760000000. 2.07496E-8744310  5 3076
 800000000. 1.81919E-8 840000000. 1.73598E-8 880000000. 2.43182E-8744310  5 3077
 920000000. 3.22635E-8 960000000. 3.32148E-8 1.00000E+9 0.0       744310  5 3078
 0.0        0.0             46102          0          1         17744310  5 3079
         17          1                                            744310  5 3080
 360000000. 9.23141E-9 400000000. 8.50080E-9 440000000. 9.38405E-9744310  5 3081
 480000000. 1.19305E-8 520000000. 1.24842E-8 560000000. 1.68554E-8744310  5 3082
 600000000. 3.06026E-8 640000000. 3.34348E-8 680000000. 3.26253E-8744310  5 3083
 720000000. 4.56296E-8 760000000. 4.92815E-8 800000000. 4.84714E-8744310  5 3084
 840000000. 4.94947E-8 880000000. 4.43890E-8 920000000. 4.70625E-8744310  5 3085
 960000000. 5.33186E-8 1.00000E+9 0.0                             744310  5 3086
 0.0        0.0             46103          0          1         17744310  5 3087
         17          1                                            744310  5 3088
 360000000. 1.28953E-8 400000000. 1.37200E-8 440000000. 2.27681E-8744310  5 3089
 480000000. 2.14212E-8 520000000. 3.07020E-8 560000000. 4.39002E-8744310  5 3090
 600000000. 3.32916E-8 640000000. 2.99260E-8 680000000. 3.43794E-8744310  5 3091
 720000000. 3.53368E-8 760000000. 3.80049E-8 800000000. 4.84391E-8744310  5 3092
 840000000. 5.64312E-8 880000000. 6.26029E-8 920000000. 6.71680E-8744310  5 3093
 960000000. 6.46845E-8 1.00000E+9 0.0                             744310  5 3094
 0.0        0.0             46104          0          1         19744310  5 3095
         19          1                                            744310  5 3096
 280000000. 8.75758E-9 320000000. 1.42440E-8 360000000. 2.16840E-8744310  5 3097
 400000000. 2.02826E-8 440000000. 1.95455E-8 480000000. 2.95184E-8744310  5 3098
 520000000. 2.99951E-8 560000000. 3.11857E-8 600000000. 4.17398E-8744310  5 3099
 640000000. 4.27990E-8 680000000. 4.89468E-8 720000000. 6.20122E-8744310  5 3100
 760000000. 6.22585E-8 800000000. 5.37036E-8 840000000. 5.98439E-8744310  5 3101
 880000000. 7.21921E-8 920000000. 6.89451E-8 960000000. 5.51062E-8744310  5 3102
 1.00000E+9 0.0                                                   744310  5 3103
 0.0        0.0             46105          0          1         21744310  5 3104
         21          1                                            744310  5 3105
 200000000. 1.04146E-8 240000000. 1.11048E-8 280000000. 1.97009E-8744310  5 3106
 320000000. 2.70933E-8 360000000. 2.57309E-8 400000000. 3.30969E-8744310  5 3107
 440000000. 3.59329E-8 480000000. 4.18077E-8 520000000. 4.91176E-8744310  5 3108
 560000000. 4.38864E-8 600000000. 4.85279E-8 640000000. 4.62781E-8744310  5 3109
 680000000. 4.80673E-8 720000000. 5.94611E-8 760000000. 5.27757E-8744310  5 3110
 800000000. 5.18991E-8 840000000. 5.99012E-8 880000000. 6.08966E-8744310  5 3111
 920000000. 7.23264E-8 960000000. 6.82596E-8 1.00000E+9 0.0       744310  5 3112
 0.0        0.0             46106          0          1         21744310  5 3113
         21          1                                            744310  5 3114
 200000000. 1.51466E-8 240000000. 1.66902E-8 280000000. 2.05892E-8744310  5 3115
 320000000. 2.31292E-8 360000000. 2.24981E-8 400000000. 2.58773E-8744310  5 3116
 440000000. 2.69242E-8 480000000. 3.44361E-8 520000000. 4.07878E-8744310  5 3117
 560000000. 3.71320E-8 600000000. 5.35395E-8 640000000. 5.49044E-8744310  5 3118
 680000000. 4.72155E-8 720000000. 5.17505E-8 760000000. 4.75269E-8744310  5 3119
 800000000. 5.36432E-8 840000000. 6.07595E-8 880000000. 4.70677E-8744310  5 3120
 920000000. 5.13447E-8 960000000. 5.42816E-8 1.00000E+9 0.0       744310  5 3121
 0.0        0.0             46107          0          1         24744310  5 3122
         24          1                                            744310  5 3123
 140000000. 1.04534E-8 160000000. 8.78430E-9 180000000. 1.03860E-8744310  5 3124
 200000000. 1.11855E-8 240000000. 1.34694E-8 280000000. 2.05539E-8744310  5 3125
 320000000. 2.08026E-8 360000000. 1.92419E-8 400000000. 2.02826E-8744310  5 3126
 440000000. 1.95455E-8 480000000. 2.38105E-8 520000000. 2.41387E-8744310  5 3127
 560000000. 2.78248E-8 600000000. 3.23925E-8 640000000. 3.50659E-8744310  5 3128
 680000000. 3.61271E-8 720000000. 3.61786E-8 760000000. 3.71718E-8744310  5 3129
 800000000. 3.37817E-8 840000000. 2.95367E-8 880000000. 3.99365E-8744310  5 3130
 920000000. 4.62703E-8 960000000. 3.58526E-8 1.00000E+9 0.0       744310  5 3131
 0.0        0.0             46108          0          1         25744310  5 3132
         25          1                                            744310  5 3133
 120000000. 8.82055E-9 140000000. 9.56440E-9 160000000. 1.04157E-8744310  5 3134
 180000000. 8.81405E-9 200000000. 1.18591E-8 240000000. 1.47811E-8744310  5 3135
 280000000. 1.23569E-8 320000000. 1.58601E-8 360000000. 1.69241E-8744310  5 3136
 400000000. 1.53606E-8 440000000. 1.87374E-8 480000000. 1.56438E-8744310  5 3137
 520000000. 1.32983E-8 560000000. 1.60290E-8 600000000. 1.87312E-8744310  5 3138
 640000000. 2.05445E-8 680000000. 2.57454E-8 720000000. 2.33347E-8744310  5 3139
 760000000. 1.89803E-8 800000000. 2.59566E-8 840000000. 2.77882E-8744310  5 3140
 880000000. 2.35091E-8 920000000. 2.17987E-8 960000000. 2.44629E-8744310  5 3141
 1.00000E+9 0.0                                                   744310  5 3142
 0.0        0.0             46109          0          1         22744310  5 3143
         22          1                                            744310  5 3144
 180000000. 8.78595E-9 200000000. 1.19077E-8 240000000. 1.35562E-8744310  5 3145
 280000000. 1.19327E-8 320000000. 1.35415E-8 360000000. 1.84866E-8744310  5 3146
 400000000. 1.70635E-8 440000000. 1.22362E-8 480000000. 1.06903E-8744310  5 3147
 520000000. 1.08088E-8 560000000. 1.34945E-8 600000000. 1.78720E-8744310  5 3148
 640000000. 1.46002E-8 680000000. 8.59486E-9 720000000. 9.47712E-9744310  5 3149
 760000000. 9.51231E-9 800000000. 9.09138E-9 840000000. 9.98155E-9744310  5 3150
 880000000. 9.57637E-9 920000000. 9.58872E-9 960000000. 1.30971E-8744310  5 3151
 1.00000E+9 0.0                                                   744310  5 3152
 0.0        0.0             46110          0          1         24744310  5 3153
         24          1                                            744310  5 3154
 140000000. 8.78220E-9 160000000. 9.79240E-9 180000000. 1.01853E-8744310  5 3155
 200000000. 1.07656E-8 240000000. 9.60135E-9 280000000. 7.96222E-9744310  5 3156
 320000000. 7.98725E-9 360000000. 8.83016E-9 400000000. 1.02690E-8744310  5 3157
 440000000. 1.14465E-8 480000000. 1.26238E-8 520000000. 1.08299E-8744310  5 3158
 560000000. 1.01074E-8 600000000. 1.36037E-8 640000000. 1.42580E-8744310  5 3159
 680000000. 1.20107E-8 720000000. 9.76346E-9 760000000. 9.07244E-9744310  5 3160
 800000000. 9.96512E-9 840000000. 1.08578E-8 880000000. 1.17504E-8744310  5 3161
 920000000. 1.22000E-8 960000000. 1.22000E-8 1.00000E+9 0.0       744310  5 3162
 0.0        0.0             47102          0          1          7744310  5 3163
          7          1                                            744310  5 3164
 760000000. 1.49748E-8 800000000. 1.38546E-8 840000000. 1.27343E-8744310  5 3165
 880000000. 1.13164E-8 920000000. 9.59610E-9 960000000. 1.04780E-8744310  5 3166
 1.00000E+9 0.0                                                   744310  5 3167
 0.0        0.0             47103          0          1         12744310  5 3168
         12          1                                            744310  5 3169
 560000000. 8.43931E-9 600000000. 9.79344E-9 640000000. 1.24093E-8744310  5 3170
 680000000. 1.20462E-8 720000000. 1.37638E-8 760000000. 1.81374E-8744310  5 3171
 800000000. 1.99128E-8 840000000. 1.91083E-8 880000000. 1.65363E-8744310  5 3172
 920000000. 2.87020E-8 960000000. 3.67404E-8 1.00000E+9 0.0       744310  5 3173
 0.0        0.0             47104          0          1         16744310  5 3174
         16          1                                            744310  5 3175
 400000000. 8.90174E-9 440000000. 1.05877E-8 480000000. 1.31372E-8744310  5 3176
 520000000. 1.33194E-8 560000000. 2.18967E-8 600000000. 2.30802E-8744310  5 3177
 640000000. 2.30393E-8 680000000. 3.09609E-8 720000000. 3.01669E-8744310  5 3178
 760000000. 2.93895E-8 800000000. 2.68518E-8 840000000. 2.94878E-8744310  5 3179
 880000000. 2.44142E-8 920000000. 2.17665E-8 960000000. 3.75343E-8744310  5 3180
 1.00000E+9 0.0                                                   744310  5 3181
 0.0        0.0             47105          0          1         17744310  5 3182
         17          1                                            744310  5 3183
 360000000. 1.12258E-8 400000000. 1.13602E-8 440000000. 1.05877E-8744310  5 3184
 480000000. 1.55841E-8 520000000. 1.99683E-8 560000000. 1.94131E-8744310  5 3185
 600000000. 2.71927E-8 640000000. 3.25538E-8 680000000. 3.09281E-8744310  5 3186
 720000000. 3.53213E-8 760000000. 4.65907E-8 800000000. 5.54245E-8744310  5 3187
 840000000. 5.12432E-8 880000000. 4.61210E-8 920000000. 5.48865E-8744310  5 3188
 960000000. 6.64226E-8 1.00000E+9 0.0                             744310  5 3189
 0.0        0.0             47106          0          1         18744310  5 3190
         18          1                                            744310  5 3191
 320000000. 8.75391E-9 360000000. 1.28124E-8 400000000. 1.77984E-8744310  5 3192
 440000000. 2.03672E-8 480000000. 2.54434E-8 520000000. 2.99523E-8744310  5 3193
 560000000. 3.29032E-8 600000000. 3.91624E-8 640000000. 3.34593E-8744310  5 3194
 680000000. 3.08940E-8 720000000. 4.13535E-8 760000000. 5.09328E-8744310  5 3195
 800000000. 4.59761E-8 840000000. 3.64462E-8 880000000. 4.60666E-8744310  5 3196
 920000000. 6.10050E-8 960000000. 6.20961E-8 1.00000E+9 0.0       744310  5 3197
 0.0        0.0             47107          0          1         19744310  5 3198
         19          1                                            744310  5 3199
 280000000. 1.11200E-8 320000000. 1.58601E-8 360000000. 1.77199E-8744310  5 3200
 400000000. 1.85798E-8 440000000. 2.60416E-8 480000000. 2.55080E-8744310  5 3201
 520000000. 2.99096E-8 560000000. 3.88218E-8 600000000. 3.83482E-8744310  5 3202
 640000000. 4.36134E-8 680000000. 4.38866E-8 720000000. 5.41819E-8744310  5 3203
 760000000. 6.48461E-8 800000000. 5.45897E-8 840000000. 4.94863E-8744310  5 3204
 880000000. 5.47794E-8 920000000. 5.58467E-8 960000000. 4.98305E-8744310  5 3205
 1.00000E+9 0.0                                                   744310  5 3206
 0.0        0.0             47108          0          1         22744310  5 3207
         22          1                                            744310  5 3208
 180000000. 1.03860E-8 200000000. 1.42834E-8 240000000. 1.36481E-8744310  5 3209
 280000000. 1.65258E-8 320000000. 2.31292E-8 360000000. 1.85339E-8744310  5 3210
 400000000. 1.69806E-8 440000000. 2.92269E-8 480000000. 3.61814E-8744310  5 3211
 520000000. 3.32770E-8 560000000. 3.29170E-8 600000000. 3.82899E-8744310  5 3212
 640000000. 4.79093E-8 680000000. 3.87772E-8 720000000. 2.92836E-8744310  5 3213
 760000000. 3.45499E-8 800000000. 5.01319E-8 840000000. 5.13005E-8744310  5 3214
 880000000. 4.69301E-8 920000000. 5.49457E-8 960000000. 5.07184E-8744310  5 3215
 1.00000E+9 0.0                                                   744310  5 3216
 0.0        0.0             47109          0          1         22744310  5 3217
         22          1                                            744310  5 3218
 180000000. 1.00617E-8 200000000. 1.14515E-8 240000000. 1.33359E-8744310  5 3219
 280000000. 1.66319E-8 320000000. 2.38297E-8 360000000. 1.86117E-8744310  5 3220
 400000000. 1.68977E-8 440000000. 2.20531E-8 480000000. 2.21537E-8744310  5 3221
 520000000. 2.41387E-8 560000000. 3.03455E-8 600000000. 4.00348E-8744310  5 3222
 640000000. 3.25957E-8 680000000. 2.49214E-8 720000000. 3.18453E-8744310  5 3223
 760000000. 4.05874E-8 800000000. 3.89998E-8 840000000. 2.78236E-8744310  5 3224
 880000000. 3.64487E-8 920000000. 4.36565E-8 960000000. 3.32216E-8744310  5 3225
 1.00000E+9 0.0                                                   744310  5 3226
 0.0        0.0             47110          0          1         20744310  5 3227
         20          1                                            744310  5 3228
 240000000. 1.18794E-8 280000000. 1.58546E-8 320000000. 1.51810E-8744310  5 3229
 360000000. 1.04763E-8 400000000. 1.36993E-8 440000000. 1.79478E-8744310  5 3230
 480000000. 1.88808E-8 520000000. 1.83195E-8 560000000. 1.68692E-8744310  5 3231
 600000000. 2.55011E-8 640000000. 2.65799E-8 680000000. 1.97729E-8744310  5 3232
 720000000. 1.89648E-8 760000000. 2.84435E-8 800000000. 2.60633E-8744310  5 3233
 840000000. 1.56114E-8 880000000. 1.65363E-8 920000000. 1.74325E-8744310  5 3234
 960000000. 2.09680E-8 1.00000E+9 0.0                             744310  5 3235
 0.0        0.0             47111          0          1         24744310  5 3236
         24          1                                            744310  5 3237
 140000000. 1.04178E-8 160000000. 8.81570E-9 180000000. 8.00000E-9744310  5 3238
 200000000. 7.99030E-9 240000000. 7.96539E-9 280000000. 8.72242E-9744310  5 3239
 320000000. 1.03437E-8 360000000. 1.12489E-8 400000000. 9.74525E-9744310  5 3240
 440000000. 9.38405E-9 480000000. 1.19305E-8 520000000. 1.28941E-8744310  5 3241
 560000000. 1.22338E-8 600000000. 1.27705E-8 640000000. 1.36946E-8744310  5 3242
 680000000. 1.71669E-8 720000000. 1.55615E-8 760000000. 1.63732E-8744310  5 3243
 800000000. 1.90780E-8 840000000. 1.82146E-8 880000000. 1.82892E-8744310  5 3244
 920000000. 1.39623E-8 960000000. 1.04968E-8 1.00000E+9 0.0       744310  5 3245
 0.0        0.0             47112          0          1         22744310  5 3246
         22          1                                            744310  5 3247
 180000000. 7.99673E-9 200000000. 7.98687E-9 240000000. 8.38556E-9744310  5 3248
 280000000. 9.21949E-9 320000000. 1.00531E-8 360000000. 1.08864E-8744310  5 3249
 400000000. 1.13444E-8 440000000. 1.14145E-8 480000000. 9.87628E-9744310  5 3250
 520000000. 8.31926E-9 560000000. 9.26471E-9 600000000. 1.10554E-8744310  5 3251
 640000000. 1.32617E-8 680000000. 1.58925E-8 720000000. 1.66205E-8744310  5 3252
 760000000. 1.54102E-8 800000000. 1.41999E-8 840000000. 1.29897E-8744310  5 3253
 880000000. 1.17795E-8 920000000. 1.05693E-8 960000000. 9.35912E-9744310  5 3254
 1.00000E+9 0.0                                                   744310  5 3255
 0.0        0.0             48104          0          1          2744310  5 3256
          2          1                                            744310  5 3257
 960000000. 0.0        1.00000E+9 0.0                             744310  5 3258
 0.0        0.0             48105          0          1         10744310  5 3259
         10          1                                            744310  5 3260
 640000000. 8.55980E-9 680000000. 9.44666E-9 720000000. 1.20543E-8744310  5 3261
 760000000. 1.33961E-8 800000000. 1.25609E-8 840000000. 1.30132E-8744310  5 3262
 880000000. 1.65105E-8 920000000. 1.57146E-8 960000000. 2.17944E-8744310  5 3263
 1.00000E+9 0.0                                                   744310  5 3264
 0.0        0.0             48106          0          1         14744310  5 3265
         14          1                                            744310  5 3266
 480000000. 1.31491E-8 520000000. 1.49681E-8 560000000. 1.60384E-8744310  5 3267
 600000000. 1.36480E-8 640000000. 1.53850E-8 680000000. 2.14701E-8744310  5 3268
 720000000. 1.72969E-8 760000000. 2.06612E-8 800000000. 3.11747E-8744310  5 3269
 840000000. 2.77967E-8 880000000. 2.26327E-8 920000000. 1.83334E-8744310  5 3270
 960000000. 2.18182E-8 1.00000E+9 0.0                             744310  5 3271
 0.0        0.0             48107          0          1         17744310  5 3272
         17          1                                            744310  5 3273
 360000000. 8.42982E-9 400000000. 9.30555E-9 440000000. 1.05877E-8744310  5 3274
 480000000. 1.47652E-8 520000000. 1.83033E-8 560000000. 1.94087E-8744310  5 3275
 600000000. 2.46735E-8 640000000. 3.08070E-8 680000000. 3.43681E-8744310  5 3276
 720000000. 3.79141E-8 760000000. 3.20262E-8 800000000. 3.19863E-8744310  5 3277
 840000000. 3.21653E-8 880000000. 3.47373E-8 920000000. 4.88199E-8744310  5 3278
 960000000. 4.63613E-8 1.00000E+9 0.0                             744310  5 3279
 0.0        0.0             48108          0          1         16744310  5 3280
         16          1                                            744310  5 3281
 400000000. 1.22037E-8 440000000. 1.86256E-8 480000000. 2.30611E-8744310  5 3282
 520000000. 2.07768E-8 560000000. 2.61582E-8 600000000. 2.72643E-8744310  5 3283
 640000000. 2.48454E-8 680000000. 2.83172E-8 720000000. 3.53368E-8744310  5 3284
 760000000. 3.54321E-8 800000000. 3.72185E-8 840000000. 3.56183E-8744310  5 3285
 880000000. 4.68886E-8 920000000. 5.15200E-8 960000000. 4.80311E-8744310  5 3286
 1.00000E+9 0.0                                                   744310  5 3287
 0.0        0.0             48109          0          1         20744310  5 3288
         20          1                                            744310  5 3289
 240000000. 1.15043E-8 280000000. 1.54611E-8 320000000. 1.43967E-8744310  5 3290
 360000000. 1.36265E-8 400000000. 2.09968E-8 440000000. 2.44675E-8744310  5 3291
 480000000. 2.13804E-8 520000000. 2.16275E-8 560000000. 1.94320E-8744310  5 3292
 600000000. 2.96985E-8 640000000. 4.62116E-8 680000000. 4.04580E-8744310  5 3293
 720000000. 3.19024E-8 760000000. 3.02471E-8 800000000. 2.77238E-8744310  5 3294
 840000000. 3.12143E-8 880000000. 4.25945E-8 920000000. 5.05722E-8744310  5 3295
 960000000. 5.76639E-8 1.00000E+9 0.0                             744310  5 3296
 0.0        0.0             48110          0          1         20744310  5 3297
         20          1                                            744310  5 3298
 240000000. 7.96539E-9 280000000. 9.91528E-9 320000000. 1.39406E-8744310  5 3299
 360000000. 1.84510E-8 400000000. 1.94648E-8 440000000. 1.71261E-8744310  5 3300
 480000000. 2.53977E-8 520000000. 3.16283E-8 560000000. 3.03731E-8744310  5 3301
 600000000. 4.08223E-8 640000000. 3.52062E-8 680000000. 3.68338E-8744310  5 3302
 720000000. 4.48972E-8 760000000. 3.62897E-8 800000000. 3.55117E-8744310  5 3303
 840000000. 3.55829E-8 880000000. 3.65447E-8 920000000. 3.66297E-8744310  5 3304
 960000000. 4.54052E-8 1.00000E+9 0.0                             744310  5 3305
 0.0        0.0             48111          0          1         22744310  5 3306
         22          1                                            744310  5 3307
 180000000. 1.48588E-8 200000000. 1.62396E-8 240000000. 1.81120E-8744310  5 3308
 280000000. 1.67381E-8 320000000. 1.59127E-8 360000000. 1.52960E-8744310  5 3309
 400000000. 1.77569E-8 440000000. 2.28190E-8 480000000. 2.70833E-8744310  5 3310
 520000000. 2.83036E-8 560000000. 2.95191E-8 600000000. 3.07009E-8744310  5 3311
 640000000. 2.31477E-8 680000000. 2.48823E-8 720000000. 2.93252E-8744310  5 3312
 760000000. 2.16465E-8 800000000. 2.07476E-8 840000000. 2.77663E-8744310  5 3313
 880000000. 2.78527E-8 920000000. 2.78974E-8 960000000. 2.88507E-8744310  5 3314
 1.00000E+9 0.0                                                   744310  5 3315
 0.0        0.0             48112          0          1         21744310  5 3316
         21          1                                            744310  5 3317
 200000000. 9.53202E-9 240000000. 1.26994E-8 280000000. 1.58648E-8744310  5 3318
 320000000. 1.59653E-8 360000000. 1.52545E-8 400000000. 2.09968E-8744310  5 3319
 440000000. 2.36644E-8 480000000. 1.81076E-8 520000000. 1.58033E-8744310  5 3320
 560000000. 1.93993E-8 600000000. 2.17266E-8 640000000. 2.09713E-8744310  5 3321
 680000000. 2.31850E-8 720000000. 2.07264E-8 760000000. 1.38346E-8744310  5 3322
 800000000. 1.72826E-8 840000000. 1.56687E-8 880000000. 2.25367E-8744310  5 3323
 920000000. 2.70928E-8 960000000. 1.31346E-8 1.00000E+9 0.0       744310  5 3324
 0.0        0.0             48113          0          1         24744310  5 3325
         24          1                                            744310  5 3326
 140000000. 1.15911E-8 160000000. 1.23921E-8 180000000. 1.20140E-8744310  5 3327
 200000000. 1.04146E-8 240000000. 8.78593E-9 280000000. 9.13308E-9744310  5 3328
 320000000. 1.15563E-8 360000000. 1.52363E-8 400000000. 1.38237E-8744310  5 3329
 440000000. 1.21990E-8 480000000. 1.39800E-8 520000000. 1.33138E-8744310  5 3330
 560000000. 1.93855E-8 600000000. 2.30269E-8 640000000. 1.71492E-8744310  5 3331
 680000000. 1.37548E-8 720000000. 1.42235E-8 760000000. 1.51187E-8744310  5 3332
 800000000. 1.30060E-8 840000000. 1.64527E-8 880000000. 1.83021E-8744310  5 3333
 920000000. 1.74201E-8 960000000. 1.74986E-8 1.00000E+9 0.0       744310  5 3334
 0.0        0.0             48114          0          1         25744310  5 3335
         25          1                                            744310  5 3336
 120000000. 8.00000E-9 140000000. 8.00000E-9 160000000. 8.00000E-9744310  5 3337
 180000000. 8.00000E-9 200000000. 8.00000E-9 240000000. 8.00000E-9744310  5 3338
 280000000. 8.00000E-9 320000000. 8.00000E-9 360000000. 8.03930E-9744310  5 3339
 400000000. 8.65079E-9 440000000. 9.81159E-9 480000000. 1.09723E-8744310  5 3340
 520000000. 1.10629E-8 560000000. 1.00558E-8 600000000. 9.04875E-9744310  5 3341
 640000000. 8.76768E-9 680000000. 9.22781E-9 720000000. 9.68793E-9744310  5 3342
 760000000. 1.01480E-8 800000000. 1.03924E-8 840000000. 1.04174E-8744310  5 3343
 880000000. 1.13084E-8 920000000. 1.22000E-8 960000000. 1.22000E-8744310  5 3344
 1.00000E+9 0.0                                                   744310  5 3345
 0.0        0.0             48115          0          1          7744310  5 3346
          7          1                                            744310  5 3347
 760000000. 8.63991E-9 800000000. 8.65992E-9 840000000. 8.67992E-9744310  5 3348
 880000000. 1.12956E-8 920000000. 1.39400E-8 960000000. 1.39400E-8744310  5 3349
 1.00000E+9 0.0                                                   744310  5 3350
 0.0        0.0             49106          0          1          2744310  5 3351
          2          1                                            744310  5 3352
 960000000. 8.73000E-9 1.00000E+9 0.0                             744310  5 3353
 0.0        0.0             49107          0          1          7744310  5 3354
          7          1                                            744310  5 3355
 760000000. 1.21097E-8 800000000. 1.12528E-8 840000000. 1.30132E-8744310  5 3356
 880000000. 1.39000E-8 920000000. 1.39000E-8 960000000. 1.39000E-8744310  5 3357
 1.00000E+9 0.0                                                   744310  5 3358
 0.0        0.0             49108          0          1         12744310  5 3359
         12          1                                            744310  5 3360
 560000000. 1.09464E-8 600000000. 1.27404E-8 640000000. 1.45343E-8744310  5 3361
 680000000. 1.46080E-8 720000000. 1.29276E-8 760000000. 1.38101E-8744310  5 3362
 800000000. 2.16105E-8 840000000. 2.51950E-8 880000000. 1.83021E-8744310  5 3363
 920000000. 1.48237E-8 960000000. 1.92111E-8 1.00000E+9 0.0       744310  5 3364
 0.0        0.0             49109          0          1         14744310  5 3365
         14          1                                            744310  5 3366
 480000000. 1.27470E-8 520000000. 1.20717E-8 560000000. 1.68554E-8744310  5 3367
 600000000. 1.79254E-8 640000000. 2.04903E-8 680000000. 2.23888E-8744310  5 3368
 720000000. 1.55304E-8 760000000. 1.89705E-8 800000000. 2.76866E-8744310  5 3369
 840000000. 2.69384E-8 880000000. 2.52204E-8 920000000. 3.39764E-8744310  5 3370
 960000000. 3.93356E-8 1.00000E+9 0.0                             744310  5 3371
 0.0        0.0             49110          0          1         19744310  5 3372
         19          1                                            744310  5 3373
 280000000. 7.95000E-9 320000000. 7.97451E-9 360000000. 9.22805E-9744310  5 3374
 400000000. 1.17301E-8 440000000. 1.46507E-8 480000000. 1.23590E-8744310  5 3375
 520000000. 1.32871E-8 560000000. 1.60478E-8 600000000. 2.20828E-8744310  5 3376
 640000000. 3.33683E-8 680000000. 3.01318E-8 720000000. 2.67014E-8744310  5 3377
 760000000. 2.76595E-8 800000000. 3.63001E-8 840000000. 3.91152E-8744310  5 3378
 880000000. 3.13247E-8 920000000. 3.74664E-8 960000000. 5.24001E-8744310  5 3379
 1.00000E+9 0.0                                                   744310  5 3380
 0.0        0.0             49111          0          1         21744310  5 3381
         21          1                                            744310  5 3382
 200000000. 8.19271E-9 240000000. 8.59115E-9 280000000. 8.98933E-9744310  5 3383
 320000000. 9.38735E-9 360000000. 1.28124E-8 400000000. 1.61992E-8744310  5 3384
 440000000. 2.03300E-8 480000000. 2.13924E-8 520000000. 1.99576E-8744310  5 3385
 560000000. 1.69019E-8 600000000. 2.37561E-8 640000000. 3.93495E-8744310  5 3386
 680000000. 3.95621E-8 720000000. 2.93618E-8 760000000. 2.50376E-8744310  5 3387
 800000000. 2.25520E-8 840000000. 3.11570E-8 880000000. 3.91898E-8744310  5 3388
 920000000. 4.18078E-8 960000000. 4.54803E-8 1.00000E+9 0.0       744310  5 3389
 0.0        0.0             49112          0          1         21744310  5 3390
         21          1                                            744310  5 3391
 200000000. 9.20003E-9 240000000. 8.37309E-9 280000000. 9.49974E-9744310  5 3392
 320000000. 9.59062E-9 360000000. 1.27992E-8 400000000. 2.02205E-8744310  5 3393
 440000000. 1.71819E-8 480000000. 1.96590E-8 520000000. 2.66332E-8744310  5 3394
 560000000. 2.95191E-8 600000000. 2.90093E-8 640000000. 2.65134E-8744310  5 3395
 680000000. 2.75159E-8 720000000. 2.58597E-8 760000000. 3.70686E-8744310  5 3396
 800000000. 3.47373E-8 840000000. 2.42829E-8 880000000. 3.90809E-8744310  5 3397
 920000000. 4.71143E-8 960000000. 5.06620E-8 1.00000E+9 0.0       744310  5 3398
 0.0        0.0             49113          0          1         20744310  5 3399
         20          1                                            744310  5 3400
 240000000. 1.39173E-8 280000000. 1.62763E-8 320000000. 1.75339E-8744310  5 3401
 360000000. 1.60918E-8 400000000. 1.45843E-8 440000000. 1.38662E-8744310  5 3402
 480000000. 1.31491E-8 520000000. 1.91064E-8 560000000. 2.19570E-8744310  5 3403
 600000000. 2.21228E-8 640000000. 2.14327E-8 680000000. 2.14537E-8744310  5 3404
 720000000. 2.50075E-8 760000000. 2.76252E-8 800000000. 3.03167E-8744310  5 3405
 840000000. 3.46893E-8 880000000. 3.22427E-8 920000000. 2.87538E-8744310  5 3406
 960000000. 3.40838E-8 1.00000E+9 0.0                             744310  5 3407
 0.0        0.0             49114          0          1         20744310  5 3408
         20          1                                            744310  5 3409
 240000000. 1.11048E-8 280000000. 1.27100E-8 320000000. 1.19649E-8744310  5 3410
 360000000. 1.20349E-8 400000000. 1.37563E-8 440000000. 1.78969E-8744310  5 3411
 480000000. 2.05545E-8 520000000. 2.07979E-8 560000000. 2.02628E-8744310  5 3412
 600000000. 1.95903E-8 640000000. 2.56425E-8 680000000. 2.83841E-8744310  5 3413
 720000000. 2.67169E-8 760000000. 2.50769E-8 800000000. 2.68145E-8744310  5 3414
 840000000. 2.77967E-8 880000000. 2.60919E-8 920000000. 2.96424E-8744310  5 3415
 960000000. 2.79886E-8 1.00000E+9 0.0                             744310  5 3416
 0.0        0.0             49115          0          1         20744310  5 3417
         20          1                                            744310  5 3418
 240000000. 9.51942E-9 280000000. 1.26848E-8 320000000. 1.27755E-8744310  5 3419
 360000000. 9.66230E-9 400000000. 1.21001E-8 440000000. 1.46880E-8744310  5 3420
 480000000. 1.23351E-8 520000000. 1.08243E-8 560000000. 1.09694E-8744310  5 3421
 600000000. 1.44621E-8 640000000. 1.62683E-8 680000000. 1.29093E-8744310  5 3422
 720000000. 1.37638E-8 760000000. 1.89950E-8 800000000. 1.73430E-8744310  5 3423
 840000000. 1.21633E-8 880000000. 1.17427E-8 920000000. 1.43881E-8744310  5 3424
 960000000. 1.66039E-8 1.00000E+9 0.0                             744310  5 3425
 0.0        0.0             49116          0          1         17744310  5 3426
         17          1                                            744310  5 3427
 360000000. 8.56490E-9 400000000. 9.71587E-9 440000000. 1.08667E-8744310  5 3428
 480000000. 1.11071E-8 520000000. 1.04118E-8 560000000. 9.28897E-9744310  5 3429
 600000000. 1.02114E-8 640000000. 1.15566E-8 680000000. 1.07414E-8744310  5 3430
 720000000. 1.11996E-8 760000000. 1.29550E-8 800000000. 1.47178E-8744310  5 3431
 840000000. 1.21768E-8 880000000. 8.69993E-9 920000000. 8.71993E-9744310  5 3432
 960000000. 8.73993E-9 1.00000E+9 0.0                             744310  5 3433
 0.0        0.0             49117          0          1         11744310  5 3434
         11          1                                            744310  5 3435
 600000000. 8.51264E-9 640000000. 8.53820E-9 680000000. 8.56377E-9744310  5 3436
 720000000. 8.58933E-9 760000000. 8.61489E-9 800000000. 8.64045E-9744310  5 3437
 840000000. 8.66601E-9 880000000. 8.69157E-9 920000000. 8.71713E-9744310  5 3438
 960000000. 8.73000E-9 1.00000E+9 0.0                             744310  5 3439
 0.0        0.0             50109          0          1          2744310  5 3440
          2          1                                            744310  5 3441
 960000000. 1.04780E-8 1.00000E+9 0.0                             744310  5 3442
 0.0        0.0             50110          0          1         11744310  5 3443
         11          1                                            744310  5 3444
 600000000. 9.36559E-9 640000000. 1.06942E-8 680000000. 1.15920E-8744310  5 3445
 720000000. 1.24897E-8 760000000. 1.33874E-8 800000000. 1.55758E-8744310  5 3446
 840000000. 1.82231E-8 880000000. 1.65492E-8 920000000. 1.48237E-8744310  5 3447
 960000000. 1.31278E-8 1.00000E+9 0.0                             744310  5 3448
 0.0        0.0             50111          0          1         14744310  5 3449
         14          1                                            744310  5 3450
 480000000. 1.15161E-8 520000000. 1.04014E-8 560000000. 1.13968E-8744310  5 3451
 600000000. 1.02381E-8 640000000. 8.55980E-9 680000000. 1.02985E-8744310  5 3452
 720000000. 1.20649E-8 760000000. 1.46677E-8 800000000. 1.98987E-8744310  5 3453
 840000000. 2.25698E-8 880000000. 2.69476E-8 920000000. 2.61919E-8744310  5 3454
 960000000. 1.66296E-8 1.00000E+9 0.0                             744310  5 3455
 0.0        0.0             50112          0          1         16744310  5 3456
         16          1                                            744310  5 3457
 400000000. 1.05399E-8 440000000. 8.97385E-9 480000000. 9.03346E-9744310  5 3458
 520000000. 1.41223E-8 560000000. 2.36099E-8 600000000. 1.96753E-8744310  5 3459
 640000000. 1.19724E-8 680000000. 1.88706E-8 720000000. 2.92681E-8744310  5 3460
 760000000. 3.11292E-8 800000000. 2.51309E-8 840000000. 2.08433E-8744310  5 3461
 880000000. 2.86538E-8 920000000. 4.01073E-8 960000000. 4.45668E-8744310  5 3462
 1.00000E+9 0.0                                                   744310  5 3463
 0.0        0.0             50113          0          1         18744310  5 3464
         18          1                                            744310  5 3465
 320000000. 1.03609E-8 360000000. 1.20576E-8 400000000. 1.05630E-8744310  5 3466
 440000000. 1.29885E-8 480000000. 1.56368E-8 520000000. 1.91064E-8744310  5 3467
 560000000. 2.27973E-8 600000000. 1.87579E-8 640000000. 2.13663E-8744310  5 3468
 680000000. 2.32291E-8 720000000. 2.75326E-8 760000000. 3.19868E-8744310  5 3469
 800000000. 3.03027E-8 840000000. 3.46977E-8 880000000. 3.30984E-8744310  5 3470
 920000000. 3.31126E-8 960000000. 3.84597E-8 1.00000E+9 0.0       744310  5 3471
 0.0        0.0             50114          0          1         18744310  5 3472
         18          1                                            744310  5 3473
 320000000. 1.11280E-8 360000000. 1.40402E-8 400000000. 1.65873E-8744310  5 3474
 440000000. 1.47116E-8 480000000. 1.31372E-8 520000000. 1.33194E-8744310  5 3475
 560000000. 1.01336E-8 600000000. 1.44355E-8 640000000. 2.22472E-8744310  5 3476
 680000000. 2.66300E-8 720000000. 2.84575E-8 760000000. 2.93650E-8744310  5 3477
 800000000. 2.85959E-8 840000000. 3.46624E-8 880000000. 4.17725E-8744310  5 3478
 920000000. 3.57806E-8 960000000. 4.01602E-8 1.00000E+9 0.0       744310  5 3479
 0.0        0.0             50115          0          1         18744310  5 3480
         18          1                                            744310  5 3481
 320000000. 8.37646E-9 360000000. 9.24736E-9 400000000. 1.13187E-8744310  5 3482
 440000000. 1.14281E-8 480000000. 1.31794E-8 520000000. 2.00128E-8744310  5 3483
 560000000. 2.19526E-8 600000000. 1.70662E-8 640000000. 2.30393E-8744310  5 3484
 680000000. 2.41365E-8 720000000. 2.15054E-8 760000000. 3.53682E-8744310  5 3485
 800000000. 4.07207E-8 840000000. 3.12936E-8 880000000. 2.78190E-8744310  5 3486
 920000000. 3.39962E-8 960000000. 3.14954E-8 1.00000E+9 0.0       744310  5 3487
 0.0        0.0             50116          0          1         21744310  5 3488
         21          1                                            744310  5 3489
 200000000. 8.37088E-9 240000000. 9.13768E-9 280000000. 9.93577E-9744310  5 3490
 320000000. 1.07669E-8 360000000. 1.36265E-8 400000000. 1.30008E-8744310  5 3491
 440000000. 8.97638E-9 480000000. 1.14804E-8 520000000. 1.49737E-8744310  5 3492
 560000000. 1.77094E-8 600000000. 1.96037E-8 640000000. 1.96809E-8744310  5 3493
 680000000. 1.97729E-8 720000000. 1.81076E-8 760000000. 2.24255E-8744310  5 3494
 800000000. 2.34150E-8 840000000. 1.73733E-8 880000000. 1.73870E-8744310  5 3495
 920000000. 1.91848E-8 960000000. 1.74918E-8 1.00000E+9 0.0       744310  5 3496
 0.0        0.0             50117          0          1         20744310  5 3497
         20          1                                            744310  5 3498
 240000000. 7.96539E-9 280000000. 8.56721E-9 320000000. 9.83136E-9744310  5 3499
 360000000. 1.10952E-8 400000000. 1.23587E-8 440000000. 1.14281E-8744310  5 3500
 480000000. 1.06733E-8 520000000. 1.16440E-8 560000000. 1.43347E-8744310  5 3501
 600000000. 1.36613E-8 640000000. 1.36701E-8 680000000. 1.29257E-8744310  5 3502
 720000000. 9.47712E-9 760000000. 1.12275E-8 800000000. 1.04040E-8744310  5 3503
 840000000. 1.04064E-8 880000000. 1.39120E-8 920000000. 1.82963E-8744310  5 3504
 960000000. 2.09500E-8 1.00000E+9 0.0                             744310  5 3505
 0.0        0.0             50118          0          1         18744310  5 3506
         18          1                                            744310  5 3507
 320000000. 1.11280E-8 360000000. 1.23021E-8 400000000. 1.13079E-8744310  5 3508
 440000000. 1.03139E-8 480000000. 9.04534E-9 520000000. 9.15876E-9744310  5 3509
 560000000. 1.09795E-8 600000000. 1.40491E-8 640000000. 1.83956E-8744310  5 3510
 680000000. 1.89211E-8 720000000. 1.38209E-8 760000000. 1.12275E-8744310  5 3511
 800000000. 1.04040E-8 840000000. 8.67992E-9 880000000. 9.13418E-9744310  5 3512
 920000000. 1.00293E-8 960000000. 1.04800E-8 1.00000E+9 0.0       744310  5 3513
 0.0        0.0             50119          0          1         17744310  5 3514
         17          1                                            744310  5 3515
 360000000. 8.00000E-9 400000000. 8.00000E-9 440000000. 8.00000E-9744310  5 3516
 480000000. 8.00000E-9 520000000. 8.00000E-9 560000000. 8.00000E-9744310  5 3517
 600000000. 8.00000E-9 640000000. 8.00000E-9 680000000. 8.00000E-9744310  5 3518
 720000000. 8.00000E-9 760000000. 8.00000E-9 800000000. 8.00000E-9744310  5 3519
 840000000. 8.00000E-9 880000000. 8.00000E-9 920000000. 8.00000E-9744310  5 3520
 960000000. 8.00000E-9 1.00000E+9 0.0                             744310  5 3521
 0.0        0.0             51111          0          1          2744310  5 3522
          2          1                                            744310  5 3523
 960000000. 0.0        1.00000E+9 0.0                             744310  5 3524
 0.0        0.0             51112          0          1          8744310  5 3525
          8          1                                            744310  5 3526
 720000000. 9.91378E-9 760000000. 9.07359E-9 800000000. 9.51789E-9744310  5 3527
 840000000. 1.12781E-8 880000000. 1.17506E-8 920000000. 1.09055E-8744310  5 3528
 960000000. 1.30971E-8 1.00000E+9 0.0                             744310  5 3529
 0.0        0.0             51113          0          1         10744310  5 3530
         10          1                                            744310  5 3531
 640000000. 9.40863E-9 680000000. 1.11641E-8 720000000. 1.80554E-8744310  5 3532
 760000000. 2.16220E-8 800000000. 1.56130E-8 840000000. 1.30132E-8744310  5 3533
 880000000. 1.56470E-8 920000000. 2.35115E-8 960000000. 2.10293E-8744310  5 3534
 1.00000E+9 0.0                                                   744310  5 3535
 0.0        0.0             51114          0          1         14744310  5 3536
         14          1                                            744310  5 3537
 480000000. 9.03346E-9 520000000. 1.12409E-8 560000000. 1.39370E-8744310  5 3538
 600000000. 1.61804E-8 640000000. 1.37243E-8 680000000. 1.62874E-8744310  5 3539
 720000000. 1.98481E-8 760000000. 2.49983E-8 800000000. 2.68890E-8744310  5 3540
 840000000. 2.51461E-8 880000000. 2.43935E-8 920000000. 2.69841E-8744310  5 3541
 960000000. 2.71383E-8 1.00000E+9 0.0                             744310  5 3542
 0.0        0.0             51115          0          1         13744310  5 3543
         13          1                                            744310  5 3544
 520000000. 1.41279E-8 560000000. 1.60384E-8 600000000. 1.61804E-8744310  5 3545
 640000000. 1.37243E-8 680000000. 1.79910E-8 720000000. 2.58597E-8744310  5 3546
 760000000. 2.07741E-8 800000000. 1.81687E-8 840000000. 2.08348E-8744310  5 3547
 880000000. 3.12574E-8 920000000. 3.40554E-8 960000000. 3.40412E-8744310  5 3548
 1.00000E+9 0.0                                                   744310  5 3549
 0.0        0.0             51116          0          1         18744310  5 3550
         18          1                                            744310  5 3551
 320000000. 7.98186E-9 360000000. 8.04693E-9 400000000. 1.05009E-8744310  5 3552
 440000000. 1.22362E-8 480000000. 1.06903E-8 520000000. 1.16384E-8744310  5 3553
 560000000. 1.77050E-8 600000000. 2.04628E-8 640000000. 1.96809E-8744310  5 3554
 680000000. 1.89211E-8 720000000. 2.66493E-8 760000000. 3.28592E-8744310  5 3555
 800000000. 2.25661E-8 840000000. 1.39033E-8 880000000. 1.30484E-8744310  5 3556
 920000000. 2.00216E-8 960000000. 4.01295E-8 1.00000E+9 0.0       744310  5 3557
 0.0        0.0             51117          0          1         18744310  5 3558
         18          1                                            744310  5 3559
 320000000. 9.16811E-9 360000000. 1.16557E-8 400000000. 1.53606E-8744310  5 3560
 440000000. 1.39035E-8 480000000. 1.31202E-8 520000000. 1.33299E-8744310  5 3561
 560000000. 1.76912E-8 600000000. 2.38727E-8 640000000. 1.54639E-8744310  5 3562
 680000000. 8.59486E-9 720000000. 1.37532E-8 760000000. 2.07250E-8744310  5 3563
 800000000. 2.33777E-8 840000000. 2.51681E-8 880000000. 2.95590E-8744310  5 3564
 920000000. 2.53355E-8 960000000. 2.18251E-8 1.00000E+9 0.0       744310  5 3565
 0.0        0.0             51118          0          1         17744310  5 3566
         17          1                                            744310  5 3567
 360000000. 1.04349E-8 400000000. 9.74525E-9 440000000. 9.76593E-9744310  5 3568
 480000000. 1.31372E-8 520000000. 1.16651E-8 560000000. 1.01198E-8744310  5 3569
 600000000. 1.10839E-8 640000000. 1.36701E-8 680000000. 1.97501E-8744310  5 3570
 720000000. 2.24148E-8 760000000. 2.07496E-8 800000000. 1.64710E-8744310  5 3571
 840000000. 1.90595E-8 880000000. 1.91735E-8 920000000. 1.65563E-8744310  5 3572
 960000000. 1.48846E-8 1.00000E+9 0.0                             744310  5 3573
 0.0        0.0             51119          0          1         18744310  5 3574
         18          1                                            744310  5 3575
 320000000. 9.55941E-9 360000000. 9.62930E-9 400000000. 9.70936E-9744310  5 3576
 440000000. 1.05877E-8 480000000. 1.15191E-8 520000000. 1.16591E-8744310  5 3577
 560000000. 1.18140E-8 600000000. 1.44621E-8 640000000. 1.71196E-8744310  5 3578
 680000000. 1.59021E-8 720000000. 1.33614E-8 760000000. 1.63829E-8744310  5 3579
 800000000. 1.64850E-8 840000000. 1.38764E-8 880000000. 1.65234E-8744310  5 3580
 920000000. 1.31058E-8 960000000. 1.13471E-8 1.00000E+9 0.0       744310  5 3581
 0.0        0.0             51120          0          1         20744310  5 3582
         20          1                                            744310  5 3583
 240000000. 8.18826E-9 280000000. 8.61649E-9 320000000. 9.04455E-9744310  5 3584
 360000000. 9.47250E-9 400000000. 8.92239E-9 440000000. 8.16203E-9744310  5 3585
 480000000. 8.22707E-9 520000000. 8.31926E-9 560000000. 8.55389E-9744310  5 3586
 600000000. 8.90584E-9 640000000. 9.25777E-9 680000000. 9.60969E-9744310  5 3587
 720000000. 9.96160E-9 760000000. 1.03135E-8 800000000. 1.06654E-8744310  5 3588
 840000000. 1.10173E-8 880000000. 1.13692E-8 920000000. 1.17210E-8744310  5 3589
 960000000. 1.20729E-8 1.00000E+9 0.0                             744310  5 3590
 0.0        0.0             51121          0          1         21744310  5 3591
         21          1                                            744310  5 3592
 200000000. 9.62909E-9 240000000. 9.68923E-9 280000000. 9.74933E-9744310  5 3593
 320000000. 9.80941E-9 360000000. 9.86947E-9 400000000. 9.92952E-9744310  5 3594
 440000000. 9.98956E-9 480000000. 1.00496E-8 520000000. 1.01096E-8744310  5 3595
 560000000. 1.01697E-8 600000000. 1.02000E-8 640000000. 1.02000E-8744310  5 3596
 680000000. 1.02000E-8 720000000. 1.02000E-8 760000000. 1.02000E-8744310  5 3597
 800000000. 1.02000E-8 840000000. 1.02000E-8 880000000. 1.02000E-8744310  5 3598
 920000000. 1.02000E-8 960000000. 1.02000E-8 1.00000E+9 0.0       744310  5 3599
 0.0        0.0             52114          0          1          3744310  5 3600
          3          1                                            744310  5 3601
 920000000. 1.04526E-8 960000000. 1.22200E-8 1.00000E+9 0.0       744310  5 3602
 0.0        0.0             52115          0          1          7744310  5 3603
          7          1                                            744310  5 3604
 760000000. 1.12521E-8 800000000. 1.03808E-8 840000000. 1.15761E-8744310  5 3605
 880000000. 1.04392E-8 920000000. 9.30236E-9 960000000. 1.56923E-8744310  5 3606
 1.00000E+9 0.0                                                   744310  5 3607
 0.0        0.0             52116          0          1         11744310  5 3608
         11          1                                            744310  5 3609
 600000000. 1.10523E-8 640000000. 1.11457E-8 680000000. 1.28588E-8744310  5 3610
 720000000. 1.68112E-8 760000000. 1.59860E-8 800000000. 1.81687E-8744310  5 3611
 840000000. 1.56602E-8 880000000. 1.64947E-8 920000000. 2.35436E-8744310  5 3612
 960000000. 2.88201E-8 1.00000E+9 0.0                             744310  5 3613
 0.0        0.0             52117          0          1         15744310  5 3614
         15          1                                            744310  5 3615
 440000000. 1.00149E-8 480000000. 1.05527E-8 520000000. 1.10904E-8744310  5 3616
 560000000. 1.16282E-8 600000000. 1.19297E-8 640000000. 1.11384E-8744310  5 3617
 680000000. 1.62874E-8 720000000. 1.64292E-8 760000000. 1.72308E-8744310  5 3618
 800000000. 2.94075E-8 840000000. 2.52338E-8 880000000. 2.25782E-8744310  5 3619
 920000000. 2.44519E-8 960000000. 3.14015E-8 1.00000E+9 0.0       744310  5 3620
 0.0        0.0             52118          0          1         16744310  5 3621
         16          1                                            744310  5 3622
 400000000. 1.10809E-8 440000000. 1.39095E-8 480000000. 1.67378E-8744310  5 3623
 520000000. 1.74614E-8 560000000. 1.60257E-8 600000000. 1.87178E-8744310  5 3624
 640000000. 2.05618E-8 680000000. 1.72061E-8 720000000. 1.38054E-8744310  5 3625
 760000000. 1.63829E-8 800000000. 2.07848E-8 840000000. 1.82450E-8744310  5 3626
 880000000. 1.73870E-8 920000000. 3.30557E-8 960000000. 4.28544E-8744310  5 3627
 1.00000E+9 0.0                                                   744310  5 3628
 0.0        0.0             52119          0          1         17744310  5 3629
         17          1                                            744310  5 3630
 360000000. 9.63912E-9 400000000. 1.05216E-8 440000000. 9.80320E-9744310  5 3631
 480000000. 9.47006E-9 520000000. 1.20864E-8 560000000. 1.35039E-8744310  5 3632
 600000000. 1.61671E-8 640000000. 1.71319E-8 680000000. 2.05855E-8744310  5 3633
 720000000. 2.41503E-8 760000000. 2.07496E-8 800000000. 1.73339E-8744310  5 3634
 840000000. 1.56249E-8 880000000. 1.73870E-8 920000000. 2.43877E-8744310  5 3635
 960000000. 2.62436E-8 1.00000E+9 0.0                             744310  5 3636
 0.0        0.0             52120          0          1         18744310  5 3637
         18          1                                            744310  5 3638
 320000000. 9.55941E-9 360000000. 1.04349E-8 400000000. 1.08097E-8744310  5 3639
 440000000. 9.79237E-9 480000000. 8.77511E-9 520000000. 9.14888E-9744310  5 3640
 560000000. 1.18096E-8 600000000. 1.61671E-8 640000000. 1.71319E-8744310  5 3641
 680000000. 1.37611E-8 720000000. 1.37743E-8 760000000. 1.64074E-8744310  5 3642
 800000000. 2.07616E-8 840000000. 2.17200E-8 880000000. 1.56856E-8744310  5 3643
 920000000. 1.82816E-8 960000000. 2.36058E-8 1.00000E+9 0.0       744310  5 3644
 0.0        0.0             52121          0          1         17744310  5 3645
         17          1                                            744310  5 3646
 360000000. 8.56490E-9 400000000. 9.71587E-9 440000000. 1.08667E-8744310  5 3647
 480000000. 9.87628E-9 520000000. 8.31926E-9 560000000. 8.43931E-9744310  5 3648
 600000000. 9.79344E-9 640000000. 1.24093E-8 680000000. 1.11944E-8744310  5 3649
 720000000. 1.03294E-8 760000000. 1.38101E-8 800000000. 1.47236E-8744310  5 3650
 840000000. 1.30166E-8 880000000. 1.13097E-8 920000000. 1.21975E-8744310  5 3651
 960000000. 1.65920E-8 1.00000E+9 0.0                             744310  5 3652
 0.0        0.0             52122          0          1         19744310  5 3653
         19          1                                            744310  5 3654
 280000000. 7.97249E-9 320000000. 8.01855E-9 360000000. 8.06460E-9744310  5 3655
 400000000. 8.11063E-9 440000000. 8.15667E-9 480000000. 8.51218E-9744310  5 3656
 520000000. 9.18584E-9 560000000. 9.85946E-9 600000000. 1.02165E-8744310  5 3657
 640000000. 1.02498E-8 680000000. 1.02832E-8 720000000. 1.03165E-8744310  5 3658
 760000000. 1.03499E-8 800000000. 1.03832E-8 840000000. 9.55163E-9744310  5 3659
 880000000. 1.30227E-8 920000000. 1.74399E-8 960000000. 1.74799E-8744310  5 3660
 1.00000E+9 0.0                                                   744310  5 3661
 0.0        0.0             52123          0          1         11744310  5 3662
         11          1                                            744310  5 3663
 600000000. 1.04325E-8 640000000. 1.09026E-8 680000000. 1.13728E-8744310  5 3664
 720000000. 1.18429E-8 760000000. 1.20800E-8 800000000. 1.20800E-8744310  5 3665
 840000000. 1.20800E-8 880000000. 1.20800E-8 920000000. 1.20800E-8744310  5 3666
 960000000. 1.20800E-8 1.00000E+9 0.0                             744310  5 3667
 0.0        0.0             53116          0          1          5744310  5 3668
          5          1                                            744310  5 3669
 840000000. 8.67992E-9 880000000. 8.69993E-9 920000000. 8.71993E-9744310  5 3670
 960000000. 8.73000E-9 1.00000E+9 0.0                             744310  5 3671
 0.0        0.0             53117          0          1         11744310  5 3672
         11          1                                            744310  5 3673
 600000000. 8.51814E-9 640000000. 8.55481E-9 680000000. 8.59149E-9744310  5 3674
 720000000. 8.61991E-9 760000000. 8.63991E-9 800000000. 9.23686E-9744310  5 3675
 840000000. 1.04204E-8 880000000. 1.16040E-8 920000000. 1.39475E-8744310  5 3676
 960000000. 1.57349E-8 1.00000E+9 0.0                             744310  5 3677
 0.0        0.0             53118          0          1         13744310  5 3678
         13          1                                            744310  5 3679
 520000000. 8.71370E-9 560000000. 9.63284E-9 600000000. 1.05519E-8744310  5 3680
 640000000. 1.14710E-8 680000000. 1.23900E-8 720000000. 1.33090E-8744310  5 3681
 760000000. 1.42279E-8 800000000. 1.51469E-8 840000000. 1.82146E-8744310  5 3682
 880000000. 2.04506E-8 920000000. 1.96254E-8 960000000. 2.44441E-8744310  5 3683
 1.00000E+9 0.0                                                   744310  5 3684
 0.0        0.0             53119          0          1         12744310  5 3685
         12          1                                            744310  5 3686
 560000000. 1.26681E-8 600000000. 1.02214E-8 640000000. 1.02648E-8744310  5 3687
 680000000. 1.03081E-8 720000000. 1.29066E-8 760000000. 1.38346E-8744310  5 3688
 800000000. 1.29828E-8 840000000. 1.38849E-8 880000000. 2.25653E-8744310  5 3689
 920000000. 3.31274E-8 960000000. 4.27861E-8 1.00000E+9 0.0       744310  5 3690
 0.0        0.0             53120          0          1         18744310  5 3691
         18          1                                            744310  5 3692
 320000000. 7.98039E-9 360000000. 8.04246E-9 400000000. 8.10451E-9744310  5 3693
 440000000. 8.16655E-9 480000000. 8.22859E-9 520000000. 9.14888E-9744310  5 3694
 560000000. 1.05295E-8 600000000. 1.14799E-8 640000000. 1.19847E-8744310  5 3695
 680000000. 1.37384E-8 720000000. 1.46626E-8 760000000. 1.46825E-8744310  5 3696
 800000000. 2.07476E-8 840000000. 2.00019E-8 880000000. 2.25653E-8744310  5 3697
 920000000. 3.83302E-8 960000000. 4.80618E-8 1.00000E+9 0.0       744310  5 3698
 0.0        0.0             53121          0          1         15744310  5 3699
         15          1                                            744310  5 3700
 440000000. 8.16203E-9 480000000. 8.22707E-9 520000000. 9.15876E-9744310  5 3701
 560000000. 1.09795E-8 600000000. 1.23526E-8 640000000. 1.32679E-8744310  5 3702
 680000000. 1.11944E-8 720000000. 1.37532E-8 760000000. 1.90098E-8744310  5 3703
 800000000. 1.90548E-8 840000000. 2.08264E-8 880000000. 2.43519E-8744310  5 3704
 920000000. 2.70286E-8 960000000. 4.27486E-8 1.00000E+9 0.0       744310  5 3705
 0.0        0.0             53122          0          1         15744310  5 3706
         15          1                                            744310  5 3707
 440000000. 8.97638E-9 480000000. 9.84746E-9 520000000. 1.16440E-8744310  5 3708
 560000000. 1.17868E-8 600000000. 1.19019E-8 640000000. 1.24104E-8744310  5 3709
 680000000. 1.33207E-8 720000000. 1.37949E-8 760000000. 1.29673E-8744310  5 3710
 800000000. 1.12620E-8 840000000. 1.38629E-8 880000000. 2.17226E-8744310  5 3711
 920000000. 3.22314E-8 960000000. 4.10718E-8 1.00000E+9 0.0       744310  5 3712
 0.0        0.0             53123          0          1         16744310  5 3713
         16          1                                            744310  5 3714
 400000000. 8.10460E-9 440000000. 8.15464E-9 480000000. 8.22440E-9744310  5 3715
 520000000. 8.31444E-9 560000000. 8.40448E-9 600000000. 8.49452E-9744310  5 3716
 640000000. 1.19551E-8 680000000. 1.46179E-8 720000000. 1.37949E-8744310  5 3717
 760000000. 1.21097E-8 800000000. 1.55526E-8 840000000. 2.08348E-8744310  5 3718
 880000000. 1.82892E-8 920000000. 1.96069E-8 960000000. 2.75181E-8744310  5 3719
 1.00000E+9 0.0                                                   744310  5 3720
 0.0        0.0             53124          0          1         12744310  5 3721
         12          1                                            744310  5 3722
 560000000. 9.81617E-9 600000000. 9.32265E-9 640000000. 8.82916E-9744310  5 3723
 680000000. 8.59238E-9 720000000. 8.61739E-9 760000000. 9.50372E-9744310  5 3724
 800000000. 1.12666E-8 840000000. 1.30294E-8 880000000. 1.47922E-8744310  5 3725
 920000000. 1.30984E-8 960000000. 1.13590E-8 1.00000E+9 0.0       744310  5 3726
 0.0        0.0             53125          0          1          6744310  5 3727
          6          1                                            744310  5 3728
 800000000. 1.21239E-8 840000000. 1.21519E-8 880000000. 1.21799E-8744310  5 3729
 920000000. 1.22079E-8 960000000. 1.22359E-8 1.00000E+9 0.0       744310  5 3730
 0.0        0.0             53126          0          1          2744310  5 3731
          2          1                                            744310  5 3732
 960000000. 1.04800E-8 1.00000E+9 0.0                             744310  5 3733
 0.0        0.0             54119          0          1          5744310  5 3734
          5          1                                            744310  5 3735
 840000000. 8.67992E-9 880000000. 8.69993E-9 920000000. 2.08582E-8744310  5 3736
 960000000. 2.97386E-8 1.00000E+9 0.0                             744310  5 3737
 0.0        0.0             54120          0          1          4744310  5 3738
          4          1                                            744310  5 3739
 880000000. 1.99826E-8 920000000. 2.26822E-8 960000000. 2.79272E-8744310  5 3740
 1.00000E+9 0.0                                                   744310  5 3741
 0.0        0.0             54121          0          1         13744310  5 3742
         13          1                                            744310  5 3743
 520000000. 9.98964E-9 560000000. 1.09526E-8 600000000. 1.61595E-8744310  5 3744
 640000000. 1.75502E-8 680000000. 1.50444E-8 720000000. 1.46471E-8744310  5 3745
 760000000. 1.38346E-8 800000000. 1.81455E-8 840000000. 2.17200E-8744310  5 3746
 880000000. 2.95174E-8 920000000. 4.09835E-8 960000000. 5.58644E-8744310  5 3747
 1.00000E+9 0.0                                                   744310  5 3748
 0.0        0.0             54122          0          1          9744310  5 3749
          9          1                                            744310  5 3750
 680000000. 1.02985E-8 720000000. 1.29221E-8 760000000. 1.98281E-8744310  5 3751
 800000000. 2.08220E-8 840000000. 2.16627E-8 880000000. 3.21675E-8744310  5 3752
 920000000. 3.83623E-8 960000000. 6.54120E-8 1.00000E+9 0.0       744310  5 3753
 0.0        0.0             54123          0          1         16744310  5 3754
         16          1                                            744310  5 3755
 400000000. 1.10804E-8 440000000. 1.06134E-8 480000000. 1.01464E-8744310  5 3756
 520000000. 9.98407E-9 560000000. 1.09497E-8 600000000. 1.27503E-8744310  5 3757
 640000000. 1.24103E-8 680000000. 9.88453E-9 720000000. 1.28960E-8744310  5 3758
 760000000. 1.64222E-8 800000000. 2.33264E-8 840000000. 3.12497E-8744310  5 3759
 880000000. 3.99702E-8 920000000. 5.75077E-8 960000000. 7.07797E-8744310  5 3760
 1.00000E+9 0.0                                                   744310  5 3761
 0.0        0.0             54124          0          1         17744310  5 3762
         17          1                                            744310  5 3763
 360000000. 8.23456E-9 400000000. 8.71246E-9 440000000. 9.19029E-9744310  5 3764
 480000000. 9.66807E-9 520000000. 9.98160E-9 560000000. 1.01267E-8744310  5 3765
 600000000. 1.02247E-8 640000000. 9.42344E-9 680000000. 9.44666E-9744310  5 3766
 720000000. 1.24854E-8 760000000. 1.68364E-8 800000000. 2.59334E-8744310  5 3767
 840000000. 4.07491E-8 880000000. 4.95881E-8 920000000. 4.97108E-8744310  5 3768
 960000000. 6.28543E-8 1.00000E+9 0.0                             744310  5 3769
 0.0        0.0             54125          0          1         12744310  5 3770
         12          1                                            744310  5 3771
 560000000. 1.22065E-8 600000000. 9.77060E-9 640000000. 1.19551E-8744310  5 3772
 680000000. 1.29093E-8 720000000. 1.20543E-8 760000000. 1.89705E-8744310  5 3773
 800000000. 2.25289E-8 840000000. 2.34196E-8 880000000. 2.43727E-8744310  5 3774
 920000000. 2.78777E-8 960000000. 4.79935E-8 1.00000E+9 0.0       744310  5 3775
 0.0        0.0             54126          0          1          6744310  5 3776
          6          1                                            744310  5 3777
 800000000. 1.12388E-8 840000000. 1.56114E-8 880000000. 1.99955E-8744310  5 3778
 920000000. 2.96103E-8 960000000. 3.49716E-8 1.00000E+9 0.0       744310  5 3779
 0.0        0.0             54127          0          1         12744310  5 3780
         12          1                                            744310  5 3781
 560000000. 1.02972E-8 600000000. 1.07774E-8 640000000. 1.12576E-8744310  5 3782
 680000000. 1.17377E-8 720000000. 1.22178E-8 760000000. 1.26979E-8744310  5 3783
 800000000. 1.31780E-8 840000000. 1.36581E-8 880000000. 1.30563E-8744310  5 3784
 920000000. 1.48113E-8 960000000. 2.00870E-8 1.00000E+9 0.0       744310  5 3785
 0.0        0.0             54128          0          1          7744310  5 3786
          7          1                                            744310  5 3787
 760000000. 1.12127E-8 800000000. 1.25630E-8 840000000. 9.98748E-9744310  5 3788
 880000000. 8.69993E-9 920000000. 8.71993E-9 960000000. 8.73993E-9744310  5 3789
 1.00000E+9 0.0                                                   744310  5 3790
 0.0        0.0             55121          0          1          4744310  5 3791
          4          1                                            744310  5 3792
 880000000. 1.30356E-8 920000000. 1.91651E-8 960000000. 2.09867E-8744310  5 3793
 1.00000E+9 0.0                                                   744310  5 3794
 0.0        0.0             55122          0          1          6744310  5 3795
          6          1                                            744310  5 3796
 800000000. 1.21249E-8 840000000. 1.56029E-8 880000000. 2.08719E-8744310  5 3797
 920000000. 3.56769E-8 960000000. 5.50329E-8 1.00000E+9 0.0       744310  5 3798
 0.0        0.0             55123          0          1          6744310  5 3799
          6          1                                            744310  5 3800
 800000000. 2.16105E-8 840000000. 2.77798E-8 880000000. 3.38946E-8744310  5 3801
 920000000. 5.91884E-8 960000000. 9.17051E-8 1.00000E+9 0.0       744310  5 3802
 0.0        0.0             55124          0          1          9744310  5 3803
          9          1                                            744310  5 3804
 680000000. 1.20234E-8 720000000. 1.46471E-8 760000000. 1.64074E-8744310  5 3805
 800000000. 2.07616E-8 840000000. 2.94794E-8 880000000. 5.81455E-8744310  5 3806
 920000000. 9.06424E-8 960000000. 1.18768E-7 1.00000E+9 0.0       744310  5 3807
 0.0        0.0             55125          0          1         11744310  5 3808
         11          1                                            744310  5 3809
 600000000. 1.02247E-8 640000000. 1.02747E-8 680000000. 1.37270E-8744310  5 3810
 720000000. 1.46732E-8 760000000. 1.72405E-8 800000000. 2.50986E-8744310  5 3811
 840000000. 3.98505E-8 880000000. 6.43092E-8 920000000. 9.58181E-8744310  5 3812
 960000000. 1.23201E-7 1.00000E+9 0.0                             744310  5 3813
 0.0        0.0             55126          0          1         11744310  5 3814
         11          1                                            744310  5 3815
 600000000. 9.79936E-9 640000000. 8.98909E-9 680000000. 1.11552E-8744310  5 3816
 720000000. 1.46471E-8 760000000. 1.55498E-8 800000000. 2.93471E-8744310  5 3817
 840000000. 4.33996E-8 880000000. 6.42547E-8 920000000. 8.46005E-8744310  5 3818
 960000000. 1.23895E-7 1.00000E+9 0.0                             744310  5 3819
 0.0        0.0             55127          0          1         10744310  5 3820
         10          1                                            744310  5 3821
 640000000. 1.14065E-8 680000000. 1.37439E-8 720000000. 1.60811E-8744310  5 3822
 760000000. 2.24255E-8 800000000. 2.59938E-8 840000000. 3.03426E-8744310  5 3823
 880000000. 4.69172E-8 920000000. 6.36262E-8 960000000. 8.20961E-8744310  5 3824
 1.00000E+9 0.0                                                   744310  5 3825
 0.0        0.0             55128          0          1         15744310  5 3826
         15          1                                            744310  5 3827
 440000000. 8.40594E-9 480000000. 8.96627E-9 520000000. 9.52654E-9744310  5 3828
 560000000. 1.00868E-8 600000000. 1.06470E-8 640000000. 1.12072E-8744310  5 3829
 680000000. 1.17673E-8 720000000. 1.20649E-8 760000000. 1.46677E-8744310  5 3830
 800000000. 2.24825E-8 840000000. 2.95063E-8 880000000. 4.08338E-8744310  5 3831
 920000000. 5.05796E-8 960000000. 6.11282E-8 1.00000E+9 0.0       744310  5 3832
 0.0        0.0             55129          0          1          8744310  5 3833
          8          1                                            744310  5 3834
 720000000. 1.29066E-8 760000000. 1.42585E-8 800000000. 1.16929E-8744310  5 3835
 840000000. 1.38629E-8 880000000. 2.25911E-8 920000000. 3.22438E-8744310  5 3836
 960000000. 4.54052E-8 1.00000E+9 0.0                             744310  5 3837
 0.0        0.0             55130          0          1          6744310  5 3838
          6          1                                            744310  5 3839
 800000000. 8.65992E-9 840000000. 1.04089E-8 880000000. 1.39145E-8744310  5 3840
 920000000. 2.08977E-8 960000000. 2.62198E-8 1.00000E+9 0.0       744310  5 3841
 0.0        0.0             55131          0          1          4744310  5 3842
          4          1                                            744310  5 3843
 880000000. 1.13101E-8 920000000. 1.30837E-8 960000000. 1.48573E-8744310  5 3844
 1.00000E+9 0.0                                                   744310  5 3845
 0.0        0.0             56122          0          1          5744310  5 3846
          5          1                                            744310  5 3847
 840000000. 8.89698E-9 880000000. 9.35456E-9 920000000. 9.81213E-9744310  5 3848
 960000000. 1.02697E-8 1.00000E+9 0.0                             744310  5 3849
 0.0        0.0             56123          0          1          3744310  5 3850
          3          1                                            744310  5 3851
 920000000. 1.47989E-8 960000000. 4.26991E-8 1.00000E+9 0.0       744310  5 3852
 0.0        0.0             56124          0          1          6744310  5 3853
          6          1                                            744310  5 3854
 800000000. 1.72735E-8 840000000. 2.94794E-8 880000000. 4.69044E-8744310  5 3855
 920000000. 6.45023E-8 960000000. 9.60009E-8 1.00000E+9 0.0       744310  5 3856
 0.0        0.0             56125          0          1          8744310  5 3857
          8          1                                            744310  5 3858
 720000000. 1.20388E-8 760000000. 1.64074E-8 800000000. 2.50614E-8744310  5 3859
 840000000. 3.55745E-8 880000000. 6.07669E-8 920000000. 1.14931E-7744310  5 3860
 960000000. 1.47718E-7 1.00000E+9 0.0                             744310  5 3861
 0.0        0.0             56126          0          1          8744310  5 3862
          8          1                                            744310  5 3863
 720000000. 1.71982E-8 760000000. 3.10408E-8 800000000. 4.41344E-8744310  5 3864
 840000000. 6.49915E-8 880000000. 9.21618E-8 920000000. 1.37581E-7744310  5 3865
 960000000. 1.99145E-7 1.00000E+9 0.0                             744310  5 3866
 0.0        0.0             56127          0          1         13744310  5 3867
         13          1                                            744310  5 3868
 520000000. 8.29951E-9 560000000. 8.37954E-9 600000000. 8.45957E-9744310  5 3869
 640000000. 8.53960E-9 680000000. 9.44666E-9 720000000. 1.67714E-8744310  5 3870
 760000000. 2.97744E-8 800000000. 4.92739E-8 840000000. 6.94005E-8744310  5 3871
 880000000. 1.04238E-7 920000000. 1.75904E-7 960000000. 2.27226E-7744310  5 3872
 1.00000E+9 0.0                                                   744310  5 3873
 0.0        0.0             56128          0          1         17744310  5 3874
         17          1                                            744310  5 3875
 360000000. 8.20238E-9 400000000. 8.61473E-9 440000000. 9.02701E-9744310  5 3876
 480000000. 9.43925E-9 520000000. 9.85146E-9 560000000. 9.68437E-9744310  5 3877
 600000000. 8.92409E-9 640000000. 1.15419E-8 680000000. 1.76086E-8744310  5 3878
 720000000. 2.24042E-8 760000000. 2.76252E-8 800000000. 4.75158E-8744310  5 3879
 840000000. 8.32062E-8 880000000. 1.31201E-7 920000000. 1.73466E-7744310  5 3880
 960000000. 2.08785E-7 1.00000E+9 0.0                             744310  5 3881
 0.0        0.0             56129          0          1         13744310  5 3882
         13          1                                            744310  5 3883
 520000000. 1.16156E-8 560000000. 1.17281E-8 600000000. 1.18406E-8744310  5 3884
 640000000. 1.19532E-8 680000000. 1.71506E-8 720000000. 2.58337E-8744310  5 3885
 760000000. 3.19475E-8 800000000. 5.44225E-8 840000000. 8.41402E-8744310  5 3886
 880000000. 1.06074E-7 920000000. 1.51549E-7 960000000. 1.97475E-7744310  5 3887
 1.00000E+9 0.0                                                   744310  5 3888
 0.0        0.0             56130          0          1         10744310  5 3889
         10          1                                            744310  5 3890
 640000000. 9.42344E-9 680000000. 1.11552E-8 720000000. 1.72138E-8744310  5 3891
 760000000. 3.27413E-8 800000000. 4.76134E-8 840000000. 5.55191E-8744310  5 3892
 880000000. 7.30091E-8 920000000. 1.02805E-7 960000000. 1.31927E-7744310  5 3893
 1.00000E+9 0.0                                                   744310  5 3894
 0.0        0.0             56131          0          1         13744310  5 3895
         13          1                                            744310  5 3896
 520000000. 9.56185E-9 560000000. 8.85655E-9 600000000. 9.08530E-9744310  5 3897
 640000000. 1.02690E-8 680000000. 1.14527E-8 720000000. 1.37743E-8744310  5 3898
 760000000. 2.24107E-8 800000000. 3.03027E-8 840000000. 3.46977E-8744310  5 3899
 880000000. 5.38485E-8 920000000. 7.15021E-8 960000000. 8.03768E-8744310  5 3900
 1.00000E+9 0.0                                                   744310  5 3901
 0.0        0.0             56132          0          1          8744310  5 3902
          8          1                                            744310  5 3903
 720000000. 1.20649E-8 760000000. 1.20949E-8 800000000. 1.64246E-8744310  5 3904
 840000000. 3.03207E-8 880000000. 4.26203E-8 920000000. 4.62184E-8744310  5 3905
 960000000. 5.85022E-8 1.00000E+9 0.0                             744310  5 3906
 0.0        0.0             56133          0          1          6744310  5 3907
          6          1                                            744310  5 3908
 800000000. 1.03808E-8 840000000. 1.38764E-8 880000000. 1.82555E-8744310  5 3909
 920000000. 2.35313E-8 960000000. 2.70888E-8 1.00000E+9 0.0       744310  5 3910
 0.0        0.0             56134          0          1          6744310  5 3911
          6          1                                            744310  5 3912
 800000000. 1.27002E-8 840000000. 1.38904E-8 880000000. 1.50806E-8744310  5 3913
 920000000. 1.30984E-8 960000000. 1.04899E-8 1.00000E+9 0.0       744310  5 3914
 0.0        0.0             57124          0          1          2744310  5 3915
          2          1                                            744310  5 3916
 960000000. 0.0        1.00000E+9 0.0                             744310  5 3917
 0.0        0.0             57125          0          1          5744310  5 3918
          5          1                                            744310  5 3919
 840000000. 1.56029E-8 880000000. 1.82763E-8 920000000. 2.17739E-8744310  5 3920
 960000000. 4.36057E-8 1.00000E+9 0.0                             744310  5 3921
 0.0        0.0             57126          0          1          6744310  5 3922
          6          1                                            744310  5 3923
 800000000. 1.98664E-8 840000000. 3.46759E-8 880000000. 4.78144E-8744310  5 3924
 920000000. 8.35440E-8 960000000. 1.30146E-7 1.00000E+9 0.0       744310  5 3925
 0.0        0.0             57127          0          1          8744310  5 3926
          8          1                                            744310  5 3927
 720000000. 1.97804E-8 760000000. 2.59197E-8 800000000. 4.05999E-8744310  5 3928
 840000000. 7.19365E-8 880000000. 1.03445E-7 920000000. 1.57615E-7744310  5 3929
 960000000. 2.27096E-7 1.00000E+9 0.0                             744310  5 3930
 0.0        0.0             57128          0          1          9744310  5 3931
          9          1                                            744310  5 3932
 680000000. 1.62710E-8 720000000. 2.24253E-8 760000000. 2.41652E-8744310  5 3933
 800000000. 5.78130E-8 840000000. 1.04063E-7 880000000. 1.65897E-7744310  5 3934
 920000000. 2.05858E-7 960000000. 3.14892E-7 1.00000E+9 0.0       744310  5 3935
 0.0        0.0             57129          0          1         10744310  5 3936
         10          1                                            744310  5 3937
 640000000. 1.28188E-8 680000000. 2.05855E-8 720000000. 3.27025E-8744310  5 3938
 760000000. 6.37625E-8 800000000. 1.13280E-7 840000000. 1.63893E-7744310  5 3939
 880000000. 2.31179E-7 920000000. 3.24987E-7 960000000. 4.09767E-7744310  5 3940
 1.00000E+9 0.0                                                   744310  5 3941
 0.0        0.0             57130          0          1         10744310  5 3942
         10          1                                            744310  5 3943
 640000000. 1.62067E-8 680000000. 3.60098E-8 720000000. 5.59745E-8744310  5 3944
 760000000. 8.10965E-8 800000000. 1.18512E-7 840000000. 1.56134E-7744310  5 3945
 880000000. 2.31946E-7 920000000. 3.21621E-7 960000000. 4.23535E-7744310  5 3946
 1.00000E+9 0.0                                                   744310  5 3947
 0.0        0.0             57131          0          1         10744310  5 3948
         10          1                                            744310  5 3949
 640000000. 1.70704E-8 680000000. 3.43012E-8 720000000. 6.19290E-8744310  5 3950
 760000000. 9.23583E-8 800000000. 1.15979E-7 840000000. 1.71574E-7744310  5 3951
 880000000. 2.52968E-7 920000000. 3.38086E-7 960000000. 4.01138E-7744310  5 3952
 1.00000E+9 0.0                                                   744310  5 3953
 0.0        0.0             57132          0          1         11744310  5 3954
         11          1                                            744310  5 3955
 600000000. 1.10523E-8 640000000. 2.13366E-8 680000000. 2.75159E-8744310  5 3956
 720000000. 3.35597E-8 760000000. 8.09294E-8 800000000. 1.11786E-7744310  5 3957
 840000000. 1.23122E-7 880000000. 1.69507E-7 920000000. 2.25692E-7744310  5 3958
 960000000. 2.74364E-7 1.00000E+9 0.0                             744310  5 3959
 0.0        0.0             57133          0          1         11744310  5 3960
         11          1                                            744310  5 3961
 600000000. 9.36559E-9 640000000. 1.11211E-8 680000000. 2.31182E-8744310  5 3962
 720000000. 4.30319E-8 760000000. 5.18395E-8 800000000. 7.51792E-8744310  5 3963
 840000000. 1.00681E-7 880000000. 1.19960E-7 920000000. 1.49058E-7744310  5 3964
 960000000. 1.85167E-7 1.00000E+9 0.0                             744310  5 3965
 0.0        0.0             57134          0          1         10744310  5 3966
         10          1                                            744310  5 3967
 640000000. 1.45214E-8 680000000. 1.89097E-8 720000000. 2.83693E-8744310  5 3968
 760000000. 3.88722E-8 800000000. 4.24185E-8 840000000. 5.63520E-8744310  5 3969
 880000000. 8.08376E-8 920000000. 1.07191E-7 960000000. 1.11065E-7744310  5 3970
 1.00000E+9 0.0                                                   744310  5 3971
 0.0        0.0             57135          0          1          9744310  5 3972
          9          1                                            744310  5 3973
 680000000. 1.20070E-8 720000000. 1.55149E-8 760000000. 1.72650E-8744310  5 3974
 800000000. 2.16337E-8 840000000. 3.12059E-8 880000000. 4.69301E-8744310  5 3975
 920000000. 5.84160E-8 960000000. 5.94514E-8 1.00000E+9 0.0       744310  5 3976
 0.0        0.0             57136          0          1          8744310  5 3977
          8          1                                            744310  5 3978
 720000000. 1.11971E-8 760000000. 1.12373E-8 800000000. 1.21108E-8744310  5 3979
 840000000. 1.64746E-8 880000000. 1.91399E-8 920000000. 2.09174E-8744310  5 3980
 960000000. 2.96772E-8 1.00000E+9 0.0                             744310  5 3981
 0.0        0.0             57137          0          1          9744310  5 3982
          9          1                                            744310  5 3983
 680000000. 9.88648E-9 720000000. 9.05126E-9 760000000. 9.78835E-9744310  5 3984
 800000000. 1.21255E-8 840000000. 1.44626E-8 880000000. 1.47963E-8744310  5 3985
 920000000. 1.39549E-8 960000000. 1.91992E-8 1.00000E+9 0.0       744310  5 3986
 0.0        0.0             58126          0          1          3744310  5 3987
          3          1                                            744310  5 3988
 920000000. 8.71993E-9 960000000. 1.22161E-8 1.00000E+9 0.0       744310  5 3989
 0.0        0.0             58127          0          1          6744310  5 3990
          6          1                                            744310  5 3991
 800000000. 1.12528E-8 840000000. 1.30132E-8 880000000. 1.65105E-8744310  5 3992
 920000000. 3.47884E-8 960000000. 6.11282E-8 1.00000E+9 0.0       744310  5 3993
 0.0        0.0             58128          0          1          7744310  5 3994
          7          1                                            744310  5 3995
 760000000. 1.55155E-8 800000000. 2.76634E-8 840000000. 4.76536E-8744310  5 3996
 880000000. 7.73318E-8 920000000. 1.01120E-7 960000000. 1.47496E-7744310  5 3997
 1.00000E+9 0.0                                                   744310  5 3998
 0.0        0.0             58129          0          1          8744310  5 3999
          8          1                                            744310  5 4000
 720000000. 2.06637E-8 760000000. 3.87741E-8 800000000. 6.57308E-8744310  5 4001
 840000000. 1.05714E-7 880000000. 1.82407E-7 920000000. 2.45844E-7744310  5 4002
 960000000. 3.41309E-7 1.00000E+9 0.0                             744310  5 4003
 0.0        0.0             58130          0          1          9744310  5 4004
          9          1                                            744310  5 4005
 680000000. 1.88706E-8 720000000. 3.95347E-8 760000000. 8.27478E-8744310  5 4006
 800000000. 1.42673E-7 840000000. 1.94315E-7 880000000. 2.64189E-7744310  5 4007
 920000000. 3.81582E-7 960000000. 5.39672E-7 1.00000E+9 0.0       744310  5 4008
 0.0        0.0             58131          0          1          9744310  5 4009
          9          1                                            744310  5 4010
 680000000. 4.79727E-8 720000000. 8.43543E-8 760000000. 1.46540E-7744310  5 4011
 800000000. 2.31833E-7 840000000. 2.95837E-7 880000000. 4.02337E-7744310  5 4012
 920000000. 5.50765E-7 960000000. 7.02294E-7 1.00000E+9 0.0       744310  5 4013
 0.0        0.0             58132          0          1         11744310  5 4014
         11          1                                            744310  5 4015
 600000000. 1.78137E-8 640000000. 3.41900E-8 680000000. 4.89355E-8744310  5 4016
 720000000. 8.68272E-8 760000000. 1.52671E-7 800000000. 2.48137E-7744310  5 4017
 840000000. 3.52140E-7 880000000. 4.58143E-7 920000000. 6.03004E-7744310  5 4018
 960000000. 7.63526E-7 1.00000E+9 0.0                             744310  5 4019
 0.0        0.0             58133          0          1         10744310  5 4020
         10          1                                            744310  5 4021
 640000000. 3.75977E-8 680000000. 7.19981E-8 720000000. 1.28207E-7744310  5 4022
 760000000. 1.79566E-7 800000000. 2.40479E-7 840000000. 3.29535E-7744310  5 4023
 880000000. 4.40743E-7 920000000. 5.95096E-7 960000000. 7.46147E-7744310  5 4024
 1.00000E+9 0.0                                                   744310  5 4025
 0.0        0.0             58134          0          1         12744310  5 4026
         12          1                                            744310  5 4027
 560000000. 1.43209E-8 600000000. 2.12953E-8 640000000. 4.68931E-8744310  5 4028
 680000000. 7.04952E-8 720000000. 9.71876E-8 760000000. 1.63031E-7744310  5 4029
 800000000. 2.20701E-7 840000000. 3.03403E-7 880000000. 3.87053E-7744310  5 4030
 920000000. 4.80093E-7 960000000. 6.07198E-7 1.00000E+9 0.0       744310  5 4031
 0.0        0.0             58135          0          1         11744310  5 4032
         11          1                                            744310  5 4033
 600000000. 2.72510E-8 640000000. 3.59000E-8 680000000. 4.80950E-8744310  5 4034
 720000000. 8.25300E-8 760000000. 1.27766E-7 800000000. 1.85045E-7744310  5 4035
 840000000. 2.36051E-7 880000000. 2.69567E-7 920000000. 3.09502E-7744310  5 4036
 960000000. 3.92084E-7 1.00000E+9 0.0                             744310  5 4037
 0.0        0.0             58136          0          1         10744310  5 4038
         10          1                                            744310  5 4039
 640000000. 3.75065E-8 680000000. 5.50369E-8 720000000. 6.02717E-8744310  5 4040
 760000000. 9.31372E-8 800000000. 1.13484E-7 840000000. 1.47318E-7744310  5 4041
 880000000. 1.81007E-7 920000000. 1.94368E-7 960000000. 2.43700E-7744310  5 4042
 1.00000E+9 0.0                                                   744310  5 4043
 0.0        0.0             58137          0          1         13744310  5 4044
         13          1                                            744310  5 4045
 520000000. 8.31926E-9 560000000. 1.09600E-8 600000000. 1.70129E-8744310  5 4046
 640000000. 2.30935E-8 680000000. 3.26089E-8 720000000. 3.96546E-8744310  5 4047
 760000000. 5.43239E-8 800000000. 7.27211E-8 840000000. 8.41487E-8744310  5 4048
 880000000. 1.04334E-7 920000000. 1.21198E-7 960000000. 1.38041E-7744310  5 4049
 1.00000E+9 0.0                                                   744310  5 4050
 0.0        0.0             58138          0          1         11744310  5 4051
         11          1                                            744310  5 4052
 600000000. 9.36559E-9 640000000. 1.02747E-8 680000000. 1.62874E-8744310  5 4053
 720000000. 2.66909E-8 760000000. 3.62503E-8 800000000. 4.84482E-8744310  5 4054
 840000000. 4.69319E-8 880000000. 5.38485E-8 920000000. 6.19652E-8744310  5 4055
 960000000. 6.54922E-8 1.00000E+9 0.0                             744310  5 4056
 0.0        0.0             58139          0          1          9744310  5 4057
          9          1                                            744310  5 4058
 680000000. 1.28816E-8 720000000. 1.46421E-8 760000000. 1.55498E-8744310  5 4059
 800000000. 1.90267E-8 840000000. 2.51546E-8 880000000. 2.95719E-8744310  5 4060
 920000000. 3.22635E-8 960000000. 3.66909E-8 1.00000E+9 0.0       744310  5 4061
 0.0        0.0             58140          0          1          6744310  5 4062
          6          1                                            744310  5 4063
 800000000. 9.95183E-9 840000000. 1.25773E-8 880000000. 1.52177E-8744310  5 4064
 920000000. 1.78731E-8 960000000. 1.66227E-8 1.00000E+9 0.0       744310  5 4065
 0.0        0.0             59128          0          1          2744310  5 4066
          2          1                                            744310  5 4067
 960000000. 1.13590E-8 1.00000E+9 0.0                             744310  5 4068
 0.0        0.0             59129          0          1          6744310  5 4069
          6          1                                            744310  5 4070
 800000000. 1.21091E-8 840000000. 1.90855E-8 880000000. 2.78111E-8744310  5 4071
 920000000. 4.09390E-8 960000000. 6.02472E-8 1.00000E+9 0.0       744310  5 4072
 0.0        0.0             59130          0          1          7744310  5 4073
          7          1                                            744310  5 4074
 760000000. 2.68167E-8 800000000. 3.71349E-8 840000000. 7.27778E-8744310  5 4075
 880000000. 1.15583E-7 920000000. 1.49058E-7 960000000. 1.83429E-7744310  5 4076
 1.00000E+9 0.0                                                   744310  5 4077
 0.0        0.0             59131          0          1          9744310  5 4078
          9          1                                            744310  5 4079
 680000000. 1.45902E-8 720000000. 2.92159E-8 760000000. 5.51963E-8744310  5 4080
 800000000. 1.08840E-7 840000000. 1.86379E-7 880000000. 2.42633E-7744310  5 4081
 920000000. 3.08438E-7 960000000. 4.54839E-7 1.00000E+9 0.0       744310  5 4082
 0.0        0.0             59132          0          1         10744310  5 4083
         10          1                                            744310  5 4084
 640000000. 2.39152E-8 680000000. 4.11761E-8 720000000. 7.99428E-8744310  5 4085
 760000000. 1.44031E-7 800000000. 2.19699E-7 840000000. 3.40611E-7744310  5 4086
 880000000. 4.61761E-7 920000000. 5.73408E-7 960000000. 7.48518E-7744310  5 4087
 1.00000E+9 0.0                                                   744310  5 4088
 0.0        0.0             59133          0          1         12744310  5 4089
         12          1                                            744310  5 4090
 560000000. 1.01336E-8 600000000. 2.62619E-8 640000000. 5.04583E-8744310  5 4091
 680000000. 6.44052E-8 720000000. 1.27152E-7 760000000. 2.32067E-7744310  5 4092
 800000000. 3.12431E-7 840000000. 4.54983E-7 880000000. 6.37330E-7744310  5 4093
 920000000. 8.54662E-7 960000000. 1.07129E-6 1.00000E+9 0.0       744310  5 4094
 0.0        0.0             59134          0          1         12744310  5 4095
         12          1                                            744310  5 4096
 560000000. 1.34807E-8 600000000. 3.22625E-8 640000000. 7.08575E-8744310  5 4097
 680000000. 1.34644E-7 720000000. 1.98933E-7 760000000. 2.86400E-7744310  5 4098
 800000000. 4.10941E-7 840000000. 5.67083E-7 880000000. 7.81450E-7744310  5 4099
 920000000. 1.00579E-6 960000000. 1.23440E-6 1.00000E+9 0.0       744310  5 4100
 0.0        0.0             59135          0          1         12744310  5 4101
         12          1                                            744310  5 4102
 560000000. 3.03222E-8 600000000. 5.10654E-8 640000000. 8.28423E-8744310  5 4103
 680000000. 1.43267E-7 720000000. 2.18650E-7 760000000. 3.40690E-7744310  5 4104
 800000000. 4.82837E-7 840000000. 6.62390E-7 880000000. 8.49649E-7744310  5 4105
 920000000. 1.02582E-6 960000000. 1.22326E-6 1.00000E+9 0.0       744310  5 4106
 0.0        0.0             59136          0          1         13744310  5 4107
         13          1                                            744310  5 4108
 520000000. 1.24575E-8 560000000. 2.52809E-8 600000000. 5.77369E-8744310  5 4109
 640000000. 9.74670E-8 680000000. 1.54394E-7 720000000. 2.36742E-7744310  5 4110
 760000000. 3.27963E-7 800000000. 4.17166E-7 840000000. 5.44549E-7744310  5 4111
 880000000. 6.94809E-7 920000000. 8.53201E-7 960000000. 1.07356E-6744310  5 4112
 1.00000E+9 0.0                                                   744310  5 4113
 0.0        0.0             59137          0          1         12744310  5 4114
         12          1                                            744310  5 4115
 560000000. 3.96250E-8 600000000. 6.37776E-8 640000000. 1.05084E-7744310  5 4116
 680000000. 1.52836E-7 720000000. 1.96366E-7 760000000. 2.82073E-7744310  5 4117
 800000000. 3.58458E-7 840000000. 4.32748E-7 880000000. 5.39173E-7744310  5 4118
 920000000. 6.49321E-7 960000000. 7.72378E-7 1.00000E+9 0.0       744310  5 4119
 0.0        0.0             59138          0          1         12744310  5 4120
         12          1                                            744310  5 4121
 560000000. 2.19062E-8 600000000. 3.99632E-8 640000000. 6.74818E-8744310  5 4122
 680000000. 9.95973E-8 720000000. 1.32608E-7 760000000. 1.79517E-7744310  5 4123
 800000000. 2.34509E-7 840000000. 2.99228E-7 880000000. 3.79951E-7744310  5 4124
 920000000. 4.61979E-7 960000000. 5.35629E-7 1.00000E+9 0.0       744310  5 4125
 0.0        0.0             59139          0          1         14744310  5 4126
         14          1                                            744310  5 4127
 480000000. 1.31202E-8 520000000. 1.33299E-8 560000000. 2.35728E-8744310  5 4128
 600000000. 4.00215E-8 640000000. 4.27990E-8 680000000. 6.85632E-8744310  5 4129
 720000000. 1.02524E-7 760000000. 1.19175E-7 800000000. 1.44515E-7744310  5 4130
 840000000. 1.95086E-7 880000000. 2.39207E-7 920000000. 2.78892E-7744310  5 4131
 960000000. 3.29421E-7 1.00000E+9 0.0                             744310  5 4132
 0.0        0.0             59140          0          1         12744310  5 4133
         12          1                                            744310  5 4134
 560000000. 1.77327E-8 600000000. 2.20961E-8 640000000. 3.59000E-8744310  5 4135
 680000000. 4.21225E-8 720000000. 5.24984E-8 760000000. 8.53845E-8744310  5 4136
 800000000. 1.13410E-7 840000000. 1.18062E-7 880000000. 1.35612E-7744310  5 4137
 920000000. 1.69973E-7 960000000. 1.80094E-7 1.00000E+9 0.0       744310  5 4138
 0.0        0.0             59141          0          1         10744310  5 4139
         10          1                                            744310  5 4140
 640000000. 1.45214E-8 680000000. 1.97665E-8 720000000. 3.60848E-8744310  5 4141
 760000000. 4.75515E-8 800000000. 5.01832E-8 840000000. 6.16058E-8744310  5 4142
 880000000. 6.18017E-8 920000000. 6.44900E-8 960000000. 6.64601E-8744310  5 4143
 1.00000E+9 0.0                                                   744310  5 4144
 0.0        0.0             59142          0          1         10744310  5 4145
         10          1                                            744310  5 4146
 640000000. 9.40863E-9 680000000. 1.11641E-8 720000000. 1.71982E-8744310  5 4147
 760000000. 1.81768E-8 800000000. 1.47178E-8 840000000. 2.16627E-8744310  5 4148
 880000000. 2.43856E-8 920000000. 2.96029E-8 960000000. 3.93288E-8744310  5 4149
 1.00000E+9 0.0                                                   744310  5 4150
 0.0        0.0             59143          0          1          9744310  5 4151
          9          1                                            744310  5 4152
 680000000. 1.22403E-8 720000000. 1.27054E-8 760000000. 1.31705E-8744310  5 4153
 800000000. 1.36356E-8 840000000. 1.47481E-8 880000000. 1.47963E-8744310  5 4154
 920000000. 1.91577E-8 960000000. 2.36058E-8 1.00000E+9 0.0       744310  5 4155
 0.0        0.0             60130          0          1          2744310  5 4156
          2          1                                            744310  5 4157
 960000000. 0.0        1.00000E+9 0.0                             744310  5 4158
 0.0        0.0             60131          0          1          6744310  5 4159
          6          1                                            744310  5 4160
 800000000. 1.47037E-8 840000000. 1.73598E-8 880000000. 3.38272E-8744310  5 4161
 920000000. 4.45129E-8 960000000. 4.97623E-8 1.00000E+9 0.0       744310  5 4162
 0.0        0.0             60132          0          1          8744310  5 4163
          8          1                                            744310  5 4164
 720000000. 1.63199E-8 760000000. 2.76252E-8 800000000. 4.66578E-8744310  5 4165
 840000000. 7.97447E-8 880000000. 1.09549E-7 920000000. 1.48967E-7744310  5 4166
 960000000. 2.13074E-7 1.00000E+9 0.0                             744310  5 4167
 0.0        0.0             60133          0          1         10744310  5 4168
         10          1                                            744310  5 4169
 640000000. 1.53554E-8 680000000. 2.49050E-8 720000000. 5.66603E-8744310  5 4170
 760000000. 1.03556E-7 800000000. 1.45326E-7 840000000. 2.00318E-7744310  5 4171
 880000000. 2.96289E-7 920000000. 4.26075E-7 960000000. 5.39913E-7744310  5 4172
 1.00000E+9 0.0                                                   744310  5 4173
 0.0        0.0             60134          0          1         11744310  5 4174
         11          1                                            744310  5 4175
 600000000. 1.44888E-8 640000000. 3.06813E-8 680000000. 7.79821E-8744310  5 4176
 720000000. 1.51380E-7 760000000. 2.24432E-7 800000000. 3.14814E-7744310  5 4177
 840000000. 4.54340E-7 880000000. 6.25876E-7 920000000. 8.18309E-7744310  5 4178
 960000000. 1.03426E-6 1.00000E+9 0.0                             744310  5 4179
 0.0        0.0             60135          0          1         11744310  5 4180
         11          1                                            744310  5 4181
 600000000. 3.98965E-8 640000000. 8.28423E-8 680000000. 1.49234E-7744310  5 4182
 720000000. 2.54663E-7 760000000. 3.90883E-7 800000000. 5.73420E-7744310  5 4183
 840000000. 7.68537E-7 880000000. 1.01004E-6 920000000. 1.26655E-6744310  5 4184
 960000000. 1.54870E-6 1.00000E+9 0.0                             744310  5 4185
 0.0        0.0             60136          0          1         13744310  5 4186
         13          1                                            744310  5 4187
 520000000. 1.49415E-8 560000000. 3.45466E-8 600000000. 6.88341E-8744310  5 4188
 640000000. 1.35758E-7 680000000. 2.35098E-7 720000000. 3.76027E-7744310  5 4189
 760000000. 5.51479E-7 800000000. 7.38910E-7 840000000. 9.34258E-7744310  5 4190
 880000000. 1.24202E-6 920000000. 1.56567E-6 960000000. 1.93642E-6744310  5 4191
 1.00000E+9 0.0                                                   744310  5 4192
 0.0        0.0             60137          0          1         14744310  5 4193
         14          1                                            744310  5 4194
 480000000. 1.14923E-8 520000000. 2.73829E-8 560000000. 6.32022E-8744310  5 4195
 600000000. 1.08856E-7 640000000. 1.92149E-7 680000000. 3.09846E-7744310  5 4196
 720000000. 4.21979E-7 760000000. 6.10742E-7 800000000. 8.34258E-7744310  5 4197
 840000000. 1.06759E-6 880000000. 1.35466E-6 920000000. 1.66380E-6744310  5 4198
 960000000. 2.01377E-6 1.00000E+9 0.0                             744310  5 4199
 0.0        0.0             60138          0          1         13744310  5 4200
         13          1                                            744310  5 4201
 520000000. 3.65373E-8 560000000. 6.57599E-8 600000000. 1.40089E-7744310  5 4202
 640000000. 2.34288E-7 680000000. 3.35564E-7 720000000. 4.71859E-7744310  5 4203
 760000000. 6.42107E-7 800000000. 8.20473E-7 840000000. 1.05625E-6744310  5 4204
 880000000. 1.29765E-6 920000000. 1.51057E-6 960000000. 1.74937E-6744310  5 4205
 1.00000E+9 0.0                                                   744310  5 4206
 0.0        0.0             60139          0          1         14744310  5 4207
         14          1                                            744310  5 4208
 480000000. 2.29557E-8 520000000. 3.90585E-8 560000000. 7.24823E-8744310  5 4209
 600000000. 1.35995E-7 640000000. 2.09468E-7 680000000. 3.13192E-7744310  5 4210
 720000000. 4.47761E-7 760000000. 5.80138E-7 800000000. 7.10593E-7744310  5 4211
 840000000. 8.63114E-7 880000000. 1.06429E-6 920000000. 1.21810E-6744310  5 4212
 960000000. 1.37606E-6 1.00000E+9 0.0                             744310  5 4213
 0.0        0.0             60140          0          1         14744310  5 4214
         14          1                                            744310  5 4215
 480000000. 2.12701E-8 520000000. 4.90054E-8 560000000. 7.84380E-8744310  5 4216
 600000000. 1.09765E-7 640000000. 1.49640E-7 680000000. 2.26487E-7744310  5 4217
 720000000. 3.16956E-7 760000000. 4.11706E-7 800000000. 5.33920E-7744310  5 4218
 840000000. 6.29979E-7 880000000. 7.91831E-7 920000000. 9.71206E-7744310  5 4219
 960000000. 1.00095E-6 1.00000E+9 0.0                             744310  5 4220
 0.0        0.0             60141          0          1         14744310  5 4221
         14          1                                            744310  5 4222
 480000000. 1.80380E-8 520000000. 2.99152E-8 560000000. 5.05756E-8744310  5 4223
 600000000. 8.24954E-8 640000000. 1.01864E-7 680000000. 1.48349E-7744310  5 4224
 720000000. 2.17913E-7 760000000. 2.59942E-7 800000000. 3.36485E-7744310  5 4225
 840000000. 4.35492E-7 880000000. 5.00142E-7 920000000. 5.44069E-7744310  5 4226
 960000000. 6.02035E-7 1.00000E+9 0.0                             744310  5 4227
 0.0        0.0             60142          0          1         14744310  5 4228
         14          1                                            744310  5 4229
 480000000. 1.06733E-8 520000000. 2.90266E-8 560000000. 4.22198E-8744310  5 4230
 600000000. 5.77636E-8 640000000. 9.14931E-8 680000000. 1.00599E-7744310  5 4231
 720000000. 1.10235E-7 760000000. 1.49294E-7 800000000. 2.01600E-7744310  5 4232
 840000000. 2.60205E-7 880000000. 3.00124E-7 920000000. 3.52068E-7744310  5 4233
 960000000. 3.77718E-7 1.00000E+9 0.0                             744310  5 4234
 0.0        0.0             60143          0          1         13744310  5 4235
         13          1                                            744310  5 4236
 520000000. 1.41490E-8 560000000. 1.93855E-8 600000000. 3.90774E-8744310  5 4237
 640000000. 5.13761E-8 680000000. 5.32664E-8 720000000. 7.31466E-8744310  5 4238
 760000000. 8.81439E-8 800000000. 1.18423E-7 840000000. 1.57940E-7744310  5 4239
 880000000. 1.67041E-7 920000000. 1.70052E-7 960000000. 1.93050E-7744310  5 4240
 1.00000E+9 0.0                                                   744310  5 4241
 0.0        0.0             60144          0          1         13744310  5 4242
         13          1                                            744310  5 4243
 520000000. 1.41118E-8 560000000. 1.68924E-8 600000000. 1.70129E-8744310  5 4244
 640000000. 3.24382E-8 680000000. 3.87267E-8 720000000. 4.04547E-8744310  5 4245
 760000000. 4.83845E-8 800000000. 5.36572E-8 840000000. 7.11001E-8744310  5 4246
 880000000. 8.17972E-8 920000000. 8.19669E-8 960000000. 8.56524E-8744310  5 4247
 1.00000E+9 0.0                                                   744310  5 4248
 0.0        0.0             60145          0          1         11744310  5 4249
         11          1                                            744310  5 4250
 600000000. 1.02381E-8 640000000. 9.41111E-9 680000000. 1.71392E-8744310  5 4251
 720000000. 2.24253E-8 760000000. 2.24500E-8 800000000. 2.85495E-8744310  5 4252
 840000000. 3.55745E-8 880000000. 4.00118E-8 920000000. 5.05277E-8744310  5 4253
 960000000. 5.33562E-8 1.00000E+9 0.0                             744310  5 4254
 0.0        0.0             60146          0          1         12744310  5 4255
         12          1                                            744310  5 4256
 560000000. 8.64548E-9 600000000. 9.18283E-9 640000000. 9.72014E-9744310  5 4257
 680000000. 1.02574E-8 720000000. 1.07947E-8 760000000. 1.13320E-8744310  5 4258
 800000000. 1.18692E-8 840000000. 1.21549E-8 880000000. 1.90983E-8744310  5 4259
 920000000. 1.83605E-8 960000000. 1.65733E-8 1.00000E+9 0.0       744310  5 4260
 0.0        0.0             60147          0          1          2744310  5 4261
          2          1                                            744310  5 4262
 960000000. 1.39730E-8 1.00000E+9 0.0                             744310  5 4263
 0.0        0.0             61133          0          1          6744310  5 4264
          6          1                                            744310  5 4265
 800000000. 9.51789E-9 840000000. 1.81743E-8 880000000. 2.69683E-8744310  5 4266
 920000000. 4.09119E-8 960000000. 5.94088E-8 1.00000E+9 0.0       744310  5 4267
 0.0        0.0             61134          0          1          9744310  5 4268
          9          1                                            744310  5 4269
 680000000. 1.11780E-8 720000000. 1.88971E-8 760000000. 4.30866E-8744310  5 4270
 800000000. 7.35096E-8 840000000. 8.59544E-8 880000000. 1.00820E-7744310  5 4271
 920000000. 1.49811E-7 960000000. 2.04409E-7 1.00000E+9 0.0       744310  5 4272
 0.0        0.0             61135          0          1         11744310  5 4273
         11          1                                            744310  5 4274
 600000000. 1.10523E-8 640000000. 2.13366E-8 680000000. 4.62804E-8744310  5 4275
 720000000. 8.26083E-8 760000000. 1.37978E-7 800000000. 2.13641E-7744310  5 4276
 840000000. 2.92275E-7 880000000. 3.76463E-7 920000000. 4.94048E-7744310  5 4277
 960000000. 6.20313E-7 1.00000E+9 0.0                             744310  5 4278
 0.0        0.0             61136          0          1         11744310  5 4279
         11          1                                            744310  5 4280
 600000000. 3.13718E-8 640000000. 6.40864E-8 680000000. 1.11487E-7744310  5 4281
 720000000. 1.80747E-7 760000000. 2.94927E-7 800000000. 4.64431E-7744310  5 4282
 840000000. 6.45243E-7 880000000. 8.06116E-7 920000000. 9.96092E-7744310  5 4283
 960000000. 1.23702E-6 1.00000E+9 0.0                             744310  5 4284
 0.0        0.0             61137          0          1         12744310  5 4285
         12          1                                            744310  5 4286
 560000000. 4.29351E-8 600000000. 9.94184E-8 640000000. 1.56460E-7744310  5 4287
 680000000. 2.76035E-7 720000000. 4.39967E-7 760000000. 5.64677E-7744310  5 4288
 800000000. 7.33618E-7 840000000. 1.03433E-6 880000000. 1.35040E-6744310  5 4289
 920000000. 1.65246E-6 960000000. 1.98771E-6 1.00000E+9 0.0       744310  5 4290
 0.0        0.0             61138          0          1         13744310  5 4291
         13          1                                            744310  5 4292
 520000000. 3.32448E-8 560000000. 7.74866E-8 600000000. 1.73327E-7744310  5 4293
 640000000. 2.55770E-7 680000000. 4.07283E-7 720000000. 6.20875E-7744310  5 4294
 760000000. 8.88610E-7 800000000. 1.15732E-6 840000000. 1.43276E-6744310  5 4295
 880000000. 1.86224E-6 920000000. 2.24309E-6 960000000. 2.64533E-6744310  5 4296
 1.00000E+9 0.0                                                   744310  5 4297
 0.0        0.0             61139          0          1         13744310  5 4298
         13          1                                            744310  5 4299
 520000000. 5.48407E-8 560000000. 1.03659E-7 600000000. 2.19153E-7744310  5 4300
 640000000. 3.69274E-7 680000000. 5.53512E-7 720000000. 8.17775E-7744310  5 4301
 760000000. 1.12641E-6 800000000. 1.42368E-6 840000000. 1.72027E-6744310  5 4302
 880000000. 2.06612E-6 920000000. 2.54219E-6 960000000. 3.03199E-6744310  5 4303
 1.00000E+9 0.0                                                   744310  5 4304
 0.0        0.0             61140          0          1         14744310  5 4305
         14          1                                            744310  5 4306
 480000000. 2.37578E-8 520000000. 7.71484E-8 560000000. 1.72798E-7744310  5 4307
 600000000. 2.80693E-7 640000000. 4.40912E-7 680000000. 6.60947E-7744310  5 4308
 720000000. 9.20404E-7 760000000. 1.19146E-6 800000000. 1.45747E-6744310  5 4309
 840000000. 1.78518E-6 880000000. 2.08315E-6 920000000. 2.46207E-6744310  5 4310
 960000000. 2.86979E-6 1.00000E+9 0.0                             744310  5 4311
 0.0        0.0             61141          0          1         14744310  5 4312
         14          1                                            744310  5 4313
 480000000. 5.48106E-8 520000000. 1.05564E-7 560000000. 1.71132E-7744310  5 4314
 600000000. 2.66276E-7 640000000. 4.11015E-7 680000000. 6.00104E-7744310  5 4315
 720000000. 8.08558E-7 760000000. 1.04719E-6 800000000. 1.24748E-6744310  5 4316
 840000000. 1.49368E-6 880000000. 1.78550E-6 920000000. 2.06850E-6744310  5 4317
 960000000. 2.39409E-6 1.00000E+9 0.0                             744310  5 4318
 0.0        0.0             61142          0          1         15744310  5 4319
         15          1                                            744310  5 4320
 440000000. 3.16463E-8 480000000. 6.06766E-8 520000000. 9.88993E-8744310  5 4321
 560000000. 1.91279E-7 600000000. 2.92010E-7 640000000. 3.71130E-7744310  5 4322
 680000000. 5.25234E-7 720000000. 6.72922E-7 760000000. 8.34655E-7744310  5 4323
 800000000. 1.05157E-6 840000000. 1.23553E-6 880000000. 1.39858E-6744310  5 4324
 920000000. 1.55444E-6 960000000. 1.77707E-6 1.00000E+9 0.0       744310  5 4325
 0.0        0.0             61143          0          1         15744310  5 4326
         15          1                                            744310  5 4327
 440000000. 2.11195E-8 480000000. 3.20180E-8 520000000. 7.13721E-8744310  5 4328
 560000000. 1.36599E-7 600000000. 1.84738E-7 640000000. 2.71682E-7744310  5 4329
 680000000. 3.98383E-7 720000000. 5.01356E-7 760000000. 6.06979E-7744310  5 4330
 800000000. 7.33943E-7 840000000. 8.42596E-7 880000000. 9.66137E-7744310  5 4331
 920000000. 1.09333E-6 960000000. 1.23539E-6 1.00000E+9 0.0       744310  5 4332
 0.0        0.0             61144          0          1         16744310  5 4333
         16          1                                            744310  5 4334
 400000000. 1.21001E-8 440000000. 2.83864E-8 480000000. 5.16839E-8744310  5 4335
 520000000. 7.64738E-8 560000000. 1.12998E-7 600000000. 1.45621E-7744310  5 4336
 640000000. 1.94021E-7 680000000. 2.72172E-7 720000000. 3.41995E-7744310  5 4337
 760000000. 4.23870E-7 800000000. 4.80625E-7 840000000. 5.30945E-7744310  5 4338
 880000000. 6.26144E-7 920000000. 6.81079E-7 960000000. 7.07028E-7744310  5 4339
 1.00000E+9 0.0                                                   744310  5 4340
 0.0        0.0             61145          0          1         14744310  5 4341
         14          1                                            744310  5 4342
 480000000. 3.35644E-8 520000000. 4.82612E-8 560000000. 6.49059E-8744310  5 4343
 600000000. 9.02544E-8 640000000. 1.23068E-7 680000000. 1.56382E-7744310  5 4344
 720000000. 1.91154E-7 760000000. 2.42623E-7 800000000. 2.48686E-7744310  5 4345
 840000000. 2.80054E-7 880000000. 3.42732E-7 920000000. 3.61884E-7744310  5 4346
 960000000. 3.90598E-7 1.00000E+9 0.0                             744310  5 4347
 0.0        0.0             61146          0          1         14744310  5 4348
         14          1                                            744310  5 4349
 480000000. 1.72121E-8 520000000. 3.07448E-8 560000000. 4.38632E-8744310  5 4350
 600000000. 5.19512E-8 640000000. 7.60220E-8 680000000. 9.54280E-8744310  5 4351
 720000000. 9.39562E-8 760000000. 1.07056E-7 800000000. 1.42734E-7744310  5 4352
 840000000. 1.52866E-7 880000000. 1.75528E-7 920000000. 2.09323E-7744310  5 4353
 960000000. 2.07152E-7 1.00000E+9 0.0                             744310  5 4354
 0.0        0.0             61147          0          1         15744310  5 4355
         15          1                                            744310  5 4356
 440000000. 1.14145E-8 480000000. 1.31372E-8 520000000. 1.66330E-8744310  5 4357
 560000000. 1.94087E-8 600000000. 2.88976E-8 640000000. 3.76641E-8744310  5 4358
 680000000. 3.86711E-8 720000000. 4.90640E-8 760000000. 6.39001E-8744310  5 4359
 800000000. 7.44420E-8 840000000. 7.89960E-8 880000000. 8.17635E-8744310  5 4360
 920000000. 9.67338E-8 960000000. 1.06646E-7 1.00000E+9 0.0       744310  5 4361
 0.0        0.0             61148          0          1         13744310  5 4362
         13          1                                            744310  5 4363
 520000000. 1.24947E-8 560000000. 1.09694E-8 600000000. 1.32009E-8744310  5 4364
 640000000. 1.58317E-8 680000000. 2.06019E-8 720000000. 2.49920E-8744310  5 4365
 760000000. 3.19230E-8 800000000. 3.81046E-8 840000000. 3.30201E-8744310  5 4366
 880000000. 3.38946E-8 920000000. 4.61863E-8 960000000. 5.07115E-8744310  5 4367
 1.00000E+9 0.0                                                   744310  5 4368
 0.0        0.0             61149          0          1          9744310  5 4369
          9          1                                            744310  5 4370
 680000000. 1.03149E-8 720000000. 1.03449E-8 760000000. 1.38003E-8744310  5 4371
 800000000. 1.38781E-8 840000000. 1.04149E-8 880000000. 1.47627E-8744310  5 4372
 920000000. 1.57146E-8 960000000. 1.48420E-8 1.00000E+9 0.0       744310  5 4373
 0.0        0.0             61150          0          1          3744310  5 4374
          3          1                                            744310  5 4375
 920000000. 8.71000E-9 960000000. 8.71000E-9 1.00000E+9 0.0       744310  5 4376
 0.0        0.0             62135          0          1          5744310  5 4377
          5          1                                            744310  5 4378
 840000000. 1.13001E-8 880000000. 1.30227E-8 920000000. 2.17739E-8744310  5 4379
 960000000. 3.23031E-8 1.00000E+9 0.0                             744310  5 4380
 0.0        0.0             62136          0          1          9744310  5 4381
          9          1                                            744310  5 4382
 680000000. 1.11667E-8 720000000. 1.37743E-8 760000000. 3.18443E-8744310  5 4383
 800000000. 5.79570E-8 840000000. 8.66762E-8 880000000. 1.17385E-7744310  5 4384
 920000000. 1.44672E-7 960000000. 1.86905E-7 1.00000E+9 0.0       744310  5 4385
 0.0        0.0             62137          0          1         11744310  5 4386
         11          1                                            744310  5 4387
 600000000. 1.61404E-8 640000000. 3.16041E-8 680000000. 6.34311E-8744310  5 4388
 720000000. 1.00742E-7 760000000. 1.56949E-7 800000000. 2.37028E-7744310  5 4389
 840000000. 3.08806E-7 880000000. 4.05926E-7 920000000. 4.83064E-7744310  5 4390
 960000000. 5.53848E-7 1.00000E+9 0.0                             744310  5 4391
 0.0        0.0             62138          0          1         12744310  5 4392
         12          1                                            744310  5 4393
 560000000. 2.44407E-8 600000000. 5.85644E-8 640000000. 1.05985E-7744310  5 4394
 680000000. 1.85205E-7 720000000. 2.82450E-7 760000000. 3.77171E-7744310  5 4395
 800000000. 5.13877E-7 840000000. 7.17928E-7 880000000. 9.54656E-7744310  5 4396
 920000000. 1.15155E-6 960000000. 1.37242E-6 1.00000E+9 0.0       744310  5 4397
 0.0        0.0             62139          0          1         13744310  5 4398
         13          1                                            744310  5 4399
 520000000. 3.32020E-8 560000000. 7.92041E-8 600000000. 1.64834E-7744310  5 4400
 640000000. 2.71815E-7 680000000. 3.71808E-7 720000000. 5.49821E-7744310  5 4401
 760000000. 8.17247E-7 800000000. 1.08509E-6 840000000. 1.40841E-6744310  5 4402
 880000000. 1.79893E-6 920000000. 2.12197E-6 960000000. 2.34816E-6744310  5 4403
 1.00000E+9 0.0                                                   744310  5 4404
 0.0        0.0             62140          0          1         14744310  5 4405
         14          1                                            744310  5 4406
 480000000. 2.86347E-8 520000000. 6.64469E-8 560000000. 1.33995E-7744310  5 4407
 600000000. 2.75257E-7 640000000. 4.81952E-7 680000000. 7.09933E-7744310  5 4408
 720000000. 9.40495E-7 760000000. 1.32006E-6 800000000. 1.68467E-6744310  5 4409
 840000000. 2.03735E-6 880000000. 2.54778E-6 920000000. 2.96329E-6744310  5 4410
 960000000. 3.42908E-6 1.00000E+9 0.0                             744310  5 4411
 0.0        0.0             62141          0          1         15744310  5 4412
         15          1                                            744310  5 4413
 440000000. 2.26563E-8 480000000. 5.81769E-8 520000000. 1.23739E-7744310  5 4414
 560000000. 2.40230E-7 600000000. 4.38588E-7 640000000. 7.04305E-7744310  5 4415
 680000000. 9.94169E-7 720000000. 1.34837E-6 760000000. 1.77400E-6744310  5 4416
 800000000. 2.18631E-6 840000000. 2.63022E-6 880000000. 3.10309E-6744310  5 4417
 920000000. 3.60012E-6 960000000. 4.13829E-6 1.00000E+9 0.0       744310  5 4418
 0.0        0.0             62142          0          1         16744310  5 4419
         16          1                                            744310  5 4420
 400000000. 1.29022E-8 440000000. 4.29068E-8 480000000. 1.06513E-7744310  5 4421
 520000000. 1.97745E-7 560000000. 3.43109E-7 600000000. 5.52845E-7744310  5 4422
 640000000. 8.32519E-7 680000000. 1.13010E-6 720000000. 1.47931E-6744310  5 4423
 760000000. 1.94744E-6 800000000. 2.37350E-6 840000000. 2.75294E-6744310  5 4424
 880000000. 3.20727E-6 920000000. 3.73958E-6 960000000. 4.17295E-6744310  5 4425
 1.00000E+9 0.0                                                   744310  5 4426
 0.0        0.0             62143          0          1         15744310  5 4427
         15          1                                            744310  5 4428
 440000000. 4.62412E-8 480000000. 1.28497E-7 520000000. 2.46831E-7744310  5 4429
 560000000. 4.15590E-7 600000000. 6.18699E-7 640000000. 8.66796E-7744310  5 4430
 680000000. 1.14405E-6 720000000. 1.46390E-6 760000000. 1.83320E-6744310  5 4431
 800000000. 2.22504E-6 840000000. 2.59367E-6 880000000. 2.96031E-6744310  5 4432
 920000000. 3.40427E-6 960000000. 3.81259E-6 1.00000E+9 0.0       744310  5 4433
 0.0        0.0             62144          0          1         17744310  5 4434
         17          1                                            744310  5 4435
 360000000. 1.20398E-8 400000000. 2.97533E-8 440000000. 7.38617E-8744310  5 4436
 480000000. 1.44280E-7 520000000. 2.51767E-7 560000000. 3.96330E-7744310  5 4437
 600000000. 5.46428E-7 640000000. 7.70940E-7 680000000. 1.06816E-6744310  5 4438
 720000000. 1.27700E-6 760000000. 1.54428E-6 800000000. 1.88616E-6744310  5 4439
 840000000. 2.15024E-6 880000000. 2.38850E-6 920000000. 2.65636E-6744310  5 4440
 960000000. 2.91107E-6 1.00000E+9 0.0                             744310  5 4441
 0.0        0.0             62145          0          1         17744310  5 4442
         17          1                                            744310  5 4443
 360000000. 9.62594E-9 400000000. 2.25388E-8 440000000. 6.24336E-8744310  5 4444
 480000000. 1.31974E-7 520000000. 2.24378E-7 560000000. 3.33132E-7744310  5 4445
 600000000. 4.89935E-7 640000000. 6.93449E-7 680000000. 8.50540E-7744310  5 4446
 720000000. 1.01207E-6 760000000. 1.15412E-6 800000000. 1.34128E-6744310  5 4447
 840000000. 1.54399E-6 880000000. 1.67527E-6 920000000. 1.85180E-6744310  5 4448
 960000000. 2.08915E-6 1.00000E+9 0.0                             744310  5 4449
 0.0        0.0             62146          0          1         17744310  5 4450
         17          1                                            744310  5 4451
 360000000. 1.36082E-8 400000000. 2.74193E-8 440000000. 5.92433E-8744310  5 4452
 480000000. 1.16402E-7 520000000. 1.96123E-7 560000000. 2.68277E-7744310  5 4453
 600000000. 3.48042E-7 640000000. 4.49049E-7 680000000. 5.70173E-7744310  5 4454
 720000000. 6.96127E-7 760000000. 7.89442E-7 800000000. 8.88162E-7744310  5 4455
 840000000. 1.03070E-6 880000000. 1.17426E-6 920000000. 1.23405E-6744310  5 4456
 960000000. 1.32637E-6 1.00000E+9 0.0                             744310  5 4457
 0.0        0.0             62147          0          1         16744310  5 4458
         16          1                                            744310  5 4459
 400000000. 2.90599E-8 440000000. 5.19950E-8 480000000. 8.28710E-8744310  5 4460
 520000000. 1.14740E-7 560000000. 1.52670E-7 600000000. 2.27055E-7744310  5 4461
 640000000. 2.89272E-7 680000000. 3.46024E-7 720000000. 4.23039E-7744310  5 4462
 760000000. 4.95641E-7 800000000. 5.79971E-7 840000000. 6.43939E-7744310  5 4463
 880000000. 7.03660E-7 920000000. 7.71617E-7 960000000. 7.98080E-7744310  5 4464
 1.00000E+9 0.0                                                   744310  5 4465
 0.0        0.0             62148          0          1         16744310  5 4466
         16          1                                            744310  5 4467
 400000000. 1.85798E-8 440000000. 3.40980E-8 480000000. 5.00917E-8744310  5 4468
 520000000. 7.97396E-8 560000000. 1.19785E-7 600000000. 1.60812E-7744310  5 4469
 640000000. 1.80684E-7 680000000. 2.10299E-7 720000000. 2.61096E-7744310  5 4470
 760000000. 2.90204E-7 800000000. 3.29802E-7 840000000. 3.53299E-7744310  5 4471
 880000000. 3.97343E-7 920000000. 4.33490E-7 960000000. 4.50014E-7744310  5 4472
 1.00000E+9 0.0                                                   744310  5 4473
 0.0        0.0             62149          0          1         16744310  5 4474
         16          1                                            744310  5 4475
 400000000. 1.53192E-8 440000000. 2.11941E-8 480000000. 2.70714E-8744310  5 4476
 520000000. 5.06597E-8 560000000. 7.08848E-8 600000000. 8.50995E-8744310  5 4477
 640000000. 9.50387E-8 680000000. 1.14153E-7 720000000. 1.49032E-7744310  5 4478
 760000000. 1.61581E-7 800000000. 1.74846E-7 840000000. 1.91823E-7744310  5 4479
 880000000. 2.08730E-7 920000000. 2.14585E-7 960000000. 2.07152E-7744310  5 4480
 1.00000E+9 0.0                                                   744310  5 4481
 0.0        0.0             62150          0          1         15744310  5 4482
         15          1                                            744310  5 4483
 440000000. 1.62484E-8 480000000. 1.72936E-8 520000000. 1.49681E-8744310  5 4484
 560000000. 2.02395E-8 600000000. 3.56858E-8 640000000. 5.04879E-8744310  5 4485
 680000000. 5.67013E-8 720000000. 6.63299E-8 760000000. 7.68673E-8744310  5 4486
 800000000. 8.14042E-8 840000000. 9.19434E-8 880000000. 1.04396E-7744310  5 4487
 920000000. 1.03793E-7 960000000. 1.04870E-7 1.00000E+9 0.0       744310  5 4488
 0.0        0.0             62151          0          1         13744310  5 4489
         13          1                                            744310  5 4490
 520000000. 1.41118E-8 560000000. 1.68924E-8 600000000. 1.36297E-8744310  5 4491
 640000000. 1.87926E-8 680000000. 2.91854E-8 720000000. 2.67846E-8744310  5 4492
 760000000. 3.01587E-8 800000000. 4.07067E-8 840000000. 5.11370E-8744310  5 4493
 880000000. 4.79442E-8 920000000. 3.92064E-8 960000000. 4.54546E-8744310  5 4494
 1.00000E+9 0.0                                                   744310  5 4495
 0.0        0.0             62152          0          1         13744310  5 4496
         13          1                                            744310  5 4497
 520000000. 1.05563E-8 560000000. 1.52083E-8 600000000. 1.98600E-8744310  5 4498
 640000000. 1.80128E-8 680000000. 1.80188E-8 720000000. 1.72815E-8744310  5 4499
 760000000. 1.29525E-8 800000000. 1.47178E-8 840000000. 1.64881E-8744310  5 4500
 880000000. 2.08590E-8 920000000. 2.70212E-8 960000000. 2.88507E-8744310  5 4501
 1.00000E+9 0.0                                                   744310  5 4502
 0.0        0.0             62153          0          1          9744310  5 4503
          9          1                                            744310  5 4504
 680000000. 9.34886E-9 720000000. 1.09018E-8 760000000. 1.24546E-8744310  5 4505
 800000000. 1.40074E-8 840000000. 1.55602E-8 880000000. 1.71130E-8744310  5 4506
 920000000. 1.86657E-8 960000000. 2.02185E-8 1.00000E+9 0.0       744310  5 4507
 0.0        0.0             63137          0          1          4744310  5 4508
          4          1                                            744310  5 4509
 880000000. 1.65492E-8 920000000. 1.74201E-8 960000000. 2.53201E-8744310  5 4510
 1.00000E+9 0.0                                                   744310  5 4511
 0.0        0.0             63138          0          1          9744310  5 4512
          9          1                                            744310  5 4513
 680000000. 2.40141E-8 720000000. 2.84680E-8 760000000. 2.84926E-8744310  5 4514
 800000000. 5.35364E-8 840000000. 7.72476E-8 880000000. 9.12725E-8744310  5 4515
 920000000. 1.15919E-7 960000000. 1.44131E-7 1.00000E+9 0.0       744310  5 4516
 0.0        0.0             63139          0          1         11744310  5 4517
         11          1                                            744310  5 4518
 600000000. 2.87943E-8 640000000. 4.70998E-8 680000000. 6.00466E-8744310  5 4519
 720000000. 1.24611E-7 760000000. 1.74538E-7 800000000. 2.13641E-7744310  5 4520
 840000000. 2.91411E-7 880000000. 3.85964E-7 920000000. 4.65565E-7744310  5 4521
 960000000. 5.17306E-7 1.00000E+9 0.0                             744310  5 4522
 0.0        0.0             63140          0          1         13744310  5 4523
         13          1                                            744310  5 4524
 520000000. 2.07340E-8 560000000. 4.29997E-8 600000000. 7.56356E-8744310  5 4525
 640000000. 1.44318E-7 680000000. 2.35165E-7 720000000. 3.47735E-7744310  5 4526
 760000000. 4.59351E-7 800000000. 6.10676E-7 840000000. 7.92044E-7744310  5 4527
 880000000. 9.84150E-7 920000000. 1.14134E-6 960000000. 1.35037E-6744310  5 4528
 1.00000E+9 0.0                                                   744310  5 4529
 0.0        0.0             63141          0          1         14744310  5 4530
         14          1                                            744310  5 4531
 480000000. 2.29150E-8 520000000. 6.06010E-8 560000000. 1.28109E-7744310  5 4532
 600000000. 2.21940E-7 640000000. 3.81810E-7 680000000. 5.64996E-7744310  5 4533
 720000000. 7.32871E-7 760000000. 9.87266E-7 800000000. 1.36340E-6744310  5 4534
 840000000. 1.65834E-6 880000000. 1.94679E-6 920000000. 2.28415E-6744310  5 4535
 960000000. 2.61327E-6 1.00000E+9 0.0                             744310  5 4536
 0.0        0.0             63142          0          1         15744310  5 4537
         15          1                                            744310  5 4538
 440000000. 2.35526E-8 480000000. 5.89382E-8 520000000. 1.46957E-7744310  5 4539
 560000000. 2.60567E-7 600000000. 4.30999E-7 640000000. 6.82938E-7744310  5 4540
 680000000. 9.72658E-7 720000000. 1.36620E-6 760000000. 1.77693E-6744310  5 4541
 800000000. 2.21433E-6 840000000. 2.73960E-6 880000000. 3.13231E-6744310  5 4542
 920000000. 3.62315E-6 960000000. 4.19705E-6 1.00000E+9 0.0       744310  5 4543
 0.0        0.0             63143          0          1         15744310  5 4544
         15          1                                            744310  5 4545
 440000000. 4.69747E-8 480000000. 1.22859E-7 520000000. 2.40931E-7744310  5 4546
 560000000. 4.32432E-7 600000000. 7.05938E-7 640000000. 1.07264E-6744310  5 4547
 680000000. 1.47866E-6 720000000. 1.98022E-6 760000000. 2.58651E-6744310  5 4548
 800000000. 3.10580E-6 840000000. 3.59030E-6 880000000. 4.10604E-6744310  5 4549
 920000000. 4.60157E-6 960000000. 5.09456E-6 1.00000E+9 0.0       744310  5 4550
 0.0        0.0             63144          0          1         16744310  5 4551
         16          1                                            744310  5 4552
 400000000. 3.45924E-8 440000000. 8.44072E-8 480000000. 1.89226E-7744310  5 4553
 520000000. 3.71352E-7 560000000. 6.28134E-7 600000000. 9.40119E-7744310  5 4554
 640000000. 1.28858E-6 680000000. 1.81697E-6 720000000. 2.42974E-6744310  5 4555
 760000000. 2.97116E-6 800000000. 3.55042E-6 840000000. 4.14045E-6744310  5 4556
 880000000. 4.67420E-6 920000000. 5.18653E-6 960000000. 5.73595E-6744310  5 4557
 1.00000E+9 0.0                                                   744310  5 4558
 0.0        0.0             63145          0          1         16744310  5 4559
         16          1                                            744310  5 4560
 400000000. 4.90680E-8 440000000. 1.31400E-7 480000000. 2.81916E-7744310  5 4561
 520000000. 5.21752E-7 560000000. 8.04580E-7 600000000. 1.15696E-6744310  5 4562
 640000000. 1.58288E-6 680000000. 1.99938E-6 720000000. 2.47537E-6744310  5 4563
 760000000. 3.05639E-6 800000000. 3.58995E-6 840000000. 3.99701E-6744310  5 4564
 880000000. 4.49200E-6 920000000. 5.00120E-6 960000000. 5.33820E-6744310  5 4565
 1.00000E+9 0.0                                                   744310  5 4566
 0.0        0.0             63146          0          1         17744310  5 4567
         17          1                                            744310  5 4568
 360000000. 2.39058E-8 400000000. 7.16897E-8 440000000. 1.71196E-7744310  5 4569
 480000000. 3.27985E-7 520000000. 5.53411E-7 560000000. 7.91238E-7744310  5 4570
 600000000. 1.13543E-6 640000000. 1.47937E-6 680000000. 1.89965E-6744310  5 4571
 720000000. 2.37720E-6 760000000. 2.71004E-6 800000000. 3.09387E-6744310  5 4572
 840000000. 3.45809E-6 880000000. 3.78985E-6 920000000. 4.17000E-6744310  5 4573
 960000000. 4.54703E-6 1.00000E+9 0.0                             744310  5 4574
 0.0        0.0             63147          0          1         17744310  5 4575
         17          1                                            744310  5 4576
 360000000. 3.42346E-8 400000000. 8.95296E-8 440000000. 1.85081E-7744310  5 4577
 480000000. 3.27265E-7 520000000. 5.11130E-7 560000000. 7.46387E-7744310  5 4578
 600000000. 1.05586E-6 640000000. 1.32875E-6 680000000. 1.59991E-6744310  5 4579
 720000000. 1.88622E-6 760000000. 2.16316E-6 800000000. 2.45445E-6744310  5 4580
 840000000. 2.66691E-6 880000000. 2.90688E-6 920000000. 3.19364E-6744310  5 4581
 960000000. 3.39903E-6 1.00000E+9 0.0                             744310  5 4582
 0.0        0.0             63148          0          1         17744310  5 4583
         17          1                                            744310  5 4584
 360000000. 3.35449E-8 400000000. 6.94128E-8 440000000. 1.55719E-7744310  5 4585
 480000000. 2.86288E-7 520000000. 4.18151E-7 560000000. 5.94553E-7744310  5 4586
 600000000. 7.99258E-7 640000000. 1.02031E-6 680000000. 1.23792E-6744310  5 4587
 720000000. 1.35840E-6 760000000. 1.48718E-6 800000000. 1.73714E-6744310  5 4588
 840000000. 1.95784E-6 880000000. 2.09730E-6 920000000. 2.25293E-6744310  5 4589
 960000000. 2.39642E-6 1.00000E+9 0.0                             744310  5 4590
 0.0        0.0             63149          0          1         17744310  5 4591
         17          1                                            744310  5 4592
 360000000. 3.44186E-8 400000000. 7.41481E-8 440000000. 1.28495E-7744310  5 4593
 480000000. 2.03388E-7 520000000. 3.06736E-7 560000000. 4.30974E-7744310  5 4594
 600000000. 5.50867E-7 640000000. 6.92665E-7 680000000. 8.20608E-7744310  5 4595
 720000000. 9.13302E-7 760000000. 1.06041E-6 800000000. 1.16646E-6744310  5 4596
 840000000. 1.23233E-6 880000000. 1.32487E-6 920000000. 1.38916E-6744310  5 4597
 960000000. 1.46383E-6 1.00000E+9 0.0                             744310  5 4598
 0.0        0.0             63150          0          1         18744310  5 4599
         18          1                                            744310  5 4600
 320000000. 1.42440E-8 360000000. 3.59638E-8 400000000. 6.46310E-8744310  5 4601
 440000000. 9.11318E-8 480000000. 1.23115E-7 520000000. 1.93591E-7744310  5 4602
 560000000. 2.76702E-7 600000000. 3.27020E-7 640000000. 3.82371E-7744310  5 4603
 680000000. 4.68066E-7 720000000. 5.27502E-7 760000000. 5.76890E-7744310  5 4604
 800000000. 6.51894E-7 840000000. 7.11630E-7 880000000. 8.01801E-7744310  5 4605
 920000000. 8.79877E-7 960000000. 8.83764E-7 1.00000E+9 0.0       744310  5 4606
 0.0        0.0             63151          0          1         17744310  5 4607
         17          1                                            744310  5 4608
 360000000. 1.67634E-8 400000000. 2.91171E-8 440000000. 5.03228E-8744310  5 4609
 480000000. 8.85858E-8 520000000. 1.32171E-7 560000000. 1.77988E-7744310  5 4610
 600000000. 2.04458E-7 640000000. 2.36053E-7 680000000. 2.69000E-7744310  5 4611
 720000000. 2.98074E-7 760000000. 3.43734E-7 800000000. 3.88691E-7744310  5 4612
 840000000. 4.26989E-7 880000000. 4.53237E-7 920000000. 4.88240E-7744310  5 4613
 960000000. 5.09614E-7 1.00000E+9 0.0                             744310  5 4614
 0.0        0.0             63152          0          1         17744310  5 4615
         17          1                                            744310  5 4616
 360000000. 1.60272E-8 400000000. 2.02411E-8 440000000. 2.68311E-8744310  5 4617
 480000000. 4.34645E-8 520000000. 6.65002E-8 560000000. 9.61430E-8744310  5 4618
 600000000. 1.14172E-7 640000000. 1.20652E-7 680000000. 1.45121E-7744310  5 4619
 720000000. 1.68064E-7 760000000. 1.66805E-7 800000000. 1.68825E-7744310  5 4620
 840000000. 2.00362E-7 880000000. 2.39173E-7 920000000. 2.35579E-7744310  5 4621
 960000000. 2.42850E-7 1.00000E+9 0.0                             744310  5 4622
 0.0        0.0             63153          0          1         15744310  5 4623
         15          1                                            744310  5 4624
 440000000. 1.54403E-8 480000000. 2.95014E-8 520000000. 3.24846E-8744310  5 4625
 560000000. 3.62409E-8 600000000. 5.36245E-8 640000000. 5.73746E-8744310  5 4626
 680000000. 7.29219E-8 720000000. 9.47979E-8 760000000. 1.05365E-7744310  5 4627
 800000000. 9.88268E-8 840000000. 1.02314E-7 880000000. 1.11423E-7744310  5 4628
 920000000. 1.09845E-7 960000000. 1.33646E-7 1.00000E+9 0.0       744310  5 4629
 0.0        0.0             63154          0          1         14744310  5 4630
         14          1                                            744310  5 4631
 480000000. 1.06733E-8 520000000. 1.32983E-8 560000000. 1.93899E-8744310  5 4632
 600000000. 2.72376E-8 640000000. 2.82703E-8 680000000. 3.34607E-8744310  5 4633
 720000000. 4.56557E-8 760000000. 4.49689E-8 800000000. 3.55349E-8744310  5 4634
 840000000. 5.28063E-8 880000000. 6.61789E-8 920000000. 6.18935E-8744310  5 4635
 960000000. 6.99107E-8 1.00000E+9 0.0                             744310  5 4636
 0.0        0.0             63155          0          1         11744310  5 4637
         11          1                                            744310  5 4638
 600000000. 1.07901E-8 640000000. 1.54216E-8 680000000. 2.00529E-8744310  5 4639
 720000000. 1.89909E-8 760000000. 1.98379E-8 800000000. 2.85495E-8744310  5 4640
 840000000. 2.86734E-8 880000000. 3.04146E-8 920000000. 3.57609E-8744310  5 4641
 960000000. 3.32216E-8 1.00000E+9 0.0                             744310  5 4642
 0.0        0.0             63156          0          1          4744310  5 4643
          4          1                                            744310  5 4644
 880000000. 1.30771E-8 920000000. 1.04575E-8 960000000. 1.39780E-8744310  5 4645
 1.00000E+9 0.0                                                   744310  5 4646
 0.0        0.0             63157          0          1          2744310  5 4647
          2          1                                            744310  5 4648
 960000000. 8.73000E-9 1.00000E+9 0.0                             744310  5 4649
 0.0        0.0             64140          0          1          9744310  5 4650
          9          1                                            744310  5 4651
 680000000. 1.54697E-8 720000000. 1.89387E-8 760000000. 3.10408E-8744310  5 4652
 800000000. 4.41344E-8 840000000. 5.03311E-8 880000000. 6.68998E-8744310  5 4653
 920000000. 8.45757E-8 960000000. 1.03052E-7 1.00000E+9 0.0       744310  5 4654
 0.0        0.0             64141          0          1         12744310  5 4655
         12          1                                            744310  5 4656
 560000000. 1.43303E-8 600000000. 3.31083E-8 640000000. 5.72835E-8744310  5 4657
 680000000. 7.81323E-8 720000000. 1.04192E-7 760000000. 1.44109E-7744310  5 4658
 800000000. 1.98984E-7 840000000. 2.55031E-7 880000000. 3.16484E-7744310  5 4659
 920000000. 3.79195E-7 960000000. 4.46439E-7 1.00000E+9 0.0       744310  5 4660
 0.0        0.0             64142          0          1         13744310  5 4661
         13          1                                            744310  5 4662
 520000000. 3.32287E-8 560000000. 6.32117E-8 600000000. 9.53243E-8744310  5 4663
 640000000. 1.74111E-7 680000000. 2.87591E-7 720000000. 3.92633E-7744310  5 4664
 760000000. 4.92210E-7 800000000. 6.04860E-7 840000000. 7.77974E-7744310  5 4665
 880000000. 9.80784E-7 920000000. 1.16199E-6 960000000. 1.30641E-6744310  5 4666
 1.00000E+9 0.0                                                   744310  5 4667
 0.0        0.0             64143          0          1         14744310  5 4668
         14          1                                            744310  5 4669
 480000000. 3.60402E-8 520000000. 7.80693E-8 560000000. 1.71039E-7744310  5 4670
 600000000. 3.07846E-7 640000000. 4.65014E-7 680000000. 6.61849E-7744310  5 4671
 720000000. 8.93863E-7 760000000. 1.13106E-6 800000000. 1.45609E-6744310  5 4672
 840000000. 1.73394E-6 880000000. 1.99907E-6 920000000. 2.32253E-6744310  5 4673
 960000000. 2.59871E-6 1.00000E+9 0.0                             744310  5 4674
 0.0        0.0             64144          0          1         16744310  5 4675
         16          1                                            744310  5 4676
 400000000. 1.29022E-8 440000000. 3.88810E-8 480000000. 1.04007E-7744310  5 4677
 520000000. 2.45771E-7 560000000. 4.63678E-7 600000000. 6.93494E-7744310  5 4678
 640000000. 9.67744E-7 680000000. 1.35716E-6 720000000. 1.75549E-6744310  5 4679
 760000000. 2.20304E-6 800000000. 2.71687E-6 840000000. 3.11953E-6744310  5 4680
 880000000. 3.49980E-6 920000000. 3.91191E-6 960000000. 4.33947E-6744310  5 4681
 1.00000E+9 0.0                                                   744310  5 4682
 0.0        0.0             64145          0          1         16744310  5 4683
         16          1                                            744310  5 4684
 400000000. 2.89770E-8 440000000. 9.31599E-8 480000000. 2.10643E-7744310  5 4685
 520000000. 4.41777E-7 560000000. 7.55573E-7 600000000. 1.10259E-6744310  5 4686
 640000000. 1.55859E-6 680000000. 2.08915E-6 720000000. 2.63484E-6744310  5 4687
 760000000. 3.17427E-6 800000000. 3.77280E-6 840000000. 4.39218E-6744310  5 4688
 880000000. 5.02081E-6 920000000. 5.61140E-6 960000000. 6.03555E-6744310  5 4689
 1.00000E+9 0.0                                                   744310  5 4690
 0.0        0.0             64146          0          1         16744310  5 4691
         16          1                                            744310  5 4692
 400000000. 6.43871E-8 440000000. 1.95291E-7 480000000. 4.11572E-7744310  5 4693
 520000000. 7.41050E-7 560000000. 1.14870E-6 600000000. 1.65038E-6744310  5 4694
 640000000. 2.19394E-6 680000000. 2.79326E-6 720000000. 3.51436E-6744310  5 4695
 760000000. 4.14707E-6 800000000. 4.81423E-6 840000000. 5.37901E-6744310  5 4696
 880000000. 5.89778E-6 920000000. 6.60748E-6 960000000. 7.28297E-6744310  5 4697
 1.00000E+9 0.0                                                   744310  5 4698
 0.0        0.0             64147          0          1         17744310  5 4699
         17          1                                            744310  5 4700
 360000000. 3.66353E-8 400000000. 1.23154E-7 440000000. 2.88949E-7744310  5 4701
 480000000. 5.70507E-7 520000000. 9.71456E-7 560000000. 1.42200E-6744310  5 4702
 600000000. 2.02553E-6 640000000. 2.59321E-6 680000000. 3.13372E-6744310  5 4703
 720000000. 3.87532E-6 760000000. 4.52912E-6 800000000. 5.14193E-6744310  5 4704
 840000000. 5.83363E-6 880000000. 6.34269E-6 920000000. 6.85953E-6744310  5 4705
 960000000. 7.31389E-6 1.00000E+9 0.0                             744310  5 4706
 0.0        0.0             64148          0          1         17744310  5 4707
         17          1                                            744310  5 4708
 360000000. 7.72993E-8 400000000. 1.94373E-7 440000000. 4.05040E-7744310  5 4709
 480000000. 7.14428E-7 520000000. 1.07066E-6 560000000. 1.56012E-6744310  5 4710
 600000000. 2.06870E-6 640000000. 2.59731E-6 680000000. 3.18085E-6744310  5 4711
 720000000. 3.77402E-6 760000000. 4.29380E-6 800000000. 4.81463E-6744310  5 4712
 840000000. 5.33209E-6 880000000. 5.77049E-6 920000000. 6.21438E-6744310  5 4713
 960000000. 6.48533E-6 1.00000E+9 0.0                             744310  5 4714
 0.0        0.0             64149          0          1         17744310  5 4715
         17          1                                            744310  5 4716
 360000000. 8.37885E-8 400000000. 2.03187E-7 440000000. 3.98781E-7744310  5 4717
 480000000. 7.44341E-7 520000000. 1.16875E-6 560000000. 1.52189E-6744310  5 4718
 600000000. 1.95903E-6 640000000. 2.39411E-6 680000000. 2.81974E-6744310  5 4719
 720000000. 3.34028E-6 760000000. 3.74188E-6 800000000. 4.09766E-6744310  5 4720
 840000000. 4.48140E-6 880000000. 4.72678E-6 920000000. 5.00279E-6744310  5 4721
 960000000. 5.42438E-6 1.00000E+9 0.0                             744310  5 4722
 0.0        0.0             64150          0          1         18744310  5 4723
         18          1                                            744310  5 4724
 320000000. 4.18851E-8 360000000. 1.15052E-7 400000000. 2.64438E-7744310  5 4725
 440000000. 4.42471E-7 480000000. 6.48171E-7 520000000. 9.63309E-7744310  5 4726
 560000000. 1.30500E-6 600000000. 1.53052E-6 640000000. 1.83865E-6744310  5 4727
 680000000. 2.22677E-6 720000000. 2.51694E-6 760000000. 2.84221E-6744310  5 4728
 800000000. 3.12145E-6 840000000. 3.34801E-6 880000000. 3.54687E-6744310  5 4729
 920000000. 3.73968E-6 960000000. 3.83663E-6 1.00000E+9 0.0       744310  5 4730
 0.0        0.0             64151          0          1         18744310  5 4731
         18          1                                            744310  5 4732
 320000000. 4.59905E-8 360000000. 1.08669E-7 400000000. 2.19536E-7744310  5 4733
 440000000. 3.38411E-7 480000000. 4.80040E-7 520000000. 6.97376E-7744310  5 4734
 560000000. 9.74213E-7 600000000. 1.16521E-6 640000000. 1.32424E-6744310  5 4735
 680000000. 1.57025E-6 720000000. 1.80775E-6 760000000. 1.94989E-6744310  5 4736
 800000000. 2.10627E-6 840000000. 2.30158E-6 880000000. 2.42548E-6744310  5 4737
 920000000. 2.52187E-6 960000000. 2.59681E-6 1.00000E+9 0.0       744310  5 4738
 0.0        0.0             64152          0          1         18744310  5 4739
         18          1                                            744310  5 4740
 320000000. 3.71316E-8 360000000. 1.02281E-7 400000000. 1.57841E-7744310  5 4741
 440000000. 2.24293E-7 480000000. 3.48710E-7 520000000. 5.02912E-7744310  5 4742
 560000000. 6.37022E-7 600000000. 7.42483E-7 640000000. 8.95553E-7744310  5 4743
 680000000. 1.07379E-6 720000000. 1.20568E-6 760000000. 1.27863E-6744310  5 4744
 800000000. 1.38767E-6 840000000. 1.46962E-6 880000000. 1.51281E-6744310  5 4745
 920000000. 1.56888E-6 960000000. 1.61426E-6 1.00000E+9 0.0       744310  5 4746
 0.0        0.0             64153          0          1         18744310  5 4747
         18          1                                            744310  5 4748
 320000000. 3.72105E-8 360000000. 7.44525E-8 400000000. 1.19594E-7744310  5 4749
 440000000. 1.72447E-7 480000000. 2.31501E-7 520000000. 2.96013E-7744310  5 4750
 560000000. 3.75389E-7 600000000. 4.66523E-7 640000000. 5.31468E-7744310  5 4751
 680000000. 6.07241E-7 720000000. 6.64651E-7 760000000. 7.12467E-7744310  5 4752
 800000000. 8.06845E-7 840000000. 8.27408E-7 880000000. 8.53225E-7744310  5 4753
 920000000. 9.67647E-7 960000000. 1.01755E-6 1.00000E+9 0.0       744310  5 4754
 0.0        0.0             64154          0          1         19744310  5 4755
         19          1                                            744310  5 4756
 280000000. 1.42292E-8 320000000. 2.92935E-8 360000000. 4.57505E-8744310  5 4757
 400000000. 8.14092E-8 440000000. 1.14908E-7 480000000. 1.32987E-7744310  5 4758
 520000000. 2.01081E-7 560000000. 2.38075E-7 600000000. 2.56181E-7744310  5 4759
 640000000. 3.23329E-7 680000000. 3.40508E-7 720000000. 3.83140E-7744310  5 4760
 760000000. 4.44121E-7 800000000. 4.15906E-7 840000000. 4.31986E-7744310  5 4761
 880000000. 5.27823E-7 920000000. 5.48727E-7 960000000. 5.47894E-7744310  5 4762
 1.00000E+9 0.0                                                   744310  5 4763
 0.0        0.0             64155          0          1         18744310  5 4764
         18          1                                            744310  5 4765
 320000000. 1.43178E-8 360000000. 3.03484E-8 400000000. 5.81513E-8744310  5 4766
 440000000. 6.20491E-8 480000000. 7.13379E-8 520000000. 1.11383E-7744310  5 4767
 560000000. 1.36710E-7 600000000. 1.51576E-7 640000000. 1.70288E-7744310  5 4768
 680000000. 1.89870E-7 720000000. 2.06851E-7 760000000. 2.05692E-7744310  5 4769
 800000000. 2.16387E-7 840000000. 2.45580E-7 880000000. 2.43706E-7744310  5 4770
 920000000. 2.64042E-7 960000000. 2.75473E-7 1.00000E+9 0.0       744310  5 4771
 0.0        0.0             64156          0          1         16744310  5 4772
         16          1                                            744310  5 4773
 400000000. 1.85383E-8 440000000. 2.68869E-8 480000000. 2.87571E-8744310  5 4774
 520000000. 4.15424E-8 560000000. 5.40156E-8 600000000. 7.14249E-8744310  5 4775
 640000000. 9.32745E-8 680000000. 1.02252E-7 720000000. 9.57750E-8744310  5 4776
 760000000. 8.29590E-8 800000000. 9.94662E-8 840000000. 1.27540E-7744310  5 4777
 880000000. 1.28823E-7 920000000. 1.44621E-7 960000000. 1.52193E-7744310  5 4778
 1.00000E+9 0.0                                                   744310  5 4779
 0.0        0.0             64157          0          1         16744310  5 4780
         16          1                                            744310  5 4781
 400000000. 1.54229E-8 440000000. 1.14281E-8 480000000. 1.39342E-8744310  5 4782
 520000000. 2.07873E-8 560000000. 2.95147E-8 600000000. 3.49383E-8744310  5 4783
 640000000. 3.93372E-8 680000000. 4.46943E-8 720000000. 4.39673E-8744310  5 4784
 760000000. 4.92028E-8 800000000. 6.66028E-8 840000000. 7.38080E-8744310  5 4785
 880000000. 7.65227E-8 920000000. 7.33187E-8 960000000. 6.20654E-8744310  5 4786
 1.00000E+9 0.0                                                   744310  5 4787
 0.0        0.0             64158          0          1         16744310  5 4788
         16          1                                            744310  5 4789
 400000000. 8.73567E-9 440000000. 1.00691E-8 480000000. 1.14024E-8744310  5 4790
 520000000. 1.27355E-8 560000000. 1.60246E-8 600000000. 1.95903E-8744310  5 4791
 640000000. 1.88469E-8 680000000. 1.71897E-8 720000000. 2.66493E-8744310  5 4792
 760000000. 3.54321E-8 800000000. 3.12028E-8 840000000. 2.60533E-8744310  5 4793
 880000000. 2.60919E-8 920000000. 2.96424E-8 960000000. 2.71195E-8744310  5 4794
 1.00000E+9 0.0                                                   744310  5 4795
 0.0        0.0             64159          0          1         10744310  5 4796
         10          1                                            744310  5 4797
 640000000. 8.98298E-9 680000000. 9.87824E-9 720000000. 9.91378E-9744310  5 4798
 760000000. 9.07359E-9 800000000. 9.51789E-9 840000000. 1.08465E-8744310  5 4799
 880000000. 1.17467E-8 920000000. 1.48113E-8 960000000. 1.40037E-8744310  5 4800
 1.00000E+9 0.0                                                   744310  5 4801
 0.0        0.0             64160          0          1          3744310  5 4802
          3          1                                            744310  5 4803
 920000000. 1.04500E-8 960000000. 1.04500E-8 1.00000E+9 0.0       744310  5 4804
 0.0        0.0             65141          0          1          2744310  5 4805
          2          1                                            744310  5 4806
 960000000. 1.22200E-8 1.00000E+9 0.0                             744310  5 4807
 0.0        0.0             65142          0          1          9744310  5 4808
          9          1                                            744310  5 4809
 680000000. 1.20070E-8 720000000. 1.72293E-8 760000000. 2.07250E-8744310  5 4810
 800000000. 2.93984E-8 840000000. 3.38749E-8 880000000. 4.25658E-8744310  5 4811
 920000000. 5.66710E-8 960000000. 4.98750E-8 1.00000E+9 0.0       744310  5 4812
 0.0        0.0             65143          0          1         11744310  5 4813
         11          1                                            744310  5 4814
 600000000. 2.20828E-8 640000000. 3.84613E-8 680000000. 5.40904E-8744310  5 4815
 720000000. 1.03121E-7 760000000. 1.47731E-7 800000000. 1.71334E-7744310  5 4816
 840000000. 2.09090E-7 880000000. 2.41782E-7 920000000. 2.74615E-7744310  5 4817
 960000000. 3.00643E-7 1.00000E+9 0.0                             744310  5 4818
 0.0        0.0             65144          0          1         13744310  5 4819
         13          1                                            744310  5 4820
 520000000. 3.98832E-8 560000000. 6.91258E-8 600000000. 1.05509E-7744310  5 4821
 640000000. 1.79325E-7 680000000. 2.81580E-7 720000000. 3.85733E-7744310  5 4822
 760000000. 4.78435E-7 800000000. 5.72039E-7 840000000. 6.88000E-7744310  5 4823
 880000000. 8.07034E-7 920000000. 9.30178E-7 960000000. 1.02685E-6744310  5 4824
 1.00000E+9 0.0                                                   744310  5 4825
 0.0        0.0             65145          0          1         14744310  5 4826
         14          1                                            744310  5 4827
 480000000. 6.06478E-8 520000000. 1.21261E-7 560000000. 2.40197E-7744310  5 4828
 600000000. 3.70210E-7 640000000. 5.14614E-7 680000000. 7.29672E-7744310  5 4829
 720000000. 9.72280E-7 760000000. 1.21481E-6 800000000. 1.43009E-6744310  5 4830
 840000000. 1.64932E-6 880000000. 1.93923E-6 920000000. 2.20930E-6744310  5 4831
 960000000. 2.44412E-6 1.00000E+9 0.0                             744310  5 4832
 0.0        0.0             65146          0          1         16744310  5 4833
         16          1                                            744310  5 4834
 400000000. 2.25545E-8 440000000. 8.33567E-8 480000000. 1.87756E-7744310  5 4835
 520000000. 3.48884E-7 560000000. 5.90222E-7 600000000. 8.37449E-7744310  5 4836
 640000000. 1.16935E-6 680000000. 1.58433E-6 720000000. 2.01964E-6744310  5 4837
 760000000. 2.45161E-6 800000000. 2.82721E-6 840000000. 3.21387E-6744310  5 4838
 880000000. 3.62169E-6 920000000. 4.09638E-6 960000000. 4.53650E-6744310  5 4839
 1.00000E+9 0.0                                                   744310  5 4840
 0.0        0.0             65147          0          1         16744310  5 4841
         16          1                                            744310  5 4842
 400000000. 6.82840E-8 440000000. 1.94674E-7 480000000. 3.91870E-7744310  5 4843
 520000000. 7.03698E-7 560000000. 1.15182E-6 600000000. 1.65257E-6744310  5 4844
 640000000. 2.19434E-6 680000000. 2.66323E-6 720000000. 3.21246E-6744310  5 4845
 760000000. 3.88686E-6 800000000. 4.47112E-6 840000000. 5.01560E-6744310  5 4846
 880000000. 5.54935E-6 920000000. 6.08660E-6 960000000. 6.57629E-6744310  5 4847
 1.00000E+9 0.0                                                   744310  5 4848
 0.0        0.0             65148          0          1         17744310  5 4849
         17          1                                            744310  5 4850
 360000000. 6.29600E-8 400000000. 1.65272E-7 440000000. 3.77257E-7744310  5 4851
 480000000. 7.39521E-7 520000000. 1.21999E-6 560000000. 1.75100E-6744310  5 4852
 600000000. 2.43750E-6 640000000. 3.11321E-6 680000000. 3.78384E-6744310  5 4853
 720000000. 4.54385E-6 760000000. 5.31842E-6 800000000. 6.07917E-6744310  5 4854
 840000000. 6.74331E-6 880000000. 7.32110E-6 920000000. 7.78817E-6744310  5 4855
 960000000. 8.34150E-6 1.00000E+9 0.0                             744310  5 4856
 0.0        0.0             65149          0          1         17744310  5 4857
         17          1                                            744310  5 4858
 360000000. 1.08646E-7 400000000. 2.69929E-7 440000000. 5.80467E-7744310  5 4859
 480000000. 1.04477E-6 520000000. 1.64895E-6 560000000. 2.38262E-6744310  5 4860
 600000000. 3.20945E-6 640000000. 3.95931E-6 680000000. 4.74872E-6744310  5 4861
 720000000. 5.57044E-6 760000000. 6.24206E-6 800000000. 6.96631E-6744310  5 4862
 840000000. 7.56462E-6 880000000. 8.19861E-6 920000000. 8.76039E-6744310  5 4863
 960000000. 9.17113E-6 1.00000E+9 0.0                             744310  5 4864
 0.0        0.0             65150          0          1         18744310  5 4865
         18          1                                            744310  5 4866
 320000000. 4.97281E-8 360000000. 1.91423E-7 400000000. 4.40548E-7744310  5 4867
 440000000. 7.98632E-7 480000000. 1.33772E-6 520000000. 2.05549E-6744310  5 4868
 560000000. 2.72499E-6 600000000. 3.43594E-6 640000000. 4.24317E-6744310  5 4869
 680000000. 5.01056E-6 720000000. 5.78238E-6 760000000. 6.22836E-6744310  5 4870
 800000000. 6.74949E-6 840000000. 7.42462E-6 880000000. 7.86589E-6744310  5 4871
 920000000. 8.29327E-6 960000000. 8.74405E-6 1.00000E+9 0.0       744310  5 4872
 0.0        0.0             65151          0          1         18744310  5 4873
         18          1                                            744310  5 4874
 320000000. 9.47504E-8 360000000. 2.79585E-7 400000000. 5.62662E-7744310  5 4875
 440000000. 9.62961E-7 480000000. 1.48680E-6 520000000. 2.01215E-6744310  5 4876
 560000000. 2.66111E-6 600000000. 3.35208E-6 640000000. 3.96444E-6744310  5 4877
 680000000. 4.63201E-6 720000000. 5.23751E-6 760000000. 5.70210E-6744310  5 4878
 800000000. 6.17566E-6 840000000. 6.64878E-6 880000000. 7.00834E-6744310  5 4879
 920000000. 7.29091E-6 960000000. 7.48370E-6 1.00000E+9 0.0       744310  5 4880
 0.0        0.0             65152          0          1         19744310  5 4881
         19          1                                            744310  5 4882
 280000000. 3.35866E-8 320000000. 1.25634E-7 360000000. 3.00753E-7744310  5 4883
 400000000. 5.64236E-7 440000000. 9.67846E-7 480000000. 1.44611E-6744310  5 4884
 520000000. 1.84786E-6 560000000. 2.36680E-6 600000000. 2.96136E-6744310  5 4885
 640000000. 3.37833E-6 680000000. 3.80065E-6 720000000. 4.21842E-6744310  5 4886
 760000000. 4.59776E-6 800000000. 4.89266E-6 840000000. 5.27230E-6744310  5 4887
 880000000. 5.62217E-6 920000000. 5.66432E-6 960000000. 5.79712E-6744310  5 4888
 1.00000E+9 0.0                                                   744310  5 4889
 0.0        0.0             65153          0          1         19744310  5 4890
         19          1                                            744310  5 4891
 280000000. 5.16976E-8 320000000. 1.65245E-7 360000000. 3.35558E-7744310  5 4892
 400000000. 5.10050E-7 440000000. 7.97201E-7 480000000. 1.18510E-6744310  5 4893
 520000000. 1.49530E-6 560000000. 1.84990E-6 600000000. 2.25052E-6744310  5 4894
 640000000. 2.60439E-6 680000000. 2.87281E-6 720000000. 3.13042E-6744310  5 4895
 760000000. 3.44908E-6 800000000. 3.62851E-6 840000000. 3.78649E-6744310  5 4896
 880000000. 4.03199E-6 920000000. 4.19367E-6 960000000. 4.29934E-6744310  5 4897
 1.00000E+9 0.0                                                   744310  5 4898
 0.0        0.0             65154          0          1         19744310  5 4899
         19          1                                            744310  5 4900
 280000000. 5.50140E-8 320000000. 1.39325E-7 360000000. 2.72253E-7744310  5 4901
 400000000. 4.64272E-7 440000000. 6.48024E-7 480000000. 8.47793E-7744310  5 4902
 520000000. 1.13904E-6 560000000. 1.39220E-6 600000000. 1.60005E-6744310  5 4903
 640000000. 1.83184E-6 680000000. 2.03050E-6 720000000. 2.16589E-6744310  5 4904
 760000000. 2.37157E-6 800000000. 2.52280E-6 840000000. 2.62515E-6744310  5 4905
 880000000. 2.76399E-6 920000000. 2.81157E-6 960000000. 2.89114E-6744310  5 4906
 1.00000E+9 0.0                                                   744310  5 4907
 0.0        0.0             65155          0          1         19744310  5 4908
         19          1                                            744310  5 4909
 280000000. 5.35350E-8 320000000. 1.17274E-7 360000000. 2.10678E-7744310  5 4910
 400000000. 3.55221E-7 440000000. 4.86968E-7 480000000. 5.73202E-7744310  5 4911
 520000000. 7.24978E-7 560000000. 8.85960E-7 600000000. 1.04290E-6744310  5 4912
 640000000. 1.18103E-6 680000000. 1.33052E-6 720000000. 1.44906E-6744310  5 4913
 760000000. 1.49539E-6 800000000. 1.58199E-6 840000000. 1.68018E-6744310  5 4914
 880000000. 1.70636E-6 920000000. 1.74293E-6 960000000. 1.82420E-6744310  5 4915
 1.00000E+9 0.0                                                   744310  5 4916
 0.0        0.0             65156          0          1         20744310  5 4917
         20          1                                            744310  5 4918
 240000000. 1.73423E-8 280000000. 4.17084E-8 320000000. 8.64434E-8744310  5 4919
 360000000. 1.50593E-7 400000000. 2.33526E-7 440000000. 3.11790E-7744310  5 4920
 480000000. 3.45148E-7 520000000. 4.18949E-7 560000000. 5.77776E-7744310  5 4921
 600000000. 6.64583E-7 640000000. 6.88938E-7 680000000. 7.71405E-7744310  5 4922
 720000000. 8.74640E-7 760000000. 9.42501E-7 800000000. 9.69099E-7744310  5 4923
 840000000. 9.88613E-7 880000000. 1.02486E-6 920000000. 1.02747E-6744310  5 4924
 960000000. 1.03658E-6 1.00000E+9 0.0                             744310  5 4925
 0.0        0.0             65157          0          1         19744310  5 4926
         19          1                                            744310  5 4927
 280000000. 3.79582E-8 320000000. 6.42512E-8 360000000. 9.46691E-8744310  5 4928
 400000000. 1.39711E-7 440000000. 1.86499E-7 480000000. 2.18434E-7744310  5 4929
 520000000. 2.54507E-7 560000000. 3.07062E-7 600000000. 3.56894E-7744310  5 4930
 640000000. 4.19086E-7 680000000. 4.87220E-7 720000000. 5.17146E-7744310  5 4931
 760000000. 5.39944E-7 800000000. 5.51672E-7 840000000. 5.75353E-7744310  5 4932
 880000000. 6.04667E-7 920000000. 5.87926E-7 960000000. 5.72499E-7744310  5 4933
 1.00000E+9 0.0                                                   744310  5 4934
 0.0        0.0             65158          0          1         19744310  5 4935
         19          1                                            744310  5 4936
 280000000. 1.57182E-8 320000000. 3.01830E-8 360000000. 3.93393E-8744310  5 4937
 400000000. 6.29123E-8 440000000. 9.52372E-8 480000000. 1.18238E-7744310  5 4938
 520000000. 1.35592E-7 560000000. 1.69516E-7 600000000. 1.90927E-7744310  5 4939
 640000000. 2.08676E-7 680000000. 2.47456E-7 720000000. 2.64613E-7744310  5 4940
 760000000. 2.74728E-7 800000000. 2.95218E-7 840000000. 3.02998E-7744310  5 4941
 880000000. 3.19168E-7 920000000. 3.35803E-7 960000000. 3.26055E-7744310  5 4942
 1.00000E+9 0.0                                                   744310  5 4943
 0.0        0.0             65159          0          1         18744310  5 4944
         18          1                                            744310  5 4945
 320000000. 1.58864E-8 360000000. 2.56299E-8 400000000. 3.55968E-8744310  5 4946
 440000000. 4.79828E-8 480000000. 5.99680E-8 520000000. 6.73676E-8744310  5 4947
 560000000. 8.35070E-8 600000000. 1.05567E-7 640000000. 1.30009E-7744310  5 4948
 680000000. 1.47810E-7 720000000. 1.50004E-7 760000000. 1.38322E-7744310  5 4949
 800000000. 1.53114E-7 840000000. 1.63295E-7 880000000. 1.49641E-7744310  5 4950
 920000000. 1.56078E-7 960000000. 1.75608E-7 1.00000E+9 0.0       744310  5 4951
 0.0        0.0             65160          0          1         18744310  5 4952
         18          1                                            744310  5 4953
 320000000. 8.75391E-9 360000000. 9.63912E-9 400000000. 1.21208E-8744310  5 4954
 440000000. 2.11195E-8 480000000. 3.52740E-8 520000000. 3.58093E-8744310  5 4955
 560000000. 3.87754E-8 600000000. 4.09656E-8 640000000. 5.20648E-8744310  5 4956
 680000000. 6.79398E-8 720000000. 6.55038E-8 760000000. 7.85482E-8744310  5 4957
 800000000. 8.06117E-8 840000000. 7.46274E-8 880000000. 7.74407E-8744310  5 4958
 920000000. 9.06153E-8 960000000. 8.66392E-8 1.00000E+9 0.0       744310  5 4959
 0.0        0.0             65161          0          1         18744310  5 4960
         18          1                                            744310  5 4961
 320000000. 1.03609E-8 360000000. 1.20576E-8 400000000. 1.53606E-8744310  5 4962
 440000000. 1.71261E-8 480000000. 1.48059E-8 520000000. 1.66225E-8744310  5 4963
 560000000. 1.85729E-8 600000000. 1.61938E-8 640000000. 1.88049E-8744310  5 4964
 680000000. 2.74654E-8 720000000. 3.10452E-8 760000000. 2.50867E-8744310  5 4965
 800000000. 3.54049E-8 840000000. 4.77598E-8 880000000. 4.69717E-8744310  5 4966
 920000000. 4.79708E-8 960000000. 4.63356E-8 1.00000E+9 0.0       744310  5 4967
 0.0        0.0             65162          0          1         16744310  5 4968
         16          1                                            744310  5 4969
 400000000. 9.14777E-9 440000000. 1.13193E-8 480000000. 1.34905E-8744310  5 4970
 520000000. 1.56616E-8 560000000. 1.77188E-8 600000000. 1.36746E-8744310  5 4971
 640000000. 1.11088E-8 680000000. 1.71669E-8 720000000. 1.72709E-8744310  5 4972
 760000000. 1.63977E-8 800000000. 1.73339E-8 840000000. 1.99362E-8744310  5 4973
 880000000. 1.74414E-8 920000000. 1.47989E-8 960000000. 2.18370E-8744310  5 4974
 1.00000E+9 0.0                                                   744310  5 4975
 0.0        0.0             65163          0          1          9744310  5 4976
          9          1                                            744310  5 4977
 680000000. 9.74133E-9 720000000. 1.20869E-8 760000000. 1.44325E-8744310  5 4978
 800000000. 1.67780E-8 840000000. 1.91234E-8 880000000. 2.14688E-8744310  5 4979
 920000000. 1.91996E-8 960000000. 1.22486E-8 1.00000E+9 0.0       744310  5 4980
 0.0        0.0             65164          0          1          8744310  5 4981
          8          1                                            744310  5 4982
 720000000. 8.61991E-9 760000000. 8.81342E-9 800000000. 9.18350E-9744310  5 4983
 840000000. 9.55357E-9 880000000. 9.92363E-9 920000000. 1.02937E-8744310  5 4984
 960000000. 9.62089E-9 1.00000E+9 0.0                             744310  5 4985
 0.0        0.0             65165          0          1          4744310  5 4986
          4          1                                            744310  5 4987
 880000000. 8.69000E-9 920000000. 8.69000E-9 960000000. 8.69000E-9744310  5 4988
 1.00000E+9 0.0                                                   744310  5 4989
 0.0        0.0             66144          0          1          6744310  5 4990
          6          1                                            744310  5 4991
 800000000. 1.12528E-8 840000000. 1.64662E-8 880000000. 1.82892E-8744310  5 4992
 920000000. 1.48311E-8 960000000. 1.65920E-8 1.00000E+9 0.0       744310  5 4993
 0.0        0.0             66145          0          1         11744310  5 4994
         11          1                                            744310  5 4995
 600000000. 3.15151E-8 640000000. 3.42269E-8 680000000. 4.63360E-8744310  5 4996
 720000000. 6.45944E-8 760000000. 8.71636E-8 800000000. 1.07357E-7744310  5 4997
 840000000. 1.18024E-7 880000000. 1.32199E-7 920000000. 1.65555E-7744310  5 4998
 960000000. 1.91423E-7 1.00000E+9 0.0                             744310  5 4999
 0.0        0.0             66146          0          1         14744310  5 5000
         14          1                                            744310  5 5001
 480000000. 1.71833E-8 520000000. 3.24152E-8 560000000. 6.90749E-8744310  5 5002
 600000000. 1.45321E-7 640000000. 1.99397E-7 680000000. 2.42975E-7744310  5 5003
 720000000. 3.09235E-7 760000000. 3.79881E-7 800000000. 4.41532E-7744310  5 5004
 840000000. 5.35965E-7 880000000. 6.31540E-7 920000000. 7.19090E-7744310  5 5005
 960000000. 7.62346E-7 1.00000E+9 0.0                             744310  5 5006
 0.0        0.0             66147          0          1         15744310  5 5007
         15          1                                            744310  5 5008
 440000000. 3.97215E-8 480000000. 8.11684E-8 520000000. 1.50351E-7744310  5 5009
 560000000. 2.70603E-7 600000000. 4.27875E-7 640000000. 5.86662E-7744310  5 5010
 680000000. 7.29227E-7 720000000. 9.02608E-7 760000000. 1.09412E-6744310  5 5011
 800000000. 1.28876E-6 840000000. 1.48032E-6 880000000. 1.61019E-6744310  5 5012
 920000000. 1.79746E-6 960000000. 2.00916E-6 1.00000E+9 0.0       744310  5 5013
 0.0        0.0             66148          0          1         16744310  5 5014
         16          1                                            744310  5 5015
 400000000. 3.60880E-8 440000000. 1.16763E-7 480000000. 2.38569E-7744310  5 5016
 520000000. 4.22895E-7 560000000. 7.15777E-7 600000000. 1.00365E-6744310  5 5017
 640000000. 1.31673E-6 680000000. 1.70392E-6 720000000. 2.04868E-6744310  5 5018
 760000000. 2.38437E-6 800000000. 2.73287E-6 840000000. 3.06836E-6744310  5 5019
 880000000. 3.37844E-6 920000000. 3.67069E-6 960000000. 3.96144E-6744310  5 5020
 1.00000E+9 0.0                                                   744310  5 5021
 0.0        0.0             66149          0          1         17744310  5 5022
         17          1                                            744310  5 5023
 360000000. 3.42529E-8 400000000. 1.22290E-7 440000000. 3.19606E-7744310  5 5024
 480000000. 6.07670E-7 520000000. 1.00960E-6 560000000. 1.46428E-6744310  5 5025
 600000000. 1.98431E-6 640000000. 2.61447E-6 680000000. 3.15620E-6744310  5 5026
 720000000. 3.75473E-6 760000000. 4.33173E-6 800000000. 4.78748E-6744310  5 5027
 840000000. 5.24429E-6 880000000. 5.62562E-6 920000000. 6.00841E-6744310  5 5028
 960000000. 6.39560E-6 1.00000E+9 0.0                             744310  5 5029
 0.0        0.0             66150          0          1         17744310  5 5030
         17          1                                            744310  5 5031
 360000000. 1.15687E-7 400000000. 3.10209E-7 440000000. 6.86690E-7744310  5 5032
 480000000. 1.17074E-6 520000000. 1.80258E-6 560000000. 2.53230E-6744310  5 5033
 600000000. 3.26422E-6 640000000. 4.07586E-6 680000000. 4.79813E-6744310  5 5034
 720000000. 5.47288E-6 760000000. 6.12226E-6 800000000. 6.82415E-6744310  5 5035
 840000000. 7.46721E-6 880000000. 7.88338E-6 920000000. 8.40937E-6744310  5 5036
 960000000. 8.76880E-6 1.00000E+9 0.0                             744310  5 5037
 0.0        0.0             66151          0          1         18744310  5 5038
         18          1                                            744310  5 5039
 320000000. 6.69417E-8 360000000. 2.37104E-7 400000000. 5.92383E-7744310  5 5040
 440000000. 1.06900E-6 480000000. 1.72969E-6 520000000. 2.55550E-6744310  5 5041
 560000000. 3.52207E-6 600000000. 4.52915E-6 640000000. 5.38136E-6744310  5 5042
 680000000. 6.22323E-6 720000000. 7.06645E-6 760000000. 7.71419E-6744310  5 5043
 800000000. 8.36570E-6 840000000. 9.01834E-6 880000000. 9.47629E-6744310  5 5044
 920000000. 9.92307E-6 960000000. 1.03158E-5 1.00000E+9 0.0       744310  5 5045
 0.0        0.0             66152          0          1         18744310  5 5046
         18          1                                            744310  5 5047
 320000000. 1.36530E-7 360000000. 4.32799E-7 400000000. 9.02367E-7744310  5 5048
 440000000. 1.54652E-6 480000000. 2.35184E-6 520000000. 3.22996E-6744310  5 5049
 560000000. 4.13203E-6 600000000. 5.15760E-6 640000000. 6.17734E-6744310  5 5050
 680000000. 7.00989E-6 720000000. 7.71555E-6 760000000. 8.30482E-6744310  5 5051
 800000000. 9.01696E-6 840000000. 9.59700E-6 880000000. 9.99990E-6744310  5 5052
 920000000. 1.04267E-5 960000000. 1.07436E-5 1.00000E+9 0.0       744310  5 5053
 0.0        0.0             66153          0          1         19744310  5 5054
         19          1                                            744310  5 5055
 280000000. 8.14279E-8 320000000. 2.59364E-7 360000000. 6.29275E-7744310  5 5056
 400000000. 1.16836E-6 440000000. 1.80304E-6 480000000. 2.62661E-6744310  5 5057
 520000000. 3.59101E-6 560000000. 4.56143E-6 600000000. 5.37202E-6744310  5 5058
 640000000. 6.13016E-6 680000000. 6.93201E-6 720000000. 7.53840E-6744310  5 5059
 760000000. 8.20790E-6 800000000. 8.81342E-6 840000000. 9.10248E-6744310  5 5060
 880000000. 9.34985E-6 920000000. 9.58033E-6 960000000. 9.81013E-6744310  5 5061
 1.00000E+9 0.0                                                   744310  5 5062
 0.0        0.0             66154          0          1         19744310  5 5063
         19          1                                            744310  5 5064
 280000000. 1.14273E-7 320000000. 3.48887E-7 360000000. 7.41112E-7744310  5 5065
 400000000. 1.28005E-6 440000000. 1.90841E-6 480000000. 2.63462E-6744310  5 5066
 520000000. 3.44907E-6 560000000. 4.31091E-6 600000000. 4.98938E-6744310  5 5067
 640000000. 5.44858E-6 680000000. 6.07649E-6 720000000. 6.76819E-6744310  5 5068
 760000000. 7.28660E-6 800000000. 7.63766E-6 840000000. 7.80609E-6744310  5 5069
 880000000. 7.98556E-6 920000000. 8.24501E-6 960000000. 8.37989E-6744310  5 5070
 1.00000E+9 0.0                                                   744310  5 5071
 0.0        0.0             66155          0          1         19744310  5 5072
         19          1                                            744310  5 5073
 280000000. 1.82709E-7 320000000. 4.24402E-7 360000000. 7.58881E-7744310  5 5074
 400000000. 1.22332E-6 440000000. 1.76993E-6 480000000. 2.35082E-6744310  5 5075
 520000000. 2.97628E-6 560000000. 3.53180E-6 600000000. 4.04855E-6744310  5 5076
 640000000. 4.53433E-6 680000000. 4.90699E-6 720000000. 5.23627E-6744310  5 5077
 760000000. 5.55150E-6 800000000. 5.82136E-6 840000000. 6.08172E-6744310  5 5078
 880000000. 6.30990E-6 920000000. 6.45340E-6 960000000. 6.43532E-6744310  5 5079
 1.00000E+9 0.0                                                   744310  5 5080
 0.0        0.0             66156          0          1         20744310  5 5081
         20          1                                            744310  5 5082
 240000000. 6.29726E-8 280000000. 2.10854E-7 320000000. 4.50305E-7744310  5 5083
 360000000. 7.64455E-7 400000000. 1.06355E-6 440000000. 1.41808E-6744310  5 5084
 480000000. 1.84166E-6 520000000. 2.24205E-6 560000000. 2.65014E-6744310  5 5085
 600000000. 3.00817E-6 640000000. 3.40175E-6 680000000. 3.73148E-6744310  5 5086
 720000000. 3.95144E-6 760000000. 4.09469E-6 800000000. 4.27106E-6744310  5 5087
 840000000. 4.53324E-6 880000000. 4.71354E-6 920000000. 4.75241E-6744310  5 5088
 960000000. 4.67398E-6 1.00000E+9 0.0                             744310  5 5089
 0.0        0.0             66157          0          1         20744310  5 5090
         20          1                                            744310  5 5091
 240000000. 7.61114E-8 280000000. 1.85182E-7 320000000. 3.73431E-7744310  5 5092
 360000000. 5.99707E-7 400000000. 7.83935E-7 440000000. 1.05410E-6744310  5 5093
 480000000. 1.35593E-6 520000000. 1.61333E-6 560000000. 1.90346E-6744310  5 5094
 600000000. 2.17670E-6 640000000. 2.41243E-6 680000000. 2.56620E-6744310  5 5095
 720000000. 2.74035E-6 760000000. 2.83857E-6 800000000. 2.86879E-6744310  5 5096
 840000000. 3.01674E-6 880000000. 3.09928E-6 920000000. 3.14530E-6744310  5 5097
 960000000. 3.12796E-6 1.00000E+9 0.0                             744310  5 5098
 0.0        0.0             66158          0          1         20744310  5 5099
         20          1                                            744310  5 5100
 240000000. 7.66930E-8 280000000. 1.54427E-7 320000000. 2.92793E-7744310  5 5101
 360000000. 4.48227E-7 400000000. 5.81684E-7 440000000. 6.95409E-7744310  5 5102
 480000000. 8.61146E-7 520000000. 1.00574E-6 560000000. 1.18604E-6744310  5 5103
 600000000. 1.38754E-6 640000000. 1.52478E-6 680000000. 1.65597E-6744310  5 5104
 720000000. 1.75724E-6 760000000. 1.87022E-6 800000000. 1.90459E-6744310  5 5105
 840000000. 1.94833E-6 880000000. 2.00905E-6 920000000. 2.02399E-6744310  5 5106
 960000000. 2.04451E-6 1.00000E+9 0.0                             744310  5 5107
 0.0        0.0             66159          0          1         20744310  5 5108
         20          1                                            744310  5 5109
 240000000. 5.83974E-8 280000000. 1.13602E-7 320000000. 1.79646E-7744310  5 5110
 360000000. 2.70013E-7 400000000. 3.62509E-7 440000000. 4.71006E-7744310  5 5111
 480000000. 5.70970E-7 520000000. 6.43702E-7 560000000. 7.50931E-7744310  5 5112
 600000000. 8.65175E-7 640000000. 9.36431E-7 680000000. 9.41253E-7744310  5 5113
 720000000. 1.00373E-6 760000000. 1.09115E-6 800000000. 1.11971E-6744310  5 5114
 840000000. 1.15779E-6 880000000. 1.19458E-6 920000000. 1.20787E-6744310  5 5115
 960000000. 1.24453E-6 1.00000E+9 0.0                             744310  5 5116
 0.0        0.0             66160          0          1         20744310  5 5117
         20          1                                            744310  5 5118
 240000000. 4.18297E-8 280000000. 8.66929E-8 320000000. 1.18763E-7744310  5 5119
 360000000. 1.47474E-7 400000000. 2.17384E-7 440000000. 2.84954E-7744310  5 5120
 480000000. 3.48136E-7 520000000. 4.24950E-7 560000000. 4.88582E-7744310  5 5121
 600000000. 5.09544E-7 640000000. 5.45005E-7 680000000. 5.88744E-7744310  5 5122
 720000000. 5.75990E-7 760000000. 6.38789E-7 800000000. 6.85296E-7744310  5 5123
 840000000. 7.02756E-7 880000000. 7.70803E-7 920000000. 7.74483E-7744310  5 5124
 960000000. 7.43109E-7 1.00000E+9 0.0                             744310  5 5125
 0.0        0.0             66161          0          1         20744310  5 5126
         20          1                                            744310  5 5127
 240000000. 2.44874E-8 280000000. 4.65392E-8 320000000. 7.47051E-8744310  5 5128
 360000000. 9.63155E-8 400000000. 1.22891E-7 440000000. 1.54704E-7744310  5 5129
 480000000. 1.85583E-7 520000000. 2.25358E-7 560000000. 2.54021E-7744310  5 5130
 600000000. 2.80998E-7 640000000. 3.09828E-7 680000000. 3.34234E-7744310  5 5131
 720000000. 3.59411E-7 760000000. 3.83518E-7 800000000. 4.13868E-7744310  5 5132
 840000000. 4.23637E-7 880000000. 4.14185E-7 920000000. 4.16822E-7744310  5 5133
 960000000. 4.19597E-7 1.00000E+9 0.0                             744310  5 5134
 0.0        0.0             66162          0          1         19744310  5 5135
         19          1                                            744310  5 5136
 280000000. 2.23510E-8 320000000. 2.38034E-8 360000000. 3.84655E-8744310  5 5137
 400000000. 5.65778E-8 440000000. 7.16659E-8 480000000. 8.94694E-8744310  5 5138
 520000000. 1.03990E-7 560000000. 1.22306E-7 600000000. 1.41423E-7744310  5 5139
 640000000. 1.59101E-7 680000000. 1.65110E-7 720000000. 1.75697E-7744310  5 5140
 760000000. 1.94430E-7 800000000. 2.05162E-7 840000000. 2.07541E-7744310  5 5141
 880000000. 2.11339E-7 920000000. 2.20677E-7 960000000. 2.20243E-7744310  5 5142
 1.00000E+9 0.0                                                   744310  5 5143
 0.0        0.0             66163          0          1         20744310  5 5144
         20          1                                            744310  5 5145
 240000000. 1.03424E-8 280000000. 1.19101E-8 320000000. 1.27492E-8744310  5 5146
 360000000. 1.99962E-8 400000000. 3.15392E-8 440000000. 3.74697E-8744310  5 5147
 480000000. 4.51501E-8 520000000. 6.06916E-8 560000000. 6.16518E-8744310  5 5148
 600000000. 7.05658E-8 640000000. 1.04317E-7 680000000. 1.09250E-7744310  5 5149
 720000000. 1.02550E-7 760000000. 1.23438E-7 800000000. 1.17079E-7744310  5 5150
 840000000. 1.14442E-7 880000000. 1.30543E-7 920000000. 1.16911E-7744310  5 5151
 960000000. 1.18813E-7 1.00000E+9 0.0                             744310  5 5152
 0.0        0.0             66164          0          1         17744310  5 5153
         17          1                                            744310  5 5154
 360000000. 1.20398E-8 400000000. 1.45586E-8 440000000. 2.35526E-8744310  5 5155
 480000000. 2.63390E-8 520000000. 2.41170E-8 560000000. 3.28894E-8744310  5 5156
 600000000. 4.00348E-8 640000000. 3.93864E-8 680000000. 4.12266E-8744310  5 5157
 720000000. 4.31150E-8 760000000. 5.69115E-8 800000000. 6.41448E-8744310  5 5158
 840000000. 6.41771E-8 880000000. 6.96252E-8 920000000. 5.93440E-8744310  5 5159
 960000000. 5.67948E-8 1.00000E+9 0.0                             744310  5 5160
 0.0        0.0             66165          0          1         15744310  5 5161
         15          1                                            744310  5 5162
 440000000. 9.80320E-9 480000000. 1.07108E-8 520000000. 1.58433E-8744310  5 5163
 560000000. 1.68881E-8 600000000. 1.78720E-8 640000000. 2.39448E-8744310  5 5164
 680000000. 2.58010E-8 720000000. 2.58492E-8 760000000. 3.27954E-8744310  5 5165
 800000000. 3.89626E-8 840000000. 4.33777E-8 880000000. 4.09298E-8744310  5 5166
 920000000. 3.22833E-8 960000000. 3.31960E-8 1.00000E+9 0.0       744310  5 5167
 0.0        0.0             66166          0          1         12744310  5 5168
         12          1                                            744310  5 5169
 560000000. 1.18096E-8 600000000. 1.27888E-8 640000000. 1.15566E-8744310  5 5170
 680000000. 1.07414E-8 720000000. 1.11971E-8 760000000. 1.38101E-8744310  5 5171
 800000000. 1.64478E-8 840000000. 1.56333E-8 880000000. 1.56470E-8744310  5 5172
 920000000. 2.00462E-8 960000000. 2.53370E-8 1.00000E+9 0.0       744310  5 5173
 0.0        0.0             66167          0          1          9744310  5 5174
          9          1                                            744310  5 5175
 680000000. 1.11730E-8 720000000. 9.48261E-9 760000000. 1.03551E-8744310  5 5176
 800000000. 1.12620E-8 840000000. 1.04132E-8 880000000. 1.04399E-8744310  5 5177
 920000000. 1.04666E-8 960000000. 1.13590E-8 1.00000E+9 0.0       744310  5 5178
 0.0        0.0             67146          0          1          9744310  5 5179
          9          1                                            744310  5 5180
 680000000. 8.59238E-9 720000000. 8.61739E-9 760000000. 8.63991E-9744310  5 5181
 800000000. 8.65992E-9 840000000. 8.67992E-9 880000000. 1.38862E-8744310  5 5182
 920000000. 1.65834E-8 960000000. 1.57230E-8 1.00000E+9 0.0       744310  5 5183
 0.0        0.0             67147          0          1         11744310  5 5184
         11          1                                            744310  5 5185
 600000000. 1.70845E-8 640000000. 1.36824E-8 680000000. 3.59379E-8744310  5 5186
 720000000. 5.68944E-8 760000000. 5.70244E-8 800000000. 6.57589E-8744310  5 5187
 840000000. 7.98289E-8 880000000. 7.40282E-8 920000000. 8.18632E-8744310  5 5188
 960000000. 9.79180E-8 1.00000E+9 0.0                             744310  5 5189
 0.0        0.0             67148          0          1         14744310  5 5190
         14          1                                            744310  5 5191
 480000000. 1.80261E-8 520000000. 3.24096E-8 560000000. 6.57235E-8744310  5 5192
 600000000. 1.11451E-7 640000000. 1.40320E-7 680000000. 1.85378E-7744310  5 5193
 720000000. 2.47207E-7 760000000. 2.84186E-7 800000000. 3.03929E-7744310  5 5194
 840000000. 3.56474E-7 880000000. 4.01971E-7 920000000. 4.28047E-7744310  5 5195
 960000000. 4.92769E-7 1.00000E+9 0.0                             744310  5 5196
 0.0        0.0             67149          0          1         15744310  5 5197
         15          1                                            744310  5 5198
 440000000. 4.12395E-8 480000000. 1.05716E-7 520000000. 1.92761E-7744310  5 5199
 560000000. 2.85935E-7 600000000. 3.67749E-7 640000000. 5.12808E-7744310  5 5200
 680000000. 6.61521E-7 720000000. 7.82123E-7 760000000. 9.22349E-7744310  5 5201
 800000000. 1.05692E-6 840000000. 1.13452E-6 880000000. 1.21677E-6744310  5 5202
 920000000. 1.34882E-6 960000000. 1.43944E-6 1.00000E+9 0.0       744310  5 5203
 0.0        0.0             67150          0          1         17744310  5 5204
         17          1                                            744310  5 5205
 360000000. 2.39058E-8 400000000. 5.88912E-8 440000000. 1.44304E-7744310  5 5206
 480000000. 3.06564E-7 520000000. 5.20226E-7 560000000. 7.85125E-7744310  5 5207
 600000000. 1.04115E-6 640000000. 1.31280E-6 680000000. 1.63875E-6744310  5 5208
 720000000. 1.93084E-6 760000000. 2.19713E-6 800000000. 2.47674E-6744310  5 5209
 840000000. 2.67840E-6 880000000. 2.88768E-6 920000000. 3.00371E-6744310  5 5210
 960000000. 3.07014E-6 1.00000E+9 0.0                             744310  5 5211
 0.0        0.0             67151          0          1         17744310  5 5212
         17          1                                            744310  5 5213
 360000000. 6.71726E-8 400000000. 1.81124E-7 440000000. 4.39797E-7744310  5 5214
 480000000. 8.20872E-7 520000000. 1.25850E-6 560000000. 1.74763E-6744310  5 5215
 600000000. 2.23048E-6 640000000. 2.71418E-6 680000000. 3.17280E-6744310  5 5216
 720000000. 3.60064E-6 760000000. 4.08253E-6 800000000. 4.49968E-6744310  5 5217
 840000000. 4.80891E-6 880000000. 5.09080E-6 920000000. 5.42245E-6744310  5 5218
 960000000. 5.63173E-6 1.00000E+9 0.0                             744310  5 5219
 0.0        0.0             67152          0          1         18744310  5 5220
         18          1                                            744310  5 5221
 320000000. 4.42117E-8 360000000. 1.92090E-7 400000000. 5.37446E-7744310  5 5222
 440000000. 1.00382E-6 480000000. 1.57433E-6 520000000. 2.29677E-6744310  5 5223
 560000000. 3.11924E-6 600000000. 3.86732E-6 640000000. 4.52077E-6744310  5 5224
 680000000. 5.25132E-6 720000000. 6.02104E-6 760000000. 6.56292E-6744310  5 5225
 800000000. 7.00784E-6 840000000. 7.42781E-6 880000000. 7.77109E-6744310  5 5226
 920000000. 8.08284E-6 960000000. 8.33457E-6 1.00000E+9 0.0       744310  5 5227
 0.0        0.0             67153          0          1         18744310  5 5228
         18          1                                            744310  5 5229
 320000000. 1.50559E-7 360000000. 4.73684E-7 400000000. 1.00615E-6744310  5 5230
 440000000. 1.73772E-6 480000000. 2.62998E-6 520000000. 3.56363E-6744310  5 5231
 560000000. 4.56960E-6 600000000. 5.60912E-6 640000000. 6.54961E-6744310  5 5232
 680000000. 7.25345E-6 720000000. 7.93011E-6 760000000. 8.75157E-6744310  5 5233
 800000000. 9.35710E-6 840000000. 9.63830E-6 880000000. 9.99541E-6744310  5 5234
 920000000. 1.04190E-5 960000000. 1.06588E-5 1.00000E+9 0.0       744310  5 5235
 0.0        0.0             67154          0          1         19744310  5 5236
         19          1                                            744310  5 5237
 280000000. 8.19981E-8 320000000. 3.44208E-7 360000000. 9.01880E-7744310  5 5238
 400000000. 1.65476E-6 440000000. 2.58967E-6 480000000. 3.68361E-6744310  5 5239
 520000000. 4.91364E-6 560000000. 5.98150E-6 600000000. 6.95705E-6744310  5 5240
 640000000. 7.95040E-6 680000000. 8.75645E-6 720000000. 9.58533E-6744310  5 5241
 760000000. 1.02152E-5 800000000. 1.07588E-5 840000000. 1.11645E-5744310  5 5242
 880000000. 1.15725E-5 920000000. 1.18535E-5 960000000. 1.18719E-5744310  5 5243
 1.00000E+9 0.0                                                   744310  5 5244
 0.0        0.0             67155          0          1         19744310  5 5245
         19          1                                            744310  5 5246
 280000000. 2.11626E-7 320000000. 5.88894E-7 360000000. 1.24910E-6744310  5 5247
 400000000. 2.16368E-6 440000000. 3.15915E-6 480000000. 4.29994E-6744310  5 5248
 520000000. 5.51079E-6 560000000. 6.63813E-6 600000000. 7.65018E-6744310  5 5249
 640000000. 8.52796E-6 680000000. 9.42138E-6 720000000. 1.00613E-5744310  5 5250
 760000000. 1.05255E-5 800000000. 1.09425E-5 840000000. 1.13384E-5744310  5 5251
 880000000. 1.16909E-5 920000000. 1.18559E-5 960000000. 1.20497E-5744310  5 5252
 1.00000E+9 0.0                                                   744310  5 5253
 0.0        0.0             67156          0          1         20744310  5 5254
         20          1                                            744310  5 5255
 240000000. 8.64608E-8 280000000. 3.54645E-7 320000000. 8.40185E-7744310  5 5256
 360000000. 1.56617E-6 400000000. 2.50163E-6 440000000. 3.51342E-6744310  5 5257
 480000000. 4.63402E-6 520000000. 5.79041E-6 560000000. 6.66119E-6744310  5 5258
 600000000. 7.48940E-6 640000000. 8.31920E-6 680000000. 8.86017E-6744310  5 5259
 720000000. 9.35460E-6 760000000. 9.82526E-6 800000000. 1.03573E-5744310  5 5260
 840000000. 1.06260E-5 880000000. 1.05953E-5 920000000. 1.07099E-5744310  5 5261
 960000000. 1.08943E-5 1.00000E+9 0.0                             744310  5 5262
 0.0        0.0             67157          0          1         20744310  5 5263
         20          1                                            744310  5 5264
 240000000. 1.52003E-7 280000000. 4.82410E-7 320000000. 1.06876E-6744310  5 5265
 360000000. 1.80062E-6 400000000. 2.57745E-6 440000000. 3.33100E-6744310  5 5266
 480000000. 4.17239E-6 520000000. 5.08794E-6 560000000. 5.91479E-6744310  5 5267
 600000000. 6.56624E-6 640000000. 7.14128E-6 680000000. 7.76020E-6744310  5 5268
 720000000. 8.10041E-6 760000000. 8.38543E-6 800000000. 8.69045E-6744310  5 5269
 840000000. 8.91543E-6 880000000. 9.03345E-6 920000000. 8.98858E-6744310  5 5270
 960000000. 9.05536E-6 1.00000E+9 0.0                             744310  5 5271
 0.0        0.0             67158          0          1         20744310  5 5272
         20          1                                            744310  5 5273
 240000000. 2.07500E-7 280000000. 5.62961E-7 320000000. 1.09729E-6744310  5 5274
 360000000. 1.62913E-6 400000000. 2.27085E-6 440000000. 3.00712E-6744310  5 5275
 480000000. 3.57106E-6 520000000. 4.13676E-6 560000000. 4.83365E-6744310  5 5276
 600000000. 5.41390E-6 640000000. 5.78468E-6 680000000. 6.16906E-6744310  5 5277
 720000000. 6.36469E-6 760000000. 6.63375E-6 800000000. 6.90867E-6744310  5 5278
 840000000. 6.94232E-6 880000000. 7.03001E-6 920000000. 6.93655E-6744310  5 5279
 960000000. 6.91611E-6 1.00000E+9 0.0                             744310  5 5280
 0.0        0.0             67159          0          1         21744310  5 5281
         21          1                                            744310  5 5282
 200000000. 7.78866E-8 240000000. 2.57918E-7 280000000. 5.75535E-7744310  5 5283
 320000000. 9.73925E-7 360000000. 1.47384E-6 400000000. 1.93886E-6744310  5 5284
 440000000. 2.38232E-6 480000000. 2.87702E-6 520000000. 3.34168E-6744310  5 5285
 560000000. 3.76524E-6 600000000. 4.12561E-6 640000000. 4.42584E-6744310  5 5286
 680000000. 4.55795E-6 720000000. 4.68706E-6 760000000. 4.85288E-6744310  5 5287
 800000000. 4.94153E-6 840000000. 5.00229E-6 880000000. 5.09223E-6744310  5 5288
 920000000. 5.16445E-6 960000000. 5.07998E-6 1.00000E+9 0.0       744310  5 5289
 0.0        0.0             67160          0          1         22744310  5 5290
         22          1                                            744310  5 5291
 180000000. 4.11225E-8 200000000. 1.07411E-7 240000000. 2.59600E-7744310  5 5292
 280000000. 5.06358E-7 320000000. 7.68610E-7 360000000. 1.10229E-6744310  5 5293
 400000000. 1.45621E-6 440000000. 1.72007E-6 480000000. 2.00948E-6744310  5 5294
 520000000. 2.28995E-6 560000000. 2.50114E-6 600000000. 2.69258E-6744310  5 5295
 640000000. 2.90274E-6 680000000. 3.12795E-6 720000000. 3.28311E-6744310  5 5296
 760000000. 3.37558E-6 800000000. 3.44921E-6 840000000. 3.48173E-6744310  5 5297
 880000000. 3.53731E-6 920000000. 3.62342E-6 960000000. 3.54854E-6744310  5 5298
 1.00000E+9 0.0                                                   744310  5 5299
 0.0        0.0             67161          0          1         22744310  5 5300
         22          1                                            744310  5 5301
 180000000. 3.64910E-8 200000000. 9.45718E-8 240000000. 2.17481E-7744310  5 5302
 280000000. 3.80395E-7 320000000. 5.68894E-7 360000000. 7.61502E-7744310  5 5303
 400000000. 9.58445E-7 440000000. 1.14836E-6 480000000. 1.36708E-6744310  5 5304
 520000000. 1.56140E-6 560000000. 1.71706E-6 600000000. 1.89099E-6744310  5 5305
 640000000. 1.96032E-6 680000000. 2.03397E-6 720000000. 2.18037E-6744310  5 5306
 760000000. 2.24658E-6 800000000. 2.22063E-6 840000000. 2.24448E-6744310  5 5307
 880000000. 2.29950E-6 920000000. 2.30501E-6 960000000. 2.30931E-6744310  5 5308
 1.00000E+9 0.0                                                   744310  5 5309
 0.0        0.0             67162          0          1         22744310  5 5310
         22          1                                            744310  5 5311
 180000000. 3.34595E-8 200000000. 7.25021E-8 240000000. 1.63950E-7744310  5 5312
 280000000. 2.83914E-7 320000000. 3.92143E-7 360000000. 5.08579E-7744310  5 5313
 400000000. 6.45538E-7 440000000. 7.62329E-7 480000000. 8.82000E-7744310  5 5314
 520000000. 9.79152E-7 560000000. 1.06153E-6 600000000. 1.16017E-6744310  5 5315
 640000000. 1.22822E-6 680000000. 1.28393E-6 720000000. 1.39668E-6744310  5 5316
 760000000. 1.42093E-6 800000000. 1.34506E-6 840000000. 1.40577E-6744310  5 5317
 880000000. 1.46790E-6 920000000. 1.43732E-6 960000000. 1.47865E-6744310  5 5318
 1.00000E+9 0.0                                                   744310  5 5319
 0.0        0.0             67163          0          1         23744310  5 5320
         23          1                                            744310  5 5321
 160000000. 1.68157E-8 180000000. 2.15017E-8 200000000. 6.27612E-8744310  5 5322
 240000000. 1.18916E-7 280000000. 1.70878E-7 320000000. 2.48734E-7744310  5 5323
 360000000. 2.93297E-7 400000000. 3.43598E-7 440000000. 4.25922E-7744310  5 5324
 480000000. 4.93580E-7 520000000. 5.72212E-7 560000000. 6.38800E-7744310  5 5325
 600000000. 6.67134E-7 640000000. 7.25489E-7 680000000. 7.65984E-7744310  5 5326
 720000000. 7.90172E-7 760000000. 8.71529E-7 800000000. 8.66367E-7744310  5 5327
 840000000. 8.72908E-7 880000000. 9.49111E-7 920000000. 9.39449E-7744310  5 5328
 960000000. 8.90796E-7 1.00000E+9 0.0                             744310  5 5329
 0.0        0.0             67164          0          1         23744310  5 5330
         23          1                                            744310  5 5331
 160000000. 1.04157E-8 180000000. 1.82455E-8 200000000. 3.64551E-8744310  5 5332
 240000000. 5.39287E-8 280000000. 9.38251E-8 320000000. 1.36145E-7744310  5 5333
 360000000. 1.65277E-7 400000000. 2.19092E-7 440000000. 2.64760E-7744310  5 5334
 480000000. 2.96492E-7 520000000. 3.25269E-7 560000000. 3.60269E-7744310  5 5335
 600000000. 4.11337E-7 640000000. 4.29784E-7 680000000. 4.40817E-7744310  5 5336
 720000000. 4.73148E-7 760000000. 4.92481E-7 800000000. 5.19467E-7744310  5 5337
 840000000. 5.42532E-7 880000000. 5.36007E-7 920000000. 5.21563E-7744310  5 5338
 960000000. 5.31347E-7 1.00000E+9 0.0                             744310  5 5339
 0.0        0.0             67165          0          1         24744310  5 5340
         24          1                                            744310  5 5341
 140000000. 8.78220E-9 160000000. 1.03843E-8 180000000. 1.04140E-8744310  5 5342
 200000000. 2.42899E-8 240000000. 4.05918E-8 280000000. 4.75336E-8744310  5 5343
 320000000. 6.51720E-8 360000000. 8.42757E-8 400000000. 1.19527E-7744310  5 5344
 440000000. 1.44303E-7 480000000. 1.53565E-7 520000000. 1.68885E-7744310  5 5345
 560000000. 1.92336E-7 600000000. 2.23158E-7 640000000. 2.42184E-7744310  5 5346
 680000000. 2.68910E-7 720000000. 3.09292E-7 760000000. 3.09509E-7744310  5 5347
 800000000. 2.95255E-7 840000000. 2.93477E-7 880000000. 2.94871E-7744310  5 5348
 920000000. 3.11324E-7 960000000. 3.09458E-7 1.00000E+9 0.0       744310  5 5349
 0.0        0.0             67166          0          1         21744310  5 5350
         21          1                                            744310  5 5351
 200000000. 9.53686E-9 240000000. 1.65677E-8 280000000. 3.07955E-8744310  5 5352
 320000000. 4.06368E-8 360000000. 3.70215E-8 400000000. 4.75932E-8744310  5 5353
 440000000. 6.19609E-8 480000000. 8.19993E-8 520000000. 9.65492E-8744310  5 5354
 560000000. 1.04587E-7 600000000. 1.30281E-7 640000000. 1.53127E-7744310  5 5355
 680000000. 1.48839E-7 720000000. 1.45571E-7 760000000. 1.58998E-7744310  5 5356
 800000000. 1.62781E-7 840000000. 1.64950E-7 880000000. 1.79125E-7744310  5 5357
 920000000. 2.03160E-7 960000000. 1.97612E-7 1.00000E+9 0.0       744310  5 5358
 0.0        0.0             67167          0          1         19744310  5 5359
         19          1                                            744310  5 5360
 280000000. 1.50773E-8 320000000. 1.98605E-8 360000000. 2.72812E-8744310  5 5361
 400000000. 2.67831E-8 440000000. 4.29626E-8 480000000. 5.92067E-8744310  5 5362
 520000000. 5.24262E-8 560000000. 5.31565E-8 600000000. 6.55275E-8744310  5 5363
 640000000. 7.78822E-8 680000000. 7.65347E-8 720000000. 7.24142E-8744310  5 5364
 760000000. 8.45908E-8 800000000. 9.95780E-8 840000000. 9.03534E-8744310  5 5365
 880000000. 9.73273E-8 920000000. 1.06458E-7 960000000. 1.09185E-7744310  5 5366
 1.00000E+9 0.0                                                   744310  5 5367
 0.0        0.0             67168          0          1         19744310  5 5368
         19          1                                            744310  5 5369
 280000000. 9.52418E-9 320000000. 1.27484E-8 360000000. 1.84278E-8744310  5 5370
 400000000. 2.10797E-8 440000000. 1.87559E-8 480000000. 1.88977E-8744310  5 5371
 520000000. 2.41065E-8 560000000. 3.20536E-8 600000000. 3.91624E-8744310  5 5372
 640000000. 3.77060E-8 680000000. 3.69285E-8 720000000. 4.30890E-8744310  5 5373
 760000000. 4.66448E-8 800000000. 4.50577E-8 840000000. 5.28770E-8744310  5 5374
 880000000. 6.95707E-8 920000000. 7.84646E-8 960000000. 7.69501E-8744310  5 5375
 1.00000E+9 0.0                                                   744310  5 5376
 0.0        0.0             67169          0          1         15744310  5 5377
         15          1                                            744310  5 5378
 440000000. 1.06064E-8 480000000. 1.14923E-8 520000000. 1.57978E-8744310  5 5379
 560000000. 1.43674E-8 600000000. 1.44488E-8 640000000. 2.64765E-8744310  5 5380
 680000000. 3.09672E-8 720000000. 2.67275E-8 760000000. 2.59197E-8744310  5 5381
 800000000. 2.08220E-8 840000000. 2.68373E-8 880000000. 3.22299E-8744310  5 5382
 920000000. 2.70286E-8 960000000. 3.05769E-8 1.00000E+9 0.0       744310  5 5383
 0.0        0.0             67170          0          1         12744310  5 5384
         12          1                                            744310  5 5385
 560000000. 8.84212E-9 600000000. 9.77747E-9 640000000. 1.11211E-8744310  5 5386
 680000000. 1.28866E-8 720000000. 1.63615E-8 760000000. 2.24403E-8744310  5 5387
 800000000. 2.51218E-8 840000000. 2.60313E-8 880000000. 2.17899E-8744310  5 5388
 920000000. 1.48311E-8 960000000. 2.26754E-8 1.00000E+9 0.0       744310  5 5389
 0.0        0.0             67171          0          1          9744310  5 5390
          9          1                                            744310  5 5391
 680000000. 9.87504E-9 720000000. 1.24907E-8 760000000. 1.29640E-8744310  5 5392
 800000000. 1.12569E-8 840000000. 9.54995E-9 880000000. 8.69993E-9744310  5 5393
 920000000. 1.39228E-8 960000000. 1.74918E-8 1.00000E+9 0.0       744310  5 5394
 0.0        0.0             67172          0          1          9744310  5 5395
          9          1                                            744310  5 5396
 680000000. 1.33214E-8 720000000. 1.24962E-8 760000000. 1.25262E-8744310  5 5397
 800000000. 1.34263E-8 840000000. 1.43265E-8 880000000. 1.52267E-8744310  5 5398
 920000000. 1.43942E-8 960000000. 1.18038E-8 1.00000E+9 0.0       744310  5 5399
 0.0        0.0             67173          0          1          4744310  5 5400
          4          1                                            744310  5 5401
 880000000. 1.00002E-8 920000000. 1.26406E-8 960000000. 1.39700E-8744310  5 5402
 1.00000E+9 0.0                                                   744310  5 5403
 0.0        0.0             68148          0          1          3744310  5 5404
          3          1                                            744310  5 5405
 920000000. 8.71000E-9 960000000. 8.71000E-9 1.00000E+9 0.0       744310  5 5406
 0.0        0.0             68149          0          1         10744310  5 5407
         10          1                                            744310  5 5408
 640000000. 1.28433E-8 680000000. 1.62988E-8 720000000. 2.24042E-8744310  5 5409
 760000000. 2.07644E-8 800000000. 3.10820E-8 840000000. 3.13424E-8744310  5 5410
 880000000. 2.86410E-8 920000000. 4.18523E-8 960000000. 3.58833E-8744310  5 5411
 1.00000E+9 0.0                                                   744310  5 5412
 0.0        0.0             68150          0          1         14744310  5 5413
         14          1                                            744310  5 5414
 480000000. 2.12701E-8 520000000. 3.57610E-8 560000000. 5.81471E-8744310  5 5415
 600000000. 8.09204E-8 640000000. 1.02577E-7 680000000. 1.38257E-7744310  5 5416
 720000000. 1.69706E-7 760000000. 1.74612E-7 800000000. 1.92926E-7744310  5 5417
 840000000. 2.20491E-7 880000000. 2.24444E-7 920000000. 2.30233E-7744310  5 5418
 960000000. 2.62918E-7 1.00000E+9 0.0                             744310  5 5419
 0.0        0.0             68151          0          1         15744310  5 5420
         15          1                                            744310  5 5421
 440000000. 5.27422E-8 480000000. 1.22859E-7 520000000. 1.87959E-7744310  5 5422
 560000000. 2.31136E-7 600000000. 3.09726E-7 640000000. 3.96917E-7744310  5 5423
 680000000. 4.92915E-7 720000000. 6.00466E-7 760000000. 6.72056E-7744310  5 5424
 800000000. 7.09198E-7 840000000. 7.41194E-7 880000000. 8.22694E-7744310  5 5425
 920000000. 8.86924E-7 960000000. 8.91554E-7 1.00000E+9 0.0       744310  5 5426
 0.0        0.0             68152          0          1         17744310  5 5427
         17          1                                            744310  5 5428
 360000000. 3.18390E-8 400000000. 9.50828E-8 440000000. 1.95720E-7744310  5 5429
 480000000. 3.41989E-7 520000000. 5.30285E-7 560000000. 7.22085E-7744310  5 5430
 600000000. 9.37895E-7 640000000. 1.16520E-6 680000000. 1.39406E-6744310  5 5431
 720000000. 1.55920E-6 760000000. 1.67906E-6 800000000. 1.86648E-6744310  5 5432
 840000000. 2.02649E-6 880000000. 2.08471E-6 920000000. 2.17798E-6744310  5 5433
 960000000. 2.28224E-6 1.00000E+9 0.0                             744310  5 5434
 0.0        0.0             68153          0          1         17744310  5 5435
         17          1                                            744310  5 5436
 360000000. 1.23027E-7 400000000. 2.93394E-7 440000000. 5.37266E-7744310  5 5437
 480000000. 9.21562E-7 520000000. 1.39330E-6 560000000. 1.78344E-6744310  5 5438
 600000000. 2.17091E-6 640000000. 2.59220E-6 680000000. 2.94884E-6744310  5 5439
 720000000. 3.27182E-6 760000000. 3.62166E-6 800000000. 3.85096E-6744310  5 5440
 840000000. 4.11491E-6 880000000. 4.29837E-6 920000000. 4.30707E-6744310  5 5441
 960000000. 4.36949E-6 1.00000E+9 0.0                             744310  5 5442
 0.0        0.0             68154          0          1         18744310  5 5443
         18          1                                            744310  5 5444
 320000000. 1.09353E-7 360000000. 3.70630E-7 400000000. 7.80284E-7744310  5 5445
 440000000. 1.33303E-6 480000000. 1.99172E-6 520000000. 2.63511E-6744310  5 5446
 560000000. 3.40689E-6 600000000. 4.12438E-6 640000000. 4.70138E-6744310  5 5447
 680000000. 5.33376E-6 720000000. 5.77889E-6 760000000. 6.15810E-6744310  5 5448
 800000000. 6.52305E-6 840000000. 6.65355E-6 880000000. 6.90502E-6744310  5 5449
 920000000. 7.06627E-6 960000000. 7.13691E-6 1.00000E+9 0.0       744310  5 5450
 0.0        0.0             68155          0          1         19744310  5 5451
         19          1                                            744310  5 5452
 280000000. 7.08732E-8 320000000. 3.03260E-7 360000000. 7.93058E-7744310  5 5453
 400000000. 1.56169E-6 440000000. 2.48368E-6 480000000. 3.45803E-6744310  5 5454
 520000000. 4.53147E-6 560000000. 5.50627E-6 600000000. 6.38884E-6744310  5 5455
 640000000. 7.21383E-6 680000000. 7.76608E-6 720000000. 8.36317E-6744310  5 5456
 760000000. 8.99298E-6 800000000. 9.28887E-6 840000000. 9.51098E-6744310  5 5457
 880000000. 9.91924E-6 920000000. 1.01123E-5 960000000. 1.00913E-5744310  5 5458
 1.00000E+9 0.0                                                   744310  5 5459
 0.0        0.0             68156          0          1         19744310  5 5460
         19          1                                            744310  5 5461
 280000000. 2.05800E-7 320000000. 6.77396E-7 360000000. 1.49598E-6744310  5 5462
 400000000. 2.56736E-6 440000000. 3.79192E-6 480000000. 5.10791E-6744310  5 5463
 520000000. 6.31117E-6 560000000. 7.41313E-6 600000000. 8.50300E-6744310  5 5464
 640000000. 9.44776E-6 680000000. 1.00642E-5 720000000. 1.06513E-5744310  5 5465
 760000000. 1.14012E-5 800000000. 1.18213E-5 840000000. 1.19229E-5744310  5 5466
 880000000. 1.20591E-5 920000000. 1.21811E-5 960000000. 1.21775E-5744310  5 5467
 1.00000E+9 0.0                                                   744310  5 5468
 0.0        0.0             68157          0          1         20744310  5 5469
         20          1                                            744310  5 5470
 240000000. 1.03955E-7 280000000. 4.87775E-7 320000000. 1.21228E-6744310  5 5471
 360000000. 2.29001E-6 400000000. 3.69617E-6 440000000. 5.08287E-6744310  5 5472
 480000000. 6.44488E-6 520000000. 7.79114E-6 560000000. 8.92137E-6744310  5 5473
 600000000. 9.95606E-6 640000000. 1.09288E-5 680000000. 1.16209E-5744310  5 5474
 720000000. 1.21230E-5 760000000. 1.25507E-5 800000000. 1.28572E-5744310  5 5475
 840000000. 1.30319E-5 880000000. 1.29085E-5 920000000. 1.29994E-5744310  5 5476
 960000000. 1.32360E-5 1.00000E+9 0.0                             744310  5 5477
 0.0        0.0             68158          0          1         20744310  5 5478
         20          1                                            744310  5 5479
 240000000. 2.42508E-7 280000000. 8.52410E-7 320000000. 1.81203E-6744310  5 5480
 360000000. 3.01881E-6 400000000. 4.35489E-6 440000000. 5.77117E-6744310  5 5481
 480000000. 7.00241E-6 520000000. 8.26709E-6 560000000. 9.51075E-6744310  5 5482
 600000000. 1.04811E-5 640000000. 1.11765E-5 680000000. 1.19737E-5744310  5 5483
 720000000. 1.26142E-5 760000000. 1.26222E-5 800000000. 1.27661E-5744310  5 5484
 840000000. 1.29469E-5 880000000. 1.30186E-5 920000000. 1.31718E-5744310  5 5485
 960000000. 1.31150E-5 1.00000E+9 0.0                             744310  5 5486
 0.0        0.0             68159          0          1         20744310  5 5487
         20          1                                            744310  5 5488
 240000000. 4.64615E-7 280000000. 1.18470E-6 320000000. 2.21473E-6744310  5 5489
 360000000. 3.42877E-6 400000000. 4.63664E-6 440000000. 5.83104E-6744310  5 5490
 480000000. 6.96312E-6 520000000. 8.05869E-6 560000000. 8.93813E-6744310  5 5491
 600000000. 9.75441E-6 640000000. 1.04026E-5 680000000. 1.08362E-5744310  5 5492
 720000000. 1.13416E-5 760000000. 1.16957E-5 800000000. 1.17136E-5744310  5 5493
 840000000. 1.16792E-5 880000000. 1.16034E-5 920000000. 1.16781E-5744310  5 5494
 960000000. 1.18000E-5 1.00000E+9 0.0                             744310  5 5495
 0.0        0.0             68160          0          1         20744310  5 5496
         20          1                                            744310  5 5497
 240000000. 6.80578E-7 280000000. 1.50004E-6 320000000. 2.46736E-6744310  5 5498
 360000000. 3.56257E-6 400000000. 4.64267E-6 440000000. 5.53273E-6744310  5 5499
 480000000. 6.40284E-6 520000000. 7.30942E-6 560000000. 8.15474E-6744310  5 5500
 600000000. 8.77679E-6 640000000. 9.08709E-6 680000000. 9.37015E-6744310  5 5501
 720000000. 9.67823E-6 760000000. 9.74942E-6 800000000. 9.84858E-6744310  5 5502
 840000000. 1.00429E-5 880000000. 1.00746E-5 920000000. 9.82386E-6744310  5 5503
 960000000. 9.55498E-6 1.00000E+9 0.0                             744310  5 5504
 0.0        0.0             68161          0          1         21744310  5 5505
         21          1                                            744310  5 5506
 200000000. 2.76789E-7 240000000. 8.34492E-7 280000000. 1.57023E-6744310  5 5507
 320000000. 2.32981E-6 360000000. 3.10177E-6 400000000. 3.92224E-6744310  5 5508
 440000000. 4.77648E-6 480000000. 5.52591E-6 520000000. 5.97375E-6744310  5 5509
 560000000. 6.48806E-6 600000000. 7.01929E-6 640000000. 7.33956E-6744310  5 5510
 680000000. 7.69462E-6 720000000. 7.82214E-6 760000000. 7.78719E-6744310  5 5511
 800000000. 7.85503E-6 840000000. 7.73600E-6 880000000. 7.69529E-6744310  5 5512
 920000000. 7.66035E-6 960000000. 7.51567E-6 1.00000E+9 0.0       744310  5 5513
 0.0        0.0             68162          0          1         22744310  5 5514
         22          1                                            744310  5 5515
 180000000. 6.93936E-8 200000000. 3.79343E-7 240000000. 8.79613E-7744310  5 5516
 280000000. 1.35428E-6 320000000. 1.92017E-6 360000000. 2.53959E-6744310  5 5517
 400000000. 3.05423E-6 440000000. 3.61984E-6 480000000. 4.22590E-6744310  5 5518
 520000000. 4.63026E-6 560000000. 4.93669E-6 600000000. 5.24235E-6744310  5 5519
 640000000. 5.51021E-6 680000000. 5.74533E-6 720000000. 5.85157E-6744310  5 5520
 760000000. 5.88653E-6 800000000. 5.81624E-6 840000000. 5.78419E-6744310  5 5521
 880000000. 5.88931E-6 920000000. 5.80364E-6 960000000. 5.65212E-6744310  5 5522
 1.00000E+9 0.0                                                   744310  5 5523
 0.0        0.0             68163          0          1         22744310  5 5524
         22          1                                            744310  5 5525
 180000000. 1.69777E-7 200000000. 4.18800E-7 240000000. 7.67639E-7744310  5 5526
 280000000. 1.16580E-6 320000000. 1.59064E-6 360000000. 1.96009E-6744310  5 5527
 400000000. 2.23524E-6 440000000. 2.66306E-6 480000000. 3.03639E-6744310  5 5528
 520000000. 3.30305E-6 560000000. 3.59907E-6 600000000. 3.81987E-6744310  5 5529
 640000000. 3.99951E-6 680000000. 4.11533E-6 720000000. 4.11898E-6744310  5 5530
 760000000. 4.14371E-6 800000000. 4.16327E-6 840000000. 4.21305E-6744310  5 5531
 880000000. 4.22544E-6 920000000. 4.07152E-6 960000000. 4.05451E-6744310  5 5532
 1.00000E+9 0.0                                                   744310  5 5533
 0.0        0.0             68164          0          1         23744310  5 5534
         23          1                                            744310  5 5535
 160000000. 6.21529E-8 180000000. 1.83621E-7 200000000. 3.56978E-7744310  5 5536
 240000000. 6.13749E-7 280000000. 8.49886E-7 320000000. 1.07133E-6744310  5 5537
 360000000. 1.32597E-6 400000000. 1.55702E-6 440000000. 1.81103E-6744310  5 5538
 480000000. 2.05768E-6 520000000. 2.25676E-6 560000000. 2.43877E-6744310  5 5539
 600000000. 2.62180E-6 640000000. 2.76718E-6 680000000. 2.74596E-6744310  5 5540
 720000000. 2.75018E-6 760000000. 2.84691E-6 800000000. 2.86831E-6744310  5 5541
 840000000. 2.85341E-6 880000000. 2.88313E-6 920000000. 2.83491E-6744310  5 5542
 960000000. 2.77850E-6 1.00000E+9 0.0                             744310  5 5543
 0.0        0.0             68165          0          1         23744310  5 5544
         23          1                                            744310  5 5545
 160000000. 8.46472E-8 180000000. 1.54059E-7 200000000. 2.51578E-7744310  5 5546
 240000000. 3.98674E-7 280000000. 5.68192E-7 320000000. 7.59729E-7744310  5 5547
 360000000. 9.08833E-7 400000000. 1.04558E-6 440000000. 1.19479E-6744310  5 5548
 480000000. 1.35030E-6 520000000. 1.44101E-6 560000000. 1.55086E-6744310  5 5549
 600000000. 1.72396E-6 640000000. 1.76539E-6 680000000. 1.76359E-6744310  5 5550
 720000000. 1.83327E-6 760000000. 1.89132E-6 800000000. 1.85289E-6744310  5 5551
 840000000. 1.82192E-6 880000000. 1.88089E-6 920000000. 1.88130E-6744310  5 5552
 960000000. 1.86000E-6 1.00000E+9 0.0                             744310  5 5553
 0.0        0.0             68166          0          1         24744310  5 5554
         24          1                                            744310  5 5555
 140000000. 3.69770E-8 160000000. 7.65851E-8 180000000. 1.05301E-7744310  5 5556
 200000000. 1.61748E-7 240000000. 2.51815E-7 280000000. 3.56348E-7744310  5 5557
 320000000. 4.67716E-7 360000000. 5.24720E-7 400000000. 6.04849E-7744310  5 5558
 440000000. 7.37862E-7 480000000. 8.06832E-7 520000000. 8.70050E-7744310  5 5559
 560000000. 9.75424E-7 600000000. 1.04961E-6 640000000. 1.09888E-6744310  5 5560
 680000000. 1.17047E-6 720000000. 1.19321E-6 760000000. 1.19661E-6744310  5 5561
 800000000. 1.19698E-6 840000000. 1.15986E-6 880000000. 1.20813E-6744310  5 5562
 920000000. 1.26550E-6 960000000. 1.20130E-6 1.00000E+9 0.0       744310  5 5563
 0.0        0.0             68167          0          1         24744310  5 5564
         24          1                                            744310  5 5565
 140000000. 2.52440E-8 160000000. 4.16000E-8 180000000. 5.49612E-8744310  5 5566
 200000000. 1.01990E-7 240000000. 1.47807E-7 280000000. 1.87656E-7744310  5 5567
 320000000. 2.61494E-7 360000000. 3.14089E-7 400000000. 3.64765E-7744310  5 5568
 440000000. 4.22854E-7 480000000. 4.80378E-7 520000000. 5.59765E-7744310  5 5569
 560000000. 6.24438E-7 600000000. 6.90702E-7 640000000. 7.14895E-7744310  5 5570
 680000000. 7.33798E-7 720000000. 7.88598E-7 760000000. 7.83896E-7744310  5 5571
 800000000. 7.32840E-7 840000000. 7.34205E-7 880000000. 7.28447E-7744310  5 5572
 920000000. 7.18481E-7 960000000. 7.81210E-7 1.00000E+9 0.0       744310  5 5573
 0.0        0.0             68168          0          1         24744310  5 5574
         24          1                                            744310  5 5575
 140000000. 1.35110E-8 160000000. 2.46587E-8 180000000. 3.67157E-8744310  5 5576
 200000000. 5.08357E-8 240000000. 8.29716E-8 280000000. 1.15016E-7744310  5 5577
 320000000. 1.55685E-7 360000000. 1.72165E-7 400000000. 1.96304E-7744310  5 5578
 440000000. 2.46868E-7 480000000. 2.88987E-7 520000000. 3.31099E-7744310  5 5579
 560000000. 3.43488E-7 600000000. 3.93264E-7 640000000. 4.43395E-7744310  5 5580
 680000000. 4.35029E-7 720000000. 4.45491E-7 760000000. 4.64037E-7744310  5 5581
 800000000. 4.71905E-7 840000000. 5.08525E-7 880000000. 5.33349E-7744310  5 5582
 920000000. 5.05127E-7 960000000. 4.63340E-7 1.00000E+9 0.0       744310  5 5583
 0.0        0.0             68169          0          1         23744310  5 5584
         23          1                                            744310  5 5585
 160000000. 1.47293E-8 180000000. 2.19368E-8 200000000. 3.40794E-8744310  5 5586
 240000000. 5.30621E-8 280000000. 6.51146E-8 320000000. 7.16517E-8744310  5 5587
 360000000. 9.53822E-8 400000000. 1.16619E-7 440000000. 1.27854E-7744310  5 5588
 480000000. 1.64133E-7 520000000. 1.83082E-7 560000000. 2.07474E-7744310  5 5589
 600000000. 2.35217E-7 640000000. 2.65091E-7 680000000. 2.92318E-7744310  5 5590
 720000000. 2.97285E-7 760000000. 2.96487E-7 800000000. 3.02959E-7744310  5 5591
 840000000. 3.19486E-7 880000000. 2.99391E-7 920000000. 2.94716E-7744310  5 5592
 960000000. 3.22438E-7 1.00000E+9 0.0                             744310  5 5593
 0.0        0.0             68170          0          1         21744310  5 5594
         21          1                                            744310  5 5595
 200000000. 1.50057E-8 240000000. 1.99316E-8 280000000. 2.91702E-8744310  5 5596
 320000000. 3.59311E-8 360000000. 4.95903E-8 400000000. 6.80367E-8744310  5 5597
 440000000. 7.24876E-8 480000000. 9.76192E-8 520000000. 1.04906E-7744310  5 5598
 560000000. 1.05436E-7 600000000. 1.27748E-7 640000000. 1.48843E-7744310  5 5599
 680000000. 1.73544E-7 720000000. 1.72502E-7 760000000. 1.64144E-7744310  5 5600
 800000000. 1.60272E-7 840000000. 1.67434E-7 880000000. 1.80118E-7744310  5 5601
 920000000. 1.84839E-7 960000000. 1.84477E-7 1.00000E+9 0.0       744310  5 5602
 0.0        0.0             68171          0          1         19744310  5 5603
         19          1                                            744310  5 5604
 280000000. 1.89285E-8 320000000. 2.08026E-8 360000000. 1.84510E-8744310  5 5605
 400000000. 2.50595E-8 440000000. 3.49807E-8 480000000. 4.43481E-8744310  5 5606
 520000000. 5.65322E-8 560000000. 6.58297E-8 600000000. 8.33546E-8744310  5 5607
 640000000. 1.01013E-7 680000000. 9.54557E-8 720000000. 1.05049E-7744310  5 5608
 760000000. 1.21826E-7 800000000. 1.15237E-7 840000000. 1.16257E-7744310  5 5609
 880000000. 1.11452E-7 920000000. 1.12409E-7 960000000. 1.22400E-7744310  5 5610
 1.00000E+9 0.0                                                   744310  5 5611
 0.0        0.0             68172          0          1         18744310  5 5612
         18          1                                            744310  5 5613
 320000000. 1.11806E-8 360000000. 1.20215E-8 400000000. 1.93819E-8744310  5 5614
 440000000. 2.44539E-8 480000000. 2.79142E-8 520000000. 3.16172E-8744310  5 5615
 560000000. 3.79540E-8 600000000. 5.27520E-8 640000000. 6.33312E-8744310  5 5616
 680000000. 6.19117E-8 720000000. 6.20383E-8 760000000. 6.39491E-8744310  5 5617
 800000000. 6.92330E-8 840000000. 6.86250E-8 880000000. 6.52272E-8744310  5 5618
 920000000. 7.93063E-8 960000000. 8.91593E-8 1.00000E+9 0.0       744310  5 5619
 0.0        0.0             68173          0          1         17744310  5 5620
         17          1                                            744310  5 5621
 360000000. 8.42982E-9 400000000. 9.30555E-9 440000000. 1.78360E-8744310  5 5622
 480000000. 2.38512E-8 520000000. 2.24627E-8 560000000. 2.53136E-8744310  5 5623
 600000000. 3.06426E-8 640000000. 3.93372E-8 680000000. 3.78749E-8744310  5 5624
 720000000. 3.18919E-8 760000000. 3.45499E-8 800000000. 3.89535E-8744310  5 5625
 840000000. 4.16647E-8 880000000. 4.08961E-8 920000000. 4.27161E-8744310  5 5626
 960000000. 4.54546E-8 1.00000E+9 0.0                             744310  5 5627
 0.0        0.0             68174          0          1         15744310  5 5628
         15          1                                            744310  5 5629
 440000000. 9.78942E-9 480000000. 9.86947E-9 520000000. 1.08088E-8744310  5 5630
 560000000. 1.34945E-8 600000000. 1.53346E-8 640000000. 1.62560E-8744310  5 5631
 680000000. 2.14537E-8 720000000. 2.07264E-8 760000000. 2.15531E-8744310  5 5632
 800000000. 2.42729E-8 840000000. 2.60094E-8 880000000. 2.44064E-8744310  5 5633
 920000000. 2.26427E-8 960000000. 3.31841E-8 1.00000E+9 0.0       744310  5 5634
 0.0        0.0             68175          0          1         13744310  5 5635
         13          1                                            744310  5 5636
 520000000. 1.16384E-8 560000000. 1.22065E-8 600000000. 9.77060E-9744310  5 5637
 640000000. 1.19551E-8 680000000. 1.54697E-8 720000000. 1.38054E-8744310  5 5638
 760000000. 1.38101E-8 800000000. 1.73107E-8 840000000. 1.39253E-8744310  5 5639
 880000000. 8.69993E-9 920000000. 8.71993E-9 960000000. 8.73000E-9744310  5 5640
 1.00000E+9 0.0                                                   744310  5 5641
 0.0        0.0             68176          0          1         10744310  5 5642
         10          1                                            744310  5 5643
 640000000. 1.36847E-8 680000000. 1.37348E-8 720000000. 1.37848E-8744310  5 5644
 760000000. 1.21097E-8 800000000. 9.53195E-9 840000000. 1.04064E-8744310  5 5645
 880000000. 1.13164E-8 920000000. 9.59610E-9 960000000. 1.04780E-8744310  5 5646
 1.00000E+9 0.0                                                   744310  5 5647
 0.0        0.0             68177          0          1          8744310  5 5648
          8          1                                            744310  5 5649
 720000000. 1.17758E-8 760000000. 1.12224E-8 800000000. 1.06689E-8744310  5 5650
 840000000. 1.01155E-8 880000000. 9.56205E-9 920000000. 9.00863E-9744310  5 5651
 960000000. 8.73000E-9 1.00000E+9 0.0                             744310  5 5652
 0.0        0.0             69151          0          1         12744310  5 5653
         12          1                                            744310  5 5654
 560000000. 9.25977E-9 600000000. 1.10404E-8 640000000. 1.28210E-8744310  5 5655
 680000000. 1.46015E-8 720000000. 1.29532E-8 760000000. 1.12275E-8744310  5 5656
 800000000. 1.12620E-8 840000000. 1.29997E-8 880000000. 1.65234E-8744310  5 5657
 920000000. 1.65760E-8 960000000. 1.57349E-8 1.00000E+9 0.0       744310  5 5658
 0.0        0.0             69152          0          1         14744310  5 5659
         14          1                                            744310  5 5660
 480000000. 1.71952E-8 520000000. 2.49578E-8 560000000. 3.79213E-8744310  5 5661
 600000000. 5.19645E-8 640000000. 5.39250E-8 680000000. 6.26903E-8744310  5 5662
 720000000. 8.09510E-8 760000000. 9.33043E-8 800000000. 8.49487E-8744310  5 5663
 840000000. 9.27628E-8 880000000. 1.16555E-7 920000000. 1.22958E-7744310  5 5664
 960000000. 1.22381E-7 1.00000E+9 0.0                             744310  5 5665
 0.0        0.0             69153          0          1         16744310  5 5666
         16          1                                            744310  5 5667
 400000000. 2.57114E-8 440000000. 6.41330E-8 480000000. 8.30291E-8744310  5 5668
 520000000. 1.16287E-7 560000000. 1.64535E-7 600000000. 2.07622E-7744310  5 5669
 640000000. 2.77922E-7 680000000. 3.05221E-7 720000000. 3.42711E-7744310  5 5670
 760000000. 3.95702E-7 800000000. 4.19889E-7 840000000. 4.53037E-7744310  5 5671
 880000000. 4.69815E-7 920000000. 4.78755E-7 960000000. 4.84251E-7744310  5 5672
 1.00000E+9 0.0                                                   744310  5 5673
 0.0        0.0             69154          0          1         17744310  5 5674
         17          1                                            744310  5 5675
 360000000. 4.06823E-8 400000000. 9.59835E-8 440000000. 1.85169E-7744310  5 5676
 480000000. 3.21492E-7 520000000. 4.78008E-7 560000000. 6.25947E-7744310  5 5677
 600000000. 7.53580E-7 640000000. 9.03262E-7 680000000. 1.03461E-6744310  5 5678
 720000000. 1.11432E-6 760000000. 1.14153E-6 800000000. 1.22390E-6744310  5 5679
 840000000. 1.30048E-6 880000000. 1.35855E-6 920000000. 1.44418E-6744310  5 5680
 960000000. 1.44492E-6 1.00000E+9 0.0                             744310  5 5681
 0.0        0.0             69155          0          1         18744310  5 5682
         18          1                                            744310  5 5683
 320000000. 5.59976E-8 360000000. 1.55086E-7 400000000. 3.49863E-7744310  5 5684
 440000000. 6.20299E-7 480000000. 9.26415E-7 520000000. 1.24969E-6744310  5 5685
 560000000. 1.58927E-6 600000000. 1.88720E-6 640000000. 2.10419E-6744310  5 5686
 680000000. 2.37195E-6 720000000. 2.60116E-6 760000000. 2.74537E-6744310  5 5687
 800000000. 2.89215E-6 840000000. 2.96089E-6 880000000. 3.06721E-6744310  5 5688
 920000000. 3.15797E-6 960000000. 3.20844E-6 1.00000E+9 0.0       744310  5 5689
 0.0        0.0             69156          0          1         19744310  5 5690
         19          1                                            744310  5 5691
 280000000. 5.45594E-8 320000000. 1.96107E-7 360000000. 4.91624E-7744310  5 5692
 400000000. 9.80496E-7 440000000. 1.52365E-6 480000000. 2.07830E-6744310  5 5693
 520000000. 2.67751E-6 560000000. 3.28268E-6 600000000. 3.78486E-6744310  5 5694
 640000000. 4.14963E-6 680000000. 4.58021E-6 720000000. 4.88067E-6744310  5 5695
 760000000. 5.08887E-6 800000000. 5.30684E-6 840000000. 5.39461E-6744310  5 5696
 880000000. 5.51493E-6 920000000. 5.61792E-6 960000000. 5.62493E-6744310  5 5697
 1.00000E+9 0.0                                                   744310  5 5698
 0.0        0.0             69157          0          1         19744310  5 5699
         19          1                                            744310  5 5700
 280000000. 1.60569E-7 320000000. 5.24897E-7 360000000. 1.18424E-6744310  5 5701
 400000000. 2.01395E-6 440000000. 2.89563E-6 480000000. 3.86309E-6744310  5 5702
 520000000. 4.83995E-6 560000000. 5.70626E-6 600000000. 6.36102E-6744310  5 5703
 640000000. 6.81762E-6 680000000. 7.29293E-6 720000000. 7.73293E-6744310  5 5704
 760000000. 8.18393E-6 800000000. 8.34864E-6 840000000. 8.25244E-6744310  5 5705
 880000000. 8.42745E-6 920000000. 8.49652E-6 960000000. 8.28976E-6744310  5 5706
 1.00000E+9 0.0                                                   744310  5 5707
 0.0        0.0             69158          0          1         20744310  5 5708
         20          1                                            744310  5 5709
 240000000. 9.15716E-8 280000000. 4.39046E-7 320000000. 1.21261E-6744310  5 5710
 360000000. 2.29652E-6 400000000. 3.58657E-6 440000000. 4.90467E-6744310  5 5711
 480000000. 6.08220E-6 520000000. 7.21979E-6 560000000. 8.33630E-6744310  5 5712
 600000000. 9.12014E-6 640000000. 9.69717E-6 680000000. 1.03185E-5744310  5 5713
 720000000. 1.06707E-5 760000000. 1.09618E-5 800000000. 1.11591E-5744310  5 5714
 840000000. 1.12190E-5 880000000. 1.14155E-5 920000000. 1.13995E-5744310  5 5715
 960000000. 1.11100E-5 1.00000E+9 0.0                             744310  5 5716
 0.0        0.0             69159          0          1         20744310  5 5717
         20          1                                            744310  5 5718
 240000000. 3.19600E-7 280000000. 9.97944E-7 320000000. 2.14157E-6744310  5 5719
 360000000. 3.69806E-6 400000000. 5.30619E-6 440000000. 6.71391E-6744310  5 5720
 480000000. 8.12715E-6 520000000. 9.48424E-6 560000000. 1.06581E-5744310  5 5721
 600000000. 1.15405E-5 640000000. 1.22689E-5 680000000. 1.28290E-5744310  5 5722
 720000000. 1.30311E-5 760000000. 1.31434E-5 800000000. 1.31197E-5744310  5 5723
 840000000. 1.32493E-5 880000000. 1.32015E-5 920000000. 1.31613E-5744310  5 5724
 960000000. 1.30454E-5 1.00000E+9 0.0                             744310  5 5725
 0.0        0.0             69160          0          1         21744310  5 5726
         21          1                                            744310  5 5727
 200000000. 1.56562E-7 240000000. 6.78372E-7 280000000. 1.76069E-6744310  5 5728
 320000000. 3.27855E-6 360000000. 4.94136E-6 400000000. 6.60777E-6744310  5 5729
 440000000. 8.13890E-6 480000000. 9.52406E-6 520000000. 1.08197E-5744310  5 5730
 560000000. 1.20299E-5 600000000. 1.29849E-5 640000000. 1.36368E-5744310  5 5731
 680000000. 1.39615E-5 720000000. 1.42241E-5 760000000. 1.45505E-5744310  5 5732
 800000000. 1.43540E-5 840000000. 1.41268E-5 880000000. 1.41480E-5744310  5 5733
 920000000. 1.39335E-5 960000000. 1.37438E-5 1.00000E+9 0.0       744310  5 5734
 0.0        0.0             69161          0          1         21744310  5 5735
         21          1                                            744310  5 5736
 200000000. 3.30536E-7 240000000. 1.16931E-6 280000000. 2.57523E-6744310  5 5737
 320000000. 4.21933E-6 360000000. 5.92655E-6 400000000. 7.58716E-6744310  5 5738
 440000000. 8.95739E-6 480000000. 1.01959E-5 520000000. 1.14041E-5744310  5 5739
 560000000. 1.23980E-5 600000000. 1.31966E-5 640000000. 1.37367E-5744310  5 5740
 680000000. 1.39616E-5 720000000. 1.41422E-5 760000000. 1.41095E-5744310  5 5741
 800000000. 1.41373E-5 840000000. 1.42190E-5 880000000. 1.38770E-5744310  5 5742
 920000000. 1.34272E-5 960000000. 1.32609E-5 1.00000E+9 0.0       744310  5 5743
 0.0        0.0             69162          0          1         22744310  5 5744
         22          1                                            744310  5 5745
 180000000. 1.66380E-7 200000000. 6.34170E-7 240000000. 1.65768E-6744310  5 5746
 280000000. 3.08174E-6 320000000. 4.78369E-6 360000000. 6.35265E-6744310  5 5747
 400000000. 7.63302E-6 440000000. 8.87771E-6 480000000. 9.92855E-6744310  5 5748
 520000000. 1.09763E-5 560000000. 1.19357E-5 600000000. 1.23308E-5744310  5 5749
 640000000. 1.25411E-5 680000000. 1.29103E-5 720000000. 1.30410E-5744310  5 5750
 760000000. 1.30841E-5 800000000. 1.30536E-5 840000000. 1.27964E-5744310  5 5751
 880000000. 1.25748E-5 920000000. 1.24764E-5 960000000. 1.22104E-5744310  5 5752
 1.00000E+9 0.0                                                   744310  5 5753
 0.0        0.0             69163          0          1         22744310  5 5754
         22          1                                            744310  5 5755
 180000000. 3.74109E-7 200000000. 9.27552E-7 240000000. 2.06268E-6744310  5 5756
 280000000. 3.48005E-6 320000000. 4.77457E-6 360000000. 6.03917E-6744310  5 5757
 400000000. 7.17653E-6 440000000. 8.04253E-6 480000000. 8.88784E-6744310  5 5758
 520000000. 9.45936E-6 560000000. 1.00560E-5 600000000. 1.07098E-5744310  5 5759
 640000000. 1.10942E-5 680000000. 1.12002E-5 720000000. 1.11894E-5744310  5 5760
 760000000. 1.11945E-5 800000000. 1.09857E-5 840000000. 1.08880E-5744310  5 5761
 880000000. 1.08403E-5 920000000. 1.05746E-5 960000000. 1.02144E-5744310  5 5762
 1.00000E+9 0.0                                                   744310  5 5763
 0.0        0.0             69164          0          1         23744310  5 5764
         23          1                                            744310  5 5765
 160000000. 2.77789E-7 180000000. 5.37353E-7 200000000. 1.05429E-6744310  5 5766
 240000000. 2.14838E-6 280000000. 3.31720E-6 320000000. 4.43634E-6744310  5 5767
 360000000. 5.32605E-6 400000000. 6.10883E-6 440000000. 6.86687E-6744310  5 5768
 480000000. 7.40939E-6 520000000. 7.91699E-6 560000000. 8.36235E-6744310  5 5769
 600000000. 8.79039E-6 640000000. 8.99883E-6 680000000. 9.09827E-6744310  5 5770
 720000000. 9.10920E-6 760000000. 8.96047E-6 800000000. 8.76202E-6744310  5 5771
 840000000. 8.67138E-6 880000000. 8.62664E-6 920000000. 8.51170E-6744310  5 5772
 960000000. 8.52674E-6 1.00000E+9 0.0                             744310  5 5773
 0.0        0.0             69165          0          1         24744310  5 5774
         24          1                                            744310  5 5775
 140000000. 1.57837E-7 160000000. 4.26192E-7 180000000. 6.35548E-7744310  5 5776
 200000000. 1.14060E-6 240000000. 1.97827E-6 280000000. 2.88151E-6744310  5 5777
 320000000. 3.69503E-6 360000000. 4.25460E-6 400000000. 4.83114E-6744310  5 5778
 440000000. 5.28721E-6 480000000. 5.60148E-6 520000000. 6.22357E-6744310  5 5779
 560000000. 6.75089E-6 600000000. 6.89585E-6 640000000. 7.06934E-6744310  5 5780
 680000000. 6.99810E-6 720000000. 6.91719E-6 760000000. 6.97914E-6744310  5 5781
 800000000. 6.88806E-6 840000000. 6.78580E-6 880000000. 6.60382E-6744310  5 5782
 920000000. 6.50214E-6 960000000. 6.49133E-6 1.00000E+9 0.0       744310  5 5783
 0.0        0.0             69166          0          1         24744310  5 5784
         24          1                                            744310  5 5785
 140000000. 2.46412E-7 160000000. 4.13294E-7 180000000. 5.63992E-7744310  5 5786
 200000000. 1.03529E-6 240000000. 1.71209E-6 280000000. 2.30920E-6744310  5 5787
 320000000. 2.80894E-6 360000000. 3.20581E-6 400000000. 3.58394E-6744310  5 5788
 440000000. 3.94982E-6 480000000. 4.29185E-6 520000000. 4.56618E-6744310  5 5789
 560000000. 4.76498E-6 600000000. 4.97471E-6 640000000. 5.13365E-6744310  5 5790
 680000000. 5.16147E-6 720000000. 5.23396E-6 760000000. 5.16279E-6744310  5 5791
 800000000. 4.98446E-6 840000000. 4.97622E-6 880000000. 4.99349E-6744310  5 5792
 920000000. 5.00562E-6 960000000. 4.89756E-6 1.00000E+9 0.0       744310  5 5793
 0.0        0.0             69167          0          1         25744310  5 5794
         25          1                                            744310  5 5795
 120000000. 1.09745E-7 140000000. 2.35996E-7 160000000. 3.41075E-7744310  5 5796
 180000000. 5.07907E-7 200000000. 8.06940E-7 240000000. 1.20966E-6744310  5 5797
 280000000. 1.58900E-6 320000000. 1.93019E-6 360000000. 2.26215E-6744310  5 5798
 400000000. 2.53578E-6 440000000. 2.77362E-6 480000000. 3.04283E-6744310  5 5799
 520000000. 3.29000E-6 560000000. 3.48877E-6 600000000. 3.56075E-6744310  5 5800
 640000000. 3.67063E-6 680000000. 3.80770E-6 720000000. 3.84287E-6744310  5 5801
 760000000. 3.82200E-6 800000000. 3.80009E-6 840000000. 3.77977E-6744310  5 5802
 880000000. 3.67905E-6 920000000. 3.63737E-6 960000000. 3.51989E-6744310  5 5803
 1.00000E+9 0.0                                                   744310  5 5804
 0.0        0.0             69168          0          1         25744310  5 5805
         25          1                                            744310  5 5806
 120000000. 1.07737E-7 140000000. 1.63707E-7 160000000. 2.58398E-7744310  5 5807
 180000000. 4.11589E-7 200000000. 6.22706E-7 240000000. 8.66812E-7744310  5 5808
 280000000. 1.13248E-6 320000000. 1.39808E-6 360000000. 1.60405E-6744310  5 5809
 400000000. 1.80921E-6 440000000. 1.93776E-6 480000000. 2.04560E-6744310  5 5810
 520000000. 2.17211E-6 560000000. 2.36343E-6 600000000. 2.55655E-6744310  5 5811
 640000000. 2.62706E-6 680000000. 2.60643E-6 720000000. 2.57745E-6744310  5 5812
 760000000. 2.58870E-6 800000000. 2.57744E-6 840000000. 2.51595E-6744310  5 5813
 880000000. 2.49259E-6 920000000. 2.44410E-6 960000000. 2.43572E-6744310  5 5814
 1.00000E+9 0.0                                                   744310  5 5815
 0.0        0.0             69169          0          1         25744310  5 5816
         25          1                                            744310  5 5817
 120000000. 7.99638E-8 140000000. 1.01165E-7 160000000. 1.81222E-7744310  5 5818
 180000000. 2.95879E-7 200000000. 4.13451E-7 240000000. 5.43654E-7744310  5 5819
 280000000. 6.95670E-7 320000000. 8.90891E-7 360000000. 1.06623E-6744310  5 5820
 400000000. 1.14684E-6 440000000. 1.19607E-6 480000000. 1.31173E-6744310  5 5821
 520000000. 1.44821E-6 560000000. 1.57039E-6 600000000. 1.69339E-6744310  5 5822
 640000000. 1.68948E-6 680000000. 1.69366E-6 720000000. 1.72865E-6744310  5 5823
 760000000. 1.65921E-6 800000000. 1.74420E-6 840000000. 1.82662E-6744310  5 5824
 880000000. 1.78277E-6 920000000. 1.78254E-6 960000000. 1.77447E-6744310  5 5825
 1.00000E+9 0.0                                                   744310  5 5826
 0.0        0.0             69170          0          1         26744310  5 5827
         26          1                                            744310  5 5828
 100000000. 2.93460E-8 120000000. 4.00000E-8 140000000. 5.95550E-8744310  5 5829
 160000000. 1.08240E-7 180000000. 1.63546E-7 200000000. 2.35061E-7744310  5 5830
 240000000. 3.39191E-7 280000000. 4.46252E-7 320000000. 5.24765E-7744310  5 5831
 360000000. 6.21087E-7 400000000. 7.14140E-7 440000000. 7.82752E-7744310  5 5832
 480000000. 8.97620E-7 520000000. 9.84190E-7 560000000. 1.07243E-6744310  5 5833
 600000000. 1.10635E-6 640000000. 1.12013E-6 680000000. 1.15709E-6744310  5 5834
 720000000. 1.12595E-6 760000000. 1.16869E-6 800000000. 1.23664E-6744310  5 5835
 840000000. 1.22842E-6 880000000. 1.21975E-6 920000000. 1.18634E-6744310  5 5836
 960000000. 1.15633E-6 1.00000E+9 0.0                             744310  5 5837
 0.0        0.0             69171          0          1         26744310  5 5838
         26          1                                            744310  5 5839
 100000000. 1.58511E-8 120000000. 2.86510E-8 140000000. 4.30220E-8744310  5 5840
 160000000. 6.29645E-8 180000000. 8.38504E-8 200000000. 1.25196E-7744310  5 5841
 240000000. 1.89458E-7 280000000. 2.58949E-7 320000000. 3.23186E-7744310  5 5842
 360000000. 3.67767E-7 400000000. 4.01599E-7 440000000. 4.55159E-7744310  5 5843
 480000000. 5.35469E-7 520000000. 6.29553E-7 560000000. 6.79446E-7744310  5 5844
 600000000. 6.95942E-7 640000000. 7.27556E-7 680000000. 7.66490E-7744310  5 5845
 720000000. 8.25607E-7 760000000. 8.52844E-7 800000000. 8.35832E-7744310  5 5846
 840000000. 8.34973E-7 880000000. 8.24110E-7 920000000. 7.65037E-7744310  5 5847
 960000000. 7.12489E-7 1.00000E+9 0.0                             744310  5 5848
 0.0        0.0             69172          0          1         24744310  5 5849
         24          1                                            744310  5 5850
 140000000. 2.39288E-8 160000000. 3.42587E-8 180000000. 4.47438E-8744310  5 5851
 200000000. 6.96082E-8 240000000. 1.14823E-7 280000000. 1.39805E-7744310  5 5852
 320000000. 1.61464E-7 360000000. 2.12549E-7 400000000. 2.93401E-7744310  5 5853
 440000000. 3.39928E-7 480000000. 3.41806E-7 520000000. 3.79232E-7744310  5 5854
 560000000. 3.98422E-7 600000000. 4.17235E-7 640000000. 4.90192E-7744310  5 5855
 680000000. 5.20971E-7 720000000. 4.98354E-7 760000000. 5.25055E-7744310  5 5856
 800000000. 5.41440E-7 840000000. 5.49275E-7 880000000. 5.49214E-7744310  5 5857
 920000000. 5.20622E-7 960000000. 5.41837E-7 1.00000E+9 0.0       744310  5 5858
 0.0        0.0             69173          0          1         23744310  5 5859
         23          1                                            744310  5 5860
 160000000. 1.74430E-8 180000000. 2.87438E-8 200000000. 3.66057E-8744310  5 5861
 240000000. 6.30860E-8 280000000. 8.11510E-8 320000000. 9.92453E-8744310  5 5862
 360000000. 1.30081E-7 400000000. 1.43298E-7 440000000. 1.70910E-7744310  5 5863
 480000000. 2.15120E-7 520000000. 2.63613E-7 560000000. 2.98743E-7744310  5 5864
 600000000. 2.96606E-7 640000000. 3.16491E-7 680000000. 3.34474E-7744310  5 5865
 720000000. 3.29234E-7 760000000. 3.36991E-7 800000000. 3.34306E-7744310  5 5866
 840000000. 3.16945E-7 880000000. 3.28711E-7 920000000. 3.51490E-7744310  5 5867
 960000000. 3.74826E-7 1.00000E+9 0.0                             744310  5 5868
 0.0        0.0             69174          0          1         23744310  5 5869
         23          1                                            744310  5 5870
 160000000. 1.04157E-8 180000000. 1.43157E-8 200000000. 1.91758E-8744310  5 5871
 240000000. 3.69167E-8 280000000. 4.94064E-8 320000000. 6.34194E-8744310  5 5872
 360000000. 7.72343E-8 400000000. 8.32572E-8 440000000. 1.13110E-7744310  5 5873
 480000000. 1.57546E-7 520000000. 1.69821E-7 560000000. 1.52767E-7744310  5 5874
 600000000. 1.87159E-7 640000000. 2.16620E-7 680000000. 2.19974E-7744310  5 5875
 720000000. 2.11341E-7 760000000. 2.12410E-7 800000000. 2.21777E-7744310  5 5876
 840000000. 2.39397E-7 880000000. 2.47233E-7 920000000. 2.31946E-7744310  5 5877
 960000000. 2.57741E-7 1.00000E+9 0.0                             744310  5 5878
 0.0        0.0             69175          0          1         19744310  5 5879
         19          1                                            744310  5 5880
 280000000. 2.53190E-8 320000000. 3.65575E-8 360000000. 4.81512E-8744310  5 5881
 400000000. 6.22555E-8 440000000. 6.52716E-8 480000000. 7.13906E-8744310  5 5882
 520000000. 1.09692E-7 560000000. 1.27481E-7 600000000. 1.12526E-7744310  5 5883
 640000000. 1.10394E-7 680000000. 1.27118E-7 720000000. 1.41363E-7744310  5 5884
 760000000. 1.42576E-7 800000000. 1.23972E-7 840000000. 1.11074E-7744310  5 5885
 880000000. 1.41662E-7 920000000. 1.61372E-7 960000000. 1.51244E-7744310  5 5886
 1.00000E+9 0.0                                                   744310  5 5887
 0.0        0.0             69176          0          1         19744310  5 5888
         19          1                                            744310  5 5889
 280000000. 1.50773E-8 320000000. 1.67233E-8 360000000. 2.64025E-8744310  5 5890
 400000000. 3.32419E-8 440000000. 4.78897E-8 480000000. 6.24795E-8744310  5 5891
 520000000. 6.23886E-8 560000000. 7.17112E-8 600000000. 8.09204E-8744310  5 5892
 640000000. 8.47394E-8 680000000. 8.93608E-8 720000000. 9.39562E-8744310  5 5893
 760000000. 9.50491E-8 800000000. 9.69850E-8 840000000. 9.29163E-8744310  5 5894
 880000000. 9.56497E-8 920000000. 1.02917E-7 960000000. 9.44418E-8744310  5 5895
 1.00000E+9 0.0                                                   744310  5 5896
 0.0        0.0             69177          0          1         19744310  5 5897
         19          1                                            744310  5 5898
 280000000. 8.75758E-9 320000000. 9.53821E-9 360000000. 1.52131E-8744310  5 5899
 400000000. 1.94390E-8 440000000. 2.43930E-8 480000000. 2.79500E-8744310  5 5900
 520000000. 3.24152E-8 560000000. 5.22655E-8 600000000. 5.80052E-8744310  5 5901
 640000000. 5.13465E-8 680000000. 6.09653E-8 720000000. 6.46832E-8744310  5 5902
 760000000. 5.96218E-8 800000000. 6.23312E-8 840000000. 5.99366E-8744310  5 5903
 880000000. 5.39445E-8 920000000. 5.92724E-8 960000000. 5.59940E-8744310  5 5904
 1.00000E+9 0.0                                                   744310  5 5905
 0.0        0.0             69178          0          1         18744310  5 5906
         18          1                                            744310  5 5907
 320000000. 1.11666E-8 360000000. 1.12617E-8 400000000. 1.21416E-8744310  5 5908
 440000000. 1.06249E-8 480000000. 8.21947E-9 520000000. 1.49415E-8744310  5 5909
 560000000. 2.19432E-8 600000000. 2.55327E-8 640000000. 2.23087E-8744310  5 5910
 680000000. 2.74099E-8 720000000. 3.62357E-8 760000000. 3.19771E-8744310  5 5911
 800000000. 3.46165E-8 840000000. 3.47466E-8 880000000. 3.56475E-8744310  5 5912
 920000000. 3.66494E-8 960000000. 3.66909E-8 1.00000E+9 0.0       744310  5 5913
 0.0        0.0             69179          0          1         15744310  5 5914
         15          1                                            744310  5 5915
 440000000. 1.05691E-8 480000000. 1.23301E-8 520000000. 1.24736E-8744310  5 5916
 560000000. 1.51844E-8 600000000. 1.53430E-8 640000000. 1.19919E-8744310  5 5917
 680000000. 1.37270E-8 720000000. 2.15159E-8 760000000. 1.99165E-8744310  5 5918
 800000000. 1.72967E-8 840000000. 1.99716E-8 880000000. 2.00084E-8744310  5 5919
 920000000. 2.17987E-8 960000000. 2.27248E-8 1.00000E+9 0.0       744310  5 5920
 0.0        0.0             69180          0          1         10744310  5 5921
         10          1                                            744310  5 5922
 640000000. 9.41111E-9 680000000. 1.28752E-8 720000000. 1.50887E-8744310  5 5923
 760000000. 1.42585E-8 800000000. 1.12760E-8 840000000. 8.67992E-9744310  5 5924
 880000000. 1.04320E-8 920000000. 1.13461E-8 960000000. 1.04800E-8744310  5 5925
 1.00000E+9 0.0                                                   744310  5 5926
 0.0        0.0             70153          0          1          6744310  5 5927
          6          1                                            744310  5 5928
 800000000. 9.51789E-9 840000000. 9.55163E-9 880000000. 8.69000E-9744310  5 5929
 920000000. 8.69000E-9 960000000. 8.69000E-9 1.00000E+9 0.0       744310  5 5930
 0.0        0.0             70154          0          1         14744310  5 5931
         14          1                                            744310  5 5932
 480000000. 1.39273E-8 520000000. 1.91436E-8 560000000. 1.68881E-8744310  5 5933
 600000000. 2.12503E-8 640000000. 1.89010E-8 680000000. 2.22550E-8744310  5 5934
 720000000. 3.36274E-8 760000000. 3.96955E-8 800000000. 3.98859E-8744310  5 5935
 840000000. 3.38480E-8 880000000. 4.86364E-8 920000000. 5.15200E-8744310  5 5936
 960000000. 4.89001E-8 1.00000E+9 0.0                             744310  5 5937
 0.0        0.0             70155          0          1         16744310  5 5938
         16          1                                            744310  5 5939
 400000000. 1.93976E-8 440000000. 3.57093E-8 480000000. 6.07123E-8744310  5 5940
 520000000. 8.23196E-8 560000000. 1.05446E-7 600000000. 1.31959E-7744310  5 5941
 640000000. 1.63365E-7 680000000. 1.75403E-7 720000000. 1.97187E-7744310  5 5942
 760000000. 2.26378E-7 800000000. 2.19161E-7 840000000. 2.16114E-7744310  5 5943
 880000000. 2.22725E-7 920000000. 2.29332E-7 960000000. 2.35996E-7744310  5 5944
 1.00000E+9 0.0                                                   744310  5 5945
 0.0        0.0             70156          0          1         17744310  5 5946
         17          1                                            744310  5 5947
 360000000. 4.05631E-8 400000000. 1.08104E-7 440000000. 1.91782E-7744310  5 5948
 480000000. 2.92951E-7 520000000. 3.84184E-7 560000000. 4.29576E-7744310  5 5949
 600000000. 4.64967E-7 640000000. 5.44063E-7 680000000. 6.39149E-7744310  5 5950
 720000000. 6.72502E-7 760000000. 7.17588E-7 800000000. 7.75124E-7744310  5 5951
 840000000. 7.76883E-7 880000000. 7.82187E-7 920000000. 7.71013E-7744310  5 5952
 960000000. 7.78702E-7 1.00000E+9 0.0                             744310  5 5953
 0.0        0.0             70157          0          1         18744310  5 5954
         18          1                                            744310  5 5955
 320000000. 6.85629E-8 360000000. 1.68082E-7 400000000. 3.53885E-7744310  5 5956
 440000000. 5.80894E-7 480000000. 7.71660E-7 520000000. 9.98576E-7744310  5 5957
 560000000. 1.18810E-6 600000000. 1.35728E-6 640000000. 1.50888E-6744310  5 5958
 680000000. 1.61543E-6 720000000. 1.77935E-6 760000000. 1.85015E-6744310  5 5959
 800000000. 1.88323E-6 840000000. 1.92205E-6 880000000. 1.85441E-6744310  5 5960
 920000000. 1.83563E-6 960000000. 1.86531E-6 1.00000E+9 0.0       744310  5 5961
 0.0        0.0             70158          0          1         19744310  5 5962
         19          1                                            744310  5 5963
 280000000. 8.33356E-8 320000000. 2.98953E-7 360000000. 6.00627E-7744310  5 5964
 400000000. 1.02535E-6 440000000. 1.52152E-6 480000000. 1.94118E-6744310  5 5965
 520000000. 2.41966E-6 560000000. 2.89163E-6 600000000. 3.16204E-6744310  5 5966
 640000000. 3.39821E-6 680000000. 3.56359E-6 720000000. 3.62886E-6744310  5 5967
 760000000. 3.70314E-6 800000000. 3.77824E-6 840000000. 3.84537E-6744310  5 5968
 880000000. 3.77063E-6 920000000. 3.73921E-6 960000000. 3.81536E-6744310  5 5969
 1.00000E+9 0.0                                                   744310  5 5970
 0.0        0.0             70159          0          1         19744310  5 5971
         19          1                                            744310  5 5972
 280000000. 2.89106E-7 320000000. 8.33872E-7 360000000. 1.55468E-6744310  5 5973
 400000000. 2.35048E-6 440000000. 3.06429E-6 480000000. 3.85029E-6744310  5 5974
 520000000. 4.55078E-6 560000000. 5.00812E-6 600000000. 5.53414E-6744310  5 5975
 640000000. 6.01987E-6 680000000. 6.28020E-6 720000000. 6.42848E-6744310  5 5976
 760000000. 6.46691E-6 800000000. 6.43720E-6 840000000. 6.47034E-6744310  5 5977
 880000000. 6.49939E-6 920000000. 6.42618E-6 960000000. 6.39113E-6744310  5 5978
 1.00000E+9 0.0                                                   744310  5 5979
 0.0        0.0             70160          0          1         20744310  5 5980
         20          1                                            744310  5 5981
 240000000. 2.09551E-7 280000000. 8.48125E-7 320000000. 1.89815E-6744310  5 5982
 360000000. 3.04103E-6 400000000. 4.24178E-6 440000000. 5.54078E-6744310  5 5983
 480000000. 6.54411E-6 520000000. 7.32617E-6 560000000. 8.13113E-6744310  5 5984
 600000000. 8.68945E-6 640000000. 9.08682E-6 680000000. 9.42494E-6744310  5 5985
 720000000. 9.53254E-6 760000000. 9.54768E-6 800000000. 9.48553E-6744310  5 5986
 840000000. 9.45359E-6 880000000. 9.34382E-6 920000000. 9.16499E-6744310  5 5987
 960000000. 9.04310E-6 1.00000E+9 0.0                             744310  5 5988
 0.0        0.0             70161          0          1         20744310  5 5989
         20          1                                            744310  5 5990
 240000000. 5.82604E-7 280000000. 1.78244E-6 320000000. 3.34280E-6744310  5 5991
 360000000. 5.07970E-6 400000000. 6.72058E-6 440000000. 8.00707E-6744310  5 5992
 480000000. 9.16943E-6 520000000. 1.01922E-5 560000000. 1.11048E-5744310  5 5993
 600000000. 1.18676E-5 640000000. 1.23731E-5 680000000. 1.25457E-5744310  5 5994
 720000000. 1.25305E-5 760000000. 1.25439E-5 800000000. 1.24053E-5744310  5 5995
 840000000. 1.22425E-5 880000000. 1.20718E-5 920000000. 1.18369E-5744310  5 5996
 960000000. 1.15764E-5 1.00000E+9 0.0                             744310  5 5997
 0.0        0.0             70162          0          1         21744310  5 5998
         21          1                                            744310  5 5999
 200000000. 2.82847E-7 240000000. 1.39461E-6 280000000. 3.21225E-6744310  5 6000
 320000000. 5.27047E-6 360000000. 7.20351E-6 400000000. 8.94267E-6744310  5 6001
 440000000. 1.05637E-5 480000000. 1.18756E-5 520000000. 1.29461E-5744310  5 6002
 560000000. 1.38432E-5 600000000. 1.44955E-5 640000000. 1.46246E-5744310  5 6003
 680000000. 1.47384E-5 720000000. 1.48976E-5 760000000. 1.47552E-5744310  5 6004
 800000000. 1.45471E-5 840000000. 1.43088E-5 880000000. 1.38337E-5744310  5 6005
 920000000. 1.35459E-5 960000000. 1.36256E-5 1.00000E+9 0.0       744310  5 6006
 0.0        0.0             70163          0          1         21744310  5 6007
         21          1                                            744310  5 6008
 200000000. 8.31130E-7 240000000. 2.62112E-6 280000000. 4.83106E-6744310  5 6009
 320000000. 7.05410E-6 360000000. 9.02653E-6 400000000. 1.07905E-5744310  5 6010
 440000000. 1.22875E-5 480000000. 1.34971E-5 520000000. 1.43676E-5744310  5 6011
 560000000. 1.50611E-5 600000000. 1.56953E-5 640000000. 1.61207E-5744310  5 6012
 680000000. 1.62123E-5 720000000. 1.59184E-5 760000000. 1.56465E-5744310  5 6013
 800000000. 1.53807E-5 840000000. 1.51358E-5 880000000. 1.49600E-5744310  5 6014
 920000000. 1.45777E-5 960000000. 1.42213E-5 1.00000E+9 0.0       744310  5 6015
 0.0        0.0             70164          0          1         22744310  5 6016
         22          1                                            744310  5 6017
 180000000. 2.62889E-7 200000000. 1.63281E-6 240000000. 3.92196E-6744310  5 6018
 280000000. 6.16913E-6 320000000. 8.28802E-6 360000000. 1.02579E-5744310  5 6019
 400000000. 1.19520E-5 440000000. 1.30635E-5 480000000. 1.39501E-5744310  5 6020
 520000000. 1.48725E-5 560000000. 1.57633E-5 600000000. 1.60746E-5744310  5 6021
 640000000. 1.61205E-5 680000000. 1.60536E-5 720000000. 1.59177E-5744310  5 6022
 760000000. 1.57408E-5 800000000. 1.52091E-5 840000000. 1.48780E-5744310  5 6023
 880000000. 1.47237E-5 920000000. 1.44081E-5 960000000. 1.39660E-5744310  5 6024
 1.00000E+9 0.0                                                   744310  5 6025
 0.0        0.0             70165          0          1         23744310  5 6026
         23          1                                            744310  5 6027
 160000000. 1.43851E-7 180000000. 8.32529E-7 200000000. 2.60424E-6744310  5 6028
 240000000. 4.88659E-6 280000000. 6.97046E-6 320000000. 8.87373E-6744310  5 6029
 360000000. 1.04449E-5 400000000. 1.18328E-5 440000000. 1.28028E-5744310  5 6030
 480000000. 1.35810E-5 520000000. 1.43037E-5 560000000. 1.47362E-5744310  5 6031
 600000000. 1.49796E-5 640000000. 1.49863E-5 680000000. 1.50501E-5744310  5 6032
 720000000. 1.51098E-5 760000000. 1.47795E-5 800000000. 1.42846E-5744310  5 6033
 840000000. 1.39595E-5 880000000. 1.37402E-5 920000000. 1.34340E-5744310  5 6034
 960000000. 1.29265E-5 1.00000E+9 0.0                             744310  5 6035
 0.0        0.0             70166          0          1         23744310  5 6036
         23          1                                            744310  5 6037
 160000000. 5.27149E-7 180000000. 1.63740E-6 200000000. 3.31815E-6744310  5 6038
 240000000. 5.34635E-6 280000000. 7.17464E-6 320000000. 8.63923E-6744310  5 6039
 360000000. 9.73908E-6 400000000. 1.07482E-5 440000000. 1.16037E-5744310  5 6040
 480000000. 1.23293E-5 520000000. 1.28509E-5 560000000. 1.32292E-5744310  5 6041
 600000000. 1.34472E-5 640000000. 1.34364E-5 680000000. 1.34950E-5744310  5 6042
 720000000. 1.31700E-5 760000000. 1.28464E-5 800000000. 1.26805E-5744310  5 6043
 840000000. 1.22707E-5 880000000. 1.19810E-5 920000000. 1.17512E-5744310  5 6044
 960000000. 1.14301E-5 1.00000E+9 0.0                             744310  5 6045
 0.0        0.0             70167          0          1         24744310  5 6046
         24          1                                            744310  5 6047
 140000000. 2.32934E-7 160000000. 1.04648E-6 180000000. 2.23012E-6744310  5 6048
 200000000. 3.60887E-6 240000000. 5.16594E-6 280000000. 6.54849E-6744310  5 6049
 320000000. 7.75720E-6 360000000. 8.72281E-6 400000000. 9.50589E-6744310  5 6050
 440000000. 1.00704E-5 480000000. 1.04450E-5 520000000. 1.08903E-5744310  5 6051
 560000000. 1.12756E-5 600000000. 1.14925E-5 640000000. 1.13563E-5744310  5 6052
 680000000. 1.11032E-5 720000000. 1.08665E-5 760000000. 1.06366E-5744310  5 6053
 800000000. 1.05060E-5 840000000. 1.03260E-5 880000000. 1.01901E-5744310  5 6054
 920000000. 1.00768E-5 960000000. 9.81758E-6 1.00000E+9 0.0       744310  5 6055
 0.0        0.0             70168          0          1         24744310  5 6056
         24          1                                            744310  5 6057
 140000000. 5.96770E-7 160000000. 1.62751E-6 180000000. 2.47206E-6744310  5 6058
 200000000. 3.38580E-6 240000000. 4.62222E-6 280000000. 5.75930E-6744310  5 6059
 320000000. 6.56283E-6 360000000. 7.09079E-6 400000000. 7.64898E-6744310  5 6060
 440000000. 8.16478E-6 480000000. 8.69861E-6 520000000. 8.90625E-6744310  5 6061
 560000000. 9.02739E-6 600000000. 9.21338E-6 640000000. 9.10465E-6744310  5 6062
 680000000. 9.00821E-6 720000000. 9.03307E-6 760000000. 9.04680E-6744310  5 6063
 800000000. 8.79368E-6 840000000. 8.40724E-6 880000000. 8.24138E-6744310  5 6064
 920000000. 8.03758E-6 960000000. 7.74591E-6 1.00000E+9 0.0       744310  5 6065
 0.0        0.0             70169          0          1         25744310  5 6066
         25          1                                            744310  5 6067
 120000000. 2.38611E-7 140000000. 8.76853E-7 160000000. 1.63536E-6744310  5 6068
 180000000. 2.17480E-6 200000000. 2.84662E-6 240000000. 3.75976E-6744310  5 6069
 280000000. 4.51336E-6 320000000. 5.15848E-6 360000000. 5.67158E-6744310  5 6070
 400000000. 6.00765E-6 440000000. 6.35607E-6 480000000. 6.76797E-6744310  5 6071
 520000000. 6.92516E-6 560000000. 7.01212E-6 600000000. 7.13962E-6744310  5 6072
 640000000. 7.15697E-6 680000000. 7.08202E-6 720000000. 6.92163E-6744310  5 6073
 760000000. 6.82650E-6 800000000. 6.67432E-6 840000000. 6.59021E-6744310  5 6074
 880000000. 6.42478E-6 920000000. 6.24951E-6 960000000. 6.19149E-6744310  5 6075
 1.00000E+9 0.0                                                   744310  5 6076
 0.0        0.0             70170          0          1         25744310  5 6077
         25          1                                            744310  5 6078
 120000000. 4.15359E-7 140000000. 9.93206E-7 160000000. 1.40079E-6744310  5 6079
 180000000. 1.66643E-6 200000000. 2.20303E-6 240000000. 2.93244E-6744310  5 6080
 280000000. 3.39642E-6 320000000. 3.83216E-6 360000000. 4.26044E-6744310  5 6081
 400000000. 4.53192E-6 440000000. 4.76310E-6 480000000. 4.95248E-6744310  5 6082
 520000000. 5.15674E-6 560000000. 5.32229E-6 600000000. 5.34046E-6744310  5 6083
 640000000. 5.34355E-6 680000000. 5.42641E-6 720000000. 5.46585E-6744310  5 6084
 760000000. 5.35830E-6 800000000. 5.25987E-6 840000000. 5.11428E-6744310  5 6085
 880000000. 5.00213E-6 920000000. 4.85314E-6 960000000. 4.66627E-6744310  5 6086
 1.00000E+9 0.0                                                   744310  5 6087
 0.0        0.0             70171          0          1         25744310  5 6088
         25          1                                            744310  5 6089
 120000000. 4.32631E-7 140000000. 7.77469E-7 160000000. 9.90196E-7744310  5 6090
 180000000. 1.23036E-6 200000000. 1.59116E-6 240000000. 2.08969E-6744310  5 6091
 280000000. 2.45495E-6 320000000. 2.70633E-6 360000000. 2.98225E-6744310  5 6092
 400000000. 3.21665E-6 440000000. 3.47153E-6 480000000. 3.69145E-6744310  5 6093
 520000000. 3.81874E-6 560000000. 3.89654E-6 600000000. 3.94496E-6744310  5 6094
 640000000. 4.05254E-6 680000000. 4.09288E-6 720000000. 4.00861E-6744310  5 6095
 760000000. 3.99193E-6 800000000. 3.94515E-6 840000000. 3.84584E-6744310  5 6096
 880000000. 3.78662E-6 920000000. 3.78926E-6 960000000. 3.75884E-6744310  5 6097
 1.00000E+9 0.0                                                   744310  5 6098
 0.0        0.0             70172          0          1         26744310  5 6099
         26          1                                            744310  5 6100
 100000000. 1.38784E-7 120000000. 3.56001E-7 140000000. 5.01326E-7744310  5 6101
 160000000. 6.28896E-7 180000000. 8.23599E-7 200000000. 1.11153E-6744310  5 6102
 240000000. 1.37129E-6 280000000. 1.61175E-6 320000000. 1.87064E-6744310  5 6103
 360000000. 2.06387E-6 400000000. 2.23633E-6 440000000. 2.42428E-6744310  5 6104
 480000000. 2.63222E-6 520000000. 2.70002E-6 560000000. 2.79228E-6744310  5 6105
 600000000. 2.85068E-6 640000000. 2.87134E-6 680000000. 2.96968E-6744310  5 6106
 720000000. 2.96041E-6 760000000. 2.89749E-6 800000000. 2.89405E-6744310  5 6107
 840000000. 2.85212E-6 880000000. 2.73830E-6 920000000. 2.69055E-6744310  5 6108
 960000000. 2.69294E-6 1.00000E+9 0.0                             744310  5 6109
 0.0        0.0             70173          0          1         26744310  5 6110
         26          1                                            744310  5 6111
 100000000. 1.16022E-7 120000000. 1.96276E-7 140000000. 2.49685E-7744310  5 6112
 160000000. 3.58518E-7 180000000. 5.13073E-7 200000000. 6.76441E-7744310  5 6113
 240000000. 8.95310E-7 280000000. 1.06474E-6 320000000. 1.22141E-6744310  5 6114
 360000000. 1.42606E-6 400000000. 1.55788E-6 440000000. 1.71284E-6744310  5 6115
 480000000. 1.84711E-6 520000000. 1.93166E-6 560000000. 1.96161E-6744310  5 6116
 600000000. 2.02452E-6 640000000. 2.11868E-6 680000000. 2.12051E-6744310  5 6117
 720000000. 2.17876E-6 760000000. 2.14868E-6 800000000. 2.14716E-6744310  5 6118
 840000000. 2.21280E-6 880000000. 2.11642E-6 920000000. 2.07712E-6744310  5 6119
 960000000. 2.07792E-6 1.00000E+9 0.0                             744310  5 6120
 0.0        0.0             70174          0          1         27744310  5 6121
         27          1                                            744310  5 6122
 90000000.0 3.67801E-8 100000000. 5.92294E-8 120000000. 8.50501E-8744310  5 6123
 140000000. 1.54142E-7 160000000. 2.24391E-7 180000000. 2.80216E-7744310  5 6124
 200000000. 3.94541E-7 240000000. 5.56771E-7 280000000. 7.21944E-7744310  5 6125
 320000000. 8.67785E-7 360000000. 9.74086E-7 400000000. 1.08541E-6744310  5 6126
 440000000. 1.17743E-6 480000000. 1.22831E-6 520000000. 1.31755E-6744310  5 6127
 560000000. 1.42283E-6 600000000. 1.49590E-6 640000000. 1.52801E-6744310  5 6128
 680000000. 1.51546E-6 720000000. 1.53590E-6 760000000. 1.55537E-6744310  5 6129
 800000000. 1.53555E-6 840000000. 1.52776E-6 880000000. 1.50362E-6744310  5 6130
 920000000. 1.48085E-6 960000000. 1.48249E-6 1.00000E+9 0.0       744310  5 6131
 0.0        0.0             70175          0          1         27744310  5 6132
         27          1                                            744310  5 6133
 90000000.0 2.24778E-8 100000000. 3.19955E-8 120000000. 4.53329E-8744310  5 6134
 140000000. 6.46042E-8 160000000. 1.05761E-7 180000000. 1.60431E-7744310  5 6135
 200000000. 2.17011E-7 240000000. 3.43037E-7 280000000. 4.67301E-7744310  5 6136
 320000000. 5.46763E-7 360000000. 6.46201E-7 400000000. 7.19041E-7744310  5 6137
 440000000. 7.80357E-7 480000000. 8.38886E-7 520000000. 8.82630E-7744310  5 6138
 560000000. 9.80438E-7 600000000. 1.04218E-6 640000000. 1.06212E-6744310  5 6139
 680000000. 1.07717E-6 720000000. 1.08427E-6 760000000. 1.12918E-6744310  5 6140
 800000000. 1.14582E-6 840000000. 1.14841E-6 880000000. 1.11311E-6744310  5 6141
 920000000. 1.07359E-6 960000000. 1.04734E-6 1.00000E+9 0.0       744310  5 6142
 0.0        0.0             70176          0          1         26744310  5 6143
         26          1                                            744310  5 6144
 100000000. 1.27875E-8 120000000. 1.98562E-8 140000000. 3.73330E-8744310  5 6145
 160000000. 6.60752E-8 180000000. 1.00501E-7 200000000. 1.52313E-7744310  5 6146
 240000000. 2.42902E-7 280000000. 3.05776E-7 320000000. 3.31234E-7744310  5 6147
 360000000. 4.05098E-7 400000000. 4.92889E-7 440000000. 5.18459E-7744310  5 6148
 480000000. 5.55966E-7 520000000. 6.32175E-7 560000000. 6.73467E-7744310  5 6149
 600000000. 6.99410E-7 640000000. 7.15643E-7 680000000. 7.54394E-7744310  5 6150
 720000000. 7.67420E-7 760000000. 7.77382E-7 800000000. 8.00320E-7744310  5 6151
 840000000. 7.63173E-7 880000000. 7.55986E-7 920000000. 7.80490E-7744310  5 6152
 960000000. 7.79743E-7 1.00000E+9 0.0                             744310  5 6153
 0.0        0.0             70177          0          1         25744310  5 6154
         25          1                                            744310  5 6155
 120000000. 9.55891E-9 140000000. 1.43288E-8 160000000. 2.70116E-8744310  5 6156
 180000000. 4.23017E-8 200000000. 7.19305E-8 240000000. 1.13412E-7744310  5 6157
 280000000. 1.70706E-7 320000000. 2.20651E-7 360000000. 2.62324E-7744310  5 6158
 400000000. 3.09280E-7 440000000. 3.40470E-7 480000000. 3.69715E-7744310  5 6159
 520000000. 4.04227E-7 560000000. 4.61528E-7 600000000. 4.94191E-7744310  5 6160
 640000000. 4.99881E-7 680000000. 5.05423E-7 720000000. 5.09436E-7744310  5 6161
 760000000. 5.16685E-7 800000000. 5.27367E-7 840000000. 5.28691E-7744310  5 6162
 880000000. 5.51436E-7 920000000. 5.58284E-7 960000000. 5.54939E-7744310  5 6163
 1.00000E+9 0.0                                                   744310  5 6164
 0.0        0.0             70178          0          1         24744310  5 6165
         24          1                                            744310  5 6166
 140000000. 1.19110E-8 160000000. 1.52157E-8 180000000. 1.91157E-8744310  5 6167
 200000000. 4.40907E-8 240000000. 7.53634E-8 280000000. 1.03678E-7744310  5 6168
 320000000. 1.36845E-7 360000000. 1.52657E-7 400000000. 1.76291E-7744310  5 6169
 440000000. 1.95662E-7 480000000. 2.30594E-7 520000000. 2.76194E-7744310  5 6170
 560000000. 3.02902E-7 600000000. 3.22939E-7 640000000. 3.10825E-7744310  5 6171
 680000000. 3.11923E-7 720000000. 3.25836E-7 760000000. 3.29194E-7744310  5 6172
 800000000. 3.18791E-7 840000000. 3.34018E-7 880000000. 3.56756E-7744310  5 6173
 920000000. 3.50590E-7 960000000. 3.29649E-7 1.00000E+9 0.0       744310  5 6174
 0.0        0.0             70179          0          1         22744310  5 6175
         22          1                                            744310  5 6176
 180000000. 9.57191E-9 200000000. 3.13053E-8 240000000. 5.02342E-8744310  5 6177
 280000000. 5.62155E-8 320000000. 7.78949E-8 360000000. 9.71527E-8744310  5 6178
 400000000. 1.12478E-7 440000000. 1.42393E-7 480000000. 1.65977E-7744310  5 6179
 520000000. 1.64757E-7 560000000. 1.64567E-7 600000000. 1.86443E-7744310  5 6180
 640000000. 2.20734E-7 680000000. 2.41495E-7 720000000. 2.34571E-7744310  5 6181
 760000000. 2.19492E-7 800000000. 2.13071E-7 840000000. 2.09205E-7744310  5 6182
 880000000. 2.37350E-7 920000000. 2.33918E-7 960000000. 2.06253E-7744310  5 6183
 1.00000E+9 0.0                                                   744310  5 6184
 0.0        0.0             70180          0          1         21744310  5 6185
         21          1                                            744310  5 6186
 200000000. 1.98008E-8 240000000. 2.85799E-8 280000000. 3.33346E-8744310  5 6187
 320000000. 4.29059E-8 360000000. 5.69762E-8 400000000. 5.99835E-8744310  5 6188
 440000000. 6.83315E-8 480000000. 9.11262E-8 520000000. 1.02336E-7744310  5 6189
 560000000. 1.03807E-7 600000000. 1.11568E-7 640000000. 1.28323E-7744310  5 6190
 680000000. 1.34127E-7 720000000. 1.27599E-7 760000000. 1.37303E-7744310  5 6191
 800000000. 1.38638E-7 840000000. 1.36228E-7 880000000. 1.28865E-7744310  5 6192
 920000000. 1.21173E-7 960000000. 1.39798E-7 1.00000E+9 0.0       744310  5 6193
 0.0        0.0             70181          0          1         20744310  5 6194
         20          1                                            744310  5 6195
 240000000. 1.19202E-8 280000000. 1.58192E-8 320000000. 2.30454E-8744310  5 6196
 360000000. 3.04908E-8 400000000. 3.24241E-8 440000000. 3.90301E-8744310  5 6197
 480000000. 4.68477E-8 520000000. 5.07291E-8 560000000. 5.40200E-8744310  5 6198
 600000000. 4.52213E-8 640000000. 4.19108E-8 680000000. 6.00580E-8744310  5 6199
 720000000. 6.81487E-8 760000000. 5.53486E-8 800000000. 6.82774E-8744310  5 6200
 840000000. 8.50912E-8 880000000. 6.79525E-8 920000000. 6.01412E-8744310  5 6201
 960000000. 6.73035E-8 1.00000E+9 0.0                             744310  5 6202
 0.0        0.0             70182          0          1         16744310  5 6203
         16          1                                            744310  5 6204
 400000000. 1.21830E-8 440000000. 1.05877E-8 480000000. 1.63981E-8744310  5 6205
 520000000. 1.91491E-8 560000000. 1.77188E-8 600000000. 1.70529E-8744310  5 6206
 640000000. 2.05026E-8 680000000. 2.40810E-8 720000000. 2.24148E-8744310  5 6207
 760000000. 2.07496E-8 800000000. 2.59334E-8 840000000. 2.78151E-8744310  5 6208
 880000000. 2.17613E-8 920000000. 2.00660E-8 960000000. 2.35751E-8744310  5 6209
 1.00000E+9 0.0                                                   744310  5 6210
 0.0        0.0             70183          0          1          5744310  5 6211
          5          1                                            744310  5 6212
 840000000. 8.67000E-9 880000000. 8.67000E-9 920000000. 8.67000E-9744310  5 6213
 960000000. 8.67000E-9 1.00000E+9 0.0                             744310  5 6214
 0.0        0.0             71156          0          1         11744310  5 6215
         11          1                                            744310  5 6216
 600000000. 1.27888E-8 640000000. 1.19847E-8 680000000. 1.37384E-8744310  5 6217
 720000000. 1.38054E-8 760000000. 1.12373E-8 800000000. 1.12528E-8744310  5 6218
 840000000. 1.30132E-8 880000000. 1.39174E-8 920000000. 1.39524E-8744310  5 6219
 960000000. 1.57230E-8 1.00000E+9 0.0                             744310  5 6220
 0.0        0.0             71157          0          1         15744310  5 6221
         15          1                                            744310  5 6222
 440000000. 2.83864E-8 480000000. 4.10872E-8 520000000. 4.40802E-8744310  5 6223
 560000000. 4.97818E-8 600000000. 5.87393E-8 640000000. 5.74165E-8744310  5 6224
 680000000. 6.26462E-8 720000000. 7.41497E-8 760000000. 8.28755E-8744310  5 6225
 800000000. 9.69759E-8 840000000. 9.63828E-8 880000000. 1.00875E-7744310  5 6226
 920000000. 1.04681E-7 960000000. 9.00847E-8 1.00000E+9 0.0       744310  5 6227
 0.0        0.0             71158          0          1         17744310  5 6228
         17          1                                            744310  5 6229
 360000000. 3.20594E-8 400000000. 8.44575E-8 440000000. 1.39282E-7744310  5 6230
 480000000. 1.65028E-7 520000000. 2.23597E-7 560000000. 2.65858E-7744310  5 6231
 600000000. 2.76832E-7 640000000. 3.12257E-7 680000000. 3.25862E-7744310  5 6232
 720000000. 3.39438E-7 760000000. 3.59491E-7 800000000. 3.50763E-7744310  5 6233
 840000000. 3.54126E-7 880000000. 3.57616E-7 920000000. 3.70552E-7744310  5 6234
 960000000. 3.74180E-7 1.00000E+9 0.0                             744310  5 6235
 0.0        0.0             71159          0          1         18744310  5 6236
         18          1                                            744310  5 6237
 320000000. 7.75056E-8 360000000. 1.79176E-7 400000000. 3.10216E-7744310  5 6238
 440000000. 4.58733E-7 480000000. 5.88833E-7 520000000. 6.93596E-7744310  5 6239
 560000000. 8.05791E-7 600000000. 8.56338E-7 640000000. 9.28196E-7744310  5 6240
 680000000. 9.90302E-7 720000000. 9.80106E-7 760000000. 1.02962E-6744310  5 6241
 800000000. 1.06701E-6 840000000. 1.01072E-6 880000000. 1.00292E-6744310  5 6242
 920000000. 1.02917E-6 960000000. 1.01916E-6 1.00000E+9 0.0       744310  5 6243
 0.0        0.0             71160          0          1         19744310  5 6244
         19          1                                            744310  5 6245
 280000000. 1.20345E-7 320000000. 2.98432E-7 360000000. 5.83745E-7744310  5 6246
 400000000. 8.95609E-7 440000000. 1.26003E-6 480000000. 1.60143E-6744310  5 6247
 520000000. 1.78933E-6 560000000. 1.93662E-6 600000000. 2.05906E-6744310  5 6248
 640000000. 2.20261E-6 680000000. 2.32839E-6 720000000. 2.27980E-6744310  5 6249
 760000000. 2.32518E-6 800000000. 2.34502E-6 840000000. 2.32411E-6744310  5 6250
 880000000. 2.33136E-6 920000000. 2.25271E-6 960000000. 2.18039E-6744310  5 6251
 1.00000E+9 0.0                                                   744310  5 6252
 0.0        0.0             71161          0          1         20744310  5 6253
         20          1                                            744310  5 6254
 240000000. 1.11366E-7 280000000. 3.90630E-7 320000000. 9.16629E-7744310  5 6255
 360000000. 1.65347E-6 400000000. 2.34624E-6 440000000. 2.84539E-6744310  5 6256
 480000000. 3.20454E-6 520000000. 3.56658E-6 560000000. 3.90382E-6744310  5 6257
 600000000. 4.14929E-6 640000000. 4.31160E-6 680000000. 4.39454E-6744310  5 6258
 720000000. 4.37799E-6 760000000. 4.34853E-6 800000000. 4.32887E-6744310  5 6259
 840000000. 4.27084E-6 880000000. 4.21929E-6 920000000. 4.16868E-6744310  5 6260
 960000000. 4.10600E-6 1.00000E+9 0.0                             744310  5 6261
 0.0        0.0             71162          0          1         20744310  5 6262
         20          1                                            744310  5 6263
 240000000. 4.12279E-7 280000000. 1.15409E-6 320000000. 2.20791E-6744310  5 6264
 360000000. 3.30395E-6 400000000. 4.23055E-6 440000000. 5.01069E-6744310  5 6265
 480000000. 5.68026E-6 520000000. 6.24286E-6 560000000. 6.68129E-6744310  5 6266
 600000000. 6.94254E-6 640000000. 7.16327E-6 680000000. 7.35039E-6744310  5 6267
 720000000. 7.36655E-6 760000000. 7.22761E-6 800000000. 6.98917E-6744310  5 6268
 840000000. 6.75316E-6 880000000. 6.57484E-6 920000000. 6.45027E-6744310  5 6269
 960000000. 6.32634E-6 1.00000E+9 0.0                             744310  5 6270
 0.0        0.0             71163          0          1         21744310  5 6271
         21          1                                            744310  5 6272
 200000000. 3.02239E-7 240000000. 1.09297E-6 280000000. 2.48362E-6744310  5 6273
 320000000. 4.21001E-6 360000000. 5.81736E-6 400000000. 7.17371E-6744310  5 6274
 440000000. 8.09106E-6 480000000. 8.80971E-6 520000000. 9.57690E-6744310  5 6275
 560000000. 1.00449E-5 600000000. 1.03124E-5 640000000. 1.04581E-5744310  5 6276
 680000000. 1.04535E-5 720000000. 1.02870E-5 760000000. 1.00586E-5744310  5 6277
 800000000. 9.82526E-6 840000000. 9.60661E-6 880000000. 9.41457E-6744310  5 6278
 920000000. 9.11223E-6 960000000. 8.78597E-6 1.00000E+9 0.0       744310  5 6279
 0.0        0.0             71164          0          1         22744310  5 6280
         22          1                                            744310  5 6281
 180000000. 1.50380E-7 200000000. 9.01398E-7 240000000. 2.49713E-6744310  5 6282
 280000000. 4.64106E-6 320000000. 6.89812E-6 360000000. 8.77979E-6744310  5 6283
 400000000. 1.00834E-5 440000000. 1.11336E-5 480000000. 1.21389E-5744310  5 6284
 520000000. 1.29008E-5 560000000. 1.34057E-5 600000000. 1.36540E-5744310  5 6285
 640000000. 1.36357E-5 680000000. 1.35541E-5 720000000. 1.31396E-5744310  5 6286
 760000000. 1.25625E-5 800000000. 1.23950E-5 840000000. 1.21113E-5744310  5 6287
 880000000. 1.16686E-5 920000000. 1.13586E-5 960000000. 1.12059E-5744310  5 6288
 1.00000E+9 0.0                                                   744310  5 6289
 0.0        0.0             71165          0          1         22744310  5 6290
         22          1                                            744310  5 6291
 180000000. 7.27463E-7 200000000. 2.10094E-6 240000000. 4.49155E-6744310  5 6292
 280000000. 7.41658E-6 320000000. 9.84552E-6 360000000. 1.16922E-5744310  5 6293
 400000000. 1.31208E-5 440000000. 1.41658E-5 480000000. 1.49438E-5744310  5 6294
 520000000. 1.55899E-5 560000000. 1.60876E-5 600000000. 1.61105E-5744310  5 6295
 640000000. 1.58947E-5 680000000. 1.57041E-5 720000000. 1.53387E-5744310  5 6296
 760000000. 1.49765E-5 800000000. 1.45282E-5 840000000. 1.40362E-5744310  5 6297
 880000000. 1.37202E-5 920000000. 1.33961E-5 960000000. 1.28616E-5744310  5 6298
 1.00000E+9 0.0                                                   744310  5 6299
 0.0        0.0             71166          0          1         23744310  5 6300
         23          1                                            744310  5 6301
 160000000. 7.20765E-7 180000000. 1.82917E-6 200000000. 3.68878E-6744310  5 6302
 240000000. 6.83230E-6 280000000. 9.91434E-6 320000000. 1.21121E-5744310  5 6303
 360000000. 1.38182E-5 400000000. 1.51287E-5 440000000. 1.61168E-5744310  5 6304
 480000000. 1.68538E-5 520000000. 1.71963E-5 560000000. 1.75733E-5744310  5 6305
 600000000. 1.76686E-5 640000000. 1.73933E-5 680000000. 1.71402E-5744310  5 6306
 720000000. 1.66959E-5 760000000. 1.60076E-5 800000000. 1.55145E-5744310  5 6307
 840000000. 1.50447E-5 880000000. 1.44682E-5 920000000. 1.40861E-5744310  5 6308
 960000000. 1.37438E-5 1.00000E+9 0.0                             744310  5 6309
 0.0        0.0             71167          0          1         24744310  5 6310
         24          1                                            744310  5 6311
 140000000. 5.41759E-7 160000000. 1.87559E-6 180000000. 3.18897E-6744310  5 6312
 200000000. 5.56608E-6 240000000. 9.03578E-6 280000000. 1.17993E-5744310  5 6313
 320000000. 1.37951E-5 360000000. 1.50853E-5 400000000. 1.61495E-5744310  5 6314
 440000000. 1.70789E-5 480000000. 1.74987E-5 520000000. 1.77941E-5744310  5 6315
 560000000. 1.80349E-5 600000000. 1.79495E-5 640000000. 1.76372E-5744310  5 6316
 680000000. 1.70788E-5 720000000. 1.65823E-5 760000000. 1.60479E-5744310  5 6317
 800000000. 1.57041E-5 840000000. 1.53934E-5 880000000. 1.48145E-5744310  5 6318
 920000000. 1.43434E-5 960000000. 1.40750E-5 1.00000E+9 0.0       744310  5 6319
 0.0        0.0             71168          0          1         24744310  5 6320
         24          1                                            744310  5 6321
 140000000. 1.69562E-6 160000000. 3.29381E-6 180000000. 4.38890E-6744310  5 6322
 200000000. 7.08957E-6 240000000. 1.04898E-5 280000000. 1.27302E-5744310  5 6323
 320000000. 1.42282E-5 360000000. 1.53543E-5 400000000. 1.61773E-5744310  5 6324
 440000000. 1.66249E-5 480000000. 1.70739E-5 520000000. 1.73890E-5744310  5 6325
 560000000. 1.74013E-5 600000000. 1.72874E-5 640000000. 1.71099E-5744310  5 6326
 680000000. 1.67332E-5 720000000. 1.60714E-5 760000000. 1.53430E-5744310  5 6327
 800000000. 1.48273E-5 840000000. 1.44502E-5 880000000. 1.40901E-5744310  5 6328
 920000000. 1.36754E-5 960000000. 1.32555E-5 1.00000E+9 0.0       744310  5 6329
 0.0        0.0             71169          0          1         25744310  5 6330
         25          1                                            744310  5 6331
 120000000. 1.15283E-6 140000000. 2.92059E-6 160000000. 3.99550E-6744310  5 6332
 180000000. 5.36879E-6 200000000. 8.02734E-6 240000000. 1.07368E-5744310  5 6333
 280000000. 1.24364E-5 320000000. 1.37059E-5 360000000. 1.45276E-5744310  5 6334
 400000000. 1.52617E-5 440000000. 1.57211E-5 480000000. 1.57081E-5744310  5 6335
 520000000. 1.58536E-5 560000000. 1.59788E-5 600000000. 1.58540E-5744310  5 6336
 640000000. 1.56347E-5 680000000. 1.51926E-5 720000000. 1.47714E-5744310  5 6337
 760000000. 1.43295E-5 800000000. 1.38739E-5 840000000. 1.34832E-5744310  5 6338
 880000000. 1.29543E-5 920000000. 1.25471E-5 960000000. 1.22062E-5744310  5 6339
 1.00000E+9 0.0                                                   744310  5 6340
 0.0        0.0             71170          0          1         25744310  5 6341
         25          1                                            744310  5 6342
 120000000. 2.13028E-6 140000000. 3.30725E-6 160000000. 4.14424E-6744310  5 6343
 180000000. 5.82372E-6 200000000. 8.08404E-6 240000000. 1.02569E-5744310  5 6344
 280000000. 1.15780E-5 320000000. 1.23193E-5 360000000. 1.29344E-5744310  5 6345
 400000000. 1.34464E-5 440000000. 1.38958E-5 480000000. 1.40927E-5744310  5 6346
 520000000. 1.40923E-5 560000000. 1.41291E-5 600000000. 1.39677E-5744310  5 6347
 640000000. 1.38139E-5 680000000. 1.33902E-5 720000000. 1.29509E-5744310  5 6348
 760000000. 1.25332E-5 800000000. 1.21213E-5 840000000. 1.17189E-5744310  5 6349
 880000000. 1.14179E-5 920000000. 1.12200E-5 960000000. 1.07657E-5744310  5 6350
 1.00000E+9 0.0                                                   744310  5 6351
 0.0        0.0             71171          0          1         26744310  5 6352
         26          1                                            744310  5 6353
 100000000. 1.38380E-6 120000000. 2.71884E-6 140000000. 3.16168E-6744310  5 6354
 160000000. 4.29385E-6 180000000. 5.78383E-6 200000000. 7.26352E-6744310  5 6355
 240000000. 8.79725E-6 280000000. 9.89750E-6 320000000. 1.06248E-5744310  5 6356
 360000000. 1.12445E-5 400000000. 1.15808E-5 440000000. 1.18891E-5744310  5 6357
 480000000. 1.20649E-5 520000000. 1.19990E-5 560000000. 1.19422E-5744310  5 6358
 600000000. 1.18730E-5 640000000. 1.15443E-5 680000000. 1.11654E-5744310  5 6359
 720000000. 1.09877E-5 760000000. 1.08059E-5 800000000. 1.05031E-5744310  5 6360
 840000000. 1.01606E-5 880000000. 9.83984E-6 920000000. 9.60820E-6744310  5 6361
 960000000. 9.38966E-6 1.00000E+9 0.0                             744310  5 6362
 0.0        0.0             71172          0          1         27744310  5 6363
         27          1                                            744310  5 6364
 90000000.0 6.68208E-7 100000000. 1.63913E-6 120000000. 2.14135E-6744310  5 6365
 140000000. 2.72707E-6 160000000. 3.96281E-6 180000000. 5.13503E-6744310  5 6366
 200000000. 6.20104E-6 240000000. 7.37126E-6 280000000. 8.24569E-6744310  5 6367
 320000000. 8.75435E-6 360000000. 9.05390E-6 400000000. 9.30678E-6744310  5 6368
 440000000. 9.62074E-6 480000000. 9.67551E-6 520000000. 9.73535E-6744310  5 6369
 560000000. 9.94818E-6 600000000. 9.87474E-6 640000000. 9.56765E-6744310  5 6370
 680000000. 9.45198E-6 720000000. 9.34081E-6 760000000. 9.06120E-6744310  5 6371
 800000000. 8.72965E-6 840000000. 8.46805E-6 880000000. 8.30393E-6744310  5 6372
 920000000. 8.06317E-6 960000000. 7.83432E-6 1.00000E+9 0.0       744310  5 6373
 0.0        0.0             71173          0          1         28744310  5 6374
         28          1                                            744310  5 6375
 80000000.0 5.49168E-7 90000000.0 1.14841E-6 100000000. 1.24724E-6744310  5 6376
 120000000. 1.53543E-6 140000000. 2.46200E-6 160000000. 3.40885E-6744310  5 6377
 180000000. 4.14742E-6 200000000. 5.02252E-6 240000000. 6.04331E-6744310  5 6378
 280000000. 6.68753E-6 320000000. 7.04856E-6 360000000. 7.34117E-6744310  5 6379
 400000000. 7.64524E-6 440000000. 7.89703E-6 480000000. 7.97117E-6744310  5 6380
 520000000. 8.00046E-6 560000000. 7.99707E-6 600000000. 7.90841E-6744310  5 6381
 640000000. 7.84141E-6 680000000. 7.69243E-6 720000000. 7.41207E-6744310  5 6382
 760000000. 7.27792E-6 800000000. 7.24128E-6 840000000. 7.15133E-6744310  5 6383
 880000000. 6.94760E-6 920000000. 6.67493E-6 960000000. 6.58441E-6744310  5 6384
 1.00000E+9 0.0                                                   744310  5 6385
 0.0        0.0             71174          0          1         29744310  5 6386
         29          1                                            744310  5 6387
 70000000.0 3.14110E-7 80000000.0 6.42875E-7 90000000.0 6.80726E-7744310  5 6388
 100000000. 7.49099E-7 120000000. 1.26779E-6 140000000. 2.06375E-6744310  5 6389
 160000000. 2.59411E-6 180000000. 2.98785E-6 200000000. 3.68429E-6744310  5 6390
 240000000. 4.45624E-6 280000000. 4.98652E-6 320000000. 5.40231E-6744310  5 6391
 360000000. 5.69341E-6 400000000. 5.99644E-6 440000000. 6.17597E-6744310  5 6392
 480000000. 6.33595E-6 520000000. 6.49241E-6 560000000. 6.43899E-6744310  5 6393
 600000000. 6.48279E-6 640000000. 6.49852E-6 680000000. 6.32729E-6744310  5 6394
 720000000. 6.16385E-6 760000000. 6.01212E-6 800000000. 5.85555E-6744310  5 6395
 840000000. 5.75991E-6 880000000. 5.65742E-6 920000000. 5.54176E-6744310  5 6396
 960000000. 5.45008E-6 1.00000E+9 0.0                             744310  5 6397
 0.0        0.0             71175          0          1         30744310  5 6398
         30          1                                            744310  5 6399
 60000000.0 1.45683E-7 70000000.0 3.09449E-7 80000000.0 3.00503E-7744310  5 6400
 90000000.0 2.55961E-7 100000000. 4.94224E-7 120000000. 9.92762E-7744310  5 6401
 140000000. 1.48912E-6 160000000. 1.87335E-6 180000000. 2.26844E-6744310  5 6402
 200000000. 2.82927E-6 240000000. 3.40633E-6 280000000. 3.89087E-6744310  5 6403
 320000000. 4.24049E-6 360000000. 4.48068E-6 400000000. 4.64966E-6744310  5 6404
 440000000. 4.73187E-6 480000000. 4.83309E-6 520000000. 4.99167E-6744310  5 6405
 560000000. 5.08174E-6 600000000. 5.11292E-6 640000000. 5.09886E-6744310  5 6406
 680000000. 5.02179E-6 720000000. 4.91504E-6 760000000. 4.89966E-6744310  5 6407
 800000000. 4.86694E-6 840000000. 4.67081E-6 880000000. 4.55741E-6744310  5 6408
 920000000. 4.57660E-6 960000000. 4.47956E-6 1.00000E+9 0.0       744310  5 6409
 0.0        0.0             71176          0          1         33744310  5 6410
         33          1                                            744310  5 6411
 50000000.0 1.65500E-8 54000000.0 2.78745E-8 55000000.0 4.88471E-8744310  5 6412
 60000000.0 9.85797E-8 70000000.0 1.10195E-7 80000000.0 9.93863E-8744310  5 6413
 90000000.0 1.58903E-7 100000000. 3.89380E-7 120000000. 7.28987E-7744310  5 6414
 140000000. 1.05067E-6 160000000. 1.36844E-6 180000000. 1.67802E-6744310  5 6415
 200000000. 2.05390E-6 240000000. 2.52197E-6 280000000. 2.89510E-6744310  5 6416
 320000000. 3.17273E-6 360000000. 3.38465E-6 400000000. 3.53772E-6744310  5 6417
 440000000. 3.73108E-6 480000000. 3.80983E-6 520000000. 3.87259E-6744310  5 6418
 560000000. 4.05243E-6 600000000. 4.05489E-6 640000000. 3.90558E-6744310  5 6419
 680000000. 3.90118E-6 720000000. 3.97464E-6 760000000. 3.91140E-6744310  5 6420
 800000000. 3.79082E-6 840000000. 3.79753E-6 880000000. 3.77731E-6744310  5 6421
 920000000. 3.65021E-6 960000000. 3.56201E-6 1.00000E+9 0.0       744310  5 6422
 0.0        0.0             71177          0          1         33744310  5 6423
         33          1                                            744310  5 6424
 50000000.0 2.09616E-8 54000000.0 3.22268E-8 55000000.0 2.69856E-8744310  5 6425
 60000000.0 1.77443E-8 70000000.0 2.22957E-8 80000000.0 5.23701E-8744310  5 6426
 90000000.0 1.10779E-7 100000000. 2.49145E-7 120000000. 4.76210E-7744310  5 6427
 140000000. 6.86798E-7 160000000. 8.97735E-7 180000000. 1.14741E-6744310  5 6428
 200000000. 1.46966E-6 240000000. 1.82548E-6 280000000. 2.08353E-6744310  5 6429
 320000000. 2.23717E-6 360000000. 2.45668E-6 400000000. 2.65971E-6744310  5 6430
 440000000. 2.78876E-6 480000000. 2.92764E-6 520000000. 2.96946E-6744310  5 6431
 560000000. 3.05410E-6 600000000. 3.13557E-6 640000000. 3.18236E-6744310  5 6432
 680000000. 3.21318E-6 720000000. 3.17671E-6 760000000. 3.14952E-6744310  5 6433
 800000000. 3.08089E-6 840000000. 3.06137E-6 880000000. 3.00752E-6744310  5 6434
 920000000. 2.96222E-6 960000000. 2.95214E-6 1.00000E+9 0.0       744310  5 6435
 0.0        0.0             71178          0          1         28744310  5 6436
         28          1                                            744310  5 6437
 80000000.0 4.19055E-8 90000000.0 8.83011E-8 100000000. 1.66724E-7744310  5 6438
 120000000. 2.87110E-7 140000000. 4.13108E-7 160000000. 5.95990E-7744310  5 6439
 180000000. 7.80625E-7 200000000. 9.48915E-7 240000000. 1.20320E-6744310  5 6440
 280000000. 1.40581E-6 320000000. 1.58956E-6 360000000. 1.80442E-6744310  5 6441
 400000000. 1.90746E-6 440000000. 2.02987E-6 480000000. 2.10572E-6744310  5 6442
 520000000. 2.17845E-6 560000000. 2.30823E-6 600000000. 2.28808E-6744310  5 6443
 640000000. 2.35758E-6 680000000. 2.52150E-6 720000000. 2.49453E-6744310  5 6444
 760000000. 2.33780E-6 800000000. 2.35672E-6 840000000. 2.37293E-6744310  5 6445
 880000000. 2.26668E-6 920000000. 2.20576E-6 960000000. 2.21821E-6744310  5 6446
 1.00000E+9 0.0                                                   744310  5 6447
 0.0        0.0             71179          0          1         27744310  5 6448
         27          1                                            744310  5 6449
 90000000.0 3.19682E-8 100000000. 8.69446E-8 120000000. 1.51394E-7744310  5 6450
 140000000. 2.35462E-7 160000000. 3.68212E-7 180000000. 5.06083E-7744310  5 6451
 200000000. 6.86670E-7 240000000. 8.63965E-7 280000000. 9.79994E-7744310  5 6452
 320000000. 1.09190E-6 360000000. 1.22284E-6 400000000. 1.32975E-6744310  5 6453
 440000000. 1.41428E-6 480000000. 1.50850E-6 520000000. 1.60383E-6744310  5 6454
 560000000. 1.71227E-6 600000000. 1.74178E-6 640000000. 1.75717E-6744310  5 6455
 680000000. 1.77425E-6 720000000. 1.77906E-6 760000000. 1.78954E-6744310  5 6456
 800000000. 1.80802E-6 840000000. 1.83680E-6 880000000. 1.81248E-6744310  5 6457
 920000000. 1.76357E-6 960000000. 1.71070E-6 1.00000E+9 0.0       744310  5 6458
 0.0        0.0             71180          0          1         26744310  5 6459
         26          1                                            744310  5 6460
 100000000. 2.59207E-8 120000000. 5.33329E-8 140000000. 1.14848E-7744310  5 6461
 160000000. 2.09583E-7 180000000. 2.95262E-7 200000000. 4.28571E-7744310  5 6462
 240000000. 5.52594E-7 280000000. 6.64774E-7 320000000. 7.87643E-7744310  5 6463
 360000000. 8.35557E-7 400000000. 8.74460E-7 440000000. 9.25649E-7744310  5 6464
 480000000. 9.93133E-7 520000000. 1.05408E-6 560000000. 1.13240E-6744310  5 6465
 600000000. 1.19543E-6 640000000. 1.22897E-6 680000000. 1.24649E-6744310  5 6466
 720000000. 1.23522E-6 760000000. 1.23563E-6 800000000. 1.23493E-6744310  5 6467
 840000000. 1.25516E-6 880000000. 1.23226E-6 920000000. 1.20608E-6744310  5 6468
 960000000. 1.23154E-6 1.00000E+9 0.0                             744310  5 6469
 0.0        0.0             71181          0          1         25744310  5 6470
         25          1                                            744310  5 6471
 120000000. 2.53535E-8 140000000. 6.96217E-8 160000000. 1.22865E-7744310  5 6472
 180000000. 1.76964E-7 200000000. 2.38142E-7 240000000. 3.09246E-7744310  5 6473
 280000000. 3.91732E-7 320000000. 4.49166E-7 360000000. 4.93884E-7744310  5 6474
 400000000. 5.23202E-7 440000000. 5.55561E-7 480000000. 6.13609E-7744310  5 6475
 520000000. 6.84543E-7 560000000. 7.46010E-7 600000000. 7.69390E-7744310  5 6476
 640000000. 8.03566E-7 680000000. 8.55967E-7 720000000. 8.78403E-7744310  5 6477
 760000000. 8.91627E-7 800000000. 8.74034E-7 840000000. 8.42896E-7744310  5 6478
 880000000. 8.25787E-7 920000000. 8.27528E-7 960000000. 8.53933E-7744310  5 6479
 1.00000E+9 0.0                                                   744310  5 6480
 0.0        0.0             71182          0          1         24744310  5 6481
         24          1                                            744310  5 6482
 140000000. 4.75372E-8 160000000. 7.50793E-8 180000000. 1.05189E-7744310  5 6483
 200000000. 1.43379E-7 240000000. 1.75480E-7 280000000. 1.95425E-7744310  5 6484
 320000000. 2.12550E-7 360000000. 2.63114E-7 400000000. 2.82911E-7744310  5 6485
 440000000. 2.69743E-7 480000000. 3.24179E-7 520000000. 3.95110E-7744310  5 6486
 560000000. 4.28694E-7 600000000. 4.82780E-7 640000000. 4.89068E-7744310  5 6487
 680000000. 4.76026E-7 720000000. 5.13655E-7 760000000. 5.15083E-7744310  5 6488
 800000000. 4.97991E-7 840000000. 4.86171E-7 880000000. 4.87173E-7744310  5 6489
 920000000. 4.97103E-7 960000000. 5.09522E-7 1.00000E+9 0.0       744310  5 6490
 0.0        0.0             71183          0          1         24744310  5 6491
         24          1                                            744310  5 6492
 140000000. 1.51110E-8 160000000. 2.86116E-8 180000000. 4.23298E-8744310  5 6493
 200000000. 5.79531E-8 240000000. 6.00143E-8 280000000. 5.62509E-8744310  5 6494
 320000000. 7.08148E-8 360000000. 8.50897E-8 400000000. 9.79401E-8744310  5 6495
 440000000. 1.16408E-7 480000000. 1.33911E-7 520000000. 1.41427E-7744310  5 6496
 560000000. 1.62808E-7 600000000. 1.85714E-7 640000000. 1.81547E-7744310  5 6497
 680000000. 1.88128E-7 720000000. 2.07719E-7 760000000. 2.05692E-7744310  5 6498
 800000000. 2.16387E-7 840000000. 2.29193E-7 880000000. 2.18423E-7744310  5 6499
 920000000. 2.13657E-7 960000000. 2.21981E-7 1.00000E+9 0.0       744310  5 6500
 0.0        0.0             71184          0          1         16744310  5 6501
         16          1                                            744310  5 6502
 400000000. 1.05424E-8 440000000. 1.54216E-8 480000000. 1.64747E-8744310  5 6503
 520000000. 1.32983E-8 560000000. 1.26681E-8 600000000. 1.27572E-8744310  5 6504
 640000000. 2.30516E-8 680000000. 2.75323E-8 720000000. 2.49920E-8744310  5 6505
 760000000. 3.53534E-8 800000000. 3.90139E-8 840000000. 3.21264E-8744310  5 6506
 880000000. 3.30519E-8 920000000. 3.40159E-8 960000000. 3.66909E-8744310  5 6507
 1.00000E+9 0.0                                                   744310  5 6508
 0.0        0.0             72158          0          1          2744310  5 6509
          2          1                                            744310  5 6510
 960000000. 0.0        1.00000E+9 0.0                             744310  5 6511
 0.0        0.0             72159          0          1         15744310  5 6512
         15          1                                            744310  5 6513
 440000000. 1.14145E-8 480000000. 1.63981E-8 520000000. 1.83195E-8744310  5 6514
 560000000. 1.85496E-8 600000000. 2.55327E-8 640000000. 2.48577E-8744310  5 6515
 680000000. 2.14814E-8 720000000. 2.84003E-8 760000000. 3.02716E-8744310  5 6516
 800000000. 2.34009E-8 840000000. 1.91083E-8 880000000. 2.43182E-8744310  5 6517
 920000000. 2.79295E-8 960000000. 2.70820E-8 1.00000E+9 0.0       744310  5 6518
 0.0        0.0             72160          0          1         17744310  5 6519
         17          1                                            744310  5 6520
 360000000. 3.19351E-8 400000000. 5.49944E-8 440000000. 6.67711E-8744310  5 6521
 480000000. 9.02426E-8 520000000. 1.13958E-7 560000000. 1.15644E-7744310  5 6522
 600000000. 1.13313E-7 640000000. 1.29996E-7 680000000. 1.31622E-7744310  5 6523
 720000000. 1.28353E-7 760000000. 1.30540E-7 800000000. 1.35869E-7744310  5 6524
 840000000. 1.36383E-7 880000000. 1.26132E-7 920000000. 1.42083E-7744310  5 6525
 960000000. 1.48630E-7 1.00000E+9 0.0                             744310  5 6526
 0.0        0.0             72161          0          1         18744310  5 6527
         18          1                                            744310  5 6528
 320000000. 8.04801E-8 360000000. 1.53196E-7 400000000. 2.22963E-7744310  5 6529
 440000000. 2.73021E-7 480000000. 3.31532E-7 520000000. 3.86902E-7744310  5 6530
 560000000. 4.05033E-7 600000000. 4.56447E-7 640000000. 4.67552E-7744310  5 6531
 680000000. 4.65733E-7 720000000. 4.94732E-7 760000000. 4.90035E-7744310  5 6532
 800000000. 4.87490E-7 840000000. 4.60334E-7 880000000. 4.15912E-7744310  5 6533
 920000000. 4.18574E-7 960000000. 4.20466E-7 1.00000E+9 0.0       744310  5 6534
 0.0        0.0             72162          0          1         19744310  5 6535
         19          1                                            744310  5 6536
 280000000. 1.11022E-7 320000000. 2.99505E-7 360000000. 5.20867E-7744310  5 6537
 400000000. 6.95062E-7 440000000. 8.26444E-7 480000000. 9.80502E-7744310  5 6538
 520000000. 1.08148E-6 560000000. 1.15436E-6 600000000. 1.19893E-6744310  5 6539
 640000000. 1.22046E-6 680000000. 1.22082E-6 720000000. 1.21866E-6744310  5 6540
 760000000. 1.21085E-6 800000000. 1.20446E-6 840000000. 1.21460E-6744310  5 6541
 880000000. 1.14359E-6 920000000. 1.07720E-6 960000000. 1.08113E-6744310  5 6542
 1.00000E+9 0.0                                                   744310  5 6543
 0.0        0.0             72163          0          1         20744310  5 6544
         20          1                                            744310  5 6545
 240000000. 1.33508E-7 280000000. 4.79690E-7 320000000. 9.57833E-7744310  5 6546
 360000000. 1.39030E-6 400000000. 1.77617E-6 440000000. 2.08055E-6744310  5 6547
 480000000. 2.29670E-6 520000000. 2.47909E-6 560000000. 2.58411E-6744310  5 6548
 600000000. 2.60746E-6 640000000. 2.53261E-6 680000000. 2.52330E-6744310  5 6549
 720000000. 2.59023E-6 760000000. 2.51853E-6 800000000. 2.37244E-6744310  5 6550
 840000000. 2.34707E-6 880000000. 2.35452E-6 920000000. 2.31382E-6744310  5 6551
 960000000. 2.25538E-6 1.00000E+9 0.0                             744310  5 6552
 0.0        0.0             72164          0          1         20744310  5 6553
         20          1                                            744310  5 6554
 240000000. 5.59550E-7 280000000. 1.41629E-6 320000000. 2.24227E-6744310  5 6555
 360000000. 3.01784E-6 400000000. 3.67274E-6 440000000. 4.07920E-6744310  5 6556
 480000000. 4.39191E-6 520000000. 4.64295E-6 560000000. 4.83907E-6744310  5 6557
 600000000. 4.89967E-6 640000000. 4.88347E-6 680000000. 4.72217E-6744310  5 6558
 720000000. 4.58222E-6 760000000. 4.50443E-6 800000000. 4.35801E-6744310  5 6559
 840000000. 4.31359E-6 880000000. 4.21848E-6 920000000. 4.08275E-6744310  5 6560
 960000000. 3.89470E-6 1.00000E+9 0.0                             744310  5 6561
 0.0        0.0             72165          0          1         21744310  5 6562
         21          1                                            744310  5 6563
 200000000. 4.13621E-7 240000000. 1.61192E-6 280000000. 3.17855E-6744310  5 6564
 320000000. 4.59629E-6 360000000. 5.70008E-6 400000000. 6.41152E-6744310  5 6565
 440000000. 6.87414E-6 480000000. 7.33644E-6 520000000. 7.59703E-6744310  5 6566
 560000000. 7.60873E-6 600000000. 7.67811E-6 640000000. 7.67499E-6744310  5 6567
 680000000. 7.50977E-6 720000000. 7.26305E-6 760000000. 6.94816E-6744310  5 6568
 800000000. 6.74679E-6 840000000. 6.67121E-6 880000000. 6.43625E-6744310  5 6569
 920000000. 6.15574E-6 960000000. 6.00803E-6 1.00000E+9 0.0       744310  5 6570
 0.0        0.0             72166          0          1         22744310  5 6571
         22          1                                            744310  5 6572
 180000000. 1.29861E-7 200000000. 1.44812E-6 240000000. 3.85806E-6744310  5 6573
 280000000. 5.99037E-6 320000000. 7.71858E-6 360000000. 9.11783E-6744310  5 6574
 400000000. 1.00407E-5 440000000. 1.06455E-5 480000000. 1.09512E-5744310  5 6575
 520000000. 1.09834E-5 560000000. 1.10507E-5 600000000. 1.10908E-5744310  5 6576
 640000000. 1.08625E-5 680000000. 1.04005E-5 720000000. 1.00216E-5744310  5 6577
 760000000. 9.73096E-6 800000000. 9.37831E-6 840000000. 8.94057E-6744310  5 6578
 880000000. 8.61794E-6 920000000. 8.45445E-6 960000000. 8.31233E-6744310  5 6579
 1.00000E+9 0.0                                                   744310  5 6580
 0.0        0.0             72167          0          1         22744310  5 6581
         22          1                                            744310  5 6582
 180000000. 8.43813E-7 200000000. 3.48651E-6 240000000. 7.20000E-6744310  5 6583
 280000000. 9.80819E-6 320000000. 1.14925E-5 360000000. 1.28370E-5744310  5 6584
 400000000. 1.38617E-5 440000000. 1.42493E-5 480000000. 1.45235E-5744310  5 6585
 520000000. 1.46621E-5 560000000. 1.44757E-5 600000000. 1.42112E-5744310  5 6586
 640000000. 1.36793E-5 680000000. 1.31821E-5 720000000. 1.27712E-5744310  5 6587
 760000000. 1.23218E-5 800000000. 1.18740E-5 840000000. 1.13194E-5744310  5 6588
 880000000. 1.08774E-5 920000000. 1.05857E-5 960000000. 1.03490E-5744310  5 6589
 1.00000E+9 0.0                                                   744310  5 6590
 0.0        0.0             72168          0          1         23744310  5 6591
         23          1                                            744310  5 6592
 160000000. 7.22710E-7 180000000. 2.97722E-6 200000000. 7.02084E-6744310  5 6593
 240000000. 1.09471E-5 280000000. 1.35229E-5 320000000. 1.52918E-5744310  5 6594
 360000000. 1.64668E-5 400000000. 1.71575E-5 440000000. 1.74914E-5744310  5 6595
 480000000. 1.76523E-5 520000000. 1.76156E-5 560000000. 1.74874E-5744310  5 6596
 600000000. 1.71004E-5 640000000. 1.63569E-5 680000000. 1.57957E-5744310  5 6597
 720000000. 1.53058E-5 760000000. 1.45474E-5 800000000. 1.38862E-5744310  5 6598
 840000000. 1.34488E-5 880000000. 1.31321E-5 920000000. 1.26439E-5744310  5 6599
 960000000. 1.20924E-5 1.00000E+9 0.0                             744310  5 6600
 0.0        0.0             72169          0          1         24744310  5 6601
         24          1                                            744310  5 6602
 140000000. 5.28142E-7 160000000. 2.99072E-6 180000000. 6.84461E-6744310  5 6603
 200000000. 1.09948E-5 240000000. 1.48020E-5 280000000. 1.71209E-5744310  5 6604
 320000000. 1.85814E-5 360000000. 1.96001E-5 400000000. 2.00329E-5744310  5 6605
 440000000. 2.01833E-5 480000000. 2.01589E-5 520000000. 1.99400E-5744310  5 6606
 560000000. 1.94057E-5 600000000. 1.87486E-5 640000000. 1.82302E-5744310  5 6607
 680000000. 1.75089E-5 720000000. 1.67110E-5 760000000. 1.61519E-5744310  5 6608
 800000000. 1.55808E-5 840000000. 1.48148E-5 880000000. 1.42132E-5744310  5 6609
 920000000. 1.38281E-5 960000000. 1.33512E-5 1.00000E+9 0.0       744310  5 6610
 0.0        0.0             72170          0          1         25744310  5 6611
         25          1                                            744310  5 6612
 120000000. 2.90182E-7 140000000. 2.37548E-6 160000000. 7.05304E-6744310  5 6613
 180000000. 1.11767E-5 200000000. 1.42861E-5 240000000. 1.76656E-5744310  5 6614
 280000000. 1.97521E-5 320000000. 2.07214E-5 360000000. 2.12276E-5744310  5 6615
 400000000. 2.15368E-5 440000000. 2.15834E-5 480000000. 2.12329E-5744310  5 6616
 520000000. 2.07009E-5 560000000. 2.03567E-5 600000000. 1.98256E-5744310  5 6617
 640000000. 1.91060E-5 680000000. 1.83499E-5 720000000. 1.74381E-5744310  5 6618
 760000000. 1.66369E-5 800000000. 1.60009E-5 840000000. 1.53954E-5744310  5 6619
 880000000. 1.46473E-5 920000000. 1.40143E-5 960000000. 1.37033E-5744310  5 6620
 1.00000E+9 0.0                                                   744310  5 6621
 0.0        0.0             72171          0          1         25744310  5 6622
         25          1                                            744310  5 6623
 120000000. 1.39755E-6 140000000. 5.98751E-6 160000000. 1.10517E-5744310  5 6624
 180000000. 1.38839E-5 200000000. 1.68971E-5 240000000. 1.98480E-5744310  5 6625
 280000000. 2.12664E-5 320000000. 2.16905E-5 360000000. 2.19980E-5744310  5 6626
 400000000. 2.21527E-5 440000000. 2.18435E-5 480000000. 2.14835E-5744310  5 6627
 520000000. 2.09631E-5 560000000. 2.03784E-5 600000000. 1.95775E-5744310  5 6628
 640000000. 1.86710E-5 680000000. 1.79416E-5 720000000. 1.70308E-5744310  5 6629
 760000000. 1.63284E-5 800000000. 1.58922E-5 840000000. 1.53213E-5744310  5 6630
 880000000. 1.46820E-5 920000000. 1.42263E-5 960000000. 1.39193E-5744310  5 6631
 1.00000E+9 0.0                                                   744310  5 6632
 0.0        0.0             72172          0          1         25744310  5 6633
         25          1                                            744310  5 6634
 120000000. 4.19171E-6 140000000. 9.86537E-6 160000000. 1.33080E-5744310  5 6635
 180000000. 1.53187E-5 200000000. 1.78423E-5 240000000. 2.00832E-5744310  5 6636
 280000000. 2.09881E-5 320000000. 2.13605E-5 360000000. 2.14526E-5744310  5 6637
 400000000. 2.11440E-5 440000000. 2.06929E-5 480000000. 2.03178E-5744310  5 6638
 520000000. 2.00171E-5 560000000. 1.94205E-5 600000000. 1.85577E-5744310  5 6639
 640000000. 1.79794E-5 680000000. 1.74488E-5 720000000. 1.65376E-5744310  5 6640
 760000000. 1.56279E-5 800000000. 1.51050E-5 840000000. 1.46035E-5744310  5 6641
 880000000. 1.41420E-5 920000000. 1.37289E-5 960000000. 1.32340E-5744310  5 6642
 1.00000E+9 0.0                                                   744310  5 6643
 0.0        0.0             72173          0          1         26744310  5 6644
         26          1                                            744310  5 6645
 100000000. 2.17071E-6 120000000. 7.47443E-6 140000000. 1.18897E-5744310  5 6646
 160000000. 1.36997E-5 180000000. 1.54338E-5 200000000. 1.76269E-5744310  5 6647
 240000000. 1.94380E-5 280000000. 2.02013E-5 320000000. 2.04681E-5744310  5 6648
 360000000. 2.02757E-5 400000000. 1.98652E-5 440000000. 1.94515E-5744310  5 6649
 480000000. 1.90073E-5 520000000. 1.83668E-5 560000000. 1.77576E-5744310  5 6650
 600000000. 1.73400E-5 640000000. 1.67472E-5 680000000. 1.60665E-5744310  5 6651
 720000000. 1.53442E-5 760000000. 1.47946E-5 800000000. 1.42797E-5744310  5 6652
 840000000. 1.38423E-5 880000000. 1.33732E-5 920000000. 1.28228E-5744310  5 6653
 960000000. 1.25695E-5 1.00000E+9 0.0                             744310  5 6654
 0.0        0.0             72174          0          1         27744310  5 6655
         27          1                                            744310  5 6656
 90000000.0 7.34575E-7 100000000. 4.72786E-6 120000000. 9.83253E-6744310  5 6657
 140000000. 1.17667E-5 160000000. 1.29263E-5 180000000. 1.45826E-5744310  5 6658
 200000000. 1.65347E-5 240000000. 1.82021E-5 280000000. 1.88165E-5744310  5 6659
 320000000. 1.88053E-5 360000000. 1.86805E-5 400000000. 1.83274E-5744310  5 6660
 440000000. 1.78626E-5 480000000. 1.74126E-5 520000000. 1.68841E-5744310  5 6661
 560000000. 1.64981E-5 600000000. 1.61369E-5 640000000. 1.54255E-5744310  5 6662
 680000000. 1.48333E-5 720000000. 1.43838E-5 760000000. 1.37542E-5744310  5 6663
 800000000. 1.31167E-5 840000000. 1.27577E-5 880000000. 1.25161E-5744310  5 6664
 920000000. 1.22076E-5 960000000. 1.19010E-5 1.00000E+9 0.0       744310  5 6665
 0.0        0.0             72175          0          1         28744310  5 6666
         28          1                                            744310  5 6667
 80000000.0 5.91030E-7 90000000.0 2.54394E-6 100000000. 6.36101E-6744310  5 6668
 120000000. 9.35417E-6 140000000. 1.05220E-5 160000000. 1.18212E-5744310  5 6669
 180000000. 1.32846E-5 200000000. 1.49575E-5 240000000. 1.63487E-5744310  5 6670
 280000000. 1.67370E-5 320000000. 1.65935E-5 360000000. 1.64276E-5744310  5 6671
 400000000. 1.64447E-5 440000000. 1.61875E-5 480000000. 1.56979E-5744310  5 6672
 520000000. 1.55595E-5 560000000. 1.51370E-5 600000000. 1.45610E-5744310  5 6673
 640000000. 1.40418E-5 680000000. 1.36228E-5 720000000. 1.33472E-5744310  5 6674
 760000000. 1.27867E-5 800000000. 1.22036E-5 840000000. 1.18998E-5744310  5 6675
 880000000. 1.17389E-5 920000000. 1.14829E-5 960000000. 1.11365E-5744310  5 6676
 1.00000E+9 0.0                                                   744310  5 6677
 0.0        0.0             72176          0          1         29744310  5 6678
         29          1                                            744310  5 6679
 70000000.0 3.99663E-7 80000000.0 2.05104E-6 90000000.0 4.56246E-6744310  5 6680
 100000000. 6.62672E-6 120000000. 7.97972E-6 140000000. 8.89241E-6744310  5 6681
 160000000. 1.02127E-5 180000000. 1.17671E-5 200000000. 1.30125E-5744310  5 6682
 240000000. 1.39020E-5 280000000. 1.45123E-5 320000000. 1.46961E-5744310  5 6683
 360000000. 1.46513E-5 400000000. 1.45868E-5 440000000. 1.42340E-5744310  5 6684
 480000000. 1.39042E-5 520000000. 1.37636E-5 560000000. 1.34797E-5744310  5 6685
 600000000. 1.30842E-5 640000000. 1.25088E-5 680000000. 1.19388E-5744310  5 6686
 720000000. 1.17594E-5 760000000. 1.15891E-5 800000000. 1.11788E-5744310  5 6687
 840000000. 1.09004E-5 880000000. 1.07061E-5 920000000. 1.05491E-5744310  5 6688
 960000000. 1.03190E-5 1.00000E+9 0.0                             744310  5 6689
 0.0        0.0             72177          0          1         30744310  5 6690
         30          1                                            744310  5 6691
 60000000.0 2.30757E-7 70000000.0 1.34577E-6 80000000.0 3.26989E-6744310  5 6692
 90000000.0 4.77118E-6 100000000. 5.48695E-6 120000000. 6.29617E-6744310  5 6693
 140000000. 7.65398E-6 160000000. 8.91091E-6 180000000. 9.90066E-6744310  5 6694
 200000000. 1.11100E-5 240000000. 1.21006E-5 280000000. 1.24958E-5744310  5 6695
 320000000. 1.26033E-5 360000000. 1.26284E-5 400000000. 1.25041E-5744310  5 6696
 440000000. 1.21927E-5 480000000. 1.21258E-5 520000000. 1.21948E-5744310  5 6697
 560000000. 1.19995E-5 600000000. 1.15752E-5 640000000. 1.11982E-5744310  5 6698
 680000000. 1.09834E-5 720000000. 1.07006E-5 760000000. 1.04585E-5744310  5 6699
 800000000. 1.02953E-5 840000000. 1.00027E-5 880000000. 9.83468E-6744310  5 6700
 920000000. 9.61946E-6 960000000. 9.34296E-6 1.00000E+9 0.0       744310  5 6701
 0.0        0.0             72178          0          1         33744310  5 6702
         33          1                                            744310  5 6703
 50000000.0 1.82726E-8 54000000.0 2.96248E-8 55000000.0 8.94103E-8744310  5 6704
 60000000.0 6.87516E-7 70000000.0 2.00761E-6 80000000.0 3.15475E-6744310  5 6705
 90000000.0 3.68162E-6 100000000. 4.16754E-6 120000000. 5.08533E-6744310  5 6706
 140000000. 6.33130E-6 160000000. 7.58252E-6 180000000. 8.52874E-6744310  5 6707
 200000000. 9.39780E-6 240000000. 1.01221E-5 280000000. 1.04890E-5744310  5 6708
 320000000. 1.06264E-5 360000000. 1.06335E-5 400000000. 1.05935E-5744310  5 6709
 440000000. 1.05236E-5 480000000. 1.05288E-5 520000000. 1.05099E-5744310  5 6710
 560000000. 1.03717E-5 600000000. 1.01186E-5 640000000. 9.87459E-6744310  5 6711
 680000000. 9.76591E-6 720000000. 9.62268E-6 760000000. 9.38918E-6744310  5 6712
 800000000. 9.19240E-6 840000000. 8.95886E-6 880000000. 8.77870E-6744310  5 6713
 920000000. 8.70519E-6 960000000. 8.53572E-6 1.00000E+9 0.0       744310  5 6714
 0.0        0.0             72179          0          1         34744310  5 6715
         34          1                                            744310  5 6716
 45000000.0 2.10988E-8 50000000.0 1.14425E-7 54000000.0 2.16067E-7744310  5 6717
 55000000.0 4.44536E-7 60000000.0 1.10425E-6 70000000.0 1.78905E-6744310  5 6718
 80000000.0 2.22399E-6 90000000.0 2.57091E-6 100000000. 3.00253E-6744310  5 6719
 120000000. 3.85565E-6 140000000. 5.06806E-6 160000000. 6.19612E-6744310  5 6720
 180000000. 6.95845E-6 200000000. 7.61458E-6 240000000. 8.23625E-6744310  5 6721
 280000000. 8.54963E-6 320000000. 8.66682E-6 360000000. 8.77712E-6744310  5 6722
 400000000. 8.79346E-6 440000000. 8.63762E-6 480000000. 8.63916E-6744310  5 6723
 520000000. 8.82064E-6 560000000. 8.86042E-6 600000000. 8.72091E-6744310  5 6724
 640000000. 8.71531E-6 680000000. 8.73466E-6 720000000. 8.53673E-6744310  5 6725
 760000000. 8.40405E-6 800000000. 8.26882E-6 840000000. 8.15196E-6744310  5 6726
 880000000. 8.05472E-6 920000000. 7.92334E-6 960000000. 7.80086E-6744310  5 6727
 1.00000E+9 0.0                                                   744310  5 6728
 0.0        0.0             72180          0          1         34744310  5 6729
         34          1                                            744310  5 6730
 45000000.0 1.15845E-7 50000000.0 2.95088E-7 54000000.0 4.27819E-7744310  5 6731
 55000000.0 5.96359E-7 60000000.0 8.43730E-7 70000000.0 1.02947E-6744310  5 6732
 80000000.0 1.23403E-6 90000000.0 1.48727E-6 100000000. 1.99645E-6744310  5 6733
 120000000. 2.92867E-6 140000000. 3.95515E-6 160000000. 4.78709E-6744310  5 6734
 180000000. 5.43510E-6 200000000. 6.08702E-6 240000000. 6.59723E-6744310  5 6735
 280000000. 6.76667E-6 320000000. 6.88404E-6 360000000. 6.98664E-6744310  5 6736
 400000000. 7.15696E-6 440000000. 7.26199E-6 480000000. 7.27943E-6744310  5 6737
 520000000. 7.43615E-6 560000000. 7.54109E-6 600000000. 7.50375E-6744310  5 6738
 640000000. 7.28605E-6 680000000. 7.27674E-6 720000000. 7.44186E-6744310  5 6739
 760000000. 7.44823E-6 800000000. 7.39883E-6 840000000. 7.25678E-6744310  5 6740
 880000000. 7.06984E-6 920000000. 6.90496E-6 960000000. 6.77098E-6744310  5 6741
 1.00000E+9 0.0                                                   744310  5 6742
 0.0        0.0             72181          0          1         35744310  5 6743
         35          1                                            744310  5 6744
 40000000.0 4.96478E-8 45000000.0 1.30317E-7 50000000.0 2.40065E-7744310  5 6745
 54000000.0 2.75452E-7 55000000.0 2.71193E-7 60000000.0 2.98505E-7744310  5 6746
 70000000.0 3.81847E-7 80000000.0 5.54186E-7 90000000.0 8.24530E-7744310  5 6747
 100000000. 1.37793E-6 120000000. 2.16100E-6 140000000. 2.91884E-6744310  5 6748
 160000000. 3.53886E-6 180000000. 3.99786E-6 200000000. 4.45376E-6744310  5 6749
 240000000. 4.91937E-6 280000000. 5.20015E-6 320000000. 5.28292E-6744310  5 6750
 360000000. 5.51301E-6 400000000. 5.66920E-6 440000000. 5.67781E-6744310  5 6751
 480000000. 5.84356E-6 520000000. 6.07226E-6 560000000. 6.20676E-6744310  5 6752
 600000000. 6.32395E-6 640000000. 6.39661E-6 680000000. 6.31553E-6744310  5 6753
 720000000. 6.29865E-6 760000000. 6.26488E-6 800000000. 6.13292E-6744310  5 6754
 840000000. 6.03154E-6 880000000. 5.96021E-6 920000000. 5.96323E-6744310  5 6755
 960000000. 5.93546E-6 1.00000E+9 0.0                             744310  5 6756
 0.0        0.0             72182          0          1         34744310  5 6757
         34          1                                            744310  5 6758
 45000000.0 1.95916E-8 50000000.0 2.54108E-8 54000000.0 3.05025E-8744310  5 6759
 55000000.0 3.10983E-8 60000000.0 5.32550E-8 70000000.0 1.34454E-7744310  5 6760
 80000000.0 2.79537E-7 90000000.0 5.06638E-7 100000000. 9.79776E-7744310  5 6761
 120000000. 1.68123E-6 140000000. 2.26015E-6 160000000. 2.61815E-6744310  5 6762
 180000000. 2.86557E-6 200000000. 3.12101E-6 240000000. 3.41855E-6744310  5 6763
 280000000. 3.66926E-6 320000000. 3.86895E-6 360000000. 4.05185E-6744310  5 6764
 400000000. 4.25772E-6 440000000. 4.42107E-6 480000000. 4.57398E-6744310  5 6765
 520000000. 4.79845E-6 560000000. 4.99787E-6 600000000. 5.10354E-6744310  5 6766
 640000000. 5.23981E-6 680000000. 5.28843E-6 720000000. 5.22913E-6744310  5 6767
 760000000. 5.32360E-6 800000000. 5.41448E-6 840000000. 5.39592E-6744310  5 6768
 880000000. 5.31653E-6 920000000. 5.24057E-6 960000000. 5.16018E-6744310  5 6769
 1.00000E+9 0.0                                                   744310  5 6770
 0.0        0.0             72183          0          1         29744310  5 6771
         29          1                                            744310  5 6772
 70000000.0 6.44338E-8 80000000.0 2.03143E-7 90000000.0 3.98565E-7744310  5 6773
 100000000. 6.85254E-7 120000000. 1.10940E-6 140000000. 1.45126E-6744310  5 6774
 160000000. 1.70604E-6 180000000. 1.89380E-6 200000000. 2.09003E-6744310  5 6775
 240000000. 2.26056E-6 280000000. 2.37561E-6 320000000. 2.64201E-6744310  5 6776
 360000000. 2.90262E-6 400000000. 3.07646E-6 440000000. 3.23307E-6744310  5 6777
 480000000. 3.45856E-6 520000000. 3.61583E-6 560000000. 3.78301E-6744310  5 6778
 600000000. 4.01751E-6 640000000. 4.09620E-6 680000000. 4.22021E-6744310  5 6779
 720000000. 4.33961E-6 760000000. 4.40860E-6 800000000. 4.39930E-6744310  5 6780
 840000000. 4.32019E-6 880000000. 4.29321E-6 920000000. 4.23328E-6744310  5 6781
 960000000. 4.17056E-6 1.00000E+9 0.0                             744310  5 6782
 0.0        0.0             72184          0          1         30744310  5 6783
         30          1                                            744310  5 6784
 60000000.0 2.22984E-8 70000000.0 8.57351E-8 80000000.0 1.88949E-7744310  5 6785
 90000000.0 2.81827E-7 100000000. 4.41294E-7 120000000. 6.30396E-7744310  5 6786
 140000000. 7.69572E-7 160000000. 8.68415E-7 180000000. 9.33702E-7744310  5 6787
 200000000. 1.00202E-6 240000000. 1.10312E-6 280000000. 1.22811E-6744310  5 6788
 320000000. 1.34267E-6 360000000. 1.52763E-6 400000000. 1.69242E-6744310  5 6789
 440000000. 1.78123E-6 480000000. 1.89609E-6 520000000. 2.06456E-6744310  5 6790
 560000000. 2.19764E-6 600000000. 2.28727E-6 640000000. 2.41604E-6744310  5 6791
 680000000. 2.50973E-6 720000000. 2.58652E-6 760000000. 2.64912E-6744310  5 6792
 800000000. 2.68280E-6 840000000. 2.73166E-6 880000000. 2.75293E-6744310  5 6793
 920000000. 2.75585E-6 960000000. 2.75863E-6 1.00000E+9 0.0       744310  5 6794
 0.0        0.0             72185          0          1         18744310  5 6795
         18          1                                            744310  5 6796
 320000000. 2.86882E-8 360000000. 2.97182E-8 400000000. 4.03786E-8744310  5 6797
 440000000. 5.69779E-8 480000000. 6.57285E-8 520000000. 8.22930E-8744310  5 6798
 560000000. 1.10505E-7 600000000. 1.36223E-7 640000000. 1.60840E-7744310  5 6799
 680000000. 1.68511E-7 720000000. 1.69774E-7 760000000. 1.66830E-7744310  5 6800
 800000000. 1.72239E-7 840000000. 1.95258E-7 880000000. 1.90625E-7744310  5 6801
 920000000. 1.85708E-7 960000000. 1.84489E-7 1.00000E+9 0.0       744310  5 6802
 0.0        0.0             73161          0          1          9744310  5 6803
          9          1                                            744310  5 6804
 680000000. 1.01889E-8 720000000. 9.96458E-9 760000000. 9.74024E-9744310  5 6805
 800000000. 9.51591E-9 840000000. 9.29158E-9 880000000. 9.06726E-9744310  5 6806
 920000000. 8.84294E-9 960000000. 8.73000E-9 1.00000E+9 0.0       744310  5 6807
 0.0        0.0             73162          0          1         18744310  5 6808
         18          1                                            744310  5 6809
 320000000. 1.27358E-8 360000000. 1.92826E-8 400000000. 2.74765E-8744310  5 6810
 440000000. 3.66292E-8 480000000. 3.29374E-8 520000000. 2.99257E-8744310  5 6811
 560000000. 3.96483E-8 600000000. 4.00798E-8 640000000. 3.85031E-8744310  5 6812
 680000000. 3.95557E-8 720000000. 4.22058E-8 760000000. 4.57969E-8744310  5 6813
 800000000. 3.81510E-8 840000000. 3.64193E-8 880000000. 4.17596E-8744310  5 6814
 920000000. 4.18596E-8 960000000. 4.28287E-8 1.00000E+9 0.0       744310  5 6815
 0.0        0.0             73163          0          1         18744310  5 6816
         18          1                                            744310  5 6817
 320000000. 5.86396E-8 360000000. 9.70103E-8 400000000. 1.18218E-7744310  5 6818
 440000000. 1.42393E-7 480000000. 1.65977E-7 520000000. 1.53167E-7744310  5 6819
 560000000. 1.49337E-7 600000000. 1.85544E-7 640000000. 1.99543E-7744310  5 6820
 680000000. 1.72041E-7 720000000. 1.54311E-7 760000000. 1.52083E-7744310  5 6821
 800000000. 1.69613E-7 840000000. 1.78889E-7 880000000. 1.61880E-7744310  5 6822
 920000000. 1.41363E-7 960000000. 1.44131E-7 1.00000E+9 0.0       744310  5 6823
 0.0        0.0             73164          0          1         19744310  5 6824
         19          1                                            744310  5 6825
 280000000. 1.22077E-7 320000000. 2.09776E-7 360000000. 2.99874E-7744310  5 6826
 400000000. 3.69957E-7 440000000. 4.62894E-7 480000000. 5.06487E-7744310  5 6827
 520000000. 4.99068E-7 560000000. 5.13217E-7 600000000. 5.01838E-7744310  5 6828
 640000000. 5.16100E-7 680000000. 5.03887E-7 720000000. 4.79295E-7744310  5 6829
 760000000. 4.92417E-7 800000000. 4.90287E-7 840000000. 4.49818E-7744310  5 6830
 880000000. 4.59178E-7 920000000. 4.60669E-7 960000000. 4.23950E-7744310  5 6831
 1.00000E+9 0.0                                                   744310  5 6832
 0.0        0.0             73165          0          1         20744310  5 6833
         20          1                                            744310  5 6834
 240000000. 1.94965E-7 280000000. 4.22804E-7 320000000. 6.71692E-7744310  5 6835
 360000000. 8.61193E-7 400000000. 1.01403E-6 440000000. 1.16463E-6744310  5 6836
 480000000. 1.25148E-6 520000000. 1.27369E-6 560000000. 1.27954E-6744310  5 6837
 600000000. 1.27971E-6 640000000. 1.23652E-6 680000000. 1.17083E-6744310  5 6838
 720000000. 1.15175E-6 760000000. 1.13544E-6 800000000. 1.08289E-6744310  5 6839
 840000000. 1.02701E-6 880000000. 9.97200E-7 920000000. 9.92398E-7744310  5 6840
 960000000. 9.90449E-7 1.00000E+9 0.0                             744310  5 6841
 0.0        0.0             73166          0          1         21744310  5 6842
         21          1                                            744310  5 6843
 200000000. 2.19846E-7 240000000. 6.58221E-7 280000000. 1.23360E-6744310  5 6844
 320000000. 1.76785E-6 360000000. 2.05431E-6 400000000. 2.30735E-6744310  5 6845
 440000000. 2.56628E-6 480000000. 2.68129E-6 520000000. 2.62456E-6744310  5 6846
 560000000. 2.65394E-6 600000000. 2.64663E-6 640000000. 2.54575E-6744310  5 6847
 680000000. 2.38410E-6 720000000. 2.23155E-6 760000000. 2.23634E-6744310  5 6848
 800000000. 2.14477E-6 840000000. 2.06865E-6 880000000. 1.99377E-6744310  5 6849
 920000000. 1.87624E-6 960000000. 1.81296E-6 1.00000E+9 0.0       744310  5 6850
 0.0        0.0             73167          0          1         22744310  5 6851
         22          1                                            744310  5 6852
 180000000. 2.13486E-7 200000000. 8.51670E-7 240000000. 1.80655E-6744310  5 6853
 280000000. 2.85909E-6 320000000. 3.75027E-6 360000000. 4.25490E-6744310  5 6854
 400000000. 4.42053E-6 440000000. 4.59708E-6 480000000. 4.76159E-6744310  5 6855
 520000000. 4.77713E-6 560000000. 4.62689E-6 600000000. 4.36219E-6744310  5 6856
 640000000. 4.25404E-6 680000000. 4.18107E-6 720000000. 3.95237E-6744310  5 6857
 760000000. 3.74394E-6 800000000. 3.63465E-6 840000000. 3.48207E-6744310  5 6858
 880000000. 3.27251E-6 920000000. 3.14543E-6 960000000. 3.17391E-6744310  5 6859
 1.00000E+9 0.0                                                   744310  5 6860
 0.0        0.0             73168          0          1         23744310  5 6861
         23          1                                            744310  5 6862
 160000000. 2.72512E-7 180000000. 1.12634E-6 200000000. 2.43816E-6744310  5 6863
 240000000. 4.10250E-6 280000000. 5.60990E-6 320000000. 6.60107E-6744310  5 6864
 360000000. 7.06832E-6 400000000. 7.25824E-6 440000000. 7.44200E-6744310  5 6865
 480000000. 7.43563E-6 520000000. 7.37095E-6 560000000. 7.08565E-6744310  5 6866
 600000000. 6.86641E-6 640000000. 6.71027E-6 680000000. 6.28261E-6744310  5 6867
 720000000. 5.92577E-6 760000000. 5.60746E-6 800000000. 5.35075E-6744310  5 6868
 840000000. 5.19166E-6 880000000. 5.03196E-6 920000000. 4.88088E-6744310  5 6869
 960000000. 4.61184E-6 1.00000E+9 0.0                             744310  5 6870
 0.0        0.0             73169          0          1         23744310  5 6871
         23          1                                            744310  5 6872
 160000000. 1.59966E-6 180000000. 3.40616E-6 200000000. 5.39309E-6744310  5 6873
 240000000. 7.87482E-6 280000000. 9.77582E-6 320000000. 1.06707E-5744310  5 6874
 360000000. 1.09643E-5 400000000. 1.11374E-5 440000000. 1.09547E-5744310  5 6875
 480000000. 1.05677E-5 520000000. 1.03807E-5 560000000. 1.00752E-5744310  5 6876
 600000000. 9.60983E-6 640000000. 9.22665E-6 680000000. 8.73503E-6744310  5 6877
 720000000. 8.21141E-6 760000000. 7.82651E-6 800000000. 7.46536E-6744310  5 6878
 840000000. 7.25481E-6 880000000. 6.93598E-6 920000000. 6.57802E-6744310  5 6879
 960000000. 6.31093E-6 1.00000E+9 0.0                             744310  5 6880
 0.0        0.0             73170          0          1         24744310  5 6881
         24          1                                            744310  5 6882
 140000000. 2.03483E-6 160000000. 4.99507E-6 180000000. 6.62689E-6744310  5 6883
 200000000. 9.25868E-6 240000000. 1.27359E-5 280000000. 1.43988E-5744310  5 6884
 320000000. 1.48843E-5 360000000. 1.49224E-5 400000000. 1.46820E-5744310  5 6885
 440000000. 1.43865E-5 480000000. 1.39223E-5 520000000. 1.33723E-5744310  5 6886
 560000000. 1.30145E-5 600000000. 1.23889E-5 640000000. 1.17607E-5744310  5 6887
 680000000. 1.11572E-5 720000000. 1.04950E-5 760000000. 1.00962E-5744310  5 6888
 800000000. 9.48457E-6 840000000. 8.95880E-6 880000000. 8.69142E-6744310  5 6889
 920000000. 8.22729E-6 960000000. 7.84906E-6 1.00000E+9 0.0       744310  5 6890
 0.0        0.0             73171          0          1         25744310  5 6891
         25          1                                            744310  5 6892
 120000000. 1.93184E-6 140000000. 6.27967E-6 160000000. 9.14296E-6744310  5 6893
 180000000. 1.07790E-5 200000000. 1.45102E-5 240000000. 1.81064E-5744310  5 6894
 280000000. 1.93040E-5 320000000. 1.92184E-5 360000000. 1.88806E-5744310  5 6895
 400000000. 1.85503E-5 440000000. 1.79360E-5 480000000. 1.72047E-5744310  5 6896
 520000000. 1.64614E-5 560000000. 1.57239E-5 600000000. 1.48419E-5744310  5 6897
 640000000. 1.39866E-5 680000000. 1.32615E-5 720000000. 1.26328E-5744310  5 6898
 760000000. 1.18684E-5 800000000. 1.12732E-5 840000000. 1.08814E-5744310  5 6899
 880000000. 1.03010E-5 920000000. 9.82635E-6 960000000. 9.59512E-6744310  5 6900
 1.00000E+9 0.0                                                   744310  5 6901
 0.0        0.0             73172          0          1         25744310  5 6902
         25          1                                            744310  5 6903
 120000000. 6.87857E-6 140000000. 1.17528E-5 160000000. 1.29023E-5744310  5 6904
 180000000. 1.62275E-5 200000000. 2.05600E-5 240000000. 2.36643E-5744310  5 6905
 280000000. 2.37573E-5 320000000. 2.29129E-5 360000000. 2.23204E-5744310  5 6906
 400000000. 2.15432E-5 440000000. 2.06576E-5 480000000. 1.97067E-5744310  5 6907
 520000000. 1.88171E-5 560000000. 1.78470E-5 600000000. 1.67977E-5744310  5 6908
 640000000. 1.58508E-5 680000000. 1.50768E-5 720000000. 1.41562E-5744310  5 6909
 760000000. 1.34431E-5 800000000. 1.29490E-5 840000000. 1.24172E-5744310  5 6910
 880000000. 1.19062E-5 920000000. 1.12972E-5 960000000. 1.09527E-5744310  5 6911
 1.00000E+9 0.0                                                   744310  5 6912
 0.0        0.0             73173          0          1         26744310  5 6913
         26          1                                            744310  5 6914
 100000000. 6.48983E-6 120000000. 1.39380E-5 140000000. 1.50796E-5744310  5 6915
 160000000. 1.78691E-5 180000000. 2.23134E-5 200000000. 2.60480E-5744310  5 6916
 240000000. 2.79966E-5 280000000. 2.72098E-5 320000000. 2.58450E-5744310  5 6917
 360000000. 2.48476E-5 400000000. 2.37571E-5 440000000. 2.26272E-5744310  5 6918
 480000000. 2.14117E-5 520000000. 2.03585E-5 560000000. 1.94537E-5744310  5 6919
 600000000. 1.82764E-5 640000000. 1.72439E-5 680000000. 1.62974E-5744310  5 6920
 720000000. 1.52434E-5 760000000. 1.44124E-5 800000000. 1.38815E-5744310  5 6921
 840000000. 1.33066E-5 880000000. 1.28122E-5 920000000. 1.24092E-5744310  5 6922
 960000000. 1.18437E-5 1.00000E+9 0.0                             744310  5 6923
 0.0        0.0             73174          0          1         27744310  5 6924
         27          1                                            744310  5 6925
 90000000.0 4.52141E-6 100000000. 1.30758E-5 120000000. 1.69445E-5744310  5 6926
 140000000. 1.83825E-5 160000000. 2.33962E-5 180000000. 2.75412E-5744310  5 6927
 200000000. 3.03023E-5 240000000. 3.08544E-5 280000000. 2.95293E-5744310  5 6928
 320000000. 2.82632E-5 360000000. 2.69029E-5 400000000. 2.51990E-5744310  5 6929
 440000000. 2.37064E-5 480000000. 2.24782E-5 520000000. 2.12823E-5744310  5 6930
 560000000. 2.01008E-5 600000000. 1.89318E-5 640000000. 1.78143E-5744310  5 6931
 680000000. 1.68814E-5 720000000. 1.61420E-5 760000000. 1.53128E-5744310  5 6932
 800000000. 1.46948E-5 840000000. 1.41063E-5 880000000. 1.35618E-5744310  5 6933
 920000000. 1.30886E-5 960000000. 1.25353E-5 1.00000E+9 0.0       744310  5 6934
 0.0        0.0             73175          0          1         28744310  5 6935
         28          1                                            744310  5 6936
 80000000.0 7.15571E-6 90000000.0 1.76358E-5 100000000. 1.90268E-5744310  5 6937
 120000000. 1.73098E-5 140000000. 2.21950E-5 160000000. 2.79154E-5744310  5 6938
 180000000. 3.16281E-5 200000000. 3.34187E-5 240000000. 3.27737E-5744310  5 6939
 280000000. 3.06545E-5 320000000. 2.87050E-5 360000000. 2.74895E-5744310  5 6940
 400000000. 2.62288E-5 440000000. 2.45222E-5 480000000. 2.26897E-5744310  5 6941
 520000000. 2.14713E-5 560000000. 2.06508E-5 600000000. 1.93645E-5744310  5 6942
 640000000. 1.82967E-5 680000000. 1.72832E-5 720000000. 1.63697E-5744310  5 6943
 760000000. 1.56317E-5 800000000. 1.48547E-5 840000000. 1.42927E-5744310  5 6944
 880000000. 1.37801E-5 920000000. 1.32353E-5 960000000. 1.28478E-5744310  5 6945
 1.00000E+9 0.0                                                   744310  5 6946
 0.0        0.0             73176          0          1         29744310  5 6947
         29          1                                            744310  5 6948
 70000000.0 9.35325E-6 80000000.0 2.02243E-5 90000000.0 2.04942E-5744310  5 6949
 100000000. 1.69643E-5 120000000. 1.97924E-5 140000000. 2.63694E-5744310  5 6950
 160000000. 3.11659E-5 180000000. 3.37390E-5 200000000. 3.43996E-5744310  5 6951
 240000000. 3.33121E-5 280000000. 3.09775E-5 320000000. 2.89704E-5744310  5 6952
 360000000. 2.75392E-5 400000000. 2.60049E-5 440000000. 2.44124E-5744310  5 6953
 480000000. 2.30556E-5 520000000. 2.19502E-5 560000000. 2.07185E-5744310  5 6954
 600000000. 1.94571E-5 640000000. 1.85103E-5 680000000. 1.76066E-5744310  5 6955
 720000000. 1.68678E-5 760000000. 1.62689E-5 800000000. 1.56641E-5744310  5 6956
 840000000. 1.50810E-5 880000000. 1.43788E-5 920000000. 1.39260E-5744310  5 6957
 960000000. 1.36221E-5 1.00000E+9 0.0                             744310  5 6958
 0.0        0.0             73177          0          1         31744310  5 6959
         31          1                                            744310  5 6960
 55000000.0 7.13521E-7 60000000.0 1.03123E-5 70000000.0 2.09281E-5744310  5 6961
 80000000.0 1.88644E-5 90000000.0 1.45304E-5 100000000. 1.63353E-5744310  5 6962
 120000000. 2.30626E-5 140000000. 2.94276E-5 160000000. 3.27753E-5744310  5 6963
 180000000. 3.40942E-5 200000000. 3.38901E-5 240000000. 3.23189E-5744310  5 6964
 280000000. 3.03343E-5 320000000. 2.85735E-5 360000000. 2.71413E-5744310  5 6965
 400000000. 2.58345E-5 440000000. 2.43905E-5 480000000. 2.29870E-5744310  5 6966
 520000000. 2.14734E-5 560000000. 2.03620E-5 600000000. 1.96875E-5744310  5 6967
 640000000. 1.87695E-5 680000000. 1.78252E-5 720000000. 1.69721E-5744310  5 6968
 760000000. 1.62225E-5 800000000. 1.56845E-5 840000000. 1.52231E-5744310  5 6969
 880000000. 1.47346E-5 920000000. 1.43423E-5 960000000. 1.40537E-5744310  5 6970
 1.00000E+9 0.0                                                   744310  5 6971
 0.0        0.0             73178          0          1         33744310  5 6972
         33          1                                            744310  5 6973
 50000000.0 3.08093E-6 54000000.0 6.03323E-6 55000000.0 1.09679E-5744310  5 6974
 60000000.0 1.69471E-5 70000000.0 1.56402E-5 80000000.0 1.18924E-5744310  5 6975
 90000000.0 1.24652E-5 100000000. 1.81793E-5 120000000. 2.59792E-5744310  5 6976
 140000000. 3.08404E-5 160000000. 3.29296E-5 180000000. 3.32841E-5744310  5 6977
 200000000. 3.27180E-5 240000000. 3.09885E-5 280000000. 2.91627E-5744310  5 6978
 320000000. 2.76513E-5 360000000. 2.63020E-5 400000000. 2.51482E-5744310  5 6979
 440000000. 2.37421E-5 480000000. 2.24012E-5 520000000. 2.14437E-5744310  5 6980
 560000000. 2.03829E-5 600000000. 1.92414E-5 640000000. 1.84138E-5744310  5 6981
 680000000. 1.76344E-5 720000000. 1.69094E-5 760000000. 1.62960E-5744310  5 6982
 800000000. 1.58690E-5 840000000. 1.54438E-5 880000000. 1.49956E-5744310  5 6983
 920000000. 1.47120E-5 960000000. 1.43069E-5 1.00000E+9 0.0       744310  5 6984
 0.0        0.0             73179          0          1         35744310  5 6985
         35          1                                            744310  5 6986
 40000000.0 2.51633E-6 45000000.0 7.77111E-6 50000000.0 1.25114E-5744310  5 6987
 54000000.0 1.42725E-5 55000000.0 1.41789E-5 60000000.0 1.14722E-5744310  5 6988
 70000000.0 8.92476E-6 80000000.0 1.01455E-5 90000000.0 1.37357E-5744310  5 6989
 100000000. 2.03438E-5 120000000. 2.69555E-5 140000000. 3.03055E-5744310  5 6990
 160000000. 3.13898E-5 180000000. 3.15646E-5 200000000. 3.08664E-5744310  5 6991
 240000000. 2.93068E-5 280000000. 2.78121E-5 320000000. 2.61674E-5744310  5 6992
 360000000. 2.49214E-5 400000000. 2.39268E-5 440000000. 2.28018E-5744310  5 6993
 480000000. 2.17727E-5 520000000. 2.09933E-5 560000000. 2.01393E-5744310  5 6994
 600000000. 1.93357E-5 640000000. 1.85960E-5 680000000. 1.79236E-5744310  5 6995
 720000000. 1.72769E-5 760000000. 1.67577E-5 800000000. 1.64836E-5744310  5 6996
 840000000. 1.60548E-5 880000000. 1.56111E-5 920000000. 1.52629E-5744310  5 6997
 960000000. 1.48519E-5 1.00000E+9 0.0                             744310  5 6998
 0.0        0.0             73180          0          1         37744310  5 6999
         37          1                                            744310  5 7000
 30000000.0 1.24210E-6 35000000.0 4.49884E-6 40000000.0 7.76710E-6744310  5 7001
 45000000.0 8.91760E-6 50000000.0 8.26502E-6 54000000.0 7.55748E-6744310  5 7002
 55000000.0 6.69767E-6 60000000.0 5.81849E-6 70000000.0 7.17468E-6744310  5 7003
 80000000.0 1.10617E-5 90000000.0 1.59867E-5 100000000. 2.17929E-5744310  5 7004
 120000000. 2.66037E-5 140000000. 2.86674E-5 160000000. 2.93264E-5744310  5 7005
 180000000. 2.93176E-5 200000000. 2.85564E-5 240000000. 2.70110E-5744310  5 7006
 280000000. 2.57262E-5 320000000. 2.48976E-5 360000000. 2.40226E-5744310  5 7007
 400000000. 2.32961E-5 440000000. 2.25028E-5 480000000. 2.14336E-5744310  5 7008
 520000000. 2.06451E-5 560000000. 1.99101E-5 600000000. 1.91707E-5744310  5 7009
 640000000. 1.86324E-5 680000000. 1.80325E-5 720000000. 1.75723E-5744310  5 7010
 760000000. 1.72921E-5 800000000. 1.67890E-5 840000000. 1.63302E-5744310  5 7011
 880000000. 1.61085E-5 920000000. 1.57506E-5 960000000. 1.54823E-5744310  5 7012
 1.00000E+9 0.0                                                   744310  5 7013
 0.0        0.0             73181          0          1         37744310  5 7014
         37          1                                            744310  5 7015
 30000000.0 3.40012E-6 35000000.0 4.31434E-6 40000000.0 4.07876E-6744310  5 7016
 45000000.0 3.19747E-6 50000000.0 2.75854E-6 54000000.0 2.75685E-6744310  5 7017
 55000000.0 3.08593E-6 60000000.0 4.48282E-6 70000000.0 8.13781E-6744310  5 7018
 80000000.0 1.34042E-5 90000000.0 1.81080E-5 100000000. 2.20743E-5744310  5 7019
 120000000. 2.52297E-5 140000000. 2.66742E-5 160000000. 2.71493E-5744310  5 7020
 180000000. 2.71243E-5 200000000. 2.64634E-5 240000000. 2.53401E-5744310  5 7021
 280000000. 2.42680E-5 320000000. 2.36471E-5 360000000. 2.29050E-5744310  5 7022
 400000000. 2.20090E-5 440000000. 2.12727E-5 480000000. 2.05246E-5744310  5 7023
 520000000. 1.98254E-5 560000000. 1.95851E-5 600000000. 1.93574E-5744310  5 7024
 640000000. 1.88756E-5 680000000. 1.84451E-5 720000000. 1.80055E-5744310  5 7025
 760000000. 1.75991E-5 800000000. 1.74631E-5 840000000. 1.73815E-5744310  5 7026
 880000000. 1.71686E-5 920000000. 1.69033E-5 960000000. 1.66341E-5744310  5 7027
 1.00000E+9 0.0                                                   744310  5 7028
 0.0        0.0             73182          0          1         37744310  5 7029
         37          1                                            744310  5 7030
 30000000.0 1.52790E-6 35000000.0 1.18677E-6 40000000.0 1.00409E-6744310  5 7031
 45000000.0 1.25510E-6 50000000.0 1.86482E-6 54000000.0 2.34918E-6744310  5 7032
 55000000.0 3.30918E-6 60000000.0 5.97948E-6 70000000.0 1.04838E-5744310  5 7033
 80000000.0 1.52006E-5 90000000.0 1.86690E-5 100000000. 2.13621E-5744310  5 7034
 120000000. 2.33386E-5 140000000. 2.41030E-5 160000000. 2.44160E-5744310  5 7035
 180000000. 2.42472E-5 200000000. 2.37159E-5 240000000. 2.32396E-5744310  5 7036
 280000000. 2.25675E-5 320000000. 2.21613E-5 360000000. 2.19860E-5744310  5 7037
 400000000. 2.17288E-5 440000000. 2.14056E-5 480000000. 2.08969E-5744310  5 7038
 520000000. 2.03832E-5 560000000. 2.01007E-5 600000000. 1.98728E-5744310  5 7039
 640000000. 1.97371E-5 680000000. 1.94868E-5 720000000. 1.91786E-5744310  5 7040
 760000000. 1.89911E-5 800000000. 1.87266E-5 840000000. 1.85056E-5744310  5 7041
 880000000. 1.83009E-5 920000000. 1.81745E-5 960000000. 1.80990E-5744310  5 7042
 1.00000E+9 0.0                                                   744310  5 7043
 0.0        0.0             73183          0          1         37744310  5 7044
         37          1                                            744310  5 7045
 30000000.0 1.48337E-7 35000000.0 2.18778E-7 40000000.0 5.64633E-7744310  5 7046
 45000000.0 1.56203E-6 50000000.0 3.49819E-6 54000000.0 5.04314E-6744310  5 7047
 55000000.0 6.69736E-6 60000000.0 9.03527E-6 70000000.0 1.21548E-5744310  5 7048
 80000000.0 1.56044E-5 90000000.0 1.78113E-5 100000000. 1.98350E-5744310  5 7049
 120000000. 2.12914E-5 140000000. 2.16293E-5 160000000. 2.17007E-5744310  5 7050
 180000000. 2.18079E-5 200000000. 2.19127E-5 240000000. 2.18787E-5744310  5 7051
 280000000. 2.17596E-5 320000000. 2.17183E-5 360000000. 2.16233E-5744310  5 7052
 400000000. 2.15968E-5 440000000. 2.16804E-5 480000000. 2.15943E-5744310  5 7053
 520000000. 2.15706E-5 560000000. 2.15329E-5 600000000. 2.15401E-5744310  5 7054
 640000000. 2.15305E-5 680000000. 2.13285E-5 720000000. 2.10833E-5744310  5 7055
 760000000. 2.08805E-5 800000000. 2.08220E-5 840000000. 2.07273E-5744310  5 7056
 880000000. 2.06900E-5 920000000. 2.05331E-5 960000000. 2.02181E-5744310  5 7057
 1.00000E+9 0.0                                                   744310  5 7058
 0.0        0.0             73184          0          1         37744310  5 7059
         37          1                                            744310  5 7060
 30000000.0 6.50249E-8 35000000.0 4.19116E-7 40000000.0 2.17190E-6744310  5 7061
 45000000.0 5.57694E-6 50000000.0 8.65879E-6 54000000.0 9.96057E-6744310  5 7062
 55000000.0 1.06883E-5 60000000.0 1.15026E-5 70000000.0 1.31958E-5744310  5 7063
 80000000.0 1.54122E-5 90000000.0 1.66025E-5 100000000. 1.76333E-5744310  5 7064
 120000000. 1.85068E-5 140000000. 1.90091E-5 160000000. 1.93801E-5744310  5 7065
 180000000. 1.95379E-5 200000000. 1.97491E-5 240000000. 2.01808E-5744310  5 7066
 280000000. 2.08025E-5 320000000. 2.14430E-5 360000000. 2.18873E-5744310  5 7067
 400000000. 2.21123E-5 440000000. 2.21870E-5 480000000. 2.25155E-5744310  5 7068
 520000000. 2.29954E-5 560000000. 2.35654E-5 600000000. 2.40823E-5744310  5 7069
 640000000. 2.44187E-5 680000000. 2.46520E-5 720000000. 2.47080E-5744310  5 7070
 760000000. 2.47318E-5 800000000. 2.46945E-5 840000000. 2.45199E-5744310  5 7071
 880000000. 2.41841E-5 920000000. 2.39243E-5 960000000. 2.39322E-5744310  5 7072
 1.00000E+9 0.0                                                   744310  5 7073
 0.0        0.0             73185          0          1         37744310  5 7074
         37          1                                            744310  5 7075
 30000000.0 1.15378E-6 35000000.0 5.43745E-6 40000000.0 1.16931E-5744310  5 7076
 45000000.0 1.64926E-5 50000000.0 1.90250E-5 54000000.0 1.99875E-5744310  5 7077
 55000000.0 2.05128E-5 60000000.0 2.08979E-5 70000000.0 2.20782E-5744310  5 7078
 80000000.0 2.40841E-5 90000000.0 2.51267E-5 100000000. 2.61446E-5744310  5 7079
 120000000. 2.75780E-5 140000000. 2.87030E-5 160000000. 2.96643E-5744310  5 7080
 180000000. 3.06509E-5 200000000. 3.22818E-5 240000000. 3.45299E-5744310  5 7081
 280000000. 3.65798E-5 320000000. 3.83530E-5 360000000. 4.01359E-5744310  5 7082
 400000000. 4.16309E-5 440000000. 4.31236E-5 480000000. 4.52485E-5744310  5 7083
 520000000. 4.77835E-5 560000000. 5.07235E-5 600000000. 5.33546E-5744310  5 7084
 640000000. 5.52873E-5 680000000. 5.67374E-5 720000000. 5.75252E-5744310  5 7085
 760000000. 5.78648E-5 800000000. 5.79639E-5 840000000. 5.78555E-5744310  5 7086
 880000000. 5.75523E-5 920000000. 5.73348E-5 960000000. 5.70537E-5744310  5 7087
 1.00000E+9 0.0                                                   744310  5 7088
 0.0        0.0             73186          0          1         18744310  5 7089
         18          1                                            744310  5 7090
 320000000. 2.37508E-8 360000000. 2.74004E-8 400000000. 2.50595E-8744310  5 7091
 440000000. 3.98146E-8 480000000. 5.09515E-8 520000000. 5.15854E-8744310  5 7092
 560000000. 6.82901E-8 600000000. 8.94269E-8 640000000. 9.41678E-8744310  5 7093
 680000000. 1.02225E-7 720000000. 1.08629E-7 760000000. 1.08002E-7744310  5 7094
 800000000. 1.06545E-7 840000000. 1.05891E-7 880000000. 1.13075E-7744310  5 7095
 920000000. 1.19473E-7 960000000. 1.13672E-7 1.00000E+9 0.0       744310  5 7096
 0.0        0.0             74164          0          1         15744310  5 7097
         15          1                                            744310  5 7098
 440000000. 8.15464E-9 480000000. 9.03346E-9 520000000. 1.32927E-8744310  5 7099
 560000000. 1.47286E-8 600000000. 1.06171E-8 640000000. 8.55980E-9744310  5 7100
 680000000. 8.59486E-9 720000000. 1.28960E-8 760000000. 1.55646E-8744310  5 7101
 800000000. 1.47178E-8 840000000. 1.47616E-8 880000000. 1.39000E-8744310  5 7102
 920000000. 1.39000E-8 960000000. 1.39000E-8 1.00000E+9 0.0       744310  5 7103
 0.0        0.0             74165          0          1         18744310  5 7104
         18          1                                            744310  5 7105
 320000000. 2.92935E-8 360000000. 3.62306E-8 400000000. 3.87794E-8744310  5 7106
 440000000. 5.21068E-8 480000000. 6.48569E-8 520000000. 5.66604E-8744310  5 7107
 560000000. 4.63933E-8 600000000. 5.02912E-8 640000000. 5.47345E-8744310  5 7108
 680000000. 5.59164E-8 720000000. 5.08517E-8 760000000. 5.26971E-8744310  5 7109
 800000000. 4.59529E-8 840000000. 4.25060E-8 880000000. 4.35254E-8744310  5 7110
 920000000. 3.92509E-8 960000000. 3.32454E-8 1.00000E+9 0.0       744310  5 7111
 0.0        0.0             74166          0          1         19744310  5 7112
         19          1                                            744310  5 7113
 280000000. 7.71225E-8 320000000. 1.12367E-7 360000000. 1.24411E-7744310  5 7114
 400000000. 1.42480E-7 440000000. 1.73330E-7 480000000. 1.86637E-7744310  5 7115
 520000000. 1.71411E-7 560000000. 1.73838E-7 600000000. 1.76406E-7744310  5 7116
 640000000. 1.62725E-7 680000000. 1.64081E-7 720000000. 1.58749E-7744310  5 7117
 760000000. 1.47707E-7 800000000. 1.48996E-7 840000000. 1.50995E-7744310  5 7118
 880000000. 1.37604E-7 920000000. 1.30730E-7 960000000. 1.26844E-7744310  5 7119
 1.00000E+9 0.0                                                   744310  5 7120
 0.0        0.0             74167          0          1         20744310  5 7121
         20          1                                            744310  5 7122
 240000000. 1.28887E-7 280000000. 2.90022E-7 320000000. 3.79109E-7744310  5 7123
 360000000. 4.31054E-7 400000000. 4.92972E-7 440000000. 4.90184E-7744310  5 7124
 480000000. 4.91161E-7 520000000. 5.10920E-7 560000000. 4.80318E-7744310  5 7125
 600000000. 4.48299E-7 640000000. 4.23822E-7 680000000. 4.28794E-7744310  5 7126
 720000000. 4.14878E-7 760000000. 3.53630E-7 800000000. 3.41950E-7744310  5 7127
 840000000. 3.61120E-7 880000000. 3.25625E-7 920000000. 3.27693E-7744310  5 7128
 960000000. 3.41039E-7 1.00000E+9 0.0                             744310  5 7129
 0.0        0.0             74168          0          1         21744310  5 7130
         21          1                                            744310  5 7131
 200000000. 1.56712E-7 240000000. 5.77607E-7 280000000. 9.38165E-7744310  5 7132
 320000000. 1.08446E-6 360000000. 1.14349E-6 400000000. 1.11409E-6744310  5 7133
 440000000. 1.10343E-6 480000000. 1.14529E-6 520000000. 1.14168E-6744310  5 7134
 560000000. 1.09977E-6 600000000. 1.02138E-6 640000000. 9.24713E-7744310  5 7135
 680000000. 8.99955E-7 720000000. 8.69181E-7 760000000. 8.40704E-7744310  5 7136
 800000000. 7.97946E-7 840000000. 7.43114E-7 880000000. 7.27420E-7744310  5 7137
 920000000. 6.96954E-7 960000000. 6.53062E-7 1.00000E+9 0.0       744310  5 7138
 0.0        0.0             74169          0          1         22744310  5 7139
         22          1                                            744310  5 7140
 180000000. 9.22987E-8 200000000. 7.41978E-7 240000000. 1.65711E-6744310  5 7141
 280000000. 2.07398E-6 320000000. 2.26998E-6 360000000. 2.34902E-6744310  5 7142
 400000000. 2.31687E-6 440000000. 2.26466E-6 480000000. 2.18949E-6744310  5 7143
 520000000. 2.16647E-6 560000000. 2.05398E-6 600000000. 1.91464E-6744310  5 7144
 640000000. 1.79934E-6 680000000. 1.69248E-6 720000000. 1.63831E-6744310  5 7145
 760000000. 1.53063E-6 800000000. 1.38453E-6 840000000. 1.37615E-6744310  5 7146
 880000000. 1.38218E-6 920000000. 1.23097E-6 960000000. 1.23288E-6744310  5 7147
 1.00000E+9 0.0                                                   744310  5 7148
 0.0        0.0             74170          0          1         22744310  5 7149
         22          1                                            744310  5 7150
 180000000. 7.56566E-7 200000000. 2.42611E-6 240000000. 3.93811E-6744310  5 7151
 280000000. 4.41051E-6 320000000. 4.39858E-6 360000000. 4.21679E-6744310  5 7152
 400000000. 4.13720E-6 440000000. 4.08046E-6 480000000. 3.95516E-6744310  5 7153
 520000000. 3.70656E-6 560000000. 3.51041E-6 600000000. 3.37404E-6744310  5 7154
 640000000. 3.18686E-6 680000000. 2.91098E-6 720000000. 2.66076E-6744310  5 7155
 760000000. 2.50644E-6 800000000. 2.38528E-6 840000000. 2.32311E-6744310  5 7156
 880000000. 2.20011E-6 920000000. 2.10091E-6 960000000. 2.09865E-6744310  5 7157
 1.00000E+9 0.0                                                   744310  5 7158
 0.0        0.0             74171          0          1         23744310  5 7159
         23          1                                            744310  5 7160
 160000000. 1.00014E-6 180000000. 3.20052E-6 200000000. 6.00360E-6744310  5 7161
 240000000. 7.72660E-6 280000000. 7.77365E-6 320000000. 7.34247E-6744310  5 7162
 360000000. 6.99721E-6 400000000. 6.63240E-6 440000000. 6.32144E-6744310  5 7163
 480000000. 6.05261E-6 520000000. 5.69544E-6 560000000. 5.37166E-6744310  5 7164
 600000000. 5.03174E-6 640000000. 4.64764E-6 680000000. 4.39920E-6744310  5 7165
 720000000. 4.13559E-6 760000000. 3.87352E-6 800000000. 3.76124E-6744310  5 7166
 840000000. 3.58191E-6 880000000. 3.32763E-6 920000000. 3.22870E-6744310  5 7167
 960000000. 3.12969E-6 1.00000E+9 0.0                             744310  5 7168
 0.0        0.0             74172          0          1         24744310  5 7169
         24          1                                            744310  5 7170
 140000000. 1.10268E-6 160000000. 4.72106E-6 180000000. 9.11651E-6744310  5 7171
 200000000. 1.16529E-5 240000000. 1.23798E-5 280000000. 1.18329E-5744310  5 7172
 320000000. 1.09491E-5 360000000. 1.03291E-5 400000000. 9.84343E-6744310  5 7173
 440000000. 9.22732E-6 480000000. 8.62368E-6 520000000. 8.06847E-6744310  5 7174
 560000000. 7.57013E-6 600000000. 7.08507E-6 640000000. 6.64102E-6744310  5 7175
 680000000. 6.24100E-6 720000000. 5.84963E-6 760000000. 5.44165E-6744310  5 7176
 800000000. 5.06579E-6 840000000. 4.77343E-6 880000000. 4.67816E-6744310  5 7177
 920000000. 4.63052E-6 960000000. 4.45058E-6 1.00000E+9 0.0       744310  5 7178
 0.0        0.0             74173          0          1         25744310  5 7179
         25          1                                            744310  5 7180
 120000000. 8.64301E-7 140000000. 5.66719E-6 160000000. 1.30080E-5744310  5 7181
 180000000. 1.76096E-5 200000000. 1.91491E-5 240000000. 1.84923E-5744310  5 7182
 280000000. 1.65477E-5 320000000. 1.50770E-5 360000000. 1.40088E-5744310  5 7183
 400000000. 1.30248E-5 440000000. 1.21327E-5 480000000. 1.12042E-5744310  5 7184
 520000000. 1.04001E-5 560000000. 9.74259E-6 600000000. 9.05725E-6744310  5 7185
 640000000. 8.40657E-6 680000000. 7.83904E-6 720000000. 7.30751E-6744310  5 7186
 760000000. 6.86577E-6 800000000. 6.46449E-6 840000000. 6.23390E-6744310  5 7187
 880000000. 5.99673E-6 920000000. 5.78656E-6 960000000. 5.71072E-6744310  5 7188
 1.00000E+9 0.0                                                   744310  5 7189
 0.0        0.0             74174          0          1         25744310  5 7190
         25          1                                            744310  5 7191
 120000000. 5.74924E-6 140000000. 1.67162E-5 160000000. 2.47727E-5744310  5 7192
 180000000. 2.70141E-5 200000000. 2.64949E-5 240000000. 2.42170E-5744310  5 7193
 280000000. 2.14214E-5 320000000. 1.89951E-5 360000000. 1.73541E-5744310  5 7194
 400000000. 1.59591E-5 440000000. 1.46637E-5 480000000. 1.35497E-5744310  5 7195
 520000000. 1.24090E-5 560000000. 1.14025E-5 600000000. 1.06435E-5744310  5 7196
 640000000. 9.96811E-6 680000000. 9.19146E-6 720000000. 8.46205E-6744310  5 7197
 760000000. 7.85004E-6 800000000. 7.50754E-6 840000000. 7.23129E-6744310  5 7198
 880000000. 6.84002E-6 920000000. 6.61155E-6 960000000. 6.43422E-6744310  5 7199
 1.00000E+9 0.0                                                   744310  5 7200
 0.0        0.0             74175          0          1         26744310  5 7201
         26          1                                            744310  5 7202
 100000000. 4.17509E-6 120000000. 1.88972E-5 140000000. 3.31924E-5744310  5 7203
 160000000. 3.68392E-5 180000000. 3.65884E-5 200000000. 3.39292E-5744310  5 7204
 240000000. 2.96608E-5 280000000. 2.59084E-5 320000000. 2.30302E-5744310  5 7205
 360000000. 2.06899E-5 400000000. 1.86312E-5 440000000. 1.70347E-5744310  5 7206
 480000000. 1.55834E-5 520000000. 1.41031E-5 560000000. 1.28005E-5744310  5 7207
 600000000. 1.17735E-5 640000000. 1.09189E-5 680000000. 1.01498E-5744310  5 7208
 720000000. 9.55615E-6 760000000. 9.01926E-6 800000000. 8.54495E-6744310  5 7209
 840000000. 8.17122E-6 880000000. 7.97003E-6 920000000. 7.65965E-6744310  5 7210
 960000000. 7.36955E-6 1.00000E+9 0.0                             744310  5 7211
 0.0        0.0             74176          0          1         27744310  5 7212
         27          1                                            744310  5 7213
 90000000.0 2.21129E-6 100000000. 1.77571E-5 120000000. 3.96465E-5744310  5 7214
 140000000. 4.75867E-5 160000000. 4.71961E-5 180000000. 4.52432E-5744310  5 7215
 200000000. 4.05556E-5 240000000. 3.42513E-5 280000000. 2.95678E-5744310  5 7216
 320000000. 2.62842E-5 360000000. 2.36715E-5 400000000. 2.15108E-5744310  5 7217
 440000000. 1.95150E-5 480000000. 1.76648E-5 520000000. 1.61082E-5744310  5 7218
 560000000. 1.47802E-5 600000000. 1.36830E-5 640000000. 1.27126E-5744310  5 7219
 680000000. 1.16711E-5 720000000. 1.07411E-5 760000000. 1.02215E-5744310  5 7220
 800000000. 9.83653E-6 840000000. 9.42057E-6 880000000. 9.11635E-6744310  5 7221
 920000000. 8.79993E-6 960000000. 8.47847E-6 1.00000E+9 0.0       744310  5 7222
 0.0        0.0             74177          0          1         28744310  5 7223
         28          1                                            744310  5 7224
 80000000.0 3.67966E-6 90000000.0 1.54419E-5 100000000. 4.06363E-5744310  5 7225
 120000000. 5.87776E-5 140000000. 5.86090E-5 160000000. 5.54306E-5744310  5 7226
 180000000. 5.12541E-5 200000000. 4.51765E-5 240000000. 3.81254E-5744310  5 7227
 280000000. 3.27735E-5 320000000. 2.93492E-5 360000000. 2.66451E-5744310  5 7228
 400000000. 2.41581E-5 440000000. 2.18258E-5 480000000. 1.97660E-5744310  5 7229
 520000000. 1.79720E-5 560000000. 1.63598E-5 600000000. 1.51284E-5744310  5 7230
 640000000. 1.40795E-5 680000000. 1.32556E-5 720000000. 1.25182E-5744310  5 7231
 760000000. 1.19424E-5 800000000. 1.14373E-5 840000000. 1.09739E-5744310  5 7232
 880000000. 1.06416E-5 920000000. 1.00517E-5 960000000. 9.63546E-6744310  5 7233
 1.00000E+9 0.0                                                   744310  5 7234
 0.0        0.0             74178          0          1         29744310  5 7235
         29          1                                            744310  5 7236
 70000000.0 5.39386E-6 80000000.0 2.27106E-5 90000000.0 5.00473E-5744310  5 7237
 100000000. 6.79351E-5 120000000. 6.99815E-5 140000000. 6.59599E-5744310  5 7238
 160000000. 6.07954E-5 180000000. 5.54209E-5 200000000. 4.86931E-5744310  5 7239
 240000000. 4.07735E-5 280000000. 3.54492E-5 320000000. 3.18331E-5744310  5 7240
 360000000. 2.88060E-5 400000000. 2.61395E-5 440000000. 2.36263E-5744310  5 7241
 480000000. 2.12562E-5 520000000. 1.93075E-5 560000000. 1.80535E-5744310  5 7242
 600000000. 1.69122E-5 640000000. 1.58127E-5 680000000. 1.47744E-5744310  5 7243
 720000000. 1.40236E-5 760000000. 1.34599E-5 800000000. 1.28274E-5744310  5 7244
 840000000. 1.23241E-5 880000000. 1.21155E-5 920000000. 1.19278E-5744310  5 7245
 960000000. 1.16134E-5 1.00000E+9 0.0                             744310  5 7246
 0.0        0.0             74179          0          1         32744310  5 7247
         32          1                                            744310  5 7248
 54000000.0 9.04422E-8 55000000.0 9.24913E-7 60000000.0 6.73682E-6744310  5 7249
 70000000.0 3.07909E-5 80000000.0 6.53750E-5 90000000.0 8.34358E-5744310  5 7250
 100000000. 8.30908E-5 120000000. 7.63244E-5 140000000. 6.97988E-5744310  5 7251
 160000000. 6.36909E-5 180000000. 5.74346E-5 200000000. 5.00099E-5744310  5 7252
 240000000. 4.22514E-5 280000000. 3.73430E-5 320000000. 3.36481E-5744310  5 7253
 360000000. 3.03731E-5 400000000. 2.76494E-5 440000000. 2.51127E-5744310  5 7254
 480000000. 2.29835E-5 520000000. 2.11689E-5 560000000. 1.96597E-5744310  5 7255
 600000000. 1.84236E-5 640000000. 1.72472E-5 680000000. 1.62210E-5744310  5 7256
 720000000. 1.54403E-5 760000000. 1.49649E-5 800000000. 1.46378E-5744310  5 7257
 840000000. 1.41625E-5 880000000. 1.36832E-5 920000000. 1.33359E-5744310  5 7258
 960000000. 1.32165E-5 1.00000E+9 0.0                             744310  5 7259
 0.0        0.0             74180          0          1         34744310  5 7260
         34          1                                            744310  5 7261
 45000000.0 8.72612E-7 50000000.0 3.44420E-6 54000000.0 5.72307E-6744310  5 7262
 55000000.0 1.01108E-5 60000000.0 3.80550E-5 70000000.0 7.98636E-5744310  5 7263
 80000000.0 9.71349E-5 90000000.0 9.49444E-5 100000000. 8.81472E-5744310  5 7264
 120000000. 7.92189E-5 140000000. 7.15283E-5 160000000. 6.47222E-5744310  5 7265
 180000000. 5.82643E-5 200000000. 5.10158E-5 240000000. 4.41748E-5744310  5 7266
 280000000. 3.92714E-5 320000000. 3.53525E-5 360000000. 3.21834E-5744310  5 7267
 400000000. 2.92260E-5 440000000. 2.66163E-5 480000000. 2.46103E-5744310  5 7268
 520000000. 2.29550E-5 560000000. 2.15182E-5 600000000. 2.01183E-5744310  5 7269
 640000000. 1.87628E-5 680000000. 1.77254E-5 720000000. 1.70281E-5744310  5 7270
 760000000. 1.65828E-5 800000000. 1.61459E-5 840000000. 1.57969E-5744310  5 7271
 880000000. 1.54755E-5 920000000. 1.52601E-5 960000000. 1.51288E-5744310  5 7272
 1.00000E+9 0.0                                                   744310  5 7273
 0.0        0.0             74181          0          1         35744310  5 7274
         35          1                                            744310  5 7275
 40000000.0 3.25608E-6 45000000.0 9.42471E-6 50000000.0 2.27592E-5744310  5 7276
 54000000.0 3.58406E-5 55000000.0 5.90401E-5 60000000.0 9.51173E-5744310  5 7277
 70000000.0 1.10764E-4 80000000.0 1.05729E-4 90000000.0 9.83139E-5744310  5 7278
 100000000. 8.97489E-5 120000000. 7.98422E-5 140000000. 7.09768E-5744310  5 7279
 160000000. 6.36128E-5 180000000. 5.79778E-5 200000000. 5.17542E-5744310  5 7280
 240000000. 4.52356E-5 280000000. 4.07068E-5 320000000. 3.72976E-5744310  5 7281
 360000000. 3.42207E-5 400000000. 3.12966E-5 440000000. 2.86645E-5744310  5 7282
 480000000. 2.65273E-5 520000000. 2.47224E-5 560000000. 2.33841E-5744310  5 7283
 600000000. 2.23341E-5 640000000. 2.12972E-5 680000000. 2.03744E-5744310  5 7284
 720000000. 1.97658E-5 760000000. 1.91927E-5 800000000. 1.86087E-5744310  5 7285
 840000000. 1.81197E-5 880000000. 1.76479E-5 920000000. 1.73994E-5744310  5 7286
 960000000. 1.72948E-5 1.00000E+9 0.0                             744310  5 7287
 0.0        0.0             74182          0          1         37744310  5 7288
         37          1                                            744310  5 7289
 30000000.0 1.72053E-6 35000000.0 6.35011E-6 40000000.0 2.50385E-5744310  5 7290
 45000000.0 6.95428E-5 50000000.0 1.13421E-4 54000000.0 1.30134E-4744310  5 7291
 55000000.0 1.33774E-4 60000000.0 1.28365E-4 70000000.0 1.16419E-4744310  5 7292
 80000000.0 1.07331E-4 90000000.0 9.92345E-5 100000000. 8.99398E-5744310  5 7293
 120000000. 7.91167E-5 140000000. 7.06859E-5 160000000. 6.39832E-5744310  5 7294
 180000000. 5.86382E-5 200000000. 5.30707E-5 240000000. 4.74187E-5744310  5 7295
 280000000. 4.32939E-5 320000000. 3.98730E-5 360000000. 3.69970E-5744310  5 7296
 400000000. 3.43601E-5 440000000. 3.19160E-5 480000000. 2.96994E-5744310  5 7297
 520000000. 2.81369E-5 560000000. 2.69581E-5 600000000. 2.55347E-5744310  5 7298
 640000000. 2.42874E-5 680000000. 2.36559E-5 720000000. 2.30606E-5744310  5 7299
 760000000. 2.23720E-5 800000000. 2.20572E-5 840000000. 2.18212E-5744310  5 7300
 880000000. 2.15657E-5 920000000. 2.13007E-5 960000000. 2.10193E-5744310  5 7301
 1.00000E+9 0.0                                                   744310  5 7302
 0.0        0.0             74183          0          1         37744310  5 7303
         37          1                                            744310  5 7304
 30000000.0 1.76791E-5 35000000.0 7.40349E-5 40000000.0 1.42706E-4744310  5 7305
 45000000.0 1.69843E-4 50000000.0 1.67260E-4 54000000.0 1.61879E-4744310  5 7306
 55000000.0 1.53965E-4 60000000.0 1.35438E-4 70000000.0 1.18310E-4744310  5 7307
 80000000.0 1.08245E-4 90000000.0 9.93179E-5 100000000. 9.03016E-5744310  5 7308
 120000000. 7.98235E-5 140000000. 7.16035E-5 160000000. 6.54697E-5744310  5 7309
 180000000. 6.08700E-5 200000000. 5.63664E-5 240000000. 5.13498E-5744310  5 7310
 280000000. 4.74530E-5 320000000. 4.47222E-5 360000000. 4.23000E-5744310  5 7311
 400000000. 3.95175E-5 440000000. 3.70324E-5 480000000. 3.49161E-5744310  5 7312
 520000000. 3.31778E-5 560000000. 3.20027E-5 600000000. 3.07941E-5744310  5 7313
 640000000. 2.94133E-5 680000000. 2.86018E-5 720000000. 2.82906E-5744310  5 7314
 760000000. 2.80237E-5 800000000. 2.77094E-5 840000000. 2.74551E-5744310  5 7315
 880000000. 2.73224E-5 920000000. 2.72005E-5 960000000. 2.71141E-5744310  5 7316
 1.00000E+9 0.0                                                   744310  5 7317
 0.0        0.0             74184          0          1         37744310  5 7318
         37          1                                            744310  5 7319
 30000000.0 1.70212E-4 35000000.0 2.25030E-4 40000000.0 2.19393E-4744310  5 7320
 45000000.0 2.01385E-4 50000000.0 1.84848E-4 54000000.0 1.76550E-4744310  5 7321
 55000000.0 1.66532E-4 60000000.0 1.44569E-4 70000000.0 1.24524E-4744310  5 7322
 80000000.0 1.13634E-4 90000000.0 1.05562E-4 100000000. 9.62227E-5744310  5 7323
 120000000. 8.59784E-5 140000000. 7.87688E-5 160000000. 7.29171E-5744310  5 7324
 180000000. 6.88496E-5 200000000. 6.46196E-5 240000000. 5.98229E-5744310  5 7325
 280000000. 5.64289E-5 320000000. 5.38198E-5 360000000. 5.15273E-5744310  5 7326
 400000000. 4.92325E-5 440000000. 4.68670E-5 480000000. 4.48635E-5744310  5 7327
 520000000. 4.33070E-5 560000000. 4.19314E-5 600000000. 4.06716E-5744310  5 7328
 640000000. 3.96328E-5 680000000. 3.89257E-5 720000000. 3.86172E-5744310  5 7329
 760000000. 3.83317E-5 800000000. 3.79371E-5 840000000. 3.78516E-5744310  5 7330
 880000000. 3.80360E-5 920000000. 3.82793E-5 960000000. 3.82385E-5744310  5 7331
 1.00000E+9 0.0                                                   744310  5 7332
 0.0        0.0             74185          0          1         37744310  5 7333
         37          1                                            744310  5 7334
 30000000.0 2.85081E-4 35000000.0 2.74634E-4 40000000.0 2.58046E-4744310  5 7335
 45000000.0 2.40348E-4 50000000.0 2.24317E-4 54000000.0 2.15040E-4744310  5 7336
 55000000.0 2.05530E-4 60000000.0 1.84082E-4 70000000.0 1.65943E-4744310  5 7337
 80000000.0 1.56729E-4 90000000.0 1.48073E-4 100000000. 1.38574E-4744310  5 7338
 120000000. 1.28077E-4 140000000. 1.20325E-4 160000000. 1.14282E-4744310  5 7339
 180000000. 1.09271E-4 200000000. 1.03468E-4 240000000. 9.71490E-5744310  5 7340
 280000000. 9.21390E-5 320000000. 8.87460E-5 360000000. 8.68790E-5744310  5 7341
 400000000. 8.50907E-5 440000000. 8.31306E-5 480000000. 8.14567E-5744310  5 7342
 520000000. 8.00696E-5 560000000. 7.90531E-5 600000000. 7.82741E-5744310  5 7343
 640000000. 7.75292E-5 680000000. 7.68248E-5 720000000. 7.66083E-5744310  5 7344
 760000000. 7.67464E-5 800000000. 7.69306E-5 840000000. 7.74275E-5744310  5 7345
 880000000. 7.77718E-5 920000000. 7.79980E-5 960000000. 7.84220E-5744310  5 7346
 1.00000E+9 0.0                                                   744310  5 7347
 0.0        0.0             74186          0          1         37744310  5 7348
         37          1                                            744310  5 7349
 30000000.0 8.51595E-5 35000000.0 6.75056E-5 40000000.0 5.38672E-5744310  5 7350
 45000000.0 4.35787E-5 50000000.0 3.74661E-5 54000000.0 3.46041E-5744310  5 7351
 55000000.0 3.19034E-5 60000000.0 2.64966E-5 70000000.0 2.12914E-5744310  5 7352
 80000000.0 1.78660E-5 90000000.0 1.53795E-5 100000000. 1.30249E-5744310  5 7353
 120000000. 1.08446E-5 140000000. 9.50432E-6 160000000. 8.61665E-6744310  5 7354
 180000000. 7.97232E-6 200000000. 7.08863E-6 240000000. 6.18054E-6744310  5 7355
 280000000. 5.55881E-6 320000000. 5.11842E-6 360000000. 4.83766E-6744310  5 7356
 400000000. 4.60363E-6 440000000. 4.33347E-6 480000000. 4.15361E-6744310  5 7357
 520000000. 4.15811E-6 560000000. 4.25780E-6 600000000. 4.30536E-6744310  5 7358
 640000000. 4.35939E-6 680000000. 4.45131E-6 720000000. 4.52719E-6744310  5 7359
 760000000. 4.62827E-6 800000000. 4.77823E-6 840000000. 4.88869E-6744310  5 7360
 880000000. 4.91844E-6 920000000. 4.94120E-6 960000000. 4.96047E-6744310  5 7361
 1.00000E+9 0.0                                                   744310  5 7362
 0.0        0.0             75167          0          1         19744310  5 7363
         19          1                                            744310  5 7364
 280000000. 9.02390E-9 320000000. 1.12234E-8 360000000. 1.34224E-8744310  5 7365
 400000000. 1.46064E-8 440000000. 1.47415E-8 480000000. 1.48766E-8744310  5 7366
 520000000. 1.50117E-8 560000000. 1.34638E-8 600000000. 1.01926E-8744310  5 7367
 640000000. 8.98298E-9 680000000. 9.87824E-9 720000000. 9.48766E-9744310  5 7368
 760000000. 8.63991E-9 800000000. 8.65992E-9 840000000. 8.67000E-9744310  5 7369
 880000000. 8.67000E-9 920000000. 8.67000E-9 960000000. 8.67000E-9744310  5 7370
 1.00000E+9 0.0                                                   744310  5 7371
 0.0        0.0             75168          0          1         20744310  5 7372
         20          1                                            744310  5 7373
 240000000. 2.67652E-8 280000000. 3.58081E-8 320000000. 3.26886E-8744310  5 7374
 360000000. 3.37238E-8 400000000. 3.88366E-8 440000000. 3.35185E-8744310  5 7375
 480000000. 3.03612E-8 520000000. 3.66068E-8 560000000. 4.04929E-8744310  5 7376
 600000000. 3.41641E-8 640000000. 2.39694E-8 680000000. 2.74818E-8744310  5 7377
 720000000. 2.76158E-8 760000000. 1.90492E-8 800000000. 2.24544E-8744310  5 7378
 840000000. 2.34854E-8 880000000. 1.56599E-8 920000000. 1.65637E-8744310  5 7379
 960000000. 1.74799E-8 1.00000E+9 0.0                             744310  5 7380
 0.0        0.0             75169          0          1         20744310  5 7381
         20          1                                            744310  5 7382
 240000000. 9.29713E-8 280000000. 9.93327E-8 320000000. 9.41230E-8744310  5 7383
 360000000. 9.79253E-8 400000000. 1.06925E-7 440000000. 1.01140E-7744310  5 7384
 480000000. 9.45095E-8 520000000. 9.98095E-8 560000000. 9.28927E-8744310  5 7385
 600000000. 8.09338E-8 640000000. 7.19871E-8 680000000. 6.87084E-8744310  5 7386
 720000000. 6.64497E-8 760000000. 6.04549E-8 800000000. 6.40844E-8744310  5 7387
 840000000. 6.33712E-8 880000000. 5.48625E-8 920000000. 4.53620E-8744310  5 7388
 960000000. 4.54478E-8 1.00000E+9 0.0                             744310  5 7389
 0.0        0.0             75170          0          1         21744310  5 7390
         21          1                                            744310  5 7391
 200000000. 2.28888E-7 240000000. 3.10903E-7 280000000. 3.32791E-7744310  5 7392
 320000000. 3.16010E-7 360000000. 2.95661E-7 400000000. 2.80510E-7744310  5 7393
 440000000. 2.47124E-7 480000000. 2.37449E-7 520000000. 2.12322E-7744310  5 7394
 560000000. 2.15909E-7 600000000. 2.31919E-7 640000000. 1.87661E-7744310  5 7395
 680000000. 1.65873E-7 720000000. 1.68106E-7 760000000. 1.56474E-7744310  5 7396
 800000000. 1.54098E-7 840000000. 1.50260E-7 880000000. 1.45251E-7744310  5 7397
 920000000. 1.39618E-7 960000000. 1.26738E-7 1.00000E+9 0.0       744310  5 7398
 0.0        0.0             75171          0          1         22744310  5 7399
         22          1                                            744310  5 7400
 180000000. 5.20397E-7 200000000. 8.01553E-7 240000000. 8.41871E-7744310  5 7401
 280000000. 7.59061E-7 320000000. 6.93708E-7 360000000. 6.59910E-7744310  5 7402
 400000000. 6.19181E-7 440000000. 5.71616E-7 480000000. 5.14707E-7744310  5 7403
 520000000. 4.61861E-7 560000000. 4.33015E-7 600000000. 3.96427E-7744310  5 7404
 640000000. 3.68109E-7 680000000. 3.78116E-7 720000000. 3.52865E-7744310  5 7405
 760000000. 2.99090E-7 800000000. 2.81469E-7 840000000. 2.83832E-7744310  5 7406
 880000000. 2.68968E-7 920000000. 2.50299E-7 960000000. 2.40434E-7744310  5 7407
 1.00000E+9 0.0                                                   744310  5 7408
 0.0        0.0             75172          0          1         23744310  5 7409
         23          1                                            744310  5 7410
 160000000. 1.10509E-6 180000000. 1.83401E-6 200000000. 1.94444E-6744310  5 7411
 240000000. 1.75226E-6 280000000. 1.50695E-6 320000000. 1.31969E-6744310  5 7412
 360000000. 1.14393E-6 400000000. 1.10563E-6 440000000. 1.06575E-6744310  5 7413
 480000000. 9.93749E-7 520000000. 9.11335E-7 560000000. 8.23890E-7744310  5 7414
 600000000. 7.58606E-7 640000000. 7.04675E-7 680000000. 6.61176E-7744310  5 7415
 720000000. 5.92581E-7 760000000. 5.42654E-7 800000000. 5.38680E-7744310  5 7416
 840000000. 4.71802E-7 880000000. 4.26194E-7 920000000. 4.48269E-7744310  5 7417
 960000000. 4.37977E-7 1.00000E+9 0.0                             744310  5 7418
 0.0        0.0             75173          0          1         24744310  5 7419
         24          1                                            744310  5 7420
 140000000. 2.06759E-6 160000000. 4.04950E-6 180000000. 4.19742E-6744310  5 7421
 200000000. 3.63920E-6 240000000. 3.03011E-6 280000000. 2.53743E-6744310  5 7422
 320000000. 2.21777E-6 360000000. 1.98688E-6 400000000. 1.81605E-6744310  5 7423
 440000000. 1.72258E-6 480000000. 1.55427E-6 520000000. 1.35397E-6744310  5 7424
 560000000. 1.28630E-6 600000000. 1.21389E-6 640000000. 1.08421E-6744310  5 7425
 680000000. 9.58048E-7 720000000. 9.22156E-7 760000000. 9.35033E-7744310  5 7426
 800000000. 8.49200E-7 840000000. 7.52780E-7 880000000. 7.42066E-7744310  5 7427
 920000000. 7.70869E-7 960000000. 7.48422E-7 1.00000E+9 0.0       744310  5 7428
 0.0        0.0             75174          0          1         25744310  5 7429
         25          1                                            744310  5 7430
 120000000. 3.37976E-6 140000000. 7.67246E-6 160000000. 8.20876E-6744310  5 7431
 180000000. 7.30347E-6 200000000. 6.20554E-6 240000000. 4.93406E-6744310  5 7432
 280000000. 4.02428E-6 320000000. 3.42338E-6 360000000. 2.95415E-6744310  5 7433
 400000000. 2.62186E-6 440000000. 2.42977E-6 480000000. 2.20188E-6744310  5 7434
 520000000. 1.95905E-6 560000000. 1.73249E-6 600000000. 1.56975E-6744310  5 7435
 640000000. 1.39644E-6 680000000. 1.24379E-6 720000000. 1.22504E-6744310  5 7436
 760000000. 1.14624E-6 800000000. 1.04034E-6 840000000. 9.69817E-7744310  5 7437
 880000000. 9.33601E-7 920000000. 9.15801E-7 960000000. 8.95968E-7744310  5 7438
 1.00000E+9 0.0                                                   744310  5 7439
 0.0        0.0             75175          0          1         25744310  5 7440
         25          1                                            744310  5 7441
 120000000. 1.26786E-5 140000000. 1.55272E-5 160000000. 1.29535E-5744310  5 7442
 180000000. 1.11703E-5 200000000. 9.25046E-6 240000000. 7.13948E-6744310  5 7443
 280000000. 5.79048E-6 320000000. 4.88452E-6 360000000. 4.12042E-6744310  5 7444
 400000000. 3.62006E-6 440000000. 3.26937E-6 480000000. 2.94736E-6744310  5 7445
 520000000. 2.57619E-6 560000000. 2.26323E-6 600000000. 2.03575E-6744310  5 7446
 640000000. 1.73820E-6 680000000. 1.56954E-6 720000000. 1.47234E-6744310  5 7447
 760000000. 1.32322E-6 800000000. 1.26363E-6 840000000. 1.21471E-6744310  5 7448
 880000000. 1.13138E-6 920000000. 1.07707E-6 960000000. 1.07941E-6744310  5 7449
 1.00000E+9 0.0                                                   744310  5 7450
 0.0        0.0             75176          0          1         27744310  5 7451
         27          1                                            744310  5 7452
 90000000.0 2.25410E-6 100000000. 1.75932E-5 120000000. 2.76820E-5744310  5 7453
 140000000. 2.16724E-5 160000000. 1.80798E-5 180000000. 1.52568E-5744310  5 7454
 200000000. 1.23488E-5 240000000. 9.49880E-6 280000000. 7.55979E-6744310  5 7455
 320000000. 6.38096E-6 360000000. 5.45123E-6 400000000. 4.66198E-6744310  5 7456
 440000000. 4.00879E-6 480000000. 3.45830E-6 520000000. 3.11396E-6744310  5 7457
 560000000. 2.82818E-6 600000000. 2.49701E-6 640000000. 2.22915E-6744310  5 7458
 680000000. 2.01560E-6 720000000. 1.83845E-6 760000000. 1.72495E-6744310  5 7459
 800000000. 1.60276E-6 840000000. 1.46305E-6 880000000. 1.35502E-6744310  5 7460
 920000000. 1.28906E-6 960000000. 1.29704E-6 1.00000E+9 0.0       744310  5 7461
 0.0        0.0             75177          0          1         28744310  5 7462
         28          1                                            744310  5 7463
 80000000.0 7.50226E-6 90000000.0 3.19579E-5 100000000. 4.48664E-5744310  5 7464
 120000000. 3.51175E-5 140000000. 2.73286E-5 160000000. 2.27522E-5744310  5 7465
 180000000. 1.89775E-5 200000000. 1.49381E-5 240000000. 1.14188E-5744310  5 7466
 280000000. 9.35262E-6 320000000. 7.91483E-6 360000000. 6.77833E-6744310  5 7467
 400000000. 5.84602E-6 440000000. 4.98309E-6 480000000. 4.23802E-6744310  5 7468
 520000000. 3.74654E-6 560000000. 3.35086E-6 600000000. 2.94784E-6744310  5 7469
 640000000. 2.61217E-6 680000000. 2.35081E-6 720000000. 2.17383E-6744310  5 7470
 760000000. 2.05417E-6 800000000. 1.95595E-6 840000000. 1.84156E-6744310  5 7471
 880000000. 1.74562E-6 920000000. 1.67033E-6 960000000. 1.59544E-6744310  5 7472
 1.00000E+9 0.0                                                   744310  5 7473
 0.0        0.0             75178          0          1         29744310  5 7474
         29          1                                            744310  5 7475
 70000000.0 2.04206E-5 80000000.0 6.65918E-5 90000000.0 8.32384E-5744310  5 7476
 100000000. 5.89642E-5 120000000. 3.96042E-5 140000000. 3.17748E-5744310  5 7477
 160000000. 2.60176E-5 180000000. 2.18551E-5 200000000. 1.74827E-5744310  5 7478
 240000000. 1.32536E-5 280000000. 1.08396E-5 320000000. 9.15055E-6744310  5 7479
 360000000. 7.79425E-6 400000000. 6.78642E-6 440000000. 5.83121E-6744310  5 7480
 480000000. 5.02776E-6 520000000. 4.31631E-6 560000000. 3.83006E-6744310  5 7481
 600000000. 3.39155E-6 640000000. 3.03807E-6 680000000. 2.84156E-6744310  5 7482
 720000000. 2.66091E-6 760000000. 2.47794E-6 800000000. 2.32831E-6744310  5 7483
 840000000. 2.17172E-6 880000000. 1.99815E-6 920000000. 1.98198E-6744310  5 7484
 960000000. 1.99840E-6 1.00000E+9 0.0                             744310  5 7485
 0.0        0.0             75179          0          1         30744310  5 7486
         30          1                                            744310  5 7487
 60000000.0 4.78116E-5 70000000.0 1.23584E-4 80000000.0 1.22591E-4744310  5 7488
 90000000.0 7.93005E-5 100000000. 5.70186E-5 120000000. 4.32175E-5744310  5 7489
 140000000. 3.46585E-5 160000000. 2.85696E-5 180000000. 2.38326E-5744310  5 7490
 200000000. 1.91994E-5 240000000. 1.49735E-5 280000000. 1.22700E-5744310  5 7491
 320000000. 1.04322E-5 360000000. 8.98691E-6 400000000. 7.72336E-6744310  5 7492
 440000000. 6.55294E-6 480000000. 5.68232E-6 520000000. 4.98045E-6744310  5 7493
 560000000. 4.33283E-6 600000000. 3.86443E-6 640000000. 3.51392E-6744310  5 7494
 680000000. 3.18819E-6 720000000. 3.02434E-6 760000000. 2.81973E-6744310  5 7495
 800000000. 2.59595E-6 840000000. 2.53217E-6 880000000. 2.50420E-6744310  5 7496
 920000000. 2.39444E-6 960000000. 2.28671E-6 1.00000E+9 0.0       744310  5 7497
 0.0        0.0             75180          0          1         33744310  5 7498
         33          1                                            744310  5 7499
 50000000.0 1.53687E-5 54000000.0 3.76839E-5 55000000.0 1.00389E-4744310  5 7500
 60000000.0 1.84559E-4 70000000.0 1.61875E-4 80000000.0 9.29602E-5744310  5 7501
 90000000.0 7.20188E-5 100000000. 5.82137E-5 120000000. 4.48856E-5744310  5 7502
 140000000. 3.61779E-5 160000000. 2.98390E-5 180000000. 2.50272E-5744310  5 7503
 200000000. 2.06168E-5 240000000. 1.62990E-5 280000000. 1.34483E-5744310  5 7504
 320000000. 1.15151E-5 360000000. 9.82003E-6 400000000. 8.27312E-6744310  5 7505
 440000000. 7.10891E-6 480000000. 6.03586E-6 520000000. 5.23489E-6744310  5 7506
 560000000. 4.68197E-6 600000000. 4.15444E-6 640000000. 3.72665E-6744310  5 7507
 680000000. 3.46150E-6 720000000. 3.24892E-6 760000000. 3.04913E-6744310  5 7508
 800000000. 2.89120E-6 840000000. 2.79026E-6 880000000. 2.66459E-6744310  5 7509
 920000000. 2.55888E-6 960000000. 2.46095E-6 1.00000E+9 0.0       744310  5 7510
 0.0        0.0             75181          0          1         35744310  5 7511
         35          1                                            744310  5 7512
 40000000.0 4.06180E-5 45000000.0 1.64751E-4 50000000.0 2.77116E-4744310  5 7513
 54000000.0 3.02919E-4 55000000.0 2.67387E-4 60000000.0 1.75881E-4744310  5 7514
 70000000.0 1.04055E-4 80000000.0 8.40289E-5 90000000.0 7.11959E-5744310  5 7515
 100000000. 5.80445E-5 120000000. 4.49539E-5 140000000. 3.56353E-5744310  5 7516
 160000000. 2.95533E-5 180000000. 2.54186E-5 200000000. 2.09767E-5744310  5 7517
 240000000. 1.70539E-5 280000000. 1.45840E-5 320000000. 1.23429E-5744310  5 7518
 360000000. 1.04000E-5 400000000. 8.87889E-6 440000000. 7.55445E-6744310  5 7519
 480000000. 6.52817E-6 520000000. 5.73783E-6 560000000. 5.04846E-6744310  5 7520
 600000000. 4.56425E-6 640000000. 4.16629E-6 680000000. 3.80209E-6744310  5 7521
 720000000. 3.50278E-6 760000000. 3.23502E-6 800000000. 3.08935E-6744310  5 7522
 840000000. 3.00987E-6 880000000. 2.88909E-6 920000000. 2.75538E-6744310  5 7523
 960000000. 2.66873E-6 1.00000E+9 0.0                             744310  5 7524
 0.0        0.0             75182          0          1         37744310  5 7525
         37          1                                            744310  5 7526
 30000000.0 6.52829E-5 35000000.0 2.70626E-4 40000000.0 4.15563E-4744310  5 7527
 45000000.0 3.41753E-4 50000000.0 2.22887E-4 54000000.0 1.75285E-4744310  5 7528
 55000000.0 1.51274E-4 60000000.0 1.19115E-4 70000000.0 9.60455E-5744310  5 7529
 80000000.0 8.02802E-5 90000000.0 6.77641E-5 100000000. 5.54188E-5744310  5 7530
 120000000. 4.33472E-5 140000000. 3.52853E-5 160000000. 2.96185E-5744310  5 7531
 180000000. 2.54847E-5 200000000. 2.16253E-5 240000000. 1.79260E-5744310  5 7532
 280000000. 1.52041E-5 320000000. 1.28829E-5 360000000. 1.09773E-5744310  5 7533
 400000000. 9.54238E-6 440000000. 8.13800E-6 480000000. 7.04009E-6744310  5 7534
 520000000. 6.20897E-6 560000000. 5.44527E-6 600000000. 4.89261E-6744310  5 7535
 640000000. 4.46837E-6 680000000. 4.09708E-6 720000000. 3.76926E-6744310  5 7536
 760000000. 3.58170E-6 800000000. 3.45618E-6 840000000. 3.27481E-6744310  5 7537
 880000000. 3.07381E-6 920000000. 2.88620E-6 960000000. 2.79896E-6744310  5 7538
 1.00000E+9 0.0                                                   744310  5 7539
 0.0        0.0             75183          0          1         37744310  5 7540
         37          1                                            744310  5 7541
 30000000.0 6.40932E-4 35000000.0 4.71650E-4 40000000.0 2.58104E-4744310  5 7542
 45000000.0 1.81030E-4 50000000.0 1.54597E-4 54000000.0 1.44755E-4744310  5 7543
 55000000.0 1.34382E-4 60000000.0 1.12156E-4 70000000.0 8.97096E-5744310  5 7544
 80000000.0 7.46776E-5 90000000.0 6.33857E-5 100000000. 5.18327E-5744310  5 7545
 120000000. 4.05594E-5 140000000. 3.34345E-5 160000000. 2.86923E-5744310  5 7546
 180000000. 2.52215E-5 200000000. 2.16301E-5 240000000. 1.81774E-5744310  5 7547
 280000000. 1.55982E-5 320000000. 1.33487E-5 360000000. 1.14554E-5744310  5 7548
 400000000. 9.73758E-6 440000000. 8.38179E-6 480000000. 7.19994E-6744310  5 7549
 520000000. 6.24546E-6 560000000. 5.52960E-6 600000000. 4.99913E-6744310  5 7550
 640000000. 4.59500E-6 680000000. 4.26109E-6 720000000. 3.93062E-6744310  5 7551
 760000000. 3.64792E-6 800000000. 3.49402E-6 840000000. 3.40559E-6744310  5 7552
 880000000. 3.29629E-6 920000000. 3.17301E-6 960000000. 3.07880E-6744310  5 7553
 1.00000E+9 0.0                                                   744310  5 7554
 0.0        0.0             75184          0          1         37744310  5 7555
         37          1                                            744310  5 7556
 30000000.0 3.28807E-4 35000000.0 2.34852E-4 40000000.0 1.96755E-4744310  5 7557
 45000000.0 1.67569E-4 50000000.0 1.45682E-4 54000000.0 1.34811E-4744310  5 7558
 55000000.0 1.23895E-4 60000000.0 1.01879E-4 70000000.0 8.09397E-5744310  5 7559
 80000000.0 6.77763E-5 90000000.0 5.79599E-5 100000000. 4.81374E-5744310  5 7560
 120000000. 3.85745E-5 140000000. 3.22791E-5 160000000. 2.80568E-5744310  5 7561
 180000000. 2.50729E-5 200000000. 2.19714E-5 240000000. 1.88758E-5744310  5 7562
 280000000. 1.63920E-5 320000000. 1.39840E-5 360000000. 1.20088E-5744310  5 7563
 400000000. 1.02505E-5 440000000. 8.68707E-6 480000000. 7.50938E-6744310  5 7564
 520000000. 6.59247E-6 560000000. 5.89578E-6 600000000. 5.32260E-6744310  5 7565
 640000000. 4.81605E-6 680000000. 4.50141E-6 720000000. 4.26562E-6744310  5 7566
 760000000. 4.01092E-6 800000000. 3.81115E-6 840000000. 3.61788E-6744310  5 7567
 880000000. 3.45536E-6 920000000. 3.33704E-6 960000000. 3.25171E-6744310  5 7568
 1.00000E+9 0.0                                                   744310  5 7569
 0.0        0.0             75185          0          1         37744310  5 7570
         37          1                                            744310  5 7571
 30000000.0 1.93948E-4 35000000.0 1.61965E-4 40000000.0 1.35134E-4744310  5 7572
 45000000.0 1.14084E-4 50000000.0 9.85780E-5 54000000.0 9.08614E-5744310  5 7573
 55000000.0 8.38669E-5 60000000.0 6.94560E-5 70000000.0 5.57723E-5744310  5 7574
 80000000.0 4.69160E-5 90000000.0 4.01004E-5 100000000. 3.38460E-5744310  5 7575
 120000000. 2.78295E-5 140000000. 2.35960E-5 160000000. 2.06414E-5744310  5 7576
 180000000. 1.84956E-5 200000000. 1.63726E-5 240000000. 1.44185E-5744310  5 7577
 280000000. 1.29058E-5 320000000. 1.15227E-5 360000000. 1.00224E-5744310  5 7578
 400000000. 8.50128E-6 440000000. 7.27545E-6 480000000. 6.24623E-6744310  5 7579
 520000000. 5.42635E-6 560000000. 4.87515E-6 600000000. 4.40458E-6744310  5 7580
 640000000. 4.02104E-6 680000000. 3.74353E-6 720000000. 3.46991E-6744310  5 7581
 760000000. 3.29321E-6 800000000. 3.15315E-6 840000000. 2.95552E-6744310  5 7582
 880000000. 2.81843E-6 920000000. 2.74302E-6 960000000. 2.69060E-6744310  5 7583
 1.00000E+9 0.0                                                   744310  5 7584
 0.0        0.0             75186          0          1         37744310  5 7585
         37          1                                            744310  5 7586
 30000000.0 6.35777E-5 35000000.0 5.15588E-5 40000000.0 4.21829E-5744310  5 7587
 45000000.0 3.50340E-5 50000000.0 3.01540E-5 54000000.0 2.79793E-5744310  5 7588
 55000000.0 2.59026E-5 60000000.0 2.15961E-5 70000000.0 1.71406E-5744310  5 7589
 80000000.0 1.41278E-5 90000000.0 1.20069E-5 100000000. 1.00301E-5744310  5 7590
 120000000. 8.17497E-6 140000000. 6.94909E-6 160000000. 6.14011E-6744310  5 7591
 180000000. 5.67415E-6 200000000. 5.19421E-6 240000000. 4.82666E-6744310  5 7592
 280000000. 4.86649E-6 320000000. 4.68833E-6 360000000. 4.04288E-6744310  5 7593
 400000000. 3.46346E-6 440000000. 2.98992E-6 480000000. 2.59067E-6744310  5 7594
 520000000. 2.29869E-6 560000000. 2.05982E-6 600000000. 1.84897E-6744310  5 7595
 640000000. 1.67065E-6 680000000. 1.55098E-6 720000000. 1.42979E-6744310  5 7596
 760000000. 1.31621E-6 800000000. 1.25158E-6 840000000. 1.19641E-6744310  5 7597
 880000000. 1.11659E-6 920000000. 1.06920E-6 960000000. 1.04730E-6744310  5 7598
 1.00000E+9 0.0                                                   744310  5 7599
 0.0        0.0             76171          0          1          9744310  5 7600
          9          1                                            744310  5 7601
 680000000. 1.37300E-8 720000000. 1.37300E-8 760000000. 1.37300E-8744310  5 7602
 800000000. 1.37300E-8 840000000. 1.37300E-8 880000000. 1.37300E-8744310  5 7603
 920000000. 1.37300E-8 960000000. 1.37300E-8 1.00000E+9 0.0       744310  5 7604
 0.0        0.0             76172          0          1         14744310  5 7605
         14          1                                            744310  5 7606
 480000000. 1.23063E-8 520000000. 1.16651E-8 560000000. 8.43931E-9744310  5 7607
 600000000. 1.10523E-8 640000000. 1.24103E-8 680000000. 9.88453E-9744310  5 7608
 720000000. 8.61991E-9 760000000. 8.63991E-9 800000000. 8.65992E-9744310  5 7609
 840000000. 1.04064E-8 880000000. 1.21824E-8 920000000. 1.22074E-8744310  5 7610
 960000000. 1.22200E-8 1.00000E+9 0.0                             744310  5 7611
 0.0        0.0             76173          0          1         17744310  5 7612
         17          1                                            744310  5 7613
 360000000. 9.66230E-9 400000000. 9.70379E-9 440000000. 9.80320E-9744310  5 7614
 480000000. 8.21947E-9 520000000. 1.08032E-8 560000000. 1.43441E-8744310  5 7615
 600000000. 1.61804E-8 640000000. 1.71196E-8 680000000. 1.63379E-8744310  5 7616
 720000000. 1.63721E-8 760000000. 1.29918E-8 800000000. 1.12388E-8744310  5 7617
 840000000. 1.82012E-8 880000000. 1.83021E-8 920000000. 1.91577E-8744310  5 7618
 960000000. 2.27367E-8 1.00000E+9 0.0                             744310  5 7619
 0.0        0.0             76174          0          1         18744310  5 7620
         18          1                                            744310  5 7621
 320000000. 1.27229E-8 360000000. 2.08103E-8 400000000. 1.95477E-8744310  5 7622
 440000000. 2.02741E-8 480000000. 2.87689E-8 520000000. 3.65640E-8744310  5 7623
 560000000. 3.38081E-8 600000000. 2.89109E-8 640000000. 3.25538E-8744310  5 7624
 680000000. 2.49605E-8 720000000. 2.41137E-8 760000000. 2.59345E-8744310  5 7625
 800000000. 2.68286E-8 840000000. 2.69250E-8 880000000. 2.43598E-8744310  5 7626
 920000000. 2.96177E-8 960000000. 3.23526E-8 1.00000E+9 0.0       744310  5 7627
 0.0        0.0             76175          0          1         18744310  5 7628
         18          1                                            744310  5 7629
 320000000. 2.47241E-8 360000000. 3.28320E-8 400000000. 3.49240E-8744310  5 7630
 440000000. 3.81847E-8 480000000. 4.03378E-8 520000000. 4.15480E-8744310  5 7631
 560000000. 4.22430E-8 600000000. 3.74441E-8 640000000. 4.61993E-8744310  5 7632
 680000000. 4.98542E-8 720000000. 4.82850E-8 760000000. 4.23665E-8744310  5 7633
 800000000. 3.72467E-8 840000000. 3.90445E-8 880000000. 3.74369E-8744310  5 7634
 920000000. 3.66050E-8 960000000. 4.54239E-8 1.00000E+9 0.0       744310  5 7635
 0.0        0.0             76176          0          1         19744310  5 7636
         19          1                                            744310  5 7637
 280000000. 3.77865E-8 320000000. 5.41967E-8 360000000. 5.54310E-8744310  5 7638
 400000000. 5.67022E-8 440000000. 5.94669E-8 480000000. 5.43008E-8744310  5 7639
 520000000. 4.07983E-8 560000000. 4.80505E-8 600000000. 5.79652E-8744310  5 7640
 640000000. 5.90353E-8 680000000. 5.67846E-8 720000000. 4.57233E-8744310  5 7641
 760000000. 5.09083E-8 800000000. 5.89035E-8 840000000. 5.81578E-8744310  5 7642
 880000000. 6.60829E-8 920000000. 7.15218E-8 960000000. 5.42816E-8744310  5 7643
 1.00000E+9 0.0                                                   744310  5 7644
 0.0        0.0             76177          0          1         19744310  5 7645
         19          1                                            744310  5 7646
 280000000. 5.06429E-8 320000000. 6.52772E-8 360000000. 6.67397E-8744310  5 7647
 400000000. 7.03758E-8 440000000. 9.43544E-8 480000000. 1.05240E-7744310  5 7648
 520000000. 9.15597E-8 560000000. 9.44808E-8 600000000. 8.53778E-8744310  5 7649
 640000000. 7.69521E-8 680000000. 8.51295E-8 720000000. 7.41914E-8744310  5 7650
 760000000. 6.56791E-8 800000000. 6.15055E-8 840000000. 7.28217E-8744310  5 7651
 880000000. 7.66267E-8 920000000. 7.14773E-8 960000000. 7.51813E-8744310  5 7652
 1.00000E+9 0.0                                                   744310  5 7653
 0.0        0.0             76178          0          1         20744310  5 7654
         20          1                                            744310  5 7655
 240000000. 2.43087E-8 280000000. 5.28992E-8 320000000. 7.79475E-8744310  5 7656
 360000000. 9.15556E-8 400000000. 9.39811E-8 440000000. 9.61335E-8744310  5 7657
 480000000. 1.01067E-7 520000000. 1.04820E-7 560000000. 1.03830E-7744310  5 7658
 600000000. 1.09836E-7 640000000. 1.10503E-7 680000000. 8.77796E-8744310  5 7659
 720000000. 7.41342E-8 760000000. 7.43043E-8 800000000. 8.47997E-8744310  5 7660
 840000000. 8.77248E-8 880000000. 7.65851E-8 920000000. 7.15218E-8744310  5 7661
 960000000. 8.20961E-8 1.00000E+9 0.0                             744310  5 7662
 0.0        0.0             76179          0          1         20744310  5 7663
         20          1                                            744310  5 7664
 240000000. 4.56110E-8 280000000. 8.46084E-8 320000000. 9.96920E-8744310  5 7665
 360000000. 9.87991E-8 400000000. 1.14056E-7 440000000. 1.18280E-7744310  5 7666
 480000000. 1.03591E-7 520000000. 9.98255E-8 560000000. 1.02967E-7744310  5 7667
 600000000. 1.02261E-7 640000000. 9.84636E-8 680000000. 1.03088E-7744310  5 7668
 720000000. 1.06920E-7 760000000. 8.91047E-8 800000000. 6.93166E-8744310  5 7669
 840000000. 7.02722E-8 880000000. 7.13781E-8 920000000. 7.75489E-8744310  5 7670
 960000000. 8.74212E-8 1.00000E+9 0.0                             744310  5 7671
 0.0        0.0             76180          0          1         20744310  5 7672
         20          1                                            744310  5 7673
 240000000. 4.18297E-8 280000000. 6.80472E-8 320000000. 8.67801E-8744310  5 7674
 360000000. 1.05900E-7 400000000. 1.07888E-7 440000000. 1.10672E-7744310  5 7675
 480000000. 1.32254E-7 520000000. 1.34810E-7 560000000. 1.23262E-7744310  5 7676
 600000000. 1.06583E-7 640000000. 1.01834E-7 680000000. 1.01467E-7744310  5 7677
 720000000. 1.05958E-7 760000000. 1.08923E-7 800000000. 9.01528E-8744310  5 7678
 840000000. 7.12232E-8 880000000. 6.52480E-8 920000000. 6.97447E-8744310  5 7679
 960000000. 8.29839E-8 1.00000E+9 0.0                             744310  5 7680
 0.0        0.0             76181          0          1         20744310  5 7681
         20          1                                            744310  5 7682
 240000000. 4.29106E-8 280000000. 6.47257E-8 320000000. 9.38865E-8744310  5 7683
 360000000. 1.06833E-7 400000000. 1.18958E-7 440000000. 1.27966E-7744310  5 7684
 480000000. 1.18413E-7 520000000. 9.90598E-8 560000000. 9.78649E-8744310  5 7685
 600000000. 1.03133E-7 640000000. 9.16557E-8 680000000. 8.59422E-8744310  5 7686
 720000000. 9.73385E-8 760000000. 9.68477E-8 800000000. 8.83201E-8744310  5 7687
 840000000. 8.07883E-8 880000000. 8.17219E-8 920000000. 8.29074E-8744310  5 7688
 960000000. 6.99482E-8 1.00000E+9 0.0                             744310  5 7689
 0.0        0.0             76182          0          1         20744310  5 7690
         20          1                                            744310  5 7691
 240000000. 4.26043E-8 280000000. 5.41008E-8 320000000. 6.11978E-8744310  5 7692
 360000000. 8.10427E-8 400000000. 9.79195E-8 440000000. 1.13204E-7744310  5 7693
 480000000. 1.15100E-7 520000000. 1.04028E-7 560000000. 9.53907E-8744310  5 7694
 600000000. 9.03311E-8 640000000. 8.13809E-8 680000000. 6.96548E-8744310  5 7695
 720000000. 6.97904E-8 760000000. 7.08739E-8 800000000. 7.61489E-8744310  5 7696
 840000000. 7.47201E-8 880000000. 6.09253E-8 920000000. 5.66907E-8744310  5 7697
 960000000. 6.02898E-8 1.00000E+9 0.0                             744310  5 7698
 0.0        0.0             76183          0          1         21744310  5 7699
         21          1                                            744310  5 7700
 200000000. 2.21231E-8 240000000. 4.11011E-8 280000000. 6.33175E-8744310  5 7701
 320000000. 7.33518E-8 360000000. 7.62778E-8 400000000. 7.61985E-8744310  5 7702
 440000000. 7.81669E-8 480000000. 7.89423E-8 520000000. 7.56974E-8744310  5 7703
 560000000. 6.67302E-8 600000000. 6.04443E-8 640000000. 6.42245E-8744310  5 7704
 680000000. 5.33560E-8 720000000. 5.16673E-8 760000000. 5.70392E-8744310  5 7705
 800000000. 5.11247E-8 840000000. 4.68746E-8 880000000. 5.13073E-8744310  5 7706
 920000000. 5.40819E-8 960000000. 5.41877E-8 1.00000E+9 0.0       744310  5 7707
 0.0        0.0             76184          0          1         22744310  5 7708
         22          1                                            744310  5 7709
 180000000. 1.27438E-8 200000000. 2.13960E-8 240000000. 3.24936E-8744310  5 7710
 280000000. 3.89173E-8 320000000. 4.22005E-8 360000000. 4.42002E-8744310  5 7711
 400000000. 4.21437E-8 440000000. 4.96128E-8 480000000. 5.34580E-8744310  5 7712
 520000000. 4.74261E-8 560000000. 4.81014E-8 600000000. 4.51897E-8744310  5 7713
 640000000. 4.10890E-8 680000000. 4.29629E-8 720000000. 4.39673E-8744310  5 7714
 760000000. 4.06268E-8 800000000. 3.98255E-8 840000000. 3.90798E-8744310  5 7715
 880000000. 3.04899E-8 920000000. 2.44198E-8 960000000. 2.44748E-8744310  5 7716
 1.00000E+9 0.0                                                   744310  5 7717
 0.0        0.0             76185          0          1         21744310  5 7718
         21          1                                            744310  5 7719
 200000000. 1.20098E-8 240000000. 1.34694E-8 280000000. 1.43354E-8744310  5 7720
 320000000. 1.82393E-8 360000000. 2.56945E-8 400000000. 2.59445E-8744310  5 7721
 440000000. 2.20345E-8 480000000. 2.46125E-8 520000000. 2.41598E-8744310  5 7722
 560000000. 1.68881E-8 600000000. 1.70262E-8 640000000. 1.71319E-8744310  5 7723
 680000000. 1.37611E-8 720000000. 1.20649E-8 760000000. 1.03797E-8744310  5 7724
 800000000. 8.65992E-9 840000000. 1.21280E-8 880000000. 1.73870E-8744310  5 7725
 920000000. 1.57146E-8 960000000. 1.22349E-8 1.00000E+9 0.0       744310  5 7726
                                                                  744310  099999
                                                                  7443 0  0    0
                                                                     0 0  0    0
                                                                    -1 0  0    0
