



     ==============================================================================
     |                                                                            |
     |                            F I S P A C T - I I                             |
     |                            -------------------                             |
     |                                                                            |
     |                  Transmutation-Activation Inventory Code                   |
     |                   United Kingdom Atomic Energy Authority                   |
     |                                    and                                     |
     |                      Culham Electromagnetics Limited                       |
     |                                                                            |
     |                           Release 3.20 December 2016                       |
     |                   Authors: James Eastwood and Guy Morgan                   |
     |           Copyright (c) 2009-16, UK Atomic Energy Authority and            |
     |                      Culham Electromagnetics Limited.                      |
     |                                                                            |
     ==============================================================================

     ------------------------------------------------------------------------------
     Source CVS Tag: $Name:  $
     ------------------------------------------------------------------------------



1




     =========================================================================================================
     |                                                                                                       |
     |                      R U N   I D E N T I F I C A T I O N   I N F O R M A T I O N                      |
     |                                                                                                       |
     | INITIAL CROSS SECTION DATA                                                                            |
     | Collapsed library timestamp: 10:05:11 30 August 2017                                                  |
     | EAF source library label:                                                                             |
     | FLUX file label:             FBR-Na End of Cycle heavy fuel s                                         |
     |                                                                                                       |
     | DECAY DATA                                                                                            |
     | Condensed library timestamp: 10:05:16 30 August 2017                                                  |
     | EAF source library label:    Decay input from separate files                                          |
     |                                                                                                       |
     | THIS RUN                                                                                              |
     | timestamp:                   10:05:22 30 August 2017                                                  |
     | fileroot :                   printlib                                                                 |
     | name of FILES file:          files                                                                    |
     | FISPACT title:               * TENDL gxs-162 : alpha 1 MeV - 200 MeV                                  |
     |                                                                                                       |
     | See the printlib.log file                                                                             |
     | and summary details at the end of this file for further information on files used by this run         |
     |                                                                                                       |
     =========================================================================================================


1                                              P E R C E N T A G E     B R A N C H I N G     R A T I O S 

   H   3   (b-)   He  3  1.000E+02       H   4    (n)   H   3  1.000E+02       H   5   (2n)   H   3  1.000E+02       H   6    (n)   H   5  5.000E+01
   H   6   (3n)   H   3  5.000E+01       H   7   (2n)   H   5  1.000E+02       He  5    (n)   He  4  1.000E+02       He  6   (b-)   Li  6  1.000E+02
   He  7    (n)   He  6  1.000E+02       He  8   (b-)   Li  8  8.800E+01       He  8  (b-n)   Li  7  1.200E+01       He  9    (n)   He  8  1.000E+02
   He 10   (2n)   He  8  1.000E+02       Li  4    (p)   He  3  1.000E+02       Li  5    (p)   He  4  1.000E+02       Li  8  (b-a)   He  4  1.000E+02
   Li  9   (b-)   Be  9  5.050E+01       Li  9  (b-n)   Be  8  4.950E+01       Li 10    (n)   Li  9  1.000E+02       Li 11   (b-)   Be 11  9.100E+00
   Li 11  (b-n)   Be 10  8.490E+01       Li 11 (b-2n)   Be  9  4.100E+00       Li 11 (b-3n)   Be  8  1.900E+00       Li 12    (n)   Li 11  1.000E+02
   Be  5    (p)   Li  4  1.000E+02       Be  6   (pp)   He  4  1.000E+02       Be  7   (b+)   Li  7  1.000E+02       Be  8    (a)   He  4  1.000E+02
   Be 10   (b-)   B  10  1.000E+02       Be 11   (b-)   B  11  9.700E+01       Be 11  (b-a)   Li  7  3.000E+00       Be 12   (b-)   B  12  1.000E+02
   Be 13    (n)   Be 12  1.000E+02       Be 14   (b-)   B  14  1.561E-15       Be 14  (b-n)   B  13  9.800E+01       Be 14 (b-2n)   B  12  1.800E+00
   Be 14 (b-3n)   B  11  2.000E-01       Be 15    (n)   Be 14  1.000E+02       Be 16   (2n)   Be 14  1.000E+02       B   6   (pp)   Li  4  1.000E+02
   B   7    (p)   Be  6  1.000E+02       B   8  (b+a)   He  4  1.000E+02       B   9    (p)   Be  8  1.000E+02       B  12   (b-)   C  12  9.842E+01
   B  12  (b-a)   Be  8  1.580E+00       B  13   (b-)   C  13  9.972E+01       B  13  (b-n)   C  12  2.760E-01       B  14   (b-)   C  14  1.000E+02
   B  15   (b-)   C  15  6.000E+00       B  15  (b-n)   C  14  9.360E+01       B  15 (b-2n)   C  13  4.000E-01       B  16    (n)   B  15  1.000E+02
   B  17   (b-)   C  17  2.250E+01       B  17  (b-n)   C  16  6.300E+01       B  17 (b-2n)   C  15  1.100E+01       B  17 (b-3n)   C  14  3.500E+00
   B  18    (n)   B  17  1.000E+02       B  19  (b-n)   C  18  7.500E+01       B  19 (b-2n)   C  17  2.500E+01       C   8   (pp)   Be  6  1.000E+02
   C   9   (b+)   B   9  6.000E+01       C   9  (b+p)   Be  8  2.300E+01       C   9  (b+a)   Li  5  1.700E+01       C  10   (b+)   B  10  1.000E+02
   C  11   (b+)   B  11  1.000E+02       C  14   (b-)   N  14  1.000E+02       C  15   (b-)   N  15  1.000E+02       C  16   (b-)   N  16  2.100E+00
   C  16  (b-n)   N  15  9.790E+01       C  17   (b-)   N  17  7.160E+01       C  17  (b-n)   N  16  2.840E+01       C  18   (b-)   N  18  6.850E+01
   C  18  (b-n)   N  17  3.150E+01       C  19   (b-)   N  19  4.600E+01       C  19  (b-n)   N  18  4.700E+01       C  19 (b-2n)   N  17  7.000E+00
   C  20   (b-)   N  20  2.800E+01       C  20  (b-n)   N  19  7.200E+01       C  21    (n)   C  20  1.000E+02       C  22   (b-)   N  22  1.000E+00
   C  22  (b-n)   N  21  9.900E+01       N  10    (p)   C   9  1.000E+02       N  11    (p)   C  10  1.000E+02       N  12   (b+)   C  12  1.000E+02
   N  13   (b+)   C  13  1.000E+02       N  16   (b-)   O  16  1.000E+02       N  16  (b-a)   C  12  1.200E-03       N  17   (b-)   O  17  5.000E+00
   N  17  (b-n)   O  16  9.500E+01       N  17  (b-a)   C  13  2.500E-03       N  18   (b-)   O  18  1.000E+02       N  19   (b-)   O  19  4.540E+01
   N  19  (b-n)   O  18  5.460E+01       N  20   (b-)   O  20  4.300E+01       N  20  (b-n)   O  19  5.700E+01       N  21   (b-)   O  21  1.900E+01
   N  21  (b-n)   O  20  8.100E+01       N  22   (b-)   O  22  6.500E+01       N  22  (b-n)   O  21  3.500E+01       N  23   (b-)   O  23  2.000E+01
   N  23  (b-n)   O  22  8.000E+01       N  24    (n)   N  23  1.000E+02       N  25    (n)   N  24  5.000E+01       N  25   (2n)   N  23  5.000E+01
   O  12   (pp)   C  10  6.000E+01       O  12   (b+)   N  12  4.000E+01       O  13   (b+)   N  13  8.910E+01       O  13  (b+p)   C  12  1.090E+01
   O  14   (b+)   N  14  1.000E+02       O  15   (b+)   N  15  1.000E+02       O  19   (b-)   F  19  1.000E+02       O  20   (b-)   F  20  1.000E+02
   O  21   (b-)   F  21  1.000E+02       O  22   (b-)   F  22  7.800E+01       O  22  (b-n)   F  21  2.200E+01       O  23   (b-)   F  23  6.900E+01
   O  23  (b-n)   F  22  3.100E+01       O  24   (b-)   F  24  8.200E+01       O  24  (b-n)   F  23  1.800E+01       O  25    (n)   O  24  1.000E+02
   O  26   (2n)   O  24  7.000E+01       O  26    (n)   O  25  3.000E+01       O  27    (n)   O  26  5.000E+01       O  27   (2n)   O  25  5.000E+01
   O  28    (n)   O  27  5.000E+01       O  28   (2n)   O  26  5.000E+01       F  14    (p)   O  13  1.000E+02       F  15    (p)   O  14  1.000E+02
   F  16    (p)   O  15  1.000E+02       F  17   (b+)   O  17  1.000E+02       F  18   (b+)   O  18  1.000E+02       F  20   (b-)   Ne 20  1.000E+02
   F  21   (b-)   Ne 21  1.000E+02       F  22   (b-)   Ne 22  1.000E+02       F  23   (b-)   Ne 23  1.000E+02       F  24   (b-)   Ne 24  1.000E+02
   F  25   (b-)   Ne 25  8.600E+01       F  25  (b-n)   Ne 24  1.400E+01       F  26   (b-)   Ne 26  8.900E+01       F  26  (b-n)   Ne 25  1.100E+01
   F  27   (b-)   Ne 27  2.300E+01       F  27  (b-n)   Ne 26  7.700E+01       F  28    (n)   F  27  1.000E+02       F  29   (b-)   Ne 29  4.000E+01
   F  29  (b-n)   Ne 28  6.000E+01       F  30    (n)   F  29  1.000E+02       F  31   (b-)   Ne 31  1.000E+02       Ne 16   (pp)   O  14  1.000E+02
   Ne 17   (b+)   F  17  1.300E+00       Ne 17  (b+p)   O  16  9.600E+01       Ne 17  (b+a)   N  13  2.700E+00       Ne 18   (b+)   F  18  1.000E+02
   Ne 19   (b+)   F  19  1.000E+02       Ne 23   (b-)   Na 23  1.000E+02       Ne 24   (b-)   Na 24  1.000E+02       Ne 25   (b-)   Na 25  1.000E+02
   Ne 26   (b-)   Na 26  1.000E+02       Ne 27   (b-)   Na 27  9.800E+01       Ne 27  (b-n)   Na 26  2.000E+00       Ne 28   (b-)   Na 28  8.400E+01
   Ne 28  (b-n)   Na 27  1.600E+01       Ne 29   (b-)   Na 29  7.880E+01       Ne 29  (b-n)   Na 28  1.900E+01       Ne 29 (b-2n)   Na 27  2.200E+00
   Ne 30   (b-)   Na 30  8.700E+01       Ne 30  (b-n)   Na 29  1.300E+01       Ne 31   (b-)   Na 31  1.000E+02       Ne 32   (b-)   Na 32  1.000E+02
   Ne 33    (n)   Ne 32  1.000E+02       Ne 34   (b-)   Na 34  1.000E+02       Na 18    (p)   Ne 17  5.000E+01       Na 18   (b+)   Ne 18  5.000E+01
   Na 19    (p)   Ne 18  1.000E+02       Na 20   (b+)   Ne 20  1.000E+02       Na 21   (b+)   Ne 21  1.000E+02       Na 22   (b+)   Ne 22  1.000E+02
   Na 24   (b-)   Mg 24  1.000E+02       Na 24m  (IT)   Na 24  9.950E+01       Na 24m  (b-)   Mg 24  5.000E-01       Na 25   (b-)   Mg 25  1.000E+02
   Na 26   (b-)   Mg 26  1.000E+02       Na 27   (b-)   Mg 27  1.000E+02       Na 28   (b-)   Mg 28  1.000E+02       Na 29   (b-)   Mg 29  7.410E+01
   Na 29  (b-n)   Mg 28  2.590E+01       Na 30   (b-)   Mg 30  6.883E+01       Na 30  (b-n)   Mg 29  3.000E+01       Na 30 (b-2n)   Mg 28  1.170E+00
   Na 30  (b-a)   Ne 26  5.500E-05       Na 31   (b-)   Mg 31  6.205E+01       Na 31  (b-n)   Mg 30  3.700E+01       Na 31 (b-2n)   Mg 29  9.000E-01
   Na 31 (b-3n)   Mg 28  5.000E-02       Na 32   (b-)   Mg 32  6.800E+01       Na 32  (b-n)   Mg 31  2.400E+01       Na 32 (b-2n)   Mg 30  8.000E+00
   Na 33   (b-)   Mg 33  4.000E+01       Na 33  (b-n)   Mg 32  4.700E+01       Na 33 (b-2n)   Mg 31  1.300E+01       Na 34   (b-)   Mg 34  3.500E+01
   Na 34 (b-2n)   Mg 32  5.000E+01       Na 34  (b-n)   Mg 33  1.500E+01       Na 35   (b-)   Mg 35  1.000E+02       Na 36    (n)   Na 35  1.000E+02
   Na 37   (b-)   Mg 37  1.000E+02       Mg 20   (b+)   Na 20  6.960E+01       Mg 20  (b+p)   Ne 19  3.040E+01       Mg 21   (b+)   Na 21  7.070E+01
   Mg 21  (b+p)   Ne 20  2.930E+01       Mg 22   (b+)   Na 22  1.000E+02       Mg 23   (b+)   Na 23  1.000E+02       Mg 27   (b-)   Al 27  1.000E+02
   Mg 28   (b-)   Al 28  1.000E+02       Mg 29   (b-)   Al 29  1.000E+02       Mg 30   (b-)   Al 30  9.994E+01       Mg 30  (b-n)   Al 29  6.000E-02
   Mg 31   (b-)   Al 31  9.380E+01       Mg 31  (b-n)   Al 30  6.200E+00       Mg 32   (b-)   Al 32  9.760E+01       Mg 32  (b-n)   Al 31  2.400E+00
   Mg 33   (b-)   Al 33  8.300E+01       Mg 33  (b-n)   Al 32  1.700E+01       Mg 34   (b-)   Al 34  1.000E+02       Mg 35   (b-)   Al 35  4.800E+01
   Mg 35  (b-n)   Al 34  5.200E+01       Mg 36   (b-)   Al 36  1.000E+02       Mg 37   (b-)   Al 37  1.000E+02       Mg 38   (b-)   Al 38  1.000E+02
   Mg 39    (n)   Mg 38  1.000E+02       Mg 40   (b-)   Al 40  1.000E+02       Al 21    (p)   Mg 20  1.000E+02       Al 22   (b+)   Mg 22  5.479E+01
   Al 22  (b+p)   Na 21  4.400E+01       Al 22 (b+2p)   Ne 20  9.000E-01       Al 22  (b+a)   Ne 18  3.100E-01       Al 23   (b+)   Mg 23  9.200E+01
   Al 23  (b+p)   Na 22  8.000E+00       Al 24   (b+)   Mg 24  1.000E+02       Al 24m  (b+)   Mg 24  7.000E+00       Al 24m  (IT)   Al 24  9.300E+01
   Al 25   (b+)   Mg 25  1.000E+02       Al 26   (b+)   Mg 26  1.000E+02       Al 26m  (b+)   Mg 26  1.000E+02       Al 28   (b-)   Si 28  1.000E+02
   Al 29   (b-)   Si 29  1.000E+02       Al 30   (b-)   Si 30  1.000E+02       Al 31   (b-)   Si 31  1.000E+02       Al 32   (b-)   Si 32  1.000E+02
   Al 33   (b-)   Si 33  9.150E+01       Al 33  (b-n)   Si 32  8.500E+00       Al 34   (b-)   Si 34  8.750E+01       Al 34  (b-n)   Si 33  1.250E+01
   Al 35   (b-)   Si 35  5.900E+01       Al 35  (b-n)   Si 34  4.100E+01       Al 36   (b-)   Si 36  7.000E+01       Al 36  (b-n)   Si 35  3.000E+01
   Al 37   (b-)   Si 37  1.000E+02       Al 38   (b-)   Si 38  1.000E+02       Al 39   (b-)   Si 39  1.000E+02       Al 40   (b-)   Si 40  1.000E+02
   Al 41   (b-)   Si 41  1.000E+02       Al 42   (b-)   Si 42  1.000E+02       Si 22   (b+)   Al 22  6.800E+01       Si 22  (b+p)   Mg 21  3.200E+01
   Si 23   (b+)   Al 23  8.400E+00       Si 23  (b+p)   Mg 22  8.800E+01       Si 23 (b+2p)   Na 21  3.600E+00       Si 24   (b+)   Al 24m 6.240E+01
   Si 24  (b+p)   Mg 23  3.760E+01       Si 25   (b+)   Al 25  1.000E+02       Si 26   (b+)   Al 26  4.019E-02       Si 26   (b+)   Al 26m 9.996E+01
   Si 27   (b+)   Al 27  1.000E+02       Si 31   (b-)   P  31  1.000E+02       Si 32   (b-)   P  32  1.000E+02       Si 33   (b-)   P  33  1.000E+02
   Si 34   (b-)   P  34  1.000E+02       Si 35   (b-)   P  35  1.000E+02       Si 36   (b-)   P  36  1.000E+02       Si 37   (b-)   P  37  8.300E+01
   Si 37  (b-n)   P  36  1.700E+01       Si 38   (b-)   P  38  1.000E+02       Si 39   (b-)   P  39  1.000E+02       Si 40   (b-)   P  40  1.000E+02
   Si 41   (b-)   P  41  1.000E+02       Si 42   (b-)   P  42  1.000E+02       Si 43   (b-)   P  43  1.000E+02       Si 44   (b-)   P  44  1.000E+02
   P  24    (p)   Si 23  5.000E+01       P  24   (b+)   Si 24  5.000E+01       P  25    (p)   Si 24  1.000E+02       P  26   (b+)   Si 26  9.810E+01
   P  26 (b+2p)   Mg 24  1.000E+00       P  26  (b+p)   Al 25  9.000E-01       P  27   (b+)   Si 27  9.993E+01       P  27  (b+p)   Al 26m 7.000E-02
   P  28   (b+)   Si 28  1.000E+02       P  29   (b+)   Si 29  1.000E+02       P  30   (b+)   Si 30  1.000E+02       P  32   (b-)   S  32  1.000E+02
   P  33   (b-)   S  33  1.000E+02       P  34   (b-)   S  34  1.000E+02       P  35   (b-)   S  35  1.000E+02       P  36   (b-)   S  36  1.000E+02
   P  37   (b-)   S  37  1.000E+02       P  38   (b-)   S  38  1.000E+02       P  39   (b-)   S  39  7.400E+01       P  39  (b-n)   S  38  2.600E+01
   P  40   (b-)   S  40  8.420E+01       P  40  (b-n)   S  39  1.580E+01       P  41   (b-)   S  41  7.000E+01       P  41  (b-n)   S  40  3.000E+01
   P  42   (b-)   S  42  5.000E+01       P  42  (b-n)   S  41  5.000E+01       P  43  (b-n)   S  42  1.000E+02       P  44   (b-)   S  44  1.000E+02
   P  45   (b-)   S  45  1.000E+02       P  46   (b-)   S  46  1.000E+02       S  26   (pp)   Si 24  1.000E+02       S  27   (b+)   P  27  9.800E+01
   S  27 (b+2p)   Al 25  2.000E+00       S  28   (b+)   P  28  7.930E+01       S  28  (b+p)   Si 27  2.070E+01       S  29   (b+)   P  29  1.000E+02
   S  30   (b+)   P  30  1.000E+02       S  31   (b+)   P  31  1.000E+02       S  35   (b-)   Cl 35  1.000E+02       S  37   (b-)   Cl 37  1.000E+02
   S  38   (b-)   Cl 38  1.000E+02       S  39   (b-)   Cl 39  1.000E+02       S  40   (b-)   Cl 40  1.000E+02       S  41   (b-)   Cl 41  1.000E+02
   S  42   (b-)   Cl 42  9.600E+01       S  42  (b-n)   Cl 41  4.000E+00       S  43   (b-)   Cl 43  6.000E+01       S  43  (b-n)   Cl 42  4.000E+01
   S  44   (b-)   Cl 44  8.200E+01       S  44  (b-n)   Cl 43  1.800E+01       S  45   (b-)   Cl 45  4.600E+01       S  45  (b-n)   Cl 44  5.400E+01
   S  46   (b-)   Cl 46  1.000E+02       S  47   (b-)   Cl 47  1.000E+02       S  48   (b-)   Cl 48  1.000E+02       S  49    (n)   S  48  1.000E+02
   Cl 28    (p)   S  27  1.000E+02       Cl 29    (p)   S  28  1.000E+02       Cl 30    (p)   S  29  1.000E+02       Cl 31   (b+)   S  31  9.930E+01
   Cl 31  (b+p)   P  30  7.000E-01       Cl 32   (b+)   S  32  1.000E+02       Cl 33   (b+)   S  33  1.000E+02       Cl 34   (b+)   S  34  1.000E+02
   Cl 34m  (b+)   S  34  5.200E+01       Cl 34m  (IT)   Cl 34  4.800E+01       Cl 36   (b+)   S  36  1.900E+00       Cl 36   (b-)   Ar 36  9.810E+01
   Cl 38   (b-)   Ar 38  1.000E+02       Cl 38m  (IT)   Cl 38  1.000E+02       Cl 39   (b-)   Ar 39  1.000E+02       Cl 40   (b-)   Ar 40  1.000E+02
   Cl 41   (b-)   Ar 41  1.000E+02       Cl 42   (b-)   Ar 42  1.000E+02       Cl 43   (b-)   Ar 43  1.000E+02       Cl 44   (b-)   Ar 44  9.200E+01
   Cl 44  (b-n)   Ar 43  8.000E+00       Cl 45   (b-)   Ar 45  7.600E+01       Cl 45  (b-n)   Ar 44  2.400E+01       Cl 46   (b-)   Ar 46  4.000E+01
   Cl 46  (b-n)   Ar 45  6.000E+01       Cl 47   (b-)   Ar 47  9.700E+01       Cl 47  (b-n)   Ar 46  3.000E+00       Cl 48   (b-)   Ar 48  1.000E+02
   Cl 49   (b-)   Ar 49  1.000E+02       Cl 50   (b-)   Ar 50  1.000E+02       Cl 51   (b-)   Ar 51  1.000E+02       Ar 30   (pp)   S  28  1.000E+02
   Ar 31   (b+)   Cl 31  2.840E+01       Ar 31  (b+p)   S  30  6.300E+01       Ar 31 (b+2p)   P  29  7.200E+00       Ar 31 (b+3p)   Si 28  1.400E+00
   Ar 32   (b+)   Cl 32  5.700E+01       Ar 32  (b+p)   S  31  4.300E+01       Ar 33   (b+)   Cl 33  6.600E+01       Ar 33  (b+p)   S  32  3.400E+01
   Ar 34   (b+)   Cl 34  1.000E+02       Ar 35   (b+)   Cl 35  1.000E+02       Ar 37   (b+)   Cl 37  1.000E+02       Ar 39   (b-)   K  39  1.000E+02
   Ar 41   (b-)   K  41  1.000E+02       Ar 42   (b-)   K  42  1.000E+02       Ar 43   (b-)   K  43  1.000E+02       Ar 44   (b-)   K  44  1.000E+02
   Ar 45   (b-)   K  45  1.000E+02       Ar 46   (b-)   K  46  1.000E+02       Ar 47   (b-)   K  47  9.900E+01       Ar 47  (b-n)   K  46  1.000E+00
   Ar 48   (b-)   K  48  1.000E+02       Ar 49   (b-)   K  49  3.500E+01       Ar 49  (b-n)   K  48  6.500E+01       Ar 50   (b-)   K  50  6.500E+01
   Ar 50  (b-n)   K  49  3.500E+01       Ar 51   (b-)   K  51  1.000E+02       Ar 52   (b-)   K  52  1.000E+02       Ar 53   (b-)   K  53  1.000E+02
   K  32    (p)   Ar 31  1.000E+02       K  33    (p)   Ar 32  1.000E+02       K  34    (p)   Ar 33  1.000E+02       K  35   (b+)   Ar 35  1.000E+02
   K  36   (b+)   Ar 36  1.000E+02       K  37   (b+)   Ar 37  1.000E+02       K  38   (b+)   Ar 38  1.000E+02       K  38m  (b+)   Ar 38  1.000E+02
   K  40   (b+)   Ar 40  1.086E+01       K  40   (b-)   Ca 40  8.914E+01       K  42   (b-)   Ca 42  1.000E+02       K  43   (b-)   Ca 43  1.000E+02
   K  44   (b-)   Ca 44  1.000E+02       K  45   (b-)   Ca 45  1.000E+02       K  46   (b-)   Ca 46  1.000E+02       K  47   (b-)   Ca 47  1.000E+02
   K  48   (b-)   Ca 48  1.000E+02       K  49   (b-)   Ca 49  1.400E+01       K  49  (b-n)   Ca 48  8.600E+01       K  50   (b-)   Ca 50  7.100E+01
   K  50  (b-n)   Ca 49  2.900E+01       K  51   (b-)   Ca 51  5.300E+01       K  51  (b-n)   Ca 50  4.700E+01       K  52   (b-)   Ca 52  1.500E+01
   K  52  (b-n)   Ca 51  6.400E+01       K  52 (b-2n)   Ca 50  2.100E+01       K  53   (b-)   Ca 53  1.600E+01       K  53  (b-n)   Ca 52  6.700E+01
   K  53 (b-2n)   Ca 51  1.700E+01       K  54   (b-)   Ca 54  1.000E+02       K  55   (b-)   Ca 55  1.000E+02       Ca 34   (pp)   Ar 32  1.000E+02
   Ca 35   (b+)   K  35  1.000E-01       Ca 35  (b+p)   Ar 34  9.570E+01       Ca 35 (b+2p)   Cl 33  4.200E+00       Ca 36   (b+)   K  36  4.320E+01
   Ca 36  (b+p)   Ar 35  5.680E+01       Ca 37   (b+)   K  37  2.400E+01       Ca 37  (b+p)   Ar 36  7.600E+01       Ca 38   (b+)   K  38  1.664E-02
   Ca 38   (b+)   K  38m 9.998E+01       Ca 39   (b+)   K  39  1.000E+02       Ca 41   (b+)   K  41  1.000E+02       Ca 45   (b-)   Sc 45  1.000E+02
   Ca 45   (b-)   Sc 45m 1.700E-03       Ca 47   (b-)   Sc 47  1.000E+02       Ca 48 (b-b-)   Ti 48  5.000E+01       Ca 48   (b-)   Sc 48  5.000E+01
   Ca 49   (b-)   Sc 49  1.000E+02       Ca 50   (b-)   Sc 50m 1.000E+02       Ca 51   (b-)   Sc 51  1.000E+02       Ca 52   (b-)   Sc 52  9.800E+01
   Ca 52  (b-n)   Sc 51  2.000E+00       Ca 53   (b-)   Sc 53  7.000E+01       Ca 53  (b-n)   Sc 52  3.000E+01       Ca 54   (b-)   Sc 54  1.000E+02
   Ca 55   (b-)   Sc 55  1.000E+02       Ca 56   (b-)   Sc 56  1.000E+02       Ca 57   (b-)   Sc 57  1.000E+02       Sc 36    (p)   Ca 35  1.000E+02
   Sc 37    (p)   Ca 36  1.000E+02       Sc 38    (p)   Ca 37  1.000E+02       Sc 39    (p)   Ca 38  1.000E+02       Sc 40   (b+)   Ca 40  1.000E+02
   Sc 41   (b+)   Ca 41  1.000E+02       Sc 42   (b+)   Ca 42  1.000E+02       Sc 42m  (b+)   Ca 42  1.000E+02       Sc 43   (b+)   Ca 43  1.000E+02
   Sc 44   (b+)   Ca 44  1.000E+02       Sc 44m  (b+)   Ca 44  1.230E+00       Sc 44m  (IT)   Sc 44  9.877E+01       Sc 45m  (IT)   Sc 45  1.000E+02
   Sc 46   (b-)   Ti 46  1.000E+02       Sc 46m  (IT)   Sc 46  1.000E+02       Sc 47   (b-)   Ti 47  1.000E+02       Sc 48   (b-)   Ti 48  1.000E+02
   Sc 49   (b-)   Ti 49  1.000E+02       Sc 50   (b-)   Ti 50  1.000E+02       Sc 50m  (b-)   Ti 50  1.250E+00       Sc 50m  (IT)   Sc 50  9.875E+01
   Sc 51   (b-)   Ti 51  1.000E+02       Sc 52   (b-)   Ti 52  1.000E+02       Sc 53   (b-)   Ti 53  1.000E+02       Sc 54   (b-)   Ti 54  1.000E+02
   Sc 55   (b-)   Ti 55  1.000E+02       Sc 56   (b-)   Ti 56  1.000E+02       Sc 57   (b-)   Ti 57  6.700E+01       Sc 57  (b-n)   Ti 56  3.300E+01
   Sc 58   (b-)   Ti 58  1.000E+02       Sc 59   (b-)   Ti 59  1.000E+02       Sc 60   (b-)   Ti 60  1.000E+02       Ti 38   (pp)   Ca 36  1.000E+02
   Ti 39   (b+)   Sc 39  2.776E-15       Ti 39  (b+p)   Ca 38  8.500E+01       Ti 39 (b+2p)   K  37  1.500E+01       Ti 40  (b+p)   Ca 39  1.000E+02
   Ti 41   (b+)   Sc 41  9.990E+01       Ti 41  (b+p)   Ca 40  1.000E-01       Ti 42   (b+)   Sc 42  1.000E+02       Ti 43   (b+)   Sc 43  1.000E+02
   Ti 44   (b+)   Sc 44  1.000E+02       Ti 45   (b+)   Sc 45  1.000E+02       Ti 51   (b-)   V  51  1.000E+02       Ti 52   (b-)   V  52  1.000E+02
   Ti 53   (b-)   V  53  1.000E+02       Ti 54   (b-)   V  54  1.000E+02       Ti 55   (b-)   V  55  1.000E+02       Ti 56   (b-)   V  56  1.000E+02
   Ti 57   (b-)   V  57  9.970E+01       Ti 57  (b-n)   V  56  3.000E-01       Ti 58   (b-)   V  58  1.000E+02       Ti 59   (b-)   V  59  1.000E+02
   Ti 60   (b-)   V  60  1.000E+02       Ti 61   (b-)   V  61  1.000E+02       Ti 62   (b-)   V  62  1.000E+02       Ti 63   (b-)   V  63  1.000E+02
   V  40    (p)   Ti 39  1.000E+02       V  41    (p)   Ti 40  1.000E+02       V  42    (p)   Ti 41  1.000E+02       V  43   (b+)   Ti 43  1.000E+02
   V  44   (b+)   Ti 44  1.000E+02       V  44m  (b+)   Ti 44  1.000E+02       V  45   (b+)   Ti 45  1.000E+02       V  46   (b+)   Ti 46  1.000E+02
   V  46m  (IT)   V  46  1.000E+02       V  47   (b+)   Ti 47  1.000E+02       V  48   (b+)   Ti 48  1.000E+02       V  49   (b+)   Ti 49  1.000E+02
   V  50   (b+)   Ti 50  8.300E+01       V  50   (b-)   Cr 50  1.700E+01       V  52   (b-)   Cr 52  1.000E+02       V  53   (b-)   Cr 53  1.000E+02
   V  54   (b-)   Cr 54  1.000E+02       V  55   (b-)   Cr 55  1.000E+02       V  56   (b-)   Cr 56  1.000E+02       V  57   (b-)   Cr 57  9.960E+01
   V  57  (b-n)   Cr 56  4.000E-01       V  58   (b-)   Cr 58  2.000E+01       V  58  (b-n)   Cr 57  8.000E+01       V  59   (b-)   Cr 59  1.000E+02
   V  60   (b-)   Cr 60  1.000E+02       V  61   (b-)   Cr 61  9.400E+01       V  61  (b-n)   Cr 60  6.000E+00       V  62   (b-)   Cr 62  1.000E+02
   V  63   (b-)   Cr 63  6.500E+01       V  63  (b-n)   Cr 62  3.500E+01       V  64   (b-)   Cr 64  1.000E+02       V  65   (b-)   Cr 65  1.000E+02
   Cr 42   (b+)   V  42  1.000E+02       Cr 43   (b+)   V  43  7.100E+01       Cr 43  (b+p)   Ti 42  2.300E+01       Cr 43 (b+2p)   Sc 41  6.000E+00
   Cr 44   (b+)   V  44  9.300E+01       Cr 44  (b+p)   Ti 43  7.000E+00       Cr 45   (b+)   V  45  7.300E+01       Cr 45  (b+p)   Ti 44  2.700E+01
   Cr 45m  (IT)   Cr 45  5.000E+01       Cr 45m  (b+)   V  45  5.000E+01       Cr 46   (b+)   V  46  1.000E+02       Cr 47   (b+)   V  47  1.000E+02
   Cr 48   (b+)   V  48  1.000E+02       Cr 49   (b+)   V  49  1.000E+02       Cr 50 (b+b+)   Ti 50  1.000E+02       Cr 51   (b+)   V  51  1.000E+02
   Cr 55   (b-)   Mn 55  1.000E+02       Cr 56   (b-)   Mn 56  1.000E+02       Cr 57   (b-)   Mn 57  1.000E+02       Cr 58   (b-)   Mn 58  1.000E+02
   Cr 59   (b-)   Mn 59  1.000E+02       Cr 60   (b-)   Mn 60  1.000E+02       Cr 61   (b-)   Mn 61  1.000E+02       Cr 62   (b-)   Mn 62  5.000E+01
   Cr 62   (b-)   Mn 62m 5.000E+01       Cr 63   (b-)   Mn 63  1.000E+02       Cr 64   (b-)   Mn 64  1.000E+02       Cr 65   (b-)   Mn 65  1.000E+02
   Cr 66   (b-)   Mn 66  1.000E+02       Cr 67   (b-)   Mn 67  1.000E+02       Mn 44    (p)   Cr 43  1.000E+02       Mn 45    (p)   Cr 44  1.000E+02
   Mn 46   (b+)   Cr 46  6.000E+01       Mn 46  (b+p)   V  45  2.200E+01       Mn 46 (b+2p)   Ti 44  1.800E+01       Mn 46m  (b+)   Cr 46  1.000E+02
   Mn 47   (b+)   Cr 47  9.660E+01       Mn 47  (b+p)   V  46  1.700E+00       Mn 47  (b+p)   V  46m 1.700E+00       Mn 48   (b+)   Cr 48  9.972E+01
   Mn 48  (b+p)   V  47  2.800E-01       Mn 48  (b+a)   Ti 44  6.000E-04       Mn 49   (b+)   Cr 49  1.000E+02       Mn 50   (b+)   Cr 50  1.000E+02
   Mn 50m  (b+)   Cr 50  1.000E+02       Mn 51   (b+)   Cr 51  1.000E+02       Mn 52   (b+)   Cr 52  1.000E+02       Mn 52m  (b+)   Cr 52  9.825E+01
   Mn 52m  (IT)   Mn 52  1.750E+00       Mn 53   (b+)   Cr 53  1.000E+02       Mn 54   (b+)   Cr 54  1.000E+02       Mn 56   (b-)   Fe 56  1.000E+02
   Mn 57   (b-)   Fe 57  1.000E+02       Mn 58   (b-)   Fe 58  1.000E+02       Mn 58m  (b-)   Fe 58  1.000E+02       Mn 59   (b-)   Fe 59  1.000E+02
   Mn 60   (b-)   Fe 60  1.000E+02       Mn 60m  (b-)   Fe 60  1.000E+02       Mn 61   (b-)   Fe 61  1.000E+02       Mn 62   (b-)   Fe 62  1.000E+02
   Mn 62m  (b-)   Fe 62  1.000E+02       Mn 63   (b-)   Fe 63  1.000E+02       Mn 64   (b-)   Fe 64  1.000E+02       Mn 65   (b-)   Fe 65  1.000E+02
   Mn 66   (b-)   Fe 66  1.000E+02       Mn 67   (b-)   Fe 67  1.000E+02       Mn 68   (b-)   Fe 68  1.000E+02       Mn 69   (b-)   Fe 69  7.600E+01
   Mn 69  (b-n)   Fe 68  2.400E+01       Fe 45   (pp)   Cr 43  7.500E+01       Fe 45  (b+p)   Cr 44  2.500E+01       Fe 46   (b+)   Mn 46m 6.400E+01
   Fe 46  (b+p)   Cr 45  1.800E+01       Fe 46  (b+p)   Cr 45m 1.800E+01       Fe 47   (b+)   Mn 47  1.300E+01       Fe 47  (b+p)   Cr 46  8.700E+01
   Fe 48   (b+)   Mn 48  9.640E+01       Fe 48  (b+p)   Cr 47  3.600E+00       Fe 49   (b+)   Mn 49  4.800E+01       Fe 49  (b+p)   Cr 48  5.200E+01
   Fe 50   (b+)   Mn 50  1.000E+02       Fe 51   (b+)   Mn 51  1.000E+02       Fe 52   (b+)   Mn 52m 1.000E+02       Fe 52m  (b+)   Mn 52  1.000E+02
   Fe 53   (b+)   Mn 53  1.000E+02       Fe 53m  (IT)   Fe 53  1.000E+02       Fe 55   (b+)   Mn 55  1.000E+02       Fe 59   (b-)   Co 59  1.000E+02
   Fe 60   (b-)   Co 60m 1.000E+02       Fe 61   (b-)   Co 61  1.000E+02       Fe 62   (b-)   Co 62  1.000E+02       Fe 63   (b-)   Co 63  1.000E+02
   Fe 64   (b-)   Co 64  1.000E+02       Fe 65   (b-)   Co 65  1.000E+02       Fe 66   (b-)   Co 66  1.000E+02       Fe 67   (b-)   Co 67  1.000E+02
   Fe 68   (b-)   Co 68m 1.000E+02       Fe 69   (b-)   Co 69  9.300E+01       Fe 69  (b-n)   Co 68m 7.000E+00       Fe 70   (b-)   Co 70m 1.000E+02
   Fe 71   (b-)   Co 71  1.000E+02       Fe 72   (b-)   Co 72  1.000E+02       Co 47    (p)   Fe 46  1.000E+02       Co 48    (p)   Fe 47  1.000E+02
   Co 49    (p)   Fe 48  1.000E+02       Co 50   (b+)   Fe 50  4.600E+01       Co 50  (b+p)   Mn 49  5.400E+01       Co 51   (b+)   Fe 51  1.000E+02
   Co 52   (b+)   Fe 52  5.000E+01       Co 52   (b+)   Fe 52m 5.000E+01       Co 52m  (b+)   Fe 52  5.000E+01       Co 52m  (IT)   Co 52  5.000E+01
   Co 53   (b+)   Fe 53  1.000E+02       Co 53m  (b+)   Fe 53m 9.850E+01       Co 53m   (p)   Fe 52  1.500E+00       Co 54   (b+)   Fe 54  1.000E+02
   Co 54m  (b+)   Fe 54  1.000E+02       Co 55   (b+)   Fe 55  1.000E+02       Co 56   (b+)   Fe 56  1.000E+02       Co 57   (b+)   Fe 57  1.000E+02
   Co 58   (b+)   Fe 58  1.000E+02       Co 58m  (IT)   Co 58  1.000E+02       Co 60   (b-)   Ni 60  1.000E+02       Co 60m  (IT)   Co 60  9.975E+01
   Co 60m  (b-)   Ni 60  2.500E-01       Co 61   (b-)   Ni 61  1.000E+02       Co 62   (b-)   Ni 62  1.000E+02       Co 62m  (b-)   Ni 62  9.900E+01
   Co 62m  (IT)   Co 62  1.000E+00       Co 63   (b-)   Ni 63  1.000E+02       Co 64   (b-)   Ni 64  1.000E+02       Co 65   (b-)   Ni 65  1.000E+02
   Co 66   (b-)   Ni 66  1.000E+02       Co 67   (b-)   Ni 67  1.000E+02       Co 68   (b-)   Ni 68  1.000E+02       Co 68m  (b-)   Ni 68  5.000E+01
   Co 68m  (IT)   Co 68  5.000E+01       Co 69   (b-)   Ni 69  9.900E+01       Co 69  (b-n)   Ni 68  1.000E+00       Co 70   (b-)   Ni 70  1.000E+02
   Co 70m  (b-)   Ni 70  1.000E+02       Co 71   (b-)   Ni 71  1.000E+02       Co 72   (b-)   Ni 72  1.000E+02       Co 73   (b-)   Ni 73  1.000E+02
   Co 74   (b-)   Ni 74  1.000E+02       Co 75   (b-)   Ni 75  1.000E+02       Ni 48   (pp)   Fe 46  1.000E+02       Ni 49   (b+)   Co 49  1.000E+02
   Ni 50   (b+)   Co 50  1.000E+02       Ni 51   (b+)   Co 51  1.000E+02       Ni 52   (b+)   Co 52m 8.300E+01       Ni 52  (b+p)   Fe 51  1.700E+01
   Ni 53   (b+)   Co 53  1.000E+02       Ni 54   (b+)   Co 54  1.000E+02       Ni 55   (b+)   Co 55  1.000E+02       Ni 56   (b+)   Co 56  1.000E+02
   Ni 57   (b+)   Co 57  1.000E+02       Ni 58 (b+b+)   Fe 58  1.000E+02       Ni 59   (b+)   Co 59  1.000E+02       Ni 63   (b-)   Cu 63  1.000E+02
   Ni 65   (b-)   Cu 65  1.000E+02       Ni 66   (b-)   Cu 66  1.000E+02       Ni 67   (b-)   Cu 67  1.000E+02       Ni 68   (b-)   Cu 68  1.000E+02
   Ni 69   (b-)   Cu 69  1.000E+02       Ni 69m  (b-)   Cu 69  1.000E+02       Ni 70   (b-)   Cu 70n 1.000E+02       Ni 71   (b-)   Cu 71  1.000E+02
   Ni 72   (b-)   Cu 72  1.000E+02       Ni 73   (b-)   Cu 73  1.000E+02       Ni 74   (b-)   Cu 74  1.000E+02       Ni 75   (b-)   Cu 75  9.840E+01
   Ni 75  (b-n)   Cu 74  1.600E+00       Ni 76   (b-)   Cu 76  5.000E+01       Ni 76   (b-)   Cu 76m 5.000E+01       Ni 77   (b-)   Cu 77  1.000E+02
   Ni 78   (b-)   Cu 78  1.000E+02       Cu 52    (p)   Ni 51  1.000E+02       Cu 53    (p)   Ni 52  5.000E+01       Cu 53   (b+)   Ni 53  5.000E+01
   Cu 54    (p)   Ni 53  1.000E+02       Cu 55   (b+)   Ni 55  5.000E+01       Cu 55    (p)   Ni 54  5.000E+01       Cu 56   (b+)   Ni 56  9.960E+01
   Cu 56  (b+p)   Co 55  4.000E-01       Cu 57   (b+)   Ni 57  1.000E+02       Cu 58   (b+)   Ni 58  1.000E+02       Cu 59   (b+)   Ni 59  1.000E+02
   Cu 60   (b+)   Ni 60  1.000E+02       Cu 61   (b+)   Ni 61  1.000E+02       Cu 62   (b+)   Ni 62  1.000E+02       Cu 64   (b+)   Ni 64  6.100E+01
   Cu 64   (b-)   Zn 64  3.900E+01       Cu 66   (b-)   Zn 66  1.000E+02       Cu 67   (b-)   Zn 67  1.000E+02       Cu 68   (b-)   Zn 68  1.000E+02
   Cu 68m  (b-)   Zn 68  1.600E+01       Cu 68m  (IT)   Cu 68  8.400E+01       Cu 69   (b-)   Zn 69  1.000E+02       Cu 70   (b-)   Zn 70  1.000E+02
   Cu 70m  (b-)   Zn 70  5.200E+01       Cu 70m  (IT)   Cu 70  4.800E+01       Cu 70n  (b-)   Zn 70  9.320E+01       Cu 70n  (IT)   Cu 70m 6.800E+00
   Cu 71   (b-)   Zn 71  1.000E+02       Cu 72   (b-)   Zn 72  1.000E+02       Cu 73   (b-)   Zn 73  1.000E+02       Cu 74   (b-)   Zn 74  1.000E+02
   Cu 75   (b-)   Zn 75  9.650E+01       Cu 75  (b-n)   Zn 74  3.500E+00       Cu 76   (b-)   Zn 76  9.700E+01       Cu 76  (b-n)   Zn 75  3.000E+00
   Cu 76m  (b-)   Zn 76  1.000E+02       Cu 77   (b-)   Zn 77  1.000E+02       Cu 78   (b-)   Zn 78  1.000E+02       Cu 79   (b-)   Zn 79  4.500E+01
   Cu 79  (b-n)   Zn 78  5.500E+01       Cu 80   (b-)   Zn 80  1.000E+02       Zn 54   (pp)   Ni 52  1.000E+02       Zn 55   (b+)   Cu 55  1.000E+02
   Zn 56   (b+)   Cu 56  1.000E+02       Zn 57   (b+)   Cu 57  3.500E+01       Zn 57  (b+p)   Ni 56  6.500E+01       Zn 58   (b+)   Cu 58  9.700E+01
   Zn 58  (b+p)   Ni 57  3.000E+00       Zn 59   (b+)   Cu 59  1.000E+02       Zn 60   (b+)   Cu 60  1.000E+02       Zn 61   (b+)   Cu 61  1.000E+02
   Zn 61m  (IT)   Zn 61  1.000E+02       Zn 61n  (IT)   Zn 61  1.000E+02       Zn 61o  (IT)   Zn 61  1.000E+02       Zn 62   (b+)   Cu 62  1.000E+02
   Zn 63   (b+)   Cu 63  1.000E+02       Zn 64 (b+b+)   Ni 64  1.000E+02       Zn 65   (b+)   Cu 65  1.000E+02       Zn 69   (b-)   Ga 69  1.000E+02
   Zn 69m  (b-)   Ga 69  3.300E-02       Zn 69m  (IT)   Zn 69  9.997E+01       Zn 71   (b-)   Ga 71  1.000E+02       Zn 71m  (b-)   Ga 71  1.000E+02
   Zn 72   (b-)   Ga 72  9.667E+01       Zn 72   (b-)   Ga 72m 3.332E+00       Zn 73   (b-)   Ga 73  1.000E+02       Zn 73m  (IT)   Zn 73  1.000E+02
   Zn 73n  (IT)   Zn 73m 5.000E+01       Zn 73n  (b-)   Ga 73  5.000E+01       Zn 74   (b-)   Ga 74  1.000E+02       Zn 75   (b-)   Ga 75  1.000E+02
   Zn 76   (b-)   Ga 76  1.000E+02       Zn 77   (b-)   Ga 77  1.000E+02       Zn 77m  (IT)   Zn 77  5.000E+01       Zn 77m  (b-)   Ga 77  5.000E+01
   Zn 78   (b-)   Ga 78  1.000E+02       Zn 79   (b-)   Ga 79  9.870E+01       Zn 79  (b-n)   Ga 78  1.300E+00       Zn 80   (b-)   Ga 80  1.000E+02
   Zn 81   (b-)   Ga 81  9.250E+01       Zn 81  (b-n)   Ga 80  7.500E+00       Zn 82   (b-)   Ga 82  1.000E+02       Zn 83   (b-)   Ga 83  1.000E+02
   Ga 56    (p)   Zn 55  1.000E+02       Ga 57    (p)   Zn 56  1.000E+02       Ga 58    (p)   Zn 57  1.000E+02       Ga 59    (p)   Zn 58  1.000E+02
   Ga 60   (b+)   Zn 60  1.000E+02       Ga 61   (b+)   Zn 61  8.580E+01       Ga 61   (b+)   Zn 61m 9.000E+00       Ga 61   (b+)   Zn 61n 6.000E-01
   Ga 61   (b+)   Zn 61o 4.600E+00       Ga 62   (b+)   Zn 62  1.000E+02       Ga 63   (b+)   Zn 63  1.000E+02       Ga 64   (b+)   Zn 64  1.000E+02
   Ga 65   (b+)   Zn 65  1.000E+02       Ga 66   (b+)   Zn 66  1.000E+02       Ga 67   (b+)   Zn 67  1.000E+02       Ga 68   (b+)   Zn 68  1.000E+02
   Ga 70   (b-)   Ge 70  9.959E+01       Ga 70   (b+)   Zn 70  4.100E-01       Ga 72   (b-)   Ge 72  1.000E+02       Ga 72m  (IT)   Ga 72  1.000E+02
   Ga 73   (b-)   Ge 73  1.468E+00       Ga 73   (b-)   Ge 73m 9.853E+01       Ga 74   (b-)   Ge 74  1.000E+02       Ga 74m  (IT)   Ga 74  1.000E+02
   Ga 75   (b-)   Ge 75  9.930E+01       Ga 75   (b-)   Ge 75m 7.000E-01       Ga 76   (b-)   Ge 76  1.000E+02       Ga 77   (b-)   Ge 77m 1.000E+02
   Ga 78   (b-)   Ge 78  1.000E+02       Ga 79   (b-)   Ge 79  9.471E+01       Ga 79   (b-)   Ge 79m 5.200E+00       Ga 79  (b-n)   Ge 78  8.900E-02
   Ga 80   (b-)   Ge 80  1.000E+02       Ga 81   (b-)   Ge 81  4.653E+01       Ga 81   (b-)   Ge 81m 4.157E+01       Ga 81  (b-n)   Ge 80  1.190E+01
   Ga 82   (b-)   Ge 82  7.870E+01       Ga 82  (b-n)   Ge 81  1.065E+01       Ga 82  (b-n)   Ge 81m 1.065E+01       Ga 83   (b-)   Ge 83  6.300E+01
   Ga 83  (b-n)   Ge 82  3.700E+01       Ga 84   (b-)   Ge 84  3.000E+01       Ga 84  (b-n)   Ge 83  7.000E+01       Ga 85   (b-)   Ge 85  1.000E+02
   Ga 86   (b-)   Ge 86  1.000E+02       Ge 58   (pp)   Zn 56  1.000E+02       Ge 59   (pp)   Zn 57  1.000E+02       Ge 60   (b+)   Ga 60  1.000E+02
   Ge 61   (b+)   Ga 61  2.000E+01       Ge 61  (b+p)   Zn 60  8.000E+01       Ge 62   (b+)   Ga 62  1.000E+02       Ge 63   (b+)   Ga 63  1.000E+02
   Ge 64   (b+)   Ga 64  1.000E+02       Ge 65   (b+)   Ga 65  1.000E+02       Ge 66   (b+)   Ga 66  1.000E+02       Ge 67   (b+)   Ga 67  1.000E+02
   Ge 68   (b+)   Ga 68  1.000E+02       Ge 69   (b+)   Ga 69  1.000E+02       Ge 71   (b+)   Ga 71  1.000E+02       Ge 71m  (IT)   Ge 71  1.000E+02
   Ge 73m  (IT)   Ge 73  1.000E+02       Ge 75   (b-)   As 75  1.000E+02       Ge 75m  (b-)   As 75  3.300E-02       Ge 75m  (IT)   Ge 75  9.997E+01
   Ge 76 (b-b-)   Se 76  1.000E+02       Ge 77   (b-)   As 77  1.000E+02       Ge 77m  (b-)   As 77  8.100E+01       Ge 77m  (IT)   Ge 77  1.900E+01
   Ge 78   (b-)   As 78  1.000E+02       Ge 79   (b-)   As 79  1.000E+02       Ge 79m  (b-)   As 79  9.600E+01       Ge 79m  (IT)   Ge 79  4.000E+00
   Ge 80   (b-)   As 80  1.000E+02       Ge 81   (b-)   As 81  1.000E+02       Ge 81m  (b-)   As 81  1.000E+02       Ge 81m  (IT)   Ge 81  1.000E+00
   Ge 82   (b-)   As 82  1.000E+02       Ge 83   (b-)   As 83  1.000E+02       Ge 84   (b-)   As 84  4.460E+01       Ge 84   (b-)   As 84m 4.460E+01
   Ge 84  (b-n)   As 83  1.080E+01       Ge 85   (b-)   As 85  8.600E+01       Ge 85  (b-n)   As 84  7.000E+00       Ge 85  (b-n)   As 84m 7.000E+00
   Ge 86   (b-)   As 86  1.000E+02       Ge 87   (b-)   As 87  1.000E+02       Ge 88   (b-)   As 88  1.000E+02       Ge 89   (b-)   As 89  1.000E+02
   As 60    (p)   Ge 59  1.000E+02       As 60m   (p)   Ge 59  1.000E+02       As 61    (p)   Ge 60  1.000E+02       As 62    (p)   Ge 61  1.000E+02
   As 63    (p)   Ge 62  1.000E+02       As 64   (b+)   Ge 64  1.000E+02       As 65   (b+)   Ge 65  1.000E+02       As 66   (b+)   Ge 66  1.000E+02
   As 67   (b+)   Ge 67  1.000E+02       As 68   (b+)   Ge 68  1.000E+02       As 69   (b+)   Ge 69  1.000E+02       As 70   (b+)   Ge 70  1.000E+02
   As 71   (b+)   Ge 71  1.000E+02       As 72   (b+)   Ge 72  1.000E+02       As 73   (b+)   Ge 73  1.000E+02       As 74   (b-)   Se 74  3.400E+01
   As 74   (b+)   Ge 74  6.600E+01       As 75m  (IT)   As 75  1.000E+02       As 76   (b-)   Se 76  1.000E+02       As 77   (b-)   Se 77  1.000E+02
   As 78   (b-)   Se 78  1.000E+02       As 79   (b-)   Se 79  2.369E+00       As 79   (b-)   Se 79m 9.763E+01       As 80   (b-)   Se 80  1.000E+02
   As 81   (b-)   Se 81  9.641E+01       As 81   (b-)   Se 81m 3.590E+00       As 82   (b-)   Se 82  1.000E+02       As 82m  (b-)   Se 82  1.000E+02
   As 83   (b-)   Se 83  3.000E+01       As 83   (b-)   Se 83m 7.000E+01       As 84   (b-)   Se 84  9.972E+01       As 84  (b-n)   Se 83  2.800E-01
   As 84m  (b-)   Se 84  1.000E+02       As 85   (b-)   Se 85  7.800E+01       As 85  (b-n)   Se 84  2.200E+01       As 86   (b-)   Se 86  6.700E+01
   As 86  (b-n)   Se 85  3.300E+01       As 87   (b-)   Se 87  8.460E+01       As 87  (b-n)   Se 86  1.540E+01       As 88   (b-)   Se 88  1.000E+02
   As 89   (b-)   Se 89  1.000E+02       As 90   (b-)   Se 90  1.000E+02       As 91   (b-)   Se 91  1.000E+02       As 92   (b-)   Se 92  1.000E+02
   Se 65   (b+)   As 65  1.000E+02       Se 66   (b+)   As 66  1.000E+02       Se 67   (b+)   As 67  9.950E+01       Se 67  (b+p)   Ge 66  5.000E-01
   Se 68   (b+)   As 68  1.000E+02       Se 69   (b+)   As 69  1.000E+02       Se 70   (b+)   As 70  1.000E+02       Se 71   (b+)   As 71  1.000E+02
   Se 72   (b+)   As 72  1.000E+02       Se 73   (b+)   As 73  1.000E+02       Se 73m  (b+)   As 73  2.740E+01       Se 73m  (IT)   Se 73  7.260E+01
   Se 75   (b+)   As 75  1.000E+02       Se 77m  (IT)   Se 77  1.000E+02       Se 79   (b-)   Br 79  1.000E+02       Se 79m  (IT)   Se 79  9.994E+01
   Se 79m  (b-)   Br 79  5.600E-02       Se 81   (b-)   Br 81  1.000E+02       Se 81m  (b-)   Br 81  6.800E-02       Se 81m  (IT)   Se 81  9.993E+01
   Se 82 (b-b-)   Kr 82  1.000E+02       Se 83   (b-)   Br 83  1.000E+02       Se 83m  (b-)   Br 83  1.000E+02       Se 84   (b-)   Br 84  1.000E+02
   Se 84   (b-)   Br 84m 0.000E+00       Se 85   (b-)   Br 85  1.000E+02       Se 86   (b-)   Br 86  1.000E+02       Se 87   (b-)   Br 87  1.000E+02
   Se 88   (b-)   Br 88  9.901E+01       Se 88  (b-n)   Br 87  9.900E-01       Se 89   (b-)   Br 89  9.220E+01       Se 89  (b-n)   Br 88  7.800E+00
   Se 90   (b-)   Br 90  1.000E+02       Se 91   (b-)   Br 91  7.900E+01       Se 91  (b-n)   Br 90  2.100E+01       Se 92   (b-)   Br 92  1.000E+02
   Se 93   (b-)   Br 93  1.000E+02       Se 94   (b-)   Br 94  1.000E+02       Br 67    (p)   Se 66  1.000E+02       Br 68    (p)   Se 67  1.000E+02
   Br 69    (p)   Se 68  1.000E+02       Br 70   (b+)   Se 70  1.000E+02       Br 70m  (b+)   Se 70  5.000E+01       Br 70m  (IT)   Br 70  5.000E+01
   Br 71   (b+)   Se 71  1.000E+02       Br 72   (b+)   Se 72  1.000E+02       Br 72m  (IT)   Br 72  1.000E+02       Br 73   (b+)   Se 73  2.059E+01
   Br 73   (b+)   Se 73m 7.941E+01       Br 74   (b+)   Se 74  1.000E+02       Br 74m  (b+)   Se 74  1.000E+02       Br 75   (b+)   Se 75  1.000E+02
   Br 76   (b+)   Se 76  1.000E+02       Br 76m  (b+)   Se 76  3.000E-01       Br 76m  (IT)   Br 76  9.970E+01       Br 77   (b+)   Se 77  9.794E+01
   Br 77   (b+)   Se 77m 2.060E+00       Br 77m  (IT)   Br 77  1.000E+02       Br 78   (b+)   Se 78  1.000E+02       Br 79m  (IT)   Br 79  1.000E+02
   Br 80   (b-)   Kr 80  9.170E+01       Br 80   (b+)   Se 80  8.300E+00       Br 80m  (IT)   Br 80  1.000E+02       Br 82   (b-)   Kr 82  1.000E+02
   Br 82m  (b-)   Kr 82  2.400E+00       Br 82m  (IT)   Br 82  9.760E+01       Br 83   (b-)   Kr 83  8.895E-02       Br 83   (b-)   Kr 83m 9.991E+01
   Br 84   (b-)   Kr 84  1.000E+02       Br 84m  (b-)   Kr 84  1.000E+02       Br 85   (b-)   Kr 85  1.626E-01       Br 85   (b-)   Kr 85m 9.984E+01
   Br 86   (b-)   Kr 86  1.000E+02       Br 87   (b-)   Kr 87  9.749E+01       Br 87  (b-n)   Kr 86  2.510E+00       Br 88   (b-)   Kr 88  9.330E+01
   Br 88  (b-n)   Kr 87  6.700E+00       Br 89   (b-)   Kr 89  8.590E+01       Br 89  (b-n)   Kr 88  1.410E+01       Br 90   (b-)   Kr 90  7.540E+01
   Br 90  (b-n)   Kr 89  2.460E+01       Br 91   (b-)   Kr 91  8.000E+01       Br 91  (b-n)   Kr 90  2.000E+01       Br 92   (b-)   Kr 92  6.690E+01
   Br 92  (b-n)   Kr 91  3.310E+01       Br 93   (b-)   Kr 93  3.200E+01       Br 93  (b-n)   Kr 92  6.800E+01       Br 94   (b-)   Kr 94  3.000E+01
   Br 94  (b-n)   Kr 93  7.000E+01       Br 95   (b-)   Kr 95  1.000E+02       Br 96   (b-)   Kr 96  1.000E+02       Br 97   (b-)   Kr 97  1.000E+02
   Kr 69   (b+)   Br 69  1.000E+02       Kr 70   (b+)   Br 70m 1.000E+02       Kr 71   (b+)   Br 71  1.000E+02       Kr 72   (b+)   Br 72  1.000E+02
   Kr 73   (b+)   Br 73  1.000E+02       Kr 74   (b+)   Br 74  1.000E+02       Kr 75   (b+)   Br 75  1.000E+02       Kr 76   (b+)   Br 76  1.000E+02
   Kr 77   (b+)   Br 77  1.000E+02       Kr 78 (b+b+)   Se 78  1.000E+02       Kr 79   (b+)   Br 79  1.000E+02       Kr 79m  (IT)   Kr 79  1.000E+02
   Kr 81   (b+)   Br 81  1.000E+02       Kr 81m  (b+)   Br 81  2.500E-03       Kr 81m  (IT)   Kr 81  1.000E+02       Kr 83m  (IT)   Kr 83  1.000E+02
   Kr 85   (b-)   Rb 85  1.000E+02       Kr 85m  (b-)   Rb 85  7.860E+01       Kr 85m  (IT)   Kr 85  2.140E+01       Kr 87   (b-)   Rb 87  1.000E+02
   Kr 88   (b-)   Rb 88  1.000E+02       Kr 89   (b-)   Rb 89  1.000E+02       Kr 90   (b-)   Rb 90  8.780E+01       Kr 90   (b-)   Rb 90m 1.220E+01
   Kr 91   (b-)   Rb 91  1.000E+02       Kr 92   (b-)   Rb 92  1.000E+02       Kr 93   (b-)   Rb 93  1.000E+02       Kr 94   (b-)   Rb 94  9.889E+01
   Kr 94  (b-n)   Rb 93  1.110E+00       Kr 95   (b-)   Rb 95  9.713E+01       Kr 95  (b-n)   Rb 94  2.870E+00       Kr 96   (b-)   Rb 96  4.815E+01
   Kr 96   (b-)   Rb 96m 4.815E+01       Kr 96  (b-n)   Rb 95  3.700E+00       Kr 97   (b-)   Rb 97  9.330E+01       Kr 97  (b-n)   Rb 96  3.350E+00
   Kr 97  (b-n)   Rb 96m 3.350E+00       Kr 98   (b-)   Rb 98m 9.300E+01       Kr 98  (b-n)   Rb 97  7.000E+00       Kr 99   (b-)   Rb 99  8.900E+01
   Kr 99  (b-n)   Rb 98  5.500E+00       Kr 99  (b-n)   Rb 98m 5.500E+00       Kr100   (b-)   Rb100  1.000E+02       Rb 71    (p)   Kr 70  1.000E+02
   Rb 72    (p)   Kr 71  1.000E+02       Rb 73    (p)   Kr 72  1.000E+02       Rb 74   (b+)   Kr 74  1.000E+02       Rb 75   (b+)   Kr 75  1.000E+02
   Rb 76   (b+)   Kr 76  1.000E+02       Rb 77   (b+)   Kr 77  1.000E+02       Rb 78   (b+)   Kr 78  1.000E+02       Rb 78m  (b+)   Kr 78  9.000E+01
   Rb 78m  (IT)   Rb 78  1.000E+01       Rb 79   (b+)   Kr 79  1.000E+02       Rb 80   (b+)   Kr 80  1.000E+02       Rb 81   (b+)   Kr 81  1.000E+02
   Rb 81m  (IT)   Rb 81  9.620E+01       Rb 81m  (b+)   Kr 81  3.765E+00       Rb 81m  (b+)   Kr 81m 3.484E-02       Rb 82   (b+)   Kr 82  1.000E+02
   Rb 82m  (b+)   Kr 82  1.000E+02       Rb 83   (b+)   Kr 83  2.500E+01       Rb 83   (b+)   Kr 83m 7.500E+01       Rb 83m  (IT)   Rb 83  1.000E+02
   Rb 84   (b-)   Sr 84  3.200E+00       Rb 84   (b+)   Kr 84  9.680E+01       Rb 84m  (IT)   Rb 84  1.000E+02       Rb 86   (b+)   Kr 86  5.200E-03
   Rb 86   (b-)   Sr 86  1.000E+02       Rb 86m  (IT)   Rb 86  1.000E+02       Rb 87   (b-)   Sr 87  1.000E+02       Rb 88   (b-)   Sr 88  1.000E+02
   Rb 89   (b-)   Sr 89  1.000E+02       Rb 90   (b-)   Sr 90  1.000E+02       Rb 90m  (b-)   Sr 90  9.740E+01       Rb 90m  (IT)   Rb 90  2.600E+00
   Rb 91   (b-)   Sr 91  1.000E+02       Rb 92   (b-)   Sr 92  1.000E+02       Rb 93   (b-)   Sr 93  9.860E+01       Rb 93  (b-n)   Sr 92  1.400E+00
   Rb 94   (b-)   Sr 94  8.990E+01       Rb 94  (b-n)   Sr 93  1.010E+01       Rb 95   (b-)   Sr 95  9.140E+01       Rb 95  (b-n)   Sr 94  8.600E+00
   Rb 96   (b-)   Sr 96  8.660E+01       Rb 96  (b-n)   Sr 95  1.340E+01       Rb 96m  (b-)   Sr 96  5.000E+01       Rb 96m  (IT)   Rb 96  5.000E+01
   Rb 97   (b-)   Sr 97  7.490E+01       Rb 97  (b-n)   Sr 96  2.510E+01       Rb 98   (b-)   Sr 98  8.615E+01       Rb 98  (b-n)   Sr 97  1.380E+01
   Rb 98 (b-2n)   Sr 96  5.100E-02       Rb 98m  (b-)   Sr 98  1.000E+02       Rb 99   (b-)   Sr 99  8.410E+01       Rb 99  (b-n)   Sr 98  1.590E+01
   Rb100   (b-)   Sr100  9.425E+01       Rb100  (b-n)   Sr 99  5.600E+00       Rb100 (b-2n)   Sr 98  1.500E-01       Rb101   (b-)   Sr101  1.000E+02
   Rb102   (b-)   Sr102  8.200E+01       Rb102  (b-n)   Sr101  1.800E+01       Sr 73   (b+)   Rb 73  1.000E+02       Sr 74   (b+)   Rb 74  1.000E+02
   Sr 75   (b+)   Rb 75  9.480E+01       Sr 75  (b+p)   Kr 74  5.200E+00       Sr 76   (b+)   Rb 76  1.000E+02       Sr 77   (b+)   Rb 77  1.000E+02
   Sr 78   (b+)   Rb 78  1.000E+02       Sr 79   (b+)   Rb 79  1.000E+02       Sr 80   (b+)   Rb 80  1.000E+02       Sr 81   (b+)   Rb 81  9.986E+01
   Sr 81   (b+)   Rb 81m 1.441E-01       Sr 82   (b+)   Rb 82  1.000E+02       Sr 83   (b+)   Rb 83  1.000E+02       Sr 83m  (IT)   Sr 83  1.000E+02
   Sr 85   (b+)   Rb 85  1.000E+02       Sr 85m  (b+)   Rb 85  1.340E+01       Sr 85m  (IT)   Sr 85  8.660E+01       Sr 87m  (b+)   Rb 87  3.000E-01
   Sr 87m  (IT)   Sr 87  9.970E+01       Sr 89   (b-)   Y  89  9.999E+01       Sr 89   (b-)   Y  89m 9.639E-03       Sr 90   (b-)   Y  90  1.000E+02
   Sr 91   (b-)   Y  91  4.116E+01       Sr 91   (b-)   Y  91m 5.884E+01       Sr 92   (b-)   Y  92  1.000E+02       Sr 93   (b-)   Y  93  7.498E+01
   Sr 93   (b-)   Y  93m 2.502E+01       Sr 94   (b-)   Y  94  1.000E+02       Sr 95   (b-)   Y  95  1.000E+02       Sr 96   (b-)   Y  96  1.000E+02
   Sr 97   (b-)   Y  97  8.508E+01       Sr 97   (b-)   Y  97m 1.487E+01       Sr 97  (b-n)   Y  96  2.500E-02       Sr 97  (b-n)   Y  96m 2.500E-02
   Sr 98   (b-)   Y  98  1.000E+02       Sr 99   (b-)   Y  99  1.000E+02       Sr100   (b-)   Y 100  9.922E+01       Sr100  (b-n)   Y  99  7.800E-01
   Sr101   (b-)   Y 101  9.763E+01       Sr101  (b-n)   Y 100  1.185E+00       Sr101  (b-n)   Y 100m 1.185E+00       Sr102   (b-)   Y 102  4.725E+01
   Sr102   (b-)   Y 102m 4.725E+01       Sr102  (b-n)   Y 101  5.500E+00       Sr103   (b-)   Y 103  1.000E+02       Sr104   (b-)   Y 104  1.000E+02
   Sr105   (b-)   Y 105  1.000E+02       Y  76   (b+)   Sr 76  5.000E+01       Y  76    (p)   Sr 75  5.000E+01       Y  77   (b+)   Sr 77  9.000E+01
   Y  77    (p)   Sr 76  1.000E+01       Y  78   (b+)   Sr 78  1.000E+02       Y  78m  (b+)   Sr 78  1.000E+02       Y  79   (b+)   Sr 79  1.000E+02
   Y  80   (b+)   Sr 80  1.000E+02       Y  80m  (IT)   Y  80  8.100E+01       Y  80m  (b+)   Sr 80  1.900E+01       Y  81   (b+)   Sr 81  1.000E+02
   Y  82   (b+)   Sr 82  1.000E+02       Y  83   (b+)   Sr 83  1.000E+02       Y  83m  (b+)   Sr 83  1.000E+02       Y  84   (b+)   Sr 84  1.000E+02
   Y  84m  (b+)   Sr 84  1.000E+02       Y  85   (b+)   Sr 85  1.000E+02       Y  85m  (b+)   Sr 85  1.000E+02       Y  86   (b+)   Sr 86  1.000E+02
   Y  86m  (b+)   Sr 86  6.900E-01       Y  86m  (IT)   Y  86  9.931E+01       Y  87   (b+)   Sr 87  1.000E+02       Y  87m  (b+)   Sr 87  1.570E+00
   Y  87m  (IT)   Y  87  9.843E+01       Y  88   (b+)   Sr 88  1.000E+02       Y  88m  (IT)   Y  88  1.000E+02       Y  89m  (IT)   Y  89  1.000E+02
   Y  90   (b-)   Zr 90  1.000E+02       Y  90m  (b-)   Zr 90m 2.100E-03       Y  90m  (IT)   Y  90  1.000E+02       Y  91   (b-)   Zr 91  1.000E+02
   Y  91m  (IT)   Y  91  1.000E+02       Y  92   (b-)   Zr 92  1.000E+02       Y  93   (b-)   Zr 93  1.000E+02       Y  93m  (IT)   Y  93  1.000E+02
   Y  94   (b-)   Zr 94  1.000E+02       Y  95   (b-)   Zr 95  1.000E+02       Y  96   (b-)   Zr 96  1.000E+02       Y  96m  (b-)   Zr 96  1.000E+02
   Y  97   (b-)   Zr 97  9.994E+01       Y  97  (b-n)   Zr 96  5.500E-02       Y  97m  (b-)   Zr 97  9.925E+01       Y  97m  (IT)   Y  97  7.000E-01
   Y  97m (b-n)   Zr 96  5.000E-02       Y  97n  (b-)   Zr 97  1.600E+00       Y  97n  (IT)   Y  97m 9.840E+01       Y  98   (b-)   Zr 98  9.973E+01
   Y  98  (b-n)   Zr 97  2.700E-01       Y  98m  (b-)   Zr 98  9.656E+01       Y  98m (b-n)   Zr 97  3.440E+00       Y  99   (b-)   Zr 99  9.830E+01
   Y  99  (b-n)   Zr 98  1.700E+00       Y 100   (b-)   Zr100  9.908E+01       Y 100  (b-n)   Zr 99  9.200E-01       Y 100m  (b-)   Zr100  1.000E+02
   Y 101   (b-)   Zr101  1.000E+02       Y 102   (b-)   Zr102  9.510E+01       Y 102  (b-n)   Zr101  4.900E+00       Y 102m  (b-)   Zr102  9.510E+01
   Y 102m (b-n)   Zr101  4.900E+00       Y 103   (b-)   Zr103  9.200E+01       Y 103  (b-n)   Zr102  8.000E+00       Y 104   (b-)   Zr104  9.122E+01
   Y 104  (b-n)   Zr103  8.777E+00       Y 105   (b-)   Zr105  8.025E+01       Y 105  (b-n)   Zr104  1.975E+01       Y 106   (b-)   Zr106  1.000E+02
   Y 107   (b-)   Zr107  1.000E+02       Y 108   (b-)   Zr108  1.000E+02       Zr 78   (b+)   Y  78  1.000E+02       Zr 79   (b+)   Y  79  1.000E+02
   Zr 80   (b+)   Y  80m 1.000E+02       Zr 81   (b+)   Y  81  9.988E+01       Zr 81  (b+p)   Sr 80  1.200E-01       Zr 82   (b+)   Y  82  1.000E+02
   Zr 83   (b+)   Y  83  3.898E+00       Zr 83   (b+)   Y  83m 9.610E+01       Zr 84   (b+)   Y  84  1.000E+02       Zr 85   (b+)   Y  85  1.000E+02
   Zr 85m  (IT)   Zr 85  1.000E+02       Zr 86   (b+)   Y  86  1.000E+02       Zr 87   (b+)   Y  87  2.800E-01       Zr 87   (b+)   Y  87m 9.972E+01
   Zr 87m  (IT)   Zr 87  1.000E+02       Zr 88   (b+)   Y  88  1.000E+02       Zr 89   (b+)   Y  89  1.300E-01       Zr 89   (b+)   Y  89m 9.987E+01
   Zr 89m  (b+)   Y  89  6.660E+00       Zr 89m  (IT)   Zr 89  9.334E+01       Zr 90m  (IT)   Zr 90  1.000E+02       Zr 93   (b-)   Nb 93m 9.700E+01
   Zr 93   (b-)   Nb 93  3.000E+00       Zr 94 (b-b-)   Mo 94  1.000E+02       Zr 95   (b-)   Nb 95  9.892E+01       Zr 95   (b-)   Nb 95m 1.080E+00
   Zr 96 (b-b-)   Mo 96  1.000E+02       Zr 97   (b-)   Nb 97  4.952E+00       Zr 97   (b-)   Nb 97m 9.505E+01       Zr 98   (b-)   Nb 98  1.000E+02
   Zr 99   (b-)   Nb 99m 3.680E+01       Zr 99   (b-)   Nb 99  6.320E+01       Zr100   (b-)   Nb100  1.000E+02       Zr101   (b-)   Nb101  1.000E+02
   Zr102   (b-)   Nb102  1.000E+02       Zr103   (b-)   Nb103  1.000E+02       Zr104   (b-)   Nb104  1.000E+02       Zr105   (b-)   Nb105  9.860E+01
   Zr105  (b-n)   Nb104  1.400E+00       Zr106   (b-)   Nb106  9.848E+01       Zr106  (b-n)   Nb105  1.524E+00       Zr107   (b-)   Nb107  9.629E+01
   Zr107  (b-n)   Nb106  3.713E+00       Zr108   (b-)   Nb108  1.000E+02       Zr109   (b-)   Nb109  1.000E+02       Zr110   (b-)   Nb110  1.000E+02
   Nb 81    (p)   Zr 80  5.000E+01       Nb 81   (b+)   Zr 81  5.000E+01       Nb 82   (b+)   Zr 82  1.000E+02       Nb 83   (b+)   Zr 83  1.000E+02
   Nb 84   (b+)   Zr 84  1.000E+02       Nb 85   (b+)   Zr 85  1.000E+02       Nb 85m  (b+)   Zr 85m 1.000E+02       Nb 86   (b+)   Zr 86  1.000E+02
   Nb 86m  (b+)   Zr 86  1.000E+02       Nb 87   (b+)   Zr 87  1.000E+02       Nb 87m  (b+)   Zr 87  1.000E+02       Nb 88   (b+)   Zr 88  1.000E+02
   Nb 88m  (b+)   Zr 88  1.000E+02       Nb 89   (b+)   Zr 89  9.877E+01       Nb 89   (b+)   Zr 89m 1.225E+00       Nb 89m  (b+)   Zr 89  8.258E+01
   Nb 89m  (b+)   Zr 89m 1.691E+01       Nb 90   (b+)   Zr 90m 9.810E+01       Nb 90   (b+)   Zr 90  1.900E+00       Nb 90m  (IT)   Nb 90  1.000E+02
   Nb 90n  (IT)   Nb 90m 1.000E+02       Nb 91   (b+)   Zr 91  1.000E+02       Nb 91m  (IT)   Nb 91  9.760E+01       Nb 91m  (b+)   Zr 91  2.400E+00
   Nb 92   (b+)   Zr 92  1.000E+02       Nb 92m  (b+)   Zr 92  1.000E+02       Nb 93m  (IT)   Nb 93  1.000E+02       Nb 94   (b-)   Mo 94  1.000E+02
   Nb 94m  (b-)   Mo 94  5.000E-01       Nb 94m  (IT)   Nb 94  9.950E+01       Nb 95   (b-)   Mo 95  1.000E+02       Nb 95m  (b-)   Mo 95  5.600E+00
   Nb 95m  (IT)   Nb 95  9.440E+01       Nb 96   (b-)   Mo 96  1.000E+02       Nb 97   (b-)   Mo 97  1.000E+02       Nb 97m  (IT)   Nb 97  1.000E+02
   Nb 98   (b-)   Mo 98  1.000E+02       Nb 98m  (b-)   Mo 98  1.000E+02       Nb 99   (b-)   Mo 99  1.000E+02       Nb 99m  (b-)   Mo 99  9.800E+01
   Nb 99m  (IT)   Nb 99  2.000E+00       Nb100   (b-)   Mo100  1.000E+02       Nb100m  (b-)   Mo100  1.000E+02       Nb101   (b-)   Mo101  1.000E+02
   Nb102   (b-)   Mo102  1.000E+02       Nb102m  (b-)   Mo102  1.000E+02       Nb103   (b-)   Mo103  9.999E+01       Nb103  (b-n)   Mo102  1.000E-02
   Nb104   (b-)   Mo104  9.994E+01       Nb104  (b-n)   Mo103  6.000E-02       Nb104m  (b-)   Mo104  9.995E+01       Nb104m (b-n)   Mo103  5.000E-02
   Nb105   (b-)   Mo105  9.830E+01       Nb105  (b-n)   Mo104  1.700E+00       Nb106   (b-)   Mo106  9.550E+01       Nb106  (b-n)   Mo105  4.500E+00
   Nb107   (b-)   Mo107  9.400E+01       Nb107  (b-n)   Mo106  6.000E+00       Nb108   (b-)   Mo108  9.380E+01       Nb108  (b-n)   Mo107  6.200E+00
   Nb109   (b-)   Mo109  8.735E+01       Nb109  (b-n)   Mo108  1.265E+01       Nb110   (b-)   Mo110  6.000E+01       Nb110  (b-n)   Mo109  4.000E+01
   Nb111   (b-)   Mo111  1.000E+02       Nb112   (b-)   Mo112  1.000E+02       Nb113   (b-)   Mo113  1.000E+02       Mo 83   (b+)   Nb 83  1.000E+02
   Mo 84   (b+)   Nb 84  1.000E+02       Mo 85   (b+)   Nb 85m 1.000E+02       Mo 86   (b+)   Nb 86  5.000E+01       Mo 86   (b+)   Nb 86m 5.000E+01
   Mo 87   (b+)   Nb 87  1.000E+02       Mo 88   (b+)   Nb 88  1.000E+02       Mo 89   (b+)   Nb 89  1.000E+02       Mo 89m  (IT)   Mo 89  1.000E+02
   Mo 90   (b+)   Nb 90  1.000E+02       Mo 91   (b+)   Nb 91  9.997E+01       Mo 91   (b+)   Nb 91m 3.420E-02       Mo 91m  (b+)   Nb 91m 5.000E+01
   Mo 91m  (IT)   Mo 91  5.000E+01       Mo 92 (b+b+)   Zr 92  1.000E+02       Mo 93   (b+)   Nb 93  1.200E+01       Mo 93   (b+)   Nb 93m 8.800E+01
   Mo 93m  (b+)   Nb 93  1.200E-01       Mo 93m  (IT)   Mo 93  9.988E+01       Mo 98 (b-b-)   Ru 98  1.000E+02       Mo 99   (b-)   Tc 99  1.194E+01
   Mo 99   (b-)   Tc 99m 8.806E+01       Mo100 (b-b-)   Ru100  1.000E+02       Mo101   (b-)   Tc101  1.000E+02       Mo102   (b-)   Tc102  1.000E+02
   Mo103   (b-)   Tc103  1.000E+02       Mo104   (b-)   Tc104  1.000E+02       Mo105   (b-)   Tc105  1.000E+02       Mo106   (b-)   Tc106  1.000E+02
   Mo107   (b-)   Tc107  1.000E+02       Mo108   (b-)   Tc108  1.000E+02       Mo109   (b-)   Tc109  9.947E+01       Mo109  (b-n)   Tc108  5.300E-01
   Mo110   (b-)   Tc110  1.000E+02       Mo111   (b-)   Tc111  9.897E+01       Mo111  (b-n)   Tc110  1.030E+00       Mo112   (b-)   Tc112  9.792E+01
   Mo112  (b-n)   Tc111  2.079E+00       Mo113   (b-)   Tc113  1.000E+02       Mo114   (b-)   Tc114  1.000E+02       Mo115   (b-)   Tc115  1.000E+02
   Tc 85    (p)   Mo 84  5.000E+01       Tc 85   (b+)   Mo 85  5.000E+01       Tc 86   (b+)   Mo 86  1.000E+02       Tc 87   (b+)   Mo 87  1.000E+02
   Tc 87m  (b+)   Mo 87  5.000E+01       Tc 87m  (IT)   Tc 87  5.000E+01       Tc 88   (b+)   Mo 88  1.000E+02       Tc 88m  (b+)   Mo 88  1.000E+02
   Tc 89   (b+)   Mo 89  5.000E+01       Tc 89   (b+)   Mo 89m 5.000E+01       Tc 89m  (b+)   Mo 89  4.999E+01       Tc 89m  (b+)   Mo 89m 4.999E+01
   Tc 89m  (IT)   Tc 89  1.000E-02       Tc 90   (b+)   Mo 90  1.000E+02       Tc 90m  (b+)   Mo 90  1.000E+02       Tc 91   (b+)   Mo 91  1.000E+02
   Tc 91m  (b+)   Mo 91  1.000E+02       Tc 92   (b+)   Mo 92  1.000E+02       Tc 93   (b+)   Mo 93  1.000E+02       Tc 93m  (b+)   Mo 93  2.340E+01
   Tc 93m  (IT)   Tc 93  7.660E+01       Tc 94   (b+)   Mo 94  1.000E+02       Tc 94m  (b+)   Mo 94  1.000E+02       Tc 95   (b+)   Mo 95  1.000E+02
   Tc 95m  (b+)   Mo 95  9.612E+01       Tc 95m  (IT)   Tc 95  3.880E+00       Tc 96   (b+)   Mo 96  1.000E+02       Tc 96m  (b+)   Mo 96  2.000E+00
   Tc 96m  (IT)   Tc 96  9.800E+01       Tc 97   (b+)   Mo 97  1.000E+02       Tc 97m  (IT)   Tc 97  1.000E+02       Tc 98   (b-)   Ru 98  1.000E+02
   Tc 99   (b-)   Ru 99  1.000E+02       Tc 99m  (IT)   Tc 99  1.000E+02       Tc 99m  (b-)   Ru 99  3.700E-03       Tc100   (b-)   Ru100  1.000E+02
   Tc101   (b-)   Ru101  1.000E+02       Tc102   (b-)   Ru102  1.000E+02       Tc102m  (b-)   Ru102  1.000E+02       Tc103   (b-)   Ru103  1.000E+02
   Tc104   (b-)   Ru104  1.000E+02       Tc105   (b-)   Ru105  1.000E+02       Tc106   (b-)   Ru106  1.000E+02       Tc107   (b-)   Ru107  1.000E+02
   Tc108   (b-)   Ru108  1.000E+02       Tc109   (b-)   Ru109  9.992E+01       Tc109  (b-n)   Ru108  8.000E-02       Tc110   (b-)   Ru110  9.996E+01
   Tc110  (b-n)   Ru109  4.000E-02       Tc111   (b-)   Ru111  1.000E+02       Tc112   (b-)   Ru112  9.850E+01       Tc112  (b-n)   Ru111  1.500E+00
   Tc113   (b-)   Ru113  9.281E+01       Tc113  (b-n)   Ru112  7.186E+00       Tc114   (b-)   Ru114  9.346E+01       Tc114  (b-n)   Ru113  6.536E+00
   Tc115   (b-)   Ru115  8.566E+01       Tc115  (b-n)   Ru114  1.434E+01       Tc116   (b-)   Ru116  8.778E+01       Tc116  (b-n)   Ru115  1.222E+01
   Tc117   (b-)   Ru117  1.000E+02       Tc118   (b-)   Ru118  1.000E+02       Ru 87   (b+)   Tc 87  1.000E+02       Ru 88   (b+)   Tc 88  5.000E+01
   Ru 88   (b+)   Tc 88m 5.000E+01       Ru 89   (b+)   Tc 89  5.000E+01       Ru 89   (b+)   Tc 89m 5.000E+01       Ru 90   (b+)   Tc 90  5.000E+01
   Ru 90   (b+)   Tc 90m 5.000E+01       Ru 91   (b+)   Tc 91  1.000E+02       Ru 91m  (b+)   Tc 91m 1.000E+02       Ru 92   (b+)   Tc 92  1.000E+02
   Ru 93   (b+)   Tc 93  1.000E+02       Ru 93m  (b+)   Tc 93  7.780E+01       Ru 93m  (IT)   Ru 93  2.220E+01       Ru 94   (b+)   Tc 94m 1.000E+02
   Ru 95   (b+)   Tc 95  9.739E+01       Ru 95   (b+)   Tc 95m 2.606E+00       Ru 96 (b+b+)   Mo 96  1.000E+02       Ru 97   (b+)   Tc 97  9.996E+01
   Ru 97   (b+)   Tc 97m 4.217E-02       Ru103   (b-)   Rh103  1.198E+00       Ru103   (b-)   Rh103m 9.880E+01       Ru103m  (IT)   Ru103  1.000E+02
   Ru105   (b-)   Rh105  7.161E+01       Ru105   (b-)   Rh105m 2.839E+01       Ru106   (b-)   Rh106  1.000E+02       Ru107   (b-)   Rh107  1.000E+02
   Ru108   (b-)   Rh108  1.000E+02       Ru109   (b-)   Rh109  1.000E+02       Ru110   (b-)   Rh110  1.000E+02       Ru111   (b-)   Rh111  1.000E+02
   Ru112   (b-)   Rh112  1.000E+02       Ru113   (b-)   Rh113  1.000E+02       Ru113m  (IT)   Ru113  5.000E+01       Ru113m  (b-)   Rh113  5.000E+01
   Ru114   (b-)   Rh114  1.000E+02       Ru115   (b-)   Rh115  9.977E+01       Ru115  (b-n)   Rh114  2.276E-01       Ru116   (b-)   Rh116  9.892E+01
   Ru116  (b-n)   Rh115  1.081E+00       Ru117   (b-)   Rh117  9.795E+01       Ru117  (b-n)   Rh116  2.051E+00       Ru118   (b-)   Rh118  9.589E+01
   Ru118  (b-n)   Rh117  4.109E+00       Ru119   (b-)   Rh119  9.564E+01       Ru119  (b-n)   Rh118  4.358E+00       Ru120   (b-)   Rh120  1.000E+02
   Rh 89   (b+)   Ru 89  1.000E+02       Rh 90   (b+)   Ru 90  1.000E+02       Rh 90m  (b+)   Ru 90  1.000E+02       Rh 91   (b+)   Ru 91  1.000E+02
   Rh 92   (b+)   Ru 92  1.000E+02       Rh 93   (b+)   Ru 93  5.000E+01       Rh 93   (b+)   Ru 93m 5.000E+01       Rh 94   (b+)   Ru 94  1.000E+02
   Rh 94m  (b+)   Ru 94  1.000E+02       Rh 95   (b+)   Ru 95  1.000E+02       Rh 95m  (b+)   Ru 95  1.200E+01       Rh 95m  (IT)   Rh 95  8.800E+01
   Rh 96   (b+)   Ru 96  1.000E+02       Rh 96m  (b+)   Ru 96  4.000E+01       Rh 96m  (IT)   Rh 96  6.000E+01       Rh 97   (b+)   Ru 97  1.000E+02
   Rh 97m  (b+)   Ru 97  9.440E+01       Rh 97m  (IT)   Rh 97  5.600E+00       Rh 98   (b+)   Ru 98  1.000E+02       Rh 98m  (b+)   Ru 98  1.000E+02
   Rh 99   (b+)   Ru 99  1.000E+02       Rh 99m  (b+)   Ru 99  1.000E+02       Rh100   (b+)   Ru100  1.000E+02       Rh100m  (b+)   Ru100  1.700E+00
   Rh100m  (IT)   Rh100  9.830E+01       Rh101   (b+)   Ru101  1.000E+02       Rh101m  (b+)   Ru101  9.256E+01       Rh101m  (IT)   Rh101  7.440E+00
   Rh102   (b+)   Ru102  1.000E+02       Rh102m  (b-)   Pd102  2.000E+01       Rh102m  (b+)   Ru102  7.500E+01       Rh102m  (IT)   Rh102  5.000E+00
   Rh103m  (IT)   Rh103  1.000E+02       Rh104   (b-)   Pd104  9.955E+01       Rh104   (b+)   Ru104  4.500E-01       Rh104m  (b-)   Pd104  1.300E-01
   Rh104m  (IT)   Rh104  9.987E+01       Rh105   (b-)   Pd105  1.000E+02       Rh105m  (IT)   Rh105  1.000E+02       Rh106   (b-)   Pd106  1.000E+02
   Rh106m  (b-)   Pd106  1.000E+02       Rh107   (b-)   Pd107  1.000E+02       Rh108   (b-)   Pd108  1.000E+02       Rh108m  (b-)   Pd108  1.000E+02
   Rh109   (b-)   Pd109  1.000E+02       Rh110   (b-)   Pd110  1.000E+02       Rh110m  (b-)   Pd110  1.000E+02       Rh111   (b-)   Pd111  1.000E+02
   Rh112   (b-)   Pd112  1.000E+02       Rh112m  (b-)   Pd112  1.000E+02       Rh113   (b-)   Pd113  1.000E+02       Rh114   (b-)   Pd114  1.000E+02
   Rh114m  (b-)   Pd114  1.000E+02       Rh115   (b-)   Pd115  8.548E+01       Rh115   (b-)   Pd115m 1.452E+01       Rh116   (b-)   Pd116  1.000E+02
   Rh116m  (b-)   Pd116  1.000E+02       Rh117   (b-)   Pd117  1.000E+02       Rh118   (b-)   Pd118  9.708E+01       Rh118  (b-n)   Pd117  2.917E+00
   Rh119   (b-)   Pd119  1.000E+02       Rh120   (b-)   Pd120  9.407E+01       Rh120  (b-n)   Pd119  5.928E+00       Rh121   (b-)   Pd121  8.643E+01
   Rh121  (b-n)   Pd120  1.357E+01       Rh122   (b-)   Pd122  1.000E+02       Pd 91   (b+)   Rh 91  1.000E+02       Pd 92   (b+)   Rh 92  1.000E+02
   Pd 93   (b+)   Rh 93  1.000E+02       Pd 94   (b+)   Rh 94  1.000E+02       Pd 95   (b+)   Rh 95  5.000E+01       Pd 95   (b+)   Rh 95m 5.000E+01
   Pd 95m  (b+)   Rh 95  9.410E+01       Pd 95m  (IT)   Pd 95  5.000E+00       Pd 95m (b+p)   Ru 94  9.000E-01       Pd 96   (b+)   Rh 96m 1.000E+02
   Pd 97   (b+)   Rh 97  9.831E+01       Pd 97   (b+)   Rh 97m 1.687E+00       Pd 98   (b+)   Rh 98  1.000E+02       Pd 99   (b+)   Rh 99  2.950E+00
   Pd 99   (b+)   Rh 99m 9.705E+01       Pd100   (b+)   Rh100  1.000E+02       Pd101   (b+)   Rh101  2.734E-01       Pd101   (b+)   Rh101m 9.973E+01
   Pd103   (b+)   Rh103  2.600E-02       Pd103   (b+)   Rh103m 9.997E+01       Pd107   (b-)   Ag107  1.000E+02       Pd107m  (IT)   Pd107  1.000E+02
   Pd109   (b-)   Ag109  4.846E-02       Pd109   (b-)   Ag109m 9.995E+01       Pd109m  (IT)   Pd109  1.000E+02       Pd110 (b-b-)   Cd110  1.000E+02
   Pd111   (b-)   Ag111  7.042E-01       Pd111   (b-)   Ag111m 9.930E+01       Pd111m  (b-)   Ag111  7.500E+00       Pd111m  (b-)   Ag111m 1.950E+01
   Pd111m  (IT)   Pd111  7.300E+01       Pd112   (b-)   Ag112  1.000E+02       Pd113   (b-)   Ag113m 9.500E+01       Pd113   (b-)   Ag113  5.000E+00
   Pd113m  (IT)   Pd113  1.000E+02       Pd114   (b-)   Ag114  1.000E+02       Pd115   (b-)   Ag115  7.300E+01       Pd115   (b-)   Ag115m 2.700E+01
   Pd115m  (b-)   Ag115m 9.200E+01       Pd115m  (IT)   Pd115  8.000E+00       Pd116   (b-)   Ag116  1.000E+02       Pd117   (b-)   Ag117  5.000E+01
   Pd117   (b-)   Ag117m 5.000E+01       Pd117m  (IT)   Pd117  1.000E+02       Pd118   (b-)   Ag118  8.570E+01       Pd118   (b-)   Ag118m 1.430E+01
   Pd119   (b-)   Ag119  5.000E+01       Pd119   (b-)   Ag119m 5.000E+01       Pd120   (b-)   Ag120  5.000E+01       Pd120   (b-)   Ag120m 5.000E+01
   Pd121   (b-)   Ag121  9.973E+01       Pd121  (b-n)   Ag120  2.722E-01       Pd122   (b-)   Ag122  1.000E+02       Pd123   (b-)   Ag123  1.000E+02
   Pd124   (b-)   Ag124  1.000E+02       Ag 93    (p)   Pd 92  5.000E+01       Ag 93   (b+)   Pd 93  5.000E+01       Ag 94   (b+)   Pd 94  1.000E+02
   Ag 94m  (b+)   Pd 94  1.000E+02       Ag 94n  (b+)   Pd 94  1.000E+02       Ag 95   (b+)   Pd 95  1.000E+02       Ag 95m  (IT)   Ag 95  1.000E+02
   Ag 95n  (IT)   Ag 95  1.000E+02       Ag 95o  (IT)   Ag 95n 1.000E+02       Ag 96   (b+)   Pd 96  9.030E+01       Ag 96  (b+p)   Rh 95  4.850E+00
   Ag 96  (b+p)   Rh 95m 4.850E+00       Ag 96m  (b+)   Pd 96  8.200E+01       Ag 96m (b+p)   Rh 95  9.000E+00       Ag 96m (b+p)   Rh 95m 9.000E+00
   Ag 97   (b+)   Pd 97  1.000E+02       Ag 98   (b+)   Pd 98  1.000E+02       Ag 99   (b+)   Pd 99  1.000E+02       Ag 99m  (IT)   Ag 99  1.000E+02
   Ag100   (b+)   Pd100  1.000E+02       Ag100m  (b+)   Pd100  1.000E+02       Ag101   (b+)   Pd101  1.000E+02       Ag101m  (IT)   Ag101  1.000E+02
   Ag102   (b+)   Pd102  1.000E+02       Ag102m  (b+)   Pd102  5.100E+01       Ag102m  (IT)   Ag102  4.900E+01       Ag103   (b+)   Pd103  1.000E+02
   Ag103m  (IT)   Ag103  1.000E+02       Ag104   (b+)   Pd104  1.000E+02       Ag104m  (b+)   Pd104  6.700E+01       Ag104m  (IT)   Ag104  3.300E+01
   Ag105   (b+)   Pd105  1.000E+02       Ag105m  (b+)   Pd105  3.400E-01       Ag105m  (IT)   Ag105  9.966E+01       Ag106   (b-)   Cd106  5.000E-01
   Ag106   (b+)   Pd106  9.950E+01       Ag106m  (b+)   Pd106  1.000E+02       Ag107m  (IT)   Ag107  1.000E+02       Ag108   (b-)   Cd108  9.710E+01
   Ag108   (b+)   Pd108  2.900E+00       Ag108m  (b+)   Pd108  9.130E+01       Ag108m  (IT)   Ag108  8.700E+00       Ag109m  (IT)   Ag109  1.000E+02
   Ag110   (b+)   Pd110  3.000E-01       Ag110   (b-)   Cd110  9.970E+01       Ag110m  (IT)   Ag110  1.360E+00       Ag110m  (b-)   Cd110  9.864E+01
   Ag111   (b-)   Cd111  1.000E+02       Ag111m  (b-)   Cd111  5.000E-01       Ag111m  (IT)   Ag111  9.950E+01       Ag112   (b-)   Cd112  1.000E+02
   Ag113   (b-)   Cd113  9.827E+01       Ag113   (b-)   Cd113m 1.729E+00       Ag113m  (IT)   Ag113  6.400E+01       Ag113m  (b-)   Cd113  3.600E+01
   Ag114   (b-)   Cd114  1.000E+02       Ag114m  (IT)   Ag114  1.000E+02       Ag115   (b-)   Cd115  9.424E+01       Ag115   (b-)   Cd115m 5.762E+00
   Ag115m  (b-)   Cd115  7.670E+01       Ag115m  (b-)   Cd115m 2.300E+00       Ag115m  (IT)   Ag115  2.100E+01       Ag116   (b-)   Cd116  1.000E+02
   Ag116m  (b-)   Cd116  9.400E+01       Ag116m  (IT)   Ag116  6.000E+00       Ag117   (b-)   Cd117  8.600E+01       Ag117   (b-)   Cd117m 1.400E+01
   Ag117m  (b-)   Cd117  2.150E+01       Ag117m  (b-)   Cd117m 7.850E+01       Ag118   (b-)   Cd118  1.000E+02       Ag118m  (b-)   Cd118  5.900E+01
   Ag118m  (IT)   Ag118  4.100E+01       Ag119   (b-)   Cd119  7.899E+01       Ag119   (b-)   Cd119m 2.100E+01       Ag119  (b-n)   Cd118  1.000E-02
   Ag119m  (b-)   Cd119  5.000E+01       Ag119m  (b-)   Cd119m 5.000E+01       Ag120   (b-)   Cd120  1.000E+02       Ag120  (b-n)   Cd119  3.000E-03
   Ag120m  (b-)   Cd120  6.300E+01       Ag120m  (IT)   Ag120  3.700E+01       Ag121   (b-)   Cd121  8.905E+01       Ag121   (b-)   Cd121m 1.095E+01
   Ag122   (b-)   Cd122  1.000E+02       Ag122m  (b-)   Cd122  1.000E+02       Ag123   (b-)   Cd123  8.182E+01       Ag123   (b-)   Cd123m 1.818E+01
   Ag124   (b-)   Cd124  9.990E+01       Ag124  (b-n)   Cd123  5.000E-02       Ag124  (b-n)   Cd123m 5.000E-02       Ag124m  (b-)   Cd124  5.000E+01
   Ag124m  (IT)   Ag124  5.000E+01       Ag125   (b-)   Cd125  5.000E+01       Ag125   (b-)   Cd125m 5.000E+01       Ag126   (b-)   Cd126  1.000E+02
   Ag127   (b-)   Cd127  1.000E+02       Ag128   (b-)   Cd128  1.000E+02       Ag129   (b-)   Cd129  5.000E+01       Ag129   (b-)   Cd129m 5.000E+01
   Ag130   (b-)   Cd130  1.000E+02       Cd 95   (b+)   Ag 95  1.000E+02       Cd 96   (b+)   Ag 96m 1.000E+02       Cd 97   (b+)   Ag 97  1.000E+02
   Cd 98   (b+)   Ag 98  1.000E+02       Cd 99   (b+)   Ag 99  4.990E+01       Cd 99   (b+)   Ag 99m 4.990E+01       Cd 99  (b+p)   Pd 98  2.100E-01
   Cd 99  (b+a)   Rh 95  5.000E-05       Cd 99  (b+a)   Rh 95m 5.000E-05       Cd100   (b+)   Ag100  1.000E+02       Cd101   (b+)   Ag101  8.895E+01
   Cd101   (b+)   Ag101m 1.105E+01       Cd102   (b+)   Ag102  5.768E+00       Cd102   (b+)   Ag102m 9.423E+01       Cd103   (b+)   Ag103  1.000E+02
   Cd104   (b+)   Ag104  1.000E+02       Cd105   (b+)   Ag105  1.000E+02       Cd106 (b+b+)   Pd106  1.000E+02       Cd107   (b+)   Ag107  6.400E-02
   Cd107   (b+)   Ag107m 9.994E+01       Cd108 (b+b+)   Pd108  1.000E+02       Cd109   (b+)   Ag109m 1.000E+02       Cd111m  (IT)   Cd111  1.000E+02
   Cd113   (b-)   In113  1.000E+02       Cd113m  (b-)   In113  9.988E+01       Cd113m  (IT)   Cd113  1.200E-01       Cd114 (b-b-)   Sn114  1.000E+02
   Cd115   (b-)   In115m 1.000E+02       Cd115   (b-)   In115  7.000E-05       Cd115m  (b-)   In115m 1.030E-02       Cd115m  (b-)   In115  9.999E+01
   Cd116 (b-b-)   Sn116  1.000E+02       Cd117   (b-)   In117  8.358E+00       Cd117   (b-)   In117m 9.164E+01       Cd117m  (b-)   In117  9.848E+01
   Cd117m  (b-)   In117m 1.524E+00       Cd118   (b-)   In118  1.000E+02       Cd119   (b-)   In119  9.721E+00       Cd119   (b-)   In119m 9.028E+01
   Cd119m  (b-)   In119  9.978E+01       Cd119m  (b-)   In119m 2.201E-01       Cd120   (b-)   In120  1.000E+02       Cd121   (b-)   In121  3.256E+01
   Cd121   (b-)   In121m 6.744E+01       Cd121m  (b-)   In121  1.000E+02       Cd122   (b-)   In122  1.000E+02       Cd123   (b-)   In123  3.097E+01
   Cd123   (b-)   In123m 6.903E+01       Cd123m  (b-)   In123  9.878E+01       Cd123m  (b-)   In123m 1.220E+00       Cd124   (b-)   In124  1.000E+02
   Cd125   (b-)   In125  4.786E+01       Cd125   (b-)   In125m 5.214E+01       Cd125m  (b-)   In125  1.000E+02       Cd126   (b-)   In126  1.000E+02
   Cd127   (b-)   In127m 1.000E+02       Cd128   (b-)   In128m 1.000E+02       Cd129   (b-)   In129m 1.000E+02       Cd129m  (b-)   In129  1.000E+02
   Cd130   (b-)   In130  9.650E+01       Cd130  (b-n)   In129  1.750E+00       Cd130  (b-n)   In129m 1.750E+00       Cd131   (b-)   In131  9.650E+01
   Cd131  (b-n)   In130  3.500E+00       Cd132   (b-)   In132  4.000E+01       Cd132  (b-n)   In131m 6.000E+01       In 97    (p)   Cd 96  5.000E+01
   In 97   (b+)   Cd 97  5.000E+01       In 98   (b+)   Cd 98  1.000E+02       In 98m  (b+)   Cd 98  1.000E+02       In 99   (b+)   Cd 99  1.000E+02
   In 99m  (b+)   Cd 99  5.000E+01       In 99m  (IT)   In 99  5.000E+01       In100   (b+)   Cd100  9.610E+01       In100  (b+p)   Ag 99  1.950E+00
   In100  (b+p)   Ag 99m 1.950E+00       In101   (b+)   Cd101  1.000E+02       In101m  (b+)   Cd101  9.500E+01       In101m  (IT)   In101  5.000E+00
   In102   (b+)   Cd102  1.000E+02       In103   (b+)   Cd103  1.000E+02       In103m  (b+)   Cd103  6.700E+01       In103m  (IT)   In103  3.300E+01
   In104   (b+)   Cd104  1.000E+02       In104m  (IT)   In104  8.000E+01       In104m  (b+)   Cd104  2.000E+01       In105   (b+)   Cd105  1.000E+02
   In105m  (IT)   In105  1.000E+02       In106   (b+)   Cd106  1.000E+02       In106m  (b+)   Cd106  1.000E+02       In107   (b+)   Cd107  1.000E+02
   In107m  (IT)   In107  1.000E+02       In108   (b+)   Cd108  1.000E+02       In108m  (b+)   Cd108  1.000E+02       In109   (b+)   Cd109  1.000E+02
   In109m  (IT)   In109  1.000E+02       In109n  (IT)   In109  1.000E+02       In110   (b+)   Cd110  1.000E+02       In110m  (b+)   Cd110  1.000E+02
   In111   (b+)   Cd111  1.000E+02       In111   (b+)   Cd111m 5.001E-03       In111m  (IT)   In111  1.000E+02       In112   (b-)   Sn112  4.400E+01
   In112   (b+)   Cd112  5.600E+01       In112m  (IT)   In112  1.000E+02       In113m  (IT)   In113  1.000E+02       In114   (b-)   Sn114  9.950E+01
   In114   (b+)   Cd114  5.000E-01       In114m  (b+)   Cd114  3.500E+00       In114m  (IT)   In114  9.650E+01       In114n  (IT)   In114m 1.000E+02
   In115   (b-)   Sn115  1.000E+02       In115m  (IT)   In115  9.500E+01       In115m  (b-)   Sn115  5.000E+00       In116   (b-)   Sn116  1.000E+02
   In116m  (b-)   Sn116  1.000E+02       In116n  (IT)   In116m 1.000E+02       In117   (b-)   Sn117  9.966E+01       In117   (b-)   Sn117m 3.407E-01
   In117m  (IT)   In117  4.710E+01       In117m  (b-)   Sn117  5.290E+01       In118   (b-)   Sn118  1.000E+02       In118m  (b-)   Sn118  1.000E+02
   In118n  (b-)   Sn118  1.500E+00       In118n  (IT)   In118m 9.850E+01       In119   (b-)   Sn119  9.907E+01       In119   (b-)   Sn119m 9.300E-01
   In119m  (b-)   Sn119  9.750E+01       In119m  (IT)   In119  2.500E+00       In120   (b-)   Sn120  1.000E+02       In120m  (b-)   Sn120  1.000E+02
   In120n  (b-)   Sn120  1.000E+02       In121   (b-)   Sn121  8.867E+01       In121   (b-)   Sn121m 1.133E+01       In121m  (b-)   Sn121  9.880E+01
   In121m  (IT)   In121  1.200E+00       In122   (b-)   Sn122  1.000E+02       In122m  (b-)   Sn122  1.000E+02       In122n  (b-)   Sn122  1.000E+02
   In123   (b-)   Sn123  7.624E+00       In123   (b-)   Sn123m 9.238E+01       In123m  (b-)   Sn123  0.000E+00       In123m  (b-)   Sn123m 1.000E+02
   In124   (b-)   Sn124  1.000E+02       In124m  (b-)   Sn124  1.000E+02       In125   (b-)   Sn125  1.689E+01       In125   (b-)   Sn125m 8.311E+01
   In125m  (b-)   Sn125m 1.000E+02       In126   (b-)   Sn126  1.000E+02       In126m  (b-)   Sn126  1.000E+02       In127   (b-)   Sn127  3.898E+01
   In127   (b-)   Sn127m 6.102E+01       In127m  (b-)   Sn127m 4.981E+01       In127m  (b-)   Sn127  4.950E+01       In127m (b-n)   Sn126  6.900E-01
   In128   (b-)   Sn128  1.000E+02       In128m  (IT)   In128  1.000E+02       In128n  (b-)   Sn128m 1.000E+02       In129   (b-)   Sn129  8.935E+01
   In129   (b-)   Sn129m 1.065E+01       In129m  (b-)   Sn129  9.970E+01       In130   (b-)   Sn130  7.106E+01       In130   (b-)   Sn130m 2.894E+01
   In130m  (b-)   Sn130m 1.000E+02       In130n  (b-)   Sn130  1.000E+02       In131   (b-)   Sn131  9.469E+01       In131   (b-)   Sn131m 5.307E+00
   In131m  (b-)   Sn131  9.798E+01       In131m (b-n)   Sn130  1.000E+00       In131m (b-n)   Sn130m 1.000E+00       In131m  (IT)   In131  1.800E-02
   In131n  (b-)   Sn131m 9.897E+01       In131n (b-n)   Sn130  1.400E-02       In131n (b-n)   Sn130m 1.400E-02       In131n  (IT)   In131  1.000E+00
   In132   (b-)   Sn132  1.000E+02       In133   (b-)   Sn133  1.500E+01       In133  (b-n)   Sn132  8.500E+01       In133m  (IT)   In133  1.000E+02
   In134   (b-)   Sn134  3.100E+01       In134  (b-n)   Sn133  6.500E+01       In134 (b-2n)   Sn132  4.000E+00       In135   (b-)   Sn135  1.000E+02
   Sn 99   (b+)   In 99  1.000E+02       Sn100   (b+)   In100  8.300E+01       Sn100  (b+p)   Cd 99  1.700E+01       Sn101   (b+)   In101  5.000E+01
   Sn101   (b+)   In101m 5.000E+01       Sn102   (b+)   In102  1.000E+02       Sn103   (b+)   In103  5.000E+01       Sn103   (b+)   In103m 5.000E+01
   Sn104   (b+)   In104  9.324E+00       Sn104   (b+)   In104m 9.068E+01       Sn105   (b+)   In105  5.000E+01       Sn105   (b+)   In105m 5.000E+01
   Sn106   (b+)   In106m 1.000E+02       Sn107   (b+)   In107  1.000E+02       Sn108   (b+)   In108m 1.000E+02       Sn109   (b+)   In109  8.722E+01
   Sn109   (b+)   In109m 1.278E+01       Sn110   (b+)   In110m 1.000E+02       Sn111   (b+)   In111  9.991E+01       Sn111   (b+)   In111m 9.059E-02
   Sn113   (b+)   In113  1.000E-02       Sn113   (b+)   In113m 9.999E+01       Sn113m  (b+)   In113  8.900E+00       Sn113m  (IT)   Sn113  9.110E+01
   Sn117m  (IT)   Sn117  1.000E+02       Sn119m  (IT)   Sn119  1.000E+02       Sn121   (b-)   Sb121  1.000E+02       Sn121m  (b-)   Sb121  2.240E+01
   Sn121m  (IT)   Sn121  7.760E+01       Sn123   (b-)   Sb123  1.000E+02       Sn123m  (b-)   Sb123  1.000E+02       Sn124 (b-b-)   Te124  1.000E+02
   Sn125   (b-)   Sb125  1.000E+02       Sn125m  (b-)   Sb125  1.000E+02       Sn126   (b-)   Sb126m 3.310E+01       Sn126   (b-)   Sb126n 6.690E+01
   Sn127   (b-)   Sb127  1.000E+02       Sn127m  (b-)   Sb127  1.000E+02       Sn128   (b-)   Sb128  1.000E+02       Sn128   (b-)   Sb128m 0.000E+00
   Sn128m  (IT)   Sn128  1.000E+02       Sn129   (b-)   Sb129  1.000E+02       Sn129m  (b-)   Sb129m 3.100E+01       Sn129m  (b-)   Sb129  6.900E+01
   Sn130   (b-)   Sb130m 1.000E+02       Sn130m  (b-)   Sb130m 1.600E+01       Sn130m  (b-)   Sb130  8.400E+01       Sn131   (b-)   Sb131  1.000E+02
   Sn131m  (b-)   Sb131  1.000E+02       Sn132   (b-)   Sb132  1.000E+02       Sn132   (b-)   Sb132m 0.000E+00       Sn133   (b-)   Sb133  1.000E+02
   Sn134   (b-)   Sb134  8.300E+01       Sn134  (b-n)   Sb133  1.700E+01       Sn135   (b-)   Sb135  7.900E+01       Sn135  (b-n)   Sb134  1.050E+01
   Sn135  (b-n)   Sb134m 1.050E+01       Sn136   (b-)   Sb136  7.000E+01       Sn136  (b-n)   Sb135  3.000E+01       Sn137   (b-)   Sb137  4.200E+01
   Sn137  (b-n)   Sb136  5.800E+01       Sb103   (b+)   Sn103  1.000E+02       Sb104   (b+)   Sn104  3.950E+01       Sb104  (b+p)   In103  3.500E+00
   Sb104  (b+p)   In103m 3.500E+00       Sb104    (p)   Sn103  7.000E+00       Sb104    (a)   In100  4.650E+01       Sb105   (b+)   Sn105  9.900E+01
   Sb105    (p)   Sn104  1.000E+00       Sb106   (b+)   Sn106  1.000E+02       Sb107   (b+)   Sn107  1.000E+02       Sb108   (b+)   Sn108  1.000E+02
   Sb109   (b+)   Sn109  1.000E+02       Sb110   (b+)   Sn110  1.000E+02       Sb111   (b+)   Sn111  1.000E+02       Sb112   (b+)   Sn112  1.000E+02
   Sb113   (b+)   Sn113  1.000E+02       Sb114   (b+)   Sn114  1.000E+02       Sb115   (b+)   Sn115  1.000E+02       Sb116   (b+)   Sn116  1.000E+02
   Sb116m  (b+)   Sn116  1.000E+02       Sb117   (b+)   Sn117  1.000E+02       Sb118   (b+)   Sn118  1.000E+02       Sb118m  (b+)   Sn118  1.000E+02
   Sb119   (b+)   Sn119  1.000E+02       Sb119m  (IT)   Sb119  1.000E+02       Sb120   (b+)   Sn120  1.000E+02       Sb120m  (b+)   Sn120  1.000E+02
   Sb122   (b+)   Sn122  2.600E+00       Sb122   (b-)   Te122  9.740E+01       Sb122m  (IT)   Sb122  1.000E+02       Sb124   (b-)   Te124  1.000E+02
   Sb124m  (b-)   Te124  2.500E+01       Sb124m  (IT)   Sb124  7.500E+01       Sb124n  (IT)   Sb124m 1.000E+02       Sb125   (b-)   Te125  7.762E+01
   Sb125   (b-)   Te125m 2.238E+01       Sb126   (b-)   Te126  1.000E+02       Sb126m  (IT)   Sb126  1.400E+01       Sb126m  (b-)   Te126  8.600E+01
   Sb126n  (IT)   Sb126m 1.000E+02       Sb127   (b-)   Te127  8.352E+01       Sb127   (b-)   Te127m 1.648E+01       Sb128   (b-)   Te128  1.000E+02
   Sb128m  (IT)   Sb128  3.600E+00       Sb128m  (b-)   Te128  9.640E+01       Sb129   (b-)   Te129  8.340E+01       Sb129   (b-)   Te129m 1.660E+01
   Sb129m  (b-)   Te129  2.000E+00       Sb129m  (b-)   Te129m 8.300E+01       Sb129m  (IT)   Sb129  1.500E+01       Sb130   (b-)   Te130  1.000E+02
   Sb130m  (b-)   Te130  1.000E+02       Sb131   (b-)   Te131  9.199E+01       Sb131   (b-)   Te131m 8.006E+00       Sb132   (b-)   Te132  1.000E+02
   Sb132m  (b-)   Te132  1.000E+02       Sb133   (b-)   Te133  8.271E+01       Sb133   (b-)   Te133m 1.729E+01       Sb134   (b-)   Te134  1.000E+02
   Sb134m  (b-)   Te134  9.991E+01       Sb134m (b-n)   Te133  4.550E-02       Sb134m (b-n)   Te133m 4.550E-02       Sb135   (b-)   Te135  8.430E+01
   Sb135  (b-n)   Te134  1.570E+01       Sb136   (b-)   Te136  8.342E+01       Sb136  (b-n)   Te135  1.630E+01       Sb136 (b-2n)   Te134  2.800E-01
   Sb137   (b-)   Te137  5.100E+01       Sb137  (b-n)   Te136  4.900E+01       Sb138   (b-)   Te138  1.000E+02       Sb139   (b-)   Te139  1.000E+02
   Te105    (a)   Sn101  5.000E+01       Te105   (b+)   Sb105  5.000E+01       Te106    (a)   Sn102  1.000E+02       Te107    (a)   Sn103  7.000E+01
   Te107   (b+)   Sb107  3.000E+01       Te108   (b+)   Sb108  4.854E+01       Te108    (a)   Sn104  4.900E+01       Te108  (b+p)   Sn107  2.400E+00
   Te108  (b+a)   In104  3.250E-02       Te108  (b+a)   In104m 3.250E-02       Te109   (b+)   Sb109  8.669E+01       Te109    (a)   Sn105  3.900E+00
   Te109  (b+p)   Sn108  9.400E+00       Te109  (b+a)   In105  2.500E-03       Te109  (b+a)   In105m 2.500E-03       Te110   (b+)   Sb110  1.000E+02
   Te110    (a)   Sn106  3.000E-03       Te111   (b+)   Sb111  1.000E+02       Te112   (b+)   Sb112  1.000E+02       Te113   (b+)   Sb113  1.000E+02
   Te114   (b+)   Sb114  1.000E+02       Te115   (b+)   Sb115  1.000E+02       Te115m  (b+)   Sb115  1.000E+02       Te116   (b+)   Sb116  1.000E+02
   Te117   (b+)   Sb117  1.000E+02       Te117m  (IT)   Te117  1.000E+02       Te118   (b+)   Sb118  1.000E+02       Te119   (b+)   Sb119  1.000E+02
   Te119m  (b+)   Sb119  1.000E+02       Te121   (b+)   Sb121  1.000E+02       Te121m  (b+)   Sb121  1.130E+01       Te121m  (IT)   Te121  8.870E+01
   Te123   (b+)   Sb123  1.000E+02       Te123m  (IT)   Te123  1.000E+02       Te125m  (IT)   Te125  1.000E+02       Te127   (b-)   I 127  1.000E+02
   Te127m  (IT)   Te127  9.760E+01       Te127m  (b-)   I 127  2.400E+00       Te128 (b-b-)   Xe128  1.000E+02       Te129   (b-)   I 129  1.000E+02
   Te129m  (b-)   I 129  3.630E+01       Te129m  (IT)   Te129  6.370E+01       Te130 (b-b-)   Xe130  1.000E+02       Te131   (b-)   I 131  1.000E+02
   Te131m  (IT)   Te131  2.100E+01       Te131m  (b-)   I 131  7.900E+01       Te132   (b-)   I 132  1.000E+02       Te133   (b-)   I 133  1.000E+02
   Te133m  (b-)   I 133  8.250E+01       Te133m  (IT)   Te133  1.750E+01       Te134   (b-)   I 134  1.000E+02       Te135   (b-)   I 135  1.000E+02
   Te136   (b-)   I 136  1.000E+02       Te137   (b-)   I 137  9.701E+01       Te137  (b-n)   I 136  1.495E+00       Te137  (b-n)   I 136m 1.495E+00
   Te138   (b-)   I 138  9.370E+01       Te138  (b-n)   I 137  6.300E+00       Te139   (b-)   I 139  1.000E+02       Te140   (b-)   I 140  1.000E+02
   Te141   (b-)   I 141  1.000E+02       Te142   (b-)   I 142  1.000E+02       I 108    (a)   Sb104  9.000E+01       I 108   (b+)   Te108  9.000E+00
   I 108    (p)   Te107  1.000E+00       I 109    (p)   Te108  1.000E+02       I 110   (b+)   Te110  7.090E+01       I 110    (a)   Sb106  1.700E+01
   I 110  (b+p)   Sb109  1.100E+01       I 110  (b+a)   Sn106  1.100E+00       I 111   (b+)   Te111  9.991E+01       I 111    (a)   Sb107  8.800E-02
   I 112   (b+)   Te112  9.902E+01       I 112    (a)   Sb108  1.200E-03       I 112  (b+p)   Sb111  8.800E-01       I 112  (b+a)   Sn108  1.000E-01
   I 113   (b+)   Te113  1.000E+02       I 113    (a)   Sb109  3.310E-07       I 114   (b+)   Te114  1.000E+02       I 114m  (b+)   Te114  9.100E+01
   I 114m  (IT)   I 114  9.000E+00       I 115   (b+)   Te115  5.000E+01       I 115   (b+)   Te115m 5.000E+01       I 116   (b+)   Te116  1.000E+02
   I 117   (b+)   Te117  1.000E+02       I 118   (b+)   Te118  1.000E+02       I 118m  (b+)   Te118  1.000E+02       I 119   (b+)   Te119  9.905E+01
   I 119   (b+)   Te119m 9.491E-01       I 120   (b+)   Te120  1.000E+02       I 120m  (b+)   Te120  1.000E+02       I 121   (b+)   Te121  9.971E+01
   I 121   (b+)   Te121m 2.853E-01       I 122   (b+)   Te122  1.000E+02       I 123   (b+)   Te123  1.000E+02       I 124   (b+)   Te124  1.000E+02
   I 125   (b+)   Te125  1.000E+02       I 126   (b-)   Xe126  4.370E+01       I 126   (b+)   Te126  5.630E+01       I 128   (b+)   Te128  6.900E+00
   I 128   (b-)   Xe128  9.310E+01       I 129   (b-)   Xe129  1.000E+02       I 130   (b-)   Xe130  1.000E+02       I 130m  (b-)   Xe130  1.670E+01
   I 130m  (IT)   I 130  8.330E+01       I 131   (b-)   Xe131  9.891E+01       I 131   (b-)   Xe131m 1.086E+00       I 132   (b-)   Xe132  1.000E+02
   I 132m  (IT)   I 132  8.600E+01       I 132m  (b-)   Xe132  1.400E+01       I 133   (b-)   Xe133  9.715E+01       I 133   (b-)   Xe133m 2.846E+00
   I 133m  (IT)   I 133  1.000E+02       I 134   (b-)   Xe134  1.000E+02       I 134m  (IT)   I 134  9.770E+01       I 134m  (b-)   Xe134m 2.300E+00
   I 135   (b-)   Xe135  8.349E+01       I 135   (b-)   Xe135m 1.651E+01       I 136   (b-)   Xe136  1.000E+02       I 136m  (b-)   Xe136  1.000E+02
   I 137   (b-)   Xe137  9.350E+01       I 137  (b-n)   Xe136  6.500E+00       I 138   (b-)   Xe138  9.470E+01       I 138  (b-n)   Xe137  5.300E+00
   I 139   (b-)   Xe139  9.020E+01       I 139  (b-n)   Xe138  9.800E+00       I 140   (b-)   Xe140  9.070E+01       I 140  (b-n)   Xe139  9.300E+00
   I 141   (b-)   Xe141  7.900E+01       I 141  (b-n)   Xe140  2.100E+01       I 142   (b-)   Xe142  7.500E+01       I 142  (b-n)   Xe141  2.500E+01
   I 143   (b-)   Xe143  6.000E+01       I 143  (b-n)   Xe142  4.000E+01       I 144   (b-)   Xe144  6.000E+01       I 144  (b-n)   Xe143  4.000E+01
   Xe110    (a)   Te106  6.400E+01       Xe110   (b+)   I 110  3.600E+01       Xe111   (b+)   I 111  9.000E+01       Xe111    (a)   Te107  1.000E+01
   Xe112   (b+)   I 112  9.910E+01       Xe112    (a)   Te108  9.000E-01       Xe113   (b+)   I 113  9.298E+01       Xe113    (a)   Te109  1.100E-02
   Xe113  (b+p)   Te112  7.000E+00       Xe113  (b+a)   Sb109  7.000E-03       Xe114   (b+)   I 114  1.000E+02       Xe115   (b+)   I 115  9.966E+01
   Xe115  (b+p)   Te114  3.400E-01       Xe115  (b+a)   Sb111  3.000E-04       Xe116   (b+)   I 116  1.000E+02       Xe117   (b+)   I 117  1.000E+02
   Xe118   (b+)   I 118  1.000E+02       Xe119   (b+)   I 119  1.000E+02       Xe120   (b+)   I 120  1.000E+02       Xe121   (b+)   I 121  1.000E+02
   Xe122   (b+)   I 122  1.000E+02       Xe123   (b+)   I 123  1.000E+02       Xe124 (b+b+)   Te124  1.000E+02       Xe125   (b+)   I 125  1.000E+02
   Xe125m  (IT)   Xe125  1.000E+02       Xe127   (b+)   I 127  1.000E+02       Xe127m  (IT)   Xe127  1.000E+02       Xe129m  (IT)   Xe129  1.000E+02
   Xe131m  (IT)   Xe131  1.000E+02       Xe132m  (IT)   Xe132  1.000E+02       Xe133   (b-)   Cs133  1.000E+02       Xe133m  (IT)   Xe133  1.000E+02
   Xe134 (b-b-)   Ba134  1.000E+02       Xe134m  (IT)   Xe134  1.000E+02       Xe135   (b-)   Cs135  1.000E+02       Xe135m  (IT)   Xe135  9.940E+01
   Xe135m  (b-)   Cs135  6.000E-01       Xe136 (b-b-)   Ba136  1.000E+02       Xe137   (b-)   Cs137  1.000E+02       Xe138   (b-)   Cs138  1.000E+02
   Xe139   (b-)   Cs139  1.000E+02       Xe140   (b-)   Cs140  1.000E+02       Xe141   (b-)   Cs141  9.996E+01       Xe141  (b-n)   Cs140  4.400E-02
   Xe142   (b-)   Cs142  9.964E+01       Xe142  (b-n)   Cs141  3.600E-01       Xe143   (b-)   Cs143  9.900E+01       Xe143  (b-n)   Cs142  1.000E+00
   Xe144   (b-)   Cs144  9.700E+01       Xe144  (b-n)   Cs143  3.000E+00       Xe145   (b-)   Cs145  9.500E+01       Xe145  (b-n)   Cs144  2.500E+00
   Xe145  (b-n)   Cs144m 2.500E+00       Xe146   (b-)   Cs146  9.310E+01       Xe146  (b-n)   Cs145  6.900E+00       Xe147   (b-)   Cs147  9.600E+01
   Xe147  (b-n)   Cs146  4.000E+00       Cs112    (p)   Xe111  1.000E+02       Cs113    (p)   Xe112  1.000E+02       Cs114   (b+)   Xe114  9.109E+01
   Cs114  (b+p)   I 113  8.700E+00       Cs114  (b+a)   Te110  1.900E-01       Cs114    (a)   I 110  1.800E-02       Cs115   (b+)   Xe115  9.993E+01
   Cs115  (b+p)   I 114  3.500E-02       Cs115  (b+p)   I 114m 3.500E-02       Cs116   (b+)   Xe116  9.967E+01       Cs116  (b+p)   I 115  2.800E-01
   Cs116  (b+a)   Te112  4.900E-02       Cs116m  (b+)   Xe116  9.948E+01       Cs116m (b+p)   I 115  5.100E-01       Cs116m (b+a)   Te112  8.000E-03
   Cs117   (b+)   Xe117  1.000E+02       Cs117m  (b+)   Xe117  1.000E+02       Cs118   (b+)   Xe118  9.998E+01       Cs118  (b+p)   I 117  2.100E-02
   Cs118  (b+a)   Te114  1.200E-03       Cs118m  (b+)   Xe118  9.998E+01       Cs118m (b+p)   I 117  2.100E-02       Cs118m (b+a)   Te114  1.200E-03
   Cs119   (b+)   Xe119  1.000E+02       Cs119  (b+a)   Te115  1.000E-06       Cs119  (b+a)   Te115m 1.000E-06       Cs119m  (b+)   Xe119  1.000E+02
   Cs120   (b+)   Xe120  1.000E+02       Cs120  (b+a)   Te116  2.000E-05       Cs120  (b+p)   I 119  7.000E-06       Cs120m  (b+)   Xe120  1.000E+02
   Cs120m (b+a)   Te116  2.000E-05       Cs120m (b+p)   I 119  7.000E-06       Cs121   (b+)   Xe121  1.000E+02       Cs121m  (b+)   Xe121  8.300E+01
   Cs121m  (IT)   Cs121  1.700E+01       Cs122   (b+)   Xe122  1.000E+02       Cs122m  (b+)   Xe122  1.000E+02       Cs122n  (IT)   Cs122  1.000E+02
   Cs123   (b+)   Xe123  1.000E+02       Cs123m  (IT)   Cs123  1.000E+02       Cs124   (b+)   Xe124  1.000E+02       Cs124m  (IT)   Cs124  1.000E+02
   Cs125   (b+)   Xe125  1.000E+02       Cs125m  (IT)   Cs125  1.000E+02       Cs126   (b+)   Xe126  1.000E+02       Cs127   (b+)   Xe127  1.000E+02
   Cs128   (b+)   Xe128  1.000E+02       Cs129   (b+)   Xe129  1.000E+02       Cs130   (b+)   Xe130  9.840E+01       Cs130   (b-)   Ba130  1.600E+00
   Cs130m  (IT)   Cs130  9.984E+01       Cs130m  (b+)   Xe130  1.600E-01       Cs131   (b+)   Xe131  1.000E+02       Cs132   (b-)   Ba132  1.800E+00
   Cs132   (b+)   Xe132  9.820E+01       Cs134   (b+)   Xe134  3.000E-04       Cs134   (b-)   Ba134  1.000E+02       Cs134m  (IT)   Cs134  1.000E+02
   Cs135   (b-)   Ba135  1.000E+02       Cs135m  (IT)   Cs135  1.000E+02       Cs136   (b-)   Ba136  1.000E+02       Cs136m  (b-)   Ba136  5.000E+01
   Cs136m  (IT)   Cs136  5.000E+01       Cs137   (b-)   Ba137  5.601E+00       Cs137   (b-)   Ba137m 9.440E+01       Cs138   (b-)   Ba138  1.000E+02
   Cs138m  (b-)   Ba138  1.900E+01       Cs138m  (IT)   Cs138  8.100E+01       Cs139   (b-)   Ba139  1.000E+02       Cs140   (b-)   Ba140  1.000E+02
   Cs141   (b-)   Ba141  1.000E+02       Cs142   (b-)   Ba142  1.000E+02       Cs143   (b-)   Ba143  9.836E+01       Cs143  (b-n)   Ba142  1.640E+00
   Cs144   (b-)   Ba144  9.680E+01       Cs144  (b-n)   Ba143  3.200E+00       Cs144m  (b-)   Ba144  5.000E+01       Cs144m  (IT)   Cs144  5.000E+01
   Cs145   (b-)   Ba145  8.570E+01       Cs145  (b-n)   Ba144  1.430E+01       Cs146   (b-)   Ba146  8.580E+01       Cs146  (b-n)   Ba145  1.420E+01
   Cs147   (b-)   Ba147  7.150E+01       Cs147  (b-n)   Ba146  2.850E+01       Cs148   (b-)   Ba148  7.490E+01       Cs148  (b-n)   Ba147  2.510E+01
   Cs149   (b-)   Ba149  1.000E+02       Cs150   (b-)   Ba150  1.000E+02       Cs151   (b-)   Ba151  1.000E+02       Ba114   (b+)   Cs114  7.910E+01
   Ba114  (b+p)   Xe113  2.000E+01       Ba114    (a)   Xe110  9.000E-01       Ba115   (b+)   Cs115  8.500E+01       Ba115  (b+p)   Xe114  1.500E+01
   Ba116   (b+)   Cs116  9.700E+01       Ba116  (b+p)   Xe115  3.000E+00       Ba117   (b+)   Cs117m 8.698E+01       Ba117  (b+p)   Xe116  1.300E+01
   Ba117  (b+a)   I 113  2.400E-02       Ba118   (b+)   Cs118  1.000E+02       Ba119   (b+)   Cs119  3.750E+01       Ba119   (b+)   Cs119m 3.750E+01
   Ba119  (b+p)   Xe118  2.500E+01       Ba120   (b+)   Cs120  1.000E+02       Ba121   (b+)   Cs121  4.999E+01       Ba121   (b+)   Cs121m 4.999E+01
   Ba121  (b+p)   Xe120  2.000E-02       Ba122   (b+)   Cs122  1.000E+02       Ba123   (b+)   Cs123  1.000E+02       Ba124   (b+)   Cs124  1.000E+02
   Ba125   (b+)   Cs125  1.000E+02       Ba126   (b+)   Cs126  1.000E+02       Ba127   (b+)   Cs127  1.000E+02       Ba127m  (IT)   Ba127  1.000E+02
   Ba128   (b+)   Cs128  1.000E+02       Ba129   (b+)   Cs129  1.000E+02       Ba129m  (b+)   Cs129  1.000E+02       Ba130m  (IT)   Ba130  1.000E+02
   Ba131   (b+)   Cs131  1.000E+02       Ba131m  (IT)   Ba131  1.000E+02       Ba133   (b+)   Cs133  1.000E+02       Ba133m  (b+)   Cs133  1.010E-02
   Ba133m  (IT)   Ba133  9.999E+01       Ba135m  (IT)   Ba135  1.000E+02       Ba136m  (IT)   Ba136  1.000E+02       Ba137m  (IT)   Ba137  1.000E+02
   Ba139   (b-)   La139  1.000E+02       Ba140   (b-)   La140  1.000E+02       Ba141   (b-)   La141  1.000E+02       Ba142   (b-)   La142  1.000E+02
   Ba143   (b-)   La143  1.000E+02       Ba144   (b-)   La144  1.000E+02       Ba145   (b-)   La145  1.000E+02       Ba146   (b-)   La146  1.000E+02
   Ba147   (b-)   La147  9.998E+01       Ba148   (b-)   La148  9.960E+01       Ba148  (b-n)   La147  4.000E-01       Ba149   (b-)   La149  9.957E+01
   Ba149  (b-n)   La148  4.300E-01       Ba150   (b-)   La150  1.000E+02       Ba151   (b-)   La151  1.000E+02       Ba152   (b-)   La152  1.000E+02
   Ba153   (b-)   La153  1.000E+02       La117    (p)   Ba116  9.400E+01       La117   (b+)   Ba117  6.000E+00       La117m   (p)   Ba116  9.700E+01
   La117m  (b+)   Ba117  3.000E+00       La118   (b+)   Ba118  1.000E+02       La119   (b+)   Ba119  1.000E+02       La120   (b+)   Ba120  1.000E+02
   La121   (b+)   Ba121  1.000E+02       La122   (b+)   Ba122  1.000E+02       La123   (b+)   Ba123  1.000E+02       La124   (b+)   Ba124  1.000E+02
   La124m  (b+)   Ba124  1.000E+02       La125   (b+)   Ba125  1.000E+02       La125m  (IT)   La125  1.000E+02       La126   (b+)   Ba126  1.000E+02
   La126m  (b+)   Ba126  1.000E+02       La127   (b+)   Ba127m 1.000E+02       La127m  (b+)   Ba127  1.000E+02       La128   (b+)   Ba128  1.000E+02
   La128m  (b+)   Ba128  1.000E+02       La129   (b+)   Ba129  9.261E+01       La129   (b+)   Ba129m 7.395E+00       La129m  (IT)   La129  1.000E+02
   La130   (b+)   Ba130  1.000E+02       La131   (b+)   Ba131  1.000E+02       La132   (b+)   Ba132  1.000E+02       La132m  (b+)   Ba132  2.400E+01
   La132m  (IT)   La132  7.600E+01       La133   (b+)   Ba133  1.000E+02       La134   (b+)   Ba134  1.000E+02       La135   (b+)   Ba135  1.000E+02
   La136   (b+)   Ba136  1.000E+02       La136m  (IT)   La136  1.000E+02       La137   (b+)   Ba137  1.000E+02       La138   (b+)   Ba138  6.560E+01
   La138   (b-)   Ce138  3.440E+01       La140   (b-)   Ce140  1.000E+02       La141   (b-)   Ce141  1.000E+02       La142   (b-)   Ce142  1.000E+02
   La143   (b-)   Ce143  1.000E+02       La144   (b-)   Ce144  1.000E+02       La145   (b-)   Ce145  1.000E+02       La146   (b-)   Ce146  1.000E+02
   La146m  (b-)   Ce146  1.000E+02       La147   (b-)   Ce147  1.000E+02       La148   (b-)   Ce148  1.000E+02       La149   (b-)   Ce149  9.860E+01
   La149  (b-n)   Ce148  1.400E+00       La150   (b-)   Ce150  9.730E+01       La150  (b-n)   Ce149  2.700E+00       La151   (b-)   Ce151  1.000E+02
   La152   (b-)   Ce152  9.396E+01       La152  (b-n)   Ce151  6.039E+00       La153   (b-)   Ce153  1.000E+02       La154   (b-)   Ce154  1.000E+02
   La155   (b-)   Ce155  1.000E+02       Ce119   (b+)   La119  1.000E+02       Ce120   (b+)   La120  1.000E+02       Ce121   (b+)   La121  9.900E+01
   Ce121  (b+p)   Ba120  1.000E+00       Ce122   (b+)   La122  1.000E+02       Ce123   (b+)   La123  1.000E+02       Ce124   (b+)   La124m 1.000E+02
   Ce125   (b+)   La125m 1.000E+02       Ce126   (b+)   La126m 1.000E+02       Ce127   (b+)   La127  5.000E+01       Ce127   (b+)   La127m 5.000E+01
   Ce127m  (b+)   La127m 1.000E+02       Ce128   (b+)   La128m 1.000E+02       Ce129   (b+)   La129  5.000E+01       Ce129   (b+)   La129m 5.000E+01
   Ce130   (b+)   La130  1.000E+02       Ce131   (b+)   La131  1.000E+02       Ce131m  (b+)   La131  1.000E+02       Ce132   (b+)   La132  1.000E+02
   Ce132m  (IT)   Ce132  1.000E+02       Ce133   (b+)   La133  1.000E+02       Ce133m  (b+)   La133  1.000E+02       Ce134   (b+)   La134  1.000E+02
   Ce135   (b+)   La135  1.000E+02       Ce135m  (IT)   Ce135  1.000E+02       Ce136 (b+b+)   Ba136  1.000E+02       Ce137   (b+)   La137  1.000E+02
   Ce137m  (b+)   La137  7.800E-01       Ce137m  (IT)   Ce137  9.922E+01       Ce138m  (IT)   Ce138  1.000E+02       Ce139   (b+)   La139  1.000E+02
   Ce139m  (IT)   Ce139  1.000E+02       Ce141   (b-)   Pr141  1.000E+02       Ce142 (b-b-)   Nd142  1.000E+02       Ce143   (b-)   Pr143  1.000E+02
   Ce144   (b-)   Pr144  9.862E+01       Ce144   (b-)   Pr144m 1.380E+00       Ce145   (b-)   Pr145  1.000E+02       Ce146   (b-)   Pr146  1.000E+02
   Ce147   (b-)   Pr147  1.000E+02       Ce148   (b-)   Pr148  1.000E+02       Ce149   (b-)   Pr149  1.000E+02       Ce150   (b-)   Pr150  1.000E+02
   Ce151   (b-)   Pr151  1.000E+02       Ce152   (b-)   Pr152  1.000E+02       Ce153   (b-)   Pr153  9.938E+01       Ce153  (b-n)   Pr152  6.219E-01
   Ce154   (b-)   Pr154  9.936E+01       Ce154  (b-n)   Pr153  6.373E-01       Ce155   (b-)   Pr155  1.000E+02       Ce156   (b-)   Pr156  1.000E+02
   Ce157   (b-)   Pr157  1.000E+02       Pr121    (p)   Ce120  5.000E+01       Pr121   (b+)   Ce121  5.000E+01       Pr122   (b+)   Ce122  1.000E+02
   Pr123   (b+)   Ce123  1.000E+02       Pr124   (b+)   Ce124  1.000E+02       Pr125   (b+)   Ce125  1.000E+02       Pr126   (b+)   Ce126  1.000E+02
   Pr127   (b+)   Ce127  5.000E+01       Pr127   (b+)   Ce127m 5.000E+01       Pr127m  (b+)   Ce127  2.500E+01       Pr127m  (b+)   Ce127m 2.500E+01
   Pr127m  (IT)   Pr127  5.000E+01       Pr128   (b+)   Ce128  1.000E+02       Pr129   (b+)   Ce129  1.000E+02       Pr129m  (IT)   Pr129  1.000E+02
   Pr130   (b+)   Ce130  1.000E+02       Pr130m  (b+)   Ce130  1.000E+02       Pr131   (b+)   Ce131  5.000E+01       Pr131   (b+)   Ce131m 5.000E+01
   Pr131m  (IT)   Pr131  9.640E+01       Pr131m  (b+)   Ce131  3.600E+00       Pr132   (b+)   Ce132  1.000E+02       Pr132m  (b+)   Ce132  5.000E+01
   Pr132m  (b+)   Ce132m 5.000E+01       Pr133   (b+)   Ce133  1.000E+02       Pr134   (b+)   Ce134  1.000E+02       Pr134m  (b+)   Ce134  1.000E+02
   Pr135   (b+)   Ce135  1.000E+02       Pr136   (b+)   Ce136  1.000E+02       Pr137   (b+)   Ce137  1.000E+02       Pr138   (b+)   Ce138  1.000E+02
   Pr138m  (b+)   Ce138  1.000E+02       Pr139   (b+)   Ce139  9.998E+01       Pr139   (b+)   Ce139m 1.640E-02       Pr140   (b+)   Ce140  1.000E+02
   Pr142   (b+)   Ce142  1.640E-02       Pr142   (b-)   Nd142  9.998E+01       Pr142m  (IT)   Pr142  1.000E+02       Pr143   (b-)   Nd143  1.000E+02
   Pr144   (b-)   Nd144  1.000E+02       Pr144m  (IT)   Pr144  9.993E+01       Pr144m  (b-)   Nd144  7.000E-02       Pr145   (b-)   Nd145  1.000E+02
   Pr146   (b-)   Nd146  1.000E+02       Pr147   (b-)   Nd147  1.000E+02       Pr148   (b-)   Nd148  1.000E+02       Pr148m  (b-)   Nd148  1.000E+02
   Pr149   (b-)   Nd149  1.000E+02       Pr150   (b-)   Nd150  1.000E+02       Pr151   (b-)   Nd151  1.000E+02       Pr152   (b-)   Nd152  1.000E+02
   Pr153   (b-)   Nd153  1.000E+02       Pr154   (b-)   Nd154  1.000E+02       Pr155   (b-)   Nd155  1.000E+02       Pr156   (b-)   Nd156  9.728E+01
   Pr156  (b-n)   Nd155  2.717E+00       Pr157   (b-)   Nd157  9.361E+01       Pr157  (b-n)   Nd156  6.387E+00       Pr158   (b-)   Nd158  1.000E+02
   Pr159   (b-)   Nd159  1.000E+02       Nd124   (b+)   Pr124  1.000E+02       Nd125   (b+)   Pr125  1.000E+02       Nd126   (b+)   Pr126  1.000E+02
   Nd127   (b+)   Pr127  1.000E+02       Nd128   (b+)   Pr128  1.000E+02       Nd129   (b+)   Pr129  1.000E+02       Nd130   (b+)   Pr130m 1.000E+02
   Nd131   (b+)   Pr131  1.000E+02       Nd132   (b+)   Pr132  1.000E+02       Nd133   (b+)   Pr133  1.000E+02       Nd133m  (b+)   Pr133  1.000E+02
   Nd134   (b+)   Pr134  1.000E+02       Nd135   (b+)   Pr135  1.000E+02       Nd135m  (b+)   Pr135  9.997E+01       Nd135m  (IT)   Nd135  3.000E-02
   Nd136   (b+)   Pr136  1.000E+02       Nd137   (b+)   Pr137  1.000E+02       Nd137m  (IT)   Nd137  1.000E+02       Nd138   (b+)   Pr138  1.000E+02
   Nd139   (b+)   Pr139  1.000E+02       Nd139m  (b+)   Pr139  8.820E+01       Nd139m  (IT)   Nd139  1.180E+01       Nd140   (b+)   Pr140  1.000E+02
   Nd141   (b+)   Pr141  1.000E+02       Nd141m  (b+)   Pr141  3.200E-02       Nd141m  (IT)   Nd141  9.997E+01       Nd144    (a)   Ce140  1.000E+02
   Nd147   (b-)   Pm147  1.000E+02       Nd148 (b-b-)   Sm148  1.000E+02       Nd149   (b-)   Pm149  1.000E+02       Nd150 (b-b-)   Sm150  1.000E+02
   Nd151   (b-)   Pm151  1.000E+02       Nd152   (b-)   Pm152  1.000E+02       Nd153   (b-)   Pm153  1.000E+02       Nd154   (b-)   Pm154  1.000E+02
   Nd155   (b-)   Pm155  1.000E+02       Nd156   (b-)   Pm156  1.000E+02       Nd157   (b-)   Pm157  1.000E+02       Nd158   (b-)   Pm158  1.000E+02
   Nd158  (b-n)   Pm157  5.300E-03       Nd159   (b-)   Pm159  9.976E+01       Nd159  (b-n)   Pm158  2.361E-01       Nd160   (b-)   Pm160  9.905E+01
   Nd160  (b-n)   Pm159  9.469E-01       Nd161   (b-)   Pm161  1.000E+02       Pm126   (b+)   Nd126  1.000E+02       Pm127   (b+)   Nd127  5.000E+01
   Pm127    (p)   Nd126  5.000E+01       Pm128   (b+)   Nd128  1.000E+02       Pm129   (b+)   Nd129  1.000E+02       Pm130   (b+)   Nd130  1.000E+02
   Pm131   (b+)   Nd131  1.000E+02       Pm132   (b+)   Nd132  1.000E+02       Pm133   (b+)   Nd133  5.000E+01       Pm133   (b+)   Nd133m 5.000E+01
   Pm133m  (b+)   Nd133  5.000E+01       Pm133m  (IT)   Pm133  5.000E+01       Pm134   (b+)   Nd134  1.000E+02       Pm134m  (b+)   Nd134  1.000E+02
   Pm135   (b+)   Nd135  1.000E+02       Pm135m  (b+)   Nd135  1.000E+02       Pm136   (b+)   Nd136  1.000E+02       Pm136m  (b+)   Nd136  1.000E+02
   Pm137   (b+)   Nd137  5.000E+01       Pm137   (b+)   Nd137m 5.000E+01       Pm137m  (b+)   Nd137  3.742E+01       Pm137m  (b+)   Nd137m 6.258E+01
   Pm138   (b+)   Nd138  1.000E+02       Pm138m  (b+)   Nd138  1.000E+02       Pm139   (b+)   Nd139  1.000E+02       Pm139m  (IT)   Pm139  9.994E+01
   Pm140   (b+)   Nd140  1.000E+02       Pm140m  (b+)   Nd140  1.000E+02       Pm141   (b+)   Nd141  9.984E+01       Pm141   (b+)   Nd141m 1.636E-01
   Pm142   (b+)   Nd142  1.000E+02       Pm142m  (IT)   Pm142  1.000E+02       Pm143   (b+)   Nd143  1.000E+02       Pm144   (b+)   Nd144  1.000E+02
   Pm145   (b+)   Nd145  1.000E+02       Pm145    (a)   Pr141  2.800E-07       Pm146   (b-)   Sm146  3.400E+01       Pm146   (b+)   Nd146  6.600E+01
   Pm147   (b-)   Sm147  1.000E+02       Pm148   (b-)   Sm148  1.000E+02       Pm148m  (b-)   Sm148  9.500E+01       Pm148m  (IT)   Pm148  5.000E+00
   Pm149   (b-)   Sm149  1.000E+02       Pm150   (b-)   Sm150  1.000E+02       Pm151   (b-)   Sm151  1.000E+02       Pm152   (b-)   Sm152  1.000E+02
   Pm152m  (b-)   Sm152  1.000E+02       Pm152n  (b-)   Sm152  1.000E+02       Pm153   (b-)   Sm153  1.000E+02       Pm154   (b-)   Sm154  1.000E+02
   Pm154m  (b-)   Sm154  1.000E+02       Pm155   (b-)   Sm155  1.000E+02       Pm156   (b-)   Sm156  1.000E+02       Pm157   (b-)   Sm157  1.000E+02
   Pm158   (b-)   Sm158  1.000E+02       Pm159   (b-)   Sm159  9.998E+01       Pm159  (b-n)   Sm158  1.850E-02       Pm160   (b-)   Sm160  9.973E+01
   Pm160  (b-n)   Sm159  2.676E-01       Pm161   (b-)   Sm161  1.000E+02       Pm162   (b-)   Sm162  1.000E+02       Pm163   (b-)   Sm163  1.000E+02
   Sm128   (b+)   Pm128  1.000E+02       Sm129   (b+)   Pm129  1.000E+02       Sm130   (b+)   Pm130  1.000E+02       Sm131   (b+)   Pm131  1.000E+02
   Sm132   (b+)   Pm132  1.000E+02       Sm133   (b+)   Pm133  1.000E+02       Sm134   (b+)   Pm134  1.000E+02       Sm135   (b+)   Pm135  4.999E+01
   Sm135   (b+)   Pm135m 4.999E+01       Sm135  (b+p)   Nd134  2.000E-02       Sm135m  (b+)   Pm135  1.000E+02       Sm136   (b+)   Pm136  1.000E+02
   Sm137   (b+)   Pm137m 1.000E+02       Sm137m  (b+)   Pm137  1.000E+02       Sm138   (b+)   Pm138m 1.000E+02       Sm139   (b+)   Pm139  1.000E+02
   Sm139m  (b+)   Pm139  6.300E+00       Sm139m  (IT)   Sm139  9.370E+01       Sm140   (b+)   Pm140  1.000E+02       Sm141   (b+)   Pm141  1.000E+02
   Sm141m  (b+)   Pm141  9.969E+01       Sm141m  (IT)   Sm141  3.100E-01       Sm142   (b+)   Pm142  1.000E+02       Sm143   (b+)   Pm143  1.000E+02
   Sm143m  (b+)   Pm143  2.400E-01       Sm143m  (IT)   Sm143  9.976E+01       Sm143n  (IT)   Sm143m 1.000E+02       Sm145   (b+)   Pm145  1.000E+02
   Sm146    (a)   Nd142  1.000E+02       Sm147    (a)   Nd143  1.000E+02       Sm148    (a)   Nd144  1.000E+02       Sm149    (a)   Nd145  1.000E+02
   Sm151   (b-)   Eu151  1.000E+02       Sm153   (b-)   Eu153  1.000E+02       Sm153m  (IT)   Sm153  1.000E+02       Sm155   (b-)   Eu155  1.000E+02
   Sm156   (b-)   Eu156  1.000E+02       Sm157   (b-)   Eu157  1.000E+02       Sm158   (b-)   Eu158  1.000E+02       Sm159   (b-)   Eu159  1.000E+02
   Sm160   (b-)   Eu160  1.000E+02       Sm161   (b-)   Eu161  1.000E+02       Sm162   (b-)   Eu162  1.000E+02       Sm163   (b-)   Eu163  1.000E+02
   Sm164   (b-)   Eu164  1.000E+02       Sm165   (b-)   Eu165  1.000E+02       Eu130    (p)   Sm129  9.900E+01       Eu130   (b+)   Sm130  1.000E+00
   Eu131    (p)   Sm130  8.800E+01       Eu131   (b+)   Sm131  1.200E+01       Eu132   (b+)   Sm132  1.000E+02       Eu133   (b+)   Sm133  1.000E+02
   Eu134   (b+)   Sm134  1.000E+02       Eu135   (b+)   Sm135  1.000E+02       Eu136   (b+)   Sm136  1.000E+02       Eu136m  (b+)   Sm136  9.991E+01
   Eu136m (b+p)   Pm135  4.500E-02       Eu136m (b+p)   Pm135m 4.500E-02       Eu137   (b+)   Sm137  1.000E+02       Eu138   (b+)   Sm138  1.000E+02
   Eu139   (b+)   Sm139  1.000E+02       Eu140   (b+)   Sm140  1.000E+02       Eu140m  (IT)   Eu140  9.900E+01       Eu140m  (b+)   Sm140  1.000E+00
   Eu141   (b+)   Sm141  9.823E+01       Eu141   (b+)   Sm141m 1.769E+00       Eu141m  (b+)   Sm141  6.700E+01       Eu141m  (IT)   Eu141  3.300E+01
   Eu142   (b+)   Sm142  1.000E+02       Eu142m  (b+)   Sm142  1.000E+02       Eu143   (b+)   Sm143  9.988E+01       Eu143   (b+)   Sm143m 1.201E-01
   Eu144   (b+)   Sm144  1.000E+02       Eu145   (b+)   Sm145  1.000E+02       Eu146   (b+)   Sm146  1.000E+02       Eu147    (a)   Pm143  2.200E-03
   Eu147   (b+)   Sm147  1.000E+02       Eu148   (b+)   Sm148  1.000E+02       Eu149   (b+)   Sm149  1.000E+02       Eu150   (b+)   Sm150  1.000E+02
   Eu150m  (b-)   Gd150  8.800E+01       Eu150m  (b+)   Sm150  1.200E+01       Eu152   (b+)   Sm152  7.210E+01       Eu152   (b-)   Gd152  2.790E+01
   Eu152m  (b-)   Gd152  7.200E+01       Eu152m  (b+)   Sm152  2.800E+01       Eu152n  (IT)   Eu152  1.000E+02       Eu154   (b-)   Gd154  9.998E+01
   Eu154   (b+)   Sm154  2.000E-02       Eu154m  (IT)   Eu154  1.000E+02       Eu155   (b-)   Gd155  1.000E+02       Eu156   (b-)   Gd156  1.000E+02
   Eu157   (b-)   Gd157  1.000E+02       Eu158   (b-)   Gd158  1.000E+02       Eu159   (b-)   Gd159  1.000E+02       Eu160   (b-)   Gd160  1.000E+02
   Eu161   (b-)   Gd161  1.000E+02       Eu162   (b-)   Gd162  1.000E+02       Eu163   (b-)   Gd163  1.000E+02       Eu164   (b-)   Gd164  1.000E+02
   Eu165   (b-)   Gd165  1.000E+02       Eu166   (b-)   Gd166  1.000E+02       Eu167   (b-)   Gd167  1.000E+02       Gd134   (b+)   Eu134  1.000E+02
   Gd135   (b+)   Eu135  9.800E+01       Gd135  (b+p)   Sm134  2.000E+00       Gd136   (b+)   Eu136m 1.000E+02       Gd137   (b+)   Eu137  1.000E+02
   Gd138   (b+)   Eu138  1.000E+02       Gd139   (b+)   Eu139  1.000E+02       Gd139m  (b+)   Eu139  1.000E+02       Gd140   (b+)   Eu140  1.000E+02
   Gd141   (b+)   Eu141  1.000E+02       Gd141m  (b+)   Eu141m 8.900E+01       Gd141m  (IT)   Gd141  1.100E+01       Gd142   (b+)   Eu142  1.000E+02
   Gd143   (b+)   Eu143  1.000E+02       Gd143m  (b+)   Eu143  1.000E+02       Gd144   (b+)   Eu144  1.000E+02       Gd145   (b+)   Eu145  1.000E+02
   Gd145m  (b+)   Eu145  5.700E+00       Gd145m  (IT)   Gd145  9.430E+01       Gd146   (b+)   Eu146  1.000E+02       Gd147   (b+)   Eu147  1.000E+02
   Gd148    (a)   Sm144  1.000E+02       Gd149   (b+)   Eu149  1.000E+02       Gd150    (a)   Sm146  1.000E+02       Gd151   (b+)   Eu151  1.000E+02
   Gd151    (a)   Sm147  1.000E-06       Gd152    (a)   Sm148  1.000E+02       Gd153   (b+)   Eu153  1.000E+02       Gd155m  (IT)   Gd155  1.000E+02
   Gd159   (b-)   Tb159  1.000E+02       Gd160 (b-b-)   Dy160  1.000E+02       Gd161   (b-)   Tb161  1.000E+02       Gd162   (b-)   Tb162  1.000E+02
   Gd163   (b-)   Tb163  1.000E+02       Gd164   (b-)   Tb164  1.000E+02       Gd165   (b-)   Tb165  1.000E+02       Gd166   (b-)   Tb166  1.000E+02
   Gd167   (b-)   Tb167  1.000E+02       Gd168   (b-)   Tb168  1.000E+02       Gd169   (b-)   Tb169  1.000E+02       Tb136   (b+)   Gd136  1.000E+02
   Tb137    (p)   Gd136  5.000E+01       Tb137   (b+)   Gd137  5.000E+01       Tb138   (b+)   Gd138  1.000E+02       Tb139   (b+)   Gd139  1.000E+02
   Tb140   (b+)   Gd140  9.974E+01       Tb140  (b+p)   Eu139  2.600E-01       Tb141   (b+)   Gd141  5.000E+01       Tb141   (b+)   Gd141m 5.000E+01
   Tb141m  (b+)   Gd141m 1.000E+02       Tb142   (b+)   Gd142  1.000E+02       Tb142m  (IT)   Tb142  9.950E+01       Tb142m  (b+)   Gd142  5.000E-01
   Tb143   (b+)   Gd143m 1.000E+02       Tb143m  (b+)   Gd143  5.000E+01       Tb143m  (b+)   Gd143m 5.000E+01       Tb144   (b+)   Gd144  1.000E+02
   Tb144m  (b+)   Gd144  3.400E+01       Tb144m  (IT)   Tb144  6.600E+01       Tb145   (b+)   Gd145  1.000E+02       Tb145m  (b+)   Gd145  1.000E+02
   Tb146   (b+)   Gd146  1.000E+02       Tb146m  (b+)   Gd146  1.000E+02       Tb146n  (IT)   Tb146m 1.000E+02       Tb147   (b+)   Gd147  1.000E+02
   Tb147m  (b+)   Gd147  1.000E+02       Tb148   (b+)   Gd148  1.000E+02       Tb148m  (b+)   Gd148  1.000E+02       Tb149    (a)   Eu145  1.670E+01
   Tb149   (b+)   Gd149  8.330E+01       Tb149m  (b+)   Gd149  9.998E+01       Tb149m   (a)   Eu145  2.200E-02       Tb150   (b+)   Gd150  9.500E+01
   Tb150    (a)   Eu146  5.000E+00       Tb150m  (b+)   Gd150  1.000E+02       Tb151    (a)   Eu147  9.500E-03       Tb151   (b+)   Gd151  1.000E+02
   Tb151m  (b+)   Gd151  6.600E+00       Tb151m  (IT)   Tb151  9.340E+01       Tb152   (b+)   Gd152  1.000E+02       Tb152m  (b+)   Gd152  2.110E+01
   Tb152m  (IT)   Tb152  7.890E+01       Tb153   (b+)   Gd153  1.000E+02       Tb154   (b+)   Gd154  1.000E+02       Tb154m  (b+)   Gd154  7.820E+01
   Tb154m  (IT)   Tb154  2.180E+01       Tb154n  (b+)   Gd154  9.820E+01       Tb154n  (IT)   Tb154  1.800E+00       Tb155   (b+)   Gd155  1.000E+02
   Tb156   (b+)   Gd156  1.000E+02       Tb156m  (IT)   Tb156  1.000E+02       Tb156n  (b+)   Gd156  1.900E-01       Tb156n  (IT)   Tb156  9.981E+01
   Tb157   (b+)   Gd157  1.000E+02       Tb158   (b-)   Dy158  1.680E+01       Tb158   (b+)   Gd158  8.320E+01       Tb158m  (IT)   Tb158  1.000E+02
   Tb160   (b-)   Dy160  1.000E+02       Tb161   (b-)   Dy161  1.000E+02       Tb162   (b-)   Dy162  1.000E+02       Tb163   (b-)   Dy163  1.000E+02
   Tb164   (b-)   Dy164  1.000E+02       Tb165   (b-)   Dy165  1.000E+02       Tb166   (b-)   Dy166  1.000E+02       Tb167   (b-)   Dy167  1.000E+02
   Tb168   (b-)   Dy168  1.000E+02       Tb169   (b-)   Dy169  1.000E+02       Tb170   (b-)   Dy170  1.000E+02       Tb171   (b-)   Dy171  1.000E+02
   Dy138   (b+)   Tb138  1.000E+02       Dy139   (b+)   Tb139  1.000E+02       Dy140   (b+)   Tb140  1.000E+02       Dy141   (b+)   Tb141  5.000E+01
   Dy141   (b+)   Tb141m 5.000E+01       Dy142   (b+)   Tb142  9.994E+01       Dy142  (b+p)   Gd141  3.000E-02       Dy142  (b+p)   Gd141m 3.000E-02
   Dy143   (b+)   Tb143m 1.000E+02       Dy143m  (b+)   Tb143  1.000E+02       Dy144   (b+)   Tb144  1.000E+02       Dy145   (b+)   Tb145  1.000E+02
   Dy145m  (b+)   Tb145  3.540E+01       Dy145m  (b+)   Tb145m 6.460E+01       Dy146   (b+)   Tb146  1.000E+02       Dy146m  (IT)   Dy146  1.000E+02
   Dy147   (b+)   Tb147  9.995E+01       Dy147  (b+p)   Gd146  5.000E-02       Dy147m  (b+)   Tb147  6.000E+01       Dy147m  (IT)   Dy147  4.000E+01
   Dy148   (b+)   Tb148  1.000E+02       Dy149   (b+)   Tb149  1.000E+02       Dy149m  (IT)   Dy149  9.930E+01       Dy149m  (b+)   Tb149m 7.000E-01
   Dy150   (b+)   Tb150  6.400E+01       Dy150    (a)   Gd146  3.600E+01       Dy151   (b+)   Tb151  9.440E+01       Dy151    (a)   Gd147  5.600E+00
   Dy152    (a)   Gd148  1.000E-01       Dy152   (b+)   Tb152  9.990E+01       Dy153    (a)   Gd149  9.400E-03       Dy153   (b+)   Tb153  1.000E+02
   Dy154    (a)   Gd150  1.000E+02       Dy155   (b+)   Tb155  1.000E+02       Dy156    (a)   Gd152  5.000E+01       Dy156 (b+b+)   Gd156  5.000E+01
   Dy157   (b+)   Tb157  1.000E+02       Dy157m  (IT)   Dy157  1.000E+02       Dy159   (b+)   Tb159  1.000E+02       Dy165   (b-)   Ho165  1.000E+02
   Dy165m  (b-)   Ho165  2.400E+00       Dy165m  (IT)   Dy165  9.760E+01       Dy166   (b-)   Ho166  1.000E+02       Dy167   (b-)   Ho167  1.000E+02
   Dy168   (b-)   Ho168  1.000E+02       Dy169   (b-)   Ho169  1.000E+02       Dy170   (b-)   Ho170m 1.000E+02       Dy171   (b-)   Ho171  1.000E+02
   Dy172   (b-)   Ho172  1.000E+02       Dy173   (b-)   Ho173  1.000E+02       Ho140    (p)   Dy139  9.900E+01       Ho140   (b+)   Dy140  1.000E+00
   Ho141    (p)   Dy140  1.000E+02       Ho142   (b+)   Dy142  1.000E+02       Ho143   (b+)   Dy143m 1.000E+02       Ho144   (b+)   Dy144  1.000E+02
   Ho145   (b+)   Dy145m 1.000E+02       Ho145m  (b+)   Dy145  5.000E+01       Ho145m  (IT)   Ho145  5.000E+01       Ho146   (b+)   Dy146m 1.000E+02
   Ho147   (b+)   Dy147m 1.000E+02       Ho148   (b+)   Dy148  1.000E+02       Ho148m  (IT)   Ho148  1.000E+02       Ho148n  (IT)   Ho148m 1.000E+02
   Ho149   (b+)   Dy149  1.000E+02       Ho149m  (b+)   Dy149  1.000E+02       Ho150   (b+)   Dy150  1.000E+02       Ho150m  (b+)   Dy150  1.000E+02
   Ho151   (b+)   Dy151  7.800E+01       Ho151    (a)   Tb147m 2.200E+01       Ho151m   (a)   Tb147  7.700E+01       Ho151m  (b+)   Dy151  2.300E+01
   Ho152   (b+)   Dy152  8.800E+01       Ho152    (a)   Tb148  1.200E+01       Ho152m  (b+)   Dy152  8.920E+01       Ho152m   (a)   Tb148  1.080E+01
   Ho153    (a)   Tb149  5.100E-02       Ho153   (b+)   Dy153  9.995E+01       Ho153m  (b+)   Dy153  9.982E+01       Ho153m   (a)   Tb149  1.800E-01
   Ho154   (b+)   Dy154  9.998E+01       Ho154    (a)   Tb150  1.900E-02       Ho154m  (b+)   Dy154  9.998E+01       Ho154m   (a)   Tb150  1.700E-02
   Ho155   (b+)   Dy155  1.000E+02       Ho156   (b+)   Dy156  1.000E+02       Ho156m  (IT)   Ho156  5.000E+01       Ho156m  (b+)   Dy156  5.000E+01
   Ho156n  (b+)   Dy156  7.500E+01       Ho156n  (IT)   Ho156  2.500E+01       Ho157   (b+)   Dy157  1.000E+02       Ho158   (b+)   Dy158  1.000E+02
   Ho158m  (IT)   Ho158  1.000E+02       Ho158n  (b+)   Dy158  1.000E+02       Ho159   (b+)   Dy159  1.000E+02       Ho159m  (IT)   Ho159  1.000E+02
   Ho160   (b+)   Dy160  1.000E+02       Ho160m  (IT)   Ho160  6.500E+01       Ho160m  (b+)   Dy160  3.500E+01       Ho160n  (IT)   Ho160  1.000E+02
   Ho161   (b+)   Dy161  1.000E+02       Ho161m  (IT)   Ho161  1.000E+02       Ho162   (b+)   Dy162  1.000E+02       Ho162m  (b+)   Dy162  4.500E+01
   Ho162m  (IT)   Ho162  5.500E+01       Ho163   (b+)   Dy163  1.000E+02       Ho163m  (IT)   Ho163  1.000E+02       Ho164   (b-)   Er164  5.170E+01
   Ho164   (b+)   Dy164  4.830E+01       Ho164m  (IT)   Ho164  1.000E+02       Ho166   (b-)   Er166  1.000E+02       Ho166m  (b-)   Er166  1.000E+02
   Ho167   (b-)   Er167  8.805E+01       Ho167   (b-)   Er167m 1.195E+01       Ho168   (b-)   Er168  1.000E+02       Ho168m  (IT)   Ho168  9.950E+01
   Ho168m  (b-)   Er168  5.000E-01       Ho169   (b-)   Er169  1.000E+02       Ho170   (b-)   Er170  1.000E+02       Ho170m  (b-)   Er170  1.000E+02
   Ho171   (b-)   Er171  1.000E+02       Ho172   (b-)   Er172  1.000E+02       Ho173   (b-)   Er173  1.000E+02       Ho174   (b-)   Er174  1.000E+02
   Ho175   (b-)   Er175  1.000E+02       Er143   (b+)   Ho143  1.000E+02       Er144   (b+)   Ho144  1.000E+02       Er145   (b+)   Ho145m 1.000E+02
   Er146   (b+)   Ho146  1.000E+02       Er147   (b+)   Ho147  1.000E+02       Er147m  (b+)   Ho147  1.000E+02       Er148   (b+)   Ho148  9.985E+01
   Er148  (b+p)   Dy147  7.500E-02       Er148  (b+p)   Dy147m 7.500E-02       Er149   (b+)   Ho149m 9.300E+01       Er149  (b+p)   Dy148  7.000E+00
   Er149m  (b+)   Ho149  9.632E+01       Er149m  (IT)   Er149  3.500E+00       Er149m (b+p)   Dy148  1.800E-01       Er150   (b+)   Ho150  1.000E+02
   Er151   (b+)   Ho151  1.000E+02       Er151m  (IT)   Er151  9.530E+01       Er151m  (b+)   Ho151  4.700E+00       Er152    (a)   Dy148  9.100E+01
   Er152   (b+)   Ho152  1.000E+01       Er153    (a)   Dy149  5.300E+01       Er153   (b+)   Ho153  4.700E+01       Er154    (a)   Dy150  4.700E-01
   Er154   (b+)   Ho154  9.953E+01       Er155   (b+)   Ho155  9.998E+01       Er155    (a)   Dy151  2.200E-02       Er156   (b+)   Ho156  4.588E+00
   Er156   (b+)   Ho156m 9.541E+01       Er157   (b+)   Ho157  1.000E+02       Er157m  (IT)   Er157  1.000E+02       Er158   (b+)   Ho158  1.000E+02
   Er159   (b+)   Ho159  7.643E+01       Er159   (b+)   Ho159m 2.357E+01       Er160   (b+)   Ho160m 1.000E+02       Er161   (b+)   Ho161  1.000E+02
   Er162    (a)   Dy158  5.000E+01       Er162 (b+b+)   Dy162  5.000E+01       Er163   (b+)   Ho163  9.998E+01       Er163   (b+)   Ho163m 1.529E-02
   Er165   (b+)   Ho165  1.000E+02       Er167m  (IT)   Er167  1.000E+02       Er169   (b-)   Tm169  1.000E+02       Er171   (b-)   Tm171  1.000E+02
   Er172   (b-)   Tm172  1.000E+02       Er173   (b-)   Tm173  1.000E+02       Er174   (b-)   Tm174  1.000E+02       Er175   (b-)   Tm175  1.000E+02
   Er176   (b-)   Tm176  1.000E+02       Er177   (b-)   Tm177  1.000E+02       Tm145    (p)   Er144  1.000E+02       Tm146    (p)   Er145  1.000E+02
   Tm146m   (p)   Er145  8.400E+01       Tm146m  (b+)   Er146  1.600E+01       Tm147   (b+)   Er147m 8.500E+01       Tm147    (p)   Er146  1.500E+01
   Tm148   (b+)   Er148  1.000E+02       Tm149   (b+)   Er149m 9.974E+01       Tm149  (b+p)   Ho148  8.684E-02       Tm149  (b+p)   Ho148m 8.658E-02
   Tm149  (b+p)   Ho148n 8.658E-02       Tm150   (b+)   Er150  1.000E+02       Tm150m  (b+)   Er150  9.880E+01       Tm150m (b+p)   Ho149  6.000E-01
   Tm150m (b+p)   Ho149m 6.000E-01       Tm150n  (IT)   Tm150m 1.000E+02       Tm151   (b+)   Er151  1.000E+02       Tm151m  (b+)   Er151  1.000E+02
   Tm152   (b+)   Er152  1.000E+02       Tm152m  (b+)   Er152  1.000E+02       Tm153    (a)   Ho149  9.100E+01       Tm153   (b+)   Er153  9.000E+00
   Tm153m   (a)   Ho149m 9.200E+01       Tm153m  (b+)   Er153  8.000E+00       Tm154    (a)   Ho150  5.400E+01       Tm154   (b+)   Er154  4.600E+01
   Tm154m   (a)   Ho150m 5.800E+01       Tm154m  (b+)   Er154  4.200E+01       Tm155   (b+)   Er155  9.910E+01       Tm155    (a)   Ho151  9.000E-01
   Tm155m  (b+)   Er155  9.800E+01       Tm155m   (a)   Ho151m 2.000E+00       Tm156   (b+)   Er156  9.994E+01       Tm156    (a)   Ho152  6.400E-02
   Tm157   (b+)   Er157  1.000E+02       Tm158   (b+)   Er158  1.000E+02       Tm159   (b+)   Er159  1.000E+02       Tm160   (b+)   Er160  1.000E+02
   Tm160m  (IT)   Tm160  8.500E+01       Tm160m  (b+)   Er160  1.500E+01       Tm161   (b+)   Er161  1.000E+02       Tm161m  (b+)   Er161  5.000E+01
   Tm161m  (IT)   Tm161  5.000E+01       Tm162   (b+)   Er162  1.000E+02       Tm162m  (b+)   Er162  1.800E+01       Tm162m  (IT)   Tm162  8.200E+01
   Tm163   (b+)   Er163  1.000E+02       Tm164   (b+)   Er164  1.000E+02       Tm164m  (IT)   Tm164  8.000E+01       Tm164m  (b+)   Er164  2.000E+01
   Tm165   (b+)   Er165  1.000E+02       Tm166   (b+)   Er166  1.000E+02       Tm166m  (IT)   Tm166  1.000E+02       Tm167   (b+)   Er167m 9.825E+01
   Tm167   (b+)   Er167  1.750E+00       Tm168   (b+)   Er168  9.999E+01       Tm168   (b-)   Yb168  1.000E-02       Tm170   (b-)   Yb170  9.986E+01
   Tm170   (b+)   Er170  1.380E-01       Tm171   (b-)   Yb171  1.000E+02       Tm172   (b-)   Yb172  1.000E+02       Tm173   (b-)   Yb173  1.000E+02
   Tm174   (b-)   Yb174  1.000E+02       Tm175   (b-)   Yb175  1.000E+02       Tm176   (b-)   Yb176  1.000E+02       Tm177   (b-)   Yb177m 1.000E+02
   Tm178   (b-)   Yb178  1.000E+02       Tm179   (b-)   Yb179  1.000E+02       Yb148   (b+)   Tm148  1.000E+02       Yb149   (b+)   Tm149  1.000E+02
   Yb150   (b+)   Tm150  1.000E+02       Yb151   (b+)   Tm151m 1.000E+02       Yb151m  (b+)   Tm151  9.960E+01       Yb151m  (IT)   Yb151  4.000E-01
   Yb152   (b+)   Tm152  1.000E+02       Yb153   (b+)   Tm153  2.500E+01       Yb153   (b+)   Tm153m 2.500E+01       Yb153    (a)   Er149  2.500E+01
   Yb153    (a)   Er149m 2.500E+01       Yb153  (b+p)   Er152  8.000E-03       Yb154    (a)   Er150  9.260E+01       Yb154   (b+)   Tm154  7.400E+00
   Yb155    (a)   Er151  8.900E+01       Yb155   (b+)   Tm155  5.500E+00       Yb155   (b+)   Tm155m 5.500E+00       Yb156   (b+)   Tm156  9.000E+01
   Yb156    (a)   Er152  1.000E+01       Yb157   (b+)   Tm157  9.950E+01       Yb157    (a)   Er153  5.000E-01       Yb158   (b+)   Tm158  1.000E+02
   Yb158    (a)   Er154  2.100E-03       Yb159   (b+)   Tm159  1.000E+02       Yb160   (b+)   Tm160  1.000E+02       Yb161   (b+)   Tm161  1.000E+02
   Yb162   (b+)   Tm162  1.000E+02       Yb163   (b+)   Tm163  1.000E+02       Yb164   (b+)   Tm164  1.000E+02       Yb165   (b+)   Tm165  1.000E+02
   Yb166   (b+)   Tm166  1.000E+02       Yb167   (b+)   Tm167  1.000E+02       Yb168    (a)   Er164  5.000E+01       Yb168 (b+b+)   Er168  5.000E+01
   Yb169   (b+)   Tm169  1.000E+02       Yb169m  (IT)   Yb169  1.000E+02       Yb171m  (IT)   Yb171  1.000E+02       Yb175   (b-)   Lu175  1.000E+02
   Yb175m  (IT)   Yb175  1.000E+02       Yb176m  (IT)   Yb176  1.000E+02       Yb177   (b-)   Lu177  1.000E+02       Yb177m  (IT)   Yb177  1.000E+02
   Yb178   (b-)   Lu178  1.000E+02       Yb179   (b-)   Lu179  1.000E+02       Yb180   (b-)   Lu180m 1.000E+02       Yb181   (b-)   Lu181  1.000E+02
   Lu150    (p)   Yb149  7.000E+01       Lu150   (b+)   Yb150  3.000E+01       Lu151    (p)   Yb150  6.300E+01       Lu151   (b+)   Yb151m 3.700E+01
   Lu152   (b+)   Yb152  8.500E+01       Lu152  (b+p)   Tm151  7.500E+00       Lu152  (b+p)   Tm151m 7.500E+00       Lu153    (a)   Tm149  7.000E+01
   Lu153   (b+)   Yb153  3.000E+01       Lu153m  (b+)   Yb153  5.000E+01       Lu153m   (a)   Tm149  5.000E+01       Lu154   (b+)   Yb154  1.000E+02
   Lu154m  (b+)   Yb154  1.000E+02       Lu154m   (a)   Tm150n 2.000E-03       Lu155    (a)   Tm151  9.000E+01       Lu155   (b+)   Yb155  1.000E+01
   Lu155m   (a)   Tm151m 7.600E+01       Lu155m  (b+)   Yb155  2.400E+01       Lu155n   (a)   Tm151  5.000E+01       Lu155n   (a)   Tm151m 5.000E+01
   Lu156    (a)   Tm152  9.500E+01       Lu156   (b+)   Yb156  5.000E+00       Lu156m   (a)   Tm152m 9.400E+01       Lu156m  (b+)   Yb156  6.000E+00
   Lu157   (b+)   Yb157  5.000E+01       Lu157    (a)   Tm153m 5.000E+01       Lu157m  (b+)   Yb157  9.400E+01       Lu157m   (a)   Tm153  6.000E+00
   Lu158   (b+)   Yb158  9.909E+01       Lu158    (a)   Tm154  9.100E-01       Lu159   (b+)   Yb159  9.990E+01       Lu159    (a)   Tm155m 1.000E-01
   Lu159m  (b+)   Yb159  3.333E+01       Lu159m  (IT)   Lu159  3.333E+01       Lu159m   (a)   Tm155  3.333E+01       Lu160   (b+)   Yb160  1.000E+02
   Lu160    (a)   Tm156  1.000E-04       Lu160m  (b+)   Yb160  1.000E+02       Lu161   (b+)   Yb161  1.000E+02       Lu161m  (IT)   Lu161  1.000E+02
   Lu162   (b+)   Yb162  1.000E+02       Lu162m  (b+)   Yb162  1.000E+02       Lu162n  (b+)   Yb162  1.000E+02       Lu163   (b+)   Yb163  1.000E+02
   Lu164   (b+)   Yb164  1.000E+02       Lu165   (b+)   Yb165  1.000E+02       Lu166   (b+)   Yb166  1.000E+02       Lu166m  (b+)   Yb166  5.800E+01
   Lu166m  (IT)   Lu166  4.200E+01       Lu166n  (b+)   Yb166  1.000E+02       Lu167   (b+)   Yb167  1.000E+02       Lu167m  (IT)   Lu167  5.000E+01
   Lu167m  (b+)   Yb167  5.000E+01       Lu168   (b+)   Yb168  1.000E+02       Lu168m  (b+)   Yb168  1.000E+02       Lu169   (b+)   Yb169  1.000E+02
   Lu169m  (IT)   Lu169  1.000E+02       Lu170   (b+)   Yb170  1.000E+02       Lu170m  (IT)   Lu170  1.000E+02       Lu171   (b+)   Yb171  1.000E+02
   Lu171m  (IT)   Lu171  1.000E+02       Lu172   (b+)   Yb172  1.000E+02       Lu172m  (IT)   Lu172  1.000E+02       Lu173   (b+)   Yb173  1.000E+02
   Lu174   (b+)   Yb174  1.000E+02       Lu174m  (b+)   Yb174  5.800E-01       Lu174m  (IT)   Lu174  9.942E+01       Lu176   (b-)   Hf176  1.000E+02
   Lu176m  (b+)   Yb176  9.500E-02       Lu176m  (b-)   Hf176  9.991E+01       Lu177   (b-)   Hf177  1.000E+02       Lu177m  (b-)   Hf177m 7.740E+01
   Lu177m  (IT)   Lu177  2.260E+01       Lu177n  (b-)   Hf177n 5.000E+01       Lu177n  (IT)   Lu177m 5.000E+01       Lu178   (b-)   Hf178  1.000E+02
   Lu178m  (b-)   Hf178  1.000E+02       Lu179   (b-)   Hf179  1.000E+02       Lu179m  (IT)   Lu179  1.000E+02       Lu180   (b-)   Hf180  1.000E+02
   Lu180m  (b-)   Hf180  5.000E+01       Lu180m  (IT)   Lu180  5.000E+01       Lu180n  (b-)   Hf180m 5.000E+01       Lu180n  (IT)   Lu180  5.000E+01
   Lu181   (b-)   Hf181  1.000E+02       Lu182   (b-)   Hf182  1.000E+02       Lu183   (b-)   Hf183  1.000E+02       Lu184   (b-)   Hf184  5.000E+01
   Lu184   (b-)   Hf184m 5.000E+01       Hf153   (b+)   Lu153m 1.000E+02       Hf153m  (b+)   Lu153  5.000E+01       Hf153m  (IT)   Hf153  5.000E+01
   Hf154   (b+)   Lu154  1.000E+02       Hf155   (b+)   Lu155  5.000E+01       Hf155   (b+)   Lu155m 5.000E+01       Hf156    (a)   Yb152  9.700E+01
   Hf156   (b+)   Lu156  3.000E+00       Hf157    (a)   Yb153  8.600E+01       Hf157   (b+)   Lu157  7.000E+00       Hf157   (b+)   Lu157m 7.000E+00
   Hf158   (b+)   Lu158  5.570E+01       Hf158    (a)   Yb154  4.430E+01       Hf159   (b+)   Lu159  6.500E+01       Hf159    (a)   Yb155  3.500E+01
   Hf160   (b+)   Lu160  9.930E+01       Hf160    (a)   Yb156  7.000E-01       Hf161   (b+)   Lu161  9.987E+01       Hf161    (a)   Yb157  1.300E-01
   Hf162   (b+)   Lu162  9.999E+01       Hf162    (a)   Yb158  8.000E-03       Hf163   (b+)   Lu163  1.000E+02       Hf164   (b+)   Lu164  1.000E+02
   Hf165   (b+)   Lu165  1.000E+02       Hf166   (b+)   Lu166  1.000E+02       Hf167   (b+)   Lu167  1.000E+02       Hf168   (b+)   Lu168m 1.000E+02
   Hf169   (b+)   Lu169  1.000E+02       Hf170   (b+)   Lu170  1.000E+02       Hf171   (b+)   Lu171  1.000E+02       Hf171m  (IT)   Hf171  1.000E+02
   Hf172   (b+)   Lu172m 1.000E+02       Hf173   (b+)   Lu173  1.000E+02       Hf174    (a)   Yb170  1.000E+02       Hf175   (b+)   Lu175  1.000E+02
   Hf177m  (IT)   Hf177  1.000E+02       Hf177n  (IT)   Hf177m 1.000E+02       Hf178m  (IT)   Hf178  1.000E+02       Hf178n  (IT)   Hf178m 1.000E+02
   Hf179m  (IT)   Hf179  1.000E+02       Hf179n  (IT)   Hf179  1.000E+02       Hf180m  (b-)   Ta180m 3.100E-01       Hf180m  (IT)   Hf180  9.969E+01
   Hf181   (b-)   Ta181  1.000E+02       Hf182   (b-)   Ta182  1.000E+02       Hf182m  (b-)   Ta182  3.518E+01       Hf182m  (b-)   Ta182m 1.413E+01
   Hf182m  (IT)   Hf182  4.200E+01       Hf182m  (b-)   Ta182n 8.693E+00       Hf183   (b-)   Ta183  1.000E+02       Hf184   (b-)   Ta184  1.000E+02
   Hf184m  (b-)   Ta184  1.000E+02       Hf185   (b-)   Ta185  1.000E+02       Hf186   (b-)   Ta186  1.000E+02       Hf187   (b-)   Ta187  1.000E+02
   Hf188   (b-)   Ta188  1.000E+02       Ta155    (p)   Hf154  1.000E+02       Ta156    (p)   Hf155  1.000E+02       Ta156m  (b+)   Hf156  9.580E+01
   Ta156m   (p)   Hf155  4.200E+00       Ta157    (a)   Lu153  9.560E+01       Ta157    (p)   Hf156  3.400E+00       Ta157   (b+)   Hf157  1.000E+00
   Ta157m   (a)   Lu153m 9.900E+01       Ta157m  (b+)   Hf157  1.000E+00       Ta157n   (a)   Lu153m 1.000E+02       Ta158    (a)   Lu154  9.600E+01
   Ta158   (b+)   Hf158  4.000E+00       Ta158m   (a)   Lu154m 9.300E+01       Ta158m  (b+)   Hf158  3.500E+00       Ta158m  (IT)   Ta158  3.500E+00
   Ta159   (b+)   Hf159  6.600E+01       Ta159    (a)   Lu155  3.400E+01       Ta159m   (a)   Lu155m 5.500E+01       Ta159m  (b+)   Hf159  4.500E+01
   Ta160   (b+)   Hf160  5.000E+01       Ta160    (a)   Lu156  5.000E+01       Ta160m  (b+)   Hf160  6.600E+01       Ta160m   (a)   Lu156m 3.400E+01
   Ta161   (b+)   Hf161  5.000E+01       Ta161    (a)   Lu157  5.000E+01       Ta161m  (b+)   Hf161  9.500E+01       Ta161m   (a)   Lu157m 5.000E+00
   Ta162   (b+)   Hf162  9.993E+01       Ta162    (a)   Lu158  7.400E-02       Ta163   (b+)   Hf163  9.980E+01       Ta163    (a)   Lu159  1.000E-01
   Ta163    (a)   Lu159m 1.000E-01       Ta164   (b+)   Hf164  1.000E+02       Ta165   (b+)   Hf165  1.000E+02       Ta166   (b+)   Hf166  1.000E+02
   Ta167   (b+)   Hf167  1.000E+02       Ta168   (b+)   Hf168  1.000E+02       Ta169   (b+)   Hf169  1.000E+02       Ta170   (b+)   Hf170  1.000E+02
   Ta171   (b+)   Hf171  1.000E+02       Ta172   (b+)   Hf172  1.000E+02       Ta173   (b+)   Hf173  1.000E+02       Ta174   (b+)   Hf174  1.000E+02
   Ta175   (b+)   Hf175  1.000E+02       Ta176   (b+)   Hf176  1.000E+02       Ta176m  (IT)   Ta176  1.000E+02       Ta176n  (IT)   Ta176m 1.000E+02
   Ta177   (b+)   Hf177  1.000E+02       Ta178   (b+)   Hf178  1.000E+02       Ta178m  (b+)   Hf178  1.000E+02       Ta178n  (IT)   Ta178m 1.000E+02
   Ta179   (b+)   Hf179  1.000E+02       Ta179m  (IT)   Ta179  1.000E+02       Ta179n  (IT)   Ta179m 1.000E+02       Ta180   (b-)   W 180  1.810E+01
   Ta180   (b+)   Hf180  8.190E+01       Ta180m  (b-)   W 180  2.000E+01       Ta180m  (b+)   Hf180  8.000E+01       Ta182   (b-)   W 182  1.000E+02
   Ta182m  (IT)   Ta182  1.000E+02       Ta182n  (IT)   Ta182m 1.000E+02       Ta183   (b-)   W 183  9.660E+01       Ta183   (b-)   W 183m 3.400E+00
   Ta184   (b-)   W 184  1.000E+02       Ta185   (b-)   W 185  1.000E+02       Ta185m  (IT)   Ta185  1.000E+02       Ta186   (b-)   W 186  1.000E+02
   Ta187   (b-)   W 187  1.000E+02       Ta188   (b-)   W 188  1.000E+02       Ta189   (b-)   W 189  1.000E+02       Ta190   (b-)   W 190  1.000E+02
   W 158    (a)   Hf154  1.000E+02       W 159    (a)   Hf155  8.200E+01       W 159   (b+)   Ta159  9.000E+00       W 159   (b+)   Ta159m 9.000E+00
   W 160    (a)   Hf156  8.700E+01       W 160   (b+)   Ta160  1.300E+01       W 161    (a)   Hf157  7.300E+01       W 161   (b+)   Ta161  1.350E+01
   W 161   (b+)   Ta161m 1.350E+01       W 162   (b+)   Ta162  5.480E+01       W 162    (a)   Hf158  4.520E+01       W 163   (b+)   Ta163  8.700E+01
   W 163    (a)   Hf159  1.300E+01       W 164   (b+)   Ta164  9.620E+01       W 164    (a)   Hf160  3.800E+00       W 165   (b+)   Ta165  9.980E+01
   W 165    (a)   Hf161  2.000E-01       W 166   (b+)   Ta166  9.997E+01       W 166    (a)   Hf162  3.500E-02       W 167   (b+)   Ta167  9.996E+01
   W 167    (a)   Hf163  4.000E-02       W 168   (b+)   Ta168  1.000E+02       W 168    (a)   Hf164  3.200E-03       W 169   (b+)   Ta169  1.000E+02
   W 170   (b+)   Ta170  9.900E+01       W 170    (a)   Hf166  1.000E+00       W 171   (b+)   Ta171  1.000E+02       W 172   (b+)   Ta172  1.000E+02
   W 173   (b+)   Ta173  1.000E+02       W 174   (b+)   Ta174  1.000E+02       W 175   (b+)   Ta175  1.000E+02       W 176   (b+)   Ta176  1.000E+02
   W 177   (b+)   Ta177  1.000E+02       W 178   (b+)   Ta178  1.000E+02       W 179   (b+)   Ta179  1.000E+02       W 179m  (b+)   Ta179  2.800E-01
   W 179m  (IT)   W 179  9.972E+01       W 180m  (IT)   W 180  1.000E+02       W 181   (b+)   Ta181  1.000E+02       W 183    (a)   Hf179  3.340E+01
   W 183    (a)   Hf179m 3.330E+01       W 183    (a)   Hf179n 3.330E+01       W 183m  (IT)   W 183  1.000E+02       W 184    (a)   Hf180  1.000E+02
   W 185   (b-)   Re185  1.000E+02       W 185m  (IT)   W 185  1.000E+02       W 186 (b-b-)   Os186  5.000E+01       W 186    (a)   Hf182  5.000E+01
   W 186m  (IT)   W 186  1.000E+02       W 187   (b-)   Re187  1.000E+02       W 188   (b-)   Re188  1.000E+02       W 189   (b-)   Re189  1.000E+02
   W 190   (b-)   Re190  1.000E+02       W 190m  (IT)   W 190  1.000E+02       W 191   (b-)   Re191  1.000E+02       W 192   (b-)   Re192  1.000E+02
   W 193   (b-)   Re193  1.000E+02       W 194   (b-)   Re194  1.000E+02       Re160    (p)   W 159  9.100E+01       Re160    (a)   Ta156  9.000E+00
   Re161    (a)   Ta157  1.000E+02       Re161m   (a)   Ta157m 9.520E+01       Re161m   (p)   W 160  4.800E+00       Re162    (a)   Ta158  9.400E+01
   Re162   (b+)   W 162  6.000E+00       Re162m   (a)   Ta158m 9.100E+01       Re162m  (b+)   W 162  9.000E+00       Re163   (b+)   W 163  6.800E+01
   Re163    (a)   Ta159  3.200E+01       Re163m   (a)   Ta159m 6.600E+01       Re163m  (b+)   W 163  3.400E+01       Re164    (a)   Ta160m 1.000E+02
   Re164m   (a)   Ta160  5.800E+01       Re164m  (b+)   W 164  4.200E+01       Re165   (b+)   W 165  5.000E+01       Re165    (a)   Ta161  5.000E+01
   Re165m  (b+)   W 165  8.700E+01       Re165m   (a)   Ta161m 1.300E+01       Re166   (b+)   W 166  5.000E+01       Re166    (a)   Ta162  5.000E+01
   Re166m  (b+)   W 166  9.500E+01       Re166m   (a)   Ta162  5.000E+00       Re167    (a)   Ta163  1.000E+02       Re167m  (b+)   W 167  9.900E+01
   Re167m   (a)   Ta163  1.000E+00       Re168   (b+)   W 168  1.000E+02       Re168    (a)   Ta164  5.000E-03       Re169   (b+)   W 169  1.000E+02
   Re169    (a)   Ta165  5.000E-03       Re169m  (b+)   W 169  9.980E+01       Re169m   (a)   Ta165  2.000E-01       Re170   (b+)   W 170  9.999E+01
   Re170    (a)   Ta166  1.000E-02       Re171   (b+)   W 171  1.000E+02       Re172   (b+)   W 172  1.000E+02       Re172m  (b+)   W 172  1.000E+02
   Re173   (b+)   W 173  1.000E+02       Re174   (b+)   W 174  1.000E+02       Re175   (b+)   W 175  1.000E+02       Re176   (b+)   W 176  1.000E+02
   Re177   (b+)   W 177  1.000E+02       Re178   (b+)   W 178  1.000E+02       Re179   (b+)   W 179  1.000E+02       Re180   (b+)   W 180  1.000E+02
   Re181   (b+)   W 181  1.000E+02       Re182   (b+)   W 182  1.000E+02       Re182m  (b+)   W 182  1.000E+02       Re183   (b+)   W 183  1.000E+02
   Re183m  (IT)   Re183  1.000E+02       Re184   (b+)   W 184  1.000E+02       Re184m  (b+)   W 184  2.520E+01       Re184m  (IT)   Re184  7.480E+01
   Re186   (b-)   Os186  9.313E+01       Re186   (b+)   W 186  6.870E+00       Re186m  (IT)   Re186  1.000E+02       Re187   (b-)   Os187  1.000E+02
   Re188   (b-)   Os188  1.000E+02       Re188m  (IT)   Re188  1.000E+02       Re189   (b-)   Os189  8.972E+01       Re189   (b-)   Os189m 1.028E+01
   Re190   (b-)   Os190  1.000E+02       Re190m  (b-)   Os190  5.450E+01       Re190m  (IT)   Re190  4.550E+01       Re191   (b-)   Os191  1.000E+02
   Re192   (b-)   Os192  1.000E+02       Re193   (b-)   Os193  1.000E+02       Re194   (b-)   Os194  1.000E+02       Re195   (b-)   Os195  1.000E+02
   Re196   (b-)   Os196  1.000E+02       Re197   (b-)   Os197  1.000E+02       Re198   (b-)   Os198  1.000E+02       Os162    (a)   W 158  1.000E+02
   Os163    (a)   W 159  1.000E+02       Os164    (a)   W 160  9.800E+01       Os164   (b+)   Re164m 2.000E+00       Os165    (a)   W 161  6.000E+01
   Os165   (b+)   Re165  2.000E+01       Os165   (b+)   Re165m 2.000E+01       Os166    (a)   W 162  7.200E+01       Os166   (b+)   Re166  2.800E+01
   Os167    (a)   W 163  5.700E+01       Os167   (b+)   Re167m 4.300E+01       Os168   (b+)   Re168  5.100E+01       Os168    (a)   W 164  4.900E+01
   Os169   (b+)   Re169  4.450E+01       Os169   (b+)   Re169m 4.450E+01       Os169    (a)   W 165  1.100E+01       Os170   (b+)   Re170  9.140E+01
   Os170    (a)   W 166  8.600E+00       Os171    (a)   W 167  1.800E+00       Os171   (b+)   Re171  9.820E+01       Os172   (b+)   Re172m 9.890E+01
   Os172    (a)   W 168  1.100E+00       Os173   (b+)   Re173  9.960E+01       Os173    (a)   W 169  4.000E-01       Os174   (b+)   Re174  9.998E+01
   Os174    (a)   W 170  2.400E-02       Os175   (b+)   Re175  1.000E+02       Os176   (b+)   Re176  1.000E+02       Os177   (b+)   Re177  1.000E+02
   Os178   (b+)   Re178  1.000E+02       Os179   (b+)   Re179  1.000E+02       Os180   (b+)   Re180  1.000E+02       Os181   (b+)   Re181  1.000E+02
   Os181m  (b+)   Re181  1.000E+02       Os182   (b+)   Re182  1.000E+02       Os183   (b+)   Re183  1.000E+02       Os183m  (b+)   Re183  8.500E+01
   Os183m  (IT)   Os183  1.500E+01       Os184    (a)   W 180  5.000E+01       Os184 (b+b+)   W 184  5.000E+01       Os185   (b+)   Re185  1.000E+02
   Os186    (a)   W 182  1.000E+02       Os189m  (IT)   Os189  1.000E+02       Os190m  (IT)   Os190  1.000E+02       Os191   (b-)   Ir191m 1.000E+02
   Os191m  (IT)   Os191  1.000E+02       Os192m  (IT)   Os192  8.700E+01       Os192m  (b-)   Ir192n 1.300E+01       Os193   (b-)   Ir193  9.965E+01
   Os193   (b-)   Ir193m 3.474E-01       Os194   (b-)   Ir194  1.000E+02       Os195   (b-)   Ir195  1.000E+02       Os196   (b-)   Ir196  1.000E+02
   Os197   (b-)   Ir197  1.000E+02       Os198   (b-)   Ir198  1.000E+02       Os199   (b-)   Ir199  1.000E+02       Os200   (b-)   Ir200  1.000E+02
   Os201   (b-)   Ir201  1.000E+02       Ir164    (p)   Os163  3.333E+01       Ir164    (a)   Re160  3.333E+01       Ir164   (b+)   Os164  3.333E+01
   Ir164m   (p)   Os163  3.333E+01       Ir164m   (a)   Re160  3.333E+01       Ir164m  (b+)   Os164  3.333E+01       Ir165    (p)   Os164  5.000E+01
   Ir165    (a)   Re161  5.000E+01       Ir166    (a)   Re162  9.310E+01       Ir166    (p)   Os165  6.900E+00       Ir166m   (a)   Re162m 9.820E+01
   Ir166m   (p)   Os165  1.800E+00       Ir167    (a)   Re163  4.800E+01       Ir167    (p)   Os166  3.200E+01       Ir167   (b+)   Os167  2.000E+01
   Ir167m   (a)   Re163m 8.000E+01       Ir167m  (b+)   Os167  1.960E+01       Ir167m   (p)   Os166  4.000E-01       Ir168    (a)   Re164  1.000E+02
   Ir168m   (a)   Re164m 5.000E+01       Ir168m  (b+)   Os168  5.000E+01       Ir169    (a)   Re165  1.000E+02       Ir169m   (a)   Re165m 7.200E+01
   Ir169m  (b+)   Os169  2.800E+01       Ir170   (b+)   Os170  9.480E+01       Ir170    (a)   Re166  2.600E+00       Ir170    (a)   Re166m 2.600E+00
   Ir170m   (a)   Re166  1.800E+01       Ir170m   (a)   Re166m 1.800E+01       Ir170m  (b+)   Os170  3.200E+01       Ir170m  (IT)   Ir170  3.200E+01
   Ir171    (a)   Re167m 1.000E+02       Ir171m   (a)   Re167  5.800E+01       Ir171m  (b+)   Os171  2.100E+01       Ir171m   (p)   Os170  2.100E+01
   Ir172   (b+)   Os172  9.800E+01       Ir172    (a)   Re168  2.000E+00       Ir172m  (b+)   Os172  7.700E+01       Ir172m   (a)   Re168  2.300E+01
   Ir173   (b+)   Os173  9.300E+01       Ir173    (a)   Re169  3.500E+00       Ir173    (a)   Re169m 3.500E+00       Ir173m  (b+)   Os173  8.800E+01
   Ir173m   (a)   Re169  1.200E+01       Ir174   (b+)   Os174  9.950E+01       Ir174    (a)   Re170  5.000E-01       Ir174m  (b+)   Os174  9.750E+01
   Ir174m   (a)   Re170  2.500E+00       Ir175   (b+)   Os175  9.915E+01       Ir175    (a)   Re171  8.500E-01       Ir176   (b+)   Os176  9.690E+01
   Ir176    (a)   Re172  1.550E+00       Ir176    (a)   Re172m 1.550E+00       Ir177   (b+)   Os177  9.994E+01       Ir177    (a)   Re173  6.000E-02
   Ir178   (b+)   Os178  1.000E+02       Ir179   (b+)   Os179  1.000E+02       Ir180   (b+)   Os180  1.000E+02       Ir181   (b+)   Os181  1.000E+02
   Ir182   (b+)   Os182  1.000E+02       Ir183   (b+)   Os183  3.104E+01       Ir183   (b+)   Os183m 6.896E+01       Ir184   (b+)   Os184  1.000E+02
   Ir185   (b+)   Os185  1.000E+02       Ir186   (b+)   Os186  1.000E+02       Ir186m  (b+)   Os186  1.000E+02       Ir187   (b+)   Os187  1.000E+02
   Ir187m  (IT)   Ir187  1.000E+02       Ir188   (b+)   Os188  1.000E+02       Ir188m  (IT)   Ir188  1.000E+02       Ir189   (b+)   Os189m 7.500E+00
   Ir189   (b+)   Os189  9.250E+01       Ir189m  (IT)   Ir189  1.000E+02       Ir189n  (IT)   Ir189m 1.000E+02       Ir190   (b+)   Os190  1.000E+02
   Ir190m  (IT)   Ir190  1.000E+02       Ir190n  (IT)   Ir190  8.600E+00       Ir190n  (b+)   Os190m 9.140E+01       Ir191m  (IT)   Ir191  1.000E+02
   Ir191n  (IT)   Ir191m 1.000E+02       Ir192   (b-)   Pt192  9.520E+01       Ir192   (b+)   Os192  4.800E+00       Ir192m  (b-)   Pt192  1.750E-02
   Ir192m  (IT)   Ir192  9.998E+01       Ir192n  (IT)   Ir192  1.000E+02       Ir193m  (IT)   Ir193  1.000E+02       Ir194   (b-)   Pt194  1.000E+02
   Ir194m  (IT)   Ir194  1.000E+02       Ir194n  (b-)   Pt194  1.000E+02       Ir195   (b-)   Pt195  1.000E+02       Ir195m  (b-)   Pt195  5.103E+01
   Ir195m  (b-)   Pt195m 4.397E+01       Ir195m  (IT)   Ir195  5.000E+00       Ir196   (b-)   Pt196  1.000E+02       Ir196m  (b-)   Pt196  1.000E+02
   Ir197   (b-)   Pt197  1.000E+02       Ir197m  (b-)   Pt197m 9.975E+01       Ir197m  (IT)   Ir197  2.500E-01       Ir198   (b-)   Pt198  1.000E+02
   Ir199   (b-)   Pt199  1.000E+02       Ir200   (b-)   Pt200  1.000E+02       Ir201   (b-)   Pt201  1.000E+02       Ir202   (b-)   Pt202  1.000E+02
   Pt166    (a)   Os162  1.000E+02       Pt167    (a)   Os163  1.000E+02       Pt168    (a)   Os164  9.930E+01       Pt169    (a)   Os165  9.900E+01
   Pt169   (b+)   Ir169  1.000E+00       Pt170    (a)   Os166  9.800E+01       Pt170   (b+)   Ir170  1.000E+00       Pt170   (b+)   Ir170m 1.000E+00
   Pt171    (a)   Os167  9.800E+01       Pt171   (b+)   Ir171  2.000E+00       Pt172    (a)   Os168  7.700E+01       Pt172   (b+)   Ir172  2.300E+01
   Pt173    (a)   Os169  8.400E+01       Pt173   (b+)   Ir173  1.600E+01       Pt174    (a)   Os170  7.600E+01       Pt174   (b+)   Ir174  2.400E+01
   Pt175    (a)   Os171  6.400E+01       Pt175   (b+)   Ir175  3.600E+01       Pt176   (b+)   Ir176  6.200E+01       Pt176    (a)   Os172  3.800E+01
   Pt177   (b+)   Ir177  9.430E+01       Pt177    (a)   Os173  5.700E+00       Pt178   (b+)   Ir178  9.230E+01       Pt178    (a)   Os174  7.700E+00
   Pt179   (b+)   Ir179  9.976E+01       Pt179    (a)   Os175  2.400E-01       Pt180   (b+)   Ir180  9.970E+01       Pt180    (a)   Os176  3.000E-01
   Pt181   (b+)   Ir181  9.993E+01       Pt181    (a)   Os177  7.400E-02       Pt182   (b+)   Ir182  9.998E+01       Pt182    (a)   Os178  2.000E-02
   Pt183   (b+)   Ir183  9.999E+01       Pt183    (a)   Os179  9.600E-03       Pt183m  (b+)   Ir183  1.000E+02       Pt184   (b+)   Ir184  1.000E+02
   Pt184    (a)   Os180  1.000E-03       Pt184m  (IT)   Pt184  1.000E+02       Pt185   (b+)   Ir185  1.000E+02       Pt185m  (b+)   Ir185  1.000E+02
   Pt186    (a)   Os182  1.000E-04       Pt186   (b+)   Ir186  1.000E+02       Pt187   (b+)   Ir187  1.000E+02       Pt188   (b+)   Ir188  1.000E+02
   Pt189   (b+)   Ir189  1.000E+02       Pt190    (a)   Os186  1.000E+02       Pt191   (b+)   Ir191  9.898E+01       Pt191   (b+)   Ir191m 1.022E+00
   Pt193   (b+)   Ir193  1.000E+02       Pt193m  (IT)   Pt193  1.000E+02       Pt195m  (IT)   Pt195  1.000E+02       Pt197   (b-)   Au197  1.000E+02
   Pt197m  (b-)   Au197m 3.300E+00       Pt197m  (IT)   Pt197  9.670E+01       Pt199   (b-)   Au199  1.000E+02       Pt199m  (IT)   Pt199  1.000E+02
   Pt200   (b-)   Au200  1.000E+02       Pt201   (b-)   Au201  1.000E+02       Pt202   (b-)   Au202  1.000E+02       Pt203   (b-)   Au203  1.000E+02
   Au169    (a)   Ir165  5.000E+01       Au169   (b+)   Pt169  5.000E+01       Au170    (p)   Pt169  8.500E+01       Au170    (a)   Ir166  1.500E+01
   Au170m   (p)   Pt169  7.500E+01       Au170m   (a)   Ir166m 1.250E+01       Au170m  (b+)   Pt170  1.250E+01       Au171    (p)   Pt170  1.000E+02
   Au171m   (a)   Ir167m 5.400E+01       Au171m   (p)   Pt170  4.600E+01       Au172    (a)   Ir168  4.900E+01       Au172    (a)   Ir168m 4.900E+01
   Au172    (p)   Pt171  2.000E+00       Au173    (a)   Ir169  1.000E+02       Au173m   (a)   Ir169m 9.570E+01       Au173m  (b+)   Pt173  4.301E+00
   Au174    (a)   Ir170  4.500E+01       Au174    (a)   Ir170m 4.500E+01       Au174   (b+)   Pt174  1.000E+01       Au174m   (a)   Ir170  2.500E+01
   Au174m   (a)   Ir170m 2.500E+01       Au174m  (b+)   Pt174  5.000E+01       Au175    (a)   Ir171  5.000E+01       Au175   (b+)   Pt175  5.000E+01
   Au175m   (a)   Ir171m 8.200E+01       Au175m  (b+)   Pt175  1.800E+01       Au176    (a)   Ir172  3.000E+01       Au176    (a)   Ir172m 3.000E+01
   Au176   (b+)   Pt176  4.000E+01       Au176m   (a)   Ir172m 6.000E+01       Au176m  (b+)   Pt176  4.000E+01       Au177    (a)   Ir173  1.000E+02
   Au177m   (a)   Ir173m 1.000E+02       Au178   (b+)   Pt178  6.000E+01       Au178    (a)   Ir174  2.000E+01       Au178    (a)   Ir174m 2.000E+01
   Au179   (b+)   Pt179  7.800E+01       Au179    (a)   Ir175  2.200E+01       Au180   (b+)   Pt180  9.820E+01       Au180    (a)   Ir176  1.800E+00
   Au181   (b+)   Pt181  9.730E+01       Au181    (a)   Ir177  2.700E+00       Au182   (b+)   Pt182  9.987E+01       Au182    (a)   Ir178  1.300E-01
   Au183    (a)   Ir179  5.500E-01       Au183   (b+)   Pt183  9.964E+01       Au184   (b+)   Pt184  4.999E+01       Au184   (b+)   Pt184m 4.999E+01
   Au184    (a)   Ir180  1.600E-02       Au184m  (b+)   Pt184  6.998E+01       Au184m  (IT)   Au184  3.000E+01       Au184m   (a)   Ir180  1.600E-02
   Au185   (b+)   Pt185  2.533E+01       Au185   (b+)   Pt185m 7.441E+01       Au185    (a)   Ir181  2.600E-01       Au186   (b+)   Pt186  1.000E+02
   Au187   (b+)   Pt187  9.990E+01       Au187    (a)   Ir183  1.000E-01       Au187m  (IT)   Au187  1.000E+02       Au188   (b+)   Pt188  1.000E+02
   Au189   (b+)   Pt189  1.000E+02       Au189m  (b+)   Pt189  1.000E+02       Au190   (b+)   Pt190  1.000E+02       Au190m  (IT)   Au190  1.000E+02
   Au191   (b+)   Pt191  1.000E+02       Au191m  (IT)   Au191  1.000E+02       Au192   (b+)   Pt192  1.000E+02       Au192m  (IT)   Au192  1.000E+02
   Au192n  (IT)   Au192m 1.000E+02       Au193   (b+)   Pt193  1.000E+02       Au193m  (b+)   Pt193  3.000E-02       Au193m  (IT)   Au193  9.997E+01
   Au194   (b+)   Pt194  1.000E+02       Au194m  (IT)   Au194  1.000E+02       Au194n  (IT)   Au194  1.000E+02       Au195   (b+)   Pt195  1.000E+02
   Au195m  (IT)   Au195  1.000E+02       Au196   (b+)   Pt196  9.280E+01       Au196   (b-)   Hg196  7.200E+00       Au196m  (IT)   Au196  1.000E+02
   Au196n  (IT)   Au196  2.418E+00       Au196n  (IT)   Au196m 9.758E+01       Au197m  (IT)   Au197  1.000E+02       Au198   (b-)   Hg198  1.000E+02
   Au198m  (IT)   Au198  1.000E+02       Au199   (b-)   Hg199  1.000E+02       Au200   (b-)   Hg200  1.000E+02       Au200m  (b-)   Hg200  8.200E+01
   Au200m  (IT)   Au200  1.800E+01       Au201   (b-)   Hg201  1.000E+02       Au202   (b-)   Hg202  1.000E+02       Au203   (b-)   Hg203  1.000E+02
   Au204   (b-)   Hg204  1.000E+02       Au205   (b-)   Hg205  1.000E+02       Au206   (b-)   Hg206  1.000E+02       Hg171    (a)   Pt167  9.999E+01
   Hg171   (b+)   Au171  1.000E-02       Hg172    (a)   Pt168  1.000E+02       Hg173    (a)   Pt169  1.000E+02       Hg174    (a)   Pt170  9.970E+01
   Hg175    (a)   Pt171  9.900E+01       Hg176    (a)   Pt172  9.000E+01       Hg176   (b+)   Au176  1.000E+01       Hg177    (a)   Pt173  8.500E+01
   Hg177   (b+)   Au177  1.500E+01       Hg178    (a)   Pt174  7.000E+01       Hg178   (b+)   Au178  3.000E+01       Hg179    (a)   Pt175  5.300E+01
   Hg179   (b+)   Au179  4.685E+01       Hg179  (b+p)   Pt178  1.500E-01       Hg180   (b+)   Au180  5.200E+01       Hg180    (a)   Pt176  4.800E+01
   Hg181   (b+)   Au181  6.898E+01       Hg181    (a)   Pt177  3.100E+01       Hg181  (b+p)   Pt180  1.600E-02       Hg181  (b+a)   Ir177  1.100E-05
   Hg182   (b+)   Au182  8.620E+01       Hg182    (a)   Pt178  1.380E+01       Hg182  (b+p)   Pt181  1.000E-05       Hg183   (b+)   Au183  8.830E+01
   Hg183    (a)   Pt179  1.170E+01       Hg183  (b+p)   Pt182  2.600E-04       Hg183m  (b+)   Au183  1.000E+02       Hg184   (b+)   Au184m 9.889E+01
   Hg184    (a)   Pt180  1.110E+00       Hg185   (b+)   Au185  9.400E+01       Hg185    (a)   Pt181  6.000E+00       Hg185m  (IT)   Hg185  5.398E+01
   Hg185m  (b+)   Au185  4.599E+01       Hg185m   (a)   Pt181  2.999E-02       Hg186    (a)   Pt182  1.800E-02       Hg186   (b+)   Au186  1.000E+02
   Hg187   (b+)   Au187  9.999E+01       Hg187    (a)   Pt183  1.200E-02       Hg187m  (b+)   Au187m 1.000E+02       Hg187m   (a)   Pt183m 2.500E-04
   Hg188   (b+)   Au188  1.000E+02       Hg189   (b+)   Au189  9.990E+01       Hg189    (a)   Pt185  1.000E-01       Hg189m  (b+)   Au189  1.000E+02
   Hg190   (b+)   Au190  1.000E+02       Hg191   (b+)   Au191  1.000E+02       Hg191m  (b+)   Au191  1.000E+02       Hg192   (b+)   Au192  1.000E+02
   Hg193   (b+)   Au193  9.664E+01       Hg193   (b+)   Au193m 3.360E+00       Hg193m  (b+)   Au193  9.200E+01       Hg193m  (IT)   Hg193  8.000E+00
   Hg194   (b+)   Au194  1.000E+02       Hg195   (b+)   Au195  9.790E+01       Hg195   (b+)   Au195m 2.104E+00       Hg195m  (b+)   Au195  4.580E+01
   Hg195m  (IT)   Hg195  5.420E+01       Hg196 (b+b+)   Pt196  1.000E+02       Hg197   (b+)   Au197  1.000E+02       Hg197m  (b+)   Au197m 8.600E+00
   Hg197m  (IT)   Hg197  9.140E+01       Hg199m  (IT)   Hg199  1.000E+02       Hg203   (b-)   Tl203  1.000E+02       Hg205   (b-)   Tl205  1.000E+02
   Hg205m  (IT)   Hg205  1.000E+02       Hg206   (b-)   Tl206  1.000E+02       Hg207   (b-)   Tl207  1.000E+02       Hg208   (b-)   Tl208  1.000E+02
   Hg209   (b-)   Tl209  1.000E+02       Hg210   (b-)   Tl210  1.000E+02       Tl176    (a)   Au172  1.000E+02       Tl177    (a)   Au173  7.300E+01
   Tl177    (p)   Hg176  2.700E+01       Tl178    (a)   Au174  2.650E+01       Tl178    (a)   Au174m 2.650E+01       Tl178   (b+)   Hg178  4.700E+01
   Tl179    (a)   Au175m 7.000E+01       Tl179   (b+)   Hg179  3.000E+01       Tl179m   (a)   Au175  1.000E+02       Tl180   (b+)   Hg180  9.300E+01
   Tl180    (a)   Au176  3.500E+00       Tl180    (a)   Au176m 3.500E+00       Tl180 (b+SF)       0  1.000E-04       Tl181    (a)   Au177  5.000E+01
   Tl181   (b+)   Hg181  5.000E+01       Tl181m  (b+)   Hg181  3.333E+01       Tl181m   (a)   Au177m 3.333E+01       Tl181m  (IT)   Tl181  3.333E+01
   Tl182   (b+)   Hg182  9.600E+01       Tl182    (a)   Au178  4.000E+00       Tl182m   (a)   Au178  1.000E+02       Tl183   (b+)   Hg183  9.800E+01
   Tl183    (a)   Au179  2.000E+00       Tl183m   (a)   Au179  1.500E+00       Tl183m  (b+)   Hg183m 4.925E+01       Tl183m  (IT)   Tl183  4.925E+01
   Tl184   (b+)   Hg184  9.790E+01       Tl184    (a)   Au180  2.100E+00       Tl184m  (b+)   Hg184  5.000E+01       Tl184m  (IT)   Tl184  5.000E+01
   Tl185   (b+)   Hg185  5.000E+01       Tl185    (a)   Au181  5.000E+01       Tl185m  (IT)   Tl185  9.990E+01       Tl185m   (a)   Au181  9.990E-02
   Tl186   (b+)   Hg186  1.000E+02       Tl186m  (IT)   Tl186  1.000E+02       Tl186n  (IT)   Tl186m 1.000E+02       Tl187   (b+)   Hg187  1.000E+02
   Tl187m  (IT)   Tl187  4.993E+01       Tl187m  (b+)   Hg187m 4.993E+01       Tl187m   (a)   Au183  1.500E-01       Tl188   (b+)   Hg188  1.000E+02
   Tl188m  (b+)   Hg188  1.000E+02       Tl188n  (IT)   Tl188m 1.000E+02       Tl189   (b+)   Hg189  1.000E+02       Tl189m  (b+)   Hg189m 9.600E+01
   Tl189m  (IT)   Tl189  4.000E+00       Tl190   (b+)   Hg190  1.000E+02       Tl190m  (b+)   Hg190  1.000E+02       Tl191   (b+)   Hg191  1.000E+02
   Tl191m  (b+)   Hg191m 1.000E+02       Tl192   (b+)   Hg192  1.000E+02       Tl192m  (b+)   Hg192  1.000E+02       Tl193   (b+)   Hg193  1.000E+02
   Tl193m  (b+)   Hg193  2.500E+01       Tl193m  (IT)   Tl193  7.500E+01       Tl194   (b+)   Hg194  1.000E+02       Tl194m  (b+)   Hg194  1.000E+02
   Tl195   (b+)   Hg195  1.000E+02       Tl195m  (IT)   Tl195  1.000E+02       Tl196   (b+)   Hg196  1.000E+02       Tl196m  (b+)   Hg196  9.550E+01
   Tl196m  (IT)   Tl196  4.500E+00       Tl197   (b+)   Hg197  1.000E+02       Tl197m  (IT)   Tl197  1.000E+02       Tl198   (b+)   Hg198  1.000E+02
   Tl198m  (b+)   Hg198  5.400E+01       Tl198m  (IT)   Tl198  4.600E+01       Tl198n  (IT)   Tl198m 1.000E+02       Tl199   (b+)   Hg199  1.000E+02
   Tl199m  (IT)   Tl199  1.000E+02       Tl200   (b+)   Hg200  1.000E+02       Tl200m  (IT)   Tl200  1.000E+02       Tl201   (b+)   Hg201  1.000E+02
   Tl201m  (IT)   Tl201  1.000E+02       Tl202   (b+)   Hg202  1.000E+02       Tl204   (b+)   Hg204  2.920E+00       Tl204   (b-)   Pb204  9.708E+01
   Tl206   (b-)   Pb206  1.000E+02       Tl206m  (IT)   Tl206  1.000E+02       Tl207   (b-)   Pb207  1.000E+02       Tl207m  (IT)   Tl207  1.000E+02
   Tl208   (b-)   Pb208  1.000E+02       Tl209   (b-)   Pb209  1.000E+02       Tl210   (b-)   Pb210  9.999E+01       Tl210  (b-n)   Pb209  7.000E-03
   Tl211   (b-)   Pb211  1.000E+02       Tl212   (b-)   Pb212  1.000E+02       Pb178    (a)   Hg174  1.000E+02       Pb179    (a)   Hg175  1.000E+02
   Pb180    (a)   Hg176  1.000E+02       Pb181    (a)   Hg177  9.800E+01       Pb181   (b+)   Tl181  1.000E+00       Pb181   (b+)   Tl181m 1.000E+00
   Pb182    (a)   Hg178  9.800E+01       Pb182   (b+)   Tl182  2.000E+00       Pb183    (a)   Hg179  9.000E+01       Pb183   (b+)   Tl183  1.000E+01
   Pb183m   (a)   Hg179  1.000E+02       Pb184    (a)   Hg180  8.000E+01       Pb184   (b+)   Tl184  2.000E+01       Pb185    (a)   Hg181  5.000E+01
   Pb185   (b+)   Tl185  5.000E+01       Pb185m   (a)   Hg181  5.000E+01       Pb185m  (b+)   Tl185m 5.000E+01       Pb186   (b+)   Tl186  6.000E+01
   Pb186    (a)   Hg182  4.000E+01       Pb187   (b+)   Tl187  9.300E+01       Pb187    (a)   Hg183  7.000E+00       Pb187m  (b+)   Tl187m 8.800E+01
   Pb187m   (a)   Hg183m 1.200E+01       Pb188   (b+)   Tl188  9.070E+01       Pb188    (a)   Hg184  9.300E+00       Pb189   (b+)   Tl189  9.960E+01
   Pb189    (a)   Hg185  4.024E-01       Pb189m  (b+)   Tl189m 5.000E+01       Pb189m  (IT)   Pb189  5.000E+01       Pb190   (b+)   Tl190  9.960E+01
   Pb190    (a)   Hg186  4.000E-01       Pb191   (b+)   Tl191  9.897E+01       Pb191   (b+)   Tl191m 1.020E+00       Pb191    (a)   Hg187  1.300E-02
   Pb191m  (b+)   Tl191m 9.998E+01       Pb191m   (a)   Hg187m 2.000E-02       Pb192   (b+)   Tl192  9.999E+01       Pb192    (a)   Hg188  5.900E-03
   Pb193   (b+)   Tl193  1.000E+02       Pb193m  (b+)   Tl193  9.530E+01       Pb193m  (b+)   Tl193m 4.700E+00       Pb194    (a)   Hg190  7.300E-06
   Pb194   (b+)   Tl194  1.000E+02       Pb195   (b+)   Tl195  1.000E+02       Pb195m  (b+)   Tl195  1.000E+02       Pb196   (b+)   Tl196  1.000E+02
   Pb197   (b+)   Tl197  1.000E+02       Pb197m  (b+)   Tl197  8.100E+01       Pb197m  (IT)   Pb197  1.900E+01       Pb198   (b+)   Tl198  1.000E+02
   Pb199   (b+)   Tl199  1.000E+02       Pb199m  (b+)   Tl199  7.000E+00       Pb199m  (IT)   Pb199  9.300E+01       Pb200   (b+)   Tl200  1.000E+02
   Pb201   (b+)   Tl201  1.000E+02       Pb201m  (IT)   Pb201  1.000E+02       Pb202   (b+)   Tl202  1.000E+02       Pb202m  (b+)   Tl202  9.100E+00
   Pb202m  (IT)   Pb202  9.090E+01       Pb203   (b+)   Tl203  1.000E+02       Pb203m  (IT)   Pb203  1.000E+02       Pb203n  (IT)   Pb203m 1.000E+02
   Pb204    (a)   Hg200  1.000E+02       Pb204m  (IT)   Pb204  1.000E+02       Pb205   (b+)   Tl205  1.000E+02       Pb205m  (IT)   Pb205  1.000E+02
   Pb207m  (IT)   Pb207  1.000E+02       Pb209   (b-)   Bi209  1.000E+02       Pb210   (b-)   Bi210  1.000E+02       Pb210    (a)   Hg206  1.900E-06
   Pb211   (b-)   Bi211  1.000E+02       Pb212   (b-)   Bi212  1.000E+02       Pb213   (b-)   Bi213  1.000E+02       Pb214   (b-)   Bi214  1.000E+02
   Pb215   (b-)   Bi215  1.000E+02       Bi184    (a)   Tl180  1.000E+02       Bi184m   (a)   Tl180  1.000E+02       Bi185    (p)   Pb184  8.500E+01
   Bi185    (a)   Tl181m 1.500E+01       Bi186    (a)   Tl182  1.000E+02       Bi186m   (a)   Tl182m 1.000E+02       Bi187    (a)   Tl183m 5.000E+01
   Bi187   (b+)   Pb187m 5.000E+01       Bi187m   (a)   Tl183  5.000E+01       Bi187m  (b+)   Pb187  5.000E+01       Bi188    (a)   Tl184  5.000E+01
   Bi188   (b+)   Pb188  5.000E+01       Bi188m   (a)   Tl184m 5.000E+01       Bi188m  (b+)   Pb188  5.000E+01       Bi189    (a)   Tl185  2.500E+00
   Bi189    (a)   Tl185m 4.750E+01       Bi189   (b+)   Pb189m 5.000E+01       Bi189m   (a)   Tl185  5.000E+01       Bi189m  (b+)   Pb189  5.000E+01
   Bi190    (a)   Tl186  7.700E+01       Bi190   (b+)   Pb190  2.300E+01       Bi190m   (a)   Tl186n 7.000E+01       Bi190m  (b+)   Pb190  3.000E+01
   Bi191    (a)   Tl187m 6.000E+01       Bi191   (b+)   Pb191m 4.000E+01       Bi191m   (a)   Tl187  7.500E+01       Bi191m  (b+)   Pb191  2.500E+01
   Bi192   (b+)   Pb192  8.800E+01       Bi192    (a)   Tl188  1.200E+01       Bi192m  (b+)   Pb192  9.000E+01       Bi192m   (a)   Tl188m 9.712E+00
   Bi192m   (a)   Tl188n 2.880E-01       Bi193   (b+)   Pb193m 9.650E+01       Bi193    (a)   Tl189  1.470E-01       Bi193    (a)   Tl189m 3.353E+00
   Bi193m   (a)   Tl189  9.000E+01       Bi193m  (b+)   Pb193  1.000E+01       Bi194   (b+)   Pb194  9.954E+01       Bi194    (a)   Tl190  4.600E-01
   Bi194m  (b+)   Pb194  1.000E+02       Bi194n  (b+)   Pb194  9.980E+01       Bi194n   (a)   Tl190m 2.000E-01       Bi195   (b+)   Pb195m 9.997E+01
   Bi195    (a)   Tl191m 3.000E-02       Bi195m  (b+)   Pb195  6.700E+01       Bi195m   (a)   Tl191  3.300E+01       Bi196   (b+)   Pb196  1.000E+02
   Bi196    (a)   Tl192  1.150E-03       Bi196m  (IT)   Bi196  5.000E+01       Bi196m  (b+)   Pb196  5.000E+01       Bi196n  (b+)   Pb196  7.420E+01
   Bi196n  (IT)   Bi196m 2.580E+01       Bi196n   (a)   Tl192m 3.800E-04       Bi197   (b+)   Pb197m 1.000E+02       Bi197    (a)   Tl193m 1.000E-04
   Bi197m   (a)   Tl193  5.484E+01       Bi197m  (b+)   Pb197  4.487E+01       Bi197m  (IT)   Bi197  2.991E-01       Bi198   (b+)   Pb198  1.000E+02
   Bi198m  (b+)   Pb198  1.000E+02       Bi198n  (IT)   Bi198  1.000E+02       Bi199   (b+)   Pb199  1.000E+02       Bi199m  (b+)   Pb199  9.799E+01
   Bi199m  (IT)   Bi199  2.000E+00       Bi199m   (a)   Tl195  1.000E-02       Bi200   (b+)   Pb200  1.000E+02       Bi200m  (b+)   Pb200  1.000E+02
   Bi200n  (IT)   Bi200  1.000E+02       Bi201   (b+)   Pb201  1.000E+02       Bi201m  (b+)   Pb201  9.320E+01       Bi201m  (IT)   Bi201  6.800E+00
   Bi201m   (a)   Tl197  3.000E-03       Bi202   (b+)   Pb202  1.000E+02       Bi203   (b+)   Pb203  1.000E+02       Bi203    (a)   Tl199  1.000E-05
   Bi203m  (IT)   Bi203  1.000E+02       Bi204   (b+)   Pb204  9.073E+01       Bi204   (b+)   Pb204m 9.265E+00       Bi204m  (IT)   Bi204  1.000E+02
   Bi204n  (IT)   Bi204m 1.000E+02       Bi205   (b+)   Pb205  8.600E+01       Bi205   (b+)   Pb205m 1.400E+01       Bi206   (b+)   Pb206  1.000E+02
   Bi207   (b+)   Pb207  1.000E+02       Bi208   (b+)   Pb208  1.000E+02       Bi208m  (IT)   Bi208  1.000E+02       Bi209    (a)   Tl205  1.000E+02
   Bi210   (b-)   Po210  1.000E+02       Bi210    (a)   Tl206  1.320E-04       Bi210m   (a)   Tl206  1.000E+02       Bi211   (b-)   Po211  2.730E-01
   Bi211    (a)   Tl207  9.973E+01       Bi212   (b-)   Po212  6.406E+01       Bi212  (b-a)   Pb208  1.400E-02       Bi212    (a)   Tl208  3.593E+01
   Bi212m  (b-)   Po212  3.200E+00       Bi212m (b-a)   Pb208  3.000E+01       Bi212m   (a)   Tl208  6.680E+01       Bi212n  (b-)   Po212m 1.000E+02
   Bi213   (b-)   Po213  9.784E+01       Bi213    (a)   Tl209  2.160E+00       Bi214   (b-)   Po214  9.998E+01       Bi214    (a)   Tl210  2.100E-02
   Bi215   (b-)   Po215  1.000E+02       Bi215m  (IT)   Bi215  5.000E+01       Bi215m  (b-)   Po215  5.000E+01       Bi216   (b-)   Po216  1.000E+02
   Bi217   (b-)   Po217  1.000E+02       Bi218   (b-)   Po218  1.000E+02       Po188    (a)   Pb184  5.000E+01       Po188   (b+)   Bi188  5.000E+01
   Po189    (a)   Pb185  2.500E+01       Po189    (a)   Pb185m 2.500E+01       Po189   (b+)   Bi189m 5.000E+01       Po190    (a)   Pb186  1.000E+02
   Po191    (a)   Pb187  1.000E+02       Po191m   (a)   Pb187m 1.000E+02       Po192    (a)   Pb188  9.950E+01       Po193    (a)   Pb189  1.000E+02
   Po193m   (a)   Pb189  1.000E+02       Po194    (a)   Pb190  1.000E+02       Po195    (a)   Pb191  7.500E+01       Po195   (b+)   Bi195m 2.500E+01
   Po195m   (a)   Pb191m 8.999E+01       Po195m  (b+)   Bi195  9.999E+00       Po195m  (IT)   Po195  9.999E-03       Po196    (a)   Pb192  9.400E+01
   Po196   (b+)   Bi196  6.000E+00       Po197   (b+)   Bi197m 5.600E+01       Po197    (a)   Pb193  4.400E+01       Po197m   (a)   Pb193m 8.400E+01
   Po197m  (b+)   Bi197  1.599E+01       Po197m  (IT)   Po197  1.000E-02       Po198    (a)   Pb194  5.700E+01       Po198   (b+)   Bi198  4.300E+01
   Po199   (b+)   Bi199m 9.250E+01       Po199    (a)   Pb195  7.500E+00       Po199m  (b+)   Bi199  7.350E+01       Po199m   (a)   Pb195m 2.400E+01
   Po199m  (IT)   Po199  2.500E+00       Po200   (b+)   Bi200m 8.890E+01       Po200    (a)   Pb196  1.110E+01       Po201   (b+)   Bi201m 9.840E+01
   Po201    (a)   Pb197  1.600E+00       Po201m  (IT)   Po201  5.606E+01       Po201m  (b+)   Bi201  4.104E+01       Po201m   (a)   Pb197m 2.903E+00
   Po202   (b+)   Bi202  9.800E+01       Po202    (a)   Pb198  2.000E+00       Po203    (a)   Pb199  1.100E-01       Po203   (b+)   Bi203  9.989E+01
   Po203m  (IT)   Po203  1.000E+02       Po204   (b+)   Bi204  9.934E+01       Po204    (a)   Pb200  6.600E-01       Po205    (a)   Pb201  4.000E-02
   Po205   (b+)   Bi205  9.990E+01       Po205m  (IT)   Po205  1.000E+02       Po206    (a)   Pb202  5.450E+00       Po206   (b+)   Bi206  9.455E+01
   Po207    (a)   Pb203  2.100E-02       Po207   (b+)   Bi207  9.998E+01       Po207m  (IT)   Po207  1.000E+02       Po208   (b+)   Bi208  1.810E-03
   Po208    (a)   Pb204  1.000E+02       Po209   (b+)   Bi209  2.600E-01       Po209    (a)   Pb205  9.974E+01       Po210    (a)   Pb206  1.000E+02
   Po211    (a)   Pb207  1.000E+02       Po211m   (a)   Pb207  1.000E+02       Po212    (a)   Pb208  1.000E+02       Po212m   (a)   Pb208  1.000E+02
   Po213    (a)   Pb209  1.000E+02       Po214    (a)   Pb210  1.000E+02       Po215   (b-)   At215  4.000E-04       Po215    (a)   Pb211  1.000E+02
   Po216    (a)   Pb212  1.000E+02       Po217    (a)   Pb213  9.500E+01       Po217   (b-)   At217  5.000E+00       Po218   (b-)   At218  1.900E-02
   Po218    (a)   Pb214  9.998E+01       Po219   (b-)   At219  5.000E+01       Po219    (a)   Pb215  5.000E+01       Po220   (b-)   At220  1.000E+02
   At193    (a)   Bi189  1.000E+02       At194    (a)   Bi190  1.000E+02       At194m   (a)   Bi190m 1.000E+02       At195    (a)   Bi191  1.000E+02
   At195m   (a)   Bi191m 7.500E+01       At195m  (b+)   Po195  2.500E+01       At196    (a)   Bi192  9.600E+01       At196   (b+)   Po196  4.000E+00
   At196m  (IT)   At196  1.000E+02       At197    (a)   Bi193  9.600E+01       At197   (b+)   Po197m 4.000E+00       At197m   (a)   Bi193m 1.000E+02
   At197m  (IT)   At197  4.000E-03       At198    (a)   Bi194  9.400E+01       At198   (b+)   Po198  6.000E+00       At198m   (a)   Bi194n 8.600E+01
   At198m  (b+)   Po198  1.400E+01       At199    (a)   Bi195  8.900E+01       At199   (b+)   Po199m 1.100E+01       At200    (a)   Bi196  5.700E+01
   At200   (b+)   Po200  4.300E+01       At200m   (a)   Bi196m 4.300E+01       At200m  (b+)   Po200  2.850E+01       At200m  (IT)   At200  2.850E+01
   At200n  (IT)   At200m 8.485E+01       At200n   (a)   Bi196n 1.061E+01       At200n  (b+)   Po200  4.545E+00       At201    (a)   Bi197  7.100E+01
   At201   (b+)   Po201m 2.900E+01       At202   (b+)   Po202  8.200E+01       At202    (a)   Bi198  1.800E+01       At202m  (IT)   At202  4.565E+01
   At202m  (b+)   Po202  4.565E+01       At202m   (a)   Bi198m 8.700E+00       At202n  (IT)   At202m 9.965E+01       At202n  (b+)   Po202  2.500E-01
   At202n   (a)   Bi198n 9.600E-02       At203   (b+)   Po203  3.450E+01       At203   (b+)   Po203m 3.450E+01       At203    (a)   Bi199  3.100E+01
   At204   (b+)   Po204  9.620E+01       At204    (a)   Bi200  3.800E+00       At204m  (IT)   At204  1.000E+02       At205   (b+)   Po205  9.000E+01
   At205    (a)   Bi201  1.000E+01       At206    (a)   Bi202  8.900E-01       At206   (b+)   Po206  9.911E+01       At207   (b+)   Po207  9.130E+01
   At207    (a)   Bi203  8.700E+00       At208   (b+)   Po208  9.945E+01       At208    (a)   Bi204  5.500E-01       At209    (a)   Bi205  4.100E+00
   At209   (b+)   Po209  9.590E+01       At210    (a)   Bi206  1.750E-01       At210   (b+)   Po210  9.983E+01       At211    (a)   Bi207  4.180E+01
   At211   (b+)   Po211  5.820E+01       At212    (a)   Bi208  1.000E+02       At212m   (a)   Bi208  1.000E+02       At213    (a)   Bi209  1.000E+02
   At214    (a)   Bi210  1.000E+02       At215    (a)   Bi211  1.000E+02       At216    (a)   Bi212  1.000E+02       At217   (b-)   Rn217  1.200E-02
   At217    (a)   Bi213  9.999E+01       At218   (b-)   Rn218  1.000E-01       At218    (a)   Bi214  9.990E+01       At219   (b-)   Rn219  3.000E+00
   At219    (a)   Bi215  9.700E+01       At220    (a)   Bi216  8.000E+00       At220   (b-)   Rn220  9.200E+01       At221   (b-)   Rn221  1.000E+02
   At222   (b-)   Rn222  1.000E+02       At223   (b-)   Rn223  1.000E+02       Rn195    (a)   Po191  1.000E+02       Rn195m   (a)   Po191m 1.000E+02
   Rn196    (a)   Po192  9.980E+01       Rn197    (a)   Po193  1.000E+02       Rn197m   (a)   Po193m 1.000E+02       Rn198    (a)   Po194  9.940E+01
   Rn199    (a)   Po195  9.400E+01       Rn199   (b+)   At199  6.000E+00       Rn199m   (a)   Po195m 9.700E+01       Rn199m  (b+)   At199  3.000E+00
   Rn200    (a)   Po196  9.800E+01       Rn200   (b+)   At200  2.000E+00       Rn201    (a)   Po197  8.000E+01       Rn201   (b+)   At201  2.000E+01
   Rn201m   (a)   Po197m 8.999E+01       Rn201m  (b+)   At201  1.000E+01       Rn201m  (IT)   Rn201  1.000E-02       Rn202    (a)   Po198  8.600E+01
   Rn202   (b+)   At202  1.400E+01       Rn203    (a)   Po199  6.600E+01       Rn203   (b+)   At203  3.400E+01       Rn203m   (a)   Po199m 8.000E+01
   Rn203m  (b+)   At203  2.000E+01       Rn204    (a)   Po200  7.300E+01       Rn204   (b+)   At204  1.350E+01       Rn204   (b+)   At204m 1.350E+01
   Rn205   (b+)   At205  7.540E+01       Rn205    (a)   Po201  2.460E+01       Rn206    (a)   Po202  6.200E+01       Rn206   (b+)   At206  3.800E+01
   Rn207   (b+)   At207  7.900E+01       Rn207    (a)   Po203  2.100E+01       Rn208   (b+)   At208  3.800E+01       Rn208    (a)   Po204  6.200E+01
   Rn209    (a)   Po205  1.700E+01       Rn209   (b+)   At209  8.300E+01       Rn210    (a)   Po206  9.600E+01       Rn210   (b+)   At210  4.000E+00
   Rn211   (b+)   At211  7.400E+01       Rn211    (a)   Po207  2.600E+01       Rn212    (a)   Po208  1.000E+02       Rn213    (a)   Po209  1.000E+02
   Rn214    (a)   Po210  1.000E+02       Rn215    (a)   Po211  1.000E+02       Rn216    (a)   Po212  1.000E+02       Rn217    (a)   Po213  1.000E+02
   Rn218    (a)   Po214  1.000E+02       Rn219    (a)   Po215  1.000E+02       Rn220    (a)   Po216  1.000E+02       Rn221    (a)   Po217  2.000E+01
   Rn221   (b-)   Fr221  7.800E+01       Rn222    (a)   Po218  1.000E+02       Rn223   (b-)   Fr223  1.000E+02       Rn224   (b-)   Fr224  1.000E+02
   Rn225   (b-)   Fr225  1.000E+02       Rn226   (b-)   Fr226  1.000E+02       Rn227   (b-)   Fr227  1.000E+02       Rn228   (b-)   Fr228  1.000E+02
   Fr199    (a)   At195  1.000E+02       Fr200    (a)   At196  1.000E+02       Fr200m   (a)   At196m 1.000E+02       Fr201    (a)   At197  1.000E+02
   Fr202    (a)   At198  9.700E+01       Fr202   (b+)   Rn202  3.000E+00       Fr202m   (a)   At198m 9.700E+01       Fr202m  (b+)   Rn202  3.000E+00
   Fr203    (a)   At199  9.500E+01       Fr203   (b+)   Rn203  2.500E+00       Fr203   (b+)   Rn203m 2.500E+00       Fr204    (a)   At200  9.600E+01
   Fr204   (b+)   Rn204  4.000E+00       Fr204m   (a)   At200m 9.000E+01       Fr204m  (b+)   Rn204  1.000E+01       Fr204n   (a)   At200n 7.400E+01
   Fr204n  (IT)   Fr204m 2.600E+01       Fr205    (a)   At201  9.900E+01       Fr205   (b+)   Rn205  1.000E+00       Fr206   (b+)   Rn206  5.800E+01
   Fr206    (a)   At202  4.200E+01       Fr206m   (a)   At202m 4.200E+01       Fr206m  (b+)   Rn206  2.900E+01       Fr206m  (IT)   Fr206  2.900E+01
   Fr206n  (IT)   Fr206m 8.800E+01       Fr206n   (a)   At202n 1.200E+01       Fr207    (a)   At203  9.500E+01       Fr207   (b+)   Rn207  5.000E+00
   Fr208    (a)   At204  9.000E+01       Fr208   (b+)   Rn208  1.000E+01       Fr209    (a)   At205  8.900E+01       Fr209   (b+)   Rn209  1.100E+01
   Fr210    (a)   At206  6.000E+01       Fr210   (b+)   Rn210  4.000E+01       Fr211    (a)   At207  8.000E+01       Fr211   (b+)   Rn211  2.000E+01
   Fr212   (b+)   Rn212  5.700E+01       Fr212    (a)   At208  4.300E+01       Fr213    (a)   At209  9.945E+01       Fr213   (b+)   Rn213  5.500E-01
   Fr214    (a)   At210  1.000E+02       Fr214m   (a)   At210  1.000E+02       Fr215    (a)   At211  1.000E+02       Fr216    (a)   At212  1.000E+02
   Fr217    (a)   At213  1.000E+02       Fr218    (a)   At214  1.000E+02       Fr218m   (a)   At214  1.000E+02       Fr219    (a)   At215  1.000E+02
   Fr220    (a)   At216  9.965E+01       Fr220   (b-)   Ra220  3.500E-01       Fr221    (a)   At217  1.000E+02       Fr222   (b-)   Ra222  1.000E+02
   Fr223   (b-)   Ra223  9.999E+01       Fr223    (a)   At219  6.000E-03       Fr224   (b-)   Ra224  1.000E+02       Fr225   (b-)   Ra225  1.000E+02
   Fr226   (b-)   Ra226  1.000E+02       Fr227   (b-)   Ra227  1.000E+02       Fr228   (b-)   Ra228  1.000E+02       Fr229   (b-)   Ra229  1.000E+02
   Fr230   (b-)   Ra230  1.000E+02       Fr231   (b-)   Ra231  1.000E+02       Fr232   (b-)   Ra232  1.000E+02       Ra202    (a)   Rn198  1.000E+02
   Ra203    (a)   Rn199  1.000E+02       Ra203m   (a)   Rn199  1.000E+02       Ra204    (a)   Rn200  9.970E+01       Ra204   (b+)   Fr204  3.000E-01
   Ra205    (a)   Rn201  5.000E+01       Ra205   (b+)   Fr205  5.000E+01       Ra205m   (a)   Rn201m 5.000E+01       Ra205m  (IT)   Ra205  5.000E+01
   Ra206    (a)   Rn202  1.000E+02       Ra207    (a)   Rn203  9.000E+01       Ra207   (b+)   Fr207  1.000E+01       Ra207m  (IT)   Ra207  8.500E+01
   Ra207m   (a)   Rn203m 1.445E+01       Ra207m  (b+)   Fr207  5.500E-01       Ra208    (a)   Rn204  9.500E+01       Ra208   (b+)   Fr208  5.000E+00
   Ra209    (a)   Rn205  9.000E+01       Ra209   (b+)   Fr209  1.000E+01       Ra210    (a)   Rn206  9.600E+01       Ra210   (b+)   Fr210  4.000E+00
   Ra211    (a)   Rn207  9.300E+01       Ra211   (b+)   Fr211  7.000E+00       Ra212    (a)   Rn208  8.500E+01       Ra212   (b+)   Fr212  1.500E+01
   Ra213    (a)   Rn209  8.000E+01       Ra213   (b+)   Fr213  2.000E+01       Ra213m   (a)   Rn209  1.000E+00       Ra213m  (IT)   Ra213  9.900E+01
   Ra214    (a)   Rn210  9.994E+01       Ra214   (b+)   Fr214m 5.900E-02       Ra215    (a)   Rn211  1.000E+02       Ra216    (a)   Rn212  1.000E+02
   Ra216   (b+)   Fr216  1.000E-08       Ra217    (a)   Rn213  1.000E+02       Ra218    (a)   Rn214  1.000E+02       Ra219    (a)   Rn215  1.000E+02
   Ra220    (a)   Rn216  1.000E+02       Ra221    (a)   Rn217  1.000E+02       Ra222    (a)   Rn218  1.000E+02       Ra223    (a)   Rn219  1.000E+02
   Ra224    (a)   Rn220  1.000E+02       Ra225   (b-)   Ac225  1.000E+02       Ra226    (a)   Rn222  1.000E+02       Ra227   (b-)   Ac227  1.000E+02
   Ra228   (b-)   Ac228  1.000E+02       Ra229   (b-)   Ac229  1.000E+02       Ra230   (b-)   Ac230  1.000E+02       Ra231   (b-)   Ac231  1.000E+02
   Ra232   (b-)   Ac232  1.000E+02       Ra233   (b-)   Ac233  1.000E+02       Ra234   (b-)   Ac234  1.000E+02       Ac206    (a)   Fr202  9.980E+01
   Ac206   (b+)   Ra206  2.000E-01       Ac206m   (a)   Fr202  1.000E+02       Ac206n   (a)   Fr202m 1.000E+02       Ac207    (a)   Fr203  1.000E+02
   Ac208    (a)   Fr204  9.900E+01       Ac208m   (a)   Fr204n 8.900E+01       Ac208m  (IT)   Ac208  1.000E+01       Ac208m  (b+)   Ra208  1.000E+00
   Ac209    (a)   Fr205  9.900E+01       Ac210    (a)   Fr206m 9.100E+01       Ac210   (b+)   Ra210  9.000E+00       Ac211    (a)   Fr207  1.000E+02
   Ac212    (a)   Fr208  9.700E+01       Ac212   (b+)   Ra212  3.000E+00       Ac213    (a)   Fr209  1.000E+02       Ac214    (a)   Fr210  8.900E+01
   Ac214   (b+)   Ra214  1.100E+01       Ac215    (a)   Fr211  9.991E+01       Ac216    (a)   Fr212  1.000E+02       Ac216m   (a)   Fr212  1.000E+02
   Ac217    (a)   Fr213  1.000E+02       Ac218    (a)   Fr214  1.000E+02       Ac219    (a)   Fr215  1.000E+02       Ac220    (a)   Fr216  1.000E+02
   Ac221    (a)   Fr217  1.000E+02       Ac222    (a)   Fr218  1.000E+02       Ac222m  (b+)   Ra222  1.200E+01       Ac222m   (a)   Fr218  8.800E+01
   Ac223   (b+)   Ra223  1.000E+00       Ac223    (a)   Fr219  9.900E+01       Ac224    (a)   Fr220  9.100E+00       Ac224   (b+)   Ra224  9.090E+01
   Ac225    (a)   Fr221  1.000E+02       Ac226   (b-)   Th226  8.280E+01       Ac226   (b+)   Ra226  1.720E+01       Ac226    (a)   Fr222  6.000E-03
   Ac227   (b-)   Th227  9.862E+01       Ac227    (a)   Fr223  1.380E+00       Ac228   (b-)   Th228  1.000E+02       Ac229   (b-)   Th229  1.000E+02
   Ac230   (b-)   Th230  1.000E+02       Ac231   (b-)   Th231  1.000E+02       Ac232   (b-)   Th232  1.000E+02       Ac233   (b-)   Th233  1.000E+02
   Ac234   (b-)   Th234  1.000E+02       Ac235   (b-)   Th235  1.000E+02       Ac236   (b-)   Th236  1.000E+02       Th209    (a)   Ra205  5.000E+01
   Th209   (b+)   Ac209  5.000E+01       Th210    (a)   Ra206  1.000E+02       Th211    (a)   Ra207  9.950E+01       Th211   (b+)   Ac211  5.000E-01
   Th212    (a)   Ra208  9.970E+01       Th212   (b+)   Ac212  3.000E-01       Th213    (a)   Ra209  1.000E+02       Th214    (a)   Ra210  9.990E+01
   Th214   (b+)   Ac214  1.000E-01       Th215    (a)   Ra211  1.000E+02       Th216    (a)   Ra212  9.999E+01       Th216   (b+)   Ac216  6.000E-03
   Th217    (a)   Ra213  1.000E+02       Th218    (a)   Ra214  1.000E+02       Th219    (a)   Ra215  1.000E+02       Th220    (a)   Ra216  1.000E+02
   Th220   (b+)   Ac220  2.000E-07       Th221    (a)   Ra217  1.000E+02       Th222    (a)   Ra218  1.000E+02       Th223    (a)   Ra219  1.000E+02
   Th224    (a)   Ra220  1.000E+02       Th225    (a)   Ra221  9.000E+01       Th226    (a)   Ra222  1.000E+02       Th227    (a)   Ra223  1.000E+02
   Th228    (a)   Ra224  1.000E+02       Th229    (a)   Ra225  1.000E+02       Th229m  (IT)   Th229  1.000E+02       Th230    (a)   Ra226  1.000E+02
   Th230   (SF)       0  2.500E-11       Th231   (b-)   Pa231  1.000E+02       Th232    (a)   Ra228  1.000E+02       Th232   (SF)       0  1.400E-09
   Th233   (b-)   Pa233  1.000E+02       Th234   (b-)   Pa234m 1.000E+02       Th235   (b-)   Pa235  1.000E+02       Th236   (b-)   Pa236  1.000E+02
   Th237   (b-)   Pa237  1.000E+02       Th238   (b-)   Pa238  1.000E+02       Pa212    (a)   Ac208  5.000E+01       Pa212    (a)   Ac208m 5.000E+01
   Pa213    (a)   Ac209  1.000E+02       Pa214    (a)   Ac210  1.000E+02       Pa215    (a)   Ac211  1.000E+02       Pa216    (a)   Ac212  9.800E+01
   Pa216   (b+)   Th216  2.000E+00       Pa217    (a)   Ac213  1.000E+02       Pa217m   (a)   Ac213  1.000E+02       Pa218    (a)   Ac214  1.000E+02
   Pa219    (a)   Ac215  1.000E+02       Pa220    (a)   Ac216  1.000E+02       Pa220   (b+)   Th220  3.000E-07       Pa221    (a)   Ac217  1.000E+02
   Pa222    (a)   Ac218  1.000E+02       Pa223    (a)   Ac219  1.000E+02       Pa224    (a)   Ac220  9.990E+01       Pa224   (b+)   Th224  1.000E-01
   Pa225    (a)   Ac221  1.000E+02       Pa226    (a)   Ac222  3.700E+01       Pa226    (a)   Ac222m 3.700E+01       Pa226   (b+)   Th226  2.600E+01
   Pa227   (b+)   Th227  1.500E+01       Pa227    (a)   Ac223  8.500E+01       Pa228    (a)   Ac224  2.000E+00       Pa228   (b+)   Th228  9.815E+01
   Pa229    (a)   Ac225  4.800E-01       Pa229   (b+)   Th229  9.952E+01       Pa230   (b-)   U 230  9.500E+00       Pa230   (b+)   Th230  9.050E+01
   Pa230    (a)   Ac226  3.200E-03       Pa231    (a)   Ac227  1.000E+02       Pa231   (SF)       0  3.000E-10       Pa232   (b-)   U 232  1.000E+02
   Pa232   (b+)   Th232  3.000E-03       Pa233   (b-)   U 233  1.000E+02       Pa234   (b-)   U 234  1.000E+02       Pa234m  (b-)   U 234  9.985E+01
   Pa234m  (IT)   Pa234  1.500E-01       Pa235   (b-)   U 235m 1.000E+02       Pa236   (b-)   U 236  1.000E+02       Pa237   (b-)   U 237  1.000E+02
   Pa238   (b-)   U 238  1.000E+02       Pa239   (b-)   U 239  1.000E+02       Pa240   (b-)   U 240  1.000E+02       U 217    (a)   Th213  1.000E+02
   U 218    (a)   Th214  1.000E+02       U 219    (a)   Th215  1.000E+02       U 220    (a)   Th216  5.000E+01       U 220   (b+)   Pa220  5.000E+01
   U 221    (a)   Th217  5.000E+01       U 221   (b+)   Pa221  5.000E+01       U 222    (a)   Th218  1.000E+02       U 222   (b+)   Pa222  1.000E-06
   U 223    (a)   Th219  1.000E+02       U 224    (a)   Th220  1.000E+02       U 224   (b+)   Pa224  1.200E-04       U 225    (a)   Th221  1.000E+02
   U 226    (a)   Th222  1.000E+02       U 227    (a)   Th223  1.000E+02       U 228    (a)   Th224  9.750E+01       U 229   (b+)   Pa229  8.000E+01
   U 229    (a)   Th225  2.000E+01       U 230    (a)   Th226  1.000E+02       U 231   (b+)   Pa231  9.999E+01       U 231    (a)   Th227  5.500E-03
   U 232    (a)   Th228  1.000E+02       U 232   (SF)       0  9.000E-11       U 233    (a)   Th229  1.000E+02       U 234    (a)   Th230  1.000E+02
   U 234   (SF)       0  1.700E-09       U 235    (a)   Th231  1.000E+02       U 235   (SF)       0  7.200E-09       U 235m  (IT)   U 235  1.000E+02
   U 236    (a)   Th232  1.000E+02       U 236   (SF)       0  9.000E-08       U 237   (b-)   Np237  1.000E+02       U 238    (a)   Th234  1.000E+02
   U 238   (SF)       0  5.460E-05       U 239   (b-)   Np239  1.000E+02       U 240   (b-)   Np240  1.000E+02       U 241   (b-)   Np241  1.000E+02
   U 242   (b-)   Np242  1.000E+02       U 243   (b-)   Np243  1.000E+02       U 244   (b-)   Np244  1.000E+02       U 245   (b-)   Np245  1.000E+02
   Np225    (a)   Pa221  1.000E+02       Np226    (a)   Pa222  1.000E+02       Np227    (a)   Pa223  9.995E+01       Np227   (b+)   U 227  5.000E-02
   Np228   (b+)   U 228  5.999E+01       Np228    (a)   Pa224  4.000E+01       Np228 (b+SF)       0  1.200E-02       Np229    (a)   Pa225  5.000E+01
   Np229   (b+)   U 229  5.000E+01       Np230   (b+)   U 230  9.700E+01       Np230    (a)   Pa226  3.000E+00       Np231   (b+)   U 231  9.800E+01
   Np231    (a)   Pa227  2.000E+00       Np232   (b+)   U 232  1.000E+02       Np233    (a)   Pa229  1.000E-03       Np233   (b+)   U 233  1.000E+02
   Np234   (b+)   U 234  1.000E+02       Np235   (b+)   U 235  1.000E+02       Np235    (a)   Pa231  1.400E-03       Np236   (b-)   Pu236  1.180E+01
   Np236   (b+)   U 236  8.804E+01       Np236    (a)   Pa232  1.600E-01       Np236m  (b-)   Pu236  5.000E+01       Np236m  (b+)   U 236  5.000E+01
   Np237    (a)   Pa233  1.000E+02       Np238   (b-)   Pu238  1.000E+02       Np239   (b-)   Pu239  1.000E+02       Np240   (b-)   Pu240  1.000E+02
   Np240m  (b-)   Pu240  9.989E+01       Np240m  (IT)   Np240  1.100E-01       Np241   (b-)   Pu241  1.000E+02       Np242   (b-)   Pu242  1.000E+02
   Np242m  (b-)   Pu242  1.000E+02       Np243   (b-)   Pu243  1.000E+02       Np244   (b-)   Pu244  1.000E+02       Np245   (b-)   Pu245  1.000E+02
   Np246   (b-)   Pu246  1.000E+02       Pu228    (a)   U 224  9.990E+01       Pu228   (b+)   Np228  1.000E-01       Pu229    (a)   U 225  1.000E+02
   Pu230    (a)   U 226  5.000E+01       Pu230   (b+)   Np230  5.000E+01       Pu231   (b+)   Np231  8.700E+01       Pu231    (a)   U 227  1.300E+01
   Pu232   (b+)   Np232  8.900E+01       Pu232    (a)   U 228  1.100E+01       Pu233   (b+)   Np233  9.988E+01       Pu233    (a)   U 229  1.200E-01
   Pu234   (b+)   Np234  9.400E+01       Pu234    (a)   U 230  6.000E+00       Pu235    (a)   U 231  2.700E-03       Pu235   (b+)   Np235  1.000E+02
   Pu236    (a)   U 232  1.000E+02       Pu236   (SF)       0  8.200E-08       Pu237   (b+)   Np237  1.000E+02       Pu237    (a)   U 233  4.200E-03
   Pu237m  (IT)   Pu237  1.000E+02       Pu238    (a)   U 234  1.000E+02       Pu238   (SF)       0  1.860E-07       Pu239    (a)   U 235  6.000E-02
   Pu239    (a)   U 235m 9.994E+01       Pu239   (SF)       0  3.100E-10       Pu240    (a)   U 236  1.000E+02       Pu240   (SF)       0  5.700E-06
   Pu241   (b-)   Am241  1.000E+02       Pu241    (a)   U 237  2.460E-03       Pu242    (a)   U 238  1.000E+02       Pu242   (SF)       0  5.500E-04
   Pu243   (b-)   Am243  1.000E+02       Pu244    (a)   U 240  9.988E+01       Pu244   (SF)       0  1.250E-01       Pu245   (b-)   Am245  1.000E+02
   Pu246   (b-)   Am246m 1.000E+02       Pu247   (b-)   Am247  1.000E+02       Am231   (b+)   Pu231  5.000E+01       Am231    (a)   Np227  5.000E+01
   Am232   (b+)   Pu232  9.793E+01       Am232    (a)   Np228  2.000E+00       Am232 (b+SF)       0  6.900E-02       Am233   (b+)   Pu233  9.700E+01
   Am233    (a)   Np229  3.000E+00       Am234   (b+)   Pu234  9.995E+01       Am234    (a)   Np230  3.900E-02       Am234 (b+SF)       0  6.600E-03
   Am235   (b+)   Pu235  9.960E+01       Am235    (a)   Np231  4.000E-01       Am236   (b+)   Pu236  5.000E+01       Am236    (a)   Np232  5.000E+01
   Am237   (b+)   Pu237  9.998E+01       Am237    (a)   Np233  2.500E-02       Am238   (b+)   Pu238  1.000E+02       Am238    (a)   Np234  1.000E-04
   Am239   (b+)   Pu239  9.999E+01       Am239    (a)   Np235  1.000E-02       Am240   (b+)   Pu240  1.000E+02       Am240    (a)   Np236  1.900E-04
   Am241    (a)   Np237  1.000E+02       Am241   (SF)       0  4.300E-10       Am242   (b-)   Cm242  8.320E+01       Am242   (b+)   Pu242  1.680E+01
   Am242m  (IT)   Am242  9.954E+01       Am242m   (a)   Np238  4.630E-01       Am242m  (SF)       0  1.600E-08       Am242n  (SF)       0  1.000E+02
   Am243    (a)   Np239  1.000E+02       Am243   (SF)       0  3.700E-09       Am244   (b-)   Cm244  1.000E+02       Am244m  (b-)   Cm244  9.996E+01
   Am244m  (b+)   Pu244  4.100E-02       Am245   (b-)   Cm245  1.000E+02       Am246   (b-)   Cm246  1.000E+02       Am246m  (b-)   Cm246  1.000E+02
   Am247   (b-)   Cm247  1.000E+02       Am248   (b-)   Cm248  1.000E+02       Am249   (b-)   Cm249  1.000E+02       Am250   (b-)   Cm250  1.000E+02
   Cm233    (a)   Pu229  5.000E+01       Cm233   (b+)   Am233  5.000E+01       Cm234    (a)   Pu230  5.000E+01       Cm234   (b+)   Am234  4.700E+01
   Cm234   (SF)       0  3.000E+00       Cm235   (b+)   Am235  5.000E+01       Cm235    (a)   Pu231  5.000E+01       Cm236   (b+)   Am236  5.000E+01
   Cm236    (a)   Pu232  5.000E+01       Cm237   (b+)   Am237  5.000E+01       Cm237    (a)   Pu233  5.000E+01       Cm238   (b+)   Am238  9.000E+01
   Cm238    (a)   Pu234  1.000E+01       Cm239   (b+)   Am239  1.000E+02       Cm240    (a)   Pu236  9.970E+01       Cm241   (b+)   Am241  9.900E+01
   Cm241    (a)   Pu237  1.000E+00       Cm242    (a)   Pu238  1.000E+02       Cm242   (SF)       0  6.100E-06       Cm243   (b+)   Am243  2.400E-01
   Cm243    (a)   Pu239  9.976E+01       Cm244    (a)   Pu240  1.000E+02       Cm244   (SF)       0  1.380E-04       Cm244m  (IT)   Cm244  1.000E+02
   Cm245    (a)   Pu241  1.000E+02       Cm246    (a)   Pu242  9.997E+01       Cm246   (SF)       0  2.614E-02       Cm247    (a)   Pu243  1.000E+02
   Cm248    (a)   Pu244  9.174E+01       Cm248   (SF)       0  8.260E+00       Cm249   (b-)   Bk249  1.000E+02       Cm250    (a)   Pu246  3.000E+01
   Cm250   (SF)       0  7.000E+01       Cm251   (b-)   Bk251  1.000E+02       Cm252   (b-)   Bk252  1.000E+02       Bk235   (b+)   Cm235  5.000E+01
   Bk235    (a)   Am231  5.000E+01       Bk236   (b+)   Cm236  5.000E+01       Bk236    (a)   Am232  5.000E+01       Bk237   (b+)   Cm237  5.000E+01
   Bk237    (a)   Am233  5.000E+01       Bk238   (b+)   Cm238  9.975E+01       Bk238    (a)   Am234  2.000E-01       Bk238 (b+SF)       0  4.800E-02
   Bk239   (b+)   Cm239  5.000E+01       Bk239    (a)   Am235  5.000E+01       Bk240   (b+)   Cm240  9.000E+01       Bk240    (a)   Am236  1.000E+01
   Bk240 (b+SF)       0  2.000E-03       Bk241    (a)   Am237  5.000E+01       Bk241   (b+)   Cm241  5.000E+01       Bk242   (b+)   Cm242  1.000E+02
   Bk242 (b+SF)       0  3.000E-05       Bk243   (b+)   Cm243  9.985E+01       Bk243    (a)   Am239  1.500E-01       Bk244   (b+)   Cm244  9.999E+01
   Bk244    (a)   Am240  6.006E-03       Bk245    (a)   Am241  1.200E-01       Bk245   (b+)   Cm245  9.988E+01       Bk246   (b+)   Cm246  1.000E+02
   Bk247    (a)   Am243  1.000E+02       Bk248    (a)   Am244  1.000E+02       Bk248m  (b-)   Cf248  7.000E+01       Bk248m  (b+)   Cm248  3.000E+01
   Bk249   (b-)   Cf249  1.000E+02       Bk249    (a)   Am245  1.450E-03       Bk249   (SF)       0  4.690E-08       Bk250   (b-)   Cf250  1.000E+02
   Bk251   (b-)   Cf251  1.000E+02       Bk252   (b-)   Cf252  5.000E+01       Bk252    (a)   Am248  5.000E+01       Bk253   (b-)   Cf253  1.000E+02
   Bk254   (b-)   Cf254  1.000E+02       Cf237    (a)   Cm233  4.500E+01       Cf237   (SF)       0  1.000E+01       Cf237   (b+)   Bk237  4.500E+01
   Cf238   (SF)       0  9.980E+01       Cf238    (a)   Cm234  1.996E-01       Cf239    (a)   Cm235  5.000E+01       Cf239   (b+)   Bk239  5.000E+01
   Cf240    (a)   Cm236  9.800E+01       Cf240   (SF)       0  2.000E+00       Cf241   (b+)   Bk241  7.500E+01       Cf241    (a)   Cm237  2.500E+01
   Cf242    (a)   Cm238  8.000E+01       Cf242   (b+)   Bk242  1.999E+01       Cf242   (SF)       0  1.400E-02       Cf243   (b+)   Bk243  8.600E+01
   Cf243    (a)   Cm239  1.400E+01       Cf244    (a)   Cm240  1.000E+02       Cf245   (b+)   Bk245  6.400E+01       Cf245    (a)   Cm241  3.600E+01
   Cf246    (a)   Cm242  1.000E+02       Cf247   (b+)   Bk247  9.997E+01       Cf247    (a)   Cm243  3.500E-02       Cf248    (a)   Cm244  1.000E+02
   Cf249    (a)   Cm245  1.000E+02       Cf249   (SF)       0  5.200E-07       Cf250    (a)   Cm246  9.992E+01       Cf250   (SF)       0  7.700E-02
   Cf251    (a)   Cm247  1.000E+02       Cf252    (a)   Cm248  9.691E+01       Cf252   (SF)       0  3.092E+00       Cf253   (b-)   Es253  9.969E+01
   Cf253    (a)   Cm249  3.100E-01       Cf254   (SF)       0  9.969E+01       Cf254    (a)   Cm250  3.090E-01       Cf255   (b-)   Es255  1.000E+02
   Cf255   (SF)       0  1.000E-03       Cf255    (a)   Cm251  2.000E-07       Cf256   (SF)       0  1.000E+02       Cf256    (a)   Cm252  6.200E-07
   Es240    (a)   Bk236  5.000E+01       Es240   (b+)   Cf240  5.000E+01       Es241    (a)   Bk237  5.000E+01       Es241   (b+)   Cf241  5.000E+01
   Es242    (a)   Bk238  5.000E+01       Es242   (b+)   Cf242  4.940E+01       Es242 (b+SF)       0  6.000E-01       Es243   (b+)   Cf243  7.000E+01
   Es243    (a)   Bk239  3.000E+01       Es244   (b+)   Cf244  9.499E+01       Es244    (a)   Bk240  5.000E+00       Es244 (b+SF)       0  1.000E-02
   Es245   (b+)   Cf245  6.000E+01       Es245    (a)   Bk241  4.000E+01       Es246   (b+)   Cf246  9.010E+01       Es246    (a)   Bk242  9.900E+00
   Es246 (b+SF)       0  3.000E-03       Es247   (b+)   Cf247  9.300E+01       Es247    (a)   Bk243  7.000E+00       Es247   (SF)       0  9.000E-05
   Es248   (b+)   Cf248  9.975E+01       Es248    (a)   Bk244  2.500E-01       Es248 (b+SF)       0  3.000E-05       Es249    (a)   Bk245  5.700E-01
   Es249   (b+)   Cf249  9.943E+01       Es250   (b+)   Cf250  1.000E+02       Es250m  (b+)   Cf250  1.000E+02       Es251   (b+)   Cf251  9.950E+01
   Es251    (a)   Bk247  5.000E-01       Es252    (a)   Bk248  7.800E+01       Es252   (b+)   Cf252  2.200E+01       Es253    (a)   Bk249  1.000E+02
   Es253   (SF)       0  8.700E-06       Es254    (a)   Bk250  1.000E+02       Es254m  (b-)   Fm254  9.959E+01       Es254m  (b+)   Cf254  7.798E-02
   Es254m   (a)   Bk250  3.299E-01       Es255   (b-)   Fm255  9.200E+01       Es255    (a)   Bk251  8.000E+00       Es255   (SF)       0  4.000E-03
   Es256   (b-)   Fm256  1.000E+02       Es256m  (b-)   Fm256  1.000E+02       Es257   (b-)   Fm257  1.000E+02       Es257    (a)   Bk253  4.000E-04
   Es258   (b-)   Fm258  5.000E+01       Es258    (a)   Bk254  5.000E+01       Fm242   (SF)       0  5.000E+01       Fm242    (a)   Cf238  5.000E+01
   Fm243    (a)   Cf239  6.000E+01       Fm243   (b+)   Es243  3.943E+01       Fm243   (SF)       0  5.700E-01       Fm244   (SF)       0  9.960E+01
   Fm244    (a)   Cf240  4.000E-01       Fm245    (a)   Cf241  9.567E+01       Fm245   (b+)   Es245  4.200E+00       Fm245   (SF)       0  1.300E-01
   Fm246    (a)   Cf242  8.550E+01       Fm246   (SF)       0  4.500E+00       Fm246 (b+SF)       0  1.000E+01       Fm247    (a)   Cf243  5.000E+01
   Fm247   (b+)   Es247  5.000E+01       Fm248    (a)   Cf244  9.291E+01       Fm248   (b+)   Es248  6.993E+00       Fm248   (SF)       0  9.990E-02
   Fm249   (b+)   Es249  6.700E+01       Fm249    (a)   Cf245  3.300E+01       Fm250    (a)   Cf246  8.999E+01       Fm250   (b+)   Es250m 9.999E+00
   Fm250   (SF)       0  6.900E-03       Fm250m  (IT)   Fm250  8.000E+01       Fm250m   (a)   Cf246  2.000E+01       Fm250m  (SF)       0  8.200E-05
   Fm251   (b+)   Es251  9.820E+01       Fm251    (a)   Cf247  1.800E+00       Fm252    (a)   Cf248  1.000E+02       Fm253   (b+)   Es253  8.800E+01
   Fm253    (a)   Cf249  1.200E+01       Fm254    (a)   Cf250  9.994E+01       Fm255    (a)   Cf251  1.000E+02       Fm256   (SF)       0  9.190E+01
   Fm256    (a)   Cf252  8.100E+00       Fm257    (a)   Cf253  9.979E+01       Fm258   (SF)       0  1.000E+02       Fm259   (SF)       0  1.000E+02
   Md245   (SF)       0  5.000E+01       Md245    (a)   Es241  5.000E+01       Md245m   (a)   Es241  5.000E+01       Md245m  (b+)   Fm245  5.000E+01
   Md246    (a)   Es242  3.333E+01       Md246   (b+)   Fm246  3.333E+01       Md246   (SF)       0  3.333E+01       Md247   (SF)       0  5.000E+01
   Md247    (a)   Es243  5.000E+01       Md247m   (a)   Es243  1.000E+02       Md247m  (SF)       0  1.000E-04       Md248   (b+)   Fm248  7.995E+01
   Md248    (a)   Es244  2.000E+01       Md248 (b+SF)       0  5.000E-02       Md249    (a)   Es245  6.000E+01       Md249   (b+)   Fm249  4.000E+01
   Md249m   (a)   Es245  1.000E+02       Md250   (b+)   Fm250  4.649E+01       Md250   (b+)   Fm250m 4.649E+01       Md250    (a)   Es246  7.000E+00
   Md250 (b+SF)       0  2.000E-02       Md251   (b+)   Fm251  9.500E+01       Md251    (a)   Es247  5.000E+00       Md252   (b+)   Fm252  5.000E+01
   Md252    (a)   Es248  5.000E+01       Md253   (b+)   Fm253  9.940E+01       Md253    (a)   Es249  6.000E-01       Md254   (b+)   Fm254  1.000E+02
   Md254m  (b+)   Fm254  1.000E+02       Md255   (b+)   Fm255  9.186E+01       Md255    (a)   Es251  7.988E+00       Md255   (SF)       0  1.498E-01
   Md256   (b+)   Fm256  8.780E+01       Md256    (a)   Es252  9.200E+00       Md256   (SF)       0  3.000E+00       Md257   (b+)   Fm257  8.173E+01
   Md257    (a)   Es253  1.442E+01       Md257   (SF)       0  3.846E+00       Md258    (a)   Es254  1.000E+02       Md258   (b+)   Fm258  1.500E-03
   Md258   (b-)   No258  1.500E-03       Md258m  (b+)   Fm258  6.880E+01       Md258m  (SF)       0  2.000E+01       Md258m  (b-)   No258  1.000E+01
   Md258m   (a)   Es254m 1.200E+00       Md259   (SF)       0  9.870E+01       Md259    (a)   Es255  1.300E+00       Md260   (SF)       0  9.150E+01
   Md260    (a)   Es256  2.500E+00       Md260    (a)   Es256m 2.500E+00       Md260   (b-)   No260  3.500E+00       Md261    (a)   Es257  1.000E+02
   No249   (b+)   Md249  2.500E+01       No249   (b+)   Md249m 2.500E+01       No249    (a)   Fm245  5.000E+01       No250   (SF)       0  9.990E+01
   No250    (a)   Fm246  1.000E-01       No250   (b+)   Md250  2.500E-04       No251    (a)   Fm247  1.000E+02       No251m   (a)   Fm247  1.000E+02
   No252    (a)   Fm248  6.700E+01       No252   (SF)       0  3.220E+01       No252   (b+)   Md252  8.000E-01       No253    (a)   Fm249  8.000E+01
   No253   (b+)   Md253  2.000E+01       No253   (SF)       0  1.000E-03       No254    (a)   Fm250  8.985E+01       No254   (b+)   Md254  9.983E+00
   No254   (SF)       0  1.697E-01       No254m  (IT)   No254  8.000E+01       No254m   (a)   Fm250  1.000E+01       No254m   (a)   Fm250m 1.000E+01
   No255    (a)   Fm251  6.100E+01       No255   (b+)   Md255  3.900E+01       No256    (a)   Fm252  9.950E+01       No257    (a)   Fm253  1.000E+02
   No258   (SF)       0  1.000E+02       No258    (a)   Fm254  1.000E-03       No259    (a)   Fm255  6.818E+01       No259   (b+)   Md259  2.273E+01
   No259   (SF)       0  9.091E+00       No260   (SF)       0  1.000E+02       No261    (a)   Fm257  1.000E+02       No262   (SF)       0  1.000E+02
   Lr251   (b+)   No251  2.500E+01       Lr251   (b+)   No251m 2.500E+01       Lr251    (a)   Md247  2.500E+01       Lr251    (a)   Md247m 2.500E+01
   Lr252   (b+)   No252  7.100E+01       Lr252    (a)   Md248  2.800E+01       Lr252   (SF)       0  1.000E+00       Lr253    (a)   Md249  9.615E+01
   Lr253   (SF)       0  2.778E+00       Lr253   (b+)   No253  1.068E+00       Lr253m   (a)   Md249m 9.091E+01       Lr253m  (SF)       0  8.081E+00
   Lr253m  (b+)   No253  1.010E+00       Lr254    (a)   Md250  7.600E+01       Lr254   (b+)   No254  1.200E+01       Lr254   (b+)   No254m 1.200E+01
   Lr255    (a)   Md251  6.900E+01       Lr255   (b+)   No255  3.000E+01       Lr255   (SF)       0  1.000E+00       Lr256    (a)   Md252  8.497E+01
   Lr256   (b+)   No256  1.500E+01       Lr256   (SF)       0  2.999E-02       Lr257    (a)   Md253  1.000E+02       Lr258    (a)   Md254  4.750E+01
   Lr258    (a)   Md254m 4.750E+01       Lr258   (b+)   No258  5.000E+00       Lr259    (a)   Md255  7.753E+01       Lr259   (SF)       0  2.187E+01
   Lr259   (b+)   No259  5.964E-01       Lr260    (a)   Md256  8.000E+01       Lr260   (b+)   No260  2.000E+01       Lr261   (SF)       0  5.000E+01
   Lr261    (a)   Md257  5.000E+01       Lr262   (b+)   No262  4.500E+01       Lr262   (SF)       0  1.000E+01       Lr262    (a)   Md258  2.250E+01
   Lr262    (a)   Md258m 2.250E+01       Lr263    (a)   Md259  1.000E+02       Rf253   (SF)       0  5.000E+01       Rf253    (a)   No249  5.000E+01
   Rf254   (SF)       0  9.850E+01       Rf254    (a)   No250  1.500E+00       Rf255    (a)   No251m 4.800E+01       Rf255   (SF)       0  5.200E+01
   Rf255m   (a)   No251  1.000E+02       Rf256   (SF)       0  9.968E+01       Rf256    (a)   No252  3.200E-01       Rf257    (a)   No253  8.760E+01
   Rf257   (b+)   Lr257  1.100E+01       Rf257   (SF)       0  1.400E+00       Rf257m   (a)   No253  9.930E+01       Rf257m  (SF)       0  6.951E-01
   Rf258   (SF)       0  8.700E+01       Rf258    (a)   No254  1.300E+01       Rf259    (a)   No255  9.172E+01       Rf259   (SF)       0  7.976E+00
   Rf259   (b+)   Lr259  2.991E-01       Rf260   (SF)       0  9.799E+01       Rf260    (a)   No256  2.000E+00       Rf260   (b+)   Lr260  1.000E-02
   Rf261    (a)   No257  6.000E+01       Rf261   (SF)       0  4.000E+01       Rf261m   (a)   No257  7.500E+01       Rf261m  (b+)   Lr261  1.500E+01
   Rf261m  (SF)       0  1.000E+01       Rf262   (SF)       0  9.920E+01       Rf262    (a)   No258  8.000E-01       Rf262m  (SF)       0  1.000E+02
   Rf263   (SF)       0  7.000E+01       Rf263    (a)   No259  3.000E+01       Rf264    (a)   No260  1.000E+02       Rf265    (a)   No261  1.000E+02
   Db255    (a)   Lr251  8.000E+01       Db255   (SF)       0  2.000E+01       Db256    (a)   Lr252  3.200E+01       Db256   (b+)   Rf256  3.600E+01
   Db256   (SF)       0  3.200E+01       Db257    (a)   Lr253  4.653E+01       Db257    (a)   Lr253m 4.653E+01       Db257   (SF)       0  5.941E+00
   Db257   (b+)   Rf257m 9.901E-01       Db257m   (a)   Lr253  4.307E+01       Db257m   (a)   Lr253m 4.307E+01       Db257m  (SF)       0  1.287E+01
   Db257m  (b+)   Rf257  9.901E-01       Db258    (a)   Lr254  6.337E+01       Db258   (b+)   Rf258  3.564E+01       Db258   (SF)       0  9.901E-01
   Db258m  (b+)   Rf258  1.000E+02       Db259    (a)   Lr255  1.000E+02       Db260    (a)   Lr256  8.820E+01       Db260   (SF)       0  9.366E+00
   Db260   (b+)   Rf260  2.439E+00       Db261    (a)   Lr257  8.200E+01       Db261   (SF)       0  1.800E+01       Db262    (a)   Lr258  6.700E+01
   Db262   (SF)       0  3.000E+01       Db262   (b+)   Rf262  1.500E+00       Db262   (b+)   Rf262m 1.500E+00       Db263   (SF)       0  5.600E+01
   Db263    (a)   Lr259  3.710E+01       Db263   (b+)   Rf263  6.900E+00       Db264    (a)   Lr260  1.000E+02       Db265    (a)   Lr261  1.000E+02
   Sg258   (SF)       0  8.000E+01       Sg258    (a)   Rf254  2.000E+01       Sg259    (a)   Rf255m 8.182E+01       Sg259   (SF)       0  1.818E+01
   Sg260   (SF)       0  6.000E+01       Sg260    (a)   Rf256  4.000E+01       Sg261    (a)   Rf257  4.950E+01       Sg261    (a)   Rf257m 4.950E+01
   Sg261   (SF)       0  1.000E+00       Sg262   (SF)       0  7.800E+01       Sg262    (a)   Rf258  2.200E+01       Sg263    (a)   Rf259  7.000E+01
   Sg263   (SF)       0  3.000E+01       Sg263m   (a)   Rf259  5.000E+01       Sg263m  (IT)   Sg263  5.000E+01       Sg264    (a)   Rf260  1.000E+02
   Sg265    (a)   Rf261m 5.000E+01       Sg265   (SF)       0  5.000E+01       Sg266    (a)   Rf262  1.700E+01       Sg266    (a)   Rf262m 1.700E+01
   Sg266   (SF)       0  6.600E+01       Sg269    (a)   Rf265  1.000E+02       Bh260    (a)   Db256  1.000E+02       Bh261    (a)   Db257  4.524E+01
   Bh261    (a)   Db257m 4.524E+01       Bh261   (SF)       0  9.524E+00       Bh262    (a)   Db258  4.000E+01       Bh262    (a)   Db258m 4.000E+01
   Bh262   (SF)       0  2.000E+01       Bh262m   (a)   Db258  4.500E+01       Bh262m   (a)   Db258m 4.500E+01       Bh262m  (SF)       0  1.000E+01
   Bh263    (a)   Db259  1.000E+02       Bh264    (a)   Db260  5.000E+01       Bh264   (b+)   Sg264  5.000E+01       Bh265    (a)   Db261  1.000E+02
   Bh266    (a)   Db262  1.000E+02       Bh267    (a)   Db263  1.000E+02       Bh269    (a)   Db265  1.000E+02       Hs263    (a)   Sg259  1.000E+02
   Hs264    (a)   Sg260  5.000E+01       Hs264   (SF)       0  5.000E+01       Hs265    (a)   Sg261  9.900E+01       Hs265   (SF)       0  1.000E+00
   Hs265m   (a)   Sg261  1.000E+02       Hs266    (a)   Sg262  9.860E+01       Hs266   (SF)       0  1.400E+00       Hs267    (a)   Sg263m 1.000E+02
   Hs268    (a)   Sg264  1.000E+02       Hs269    (a)   Sg265  1.000E+02       Hs273    (a)   Sg269  1.000E+02       Hs277   (SF)       0  1.000E+02
   Mt265    (a)   Bh261  1.000E+02       Mt266    (a)   Bh262  4.725E+01       Mt266    (a)   Bh262m 4.725E+01       Mt266   (SF)       0  5.500E+00
   Mt266m   (a)   Bh262  5.000E+01       Mt266m   (a)   Bh262m 5.000E+01       Mt267    (a)   Bh263  1.000E+02       Mt268    (a)   Bh264  1.000E+02
   Mt269    (a)   Bh265  1.000E+02       Mt270    (a)   Bh266  1.000E+02       Mt271    (a)   Bh267  1.000E+02       Mt273    (a)   Bh269  5.000E+01
   Mt273   (SF)       0  5.000E+01       Ds267    (a)   Hs263  1.000E+02       Ds268    (a)   Hs264  1.000E+02       Ds269    (a)   Hs265m 1.000E+02
   Ds270    (a)   Hs266  9.980E+01       Ds270   (SF)       0  2.000E-01       Ds270m   (a)   Hs266  5.000E+01       Ds270m  (IT)   Ds270  5.000E+01
   Ds271    (a)   Hs267  1.000E+02       Ds271m   (a)   Hs267  1.000E+02       Ds272   (SF)       0  1.000E+02       Ds273    (a)   Hs269  1.000E+02
   Ds273m   (a)   Hs269  1.000E+02       Ds281    (a)   Hs277  1.500E+01       Ds281   (SF)       0  8.500E+01       Rg272    (a)   Mt268  1.000E+02
1                                                 C R O S S     S E C T I O N S     I N     B A R N S 

  Li  6 (a,nonel)        4.284E-01      Li  6 (a,a    ) H   3  1.651E-01      Li  6 (a,np   ) He  5  1.778E-07      Li  6 (a,d    ) He  5  1.429E-01
  Li  6 (a,p    ) He  6  1.160E-01      Li  6 (a,g    ) Li  7  6.771E-08      Li  7 (a,nonel)        4.061E-01      Li  7 (a,2a   )        2.784E-08
  Li  7 (a,a    ) H   4  1.526E-01      Li  7 (a,t    ) He  5  4.058E-02      Li  7 (a,p    ) He  7  1.088E-02      Li  7 (a,n    ) Li  7  1.792E-01
  Li  7 (a,g    ) Li  8  1.865E-06      Be  7 (a,nonel)        3.962E-01      Be  7 (a,2a   ) n   0  2.890E-08      Be  7 (a,a    ) He  4  1.133E-01
  Be  7 (a,h    ) He  5  4.051E-02      Be  7 (a,p    ) Li  7  2.424E-01      Be  7 (a,g    ) Be  8  8.441E-07      Be  9 (a,nonel)        5.071E-01
  Be  9 (a,na   ) He  5  3.161E-02      Be  9 (a,a    ) He  6  4.820E-02      Be  9 (a,n    ) Be  9  4.547E-01      Be  9 (a,g    ) Be 10  1.117E-05
  Be 10 (a,nonel)        6.830E-01      Be 10 (a,a    ) He  7  6.251E-03      Be 10 (a,2n   ) Be  9  6.171E-03      Be 10 (a,n    ) Be 10  6.710E-01
  Be 10 (a,g    ) Be 11  7.763E-06      Be 11 (a,nonel)        8.978E-01      Be 11 (a,na   ) He  7  8.644E-03      Be 11 (a,a    ) He  8  3.585E-02
  Be 11 (a,3n   ) Be  9  1.023E-03      Be 11 (a,2n   ) Be 10  5.742E-01      Be 11 (a,n    ) Be 11  2.792E-01      Be 11 (a,g    ) Be 12  1.056E-05
  B  10 (a,nonel)        6.014E-01      B  10 (a,a    ) Li  7  1.191E-01      B  10 (a,np   ) Be  9  3.727E-05      B  10 (a,d    ) Be  9  7.433E-02
  B  10 (a,p    ) Be 10  2.303E-01      B  10 (a,n    ) B  10  1.777E-01      B  10 (a,g    ) B  11  4.039E-07      B  11 (a,nonel)        2.733E-01
  B  11 (a,a    ) Li  8  2.766E-02      B  11 (a,t    ) Be  9  1.079E-03      B  11 (a,p    ) Be 11  4.161E-02      B  11 (a,n    ) B  11  2.003E-01
  B  11 (a,g    ) B  12  1.443E-05      C  10 (a,nonel)        5.700E-01      C  10 (a,pa   ) Li  6  3.571E-10      C  10 (a,a    ) Be  7  3.410E-04
  C  10 (a,2p   ) Be  9  2.180E-02      C  10 (a,p    ) B  10  5.479E-01      C  10 (a,g    ) C  11  1.479E-06      C  11 (a,nonel)        3.569E-01
  C  11 (a,a    ) Be  8  1.172E-02      C  11 (a,h    ) Be  9  1.235E-02      C  11 (a,p    ) B  11  3.219E-01      C  11 (a,g    ) C  12  2.571E-06
  C  12 (a,nonel)        1.059E-04      C  12 (a,a    ) Be  9  1.500E-05      C  12 (a,g    ) C  13  8.288E-08      C  13 (a,nonel)        2.602E-01
  C  13 (a,a    ) Be 10  6.037E-03      C  13 (a,n    ) C  13  2.452E-01      C  13 (a,g    ) C  14  6.202E-06      C  14 (a,nonel)        3.800E-01
  C  14 (a,n    ) C  14  3.789E-01      C  14 (a,g    ) C  15  3.069E-06      C  15 (a,nonel)        7.627E-01      C  15 (a,na   ) Be 11  5.137E-02
  C  15 (a,a    ) Be 12  5.062E-02      C  15 (a,2n   ) C  14  8.439E-02      C  15 (a,n    ) C  15  5.763E-01      C  15 (a,g    ) C  16  8.385E-06
  N  13 (a,nonel)        3.873E-01      N  13 (a,pa   ) Be  9  2.976E-06      N  13 (a,a    ) B  10  9.414E-03      N  13 (a,p    ) C  13  3.779E-01
  N  13 (a,g    ) N  14  1.225E-06      N  14 (a,nonel)        2.245E-01      N  14 (a,a    ) B  11  1.761E-01      N  14 (a,d    ) C  13  2.559E-02
  N  14 (a,p    ) C  14  1.677E-02      N  14 (a,g    ) N  15  3.924E-07      N  15 (a,nonel)        4.895E-03      N  15 (a,p    ) C  15  4.861E-03
  N  15 (a,g    ) N  16  4.766E-06      N  16 (a,nonel)        6.465E-01      N  16 (a,na   ) B  12  9.693E-02      N  16 (a,a    ) B  13  8.315E-02
  N  16 (a,d    ) C  15  1.857E-04      N  16 (a,p    ) C  16  1.768E-02      N  16 (a,n    ) N  16  4.485E-01      N  16 (a,g    ) N  17  1.486E-05
  N  17 (a,nonel)        7.409E-01      N  17 (a,a    ) B  14  2.999E-02      N  17 (a,t    ) C  15  3.609E-04      N  17 (a,p    ) C  17  6.969E-03
  N  17 (a,2n   ) N  16  3.152E-02      N  17 (a,n    ) N  17  6.709E-01      N  17 (a,g    ) N  18  1.254E-05      O  14 (a,nonel)        3.584E-01
  O  14 (a,2p   ) C  13  1.614E-04      O  14 (a,p    ) N  14  3.582E-01      O  14 (a,g    ) O  15  6.620E-07      O  15 (a,nonel)        8.570E-02
  O  15 (a,p    ) N  15  8.569E-02      O  15 (a,g    ) O  16  1.985E-06      O  16 (a,nonel)        7.470E-05      O  16 (a,g    ) O  17  4.895E-07
  O  17 (a,nonel)        3.166E-01      O  17 (a,na   ) C  13  3.665E-03      O  17 (a,a    ) C  14  3.503E-02      O  17 (a,n    ) O  17  2.753E-01
  O  17 (a,g    ) O  18  7.747E-06      O  18 (a,nonel)        5.321E-01      O  18 (a,a    ) C  15  4.427E-02      O  18 (a,n    ) O  18  4.813E-01
  O  18 (a,g    ) O  19  2.151E-05      O  19 (a,nonel)        6.665E-01      O  19 (a,na   ) C  15  2.270E-05      O  19 (a,a    ) C  16  1.554E-02
  O  19 (a,p    ) N  19  1.290E-04      O  19 (a,2n   ) O  18  1.328E-02      O  19 (a,n    ) O  19  6.370E-01      O  19 (a,g    ) O  20  9.229E-06
  O  20 (a,nonel)        7.016E-01      O  20 (a,a    ) C  17  1.392E-02      O  20 (a,p    ) N  20  8.068E-05      O  20 (a,2n   ) O  19  3.808E-01
  O  20 (a,n    ) O  20  3.068E-01      O  20 (a,g    ) O  21  1.040E-05      O  21 (a,nonel)        7.345E-01      O  21 (a,na   ) C  17  2.248E-07
  O  21 (a,a    ) C  18  2.629E-03      O  21 (a,p    ) N  21  2.762E-05      O  21 (a,2n   ) O  20  5.486E-01      O  21 (a,n    ) O  21  1.834E-01
  O  21 (a,g    ) O  22  2.990E-06      O  22 (a,nonel)        7.664E-01      O  22 (a,a    ) C  19  4.954E-04      O  22 (a,2n   ) O  21  7.013E-01
  O  22 (a,n    ) O  22  6.466E-02      O  22 (a,g    ) O  23  2.187E-06      F  17 (a,nonel)        4.128E-01      F  17 (a,pa   ) C  13  1.224E-02
  F  17 (a,a    ) N  14  2.017E-02      F  17 (a,p    ) O  17  3.804E-01      F  17 (a,g    ) F  18  1.717E-06      F  18 (a,nonel)        5.041E-01
  F  18 (a,a    ) N  15  8.929E-02      F  18 (a,np   ) O  17  8.412E-06      F  18 (a,d    ) O  17  1.015E-02      F  18 (a,p    ) O  18  3.136E-01
  F  18 (a,n    ) F  18  8.933E-02      F  18 (a,g    ) F  19  2.435E-06      F  19 (a,nonel)        4.475E-01      F  19 (a,2a   ) B  12  3.086E-09
  F  19 (a,a    ) N  16  1.659E-01      F  19 (a,p    ) O  19  1.760E-02      F  19 (a,n    ) F  19  2.629E-01      F  19 (a,g    ) F  20  2.644E-05
  F  20 (a,nonel)        5.741E-01      F  20 (a,a    ) N  17  5.279E-02      F  20 (a,np   ) O  19  5.649E-04      F  20 (a,d    ) O  19  1.742E-03
  F  20 (a,p    ) O  20  3.999E-02      F  20 (a,n    ) F  20  4.790E-01      F  20 (a,g    ) F  21  3.635E-05      F  21 (a,nonel)        6.008E-01
  F  21 (a,a    ) N  18  1.266E-02      F  21 (a,t    ) O  19  5.229E-06      F  21 (a,p    ) O  21  1.066E-02      F  21 (a,2n   ) F  20  5.809E-02
  F  21 (a,n    ) F  21  5.194E-01      F  21 (a,g    ) F  22  2.477E-05      F  22 (a,nonel)        6.338E-01      F  22 (a,a    ) N  19  2.285E-02
  F  22 (a,t    ) O  20  4.823E-06      F  22 (a,np   ) O  21  4.279E-06      F  22 (a,d    ) O  21  1.699E-04      F  22 (a,p    ) O  22  1.545E-03
  F  22 (a,2n   ) F  21  2.567E-01      F  22 (a,n    ) F  22  3.525E-01      F  22 (a,g    ) F  23  5.640E-06      F  23 (a,nonel)        6.685E-01
  F  23 (a,a    ) N  20  1.002E-04      F  23 (a,t    ) O  21  7.674E-05      F  23 (a,p    ) O  23  1.132E-04      F  23 (a,2n   ) F  22  5.198E-01
  F  23 (a,n    ) F  23  1.484E-01      F  23 (a,g    ) F  24  3.818E-06      Ne 18 (a,nonel)        4.039E-01      Ne 18 (a,pa   ) N  14  1.538E-11
  Ne 18 (a,a    ) O  15  6.119E-03      Ne 18 (a,2p   ) O  17  8.545E-02      Ne 18 (a,p    ) F  18  3.123E-01      Ne 18 (a,g    ) Ne 19  2.564E-06
  Ne 19 (a,nonel)        4.391E-01      Ne 19 (a,2a   ) C  12  8.031E-10      Ne 19 (a,a    ) O  16  5.606E-02      Ne 19 (a,h    ) O  17  4.351E-06
  Ne 19 (a,2p   ) O  18  3.940E-05      Ne 19 (a,p    ) F  19  3.720E-01      Ne 19 (a,n    ) Ne 19  9.745E-03      Ne 19 (a,g    ) Ne 20  8.754E-06
  Ne 20 (a,nonel)        2.772E-01      Ne 20 (a,a    ) O  17  1.099E-01      Ne 20 (a,p    ) F  20  1.673E-01      Ne 20 (a,g    ) Ne 21  7.865E-06
  Ne 21 (a,nonel)        4.190E-01      Ne 21 (a,a    ) O  18  6.086E-02      Ne 21 (a,p    ) F  21  5.006E-02      Ne 21 (a,n    ) Ne 21  3.026E-01
  Ne 21 (a,g    ) Ne 22  3.458E-05      Ne 22 (a,nonel)        4.673E-01      Ne 22 (a,a    ) O  19  4.380E-02      Ne 22 (a,p    ) F  22  5.749E-03
  Ne 22 (a,n    ) Ne 22  4.165E-01      Ne 22 (a,g    ) Ne 23  3.526E-05      Ne 23 (a,nonel)        5.365E-01      Ne 23 (a,a    ) O  20  7.717E-03
  Ne 23 (a,p    ) F  23  2.191E-03      Ne 23 (a,n    ) Ne 23  5.256E-01      Ne 23 (a,g    ) Ne 24  1.547E-05      Ne 24 (a,nonel)        5.645E-01
  Ne 24 (a,a    ) O  21  4.579E-03      Ne 24 (a,p    ) F  24  7.509E-09      Ne 24 (a,2n   ) Ne 23  2.305E-01      Ne 24 (a,n    ) Ne 24  3.295E-01
  Ne 24 (a,g    ) Ne 25  1.053E-05      Na 21 (a,nonel)        3.622E-01      Na 21 (a,pa   ) O  17  4.752E-04      Na 21 (a,a    ) F  18  1.974E-02
  Na 21 (a,2p   ) F  20  2.284E-06      Na 21 (a,p    ) Ne 21  3.420E-01      Na 21 (a,g    ) Na 22  6.054E-06      Na 22 (a,nonel)        3.743E-01
  Na 22 (a,a    ) F  19  2.692E-02      Na 22 (a,np   ) Ne 21  4.422E-04      Na 22 (a,d    ) Ne 21  4.764E-03      Na 22 (a,p    ) Ne 22  2.876E-01
  Na 22 (a,n    ) Na 22  5.306E-02      Na 22 (a,g    ) Al 26  2.034E-06      Na 22 (a,g    ) Al 26m 6.325E-07      Na 23 (a,nonel)        1.132E+00
  Na 23 (a,a    ) F  20  5.389E-02      Na 23 (a,p    ) Ne 23  1.767E-01      Na 23 (a,g    ) Na 24  1.648E-04      Na 23 (a,n    ) Al 26  6.752E-01
  Na 23 (a,n    ) Al 26m 2.261E-01      Na 24 (a,nonel)        4.198E-01      Na 24 (a,a    ) F  21  2.640E-02      Na 24 (a,np   ) Ne 23  2.492E-04
  Na 24 (a,d    ) Ne 23  2.143E-04      Na 24 (a,p    ) Ne 24  3.171E-02      Na 24 (a,n    ) Na 24  3.613E-01      Na 24 (a,g    ) Na 25  3.474E-05
  Na 25 (a,nonel)        4.656E-01      Na 25 (a,a    ) F  22  5.135E-03      Na 25 (a,p    ) Ne 25  6.316E-03      Na 25 (a,n    ) Na 25  4.537E-01
  Na 25 (a,g    ) Na 26  2.039E-05      Na 26 (a,nonel)        4.944E-01      Na 26 (a,a    ) F  23  1.709E-02      Na 26 (a,t    ) Ne 24  8.193E-07
  Na 26 (a,np   ) Ne 25  3.039E-06      Na 26 (a,d    ) Ne 25  1.647E-04      Na 26 (a,p    ) Ne 26  3.193E-03      Na 26 (a,2n   ) Na 25  1.359E-01
  Na 26 (a,n    ) Na 26  3.382E-01      Na 26 (a,g    ) Na 27  1.110E-05      Mg 22 (a,nonel)        2.920E-01      Mg 22 (a,a    ) Ne 19  4.767E-03
  Mg 22 (a,2p   ) Ne 21  1.423E-01      Mg 22 (a,p    ) Na 22  1.449E-01      Mg 22 (a,g    ) Mg 23  3.349E-06      Mg 23 (a,nonel)        3.057E-01
  Mg 23 (a,a    ) Ne 20  9.739E-03      Mg 23 (a,h    ) Ne 21  3.602E-08      Mg 23 (a,2p   ) Ne 22  1.588E-04      Mg 23 (a,g    ) Mg 24  6.445E-06
  Mg 23 (a,p    ) Al 26  1.693E-01      Mg 23 (a,p    ) Al 26m 1.247E-01      Mg 24 (a,nonel)        5.265E-02      Mg 24 (a,a    ) Ne 21  4.757E-02
  Mg 24 (a,p    ) Na 24  5.073E-03      Mg 24 (a,g    ) Mg 25  1.218E-06      Mg 25 (a,nonel)        3.064E-01      Mg 25 (a,a    ) Ne 22  2.189E-02
  Mg 25 (a,p    ) Na 25  6.948E-02      Mg 25 (a,n    ) Mg 25  2.131E-01      Mg 25 (a,g    ) Mg 26  3.968E-05      Mg 26 (a,nonel)        3.553E-01
  Mg 26 (a,a    ) Ne 23  9.627E-03      Mg 26 (a,p    ) Na 26  1.081E-02      Mg 26 (a,n    ) Mg 26  3.309E-01      Mg 26 (a,g    ) Mg 27  4.564E-05
  Mg 27 (a,nonel)        3.930E-01      Mg 27 (a,a    ) Ne 24  5.081E-03      Mg 27 (a,p    ) Na 27  1.392E-03      Mg 27 (a,n    ) Mg 27  3.866E-01
  Mg 27 (a,g    ) Mg 28  2.224E-05      Mg 28 (a,nonel)        4.078E-01      Mg 28 (a,a    ) Ne 25  6.626E-03      Mg 28 (a,p    ) Na 28  1.222E-05
  Mg 28 (a,2n   ) Mg 27  6.936E-02      Mg 28 (a,n    ) Mg 28  3.318E-01      Mg 28 (a,g    ) Mg 29  2.692E-05      Mg 29 (a,nonel)        4.377E-01
  Mg 29 (a,na   ) Ne 25  4.091E-08      Mg 29 (a,a    ) Ne 26  4.797E-03      Mg 29 (a,p    ) Na 29  3.959E-06      Mg 29 (a,2n   ) Mg 28  3.090E-01
  Mg 29 (a,n    ) Mg 29  1.240E-01      Mg 29 (a,g    ) Mg 30  2.107E-06      Al 24 (a,nonel)        2.441E-01      Al 24 (a,pa   ) Ne 20  7.780E-08
  Al 24 (a,h    ) Na 22  6.593E-08      Al 24 (a,d    ) Mg 23  3.643E-06      Al 24 (a,p    ) Mg 24  1.532E-01      Al 24 (a,a    ) Al 24  4.742E-03
  Al 24 (a,a    ) Al 24m 3.203E-04      Al 24 (a,g    ) Al 25  8.199E-07      Al 24 (a,2p   ) Al 26  7.482E-02      Al 24 (a,2p   ) Al 26m 1.101E-02
  Al 25 (a,nonel)        2.523E-01      Al 25 (a,pa   ) Ne 21  1.598E-04      Al 25 (a,a    ) Na 22  4.590E-03      Al 25 (a,2p   ) Na 24  1.833E-04
  Al 25 (a,p    ) Mg 25  2.474E-01      Al 25 (a,g    ) Al 26  3.839E-06      Al 26 (a,nonel)        2.264E-01      Al 26 (a,np   ) Mg 25  1.416E-03
  Al 26 (a,d    ) Mg 25  1.053E-03      Al 26 (a,p    ) Mg 26  2.050E-01      Al 26 (a,n    ) Al 26  1.236E-02      Al 26 (a,a    ) Al 26  5.381E-03
  Al 26 (a,a    ) Al 26m 4.105E-04      Al 26 (a,g    ) Al 27  5.849E-07      Al 26m(a,nonel)        2.749E-01      Al 26m(a,np   ) Mg 25  8.857E-03
  Al 26m(a,d    ) Mg 25  4.593E-03      Al 26m(a,p    ) Mg 26  2.200E-01      Al 26m(a,n    ) Al 26  3.345E-02      Al 26m(a,a    ) Al 26  5.348E-03
  Al 26m(a,a    ) Al 26m 1.421E-03      Al 26m(a,g    ) Al 27  2.656E-06      Al 27 (a,nonel)        1.020E-01      Al 27 (a,a    ) Na 24  2.599E-03
  Al 27 (a,p    ) Mg 27  3.634E-02      Al 27 (a,n    ) Al 27  5.965E-02      Al 27 (a,g    ) Al 28  1.866E-05      Al 28 (a,nonel)        2.897E-01
  Al 28 (a,a    ) Na 25  1.105E-02      Al 28 (a,np   ) Mg 27  2.380E-05      Al 28 (a,d    ) Mg 27  2.663E-04      Al 28 (a,p    ) Mg 28  3.940E-02
  Al 28 (a,n    ) Al 28  2.388E-01      Al 28 (a,g    ) Al 29  6.518E-05      Al 29 (a,nonel)        3.192E-01      Al 29 (a,a    ) Na 26  1.335E-03
  Al 29 (a,p    ) Mg 29  6.583E-03      Al 29 (a,n    ) Al 29  3.112E-01      Al 29 (a,g    ) Al 30  1.945E-05      Al 30 (a,nonel)        3.427E-01
  Al 30 (a,a    ) Na 27  1.166E-02      Al 30 (a,t    ) Mg 28  1.150E-11      Al 30 (a,np   ) Mg 29  4.003E-05      Al 30 (a,d    ) Mg 29  1.559E-04
  Al 30 (a,p    ) Mg 30  2.570E-03      Al 30 (a,2n   ) Al 29  6.427E-03      Al 30 (a,n    ) Al 30  3.220E-01      Al 30 (a,g    ) Al 31  2.050E-05
  Si 26 (a,nonel)        1.869E-01      Si 26 (a,a    ) Mg 23  4.749E-04      Si 26 (a,2p   ) Mg 25  9.709E-02      Si 26 (a,p    ) Al 26  8.932E-02
  Si 26 (a,g    ) Si 27  2.689E-06      Si 27 (a,nonel)        1.922E-01      Si 27 (a,a    ) Mg 24  1.590E-03      Si 27 (a,h    ) Mg 25  1.990E-07
  Si 27 (a,2p   ) Mg 26  4.538E-03      Si 27 (a,p    ) Al 27  1.854E-01      Si 27 (a,g    ) Si 28  2.749E-06      Si 28 (a,nonel)        7.170E-02
  Si 28 (a,a    ) Mg 25  1.024E-02      Si 28 (a,p    ) Al 28  6.145E-02      Si 28 (a,g    ) Si 29  3.023E-06      Si 29 (a,nonel)        1.653E-01
  Si 29 (a,a    ) Mg 26  9.623E-03      Si 29 (a,p    ) Al 29  5.560E-02      Si 29 (a,n    ) Si 29  9.673E-02      Si 29 (a,g    ) Si 30  4.308E-05
  Si 30 (a,nonel)        1.384E-01      Si 30 (a,a    ) Mg 27  2.234E-03      Si 30 (a,p    ) Al 30  1.002E-02      Si 30 (a,n    ) Si 30  1.206E-01
  Si 30 (a,g    ) Si 31  6.352E-05      Si 31 (a,nonel)        2.454E-01      Si 31 (a,a    ) Mg 28  2.803E-03      Si 31 (a,p    ) Al 31  1.822E-03
  Si 31 (a,n    ) Si 31  2.408E-01      Si 31 (a,g    ) Si 32  2.231E-05      Si 32 (a,nonel)        2.536E-01      Si 32 (a,a    ) Mg 29  1.196E-03
  Si 32 (a,p    ) Al 32  2.059E-04      Si 32 (a,n    ) Si 32  2.497E-01      Si 32 (a,g    ) Si 33  1.830E-05      Si 33 (a,nonel)        2.879E-01
  Si 33 (a,na   ) Mg 29  1.417E-10      Si 33 (a,a    ) Mg 30  1.360E-03      Si 33 (a,p    ) Al 33  2.445E-06      Si 33 (a,2n   ) Si 32  4.736E-03
  Si 33 (a,n    ) Si 33  2.795E-01      Si 33 (a,g    ) Si 34  4.386E-06      Si 34 (a,nonel)        3.010E-01      Si 34 (a,a    ) Mg 31  3.475E-06
  Si 34 (a,2n   ) Si 33  1.935E-01      Si 34 (a,n    ) Si 34  1.075E-01      Si 34 (a,g    ) Si 35  6.212E-06      P  29 (a,nonel)        1.467E-01
  P  29 (a,pa   ) Mg 25  1.648E-05      P  29 (a,a    ) Al 26  6.784E-04      P  29 (a,2p   ) Al 28  9.506E-07      P  29 (a,p    ) Si 29  1.460E-01
  P  29 (a,g    ) P  30  1.460E-06      P  30 (a,nonel)        1.539E-01      P  30 (a,a    ) Al 27  4.157E-03      P  30 (a,d    ) Si 29  2.110E-06
  P  30 (a,p    ) Si 30  1.448E-01      P  30 (a,g    ) Cl 34  5.854E-07      P  30 (a,g    ) Cl 34m 3.890E-07      P  31 (a,nonel)        1.419E-01
  P  31 (a,a    ) Al 28  6.316E-03      P  31 (a,p    ) Si 31  1.330E-01      P  31 (a,g    ) P  32  2.421E-05      P  32 (a,nonel)        1.742E-01
  P  32 (a,a    ) Al 29  1.207E-02      P  32 (a,d    ) Si 31  1.358E-06      P  32 (a,p    ) Si 32  3.486E-02      P  32 (a,n    ) P  32  1.260E-01
  P  32 (a,g    ) P  33  4.177E-05      P  33 (a,nonel)        1.784E-01      P  33 (a,a    ) Al 30  1.969E-03      P  33 (a,p    ) Si 33  9.532E-03
  P  33 (a,n    ) P  33  1.651E-01      P  33 (a,g    ) P  34  3.912E-05      P  34 (a,nonel)        2.092E-01      P  34 (a,a    ) Al 31  4.157E-03
  P  34 (a,d    ) Si 33  5.713E-06      P  34 (a,p    ) Si 34  1.488E-03      P  34 (a,n    ) P  34  2.036E-01      P  34 (a,g    ) Cl 38  1.330E-05
  P  34 (a,g    ) Cl 38m 3.033E-06      P  35 (a,nonel)        2.204E-01      P  35 (a,a    ) Al 32  1.474E-05      P  35 (a,p    ) Si 35  3.736E-04
  P  35 (a,g    ) P  36  1.383E-05      P  35 (a,n    ) Cl 38  1.903E-01      P  35 (a,n    ) Cl 38m 2.966E-02      P  36 (a,nonel)        2.351E-01
  P  36 (a,na   ) Al 32  2.747E-08      P  36 (a,a    ) Al 33  7.813E-04      P  36 (a,d    ) Si 35  1.494E-06      P  36 (a,p    ) Si 36  6.755E-05
  P  36 (a,n    ) P  36  1.661E-01      P  36 (a,g    ) P  37  7.290E-06      P  36 (a,2n   ) Cl 38  5.102E-02      P  36 (a,2n   ) Cl 38m 1.656E-02
  P  37 (a,nonel)        2.468E-01      P  37 (a,a    ) Al 34  7.102E-04      P  37 (a,t    ) Si 35  3.904E-08      P  37 (a,p    ) Si 37  7.088E-05
  P  37 (a,2n   ) P  36  1.629E-01      P  37 (a,n    ) P  37  8.309E-02      P  37 (a,g    ) P  38  3.498E-06      S  30 (a,nonel)        9.893E-02
  S  30 (a,a    ) Si 27  4.362E-05      S  30 (a,2p   ) Si 29  2.981E-02      S  30 (a,p    ) P  30  6.907E-02      S  30 (a,g    ) S  31  7.933E-07
  S  31 (a,nonel)        1.053E-01      S  31 (a,a    ) Si 28  5.521E-04      S  31 (a,2p   ) Si 30  5.604E-06      S  31 (a,g    ) S  32  1.610E-06
  S  31 (a,p    ) Cl 34  6.635E-02      S  31 (a,p    ) Cl 34m 3.837E-02      S  32 (a,nonel)        3.223E-01      S  32 (a,a    ) Si 29  7.330E-04
  S  32 (a,p    ) P  32  3.215E-01      S  32 (a,g    ) S  33  2.832E-06      S  33 (a,nonel)        8.512E-02      S  33 (a,a    ) Si 30  2.839E-03
  S  33 (a,p    ) P  33  3.753E-02      S  33 (a,n    ) S  33  4.471E-02      S  33 (a,g    ) S  34  3.160E-05      S  34 (a,nonel)        6.311E-02
  S  34 (a,a    ) Si 31  1.034E-03      S  34 (a,p    ) P  34  1.610E-02      S  34 (a,g    ) S  35  6.330E-05      S  35 (a,nonel)        1.335E-01
  S  35 (a,a    ) Si 32  3.633E-04      S  35 (a,n    ) S  35  1.304E-01      S  35 (a,g    ) S  36  3.078E-05      S  35 (a,p    ) Cl 38  3.771E-04
  S  35 (a,p    ) Cl 38m 4.803E-05      S  36 (a,nonel)        1.185E-01      S  36 (a,a    ) Si 33  3.404E-06      S  36 (a,n    ) S  36  1.072E-01
  S  36 (a,g    ) S  37  3.835E-05      S  37 (a,nonel)        1.641E-01      S  37 (a,na   ) Si 33  7.996E-07      S  37 (a,a    ) Si 34  1.650E-04
  S  37 (a,p    ) P  37  1.622E-05      S  37 (a,n    ) S  37  1.639E-01      S  37 (a,g    ) S  38  8.023E-06      S  38 (a,nonel)        1.736E-01
  S  38 (a,a    ) Si 35  6.752E-04      S  38 (a,p    ) P  38  7.998E-06      S  38 (a,2n   ) S  37  4.310E-03      S  38 (a,n    ) S  38  1.674E-01
  S  38 (a,g    ) S  39  1.750E-05      S  39 (a,nonel)        1.843E-01      S  39 (a,na   ) Si 35  1.573E-11      S  39 (a,a    ) Si 36  4.632E-05
  S  39 (a,p    ) P  39  7.649E-06      S  39 (a,2n   ) S  38  8.467E-02      S  39 (a,n    ) S  39  9.947E-02      S  39 (a,g    ) S  40  2.619E-06
  S  40 (a,nonel)        1.933E-01      S  40 (a,a    ) Si 37  1.763E-03      S  40 (a,p    ) P  40  9.913E-06      S  40 (a,2n   ) S  39  1.493E-01
  S  40 (a,n    ) S  40  4.220E-02      S  40 (a,g    ) S  41  3.467E-06      S  41 (a,nonel)        2.024E-01      S  41 (a,na   ) Si 37  2.370E-11
  S  41 (a,a    ) Si 38  6.412E-05      S  41 (a,d    ) P  40  9.467E-11      S  41 (a,p    ) P  41  2.862E-06      S  41 (a,2n   ) S  40  1.715E-01
  S  41 (a,n    ) S  41  3.054E-02      S  41 (a,g    ) S  42  6.695E-07      S  42 (a,nonel)        2.116E-01      S  42 (a,a    ) Si 39  1.623E-03
  S  42 (a,p    ) P  42  2.565E-07      S  42 (a,2n   ) S  41  1.948E-01      S  42 (a,n    ) S  42  1.487E-02      S  42 (a,g    ) S  43  1.040E-06
  Cl 33 (a,nonel)        7.563E-02      Cl 33 (a,pa   ) Si 29  1.111E-05      Cl 33 (a,a    ) P  30  2.045E-04      Cl 33 (a,2p   ) P  32  1.842E-05
  Cl 33 (a,p    ) S  33  7.541E-02      Cl 33 (a,g    ) Cl 34  6.094E-07      Cl 34 (a,nonel)        8.067E-02      Cl 34 (a,pa   ) Si 30  1.265E-12
  Cl 34 (a,d    ) S  33  1.761E-07      Cl 34 (a,p    ) S  34  7.732E-02      Cl 34 (a,a    ) Cl 34  1.151E-03      Cl 34 (a,a    ) Cl 34m 1.161E-03
  Cl 34 (a,g    ) K  38  2.290E-07      Cl 34 (a,g    ) K  38m 4.035E-07      Cl 34m(a,nonel)        7.977E-02      Cl 34m(a,d    ) S  33  2.978E-07
  Cl 34m(a,p    ) S  34  7.789E-02      Cl 34m(a,a    ) Cl 34  1.214E-03      Cl 34m(a,a    ) Cl 34m 1.325E-04      Cl 34m(a,g    ) K  38  5.773E-07
  Cl 34m(a,g    ) K  38m 1.446E-07      Cl 35 (a,nonel)        6.425E-02      Cl 35 (a,a    ) P  32  1.038E-03      Cl 35 (a,p    ) S  35  6.130E-02
  Cl 35 (a,g    ) Cl 36  2.065E-05      Cl 36 (a,nonel)        8.625E-02      Cl 36 (a,a    ) P  33  2.035E-03      Cl 36 (a,d    ) S  35  7.887E-11
  Cl 36 (a,p    ) S  36  2.403E-02      Cl 36 (a,n    ) Cl 36  5.744E-02      Cl 36 (a,g    ) Cl 37  5.426E-05      Cl 37 (a,nonel)        8.096E-02
  Cl 37 (a,a    ) P  34  1.500E-04      Cl 37 (a,p    ) S  37  1.002E-02      Cl 37 (a,n    ) Cl 37  6.573E-02      Cl 37 (a,g    ) Cl 38  7.797E-05
  Cl 38 (a,nonel)        1.101E-01      Cl 38 (a,d    ) S  37  1.644E-09      Cl 38 (a,p    ) S  38  1.272E-03      Cl 38 (a,n    ) Cl 38  1.084E-01
  Cl 38 (a,a    ) Cl 38  3.578E-04      Cl 38 (a,a    ) Cl 38m 1.099E-04      Cl 38 (a,g    ) Cl 39  1.280E-05      Cl 39 (a,nonel)        1.172E-01
  Cl 39 (a,a    ) P  36  2.985E-04      Cl 39 (a,p    ) S  39  8.837E-04      Cl 39 (a,n    ) Cl 39  1.160E-01      Cl 39 (a,g    ) Cl 40  2.219E-05
  Cl 40 (a,nonel)        1.246E-01      Cl 40 (a,a    ) P  37  8.058E-04      Cl 40 (a,d    ) S  39  8.998E-07      Cl 40 (a,p    ) S  40  2.263E-04
  Cl 40 (a,n    ) Cl 40  1.230E-01      Cl 40 (a,g    ) Cl 41  9.210E-06      Cl 41 (a,nonel)        1.314E-01      Cl 41 (a,a    ) P  38  1.101E-03
  Cl 41 (a,t    ) S  39  1.531E-10      Cl 41 (a,p    ) S  41  9.076E-05      Cl 41 (a,2n   ) Cl 40  3.140E-02      Cl 41 (a,n    ) Cl 41  9.869E-02
  Cl 41 (a,g    ) Cl 42  3.579E-06      Cl 42 (a,nonel)        1.384E-01      Cl 42 (a,a    ) P  39  5.282E-04      Cl 42 (a,t    ) S  40  8.535E-12
  Cl 42 (a,np   ) S  41  1.832E-08      Cl 42 (a,d    ) S  41  1.906E-06      Cl 42 (a,p    ) S  42  1.007E-04      Cl 42 (a,2n   ) Cl 41  7.267E-02
  Cl 42 (a,n    ) Cl 42  6.477E-02      Cl 42 (a,g    ) Cl 43  1.869E-06      Cl 43 (a,nonel)        1.457E-01      Cl 43 (a,a    ) P  40  5.644E-04
  Cl 43 (a,t    ) S  41  2.663E-07      Cl 43 (a,d    ) S  42  5.941E-10      Cl 43 (a,p    ) S  43  1.812E-05      Cl 43 (a,2n   ) Cl 42  9.200E-02
  Cl 43 (a,n    ) Cl 43  5.282E-02      Cl 43 (a,g    ) Cl 44  7.604E-07      Ar 35 (a,nonel)        5.037E-02      Ar 35 (a,a    ) S  32  7.175E-05
  Ar 35 (a,2p   ) S  34  1.598E-05      Ar 35 (a,g    ) Ar 36  1.264E-06      Ar 35 (a,p    ) K  38  2.677E-02      Ar 35 (a,p    ) K  38m 2.351E-02
  Ar 36 (a,nonel)        3.524E-02      Ar 36 (a,a    ) S  33  2.747E-04      Ar 36 (a,p    ) Cl 36  3.496E-02      Ar 36 (a,g    ) Ar 37  2.963E-06
  Ar 37 (a,nonel)        4.458E-02      Ar 37 (a,a    ) S  34  4.601E-04      Ar 37 (a,p    ) Cl 37  2.521E-02      Ar 37 (a,n    ) Ar 37  1.455E-02
  Ar 37 (a,g    ) Ar 38  3.762E-05      Ar 38 (a,nonel)        1.893E-02      Ar 38 (a,a    ) S  35  2.464E-04      Ar 38 (a,p    ) Cl 38  1.886E-03
  Ar 38 (a,g    ) Ar 39  1.327E-04      Ar 39 (a,nonel)        6.803E-02      Ar 39 (a,a    ) S  36  6.018E-05      Ar 39 (a,p    ) Cl 39  1.150E-03
  Ar 39 (a,n    ) Ar 39  6.678E-02      Ar 39 (a,g    ) Ar 40  3.977E-05      Ar 40 (a,nonel)        7.325E-02      Ar 40 (a,a    ) S  37  1.619E-04
  Ar 40 (a,p    ) Cl 40  3.414E-04      Ar 40 (a,n    ) Ar 40  7.272E-02      Ar 40 (a,g    ) Ar 41  3.105E-05      Ar 41 (a,nonel)        7.981E-02
  Ar 41 (a,a    ) S  38  6.445E-05      Ar 41 (a,p    ) Cl 41  2.481E-04      Ar 41 (a,n    ) Ar 41  7.949E-02      Ar 41 (a,g    ) Ar 42  1.027E-05
  Ar 42 (a,nonel)        8.453E-02      Ar 42 (a,a    ) S  39  1.729E-04      Ar 42 (a,p    ) Cl 42  1.506E-04      Ar 42 (a,n    ) Ar 42  8.419E-02
  Ar 42 (a,g    ) Ar 43  1.383E-05      Ar 43 (a,nonel)        8.981E-02      Ar 43 (a,a    ) S  40  1.002E-04      Ar 43 (a,p    ) Cl 43  1.544E-04
  Ar 43 (a,2n   ) Ar 42  1.449E-02      Ar 43 (a,n    ) Ar 43  7.461E-02      Ar 43 (a,g    ) Ar 44  3.052E-06      Ar 44 (a,nonel)        9.517E-02
  Ar 44 (a,a    ) S  41  2.456E-04      Ar 44 (a,p    ) Cl 44  3.820E-05      Ar 44 (a,2n   ) Ar 43  4.836E-02      Ar 44 (a,n    ) Ar 44  4.652E-02
  Ar 44 (a,g    ) Ar 45  2.880E-06      Ar 45 (a,nonel)        1.010E-01      Ar 45 (a,a    ) S  42  8.388E-05      Ar 45 (a,d    ) Cl 44  1.157E-09
  Ar 45 (a,p    ) Cl 45  2.015E-05      Ar 45 (a,2n   ) Ar 44  6.189E-02      Ar 45 (a,n    ) Ar 45  3.882E-02      Ar 45 (a,g    ) Ar 46  1.128E-07
  Ar 46 (a,nonel)        1.069E-01      Ar 46 (a,a    ) S  43  7.475E-05      Ar 46 (a,p    ) Cl 46  1.314E-08      Ar 46 (a,2n   ) Ar 45  9.292E-02
  Ar 46 (a,n    ) Ar 46  1.382E-02      Ar 46 (a,g    ) Ar 47  2.735E-07      Ar 47 (a,nonel)        1.128E-01      Ar 47 (a,na   ) S  43  4.725E-12
  Ar 47 (a,a    ) S  44  3.954E-05      Ar 47 (a,t    ) Cl 45  3.286E-12      Ar 47 (a,p    ) Cl 47  7.738E-08      Ar 47 (a,3n   ) Ar 45  3.461E-02
  Ar 47 (a,2n   ) Ar 46  7.682E-02      Ar 47 (a,n    ) Ar 47  1.330E-03      Ar 47 (a,g    ) Ar 48  8.221E-08      K  37 (a,nonel)        3.359E-02
  K  37 (a,pa   ) S  33  6.138E-07      K  37 (a,a    ) Cl 34  2.382E-05      K  37 (a,2p   ) Cl 36  5.454E-04      K  37 (a,p    ) Ar 37  3.303E-02
  K  37 (a,g    ) K  38  2.464E-07      K  38 (a,nonel)        3.573E-02      K  38 (a,d    ) Ar 37  1.117E-06      K  38 (a,p    ) Ar 38  3.541E-02
  K  38 (a,a    ) K  38  1.740E-06      K  38 (a,a    ) K  38m 1.182E-04      K  38 (a,g    ) Sc 42  2.621E-07      K  38 (a,g    ) Sc 42m 1.822E-07
  K  39 (a,nonel)        3.071E-02      K  39 (a,a    ) Cl 36  2.589E-06      K  39 (a,p    ) Ar 39  3.069E-02      K  39 (a,g    ) K  40  1.421E-05
  K  40 (a,nonel)        4.133E-02      K  40 (a,a    ) Cl 37  5.687E-04      K  40 (a,p    ) Ar 40  1.978E-02      K  40 (a,n    ) K  40  2.077E-02
  K  40 (a,g    ) Sc 44  2.396E-05      K  40 (a,g    ) Sc 44m 2.195E-05      K  41 (a,nonel)        4.538E-02      K  41 (a,a    ) Cl 38  7.909E-05
  K  41 (a,p    ) Ar 41  7.860E-03      K  41 (a,n    ) Sc 44  3.556E-02      K  41 (a,n    ) Sc 44m 1.848E-03      K  41 (a,g    ) Sc 45  1.279E-05
  K  41 (a,g    ) Sc 45m 1.219E-05      K  42 (a,nonel)        4.894E-02      K  42 (a,a    ) Cl 39  3.313E-04      K  42 (a,d    ) Ar 41  2.925E-07
  K  42 (a,p    ) Ar 42  3.020E-03      K  42 (a,n    ) Sc 45  2.493E-02      K  42 (a,n    ) Sc 45m 2.064E-02      K  42 (a,g    ) Sc 46  8.016E-06
  K  42 (a,g    ) Sc 46m 3.839E-06      K  43 (a,nonel)        5.216E-02      K  43 (a,a    ) Cl 40  7.578E-05      K  43 (a,p    ) Ar 43  1.200E-03
  K  43 (a,g    ) K  44  1.958E-05      K  43 (a,n    ) Sc 46  3.253E-02      K  43 (a,n    ) Sc 46m 1.829E-02      K  44 (a,nonel)        5.565E-02
  K  44 (a,a    ) Cl 41  2.142E-04      K  44 (a,np   ) Ar 43  3.028E-07      K  44 (a,d    ) Ar 43  9.873E-07      K  44 (a,p    ) Ar 44  1.038E-03
  K  44 (a,n    ) K  44  5.435E-02      K  44 (a,g    ) K  45  4.867E-06      K  45 (a,nonel)        5.934E-02      K  45 (a,a    ) Cl 42  3.043E-05
  K  45 (a,d    ) Ar 44  4.262E-09      K  45 (a,p    ) Ar 45  1.453E-04      K  45 (a,n    ) K  45  5.784E-02      K  45 (a,g    ) K  46  5.462E-06
  K  46 (a,nonel)        6.329E-02      K  46 (a,a    ) Cl 43  1.548E-04      K  46 (a,np   ) Ar 45  4.449E-05      K  46 (a,d    ) Ar 45  3.946E-06
  K  46 (a,p    ) Ar 46  3.857E-05      K  46 (a,2n   ) K  45  1.421E-02      K  46 (a,n    ) K  46  4.881E-02      K  46 (a,g    ) Sc 50  4.908E-07
  K  46 (a,g    ) Sc 50m 9.691E-07      K  47 (a,nonel)        6.733E-02      K  47 (a,a    ) Cl 44  1.628E-04      K  47 (a,t    ) Ar 45  1.400E-07
  K  47 (a,d    ) Ar 46  1.394E-09      K  47 (a,p    ) Ar 47  2.081E-05      K  47 (a,2n   ) K  46  4.980E-02      K  47 (a,g    ) K  48  7.725E-07
  K  47 (a,n    ) Sc 50  4.845E-03      K  47 (a,n    ) Sc 50m 1.250E-02      K  48 (a,nonel)        7.138E-02      K  48 (a,a    ) Cl 45  1.245E-04
  K  48 (a,t    ) Ar 46  4.976E-07      K  48 (a,np   ) Ar 47  1.417E-12      K  48 (a,d    ) Ar 47  5.758E-07      K  48 (a,p    ) Ar 48  1.245E-05
  K  48 (a,n    ) K  48  1.881E-02      K  48 (a,g    ) K  49  8.438E-08      K  48 (a,2n   ) Sc 50  2.465E-02      K  48 (a,2n   ) Sc 50m 2.761E-02
  K  49 (a,nonel)        7.537E-02      K  49 (a,a    ) Cl 46  1.003E-04      K  49 (a,t    ) Ar 47  4.359E-05      K  49 (a,d    ) Ar 48  3.083E-07
  K  49 (a,p    ) Ar 49  1.131E-06      K  49 (a,2n   ) K  48  5.686E-02      K  49 (a,n    ) K  49  1.808E-02      K  49 (a,g    ) K  50  2.857E-08
  Ca 40 (a,nonel)        6.809E-03      Ca 40 (a,a    ) Ar 37  4.841E-08      Ca 40 (a,p    ) K  40  6.801E-03      Ca 40 (a,g    ) Ca 41  7.882E-06
  Ca 41 (a,nonel)        2.244E-02      Ca 41 (a,a    ) Ar 38  4.346E-06      Ca 41 (a,n    ) Ca 41  4.728E-03      Ca 41 (a,g    ) Ca 42  1.915E-05
  Ca 41 (a,p    ) Sc 44  1.300E-02      Ca 41 (a,p    ) Sc 44m 4.017E-03      Ca 42 (a,nonel)        2.366E-02      Ca 42 (a,a    ) Ar 39  7.126E-05
  Ca 42 (a,n    ) Ca 42  1.032E-02      Ca 42 (a,g    ) Ca 43  9.909E-05      Ca 42 (a,p    ) Sc 45  4.546E-03      Ca 42 (a,p    ) Sc 45m 7.272E-03
  Ca 43 (a,nonel)        2.878E-02      Ca 43 (a,a    ) Ar 40  3.612E-05      Ca 43 (a,n    ) Ca 43  2.625E-02      Ca 43 (a,g    ) Ca 44  8.764E-06
  Ca 43 (a,p    ) Sc 46  2.168E-03      Ca 43 (a,p    ) Sc 46m 3.228E-04      Ca 44 (a,nonel)        3.053E-02      Ca 44 (a,a    ) Ar 41  5.102E-05
  Ca 44 (a,p    ) K  44  1.239E-03      Ca 44 (a,n    ) Ca 44  2.923E-02      Ca 44 (a,g    ) Ti 48  1.846E-05      Ca 44 (a,g    ) Ti 48m 3.531E-07
  Ca 45 (a,nonel)        3.312E-02      Ca 45 (a,a    ) Ar 42  5.659E-05      Ca 45 (a,p    ) K  45  6.659E-04      Ca 45 (a,g    ) Ca 46  9.551E-06
  Ca 45 (a,n    ) Ti 48  3.207E-02      Ca 45 (a,n    ) Ti 48m 3.172E-04      Ca 46 (a,nonel)        3.539E-02      Ca 46 (a,a    ) Ar 43  1.361E-05
  Ca 46 (a,p    ) K  46  1.811E-04      Ca 46 (a,n    ) Ca 46  3.518E-02      Ca 46 (a,g    ) Ca 47  1.078E-05      Ca 47 (a,nonel)        3.804E-02
  Ca 47 (a,a    ) Ar 44  7.189E-08      Ca 47 (a,n    ) Ca 47  3.802E-02      Ca 47 (a,g    ) Ca 48  1.287E-06      Ca 47 (a,p    ) Sc 50  2.551E-05
  Ca 47 (a,p    ) Sc 50m 9.314E-06      Ca 48 (a,nonel)        4.025E-02      Ca 48 (a,a    ) Ar 45  1.800E-10      Ca 48 (a,n    ) Ca 48  4.025E-02
  Ca 48 (a,g    ) Ca 49  2.608E-06      Ca 49 (a,nonel)        4.319E-02      Ca 49 (a,a    ) Ar 46  6.864E-08      Ca 49 (a,2n   ) Ca 48  5.819E-03
  Ca 49 (a,n    ) Ca 49  3.722E-02      Ca 49 (a,g    ) Ca 50  1.387E-07      Ca 50 (a,nonel)        4.567E-02      Ca 50 (a,a    ) Ar 47  6.229E-05
  Ca 50 (a,2n   ) Ca 49  4.294E-02      Ca 50 (a,n    ) Ca 50  4.242E-03      Ca 50 (a,g    ) Ca 51  7.976E-07      Ca 51 (a,nonel)        4.848E-02
  Ca 51 (a,a    ) Ar 48  5.589E-06      Ca 51 (a,2n   ) Ca 50  4.441E-02      Ca 51 (a,n    ) Ca 51  4.065E-03      Ca 51 (a,g    ) Ca 52  4.472E-08
  Ca 52 (a,nonel)        5.126E-02      Ca 52 (a,a    ) Ar 49  6.174E-07      Ca 52 (a,2n   ) Ca 51  5.060E-02      Ca 52 (a,n    ) Ca 52  6.655E-04
  Ca 52 (a,g    ) Ca 53  9.900E-08      Sc 42m(a,nonel)        1.389E-02      Sc 42m(a,d    ) Ca 41  1.276E-10      Sc 42m(a,p    ) Ca 42  1.386E-02
  Sc 42m(a,n    ) Sc 42  1.411E-05      Sc 42m(a,a    ) Sc 42  3.847E-06      Sc 42m(a,a    ) Sc 42m 7.724E-06      Sc 42m(a,g    ) Sc 43  6.441E-07
  Sc 43 (a,nonel)        1.534E-02      Sc 43 (a,a    ) K  40  2.547E-05      Sc 43 (a,p    ) Ca 43  1.507E-02      Sc 43 (a,n    ) Sc 43  1.943E-05
  Sc 43 (a,g    ) Sc 44  1.783E-06      Sc 44 (a,nonel)        1.653E-02      Sc 44 (a,d    ) Ca 43  7.093E-08      Sc 44 (a,p    ) Ca 44  8.958E-03
  Sc 44 (a,n    ) Sc 44  7.441E-03      Sc 44 (a,a    ) Sc 44  1.024E-04      Sc 44 (a,a    ) Sc 44m 6.947E-06      Sc 44 (a,g    ) Sc 45  9.937E-06
  Sc 44m(a,nonel)        1.644E-02      Sc 44m(a,d    ) Ca 43  3.650E-09      Sc 44m(a,p    ) Ca 44  7.788E-03      Sc 44m(a,n    ) Sc 44  8.528E-03
  Sc 44m(a,a    ) Sc 44  6.121E-05      Sc 44m(a,a    ) Sc 44m 2.775E-05      Sc 44m(a,g    ) Sc 45  1.749E-05      Sc 45 (a,nonel)        1.824E-02
  Sc 45 (a,n    ) Sc 45  1.361E-02      Sc 45 (a,a    ) Sc 45  2.285E-05      Sc 45 (a,a    ) Sc 45m 1.950E-05      Sc 45 (a,g    ) Sc 46  5.259E-04
  Sc 45 (a,p    ) Ti 48  3.991E-03      Sc 45 (a,p    ) Ti 48m 7.009E-05      Sc 46 (a,nonel)        1.914E-02      Sc 46 (a,p    ) Ca 46  2.516E-03
  Sc 46 (a,n    ) Sc 46  1.650E-02      Sc 46 (a,a    ) Sc 46  9.986E-05      Sc 46 (a,a    ) Sc 46m 2.224E-05      Sc 46 (a,g    ) Sc 47  6.879E-06
  Sc 46 (a,d    ) Ti 48  4.269E-08      Sc 46m(a,nonel)        1.915E-02      Sc 46m(a,p    ) Ca 46  2.190E-03      Sc 46m(a,n    ) Sc 46  1.692E-02
  Sc 46m(a,a    ) Sc 46  2.057E-05      Sc 46m(a,a    ) Sc 46m 6.144E-06      Sc 46m(a,g    ) Sc 47  6.188E-06      Sc 46m(a,d    ) Ti 48  2.973E-07
  Sc 47 (a,nonel)        2.059E-02      Sc 47 (a,a    ) K  44  9.175E-06      Sc 47 (a,p    ) Ca 47  7.704E-04      Sc 47 (a,n    ) Sc 47  1.981E-02
  Sc 47 (a,g    ) Sc 48  2.400E-06      Sc 48 (a,nonel)        2.212E-02      Sc 48 (a,a    ) K  45  1.096E-04      Sc 48 (a,d    ) Ca 47  6.435E-08
  Sc 48 (a,p    ) Ca 48  1.854E-04      Sc 48 (a,n    ) Sc 48  2.181E-02      Sc 48 (a,g    ) Sc 49  1.444E-06      Sc 49 (a,nonel)        2.366E-02
  Sc 49 (a,a    ) K  46  1.514E-08      Sc 49 (a,p    ) Ca 49  1.023E-05      Sc 49 (a,n    ) Sc 49  2.365E-02      Sc 49 (a,g    ) Sc 50  1.852E-06
  Sc 50 (a,nonel)        2.526E-02      Sc 50 (a,p    ) Ca 50  7.298E-07      Sc 50 (a,n    ) Sc 50  2.525E-02      Sc 50 (a,a    ) Sc 50  9.115E-06
  Sc 50 (a,a    ) Sc 50m 1.475E-06      Sc 50 (a,g    ) Sc 51  8.097E-07      Sc 51 (a,nonel)        2.687E-02      Sc 51 (a,a    ) K  48  1.170E-05
  Sc 51 (a,p    ) Ca 51  2.854E-07      Sc 51 (a,2n   ) Sc 50  6.076E-03      Sc 51 (a,n    ) Sc 51  2.062E-02      Sc 51 (a,g    ) Sc 52  4.462E-07
  Sc 52 (a,nonel)        2.855E-02      Sc 52 (a,a    ) K  49  1.070E-08      Sc 52 (a,d    ) Ca 51  1.386E-10      Sc 52 (a,p    ) Ca 52  5.954E-08
  Sc 52 (a,2n   ) Sc 51  1.124E-02      Sc 52 (a,n    ) Sc 52  1.722E-02      Sc 52 (a,g    ) Sc 53  9.006E-08      Sc 53 (a,nonel)        3.031E-02
  Sc 53 (a,a    ) K  50  2.822E-05      Sc 53 (a,t    ) Ca 51  1.646E-09      Sc 53 (a,p    ) Ca 53  1.925E-08      Sc 53 (a,2n   ) Sc 52  1.815E-02
  Sc 53 (a,n    ) Sc 53  1.200E-02      Sc 53 (a,g    ) Sc 54  1.899E-08      Ti 44 (a,nonel)        8.473E-03      Ti 44 (a,a    ) Ca 41  1.462E-05
  Ti 44 (a,p    ) Sc 44  8.458E-03      Ti 44 (a,g    ) Ti 45  3.960E-07      Ti 45 (a,nonel)        9.228E-03      Ti 45 (a,a    ) Ca 42  2.921E-05
  Ti 45 (a,p    ) Sc 45  8.088E-03      Ti 45 (a,n    ) Ti 45  7.501E-04      Ti 45 (a,g    ) Ti 46  1.769E-06      Ti 46 (a,nonel)        1.319E-01
  Ti 46 (a,a    ) Ca 43  3.721E-05      Ti 46 (a,p    ) Sc 46  1.291E-01      Ti 46 (a,n    ) Ti 46  2.681E-03      Ti 46 (a,g    ) Ti 47  1.951E-05
  Ti 47 (a,nonel)        8.595E-02      Ti 47 (a,a    ) Ca 44  3.139E-05      Ti 47 (a,p    ) Sc 47  7.680E-02      Ti 47 (a,n    ) Ti 47  9.114E-03
  Ti 47 (a,g    ) Ti 48  4.794E-06      Ti 48 (a,nonel)        1.101E-02      Ti 48 (a,p    ) Sc 48  2.019E-03      Ti 48 (a,n    ) Ti 48  8.759E-03
  Ti 48 (a,a    ) Ti 48  2.189E-05      Ti 48 (a,a    ) Ti 48m 4.369E-11      Ti 48 (a,g    ) Ti 49  1.173E-05      Ti 49 (a,nonel)        1.250E-02
  Ti 49 (a,a    ) Ca 46  2.557E-06      Ti 49 (a,p    ) Sc 49  1.985E-04      Ti 49 (a,n    ) Ti 49  1.230E-02      Ti 49 (a,g    ) Ti 50  3.003E-06
  Ti 50 (a,nonel)        1.332E-02      Ti 50 (a,a    ) Ca 47  1.419E-06      Ti 50 (a,p    ) Sc 50  1.506E-06      Ti 50 (a,n    ) Ti 50  1.331E-02
  Ti 50 (a,g    ) Ti 51  2.676E-06      Ti 51 (a,nonel)        1.434E-02      Ti 51 (a,a    ) Ca 48  7.683E-07      Ti 51 (a,p    ) Sc 51  1.368E-07
  Ti 51 (a,n    ) Ti 51  1.433E-02      Ti 51 (a,g    ) Ti 52  8.430E-07      Ti 52 (a,nonel)        1.529E-02      Ti 52 (a,a    ) Ca 49  1.379E-05
  Ti 52 (a,p    ) Sc 52  3.415E-09      Ti 52 (a,n    ) Ti 52  1.507E-02      Ti 52 (a,g    ) Ti 53  9.086E-07      Ti 53 (a,nonel)        1.631E-02
  Ti 53 (a,a    ) Ca 50  4.204E-06      Ti 53 (a,p    ) Sc 53  2.420E-11      Ti 53 (a,2n   ) Ti 52  2.579E-03      Ti 53 (a,n    ) Ti 53  1.369E-02
  Ti 53 (a,g    ) Ti 54  3.916E-07      Ti 54 (a,nonel)        1.737E-02      Ti 54 (a,a    ) Ca 51  4.793E-06      Ti 54 (a,2n   ) Ti 53  1.020E-02
  Ti 54 (a,n    ) Ti 54  7.156E-03      Ti 54 (a,g    ) Ti 55  2.247E-07      Ti 55 (a,nonel)        1.847E-02      Ti 55 (a,a    ) Ca 52  3.667E-05
  Ti 55 (a,2n   ) Ti 54  1.130E-02      Ti 55 (a,n    ) Ti 55  7.051E-03      Ti 55 (a,g    ) Ti 56  1.252E-08      V  47 (a,nonel)        5.485E-03
  V  47 (a,a    ) Sc 44  1.730E-05      V  47 (a,p    ) Ti 47  5.378E-03      V  47 (a,g    ) V  48  6.400E-07      V  47 (a,n    ) Mn 50  5.704E-05
  V  47 (a,n    ) Mn 50m 2.997E-05      V  48 (a,nonel)        5.937E-03      V  48 (a,a    ) Sc 45  3.135E-05      V  48 (a,d    ) Ti 47  1.312E-10
  V  48 (a,p    ) Ti 48  3.498E-03      V  48 (a,n    ) V  48  2.401E-03      V  48 (a,g    ) Mn 52  1.247E-06      V  48 (a,g    ) Mn 52m 1.033E-06
  V  49 (a,nonel)        6.413E-03      V  49 (a,a    ) Sc 46  1.166E-05      V  49 (a,p    ) Ti 49  2.151E-03      V  49 (a,g    ) V  50  4.322E-06
  V  49 (a,n    ) Mn 52  1.620E-03      V  49 (a,n    ) Mn 52m 2.622E-03      V  50 (a,nonel)        6.913E-03      V  50 (a,a    ) Sc 47  1.999E-05
  V  50 (a,d    ) Ti 49  4.981E-10      V  50 (a,p    ) Ti 50  6.074E-04      V  50 (a,n    ) V  50  6.282E-03      V  50 (a,g    ) V  51  1.904E-06
  V  51 (a,nonel)        6.928E-03      V  51 (a,a    ) Sc 48  1.498E-05      V  51 (a,p    ) Ti 51  1.015E-04      V  51 (a,n    ) V  51  6.805E-03
  V  51 (a,g    ) V  52  1.258E-06      V  52 (a,nonel)        7.960E-03      V  52 (a,a    ) Sc 49  3.163E-06      V  52 (a,d    ) Ti 51  3.219E-11
  V  52 (a,p    ) Ti 52  2.094E-05      V  52 (a,n    ) V  52  7.936E-03      V  52 (a,g    ) V  53  4.167E-07      V  53 (a,nonel)        8.510E-03
  V  53 (a,a    ) Sc 50  8.480E-06      V  53 (a,p    ) Ti 53  1.757E-06      V  53 (a,n    ) V  53  8.501E-03      V  53 (a,g    ) V  54  2.704E-07
  V  54 (a,nonel)        9.096E-03      V  54 (a,a    ) Sc 51  5.604E-05      V  54 (a,d    ) Ti 53  2.612E-12      V  54 (a,p    ) Ti 54  9.505E-07
  V  54 (a,n    ) V  54  9.035E-03      V  54 (a,g    ) Mn 58  6.790E-08      V  54 (a,g    ) Mn 58m 7.337E-08      V  55 (a,nonel)        9.711E-03
  V  55 (a,a    ) Sc 52  2.416E-06      V  55 (a,p    ) Ti 55  6.954E-07      V  55 (a,2n   ) V  54  1.073E-03      V  55 (a,g    ) V  56  5.719E-08
  V  55 (a,n    ) Mn 58  4.703E-03      V  55 (a,n    ) Mn 58m 3.897E-03      Cr 48 (a,nonel)        2.953E-03      Cr 48 (a,a    ) Ti 45  5.167E-06
  Cr 48 (a,2p   ) Ti 47  2.403E-10      Cr 48 (a,p    ) V  48  2.947E-03      Cr 48 (a,g    ) Fe 52  9.301E-08      Cr 48 (a,g    ) Fe 52m 3.887E-09
  Cr 49 (a,nonel)        3.219E-03      Cr 49 (a,a    ) Ti 46  5.682E-06      Cr 49 (a,p    ) Mn 52  8.694E-04      Cr 49 (a,p    ) Mn 52m 2.009E-03
  Cr 49 (a,n    ) Fe 52  3.427E-04      Cr 49 (a,g    ) Fe 53  7.695E-07      Cr 49 (a,g    ) Fe 53m 1.424E-09      Cr 50 (a,nonel)        3.368E-03
  Cr 50 (a,a    ) Ti 47  1.103E-05      Cr 50 (a,p    ) V  50  2.663E-03      Cr 50 (a,g    ) Cr 51  6.736E-06      Cr 50 (a,n    ) Fe 53  2.154E-05
  Cr 51 (a,nonel)        3.754E-03      Cr 51 (a,a    ) Ti 48  1.733E-06      Cr 51 (a,p    ) V  51  1.061E-03      Cr 51 (a,n    ) Cr 51  2.687E-03
  Cr 51 (a,g    ) Cr 52  3.201E-06      Cr 52 (a,nonel)        1.426E+00      Cr 52 (a,a    ) Ti 49  9.184E-07      Cr 52 (a,p    ) V  52  1.440E-04
  Cr 52 (a,n    ) Cr 52  1.366E+00      Cr 52 (a,g    ) Cr 53  8.274E-06      Cr 53 (a,nonel)        4.330E-03      Cr 53 (a,a    ) Ti 50  1.116E-06
  Cr 53 (a,p    ) V  53  2.457E-05      Cr 53 (a,n    ) Cr 53  4.304E-03      Cr 53 (a,g    ) Cr 54  1.165E-06      Cr 54 (a,nonel)        4.634E-03
  Cr 54 (a,a    ) Ti 51  3.981E-06      Cr 54 (a,p    ) V  54  5.021E-07      Cr 54 (a,n    ) Cr 54  4.630E-03      Cr 54 (a,g    ) Cr 55  1.160E-06
  Cr 55 (a,nonel)        4.973E-03      Cr 55 (a,a    ) Ti 52  2.673E-06      Cr 55 (a,n    ) Cr 55  4.966E-03      Cr 55 (a,g    ) Cr 56  2.860E-07
  Cr 55 (a,p    ) Mn 58  2.931E-07      Cr 55 (a,p    ) Mn 58m 1.016E-07      Cr 56 (a,nonel)        5.317E-03      Cr 56 (a,a    ) Ti 53  3.549E-06
  Cr 56 (a,p    ) V  56  1.421E-08      Cr 56 (a,n    ) Cr 56  5.316E-03      Cr 56 (a,g    ) Cr 57  2.492E-07      Cr 57 (a,nonel)        5.674E-03
  Cr 57 (a,a    ) Ti 54  4.587E-06      Cr 57 (a,2n   ) Cr 56  7.999E-04      Cr 57 (a,n    ) Cr 57  4.864E-03      Cr 57 (a,g    ) Cr 58  1.837E-07
  Cr 57 (a,p    ) Mn 60  8.615E-09      Cr 57 (a,p    ) Mn 60m 1.440E-09      Cr 58 (a,nonel)        6.036E-03      Cr 58 (a,a    ) Ti 55  5.673E-06
  Cr 58 (a,p    ) V  58  1.924E-09      Cr 58 (a,2n   ) Cr 57  2.041E-03      Cr 58 (a,n    ) Cr 58  3.978E-03      Cr 58 (a,g    ) Cr 59  4.225E-08
  Cr 59 (a,nonel)        6.409E-03      Cr 59 (a,a    ) Ti 56  5.785E-06      Cr 59 (a,p    ) V  59  7.174E-09      Cr 59 (a,2n   ) Cr 58  3.053E-03
  Cr 59 (a,n    ) Cr 59  3.302E-03      Mn 50m(a,nonel)        1.730E-03      Mn 50m(a,a    ) Mn 50  4.314E-08      Mn 50m(a,a    ) Mn 50m 1.911E-07
  Mn 50m(a,2p   ) Mn 52  2.831E-08      Mn 50m(a,2p   ) Mn 52m 2.147E-10      Mn 50m(a,d    ) Fe 52  1.140E-11      Mn 50m(a,p    ) Fe 53  1.694E-03
  Mn 50m(a,p    ) Fe 53m 3.038E-05      Mn 50m(a,g    ) Co 54  4.170E-09      Mn 50m(a,g    ) Co 54m 6.878E-09      Mn 51 (a,nonel)        1.869E-03
  Mn 51 (a,a    ) V  48  2.411E-06      Mn 51 (a,p    ) Cr 51  1.861E-03      Mn 51 (a,g    ) Mn 52  2.687E-07      Mn 52 (a,nonel)        2.001E-03
  Mn 52 (a,d    ) Cr 51  3.566E-12      Mn 52 (a,p    ) Cr 52  1.421E-03      Mn 52 (a,n    ) Mn 52  5.593E-04      Mn 52 (a,a    ) Mn 52  1.841E-06
  Mn 52 (a,a    ) Mn 52m 2.422E-06      Mn 52 (a,g    ) Mn 53  1.354E-06      Mn 52m(a,nonel)        2.017E-03      Mn 52m(a,d    ) Cr 51  2.488E-10
  Mn 52m(a,p    ) Cr 52  1.549E-03      Mn 52m(a,n    ) Mn 52  4.582E-04      Mn 52m(a,a    ) Mn 52  1.139E-06      Mn 52m(a,a    ) Mn 52m 6.424E-07
  Mn 52m(a,g    ) Mn 53  3.244E-07      Mn 53 (a,nonel)        2.156E-03      Mn 53 (a,a    ) V  50  1.892E-06      Mn 53 (a,p    ) Cr 53  8.704E-04
  Mn 53 (a,n    ) Mn 53  9.019E-04      Mn 53 (a,g    ) Mn 54  2.927E-06      Mn 54 (a,nonel)        2.328E-03      Mn 54 (a,a    ) V  51  3.492E-06
  Mn 54 (a,p    ) Cr 54  2.872E-04      Mn 54 (a,n    ) Mn 54  2.036E-03      Mn 54 (a,g    ) Co 58  8.259E-07      Mn 54 (a,g    ) Co 58m 6.092E-07
  Mn 55 (a,nonel)        2.639E-03      Mn 55 (a,a    ) V  52  4.539E-06      Mn 55 (a,p    ) Cr 55  7.145E-05      Mn 55 (a,g    ) Mn 56  3.618E-04
  Mn 55 (a,n    ) Co 58  1.525E-03      Mn 55 (a,n    ) Co 58m 6.773E-04      Mn 56 (a,nonel)        2.680E-03      Mn 56 (a,a    ) V  53  3.365E-06
  Mn 56 (a,p    ) Cr 56  2.420E-05      Mn 56 (a,n    ) Mn 56  2.650E-03      Mn 56 (a,g    ) Co 60  1.497E-07      Mn 56 (a,g    ) Co 60m 1.948E-07
  Mn 57 (a,nonel)        2.868E-03      Mn 57 (a,a    ) V  54  9.605E-07      Mn 57 (a,p    ) Cr 57  3.060E-06      Mn 57 (a,g    ) Mn 58  2.215E-07
  Mn 57 (a,n    ) Co 60  8.255E-04      Mn 57 (a,n    ) Co 60m 2.038E-03      Mn 58 (a,nonel)        3.062E-03      Mn 58 (a,d    ) Cr 57  1.068E-11
  Mn 58 (a,p    ) Cr 58  8.535E-07      Mn 58 (a,n    ) Mn 58  3.047E-03      Mn 58 (a,a    ) Mn 58  8.917E-06      Mn 58 (a,a    ) Mn 58m 6.041E-08
  Mn 58 (a,g    ) Co 62  3.605E-08      Mn 58 (a,g    ) Co 62m 1.196E-08      Mn 58m(a,nonel)        3.062E-03      Mn 58m(a,p    ) Cr 58  4.253E-07
  Mn 58m(a,n    ) Mn 58  3.056E-03      Mn 58m(a,a    ) Mn 58  2.454E-08      Mn 58m(a,a    ) Mn 58m 1.700E-08      Mn 58m(a,g    ) Co 62  1.514E-08
  Mn 58m(a,g    ) Co 62m 2.201E-08      Mn 59 (a,nonel)        3.261E-03      Mn 59 (a,a    ) V  56  2.196E-07      Mn 59 (a,p    ) Cr 59  5.463E-08
  Mn 59 (a,g    ) Mn 60  2.201E-08      Mn 59 (a,n    ) Co 62  1.969E-03      Mn 59 (a,n    ) Co 62m 1.259E-03      Mn 60m(a,nonel)        3.467E-03
  Mn 60m(a,p    ) Cr 60  9.587E-08      Mn 60m(a,n    ) Mn 60  3.074E-03      Mn 60m(a,a    ) Mn 60  1.384E-09      Mn 60m(a,a    ) Mn 60m 6.628E-10
  Mn 60m(a,g    ) Mn 61  1.301E-09      Mn 60m(a,2n   ) Co 62  1.525E-04      Mn 60m(a,2n   ) Co 62m 2.112E-04      Fe 52 (a,nonel)        9.883E-04
  Fe 52 (a,2p   ) Cr 51  5.633E-09      Fe 52 (a,p    ) Mn 52  9.877E-04      Fe 52 (a,a    ) Fe 52  6.126E-07      Fe 52 (a,g    ) Fe 53  5.454E-08
  Fe 52m(a,nonel)        8.910E-04      Fe 52m(a,pa   ) V  48  4.146E-10      Fe 52m(a,2p   ) Cr 51  2.688E-04      Fe 52m(a,p    ) Mn 52  4.804E-04
  Fe 52m(a,n    ) Fe 52  6.546E-06      Fe 52m(a,a    ) Fe 52  1.352E-04      Fe 52m(a,g    ) Fe 53  1.527E-10      Fe 52m(a,d    ) Co 54m 3.630E-10
  Fe 53 (a,nonel)        1.069E-03      Fe 53 (a,p    ) Mn 53  1.044E-03      Fe 53 (a,n    ) Fe 53  2.411E-05      Fe 53 (a,a    ) Fe 53  1.804E-07
  Fe 53 (a,a    ) Fe 53m 1.116E-10      Fe 53 (a,g    ) Fe 54  1.073E-07      Fe 53m(a,nonel)        1.058E-03      Fe 53m(a,2p   ) Cr 52  8.025E-07
  Fe 53m(a,d    ) Mn 52  7.340E-12      Fe 53m(a,p    ) Mn 53  1.003E-03      Fe 53m(a,n    ) Fe 53  4.527E-05      Fe 53m(a,a    ) Fe 53  6.854E-06
  Fe 53m(a,a    ) Fe 53m 2.112E-10      Fe 53m(a,g    ) Fe 54  3.617E-09      Fe 54 (a,nonel)        4.769E-01      Fe 54 (a,a    ) Cr 51  9.549E-03
  Fe 54 (a,p    ) Mn 54  4.671E-01      Fe 54 (a,g    ) Fe 55  1.252E-05      Fe 55 (a,nonel)        1.230E-03      Fe 55 (a,a    ) Cr 52  1.315E-06
  Fe 55 (a,n    ) Fe 55  6.474E-04      Fe 55 (a,g    ) Fe 56  5.074E-06      Fe 55 (a,p    ) Co 58  1.711E-04      Fe 55 (a,p    ) Co 58m 9.061E-05
  Fe 56 (a,nonel)        1.291E+00      Fe 56 (a,a    ) Cr 53  4.726E-06      Fe 56 (a,p    ) Mn 56  1.361E-02      Fe 56 (a,n    ) Fe 56  1.145E+00
  Fe 56 (a,g    ) Fe 57  1.183E-05      Fe 57 (a,nonel)        1.498E+00      Fe 57 (a,a    ) Cr 54  2.429E-06      Fe 57 (a,n    ) Fe 57  1.497E+00
  Fe 57 (a,g    ) Fe 58  5.695E-04      Fe 57 (a,p    ) Co 60  1.728E-06      Fe 57 (a,p    ) Co 60m 2.775E-06      Fe 58 (a,nonel)        2.152E-03
  Fe 58 (a,a    ) Cr 55  9.114E-07      Fe 58 (a,p    ) Mn 58  3.170E-07      Fe 58 (a,n    ) Fe 58  1.487E-03      Fe 58 (a,g    ) Fe 59  6.288E-04
  Fe 59 (a,nonel)        1.632E-03      Fe 59 (a,a    ) Cr 56  3.650E-07      Fe 59 (a,n    ) Fe 59  1.635E-03      Fe 59 (a,g    ) Fe 60  1.164E-07
  Fe 59 (a,p    ) Co 62  6.404E-08      Fe 59 (a,p    ) Co 62m 3.139E-08      Fe 60 (a,nonel)        1.739E-03      Fe 60 (a,a    ) Cr 57  6.896E-07
  Fe 60 (a,p    ) Mn 60  2.352E-08      Fe 60 (a,n    ) Fe 60  1.738E-03      Fe 60 (a,g    ) Fe 61  3.045E-07      Fe 61 (a,nonel)        1.852E-03
  Fe 61 (a,a    ) Cr 58  8.125E-07      Fe 61 (a,p    ) Mn 61  1.920E-08      Fe 61 (a,n    ) Fe 61  1.849E-03      Fe 61 (a,g    ) Fe 62  6.434E-09
  Fe 62 (a,nonel)        1.971E-03      Fe 62 (a,a    ) Cr 59  7.119E-07      Fe 62 (a,p    ) Mn 62  6.987E-10      Fe 62 (a,2n   ) Fe 61  1.559E-04
  Fe 62 (a,n    ) Fe 62  1.810E-03      Fe 62 (a,g    ) Fe 63  3.778E-08      Fe 63 (a,nonel)        2.100E-03      Fe 63 (a,a    ) Cr 60  3.324E-07
  Fe 63 (a,p    ) Mn 63  3.510E-09      Fe 63 (a,2n   ) Fe 62  4.368E-04      Fe 63 (a,n    ) Fe 63  1.651E-03      Fe 64 (a,nonel)        2.238E-03
  Fe 64 (a,a    ) Cr 61  1.231E-06      Fe 64 (a,2n   ) Fe 63  7.568E-04      Fe 64 (a,n    ) Fe 64  1.470E-03      Co 54m(a,nonel)        5.553E-04
  Co 54m(a,2p   ) Mn 53  2.793E-09      Co 54m(a,d    ) Fe 53  1.182E-12      Co 54m(a,p    ) Fe 54  5.557E-04      Co 54m(a,a    ) Co 54  5.404E-09
  Co 54m(a,a    ) Co 54m 4.076E-09      Co 54m(a,g    ) Co 55  4.960E-09      Co 55 (a,nonel)        6.010E-04      Co 55 (a,a    ) Mn 52  6.473E-10
  Co 55 (a,p    ) Fe 55  6.009E-04      Co 55 (a,g    ) Co 56  1.239E-07      Co 56 (a,nonel)        6.517E-04      Co 56 (a,a    ) Mn 53  1.166E-06
  Co 56 (a,p    ) Fe 56  6.406E-04      Co 56 (a,g    ) Co 57  3.804E-07      Co 57 (a,nonel)        6.734E-04      Co 57 (a,a    ) Mn 54  1.004E-06
  Co 57 (a,p    ) Fe 57  6.692E-04      Co 57 (a,g    ) Co 58  2.871E-06      Co 58 (a,nonel)        7.542E-04      Co 58 (a,p    ) Fe 58  3.159E-04
  Co 58 (a,n    ) Co 58  4.224E-04      Co 58 (a,a    ) Co 58  1.302E-06      Co 58 (a,a    ) Co 58m 1.332E-06      Co 58 (a,g    ) Co 59  1.666E-06
  Co 58m(a,nonel)        7.445E-04      Co 58m(a,p    ) Fe 58  3.965E-04      Co 58m(a,n    ) Co 58  3.195E-04      Co 58m(a,a    ) Co 58  5.066E-06
  Co 58m(a,a    ) Co 58m 3.033E-06      Co 58m(a,g    ) Co 59  9.115E-06      Co 59 (a,nonel)        1.767E-02      Co 59 (a,a    ) Mn 56  1.116E-03
  Co 59 (a,p    ) Fe 59  1.492E-02      Co 59 (a,n    ) Co 59  2.592E-04      Co 59 (a,g    ) Co 60  1.058E-03      Co 60 (a,nonel)        8.619E-04
  Co 60 (a,p    ) Fe 60  1.579E-05      Co 60 (a,n    ) Co 60  8.435E-04      Co 60 (a,a    ) Co 60  5.765E-07      Co 60 (a,a    ) Co 60m 2.560E-07
  Co 60 (a,g    ) Co 61  3.260E-06      Co 60m(a,nonel)        8.630E-04      Co 60m(a,p    ) Fe 60  2.131E-05      Co 60m(a,n    ) Co 60  8.425E-04
  Co 60m(a,a    ) Co 60  1.863E-07      Co 60m(a,a    ) Co 60m 1.399E-07      Co 60m(a,g    ) Co 61  4.363E-07      Co 61 (a,nonel)        9.199E-04
  Co 61 (a,a    ) Mn 58  6.825E-08      Co 61 (a,p    ) Fe 61  2.824E-06      Co 61 (a,n    ) Co 61  9.177E-04      Co 61 (a,g    ) Co 62  7.503E-07
  Co 62 (a,nonel)        9.806E-04      Co 62 (a,d    ) Fe 61  2.330E-12      Co 62 (a,p    ) Fe 62  1.213E-06      Co 62 (a,n    ) Co 62  9.776E-04
  Co 62 (a,a    ) Co 62  2.294E-07      Co 62 (a,a    ) Co 62m 1.510E-09      Co 62 (a,g    ) Co 63  8.134E-09      Co 62m(a,nonel)        9.806E-04
  Co 62m(a,p    ) Fe 62  1.470E-06      Co 62m(a,n    ) Co 62  9.774E-04      Co 62m(a,a    ) Co 62  1.993E-09      Co 62m(a,a    ) Co 62m 1.933E-09
  Co 62m(a,g    ) Co 63  5.108E-08      Co 63 (a,nonel)        1.045E-03      Co 63 (a,a    ) Mn 60  4.905E-08      Co 63 (a,p    ) Fe 63  8.830E-08
  Co 63 (a,n    ) Co 63  1.043E-03      Co 63 (a,g    ) Co 64  2.194E-08      Co 65 (a,nonel)        1.189E-03      Co 65 (a,a    ) Mn 62  4.410E-08
  Co 65 (a,p    ) Fe 65  3.426E-08      Co 65 (a,2n   ) Co 64  3.665E-05      Co 65 (a,g    ) Co 66  1.967E-12      Co 65 (a,n    ) Cu 68  9.322E-04
  Co 65 (a,n    ) Cu 68m 2.154E-04      Co 68m(a,nonel)        1.434E-03      Co 68m(a,t    ) Fe 66  1.023E-08      Co 68m(a,np   ) Fe 67  1.304E-11
  Co 68m(a,n    ) Co 68  7.899E-04      Co 68m(a,a    ) Co 68  9.220E-11      Co 68m(a,a    ) Co 68m 6.937E-11      Co 68m(a,p    ) Ni 71  7.770E-08
  Co 68m(a,p    ) Ni 71m 2.871E-08      Co 68m(a,2n   ) Cu 70  2.545E-04      Co 68m(a,2n   ) Cu 70m 2.386E-04      Co 68m(a,2n   ) Cu 70n 1.386E-04
  Ni 56 (a,nonel)        2.897E-04      Ni 56 (a,a    ) Fe 53  6.021E-10      Ni 56 (a,p    ) Co 56  2.896E-04      Ni 56 (a,g    ) Ni 57  1.108E-07
  Ni 57 (a,nonel)        3.361E-04      Ni 57 (a,a    ) Fe 54  4.844E-07      Ni 57 (a,p    ) Co 57  3.351E-04      Ni 57 (a,g    ) Zn 61  2.884E-07
  Ni 57 (a,g    ) Zn 61m 1.715E-08      Ni 57 (a,g    ) Zn 61n 1.123E-07      Ni 57 (a,g    ) Zn 61o 3.391E-08      Ni 58 (a,nonel)        5.817E-01
  Ni 58 (a,a    ) Fe 55  1.197E-06      Ni 58 (a,p    ) Co 58  5.817E-01      Ni 58 (a,g    ) Ni 59  1.043E-05      Ni 59 (a,nonel)        3.642E-04
  Ni 59 (a,a    ) Fe 56  1.339E-05      Ni 59 (a,p    ) Co 59  2.820E-04      Ni 59 (a,g    ) Ni 60  1.534E-05      Ni 60 (a,nonel)        2.693E-02
  Ni 60 (a,a    ) Fe 57  7.688E-06      Ni 60 (a,p    ) Co 60  2.687E-02      Ni 60 (a,g    ) Ni 61  4.929E-05      Ni 61 (a,nonel)        4.501E-04
  Ni 61 (a,a    ) Fe 58  4.378E-06      Ni 61 (a,p    ) Co 61  7.757E-06      Ni 61 (a,n    ) Ni 61  4.192E-04      Ni 61 (a,g    ) Ni 62  1.330E-05
  Ni 62 (a,nonel)        2.745E-04      Ni 62 (a,a    ) Fe 59  5.372E-06      Ni 62 (a,p    ) Co 62  9.307E-06      Ni 62 (a,g    ) Ni 63  9.957E-05
  Ni 63 (a,nonel)        5.157E-04      Ni 63 (a,a    ) Fe 60  4.188E-07      Ni 63 (a,p    ) Co 63  2.608E-07      Ni 63 (a,n    ) Ni 63  5.028E-04
  Ni 63 (a,g    ) Ni 64  1.658E-06      Ni 64 (a,nonel)        5.755E-04      Ni 64 (a,a    ) Fe 61  3.493E-08      Ni 64 (a,p    ) Co 64  3.912E-08
  Ni 64 (a,n    ) Ni 64  3.189E-04      Ni 64 (a,g    ) Ni 65  3.342E-06      Ni 65 (a,nonel)        5.876E-04      Ni 65 (a,a    ) Fe 62  5.413E-08
  Ni 65 (a,n    ) Ni 65  5.875E-04      Ni 65 (a,p    ) Cu 68  6.900E-09      Ni 65 (a,p    ) Cu 68m 1.279E-10      Ni 65 (a,g    ) Zn 69  5.844E-08
  Ni 65 (a,g    ) Zn 69m 1.203E-07      Ni 66 (a,nonel)        6.269E-04      Ni 66 (a,a    ) Fe 63  1.418E-08      Ni 66 (a,p    ) Co 66  4.584E-10
  Ni 66 (a,g    ) Ni 67  2.669E-07      Ni 66 (a,n    ) Zn 69  4.732E-04      Ni 66 (a,n    ) Zn 69m 1.534E-04      Ni 67 (a,nonel)        6.689E-04
  Ni 67 (a,a    ) Fe 64  5.243E-08      Ni 67 (a,n    ) Ni 67  6.681E-04      Ni 67 (a,g    ) Zn 71  8.860E-09      Ni 67 (a,g    ) Zn 71m 1.236E-08
  Ni 68 (a,nonel)        7.120E-04      Ni 68 (a,a    ) Fe 65  1.456E-09      Ni 68 (a,p    ) Co 68  1.282E-12      Ni 68 (a,g    ) Ni 69  2.039E-07
  Ni 68 (a,n    ) Zn 71  3.103E-04      Ni 68 (a,n    ) Zn 71m 4.012E-04      Ni 69 (a,nonel)        7.564E-04      Ni 69 (a,a    ) Fe 66  9.297E-09
  Ni 69 (a,p    ) Co 69  1.068E-11      Ni 69 (a,n    ) Ni 69  7.499E-04      Ni 70 (a,nonel)        8.018E-04      Ni 70 (a,a    ) Fe 67  2.756E-08
  Ni 70 (a,p    ) Co 70  6.107E-09      Ni 70 (a,2n   ) Ni 69  8.630E-05      Ni 70 (a,g    ) Ni 71  2.427E-12      Ni 70 (a,n    ) Zn 73  6.678E-04
  Ni 70 (a,n    ) Zn 73m 4.451E-05      Ni 71 (a,nonel)        8.492E-04      Ni 71 (a,p    ) Co 71  6.749E-10      Ni 71 (a,n    ) Ni 71  6.031E-04
  Ni 71 (a,a    ) Ni 71  3.770E-09      Ni 71 (a,a    ) Ni 71m 2.631E-10      Ni 71 (a,2n   ) Zn 73  2.192E-04      Ni 71 (a,2n   ) Zn 73m 2.069E-05
  Ni 72 (a,nonel)        8.986E-04      Ni 72 (a,a    ) Fe 69  5.523E-08      Ni 72 (a,p    ) Co 72  4.479E-09      Ni 72 (a,2n   ) Ni 71  4.616E-04
  Ni 72 (a,n    ) Ni 72  4.310E-04      Cu 58 (a,nonel)        1.805E-04      Cu 58 (a,a    ) Co 55  3.961E-08      Cu 58 (a,2p   ) Co 57  2.767E-12
  Cu 58 (a,g    ) Cu 59  7.107E-10      Cu 58 (a,p    ) Zn 61  1.072E-04      Cu 58 (a,p    ) Zn 61m 1.848E-05      Cu 58 (a,p    ) Zn 61n 3.362E-05
  Cu 58 (a,p    ) Zn 61o 2.125E-05      Cu 59 (a,nonel)        1.936E-04      Cu 59 (a,a    ) Co 56  7.960E-08      Cu 59 (a,p    ) Ni 59  1.935E-04
  Cu 59 (a,g    ) Cu 60  2.173E-08      Cu 60 (a,nonel)        2.078E-04      Cu 60 (a,a    ) Co 57  6.482E-07      Cu 60 (a,p    ) Ni 60  2.069E-04
  Cu 60 (a,g    ) Cu 61  1.775E-07      Cu 61 (a,nonel)        2.212E-04      Cu 61 (a,a    ) Co 58  3.345E-07      Cu 61 (a,p    ) Ni 61  2.194E-04
  Cu 61 (a,g    ) Cu 62  1.449E-06      Cu 62 (a,nonel)        2.373E-04      Cu 62 (a,a    ) Co 59  1.132E-06      Cu 62 (a,p    ) Ni 62  1.959E-04
  Cu 62 (a,g    ) Cu 63  1.129E-06      Cu 63 (a,nonel)        6.311E-03      Cu 63 (a,a    ) Co 60  6.085E-03      Cu 63 (a,p    ) Ni 63  2.134E-04
  Cu 63 (a,g    ) Cu 64  1.254E-05      Cu 64 (a,nonel)        2.704E-04      Cu 64 (a,a    ) Co 61  5.065E-07      Cu 64 (a,p    ) Ni 64  2.104E-05
  Cu 64 (a,n    ) Cu 64  1.648E-04      Cu 64 (a,g    ) Cu 65  1.372E-06      Cu 65 (a,nonel)        2.703E-04      Cu 65 (a,a    ) Co 62  2.320E-07
  Cu 65 (a,p    ) Ni 65  6.464E-05      Cu 65 (a,g    ) Cu 66  5.492E-05      Cu 66 (a,nonel)        3.084E-04      Cu 66 (a,a    ) Co 63  2.336E-07
  Cu 66 (a,n    ) Cu 66  3.071E-04      Cu 66 (a,g    ) Cu 67  1.958E-07      Cu 66 (a,p    ) Zn 69  7.355E-07      Cu 66 (a,p    ) Zn 69m 2.078E-07
  Cu 67 (a,nonel)        3.292E-04      Cu 67 (a,a    ) Co 64  6.440E-09      Cu 67 (a,p    ) Ni 67  2.849E-07      Cu 67 (a,n    ) Cu 67  3.225E-04
  Cu 67 (a,g    ) Cu 68  3.519E-07      Cu 68 (a,nonel)        3.510E-04      Cu 68 (a,n    ) Cu 68  3.506E-04      Cu 68 (a,a    ) Cu 68  4.294E-08
  Cu 68 (a,a    ) Cu 68m 1.254E-11      Cu 68 (a,g    ) Cu 69  3.949E-09      Cu 68 (a,p    ) Zn 71  2.923E-09      Cu 68 (a,p    ) Zn 71m 2.791E-09
  Cu 68m(a,nonel)        3.510E-04      Cu 68m(a,n    ) Cu 68  3.503E-04      Cu 68m(a,a    ) Cu 68  2.142E-11      Cu 68m(a,a    ) Cu 68m 3.234E-12
  Cu 68m(a,g    ) Cu 69  5.015E-12      Cu 68m(a,p    ) Zn 71  3.290E-09      Cu 68m(a,p    ) Zn 71m 7.168E-09      Cu 69 (a,nonel)        3.735E-04
  Cu 69 (a,a    ) Co 66  1.972E-09      Cu 69 (a,p    ) Ni 69  2.480E-08      Cu 69 (a,n    ) Cu 69  3.727E-04      Cu 69 (a,g    ) Cu 70  3.208E-08
  Cu 70 (a,nonel)        3.967E-04      Cu 70 (a,n    ) Cu 70  3.944E-04      Cu 70 (a,a    ) Cu 70m 2.102E-07      Cu 70 (a,a    ) Cu 70n 1.690E-07
  Cu 70 (a,p    ) Zn 73  4.254E-09      Cu 70 (a,p    ) Zn 73m 2.582E-10      Cu 70m(a,nonel)        3.967E-04      Cu 70m(a,n    ) Cu 70  3.948E-04
  Cu 70m(a,a    ) Cu 70m 1.672E-12      Cu 70m(a,a    ) Cu 70n 2.045E-12      Cu 70m(a,p    ) Zn 73  4.598E-09      Cu 70m(a,p    ) Zn 73m 4.104E-10
  Cu 70m(a,g    ) Ga 74  1.282E-11      Cu 70m(a,g    ) Ga 74m 3.067E-12      Cu 70n(a,nonel)        3.967E-04      Cu 70n(a,d    ) Ni 69  1.124E-11
  Cu 70n(a,n    ) Cu 70  3.946E-04      Cu 70n(a,a    ) Cu 70m 1.942E-12      Cu 70n(a,a    ) Cu 70n 2.381E-12      Cu 70n(a,p    ) Zn 73  6.844E-09
  Cu 70n(a,p    ) Zn 73m 6.092E-10      Cu 71 (a,nonel)        4.206E-04      Cu 71 (a,a    ) Co 68  3.470E-08      Cu 71 (a,p    ) Ni 71  4.795E-11
  Cu 71 (a,g    ) Cu 72  1.297E-10      Cu 71 (a,n    ) Ga 74  3.154E-04      Cu 71 (a,n    ) Ga 74m 1.032E-04      Cu 72 (a,nonel)        4.456E-04
  Cu 72 (a,a    ) Co 69  3.648E-07      Cu 72 (a,p    ) Ni 72  6.005E-09      Cu 72 (a,n    ) Cu 72  4.207E-04      Cu 72 (a,2n   ) Ga 74  1.774E-05
  Cu 72 (a,2n   ) Ga 74m 3.337E-06      Cu 73 (a,nonel)        4.718E-04      Cu 73 (a,a    ) Co 70  1.430E-08      Cu 73 (a,p    ) Ni 73  2.642E-10
  Cu 73 (a,2n   ) Cu 72  8.420E-05      Cu 73 (a,n    ) Cu 73  3.844E-04      Cu 74 (a,nonel)        4.996E-04      Cu 74 (a,a    ) Co 71  4.054E-10
  Cu 74 (a,2n   ) Cu 73  1.315E-04      Cu 74 (a,n    ) Cu 74  3.644E-04      Cu 74 (a,p    ) Zn 77  2.839E-09      Cu 74 (a,p    ) Zn 77m 4.714E-10
  Cu 75 (a,nonel)        5.288E-04      Cu 75 (a,a    ) Co 72  1.617E-08      Cu 75 (a,p    ) Ni 75  6.890E-11      Cu 75 (a,2n   ) Cu 74  2.401E-04
  Cu 75 (a,n    ) Cu 75  2.854E-04      Cu 76m(a,nonel)        5.592E-04      Cu 76m(a,d    ) Ni 75  1.205E-09      Cu 76m(a,p    ) Ni 76  1.798E-09
  Cu 76m(a,2n   ) Cu 75  3.550E-04      Cu 76m(a,n    ) Cu 76  2.005E-04      Cu 76m(a,a    ) Cu 76  2.601E-12      Zn 60 (a,nonel)        1.007E-04
  Zn 60 (a,a    ) Ni 57  6.574E-08      Zn 60 (a,p    ) Cu 60  1.006E-04      Zn 60 (a,g    ) Zn 61  1.417E-08      Zn 61 (a,nonel)        1.086E-04
  Zn 61 (a,p    ) Cu 61  1.081E-04      Zn 61 (a,a    ) Zn 61  2.074E-07      Zn 61 (a,a    ) Zn 61m 6.925E-08      Zn 61 (a,a    ) Zn 61n 7.366E-08
  Zn 61 (a,a    ) Zn 61o 2.726E-08      Zn 61 (a,g    ) Zn 62  7.529E-08      Zn 62 (a,nonel)        1.099E-04      Zn 62 (a,a    ) Ni 59  8.011E-07
  Zn 62 (a,p    ) Cu 62  1.068E-04      Zn 62 (a,g    ) Zn 63  2.314E-06      Zn 63 (a,nonel)        1.216E-04      Zn 63 (a,a    ) Ni 60  3.674E-06
  Zn 63 (a,p    ) Cu 63  1.001E-04      Zn 63 (a,g    ) Zn 64  8.441E-06      Zn 64 (a,nonel)        1.807E-01      Zn 64 (a,a    ) Ni 61  4.217E-06
  Zn 64 (a,p    ) Cu 64  1.806E-01      Zn 64 (a,g    ) Zn 65  3.326E-05      Zn 65 (a,nonel)        1.380E-04      Zn 65 (a,a    ) Ni 62  3.413E-06
  Zn 65 (a,p    ) Cu 65  8.524E-06      Zn 65 (a,n    ) Zn 65  9.573E-05      Zn 65 (a,g    ) Zn 66  2.744E-05      Zn 66 (a,nonel)        1.049E-04
  Zn 66 (a,a    ) Ni 63  4.349E-06      Zn 66 (a,p    ) Cu 66  1.556E-05      Zn 66 (a,g    ) Zn 67  8.502E-05      Zn 67 (a,nonel)        5.432E-03
  Zn 67 (a,a    ) Ni 64  9.122E-08      Zn 67 (a,p    ) Cu 67  5.270E-03      Zn 67 (a,n    ) Zn 67  9.257E-05      Zn 67 (a,g    ) Zn 68  4.752E-06
  Zn 68 (a,nonel)        1.687E-04      Zn 68 (a,a    ) Ni 65  9.794E-08      Zn 68 (a,p    ) Cu 68  1.956E-08      Zn 68 (a,g    ) Zn 69  6.561E-05
  Zn 69 (a,nonel)        1.836E-04      Zn 69 (a,p    ) Cu 69  1.656E-09      Zn 69 (a,n    ) Zn 69  1.834E-04      Zn 69 (a,a    ) Zn 69  6.096E-09
  Zn 69 (a,a    ) Zn 69m 1.205E-09      Zn 69 (a,g    ) Ge 73  6.894E-08      Zn 69 (a,g    ) Ge 73m 1.809E-08      Zn 69m(a,nonel)        1.836E-04
  Zn 69m(a,p    ) Cu 69  5.853E-09      Zn 69m(a,n    ) Zn 69  1.833E-04      Zn 69m(a,a    ) Zn 69  2.478E-09      Zn 69m(a,a    ) Zn 69m 2.595E-09
  Zn 69m(a,g    ) Ge 73  1.388E-07      Zn 69m(a,g    ) Ge 73m 2.201E-09      Zn 70 (a,nonel)        1.952E-04      Zn 70 (a,a    ) Ni 67  1.677E-08
  Zn 70 (a,p    ) Cu 70  9.413E-10      Zn 70 (a,g    ) Zn 71  2.225E-07      Zn 70 (a,n    ) Ge 73  1.348E-04      Zn 70 (a,n    ) Ge 73m 6.016E-05
  Zn 71 (a,nonel)        2.073E-04      Zn 71 (a,n    ) Zn 71  2.067E-04      Zn 71 (a,a    ) Zn 71  7.078E-09      Zn 71 (a,a    ) Zn 71m 4.499E-10
  Zn 71 (a,p    ) Ga 74  4.622E-10      Zn 71 (a,p    ) Ga 74m 8.558E-10      Zn 71 (a,g    ) Ge 75m 1.911E-12      Zn 71m(a,nonel)        2.073E-04
  Zn 71m(a,n    ) Zn 71  2.067E-04      Zn 71m(a,p    ) Ga 74  1.552E-10      Zn 71m(a,p    ) Ga 74m 5.013E-11      Zn 71m(a,g    ) Ge 75m 1.692E-12
  Zn 72 (a,nonel)        2.198E-04      Zn 72 (a,a    ) Ni 69  3.573E-08      Zn 72 (a,p    ) Cu 72  3.690E-10      Zn 72 (a,g    ) Zn 73  2.705E-08
  Zn 72 (a,n    ) Ge 75  7.980E-05      Zn 72 (a,n    ) Ge 75m 1.395E-04      Zn 73 (a,nonel)        2.329E-04      Zn 73 (a,p    ) Cu 73  3.243E-10
  Zn 73 (a,n    ) Zn 73  2.323E-04      Zn 73 (a,a    ) Zn 73  1.842E-09      Zn 73 (a,a    ) Zn 73m 6.275E-10      Zn 73m(a,nonel)        2.329E-04
  Zn 73m(a,p    ) Cu 73  4.668E-10      Zn 73m(a,n    ) Zn 73  2.322E-04      Zn 74 (a,nonel)        2.467E-04      Zn 74 (a,a    ) Ni 71  4.645E-08
  Zn 74 (a,p    ) Cu 74  2.357E-08      Zn 74 (a,g    ) Zn 75  4.538E-11      Zn 74 (a,n    ) Ge 77  2.107E-04      Zn 74 (a,n    ) Ge 77m 3.439E-05
  Zn 75 (a,nonel)        2.613E-04      Zn 75 (a,a    ) Ni 72  5.642E-08      Zn 75 (a,p    ) Cu 75  1.749E-09      Zn 75 (a,n    ) Zn 75  2.319E-04
  Zn 75 (a,2n   ) Ge 77  2.375E-05      Zn 75 (a,2n   ) Ge 77m 4.091E-06      Zn 76 (a,nonel)        2.766E-04      Zn 76 (a,a    ) Ni 73  5.584E-08
  Zn 76 (a,p    ) Cu 76  1.706E-11      Zn 76 (a,2n   ) Zn 75  4.966E-05      Zn 76 (a,n    ) Ge 79  7.397E-05      Zn 76 (a,n    ) Ge 79m 1.510E-04
  Zn 77 (a,nonel)        2.925E-04      Zn 77 (a,p    ) Cu 77  1.519E-11      Zn 77 (a,n    ) Zn 77  1.712E-04      Zn 77 (a,a    ) Zn 77  6.248E-08
  Zn 77 (a,a    ) Zn 77m 5.570E-10      Zn 77 (a,2n   ) Ge 79  4.645E-05      Zn 77 (a,2n   ) Ge 79m 7.299E-05      Zn 77m(a,nonel)        2.925E-04
  Zn 77m(a,p    ) Cu 77  4.703E-12      Zn 77m(a,n    ) Zn 77  1.406E-04      Zn 77m(a,2n   ) Ge 79  5.805E-05      Zn 77m(a,2n   ) Ge 79m 9.199E-05
  Zn 77m(a,g    ) Ge 81  3.416E-12      Zn 77m(a,g    ) Ge 81m 1.629E-12      Zn 78 (a,nonel)        3.089E-04      Zn 78 (a,a    ) Ni 75  4.356E-08
  Zn 78 (a,p    ) Cu 78  2.100E-12      Zn 78 (a,2n   ) Zn 77  1.819E-04      Zn 78 (a,n    ) Ge 81  1.130E-04      Zn 78 (a,n    ) Ge 81m 1.263E-05
  Ga 63 (a,nonel)        6.082E-05      Ga 63 (a,a    ) Cu 60  5.667E-08      Ga 63 (a,p    ) Zn 63  6.075E-05      Ga 63 (a,g    ) Ga 64  6.695E-09
  Ga 64 (a,nonel)        6.497E-05      Ga 64 (a,a    ) Cu 61  6.335E-08      Ga 64 (a,p    ) Zn 64  6.485E-05      Ga 64 (a,g    ) Ga 65  5.591E-08
  Ga 65 (a,nonel)        6.926E-05      Ga 65 (a,a    ) Cu 62  1.781E-07      Ga 65 (a,p    ) Zn 65  6.868E-05      Ga 65 (a,g    ) Ga 66  3.810E-07
  Ga 66 (a,nonel)        7.403E-05      Ga 66 (a,a    ) Cu 63  1.898E-07      Ga 66 (a,p    ) Zn 66  6.836E-05      Ga 66 (a,g    ) Ga 67  3.159E-07
  Ga 67 (a,nonel)        7.876E-05      Ga 67 (a,a    ) Cu 64  3.713E-07      Ga 67 (a,p    ) Zn 67  7.446E-05      Ga 67 (a,g    ) Ga 68  3.873E-06
  Ga 68 (a,nonel)        8.440E-05      Ga 68 (a,a    ) Cu 65  8.582E-08      Ga 68 (a,p    ) Zn 68  1.699E-05      Ga 68 (a,n    ) Ga 68  3.029E-05
  Ga 68 (a,g    ) Ga 69  1.131E-06      Ga 69 (a,nonel)        9.262E-05      Ga 69 (a,a    ) Cu 66  2.793E-07      Ga 69 (a,p    ) Zn 69  7.866E-05
  Ga 69 (a,g    ) Ga 70  1.348E-05      Ga 70 (a,nonel)        9.584E-05      Ga 70 (a,a    ) Cu 67  2.138E-08      Ga 70 (a,n    ) Ga 70  9.452E-05
  Ga 70 (a,g    ) Ga 71  2.075E-07      Ga 70 (a,p    ) Ge 73  7.876E-07      Ga 70 (a,p    ) Ge 73m 3.074E-07      Ga 71 (a,nonel)        1.019E-04
  Ga 71 (a,a    ) Cu 68  7.194E-09      Ga 71 (a,p    ) Zn 71  1.209E-06      Ga 71 (a,n    ) Ga 71  9.759E-05      Ga 71 (a,g    ) Ga 72  6.824E-07
  Ga 72 (a,nonel)        1.081E-04      Ga 72 (a,a    ) Cu 69  4.580E-08      Ga 72 (a,n    ) Ga 72  1.079E-04      Ga 72 (a,g    ) Ga 73  1.659E-12
  Ga 72 (a,p    ) Ge 75  1.848E-08      Ga 72 (a,p    ) Ge 75m 3.652E-08      Ga 73 (a,nonel)        1.146E-04      Ga 73 (a,a    ) Cu 70  1.509E-08
  Ga 73 (a,p    ) Zn 73  7.812E-10      Ga 73 (a,n    ) Ga 73  1.147E-04      Ga 73 (a,g    ) Ga 74  4.233E-12      Ga 74 (a,nonel)        1.215E-04
  Ga 74 (a,n    ) Ga 74  1.210E-04      Ga 74 (a,a    ) Ga 74  3.043E-08      Ga 74 (a,a    ) Ga 74m 3.346E-08      Ga 74 (a,p    ) Ge 77  1.238E-08
  Ga 74 (a,p    ) Ge 77m 2.729E-09      Ga 74m(a,nonel)        1.215E-04      Ga 74m(a,d    ) Zn 73  5.892E-10      Ga 74m(a,n    ) Ga 74  1.210E-04
  Ga 74m(a,a    ) Ga 74  1.946E-12      Ga 74m(a,p    ) Ge 77  1.334E-08      Ga 74m(a,p    ) Ge 77m 2.894E-09      Ga 75 (a,nonel)        1.287E-04
  Ga 75 (a,a    ) Cu 72  1.229E-08      Ga 75 (a,p    ) Zn 75  1.314E-10      Ga 75 (a,n    ) Ga 75  1.282E-04      Ga 75 (a,g    ) Ga 76  2.582E-12
  Ga 76 (a,nonel)        1.364E-04      Ga 76 (a,a    ) Cu 73  2.653E-08      Ga 76 (a,n    ) Ga 76  1.356E-04      Ga 76 (a,p    ) Ge 79  3.554E-09
  Ga 76 (a,p    ) Ge 79m 3.701E-09      Ga 77 (a,nonel)        1.443E-04      Ga 77 (a,a    ) Cu 74  1.332E-08      Ga 77 (a,p    ) Zn 77  1.164E-10
  Ga 77 (a,n    ) Ga 77  1.418E-04      Ga 78 (a,nonel)        1.526E-04      Ga 78 (a,a    ) Cu 75  3.857E-08      Ga 78 (a,2n   ) Ga 77  8.486E-06
  Ga 78 (a,n    ) Ga 78  1.432E-04      Ga 78 (a,p    ) Ge 81  2.866E-10      Ga 78 (a,p    ) Ge 81m 1.281E-10      Ga 79 (a,nonel)        1.611E-04
  Ga 79 (a,a    ) Cu 76  1.247E-08      Ga 79 (a,p    ) Zn 79  2.372E-11      Ga 79 (a,2n   ) Ga 78  4.207E-05      Ga 79 (a,n    ) As 82  6.518E-05
  Ga 79 (a,n    ) As 82m 5.302E-05      Ga 80 (a,nonel)        1.698E-04      Ga 80 (a,a    ) Cu 77  2.779E-08      Ga 80 (a,p    ) Zn 80  6.964E-11
  Ga 80 (a,n    ) Ga 80  1.015E-04      Ga 80 (a,2n   ) As 82  2.938E-05      Ga 80 (a,2n   ) As 82m 3.796E-05      Ga 81 (a,nonel)        1.788E-04
  Ga 81 (a,a    ) Cu 78  1.982E-09      Ga 81 (a,p    ) Zn 81  3.142E-10      Ga 81 (a,2n   ) Ga 80  1.162E-04      Ga 81 (a,n    ) Ga 81  6.168E-05
  Ge 64 (a,nonel)        3.171E-05      Ge 64 (a,a    ) Zn 61  2.194E-08      Ge 64 (a,2p   ) Zn 63  6.294E-11      Ge 64 (a,p    ) Ga 64  3.167E-05
  Ge 64 (a,g    ) Ge 65  1.228E-08      Ge 65 (a,nonel)        3.398E-05      Ge 65 (a,a    ) Zn 62  4.599E-08      Ge 65 (a,p    ) Ga 65  3.390E-05
  Ge 65 (a,g    ) Ge 66  3.191E-08      Ge 66 (a,nonel)        3.502E-05      Ge 66 (a,a    ) Zn 63  7.977E-08      Ge 66 (a,p    ) Ga 66  3.396E-05
  Ge 66 (a,g    ) Ge 67  9.806E-07      Ge 67 (a,nonel)        3.867E-05      Ge 67 (a,a    ) Zn 64  4.247E-07      Ge 67 (a,p    ) Ga 67  3.442E-05
  Ge 67 (a,g    ) Ge 68  9.629E-07      Ge 68 (a,nonel)        3.626E-05      Ge 68 (a,a    ) Zn 65  3.548E-07      Ge 68 (a,p    ) Ga 68  2.178E-05
  Ge 68 (a,g    ) Ge 69  1.413E-05      Ge 69 (a,nonel)        4.395E-05      Ge 69 (a,a    ) Zn 66  2.477E-07      Ge 69 (a,p    ) Ga 69  4.558E-06
  Ge 69 (a,n    ) Ge 69  1.491E-05      Ge 69 (a,g    ) Se 73  6.657E-06      Ge 69 (a,g    ) Se 73m 4.713E-06      Ge 70 (a,nonel)        4.095E-05
  Ge 70 (a,a    ) Zn 67  5.298E-07      Ge 70 (a,p    ) Ga 70  7.152E-06      Ge 70 (a,g    ) Ge 71  3.327E-05      Ge 71 (a,nonel)        5.003E-05
  Ge 71 (a,a    ) Zn 68  9.593E-09      Ge 71 (a,p    ) Ga 71  1.064E-07      Ge 71 (a,n    ) Ge 71  4.846E-05      Ge 71 (a,g    ) Ge 72  4.799E-07
  Ge 72 (a,nonel)        5.280E-05      Ge 72 (a,a    ) Zn 69  4.862E-08      Ge 72 (a,p    ) Ga 72  6.445E-08      Ge 72 (a,g    ) Ge 73  1.899E-05
  Ge 73 (a,nonel)        5.638E-05      Ge 73 (a,p    ) Ga 73  8.914E-09      Ge 73 (a,n    ) Ge 73  5.622E-05      Ge 73 (a,a    ) Ge 73  3.249E-09
  Ge 73 (a,a    ) Ge 73m 2.251E-10      Ge 73 (a,g    ) Se 77  4.045E-09      Ge 73 (a,g    ) Se 77m 4.444E-08      Ge 74 (a,nonel)        6.191E-05
  Ge 74 (a,a    ) Zn 71  1.161E-08      Ge 74 (a,p    ) Ga 74  4.156E-09      Ge 74 (a,g    ) Ge 75  2.951E-07      Ge 74 (a,n    ) Se 77  3.348E-05
  Ge 74 (a,n    ) Se 77m 2.810E-05      Ge 75 (a,nonel)        6.334E-05      Ge 75 (a,p    ) Ga 75  1.785E-09      Ge 75 (a,n    ) Ge 75  6.323E-05
  Ge 75 (a,a    ) Ge 75  3.733E-09      Ge 75 (a,a    ) Ge 75m 4.749E-09      Ge 75 (a,g    ) Se 79  1.205E-12      Ge 75m(a,nonel)        6.334E-05
  Ge 75m(a,p    ) Ga 75  1.157E-09      Ge 75m(a,n    ) Ge 75  6.322E-05      Ge 75m(a,g    ) Se 79  1.660E-12      Ge 76 (a,nonel)        6.710E-05
  Ge 76 (a,a    ) Zn 73  1.027E-08      Ge 76 (a,p    ) Ga 76  9.255E-10      Ge 76 (a,g    ) Ge 77  1.395E-08      Ge 76 (a,n    ) Se 79  4.799E-05
  Ge 76 (a,n    ) Se 79m 1.909E-05      Ge 77 (a,nonel)        7.106E-05      Ge 77 (a,p    ) Ga 77  5.098E-10      Ge 77 (a,n    ) Ge 77  7.087E-05
  Ge 77 (a,a    ) Ge 77  1.109E-08      Ge 77 (a,a    ) Ge 77m 9.722E-10      Ge 77m(a,nonel)        7.106E-05      Ge 77m(a,p    ) Ga 77  1.009E-10
  Ge 77m(a,n    ) Ge 77  7.086E-05      Ge 78 (a,nonel)        7.519E-05      Ge 78 (a,a    ) Zn 75  9.929E-09      Ge 78 (a,g    ) Ge 79  1.517E-12
  Ge 78 (a,n    ) Se 81  2.712E-05      Ge 78 (a,n    ) Se 81m 4.799E-05      Ge 79 (a,nonel)        7.948E-05      Ge 79 (a,n    ) Ge 79  7.906E-05
  Ge 79 (a,a    ) Ge 79  7.914E-10      Ge 79 (a,a    ) Ge 79m 1.206E-09      Ge 79 (a,p    ) As 82  7.264E-12      Ge 79 (a,p    ) As 82m 6.356E-12
  Ge 79m(a,nonel)        7.948E-05      Ge 79m(a,n    ) Ge 79  7.903E-05      Ge 79m(a,g    ) Se 83  2.534E-11      Ge 79m(a,g    ) Se 83m 4.881E-12
  Ge 80 (a,nonel)        8.388E-05      Ge 80 (a,a    ) Zn 77  6.601E-09      Ge 80 (a,2n   ) Ge 79  2.948E-06      Ge 80 (a,g    ) Ge 81  2.415E-09
  Ge 80 (a,n    ) Se 83  5.198E-05      Ge 80 (a,n    ) Se 83m 2.872E-05      Ge 81 (a,nonel)        8.842E-05      Ge 81 (a,n    ) Ge 81  7.217E-05
  Ge 81 (a,a    ) Ge 81  9.228E-10      Ge 81 (a,a    ) Ge 81m 3.237E-12      Ge 81 (a,2n   ) Se 83  1.320E-05      Ge 81 (a,2n   ) Se 83m 2.704E-06
  Ge 81m(a,nonel)        8.842E-05      Ge 81m(a,p    ) Ga 81  1.569E-11      Ge 81m(a,n    ) Ge 81  6.350E-05      Ge 81m(a,2n   ) Se 83  1.963E-05
  Ge 81m(a,2n   ) Se 83m 4.907E-06      Ge 82 (a,nonel)        9.311E-05      Ge 82 (a,a    ) Zn 79  4.462E-10      Ge 82 (a,2n   ) Ge 81  3.567E-05
  Ge 82 (a,n    ) Ge 82  5.702E-05      Ge 83 (a,nonel)        9.801E-05      Ge 83 (a,a    ) Zn 80  4.164E-10      Ge 83 (a,2n   ) Ge 82  6.656E-05
  Ge 83 (a,n    ) Ge 83  3.086E-05      As 67 (a,nonel)        1.905E-05      As 67 (a,a    ) Ga 64  3.491E-09      As 67 (a,p    ) Ge 67  1.904E-05
  As 67 (a,g    ) As 68  4.577E-09      As 68 (a,nonel)        2.033E-05      As 68 (a,a    ) Ga 65  1.299E-08      As 68 (a,p    ) Ge 68  2.025E-05
  As 68 (a,g    ) Br 72  2.018E-08      As 68 (a,g    ) Br 72m 1.842E-08      As 69 (a,nonel)        2.168E-05      As 69 (a,a    ) Ga 66  8.924E-09
  As 69 (a,p    ) Ge 69  2.160E-05      As 69 (a,g    ) As 70  6.313E-08      As 70 (a,nonel)        2.311E-05      As 70 (a,a    ) Ga 67  9.020E-09
  As 70 (a,p    ) Se 73  1.291E-05      As 70 (a,p    ) Se 73m 9.719E-06      As 70 (a,g    ) Br 74  1.798E-08      As 70 (a,g    ) Br 74m 2.876E-07
  As 71 (a,nonel)        2.459E-05      As 71 (a,a    ) Ga 68  9.729E-09      As 71 (a,p    ) Ge 71  2.403E-05      As 71 (a,g    ) As 72  5.248E-07
  As 72 (a,nonel)        2.615E-05      As 72 (a,a    ) Ga 69  1.136E-08      As 72 (a,p    ) Ge 72  1.043E-05      As 72 (a,n    ) As 72  1.513E-05
  As 72 (a,g    ) Br 76  9.781E-08      As 72 (a,g    ) Br 76m 1.376E-07      As 73 (a,nonel)        2.775E-05      As 73 (a,a    ) Ga 70  2.049E-08
  As 73 (a,p    ) Ge 73  2.143E-05      As 73 (a,g    ) Br 77  5.641E-07      As 73 (a,g    ) Br 77m 7.134E-07      As 74 (a,nonel)        2.943E-05
  As 74 (a,a    ) Ga 71  9.298E-09      As 74 (a,g    ) As 75  2.334E-10      As 74 (a,p    ) Se 77  1.443E-07      As 74 (a,p    ) Se 77m 2.482E-07
  As 74 (a,n    ) Br 77  1.623E-05      As 74 (a,n    ) Br 77m 1.275E-05      As 75 (a,nonel)        3.165E-05      As 75 (a,a    ) Ga 72  2.508E-09
  As 75 (a,p    ) Ge 75  8.812E-07      As 75 (a,n    ) As 75  2.960E-05      As 75 (a,g    ) Br 79  1.587E-07      As 75 (a,g    ) Br 79m 2.213E-07
  As 76 (a,nonel)        3.305E-05      As 76 (a,a    ) Ga 73  1.352E-08      As 76 (a,p    ) Se 79  3.792E-08      As 76 (a,p    ) Se 79m 1.365E-08
  As 76 (a,n    ) Br 79  1.797E-05      As 76 (a,n    ) Br 79m 1.493E-05      As 77 (a,nonel)        3.500E-05      As 77 (a,a    ) Ga 74  3.190E-09
  As 77 (a,p    ) Ge 77  2.275E-09      As 77 (a,g    ) As 78  1.339E-12      As 77 (a,n    ) Br 80  2.205E-05      As 77 (a,n    ) Br 80m 1.288E-05
  As 78 (a,nonel)        3.706E-05      As 78 (a,a    ) Ga 75  5.486E-09      As 78 (a,n    ) As 78  3.692E-05      As 78 (a,p    ) Se 81  5.870E-09
  As 78 (a,p    ) Se 81m 6.903E-09      As 79 (a,nonel)        4.138E-05      As 79 (a,a    ) Ga 76  2.671E-09      As 79 (a,p    ) Ge 79  5.573E-10
  As 79 (a,g    ) As 80  1.088E-12      As 79 (a,n    ) Br 82  1.405E-05      As 79 (a,n    ) Br 82m 2.721E-05      As 80 (a,nonel)        4.141E-05
  As 80 (a,a    ) Ga 77  5.276E-09      As 80 (a,n    ) As 80  4.121E-05      As 80 (a,p    ) Se 83  6.925E-10      As 80 (a,p    ) Se 83m 6.145E-10
  As 81 (a,nonel)        4.368E-05      As 81 (a,a    ) Ga 78  1.756E-09      As 81 (a,p    ) Ge 81  2.165E-11      As 81 (a,n    ) Br 84  1.662E-05
  As 81 (a,n    ) Br 84m 2.692E-05      As 82 (a,nonel)        4.603E-05      As 82 (a,p    ) Ge 82  2.359E-11      As 82 (a,n    ) As 82  4.518E-05
  As 82 (a,a    ) As 82  4.013E-10      As 82 (a,a    ) As 82m 4.069E-11      As 82m(a,nonel)        4.603E-05      As 82m(a,p    ) Ge 82  6.931E-11
  As 82m(a,n    ) As 82  4.453E-05      As 82m(a,g    ) As 83  1.749E-11      As 82m(a,2n   ) Br 84  2.321E-07      As 83 (a,nonel)        4.847E-05
  As 83 (a,a    ) Ga 80  6.298E-10      As 83 (a,p    ) Ge 83  2.428E-11      As 83 (a,2n   ) As 82  7.475E-06      As 83 (a,n    ) As 83  4.077E-05
  As 84 (a,nonel)        5.103E-05      As 84 (a,a    ) Ga 81  1.051E-08      As 84 (a,p    ) Ge 84  1.261E-11      As 84 (a,2n   ) As 83  1.751E-05
  As 84 (a,n    ) As 84  3.322E-05      As 85 (a,nonel)        5.374E-05      As 85 (a,a    ) Ga 82  5.394E-09      As 85 (a,2n   ) As 84  2.512E-05
  As 85 (a,n    ) As 85  2.830E-05      Se 68 (a,nonel)        1.001E-05      Se 68 (a,a    ) Ge 65  1.603E-09      Se 68 (a,2p   ) Ge 67  2.789E-12
  Se 68 (a,p    ) As 68  1.001E-05      Se 68 (a,g    ) Se 69  3.007E-09      Se 69 (a,nonel)        1.069E-05      Se 69 (a,a    ) Ge 66  2.014E-09
  Se 69 (a,g    ) Se 70  6.535E-09      Se 69 (a,p    ) Br 72  6.639E-06      Se 69 (a,p    ) Br 72m 4.045E-06      Se 70 (a,nonel)        1.135E-05
  Se 70 (a,a    ) Ge 67  2.499E-09      Se 70 (a,p    ) As 70  1.106E-05      Se 70 (a,g    ) Se 71  2.940E-07      Se 71 (a,nonel)        1.212E-05
  Se 71 (a,a    ) Ge 68  7.497E-09      Se 71 (a,g    ) Se 72  3.277E-07      Se 71 (a,p    ) Br 74  4.903E-06      Se 71 (a,p    ) Br 74m 6.841E-06
  Se 72 (a,nonel)        1.276E-05      Se 72 (a,a    ) Ge 69  1.663E-08      Se 72 (a,p    ) As 72  1.002E-05      Se 72 (a,g    ) Se 73  2.723E-06
  Se 73 (a,nonel)        1.368E-05      Se 73 (a,n    ) Se 73  5.427E-06      Se 73 (a,a    ) Se 73  5.386E-09      Se 73 (a,a    ) Se 73m 8.261E-09
  Se 73 (a,g    ) Se 74  2.267E-06      Se 73 (a,p    ) Br 76  1.865E-06      Se 73 (a,p    ) Br 76m 4.026E-06      Se 73m(a,nonel)        1.369E-05
  Se 73m(a,n    ) Se 73  9.053E-06      Se 73m(a,a    ) Se 73  4.459E-09      Se 73m(a,a    ) Se 73m 5.672E-09      Se 73m(a,g    ) Se 74  6.531E-07
  Se 73m(a,p    ) Br 76  2.405E-06      Se 73m(a,p    ) Br 76m 1.371E-06      Se 74 (a,nonel)        1.435E-05      Se 74 (a,a    ) Ge 71  4.689E-08
  Se 74 (a,g    ) Se 75  6.606E-06      Se 74 (a,p    ) Br 77  6.475E-06      Se 74 (a,p    ) Br 77m 1.219E-06      Se 75 (a,nonel)        1.540E-05
  Se 75 (a,a    ) Ge 72  3.825E-09      Se 75 (a,p    ) As 75  1.234E-07      Se 75 (a,n    ) Se 75  1.469E-05      Se 75 (a,g    ) Kr 79  5.576E-08
  Se 75 (a,g    ) Kr 79m 2.283E-07      Se 76 (a,nonel)        1.627E-05      Se 76 (a,a    ) Ge 73  1.351E-08      Se 76 (a,g    ) Se 77  5.983E-06
  Se 76 (a,p    ) Br 79  2.633E-07      Se 76 (a,p    ) Br 79m 3.407E-08      Se 77 (a,nonel)        1.727E-05      Se 77 (a,n    ) Se 77  1.689E-05
  Se 77 (a,a    ) Se 77  7.865E-10      Se 77 (a,a    ) Se 77m 6.950E-10      Se 77 (a,p    ) Br 80  9.210E-09      Se 77 (a,p    ) Br 80m 3.645E-09
  Se 77 (a,g    ) Kr 81  5.591E-09      Se 77 (a,g    ) Kr 81m 1.431E-09      Se 77m(a,nonel)        1.727E-05      Se 77m(a,n    ) Se 77  1.699E-05
  Se 77m(a,p    ) Br 80  9.483E-09      Se 77m(a,p    ) Br 80m 4.670E-09      Se 77m(a,g    ) Kr 81  9.793E-10      Se 77m(a,g    ) Kr 81m 1.529E-11
  Se 78 (a,nonel)        1.829E-05      Se 78 (a,a    ) Ge 75  1.320E-09      Se 78 (a,p    ) As 78  6.685E-09      Se 78 (a,g    ) Se 79  2.312E-07
  Se 78 (a,n    ) Kr 81  1.230E-05      Se 78 (a,n    ) Kr 81m 5.473E-06      Se 79 (a,nonel)        1.935E-05      Se 79 (a,n    ) Se 79  1.931E-05
  Se 79 (a,a    ) Se 79  1.751E-09      Se 79 (a,a    ) Se 79m 4.244E-11      Se 79 (a,p    ) Br 82  6.117E-10      Se 79 (a,p    ) Br 82m 3.891E-09
  Se 79m(a,nonel)        1.935E-05      Se 79m(a,n    ) Se 79  1.931E-05      Se 79m(a,p    ) Br 82  6.033E-10      Se 79m(a,p    ) Br 82m 1.694E-09
  Se 79m(a,g    ) Kr 83  2.368E-12      Se 80 (a,nonel)        2.145E-05      Se 80 (a,a    ) Ge 77  1.052E-09      Se 80 (a,g    ) Se 81  6.088E-11
  Se 80 (a,n    ) Kr 83  1.574E-05      Se 80 (a,n    ) Kr 83m 5.660E-06      Se 81 (a,nonel)        2.159E-05      Se 81 (a,n    ) Se 81  2.152E-05
  Se 81 (a,a    ) Se 81  1.089E-10      Se 81 (a,a    ) Se 81m 2.427E-10      Se 81 (a,p    ) Br 84  1.623E-10      Se 81 (a,p    ) Br 84m 2.670E-10
  Se 81m(a,nonel)        2.159E-05      Se 81m(a,n    ) Se 81  2.152E-05      Se 81m(a,p    ) Br 84  3.860E-11      Se 81m(a,p    ) Br 84m 2.414E-11
  Se 82 (a,nonel)        2.277E-05      Se 82 (a,a    ) Ge 79  7.631E-10      Se 82 (a,n    ) Kr 85  1.668E-05      Se 82 (a,n    ) Kr 85m 6.041E-06
  Se 83 (a,nonel)        2.399E-05      Se 83 (a,p    ) As 83  2.668E-12      Se 83 (a,n    ) Se 83  2.389E-05      Se 83 (a,a    ) Se 83  1.295E-10
  Se 83 (a,a    ) Se 83m 4.640E-12      Se 83m(a,nonel)        2.399E-05      Se 83m(a,n    ) Se 83  2.389E-05      Se 83m(a,g    ) Se 84  1.820E-11
  Se 84 (a,nonel)        2.526E-05      Se 84 (a,a    ) Ge 81  2.991E-11      Se 84 (a,n    ) Se 84  2.509E-05      Se 85 (a,nonel)        2.659E-05
  Se 85 (a,a    ) Ge 82  6.252E-10      Se 85 (a,2n   ) Se 84  3.171E-06      Se 85 (a,n    ) Se 85  2.333E-05      Se 86 (a,nonel)        2.801E-05
  Se 86 (a,a    ) Ge 83  9.635E-10      Se 86 (a,2n   ) Se 85  5.484E-06      Se 86 (a,n    ) Se 86  2.237E-05      Se 87 (a,nonel)        2.951E-05
  Se 87 (a,a    ) Ge 84  9.311E-10      Se 87 (a,2n   ) Se 86  1.359E-05      Se 87 (a,n    ) Se 87  1.572E-05      Se 88 (a,nonel)        3.109E-05
  Se 88 (a,a    ) Ge 85  1.001E-09      Se 88 (a,2n   ) Se 87  1.679E-05      Se 88 (a,n    ) Se 88  1.408E-05      Br 70m(a,nonel)        5.636E-06
  Br 70m(a,pa   ) Ge 66  3.503E-12      Br 70m(a,p    ) Se 70  5.631E-06      Br 70m(a,a    ) Br 70  5.881E-10      Br 70m(a,a    ) Br 70m 8.267E-10
  Br 70m(a,g    ) Br 71  1.429E-10      Br 70m(a,2p   ) Br 72  9.866E-10      Br 70m(a,2p   ) Br 72m 1.378E-09      Br 71 (a,nonel)        6.003E-06
  Br 71 (a,a    ) As 68  4.011E-10      Br 71 (a,p    ) Se 71  5.997E-06      Br 71 (a,g    ) Br 72  4.160E-10      Br 72 (a,nonel)        6.384E-06
  Br 72 (a,p    ) Se 72  6.369E-06      Br 72 (a,a    ) Br 72  2.437E-11      Br 72 (a,a    ) Br 72m 3.984E-10      Br 72m(a,nonel)        6.384E-06
  Br 72m(a,p    ) Se 72  6.369E-06      Br 72m(a,a    ) Br 72  5.242E-12      Br 72m(a,a    ) Br 72m 2.868E-12      Br 73 (a,nonel)        6.780E-06
  Br 73 (a,a    ) As 70  7.525E-10      Br 73 (a,p    ) Se 73  6.771E-06      Br 73 (a,g    ) Br 74  3.782E-09      Br 74 (a,nonel)        7.195E-06
  Br 74 (a,p    ) Se 74  7.097E-06      Br 74 (a,a    ) Br 74  1.884E-10      Br 74 (a,a    ) Br 74m 1.033E-10      Br 74 (a,g    ) Rb 78  1.849E-09
  Br 74 (a,g    ) Rb 78m 1.869E-09      Br 74m(a,nonel)        7.195E-06      Br 74m(a,p    ) Se 74  7.114E-06      Br 74m(a,a    ) Br 74  9.167E-11
  Br 74m(a,a    ) Br 74m 1.887E-10      Br 74m(a,g    ) Rb 78  1.008E-09      Br 74m(a,g    ) Rb 78m 7.519E-09      Br 75 (a,nonel)        7.626E-06
  Br 75 (a,a    ) As 72  1.643E-09      Br 75 (a,p    ) Se 75  7.567E-06      Br 75 (a,g    ) Br 76  4.906E-08      Br 76 (a,nonel)        8.079E-06
  Br 76 (a,n    ) Br 76  3.445E-06      Br 76 (a,a    ) Br 76  1.637E-09      Br 76 (a,a    ) Br 76m 3.178E-10      Br 76 (a,g    ) Br 77  4.800E-08
  Br 76 (a,p    ) Kr 79  2.266E-06      Br 76 (a,p    ) Kr 79m 2.239E-06      Br 76m(a,nonel)        8.079E-06      Br 76m(a,n    ) Br 76  3.082E-06
  Br 76m(a,a    ) Br 76  3.122E-10      Br 76m(a,a    ) Br 76m 3.936E-10      Br 76m(a,g    ) Br 77  1.366E-07      Br 76m(a,p    ) Kr 79  1.493E-06
  Br 76m(a,p    ) Kr 79m 3.282E-06      Br 77 (a,nonel)        8.553E-06      Br 77 (a,p    ) Se 77  7.936E-06      Br 77 (a,a    ) Br 77  4.634E-09
  Br 77 (a,a    ) Br 77m 1.567E-09      Br 77 (a,g    ) Rb 81  2.586E-07      Br 77 (a,g    ) Rb 81m 2.915E-07      Br 77m(a,nonel)        8.551E-06
  Br 77m(a,p    ) Se 77  7.190E-06      Br 77m(a,a    ) Br 77  4.543E-09      Br 77m(a,a    ) Br 77m 2.410E-09      Br 77m(a,g    ) Rb 81  1.880E-07
  Br 77m(a,g    ) Rb 81m 1.076E-06      Br 78 (a,nonel)        9.055E-06      Br 78 (a,a    ) As 75  6.387E-10      Br 78 (a,p    ) Kr 81  4.807E-07
  Br 78 (a,p    ) Kr 81m 8.045E-08      Br 78 (a,n    ) Rb 81  4.613E-06      Br 78 (a,n    ) Rb 81m 3.869E-06      Br 78 (a,g    ) Rb 82  1.186E-11
  Br 78 (a,g    ) Rb 82m 2.540E-11      Br 79 (a,nonel)        9.580E-06      Br 79 (a,p    ) Se 79  1.670E-06      Br 79 (a,a    ) Br 79  6.119E-10
  Br 79 (a,a    ) Br 79m 6.960E-11      Br 79 (a,g    ) Br 80  4.299E-07      Br 79 (a,n    ) Rb 82  4.373E-06      Br 79 (a,n    ) Rb 82m 2.970E-06
  Br 79m(a,nonel)        9.580E-06      Br 79m(a,p    ) Se 79  3.771E-07      Br 79m(a,a    ) Br 79  6.299E-11      Br 79m(a,a    ) Br 79m 5.711E-11
  Br 79m(a,g    ) Br 80  2.088E-07      Br 79m(a,n    ) Rb 82  4.043E-06      Br 79m(a,n    ) Rb 82m 4.733E-06      Br 80 (a,nonel)        1.013E-05
  Br 80 (a,n    ) Br 80  1.004E-05      Br 80 (a,a    ) Br 80  1.831E-09      Br 80 (a,a    ) Br 80m 8.459E-12      Br 80 (a,p    ) Kr 83  4.241E-08
  Br 80 (a,p    ) Kr 83m 1.513E-08      Br 80m(a,nonel)        1.013E-05      Br 80m(a,n    ) Br 80  1.005E-05      Br 80m(a,p    ) Kr 83  4.096E-08
  Br 80m(a,p    ) Kr 83m 1.449E-08      Br 81 (a,nonel)        1.070E-05      Br 81 (a,a    ) As 78  1.842E-10      Br 81 (a,p    ) Se 81  4.747E-09
  Br 81 (a,n    ) Rb 84  8.303E-06      Br 81 (a,n    ) Rb 84m 2.352E-06      Br 82 (a,nonel)        1.129E-05      Br 82 (a,n    ) Br 82  1.124E-05
  Br 82 (a,a    ) Br 82m 1.340E-09      Br 82 (a,p    ) Kr 85  8.448E-09      Br 82 (a,p    ) Kr 85m 3.462E-09      Br 82m(a,nonel)        1.129E-05
  Br 82m(a,n    ) Br 82  1.125E-05      Br 82m(a,p    ) Kr 85  5.915E-09      Br 82m(a,p    ) Kr 85m 2.398E-09      Br 82m(a,g    ) Rb 86  1.054E-12
  Br 83 (a,nonel)        1.190E-05      Br 83 (a,a    ) As 80  1.407E-10      Br 83 (a,p    ) Se 83  6.349E-10      Br 83 (a,n    ) Rb 86  8.743E-06
  Br 83 (a,n    ) Rb 86m 3.126E-06      Br 84 (a,nonel)        1.253E-05      Br 84 (a,p    ) Se 84  1.096E-10      Br 84 (a,n    ) Br 84  1.249E-05
  Br 84m(a,nonel)        1.253E-05      Br 84m(a,p    ) Se 84  1.116E-10      Br 84m(a,n    ) Br 84  1.249E-05      Br 84m(a,g    ) Br 85  2.770E-11
  Br 85 (a,nonel)        1.319E-05      Br 85 (a,a    ) As 82  5.525E-12      Br 85 (a,n    ) Br 85  1.316E-05      Br 86 (a,nonel)        1.389E-05
  Br 86 (a,a    ) As 83  5.586E-10      Br 86 (a,p    ) Se 86  5.380E-11      Br 86 (a,n    ) Br 86  1.383E-05      Br 87 (a,nonel)        1.462E-05
  Br 87 (a,a    ) As 84  3.562E-10      Br 87 (a,2n   ) Br 86  1.738E-08      Br 87 (a,n    ) Rb 90  4.254E-06      Br 87 (a,n    ) Rb 90m 9.686E-06
  Br 88 (a,nonel)        1.540E-05      Br 88 (a,a    ) As 85  9.092E-10      Br 88 (a,n    ) Br 88  1.309E-05      Br 88 (a,2n   ) Rb 90  5.891E-07
  Br 88 (a,2n   ) Rb 90m 1.602E-06      Br 89 (a,nonel)        1.623E-05      Br 89 (a,a    ) As 86  8.552E-10      Br 89 (a,2n   ) Br 88  4.517E-06
  Br 89 (a,n    ) Br 89  1.159E-05      Br 90 (a,nonel)        1.709E-05      Br 90 (a,2n   ) Br 89  8.770E-06      Br 90 (a,n    ) Br 90  8.148E-06
  Kr 72 (a,nonel)        3.175E-06      Kr 72 (a,a    ) Se 69  1.036E-10      Kr 72 (a,2p   ) Se 71  6.221E-12      Kr 72 (a,p    ) Br 72  3.175E-06
  Kr 72 (a,g    ) Kr 73  1.822E-10      Kr 73 (a,nonel)        3.373E-06      Kr 73 (a,a    ) Se 70  1.422E-10      Kr 73 (a,p    ) Br 73  3.369E-06
  Kr 73 (a,g    ) Kr 74  6.880E-10      Kr 74 (a,nonel)        3.578E-06      Kr 74 (a,a    ) Se 71  8.323E-10      Kr 74 (a,p    ) Br 74  3.561E-06
  Kr 74 (a,g    ) Kr 75  1.562E-08      Kr 75 (a,nonel)        3.794E-06      Kr 75 (a,a    ) Se 72  5.071E-10      Kr 75 (a,g    ) Kr 76  1.609E-08
  Kr 75 (a,p    ) Rb 78  1.511E-06      Kr 75 (a,p    ) Rb 78m 2.263E-06      Kr 76 (a,nonel)        4.016E-06      Kr 76 (a,a    ) Se 73  1.571E-09
  Kr 76 (a,p    ) Br 76  3.841E-06      Kr 76 (a,g    ) Kr 77  1.725E-07      Kr 77 (a,nonel)        4.254E-06      Kr 77 (a,a    ) Se 74  2.762E-09
  Kr 77 (a,p    ) Br 77  1.648E-06      Kr 77 (a,n    ) Kr 77  5.963E-10      Kr 77 (a,g    ) Kr 78  6.895E-07      Kr 78 (a,nonel)        4.487E-06
  Kr 78 (a,a    ) Se 75  7.221E-09      Kr 78 (a,g    ) Kr 79  1.559E-06      Kr 78 (a,p    ) Rb 81  2.319E-06      Kr 78 (a,p    ) Rb 81m 6.008E-07
  Kr 79 (a,nonel)        4.763E-06      Kr 79 (a,n    ) Kr 79  2.164E-06      Kr 79 (a,a    ) Kr 79  3.743E-10      Kr 79 (a,a    ) Kr 79m 3.722E-10
  Kr 79 (a,p    ) Rb 82  1.032E-07      Kr 79 (a,p    ) Rb 82m 7.228E-08      Kr 79 (a,g    ) Sr 83  1.622E-07      Kr 79 (a,g    ) Sr 83m 3.189E-08
  Kr 79m(a,nonel)        4.763E-06      Kr 79m(a,n    ) Kr 79  1.494E-06      Kr 79m(a,a    ) Kr 79  3.937E-10      Kr 79m(a,a    ) Kr 79m 4.068E-10
  Kr 79m(a,p    ) Rb 82  8.078E-08      Kr 79m(a,p    ) Rb 82m 2.403E-07      Kr 79m(a,g    ) Sr 83  4.412E-07      Kr 79m(a,g    ) Sr 83m 1.919E-08
  Kr 80 (a,nonel)        5.018E-06      Kr 80 (a,a    ) Se 77  4.046E-09      Kr 80 (a,p    ) Br 80  1.824E-06      Kr 80 (a,g    ) Kr 81  3.185E-06
  Kr 81 (a,nonel)        5.320E-06      Kr 81 (a,n    ) Kr 81  5.102E-06      Kr 81 (a,a    ) Kr 81  2.446E-10      Kr 81 (a,a    ) Kr 81m 3.073E-11
  Kr 81 (a,p    ) Rb 84  4.164E-08      Kr 81 (a,p    ) Rb 84m 1.769E-08      Kr 81 (a,g    ) Sr 85  7.465E-08      Kr 81 (a,g    ) Sr 85m 3.238E-09
  Kr 81m(a,nonel)        5.320E-06      Kr 81m(a,n    ) Kr 81  5.216E-06      Kr 81m(a,p    ) Rb 84  2.407E-08      Kr 81m(a,p    ) Rb 84m 5.628E-09
  Kr 81m(a,g    ) Sr 85  3.415E-10      Kr 81m(a,g    ) Sr 85m 8.724E-11      Kr 82 (a,nonel)        5.614E-06      Kr 82 (a,a    ) Se 79  7.170E-11
  Kr 82 (a,p    ) Br 82  2.550E-08      Kr 82 (a,g    ) Kr 83  1.232E-07      Kr 82 (a,n    ) Sr 85  2.513E-06      Kr 82 (a,n    ) Sr 85m 2.841E-06
  Kr 83 (a,nonel)        5.920E-06      Kr 83 (a,n    ) Kr 83  5.875E-06      Kr 83 (a,a    ) Kr 83  2.396E-11      Kr 83 (a,p    ) Rb 86  1.835E-08
  Kr 83 (a,p    ) Rb 86m 4.779E-09      Kr 83m(a,nonel)        5.920E-06      Kr 83m(a,n    ) Kr 83  5.892E-06      Kr 83m(a,p    ) Rb 86  5.292E-09
  Kr 83m(a,p    ) Rb 86m 1.101E-09      Kr 83m(a,g    ) Sr 87  9.368E-12      Kr 83m(a,g    ) Sr 87m 6.831E-12      Kr 84 (a,nonel)        6.236E-06
  Kr 84 (a,a    ) Se 81  2.577E-11      Kr 84 (a,p    ) Br 84  9.331E-11      Kr 84 (a,g    ) Kr 85  3.357E-10      Kr 84 (a,n    ) Sr 87  4.104E-06
  Kr 84 (a,n    ) Sr 87m 2.128E-06      Kr 85 (a,nonel)        6.566E-06      Kr 85 (a,p    ) Br 85  1.516E-11      Kr 85 (a,n    ) Kr 85  6.548E-06
  Kr 85 (a,a    ) Kr 85  1.847E-12      Kr 85m(a,nonel)        6.566E-06      Kr 85m(a,p    ) Br 85  2.403E-11      Kr 85m(a,n    ) Kr 85  6.548E-06
  Kr 85m(a,g    ) Kr 86  1.119E-10      Kr 86 (a,nonel)        6.910E-06      Kr 86 (a,a    ) Se 83  1.866E-12      Kr 86 (a,n    ) Kr 86  6.778E-06
  Kr 87 (a,nonel)        7.273E-06      Kr 87 (a,n    ) Kr 87  7.262E-06      Kr 88 (a,nonel)        7.657E-06      Kr 88 (a,a    ) Se 85  8.812E-11
  Kr 88 (a,n    ) Kr 88  7.630E-06      Kr 89 (a,nonel)        8.061E-06      Kr 89 (a,a    ) Se 86  8.791E-11      Kr 89 (a,n    ) Kr 89  8.005E-06
  Kr 90 (a,nonel)        8.487E-06      Kr 90 (a,a    ) Se 87  2.031E-10      Kr 90 (a,2n   ) Kr 89  1.628E-07      Kr 90 (a,n    ) Kr 90  8.084E-06
  Kr 91 (a,nonel)        8.935E-06      Kr 91 (a,a    ) Se 88  2.180E-10      Kr 91 (a,2n   ) Kr 90  2.758E-06      Kr 91 (a,n    ) Kr 91  6.122E-06
  Kr 92 (a,nonel)        9.397E-06      Kr 92 (a,a    ) Se 89  2.306E-10      Kr 92 (a,2n   ) Kr 91  3.388E-06      Kr 92 (a,n    ) Kr 92  5.912E-06
  Kr 93 (a,nonel)        9.873E-06      Kr 93 (a,a    ) Se 90  1.023E-10      Kr 93 (a,2n   ) Kr 92  6.084E-06      Kr 93 (a,n    ) Kr 93  3.694E-06
  Rb 75 (a,nonel)        1.898E-06      Rb 75 (a,a    ) Br 72  1.229E-10      Rb 75 (a,p    ) Kr 75  1.897E-06      Rb 75 (a,g    ) Rb 76  1.223E-10
  Rb 76 (a,nonel)        2.010E-06      Rb 76 (a,a    ) Br 73  5.159E-11      Rb 76 (a,p    ) Kr 76  2.007E-06      Rb 77 (a,nonel)        2.127E-06
  Rb 77 (a,a    ) Br 74  8.785E-11      Rb 77 (a,p    ) Kr 77  2.122E-06      Rb 77 (a,g    ) Rb 78  1.028E-09      Rb 78 (a,nonel)        2.251E-06
  Rb 78 (a,p    ) Kr 78  2.248E-06      Rb 78 (a,a    ) Rb 78  2.264E-10      Rb 78 (a,a    ) Rb 78m 3.006E-11      Rb 78 (a,g    ) Rb 79  4.935E-10
  Rb 78m(a,nonel)        2.251E-06      Rb 78m(a,p    ) Kr 78  2.246E-06      Rb 78m(a,a    ) Rb 78  7.979E-12      Rb 78m(a,a    ) Rb 78m 2.067E-11
  Rb 78m(a,g    ) Rb 79  1.644E-09      Rb 79 (a,nonel)        2.380E-06      Rb 79 (a,a    ) Br 76  3.216E-10      Rb 79 (a,p    ) Kr 79  2.352E-06
  Rb 79 (a,g    ) Y  83  1.747E-08      Rb 79 (a,g    ) Y  83m 5.473E-09      Rb 80 (a,nonel)        2.516E-06      Rb 80 (a,a    ) Br 77  6.075E-11
  Rb 80 (a,p    ) Sr 83  1.746E-06      Rb 80 (a,p    ) Sr 83m 5.156E-07      Rb 80 (a,n    ) Y  83  1.078E-07      Rb 80 (a,n    ) Y  83m 1.345E-07
  Rb 80 (a,g    ) Y  84  1.888E-09      Rb 80 (a,g    ) Y  84m 1.245E-09      Rb 81 (a,nonel)        2.657E-06      Rb 81 (a,p    ) Kr 81  2.549E-06
  Rb 81 (a,a    ) Rb 81  2.300E-10      Rb 81 (a,a    ) Rb 81m 1.127E-10      Rb 81 (a,g    ) Y  85  2.112E-08      Rb 81 (a,g    ) Y  85m 7.258E-08
  Rb 81m(a,nonel)        2.657E-06      Rb 81m(a,p    ) Kr 81  2.396E-06      Rb 81m(a,a    ) Rb 81  2.445E-10      Rb 81m(a,a    ) Rb 81m 1.480E-10
  Rb 81m(a,g    ) Y  85  1.179E-08      Rb 81m(a,g    ) Y  85m 2.282E-07      Rb 82 (a,nonel)        2.805E-06      Rb 82 (a,a    ) Rb 82  2.776E-10
  Rb 82 (a,a    ) Rb 82m 1.771E-12      Rb 82 (a,p    ) Sr 85  7.695E-07      Rb 82 (a,p    ) Sr 85m 2.838E-07      Rb 82 (a,n    ) Y  85  6.142E-07
  Rb 82 (a,n    ) Y  85m 1.140E-06      Rb 82m(a,nonel)        2.805E-06      Rb 82m(a,p    ) Sr 85  6.793E-07      Rb 82m(a,p    ) Sr 85m 2.538E-07
  Rb 82m(a,n    ) Y  85  6.528E-07      Rb 82m(a,n    ) Y  85m 1.214E-06      Rb 83 (a,nonel)        2.958E-06      Rb 83 (a,a    ) Br 80  1.816E-11
  Rb 83 (a,p    ) Kr 83  6.906E-07      Rb 83 (a,n    ) Y  86  1.981E-06      Rb 83 (a,n    ) Y  86m 2.191E-07      Rb 83 (a,g    ) Y  87  1.459E-08
  Rb 83 (a,g    ) Y  87m 3.232E-08      Rb 84 (a,nonel)        3.117E-06      Rb 84 (a,a    ) Rb 84  1.000E-10      Rb 84 (a,p    ) Sr 87  5.352E-08
  Rb 84 (a,p    ) Sr 87m 2.922E-08      Rb 84 (a,n    ) Y  87  1.252E-06      Rb 84 (a,n    ) Y  87m 1.776E-06      Rb 84m(a,nonel)        3.117E-06
  Rb 84m(a,g    ) Rb 85  5.077E-10      Rb 84m(a,p    ) Sr 87  4.808E-08      Rb 84m(a,p    ) Sr 87m 2.573E-08      Rb 84m(a,n    ) Y  87  1.214E-06
  Rb 84m(a,n    ) Y  87m 1.822E-06      Rb 85 (a,nonel)        3.246E-06      Rb 85 (a,a    ) Br 82  1.722E-11      Rb 85 (a,p    ) Kr 85  2.112E-08
  Rb 85 (a,n    ) Rb 85  3.221E-06      Rb 85 (a,g    ) Y  89  6.063E-12      Rb 85 (a,g    ) Y  89m 1.506E-11      Rb 86 (a,nonel)        3.454E-06
  Rb 86 (a,p    ) Kr 86  3.529E-10      Rb 86 (a,a    ) Rb 86  2.387E-11      Rb 86 (a,n    ) Y  89  1.365E-06      Rb 86 (a,n    ) Y  89m 2.081E-06
  Rb 86m(a,nonel)        3.454E-06      Rb 86m(a,p    ) Kr 86  2.778E-10      Rb 86m(a,n    ) Y  89  1.110E-06      Rb 86m(a,n    ) Y  89m 2.333E-06
  Rb 86m(a,g    ) Y  90  2.286E-10      Rb 86m(a,g    ) Y  90m 7.746E-10      Rb 87 (a,nonel)        3.633E-06      Rb 87 (a,n    ) Y  90  2.407E-06
  Rb 87 (a,n    ) Y  90m 1.222E-06      Rb 88 (a,nonel)        3.823E-06      Rb 88 (a,a    ) Br 85  6.666E-12      Rb 88 (a,n    ) Y  91  1.407E-06
  Rb 88 (a,n    ) Y  91m 2.402E-06      Rb 89 (a,nonel)        4.023E-06      Rb 89 (a,a    ) Br 86  2.424E-11      Rb 89 (a,n    ) Rb 89  4.012E-06
  Rb 90 (a,nonel)        4.234E-06      Rb 90 (a,p    ) Kr 90  4.803E-12      Rb 90 (a,a    ) Rb 90  6.432E-12      Rb 90 (a,a    ) Rb 90m 1.780E-10
  Rb 90 (a,n    ) Y  93  1.707E-06      Rb 90 (a,n    ) Y  93m 2.504E-06      Rb 90m(a,nonel)        4.234E-06      Rb 90m(a,g    ) Rb 91  1.814E-11
  Rb 90m(a,n    ) Y  93  1.673E-06      Rb 90m(a,n    ) Y  93m 2.537E-06      Rb 91 (a,nonel)        4.455E-06      Rb 91 (a,a    ) Br 88  3.328E-11
  Rb 91 (a,p    ) Kr 91  3.213E-11      Rb 91 (a,n    ) Rb 91  4.437E-06      Rb 92 (a,nonel)        4.686E-06      Rb 92 (a,a    ) Br 89  1.327E-10
  Rb 92 (a,n    ) Rb 92  4.553E-06      Rb 93 (a,nonel)        4.924E-06      Rb 93 (a,a    ) Br 90  4.853E-11      Rb 93 (a,2n   ) Rb 92  4.923E-07
  Rb 93 (a,n    ) Y  96  3.229E-06      Rb 93 (a,n    ) Y  96m 1.167E-06      Rb 94 (a,nonel)        5.170E-06      Rb 94 (a,a    ) Br 91  4.197E-10
  Rb 94 (a,2n   ) Y  96  1.184E-06      Rb 94 (a,2n   ) Y  96m 4.010E-07      Rb 94 (a,n    ) Y  97  7.417E-07      Rb 94 (a,n    ) Y  97m 2.718E-06
  Rb 94 (a,n    ) Y  97n 6.025E-08      Sr 76 (a,nonel)        1.011E-06      Sr 76 (a,a    ) Kr 73  6.902E-11      Sr 76 (a,2p   ) Kr 75  1.967E-10
  Sr 76 (a,p    ) Rb 76  1.010E-06      Sr 76 (a,g    ) Sr 77  2.789E-10      Sr 77 (a,nonel)        1.070E-06      Sr 77 (a,a    ) Kr 74  4.477E-11
  Sr 77 (a,g    ) Sr 78  1.348E-09      Sr 77 (a,p    ) Y  80  5.174E-07      Sr 77 (a,p    ) Y  80m 5.508E-07      Sr 78 (a,nonel)        1.131E-06
  Sr 78 (a,a    ) Kr 75  1.198E-10      Sr 78 (a,p    ) Rb 78  1.125E-06      Sr 78 (a,g    ) Sr 79  6.275E-09      Sr 79 (a,nonel)        1.196E-06
  Sr 79 (a,a    ) Kr 76  1.883E-10      Sr 79 (a,p    ) Rb 79  1.178E-06      Sr 79 (a,g    ) Sr 80  1.763E-08      Sr 80 (a,nonel)        1.263E-06
  Sr 80 (a,a    ) Kr 77  2.385E-10      Sr 80 (a,g    ) Sr 81  6.366E-08      Sr 80 (a,p    ) Y  83  5.823E-07      Sr 80 (a,p    ) Y  83m 6.169E-07
  Sr 81 (a,nonel)        1.335E-06      Sr 81 (a,a    ) Kr 78  3.120E-10      Sr 81 (a,p    ) Y  84  5.048E-07      Sr 81 (a,p    ) Y  84m 4.051E-07
  Sr 81 (a,g    ) Zr 85  4.924E-08      Sr 81 (a,g    ) Zr 85m 8.194E-09      Sr 82 (a,nonel)        1.408E-06      Sr 82 (a,a    ) Kr 79  2.683E-10
  Sr 82 (a,g    ) Sr 83  2.513E-07      Sr 82 (a,p    ) Y  85  6.567E-07      Sr 82 (a,p    ) Y  85m 4.990E-07      Sr 83 (a,nonel)        1.486E-06
  Sr 83 (a,n    ) Sr 83  7.161E-07      Sr 83 (a,a    ) Sr 83  1.088E-10      Sr 83 (a,a    ) Sr 83m 1.600E-11      Sr 83 (a,p    ) Y  86  4.720E-07
  Sr 83 (a,p    ) Y  86m 1.080E-07      Sr 83 (a,g    ) Zr 87  1.733E-07      Sr 83 (a,g    ) Zr 87m 3.010E-09      Sr 83m(a,nonel)        1.486E-06
  Sr 83m(a,n    ) Sr 83  9.293E-07      Sr 83m(a,a    ) Sr 83  9.283E-11      Sr 83m(a,a    ) Sr 83m 1.343E-11      Sr 83m(a,p    ) Y  86  4.256E-07
  Sr 83m(a,p    ) Y  86m 5.646E-08      Sr 83m(a,g    ) Zr 87  5.666E-08      Sr 83m(a,g    ) Zr 87m 5.598E-09      Sr 84 (a,nonel)        1.565E-06
  Sr 84 (a,a    ) Kr 81  8.111E-11      Sr 84 (a,g    ) Sr 85  4.570E-07      Sr 84 (a,p    ) Y  87  7.854E-07      Sr 84 (a,p    ) Y  87m 3.187E-07
  Sr 85 (a,nonel)        1.649E-06      Sr 85 (a,p    ) Rb 85  6.272E-07      Sr 85 (a,n    ) Sr 85  7.533E-06      Sr 85 (a,a    ) Sr 85  1.430E-12
  Sr 85m(a,nonel)        1.649E-06      Sr 85m(a,p    ) Rb 85  2.390E-07      Sr 85m(a,n    ) Sr 85  1.380E-06      Sr 85m(a,g    ) Zr 89  6.518E-09
  Sr 85m(a,g    ) Zr 89m 2.239E-09      Sr 86 (a,nonel)        1.734E-06      Sr 86 (a,a    ) Kr 83  2.833E-12      Sr 86 (a,p    ) Y  89  2.536E-07
  Sr 86 (a,p    ) Y  89m 3.450E-08      Sr 86 (a,n    ) Zr 89  3.376E-08      Sr 86 (a,n    ) Zr 89m 3.397E-08      Sr 86 (a,g    ) Zr 90  6.286E-08
  Sr 86 (a,g    ) Zr 90m 2.934E-08      Sr 87 (a,nonel)        1.825E-06      Sr 87 (a,g    ) Sr 88  5.017E-11      Sr 87 (a,p    ) Y  90  1.036E-10
  Sr 87 (a,p    ) Y  90m 9.067E-11      Sr 87 (a,n    ) Zr 90  1.158E-06      Sr 87 (a,n    ) Zr 90m 6.650E-07      Sr 87m(a,nonel)        1.825E-06
  Sr 87m(a,a    ) Sr 87  1.710E-12      Sr 87m(a,g    ) Sr 88  6.815E-10      Sr 87m(a,p    ) Y  90  4.082E-10      Sr 87m(a,p    ) Y  90m 1.571E-11
  Sr 87m(a,n    ) Zr 90  1.070E-06      Sr 87m(a,n    ) Zr 90m 7.506E-07      Sr 88 (a,nonel)        1.796E-06      Sr 88 (a,a    ) Kr 85  1.687E-12
  Sr 88 (a,g    ) Sr 89  1.548E-07      Sr 89 (a,nonel)        2.018E-06      Sr 89 (a,n    ) Sr 89  6.379E-07      Sr 89 (a,g    ) Sr 90  1.841E-08
  Sr 90 (a,nonel)        2.122E-06      Sr 90 (a,a    ) Kr 87  8.471E-12      Sr 90 (a,n    ) Sr 90  5.375E-07      Sr 90 (a,g    ) Sr 91  6.782E-09
  Sr 91 (a,nonel)        2.233E-06      Sr 91 (a,a    ) Kr 88  3.075E-12      Sr 91 (a,n    ) Sr 91  2.228E-06      Sr 92 (a,nonel)        2.347E-06
  Sr 92 (a,a    ) Kr 89  1.606E-11      Sr 92 (a,n    ) Sr 92  2.344E-06      Sr 92 (a,g    ) Sr 93  7.805E-10      Sr 93 (a,nonel)        2.466E-06
  Sr 93 (a,a    ) Kr 90  2.872E-11      Sr 93 (a,n    ) Sr 93  2.456E-06      Sr 94 (a,nonel)        2.590E-06      Sr 94 (a,a    ) Kr 91  2.074E-11
  Sr 94 (a,n    ) Sr 94  2.580E-06      Sr 95 (a,nonel)        2.717E-06      Sr 95 (a,a    ) Kr 92  5.954E-12      Sr 95 (a,2n   ) Sr 94  1.668E-08
  Sr 95 (a,n    ) Sr 95  2.536E-06      Sr 96 (a,nonel)        2.849E-06      Sr 96 (a,a    ) Kr 93  2.589E-11      Sr 96 (a,2n   ) Sr 95  3.131E-07
  Sr 96 (a,n    ) Sr 96  2.522E-06      Y  78m(a,nonel)        5.723E-07      Y  78m(a,p    ) Sr 78  5.707E-07      Y  78m(a,2p   ) Y  80  2.569E-12
  Y  79 (a,nonel)        6.047E-07      Y  79 (a,a    ) Rb 76  8.651E-12      Y  79 (a,p    ) Sr 79  6.028E-07      Y  79 (a,g    ) Y  80  4.026E-11
  Y  80 (a,nonel)        6.388E-07      Y  80 (a,p    ) Sr 80  6.372E-07      Y  80 (a,a    ) Y  80m 1.768E-11      Y  80m(a,nonel)        6.388E-07
  Y  80m(a,p    ) Sr 80  6.374E-07      Y  81 (a,nonel)        6.744E-07      Y  81 (a,a    ) Rb 78  9.340E-12      Y  81 (a,p    ) Sr 81  6.722E-07
  Y  82 (a,nonel)        7.117E-07      Y  82 (a,a    ) Rb 79  2.963E-11      Y  82 (a,p    ) Zr 85  6.552E-07      Y  82 (a,p    ) Zr 85m 5.484E-08
  Y  83 (a,nonel)        7.505E-07      Y  83 (a,p    ) Sr 83  7.480E-07      Y  83 (a,a    ) Y  83  4.542E-12      Y  83 (a,a    ) Y  83m 2.270E-12
  Y  83m(a,nonel)        7.505E-07      Y  83m(a,p    ) Sr 83  7.467E-07      Y  83m(a,a    ) Y  83  2.158E-12      Y  83m(a,a    ) Y  83m 1.284E-12
  Y  83m(a,g    ) Nb 87  7.512E-11      Y  83m(a,g    ) Nb 87m 2.198E-10      Y  84 (a,nonel)        7.909E-07      Y  84 (a,a    ) Y  84  4.601E-12
  Y  84 (a,p    ) Zr 87  7.090E-07      Y  84 (a,p    ) Zr 87m 7.900E-08      Y  84m(a,nonel)        7.909E-07      Y  84m(a,p    ) Zr 87  7.097E-07
  Y  84m(a,p    ) Zr 87m 7.821E-08      Y  85 (a,nonel)        8.327E-07      Y  85 (a,p    ) Sr 85  8.297E-07      Y  85 (a,a    ) Y  85  1.416E-12
  Y  85m(a,nonel)        8.327E-07      Y  85m(a,p    ) Sr 85  8.297E-07      Y  86 (a,nonel)        8.762E-07      Y  86 (a,a    ) Y  86  2.320E-12
  Y  86 (a,p    ) Zr 89  3.019E-07      Y  86 (a,p    ) Zr 89m 1.938E-07      Y  86 (a,n    ) Nb 89  2.174E-06      Y  86 (a,n    ) Nb 89m 5.134E-07
  Y  86m(a,nonel)        8.762E-07      Y  86m(a,a    ) Y  86  1.589E-11      Y  86m(a,a    ) Y  86m 1.319E-11      Y  86m(a,p    ) Zr 89  2.643E-07
  Y  86m(a,p    ) Zr 89m 1.081E-07      Y  86m(a,n    ) Nb 89  4.009E-07      Y  86m(a,n    ) Nb 89m 5.866E-08      Y  86m(a,g    ) Nb 90  3.911E-08
  Y  86m(a,g    ) Nb 90m 2.312E-10      Y  87 (a,nonel)        9.214E-07      Y  87 (a,p    ) Zr 90  3.382E-07      Y  87 (a,p    ) Zr 90m 1.346E-07
  Y  87m(a,nonel)        9.214E-07      Y  87m(a,a    ) Y  87  2.332E-12      Y  87m(a,a    ) Y  87m 1.059E-12      Y  87m(a,p    ) Zr 90  1.419E-07
  Y  87m(a,p    ) Zr 90m 1.871E-07      Y  87m(a,n    ) Nb 90  3.159E-07      Y  87m(a,n    ) Nb 90m 1.669E-07      Y  87m(a,g    ) Nb 91  3.097E-08
  Y  87m(a,g    ) Nb 91m 7.629E-09      Y  88 (a,nonel)        9.687E-07      Y  88 (a,p    ) Sr 88  1.341E-09      Y  88 (a,n    ) Nb 91  6.607E-07
  Y  88 (a,n    ) Nb 91m 3.036E-07      Y  88 (a,g    ) Nb 92  1.627E-11      Y  88 (a,g    ) Nb 92m 1.257E-12      Y  89 (a,nonel)        9.190E-07
  Y  89 (a,p    ) Sr 89  3.703E-08      Y  89 (a,a    ) Y  89  4.685E-11      Y  89 (a,a    ) Y  89m 3.767E-10      Y  89 (a,g    ) Nb 93  5.106E-07
  Y  89 (a,g    ) Nb 93m 3.710E-07      Y  89m(a,nonel)        9.457E-07      Y  89m(a,p    ) Sr 89  9.314E-10      Y  89m(a,a    ) Y  89  6.139E-10
  Y  89m(a,g    ) Nb 93  2.109E-07      Y  89m(a,g    ) Nb 93m 1.913E-08      Y  90 (a,nonel)        1.070E-06      Y  90 (a,p    ) Sr 90  7.276E-12
  Y  90 (a,a    ) Y  90  1.847E-11      Y  90 (a,a    ) Y  90m 1.857E-12      Y  90 (a,n    ) Nb 93  7.416E-07      Y  90 (a,n    ) Nb 93m 3.135E-07
  Y  90 (a,g    ) Nb 94  5.162E-09      Y  90 (a,g    ) Nb 94m 2.158E-09      Y  90m(a,nonel)        1.070E-06      Y  90m(a,a    ) Y  90  1.057E-11
  Y  90m(a,a    ) Y  90m 5.968E-12      Y  90m(a,n    ) Nb 93  8.601E-07      Y  90m(a,n    ) Nb 93m 1.877E-07      Y  90m(a,g    ) Nb 94  1.770E-08
  Y  90m(a,g    ) Nb 94m 1.094E-10      Y  91 (a,nonel)        1.125E-06      Y  91 (a,p    ) Sr 91  1.016E-10      Y  91 (a,a    ) Y  91  2.657E-12
  Y  91 (a,a    ) Y  91m 1.378E-12      Y  91 (a,n    ) Nb 94  1.430E-07      Y  91 (a,n    ) Nb 94m 8.949E-07      Y  91 (a,g    ) Nb 95  3.489E-08
  Y  91 (a,g    ) Nb 95m 3.582E-08      Y  91m(a,nonel)        1.125E-06      Y  91m(a,a    ) Y  91  1.440E-12      Y  91m(a,a    ) Y  91m 3.300E-12
  Y  91m(a,n    ) Nb 94  2.766E-07      Y  91m(a,n    ) Nb 94m 8.317E-07      Y  91m(a,g    ) Nb 95  2.698E-09      Y  91m(a,g    ) Nb 95m 2.245E-11
  Y  92 (a,nonel)        1.182E-06      Y  92 (a,a    ) Rb 89  1.252E-11      Y  92 (a,g    ) Y  93  2.633E-12      Y  92 (a,n    ) Nb 95  1.009E-06
  Y  92 (a,n    ) Nb 95m 1.704E-07      Y  93 (a,nonel)        1.242E-06      Y  93 (a,n    ) Y  93  1.218E-06      Y  93 (a,a    ) Y  93  3.142E-12
  Y  93 (a,g    ) Nb 97m 1.891E-12      Y  94 (a,nonel)        1.304E-06      Y  94 (a,a    ) Rb 91  9.513E-12      Y  94 (a,n    ) Nb 97  9.344E-07
  Y  94 (a,n    ) Nb 97m 3.643E-07      Y  94 (a,g    ) Nb 98  4.450E-10      Y  94 (a,g    ) Nb 98m 2.028E-10      Y  95 (a,nonel)        1.368E-06
  Y  95 (a,a    ) Rb 92  5.266E-12      Y  95 (a,n    ) Nb 98  9.655E-07      Y  95 (a,n    ) Nb 98m 3.988E-07      Y  96 (a,nonel)        1.435E-06
  Y  96 (a,a    ) Y  96  4.700E-12      Y  96 (a,n    ) Nb 99  1.145E-06      Y  96 (a,n    ) Nb 99m 2.795E-07      Y  96m(a,nonel)        1.435E-06
  Y  96m(a,n    ) Nb 99  1.171E-06      Y  96m(a,n    ) Nb 99m 2.494E-07      Y  97 (a,nonel)        1.503E-06      Y  97 (a,a    ) Y  97  2.271E-12
  Y  97 (a,n    ) Nb100  8.722E-07      Y  97 (a,n    ) Nb100m 6.155E-07      Y  97m(a,nonel)        1.503E-06      Y  97m(a,g    ) Y  98  3.949E-12
  Y  97m(a,n    ) Nb100  8.470E-07      Y  97m(a,n    ) Nb100m 6.387E-07      Y  98m(a,nonel)        1.574E-06      Y  98m(a,n    ) Y  98  1.482E-06
  Y  98m(a,2n   ) Nb100  2.717E-08      Y  99 (a,nonel)        1.647E-06      Y  99 (a,a    ) Rb 96  6.082E-11      Y  99 (a,p    ) Sr 99  3.257E-12
  Y  99 (a,2n   ) Y  98  2.034E-07      Y  99 (a,n    ) Nb102  1.189E-06      Y  99 (a,n    ) Nb102m 2.319E-07      Zr 80 (a,nonel)        3.248E-07
  Zr 80 (a,a    ) Sr 77  1.286E-11      Zr 80 (a,p    ) Y  80  3.248E-07      Zr 80 (a,g    ) Zr 81  2.885E-11      Zr 81 (a,nonel)        3.428E-07
  Zr 81 (a,a    ) Sr 78  6.926E-12      Zr 81 (a,p    ) Y  81  3.423E-07      Zr 81 (a,g    ) Zr 82  2.398E-10      Zr 82 (a,nonel)        3.616E-07
  Zr 82 (a,a    ) Sr 79  4.813E-11      Zr 82 (a,p    ) Y  82  3.533E-07      Zr 82 (a,g    ) Zr 83  8.166E-09      Zr 83 (a,nonel)        3.813E-07
  Zr 83 (a,a    ) Sr 80  3.904E-12      Zr 83 (a,g    ) Zr 84  2.684E-10      Zr 83 (a,p    ) Nb 86  2.548E-07      Zr 83 (a,p    ) Nb 86m 1.258E-07
  Zr 84 (a,nonel)        4.017E-07      Zr 84 (a,a    ) Sr 81  1.419E-11      Zr 84 (a,g    ) Zr 85  9.810E-09      Zr 84 (a,p    ) Nb 87  2.310E-07
  Zr 84 (a,p    ) Nb 87m 1.608E-07      Zr 85 (a,nonel)        4.230E-07      Zr 85 (a,p    ) Nb 88  3.229E-07      Zr 85 (a,p    ) Nb 88m 9.867E-08
  Zr 85 (a,g    ) Mo 89  8.502E-10      Zr 85 (a,g    ) Mo 89m 8.190E-11      Zr 85m(a,nonel)        4.230E-07      Zr 85m(a,a    ) Zr 85  7.944E-11
  Zr 85m(a,p    ) Nb 88  2.364E-08      Zr 85m(a,p    ) Nb 88m 1.357E-07      Zr 85m(a,g    ) Mo 89  5.075E-08      Zr 85m(a,g    ) Mo 89m 2.529E-08
  Zr 86 (a,nonel)        4.450E-07      Zr 86 (a,a    ) Sr 83  6.224E-12      Zr 86 (a,g    ) Zr 87  3.650E-08      Zr 86 (a,p    ) Nb 89  2.256E-07
  Zr 86 (a,p    ) Nb 89m 1.827E-07      Zr 87 (a,nonel)        4.680E-07      Zr 87 (a,n    ) Zr 87  3.211E-09      Zr 87 (a,p    ) Nb 90  2.536E-07
  Zr 87 (a,p    ) Nb 90m 2.138E-07      Zr 87 (a,g    ) Mo 91  1.253E-12      Zr 87m(a,nonel)        4.680E-07      Zr 87m(a,n    ) Zr 87  1.058E-07
  Zr 87m(a,a    ) Zr 87  5.255E-12      Zr 87m(a,p    ) Nb 90  1.390E-07      Zr 87m(a,p    ) Nb 90m 2.143E-07      Zr 87m(a,g    ) Mo 91  3.409E-09
  Zr 87m(a,g    ) Mo 91m 1.461E-09      Zr 88 (a,nonel)        4.918E-07      Zr 88 (a,a    ) Sr 85  1.658E-12      Zr 88 (a,g    ) Zr 89  2.291E-08
  Zr 88 (a,p    ) Nb 91  1.962E-07      Zr 88 (a,p    ) Nb 91m 2.720E-07      Zr 89 (a,nonel)        5.167E-07      Zr 89 (a,n    ) Zr 89  6.878E-08
  Zr 89 (a,p    ) Nb 92  4.469E-09      Zr 89 (a,p    ) Nb 92m 2.686E-09      Zr 89 (a,g    ) Mo 93  5.580E-08      Zr 89 (a,g    ) Mo 93m 6.113E-09
  Zr 89m(a,nonel)        5.168E-07      Zr 89m(a,n    ) Zr 89  1.245E-07      Zr 89m(a,a    ) Zr 89  2.156E-12      Zr 89m(a,p    ) Nb 92  9.293E-10
  Zr 89m(a,p    ) Nb 92m 1.007E-09      Zr 89m(a,g    ) Mo 93  3.970E-09      Zr 89m(a,g    ) Mo 93m 3.604E-10      Zr 90 (a,nonel)        4.909E-07
  Zr 90 (a,a    ) Zr 90  6.863E-12      Zr 90 (a,g    ) Zr 91  4.909E-07      Zr 91 (a,nonel)        5.122E-07      Zr 91 (a,g    ) Zr 92  1.171E-07
  Zr 92 (a,nonel)        5.601E-07      Zr 92 (a,a    ) Sr 89  1.284E-11      Zr 92 (a,g    ) Zr 93  1.604E-07      Zr 93 (a,nonel)        6.291E-07
  Zr 93 (a,a    ) Sr 90  2.110E-12      Zr 93 (a,n    ) Zr 93  1.900E-07      Zr 93 (a,g    ) Zr 94  1.898E-08      Zr 94 (a,nonel)        5.767E-07
  Zr 94 (a,n    ) Zr 94  1.475E-07      Zr 94 (a,g    ) Zr 95  1.188E-08      Zr 95 (a,nonel)        6.927E-07      Zr 95 (a,n    ) Zr 95  6.823E-07
  Zr 95 (a,g    ) Zr 96  1.010E-09      Zr 96 (a,nonel)        7.262E-07      Zr 96 (a,n    ) Zr 96  2.841E-07      Zr 96 (a,g    ) Zr 97  6.048E-09
  Zr 97 (a,nonel)        7.608E-07      Zr 97 (a,n    ) Zr 97  7.587E-07      Zr 98 (a,nonel)        7.965E-07      Zr 98 (a,n    ) Zr 98  7.945E-07
  Zr 99 (a,nonel)        8.337E-07      Zr 99 (a,a    ) Sr 96  1.141E-12      Zr 99 (a,n    ) Zr 99  8.287E-07      Zr100 (a,nonel)        8.720E-07
  Zr100 (a,a    ) Sr 97  2.851E-11      Zr100 (a,n    ) Zr100  8.654E-07      Zr101 (a,nonel)        9.122E-07      Zr101 (a,a    ) Sr 98  2.473E-11
  Zr101 (a,2n   ) Zr100  3.480E-09      Zr101 (a,n    ) Zr101  8.432E-07      Zr102 (a,nonel)        9.539E-07      Zr102 (a,a    ) Sr 99  3.930E-11
  Zr102 (a,2n   ) Zr101  1.994E-07      Zr102 (a,n    ) Zr102  7.479E-07      Zr103 (a,nonel)        9.976E-07      Zr103 (a,a    ) Sr100  3.085E-11
  Zr103 (a,2n   ) Zr102  4.028E-07      Zr103 (a,n    ) Zr103  5.829E-07      Nb 83 (a,nonel)        1.949E-07      Nb 83 (a,a    ) Y  80  1.684E-12
  Nb 83 (a,p    ) Zr 83  1.949E-07      Nb 84 (a,nonel)        2.054E-07      Nb 84 (a,a    ) Y  81  1.501E-12      Nb 84 (a,p    ) Zr 84  2.053E-07
  Nb 85 (a,nonel)        2.162E-07      Nb 85 (a,p    ) Zr 85  2.159E-07      Nb 86 (a,nonel)        2.274E-07      Nb 86 (a,p    ) Mo 89  1.961E-07
  Nb 86 (a,p    ) Mo 89m 3.081E-08      Nb 86m(a,nonel)        2.274E-07      Nb 86m(a,p    ) Mo 89  1.851E-07      Nb 86m(a,p    ) Mo 89m 4.156E-08
  Nb 86m(a,g    ) Tc 90  4.828E-11      Nb 86m(a,g    ) Tc 90m 4.437E-11      Nb 86m(a,g    ) Tc 90n 1.331E-12      Nb 87 (a,nonel)        2.391E-07
  Nb 87 (a,p    ) Zr 87  2.380E-07      Nb 87 (a,a    ) Nb 87  2.355E-12      Nb 87m(a,nonel)        2.391E-07      Nb 87m(a,p    ) Zr 87  2.380E-07
  Nb 88 (a,nonel)        2.513E-07      Nb 88 (a,g    ) Nb 89  7.647E-12      Nb 88 (a,p    ) Mo 91  1.906E-07      Nb 88 (a,p    ) Mo 91m 5.983E-08
  Nb 88m(a,nonel)        2.513E-07      Nb 88m(a,g    ) Nb 89  3.459E-10      Nb 88m(a,p    ) Mo 91  1.904E-07      Nb 88m(a,p    ) Mo 91m 5.304E-08
  Nb 88m(a,n    ) Tc 91  5.655E-09      Nb 88m(a,n    ) Tc 91m 5.321E-10      Nb 89 (a,nonel)        2.639E-07      Nb 89 (a,p    ) Zr 89  2.636E-07
  Nb 89m(a,nonel)        2.639E-07      Nb 89m(a,p    ) Zr 89  2.632E-07      Nb 89m(a,g    ) Tc 93  1.488E-10      Nb 89m(a,g    ) Tc 93m 4.464E-11
  Nb 90 (a,nonel)        2.771E-07      Nb 90 (a,p    ) Mo 93  7.669E-08      Nb 90 (a,p    ) Mo 93m 7.486E-10      Nb 90 (a,n    ) Tc 93  6.150E-07
  Nb 90 (a,n    ) Tc 93m 3.438E-07      Nb 90m(a,nonel)        2.771E-07      Nb 90m(a,a    ) Nb 90  2.851E-12      Nb 90m(a,p    ) Mo 93  2.013E-08
  Nb 90m(a,p    ) Mo 93m 1.676E-09      Nb 90m(a,n    ) Tc 93  2.196E-07      Nb 90m(a,n    ) Tc 93m 3.004E-08      Nb 90m(a,g    ) Tc 94  3.584E-09
  Nb 90m(a,g    ) Tc 94m 8.983E-11      Nb 91 (a,nonel)        2.887E-07      Nb 91 (a,p    ) Zr 91  1.742E-08      Nb 91 (a,a    ) Nb 91  7.935E-12
  Nb 91 (a,a    ) Nb 91m 1.582E-10      Nb 91 (a,g    ) Tc 95  2.523E-07      Nb 91 (a,g    ) Tc 95m 1.883E-08      Nb 91m(a,nonel)        2.907E-07
  Nb 91m(a,p    ) Zr 91  9.785E-08      Nb 91m(a,a    ) Nb 91  1.181E-09      Nb 91m(a,a    ) Nb 91m 4.482E-11      Nb 91m(a,g    ) Tc 95  1.324E-07
  Nb 91m(a,g    ) Tc 95m 5.918E-08      Nb 92 (a,nonel)        3.048E-07      Nb 92 (a,p    ) Zr 92  1.270E-10      Nb 92 (a,a    ) Nb 92  1.059E-10
  Nb 92 (a,a    ) Nb 92m 4.298E-11      Nb 92 (a,g    ) Tc 96  1.495E-07      Nb 92 (a,g    ) Tc 96m 8.425E-09      Nb 92m(a,nonel)        3.055E-07
  Nb 92m(a,p    ) Zr 92  1.655E-09      Nb 92m(a,a    ) Nb 92  5.206E-11      Nb 92m(a,a    ) Nb 92m 1.460E-11      Nb 92m(a,g    ) Tc 96  4.484E-08
  Nb 92m(a,g    ) Tc 96m 2.546E-08      Nb 93 (a,nonel)        2.517E-03      Nb 93 (a,p    ) Zr 93  3.208E-09      Nb 93 (a,a    ) Nb 93  7.674E-11
  Nb 93 (a,a    ) Nb 93m 5.475E-11      Nb 93 (a,g    ) Tc 97  2.349E-03      Nb 93 (a,g    ) Tc 97m 1.683E-04      Nb 93m(a,nonel)        3.121E-07
  Nb 93m(a,p    ) Zr 93  2.908E-08      Nb 93m(a,a    ) Nb 93  2.672E-10      Nb 93m(a,a    ) Nb 93m 3.899E-11      Nb 93m(a,g    ) Tc 97  1.956E-07
  Nb 93m(a,g    ) Tc 97m 8.715E-08      Nb 94 (a,nonel)        3.364E-07      Nb 94 (a,a    ) Nb 94  8.710E-12      Nb 94 (a,a    ) Nb 94m 2.573E-12
  Nb 94 (a,g    ) Nb 95  8.561E-09      Nb 94 (a,n    ) Tc 97  2.656E-07      Nb 94 (a,n    ) Tc 97m 6.052E-08      Nb 94m(a,nonel)        3.364E-07
  Nb 94m(a,g    ) Nb 95  1.069E-09      Nb 94m(a,n    ) Tc 97  2.632E-07      Nb 94m(a,n    ) Tc 97m 7.096E-08      Nb 95 (a,nonel)        3.528E-07
  Nb 95 (a,p    ) Zr 95  5.972E-12      Nb 95 (a,a    ) Nb 95  2.459E-12      Nb 95 (a,g    ) Tc 99  6.718E-08      Nb 95 (a,g    ) Tc 99m 6.162E-09
  Nb 95m(a,nonel)        3.528E-07      Nb 95m(a,p    ) Zr 95  2.193E-10      Nb 95m(a,n    ) Nb 95  2.064E-07      Nb 95m(a,a    ) Nb 95  4.555E-12
  Nb 95m(a,g    ) Tc 99  5.068E-08      Nb 95m(a,g    ) Tc 99m 2.245E-08      Nb 96 (a,nonel)        3.699E-07      Nb 96 (a,a    ) Y  93  3.117E-12
  Nb 96 (a,g    ) Nb 97  8.491E-12      Nb 96 (a,n    ) Tc 99  3.012E-07      Nb 96 (a,n    ) Tc 99m 6.746E-08      Nb 97 (a,nonel)        3.874E-07
  Nb 97 (a,n    ) Nb 97  3.806E-07      Nb 97 (a,g    ) Nb 98  7.881E-11      Nb 97m(a,nonel)        3.874E-07      Nb 97m(a,n    ) Nb 97  3.861E-07
  Nb 97m(a,g    ) Nb 98  1.699E-11      Nb 98 (a,nonel)        4.056E-07      Nb 98 (a,n    ) Nb 98  4.042E-07      Nb 98 (a,a    ) Nb 98  3.608E-12
  Nb 98m(a,nonel)        4.056E-07      Nb 98m(a,n    ) Nb 98  4.041E-07      Nb 99 (a,nonel)        4.244E-07      Nb 99 (a,n    ) Tc102  3.287E-07
  Nb 99 (a,n    ) Tc102m 9.443E-08      Nb 99m(a,nonel)        4.244E-07      Nb 99m(a,g    ) Nb100  2.121E-12      Nb 99m(a,n    ) Tc102  3.264E-07
  Nb 99m(a,n    ) Tc102m 9.643E-08      Nb100 (a,nonel)        4.439E-07      Nb100 (a,p    ) Zr100  5.843E-12      Nb100 (a,n    ) Nb100  4.416E-07
  Nb100 (a,a    ) Nb100  3.972E-12      Nb100m(a,nonel)        4.439E-07      Nb100m(a,n    ) Nb100  4.416E-07      Nb101 (a,nonel)        4.641E-07
  Nb101 (a,a    ) Y  98  8.363E-12      Nb101 (a,n    ) Nb101  4.582E-07      Nb102 (a,nonel)        4.852E-07      Nb102 (a,p    ) Zr102  2.145E-12
  Nb102 (a,n    ) Nb102  4.824E-07      Nb102 (a,a    ) Nb102  6.126E-12      Nb102m(a,nonel)        4.852E-07      Nb102m(a,p    ) Zr102  6.435E-12
  Nb102m(a,n    ) Nb102  4.821E-07      Nb103 (a,nonel)        5.072E-07      Nb103 (a,a    ) Y 100  9.509E-12      Nb103 (a,p    ) Zr103  5.034E-12
  Nb103 (a,n    ) Nb103  4.961E-07      Nb104 (a,nonel)        5.300E-07      Nb104 (a,2n   ) Nb103  4.857E-08      Nb104 (a,n    ) Nb104  4.752E-07
  Nb104 (a,a    ) Nb104m 2.123E-12      Nb105 (a,nonel)        5.537E-07      Nb105 (a,a    ) Y 102  8.027E-12      Nb105 (a,2n   ) Nb104  1.248E-07
  Nb105 (a,n    ) Nb105  4.227E-07      Nb106 (a,nonel)        5.783E-07      Nb106 (a,a    ) Y 103  3.898E-12      Nb106 (a,2n   ) Nb105  2.027E-07
  Nb106 (a,n    ) Nb106  3.681E-07      Mo 84 (a,nonel)        1.056E-07      Mo 84 (a,a    ) Zr 81  3.306E-12      Mo 84 (a,2p   ) Zr 83  1.651E-08
  Mo 84 (a,p    ) Nb 84  8.874E-08      Mo 84 (a,g    ) Mo 85  2.857E-10      Mo 85 (a,nonel)        1.111E-07      Mo 85 (a,2p   ) Zr 84  9.192E-12
  Mo 85 (a,p    ) Tc 88  5.923E-08      Mo 85 (a,p    ) Tc 88m 5.168E-08      Mo 86 (a,nonel)        1.169E-07      Mo 86 (a,g    ) Mo 87  2.022E-10
  Mo 86 (a,p    ) Tc 89  6.288E-08      Mo 86 (a,p    ) Tc 89m 5.377E-08      Mo 87 (a,nonel)        1.229E-07      Mo 87 (a,a    ) Zr 84  1.125E-12
  Mo 87 (a,g    ) Mo 88  8.274E-10      Mo 87 (a,p    ) Tc 90  1.008E-07      Mo 87 (a,p    ) Tc 90m 1.586E-08      Mo 87 (a,p    ) Tc 90n 5.371E-09
  Mo 88 (a,nonel)        1.291E-07      Mo 88 (a,g    ) Mo 89  1.223E-09      Mo 88 (a,p    ) Tc 91  7.238E-08      Mo 88 (a,p    ) Tc 91m 5.546E-08
  Mo 89 (a,nonel)        1.356E-07      Mo 89 (a,p    ) Nb 89  1.353E-07      Mo 89 (a,g    ) Ru 93  1.415E-12      Mo 90 (a,nonel)        1.423E-07
  Mo 90 (a,g    ) Mo 91  2.007E-09      Mo 90 (a,p    ) Tc 93  8.600E-08      Mo 90 (a,p    ) Tc 93m 5.421E-08      Mo 91 (a,nonel)        1.493E-07
  Mo 91 (a,g    ) Mo 92  2.945E-08      Mo 91 (a,p    ) Tc 94  9.250E-08      Mo 91 (a,p    ) Tc 94m 5.035E-09      Mo 91m(a,nonel)        1.494E-07
  Mo 91m(a,a    ) Mo 91  1.243E-11      Mo 91m(a,g    ) Mo 92  4.206E-09      Mo 91m(a,p    ) Tc 94  5.119E-08      Mo 91m(a,p    ) Tc 94m 1.946E-08
  Mo 92 (a,nonel)        1.484E-07      Mo 92 (a,a    ) Zr 89  7.482E-12      Mo 92 (a,g    ) Mo 93  1.484E-07      Mo 93 (a,nonel)        1.640E-07
  Mo 93 (a,a    ) Mo 93  8.048E-12      Mo 93 (a,g    ) Mo 94  1.104E-07      Mo 93m(a,nonel)        1.617E-07      Mo 93m(a,n    ) Mo 93  1.221E-09
  Mo 93m(a,a    ) Mo 93  3.587E-09      Mo 93m(a,a    ) Mo 93m 8.485E-10      Mo 93m(a,g    ) Mo 94  1.152E-07      Mo 93m(a,p    ) Tc 96  1.735E-09
  Mo 93m(a,p    ) Tc 96m 5.129E-10      Mo 94 (a,nonel)        1.641E-07      Mo 94 (a,a    ) Zr 91  4.436E-11      Mo 94 (a,g    ) Mo 95  1.640E-07
  Mo 95 (a,nonel)        1.808E-07      Mo 95 (a,a    ) Zr 92  1.423E-11      Mo 95 (a,n    ) Mo 95  9.782E-08      Mo 95 (a,g    ) Mo 96  3.550E-08
  Mo 96 (a,nonel)        2.054E-07      Mo 96 (a,a    ) Zr 93  2.533E-11      Mo 96 (a,g    ) Mo 97  2.054E-07      Mo 97 (a,nonel)        1.984E-07
  Mo 97 (a,a    ) Zr 94  1.172E-12      Mo 97 (a,n    ) Mo 97  4.897E-08      Mo 97 (a,g    ) Mo 98  4.300E-09      Mo 98 (a,nonel)        2.314E-07
  Mo 98 (a,n    ) Mo 98  5.214E-10      Mo 98 (a,g    ) Mo 99  4.715E-08      Mo 99 (a,nonel)        2.173E-07      Mo 99 (a,a    ) Zr 96  1.560E-12
  Mo 99 (a,n    ) Mo 99  2.168E-07      Mo100 (a,nonel)        2.552E-07      Mo100 (a,n    ) Mo100  2.534E-07      Mo100 (a,g    ) Mo101  2.876E-10
  Mo101 (a,nonel)        2.376E-07      Mo101 (a,a    ) Zr 98  1.137E-12      Mo101 (a,n    ) Mo101  2.365E-07      Mo102 (a,nonel)        2.482E-07
  Mo102 (a,a    ) Zr 99  2.637E-12      Mo102 (a,n    ) Mo102  2.474E-07      Mo103 (a,nonel)        2.594E-07      Mo103 (a,a    ) Zr100  1.821E-12
  Mo103 (a,n    ) Mo103  2.579E-07      Mo104 (a,nonel)        2.709E-07      Mo104 (a,a    ) Zr101  4.289E-12      Mo104 (a,n    ) Mo104  2.696E-07
  Mo105 (a,nonel)        2.830E-07      Mo105 (a,a    ) Zr102  3.979E-12      Mo105 (a,n    ) Mo105  2.814E-07      Mo105 (a,g    ) Mo106  3.488E-12
  Mo106 (a,nonel)        2.955E-07      Mo106 (a,a    ) Zr103  5.200E-12      Mo106 (a,n    ) Mo106  2.864E-07      Mo107 (a,nonel)        3.084E-07
  Mo107 (a,a    ) Zr104  4.461E-12      Mo107 (a,2n   ) Mo106  4.343E-08      Mo107 (a,n    ) Mo107  2.620E-07      Mo108 (a,nonel)        3.216E-07
  Mo108 (a,a    ) Zr105  5.462E-12      Mo108 (a,2n   ) Mo107  9.227E-08      Mo108 (a,n    ) Mo108  2.270E-07      Tc 87 (a,nonel)        6.350E-08
  Tc 87 (a,p    ) Mo 87  6.350E-08      Tc 87 (a,2p   ) Tc 89  6.923E-12      Tc 87 (a,2p   ) Tc 89m 1.452E-12      Tc 88 (a,nonel)        6.672E-08
  Tc 88 (a,p    ) Mo 88  6.654E-08      Tc 88m(a,nonel)        6.672E-08      Tc 88m(a,p    ) Mo 88  6.654E-08      Tc 88m(a,g    ) Tc 89  2.503E-12
  Tc 89 (a,nonel)        7.003E-08      Tc 89 (a,p    ) Mo 89  6.992E-08      Tc 89 (a,g    ) Tc 90  2.760E-11      Tc 89m(a,nonel)        7.003E-08
  Tc 89m(a,p    ) Mo 89  6.987E-08      Tc 89m(a,g    ) Tc 90  4.232E-11      Tc 90 (a,nonel)        7.351E-08      Tc 90 (a,p    ) Ru 93  6.552E-08
  Tc 90 (a,p    ) Ru 93m 7.830E-09      Tc 90m(a,nonel)        7.351E-08      Tc 90m(a,p    ) Ru 93  5.771E-08      Tc 90m(a,p    ) Ru 93m 1.556E-08
  Tc 90m(a,g    ) Rh 94  2.790E-11      Tc 90m(a,g    ) Rh 94m 1.364E-12      Tc 91 (a,nonel)        7.712E-08      Tc 91 (a,p    ) Mo 91  7.701E-08
  Tc 91m(a,nonel)        7.712E-08      Tc 91m(a,p    ) Mo 91  7.688E-08      Tc 91m(a,g    ) Rh 95  5.332E-11      Tc 91m(a,g    ) Rh 95m 1.627E-11
  Tc 92 (a,nonel)        8.089E-08      Tc 92 (a,p    ) Mo 92  8.078E-08      Tc 93 (a,nonel)        8.446E-08      Tc 93 (a,p    ) Mo 93  2.776E-08
  Tc 93 (a,a    ) Tc 93  1.824E-11      Tc 93 (a,a    ) Tc 93m 5.706E-12      Tc 93 (a,g    ) Rh 97  5.566E-08      Tc 93 (a,g    ) Rh 97m 1.004E-09
  Tc 93m(a,nonel)        8.480E-08      Tc 93m(a,p    ) Mo 93  6.609E-08      Tc 93m(a,a    ) Tc 93  1.867E-10      Tc 93m(a,a    ) Tc 93m 1.176E-12
  Tc 93m(a,g    ) Rh 97  1.674E-08      Tc 93m(a,g    ) Rh 97m 1.751E-09      Tc 94 (a,nonel)        8.846E-08      Tc 94 (a,p    ) Mo 94  1.449E-08
  Tc 94 (a,a    ) Tc 94  3.011E-10      Tc 94 (a,a    ) Tc 94m 1.446E-11      Tc 94 (a,g    ) Rh 98  5.997E-08      Tc 94 (a,g    ) Rh 98m 1.366E-08
  Tc 94m(a,nonel)        8.890E-08      Tc 94m(a,p    ) Mo 94  6.118E-08      Tc 94m(a,a    ) Tc 94  1.511E-10      Tc 94m(a,a    ) Tc 94m 3.914E-12
  Tc 94m(a,g    ) Rh 98  2.164E-08      Tc 94m(a,g    ) Rh 98m 5.884E-09      Tc 95 (a,nonel)        9.304E-08      Tc 95 (a,p    ) Mo 95  1.170E-08
  Tc 95 (a,a    ) Tc 95  5.634E-11      Tc 95 (a,a    ) Tc 95m 1.784E-11      Tc 95 (a,g    ) Rh 99  1.240E-08      Tc 95 (a,g    ) Rh 99m 6.887E-08
  Tc 95m(a,nonel)        9.318E-08      Tc 95m(a,p    ) Mo 95  3.894E-08      Tc 95m(a,a    ) Tc 95  9.052E-11      Tc 95m(a,a    ) Tc 95m 8.867E-12
  Tc 95m(a,g    ) Rh 99  2.039E-08      Tc 95m(a,g    ) Rh 99m 3.373E-08      Tc 96 (a,nonel)        9.761E-08      Tc 96 (a,p    ) Mo 96  1.541E-10
  Tc 96 (a,a    ) Tc 96  3.814E-11      Tc 96 (a,a    ) Tc 96m 8.233E-12      Tc 96 (a,g    ) Rh100  9.978E-09      Tc 96 (a,g    ) Rh100m 4.328E-08
  Tc 96m(a,nonel)        9.764E-08      Tc 96m(a,p    ) Mo 96  4.586E-10      Tc 96m(a,a    ) Tc 96  1.270E-11      Tc 96m(a,a    ) Tc 96m 1.922E-12
  Tc 96m(a,n    ) Rh 99  5.614E-10      Tc 96m(a,n    ) Rh 99m 1.828E-09      Tc 96m(a,g    ) Rh100  1.036E-08      Tc 96m(a,g    ) Rh100m 1.637E-08
  Tc 97 (a,nonel)        1.022E-07      Tc 97 (a,p    ) Mo 97  4.802E-09      Tc 97 (a,a    ) Tc 97  3.945E-11      Tc 97 (a,a    ) Tc 97m 7.546E-12
  Tc 97 (a,g    ) Rh101  1.706E-08      Tc 97 (a,g    ) Rh101m 8.027E-08      Tc 97m(a,nonel)        1.022E-07      Tc 97m(a,p    ) Mo 97  2.458E-08
  Tc 97m(a,a    ) Tc 97  7.157E-11      Tc 97m(a,a    ) Tc 97m 9.442E-12      Tc 97m(a,g    ) Rh101  3.319E-08      Tc 97m(a,g    ) Rh101m 4.433E-08
  Tc 98 (a,nonel)        1.070E-07      Tc 98 (a,a    ) Nb 95  1.914E-12      Tc 98 (a,n    ) Rh101  3.480E-08      Tc 98 (a,n    ) Rh101m 6.814E-08
  Tc 98 (a,g    ) Rh102  5.017E-10      Tc 98 (a,g    ) Rh102m 3.267E-09      Tc 99 (a,nonel)        1.274E-07      Tc 99 (a,p    ) Mo 99  8.746E-12
  Tc 99 (a,g    ) Rh103  2.189E-09      Tc 99 (a,g    ) Rh103m 2.147E-08      Tc 99m(a,nonel)        1.274E-07      Tc 99m(a,p    ) Mo 99  1.301E-10
  Tc 99m(a,g    ) Rh103  8.224E-09      Tc 99m(a,g    ) Rh103m 1.531E-08      Tc100 (a,nonel)        1.170E-07      Tc100 (a,a    ) Nb 97  1.405E-12
  Tc100 (a,n    ) Rh103  2.551E-08      Tc100 (a,n    ) Rh103m 9.106E-08      Tc101 (a,nonel)        1.223E-07      Tc101 (a,n    ) Rh104  8.175E-08
  Tc101 (a,n    ) Rh104m 3.920E-08      Tc101 (a,g    ) Rh105  1.530E-11      Tc101 (a,g    ) Rh105m 2.512E-12      Tc102 (a,nonel)        1.278E-07
  Tc102 (a,a    ) Tc102  1.223E-12      Tc102 (a,n    ) Rh105  9.957E-08      Tc102 (a,n    ) Rh105m 2.768E-08      Tc102m(a,nonel)        1.278E-07
  Tc102m(a,n    ) Rh105  9.973E-08      Tc102m(a,n    ) Rh105m 2.751E-08      Tc103 (a,nonel)        1.335E-07      Tc103 (a,a    ) Nb100  1.136E-12
  Tc103 (a,n    ) Rh106  3.833E-08      Tc103 (a,n    ) Rh106m 9.515E-08      Tc104 (a,nonel)        1.394E-07      Tc104 (a,n    ) Tc104  1.387E-07
  Tc105 (a,nonel)        1.455E-07      Tc105 (a,a    ) Nb102  1.627E-12      Tc105 (a,n    ) Rh108  9.696E-08      Tc105 (a,n    ) Rh108m 4.749E-08
  Tc106 (a,nonel)        1.519E-07      Tc106 (a,n    ) Tc106  1.510E-07      Tc107 (a,nonel)        1.585E-07      Tc107 (a,a    ) Nb104  1.366E-12
  Tc107 (a,n    ) Rh110  8.002E-08      Tc107 (a,n    ) Rh110m 7.669E-08      Tc108 (a,nonel)        1.653E-07      Tc108 (a,n    ) Tc108  1.642E-07
  Tc109 (a,nonel)        1.723E-07      Tc109 (a,a    ) Nb106  1.205E-12      Tc109 (a,2n   ) Tc108  1.317E-08      Tc109 (a,n    ) Rh112  9.256E-08
  Tc109 (a,n    ) Rh112m 6.495E-08      Ru 88 (a,nonel)        3.465E-08      Ru 88 (a,2p   ) Mo 87  4.426E-10      Ru 88 (a,p    ) Rh 91  2.453E-08
  Ru 88 (a,p    ) Rh 91m 9.662E-09      Ru 89 (a,nonel)        3.637E-08      Ru 89 (a,2p   ) Mo 88  2.702E-10      Ru 89 (a,p    ) Tc 89  3.608E-08
  Ru 89 (a,g    ) Ru 90  1.905E-11      Ru 90 (a,nonel)        3.816E-08      Ru 90 (a,2p   ) Mo 89  1.977E-11      Ru 90 (a,p    ) Tc 90  3.804E-08
  Ru 90 (a,g    ) Ru 91  4.451E-11      Ru 91 (a,nonel)        4.003E-08      Ru 91 (a,p    ) Rh 94  3.325E-08      Ru 91 (a,p    ) Rh 94m 6.756E-09
  Ru 91 (a,g    ) Pd 95  2.460E-11      Ru 92 (a,nonel)        4.198E-08      Ru 92 (a,g    ) Ru 93  1.465E-10      Ru 92 (a,p    ) Rh 95  2.825E-08
  Ru 92 (a,p    ) Rh 95m 1.358E-08      Ru 93 (a,nonel)        4.399E-08      Ru 93 (a,g    ) Ru 94  1.321E-09      Ru 93 (a,p    ) Rh 96  2.585E-08
  Ru 93 (a,p    ) Rh 96m 1.642E-08      Ru 93m(a,nonel)        4.399E-08      Ru 93m(a,a    ) Ru 93  1.161E-12      Ru 93m(a,g    ) Ru 94  5.401E-10
  Ru 93m(a,p    ) Rh 96  8.238E-09      Ru 93m(a,p    ) Rh 96m 2.700E-08      Ru 94 (a,nonel)        4.560E-08      Ru 94 (a,a    ) Mo 91  2.250E-12
  Ru 94 (a,g    ) Ru 95  4.539E-08      Ru 94 (a,p    ) Rh 97  2.007E-10      Ru 94 (a,p    ) Rh 97m 1.156E-11      Ru 95 (a,nonel)        4.816E-08
  Ru 95 (a,a    ) Mo 92  1.265E-11      Ru 95 (a,g    ) Ru 96  4.814E-08      Ru 95 (a,p    ) Rh 98  1.810E-11      Ru 95 (a,p    ) Rh 98m 1.683E-12
  Ru 96 (a,nonel)        5.036E-08      Ru 96 (a,a    ) Mo 93  1.748E-11      Ru 96 (a,g    ) Ru 97  5.034E-08      Ru 96 (a,p    ) Rh 99  1.009E-12
  Ru 97 (a,nonel)        5.293E-08      Ru 97 (a,a    ) Mo 94  2.475E-11      Ru 97 (a,g    ) Ru 98  4.377E-08      Ru 98 (a,nonel)        5.535E-08
  Ru 98 (a,a    ) Mo 95  1.195E-11      Ru 98 (a,g    ) Ru 99  5.534E-08      Ru 99 (a,nonel)        5.797E-08      Ru 99 (a,a    ) Mo 96  1.959E-12
  Ru 99 (a,n    ) Ru 99  5.314E-09      Ru 99 (a,g    ) Ru100  1.409E-08      Ru100 (a,nonel)        6.057E-08      Ru100 (a,a    ) Mo 97  5.934E-12
  Ru100 (a,g    ) Ru101  6.056E-08      Ru101 (a,nonel)        6.332E-08      Ru101 (a,n    ) Ru101  1.444E-08      Ru101 (a,g    ) Ru102  3.173E-09
  Ru102 (a,nonel)        6.613E-08      Ru102 (a,g    ) Ru103  1.692E-08      Ru103 (a,nonel)        6.907E-08      Ru103 (a,n    ) Ru103  6.874E-08
  Ru104 (a,nonel)        7.209E-08      Ru104 (a,g    ) Ru105  8.226E-10      Ru104 (a,n    ) Pd107  5.973E-08      Ru104 (a,n    ) Pd107m 1.056E-08
  Ru105 (a,nonel)        7.525E-08      Ru105 (a,n    ) Ru105  7.497E-08      Ru106 (a,nonel)        7.852E-08      Ru106 (a,n    ) Pd109  4.746E-08
  Ru106 (a,n    ) Pd109m 3.079E-08      Ru107 (a,nonel)        8.191E-08      Ru107 (a,n    ) Ru107  8.156E-08      Ru108 (a,nonel)        8.540E-08
  Ru108 (a,n    ) Pd111  5.876E-08      Ru108 (a,n    ) Pd111m 2.628E-08      Ru109 (a,nonel)        8.903E-08      Ru109 (a,n    ) Ru109  8.852E-08
  Ru110 (a,nonel)        9.276E-08      Ru110 (a,n    ) Pd113  4.067E-08      Ru110 (a,n    ) Pd113m 5.163E-08      Ru111 (a,nonel)        9.661E-08
  Ru111 (a,n    ) Ru111  9.587E-08      Ru112 (a,nonel)        1.006E-07      Ru112 (a,2n   ) Ru111  2.295E-09      Ru112 (a,n    ) Pd115  2.516E-08
  Ru112 (a,n    ) Pd115m 7.000E-08      Rh 91 (a,nonel)        2.089E-08      Rh 91 (a,2p   ) Tc 90  3.526E-11      Rh 91 (a,p    ) Ru 91  2.085E-08
  Rh 91 (a,g    ) Ag 95  2.519E-12      Rh 92 (a,nonel)        2.190E-08      Rh 92 (a,p    ) Pd 95  2.047E-08      Rh 92 (a,p    ) Pd 95m 1.423E-09
  Rh 92 (a,g    ) Ag 96  2.627E-12      Rh 93 (a,nonel)        2.294E-08      Rh 93 (a,p    ) Ru 93  2.293E-08      Rh 93 (a,g    ) Rh 94  1.666E-12
  Rh 94 (a,nonel)        2.403E-08      Rh 94 (a,p    ) Ru 94  2.401E-08      Rh 94m(a,nonel)        2.402E-08      Rh 94m(a,p    ) Ru 94  2.378E-08
  Rh 94m(a,a    ) Rh 94  1.439E-12      Rh 94m(a,g    ) Rh 95  1.672E-10      Rh 95 (a,nonel)        2.511E-08      Rh 95 (a,p    ) Ru 95  1.856E-08
  Rh 95 (a,a    ) Rh 95  2.869E-12      Rh 95 (a,g    ) Ag 99  6.532E-09      Rh 95 (a,g    ) Ag 99m 3.990E-12      Rh 95m(a,nonel)        2.517E-08
  Rh 95m(a,p    ) Ru 95  2.426E-08      Rh 95m(a,a    ) Rh 95  1.608E-11      Rh 95m(a,g    ) Ag 99  8.704E-10      Rh 95m(a,g    ) Ag 99m 1.804E-11
  Rh 96 (a,nonel)        2.634E-08      Rh 96 (a,p    ) Ru 96  1.884E-08      Rh 96 (a,a    ) Rh 96  2.973E-11      Rh 96 (a,a    ) Rh 96m 6.584E-12
  Rh 96 (a,g    ) Ag100  7.147E-09      Rh 96 (a,g    ) Ag100m 3.172E-10      Rh 96m(a,nonel)        2.636E-08      Rh 96m(a,p    ) Ru 96  2.416E-08
  Rh 96m(a,a    ) Rh 96  1.103E-11      Rh 96m(a,a    ) Rh 96m 2.059E-12      Rh 96m(a,g    ) Ag100  1.970E-09      Rh 96m(a,g    ) Ag100m 2.083E-10
  Rh 97 (a,nonel)        2.753E-08      Rh 97 (a,p    ) Ru 97  1.192E-08      Rh 97 (a,a    ) Rh 97  2.234E-11      Rh 97 (a,a    ) Rh 97m 1.520E-12
  Rh 97 (a,g    ) Ag101  1.519E-08      Rh 97 (a,g    ) Ag101m 3.897E-10      Rh 97m(a,nonel)        2.758E-08      Rh 97m(a,p    ) Ru 97  2.232E-08
  Rh 97m(a,a    ) Rh 97  2.443E-11      Rh 97m(a,g    ) Ag101  4.566E-09      Rh 97m(a,g    ) Ag101m 6.627E-10      Rh 98 (a,nonel)        2.886E-08
  Rh 98 (a,p    ) Ru 98  2.369E-08      Rh 98 (a,a    ) Rh 98  2.381E-12      Rh 98 (a,g    ) Ag102  4.247E-09      Rh 98 (a,g    ) Ag102m 9.018E-10
  Rh 98m(a,nonel)        2.886E-08      Rh 98m(a,p    ) Ru 98  1.856E-08      Rh 98m(a,a    ) Rh 98  8.615E-12      Rh 98m(a,g    ) Ag102  9.902E-09
  Rh 98m(a,g    ) Ag102m 3.665E-10      Rh 99 (a,nonel)        3.018E-08      Rh 99 (a,p    ) Ru 99  1.670E-08      Rh 99 (a,a    ) Rh 99  3.262E-12
  Rh 99 (a,a    ) Rh 99m 1.335E-11      Rh 99 (a,g    ) Ag103  1.028E-08      Rh 99 (a,g    ) Ag103m 3.172E-09      Rh 99m(a,nonel)        3.016E-08
  Rh 99m(a,p    ) Ru 99  7.137E-09      Rh 99m(a,a    ) Rh 99  6.660E-12      Rh 99m(a,a    ) Rh 99m 1.293E-11      Rh 99m(a,g    ) Ag103  2.198E-08
  Rh 99m(a,g    ) Ag103m 1.019E-09      Rh100 (a,nonel)        3.154E-08      Rh100 (a,p    ) Ru100  9.702E-10      Rh100 (a,a    ) Rh100  1.070E-12
  Rh100 (a,g    ) Ag104  3.510E-09      Rh100 (a,g    ) Ag104m 3.526E-09      Rh100m(a,nonel)        3.154E-08      Rh100m(a,p    ) Ru100  4.688E-10
  Rh100m(a,a    ) Rh100  1.574E-12      Rh100m(a,a    ) Rh100m 3.692E-12      Rh100m(a,g    ) Ag104  1.096E-08      Rh100m(a,g    ) Ag104m 1.180E-09
  Rh101 (a,nonel)        3.295E-08      Rh101 (a,p    ) Ru101  6.786E-09      Rh101 (a,a    ) Rh101  3.184E-12      Rh101 (a,a    ) Rh101m 7.036E-12
  Rh101 (a,g    ) Ag105  8.388E-09      Rh101 (a,g    ) Ag105m 1.776E-08      Rh101m(a,nonel)        3.295E-08      Rh101m(a,p    ) Ru101  1.880E-09
  Rh101m(a,a    ) Rh101  4.385E-12      Rh101m(a,a    ) Rh101m 8.107E-12      Rh101m(a,g    ) Ag105  2.449E-09      Rh101m(a,g    ) Ag105m 2.861E-08
  Rh102 (a,nonel)        3.442E-08      Rh102 (a,p    ) Ru102  1.965E-11      Rh102 (a,n    ) Ag105  9.512E-09      Rh102 (a,n    ) Ag105m 2.330E-08
  Rh102 (a,g    ) Ag106  3.165E-10      Rh102 (a,g    ) Ag106m 8.871E-10      Rh102m(a,nonel)        3.442E-08      Rh102m(a,p    ) Ru102  9.182E-12
  Rh102m(a,n    ) Ag105  5.597E-09      Rh102m(a,n    ) Ag105m 2.467E-08      Rh102m(a,g    ) Ag106  1.202E-10      Rh102m(a,g    ) Ag106m 3.743E-09
  Rh103 (a,nonel)        3.905E-08      Rh103 (a,p    ) Ru103  1.481E-09      Rh103 (a,a    ) Rh103  1.004E-12      Rh103 (a,a    ) Rh103m 3.042E-12
  Rh103 (a,g    ) Ag107  1.317E-08      Rh103 (a,g    ) Ag107m 1.871E-08      Rh103m(a,nonel)        3.905E-08      Rh103m(a,p    ) Ru103  3.738E-10
  Rh103m(a,a    ) Rh103  1.013E-12      Rh103m(a,a    ) Rh103m 2.621E-12      Rh103m(a,g    ) Ag107  6.679E-09      Rh103m(a,g    ) Ag107m 2.870E-08
  Rh104 (a,nonel)        3.750E-08      Rh104 (a,n    ) Ag107  1.200E-08      Rh104 (a,n    ) Ag107m 2.539E-08      Rh104m(a,nonel)        3.750E-08
  Rh104m(a,n    ) Ag107  1.190E-08      Rh104m(a,n    ) Ag107m 2.549E-08      Rh105 (a,nonel)        3.913E-08      Rh105 (a,n    ) Ag108  5.652E-12
  Rh105 (a,g    ) Ag109  1.577E-09      Rh105 (a,g    ) Ag109m 4.771E-09      Rh105m(a,nonel)        3.913E-08      Rh105m(a,p    ) Ru105  2.656E-12
  Rh105m(a,n    ) Ag108  1.056E-08      Rh105m(a,n    ) Ag108m 3.601E-09      Rh105m(a,g    ) Ag109  1.628E-09      Rh105m(a,g    ) Ag109m 2.924E-09
  Rh106 (a,nonel)        4.082E-08      Rh106 (a,n    ) Ag109  1.314E-08      Rh106 (a,n    ) Ag109m 2.751E-08      Rh106 (a,g    ) Ag110  1.399E-11
  Rh106 (a,g    ) Ag110m 1.066E-11      Rh106m(a,nonel)        4.082E-08      Rh106m(a,n    ) Ag109  1.090E-08      Rh106m(a,n    ) Ag109m 2.959E-08
  Rh106m(a,g    ) Ag110  6.940E-12      Rh106m(a,g    ) Ag110m 1.569E-10      Rh107 (a,nonel)        4.257E-08      Rh107 (a,n    ) Ag110  3.626E-08
  Rh107 (a,n    ) Ag110m 6.059E-09      Rh107 (a,g    ) Ag111m 3.514E-12      Rh108 (a,nonel)        4.438E-08      Rh108 (a,n    ) Ag111  1.056E-08
  Rh108 (a,n    ) Ag111m 3.363E-08      Rh108m(a,nonel)        4.438E-08      Rh108m(a,n    ) Ag111  1.043E-08      Rh108m(a,n    ) Ag111m 3.375E-08
  Rh109 (a,nonel)        4.625E-08      Rh109 (a,a    ) Tc106  1.132E-12      Rh109 (a,n    ) Rh109  4.606E-08      Rh110 (a,nonel)        4.819E-08
  Rh110 (a,n    ) Ag113  1.233E-08      Rh110 (a,n    ) Ag113m 3.562E-08      Rh110m(a,nonel)        4.819E-08      Rh110m(a,n    ) Ag113  1.199E-08
  Rh110m(a,n    ) Ag113m 3.593E-08      Rh111 (a,nonel)        5.018E-08      Rh111 (a,a    ) Tc108  1.273E-12      Rh111 (a,n    ) Rh111  4.997E-08
  Rh112 (a,nonel)        5.223E-08      Rh112 (a,n    ) Ag115  8.519E-09      Rh112 (a,n    ) Ag115m 4.333E-08      Rh112m(a,nonel)        5.223E-08
  Rh112m(a,n    ) Ag115  8.228E-09      Rh112m(a,n    ) Ag115m 4.358E-08      Rh113 (a,nonel)        5.435E-08      Rh113 (a,n    ) Ag116  2.130E-08
  Rh113 (a,n    ) Ag116m 1.389E-08      Rh113 (a,n    ) Ag116n 1.882E-08      Rh114 (a,nonel)        5.654E-08      Rh114 (a,n    ) Ag117  1.466E-08
  Rh114 (a,n    ) Ag117m 4.140E-08      Rh114m(a,nonel)        5.654E-08      Rh114m(a,n    ) Ag117  1.413E-08      Rh114m(a,n    ) Ag117m 4.175E-08
  Pd 92 (a,nonel)        1.147E-08      Pd 92 (a,2p   ) Ru 91  2.790E-10      Pd 92 (a,p    ) Ag 95  1.119E-08      Pd 92 (a,p    ) Ag 95m 3.634E-12
  Pd 93 (a,nonel)        1.202E-08      Pd 93 (a,g    ) Pd 94  3.182E-12      Pd 93 (a,2p   ) Pd 95  4.360E-11      Pd 93 (a,p    ) Ag 96  5.887E-09
  Pd 93 (a,p    ) Ag 96m 6.084E-09      Pd 94 (a,nonel)        1.259E-08      Pd 94 (a,p    ) Rh 94  1.245E-08      Pd 94 (a,g    ) Pd 95  1.344E-10
  Pd 95 (a,nonel)        1.318E-08      Pd 95 (a,p    ) Rh 95  1.318E-08      Pd 95m(a,nonel)        1.314E-08      Pd 95m(a,p    ) Rh 95  1.301E-08
  Pd 95m(a,a    ) Pd 95  5.797E-11      Pd 95m(a,a    ) Pd 95m 9.957E-12      Pd 95m(a,g    ) Pd 96  5.607E-11      Pd 96 (a,nonel)        1.321E-08
  Pd 96 (a,a    ) Ru 93  1.442E-12      Pd 96 (a,g    ) Pd 97  1.008E-08      Pd 96 (a,p    ) Ag 99  2.997E-09      Pd 96 (a,p    ) Ag 99m 1.316E-10
  Pd 97 (a,nonel)        1.437E-08      Pd 97 (a,a    ) Ru 94  6.999E-12      Pd 97 (a,g    ) Pd 98  1.329E-08      Pd 97 (a,p    ) Ag100  6.939E-10
  Pd 97 (a,p    ) Ag100m 3.826E-10      Pd 98 (a,nonel)        1.499E-08      Pd 98 (a,a    ) Ru 95  5.519E-12      Pd 98 (a,g    ) Pd 99  1.493E-08
  Pd 98 (a,p    ) Ag101  5.429E-11      Pd 98 (a,p    ) Ag101m 2.119E-12      Pd 99 (a,nonel)        1.577E-08      Pd 99 (a,a    ) Ru 96  1.885E-11
  Pd 99 (a,g    ) Pd100  1.572E-08      Pd 99 (a,p    ) Ag102  2.129E-11      Pd 99 (a,p    ) Ag102m 8.876E-12      Pd100 (a,nonel)        1.645E-08
  Pd100 (a,a    ) Ru 97  5.877E-12      Pd100 (a,g    ) Pd101  1.645E-08      Pd100 (a,p    ) Ag103  1.179E-12      Pd101 (a,nonel)        1.723E-08
  Pd101 (a,a    ) Ru 98  1.521E-11      Pd101 (a,g    ) Pd102  1.721E-08      Pd102 (a,nonel)        1.799E-08      Pd102 (a,a    ) Ru 99  2.880E-12
  Pd102 (a,g    ) Pd103  1.798E-08      Pd103 (a,nonel)        1.879E-08      Pd103 (a,a    ) Ru100  1.423E-12      Pd103 (a,g    ) Pd104  1.087E-08
  Pd104 (a,nonel)        1.959E-08      Pd104 (a,a    ) Ru101  1.472E-12      Pd104 (a,g    ) Pd105  1.959E-08      Pd105 (a,nonel)        2.045E-08
  Pd105 (a,n    ) Pd105  1.653E-08      Pd105 (a,g    ) Pd106  3.721E-09      Pd106 (a,nonel)        2.294E-08      Pd106 (a,g    ) Pd107  2.294E-08
  Pd107 (a,nonel)        2.224E-08      Pd107 (a,n    ) Pd107  1.397E-08      Pd107 (a,g    ) Cd111  7.964E-11      Pd107 (a,g    ) Cd111m 3.672E-10
  Pd107m(a,nonel)        2.224E-08      Pd107m(a,n    ) Pd107  2.082E-08      Pd107m(a,g    ) Cd111  1.058E-10      Pd107m(a,g    ) Cd111m 1.162E-09
  Pd108 (a,nonel)        2.318E-08      Pd108 (a,g    ) Pd109  4.065E-09      Pd109 (a,nonel)        2.415E-08      Pd109 (a,n    ) Pd109  2.410E-08
  Pd109m(a,nonel)        2.415E-08      Pd109m(a,n    ) Pd109  2.409E-08      Pd110 (a,nonel)        2.516E-08      Pd110 (a,g    ) Pd111  6.731E-11
  Pd110 (a,n    ) Cd113  1.359E-08      Pd110 (a,n    ) Cd113m 1.120E-08      Pd111 (a,nonel)        2.620E-08      Pd111 (a,n    ) Pd111  2.610E-08
  Pd111m(a,nonel)        2.620E-08      Pd111m(a,n    ) Pd111  2.610E-08      Pd112 (a,nonel)        2.726E-08      Pd112 (a,n    ) Cd115  1.158E-08
  Pd112 (a,n    ) Cd115m 1.559E-08      Pd113 (a,nonel)        2.837E-08      Pd113 (a,n    ) Pd113  2.824E-08      Pd114 (a,nonel)        2.951E-08
  Pd114 (a,n    ) Cd117  9.035E-09      Pd114 (a,n    ) Cd117m 2.035E-08      Pd115 (a,nonel)        3.068E-08      Pd115 (a,n    ) Pd115  3.048E-08
  Pd115m(a,nonel)        3.068E-08      Pd115m(a,n    ) Pd115  3.049E-08      Pd116 (a,nonel)        3.189E-08      Pd116 (a,n    ) Cd119  1.362E-08
  Pd116 (a,n    ) Cd119m 1.810E-08      Pd117 (a,nonel)        3.315E-08      Pd117 (a,n    ) Pd117  3.196E-08      Pd118 (a,nonel)        3.445E-08
  Pd118 (a,2n   ) Pd117  3.334E-09      Pd118 (a,n    ) Cd121  2.111E-08      Pd118 (a,n    ) Cd121m 9.795E-09      Ag 95 (a,nonel)        6.931E-09
  Ag 95 (a,2p   ) Rh 94  3.418E-11      Ag 95 (a,p    ) Pd 95  6.882E-09      Ag 96 (a,nonel)        7.254E-09      Ag 96 (a,p    ) Pd 96  7.253E-09
  Ag 96m(a,nonel)        7.254E-09      Ag 96m(a,p    ) Pd 96  7.252E-09      Ag 97 (a,nonel)        7.580E-09      Ag 97 (a,p    ) Pd 97  6.960E-09
  Ag 97 (a,g    ) Ag 98  6.202E-10      Ag 98 (a,nonel)        7.930E-09      Ag 98 (a,a    ) Rh 95  1.746E-11      Ag 98 (a,p    ) Pd 98  7.303E-09
  Ag 98 (a,g    ) Ag 99  6.058E-10      Ag 99 (a,nonel)        8.271E-09      Ag 99 (a,p    ) Pd 99  5.827E-09      Ag 99 (a,a    ) Ag 99  6.179E-12
  Ag 99 (a,g    ) In103  2.428E-09      Ag 99 (a,g    ) In103m 8.091E-12      Ag 99m(a,nonel)        8.295E-09      Ag 99m(a,p    ) Pd 99  7.902E-09
  Ag 99m(a,a    ) Ag 99  4.061E-12      Ag 99m(a,g    ) In103  3.710E-10      Ag 99m(a,g    ) In103m 1.544E-11      Ag100 (a,nonel)        8.666E-09
  Ag100 (a,p    ) Pd100  7.188E-09      Ag100 (a,a    ) Ag100  7.335E-12      Ag100 (a,g    ) In104  1.404E-09      Ag100 (a,g    ) In104m 6.408E-11
  Ag100m(a,nonel)        8.667E-09      Ag100m(a,p    ) Pd100  8.255E-09      Ag100m(a,a    ) Ag100  1.686E-12      Ag100m(a,g    ) In104  3.616E-10
  Ag100m(a,g    ) In104m 4.678E-11      Ag101 (a,nonel)        9.042E-09      Ag101 (a,p    ) Pd101  3.969E-09      Ag101 (a,a    ) Ag101  7.140E-12
  Ag101 (a,g    ) In105  4.855E-09      Ag101 (a,g    ) In105m 2.081E-10      Ag101m(a,nonel)        9.054E-09      Ag101m(a,p    ) Pd101  7.510E-09
  Ag101m(a,a    ) Ag101  7.115E-12      Ag101m(a,g    ) In105  1.369E-09      Ag101m(a,g    ) In105m 1.625E-10      Ag102 (a,nonel)        9.452E-09
  Ag102 (a,p    ) Pd102  5.571E-09      Ag102 (a,a    ) Ag102  6.518E-12      Ag102 (a,g    ) In106  3.180E-09      Ag102 (a,g    ) In106m 6.898E-10
  Ag102m(a,nonel)        9.453E-09      Ag102m(a,p    ) Pd102  7.489E-09      Ag102m(a,a    ) Ag102  2.501E-12      Ag102m(a,g    ) In106  1.124E-09
  Ag102m(a,g    ) In106m 8.334E-10      Ag103 (a,nonel)        9.864E-09      Ag103 (a,p    ) Pd103  2.852E-09      Ag103 (a,a    ) Ag103  5.199E-12
  Ag103 (a,g    ) In107  6.551E-09      Ag103 (a,g    ) In107m 4.509E-10      Ag103m(a,nonel)        9.867E-09      Ag103m(a,p    ) Pd103  5.730E-09
  Ag103m(a,a    ) Ag103  6.337E-12      Ag103m(a,g    ) In107  3.475E-09      Ag103m(a,g    ) In107m 6.485E-10      Ag104 (a,nonel)        1.029E-08
  Ag104 (a,p    ) Pd104  1.800E-09      Ag104 (a,a    ) Ag104  2.336E-12      Ag104 (a,a    ) Ag104m 1.509E-12      Ag104 (a,g    ) In108  5.861E-09
  Ag104 (a,g    ) In108m 2.626E-09      Ag104m(a,nonel)        1.029E-08      Ag104m(a,p    ) Pd104  3.825E-09      Ag104m(a,a    ) Ag104  1.299E-12
  Ag104m(a,a    ) Ag104m 1.702E-12      Ag104m(a,g    ) In108  2.323E-09      Ag104m(a,g    ) In108m 4.137E-09      Ag105 (a,nonel)        1.074E-08
  Ag105 (a,p    ) Pd105  3.121E-09      Ag105 (a,a    ) Ag105m 2.114E-12      Ag105 (a,g    ) In109  5.689E-09      Ag105 (a,g    ) In109m 1.849E-09
  Ag105 (a,g    ) In109n 6.919E-11      Ag105m(a,nonel)        1.074E-08      Ag105m(a,p    ) Pd105  1.213E-09      Ag105m(a,a    ) Ag105m 1.730E-12
  Ag105m(a,g    ) In109  7.961E-09      Ag105m(a,g    ) In109m 1.248E-09      Ag105m(a,g    ) In109n 3.089E-10      Ag106 (a,nonel)        1.120E-08
  Ag106 (a,p    ) Pd106  2.811E-10      Ag106 (a,g    ) In110  4.894E-10      Ag106 (a,g    ) In110m 3.901E-09      Ag106m(a,nonel)        1.120E-08
  Ag106m(a,p    ) Pd106  2.204E-11      Ag106m(a,g    ) In110  3.914E-09      Ag106m(a,g    ) In110m 1.370E-09      Ag107 (a,nonel)        1.062E-08
  Ag107 (a,p    ) Pd107  8.623E-10      Ag107 (a,g    ) In111  6.332E-09      Ag107 (a,g    ) In111m 3.426E-09      Ag107m(a,nonel)        1.062E-08
  Ag107m(a,p    ) Pd107  2.617E-10      Ag107m(a,g    ) In111  8.839E-09      Ag107m(a,g    ) In111m 1.520E-09      Ag108 (a,nonel)        1.216E-08
  Ag108 (a,n    ) In111  8.304E-09      Ag108 (a,n    ) In111m 3.574E-09      Ag108 (a,g    ) In112  5.696E-11      Ag108 (a,g    ) In112m 1.050E-10
  Ag108m(a,nonel)        1.216E-08      Ag108m(a,n    ) In111  8.485E-09      Ag108m(a,n    ) In111m 2.800E-09      Ag108m(a,g    ) In112  2.384E-11
  Ag108m(a,g    ) In112m 7.621E-10      Ag109 (a,nonel)        2.626E-04      Ag109 (a,p    ) Pd109  3.700E-12      Ag109 (a,g    ) In113  1.554E-04
  Ag109 (a,g    ) In113m 1.072E-04      Ag109m(a,nonel)        1.267E-08      Ag109m(a,p    ) Pd109  4.288E-12      Ag109m(a,g    ) In113  2.862E-09
  Ag109m(a,g    ) In113m 4.314E-10      Ag110 (a,nonel)        1.320E-08      Ag110 (a,n    ) In113  9.714E-09      Ag110 (a,n    ) In113m 3.437E-09
  Ag110m(a,nonel)        1.320E-08      Ag110m(a,n    ) In113  9.743E-09      Ag110m(a,n    ) In113m 3.407E-09      Ag110m(a,g    ) In114m 3.928E-12
  Ag111 (a,nonel)        1.374E-08      Ag111 (a,n    ) In114  4.841E-09      Ag111 (a,n    ) In114m 8.711E-09      Ag111m(a,nonel)        1.374E-08
  Ag111m(a,n    ) In114  3.805E-09      Ag111m(a,n    ) In114m 9.422E-09      Ag111m(a,g    ) In115  3.044E-10      Ag111m(a,g    ) In115m 4.374E-11
  Ag112 (a,nonel)        1.430E-08      Ag112 (a,p    ) Cd115  1.168E-12      Ag112 (a,p    ) Cd115m 1.363E-12      Ag112 (a,n    ) In115  1.077E-08
  Ag112 (a,n    ) In115m 3.477E-09      Ag113 (a,nonel)        1.488E-08      Ag113 (a,n    ) In116  6.010E-09      Ag113 (a,n    ) In116m 6.258E-09
  Ag113 (a,n    ) In116n 2.568E-09      Ag113m(a,nonel)        1.488E-08      Ag113m(a,n    ) In116  6.346E-09      Ag113m(a,n    ) In116m 6.008E-09
  Ag113m(a,n    ) In116n 2.467E-09      Ag113m(a,g    ) In117  1.069E-11      Ag113m(a,g    ) In117m 1.171E-12      Ag114 (a,nonel)        1.548E-08
  Ag114 (a,n    ) In117  1.195E-08      Ag114 (a,n    ) In117m 3.442E-09      Ag115 (a,nonel)        1.609E-08      Ag115 (a,n    ) In118  6.890E-09
  Ag115 (a,n    ) In118m 6.282E-09      Ag115 (a,n    ) In118n 2.851E-09      Ag115m(a,nonel)        1.609E-08      Ag115m(a,n    ) In118  6.677E-09
  Ag115m(a,n    ) In118m 6.409E-09      Ag115m(a,n    ) In118n 2.927E-09      Ag115m(a,g    ) In119  2.590E-12      Ag116 (a,nonel)        1.672E-08
  Ag116 (a,n    ) In119  1.337E-08      Ag116 (a,n    ) In119m 3.236E-09      Ag116m(a,nonel)        1.672E-08      Ag116m(a,n    ) In119  1.335E-08
  Ag116m(a,n    ) In119m 3.246E-09      Ag117 (a,nonel)        1.738E-08      Ag117 (a,n    ) In120  8.393E-09      Ag117 (a,n    ) In120m 7.322E-09
  Ag117 (a,n    ) In120n 1.566E-09      Ag117m(a,nonel)        1.738E-08      Ag117m(a,n    ) In120  8.603E-09      Ag117m(a,n    ) In120m 7.374E-09
  Ag117m(a,n    ) In120n 1.299E-09      Ag118 (a,nonel)        1.806E-08      Ag118 (a,n    ) In121  1.437E-08      Ag118 (a,n    ) In121m 3.566E-09
  Ag118m(a,nonel)        1.806E-08      Ag118m(a,n    ) In121  1.449E-08      Ag118m(a,n    ) In121m 3.435E-09      Ag119 (a,nonel)        1.876E-08
  Ag119 (a,n    ) In122  8.168E-09      Ag119 (a,n    ) In122m 5.493E-09      Ag119 (a,n    ) In122n 4.857E-09      Ag119m(a,nonel)        1.876E-08
  Ag119m(a,n    ) In122  7.757E-09      Ag119m(a,n    ) In122m 5.533E-09      Ag119m(a,n    ) In122n 4.996E-09      Ag120 (a,nonel)        1.948E-08
  Ag120 (a,2n   ) In122  2.645E-10      Ag120 (a,2n   ) In122m 2.541E-10      Ag120 (a,n    ) In123  1.568E-08      Ag120 (a,n    ) In123m 2.850E-09
  Cd 97 (a,nonel)        4.003E-09      Cd 97 (a,2p   ) Pd 96  1.549E-11      Cd 97 (a,p    ) Ag 97  3.953E-09      Cd 97 (a,g    ) Cd 98  3.422E-11
  Cd 98 (a,nonel)        4.144E-09      Cd 98 (a,a    ) Pd 95  1.637E-12      Cd 98 (a,2p   ) Pd 97  9.979E-12      Cd 98 (a,p    ) Ag 98  2.084E-09
  Cd 98 (a,g    ) Cd 99  2.061E-09      Cd 99 (a,nonel)        4.359E-09      Cd 99 (a,a    ) Pd 96  3.842E-12      Cd 99 (a,p    ) Ag 99  2.167E-09
  Cd 99 (a,g    ) Cd100  2.188E-09      Cd100 (a,nonel)        4.348E-09      Cd100 (a,a    ) Pd 97  4.005E-12      Cd100 (a,g    ) Cd101  3.385E-09
  Cd100 (a,p    ) In103  9.516E-10      Cd100 (a,p    ) In103m 6.865E-12      Cd101 (a,nonel)        4.755E-09      Cd101 (a,a    ) Pd 98  8.470E-12
  Cd101 (a,g    ) Cd102  4.411E-09      Cd101 (a,p    ) In104  2.617E-10      Cd101 (a,p    ) In104m 7.359E-11      Cd102 (a,nonel)        4.816E-09
  Cd102 (a,a    ) Pd 99  8.323E-12      Cd102 (a,g    ) Cd103  4.743E-09      Cd102 (a,p    ) In105  6.392E-11      Cd103 (a,nonel)        5.198E-09
  Cd103 (a,a    ) Pd100  8.127E-12      Cd103 (a,g    ) Cd104  5.186E-09      Cd103 (a,p    ) In106  2.086E-12      Cd103 (a,p    ) In106m 1.342E-12
  Cd104 (a,nonel)        5.411E-09      Cd104 (a,a    ) Pd101  2.047E-12      Cd104 (a,g    ) Cd105  5.409E-09      Cd105 (a,nonel)        5.658E-09
  Cd105 (a,a    ) Pd102  3.883E-12      Cd105 (a,g    ) Cd106  5.654E-09      Cd106 (a,nonel)        5.897E-09      Cd106 (a,g    ) Cd107  5.897E-09
  Cd107 (a,nonel)        6.151E-09      Cd107 (a,g    ) Cd108  6.150E-09      Cd108 (a,nonel)        6.407E-09      Cd108 (a,g    ) Cd109  6.406E-09
  Cd109 (a,nonel)        6.676E-09      Cd109 (a,g    ) Sn113  1.685E-10      Cd109 (a,g    ) Sn113m 3.522E-09      Cd110 (a,nonel)        6.952E-09
  Cd110 (a,g    ) Cd111  6.952E-09      Cd111 (a,nonel)        7.239E-09      Cd111 (a,n    ) Cd111  5.954E-09      Cd111 (a,g    ) Cd112  1.183E-09
  Cd111m(a,nonel)        7.238E-09      Cd111m(a,n    ) Cd111  3.038E-10      Cd111m(a,g    ) Cd112  1.620E-09      Cd112 (a,nonel)        7.531E-09
  Cd112 (a,g    ) Cd113  3.476E-09      Cd113 (a,nonel)        7.836E-09      Cd113 (a,n    ) Cd113  7.735E-09      Cd113m(a,nonel)        7.836E-09
  Cd113m(a,n    ) Cd113  7.675E-09      Cd113m(a,g    ) Sn117  3.287E-12      Cd113m(a,g    ) Sn117m 7.085E-11      Cd114 (a,nonel)        7.754E-09
  Cd114 (a,g    ) Cd115  4.370E-11      Cd114 (a,n    ) Sn117  5.058E-09      Cd114 (a,n    ) Sn117m 2.599E-09      Cd115 (a,nonel)        8.473E-09
  Cd115 (a,n    ) Cd115  8.442E-09      Cd115m(a,nonel)        8.473E-09      Cd115m(a,n    ) Cd115  8.440E-09      Cd116 (a,nonel)        8.804E-09
  Cd116 (a,n    ) Sn119  4.176E-09      Cd116 (a,n    ) Sn119m 4.597E-09      Cd117 (a,nonel)        9.149E-09      Cd117 (a,n    ) Cd117  9.108E-09
  Cd117m(a,nonel)        9.149E-09      Cd117m(a,n    ) Cd117  9.109E-09      Cd118 (a,nonel)        9.504E-09      Cd118 (a,n    ) Sn121  3.465E-09
  Cd118 (a,n    ) Sn121m 6.000E-09      Cd119 (a,nonel)        9.872E-09      Cd119 (a,n    ) Cd119  9.817E-09      Cd119m(a,nonel)        9.872E-09
  Cd119m(a,n    ) Cd119  9.816E-09      Cd120 (a,nonel)        1.025E-08      Cd120 (a,n    ) Sn123  6.942E-09      Cd120 (a,n    ) Sn123m 3.259E-09
  Cd121 (a,nonel)        1.064E-08      Cd121 (a,n    ) Cd121  1.058E-08      Cd121m(a,nonel)        1.064E-08      Cd121m(a,n    ) Cd121  1.058E-08
  Cd122 (a,nonel)        1.105E-08      Cd122 (a,n    ) Sn125  7.341E-09      Cd122 (a,n    ) Sn125m 3.517E-09      Cd123 (a,nonel)        1.147E-08
  Cd123 (a,n    ) Cd123  9.984E-09      Cd123 (a,2n   ) Sn125  9.820E-10      Cd123 (a,2n   ) Sn125m 4.322E-10      Cd123m(a,nonel)        1.147E-08
  Cd123m(a,n    ) Cd123  9.511E-09      Cd123m(a,2n   ) Sn125  1.286E-09      Cd123m(a,2n   ) Sn125m 6.039E-10      Cd124 (a,nonel)        1.190E-08
  Cd124 (a,2n   ) Cd123  1.475E-09      Cd124 (a,n    ) Sn127  7.639E-09      Cd124 (a,n    ) Sn127m 2.718E-09      In 98m(a,nonel)        2.216E-09
  In 98m(a,2p   ) Ag 97  3.908E-12      In 98m(a,p    ) Cd 98  2.212E-09      In 99 (a,nonel)        2.311E-09      In 99 (a,a    ) Ag 96  9.946E-12
  In 99 (a,p    ) Cd 99  2.299E-09      In100 (a,nonel)        2.380E-09      In100 (a,p    ) Cd100  2.361E-09      In100 (a,g    ) In101  1.882E-11
  In101 (a,nonel)        2.482E-09      In101 (a,p    ) Cd101  2.368E-09      In101 (a,g    ) In102  1.134E-10      In102 (a,nonel)        2.621E-09
  In102 (a,a    ) Ag 99  2.953E-11      In102 (a,p    ) Cd102  2.442E-09      In102 (a,g    ) In103  1.447E-10      In103 (a,nonel)        2.707E-09
  In103 (a,p    ) Cd103  1.876E-09      In103 (a,a    ) In103  1.618E-12      In103 (a,g    ) In104  8.149E-10      In103m(a,nonel)        2.753E-09
  In103m(a,p    ) Cd103  2.636E-09      In103m(a,a    ) In103  8.876E-12      In103m(a,g    ) In104  1.045E-10      In104 (a,nonel)        2.860E-09
  In104 (a,p    ) Cd104  2.110E-09      In104 (a,a    ) In104  2.785E-11      In104 (a,g    ) In105  7.178E-10      In104m(a,nonel)        2.871E-09
  In104m(a,p    ) Cd104  2.689E-09      In104m(a,a    ) In104  7.164E-12      In104m(a,g    ) In105  1.726E-10      In105 (a,nonel)        2.976E-09
  In105 (a,p    ) Cd105  9.825E-10      In105 (a,g    ) In106  1.989E-09      In105m(a,nonel)        2.994E-09      In105m(a,p    ) Cd105  2.477E-09
  In105m(a,a    ) In105  1.043E-11      In105m(a,g    ) In106  5.008E-10      In106 (a,nonel)        3.113E-09      In106 (a,p    ) Cd106  9.820E-10
  In106 (a,a    ) In106  8.649E-12      In106 (a,a    ) In106m 1.517E-12      In106 (a,g    ) In107  2.117E-09      In106m(a,nonel)        3.122E-09
  In106m(a,p    ) Cd106  2.611E-09      In106m(a,a    ) In106  1.316E-12      In106m(a,g    ) In107  5.063E-10      In107 (a,nonel)        3.249E-09
  In107 (a,p    ) Cd107  5.358E-10      In107 (a,g    ) In108  2.710E-09      In107m(a,nonel)        3.254E-09      In107m(a,p    ) Cd107  2.105E-09
  In107m(a,a    ) In107  5.614E-12      In107m(a,g    ) In108  1.134E-09      In108 (a,nonel)        3.388E-09      In108 (a,p    ) Cd108  3.401E-10
  In108 (a,a    ) In108  3.162E-12      In108 (a,g    ) In109  3.043E-09      In108m(a,nonel)        3.390E-09      In108m(a,p    ) Cd108  1.612E-09
  In108m(a,g    ) In109  1.775E-09      In109 (a,nonel)        3.529E-09      In109 (a,p    ) Cd109  2.486E-10      In109 (a,g    ) In110  3.279E-09
  In109m(a,nonel)        3.531E-09      In109m(a,p    ) Cd109  1.546E-09      In109m(a,a    ) In109  2.136E-12      In109m(a,g    ) In110  1.973E-09
  In110 (a,nonel)        3.675E-09      In110 (a,g    ) In111  3.494E-09      In110 (a,p    ) Sn113  1.097E-11      In110 (a,p    ) Sn113m 1.688E-10
  In110m(a,nonel)        3.677E-09      In110m(a,g    ) In111  2.632E-09      In110m(a,p    ) Sn113  3.123E-10      In110m(a,p    ) Sn113m 7.301E-10
  In111 (a,nonel)        3.827E-09      In111 (a,p    ) Cd111  1.277E-10      In111 (a,g    ) In112  3.698E-09      In111m(a,nonel)        3.827E-09
  In111m(a,p    ) Cd111  1.041E-09      In111m(a,g    ) In112  2.778E-09      In112 (a,nonel)        3.982E-09      In112 (a,p    ) Cd112  1.468E-10
  In112 (a,g    ) Sb116  1.610E-09      In112 (a,g    ) Sb116m 2.850E-10      In112m(a,nonel)        3.982E-09      In112m(a,p    ) Cd112  7.651E-11
  In112m(a,g    ) Sb116  1.784E-09      In112m(a,g    ) Sb116m 8.665E-10      In113 (a,nonel)        4.142E-09      In113 (a,p    ) Cd113  5.907E-11
  In113 (a,g    ) In114  4.083E-09      In113m(a,nonel)        4.143E-09      In113m(a,p    ) Cd113  5.833E-10      In113m(a,g    ) In114  3.556E-09
  In114 (a,nonel)        4.309E-09      In114 (a,p    ) Sn117  4.537E-12      In114 (a,p    ) Sn117m 3.118E-12      In114 (a,g    ) Sb118  5.218E-10
  In114 (a,g    ) Sb118m 1.639E-10      In114m(a,nonel)        4.309E-09      In114m(a,n    ) In114  5.503E-10      In114m(a,p    ) Sn117  4.205E-12
  In114m(a,p    ) Sn117m 8.617E-12      In114m(a,g    ) Sb118  9.663E-10      In114m(a,g    ) Sb118m 8.240E-10      In115 (a,nonel)        4.944E-09
  In115 (a,p    ) Cd115  2.520E-11      In115 (a,g    ) In116  4.918E-09      In115m(a,nonel)        4.944E-09      In115m(a,p    ) Cd115  2.991E-10
  In115m(a,g    ) In116  4.642E-09      In116 (a,nonel)        4.654E-09      In116 (a,n    ) In116  4.595E-09      In116m(a,nonel)        4.654E-09
  In116m(a,n    ) In116  4.591E-09      In116m(a,g    ) Sb120m 2.477E-12      In116n(a,nonel)        4.654E-09      In116n(a,n    ) In116  4.552E-09
  In116n(a,g    ) Sb120  4.011E-12      In116n(a,g    ) Sb120m 4.479E-11      In117 (a,nonel)        4.836E-09      In117 (a,g    ) In118  5.985E-10
  In117m(a,nonel)        4.836E-09      In117m(a,p    ) Cd117  4.046E-12      In117m(a,g    ) In118  5.947E-10      In117m(a,n    ) Sb120  1.828E-09
  In118 (a,nonel)        5.024E-09      In118 (a,n    ) In118  5.006E-09      In118m(a,nonel)        5.024E-09      In118m(a,n    ) In118  5.002E-09
  In118m(a,g    ) Sb122m 2.143E-12      In118n(a,nonel)        5.024E-09      In118n(a,n    ) In118  4.999E-09      In118n(a,g    ) Sb122m 4.755E-12
  In119 (a,nonel)        5.217E-09      In119 (a,n    ) Sb122  4.582E-09      In119 (a,n    ) Sb122m 5.920E-10      In119m(a,nonel)        5.217E-09
  In119m(a,n    ) Sb122  4.545E-09      In119m(a,n    ) Sb122m 6.515E-10      In120 (a,nonel)        5.416E-09      In120 (a,n    ) In120  5.392E-09
  In120m(a,nonel)        5.416E-09      In120m(a,n    ) In120  5.389E-09      In120n(a,nonel)        5.416E-09      In120n(a,n    ) In120  5.386E-09
  In120n(a,g    ) Sb124n 1.666E-12      In121 (a,nonel)        5.622E-09      In121 (a,n    ) Sb124  3.222E-09      In121 (a,n    ) Sb124m 1.396E-09
  In121 (a,n    ) Sb124n 9.812E-10      In121m(a,nonel)        5.622E-09      In121m(a,n    ) Sb124  3.168E-09      In121m(a,n    ) Sb124m 1.399E-09
  In121m(a,n    ) Sb124n 1.029E-09      In122 (a,nonel)        5.836E-09      In122 (a,n    ) In122  5.810E-09      In122m(a,nonel)        5.836E-09
  In122m(a,n    ) In122  5.808E-09      In122n(a,nonel)        5.836E-09      In122n(a,n    ) In122  5.807E-09      In123 (a,nonel)        6.056E-09
  In123 (a,n    ) Sb126  1.158E-09      In123 (a,n    ) Sb126m 1.856E-09      In123 (a,n    ) Sb126n 3.015E-09      In123m(a,nonel)        6.056E-09
  In123m(a,n    ) Sb126  1.254E-09      In123m(a,n    ) Sb126m 1.924E-09      In123m(a,n    ) Sb126n 2.848E-09      In124 (a,nonel)        6.282E-09
  In124 (a,n    ) In124  6.255E-09      In124m(a,nonel)        6.282E-09      In124m(a,n    ) In124  6.254E-09      In125 (a,nonel)        6.516E-09
  In125 (a,n    ) Sb128  3.242E-09      In125 (a,n    ) Sb128m 3.244E-09      In125m(a,nonel)        6.516E-09      In125m(a,n    ) Sb128  3.347E-09
  In125m(a,n    ) Sb128m 3.135E-09      In126 (a,nonel)        6.758E-09      In126 (a,n    ) Sb129  5.187E-09      In126 (a,n    ) Sb129m 1.532E-09
  In126m(a,nonel)        6.758E-09      In126m(a,n    ) Sb129  5.118E-09      In126m(a,n    ) Sb129m 1.595E-09      In127 (a,nonel)        7.006E-09
  In127 (a,2n   ) Sb129  4.822E-12      In127 (a,n    ) Sb130  2.714E-09      In127 (a,n    ) Sb130m 3.985E-09      In127m(a,nonel)        7.006E-09
  In127m(a,2n   ) Sb129  5.182E-10      In127m(a,n    ) Sb130  2.666E-09      In127m(a,n    ) Sb130m 3.780E-09      In129m(a,nonel)        7.522E-09
  In129m(a,2n   ) In128  2.077E-09      In129m(a,n    ) Sb132  4.234E-09      In129m(a,n    ) Sb132m 1.203E-09      Sn100 (a,nonel)        6.449E-10
  Sn100 (a,a    ) Cd 97  6.366E-10      Sn100 (a,g    ) Sn101  7.519E-12      Sn101 (a,nonel)        5.289E-10      Sn101 (a,a    ) Cd 98  4.754E-10
  Sn101 (a,g    ) Sn102  5.315E-11      Sn102 (a,nonel)        4.162E-10      Sn102 (a,a    ) Cd 99  3.870E-12      Sn102 (a,g    ) Sn103  4.123E-10
  Sn103 (a,nonel)        1.096E-09      Sn103 (a,a    ) Cd100  2.635E-10      Sn103 (a,p    ) In103  1.703E-12      Sn103 (a,g    ) Sn104  8.086E-10
  Sn104 (a,nonel)        1.111E-09      Sn104 (a,a    ) Cd101  3.138E-12      Sn104 (a,g    ) Sn105  1.107E-09      Sn105 (a,nonel)        1.504E-09
  Sn105 (a,a    ) Cd102  4.724E-11      Sn105 (a,g    ) Sn106  1.441E-09      Sn106 (a,nonel)        1.486E-09      Sn106 (a,a    ) Cd103  1.509E-12
  Sn106 (a,g    ) Sn107  1.479E-09      Sn107 (a,nonel)        1.692E-09      Sn107 (a,a    ) Cd104  2.664E-11      Sn107 (a,g    ) Sn108  1.664E-09
  Sn108 (a,nonel)        1.667E-09      Sn108 (a,a    ) Cd105  1.004E-12      Sn108 (a,g    ) Sn109  1.664E-09      Sn109 (a,nonel)        1.867E-09
  Sn109 (a,a    ) Cd106  9.044E-12      Sn109 (a,g    ) Sn110  1.858E-09      Sn110 (a,nonel)        1.932E-09      Sn110 (a,g    ) Sn111  1.932E-09
  Sn111 (a,nonel)        2.026E-09      Sn111 (a,a    ) Cd108  3.092E-12      Sn111 (a,g    ) Te115  1.880E-09      Sn111 (a,g    ) Te115m 1.421E-10
  Sn112 (a,nonel)        2.103E-09      Sn112 (a,g    ) Sn113  2.103E-09      Sn113 (a,nonel)        2.197E-09      Sn113 (a,a    ) Sn113m 1.130E-12
  Sn113 (a,g    ) Te117  1.826E-09      Sn113 (a,g    ) Te117m 3.700E-10      Sn113m(a,nonel)        2.196E-09      Sn113m(a,g    ) Te117  1.417E-09
  Sn113m(a,g    ) Te117m 7.789E-10      Sn114 (a,nonel)        2.284E-09      Sn114 (a,g    ) Sn115  2.284E-09      Sn115 (a,nonel)        2.376E-09
  Sn115 (a,g    ) Te119  1.574E-09      Sn115 (a,g    ) Te119m 8.020E-10      Sn116 (a,nonel)        2.464E-09      Sn116 (a,g    ) Sn117  2.464E-09
  Sn117 (a,nonel)        2.565E-09      Sn117 (a,g    ) Te121  1.085E-09      Sn117 (a,g    ) Te121m 8.909E-10      Sn117m(a,nonel)        2.565E-09
  Sn117m(a,g    ) Te121  4.216E-10      Sn117m(a,g    ) Te121m 2.047E-09      Sn118 (a,nonel)        2.724E-09      Sn118 (a,g    ) Sn119  2.724E-09
  Sn119 (a,nonel)        2.767E-09      Sn119 (a,n    ) Sn119  9.739E-11      Sn119 (a,g    ) Te123  8.486E-11      Sn119 (a,g    ) Te123m 3.278E-10
  Sn119m(a,nonel)        2.766E-09      Sn119m(a,n    ) Sn119  5.701E-10      Sn119m(a,g    ) Te123  9.164E-11      Sn119m(a,g    ) Te123m 1.439E-09
  Sn120 (a,nonel)        4.126E-09      Sn120 (a,g    ) Sn121  4.126E-09      Sn121 (a,nonel)        2.981E-09      Sn121 (a,n    ) Sn121  3.067E-10
  Sn121 (a,g    ) Te125  4.077E-12      Sn121 (a,g    ) Te125m 4.277E-11      Sn121m(a,nonel)        2.981E-09      Sn121m(a,n    ) Sn121  1.803E-10
  Sn121m(a,g    ) Te125  5.702E-12      Sn121m(a,g    ) Te125m 1.686E-10      Sn122 (a,nonel)        3.126E-09      Sn122 (a,g    ) Sn123  6.468E-10
  Sn123 (a,nonel)        3.210E-09      Sn123 (a,n    ) Sn123  3.171E-09      Sn123m(a,nonel)        3.210E-09      Sn123m(a,n    ) Sn123  3.172E-09
  Sn124 (a,nonel)        3.389E-09      Sn124 (a,g    ) Sn125  7.201E-11      Sn124 (a,n    ) Te127  2.110E-09      Sn124 (a,n    ) Te127m 1.176E-09
  Sn125 (a,nonel)        3.453E-09      Sn125 (a,n    ) Sn125  3.441E-09      Sn125m(a,nonel)        3.453E-09      Sn125m(a,n    ) Sn125  3.442E-09
  Sn126 (a,nonel)        3.580E-09      Sn126 (a,g    ) Sn127  3.427E-12      Sn126 (a,n    ) Te129  2.147E-09      Sn126 (a,n    ) Te129m 1.426E-09
  Sn127 (a,nonel)        3.712E-09      Sn127 (a,n    ) Sn127  3.696E-09      Sn127m(a,nonel)        3.712E-09      Sn127m(a,n    ) Sn127  3.696E-09
  Sn128 (a,nonel)        3.846E-09      Sn128 (a,n    ) Te131  2.119E-09      Sn128 (a,n    ) Te131m 1.719E-09      Sn128m(a,nonel)        3.846E-09
  Sn128m(a,n    ) Te131  1.800E-09      Sn128m(a,n    ) Te131m 2.032E-09      Sn129 (a,nonel)        3.985E-09      Sn129 (a,n    ) Sn129  3.966E-09
  Sn129m(a,nonel)        3.985E-09      Sn129m(a,n    ) Sn129  3.965E-09      Sn130 (a,nonel)        4.128E-09      Sn130 (a,n    ) Te133  1.852E-09
  Sn130 (a,n    ) Te133m 2.258E-09      Sn130m(a,nonel)        4.128E-09      Sn130m(a,n    ) Te133  1.435E-09      Sn130m(a,n    ) Te133m 2.669E-09
  Sn131 (a,nonel)        4.275E-09      Sn131 (a,n    ) Sn131  4.267E-09      Sn131m(a,nonel)        4.275E-09      Sn131m(a,n    ) Sn131  4.267E-09
  Sn132 (a,nonel)        4.425E-09      Sn132 (a,n    ) Sn132  1.776E-09      Sn132 (a,g    ) Sn133  2.811E-12      Sn133 (a,nonel)        4.581E-09
  Sn133 (a,n    ) Sn133  4.556E-09      Sn134 (a,nonel)        4.742E-09      Sn134 (a,2n   ) Sn133  9.107E-10      Sn134 (a,n    ) Sn134  6.008E-10
  Sb105 (a,nonel)        8.260E-10      Sb105 (a,p    ) Sn105  7.414E-10      Sb105 (a,g    ) Sb106  1.002E-11      Sb107 (a,nonel)        8.976E-10
  Sb107 (a,a    ) In104  2.131E-12      Sb107 (a,p    ) Sn107  6.152E-10      Sb107 (a,g    ) Sb108  2.801E-10      Sb108 (a,nonel)        9.544E-10
  Sb108 (a,a    ) In105  4.363E-12      Sb108 (a,p    ) Sn108  5.612E-10      Sb108 (a,g    ) Sb109  3.867E-10      Sb109 (a,nonel)        9.907E-10
  Sb109 (a,p    ) Sn109  3.711E-10      Sb109 (a,g    ) Sb110  6.154E-10      Sb110 (a,nonel)        1.037E-09      Sb110 (a,a    ) In107  1.281E-12
  Sb110 (a,p    ) Sn110  2.916E-10      Sb110 (a,g    ) I 114  5.541E-10      Sb110 (a,g    ) I 114m 1.899E-10      Sb111 (a,nonel)        1.077E-09
  Sb111 (a,p    ) Sn111  1.504E-10      Sb111 (a,g    ) Sb112  9.262E-10      Sb112 (a,nonel)        1.124E-09      Sb112 (a,g    ) Sb113  1.116E-09
  Sb112 (a,p    ) Te115  5.450E-12      Sb113 (a,nonel)        1.168E-09      Sb113 (a,p    ) Sn113  2.200E-11      Sb113 (a,g    ) Sb114  1.146E-09
  Sb114 (a,nonel)        1.216E-09      Sb114 (a,p    ) Te117  2.662E-12      Sb114 (a,g    ) I 118  9.431E-10      Sb114 (a,g    ) I 118m 2.689E-10
  Sb115 (a,nonel)        1.264E-09      Sb115 (a,p    ) Sn115  3.434E-12      Sb115 (a,g    ) Sb116  1.260E-09      Sb116 (a,nonel)        1.313E-09
  Sb116 (a,g    ) I 120  8.664E-10      Sb116 (a,g    ) I 120m 4.466E-10      Sb116m(a,nonel)        1.312E-09      Sb116m(a,g    ) I 120  1.497E-10
  Sb116m(a,g    ) I 120m 1.162E-09      Sb117 (a,nonel)        1.364E-09      Sb117 (a,p    ) Sn117  1.205E-12      Sb117 (a,g    ) Sb118  1.363E-09
  Sb118 (a,nonel)        1.417E-09      Sb118 (a,g    ) Sb119  1.417E-09      Sb118m(a,nonel)        1.417E-09      Sb118m(a,g    ) Sb119  1.417E-09
  Sb119 (a,nonel)        1.472E-09      Sb119 (a,g    ) Sb120  1.471E-09      Sb120 (a,nonel)        1.528E-09      Sb120 (a,g    ) Sb121  3.493E-10
  Sb120m(a,nonel)        1.527E-09      Sb120m(a,g    ) Sb121  1.242E-09      Sb121 (a,nonel)        1.478E-09      Sb121 (a,g    ) Sb122  1.478E-09
  Sb122 (a,nonel)        1.645E-09      Sb122 (a,n    ) Sb122  5.184E-10      Sb122 (a,g    ) Sb123  2.296E-11      Sb122m(a,nonel)        1.645E-09
  Sb122m(a,n    ) Sb122  1.510E-09      Sb122m(a,g    ) Sb123  1.266E-10      Sb123 (a,nonel)        1.593E-09      Sb123 (a,g    ) Sb124  1.593E-09
  Sb124 (a,nonel)        1.770E-09      Sb124 (a,n    ) Sb124  1.761E-09      Sb124m(a,nonel)        1.770E-09      Sb124m(a,n    ) Sb124  1.761E-09
  Sb124n(a,nonel)        1.770E-09      Sb124n(a,n    ) Sb124  1.762E-09      Sb125 (a,nonel)        1.836E-09      Sb125 (a,g    ) Sb126  1.968E-10
  Sb126 (a,nonel)        1.904E-09      Sb126 (a,n    ) Sb126  1.901E-09      Sb126m(a,nonel)        1.904E-09      Sb126m(a,n    ) Sb126  1.901E-09
  Sb126n(a,nonel)        1.904E-09      Sb126n(a,n    ) Sb126  1.901E-09      Sb127 (a,nonel)        1.973E-09      Sb127 (a,n    ) I 130  1.204E-09
  Sb127 (a,n    ) I 130m 7.509E-10      Sb128 (a,nonel)        2.045E-09      Sb128 (a,n    ) Sb128  2.039E-09      Sb128m(a,nonel)        2.045E-09
  Sb128m(a,n    ) Sb128  2.038E-09      Sb129 (a,nonel)        2.118E-09      Sb129 (a,n    ) I 132  1.854E-09      Sb129 (a,n    ) I 132m 2.575E-10
  Sb129m(a,nonel)        2.118E-09      Sb129m(a,n    ) I 132  1.629E-09      Sb129m(a,n    ) I 132m 4.785E-10      Sb130 (a,nonel)        2.194E-09
  Sb130 (a,n    ) I 133  2.007E-09      Sb130 (a,n    ) I 133m 1.769E-10      Sb130m(a,nonel)        2.194E-09      Sb130m(a,n    ) I 133  1.998E-09
  Sb130m(a,n    ) I 133m 1.859E-10      Sb131 (a,nonel)        2.272E-09      Sb131 (a,n    ) I 134  1.935E-09      Sb131 (a,n    ) I 134m 3.304E-10
  Sb132 (a,nonel)        2.352E-09      Sb132 (a,n    ) Sb132  2.342E-09      Sb132m(a,nonel)        2.352E-09      Sb132m(a,n    ) Sb132  2.342E-09
  Sb133 (a,nonel)        2.435E-09      Sb133 (a,g    ) Sb134  1.217E-11      Sb133 (a,n    ) I 136  2.244E-09      Sb133 (a,n    ) I 136m 1.780E-10
  Sb134m(a,nonel)        2.520E-09      Sb134m(a,n    ) Sb134  2.495E-09      Sb135 (a,nonel)        2.608E-09      Sb135 (a,n    ) Sb135  2.597E-09
  Te108 (a,nonel)        4.937E-10      Te108 (a,a    ) Sn105  3.152E-12      Te108 (a,g    ) Te109  4.578E-10      Te109 (a,nonel)        5.238E-10
  Te109 (a,a    ) Sn106  1.188E-11      Te109 (a,g    ) Te110  5.114E-10      Te110 (a,nonel)        5.357E-10      Te110 (a,a    ) Sn107  1.898E-12
  Te110 (a,g    ) Te111  5.315E-10      Te111 (a,nonel)        5.739E-10      Te111 (a,a    ) Sn108  2.455E-12      Te111 (a,g    ) Te112  5.715E-10
  Te112 (a,nonel)        5.950E-10      Te112 (a,g    ) Te113  5.941E-10      Te113 (a,nonel)        6.233E-10      Te113 (a,g    ) Te114  6.230E-10
  Te114 (a,nonel)        6.478E-10      Te114 (a,g    ) Te115  6.478E-10      Te115 (a,nonel)        6.740E-10      Te115 (a,g    ) Te116  6.739E-10
  Te115m(a,nonel)        6.741E-10      Te115m(a,g    ) Te116  6.740E-10      Te116 (a,nonel)        7.002E-10      Te116 (a,g    ) Te117  7.002E-10
  Te117 (a,nonel)        7.277E-10      Te117 (a,g    ) Te118  7.277E-10      Te118 (a,nonel)        7.558E-10      Te118 (a,g    ) Te119  7.558E-10
  Te119 (a,nonel)        7.850E-10      Te119 (a,g    ) Te120  7.849E-10      Te119m(a,nonel)        7.849E-10      Te119m(a,g    ) Te120  7.848E-10
  Te120 (a,nonel)        8.146E-10      Te120 (a,g    ) Te121  8.146E-10      Te121 (a,nonel)        8.456E-10      Te121 (a,g    ) Xe125  2.568E-10
  Te121 (a,g    ) Xe125m 3.330E-10      Te121m(a,nonel)        8.456E-10      Te121m(a,g    ) Xe125  8.596E-11      Te121m(a,g    ) Xe125m 6.706E-10
  Te122 (a,nonel)        8.774E-10      Te122 (a,g    ) Te123  8.774E-10      Te123 (a,nonel)        9.103E-10      Te123 (a,g    ) Xe127  4.935E-11
  Te123 (a,g    ) Xe127m 1.179E-10      Te123m(a,nonel)        9.103E-10      Te123m(a,n    ) Te123  4.137E-10      Te123m(a,g    ) Xe127  3.859E-11
  Te123m(a,g    ) Xe127m 4.420E-10      Te124 (a,nonel)        9.439E-10      Te124 (a,g    ) Te125  9.439E-10      Te125 (a,nonel)        9.789E-10
  Te125 (a,n    ) Te125  9.258E-10      Te125 (a,g    ) Xe129  6.820E-12      Te125 (a,g    ) Xe129m 4.109E-11      Te125m(a,nonel)        9.789E-10
  Te125m(a,n    ) Te125  1.019E-10      Te125m(a,g    ) Xe129  4.553E-12      Te125m(a,g    ) Xe129m 2.272E-10      Te126 (a,nonel)        1.015E-09
  Te126 (a,g    ) Te127  1.015E-09      Te127 (a,nonel)        1.052E-09      Te127 (a,n    ) Te127  9.979E-11      Te127 (a,g    ) Xe131m 9.900E-12
  Te127m(a,nonel)        1.052E-09      Te127m(a,n    ) Te127  6.849E-11      Te127m(a,g    ) Xe131m 4.078E-11      Te128 (a,nonel)        1.099E-09
  Te128 (a,g    ) Te129  1.370E-10      Te129 (a,nonel)        1.129E-09      Te129 (a,n    ) Te129  1.118E-09      Te129m(a,nonel)        1.129E-09
  Te129m(a,n    ) Te129  1.119E-09      Te130 (a,nonel)        1.170E-09      Te130 (a,n    ) Xe133  5.891E-10      Te130 (a,n    ) Xe133m 5.640E-10
  Te130 (a,g    ) Xe134  1.025E-12      Te130 (a,g    ) Xe134m 2.585E-12      Te131 (a,nonel)        1.211E-09      Te131 (a,n    ) Xe134  1.028E-09
  Te131 (a,n    ) Xe134m 1.798E-10      Te131m(a,nonel)        1.211E-09      Te131m(a,n    ) Xe134  1.019E-09      Te131m(a,n    ) Xe134m 1.888E-10
  Te132 (a,nonel)        1.254E-09      Te132 (a,n    ) Xe135  8.711E-10      Te132 (a,n    ) Xe135m 3.796E-10      Te133 (a,nonel)        1.298E-09
  Te133 (a,n    ) Te133  1.293E-09      Te133m(a,nonel)        1.298E-09      Te133m(a,n    ) Te133  1.293E-09      Te134 (a,nonel)        1.343E-09
  Te134 (a,g    ) Te135  5.155E-11      Te135 (a,nonel)        1.390E-09      Te135 (a,n    ) Te135  1.375E-09      Te136 (a,nonel)        1.438E-09
  Te136 (a,n    ) Te136  1.420E-09      Te137 (a,nonel)        1.487E-09      Te137 (a,n    ) Te137  1.480E-09      Te138 (a,nonel)        1.538E-09
  Te138 (a,n    ) Te138  1.499E-09      I 111 (a,nonel)        3.078E-10      I 111 (a,p    ) Te111  2.606E-10      I 111 (a,g    ) I 112  4.632E-11
  I 112 (a,nonel)        3.204E-10      I 112 (a,p    ) Te112  2.642E-10      I 112 (a,g    ) Cs116  5.170E-11      I 112 (a,g    ) Cs116m 4.016E-12
  I 113 (a,nonel)        3.332E-10      I 113 (a,p    ) Te113  2.346E-10      I 113 (a,g    ) Cs117  9.576E-11      I 113 (a,g    ) Cs117m 2.289E-12
  I 114 (a,nonel)        3.466E-10      I 114 (a,p    ) Te114  2.107E-10      I 114 (a,g    ) Cs118  1.324E-10      I 114 (a,g    ) Cs118m 3.300E-12
  I 114m(a,nonel)        3.462E-10      I 114m(a,p    ) Te114  1.502E-10      I 114m(a,g    ) Cs118  1.956E-10      I 115 (a,nonel)        3.602E-10
  I 115 (a,p    ) Te115  2.057E-10      I 115 (a,g    ) Cs119  1.401E-10      I 115 (a,g    ) Cs119m 1.361E-11      I 116 (a,nonel)        3.744E-10
  I 116 (a,p    ) Te116  8.166E-11      I 116 (a,g    ) Cs120  2.520E-10      I 116 (a,g    ) Cs120m 4.069E-11      I 117 (a,nonel)        3.890E-10
  I 117 (a,p    ) Te117  9.882E-11      I 117 (a,g    ) Cs121  1.433E-10      I 117 (a,g    ) Cs121m 1.466E-10      I 118 (a,nonel)        4.041E-10
  I 118 (a,p    ) Te118  4.693E-11      I 118 (a,g    ) Cs122  2.551E-10      I 118 (a,g    ) Cs122m 6.350E-11      I 118 (a,g    ) Cs122n 3.851E-11
  I 118m(a,nonel)        4.039E-10      I 118m(a,p    ) Te118  2.300E-11      I 118m(a,g    ) Cs122  8.956E-11      I 118m(a,g    ) Cs122m 9.389E-11
  I 118m(a,g    ) Cs122n 1.974E-10      I 119 (a,nonel)        4.196E-10      I 119 (a,p    ) Te119  1.980E-11      I 119 (a,g    ) Cs123  2.366E-10
  I 119 (a,g    ) Cs123m 1.631E-10      I 120 (a,nonel)        4.355E-10      I 120 (a,p    ) Te120  1.321E-11      I 120 (a,g    ) Cs124  4.010E-10
  I 120 (a,g    ) Cs124m 2.131E-11      I 120m(a,nonel)        4.355E-10      I 120m(a,p    ) Te120  8.150E-12      I 120m(a,g    ) Cs124  3.062E-10
  I 120m(a,g    ) Cs124m 1.210E-10      I 121 (a,nonel)        4.520E-10      I 121 (a,p    ) Te121  1.125E-11      I 121 (a,g    ) I 122  4.407E-10
  I 122 (a,nonel)        4.690E-10      I 122 (a,g    ) I 123  4.673E-10      I 122 (a,p    ) Xe125  1.304E-12      I 123 (a,nonel)        4.866E-10
  I 123 (a,p    ) Te123  1.286E-12      I 123 (a,g    ) I 124  4.853E-10      I 124 (a,nonel)        5.046E-10      I 124 (a,g    ) I 125  4.787E-10
  I 125 (a,nonel)        5.232E-10      I 125 (a,g    ) I 126  5.229E-10      I 126 (a,nonel)        5.425E-10      I 126 (a,g    ) Cs130  4.707E-11
  I 126 (a,g    ) Cs130m 4.558E-11      I 127 (a,nonel)        5.375E-10      I 127 (a,g    ) I 128  5.374E-10      I 128 (a,nonel)        5.826E-10
  I 128 (a,n    ) I 128  1.258E-10      I 128 (a,g    ) I 129  4.760E-12      I 129 (a,nonel)        6.035E-10      I 129 (a,g    ) I 130  6.035E-10
  I 130 (a,nonel)        6.252E-10      I 130 (a,n    ) I 130  6.202E-10      I 130m(a,nonel)        6.252E-10      I 130m(a,n    ) I 130  6.203E-10
  I 131 (a,nonel)        6.474E-10      I 131 (a,g    ) Cs135  5.656E-11      I 131 (a,g    ) Cs135m 3.193E-12      I 132 (a,nonel)        6.702E-10
  I 132 (a,p    ) Xe135  1.826E-12      I 132 (a,n    ) Cs135  5.707E-10      I 132 (a,n    ) Cs135m 9.662E-11      I 132m(a,nonel)        6.702E-10
  I 132m(a,n    ) Cs135  5.788E-10      I 132m(a,n    ) Cs135m 8.367E-11      I 132m(a,g    ) Cs136  1.161E-12      I 132m(a,g    ) Cs136m 3.360E-12
  I 133 (a,nonel)        6.937E-10      I 133 (a,n    ) Cs136  4.212E-10      I 133 (a,n    ) Cs136m 2.657E-10      I 133m(a,nonel)        6.937E-10
  I 133m(a,g    ) I 134  2.557E-12      I 133m(a,n    ) Cs136  5.719E-10      I 133m(a,n    ) Cs136m 1.164E-10      I 134 (a,nonel)        7.179E-10
  I 134 (a,n    ) I 134  7.152E-10      I 134m(a,nonel)        7.179E-10      I 134m(a,n    ) I 134  7.143E-10      I 135 (a,nonel)        7.428E-10
  I 135 (a,g    ) I 136  8.984E-11      I 136 (a,nonel)        7.684E-10      I 136 (a,n    ) I 136  7.638E-10      I 136m(a,nonel)        7.684E-10
  I 136m(a,n    ) I 136  7.669E-10      I 137 (a,nonel)        7.949E-10      I 137 (a,n    ) I 137  7.936E-10      I 138 (a,nonel)        8.221E-10
  I 138 (a,n    ) I 138  8.181E-10      I 139 (a,nonel)        8.502E-10      I 139 (a,n    ) I 139  8.471E-10      Xe112 (a,nonel)        1.707E-10
  Xe112 (a,g    ) Xe113  1.699E-10      Xe113 (a,nonel)        1.783E-10      Xe113 (a,g    ) Xe114  1.781E-10      Xe114 (a,nonel)        1.841E-10
  Xe114 (a,a    ) Te111  3.034E-12      Xe114 (a,g    ) Xe115  1.838E-10      Xe115 (a,nonel)        1.929E-10      Xe115 (a,g    ) Xe116  1.928E-10
  Xe116 (a,nonel)        1.999E-10      Xe116 (a,a    ) Te113  1.581E-12      Xe116 (a,g    ) Xe117  1.998E-10      Xe117 (a,nonel)        2.083E-10
  Xe117 (a,g    ) Xe118  2.082E-10      Xe118 (a,nonel)        2.163E-10      Xe118 (a,g    ) Xe119  2.163E-10      Xe119 (a,nonel)        2.247E-10
  Xe119 (a,g    ) Xe120  2.247E-10      Xe120 (a,nonel)        2.332E-10      Xe120 (a,g    ) Xe121  2.332E-10      Xe121 (a,nonel)        2.421E-10
  Xe121 (a,g    ) Xe122  2.420E-10      Xe122 (a,nonel)        2.512E-10      Xe122 (a,g    ) Xe123  2.512E-10      Xe123 (a,nonel)        2.606E-10
  Xe123 (a,g    ) Ba127  1.640E-10      Xe123 (a,g    ) Ba127m 9.660E-11      Xe124 (a,nonel)        2.702E-10      Xe124 (a,g    ) Xe125  2.702E-10
  Xe125 (a,nonel)        2.802E-10      Xe125 (a,g    ) Ba129  1.160E-10      Xe125 (a,g    ) Ba129m 1.642E-10      Xe125m(a,nonel)        2.802E-10
  Xe125m(a,g    ) Ba129  3.131E-11      Xe125m(a,g    ) Ba129m 2.489E-10      Xe126 (a,nonel)        2.905E-10      Xe126 (a,g    ) Xe127  2.905E-10
  Xe127 (a,nonel)        3.011E-10      Xe127 (a,g    ) Ba131  1.209E-10      Xe127 (a,g    ) Ba131m 1.175E-10      Xe127m(a,nonel)        3.011E-10
  Xe127m(a,g    ) Ba131  5.211E-11      Xe127m(a,g    ) Ba131m 2.226E-10      Xe128 (a,nonel)        3.120E-10      Xe128 (a,g    ) Xe129  3.120E-10
  Xe129 (a,nonel)        3.232E-10      Xe129 (a,g    ) Ba133  3.722E-11      Xe129 (a,g    ) Ba133m 6.314E-11      Xe129m(a,nonel)        3.232E-10
  Xe129m(a,g    ) Ba133  3.820E-11      Xe129m(a,g    ) Ba133m 2.089E-10      Xe130 (a,nonel)        3.348E-10      Xe130 (a,g    ) Xe131  3.348E-10
  Xe131 (a,nonel)        3.467E-10      Xe131 (a,n    ) Xe131  2.901E-10      Xe131 (a,g    ) Ba135  4.603E-12      Xe131 (a,g    ) Ba135m 5.030E-11
  Xe131m(a,nonel)        3.467E-10      Xe131m(a,n    ) Xe131  1.827E-10      Xe131m(a,g    ) Ba135  3.042E-12      Xe131m(a,g    ) Ba135m 1.602E-10
  Xe132 (a,nonel)        3.589E-10      Xe132 (a,g    ) Ba136  3.234E-10      Xe132 (a,g    ) Ba136m 3.552E-11      Xe133 (a,nonel)        3.715E-10
  Xe133 (a,n    ) Ba136  3.247E-10      Xe133 (a,g    ) Ba137m 6.255E-12      Xe133m(a,nonel)        3.715E-10      Xe133m(a,n    ) Ba136  3.109E-10
  Xe133m(a,g    ) Ba137  1.718E-12      Xe133m(a,g    ) Ba137m 1.719E-11      Xe134 (a,nonel)        3.845E-10      Xe134 (a,g    ) Xe135  4.976E-11
  Xe135 (a,nonel)        3.979E-10      Xe135 (a,n    ) Xe135  3.033E-11      Xe135 (a,g    ) Xe136  3.454E-12      Xe135m(a,nonel)        3.979E-10
  Xe135m(a,n    ) Xe135  3.920E-10      Xe135m(a,g    ) Xe136  3.591E-12      Xe136 (a,nonel)        4.114E-10      Xe136 (a,g    ) Xe137  4.114E-10
  Xe137 (a,nonel)        4.257E-10      Xe137 (a,n    ) Xe137  4.065E-10      Xe137 (a,g    ) Xe138  1.743E-11      Xe138 (a,nonel)        4.403E-10
  Xe138 (a,n    ) Xe138  2.183E-10      Xe138 (a,g    ) Xe139  4.324E-11      Xe139 (a,nonel)        4.553E-10      Xe139 (a,n    ) Xe139  4.513E-10
  Xe140 (a,nonel)        4.707E-10      Xe140 (a,n    ) Xe140  4.673E-10      Xe141 (a,nonel)        4.866E-10      Xe141 (a,n    ) Xe141  4.837E-10
  Xe142 (a,nonel)        5.030E-10      Xe142 (a,n    ) Xe142  5.007E-10      Cs115 (a,nonel)        1.034E-10      Cs115 (a,p    ) Xe115  1.015E-10
  Cs115 (a,g    ) Cs116  1.880E-12      Cs116m(a,nonel)        1.075E-10      Cs116m(a,p    ) Xe116  1.046E-10      Cs116m(a,g    ) Cs117  2.669E-12
  Cs117 (a,nonel)        1.117E-10      Cs117 (a,p    ) Xe117  8.862E-11      Cs117 (a,g    ) Cs118  2.284E-11      Cs117m(a,nonel)        1.117E-10
  Cs117m(a,p    ) Xe117  1.056E-10      Cs117m(a,g    ) Cs118  5.905E-12      Cs118 (a,nonel)        1.160E-10      Cs118 (a,p    ) Xe118  1.060E-10
  Cs118 (a,g    ) Cs119  9.879E-12      Cs118m(a,nonel)        1.160E-10      Cs118m(a,p    ) Xe118  1.099E-10      Cs118m(a,g    ) Cs119  5.898E-12
  Cs119 (a,nonel)        1.205E-10      Cs119 (a,p    ) Xe119  6.942E-11      Cs119 (a,g    ) Cs120  5.091E-11      Cs119m(a,nonel)        1.205E-10
  Cs119m(a,p    ) Xe119  9.605E-11      Cs119m(a,g    ) Cs120  2.426E-11      Cs120 (a,nonel)        1.251E-10      Cs120 (a,p    ) Xe120  6.350E-11
  Cs120 (a,g    ) La124  5.660E-11      Cs120 (a,g    ) La124m 4.890E-12      Cs120m(a,nonel)        1.251E-10      Cs120m(a,p    ) Xe120  3.535E-11
  Cs120m(a,g    ) La124  8.935E-11      Cs121 (a,nonel)        1.298E-10      Cs121 (a,p    ) Xe121  5.336E-11      Cs121 (a,g    ) La125  5.022E-11
  Cs121 (a,g    ) La125m 2.614E-11      Cs121m(a,nonel)        1.298E-10      Cs121m(a,p    ) Xe121  2.950E-11      Cs121m(a,g    ) La125  8.528E-11
  Cs121m(a,g    ) La125m 1.496E-11      Cs122 (a,nonel)        1.347E-10      Cs122 (a,p    ) Xe122  1.040E-11      Cs122 (a,g    ) La126  9.640E-11
  Cs122 (a,g    ) La126m 2.792E-11      Cs122m(a,nonel)        1.347E-10      Cs122m(a,g    ) La126  1.333E-10      Cs123 (a,nonel)        1.398E-10
  Cs123 (a,p    ) Xe123  2.172E-11      Cs123 (a,g    ) La127  4.454E-11      Cs123 (a,g    ) La127m 7.350E-11      Cs123m(a,nonel)        1.398E-10
  Cs123m(a,p    ) Xe123  5.405E-12      Cs123m(a,g    ) La127  1.116E-10      Cs123m(a,g    ) La127m 2.267E-11      Cs124 (a,nonel)        1.450E-10
  Cs124 (a,p    ) Ba127  2.019E-12      Cs124 (a,g    ) La128  8.222E-11      Cs124 (a,g    ) La128m 5.995E-11      Cs124m(a,nonel)        1.449E-10
  Cs124m(a,p    ) Ba127m 1.631E-12      Cs124m(a,g    ) La128  1.382E-10      Cs124m(a,g    ) La128m 4.139E-12      Cs125 (a,nonel)        1.503E-10
  Cs125 (a,p    ) Xe125  5.130E-12      Cs125 (a,g    ) La129  1.162E-10      Cs125 (a,g    ) La129m 2.895E-11      Cs126 (a,nonel)        1.558E-10
  Cs126 (a,g    ) Cs127  1.557E-10      Cs127 (a,nonel)        1.615E-10      Cs127 (a,g    ) Cs128  1.611E-10      Cs128 (a,nonel)        1.674E-10
  Cs128 (a,g    ) La132  1.261E-10      Cs128 (a,g    ) La132m 4.119E-11      Cs129 (a,nonel)        1.734E-10      Cs129 (a,g    ) Cs130  1.732E-10
  Cs130 (a,nonel)        1.796E-10      Cs130 (a,g    ) Cs131  1.796E-10      Cs130m(a,nonel)        1.796E-10      Cs130m(a,g    ) Cs131  1.796E-10
  Cs131 (a,nonel)        1.860E-10      Cs131 (a,g    ) Cs132  1.860E-10      Cs132 (a,nonel)        1.926E-10      Cs132 (a,g    ) Cs133  4.749E-11
  Cs133 (a,nonel)        1.842E-10      Cs133 (a,g    ) Cs134  1.842E-10      Cs134 (a,nonel)        2.063E-10      Cs134 (a,n    ) Cs134  1.030E-11
  Cs134 (a,g    ) Cs135  5.244E-12      Cs134m(a,nonel)        2.063E-10      Cs134m(a,n    ) Cs134  2.132E-12      Cs134m(a,g    ) Cs135  1.403E-11
  Cs135 (a,nonel)        2.135E-10      Cs135 (a,g    ) Cs136  7.088E-11      Cs135m(a,nonel)        2.135E-10      Cs135m(a,n    ) Cs135  1.987E-10
  Cs135m(a,g    ) Cs136  1.362E-11      Cs136 (a,nonel)        2.208E-10      Cs136 (a,n    ) Cs136  1.389E-11      Cs136 (a,g    ) Cs137  3.406E-12
  Cs136m(a,nonel)        2.208E-10      Cs136m(a,n    ) Cs136  2.077E-10      Cs136m(a,g    ) Cs137  1.218E-11      Cs137 (a,nonel)        2.284E-10
  Cs137 (a,g    ) Cs138  2.284E-10      Cs138 (a,nonel)        2.363E-10      Cs138 (a,n    ) Cs138  1.426E-11      Cs138 (a,g    ) Cs139  3.084E-12
  Cs138m(a,nonel)        2.363E-10      Cs138m(a,n    ) Cs138  8.878E-12      Cs138m(a,g    ) Cs139  8.975E-12      Cs139 (a,nonel)        2.443E-10
  Cs139 (a,g    ) Cs140  1.932E-11      Cs140 (a,nonel)        2.526E-10      Cs140 (a,n    ) Cs140  2.513E-10      Cs141 (a,nonel)        2.611E-10
  Cs141 (a,n    ) Cs141  2.593E-10      Cs142 (a,nonel)        2.699E-10      Cs142 (a,n    ) Cs142  2.686E-10      Cs143 (a,nonel)        2.789E-10
  Cs143 (a,n    ) La146  1.778E-10      Cs143 (a,n    ) La146m 1.000E-10      Cs144m(a,nonel)        2.882E-10      Cs144m(a,n    ) Cs144  2.864E-10
  Ba116 (a,nonel)        5.768E-11      Ba116 (a,g    ) Ba117  5.673E-11      Ba117 (a,nonel)        5.997E-11      Ba117 (a,g    ) Ba118  5.992E-11
  Ba118 (a,nonel)        6.218E-11      Ba118 (a,g    ) Ba119  6.207E-11      Ba119 (a,nonel)        6.471E-11      Ba119 (a,g    ) Ba120  6.469E-11
  Ba120 (a,nonel)        6.715E-11      Ba120 (a,g    ) Ba121  6.713E-11      Ba121 (a,nonel)        6.973E-11      Ba121 (a,g    ) Ba122  6.971E-11
  Ba122 (a,nonel)        7.235E-11      Ba122 (a,g    ) Ba123  7.234E-11      Ba123 (a,nonel)        7.508E-11      Ba123 (a,g    ) Ce127  1.774E-11
  Ba123 (a,g    ) Ce127m 5.733E-11      Ba124 (a,nonel)        7.785E-11      Ba124 (a,g    ) Ba125  7.784E-11      Ba125 (a,nonel)        8.074E-11
  Ba125 (a,g    ) Ba126  8.074E-11      Ba126 (a,nonel)        8.370E-11      Ba126 (a,g    ) Ba127  8.370E-11      Ba127 (a,nonel)        8.677E-11
  Ba127 (a,g    ) Ce131  5.552E-11      Ba127 (a,g    ) Ce131m 3.126E-11      Ba127m(a,nonel)        8.677E-11      Ba127m(a,g    ) Ce131  7.267E-11
  Ba127m(a,g    ) Ce131m 1.410E-11      Ba128 (a,nonel)        8.990E-11      Ba128 (a,g    ) Ba129  8.990E-11      Ba129 (a,nonel)        9.315E-11
  Ba129 (a,g    ) Ce133  5.293E-11      Ba129 (a,g    ) Ce133m 4.022E-11      Ba129m(a,nonel)        9.315E-11      Ba129m(a,g    ) Ce133  2.983E-11
  Ba129m(a,g    ) Ce133m 6.332E-11      Ba130 (a,nonel)        9.650E-11      Ba130 (a,g    ) Ba131  9.650E-11      Ba131 (a,nonel)        9.994E-11
  Ba131 (a,g    ) Ce135  6.714E-11      Ba131 (a,g    ) Ce135m 3.280E-11      Ba131m(a,nonel)        9.994E-11      Ba131m(a,g    ) Ce135  3.112E-11
  Ba131m(a,g    ) Ce135m 6.882E-11      Ba132 (a,nonel)        1.035E-10      Ba132 (a,g    ) Ba133  1.035E-10      Ba133 (a,nonel)        1.071E-10
  Ba133 (a,g    ) Ce137  4.045E-11      Ba133 (a,g    ) Ce137m 3.995E-11      Ba133m(a,nonel)        1.071E-10      Ba133m(a,g    ) Ce137  1.250E-11
  Ba133m(a,g    ) Ce137m 9.064E-11      Ba134 (a,nonel)        1.109E-10      Ba134 (a,g    ) Ba135  1.109E-10      Ba135 (a,nonel)        1.147E-10
  Ba135 (a,g    ) Ce139  1.616E-11      Ba135 (a,g    ) Ce139m 4.055E-11      Ba135m(a,nonel)        1.147E-10      Ba135m(a,g    ) Ce139  6.301E-12
  Ba135m(a,g    ) Ce139m 8.725E-11      Ba136 (a,nonel)        1.187E-10      Ba136 (a,g    ) Ba137  1.187E-10      Ba137 (a,nonel)        1.227E-10
  Ba137 (a,g    ) Ba138  3.856E-11      Ba137m(a,nonel)        1.227E-10      Ba137m(a,g    ) Ba138  3.393E-11      Ba138 (a,nonel)        1.134E-10
  Ba138 (a,g    ) Ba139  1.134E-10      Ba139 (a,nonel)        1.313E-10      Ba139 (a,g    ) Ba140  6.903E-11      Ba140 (a,nonel)        1.357E-10
  Ba140 (a,g    ) Ba141  1.357E-10      Ba141 (a,nonel)        1.403E-10      Ba141 (a,n    ) Ba141  4.329E-11      Ba141 (a,g    ) Ba142  2.957E-12
  Ba142 (a,nonel)        1.450E-10      Ba142 (a,g    ) Ba143  1.485E-11      Ba143 (a,nonel)        1.499E-10      Ba143 (a,n    ) Ba143  1.485E-10
  Ba144 (a,nonel)        1.549E-10      Ba144 (a,n    ) Ba144  1.526E-10      Ba145 (a,nonel)        1.600E-10      Ba145 (a,n    ) Ba145  1.591E-10
  Ba146 (a,nonel)        1.653E-10      Ba146 (a,n    ) Ba146  1.646E-10      La119 (a,nonel)        3.479E-11      La119 (a,p    ) Ba119  3.414E-11
  La120 (a,nonel)        3.610E-11      La120 (a,p    ) Ba120  3.290E-11      La120 (a,g    ) La121  2.924E-12      La121 (a,nonel)        3.749E-11
  La121 (a,p    ) Ba121  3.358E-11      La121 (a,g    ) La122  3.822E-12      La122 (a,nonel)        3.891E-11      La122 (a,p    ) Ba122  3.231E-11
  La122 (a,g    ) La123  6.533E-12      La123 (a,nonel)        4.036E-11      La123 (a,p    ) Ba123  2.190E-11      La123 (a,g    ) La124  1.841E-11
  La124 (a,nonel)        4.186E-11      La124 (a,g    ) La125  2.878E-11      La124 (a,p    ) Ce127  2.109E-12      La124 (a,p    ) Ce127m 1.095E-11
  La124m(a,nonel)        4.187E-11      La124m(a,g    ) La125  9.874E-12      La124m(a,p    ) Ce127  1.159E-11      La124m(a,p    ) Ce127m 2.031E-11
  La125 (a,nonel)        4.341E-11      La125 (a,p    ) Ba125  2.288E-11      La125 (a,g    ) La126  2.049E-11      La126 (a,nonel)        4.502E-11
  La126 (a,p    ) Ba126  2.051E-12      La126 (a,g    ) La127  4.296E-11      La126m(a,nonel)        4.502E-11      La126m(a,p    ) Ba126  1.032E-11
  La126m(a,g    ) La127  3.468E-11      La127 (a,nonel)        4.666E-11      La127 (a,g    ) Pr131  1.399E-11      La127 (a,g    ) Pr131m 3.172E-11
  La127m(a,nonel)        4.667E-11      La127m(a,p    ) Ba127  4.886E-12      La127m(a,g    ) Pr131  2.961E-11      La127m(a,g    ) Pr131m 1.217E-11
  La128 (a,nonel)        4.835E-11      La128 (a,g    ) La129  4.779E-11      La128m(a,nonel)        4.835E-11      La128m(a,g    ) La129  4.642E-11
  La128m(a,p    ) Ce131  1.257E-12      La129 (a,nonel)        5.010E-11      La129 (a,g    ) Pr133  3.421E-11      La129 (a,g    ) Pr133m 1.555E-11
  La130 (a,nonel)        5.190E-11      La130 (a,g    ) Pr134  3.797E-11      La130 (a,g    ) Pr134m 1.389E-11      La131 (a,nonel)        5.376E-11
  La131 (a,g    ) La132  5.357E-11      La132 (a,nonel)        5.565E-11      La132 (a,g    ) La133  5.562E-11      La132m(a,nonel)        5.565E-11
  La132m(a,g    ) La133  5.564E-11      La133 (a,nonel)        5.761E-11      La133 (a,g    ) La134  5.757E-11      La134 (a,nonel)        5.964E-11
  La134 (a,g    ) Pr138  3.194E-11      La134 (a,g    ) Pr138m 2.769E-11      La135 (a,nonel)        6.172E-11      La135 (a,g    ) La136  6.170E-11
  La136 (a,nonel)        6.385E-11      La136 (a,g    ) La137  6.383E-11      La137 (a,nonel)        6.605E-11      La137 (a,g    ) La138  6.604E-11
  La138 (a,nonel)        6.831E-11      La138 (a,g    ) Pr142  1.208E-12      La138 (a,g    ) Pr142m 2.215E-11      La139 (a,nonel)        1.165E-04
  La139 (a,g    ) La140  1.165E-04      La140 (a,nonel)        7.303E-11      La140 (a,g    ) Pr144  1.251E-11      La140 (a,g    ) Pr144m 6.052E-11
  La141 (a,nonel)        7.550E-11      La141 (a,g    ) La142  7.550E-11      La142 (a,nonel)        7.806E-11      La142 (a,g    ) La143  1.139E-11
  La143 (a,nonel)        8.068E-11      La143 (a,g    ) La144  8.068E-11      La144 (a,nonel)        8.335E-11      La144 (a,n    ) La144  8.238E-11
  La145 (a,nonel)        8.612E-11      La145 (a,g    ) La146  5.797E-12      La146 (a,nonel)        8.898E-11      La146 (a,n    ) La146  8.851E-11
  La146m(a,nonel)        8.898E-11      La146m(a,n    ) La146  8.850E-11      La147 (a,nonel)        9.192E-11      La147 (a,n    ) La147  9.145E-11
  La148 (a,nonel)        9.491E-11      La148 (a,n    ) La148  9.424E-11      La149 (a,nonel)        9.800E-11      La149 (a,n    ) La149  9.728E-11
  Ce121 (a,nonel)        2.017E-11      Ce121 (a,g    ) Ce122  2.000E-11      Ce122 (a,nonel)        2.093E-11      Ce122 (a,g    ) Ce123  2.089E-11
  Ce123 (a,nonel)        2.172E-11      Ce123 (a,g    ) Ce124  2.171E-11      Ce124 (a,nonel)        2.252E-11      Ce124 (a,g    ) Ce125  2.251E-11
  Ce125 (a,nonel)        2.336E-11      Ce125 (a,g    ) Ce126  2.336E-11      Ce126 (a,nonel)        2.423E-11      Ce126 (a,g    ) Ce127  2.422E-11
  Ce127 (a,nonel)        2.512E-11      Ce127 (a,g    ) Ce128  2.511E-11      Ce127m(a,nonel)        2.512E-11      Ce127m(a,g    ) Ce128  2.511E-11
  Ce128 (a,nonel)        2.602E-11      Ce128 (a,g    ) Ce129  2.602E-11      Ce129 (a,nonel)        2.697E-11      Ce129 (a,g    ) Nd133  2.130E-11
  Ce129 (a,g    ) Nd133m 5.670E-12      Ce130 (a,nonel)        2.794E-11      Ce130 (a,g    ) Ce131  2.794E-11      Ce131 (a,nonel)        2.894E-11
  Ce131 (a,g    ) Ce132  2.894E-11      Ce131m(a,nonel)        2.894E-11      Ce131m(a,g    ) Ce132  2.894E-11      Ce132 (a,nonel)        2.996E-11
  Ce132 (a,g    ) Ce133  2.996E-11      Ce133 (a,nonel)        3.102E-11      Ce133 (a,g    ) Nd137  2.253E-11      Ce133 (a,g    ) Nd137m 8.488E-12
  Ce133m(a,nonel)        3.102E-11      Ce133m(a,g    ) Nd137  1.254E-11      Ce133m(a,g    ) Nd137m 1.848E-11      Ce134 (a,nonel)        3.211E-11
  Ce134 (a,g    ) Ce135  3.211E-11      Ce135 (a,nonel)        3.323E-11      Ce135 (a,g    ) Nd139  2.052E-11      Ce135 (a,g    ) Nd139m 1.271E-11
  Ce135m(a,nonel)        3.323E-11      Ce135m(a,g    ) Nd139  4.864E-12      Ce135m(a,g    ) Nd139m 2.837E-11      Ce136 (a,nonel)        3.438E-11
  Ce136 (a,g    ) Ce137  3.438E-11      Ce137 (a,nonel)        3.557E-11      Ce137 (a,g    ) Nd141  1.919E-11      Ce137 (a,g    ) Nd141m 1.638E-11
  Ce137m(a,nonel)        3.557E-11      Ce137m(a,g    ) Nd141  5.819E-12      Ce137m(a,g    ) Nd141m 2.975E-11      Ce138 (a,nonel)        3.679E-11
  Ce138 (a,g    ) Ce139  3.679E-11      Ce139 (a,nonel)        3.805E-11      Ce139 (a,g    ) Ce140  2.649E-11      Ce139m(a,nonel)        3.805E-11
  Ce139m(a,g    ) Ce140  3.193E-11      Ce140 (a,nonel)        3.371E-11      Ce140 (a,g    ) Ce141  3.371E-11      Ce141 (a,nonel)        4.067E-11
  Ce141 (a,g    ) Ce142  4.067E-11      Ce142 (a,nonel)        4.204E-11      Ce142 (a,g    ) Ce143  4.204E-11      Ce143 (a,nonel)        4.346E-11
  Ce143 (a,g    ) Ce144  2.006E-11      Ce144 (a,nonel)        4.490E-11      Ce144 (a,g    ) Ce145  4.490E-11      Ce145 (a,nonel)        4.640E-11
  Ce145 (a,n    ) Ce145  9.668E-12      Ce145 (a,g    ) Ce146  3.657E-12      Ce146 (a,nonel)        4.794E-11      Ce146 (a,g    ) Ce147  4.794E-11
  Ce147 (a,nonel)        4.952E-11      Ce147 (a,n    ) Ce147  4.919E-11      Ce148 (a,nonel)        5.113E-11      Ce148 (a,n    ) Ce148  5.067E-11
  Ce149 (a,nonel)        5.281E-11      Ce149 (a,n    ) Ce149  5.247E-11      Ce150 (a,nonel)        5.453E-11      Ce150 (a,n    ) Ce150  5.421E-11
  Ce151 (a,nonel)        5.629E-11      Ce151 (a,n    ) Ce151  5.592E-11      Ce152 (a,nonel)        5.810E-11      Ce152 (a,n    ) Ce152  5.774E-11
  Pr124 (a,nonel)        1.213E-11      Pr124 (a,p    ) Ce124  1.176E-11      Pr125 (a,nonel)        1.258E-11      Pr125 (a,p    ) Ce125  1.189E-11
  Pr126 (a,nonel)        1.305E-11      Pr126 (a,p    ) Ce126  1.037E-11      Pr126 (a,g    ) Pr127  2.647E-12      Pr127 (a,nonel)        1.353E-11
  Pr127 (a,p    ) Ce127  1.094E-11      Pr127 (a,g    ) Pr128  2.584E-12      Pr128 (a,nonel)        1.402E-11      Pr128 (a,p    ) Ce128  2.376E-12
  Pr128 (a,g    ) Pr129  1.163E-11      Pr129 (a,nonel)        1.452E-11      Pr129 (a,p    ) Ce129  3.922E-12      Pr129 (a,g    ) Pm133  7.899E-12
  Pr129 (a,g    ) Pm133m 2.699E-12      Pr130 (a,nonel)        1.505E-11      Pr130 (a,g    ) Pm134  5.015E-12      Pr130 (a,g    ) Pm134m 9.026E-12
  Pr131 (a,nonel)        1.556E-11      Pr131 (a,p    ) Ce131  6.270E-12      Pr131 (a,g    ) Pm135  3.992E-12      Pr131 (a,g    ) Pm135m 4.664E-12
  Pr131m(a,nonel)        1.476E-11      Pr131m(a,p    ) Ce131  4.631E-12      Pr131m(a,a    ) Pr131  1.162E-12      Pr131m(a,g    ) Pm135m 7.295E-12
  Pr132 (a,nonel)        1.614E-11      Pr132 (a,g    ) Pm136  1.085E-11      Pr132 (a,g    ) Pm136m 5.157E-12      Pr133 (a,nonel)        1.671E-11
  Pr133 (a,g    ) Pr134  1.626E-11      Pr134 (a,nonel)        1.730E-11      Pr134 (a,g    ) Pm138  1.651E-11      Pr134m(a,nonel)        1.730E-11
  Pr134m(a,g    ) Pm138  1.719E-11      Pr135 (a,nonel)        1.791E-11      Pr135 (a,g    ) Pm139  1.143E-11      Pr135 (a,g    ) Pm139m 6.426E-12
  Pr136 (a,nonel)        1.853E-11      Pr136 (a,g    ) Pm140  1.519E-11      Pr136 (a,g    ) Pm140m 3.328E-12      Pr137 (a,nonel)        1.917E-11
  Pr137 (a,g    ) Pr138  1.915E-11      Pr138 (a,nonel)        1.983E-11      Pr138 (a,g    ) Pr139  1.982E-11      Pr138m(a,nonel)        1.983E-11
  Pr138m(a,g    ) Pr139  1.982E-11      Pr139 (a,nonel)        2.051E-11      Pr139 (a,g    ) Pr140  2.049E-11      Pr140 (a,nonel)        2.120E-11
  Pr140 (a,g    ) Pr141  2.120E-11      Pr141 (a,nonel)        1.956E-11      Pr141 (a,g    ) Pr142  1.956E-11      Pr142 (a,nonel)        2.266E-11
  Pr142 (a,g    ) Pr143  2.266E-11      Pr142m(a,nonel)        2.266E-11      Pr142m(a,g    ) Pr143  2.266E-11      Pr143 (a,nonel)        2.343E-11
  Pr143 (a,g    ) Pr144  2.343E-11      Pr144 (a,nonel)        2.421E-11      Pr144 (a,g    ) Pm148  1.914E-11      Pr144 (a,g    ) Pm148m 5.069E-12
  Pr144m(a,nonel)        2.421E-11      Pr144m(a,g    ) Pm148  1.664E-11      Pr144m(a,g    ) Pm148m 7.569E-12      Pr145 (a,nonel)        2.501E-11
  Pr145 (a,g    ) Pr146  2.501E-11      Pr146 (a,nonel)        2.585E-11      Pr146 (a,g    ) Pr147  2.198E-12      Pr147 (a,nonel)        2.670E-11
  Pr147 (a,g    ) Pr148  2.670E-11      Pr148 (a,nonel)        2.758E-11      Pr148 (a,n    ) Pr148  2.676E-11      Pr148m(a,nonel)        2.758E-11
  Pr148m(a,n    ) Pr148  2.688E-11      Pr149 (a,nonel)        2.848E-11      Pr149 (a,n    ) Pm152  2.216E-11      Pr149 (a,n    ) Pm152m 4.586E-12
  Pr149 (a,n    ) Pm152n 1.523E-12      Pr150 (a,nonel)        2.941E-11      Pr150 (a,n    ) Pr150  2.925E-11      Pr151 (a,nonel)        3.036E-11
  Pr151 (a,n    ) Pm154  7.972E-12      Pr151 (a,n    ) Pm154m 2.221E-11      Pr152 (a,nonel)        3.134E-11      Pr152 (a,n    ) Pr152  3.115E-11
  Pr153 (a,nonel)        3.235E-11      Pr153 (a,n    ) Pm156  2.857E-11      Pr153 (a,n    ) Pm156m 3.595E-12      Pr154 (a,nonel)        3.339E-11
  Pr154 (a,n    ) Pr154  3.314E-11      Pr155 (a,nonel)        3.444E-11      Pr155 (a,n    ) Pr155  3.421E-11      Nd126 (a,nonel)        7.026E-12
  Nd126 (a,g    ) Nd127  7.024E-12      Nd127 (a,nonel)        7.287E-12      Nd127 (a,g    ) Nd128  7.286E-12      Nd128 (a,nonel)        7.547E-12
  Nd128 (a,2p   ) Ce127  2.903E-11      Nd128 (a,g    ) Nd129  7.543E-12      Nd129 (a,nonel)        7.825E-12      Nd129 (a,g    ) Sm133  7.400E-12
  Nd130 (a,nonel)        8.106E-12      Nd130 (a,g    ) Nd131  8.102E-12      Nd131 (a,nonel)        8.400E-12      Nd131 (a,g    ) Nd132  8.398E-12
  Nd132 (a,nonel)        8.697E-12      Nd132 (a,g    ) Nd133  8.696E-12      Nd133 (a,nonel)        9.006E-12      Nd133 (a,g    ) Nd134  9.005E-12
  Nd133m(a,nonel)        9.006E-12      Nd133m(a,g    ) Nd134  9.005E-12      Nd134 (a,nonel)        9.324E-12      Nd134 (a,g    ) Nd135  9.323E-12
  Nd135 (a,nonel)        9.652E-12      Nd135 (a,g    ) Sm139  2.679E-12      Nd135 (a,g    ) Sm139m 6.972E-12      Nd136 (a,nonel)        9.986E-12
  Nd136 (a,g    ) Nd137  9.986E-12      Nd137 (a,nonel)        1.033E-11      Nd137 (a,g    ) Sm141  5.716E-12      Nd137 (a,g    ) Sm141m 4.617E-12
  Nd137m(a,nonel)        1.033E-11      Nd137m(a,g    ) Sm141  1.349E-12      Nd137m(a,g    ) Sm141m 8.982E-12      Nd138 (a,nonel)        1.069E-11
  Nd138 (a,g    ) Nd139  1.069E-11      Nd139 (a,nonel)        1.106E-11      Nd139 (a,g    ) Sm143  6.532E-12      Nd139 (a,g    ) Sm143m 4.526E-12
  Nd139m(a,nonel)        1.106E-11      Nd139m(a,g    ) Sm143  1.976E-12      Nd139m(a,g    ) Sm143m 9.081E-12      Nd140 (a,nonel)        1.143E-11
  Nd140 (a,g    ) Nd141  1.143E-11      Nd141 (a,nonel)        1.182E-11      Nd141 (a,g    ) Nd142  1.182E-11      Nd141m(a,nonel)        1.182E-11
  Nd141m(a,g    ) Nd142  1.182E-11      Nd142 (a,nonel)        1.163E-11      Nd142 (a,g    ) Nd143  1.163E-11      Nd143 (a,nonel)        1.263E-11
  Nd143 (a,g    ) Nd144  1.263E-11      Nd144 (a,nonel)        1.228E-11      Nd144 (a,g    ) Nd145  1.228E-11      Nd145 (a,nonel)        1.349E-11
  Nd145 (a,g    ) Nd146  1.349E-11      Nd146 (a,nonel)        1.394E-11      Nd146 (a,g    ) Nd147  1.394E-11      Nd147 (a,nonel)        1.441E-11
  Nd147 (a,g    ) Nd148  1.278E-11      Nd148 (a,nonel)        1.488E-11      Nd148 (a,g    ) Nd149  1.488E-11      Nd149 (a,nonel)        1.537E-11
  Nd149 (a,n    ) Nd149  1.912E-12      Nd150 (a,nonel)        1.587E-11      Nd150 (a,g    ) Nd151  8.503E-12      Nd151 (a,nonel)        1.638E-11
  Nd151 (a,n    ) Nd151  1.626E-11      Nd152 (a,nonel)        1.691E-11      Nd153 (a,nonel)        1.746E-11      Nd153 (a,n    ) Nd153  1.736E-11
  Nd154 (a,nonel)        1.802E-11      Nd154 (a,n    ) Nd154  1.796E-11      Nd155 (a,nonel)        1.859E-11      Nd155 (a,n    ) Nd155  1.848E-11
  Nd156 (a,nonel)        1.918E-11      Nd156 (a,n    ) Nd156  1.902E-11      Nd157 (a,nonel)        1.979E-11      Nd157 (a,n    ) Nd157  1.967E-11
  Pm127 (a,nonel)        3.926E-12      Pm127 (a,p    ) Nd127  3.881E-12      Pm128 (a,nonel)        4.069E-12      Pm128 (a,p    ) Nd128  3.973E-12
  Pm129 (a,nonel)        4.217E-12      Pm129 (a,p    ) Nd129  3.966E-12      Pm130 (a,nonel)        4.370E-12      Pm130 (a,g    ) Pm131  1.948E-12
  Pm130 (a,p    ) Sm133  2.381E-12      Pm131 (a,nonel)        4.521E-12      Pm131 (a,p    ) Nd131  1.136E-12      Pm131 (a,g    ) Pm132  3.368E-12
  Pm132 (a,nonel)        4.688E-12      Pm132 (a,g    ) Eu136  3.553E-12      Pm133 (a,nonel)        4.855E-12      Pm133 (a,p    ) Nd133  3.181E-12
  Pm133 (a,g    ) Pm134  1.672E-12      Pm133m(a,nonel)        4.854E-12      Pm133m(a,p    ) Nd133  1.236E-12      Pm133m(a,g    ) Pm134  3.616E-12
  Pm134 (a,nonel)        5.027E-12      Pm134 (a,g    ) Pm135  4.642E-12      Pm134m(a,nonel)        5.027E-12      Pm134m(a,g    ) Pm135  4.530E-12
  Pm135 (a,nonel)        5.204E-12      Pm135 (a,g    ) Pm136  4.749E-12      Pm135m(a,nonel)        5.203E-12      Pm135m(a,g    ) Pm136  4.954E-12
  Pm136 (a,nonel)        5.385E-12      Pm136 (a,g    ) Pm137  5.353E-12      Pm136m(a,nonel)        5.385E-12      Pm136m(a,g    ) Pm137  5.181E-12
  Pm137 (a,nonel)        5.572E-12      Pm137 (a,g    ) Eu141  2.153E-12      Pm137 (a,g    ) Eu141m 3.302E-12      Pm138 (a,nonel)        5.765E-12
  Pm138 (a,g    ) Eu142  4.876E-12      Pm138m(a,nonel)        5.765E-12      Pm138m(a,g    ) Eu142  4.975E-12      Pm139 (a,nonel)        5.964E-12
  Pm139 (a,g    ) Pm140  5.901E-12      Pm140 (a,nonel)        6.166E-12      Pm140 (a,g    ) Pm141  6.147E-12      Pm140m(a,nonel)        6.165E-12
  Pm140m(a,g    ) Pm141  6.161E-12      Pm141 (a,nonel)        6.376E-12      Pm141 (a,g    ) Pm142  6.345E-12      Pm142 (a,nonel)        6.593E-12
  Pm142 (a,g    ) Pm143  6.593E-12      Pm143 (a,nonel)        6.815E-12      Pm143 (a,g    ) Pm144  6.814E-12      Pm144 (a,nonel)        7.043E-12
  Pm144 (a,g    ) Pm145  7.042E-12      Pm145 (a,nonel)        7.279E-12      Pm145 (a,g    ) Pm146  7.279E-12      Pm146 (a,nonel)        7.523E-12
  Pm146 (a,g    ) Eu150  4.484E-12      Pm146 (a,g    ) Eu150m 3.039E-12      Pm147 (a,nonel)        7.773E-12      Pm147 (a,g    ) Pm148  7.773E-12
  Pm148 (a,nonel)        8.028E-12      Pm148 (a,g    ) Eu152  5.579E-12      Pm148 (a,g    ) Eu152m 1.979E-12      Pm148m(a,nonel)        8.028E-12
  Pm148m(a,g    ) Eu152  5.862E-12      Pm148m(a,g    ) Eu152n 1.693E-12      Pm149 (a,nonel)        8.293E-12      Pm149 (a,g    ) Pm150  8.293E-12
  Pm150 (a,nonel)        8.565E-12      Pm151 (a,nonel)        8.843E-12      Pm151 (a,g    ) Pm152  8.843E-12      Pm152 (a,nonel)        9.130E-12
  Pm152 (a,n    ) Pm152  9.049E-12      Pm152m(a,nonel)        9.130E-12      Pm152m(a,n    ) Pm152  9.046E-12      Pm152n(a,nonel)        9.130E-12
  Pm152n(a,n    ) Pm152  8.983E-12      Pm153 (a,nonel)        9.425E-12      Pm154 (a,nonel)        9.729E-12      Pm154 (a,n    ) Pm154  9.688E-12
  Pm154m(a,nonel)        9.729E-12      Pm154m(a,n    ) Pm154  9.690E-12      Pm155 (a,nonel)        1.004E-11      Pm155 (a,n    ) Pm155  9.960E-12
  Pm156 (a,nonel)        1.036E-11      Pm156 (a,n    ) Pm156  1.030E-11      Pm157 (a,nonel)        1.069E-11      Pm157 (a,n    ) Pm157  1.063E-11
  Pm158 (a,nonel)        1.102E-11      Pm158 (a,n    ) Pm158  1.100E-11      Pm159 (a,nonel)        1.137E-11      Pm159 (a,n    ) Pm159  1.130E-11
  Pm160 (a,nonel)        1.172E-11      Pm160 (a,n    ) Pm160  1.170E-11      Sm130 (a,nonel)        2.355E-12      Sm130 (a,g    ) Sm131  2.341E-12
  Sm131 (a,nonel)        2.440E-12      Sm131 (a,g    ) Sm132  2.437E-12      Sm132 (a,nonel)        2.526E-12      Sm132 (a,g    ) Sm133  2.525E-12
  Sm133 (a,nonel)        2.616E-12      Sm133 (a,g    ) Sm134  2.615E-12      Sm134 (a,nonel)        2.709E-12      Sm134 (a,g    ) Sm135  2.707E-12
  Sm135 (a,nonel)        2.805E-12      Sm135 (a,g    ) Gd139  2.114E-12      Sm136 (a,nonel)        2.903E-12      Sm136 (a,g    ) Sm137  2.902E-12
  Sm137 (a,nonel)        3.004E-12      Sm137 (a,g    ) Gd141m 2.103E-12      Sm138 (a,nonel)        3.108E-12      Sm138 (a,g    ) Sm139  3.108E-12
  Sm139 (a,nonel)        3.216E-12      Sm139 (a,g    ) Gd143  1.888E-12      Sm139 (a,g    ) Gd143m 1.328E-12      Sm139m(a,nonel)        3.216E-12
  Sm139m(a,g    ) Gd143m 2.669E-12      Sm140 (a,nonel)        3.325E-12      Sm140 (a,g    ) Sm141  3.325E-12      Sm141 (a,nonel)        3.439E-12
  Sm141 (a,g    ) Gd145  2.282E-12      Sm141 (a,g    ) Gd145m 1.157E-12      Sm141m(a,nonel)        3.439E-12      Sm141m(a,g    ) Gd145  1.140E-12
  Sm141m(a,g    ) Gd145m 2.299E-12      Sm142 (a,nonel)        3.556E-12      Sm142 (a,g    ) Sm143  3.556E-12      Sm143 (a,nonel)        3.677E-12
  Sm143 (a,g    ) Sm144  3.677E-12      Sm143m(a,nonel)        3.677E-12      Sm143m(a,g    ) Sm144  3.677E-12      Sm144 (a,nonel)        3.797E-12
  Sm144 (a,g    ) Sm145  3.782E-12      Sm145 (a,nonel)        3.926E-12      Sm145 (a,g    ) Sm146  3.926E-12      Sm146 (a,nonel)        4.059E-12
  Sm146 (a,g    ) Sm147  4.043E-12      Sm147 (a,nonel)        4.194E-12      Sm147 (a,g    ) Sm148  4.194E-12      Sm148 (a,nonel)        4.227E-12
  Sm148 (a,g    ) Sm149  4.227E-12      Sm149 (a,nonel)        4.476E-12      Sm149 (a,g    ) Sm150  4.475E-12      Sm150 (a,nonel)        4.623E-12
  Sm150 (a,g    ) Sm151  4.623E-12      Sm151 (a,nonel)        4.773E-12      Sm151 (a,g    ) Sm152  2.653E-12      Sm152 (a,nonel)        4.929E-12
  Sm152 (a,g    ) Sm153  4.929E-12      Sm153 (a,nonel)        5.089E-12      Sm153 (a,n    ) Sm153  4.786E-12      Sm154 (a,nonel)        5.253E-12
  Sm154 (a,g    ) Sm155  5.253E-12      Sm155 (a,nonel)        5.420E-12      Sm156 (a,nonel)        5.594E-12      Sm157 (a,nonel)        5.771E-12
  Sm157 (a,n    ) Sm157  5.730E-12      Sm158 (a,nonel)        5.954E-12      Sm158 (a,n    ) Sm158  2.766E-12      Sm159 (a,nonel)        6.140E-12
  Sm159 (a,n    ) Sm159  6.081E-12      Sm160 (a,nonel)        6.332E-12      Sm160 (a,n    ) Sm160  6.304E-12      Sm161 (a,nonel)        6.529E-12
  Sm161 (a,n    ) Sm161  6.490E-12      Sm162 (a,nonel)        6.731E-12      Sm162 (a,n    ) Sm162  6.712E-12      Sm163 (a,nonel)        6.936E-12
  Sm163 (a,n    ) Sm163  6.918E-12      Eu135 (a,nonel)        1.512E-12      Eu136 (a,nonel)        1.564E-12      Eu136 (a,g    ) Eu137  1.288E-12
  Eu136m(a,nonel)        1.565E-12      Eu137 (a,nonel)        1.618E-12      Eu137 (a,g    ) Tb141  1.411E-12      Eu138 (a,nonel)        1.676E-12
  Eu138 (a,g    ) Tb142m 1.411E-12      Eu139 (a,nonel)        1.734E-12      Eu139 (a,g    ) Tb143  1.493E-12      Eu140 (a,nonel)        1.793E-12
  Eu140 (a,g    ) Tb144  1.138E-12      Eu141 (a,nonel)        1.855E-12      Eu141 (a,g    ) Eu142  1.789E-12      Eu141m(a,nonel)        1.854E-12
  Eu141m(a,g    ) Eu142  1.839E-12      Eu142 (a,nonel)        1.918E-12      Eu142 (a,g    ) Tb146  1.068E-12      Eu142m(a,nonel)        1.918E-12
  Eu142m(a,g    ) Tb146m 1.086E-12      Eu143 (a,nonel)        1.983E-12      Eu143 (a,g    ) Tb147m 1.010E-12      Eu144 (a,nonel)        2.050E-12
  Eu144 (a,g    ) Tb148  1.794E-12      Eu145 (a,nonel)        2.117E-12      Eu145 (a,g    ) Tb149m 1.116E-12      Eu146 (a,nonel)        2.183E-12
  Eu147 (a,nonel)        2.263E-12      Eu147 (a,g    ) Tb151  1.058E-12      Eu147 (a,g    ) Tb151m 1.205E-12      Eu148 (a,nonel)        2.338E-12
  Eu148 (a,g    ) Tb152  1.464E-12      Eu149 (a,nonel)        2.415E-12      Eu149 (a,g    ) Eu150  2.415E-12      Eu150 (a,nonel)        2.495E-12
  Eu150 (a,g    ) Tb154  1.010E-12      Eu150m(a,nonel)        2.495E-12      Eu150m(a,g    ) Tb154m 1.267E-12      Eu151 (a,nonel)        2.576E-12
  Eu151 (a,g    ) Eu152  2.576E-12      Eu152 (a,nonel)        2.661E-12      Eu152 (a,g    ) Tb156  2.097E-12      Eu152m(a,nonel)        2.661E-12
  Eu152m(a,g    ) Tb156  2.178E-12      Eu152n(a,nonel)        2.660E-12      Eu152n(a,g    ) Tb156  1.274E-12      Eu152n(a,g    ) Tb156n 1.330E-12
  Eu153 (a,nonel)        2.747E-12      Eu153 (a,g    ) Eu154  2.747E-12      Eu154 (a,nonel)        2.836E-12      Eu154 (a,g    ) Tb158  1.561E-12
  Eu154m(a,nonel)        2.836E-12      Eu154m(a,g    ) Tb158  2.528E-12      Eu155 (a,nonel)        2.927E-12      Eu155 (a,g    ) Eu156  2.927E-12
  Eu156 (a,nonel)        3.021E-12      Eu157 (a,nonel)        3.117E-12      Eu157 (a,g    ) Eu158  3.117E-12      Eu158 (a,nonel)        3.216E-12
  Eu158 (a,n    ) Eu158  1.061E-11      Eu159 (a,nonel)        3.316E-12      Eu160 (a,nonel)        3.420E-12      Eu160 (a,n    ) Eu160  3.406E-12
  Eu161 (a,nonel)        3.527E-12      Eu161 (a,n    ) Eu161  3.501E-12      Eu162 (a,nonel)        3.637E-12      Eu162 (a,n    ) Eu162  3.624E-12
  Eu163 (a,nonel)        3.748E-12      Eu163 (a,n    ) Eu163  3.722E-12      Eu164 (a,nonel)        3.862E-12      Eu164 (a,n    ) Eu164  3.851E-12
  Eu165 (a,nonel)        3.980E-12      Eu165 (a,n    ) Eu165  3.956E-12      Eu166 (a,nonel)        4.101E-12      Eu166 (a,n    ) Eu166  4.088E-12
  Gd142 (a,nonel)        1.034E-12      Gd142 (a,g    ) Dy146  1.018E-12      Gd143 (a,nonel)        1.069E-12      Gd143m(a,nonel)        1.069E-12
  Gd144 (a,nonel)        1.105E-12      Gd144 (a,g    ) Gd145  1.105E-12      Gd145 (a,nonel)        1.142E-12      Gd145 (a,g    ) Dy149  1.141E-12
  Gd145m(a,nonel)        1.142E-12      Gd145m(a,g    ) Dy149  1.125E-12      Gd146 (a,nonel)        1.151E-12      Gd146 (a,g    ) Gd147  1.138E-12
  Gd147 (a,nonel)        1.219E-12      Gd147 (a,g    ) Gd148  1.190E-12      Gd148 (a,nonel)        1.260E-12      Gd148 (a,g    ) Gd149  1.230E-12
  Gd149 (a,nonel)        1.302E-12      Gd149 (a,g    ) Gd150  1.302E-12      Gd150 (a,nonel)        1.346E-12      Gd150 (a,g    ) Gd151  1.346E-12
  Gd151 (a,nonel)        1.390E-12      Gd151 (a,g    ) Gd152  1.390E-12      Gd152 (a,nonel)        1.435E-12      Gd152 (a,g    ) Gd153  1.435E-12
  Gd153 (a,nonel)        1.482E-12      Gd153 (a,g    ) Gd154  1.482E-12      Gd154 (a,nonel)        1.530E-12      Gd154 (a,g    ) Gd155  1.530E-12
  Gd155 (a,nonel)        1.579E-12      Gd155 (a,g    ) Gd156  1.579E-12      Gd156 (a,nonel)        1.630E-12      Gd156 (a,g    ) Gd157  1.630E-12
  Gd157 (a,nonel)        1.682E-12      Gd157 (a,g    ) Gd158  1.531E-12      Gd158 (a,nonel)        1.736E-12      Gd158 (a,g    ) Gd159  1.736E-12
  Gd159 (a,nonel)        1.790E-12      Gd160 (a,nonel)        1.847E-12      Gd160 (a,g    ) Gd161  1.847E-12      Gd161 (a,nonel)        1.905E-12
  Gd162 (a,nonel)        1.964E-12      Gd163 (a,nonel)        2.024E-12      Gd163 (a,n    ) Gd163  2.011E-12      Gd164 (a,nonel)        2.086E-12
  Gd164 (a,n    ) Gd164  6.396E-12      Gd165 (a,nonel)        2.150E-12      Gd165 (a,n    ) Gd165  2.137E-12      Gd166 (a,nonel)        2.215E-12
  Gd166 (a,n    ) Gd166  2.205E-12      Gd167 (a,nonel)        2.282E-12      Gd167 (a,n    ) Gd167  2.267E-12      Gd169 (a,nonel)        2.420E-12
  Gd169 (a,n    ) Gd169  2.412E-12      Tb161 (a,nonel)        1.028E-12      Tb161 (a,g    ) Tb162  1.028E-12      Tb162 (a,nonel)        1.060E-12
  Tb163 (a,nonel)        1.093E-12      Tb163 (a,g    ) Tb164  1.093E-12      Tb164 (a,nonel)        1.126E-12      Tb164 (a,n    ) Tb164  3.516E-12
  Tb165 (a,nonel)        1.161E-12      Tb166 (a,nonel)        1.196E-12      Tb166 (a,n    ) Tb166  1.192E-12      Tb167 (a,nonel)        1.232E-12
  Tb168 (a,nonel)        1.269E-12      Tb168 (a,n    ) Tb168  1.264E-12      Tb169 (a,nonel)        1.307E-12      Tb169 (a,n    ) Tb169  1.300E-12
  Tb170 (a,nonel)        1.346E-12      Tb170 (a,n    ) Tb170  1.341E-12      Ho170 (a,n    ) Ho170  1.032E-12      Ho170m(a,n    ) Ho170  1.292E-12
  Tm154 (a,n2a  ) Ho149  2.713E-11      Tm154 (a,n2a  ) Ho149m 1.083E-12      Tm154m(a,n2a  ) Ho149  1.157E-09      Tm154m(a,n2a  ) Ho149m 4.678E-11
  Yb153 (a,pa   ) Tm152  2.125E-12      Lu158 (a,n2a  ) Tm153  1.364E-10      Lu158 (a,n2a  ) Tm153m 6.189E-12      Hf159 (a,pa   ) Tm155  2.721E-12
  Hf163 (a,n2a  ) Er155  1.769E-12      Ta159 (a,n2a  ) Lu154  1.392E-08      Ta159 (a,n2a  ) Lu154m 3.809E-09      Ta161 (a,n2a  ) Tm153  1.423E-09
  Ta161m(a,n2a  ) Tm153  5.174E-09      Ta162 (a,n2a  ) Lu157m 3.770E-12      Ta163 (a,n2a  ) Tm155  4.153E-09      W 162 (a,n2a  ) Yb154  2.747E-07
  W 163 (a,pa   ) Lu159  3.554E-12      W 167 (a,n2a  ) Yb159  3.741E-12      W 169 (a,n2a  ) Yb161  4.884E-12      Re165 (a,n2a  ) Ta160  5.212E-07
  Re165 (a,n2a  ) Ta160m 2.945E-09      Re167 (a,n3a  ) Tm155  4.525E-08      Re167 (a,n2a  ) Lu159  9.177E-08      Re167m(a,n3a  ) Tm155  7.899E-08
  Re167m(a,n2a  ) Lu159  2.135E-07      Re168 (a,n2a  ) Lu160  1.154E-11      Re169 (a,n2a  ) Lu161  7.254E-11      Os170 (a,n2a  ) Hf162  5.533E-09
  Os175 (a,n2a  ) Hf167  2.382E-12      Ir171 (a,n2a  ) Ta163  8.837E-07      Ir172m(a,pa   ) W 168  1.213E-12      Ir172m(a,n2a  ) Re167  8.638E-12
  Ir172m(a,n2a  ) Re167m 2.546E-12      Ir173m(a,n2a  ) Ta165  1.194E-09      Ir174 (a,n2a  ) Re169  9.672E-12      Ir174m(a,n2a  ) Re169  5.360E-11
  Ir174m(a,n2a  ) Re169m 1.610E-12      Ir175 (a,n2a  ) Ta167  9.670E-10      Ir177 (a,n2a  ) Re172  2.374E-12      Ir200 (a,na   ) Re196  6.424E-12
  Pt176 (a,n2a  ) W 168  1.019E-08      Au176 (a,n2a  ) Ir171  3.116E-07      Au176 (a,n2a  ) Ir171m 1.990E-07      Au177 (a,n2a  ) Ir172  3.095E-07
  Au177 (a,n2a  ) Ir172m 2.407E-08      Au177m(a,n2a  ) Ir172  3.306E-07      Au177m(a,n2a  ) Ir172m 3.677E-08      Au179 (a,n2a  ) Ir174  4.348E-08
  Au179 (a,n2a  ) Ir174m 1.469E-08      Au181 (a,n2a  ) Re173  1.772E-06      Au183 (a,n2a  ) Re175  3.614E-10      Au184 (a,n2a  ) Re176  1.029E-10
  Au184m(a,n2a  ) Re176  1.024E-10      Hg181 (a,pa   ) Ir177  2.071E-12      Hg187 (a,n2a  ) Os179  3.945E-12      Hg187m(a,n2a  ) Os179  1.495E-11
  Tl180 (a,n2a  ) Ir172  7.741E-09      Tl181 (a,n2a  ) Au176  7.394E-06      Tl181 (a,n2a  ) Au176m 7.041E-07      Tl182 (a,n2a  ) Au177  2.793E-09
  Tl182 (a,n2a  ) Au177m 1.967E-09      Tl183 (a,n2a  ) Ir175  4.049E-07      Tl185 (a,n2a  ) Ir177  3.132E-07      Tl185m(a,n2a  ) Ir177  1.169E-06
  Tl187m(a,n2a  ) Ir179  2.116E-09      Tl189 (a,n2a  ) Au184  1.602E-11      Tl189 (a,n2a  ) Au184m 5.419E-12      Tl210 (a,na   ) Au206  7.637E-10
  Tl211 (a,na   ) Au207  6.552E-10      Tl212 (a,n2a  ) Ir204  1.465E-12      Tl212 (a,na   ) Au208  1.595E-10      Pb185 (a,n2a  ) Pt177  2.085E-10
  Pb186 (a,n2a  ) Pt178  5.482E-11      Pb190 (a,n2a  ) Hg185  2.213E-09      Pb190 (a,n2a  ) Hg185m 1.429E-09      Pb209 (a,na   ) Hg205  1.648E-10
  Pb210 (a,na   ) Hg206  2.137E-11      Bi191 (a,n2a  ) Tl186  4.991E-09      Bi191 (a,n2a  ) Tl186m 4.716E-10      Bi192 (a,n2a  ) Tl187  1.093E-10
  Bi192 (a,n2a  ) Tl187m 2.439E-10      Bi193m(a,n2a  ) Tl188  1.503E-10      Bi193m(a,n2a  ) Tl188m 1.026E-10      Bi195 (a,n2a  ) Au187  5.737E-08
  Bi210 (a,na   ) Tl206  4.389E-10      Bi210m(a,na   ) Tl206  3.414E-10      Bi211 (a,na   ) Bi210  7.110E-07      Bi211 (a,na   ) Bi210m 2.723E-07
  Bi212 (a,na   ) Tl208  2.640E-12      Bi212m(a,na   ) Tl208  3.643E-12      Bi213 (a,na   ) Bi212  2.791E-07      Bi213 (a,na   ) Bi212m 2.810E-08
  Bi214 (a,2n2a ) Au205  4.660E-10      Bi215 (a,na   ) Tl211  1.029E-07      Bi216 (a,2n2a ) Au207  8.272E-10      Bi216 (a,na   ) Bi215  8.755E-10
  Bi217 (a,na   ) Bi216  3.617E-09      Bi217 (a,na   ) Bi216m 2.989E-09      Bi218 (a,na   ) Tl214  1.980E-11      Po203m(a,n2a  ) Hg195  3.419E-09
  Po205 (a,n2a  ) Hg197  1.188E-11      Po211m(a,na   ) Pb207  3.170E-11      Po212m(a,na   ) Po211  9.684E-11      Po212m(a,na   ) Po211m 9.033E-12
  Po219 (a,2n2a ) Hg210  3.308E-08      At197m(a,n2a  ) Bi192  5.112E-08      At197m(a,n2a  ) Bi192m 6.410E-09      At198 (a,n2a  ) Bi193  2.807E-10
  At198 (a,n2a  ) Bi193m 7.493E-12      At200 (a,n2a  ) Bi195  2.810E-11      At200m(a,n2a  ) Bi195  2.386E-10      At200m(a,n2a  ) Bi195m 2.820E-12
  At200n(a,n2a  ) Bi195  4.944E-10      At200n(a,n2a  ) Bi195m 4.430E-12      At201 (a,n2a  ) Bi196  5.237E-10      At201 (a,n2a  ) Bi196m 1.850E-10
  At201 (a,n2a  ) Bi196n 1.435E-10      At204 (a,n2a  ) Bi199  7.175E-11      At204 (a,n2a  ) Bi199m 1.170E-12      At218 (a,na   ) Bi214  5.946E-11
  At219 (a,2n2a ) Tl210  2.712E-10      At220 (a,2n2a ) Tl211  2.303E-07      Rn200 (a,n2a  ) Po195  5.887E-10      Rn200 (a,n2a  ) Po195m 6.041E-10
  Rn202 (a,n2a  ) Po197  2.902E-08      Rn202 (a,n2a  ) Po197m 2.305E-08      Rn208 (a,n2a  ) Po203  8.646E-10      Rn208 (a,n2a  ) Po203m 1.297E-10
  Rn210 (a,n2a  ) Pb202  2.227E-10      Rn219 (a,t2a  ) Bi212  4.337E-12      Rn221 (a,2n2a ) Pb212  2.507E-12      Rn221 (a,na   ) Po217  1.977E-11
  Fr204 (a,n2a  ) Bi196  1.195E-07      Fr204m(a,n2a  ) Bi196  1.053E-07      Fr205 (a,n2a  ) At200  3.151E-08      Fr205 (a,n2a  ) At200m 1.132E-08
  Fr205 (a,n2a  ) At200n 1.930E-09      Fr206 (a,n2a  ) Bi198  1.016E-06      Fr206m(a,n2a  ) Bi198  1.450E-08      Fr207 (a,n2a  ) At202  2.578E-08
  Fr207 (a,n2a  ) At202m 2.314E-08      Fr208 (a,n2a  ) Bi200  1.083E-11      Fr209 (a,n2a  ) At204  5.798E-08      Fr209 (a,n2a  ) At204m 5.551E-10
  Fr220 (a,na   ) At216  2.450E-09      Fr221 (a,2n2a ) Bi212  3.684E-08      Fr222 (a,2n2a ) Bi213  4.820E-07      Fr222 (a,na   ) At218  2.641E-10
  Ra207 (a,n2a  ) Po199  1.521E-10      Ra208 (a,n2a  ) Rn203  9.867E-09      Ra208 (a,n2a  ) Rn203m 6.846E-09      Ra209 (a,n2a  ) Po201  1.622E-11
  Ra210 (a,n2a  ) Po202  2.938E-06      Ra212 (a,n2a  ) Po204  4.886E-08      Ra214 (a,n2a  ) Po206  4.541E-09      Ra224 (a,2n2a ) Po215  2.589E-09
  Ra224 (a,n2a  ) Po216  8.985E-11      Ra225 (a,2n2a ) Po216  1.197E-09      Ac222 (a,na   ) Fr218  1.636E-10      Ac222m(a,na   ) Fr218  3.269E-09
  Ac225 (a,2n2a ) At216  4.234E-12      Ac225 (a,n2a  ) At217  1.760E-09      Ac226 (a,2n2a ) At217  1.257E-11      Th225 (a,2n2a ) Rn216  4.433E-07
  Th227 (a,na   ) Ra223  1.601E-12      Th228 (a,n2a  ) Rn220  1.241E-08      Pa227 (a,n2a  ) Ac222  1.113E-07      Pa227 (a,n2a  ) Ac222m 1.722E-08
  Pa229 (a,n2a  ) Fr221  3.420E-11      U 227 (a,t2a  ) Fr217  5.185E-12      U 228 (a,n2a  ) Ra220  2.234E-09      U 232 (a,n2a  ) Ra224  1.906E-12
  Np228 (a,t2a  ) Ra218  5.660E-12      Np229 (a,n2a  ) Ac221  1.934E-08      Np231 (a,n2a  ) Ac223  1.698E-09      Np236 (a,na   ) Pa232  5.485E-11
  Np236m(a,na   ) Pa232  5.370E-11      Pu228 (a,n2a  ) Th220  1.530E-10      Pu230 (a,n2a  ) Th222  2.511E-11      Pu241 (a,na   ) U 237  1.974E-11
  Am231 (a,n2a  ) Pa223  4.399E-11      Am233 (a,n2a  ) Pa225  7.484E-08      Am235 (a,n2a  ) Pa227  1.695E-08      Am236 (a,n2a  ) Pa228  3.840E-09
  Am239 (a,n2a  ) Pa231  1.024E-10      Am240 (a,n2a  ) Pa232  5.663E-12      Cm234 (a,n2a  ) U 226  5.566E-10      Cm242 (a,n2a  ) Pu237  2.293E-12
  Cm247 (a,na   ) Pu243  5.297E-12      Cm249 (a,na   ) Pu245  1.141E-09      Bk235 (a,n2a  ) Np227  1.038E-08      Bk237 (a,n2a  ) Np229  2.307E-07
  Bk239 (a,n2a  ) Np231  6.191E-08      Bk243 (a,n2a  ) Np235  2.555E-07      Bk245 (a,n2a  ) Np237  2.976E-09      Bk246 (a,na   ) Am242  4.155E-11
  Bk250 (a,na   ) Am246  6.461E-10      Bk251 (a,na   ) Am247  1.559E-10      Bk252 (a,na   ) Am248  5.393E-11      Cf240 (a,n2a  ) Pu232  2.864E-08
  Cf242 (a,t2a  ) Np232  1.159E-12      Cf242 (a,n2a  ) Pu234  8.780E-10      Cf244 (a,n2a  ) Pu236  3.090E-08      Cf249 (a,2n2a ) Pu240  7.714E-11
  Cf250 (a,2n2a ) Pu241  6.412E-12      Cf253 (a,na   ) Cm249  2.422E-12      Cf254 (a,na   ) Cm250  7.199E-12      Cf255 (a,na   ) Cm251  2.121E-11
  Es241 (a,n2a  ) Am233  1.699E-09      Es249 (a,n2a  ) Am241  2.051E-07      Es250 (a,2n2a ) Am241  2.085E-08      Es250m(a,2n2a ) Am241  1.380E-06
  Es251 (a,2n2a ) Am242  5.280E-11      Es252 (a,na   ) Bk248  1.245E-09      Es254 (a,2n2a ) Bk248  2.013E-08      Es254 (a,2n2a ) Bk248m 5.689E-10
  Es254 (a,na   ) Bk250  4.505E-11      Es254m(a,2n2a ) Bk248  2.936E-08      Es254m(a,2n2a ) Bk248m 8.328E-10      Es254m(a,na   ) Bk250  8.340E-10
  Es255 (a,na   ) Es254  1.328E-10      Es255 (a,na   ) Es254m 9.333E-12      Es256 (a,na   ) Bk252  1.241E-10      Es256m(a,na   ) Bk252  4.223E-10
  Es257 (a,na   ) Es256  1.595E-09      Fm248 (a,t2a  ) Am238  1.257E-12      Fm253 (a,2n2a ) Cm244  1.237E-07      Fm253 (a,na   ) Cf249  2.894E-08
  Fm254 (a,2n2a ) Cm245  2.654E-09      Fm255 (a,na   ) Cf251  8.969E-09      Fm257 (a,2n2a ) Cm248  1.013E-09      Fm257 (a,na   ) Cf253  1.033E-11
  Fm259 (a,na   ) Cf255  2.806E-11      Md252 (a,2n2a ) Bk243  7.934E-08      Md254 (a,na   ) Es250  2.421E-08      Md254m(a,2n2a ) Bk245  2.768E-12
  Md255 (a,2n2a ) Bk246  3.170E-12      Md256 (a,na   ) Es252  1.856E-08      Md258 (a,na   ) Es254  8.796E-10      Md258m(a,na   ) Es254  3.419E-09
  Md260 (a,2n2a ) Es254  1.205E-08      Md260 (a,2n2a ) Es254m 5.726E-09      Md260 (a,na   ) Es256  1.387E-09      Md261 (a,na   ) Es257  3.748E-11
  No255 (a,na   ) Fm251  5.839E-09      No257 (a,na   ) Fm253  3.051E-09      No259 (a,t2a  ) Bk249  1.199E-12      No259 (a,2n2a ) Cf250  5.795E-07
  No259 (a,na   ) Fm255  1.348E-10      No261 (a,na   ) Fm257  1.278E-10      Lr258 (a,2n2a ) Es249  3.560E-12      Lr258 (a,na   ) Md254  1.596E-08
  Lr260 (a,na   ) Md256  5.726E-09      Lr262 (a,2n2a ) Es253  1.454E-06      Lr262 (a,na   ) Md258  1.219E-09      Rf257 (a,t2a  ) Es247  1.535E-12
  Rf261 (a,na   ) No257  2.538E-09      Rf261m(a,na   ) No257  5.163E-09      Rf263 (a,na   ) No259  9.991E-11      Rf264 (a,2n2a ) Fm255  1.324E-10
  Rf265 (a,2n2a ) Fm256  2.242E-08      Rf265 (a,t2a  ) Md258  1.998E-12      Db264 (a,na   ) Lr260  4.944E-09      Sg269 (a,na   ) Rf265  7.585E-11

1                                                  B R E M S S T R A H L U N G    C A N D I D A T E S  
0 NUCLIDE       AV BETA (MeV)  AV GAMMA (MeV)    NUCLIDE       AV BETA (MeV)  AV GAMMA (MeV)    NUCLIDE       AV BETA (MeV)  AV GAMMA (MeV)
0  HALF LIFE < 1 DAY
   He   6       1.5613E+00     5.6441E-03         He   8       4.4486E+00     8.8497E-01         Li   8       6.2046E+00     3.2983E-02
   Li   9       5.6963E+00     2.9896E-02         Be  11       4.6473E+00     1.4188E+00         Be  12       5.6150E+00     0.0000E+00
   B   12       6.3084E+00     9.0564E-02         B   13       6.2783E+00     3.1353E-01         B   14       7.0847E+00     5.9363E+00
   N   12       7.7285E+00     1.1906E+00         N   17       1.6978E+00     4.4508E-02         O   19       1.7096E+00     1.0046E+00
   O   20       1.1974E+00     1.0574E+00         F   20       2.4673E+00     1.6447E+00         F   21       2.3418E+00     5.5687E-01
   F   23       2.9705E+00     2.2819E+00         F   24       6.1010E+00     1.9815E+00         Ne  18       1.4992E+00     1.1050E+00
   Ne  23       1.8901E+00     1.7279E-01         Ne  24       8.0200E-01     5.4200E-01         Ne  25       3.5000E+00     3.2400E-01
   Na  20       4.7600E+00     2.3510E+00         Na  21       1.1009E+00     1.0371E+00         Na  25       1.4965E+00     4.3690E-01
   Na  26       3.3295E+00     2.1803E+00         Na  27       3.6155E+00     1.1663E+00         Na  28       6.1289E+00     1.1386E+00
   Mg  21       4.7000E+00     1.5100E+00         Mg  23       1.3364E+00     1.0573E+00         Mg  29       2.6340E+00     1.8582E+00
   Al  25       1.4536E+00     1.0343E+00         Al  26m      1.4337E+00     1.0261E+00         Al  31       3.3815E+00     7.1306E-01
   Al  32       5.8938E+00     5.4606E-01         Si  25       2.3300E+00     1.0200E+00         Si  26       1.6200E+00     1.2550E+00
   Si  27       1.7154E+00     1.0265E+00         Si  31       5.9374E-01     2.1724E-03         Si  36       3.0680E+00     1.6714E+00
   P   30       1.4354E+00     1.0221E+00         P   34       2.2845E+00     3.4748E-01         P   38       4.2900E+00     2.7779E+00
   S   30       2.0836E+00     1.6080E+00         S   31       1.9961E+00     1.0381E+00         S   39       2.2556E+00     1.7831E+00
   Cl  33       2.0822E+00     1.0480E+00         Cl  34       2.0438E+00     1.0292E+00         Cl  38       1.5230E+00     1.4937E+00
   Ar  33       3.8000E+00     1.3830E+00         Ar  34       2.2888E+00     1.1050E+00         Ar  35       2.2655E+00     1.0495E+00
   K   37       2.3474E+00     1.0722E+00         K   38m      2.3124E+00     1.0306E+00         K   42       1.4208E+00     2.7599E-01
   Ca  37       3.2700E+00     1.1400E+00         Ca  38       2.4332E+00     1.3745E+00         Ca  39       2.5614E+00     1.0221E+00
   Sc  41       2.5413E+00     1.0220E+00         Sc  42       2.5077E+00     1.0211E+00         Sc  49       8.1988E-01     3.3403E-03
   Ti  41       3.4300E+00     1.0960E+00         Ti  42       2.6373E+00     1.3846E+00         Ti  43       2.6368E+00     1.2021E+00
   Ti  51       8.6893E-01     3.6455E-01         Ti  52       7.5460E-01     1.2842E-01         V   45       2.8536E+00     1.0224E+00
   V   46       2.8143E+00     1.0216E+00         V   55       2.3824E+00     6.8919E-01         Cr  46       3.0890E+00     1.0220E+00
   Cr  47       3.0124E+00     1.0252E+00         Cr  55       1.0965E+00     4.2428E-03         Cr  56       6.0666E-01     9.1689E-02
   Cr  57       1.9493E+00     4.6221E-01         Mn  49       3.1049E+00     1.0944E+00         Mn  50       3.1001E+00     1.0210E+00
   Mn  57       1.1043E+00     9.9629E-02         Mn  58m      2.8284E+00     1.2007E-01         Mn  59       2.0598E+00     5.3788E-01
   Mn  60       3.8400E+00     0.0000E+00         Mn  60m      2.7200E+00     2.6900E+00         Mn  61       3.2557E+00     1.3029E-01
   Mn  62       3.8030E+00     2.1475E+00         Fe  51       3.2701E+00     1.0623E+00         Fe  62       8.2400E-01     5.0610E-01
   Fe  63       2.6043E+00     3.1773E-01         Fe  64       2.1054E+00     1.5540E-02         Co  53       3.3974E+00     1.0964E+00
   Co  54       3.3992E+00     1.0210E+00         Co  61       4.6636E-01     9.6966E-02         Co  62       1.6397E+00     1.6003E+00
   Co  63       1.5683E+00     1.4408E-01         Co  64       3.2887E+00     1.8116E-01         Co  65       2.6649E+00     1.1473E-01
   Co  66       3.3560E+00     2.7543E+00         Co  67       2.7541E+00     6.9410E-01         Co  68       3.8388E+00     3.4444E+00
   Ni  53       1.6600E+00     4.5990E-01         Ni  55       3.5994E+00     1.0169E+00         Ni  65       6.2970E-01     5.4993E-01
   Ni  67       1.5232E+00     5.0251E-02         Cu  57       3.6001E+00     1.1398E+00         Cu  58       3.2955E+00     1.5414E+00
   Cu  59       1.4883E+00     1.4436E+00         Cu  62       1.2829E+00     1.0117E+00         Cu  66       1.0706E+00     8.1860E-02
   Cu  68       1.4815E+00     1.0209E+00         Cu  69       8.8652E-01     5.2500E-01         Cu  71       1.4580E+00     1.2443E+00
   Cu  72       3.1207E+00     1.4284E+00         Zn  59       3.8015E+00     1.0565E+00         Zn  61       1.8553E+00     1.5249E+00
   Zn  69       3.2290E-01     6.0048E-06         Zn  71       1.0481E+00     3.1492E-01         Zn  73       1.8443E+00     1.0487E-01
   Zn  74       8.0000E-01     3.0000E-01         Zn  75       1.9398E+00     1.7133E+00         Zn  76       1.5858E+00     5.2295E-01
   Zn  80       2.5937E+00     1.5763E+00         Ga  60       4.5997E+00     4.4548E+00         Ga  62       3.8550E+00     1.0207E+00
   Ga  63       1.8899E+00     1.3729E+00         Ga  70       6.4049E-01     9.1838E-03         Ga  73       4.4666E-01     3.4096E-01
   Ga  75       1.3852E+00     6.7089E-02         Ga  77       2.1117E+00     4.5702E-01         Ga  78       2.6036E+00     2.5000E+00
   Ga  79       2.2300E+00     1.8400E+00         Ga  80       3.4556E+00     2.3655E+00         Ge  65       2.1178E+00     1.7541E+00
   Ge  75       4.1978E-01     3.4729E-02         Ge  77m      9.6595E-01     7.4015E-02         Ge  79       1.7140E+00     2.5965E-01
   Ge  79m      1.2915E+00     1.1961E+00         Ge  80       9.4923E-01     3.4275E-01         Ge  81m      2.4754E+00     1.4953E+00
   Ge  82       1.5753E+00     1.0788E+00         As  67       2.0683E+00     1.4638E+00         As  69       1.2191E+00     1.1347E+00
   As  79       8.3924E-01     3.3780E-02         As  80       2.1477E+00     5.8213E-01         As  81       1.5753E+00     2.3027E-01
   As  82       3.1972E+00     3.0777E-01         As  85       3.3810E+00     3.5854E-01         Se  69       2.3036E+00     1.8651E+00
   Se  81       6.0906E-01     8.5462E-03         Se  83m      1.2726E+00     9.7149E-01         Se  84       5.4037E-01     4.0820E-01
   Se  87       2.9624E+00     6.6193E-01         Br  71       1.5000E+00     7.6000E-01         Br  80       7.2404E-01     7.7004E-02
   Br  83       3.2524E-01     6.8744E-03         Br  85       1.0413E+00     6.1313E-02         Br  89       2.5721E+00     1.7111E+00
   Br  90       3.2903E+00     1.5378E+00         Br  91       3.9090E+00     4.5119E-01         Kr  71       4.3140E+00     1.0220E+00
   Kr  72       1.5300E+00     1.2900E+00         Kr  73       2.6187E+00     1.4784E+00         Kr  75       1.5754E+00     1.2808E+00
   Kr  85m      2.5423E-01     1.5740E-01         Kr  87       1.3311E+00     7.8788E-01         Kr  90       1.2950E+00     1.2370E+00
   Kr  91       2.0962E+00     1.7334E+00         Kr  92       1.9976E+00     1.3885E+00         Kr  93       2.8760E+00     2.1314E+00
   Rb  74       4.4729E+00     1.0202E+00         Rb  77       1.6871E+00     1.5163E+00         Rb  80       2.0335E+00     1.1838E+00
   Rb  82       1.4116E+00     1.1083E+00         Rb  88       2.0570E+00     6.6716E-01         Rb  92       2.8748E+00     1.7497E+00
   Rb  94       3.1015E+00     2.7474E+00         Rb  95       2.8289E+00     2.6421E+00         Rb  96       3.8490E+00     2.0891E+00
   Rb  97       3.7747E+00     1.3318E+00         Rb 101       5.1061E+00     4.2634E-01         Sr  77       2.6124E+00     1.2114E+00
   Sr  79       1.8949E+00     1.2018E+00         Sr  95       1.9013E+00     1.7897E+00         Sr  96       1.9722E+00     9.2491E-01
   Sr  98       2.3632E+00     5.7743E-01         Sr  99       3.2001E+00     1.2683E+00         Y   80       3.1856E+00     2.2037E+00
   Y   81       1.9782E+00     1.1767E+00         Y   82       3.1000E+00     1.2600E+00         Y   83m      1.3500E+00     1.1700E+00
   Y   84       2.3569E+00     1.2792E+00         Y   92       1.4370E+00     2.5160E-01         Y   93       1.1723E+00     9.5184E-02
   Y   94       1.8143E+00     7.6423E-01         Y   95       1.4365E+00     1.0919E+00         Y   96       3.2047E+00     8.0090E-02
   Y   97       2.1350E+00     1.8460E+00         Y   97m      2.3175E+00     2.1106E+00         Y   98       2.7799E+00     2.6134E+00
   Y   99       2.9487E+00     9.1674E-01         Y  101       3.5535E+00     7.2096E-01         Y  105       3.3250E+00     2.3720E+00
   Zr  83       2.1006E+00     1.1875E+00         Zr  84       9.3332E-01     9.3000E-01         Zr  97       7.0229E-01     1.5910E-01
   Zr  98       9.1000E-01     0.0000E+00         Zr  99       1.5390E+00     8.4141E-01         Zr 100       1.3066E+00     2.4132E-01
   Zr 101       2.1790E+00     5.5816E-01         Zr 102       1.9969E+00     2.3692E-01         Zr 105       2.6620E+00     1.7640E+00
   Zr 106       2.1380E+00     1.0910E+00         Zr 107       2.9820E+00     2.2010E+00         Nb  82       4.8393E+00     1.0198E+00
   Nb  84       3.8310E+00     1.7283E+00         Nb  87       1.7740E+00     1.2204E+00         Nb  98       1.9652E+00     3.2453E-01
   Nb  99       1.5138E+00     1.7434E-01         Nb  99m      1.4155E+00     6.5041E-01         Nb 100       2.4931E+00     7.0820E-01
   Nb 101       1.8633E+00     2.4457E-01         Nb 103       2.0970E+00     7.6600E-01         Nb 109       3.1580E+00     2.2630E+00
   Mo  88       1.2000E+00     3.0570E-01         Mo  89       1.9552E+00     1.2262E+00         Mo  91       1.4513E+00     9.7762E-01
   Mo 102       3.4909E-01     1.8452E-02         Mo 103       1.3163E+00     6.3620E-01         Mo 104       8.8000E-01     1.7600E-01
   Mo 105       1.9220E+00     5.5149E-01         Mo 109       2.6750E+00     1.8760E+00         Mo 111       3.0980E+00     2.4130E+00
   Mo 112       2.5520E+00     1.3540E+00         Tc  90       3.3484E+00     1.7514E+00         Tc  91m      1.9800E+00     1.4800E+00
   Tc 100       1.3148E+00     8.2720E-02         Tc 101       4.7858E-01     3.3593E-01         Tc 102       1.9450E+00     8.0762E-02
   Tc 103       9.7941E-01     2.4836E-01         Tc 105       1.3096E+00     6.6842E-01         Tc 107       2.0557E+00     5.1478E-01
   Tc 108       2.2600E+00     1.4900E+00         Tc 111       3.2195E+00     4.0539E-01         Tc 113       2.7320E+00     1.8220E+00
   Tc 114       3.5780E+00     3.2570E+00         Tc 115       2.9950E+00     2.1620E+00         Tc 116       3.6930E+00     3.4950E+00
   Ru  93       2.3399E+00     1.1312E+00         Ru 107       1.0839E+00     3.4531E-01         Ru 108       4.6688E-01     4.6186E-02
   Ru 110       1.1572E+00     3.4716E-02         Ru 113       2.6950E+00     5.8280E-01         Ru 115       2.5380E+00     1.8060E+00
   Ru 116       1.8430E+00     9.8600E-01         Ru 117       2.6970E+00     2.0260E+00         Ru 118       2.0940E+00     1.1180E+00
   Ru 119       2.9200E+00     2.3110E+00         Rh 104       9.8050E-01     1.5022E-02         Rh 106       1.4114E+00     2.0429E-01
   Rh 107       4.3209E-01     3.1185E-01         Rh 108       1.8535E+00     3.1709E-01         Rh 109       9.4774E-01     2.9784E-01
   Rh 110m      2.2662E+00     3.3596E-01         Rh 111       1.3894E+00     3.5705E-01         Rh 112       2.8730E+00     1.9235E-01
   Rh 114       1.9573E+00     4.0679E-01         Rh 116       3.4449E+00     7.3453E-01         Rh 116m      2.6110E+00     2.1669E+00
   Rh 118       3.0940E+00     2.4940E+00         Rh 120       3.2610E+00     2.8370E+00         Rh 121       2.6710E+00     1.8520E+00
   Pd 109       3.6079E-01     6.4453E-04         Pd 111       8.3187E-01     4.6250E-02         Pd 113       1.3302E+00     1.2755E-01
   Pd 114       5.3292E-01     2.5897E-02         Pd 116       1.0034E+00     1.5711E-01         Pd 118       1.5798E+00     4.2171E-01
   Pd 121       2.3350E+00     1.6380E+00         Ag 108       6.0553E-01     2.2825E-02         Ag 110       1.1812E+00     3.1338E-02
   Ag 112       1.4192E+00     6.8362E-01         Ag 113       7.6131E-01     7.1537E-02         Ag 113m      2.2114E-01     2.1231E-01
   Ag 114       2.1500E+00     2.5807E-01         Ag 115       1.0821E+00     4.4951E-01         Ag 115m      8.4405E-01     4.5499E-01
   Ag 117       1.3066E+00     1.0924E+00         Ag 117m      1.5034E+00     6.4452E-01         Ag 118       2.5080E+00     8.9272E-01
   Ag 119       1.7706E+00     1.3367E+00         Ag 120       2.2838E+00     1.0766E+00         Ag 121       2.3007E+00     1.1669E+00
   Ag 122       3.5667E+00     1.0807E+00         Ag 123       2.9190E+00     8.4400E-01         Cd 118       1.6100E-01     0.0000E+00
   Cd 120       6.7700E-01     0.0000E+00         Cd 122       1.2470E+00     0.0000E+00         Cd 124       2.0474E+00     1.1978E-01
   Cd 125       2.2166E+00     1.8603E+00         In 114       7.6923E-01     4.3697E-03         In 115m      1.7337E-01     1.6262E-01
   In 116       1.3566E+00     5.2650E-03         In 117m      4.3358E-01     9.0932E-02         In 118       1.8794E+00     7.7824E-02
   In 119m      1.0496E+00     1.0958E-02         In 120       2.2439E+00     2.5656E-01         In 121       9.8670E-01     9.2289E-01
   In 121m      1.5165E+00     6.3291E-02         In 122       2.5346E+00     6.3107E-01         In 123       1.4060E+00     1.0463E+00
   In 123m      2.0317E+00     6.2500E-02         In 125       1.8095E+00     1.2025E+00         In 125m      2.4193E+00     1.6809E-01
   In 127       2.4185E+00     1.1358E+00         In 127m      2.7420E+00     5.0120E-01         In 129       2.5059E+00     1.9753E+00
   In 129m      3.4695E+00     3.5837E-01         In 130m      2.8252E+00     1.9955E+00         In 130n      3.3321E+00     2.9910E+00
   In 131       2.9870E+00     2.4131E+00         Sn 123m      4.7846E-01     1.4066E-01         Sn 125m      8.0053E-01     3.4827E-01
   Sn 127m      1.0008E+00     5.6840E-01         Sn 130m      1.3885E+00     8.1303E-01         Sn 133       3.3955E+00     2.7252E-01
   Sb 109       1.9504E+00     1.8942E+00         Sb 118       8.7311E-01     8.0408E-01         Sb 134       3.7428E+00     6.4652E-02
   Sb 135       2.9665E+00     6.8810E-01         Te 127       2.2440E-01     4.8472E-03         Te 129       5.4283E-01     6.2372E-02
   Te 131       7.3686E-01     4.4565E-01         Te 135       2.4420E+00     3.8439E-01         I  116       3.0200E+00     1.0552E+00
   I  118       2.1068E+00     1.9608E+00         I  122       1.1066E+00     9.6159E-01         I  128       7.4012E-01     8.6093E-02
   I  130m      1.9023E-01     1.1903E-01         I  137       1.8618E+00     1.2196E+00         I  138       2.7205E+00     1.3249E+00
   I  139       2.5329E+00     6.7234E-01         Xe 118       1.0667E+00     5.7000E-01         Xe 119       1.6633E+00     1.3100E+00
   Xe 135       3.1498E-01     2.4823E-01         Xe 137       1.6953E+00     1.9045E-01         Xe 139       1.8068E+00     9.6862E-01
   Cs 121       1.7360E+00     1.0675E+00         Cs 122       2.5183E+00     1.2978E+00         Cs 124       1.9163E+00     1.1137E+00
   Cs 126       1.3177E+00     1.1404E+00         Cs 139       1.6707E+00     3.0500E-01         Cs 140       1.9636E+00     1.6754E+00
   Cs 142       2.8986E+00     6.7531E-01         Cs 145       2.9557E+00     7.1490E-01         Ba 123       1.8333E+00     3.8100E-01
   Ba 125       1.5266E+00     3.1600E-01         Ba 139       8.9282E-01     4.4007E-02         Ba 141       9.4573E-01     8.7123E-01
   Ba 143       1.2410E+00     1.1121E+00         Ba 144       9.2980E-01     7.8470E-01         Ba 147       2.3789E+00     2.8878E-01
   La 134       7.5801E-01     7.1609E-01         La 141       9.6252E-01     2.6780E-02         La 143       1.2354E+00     4.3940E-01
   La 146       2.3452E+00     1.1947E+00         La 146m      2.1740E+00     1.3238E+00         La 147       2.0586E+00     1.8373E-01
   La 148       2.6723E+00     1.1936E+00         Ce 131m      1.3403E+00     1.8422E-01         Ce 145       7.6258E-01     6.0103E-01
   Ce 147       1.2820E+00     1.7416E-01         Ce 148       6.3000E-01     3.0300E-01         Ce 149       1.8182E+00     8.4561E-02
   Ce 153       1.6800E+00     1.1250E+00         Ce 154       1.6940E+00     9.5870E-01         Pr 128       3.4537E+00     1.5668E+00
   Pr 138       1.1610E+00     8.1500E-01         Pr 140       5.4654E-01     5.4251E-01         Pr 142       8.0931E-01     5.8105E-02
   Pr 144       1.2006E+00     3.3763E-02         Pr 145       6.5734E-01     1.8575E-02         Pr 146       1.3169E+00     9.8741E-01
   Pr 150       2.2302E+00     5.5420E-01         Pr 151       1.4730E+00     6.5500E-01         Pr 152       2.1157E+00     1.6855E+00
   Pr 157       2.3870E+00     1.8810E+00         Nd 139m      1.1300E+01     1.5800E+00         Nd 149       5.0209E-01     3.7004E-01
   Nd 152       3.3006E-01     1.6423E-01         Nd 153       1.1533E+00     5.0860E-01         Nd 154       8.9751E-01     4.5896E-01
   Nd 157       1.6680E+00     1.1400E+00         Nd 158       1.5890E+00     9.2390E-01         Nd 159       2.0630E+00     1.6660E+00
   Nd 160       2.1000E+00     1.2060E+00         Pm 132       3.8176E+00     1.5060E+00         Pm 134       3.2250E+00     1.7722E+00
   Pm 138       2.6300E+00     9.5754E-01         Pm 139       1.0697E+00     9.3996E-01         Pm 140       2.0343E+00     9.8369E-01
   Pm 142       1.3678E+00     8.6901E-01         Pm 152       1.3036E+00     3.4540E-01         Pm 153       6.6260E-01     1.2250E-01
   Pm 155       1.0611E+00     5.6166E-01         Pm 157       1.5398E+00     8.4900E-01         Pm 159       1.7820E+00     1.1600E+00
   Sm 134       1.5479E+00     1.0556E+00         Sm 136       1.0124E+00     9.1169E-01         Sm 155       5.6821E-01     1.0257E-01
   Sm 156       2.0431E-01     1.1417E-01         Sm 158       4.7943E-01     3.3000E-01         Sm 159       1.4062E+00     4.3060E-01
   Eu 139       2.2000E+00     1.6200E+00         Eu 140       3.1563E+00     1.2617E+00         Eu 141       1.8605E+00     1.0590E+00
   Eu 141m      1.3020E+00     6.2000E-01         Eu 142       2.7537E+00     1.1965E+00         Eu 143       1.2951E+00     1.0997E+00
   Eu 144       2.0571E+00     1.0896E+00         Eu 150m      3.0729E-01     5.0219E-02         Eu 152m      5.0195E-01     3.1109E-01
   Eu 157       3.9277E-01     2.8988E-01         Eu 159       9.0013E-01     2.8748E-01         Gd 141       2.3651E+00     1.3138E+00
   Gd 143       1.8125E+00     1.2209E+00         Gd 159       3.0859E-01     5.6693E-02         Gd 161       5.8610E-01     3.9269E-01
   Gd 163       1.0643E+00     4.9040E-01         Tb 146       2.9943E+00     1.3658E+00         Tb 165       9.1156E-01     6.4184E-01
   Dy 147m      2.5560E+00     1.1660E+00         Dy 165       4.4796E-01     2.6281E-02         Dy 167       7.0627E-01     5.2371E-01
   Ho 148       3.7810E+00     1.1039E+00         Ho 164       1.8426E-01     2.8158E-02         Ho 169       6.0300E-01     4.8100E-01
   Ho 170m      1.3653E+00     6.7936E-01         Er 171       4.1642E-01     3.7258E-01         Tm 153       1.5831E-01     1.2555E-01
   Tm 158       1.5569E+00     1.5551E+00         Tm 160       1.8666E+00     1.1100E+00         Tm 161       1.0343E+00     8.9916E-01
   Yb 152       1.2065E+00     1.1634E+00         Yb 159       1.5333E+00     4.7100E-01         Yb 161       1.4266E+00     9.4000E-01
   Yb 177       4.2600E-01     1.9913E-01         Yb 177m      1.7821E-01     1.5004E-01         Lu 162       2.3633E+00     1.3800E+00
   Lu 167       1.0233E+00     9.2400E-01         Lu 176m      4.6625E-01     1.4229E-02         Lu 178       7.5548E-01     1.2319E-01
   Lu 179       4.8622E-01     2.9424E-02         Lu 183       1.1227E+00     6.5139E-01         Hf 165       1.5766E+00     3.9120E-01
   Hf 171       1.3400E+00     7.9999E-01         Hf 184       4.6267E-01     2.3651E-01         Ta 164       2.7390E+00     1.6166E+00
   Ta 170       1.5979E+00     1.0561E+00         Ta 185       7.3407E-01     1.3739E-01         W  179m      1.5800E-01     2.0900E-02
   W  183m      1.8398E-01     1.2539E-01         W  185m      1.7199E-01     2.5739E-02         W  190       4.6693E-01     1.4982E-01
   Re 174       2.1666E+00     5.0000E-01         Re 176       1.0883E+00     1.0510E+00         Re 188       7.8020E-01     5.7881E-02
   Re 191       7.2698E-01     2.2291E-03         Re 192       1.6379E+00     1.5906E-01         Os 171       2.0026E+00     1.0382E+00
   Os 195       7.1526E-01     1.4223E-01         Os 196       3.7256E-01     7.7033E-02         Ir 178       2.4333E+00     1.3800E+00
   Ir 180       2.1333E+00     1.6400E+00         Ir 194       8.1031E-01     9.0990E-02         Ir 195       3.7835E-01     5.8389E-02
   Ir 196       1.1681E+00     2.2721E-01         Ir 197       7.3337E-01     2.2379E-01         Ir 197m      6.8001E-01     2.0424E-03
   Ir 198       1.3333E+00     8.2000E-01         Pt 197       2.5443E-01     2.4381E-02         Pt 197m      3.1694E-01     7.6078E-02
   Pt 199       5.4950E-01     1.9941E-01         Pt 200       2.2662E-01     5.9603E-02         Au 187       2.9900E+00     1.5768E+00
   Au 189m      1.0324E+00     2.0770E-01         Au 192n      1.6147E-01     1.3469E-01         Au 196n      2.7292E-01     2.3547E-01
   Au 200       7.4268E-01     2.7326E-01         Au 201       4.2406E-01     3.4192E-02         Au 202       1.1795E+00     1.6970E-01
   Au 203       7.6693E-01     6.9000E-02         Hg 191       1.0600E+00     4.3796E-01         Hg 197m      2.0056E-01     7.7979E-02
   Hg 199m      3.4770E-01     1.8456E-01         Hg 205       5.3624E-01     6.8864E-03         Hg 206       4.3068E-01     1.0198E-01
   Tl 206       5.3609E-01     2.5705E-03         Tl 207       4.9135E-01     3.3412E-03         Pb 199m      2.7900E-01     1.4830E-01
   Pb 209       1.9734E-01     0.0000E+00         Pb 211       4.4907E-01     6.8454E-02         Pb 212       1.6875E-01     1.4475E-01
   Pb 214       2.9250E-01     2.3720E-01         Bi 198m      2.1603E+00     1.8980E+00         Bi 199       1.4400E+00     1.2220E+00
   Bi 201m      2.8431E-01     2.6544E-01         Bi 212       5.0258E-01     1.0726E-01         Bi 212n      1.2569E+00     5.0613E-03
   Bi 213       4.4436E-01     1.2920E-01         At 220       1.1827E+00     3.7239E-01         Rn 221       2.7753E-01     1.1705E-01
   Rn 223       6.2491E-01     3.3014E-01         Fr 222       7.1523E-01     1.7717E-01         Fr 223       3.7910E-01     5.8986E-02
   Fr 224       8.7692E-01     5.3528E-01         Fr 226       1.2210E+00     4.3612E-01         Fr 227       7.6676E-01     4.3494E-01
   Fr 228       1.4369E+00     6.6641E-01         Fr 231       1.3730E+00     4.4214E-01         Ra 227       4.1435E-01     1.6233E-01
   Ra 229       6.1342E-01     0.0000E+00         Ac 230       9.0980E-01     5.0110E-01         Ac 231       6.2886E-01     4.1681E-01
   Ac 233       9.2070E-01     4.9861E-01         Th 233       4.1218E-01     3.7495E-02         Pa 234m      8.1650E-01     1.9739E-02
   Pa 235       4.6414E-01     9.8675E-03         Pa 236       8.6425E-01     8.0565E-01         U  239       4.0991E-01     5.1571E-02
   U  240       1.4543E-01     9.2581E-03         Np 240m      6.8296E-01     3.3680E-01         Np 241       4.3722E-01     3.6085E-02
   Np 242       8.8866E-01     2.4323E-01         Pu 243       1.7365E-01     2.5083E-02         Am 242       1.8268E-01     1.6699E-02
   Am 244m      5.0389E-01     1.2440E-02         Am 245       2.8473E-01     2.7744E-02         Am 247       5.6910E-01     1.2890E-01
   Cm 249       2.8372E-01     1.9675E-02         Cm 251       4.5083E-01     1.1000E-01         Bk 248m      1.7792E-01     5.1908E-02
   Cf 247       4.2000E+00     2.7000E+00         Es 256       6.9910E-01     5.5633E-01         Es 256m      4.2346E-01     4.2727E-02
0  HALF LIFE < 30 DAYS
   P   32       6.9292E-01     1.7104E-03         Sc  47       1.6257E-01     1.0839E-01         Cu  67       1.5567E-01     1.1541E-01
   As  76       1.0638E+00     4.1975E-01         As  77       2.2547E-01     8.3132E-03         Rb  86       6.5618E-01     9.3783E-02
   Y   90       9.3062E-01     2.8724E-03         Nb  95m      1.7866E-01     7.0692E-02         Mo  99       3.9373E-01     1.4837E-01
   Rh 105       1.5348E-01     7.7271E-02         Ag 111       3.5091E-01     2.6484E-02         Cd 115       3.1732E-01     1.9290E-01
   Sn 125       8.0335E-01     3.3355E-01         Sb 122       5.6260E-01     4.4290E-01         Xe 129m      1.8389E-01     5.1916E-02
   Xe 133m      1.8945E-01     4.1605E-02         Ba 133m      2.2161E-01     6.6909E-02         Ba 135m      2.0590E-01     6.1082E-02
   Ba 140       3.1060E-01     1.8015E-01         Ce 137m      2.0274E-01     5.5436E-02         Ce 143       4.3059E-01     2.7906E-01
   Pr 143       3.1460E-01     8.9038E-09         Nd 147       2.6903E-01     1.3762E-01         Pm 148       7.2630E-01     5.7649E-01
   Pm 149       3.6613E-01     1.1857E-02         Sm 153       2.6747E-01     6.2329E-02         Tb 161       2.0074E-01     3.3761E-02
   Dy 166       1.5786E-01     4.1869E-02         Ho 166       6.9475E-01     3.0211E-02         Tm 172       5.2771E-01     4.8050E-01
   Lu 177       1.4734E-01     3.3432E-02         Ta 183       3.4936E-01     2.8663E-01         Re 186       3.3733E-01     2.0885E-02
   Re 189       3.3098E-01     5.5547E-02         Os 193       3.7955E-01     6.7060E-02         Pt 195m      1.6900E-01     7.6000E-02
   Pt 202       6.5892E-01     1.9270E-03         Au 199       1.4508E-01     9.6067E-02         Bi 210       3.8768E-01     6.7673E-04
   Ac 226       3.2848E-01     2.1279E-01         Th 231       1.6494E-01     2.5815E-02         U  237       1.9968E-01     1.4338E-01
   Np 239       2.6284E-01     1.8219E-01                                                                                              
0  HALF LIFE < 1 YEAR
   Sr  89       5.8462E-01     8.6908E-05         Y   91       6.0594E-01     3.1330E-03         Cd 115m      6.0248E-01     3.3627E-02
   Sn 123       5.2277E-01     6.8921E-03         Te 129m      2.6652E-01     3.8833E-02         Ce 141       1.6840E-01     7.6511E-02
   Tm 170       3.2754E-01     4.1485E-03         Es 254       1.7167E+00     1.5216E+00                                               
0  HALF LIFE < 100 YEARS
   Ar  42       2.3282E-01     0.0000E+00         Kr  85       2.2812E-01     2.2362E-03         Sr  90       1.7400E-01     0.0000E+00
   Cd 113m      1.8449E-01     7.0235E-05         Cs 137       1.8787E-01     1.6443E-06         Tl 204       2.3690E-01     1.2780E-03
0  HALF LIFE > 100 YEARS
   Be  10       2.5221E-01     0.0000E+00         Cl  36       2.7314E-01     1.8332E-05         Ar  39       2.1865E-01     0.0000E+00
   K   40       4.5336E-01     1.5576E-01         Ca  48       2.1839E+00     4.7000E-02         Cr  50       1.1672E+00     0.0000E+00
   Ni  58       1.9257E+00     0.0000E+00         Zn  64       1.0957E+00     0.0000E+00         Ge  76       2.0391E+00     0.0000E+00
   Se  82       2.9950E+00     0.0000E+00         Kr  78       2.8464E+00     0.0000E+00         Zr  94       1.1436E+00     0.0000E+00
   Zr  96       3.3503E+00     0.0000E+00         Mo  92       1.6489E+00     0.0000E+00         Mo 100       3.0340E+00     0.0000E+00
   Ru  96       2.7185E+00     0.0000E+00         Pd 110       2.0000E+00     0.0000E+00         Cd 106       2.7700E+00     0.0000E+00
   Cd 108       2.7200E-01     0.0000E+00         Cd 114       5.3600E-01     0.0000E+00         Cd 116       2.8040E+00     0.0000E+00
   In 115       1.5200E-01     0.0000E+00         Sn 124       2.2875E+00     0.0000E+00         Te 128       8.6720E-01     0.0000E+00
   Te 130       2.5281E+00     0.0000E+00         Xe 124       2.8644E+00     0.0000E+00         Xe 134       8.3000E-01     0.0000E+00
   Xe 136       2.4670E+00     0.0000E+00         Ce 136       2.4189E+00     0.0000E+00         Ce 142       1.4171E+00     0.0000E+00
   Nd 148       1.9288E+00     0.0000E+00         Nd 150       3.3675E+00     0.0000E+00         Gd 160       1.7295E+00     0.0000E+00
   Dy 156       1.0061E+00     0.0000E+00         Er 162       9.2190E-01     0.0000E+00         Yb 168       7.1085E-01     0.0000E+00
   W  186       2.4500E-01     0.0000E+00         Os 184       7.2560E-01     0.0000E+00         Ir 192n      1.6504E-01     3.0859E-03
   Hg 196       8.2070E-01     0.0000E+00         Np 236       2.3960E-01     1.5299E-01         Cf 251       1.8168E-01     1.2026E-01
0  Nuclides are included in the above list if they satisfy the three criteria: (a) lambda > 0 , (b) Av beta > Av gamma and (c) Av beta > 0.145 MeV





1                                    A L P H A          S P E C T R U M


     Group    Upper         Lower         Flux          Group    Upper         Lower         Flux
     index    energy        energy                      index    energy        energy

        1  1.000000E+09  9.600000E+08  0.00000E+00        82  4.000000E+06  3.875000E+06  0.00000E+00
        2  9.600000E+08  9.200000E+08  0.00000E+00        83  3.875000E+06  3.750000E+06  0.00000E+00
        3  9.200000E+08  8.800000E+08  0.00000E+00        84  3.750000E+06  3.625000E+06  0.00000E+00
        4  8.800000E+08  8.400000E+08  0.00000E+00        85  3.625000E+06  3.500000E+06  0.00000E+00
        5  8.400000E+08  8.000000E+08  0.00000E+00        86  3.500000E+06  3.375000E+06  0.00000E+00
        6  8.000000E+08  7.600000E+08  0.00000E+00        87  3.375000E+06  3.250000E+06  0.00000E+00
        7  7.600000E+08  7.200000E+08  0.00000E+00        88  3.250000E+06  3.125000E+06  0.00000E+00
        8  7.200000E+08  6.800000E+08  0.00000E+00        89  3.125000E+06  3.000000E+06  0.00000E+00
        9  6.800000E+08  6.400000E+08  0.00000E+00        90  3.000000E+06  2.875000E+06  0.00000E+00
       10  6.400000E+08  6.000000E+08  0.00000E+00        91  2.875000E+06  2.750000E+06  0.00000E+00
       11  6.000000E+08  5.600000E+08  0.00000E+00        92  2.750000E+06  2.625000E+06  0.00000E+00
       12  5.600000E+08  5.200000E+08  0.00000E+00        93  2.625000E+06  2.500000E+06  0.00000E+00
       13  5.200000E+08  4.800000E+08  0.00000E+00        94  2.500000E+06  2.375000E+06  0.00000E+00
       14  4.800000E+08  4.400000E+08  0.00000E+00        95  2.375000E+06  2.250000E+06  0.00000E+00
       15  4.400000E+08  4.000000E+08  0.00000E+00        96  2.250000E+06  2.125000E+06  0.00000E+00
       16  4.000000E+08  3.600000E+08  0.00000E+00        97  2.125000E+06  2.000000E+06  0.00000E+00
       17  3.600000E+08  3.200000E+08  0.00000E+00        98  2.000000E+06  1.875000E+06  0.00000E+00
       18  3.200000E+08  2.800000E+08  0.00000E+00        99  1.875000E+06  1.750000E+06  0.00000E+00
       19  2.800000E+08  2.400000E+08  0.00000E+00       100  1.750000E+06  1.625000E+06  0.00000E+00
       20  2.400000E+08  2.000000E+08  0.00000E+00       101  1.625000E+06  1.500000E+06  0.00000E+00
       21  2.000000E+08  1.800000E+08  0.00000E+00       102  1.500000E+06  1.375000E+06  0.00000E+00
       22  1.800000E+08  1.600000E+08  0.00000E+00       103  1.375000E+06  1.250000E+06  0.00000E+00
       23  1.600000E+08  1.400000E+08  0.00000E+00       104  1.250000E+06  1.125000E+06  0.00000E+00
       24  1.400000E+08  1.200000E+08  0.00000E+00       105  1.125000E+06  1.000000E+06  0.00000E+00
       25  1.200000E+08  1.000000E+08  0.00000E+00       106  1.000000E+06  9.750000E+05  0.00000E+00
       26  1.000000E+08  9.000000E+07  0.00000E+00       107  9.750000E+05  9.500000E+05  0.00000E+00
       27  9.000000E+07  8.000000E+07  0.00000E+00       108  9.500000E+05  9.250000E+05  0.00000E+00
       28  8.000000E+07  7.000000E+07  0.00000E+00       109  9.250000E+05  9.000000E+05  0.00000E+00
       29  7.000000E+07  6.000000E+07  0.00000E+00       110  9.000000E+05  8.750000E+05  0.00000E+00
       30  6.000000E+07  5.500000E+07  0.00000E+00       111  8.750000E+05  8.500000E+05  0.00000E+00
       31  5.500000E+07  5.400000E+07  0.00000E+00       112  8.500000E+05  8.250000E+05  0.00000E+00
       32  5.400000E+07  5.000000E+07  0.00000E+00       113  8.250000E+05  8.000000E+05  0.00000E+00
       33  5.000000E+07  4.500000E+07  0.00000E+00       114  8.000000E+05  7.750000E+05  0.00000E+00
       34  4.500000E+07  4.000000E+07  0.00000E+00       115  7.750000E+05  7.500000E+05  0.00000E+00
       35  4.000000E+07  3.500000E+07  0.00000E+00       116  7.500000E+05  7.250000E+05  0.00000E+00
       36  3.500000E+07  3.000000E+07  0.00000E+00       117  7.250000E+05  7.000000E+05  0.00000E+00
       37  3.000000E+07  2.800000E+07  0.00000E+00       118  7.000000E+05  6.750000E+05  0.00000E+00
       38  2.800000E+07  2.600000E+07  0.00000E+00       119  6.750000E+05  6.500000E+05  0.00000E+00
       39  2.600000E+07  2.400000E+07  0.00000E+00       120  6.500000E+05  6.250000E+05  0.00000E+00
       40  2.400000E+07  2.200000E+07  0.00000E+00       121  6.250000E+05  6.000000E+05  0.00000E+00
       41  2.200000E+07  2.000000E+07  0.00000E+00       122  6.000000E+05  5.750000E+05  0.00000E+00
       42  2.000000E+07  1.900000E+07  0.00000E+00       123  5.750000E+05  5.500000E+05  0.00000E+00
       43  1.900000E+07  1.800000E+07  0.00000E+00       124  5.500000E+05  5.250000E+05  0.00000E+00
       44  1.800000E+07  1.700000E+07  0.00000E+00       125  5.250000E+05  5.000000E+05  0.00000E+00
       45  1.700000E+07  1.600000E+07  0.00000E+00       126  5.000000E+05  4.750000E+05  0.00000E+00
       46  1.600000E+07  1.500000E+07  0.00000E+00       127  4.750000E+05  4.500000E+05  0.00000E+00
       47  1.500000E+07  1.400000E+07  0.00000E+00       128  4.500000E+05  4.250000E+05  0.00000E+00
       48  1.400000E+07  1.300000E+07  0.00000E+00       129  4.250000E+05  4.000000E+05  0.00000E+00
       49  1.300000E+07  1.200000E+07  0.00000E+00       130  4.000000E+05  3.750000E+05  0.00000E+00
       50  1.200000E+07  1.100000E+07  0.00000E+00       131  3.750000E+05  3.500000E+05  0.00000E+00
       51  1.100000E+07  1.000000E+07  0.00000E+00       132  3.500000E+05  3.250000E+05  0.00000E+00
       52  1.000000E+07  9.800000E+06  0.00000E+00       133  3.250000E+05  3.000000E+05  0.00000E+00
       53  9.800000E+06  9.600000E+06  0.00000E+00       134  3.000000E+05  2.800000E+05  0.00000E+00
       54  9.600000E+06  9.400000E+06  0.00000E+00       135  2.800000E+05  2.600000E+05  0.00000E+00
       55  9.400000E+06  9.200000E+06  0.00000E+00       136  2.600000E+05  2.400000E+05  0.00000E+00
       56  9.200000E+06  9.000000E+06  0.00000E+00       137  2.400000E+05  2.200000E+05  0.00000E+00
       57  9.000000E+06  8.800000E+06  0.00000E+00       138  2.200000E+05  2.000000E+05  0.00000E+00
       58  8.800000E+06  8.600000E+06  0.00000E+00       139  2.000000E+05  1.800000E+05  0.00000E+00
       59  8.600000E+06  8.400000E+06  0.00000E+00       140  1.800000E+05  1.600000E+05  0.00000E+00
       60  8.400000E+06  8.200000E+06  0.00000E+00       141  1.600000E+05  1.400000E+05  0.00000E+00
       61  8.200000E+06  8.000000E+06  0.00000E+00       142  1.400000E+05  1.200000E+05  0.00000E+00
       62  8.000000E+06  7.800000E+06  0.00000E+00       143  1.200000E+05  1.000000E+05  0.00000E+00
       63  7.800000E+06  7.600000E+06  0.00000E+00       144  1.000000E+05  9.500000E+04  0.00000E+00
       64  7.600000E+06  7.400000E+06  0.00000E+00       145  9.500000E+04  9.000000E+04  0.00000E+00
       65  7.400000E+06  7.200000E+06  0.00000E+00       146  9.000000E+04  8.500000E+04  0.00000E+00
       66  7.200000E+06  7.000000E+06  0.00000E+00       147  8.500000E+04  8.000000E+04  0.00000E+00
       67  7.000000E+06  6.800000E+06  0.00000E+00       148  8.000000E+04  7.500000E+04  0.00000E+00
       68  6.800000E+06  6.600000E+06  0.00000E+00       149  7.500000E+04  7.000000E+04  0.00000E+00
       69  6.600000E+06  6.400000E+06  0.00000E+00       150  7.000000E+04  6.500000E+04  0.00000E+00
       70  6.400000E+06  6.200000E+06  0.00000E+00       151  6.500000E+04  6.000000E+04  0.00000E+00
       71  6.200000E+06  6.000000E+06  2.78000E+10       152  6.000000E+04  5.500000E+04  0.00000E+00
       72  6.000000E+06  5.800000E+06  0.00000E+00       153  5.500000E+04  5.000000E+04  0.00000E+00
       73  5.800000E+06  5.600000E+06  1.64000E+09       154  5.000000E+04  4.500000E+04  0.00000E+00
       74  5.600000E+06  5.400000E+06  0.00000E+00       155  4.500000E+04  4.000000E+04  0.00000E+00
       75  5.400000E+06  5.200000E+06  3.96000E+09       156  4.000000E+04  3.500000E+04  0.00000E+00
       76  5.200000E+06  5.000000E+06  0.00000E+00       157  3.500000E+04  3.000000E+04  0.00000E+00
       77  5.000000E+06  4.800000E+06  3.74000E+06       158  3.000000E+04  2.500000E+04  0.00000E+00
       78  4.800000E+06  4.600000E+06  0.00000E+00       159  2.500000E+04  2.000000E+04  0.00000E+00
       79  4.600000E+06  4.400000E+06  0.00000E+00       160  2.000000E+04  1.500000E+04  0.00000E+00
       80  4.400000E+06  4.200000E+06  0.00000E+00       161  1.500000E+04  1.000000E+04  0.00000E+00
       81  4.200000E+06  4.000000E+06  0.00000E+00       162  1.000000E+04  5.000000E+03  0.00000E+00
0  Spectrum type is 'CCFE-162
   flux spectrum_identifier is  FBR-Na End of Cycle heavy fuel spectra 3.34E+10


fispact run time=                  0.50000E-01 secs


 ------------------------------------------------------------------
 Files that have been opened during this run.
 ------------------------------------------------------------------
 The numbers after the unit names are the internal unit numbers.

 input( 5)       printlib.i
 collapxi(12)    COLLAPX
 arrayx(13)      ARRAYX
 ind_nuc(18)     /nuclear_data/TENDL2015data/tendl15_decay12_index
 output(38)      printlib.out
 runlog(48)      printlib.log
 enbins(57)      /nuclear_data/ebins/ebins_162
 ------------------------------------------------------------------



     Run timestamp:10:05:22 30 August 2017         

     Current time: 10:05:22 30 August 2017         
