



     ==============================================================================
     |                                                                            |
     |                                                                            |
     |             _____ ___ ____  ____   _    ____ _____    ___ ___              |
     |            |  ___|_ _/ ___||  _ \ / \  / ___|_   _|  |_ _|_ _|             |
     |            | |_   | |\___ \| |_) / _ \| |     | |_____| | | |              |
     |            |  _|  | | ___) |  __/ ___ \ |___  | |_____| | | |              |
     |            |_|   |___|____/|_| /_/   \_\____| |_|    |___|___|             |
     |                                                                            |
     |                            F I S P A C T - I I                             |
     |                            -------------------                             |
     |                                                                            |
     |                  Transmutation-Activation Inventory Code                   |
     |                   United Kingdom Atomic Energy Authority                   |
     |                                                                            |
     |                         Release 5.0 May 2021                               |
     |             Copyright (c) 2009-21, UK Atomic Energy Authority              |
     |                                                                            |
     ==============================================================================



1




     =========================================================================================================
     |                                                                                                       |
     |                      R U N   I D E N T I F I C A T I O N   I N F O R M A T I O N                      |
     |                                                                                                       |
     | INITIAL CROSS SECTION DATA                                                                            |
     | Collapsed library timestamp: 12:40:57 29 January 2018                                                 |
     | EAF source library label:    EAF-2010 172Gp THE EUROPEAN ACTI                                         |
     | FLUX file label:             EEF FW NORM. 1MW/M2 XMAS TOT=4.2                                         |
     |                                                                                                       |
     | DECAY DATA                                                                                            |
     | Condensed library timestamp: 12:40:58 29 January 2018                                                 |
     | EAF source library label:    EAF-2010                                                                 |
     |                                                                                                       |
     | THIS RUN                                                                                              |
     | timestamp:                   12:40:59 29 January 2018                                                 |
     | fileroot :                   printlib                                                                 |
     | name of FILES file:          files                                                                    |
     | FISPACT title:               * PRINTLIB OF FW EEF                                                     |
     |                                                                                                       |
     | See the printlib.log file                                                                             |
     | and summary details at the end of this file for further information on files used by this run         |
     |                                                                                                       |
     =========================================================================================================


0                        Details of NEUTRON SPECTRUM used to weight fission yields

   Fraction of neutrons < 200 keV = 0.4046, fraction of neutrons > 200 keV and < 5 MeV = 0.3977, fraction of neutrons > 5 MeV = 0.1977
1                                              P E R C E N T A G E     B R A N C H I N G     R A T I O S 

   H   3   (b-)   He  3  1.000E+02       He  6   (b-)   Li  6  1.000E+02       Li  5    (p)   He  4  1.000E+02       Li  8  (b-a)   He  4  1.000E+02
   Li  9   (b-)   Be  9  5.050E+01       Li  9  (b-n)   Be  8  4.950E+01       Be  6   (pp)   He  4  1.000E+02       Be  7   (b+)   Li  7  1.000E+02
   Be  8    (a)   He  4  1.000E+02       Be 10   (b-)   B  10  1.000E+02       Be 11   (b-)   B  11  9.700E+01       Be 11  (b-a)   Li  7  3.000E+00
   Be 12   (b-)   B  12  1.000E+02       Be 13    (n)   Be 12  1.000E+02       B   8  (b+a)   He  4  1.000E+02       B   9    (p)   Be  8  1.000E+02
   B  12   (b-)   C  12  9.842E+01       B  12  (b-a)   Be  8  1.580E+00       B  13   (b-)   C  13  9.972E+01       B  13  (b-n)   C  12  2.760E-01
   B  14   (b-)   C  14  1.000E+02       B  15   (b-)   C  15  6.000E+00       B  15  (b-n)   C  14  9.360E+01       B  15 (b-2n)   C  13  4.000E-01
   C   9   (b+)   B   9  6.000E+01       C   9  (b+p)   Be  8  2.300E+01       C   9  (b+a)   Li  5  1.700E+01       C  10   (b+)   B  10  1.000E+02
   C  11   (b+)   B  11  1.000E+02       C  14   (b-)   N  14  1.000E+02       C  15   (b-)   N  15  1.000E+02       C  16   (b-)   N  16  2.100E+00
   C  16  (b-n)   N  15  9.790E+01       C  17   (b-)   N  17  7.160E+01       C  17  (b-n)   N  16  2.840E+01       N  11    (p)   C  10  1.000E+02
   N  12   (b+)   C  12  1.000E+02       N  13   (b+)   C  13  1.000E+02       N  16   (b-)   O  16  1.000E+02       N  16  (b-a)   C  12  1.200E-03
   N  17   (b-)   O  17  5.000E+00       N  17  (b-n)   O  16  9.500E+01       N  17  (b-a)   C  13  2.500E-03       N  18   (b-)   O  18  1.000E+02
   N  19   (b-)   O  19  4.540E+01       N  19  (b-n)   O  18  5.460E+01       N  20   (b-)   O  20  4.300E+01       N  20  (b-n)   O  19  5.700E+01
   O  14   (b+)   N  14  1.000E+02       O  15   (b+)   N  15  1.000E+02       O  19   (b-)   F  19  1.000E+02       O  20   (b-)   F  20  1.000E+02
   O  21   (b-)   F  21  1.000E+02       O  22   (b-)   F  22  7.800E+01       O  22  (b-n)   F  21  2.200E+01       F  15    (p)   O  14  1.000E+02
   F  16    (p)   O  15  1.000E+02       F  17   (b+)   O  17  1.000E+02       F  18   (b+)   O  18  1.000E+02       F  20   (b-)   Ne 20  1.000E+02
   F  21   (b-)   Ne 21  1.000E+02       F  22   (b-)   Ne 22  1.000E+02       F  23   (b-)   Ne 23  1.000E+02       F  24   (b-)   Ne 24  1.000E+02
   Ne 17   (b+)   F  17  1.300E+00       Ne 17  (b+p)   O  16  9.600E+01       Ne 17  (b+a)   N  13  2.700E+00       Ne 18   (b+)   F  18  1.000E+02
   Ne 19   (b+)   F  19  1.000E+02       Ne 23   (b-)   Na 23  1.000E+02       Ne 24   (b-)   Na 24  1.000E+02       Ne 25   (b-)   Na 25  1.000E+02
   Ne 26   (b-)   Na 26  1.000E+02       Ne 27   (b-)   Na 27  9.800E+01       Ne 27  (b-n)   Na 26  2.000E+00       Na 20   (b+)   Ne 20  1.000E+02
   Na 21   (b+)   Ne 21  1.000E+02       Na 22   (b+)   Ne 22  1.000E+02       Na 24   (b-)   Mg 24  1.000E+02       Na 24m  (IT)   Na 24  9.950E+01
   Na 24m  (b-)   Mg 24  5.000E-01       Na 25   (b-)   Mg 25  1.000E+02       Na 26   (b-)   Mg 26  1.000E+02       Na 27   (b-)   Mg 27  1.000E+02
   Na 28   (b-)   Mg 28  1.000E+02       Na 29   (b-)   Mg 29  7.410E+01       Na 29  (b-n)   Mg 28  2.590E+01       Na 30   (b-)   Mg 30  6.883E+01
   Na 30  (b-n)   Mg 29  3.000E+01       Na 30 (b-2n)   Mg 28  1.170E+00       Na 30  (b-a)   Ne 26  5.500E-05       Mg 21   (b+)   Na 21  7.070E+01
   Mg 21  (b+p)   Ne 20  2.930E+01       Mg 22   (b+)   Na 22  1.000E+02       Mg 23   (b+)   Na 23  1.000E+02       Mg 27   (b-)   Al 27  1.000E+02
   Mg 28   (b-)   Al 28  1.000E+02       Mg 29   (b-)   Al 29  1.000E+02       Mg 30   (b-)   Al 30  9.994E+01       Mg 30  (b-n)   Al 29  6.000E-02
   Mg 31   (b-)   Al 31  9.380E+01       Mg 31  (b-n)   Al 30  6.200E+00       Al 23   (b+)   Mg 23  9.200E+01       Al 23  (b+p)   Na 22  8.000E+00
   Al 24   (b+)   Mg 24  1.000E+02       Al 24m  (b+)   Mg 24  7.000E+00       Al 24m  (IT)   Al 24  9.300E+01       Al 25   (b+)   Mg 25  1.000E+02
   Al 26   (b+)   Mg 26  1.000E+02       Al 26m  (b+)   Mg 26  1.000E+02       Al 28   (b-)   Si 28  1.000E+02       Al 29   (b-)   Si 29  1.000E+02
   Al 30   (b-)   Si 30  1.000E+02       Al 31   (b-)   Si 31  1.000E+02       Al 32   (b-)   Si 32  1.000E+02       Al 33   (b-)   Si 33  9.150E+01
   Al 33  (b-n)   Si 32  8.500E+00       Al 34   (b-)   Si 34  8.750E+01       Al 34  (b-n)   Si 33  1.250E+01       Si 25   (b+)   Al 25  1.000E+02
   Si 26   (b+)   Al 26  4.019E-02       Si 26   (b+)   Al 26m 9.996E+01       Si 27   (b+)   Al 27  1.000E+02       Si 31   (b-)   P  31  1.000E+02
   Si 32   (b-)   P  32  1.000E+02       Si 33   (b-)   P  33  1.000E+02       Si 34   (b-)   P  34  1.000E+02       Si 35   (b-)   P  35  1.000E+02
   Si 36   (b-)   P  36  1.000E+02       P  28   (b+)   Si 28  1.000E+02       P  29   (b+)   Si 29  1.000E+02       P  30   (b+)   Si 30  1.000E+02
   P  32   (b-)   S  32  1.000E+02       P  33   (b-)   S  33  1.000E+02       P  34   (b-)   S  34  1.000E+02       P  35   (b-)   S  35  1.000E+02
   P  36   (b-)   S  36  1.000E+02       P  37   (b-)   S  37  1.000E+02       P  38   (b-)   S  38  1.000E+02       P  39   (b-)   S  39  7.400E+01
   P  39  (b-n)   S  38  2.600E+01       P  40   (b-)   S  40  8.420E+01       P  40  (b-n)   S  39  1.580E+01       S  29   (b+)   P  29  1.000E+02
   S  30   (b+)   P  30  1.000E+02       S  31   (b+)   P  31  1.000E+02       S  35   (b-)   Cl 35  1.000E+02       S  37   (b-)   Cl 37  1.000E+02
   S  38   (b-)   Cl 38  1.000E+02       S  39   (b-)   Cl 39  1.000E+02       S  40   (b-)   Cl 40  1.000E+02       S  41   (b-)   Cl 41  1.000E+02
   Cl 32   (b+)   S  32  1.000E+02       Cl 33   (b+)   S  33  1.000E+02       Cl 34   (b+)   S  34  1.000E+02       Cl 34m  (b+)   S  34  5.200E+01
   Cl 34m  (IT)   Cl 34  4.800E+01       Cl 36   (b+)   S  36  1.900E+00       Cl 36   (b-)   Ar 36  9.810E+01       Cl 38   (b-)   Ar 38  1.000E+02
   Cl 38m  (IT)   Cl 38  1.000E+02       Cl 39   (b-)   Ar 39  1.000E+02       Cl 40   (b-)   Ar 40  1.000E+02       Cl 41   (b-)   Ar 41  1.000E+02
   Cl 42   (b-)   Ar 42  1.000E+02       Cl 43   (b-)   Ar 43  1.000E+02       Cl 44   (b-)   Ar 44  9.200E+01       Cl 44  (b-n)   Ar 43  8.000E+00
   Cl 45   (b-)   Ar 45  7.600E+01       Cl 45  (b-n)   Ar 44  2.400E+01       Ar 33   (b+)   Cl 33  6.600E+01       Ar 33  (b+p)   S  32  3.400E+01
   Ar 34   (b+)   Cl 34  1.000E+02       Ar 35   (b+)   Cl 35  1.000E+02       Ar 37   (b+)   Cl 37  1.000E+02       Ar 39   (b-)   K  39  1.000E+02
   Ar 41   (b-)   K  41  1.000E+02       Ar 42   (b-)   K  42  1.000E+02       Ar 43   (b-)   K  43  1.000E+02       Ar 44   (b-)   K  44  1.000E+02
   Ar 45   (b-)   K  45  1.000E+02       Ar 46   (b-)   K  46  1.000E+02       Ar 47   (b-)   K  47  9.900E+01       Ar 47  (b-n)   K  46  1.000E+00
   K  36   (b+)   Ar 36  1.000E+02       K  37   (b+)   Ar 37  1.000E+02       K  38   (b+)   Ar 38  1.000E+02       K  38m  (b+)   Ar 38  1.000E+02
   K  40   (b+)   Ar 40  1.086E+01       K  40   (b-)   Ca 40  8.914E+01       K  42   (b-)   Ca 42  1.000E+02       K  43   (b-)   Ca 43  1.000E+02
   K  44   (b-)   Ca 44  1.000E+02       K  45   (b-)   Ca 45  1.000E+02       K  46   (b-)   Ca 46  1.000E+02       K  47   (b-)   Ca 47  1.000E+02
   K  48   (b-)   Ca 48  1.000E+02       Ca 37   (b+)   K  37  2.400E+01       Ca 37  (b+p)   Ar 36  7.600E+01       Ca 38   (b+)   K  38  1.664E-02
   Ca 38   (b+)   K  38m 9.998E+01       Ca 39   (b+)   K  39  1.000E+02       Ca 41   (b+)   K  41  1.000E+02       Ca 45   (b-)   Sc 45  1.000E+02
   Ca 45   (b-)   Sc 45m 1.700E-03       Ca 47   (b-)   Sc 47  1.000E+02       Ca 48 (b-b-)   Ti 48  5.000E+01       Ca 48   (b-)   Sc 48  5.000E+01
   Ca 49   (b-)   Sc 49  1.000E+02       Sc 40   (b+)   Ca 40  1.000E+02       Sc 41   (b+)   Ca 41  1.000E+02       Sc 42   (b+)   Ca 42  1.000E+02
   Sc 42m  (b+)   Ca 42  1.000E+02       Sc 43   (b+)   Ca 43  1.000E+02       Sc 44   (b+)   Ca 44  1.000E+02       Sc 44m  (b+)   Ca 44  1.230E+00
   Sc 44m  (IT)   Sc 44  9.877E+01       Sc 45m  (IT)   Sc 45  1.000E+02       Sc 46   (b-)   Ti 46  1.000E+02       Sc 46m  (IT)   Sc 46  1.000E+02
   Sc 47   (b-)   Ti 47  1.000E+02       Sc 48   (b-)   Ti 48  1.000E+02       Sc 49   (b-)   Ti 49  1.000E+02       Sc 50   (b-)   Ti 50  1.000E+02
   Sc 50m  (b-)   Ti 50  1.250E+00       Sc 50m  (IT)   Sc 50  9.875E+01       Sc 51   (b-)   Ti 51  1.000E+02       Sc 52   (b-)   Ti 52  1.000E+02
   Ti 41   (b+)   Sc 41  9.990E+01       Ti 41  (b+p)   Ca 40  1.000E-01       Ti 42   (b+)   Sc 42  1.000E+02       Ti 43   (b+)   Sc 43  1.000E+02
   Ti 44   (b+)   Sc 44  1.000E+02       Ti 45   (b+)   Sc 45  1.000E+02       Ti 51   (b-)   V  51  1.000E+02       Ti 52   (b-)   V  52  1.000E+02
   Ti 53   (b-)   V  53  1.000E+02       Ti 54   (b-)   V  54  1.000E+02       Ti 55   (b-)   V  55  1.000E+02       V  44   (b+)   Ti 44  1.000E+02
   V  45   (b+)   Ti 45  1.000E+02       V  46   (b+)   Ti 46  1.000E+02       V  47   (b+)   Ti 47  1.000E+02       V  48   (b+)   Ti 48  1.000E+02
   V  49   (b+)   Ti 49  1.000E+02       V  50   (b+)   Ti 50  8.300E+01       V  50   (b-)   Cr 50  1.700E+01       V  52   (b-)   Cr 52  1.000E+02
   V  53   (b-)   Cr 53  1.000E+02       V  54   (b-)   Cr 54  1.000E+02       V  55   (b-)   Cr 55  1.000E+02       V  56   (b-)   Cr 56  1.000E+02
   V  57   (b-)   Cr 57  9.960E+01       V  57  (b-n)   Cr 56  4.000E-01       V  58   (b-)   Cr 58  2.000E+01       V  58  (b-n)   Cr 57  8.000E+01
   Cr 46   (b+)   V  46  1.000E+02       Cr 47   (b+)   V  47  1.000E+02       Cr 48   (b+)   V  48  1.000E+02       Cr 49   (b+)   V  49  1.000E+02
   Cr 50 (b+b+)   Ti 50  1.000E+02       Cr 51   (b+)   V  51  1.000E+02       Cr 55   (b-)   Mn 55  1.000E+02       Cr 56   (b-)   Mn 56  1.000E+02
   Cr 57   (b-)   Mn 57  1.000E+02       Cr 58   (b-)   Mn 58  1.000E+02       Cr 59   (b-)   Mn 59  1.000E+02       Mn 48   (b+)   Cr 48  9.972E+01
   Mn 48  (b+p)   V  47  2.800E-01       Mn 48  (b+a)   Ti 44  6.000E-04       Mn 49   (b+)   Cr 49  1.000E+02       Mn 50   (b+)   Cr 50  1.000E+02
   Mn 50m  (b+)   Cr 50  1.000E+02       Mn 51   (b+)   Cr 51  1.000E+02       Mn 52   (b+)   Cr 52  1.000E+02       Mn 52m  (b+)   Cr 52  9.825E+01
   Mn 52m  (IT)   Mn 52  1.750E+00       Mn 53   (b+)   Cr 53  1.000E+02       Mn 54   (b+)   Cr 54  1.000E+02       Mn 56   (b-)   Fe 56  1.000E+02
   Mn 57   (b-)   Fe 57  1.000E+02       Mn 58   (b-)   Fe 58  1.000E+02       Mn 58m  (b-)   Fe 58  1.000E+02       Mn 59   (b-)   Fe 59  1.000E+02
   Mn 60   (b-)   Fe 60  1.000E+02       Mn 60m  (b-)   Fe 60  1.000E+02       Mn 61   (b-)   Fe 61  1.000E+02       Mn 62   (b-)   Fe 62  1.000E+02
   Mn 63   (b-)   Fe 63  1.000E+02       Mn 64   (b-)   Fe 64  1.000E+02       Fe 50   (b+)   Mn 50  1.000E+02       Fe 51   (b+)   Mn 51  1.000E+02
   Fe 52   (b+)   Mn 52m 1.000E+02       Fe 52m  (b+)   Mn 52  1.000E+02       Fe 53   (b+)   Mn 53  1.000E+02       Fe 53m  (IT)   Fe 53  1.000E+02
   Fe 55   (b+)   Mn 55  1.000E+02       Fe 59   (b-)   Co 59  1.000E+02       Fe 60   (b-)   Co 60m 1.000E+02       Fe 61   (b-)   Co 61  1.000E+02
   Fe 62   (b-)   Co 62  1.000E+02       Fe 63   (b-)   Co 63  1.000E+02       Fe 64   (b-)   Co 64  1.000E+02       Fe 65   (b-)   Co 65  1.000E+02
   Co 52   (b+)   Fe 52  5.000E+01       Co 52   (b+)   Fe 52m 5.000E+01       Co 53   (b+)   Fe 53  1.000E+02       Co 54   (b+)   Fe 54  1.000E+02
   Co 54m  (b+)   Fe 54  1.000E+02       Co 55   (b+)   Fe 55  1.000E+02       Co 56   (b+)   Fe 56  1.000E+02       Co 57   (b+)   Fe 57  1.000E+02
   Co 58   (b+)   Fe 58  1.000E+02       Co 58m  (IT)   Co 58  1.000E+02       Co 60   (b-)   Ni 60  1.000E+02       Co 60m  (IT)   Co 60  9.975E+01
   Co 60m  (b-)   Ni 60  2.500E-01       Co 61   (b-)   Ni 61  1.000E+02       Co 62   (b-)   Ni 62  1.000E+02       Co 62m  (b-)   Ni 62  9.900E+01
   Co 62m  (IT)   Co 62  1.000E+00       Co 63   (b-)   Ni 63  1.000E+02       Co 64   (b-)   Ni 64  1.000E+02       Co 65   (b-)   Ni 65  1.000E+02
   Co 66   (b-)   Ni 66  1.000E+02       Co 67   (b-)   Ni 67  1.000E+02       Co 68   (b-)   Ni 68  1.000E+02       Co 68m  (b-)   Ni 68  5.000E+01
   Co 68m  (IT)   Co 68  5.000E+01       Co 69   (b-)   Ni 69  9.900E+01       Co 69  (b-n)   Ni 68  1.000E+00       Ni 53   (b+)   Co 53  1.000E+02
   Ni 54   (b+)   Co 54  1.000E+02       Ni 55   (b+)   Co 55  1.000E+02       Ni 56   (b+)   Co 56  1.000E+02       Ni 57   (b+)   Co 57  1.000E+02
   Ni 58 (b+b+)   Fe 58  1.000E+02       Ni 59   (b+)   Co 59  1.000E+02       Ni 63   (b-)   Cu 63  1.000E+02       Ni 65   (b-)   Cu 65  1.000E+02
   Ni 66   (b-)   Cu 66  1.000E+02       Ni 67   (b-)   Cu 67  1.000E+02       Ni 68   (b-)   Cu 68  1.000E+02       Ni 69   (b-)   Cu 69  1.000E+02
   Ni 69m  (b-)   Cu 69  1.000E+02       Ni 70   (b-)   Cu 70n 1.000E+02       Ni 71   (b-)   Cu 71  1.000E+02       Cu 56   (b+)   Ni 56  9.960E+01
   Cu 56  (b+p)   Co 55  4.000E-01       Cu 57   (b+)   Ni 57  1.000E+02       Cu 58   (b+)   Ni 58  1.000E+02       Cu 59   (b+)   Ni 59  1.000E+02
   Cu 60   (b+)   Ni 60  1.000E+02       Cu 61   (b+)   Ni 61  1.000E+02       Cu 62   (b+)   Ni 62  1.000E+02       Cu 64   (b+)   Ni 64  6.100E+01
   Cu 64   (b-)   Zn 64  3.900E+01       Cu 66   (b-)   Zn 66  1.000E+02       Cu 67   (b-)   Zn 67  1.000E+02       Cu 68   (b-)   Zn 68  1.000E+02
   Cu 68m  (b-)   Zn 68  1.600E+01       Cu 68m  (IT)   Cu 68  8.400E+01       Cu 69   (b-)   Zn 69  1.000E+02       Cu 70   (b-)   Zn 70  1.000E+02
   Cu 70m  (b-)   Zn 70  5.200E+01       Cu 70m  (IT)   Cu 70  4.800E+01       Cu 70n  (b-)   Zn 70  9.320E+01       Cu 70n  (IT)   Cu 70m 6.800E+00
   Cu 71   (b-)   Zn 71  1.000E+02       Cu 72   (b-)   Zn 72  1.000E+02       Cu 73   (b-)   Zn 73  1.000E+02       Cu 74   (b-)   Zn 74  1.000E+02
   Cu 75   (b-)   Zn 75  9.650E+01       Cu 75  (b-n)   Zn 74  3.500E+00       Zn 58   (b+)   Cu 58  9.700E+01       Zn 58  (b+p)   Ni 57  3.000E+00
   Zn 59   (b+)   Cu 59  1.000E+02       Zn 60   (b+)   Cu 60  1.000E+02       Zn 61   (b+)   Cu 61  1.000E+02       Zn 62   (b+)   Cu 62  1.000E+02
   Zn 63   (b+)   Cu 63  1.000E+02       Zn 64 (b+b+)   Ni 64  1.000E+02       Zn 65   (b+)   Cu 65  1.000E+02       Zn 69   (b-)   Ga 69  1.000E+02
   Zn 69m  (b-)   Ga 69  3.300E-02       Zn 69m  (IT)   Zn 69  9.997E+01       Zn 71   (b-)   Ga 71  1.000E+02       Zn 71m  (b-)   Ga 71  1.000E+02
   Zn 72   (b-)   Ga 72  9.667E+01       Zn 72   (b-)   Ga 72m 3.332E+00       Zn 73   (b-)   Ga 73  1.000E+02       Zn 73m  (IT)   Zn 73  1.000E+02
   Zn 73n  (IT)   Zn 73m 5.000E+01       Zn 73n  (b-)   Ga 73  5.000E+01       Zn 74   (b-)   Ga 74  1.000E+02       Zn 75   (b-)   Ga 75  1.000E+02
   Zn 76   (b-)   Ga 76  1.000E+02       Ga 63   (b+)   Zn 63  1.000E+02       Ga 64   (b+)   Zn 64  1.000E+02       Ga 65   (b+)   Zn 65  1.000E+02
   Ga 66   (b+)   Zn 66  1.000E+02       Ga 67   (b+)   Zn 67  1.000E+02       Ga 68   (b+)   Zn 68  1.000E+02       Ga 70   (b-)   Ge 70  9.959E+01
   Ga 70   (b+)   Zn 70  4.100E-01       Ga 72   (b-)   Ge 72  1.000E+02       Ga 72m  (IT)   Ga 72  1.000E+02       Ga 73   (b-)   Ge 73  1.468E+00
   Ga 73   (b-)   Ge 73m 9.853E+01       Ga 74   (b-)   Ge 74  1.000E+02       Ga 74m  (IT)   Ga 74  1.000E+02       Ga 75   (b-)   Ge 75  9.930E+01
   Ga 75   (b-)   Ge 75m 7.000E-01       Ga 76   (b-)   Ge 76  1.000E+02       Ga 77   (b-)   Ge 77m 1.000E+02       Ga 78   (b-)   Ge 78  1.000E+02
   Ga 79   (b-)   Ge 79  9.471E+01       Ga 79   (b-)   Ge 79m 5.200E+00       Ga 79  (b-n)   Ge 78  8.900E-02       Ge 64   (b+)   Ga 64  1.000E+02
   Ge 65   (b+)   Ga 65  1.000E+02       Ge 66   (b+)   Ga 66  1.000E+02       Ge 67   (b+)   Ga 67  1.000E+02       Ge 68   (b+)   Ga 68  1.000E+02
   Ge 69   (b+)   Ga 69  1.000E+02       Ge 71   (b+)   Ga 71  1.000E+02       Ge 71m  (IT)   Ge 71  1.000E+02       Ge 73m  (IT)   Ge 73  1.000E+02
   Ge 75   (b-)   As 75  1.000E+02       Ge 75m  (b-)   As 75  3.300E-02       Ge 75m  (IT)   Ge 75  9.997E+01       Ge 76 (b-b-)   Se 76  1.000E+02
   Ge 77   (b-)   As 77  1.000E+02       Ge 77m  (b-)   As 77  8.100E+01       Ge 77m  (IT)   Ge 77  1.900E+01       Ge 78   (b-)   As 78  1.000E+02
   Ge 79   (b-)   As 79  1.000E+02       Ge 79m  (b-)   As 79  9.600E+01       Ge 79m  (IT)   Ge 79  4.000E+00       Ge 80   (b-)   As 80  1.000E+02
   Ge 81   (b-)   As 81  1.000E+02       Ge 81m  (b-)   As 81  1.000E+02       Ge 81m  (IT)   Ge 81  1.000E+00       As 67   (b+)   Ge 67  1.000E+02
   As 68   (b+)   Ge 68  1.000E+02       As 69   (b+)   Ge 69  1.000E+02       As 70   (b+)   Ge 70  1.000E+02       As 71   (b+)   Ge 71  1.000E+02
   As 72   (b+)   Ge 72  1.000E+02       As 73   (b+)   Ge 73  1.000E+02       As 74   (b-)   Se 74  3.400E+01       As 74   (b+)   Ge 74  6.600E+01
   As 76   (b-)   Se 76  1.000E+02       As 77   (b-)   Se 77  1.000E+02       As 78   (b-)   Se 78  1.000E+02       As 79   (b-)   Se 79  2.369E+00
   As 79   (b-)   Se 79m 9.763E+01       As 80   (b-)   Se 80  1.000E+02       As 81   (b-)   Se 81  9.641E+01       As 81   (b-)   Se 81m 3.590E+00
   As 82   (b-)   Se 82  1.000E+02       As 82m  (b-)   Se 82  1.000E+02       As 83   (b-)   Se 83  3.000E+01       As 83   (b-)   Se 83m 7.000E+01
   As 84   (b-)   Se 84  9.972E+01       As 84  (b-n)   Se 83  2.800E-01       As 84m  (b-)   Se 84  1.000E+02       Se 68   (b+)   As 68  1.000E+02
   Se 69   (b+)   As 69  1.000E+02       Se 70   (b+)   As 70  1.000E+02       Se 71   (b+)   As 71  1.000E+02       Se 72   (b+)   As 72  1.000E+02
   Se 73   (b+)   As 73  1.000E+02       Se 73m  (b+)   As 73  2.740E+01       Se 73m  (IT)   Se 73  7.260E+01       Se 75   (b+)   As 75  1.000E+02
   Se 77m  (IT)   Se 77  1.000E+02       Se 79   (b-)   Br 79  1.000E+02       Se 79m  (IT)   Se 79  9.994E+01       Se 79m  (b-)   Br 79  5.600E-02
   Se 81   (b-)   Br 81  1.000E+02       Se 81m  (b-)   Br 81  6.800E-02       Se 81m  (IT)   Se 81  9.993E+01       Se 82 (b-b-)   Kr 82  1.000E+02
   Se 83   (b-)   Br 83  1.000E+02       Se 83m  (b-)   Br 83  1.000E+02       Se 84   (b-)   Br 84  1.000E+02       Se 84   (b-)   Br 84m 0.000E+00
   Se 85   (b-)   Br 85  1.000E+02       Br 71   (b+)   Se 71  1.000E+02       Br 72   (b+)   Se 72  1.000E+02       Br 72m  (IT)   Br 72  1.000E+02
   Br 73   (b+)   Se 73  2.059E+01       Br 73   (b+)   Se 73m 7.941E+01       Br 74   (b+)   Se 74  1.000E+02       Br 74m  (b+)   Se 74  1.000E+02
   Br 75   (b+)   Se 75  1.000E+02       Br 76   (b+)   Se 76  1.000E+02       Br 76m  (b+)   Se 76  3.000E-01       Br 76m  (IT)   Br 76  9.970E+01
   Br 77   (b+)   Se 77  1.000E+02       Br 77m  (IT)   Br 77  1.000E+02       Br 78   (b+)   Se 78  1.000E+02       Br 79m  (IT)   Br 79  1.000E+02
   Br 80   (b-)   Kr 80  9.170E+01       Br 80   (b+)   Se 80  8.300E+00       Br 80m  (IT)   Br 80  1.000E+02       Br 82   (b-)   Kr 82  1.000E+02
   Br 82m  (b-)   Kr 82  2.400E+00       Br 82m  (IT)   Br 82  9.760E+01       Br 83   (b-)   Kr 83  8.895E-02       Br 83   (b-)   Kr 83m 9.991E+01
   Br 84   (b-)   Kr 84  1.000E+02       Br 84m  (b-)   Kr 84  1.000E+02       Br 85   (b-)   Kr 85  1.626E-01       Br 85   (b-)   Kr 85m 9.984E+01
   Br 86   (b-)   Kr 86  1.000E+02       Br 87   (b-)   Kr 87  9.749E+01       Br 87  (b-n)   Kr 86  2.510E+00       Br 88   (b-)   Kr 88  9.330E+01
   Br 88  (b-n)   Kr 87  6.700E+00       Kr 72   (b+)   Br 72  1.000E+02       Kr 73   (b+)   Br 73  1.000E+02       Kr 74   (b+)   Br 74  1.000E+02
   Kr 75   (b+)   Br 75  1.000E+02       Kr 76   (b+)   Br 76  1.000E+02       Kr 77   (b+)   Br 77  1.000E+02       Kr 78 (b+b+)   Se 78  1.000E+02
   Kr 79   (b+)   Br 79  1.000E+02       Kr 79m  (IT)   Kr 79  1.000E+02       Kr 81   (b+)   Br 81  1.000E+02       Kr 81m  (b+)   Br 81  2.500E-03
   Kr 81m  (IT)   Kr 81  1.000E+02       Kr 83m  (IT)   Kr 83  1.000E+02       Kr 85   (b-)   Rb 85  1.000E+02       Kr 85m  (b-)   Rb 85  7.860E+01
   Kr 85m  (IT)   Kr 85  2.140E+01       Kr 87   (b-)   Rb 87  1.000E+02       Kr 88   (b-)   Rb 88  1.000E+02       Kr 89   (b-)   Rb 89  1.000E+02
   Kr 90   (b-)   Rb 90  8.780E+01       Kr 90   (b-)   Rb 90m 1.220E+01       Rb 77   (b+)   Kr 77  1.000E+02       Rb 78   (b+)   Kr 78  1.000E+02
   Rb 78m  (b+)   Kr 78  9.000E+01       Rb 78m  (IT)   Rb 78  1.000E+01       Rb 79   (b+)   Kr 79  1.000E+02       Rb 80   (b+)   Kr 80  1.000E+02
   Rb 81   (b+)   Kr 81  1.000E+02       Rb 81m  (IT)   Rb 81  9.620E+01       Rb 81m  (b+)   Kr 81  3.765E+00       Rb 81m  (b+)   Kr 81m 3.484E-02
   Rb 82   (b+)   Kr 82  1.000E+02       Rb 82m  (b+)   Kr 82  1.000E+02       Rb 83   (b+)   Kr 83  2.500E+01       Rb 83   (b+)   Kr 83m 7.500E+01
   Rb 84   (b-)   Sr 84  3.200E+00       Rb 84   (b+)   Kr 84  9.680E+01       Rb 84m  (IT)   Rb 84  1.000E+02       Rb 86   (b+)   Kr 86  5.200E-03
   Rb 86   (b-)   Sr 86  1.000E+02       Rb 86m  (IT)   Rb 86  1.000E+02       Rb 87   (b-)   Sr 87  1.000E+02       Rb 88   (b-)   Sr 88  1.000E+02
   Rb 89   (b-)   Sr 89  1.000E+02       Rb 90   (b-)   Sr 90  1.000E+02       Rb 90m  (b-)   Sr 90  9.740E+01       Rb 90m  (IT)   Rb 90  2.600E+00
   Rb 91   (b-)   Sr 91  1.000E+02       Rb 92   (b-)   Sr 92  1.000E+02       Rb 93   (b-)   Sr 93  9.860E+01       Rb 93  (b-n)   Sr 92  1.400E+00
   Rb 94   (b-)   Sr 94  8.990E+01       Rb 94  (b-n)   Sr 93  1.010E+01       Sr 78   (b+)   Rb 78  1.000E+02       Sr 79   (b+)   Rb 79  1.000E+02
   Sr 80   (b+)   Rb 80  1.000E+02       Sr 81   (b+)   Rb 81  9.986E+01       Sr 81   (b+)   Rb 81m 1.441E-01       Sr 82   (b+)   Rb 82  1.000E+02
   Sr 83   (b+)   Rb 83  1.000E+02       Sr 83m  (IT)   Sr 83  1.000E+02       Sr 85   (b+)   Rb 85  1.000E+02       Sr 85m  (b+)   Rb 85  1.340E+01
   Sr 85m  (IT)   Sr 85  8.660E+01       Sr 87m  (b+)   Rb 87  3.000E-01       Sr 87m  (IT)   Sr 87  9.970E+01       Sr 89   (b-)   Y  89  9.999E+01
   Sr 89   (b-)   Y  89m 9.639E-03       Sr 90   (b-)   Y  90  1.000E+02       Sr 91   (b-)   Y  91  4.116E+01       Sr 91   (b-)   Y  91m 5.884E+01
   Sr 92   (b-)   Y  92  1.000E+02       Sr 93   (b-)   Y  93  7.498E+01       Sr 93   (b-)   Y  93m 2.502E+01       Sr 94   (b-)   Y  94  1.000E+02
   Sr 95   (b-)   Y  95  1.000E+02       Sr 96   (b-)   Y  96  1.000E+02       Y  81   (b+)   Sr 81  1.000E+02       Y  82   (b+)   Sr 82  1.000E+02
   Y  83   (b+)   Sr 83  1.000E+02       Y  83m  (b+)   Sr 83  1.000E+02       Y  84   (b+)   Sr 84  1.000E+02       Y  84m  (b+)   Sr 84  1.000E+02
   Y  85   (b+)   Sr 85  1.000E+02       Y  85m  (b+)   Sr 85  1.000E+02       Y  86   (b+)   Sr 86  1.000E+02       Y  86m  (b+)   Sr 86  6.900E-01
   Y  86m  (IT)   Y  86  9.931E+01       Y  87   (b+)   Sr 87  1.000E+02       Y  87m  (b+)   Sr 87  1.570E+00       Y  87m  (IT)   Y  87  9.843E+01
   Y  88   (b+)   Sr 88  1.000E+02       Y  89m  (IT)   Y  89  1.000E+02       Y  90   (b-)   Zr 90  1.000E+02       Y  90m  (b-)   Zr 90m 2.100E-03
   Y  90m  (IT)   Y  90  1.000E+02       Y  91   (b-)   Zr 91  1.000E+02       Y  91m  (IT)   Y  91  1.000E+02       Y  92   (b-)   Zr 92  1.000E+02
   Y  93   (b-)   Zr 93  1.000E+02       Y  93m  (IT)   Y  93  1.000E+02       Y  94   (b-)   Zr 94  1.000E+02       Y  95   (b-)   Zr 95  1.000E+02
   Y  96   (b-)   Zr 96  1.000E+02       Y  96m  (b-)   Zr 96  1.000E+02       Y  97   (b-)   Zr 97  9.994E+01       Y  97  (b-n)   Zr 96  5.500E-02
   Y  97m  (b-)   Zr 97  9.925E+01       Y  97m  (IT)   Y  97  7.000E-01       Y  97m (b-n)   Zr 96  5.000E-02       Y  97n  (b-)   Zr 97  1.600E+00
   Y  97n  (IT)   Y  97m 9.840E+01       Y  98   (b-)   Zr 98  9.973E+01       Y  98  (b-n)   Zr 97  2.700E-01       Y  98m  (b-)   Zr 98  9.656E+01
   Y  98m (b-n)   Zr 97  3.440E+00       Zr 82   (b+)   Y  82  1.000E+02       Zr 83   (b+)   Y  83  3.898E+00       Zr 83   (b+)   Y  83m 9.610E+01
   Zr 84   (b+)   Y  84  1.000E+02       Zr 85   (b+)   Y  85  1.000E+02       Zr 85m  (IT)   Zr 85  1.000E+02       Zr 86   (b+)   Y  86  1.000E+02
   Zr 87   (b+)   Y  87  2.800E-01       Zr 87   (b+)   Y  87m 9.972E+01       Zr 87m  (IT)   Zr 87  1.000E+02       Zr 88   (b+)   Y  88  1.000E+02
   Zr 89   (b+)   Y  89  1.300E-01       Zr 89   (b+)   Y  89m 9.987E+01       Zr 89m  (b+)   Y  89  6.660E+00       Zr 89m  (IT)   Zr 89  9.334E+01
   Zr 90m  (IT)   Zr 90  1.000E+02       Zr 93   (b-)   Nb 93m 9.700E+01       Zr 93   (b-)   Nb 93  3.000E+00       Zr 94 (b-b-)   Mo 94  1.000E+02
   Zr 95   (b-)   Nb 95  9.892E+01       Zr 95   (b-)   Nb 95m 1.080E+00       Zr 96 (b-b-)   Mo 96  1.000E+02       Zr 97   (b-)   Nb 97  4.952E+00
   Zr 97   (b-)   Nb 97m 9.505E+01       Zr 98   (b-)   Nb 98  1.000E+02       Zr 99   (b-)   Nb 99m 3.680E+01       Zr 99   (b-)   Nb 99  6.320E+01
   Nb 86   (b+)   Zr 86  1.000E+02       Nb 86m  (b+)   Zr 86  1.000E+02       Nb 87   (b+)   Zr 87  1.000E+02       Nb 87m  (b+)   Zr 87  1.000E+02
   Nb 88   (b+)   Zr 88  1.000E+02       Nb 88m  (b+)   Zr 88  1.000E+02       Nb 89   (b+)   Zr 89  9.877E+01       Nb 89   (b+)   Zr 89m 1.225E+00
   Nb 89m  (b+)   Zr 89  8.258E+01       Nb 89m  (b+)   Zr 89m 1.691E+01       Nb 90   (b+)   Zr 90m 9.810E+01       Nb 90   (b+)   Zr 90  1.900E+00
   Nb 90m  (IT)   Nb 90  1.000E+02       Nb 90n  (IT)   Nb 90m 1.000E+02       Nb 91   (b+)   Zr 91  1.000E+02       Nb 91m  (IT)   Nb 91  9.760E+01
   Nb 91m  (b+)   Zr 91  2.400E+00       Nb 92   (b+)   Zr 92  1.000E+02       Nb 92m  (b+)   Zr 92  1.000E+02       Nb 93m  (IT)   Nb 93  1.000E+02
   Nb 94   (b-)   Mo 94  1.000E+02       Nb 94m  (b-)   Mo 94  5.000E-01       Nb 94m  (IT)   Nb 94  9.950E+01       Nb 95   (b-)   Mo 95  1.000E+02
   Nb 95m  (b-)   Mo 95  5.600E+00       Nb 95m  (IT)   Nb 95  9.440E+01       Nb 96   (b-)   Mo 96  1.000E+02       Nb 97   (b-)   Mo 97  1.000E+02
   Nb 97m  (IT)   Nb 97  1.000E+02       Nb 98   (b-)   Mo 98  1.000E+02       Nb 98m  (b-)   Mo 98  1.000E+02       Nb 99   (b-)   Mo 99  1.000E+02
   Nb 99m  (b-)   Mo 99  9.800E+01       Nb 99m  (IT)   Nb 99  2.000E+00       Nb100   (b-)   Mo100  1.000E+02       Nb100m  (b-)   Mo100  1.000E+02
   Nb101   (b-)   Mo101  1.000E+02       Nb102   (b-)   Mo102  1.000E+02       Nb102m  (b-)   Mo102  1.000E+02       Nb103   (b-)   Mo103  9.999E+01
   Nb103  (b-n)   Mo102  1.000E-02       Nb104   (b-)   Mo104  9.994E+01       Nb104  (b-n)   Mo103  6.000E-02       Nb104m  (b-)   Mo104  9.995E+01
   Nb104m (b-n)   Mo103  5.000E-02       Mo 88   (b+)   Nb 88  1.000E+02       Mo 89   (b+)   Nb 89  1.000E+02       Mo 90   (b+)   Nb 90  1.000E+02
   Mo 91   (b+)   Nb 91  9.997E+01       Mo 91   (b+)   Nb 91m 3.420E-02       Mo 91m  (b+)   Nb 91m 5.000E+01       Mo 91m  (IT)   Mo 91  5.000E+01
   Mo 92 (b+b+)   Zr 92  1.000E+02       Mo 93   (b+)   Nb 93  1.200E+01       Mo 93   (b+)   Nb 93m 8.800E+01       Mo 93m  (b+)   Nb 93  1.200E-01
   Mo 93m  (IT)   Mo 93  9.988E+01       Mo 98 (b-b-)   Ru 98  1.000E+02       Mo 99   (b-)   Tc 99  1.194E+01       Mo 99   (b-)   Tc 99m 8.806E+01
   Mo100 (b-b-)   Ru100  1.000E+02       Mo101   (b-)   Tc101  1.000E+02       Mo102   (b-)   Tc102  1.000E+02       Mo103   (b-)   Tc103  1.000E+02
   Mo104   (b-)   Tc104  1.000E+02       Mo105   (b-)   Tc105  1.000E+02       Tc 90   (b+)   Mo 90  1.000E+02       Tc 90m  (b+)   Mo 90  1.000E+02
   Tc 91   (b+)   Mo 91  1.000E+02       Tc 91m  (b+)   Mo 91  1.000E+02       Tc 92   (b+)   Mo 92  1.000E+02       Tc 93   (b+)   Mo 93  1.000E+02
   Tc 93m  (b+)   Mo 93  2.340E+01       Tc 93m  (IT)   Tc 93  7.660E+01       Tc 94   (b+)   Mo 94  1.000E+02       Tc 94m  (b+)   Mo 94  1.000E+02
   Tc 95   (b+)   Mo 95  1.000E+02       Tc 95m  (b+)   Mo 95  9.612E+01       Tc 95m  (IT)   Tc 95  3.880E+00       Tc 96   (b+)   Mo 96  1.000E+02
   Tc 96m  (b+)   Mo 96  2.000E+00       Tc 96m  (IT)   Tc 96  9.800E+01       Tc 97   (b+)   Mo 97  1.000E+02       Tc 97m  (IT)   Tc 97  1.000E+02
   Tc 98   (b-)   Ru 98  1.000E+02       Tc 99   (b-)   Ru 99  1.000E+02       Tc 99m  (IT)   Tc 99  1.000E+02       Tc 99m  (b-)   Ru 99  3.700E-03
   Tc100   (b-)   Ru100  1.000E+02       Tc101   (b-)   Ru101  1.000E+02       Tc102   (b-)   Ru102  1.000E+02       Tc102m  (b-)   Ru102  1.000E+02
   Tc103   (b-)   Ru103  1.000E+02       Tc104   (b-)   Ru104  1.000E+02       Tc105   (b-)   Ru105  1.000E+02       Tc106   (b-)   Ru106  1.000E+02
   Tc107   (b-)   Ru107  1.000E+02       Tc108   (b-)   Ru108  1.000E+02       Tc109   (b-)   Ru109  9.992E+01       Tc109  (b-n)   Ru108  8.000E-02
   Ru 92   (b+)   Tc 92  1.000E+02       Ru 93   (b+)   Tc 93  1.000E+02       Ru 93m  (b+)   Tc 93  7.780E+01       Ru 93m  (IT)   Ru 93  2.220E+01
   Ru 94   (b+)   Tc 94m 1.000E+02       Ru 95   (b+)   Tc 95  9.739E+01       Ru 95   (b+)   Tc 95m 2.606E+00       Ru 96 (b+b+)   Mo 96  1.000E+02
   Ru 97   (b+)   Tc 97  9.996E+01       Ru 97   (b+)   Tc 97m 4.217E-02       Ru103   (b-)   Rh103  1.198E+00       Ru103   (b-)   Rh103m 9.880E+01
   Ru105   (b-)   Rh105  7.161E+01       Ru105   (b-)   Rh105m 2.839E+01       Ru106   (b-)   Rh106  1.000E+02       Ru107   (b-)   Rh107  1.000E+02
   Ru108   (b-)   Rh108  1.000E+02       Ru109   (b-)   Rh109  1.000E+02       Ru110   (b-)   Rh110  1.000E+02       Ru111   (b-)   Rh111  1.000E+02
   Rh 95   (b+)   Ru 95  1.000E+02       Rh 95m  (b+)   Ru 95  1.200E+01       Rh 95m  (IT)   Rh 95  8.800E+01       Rh 96   (b+)   Ru 96  1.000E+02
   Rh 96m  (b+)   Ru 96  4.000E+01       Rh 96m  (IT)   Rh 96  6.000E+01       Rh 97   (b+)   Ru 97  1.000E+02       Rh 97m  (b+)   Ru 97  9.440E+01
   Rh 97m  (IT)   Rh 97  5.600E+00       Rh 98   (b+)   Ru 98  1.000E+02       Rh 98m  (b+)   Ru 98  1.000E+02       Rh 99   (b+)   Ru 99  1.000E+02
   Rh 99m  (b+)   Ru 99  1.000E+02       Rh100   (b+)   Ru100  1.000E+02       Rh100m  (b+)   Ru100  1.700E+00       Rh100m  (IT)   Rh100  9.830E+01
   Rh101   (b+)   Ru101  1.000E+02       Rh101m  (b+)   Ru101  9.256E+01       Rh101m  (IT)   Rh101  7.440E+00       Rh102   (b+)   Ru102  1.000E+02
   Rh102m  (b-)   Pd102  2.000E+01       Rh102m  (b+)   Ru102  7.500E+01       Rh102m  (IT)   Rh102  5.000E+00       Rh103m  (IT)   Rh103  1.000E+02
   Rh104   (b-)   Pd104  9.955E+01       Rh104   (b+)   Ru104  4.500E-01       Rh104m  (b-)   Pd104  1.300E-01       Rh104m  (IT)   Rh104  9.987E+01
   Rh105   (b-)   Pd105  1.000E+02       Rh105m  (IT)   Rh105  1.000E+02       Rh106   (b-)   Pd106  1.000E+02       Rh106m  (b-)   Pd106  1.000E+02
   Rh107   (b-)   Pd107  1.000E+02       Rh108   (b-)   Pd108  1.000E+02       Rh108m  (b-)   Pd108  1.000E+02       Rh109   (b-)   Pd109  1.000E+02
   Rh110   (b-)   Pd110  1.000E+02       Rh110m  (b-)   Pd110  1.000E+02       Rh111   (b-)   Pd111  1.000E+02       Rh112   (b-)   Pd112  1.000E+02
   Rh112m  (b-)   Pd112  1.000E+02       Rh113   (b-)   Pd113  1.000E+02       Rh114   (b-)   Pd114  1.000E+02       Rh114m  (b-)   Pd114  1.000E+02
   Pd 96   (b+)   Rh 96m 1.000E+02       Pd 97   (b+)   Rh 97  9.831E+01       Pd 97   (b+)   Rh 97m 1.687E+00       Pd 98   (b+)   Rh 98  1.000E+02
   Pd 99   (b+)   Rh 99  2.950E+00       Pd 99   (b+)   Rh 99m 9.705E+01       Pd100   (b+)   Rh100  1.000E+02       Pd101   (b+)   Rh101  2.734E-01
   Pd101   (b+)   Rh101m 9.973E+01       Pd103   (b+)   Rh103  2.600E-02       Pd103   (b+)   Rh103m 9.997E+01       Pd107   (b-)   Ag107  1.000E+02
   Pd107m  (IT)   Pd107  1.000E+02       Pd109   (b-)   Ag109  4.846E-02       Pd109   (b-)   Ag109m 9.995E+01       Pd109m  (IT)   Pd109  1.000E+02
   Pd110 (b-b-)   Cd110  1.000E+02       Pd111   (b-)   Ag111  7.042E-01       Pd111   (b-)   Ag111m 9.930E+01       Pd111m  (b-)   Ag111  7.500E+00
   Pd111m  (b-)   Ag111m 1.950E+01       Pd111m  (IT)   Pd111  7.300E+01       Pd112   (b-)   Ag112  1.000E+02       Pd113   (b-)   Ag113m 9.500E+01
   Pd113   (b-)   Ag113  5.000E+00       Pd113m  (IT)   Pd113  1.000E+02       Pd114   (b-)   Ag114  1.000E+02       Pd115   (b-)   Ag115  7.300E+01
   Pd115   (b-)   Ag115m 2.700E+01       Pd115m  (b-)   Ag115m 9.200E+01       Pd115m  (IT)   Pd115  8.000E+00       Pd116   (b-)   Ag116  1.000E+02
   Pd117   (b-)   Ag117  5.000E+01       Pd117   (b-)   Ag117m 5.000E+01       Pd118   (b-)   Ag118  8.570E+01       Pd118   (b-)   Ag118m 1.430E+01
   Ag100   (b+)   Pd100  1.000E+02       Ag100m  (b+)   Pd100  1.000E+02       Ag101   (b+)   Pd101  1.000E+02       Ag101m  (IT)   Ag101  1.000E+02
   Ag102   (b+)   Pd102  1.000E+02       Ag102m  (b+)   Pd102  5.100E+01       Ag102m  (IT)   Ag102  4.900E+01       Ag103   (b+)   Pd103  1.000E+02
   Ag103m  (IT)   Ag103  1.000E+02       Ag104   (b+)   Pd104  1.000E+02       Ag104m  (b+)   Pd104  6.700E+01       Ag104m  (IT)   Ag104  3.300E+01
   Ag105   (b+)   Pd105  1.000E+02       Ag105m  (b+)   Pd105  3.400E-01       Ag105m  (IT)   Ag105  9.966E+01       Ag106   (b-)   Cd106  5.000E-01
   Ag106   (b+)   Pd106  9.950E+01       Ag106m  (b+)   Pd106  1.000E+02       Ag107m  (IT)   Ag107  1.000E+02       Ag108   (b-)   Cd108  9.710E+01
   Ag108   (b+)   Pd108  2.900E+00       Ag108m  (b+)   Pd108  9.130E+01       Ag108m  (IT)   Ag108  8.700E+00       Ag109m  (IT)   Ag109  1.000E+02
   Ag110   (b+)   Pd110  3.000E-01       Ag110   (b-)   Cd110  9.970E+01       Ag110m  (IT)   Ag110  1.360E+00       Ag110m  (b-)   Cd110  9.864E+01
   Ag111   (b-)   Cd111  1.000E+02       Ag111m  (b-)   Cd111  5.000E-01       Ag111m  (IT)   Ag111  9.950E+01       Ag112   (b-)   Cd112  1.000E+02
   Ag113   (b-)   Cd113  9.827E+01       Ag113   (b-)   Cd113m 1.729E+00       Ag113m  (IT)   Ag113  6.400E+01       Ag113m  (b-)   Cd113  3.600E+01
   Ag114   (b-)   Cd114  1.000E+02       Ag114m  (IT)   Ag114  1.000E+02       Ag115   (b-)   Cd115  9.424E+01       Ag115   (b-)   Cd115m 5.762E+00
   Ag115m  (b-)   Cd115  7.670E+01       Ag115m  (b-)   Cd115m 2.300E+00       Ag115m  (IT)   Ag115  2.100E+01       Ag116   (b-)   Cd116  1.000E+02
   Ag116m  (b-)   Cd116  9.400E+01       Ag116m  (IT)   Ag116  6.000E+00       Ag117   (b-)   Cd117  8.600E+01       Ag117   (b-)   Cd117m 1.400E+01
   Ag117m  (b-)   Cd117  2.150E+01       Ag117m  (b-)   Cd117m 7.850E+01       Ag118   (b-)   Cd118  1.000E+02       Ag118m  (b-)   Cd118  5.900E+01
   Ag118m  (IT)   Ag118  4.100E+01       Ag119   (b-)   Cd119  7.899E+01       Ag119   (b-)   Cd119m 2.100E+01       Ag119  (b-n)   Cd118  1.000E-02
   Ag119m  (b-)   Cd119  5.000E+01       Ag119m  (b-)   Cd119m 5.000E+01       Ag120   (b-)   Cd120  1.000E+02       Ag120  (b-n)   Cd119  3.000E-03
   Ag121   (b-)   Cd121  8.905E+01       Ag121   (b-)   Cd121m 1.095E+01       Ag122   (b-)   Cd122  1.000E+02       Ag122m  (b-)   Cd122  1.000E+02
   Cd102   (b+)   Ag102  5.768E+00       Cd102   (b+)   Ag102m 9.423E+01       Cd103   (b+)   Ag103  1.000E+02       Cd104   (b+)   Ag104  1.000E+02
   Cd105   (b+)   Ag105  1.000E+02       Cd106 (b+b+)   Pd106  1.000E+02       Cd107   (b+)   Ag107  6.400E-02       Cd107   (b+)   Ag107m 9.994E+01
   Cd108 (b+b+)   Pd108  1.000E+02       Cd109   (b+)   Ag109m 1.000E+02       Cd111m  (IT)   Cd111  1.000E+02       Cd113   (b-)   In113  1.000E+02
   Cd113m  (b-)   In113  9.988E+01       Cd113m  (IT)   Cd113  1.200E-01       Cd114 (b-b-)   Sn114  1.000E+02       Cd115   (b-)   In115m 1.000E+02
   Cd115   (b-)   In115  7.000E-05       Cd115m  (b-)   In115m 1.030E-02       Cd115m  (b-)   In115  9.999E+01       Cd116 (b-b-)   Sn116  1.000E+02
   Cd117   (b-)   In117  8.358E+00       Cd117   (b-)   In117m 9.164E+01       Cd117m  (b-)   In117  9.848E+01       Cd117m  (b-)   In117m 1.524E+00
   Cd118   (b-)   In118  1.000E+02       Cd119   (b-)   In119  9.721E+00       Cd119   (b-)   In119m 9.028E+01       Cd119m  (b-)   In119  9.978E+01
   Cd119m  (b-)   In119m 2.201E-01       Cd120   (b-)   In120  1.000E+02       Cd121   (b-)   In121  3.256E+01       Cd121   (b-)   In121m 6.744E+01
   Cd121m  (b-)   In121  1.000E+02       Cd122   (b-)   In122  1.000E+02       Cd123   (b-)   In123  3.097E+01       Cd123   (b-)   In123m 6.903E+01
   Cd123m  (b-)   In123  9.878E+01       Cd123m  (b-)   In123m 1.220E+00       Cd124   (b-)   In124  1.000E+02       Cd125   (b-)   In125  4.786E+01
   Cd125   (b-)   In125m 5.214E+01       In106   (b+)   Cd106  1.000E+02       In106m  (b+)   Cd106  1.000E+02       In107   (b+)   Cd107  1.000E+02
   In107m  (IT)   In107  1.000E+02       In108   (b+)   Cd108  1.000E+02       In108m  (b+)   Cd108  1.000E+02       In109   (b+)   Cd109  1.000E+02
   In109m  (IT)   In109  1.000E+02       In109n  (IT)   In109  1.000E+02       In110   (b+)   Cd110  1.000E+02       In110m  (b+)   Cd110  1.000E+02
   In111   (b+)   Cd111  1.000E+02       In111   (b+)   Cd111m 5.001E-03       In111m  (IT)   In111  1.000E+02       In112   (b-)   Sn112  4.400E+01
   In112   (b+)   Cd112  5.600E+01       In112m  (IT)   In112  1.000E+02       In113m  (IT)   In113  1.000E+02       In114   (b-)   Sn114  9.950E+01
   In114   (b+)   Cd114  5.000E-01       In114m  (b+)   Cd114  3.500E+00       In114m  (IT)   In114  9.650E+01       In115   (b-)   Sn115  1.000E+02
   In115m  (IT)   In115  9.500E+01       In115m  (b-)   Sn115  5.000E+00       In116   (b-)   Sn116  1.000E+02       In116m  (b-)   Sn116  1.000E+02
   In116n  (IT)   In116m 1.000E+02       In117   (b-)   Sn117  9.966E+01       In117   (b-)   Sn117m 3.407E-01       In117m  (IT)   In117  4.710E+01
   In117m  (b-)   Sn117  5.290E+01       In118   (b-)   Sn118  1.000E+02       In118m  (b-)   Sn118  1.000E+02       In118n  (b-)   Sn118  1.500E+00
   In118n  (IT)   In118m 9.850E+01       In119   (b-)   Sn119  9.907E+01       In119   (b-)   Sn119m 9.300E-01       In119m  (b-)   Sn119  9.750E+01
   In119m  (IT)   In119  2.500E+00       In120   (b-)   Sn120  1.000E+02       In120m  (b-)   Sn120  1.000E+02       In120n  (b-)   Sn120  1.000E+02
   In121   (b-)   Sn121  8.867E+01       In121   (b-)   Sn121m 1.133E+01       In121m  (b-)   Sn121  9.880E+01       In121m  (IT)   In121  1.200E+00
   In122   (b-)   Sn122  1.000E+02       In122m  (b-)   Sn122  1.000E+02       In122n  (b-)   Sn122  1.000E+02       In123   (b-)   Sn123  7.624E+00
   In123   (b-)   Sn123m 9.238E+01       In123m  (b-)   Sn123  0.000E+00       In123m  (b-)   Sn123m 1.000E+02       In124   (b-)   Sn124  1.000E+02
   In124m  (b-)   Sn124  1.000E+02       In125   (b-)   Sn125  1.689E+01       In125   (b-)   Sn125m 8.311E+01       In125m  (b-)   Sn125m 1.000E+02
   In126   (b-)   Sn126  1.000E+02       In126m  (b-)   Sn126  1.000E+02       In127   (b-)   Sn127  3.898E+01       In127   (b-)   Sn127m 6.102E+01
   In127m  (b-)   Sn127m 4.981E+01       In127m  (b-)   Sn127  4.950E+01       In127m (b-n)   Sn126  6.900E-01       In128   (b-)   Sn128  1.000E+02
   In128m  (IT)   In128  1.000E+02       In128n  (b-)   Sn128m 1.000E+02       Sn107   (b+)   In107  1.000E+02       Sn108   (b+)   In108m 1.000E+02
   Sn109   (b+)   In109  8.722E+01       Sn109   (b+)   In109m 1.278E+01       Sn110   (b+)   In110m 1.000E+02       Sn111   (b+)   In111  9.991E+01
   Sn111   (b+)   In111m 9.059E-02       Sn113   (b+)   In113  1.000E-02       Sn113   (b+)   In113m 9.999E+01       Sn113m  (b+)   In113  8.900E+00
   Sn113m  (IT)   Sn113  9.110E+01       Sn117m  (IT)   Sn117  1.000E+02       Sn119m  (IT)   Sn119  1.000E+02       Sn121   (b-)   Sb121  1.000E+02
   Sn121m  (b-)   Sb121  2.240E+01       Sn121m  (IT)   Sn121  7.760E+01       Sn123   (b-)   Sb123  1.000E+02       Sn123m  (b-)   Sb123  1.000E+02
   Sn124 (b-b-)   Te124  1.000E+02       Sn125   (b-)   Sb125  1.000E+02       Sn125m  (b-)   Sb125  1.000E+02       Sn126   (b-)   Sb126m 3.307E+01
   Sn126   (b-)   Sb126n 6.693E+01       Sn127   (b-)   Sb127  1.000E+02       Sn127m  (b-)   Sb127  1.000E+02       Sn128   (b-)   Sb128  1.000E+02
   Sn128   (b-)   Sb128m 0.000E+00       Sn128m  (IT)   Sn128  1.000E+02       Sn129   (b-)   Sb129  1.000E+02       Sn129m  (b-)   Sb129m 3.100E+01
   Sn129m  (b-)   Sb129  6.900E+01       Sn130   (b-)   Sb130m 1.000E+02       Sn130m  (b-)   Sb130m 1.600E+01       Sn130m  (b-)   Sb130  8.400E+01
   Sn131   (b-)   Sb131  1.000E+02       Sn131m  (b-)   Sb131  1.000E+02       Sb112   (b+)   Sn112  1.000E+02       Sb113   (b+)   Sn113  1.000E+02
   Sb114   (b+)   Sn114  1.000E+02       Sb115   (b+)   Sn115  1.000E+02       Sb116   (b+)   Sn116  1.000E+02       Sb116m  (b+)   Sn116  1.000E+02
   Sb117   (b+)   Sn117  1.000E+02       Sb118   (b+)   Sn118  1.000E+02       Sb118m  (b+)   Sn118  1.000E+02       Sb119   (b+)   Sn119  1.000E+02
   Sb119m  (IT)   Sb119  1.000E+02       Sb120   (b+)   Sn120  1.000E+02       Sb120m  (b+)   Sn120  1.000E+02       Sb122   (b+)   Sn122  2.600E+00
   Sb122   (b-)   Te122  9.740E+01       Sb122m  (IT)   Sb122  1.000E+02       Sb124   (b-)   Te124  1.000E+02       Sb124m  (b-)   Te124  2.500E+01
   Sb124m  (IT)   Sb124  7.500E+01       Sb124n  (IT)   Sb124m 1.000E+02       Sb125   (b-)   Te125  7.762E+01       Sb125   (b-)   Te125m 2.238E+01
   Sb126   (b-)   Te126  1.000E+02       Sb126m  (IT)   Sb126  1.400E+01       Sb126m  (b-)   Te126  8.600E+01       Sb126n  (IT)   Sb126m 1.000E+02
   Sb127   (b-)   Te127  8.352E+01       Sb127   (b-)   Te127m 1.648E+01       Sb128   (b-)   Te128  1.000E+02       Sb128m  (IT)   Sb128  3.600E+00
   Sb128m  (b-)   Te128  9.640E+01       Sb129   (b-)   Te129  8.340E+01       Sb129   (b-)   Te129m 1.660E+01       Sb129m  (b-)   Te129  2.000E+00
   Sb129m  (b-)   Te129m 8.300E+01       Sb129m  (IT)   Sb129  1.500E+01       Sb130   (b-)   Te130  1.000E+02       Sb130m  (b-)   Te130  1.000E+02
   Sb131   (b-)   Te131  9.199E+01       Sb131   (b-)   Te131m 8.006E+00       Sb132   (b-)   Te132  1.000E+02       Sb132m  (b-)   Te132  1.000E+02
   Sb133   (b-)   Te133  8.271E+01       Sb133   (b-)   Te133m 1.729E+01       Te113   (b+)   Sb113  1.000E+02       Te114   (b+)   Sb114  1.000E+02
   Te115   (b+)   Sb115  1.000E+02       Te115m  (b+)   Sb115  1.000E+02       Te116   (b+)   Sb116  1.000E+02       Te117   (b+)   Sb117  1.000E+02
   Te117m  (IT)   Te117  1.000E+02       Te118   (b+)   Sb118  1.000E+02       Te119   (b+)   Sb119  1.000E+02       Te119m  (b+)   Sb119  1.000E+02
   Te121   (b+)   Sb121  1.000E+02       Te121m  (b+)   Sb121  1.130E+01       Te121m  (IT)   Te121  8.870E+01       Te123   (b+)   Sb123  1.000E+02
   Te123m  (IT)   Te123  1.000E+02       Te125m  (IT)   Te125  1.000E+02       Te127   (b-)   I 127  1.000E+02       Te127m  (IT)   Te127  9.760E+01
   Te127m  (b-)   I 127  2.400E+00       Te128 (b-b-)   Xe128  1.000E+02       Te129   (b-)   I 129  1.000E+02       Te129m  (b-)   I 129  3.700E+01
   Te129m  (IT)   Te129  6.300E+01       Te130 (b-b-)   Xe130  1.000E+02       Te131   (b-)   I 131  1.000E+02       Te131m  (IT)   Te131  2.100E+01
   Te131m  (b-)   I 131  7.900E+01       Te132   (b-)   I 132  1.000E+02       Te133   (b-)   I 133  1.000E+02       Te133m  (b-)   I 133  8.250E+01
   Te133m  (IT)   Te133  1.750E+01       Te134   (b-)   I 134  1.000E+02       Te135   (b-)   I 135  1.000E+02       I 116   (b+)   Te116  1.000E+02
   I 117   (b+)   Te117  1.000E+02       I 118   (b+)   Te118  1.000E+02       I 118m  (b+)   Te118  1.000E+02       I 119   (b+)   Te119  9.905E+01
   I 119   (b+)   Te119m 9.491E-01       I 120   (b+)   Te120  1.000E+02       I 120m  (b+)   Te120  1.000E+02       I 121   (b+)   Te121  9.971E+01
   I 121   (b+)   Te121m 2.853E-01       I 122   (b+)   Te122  1.000E+02       I 123   (b+)   Te123  1.000E+02       I 124   (b+)   Te124  1.000E+02
   I 125   (b+)   Te125  1.000E+02       I 126   (b-)   Xe126  4.370E+01       I 126   (b+)   Te126  5.630E+01       I 128   (b+)   Te128  6.900E+00
   I 128   (b-)   Xe128  9.310E+01       I 129   (b-)   Xe129  1.000E+02       I 130   (b-)   Xe130  1.000E+02       I 130m  (b-)   Xe130  1.670E+01
   I 130m  (IT)   I 130  8.330E+01       I 131   (b-)   Xe131  9.891E+01       I 131   (b-)   Xe131m 1.086E+00       I 132   (b-)   Xe132  1.000E+02
   I 132m  (IT)   I 132  8.600E+01       I 132m  (b-)   Xe132  1.400E+01       I 133   (b-)   Xe133  9.715E+01       I 133   (b-)   Xe133m 2.846E+00
   I 133m  (IT)   I 133  1.000E+02       I 134   (b-)   Xe134  1.000E+02       I 134m  (IT)   I 134  9.770E+01       I 134m  (b-)   Xe134m 2.300E+00
   I 135   (b-)   Xe135  8.349E+01       I 135   (b-)   Xe135m 1.651E+01       I 136   (b-)   Xe136  1.000E+02       I 136m  (b-)   Xe136  1.000E+02
   I 137   (b-)   Xe137  9.350E+01       I 137  (b-n)   Xe136  6.500E+00       Xe117   (b+)   I 117  1.000E+02       Xe118   (b+)   I 118  1.000E+02
   Xe119   (b+)   I 119  1.000E+02       Xe120   (b+)   I 120  1.000E+02       Xe121   (b+)   I 121  1.000E+02       Xe122   (b+)   I 122  1.000E+02
   Xe123   (b+)   I 123  1.000E+02       Xe124 (b+b+)   Te124  1.000E+02       Xe125   (b+)   I 125  1.000E+02       Xe125m  (IT)   Xe125  1.000E+02
   Xe127   (b+)   I 127  1.000E+02       Xe127m  (IT)   Xe127  1.000E+02       Xe129m  (IT)   Xe129  1.000E+02       Xe131m  (IT)   Xe131  1.000E+02
   Xe133   (b-)   Cs133  1.000E+02       Xe133m  (IT)   Xe133  1.000E+02       Xe134 (b-b-)   Ba134  1.000E+02       Xe134m  (IT)   Xe134  1.000E+02
   Xe135   (b-)   Cs135  1.000E+02       Xe135m  (IT)   Xe135  9.940E+01       Xe135m  (b-)   Cs135  6.000E-01       Xe136 (b-b-)   Ba136  1.000E+02
   Xe137   (b-)   Cs137  1.000E+02       Xe138   (b-)   Cs138  1.000E+02       Xe139   (b-)   Cs139  1.000E+02       Cs122   (b+)   Xe122  1.000E+02
   Cs122m  (b+)   Xe122  1.000E+02       Cs122n  (IT)   Cs122  1.000E+02       Cs123   (b+)   Xe123  1.000E+02       Cs123m  (IT)   Cs123  1.000E+02
   Cs124   (b+)   Xe124  1.000E+02       Cs124m  (IT)   Cs124  1.000E+02       Cs125   (b+)   Xe125  1.000E+02       Cs125m  (IT)   Cs125  1.000E+02
   Cs126   (b+)   Xe126  1.000E+02       Cs127   (b+)   Xe127  1.000E+02       Cs128   (b+)   Xe128  1.000E+02       Cs129   (b+)   Xe129  1.000E+02
   Cs130   (b+)   Xe130  9.840E+01       Cs130   (b-)   Ba130  1.600E+00       Cs130m  (IT)   Cs130  9.984E+01       Cs130m  (b+)   Xe130  1.600E-01
   Cs131   (b+)   Xe131  1.000E+02       Cs132   (b-)   Ba132  1.800E+00       Cs132   (b+)   Xe132  9.820E+01       Cs134   (b+)   Xe134  3.000E-04
   Cs134   (b-)   Ba134  1.000E+02       Cs134m  (IT)   Cs134  1.000E+02       Cs135   (b-)   Ba135  1.000E+02       Cs135m  (IT)   Cs135  1.000E+02
   Cs136   (b-)   Ba136  1.000E+02       Cs136m  (b-)   Ba136  5.000E+01       Cs136m  (IT)   Cs136  5.000E+01       Cs137   (b-)   Ba137  5.601E+00
   Cs137   (b-)   Ba137m 9.440E+01       Cs138   (b-)   Ba138  1.000E+02       Cs138m  (b-)   Ba138  1.900E+01       Cs138m  (IT)   Cs138  8.100E+01
   Cs139   (b-)   Ba139  1.000E+02       Cs140   (b-)   Ba140  1.000E+02       Cs141   (b-)   Ba141  1.000E+02       Ba123   (b+)   Cs123  1.000E+02
   Ba124   (b+)   Cs124  1.000E+02       Ba125   (b+)   Cs125  1.000E+02       Ba126   (b+)   Cs126  1.000E+02       Ba127   (b+)   Cs127  1.000E+02
   Ba127m  (IT)   Ba127  1.000E+02       Ba128   (b+)   Cs128  1.000E+02       Ba129   (b+)   Cs129  1.000E+02       Ba129m  (b+)   Cs129  1.000E+02
   Ba131   (b+)   Cs131  1.000E+02       Ba131m  (IT)   Ba131  1.000E+02       Ba133   (b+)   Cs133  1.000E+02       Ba133m  (b+)   Cs133  1.010E-02
   Ba133m  (IT)   Ba133  9.999E+01       Ba135m  (IT)   Ba135  1.000E+02       Ba136m  (IT)   Ba136  1.000E+02       Ba137m  (IT)   Ba137  1.000E+02
   Ba139   (b-)   La139  1.000E+02       Ba140   (b-)   La140  1.000E+02       Ba141   (b-)   La141  1.000E+02       Ba142   (b-)   La142  1.000E+02
   Ba143   (b-)   La143  1.000E+02       La128   (b+)   Ba128  1.000E+02       La128m  (b+)   Ba128  1.000E+02       La129   (b+)   Ba129  9.261E+01
   La129   (b+)   Ba129m 7.395E+00       La129m  (IT)   La129  1.000E+02       La130   (b+)   Ba130  1.000E+02       La131   (b+)   Ba131  1.000E+02
   La132   (b+)   Ba132  1.000E+02       La132m  (b+)   Ba132  2.400E+01       La132m  (IT)   La132  7.600E+01       La133   (b+)   Ba133  1.000E+02
   La134   (b+)   Ba134  1.000E+02       La135   (b+)   Ba135  1.000E+02       La136   (b+)   Ba136  1.000E+02       La136m  (IT)   La136  1.000E+02
   La137   (b+)   Ba137  1.000E+02       La138   (b+)   Ba138  6.560E+01       La138   (b-)   Ce138  3.440E+01       La140   (b-)   Ce140  1.000E+02
   La141   (b-)   Ce141  1.000E+02       La142   (b-)   Ce142  1.000E+02       La143   (b-)   Ce143  1.000E+02       La144   (b-)   Ce144  1.000E+02
   La145   (b-)   Ce145  1.000E+02       La146   (b-)   Ce146  1.000E+02       La146m  (b-)   Ce146  1.000E+02       La147   (b-)   Ce147  1.000E+02
   Ce129   (b+)   La129  5.000E+01       Ce129   (b+)   La129m 5.000E+01       Ce130   (b+)   La130  1.000E+02       Ce131   (b+)   La131  1.000E+02
   Ce131m  (b+)   La131  1.000E+02       Ce132   (b+)   La132  1.000E+02       Ce133   (b+)   La133  1.000E+02       Ce133m  (b+)   La133  1.000E+02
   Ce134   (b+)   La134  1.000E+02       Ce135   (b+)   La135  1.000E+02       Ce135m  (IT)   Ce135  1.000E+02       Ce136 (b+b+)   Ba136  1.000E+02
   Ce137   (b+)   La137  1.000E+02       Ce137m  (b+)   La137  7.800E-01       Ce137m  (IT)   Ce137  9.922E+01       Ce139   (b+)   La139  1.000E+02
   Ce139m  (IT)   Ce139  1.000E+02       Ce141   (b-)   Pr141  1.000E+02       Ce142 (b-b-)   Nd142  1.000E+02       Ce143   (b-)   Pr143  1.000E+02
   Ce144   (b-)   Pr144  9.862E+01       Ce144   (b-)   Pr144m 1.380E+00       Ce145   (b-)   Pr145  1.000E+02       Ce146   (b-)   Pr146  1.000E+02
   Ce147   (b-)   Pr147  1.000E+02       Ce148   (b-)   Pr148  1.000E+02       Ce149   (b-)   Pr149  1.000E+02       Pr134   (b+)   Ce134  1.000E+02
   Pr134m  (b+)   Ce134  1.000E+02       Pr135   (b+)   Ce135  1.000E+02       Pr136   (b+)   Ce136  1.000E+02       Pr137   (b+)   Ce137  1.000E+02
   Pr138   (b+)   Ce138  1.000E+02       Pr138m  (b+)   Ce138  1.000E+02       Pr139   (b+)   Ce139  9.998E+01       Pr139   (b+)   Ce139m 1.640E-02
   Pr140   (b+)   Ce140  1.000E+02       Pr142   (b+)   Ce142  1.640E-02       Pr142   (b-)   Nd142  9.998E+01       Pr142m  (IT)   Pr142  1.000E+02
   Pr143   (b-)   Nd143  1.000E+02       Pr144   (b-)   Nd144  1.000E+02       Pr144m  (IT)   Pr144  9.993E+01       Pr144m  (b-)   Nd144  7.000E-02
   Pr145   (b-)   Nd145  1.000E+02       Pr146   (b-)   Nd146  1.000E+02       Pr147   (b-)   Nd147  1.000E+02       Pr148   (b-)   Nd148  1.000E+02
   Pr148m  (b-)   Nd148  1.000E+02       Pr149   (b-)   Nd149  1.000E+02       Pr150   (b-)   Nd150  1.000E+02       Pr151   (b-)   Nd151  1.000E+02
   Nd135   (b+)   Pr135  1.000E+02       Nd135m  (b+)   Pr135  9.997E+01       Nd135m  (IT)   Nd135  3.000E-02       Nd136   (b+)   Pr136  1.000E+02
   Nd137   (b+)   Pr137  1.000E+02       Nd137m  (IT)   Nd137  1.000E+02       Nd138   (b+)   Pr138  1.000E+02       Nd139   (b+)   Pr139  1.000E+02
   Nd139m  (b+)   Pr139  8.820E+01       Nd139m  (IT)   Nd139  1.180E+01       Nd140   (b+)   Pr140  1.000E+02       Nd141   (b+)   Pr141  1.000E+02
   Nd141m  (b+)   Pr141  3.200E-02       Nd141m  (IT)   Nd141  9.997E+01       Nd144    (a)   Ce140  1.000E+02       Nd147   (b-)   Pm147  1.000E+02
   Nd148 (b-b-)   Sm148  1.000E+02       Nd149   (b-)   Pm149  1.000E+02       Nd150 (b-b-)   Sm150  1.000E+02       Nd151   (b-)   Pm151  1.000E+02
   Nd152   (b-)   Pm152  1.000E+02       Nd153   (b-)   Pm153  1.000E+02       Nd154   (b-)   Pm154  1.000E+02       Pm135   (b+)   Nd135  1.000E+02
   Pm135m  (b+)   Nd135  1.000E+02       Pm136   (b+)   Nd136  1.000E+02       Pm136m  (b+)   Nd136  1.000E+02       Pm137   (b+)   Nd137  5.000E+01
   Pm137   (b+)   Nd137m 5.000E+01       Pm137m  (b+)   Nd137  3.742E+01       Pm137m  (b+)   Nd137m 6.258E+01       Pm138   (b+)   Nd138  1.000E+02
   Pm138m  (b+)   Nd138  1.000E+02       Pm139   (b+)   Nd139  1.000E+02       Pm139m  (IT)   Pm139  9.994E+01       Pm140   (b+)   Nd140  1.000E+02
   Pm140m  (b+)   Nd140  1.000E+02       Pm141   (b+)   Nd141  9.984E+01       Pm141   (b+)   Nd141m 1.636E-01       Pm142   (b+)   Nd142  1.000E+02
   Pm143   (b+)   Nd143  1.000E+02       Pm144   (b+)   Nd144  1.000E+02       Pm145   (b+)   Nd145  1.000E+02       Pm145    (a)   Pr141  2.800E-07
   Pm146   (b-)   Sm146  3.400E+01       Pm146   (b+)   Nd146  6.600E+01       Pm147   (b-)   Sm147  1.000E+02       Pm148   (b-)   Sm148  1.000E+02
   Pm148m  (b-)   Sm148  9.500E+01       Pm148m  (IT)   Pm148  5.000E+00       Pm149   (b-)   Sm149  1.000E+02       Pm150   (b-)   Sm150  1.000E+02
   Pm151   (b-)   Sm151  1.000E+02       Pm152   (b-)   Sm152  1.000E+02       Pm152m  (b-)   Sm152  1.000E+02       Pm152n  (b-)   Sm152  1.000E+02
   Pm153   (b-)   Sm153  1.000E+02       Pm154   (b-)   Sm154  1.000E+02       Pm154m  (b-)   Sm154  1.000E+02       Pm155   (b-)   Sm155  1.000E+02
   Pm156   (b-)   Sm156  1.000E+02       Pm157   (b-)   Sm157  1.000E+02       Sm136   (b+)   Pm136  1.000E+02       Sm137   (b+)   Pm137m 1.000E+02
   Sm137m  (b+)   Pm137  1.000E+02       Sm138   (b+)   Pm138m 1.000E+02       Sm139   (b+)   Pm139  1.000E+02       Sm139m  (b+)   Pm139  6.300E+00
   Sm139m  (IT)   Sm139  9.370E+01       Sm140   (b+)   Pm140  1.000E+02       Sm141   (b+)   Pm141  1.000E+02       Sm141m  (b+)   Pm141  9.969E+01
   Sm141m  (IT)   Sm141  3.100E-01       Sm142   (b+)   Pm142  1.000E+02       Sm143   (b+)   Pm143  1.000E+02       Sm143m  (b+)   Pm143  2.400E-01
   Sm143m  (IT)   Sm143  9.976E+01       Sm145   (b+)   Pm145  1.000E+02       Sm146    (a)   Nd142  1.000E+02       Sm147    (a)   Nd143  1.000E+02
   Sm148    (a)   Nd144  1.000E+02       Sm149    (a)   Nd145  1.000E+02       Sm151   (b-)   Eu151  1.000E+02       Sm153   (b-)   Eu153  1.000E+02
   Sm155   (b-)   Eu155  1.000E+02       Sm156   (b-)   Eu156  1.000E+02       Sm157   (b-)   Eu157  1.000E+02       Sm158   (b-)   Eu158  1.000E+02
   Sm159   (b-)   Eu159  1.000E+02       Eu138   (b+)   Sm138  1.000E+02       Eu139   (b+)   Sm139  1.000E+02       Eu140   (b+)   Sm140  1.000E+02
   Eu141   (b+)   Sm141  9.823E+01       Eu141   (b+)   Sm141m 1.769E+00       Eu141m  (b+)   Sm141  6.700E+01       Eu141m  (IT)   Eu141  3.300E+01
   Eu142   (b+)   Sm142  1.000E+02       Eu142m  (b+)   Sm142  1.000E+02       Eu143   (b+)   Sm143  9.988E+01       Eu143   (b+)   Sm143m 1.201E-01
   Eu144   (b+)   Sm144  1.000E+02       Eu145   (b+)   Sm145  1.000E+02       Eu146   (b+)   Sm146  1.000E+02       Eu147    (a)   Pm143  2.200E-03
   Eu147   (b+)   Sm147  1.000E+02       Eu148   (b+)   Sm148  1.000E+02       Eu149   (b+)   Sm149  1.000E+02       Eu150   (b+)   Sm150  1.000E+02
   Eu150m  (b-)   Gd150  8.800E+01       Eu150m  (b+)   Sm150  1.200E+01       Eu152   (b+)   Sm152  7.210E+01       Eu152   (b-)   Gd152  2.790E+01
   Eu152m  (b-)   Gd152  7.200E+01       Eu152m  (b+)   Sm152  2.800E+01       Eu152n  (IT)   Eu152  1.000E+02       Eu154   (b-)   Gd154  9.998E+01
   Eu154   (b+)   Sm154  2.000E-02       Eu154m  (IT)   Eu154  1.000E+02       Eu155   (b-)   Gd155  1.000E+02       Eu156   (b-)   Gd156  1.000E+02
   Eu157   (b-)   Gd157  1.000E+02       Eu158   (b-)   Gd158  1.000E+02       Eu159   (b-)   Gd159  1.000E+02       Eu160   (b-)   Gd160  1.000E+02
   Eu161   (b-)   Gd161  1.000E+02       Eu162   (b-)   Gd162  1.000E+02       Eu163   (b-)   Gd163  1.000E+02       Gd139   (b+)   Eu139  1.000E+02
   Gd139m  (b+)   Eu139  1.000E+02       Gd140   (b+)   Eu140  1.000E+02       Gd141   (b+)   Eu141  1.000E+02       Gd141m  (b+)   Eu141m 8.900E+01
   Gd141m  (IT)   Gd141  1.100E+01       Gd142   (b+)   Eu142  1.000E+02       Gd143   (b+)   Eu143  1.000E+02       Gd143m  (b+)   Eu143  1.000E+02
   Gd144   (b+)   Eu144  1.000E+02       Gd145   (b+)   Eu145  1.000E+02       Gd145m  (b+)   Eu145  5.700E+00       Gd145m  (IT)   Gd145  9.430E+01
   Gd146   (b+)   Eu146  1.000E+02       Gd147   (b+)   Eu147  1.000E+02       Gd148    (a)   Sm144  1.000E+02       Gd149   (b+)   Eu149  1.000E+02
   Gd150    (a)   Sm146  1.000E+02       Gd151   (b+)   Eu151  1.000E+02       Gd151    (a)   Sm147  1.000E-06       Gd152    (a)   Sm148  1.000E+02
   Gd153   (b+)   Eu153  1.000E+02       Gd159   (b-)   Tb159  1.000E+02       Gd160 (b-b-)   Dy160  1.000E+02       Gd161   (b-)   Tb161  1.000E+02
   Gd162   (b-)   Tb162  1.000E+02       Gd163   (b-)   Tb163  1.000E+02       Gd164   (b-)   Tb164  1.000E+02       Gd165   (b-)   Tb165  1.000E+02
   Tb144   (b+)   Gd144  1.000E+02       Tb144m  (b+)   Gd144  3.400E+01       Tb144m  (IT)   Tb144  6.600E+01       Tb145   (b+)   Gd145  1.000E+02
   Tb145m  (b+)   Gd145  1.000E+02       Tb146   (b+)   Gd146  1.000E+02       Tb146m  (b+)   Gd146  1.000E+02       Tb147   (b+)   Gd147  1.000E+02
   Tb147m  (b+)   Gd147  1.000E+02       Tb148   (b+)   Gd148  1.000E+02       Tb148m  (b+)   Gd148  1.000E+02       Tb149    (a)   Eu145  1.670E+01
   Tb149   (b+)   Gd149  8.330E+01       Tb149m  (b+)   Gd149  9.998E+01       Tb149m   (a)   Eu145  2.200E-02       Tb150   (b+)   Gd150  9.500E+01
   Tb150    (a)   Eu146  5.000E+00       Tb150m  (b+)   Gd150  1.000E+02       Tb151    (a)   Eu147  9.500E-03       Tb151   (b+)   Gd151  1.000E+02
   Tb151m  (b+)   Gd151  6.600E+00       Tb151m  (IT)   Tb151  9.340E+01       Tb152   (b+)   Gd152  1.000E+02       Tb152m  (b+)   Gd152  2.110E+01
   Tb152m  (IT)   Tb152  7.890E+01       Tb153   (b+)   Gd153  1.000E+02       Tb154   (b+)   Gd154  1.000E+02       Tb154m  (b+)   Gd154  7.820E+01
   Tb154m  (IT)   Tb154  2.180E+01       Tb154n  (b+)   Gd154  9.820E+01       Tb154n  (IT)   Tb154  1.800E+00       Tb155   (b+)   Gd155  1.000E+02
   Tb156   (b+)   Gd156  1.000E+02       Tb156m  (IT)   Tb156  1.000E+02       Tb156n  (b+)   Gd156  1.900E-01       Tb156n  (IT)   Tb156  9.981E+01
   Tb157   (b+)   Gd157  1.000E+02       Tb158   (b-)   Dy158  1.680E+01       Tb158   (b+)   Gd158  8.320E+01       Tb158m  (IT)   Tb158  1.000E+02
   Tb160   (b-)   Dy160  1.000E+02       Tb161   (b-)   Dy161  1.000E+02       Tb162   (b-)   Dy162  1.000E+02       Tb163   (b-)   Dy163  1.000E+02
   Tb164   (b-)   Dy164  1.000E+02       Tb165   (b-)   Dy165  1.000E+02       Tb166   (b-)   Dy166  1.000E+02       Tb167   (b-)   Dy167  1.000E+02
   Tb168   (b-)   Dy168  1.000E+02       Dy147   (b+)   Tb147  9.995E+01       Dy147  (b+p)   Gd146  5.000E-02       Dy147m  (b+)   Tb147  6.000E+01
   Dy147m  (IT)   Dy147  4.000E+01       Dy148   (b+)   Tb148  1.000E+02       Dy149   (b+)   Tb149  1.000E+02       Dy150   (b+)   Tb150  6.400E+01
   Dy150    (a)   Gd146  3.600E+01       Dy151   (b+)   Tb151  9.440E+01       Dy151    (a)   Gd147  5.600E+00       Dy152    (a)   Gd148  1.000E-01
   Dy152   (b+)   Tb152  9.990E+01       Dy153    (a)   Gd149  9.400E-03       Dy153   (b+)   Tb153  1.000E+02       Dy154    (a)   Gd150  1.000E+02
   Dy155   (b+)   Tb155  1.000E+02       Dy156    (a)   Gd152  5.000E+01       Dy156 (b+b+)   Gd156  5.000E+01       Dy157   (b+)   Tb157  1.000E+02
   Dy159   (b+)   Tb159  1.000E+02       Dy165   (b-)   Ho165  1.000E+02       Dy165m  (b-)   Ho165  2.400E+00       Dy165m  (IT)   Dy165  9.760E+01
   Dy166   (b-)   Ho166  1.000E+02       Dy167   (b-)   Ho167  1.000E+02       Dy168   (b-)   Ho168  1.000E+02       Dy169   (b-)   Ho169  1.000E+02
   Dy170   (b-)   Ho170m 1.000E+02       Dy171   (b-)   Ho171  1.000E+02       Ho152   (b+)   Dy152  8.800E+01       Ho152    (a)   Tb148  1.200E+01
   Ho152m  (b+)   Dy152  8.920E+01       Ho152m   (a)   Tb148  1.080E+01       Ho153    (a)   Tb149  5.100E-02       Ho153   (b+)   Dy153  9.995E+01
   Ho153m  (b+)   Dy153  9.982E+01       Ho153m   (a)   Tb149  1.800E-01       Ho154   (b+)   Dy154  9.998E+01       Ho154    (a)   Tb150  1.900E-02
   Ho154m  (b+)   Dy154  9.998E+01       Ho154m   (a)   Tb150  1.700E-02       Ho155   (b+)   Dy155  1.000E+02       Ho156   (b+)   Dy156  1.000E+02
   Ho156m  (IT)   Ho156  5.000E+01       Ho156m  (b+)   Dy156  5.000E+01       Ho156n  (b+)   Dy156  7.500E+01       Ho156n  (IT)   Ho156  2.500E+01
   Ho157   (b+)   Dy157  1.000E+02       Ho158   (b+)   Dy158  1.000E+02       Ho158m  (IT)   Ho158  1.000E+02       Ho158n  (b+)   Dy158  1.000E+02
   Ho159   (b+)   Dy159  1.000E+02       Ho159m  (IT)   Ho159  1.000E+02       Ho160   (b+)   Dy160  1.000E+02       Ho160m  (IT)   Ho160  6.500E+01
   Ho160m  (b+)   Dy160  3.500E+01       Ho160n  (IT)   Ho160  1.000E+02       Ho161   (b+)   Dy161  1.000E+02       Ho161m  (IT)   Ho161  1.000E+02
   Ho162   (b+)   Dy162  1.000E+02       Ho162m  (b+)   Dy162  3.700E+01       Ho162m  (IT)   Ho162  6.300E+01       Ho163   (b+)   Dy163  1.000E+02
   Ho163m  (IT)   Ho163  1.000E+02       Ho164   (b-)   Er164  5.170E+01       Ho164   (b+)   Dy164  4.830E+01       Ho164m  (IT)   Ho164  1.000E+02
   Ho166   (b-)   Er166  1.000E+02       Ho166m  (b-)   Er166  1.000E+02       Ho167   (b-)   Er167  8.805E+01       Ho167   (b-)   Er167m 1.195E+01
   Ho168   (b-)   Er168  1.000E+02       Ho168m  (IT)   Ho168  9.950E+01       Ho168m  (b-)   Er168  5.000E-01       Ho169   (b-)   Er169  1.000E+02
   Ho170   (b-)   Er170  1.000E+02       Ho170m  (b-)   Er170  1.000E+02       Ho171   (b-)   Er171  1.000E+02       Ho172   (b-)   Er172  1.000E+02
   Ho173   (b-)   Er173  1.000E+02       Er153    (a)   Dy149  5.300E+01       Er153   (b+)   Ho153  4.700E+01       Er154    (a)   Dy150  4.700E-01
   Er154   (b+)   Ho154  9.953E+01       Er155   (b+)   Ho155  9.998E+01       Er155    (a)   Dy151  2.200E-02       Er156   (b+)   Ho156  4.588E+00
   Er156   (b+)   Ho156m 9.541E+01       Er157   (b+)   Ho157  1.000E+02       Er158   (b+)   Ho158  1.000E+02       Er159   (b+)   Ho159  7.643E+01
   Er159   (b+)   Ho159m 2.357E+01       Er160   (b+)   Ho160m 1.000E+02       Er161   (b+)   Ho161  1.000E+02       Er162    (a)   Dy158  5.000E+01
   Er162 (b+b+)   Dy162  5.000E+01       Er163   (b+)   Ho163  9.998E+01       Er163   (b+)   Ho163m 1.529E-02       Er165   (b+)   Ho165  1.000E+02
   Er167m  (IT)   Er167  1.000E+02       Er169   (b-)   Tm169  1.000E+02       Er171   (b-)   Tm171  1.000E+02       Er172   (b-)   Tm172  1.000E+02
   Er173   (b-)   Tm173  1.000E+02       Er174   (b-)   Tm174  1.000E+02       Er175   (b-)   Tm175  1.000E+02       Tm158   (b+)   Er158  1.000E+02
   Tm159   (b+)   Er159  1.000E+02       Tm160   (b+)   Er160  1.000E+02       Tm160m  (IT)   Tm160  8.500E+01       Tm160m  (b+)   Er160  1.500E+01
   Tm161   (b+)   Er161  1.000E+02       Tm161m  (b+)   Er161  5.000E+01       Tm161m  (IT)   Tm161  5.000E+01       Tm162   (b+)   Er162  1.000E+02
   Tm162m  (b+)   Er162  1.800E+01       Tm162m  (IT)   Tm162  8.200E+01       Tm163   (b+)   Er163  1.000E+02       Tm164   (b+)   Er164  1.000E+02
   Tm164m  (IT)   Tm164  8.000E+01       Tm164m  (b+)   Er164  2.000E+01       Tm165   (b+)   Er165  1.000E+02       Tm166   (b+)   Er166  1.000E+02
   Tm167   (b+)   Er167m 9.825E+01       Tm167   (b+)   Er167  1.750E+00       Tm168   (b+)   Er168  9.999E+01       Tm168   (b-)   Yb168  1.000E-02
   Tm170   (b-)   Yb170  9.986E+01       Tm170   (b+)   Er170  1.380E-01       Tm171   (b-)   Yb171  1.000E+02       Tm172   (b-)   Yb172  1.000E+02
   Tm173   (b-)   Yb173  1.000E+02       Tm174   (b-)   Yb174  1.000E+02       Tm175   (b-)   Yb175  1.000E+02       Tm176   (b-)   Yb176  1.000E+02
   Tm177   (b-)   Yb177m 1.000E+02       Tm178   (b-)   Yb178  1.000E+02       Tm179   (b-)   Yb179  1.000E+02       Yb159   (b+)   Tm159  1.000E+02
   Yb160   (b+)   Tm160  1.000E+02       Yb161   (b+)   Tm161  1.000E+02       Yb162   (b+)   Tm162  1.000E+02       Yb163   (b+)   Tm163  1.000E+02
   Yb164   (b+)   Tm164  1.000E+02       Yb165   (b+)   Tm165  1.000E+02       Yb166   (b+)   Tm166  1.000E+02       Yb167   (b+)   Tm167  1.000E+02
   Yb168    (a)   Er164  5.000E+01       Yb168 (b+b+)   Er168  5.000E+01       Yb169   (b+)   Tm169  1.000E+02       Yb169m  (IT)   Yb169  1.000E+02
   Yb175   (b-)   Lu175  1.000E+02       Yb176m  (IT)   Yb176  1.000E+02       Yb177   (b-)   Lu177  1.000E+02       Yb177m  (IT)   Yb177  1.000E+02
   Yb178   (b-)   Lu178  1.000E+02       Yb179   (b-)   Lu179  1.000E+02       Yb180   (b-)   Lu180m 1.000E+02       Yb181   (b-)   Lu181  1.000E+02
   Lu162   (b+)   Yb162  1.000E+02       Lu162m  (b+)   Yb162  1.000E+02       Lu162n  (b+)   Yb162  1.000E+02       Lu163   (b+)   Yb163  1.000E+02
   Lu164   (b+)   Yb164  1.000E+02       Lu165   (b+)   Yb165  1.000E+02       Lu166   (b+)   Yb166  1.000E+02       Lu166m  (b+)   Yb166  5.800E+01
   Lu166m  (IT)   Lu166  4.200E+01       Lu166n  (b+)   Yb166  1.000E+02       Lu167   (b+)   Yb167  1.000E+02       Lu167m  (IT)   Lu167  5.000E+01
   Lu167m  (b+)   Yb167  5.000E+01       Lu168   (b+)   Yb168  1.000E+02       Lu168m  (b+)   Yb168  1.000E+02       Lu169   (b+)   Yb169  1.000E+02
   Lu169m  (IT)   Lu169  1.000E+02       Lu170   (b+)   Yb170  1.000E+02       Lu170m  (IT)   Lu170  1.000E+02       Lu171   (b+)   Yb171  1.000E+02
   Lu171m  (IT)   Lu171  1.000E+02       Lu172   (b+)   Yb172  1.000E+02       Lu172m  (IT)   Lu172  1.000E+02       Lu173   (b+)   Yb173  1.000E+02
   Lu174   (b+)   Yb174  1.000E+02       Lu174m  (b+)   Yb174  5.800E-01       Lu174m  (IT)   Lu174  9.942E+01       Lu176   (b-)   Hf176  1.000E+02
   Lu176m  (b+)   Yb176  9.500E-02       Lu176m  (b-)   Hf176  9.991E+01       Lu177   (b-)   Hf177  1.000E+02       Lu177m  (b-)   Hf177m 7.740E+01
   Lu177m  (IT)   Lu177  2.260E+01       Lu177n  (b-)   Hf177n 5.000E+01       Lu177n  (IT)   Lu177m 5.000E+01       Lu178   (b-)   Hf178  1.000E+02
   Lu178m  (b-)   Hf178  1.000E+02       Lu179   (b-)   Hf179  1.000E+02       Lu180   (b-)   Hf180  1.000E+02       Lu180m  (b-)   Hf180  5.000E+01
   Lu180m  (IT)   Lu180  5.000E+01       Lu181   (b-)   Hf181  1.000E+02       Lu182   (b-)   Hf182  1.000E+02       Lu183   (b-)   Hf183  1.000E+02
   Lu184   (b-)   Hf184  5.000E+01       Lu184   (b-)   Hf184m 5.000E+01       Hf163   (b+)   Lu163  1.000E+02       Hf164   (b+)   Lu164  1.000E+02
   Hf165   (b+)   Lu165  1.000E+02       Hf166   (b+)   Lu166  1.000E+02       Hf167   (b+)   Lu167  1.000E+02       Hf168   (b+)   Lu168m 1.000E+02
   Hf169   (b+)   Lu169  1.000E+02       Hf170   (b+)   Lu170  1.000E+02       Hf171   (b+)   Lu171  1.000E+02       Hf171m  (IT)   Hf171  1.000E+02
   Hf172   (b+)   Lu172m 1.000E+02       Hf173   (b+)   Lu173  1.000E+02       Hf174    (a)   Yb170  1.000E+02       Hf175   (b+)   Lu175  1.000E+02
   Hf177m  (IT)   Hf177  1.000E+02       Hf177n  (IT)   Hf177m 1.000E+02       Hf178m  (IT)   Hf178  1.000E+02       Hf178n  (IT)   Hf178m 1.000E+02
   Hf179m  (IT)   Hf179  1.000E+02       Hf179n  (IT)   Hf179  1.000E+02       Hf180m  (b-)   Ta180m 3.100E-01       Hf180m  (IT)   Hf180  9.969E+01
   Hf181   (b-)   Ta181  1.000E+02       Hf182   (b-)   Ta182  1.000E+02       Hf182m  (b-)   Ta182  3.518E+01       Hf182m  (b-)   Ta182m 1.413E+01
   Hf182m  (IT)   Hf182  4.200E+01       Hf182m  (b-)   Ta182n 8.693E+00       Hf183   (b-)   Ta183  1.000E+02       Hf184   (b-)   Ta184  1.000E+02
   Hf184m  (b-)   Ta184  1.000E+02       Hf185   (b-)   Ta185  1.000E+02       Hf186   (b-)   Ta186  1.000E+02       Hf187   (b-)   Ta187  1.000E+02
   Ta170   (b+)   Hf170  1.000E+02       Ta171   (b+)   Hf171  1.000E+02       Ta172   (b+)   Hf172  1.000E+02       Ta173   (b+)   Hf173  1.000E+02
   Ta174   (b+)   Hf174  1.000E+02       Ta175   (b+)   Hf175  1.000E+02       Ta176   (b+)   Hf176  1.000E+02       Ta177   (b+)   Hf177  1.000E+02
   Ta178   (b+)   Hf178  1.000E+02       Ta178m  (b+)   Hf178  1.000E+02       Ta179   (b+)   Hf179  1.000E+02       Ta180   (b-)   W 180  1.810E+01
   Ta180   (b+)   Hf180  8.190E+01       Ta180m  (b-)   W 180  2.000E+01       Ta180m  (b+)   Hf180  8.000E+01       Ta182   (b-)   W 182  1.000E+02
   Ta182m  (IT)   Ta182  1.000E+02       Ta182n  (IT)   Ta182m 1.000E+02       Ta183   (b-)   W 183  9.660E+01       Ta183   (b-)   W 183m 3.400E+00
   Ta184   (b-)   W 184  1.000E+02       Ta185   (b-)   W 185  1.000E+02       Ta186   (b-)   W 186  1.000E+02       Ta187   (b-)   W 187  1.000E+02
   Ta188   (b-)   W 188  1.000E+02       Ta189   (b-)   W 189  1.000E+02       Ta190   (b-)   W 190  1.000E+02       W 171   (b+)   Ta171  1.000E+02
   W 172   (b+)   Ta172  1.000E+02       W 173   (b+)   Ta173  1.000E+02       W 174   (b+)   Ta174  1.000E+02       W 175   (b+)   Ta175  1.000E+02
   W 176   (b+)   Ta176  1.000E+02       W 177   (b+)   Ta177  1.000E+02       W 178   (b+)   Ta178  1.000E+02       W 179   (b+)   Ta179  1.000E+02
   W 179m  (b+)   Ta179  2.800E-01       W 179m  (IT)   W 179  9.972E+01       W 181   (b+)   Ta181  1.000E+02       W 183    (a)   Hf179  3.340E+01
   W 183    (a)   Hf179m 3.330E+01       W 183    (a)   Hf179n 3.330E+01       W 183m  (IT)   W 183  1.000E+02       W 184    (a)   Hf180  1.000E+02
   W 185   (b-)   Re185  1.000E+02       W 185m  (IT)   W 185  1.000E+02       W 186 (b-b-)   Os186  5.000E+01       W 186    (a)   Hf182  5.000E+01
   W 187   (b-)   Re187  1.000E+02       W 188   (b-)   Re188  1.000E+02       W 189   (b-)   Re189  1.000E+02       W 190   (b-)   Re190  1.000E+02
   W 191   (b-)   Re191  1.000E+02       W 192   (b-)   Re192  1.000E+02       W 193   (b-)   Re193  1.000E+02       W 194   (b-)   Re194  1.000E+02
   Re174   (b+)   W 174  1.000E+02       Re175   (b+)   W 175  1.000E+02       Re176   (b+)   W 176  1.000E+02       Re177   (b+)   W 177  1.000E+02
   Re178   (b+)   W 178  1.000E+02       Re179   (b+)   W 179  1.000E+02       Re180   (b+)   W 180  1.000E+02       Re181   (b+)   W 181  1.000E+02
   Re182   (b+)   W 182  1.000E+02       Re182m  (b+)   W 182  1.000E+02       Re183   (b+)   W 183  1.000E+02       Re184   (b+)   W 184  1.000E+02
   Re184m  (b+)   W 184  2.520E+01       Re184m  (IT)   Re184  7.480E+01       Re186   (b-)   Os186  9.313E+01       Re186   (b+)   W 186  6.870E+00
   Re186m  (IT)   Re186  1.000E+02       Re187   (b-)   Os187  1.000E+02       Re188   (b-)   Os188  1.000E+02       Re188m  (IT)   Re188  1.000E+02
   Re189   (b-)   Os189  8.972E+01       Re189   (b-)   Os189m 1.028E+01       Re190   (b-)   Os190  1.000E+02       Re190m  (b-)   Os190  5.450E+01
   Re190m  (IT)   Re190  4.550E+01       Re191   (b-)   Os191  1.000E+02       Re192   (b-)   Os192  1.000E+02       Re193   (b-)   Os193  1.000E+02
   Re194   (b-)   Os194  1.000E+02       Re195   (b-)   Os195  1.000E+02       Re196   (b-)   Os196  1.000E+02       Re197   (b-)   Os197  1.000E+02
   Re198   (b-)   Os198  1.000E+02       Os175   (b+)   Re175  1.000E+02       Os176   (b+)   Re176  1.000E+02       Os177   (b+)   Re177  1.000E+02
   Os178   (b+)   Re178  1.000E+02       Os179   (b+)   Re179  1.000E+02       Os180   (b+)   Re180  1.000E+02       Os181   (b+)   Re181  1.000E+02
   Os181m  (b+)   Re181  1.000E+02       Os182   (b+)   Re182  1.000E+02       Os183   (b+)   Re183  1.000E+02       Os183m  (b+)   Re183  8.500E+01
   Os183m  (IT)   Os183  1.500E+01       Os184    (a)   W 180  5.000E+01       Os184 (b+b+)   W 184  5.000E+01       Os185   (b+)   Re185  1.000E+02
   Os186    (a)   W 182  1.000E+02       Os189m  (IT)   Os189  1.000E+02       Os190m  (IT)   Os190  1.000E+02       Os191   (b-)   Ir191m 1.000E+02
   Os191m  (IT)   Os191  1.000E+02       Os192m  (IT)   Os192  8.700E+01       Os192m  (b-)   Ir192n 1.300E+01       Os193   (b-)   Ir193  9.965E+01
   Os193   (b-)   Ir193m 3.474E-01       Os194   (b-)   Ir194  1.000E+02       Os195   (b-)   Ir195  1.000E+02       Os196   (b-)   Ir196  1.000E+02
   Os197   (b-)   Ir197  1.000E+02       Os198   (b-)   Ir198  1.000E+02       Os199   (b-)   Ir199  1.000E+02       Os200   (b-)   Ir200  1.000E+02
   Os201   (b-)   Ir201  1.000E+02       Ir178   (b+)   Os178  1.000E+02       Ir179   (b+)   Os179  1.000E+02       Ir180   (b+)   Os180  1.000E+02
   Ir181   (b+)   Os181  1.000E+02       Ir182   (b+)   Os182  1.000E+02       Ir183   (b+)   Os183  3.104E+01       Ir183   (b+)   Os183m 6.896E+01
   Ir184   (b+)   Os184  1.000E+02       Ir185   (b+)   Os185  1.000E+02       Ir186   (b+)   Os186  1.000E+02       Ir186m  (b+)   Os186  1.000E+02
   Ir187   (b+)   Os187  1.000E+02       Ir188   (b+)   Os188  1.000E+02       Ir189   (b+)   Os189m 7.500E+00       Ir189   (b+)   Os189  9.250E+01
   Ir190   (b+)   Os190  1.000E+02       Ir190m  (IT)   Ir190  1.000E+02       Ir190n  (IT)   Ir190  8.600E+00       Ir190n  (b+)   Os190m 9.140E+01
   Ir191m  (IT)   Ir191  1.000E+02       Ir191n  (IT)   Ir191m 1.000E+02       Ir192   (b-)   Pt192  9.520E+01       Ir192   (b+)   Os192  4.800E+00
   Ir192m  (b-)   Pt192  1.750E-02       Ir192m  (IT)   Ir192  9.998E+01       Ir192n  (IT)   Ir192  1.000E+02       Ir193m  (IT)   Ir193  1.000E+02
   Ir194   (b-)   Pt194  1.000E+02       Ir194m  (IT)   Ir194  1.000E+02       Ir194n  (b-)   Pt194  1.000E+02       Ir195   (b-)   Pt195  1.000E+02
   Ir195m  (b-)   Pt195  5.103E+01       Ir195m  (b-)   Pt195m 4.397E+01       Ir195m  (IT)   Ir195  5.000E+00       Ir196   (b-)   Pt196  1.000E+02
   Ir196m  (b-)   Pt196  1.000E+02       Ir197   (b-)   Pt197  1.000E+02       Ir197m  (b-)   Pt197m 9.975E+01       Ir197m  (IT)   Ir197  2.500E-01
   Ir198   (b-)   Pt198  1.000E+02       Ir199   (b-)   Pt199  1.000E+02       Ir200   (b-)   Pt200  1.000E+02       Ir201   (b-)   Pt201  1.000E+02
   Ir202   (b-)   Pt202  1.000E+02       Pt181   (b+)   Ir181  9.993E+01       Pt181    (a)   Os177  7.400E-02       Pt182   (b+)   Ir182  9.998E+01
   Pt182    (a)   Os178  2.000E-02       Pt183   (b+)   Ir183  9.999E+01       Pt183    (a)   Os179  9.600E-03       Pt183m  (b+)   Ir183  1.000E+02
   Pt184   (b+)   Ir184  1.000E+02       Pt184    (a)   Os180  1.000E-03       Pt185   (b+)   Ir185  1.000E+02       Pt185m  (b+)   Ir185  1.000E+02
   Pt186    (a)   Os182  1.000E-04       Pt186   (b+)   Ir186  1.000E+02       Pt187   (b+)   Ir187  1.000E+02       Pt188   (b+)   Ir188  1.000E+02
   Pt189   (b+)   Ir189  1.000E+02       Pt190    (a)   Os186  1.000E+02       Pt191   (b+)   Ir191  9.898E+01       Pt191   (b+)   Ir191m 1.022E+00
   Pt193   (b+)   Ir193  1.000E+02       Pt193m  (IT)   Pt193  1.000E+02       Pt195m  (IT)   Pt195  1.000E+02       Pt197   (b-)   Au197  1.000E+02
   Pt197m  (b-)   Au197m 3.300E+00       Pt197m  (IT)   Pt197  9.670E+01       Pt199   (b-)   Au199  1.000E+02       Pt199m  (IT)   Pt199  1.000E+02
   Pt200   (b-)   Au200  1.000E+02       Pt201   (b-)   Au201  1.000E+02       Pt202   (b-)   Au202  1.000E+02       Pt203   (b-)   Au203  1.000E+02
   Au185   (b+)   Pt185  2.533E+01       Au185   (b+)   Pt185m 7.441E+01       Au185    (a)   Ir181  2.600E-01       Au186   (b+)   Pt186  1.000E+02
   Au187   (b+)   Pt187  9.990E+01       Au187    (a)   Ir183  1.000E-01       Au187m  (IT)   Au187  1.000E+02       Au188   (b+)   Pt188  1.000E+02
   Au189   (b+)   Pt189  1.000E+02       Au189m  (b+)   Pt189  1.000E+02       Au190   (b+)   Pt190  1.000E+02       Au191   (b+)   Pt191  1.000E+02
   Au191m  (IT)   Au191  1.000E+02       Au192   (b+)   Pt192  1.000E+02       Au192m  (IT)   Au192  1.000E+02       Au192n  (IT)   Au192m 1.000E+02
   Au193   (b+)   Pt193  1.000E+02       Au193m  (b+)   Pt193  3.000E-02       Au193m  (IT)   Au193  9.997E+01       Au194   (b+)   Pt194  1.000E+02
   Au194m  (IT)   Au194  1.000E+02       Au194n  (IT)   Au194  1.000E+02       Au195   (b+)   Pt195  1.000E+02       Au195m  (IT)   Au195  1.000E+02
   Au196   (b+)   Pt196  9.280E+01       Au196   (b-)   Hg196  7.200E+00       Au196m  (IT)   Au196  1.000E+02       Au196n  (IT)   Au196  2.418E+00
   Au196n  (IT)   Au196m 9.758E+01       Au197m  (IT)   Au197  1.000E+02       Au198   (b-)   Hg198  1.000E+02       Au198m  (IT)   Au198  1.000E+02
   Au199   (b-)   Hg199  1.000E+02       Au200   (b-)   Hg200  1.000E+02       Au200m  (b-)   Hg200  8.200E+01       Au200m  (IT)   Au200  1.800E+01
   Au201   (b-)   Hg201  1.000E+02       Au202   (b-)   Hg202  1.000E+02       Au203   (b-)   Hg203  1.000E+02       Au204   (b-)   Hg204  1.000E+02
   Au205   (b-)   Hg205  1.000E+02       Au206   (b-)   Hg206  1.000E+02       Hg186    (a)   Pt182  1.800E-02       Hg186   (b+)   Au186  1.000E+02
   Hg187   (b+)   Au187  9.999E+01       Hg187    (a)   Pt183  1.200E-02       Hg187m  (b+)   Au187m 1.000E+02       Hg187m   (a)   Pt183m 2.500E-04
   Hg188   (b+)   Au188  1.000E+02       Hg189   (b+)   Au189  9.990E+01       Hg189    (a)   Pt185  1.000E-01       Hg189m  (b+)   Au189  1.000E+02
   Hg190   (b+)   Au190  1.000E+02       Hg191   (b+)   Au191  1.000E+02       Hg191m  (b+)   Au191  1.000E+02       Hg192   (b+)   Au192  1.000E+02
   Hg193   (b+)   Au193  9.664E+01       Hg193   (b+)   Au193m 3.360E+00       Hg193m  (b+)   Au193  9.200E+01       Hg193m  (IT)   Hg193  8.000E+00
   Hg194   (b+)   Au194  1.000E+02       Hg195   (b+)   Au195  9.790E+01       Hg195   (b+)   Au195m 2.104E+00       Hg195m  (b+)   Au195  4.580E+01
   Hg195m  (IT)   Hg195  5.420E+01       Hg196 (b+b+)   Pt196  1.000E+02       Hg197   (b+)   Au197  1.000E+02       Hg197m  (b+)   Au197m 8.600E+00
   Hg197m  (IT)   Hg197  9.140E+01       Hg199m  (IT)   Hg199  1.000E+02       Hg203   (b-)   Tl203  1.000E+02       Hg205   (b-)   Tl205  1.000E+02
   Hg206   (b-)   Tl206  1.000E+02       Hg207   (b-)   Tl207  1.000E+02       Hg208   (b-)   Tl208  1.000E+02       Hg209   (b-)   Tl209  1.000E+02
   Tl192   (b+)   Hg192  1.000E+02       Tl192m  (b+)   Hg192  1.000E+02       Tl193   (b+)   Hg193  1.000E+02       Tl193m  (b+)   Hg193  2.500E+01
   Tl193m  (IT)   Tl193  7.500E+01       Tl194   (b+)   Hg194  1.000E+02       Tl194m  (b+)   Hg194  1.000E+02       Tl195   (b+)   Hg195  1.000E+02
   Tl195m  (IT)   Tl195  1.000E+02       Tl196   (b+)   Hg196  1.000E+02       Tl196m  (b+)   Hg196  9.550E+01       Tl196m  (IT)   Tl196  4.500E+00
   Tl197   (b+)   Hg197  1.000E+02       Tl197m  (IT)   Tl197  1.000E+02       Tl198   (b+)   Hg198  1.000E+02       Tl198m  (b+)   Hg198  5.400E+01
   Tl198m  (IT)   Tl198  4.600E+01       Tl199   (b+)   Hg199  1.000E+02       Tl200   (b+)   Hg200  1.000E+02       Tl201   (b+)   Hg201  1.000E+02
   Tl202   (b+)   Hg202  1.000E+02       Tl204   (b+)   Hg204  2.920E+00       Tl204   (b-)   Pb204  9.708E+01       Tl206   (b-)   Pb206  1.000E+02
   Tl206m  (IT)   Tl206  1.000E+02       Tl207   (b-)   Pb207  1.000E+02       Tl207m  (IT)   Tl207  1.000E+02       Tl208   (b-)   Pb208  1.000E+02
   Tl209   (b-)   Pb209  1.000E+02       Tl210   (b-)   Pb210  9.999E+01       Tl210  (b-n)   Pb209  7.000E-03       Pb193   (b+)   Tl193  1.000E+02
   Pb193m  (b+)   Tl193  9.530E+01       Pb193m  (b+)   Tl193m 4.700E+00       Pb194    (a)   Hg190  7.300E-06       Pb194   (b+)   Tl194  1.000E+02
   Pb195   (b+)   Tl195  1.000E+02       Pb195m  (b+)   Tl195  1.000E+02       Pb196   (b+)   Tl196  1.000E+02       Pb197   (b+)   Tl197  1.000E+02
   Pb197m  (b+)   Tl197  8.100E+01       Pb197m  (IT)   Pb197  1.900E+01       Pb198   (b+)   Tl198  1.000E+02       Pb199   (b+)   Tl199  1.000E+02
   Pb199m  (b+)   Tl199  7.000E+00       Pb199m  (IT)   Pb199  9.300E+01       Pb200   (b+)   Tl200  1.000E+02       Pb201   (b+)   Tl201  1.000E+02
   Pb201m  (IT)   Pb201  1.000E+02       Pb202   (b+)   Tl202  1.000E+02       Pb202m  (b+)   Tl202  9.100E+00       Pb202m  (IT)   Pb202  9.090E+01
   Pb203   (b+)   Tl203  1.000E+02       Pb203m  (IT)   Pb203  1.000E+02       Pb203n  (IT)   Pb203m 1.000E+02       Pb204    (a)   Hg200  1.000E+02
   Pb204m  (IT)   Pb204  1.000E+02       Pb205   (b+)   Tl205  1.000E+02       Pb205m  (IT)   Pb205  1.000E+02       Pb207m  (IT)   Pb207  1.000E+02
   Pb209   (b-)   Bi209  1.000E+02       Pb210   (b-)   Bi210  1.000E+02       Pb210    (a)   Hg206  1.900E-06       Pb211   (b-)   Bi211  1.000E+02
   Pb212   (b-)   Bi212  1.000E+02       Pb213   (b-)   Bi213  1.000E+02       Pb214   (b-)   Bi214  1.000E+02       Pb215   (b-)   Bi215  1.000E+02
   Bi196   (b+)   Pb196  1.000E+02       Bi196    (a)   Tl192  1.150E-03       Bi196m  (IT)   Bi196  5.000E+01       Bi196m  (b+)   Pb196  5.000E+01
   Bi196n  (b+)   Pb196  7.420E+01       Bi196n  (IT)   Bi196m 2.580E+01       Bi196n   (a)   Tl192m 3.800E-04       Bi197   (b+)   Pb197m 1.000E+02
   Bi197    (a)   Tl193m 1.000E-04       Bi197m   (a)   Tl193  5.484E+01       Bi197m  (b+)   Pb197  4.487E+01       Bi197m  (IT)   Bi197  2.991E-01
   Bi198   (b+)   Pb198  1.000E+02       Bi198m  (b+)   Pb198  1.000E+02       Bi198n  (IT)   Bi198  1.000E+02       Bi199   (b+)   Pb199  1.000E+02
   Bi199m  (b+)   Pb199  9.799E+01       Bi199m  (IT)   Bi199  2.000E+00       Bi199m   (a)   Tl195  1.000E-02       Bi200   (b+)   Pb200  1.000E+02
   Bi200m  (b+)   Pb200  1.000E+02       Bi200n  (IT)   Bi200  1.000E+02       Bi201   (b+)   Pb201  1.000E+02       Bi201m  (b+)   Pb201  4.645E+01
   Bi201m  (b+)   Pb201m 4.645E+01       Bi201m  (IT)   Bi201  6.800E+00       Bi201m   (a)   Tl197  3.000E-01       Bi202   (b+)   Pb202  1.000E+02
   Bi203   (b+)   Pb203  1.000E+02       Bi203    (a)   Tl199  1.000E-05       Bi203m  (IT)   Bi203  1.000E+02       Bi204   (b+)   Pb204  9.073E+01
   Bi204   (b+)   Pb204m 9.265E+00       Bi205   (b+)   Pb205  8.639E+01       Bi205   (b+)   Pb205m 1.361E+01       Bi206   (b+)   Pb206  1.000E+02
   Bi207   (b+)   Pb207  1.000E+02       Bi208   (b+)   Pb208  1.000E+02       Bi208m  (IT)   Bi208  1.000E+02       Bi209    (a)   Tl205  1.000E+02
   Bi210   (b-)   Po210  1.000E+02       Bi210    (a)   Tl206  1.320E-04       Bi210m   (a)   Tl206  1.000E+02       Bi211   (b-)   Po211  2.730E-01
   Bi211    (a)   Tl207  9.973E+01       Bi212   (b-)   Po212  6.406E+01       Bi212  (b-a)   Pb208  1.400E-02       Bi212    (a)   Tl208  3.593E+01
   Bi212m  (b-)   Po212  3.200E+00       Bi212m (b-a)   Pb208  3.000E+01       Bi212m   (a)   Tl208  6.680E+01       Bi212n  (b-)   Po212m 1.000E+02
   Bi213   (b-)   Po213  9.784E+01       Bi213    (a)   Tl209  2.160E+00       Bi214   (b-)   Po214  9.998E+01       Bi214    (a)   Tl210  2.100E-02
   Bi215   (b-)   Po215  1.000E+02       Bi215m  (IT)   Bi215  5.000E+01       Bi215m  (b-)   Po215  5.000E+01       Bi216   (b-)   Po216  1.000E+02
   Po202   (b+)   Bi202  9.800E+01       Po202    (a)   Pb198  2.000E+00       Po203    (a)   Pb199  1.100E-01       Po203   (b+)   Bi203  9.989E+01
   Po203m  (IT)   Po203  1.000E+02       Po204   (b+)   Bi204  9.934E+01       Po204    (a)   Pb200  6.600E-01       Po205    (a)   Pb201  4.000E-02
   Po205   (b+)   Bi205  9.990E+01       Po206    (a)   Pb202  5.450E+00       Po206   (b+)   Bi206  9.455E+01       Po207    (a)   Pb203  2.100E-02
   Po207   (b+)   Bi207  9.998E+01       Po207m  (IT)   Po207  1.000E+02       Po208   (b+)   Bi208  1.810E-03       Po208    (a)   Pb204  1.000E+02
   Po209   (b+)   Bi209  2.600E-01       Po209    (a)   Pb205  9.974E+01       Po210    (a)   Pb206  1.000E+02       Po211    (a)   Pb207  1.000E+02
   Po211m   (a)   Pb207  1.000E+02       Po212    (a)   Pb208  1.000E+02       Po212m   (a)   Pb208  1.000E+02       Po213    (a)   Pb209  1.000E+02
   Po214    (a)   Pb210  1.000E+02       Po215   (b-)   At215  4.000E-04       Po215    (a)   Pb211  1.000E+02       Po216    (a)   Pb212  1.000E+02
   Po217    (a)   Pb213  9.500E+01       Po217   (b-)   At217  5.000E+00       Po218   (b-)   At218  1.900E-02       Po218    (a)   Pb214  9.998E+01
   Po219   (b-)   At219  5.000E+01       Po219    (a)   Pb215  5.000E+01       At205   (b+)   Po205  9.000E+01       At205    (a)   Bi201  1.000E+01
   At206    (a)   Bi202  8.900E-01       At206   (b+)   Po206  9.911E+01       At207   (b+)   Po207  9.130E+01       At207    (a)   Bi203  8.700E+00
   At208   (b+)   Po208  9.945E+01       At208    (a)   Bi204  5.500E-01       At209    (a)   Bi205  4.100E+00       At209   (b+)   Po209  9.590E+01
   At210    (a)   Bi206  1.750E-01       At210   (b+)   Po210  9.983E+01       At211    (a)   Bi207  4.180E+01       At211   (b+)   Po211  5.820E+01
   At212    (a)   Bi208  1.000E+02       At212m   (a)   Bi208  1.000E+02       At213    (a)   Bi209  1.000E+02       At214    (a)   Bi210  1.000E+02
   At215    (a)   Bi211  1.000E+02       At216    (a)   Bi212  1.000E+02       At217   (b-)   Rn217  1.200E-02       At217    (a)   Bi213  9.999E+01
   At218   (b-)   Rn218  1.000E-01       At218    (a)   Bi214  9.990E+01       At219   (b-)   Rn219  3.000E+00       At219    (a)   Bi215  9.700E+01
   At220    (a)   Bi216  8.000E+00       At220   (b-)   Rn220  9.200E+01       At221   (b-)   Rn221  1.000E+02       At222   (b-)   Rn222  1.000E+02
   Rn208   (b+)   At208  3.800E+01       Rn208    (a)   Po204  6.200E+01       Rn209    (a)   Po205  1.700E+01       Rn209   (b+)   At209  8.300E+01
   Rn210    (a)   Po206  9.600E+01       Rn210   (b+)   At210  4.000E+00       Rn211   (b+)   At211  7.400E+01       Rn211    (a)   Po207  2.600E+01
   Rn212    (a)   Po208  1.000E+02       Rn213    (a)   Po209  1.000E+02       Rn214    (a)   Po210  1.000E+02       Rn215    (a)   Po211  1.000E+02
   Rn216    (a)   Po212  1.000E+02       Rn217    (a)   Po213  1.000E+02       Rn218    (a)   Po214  1.000E+02       Rn219    (a)   Po215  1.000E+02
   Rn220    (a)   Po216  1.000E+02       Rn221    (a)   Po217  2.000E+01       Rn221   (b-)   Fr221  7.800E+01       Rn222    (a)   Po218  1.000E+02
   Rn223   (b-)   Fr223  1.000E+02       Rn224   (b-)   Fr224  1.000E+02       Rn225   (b-)   Fr225  1.000E+02       Fr218    (a)   At214  1.000E+02
   Fr218m   (a)   At214  1.000E+02       Fr219    (a)   At215  1.000E+02       Fr220    (a)   At216  9.965E+01       Fr220   (b-)   Ra220  3.500E-01
   Fr221    (a)   At217  1.000E+02       Fr222   (b-)   Ra222  1.000E+02       Fr223   (b-)   Ra223  9.999E+01       Fr223    (a)   At219  6.000E-03
   Fr224   (b-)   Ra224  1.000E+02       Fr225   (b-)   Ra225  1.000E+02       Fr226   (b-)   Ra226  1.000E+02       Fr227   (b-)   Ra227  1.000E+02
   Fr228   (b-)   Ra228  1.000E+02       Ra220    (a)   Rn216  1.000E+02       Ra221    (a)   Rn217  1.000E+02       Ra222    (a)   Rn218  1.000E+02
   Ra223    (a)   Rn219  1.000E+02       Ra224    (a)   Rn220  1.000E+02       Ra225   (b-)   Ac225  1.000E+02       Ra226    (a)   Rn222  1.000E+02
   Ra227   (b-)   Ac227  1.000E+02       Ra228   (b-)   Ac228  1.000E+02       Ra229   (b-)   Ac229  1.000E+02       Ra230   (b-)   Ac230  1.000E+02
   Ra231   (b-)   Ac231  1.000E+02       Ac222    (a)   Fr218  1.000E+02       Ac222m  (b+)   Ra222  1.200E+01       Ac222m   (a)   Fr218  8.800E+01
   Ac223   (b+)   Ra223  1.000E+00       Ac223    (a)   Fr219  9.900E+01       Ac224    (a)   Fr220  9.100E+00       Ac224   (b+)   Ra224  9.090E+01
   Ac225    (a)   Fr221  1.000E+02       Ac226   (b-)   Th226  8.280E+01       Ac226   (b+)   Ra226  1.720E+01       Ac226    (a)   Fr222  6.000E-03
   Ac227   (b-)   Th227  9.862E+01       Ac227    (a)   Fr223  1.380E+00       Ac228   (b-)   Th228  1.000E+02       Ac229   (b-)   Th229  1.000E+02
   Ac230   (b-)   Th230  1.000E+02       Ac231   (b-)   Th231  1.000E+02       Ac232   (b-)   Th232  1.000E+02       Ac233   (b-)   Th233  1.000E+02
   Ac234   (b-)   Th234  1.000E+02       Th224    (a)   Ra220  1.000E+02       Th225    (a)   Ra221  9.000E+01       Th226    (a)   Ra222  1.000E+02
   Th227    (a)   Ra223  1.000E+02       Th228    (a)   Ra224  1.000E+02       Th229    (a)   Ra225  1.000E+02       Th229m  (IT)   Th229  1.000E+02
   Th230    (a)   Ra226  1.000E+02       Th230   (SF)       0  2.500E-11       Th231   (b-)   Pa231  1.000E+02       Th232    (a)   Ra228  1.000E+02
   Th232   (SF)       0  1.400E-09       Th233   (b-)   Pa233  1.000E+02       Th234   (b-)   Pa234m 1.000E+02       Th235   (b-)   Pa235  1.000E+02
   Pa226    (a)   Ac222  3.700E+01       Pa226    (a)   Ac222m 3.700E+01       Pa226   (b+)   Th226  2.600E+01       Pa227   (b+)   Th227  1.500E+01
   Pa227    (a)   Ac223  8.500E+01       Pa228    (a)   Ac224  2.000E+00       Pa228   (b+)   Th228  9.815E+01       Pa229    (a)   Ac225  4.800E-01
   Pa229   (b+)   Th229  9.952E+01       Pa230   (b-)   U 230  9.500E+00       Pa230   (b+)   Th230  9.050E+01       Pa230    (a)   Ac226  3.200E-03
   Pa231    (a)   Ac227  1.000E+02       Pa231   (SF)       0  3.000E-10       Pa232   (b-)   U 232  1.000E+02       Pa232   (b+)   Th232  3.000E-03
   Pa233   (b-)   U 233  1.000E+02       Pa234   (b-)   U 234  1.000E+02       Pa234m  (b-)   U 234  9.985E+01       Pa234m  (IT)   Pa234  1.500E-01
   Pa235   (b-)   U 235m 1.000E+02       Pa236   (b-)   U 236  1.000E+02       Pa237   (b-)   U 237  1.000E+02       Pa238   (b-)   U 238  1.000E+02
   U 228    (a)   Th224  9.750E+01       U 229   (b+)   Pa229  8.000E+01       U 229    (a)   Th225  2.000E+01       U 230    (a)   Th226  1.000E+02
   U 231   (b+)   Pa231  9.999E+01       U 231    (a)   Th227  5.500E-03       U 232    (a)   Th228  1.000E+02       U 232   (SF)       0  9.000E-11
   U 233    (a)   Th229  1.000E+02       U 234    (a)   Th230  1.000E+02       U 234   (SF)       0  1.700E-09       U 235    (a)   Th231  1.000E+02
   U 235   (SF)       0  7.200E-09       U 235m  (IT)   U 235  1.000E+02       U 236    (a)   Th232  1.000E+02       U 236   (SF)       0  9.000E-08
   U 237   (b-)   Np237  1.000E+02       U 238    (a)   Th234  1.000E+02       U 238   (SF)       0  5.460E-05       U 239   (b-)   Np239  1.000E+02
   U 240   (b-)   Np240  1.000E+02       U 241   (b-)   Np241  1.000E+02       U 242   (b-)   Np242  1.000E+02       U 243   (b-)   Np243  1.000E+02
   U 244   (b-)   Np244  1.000E+02       U 245   (b-)   Np245  1.000E+02       Np230   (b+)   U 230  9.700E+01       Np230    (a)   Pa226  3.000E+00
   Np231   (b+)   U 231  9.800E+01       Np231    (a)   Pa227  2.000E+00       Np232   (b+)   U 232  1.000E+02       Np233    (a)   Pa229  1.000E-03
   Np233   (b+)   U 233  1.000E+02       Np234   (b+)   U 234  1.000E+02       Np235   (b+)   U 235  1.000E+02       Np235    (a)   Pa231  1.400E-03
   Np236   (b-)   Pu236  1.180E+01       Np236   (b+)   U 236  8.804E+01       Np236    (a)   Pa232  1.600E-01       Np236m  (b-)   Pu236  5.000E+01
   Np236m  (b+)   U 236  5.000E+01       Np237    (a)   Pa233  1.000E+02       Np238   (b-)   Pu238  1.000E+02       Np239   (b-)   Pu239  1.000E+02
   Np240   (b-)   Pu240  1.000E+02       Np240m  (b-)   Pu240  9.989E+01       Np240m  (IT)   Np240  1.100E-01       Np241   (b-)   Pu241  1.000E+02
   Np242   (b-)   Pu242  1.000E+02       Np242m  (b-)   Pu242  1.000E+02       Np243   (b-)   Pu243  1.000E+02       Np244   (b-)   Pu244  1.000E+02
   Np245   (b-)   Pu245  1.000E+02       Np246   (b-)   Pu246  1.000E+02       Pu232   (b+)   Np232  8.900E+01       Pu232    (a)   U 228  1.100E+01
   Pu233   (b+)   Np233  9.988E+01       Pu233    (a)   U 229  1.200E-01       Pu234   (b+)   Np234  9.400E+01       Pu234    (a)   U 230  6.000E+00
   Pu235    (a)   U 231  2.700E-03       Pu235   (b+)   Np235  1.000E+02       Pu236    (a)   U 232  1.000E+02       Pu236   (SF)       0  8.200E-08
   Pu237   (b+)   Np237  1.000E+02       Pu237    (a)   U 233  4.200E-03       Pu237m  (IT)   Pu237  1.000E+02       Pu238    (a)   U 234  1.000E+02
   Pu238   (SF)       0  1.860E-07       Pu239    (a)   U 235  6.000E-02       Pu239    (a)   U 235m 9.994E+01       Pu239   (SF)       0  3.100E-10
   Pu240    (a)   U 236  1.000E+02       Pu240   (SF)       0  5.700E-06       Pu241   (b-)   Am241  1.000E+02       Pu241    (a)   U 237  2.460E-03
   Pu242    (a)   U 238  1.000E+02       Pu242   (SF)       0  5.500E-04       Pu243   (b-)   Am243  1.000E+02       Pu244    (a)   U 240  9.988E+01
   Pu244   (SF)       0  1.250E-01       Pu245   (b-)   Am245  1.000E+02       Pu246   (b-)   Am246m 1.000E+02       Pu247   (b-)   Am247  1.000E+02
   Am237   (b+)   Pu237  9.998E+01       Am237    (a)   Np233  2.500E-02       Am238   (b+)   Pu238  1.000E+02       Am238    (a)   Np234  1.000E-04
   Am239   (b+)   Pu239  9.999E+01       Am239    (a)   Np235  1.000E-02       Am240   (b+)   Pu240  1.000E+02       Am240    (a)   Np236  1.900E-04
   Am241    (a)   Np237  1.000E+02       Am241   (SF)       0  4.300E-10       Am242   (b-)   Cm242  8.320E+01       Am242   (b+)   Pu242  1.680E+01
   Am242m  (IT)   Am242  9.954E+01       Am242m   (a)   Np238  4.630E-01       Am242m  (SF)       0  1.600E-08       Am243    (a)   Np239  1.000E+02
   Am243   (SF)       0  3.700E-09       Am244   (b-)   Cm244  1.000E+02       Am244m  (b-)   Cm244  9.996E+01       Am244m  (b+)   Pu244  4.100E-02
   Am245   (b-)   Cm245  1.000E+02       Am246   (b-)   Cm246  1.000E+02       Am246m  (b-)   Cm246  1.000E+02       Am247   (b-)   Cm247  1.000E+02
   Am248   (b-)   Cm248  1.000E+02       Am249   (b-)   Cm249  1.000E+02       Am250   (b-)   Cm250  1.000E+02       Cm238   (b+)   Am238  9.000E+01
   Cm238    (a)   Pu234  1.000E+01       Cm239   (b+)   Am239  1.000E+02       Cm240    (a)   Pu236  9.970E+01       Cm241   (b+)   Am241  9.900E+01
   Cm241    (a)   Pu237  1.000E+00       Cm242    (a)   Pu238  1.000E+02       Cm242   (SF)       0  6.100E-06       Cm243   (b+)   Am243  2.400E-01
   Cm243    (a)   Pu239  9.976E+01       Cm244    (a)   Pu240  1.000E+02       Cm244   (SF)       0  1.380E-04       Cm245    (a)   Pu241  1.000E+02
   Cm246    (a)   Pu242  9.997E+01       Cm246   (SF)       0  2.614E-02       Cm247    (a)   Pu243  1.000E+02       Cm248    (a)   Pu244  9.174E+01
   Cm248   (SF)       0  8.260E+00       Cm249   (b-)   Bk249  1.000E+02       Cm250    (a)   Pu246  3.000E+01       Cm250   (SF)       0  7.000E+01
   Cm251   (b-)   Bk251  1.000E+02       Bk243   (b+)   Cm243  9.985E+01       Bk243    (a)   Am239  1.500E-01       Bk244   (b+)   Cm244  9.999E+01
   Bk244    (a)   Am240  6.006E-03       Bk245    (a)   Am241  1.200E-01       Bk245   (b+)   Cm245  9.988E+01       Bk246   (b+)   Cm246  1.000E+02
   Bk247    (a)   Am243  1.000E+02       Bk248    (a)   Am244  1.000E+02       Bk248m  (b-)   Cf248  7.000E+01       Bk248m  (b+)   Cm248  3.000E+01
   Bk249   (b-)   Cf249  1.000E+02       Bk249    (a)   Am245  1.450E-03       Bk249   (SF)       0  4.690E-08       Bk250   (b-)   Cf250  1.000E+02
   Bk251   (b-)   Cf251  1.000E+02       Bk252   (b-)   Cf252  5.000E+01       Bk252    (a)   Am248  5.000E+01       Bk253   (b-)   Cf253  1.000E+02
   Bk254   (b-)   Cf254  1.000E+02       Cf244    (a)   Cm240  1.000E+02       Cf245   (b+)   Bk245  6.400E+01       Cf245    (a)   Cm241  3.600E+01
   Cf246    (a)   Cm242  1.000E+02       Cf247   (b+)   Bk247  9.997E+01       Cf247    (a)   Cm243  3.500E-02       Cf248    (a)   Cm244  1.000E+02
   Cf249    (a)   Cm245  1.000E+02       Cf249   (SF)       0  5.200E-07       Cf250    (a)   Cm246  9.992E+01       Cf250   (SF)       0  7.700E-02
   Cf251    (a)   Cm247  1.000E+02       Cf252    (a)   Cm248  9.691E+01       Cf252   (SF)       0  3.092E+00       Cf253   (b-)   Es253  9.969E+01
   Cf253    (a)   Cm249  3.100E-01       Cf254   (SF)       0  9.969E+01       Cf254    (a)   Cm250  3.090E-01       Cf255   (b-)   Es255  1.000E+02
   Cf255   (SF)       0  1.000E-03       Cf255    (a)   Cm251  2.000E-07       Es249    (a)   Bk245  5.700E-01       Es249   (b+)   Cf249  9.943E+01
   Es250   (b+)   Cf250  1.000E+02       Es250m  (b+)   Cf250  1.000E+02       Es251   (b+)   Cf251  9.950E+01       Es251    (a)   Bk247  5.000E-01
   Es252    (a)   Bk248  7.800E+01       Es252   (b+)   Cf252  2.200E+01       Es253    (a)   Bk249  1.000E+02       Es253   (SF)       0  8.700E-06
   Es254    (a)   Bk250  1.000E+02       Es254m  (b-)   Fm254  9.959E+01       Es254m  (b+)   Cf254  7.798E-02       Es254m   (a)   Bk250  3.299E-01
   Es255   (b-)   Fm255  9.200E+01       Es255    (a)   Bk251  8.000E+00       Es255   (SF)       0  4.000E-03       Es256   (b-)   Fm256  1.000E+02
   Es256m  (b-)   Fm256  1.000E+02       Es257   (b-)   Fm257  1.000E+02       Es257    (a)   Bk253  4.000E-04       Fm250    (a)   Cf246  8.999E+01
   Fm250   (b+)   Es250m 9.999E+00       Fm250   (SF)       0  6.900E-03       Fm250m  (IT)   Fm250  8.000E+01       Fm250m   (a)   Cf246  2.000E+01
   Fm250m  (SF)       0  8.200E-05       Fm251   (b+)   Es251  9.820E+01       Fm251    (a)   Cf247  1.800E+00       Fm252    (a)   Cf248  1.000E+02
   Fm253   (b+)   Es253  8.800E+01       Fm253    (a)   Cf249  1.200E+01       Fm254    (a)   Cf250  9.994E+01       Fm255    (a)   Cf251  1.000E+02
   Fm256   (SF)       0  9.190E+01       Fm256    (a)   Cf252  8.100E+00       Fm257    (a)   Cf253  9.979E+01       Fm258   (SF)       0  1.000E+02
1                                                 C R O S S     S E C T I O N S     I N     B A R N S 

                           The cross section for the specified reaction is given in barns, followed by the error in percent.

  H   1 (n,g    ) H   2  2.121E-02+-1.8E+01 H   2 (n,2n   ) H   1  3.291E-02+-1.2E+01 H   2 (n,g    ) H   3  3.666E-05+-1.6E+01 H   3 (n,2n   ) H   2  8.510E-03+-2.0E+01
  H   3 (n,3n   ) H   1  3.542E-04+-8.0E+01 He  3 (n,g    ) He  4  2.729E-05+-4.4E+01 He  3 (n,p    ) H   3  3.393E+02+-5.0E+01 He  3 (n,d    ) H   2  1.446E-02+-2.0E+01
  Li  6 (n,2na  ) H   1  1.439E-02+-2.0E+02 Li  6 (n,nd   ) He  4  9.121E-02+-6.0E+01 Li  6 (n,g    ) Li  7  2.483E-03+-1.2E+01 Li  6 (n,p    ) He  6  2.002E-03+-2.0E+01
  Li  6 (n,t    ) He  4  6.036E+01+-1.0E+01 Li  7 (n,2n   ) Li  6  9.805E-03+-2.0E+01 Li  7 (n,na   ) H   3  6.224E-02+-1.0E+02 Li  7 (n,2na  ) H   2  3.287E-03+-2.0E+02
  Li  7 (n,np   ) He  6  3.543E-04+-1.0E+02 Li  7 (n,g    ) Li  8  2.905E-03+-1.0E+01 Li  7 (n,d    ) He  6  1.691E-03+-6.0E+01 Be  7 (n,np   ) Li  6  1.892E-02+-1.0E+02
  Be  7 (n,g    ) Be  8  2.633E-03+-3.1E+02 Be  7 (n,p    ) Li  7  2.548E+03+-5.0E+01 Be  7 (n,d    ) Li  6  2.143E-02+-1.0E+02 Be  7 (n,a    ) He  4  1.176E-01+-5.5E+01
  Be  7 (n,2p   ) He  6  1.492E-03+-2.0E+02 Be  9 (n,2n   ) Be  8  1.138E-01+-1.0E+01 Be  9 (n,g    ) Be 10  4.853E-04+-1.1E+01 Be  9 (n,p    ) Li  9  6.222E-06+-5.0E+01
  Be  9 (n,t    ) Li  7  3.026E-03+-1.0E+01 Be  9 (n,a    ) He  6  8.879E-03+-3.0E+01 Be 10 (n,2n   ) Be  9  4.942E-02+-4.0E+01 Be 10 (n,3n   ) Be  8  2.719E-02+-8.0E+01
  Be 10 (n,na   ) He  6  2.874E-03+-1.0E+02 Be 10 (n,g    ) Be 11  7.282E-05+-4.5E+01 B  10 (n,na   ) Li  6  2.487E-02+-1.0E+02 B  10 (n,np   ) Be  9  2.756E-03+-1.0E+02
  B  10 (n,nd   ) Be  8  1.543E-02+-6.0E+01 B  10 (n,2np  ) Be  8  3.671E-03+-2.0E+02 B  10 (n,g    ) B  11  3.198E-02+-6.7E+01 B  10 (n,p    ) Be 10  9.269E-03+-4.8E+01
  B  10 (n,d    ) Be  9  4.978E-03+-5.0E+01 B  10 (n,t    ) Be  8  3.236E-02+-5.0E+01 B  10 (n,a    ) Li  7  2.454E+02+-2.0E+01 B  10 (n,ta   ) He  4  1.759E-06+-2.0E+02
  B  11 (n,2n   ) B  10  2.795E-03+-4.0E+01 B  11 (n,na   ) Li  7  7.607E-03+-1.0E+02 B  11 (n,np   ) Be 10  2.622E-04+-1.0E+02 B  11 (n,nt   ) Be  8  1.490E-04+-2.0E+02
  B  11 (n,g    ) B  12  3.640E-04+-5.3E+01 B  11 (n,p    ) Be 11  8.293E-04+-2.0E+01 B  11 (n,d    ) Be 10  1.604E-03+-1.0E+02 B  11 (n,t    ) Be  9  2.519E-03+-5.0E+01
  B  11 (n,a    ) Li  8  5.635E-03+-1.0E+01 C  12 (n,na   ) Be  8  1.225E-03+-1.0E+02 C  12 (n,n2a  ) He  4  2.105E-02+-2.0E+02 C  12 (n,g    ) C  13  2.583E-04+-1.2E+01
  C  12 (n,p    ) B  12  6.974E-05+-1.0E+01 C  12 (n,d    ) B  11  6.025E-07+-1.0E+02 C  12 (n,a    ) Be  9  1.568E-02+-2.0E+01 C  13 (n,2n   ) C  12  4.695E-02+-4.0E+01
  C  13 (n,na   ) Be  9  1.950E-03+-1.0E+02 C  13 (n,2na  ) Be  8  2.725E-06+-2.0E+02 C  13 (n,2n2a ) He  4  3.806E-09+-2.0E+02 C  13 (n,g    ) C  14  1.871E-04+-3.6E+01
  C  13 (n,p    ) B  13  3.614E-03+-5.0E+01 C  13 (n,t    ) B  11  8.643E-04+-4.0E+01 C  13 (n,a    ) Be 10  2.922E-03+-6.0E+01 C  13 (n,2a   ) He  6  2.541E-10+-2.0E+02
  C  14 (n,2n   ) C  13  7.230E-03+-4.0E+01 C  14 (n,3n   ) C  12  1.860E-09+-8.0E+01 C  14 (n,na   ) Be 10  3.213E-06+-1.0E+02 C  14 (n,g    ) C  15  4.900E-06+-4.7E+01
  C  14 (n,a    ) Be 11  2.236E-04+-6.0E+01 N  14 (n,2n   ) N  13  9.513E-04+-1.0E+01 N  14 (n,na   ) B  10  2.814E-04+-1.0E+02 N  14 (n,np   ) C  13  4.335E-02+-1.0E+02
  N  14 (n,nd   ) C  12  5.972E-05+-6.0E+01 N  14 (n,2np  ) C  12  7.138E-07+-2.0E+02 N  14 (n,g    ) N  15  4.850E-03+-1.2E+01 N  14 (n,p    ) C  14  1.390E-01+-2.0E+01
  N  14 (n,d    ) C  13  1.501E-02+-1.0E+02 N  14 (n,t    ) C  12  5.489E-03+-5.7E+01 N  14 (n,a    ) B  11  3.119E-02+-1.5E+01 N  14 (n,2a   ) Li  7  6.005E-03+-2.0E+02
  N  14 (n,pa   ) Be 10  1.880E-06+-2.0E+02 N  15 (n,2n   ) N  14  2.560E-02+-4.0E+01 N  15 (n,na   ) B  11  2.949E-03+-1.0E+02 N  15 (n,np   ) C  14  9.344E-03+-1.0E+02
  N  15 (n,g    ) N  16  1.184E-05+-6.8E+01 N  15 (n,p    ) C  15  3.282E-03+-3.0E+01 N  15 (n,d    ) C  14  1.772E-03+-1.0E+02 N  15 (n,t    ) C  13  2.433E-03+-6.0E+01
  N  15 (n,a    ) B  12  4.331E-03+-6.0E+01 O  16 (n,na   ) C  12  1.094E-03+-1.0E+02 O  16 (n,np   ) N  15  3.467E-05+-1.0E+02 O  16 (n,g    ) O  17  9.136E-05+-5.9E+01
  O  16 (n,p    ) N  16  7.281E-03+-1.0E+01 O  16 (n,d    ) N  15  2.318E-03+-5.0E+01 O  16 (n,a    ) C  13  3.240E-02+-2.0E+01 O  17 (n,2n   ) O  16  6.064E-02+-4.0E+01
  O  17 (n,na   ) C  13  3.363E-02+-1.0E+02 O  17 (n,2na  ) C  12  7.807E-06+-2.0E+02 O  17 (n,np   ) N  16  1.490E-08+-1.0E+02 O  17 (n,g    ) O  18  1.394E-04+-7.2E+01
  O  17 (n,p    ) N  17  3.534E-03+-4.0E+01 O  17 (n,d    ) N  16  2.242E-04+-1.0E+02 O  17 (n,t    ) N  15  2.206E-03+-6.0E+01 O  17 (n,a    ) C  14  5.046E-02+-3.6E+01
  O  17 (n,2a   ) Be 10  4.423E-07+-2.0E+02 O  18 (n,2n   ) O  17  8.252E-02+-4.0E+01 O  18 (n,3n   ) O  16  4.962E-06+-8.0E+01 O  18 (n,na   ) C  14  1.468E-02+-1.0E+02
  O  18 (n,g    ) O  19  4.457E-05+-1.8E+01 O  18 (n,p    ) N  18  4.440E-04+-4.0E+01 O  18 (n,d    ) N  17  1.583E-07+-1.0E+02 O  18 (n,t    ) N  16  2.105E-06+-6.0E+01
  O  18 (n,a    ) C  15  1.393E-03+-3.0E+01 F  19 (n,2n   ) F  18  6.206E-03+-1.0E+01 F  19 (n,na   ) N  15  9.647E-02+-1.0E+02 F  19 (n,np   ) O  18  1.137E-02+-1.0E+02
  F  19 (n,nd   ) O  17  6.690E-09+-6.0E+01 F  19 (n,nt   ) O  16  1.396E-04+-2.0E+02 F  19 (n,g    ) F  20  1.658E-03+-1.3E+01 F  19 (n,p    ) O  19  4.322E-03+-1.5E+01
  F  19 (n,d    ) O  18  5.890E-03+-2.0E+02 F  19 (n,t    ) O  17  2.107E-03+-6.0E+01 F  19 (n,a    ) N  16  1.076E-02+-2.0E+01 F  19 (n,2a   ) B  12  1.167E-10+-2.0E+02
  F  19 (n,da   ) C  14  9.858E-06+-2.0E+02 Ne 20 (n,na   ) O  16  5.859E-02+-1.0E+02 Ne 20 (n,np   ) F  19  2.323E-04+-1.0E+02 Ne 20 (n,n2a  ) C  12  2.357E-11+-2.0E+02
  Ne 20 (n,g    ) Ne 21  2.423E-03+-2.4E+01 Ne 20 (n,p    ) F  20  5.858E-02+-5.0E+01 Ne 20 (n,d    ) F  19  2.800E-03+-1.0E+02 Ne 20 (n,h    ) O  18  3.115E-09+-9.0E+01
  Ne 20 (n,a    ) O  17  5.175E-02+-3.0E+01 Ne 20 (n,2a   ) C  13  1.640E-03+-2.0E+02 Ne 21 (n,2n   ) Ne 20  3.841E-02+-4.0E+01 Ne 21 (n,na   ) O  17  3.304E-02+-1.0E+02
  Ne 21 (n,2na  ) O  16  7.746E-07+-2.0E+02 Ne 21 (n,np   ) F  20  1.192E-05+-1.0E+02 Ne 21 (n,g    ) Ne 22  4.250E-02+-1.1E+01 Ne 21 (n,p    ) F  21  1.909E-02+-5.0E+01
  Ne 21 (n,d    ) F  20  5.200E-04+-1.0E+02 Ne 21 (n,t    ) F  19  1.822E-04+-6.0E+01 Ne 21 (n,a    ) O  18  1.145E-01+-8.4E+01 Ne 21 (n,2a   ) C  14  2.153E-03+-2.0E+02
  Ne 22 (n,2n   ) Ne 21  6.593E-02+-4.0E+01 Ne 22 (n,na   ) O  18  1.863E-03+-1.0E+02 Ne 22 (n,g    ) Ne 23  2.970E-03+-2.0E+01 Ne 22 (n,p    ) F  22  5.182E-03+-5.0E+01
  Ne 22 (n,d    ) F  21  9.602E-06+-1.0E+02 Ne 22 (n,a    ) O  19  2.728E-03+-6.0E+01 Na 22 (n,2n   ) Na 21  2.065E-03+-4.0E+01 Na 22 (n,na   ) F  18  2.708E-03+-1.0E+02
  Na 22 (n,np   ) Ne 21  6.583E-02+-1.0E+02 Na 22 (n,nd   ) Ne 20  2.421E-04+-6.0E+01 Na 22 (n,2np  ) Ne 20  6.718E-09+-2.0E+02 Na 22 (n,g    ) Na 23  1.642E+01+-3.3E+01
  Na 22 (n,p    ) Ne 22  1.875E+03+-3.0E+01 Na 22 (n,d    ) Ne 21  9.359E-03+-1.0E+02 Na 22 (n,t    ) Ne 20  3.618E-03+-6.0E+01 Na 22 (n,h    ) F  20  8.045E-08+-9.0E+01
  Na 22 (n,a    ) F  19  1.706E+01+-3.0E+01 Na 22 (n,2a   ) N  15  2.170E-02+-2.0E+02 Na 22 (n,2p   ) F  21  2.425E-07+-2.0E+02 Na 22 (n,pa   ) O  18  7.365E-04+-2.0E+02
  Na 22 (n,da   ) O  17  2.473E-08+-2.0E+02 Na 22 (n,ta   ) O  16  1.000E-04+-2.0E+02 Na 23 (n,2n   ) Na 22  3.047E-03+-2.0E+01 Na 23 (n,na   ) F  19  1.865E-03+-3.0E+01
  Na 23 (n,np   ) Ne 22  3.610E-02+-1.0E+02 Na 23 (n,g    ) Na 24  8.535E-03+-4.4E+01 Na 23 (n,g    ) Na 24m 2.066E-02+-2.6E+01 Na 23 (n,p    ) Ne 23  9.504E-03+-2.0E+01
  Na 23 (n,d    ) Ne 22  9.864E-03+-1.0E+02 Na 23 (n,t    ) Ne 21  7.276E-04+-3.0E+01 Na 23 (n,a    ) F  20  2.766E-02+-1.5E+01 Na 24 (n,n    ) Na 24m 3.432E-02+-1.0E+02
  Na 24 (n,2n   ) Na 23  1.122E-01+-4.0E+01 Na 24 (n,na   ) F  20  8.568E-05+-1.0E+02 Na 24 (n,np   ) Ne 23  1.130E-03+-1.0E+02 Na 24 (n,nd   ) Ne 22  9.980E-09+-6.0E+01
  Na 24 (n,g    ) Na 25  2.772E-03+-6.8E+02 Na 24 (n,p    ) Ne 24  9.349E-03+-5.0E+01 Na 24 (n,d    ) Ne 23  2.187E-03+-1.0E+02 Na 24 (n,t    ) Ne 22  1.566E-03+-6.0E+01
  Na 24 (n,a    ) F  21  3.454E-03+-6.0E+01 Mg 24 (n,na   ) Ne 20  1.251E-02+-4.0E+01 Mg 24 (n,np   ) Na 23  9.085E-03+-1.0E+02 Mg 24 (n,g    ) Mg 25  3.865E-03+-1.6E+01
  Mg 24 (n,p    ) Na 24  2.420E-02+-6.3E+01 Mg 24 (n,p    ) Na 24m 1.087E-02+-6.3E+01 Mg 24 (n,d    ) Na 23  4.283E-03+-1.0E+02 Mg 24 (n,h    ) Ne 22  4.478E-09+-9.0E+01
  Mg 24 (n,a    ) Ne 21  4.952E-02+-4.0E+01 Mg 24 (n,2a   ) O  17  2.801E-07+-2.0E+02 Mg 25 (n,2n   ) Mg 24  9.815E-02+-4.0E+01 Mg 25 (n,na   ) Ne 21  1.583E-03+-1.0E+02
  Mg 25 (n,np   ) Na 24  3.031E-04+-1.2E+02 Mg 25 (n,np   ) Na 24m 1.374E-04+-1.2E+02 Mg 25 (n,g    ) Mg 26  1.306E-02+-2.7E+01 Mg 25 (n,p    ) Na 25  1.221E-02+-2.0E+01
  Mg 25 (n,d    ) Na 24  7.976E-04+-1.2E+02 Mg 25 (n,d    ) Na 24m 3.590E-04+-1.2E+02 Mg 25 (n,t    ) Na 23  2.000E-04+-6.0E+01 Mg 25 (n,a    ) Ne 22  1.447E-02+-3.0E+01
  Mg 25 (n,2a   ) O  18  8.880E-08+-2.0E+02 Mg 26 (n,2n   ) Mg 25  5.830E-02+-4.0E+01 Mg 26 (n,na   ) Ne 22  1.960E-04+-1.0E+02 Mg 26 (n,np   ) Na 25  5.179E-12+-1.0E+02
  Mg 26 (n,g    ) Mg 27  2.711E-03+-9.6E+00 Mg 26 (n,p    ) Na 26  3.344E-03+-3.0E+01 Mg 26 (n,d    ) Na 25  1.933E-04+-1.0E+02 Mg 26 (n,a    ) Ne 23  9.741E-03+-2.0E+01
  Mg 28 (n,2n   ) Mg 27  1.305E-01+-4.0E+01 Mg 28 (n,na   ) Ne 24  9.426E-07+-1.0E+02 Mg 28 (n,g    ) Mg 29  1.613E-04+-8.2E+02 Mg 28 (n,p    ) Na 28  1.480E-06+-5.0E+01
  Mg 28 (n,a    ) Ne 25  4.207E-04+-6.0E+01 Al 26 (n,n    ) Al 26m 9.371E-03+-1.0E+02 Al 26 (n,2n   ) Al 25  9.712E-04+-4.0E+01 Al 26 (n,na   ) Na 22  7.223E-04+-1.0E+02
  Al 26 (n,np   ) Mg 25  7.390E-02+-1.0E+02 Al 26 (n,nd   ) Mg 24  7.401E-05+-6.0E+01 Al 26 (n,2np  ) Mg 24  7.418E-10+-2.0E+02 Al 26 (n,g    ) Al 27  4.009E-02+-8.8E+02
  Al 26 (n,p    ) Mg 26  3.395E-01+-5.0E+01 Al 26 (n,d    ) Mg 25  9.336E-03+-1.0E+02 Al 26 (n,t    ) Mg 24  2.685E-03+-6.0E+01 Al 26 (n,h    ) Na 24  1.776E-06+-1.1E+02
  Al 26 (n,h    ) Na 24m 7.980E-07+-1.1E+02 Al 26 (n,a    ) Na 23  7.289E-01+-6.0E+01 Al 26 (n,2a   ) F  19  9.369E-06+-2.0E+02 Al 26 (n,2p   ) Na 25  3.334E-05+-2.0E+02
  Al 26 (n,pa   ) Ne 22  5.552E-03+-2.0E+02 Al 27 (n,2n   ) Al 26  2.133E-03+-3.0E+01 Al 27 (n,2n   ) Al 26m 3.502E-05+-3.0E+01 Al 27 (n,na   ) Na 23  1.758E-03+-2.0E+01
  Al 27 (n,np   ) Mg 26  1.705E-02+-5.0E+01 Al 27 (n,g    ) Al 28  1.612E-02+-9.2E+00 Al 27 (n,p    ) Mg 27  1.471E-02+-1.0E+01 Al 27 (n,d    ) Mg 26  2.961E-03+-5.0E+01
  Al 27 (n,t    ) Mg 25  3.530E-04+-2.0E+01 Al 27 (n,a    ) Na 24  1.502E-02+-6.1E+01 Al 27 (n,a    ) Na 24m 6.749E-03+-6.1E+01 Si 28 (n,na   ) Mg 24  2.940E-03+-5.0E+01
  Si 28 (n,np   ) Al 27  1.321E-02+-2.0E+01 Si 28 (n,g    ) Si 29  1.182E-02+-8.8E+00 Si 28 (n,p    ) Al 28  4.965E-02+-5.0E+00 Si 28 (n,d    ) Al 27  3.400E-03+-4.0E+01
  Si 28 (n,h    ) Mg 26  2.408E-08+-4.0E+02 Si 28 (n,a    ) Mg 25  3.733E-02+-2.9E+01 Si 29 (n,2n   ) Si 28  9.660E-02+-4.0E+01 Si 29 (n,na   ) Mg 25  4.245E-05+-1.0E+02
  Si 29 (n,np   ) Al 28  4.611E-04+-1.0E+02 Si 29 (n,g    ) Si 30  7.440E-03+-1.5E+01 Si 29 (n,p    ) Al 29  2.397E-02+-1.0E+01 Si 29 (n,d    ) Al 28  1.056E-03+-1.0E+02
  Si 29 (n,t    ) Al 27  5.745E-05+-6.0E+01 Si 29 (n,a    ) Mg 26  2.628E-02+-3.0E+01 Si 29 (n,2p   ) Mg 28  7.945E-12+-2.0E+02 Si 30 (n,2n   ) Si 29  7.082E-02+-4.0E+01
  Si 30 (n,na   ) Mg 26  8.242E-05+-1.0E+02 Si 30 (n,np   ) Al 29  9.174E-07+-1.0E+02 Si 30 (n,g    ) Si 31  3.140E-02+-8.2E+00 Si 30 (n,p    ) Al 30  5.604E-03+-2.0E+01
  Si 30 (n,d    ) Al 29  2.753E-04+-1.0E+02 Si 30 (n,a    ) Mg 27  1.130E-02+-1.0E+01 Si 31 (n,2n   ) Si 30  1.620E-01+-4.0E+01 Si 31 (n,na   ) Mg 27  2.107E-05+-1.0E+02
  Si 31 (n,g    ) Si 32  5.028E-03+-1.2E+01 Si 31 (n,p    ) Al 31  5.527E-03+-5.0E+01 Si 31 (n,d    ) Al 30  9.785E-06+-1.0E+02 Si 31 (n,t    ) Al 29  2.493E-05+-6.0E+01
  Si 31 (n,a    ) Mg 28  2.479E-03+-6.0E+01 Si 32 (n,2n   ) Si 31  1.355E-01+-4.0E+01 Si 32 (n,na   ) Mg 28  5.593E-07+-1.0E+02 Si 32 (n,g    ) Si 33  8.299E-04+-8.0E+02
  Si 32 (n,p    ) Al 32  1.402E-05+-5.0E+01 Si 32 (n,a    ) Mg 29  7.806E-04+-6.0E+01 P  31 (n,2n   ) P  30  1.105E-03+-2.0E+01 P  31 (n,na   ) Al 27  1.809E-03+-1.0E+02
  P  31 (n,np   ) Si 30  1.024E-01+-1.0E+02 P  31 (n,g    ) P  32  1.141E-02+-1.1E+01 P  31 (n,p    ) Si 31  2.383E-02+-1.0E+01 P  31 (n,d    ) Si 30  8.684E-03+-1.0E+02
  P  31 (n,t    ) Si 29  3.382E-04+-6.0E+01 P  31 (n,h    ) Al 29  4.015E-12+-9.0E+01 P  31 (n,a    ) Al 28  2.497E-02+-1.0E+01 P  31 (n,pa   ) Mg 27  2.341E-11+-2.0E+02
  P  32 (n,2n   ) P  31  1.044E-01+-4.0E+01 P  32 (n,na   ) Al 28  3.379E-04+-1.0E+02 P  32 (n,np   ) Si 31  1.255E-02+-1.0E+02 P  32 (n,nd   ) Si 30  3.717E-07+-6.0E+01
  P  32 (n,g    ) P  33  3.048E-02+-8.6E+02 P  32 (n,p    ) Si 32  3.174E-02+-5.0E+01 P  32 (n,d    ) Si 31  3.588E-03+-1.0E+02 P  32 (n,t    ) Si 30  1.104E-03+-6.0E+01
  P  32 (n,a    ) Al 29  8.527E-03+-6.0E+01 P  32 (n,pa   ) Mg 28  2.293E-10+-2.0E+02 P  33 (n,2n   ) P  32  1.004E-01+-4.0E+01 P  33 (n,na   ) Al 29  4.995E-05+-1.0E+02
  P  33 (n,np   ) Si 32  3.696E-03+-1.0E+02 P  33 (n,g    ) P  34  9.658E-03+-8.9E+02 P  33 (n,p    ) Si 33  8.241E-03+-5.0E+01 P  33 (n,d    ) Si 32  3.280E-03+-1.0E+02
  P  33 (n,t    ) Si 31  1.210E-04+-6.0E+01 P  33 (n,a    ) Al 30  2.998E-03+-6.0E+01 S  32 (n,na   ) Si 28  3.005E-02+-1.0E+02 S  32 (n,np   ) P  31  3.661E-02+-1.0E+02
  S  32 (n,g    ) S  33  3.465E-02+-8.8E+00 S  32 (n,p    ) P  32  6.254E-02+-1.0E+01 S  32 (n,d    ) P  31  5.440E-03+-1.0E+02 S  32 (n,t    ) P  30  1.686E-06+-3.0E+01
  S  32 (n,h    ) Si 30  2.997E-05+-9.0E+01 S  32 (n,a    ) Si 29  5.831E-02+-2.0E+01 S  32 (n,2a   ) Mg 25  2.464E-11+-2.0E+02 S  32 (n,2p   ) Si 31  3.898E-04+-2.0E+02
  S  32 (n,pa   ) Al 28  5.014E-09+-2.0E+02 S  33 (n,2n   ) S  32  5.103E-02+-4.0E+01 S  33 (n,na   ) Si 29  1.729E-02+-1.0E+02 S  33 (n,np   ) P  32  2.154E-02+-1.0E+02
  S  33 (n,g    ) S  34  2.286E-02+-2.4E+01 S  33 (n,p    ) P  33  4.186E-02+-4.0E+01 S  33 (n,d    ) P  32  3.178E-03+-1.0E+02 S  33 (n,t    ) P  31  2.409E-04+-6.0E+01
  S  33 (n,h    ) Si 31  6.381E-07+-9.0E+01 S  33 (n,a    ) Si 30  9.263E-02+-5.2E+01 S  33 (n,2a   ) Mg 26  1.437E-07+-2.0E+02 S  33 (n,2p   ) Si 32  8.073E-05+-2.0E+02
  S  33 (n,pa   ) Al 29  6.630E-08+-2.0E+02 S  34 (n,2n   ) S  33  4.417E-02+-4.0E+01 S  34 (n,na   ) Si 30  1.809E-02+-1.0E+02 S  34 (n,np   ) P  33  3.317E-03+-1.0E+02
  S  34 (n,g    ) S  35  1.450E-02+-2.7E+01 S  34 (n,p    ) P  34  1.446E-02+-2.0E+01 S  34 (n,d    ) P  33  1.575E-03+-1.0E+02 S  34 (n,t    ) P  32  2.431E-06+-6.0E+01
  S  34 (n,h    ) Si 32  2.220E-11+-9.0E+01 S  34 (n,a    ) Si 31  2.833E-02+-2.0E+01 S  35 (n,2n   ) S  34  1.428E-01+-4.0E+01 S  35 (n,na   ) Si 31  2.152E-03+-1.0E+02
  S  35 (n,np   ) P  34  4.121E-04+-1.0E+02 S  35 (n,g    ) S  36  2.056E-02+-8.7E+02 S  35 (n,p    ) P  35  8.398E-03+-5.0E+01 S  35 (n,d    ) P  34  4.196E-04+-1.0E+02
  S  35 (n,t    ) P  33  1.400E-04+-6.0E+01 S  35 (n,a    ) Si 32  4.481E-03+-6.0E+01 S  36 (n,2n   ) S  35  1.271E-01+-4.0E+01 S  36 (n,na   ) Si 32  6.272E-04+-1.0E+02
  S  36 (n,np   ) P  35  2.763E-06+-1.0E+02 S  36 (n,g    ) S  37  8.805E-03+-2.4E+01 S  36 (n,p    ) P  36  3.335E-03+-5.0E+01 S  36 (n,d    ) P  35  1.870E-04+-1.0E+02
  S  36 (n,t    ) P  34  7.208E-08+-6.0E+01 S  36 (n,a    ) Si 33  1.919E-03+-6.0E+01 Cl 35 (n,2n   ) Cl 34  2.373E-04+-3.0E+01 Cl 35 (n,2n   ) Cl 34m 8.653E-04+-4.0E+01
  Cl 35 (n,na   ) P  31  1.142E-02+-1.0E+02 Cl 35 (n,np   ) S  34  1.011E-01+-1.0E+02 Cl 35 (n,g    ) Cl 36  2.755E+00+-9.4E+00 Cl 35 (n,p    ) S  35  8.882E-02+-1.2E+01
  Cl 35 (n,d    ) S  34  7.928E-03+-1.0E+02 Cl 35 (n,t    ) S  33  1.868E-04+-6.0E+01 Cl 35 (n,h    ) P  33  1.414E-06+-9.0E+01 Cl 35 (n,a    ) P  32  3.057E-02+-2.0E+01
  Cl 35 (n,2a   ) Al 28  1.361E-10+-2.0E+02 Cl 35 (n,2p   ) P  34  9.253E-07+-2.0E+02 Cl 35 (n,pa   ) Si 31  5.669E-05+-2.0E+02 Cl 36 (n,2n   ) Cl 35  8.363E-02+-4.0E+01
  Cl 36 (n,na   ) P  32  4.805E-03+-1.0E+02 Cl 36 (n,np   ) S  35  1.786E-02+-1.0E+02 Cl 36 (n,nd   ) S  34  6.549E-07+-6.0E+01 Cl 36 (n,g    ) Cl 37  6.483E-01+-4.4E+01
  Cl 36 (n,p    ) S  36  4.220E-02+-4.3E+01 Cl 36 (n,d    ) S  35  3.579E-03+-1.0E+02 Cl 36 (n,t    ) S  34  9.333E-04+-6.0E+01 Cl 36 (n,h    ) P  34  2.669E-10+-9.0E+01
  Cl 36 (n,a    ) P  33  4.030E-02+-6.3E+01 Cl 36 (n,2a   ) Al 29  1.549E-09+-2.0E+02 Cl 36 (n,2p   ) P  35  4.930E-08+-2.0E+02 Cl 36 (n,pa   ) Si 32  1.491E-05+-2.0E+02
  Cl 37 (n,2n   ) Cl 36  8.807E-02+-4.0E+01 Cl 37 (n,na   ) P  33  2.489E-03+-1.0E+02 Cl 37 (n,np   ) S  36  1.696E-02+-1.0E+02 Cl 37 (n,g    ) Cl 38  2.489E-02+-4.4E+01
  Cl 37 (n,g    ) Cl 38m 3.394E-03+-1.8E+01 Cl 37 (n,p    ) S  37  5.375E-03+-2.0E+01 Cl 37 (n,d    ) S  36  4.266E-03+-1.0E+02 Cl 37 (n,t    ) S  35  7.415E-05+-6.0E+01
  Cl 37 (n,a    ) P  34  5.784E-03+-2.0E+01 Ar 36 (n,na   ) S  32  1.014E-02+-1.0E+02 Ar 36 (n,np   ) Cl 35  7.857E-02+-1.0E+02 Ar 36 (n,g    ) Ar 37  3.571E-01+-1.3E+01
  Ar 36 (n,p    ) Cl 36  9.311E-02+-5.0E+01 Ar 36 (n,d    ) Cl 35  4.150E-03+-1.0E+02 Ar 36 (n,t    ) Cl 34  3.016E-08+-8.5E+01 Ar 36 (n,t    ) Cl 34m 5.764E-08+-8.5E+01
  Ar 36 (n,h    ) S  34  5.020E-05+-9.0E+01 Ar 36 (n,a    ) S  33  4.276E-02+-5.9E+01 Ar 36 (n,2a   ) Si 29  1.082E-04+-2.0E+02 Ar 36 (n,2p   ) S  35  3.034E-03+-2.0E+02
  Ar 36 (n,pa   ) P  32  1.946E-04+-2.0E+02 Ar 36 (n,pd   ) S  34  6.037E-09+-2.0E+02 Ar 37 (n,2n   ) Ar 36  3.277E-02+-4.0E+01 Ar 37 (n,na   ) S  33  1.584E-02+-1.0E+02
  Ar 37 (n,np   ) Cl 36  4.093E-02+-1.0E+02 Ar 37 (n,g    ) Ar 38  2.897E-02+-8.2E+02 Ar 37 (n,p    ) Cl 37  4.306E+00+-4.9E+01 Ar 37 (n,d    ) Cl 36  3.171E-03+-1.0E+02
  Ar 37 (n,t    ) Cl 35  1.705E-04+-6.0E+01 Ar 37 (n,h    ) S  35  2.100E-06+-9.0E+01 Ar 37 (n,a    ) S  34  1.255E+02+-5.0E+01 Ar 37 (n,2a   ) Si 30  1.019E-03+-2.0E+02
  Ar 37 (n,2p   ) S  36  3.516E-03+-2.0E+02 Ar 37 (n,pa   ) P  33  2.116E-04+-2.0E+02 Ar 38 (n,2n   ) Ar 37  2.451E-02+-4.0E+01 Ar 38 (n,na   ) S  34  3.032E-02+-1.0E+02
  Ar 38 (n,np   ) Cl 37  2.102E-02+-1.0E+02 Ar 38 (n,g    ) Ar 39  6.029E-02+-2.5E+01 Ar 38 (n,p    ) Cl 38  1.237E-02+-7.2E+01 Ar 38 (n,p    ) Cl 38m 1.256E-02+-7.2E+01
  Ar 38 (n,d    ) Cl 37  1.602E-03+-1.0E+02 Ar 38 (n,t    ) Cl 36  1.581E-06+-6.0E+01 Ar 38 (n,h    ) S  36  3.761E-08+-9.0E+01 Ar 38 (n,a    ) S  35  1.497E-02+-6.0E+01
  Ar 38 (n,2a   ) Si 31  6.656E-10+-2.0E+02 Ar 39 (n,2n   ) Ar 38  1.403E-01+-4.0E+01 Ar 39 (n,na   ) S  35  6.469E-03+-1.0E+02 Ar 39 (n,np   ) Cl 38  7.703E-04+-1.2E+02
  Ar 39 (n,np   ) Cl 38m 3.455E-04+-1.2E+02 Ar 39 (n,g    ) Ar 40  3.823E+01+-3.3E+01 Ar 39 (n,p    ) Cl 39  1.186E-02+-5.0E+01 Ar 39 (n,d    ) Cl 38  5.526E-04+-1.2E+02
  Ar 39 (n,d    ) Cl 38m 3.785E-04+-1.2E+02 Ar 39 (n,t    ) Cl 37  2.008E-04+-6.0E+01 Ar 39 (n,a    ) S  36  3.438E+00+-6.0E+01 Ar 39 (n,2a   ) Si 32  1.664E-07+-2.0E+02
  Ar 39 (n,pa   ) P  35  3.534E-10+-2.0E+02 Ar 40 (n,2n   ) Ar 39  1.037E-01+-4.0E+01 Ar 40 (n,na   ) S  36  3.615E-03+-1.0E+02 Ar 40 (n,np   ) Cl 39  1.612E-05+-1.0E+02
  Ar 40 (n,g    ) Ar 41  4.418E-02+-9.5E+00 Ar 40 (n,p    ) Cl 40  2.480E-03+-3.0E+01 Ar 40 (n,d    ) Cl 39  1.657E-04+-1.0E+02 Ar 40 (n,t    ) Cl 38  4.596E-07+-8.5E+01
  Ar 40 (n,t    ) Cl 38m 8.635E-08+-8.5E+01 Ar 40 (n,a    ) S  37  2.773E-03+-2.0E+01 Ar 41 (n,2n   ) Ar 40  1.736E-01+-4.0E+01 Ar 41 (n,na   ) S  37  2.488E-04+-1.0E+02
  Ar 41 (n,2na  ) S  36  4.969E-12+-2.0E+02 Ar 41 (n,np   ) Cl 40  1.935E-06+-1.0E+02 Ar 41 (n,g    ) Ar 42  3.247E-02+-2.0E+01 Ar 41 (n,p    ) Cl 41  3.290E-03+-5.0E+01
  Ar 41 (n,d    ) Cl 40  8.083E-05+-1.0E+02 Ar 41 (n,t    ) Cl 39  2.786E-05+-6.0E+01 Ar 41 (n,a    ) S  38  1.191E-03+-6.0E+01 Ar 42 (n,2n   ) Ar 41  1.459E-01+-4.0E+01
  Ar 42 (n,na   ) S  38  3.765E-06+-1.0E+02 Ar 42 (n,g    ) Ar 43  1.005E-02+-8.8E+02 Ar 42 (n,p    ) Cl 42  1.348E-03+-5.0E+01 Ar 42 (n,d    ) Cl 41  3.750E-06+-1.0E+02
  Ar 42 (n,t    ) Cl 40  2.938E-12+-6.0E+01 Ar 42 (n,a    ) S  39  4.579E-04+-6.0E+01 K  39 (n,2n   ) K  38  5.273E-04+-2.0E+01 K  39 (n,2n   ) K  38m 7.274E-05+-2.0E+01
  K  39 (n,na   ) Cl 35  3.969E-03+-2.0E+01 K  39 (n,np   ) Ar 38  1.065E-01+-1.0E+02 K  39 (n,g    ) K  40  1.405E-01+-2.3E+01 K  39 (n,p    ) Ar 39  1.700E-01+-5.0E+01
  K  39 (n,d    ) Ar 38  6.453E-03+-1.0E+02 K  39 (n,t    ) Ar 37  6.291E-05+-4.0E+01 K  39 (n,h    ) Cl 37  1.490E-06+-9.0E+01 K  39 (n,a    ) Cl 36  2.640E-02+-2.0E+01
  K  39 (n,2a   ) P  32  3.381E-07+-2.0E+02 K  39 (n,2p   ) Cl 38  2.275E-06+-2.1E+02 K  39 (n,2p   ) Cl 38m 6.919E-07+-2.1E+02 K  39 (n,pa   ) S  35  3.049E-04+-2.0E+02
  K  39 (n,da   ) S  34  1.293E-11+-2.0E+02 K  40 (n,2n   ) K  39  7.236E-02+-4.0E+01 K  40 (n,na   ) Cl 36  8.111E-03+-1.0E+02 K  40 (n,np   ) Ar 39  3.844E-02+-1.0E+02
  K  40 (n,nd   ) Ar 38  3.400E-06+-6.0E+01 K  40 (n,2np  ) Ar 38  7.425E-12+-2.0E+02 K  40 (n,g    ) K  41  1.941E+00+-2.4E+01 K  40 (n,p    ) Ar 40  3.145E-01+-2.7E+01
  K  40 (n,d    ) Ar 39  3.255E-03+-1.0E+02 K  40 (n,t    ) Ar 38  1.212E-03+-6.0E+01 K  40 (n,h    ) Cl 38  3.835E-09+-1.1E+02 K  40 (n,h    ) Cl 38m 2.688E-09+-1.1E+02
  K  40 (n,a    ) Cl 37  6.909E-02+-2.2E+01 K  40 (n,2a   ) P  33  9.992E-06+-2.0E+02 K  40 (n,2p   ) Cl 39  1.985E-07+-2.0E+02 K  40 (n,pa   ) S  36  7.342E-04+-2.0E+02
  K  41 (n,2n   ) K  40  8.686E-02+-4.0E+01 K  41 (n,na   ) Cl 37  1.215E-02+-1.0E+02 K  41 (n,np   ) Ar 40  1.707E-02+-1.0E+02 K  41 (n,g    ) K  42  1.312E-01+-9.0E+00
  K  41 (n,p    ) Ar 41  1.026E-02+-1.0E+01 K  41 (n,d    ) Ar 40  3.586E-03+-1.0E+02 K  41 (n,t    ) Ar 39  9.816E-05+-6.0E+01 K  41 (n,a    ) Cl 38  4.793E-03+-6.1E+01
  K  41 (n,a    ) Cl 38m 1.578E-03+-6.1E+01 K  41 (n,2a   ) P  34  1.389E-10+-2.0E+02 K  41 (n,pa   ) S  37  1.296E-10+-2.0E+02 K  42 (n,2n   ) K  41  1.373E-01+-4.0E+01
  K  42 (n,na   ) Cl 38  5.855E-04+-1.2E+02 K  42 (n,na   ) Cl 38m 1.438E-04+-1.2E+02 K  42 (n,np   ) Ar 41  1.910E-03+-1.0E+02 K  42 (n,nd   ) Ar 40  1.096E-08+-6.0E+01
  K  42 (n,g    ) K  43  1.001E-01+-8.1E+02 K  42 (n,p    ) Ar 42  8.975E-03+-5.0E+01 K  42 (n,d    ) Ar 41  1.416E-03+-1.0E+02 K  42 (n,t    ) Ar 40  6.078E-04+-6.0E+01
  K  42 (n,a    ) Cl 39  3.110E-03+-6.0E+01 K  42 (n,2a   ) P  35  5.252E-10+-2.0E+02 K  42 (n,pa   ) S  38  3.417E-11+-2.0E+02 K  43 (n,2n   ) K  42  1.275E-01+-4.0E+01
  K  43 (n,na   ) Cl 39  3.743E-05+-1.0E+02 K  43 (n,np   ) Ar 42  6.179E-04+-1.0E+02 K  43 (n,g    ) K  44  8.203E-02+-8.3E+02 K  43 (n,p    ) Ar 43  4.131E-03+-5.0E+01
  K  43 (n,d    ) Ar 42  1.587E-03+-1.0E+02 K  43 (n,t    ) Ar 41  1.672E-05+-6.0E+01 K  43 (n,a    ) Cl 40  1.391E-03+-6.0E+01 Ca 40 (n,na   ) Ar 36  3.771E-03+-3.0E+01
  Ca 40 (n,np   ) K  39  8.587E-02+-1.0E+02 Ca 40 (n,g    ) Ca 41  2.778E-02+-9.6E+00 Ca 40 (n,p    ) K  40  8.764E-02+-2.0E+01 Ca 40 (n,d    ) K  39  2.967E-03+-1.0E+02
  Ca 40 (n,t    ) K  38  6.228E-09+-8.5E+01 Ca 40 (n,t    ) K  38m 5.601E-10+-8.5E+01 Ca 40 (n,h    ) Ar 38  2.241E-05+-9.0E+01 Ca 40 (n,a    ) Ar 37  3.812E-02+-2.0E+01
  Ca 40 (n,2a   ) S  33  5.208E-05+-2.0E+02 Ca 40 (n,2p   ) Ar 39  8.048E-03+-2.0E+02 Ca 40 (n,pa   ) Cl 36  3.963E-04+-2.0E+02 Ca 40 (n,pd   ) Ar 38  1.845E-09+-2.0E+02
  Ca 41 (n,2n   ) Ca 40  2.917E-02+-4.0E+01 Ca 41 (n,na   ) Ar 37  6.692E-03+-1.0E+02 Ca 41 (n,np   ) K  40  6.008E-02+-1.0E+02 Ca 41 (n,nd   ) K  39  1.867E-11+-6.0E+01
  Ca 41 (n,g    ) Ca 42  2.591E-01+-4.9E+01 Ca 41 (n,p    ) K  41  1.104E-01+-5.0E+01 Ca 41 (n,d    ) K  40  2.456E-03+-1.0E+02 Ca 41 (n,t    ) K  39  2.041E-04+-6.0E+01
  Ca 41 (n,h    ) Ar 39  1.301E-06+-9.0E+01 Ca 41 (n,a    ) Ar 38  7.040E-02+-5.9E+01 Ca 41 (n,2a   ) S  34  2.165E-03+-2.0E+02 Ca 41 (n,2p   ) Ar 40  2.198E-03+-2.0E+02
  Ca 41 (n,pa   ) Cl 37  2.284E-03+-2.0E+02 Ca 42 (n,2n   ) Ca 41  3.974E-02+-4.0E+01 Ca 42 (n,na   ) Ar 38  2.288E-02+-1.0E+02 Ca 42 (n,np   ) K  41  1.165E-02+-1.0E+02
  Ca 42 (n,g    ) Ca 43  4.738E-02+-1.4E+01 Ca 42 (n,p    ) K  42  3.487E-02+-2.0E+01 Ca 42 (n,d    ) K  41  1.190E-03+-1.0E+02 Ca 42 (n,t    ) K  40  9.097E-07+-6.0E+01
  Ca 42 (n,h    ) Ar 40  1.202E-08+-9.0E+01 Ca 42 (n,a    ) Ar 39  1.705E-02+-6.0E+01 Ca 42 (n,2a   ) S  35  1.632E-07+-2.0E+02 Ca 42 (n,2p   ) Ar 41  3.735E-09+-2.0E+02
  Ca 42 (n,pa   ) Cl 38  4.550E-11+-2.1E+02 Ca 43 (n,2n   ) Ca 42  1.166E-01+-4.0E+01 Ca 43 (n,na   ) Ar 39  1.585E-03+-1.0E+02 Ca 43 (n,np   ) K  42  1.886E-03+-1.0E+02
  Ca 43 (n,g    ) Ca 44  4.230E-01+-1.4E+01 Ca 43 (n,p    ) K  43  1.771E-02+-2.0E+01 Ca 43 (n,d    ) K  42  6.516E-04+-1.0E+02 Ca 43 (n,t    ) K  41  4.062E-05+-6.0E+01
  Ca 43 (n,a    ) Ar 40  7.848E-03+-6.0E+01 Ca 43 (n,2a   ) S  36  9.039E-06+-2.0E+02 Ca 43 (n,2p   ) Ar 42  4.503E-08+-2.0E+02 Ca 43 (n,pa   ) Cl 39  6.489E-12+-2.0E+02
  Ca 44 (n,2n   ) Ca 43  8.645E-02+-4.0E+01 Ca 44 (n,na   ) Ar 40  7.435E-05+-1.0E+02 Ca 44 (n,np   ) K  43  6.282E-05+-1.0E+02 Ca 44 (n,g    ) Ca 45  5.845E-02+-2.4E+01
  Ca 44 (n,p    ) K  44  6.097E-03+-2.0E+01 Ca 44 (n,d    ) K  43  1.778E-04+-1.0E+02 Ca 44 (n,t    ) K  42  4.888E-11+-6.0E+01 Ca 44 (n,a    ) Ar 41  4.298E-03+-2.0E+01
  Ca 45 (n,2n   ) Ca 44  1.554E-01+-4.0E+01 Ca 45 (n,na   ) Ar 41  2.459E-06+-1.0E+02 Ca 45 (n,np   ) K  44  9.994E-06+-1.0E+02 Ca 45 (n,g    ) Ca 46  1.015E+00+-4.7E+01
  Ca 45 (n,p    ) K  45  4.621E-03+-5.0E+01 Ca 45 (n,d    ) K  44  9.323E-05+-1.0E+02 Ca 45 (n,t    ) K  43  2.232E-06+-6.0E+01 Ca 45 (n,a    ) Ar 42  1.706E-03+-6.0E+01
  Ca 46 (n,2n   ) Ca 45  1.358E-01+-4.0E+01 Ca 46 (n,na   ) Ar 42  1.476E-08+-1.0E+02 Ca 46 (n,np   ) K  45  9.168E-10+-1.0E+02 Ca 46 (n,g    ) Ca 47  4.713E-02+-2.5E+01
  Ca 46 (n,p    ) K  46  2.238E-03+-5.0E+01 Ca 46 (n,d    ) K  45  6.519E-06+-1.0E+02 Ca 46 (n,a    ) Ar 43  7.325E-04+-6.0E+01 Ca 47 (n,2n   ) Ca 46  1.777E-01+-4.0E+01
  Ca 47 (n,g    ) Ca 48  5.007E-02+-8.1E+02 Ca 47 (n,p    ) K  47  1.460E-03+-5.0E+01 Ca 47 (n,d    ) K  46  3.771E-07+-1.0E+02 Ca 47 (n,t    ) K  45  9.739E-09+-6.0E+01
  Ca 47 (n,a    ) Ar 44  4.106E-04+-6.0E+01 Ca 48 (n,2n   ) Ca 47  1.326E-01+-2.0E+01 Ca 48 (n,g    ) Ca 49  6.990E-02+-9.6E+00 Ca 48 (n,p    ) K  48  3.468E-06+-5.0E+01
  Ca 48 (n,d    ) K  47  2.303E-10+-1.0E+02 Ca 48 (n,a    ) Ar 45  9.569E-05+-2.9E+01 Sc 44m(n,n    ) Sc 44  1.956E-01+-1.0E+02 Sc 44m(n,2n   ) Sc 43  3.012E-02+-4.0E+01
  Sc 44m(n,na   ) K  40  4.950E-03+-1.0E+02 Sc 44m(n,np   ) Ca 43  9.567E-02+-1.0E+02 Sc 44m(n,nd   ) Ca 42  2.628E-07+-6.0E+01 Sc 44m(n,g    ) Sc 45  6.101E-02+-7.8E+01
  Sc 44m(n,g    ) Sc 45m 1.422E-01+-7.8E+01 Sc 44m(n,p    ) Ca 44  1.514E+00+-5.0E+01 Sc 44m(n,d    ) Ca 43  2.541E-03+-1.0E+02 Sc 44m(n,t    ) Ca 42  2.375E-04+-6.0E+01
  Sc 44m(n,h    ) K  42  3.998E-08+-9.0E+01 Sc 44m(n,a    ) K  41  1.918E-02+-6.0E+01 Sc 44m(n,2a   ) Cl 37  6.258E-05+-2.0E+02 Sc 44m(n,2p   ) K  43  1.931E-05+-2.0E+02
  Sc 44m(n,pa   ) Ar 40  2.178E-04+-2.0E+02 Sc 45 (n,n    ) Sc 45m 1.390E-01+-1.0E+02 Sc 45 (n,2n   ) Sc 44  2.413E-02+-2.0E+01 Sc 45 (n,2n   ) Sc 44m 1.528E-02+-1.5E+01
  Sc 45 (n,na   ) K  41  4.817E-04+-1.0E+02 Sc 45 (n,np   ) Ca 44  5.314E-02+-1.0E+02 Sc 45 (n,g    ) Sc 46  9.633E-01+-9.1E+00 Sc 45 (n,g    ) Sc 46m 7.706E-01+-9.1E+00
  Sc 45 (n,p    ) Ca 45  1.174E-02+-1.0E+01 Sc 45 (n,d    ) Ca 44  3.591E-03+-1.0E+02 Sc 45 (n,t    ) Ca 43  4.158E-05+-6.0E+01 Sc 45 (n,h    ) K  43  1.985E-11+-9.0E+01
  Sc 45 (n,a    ) K  42  9.617E-03+-1.0E+01 Sc 45 (n,2p   ) K  44  1.132E-10+-2.0E+02 Sc 45 (n,pa   ) Ar 41  2.173E-10+-2.0E+02 Sc 46 (n,n    ) Sc 46m 6.871E-02+-1.0E+02
  Sc 46 (n,2n   ) Sc 45  9.728E-02+-7.2E+01 Sc 46 (n,2n   ) Sc 45m 2.970E-02+-7.2E+01 Sc 46 (n,na   ) K  42  3.033E-05+-1.0E+02 Sc 46 (n,np   ) Ca 45  6.677E-03+-1.0E+02
  Sc 46 (n,nd   ) Ca 44  1.754E-10+-6.0E+01 Sc 46 (n,g    ) Sc 47  5.776E-01+-1.5E+01 Sc 46 (n,p    ) Ca 46  1.639E-02+-5.0E+01 Sc 46 (n,d    ) Ca 45  1.788E-03+-1.0E+02
  Sc 46 (n,t    ) Ca 44  3.890E-04+-6.0E+01 Sc 46 (n,a    ) K  43  4.021E-03+-6.0E+01 Sc 46 (n,2p   ) K  45  4.069E-11+-2.0E+02 Sc 46 (n,pa   ) Ar 42  2.725E-10+-2.0E+02
  Sc 47 (n,2n   ) Sc 46  9.407E-02+-7.2E+01 Sc 47 (n,2n   ) Sc 46m 1.576E-02+-7.2E+01 Sc 47 (n,na   ) K  43  1.078E-06+-1.0E+02 Sc 47 (n,np   ) Ca 46  3.797E-03+-1.0E+02
  Sc 47 (n,g    ) Sc 48  1.985E-01+-7.4E+02 Sc 47 (n,p    ) Ca 47  6.034E-03+-5.0E+01 Sc 47 (n,d    ) Ca 46  2.004E-03+-1.0E+02 Sc 47 (n,t    ) Ca 45  8.157E-06+-6.0E+01
  Sc 47 (n,a    ) K  44  1.890E-03+-6.0E+01 Sc 48 (n,2n   ) Sc 47  1.504E-01+-4.0E+01 Sc 48 (n,na   ) K  44  5.285E-09+-1.0E+02 Sc 48 (n,np   ) Ca 47  7.468E-04+-1.0E+02
  Sc 48 (n,g    ) Sc 49  3.190E-01+-7.0E+02 Sc 48 (n,p    ) Ca 48  3.948E-03+-5.0E+01 Sc 48 (n,d    ) Ca 47  9.321E-04+-1.0E+02 Sc 48 (n,t    ) Ca 46  1.805E-04+-6.0E+01
  Sc 48 (n,a    ) K  45  1.019E-03+-6.0E+01 Ti 44 (n,na   ) Ca 40  1.220E-02+-1.0E+02 Ti 44 (n,np   ) Sc 43  5.704E-02+-1.0E+02 Ti 44 (n,g    ) Ti 45  6.298E-02+-1.9E+01
  Ti 44 (n,p    ) Sc 44  2.988E-01+-7.8E+01 Ti 44 (n,p    ) Sc 44m 4.768E-02+-7.8E+01 Ti 44 (n,d    ) Sc 43  2.214E-03+-1.0E+02 Ti 44 (n,t    ) Sc 42  7.721E-09+-8.5E+01
  Ti 44 (n,t    ) Sc 42m 6.531E-10+-8.5E+01 Ti 44 (n,h    ) Ca 42  3.303E-05+-9.0E+01 Ti 44 (n,a    ) Ca 41  9.082E-02+-6.0E+01 Ti 44 (n,2a   ) Ar 37  3.625E-05+-2.0E+02
  Ti 44 (n,2p   ) Ca 43  5.364E-02+-2.0E+02 Ti 44 (n,pa   ) K  40  1.334E-03+-2.0E+02 Ti 44 (n,pd   ) Ca 42  2.318E-07+-2.0E+02 Ti 45 (n,2n   ) Ti 44  6.491E-03+-4.0E+01
  Ti 45 (n,na   ) Ca 41  6.260E-03+-1.0E+02 Ti 45 (n,np   ) Sc 44  3.835E-02+-1.2E+02 Ti 45 (n,np   ) Sc 44m 3.149E-02+-1.2E+02 Ti 45 (n,g    ) Ti 46  3.255E-01+-6.7E+02
  Ti 45 (n,p    ) Sc 45  1.273E+01+-7.8E+01 Ti 45 (n,p    ) Sc 45m 1.058E+01+-7.8E+01 Ti 45 (n,d    ) Sc 44  1.434E-03+-1.2E+02 Ti 45 (n,d    ) Sc 44m 8.768E-04+-1.2E+02
  Ti 45 (n,t    ) Sc 43  2.956E-05+-6.0E+01 Ti 45 (n,h    ) Ca 43  3.031E-06+-9.0E+01 Ti 45 (n,a    ) Ca 42  3.174E-01+-6.0E+01 Ti 45 (n,2a   ) Ar 38  1.837E-03+-2.0E+02
  Ti 45 (n,2p   ) Ca 44  2.353E-02+-2.0E+02 Ti 45 (n,pa   ) K  41  2.595E-04+-2.0E+02 Ti 45 (n,pd   ) Ca 43  1.777E-12+-2.0E+02 Ti 46 (n,2n   ) Ti 45  3.839E-03+-2.0E+01
  Ti 46 (n,na   ) Ca 42  6.861E-04+-1.0E+02 Ti 46 (n,np   ) Sc 45  2.229E-02+-1.2E+02 Ti 46 (n,np   ) Sc 45m 1.216E-02+-1.2E+02 Ti 46 (n,g    ) Ti 47  4.401E-02+-2.7E+01
  Ti 46 (n,p    ) Sc 46  3.970E-02+-2.0E+01 Ti 46 (n,p    ) Sc 46m 1.031E-02+-2.0E+01 Ti 46 (n,d    ) Sc 45  4.280E-04+-7.4E+01 Ti 46 (n,d    ) Sc 45m 4.375E-04+-7.4E+01
  Ti 46 (n,t    ) Sc 44  1.152E-10+-8.5E+01 Ti 46 (n,t    ) Sc 44m 5.674E-12+-8.5E+01 Ti 46 (n,h    ) Ca 44  4.484E-08+-9.0E+01 Ti 46 (n,a    ) Ca 43  1.608E-02+-6.0E+01
  Ti 46 (n,2a   ) Ar 39  1.432E-10+-2.0E+02 Ti 46 (n,2p   ) Ca 45  1.130E-05+-2.0E+02 Ti 47 (n,2n   ) Ti 46  1.066E-01+-4.0E+01 Ti 47 (n,na   ) Ca 43  7.229E-05+-1.0E+02
  Ti 47 (n,np   ) Sc 46  3.895E-03+-1.2E+02 Ti 47 (n,np   ) Sc 46m 5.983E-04+-1.2E+02 Ti 47 (n,g    ) Ti 48  1.365E-01+-1.8E+01 Ti 47 (n,p    ) Sc 47  3.182E-02+-1.0E+01
  Ti 47 (n,d    ) Sc 46  5.530E-04+-1.2E+02 Ti 47 (n,d    ) Sc 46m 1.537E-04+-1.2E+02 Ti 47 (n,t    ) Sc 45  1.966E-06+-8.5E+01 Ti 47 (n,t    ) Sc 45m 2.582E-06+-8.5E+01
  Ti 47 (n,h    ) Ca 45  1.675E-10+-9.0E+01 Ti 47 (n,a    ) Ca 44  9.072E-03+-5.0E+01 Ti 47 (n,2a   ) Ar 40  2.176E-10+-2.0E+02 Ti 47 (n,2p   ) Ca 46  2.796E-04+-2.0E+02
  Ti 47 (n,pa   ) K  43  4.252E-12+-2.0E+02 Ti 48 (n,2n   ) Ti 47  6.036E-02+-1.0E+01 Ti 48 (n,na   ) Ca 44  7.870E-06+-1.0E+02 Ti 48 (n,np   ) Sc 47  6.331E-04+-1.0E+02
  Ti 48 (n,g    ) Ti 49  5.096E-01+-1.0E+01 Ti 48 (n,p    ) Sc 48  1.080E-02+-1.0E+01 Ti 48 (n,d    ) Sc 47  7.880E-04+-5.0E+01 Ti 48 (n,a    ) Ca 45  4.872E-03+-1.0E+01
  Ti 49 (n,2n   ) Ti 48  1.406E-01+-4.0E+01 Ti 49 (n,na   ) Ca 45  9.350E-07+-1.0E+02 Ti 49 (n,np   ) Sc 48  2.602E-04+-1.0E+02 Ti 49 (n,g    ) Ti 50  1.459E-01+-9.1E+00
  Ti 49 (n,p    ) Sc 49  6.008E-03+-1.0E+01 Ti 49 (n,d    ) Sc 48  2.476E-04+-1.0E+02 Ti 49 (n,t    ) Sc 47  1.640E-06+-6.0E+01 Ti 49 (n,a    ) Ca 46  2.450E-03+-6.0E+01
  Ti 49 (n,2p   ) Ca 48  1.679E-07+-2.0E+02 Ti 50 (n,2n   ) Ti 49  1.168E-01+-4.0E+01 Ti 50 (n,na   ) Ca 46  4.044E-08+-1.0E+02 Ti 50 (n,np   ) Sc 49  2.566E-05+-1.0E+02
  Ti 50 (n,g    ) Ti 51  1.202E-02+-9.6E+00 Ti 50 (n,p    ) Sc 50  1.768E-03+-6.3E+01 Ti 50 (n,p    ) Sc 50m 2.653E-04+-6.3E+01 Ti 50 (n,d    ) Sc 49  1.161E-04+-1.0E+02
  Ti 50 (n,a    ) Ca 47  1.295E-03+-8.0E+00 V  48 (n,2n   ) V  47  2.409E-02+-4.0E+01 V  48 (n,na   ) Sc 44  1.243E-05+-1.2E+02 V  48 (n,na   ) Sc 44m 9.559E-06+-1.2E+02
  V  48 (n,np   ) Ti 47  1.047E-01+-1.0E+02 V  48 (n,nd   ) Ti 46  3.687E-11+-6.0E+01 V  48 (n,g    ) V  49  3.870E-01+-6.5E+02 V  48 (n,p    ) Ti 48  1.306E+01+-5.0E+01
  V  48 (n,d    ) Ti 47  2.931E-03+-1.0E+02 V  48 (n,t    ) Ti 46  3.161E-04+-6.0E+01 V  48 (n,h    ) Sc 46  2.028E-08+-1.1E+02 V  48 (n,h    ) Sc 46m 3.411E-09+-1.1E+02
  V  48 (n,a    ) Sc 45  1.127E-02+-8.5E+01 V  48 (n,a    ) Sc 45m 7.732E-03+-8.5E+01 V  48 (n,2a   ) K  41  3.576E-09+-2.0E+02 V  48 (n,2p   ) Sc 47  2.980E-04+-2.0E+02
  V  48 (n,pa   ) Ca 44  5.402E-04+-2.0E+02 V  49 (n,2n   ) V  48  4.263E-02+-4.0E+01 V  49 (n,na   ) Sc 45  1.703E-05+-1.2E+02 V  49 (n,na   ) Sc 45m 6.063E-06+-1.2E+02
  V  49 (n,np   ) Ti 48  7.035E-02+-1.0E+02 V  49 (n,g    ) V  50  3.534E-01+-6.5E+02 V  49 (n,p    ) Ti 49  1.018E-01+-5.0E+01 V  49 (n,d    ) Ti 48  3.442E-03+-1.0E+02
  V  49 (n,t    ) Ti 47  1.508E-05+-6.0E+01 V  49 (n,h    ) Sc 47  7.525E-10+-9.0E+01 V  49 (n,a    ) Sc 46  6.536E-03+-8.5E+01 V  49 (n,a    ) Sc 46m 2.898E-03+-8.5E+01
  V  49 (n,2p   ) Sc 48  1.009E-06+-2.0E+02 V  49 (n,pa   ) Ca 45  3.820E-09+-2.0E+02 V  50 (n,2n   ) V  49  1.105E-01+-4.0E+01 V  50 (n,na   ) Sc 46  2.021E-06+-8.5E+01
  V  50 (n,na   ) Sc 46m 9.119E-08+-8.5E+01 V  50 (n,np   ) Ti 49  1.865E-02+-1.0E+02 V  50 (n,g    ) V  51  3.464E+00+-4.0E+01 V  50 (n,p    ) Ti 50  1.760E-02+-5.0E+01
  V  50 (n,d    ) Ti 49  1.952E-03+-1.0E+02 V  50 (n,t    ) Ti 48  2.018E-04+-6.0E+01 V  50 (n,h    ) Sc 48  2.436E-12+-9.0E+01 V  50 (n,a    ) Sc 47  3.163E-03+-1.5E+01
  V  50 (n,2p   ) Sc 49  3.716E-07+-2.0E+02 V  50 (n,pa   ) Ca 46  2.369E-07+-2.0E+02 V  51 (n,2n   ) V  50  9.156E-02+-1.0E+01 V  51 (n,na   ) Sc 47  4.606E-05+-5.0E+01
  V  51 (n,np   ) Ti 50  1.210E-02+-8.3E+00 V  51 (n,g    ) V  52  3.280E-01+-8.8E+00 V  51 (n,p    ) Ti 51  5.620E-03+-1.0E+01 V  51 (n,d    ) Ti 50  9.590E-04+-5.0E+01
  V  51 (n,t    ) Ti 49  4.030E-06+-4.0E+01 V  51 (n,a    ) Sc 48  2.578E-03+-1.0E+01 Cr 48 (n,na   ) Ti 44  1.442E-04+-1.0E+02 Cr 48 (n,np   ) V  47  6.512E-02+-1.0E+02
  Cr 48 (n,g    ) Cr 49  1.487E-01+-8.3E+02 Cr 48 (n,p    ) V  48  7.212E+00+-5.0E+01 Cr 48 (n,d    ) V  47  2.202E-03+-1.0E+02 Cr 48 (n,t    ) V  46  2.451E-10+-6.0E+01
  Cr 48 (n,h    ) Ti 46  2.539E-05+-9.0E+01 Cr 48 (n,a    ) Ti 45  6.254E-02+-6.0E+01 Cr 48 (n,2a   ) Ca 41  3.109E-06+-2.0E+02 Cr 48 (n,2p   ) Ti 47  8.200E-02+-2.0E+02
  Cr 48 (n,pa   ) Sc 44  6.996E-05+-2.1E+02 Cr 48 (n,pa   ) Sc 44m 2.495E-05+-2.1E+02 Cr 48 (n,pd   ) Ti 46  1.294E-07+-2.0E+02 Cr 50 (n,2n   ) Cr 49  1.836E-03+-1.0E+01
  Cr 50 (n,na   ) Ti 46  4.100E-05+-1.0E+02 Cr 50 (n,np   ) V  49  3.287E-02+-5.0E+01 Cr 50 (n,g    ) Cr 51  1.031E+00+-9.0E+00 Cr 50 (n,p    ) V  50  8.437E-02+-2.0E+01
  Cr 50 (n,d    ) V  49  1.671E-03+-4.0E+01 Cr 50 (n,t    ) V  48  2.724E-09+-3.0E+01 Cr 50 (n,h    ) Ti 48  1.611E-07+-9.0E+01 Cr 50 (n,a    ) Ti 47  1.227E-02+-2.0E+01
  Cr 50 (n,2p   ) Ti 49  2.531E-04+-2.0E+02 Cr 50 (n,pa   ) Sc 46  9.858E-12+-2.1E+02 Cr 51 (n,2n   ) Cr 50  7.660E-02+-4.0E+01 Cr 51 (n,na   ) Ti 47  2.469E-05+-1.0E+02
  Cr 51 (n,np   ) V  50  2.517E-02+-1.0E+02 Cr 51 (n,g    ) Cr 52  7.694E-01+-7.4E+02 Cr 51 (n,p    ) V  51  2.578E-01+-5.0E+01 Cr 51 (n,d    ) V  50  1.016E-03+-1.0E+02
  Cr 51 (n,t    ) V  49  5.883E-06+-6.0E+01 Cr 51 (n,h    ) Ti 49  5.762E-09+-9.0E+01 Cr 51 (n,a    ) Ti 48  6.396E-01+-6.0E+01 Cr 51 (n,2a   ) Ca 44  4.592E-12+-2.0E+02
  Cr 51 (n,2p   ) Ti 50  2.081E-03+-2.0E+02 Cr 51 (n,pa   ) Sc 47  9.920E-10+-2.0E+02 Cr 52 (n,2n   ) Cr 51  4.337E-02+-1.0E+01 Cr 52 (n,na   ) Ti 48  7.290E-06+-1.0E+02
  Cr 52 (n,np   ) V  51  1.203E-02+-3.0E+01 Cr 52 (n,g    ) Cr 53  5.445E-02+-1.2E+01 Cr 52 (n,p    ) V  52  1.405E-02+-1.0E+01 Cr 52 (n,d    ) V  51  7.572E-04+-5.0E+01
  Cr 52 (n,t    ) V  50  2.273E-10+-6.0E+01 Cr 52 (n,h    ) Ti 50  7.737E-11+-9.0E+01 Cr 52 (n,a    ) Ti 49  5.065E-03+-5.0E+01 Cr 52 (n,2p   ) Ti 51  6.403E-12+-2.0E+02
  Cr 53 (n,2n   ) Cr 52  1.655E-01+-4.0E+01 Cr 53 (n,na   ) Ti 49  1.035E-05+-1.0E+02 Cr 53 (n,np   ) V  52  3.860E-04+-1.0E+02 Cr 53 (n,g    ) Cr 54  1.180E+00+-1.0E+01
  Cr 53 (n,p    ) V  53  7.687E-03+-1.5E+01 Cr 53 (n,d    ) V  52  2.946E-04+-1.0E+02 Cr 53 (n,t    ) V  51  1.317E-05+-6.0E+01 Cr 53 (n,a    ) Ti 50  7.977E-03+-2.0E+01
  Cr 54 (n,2n   ) Cr 53  1.424E-01+-4.0E+01 Cr 54 (n,na   ) Ti 50  3.801E-05+-1.0E+02 Cr 54 (n,np   ) V  53  7.222E-06+-1.0E+02 Cr 54 (n,g    ) Cr 55  2.487E-02+-1.1E+01
  Cr 54 (n,p    ) V  54  2.954E-03+-1.5E+01 Cr 54 (n,d    ) V  53  6.185E-05+-1.0E+02 Cr 54 (n,t    ) V  52  2.455E-08+-6.0E+01 Cr 54 (n,a    ) Ti 51  2.101E-03+-1.0E+01
  Mn 52 (n,n    ) Mn 52m 8.526E-02+-1.0E+02 Mn 52 (n,2n   ) Mn 51  1.219E-02+-4.0E+01 Mn 52 (n,na   ) V  48  2.203E-05+-1.0E+02 Mn 52 (n,np   ) Cr 51  1.244E-01+-1.0E+02
  Mn 52 (n,nd   ) Cr 50  1.134E-12+-6.0E+01 Mn 52 (n,g    ) Mn 53  6.017E+00+-3.7E+01 Mn 52 (n,p    ) Cr 52  6.849E+01+-5.0E+01 Mn 52 (n,d    ) Cr 51  3.112E-03+-1.0E+02
  Mn 52 (n,t    ) Cr 50  2.325E-04+-6.0E+01 Mn 52 (n,h    ) V  50  2.501E-07+-9.0E+01 Mn 52 (n,a    ) V  49  2.219E-02+-6.0E+01 Mn 52 (n,2a   ) Sc 45  4.438E-12+-2.1E+02
  Mn 52 (n,2a   ) Sc 45m 1.048E-12+-2.1E+02 Mn 52 (n,2p   ) V  51  2.039E-03+-2.0E+02 Mn 52 (n,pa   ) Ti 48  5.294E-04+-2.0E+02 Mn 53 (n,2n   ) Mn 52  2.053E-02+-7.2E+01
  Mn 53 (n,2n   ) Mn 52m 6.007E-03+-7.2E+01 Mn 53 (n,na   ) V  49  1.506E-05+-1.0E+02 Mn 53 (n,np   ) Cr 52  8.616E-02+-1.0E+02 Mn 53 (n,g    ) Mn 54  4.595E+00+-1.3E+01
  Mn 53 (n,p    ) Cr 53  6.882E-02+-5.0E+01 Mn 53 (n,d    ) Cr 52  3.453E-03+-1.0E+02 Mn 53 (n,t    ) Cr 51  7.177E-06+-6.0E+01 Mn 53 (n,h    ) V  51  1.675E-08+-9.0E+01
  Mn 53 (n,a    ) V  50  1.107E-02+-6.0E+01 Mn 53 (n,2p   ) V  52  1.007E-06+-2.0E+02 Mn 53 (n,pa   ) Ti 49  2.782E-07+-2.0E+02 Mn 54 (n,2n   ) Mn 53  1.351E-01+-4.0E+01
  Mn 54 (n,na   ) V  50  2.042E-05+-1.0E+02 Mn 54 (n,np   ) Cr 53  1.362E-02+-1.0E+02 Mn 54 (n,nd   ) Cr 52  9.666E-11+-6.0E+01 Mn 54 (n,g    ) Mn 55  8.630E-01+-4.5E+01
  Mn 54 (n,p    ) Cr 54  9.987E-02+-5.0E+01 Mn 54 (n,d    ) Cr 53  2.153E-03+-1.0E+02 Mn 54 (n,t    ) Cr 52  2.801E-04+-6.0E+01 Mn 54 (n,h    ) V  52  2.318E-11+-9.0E+01
  Mn 54 (n,a    ) V  51  6.780E-03+-6.0E+01 Mn 54 (n,2p   ) V  53  1.954E-08+-2.0E+02 Mn 54 (n,pa   ) Ti 50  3.286E-05+-2.0E+02 Mn 55 (n,2n   ) Mn 54  1.278E-01+-1.0E+01
  Mn 55 (n,na   ) V  51  1.112E-04+-1.0E+02 Mn 55 (n,np   ) Cr 54  5.828E-03+-1.0E+02 Mn 55 (n,g    ) Mn 56  1.022E+00+-8.5E+00 Mn 55 (n,p    ) Cr 55  6.782E-03+-2.0E+01
  Mn 55 (n,d    ) Cr 54  1.869E-03+-1.0E+02 Mn 55 (n,t    ) Cr 53  1.358E-04+-3.0E+01 Mn 55 (n,a    ) V  52  4.205E-03+-2.0E+01 Fe 52 (n,na   ) Cr 48  2.301E-05+-1.0E+02
  Fe 52 (n,np   ) Mn 51  6.808E-02+-1.0E+02 Fe 52 (n,n2p  ) Cr 50  2.792E-11+-2.0E+02 Fe 52 (n,g    ) Fe 53  1.186E-01+-8.4E+02 Fe 52 (n,g    ) Fe 53m 4.644E-04+-8.2E+02
  Fe 52 (n,p    ) Mn 52  2.417E-01+-7.8E+01 Fe 52 (n,p    ) Mn 52m 1.181E+01+-7.8E+01 Fe 52 (n,d    ) Mn 51  2.693E-03+-1.0E+02 Fe 52 (n,t    ) Mn 50  9.334E-11+-8.5E+01
  Fe 52 (n,t    ) Mn 50m 9.262E-11+-8.5E+01 Fe 52 (n,h    ) Cr 50  2.855E-05+-9.0E+01 Fe 52 (n,a    ) Cr 49  6.578E-02+-6.0E+01 Fe 52 (n,2a   ) Ti 45  1.766E-11+-2.0E+02
  Fe 52 (n,2p   ) Cr 51  1.067E-01+-2.0E+02 Fe 52 (n,pa   ) V  48  4.273E-04+-2.0E+02 Fe 52 (n,pd   ) Cr 50  6.262E-07+-2.0E+02 Fe 54 (n,2n   ) Fe 53  9.391E-04+-2.0E+01
  Fe 54 (n,na   ) Cr 50  9.825E-05+-1.0E+02 Fe 54 (n,np   ) Mn 53  3.890E-02+-5.0E+01 Fe 54 (n,g    ) Fe 55  1.526E-01+-2.2E+01 Fe 54 (n,p    ) Mn 54  9.241E-02+-1.0E+01
  Fe 54 (n,d    ) Mn 53  1.534E-03+-4.0E+01 Fe 54 (n,t    ) Mn 52  1.794E-09+-8.5E+01 Fe 54 (n,t    ) Mn 52m 3.447E-10+-8.5E+01 Fe 54 (n,h    ) Cr 52  3.351E-07+-9.0E+01
  Fe 54 (n,a    ) Cr 51  1.499E-02+-1.0E+01 Fe 54 (n,2p   ) Cr 53  6.909E-04+-2.0E+02 Fe 54 (n,pa   ) V  50  3.801E-08+-2.0E+02 Fe 55 (n,2n   ) Fe 54  6.995E-02+-4.0E+01
  Fe 55 (n,na   ) Cr 51  4.502E-05+-1.0E+02 Fe 55 (n,np   ) Mn 54  2.984E-02+-1.0E+02 Fe 55 (n,g    ) Fe 56  8.475E-01+-1.4E+01 Fe 55 (n,p    ) Mn 55  4.254E-02+-5.0E+01
  Fe 55 (n,d    ) Mn 54  1.160E-03+-1.0E+02 Fe 55 (n,t    ) Mn 53  1.541E-05+-6.0E+01 Fe 55 (n,h    ) Cr 53  1.281E-08+-9.0E+01 Fe 55 (n,a    ) Cr 52  1.074E+01+-3.0E+01
  Fe 55 (n,2a   ) Ti 48  2.565E-11+-2.0E+02 Fe 55 (n,2p   ) Cr 54  4.645E-04+-2.0E+02 Fe 55 (n,pa   ) V  51  1.926E-06+-2.0E+02 Fe 56 (n,2n   ) Fe 55  6.407E-02+-5.0E+00
  Fe 56 (n,na   ) Cr 52  2.065E-04+-2.5E+01 Fe 56 (n,np   ) Mn 55  9.181E-03+-2.5E+01 Fe 56 (n,g    ) Fe 57  1.725E-01+-8.9E+00 Fe 56 (n,p    ) Mn 56  2.036E-02+-3.0E+00
  Fe 56 (n,d    ) Mn 55  9.609E-04+-2.5E+01 Fe 56 (n,t    ) Mn 54  4.409E-06+-1.5E+01 Fe 56 (n,h    ) Cr 54  6.062E-11+-9.0E+01 Fe 56 (n,a    ) Cr 53  6.956E-03+-1.0E+01
  Fe 56 (n,2p   ) Cr 55  1.429E-12+-2.0E+02 Fe 57 (n,2n   ) Fe 56  1.723E-01+-4.0E+01 Fe 57 (n,na   ) Cr 53  1.562E-04+-1.0E+02 Fe 57 (n,np   ) Mn 56  9.784E-04+-1.0E+02
  Fe 57 (n,g    ) Fe 58  1.692E-01+-1.7E+01 Fe 57 (n,p    ) Mn 57  1.006E-02+-1.5E+01 Fe 57 (n,d    ) Mn 56  4.136E-04+-1.0E+02 Fe 57 (n,t    ) Mn 55  2.630E-05+-6.0E+01
  Fe 57 (n,a    ) Cr 54  7.597E-03+-2.0E+01 Fe 57 (n,2a   ) Ti 50  1.178E-11+-2.0E+02 Fe 57 (n,2p   ) Cr 56  6.179E-12+-2.0E+02 Fe 58 (n,2n   ) Fe 57  1.442E-01+-4.0E+01
  Fe 58 (n,na   ) Cr 54  3.496E-05+-1.0E+02 Fe 58 (n,np   ) Mn 57  2.632E-05+-1.0E+02 Fe 58 (n,g    ) Fe 59  1.046E-01+-1.3E+01 Fe 58 (n,p    ) Mn 58  9.742E-04+-7.2E+01
  Fe 58 (n,p    ) Mn 58m 1.646E-03+-7.2E+01 Fe 58 (n,d    ) Mn 57  7.596E-05+-1.0E+02 Fe 58 (n,t    ) Mn 56  2.215E-08+-6.0E+01 Fe 58 (n,a    ) Cr 55  3.247E-03+-1.0E+01
  Fe 59 (n,2n   ) Fe 58  2.010E-01+-4.0E+01 Fe 59 (n,na   ) Cr 55  1.438E-05+-1.0E+02 Fe 59 (n,np   ) Mn 58  2.801E-06+-1.2E+02 Fe 59 (n,np   ) Mn 58m 3.659E-06+-1.2E+02
  Fe 59 (n,g    ) Fe 60  8.406E-01+-2.1E+01 Fe 59 (n,p    ) Mn 59  1.903E-03+-5.0E+01 Fe 59 (n,d    ) Mn 58  2.920E-05+-1.2E+02 Fe 59 (n,d    ) Mn 58m 2.743E-05+-1.2E+02
  Fe 59 (n,t    ) Mn 57  5.393E-06+-6.0E+01 Fe 59 (n,a    ) Cr 56  7.085E-01+-4.0E+01 Fe 60 (n,2n   ) Fe 59  1.837E-01+-4.0E+01 Fe 60 (n,na   ) Cr 56  1.314E-06+-1.0E+02
  Fe 60 (n,np   ) Mn 59  1.623E-08+-1.0E+02 Fe 60 (n,g    ) Fe 61  4.315E-02+-8.1E+02 Fe 60 (n,p    ) Mn 60  3.953E-04+-7.8E+01 Fe 60 (n,p    ) Mn 60m 2.763E-04+-7.8E+01
  Fe 60 (n,d    ) Mn 59  5.524E-06+-1.0E+02 Fe 60 (n,t    ) Mn 58  9.781E-10+-8.5E+01 Fe 60 (n,t    ) Mn 58m 7.429E-10+-8.5E+01 Fe 60 (n,a    ) Cr 57  8.339E-04+-6.0E+01
  Co 55 (n,2n   ) Co 54  4.467E-07+-7.2E+01 Co 55 (n,2n   ) Co 54m 5.476E-06+-7.2E+01 Co 55 (n,na   ) Mn 51  1.607E-05+-1.0E+02 Co 55 (n,np   ) Fe 54  1.290E-01+-1.0E+02
  Co 55 (n,g    ) Co 56  8.700E-01+-4.8E+02 Co 55 (n,p    ) Fe 55  2.299E+01+-5.0E+01 Co 55 (n,d    ) Fe 54  5.031E-03+-1.0E+02 Co 55 (n,t    ) Fe 53  5.946E-06+-8.5E+01
  Co 55 (n,t    ) Fe 53m 3.060E-07+-8.5E+01 Co 55 (n,h    ) Mn 53  5.221E-06+-9.0E+01 Co 55 (n,a    ) Mn 52  2.145E-02+-8.5E+01 Co 55 (n,a    ) Mn 52m 1.956E-02+-8.5E+01
  Co 55 (n,2p   ) Mn 54  1.727E-02+-2.0E+02 Co 55 (n,pa   ) Cr 51  1.288E-03+-2.0E+02 Co 55 (n,pd   ) Mn 53  3.924E-10+-2.0E+02 Co 56 (n,2n   ) Co 55  1.276E-02+-4.0E+01
  Co 56 (n,na   ) Mn 52  9.438E-05+-1.2E+02 Co 56 (n,na   ) Mn 52m 1.030E-05+-1.2E+02 Co 56 (n,np   ) Fe 55  1.178E-01+-1.0E+02 Co 56 (n,nd   ) Fe 54  7.456E-10+-6.0E+01
  Co 56 (n,g    ) Co 57  1.162E+00+-4.2E+02 Co 56 (n,p    ) Fe 56  1.319E+01+-5.0E+01 Co 56 (n,d    ) Fe 55  3.798E-03+-1.0E+02 Co 56 (n,t    ) Fe 54  2.811E-04+-6.0E+01
  Co 56 (n,h    ) Mn 54  9.190E-07+-9.0E+01 Co 56 (n,a    ) Mn 53  3.126E-02+-6.0E+01 Co 56 (n,2a   ) V  49  2.973E-10+-2.0E+02 Co 56 (n,2p   ) Mn 55  2.899E-03+-2.0E+02
  Co 56 (n,pa   ) Cr 52  2.034E-03+-2.0E+02 Co 57 (n,2n   ) Co 56  2.802E-02+-4.0E+01 Co 57 (n,na   ) Mn 53  5.647E-04+-1.0E+02 Co 57 (n,np   ) Fe 56  9.975E-02+-1.0E+02
  Co 57 (n,g    ) Co 58  2.793E+00+-7.8E+01 Co 57 (n,g    ) Co 58m 6.133E-01+-7.8E+01 Co 57 (n,p    ) Fe 57  2.851E-01+-5.0E+01 Co 57 (n,d    ) Fe 56  3.858E-03+-1.0E+02
  Co 57 (n,t    ) Fe 55  4.298E-05+-6.0E+01 Co 57 (n,h    ) Mn 55  4.226E-08+-9.0E+01 Co 57 (n,a    ) Mn 54  1.481E-02+-6.0E+01 Co 57 (n,2p   ) Mn 56  3.436E-06+-2.0E+02
  Co 57 (n,pa   ) Cr 53  3.743E-06+-2.0E+02 Co 58 (n,n    ) Co 58m 1.111E-01+-1.0E+02 Co 58 (n,2n   ) Co 57  1.235E-01+-4.0E+01 Co 58 (n,na   ) Mn 54  5.854E-04+-1.0E+02
  Co 58 (n,np   ) Fe 57  3.025E-02+-1.0E+02 Co 58 (n,nd   ) Fe 56  3.007E-08+-6.0E+01 Co 58 (n,2np  ) Fe 56  2.281E-11+-2.0E+02 Co 58 (n,g    ) Co 59  1.909E+01+-2.6E+01
  Co 58 (n,p    ) Fe 58  1.983E+02+-4.9E+01 Co 58 (n,d    ) Fe 57  2.349E-03+-1.0E+02 Co 58 (n,t    ) Fe 56  4.396E-04+-6.0E+01 Co 58 (n,h    ) Mn 56  8.212E-10+-9.0E+01
  Co 58 (n,a    ) Mn 55  9.917E-03+-4.7E+01 Co 58 (n,2a   ) V  51  2.858E-10+-2.0E+02 Co 58 (n,2p   ) Mn 57  6.305E-07+-2.0E+02 Co 58 (n,pa   ) Cr 54  1.973E-05+-2.0E+02
  Co 58m(n,n    ) Co 58  4.978E-01+-1.0E+02 Co 58m(n,2n   ) Co 57  1.322E-01+-4.0E+01 Co 58m(n,na   ) Mn 54  5.281E-04+-1.0E+02 Co 58m(n,np   ) Fe 57  2.137E-02+-1.0E+02
  Co 58m(n,nd   ) Fe 56  1.479E-08+-6.0E+01 Co 58m(n,2np  ) Fe 56  1.574E-11+-2.0E+02 Co 58m(n,g    ) Co 59  6.921E+03+-1.4E+01 Co 58m(n,p    ) Fe 58  2.198E+03+-1.7E+01
  Co 58m(n,d    ) Fe 57  1.705E-03+-1.0E+02 Co 58m(n,t    ) Fe 56  1.023E-04+-6.0E+01 Co 58m(n,h    ) Mn 56  5.416E-10+-9.0E+01 Co 58m(n,a    ) Mn 55  9.411E-03+-6.0E+01
  Co 58m(n,2a   ) V  51  2.934E-10+-2.0E+02 Co 58m(n,2p   ) Mn 57  4.824E-07+-2.0E+02 Co 58m(n,pa   ) Cr 54  7.888E-06+-2.0E+02 Co 59 (n,2n   ) Co 58  3.305E-02+-4.0E+01
  Co 59 (n,2n   ) Co 58m 7.284E-02+-2.0E+01 Co 59 (n,na   ) Mn 55  3.600E-04+-1.0E+02 Co 59 (n,np   ) Fe 58  1.481E-02+-1.0E+02 Co 59 (n,g    ) Co 60  1.801E+00+-2.7E+01
  Co 59 (n,g    ) Co 60m 2.260E+00+-7.1E+00 Co 59 (n,p    ) Fe 59  9.279E-03+-1.5E+01 Co 59 (n,d    ) Fe 58  2.102E-03+-1.0E+02 Co 59 (n,t    ) Fe 57  5.951E-05+-3.0E+01
  Co 59 (n,a    ) Mn 56  5.455E-03+-1.0E+01 Co 59 (n,pa   ) Cr 55  3.020E-12+-2.0E+02 Co 60 (n,n    ) Co 60m 1.483E-01+-1.0E+02 Co 60 (n,2n   ) Co 59  1.875E-01+-4.0E+01
  Co 60 (n,na   ) Mn 56  1.055E-04+-1.0E+02 Co 60 (n,np   ) Fe 59  2.252E-03+-1.0E+02 Co 60 (n,nd   ) Fe 58  2.072E-09+-6.0E+01 Co 60 (n,g    ) Co 61  2.278E-01+-1.3E+01
  Co 60 (n,p    ) Fe 60  8.722E-03+-5.0E+01 Co 60 (n,d    ) Fe 59  1.196E-03+-1.0E+02 Co 60 (n,t    ) Fe 58  4.247E-04+-6.0E+01 Co 60 (n,a    ) Mn 57  3.013E-03+-6.0E+01
  Co 60 (n,pa   ) Cr 56  3.094E-12+-2.0E+02 Ni 56 (n,na   ) Fe 52  5.953E-06+-1.2E+02 Ni 56 (n,na   ) Fe 52m 1.192E-05+-0.0E+00 Ni 56 (n,np   ) Co 55  5.912E-02+-1.0E+02
  Ni 56 (n,n2p  ) Fe 54  3.017E-10+-2.0E+02 Ni 56 (n,g    ) Ni 57  3.410E-01+-8.4E+02 Ni 56 (n,p    ) Co 56  1.968E+00+-5.0E+01 Ni 56 (n,d    ) Co 55  2.652E-03+-1.0E+02
  Ni 56 (n,t    ) Co 54  1.656E-11+-8.5E+01 Ni 56 (n,t    ) Co 54m 8.083E-12+-8.5E+01 Ni 56 (n,h    ) Fe 54  2.602E-05+-9.0E+01 Ni 56 (n,a    ) Fe 53  6.776E-02+-8.5E+01
  Ni 56 (n,a    ) Fe 53m 2.385E-03+-8.5E+01 Ni 56 (n,2a   ) Cr 49  1.925E-11+-2.0E+02 Ni 56 (n,2p   ) Fe 55  1.193E-01+-2.0E+02 Ni 56 (n,pa   ) Mn 52  2.429E-04+-2.1E+02
  Ni 56 (n,pa   ) Mn 52m 1.647E-04+-2.1E+02 Ni 56 (n,pd   ) Fe 54  1.567E-06+-2.0E+02 Ni 57 (n,2n   ) Ni 56  3.728E-03+-4.0E+01 Ni 57 (n,na   ) Fe 53  2.424E-05+-1.2E+02
  Ni 57 (n,na   ) Fe 53m 4.446E-06+-1.2E+02 Ni 57 (n,np   ) Co 56  8.329E-02+-1.0E+02 Ni 57 (n,g    ) Ni 58  6.042E-01+-7.1E+02 Ni 57 (n,p    ) Co 57  1.575E+01+-5.0E+01
  Ni 57 (n,d    ) Co 56  2.422E-03+-1.0E+02 Ni 57 (n,t    ) Co 55  2.965E-05+-6.0E+01 Ni 57 (n,h    ) Fe 55  1.171E-05+-9.0E+01 Ni 57 (n,a    ) Fe 54  2.038E-01+-6.0E+01
  Ni 57 (n,2a   ) Cr 50  4.640E-08+-2.0E+02 Ni 57 (n,2p   ) Fe 56  7.005E-02+-2.0E+02 Ni 57 (n,pa   ) Mn 53  3.411E-03+-2.0E+02 Ni 57 (n,pd   ) Fe 55  4.525E-08+-2.0E+02
  Ni 58 (n,2n   ) Ni 57  4.018E-03+-5.0E+00 Ni 58 (n,na   ) Fe 54  3.620E-03+-2.5E+01 Ni 58 (n,np   ) Co 57  9.282E-02+-1.0E+01 Ni 58 (n,g    ) Ni 59  3.038E-01+-8.8E+00
  Ni 58 (n,p    ) Co 58  5.435E-02+-3.0E+01 Ni 58 (n,p    ) Co 58m 4.453E-02+-3.0E+01 Ni 58 (n,d    ) Co 57  2.700E-03+-3.0E+01 Ni 58 (n,t    ) Co 56  2.281E-06+-3.0E+01
  Ni 58 (n,h    ) Fe 56  1.915E-06+-9.0E+01 Ni 58 (n,a    ) Fe 55  2.005E-02+-5.0E+00 Ni 58 (n,2a   ) Cr 51  2.104E-11+-2.0E+02 Ni 58 (n,2p   ) Fe 57  3.669E-03+-2.0E+02
  Ni 58 (n,pa   ) Mn 54  2.727E-05+-2.0E+02 Ni 58 (n,pd   ) Fe 56  1.355E-11+-2.0E+02 Ni 59 (n,2n   ) Ni 58  5.294E-02+-4.0E+01 Ni 59 (n,na   ) Fe 55  1.092E-03+-1.0E+02
  Ni 59 (n,np   ) Co 58  3.666E-02+-1.2E+02 Ni 59 (n,np   ) Co 58m 2.155E-02+-1.2E+02 Ni 59 (n,g    ) Ni 60  7.592E+00+-8.7E+00 Ni 59 (n,p    ) Co 59  2.565E-01+-1.9E+01
  Ni 59 (n,d    ) Co 58  1.129E-03+-1.2E+02 Ni 59 (n,d    ) Co 58m 4.594E-04+-1.2E+02 Ni 59 (n,t    ) Co 57  3.377E-05+-6.0E+01 Ni 59 (n,h    ) Fe 57  1.855E-07+-9.0E+01
  Ni 59 (n,a    ) Fe 56  1.136E+00+-3.3E+01 Ni 59 (n,2a   ) Cr 52  6.742E-08+-2.0E+02 Ni 59 (n,2p   ) Fe 58  3.257E-03+-2.0E+02 Ni 59 (n,pa   ) Mn 55  1.870E-05+-2.0E+02
  Ni 60 (n,2n   ) Ni 59  5.886E-02+-2.0E+01 Ni 60 (n,na   ) Fe 56  1.581E-03+-3.0E+01 Ni 60 (n,np   ) Co 59  2.148E-02+-3.0E+01 Ni 60 (n,g    ) Ni 61  1.855E-01+-9.1E+00
  Ni 60 (n,p    ) Co 60  1.263E-02+-5.0E+01 Ni 60 (n,p    ) Co 60m 1.537E-02+-3.0E+01 Ni 60 (n,d    ) Co 59  1.538E-03+-2.5E+01 Ni 60 (n,t    ) Co 58  1.557E-06+-7.8E+01
  Ni 60 (n,t    ) Co 58m 4.428E-07+-7.8E+01 Ni 60 (n,h    ) Fe 58  2.494E-09+-9.0E+01 Ni 60 (n,a    ) Fe 57  1.095E-02+-3.0E+01 Ni 60 (n,2p   ) Fe 59  1.895E-08+-2.0E+02
  Ni 60 (n,pa   ) Mn 56  2.064E-12+-2.0E+02 Ni 61 (n,2n   ) Ni 60  1.523E-01+-4.0E+01 Ni 61 (n,na   ) Fe 57  4.947E-04+-1.0E+02 Ni 61 (n,np   ) Co 60  9.102E-04+-1.2E+02
  Ni 61 (n,np   ) Co 60m 1.365E-03+-1.2E+02 Ni 61 (n,g    ) Ni 62  1.787E-01+-1.7E+01 Ni 61 (n,p    ) Co 61  1.785E-02+-1.0E+01 Ni 61 (n,d    ) Co 60  2.509E-04+-1.2E+02
  Ni 61 (n,d    ) Co 60m 2.214E-04+-1.2E+02 Ni 61 (n,t    ) Co 59  3.101E-05+-6.0E+01 Ni 61 (n,h    ) Fe 59  1.641E-11+-9.0E+01 Ni 61 (n,a    ) Fe 58  8.622E-03+-3.0E+01
  Ni 61 (n,2a   ) Cr 54  6.450E-11+-2.0E+02 Ni 61 (n,2p   ) Fe 60  6.728E-08+-2.0E+02 Ni 61 (n,pa   ) Mn 57  2.202E-11+-2.0E+02 Ni 62 (n,2n   ) Ni 61  1.212E-01+-4.0E+01
  Ni 62 (n,na   ) Fe 58  7.379E-05+-1.0E+02 Ni 62 (n,np   ) Co 61  3.182E-04+-1.0E+02 Ni 62 (n,g    ) Ni 63  9.259E-01+-1.0E+01 Ni 62 (n,p    ) Co 62  3.345E-03+-2.0E+01
  Ni 62 (n,p    ) Co 62m 2.855E-03+-2.0E+01 Ni 62 (n,d    ) Co 61  1.345E-04+-1.0E+02 Ni 62 (n,t    ) Co 60  6.626E-09+-8.5E+01 Ni 62 (n,t    ) Co 60m 4.272E-09+-8.5E+01
  Ni 62 (n,a    ) Fe 59  3.784E-03+-1.0E+01 Ni 63 (n,2n   ) Ni 62  2.006E-01+-4.0E+01 Ni 63 (n,na   ) Fe 59  3.830E-05+-1.0E+02 Ni 63 (n,np   ) Co 62  3.182E-05+-1.2E+02
  Ni 63 (n,np   ) Co 62m 3.689E-05+-1.2E+02 Ni 63 (n,g    ) Ni 64  1.751E+00+-1.7E+01 Ni 63 (n,p    ) Co 63  5.324E-03+-5.0E+01 Ni 63 (n,d    ) Co 62  4.748E-05+-1.2E+02
  Ni 63 (n,d    ) Co 62m 3.523E-05+-1.2E+02 Ni 63 (n,t    ) Co 61  1.203E-05+-6.0E+01 Ni 63 (n,a    ) Fe 60  2.035E-03+-6.0E+01 Ni 64 (n,2n   ) Ni 63  1.542E-01+-3.0E+01
  Ni 64 (n,na   ) Fe 60  3.563E-05+-2.0E+02 Ni 64 (n,np   ) Co 63  7.069E-07+-1.0E+02 Ni 64 (n,g    ) Ni 65  1.012E-01+-1.7E+01 Ni 64 (n,p    ) Co 64  7.864E-04+-2.0E+01
  Ni 64 (n,d    ) Co 63  1.335E-05+-1.0E+02 Ni 64 (n,t    ) Co 62  1.040E-10+-8.5E+01 Ni 64 (n,t    ) Co 62m 1.189E-10+-8.5E+01 Ni 64 (n,a    ) Fe 61  6.957E-04+-2.0E+01
  Ni 66 (n,2n   ) Ni 65  1.998E-01+-4.0E+01 Ni 66 (n,na   ) Fe 62  1.022E-08+-1.0E+02 Ni 66 (n,g    ) Ni 67  6.113E-02+-8.2E+02 Ni 66 (n,p    ) Co 66  4.380E-05+-5.0E+01
  Ni 66 (n,d    ) Co 65  1.153E-07+-1.0E+02 Ni 66 (n,a    ) Fe 63  4.080E-04+-6.0E+01 Cu 63 (n,2n   ) Cu 62  7.181E-02+-1.0E+01 Cu 63 (n,na   ) Co 59  2.352E-03+-6.0E+01
  Cu 63 (n,np   ) Ni 62  5.789E-02+-1.0E+02 Cu 63 (n,g    ) Cu 64  3.903E-01+-9.2E+00 Cu 63 (n,p    ) Ni 63  1.646E-02+-2.0E+01 Cu 63 (n,d    ) Ni 62  1.338E-03+-4.4E+01
  Cu 63 (n,t    ) Ni 61  1.435E-04+-6.0E+01 Cu 63 (n,h    ) Co 61  1.690E-10+-2.0E+02 Cu 63 (n,a    ) Co 60  6.471E-03+-3.0E+01 Cu 63 (n,a    ) Co 60m 2.134E-03+-3.0E+01
  Cu 63 (n,2a   ) Mn 56  1.380E-12+-2.0E+02 Cu 63 (n,2p   ) Co 62  2.121E-10+-2.1E+02 Cu 63 (n,2p   ) Co 62m 4.058E-10+-2.1E+02 Cu 63 (n,pa   ) Fe 59  1.126E-08+-2.0E+02
  Cu 64 (n,2n   ) Cu 63  1.668E-01+-4.0E+01 Cu 64 (n,na   ) Co 60  2.580E-04+-1.2E+02 Cu 64 (n,na   ) Co 60m 1.962E-04+-1.2E+02 Cu 64 (n,np   ) Ni 63  1.066E-02+-1.0E+02
  Cu 64 (n,nd   ) Ni 62  1.458E-07+-6.0E+01 Cu 64 (n,2np  ) Ni 62  1.856E-12+-2.0E+02 Cu 64 (n,g    ) Cu 65  3.379E+01+-4.9E+01 Cu 64 (n,p    ) Ni 64  1.094E+01+-5.0E+01
  Cu 64 (n,d    ) Ni 63  1.788E-03+-1.0E+02 Cu 64 (n,t    ) Ni 62  5.719E-04+-6.0E+01 Cu 64 (n,a    ) Co 61  3.970E-03+-6.0E+01 Cu 64 (n,2a   ) Mn 57  2.779E-12+-2.0E+02
  Cu 64 (n,2p   ) Co 63  1.602E-09+-2.0E+02 Cu 64 (n,pa   ) Fe 60  1.172E-08+-2.0E+02 Cu 65 (n,2n   ) Cu 64  1.461E-01+-1.0E+01 Cu 65 (n,na   ) Co 61  1.470E-04+-2.0E+01
  Cu 65 (n,np   ) Ni 64  3.833E-03+-1.0E+02 Cu 65 (n,g    ) Cu 66  1.767E-01+-7.6E+00 Cu 65 (n,p    ) Ni 65  4.019E-03+-2.0E+01 Cu 65 (n,d    ) Ni 64  1.275E-03+-4.0E+01
  Cu 65 (n,t    ) Ni 63  3.131E-05+-6.0E+01 Cu 65 (n,a    ) Co 62  9.793E-04+-2.0E+01 Cu 65 (n,a    ) Co 62m 1.161E-03+-2.0E+01 Cu 67 (n,2n   ) Cu 66  1.913E-01+-4.0E+01
  Cu 67 (n,na   ) Co 63  4.830E-06+-1.0E+02 Cu 67 (n,np   ) Ni 66  4.493E-04+-1.0E+02 Cu 67 (n,g    ) Cu 68  9.432E-01+-7.8E+01 Cu 67 (n,g    ) Cu 68m 1.003E-01+-7.8E+01
  Cu 67 (n,p    ) Ni 67  2.898E-03+-5.0E+01 Cu 67 (n,d    ) Ni 66  1.010E-03+-1.0E+02 Cu 67 (n,t    ) Ni 65  1.847E-05+-6.0E+01 Cu 67 (n,a    ) Co 64  8.430E-04+-6.0E+01
  Zn 62 (n,2n   ) Zn 61  2.800E-04+-4.0E+01 Zn 62 (n,na   ) Ni 58  6.976E-03+-1.0E+02 Zn 62 (n,np   ) Cu 61  9.685E-02+-1.0E+02 Zn 62 (n,n2p  ) Ni 60  4.674E-08+-2.0E+02
  Zn 62 (n,g    ) Zn 63  1.982E-01+-8.1E+02 Zn 62 (n,p    ) Cu 62  3.255E+00+-5.0E+01 Zn 62 (n,d    ) Cu 61  2.776E-03+-1.0E+02 Zn 62 (n,t    ) Cu 60  6.055E-06+-6.0E+01
  Zn 62 (n,h    ) Ni 60  3.288E-05+-9.0E+01 Zn 62 (n,a    ) Ni 59  2.955E-01+-6.0E+01 Zn 62 (n,2a   ) Fe 55  1.742E-06+-2.0E+02 Zn 62 (n,2p   ) Ni 61  5.681E-02+-2.0E+02
  Zn 62 (n,pa   ) Co 58  7.275E-04+-2.1E+02 Zn 62 (n,pa   ) Co 58m 6.393E-04+-2.1E+02 Zn 62 (n,pd   ) Ni 60  4.537E-06+-2.0E+02 Zn 64 (n,2n   ) Zn 63  1.850E-02+-1.0E+01
  Zn 64 (n,na   ) Ni 60  1.230E-02+-4.0E+01 Zn 64 (n,np   ) Cu 63  8.240E-02+-1.0E+02 Zn 64 (n,g    ) Zn 65  9.149E-02+-1.1E+01 Zn 64 (n,p    ) Cu 64  4.123E-02+-1.0E+01
  Zn 64 (n,d    ) Cu 63  1.523E-03+-1.0E+02 Zn 64 (n,t    ) Cu 62  7.002E-06+-3.0E+01 Zn 64 (n,h    ) Ni 62  1.133E-06+-9.0E+01 Zn 64 (n,a    ) Ni 61  1.848E-02+-2.0E+01
  Zn 64 (n,2a   ) Fe 57  1.360E-08+-2.0E+02 Zn 64 (n,2p   ) Ni 63  1.772E-04+-2.0E+02 Zn 64 (n,pa   ) Co 60  2.139E-07+-2.1E+02 Zn 64 (n,pa   ) Co 60m 7.251E-08+-2.1E+02
  Zn 64 (n,pd   ) Ni 62  3.057E-11+-2.0E+02 Zn 65 (n,2n   ) Zn 64  1.112E-01+-4.0E+01 Zn 65 (n,na   ) Ni 61  6.098E-03+-1.0E+02 Zn 65 (n,np   ) Cu 64  2.153E-02+-1.0E+02
  Zn 65 (n,nd   ) Cu 63  2.983E-12+-6.0E+01 Zn 65 (n,g    ) Zn 66  6.817E+00+-4.0E+01 Zn 65 (n,p    ) Cu 65  1.518E+00+-2.0E+02 Zn 65 (n,d    ) Cu 64  1.275E-03+-1.0E+02
  Zn 65 (n,t    ) Cu 63  1.361E-04+-6.0E+01 Zn 65 (n,h    ) Ni 63  1.127E-07+-9.0E+01 Zn 65 (n,a    ) Ni 62  7.420E+00+-6.0E+01 Zn 65 (n,2a   ) Fe 58  8.637E-08+-2.0E+02
  Zn 65 (n,2p   ) Ni 64  2.257E-04+-2.0E+02 Zn 65 (n,pa   ) Co 61  8.467E-07+-2.0E+02 Zn 66 (n,2n   ) Zn 65  9.674E-02+-1.0E+01 Zn 66 (n,na   ) Ni 62  4.179E-03+-1.0E+02
  Zn 66 (n,np   ) Cu 65  7.906E-03+-1.0E+02 Zn 66 (n,g    ) Zn 67  7.848E-02+-2.1E+01 Zn 66 (n,p    ) Cu 66  1.374E-02+-1.0E+01 Zn 66 (n,d    ) Cu 65  7.488E-04+-1.0E+02
  Zn 66 (n,t    ) Cu 64  1.207E-06+-6.0E+01 Zn 66 (n,h    ) Ni 64  1.200E-09+-9.0E+01 Zn 66 (n,a    ) Ni 63  6.397E-03+-6.0E+01 Zn 66 (n,2p   ) Ni 65  7.541E-09+-2.0E+02
  Zn 67 (n,2n   ) Zn 66  1.792E-01+-4.0E+01 Zn 67 (n,na   ) Ni 63  1.329E-03+-1.0E+02 Zn 67 (n,2na  ) Ni 62  4.635E-12+-2.0E+02 Zn 67 (n,np   ) Cu 66  3.447E-03+-1.0E+02
  Zn 67 (n,g    ) Zn 68  1.040E+00+-1.4E+01 Zn 67 (n,p    ) Cu 67  7.294E-03+-2.9E+01 Zn 67 (n,d    ) Cu 66  6.762E-04+-1.0E+02 Zn 67 (n,t    ) Cu 65  1.130E-04+-6.0E+01
  Zn 67 (n,h    ) Ni 65  4.136E-11+-9.0E+01 Zn 67 (n,a    ) Ni 64  3.104E-03+-6.0E+01 Zn 67 (n,2a   ) Fe 60  2.217E-11+-2.0E+02 Zn 67 (n,2p   ) Ni 66  7.512E-08+-2.0E+02
  Zn 67 (n,pa   ) Co 63  1.698E-11+-2.0E+02 Zn 68 (n,2n   ) Zn 67  1.419E-01+-4.0E+01 Zn 68 (n,na   ) Ni 64  2.766E-04+-1.0E+02 Zn 68 (n,np   ) Cu 67  5.488E-04+-1.0E+02
  Zn 68 (n,g    ) Zn 69  1.245E-01+-1.0E+01 Zn 68 (n,g    ) Zn 69m 1.133E-02+-1.5E+01 Zn 68 (n,p    ) Cu 68  1.449E-03+-3.0E+01 Zn 68 (n,p    ) Cu 68m 8.769E-04+-3.0E+01
  Zn 68 (n,d    ) Cu 67  2.856E-04+-1.0E+02 Zn 68 (n,t    ) Cu 66  5.048E-07+-6.0E+01 Zn 68 (n,a    ) Ni 65  1.626E-03+-1.0E+01 Zn 69m(n,n    ) Zn 69  2.017E-01+-1.0E+02
  Zn 69m(n,2n   ) Zn 68  2.233E-01+-4.0E+01 Zn 69m(n,na   ) Ni 65  3.322E-04+-1.0E+02 Zn 69m(n,2na  ) Ni 64  1.109E-11+-2.0E+02 Zn 69m(n,np   ) Cu 68  1.918E-04+-1.2E+02
  Zn 69m(n,np   ) Cu 68m 1.183E-04+-1.2E+02 Zn 69m(n,g    ) Zn 70  4.117E-01+-6.8E+02 Zn 69m(n,p    ) Cu 69  3.174E-03+-5.0E+01 Zn 69m(n,d    ) Cu 68  1.311E-04+-1.2E+02
  Zn 69m(n,d    ) Cu 68m 1.218E-04+-1.2E+02 Zn 69m(n,t    ) Cu 67  2.498E-05+-6.0E+01 Zn 69m(n,a    ) Ni 66  1.097E-03+-6.0E+01 Zn 70 (n,2n   ) Zn 69  7.213E-02+-3.0E+01
  Zn 70 (n,2n   ) Zn 69m 1.086E-01+-3.0E+01 Zn 70 (n,na   ) Ni 66  6.552E-05+-3.0E+01 Zn 70 (n,np   ) Cu 69  2.010E-05+-1.0E+02 Zn 70 (n,g    ) Zn 71  8.983E-03+-2.1E+01
  Zn 70 (n,g    ) Zn 71m 9.578E-04+-3.8E+01 Zn 70 (n,p    ) Cu 70  1.466E-04+-3.0E+01 Zn 70 (n,p    ) Cu 70m 3.110E-04+-3.0E+01 Zn 70 (n,p    ) Cu 70n 4.571E-05+-6.7E+01
  Zn 70 (n,d    ) Cu 69  9.442E-05+-1.0E+02 Zn 70 (n,t    ) Cu 68  1.435E-07+-8.5E+01 Zn 70 (n,t    ) Cu 68m 1.267E-08+-8.5E+01 Zn 70 (n,a    ) Ni 67  5.946E-04+-3.0E+01
  Zn 72 (n,2n   ) Zn 71  1.026E-01+-7.2E+01 Zn 72 (n,2n   ) Zn 71m 1.041E-01+-7.2E+01 Zn 72 (n,na   ) Ni 68  2.562E-06+-1.0E+02 Zn 72 (n,np   ) Cu 71  9.389E-08+-1.0E+02
  Zn 72 (n,g    ) Zn 73  1.611E-02+-7.8E+01 Zn 72 (n,g    ) Zn 73m 4.833E-02+-7.8E+01 Zn 72 (n,g    ) Zn 73n 1.554E-02+-7.8E+01 Zn 72 (n,p    ) Cu 72  9.162E-04+-5.0E+01
  Zn 72 (n,d    ) Cu 71  7.859E-06+-1.0E+02 Zn 72 (n,t    ) Cu 70  1.612E-10+-8.5E+01 Zn 72 (n,t    ) Cu 70m 1.208E-10+-8.5E+01 Zn 72 (n,t    ) Cu 70n 7.241E-11+-8.5E+01
  Zn 72 (n,a    ) Ni 69  1.263E-04+-8.5E+01 Zn 72 (n,a    ) Ni 69m 3.989E-05+-8.5E+01 Ga 66 (n,2n   ) Ga 65  3.881E-02+-4.0E+01 Ga 66 (n,na   ) Cu 62  8.416E-03+-1.0E+02
  Ga 66 (n,np   ) Zn 65  1.364E-01+-1.0E+02 Ga 66 (n,nd   ) Zn 64  2.373E-06+-6.0E+01 Ga 66 (n,2np  ) Zn 64  1.772E-07+-2.0E+02 Ga 66 (n,npa  ) Ni 61  3.390E-11+-2.0E+02
  Ga 66 (n,g    ) Ga 67  8.677E-01+-8.6E+02 Ga 66 (n,p    ) Zn 66  1.350E+02+-5.0E+01 Ga 66 (n,d    ) Zn 65  3.471E-03+-1.0E+02 Ga 66 (n,t    ) Zn 64  8.469E-04+-6.0E+01
  Ga 66 (n,h    ) Cu 64  3.446E-06+-9.0E+01 Ga 66 (n,a    ) Cu 63  4.399E+00+-6.0E+01 Ga 66 (n,2a   ) Co 59  1.827E-05+-2.0E+02 Ga 66 (n,2p   ) Cu 65  1.711E-03+-2.0E+02
  Ga 66 (n,pa   ) Ni 62  6.184E-03+-2.0E+02 Ga 66 (n,pd   ) Cu 64  8.666E-11+-2.0E+02 Ga 66 (n,da   ) Ni 61  5.833E-09+-2.0E+02 Ga 67 (n,2n   ) Ga 66  3.968E-02+-4.0E+01
  Ga 67 (n,na   ) Cu 63  8.611E-03+-1.0E+02 Ga 67 (n,np   ) Zn 66  1.172E-01+-1.0E+02 Ga 67 (n,g    ) Ga 68  1.747E+00+-3.5E+02 Ga 67 (n,p    ) Zn 67  2.525E-01+-5.0E+01
  Ga 67 (n,d    ) Zn 66  3.435E-03+-1.0E+02 Ga 67 (n,t    ) Zn 65  6.996E-05+-6.0E+01 Ga 67 (n,h    ) Cu 65  3.313E-07+-9.0E+01 Ga 67 (n,a    ) Cu 64  1.055E-02+-6.0E+01
  Ga 67 (n,2a   ) Co 60  1.748E-08+-2.1E+02 Ga 67 (n,2a   ) Co 60m 5.068E-09+-2.1E+02 Ga 67 (n,2p   ) Cu 66  3.393E-05+-2.0E+02 Ga 67 (n,pa   ) Ni 63  3.082E-05+-2.0E+02
  Ga 67 (n,da   ) Ni 62  2.083E-10+-2.0E+02 Ga 69 (n,2n   ) Ga 68  1.374E-01+-1.0E+01 Ga 69 (n,na   ) Cu 65  1.749E-03+-1.0E+02 Ga 69 (n,np   ) Zn 68  1.568E-02+-1.0E+02
  Ga 69 (n,g    ) Ga 70  5.446E-01+-1.0E+01 Ga 69 (n,p    ) Zn 69  3.696E-03+-3.0E+01 Ga 69 (n,p    ) Zn 69m 4.781E-03+-3.0E+01 Ga 69 (n,d    ) Zn 68  2.061E-03+-1.0E+02
  Ga 69 (n,t    ) Zn 67  1.005E-04+-6.0E+01 Ga 69 (n,h    ) Cu 67  4.793E-10+-9.0E+01 Ga 69 (n,a    ) Cu 66  4.317E-03+-2.0E+01 Ga 69 (n,2p   ) Cu 68  2.734E-10+-2.1E+02
  Ga 69 (n,2p   ) Cu 68m 2.153E-11+-2.1E+02 Ga 69 (n,pa   ) Ni 65  1.264E-08+-2.0E+02 Ga 71 (n,2n   ) Ga 70  1.763E-01+-1.0E+01 Ga 71 (n,na   ) Cu 67  2.131E-04+-2.0E+01
  Ga 71 (n,np   ) Zn 70  9.400E-04+-1.0E+02 Ga 71 (n,g    ) Ga 72  6.538E-01+-7.1E+01 Ga 71 (n,g    ) Ga 72m 4.733E-01+-7.6E+01 Ga 71 (n,p    ) Zn 71  1.325E-03+-3.0E+01
  Ga 71 (n,p    ) Zn 71m 1.890E-03+-3.0E+01 Ga 71 (n,d    ) Zn 70  1.171E-03+-1.0E+02 Ga 71 (n,t    ) Zn 69  1.601E-05+-8.5E+01 Ga 71 (n,t    ) Zn 69m 1.126E-05+-8.5E+01
  Ga 71 (n,a    ) Cu 68  1.358E-03+-3.0E+01 Ga 71 (n,a    ) Cu 68m 2.265E-04+-3.0E+01 Ga 72 (n,2n   ) Ga 71  2.142E-01+-4.0E+01 Ga 72 (n,na   ) Cu 68  1.063E-04+-1.2E+02
  Ga 72 (n,na   ) Cu 68m 4.109E-05+-1.2E+02 Ga 72 (n,np   ) Zn 71  1.530E-04+-1.2E+02 Ga 72 (n,np   ) Zn 71m 3.780E-04+-1.2E+02 Ga 72 (n,nd   ) Zn 70  4.759E-09+-6.0E+01
  Ga 72 (n,g    ) Ga 73  2.556E+00+-2.7E+02 Ga 72 (n,p    ) Zn 72  2.934E-03+-5.0E+01 Ga 72 (n,d    ) Zn 71  3.181E-04+-1.2E+02 Ga 72 (n,d    ) Zn 71m 4.133E-04+-1.2E+02
  Ga 72 (n,t    ) Zn 70  4.133E-04+-6.0E+01 Ga 72 (n,a    ) Cu 69  8.347E-04+-6.0E+01 Ga 72 (n,pa   ) Ni 68  6.927E-12+-2.0E+02 Ge 68 (n,2n   ) Ge 67  4.663E-03+-4.0E+01
  Ge 68 (n,na   ) Zn 64  1.031E-02+-1.0E+02 Ge 68 (n,np   ) Ga 67  1.193E-01+-1.0E+02 Ge 68 (n,g    ) Ge 69  3.819E-01+-7.7E+02 Ge 68 (n,p    ) Ga 68  5.573E-02+-5.0E+01
  Ge 68 (n,d    ) Ga 67  1.502E-03+-1.0E+02 Ge 68 (n,t    ) Ga 66  9.579E-07+-6.0E+01 Ge 68 (n,h    ) Zn 66  3.565E-06+-9.0E+01 Ge 68 (n,a    ) Zn 65  2.227E-02+-6.0E+01
  Ge 68 (n,2a   ) Ni 61  1.762E-05+-2.0E+02 Ge 68 (n,2p   ) Zn 67  3.371E-03+-2.0E+02 Ge 68 (n,pa   ) Cu 64  8.024E-05+-2.0E+02 Ge 68 (n,pd   ) Zn 66  5.236E-09+-2.0E+02
  Ge 69 (n,2n   ) Ge 68  7.979E-02+-4.0E+01 Ge 69 (n,na   ) Zn 65  9.919E-03+-1.0E+02 Ge 69 (n,2na  ) Zn 64  1.249E-12+-2.0E+02 Ge 69 (n,np   ) Ga 68  5.462E-02+-1.0E+02
  Ge 69 (n,nd   ) Ga 67  3.436E-12+-6.0E+01 Ge 69 (n,g    ) Ge 70  1.948E+00+-4.1E+02 Ge 69 (n,p    ) Ga 69  2.697E+00+-5.0E+01 Ge 69 (n,d    ) Ga 68  1.461E-03+-1.0E+02
  Ge 69 (n,t    ) Ga 67  1.249E-04+-6.0E+01 Ge 69 (n,h    ) Zn 67  3.810E-07+-9.0E+01 Ge 69 (n,a    ) Zn 66  3.579E-01+-6.0E+01 Ge 69 (n,2a   ) Ni 62  9.745E-05+-2.0E+02
  Ge 69 (n,2p   ) Zn 68  2.259E-03+-2.0E+02 Ge 69 (n,pa   ) Cu 65  1.559E-04+-2.0E+02 Ge 69 (n,pd   ) Zn 67  4.643E-12+-2.0E+02 Ge 70 (n,2n   ) Ge 69  7.536E-02+-1.0E+01
  Ge 70 (n,na   ) Zn 66  7.144E-03+-1.0E+02 Ge 70 (n,np   ) Ga 69  2.359E-02+-1.0E+02 Ge 70 (n,g    ) Ge 71  1.845E-01+-7.8E+01 Ge 70 (n,g    ) Ge 71m 6.182E-02+-7.8E+01
  Ge 70 (n,p    ) Ga 70  1.564E-02+-2.0E+01 Ge 70 (n,d    ) Ga 69  8.430E-04+-1.0E+02 Ge 70 (n,t    ) Ga 68  4.880E-07+-4.0E+01 Ge 70 (n,h    ) Zn 68  2.764E-08+-9.0E+01
  Ge 70 (n,a    ) Zn 67  6.169E-03+-6.0E+01 Ge 70 (n,2a   ) Ni 63  1.889E-08+-2.0E+02 Ge 70 (n,2p   ) Zn 69  3.437E-07+-2.1E+02 Ge 70 (n,2p   ) Zn 69m 4.289E-07+-2.1E+02
  Ge 70 (n,pa   ) Cu 66  2.449E-08+-2.0E+02 Ge 71 (n,2n   ) Ge 70  1.888E-01+-4.0E+01 Ge 71 (n,na   ) Zn 67  2.152E-03+-1.0E+02 Ge 71 (n,2na  ) Zn 66  3.639E-12+-2.0E+02
  Ge 71 (n,np   ) Ga 70  7.901E-03+-1.0E+02 Ge 71 (n,g    ) Ge 72  1.224E+00+-6.0E+02 Ge 71 (n,p    ) Ga 71  1.108E-02+-5.0E+01 Ge 71 (n,d    ) Ga 70  8.746E-04+-1.0E+02
  Ge 71 (n,t    ) Ga 69  9.993E-05+-6.0E+01 Ge 71 (n,h    ) Zn 69  1.037E-09+-1.1E+02 Ge 71 (n,h    ) Zn 69m 6.218E-10+-1.1E+02 Ge 71 (n,a    ) Zn 68  1.879E-02+-6.0E+01
  Ge 71 (n,2a   ) Ni 64  2.777E-07+-2.0E+02 Ge 71 (n,2p   ) Zn 70  2.551E-06+-2.0E+02 Ge 71 (n,pa   ) Cu 67  2.093E-07+-2.0E+02 Ge 72 (n,2n   ) Ge 71  4.925E-02+-7.2E+01
  Ge 72 (n,2n   ) Ge 71m 1.001E-01+-7.2E+01 Ge 72 (n,na   ) Zn 68  3.030E-04+-1.0E+02 Ge 72 (n,np   ) Ga 71  8.024E-04+-1.0E+02 Ge 72 (n,g    ) Ge 73  4.587E-02+-7.8E+01
  Ge 72 (n,g    ) Ge 73m 4.350E-02+-7.8E+01 Ge 72 (n,p    ) Ga 72  5.358E-03+-6.3E+01 Ge 72 (n,p    ) Ga 72m 1.257E-03+-6.3E+01 Ge 72 (n,d    ) Ga 71  3.347E-04+-1.0E+02
  Ge 72 (n,t    ) Ga 70  2.336E-07+-6.0E+01 Ge 72 (n,h    ) Zn 70  3.363E-12+-9.0E+01 Ge 72 (n,a    ) Zn 69  1.116E-03+-3.0E+01 Ge 72 (n,a    ) Zn 69m 1.142E-03+-2.0E+01
  Ge 72 (n,2a   ) Ni 65  1.027E-12+-2.0E+02 Ge 73 (n,n    ) Ge 73m 3.364E-02+-1.0E+02 Ge 73 (n,2n   ) Ge 72  2.156E-01+-4.0E+01 Ge 73 (n,na   ) Zn 69  6.598E-05+-1.2E+02
  Ge 73 (n,na   ) Zn 69m 1.221E-04+-1.2E+02 Ge 73 (n,np   ) Ga 72  3.778E-04+-1.2E+02 Ge 73 (n,np   ) Ga 72m 6.150E-05+-1.2E+02 Ge 73 (n,g    ) Ge 74  2.520E+00+-2.0E+01
  Ge 73 (n,p    ) Ga 73  3.313E-03+-2.0E+01 Ge 73 (n,d    ) Ga 72  1.942E-04+-1.2E+02 Ge 73 (n,d    ) Ga 72m 4.555E-05+-1.2E+02 Ge 73 (n,t    ) Ga 71  4.909E-05+-6.0E+01
  Ge 73 (n,a    ) Zn 70  1.491E-03+-6.0E+01 Ge 73 (n,2a   ) Ni 66  5.098E-11+-2.0E+02 Ge 73 (n,2p   ) Zn 72  9.869E-11+-2.0E+02 Ge 73 (n,pa   ) Cu 69  2.430E-12+-2.0E+02
  Ge 74 (n,2n   ) Ge 73  1.634E-01+-4.0E+01 Ge 74 (n,2n   ) Ge 73m 6.866E-02+-2.0E+01 Ge 74 (n,na   ) Zn 70  1.258E-05+-1.0E+02 Ge 74 (n,np   ) Ga 73  3.096E-05+-1.0E+02
  Ge 74 (n,g    ) Ge 75  2.668E-02+-2.5E+01 Ge 74 (n,g    ) Ge 75m 1.349E-02+-2.4E+01 Ge 74 (n,p    ) Ga 74  1.830E-03+-6.3E+01 Ge 74 (n,p    ) Ga 74m 8.269E-04+-6.3E+01
  Ge 74 (n,d    ) Ga 73  8.009E-05+-1.0E+02 Ge 74 (n,t    ) Ga 72  1.118E-08+-8.5E+01 Ge 74 (n,t    ) Ga 72m 2.624E-09+-8.5E+01 Ge 74 (n,a    ) Zn 71  4.335E-04+-2.0E+01
  Ge 74 (n,a    ) Zn 71m 5.109E-04+-2.0E+01 Ge 76 (n,2n   ) Ge 75  5.908E-02+-4.0E+01 Ge 76 (n,2n   ) Ge 75m 1.457E-01+-2.0E+01 Ge 76 (n,na   ) Zn 72  2.726E-07+-6.0E+01
  Ge 76 (n,np   ) Ga 75  6.014E-07+-1.0E+02 Ge 76 (n,g    ) Ge 77  1.983E-02+-5.2E+01 Ge 76 (n,g    ) Ge 77m 2.944E-02+-3.3E+01 Ge 76 (n,p    ) Ga 76  3.941E-04+-2.0E+01
  Ge 76 (n,d    ) Ga 75  1.532E-05+-1.0E+02 Ge 76 (n,t    ) Ga 74  2.007E-10+-8.5E+01 Ge 76 (n,t    ) Ga 74m 3.603E-11+-8.5E+01 Ge 76 (n,a    ) Zn 73  5.919E-05+-6.7E+01
  Ge 76 (n,a    ) Zn 73m 1.776E-04+-6.7E+01 Ge 76 (n,a    ) Zn 73n 3.345E-05+-6.7E+01 Ge 77 (n,n    ) Ge 77m 8.177E-02+-1.0E+02 Ge 77 (n,2n   ) Ge 76  2.602E-01+-4.0E+01
  Ge 77 (n,na   ) Zn 73  1.788E-08+-1.2E+02 Ge 77 (n,na   ) Zn 73m 5.985E-08+-1.2E+02 Ge 77 (n,na   ) Zn 73n 5.363E-08+-1.2E+02 Ge 77 (n,np   ) Ga 76  7.466E-08+-1.0E+02
  Ge 77 (n,g    ) Ge 78  4.387E-01+-6.0E+02 Ge 77 (n,p    ) Ga 77  1.005E-03+-5.0E+01 Ge 77 (n,d    ) Ga 76  8.165E-06+-1.0E+02 Ge 77 (n,t    ) Ga 75  3.450E-06+-6.0E+01
  Ge 77 (n,a    ) Zn 74  2.642E-04+-6.0E+01 As 71 (n,2n   ) As 70  1.760E-02+-4.0E+01 As 71 (n,na   ) Ga 67  8.701E-03+-1.0E+02 As 71 (n,np   ) Ge 70  1.586E-01+-1.0E+02
  As 71 (n,npa  ) Zn 66  4.761E-11+-2.0E+02 As 71 (n,g    ) As 72  3.231E+00+-2.5E+02 As 71 (n,p    ) Ge 71  1.003E+00+-7.8E+01 As 71 (n,p    ) Ge 71m 1.505E+00+-7.8E+01
  As 71 (n,d    ) Ge 70  3.916E-03+-1.0E+02 As 71 (n,t    ) Ge 69  6.065E-05+-6.0E+01 As 71 (n,h    ) Ga 69  1.156E-06+-9.0E+01 As 71 (n,a    ) Ga 68  1.253E-02+-6.0E+01
  As 71 (n,2a   ) Cu 64  1.567E-06+-2.0E+02 As 71 (n,2p   ) Ga 70  3.681E-04+-2.0E+02 As 71 (n,pa   ) Zn 67  2.766E-04+-2.0E+02 As 71 (n,pd   ) Ga 69  5.193E-11+-2.0E+02
  As 71 (n,da   ) Zn 66  1.356E-09+-2.0E+02 As 72 (n,2n   ) As 71  9.720E-02+-4.0E+01 As 72 (n,na   ) Ga 68  3.604E-03+-1.0E+02 As 72 (n,np   ) Ge 71  2.343E-02+-1.2E+02
  As 72 (n,np   ) Ge 71m 4.758E-02+-1.2E+02 As 72 (n,nd   ) Ge 70  7.773E-07+-6.0E+01 As 72 (n,2np  ) Ge 70  9.135E-08+-2.0E+02 As 72 (n,g    ) As 73  8.948E+00+-1.6E+02
  As 72 (n,p    ) Ge 72  1.181E+01+-5.0E+01 As 72 (n,d    ) Ge 71  9.850E-04+-1.2E+02 As 72 (n,d    ) Ge 71m 1.477E-03+-1.2E+02 As 72 (n,t    ) Ge 70  7.844E-04+-6.0E+01
  As 72 (n,h    ) Ga 70  2.192E-07+-9.0E+01 As 72 (n,a    ) Ga 69  1.248E-01+-6.0E+01 As 72 (n,2a   ) Cu 65  7.397E-06+-2.0E+02 As 72 (n,2p   ) Ga 71  7.390E-05+-2.0E+02
  As 72 (n,pa   ) Zn 68  4.797E-04+-2.0E+02 As 72 (n,da   ) Zn 67  2.449E-12+-2.0E+02 As 73 (n,2n   ) As 72  1.031E-01+-4.0E+01 As 73 (n,na   ) Ga 69  2.055E-03+-1.0E+02
  As 73 (n,np   ) Ge 72  5.535E-02+-1.0E+02 As 73 (n,nd   ) Ge 71m 1.163E-09+-8.5E+01 As 73 (n,g    ) As 74  2.878E+00+-2.9E+02 As 73 (n,p    ) Ge 73  1.190E-02+-7.8E+01
  As 73 (n,p    ) Ge 73m 5.346E-03+-7.8E+01 As 73 (n,d    ) Ge 72  2.740E-03+-1.0E+02 As 73 (n,t    ) Ge 71  1.952E-05+-8.5E+01 As 73 (n,t    ) Ge 71m 2.928E-05+-8.5E+01
  As 73 (n,h    ) Ga 71  6.135E-09+-9.0E+01 As 73 (n,a    ) Ga 70  4.193E-03+-6.0E+01 As 73 (n,2a   ) Cu 66  3.726E-09+-2.0E+02 As 73 (n,2p   ) Ga 72  1.131E-07+-2.1E+02
  As 73 (n,2p   ) Ga 72m 1.842E-08+-2.1E+02 As 73 (n,pa   ) Zn 69  9.819E-08+-2.1E+02 As 73 (n,pa   ) Zn 69m 1.210E-07+-2.1E+02 As 74 (n,2n   ) As 73  1.802E-01+-4.0E+01
  As 74 (n,na   ) Ga 70  6.066E-04+-1.0E+02 As 74 (n,np   ) Ge 73  8.933E-03+-1.2E+02 As 74 (n,np   ) Ge 73m 1.084E-03+-1.2E+02 As 74 (n,nd   ) Ge 72  7.234E-08+-6.0E+01
  As 74 (n,2np  ) Ge 72  5.801E-11+-2.0E+02 As 74 (n,g    ) As 75  5.733E+00+-2.0E+02 As 74 (n,p    ) Ge 74  8.429E-01+-5.0E+01 As 74 (n,d    ) Ge 73  1.286E-03+-1.2E+02
  As 74 (n,d    ) Ge 73m 1.490E-04+-1.2E+02 As 74 (n,t    ) Ge 72  5.440E-04+-6.0E+01 As 74 (n,h    ) Ga 72  2.158E-11+-1.1E+02 As 74 (n,h    ) Ga 72m 5.062E-12+-1.1E+02
  As 74 (n,a    ) Ga 71  3.077E-03+-6.0E+01 As 74 (n,2a   ) Cu 67  8.086E-09+-2.0E+02 As 74 (n,2p   ) Ga 73  9.726E-08+-2.0E+02 As 74 (n,pa   ) Zn 70  1.799E-07+-2.0E+02
  As 75 (n,2n   ) As 74  1.615E-01+-1.0E+01 As 75 (n,na   ) Ga 71  1.516E-04+-1.0E+02 As 75 (n,np   ) Ge 74  5.871E-03+-1.0E+02 As 75 (n,g    ) As 76  1.841E+00+-8.8E+00
  As 75 (n,p    ) Ge 75  2.555E-03+-3.0E+01 As 75 (n,p    ) Ge 75m 2.119E-03+-3.0E+01 As 75 (n,d    ) Ge 74  1.611E-03+-1.0E+02 As 75 (n,t    ) Ge 73  1.601E-05+-8.5E+01
  As 75 (n,t    ) Ge 73m 2.282E-06+-8.5E+01 As 75 (n,a    ) Ga 72  1.492E-03+-6.3E+01 As 75 (n,a    ) Ga 72m 3.499E-04+-6.3E+01 As 75 (n,pa   ) Zn 71m 1.562E-12+-2.1E+02
  As 76 (n,2n   ) As 75  2.055E-01+-4.0E+01 As 76 (n,na   ) Ga 72  4.222E-05+-1.2E+02 As 76 (n,na   ) Ga 72m 6.872E-06+-1.2E+02 As 76 (n,np   ) Ge 75  6.754E-04+-1.2E+02
  As 76 (n,np   ) Ge 75m 9.703E-04+-1.2E+02 As 76 (n,nd   ) Ge 74  4.829E-09+-6.0E+01 As 76 (n,g    ) As 77  5.764E+00+-2.1E+02 As 76 (n,p    ) Ge 76  4.695E-03+-5.0E+01
  As 76 (n,d    ) Ge 75  4.795E-04+-1.2E+02 As 76 (n,d    ) Ge 75m 4.758E-04+-1.2E+02 As 76 (n,t    ) Ge 74  3.881E-04+-6.0E+01 As 76 (n,a    ) Ga 73  1.085E-03+-6.0E+01
  As 76 (n,2p   ) Ga 75  4.005E-12+-2.0E+02 As 76 (n,pa   ) Zn 72  2.447E-11+-2.0E+02 As 77 (n,2n   ) As 76  1.917E-01+-4.0E+01 As 77 (n,na   ) Ga 73  8.278E-06+-1.0E+02
  As 77 (n,np   ) Ge 76  4.932E-04+-1.0E+02 As 77 (n,g    ) As 78  1.742E+00+-3.6E+02 As 77 (n,p    ) Ge 77  1.842E-03+-7.8E+01 As 77 (n,p    ) Ge 77m 6.136E-04+-7.8E+01
  As 77 (n,d    ) Ge 76  9.134E-04+-1.0E+02 As 77 (n,t    ) Ge 75  6.822E-06+-8.5E+01 As 77 (n,t    ) Ge 75m 4.510E-06+-8.5E+01 As 77 (n,a    ) Ga 74  4.578E-04+-8.5E+01
  As 77 (n,a    ) Ga 74m 2.093E-04+-8.5E+01 Se 72 (n,2n   ) Se 71  8.301E-04+-4.0E+01 Se 72 (n,na   ) Ge 68  4.875E-03+-1.0E+02 Se 72 (n,np   ) As 71  1.139E-01+-1.0E+02
  Se 72 (n,n2p  ) Ge 70  5.241E-11+-2.0E+02 Se 72 (n,g    ) Se 73  1.529E-01+-7.8E+01 Se 72 (n,g    ) Se 73m 3.562E-01+-7.8E+01 Se 72 (n,p    ) As 72  7.817E-02+-5.0E+01
  Se 72 (n,d    ) As 71  1.383E-03+-1.0E+02 Se 72 (n,t    ) As 70  2.180E-07+-6.0E+01 Se 72 (n,h    ) Ge 70  4.338E-06+-9.0E+01 Se 72 (n,a    ) Ge 69  1.952E-02+-6.0E+01
  Se 72 (n,2a   ) Zn 65  3.182E-05+-2.0E+02 Se 72 (n,2p   ) Ge 71  7.435E-03+-2.1E+02 Se 72 (n,2p   ) Ge 71m 1.510E-02+-2.1E+02 Se 72 (n,pa   ) Ga 68  2.263E-04+-2.0E+02
  Se 72 (n,pd   ) Ge 70  2.873E-08+-2.0E+02 Se 73 (n,n    ) Se 73m 1.993E-01+-1.0E+02 Se 73 (n,2n   ) Se 72  6.266E-02+-4.0E+01 Se 73 (n,na   ) Ge 69  4.423E-03+-1.0E+02
  Se 73 (n,np   ) As 72  6.539E-02+-1.0E+02 Se 73 (n,g    ) Se 74  4.651E+00+-2.6E+02 Se 73 (n,p    ) As 73  4.172E+00+-5.0E+01 Se 73 (n,d    ) As 72  1.272E-03+-1.0E+02
  Se 73 (n,t    ) As 71  8.961E-05+-6.0E+01 Se 73 (n,h    ) Ge 71  4.010E-07+-1.1E+02 Se 73 (n,h    ) Ge 71m 6.015E-07+-1.1E+02 Se 73 (n,a    ) Ge 70  1.009E-01+-6.0E+01
  Se 73 (n,2a   ) Zn 66  8.742E-05+-2.0E+02 Se 73 (n,2p   ) Ge 72  8.595E-03+-2.0E+02 Se 73 (n,pa   ) Ga 69  4.181E-04+-2.0E+02 Se 73 (n,pd   ) Ge 71  4.361E-11+-2.1E+02
  Se 73 (n,pd   ) Ge 71m 8.855E-11+-2.1E+02 Se 74 (n,2n   ) Se 73  2.127E-02+-2.0E+01 Se 74 (n,2n   ) Se 73m 2.429E-02+-2.0E+01 Se 74 (n,na   ) Ge 70  2.559E-03+-1.0E+02
  Se 74 (n,np   ) As 73  5.894E-02+-1.0E+02 Se 74 (n,g    ) Se 75  1.530E+01+-1.1E+01 Se 74 (n,p    ) As 74  2.791E-02+-1.5E+01 Se 74 (n,d    ) As 73  6.656E-04+-1.0E+02
  Se 74 (n,t    ) As 72  3.849E-08+-6.0E+01 Se 74 (n,h    ) Ge 72  8.418E-08+-9.0E+01 Se 74 (n,a    ) Ge 71  2.308E-03+-8.5E+01 Se 74 (n,a    ) Ge 71m 3.461E-03+-8.5E+01
  Se 74 (n,2a   ) Zn 67  4.131E-08+-2.0E+02 Se 74 (n,2p   ) Ge 73  3.030E-05+-2.1E+02 Se 74 (n,2p   ) Ge 73m 3.577E-06+-2.1E+02 Se 74 (n,pa   ) Ga 70  5.962E-08+-2.0E+02
  Se 75 (n,2n   ) Se 74  1.635E-01+-4.0E+01 Se 75 (n,na   ) Ge 71  2.904E-04+-1.2E+02 Se 75 (n,na   ) Ge 71m 5.895E-04+-1.2E+02 Se 75 (n,np   ) As 74  8.577E-03+-1.0E+02
  Se 75 (n,g    ) Se 76  2.628E+01+-3.2E+01 Se 75 (n,p    ) As 75  2.018E-02+-5.0E+01 Se 75 (n,d    ) As 74  6.015E-04+-1.0E+02 Se 75 (n,t    ) As 73  3.273E-05+-6.0E+01
  Se 75 (n,h    ) Ge 73  3.277E-09+-1.1E+02 Se 75 (n,h    ) Ge 73m 3.751E-10+-1.1E+02 Se 75 (n,a    ) Ge 72  2.694E-02+-6.0E+01 Se 75 (n,2a   ) Zn 68  2.088E-07+-2.0E+02
  Se 75 (n,2p   ) Ge 74  1.899E-04+-2.0E+02 Se 75 (n,pa   ) Ga 71  2.904E-07+-2.0E+02 Se 76 (n,2n   ) Se 75  1.193E-01+-2.0E+01 Se 76 (n,na   ) Ge 72  1.623E-04+-1.0E+02
  Se 76 (n,np   ) As 75  1.827E-03+-1.0E+02 Se 76 (n,g    ) Se 77  4.171E+00+-4.4E+01 Se 76 (n,g    ) Se 77m 1.457E+00+-1.5E+01 Se 76 (n,p    ) As 76  9.622E-03+-2.0E+01
  Se 76 (n,d    ) As 75  3.164E-04+-1.0E+02 Se 76 (n,t    ) As 74  7.661E-09+-6.0E+01 Se 76 (n,h    ) Ge 74  9.839E-11+-9.0E+01 Se 76 (n,a    ) Ge 73  2.112E-03+-8.5E+01
  Se 76 (n,a    ) Ge 73m 7.200E-04+-8.5E+01 Se 76 (n,2p   ) Ge 75  1.196E-09+-2.1E+02 Se 76 (n,2p   ) Ge 75m 2.056E-09+-2.1E+02 Se 77 (n,n    ) Se 77m 4.067E-01+-4.0E+01
  Se 77 (n,2n   ) Se 76  2.019E-01+-4.0E+01 Se 77 (n,na   ) Ge 73  1.146E-04+-1.2E+02 Se 77 (n,na   ) Ge 73m 1.329E-05+-1.2E+02 Se 77 (n,np   ) As 76  8.038E-04+-1.0E+02
  Se 77 (n,g    ) Se 78  3.221E+00+-1.6E+01 Se 77 (n,p    ) As 77  7.198E-03+-3.0E+01 Se 77 (n,d    ) As 76  6.104E-04+-1.0E+02 Se 77 (n,t    ) As 75  2.069E-05+-6.0E+01
  Se 77 (n,a    ) Ge 74  5.930E-03+-5.9E+01 Se 77 (n,2a   ) Zn 70  1.392E-11+-2.0E+02 Se 77 (n,2p   ) Ge 76  7.289E-08+-2.0E+02 Se 77 (n,pa   ) Ga 73  1.542E-11+-2.0E+02
  Se 78 (n,2n   ) Se 77  4.066E-02+-2.0E+01 Se 78 (n,2n   ) Se 77m 1.088E-01+-2.0E+01 Se 78 (n,na   ) Ge 74  1.622E-05+-1.0E+02 Se 78 (n,np   ) As 77  1.399E-04+-1.0E+02
  Se 78 (n,g    ) Se 79  1.898E-02+-3.8E+01 Se 78 (n,g    ) Se 79m 1.402E-01+-8.0E+01 Se 78 (n,p    ) As 78  2.648E-03+-1.5E+01 Se 78 (n,d    ) As 77  1.213E-04+-1.0E+02
  Se 78 (n,t    ) As 76  1.667E-09+-6.0E+01 Se 78 (n,a    ) Ge 75  3.765E-04+-3.0E+01 Se 78 (n,a    ) Ge 75m 6.368E-04+-3.0E+01 Se 79 (n,n    ) Se 79m 7.480E-02+-1.0E+02
  Se 79 (n,2n   ) Se 78  2.161E-01+-4.0E+01 Se 79 (n,na   ) Ge 75  3.976E-06+-1.2E+02 Se 79 (n,na   ) Ge 75m 6.949E-06+-1.2E+02 Se 79 (n,np   ) As 78  4.457E-05+-1.0E+02
  Se 79 (n,g    ) Se 80  1.327E+00+-4.6E+02 Se 79 (n,p    ) As 79  2.671E-03+-5.0E+01 Se 79 (n,d    ) As 78  1.020E-04+-1.0E+02 Se 79 (n,t    ) As 77  9.745E-06+-6.0E+01
  Se 79 (n,a    ) Ge 76  8.322E-04+-6.0E+01 Se 80 (n,2n   ) Se 79  1.481E-01+-2.0E+01 Se 80 (n,2n   ) Se 79m 2.690E-02+-2.0E+01 Se 80 (n,na   ) Ge 76  9.953E-07+-1.0E+02
  Se 80 (n,np   ) As 79  3.767E-06+-1.0E+02 Se 80 (n,g    ) Se 81  5.665E-02+-3.2E+01 Se 80 (n,g    ) Se 81m 1.035E-02+-4.5E+01 Se 80 (n,p    ) As 80  1.518E-03+-3.0E+01
  Se 80 (n,d    ) As 79  2.824E-05+-1.0E+02 Se 80 (n,t    ) As 78  5.890E-10+-6.0E+01 Se 80 (n,a    ) Ge 77  2.920E-04+-2.0E+01 Se 80 (n,a    ) Ge 77m 1.669E-04+-1.0E+01
  Se 82 (n,2n   ) Se 81  6.928E-02+-2.0E+01 Se 82 (n,2n   ) Se 81m 1.685E-01+-1.0E+01 Se 82 (n,na   ) Ge 78  2.684E-08+-1.0E+02 Se 82 (n,np   ) As 81  5.556E-08+-1.0E+02
  Se 82 (n,g    ) Se 83  9.635E-04+-3.0E+01 Se 82 (n,g    ) Se 83m 7.099E-03+-2.9E+01 Se 82 (n,p    ) As 82  4.174E-04+-7.8E+01 Se 82 (n,p    ) As 82m 4.522E-04+-7.8E+01
  Se 82 (n,d    ) As 81  4.363E-06+-1.0E+02 Se 82 (n,t    ) As 80  1.210E-11+-6.0E+01 Se 82 (n,a    ) Ge 79  7.511E-05+-8.5E+01 Se 82 (n,a    ) Ge 79m 1.510E-04+-8.5E+01
  Br 76 (n,n    ) Br 76m 7.539E-02+-1.0E+02 Br 76 (n,2n   ) Br 75  7.749E-02+-4.0E+01 Br 76 (n,na   ) As 72  8.924E-04+-1.0E+02 Br 76 (n,np   ) Se 75  1.079E-01+-1.0E+02
  Br 76 (n,nd   ) Se 74  1.230E-07+-6.0E+01 Br 76 (n,2np  ) Se 74  9.565E-10+-2.0E+02 Br 76 (n,g    ) Br 77  5.517E+00+-7.8E+01 Br 76 (n,g    ) Br 77m 1.840E+00+-7.8E+01
  Br 76 (n,p    ) Se 76  6.857E+00+-5.0E+01 Br 76 (n,d    ) Se 75  2.343E-03+-1.0E+02 Br 76 (n,t    ) Se 74  5.352E-04+-6.0E+01 Br 76 (n,h    ) As 74  9.605E-08+-9.0E+01
  Br 76 (n,a    ) As 73  3.775E-02+-6.0E+01 Br 76 (n,2a   ) Ga 69  3.075E-06+-2.0E+02 Br 76 (n,2p   ) As 75  2.533E-04+-2.0E+02 Br 76 (n,pa   ) Ge 72  1.265E-03+-2.0E+02
  Br 77 (n,n    ) Br 77m 2.953E-01+-1.0E+02 Br 77 (n,2n   ) Br 76  3.471E-02+-7.2E+01 Br 77 (n,2n   ) Br 76m 4.167E-02+-7.2E+01 Br 77 (n,na   ) As 73  7.777E-04+-1.0E+02
  Br 77 (n,np   ) Se 76  9.101E-02+-1.0E+02 Br 77 (n,g    ) Br 78  4.933E+00+-2.3E+02 Br 77 (n,p    ) Se 77  2.500E-01+-7.8E+01 Br 77 (n,p    ) Se 77m 3.524E-02+-7.8E+01
  Br 77 (n,d    ) Se 76  2.621E-03+-1.0E+02 Br 77 (n,t    ) Se 75  3.339E-05+-6.0E+01 Br 77 (n,h    ) As 75  1.715E-08+-9.0E+01 Br 77 (n,a    ) As 74  4.687E-03+-6.0E+01
  Br 77 (n,2a   ) Ga 70  2.993E-10+-2.0E+02 Br 77 (n,2p   ) As 76  2.868E-06+-2.0E+02 Br 77 (n,pa   ) Ge 73  7.978E-07+-2.1E+02 Br 77 (n,pa   ) Ge 73m 8.071E-08+-2.1E+02
  Br 79 (n,n    ) Br 79m 1.465E-01+-6.0E+01 Br 79 (n,2n   ) Br 78  1.279E-01+-2.0E+01 Br 79 (n,na   ) As 75  1.024E-04+-1.0E+02 Br 79 (n,np   ) Se 78  1.369E-02+-1.0E+02
  Br 79 (n,g    ) Br 80  2.900E+00+-1.0E+01 Br 79 (n,g    ) Br 80m 8.744E-01+-2.3E+01 Br 79 (n,p    ) Se 79  5.436E-03+-5.0E+01 Br 79 (n,p    ) Se 79m 1.750E-03+-5.0E+01
  Br 79 (n,d    ) Se 78  1.700E-03+-1.0E+02 Br 79 (n,t    ) Se 77  8.470E-06+-8.5E+01 Br 79 (n,t    ) Se 77m 1.146E-05+-8.5E+01 Br 79 (n,h    ) As 77  3.296E-11+-9.0E+01
  Br 79 (n,a    ) As 76  1.909E-03+-2.0E+01 Br 79 (n,2p   ) As 78  1.006E-10+-2.0E+02 Br 79 (n,pa   ) Ge 75  1.254E-10+-2.1E+02 Br 79 (n,pa   ) Ge 75m 1.932E-10+-2.1E+02
  Br 81 (n,2n   ) Br 80  6.732E-02+-3.0E+01 Br 81 (n,2n   ) Br 80m 1.118E-01+-3.0E+01 Br 81 (n,na   ) As 77  7.170E-06+-1.0E+02 Br 81 (n,np   ) Se 80  8.040E-04+-1.0E+02
  Br 81 (n,g    ) Br 82  1.490E-01+-2.7E+01 Br 81 (n,g    ) Br 82m 1.486E+00+-1.5E+01 Br 81 (n,p    ) Se 81  3.602E-03+-3.0E+01 Br 81 (n,p    ) Se 81m 2.419E-03+-3.0E+01
  Br 81 (n,d    ) Se 80  9.679E-04+-1.0E+02 Br 81 (n,t    ) Se 79  5.437E-06+-8.5E+01 Br 81 (n,t    ) Se 79m 1.675E-06+-8.5E+01 Br 81 (n,a    ) As 78  7.223E-04+-2.5E+01
  Br 82 (n,n    ) Br 82m 2.759E-01+-1.0E+02 Br 82 (n,2n   ) Br 81  2.177E-01+-4.0E+01 Br 82 (n,na   ) As 78  8.131E-07+-1.0E+02 Br 82 (n,np   ) Se 81  7.574E-05+-1.2E+02
  Br 82 (n,np   ) Se 81m 2.336E-04+-1.2E+02 Br 82 (n,nd   ) Se 80  2.860E-12+-6.0E+01 Br 82 (n,g    ) Br 83  4.159E+00+-2.3E+02 Br 82 (n,p    ) Se 82  2.476E-03+-5.0E+01
  Br 82 (n,d    ) Se 81  2.774E-04+-1.2E+02 Br 82 (n,d    ) Se 81m 2.362E-04+-1.2E+02 Br 82 (n,t    ) Se 80  1.632E-04+-6.0E+01 Br 82 (n,a    ) As 79  6.327E-04+-6.0E+01
  Kr 76 (n,2n   ) Kr 75  1.649E-03+-4.0E+01 Kr 76 (n,na   ) Se 72  1.400E-03+-1.0E+02 Kr 76 (n,np   ) Br 75  1.225E-01+-1.0E+02 Kr 76 (n,n2p  ) Se 74  9.025E-10+-2.0E+02
  Kr 76 (n,g    ) Kr 77  9.399E-01+-7.7E+02 Kr 76 (n,p    ) Br 76  1.357E-01+-7.8E+01 Kr 76 (n,p    ) Br 76m 5.121E-02+-7.8E+01 Kr 76 (n,d    ) Br 75  1.266E-03+-1.0E+02
  Kr 76 (n,t    ) Br 74  3.204E-08+-8.5E+01 Kr 76 (n,t    ) Br 74m 3.197E-08+-8.5E+01 Kr 76 (n,h    ) Se 74  4.837E-06+-9.0E+01 Kr 76 (n,a    ) Se 73  1.026E-02+-8.5E+01
  Kr 76 (n,a    ) Se 73m 8.709E-03+-8.5E+01 Kr 76 (n,2a   ) Ge 69  3.268E-06+-2.0E+02 Kr 76 (n,2p   ) Se 75  4.639E-02+-2.0E+02 Kr 76 (n,pa   ) As 72  1.640E-04+-2.0E+02
  Kr 76 (n,pd   ) Se 74  5.607E-08+-2.0E+02 Kr 78 (n,2n   ) Kr 77  4.303E-02+-3.0E+01 Kr 78 (n,na   ) Se 74  7.735E-04+-1.0E+02 Kr 78 (n,np   ) Br 77  3.055E-02+-1.2E+02
  Kr 78 (n,np   ) Br 77m 5.063E-02+-1.2E+02 Kr 78 (n,g    ) Kr 79  9.037E-01+-4.5E+01 Kr 78 (n,g    ) Kr 79m 2.713E-02+-3.2E+01 Kr 78 (n,p    ) Br 78  2.656E-02+-5.0E+01
  Kr 78 (n,d    ) Br 77  2.550E-04+-1.2E+02 Kr 78 (n,d    ) Br 77m 4.146E-04+-1.2E+02 Kr 78 (n,t    ) Br 76  1.842E-08+-8.5E+01 Kr 78 (n,t    ) Br 76m 1.230E-08+-8.5E+01
  Kr 78 (n,h    ) Se 76  1.341E-07+-9.0E+01 Kr 78 (n,a    ) Se 75  5.663E-03+-6.0E+01 Kr 78 (n,2a   ) Ge 71  1.158E-09+-2.1E+02 Kr 78 (n,2a   ) Ge 71m 2.351E-09+-2.1E+02
  Kr 78 (n,2p   ) Se 77  6.716E-05+-2.1E+02 Kr 78 (n,2p   ) Se 77m 1.380E-04+-2.1E+02 Kr 78 (n,pa   ) As 74  7.262E-08+-2.0E+02 Kr 79 (n,n    ) Kr 79m 3.364E-01+-1.0E+02
  Kr 79 (n,2n   ) Kr 78  1.545E-01+-4.0E+01 Kr 79 (n,na   ) Se 75  6.528E-04+-1.0E+02 Kr 79 (n,np   ) Br 78  1.513E-02+-1.0E+02 Kr 79 (n,g    ) Kr 80  3.915E+00+-3.8E+02
  Kr 79 (n,p    ) Br 79  2.630E-01+-8.6E+02 Kr 79 (n,p    ) Br 79m 9.783E-03+-9.2E+01 Kr 79 (n,d    ) Br 78  5.910E-04+-1.0E+02 Kr 79 (n,t    ) Br 77  1.189E-05+-8.5E+01
  Kr 79 (n,t    ) Br 77m 1.196E-05+-8.5E+01 Kr 79 (n,h    ) Se 77  7.400E-09+-1.1E+02 Kr 79 (n,h    ) Se 77m 1.025E-08+-1.1E+02 Kr 79 (n,a    ) Se 76  1.692E-02+-6.0E+01
  Kr 79 (n,2a   ) Ge 72  1.448E-07+-2.0E+02 Kr 79 (n,2p   ) Se 78  1.225E-03+-2.0E+02 Kr 79 (n,pa   ) As 75  8.669E-07+-2.0E+02 Kr 80 (n,2n   ) Kr 79  5.434E-02+-3.0E+01
  Kr 80 (n,2n   ) Kr 79m 5.700E-02+-3.0E+01 Kr 80 (n,na   ) Se 76  1.411E-04+-1.0E+02 Kr 80 (n,np   ) Br 79  2.681E-03+-1.2E+02 Kr 80 (n,np   ) Br 79m 2.320E-03+-1.2E+02
  Kr 80 (n,g    ) Kr 81  1.414E+00+-3.5E+01 Kr 80 (n,g    ) Kr 81m 9.285E-01+-3.5E+01 Kr 80 (n,p    ) Br 80  4.990E-03+-7.8E+01 Kr 80 (n,p    ) Br 80m 1.079E-02+-7.8E+01
  Kr 80 (n,d    ) Br 79  1.870E-04+-1.2E+02 Kr 80 (n,d    ) Br 79m 1.539E-04+-1.2E+02 Kr 80 (n,t    ) Br 78  2.752E-09+-6.0E+01 Kr 80 (n,h    ) Se 78  9.121E-10+-9.0E+01
  Kr 80 (n,a    ) Se 77  1.153E-03+-8.5E+01 Kr 80 (n,a    ) Se 77m 2.188E-03+-8.5E+01 Kr 80 (n,2p   ) Se 79  2.052E-07+-2.1E+02 Kr 80 (n,2p   ) Se 79m 4.619E-08+-2.1E+02
  Kr 80 (n,pa   ) As 76  3.949E-12+-2.0E+02 Kr 81 (n,n    ) Kr 81m 7.323E-02+-1.0E+02 Kr 81 (n,2n   ) Kr 80  1.885E-01+-4.0E+01 Kr 81 (n,na   ) Se 77  2.064E-05+-1.2E+02
  Kr 81 (n,na   ) Se 77m 6.092E-05+-1.2E+02 Kr 81 (n,np   ) Br 80  1.132E-03+-1.2E+02 Kr 81 (n,np   ) Br 80m 1.491E-03+-1.2E+02 Kr 81 (n,g    ) Kr 82  3.272E+00+-4.3E+02
  Kr 81 (n,p    ) Br 81  7.279E-03+-5.0E+01 Kr 81 (n,d    ) Br 80  1.541E-04+-1.2E+02 Kr 81 (n,d    ) Br 80m 1.776E-04+-1.2E+02 Kr 81 (n,t    ) Br 79  7.715E-06+-8.5E+01
  Kr 81 (n,t    ) Br 79m 4.767E-06+-8.5E+01 Kr 81 (n,h    ) Se 79  2.677E-11+-1.1E+02 Kr 81 (n,h    ) Se 79m 5.068E-12+-1.1E+02 Kr 81 (n,a    ) Se 78  2.349E-03+-6.0E+01
  Kr 81 (n,2a   ) Ge 74  4.927E-11+-2.0E+02 Kr 81 (n,2p   ) Se 80  2.285E-06+-2.0E+02 Kr 81 (n,pa   ) As 77  2.458E-10+-2.0E+02 Kr 82 (n,2n   ) Kr 81  1.307E-01+-3.0E+01
  Kr 82 (n,2n   ) Kr 81m 3.550E-02+-3.0E+01 Kr 82 (n,na   ) Se 78  9.396E-06+-1.0E+02 Kr 82 (n,np   ) Br 81  3.656E-04+-1.0E+02 Kr 82 (n,g    ) Kr 83  1.323E+00+-7.1E+01
  Kr 82 (n,g    ) Kr 83m 2.644E+00+-7.0E+01 Kr 82 (n,p    ) Br 82  1.572E-03+-6.7E+01 Kr 82 (n,p    ) Br 82m 2.111E-03+-6.7E+01 Kr 82 (n,d    ) Br 81  1.449E-04+-1.0E+02
  Kr 82 (n,t    ) Br 80  4.245E-10+-8.5E+01 Kr 82 (n,t    ) Br 80m 3.468E-10+-8.5E+01 Kr 82 (n,a    ) Se 79  1.143E-03+-8.5E+01 Kr 82 (n,a    ) Se 79m 3.792E-04+-8.5E+01
  Kr 82 (n,2p   ) Se 81m 1.512E-12+-2.1E+02 Kr 83 (n,n    ) Kr 83m 8.233E-02+-1.0E+02 Kr 83 (n,2n   ) Kr 82  2.038E-01+-4.0E+01 Kr 83 (n,na   ) Se 79  6.009E-06+-1.2E+02
  Kr 83 (n,na   ) Se 79m 6.748E-07+-1.2E+02 Kr 83 (n,np   ) Br 82  1.415E-04+-1.2E+02 Kr 83 (n,np   ) Br 82m 6.194E-05+-1.2E+02 Kr 83 (n,g    ) Kr 84  1.569E+01+-1.7E+01
  Kr 83 (n,p    ) Br 83  2.273E-03+-3.0E+01 Kr 83 (n,d    ) Br 82  7.707E-05+-1.2E+02 Kr 83 (n,d    ) Br 82m 9.350E-05+-1.2E+02 Kr 83 (n,t    ) Br 81  6.519E-06+-6.0E+01
  Kr 83 (n,a    ) Se 80  1.080E-03+-6.0E+01 Kr 83 (n,2p   ) Se 82  1.787E-10+-2.0E+02 Kr 84 (n,2n   ) Kr 83  1.439E-01+-7.2E+01 Kr 84 (n,2n   ) Kr 83m 4.063E-02+-7.2E+01
  Kr 84 (n,na   ) Se 80  4.250E-07+-1.0E+02 Kr 84 (n,np   ) Br 83  2.079E-05+-1.0E+02 Kr 84 (n,g    ) Kr 85  2.258E-02+-4.6E+01 Kr 84 (n,g    ) Kr 85m 1.004E-01+-4.6E+01
  Kr 84 (n,p    ) Br 84  1.424E-03+-3.0E+01 Kr 84 (n,p    ) Br 84m 8.479E-04+-3.0E+01 Kr 84 (n,d    ) Br 83  5.897E-05+-1.0E+02 Kr 84 (n,t    ) Br 82  3.501E-11+-8.5E+01
  Kr 84 (n,t    ) Br 82m 1.529E-10+-8.5E+01 Kr 84 (n,a    ) Se 81  2.265E-04+-8.5E+01 Kr 84 (n,a    ) Se 81m 4.488E-04+-8.5E+01 Kr 85 (n,n    ) Kr 85m 4.741E-02+-1.0E+02
  Kr 85 (n,2n   ) Kr 84  2.263E-01+-4.0E+01 Kr 85 (n,na   ) Se 81  4.609E-08+-1.2E+02 Kr 85 (n,na   ) Se 81m 2.011E-07+-1.2E+02 Kr 85 (n,np   ) Br 84  2.505E-06+-1.2E+02
  Kr 85 (n,np   ) Br 84m 2.323E-06+-1.2E+02 Kr 85 (n,g    ) Kr 86  1.399E-01+-1.8E+01 Kr 85 (n,p    ) Br 85  1.803E-03+-5.0E+01 Kr 85 (n,d    ) Br 84  1.662E-05+-1.2E+02
  Kr 85 (n,d    ) Br 84m 1.686E-05+-1.2E+02 Kr 85 (n,t    ) Br 83  2.200E-06+-6.0E+01 Kr 85 (n,a    ) Se 82  5.001E-04+-6.0E+01 Kr 86 (n,2n   ) Kr 85  1.576E-01+-3.0E+01
  Kr 86 (n,2n   ) Kr 85m 4.716E-02+-3.0E+01 Kr 86 (n,na   ) Se 82  1.276E-08+-1.0E+02 Kr 86 (n,np   ) Br 85  1.564E-07+-1.0E+02 Kr 86 (n,g    ) Kr 87  1.384E-03+-4.5E+01
  Kr 86 (n,p    ) Br 86  1.099E-03+-5.0E+01 Kr 86 (n,d    ) Br 85  5.649E-06+-1.0E+02 Kr 86 (n,t    ) Br 84  1.850E-12+-8.5E+01 Kr 86 (n,t    ) Br 84m 1.530E-12+-8.5E+01
  Kr 86 (n,a    ) Se 83  1.570E-05+-4.0E+01 Kr 86 (n,a    ) Se 83m 2.081E-05+-4.0E+01 Rb 82m(n,2n   ) Rb 81  4.678E-02+-7.2E+01 Rb 82m(n,2n   ) Rb 81m 1.305E-01+-7.2E+01
  Rb 82m(n,na   ) Br 78  1.631E-04+-1.0E+02 Rb 82m(n,np   ) Kr 81  3.133E-02+-1.2E+02 Rb 82m(n,np   ) Kr 81m 1.574E-03+-1.2E+02 Rb 82m(n,nd   ) Kr 80  1.601E-08+-6.0E+01
  Rb 82m(n,2np  ) Kr 80  2.094E-11+-2.0E+02 Rb 82m(n,g    ) Rb 83  6.209E+00+-2.9E+02 Rb 82m(n,p    ) Kr 82  1.409E+00+-5.0E+01 Rb 82m(n,d    ) Kr 81  1.492E-03+-1.2E+02
  Rb 82m(n,d    ) Kr 81m 8.031E-05+-1.2E+02 Rb 82m(n,t    ) Kr 80  2.196E-04+-6.0E+01 Rb 82m(n,h    ) Br 80  2.145E-09+-1.1E+02 Rb 82m(n,h    ) Br 80m 2.301E-09+-1.1E+02
  Rb 82m(n,a    ) Br 79  1.756E-03+-8.5E+01 Rb 82m(n,a    ) Br 79m 2.392E-03+-8.5E+01 Rb 82m(n,2a   ) As 75  3.188E-09+-2.0E+02 Rb 82m(n,2p   ) Br 81  1.791E-05+-2.0E+02
  Rb 82m(n,pa   ) Se 78  6.051E-05+-2.0E+02 Rb 83 (n,2n   ) Rb 82  4.844E-02+-7.2E+01 Rb 83 (n,2n   ) Rb 82m 8.122E-02+-7.2E+01 Rb 83 (n,na   ) Br 79  4.282E-05+-1.2E+02
  Rb 83 (n,na   ) Br 79m 3.555E-05+-1.2E+02 Rb 83 (n,np   ) Kr 82  2.930E-02+-1.0E+02 Rb 83 (n,g    ) Rb 84  8.592E+00+-7.8E+01 Rb 83 (n,g    ) Rb 84m 9.132E-01+-7.8E+01
  Rb 83 (n,p    ) Kr 83  8.178E-03+-7.8E+01 Rb 83 (n,p    ) Kr 83m 2.913E-03+-7.8E+01 Rb 83 (n,d    ) Kr 82  1.878E-03+-1.0E+02 Rb 83 (n,t    ) Kr 81  1.090E-05+-8.5E+01
  Rb 83 (n,t    ) Kr 81m 3.369E-06+-8.5E+01 Rb 83 (n,h    ) Br 81  3.226E-10+-9.0E+01 Rb 83 (n,a    ) Br 80  1.253E-03+-8.5E+01 Rb 83 (n,a    ) Br 80m 1.295E-03+-8.5E+01
  Rb 83 (n,2p   ) Br 82  2.602E-08+-2.1E+02 Rb 83 (n,2p   ) Br 82m 1.961E-08+-2.1E+02 Rb 83 (n,pa   ) Se 79  2.197E-09+-2.1E+02 Rb 83 (n,pa   ) Se 79m 4.174E-10+-2.1E+02
  Rb 84 (n,n    ) Rb 84m 1.098E-01+-1.0E+02 Rb 84 (n,2n   ) Rb 83  2.008E-01+-4.0E+01 Rb 84 (n,na   ) Br 80  5.281E-06+-1.2E+02 Rb 84 (n,na   ) Br 80m 7.088E-06+-1.2E+02
  Rb 84 (n,np   ) Kr 83  3.493E-03+-1.2E+02 Rb 84 (n,np   ) Kr 83m 1.033E-03+-1.2E+02 Rb 84 (n,nd   ) Kr 82  2.026E-10+-6.0E+01 Rb 84 (n,g    ) Rb 85  9.039E+00+-1.6E+02
  Rb 84 (n,p    ) Kr 84  9.192E-01+-2.9E+01 Rb 84 (n,d    ) Kr 83  5.954E-04+-1.2E+02 Rb 84 (n,d    ) Kr 83m 4.138E-04+-1.2E+02 Rb 84 (n,t    ) Kr 82  2.069E-04+-6.0E+01
  Rb 84 (n,h    ) Br 82  1.179E-12+-1.1E+02 Rb 84 (n,h    ) Br 82m 5.833E-12+-1.1E+02 Rb 84 (n,a    ) Br 81  1.749E-03+-6.0E+01 Rb 84 (n,2p   ) Br 83  4.135E-08+-2.0E+02
  Rb 84 (n,pa   ) Se 80  5.426E-08+-2.0E+02 Rb 85 (n,2n   ) Rb 84  9.932E-02+-1.0E+01 Rb 85 (n,2n   ) Rb 84m 7.064E-02+-3.0E+01 Rb 85 (n,na   ) Br 81  3.093E-06+-1.0E+02
  Rb 85 (n,np   ) Kr 84  2.563E-03+-1.0E+02 Rb 85 (n,g    ) Rb 86  2.129E-01+-1.8E+01 Rb 85 (n,g    ) Rb 86m 2.931E-02+-1.0E+01 Rb 85 (n,p    ) Kr 85  3.003E-03+-2.0E+01
  Rb 85 (n,p    ) Kr 85m 7.785E-04+-2.0E+01 Rb 85 (n,d    ) Kr 84  1.011E-03+-1.0E+02 Rb 85 (n,t    ) Kr 83  1.253E-06+-8.5E+01 Rb 85 (n,t    ) Kr 83m 2.090E-06+-8.5E+01
  Rb 85 (n,a    ) Br 82  3.748E-04+-4.0E+01 Rb 85 (n,a    ) Br 82m 3.615E-04+-4.0E+01 Rb 86 (n,n    ) Rb 86m 8.075E-02+-1.0E+02 Rb 86 (n,2n   ) Rb 85  2.160E-01+-4.0E+01
  Rb 86 (n,na   ) Br 82  1.679E-07+-1.2E+02 Rb 86 (n,na   ) Br 82m 1.011E-07+-1.2E+02 Rb 86 (n,np   ) Kr 85  3.605E-04+-1.2E+02 Rb 86 (n,np   ) Kr 85m 7.285E-05+-1.2E+02
  Rb 86 (n,g    ) Rb 87  2.193E+00+-4.8E+01 Rb 86 (n,p    ) Kr 86  3.150E-03+-5.0E+01 Rb 86 (n,d    ) Kr 85  1.498E-04+-1.2E+02 Rb 86 (n,d    ) Kr 85m 2.424E-04+-1.2E+02
  Rb 86 (n,t    ) Kr 84  5.698E-05+-6.0E+01 Rb 86 (n,a    ) Br 83  8.167E-04+-6.0E+01 Rb 87 (n,2n   ) Rb 86  1.101E-01+-2.0E+01 Rb 87 (n,2n   ) Rb 86m 7.921E-02+-2.0E+01
  Rb 87 (n,na   ) Br 83  3.254E-08+-1.0E+02 Rb 87 (n,np   ) Kr 86  1.047E-04+-1.0E+02 Rb 87 (n,g    ) Rb 88  6.575E-02+-1.2E+01 Rb 87 (n,p    ) Kr 87  1.360E-03+-2.0E+01
  Rb 87 (n,d    ) Kr 86  4.566E-04+-1.0E+02 Rb 87 (n,t    ) Kr 85  9.134E-08+-8.5E+01 Rb 87 (n,t    ) Kr 85m 2.664E-07+-8.5E+01 Rb 87 (n,a    ) Br 84  2.391E-04+-3.0E+01
  Rb 87 (n,a    ) Br 84m 8.577E-05+-2.0E+01 Sr 82 (n,2n   ) Sr 81  1.689E-02+-4.0E+01 Sr 82 (n,na   ) Kr 78  5.987E-04+-1.0E+02 Sr 82 (n,np   ) Rb 81  5.684E-02+-1.2E+02
  Sr 82 (n,np   ) Rb 81m 5.777E-02+-1.2E+02 Sr 82 (n,g    ) Sr 83  6.462E-01+-7.8E+01 Sr 82 (n,g    ) Sr 83m 6.455E-01+-7.8E+01 Sr 82 (n,p    ) Rb 82  1.843E-02+-7.8E+01
  Sr 82 (n,p    ) Rb 82m 1.383E-02+-7.8E+01 Sr 82 (n,d    ) Rb 81  3.552E-04+-1.2E+02 Sr 82 (n,d    ) Rb 81m 3.463E-04+-1.2E+02 Sr 82 (n,t    ) Rb 80  1.450E-08+-6.0E+01
  Sr 82 (n,h    ) Kr 80  3.864E-07+-9.0E+01 Sr 82 (n,a    ) Kr 79  3.287E-03+-8.5E+01 Sr 82 (n,a    ) Kr 79m 5.903E-03+-8.5E+01 Sr 82 (n,2a   ) Se 75  2.004E-09+-2.0E+02
  Sr 82 (n,2p   ) Kr 81  2.263E-03+-2.1E+02 Sr 82 (n,2p   ) Kr 81m 2.448E-04+-2.1E+02 Sr 82 (n,pa   ) Br 78  2.615E-07+-2.0E+02 Sr 82 (n,pd   ) Kr 80  1.486E-11+-2.0E+02
  Sr 83 (n,n    ) Sr 83m 1.038E-01+-1.0E+02 Sr 83 (n,2n   ) Sr 82  1.210E-01+-4.0E+01 Sr 83 (n,na   ) Kr 79  8.153E-05+-1.2E+02 Sr 83 (n,na   ) Kr 79m 2.915E-04+-1.2E+02
  Sr 83 (n,np   ) Rb 82  6.893E-03+-1.2E+02 Sr 83 (n,np   ) Rb 82m 2.488E-02+-1.2E+02 Sr 83 (n,g    ) Sr 84  6.541E+00+-2.5E+02 Sr 83 (n,p    ) Rb 83  7.024E-01+-5.0E+01
  Sr 83 (n,d    ) Rb 82  1.282E-04+-1.2E+02 Sr 83 (n,d    ) Rb 82m 4.036E-04+-1.2E+02 Sr 83 (n,t    ) Rb 81  7.975E-06+-8.5E+01 Sr 83 (n,t    ) Rb 81m 4.819E-06+-8.5E+01
  Sr 83 (n,h    ) Kr 81  3.493E-08+-1.1E+02 Sr 83 (n,h    ) Kr 81m 1.567E-08+-1.1E+02 Sr 83 (n,a    ) Kr 80  7.867E-03+-6.0E+01 Sr 83 (n,2a   ) Se 76  9.379E-08+-2.0E+02
  Sr 83 (n,2p   ) Kr 82  2.823E-03+-2.0E+02 Sr 83 (n,pa   ) Br 79  2.761E-06+-2.1E+02 Sr 83 (n,pa   ) Br 79m 1.783E-06+-2.1E+02 Sr 84 (n,2n   ) Sr 83  7.455E-02+-6.7E+01
  Sr 84 (n,2n   ) Sr 83m 1.253E-02+-6.7E+01 Sr 84 (n,na   ) Kr 80  6.868E-05+-1.0E+02 Sr 84 (n,np   ) Rb 83  1.319E-02+-1.0E+02 Sr 84 (n,g    ) Sr 85  1.035E-01+-7.9E+01
  Sr 84 (n,g    ) Sr 85m 3.052E-01+-1.5E+01 Sr 84 (n,p    ) Rb 84  1.047E-02+-3.0E+01 Sr 84 (n,p    ) Rb 84m 1.003E-02+-3.0E+01 Sr 84 (n,d    ) Rb 83  3.242E-04+-1.0E+02
  Sr 84 (n,t    ) Rb 82  5.411E-10+-8.5E+01 Sr 84 (n,t    ) Rb 82m 4.219E-10+-8.5E+01 Sr 84 (n,h    ) Kr 82  5.853E-09+-9.0E+01 Sr 84 (n,a    ) Kr 81  2.963E-03+-8.5E+01
  Sr 84 (n,a    ) Kr 81m 9.948E-04+-8.5E+01 Sr 84 (n,2p   ) Kr 83  5.565E-06+-2.1E+02 Sr 84 (n,2p   ) Kr 83m 9.711E-07+-2.1E+02 Sr 84 (n,pa   ) Br 80  4.726E-11+-2.1E+02
  Sr 84 (n,pa   ) Br 80m 4.291E-11+-2.1E+02 Sr 85 (n,n    ) Sr 85m 6.884E-02+-1.0E+02 Sr 85 (n,2n   ) Sr 84  1.611E-01+-4.0E+01 Sr 85 (n,na   ) Kr 81  2.858E-05+-1.2E+02
  Sr 85 (n,na   ) Kr 81m 2.038E-06+-1.2E+02 Sr 85 (n,np   ) Rb 84  2.443E-03+-1.2E+02 Sr 85 (n,np   ) Rb 84m 2.297E-03+-1.2E+02 Sr 85 (n,g    ) Sr 86  4.514E+00+-2.7E+02
  Sr 85 (n,p    ) Rb 85  9.624E-03+-5.0E+01 Sr 85 (n,d    ) Rb 84  2.170E-04+-1.2E+02 Sr 85 (n,d    ) Rb 84m 1.487E-04+-1.2E+02 Sr 85 (n,t    ) Rb 83  3.643E-06+-6.0E+01
  Sr 85 (n,h    ) Kr 83  5.401E-11+-1.1E+02 Sr 85 (n,h    ) Kr 83m 1.683E-10+-1.1E+02 Sr 85 (n,a    ) Kr 82  2.806E-03+-6.0E+01 Sr 85 (n,2a   ) Se 78  3.620E-11+-2.0E+02
  Sr 85 (n,2p   ) Kr 84  3.631E-05+-2.0E+02 Sr 85 (n,pa   ) Br 81  7.069E-10+-2.0E+02 Sr 86 (n,2n   ) Sr 85  1.201E-01+-1.0E+01 Sr 86 (n,2n   ) Sr 85m 3.245E-02+-1.0E+01
  Sr 86 (n,na   ) Kr 82  2.671E-06+-1.0E+02 Sr 86 (n,np   ) Rb 85  9.086E-04+-1.0E+02 Sr 86 (n,g    ) Sr 87  4.341E-02+-3.3E+01 Sr 86 (n,g    ) Sr 87m 1.732E-01+-1.7E+01
  Sr 86 (n,p    ) Rb 86  6.110E-03+-3.0E+01 Sr 86 (n,p    ) Rb 86m 1.998E-03+-2.0E+01 Sr 86 (n,d    ) Rb 85  1.621E-04+-1.0E+02 Sr 86 (n,t    ) Rb 84  1.433E-10+-8.5E+01
  Sr 86 (n,t    ) Rb 84m 2.116E-11+-8.5E+01 Sr 86 (n,h    ) Kr 84  3.297E-12+-9.0E+01 Sr 86 (n,a    ) Kr 83  1.360E-03+-8.5E+01 Sr 86 (n,a    ) Kr 83m 4.534E-04+-8.5E+01
  Sr 86 (n,2p   ) Kr 85  7.665E-10+-2.1E+02 Sr 86 (n,2p   ) Kr 85m 3.138E-11+-2.1E+02 Sr 87 (n,n    ) Sr 87m 9.101E-02+-2.0E+01 Sr 87 (n,2n   ) Sr 86  1.832E-01+-4.0E+01
  Sr 87 (n,na   ) Kr 83  5.672E-07+-1.2E+02 Sr 87 (n,na   ) Kr 83m 6.347E-08+-1.2E+02 Sr 87 (n,np   ) Rb 86  1.572E-04+-1.2E+02 Sr 87 (n,np   ) Rb 86m 1.393E-04+-1.2E+02
  Sr 87 (n,g    ) Sr 88  2.577E+00+-1.8E+01 Sr 87 (n,p    ) Rb 87  2.128E-03+-3.0E+01 Sr 87 (n,d    ) Rb 86  1.125E-04+-1.2E+02 Sr 87 (n,d    ) Rb 86m 5.328E-05+-1.2E+02
  Sr 87 (n,t    ) Rb 85  8.198E-07+-6.0E+01 Sr 87 (n,a    ) Kr 84  1.332E-03+-6.0E+01 Sr 87 (n,2p   ) Kr 86  1.829E-09+-2.0E+02 Sr 88 (n,2n   ) Sr 87  1.054E-01+-3.0E+01
  Sr 88 (n,2n   ) Sr 87m 3.083E-02+-1.0E+01 Sr 88 (n,na   ) Kr 84  2.505E-08+-1.0E+02 Sr 88 (n,np   ) Rb 87  2.990E-05+-1.0E+02 Sr 88 (n,g    ) Sr 89  3.493E-03+-4.4E+01
  Sr 88 (n,p    ) Rb 88  1.881E-03+-2.0E+01 Sr 88 (n,d    ) Rb 87  4.340E-05+-1.0E+02 Sr 88 (n,t    ) Rb 86  1.841E-11+-8.5E+01 Sr 88 (n,a    ) Kr 85  3.799E-04+-3.0E+01
  Sr 88 (n,a    ) Kr 85m 1.892E-04+-3.0E+01 Sr 89 (n,2n   ) Sr 88  2.435E-01+-4.0E+01 Sr 89 (n,na   ) Kr 85  3.638E-07+-1.2E+02 Sr 89 (n,na   ) Kr 85m 3.608E-08+-1.2E+02
  Sr 89 (n,np   ) Rb 88  4.319E-06+-1.0E+02 Sr 89 (n,g    ) Sr 90  4.191E-02+-3.2E+01 Sr 89 (n,p    ) Rb 89  2.183E-03+-5.0E+01 Sr 89 (n,d    ) Rb 88  2.693E-05+-1.0E+02
  Sr 89 (n,t    ) Rb 87  8.298E-06+-6.0E+01 Sr 89 (n,a    ) Kr 86  6.662E-04+-6.0E+01 Sr 90 (n,2n   ) Sr 89  2.562E-01+-4.0E+01 Sr 90 (n,3n   ) Sr 88  5.768E-05+-8.0E+01
  Sr 90 (n,na   ) Kr 86  5.766E-06+-1.0E+02 Sr 90 (n,np   ) Rb 89  4.408E-07+-1.0E+02 Sr 90 (n,g    ) Sr 91  8.006E-03+-2.7E+01 Sr 90 (n,p    ) Rb 90  4.945E-04+-7.8E+01
  Sr 90 (n,p    ) Rb 90m 9.786E-04+-7.8E+01 Sr 90 (n,d    ) Rb 89  9.246E-06+-1.0E+02 Sr 90 (n,t    ) Rb 88  9.889E-08+-6.0E+01 Sr 90 (n,a    ) Kr 87  4.454E-04+-6.0E+01
  Sr 91 (n,2n   ) Sr 90  2.703E-01+-4.0E+01 Sr 91 (n,3n   ) Sr 89  2.088E-03+-8.0E+01 Sr 91 (n,na   ) Kr 87  6.721E-06+-1.0E+02 Sr 91 (n,np   ) Rb 90  5.049E-08+-1.2E+02
  Sr 91 (n,np   ) Rb 90m 1.386E-07+-1.2E+02 Sr 91 (n,g    ) Sr 92  2.394E-01+-7.6E+02 Sr 91 (n,p    ) Rb 91  1.201E-03+-5.0E+01 Sr 91 (n,d    ) Rb 90  4.790E-06+-1.2E+02
  Sr 91 (n,d    ) Rb 90m 4.783E-06+-1.2E+02 Sr 91 (n,t    ) Rb 89  4.573E-06+-6.0E+01 Sr 91 (n,a    ) Kr 88  3.327E-04+-6.0E+01 Y  86 (n,n    ) Y  86m 7.476E-02+-1.0E+02
  Y  86 (n,2n   ) Y  85  2.562E-02+-7.2E+01 Y  86 (n,2n   ) Y  85m 1.114E-01+-7.2E+01 Y  86 (n,na   ) Rb 82  1.571E-05+-1.2E+02 Y  86 (n,na   ) Rb 82m 4.586E-05+-1.2E+02
  Y  86 (n,np   ) Sr 85  5.815E-02+-1.2E+02 Y  86 (n,np   ) Sr 85m 8.603E-03+-1.2E+02 Y  86 (n,nd   ) Sr 84  1.503E-09+-6.0E+01 Y  86 (n,g    ) Y  87  1.193E+01+-7.8E+01
  Y  86 (n,g    ) Y  87m 3.980E+00+-7.8E+01 Y  86 (n,p    ) Sr 86  4.036E+00+-5.0E+01 Y  86 (n,d    ) Sr 85  1.324E-03+-1.2E+02 Y  86 (n,d    ) Sr 85m 4.986E-04+-1.2E+02
  Y  86 (n,t    ) Sr 84  2.617E-04+-6.0E+01 Y  86 (n,h    ) Rb 84  7.529E-09+-1.1E+02 Y  86 (n,h    ) Rb 84m 2.452E-09+-1.1E+02 Y  86 (n,a    ) Rb 83  4.494E-03+-6.0E+01
  Y  86 (n,2a   ) Br 79  5.351E-10+-2.1E+02 Y  86 (n,2a   ) Br 79m 3.058E-10+-2.1E+02 Y  86 (n,2p   ) Rb 85  7.052E-05+-2.0E+02 Y  86 (n,pa   ) Kr 82  7.919E-05+-2.0E+02
  Y  87 (n,n    ) Y  87m 1.882E-01+-1.0E+02 Y  87 (n,2n   ) Y  86  7.155E-02+-7.2E+01 Y  87 (n,2n   ) Y  86m 1.142E-02+-7.2E+01 Y  87 (n,na   ) Rb 83  1.607E-05+-1.0E+02
  Y  87 (n,np   ) Sr 86  7.142E-02+-1.0E+02 Y  87 (n,g    ) Y  88  2.809E+00+-3.7E+02 Y  87 (n,p    ) Sr 87  1.147E-02+-7.8E+01 Y  87 (n,p    ) Sr 87m 6.319E-02+-7.8E+01
  Y  87 (n,d    ) Sr 86  1.648E-03+-1.0E+02 Y  87 (n,t    ) Sr 85  1.579E-06+-8.5E+01 Y  87 (n,t    ) Sr 85m 1.982E-06+-8.5E+01 Y  87 (n,h    ) Rb 85  1.438E-10+-9.0E+01
  Y  87 (n,a    ) Rb 84  1.813E-03+-8.5E+01 Y  87 (n,a    ) Rb 84m 1.082E-03+-8.5E+01 Y  87 (n,2p   ) Rb 86  5.740E-07+-2.1E+02 Y  87 (n,2p   ) Rb 86m 2.200E-07+-2.1E+02
  Y  87 (n,pa   ) Kr 83  4.883E-09+-2.1E+02 Y  87 (n,pa   ) Kr 83m 6.839E-10+-2.1E+02 Y  87m(n,n    ) Y  87  4.307E-01+-1.0E+02 Y  87m(n,2n   ) Y  86  7.537E-02+-7.2E+01
  Y  87m(n,2n   ) Y  86m 3.564E-02+-7.2E+01 Y  87m(n,na   ) Rb 83  2.539E-05+-1.0E+02 Y  87m(n,np   ) Sr 86  6.859E-02+-1.0E+02 Y  87m(n,g    ) Y  88  2.538E+00+-3.2E+02
  Y  87m(n,p    ) Sr 87  5.509E-01+-7.8E+01 Y  87m(n,p    ) Sr 87m 5.564E-03+-7.8E+01 Y  87m(n,d    ) Sr 86  7.466E-04+-1.0E+02 Y  87m(n,t    ) Sr 85  2.687E-06+-8.5E+01
  Y  87m(n,t    ) Sr 85m 8.192E-07+-8.5E+01 Y  87m(n,h    ) Rb 85  1.329E-10+-9.0E+01 Y  87m(n,a    ) Rb 84  1.810E-03+-8.5E+01 Y  87m(n,a    ) Rb 84m 1.103E-03+-8.5E+01
  Y  87m(n,2p   ) Rb 86  5.765E-07+-2.1E+02 Y  87m(n,2p   ) Rb 86m 5.292E-07+-2.1E+02 Y  87m(n,pa   ) Kr 83  1.111E-08+-2.1E+02 Y  87m(n,pa   ) Kr 83m 8.504E-10+-2.1E+02
  Y  88 (n,2n   ) Y  87  4.983E-02+-3.0E+01 Y  88 (n,2n   ) Y  87m 1.381E-01+-3.0E+01 Y  88 (n,na   ) Rb 84  7.151E-07+-1.2E+02 Y  88 (n,na   ) Rb 84m 3.518E-07+-1.2E+02
  Y  88 (n,np   ) Sr 87  6.564E-03+-1.2E+02 Y  88 (n,np   ) Sr 87m 1.004E-03+-1.2E+02 Y  88 (n,g    ) Y  89  1.520E+00+-7.8E+01 Y  88 (n,g    ) Y  89m 5.070E-01+-7.8E+01
  Y  88 (n,p    ) Sr 88  1.124E-01+-5.0E+01 Y  88 (n,d    ) Sr 87  5.227E-04+-1.2E+02 Y  88 (n,d    ) Sr 87m 4.939E-04+-1.2E+02 Y  88 (n,t    ) Sr 86  8.417E-05+-6.0E+01
  Y  88 (n,h    ) Rb 86  1.698E-11+-1.1E+02 Y  88 (n,h    ) Rb 86m 1.467E-12+-1.1E+02 Y  88 (n,a    ) Rb 85  2.092E-03+-6.0E+01 Y  88 (n,2p   ) Rb 87  4.544E-07+-2.0E+02
  Y  88 (n,pa   ) Kr 84  1.175E-07+-2.0E+02 Y  89 (n,n    ) Y  89m 1.589E-01+-2.0E+01 Y  89 (n,2n   ) Y  88  1.340E-01+-1.0E+01 Y  89 (n,na   ) Rb 85  9.315E-08+-1.0E+02
  Y  89 (n,np   ) Sr 88  1.134E-02+-1.0E+02 Y  89 (n,g    ) Y  90  9.752E-02+-1.8E+01 Y  89 (n,g    ) Y  90m 3.230E-04+-3.6E+01 Y  89 (n,p    ) Sr 89  3.414E-03+-2.0E+01
  Y  89 (n,d    ) Sr 88  1.358E-03+-3.0E+01 Y  89 (n,t    ) Sr 87  6.439E-08+-8.5E+01 Y  89 (n,t    ) Sr 87m 2.590E-06+-4.0E+01 Y  89 (n,a    ) Rb 86  6.441E-04+-3.0E+01
  Y  89 (n,a    ) Rb 86m 2.477E-04+-2.0E+01 Y  90 (n,n    ) Y  90m 6.089E-02+-1.0E+02 Y  90 (n,2n   ) Y  89  7.221E-02+-7.2E+01 Y  90 (n,2n   ) Y  89m 1.717E-01+-7.2E+01
  Y  90 (n,na   ) Rb 86  2.311E-06+-1.2E+02 Y  90 (n,na   ) Rb 86m 8.221E-07+-1.2E+02 Y  90 (n,np   ) Sr 89  5.416E-04+-1.0E+02 Y  90 (n,nd   ) Sr 88  2.493E-09+-6.0E+01
  Y  90 (n,g    ) Y  91  4.192E-01+-7.8E+01 Y  90 (n,g    ) Y  91m 1.401E-01+-7.8E+01 Y  90 (n,p    ) Sr 90  3.805E-03+-5.0E+01 Y  90 (n,d    ) Sr 89  6.682E-04+-1.0E+02
  Y  90 (n,t    ) Sr 88  2.790E-04+-6.0E+01 Y  90 (n,a    ) Rb 87  1.080E-03+-6.0E+01 Y  90 (n,pa   ) Kr 86  1.851E-11+-2.0E+02 Y  91 (n,n    ) Y  91m 1.240E-01+-1.0E+02
  Y  91 (n,2n   ) Y  90  1.662E-01+-7.2E+01 Y  91 (n,2n   ) Y  90m 8.743E-02+-7.2E+01 Y  91 (n,na   ) Rb 87  5.232E-05+-1.0E+02 Y  91 (n,np   ) Sr 90  2.652E-04+-1.0E+02
  Y  91 (n,g    ) Y  92  1.280E-01+-3.1E+01 Y  91 (n,p    ) Sr 91  2.602E-03+-5.0E+01 Y  91 (n,d    ) Sr 90  6.725E-04+-1.0E+02 Y  91 (n,t    ) Sr 89  6.419E-05+-6.0E+01
  Y  91 (n,a    ) Rb 88  7.561E-04+-6.0E+01 Y  93 (n,2n   ) Y  92  2.541E-01+-4.0E+01 Y  93 (n,3n   ) Y  91  1.536E-04+-1.0E+02 Y  93 (n,3n   ) Y  91m 4.604E-06+-1.0E+02
  Y  93 (n,na   ) Rb 89  9.113E-06+-1.0E+02 Y  93 (n,np   ) Sr 92  5.657E-05+-1.0E+02 Y  93 (n,g    ) Y  94  6.525E-01+-6.9E+02 Y  93 (n,p    ) Sr 93  1.428E-03+-5.0E+01
  Y  93 (n,d    ) Sr 92  3.516E-04+-1.0E+02 Y  93 (n,t    ) Sr 91  3.770E-05+-6.0E+01 Y  93 (n,a    ) Rb 90  1.253E-04+-8.5E+01 Y  93 (n,a    ) Rb 90m 2.457E-04+-8.5E+01
  Zr 86 (n,2n   ) Zr 85  1.292E-02+-7.2E+01 Zr 86 (n,2n   ) Zr 85m 3.023E-03+-7.2E+01 Zr 86 (n,na   ) Sr 82  2.786E-04+-1.0E+02 Zr 86 (n,np   ) Y  85  4.269E-02+-1.2E+02
  Zr 86 (n,np   ) Y  85m 9.592E-02+-1.2E+02 Zr 86 (n,n2p  ) Sr 84  3.917E-12+-2.0E+02 Zr 86 (n,g    ) Zr 87  9.902E-01+-7.8E+01 Zr 86 (n,g    ) Zr 87m 6.605E-01+-7.8E+01
  Zr 86 (n,p    ) Y  86  9.877E-02+-7.8E+01 Zr 86 (n,p    ) Y  86m 5.073E-03+-7.8E+01 Zr 86 (n,d    ) Y  85  3.080E-04+-1.2E+02 Zr 86 (n,d    ) Y  85m 5.206E-04+-1.2E+02
  Zr 86 (n,t    ) Y  84  8.982E-09+-8.5E+01 Zr 86 (n,t    ) Y  84m 9.730E-09+-8.5E+01 Zr 86 (n,h    ) Sr 84  7.558E-07+-9.0E+01 Zr 86 (n,a    ) Sr 83  7.542E-03+-8.5E+01
  Zr 86 (n,a    ) Sr 83m 2.642E-03+-8.5E+01 Zr 86 (n,2a   ) Kr 79  6.719E-10+-2.1E+02 Zr 86 (n,2a   ) Kr 79m 1.948E-09+-2.1E+02 Zr 86 (n,2p   ) Sr 85  1.321E-02+-2.1E+02
  Zr 86 (n,2p   ) Sr 85m 3.364E-03+-2.1E+02 Zr 86 (n,pa   ) Rb 82  4.351E-07+-2.1E+02 Zr 86 (n,pa   ) Rb 82m 2.207E-06+-2.1E+02 Zr 86 (n,pd   ) Sr 84  8.543E-10+-2.0E+02
  Zr 88 (n,2n   ) Zr 87  5.260E-02+-6.7E+01 Zr 88 (n,2n   ) Zr 87m 2.691E-03+-6.7E+01 Zr 88 (n,na   ) Sr 84  2.760E-05+-1.0E+02 Zr 88 (n,np   ) Y  87  2.415E-02+-1.2E+02
  Zr 88 (n,np   ) Y  87m 3.303E-02+-1.2E+02 Zr 88 (n,g    ) Zr 89  4.040E-01+-7.8E+01 Zr 88 (n,g    ) Zr 89m 4.034E-01+-7.8E+01 Zr 88 (n,p    ) Y  88  2.290E-02+-5.0E+01
  Zr 88 (n,d    ) Y  87  2.454E-04+-1.2E+02 Zr 88 (n,d    ) Y  87m 2.713E-04+-1.2E+02 Zr 88 (n,t    ) Y  86  6.536E-10+-8.5E+01 Zr 88 (n,t    ) Y  86m 6.769E-11+-8.5E+01
  Zr 88 (n,h    ) Sr 86  1.525E-08+-9.0E+01 Zr 88 (n,a    ) Sr 85  3.425E-03+-8.5E+01 Zr 88 (n,a    ) Sr 85m 1.154E-03+-8.5E+01 Zr 88 (n,2p   ) Sr 87  3.740E-04+-2.1E+02
  Zr 88 (n,2p   ) Sr 87m 2.692E-05+-2.1E+02 Zr 88 (n,pa   ) Rb 84  2.484E-10+-2.1E+02 Zr 88 (n,pa   ) Rb 84m 2.986E-10+-2.1E+02 Zr 89 (n,n    ) Zr 89m 4.821E-02+-1.0E+02
  Zr 89 (n,2n   ) Zr 88  1.238E-01+-4.0E+01 Zr 89 (n,na   ) Sr 85  8.255E-06+-1.2E+02 Zr 89 (n,na   ) Sr 85m 7.445E-07+-1.2E+02 Zr 89 (n,np   ) Y  88  1.880E-02+-1.0E+02
  Zr 89 (n,g    ) Zr 90  7.713E-01+-7.8E+01 Zr 89 (n,g    ) Zr 90m 1.695E-01+-7.8E+01 Zr 89 (n,p    ) Y  89  4.146E-02+-7.8E+01 Zr 89 (n,p    ) Y  89m 1.063E-01+-7.8E+01
  Zr 89 (n,d    ) Y  88  5.284E-04+-1.0E+02 Zr 89 (n,t    ) Y  87  1.361E-06+-8.5E+01 Zr 89 (n,t    ) Y  87m 1.478E-06+-8.5E+01 Zr 89 (n,h    ) Sr 87  5.580E-10+-1.1E+02
  Zr 89 (n,h    ) Sr 87m 8.792E-10+-1.1E+02 Zr 89 (n,a    ) Sr 86  3.326E-03+-6.0E+01 Zr 89 (n,2a   ) Kr 82  6.543E-12+-2.0E+02 Zr 89 (n,2p   ) Sr 88  4.251E-04+-2.0E+02
  Zr 89 (n,pa   ) Rb 85  4.058E-09+-2.0E+02 Zr 90 (n,n    ) Zr 90m 1.529E-01+-1.9E+01 Zr 90 (n,2n   ) Zr 89  7.610E-02+-3.0E+01 Zr 90 (n,2n   ) Zr 89m 1.457E-02+-2.0E+01
  Zr 90 (n,na   ) Sr 86  1.099E-06+-1.0E+02 Zr 90 (n,np   ) Y  89  7.641E-03+-1.2E+02 Zr 90 (n,np   ) Y  89m 3.159E-03+-1.2E+02 Zr 90 (n,g    ) Zr 91  9.534E-03+-3.8E+01
  Zr 90 (n,p    ) Y  90  5.869E-03+-3.0E+01 Zr 90 (n,p    ) Y  90m 2.093E-03+-1.0E+01 Zr 90 (n,d    ) Y  89  2.260E-04+-6.7E+01 Zr 90 (n,d    ) Y  89m 1.828E-04+-6.7E+01
  Zr 90 (n,t    ) Y  88  5.495E-06+-4.0E+01 Zr 90 (n,h    ) Sr 88  5.065E-11+-9.0E+01 Zr 90 (n,a    ) Sr 87  1.625E-03+-6.0E+01 Zr 90 (n,a    ) Sr 87m 4.178E-04+-1.0E+01
  Zr 90 (n,2p   ) Sr 89  6.942E-10+-2.0E+02 Zr 91 (n,2n   ) Zr 90  9.952E-02+-7.2E+01 Zr 91 (n,2n   ) Zr 90m 1.273E-01+-3.0E+01 Zr 91 (n,na   ) Sr 87  2.104E-05+-1.2E+02
  Zr 91 (n,na   ) Sr 87m 2.254E-06+-1.2E+02 Zr 91 (n,np   ) Y  90  4.501E-04+-1.2E+02 Zr 91 (n,np   ) Y  90m 1.508E-04+-1.2E+02 Zr 91 (n,g    ) Zr 92  2.182E-01+-1.0E+01
  Zr 91 (n,p    ) Y  91  1.861E-03+-3.0E+01 Zr 91 (n,p    ) Y  91m 3.400E-03+-2.0E+01 Zr 91 (n,d    ) Y  90  2.277E-04+-1.2E+02 Zr 91 (n,d    ) Y  90m 8.960E-05+-1.2E+02
  Zr 91 (n,t    ) Y  89  2.726E-05+-8.5E+01 Zr 91 (n,t    ) Y  89m 2.362E-05+-8.5E+01 Zr 91 (n,h    ) Sr 89  7.387E-12+-9.0E+01 Zr 91 (n,a    ) Sr 88  1.827E-03+-6.7E+01
  Zr 91 (n,2p   ) Sr 90  6.005E-11+-2.0E+02 Zr 91 (n,pa   ) Rb 87  7.491E-11+-2.0E+02 Zr 92 (n,2n   ) Zr 91  2.391E-01+-4.0E+01 Zr 92 (n,na   ) Sr 88  1.856E-04+-1.0E+02
  Zr 92 (n,np   ) Y  91  7.165E-05+-1.2E+02 Zr 92 (n,np   ) Y  91m 6.679E-05+-1.2E+02 Zr 92 (n,g    ) Zr 93  4.015E-02+-2.5E+01 Zr 92 (n,p    ) Y  92  3.048E-03+-1.0E+01
  Zr 92 (n,d    ) Y  91  9.204E-05+-1.2E+02 Zr 92 (n,d    ) Y  91m 5.742E-05+-1.2E+02 Zr 92 (n,t    ) Y  90  1.903E-06+-8.5E+01 Zr 92 (n,t    ) Y  90m 6.896E-07+-8.5E+01
  Zr 92 (n,a    ) Sr 89  1.612E-03+-1.0E+01 Zr 93 (n,2n   ) Zr 92  2.552E-01+-4.0E+01 Zr 93 (n,na   ) Sr 89  1.461E-04+-1.0E+02 Zr 93 (n,2na  ) Sr 88  1.991E-09+-2.0E+02
  Zr 93 (n,np   ) Y  92  4.858E-05+-1.0E+02 Zr 93 (n,g    ) Zr 94  6.034E-01+-2.7E+01 Zr 93 (n,p    ) Y  93  6.574E-04+-7.8E+01 Zr 93 (n,p    ) Y  93m 1.238E-03+-7.8E+01
  Zr 93 (n,d    ) Y  92  1.368E-04+-1.0E+02 Zr 93 (n,t    ) Y  91  1.523E-05+-8.5E+01 Zr 93 (n,t    ) Y  91m 8.466E-06+-8.5E+01 Zr 93 (n,a    ) Sr 90  8.996E-04+-6.0E+01
  Zr 94 (n,2n   ) Zr 93  2.574E-01+-4.0E+01 Zr 94 (n,na   ) Sr 90  3.611E-05+-1.0E+02 Zr 94 (n,np   ) Y  93  5.287E-06+-1.2E+02 Zr 94 (n,np   ) Y  93m 1.682E-06+-1.2E+02
  Zr 94 (n,g    ) Zr 95  1.833E-02+-1.7E+01 Zr 94 (n,p    ) Y  94  1.158E-03+-2.0E+01 Zr 94 (n,d    ) Y  93  4.271E-05+-1.2E+02 Zr 94 (n,d    ) Y  93m 7.682E-06+-1.2E+02
  Zr 94 (n,t    ) Y  92  7.298E-07+-6.0E+01 Zr 94 (n,a    ) Sr 91  7.728E-04+-2.0E+01 Zr 95 (n,2n   ) Zr 94  2.663E-01+-4.0E+01 Zr 95 (n,3n   ) Zr 93  5.199E-07+-8.0E+01
  Zr 95 (n,na   ) Sr 91  2.022E-05+-1.0E+02 Zr 95 (n,2na  ) Sr 90  2.363E-11+-2.0E+02 Zr 95 (n,np   ) Y  94  2.458E-06+-1.0E+02 Zr 95 (n,g    ) Zr 96  1.816E-01+-4.4E+01
  Zr 95 (n,p    ) Y  95  8.190E-04+-5.0E+01 Zr 95 (n,d    ) Y  94  3.226E-05+-1.0E+02 Zr 95 (n,t    ) Y  93  5.821E-06+-8.5E+01 Zr 95 (n,t    ) Y  93m 1.487E-06+-8.5E+01
  Zr 95 (n,a    ) Sr 92  4.495E-04+-6.0E+01 Zr 96 (n,2n   ) Zr 95  2.672E-01+-1.0E+01 Zr 96 (n,3n   ) Zr 94  4.497E-05+-8.0E+01 Zr 96 (n,na   ) Sr 92  2.223E-06+-1.0E+02
  Zr 96 (n,np   ) Y  95  6.989E-08+-1.0E+02 Zr 96 (n,g    ) Zr 97  1.939E-01+-1.5E+01 Zr 96 (n,p    ) Y  96  4.225E-04+-7.8E+01 Zr 96 (n,p    ) Y  96m 5.222E-05+-7.8E+01
  Zr 96 (n,d    ) Y  95  5.799E-06+-1.0E+02 Zr 96 (n,t    ) Y  94  1.340E-07+-6.0E+01 Zr 96 (n,a    ) Sr 93  2.234E-04+-3.0E+01 Zr 97 (n,2n   ) Zr 96  2.492E-01+-4.0E+01
  Zr 97 (n,3n   ) Zr 95  4.548E-03+-8.0E+01 Zr 97 (n,na   ) Sr 93  2.923E-06+-1.0E+02 Zr 97 (n,np   ) Y  96  8.553E-09+-1.2E+02 Zr 97 (n,np   ) Y  96m 1.459E-08+-1.2E+02
  Zr 97 (n,g    ) Zr 98  3.190E-01+-8.2E+02 Zr 97 (n,p    ) Y  97  1.385E-04+-7.8E+01 Zr 97 (n,p    ) Y  97m 2.008E-04+-7.8E+01 Zr 97 (n,p    ) Y  97n 6.808E-08+-7.8E+01
  Zr 97 (n,d    ) Y  96  1.185E-06+-1.2E+02 Zr 97 (n,d    ) Y  96m 1.465E-07+-1.2E+02 Zr 97 (n,t    ) Y  95  3.903E-06+-6.0E+01 Zr 97 (n,a    ) Sr 94  2.291E-04+-6.0E+01
  Nb 90 (n,n    ) Nb 90m 7.179E-02+-1.0E+02 Nb 90 (n,n    ) Nb 90n 7.163E-02+-1.0E+02 Nb 90 (n,2n   ) Nb 89  6.985E-02+-7.2E+01 Nb 90 (n,2n   ) Nb 89m 3.524E-03+-7.2E+01
  Nb 90 (n,na   ) Y  86  1.041E-05+-1.2E+02 Nb 90 (n,na   ) Y  86m 1.132E-05+-1.2E+02 Nb 90 (n,np   ) Zr 89  7.222E-02+-1.2E+02 Nb 90 (n,np   ) Zr 89m 1.030E-02+-1.2E+02
  Nb 90 (n,nd   ) Zr 88  2.124E-11+-6.0E+01 Nb 90 (n,g    ) Nb 91  1.492E+00+-7.8E+01 Nb 90 (n,g    ) Nb 91m 1.491E+00+-7.8E+01 Nb 90 (n,p    ) Zr 90  7.599E-02+-7.8E+01
  Nb 90 (n,p    ) Zr 90m 8.872E-01+-7.8E+01 Nb 90 (n,d    ) Zr 89  1.047E-03+-1.2E+02 Nb 90 (n,d    ) Zr 89m 8.293E-04+-1.2E+02 Nb 90 (n,t    ) Zr 88  1.477E-04+-6.0E+01
  Nb 90 (n,h    ) Y  88  4.511E-08+-9.0E+01 Nb 90 (n,a    ) Y  87  2.129E-03+-8.5E+01 Nb 90 (n,a    ) Y  87m 3.052E-03+-8.5E+01 Nb 90 (n,2a   ) Rb 83  8.047E-11+-2.0E+02
  Nb 90 (n,2p   ) Y  89  1.283E-04+-2.1E+02 Nb 90 (n,2p   ) Y  89m 6.487E-04+-2.1E+02 Nb 90 (n,pa   ) Sr 86  3.183E-05+-2.0E+02 Nb 91 (n,n    ) Nb 91m 4.992E-02+-1.0E+02
  Nb 91 (n,2n   ) Nb 90  1.594E-02+-7.2E+01 Nb 91 (n,2n   ) Nb 90m 1.175E-02+-7.2E+01 Nb 91 (n,2n   ) Nb 90n 7.092E-03+-7.2E+01 Nb 91 (n,na   ) Y  87  2.043E-06+-1.2E+02
  Nb 91 (n,na   ) Y  87m 4.983E-06+-1.2E+02 Nb 91 (n,np   ) Zr 90  3.024E-02+-1.2E+02 Nb 91 (n,np   ) Zr 90m 2.928E-02+-1.2E+02 Nb 91 (n,g    ) Nb 92  1.339E-01+-7.8E+01
  Nb 91 (n,g    ) Nb 92m 5.345E-01+-7.8E+01 Nb 91 (n,p    ) Zr 91  1.661E-02+-5.0E+01 Nb 91 (n,d    ) Zr 90  1.507E-03+-1.2E+02 Nb 91 (n,d    ) Zr 90m 5.698E-04+-1.2E+02
  Nb 91 (n,t    ) Zr 89  1.122E-06+-8.5E+01 Nb 91 (n,t    ) Zr 89m 1.456E-06+-8.5E+01 Nb 91 (n,h    ) Y  89  5.047E-09+-1.1E+02 Nb 91 (n,h    ) Y  89m 7.535E-09+-1.1E+02
  Nb 91 (n,a    ) Y  88  3.512E-03+-6.0E+01 Nb 91 (n,2p   ) Y  90  3.099E-07+-2.1E+02 Nb 91 (n,2p   ) Y  90m 1.688E-07+-2.1E+02 Nb 91 (n,pa   ) Sr 87  3.169E-07+-2.1E+02
  Nb 91 (n,pa   ) Sr 87m 7.906E-09+-2.1E+02 Nb 91m(n,n    ) Nb 91  2.944E-01+-1.0E+02 Nb 91m(n,2n   ) Nb 90  1.158E-02+-7.2E+01 Nb 91m(n,2n   ) Nb 90m 2.051E-02+-7.2E+01
  Nb 91m(n,2n   ) Nb 90n 5.183E-03+-7.2E+01 Nb 91m(n,na   ) Y  87  4.325E-06+-1.2E+02 Nb 91m(n,na   ) Y  87m 6.358E-06+-1.2E+02 Nb 91m(n,np   ) Zr 90  4.925E-02+-1.2E+02
  Nb 91m(n,np   ) Zr 90m 2.661E-02+-1.2E+02 Nb 91m(n,g    ) Nb 92  1.339E-01+-7.8E+01 Nb 91m(n,g    ) Nb 92m 5.345E-01+-7.8E+01 Nb 91m(n,p    ) Zr 91  2.130E-02+-5.0E+01
  Nb 91m(n,d    ) Zr 90  2.501E-04+-1.2E+02 Nb 91m(n,d    ) Zr 90m 3.886E-04+-1.2E+02 Nb 91m(n,t    ) Zr 89  1.547E-07+-8.5E+01 Nb 91m(n,t    ) Zr 89m 8.894E-08+-8.5E+01
  Nb 91m(n,h    ) Y  89  2.651E-10+-1.1E+02 Nb 91m(n,h    ) Y  89m 1.349E-10+-1.1E+02 Nb 91m(n,a    ) Y  88  3.523E-03+-6.0E+01 Nb 91m(n,2p   ) Y  90  6.755E-07+-2.1E+02
  Nb 91m(n,2p   ) Y  90m 1.497E-07+-2.1E+02 Nb 91m(n,pa   ) Sr 87  2.759E-07+-2.1E+02 Nb 91m(n,pa   ) Sr 87m 1.409E-08+-2.1E+02 Nb 92 (n,n    ) Nb 92m 1.713E-01+-1.0E+02
  Nb 92 (n,2n   ) Nb 91  1.768E-01+-7.2E+01 Nb 92 (n,2n   ) Nb 91m 3.638E-02+-7.2E+01 Nb 92 (n,na   ) Y  88  7.197E-05+-1.0E+02 Nb 92 (n,np   ) Zr 91  3.084E-03+-1.0E+02
  Nb 92 (n,nd   ) Zr 90  1.773E-08+-8.5E+01 Nb 92 (n,2np  ) Zr 90  1.627E-09+-2.1E+02 Nb 92 (n,g    ) Nb 93  9.504E-01+-7.8E+01 Nb 92 (n,g    ) Nb 93m 9.498E-01+-7.8E+01
  Nb 92 (n,p    ) Zr 92  9.151E-03+-5.0E+01 Nb 92 (n,d    ) Zr 91  1.507E-03+-1.0E+02 Nb 92 (n,t    ) Zr 90  3.149E-04+-8.5E+01 Nb 92 (n,t    ) Zr 90m 1.350E-04+-8.5E+01
  Nb 92 (n,h    ) Y  90  7.449E-10+-1.1E+02 Nb 92 (n,h    ) Y  90m 3.179E-10+-1.1E+02 Nb 92 (n,a    ) Y  89  1.316E-03+-8.5E+01 Nb 92 (n,a    ) Y  89m 1.725E-03+-8.5E+01
  Nb 92 (n,2p   ) Y  91  2.483E-09+-2.1E+02 Nb 92 (n,2p   ) Y  91m 4.056E-09+-2.1E+02 Nb 92 (n,pa   ) Sr 88  6.746E-06+-2.0E+02 Nb 92m(n,n    ) Nb 92  1.278E-01+-1.0E+02
  Nb 92m(n,2n   ) Nb 91  1.942E-01+-7.2E+01 Nb 92m(n,2n   ) Nb 91m 5.442E-02+-7.2E+01 Nb 92m(n,na   ) Y  88  1.412E-04+-1.0E+02 Nb 92m(n,np   ) Zr 91  6.219E-03+-1.0E+02
  Nb 92m(n,nd   ) Zr 90  1.296E-07+-8.5E+01 Nb 92m(n,2np  ) Zr 90  6.294E-08+-2.1E+02 Nb 92m(n,g    ) Nb 93  9.504E-01+-7.8E+01 Nb 92m(n,g    ) Nb 93m 9.498E-01+-7.8E+01
  Nb 92m(n,p    ) Zr 92  6.341E-02+-5.0E+01 Nb 92m(n,d    ) Zr 91  6.082E-04+-1.0E+02 Nb 92m(n,t    ) Zr 90  6.364E-05+-8.5E+01 Nb 92m(n,t    ) Zr 90m 7.994E-05+-8.5E+01
  Nb 92m(n,h    ) Y  90  2.220E-10+-1.1E+02 Nb 92m(n,h    ) Y  90m 4.648E-11+-1.1E+02 Nb 92m(n,a    ) Y  89  6.413E-03+-8.5E+01 Nb 92m(n,a    ) Y  89m 1.780E-03+-8.5E+01
  Nb 92m(n,2p   ) Y  91  1.766E-08+-2.1E+02 Nb 92m(n,2p   ) Y  91m 1.207E-08+-2.1E+02 Nb 92m(n,pa   ) Sr 88  4.776E-05+-2.0E+02 Nb 93 (n,n    ) Nb 93m 6.266E-02+-1.5E+01
  Nb 93 (n,2n   ) Nb 92  1.511E-01+-3.0E+01 Nb 93 (n,2n   ) Nb 92m 8.128E-02+-1.0E+01 Nb 93 (n,na   ) Y  89  2.853E-04+-1.2E+02 Nb 93 (n,na   ) Y  89m 3.533E-04+-3.0E+01
  Nb 93 (n,np   ) Zr 92  1.771E-03+-1.0E+02 Nb 93 (n,nd   ) Zr 91  2.720E-11+-6.0E+01 Nb 93 (n,g    ) Nb 94  1.170E-01+-1.2E+01 Nb 93 (n,g    ) Nb 94m 2.603E-01+-1.2E+01
  Nb 93 (n,p    ) Zr 93  8.353E-03+-3.0E+01 Nb 93 (n,d    ) Zr 92  2.673E-03+-5.0E+01 Nb 93 (n,t    ) Zr 91  5.032E-05+-6.0E+01 Nb 93 (n,h    ) Y  91  2.306E-11+-9.0E+01
  Nb 93 (n,h    ) Y  91m 2.372E-11+-9.0E+01 Nb 93 (n,a    ) Y  90  1.309E-03+-2.0E+01 Nb 93 (n,a    ) Y  90m 9.767E-04+-2.0E+01 Nb 93 (n,2p   ) Y  92  1.704E-11+-2.0E+02
  Nb 93 (n,pa   ) Sr 89  6.860E-09+-2.0E+02 Nb 93m(n,n    ) Nb 93  2.449E-01+-1.0E+02 Nb 93m(n,2n   ) Nb 92  1.046E-01+-7.2E+01 Nb 93m(n,2n   ) Nb 92m 1.453E-01+-7.2E+01
  Nb 93m(n,na   ) Y  89  4.790E-04+-1.2E+02 Nb 93m(n,na   ) Y  89m 5.350E-04+-1.2E+02 Nb 93m(n,np   ) Zr 92  3.209E-03+-1.0E+02 Nb 93m(n,nd   ) Zr 91  7.297E-11+-6.0E+01
  Nb 93m(n,g    ) Nb 94  1.169E-01+-7.8E+01 Nb 93m(n,g    ) Nb 94m 2.601E-01+-7.8E+01 Nb 93m(n,p    ) Zr 93  5.780E-03+-6.0E+01 Nb 93m(n,d    ) Zr 92  5.362E-04+-1.0E+02
  Nb 93m(n,t    ) Zr 91  2.649E-05+-6.0E+01 Nb 93m(n,h    ) Y  91  2.683E-12+-1.1E+02 Nb 93m(n,a    ) Y  90  1.700E-03+-8.5E+01 Nb 93m(n,a    ) Y  90m 4.347E-04+-8.5E+01
  Nb 93m(n,2p   ) Y  92  4.887E-11+-2.0E+02 Nb 93m(n,pa   ) Sr 89  8.453E-09+-2.0E+02 Nb 94 (n,n    ) Nb 94m 3.891E-01+-1.0E+02 Nb 94 (n,2n   ) Nb 93  2.177E-01+-7.2E+01
  Nb 94 (n,2n   ) Nb 93m 1.915E-02+-7.2E+01 Nb 94 (n,na   ) Y  90  2.475E-04+-1.2E+02 Nb 94 (n,na   ) Y  90m 2.148E-04+-1.2E+02 Nb 94 (n,2na  ) Y  89  4.152E-09+-2.1E+02
  Nb 94 (n,2na  ) Y  89m 1.794E-10+-2.1E+02 Nb 94 (n,np   ) Zr 93  1.016E-03+-1.0E+02 Nb 94 (n,nd   ) Zr 92  7.409E-09+-6.0E+01 Nb 94 (n,2np  ) Zr 92  3.623E-11+-2.0E+02
  Nb 94 (n,g    ) Nb 95  2.890E+00+-3.7E+01 Nb 94 (n,g    ) Nb 95m 1.166E-01+-3.7E+01 Nb 94 (n,p    ) Zr 94  3.980E-03+-6.0E+01 Nb 94 (n,d    ) Zr 93  1.056E-03+-1.0E+02
  Nb 94 (n,t    ) Zr 92  3.703E-04+-6.0E+01 Nb 94 (n,h    ) Y  92  6.238E-12+-9.0E+01 Nb 94 (n,a    ) Y  91  6.026E-04+-8.3E+01 Nb 94 (n,a    ) Y  91m 8.686E-04+-8.3E+01
  Nb 94 (n,2a   ) Rb 87  1.582E-11+-2.0E+02 Nb 94 (n,2p   ) Y  93  1.194E-12+-2.1E+02 Nb 94 (n,pa   ) Sr 90  7.185E-10+-2.0E+02 Nb 95 (n,n    ) Nb 95m 2.124E-02+-1.0E+02
  Nb 95 (n,2n   ) Nb 94  1.436E-01+-7.2E+01 Nb 95 (n,2n   ) Nb 94m 1.094E-01+-7.2E+01 Nb 95 (n,na   ) Y  91  6.313E-05+-1.2E+02 Nb 95 (n,na   ) Y  91m 1.012E-04+-1.2E+02
  Nb 95 (n,np   ) Zr 94  5.281E-04+-1.0E+02 Nb 95 (n,g    ) Nb 96  6.392E+00+-4.5E+01 Nb 95 (n,p    ) Zr 95  2.431E-03+-5.0E+01 Nb 95 (n,d    ) Zr 94  9.767E-04+-1.0E+02
  Nb 95 (n,t    ) Zr 93  8.355E-05+-6.0E+01 Nb 95 (n,a    ) Y  92  1.009E-03+-6.0E+01 Nb 95 (n,pa   ) Sr 91  6.592E-12+-2.0E+02 Nb 95m(n,n    ) Nb 95  5.110E-01+-1.0E+02
  Nb 95m(n,2n   ) Nb 94  9.611E-02+-7.2E+01 Nb 95m(n,2n   ) Nb 94m 1.737E-01+-7.2E+01 Nb 95m(n,na   ) Y  91  1.221E-04+-1.2E+02 Nb 95m(n,na   ) Y  91m 1.358E-04+-1.2E+02
  Nb 95m(n,2na  ) Y  90  1.445E-12+-2.1E+02 Nb 95m(n,np   ) Zr 94  8.675E-04+-1.0E+02 Nb 95m(n,nd   ) Zr 93  1.476E-11+-6.0E+01 Nb 95m(n,g    ) Nb 96  1.755E+00+-8.7E+01
  Nb 95m(n,p    ) Zr 95  2.415E-03+-5.0E+01 Nb 95m(n,d    ) Zr 94  3.485E-04+-1.0E+02 Nb 95m(n,t    ) Zr 93  5.736E-05+-6.0E+01 Nb 95m(n,a    ) Y  92  1.014E-03+-6.0E+01
  Nb 95m(n,pa   ) Sr 91  1.638E-11+-2.0E+02 Nb 96 (n,2n   ) Nb 95  2.248E-01+-7.2E+01 Nb 96 (n,2n   ) Nb 95m 8.464E-03+-7.2E+01 Nb 96 (n,na   ) Y  92  7.033E-05+-1.0E+02
  Nb 96 (n,2na  ) Y  91  6.366E-11+-2.1E+02 Nb 96 (n,2na  ) Y  91m 1.166E-11+-2.1E+02 Nb 96 (n,np   ) Zr 95  2.943E-04+-1.0E+02 Nb 96 (n,nd   ) Zr 94  9.429E-10+-6.0E+01
  Nb 96 (n,g    ) Nb 97  2.527E+00+-7.8E+01 Nb 96 (n,g    ) Nb 97m 2.527E+00+-7.8E+01 Nb 96 (n,p    ) Zr 96  1.738E-03+-5.0E+01 Nb 96 (n,d    ) Zr 95  7.227E-04+-1.0E+02
  Nb 96 (n,t    ) Zr 94  2.749E-04+-6.0E+01 Nb 96 (n,a    ) Y  93  2.448E-04+-8.5E+01 Nb 96 (n,a    ) Y  93m 4.767E-04+-8.5E+01 Mo 92 (n,2n   ) Mo 91  2.711E-02+-3.0E+01
  Mo 92 (n,2n   ) Mo 91m 3.727E-03+-1.0E+01 Mo 92 (n,na   ) Zr 88  1.516E-05+-5.0E+01 Mo 92 (n,np   ) Nb 91  1.098E-01+-1.2E+02 Mo 92 (n,np   ) Nb 91m 2.262E-02+-5.0E+01
  Mo 92 (n,g    ) Mo 93  4.501E-02+-7.8E+01 Mo 92 (n,g    ) Mo 93m 8.295E-05+-7.8E+01 Mo 92 (n,p    ) Nb 92  1.290E-02+-3.0E+01 Mo 92 (n,p    ) Nb 92m 1.692E-02+-2.0E+01
  Mo 92 (n,d    ) Nb 91  3.577E-04+-6.8E+01 Mo 92 (n,d    ) Nb 91m 2.517E-04+-6.8E+01 Mo 92 (n,t    ) Nb 90  4.784E-10+-7.2E+01 Mo 92 (n,t    ) Nb 90m 3.259E-10+-7.2E+01
  Mo 92 (n,t    ) Nb 90n 2.149E-10+-7.2E+01 Mo 92 (n,h    ) Zr 90  7.520E-08+-1.1E+02 Mo 92 (n,h    ) Zr 90m 8.351E-10+-1.1E+02 Mo 92 (n,a    ) Zr 89  3.015E-03+-2.0E+01
  Mo 92 (n,a    ) Zr 89m 1.170E-03+-2.0E+01 Mo 92 (n,2p   ) Zr 91  3.530E-05+-2.0E+02 Mo 92 (n,pa   ) Y  88  1.078E-07+-2.0E+02 Mo 92 (n,pd   ) Zr 90  3.658E-12+-2.1E+02
  Mo 93 (n,n    ) Mo 93m 3.339E-03+-1.0E+02 Mo 93 (n,2n   ) Mo 92  2.011E-01+-4.0E+01 Mo 93 (n,na   ) Zr 89  1.711E-04+-1.2E+02 Mo 93 (n,na   ) Zr 89m 1.436E-05+-1.2E+02
  Mo 93 (n,np   ) Nb 92  4.784E-03+-1.2E+02 Mo 93 (n,np   ) Nb 92m 3.813E-03+-1.2E+02 Mo 93 (n,g    ) Mo 94  9.210E-01+-6.0E+02 Mo 93 (n,p    ) Nb 93  1.239E-02+-7.8E+01
  Mo 93 (n,p    ) Nb 93m 4.199E-03+-7.8E+01 Mo 93 (n,d    ) Nb 92  1.911E-04+-1.2E+02 Mo 93 (n,d    ) Nb 92m 3.981E-04+-1.2E+02 Mo 93 (n,t    ) Nb 91  2.003E-05+-8.5E+01
  Mo 93 (n,t    ) Nb 91m 1.853E-05+-8.5E+01 Mo 93 (n,h    ) Zr 91  4.009E-09+-9.0E+01 Mo 93 (n,a    ) Zr 90  9.933E-03+-8.5E+01 Mo 93 (n,a    ) Zr 90m 2.149E-03+-8.5E+01
  Mo 93 (n,2a   ) Sr 86  1.769E-10+-2.0E+02 Mo 93 (n,2p   ) Zr 92  1.380E-05+-2.0E+02 Mo 93 (n,pa   ) Y  89  2.963E-05+-2.1E+02 Mo 93 (n,pa   ) Y  89m 4.914E-06+-2.1E+02
  Mo 93m(n,2n   ) Mo 92  1.506E-01+-4.0E+01 Mo 93m(n,na   ) Zr 89  4.663E-04+-1.2E+02 Mo 93m(n,na   ) Zr 89m 1.280E-05+-1.2E+02 Mo 93m(n,np   ) Nb 92  1.649E-02+-1.2E+02
  Mo 93m(n,np   ) Nb 92m 1.803E-03+-1.2E+02 Mo 93m(n,nd   ) Nb 91  1.975E-07+-8.5E+01 Mo 93m(n,nd   ) Nb 91m 2.570E-09+-8.5E+01 Mo 93m(n,2np  ) Nb 91  4.575E-10+-2.1E+02
  Mo 93m(n,2np  ) Nb 91m 4.329E-12+-2.1E+02 Mo 93m(n,g    ) Mo 94  2.032E+00+-2.5E+02 Mo 93m(n,p    ) Nb 93  1.065E-02+-7.8E+01 Mo 93m(n,p    ) Nb 93m 6.008E-06+-7.8E+01
  Mo 93m(n,d    ) Nb 92  9.668E-04+-1.2E+02 Mo 93m(n,d    ) Nb 92m 9.999E-05+-1.2E+02 Mo 93m(n,t    ) Nb 91  5.298E-07+-8.5E+01 Mo 93m(n,t    ) Nb 91m 2.934E-08+-8.5E+01
  Mo 93m(n,h    ) Zr 91  6.212E-10+-9.0E+01 Mo 93m(n,a    ) Zr 90  2.092E-03+-8.5E+01 Mo 93m(n,a    ) Zr 90m 2.191E-03+-8.5E+01 Mo 93m(n,2a   ) Sr 86  2.760E-10+-2.0E+02
  Mo 93m(n,2p   ) Zr 92  5.697E-11+-2.0E+02 Mo 93m(n,pa   ) Y  89  2.543E-06+-2.1E+02 Mo 93m(n,pa   ) Y  89m 4.182E-06+-2.1E+02 Mo 93m(n,pd   ) Zr 91  4.072E-11+-2.0E+02
  Mo 94 (n,2n   ) Mo 93  8.676E-02+-3.0E+01 Mo 94 (n,2n   ) Mo 93m 6.059E-04+-1.0E+01 Mo 94 (n,na   ) Zr 90  9.699E-04+-1.2E+02 Mo 94 (n,na   ) Zr 90m 1.553E-04+-1.2E+02
  Mo 94 (n,np   ) Nb 93  2.092E-03+-1.2E+02 Mo 94 (n,np   ) Nb 93m 6.407E-04+-1.2E+02 Mo 94 (n,g    ) Mo 95  5.654E-02+-3.8E+01 Mo 94 (n,p    ) Nb 94  3.808E-03+-5.0E+01
  Mo 94 (n,p    ) Nb 94m 5.881E-03+-2.0E+01 Mo 94 (n,d    ) Nb 93  1.403E-04+-8.5E+01 Mo 94 (n,d    ) Nb 93m 1.632E-04+-8.5E+01 Mo 94 (n,t    ) Nb 92  3.060E-07+-8.5E+01
  Mo 94 (n,t    ) Nb 92m 1.351E-06+-8.5E+01 Mo 94 (n,h    ) Zr 92  6.219E-10+-9.0E+01 Mo 94 (n,a    ) Zr 91  3.070E-03+-3.0E+01 Mo 94 (n,2a   ) Sr 87  8.152E-12+-2.1E+02
  Mo 94 (n,2p   ) Zr 93  9.127E-09+-2.0E+02 Mo 94 (n,pa   ) Y  90  4.701E-09+-2.1E+02 Mo 94 (n,pa   ) Y  90m 6.694E-10+-2.1E+02 Mo 95 (n,2n   ) Mo 94  2.411E-01+-4.0E+01
  Mo 95 (n,na   ) Zr 91  6.217E-04+-1.0E+02 Mo 95 (n,2na  ) Zr 90  4.588E-09+-2.1E+02 Mo 95 (n,np   ) Nb 94  3.673E-04+-1.2E+02 Mo 95 (n,np   ) Nb 94m 4.393E-04+-1.2E+02
  Mo 95 (n,g    ) Mo 96  3.368E+00+-7.9E+00 Mo 95 (n,p    ) Nb 95  5.691E-03+-3.0E+01 Mo 95 (n,p    ) Nb 95m 1.307E-03+-2.0E+01 Mo 95 (n,d    ) Nb 94  1.027E-04+-7.8E+01
  Mo 95 (n,d    ) Nb 94m 1.875E-04+-7.8E+01 Mo 95 (n,t    ) Nb 93  1.070E-05+-8.5E+01 Mo 95 (n,t    ) Nb 93m 1.531E-05+-8.5E+01 Mo 95 (n,h    ) Zr 93  9.832E-11+-9.0E+01
  Mo 95 (n,a    ) Zr 92  2.258E-03+-6.0E+01 Mo 95 (n,2a   ) Sr 88  2.576E-08+-2.0E+02 Mo 95 (n,2p   ) Zr 94  5.723E-09+-2.0E+02 Mo 95 (n,pa   ) Y  91  1.989E-09+-2.1E+02
  Mo 95 (n,pa   ) Y  91m 6.793E-10+-2.1E+02 Mo 96 (n,2n   ) Mo 95  2.476E-01+-4.0E+01 Mo 96 (n,na   ) Zr 92  2.078E-04+-1.0E+02 Mo 96 (n,np   ) Nb 95  2.399E-04+-1.2E+02
  Mo 96 (n,np   ) Nb 95m 2.798E-05+-1.2E+02 Mo 96 (n,g    ) Mo 97  5.802E-01+-1.7E+01 Mo 96 (n,p    ) Nb 96  3.370E-03+-2.0E+01 Mo 96 (n,d    ) Nb 95  9.802E-05+-8.5E+01
  Mo 96 (n,d    ) Nb 95m 5.325E-05+-8.5E+01 Mo 96 (n,t    ) Nb 94  1.108E-07+-8.5E+01 Mo 96 (n,t    ) Nb 94m 3.492E-07+-8.5E+01 Mo 96 (n,h    ) Zr 94  2.656E-12+-9.0E+01
  Mo 96 (n,a    ) Zr 93  1.587E-03+-3.0E+01 Mo 96 (n,2a   ) Sr 89  6.870E-11+-2.0E+02 Mo 96 (n,2p   ) Zr 95  4.178E-12+-2.0E+02 Mo 96 (n,pa   ) Y  92  1.238E-12+-2.0E+02
  Mo 97 (n,2n   ) Mo 96  2.535E-01+-4.0E+01 Mo 97 (n,na   ) Zr 93  1.784E-04+-1.0E+02 Mo 97 (n,2na  ) Zr 92  7.530E-10+-2.0E+02 Mo 97 (n,np   ) Nb 96  1.297E-04+-1.0E+02
  Mo 97 (n,g    ) Mo 98  6.432E-01+-2.3E+01 Mo 97 (n,p    ) Nb 97  1.846E-03+-2.0E+01 Mo 97 (n,p    ) Nb 97m 6.265E-04+-2.0E+01 Mo 97 (n,d    ) Nb 96  1.577E-04+-1.0E+02
  Mo 97 (n,t    ) Nb 95  1.157E-05+-8.5E+01 Mo 97 (n,t    ) Nb 95m 5.996E-06+-8.5E+01 Mo 97 (n,a    ) Zr 94  1.153E-03+-6.0E+01 Mo 97 (n,2a   ) Sr 90  4.018E-11+-2.0E+02
  Mo 97 (n,2p   ) Zr 96  8.190E-12+-2.0E+02 Mo 98 (n,2n   ) Mo 97  2.631E-01+-4.0E+01 Mo 98 (n,na   ) Zr 94  6.372E-05+-4.0E+01 Mo 98 (n,np   ) Nb 97  3.540E-05+-1.2E+02
  Mo 98 (n,np   ) Nb 97m 1.484E-06+-1.2E+02 Mo 98 (n,g    ) Mo 99  2.060E-01+-1.1E+01 Mo 98 (n,p    ) Nb 98  8.260E-04+-3.0E+01 Mo 98 (n,p    ) Nb 98m 5.095E-04+-2.0E+01
  Mo 98 (n,d    ) Nb 97  4.391E-05+-1.2E+02 Mo 98 (n,d    ) Nb 97m 3.477E-05+-1.2E+02 Mo 98 (n,t    ) Nb 96  2.883E-06+-6.0E+01 Mo 98 (n,a    ) Zr 95  9.606E-04+-2.0E+01
  Mo 99 (n,2n   ) Mo 98  2.745E-01+-4.0E+01 Mo 99 (n,3n   ) Mo 97  1.533E-05+-8.0E+01 Mo 99 (n,na   ) Zr 95  1.621E-04+-1.0E+02 Mo 99 (n,2na  ) Zr 94  2.011E-09+-2.0E+02
  Mo 99 (n,np   ) Nb 98  1.095E-05+-1.2E+02 Mo 99 (n,np   ) Nb 98m 1.100E-05+-1.2E+02 Mo 99 (n,g    ) Mo100  1.245E+00+-5.7E+02 Mo 99 (n,p    ) Nb 99  9.053E-04+-7.8E+01
  Mo 99 (n,p    ) Nb 99m 3.041E-04+-7.8E+01 Mo 99 (n,d    ) Nb 98  5.618E-05+-1.2E+02 Mo 99 (n,d    ) Nb 98m 3.273E-05+-1.2E+02 Mo 99 (n,t    ) Nb 97  1.229E-05+-8.5E+01
  Mo 99 (n,t    ) Nb 97m 1.649E-05+-8.5E+01 Mo 99 (n,a    ) Zr 96  6.125E-04+-6.0E+01 Mo100 (n,2n   ) Mo 99  2.583E-01+-1.0E+01 Mo100 (n,3n   ) Mo 98  1.246E-04+-8.0E+01
  Mo100 (n,na   ) Zr 96  2.636E-05+-6.0E+01 Mo100 (n,np   ) Nb 99  6.599E-07+-1.2E+02 Mo100 (n,np   ) Nb 99m 3.811E-08+-1.2E+02 Mo100 (n,g    ) Mo101  1.409E-01+-8.9E+00
  Mo100 (n,p    ) Nb100  2.653E-04+-3.0E+01 Mo100 (n,p    ) Nb100m 4.645E-04+-3.0E+01 Mo100 (n,d    ) Nb 99  6.033E-06+-1.2E+02 Mo100 (n,d    ) Nb 99m 4.444E-06+-1.2E+02
  Mo100 (n,t    ) Nb 98  1.715E-07+-8.5E+01 Mo100 (n,t    ) Nb 98m 9.841E-08+-8.5E+01 Mo100 (n,a    ) Zr 97  4.537E-04+-1.0E+01 Tc 95 (n,n    ) Tc 95m 6.668E-02+-1.0E+02
  Tc 95 (n,2n   ) Tc 94  1.645E-01+-7.2E+01 Tc 95 (n,2n   ) Tc 94m 1.625E-02+-7.2E+01 Tc 95 (n,na   ) Nb 91  3.219E-03+-1.2E+02 Tc 95 (n,na   ) Nb 91m 5.041E-04+-1.2E+02
  Tc 95 (n,np   ) Mo 94  3.001E-02+-1.0E+02 Tc 95 (n,nd   ) Mo 93  4.813E-11+-8.5E+01 Tc 95 (n,nd   ) Mo 93m 5.029E-08+-0.0E+00 Tc 95 (n,2np  ) Mo 93  1.752E-12+-2.1E+02
  Tc 95 (n,2np  ) Mo 93m 1.476E-06+-0.0E+00 Tc 95 (n,npa  ) Zr 90  3.534E-11+-2.1E+02 Tc 95 (n,g    ) Tc 96  2.015E+00+-7.8E+01 Tc 95 (n,g    ) Tc 96m 1.086E+00+-7.8E+01
  Tc 95 (n,p    ) Mo 95  2.812E-02+-5.0E+01 Tc 95 (n,d    ) Mo 94  2.063E-03+-1.0E+02 Tc 95 (n,t    ) Mo 93  1.029E-04+-8.5E+01 Tc 95 (n,t    ) Mo 93m 1.461E-06+-8.5E+01
  Tc 95 (n,h    ) Nb 93  2.223E-09+-1.1E+02 Tc 95 (n,h    ) Nb 93m 5.509E-09+-1.1E+02 Tc 95 (n,a    ) Nb 92  2.712E-03+-8.5E+01 Tc 95 (n,a    ) Nb 92m 2.691E-03+-8.5E+01
  Tc 95 (n,2a   ) Y  88  2.841E-10+-2.0E+02 Tc 95 (n,2p   ) Nb 94  5.131E-07+-2.1E+02 Tc 95 (n,2p   ) Nb 94m 4.120E-07+-2.1E+02 Tc 95 (n,pa   ) Zr 91  4.020E-06+-2.0E+02
  Tc 95 (n,da   ) Zr 90  1.116E-10+-2.1E+02 Tc 95m(n,n    ) Tc 95  2.720E-01+-1.0E+02 Tc 95m(n,2n   ) Tc 94  1.606E-01+-7.2E+01 Tc 95m(n,2n   ) Tc 94m 3.176E-02+-7.2E+01
  Tc 95m(n,na   ) Nb 91  2.971E-03+-1.2E+02 Tc 95m(n,na   ) Nb 91m 7.141E-04+-1.2E+02 Tc 95m(n,np   ) Mo 94  3.717E-02+-1.0E+02 Tc 95m(n,nd   ) Mo 93  9.381E-11+-8.5E+01
  Tc 95m(n,nd   ) Mo 93m 8.382E-08+-7.7E+01 Tc 95m(n,2np  ) Mo 93  3.680E-12+-2.1E+02 Tc 95m(n,2np  ) Mo 93m 2.299E-06+-0.0E+00 Tc 95m(n,npa  ) Zr 90  3.155E-11+-2.1E+02
  Tc 95m(n,g    ) Tc 96  2.015E+00+-7.8E+01 Tc 95m(n,g    ) Tc 96m 1.086E+00+-7.8E+01 Tc 95m(n,p    ) Mo 95  4.720E-02+-5.0E+01 Tc 95m(n,d    ) Mo 94  9.325E-04+-1.0E+02
  Tc 95m(n,t    ) Mo 93  4.226E-05+-8.5E+01 Tc 95m(n,t    ) Mo 93m 6.001E-07+-8.5E+01 Tc 95m(n,h    ) Nb 93  2.277E-09+-1.1E+02 Tc 95m(n,h    ) Nb 93m 1.202E-09+-1.1E+02
  Tc 95m(n,a    ) Nb 92  2.500E-03+-8.5E+01 Tc 95m(n,a    ) Nb 92m 2.749E-03+-8.5E+01 Tc 95m(n,2a   ) Y  88  3.121E-10+-2.0E+02 Tc 95m(n,2p   ) Nb 94  5.172E-07+-2.1E+02
  Tc 95m(n,2p   ) Nb 94m 7.492E-07+-2.1E+02 Tc 95m(n,pa   ) Zr 91  5.269E-06+-2.0E+02 Tc 95m(n,da   ) Zr 90  1.065E-10+-2.1E+02 Tc 96 (n,n    ) Tc 96m 1.095E-01+-1.0E+02
  Tc 96 (n,2n   ) Tc 95  2.075E-01+-7.2E+01 Tc 96 (n,2n   ) Tc 95m 1.301E-02+-7.2E+01 Tc 96 (n,na   ) Nb 92  1.357E-03+-1.2E+02 Tc 96 (n,na   ) Nb 92m 3.242E-04+-1.2E+02
  Tc 96 (n,2na  ) Nb 91  3.357E-09+-2.1E+02 Tc 96 (n,2na  ) Nb 91m 7.967E-11+-2.1E+02 Tc 96 (n,np   ) Mo 95  6.785E-03+-1.0E+02 Tc 96 (n,nd   ) Mo 94  2.221E-08+-6.0E+01
  Tc 96 (n,nt   ) Mo 93m 3.451E-09+-0.0E+00 Tc 96 (n,2np  ) Mo 94  6.468E-09+-2.0E+02 Tc 96 (n,g    ) Tc 97  4.356E+00+-7.8E+01 Tc 96 (n,g    ) Tc 97m 4.355E+00+-7.8E+01
  Tc 96 (n,p    ) Mo 96  1.287E-02+-5.0E+01 Tc 96 (n,d    ) Mo 95  1.627E-03+-1.0E+02 Tc 96 (n,t    ) Mo 94  4.371E-04+-6.0E+01 Tc 96 (n,h    ) Nb 94  6.819E-10+-1.1E+02
  Tc 96 (n,h    ) Nb 94m 9.596E-10+-1.1E+02 Tc 96 (n,a    ) Nb 93  4.035E-03+-8.5E+01 Tc 96 (n,a    ) Nb 93m 9.965E-04+-8.5E+01 Tc 96 (n,2a   ) Y  89  1.210E-07+-2.1E+02
  Tc 96 (n,2a   ) Y  89m 9.237E-08+-2.1E+02 Tc 96 (n,2p   ) Nb 95  7.600E-08+-2.1E+02 Tc 96 (n,2p   ) Nb 95m 2.948E-09+-2.1E+02 Tc 96 (n,pa   ) Zr 92  1.063E-06+-2.0E+02
  Tc 96 (n,da   ) Zr 91  7.531E-12+-2.0E+02 Tc 97 (n,n    ) Tc 97m 4.290E-02+-1.0E+02 Tc 97 (n,2n   ) Tc 96  1.654E-01+-7.2E+01 Tc 97 (n,2n   ) Tc 96m 5.614E-02+-7.2E+01
  Tc 97 (n,na   ) Nb 93  5.417E-04+-1.2E+02 Tc 97 (n,na   ) Nb 93m 8.138E-05+-1.2E+02 Tc 97 (n,np   ) Mo 96  3.396E-03+-1.0E+02 Tc 97 (n,nd   ) Mo 95  3.216E-12+-6.0E+01
  Tc 97 (n,g    ) Tc 98  5.291E+00+-2.1E+02 Tc 97 (n,p    ) Mo 97  7.823E-03+-5.0E+01 Tc 97 (n,d    ) Mo 96  1.477E-03+-1.0E+02 Tc 97 (n,t    ) Mo 95  7.622E-05+-6.0E+01
  Tc 97 (n,h    ) Nb 95  3.980E-11+-1.1E+02 Tc 97 (n,h    ) Nb 95m 4.304E-11+-1.1E+02 Tc 97 (n,a    ) Nb 94  7.799E-04+-8.5E+01 Tc 97 (n,a    ) Nb 94m 1.671E-03+-8.5E+01
  Tc 97 (n,2a   ) Y  90  8.977E-10+-2.1E+02 Tc 97 (n,2a   ) Y  90m 7.614E-10+-2.1E+02 Tc 97 (n,2p   ) Nb 96  6.276E-10+-2.0E+02 Tc 97 (n,pa   ) Zr 93  1.288E-08+-2.0E+02
  Tc 97m(n,n    ) Tc 97  4.170E-01+-1.0E+02 Tc 97m(n,2n   ) Tc 96  1.565E-01+-7.2E+01 Tc 97m(n,2n   ) Tc 96m 8.581E-02+-7.2E+01 Tc 97m(n,na   ) Nb 93  6.214E-04+-1.2E+02
  Tc 97m(n,na   ) Nb 93m 1.603E-04+-1.2E+02 Tc 97m(n,np   ) Mo 96  4.558E-03+-1.0E+02 Tc 97m(n,nd   ) Mo 95  7.513E-12+-6.0E+01 Tc 97m(n,g    ) Tc 98  5.291E+00+-2.1E+02
  Tc 97m(n,p    ) Mo 97  8.031E-03+-5.0E+01 Tc 97m(n,d    ) Mo 96  7.604E-04+-1.0E+02 Tc 97m(n,t    ) Mo 95  5.314E-05+-6.0E+01 Tc 97m(n,h    ) Nb 95  2.347E-11+-1.1E+02
  Tc 97m(n,h    ) Nb 95m 6.401E-12+-1.1E+02 Tc 97m(n,a    ) Nb 94  7.719E-04+-8.5E+01 Tc 97m(n,a    ) Nb 94m 1.712E-03+-8.5E+01 Tc 97m(n,2a   ) Y  90  1.100E-09+-2.1E+02
  Tc 97m(n,2a   ) Y  90m 3.164E-10+-2.1E+02 Tc 97m(n,2p   ) Nb 96  9.305E-10+-2.0E+02 Tc 97m(n,pa   ) Zr 93  2.185E-08+-2.0E+02 Tc 98 (n,2n   ) Tc 97  2.398E-01+-7.2E+01
  Tc 98 (n,2n   ) Tc 97m 1.636E-02+-7.2E+01 Tc 98 (n,na   ) Nb 94  2.338E-04+-1.2E+02 Tc 98 (n,na   ) Nb 94m 1.384E-04+-1.2E+02 Tc 98 (n,2na  ) Nb 93  4.470E-10+-2.1E+02
  Tc 98 (n,2na  ) Nb 93m 3.040E-11+-2.1E+02 Tc 98 (n,np   ) Mo 97  1.673E-03+-1.0E+02 Tc 98 (n,nd   ) Mo 96  1.009E-08+-6.0E+01 Tc 98 (n,2np  ) Mo 96  2.825E-10+-2.0E+02
  Tc 98 (n,g    ) Tc 99  4.646E+00+-7.8E+01 Tc 98 (n,g    ) Tc 99m 4.645E+00+-7.8E+01 Tc 98 (n,p    ) Mo 98  5.464E-03+-5.0E+01 Tc 98 (n,d    ) Mo 97  1.170E-03+-1.0E+02
  Tc 98 (n,t    ) Mo 96  4.194E-04+-6.0E+01 Tc 98 (n,h    ) Nb 96  1.686E-11+-9.0E+01 Tc 98 (n,a    ) Nb 95  1.340E-03+-8.5E+01 Tc 98 (n,a    ) Nb 95m 4.463E-04+-8.5E+01
  Tc 98 (n,2a   ) Y  91  4.124E-10+-2.1E+02 Tc 98 (n,2a   ) Y  91m 3.856E-10+-2.1E+02 Tc 98 (n,2p   ) Nb 97  1.834E-10+-2.1E+02 Tc 98 (n,2p   ) Nb 97m 2.205E-12+-2.1E+02
  Tc 98 (n,pa   ) Zr 94  4.356E-09+-2.0E+02 Tc 99 (n,n    ) Tc 99m 7.594E-02+-1.5E+01 Tc 99 (n,2n   ) Tc 98  2.056E-01+-2.0E+01 Tc 99 (n,na   ) Nb 95  1.393E-04+-6.7E+01
  Tc 99 (n,na   ) Nb 95m 9.739E-06+-6.7E+01 Tc 99 (n,np   ) Mo 98  6.207E-04+-1.0E+02 Tc 99 (n,g    ) Tc100  6.374E+00+-1.9E+01 Tc 99 (n,p    ) Mo 99  2.323E-03+-2.0E+01
  Tc 99 (n,d    ) Mo 98  9.723E-04+-1.0E+02 Tc 99 (n,t    ) Mo 97  5.746E-05+-6.0E+01 Tc 99 (n,a    ) Nb 96  8.774E-04+-1.0E+01 Tc 99 (n,2a   ) Y  92  4.378E-12+-2.0E+02
  Tc 99 (n,pa   ) Zr 95  8.952E-11+-2.0E+02 Tc 99m(n,2n   ) Tc 98  2.703E-01+-4.0E+01 Tc 99m(n,na   ) Nb 95  1.824E-04+-1.2E+02 Tc 99m(n,na   ) Nb 95m 2.062E-05+-1.2E+02
  Tc 99m(n,np   ) Mo 98  9.314E-04+-1.0E+02 Tc 99m(n,g    ) Tc100  4.787E+00+-2.6E+02 Tc 99m(n,p    ) Mo 99  3.347E-03+-5.0E+01 Tc 99m(n,d    ) Mo 98  4.392E-04+-1.0E+02
  Tc 99m(n,t    ) Mo 97  4.834E-05+-6.0E+01 Tc 99m(n,a    ) Nb 96  1.229E-03+-6.0E+01 Tc 99m(n,2a   ) Y  92  6.859E-12+-2.0E+02 Tc 99m(n,pa   ) Zr 95  1.741E-10+-2.0E+02
  Ru 96 (n,2n   ) Ru 95  8.689E-02+-2.0E+01 Ru 96 (n,na   ) Mo 92  3.336E-03+-1.0E+02 Ru 96 (n,np   ) Tc 95  3.859E-02+-1.2E+02 Ru 96 (n,np   ) Tc 95m 8.582E-03+-1.2E+02
  Ru 96 (n,g    ) Ru 97  2.694E-01+-2.5E+01 Ru 96 (n,p    ) Tc 96  1.219E-02+-6.7E+01 Ru 96 (n,p    ) Tc 96m 2.382E-02+-6.7E+01 Ru 96 (n,d    ) Tc 95  4.764E-04+-1.2E+02
  Ru 96 (n,d    ) Tc 95m 1.546E-04+-1.2E+02 Ru 96 (n,t    ) Tc 94  6.175E-07+-8.5E+01 Ru 96 (n,t    ) Tc 94m 4.804E-07+-8.5E+01 Ru 96 (n,h    ) Mo 94  6.552E-08+-9.0E+01
  Ru 96 (n,a    ) Mo 93  7.184E-03+-8.5E+01 Ru 96 (n,a    ) Mo 93m 1.020E-04+-8.5E+01 Ru 96 (n,2a   ) Zr 89  5.413E-09+-2.1E+02 Ru 96 (n,2a   ) Zr 89m 1.260E-10+-2.1E+02
  Ru 96 (n,2p   ) Mo 95  5.006E-05+-2.0E+02 Ru 96 (n,pa   ) Nb 92  7.178E-06+-2.1E+02 Ru 96 (n,pa   ) Nb 92m 1.513E-06+-2.1E+02 Ru 96 (n,pd   ) Mo 94  4.539E-12+-2.0E+02
  Ru 97 (n,2n   ) Ru 96  2.088E-01+-4.0E+01 Ru 97 (n,na   ) Mo 93  1.649E-03+-1.2E+02 Ru 97 (n,na   ) Mo 93m 1.631E-04+-1.2E+02 Ru 97 (n,2na  ) Mo 92  4.215E-10+-2.0E+02
  Ru 97 (n,np   ) Tc 96  7.934E-03+-1.2E+02 Ru 97 (n,np   ) Tc 96m 4.520E-03+-1.2E+02 Ru 97 (n,g    ) Ru 98  2.833E+00+-3.7E+02 Ru 97 (n,p    ) Tc 97  1.837E-02+-7.8E+01
  Ru 97 (n,p    ) Tc 97m 6.437E-03+-7.8E+01 Ru 97 (n,d    ) Tc 96  2.951E-04+-1.2E+02 Ru 97 (n,d    ) Tc 96m 1.969E-04+-1.2E+02 Ru 97 (n,t    ) Tc 95  2.348E-05+-8.5E+01
  Ru 97 (n,t    ) Tc 95m 9.509E-06+-8.5E+01 Ru 97 (n,h    ) Mo 95  1.288E-08+-9.0E+01 Ru 97 (n,a    ) Mo 94  1.626E-02+-6.0E+01 Ru 97 (n,2a   ) Zr 90  3.747E-06+-2.1E+02
  Ru 97 (n,2a   ) Zr 90m 1.246E-07+-2.1E+02 Ru 97 (n,2p   ) Mo 96  7.053E-05+-2.0E+02 Ru 97 (n,pa   ) Nb 93  2.383E-06+-2.1E+02 Ru 97 (n,pa   ) Nb 93m 4.373E-07+-2.1E+02
  Ru 98 (n,2n   ) Ru 97  1.645E-01+-2.0E+01 Ru 98 (n,na   ) Mo 94  7.162E-04+-1.0E+02 Ru 98 (n,np   ) Tc 97  3.350E-03+-1.2E+02 Ru 98 (n,np   ) Tc 97m 6.757E-04+-1.2E+02
  Ru 98 (n,g    ) Ru 99  6.950E-01+-4.4E+01 Ru 98 (n,p    ) Tc 98  1.275E-02+-5.0E+01 Ru 98 (n,d    ) Tc 97  2.189E-04+-1.2E+02 Ru 98 (n,d    ) Tc 97m 9.217E-05+-1.2E+02
  Ru 98 (n,t    ) Tc 96  1.174E-07+-8.5E+01 Ru 98 (n,t    ) Tc 96m 1.330E-07+-8.5E+01 Ru 98 (n,h    ) Mo 96  9.348E-10+-9.0E+01 Ru 98 (n,a    ) Mo 95  3.595E-03+-6.0E+01
  Ru 98 (n,2a   ) Zr 91  2.839E-08+-2.0E+02 Ru 98 (n,2p   ) Mo 97  1.783E-08+-2.0E+02 Ru 98 (n,pa   ) Nb 94  1.718E-09+-2.1E+02 Ru 98 (n,pa   ) Nb 94m 1.637E-09+-2.1E+02
  Ru 99 (n,2n   ) Ru 98  2.402E-01+-4.0E+01 Ru 99 (n,na   ) Mo 95  4.699E-04+-1.0E+02 Ru 99 (n,2na  ) Mo 94  1.692E-10+-2.0E+02 Ru 99 (n,np   ) Tc 98  1.273E-03+-1.0E+02
  Ru 99 (n,g    ) Ru100  3.706E+00+-1.9E+01 Ru 99 (n,p    ) Tc 99  6.525E-03+-5.0E+01 Ru 99 (n,p    ) Tc 99m 2.322E-03+-5.0E+01 Ru 99 (n,d    ) Tc 98  2.055E-04+-1.0E+02
  Ru 99 (n,t    ) Tc 97  1.352E-05+-8.5E+01 Ru 99 (n,t    ) Tc 97m 6.238E-06+-8.5E+01 Ru 99 (n,h    ) Mo 97  1.846E-10+-9.0E+01 Ru 99 (n,a    ) Mo 96  2.968E-03+-5.4E+01
  Ru 99 (n,2a   ) Zr 92  1.754E-08+-2.0E+02 Ru 99 (n,2p   ) Mo 98  4.984E-08+-2.0E+02 Ru 99 (n,pa   ) Nb 95  4.350E-09+-2.1E+02 Ru 99 (n,pa   ) Nb 95m 3.355E-10+-2.1E+02
  Ru100 (n,2n   ) Ru 99  2.192E-01+-4.0E+01 Ru100 (n,na   ) Mo 96  1.118E-04+-1.0E+02 Ru100 (n,np   ) Tc 99  2.943E-04+-1.2E+02 Ru100 (n,np   ) Tc 99m 4.332E-05+-1.2E+02
  Ru100 (n,g    ) Ru101  5.891E-01+-1.4E+01 Ru100 (n,p    ) Tc100  4.070E-03+-3.0E+01 Ru100 (n,d    ) Tc 99  1.015E-04+-1.2E+02 Ru100 (n,d    ) Tc 99m 3.165E-05+-1.2E+02
  Ru100 (n,t    ) Tc 98  1.190E-07+-6.0E+01 Ru100 (n,h    ) Mo 98  8.087E-12+-9.0E+01 Ru100 (n,a    ) Mo 97  1.827E-03+-6.0E+01 Ru100 (n,2a   ) Zr 93  6.980E-11+-2.0E+02
  Ru100 (n,pa   ) Nb 96  1.308E-12+-2.0E+02 Ru101 (n,2n   ) Ru100  2.502E-01+-4.0E+01 Ru101 (n,na   ) Mo 97  1.218E-04+-1.0E+02 Ru101 (n,2na  ) Mo 96  4.298E-11+-2.0E+02
  Ru101 (n,np   ) Tc100  1.142E-04+-1.0E+02 Ru101 (n,g    ) Ru102  2.846E+00+-3.7E+01 Ru101 (n,p    ) Tc101  3.832E-03+-2.0E+01 Ru101 (n,d    ) Tc100  1.224E-04+-1.0E+02
  Ru101 (n,t    ) Tc 99  1.222E-05+-8.5E+01 Ru101 (n,t    ) Tc 99m 3.915E-06+-8.5E+01 Ru101 (n,a    ) Mo 98  1.407E-03+-6.0E+01 Ru101 (n,2a   ) Zr 94  6.836E-11+-2.0E+02
  Ru101 (n,2p   ) Mo100  6.570E-12+-2.0E+02 Ru101 (n,pa   ) Nb 97  2.393E-11+-2.1E+02 Ru102 (n,2n   ) Ru101  2.648E-01+-4.0E+01 Ru102 (n,na   ) Mo 98  1.850E-05+-1.0E+02
  Ru102 (n,np   ) Tc101  2.614E-05+-1.0E+02 Ru102 (n,g    ) Ru103  2.402E-01+-2.1E+01 Ru102 (n,p    ) Tc102  1.120E-03+-7.8E+01 Ru102 (n,p    ) Tc102m 9.864E-04+-2.0E+01
  Ru102 (n,d    ) Tc101  4.572E-05+-1.0E+02 Ru102 (n,t    ) Tc100  3.776E-08+-6.0E+01 Ru102 (n,a    ) Mo 99  8.975E-04+-2.0E+01 Ru103 (n,2n   ) Ru102  2.470E-01+-2.0E+01
  Ru103 (n,na   ) Mo 99  2.323E-05+-1.0E+02 Ru103 (n,2na  ) Mo 98  3.682E-11+-2.0E+02 Ru103 (n,np   ) Tc102  6.159E-06+-1.2E+02 Ru103 (n,np   ) Tc102m 1.005E-05+-1.2E+02
  Ru103 (n,g    ) Ru104  1.239E+00+-4.6E+02 Ru103 (n,p    ) Tc103  1.731E-03+-5.0E+01 Ru103 (n,d    ) Tc102  1.948E-05+-1.2E+02 Ru103 (n,d    ) Tc102m 2.110E-05+-1.2E+02
  Ru103 (n,t    ) Tc101  9.537E-06+-6.0E+01 Ru103 (n,a    ) Mo100  7.439E-04+-6.0E+01 Ru103 (n,2a   ) Zr 96  1.988E-12+-2.0E+02 Ru104 (n,2n   ) Ru103  2.497E-01+-1.0E+01
  Ru104 (n,na   ) Mo100  2.010E-06+-1.0E+02 Ru104 (n,np   ) Tc103  1.735E-06+-1.0E+02 Ru104 (n,g    ) Ru105  2.330E-01+-2.8E+01 Ru104 (n,p    ) Tc104  9.493E-04+-2.0E+01
  Ru104 (n,d    ) Tc103  1.472E-05+-1.0E+02 Ru104 (n,t    ) Tc102  3.575E-09+-8.5E+01 Ru104 (n,t    ) Tc102m 3.873E-09+-8.5E+01 Ru104 (n,a    ) Mo101  3.701E-04+-2.0E+01
  Ru105 (n,2n   ) Ru104  2.796E-01+-4.0E+01 Ru105 (n,na   ) Mo101  2.456E-06+-1.0E+02 Ru105 (n,np   ) Tc104  1.319E-06+-1.0E+02 Ru105 (n,g    ) Ru106  2.792E-01+-7.6E+01
  Ru105 (n,p    ) Tc105  8.128E-04+-5.0E+01 Ru105 (n,d    ) Tc104  1.539E-05+-1.0E+02 Ru105 (n,t    ) Tc103  4.415E-06+-6.0E+01 Ru105 (n,a    ) Mo102  3.999E-04+-6.0E+01
  Ru106 (n,2n   ) Ru105  2.580E-01+-4.0E+01 Ru106 (n,3n   ) Ru104  3.580E-05+-8.0E+01 Ru106 (n,na   ) Mo102  2.873E-07+-1.0E+02 Ru106 (n,np   ) Tc105  1.595E-07+-1.0E+02
  Ru106 (n,g    ) Ru107  8.611E-02+-2.6E+01 Ru106 (n,p    ) Tc106  4.950E-04+-5.0E+01 Ru106 (n,d    ) Tc105  5.134E-06+-1.0E+02 Ru106 (n,t    ) Tc104  2.204E-09+-6.0E+01
  Ru106 (n,a    ) Mo103  3.192E-04+-2.0E+01 Rh 99 (n,n    ) Rh 99m 2.644E-01+-1.0E+02 Rh 99 (n,2n   ) Rh 98  4.701E-02+-7.2E+01 Rh 99 (n,2n   ) Rh 98m 7.670E-02+-7.2E+01
  Rh 99 (n,na   ) Tc 95  2.444E-03+-1.2E+02 Rh 99 (n,na   ) Tc 95m 5.586E-04+-1.2E+02 Rh 99 (n,np   ) Ru 98  9.011E-02+-1.0E+02 Rh 99 (n,nd   ) Ru 97  6.575E-12+-6.0E+01
  Rh 99 (n,npa  ) Mo 94  1.363E-11+-2.0E+02 Rh 99 (n,g    ) Rh100  5.161E+00+-7.8E+01 Rh 99 (n,g    ) Rh100m 1.134E+00+-7.8E+01 Rh 99 (n,p    ) Ru 99  2.365E-01+-5.0E+01
  Rh 99 (n,d    ) Ru 98  2.060E-03+-1.0E+02 Rh 99 (n,t    ) Ru 97  6.235E-05+-6.0E+01 Rh 99 (n,h    ) Tc 97  5.576E-09+-1.1E+02 Rh 99 (n,h    ) Tc 97m 3.137E-09+-1.1E+02
  Rh 99 (n,a    ) Tc 96  2.138E-03+-8.5E+01 Rh 99 (n,a    ) Tc 96m 4.140E-03+-8.5E+01 Rh 99 (n,2a   ) Nb 92  1.089E-07+-2.1E+02 Rh 99 (n,2a   ) Nb 92m 4.217E-08+-2.1E+02
  Rh 99 (n,2p   ) Tc 98  3.272E-06+-2.0E+02 Rh 99 (n,pa   ) Mo 95  4.826E-06+-2.0E+02 Rh 99 (n,da   ) Mo 94  3.642E-11+-2.0E+02 Rh 99m(n,n    ) Rh 99  1.080E-01+-1.0E+02
  Rh 99m(n,2n   ) Rh 98  5.307E-02+-7.2E+01 Rh 99m(n,2n   ) Rh 98m 8.658E-02+-7.2E+01 Rh 99m(n,na   ) Tc 95  3.225E-03+-1.2E+02 Rh 99m(n,na   ) Tc 95m 4.200E-04+-1.2E+02
  Rh 99m(n,np   ) Ru 98  9.251E-02+-1.0E+02 Rh 99m(n,nd   ) Ru 97  5.527E-12+-6.0E+01 Rh 99m(n,npa  ) Mo 94  2.531E-11+-2.0E+02 Rh 99m(n,g    ) Rh100  5.161E+00+-7.8E+01
  Rh 99m(n,g    ) Rh100m 1.134E+00+-7.8E+01 Rh 99m(n,p    ) Ru 99  1.256E-01+-5.0E+01 Rh 99m(n,d    ) Ru 98  1.072E-03+-1.0E+02 Rh 99m(n,t    ) Ru 97  4.463E-05+-6.0E+01
  Rh 99m(n,h    ) Tc 97  4.662E-09+-1.1E+02 Rh 99m(n,h    ) Tc 97m 1.194E-09+-1.1E+02 Rh 99m(n,a    ) Tc 96  2.284E-03+-8.5E+01 Rh 99m(n,a    ) Tc 96m 4.497E-03+-8.5E+01
  Rh 99m(n,2a   ) Nb 92  6.362E-07+-2.1E+02 Rh 99m(n,2a   ) Nb 92m 7.318E-08+-2.1E+02 Rh 99m(n,2p   ) Tc 98  3.394E-06+-2.0E+02 Rh 99m(n,pa   ) Mo 95  4.968E-06+-2.0E+02
  Rh 99m(n,da   ) Mo 94  6.085E-11+-2.0E+02 Rh100 (n,n    ) Rh100m 2.928E-02+-1.0E+02 Rh100 (n,2n   ) Rh 99  7.864E-02+-7.2E+01 Rh100 (n,2n   ) Rh 99m 1.607E-01+-7.2E+01
  Rh100 (n,na   ) Tc 96  8.036E-04+-1.2E+02 Rh100 (n,na   ) Tc 96m 3.949E-04+-1.2E+02 Rh100 (n,2na  ) Tc 95  7.242E-11+-2.1E+02 Rh100 (n,2na  ) Tc 95m 7.685E-12+-2.1E+02
  Rh100 (n,np   ) Ru 99  1.746E-02+-1.0E+02 Rh100 (n,nd   ) Ru 98  7.183E-08+-6.0E+01 Rh100 (n,2np  ) Ru 98  3.374E-08+-2.0E+02 Rh100 (n,g    ) Rh101  1.212E+01+-7.8E+01
  Rh100 (n,g    ) Rh101m 4.041E+00+-7.8E+01 Rh100 (n,p    ) Ru100  3.229E+00+-5.0E+01 Rh100 (n,d    ) Ru 99  1.608E-03+-1.0E+02 Rh100 (n,t    ) Ru 98  4.002E-04+-6.0E+01
  Rh100 (n,h    ) Tc 98  2.087E-09+-9.0E+01 Rh100 (n,a    ) Tc 97  4.912E-03+-8.5E+01 Rh100 (n,a    ) Tc 97m 3.839E-03+-8.5E+01 Rh100 (n,2a   ) Nb 93  1.484E-07+-2.1E+02
  Rh100 (n,2a   ) Nb 93m 3.530E-08+-2.1E+02 Rh100 (n,2p   ) Tc 99  2.136E-06+-2.1E+02 Rh100 (n,2p   ) Tc 99m 5.131E-07+-2.1E+02 Rh100 (n,pa   ) Mo 96  1.225E-05+-2.0E+02
  Rh100 (n,da   ) Mo 95  2.600E-12+-2.0E+02 Rh101 (n,n    ) Rh101m 2.829E-01+-1.0E+02 Rh101 (n,2n   ) Rh100  7.867E-02+-7.2E+01 Rh101 (n,2n   ) Rh100m 1.284E-01+-7.2E+01
  Rh101 (n,na   ) Tc 97  3.904E-04+-1.2E+02 Rh101 (n,na   ) Tc 97m 6.879E-05+-1.2E+02 Rh101 (n,np   ) Ru100  7.936E-03+-1.0E+02 Rh101 (n,g    ) Rh102  1.523E+00+-7.8E+01
  Rh101 (n,g    ) Rh102m 6.087E+00+-7.8E+01 Rh101 (n,p    ) Ru101  1.130E-02+-5.0E+01 Rh101 (n,d    ) Ru100  1.377E-03+-1.0E+02 Rh101 (n,t    ) Ru 99  4.213E-05+-6.0E+01
  Rh101 (n,h    ) Tc 99  9.219E-11+-1.1E+02 Rh101 (n,h    ) Tc 99m 3.175E-11+-1.1E+02 Rh101 (n,a    ) Tc 98  2.850E-03+-6.0E+01 Rh101 (n,2a   ) Nb 94  1.890E-10+-2.1E+02
  Rh101 (n,2a   ) Nb 94m 1.730E-10+-2.1E+02 Rh101 (n,2p   ) Tc100  6.591E-10+-2.0E+02 Rh101 (n,pa   ) Mo 97  1.039E-08+-2.0E+02 Rh101m(n,n    ) Rh101  1.945E-01+-1.0E+02
  Rh101m(n,2n   ) Rh100  8.936E-02+-7.2E+01 Rh101m(n,2n   ) Rh100m 1.458E-01+-7.2E+01 Rh101m(n,na   ) Tc 97  4.782E-04+-1.2E+02 Rh101m(n,na   ) Tc 97m 5.226E-05+-1.2E+02
  Rh101m(n,np   ) Ru100  7.983E-03+-1.0E+02 Rh101m(n,g    ) Rh102  1.523E+00+-7.8E+01 Rh101m(n,g    ) Rh102m 6.087E+00+-7.8E+01 Rh101m(n,p    ) Ru101  1.098E-02+-5.0E+01
  Rh101m(n,d    ) Ru100  7.264E-04+-1.0E+02 Rh101m(n,t    ) Ru 99  3.865E-05+-6.0E+01 Rh101m(n,h    ) Tc 99  7.785E-11+-1.1E+02 Rh101m(n,h    ) Tc 99m 1.263E-11+-1.1E+02
  Rh101m(n,a    ) Tc 98  2.845E-03+-6.0E+01 Rh101m(n,2a   ) Nb 94  9.359E-10+-2.1E+02 Rh101m(n,2a   ) Nb 94m 3.477E-10+-2.1E+02 Rh101m(n,2p   ) Tc100  9.306E-10+-2.0E+02
  Rh101m(n,pa   ) Mo 97  1.249E-08+-2.0E+02 Rh102 (n,n    ) Rh102m 7.480E-02+-1.0E+02 Rh102 (n,2n   ) Rh101  7.753E-02+-7.2E+01 Rh102 (n,2n   ) Rh101m 1.742E-01+-7.2E+01
  Rh102 (n,na   ) Tc 98  2.712E-04+-1.0E+02 Rh102 (n,2na  ) Tc 97  2.328E-11+-2.1E+02 Rh102 (n,2na  ) Tc 97m 1.965E-12+-2.1E+02 Rh102 (n,np   ) Ru101  4.088E-03+-1.0E+02
  Rh102 (n,nd   ) Ru100  2.100E-08+-6.0E+01 Rh102 (n,2np  ) Ru100  1.865E-09+-2.0E+02 Rh102 (n,g    ) Rh103  9.139E+00+-7.8E+01 Rh102 (n,g    ) Rh103m 8.782E+00+-7.8E+01
  Rh102 (n,p    ) Ru102  7.479E-02+-5.0E+01 Rh102 (n,d    ) Ru101  1.028E-03+-1.0E+02 Rh102 (n,t    ) Ru100  3.610E-04+-6.0E+01 Rh102 (n,h    ) Tc100  1.631E-11+-9.0E+01
  Rh102 (n,a    ) Tc 99  1.625E-03+-8.5E+01 Rh102 (n,a    ) Tc 99m 5.669E-04+-8.5E+01 Rh102 (n,2a   ) Nb 95  7.911E-10+-2.1E+02 Rh102 (n,2a   ) Nb 95m 7.146E-11+-2.1E+02
  Rh102 (n,2p   ) Tc101  1.963E-09+-2.0E+02 Rh102 (n,pa   ) Mo 98  1.963E-08+-2.0E+02 Rh102m(n,n    ) Rh102  1.939E-01+-1.0E+02 Rh102m(n,2n   ) Rh101  4.144E-02+-7.2E+01
  Rh102m(n,2n   ) Rh101m 2.283E-01+-7.2E+01 Rh102m(n,na   ) Tc 98  3.036E-04+-1.0E+02 Rh102m(n,2na  ) Tc 97  8.702E-11+-2.1E+02 Rh102m(n,2na  ) Tc 97m 3.754E-12+-2.1E+02
  Rh102m(n,np   ) Ru101  3.877E-03+-1.0E+02 Rh102m(n,nd   ) Ru100  1.512E-08+-6.0E+01 Rh102m(n,2np  ) Ru100  2.657E-09+-2.0E+02 Rh102m(n,g    ) Rh103  9.139E+00+-7.8E+01
  Rh102m(n,g    ) Rh103m 8.782E+00+-7.8E+01 Rh102m(n,p    ) Ru102  7.335E-03+-5.0E+01 Rh102m(n,d    ) Ru101  9.994E-04+-1.0E+02 Rh102m(n,t    ) Ru100  2.162E-04+-6.0E+01
  Rh102m(n,h    ) Tc100  1.760E-11+-9.0E+01 Rh102m(n,a    ) Tc 99  1.703E-03+-8.5E+01 Rh102m(n,a    ) Tc 99m 5.052E-04+-8.5E+01 Rh102m(n,2a   ) Nb 95  1.305E-09+-2.1E+02
  Rh102m(n,2a   ) Nb 95m 5.537E-11+-2.1E+02 Rh102m(n,2p   ) Tc101  1.451E-09+-2.0E+02 Rh102m(n,pa   ) Mo 98  1.158E-08+-2.0E+02 Rh103 (n,n    ) Rh103m 2.836E-01+-1.0E+01
  Rh103 (n,2n   ) Rh102  1.405E-01+-3.0E+01 Rh103 (n,2n   ) Rh102m 7.977E-02+-3.0E+01 Rh103 (n,na   ) Tc 99  8.724E-05+-6.0E+01 Rh103 (n,na   ) Tc 99m 1.490E-05+-2.0E+01
  Rh103 (n,np   ) Ru102  1.321E-03+-1.0E+02 Rh103 (n,g    ) Rh104  1.821E+01+-2.2E+01 Rh103 (n,g    ) Rh104m 1.496E+00+-9.1E+00 Rh103 (n,p    ) Ru103  3.648E-03+-2.0E+01
  Rh103 (n,d    ) Ru102  1.054E-03+-1.0E+02 Rh103 (n,t    ) Ru101  8.773E-05+-4.0E+01 Rh103 (n,a    ) Tc100  1.370E-03+-3.0E+01 Rh103 (n,pa   ) Mo 99  9.719E-12+-2.0E+02
  Rh105 (n,n    ) Rh105m 1.838E-01+-1.0E+02 Rh105 (n,2n   ) Rh104  7.248E-02+-7.2E+01 Rh105 (n,2n   ) Rh104m 1.628E-01+-7.2E+01 Rh105 (n,na   ) Tc101  1.323E-05+-1.0E+02
  Rh105 (n,np   ) Ru104  3.059E-04+-1.0E+02 Rh105 (n,g    ) Rh106  3.629E+02+-4.8E+01 Rh105 (n,g    ) Rh106m 3.054E+02+-2.0E+01 Rh105 (n,p    ) Ru105  2.126E-03+-5.0E+01
  Rh105 (n,d    ) Ru104  6.083E-04+-1.0E+02 Rh105 (n,t    ) Ru103  1.428E-05+-6.0E+01 Rh105 (n,a    ) Tc102  3.681E-04+-8.5E+01 Rh105 (n,a    ) Tc102m 3.988E-04+-8.5E+01
  Pd100 (n,2n   ) Pd 99  1.019E-01+-4.0E+01 Pd100 (n,na   ) Ru 96  3.042E-03+-1.0E+02 Pd100 (n,np   ) Rh 99  2.165E-02+-1.2E+02 Pd100 (n,np   ) Rh 99m 5.260E-02+-1.2E+02
  Pd100 (n,g    ) Pd101  1.329E+00+-7.4E+02 Pd100 (n,p    ) Rh100  2.368E-02+-7.8E+01 Pd100 (n,p    ) Rh100m 2.565E-02+-7.8E+01 Pd100 (n,d    ) Rh 99  2.482E-04+-1.2E+02
  Pd100 (n,d    ) Rh 99m 4.030E-04+-1.2E+02 Pd100 (n,t    ) Rh 98  2.238E-07+-8.5E+01 Pd100 (n,t    ) Rh 98m 2.424E-07+-8.5E+01 Pd100 (n,h    ) Ru 98  1.200E-07+-9.0E+01
  Pd100 (n,a    ) Ru 97  8.964E-03+-6.0E+01 Pd100 (n,2a   ) Mo 93  1.688E-06+-2.1E+02 Pd100 (n,2a   ) Mo 93m 1.670E-07+-2.1E+02 Pd100 (n,2p   ) Ru 99  2.254E-04+-2.0E+02
  Pd100 (n,pa   ) Tc 96  4.761E-06+-2.1E+02 Pd100 (n,pa   ) Tc 96m 1.552E-06+-2.1E+02 Pd100 (n,pd   ) Ru 98  3.404E-11+-2.0E+02 Pd101 (n,2n   ) Pd100  1.878E-01+-4.0E+01
  Pd101 (n,na   ) Ru 97  1.839E-03+-1.0E+02 Pd101 (n,2na  ) Ru 96  7.729E-11+-2.0E+02 Pd101 (n,np   ) Rh100  9.069E-03+-1.2E+02 Pd101 (n,np   ) Rh100m 1.480E-02+-1.2E+02
  Pd101 (n,g    ) Pd102  5.771E+00+-2.9E+02 Pd101 (n,p    ) Rh101  4.592E-02+-7.8E+01 Pd101 (n,p    ) Rh101m 3.535E-02+-7.8E+01 Pd101 (n,d    ) Rh100  2.853E-04+-1.2E+02
  Pd101 (n,d    ) Rh100m 3.091E-04+-1.2E+02 Pd101 (n,t    ) Rh 99  1.494E-05+-8.5E+01 Pd101 (n,t    ) Rh 99m 1.666E-05+-8.5E+01 Pd101 (n,h    ) Ru 99  2.352E-08+-9.0E+01
  Pd101 (n,a    ) Ru 98  2.560E-02+-6.0E+01 Pd101 (n,2a   ) Mo 94  1.694E-06+-2.0E+02 Pd101 (n,2p   ) Ru100  4.310E-04+-2.0E+02 Pd101 (n,pa   ) Tc 97  4.978E-06+-2.1E+02
  Pd101 (n,pa   ) Tc 97m 6.761E-07+-2.1E+02 Pd102 (n,2n   ) Pd101  1.553E-01+-2.0E+01 Pd102 (n,na   ) Ru 98  6.720E-04+-1.0E+02 Pd102 (n,np   ) Rh101  2.415E-03+-1.2E+02
  Pd102 (n,np   ) Rh101m 5.613E-03+-1.2E+02 Pd102 (n,g    ) Pd103  5.399E-01+-2.8E+01 Pd102 (n,p    ) Rh102  1.266E-02+-3.0E+01 Pd102 (n,p    ) Rh102m 5.580E-03+-3.0E+01
  Pd102 (n,d    ) Rh101  1.388E-04+-1.2E+02 Pd102 (n,d    ) Rh101m 2.388E-04+-1.2E+02 Pd102 (n,t    ) Rh100  9.764E-08+-8.5E+01 Pd102 (n,t    ) Rh100m 1.058E-07+-8.5E+01
  Pd102 (n,h    ) Ru100  3.831E-09+-9.0E+01 Pd102 (n,a    ) Ru 99  4.185E-03+-6.0E+01 Pd102 (n,2a   ) Mo 95  7.257E-09+-2.0E+02 Pd102 (n,2p   ) Ru101  2.880E-07+-2.0E+02
  Pd102 (n,pa   ) Tc 98  4.496E-09+-2.0E+02 Pd103 (n,2n   ) Pd102  2.359E-01+-4.0E+01 Pd103 (n,na   ) Ru 99  4.799E-04+-1.0E+02 Pd103 (n,2na  ) Ru 98  4.494E-11+-2.0E+02
  Pd103 (n,np   ) Rh102  1.835E-03+-1.2E+02 Pd103 (n,np   ) Rh102m 1.557E-03+-1.2E+02 Pd103 (n,g    ) Pd104  7.484E+00+-2.7E+02 Pd103 (n,p    ) Rh103  3.953E-03+-7.8E+01
  Pd103 (n,p    ) Rh103m 7.568E-03+-7.8E+01 Pd103 (n,d    ) Rh102  1.434E-04+-1.2E+02 Pd103 (n,d    ) Rh102m 1.193E-04+-1.2E+02 Pd103 (n,t    ) Rh101  1.029E-05+-8.5E+01
  Pd103 (n,t    ) Rh101m 1.386E-05+-8.5E+01 Pd103 (n,h    ) Ru101  3.717E-10+-9.0E+01 Pd103 (n,a    ) Ru100  3.943E-03+-6.0E+01 Pd103 (n,2a   ) Mo 96  1.071E-08+-2.0E+02
  Pd103 (n,2p   ) Ru102  1.487E-06+-2.0E+02 Pd103 (n,pa   ) Tc 99  1.878E-08+-2.1E+02 Pd103 (n,pa   ) Tc 99m 3.387E-09+-2.1E+02 Pd104 (n,2n   ) Pd103  2.190E-01+-4.0E+01
  Pd104 (n,na   ) Ru100  1.233E-04+-1.0E+02 Pd104 (n,np   ) Rh103  2.089E-04+-1.2E+02 Pd104 (n,np   ) Rh103m 6.377E-04+-1.2E+02 Pd104 (n,g    ) Pd105  4.844E-01+-1.7E+01
  Pd104 (n,p    ) Rh104  4.349E-03+-3.0E+01 Pd104 (n,p    ) Rh104m 3.169E-03+-3.0E+01 Pd104 (n,d    ) Rh103  6.446E-05+-1.2E+02 Pd104 (n,d    ) Rh103m 1.063E-04+-1.2E+02
  Pd104 (n,t    ) Rh102  8.000E-08+-8.5E+01 Pd104 (n,t    ) Rh102m 2.545E-08+-8.5E+01 Pd104 (n,h    ) Ru102  2.640E-11+-9.0E+01 Pd104 (n,a    ) Ru101  2.228E-03+-6.0E+01
  Pd104 (n,2a   ) Mo 97  1.283E-11+-2.0E+02 Pd104 (n,2p   ) Ru103  9.862E-11+-2.0E+02 Pd104 (n,pa   ) Tc100  1.432E-12+-2.0E+02 Pd105 (n,2n   ) Pd104  2.586E-01+-4.0E+01
  Pd105 (n,na   ) Ru101  1.207E-04+-1.0E+02 Pd105 (n,2na  ) Ru100  1.254E-11+-2.0E+02 Pd105 (n,np   ) Rh104  1.575E-04+-1.2E+02 Pd105 (n,np   ) Rh104m 2.281E-04+-1.2E+02
  Pd105 (n,g    ) Pd106  3.516E+00+-4.5E+01 Pd105 (n,p    ) Rh105  3.646E-03+-3.0E+01 Pd105 (n,p    ) Rh105m 1.319E-03+-5.0E+01 Pd105 (n,d    ) Rh104  7.166E-05+-1.2E+02
  Pd105 (n,d    ) Rh104m 8.670E-05+-1.2E+02 Pd105 (n,t    ) Rh103  6.190E-06+-8.5E+01 Pd105 (n,t    ) Rh103m 8.439E-06+-8.5E+01 Pd105 (n,h    ) Ru103  2.042E-12+-9.0E+01
  Pd105 (n,a    ) Ru102  8.907E-04+-3.0E+01 Pd105 (n,2a   ) Mo 98  3.226E-11+-2.0E+02 Pd105 (n,2p   ) Ru104  1.297E-09+-2.0E+02 Pd105 (n,pa   ) Tc101  2.613E-11+-2.0E+02
  Pd106 (n,2n   ) Pd105  2.371E-01+-4.0E+01 Pd106 (n,na   ) Ru102  2.060E-05+-1.0E+02 Pd106 (n,np   ) Rh105  8.978E-05+-1.2E+02 Pd106 (n,np   ) Rh105m 2.032E-05+-1.2E+02
  Pd106 (n,g    ) Pd107  2.310E-01+-8.9E+00 Pd106 (n,g    ) Pd107m 1.152E-02+-2.4E+01 Pd106 (n,p    ) Rh106  2.227E-03+-3.0E+01 Pd106 (n,p    ) Rh106m 1.331E-03+-2.0E+01
  Pd106 (n,d    ) Rh105  5.454E-05+-1.2E+02 Pd106 (n,d    ) Rh105m 3.136E-05+-1.2E+02 Pd106 (n,t    ) Rh104  1.489E-08+-8.5E+01 Pd106 (n,t    ) Rh104m 1.065E-08+-8.5E+01
  Pd106 (n,a    ) Ru103  7.446E-04+-2.0E+01 Pd107 (n,n    ) Pd107m 7.285E-02+-1.0E+02 Pd107 (n,2n   ) Pd106  2.726E-01+-4.0E+01 Pd107 (n,na   ) Ru103  2.864E-05+-1.0E+02
  Pd107 (n,2na  ) Ru102  4.868E-12+-2.0E+02 Pd107 (n,np   ) Rh106  2.169E-05+-1.2E+02 Pd107 (n,np   ) Rh106m 3.775E-05+-1.2E+02 Pd107 (n,g    ) Pd108  2.862E+00+-1.5E+01
  Pd107 (n,p    ) Rh107  2.437E-03+-5.0E+01 Pd107 (n,d    ) Rh106  3.741E-05+-1.2E+02 Pd107 (n,d    ) Rh106m 5.087E-05+-1.2E+02 Pd107 (n,t    ) Rh105  7.861E-06+-8.5E+01
  Pd107 (n,t    ) Rh105m 4.868E-06+-8.5E+01 Pd107 (n,a    ) Ru104  8.517E-04+-3.0E+01 Pd107 (n,2p   ) Ru106  2.829E-12+-2.0E+02 Pd108 (n,2n   ) Pd107  1.523E-01+-4.0E+01
  Pd108 (n,2n   ) Pd107m 7.755E-02+-2.0E+01 Pd108 (n,na   ) Ru104  4.281E-06+-1.0E+02 Pd108 (n,np   ) Rh107  1.497E-05+-1.0E+02 Pd108 (n,g    ) Pd109  4.277E+00+-2.6E+01
  Pd108 (n,g    ) Pd109m 9.601E-02+-8.0E+01 Pd108 (n,p    ) Rh108  3.782E-04+-3.0E+01 Pd108 (n,p    ) Rh108m 1.056E-03+-3.0E+01 Pd108 (n,d    ) Rh107  3.464E-05+-1.0E+02
  Pd108 (n,t    ) Rh106  7.814E-09+-8.5E+01 Pd108 (n,t    ) Rh106m 8.285E-09+-8.5E+01 Pd108 (n,a    ) Ru105  3.489E-04+-3.0E+01 Pd109 (n,n    ) Pd109m 1.567E-01+-1.0E+02
  Pd109 (n,2n   ) Pd108  2.821E-01+-4.0E+01 Pd109 (n,na   ) Ru105  6.265E-06+-1.0E+02 Pd109 (n,np   ) Rh108  3.266E-06+-1.2E+02 Pd109 (n,np   ) Rh108m 5.329E-06+-1.2E+02
  Pd109 (n,g    ) Pd110  3.556E+00+-3.3E+02 Pd109 (n,p    ) Rh109  1.172E-03+-5.0E+01 Pd109 (n,d    ) Rh108  1.966E-05+-1.2E+02 Pd109 (n,d    ) Rh108m 2.130E-05+-1.2E+02
  Pd109 (n,t    ) Rh107  9.428E-06+-6.0E+01 Pd109 (n,a    ) Ru106  5.175E-04+-6.0E+01 Pd110 (n,2n   ) Pd109  2.250E-01+-3.0E+01 Pd110 (n,2n   ) Pd109m 8.405E-02+-2.0E+01
  Pd110 (n,na   ) Ru106  8.545E-07+-1.0E+02 Pd110 (n,np   ) Rh109  1.431E-06+-1.0E+02 Pd110 (n,g    ) Pd111  8.552E-02+-1.8E+01 Pd110 (n,g    ) Pd111m 1.514E-02+-4.3E+01
  Pd110 (n,p    ) Rh110  5.143E-04+-7.8E+01 Pd110 (n,p    ) Rh110m 2.310E-04+-7.8E+01 Pd110 (n,d    ) Rh109  1.197E-05+-1.0E+02 Pd110 (n,t    ) Rh108  3.342E-09+-8.5E+01
  Pd110 (n,t    ) Rh108m 3.620E-09+-8.5E+01 Pd110 (n,a    ) Ru107  3.519E-04+-3.0E+01 Pd112 (n,2n   ) Pd111  1.937E-01+-7.2E+01 Pd112 (n,2n   ) Pd111m 7.848E-02+-7.2E+01
  Pd112 (n,3n   ) Pd110  1.494E-04+-8.0E+01 Pd112 (n,na   ) Ru108  1.325E-07+-1.0E+02 Pd112 (n,np   ) Rh111  8.363E-08+-1.0E+02 Pd112 (n,g    ) Pd113  4.569E-01+-7.8E+01
  Pd112 (n,g    ) Pd113m 7.541E-03+-7.8E+01 Pd112 (n,p    ) Rh112  7.150E-05+-7.8E+01 Pd112 (n,p    ) Rh112m 7.746E-05+-7.8E+01 Pd112 (n,d    ) Rh111  2.492E-06+-1.0E+02
  Pd112 (n,t    ) Rh110  2.428E-09+-8.5E+01 Pd112 (n,t    ) Rh110m 1.091E-09+-8.5E+01 Pd112 (n,a    ) Ru109  1.949E-04+-6.0E+01 Ag105 (n,n    ) Ag105m 2.761E-01+-1.0E+02
  Ag105 (n,2n   ) Ag104  1.197E-01+-7.2E+01 Ag105 (n,2n   ) Ag104m 8.750E-02+-7.2E+01 Ag105 (n,na   ) Rh101  2.122E-04+-1.2E+02 Ag105 (n,na   ) Rh101m 4.882E-04+-1.2E+02
  Ag105 (n,np   ) Pd104  1.875E-02+-1.0E+02 Ag105 (n,g    ) Ag106  1.468E+01+-7.8E+01 Ag105 (n,g    ) Ag106m 1.561E+00+-7.8E+01 Ag105 (n,p    ) Pd105  1.825E-02+-5.0E+01
  Ag105 (n,d    ) Pd104  1.554E-03+-1.0E+02 Ag105 (n,t    ) Pd103  3.989E-05+-6.0E+01 Ag105 (n,h    ) Rh103  3.731E-10+-1.1E+02 Ag105 (n,h    ) Rh103m 4.136E-10+-1.1E+02
  Ag105 (n,a    ) Rh102  1.871E-03+-8.5E+01 Ag105 (n,a    ) Rh102m 1.581E-03+-8.5E+01 Ag105 (n,2a   ) Tc 98  4.023E-10+-2.0E+02 Ag105 (n,2p   ) Rh104  1.723E-08+-2.1E+02
  Ag105 (n,2p   ) Rh104m 1.547E-08+-2.1E+02 Ag105 (n,pa   ) Ru101  9.256E-08+-2.0E+02 Ag106m(n,n    ) Ag106  2.274E-01+-1.0E+02 Ag106m(n,2n   ) Ag105  2.128E-02+-7.2E+01
  Ag106m(n,2n   ) Ag105m 2.363E-01+-7.2E+01 Ag106m(n,na   ) Rh102  1.103E-04+-1.2E+02 Ag106m(n,na   ) Rh102m 1.891E-04+-1.2E+02 Ag106m(n,2na  ) Rh101  3.440E-12+-2.1E+02
  Ag106m(n,2na  ) Rh101m 9.786E-12+-2.1E+02 Ag106m(n,np   ) Pd105  7.170E-03+-1.0E+02 Ag106m(n,nd   ) Pd104  7.151E-09+-6.0E+01 Ag106m(n,2np  ) Pd104  1.494E-09+-2.0E+02
  Ag106m(n,g    ) Ag107  1.067E+01+-7.8E+01 Ag106m(n,g    ) Ag107m 1.025E+01+-7.8E+01 Ag106m(n,p    ) Pd106  1.112E-02+-5.0E+01 Ag106m(n,d    ) Pd105  9.592E-04+-1.0E+02
  Ag106m(n,t    ) Pd104  1.612E-04+-6.0E+01 Ag106m(n,h    ) Rh104  1.735E-11+-1.1E+02 Ag106m(n,h    ) Rh104m 2.543E-11+-1.1E+02 Ag106m(n,a    ) Rh103  8.915E-04+-8.5E+01
  Ag106m(n,a    ) Rh103m 1.767E-03+-8.5E+01 Ag106m(n,2a   ) Tc 99  8.532E-10+-2.1E+02 Ag106m(n,2a   ) Tc 99m 1.140E-10+-2.1E+02 Ag106m(n,2p   ) Rh105  2.622E-08+-2.1E+02
  Ag106m(n,2p   ) Rh105m 6.575E-09+-2.1E+02 Ag106m(n,pa   ) Ru102  7.218E-08+-2.0E+02 Ag107 (n,n    ) Ag107m 2.152E-01+-3.0E+01 Ag107 (n,2n   ) Ag106  1.196E-01+-3.0E+01
  Ag107 (n,2n   ) Ag106m 9.689E-02+-2.0E+01 Ag107 (n,na   ) Rh103  2.499E-05+-1.2E+02 Ag107 (n,na   ) Rh103m 1.085E-04+-1.2E+02 Ag107 (n,np   ) Pd106  2.890E-03+-1.0E+02
  Ag107 (n,g    ) Ag108  4.496E+00+-7.0E+00 Ag107 (n,g    ) Ag108m 4.861E-02+-1.4E+01 Ag107 (n,p    ) Pd107  3.785E-03+-6.0E+01 Ag107 (n,p    ) Pd107m 1.208E-03+-2.0E+01
  Ag107 (n,d    ) Pd106  1.127E-03+-1.0E+02 Ag107 (n,t    ) Pd105  1.091E-04+-6.0E+01 Ag107 (n,h    ) Rh105  4.331E-12+-1.1E+02 Ag107 (n,h    ) Rh105m 3.950E-12+-1.1E+02
  Ag107 (n,a    ) Rh104  8.795E-04+-6.0E+01 Ag107 (n,a    ) Rh104m 8.998E-04+-6.0E+01 Ag107 (n,2a   ) Tc100  1.216E-12+-2.0E+02 Ag107 (n,2p   ) Rh106  1.315E-12+-2.1E+02
  Ag107 (n,2p   ) Rh106m 2.259E-12+-2.1E+02 Ag107 (n,pa   ) Ru103  3.677E-10+-2.0E+02 Ag108m(n,n    ) Ag108  1.588E-01+-1.0E+02 Ag108m(n,2n   ) Ag107  3.418E-02+-7.2E+01
  Ag108m(n,2n   ) Ag107m 2.481E-01+-7.2E+01 Ag108m(n,na   ) Rh104  1.450E-05+-1.2E+02 Ag108m(n,na   ) Rh104m 5.149E-05+-1.2E+02 Ag108m(n,2na  ) Rh103m 3.545E-12+-2.1E+02
  Ag108m(n,np   ) Pd107  6.448E-04+-1.2E+02 Ag108m(n,np   ) Pd107m 9.796E-04+-1.2E+02 Ag108m(n,nd   ) Pd106  3.443E-09+-6.0E+01 Ag108m(n,2np  ) Pd106  9.523E-11+-2.0E+02
  Ag108m(n,g    ) Ag109  1.066E+01+-7.8E+01 Ag108m(n,g    ) Ag109m 1.025E+01+-7.8E+01 Ag108m(n,p    ) Pd108  4.465E-03+-5.0E+01 Ag108m(n,d    ) Pd107  2.668E-04+-1.2E+02
  Ag108m(n,d    ) Pd107m 4.200E-04+-1.2E+02 Ag108m(n,t    ) Pd106  1.754E-04+-6.0E+01 Ag108m(n,a    ) Rh105  1.040E-03+-8.5E+01 Ag108m(n,a    ) Rh105m 3.293E-04+-8.5E+01
  Ag108m(n,2a   ) Tc101  5.516E-12+-2.0E+02 Ag108m(n,2p   ) Rh107  1.101E-10+-2.0E+02 Ag108m(n,pa   ) Ru104  3.660E-10+-2.0E+02 Ag109 (n,n    ) Ag109m 2.627E-01+-3.0E+01
  Ag109 (n,2n   ) Ag108  1.295E-01+-3.0E+01 Ag109 (n,2n   ) Ag108m 1.115E-01+-2.0E+01 Ag109 (n,na   ) Rh105  2.327E-05+-1.2E+02 Ag109 (n,na   ) Rh105m 6.018E-06+-1.2E+02
  Ag109 (n,np   ) Pd108  6.553E-04+-1.0E+02 Ag109 (n,g    ) Ag110  2.741E+01+-8.2E+01 Ag109 (n,g    ) Ag110m 1.324E+00+-8.2E+01 Ag109 (n,p    ) Pd109  1.979E-03+-3.0E+01
  Ag109 (n,p    ) Pd109m 8.575E-04+-3.0E+01 Ag109 (n,d    ) Pd108  7.340E-04+-1.0E+02 Ag109 (n,t    ) Pd107  1.065E-05+-8.5E+01 Ag109 (n,t    ) Pd107m 4.068E-06+-8.5E+01
  Ag109 (n,a    ) Rh106  2.880E-04+-4.0E+01 Ag109 (n,a    ) Rh106m 4.257E-04+-3.0E+01 Ag110m(n,n    ) Ag110  2.599E-01+-1.0E+02 Ag110m(n,2n   ) Ag109  7.283E-02+-7.2E+01
  Ag110m(n,2n   ) Ag109m 2.294E-01+-7.2E+01 Ag110m(n,na   ) Rh106  3.848E-06+-1.2E+02 Ag110m(n,na   ) Rh106m 1.372E-05+-1.2E+02 Ag110m(n,np   ) Pd109  2.564E-04+-1.2E+02
  Ag110m(n,np   ) Pd109m 3.492E-04+-1.2E+02 Ag110m(n,nd   ) Pd108  1.085E-09+-6.0E+01 Ag110m(n,2np  ) Pd108  2.527E-12+-2.0E+02 Ag110m(n,g    ) Ag111  2.827E+00+-7.8E+01
  Ag110m(n,g    ) Ag111m 3.223E+00+-7.8E+01 Ag110m(n,p    ) Pd110  2.173E-03+-5.0E+01 Ag110m(n,d    ) Pd109  2.081E-04+-1.2E+02 Ag110m(n,d    ) Pd109m 2.710E-04+-1.2E+02
  Ag110m(n,t    ) Pd108  1.611E-04+-6.0E+01 Ag110m(n,a    ) Rh107  7.678E-04+-6.0E+01 Ag110m(n,pa   ) Ru106  2.508E-12+-2.0E+02 Ag111 (n,n    ) Ag111m 2.460E-01+-1.0E+02
  Ag111 (n,2n   ) Ag110  1.738E-01+-7.2E+01 Ag111 (n,2n   ) Ag110m 1.004E-01+-7.2E+01 Ag111 (n,na   ) Rh107  7.176E-06+-1.0E+02 Ag111 (n,np   ) Pd110  2.350E-04+-1.0E+02
  Ag111 (n,g    ) Ag112  2.047E+00+-3.1E+01 Ag111 (n,p    ) Pd111  8.166E-04+-7.8E+01 Ag111 (n,p    ) Pd111m 5.993E-04+-7.8E+01 Ag111 (n,d    ) Pd110  5.264E-04+-1.0E+02
  Ag111 (n,t    ) Pd109  7.122E-06+-8.5E+01 Ag111 (n,t    ) Pd109m 2.562E-06+-8.5E+01 Ag111 (n,a    ) Rh108  2.586E-04+-8.5E+01 Ag111 (n,a    ) Rh108m 2.802E-04+-8.5E+01
  Cd106 (n,2n   ) Cd105  8.265E-02+-2.0E+01 Cd106 (n,na   ) Pd102  1.125E-03+-1.0E+02 Cd106 (n,np   ) Ag105  4.638E-03+-1.2E+02 Cd106 (n,np   ) Ag105m 1.472E-02+-1.2E+02
  Cd106 (n,g    ) Cd107  3.237E-01+-3.9E+01 Cd106 (n,p    ) Ag106  1.789E-02+-7.8E+01 Cd106 (n,p    ) Ag106m 1.082E-02+-7.8E+01 Cd106 (n,d    ) Ag105  1.476E-04+-1.2E+02
  Cd106 (n,d    ) Ag105m 2.792E-04+-1.2E+02 Cd106 (n,t    ) Ag104  3.232E-06+-4.0E+01 Cd106 (n,t    ) Ag104m 7.676E-06+-4.0E+01 Cd106 (n,h    ) Pd104  9.594E-09+-9.0E+01
  Cd106 (n,a    ) Pd103  6.560E-03+-5.0E+01 Cd106 (n,2a   ) Ru 99  1.020E-08+-2.0E+02 Cd106 (n,2p   ) Pd105  1.168E-05+-2.0E+02 Cd106 (n,pa   ) Rh102  4.444E-08+-2.1E+02
  Cd106 (n,pa   ) Rh102m 3.295E-08+-2.1E+02 Cd107 (n,2n   ) Cd106  2.252E-01+-4.0E+01 Cd107 (n,na   ) Pd103  6.685E-04+-1.0E+02 Cd107 (n,2na  ) Pd102  2.918E-11+-2.0E+02
  Cd107 (n,np   ) Ag106  3.688E-03+-1.2E+02 Cd107 (n,np   ) Ag106m 4.095E-03+-1.2E+02 Cd107 (n,g    ) Cd108  4.931E+00+-2.8E+02 Cd107 (n,p    ) Ag107  5.916E-03+-7.8E+01
  Cd107 (n,p    ) Ag107m 1.081E-02+-7.8E+01 Cd107 (n,d    ) Ag106  2.172E-04+-1.2E+02 Cd107 (n,d    ) Ag106m 1.967E-04+-1.2E+02 Cd107 (n,t    ) Ag105  8.545E-06+-8.5E+01
  Cd107 (n,t    ) Ag105m 1.151E-05+-8.5E+01 Cd107 (n,h    ) Pd105  1.834E-09+-9.0E+01 Cd107 (n,a    ) Pd104  5.609E-03+-6.0E+01 Cd107 (n,2a   ) Ru100  2.647E-08+-2.0E+02
  Cd107 (n,2p   ) Pd106  1.655E-05+-2.0E+02 Cd107 (n,pa   ) Rh103  2.294E-08+-2.1E+02 Cd107 (n,pa   ) Rh103m 9.202E-08+-2.1E+02 Cd108 (n,2n   ) Cd107  1.790E-01+-3.0E+01
  Cd108 (n,na   ) Pd104  1.604E-04+-1.0E+02 Cd108 (n,np   ) Ag107  5.642E-04+-1.2E+02 Cd108 (n,np   ) Ag107m 1.597E-03+-1.2E+02 Cd108 (n,g    ) Cd109  7.389E-01+-8.5E+01
  Cd108 (n,p    ) Ag108  6.393E-03+-3.0E+01 Cd108 (n,p    ) Ag108m 2.444E-03+-3.0E+01 Cd108 (n,d    ) Ag107  9.828E-05+-1.2E+02 Cd108 (n,d    ) Ag107m 1.295E-04+-1.2E+02
  Cd108 (n,t    ) Ag106  9.571E-08+-8.5E+01 Cd108 (n,t    ) Ag106m 3.935E-08+-8.5E+01 Cd108 (n,h    ) Pd106  1.761E-10+-9.0E+01 Cd108 (n,a    ) Pd105  8.568E-04+-3.0E+01
  Cd108 (n,2a   ) Ru101  4.689E-11+-2.0E+02 Cd108 (n,2p   ) Pd107  5.787E-09+-2.1E+02 Cd108 (n,2p   ) Pd107m 2.138E-09+-2.1E+02 Cd108 (n,pa   ) Rh104  2.035E-11+-2.1E+02
  Cd108 (n,pa   ) Rh104m 1.966E-11+-2.1E+02 Cd109 (n,2n   ) Cd108  2.559E-01+-4.0E+01 Cd109 (n,na   ) Pd105  1.874E-04+-1.0E+02 Cd109 (n,2na  ) Pd104  1.644E-11+-2.0E+02
  Cd109 (n,np   ) Ag108  5.516E-04+-1.2E+02 Cd109 (n,np   ) Ag108m 7.113E-04+-1.2E+02 Cd109 (n,g    ) Cd110  5.629E+01+-3.5E+01 Cd109 (n,p    ) Ag109  2.393E-03+-7.8E+01
  Cd109 (n,p    ) Ag109m 4.724E-03+-7.8E+01 Cd109 (n,d    ) Ag108  1.018E-04+-1.2E+02 Cd109 (n,d    ) Ag108m 1.134E-04+-1.2E+02 Cd109 (n,t    ) Ag107  8.351E-06+-8.5E+01
  Cd109 (n,t    ) Ag107m 9.716E-06+-8.5E+01 Cd109 (n,h    ) Pd107  1.751E-11+-1.1E+02 Cd109 (n,h    ) Pd107m 6.627E-12+-1.1E+02 Cd109 (n,a    ) Pd106  4.586E-03+-2.8E+01
  Cd109 (n,2a   ) Ru102  2.015E-10+-2.0E+02 Cd109 (n,2p   ) Pd108  5.825E-08+-2.0E+02 Cd109 (n,pa   ) Rh105  4.889E-10+-2.1E+02 Cd109 (n,pa   ) Rh105m 1.255E-10+-2.1E+02
  Cd110 (n,2n   ) Cd109  2.604E-01+-2.0E+01 Cd110 (n,na   ) Pd106  3.144E-05+-1.0E+02 Cd110 (n,np   ) Ag109  8.608E-05+-1.2E+02 Cd110 (n,np   ) Ag109m 2.313E-04+-1.2E+02
  Cd110 (n,g    ) Cd111  1.738E+00+-3.4E+01 Cd110 (n,g    ) Cd111m 1.007E-02+-5.9E+01 Cd110 (n,p    ) Ag110  1.900E-03+-3.0E+01 Cd110 (n,p    ) Ag110m 1.255E-03+-3.0E+01
  Cd110 (n,d    ) Ag109  4.026E-05+-1.2E+02 Cd110 (n,d    ) Ag109m 6.835E-05+-1.2E+02 Cd110 (n,t    ) Ag108  2.065E-08+-8.5E+01 Cd110 (n,t    ) Ag108m 1.323E-08+-8.5E+01
  Cd110 (n,h    ) Pd108  1.398E-12+-9.0E+01 Cd110 (n,a    ) Pd107  8.108E-04+-8.5E+01 Cd110 (n,a    ) Pd107m 6.002E-04+-8.5E+01 Cd111 (n,n    ) Cd111m 8.589E-02+-3.0E+01
  Cd111 (n,2n   ) Cd110  2.740E-01+-4.0E+01 Cd111 (n,na   ) Pd107  1.914E-05+-1.2E+02 Cd111 (n,na   ) Pd107m 1.158E-05+-1.2E+02 Cd111 (n,np   ) Ag110  9.233E-05+-1.2E+02
  Cd111 (n,np   ) Ag110m 4.411E-05+-1.2E+02 Cd111 (n,g    ) Cd112  2.583E+00+-8.6E+00 Cd111 (n,p    ) Ag111  1.099E-03+-4.0E+01 Cd111 (n,p    ) Ag111m 3.170E-03+-3.0E+01
  Cd111 (n,d    ) Ag110  5.470E-05+-1.2E+02 Cd111 (n,d    ) Ag110m 2.489E-05+-1.2E+02 Cd111 (n,t    ) Ag109  3.741E-06+-8.5E+01 Cd111 (n,t    ) Ag109m 5.000E-06+-8.5E+01
  Cd111 (n,a    ) Pd108  1.136E-03+-6.0E+01 Cd111 (n,2p   ) Pd110  7.657E-11+-2.0E+02 Cd111 (n,pa   ) Rh107  1.259E-12+-2.0E+02 Cd112 (n,2n   ) Cd111  1.301E-01+-4.0E+01
  Cd112 (n,2n   ) Cd111m 9.609E-02+-2.0E+01 Cd112 (n,na   ) Pd108  5.265E-06+-1.0E+02 Cd112 (n,np   ) Ag111  8.350E-06+-1.2E+02 Cd112 (n,np   ) Ag111m 2.257E-05+-1.2E+02
  Cd112 (n,g    ) Cd113  3.897E-01+-7.8E+01 Cd112 (n,g    ) Cd113m 1.088E-01+-7.8E+01 Cd112 (n,p    ) Ag112  2.105E-03+-2.0E+01 Cd112 (n,d    ) Ag111  1.733E-05+-1.2E+02
  Cd112 (n,d    ) Ag111m 2.256E-05+-1.2E+02 Cd112 (n,t    ) Ag110  6.445E-09+-8.5E+01 Cd112 (n,t    ) Ag110m 2.013E-09+-8.5E+01 Cd112 (n,a    ) Pd109  2.966E-04+-9.0E+02
  Cd112 (n,a    ) Pd109m 7.703E-05+-9.0E+02 Cd113 (n,n    ) Cd113m 1.081E-01+-1.0E+02 Cd113 (n,2n   ) Cd112  2.885E-01+-4.0E+01 Cd113 (n,na   ) Pd109  3.966E-06+-1.2E+02
  Cd113 (n,na   ) Pd109m 2.937E-06+-1.2E+02 Cd113 (n,np   ) Ag112  1.478E-05+-1.0E+02 Cd113 (n,g    ) Cd114  1.005E+03+-1.0E+01 Cd113 (n,p    ) Ag113  9.659E-04+-3.0E+01
  Cd113 (n,p    ) Ag113m 1.533E-03+-3.0E+01 Cd113 (n,d    ) Ag112  3.582E-05+-1.0E+02 Cd113 (n,t    ) Ag111  2.497E-06+-8.5E+01 Cd113 (n,t    ) Ag111m 3.144E-06+-8.5E+01
  Cd113 (n,a    ) Pd110  7.118E-04+-6.0E+01 Cd113m(n,n    ) Cd113  1.446E-01+-1.0E+02 Cd113m(n,2n   ) Cd112  3.015E-01+-4.0E+01 Cd113m(n,na   ) Pd109  3.309E-06+-1.2E+02
  Cd113m(n,na   ) Pd109m 5.515E-06+-1.2E+02 Cd113m(n,np   ) Ag112  2.164E-05+-1.0E+02 Cd113m(n,g    ) Cd114  1.005E+03+-8.3E+02 Cd113m(n,p    ) Ag113  5.356E-04+-7.8E+01
  Cd113m(n,p    ) Ag113m 1.096E-03+-7.8E+01 Cd113m(n,d    ) Ag112  3.631E-05+-1.0E+02 Cd113m(n,t    ) Ag111  2.066E-06+-8.5E+01 Cd113m(n,t    ) Ag111m 4.668E-06+-8.5E+01
  Cd113m(n,a    ) Pd110  6.385E-04+-6.0E+01 Cd114 (n,2n   ) Cd113  1.184E-01+-7.2E+01 Cd114 (n,2n   ) Cd113m 9.287E-02+-7.2E+01 Cd114 (n,na   ) Pd110  1.045E-06+-1.0E+02
  Cd114 (n,np   ) Ag113  8.918E-07+-1.2E+02 Cd114 (n,np   ) Ag113m 2.870E-06+-1.2E+02 Cd114 (n,g    ) Cd115  4.473E-01+-4.6E+01 Cd114 (n,g    ) Cd115m 5.999E-02+-4.6E+01
  Cd114 (n,p    ) Ag114  3.795E-04+-6.7E+01 Cd114 (n,p    ) Ag114m 6.747E-04+-6.7E+01 Cd114 (n,d    ) Ag113  5.118E-06+-1.2E+02 Cd114 (n,d    ) Ag113m 1.070E-05+-1.2E+02
  Cd114 (n,t    ) Ag112  4.488E-06+-4.0E+01 Cd114 (n,a    ) Pd111  6.498E-05+-3.0E+01 Cd114 (n,a    ) Pd111m 2.507E-05+-3.0E+01 Cd115 (n,n    ) Cd115m 1.177E-01+-1.0E+02
  Cd115 (n,2n   ) Cd114  3.020E-01+-4.0E+01 Cd115 (n,na   ) Pd111  1.015E-06+-1.2E+02 Cd115 (n,na   ) Pd111m 4.166E-07+-1.2E+02 Cd115 (n,np   ) Ag114  3.780E-07+-1.2E+02
  Cd115 (n,np   ) Ag114m 9.720E-07+-1.2E+02 Cd115 (n,g    ) Cd116  2.865E+00+-4.0E+02 Cd115 (n,p    ) Ag115  2.671E-04+-7.8E+01 Cd115 (n,p    ) Ag115m 5.468E-04+-7.8E+01
  Cd115 (n,d    ) Ag114  3.980E-06+-1.2E+02 Cd115 (n,d    ) Ag114m 7.076E-06+-1.2E+02 Cd115 (n,t    ) Ag113  1.155E-06+-8.5E+01 Cd115 (n,t    ) Ag113m 2.548E-06+-8.5E+01
  Cd115 (n,a    ) Pd112  3.686E-04+-6.0E+01 Cd115m(n,n    ) Cd115  2.803E-01+-1.0E+02 Cd115m(n,2n   ) Cd114  3.136E-01+-4.0E+01 Cd115m(n,na   ) Pd111  8.987E-07+-1.2E+02
  Cd115m(n,na   ) Pd111m 7.174E-07+-1.2E+02 Cd115m(n,np   ) Ag114  4.376E-07+-1.2E+02 Cd115m(n,np   ) Ag114m 1.125E-06+-1.2E+02 Cd115m(n,g    ) Cd116  2.921E+00+-4.0E+02
  Cd115m(n,p    ) Ag115  2.650E-04+-7.8E+01 Cd115m(n,p    ) Ag115m 5.419E-04+-7.8E+01 Cd115m(n,d    ) Ag114  3.971E-06+-1.2E+02 Cd115m(n,d    ) Ag114m 7.060E-06+-1.2E+02
  Cd115m(n,t    ) Ag113  9.873E-07+-8.5E+01 Cd115m(n,t    ) Ag113m 3.280E-06+-8.5E+01 Cd115m(n,a    ) Pd112  3.636E-04+-6.0E+01 Cd116 (n,2n   ) Cd115  1.397E-01+-1.0E+01
  Cd116 (n,2n   ) Cd115m 1.295E-01+-2.0E+01 Cd116 (n,na   ) Pd112  1.581E-07+-1.0E+02 Cd116 (n,np   ) Ag115  7.414E-08+-1.2E+02 Cd116 (n,np   ) Ag115m 1.839E-07+-1.2E+02
  Cd116 (n,g    ) Cd117  5.101E-02+-3.3E+01 Cd116 (n,g    ) Cd117m 2.558E-02+-3.3E+01 Cd116 (n,p    ) Ag116  2.897E-04+-3.0E+01 Cd116 (n,p    ) Ag116m 1.001E-04+-3.0E+01
  Cd116 (n,d    ) Ag115  1.279E-06+-1.2E+02 Cd116 (n,d    ) Ag115m 1.921E-06+-1.2E+02 Cd116 (n,t    ) Ag114  2.175E-10+-8.5E+01 Cd116 (n,t    ) Ag114m 3.867E-10+-8.5E+01
  Cd116 (n,a    ) Pd113  1.003E-04+-6.7E+01 Cd116 (n,a    ) Pd113m 1.509E-04+-6.7E+01 In111 (n,n    ) In111m 3.559E-02+-1.0E+02 In111 (n,2n   ) In110  9.334E-02+-7.2E+01
  In111 (n,2n   ) In110m 1.079E-01+-7.2E+01 In111 (n,na   ) Ag107  3.179E-05+-1.2E+02 In111 (n,na   ) Ag107m 1.207E-04+-1.2E+02 In111 (n,np   ) Cd110  5.366E-03+-1.0E+02
  In111 (n,g    ) In112  1.067E+01+-7.8E+01 In111 (n,g    ) In112m 5.748E+00+-7.8E+01 In111 (n,p    ) Cd111  5.206E-03+-7.8E+01 In111 (n,p    ) Cd111m 3.718E-03+-7.8E+01
  In111 (n,d    ) Cd110  1.201E-03+-1.0E+02 In111 (n,t    ) Cd109  1.985E-05+-6.0E+01 In111 (n,h    ) Ag109  2.179E-11+-1.1E+02 In111 (n,h    ) Ag109m 3.504E-11+-1.1E+02
  In111 (n,a    ) Ag108  1.332E-03+-8.5E+01 In111 (n,a    ) Ag108m 7.971E-04+-8.5E+01 In111 (n,2a   ) Rh104  2.063E-12+-2.1E+02 In111 (n,2a   ) Rh104m 3.975E-12+-2.1E+02
  In111 (n,2p   ) Ag110  3.465E-10+-2.1E+02 In111 (n,2p   ) Ag110m 2.357E-10+-2.1E+02 In111 (n,pa   ) Pd107  1.617E-09+-2.1E+02 In111 (n,pa   ) Pd107m 1.174E-09+-2.1E+02
  In113 (n,n    ) In113m 4.586E-02+-1.0E+01 In113 (n,2n   ) In112  4.639E-02+-2.0E+01 In113 (n,2n   ) In112m 1.882E-01+-2.0E+01 In113 (n,na   ) Ag109  7.010E-06+-1.2E+02
  In113 (n,na   ) Ag109m 2.170E-05+-1.2E+02 In113 (n,np   ) Cd112  1.054E-03+-1.0E+02 In113 (n,g    ) In114  2.538E+00+-6.7E+01 In113 (n,g    ) In114m 3.512E+00+-1.8E+01
  In113 (n,p    ) Cd113  2.280E-03+-7.8E+01 In113 (n,p    ) Cd113m 1.768E-03+-7.8E+01 In113 (n,d    ) Cd112  8.054E-04+-1.0E+02 In113 (n,t    ) Cd111  1.218E-05+-8.5E+01
  In113 (n,t    ) Cd111m 3.507E-06+-8.5E+01 In113 (n,a    ) Ag110  7.397E-04+-6.0E+01 In113 (n,a    ) Ag110m 4.365E-04+-6.0E+01 In113 (n,pa   ) Pd109  4.644E-12+-2.1E+02
  In113 (n,pa   ) Pd109m 3.838E-12+-2.1E+02 In114m(n,n    ) In114  6.927E-02+-1.0E+02 In114m(n,2n   ) In113  2.674E-01+-7.2E+01 In114m(n,2n   ) In113m 2.884E-02+-7.2E+01
  In114m(n,na   ) Ag110  7.355E-06+-1.2E+02 In114m(n,na   ) Ag110m 8.989E-06+-1.2E+02 In114m(n,np   ) Cd113  3.304E-04+-1.2E+02 In114m(n,np   ) Cd113m 5.676E-04+-1.2E+02
  In114m(n,nd   ) Cd112  8.141E-10+-6.0E+01 In114m(n,2np  ) Cd112  3.894E-12+-2.0E+02 In114m(n,g    ) In115  2.061E+01+-7.8E+01 In114m(n,g    ) In115m 2.060E+01+-7.8E+01
  In114m(n,p    ) Cd114  2.950E-03+-5.0E+01 In114m(n,d    ) Cd113  1.713E-04+-1.2E+02 In114m(n,d    ) Cd113m 2.966E-04+-1.2E+02 In114m(n,t    ) Cd112  1.226E-04+-6.0E+01
  In114m(n,a    ) Ag111  3.180E-04+-8.5E+01 In114m(n,a    ) Ag111m 6.218E-04+-8.5E+01 In114m(n,2p   ) Ag113  1.563E-12+-2.1E+02 In114m(n,2p   ) Ag113m 3.123E-12+-2.1E+02
  In114m(n,pa   ) Pd110  2.219E-11+-2.0E+02 In115 (n,n    ) In115m 6.003E-02+-1.0E+01 In115 (n,2n   ) In114  4.400E-02+-3.0E+01 In115 (n,2n   ) In114m 2.165E-01+-2.0E+01
  In115 (n,na   ) Ag111  1.247E-06+-1.2E+02 In115 (n,na   ) Ag111m 5.935E-06+-1.2E+02 In115 (n,np   ) Cd114  2.351E-04+-1.0E+02 In115 (n,g    ) In116  1.046E+01+-8.0E+00
  In115 (n,g    ) In116m 1.743E+01+-8.3E+00 In115 (n,g    ) In116n 2.089E+01+-8.0E+00 In115 (n,p    ) Cd115  7.682E-04+-3.0E+01 In115 (n,p    ) Cd115m 8.087E-04+-3.0E+01
  In115 (n,d    ) Cd114  5.640E-04+-1.0E+02 In115 (n,t    ) Cd113  3.957E-06+-7.2E+01 In115 (n,t    ) Cd113m 3.854E-06+-7.2E+01 In115 (n,a    ) Ag112  3.448E-04+-3.0E+01
  Sn112 (n,2n   ) Sn111  1.805E-01+-1.0E+01 Sn112 (n,na   ) Cd108  2.987E-04+-1.0E+02 Sn112 (n,np   ) In111  5.455E-03+-1.2E+02 Sn112 (n,np   ) In111m 9.251E-04+-1.2E+02
  Sn112 (n,g    ) Sn113  5.704E-01+-1.3E+01 Sn112 (n,g    ) Sn113m 2.161E-01+-9.7E+00 Sn112 (n,p    ) In112  8.653E-03+-3.0E+01 Sn112 (n,p    ) In112m 5.675E-03+-3.0E+01
  Sn112 (n,d    ) In111  1.391E-04+-1.2E+02 Sn112 (n,d    ) In111m 1.279E-04+-1.2E+02 Sn112 (n,t    ) In110  1.742E-07+-6.0E+01 Sn112 (n,t    ) In110m 9.575E-07+-6.0E+01
  Sn112 (n,h    ) Cd110  1.381E-09+-9.0E+01 Sn112 (n,a    ) Cd109  7.130E-03+-3.0E+01 Sn112 (n,2a   ) Pd105  4.418E-10+-2.0E+02 Sn112 (n,2p   ) Cd111  5.085E-07+-2.1E+02
  Sn112 (n,2p   ) Cd111m 3.121E-07+-2.1E+02 Sn112 (n,pa   ) Ag108  1.414E-09+-2.1E+02 Sn112 (n,pa   ) Ag108m 9.590E-10+-2.1E+02 Sn113 (n,n    ) Sn113m 3.635E-01+-1.0E+02
  Sn113 (n,2n   ) Sn112  2.405E-01+-4.0E+01 Sn113 (n,na   ) Cd109  2.369E-04+-1.0E+02 Sn113 (n,2na  ) Cd108  1.045E-11+-2.0E+02 Sn113 (n,np   ) In112  8.365E-04+-1.2E+02
  Sn113 (n,np   ) In112m 2.460E-03+-1.2E+02 Sn113 (n,g    ) Sn114  3.797E+00+-2.1E+01 Sn113 (n,p    ) In113  7.204E-03+-7.8E+01 Sn113 (n,p    ) In113m 2.493E-03+-7.8E+01
  Sn113 (n,d    ) In112  7.987E-05+-1.2E+02 Sn113 (n,d    ) In112m 1.902E-04+-1.2E+02 Sn113 (n,t    ) In111  5.750E-06+-8.5E+01 Sn113 (n,t    ) In111m 7.955E-06+-8.5E+01
  Sn113 (n,h    ) Cd111  1.704E-10+-1.1E+02 Sn113 (n,h    ) Cd111m 2.433E-11+-1.1E+02 Sn113 (n,a    ) Cd110  2.615E-03+-6.0E+01 Sn113 (n,2a   ) Pd106  1.001E-09+-2.0E+02
  Sn113 (n,2p   ) Cd112  2.185E-06+-2.0E+02 Sn113 (n,pa   ) Ag109  3.129E-09+-2.1E+02 Sn113 (n,pa   ) Ag109m 5.758E-09+-2.1E+02 Sn114 (n,2n   ) Sn113  4.986E-02+-4.0E+01
  Sn114 (n,2n   ) Sn113m 1.498E-01+-3.0E+01 Sn114 (n,na   ) Cd110  3.841E-05+-1.0E+02 Sn114 (n,np   ) In113  5.870E-04+-1.2E+02 Sn114 (n,np   ) In113m 1.270E-04+-1.2E+02
  Sn114 (n,g    ) Sn115  2.385E-01+-3.0E+01 Sn114 (n,p    ) In114  1.367E-03+-7.8E+01 Sn114 (n,p    ) In114m 2.918E-03+-3.0E+01 Sn114 (n,d    ) In113  4.836E-05+-1.2E+02
  Sn114 (n,d    ) In113m 6.443E-05+-1.2E+02 Sn114 (n,t    ) In112  1.123E-08+-8.5E+01 Sn114 (n,t    ) In112m 1.762E-08+-8.5E+01 Sn114 (n,h    ) Cd112  9.049E-12+-9.0E+01
  Sn114 (n,a    ) Cd111  9.855E-04+-8.5E+01 Sn114 (n,a    ) Cd111m 7.278E-04+-8.5E+01 Sn114 (n,2p   ) Cd113  1.233E-10+-2.1E+02 Sn114 (n,2p   ) Cd113m 9.600E-11+-2.1E+02
  Sn115 (n,2n   ) Sn114  2.501E-01+-4.0E+01 Sn115 (n,na   ) Cd111  1.430E-05+-1.2E+02 Sn115 (n,na   ) Cd111m 1.098E-05+-1.2E+02 Sn115 (n,np   ) In114  8.179E-05+-1.2E+02
  Sn115 (n,np   ) In114m 1.648E-04+-1.2E+02 Sn115 (n,g    ) Sn116  2.053E+00+-2.1E+01 Sn115 (n,p    ) In115  3.289E-03+-3.0E+01 Sn115 (n,p    ) In115m 5.717E-04+-3.0E+01
  Sn115 (n,d    ) In114  3.621E-05+-1.2E+02 Sn115 (n,d    ) In114m 5.435E-05+-1.2E+02 Sn115 (n,t    ) In113  1.835E-06+-8.5E+01 Sn115 (n,t    ) In113m 2.458E-06+-8.5E+01
  Sn115 (n,a    ) Cd112  2.838E-03+-6.0E+01 Sn115 (n,2a   ) Pd108  2.599E-12+-2.0E+02 Sn115 (n,2p   ) Cd114  2.742E-09+-2.0E+02 Sn115 (n,pa   ) Ag111  2.191E-12+-2.1E+02
  Sn115 (n,pa   ) Ag111m 4.730E-12+-2.1E+02 Sn116 (n,2n   ) Sn115  2.386E-01+-4.0E+01 Sn116 (n,na   ) Cd112  5.642E-06+-1.0E+02 Sn116 (n,np   ) In115  6.873E-05+-1.2E+02
  Sn116 (n,np   ) In115m 1.258E-05+-1.2E+02 Sn116 (n,g    ) Sn117  3.282E-01+-1.8E+01 Sn116 (n,g    ) Sn117m 1.459E-02+-2.9E+01 Sn116 (n,p    ) In116  1.563E-03+-3.0E+01
  Sn116 (n,p    ) In116m 1.369E-03+-2.0E+01 Sn116 (n,p    ) In116n 5.528E-04+-3.0E+01 Sn116 (n,d    ) In115  1.777E-05+-1.2E+02 Sn116 (n,d    ) In115m 2.781E-05+-1.2E+02
  Sn116 (n,t    ) In114  2.405E-09+-8.5E+01 Sn116 (n,t    ) In114m 3.350E-09+-8.5E+01 Sn116 (n,a    ) Cd113  5.450E-04+-8.5E+01 Sn116 (n,a    ) Cd113m 4.163E-04+-8.5E+01
  Sn117 (n,n    ) Sn117m 8.035E-02+-4.0E+01 Sn117 (n,2n   ) Sn116  2.819E-01+-4.0E+01 Sn117 (n,na   ) Cd113  2.477E-06+-1.2E+02 Sn117 (n,na   ) Cd113m 2.761E-06+-1.2E+02
  Sn117 (n,np   ) In116  1.099E-05+-1.2E+02 Sn117 (n,np   ) In116m 2.326E-05+-1.2E+02 Sn117 (n,np   ) In116n 4.164E-06+-1.2E+02 Sn117 (n,g    ) Sn118  4.615E-01+-2.9E+01
  Sn117 (n,p    ) In117  1.562E-03+-2.0E+01 Sn117 (n,p    ) In117m 4.402E-04+-2.0E+01 Sn117 (n,d    ) In116  1.272E-05+-1.2E+02 Sn117 (n,d    ) In116m 2.295E-05+-1.2E+02
  Sn117 (n,d    ) In116n 2.434E-06+-1.2E+02 Sn117 (n,t    ) In115  1.014E-06+-8.5E+01 Sn117 (n,t    ) In115m 1.935E-06+-8.5E+01 Sn117 (n,a    ) Cd114  7.895E-04+-6.0E+01
  Sn117 (n,2p   ) Cd116  2.196E-12+-2.0E+02 Sn117m(n,n    ) Sn117  1.207E-01+-1.0E+02 Sn117m(n,2n   ) Sn116  2.876E-01+-4.0E+01 Sn117m(n,na   ) Cd113  2.609E-06+-1.2E+02
  Sn117m(n,na   ) Cd113m 4.683E-06+-1.2E+02 Sn117m(n,np   ) In116  8.694E-06+-1.2E+02 Sn117m(n,np   ) In116m 3.072E-05+-1.2E+02 Sn117m(n,np   ) In116n 1.725E-05+-1.2E+02
  Sn117m(n,g    ) Sn118  6.440E-01+-1.0E+02 Sn117m(n,p    ) In117  1.676E-03+-7.8E+01 Sn117m(n,p    ) In117m 5.409E-04+-7.8E+01 Sn117m(n,d    ) In116  9.835E-06+-1.2E+02
  Sn117m(n,d    ) In116m 2.864E-05+-1.2E+02 Sn117m(n,d    ) In116n 8.978E-06+-1.2E+02 Sn117m(n,t    ) In115  1.569E-06+-8.5E+01 Sn117m(n,t    ) In115m 6.627E-07+-8.5E+01
  Sn117m(n,a    ) Cd114  7.767E-04+-6.0E+01 Sn117m(n,2p   ) Cd116  1.860E-12+-2.0E+02 Sn118 (n,2n   ) Sn117  1.244E-01+-7.2E+01 Sn118 (n,2n   ) Sn117m 1.290E-01+-2.0E+01
  Sn118 (n,na   ) Cd114  7.235E-07+-1.0E+02 Sn118 (n,np   ) In117  6.324E-06+-1.2E+02 Sn118 (n,np   ) In117m 9.713E-07+-1.2E+02 Sn118 (n,g    ) Sn119  1.722E-01+-4.2E+01
  Sn118 (n,g    ) Sn119m 3.719E-03+-3.8E+01 Sn118 (n,p    ) In118  3.422E-04+-3.0E+01 Sn118 (n,p    ) In118m 8.088E-04+-3.0E+01 Sn118 (n,p    ) In118n 1.110E-04+-3.0E+01
  Sn118 (n,d    ) In117  5.011E-06+-1.2E+02 Sn118 (n,d    ) In117m 8.274E-06+-1.2E+02 Sn118 (n,t    ) In116  2.674E-10+-8.5E+01 Sn118 (n,t    ) In116m 5.285E-10+-8.5E+01
  Sn118 (n,t    ) In116n 4.729E-11+-8.5E+01 Sn118 (n,a    ) Cd115  8.408E-05+-2.0E+01 Sn118 (n,a    ) Cd115m 1.137E-05+-2.0E+01 Sn119 (n,n    ) Sn119m 9.298E-02+-1.0E+02
  Sn119 (n,2n   ) Sn118  2.995E-01+-4.0E+01 Sn119 (n,na   ) Cd115  4.858E-07+-1.2E+02 Sn119 (n,na   ) Cd115m 5.074E-07+-1.2E+02 Sn119 (n,np   ) In118  1.430E-06+-1.2E+02
  Sn119 (n,np   ) In118m 2.723E-06+-1.2E+02 Sn119 (n,np   ) In118n 6.700E-07+-1.2E+02 Sn119 (n,g    ) Sn120  3.092E-01+-9.8E+01 Sn119 (n,p    ) In119  7.235E-04+-2.0E+01
  Sn119 (n,p    ) In119m 6.331E-04+-2.0E+01 Sn119 (n,d    ) In118  4.343E-06+-1.2E+02 Sn119 (n,d    ) In118m 7.675E-06+-1.2E+02 Sn119 (n,d    ) In118n 1.565E-06+-1.2E+02
  Sn119 (n,t    ) In117  7.765E-07+-8.5E+01 Sn119 (n,t    ) In117m 1.088E-06+-8.5E+01 Sn119 (n,a    ) Cd116  4.610E-04+-6.0E+01 Sn119m(n,n    ) Sn119  1.241E-01+-1.0E+02
  Sn119m(n,2n   ) Sn118  3.044E-01+-4.0E+01 Sn119m(n,na   ) Cd115  4.376E-07+-1.2E+02 Sn119m(n,na   ) Cd115m 5.415E-07+-1.2E+02 Sn119m(n,np   ) In118  8.772E-07+-1.2E+02
  Sn119m(n,np   ) In118m 2.725E-06+-1.2E+02 Sn119m(n,np   ) In118n 1.964E-06+-1.2E+02 Sn119m(n,g    ) Sn120  4.324E-01+-1.3E+02 Sn119m(n,p    ) In119  8.431E-04+-7.8E+01
  Sn119m(n,p    ) In119m 2.761E-04+-7.8E+01 Sn119m(n,d    ) In118  2.220E-06+-1.2E+02 Sn119m(n,d    ) In118m 5.601E-06+-1.2E+02 Sn119m(n,d    ) In118n 3.174E-06+-1.2E+02
  Sn119m(n,t    ) In117  6.773E-07+-8.5E+01 Sn119m(n,t    ) In117m 3.060E-07+-8.5E+01 Sn119m(n,a    ) Cd116  4.441E-04+-6.0E+01 Sn120 (n,2n   ) Sn119  1.351E-01+-3.0E+01
  Sn120 (n,2n   ) Sn119m 1.157E-01+-2.0E+01 Sn120 (n,na   ) Cd116  8.666E-08+-1.0E+02 Sn120 (n,np   ) In119  6.406E-07+-1.2E+02 Sn120 (n,np   ) In119m 6.288E-08+-1.2E+02
  Sn120 (n,g    ) Sn121  5.299E-02+-3.6E+01 Sn120 (n,g    ) Sn121m 8.011E-04+-3.4E+01 Sn120 (n,p    ) In120  1.831E-04+-2.0E+01 Sn120 (n,p    ) In120m 4.054E-04+-2.0E+01
  Sn120 (n,p    ) In120n 1.063E-04+-3.0E+01 Sn120 (n,d    ) In119  1.473E-06+-1.2E+02 Sn120 (n,d    ) In119m 2.217E-06+-1.2E+02 Sn120 (n,t    ) In118  5.165E-11+-8.5E+01
  Sn120 (n,t    ) In118m 9.563E-11+-8.5E+01 Sn120 (n,t    ) In118n 1.769E-11+-8.5E+01 Sn120 (n,a    ) Cd117  2.554E-05+-3.0E+01 Sn120 (n,a    ) Cd117m 2.527E-05+-3.0E+01
  Sn121 (n,n    ) Sn121m 1.591E-01+-1.0E+02 Sn121 (n,2n   ) Sn120  3.071E-01+-4.0E+01 Sn121 (n,na   ) Cd117  3.063E-08+-1.2E+02 Sn121 (n,na   ) Cd117m 8.675E-08+-1.2E+02
  Sn121 (n,np   ) In120  5.290E-08+-1.2E+02 Sn121 (n,np   ) In120m 1.538E-07+-1.2E+02 Sn121 (n,np   ) In120n 2.057E-08+-1.2E+02 Sn121 (n,g    ) Sn122  2.260E+00+-4.2E+02
  Sn121 (n,p    ) In121  4.339E-04+-7.8E+01 Sn121 (n,p    ) In121m 1.464E-04+-7.8E+01 Sn121 (n,d    ) In120  9.266E-07+-1.2E+02 Sn121 (n,d    ) In120m 1.157E-06+-1.2E+02
  Sn121 (n,d    ) In120n 1.145E-07+-1.2E+02 Sn121 (n,t    ) In119  2.390E-07+-8.5E+01 Sn121 (n,t    ) In119m 5.333E-07+-8.5E+01 Sn121 (n,a    ) Cd118  2.661E-04+-6.0E+01
  Sn121m(n,n    ) Sn121  5.943E-02+-1.0E+02 Sn121m(n,2n   ) Sn120  3.102E-01+-4.0E+01 Sn121m(n,na   ) Cd117  1.589E-08+-1.2E+02 Sn121m(n,na   ) Cd117m 8.063E-08+-1.2E+02
  Sn121m(n,np   ) In120  3.007E-08+-1.2E+02 Sn121m(n,np   ) In120m 1.418E-07+-1.2E+02 Sn121m(n,np   ) In120n 1.169E-08+-1.2E+02 Sn121m(n,g    ) Sn122  2.260E+00+-4.2E+02
  Sn121m(n,p    ) In121  4.264E-04+-7.8E+01 Sn121m(n,p    ) In121m 1.376E-04+-7.8E+01 Sn121m(n,d    ) In120  6.505E-07+-1.2E+02 Sn121m(n,d    ) In120m 1.300E-06+-1.2E+02
  Sn121m(n,d    ) In120n 8.040E-08+-1.2E+02 Sn121m(n,t    ) In119  1.489E-07+-8.5E+01 Sn121m(n,t    ) In119m 1.137E-07+-8.5E+01 Sn121m(n,a    ) Cd118  2.547E-04+-6.0E+01
  Sn122 (n,2n   ) Sn121  9.348E-02+-7.2E+01 Sn122 (n,2n   ) Sn121m 1.531E-01+-2.0E+01 Sn122 (n,na   ) Cd118  7.281E-09+-1.0E+02 Sn122 (n,np   ) In121  3.932E-08+-1.2E+02
  Sn122 (n,np   ) In121m 2.176E-09+-1.2E+02 Sn122 (n,g    ) Sn123  6.991E-04+-3.8E+01 Sn122 (n,g    ) Sn123m 3.174E-02+-3.0E+01 Sn122 (n,p    ) In122  3.009E-04+-6.7E+01
  Sn122 (n,p    ) In122m 3.759E-05+-6.7E+01 Sn122 (n,p    ) In122n 3.719E-05+-6.7E+01 Sn122 (n,d    ) In121  3.575E-07+-1.2E+02 Sn122 (n,d    ) In121m 5.339E-07+-1.2E+02
  Sn122 (n,t    ) In120  6.758E-12+-8.5E+01 Sn122 (n,t    ) In120m 7.143E-12+-8.5E+01 Sn122 (n,a    ) Cd119  2.835E-06+-8.5E+01 Sn122 (n,a    ) Cd119m 2.926E-06+-8.5E+01
  Sn123 (n,n    ) Sn123m 6.336E-02+-1.0E+02 Sn123 (n,2n   ) Sn122  3.039E-01+-4.0E+01 Sn123 (n,3n   ) Sn121  1.389E-08+-1.0E+02 Sn123 (n,3n   ) Sn121m 3.555E-08+-1.0E+02
  Sn123 (n,na   ) Cd119  1.594E-09+-1.2E+02 Sn123 (n,na   ) Cd119m 2.124E-09+-1.2E+02 Sn123 (n,np   ) In122  4.607E-09+-1.2E+02 Sn123 (n,np   ) In122m 1.128E-09+-1.2E+02
  Sn123 (n,np   ) In122n 1.792E-09+-1.2E+02 Sn123 (n,g    ) Sn124  1.522E+00+-4.3E+02 Sn123 (n,p    ) In123  2.213E-04+-7.8E+01 Sn123 (n,p    ) In123m 7.559E-05+-7.8E+01
  Sn123 (n,d    ) In122  2.248E-07+-1.2E+02 Sn123 (n,d    ) In122m 1.048E-08+-1.2E+02 Sn123 (n,d    ) In122n 2.778E-08+-1.2E+02 Sn123 (n,t    ) In121  4.944E-08+-8.5E+01
  Sn123 (n,t    ) In121m 1.370E-07+-8.5E+01 Sn123 (n,a    ) Cd120  1.538E-04+-6.0E+01 Sn124 (n,2n   ) Sn123  2.121E-01+-2.0E+01 Sn124 (n,2n   ) Sn123m 9.827E-02+-2.0E+01
  Sn124 (n,3n   ) Sn122  1.456E-05+-8.0E+01 Sn124 (n,na   ) Cd120  2.674E-10+-1.0E+02 Sn124 (n,np   ) In123  1.190E-09+-1.2E+02 Sn124 (n,np   ) In123m 2.497E-11+-1.2E+02
  Sn124 (n,g    ) Sn125  7.971E-03+-4.2E+01 Sn124 (n,g    ) Sn125m 1.815E-01+-4.7E+01 Sn124 (n,p    ) In124  4.671E-05+-7.8E+01 Sn124 (n,p    ) In124m 4.151E-06+-7.8E+01
  Sn124 (n,d    ) In123  3.116E-08+-1.2E+02 Sn124 (n,d    ) In123m 3.711E-08+-1.2E+02 Sn124 (n,a    ) Cd121  6.225E-07+-8.5E+01 Sn124 (n,a    ) Cd121m 3.200E-07+-8.5E+01
  Sn125 (n,n    ) Sn125m 1.800E-01+-1.0E+02 Sn125 (n,2n   ) Sn124  3.148E-01+-4.0E+01 Sn125 (n,3n   ) Sn123  2.003E-04+-1.0E+02 Sn125 (n,3n   ) Sn123m 3.474E-05+-1.0E+02
  Sn125 (n,na   ) Cd121  5.290E-11+-1.2E+02 Sn125 (n,na   ) Cd121m 4.688E-11+-1.2E+02 Sn125 (n,np   ) In124  1.568E-10+-1.2E+02 Sn125 (n,np   ) In124m 1.571E-10+-1.2E+02
  Sn125 (n,g    ) Sn126  6.333E-01+-6.4E+02 Sn125 (n,p    ) In125  1.124E-04+-7.8E+01 Sn125 (n,p    ) In125m 3.798E-05+-7.8E+01 Sn125 (n,d    ) In124  3.857E-08+-1.2E+02
  Sn125 (n,d    ) In124m 1.172E-08+-1.2E+02 Sn125 (n,t    ) In123  7.463E-09+-8.5E+01 Sn125 (n,t    ) In123m 2.902E-08+-8.5E+01 Sn125 (n,a    ) Cd122  1.077E-05+-6.0E+01
  Sn126 (n,2n   ) Sn125  1.434E-01+-7.2E+01 Sn126 (n,2n   ) Sn125m 1.592E-01+-7.2E+01 Sn126 (n,3n   ) Sn124  3.773E-04+-8.0E+01 Sn126 (n,na   ) Cd122  3.224E-12+-1.0E+02
  Sn126 (n,np   ) In125  9.978E-12+-1.2E+02 Sn126 (n,g    ) Sn127  6.248E-03+-7.8E+01 Sn126 (n,g    ) Sn127m 1.301E-01+-7.8E+01 Sn126 (n,p    ) In126  1.547E-05+-7.8E+01
  Sn126 (n,p    ) In126m 1.520E-06+-7.8E+01 Sn126 (n,d    ) In125  3.200E-09+-1.2E+02 Sn126 (n,d    ) In125m 4.264E-09+-1.2E+02 Sn126 (n,a    ) Cd123  5.598E-08+-8.5E+01
  Sn126 (n,a    ) Cd123m 1.913E-08+-8.5E+01 Sb119 (n,2n   ) Sb118  2.043E-01+-7.2E+01 Sb119 (n,2n   ) Sb118m 3.182E-02+-7.2E+01 Sb119 (n,na   ) In115  3.042E-05+-1.2E+02
  Sb119 (n,na   ) In115m 5.628E-06+-1.2E+02 Sb119 (n,np   ) Sn118  1.852E-03+-1.0E+02 Sb119 (n,g    ) Sb120  9.964E+00+-7.8E+01 Sb119 (n,g    ) Sb120m 1.623E-01+-7.8E+01
  Sb119 (n,p    ) Sn119  1.639E-03+-7.8E+01 Sb119 (n,p    ) Sn119m 1.263E-03+-7.8E+01 Sb119 (n,d    ) Sn118  1.186E-03+-1.0E+02 Sb119 (n,t    ) Sn117  3.642E-05+-8.5E+01
  Sb119 (n,t    ) Sn117m 1.148E-05+-8.5E+01 Sb119 (n,a    ) In116  3.970E-04+-8.5E+01 Sb119 (n,a    ) In116m 4.223E-04+-8.5E+01 Sb119 (n,a    ) In116n 4.616E-05+-8.5E+01
  Sb119 (n,pa   ) Cd115  1.139E-12+-2.1E+02 Sb120m(n,n    ) Sb120  1.302E-01+-1.0E+02 Sb120m(n,2n   ) Sb119  2.725E-01+-7.2E+01 Sb120m(n,2n   ) Sb119m 2.998E-03+-7.2E+01
  Sb120m(n,na   ) In116  2.617E-06+-1.2E+02 Sb120m(n,na   ) In116m 1.283E-05+-1.2E+02 Sb120m(n,na   ) In116n 2.864E-05+-1.2E+02 Sb120m(n,2na  ) In115  5.459E-12+-2.1E+02
  Sb120m(n,np   ) Sn119  4.635E-04+-1.2E+02 Sb120m(n,np   ) Sn119m 1.173E-03+-1.2E+02 Sb120m(n,nd   ) Sn118  1.350E-07+-6.0E+01 Sb120m(n,2np  ) Sn118  3.848E-09+-2.0E+02
  Sb120m(n,g    ) Sb121  1.454E+01+-1.7E+02 Sb120m(n,p    ) Sn120  2.082E-03+-5.0E+01 Sb120m(n,d    ) Sn119  5.362E-04+-1.2E+02 Sb120m(n,d    ) Sn119m 1.008E-03+-1.2E+02
  Sb120m(n,t    ) Sn118  6.624E-04+-6.0E+01 Sb120m(n,a    ) In117  5.284E-04+-8.5E+01 Sb120m(n,a    ) In117m 1.692E-04+-8.5E+01 Sb120m(n,2p   ) In119  4.860E-12+-2.1E+02
  Sb120m(n,pa   ) Cd116  7.658E-12+-2.0E+02 Sb121 (n,2n   ) Sb120  1.806E-01+-1.0E+01 Sb121 (n,2n   ) Sb120m 8.242E-02+-1.0E+01 Sb121 (n,na   ) In117  6.213E-06+-1.2E+02
  Sb121 (n,na   ) In117m 1.031E-06+-1.2E+02 Sb121 (n,np   ) Sn120  5.213E-04+-1.0E+02 Sb121 (n,g    ) Sb122  3.977E+00+-1.0E+01 Sb121 (n,g    ) Sb122m 2.698E-01+-9.9E+00
  Sb121 (n,p    ) Sn121  3.501E-04+-3.0E+01 Sb121 (n,p    ) Sn121m 6.278E-04+-5.0E+01 Sb121 (n,d    ) Sn120  8.722E-04+-1.0E+02 Sb121 (n,t    ) Sn119  1.508E-05+-8.5E+01
  Sb121 (n,t    ) Sn119m 1.230E-05+-8.5E+01 Sb121 (n,a    ) In118  2.246E-04+-8.5E+01 Sb121 (n,a    ) In118m 2.411E-04+-8.5E+01 Sb121 (n,a    ) In118n 2.691E-05+-8.5E+01
  Sb122 (n,n    ) Sb122m 2.243E-02+-1.0E+02 Sb122 (n,2n   ) Sb121  3.029E-01+-4.0E+01 Sb122 (n,na   ) In118  1.147E-06+-1.2E+02 Sb122 (n,na   ) In118m 1.941E-06+-1.2E+02
  Sb122 (n,na   ) In118n 8.410E-07+-1.2E+02 Sb122 (n,np   ) Sn121  1.986E-04+-1.2E+02 Sb122 (n,np   ) Sn121m 4.188E-04+-1.2E+02 Sb122 (n,nd   ) Sn120  7.212E-09+-6.0E+01
  Sb122 (n,2np  ) Sn120  3.493E-10+-2.0E+02 Sb122 (n,g    ) Sb123  1.507E+01+-1.4E+02 Sb122 (n,p    ) Sn122  1.208E-03+-5.0E+01 Sb122 (n,d    ) Sn121  2.538E-04+-1.2E+02
  Sb122 (n,d    ) Sn121m 3.327E-04+-1.2E+02 Sb122 (n,t    ) Sn120  2.982E-04+-6.0E+01 Sb122 (n,a    ) In119  3.028E-04+-8.5E+01 Sb122 (n,a    ) In119m 1.023E-04+-8.5E+01
  Sb123 (n,2n   ) Sb122  1.836E-01+-3.0E+01 Sb123 (n,2n   ) Sb122m 8.622E-02+-3.0E+01 Sb123 (n,na   ) In119  8.386E-07+-1.2E+02 Sb123 (n,na   ) In119m 1.108E-07+-1.2E+02
  Sb123 (n,np   ) Sn122  1.476E-04+-1.0E+02 Sb123 (n,g    ) Sb124  2.722E+00+-9.1E+00 Sb123 (n,g    ) Sb124m 9.628E-02+-2.2E+01 Sb123 (n,g    ) Sb124n 1.909E-02+-3.9E+01
  Sb123 (n,p    ) Sn123  5.588E-04+-5.0E+01 Sb123 (n,p    ) Sn123m 1.790E-04+-3.0E+01 Sb123 (n,d    ) Sn122  4.498E-04+-1.0E+02 Sb123 (n,t    ) Sn121  6.137E-06+-8.5E+01
  Sb123 (n,t    ) Sn121m 7.213E-06+-8.5E+01 Sb123 (n,a    ) In120  1.306E-04+-8.5E+01 Sb123 (n,a    ) In120m 1.393E-04+-8.5E+01 Sb123 (n,a    ) In120n 1.614E-05+-8.5E+01
  Sb124 (n,n    ) Sb124m 4.316E-01+-1.0E+02 Sb124 (n,n    ) Sb124n 3.927E-02+-1.0E+02 Sb124 (n,2n   ) Sb123  3.051E-01+-4.0E+01 Sb124 (n,na   ) In120  4.706E-08+-1.2E+02
  Sb124 (n,na   ) In120m 2.087E-07+-1.2E+02 Sb124 (n,na   ) In120n 1.830E-08+-1.2E+02 Sb124 (n,np   ) Sn123  1.749E-04+-1.2E+02 Sb124 (n,np   ) Sn123m 6.397E-05+-1.2E+02
  Sb124 (n,nd   ) Sn122  9.260E-10+-6.0E+01 Sb124 (n,2np  ) Sn122  2.264E-12+-2.0E+02 Sb124 (n,g    ) Sb125  9.798E+00+-6.7E+01 Sb124 (n,p    ) Sn124  5.909E-04+-5.0E+01
  Sb124 (n,d    ) Sn123  1.898E-04+-1.2E+02 Sb124 (n,d    ) Sn123m 1.575E-04+-1.2E+02 Sb124 (n,t    ) Sn122  1.980E-04+-6.0E+01 Sb124 (n,a    ) In121  1.778E-04+-8.5E+01
  Sb124 (n,a    ) In121m 5.992E-05+-8.5E+01 Sb125 (n,2n   ) Sb124  1.094E-01+-7.2E+01 Sb125 (n,2n   ) Sb124m 9.411E-02+-7.2E+01 Sb125 (n,2n   ) Sb124n 8.659E-02+-7.2E+01
  Sb125 (n,na   ) In121  8.658E-08+-1.2E+02 Sb125 (n,na   ) In121m 8.354E-09+-1.2E+02 Sb125 (n,np   ) Sn124  5.514E-05+-1.0E+02 Sb125 (n,g    ) Sb126  4.848E-03+-7.8E+01
  Sb125 (n,g    ) Sb126m 7.396E-01+-7.8E+01 Sb125 (n,g    ) Sb126n 9.686E-01+-7.8E+01 Sb125 (n,p    ) Sn125  2.310E-04+-7.8E+01 Sb125 (n,p    ) Sn125m 1.494E-04+-7.8E+01
  Sb125 (n,d    ) Sn124  3.125E-04+-1.0E+02 Sb125 (n,t    ) Sn123  2.823E-06+-8.5E+01 Sb125 (n,t    ) Sn123m 2.894E-06+-8.5E+01 Sb125 (n,a    ) In122  1.352E-04+-8.5E+01
  Sb125 (n,a    ) In122m 1.669E-05+-8.5E+01 Sb125 (n,a    ) In122n 1.671E-05+-8.5E+01 Sb126 (n,n    ) Sb126m 1.456E-01+-1.0E+02 Sb126 (n,n    ) Sb126n 5.620E-02+-1.0E+02
  Sb126 (n,2n   ) Sb125  3.026E-01+-4.0E+01 Sb126 (n,na   ) In122  8.599E-09+-1.2E+02 Sb126 (n,na   ) In122m 4.105E-09+-1.2E+02 Sb126 (n,na   ) In122n 3.344E-09+-1.2E+02
  Sb126 (n,np   ) Sn125  5.669E-05+-1.2E+02 Sb126 (n,np   ) Sn125m 9.905E-06+-1.2E+02 Sb126 (n,nd   ) Sn124  2.722E-11+-6.0E+01 Sb126 (n,g    ) Sb127  3.009E+00+-3.4E+02
  Sb126 (n,p    ) Sn126  2.980E-04+-5.0E+01 Sb126 (n,d    ) Sn125  9.499E-05+-1.2E+02 Sb126 (n,d    ) Sn125m 9.462E-05+-1.2E+02 Sb126 (n,t    ) Sn124  1.196E-04+-6.0E+01
  Sb126 (n,a    ) In123  1.049E-04+-8.5E+01 Sb126 (n,a    ) In123m 3.619E-05+-8.5E+01 Sb127 (n,2n   ) Sb126  7.594E-02+-7.2E+01 Sb127 (n,2n   ) Sb126m 1.216E-01+-7.2E+01
  Sb127 (n,2n   ) Sb126n 9.867E-02+-7.2E+01 Sb127 (n,3n   ) Sb125  6.498E-06+-8.0E+01 Sb127 (n,na   ) In123  8.131E-09+-1.2E+02 Sb127 (n,na   ) In123m 5.664E-10+-1.2E+02
  Sb127 (n,np   ) Sn126  1.966E-05+-1.0E+02 Sb127 (n,g    ) Sb128  2.646E+00+-7.8E+01 Sb127 (n,g    ) Sb128m 5.816E-01+-7.8E+01 Sb127 (n,p    ) Sn127  1.171E-04+-7.8E+01
  Sb127 (n,p    ) Sn127m 7.942E-05+-7.8E+01 Sb127 (n,d    ) Sn126  1.596E-04+-1.0E+02 Sb127 (n,t    ) Sn125  1.099E-06+-8.5E+01 Sb127 (n,t    ) Sn125m 1.552E-06+-8.5E+01
  Sb127 (n,a    ) In124  4.028E-06+-8.5E+01 Sb127 (n,a    ) In124m 7.464E-07+-8.5E+01 Sb128 (n,2n   ) Sb127  3.192E-01+-4.0E+01 Sb128 (n,3n   ) Sb126  9.102E-05+-1.0E+02
  Sb128 (n,3n   ) Sb126m 2.889E-05+-1.0E+02 Sb128 (n,3n   ) Sb126n 9.196E-06+-1.0E+02 Sb128 (n,na   ) In124  1.337E-09+-1.2E+02 Sb128 (n,na   ) In124m 2.199E-09+-1.2E+02
  Sb128 (n,np   ) Sn127  2.504E-05+-1.2E+02 Sb128 (n,np   ) Sn127m 3.050E-06+-1.2E+02 Sb128 (n,nd   ) Sn126  2.958E-12+-6.0E+01 Sb128 (n,g    ) Sb129  9.973E-01+-6.0E+02
  Sb128 (n,g    ) Sb129m 3.819E-03+-6.0E+02 Sb128 (n,p    ) Sn128  1.776E-03+-7.8E+01 Sb128 (n,p    ) Sn128m 6.413E-04+-7.8E+01 Sb128 (n,d    ) Sn127  4.530E-05+-1.2E+02
  Sb128 (n,d    ) Sn127m 6.034E-05+-1.2E+02 Sb128 (n,t    ) Sn126  6.979E-05+-6.0E+01 Sb128 (n,a    ) In125  6.207E-05+-8.5E+01 Sb128 (n,a    ) In125m 2.097E-05+-8.5E+01
  Te118 (n,2n   ) Te117  9.745E-02+-7.2E+01 Te118 (n,2n   ) Te117m 4.157E-02+-7.2E+01 Te118 (n,na   ) Sn114  2.341E-03+-1.0E+02 Te118 (n,2na  ) Sn113  3.388E-12+-2.1E+02
  Te118 (n,2na  ) Sn113m 7.323E-12+-2.1E+02 Te118 (n,np   ) Sb117  1.511E-02+-1.0E+02 Te118 (n,g    ) Te119  1.775E+00+-7.8E+01 Te118 (n,g    ) Te119m 2.660E-01+-7.8E+01
  Te118 (n,p    ) Sb118  9.298E-03+-7.8E+01 Te118 (n,p    ) Sb118m 9.165E-04+-7.8E+01 Te118 (n,d    ) Sb117  5.808E-04+-1.0E+02 Te118 (n,t    ) Sb116  1.380E-06+-8.5E+01
  Te118 (n,t    ) Sb116m 3.020E-07+-8.5E+01 Te118 (n,h    ) Sn116  6.192E-08+-9.0E+01 Te118 (n,a    ) Sn115  3.020E-03+-6.0E+01 Te118 (n,2a   ) Cd111  5.052E-10+-2.1E+02
  Te118 (n,2a   ) Cd111m 3.633E-10+-2.1E+02 Te118 (n,2p   ) Sn117  4.831E-06+-2.1E+02 Te118 (n,2p   ) Sn117m 4.507E-06+-2.1E+02 Te118 (n,pa   ) In114  3.473E-09+-2.1E+02
  Te118 (n,pa   ) In114m 1.001E-08+-2.1E+02 Te118 (n,pd   ) Sn116  4.490E-12+-2.0E+02 Te119 (n,n    ) Te119m 1.060E-01+-1.0E+02 Te119 (n,2n   ) Te118  2.542E-01+-4.0E+01
  Te119 (n,na   ) Sn115  1.594E-03+-1.0E+02 Te119 (n,2na  ) Sn114  2.358E-07+-2.0E+02 Te119 (n,np   ) Sb118  4.826E-03+-1.2E+02 Te119 (n,np   ) Sb118m 1.877E-03+-1.2E+02
  Te119 (n,nd   ) Sb117  8.820E-11+-6.0E+01 Te119 (n,g    ) Te120  8.593E+00+-2.8E+02 Te119 (n,p    ) Sb119  1.403E-02+-7.8E+01 Te119 (n,p    ) Sb119m 1.545E-05+-7.8E+01
  Te119 (n,d    ) Sb118  4.219E-04+-1.2E+02 Te119 (n,d    ) Sb118m 5.215E-05+-1.2E+02 Te119 (n,t    ) Sb117  7.807E-05+-6.0E+01 Te119 (n,h    ) Sn117  1.551E-08+-1.1E+02
  Te119 (n,h    ) Sn117m 4.681E-09+-1.1E+02 Te119 (n,a    ) Sn116  1.414E-02+-6.0E+01 Te119 (n,2a   ) Cd112  1.129E-09+-2.0E+02 Te119 (n,2p   ) Sn118  1.730E-05+-2.0E+02
  Te119 (n,pa   ) In115  2.092E-08+-2.1E+02 Te119 (n,pa   ) In115m 6.002E-09+-2.1E+02 Te119m(n,n    ) Te119  1.700E-01+-1.0E+02 Te119m(n,2n   ) Te118  2.699E-01+-4.0E+01
  Te119m(n,na   ) Sn115  1.743E-03+-1.0E+02 Te119m(n,2na  ) Sn114  6.960E-07+-2.0E+02 Te119m(n,np   ) Sb118  5.353E-03+-1.2E+02 Te119m(n,np   ) Sb118m 2.082E-03+-1.2E+02
  Te119m(n,nd   ) Sb117  2.272E-10+-6.0E+01 Te119m(n,g    ) Te120  8.593E+00+-2.8E+02 Te119m(n,p    ) Sb119  1.922E-02+-7.8E+01 Te119m(n,p    ) Sb119m 2.117E-05+-7.8E+01
  Te119m(n,d    ) Sb118  5.571E-04+-1.2E+02 Te119m(n,d    ) Sb118m 6.886E-05+-1.2E+02 Te119m(n,t    ) Sb117  5.732E-05+-6.0E+01 Te119m(n,h    ) Sn117  9.131E-09+-1.1E+02
  Te119m(n,h    ) Sn117m 2.647E-09+-1.1E+02 Te119m(n,a    ) Sn116  4.773E-03+-6.0E+01 Te119m(n,2a   ) Cd112  1.193E-09+-2.0E+02 Te119m(n,2p   ) Sn118  1.255E-05+-2.0E+02
  Te119m(n,pa   ) In115  2.627E-08+-2.1E+02 Te119m(n,pa   ) In115m 4.343E-09+-2.1E+02 Te120 (n,2n   ) Te119  9.689E-02+-2.0E+01 Te120 (n,2n   ) Te119m 8.307E-02+-2.0E+01
  Te120 (n,na   ) Sn116  3.483E-04+-1.0E+02 Te120 (n,np   ) Sb119  1.782E-03+-1.2E+02 Te120 (n,np   ) Sb119m 1.987E-05+-1.2E+02 Te120 (n,g    ) Te121  2.524E-01+-3.9E+01
  Te120 (n,g    ) Te121m 3.334E-02+-4.2E+01 Te120 (n,p    ) Sb120  4.069E-03+-7.8E+01 Te120 (n,p    ) Sb120m 5.029E-04+-7.8E+01 Te120 (n,d    ) Sb119  3.223E-04+-1.2E+02
  Te120 (n,d    ) Sb119m 3.549E-07+-1.2E+02 Te120 (n,t    ) Sb118  4.118E-07+-8.5E+01 Te120 (n,t    ) Sb118m 5.089E-08+-8.5E+01 Te120 (n,h    ) Sn118  2.734E-09+-9.0E+01
  Te120 (n,a    ) Sn117  7.804E-04+-8.5E+01 Te120 (n,a    ) Sn117m 5.513E-04+-8.5E+01 Te120 (n,2a   ) Cd113  1.558E-12+-2.1E+02 Te120 (n,2a   ) Cd113m 1.322E-12+-2.1E+02
  Te120 (n,2p   ) Sn119  1.931E-08+-2.1E+02 Te120 (n,2p   ) Sn119m 2.528E-08+-2.1E+02 Te120 (n,pa   ) In116  4.893E-12+-2.1E+02 Te120 (n,pa   ) In116m 1.066E-11+-2.1E+02
  Te120 (n,pa   ) In116n 6.245E-12+-2.1E+02 Te121 (n,n    ) Te121m 1.091E-01+-1.0E+02 Te121 (n,2n   ) Te120  2.712E-01+-4.0E+01 Te121 (n,na   ) Sn117  2.061E-04+-1.2E+02
  Te121 (n,na   ) Sn117m 2.074E-04+-1.2E+02 Te121 (n,2na  ) Sn116  3.545E-08+-2.0E+02 Te121 (n,np   ) Sb120  8.051E-04+-1.2E+02 Te121 (n,np   ) Sb120m 3.131E-04+-1.2E+02
  Te121 (n,nd   ) Sb119  1.317E-12+-8.5E+01 Te121 (n,nd   ) Sb119m 5.301E-09+-0.0E+00 Te121 (n,2np  ) Sb119m 9.001E-09+-0.0E+00 Te121 (n,g    ) Te122  7.231E+00+-2.7E+02
  Te121 (n,p    ) Sb121  3.324E-03+-5.0E+01 Te121 (n,d    ) Sb120  2.446E-04+-1.2E+02 Te121 (n,d    ) Sb120m 3.024E-05+-1.2E+02 Te121 (n,t    ) Sb119  4.124E-05+-8.5E+01
  Te121 (n,t    ) Sb119m 4.541E-08+-8.5E+01 Te121 (n,h    ) Sn119  1.845E-10+-1.1E+02 Te121 (n,h    ) Sn119m 1.933E-10+-1.1E+02 Te121 (n,a    ) Sn118  1.926E-03+-6.0E+01
  Te121 (n,2a   ) Cd114  8.516E-12+-2.0E+02 Te121 (n,2p   ) Sn120  2.770E-07+-2.0E+02 Te121 (n,pa   ) In117  1.293E-10+-2.1E+02 Te121 (n,pa   ) In117m 2.820E-11+-2.1E+02
  Te121m(n,n    ) Te121  1.610E-01+-1.0E+02 Te121m(n,2n   ) Te120  2.855E-01+-4.0E+01 Te121m(n,na   ) Sn117  1.533E-04+-1.2E+02 Te121m(n,na   ) Sn117m 3.127E-04+-1.2E+02
  Te121m(n,2na  ) Sn116  1.129E-07+-2.0E+02 Te121m(n,np   ) Sb120  8.441E-04+-1.2E+02 Te121m(n,np   ) Sb120m 3.283E-04+-1.2E+02 Te121m(n,nd   ) Sb119  6.434E-12+-8.5E+01
  Te121m(n,nd   ) Sb119m 9.839E-10+-7.5E+01 Te121m(n,2np  ) Sb119m 3.791E-08+-0.0E+00 Te121m(n,g    ) Te122  7.231E+00+-2.7E+02 Te121m(n,p    ) Sb121  3.302E-03+-5.0E+01
  Te121m(n,d    ) Sb120  2.854E-04+-1.2E+02 Te121m(n,d    ) Sb120m 3.528E-05+-1.2E+02 Te121m(n,t    ) Sb119  3.252E-05+-8.5E+01 Te121m(n,t    ) Sb119m 3.581E-08+-8.5E+01
  Te121m(n,h    ) Sn119  1.003E-10+-1.1E+02 Te121m(n,h    ) Sn119m 1.303E-10+-1.1E+02 Te121m(n,a    ) Sn118  1.238E-03+-6.0E+01 Te121m(n,2a   ) Cd114  1.021E-11+-2.0E+02
  Te121m(n,2p   ) Sn120  1.995E-07+-2.0E+02 Te121m(n,pa   ) In117  2.300E-10+-2.1E+02 Te121m(n,pa   ) In117m 2.723E-11+-2.1E+02 Te122 (n,2n   ) Te121  1.093E-01+-3.0E+01
  Te122 (n,2n   ) Te121m 1.317E-01+-3.0E+01 Te122 (n,na   ) Sn118  6.112E-05+-1.0E+02 Te122 (n,np   ) Sb121  3.089E-04+-1.0E+02 Te122 (n,g    ) Te123  1.712E+00+-4.5E+01
  Te122 (n,g    ) Te123m 7.766E-01+-4.6E+01 Te122 (n,p    ) Sb122  2.249E-03+-3.0E+01 Te122 (n,p    ) Sb122m 3.187E-04+-3.0E+01 Te122 (n,d    ) Sb121  1.517E-04+-1.0E+02
  Te122 (n,t    ) Sb120  1.321E-07+-8.5E+01 Te122 (n,t    ) Sb120m 1.633E-08+-8.5E+01 Te122 (n,h    ) Sn120  7.924E-11+-9.0E+01 Te122 (n,a    ) Sn119  4.259E-04+-8.5E+01
  Te122 (n,a    ) Sn119m 3.257E-04+-8.5E+01 Te122 (n,2p   ) Sn121  5.133E-11+-2.1E+02 Te122 (n,2p   ) Sn121m 8.111E-11+-2.1E+02 Te123 (n,n    ) Te123m 1.456E-01+-1.0E+02
  Te123 (n,2n   ) Te122  2.879E-01+-4.0E+01 Te123 (n,na   ) Sn119  4.835E-05+-1.2E+02 Te123 (n,na   ) Sn119m 6.381E-05+-1.2E+02 Te123 (n,2na  ) Sn118  3.058E-09+-2.0E+02
  Te123 (n,np   ) Sb122  2.309E-04+-1.2E+02 Te123 (n,np   ) Sb122m 3.421E-05+-1.2E+02 Te123 (n,g    ) Te124  9.390E+01+-1.9E+01 Te123 (n,p    ) Sb123  1.682E-03+-5.0E+01
  Te123 (n,d    ) Sb122  1.332E-04+-1.2E+02 Te123 (n,d    ) Sb122m 1.673E-05+-1.2E+02 Te123 (n,t    ) Sb121  2.091E-05+-6.0E+01 Te123 (n,h    ) Sn121  1.317E-12+-1.1E+02
  Te123 (n,h    ) Sn121m 1.679E-12+-1.1E+02 Te123 (n,a    ) Sn120  8.033E-04+-5.9E+01 Te123 (n,2p   ) Sn122  1.370E-09+-2.0E+02 Te123m(n,n    ) Te123  1.086E-01+-1.0E+02
  Te123m(n,2n   ) Te122  2.981E-01+-4.0E+01 Te123m(n,na   ) Sn119  4.626E-05+-1.2E+02 Te123m(n,na   ) Sn119m 8.586E-05+-1.2E+02 Te123m(n,2na  ) Sn118  9.251E-09+-2.0E+02
  Te123m(n,np   ) Sb122  2.111E-04+-1.2E+02 Te123m(n,np   ) Sb122m 1.073E-04+-1.2E+02 Te123m(n,g    ) Te124  9.398E+01+-3.9E+01 Te123m(n,p    ) Sb123  1.657E-03+-5.0E+01
  Te123m(n,d    ) Sb122  1.284E-04+-1.2E+02 Te123m(n,d    ) Sb122m 5.546E-05+-1.2E+02 Te123m(n,t    ) Sb121  1.488E-05+-6.0E+01 Te123m(n,h    ) Sn121m 1.324E-12+-1.1E+02
  Te123m(n,a    ) Sn120  9.888E-04+-4.8E+01 Te123m(n,2p   ) Sn122  8.328E-10+-2.0E+02 Te124 (n,2n   ) Te123  9.547E-02+-7.2E+01 Te124 (n,2n   ) Te123m 1.521E-01+-1.5E+01
  Te124 (n,na   ) Sn120  1.300E-05+-1.0E+02 Te124 (n,np   ) Sb123  7.064E-05+-1.0E+02 Te124 (n,g    ) Te125  5.934E-01+-3.6E+01 Te124 (n,g    ) Te125m 4.774E-03+-3.3E+01
  Te124 (n,p    ) Sb124  6.569E-04+-3.0E+01 Te124 (n,p    ) Sb124m 5.614E-04+-3.0E+01 Te124 (n,p    ) Sb124n 1.466E-04+-3.0E+01 Te124 (n,d    ) Sb123  8.236E-05+-1.0E+02
  Te124 (n,t    ) Sb122  6.743E-08+-8.5E+01 Te124 (n,t    ) Sb122m 5.103E-09+-8.5E+01 Te124 (n,a    ) Sn121  2.669E-04+-3.0E+01 Te124 (n,a    ) Sn121m 1.915E-04+-6.0E+01
  Te125 (n,n    ) Te125m 1.378E-01+-1.0E+02 Te125 (n,2n   ) Te124  2.993E-01+-4.0E+01 Te125 (n,na   ) Sn121  8.436E-06+-1.2E+02 Te125 (n,na   ) Sn121m 1.890E-05+-1.2E+02
  Te125 (n,2na  ) Sn120  8.601E-11+-2.0E+02 Te125 (n,np   ) Sb124  2.484E-05+-1.2E+02 Te125 (n,np   ) Sb124m 3.741E-05+-1.2E+02 Te125 (n,np   ) Sb124n 1.071E-05+-1.2E+02
  Te125 (n,g    ) Te126  7.803E-01+-1.8E+01 Te125 (n,p    ) Sb125  8.744E-04+-5.0E+01 Te125 (n,d    ) Sb124  2.844E-05+-1.2E+02 Te125 (n,d    ) Sb124m 4.415E-05+-1.2E+02
  Te125 (n,d    ) Sb124n 1.088E-05+-1.2E+02 Te125 (n,t    ) Sb123  1.546E-05+-6.0E+01 Te125 (n,a    ) Sn122  3.701E-04+-6.0E+01 Te125 (n,2p   ) Sn124  4.505E-12+-2.0E+02
  Te125m(n,n    ) Te125  1.008E-01+-1.0E+02 Te125m(n,2n   ) Te124  3.092E-01+-4.0E+01 Te125m(n,na   ) Sn121  5.444E-06+-1.2E+02 Te125m(n,na   ) Sn121m 2.431E-05+-1.2E+02
  Te125m(n,2na  ) Sn120  1.957E-10+-2.0E+02 Te125m(n,np   ) Sb124  1.900E-05+-1.2E+02 Te125m(n,np   ) Sb124m 3.479E-05+-1.2E+02 Te125m(n,np   ) Sb124n 3.195E-05+-1.2E+02
  Te125m(n,g    ) Te126  8.323E-01+-5.7E+01 Te125m(n,p    ) Sb125  8.528E-04+-5.0E+01 Te125m(n,d    ) Sb124  1.940E-05+-1.2E+02 Te125m(n,d    ) Sb124m 3.324E-05+-1.2E+02
  Te125m(n,d    ) Sb124n 2.582E-05+-1.2E+02 Te125m(n,t    ) Sb123  7.696E-06+-6.0E+01 Te125m(n,a    ) Sn122  3.593E-04+-6.0E+01 Te125m(n,2p   ) Sn124  2.122E-12+-2.0E+02
  Te126 (n,2n   ) Te125  9.958E-02+-7.2E+01 Te126 (n,2n   ) Te125m 1.912E-01+-3.0E+01 Te126 (n,na   ) Sn122  2.860E-06+-1.0E+02 Te126 (n,np   ) Sb125  1.927E-05+-1.0E+02
  Te126 (n,g    ) Te127  2.941E-01+-4.1E+01 Te126 (n,g    ) Te127m 4.603E-02+-3.9E+01 Te126 (n,p    ) Sb126  7.895E-05+-3.0E+01 Te126 (n,p    ) Sb126m 3.785E-04+-3.0E+01
  Te126 (n,p    ) Sb126n 1.767E-04+-3.0E+01 Te126 (n,d    ) Sb125  4.613E-05+-1.0E+02 Te126 (n,t    ) Sb124  7.556E-09+-8.5E+01 Te126 (n,t    ) Sb124m 1.132E-08+-8.5E+01
  Te126 (n,t    ) Sb124n 1.926E-09+-8.5E+01 Te126 (n,a    ) Sn123  2.013E-04+-3.0E+01 Te126 (n,a    ) Sn123m 1.402E-04+-3.0E+01 Te127 (n,n    ) Te127m 2.068E-01+-1.0E+02
  Te127 (n,2n   ) Te126  3.094E-01+-4.0E+01 Te127 (n,na   ) Sn123  5.166E-06+-1.2E+02 Te127 (n,na   ) Sn123m 1.949E-06+-1.2E+02 Te127 (n,2na  ) Sn122  1.358E-11+-2.0E+02
  Te127 (n,np   ) Sb126  4.142E-06+-1.2E+02 Te127 (n,np   ) Sb126m 9.210E-06+-1.2E+02 Te127 (n,np   ) Sb126n 8.006E-06+-1.2E+02 Te127 (n,g    ) Te128  2.110E+02+-8.3E+02
  Te127 (n,p    ) Sb127  4.588E-04+-5.0E+01 Te127 (n,d    ) Sb126  1.484E-06+-1.2E+02 Te127 (n,d    ) Sb126m 1.998E-05+-1.2E+02 Te127 (n,d    ) Sb126n 2.295E-05+-1.2E+02
  Te127 (n,t    ) Sb125  9.661E-06+-6.0E+01 Te127 (n,a    ) Sn124  2.237E-04+-6.0E+01 Te127m(n,n    ) Te127  6.874E-02+-1.0E+02 Te127m(n,2n   ) Te126  3.215E-01+-4.0E+01
  Te127m(n,na   ) Sn123  5.795E-06+-1.2E+02 Te127m(n,na   ) Sn123m 1.223E-06+-1.2E+02 Te127m(n,2na  ) Sn122  1.370E-11+-2.0E+02 Te127m(n,np   ) Sb126  9.549E-06+-1.2E+02
  Te127m(n,np   ) Sb126m 7.895E-06+-1.2E+02 Te127m(n,np   ) Sb126n 5.950E-06+-1.2E+02 Te127m(n,g    ) Te128  2.110E+02+-1.5E+01 Te127m(n,p    ) Sb127  4.442E-04+-5.0E+01
  Te127m(n,d    ) Sb126  2.685E-06+-1.2E+02 Te127m(n,d    ) Sb126m 1.867E-05+-1.2E+02 Te127m(n,d    ) Sb126n 1.857E-05+-1.2E+02 Te127m(n,t    ) Sb125  4.390E-06+-6.0E+01
  Te127m(n,a    ) Sn124  2.152E-04+-6.0E+01 Te128 (n,2n   ) Te127  1.013E-01+-2.0E+01 Te128 (n,2n   ) Te127m 1.584E-01+-3.0E+01 Te128 (n,na   ) Sn124  8.231E-07+-1.0E+02
  Te128 (n,np   ) Sb127  6.620E-06+-1.0E+02 Te128 (n,g    ) Te129  6.437E-02+-8.5E+00 Te128 (n,g    ) Te129m 5.315E-03+-4.3E+01 Te128 (n,p    ) Sb128  1.447E-04+-3.0E+01
  Te128 (n,p    ) Sb128m 1.442E-04+-3.0E+01 Te128 (n,d    ) Sb127  1.882E-05+-1.0E+02 Te128 (n,t    ) Sb126  4.129E-10+-8.5E+01 Te128 (n,t    ) Sb126m 8.135E-09+-8.5E+01
  Te128 (n,t    ) Sb126n 9.905E-09+-8.5E+01 Te128 (n,a    ) Sn125  6.598E-05+-3.0E+01 Te128 (n,a    ) Sn125m 7.272E-05+-3.0E+01 Te129 (n,n    ) Te129m 1.375E-01+-1.0E+02
  Te129 (n,2n   ) Te128  3.145E-01+-4.0E+01 Te129 (n,na   ) Sn125  1.093E-06+-1.2E+02 Te129 (n,na   ) Sn125m 5.143E-07+-1.2E+02 Te129 (n,2na  ) Sn124  1.199E-12+-2.0E+02
  Te129 (n,np   ) Sb128  2.232E-06+-1.2E+02 Te129 (n,np   ) Sb128m 3.642E-06+-1.2E+02 Te129 (n,g    ) Te130  7.680E-01+-6.8E+02 Te129 (n,p    ) Sb129  2.336E-04+-7.8E+01
  Te129 (n,p    ) Sb129m 8.221E-06+-7.8E+01 Te129 (n,d    ) Sb128  8.510E-06+-1.2E+02 Te129 (n,d    ) Sb128m 9.220E-06+-1.2E+02 Te129 (n,t    ) Sb127  6.017E-06+-6.0E+01
  Te129 (n,a    ) Sn126  1.338E-04+-6.0E+01 Te129m(n,n    ) Te129  1.260E-01+-1.0E+02 Te129m(n,2n   ) Te128  3.273E-01+-4.0E+01 Te129m(n,3n   ) Te127  3.779E-08+-1.0E+02
  Te129m(n,na   ) Sn125  1.243E-06+-1.2E+02 Te129m(n,na   ) Sn125m 3.926E-07+-1.2E+02 Te129m(n,2na  ) Sn124  1.166E-12+-2.0E+02 Te129m(n,np   ) Sb128  2.840E-06+-1.2E+02
  Te129m(n,np   ) Sb128m 4.633E-06+-1.2E+02 Te129m(n,g    ) Te130  7.798E-01+-7.4E+02 Te129m(n,p    ) Sb129  2.238E-04+-7.8E+01 Te129m(n,p    ) Sb129m 7.876E-06+-7.8E+01
  Te129m(n,d    ) Sb128  8.690E-06+-1.2E+02 Te129m(n,d    ) Sb128m 9.414E-06+-1.2E+02 Te129m(n,t    ) Sb127  2.243E-06+-6.0E+01 Te129m(n,a    ) Sn126  1.284E-04+-6.0E+01
  Te130 (n,2n   ) Te129  1.203E-01+-3.0E+01 Te130 (n,2n   ) Te129m 1.880E-01+-2.0E+01 Te130 (n,3n   ) Te128  6.416E-06+-8.0E+01 Te130 (n,na   ) Sn126  2.064E-07+-1.0E+02
  Te130 (n,np   ) Sb129  1.632E-06+-1.2E+02 Te130 (n,np   ) Sb129m 2.997E-07+-1.2E+02 Te130 (n,g    ) Te131  2.463E-02+-2.6E+01 Te130 (n,g    ) Te131m 4.268E-03+-2.5E+01
  Te130 (n,p    ) Sb130  1.192E-04+-3.0E+01 Te130 (n,p    ) Sb130m 1.059E-04+-3.0E+01 Te130 (n,d    ) Sb129  7.890E-06+-1.2E+02 Te130 (n,d    ) Sb129m 2.777E-07+-1.2E+02
  Te130 (n,t    ) Sb128  2.994E-06+-4.0E+01 Te130 (n,t    ) Sb128m 5.929E-09+-8.5E+01 Te130 (n,a    ) Sn127  3.213E-05+-3.0E+01 Te130 (n,a    ) Sn127m 3.791E-05+-8.5E+01
  Te131m(n,n    ) Te131  1.781E-01+-1.0E+02 Te131m(n,2n   ) Te130  3.343E-01+-4.0E+01 Te131m(n,3n   ) Te129  5.257E-05+-1.0E+02 Te131m(n,3n   ) Te129m 1.559E-04+-1.0E+02
  Te131m(n,na   ) Sn127  3.835E-07+-1.2E+02 Te131m(n,na   ) Sn127m 9.126E-08+-1.2E+02 Te131m(n,np   ) Sb130  1.817E-06+-1.2E+02 Te131m(n,np   ) Sb130m 8.853E-07+-1.2E+02
  Te131m(n,nd   ) Sb129m 6.620E-10+-0.0E+00 Te131m(n,g    ) Te132  1.336E+00+-5.4E+02 Te131m(n,p    ) Sb131  1.219E-04+-5.0E+01 Te131m(n,d    ) Sb130  7.612E-06+-1.2E+02
  Te131m(n,d    ) Sb130m 6.233E-06+-1.2E+02 Te131m(n,t    ) Sb129  1.002E-06+-8.5E+01 Te131m(n,t    ) Sb129m 3.528E-08+-8.5E+01 Te131m(n,a    ) Sn128  6.018E-05+-8.5E+01
  Te131m(n,a    ) Sn128m 1.699E-05+-8.5E+01 Te132 (n,2n   ) Te131  1.337E-01+-7.2E+01 Te132 (n,2n   ) Te131m 1.741E-01+-7.2E+01 Te132 (n,3n   ) Te130  1.892E-04+-8.0E+01
  Te132 (n,na   ) Sn128  5.816E-08+-1.2E+02 Te132 (n,na   ) Sn128m 6.592E-10+-1.2E+02 Te132 (n,np   ) Sb131  4.978E-07+-1.0E+02 Te132 (n,g    ) Te133  9.377E-02+-7.8E+01
  Te132 (n,g    ) Te133m 8.043E-04+-7.8E+01 Te132 (n,p    ) Sb132  7.518E-05+-7.8E+01 Te132 (n,p    ) Sb132m 9.292E-06+-7.8E+01 Te132 (n,d    ) Sb131  3.268E-06+-1.0E+02
  Te132 (n,t    ) Sb130  2.810E-09+-8.5E+01 Te132 (n,t    ) Sb130m 5.670E-09+-8.5E+01 Te132 (n,a    ) Sn129  3.303E-05+-8.5E+01 Te132 (n,a    ) Sn129m 2.635E-05+-8.5E+01
  I 123 (n,2n   ) I 122  1.908E-01+-4.0E+01 I 123 (n,na   ) Sb119  2.208E-04+-1.2E+02 I 123 (n,na   ) Sb119m 2.455E-06+-1.2E+02 I 123 (n,np   ) Te122  3.979E-03+-1.0E+02
  I 123 (n,g    ) I 124  1.455E+01+-1.4E+02 I 123 (n,p    ) Te123  2.426E-03+-7.8E+01 I 123 (n,p    ) Te123m 1.723E-03+-7.8E+01 I 123 (n,d    ) Te122  1.149E-03+-1.0E+02
  I 123 (n,t    ) Te121  1.447E-05+-8.5E+01 I 123 (n,t    ) Te121m 9.037E-06+-8.5E+01 I 123 (n,h    ) Sb121  3.652E-10+-9.0E+01 I 123 (n,a    ) Sb120  9.737E-04+-8.5E+01
  I 123 (n,a    ) Sb120m 1.203E-04+-8.5E+01 I 123 (n,2a   ) In116m 1.816E-12+-2.1E+02 I 123 (n,2a   ) In116n 1.469E-12+-2.1E+02 I 123 (n,2p   ) Sb122  7.233E-09+-2.1E+02
  I 123 (n,2p   ) Sb122m 1.439E-09+-2.1E+02 I 123 (n,pa   ) Sn119  5.527E-09+-2.1E+02 I 123 (n,pa   ) Sn119m 7.905E-09+-2.1E+02 I 124 (n,2n   ) I 123  2.714E-01+-4.0E+01
  I 124 (n,na   ) Sb120  8.233E-05+-1.2E+02 I 124 (n,na   ) Sb120m 3.202E-05+-1.2E+02 I 124 (n,2na  ) Sb119  3.133E-10+-2.1E+02 I 124 (n,2na  ) Sb119m 3.484E-12+-2.1E+02
  I 124 (n,np   ) Te123  7.861E-04+-1.2E+02 I 124 (n,np   ) Te123m 1.315E-03+-1.2E+02 I 124 (n,nd   ) Te122  6.834E-09+-6.0E+01 I 124 (n,2np  ) Te122  1.373E-09+-2.0E+02
  I 124 (n,g    ) I 125  1.627E+01+-1.6E+02 I 124 (n,p    ) Te124  4.567E-02+-5.0E+01 I 124 (n,d    ) Te123  3.180E-04+-1.2E+02 I 124 (n,d    ) Te123m 5.038E-04+-1.2E+02
  I 124 (n,t    ) Te122  2.852E-04+-6.0E+01 I 124 (n,h    ) Sb122  5.626E-11+-1.1E+02 I 124 (n,h    ) Sb122m 5.478E-12+-1.1E+02 I 124 (n,a    ) Sb121  9.935E-04+-6.0E+01
  I 124 (n,2a   ) In117  7.531E-12+-2.1E+02 I 124 (n,2a   ) In117m 1.492E-12+-2.1E+02 I 124 (n,2p   ) Sb123  1.150E-08+-2.0E+02 I 124 (n,pa   ) Sn120  3.478E-08+-2.0E+02
  I 125 (n,2n   ) I 124  2.472E-01+-4.0E+01 I 125 (n,na   ) Sb121  4.304E-05+-1.0E+02 I 125 (n,np   ) Te124  7.637E-04+-1.0E+02 I 125 (n,g    ) I 126  6.121E+01+-9.8E+00
  I 125 (n,p    ) Te125  1.165E-03+-7.8E+01 I 125 (n,p    ) Te125m 8.642E-04+-7.8E+01 I 125 (n,d    ) Te124  8.433E-04+-1.0E+02 I 125 (n,t    ) Te123  7.890E-06+-8.5E+01
  I 125 (n,t    ) Te123m 8.191E-06+-8.5E+01 I 125 (n,h    ) Sb123  1.027E-11+-9.0E+01 I 125 (n,a    ) Sb122  5.782E-04+-8.5E+01 I 125 (n,a    ) Sb122m 6.732E-05+-8.5E+01
  I 125 (n,2p   ) Sb124  8.759E-12+-2.1E+02 I 125 (n,2p   ) Sb124m 7.568E-12+-2.1E+02 I 125 (n,2p   ) Sb124n 5.277E-12+-2.1E+02 I 125 (n,pa   ) Sn121  3.769E-11+-2.1E+02
  I 125 (n,pa   ) Sn121m 8.825E-11+-2.1E+02 I 126 (n,2n   ) I 125  2.881E-01+-4.0E+01 I 126 (n,na   ) Sb122  2.896E-05+-1.2E+02 I 126 (n,na   ) Sb122m 7.786E-06+-1.2E+02
  I 126 (n,2na  ) Sb121  2.937E-11+-2.0E+02 I 126 (n,np   ) Te125  2.687E-04+-1.2E+02 I 126 (n,np   ) Te125m 4.478E-04+-1.2E+02 I 126 (n,nd   ) Te124  1.629E-09+-6.0E+01
  I 126 (n,2np  ) Te124  4.226E-11+-2.0E+02 I 126 (n,g    ) I 127  7.882E+02+-7.1E+00 I 126 (n,p    ) Te126  2.608E-02+-5.0E+01 I 126 (n,d    ) Te125  2.176E-04+-1.2E+02
  I 126 (n,d    ) Te125m 3.597E-04+-1.2E+02 I 126 (n,t    ) Te124  2.158E-04+-6.0E+01 I 126 (n,a    ) Sb123  6.923E-04+-6.0E+01 I 126 (n,2p   ) Sb125  1.347E-10+-2.0E+02
  I 126 (n,pa   ) Sn122  2.027E-10+-2.0E+02 I 127 (n,2n   ) I 126  2.800E-01+-1.0E+01 I 127 (n,na   ) Sb123  3.790E-06+-1.0E+02 I 127 (n,np   ) Te126  2.656E-04+-1.0E+02
  I 127 (n,g    ) I 128  3.731E+00+-9.0E+00 I 127 (n,p    ) Te127  1.383E-03+-3.0E+01 I 127 (n,p    ) Te127m 1.171E-03+-3.0E+01 I 127 (n,d    ) Te126  5.883E-04+-1.0E+02
  I 127 (n,t    ) Te125  4.020E-06+-8.5E+01 I 127 (n,t    ) Te125m 6.030E-06+-8.5E+01 I 127 (n,a    ) Sb124  2.413E-04+-3.0E+01 I 127 (n,a    ) Sb124m 2.092E-04+-3.0E+01
  I 127 (n,a    ) Sb124n 1.031E-04+-6.0E+01 I 128 (n,2n   ) I 127  3.157E-01+-4.0E+01 I 128 (n,na   ) Sb124  5.622E-06+-1.2E+02 I 128 (n,na   ) Sb124m 5.325E-06+-1.2E+02
  I 128 (n,na   ) Sb124n 2.896E-06+-1.2E+02 I 128 (n,2na  ) Sb123  5.531E-12+-2.0E+02 I 128 (n,np   ) Te127  9.877E-05+-1.2E+02 I 128 (n,np   ) Te127m 2.182E-04+-1.2E+02
  I 128 (n,nd   ) Te126  5.759E-10+-6.0E+01 I 128 (n,2np  ) Te126  1.786E-12+-2.0E+02 I 128 (n,g    ) I 129  6.145E+00+-1.1E+01 I 128 (n,p    ) Te128  8.353E-04+-5.0E+01
  I 128 (n,d    ) Te127  1.271E-04+-1.2E+02 I 128 (n,d    ) Te127m 2.768E-04+-1.2E+02 I 128 (n,t    ) Te126  1.658E-04+-6.0E+01 I 128 (n,a    ) Sb125  3.178E-04+-6.0E+01
  I 128 (n,2p   ) Sb127  1.459E-12+-2.0E+02 I 128 (n,pa   ) Sn124  3.221E-12+-2.0E+02 I 129 (n,2n   ) I 128  2.170E-01+-2.0E+01 I 129 (n,na   ) Sb125  3.949E-06+-1.0E+02
  I 129 (n,np   ) Te128  9.579E-05+-1.0E+02 I 129 (n,g    ) I 130  1.113E+00+-1.1E+01 I 129 (n,g    ) I 130m 1.584E+00+-9.5E+00 I 129 (n,p    ) Te129  2.678E-04+-7.8E+01
  I 129 (n,p    ) Te129m 3.105E-04+-7.8E+01 I 129 (n,d    ) Te128  3.640E-04+-1.0E+02 I 129 (n,t    ) Te127  2.260E-06+-8.5E+01 I 129 (n,t    ) Te127m 4.275E-06+-8.5E+01
  I 129 (n,a    ) Sb126  5.453E-05+-8.5E+01 I 129 (n,a    ) Sb126m 6.067E-05+-8.5E+01 I 129 (n,a    ) Sb126n 1.162E-04+-8.5E+01 I 130 (n,n    ) I 130m 1.689E-01+-1.0E+02
  I 130 (n,2n   ) I 129  3.156E-01+-4.0E+01 I 130 (n,na   ) Sb126  1.608E-06+-1.2E+02 I 130 (n,na   ) Sb126m 1.605E-06+-1.2E+02 I 130 (n,na   ) Sb126n 1.140E-06+-1.2E+02
  I 130 (n,2na  ) Sb125  1.330E-12+-2.0E+02 I 130 (n,np   ) Te129  5.022E-05+-1.2E+02 I 130 (n,np   ) Te129m 8.043E-05+-1.2E+02 I 130 (n,nd   ) Te128  9.393E-11+-6.0E+01
  I 130 (n,g    ) I 131  5.097E+00+-1.0E+01 I 130 (n,p    ) Te130  4.424E-04+-5.0E+01 I 130 (n,d    ) Te129  1.776E-04+-1.2E+02 I 130 (n,d    ) Te129m 8.720E-05+-1.2E+02
  I 130 (n,t    ) Te128  1.138E-04+-6.0E+01 I 130 (n,a    ) Sb127  1.940E-04+-6.0E+01 I 131 (n,2n   ) I 130  2.362E-01+-7.2E+01 I 131 (n,2n   ) I 130m 5.972E-02+-7.2E+01
  I 131 (n,na   ) Sb127  1.220E-06+-1.0E+02 I 131 (n,np   ) Te130  3.955E-05+-1.0E+02 I 131 (n,g    ) I 132  4.338E-01+-7.8E+01 I 131 (n,g    ) I 132m 4.809E-03+-7.8E+01
  I 131 (n,p    ) Te131  1.689E-04+-7.8E+01 I 131 (n,p    ) Te131m 1.245E-04+-7.8E+01 I 131 (n,d    ) Te130  2.361E-04+-1.0E+02 I 131 (n,t    ) Te129  2.874E-06+-8.5E+01
  I 131 (n,t    ) Te129m 8.424E-07+-8.5E+01 I 131 (n,a    ) Sb128  6.778E-05+-8.5E+01 I 131 (n,a    ) Sb128m 7.342E-05+-8.5E+01 I 133 (n,n    ) I 133m 8.283E-03+-1.0E+02
  I 133 (n,2n   ) I 132  2.048E-01+-7.2E+01 I 133 (n,2n   ) I 132m 9.583E-02+-7.2E+01 I 133 (n,3n   ) I 131  9.086E-06+-8.0E+01 I 133 (n,na   ) Sb129  3.124E-07+-1.2E+02
  I 133 (n,na   ) Sb129m 5.731E-08+-1.2E+02 I 133 (n,np   ) Te132  1.708E-05+-1.0E+02 I 133 (n,g    ) I 134  1.259E+00+-7.8E+01 I 133 (n,g    ) I 134m 2.054E-02+-7.8E+01
  I 133 (n,p    ) Te133  8.787E-05+-7.8E+01 I 133 (n,p    ) Te133m 6.793E-05+-7.8E+01 I 133 (n,d    ) Te132  1.282E-04+-1.0E+02 I 133 (n,t    ) Te131  1.670E-06+-8.5E+01
  I 133 (n,t    ) Te131m 6.379E-07+-8.5E+01 I 133 (n,a    ) Sb130  3.131E-05+-8.5E+01 I 133 (n,a    ) Sb130m 5.618E-05+-8.5E+01 I 135 (n,2n   ) I 134  2.328E-01+-7.2E+01
  I 135 (n,2n   ) I 134m 8.128E-02+-7.2E+01 I 135 (n,3n   ) I 133  2.511E-04+-1.0E+02 I 135 (n,na   ) Sb131  9.694E-08+-1.0E+02 I 135 (n,np   ) Te134  3.859E-06+-1.0E+02
  I 135 (n,g    ) I 136  5.115E-02+-8.9E+02 I 135 (n,g    ) I 136m 3.404E-03+-8.8E+02 I 135 (n,p    ) Te135  7.713E-05+-5.0E+01 I 135 (n,d    ) Te134  5.972E-05+-1.0E+02
  I 135 (n,t    ) Te133  9.855E-07+-8.5E+01 I 135 (n,t    ) Te133m 4.721E-07+-8.5E+01 I 135 (n,a    ) Sb132  4.842E-05+-8.5E+01 I 135 (n,a    ) Sb132m 5.985E-06+-8.5E+01
  Xe122 (n,2n   ) Xe121  1.458E-01+-4.0E+01 Xe122 (n,na   ) Te118  1.364E-03+-1.0E+02 Xe122 (n,np   ) I 121  1.970E-02+-1.0E+02 Xe122 (n,n2a  ) Sn114  2.086E-11+-2.0E+02
  Xe122 (n,nd   ) I 120m 1.456E-12+-0.0E+00 Xe122 (n,g    ) Xe123  3.075E+00+-3.4E+02 Xe122 (n,p    ) I 122  1.423E-02+-5.0E+01 Xe122 (n,d    ) I 121  5.714E-04+-1.0E+02
  Xe122 (n,t    ) I 120  8.895E-08+-8.5E+01 Xe122 (n,t    ) I 120m 1.581E-07+-8.5E+01 Xe122 (n,h    ) Te120  6.128E-08+-9.0E+01 Xe122 (n,a    ) Te119  2.142E-03+-8.5E+01
  Xe122 (n,a    ) Te119m 1.206E-03+-8.5E+01 Xe122 (n,2a   ) Sn115  1.885E-07+-2.0E+02 Xe122 (n,2p   ) Te121  2.855E-05+-2.1E+02 Xe122 (n,2p   ) Te121m 2.957E-05+-2.1E+02
  Xe122 (n,pa   ) Sb118  1.185E-06+-2.1E+02 Xe122 (n,pa   ) Sb118m 1.245E-07+-2.1E+02 Xe122 (n,pd   ) Te120  4.981E-12+-2.0E+02 Xe124 (n,2n   ) Xe123  2.584E-01+-2.0E+01
  Xe124 (n,na   ) Te120  2.172E-04+-1.0E+02 Xe124 (n,np   ) I 123  3.297E-03+-1.0E+02 Xe124 (n,g    ) Xe125  4.896E+01+-2.5E+01 Xe124 (n,g    ) Xe125m 1.001E+01+-1.8E+01
  Xe124 (n,p    ) I 124  6.407E-03+-5.0E+01 Xe124 (n,d    ) I 123  3.209E-04+-1.0E+02 Xe124 (n,t    ) I 122  2.394E-07+-6.0E+01 Xe124 (n,h    ) Te122  2.506E-09+-9.0E+01
  Xe124 (n,a    ) Te121  9.636E-04+-8.5E+01 Xe124 (n,a    ) Te121m 6.622E-04+-8.5E+01 Xe124 (n,2a   ) Sn117  1.604E-09+-2.1E+02 Xe124 (n,2a   ) Sn117m 1.559E-09+-2.1E+02
  Xe124 (n,2p   ) Te123  1.931E-07+-2.1E+02 Xe124 (n,2p   ) Te123m 2.107E-07+-2.1E+02 Xe124 (n,pa   ) Sb120  5.110E-09+-2.1E+02 Xe124 (n,pa   ) Sb120m 1.987E-09+-2.1E+02
  Xe125 (n,n    ) Xe125m 1.805E-01+-1.0E+02 Xe125 (n,2n   ) Xe124  2.577E-01+-4.0E+01 Xe125 (n,na   ) Te121  1.008E-04+-1.2E+02 Xe125 (n,na   ) Te121m 1.232E-04+-1.2E+02
  Xe125 (n,2na  ) Te120  5.134E-10+-2.0E+02 Xe125 (n,np   ) I 124  2.583E-03+-1.0E+02 Xe125 (n,g    ) Xe126  5.452E+00+-3.5E+02 Xe125 (n,p    ) I 125  4.696E-03+-5.0E+01
  Xe125 (n,d    ) I 124  2.910E-04+-1.0E+02 Xe125 (n,t    ) I 123  2.387E-05+-6.0E+01 Xe125 (n,h    ) Te123  2.897E-10+-1.1E+02 Xe125 (n,h    ) Te123m 2.668E-10+-1.1E+02
  Xe125 (n,a    ) Te122  3.728E-03+-3.3E+01 Xe125 (n,2a   ) Sn118  9.945E-09+-2.0E+02 Xe125 (n,2p   ) Te124  1.134E-06+-2.0E+02 Xe125 (n,pa   ) Sb121  1.494E-08+-2.0E+02
  Xe126 (n,2n   ) Xe125  1.781E-01+-3.0E+01 Xe126 (n,2n   ) Xe125m 6.810E-02+-3.0E+01 Xe126 (n,na   ) Te122  4.905E-05+-1.0E+02 Xe126 (n,np   ) I 125  6.348E-04+-1.0E+02
  Xe126 (n,g    ) Xe127  1.216E+00+-2.7E+01 Xe126 (n,g    ) Xe127m 1.818E-01+-3.2E+01 Xe126 (n,p    ) I 126  3.057E-03+-5.0E+01 Xe126 (n,d    ) I 125  1.924E-04+-1.0E+02
  Xe126 (n,t    ) I 124  1.229E-07+-6.0E+01 Xe126 (n,h    ) Te124  1.280E-10+-9.0E+01 Xe126 (n,a    ) Te123  5.212E-04+-8.5E+01 Xe126 (n,a    ) Te123m 3.892E-04+-8.5E+01
  Xe126 (n,2a   ) Sn119  1.176E-11+-2.1E+02 Xe126 (n,2a   ) Sn119m 1.990E-11+-2.1E+02 Xe126 (n,2p   ) Te125  9.856E-10+-2.1E+02 Xe126 (n,2p   ) Te125m 1.184E-09+-2.1E+02
  Xe126 (n,pa   ) Sb122  4.298E-11+-2.1E+02 Xe126 (n,pa   ) Sb122m 6.862E-12+-2.1E+02 Xe127 (n,n    ) Xe127m 1.113E-01+-1.0E+02 Xe127 (n,2n   ) Xe126  2.793E-01+-4.0E+01
  Xe127 (n,na   ) Te123  2.280E-05+-1.2E+02 Xe127 (n,na   ) Te123m 3.495E-05+-1.2E+02 Xe127 (n,2na  ) Te122  5.271E-11+-2.0E+02 Xe127 (n,np   ) I 126  4.550E-04+-1.0E+02
  Xe127 (n,g    ) Xe128  5.055E+00+-3.5E+02 Xe127 (n,p    ) I 127  2.299E-03+-5.0E+01 Xe127 (n,d    ) I 126  1.914E-04+-1.0E+02 Xe127 (n,t    ) I 125  1.774E-05+-6.0E+01
  Xe127 (n,h    ) Te125  8.422E-12+-1.1E+02 Xe127 (n,h    ) Te125m 9.184E-12+-1.1E+02 Xe127 (n,a    ) Te124  1.662E-03+-3.9E+01 Xe127 (n,2a   ) Sn120  1.214E-10+-2.0E+02
  Xe127 (n,2p   ) Te126  1.170E-08+-2.0E+02 Xe127 (n,pa   ) Sb123  2.561E-10+-2.0E+02 Xe128 (n,2n   ) Xe127  2.454E-01+-2.0E+01 Xe128 (n,2n   ) Xe127m 5.391E-02+-2.0E+01
  Xe128 (n,na   ) Te124  1.388E-05+-1.0E+02 Xe128 (n,np   ) I 127  1.721E-04+-1.0E+02 Xe128 (n,g    ) Xe129  5.921E-01+-3.4E+01 Xe128 (n,g    ) Xe129m 3.838E-02+-5.1E+01
  Xe128 (n,p    ) I 128  4.066E-03+-3.0E+01 Xe128 (n,d    ) I 127  1.159E-04+-1.0E+02 Xe128 (n,t    ) I 126  6.443E-08+-6.0E+01 Xe128 (n,h    ) Te126  3.121E-12+-9.0E+01
  Xe128 (n,a    ) Te125  3.107E-04+-8.5E+01 Xe128 (n,a    ) Te125m 2.349E-04+-8.5E+01 Xe128 (n,2p   ) Te127  1.618E-12+-2.1E+02 Xe128 (n,2p   ) Te127m 2.296E-12+-2.1E+02
  Xe129 (n,n    ) Xe129m 7.468E-02+-1.0E+02 Xe129 (n,2n   ) Xe128  2.892E-01+-4.0E+01 Xe129 (n,na   ) Te125  7.751E-06+-1.2E+02 Xe129 (n,na   ) Te125m 1.305E-05+-1.2E+02
  Xe129 (n,2na  ) Te124  1.452E-11+-2.0E+02 Xe129 (n,np   ) I 128  1.243E-04+-1.0E+02 Xe129 (n,g    ) Xe130  5.869E+00+-1.7E+01 Xe129 (n,p    ) I 129  1.209E-03+-5.0E+01
  Xe129 (n,d    ) I 128  1.133E-04+-1.0E+02 Xe129 (n,t    ) I 127  1.295E-05+-6.0E+01 Xe129 (n,a    ) Te126  4.858E-04+-5.7E+01 Xe129 (n,2a   ) Sn122  1.356E-12+-2.0E+02
  Xe129 (n,2p   ) Te128  7.157E-11+-2.0E+02 Xe129 (n,pa   ) Sb125  3.557E-12+-2.0E+02 Xe129m(n,n    ) Xe129  1.845E-01+-1.0E+02 Xe129m(n,2n   ) Xe128  3.088E-01+-4.0E+01
  Xe129m(n,na   ) Te125  5.819E-06+-1.2E+02 Xe129m(n,na   ) Te125m 1.890E-05+-1.2E+02 Xe129m(n,2na  ) Te124  5.368E-11+-2.0E+02 Xe129m(n,np   ) I 128  1.535E-04+-1.0E+02
  Xe129m(n,g    ) Xe130  5.872E+00+-8.1E+01 Xe129m(n,p    ) I 129  1.197E-03+-5.0E+01 Xe129m(n,d    ) I 128  1.067E-04+-1.0E+02 Xe129m(n,t    ) I 127  1.519E-05+-6.0E+01
  Xe129m(n,a    ) Te126  4.505E-04+-5.9E+01 Xe129m(n,2a   ) Sn122  2.213E-12+-2.0E+02 Xe129m(n,2p   ) Te128  4.323E-11+-2.0E+02 Xe129m(n,pa   ) Sb125  5.696E-12+-2.0E+02
  Xe130 (n,2n   ) Xe129  1.136E-01+-6.7E+01 Xe130 (n,2n   ) Xe129m 1.212E-01+-6.7E+01 Xe130 (n,na   ) Te126  4.132E-06+-1.0E+02 Xe130 (n,np   ) I 129  3.883E-05+-1.0E+02
  Xe130 (n,g    ) Xe131  4.474E-01+-3.8E+01 Xe130 (n,g    ) Xe131m 4.074E-02+-2.9E+01 Xe130 (n,p    ) I 130  4.296E-04+-6.7E+01 Xe130 (n,p    ) I 130m 4.070E-04+-6.7E+01
  Xe130 (n,d    ) I 129  6.674E-05+-1.0E+02 Xe130 (n,t    ) I 128  5.121E-08+-6.0E+01 Xe130 (n,a    ) Te127  1.892E-04+-8.5E+01 Xe130 (n,a    ) Te127m 1.434E-04+-8.5E+01
  Xe131 (n,n    ) Xe131m 1.441E-01+-1.0E+02 Xe131 (n,2n   ) Xe130  3.031E-01+-4.0E+01 Xe131 (n,na   ) Te127  2.103E-06+-1.2E+02 Xe131 (n,na   ) Te127m 5.126E-06+-1.2E+02
  Xe131 (n,2na  ) Te126  3.482E-12+-2.0E+02 Xe131 (n,np   ) I 130  2.214E-05+-1.2E+02 Xe131 (n,np   ) I 130m 1.585E-05+-1.2E+02 Xe131 (n,g    ) Xe132  2.152E+01+-9.1E+00
  Xe131 (n,p    ) I 131  9.121E-04+-3.0E+01 Xe131 (n,d    ) I 130  3.307E-05+-1.2E+02 Xe131 (n,d    ) I 130m 2.736E-05+-1.2E+02 Xe131 (n,t    ) I 129  8.853E-06+-6.0E+01
  Xe131 (n,a    ) Te128  2.849E-04+-5.8E+01 Xe131m(n,n    ) Xe131  1.153E-01+-1.0E+02 Xe131m(n,2n   ) Xe130  3.177E-01+-4.0E+01 Xe131m(n,na   ) Te127  1.495E-06+-1.2E+02
  Xe131m(n,na   ) Te127m 6.180E-06+-1.2E+02 Xe131m(n,2na  ) Te126  5.621E-12+-2.0E+02 Xe131m(n,np   ) I 130  2.959E-05+-1.2E+02 Xe131m(n,np   ) I 130m 1.416E-05+-1.2E+02
  Xe131m(n,g    ) Xe132  2.152E+01+-1.0E+02 Xe131m(n,p    ) I 131  6.377E-04+-5.0E+01 Xe131m(n,d    ) I 130  3.831E-05+-1.2E+02 Xe131m(n,d    ) I 130m 2.050E-05+-1.2E+02
  Xe131m(n,t    ) I 129  7.335E-06+-6.0E+01 Xe131m(n,a    ) Te128  2.734E-04+-6.0E+01 Xe132 (n,2n   ) Xe131  1.032E-01+-7.2E+01 Xe132 (n,2n   ) Xe131m 1.798E-01+-2.0E+01
  Xe132 (n,na   ) Te128  1.265E-06+-1.0E+02 Xe132 (n,np   ) I 131  1.232E-05+-1.0E+02 Xe132 (n,g    ) Xe133  1.574E-01+-5.4E+01 Xe132 (n,g    ) Xe133m 1.984E-02+-6.8E+01
  Xe132 (n,p    ) I 132  3.964E-04+-6.7E+01 Xe132 (n,p    ) I 132m 4.692E-05+-6.7E+01 Xe132 (n,d    ) I 131  3.107E-05+-1.0E+02 Xe132 (n,t    ) I 130  1.245E-08+-8.5E+01
  Xe132 (n,t    ) I 130m 1.323E-08+-8.5E+01 Xe132 (n,a    ) Te129  1.159E-04+-7.8E+01 Xe132 (n,a    ) Te129m 8.748E-05+-7.8E+01 Xe133 (n,n    ) Xe133m 1.259E-01+-1.0E+02
  Xe133 (n,2n   ) Xe132  3.111E-01+-4.0E+01 Xe133 (n,na   ) Te129  8.836E-07+-1.2E+02 Xe133 (n,na   ) Te129m 1.310E-06+-1.2E+02 Xe133 (n,2na  ) Te128  1.324E-12+-2.0E+02
  Xe133 (n,np   ) I 132  8.971E-06+-1.2E+02 Xe133 (n,np   ) I 132m 1.835E-06+-1.2E+02 Xe133 (n,g    ) Xe134  1.222E+01+-7.8E+01 Xe133 (n,g    ) Xe134m 4.323E-03+-7.8E+01
  Xe133 (n,p    ) I 133  3.377E-04+-7.8E+01 Xe133 (n,p    ) I 133m 1.189E-05+-7.8E+01 Xe133 (n,d    ) I 132  2.414E-05+-1.2E+02 Xe133 (n,d    ) I 132m 4.616E-06+-1.2E+02
  Xe133 (n,t    ) I 131  4.885E-06+-6.0E+01 Xe133 (n,a    ) Te130  1.716E-04+-6.0E+01 Xe133m(n,n    ) Xe133  1.555E-01+-1.0E+02 Xe133m(n,2n   ) Xe132  3.288E-01+-4.0E+01
  Xe133m(n,na   ) Te129  7.325E-07+-1.2E+02 Xe133m(n,na   ) Te129m 1.884E-06+-1.2E+02 Xe133m(n,2na  ) Te128  2.550E-12+-2.0E+02 Xe133m(n,np   ) I 132  1.040E-05+-1.2E+02
  Xe133m(n,np   ) I 132m 5.483E-06+-1.2E+02 Xe133m(n,g    ) Xe134  8.220E+00+-7.8E+01 Xe133m(n,g    ) Xe134m 4.065E+00+-7.8E+01 Xe133m(n,p    ) I 133  3.299E-04+-7.8E+01
  Xe133m(n,p    ) I 133m 1.161E-05+-7.8E+01 Xe133m(n,d    ) I 132  1.987E-05+-1.2E+02 Xe133m(n,d    ) I 132m 8.628E-06+-1.2E+02 Xe133m(n,t    ) I 131  3.681E-06+-6.0E+01
  Xe133m(n,a    ) Te130  1.668E-04+-6.0E+01 Xe134 (n,n    ) Xe134m 1.322E-02+-1.0E+02 Xe134 (n,2n   ) Xe133  1.423E-01+-2.0E+01 Xe134 (n,2n   ) Xe133m 1.174E-01+-2.0E+01
  Xe134 (n,na   ) Te130  4.203E-07+-1.0E+02 Xe134 (n,np   ) I 133  3.605E-06+-1.2E+02 Xe134 (n,np   ) I 133m 6.615E-07+-1.2E+02 Xe134 (n,g    ) Xe135  3.214E-02+-3.1E+01
  Xe134 (n,g    ) Xe135m 5.542E-04+-3.0E+01 Xe134 (n,p    ) I 134  2.122E-04+-6.7E+01 Xe134 (n,p    ) I 134m 2.573E-05+-6.7E+01 Xe134 (n,d    ) I 133  1.490E-05+-1.2E+02
  Xe134 (n,d    ) I 133m 5.244E-07+-1.2E+02 Xe134 (n,t    ) I 132  1.064E-08+-8.5E+01 Xe134 (n,t    ) I 132m 1.547E-09+-8.5E+01 Xe134 (n,a    ) Te131  7.164E-05+-8.5E+01
  Xe134 (n,a    ) Te131m 5.412E-05+-8.5E+01 Xe135 (n,n    ) Xe135m 8.611E-02+-1.0E+02 Xe135 (n,2n   ) Xe134  2.249E-01+-7.2E+01 Xe135 (n,2n   ) Xe134m 9.462E-02+-7.2E+01
  Xe135 (n,na   ) Te131  2.090E-07+-1.2E+02 Xe135 (n,na   ) Te131m 2.875E-07+-1.2E+02 Xe135 (n,np   ) I 134  2.574E-06+-1.2E+02 Xe135 (n,np   ) I 134m 1.819E-07+-1.2E+02
  Xe135 (n,nd   ) I 133m 2.167E-10+-0.0E+00 Xe135 (n,g    ) Xe136  1.072E+05+-1.0E+01 Xe135 (n,p    ) I 135  1.882E-04+-5.0E+01 Xe135 (n,d    ) I 134  1.031E-05+-1.2E+02
  Xe135 (n,d    ) I 134m 1.514E-06+-1.2E+02 Xe135 (n,t    ) I 133  2.230E-06+-8.5E+01 Xe135 (n,t    ) I 133m 7.850E-08+-8.5E+01 Xe135 (n,a    ) Te132  1.077E-04+-6.0E+01
  Xe136 (n,2n   ) Xe135  1.384E-01+-2.0E+01 Xe136 (n,2n   ) Xe135m 1.339E-01+-2.0E+01 Xe136 (n,3n   ) Xe134  1.409E-05+-1.0E+02 Xe136 (n,na   ) Te132  1.304E-07+-1.0E+02
  Xe136 (n,np   ) I 135  1.109E-06+-1.0E+02 Xe136 (n,g    ) Xe137  1.783E-02+-1.5E+01 Xe136 (n,p    ) I 136  7.417E-05+-7.8E+01 Xe136 (n,p    ) I 136m 4.665E-05+-7.8E+01
  Xe136 (n,d    ) I 135  7.901E-06+-1.0E+02 Xe136 (n,t    ) I 134  1.086E-08+-8.5E+01 Xe136 (n,t    ) I 134m 1.369E-09+-8.5E+01 Xe136 (n,a    ) Te133  4.400E-05+-8.5E+01
  Xe136 (n,a    ) Te133m 3.430E-05+-8.5E+01 Cs127 (n,2n   ) Cs126  1.818E-01+-4.0E+01 Cs127 (n,na   ) I 123  2.491E-04+-1.0E+02 Cs127 (n,np   ) Xe126  1.052E-02+-1.0E+02
  Cs127 (n,g    ) Cs128  1.233E+01+-2.2E+02 Cs127 (n,p    ) Xe127  5.764E-03+-7.8E+01 Cs127 (n,p    ) Xe127m 3.346E-03+-7.8E+01 Cs127 (n,d    ) Xe126  1.364E-03+-1.0E+02
  Cs127 (n,t    ) Xe125  1.217E-05+-8.5E+01 Cs127 (n,t    ) Xe125m 1.609E-05+-8.5E+01 Cs127 (n,h    ) I 125  1.435E-09+-9.0E+01 Cs127 (n,a    ) I 124  1.336E-03+-6.0E+01
  Cs127 (n,2a   ) Sb120  2.227E-10+-2.1E+02 Cs127 (n,2a   ) Sb120m 8.661E-11+-2.1E+02 Cs127 (n,2p   ) I 126  1.451E-07+-2.0E+02 Cs127 (n,pa   ) Te123  2.174E-08+-2.1E+02
  Cs127 (n,pa   ) Te123m 2.412E-08+-2.1E+02 Cs129 (n,2n   ) Cs128  2.137E-01+-4.0E+01 Cs129 (n,na   ) I 125  9.250E-05+-1.0E+02 Cs129 (n,np   ) Xe128  2.379E-03+-1.0E+02
  Cs129 (n,g    ) Cs130  7.311E+00+-7.8E+01 Cs129 (n,g    ) Cs130m 1.606E+00+-7.8E+01 Cs129 (n,p    ) Xe129  1.722E-03+-7.8E+01 Cs129 (n,p    ) Xe129m 1.180E-03+-7.8E+01
  Cs129 (n,d    ) Xe128  1.007E-03+-1.0E+02 Cs129 (n,t    ) Xe127  1.220E-05+-8.5E+01 Cs129 (n,t    ) Xe127m 1.138E-05+-8.5E+01 Cs129 (n,h    ) I 127  1.012E-10+-9.0E+01
  Cs129 (n,a    ) I 126  7.966E-04+-6.0E+01 Cs129 (n,2a   ) Sb122  6.602E-12+-2.1E+02 Cs129 (n,2a   ) Sb122m 1.284E-12+-2.1E+02 Cs129 (n,2p   ) I 128  1.979E-09+-2.0E+02
  Cs129 (n,pa   ) Te125  5.355E-10+-2.1E+02 Cs129 (n,pa   ) Te125m 6.331E-10+-2.1E+02 Cs131 (n,2n   ) Cs130  2.533E-01+-7.2E+01 Cs131 (n,2n   ) Cs130m 1.477E-01+-7.2E+01
  Cs131 (n,na   ) I 127  3.353E-05+-1.0E+02 Cs131 (n,np   ) Xe130  6.773E-04+-1.0E+02 Cs131 (n,g    ) Cs132  9.990E+00+-1.7E+02 Cs131 (n,p    ) Xe131  8.468E-04+-7.8E+01
  Cs131 (n,p    ) Xe131m 6.244E-04+-7.8E+01 Cs131 (n,d    ) Xe130  7.600E-04+-1.0E+02 Cs131 (n,t    ) Xe129  9.542E-06+-8.5E+01 Cs131 (n,t    ) Xe129m 1.003E-05+-8.5E+01
  Cs131 (n,h    ) I 129  4.373E-12+-9.0E+01 Cs131 (n,a    ) I 128  4.816E-04+-6.0E+01 Cs131 (n,2p   ) I 130  7.003E-12+-2.1E+02 Cs131 (n,2p   ) I 130m 2.743E-12+-2.1E+02
  Cs131 (n,pa   ) Te127  5.399E-12+-2.1E+02 Cs131 (n,pa   ) Te127m 9.668E-12+-2.1E+02 Cs132 (n,2n   ) Cs131  3.136E-01+-4.0E+01 Cs132 (n,na   ) I 128  2.484E-05+-1.0E+02
  Cs132 (n,2na  ) I 127  3.297E-11+-2.0E+02 Cs132 (n,np   ) Xe131  2.233E-04+-1.2E+02 Cs132 (n,np   ) Xe131m 3.525E-04+-1.2E+02 Cs132 (n,nd   ) Xe130  1.796E-09+-6.0E+01
  Cs132 (n,2np  ) Xe130  8.653E-11+-2.0E+02 Cs132 (n,g    ) Cs133  1.474E+01+-1.6E+02 Cs132 (n,p    ) Xe132  1.275E-03+-5.0E+01 Cs132 (n,d    ) Xe131  2.226E-04+-1.2E+02
  Cs132 (n,d    ) Xe131m 3.257E-04+-1.2E+02 Cs132 (n,t    ) Xe130  2.093E-04+-6.0E+01 Cs132 (n,a    ) I 129  1.005E-02+-4.8E+01 Cs132 (n,2p   ) I 131  5.597E-11+-2.0E+02
  Cs132 (n,pa   ) Te128  3.208E-11+-2.0E+02 Cs133 (n,2n   ) Cs132  2.435E-01+-2.0E+01 Cs133 (n,na   ) I 129  8.285E-06+-1.0E+02 Cs133 (n,np   ) Xe132  1.818E-03+-1.0E+02
  Cs133 (n,g    ) Cs134  8.423E+00+-8.4E+00 Cs133 (n,g    ) Cs134m 8.632E-01+-2.1E+01 Cs133 (n,p    ) Xe133  8.657E-04+-3.0E+01 Cs133 (n,p    ) Xe133m 6.745E-04+-3.0E+01
  Cs133 (n,d    ) Xe132  4.748E-04+-5.0E+01 Cs133 (n,t    ) Xe131  5.508E-06+-8.5E+01 Cs133 (n,t    ) Xe131m 6.488E-06+-8.5E+01 Cs133 (n,a    ) I 130  1.527E-04+-3.0E+01
  Cs133 (n,a    ) I 130m 7.113E-05+-3.0E+01 Cs134 (n,n    ) Cs134m 9.957E-02+-1.0E+02 Cs134 (n,2n   ) Cs133  2.995E-01+-4.0E+01 Cs134 (n,na   ) I 130  6.094E-06+-1.2E+02
  Cs134 (n,na   ) I 130m 1.531E-06+-1.2E+02 Cs134 (n,2na  ) I 129  2.351E-12+-2.0E+02 Cs134 (n,np   ) Xe133  8.805E-05+-1.2E+02 Cs134 (n,np   ) Xe133m 1.248E-04+-1.2E+02
  Cs134 (n,nd   ) Xe132  2.435E-10+-6.0E+01 Cs134 (n,g    ) Cs135  9.728E+00+-7.8E+01 Cs134 (n,g    ) Cs135m 3.362E-02+-7.8E+01 Cs134 (n,p    ) Xe134  5.011E-04+-7.8E+01
  Cs134 (n,p    ) Xe134m 1.260E-04+-7.8E+01 Cs134 (n,d    ) Xe133  2.056E-04+-1.2E+02 Cs134 (n,d    ) Xe133m 1.548E-04+-1.2E+02 Cs134 (n,t    ) Xe132  1.413E-04+-6.0E+01
  Cs134 (n,a    ) I 131  2.454E-04+-6.0E+01 Cs135 (n,n    ) Cs135m 6.422E-03+-1.0E+02 Cs135 (n,2n   ) Cs134  2.239E-01+-7.2E+01 Cs135 (n,2n   ) Cs134m 7.672E-02+-7.2E+01
  Cs135 (n,na   ) I 131  2.510E-06+-1.0E+02 Cs135 (n,np   ) Xe134  4.702E-05+-1.2E+02 Cs135 (n,np   ) Xe134m 3.006E-05+-1.2E+02 Cs135 (n,g    ) Cs136  1.682E+00+-7.8E+01
  Cs135 (n,g    ) Cs136m 2.748E-02+-7.8E+01 Cs135 (n,p    ) Xe135  2.430E-04+-7.8E+01 Cs135 (n,p    ) Xe135m 1.805E-04+-7.8E+01 Cs135 (n,d    ) Xe134  2.379E-04+-1.2E+02
  Cs135 (n,d    ) Xe134m 6.709E-05+-1.2E+02 Cs135 (n,t    ) Xe133  4.421E-06+-8.5E+01 Cs135 (n,t    ) Xe133m 2.456E-06+-8.5E+01 Cs135 (n,a    ) I 132  1.626E-04+-8.5E+01
  Cs135 (n,a    ) I 132m 1.961E-05+-8.5E+01 Cs136 (n,n    ) Cs136m 1.432E-01+-1.0E+02 Cs136 (n,2n   ) Cs135  2.884E-01+-7.2E+01 Cs136 (n,2n   ) Cs135m 3.876E-02+-7.2E+01
  Cs136 (n,na   ) I 132  1.048E-06+-1.2E+02 Cs136 (n,na   ) I 132m 5.653E-07+-1.2E+02 Cs136 (n,np   ) Xe135  3.172E-05+-1.2E+02 Cs136 (n,np   ) Xe135m 4.255E-05+-1.2E+02
  Cs136 (n,nd   ) Xe134  6.657E-12+-8.5E+01 Cs136 (n,nd   ) Xe134m 4.791E-12+-8.5E+01 Cs136 (n,2np  ) Xe134m 2.707E-09+-0.0E+00 Cs136 (n,g    ) Cs137  1.090E+00+-4.4E+01
  Cs136 (n,p    ) Xe136  3.395E-04+-5.0E+01 Cs136 (n,d    ) Xe135  1.395E-04+-1.2E+02 Cs136 (n,d    ) Xe135m 8.026E-05+-1.2E+02 Cs136 (n,t    ) Xe134  5.787E-05+-8.5E+01
  Cs136 (n,t    ) Xe134m 1.632E-05+-8.5E+01 Cs136 (n,a    ) I 133  1.466E-04+-8.5E+01 Cs136 (n,a    ) I 133m 5.159E-06+-8.5E+01 Cs137 (n,2n   ) Cs136  2.213E-01+-7.2E+01
  Cs137 (n,2n   ) Cs136m 8.591E-02+-7.2E+01 Cs137 (n,na   ) I 133  5.593E-07+-1.2E+02 Cs137 (n,na   ) I 133m 1.026E-07+-1.2E+02 Cs137 (n,np   ) Xe136  2.559E-05+-1.0E+02
  Cs137 (n,g    ) Cs138  2.176E-02+-7.8E+01 Cs137 (n,g    ) Cs138m 2.289E-03+-7.8E+01 Cs137 (n,p    ) Xe137  2.170E-04+-5.0E+01 Cs137 (n,d    ) Xe136  2.054E-04+-1.0E+02
  Cs137 (n,t    ) Xe135  3.168E-06+-8.5E+01 Cs137 (n,t    ) Xe135m 1.560E-06+-8.5E+01 Cs137 (n,a    ) I 134  1.010E-04+-8.5E+01 Cs137 (n,a    ) I 134m 1.230E-05+-8.5E+01
  Ba128 (n,2n   ) Ba127  7.415E-02+-7.2E+01 Ba128 (n,2n   ) Ba127m 7.532E-02+-7.2E+01 Ba128 (n,na   ) Xe124  4.312E-04+-1.0E+02 Ba128 (n,np   ) Cs127  9.848E-03+-1.0E+02
  Ba128 (n,g    ) Ba129  6.725E-01+-7.8E+01 Ba128 (n,g    ) Ba129m 6.467E-01+-7.8E+01 Ba128 (n,p    ) Cs128  8.634E-03+-5.0E+01 Ba128 (n,d    ) Cs127  4.096E-04+-1.0E+02
  Ba128 (n,t    ) Cs126  5.146E-07+-6.0E+01 Ba128 (n,h    ) Xe126  1.532E-08+-9.0E+01 Ba128 (n,a    ) Xe125  8.855E-04+-8.5E+01 Ba128 (n,a    ) Xe125m 1.096E-03+-8.5E+01
  Ba128 (n,2a   ) Te121  1.925E-09+-2.1E+02 Ba128 (n,2a   ) Te121m 1.964E-09+-2.1E+02 Ba128 (n,2p   ) Xe127  3.483E-06+-2.1E+02 Ba128 (n,2p   ) Xe127m 3.486E-06+-2.1E+02
  Ba128 (n,pa   ) I 124  8.868E-08+-2.0E+02 Ba129 (n,n    ) Ba129m 2.251E-01+-1.0E+02 Ba129 (n,2n   ) Ba128  2.523E-01+-4.0E+01 Ba129 (n,na   ) Xe125  1.742E-04+-1.2E+02
  Ba129 (n,na   ) Xe125m 2.964E-04+-1.2E+02 Ba129 (n,2na  ) Xe124  1.450E-09+-2.0E+02 Ba129 (n,np   ) Cs128  3.660E-03+-1.0E+02 Ba129 (n,nd   ) Cs127  1.450E-12+-6.0E+01
  Ba129 (n,g    ) Ba130  5.432E+00+-3.5E+02 Ba129 (n,p    ) Cs129  1.640E-02+-5.0E+01 Ba129 (n,d    ) Cs128  4.043E-04+-1.0E+02 Ba129 (n,t    ) Cs127  3.232E-05+-6.0E+01
  Ba129 (n,h    ) Xe127  3.128E-09+-1.1E+02 Ba129 (n,h    ) Xe127m 2.317E-09+-1.1E+02 Ba129 (n,a    ) Xe126  5.747E-03+-6.0E+01 Ba129 (n,2a   ) Te122  9.724E-09+-2.0E+02
  Ba129 (n,2p   ) Xe128  2.075E-05+-2.0E+02 Ba129 (n,pa   ) I 125  2.304E-07+-2.0E+02 Ba130 (n,2n   ) Ba129  1.236E-01+-6.3E+01 Ba130 (n,2n   ) Ba129m 1.079E-01+-6.3E+01
  Ba130 (n,na   ) Xe126  1.381E-04+-1.0E+02 Ba130 (n,np   ) Cs129  1.694E-03+-1.0E+02 Ba130 (n,g    ) Ba131  3.679E+00+-3.1E+01 Ba130 (n,g    ) Ba131m 1.228E+00+-6.4E+01
  Ba130 (n,p    ) Cs130  1.989E-03+-7.8E+01 Ba130 (n,p    ) Cs130m 2.096E-03+-7.8E+01 Ba130 (n,d    ) Cs129  2.545E-04+-1.0E+02 Ba130 (n,t    ) Cs128  2.477E-07+-6.0E+01
  Ba130 (n,h    ) Xe128  7.839E-10+-9.0E+01 Ba130 (n,a    ) Xe127  4.652E-04+-8.5E+01 Ba130 (n,a    ) Xe127m 6.457E-04+-8.5E+01 Ba130 (n,2a   ) Te123  2.760E-11+-2.1E+02
  Ba130 (n,2a   ) Te123m 3.348E-11+-2.1E+02 Ba130 (n,2p   ) Xe129  6.327E-08+-2.1E+02 Ba130 (n,2p   ) Xe129m 5.004E-08+-2.1E+02 Ba130 (n,pa   ) I 126  9.892E-10+-2.0E+02
  Ba131 (n,n    ) Ba131m 1.050E-01+-1.0E+02 Ba131 (n,2n   ) Ba130  2.721E-01+-4.0E+01 Ba131 (n,na   ) Xe127  6.001E-05+-1.2E+02 Ba131 (n,na   ) Xe127m 7.937E-05+-1.2E+02
  Ba131 (n,2na  ) Xe126  5.177E-10+-2.0E+02 Ba131 (n,np   ) Cs130  8.195E-04+-1.2E+02 Ba131 (n,np   ) Cs130m 3.946E-04+-1.2E+02 Ba131 (n,g    ) Ba132  3.673E+00+-4.0E+02
  Ba131 (n,p    ) Cs131  3.174E-03+-5.0E+01 Ba131 (n,d    ) Cs130  2.377E-04+-1.2E+02 Ba131 (n,d    ) Cs130m 1.138E-04+-1.2E+02 Ba131 (n,t    ) Cs129  2.001E-05+-6.0E+01
  Ba131 (n,h    ) Xe129  1.290E-10+-1.1E+02 Ba131 (n,h    ) Xe129m 1.356E-10+-1.1E+02 Ba131 (n,a    ) Xe128  1.394E-03+-6.0E+01 Ba131 (n,2a   ) Te124  3.187E-10+-2.0E+02
  Ba131 (n,2p   ) Xe130  5.035E-07+-2.0E+02 Ba131 (n,pa   ) I 127  7.508E-09+-2.0E+02 Ba132 (n,2n   ) Ba131  8.739E-02+-3.0E+01 Ba132 (n,2n   ) Ba131m 1.497E-01+-2.0E+01
  Ba132 (n,na   ) Xe128  3.919E-05+-1.0E+02 Ba132 (n,np   ) Cs131  4.262E-04+-1.0E+02 Ba132 (n,g    ) Ba133  1.203E+00+-3.9E+01 Ba132 (n,g    ) Ba133m 5.661E-02+-4.3E+01
  Ba132 (n,p    ) Cs132  2.790E-03+-2.0E+01 Ba132 (n,d    ) Cs131  1.505E-04+-1.0E+02 Ba132 (n,t    ) Cs130  1.540E-07+-8.5E+01 Ba132 (n,t    ) Cs130m 6.005E-08+-8.5E+01
  Ba132 (n,h    ) Xe130  6.000E-11+-9.0E+01 Ba132 (n,a    ) Xe129  3.916E-04+-8.5E+01 Ba132 (n,a    ) Xe129m 2.901E-04+-8.5E+01 Ba132 (n,2a   ) Te125m 1.124E-12+-2.1E+02
  Ba132 (n,2p   ) Xe131  2.319E-10+-2.1E+02 Ba132 (n,2p   ) Xe131m 2.189E-10+-2.1E+02 Ba132 (n,pa   ) I 128  1.131E-11+-2.0E+02 Ba133 (n,n    ) Ba133m 4.461E-02+-1.0E+02
  Ba133 (n,2n   ) Ba132  2.831E-01+-4.0E+01 Ba133 (n,na   ) Xe129  2.148E-05+-1.2E+02 Ba133 (n,na   ) Xe129m 2.750E-05+-1.2E+02 Ba133 (n,2na  ) Xe128  1.768E-10+-2.0E+02
  Ba133 (n,np   ) Cs132  2.435E-04+-1.0E+02 Ba133 (n,g    ) Ba134  2.339E+00+-3.2E+01 Ba133 (n,p    ) Cs133  1.657E-03+-5.0E+01 Ba133 (n,d    ) Cs132  1.552E-04+-1.0E+02
  Ba133 (n,t    ) Cs131  1.339E-05+-6.0E+01 Ba133 (n,h    ) Xe131  5.913E-12+-1.1E+02 Ba133 (n,h    ) Xe131m 6.701E-12+-1.1E+02 Ba133 (n,a    ) Xe130  5.853E-04+-6.0E+01
  Ba133 (n,2a   ) Te126  9.247E-12+-2.0E+02 Ba133 (n,2p   ) Xe132  7.063E-09+-2.0E+02 Ba133 (n,pa   ) I 129  1.257E-10+-2.0E+02 Ba133m(n,n    ) Ba133  3.416E-01+-1.0E+02
  Ba133m(n,2n   ) Ba132  3.099E-01+-4.0E+01 Ba133m(n,na   ) Xe129  1.670E-05+-1.2E+02 Ba133m(n,na   ) Xe129m 4.311E-05+-1.2E+02 Ba133m(n,2na  ) Xe128  8.194E-10+-2.0E+02
  Ba133m(n,np   ) Cs132  3.300E-04+-1.0E+02 Ba133m(n,g    ) Ba134  2.913E+00+-4.3E+02 Ba133m(n,p    ) Cs133  1.650E-03+-5.0E+01 Ba133m(n,d    ) Cs132  1.847E-04+-1.0E+02
  Ba133m(n,t    ) Cs131  1.716E-05+-6.0E+01 Ba133m(n,h    ) Xe131  6.920E-12+-1.1E+02 Ba133m(n,h    ) Xe131m 8.543E-12+-1.1E+02 Ba133m(n,a    ) Xe130  5.719E-04+-6.0E+01
  Ba133m(n,2a   ) Te126  1.852E-11+-2.0E+02 Ba133m(n,2p   ) Xe132  5.139E-09+-2.0E+02 Ba133m(n,pa   ) I 129  1.857E-10+-2.0E+02 Ba134 (n,2n   ) Ba133  1.281E-01+-3.0E+01
  Ba134 (n,2n   ) Ba133m 1.265E-01+-2.0E+01 Ba134 (n,na   ) Xe130  1.138E-05+-1.0E+02 Ba134 (n,np   ) Cs133  9.370E-05+-1.0E+02 Ba134 (n,g    ) Ba135  6.897E-01+-2.2E+01
  Ba134 (n,g    ) Ba135m 5.375E-02+-5.5E+01 Ba134 (n,p    ) Cs134  1.108E-03+-3.0E+01 Ba134 (n,p    ) Cs134m 1.194E-04+-7.8E+01 Ba134 (n,d    ) Cs133  9.078E-05+-1.0E+02
  Ba134 (n,t    ) Cs132  3.051E-07+-6.0E+01 Ba134 (n,h    ) Xe132  2.775E-12+-9.0E+01 Ba134 (n,a    ) Xe131  2.376E-04+-8.5E+01 Ba134 (n,a    ) Xe131m 1.782E-04+-8.5E+01
  Ba134 (n,2p   ) Xe133  1.090E-12+-2.1E+02 Ba135 (n,n    ) Ba135m 1.528E-01+-3.0E+01 Ba135 (n,2n   ) Ba134  2.937E-01+-4.0E+01 Ba135 (n,na   ) Xe131  5.127E-06+-1.2E+02
  Ba135 (n,na   ) Xe131m 8.688E-06+-1.2E+02 Ba135 (n,2na  ) Xe130  1.398E-11+-2.0E+02 Ba135 (n,np   ) Cs134  6.525E-05+-1.2E+02 Ba135 (n,np   ) Cs134m 8.786E-06+-1.2E+02
  Ba135 (n,g    ) Ba136  2.824E+00+-1.1E+01 Ba135 (n,g    ) Ba136m 7.227E-03+-4.0E+01 Ba135 (n,p    ) Cs135  8.687E-04+-5.0E+01 Ba135 (n,p    ) Cs135m 4.595E-05+-3.0E+01
  Ba135 (n,d    ) Cs134  7.652E-05+-1.2E+02 Ba135 (n,d    ) Cs134m 9.439E-06+-1.2E+02 Ba135 (n,t    ) Cs133  8.572E-06+-6.0E+01 Ba135 (n,a    ) Xe132  3.604E-04+-2.9E+01
  Ba135 (n,2p   ) Xe134  1.821E-11+-2.1E+02 Ba135 (n,pa   ) I 131  1.423E-12+-2.0E+02 Ba135m(n,n    ) Ba135  1.672E-01+-1.0E+02 Ba135m(n,2n   ) Ba134  3.132E-01+-4.0E+01
  Ba135m(n,na   ) Xe131  4.161E-06+-1.2E+02 Ba135m(n,na   ) Xe131m 1.232E-05+-1.2E+02 Ba135m(n,2na  ) Xe130  3.375E-11+-2.0E+02 Ba135m(n,np   ) Cs134  6.679E-05+-1.2E+02
  Ba135m(n,np   ) Cs134m 2.435E-05+-1.2E+02 Ba135m(n,g    ) Ba136  2.680E+00+-7.8E+01 Ba135m(n,g    ) Ba136m 1.120E-01+-7.8E+01 Ba135m(n,p    ) Cs135  8.560E-04+-7.8E+01
  Ba135m(n,p    ) Cs135m 2.862E-05+-7.8E+01 Ba135m(n,d    ) Cs134  8.669E-05+-1.2E+02 Ba135m(n,d    ) Cs134m 1.516E-05+-1.2E+02 Ba135m(n,t    ) Cs133  8.768E-06+-6.0E+01
  Ba135m(n,a    ) Xe132  3.452E-04+-6.0E+01 Ba135m(n,2p   ) Xe134  1.236E-11+-2.1E+02 Ba135m(n,pa   ) I 131  1.949E-12+-2.0E+02 Ba136 (n,n    ) Ba136m 2.368E-02+-5.0E+01
  Ba136 (n,2n   ) Ba135  1.143E-01+-3.0E+01 Ba136 (n,2n   ) Ba135m 1.688E-01+-2.0E+01 Ba136 (n,na   ) Xe132  3.147E-06+-1.0E+02 Ba136 (n,np   ) Cs135  2.543E-05+-1.2E+02
  Ba136 (n,np   ) Cs135m 4.665E-06+-1.2E+02 Ba136 (n,g    ) Ba137  8.944E-02+-3.8E+01 Ba136 (n,g    ) Ba137m 4.750E-03+-4.4E+01 Ba136 (n,p    ) Cs136  5.610E-04+-3.0E+01
  Ba136 (n,p    ) Cs136m 6.949E-05+-3.0E+01 Ba136 (n,d    ) Cs135  4.677E-05+-1.2E+02 Ba136 (n,d    ) Cs135m 1.646E-06+-1.2E+02 Ba136 (n,t    ) Cs134  3.246E-08+-8.5E+01
  Ba136 (n,t    ) Cs134m 3.362E-09+-8.5E+01 Ba136 (n,a    ) Xe133  1.477E-04+-6.0E+01 Ba136 (n,a    ) Xe133m 8.226E-05+-3.0E+01 Ba137 (n,n    ) Ba137m 1.129E-01+-2.6E+01
  Ba137 (n,2n   ) Ba136  2.187E-01+-4.0E+01 Ba137 (n,2n   ) Ba136m 1.437E-01+-2.0E+01 Ba137 (n,na   ) Xe133  1.320E-06+-1.2E+02 Ba137 (n,na   ) Xe133m 1.882E-06+-1.2E+02
  Ba137 (n,2na  ) Xe132  1.342E-12+-2.0E+02 Ba137 (n,np   ) Cs136  1.738E-05+-1.2E+02 Ba137 (n,np   ) Cs136m 6.758E-06+-1.2E+02 Ba137 (n,nd   ) Cs135m 1.017E-09+-0.0E+00
  Ba137 (n,g    ) Ba138  4.171E-01+-1.2E+01 Ba137 (n,p    ) Cs137  1.223E-03+-3.0E+01 Ba137 (n,d    ) Cs136  3.745E-05+-1.2E+02 Ba137 (n,d    ) Cs136m 4.629E-06+-1.2E+02
  Ba137 (n,t    ) Cs135  3.791E-06+-8.5E+01 Ba137 (n,t    ) Cs135m 1.334E-07+-8.5E+01 Ba137 (n,a    ) Xe134  1.731E-04+-8.5E+01 Ba137 (n,a    ) Xe134m 4.497E-05+-8.5E+01
  Ba138 (n,2n   ) Ba137  1.374E-01+-7.2E+01 Ba138 (n,2n   ) Ba137m 1.466E-01+-1.0E+01 Ba138 (n,na   ) Xe134  8.090E-07+-1.2E+02 Ba138 (n,na   ) Xe134m 5.158E-08+-1.2E+02
  Ba138 (n,np   ) Cs137  6.989E-06+-1.0E+02 Ba138 (n,g    ) Ba139  2.762E-02+-1.5E+01 Ba138 (n,p    ) Cs138  2.098E-04+-3.0E+01 Ba138 (n,p    ) Cs138m 1.519E-04+-2.0E+01
  Ba138 (n,d    ) Cs137  2.305E-05+-1.0E+02 Ba138 (n,t    ) Cs136  3.398E-08+-8.5E+01 Ba138 (n,t    ) Cs136m 4.200E-09+-8.5E+01 Ba138 (n,a    ) Xe135  2.072E-04+-3.0E+01
  Ba138 (n,a    ) Xe135m 1.356E-04+-3.0E+01 Ba139 (n,2n   ) Ba138  3.480E-01+-4.0E+01 Ba139 (n,3n   ) Ba137  1.527E-03+-1.0E+02 Ba139 (n,3n   ) Ba137m 4.135E-04+-1.0E+02
  Ba139 (n,na   ) Xe135  1.043E-05+-1.2E+02 Ba139 (n,na   ) Xe135m 9.824E-06+-1.2E+02 Ba139 (n,2na  ) Xe134  9.148E-11+-2.1E+02 Ba139 (n,np   ) Cs138  1.895E-06+-1.2E+02
  Ba139 (n,np   ) Cs138m 1.509E-06+-1.2E+02 Ba139 (n,nd   ) Cs137  2.513E-11+-6.0E+01 Ba139 (n,g    ) Ba140  3.282E-01+-1.8E+01 Ba139 (n,p    ) Cs139  2.568E-04+-5.0E+01
  Ba139 (n,d    ) Cs138  1.237E-05+-1.2E+02 Ba139 (n,d    ) Cs138m 7.010E-06+-1.2E+02 Ba139 (n,t    ) Cs137  5.622E-05+-6.0E+01 Ba139 (n,a    ) Xe136  1.428E-04+-5.9E+01
  Ba139 (n,pa   ) I 135  1.472E-11+-2.0E+02 Ba140 (n,2n   ) Ba139  2.816E-01+-4.0E+01 Ba140 (n,3n   ) Ba138  5.803E-02+-8.0E+01 Ba140 (n,na   ) Xe136  4.235E-05+-1.0E+02
  Ba140 (n,2na  ) Xe135  1.156E-10+-2.1E+02 Ba140 (n,2na  ) Xe135m 3.386E-11+-2.1E+02 Ba140 (n,np   ) Cs139  8.061E-07+-1.0E+02 Ba140 (n,g    ) Ba141  4.804E-01+-8.8E+00
  Ba140 (n,p    ) Cs140  1.749E-04+-5.0E+01 Ba140 (n,d    ) Cs139  7.957E-06+-1.0E+02 Ba140 (n,t    ) Cs138  1.615E-06+-8.5E+01 Ba140 (n,t    ) Cs138m 9.329E-07+-8.5E+01
  Ba140 (n,a    ) Xe137  1.104E-04+-6.0E+01 La135 (n,2n   ) La134  2.558E-01+-4.0E+01 La135 (n,na   ) Cs131  5.368E-05+-1.0E+02 La135 (n,np   ) Ba134  1.094E-03+-1.0E+02
  La135 (n,g    ) La136  9.234E+00+-7.8E+01 La135 (n,g    ) La136m 3.851E-01+-7.8E+01 La135 (n,p    ) Ba135  1.169E-03+-7.8E+01 La135 (n,p    ) Ba135m 8.494E-04+-7.8E+01
  La135 (n,d    ) Ba134  8.400E-04+-1.0E+02 La135 (n,t    ) Ba133  1.255E-05+-8.5E+01 La135 (n,t    ) Ba133m 8.313E-06+-8.5E+01 La135 (n,h    ) Cs133  3.710E-11+-9.0E+01
  La135 (n,a    ) Cs132  5.906E-04+-6.0E+01 La135 (n,2a   ) I 128  1.937E-12+-2.0E+02 La135 (n,2p   ) Cs134  4.073E-10+-2.1E+02 La135 (n,2p   ) Cs134m 3.980E-11+-2.1E+02
  La135 (n,pa   ) Xe131  1.326E-10+-2.1E+02 La135 (n,pa   ) Xe131m 1.568E-10+-2.1E+02 La137 (n,2n   ) La136  1.750E-01+-7.2E+01 La137 (n,2n   ) La136m 1.119E-01+-7.2E+01
  La137 (n,na   ) Cs133  1.533E-05+-1.0E+02 La137 (n,np   ) Ba136  2.717E-04+-1.2E+02 La137 (n,np   ) Ba136m 6.499E-05+-1.2E+02 La137 (n,g    ) La138  5.272E+00+-2.2E+02
  La137 (n,p    ) Ba137  6.153E-04+-7.8E+01 La137 (n,p    ) Ba137m 4.678E-04+-7.8E+01 La137 (n,d    ) Ba136  5.360E-04+-1.2E+02 La137 (n,d    ) Ba136m 5.918E-05+-1.2E+02
  La137 (n,t    ) Ba135  9.380E-06+-8.5E+01 La137 (n,t    ) Ba135m 6.968E-06+-8.5E+01 La137 (n,h    ) Cs135  1.546E-12+-1.1E+02 La137 (n,a    ) Cs134  3.319E-04+-8.5E+01
  La137 (n,a    ) Cs134m 3.880E-05+-8.5E+01 La137 (n,2p   ) Cs136  1.654E-12+-2.1E+02 La137 (n,pa   ) Xe133  2.689E-12+-2.1E+02 La137 (n,pa   ) Xe133m 3.201E-12+-2.1E+02
  La138 (n,2n   ) La137  2.905E-01+-4.0E+01 La138 (n,na   ) Cs134  5.935E-06+-1.2E+02 La138 (n,na   ) Cs134m 2.421E-06+-1.2E+02 La138 (n,2na  ) Cs133  2.237E-12+-2.0E+02
  La138 (n,np   ) Ba137  1.018E-04+-1.2E+02 La138 (n,np   ) Ba137m 1.247E-04+-1.2E+02 La138 (n,nd   ) Ba136  1.103E-10+-8.5E+01 La138 (n,g    ) La139  8.687E+00+-1.6E+01
  La138 (n,p    ) Ba138  8.591E-04+-5.0E+01 La138 (n,d    ) Ba137  2.214E-04+-1.2E+02 La138 (n,d    ) Ba137m 2.214E-04+-1.2E+02 La138 (n,t    ) Ba136  1.102E-04+-8.5E+01
  La138 (n,t    ) Ba136m 9.691E-06+-8.5E+01 La138 (n,a    ) Cs135  2.982E-04+-8.5E+01 La138 (n,a    ) Cs135m 1.008E-05+-8.5E+01 La138 (n,2p   ) Cs137  8.178E-12+-2.0E+02
  La138 (n,pa   ) Xe134  7.466E-12+-2.1E+02 La139 (n,2n   ) La138  2.829E-01+-4.0E+01 La139 (n,na   ) Cs135  4.189E-06+-1.2E+02 La139 (n,na   ) Cs135m 5.805E-08+-1.2E+02
  La139 (n,np   ) Ba138  8.849E-05+-1.0E+02 La139 (n,g    ) La140  7.729E-01+-7.4E+00 La139 (n,p    ) Ba139  6.458E-04+-2.0E+01 La139 (n,d    ) Ba138  4.373E-04+-1.0E+02
  La139 (n,t    ) Ba137  5.769E-06+-3.0E+01 La139 (n,t    ) Ba137m 2.387E-06+-3.0E+01 La139 (n,a    ) Cs136  3.216E-04+-3.0E+01 La139 (n,a    ) Cs136m 3.975E-05+-6.0E+01
  La140 (n,2n   ) La139  3.576E-01+-4.0E+01 La140 (n,3n   ) La138  6.367E-04+-8.0E+01 La140 (n,na   ) Cs136  4.630E-05+-1.2E+02 La140 (n,na   ) Cs136m 1.801E-05+-1.2E+02
  La140 (n,2na  ) Cs135  5.033E-10+-2.1E+02 La140 (n,np   ) Ba139  1.155E-04+-1.0E+02 La140 (n,nd   ) Ba138  8.704E-08+-6.0E+01 La140 (n,2np  ) Ba138  8.472E-09+-2.0E+02
  La140 (n,g    ) La141  1.106E+00+-8.7E+00 La140 (n,p    ) Ba140  4.660E-04+-5.0E+01 La140 (n,d    ) Ba139  2.966E-04+-1.0E+02 La140 (n,t    ) Ba138  4.370E-04+-6.0E+01
  La140 (n,a    ) Cs137  2.307E-04+-6.0E+01 La140 (n,pa   ) Xe136  8.965E-10+-2.0E+02 La141 (n,2n   ) La140  2.906E-01+-4.0E+01 La141 (n,3n   ) La139  5.242E-02+-8.0E+01
  La141 (n,na   ) Cs137  1.040E-04+-1.0E+02 La141 (n,2na  ) Cs136  2.789E-10+-2.1E+02 La141 (n,2na  ) Cs136m 1.085E-10+-2.1E+02 La141 (n,np   ) Ba140  3.608E-05+-1.0E+02
  La141 (n,nd   ) Ba139  9.078E-11+-6.0E+01 La141 (n,nt   ) Ba138  7.541E-09+-2.0E+02 La141 (n,g    ) La142  3.090E+00+-2.7E+02 La141 (n,p    ) Ba141  3.136E-04+-5.0E+01
  La141 (n,d    ) Ba140  2.236E-04+-1.0E+02 La141 (n,t    ) Ba139  7.235E-05+-6.0E+01 La141 (n,a    ) Cs138  1.008E-04+-8.5E+01 La141 (n,a    ) Cs138m 5.955E-05+-8.5E+01
  Ce134 (n,2n   ) Ce133  6.987E-02+-7.2E+01 Ce134 (n,2n   ) Ce133m 1.027E-01+-7.2E+01 Ce134 (n,na   ) Ba130  3.124E-04+-1.0E+02 Ce134 (n,np   ) La133  3.138E-03+-1.0E+02
  Ce134 (n,g    ) Ce135  1.618E+00+-7.8E+01 Ce134 (n,g    ) Ce135m 2.425E-01+-7.8E+01 Ce134 (n,p    ) La134  5.766E-03+-5.0E+01 Ce134 (n,d    ) La133  2.771E-04+-1.0E+02
  Ce134 (n,t    ) La132  2.520E-07+-8.5E+01 Ce134 (n,t    ) La132m 1.120E-07+-8.5E+01 Ce134 (n,h    ) Ba132  5.780E-09+-9.0E+01 Ce134 (n,a    ) Ba131  6.183E-04+-8.5E+01
  Ce134 (n,a    ) Ba131m 7.810E-04+-8.5E+01 Ce134 (n,2a   ) Xe127  6.017E-10+-2.1E+02 Ce134 (n,2a   ) Xe127m 6.531E-10+-2.1E+02 Ce134 (n,2p   ) Ba133  1.077E-06+-2.1E+02
  Ce134 (n,2p   ) Ba133m 5.398E-07+-2.1E+02 Ce134 (n,pa   ) Cs130  5.886E-09+-2.1E+02 Ce134 (n,pa   ) Cs130m 4.998E-09+-2.1E+02 Ce135 (n,n    ) Ce135m 3.590E-02+-1.0E+02
  Ce135 (n,2n   ) Ce134  2.567E-01+-4.0E+01 Ce135 (n,na   ) Ba131  7.914E-05+-1.2E+02 Ce135 (n,na   ) Ba131m 1.207E-04+-1.2E+02 Ce135 (n,2na  ) Ba130  9.306E-10+-2.0E+02
  Ce135 (n,np   ) La134  2.057E-03+-1.0E+02 Ce135 (n,g    ) Ce136  1.489E+01+-1.8E+02 Ce135 (n,p    ) La135  5.235E-03+-5.0E+01 Ce135 (n,d    ) La134  2.936E-04+-1.0E+02
  Ce135 (n,t    ) La133  1.311E-05+-6.0E+01 Ce135 (n,h    ) Ba133  7.724E-10+-1.1E+02 Ce135 (n,h    ) Ba133m 4.180E-10+-1.1E+02 Ce135 (n,a    ) Ba132  2.488E-03+-6.0E+01
  Ce135 (n,2a   ) Xe128  4.104E-09+-2.0E+02 Ce135 (n,2p   ) Ba134  2.534E-06+-2.0E+02 Ce135 (n,pa   ) Cs131  4.027E-08+-2.0E+02 Ce136 (n,2n   ) Ce135  1.602E-01+-6.3E+01
  Ce136 (n,2n   ) Ce135m 4.488E-02+-6.3E+01 Ce136 (n,na   ) Ba132  8.932E-05+-1.0E+02 Ce136 (n,np   ) La135  1.227E-03+-1.0E+02 Ce136 (n,g    ) Ce137  1.918E+00+-4.1E+01
  Ce136 (n,g    ) Ce137m 2.963E-01+-4.1E+01 Ce136 (n,p    ) La136  2.301E-03+-7.8E+01 Ce136 (n,p    ) La136m 6.491E-04+-7.8E+01 Ce136 (n,d    ) La135  1.955E-04+-1.0E+02
  Ce136 (n,t    ) La134  2.008E-07+-6.0E+01 Ce136 (n,h    ) Ba134  3.793E-10+-9.0E+01 Ce136 (n,a    ) Ba133  4.690E-04+-8.5E+01 Ce136 (n,a    ) Ba133m 3.501E-04+-8.5E+01
  Ce136 (n,2a   ) Xe129  2.457E-11+-2.1E+02 Ce136 (n,2a   ) Xe129m 2.392E-11+-2.1E+02 Ce136 (n,2p   ) Ba135  7.295E-09+-2.1E+02 Ce136 (n,2p   ) Ba135m 7.603E-09+-2.1E+02
  Ce136 (n,pa   ) Cs132  2.226E-10+-2.0E+02 Ce137 (n,2n   ) Ce136  2.794E-01+-4.0E+01 Ce137 (n,na   ) Ba133  3.931E-05+-1.2E+02 Ce137 (n,na   ) Ba133m 3.035E-05+-1.2E+02
  Ce137 (n,2na  ) Ba132  4.526E-10+-2.0E+02 Ce137 (n,np   ) La136  3.779E-04+-1.2E+02 Ce137 (n,np   ) La136m 2.416E-04+-1.2E+02 Ce137 (n,g    ) Ce138  1.317E+01+-1.6E+02
  Ce137 (n,p    ) La137  2.245E-03+-5.0E+01 Ce137 (n,d    ) La136  1.552E-04+-1.2E+02 Ce137 (n,d    ) La136m 4.377E-05+-1.2E+02 Ce137 (n,t    ) La135  1.440E-05+-6.0E+01
  Ce137 (n,h    ) Ba135  6.715E-11+-1.1E+02 Ce137 (n,h    ) Ba135m 3.690E-11+-1.1E+02 Ce137 (n,a    ) Ba134  8.735E-04+-6.0E+01 Ce137 (n,2a   ) Xe130  1.835E-10+-2.0E+02
  Ce137 (n,2p   ) Ba136  8.808E-08+-2.1E+02 Ce137 (n,2p   ) Ba136m 6.890E-10+-2.1E+02 Ce137 (n,pa   ) Cs133  1.187E-09+-2.0E+02 Ce137m(n,n    ) Ce137  1.293E-01+-1.0E+02
  Ce137m(n,2n   ) Ce136  2.917E-01+-4.0E+01 Ce137m(n,na   ) Ba133  3.650E-05+-1.2E+02 Ce137m(n,na   ) Ba133m 4.218E-05+-1.2E+02 Ce137m(n,2na  ) Ba132  1.009E-09+-2.0E+02
  Ce137m(n,np   ) La136  3.957E-04+-1.2E+02 Ce137m(n,np   ) La136m 2.530E-04+-1.2E+02 Ce137m(n,g    ) Ce138  6.221E+00+-2.6E+02 Ce137m(n,p    ) La137  2.239E-03+-5.0E+01
  Ce137m(n,d    ) La136  1.806E-04+-1.2E+02 Ce137m(n,d    ) La136m 5.093E-05+-1.2E+02 Ce137m(n,t    ) La135  1.479E-05+-6.0E+01 Ce137m(n,h    ) Ba135  3.629E-11+-1.1E+02
  Ce137m(n,h    ) Ba135m 4.885E-11+-1.1E+02 Ce137m(n,a    ) Ba134  7.542E-04+-6.0E+01 Ce137m(n,2a   ) Xe130  2.395E-10+-2.0E+02 Ce137m(n,2p   ) Ba136  5.783E-08+-2.1E+02
  Ce137m(n,2p   ) Ba136m 1.370E-09+-2.1E+02 Ce137m(n,pa   ) Cs133  1.455E-09+-2.0E+02 Ce138 (n,2n   ) Ce137  1.577E-01+-3.0E+01 Ce138 (n,2n   ) Ce137m 1.470E-01+-2.0E+01
  Ce138 (n,na   ) Ba134  1.918E-05+-1.0E+02 Ce138 (n,np   ) La137  2.030E-04+-1.0E+02 Ce138 (n,g    ) Ce139  2.823E-01+-4.5E+01 Ce138 (n,g    ) Ce139m 5.461E-03+-6.4E+01
  Ce138 (n,p    ) La138  1.586E-03+-5.0E+01 Ce138 (n,d    ) La137  1.098E-04+-1.0E+02 Ce138 (n,t    ) La136  7.132E-08+-8.5E+01 Ce138 (n,t    ) La136m 2.012E-08+-8.5E+01
  Ce138 (n,h    ) Ba136  1.514E-11+-1.1E+02 Ce138 (n,a    ) Ba135  2.945E-04+-8.5E+01 Ce138 (n,a    ) Ba135m 2.192E-04+-8.5E+01 Ce138 (n,2p   ) Ba137  1.634E-10+-2.1E+02
  Ce138 (n,2p   ) Ba137m 5.087E-11+-2.1E+02 Ce138 (n,pa   ) Cs134  5.567E-12+-2.1E+02 Ce139 (n,n    ) Ce139m 1.082E-01+-1.0E+02 Ce139 (n,2n   ) Ce138  2.942E-01+-4.0E+01
  Ce139 (n,na   ) Ba135  6.206E-06+-1.2E+02 Ce139 (n,na   ) Ba135m 9.045E-06+-1.2E+02 Ce139 (n,2na  ) Ba134  1.488E-11+-2.0E+02 Ce139 (n,np   ) La138  1.310E-04+-1.0E+02
  Ce139 (n,g    ) Ce140  5.365E+01+-5.3E+01 Ce139 (n,p    ) La139  1.224E-03+-5.0E+01 Ce139 (n,d    ) La138  1.177E-04+-1.0E+02 Ce139 (n,t    ) La137  5.270E-06+-6.0E+01
  Ce139 (n,h    ) Ba137  2.855E-12+-1.1E+02 Ce139 (n,a    ) Ba136  3.768E-04+-8.5E+01 Ce139 (n,a    ) Ba136m 8.815E-05+-8.5E+01 Ce139 (n,2a   ) Xe132  2.834E-12+-2.0E+02
  Ce139 (n,2p   ) Ba138  7.031E-10+-2.0E+02 Ce139 (n,pa   ) Cs135  1.763E-11+-2.1E+02 Ce140 (n,2n   ) Ce139  1.658E-01+-2.0E+01 Ce140 (n,2n   ) Ce139m 1.311E-01+-2.0E+01
  Ce140 (n,na   ) Ba136  4.319E-06+-1.2E+02 Ce140 (n,na   ) Ba136m 4.476E-07+-1.2E+02 Ce140 (n,np   ) La139  3.821E-05+-1.0E+02 Ce140 (n,g    ) Ce141  4.131E-02+-1.1E+01
  Ce140 (n,p    ) La140  1.042E-03+-2.0E+01 Ce140 (n,d    ) La139  6.468E-05+-1.0E+02 Ce140 (n,t    ) La138  9.617E-08+-6.0E+01 Ce140 (n,a    ) Ba137  1.815E-04+-6.0E+01
  Ce140 (n,a    ) Ba137m 4.074E-04+-3.0E+01 Ce141 (n,2n   ) Ce140  3.378E-01+-4.0E+01 Ce141 (n,3n   ) Ce139  1.962E-06+-1.0E+02 Ce141 (n,na   ) Ba137  2.559E-05+-1.2E+02
  Ce141 (n,na   ) Ba137m 2.197E-05+-1.2E+02 Ce141 (n,2na  ) Ba136  6.281E-10+-2.1E+02 Ce141 (n,np   ) La140  1.835E-05+-1.0E+02 Ce141 (n,nd   ) La139  2.835E-11+-6.0E+01
  Ce141 (n,g    ) Ce142  4.703E+00+-4.0E+01 Ce141 (n,p    ) La141  6.527E-04+-5.0E+01 Ce141 (n,d    ) La140  5.725E-05+-1.0E+02 Ce141 (n,t    ) La139  5.502E-05+-6.0E+01
  Ce141 (n,a    ) Ba138  3.901E-04+-5.0E+01 Ce141 (n,pa   ) Cs137  1.772E-09+-2.0E+02 Ce142 (n,2n   ) Ce141  3.505E-01+-1.0E+01 Ce142 (n,3n   ) Ce140  1.113E-02+-8.0E+01
  Ce142 (n,na   ) Ba138  7.525E-05+-1.0E+02 Ce142 (n,2na  ) Ba137  1.093E-09+-2.1E+02 Ce142 (n,2na  ) Ba137m 1.862E-10+-2.1E+02 Ce142 (n,np   ) La141  5.679E-06+-1.0E+02
  Ce142 (n,g    ) Ce143  8.333E-02+-1.2E+01 Ce142 (n,p    ) La142  6.276E-04+-3.0E+01 Ce142 (n,d    ) La141  2.549E-05+-1.0E+02 Ce142 (n,t    ) La140  2.674E-06+-6.0E+01
  Ce142 (n,a    ) Ba139  7.163E-04+-3.0E+01 Ce143 (n,2n   ) Ce142  3.139E-01+-4.0E+01 Ce143 (n,3n   ) Ce141  3.700E-02+-8.0E+01 Ce143 (n,na   ) Ba139  1.085E-04+-1.0E+02
  Ce143 (n,2na  ) Ba138  5.009E-06+-2.0E+02 Ce143 (n,np   ) La142  5.072E-06+-1.0E+02 Ce143 (n,nd   ) La141  1.420E-12+-6.0E+01 Ce143 (n,g    ) Ce144  4.991E-01+-9.6E+00
  Ce143 (n,p    ) La143  3.645E-04+-5.0E+01 Ce143 (n,d    ) La142  2.774E-05+-1.0E+02 Ce143 (n,t    ) La141  3.148E-05+-6.0E+01 Ce143 (n,a    ) Ba140  1.813E-04+-6.0E+01
  Ce144 (n,2n   ) Ce143  2.986E-01+-4.0E+01 Ce144 (n,3n   ) Ce142  2.729E-02+-8.0E+01 Ce144 (n,na   ) Ba140  1.866E-05+-1.0E+02 Ce144 (n,2na  ) Ba139  5.278E-08+-2.0E+02
  Ce144 (n,np   ) La143  1.045E-06+-1.0E+02 Ce144 (n,g    ) Ce145  1.499E-01+-1.0E+01 Ce144 (n,p    ) La144  2.511E-04+-5.0E+01 Ce144 (n,d    ) La143  8.182E-06+-1.0E+02
  Ce144 (n,t    ) La142  1.527E-06+-6.0E+01 Ce144 (n,a    ) Ba141  1.358E-04+-6.0E+01 Pr141 (n,2n   ) Pr140  2.570E-01+-1.0E+01 Pr141 (n,na   ) La137  1.418E-05+-1.0E+02
  Pr141 (n,np   ) Ce140  3.139E-04+-1.0E+02 Pr141 (n,g    ) Pr142  7.187E-01+-3.6E+01 Pr141 (n,g    ) Pr142m 3.835E-01+-2.0E+01 Pr141 (n,p    ) Ce141  1.487E-03+-2.0E+01
  Pr141 (n,d    ) Ce140  7.236E-04+-1.0E+02 Pr141 (n,t    ) Ce139  6.374E-05+-7.2E+01 Pr141 (n,t    ) Ce139m 4.662E-05+-7.2E+01 Pr141 (n,h    ) La139  1.136E-11+-9.0E+01
  Pr141 (n,a    ) La138  4.371E-04+-3.0E+01 Pr141 (n,pa   ) Ba137  4.589E-11+-2.1E+02 Pr141 (n,pa   ) Ba137m 1.813E-11+-2.1E+02 Pr142 (n,n    ) Pr142m 7.178E-01+-1.0E+02
  Pr142 (n,2n   ) Pr141  3.522E-01+-4.0E+01 Pr142 (n,na   ) La138  1.151E-04+-1.0E+02 Pr142 (n,2na  ) La137  1.090E-09+-2.0E+02 Pr142 (n,np   ) Ce141  3.316E-04+-1.0E+02
  Pr142 (n,nd   ) Ce140  1.401E-07+-6.0E+01 Pr142 (n,2np  ) Ce140  2.360E-07+-2.0E+02 Pr142 (n,g    ) Pr143  6.393E+00+-1.1E+01 Pr142 (n,p    ) Ce142  1.149E-03+-5.0E+01
  Pr142 (n,d    ) Ce141  5.658E-04+-1.0E+02 Pr142 (n,t    ) Ce140  4.690E-04+-6.0E+01 Pr142 (n,a    ) La139  1.228E-03+-6.0E+01 Pr142 (n,2a   ) Cs135  8.036E-12+-2.1E+02
  Pr142 (n,pa   ) Ba138  1.731E-08+-2.0E+02 Pr143 (n,2n   ) Pr142  4.727E-02+-7.2E+01 Pr143 (n,2n   ) Pr142m 2.835E-01+-7.2E+01 Pr143 (n,3n   ) Pr141  7.121E-03+-8.0E+01
  Pr143 (n,na   ) La139  2.237E-04+-1.0E+02 Pr143 (n,2na  ) La138  2.287E-09+-2.0E+02 Pr143 (n,np   ) Ce142  1.239E-04+-1.0E+02 Pr143 (n,nd   ) Ce141  3.408E-10+-6.0E+01
  Pr143 (n,nt   ) Ce140  1.007E-09+-2.0E+02 Pr143 (n,g    ) Pr144  1.590E+00+-7.8E+01 Pr143 (n,g    ) Pr144m 8.571E+00+-7.8E+01 Pr143 (n,p    ) Ce143  7.852E-04+-5.0E+01
  Pr143 (n,d    ) Ce142  4.633E-04+-1.0E+02 Pr143 (n,t    ) Ce141  9.330E-05+-6.0E+01 Pr143 (n,a    ) La140  3.276E-04+-6.0E+01 Pr143 (n,pa   ) Ba139  1.700E-10+-2.0E+02
  Pr143 (n,da   ) Ba138  1.868E-12+-2.0E+02 Nd140 (n,2n   ) Nd139  8.298E-02+-7.2E+01 Nd140 (n,2n   ) Nd139m 9.549E-02+-7.2E+01 Nd140 (n,na   ) Ce136  6.664E-05+-1.0E+02
  Nd140 (n,np   ) Pr139  1.496E-03+-1.0E+02 Nd140 (n,g    ) Nd141  9.656E-01+-7.8E+01 Nd140 (n,g    ) Nd141m 1.447E-01+-7.8E+01 Nd140 (n,p    ) Pr140  3.891E-03+-5.0E+01
  Nd140 (n,d    ) Pr139  1.849E-04+-1.0E+02 Nd140 (n,t    ) Pr138  7.182E-08+-8.5E+01 Nd140 (n,t    ) Pr138m 1.617E-08+-8.5E+01 Nd140 (n,h    ) Ce138  8.254E-10+-9.0E+01
  Nd140 (n,a    ) Ce137  5.533E-04+-8.5E+01 Nd140 (n,a    ) Ce137m 4.106E-04+-8.5E+01 Nd140 (n,2a   ) Ba133  1.226E-10+-2.1E+02 Nd140 (n,2a   ) Ba133m 6.736E-11+-2.1E+02
  Nd140 (n,2p   ) Ce139  1.046E-07+-2.1E+02 Nd140 (n,2p   ) Ce139m 3.189E-08+-2.1E+02 Nd140 (n,pa   ) La136  1.634E-09+-2.1E+02 Nd140 (n,pa   ) La136m 1.044E-09+-2.1E+02
  Nd141 (n,n    ) Nd141m 1.314E-01+-1.0E+02 Nd141 (n,2n   ) Nd140  2.762E-01+-4.0E+01 Nd141 (n,na   ) Ce137  2.256E-05+-1.2E+02 Nd141 (n,na   ) Ce137m 3.208E-05+-1.2E+02
  Nd141 (n,2na  ) Ce136  8.017E-11+-2.0E+02 Nd141 (n,np   ) Pr140  8.480E-04+-1.0E+02 Nd141 (n,g    ) Nd142  2.006E+00+-4.7E+02 Nd141 (n,p    ) Pr141  3.145E-03+-5.0E+01
  Nd141 (n,d    ) Pr140  2.182E-04+-1.0E+02 Nd141 (n,t    ) Pr139  8.049E-06+-6.0E+01 Nd141 (n,h    ) Ce139  2.694E-10+-1.1E+02 Nd141 (n,h    ) Ce139m 1.065E-10+-1.1E+02
  Nd141 (n,a    ) Ce138  1.074E-03+-6.0E+01 Nd141 (n,2a   ) Ba134  5.758E-10+-2.0E+02 Nd141 (n,2p   ) Ce140  6.166E-07+-2.0E+02 Nd141 (n,pa   ) La137  4.112E-09+-2.0E+02
  Nd142 (n,2n   ) Nd141  1.801E-01+-3.0E+01 Nd142 (n,2n   ) Nd141m 8.681E-02+-1.0E+01 Nd142 (n,na   ) Ce138  1.913E-05+-1.0E+02 Nd142 (n,np   ) Pr141  2.768E-04+-1.0E+02
  Nd142 (n,g    ) Nd143  1.172E+00+-1.1E+01 Nd142 (n,p    ) Pr142  9.695E-04+-6.7E+01 Nd142 (n,p    ) Pr142m 1.004E-03+-6.7E+01 Nd142 (n,d    ) Pr141  1.456E-04+-1.0E+02
  Nd142 (n,t    ) Pr140  1.183E-07+-6.0E+01 Nd142 (n,h    ) Ce140  9.312E-11+-9.0E+01 Nd142 (n,a    ) Ce139  3.090E-04+-3.0E+01 Nd142 (n,a    ) Ce139m 5.772E-04+-3.0E+01
  Nd142 (n,2a   ) Ba135  2.007E-12+-2.1E+02 Nd142 (n,2a   ) Ba135m 2.176E-12+-2.1E+02 Nd142 (n,2p   ) Ce141  2.861E-12+-2.0E+02 Nd142 (n,pa   ) La138  3.049E-11+-2.0E+02
  Nd143 (n,2n   ) Nd142  3.236E-01+-4.0E+01 Nd143 (n,na   ) Ce139  3.938E-05+-1.2E+02 Nd143 (n,na   ) Ce139m 3.909E-05+-1.2E+02 Nd143 (n,2na  ) Ce138  5.740E-10+-2.0E+02
  Nd143 (n,np   ) Pr142  1.417E-05+-1.2E+02 Nd143 (n,np   ) Pr142m 6.940E-05+-1.2E+02 Nd143 (n,nd   ) Pr141  3.628E-11+-6.0E+01 Nd143 (n,g    ) Nd144  2.101E+01+-2.7E+01
  Nd143 (n,p    ) Pr143  1.674E-03+-3.0E+01 Nd143 (n,d    ) Pr142  1.693E-05+-1.2E+02 Nd143 (n,d    ) Pr142m 7.702E-05+-1.2E+02 Nd143 (n,t    ) Pr141  5.908E-05+-6.0E+01
  Nd143 (n,h    ) Ce141  1.150E-11+-9.0E+01 Nd143 (n,a    ) Ce140  2.129E-03+-2.5E+01 Nd143 (n,2a   ) Ba136  5.424E-11+-2.1E+02 Nd143 (n,2a   ) Ba136m 3.671E-12+-2.1E+02
  Nd143 (n,2p   ) Ce142  3.821E-12+-2.0E+02 Nd143 (n,pa   ) La139  2.201E-08+-2.0E+02 Nd144 (n,2n   ) Nd143  3.020E-01+-1.0E+01 Nd144 (n,3n   ) Nd142  3.733E-04+-8.0E+01
  Nd144 (n,na   ) Ce140  1.698E-04+-1.0E+02 Nd144 (n,2na  ) Ce139  4.127E-09+-2.1E+02 Nd144 (n,2na  ) Ce139m 1.923E-10+-2.1E+02 Nd144 (n,np   ) Pr143  3.336E-05+-1.0E+02
  Nd144 (n,g    ) Nd145  3.184E-01+-1.4E+01 Nd144 (n,p    ) Pr144  1.261E-03+-3.0E+01 Nd144 (n,p    ) Pr144m 2.091E-04+-3.0E+01 Nd144 (n,d    ) Pr143  6.881E-05+-1.0E+02
  Nd144 (n,t    ) Pr142  5.714E-07+-8.5E+01 Nd144 (n,t    ) Pr142m 1.896E-06+-8.5E+01 Nd144 (n,h    ) Ce142  1.525E-12+-9.0E+01 Nd144 (n,a    ) Ce141  1.557E-03+-3.0E+01
  Nd144 (n,pa   ) La140  1.398E-10+-2.0E+02 Nd145 (n,2n   ) Nd144  3.298E-01+-4.0E+01 Nd145 (n,3n   ) Nd143  3.022E-03+-8.0E+01 Nd145 (n,na   ) Ce141  2.016E-04+-1.0E+02
  Nd145 (n,2na  ) Ce140  1.036E-05+-2.0E+02 Nd145 (n,np   ) Pr144  6.565E-06+-1.2E+02 Nd145 (n,np   ) Pr144m 1.818E-05+-1.2E+02 Nd145 (n,nd   ) Pr143  4.296E-12+-6.0E+01
  Nd145 (n,g    ) Nd146  6.565E+00+-1.3E+01 Nd145 (n,p    ) Pr145  1.000E-03+-3.0E+01 Nd145 (n,d    ) Pr144  2.157E-05+-1.2E+02 Nd145 (n,d    ) Pr144m 5.030E-05+-1.2E+02
  Nd145 (n,t    ) Pr143  3.755E-05+-6.0E+01 Nd145 (n,a    ) Ce142  4.100E-04+-5.8E+01 Nd145 (n,2a   ) Ba138  6.258E-09+-2.0E+02 Nd145 (n,pa   ) La141  1.915E-10+-2.0E+02
  Nd146 (n,2n   ) Nd145  3.228E-01+-1.0E+01 Nd146 (n,3n   ) Nd144  5.813E-03+-5.0E+01 Nd146 (n,na   ) Ce142  4.820E-05+-1.0E+02 Nd146 (n,2na  ) Ce141  1.919E-07+-2.0E+02
  Nd146 (n,np   ) Pr145  6.348E-06+-1.0E+02 Nd146 (n,g    ) Nd147  1.755E-01+-1.3E+01 Nd146 (n,p    ) Pr146  5.921E-04+-3.0E+01 Nd146 (n,d    ) Pr145  2.746E-05+-1.0E+02
  Nd146 (n,t    ) Pr144  5.317E-07+-8.5E+01 Nd146 (n,t    ) Pr144m 1.394E-06+-8.5E+01 Nd146 (n,a    ) Ce143  4.824E-04+-3.0E+01 Nd147 (n,2n   ) Nd146  3.271E-01+-4.0E+01
  Nd147 (n,3n   ) Nd145  1.759E-02+-8.0E+01 Nd147 (n,na   ) Ce143  8.978E-05+-1.0E+02 Nd147 (n,2na  ) Ce142  1.047E-06+-2.0E+02 Nd147 (n,np   ) Pr146  5.963E-06+-1.0E+02
  Nd147 (n,nd   ) Pr145  1.474E-12+-6.0E+01 Nd147 (n,g    ) Nd148  3.593E+01+-5.7E+01 Nd147 (n,p    ) Pr147  5.064E-04+-5.0E+01 Nd147 (n,d    ) Pr146  2.663E-05+-1.0E+02
  Nd147 (n,t    ) Pr145  2.863E-05+-6.0E+01 Nd147 (n,a    ) Ce144  3.641E-04+-4.8E+01 Nd148 (n,2n   ) Nd147  3.197E-01+-1.0E+01 Nd148 (n,3n   ) Nd146  1.584E-02+-5.0E+01
  Nd148 (n,na   ) Ce144  1.728E-05+-1.0E+02 Nd148 (n,2na  ) Ce143  4.787E-08+-2.0E+02 Nd148 (n,np   ) Pr147  1.603E-06+-1.0E+02 Nd148 (n,g    ) Nd149  6.755E-01+-3.9E+01
  Nd148 (n,p    ) Pr148  8.214E-05+-6.3E+01 Nd148 (n,p    ) Pr148m 2.254E-04+-6.3E+01 Nd148 (n,d    ) Pr147  1.094E-05+-1.0E+02 Nd148 (n,t    ) Pr146  6.449E-07+-6.0E+01
  Nd148 (n,a    ) Ce145  3.301E-04+-3.0E+01 Nd149 (n,2n   ) Nd148  3.067E-01+-4.0E+01 Nd149 (n,3n   ) Nd147  4.075E-02+-8.0E+01 Nd149 (n,na   ) Ce145  3.151E-05+-1.0E+02
  Nd149 (n,2na  ) Ce144  1.154E-07+-2.0E+02 Nd149 (n,np   ) Pr148  1.343E-06+-1.2E+02 Nd149 (n,np   ) Pr148m 4.063E-07+-1.2E+02 Nd149 (n,g    ) Nd150  1.204E+01+-1.8E+02
  Nd149 (n,p    ) Pr149  2.905E-04+-5.0E+01 Nd149 (n,d    ) Pr148  8.404E-06+-1.2E+02 Nd149 (n,d    ) Pr148m 2.833E-06+-1.2E+02 Nd149 (n,t    ) Pr147  1.583E-05+-6.0E+01
  Nd149 (n,a    ) Ce146  1.446E-04+-6.0E+01 Nd150 (n,2n   ) Nd149  3.150E-01+-1.0E+01 Nd150 (n,3n   ) Nd148  1.994E-02+-5.0E+01 Nd150 (n,na   ) Ce146  3.476E-06+-1.0E+02
  Nd150 (n,2na  ) Ce145  2.336E-10+-2.0E+02 Nd150 (n,np   ) Pr149  2.211E-07+-1.0E+02 Nd150 (n,g    ) Nd151  4.811E-01+-1.6E+01 Nd150 (n,p    ) Pr150  2.004E-04+-5.0E+01
  Nd150 (n,d    ) Pr149  2.617E-06+-1.0E+02 Nd150 (n,t    ) Pr148  1.094E-07+-8.5E+01 Nd150 (n,t    ) Pr148m 3.304E-08+-8.5E+01 Nd150 (n,a    ) Ce147  1.066E-04+-6.0E+01
  Pm143 (n,2n   ) Pm142  2.119E-01+-4.0E+01 Pm143 (n,na   ) Pr139  5.277E-05+-1.0E+02 Pm143 (n,np   ) Nd142  2.255E-03+-1.0E+02 Pm143 (n,g    ) Pm144  2.827E+00+-3.1E+02
  Pm143 (n,p    ) Nd143  3.259E-03+-5.0E+01 Pm143 (n,d    ) Nd142  1.055E-03+-1.0E+02 Pm143 (n,t    ) Nd141  9.530E-06+-8.5E+01 Pm143 (n,t    ) Nd141m 7.038E-06+-8.5E+01
  Pm143 (n,h    ) Pr141  2.270E-10+-9.0E+01 Pm143 (n,a    ) Pr140  8.751E-04+-6.0E+01 Pm143 (n,2a   ) La136  4.131E-11+-2.1E+02 Pm143 (n,2a   ) La136m 2.641E-11+-2.1E+02
  Pm143 (n,2p   ) Pr142  3.392E-11+-2.1E+02 Pm143 (n,2p   ) Pr142m 1.823E-10+-2.1E+02 Pm143 (n,pa   ) Ce139  5.214E-09+-2.1E+02 Pm143 (n,pa   ) Ce139m 1.926E-09+-2.1E+02
  Pm144 (n,2n   ) Pm143  3.202E-01+-4.0E+01 Pm144 (n,na   ) Pr140  1.757E-04+-1.0E+02 Pm144 (n,2na  ) Pr139  7.106E-10+-2.0E+02 Pm144 (n,np   ) Nd143  7.001E-04+-1.0E+02
  Pm144 (n,nd   ) Nd142  7.684E-08+-6.0E+01 Pm144 (n,2np  ) Nd142  4.660E-07+-2.0E+02 Pm144 (n,g    ) Pm145  1.382E+01+-1.6E+02 Pm144 (n,p    ) Nd144  2.639E-03+-5.0E+01
  Pm144 (n,d    ) Nd143  8.318E-04+-1.0E+02 Pm144 (n,t    ) Nd142  4.616E-04+-6.0E+01 Pm144 (n,h    ) Pr142  1.917E-11+-1.1E+02 Pm144 (n,h    ) Pr142m 9.323E-11+-1.1E+02
  Pm144 (n,a    ) Pr141  8.454E-03+-6.0E+01 Pm144 (n,2a   ) La137  3.732E-10+-2.0E+02 Pm144 (n,2p   ) Pr143  8.035E-11+-2.0E+02 Pm144 (n,pa   ) Ce140  2.000E-07+-2.0E+02
  Pm145 (n,2n   ) Pm144  3.222E-01+-4.0E+01 Pm145 (n,3n   ) Pm143  6.123E-05+-8.0E+01 Pm145 (n,na   ) Pr141  4.265E-04+-1.0E+02 Pm145 (n,2na  ) Pr140  5.169E-09+-2.0E+02
  Pm145 (n,np   ) Nd144  3.757E-04+-1.0E+02 Pm145 (n,nd   ) Nd143  1.138E-09+-6.0E+01 Pm145 (n,nt   ) Nd142  1.069E-10+-2.0E+02 Pm145 (n,2np  ) Nd143  1.362E-11+-2.0E+02
  Pm145 (n,npa  ) Ce140  1.977E-11+-2.0E+02 Pm145 (n,g    ) Pm146  1.064E+01+-1.7E+02 Pm145 (n,p    ) Nd145  1.853E-03+-5.0E+01 Pm145 (n,d    ) Nd144  7.760E-04+-1.0E+02
  Pm145 (n,t    ) Nd143  1.143E-04+-6.0E+01 Pm145 (n,h    ) Pr143  2.446E-11+-9.0E+01 Pm145 (n,a    ) Pr142  7.229E-04+-8.5E+01 Pm145 (n,a    ) Pr142m 4.826E-04+-8.5E+01
  Pm145 (n,2a   ) La138  9.291E-11+-2.0E+02 Pm145 (n,pa   ) Ce141  5.854E-09+-2.0E+02 Pm145 (n,da   ) Ce140  5.719E-11+-2.0E+02 Pm146 (n,2n   ) Pm145  3.459E-01+-4.0E+01
  Pm146 (n,3n   ) Pm144  4.680E-04+-8.0E+01 Pm146 (n,na   ) Pr142  5.914E-05+-1.2E+02 Pm146 (n,na   ) Pr142m 3.250E-04+-1.2E+02 Pm146 (n,2na  ) Pr141  3.337E-05+-2.0E+02
  Pm146 (n,np   ) Nd145  3.840E-04+-1.0E+02 Pm146 (n,nd   ) Nd144  5.371E-08+-6.0E+01 Pm146 (n,nt   ) Nd143  2.794E-10+-2.0E+02 Pm146 (n,2np  ) Nd144  5.397E-08+-2.0E+02
  Pm146 (n,g    ) Pm147  1.107E+03+-5.6E+01 Pm146 (n,p    ) Nd146  1.530E-03+-5.0E+01 Pm146 (n,d    ) Nd145  5.929E-04+-1.0E+02 Pm146 (n,t    ) Nd144  4.351E-04+-6.0E+01
  Pm146 (n,h    ) Pr144  1.918E-12+-1.1E+02 Pm146 (n,h    ) Pr144m 4.730E-12+-1.1E+02 Pm146 (n,a    ) Pr143  2.820E-02+-6.0E+01 Pm146 (n,2a   ) La139  4.527E-08+-2.0E+02
  Pm146 (n,pa   ) Ce142  5.613E-09+-2.0E+02 Pm146 (n,da   ) Ce141  5.770E-12+-2.0E+02 Pm146 (n,ta   ) Ce140  5.898E-11+-2.0E+02 Pm147 (n,2n   ) Pm146  3.191E-01+-4.0E+01
  Pm147 (n,3n   ) Pm145  8.603E-04+-8.0E+01 Pm147 (n,na   ) Pr143  1.285E-04+-1.0E+02 Pm147 (n,2na  ) Pr142  5.438E-08+-2.1E+02 Pm147 (n,2na  ) Pr142m 3.290E-07+-2.1E+02
  Pm147 (n,np   ) Nd146  1.646E-04+-1.0E+02 Pm147 (n,n2a  ) La139  9.612E-12+-2.0E+02 Pm147 (n,nd   ) Nd145  1.571E-10+-6.0E+01 Pm147 (n,nt   ) Nd144  7.667E-11+-2.0E+02
  Pm147 (n,g    ) Pm148  2.446E+01+-9.5E+00 Pm147 (n,g    ) Pm148m 2.068E+01+-1.2E+01 Pm147 (n,p    ) Nd147  1.061E-03+-5.0E+01 Pm147 (n,d    ) Nd146  5.739E-04+-1.0E+02
  Pm147 (n,t    ) Nd145  8.125E-05+-6.0E+01 Pm147 (n,a    ) Pr144  1.733E-04+-8.5E+01 Pm147 (n,a    ) Pr144m 3.480E-04+-8.5E+01 Pm147 (n,2a   ) La140  3.166E-10+-2.0E+02
  Pm147 (n,pa   ) Ce143  8.063E-11+-2.0E+02 Pm148 (n,n    ) Pm148m 1.703E-01+-1.0E+02 Pm148 (n,2n   ) Pm147  3.551E-01+-4.0E+01 Pm148 (n,3n   ) Pm146  5.939E-03+-8.0E+01
  Pm148 (n,na   ) Pr144  4.898E-05+-1.2E+02 Pm148 (n,na   ) Pr144m 1.177E-04+-1.2E+02 Pm148 (n,2na  ) Pr143  3.588E-06+-2.0E+02 Pm148 (n,np   ) Nd147  2.040E-04+-1.0E+02
  Pm148 (n,nd   ) Nd146  3.982E-08+-6.0E+01 Pm148 (n,nt   ) Nd145  3.639E-10+-2.0E+02 Pm148 (n,2np  ) Nd146  1.087E-09+-2.0E+02 Pm148 (n,g    ) Pm149  9.792E+01+-4.3E+01
  Pm148 (n,p    ) Nd148  8.815E-04+-5.0E+01 Pm148 (n,d    ) Nd147  3.648E-04+-1.0E+02 Pm148 (n,t    ) Nd146  3.614E-04+-6.0E+01 Pm148 (n,a    ) Pr145  7.568E-04+-6.0E+01
  Pm148 (n,2a   ) La141  3.231E-10+-2.0E+02 Pm148 (n,pa   ) Ce144  1.938E-10+-2.0E+02 Pm148m(n,n    ) Pm148  2.285E+00+-1.0E+02 Pm148m(n,2n   ) Pm147  3.641E-01+-4.0E+01
  Pm148m(n,3n   ) Pm146  7.266E-03+-8.0E+01 Pm148m(n,na   ) Pr144  6.553E-05+-1.2E+02 Pm148m(n,na   ) Pr144m 1.200E-04+-1.2E+02 Pm148m(n,2na  ) Pr143  6.187E-06+-2.0E+02
  Pm148m(n,np   ) Nd147  2.185E-04+-1.0E+02 Pm148m(n,n2a  ) La140  1.069E-12+-2.0E+02 Pm148m(n,nd   ) Nd146  3.979E-08+-6.0E+01 Pm148m(n,nt   ) Nd145  5.347E-10+-2.0E+02
  Pm148m(n,2np  ) Nd146  1.208E-09+-2.0E+02 Pm148m(n,g    ) Pm149  5.732E+02+-1.3E+01 Pm148m(n,p    ) Nd148  8.495E-04+-5.0E+01 Pm148m(n,d    ) Nd147  3.664E-04+-1.0E+02
  Pm148m(n,t    ) Nd146  2.708E-04+-6.0E+01 Pm148m(n,a    ) Pr145  7.795E-04+-6.0E+01 Pm148m(n,2a   ) La141  5.905E-10+-2.0E+02 Pm148m(n,pa   ) Ce144  3.006E-10+-2.0E+02
  Pm148m(n,ta   ) Ce142  1.605E-12+-2.0E+02 Pm149 (n,2n   ) Pm148  2.127E-01+-7.2E+01 Pm149 (n,2n   ) Pm148m 9.872E-02+-7.2E+01 Pm149 (n,3n   ) Pm147  1.060E-02+-8.0E+01
  Pm149 (n,na   ) Pr145  4.534E-05+-1.0E+02 Pm149 (n,2na  ) Pr144  1.541E-08+-2.1E+02 Pm149 (n,2na  ) Pr144m 3.821E-08+-2.1E+02 Pm149 (n,np   ) Nd148  8.687E-05+-1.0E+02
  Pm149 (n,nd   ) Nd147  2.969E-11+-6.0E+01 Pm149 (n,nt   ) Nd146  2.109E-10+-2.0E+02 Pm149 (n,g    ) Pm150  2.481E+02+-6.7E+01 Pm149 (n,p    ) Nd149  6.124E-04+-5.0E+01
  Pm149 (n,d    ) Nd148  3.957E-04+-1.0E+02 Pm149 (n,t    ) Nd147  5.513E-05+-6.0E+01 Pm149 (n,a    ) Pr146  2.366E-04+-6.0E+01 Pm150 (n,2n   ) Pm149  3.557E-01+-4.0E+01
  Pm150 (n,3n   ) Pm148  1.706E-02+-1.0E+02 Pm150 (n,3n   ) Pm148m 8.450E-03+-1.0E+02 Pm150 (n,na   ) Pr146  5.122E-05+-1.0E+02 Pm150 (n,2na  ) Pr145  5.572E-07+-2.0E+02
  Pm150 (n,np   ) Nd149  1.059E-04+-1.0E+02 Pm150 (n,nd   ) Nd148  1.924E-08+-6.0E+01 Pm150 (n,nt   ) Nd147  2.705E-10+-2.0E+02 Pm150 (n,2np  ) Nd148  1.081E-10+-2.0E+02
  Pm150 (n,g    ) Pm151  4.128E+01+-1.5E+02 Pm150 (n,p    ) Nd150  5.124E-04+-5.0E+01 Pm150 (n,d    ) Nd149  2.236E-04+-1.0E+02 Pm150 (n,t    ) Nd148  2.794E-04+-6.0E+01
  Pm150 (n,a    ) Pr147  2.053E-04+-6.0E+01 Pm150 (n,2a   ) La143  7.561E-12+-2.0E+02 Pm151 (n,2n   ) Pm150  3.093E-01+-4.0E+01 Pm151 (n,3n   ) Pm149  6.886E-03+-8.0E+01
  Pm151 (n,na   ) Pr147  5.512E-06+-1.0E+02 Pm151 (n,2na  ) Pr146  1.587E-10+-2.0E+02 Pm151 (n,np   ) Nd150  3.103E-05+-1.0E+02 Pm151 (n,nt   ) Nd148  1.686E-12+-2.0E+02
  Pm151 (n,g    ) Pm152  3.237E+01+-7.8E+01 Pm151 (n,g    ) Pm152m 5.827E+00+-7.8E+01 Pm151 (n,g    ) Pm152n 4.103E-02+-7.8E+01 Pm151 (n,p    ) Nd151  3.514E-04+-5.0E+01
  Pm151 (n,d    ) Nd150  1.570E-04+-1.0E+02 Pm151 (n,t    ) Nd149  1.210E-05+-6.0E+01 Pm151 (n,a    ) Pr148  5.284E-05+-8.5E+01 Pm151 (n,a    ) Pr148m 9.496E-05+-8.5E+01
  Sm144 (n,2n   ) Sm143  1.063E-01+-2.0E+01 Sm144 (n,2n   ) Sm143m 7.140E-02+-2.0E+01 Sm144 (n,na   ) Nd140  8.207E-05+-1.0E+02 Sm144 (n,np   ) Pm143  2.516E-03+-1.0E+02
  Sm144 (n,g    ) Sm145  1.728E-01+-1.4E+01 Sm144 (n,p    ) Pm144  3.222E-03+-3.0E+01 Sm144 (n,d    ) Pm143  2.803E-04+-1.0E+02 Sm144 (n,t    ) Pm142  1.967E-07+-6.0E+01
  Sm144 (n,h    ) Nd142  1.661E-09+-9.0E+01 Sm144 (n,a    ) Nd141  6.285E-04+-6.0E+01 Sm144 (n,a    ) Nd141m 4.988E-04+-6.0E+01 Sm144 (n,2a   ) Ce137  1.208E-10+-2.1E+02
  Sm144 (n,2a   ) Ce137m 1.096E-10+-2.1E+02 Sm144 (n,2p   ) Nd143  9.537E-09+-2.0E+02 Sm144 (n,pa   ) Pr140  7.147E-09+-2.0E+02 Sm145 (n,2n   ) Sm144  3.059E-01+-4.0E+01
  Sm145 (n,na   ) Nd141  8.687E-05+-1.2E+02 Sm145 (n,na   ) Nd141m 1.025E-04+-1.2E+02 Sm145 (n,2na  ) Nd140  3.393E-09+-2.0E+02 Sm145 (n,np   ) Pm144  4.329E-04+-1.0E+02
  Sm145 (n,nd   ) Pm143  1.054E-10+-6.0E+01 Sm145 (n,g    ) Sm146  2.577E+01+-8.9E+00 Sm145 (n,p    ) Pm145  3.569E-03+-5.0E+01 Sm145 (n,d    ) Pm144  2.097E-04+-1.0E+02
  Sm145 (n,t    ) Pm143  6.183E-05+-6.0E+01 Sm145 (n,h    ) Nd143  7.588E-10+-9.0E+01 Sm145 (n,a    ) Nd142  1.078E-02+-6.0E+01 Sm145 (n,2a   ) Ce138  2.140E-09+-2.0E+02
  Sm145 (n,2p   ) Nd144  5.770E-09+-2.0E+02 Sm145 (n,pa   ) Pr141  3.774E-07+-2.0E+02 Sm146 (n,2n   ) Sm145  3.037E-01+-4.0E+01 Sm146 (n,na   ) Nd142  4.288E-04+-1.0E+02
  Sm146 (n,2na  ) Nd141  3.019E-09+-2.1E+02 Sm146 (n,2na  ) Nd141m 1.149E-10+-2.1E+02 Sm146 (n,np   ) Pm145  1.809E-04+-1.0E+02 Sm146 (n,g    ) Sm147  1.136E+00+-7.3E+02
  Sm146 (n,p    ) Pm146  2.581E-03+-5.0E+01 Sm146 (n,d    ) Pm145  1.370E-04+-1.0E+02 Sm146 (n,t    ) Pm144  4.230E-06+-6.0E+01 Sm146 (n,h    ) Nd144  1.467E-10+-9.0E+01
  Sm146 (n,a    ) Nd143  8.521E-04+-6.0E+01 Sm146 (n,2a   ) Ce139  3.216E-10+-2.1E+02 Sm146 (n,2a   ) Ce139m 1.070E-10+-2.1E+02 Sm146 (n,2p   ) Nd145  3.857E-11+-2.0E+02
  Sm146 (n,pa   ) Pr142  8.637E-10+-2.1E+02 Sm146 (n,pa   ) Pr142m 4.976E-09+-2.1E+02 Sm147 (n,2n   ) Sm146  3.246E-01+-4.0E+01 Sm147 (n,3n   ) Sm145  5.645E-07+-8.0E+01
  Sm147 (n,na   ) Nd143  3.955E-04+-1.0E+02 Sm147 (n,2na  ) Nd142  1.742E-05+-2.0E+02 Sm147 (n,np   ) Pm146  1.236E-04+-1.0E+02 Sm147 (n,nd   ) Pm145  1.546E-11+-6.0E+01
  Sm147 (n,g    ) Sm148  1.911E+01+-1.2E+01 Sm147 (n,p    ) Pm147  2.052E-03+-5.0E+01 Sm147 (n,d    ) Pm146  1.279E-04+-1.0E+02 Sm147 (n,t    ) Pm145  4.601E-05+-6.0E+01
  Sm147 (n,h    ) Nd145  4.167E-11+-9.0E+01 Sm147 (n,a    ) Nd144  9.984E-04+-5.1E+01 Sm147 (n,2a   ) Ce140  5.686E-08+-2.0E+02 Sm147 (n,2p   ) Nd146  1.819E-11+-2.0E+02
  Sm147 (n,pa   ) Pr143  7.365E-09+-2.0E+02 Sm148 (n,2n   ) Sm147  3.016E-01+-1.0E+01 Sm148 (n,3n   ) Sm146  1.913E-05+-8.0E+01 Sm148 (n,na   ) Nd144  1.272E-04+-1.0E+02
  Sm148 (n,2na  ) Nd143  4.799E-07+-2.0E+02 Sm148 (n,3na  ) Nd142  1.390E-08+-2.0E+02 Sm148 (n,np   ) Pm147  4.863E-05+-1.0E+02 Sm148 (n,n2a  ) Ce140  2.651E-11+-2.0E+02
  Sm148 (n,g    ) Sm149  1.091E+00+-4.3E+01 Sm148 (n,p    ) Pm148  5.568E-04+-3.0E+01 Sm148 (n,p    ) Pm148m 8.073E-04+-3.0E+01 Sm148 (n,d    ) Pm147  8.385E-05+-1.0E+02
  Sm148 (n,t    ) Pm146  2.204E-06+-6.0E+01 Sm148 (n,h    ) Nd146  7.183E-12+-9.0E+01 Sm148 (n,a    ) Nd145  5.122E-04+-6.0E+01 Sm148 (n,2a   ) Ce141  8.683E-10+-2.0E+02
  Sm148 (n,pa   ) Pr144  1.683E-11+-2.1E+02 Sm148 (n,pa   ) Pr144m 4.275E-11+-2.1E+02 Sm149 (n,2n   ) Sm148  3.335E-01+-4.0E+01 Sm149 (n,3n   ) Sm147  8.098E-04+-8.0E+01
  Sm149 (n,na   ) Nd145  2.019E-04+-1.0E+02 Sm149 (n,2na  ) Nd144  6.327E-06+-2.0E+02 Sm149 (n,np   ) Pm148  2.479E-05+-1.2E+02 Sm149 (n,np   ) Pm148m 1.056E-05+-1.2E+02
  Sm149 (n,n2a  ) Ce141  4.356E-12+-2.0E+02 Sm149 (n,nd   ) Pm147  8.687E-12+-6.0E+01 Sm149 (n,g    ) Sm150  1.617E+03+-9.7E+00 Sm149 (n,p    ) Pm149  1.193E-03+-5.0E+01
  Sm149 (n,d    ) Pm148  5.613E-05+-1.2E+02 Sm149 (n,d    ) Pm148m 2.363E-05+-1.2E+02 Sm149 (n,t    ) Pm147  4.033E-05+-6.0E+01 Sm149 (n,h    ) Nd147  1.187E-12+-9.0E+01
  Sm149 (n,a    ) Nd146  1.727E-03+-1.7E+01 Sm149 (n,pa   ) Pr145  3.368E-10+-2.0E+02 Sm150 (n,2n   ) Sm149  3.075E-01+-1.0E+01 Sm150 (n,3n   ) Sm148  5.613E-04+-8.0E+01
  Sm150 (n,na   ) Nd146  4.782E-05+-1.0E+02 Sm150 (n,2na  ) Nd145  1.318E-07+-2.0E+02 Sm150 (n,np   ) Pm149  9.820E-06+-1.0E+02 Sm150 (n,g    ) Sm151  1.281E+01+-1.1E+01
  Sm150 (n,p    ) Pm150  9.097E-04+-3.0E+01 Sm150 (n,d    ) Pm149  3.728E-05+-1.0E+02 Sm150 (n,t    ) Pm148  8.567E-07+-8.5E+01 Sm150 (n,t    ) Pm148m 3.216E-07+-8.5E+01
  Sm150 (n,a    ) Nd147  5.032E-04+-3.0E+01 Sm151 (n,2n   ) Sm150  3.386E-01+-4.0E+01 Sm151 (n,3n   ) Sm149  3.672E-03+-8.0E+01 Sm151 (n,na   ) Nd147  7.414E-05+-1.0E+02
  Sm151 (n,2na  ) Nd146  8.146E-07+-2.0E+02 Sm151 (n,np   ) Pm150  1.203E-05+-1.0E+02 Sm151 (n,g    ) Sm152  1.199E+03+-9.6E+00 Sm151 (n,p    ) Pm151  7.052E-04+-5.0E+01
  Sm151 (n,d    ) Pm150  3.505E-05+-1.0E+02 Sm151 (n,t    ) Pm149  2.380E-05+-6.0E+01 Sm151 (n,a    ) Nd148  2.763E-03+-8.7E+01 Sm152 (n,2n   ) Sm151  3.084E-01+-1.0E+01
  Sm152 (n,3n   ) Sm150  2.089E-03+-5.0E+01 Sm152 (n,na   ) Nd148  6.899E-06+-1.0E+02 Sm152 (n,2na  ) Nd147  2.444E-09+-2.0E+02 Sm152 (n,np   ) Pm151  4.414E-06+-1.0E+02
  Sm152 (n,g    ) Sm153  6.172E+01+-8.3E+00 Sm152 (n,p    ) Pm152  1.740E-04+-3.0E+01 Sm152 (n,p    ) Pm152m 3.093E-04+-3.0E+01 Sm152 (n,p    ) Pm152n 2.150E-05+-3.0E+01
  Sm152 (n,d    ) Pm151  2.053E-05+-1.0E+02 Sm152 (n,t    ) Pm150  9.312E-08+-6.0E+01 Sm152 (n,a    ) Nd149  2.540E-04+-3.0E+01 Sm153 (n,2n   ) Sm152  3.449E-01+-4.0E+01
  Sm153 (n,3n   ) Sm151  9.720E-04+-8.0E+01 Sm153 (n,na   ) Nd149  5.562E-06+-1.0E+02 Sm153 (n,2na  ) Nd148  1.161E-08+-2.0E+02 Sm153 (n,np   ) Pm152  8.407E-07+-1.2E+02
  Sm153 (n,np   ) Pm152m 4.973E-07+-1.2E+02 Sm153 (n,np   ) Pm152n 3.269E-07+-1.2E+02 Sm153 (n,g    ) Sm154  5.615E+01+-5.1E+01 Sm153 (n,p    ) Pm153  4.133E-04+-5.0E+01
  Sm153 (n,d    ) Pm152  4.881E-06+-1.2E+02 Sm153 (n,d    ) Pm152m 2.801E-06+-1.2E+02 Sm153 (n,d    ) Pm152n 6.033E-07+-1.2E+02 Sm153 (n,t    ) Pm151  7.772E-06+-6.0E+01
  Sm153 (n,a    ) Nd150  1.742E-04+-6.0E+01 Sm154 (n,2n   ) Sm153  3.285E-01+-1.0E+01 Sm154 (n,3n   ) Sm152  2.199E-03+-5.0E+01 Sm154 (n,na   ) Nd150  8.614E-07+-1.0E+02
  Sm154 (n,np   ) Pm153  1.724E-06+-1.0E+02 Sm154 (n,g    ) Sm155  1.289E+00+-1.2E+01 Sm154 (n,p    ) Pm154  3.205E-04+-3.0E+01 Sm154 (n,p    ) Pm154m 3.462E-05+-3.0E+01
  Sm154 (n,d    ) Pm153  8.934E-06+-1.0E+02 Sm154 (n,t    ) Pm152  2.162E-08+-8.5E+01 Sm154 (n,t    ) Pm152m 1.241E-08+-8.5E+01 Sm154 (n,t    ) Pm152n 2.672E-09+-8.5E+01
  Sm154 (n,a    ) Nd151  1.030E-04+-3.0E+01 Sm156 (n,2n   ) Sm155  3.451E-01+-4.0E+01 Sm156 (n,3n   ) Sm154  1.882E-02+-8.0E+01 Sm156 (n,na   ) Nd152  3.824E-07+-1.0E+02
  Sm156 (n,np   ) Pm155  2.685E-07+-1.0E+02 Sm156 (n,g    ) Sm157  1.212E+00+-6.6E+02 Sm156 (n,p    ) Pm156  1.677E-04+-5.0E+01 Sm156 (n,d    ) Pm155  2.982E-06+-1.0E+02
  Sm156 (n,t    ) Pm154  3.789E-08+-8.5E+01 Sm156 (n,t    ) Pm154m 7.692E-08+-8.5E+01 Sm156 (n,a    ) Nd153  8.612E-05+-6.0E+01 Eu145 (n,2n   ) Eu144  1.622E-01+-4.0E+01
  Eu145 (n,na   ) Pm141  1.694E-04+-1.0E+02 Eu145 (n,np   ) Sm144  1.609E-02+-1.0E+02 Eu145 (n,npa  ) Nd140  3.367E-11+-2.0E+02 Eu145 (n,g    ) Eu146  6.458E+00+-2.0E+02
  Eu145 (n,p    ) Sm145  3.941E-02+-5.0E+01 Eu145 (n,d    ) Sm144  1.465E-03+-1.0E+02 Eu145 (n,t    ) Sm143  1.175E-05+-8.5E+01 Eu145 (n,t    ) Sm143m 7.489E-06+-8.5E+01
  Eu145 (n,h    ) Pm143  1.205E-08+-9.0E+01 Eu145 (n,a    ) Pm142  2.352E-03+-6.0E+01 Eu145 (n,2a   ) Pr138  7.875E-10+-2.1E+02 Eu145 (n,2a   ) Pr138m 7.022E-10+-2.1E+02
  Eu145 (n,2p   ) Pm144  1.711E-07+-2.0E+02 Eu145 (n,pa   ) Nd141  5.773E-07+-2.1E+02 Eu145 (n,pa   ) Nd141m 3.157E-07+-2.1E+02 Eu145 (n,da   ) Nd140  1.101E-12+-2.0E+02
  Eu146 (n,2n   ) Eu145  3.052E-01+-4.0E+01 Eu146 (n,na   ) Pm142  4.347E-04+-1.0E+02 Eu146 (n,2na  ) Pm141  8.234E-10+-2.0E+02 Eu146 (n,np   ) Sm145  2.904E-03+-1.0E+02
  Eu146 (n,nd   ) Sm144  1.096E-07+-6.0E+01 Eu146 (n,2np  ) Sm144  5.688E-06+-2.0E+02 Eu146 (n,npa  ) Nd141  5.692E-11+-2.1E+02 Eu146 (n,npa  ) Nd141m 5.347E-12+-2.1E+02
  Eu146 (n,g    ) Eu147  1.948E+01+-1.5E+02 Eu146 (n,p    ) Sm146  5.332E-02+-5.0E+01 Eu146 (n,d    ) Sm145  1.186E-03+-1.0E+02 Eu146 (n,t    ) Sm144  5.185E-04+-6.0E+01
  Eu146 (n,h    ) Pm144  4.296E-09+-9.0E+01 Eu146 (n,a    ) Pm143  8.328E-02+-6.0E+01 Eu146 (n,2a   ) Pr139  1.131E-08+-2.0E+02 Eu146 (n,2p   ) Pm145  3.999E-08+-2.0E+02
  Eu146 (n,pa   ) Nd142  5.351E-06+-2.0E+02 Eu146 (n,da   ) Nd141  1.242E-11+-2.1E+02 Eu146 (n,da   ) Nd141m 1.840E-12+-2.1E+02 Eu147 (n,2n   ) Eu146  3.089E-01+-4.0E+01
  Eu147 (n,na   ) Pm143  1.070E-03+-1.0E+02 Eu147 (n,2na  ) Pm142  3.597E-09+-2.0E+02 Eu147 (n,np   ) Sm146  1.564E-03+-1.0E+02 Eu147 (n,nd   ) Sm145  3.237E-09+-6.0E+01
  Eu147 (n,nt   ) Sm144  1.129E-11+-2.0E+02 Eu147 (n,2np  ) Sm145  1.295E-09+-2.0E+02 Eu147 (n,npa  ) Nd142  2.621E-09+-2.0E+02 Eu147 (n,g    ) Eu148  1.594E+01+-1.5E+02
  Eu147 (n,p    ) Sm147  4.485E-03+-5.0E+01 Eu147 (n,d    ) Sm146  1.155E-03+-1.0E+02 Eu147 (n,t    ) Sm145  1.276E-04+-6.0E+01 Eu147 (n,h    ) Pm145  1.132E-09+-9.0E+01
  Eu147 (n,a    ) Pm144  1.034E-02+-6.0E+01 Eu147 (n,2a   ) Pr140  3.337E-09+-2.0E+02 Eu147 (n,2p   ) Pm146  2.156E-09+-2.0E+02 Eu147 (n,pa   ) Nd143  1.737E-07+-2.0E+02
  Eu147 (n,da   ) Nd142  8.730E-10+-2.0E+02 Eu148 (n,2n   ) Eu147  3.377E-01+-4.0E+01 Eu148 (n,na   ) Pm144  1.262E-03+-1.0E+02 Eu148 (n,2na  ) Pm143  4.032E-05+-2.0E+02
  Eu148 (n,np   ) Sm147  1.203E-03+-1.0E+02 Eu148 (n,n2a  ) Pr140  5.441E-12+-2.0E+02 Eu148 (n,nd   ) Sm146  6.843E-08+-6.0E+01 Eu148 (n,nt   ) Sm145  4.291E-11+-2.0E+02
  Eu148 (n,2np  ) Sm146  6.795E-07+-2.0E+02 Eu148 (n,npa  ) Nd143  2.680E-10+-2.0E+02 Eu148 (n,g    ) Eu149  2.956E+01+-1.4E+02 Eu148 (n,p    ) Sm148  3.825E-03+-5.0E+01
  Eu148 (n,d    ) Sm147  9.529E-04+-1.0E+02 Eu148 (n,t    ) Sm146  5.091E-04+-6.0E+01 Eu148 (n,h    ) Pm146  4.735E-10+-9.0E+01 Eu148 (n,a    ) Pm145  2.201E-02+-6.0E+01
  Eu148 (n,2a   ) Pr141  2.878E-07+-2.0E+02 Eu148 (n,2p   ) Pm147  8.018E-10+-2.0E+02 Eu148 (n,pa   ) Nd144  1.072E-07+-2.0E+02 Eu148 (n,da   ) Nd143  1.993E-10+-2.0E+02
  Eu148 (n,ta   ) Nd142  3.337E-10+-2.0E+02 Eu149 (n,2n   ) Eu148  2.942E-01+-4.0E+01 Eu149 (n,na   ) Pm145  3.746E-04+-1.0E+02 Eu149 (n,2na  ) Pm144  1.059E-06+-2.0E+02
  Eu149 (n,np   ) Sm148  5.248E-04+-1.0E+02 Eu149 (n,n2a  ) Pr141  2.600E-10+-2.0E+02 Eu149 (n,nd   ) Sm147  7.374E-10+-6.0E+01 Eu149 (n,nt   ) Sm146  1.775E-11+-2.0E+02
  Eu149 (n,2np  ) Sm147  2.696E-11+-2.0E+02 Eu149 (n,npa  ) Nd144  1.151E-11+-2.0E+02 Eu149 (n,g    ) Eu150  1.557E+01+-7.8E+01 Eu149 (n,g    ) Eu150m 1.127E+01+-7.8E+01
  Eu149 (n,p    ) Sm149  2.426E-03+-5.0E+01 Eu149 (n,d    ) Sm148  8.906E-04+-1.0E+02 Eu149 (n,t    ) Sm147  1.002E-04+-6.0E+01 Eu149 (n,h    ) Pm147  9.352E-11+-9.0E+01
  Eu149 (n,a    ) Pm146  2.868E-03+-6.0E+01 Eu149 (n,2a   ) Pr142  8.140E-10+-2.1E+02 Eu149 (n,2a   ) Pr142m 5.252E-09+-2.1E+02 Eu149 (n,2p   ) Pm148  1.751E-12+-2.1E+02
  Eu149 (n,pa   ) Nd145  7.105E-09+-2.0E+02 Eu149 (n,da   ) Nd144  1.872E-11+-2.0E+02 Eu150 (n,n    ) Eu150m 2.932E-01+-1.0E+02 Eu150 (n,2n   ) Eu149  3.422E-01+-4.0E+01
  Eu150 (n,3n   ) Eu148  1.517E-06+-8.0E+01 Eu150 (n,na   ) Pm146  3.573E-04+-1.0E+02 Eu150 (n,2na  ) Pm145  8.274E-06+-2.0E+02 Eu150 (n,3na  ) Pm144  7.553E-10+-2.0E+02
  Eu150 (n,np   ) Sm149  4.581E-04+-1.0E+02 Eu150 (n,n2a  ) Pr142  3.554E-12+-2.1E+02 Eu150 (n,n2a  ) Pr142m 2.741E-11+-2.1E+02 Eu150 (n,nd   ) Sm148  4.257E-08+-6.0E+01
  Eu150 (n,nt   ) Sm147  5.386E-11+-2.0E+02 Eu150 (n,2np  ) Sm148  5.743E-08+-2.0E+02 Eu150 (n,npa  ) Nd145  2.296E-12+-2.0E+02 Eu150 (n,g    ) Eu151  3.107E+01+-3.0E+02
  Eu150 (n,p    ) Sm150  2.012E-03+-5.0E+01 Eu150 (n,d    ) Sm149  6.874E-04+-1.0E+02 Eu150 (n,t    ) Sm148  4.377E-04+-6.0E+01 Eu150 (n,h    ) Pm148  1.489E-11+-1.1E+02
  Eu150 (n,h    ) Pm148m 5.139E-12+-1.1E+02 Eu150 (n,a    ) Pm147  5.221E-03+-6.0E+01 Eu150 (n,2a   ) Pr143  7.968E-09+-2.0E+02 Eu150 (n,2p   ) Pm149  4.442E-12+-2.0E+02
  Eu150 (n,pa   ) Nd146  6.648E-09+-2.0E+02 Eu150 (n,da   ) Nd145  7.338E-12+-2.0E+02 Eu150 (n,ta   ) Nd144  1.353E-11+-2.0E+02 Eu150m(n,n    ) Eu150  1.356E-01+-1.0E+02
  Eu150m(n,2n   ) Eu149  3.402E-01+-4.0E+01 Eu150m(n,3n   ) Eu148  1.518E-06+-8.0E+01 Eu150m(n,na   ) Pm146  3.642E-04+-1.0E+02 Eu150m(n,2na  ) Pm145  2.739E-06+-2.0E+02
  Eu150m(n,3na  ) Pm144  1.838E-10+-2.0E+02 Eu150m(n,np   ) Sm149  4.627E-04+-1.0E+02 Eu150m(n,n2a  ) Pr142  2.116E-12+-2.1E+02 Eu150m(n,n2a  ) Pr142m 1.022E-11+-2.1E+02
  Eu150m(n,nd   ) Sm148  5.824E-08+-6.0E+01 Eu150m(n,nt   ) Sm147  5.748E-11+-2.0E+02 Eu150m(n,2np  ) Sm148  3.703E-08+-2.0E+02 Eu150m(n,g    ) Eu151  3.107E+01+-3.0E+02
  Eu150m(n,p    ) Sm150  2.227E-03+-5.0E+01 Eu150m(n,d    ) Sm149  5.831E-04+-1.0E+02 Eu150m(n,t    ) Sm148  3.046E-04+-6.0E+01 Eu150m(n,h    ) Pm148  1.760E-11+-1.1E+02
  Eu150m(n,h    ) Pm148m 7.451E-12+-1.1E+02 Eu150m(n,a    ) Pm147  1.481E-03+-6.0E+01 Eu150m(n,2a   ) Pr143  2.980E-09+-2.0E+02 Eu150m(n,2p   ) Pm149  7.308E-12+-2.0E+02
  Eu150m(n,pa   ) Nd146  3.092E-09+-2.0E+02 Eu150m(n,da   ) Nd145  1.749E-12+-2.0E+02 Eu150m(n,ta   ) Nd144  3.409E-12+-2.0E+02 Eu151 (n,2n   ) Eu150  1.941E-01+-2.0E+01
  Eu151 (n,2n   ) Eu150m 9.610E-02+-2.0E+01 Eu151 (n,3n   ) Eu149  1.326E-04+-1.0E+01 Eu151 (n,na   ) Pm147  1.659E-04+-1.0E+02 Eu151 (n,2na  ) Pm146  4.569E-07+-2.0E+02
  Eu151 (n,np   ) Sm150  2.647E-04+-1.0E+02 Eu151 (n,n2a  ) Pr143  2.849E-12+-2.0E+02 Eu151 (n,nd   ) Sm149  1.225E-10+-6.0E+01 Eu151 (n,nt   ) Sm148  3.745E-11+-2.0E+02
  Eu151 (n,g    ) Eu152  4.801E+02+-9.8E+00 Eu151 (n,g    ) Eu152m 2.521E+02+-9.8E+00 Eu151 (n,g    ) Eu152n 3.214E-01+-4.7E+01 Eu151 (n,p    ) Sm151  1.420E-03+-5.0E+01
  Eu151 (n,d    ) Sm150  6.949E-04+-1.0E+02 Eu151 (n,t    ) Sm149  7.094E-05+-6.0E+01 Eu151 (n,h    ) Pm149  3.365E-12+-9.0E+01 Eu151 (n,a    ) Pm148  2.944E-04+-2.0E+01
  Eu151 (n,a    ) Pm148m 3.715E-04+-2.0E+01 Eu151 (n,2a   ) Pr144  3.822E-11+-2.1E+02 Eu151 (n,2a   ) Pr144m 9.009E-11+-2.1E+02 Eu151 (n,pa   ) Nd147  1.042E-10+-2.0E+02
  Eu152 (n,n    ) Eu152m 5.213E-01+-1.0E+02 Eu152 (n,n    ) Eu152n 2.332E-02+-1.0E+02 Eu152 (n,2n   ) Eu151  3.373E-01+-4.0E+01 Eu152 (n,3n   ) Eu150  1.726E-04+-1.0E+02
  Eu152 (n,3n   ) Eu150m 8.995E-05+-1.0E+02 Eu152 (n,na   ) Pm148  7.698E-05+-1.2E+02 Eu152 (n,na   ) Pm148m 3.749E-05+-1.2E+02 Eu152 (n,2na  ) Pm147  1.922E-06+-2.0E+02
  Eu152 (n,np   ) Sm151  2.556E-04+-1.0E+02 Eu152 (n,nd   ) Sm150  2.135E-08+-6.0E+01 Eu152 (n,nt   ) Sm149  1.855E-11+-2.0E+02 Eu152 (n,2np  ) Sm150  3.157E-09+-2.0E+02
  Eu152 (n,g    ) Eu153  9.737E+02+-2.3E+01 Eu152 (n,p    ) Sm152  1.324E-03+-4.6E+01 Eu152 (n,d    ) Sm151  4.050E-04+-1.0E+02 Eu152 (n,t    ) Sm150  3.322E-04+-6.0E+01
  Eu152 (n,a    ) Pm149  6.486E-03+-7.7E+01 Eu152 (n,pa   ) Nd148  8.622E-11+-2.0E+02 Eu152m(n,n    ) Eu152  4.435E-01+-1.0E+02 Eu152m(n,n    ) Eu152n 1.148E-02+-1.0E+02
  Eu152m(n,2n   ) Eu151  3.558E-01+-4.0E+01 Eu152m(n,3n   ) Eu150  8.456E-05+-1.0E+02 Eu152m(n,3n   ) Eu150m 7.158E-05+-1.0E+02 Eu152m(n,na   ) Pm148  6.453E-05+-1.2E+02
  Eu152m(n,na   ) Pm148m 3.388E-05+-1.2E+02 Eu152m(n,2na  ) Pm147  4.145E-07+-2.0E+02 Eu152m(n,np   ) Sm151  2.542E-04+-1.0E+02 Eu152m(n,nd   ) Sm150  1.855E-08+-6.0E+01
  Eu152m(n,nt   ) Sm149  1.448E-11+-2.0E+02 Eu152m(n,2np  ) Sm150  1.610E-09+-2.0E+02 Eu152m(n,g    ) Eu153  6.635E+03+-2.6E+01 Eu152m(n,p    ) Sm152  2.103E-03+-4.6E+01
  Eu152m(n,d    ) Sm151  4.027E-04+-1.0E+02 Eu152m(n,t    ) Sm150  2.629E-04+-6.0E+01 Eu152m(n,a    ) Pm149  8.111E-03+-7.8E+01 Eu152m(n,pa   ) Nd148  4.172E-11+-2.0E+02
  Eu153 (n,2n   ) Eu152  2.528E-01+-2.0E+01 Eu153 (n,2n   ) Eu152m 5.474E-02+-2.0E+01 Eu153 (n,2n   ) Eu152n 1.474E-02+-3.0E+01 Eu153 (n,na   ) Pm149  1.364E-05+-1.0E+02
  Eu153 (n,2na  ) Pm148  8.171E-10+-2.1E+02 Eu153 (n,2na  ) Pm148m 3.973E-10+-2.1E+02 Eu153 (n,np   ) Sm152  1.112E-04+-1.0E+02 Eu153 (n,g    ) Eu154  4.265E+01+-7.8E+01
  Eu153 (n,g    ) Eu154m 6.942E-01+-7.8E+01 Eu153 (n,p    ) Sm153  7.919E-04+-2.0E+01 Eu153 (n,d    ) Sm152  3.391E-04+-1.0E+02 Eu153 (n,t    ) Sm151  1.281E-05+-6.0E+01
  Eu153 (n,a    ) Pm150  2.530E-04+-2.0E+01 Eu154 (n,n    ) Eu154m 2.301E-02+-1.0E+02 Eu154 (n,2n   ) Eu153  3.590E-01+-4.0E+01 Eu154 (n,na   ) Pm150  7.119E-06+-1.0E+02
  Eu154 (n,2na  ) Pm149  3.783E-09+-2.0E+02 Eu154 (n,np   ) Sm153  1.039E-04+-1.0E+02 Eu154 (n,nd   ) Sm152  6.051E-10+-6.0E+01 Eu154 (n,2np  ) Sm152  3.225E-12+-2.0E+02
  Eu154 (n,g    ) Eu155  1.152E+02+-2.7E+01 Eu154 (n,p    ) Sm154  6.959E-04+-5.0E+01 Eu154 (n,d    ) Sm153  2.172E-04+-1.0E+02 Eu154 (n,t    ) Sm152  1.250E-04+-6.0E+01
  Eu154 (n,a    ) Pm151  2.357E-04+-6.0E+01 Eu155 (n,2n   ) Eu154  2.476E-01+-7.2E+01 Eu155 (n,2n   ) Eu154m 9.627E-02+-7.2E+01 Eu155 (n,3n   ) Eu153  2.142E-05+-8.0E+01
  Eu155 (n,na   ) Pm151  2.341E-06+-1.0E+02 Eu155 (n,np   ) Sm154  4.984E-05+-1.0E+02 Eu155 (n,g    ) Eu156  3.648E+02+-8.0E+00 Eu155 (n,p    ) Sm155  4.879E-04+-5.0E+01
  Eu155 (n,d    ) Sm154  1.803E-04+-1.0E+02 Eu155 (n,t    ) Sm153  5.805E-06+-6.0E+01 Eu155 (n,a    ) Pm152  6.166E-05+-8.5E+01 Eu155 (n,a    ) Pm152m 1.110E-04+-8.5E+01
  Eu155 (n,a    ) Pm152n 7.620E-06+-8.5E+01 Eu156 (n,2n   ) Eu155  3.673E-01+-4.0E+01 Eu156 (n,3n   ) Eu154  9.466E-05+-1.0E+02 Eu156 (n,3n   ) Eu154m 8.395E-05+-1.0E+02
  Eu156 (n,na   ) Pm152  3.082E-07+-1.2E+02 Eu156 (n,na   ) Pm152m 1.195E-07+-1.2E+02 Eu156 (n,na   ) Pm152n 1.199E-07+-1.2E+02 Eu156 (n,2na  ) Pm151  5.176E-11+-2.0E+02
  Eu156 (n,np   ) Sm155  3.691E-05+-1.0E+02 Eu156 (n,nd   ) Sm154  4.128E-11+-6.0E+01 Eu156 (n,g    ) Eu157  3.525E+01+-1.1E+02 Eu156 (n,p    ) Sm156  4.036E-04+-5.0E+01
  Eu156 (n,d    ) Sm155  1.117E-04+-1.0E+02 Eu156 (n,t    ) Sm154  5.788E-05+-6.0E+01 Eu156 (n,a    ) Pm153  1.536E-04+-6.0E+01 Eu157 (n,2n   ) Eu156  3.569E-01+-4.0E+01
  Eu157 (n,3n   ) Eu155  3.167E-03+-8.0E+01 Eu157 (n,na   ) Pm153  1.025E-06+-1.0E+02 Eu157 (n,np   ) Sm156  1.715E-05+-1.0E+02 Eu157 (n,g    ) Eu158  4.204E+01+-9.7E+01
  Eu157 (n,p    ) Sm157  2.837E-04+-5.0E+01 Eu157 (n,d    ) Sm156  8.539E-05+-1.0E+02 Eu157 (n,t    ) Sm155  5.324E-06+-6.0E+01 Eu157 (n,a    ) Pm154  3.948E-05+-8.5E+01
  Eu157 (n,a    ) Pm154m 8.015E-05+-8.5E+01 Gd146 (n,2n   ) Gd145  4.810E-02+-7.2E+01 Gd146 (n,2n   ) Gd145m 3.060E-02+-7.2E+01 Gd146 (n,na   ) Sm142  2.185E-04+-1.0E+02
  Gd146 (n,np   ) Eu145  1.988E-02+-1.0E+02 Gd146 (n,n2p  ) Sm144  2.086E-10+-2.0E+02 Gd146 (n,g    ) Gd147  1.053E+00+-7.6E+02 Gd146 (n,p    ) Eu146  1.157E-02+-5.0E+01
  Gd146 (n,d    ) Eu145  4.645E-04+-1.0E+02 Gd146 (n,t    ) Eu144  2.904E-07+-6.0E+01 Gd146 (n,h    ) Sm144  5.079E-08+-9.0E+01 Gd146 (n,a    ) Sm143  1.742E-03+-8.5E+01
  Gd146 (n,a    ) Sm143m 8.828E-04+-8.5E+01 Gd146 (n,2a   ) Nd139  6.912E-09+-2.1E+02 Gd146 (n,2a   ) Nd139m 5.918E-09+-2.1E+02 Gd146 (n,2p   ) Sm145  4.227E-06+-2.0E+02
  Gd146 (n,pa   ) Pm142  9.296E-07+-2.0E+02 Gd146 (n,pd   ) Sm144  3.616E-11+-2.0E+02 Gd147 (n,2n   ) Gd146  2.699E-01+-4.0E+01 Gd147 (n,na   ) Sm143  2.515E-04+-1.2E+02
  Gd147 (n,na   ) Sm143m 2.634E-04+-1.2E+02 Gd147 (n,2na  ) Sm142  1.867E-09+-2.0E+02 Gd147 (n,np   ) Eu146  3.453E-03+-1.0E+02 Gd147 (n,nd   ) Eu145  3.860E-10+-6.0E+01
  Gd147 (n,2np  ) Eu145  3.418E-11+-2.0E+02 Gd147 (n,npa  ) Pm142  1.157E-12+-2.0E+02 Gd147 (n,g    ) Gd148  1.123E+01+-2.0E+02 Gd147 (n,p    ) Eu147  1.153E-02+-5.0E+01
  Gd147 (n,d    ) Eu146  4.124E-04+-1.0E+02 Gd147 (n,t    ) Eu145  7.063E-05+-6.0E+01 Gd147 (n,h    ) Sm145  1.746E-08+-9.0E+01 Gd147 (n,a    ) Sm144  5.013E-02+-6.0E+01
  Gd147 (n,2a   ) Nd140  7.447E-08+-2.0E+02 Gd147 (n,2p   ) Sm146  1.895E-06+-2.0E+02 Gd147 (n,pa   ) Pm143  8.429E-06+-2.0E+02 Gd147 (n,pd   ) Sm145  1.434E-12+-2.0E+02
  Gd148 (n,2n   ) Gd147  2.794E-01+-4.0E+01 Gd148 (n,na   ) Sm144  1.607E-03+-1.0E+02 Gd148 (n,2na  ) Sm143  2.329E-09+-2.1E+02 Gd148 (n,2na  ) Sm143m 7.715E-11+-2.1E+02
  Gd148 (n,np   ) Eu147  1.201E-03+-1.0E+02 Gd148 (n,n2a  ) Nd140  3.964E-12+-2.0E+02 Gd148 (n,npa  ) Pm143  1.466E-10+-2.0E+02 Gd148 (n,g    ) Gd149  1.590E+03+-1.1E+02
  Gd148 (n,p    ) Eu148  5.919E-03+-5.0E+01 Gd148 (n,d    ) Eu147  2.823E-04+-1.0E+02 Gd148 (n,t    ) Eu146  5.540E-06+-6.0E+01 Gd148 (n,h    ) Sm146  6.038E-09+-9.0E+01
  Gd148 (n,a    ) Sm145  2.781E-03+-6.0E+01 Gd148 (n,2a   ) Nd141  8.217E-09+-2.1E+02 Gd148 (n,2a   ) Nd141m 4.501E-09+-2.1E+02 Gd148 (n,2p   ) Sm147  6.282E-08+-2.0E+02
  Gd148 (n,pa   ) Pm144  2.860E-07+-2.0E+02 Gd148 (n,da   ) Pm143  3.612E-11+-2.0E+02 Gd149 (n,2n   ) Gd148  3.023E-01+-4.0E+01 Gd149 (n,na   ) Sm145  1.122E-03+-1.0E+02
  Gd149 (n,2na  ) Sm144  6.097E-05+-2.0E+02 Gd149 (n,np   ) Eu148  6.067E-04+-1.0E+02 Gd149 (n,n2a  ) Nd141  3.368E-11+-2.1E+02 Gd149 (n,n2a  ) Nd141m 7.995E-12+-2.1E+02
  Gd149 (n,nd   ) Eu147  7.018E-11+-6.0E+01 Gd149 (n,npa  ) Pm144  1.505E-11+-2.0E+02 Gd149 (n,g    ) Gd150  1.501E+01+-2.0E+02 Gd149 (n,p    ) Eu149  4.582E-03+-5.0E+01
  Gd149 (n,d    ) Eu148  2.685E-04+-1.0E+02 Gd149 (n,t    ) Eu147  5.662E-05+-6.0E+01 Gd149 (n,h    ) Sm147  2.220E-09+-9.0E+01 Gd149 (n,a    ) Sm146  2.191E-02+-6.0E+01
  Gd149 (n,2a   ) Nd142  5.489E-07+-2.0E+02 Gd149 (n,2p   ) Sm148  4.145E-08+-2.0E+02 Gd149 (n,pa   ) Pm145  3.240E-07+-2.0E+02 Gd149 (n,da   ) Pm144  8.855E-12+-2.0E+02
  Gd149 (n,ta   ) Pm143  3.948E-12+-2.0E+02 Gd150 (n,2n   ) Gd149  2.835E-01+-4.0E+01 Gd150 (n,na   ) Sm146  4.885E-04+-1.0E+02 Gd150 (n,2na  ) Sm145  2.023E-06+-2.0E+02
  Gd150 (n,np   ) Eu149  2.719E-04+-1.0E+02 Gd150 (n,n2a  ) Nd142  9.496E-10+-2.0E+02 Gd150 (n,g    ) Gd151  3.862E+00+-4.6E+02 Gd150 (n,p    ) Eu150  2.654E-03+-7.8E+01
  Gd150 (n,p    ) Eu150m 6.447E-04+-7.8E+01 Gd150 (n,d    ) Eu149  1.770E-04+-1.0E+02 Gd150 (n,t    ) Eu148  2.882E-06+-6.0E+01 Gd150 (n,h    ) Sm148  4.470E-10+-9.0E+01
  Gd150 (n,a    ) Sm147  1.344E-03+-6.0E+01 Gd150 (n,2a   ) Nd143  2.228E-08+-2.0E+02 Gd150 (n,2p   ) Sm149  2.364E-10+-2.0E+02 Gd150 (n,pa   ) Pm146  1.232E-08+-2.0E+02
  Gd151 (n,2n   ) Gd150  3.174E-01+-4.0E+01 Gd151 (n,na   ) Sm147  4.908E-04+-1.0E+02 Gd151 (n,2na  ) Sm146  1.906E-04+-2.0E+02 Gd151 (n,np   ) Eu150  8.568E-05+-1.2E+02
  Gd151 (n,np   ) Eu150m 6.103E-05+-1.2E+02 Gd151 (n,n2a  ) Nd143  1.931E-10+-2.0E+02 Gd151 (n,nd   ) Eu149  2.189E-11+-6.0E+01 Gd151 (n,g    ) Gd152  1.950E+01+-2.1E+02
  Gd151 (n,p    ) Eu151  2.664E-03+-5.0E+01 Gd151 (n,d    ) Eu150  9.604E-05+-1.2E+02 Gd151 (n,d    ) Eu150m 8.567E-05+-1.2E+02 Gd151 (n,t    ) Eu149  4.984E-05+-6.0E+01
  Gd151 (n,h    ) Sm149  1.355E-10+-9.0E+01 Gd151 (n,a    ) Sm148  5.348E-03+-6.0E+01 Gd151 (n,2a   ) Nd144  3.091E-08+-2.0E+02 Gd151 (n,2p   ) Sm150  4.761E-10+-2.0E+02
  Gd151 (n,pa   ) Pm147  2.108E-08+-2.0E+02 Gd152 (n,2n   ) Gd151  3.068E-01+-2.0E+01 Gd152 (n,na   ) Sm148  1.362E-04+-1.0E+02 Gd152 (n,2na  ) Sm147  5.671E-07+-2.0E+02
  Gd152 (n,np   ) Eu151  6.369E-05+-1.0E+02 Gd152 (n,n2a  ) Nd144  3.059E-11+-2.0E+02 Gd152 (n,g    ) Gd153  7.820E+01+-2.2E+01 Gd152 (n,p    ) Eu152  1.423E-03+-7.8E+01
  Gd152 (n,p    ) Eu152m 3.402E-04+-7.8E+01 Gd152 (n,p    ) Eu152n 1.758E-04+-7.8E+01 Gd152 (n,d    ) Eu151  9.091E-05+-1.0E+02 Gd152 (n,t    ) Eu150  5.579E-07+-8.5E+01
  Gd152 (n,t    ) Eu150m 6.613E-07+-8.5E+01 Gd152 (n,h    ) Sm150  2.791E-11+-9.0E+01 Gd152 (n,a    ) Sm149  1.980E-03+-5.7E+01 Gd152 (n,2a   ) Nd145  1.424E-09+-2.0E+02
  Gd152 (n,2p   ) Sm151  1.164E-12+-2.0E+02 Gd152 (n,pa   ) Pm148  5.284E-11+-2.1E+02 Gd152 (n,pa   ) Pm148m 2.744E-11+-2.1E+02 Gd153 (n,2n   ) Gd152  3.371E-01+-4.0E+01
  Gd153 (n,na   ) Sm149  1.509E-04+-1.0E+02 Gd153 (n,2na  ) Sm148  3.109E-06+-2.0E+02 Gd153 (n,np   ) Eu152  3.627E-05+-1.2E+02 Gd153 (n,np   ) Eu152m 1.399E-06+-1.2E+02
  Gd153 (n,np   ) Eu152n 1.411E-05+-1.2E+02 Gd153 (n,n2a  ) Nd145  4.397E-12+-2.0E+02 Gd153 (n,nd   ) Eu151  1.733E-12+-6.0E+01 Gd153 (n,g    ) Gd154  1.416E+03+-1.8E+01
  Gd153 (n,p    ) Eu153  1.605E-03+-5.0E+01 Gd153 (n,d    ) Eu152  5.879E-05+-1.2E+02 Gd153 (n,d    ) Eu152m 3.933E-06+-1.2E+02 Gd153 (n,d    ) Eu152n 7.266E-06+-1.2E+02
  Gd153 (n,t    ) Eu151  2.529E-05+-6.0E+01 Gd153 (n,h    ) Sm151  6.480E-12+-9.0E+01 Gd153 (n,a    ) Sm150  1.913E-03+-3.5E+01 Gd153 (n,2a   ) Nd146  2.165E-09+-2.0E+02
  Gd153 (n,2p   ) Sm152  2.645E-11+-2.0E+02 Gd153 (n,pa   ) Pm149  1.676E-10+-2.0E+02 Gd154 (n,2n   ) Gd153  3.282E-01+-2.0E+01 Gd154 (n,na   ) Sm150  1.812E-05+-1.0E+02
  Gd154 (n,2na  ) Sm149  2.374E-09+-2.0E+02 Gd154 (n,np   ) Eu153  3.114E-05+-1.0E+02 Gd154 (n,g    ) Gd155  1.057E+01+-1.9E+01 Gd154 (n,p    ) Eu154  1.036E-03+-6.7E+01
  Gd154 (n,p    ) Eu154m 1.280E-04+-6.7E+01 Gd154 (n,d    ) Eu153  6.439E-05+-1.0E+02 Gd154 (n,t    ) Eu152  8.466E-08+-8.5E+01 Gd154 (n,t    ) Eu152m 6.703E-09+-8.5E+01
  Gd154 (n,t    ) Eu152n 1.046E-08+-8.5E+01 Gd154 (n,a    ) Sm151  6.512E-04+-5.5E+01 Gd155 (n,2n   ) Gd154  3.237E-01+-1.0E+01 Gd155 (n,na   ) Sm151  1.656E-05+-1.0E+02
  Gd155 (n,2na  ) Sm150  1.760E-08+-2.0E+02 Gd155 (n,np   ) Eu154  2.158E-05+-1.2E+02 Gd155 (n,np   ) Eu154m 8.393E-06+-1.2E+02 Gd155 (n,g    ) Gd156  2.874E+03+-9.8E+00
  Gd155 (n,p    ) Eu155  9.530E-04+-5.0E+01 Gd155 (n,d    ) Eu154  5.042E-05+-1.2E+02 Gd155 (n,d    ) Eu154m 6.231E-06+-1.2E+02 Gd155 (n,t    ) Eu153  1.305E-05+-6.0E+01
  Gd155 (n,a    ) Sm152  3.344E-04+-5.9E+01 Gd156 (n,2n   ) Gd155  2.996E-01+-1.0E+01 Gd156 (n,na   ) Sm152  3.981E-06+-1.0E+02 Gd156 (n,2na  ) Sm151  1.597E-12+-2.0E+02
  Gd156 (n,np   ) Eu155  1.301E-05+-1.0E+02 Gd156 (n,g    ) Gd157  2.704E+00+-1.4E+01 Gd156 (n,p    ) Eu156  4.834E-04+-3.0E+01 Gd156 (n,d    ) Eu155  3.971E-05+-1.0E+02
  Gd156 (n,t    ) Eu154  1.429E-07+-8.5E+01 Gd156 (n,t    ) Eu154m 1.766E-08+-8.5E+01 Gd156 (n,a    ) Sm153  2.811E-04+-3.0E+01 Gd157 (n,2n   ) Gd156  3.187E-01+-1.0E+01
  Gd157 (n,na   ) Sm153  4.280E-06+-1.0E+02 Gd157 (n,2na  ) Sm152  5.254E-10+-2.0E+02 Gd157 (n,np   ) Eu156  1.060E-05+-1.0E+02 Gd157 (n,g    ) Gd158  1.128E+04+-1.0E+01
  Gd157 (n,p    ) Eu157  7.657E-04+-3.0E+01 Gd157 (n,d    ) Eu156  2.773E-05+-1.0E+02 Gd157 (n,t    ) Eu155  8.021E-06+-6.0E+01 Gd157 (n,a    ) Sm154  2.251E-04+-1.0E+02
  Gd158 (n,2n   ) Gd157  3.195E-01+-1.0E+01 Gd158 (n,3n   ) Gd156  2.228E-04+-8.0E+01 Gd158 (n,na   ) Sm154  1.682E-06+-1.0E+02 Gd158 (n,np   ) Eu157  3.620E-06+-1.0E+02
  Gd158 (n,g    ) Gd159  1.627E+00+-1.5E+01 Gd158 (n,p    ) Eu158  4.381E-04+-3.0E+01 Gd158 (n,d    ) Eu157  1.706E-05+-1.0E+02 Gd158 (n,t    ) Eu156  2.640E-07+-6.0E+01
  Gd158 (n,a    ) Sm155  2.628E-04+-3.0E+01 Gd159 (n,2n   ) Gd158  3.793E-01+-4.0E+01 Gd159 (n,3n   ) Gd157  3.204E-03+-8.0E+01 Gd159 (n,na   ) Sm155  2.138E-06+-1.0E+02
  Gd159 (n,2na  ) Sm154  2.087E-10+-2.0E+02 Gd159 (n,np   ) Eu158  3.867E-06+-1.0E+02 Gd159 (n,g    ) Gd160  9.120E+00+-2.3E+02 Gd159 (n,p    ) Eu159  3.321E-04+-5.0E+01
  Gd159 (n,d    ) Eu158  1.226E-05+-1.0E+02 Gd159 (n,t    ) Eu157  6.357E-06+-6.0E+01 Gd159 (n,a    ) Sm156  1.398E-04+-6.0E+01 Gd160 (n,2n   ) Gd159  3.106E-01+-1.0E+01
  Gd160 (n,3n   ) Gd158  5.844E-03+-5.0E+01 Gd160 (n,na   ) Sm156  7.181E-07+-1.0E+02 Gd160 (n,np   ) Eu159  6.614E-07+-1.0E+02 Gd160 (n,g    ) Gd161  2.860E-01+-3.2E+01
  Gd160 (n,p    ) Eu160  2.380E-04+-5.0E+01 Gd160 (n,d    ) Eu159  5.869E-06+-1.0E+02 Gd160 (n,t    ) Eu158  1.856E-07+-6.0E+01 Gd160 (n,a    ) Sm157  1.265E-04+-3.0E+01
  Tb151 (n,n    ) Tb151m 1.351E-01+-1.0E+02 Tb151 (n,2n   ) Tb150  1.273E-01+-7.2E+01 Tb151 (n,2n   ) Tb150m 1.165E-01+-7.2E+01 Tb151 (n,na   ) Eu147  2.266E-03+-1.0E+02
  Tb151 (n,2na  ) Eu146  1.413E-03+-2.0E+02 Tb151 (n,np   ) Gd150  3.860E-03+-1.0E+02 Tb151 (n,n2a  ) Pm143  1.452E-08+-2.0E+02 Tb151 (n,nd   ) Gd149  7.001E-09+-6.0E+01
  Tb151 (n,nt   ) Gd148  1.719E-11+-2.0E+02 Tb151 (n,2np  ) Gd149  1.029E-08+-2.0E+02 Tb151 (n,npa  ) Sm146  8.741E-09+-2.0E+02 Tb151 (n,g    ) Tb152  3.714E+01+-7.8E+01
  Tb151 (n,g    ) Tb152m 6.057E-01+-7.8E+01 Tb151 (n,p    ) Gd151  1.183E-02+-5.0E+01 Tb151 (n,d    ) Gd150  1.455E-03+-1.0E+02 Tb151 (n,t    ) Gd149  1.608E-04+-6.0E+01
  Tb151 (n,h    ) Eu149  6.015E-09+-9.0E+01 Tb151 (n,a    ) Eu148  9.892E-03+-6.0E+01 Tb151 (n,2a   ) Pm144  2.976E-07+-2.0E+02 Tb151 (n,2p   ) Eu150  4.409E-09+-2.1E+02
  Tb151 (n,2p   ) Eu150m 3.883E-09+-2.1E+02 Tb151 (n,pa   ) Sm147  4.527E-07+-2.0E+02 Tb151 (n,da   ) Sm146  1.250E-09+-2.0E+02 Tb151 (n,ta   ) Sm145  5.617E-11+-2.0E+02
  Tb152 (n,n    ) Tb152m 2.960E-02+-1.0E+02 Tb152 (n,2n   ) Tb151  1.277E-01+-7.2E+01 Tb152 (n,2n   ) Tb151m 2.073E-01+-7.2E+01 Tb152 (n,na   ) Eu148  9.463E-04+-1.0E+02
  Tb152 (n,2na  ) Eu147  6.242E-05+-2.0E+02 Tb152 (n,np   ) Gd151  1.977E-03+-1.0E+02 Tb152 (n,n2a  ) Pm144  4.958E-09+-2.0E+02 Tb152 (n,nd   ) Gd150  1.314E-07+-6.0E+01
  Tb152 (n,nt   ) Gd149  2.316E-11+-2.0E+02 Tb152 (n,2np  ) Gd150  3.530E-06+-2.0E+02 Tb152 (n,npa  ) Sm147  2.317E-09+-2.0E+02 Tb152 (n,g    ) Tb153  4.915E+01+-1.4E+02
  Tb152 (n,p    ) Gd152  2.085E-01+-5.0E+01 Tb152 (n,d    ) Gd151  1.105E-03+-1.0E+02 Tb152 (n,t    ) Gd150  5.230E-04+-6.0E+01 Tb152 (n,h    ) Eu150  5.760E-10+-1.1E+02
  Tb152 (n,h    ) Eu150m 6.509E-10+-1.1E+02 Tb152 (n,a    ) Eu149  5.213E-02+-6.0E+01 Tb152 (n,2a   ) Pm145  5.338E-07+-2.0E+02 Tb152 (n,2p   ) Eu151  1.483E-08+-2.0E+02
  Tb152 (n,pa   ) Sm148  4.041E-07+-2.0E+02 Tb152 (n,da   ) Sm147  6.365E-10+-2.0E+02 Tb152 (n,ta   ) Sm146  3.802E-10+-2.0E+02 Tb153 (n,2n   ) Tb152  1.986E-01+-7.2E+01
  Tb153 (n,2n   ) Tb152m 7.898E-02+-7.2E+01 Tb153 (n,na   ) Eu149  4.156E-04+-1.0E+02 Tb153 (n,2na  ) Eu148  1.888E-07+-2.0E+02 Tb153 (n,np   ) Gd152  9.271E-04+-1.0E+02
  Tb153 (n,n2a  ) Pm145  2.497E-10+-2.0E+02 Tb153 (n,nd   ) Gd151  3.837E-10+-6.0E+01 Tb153 (n,nt   ) Gd150  4.082E-12+-2.0E+02 Tb153 (n,2np  ) Gd151  2.440E-11+-2.0E+02
  Tb153 (n,npa  ) Sm148  4.806E-11+-2.0E+02 Tb153 (n,g    ) Tb154  1.409E+01+-7.8E+01 Tb153 (n,g    ) Tb154m 3.137E+01+-7.8E+01 Tb153 (n,g    ) Tb154n 5.888E-01+-7.8E+01
  Tb153 (n,p    ) Gd153  3.223E-03+-5.0E+01 Tb153 (n,d    ) Gd152  1.056E-03+-1.0E+02 Tb153 (n,t    ) Gd151  8.712E-05+-6.0E+01 Tb153 (n,h    ) Eu151  2.732E-10+-9.0E+01
  Tb153 (n,a    ) Eu150  1.218E-03+-8.5E+01 Tb153 (n,a    ) Eu150m 7.238E-04+-8.5E+01 Tb153 (n,2a   ) Pm146  1.184E-08+-2.0E+02 Tb153 (n,2p   ) Eu152  6.848E-11+-2.1E+02
  Tb153 (n,2p   ) Eu152m 2.393E-12+-2.1E+02 Tb153 (n,2p   ) Eu152n 2.663E-11+-2.1E+02 Tb153 (n,pa   ) Sm149  9.200E-09+-2.0E+02 Tb153 (n,da   ) Sm148  2.371E-11+-2.0E+02
  Tb154 (n,n    ) Tb154m 9.308E-03+-1.0E+02 Tb154 (n,n    ) Tb154n 1.093E-01+-1.0E+02 Tb154 (n,2n   ) Tb153  3.619E-01+-4.0E+01 Tb154 (n,na   ) Eu150  1.617E-04+-1.2E+02
  Tb154 (n,na   ) Eu150m 9.526E-05+-1.2E+02 Tb154 (n,2na  ) Eu149  4.549E-06+-2.0E+02 Tb154 (n,np   ) Gd153  1.045E-03+-1.0E+02 Tb154 (n,n2a  ) Pm146  6.968E-11+-2.0E+02
  Tb154 (n,nd   ) Gd152  4.780E-08+-6.0E+01 Tb154 (n,nt   ) Gd151  1.992E-12+-2.0E+02 Tb154 (n,2np  ) Gd152  1.807E-07+-2.0E+02 Tb154 (n,npa  ) Sm149  2.342E-12+-2.0E+02
  Tb154 (n,g    ) Tb155  7.288E+01+-1.4E+02 Tb154 (n,p    ) Gd154  2.860E-02+-5.0E+01 Tb154 (n,d    ) Gd153  6.674E-04+-1.0E+02 Tb154 (n,t    ) Gd152  3.826E-04+-6.0E+01
  Tb154 (n,h    ) Eu152  3.871E-11+-1.1E+02 Tb154 (n,h    ) Eu152m 3.744E-12+-1.1E+02 Tb154 (n,h    ) Eu152n 4.784E-12+-1.1E+02 Tb154 (n,a    ) Eu151  7.610E-03+-6.0E+01
  Tb154 (n,2a   ) Pm147  1.961E-08+-2.0E+02 Tb154 (n,2p   ) Eu153  7.126E-10+-2.0E+02 Tb154 (n,pa   ) Sm150  6.484E-09+-2.0E+02 Tb154 (n,da   ) Sm149  2.442E-12+-2.0E+02
  Tb154 (n,ta   ) Sm148  1.081E-11+-2.0E+02 Tb154m(n,2n   ) Tb153  3.501E-01+-4.0E+01 Tb154m(n,na   ) Eu150  5.199E-04+-1.2E+02 Tb154m(n,na   ) Eu150m 1.846E-04+-1.2E+02
  Tb154m(n,2na  ) Eu149  1.436E-05+-2.0E+02 Tb154m(n,np   ) Gd153  1.385E-03+-1.0E+02 Tb154m(n,n2a  ) Pm146  1.863E-10+-2.0E+02 Tb154m(n,nd   ) Gd152  9.319E-07+-6.0E+01
  Tb154m(n,nt   ) Gd151  2.366E-10+-2.0E+02 Tb154m(n,2np  ) Gd152  1.772E-07+-2.0E+02 Tb154m(n,npa  ) Sm149  1.230E-11+-2.0E+02 Tb154m(n,g    ) Tb155  2.156E+02+-9.8E+01
  Tb154m(n,p    ) Gd154  5.546E-03+-5.0E+01 Tb154m(n,d    ) Gd153  2.203E-03+-1.0E+02 Tb154m(n,t    ) Gd152  1.318E-03+-6.0E+01 Tb154m(n,h    ) Eu152  1.662E-11+-1.1E+02
  Tb154m(n,h    ) Eu152n 2.054E-12+-1.1E+02 Tb154m(n,a    ) Eu151  3.757E-03+-6.0E+01 Tb154m(n,2a   ) Pm147  1.483E-07+-2.0E+02 Tb154m(n,2p   ) Eu153  6.715E-10+-2.0E+02
  Tb154m(n,pa   ) Sm150  1.699E-08+-2.0E+02 Tb154m(n,da   ) Sm149  1.558E-10+-2.0E+02 Tb154m(n,ta   ) Sm148  5.232E-10+-2.0E+02 Tb154n(n,n    ) Tb154  2.270E+00+-1.0E+02
  Tb154n(n,n    ) Tb154m 3.140E-02+-1.0E+02 Tb154n(n,2n   ) Tb153  3.660E-01+-4.0E+01 Tb154n(n,na   ) Eu150  5.888E-04+-1.2E+02 Tb154n(n,na   ) Eu150m 3.097E-04+-1.2E+02
  Tb154n(n,2na  ) Eu149  2.568E-05+-2.0E+02 Tb154n(n,np   ) Gd153  1.792E-03+-1.0E+02 Tb154n(n,n2a  ) Pm146  2.392E-10+-2.0E+02 Tb154n(n,nd   ) Gd152  2.493E-06+-6.0E+01
  Tb154n(n,nt   ) Gd151  8.791E-10+-2.0E+02 Tb154n(n,2np  ) Gd152  7.715E-07+-2.0E+02 Tb154n(n,npa  ) Sm149  2.235E-11+-2.0E+02 Tb154n(n,g    ) Tb155  2.220E+02+-7.5E+01
  Tb154n(n,p    ) Gd154  3.350E-02+-5.0E+01 Tb154n(n,d    ) Gd153  2.240E-03+-1.0E+02 Tb154n(n,t    ) Gd152  1.393E-03+-6.0E+01 Tb154n(n,h    ) Eu152  1.975E-11+-1.1E+02
  Tb154n(n,h    ) Eu152m 1.146E-12+-1.1E+02 Tb154n(n,h    ) Eu152n 2.441E-12+-1.1E+02 Tb154n(n,a    ) Eu151  1.074E-02+-6.0E+01 Tb154n(n,2a   ) Pm147  1.666E-07+-2.0E+02
  Tb154n(n,2p   ) Eu153  1.407E-09+-2.0E+02 Tb154n(n,pa   ) Sm150  2.357E-08+-2.0E+02 Tb154n(n,da   ) Sm149  2.530E-10+-2.0E+02 Tb154n(n,ta   ) Sm148  1.086E-09+-2.0E+02
  Tb155 (n,2n   ) Tb154  6.010E-02+-7.2E+01 Tb155 (n,2n   ) Tb154m 1.803E-01+-7.2E+01 Tb155 (n,2n   ) Tb154n 3.843E-02+-7.2E+01 Tb155 (n,na   ) Eu151  4.563E-05+-1.0E+02
  Tb155 (n,2na  ) Eu150  1.106E-09+-2.1E+02 Tb155 (n,2na  ) Eu150m 9.515E-10+-2.1E+02 Tb155 (n,np   ) Gd154  4.106E-04+-1.0E+02 Tb155 (n,g    ) Tb156  2.269E+01+-7.8E+01
  Tb155 (n,g    ) Tb156m 9.485E-01+-7.8E+01 Tb155 (n,g    ) Tb156n 1.642E+01+-7.8E+01 Tb155 (n,p    ) Gd155  1.876E-03+-5.0E+01 Tb155 (n,d    ) Gd154  6.209E-04+-1.0E+02
  Tb155 (n,t    ) Gd153  1.798E-05+-6.0E+01 Tb155 (n,h    ) Eu153  1.379E-11+-9.0E+01 Tb155 (n,a    ) Eu152  3.727E-04+-8.5E+01 Tb155 (n,a    ) Eu152m 9.151E-05+-8.5E+01
  Tb155 (n,a    ) Eu152n 4.607E-05+-8.5E+01 Tb155 (n,2p   ) Eu154  1.595E-12+-2.1E+02 Tb155 (n,pa   ) Sm151  4.141E-11+-2.0E+02 Tb156 (n,n    ) Tb156m 3.062E-02+-1.0E+02
  Tb156 (n,n    ) Tb156n 3.062E-02+-1.0E+02 Tb156 (n,2n   ) Tb155  3.297E-01+-4.0E+01 Tb156 (n,na   ) Eu152  1.424E-05+-1.2E+02 Tb156 (n,na   ) Eu152m 3.841E-07+-1.2E+02
  Tb156 (n,na   ) Eu152n 5.538E-06+-1.2E+02 Tb156 (n,2na  ) Eu151  2.133E-08+-2.0E+02 Tb156 (n,np   ) Gd155  3.513E-04+-1.0E+02 Tb156 (n,nd   ) Gd154  3.317E-09+-6.0E+01
  Tb156 (n,2np  ) Gd154  6.863E-10+-2.0E+02 Tb156 (n,g    ) Tb157  5.639E+01+-1.5E+02 Tb156 (n,p    ) Gd156  1.821E-03+-5.0E+01 Tb156 (n,d    ) Gd155  4.718E-04+-1.0E+02
  Tb156 (n,t    ) Gd154  1.863E-04+-6.0E+01 Tb156 (n,h    ) Eu154  3.446E-12+-1.1E+02 Tb156 (n,a    ) Eu153  6.056E-04+-6.0E+01 Tb156 (n,2p   ) Eu155  5.829E-12+-2.0E+02
  Tb156 (n,pa   ) Sm152  6.379E-11+-2.0E+02 Tb156m(n,n    ) Tb156  3.734E-01+-1.0E+02 Tb156m(n,n    ) Tb156n 3.734E-01+-1.0E+02 Tb156m(n,2n   ) Tb155  3.381E-01+-4.0E+01
  Tb156m(n,na   ) Eu152  1.169E-05+-1.2E+02 Tb156m(n,na   ) Eu152m 3.296E-07+-1.2E+02 Tb156m(n,na   ) Eu152n 4.546E-06+-1.2E+02 Tb156m(n,2na  ) Eu151  7.916E-09+-2.0E+02
  Tb156m(n,np   ) Gd155  3.686E-04+-1.0E+02 Tb156m(n,nd   ) Gd154  3.218E-09+-6.0E+01 Tb156m(n,2np  ) Gd154  3.703E-10+-2.0E+02 Tb156m(n,g    ) Tb157  1.952E+02+-9.8E+01
  Tb156m(n,p    ) Gd156  1.629E-03+-5.0E+01 Tb156m(n,d    ) Gd155  4.717E-04+-1.0E+02 Tb156m(n,t    ) Gd154  1.554E-04+-6.0E+01 Tb156m(n,h    ) Eu154  4.278E-12+-1.1E+02
  Tb156m(n,a    ) Eu153  4.777E-04+-6.0E+01 Tb156m(n,2p   ) Eu155  7.290E-12+-2.0E+02 Tb156m(n,pa   ) Sm152  3.938E-11+-2.0E+02 Tb156n(n,n    ) Tb156  1.115E+00+-1.0E+02
  Tb156n(n,n    ) Tb156m 1.371E-03+-1.0E+02 Tb156n(n,2n   ) Tb155  3.529E-01+-4.0E+01 Tb156n(n,na   ) Eu152  3.784E-06+-1.2E+02 Tb156n(n,na   ) Eu152m 1.037E-07+-1.2E+02
  Tb156n(n,na   ) Eu152n 1.472E-06+-1.2E+02 Tb156n(n,2na  ) Eu151  5.321E-09+-2.0E+02 Tb156n(n,np   ) Gd155  5.116E-04+-1.0E+02 Tb156n(n,nd   ) Gd154  5.015E-08+-6.0E+01
  Tb156n(n,2np  ) Gd154  5.811E-10+-2.0E+02 Tb156n(n,g    ) Tb157  5.639E+01+-1.5E+02 Tb156n(n,p    ) Gd156  1.516E-03+-5.0E+01 Tb156n(n,d    ) Gd155  1.479E-03+-1.0E+02
  Tb156n(n,t    ) Gd154  6.808E-04+-6.0E+01 Tb156n(n,h    ) Eu154  1.361E-12+-1.1E+02 Tb156n(n,a    ) Eu153  4.522E-04+-6.0E+01 Tb156n(n,2p   ) Eu155  6.234E-12+-2.0E+02
  Tb156n(n,pa   ) Sm152  2.141E-11+-2.0E+02 Tb157 (n,2n   ) Tb156  1.688E-01+-7.2E+01 Tb157 (n,2n   ) Tb156m 1.137E-01+-7.2E+01 Tb157 (n,2n   ) Tb156n 2.748E-02+-7.2E+01
  Tb157 (n,na   ) Eu153  1.242E-05+-1.0E+02 Tb157 (n,2na  ) Eu152  1.004E-12+-2.1E+02 Tb157 (n,np   ) Gd156  1.815E-04+-1.0E+02 Tb157 (n,g    ) Tb158  2.046E+01+-7.8E+01
  Tb157 (n,g    ) Tb158m 1.481E+01+-7.8E+01 Tb157 (n,p    ) Gd157  1.117E-03+-5.0E+01 Tb157 (n,d    ) Gd156  3.817E-04+-1.0E+02 Tb157 (n,t    ) Gd155  1.188E-05+-6.0E+01
  Tb157 (n,a    ) Eu154  2.971E-04+-8.5E+01 Tb157 (n,a    ) Eu154m 3.672E-05+-8.5E+01 Tb158 (n,n    ) Tb158m 8.956E-02+-1.0E+02 Tb158 (n,2n   ) Tb157  3.618E-01+-4.0E+01
  Tb158 (n,na   ) Eu154  6.797E-06+-1.2E+02 Tb158 (n,na   ) Eu154m 2.643E-06+-1.2E+02 Tb158 (n,2na  ) Eu153  1.014E-09+-2.0E+02 Tb158 (n,np   ) Gd157  1.623E-04+-1.0E+02
  Tb158 (n,nd   ) Gd156  4.876E-10+-6.0E+01 Tb158 (n,2np  ) Gd156  8.949E-12+-2.0E+02 Tb158 (n,g    ) Tb159  3.557E+01+-1.6E+02 Tb158 (n,p    ) Gd158  9.303E-04+-5.0E+01
  Tb158 (n,d    ) Gd157  2.876E-04+-1.0E+02 Tb158 (n,t    ) Gd156  1.043E-04+-6.0E+01 Tb158 (n,a    ) Eu155  3.022E-04+-6.0E+01 Tb159 (n,2n   ) Tb158  2.423E-01+-2.0E+01
  Tb159 (n,2n   ) Tb158m 9.669E-02+-3.0E+01 Tb159 (n,na   ) Eu155  5.690E-06+-1.0E+02 Tb159 (n,np   ) Gd158  8.464E-05+-1.0E+02 Tb159 (n,g    ) Tb160  9.946E+00+-1.0E+01
  Tb159 (n,p    ) Gd159  7.791E-04+-2.0E+01 Tb159 (n,d    ) Gd158  2.370E-04+-1.0E+02 Tb159 (n,t    ) Gd157  9.314E-05+-6.0E+01 Tb159 (n,a    ) Eu156  3.364E-04+-3.0E+01
  Tb160 (n,2n   ) Tb159  3.467E-01+-4.0E+01 Tb160 (n,3n   ) Tb158  6.799E-05+-1.0E+02 Tb160 (n,3n   ) Tb158m 8.417E-07+-1.0E+02 Tb160 (n,na   ) Eu156  4.970E-06+-1.0E+02
  Tb160 (n,2na  ) Eu155  4.247E-10+-2.0E+02 Tb160 (n,np   ) Gd159  6.308E-05+-1.0E+02 Tb160 (n,nd   ) Gd158  2.098E-10+-6.0E+01 Tb160 (n,g    ) Tb161  5.863E+01+-4.4E+01
  Tb160 (n,p    ) Gd160  5.518E-04+-5.0E+01 Tb160 (n,d    ) Gd159  1.455E-04+-1.0E+02 Tb160 (n,t    ) Gd158  8.162E-05+-6.0E+01 Tb160 (n,a    ) Eu157  1.936E-04+-6.0E+01
  Tb161 (n,2n   ) Tb160  3.599E-01+-4.0E+01 Tb161 (n,3n   ) Tb159  8.765E-04+-8.0E+01 Tb161 (n,na   ) Eu157  2.196E-06+-1.0E+02 Tb161 (n,2na  ) Eu156  1.677E-12+-2.0E+02
  Tb161 (n,np   ) Gd160  3.231E-05+-1.0E+02 Tb161 (n,g    ) Tb162  2.178E+01+-1.4E+02 Tb161 (n,p    ) Gd161  3.935E-04+-5.0E+01 Tb161 (n,d    ) Gd160  1.217E-04+-1.0E+02
  Tb161 (n,t    ) Gd159  7.443E-06+-6.0E+01 Tb161 (n,a    ) Eu158  1.482E-04+-6.0E+01 Dy153 (n,2n   ) Dy152  2.888E-01+-4.0E+01 Dy153 (n,na   ) Gd149  1.683E-03+-1.0E+02
  Dy153 (n,2na  ) Gd148  3.614E-03+-2.0E+02 Dy153 (n,np   ) Tb152  6.726E-04+-1.2E+02 Dy153 (n,np   ) Tb152m 2.616E-04+-1.2E+02 Dy153 (n,n2a  ) Sm145  2.008E-08+-2.0E+02
  Dy153 (n,2n2a ) Sm144  4.344E-12+-2.0E+02 Dy153 (n,nd   ) Tb151  3.617E-11+-8.5E+01 Dy153 (n,nd   ) Tb151m 3.397E-11+-8.5E+01 Dy153 (n,npa  ) Eu148  4.123E-11+-2.0E+02
  Dy153 (n,g    ) Dy154  1.861E+02+-9.8E+01 Dy153 (n,p    ) Tb153  7.423E-03+-5.0E+01 Dy153 (n,d    ) Tb152  2.818E-04+-1.2E+02 Dy153 (n,d    ) Tb152m 3.483E-05+-1.2E+02
  Dy153 (n,t    ) Tb151  2.805E-05+-8.5E+01 Dy153 (n,t    ) Tb151m 2.104E-05+-8.5E+01 Dy153 (n,h    ) Gd151  5.285E-09+-9.0E+01 Dy153 (n,a    ) Gd150  3.919E-02+-6.0E+01
  Dy153 (n,2a   ) Sm146  7.913E-07+-2.0E+02 Dy153 (n,2p   ) Gd152  4.760E-07+-2.0E+02 Dy153 (n,pa   ) Eu149  6.397E-07+-2.0E+02 Dy153 (n,da   ) Eu148  7.537E-12+-2.0E+02
  Dy153 (n,ta   ) Eu147  4.518E-12+-2.0E+02 Dy154 (n,2n   ) Dy153  2.316E-01+-4.0E+01 Dy154 (n,na   ) Gd150  5.726E-04+-1.0E+02 Dy154 (n,2na  ) Gd149  1.780E-06+-2.0E+02
  Dy154 (n,np   ) Tb153  5.698E-04+-1.0E+02 Dy154 (n,n2a  ) Sm146  2.379E-09+-2.0E+02 Dy154 (n,g    ) Dy155  1.417E+01+-2.5E+02 Dy154 (n,p    ) Tb154  1.298E-03+-7.8E+01
  Dy154 (n,p    ) Tb154m 2.636E-03+-7.8E+01 Dy154 (n,p    ) Tb154n 3.662E-04+-7.8E+01 Dy154 (n,d    ) Tb153  1.922E-04+-1.0E+02 Dy154 (n,t    ) Tb152  1.223E-06+-8.5E+01
  Dy154 (n,t    ) Tb152m 1.511E-07+-8.5E+01 Dy154 (n,h    ) Gd152  1.533E-09+-9.0E+01 Dy154 (n,a    ) Gd151  2.021E-03+-6.0E+01 Dy154 (n,2a   ) Sm147  4.929E-08+-2.0E+02
  Dy154 (n,2p   ) Gd153  1.005E-08+-2.0E+02 Dy154 (n,pa   ) Eu150  3.672E-09+-2.1E+02 Dy154 (n,pa   ) Eu150m 2.720E-09+-2.1E+02 Dy155 (n,2n   ) Dy154  3.207E-01+-4.0E+01
  Dy155 (n,na   ) Gd151  3.883E-04+-1.0E+02 Dy155 (n,2na  ) Gd150  4.762E-06+-2.0E+02 Dy155 (n,np   ) Tb154  1.023E-04+-1.2E+02 Dy155 (n,np   ) Tb154m 3.070E-04+-1.2E+02
  Dy155 (n,np   ) Tb154n 6.542E-05+-1.2E+02 Dy155 (n,n2a  ) Sm147  3.301E-10+-2.0E+02 Dy155 (n,nd   ) Tb153  1.027E-11+-6.0E+01 Dy155 (n,g    ) Dy156  3.688E+01+-2.0E+02
  Dy155 (n,p    ) Tb155  3.952E-03+-5.0E+01 Dy155 (n,d    ) Tb154  6.108E-05+-1.2E+02 Dy155 (n,d    ) Tb154m 1.240E-04+-1.2E+02 Dy155 (n,d    ) Tb154n 1.723E-05+-1.2E+02
  Dy155 (n,t    ) Tb153  3.140E-05+-6.0E+01 Dy155 (n,h    ) Gd153  5.033E-10+-9.0E+01 Dy155 (n,a    ) Gd152  9.040E-03+-6.0E+01 Dy155 (n,2a   ) Sm148  4.722E-08+-2.0E+02
  Dy155 (n,2p   ) Gd154  3.638E-08+-2.0E+02 Dy155 (n,pa   ) Eu151  1.934E-08+-2.0E+02 Dy156 (n,2n   ) Dy155  2.986E-01+-1.0E+01 Dy156 (n,na   ) Gd152  7.047E-05+-1.0E+02
  Dy156 (n,2na  ) Gd151  5.392E-09+-2.0E+02 Dy156 (n,np   ) Tb155  2.114E-04+-1.0E+02 Dy156 (n,n2a  ) Sm148  4.917E-12+-2.0E+02 Dy156 (n,g    ) Dy157  1.884E+01+-9.6E+00
  Dy156 (n,p    ) Tb156  1.705E-03+-7.8E+01 Dy156 (n,p    ) Tb156m 4.996E-04+-7.8E+01 Dy156 (n,p    ) Tb156n 3.999E-04+-7.8E+01 Dy156 (n,d    ) Tb155  1.563E-04+-1.0E+02
  Dy156 (n,t    ) Tb154  8.896E-08+-8.5E+01 Dy156 (n,t    ) Tb154m 1.806E-07+-8.5E+01 Dy156 (n,t    ) Tb154n 2.509E-08+-8.5E+01 Dy156 (n,h    ) Gd154  1.185E-10+-9.0E+01
  Dy156 (n,a    ) Gd153  6.320E-03+-7.4E+01 Dy156 (n,2a   ) Sm149  3.329E-10+-2.0E+02 Dy156 (n,2p   ) Gd155  2.924E-10+-2.0E+02 Dy156 (n,pa   ) Eu152  2.495E-11+-2.1E+02
  Dy156 (n,pa   ) Eu152n 9.703E-12+-2.1E+02 Dy157 (n,2n   ) Dy156  3.227E-01+-4.0E+01 Dy157 (n,na   ) Gd153  6.944E-05+-1.0E+02 Dy157 (n,2na  ) Gd152  9.404E-08+-2.0E+02
  Dy157 (n,np   ) Tb156  8.919E-05+-1.2E+02 Dy157 (n,np   ) Tb156m 4.160E-06+-1.2E+02 Dy157 (n,np   ) Tb156n 1.452E-05+-1.2E+02 Dy157 (n,nt   ) Tb154m 4.901E-12+-2.1E+02
  Dy157 (n,nt   ) Tb154n 1.044E-12+-2.1E+02 Dy157 (n,g    ) Dy158  2.705E+01+-2.3E+02 Dy157 (n,p    ) Tb157  2.112E-03+-5.0E+01 Dy157 (n,d    ) Tb156  8.572E-05+-1.2E+02
  Dy157 (n,d    ) Tb156m 1.882E-06+-1.2E+02 Dy157 (n,d    ) Tb156n 2.011E-05+-1.2E+02 Dy157 (n,t    ) Tb155  2.093E-05+-6.0E+01 Dy157 (n,h    ) Gd155  3.946E-11+-9.0E+01
  Dy157 (n,a    ) Gd154  1.356E-03+-6.0E+01 Dy157 (n,2a   ) Sm150  2.907E-10+-2.0E+02 Dy157 (n,2p   ) Gd156  4.349E-10+-2.0E+02 Dy157 (n,pa   ) Eu153  2.476E-10+-2.0E+02
  Dy158 (n,2n   ) Dy157  3.370E-01+-1.0E+01 Dy158 (n,na   ) Gd154  2.234E-05+-1.0E+02 Dy158 (n,2na  ) Gd153  2.387E-11+-2.0E+02 Dy158 (n,np   ) Tb157  8.432E-05+-1.0E+02
  Dy158 (n,g    ) Dy159  6.959E+00+-3.3E+01 Dy158 (n,p    ) Tb158  1.266E-03+-6.7E+01 Dy158 (n,p    ) Tb158m 3.045E-04+-6.7E+01 Dy158 (n,d    ) Tb157  1.162E-04+-1.0E+02
  Dy158 (n,t    ) Tb156  2.059E-07+-8.5E+01 Dy158 (n,t    ) Tb156m 5.146E-09+-8.5E+01 Dy158 (n,t    ) Tb156n 4.829E-08+-8.5E+01 Dy158 (n,h    ) Gd156  7.225E-12+-9.0E+01
  Dy158 (n,a    ) Gd155  1.390E-03+-5.4E+01 Dy158 (n,2p   ) Gd157  2.258E-12+-2.0E+02 Dy159 (n,2n   ) Dy158  3.567E-01+-4.0E+01 Dy159 (n,na   ) Gd155  2.383E-05+-1.0E+02
  Dy159 (n,2na  ) Gd154  8.448E-09+-2.0E+02 Dy159 (n,np   ) Tb158  6.180E-05+-1.2E+02 Dy159 (n,np   ) Tb158m 2.435E-06+-1.2E+02 Dy159 (n,g    ) Dy160  1.012E+03+-5.3E+01
  Dy159 (n,p    ) Tb159  1.268E-03+-5.0E+01 Dy159 (n,d    ) Tb158  1.039E-04+-1.2E+02 Dy159 (n,d    ) Tb158m 5.737E-06+-1.2E+02 Dy159 (n,t    ) Tb157  1.630E-05+-6.0E+01
  Dy159 (n,h    ) Gd157  2.585E-12+-9.0E+01 Dy159 (n,a    ) Gd156  7.685E-04+-6.0E+01 Dy159 (n,2p   ) Gd158  4.179E-12+-2.0E+02 Dy159 (n,pa   ) Eu155  6.514E-12+-2.0E+02
  Dy160 (n,2n   ) Dy159  3.518E-01+-1.1E+01 Dy160 (n,na   ) Gd156  8.910E-06+-1.0E+02 Dy160 (n,2na  ) Gd155  6.235E-12+-2.0E+02 Dy160 (n,np   ) Tb159  2.552E-05+-1.0E+02
  Dy160 (n,g    ) Dy161  3.148E+01+-4.3E+01 Dy160 (n,p    ) Tb160  9.417E-04+-3.0E+01 Dy160 (n,d    ) Tb159  6.754E-05+-1.0E+02 Dy160 (n,t    ) Tb158  4.637E-07+-8.5E+01
  Dy160 (n,t    ) Tb158m 2.576E-08+-8.5E+01 Dy160 (n,a    ) Gd157  6.462E-04+-5.2E+01 Dy161 (n,2n   ) Dy160  3.702E-01+-4.0E+01 Dy161 (n,na   ) Gd157  1.140E-05+-1.0E+02
  Dy161 (n,2na  ) Gd156  2.667E-09+-2.0E+02 Dy161 (n,np   ) Tb160  2.142E-05+-1.0E+02 Dy161 (n,g    ) Dy162  5.597E+01+-8.1E+00 Dy161 (n,p    ) Tb161  8.188E-04+-5.0E+01
  Dy161 (n,d    ) Tb160  5.955E-05+-1.0E+02 Dy161 (n,t    ) Tb159  1.279E-05+-6.0E+01 Dy161 (n,a    ) Gd158  2.647E-04+-5.9E+01 Dy162 (n,2n   ) Dy161  3.567E-01+-4.0E+01
  Dy162 (n,3n   ) Dy160  7.112E-06+-8.0E+01 Dy162 (n,na   ) Gd158  3.814E-06+-1.0E+02 Dy162 (n,2na  ) Gd157  1.222E-11+-2.0E+02 Dy162 (n,np   ) Tb161  7.750E-06+-1.0E+02
  Dy162 (n,g    ) Dy163  5.443E+01+-1.1E+01 Dy162 (n,p    ) Tb162  5.541E-04+-3.0E+01 Dy162 (n,d    ) Tb161  3.177E-05+-1.0E+02 Dy162 (n,t    ) Tb160  5.554E-06+-6.0E+01
  Dy162 (n,a    ) Gd159  2.687E-04+-3.0E+01 Dy163 (n,2n   ) Dy162  3.782E-01+-4.0E+01 Dy163 (n,3n   ) Dy161  2.108E-04+-8.0E+01 Dy163 (n,na   ) Gd159  3.305E-06+-1.0E+02
  Dy163 (n,2na  ) Gd158  1.064E-09+-2.0E+02 Dy163 (n,np   ) Tb162  6.240E-06+-1.0E+02 Dy163 (n,g    ) Dy164  2.764E+01+-1.9E+01 Dy163 (n,p    ) Tb163  4.432E-04+-3.0E+01
  Dy163 (n,d    ) Tb162  3.073E-05+-1.0E+02 Dy163 (n,t    ) Tb161  6.512E-06+-6.0E+01 Dy163 (n,a    ) Gd160  2.173E-04+-2.9E+01 Dy164 (n,2n   ) Dy163  3.656E-01+-4.0E+01
  Dy164 (n,3n   ) Dy162  1.659E-03+-8.0E+01 Dy164 (n,na   ) Gd160  1.219E-06+-1.0E+02 Dy164 (n,2na  ) Gd159  1.755E-12+-2.0E+02 Dy164 (n,np   ) Tb163  1.557E-06+-1.0E+02
  Dy164 (n,g    ) Dy165  5.895E+01+-1.4E+01 Dy164 (n,g    ) Dy165m 1.002E+02+-1.5E+01 Dy164 (n,p    ) Tb164  3.176E-04+-3.0E+01 Dy164 (n,d    ) Tb163  1.049E-05+-1.0E+02
  Dy164 (n,t    ) Tb162  3.368E-07+-6.0E+01 Dy164 (n,a    ) Gd161  1.185E-04+-4.4E+01 Dy165 (n,n    ) Dy165m 2.676E-01+-1.0E+02 Dy165 (n,2n   ) Dy164  3.795E-01+-4.0E+01
  Dy165 (n,3n   ) Dy163  1.310E-02+-8.0E+01 Dy165 (n,na   ) Gd161  1.276E-06+-1.0E+02 Dy165 (n,2na  ) Gd160  1.700E-10+-2.0E+02 Dy165 (n,np   ) Tb164  1.811E-06+-1.0E+02
  Dy165 (n,g    ) Dy166  4.579E+02+-9.3E+00 Dy165 (n,p    ) Tb165  2.727E-04+-5.0E+01 Dy165 (n,d    ) Tb164  8.972E-06+-1.0E+02 Dy165 (n,t    ) Tb163  5.219E-06+-6.0E+01
  Dy165 (n,a    ) Gd162  1.154E-04+-6.0E+01 Dy166 (n,2n   ) Dy165  2.581E-01+-7.2E+01 Dy166 (n,2n   ) Dy165m 7.674E-02+-7.2E+01 Dy166 (n,3n   ) Dy164  4.787E-02+-8.0E+01
  Dy166 (n,na   ) Gd162  5.844E-07+-1.0E+02 Dy166 (n,np   ) Tb165  6.584E-07+-1.0E+02 Dy166 (n,g    ) Dy167  1.383E+00+-6.2E+02 Dy166 (n,p    ) Tb166  1.942E-04+-5.0E+01
  Dy166 (n,d    ) Tb165  3.581E-06+-1.0E+02 Dy166 (n,t    ) Tb164  1.579E-07+-6.0E+01 Dy166 (n,a    ) Gd163  9.105E-05+-6.0E+01 Ho163 (n,n    ) Ho163m 2.512E-01+-1.0E+02
  Ho163 (n,2n   ) Ho162  1.718E-01+-7.2E+01 Ho163 (n,2n   ) Ho162m 1.665E-01+-7.2E+01 Ho163 (n,na   ) Tb159  1.164E-05+-1.0E+02 Ho163 (n,2na  ) Tb158  2.782E-11+-2.1E+02
  Ho163 (n,np   ) Dy162  1.430E-04+-1.0E+02 Ho163 (n,g    ) Ho164  2.098E+01+-7.8E+01 Ho163 (n,g    ) Ho164m 2.230E+00+-7.8E+01 Ho163 (n,p    ) Dy163  8.945E-04+-5.0E+01
  Ho163 (n,d    ) Dy162  3.450E-04+-1.0E+02 Ho163 (n,t    ) Dy161  1.447E-05+-6.0E+01 Ho163 (n,a    ) Tb160  2.732E-04+-6.0E+01 Ho164 (n,n    ) Ho164m 8.110E-02+-1.0E+02
  Ho164 (n,2n   ) Ho163  3.177E-01+-7.2E+01 Ho164 (n,2n   ) Ho163m 5.533E-02+-7.2E+01 Ho164 (n,na   ) Tb160  9.654E-06+-1.0E+02 Ho164 (n,2na  ) Tb159  3.947E-09+-2.0E+02
  Ho164 (n,np   ) Dy163  1.279E-04+-1.0E+02 Ho164 (n,nd   ) Dy162  5.700E-10+-6.0E+01 Ho164 (n,2np  ) Dy162  1.585E-11+-2.0E+02 Ho164 (n,g    ) Ho165  3.855E+01+-8.2E+02
  Ho164 (n,p    ) Dy164  7.471E-04+-5.0E+01 Ho164 (n,d    ) Dy163  2.440E-04+-1.0E+02 Ho164 (n,t    ) Dy162  9.691E-05+-6.0E+01 Ho164 (n,a    ) Tb161  2.436E-04+-6.0E+01
  Ho164m(n,n    ) Ho164  5.097E-01+-1.0E+02 Ho164m(n,2n   ) Ho163  3.587E-01+-7.2E+01 Ho164m(n,2n   ) Ho163m 2.465E-02+-7.2E+01 Ho164m(n,na   ) Tb160  1.003E-05+-1.0E+02
  Ho164m(n,2na  ) Tb159  8.268E-09+-2.0E+02 Ho164m(n,np   ) Dy163  1.281E-04+-1.0E+02 Ho164m(n,nd   ) Dy162  6.905E-10+-6.0E+01 Ho164m(n,2np  ) Dy162  3.523E-11+-2.0E+02
  Ho164m(n,g    ) Ho165  3.980E+01+-8.2E+02 Ho164m(n,p    ) Dy164  7.273E-04+-5.0E+01 Ho164m(n,d    ) Dy163  2.432E-04+-1.0E+02 Ho164m(n,t    ) Dy162  7.798E-05+-6.0E+01
  Ho164m(n,a    ) Tb161  2.431E-04+-6.0E+01 Ho165 (n,2n   ) Ho164  1.300E-01+-2.0E+01 Ho165 (n,2n   ) Ho164m 1.792E-01+-2.0E+01 Ho165 (n,3n   ) Ho163  3.076E-06+-1.0E+02
  Ho165 (n,na   ) Tb161  3.649E-06+-1.0E+02 Ho165 (n,2na  ) Tb160  7.015E-12+-2.0E+02 Ho165 (n,np   ) Dy164  5.537E-05+-1.0E+02 Ho165 (n,g    ) Ho166  1.546E+01+-8.3E+00
  Ho165 (n,g    ) Ho166m 8.100E-01+-7.8E+01 Ho165 (n,p    ) Dy165  5.804E-04+-3.0E+01 Ho165 (n,p    ) Dy165m 1.532E-04+-3.0E+01 Ho165 (n,d    ) Dy164  1.838E-04+-1.0E+02
  Ho165 (n,t    ) Dy163  9.633E-05+-6.0E+01 Ho165 (n,a    ) Tb162  1.294E-04+-2.9E+01 Ho166 (n,n    ) Ho166m 3.628E-02+-1.0E+02 Ho166 (n,2n   ) Ho165  3.635E-01+-4.0E+01
  Ho166 (n,3n   ) Ho164  3.785E-04+-1.0E+02 Ho166 (n,3n   ) Ho164m 1.585E-04+-1.0E+02 Ho166 (n,na   ) Tb162  3.624E-06+-1.0E+02 Ho166 (n,2na  ) Tb161  6.182E-10+-2.0E+02
  Ho166 (n,np   ) Dy165  3.050E-05+-1.2E+02 Ho166 (n,np   ) Dy165m 9.223E-06+-1.2E+02 Ho166 (n,nd   ) Dy164  1.753E-10+-6.0E+01 Ho166 (n,g    ) Ho167  1.493E+01+-1.9E+02
  Ho166 (n,p    ) Dy166  4.464E-04+-5.0E+01 Ho166 (n,d    ) Dy165  8.318E-05+-1.2E+02 Ho166 (n,d    ) Dy165m 3.228E-05+-1.2E+02 Ho166 (n,t    ) Dy164  6.643E-05+-6.0E+01
  Ho166 (n,a    ) Tb163  1.598E-04+-6.0E+01 Ho166m(n,n    ) Ho166  3.773E-01+-1.0E+02 Ho166m(n,2n   ) Ho165  3.902E-01+-4.0E+01 Ho166m(n,3n   ) Ho164  2.433E-04+-1.0E+02
  Ho166m(n,3n   ) Ho164m 2.730E-04+-1.0E+02 Ho166m(n,na   ) Tb162  3.354E-06+-1.0E+02 Ho166m(n,2na  ) Tb161  1.656E-09+-2.0E+02 Ho166m(n,np   ) Dy165  2.828E-05+-1.2E+02
  Ho166m(n,np   ) Dy165m 6.576E-06+-1.2E+02 Ho166m(n,nd   ) Dy164  1.090E-10+-6.0E+01 Ho166m(n,g    ) Ho167  4.204E+02+-5.9E+01 Ho166m(n,p    ) Dy166  4.308E-04+-5.0E+01
  Ho166m(n,d    ) Dy165  8.389E-05+-1.2E+02 Ho166m(n,d    ) Dy165m 2.204E-05+-1.2E+02 Ho166m(n,t    ) Dy164  4.727E-05+-6.0E+01 Ho166m(n,a    ) Tb163  1.573E-04+-6.0E+01
  Er160 (n,2n   ) Er159  2.391E-01+-4.0E+01 Er160 (n,na   ) Dy156  1.288E-04+-1.0E+02 Er160 (n,2na  ) Dy155  5.502E-10+-2.0E+02 Er160 (n,np   ) Ho159  4.900E-04+-1.2E+02
  Er160 (n,np   ) Ho159m 7.998E-05+-1.2E+02 Er160 (n,g    ) Er161  7.954E+01+-1.0E+02 Er160 (n,p    ) Ho160  1.689E-03+-7.8E+01 Er160 (n,p    ) Ho160m 1.644E-03+-7.8E+01
  Er160 (n,p    ) Ho160n 8.888E-05+-7.8E+01 Er160 (n,d    ) Ho159  1.865E-04+-1.2E+02 Er160 (n,d    ) Ho159m 3.001E-05+-1.2E+02 Er160 (n,t    ) Ho158  1.699E-07+-8.5E+01
  Er160 (n,t    ) Ho158m 1.213E-07+-8.5E+01 Er160 (n,t    ) Ho158n 8.941E-09+-8.5E+01 Er160 (n,h    ) Dy158  8.316E-10+-9.0E+01 Er160 (n,a    ) Dy157  1.093E-03+-6.0E+01
  Er160 (n,2a   ) Gd153  4.628E-10+-2.0E+02 Er160 (n,2p   ) Dy159  7.206E-09+-2.0E+02 Er160 (n,pa   ) Tb156  2.158E-10+-2.1E+02 Er160 (n,pa   ) Tb156m 5.020E-12+-2.1E+02
  Er160 (n,pa   ) Tb156n 3.513E-11+-2.1E+02 Er161 (n,2n   ) Er160  3.164E-01+-4.0E+01 Er161 (n,na   ) Dy157  1.399E-04+-1.0E+02 Er161 (n,2na  ) Dy156  1.411E-07+-2.0E+02
  Er161 (n,np   ) Ho160  7.014E-05+-1.2E+02 Er161 (n,np   ) Ho160m 4.243E-05+-1.2E+02 Er161 (n,np   ) Ho160n 1.645E-05+-1.2E+02 Er161 (n,nd   ) Ho159  3.535E-12+-8.5E+01
  Er161 (n,g    ) Er162  3.355E+01+-2.0E+02 Er161 (n,p    ) Ho161  2.074E-03+-7.8E+01 Er161 (n,p    ) Ho161m 7.273E-04+-7.8E+01 Er161 (n,d    ) Ho160  6.679E-05+-1.2E+02
  Er161 (n,d    ) Ho160m 2.639E-05+-1.2E+02 Er161 (n,d    ) Ho160n 3.515E-06+-1.2E+02 Er161 (n,t    ) Ho159  2.005E-05+-8.5E+01 Er161 (n,t    ) Ho159m 4.111E-06+-8.5E+01
  Er161 (n,h    ) Dy159  3.780E-10+-9.0E+01 Er161 (n,a    ) Dy158  3.038E-03+-6.0E+01 Er161 (n,2a   ) Gd154  5.566E-10+-2.0E+02 Er161 (n,2p   ) Dy160  1.710E-08+-2.0E+02
  Er161 (n,pa   ) Tb157  3.730E-09+-2.0E+02 Er162 (n,2n   ) Er161  3.285E-01+-1.0E+01 Er162 (n,na   ) Dy158  5.066E-05+-1.0E+02 Er162 (n,2na  ) Dy157  1.921E-10+-2.0E+02
  Er162 (n,np   ) Ho161  1.479E-04+-1.2E+02 Er162 (n,np   ) Ho161m 3.353E-05+-1.2E+02 Er162 (n,g    ) Er163  1.103E+01+-1.1E+01 Er162 (n,p    ) Ho162  1.289E-03+-7.8E+01
  Er162 (n,p    ) Ho162m 7.500E-04+-7.8E+01 Er162 (n,d    ) Ho161  1.189E-04+-1.2E+02 Er162 (n,d    ) Ho161m 3.229E-05+-1.2E+02 Er162 (n,t    ) Ho160  1.308E-07+-8.5E+01
  Er162 (n,t    ) Ho160m 9.191E-08+-8.5E+01 Er162 (n,t    ) Ho160n 6.885E-09+-8.5E+01 Er162 (n,h    ) Dy160  8.303E-11+-9.0E+01 Er162 (n,a    ) Dy159  6.727E-03+-7.2E+01
  Er162 (n,2a   ) Gd155  2.583E-11+-2.0E+02 Er162 (n,2p   ) Dy161  7.622E-11+-2.0E+02 Er162 (n,pa   ) Tb158  3.544E-11+-2.1E+02 Er162 (n,pa   ) Tb158m 1.268E-12+-2.1E+02
  Er164 (n,2n   ) Er163  2.815E-01+-2.0E+01 Er164 (n,na   ) Dy160  2.463E-05+-1.0E+02 Er164 (n,2na  ) Dy159  2.345E-10+-2.0E+02 Er164 (n,np   ) Ho163  5.823E-05+-1.2E+02
  Er164 (n,np   ) Ho163m 1.193E-05+-1.2E+02 Er164 (n,g    ) Er165  4.087E+00+-2.9E+01 Er164 (n,p    ) Ho164  7.821E-04+-7.8E+01 Er164 (n,p    ) Ho164m 4.613E-04+-7.8E+01
  Er164 (n,d    ) Ho163  8.127E-05+-1.2E+02 Er164 (n,d    ) Ho163m 1.983E-05+-1.2E+02 Er164 (n,t    ) Ho162  4.649E-07+-8.5E+01 Er164 (n,t    ) Ho162m 1.499E-07+-8.5E+01
  Er164 (n,h    ) Dy162  5.255E-12+-9.0E+01 Er164 (n,a    ) Dy161  7.043E-04+-5.0E+01 Er164 (n,pa   ) Tb160  1.133E-12+-2.0E+02 Er165 (n,2n   ) Er164  3.662E-01+-4.0E+01
  Er165 (n,na   ) Dy161  2.729E-05+-1.0E+02 Er165 (n,2na  ) Dy160  3.286E-08+-2.0E+02 Er165 (n,np   ) Ho164  4.101E-05+-1.2E+02 Er165 (n,np   ) Ho164m 2.328E-05+-1.2E+02
  Er165 (n,g    ) Er166  1.587E+01+-2.2E+02 Er165 (n,p    ) Ho165  1.020E-03+-5.0E+01 Er165 (n,d    ) Ho164  6.863E-05+-1.2E+02 Er165 (n,d    ) Ho164m 3.459E-05+-1.2E+02
  Er165 (n,t    ) Ho163  1.298E-05+-8.5E+01 Er165 (n,t    ) Ho163m 3.687E-06+-8.5E+01 Er165 (n,h    ) Dy163  1.675E-12+-9.0E+01 Er165 (n,a    ) Dy162  3.883E-04+-5.0E+01
  Er165 (n,2p   ) Dy164  2.141E-12+-2.0E+02 Er165 (n,pa   ) Tb161  4.666E-12+-2.0E+02 Er166 (n,2n   ) Er165  3.390E-01+-2.0E+01 Er166 (n,na   ) Dy162  9.117E-06+-1.0E+02
  Er166 (n,2na  ) Dy161  1.159E-10+-2.0E+02 Er166 (n,np   ) Ho165  2.490E-05+-1.0E+02 Er166 (n,g    ) Er167  9.292E-01+-3.9E+01 Er166 (n,g    ) Er167m 2.781E+00+-3.7E+01
  Er166 (n,p    ) Ho166  5.211E-04+-3.0E+01 Er166 (n,p    ) Ho166m 1.611E-04+-3.0E+01 Er166 (n,d    ) Ho165  5.809E-05+-1.0E+02 Er166 (n,t    ) Ho164  3.405E-07+-8.5E+01
  Er166 (n,t    ) Ho164m 1.770E-07+-8.5E+01 Er166 (n,a    ) Dy163  2.525E-04+-5.8E+01 Er167 (n,n    ) Er167m 1.969E-01+-4.8E+01 Er167 (n,2n   ) Er166  3.745E-01+-4.0E+01
  Er167 (n,na   ) Dy163  8.611E-06+-1.0E+02 Er167 (n,2na  ) Dy162  7.390E-09+-2.0E+02 Er167 (n,np   ) Ho166  7.008E-06+-1.2E+02 Er167 (n,np   ) Ho166m 8.822E-06+-1.2E+02
  Er167 (n,g    ) Er168  8.930E+01+-1.6E+01 Er167 (n,p    ) Ho167  4.416E-04+-3.0E+01 Er167 (n,d    ) Ho166  2.332E-05+-1.2E+02 Er167 (n,d    ) Ho166m 2.216E-05+-1.2E+02
  Er167 (n,t    ) Ho165  1.176E-05+-6.0E+01 Er167 (n,a    ) Dy164  2.128E-04+-5.7E+01 Er168 (n,2n   ) Er167  2.745E-01+-7.2E+01 Er168 (n,2n   ) Er167m 1.077E-01+-3.0E+01
  Er168 (n,3n   ) Er166  4.799E-04+-8.0E+01 Er168 (n,na   ) Dy164  3.905E-06+-1.0E+02 Er168 (n,2na  ) Dy163  7.724E-11+-2.0E+02 Er168 (n,np   ) Ho167  5.496E-06+-1.0E+02
  Er168 (n,g    ) Er169  1.175E+00+-1.2E+01 Er168 (n,p    ) Ho168  2.165E-04+-6.7E+01 Er168 (n,p    ) Ho168m 1.327E-04+-6.7E+01 Er168 (n,d    ) Ho167  2.380E-05+-1.0E+02
  Er168 (n,t    ) Ho166  3.382E-07+-8.5E+01 Er168 (n,t    ) Ho166m 2.303E-07+-8.5E+01 Er168 (n,a    ) Dy165  1.561E-04+-2.8E+01 Er168 (n,a    ) Dy165m 1.419E-04+-2.9E+01
  Er169 (n,2n   ) Er168  3.882E-01+-4.0E+01 Er169 (n,3n   ) Er167  5.332E-03+-1.0E+02 Er169 (n,3n   ) Er167m 5.866E-04+-1.0E+02 Er169 (n,na   ) Dy165  2.831E-06+-1.2E+02
  Er169 (n,na   ) Dy165m 7.746E-07+-1.2E+02 Er169 (n,2na  ) Dy164  6.824E-09+-2.0E+02 Er169 (n,np   ) Ho168  4.302E-06+-1.2E+02 Er169 (n,np   ) Ho168m 1.569E-06+-1.2E+02
  Er169 (n,g    ) Er170  5.063E+00+-3.4E+02 Er169 (n,p    ) Ho169  3.718E-04+-5.0E+01 Er169 (n,d    ) Ho168  1.664E-05+-1.2E+02 Er169 (n,d    ) Ho168m 2.983E-06+-1.2E+02
  Er169 (n,t    ) Ho167  7.054E-06+-6.0E+01 Er169 (n,a    ) Dy166  1.311E-04+-6.0E+01 Er170 (n,2n   ) Er169  3.600E-01+-2.0E+01 Er170 (n,3n   ) Er168  1.680E-02+-8.0E+01
  Er170 (n,na   ) Dy166  1.262E-06+-1.0E+02 Er170 (n,2na  ) Dy165  2.005E-11+-2.1E+02 Er170 (n,2na  ) Dy165m 5.672E-12+-2.1E+02 Er170 (n,np   ) Ho169  1.527E-06+-1.0E+02
  Er170 (n,g    ) Er171  1.406E+00+-5.7E+01 Er170 (n,p    ) Ho170  1.313E-04+-3.0E+01 Er170 (n,p    ) Ho170m 1.313E-04+-3.0E+01 Er170 (n,d    ) Ho169  8.260E-06+-1.0E+02
  Er170 (n,t    ) Ho168  2.137E-06+-7.8E+01 Er170 (n,t    ) Ho168m 1.310E-06+-7.8E+01 Er170 (n,a    ) Dy167  9.008E-05+-2.2E+01 Er171 (n,2n   ) Er170  3.663E-01+-4.0E+01
  Er171 (n,3n   ) Er169  3.393E-02+-8.0E+01 Er171 (n,na   ) Dy167  1.494E-06+-1.0E+02 Er171 (n,2na  ) Dy166  3.419E-10+-2.0E+02 Er171 (n,np   ) Ho170  7.102E-07+-1.2E+02
  Er171 (n,np   ) Ho170m 2.692E-07+-1.2E+02 Er171 (n,g    ) Er172  2.126E+01+-8.8E+01 Er171 (n,p    ) Ho171  2.271E-04+-5.0E+01 Er171 (n,d    ) Ho170  4.383E-06+-1.2E+02
  Er171 (n,d    ) Ho170m 2.942E-06+-1.2E+02 Er171 (n,t    ) Ho169  4.509E-06+-6.0E+01 Er171 (n,a    ) Dy168  9.575E-05+-6.0E+01 Er172 (n,2n   ) Er171  3.275E-01+-4.0E+01
  Er172 (n,3n   ) Er170  6.563E-02+-8.0E+01 Er172 (n,na   ) Dy168  5.113E-07+-1.0E+02 Er172 (n,2na  ) Dy167  4.105E-12+-2.0E+02 Er172 (n,np   ) Ho171  3.378E-07+-1.0E+02
  Er172 (n,g    ) Er173  1.029E+00+-7.5E+02 Er172 (n,p    ) Ho172  1.629E-04+-5.0E+01 Er172 (n,d    ) Ho171  2.483E-06+-1.0E+02 Er172 (n,t    ) Ho170  1.465E-07+-8.5E+01
  Er172 (n,t    ) Ho170m 1.086E-07+-8.5E+01 Er172 (n,a    ) Dy169  7.773E-05+-6.0E+01 Tm165 (n,2n   ) Tm164  1.422E-01+-7.2E+01 Tm165 (n,2n   ) Tm164m 1.423E-01+-7.2E+01
  Tm165 (n,na   ) Ho161  6.521E-05+-1.2E+02 Tm165 (n,na   ) Ho161m 1.765E-05+-1.2E+02 Tm165 (n,2na  ) Ho160  7.331E-11+-2.1E+02 Tm165 (n,2na  ) Ho160m 4.564E-11+-2.1E+02
  Tm165 (n,2na  ) Ho160n 1.720E-11+-2.1E+02 Tm165 (n,np   ) Er164  5.766E-04+-1.0E+02 Tm165 (n,nd   ) Er163  5.197E-12+-6.0E+01 Tm165 (n,g    ) Tm166  3.075E+01+-1.4E+02
  Tm165 (n,p    ) Er165  1.944E-03+-5.0E+01 Tm165 (n,d    ) Er164  6.666E-04+-1.0E+02 Tm165 (n,t    ) Er163  2.519E-05+-6.0E+01 Tm165 (n,h    ) Ho163  6.152E-11+-1.1E+02
  Tm165 (n,h    ) Ho163m 1.873E-11+-1.1E+02 Tm165 (n,a    ) Ho162  4.108E-04+-8.5E+01 Tm165 (n,a    ) Ho162m 1.865E-04+-8.5E+01 Tm165 (n,2a   ) Tb158  1.828E-11+-2.1E+02
  Tm165 (n,2p   ) Ho164  2.202E-11+-2.1E+02 Tm165 (n,2p   ) Ho164m 1.022E-11+-2.1E+02 Tm165 (n,pa   ) Dy161  5.568E-10+-2.0E+02 Tm166 (n,2n   ) Tm165  3.697E-01+-4.0E+01
  Tm166 (n,na   ) Ho162  2.950E-05+-1.2E+02 Tm166 (n,na   ) Ho162m 2.497E-05+-1.2E+02 Tm166 (n,2na  ) Ho161  6.983E-08+-2.1E+02 Tm166 (n,2na  ) Ho161m 2.256E-08+-2.1E+02
  Tm166 (n,np   ) Er165  5.266E-04+-1.0E+02 Tm166 (n,nd   ) Er164  6.682E-09+-6.0E+01 Tm166 (n,2np  ) Er164  5.900E-09+-2.0E+02 Tm166 (n,g    ) Tm167  3.642E+01+-1.5E+02
  Tm166 (n,p    ) Er166  2.458E-03+-5.0E+01 Tm166 (n,d    ) Er165  5.418E-04+-1.0E+02 Tm166 (n,t    ) Er164  1.900E-04+-6.0E+01 Tm166 (n,h    ) Ho164  2.982E-11+-1.1E+02
  Tm166 (n,h    ) Ho164m 1.056E-11+-1.1E+02 Tm166 (n,a    ) Ho163  6.667E-04+-8.5E+01 Tm166 (n,a    ) Ho163m 5.357E-04+-8.5E+01 Tm166 (n,2a   ) Tb159  7.298E-11+-2.0E+02
  Tm166 (n,2p   ) Ho165  5.889E-11+-2.0E+02 Tm166 (n,pa   ) Dy162  7.110E-10+-2.0E+02 Tm167 (n,2n   ) Tm166  3.079E-01+-4.0E+01 Tm167 (n,na   ) Ho163  2.818E-05+-1.2E+02
  Tm167 (n,na   ) Ho163m 5.198E-06+-1.2E+02 Tm167 (n,2na  ) Ho162  1.965E-10+-2.1E+02 Tm167 (n,2na  ) Ho162m 7.881E-11+-2.1E+02 Tm167 (n,np   ) Er166  2.683E-04+-1.0E+02
  Tm167 (n,nd   ) Er165  1.112E-12+-6.0E+01 Tm167 (n,g    ) Tm168  2.371E+01+-1.5E+02 Tm167 (n,p    ) Er167  8.953E-04+-7.8E+01 Tm167 (n,p    ) Er167m 2.944E-04+-7.8E+01
  Tm167 (n,d    ) Er166  4.534E-04+-1.0E+02 Tm167 (n,t    ) Er165  1.783E-05+-6.0E+01 Tm167 (n,h    ) Ho165  4.175E-12+-9.0E+01 Tm167 (n,a    ) Ho164  2.153E-04+-8.5E+01
  Tm167 (n,a    ) Ho164m 1.247E-04+-8.5E+01 Tm167 (n,pa   ) Dy163  2.525E-11+-2.0E+02 Tm168 (n,2n   ) Tm167  3.699E-01+-4.0E+01 Tm168 (n,na   ) Ho164  1.108E-05+-1.2E+02
  Tm168 (n,na   ) Ho164m 8.142E-06+-1.2E+02 Tm168 (n,2na  ) Ho163  1.323E-08+-2.1E+02 Tm168 (n,2na  ) Ho163m 2.690E-09+-2.1E+02 Tm168 (n,np   ) Er167  1.748E-04+-1.2E+02
  Tm168 (n,np   ) Er167m 4.101E-05+-1.2E+02 Tm168 (n,nd   ) Er166  1.438E-09+-6.0E+01 Tm168 (n,2np  ) Er166  1.722E-10+-2.0E+02 Tm168 (n,g    ) Tm169  3.049E+01+-1.4E+02
  Tm168 (n,p    ) Er168  9.924E-04+-5.0E+01 Tm168 (n,d    ) Er167  2.557E-04+-1.2E+02 Tm168 (n,d    ) Er167m 7.488E-05+-1.2E+02 Tm168 (n,t    ) Er166  1.258E-04+-6.0E+01
  Tm168 (n,a    ) Ho165  3.828E-04+-6.0E+01 Tm169 (n,2n   ) Tm168  3.420E-01+-1.0E+01 Tm169 (n,na   ) Ho165  1.435E-05+-1.0E+02 Tm169 (n,2na  ) Ho164  4.945E-11+-2.1E+02
  Tm169 (n,2na  ) Ho164m 2.151E-11+-2.1E+02 Tm169 (n,np   ) Er168  1.135E-04+-1.0E+02 Tm169 (n,g    ) Tm170  3.255E+01+-1.7E+01 Tm169 (n,p    ) Er169  7.194E-04+-5.0E+01
  Tm169 (n,d    ) Er168  2.497E-04+-1.0E+02 Tm169 (n,t    ) Er167  1.341E-05+-8.5E+01 Tm169 (n,t    ) Er167m 4.646E-06+-8.5E+01 Tm169 (n,a    ) Ho166  2.264E-04+-3.0E+01
  Tm169 (n,a    ) Ho166m 4.255E-04+-3.0E+01 Tm170 (n,2n   ) Tm169  3.742E-01+-4.0E+01 Tm170 (n,3n   ) Tm168  2.653E-05+-8.0E+01 Tm170 (n,na   ) Ho166  4.910E-06+-1.2E+02
  Tm170 (n,na   ) Ho166m 3.552E-06+-1.2E+02 Tm170 (n,2na  ) Ho165  9.700E-09+-2.0E+02 Tm170 (n,np   ) Er169  7.005E-05+-1.0E+02 Tm170 (n,nd   ) Er168  3.188E-10+-6.0E+01
  Tm170 (n,2np  ) Er168  2.472E-12+-2.0E+02 Tm170 (n,g    ) Tm171  1.697E+01+-1.8E+01 Tm170 (n,p    ) Er170  6.019E-04+-5.0E+01 Tm170 (n,d    ) Er169  1.696E-04+-1.0E+02
  Tm170 (n,t    ) Er168  7.506E-05+-6.0E+01 Tm170 (n,a    ) Ho167  1.969E-04+-5.9E+01 Tm171 (n,2n   ) Tm170  3.729E-01+-4.0E+01 Tm171 (n,3n   ) Tm169  8.391E-04+-8.0E+01
  Tm171 (n,na   ) Ho167  4.218E-06+-1.0E+02 Tm171 (n,2na  ) Ho166  7.881E-11+-2.1E+02 Tm171 (n,2na  ) Ho166m 5.045E-11+-2.1E+02 Tm171 (n,np   ) Er170  3.804E-05+-1.0E+02
  Tm171 (n,g    ) Tm172  1.895E+01+-1.5E+02 Tm171 (n,p    ) Er171  4.384E-04+-5.0E+01 Tm171 (n,d    ) Er170  1.280E-04+-1.0E+02 Tm171 (n,t    ) Er169  1.039E-05+-6.0E+01
  Tm171 (n,a    ) Ho168  9.385E-05+-8.5E+01 Tm171 (n,a    ) Ho168m 5.629E-05+-8.5E+01 Tm172 (n,2n   ) Tm171  3.842E-01+-4.0E+01 Tm172 (n,3n   ) Tm170  4.040E-03+-8.0E+01
  Tm172 (n,na   ) Ho168  2.304E-06+-1.2E+02 Tm172 (n,na   ) Ho168m 1.060E-06+-1.2E+02 Tm172 (n,2na  ) Ho167  1.511E-09+-2.0E+02 Tm172 (n,np   ) Er171  2.273E-05+-1.0E+02
  Tm172 (n,nd   ) Er170  3.403E-11+-6.0E+01 Tm172 (n,g    ) Tm173  1.693E+01+-1.5E+02 Tm172 (n,p    ) Er172  3.674E-04+-5.0E+01 Tm172 (n,d    ) Er171  7.165E-05+-1.0E+02
  Tm172 (n,t    ) Er170  4.257E-05+-6.0E+01 Tm172 (n,a    ) Ho169  1.313E-04+-6.0E+01 Tm173 (n,2n   ) Tm172  3.679E-01+-4.0E+01 Tm173 (n,3n   ) Tm171  1.831E-02+-8.0E+01
  Tm173 (n,na   ) Ho169  1.393E-06+-1.0E+02 Tm173 (n,2na  ) Ho168  8.115E-12+-2.1E+02 Tm173 (n,2na  ) Ho168m 5.974E-12+-2.1E+02 Tm173 (n,np   ) Er172  1.303E-05+-1.0E+02
  Tm173 (n,g    ) Tm174  1.147E+01+-1.8E+02 Tm173 (n,p    ) Er173  2.671E-04+-5.0E+01 Tm173 (n,d    ) Er172  5.633E-05+-1.0E+02 Tm173 (n,t    ) Er171  7.303E-06+-6.0E+01
  Tm173 (n,a    ) Ho170  7.252E-05+-8.5E+01 Tm173 (n,a    ) Ho170m 3.311E-05+-8.5E+01 Yb166 (n,2n   ) Yb165  2.523E-01+-4.0E+01 Yb166 (n,na   ) Er162  1.192E-04+-1.0E+02
  Yb166 (n,2na  ) Er161  2.411E-09+-2.0E+02 Yb166 (n,np   ) Tm165  4.499E-04+-1.0E+02 Yb166 (n,g    ) Yb167  9.232E+00+-2.9E+02 Yb166 (n,p    ) Tm166  2.645E-03+-5.0E+01
  Yb166 (n,d    ) Tm165  1.966E-04+-1.0E+02 Yb166 (n,t    ) Tm164  5.010E-07+-8.5E+01 Yb166 (n,t    ) Tm164m 3.071E-07+-8.5E+01 Yb166 (n,h    ) Er164  4.509E-10+-9.0E+01
  Yb166 (n,a    ) Er163  8.347E-04+-6.0E+01 Yb166 (n,2a   ) Dy159  4.223E-10+-2.0E+02 Yb166 (n,2p   ) Er165  1.796E-09+-2.0E+02 Yb166 (n,pa   ) Ho162  5.635E-10+-2.1E+02
  Yb166 (n,pa   ) Ho162m 2.460E-10+-2.1E+02 Yb168 (n,2n   ) Yb167  3.176E-01+-2.0E+01 Yb168 (n,na   ) Er164  4.639E-05+-1.0E+02 Yb168 (n,2na  ) Er163  1.096E-09+-2.0E+02
  Yb168 (n,np   ) Tm167  1.636E-04+-1.0E+02 Yb168 (n,g    ) Yb169  1.609E+02+-7.8E+01 Yb168 (n,g    ) Yb169m 1.609E+02+-7.8E+01 Yb168 (n,p    ) Tm168  1.637E-03+-5.0E+01
  Yb168 (n,d    ) Tm167  1.462E-04+-1.0E+02 Yb168 (n,t    ) Tm166  7.392E-07+-6.0E+01 Yb168 (n,h    ) Er166  4.940E-11+-9.0E+01 Yb168 (n,a    ) Er165  7.785E-04+-5.9E+01
  Yb168 (n,2p   ) Er167  1.674E-11+-2.1E+02 Yb168 (n,2p   ) Er167m 4.153E-12+-2.1E+02 Yb168 (n,pa   ) Ho164  1.615E-11+-2.1E+02 Yb168 (n,pa   ) Ho164m 9.156E-12+-2.1E+02
  Yb169 (n,n    ) Yb169m 3.451E-01+-1.0E+02 Yb169 (n,2n   ) Yb168  3.628E-01+-4.0E+01 Yb169 (n,na   ) Er165  4.940E-05+-1.0E+02 Yb169 (n,2na  ) Er164  7.589E-08+-2.0E+02
  Yb169 (n,np   ) Tm168  1.364E-04+-1.0E+02 Yb169 (n,nd   ) Tm167  1.530E-12+-6.0E+01 Yb169 (n,g    ) Yb170  2.394E+02+-1.1E+01 Yb169 (n,p    ) Tm169  1.333E-03+-5.0E+01
  Yb169 (n,d    ) Tm168  1.484E-04+-1.0E+02 Yb169 (n,t    ) Tm167  1.972E-05+-6.0E+01 Yb169 (n,h    ) Er167  1.214E-11+-1.1E+02 Yb169 (n,h    ) Er167m 3.849E-12+-1.1E+02
  Yb169 (n,a    ) Er166  1.260E-03+-6.0E+01 Yb169 (n,2p   ) Er168  2.785E-11+-2.0E+02 Yb169 (n,pa   ) Ho165  1.696E-10+-2.0E+02 Yb170 (n,2n   ) Yb169  2.379E-01+-6.3E+01
  Yb170 (n,2n   ) Yb169m 1.138E-01+-6.3E+01 Yb170 (n,na   ) Er166  2.525E-05+-1.0E+02 Yb170 (n,2na  ) Er165  1.512E-09+-2.0E+02 Yb170 (n,np   ) Tm169  5.250E-05+-1.0E+02
  Yb170 (n,g    ) Yb171  7.778E+00+-9.1E+00 Yb170 (n,p    ) Tm170  1.006E-03+-5.0E+01 Yb170 (n,d    ) Tm169  8.590E-05+-1.0E+02 Yb170 (n,t    ) Tm168  1.030E-06+-6.0E+01
  Yb170 (n,h    ) Er168  2.233E-12+-9.0E+01 Yb170 (n,a    ) Er167  2.317E-04+-8.5E+01 Yb170 (n,a    ) Er167m 7.992E-05+-8.5E+01 Yb171 (n,2n   ) Yb170  3.804E-01+-4.0E+01
  Yb171 (n,na   ) Er167  2.088E-05+-1.2E+02 Yb171 (n,na   ) Er167m 3.826E-06+-1.2E+02 Yb171 (n,2na  ) Er166  7.943E-08+-2.0E+02 Yb171 (n,np   ) Tm170  4.050E-05+-1.0E+02
  Yb171 (n,g    ) Yb172  9.706E+00+-9.2E+00 Yb171 (n,p    ) Tm171  8.192E-04+-5.0E+01 Yb171 (n,d    ) Tm170  8.508E-05+-1.0E+02 Yb171 (n,t    ) Tm169  1.465E-05+-6.0E+01
  Yb171 (n,a    ) Er168  2.623E-04+-6.0E+01 Yb172 (n,2n   ) Yb171  3.662E-01+-4.0E+01 Yb172 (n,3n   ) Yb170  7.421E-06+-8.0E+01 Yb172 (n,na   ) Er168  9.340E-06+-1.0E+02
  Yb172 (n,2na  ) Er167  1.080E-09+-2.1E+02 Yb172 (n,2na  ) Er167m 2.320E-10+-2.1E+02 Yb172 (n,np   ) Tm171  1.567E-05+-1.0E+02 Yb172 (n,g    ) Yb173  8.461E-01+-1.3E+01
  Yb172 (n,p    ) Tm172  6.173E-04+-5.0E+01 Yb172 (n,d    ) Tm171  4.251E-05+-1.0E+02 Yb172 (n,t    ) Tm170  1.029E-06+-6.0E+01 Yb172 (n,a    ) Er169  2.492E-04+-3.0E+01
  Yb173 (n,2n   ) Yb172  3.856E-01+-4.0E+01 Yb173 (n,3n   ) Yb171  2.446E-04+-8.0E+01 Yb173 (n,na   ) Er169  6.352E-06+-1.0E+02 Yb173 (n,2na  ) Er168  2.049E-08+-2.0E+02
  Yb173 (n,np   ) Tm172  8.885E-06+-1.0E+02 Yb173 (n,g    ) Yb174  9.256E+00+-9.0E+00 Yb173 (n,p    ) Tm173  1.891E-03+-3.0E+01 Yb173 (n,d    ) Tm172  3.667E-05+-1.0E+02
  Yb173 (n,t    ) Tm171  8.548E-06+-6.0E+01 Yb173 (n,a    ) Er170  6.804E-04+-6.0E+01 Yb174 (n,2n   ) Yb173  3.770E-01+-4.0E+01 Yb174 (n,3n   ) Yb172  2.493E-03+-8.0E+01
  Yb174 (n,na   ) Er170  2.731E-06+-1.0E+02 Yb174 (n,2na  ) Er169  2.160E-10+-2.0E+02 Yb174 (n,np   ) Tm173  3.564E-06+-1.0E+02 Yb174 (n,g    ) Yb175  4.430E+00+-1.1E+01
  Yb174 (n,p    ) Tm174  3.645E-04+-2.0E+01 Yb174 (n,d    ) Tm173  1.772E-05+-1.0E+02 Yb174 (n,t    ) Tm172  7.938E-07+-6.0E+01 Yb174 (n,a    ) Er171  1.709E-04+-3.0E+01
  Yb175 (n,2n   ) Yb174  3.809E-01+-4.0E+01 Yb175 (n,3n   ) Yb173  1.589E-02+-8.0E+01 Yb175 (n,na   ) Er171  2.764E-06+-1.0E+02 Yb175 (n,2na  ) Er170  3.291E-09+-2.0E+02
  Yb175 (n,np   ) Tm174  4.016E-06+-1.0E+02 Yb175 (n,g    ) Yb176  1.402E+01+-7.8E+01 Yb175 (n,g    ) Yb176m 4.221E-02+-7.8E+01 Yb175 (n,p    ) Tm175  3.091E-04+-5.0E+01
  Yb175 (n,d    ) Tm174  1.088E-05+-1.0E+02 Yb175 (n,t    ) Tm173  7.261E-06+-6.0E+01 Yb175 (n,a    ) Er172  1.752E-04+-3.0E+01 Yb176 (n,n    ) Yb176m 4.103E-03+-5.0E+01
  Yb176 (n,2n   ) Yb175  3.578E-01+-2.0E+01 Yb176 (n,3n   ) Yb174  4.870E-02+-8.0E+01 Yb176 (n,na   ) Er172  2.063E-06+-1.0E+02 Yb176 (n,2na  ) Er171  6.744E-11+-2.0E+02
  Yb176 (n,np   ) Tm175  1.090E-06+-1.0E+02 Yb176 (n,g    ) Yb177  1.761E-01+-7.8E+01 Yb176 (n,g    ) Yb177m 1.757E-01+-7.8E+01 Yb176 (n,p    ) Tm176  2.230E-04+-3.0E+01
  Yb176 (n,d    ) Tm175  8.081E-06+-1.0E+02 Yb176 (n,t    ) Tm174  6.517E-07+-6.0E+01 Yb176 (n,a    ) Er173  4.228E-05+-3.0E+01 Lu169 (n,n    ) Lu169m 6.324E-01+-1.0E+02
  Lu169 (n,2n   ) Lu168  1.982E-01+-7.2E+01 Lu169 (n,2n   ) Lu168m 1.105E-01+-7.2E+01 Lu169 (n,na   ) Tm165  1.385E-04+-1.0E+02 Lu169 (n,2na  ) Tm164  3.743E-10+-2.1E+02
  Lu169 (n,2na  ) Tm164m 3.743E-10+-2.1E+02 Lu169 (n,np   ) Yb168  8.596E-04+-1.0E+02 Lu169 (n,nd   ) Yb167  1.501E-11+-6.0E+01 Lu169 (n,npa  ) Er164  2.434E-12+-2.0E+02
  Lu169 (n,g    ) Lu170  1.981E+01+-7.8E+01 Lu169 (n,g    ) Lu170m 1.067E+01+-7.8E+01 Lu169 (n,p    ) Yb169  1.943E-03+-7.8E+01 Lu169 (n,p    ) Yb169m 6.630E-04+-7.8E+01
  Lu169 (n,d    ) Yb168  7.830E-04+-1.0E+02 Lu169 (n,t    ) Yb167  2.629E-05+-6.0E+01 Lu169 (n,h    ) Tm167  4.021E-10+-9.0E+01 Lu169 (n,a    ) Tm166  6.430E-04+-6.0E+01
  Lu169 (n,2a   ) Ho162  6.911E-11+-2.1E+02 Lu169 (n,2a   ) Ho162m 8.457E-11+-2.1E+02 Lu169 (n,2p   ) Tm168  1.108E-09+-2.0E+02 Lu169 (n,pa   ) Er165  6.341E-09+-2.0E+02
  Lu170 (n,n    ) Lu170m 5.924E-02+-1.0E+02 Lu170 (n,2n   ) Lu169  1.500E-01+-7.2E+01 Lu170 (n,2n   ) Lu169m 2.082E-01+-7.2E+01 Lu170 (n,na   ) Tm166  6.432E-05+-1.0E+02
  Lu170 (n,2na  ) Tm165  2.300E-07+-2.0E+02 Lu170 (n,np   ) Yb169  5.829E-04+-1.2E+02 Lu170 (n,np   ) Yb169m 2.108E-04+-1.2E+02 Lu170 (n,nd   ) Yb168  8.568E-09+-6.0E+01
  Lu170 (n,2np  ) Yb168  1.909E-08+-2.0E+02 Lu170 (n,g    ) Lu171  1.590E+01+-7.8E+01 Lu170 (n,g    ) Lu171m 1.590E+01+-7.8E+01 Lu170 (n,p    ) Yb170  6.864E-03+-5.0E+01
  Lu170 (n,d    ) Yb169  4.559E-04+-1.2E+02 Lu170 (n,d    ) Yb169m 1.851E-04+-1.2E+02 Lu170 (n,t    ) Yb168  1.911E-04+-6.0E+01 Lu170 (n,h    ) Tm168  1.232E-10+-9.0E+01
  Lu170 (n,a    ) Tm167  3.880E-03+-6.0E+01 Lu170 (n,2a   ) Ho163  9.313E-10+-2.1E+02 Lu170 (n,2a   ) Ho163m 2.187E-10+-2.1E+02 Lu170 (n,2p   ) Tm169  4.651E-10+-2.0E+02
  Lu170 (n,pa   ) Er166  7.350E-09+-2.0E+02 Lu171 (n,n    ) Lu171m 5.400E-01+-1.0E+02 Lu171 (n,2n   ) Lu170  1.926E-01+-7.2E+01 Lu171 (n,2n   ) Lu170m 1.332E-01+-7.2E+01
  Lu171 (n,na   ) Tm167  7.660E-05+-1.0E+02 Lu171 (n,2na  ) Tm166  2.411E-10+-2.0E+02 Lu171 (n,np   ) Yb170  4.088E-04+-1.0E+02 Lu171 (n,nd   ) Yb169  1.042E-11+-8.5E+01
  Lu171 (n,nd   ) Yb169m 3.296E-12+-8.5E+01 Lu171 (n,g    ) Lu172  9.704E+00+-7.8E+01 Lu171 (n,g    ) Lu172m 1.455E+01+-7.8E+01 Lu171 (n,p    ) Yb171  1.551E-03+-5.0E+01
  Lu171 (n,d    ) Yb170  5.850E-04+-1.0E+02 Lu171 (n,t    ) Yb169  2.014E-05+-8.5E+01 Lu171 (n,t    ) Yb169m 7.991E-06+-8.5E+01 Lu171 (n,h    ) Tm169  3.542E-11+-9.0E+01
  Lu171 (n,a    ) Tm168  5.505E-04+-6.0E+01 Lu171 (n,2p   ) Tm170  7.636E-12+-2.0E+02 Lu171 (n,pa   ) Er167  3.259E-10+-2.1E+02 Lu171 (n,pa   ) Er167m 6.181E-11+-2.1E+02
  Lu172 (n,n    ) Lu172m 6.668E-01+-1.0E+02 Lu172 (n,2n   ) Lu171  2.183E-01+-7.2E+01 Lu172 (n,2n   ) Lu171m 1.247E-01+-7.2E+01 Lu172 (n,na   ) Tm168  5.162E-05+-1.0E+02
  Lu172 (n,2na  ) Tm167  1.527E-07+-2.0E+02 Lu172 (n,np   ) Yb171  3.306E-04+-1.0E+02 Lu172 (n,nd   ) Yb170  3.184E-09+-6.0E+01 Lu172 (n,2np  ) Yb170  1.468E-09+-2.0E+02
  Lu172 (n,g    ) Lu173  2.970E+01+-1.4E+02 Lu172 (n,p    ) Yb172  1.319E-03+-5.0E+01 Lu172 (n,d    ) Yb171  4.580E-04+-1.0E+02 Lu172 (n,t    ) Yb170  1.459E-04+-6.0E+01
  Lu172 (n,h    ) Tm170  1.703E-11+-9.0E+01 Lu172 (n,a    ) Tm169  7.022E-04+-6.0E+01 Lu172 (n,2a   ) Ho165  3.861E-11+-2.0E+02 Lu172 (n,2p   ) Tm171  3.227E-12+-2.0E+02
  Lu172 (n,pa   ) Er168  3.071E-10+-2.0E+02 Lu173 (n,2n   ) Lu172  2.486E-01+-7.2E+01 Lu173 (n,2n   ) Lu172m 1.022E-01+-7.2E+01 Lu173 (n,na   ) Tm169  3.149E-05+-1.0E+02
  Lu173 (n,2na  ) Tm168  4.302E-09+-2.0E+02 Lu173 (n,np   ) Yb172  1.990E-04+-1.0E+02 Lu173 (n,nd   ) Yb171  6.008E-12+-6.0E+01 Lu173 (n,g    ) Lu174  1.816E+01+-7.8E+01
  Lu173 (n,g    ) Lu174m 1.930E+00+-7.8E+01 Lu173 (n,p    ) Yb173  9.622E-04+-5.0E+01 Lu173 (n,d    ) Yb172  3.802E-04+-1.0E+02 Lu173 (n,t    ) Yb171  2.502E-05+-6.0E+01
  Lu173 (n,h    ) Tm171  2.037E-12+-9.0E+01 Lu173 (n,a    ) Tm170  2.916E-04+-6.0E+01 Lu173 (n,pa   ) Er169  8.399E-12+-2.0E+02 Lu174 (n,n    ) Lu174m 3.251E-02+-1.0E+02
  Lu174 (n,2n   ) Lu173  3.522E-01+-4.0E+01 Lu174 (n,na   ) Tm170  2.193E-05+-1.0E+02 Lu174 (n,2na  ) Tm169  6.837E-08+-2.0E+02 Lu174 (n,np   ) Yb173  1.595E-04+-1.0E+02
  Lu174 (n,nd   ) Yb172  1.280E-09+-6.0E+01 Lu174 (n,2np  ) Yb172  1.298E-10+-2.0E+02 Lu174 (n,g    ) Lu175  2.705E+01+-1.4E+02 Lu174 (n,p    ) Yb174  8.037E-04+-5.0E+01
  Lu174 (n,d    ) Yb173  2.708E-04+-1.0E+02 Lu174 (n,t    ) Yb172  1.045E-04+-6.0E+01 Lu174 (n,a    ) Tm171  2.870E-04+-6.0E+01 Lu174m(n,n    ) Lu174  1.368E+00+-1.0E+02
  Lu174m(n,2n   ) Lu173  3.868E-01+-4.0E+01 Lu174m(n,3n   ) Lu172  2.689E-08+-1.0E+02 Lu174m(n,na   ) Tm170  2.526E-05+-1.0E+02 Lu174m(n,2na  ) Tm169  1.616E-07+-2.0E+02
  Lu174m(n,np   ) Yb173  1.874E-04+-1.0E+02 Lu174m(n,nd   ) Yb172  1.660E-09+-6.0E+01 Lu174m(n,2np  ) Yb172  3.265E-10+-2.0E+02 Lu174m(n,g    ) Lu175  2.705E+01+-1.4E+02
  Lu174m(n,p    ) Yb174  7.786E-04+-5.0E+01 Lu174m(n,d    ) Yb173  2.572E-04+-1.0E+02 Lu174m(n,t    ) Yb172  8.135E-05+-6.0E+01 Lu174m(n,a    ) Tm171  3.007E-04+-6.0E+01
  Lu175 (n,2n   ) Lu174  2.620E-01+-2.0E+01 Lu175 (n,2n   ) Lu174m 1.121E-01+-2.0E+01 Lu175 (n,3n   ) Lu173  1.204E-04+-1.0E+01 Lu175 (n,na   ) Tm171  1.200E-05+-1.0E+02
  Lu175 (n,2na  ) Tm170  1.703E-09+-2.0E+02 Lu175 (n,np   ) Yb174  8.882E-05+-1.0E+02 Lu175 (n,nd   ) Yb173  3.978E-12+-6.0E+01 Lu175 (n,g    ) Lu176  4.432E+00+-2.1E+01
  Lu175 (n,g    ) Lu176m 8.857E+00+-2.3E+01 Lu175 (n,p    ) Yb175  1.141E-03+-3.0E+01 Lu175 (n,d    ) Yb174  2.238E-04+-1.0E+02 Lu175 (n,t    ) Yb173  2.162E-05+-6.0E+01
  Lu175 (n,a    ) Tm172  1.736E-04+-2.9E+01 Lu176 (n,n    ) Lu176m 3.754E-01+-1.0E+02 Lu176 (n,2n   ) Lu175  3.477E-01+-4.0E+01 Lu176 (n,3n   ) Lu174  3.503E-04+-1.0E+02
  Lu176 (n,3n   ) Lu174m 2.282E-04+-1.0E+02 Lu176 (n,na   ) Tm172  7.162E-06+-1.0E+02 Lu176 (n,2na  ) Tm171  1.185E-08+-2.0E+02 Lu176 (n,np   ) Yb175  5.223E-05+-1.0E+02
  Lu176 (n,nd   ) Yb174  3.950E-10+-6.0E+01 Lu176 (n,2np  ) Yb174  1.838E-12+-2.0E+02 Lu176 (n,g    ) Lu177  1.123E+02+-3.7E+01 Lu176 (n,g    ) Lu177m 7.086E-02+-2.6E+01
  Lu176 (n,g    ) Lu177n 6.530E-05+-7.8E+01 Lu176 (n,p    ) Yb176  4.447E-04+-7.8E+01 Lu176 (n,p    ) Yb176m 5.244E-05+-7.8E+01 Lu176 (n,d    ) Yb175  1.562E-04+-1.0E+02
  Lu176 (n,t    ) Yb174  8.851E-05+-6.0E+01 Lu176 (n,a    ) Tm173  4.313E-04+-3.0E+01 Lu177 (n,n    ) Lu177m 4.096E-03+-1.0E+02 Lu177 (n,n    ) Lu177n 3.854E-03+-1.0E+02
  Lu177 (n,2n   ) Lu176  2.141E-01+-7.2E+01 Lu177 (n,2n   ) Lu176m 1.597E-01+-7.2E+01 Lu177 (n,3n   ) Lu175  1.090E-02+-8.0E+01 Lu177 (n,na   ) Tm173  5.774E-06+-1.0E+02
  Lu177 (n,2na  ) Tm172  7.348E-10+-2.0E+02 Lu177 (n,np   ) Yb176  3.374E-05+-1.2E+02 Lu177 (n,np   ) Yb176m 2.084E-06+-1.2E+02 Lu177 (n,nd   ) Yb175  2.873E-12+-6.0E+01
  Lu177 (n,nt   ) Yb174  2.321E-12+-2.0E+02 Lu177 (n,g    ) Lu178  1.797E+02+-7.8E+01 Lu177 (n,g    ) Lu178m 1.121E+00+-7.8E+01 Lu177 (n,p    ) Yb177  2.785E-04+-7.8E+01
  Lu177 (n,p    ) Yb177m 9.053E-05+-7.8E+01 Lu177 (n,d    ) Yb176  1.150E-04+-1.2E+02 Lu177 (n,d    ) Yb176m 4.809E-06+-1.2E+02 Lu177 (n,t    ) Yb175  1.860E-05+-6.0E+01
  Lu177 (n,a    ) Tm174  1.300E-04+-6.0E+01 Lu177m(n,n    ) Lu177  2.320E+00+-1.0E+02 Lu177m(n,n    ) Lu177n 1.136E-01+-1.0E+02 Lu177m(n,2n   ) Lu176  3.351E-01+-7.2E+01
  Lu177m(n,2n   ) Lu176m 3.461E-02+-7.2E+01 Lu177m(n,3n   ) Lu175  1.323E-02+-8.0E+01 Lu177m(n,na   ) Tm173  1.113E-06+-1.0E+02 Lu177m(n,2na  ) Tm172  1.207E-10+-2.0E+02
  Lu177m(n,np   ) Yb176  3.258E-05+-1.2E+02 Lu177m(n,np   ) Yb176m 6.711E-06+-1.2E+02 Lu177m(n,nd   ) Yb175  1.133E-09+-6.0E+01 Lu177m(n,nt   ) Yb174  1.130E-09+-2.0E+02
  Lu177m(n,g    ) Lu178  4.057E+00+-1.0E+02 Lu177m(n,g    ) Lu178m 3.599E+00+-1.0E+02 Lu177m(n,p    ) Yb177  2.699E-04+-7.8E+01 Lu177m(n,p    ) Yb177m 8.459E-05+-7.8E+01
  Lu177m(n,d    ) Yb176  3.333E-05+-1.2E+02 Lu177m(n,d    ) Yb176m 3.477E-06+-1.2E+02 Lu177m(n,t    ) Yb175  1.552E-04+-6.0E+01 Lu177m(n,a    ) Tm174  1.343E-04+-6.0E+01
  Hf170 (n,2n   ) Hf169  2.588E-01+-4.0E+01 Hf170 (n,na   ) Yb166  2.098E-04+-1.0E+02 Hf170 (n,2na  ) Yb165  4.494E-09+-2.0E+02 Hf170 (n,np   ) Lu169  6.988E-04+-1.2E+02
  Hf170 (n,np   ) Lu169m 3.570E-04+-1.2E+02 Hf170 (n,n2a  ) Er162  1.622E-11+-2.0E+02 Hf170 (n,g    ) Hf171  4.664E+00+-7.8E+01 Hf170 (n,g    ) Hf171m 4.661E+00+-7.8E+01
  Hf170 (n,p    ) Lu170  1.247E-03+-7.8E+01 Hf170 (n,p    ) Lu170m 2.260E-03+-7.8E+01 Hf170 (n,d    ) Lu169  1.585E-04+-1.2E+02 Hf170 (n,d    ) Lu169m 9.558E-05+-1.2E+02
  Hf170 (n,t    ) Lu168  6.896E-07+-8.5E+01 Hf170 (n,t    ) Lu168m 8.756E-07+-8.5E+01 Hf170 (n,h    ) Yb168  1.868E-09+-9.0E+01 Hf170 (n,a    ) Yb167  1.926E-03+-6.0E+01
  Hf170 (n,2a   ) Er163  4.733E-09+-2.0E+02 Hf170 (n,2p   ) Yb169  1.742E-08+-2.1E+02 Hf170 (n,2p   ) Yb169m 1.040E-08+-2.1E+02 Hf170 (n,pa   ) Tm166  2.233E-09+-2.0E+02
  Hf171 (n,2n   ) Hf170  3.116E-01+-4.0E+01 Hf171 (n,na   ) Yb167  2.326E-04+-1.0E+02 Hf171 (n,2na  ) Yb166  5.960E-07+-2.0E+02 Hf171 (n,np   ) Lu170  2.836E-04+-1.2E+02
  Hf171 (n,np   ) Lu170m 3.018E-04+-1.2E+02 Hf171 (n,n2a  ) Er163  6.338E-12+-2.0E+02 Hf171 (n,nd   ) Lu169  1.119E-11+-8.5E+01 Hf171 (n,nd   ) Lu169m 5.972E-12+-8.5E+01
  Hf171 (n,g    ) Hf172  2.034E+01+-2.2E+02 Hf171 (n,p    ) Lu171  2.131E-03+-7.8E+01 Hf171 (n,p    ) Lu171m 7.220E-04+-7.8E+01 Hf171 (n,d    ) Lu170  1.294E-04+-1.2E+02
  Hf171 (n,d    ) Lu170m 1.277E-04+-1.2E+02 Hf171 (n,t    ) Lu169  1.700E-05+-8.5E+01 Hf171 (n,t    ) Lu169m 1.067E-05+-8.5E+01 Hf171 (n,h    ) Yb169  5.683E-10+-1.1E+02
  Hf171 (n,h    ) Yb169m 2.680E-10+-1.1E+02 Hf171 (n,a    ) Yb168  3.260E-03+-6.0E+01 Hf171 (n,2a   ) Er164  3.394E-09+-2.0E+02 Hf171 (n,2p   ) Yb170  1.130E-08+-2.0E+02
  Hf171 (n,pa   ) Tm167  2.613E-08+-2.0E+02 Hf172 (n,2n   ) Hf171  3.049E-01+-7.2E+01 Hf172 (n,2n   ) Hf171m 5.004E-02+-7.2E+01 Hf172 (n,na   ) Yb168  1.312E-04+-1.0E+02
  Hf172 (n,2na  ) Yb167  1.019E-08+-2.0E+02 Hf172 (n,np   ) Lu171  1.491E-04+-1.2E+02 Hf172 (n,np   ) Lu171m 1.696E-04+-1.2E+02 Hf172 (n,n2a  ) Er164  1.024E-12+-2.0E+02
  Hf172 (n,g    ) Hf173  6.194E+00+-3.6E+02 Hf172 (n,p    ) Lu172  1.444E-03+-7.8E+01 Hf172 (n,p    ) Lu172m 6.726E-04+-7.8E+01 Hf172 (n,d    ) Lu171  8.142E-05+-1.2E+02
  Hf172 (n,d    ) Lu171m 9.958E-05+-1.2E+02 Hf172 (n,t    ) Lu170  1.080E-06+-8.5E+01 Hf172 (n,t    ) Lu170m 5.844E-07+-8.5E+01 Hf172 (n,h    ) Yb170  2.587E-10+-9.0E+01
  Hf172 (n,a    ) Yb169  4.730E-04+-8.5E+01 Hf172 (n,a    ) Yb169m 2.212E-04+-8.5E+01 Hf172 (n,2a   ) Er165  3.225E-10+-2.0E+02 Hf172 (n,2p   ) Yb171  5.664E-10+-2.0E+02
  Hf172 (n,pa   ) Tm168  1.000E-09+-2.0E+02 Hf173 (n,2n   ) Hf172  3.642E-01+-4.0E+01 Hf173 (n,na   ) Yb169  9.281E-05+-1.2E+02 Hf173 (n,na   ) Yb169m 4.371E-05+-1.2E+02
  Hf173 (n,2na  ) Yb168  7.184E-07+-2.0E+02 Hf173 (n,np   ) Lu172  1.326E-04+-1.2E+02 Hf173 (n,np   ) Lu172m 9.878E-05+-1.2E+02 Hf173 (n,nd   ) Lu171  6.878E-12+-8.5E+01
  Hf173 (n,nd   ) Lu171m 5.445E-12+-8.5E+01 Hf173 (n,g    ) Hf174  1.706E+01+-2.1E+02 Hf173 (n,p    ) Lu173  1.733E-03+-5.0E+01 Hf173 (n,d    ) Lu172  1.064E-04+-1.2E+02
  Hf173 (n,d    ) Lu172m 8.502E-05+-1.2E+02 Hf173 (n,t    ) Lu171  1.133E-05+-8.5E+01 Hf173 (n,t    ) Lu171m 1.422E-05+-8.5E+01 Hf173 (n,h    ) Yb171  9.979E-11+-9.0E+01
  Hf173 (n,a    ) Yb170  1.338E-03+-6.0E+01 Hf173 (n,2a   ) Er166  6.767E-10+-2.0E+02 Hf173 (n,2p   ) Yb172  4.202E-10+-2.0E+02 Hf173 (n,pa   ) Tm169  2.003E-09+-2.0E+02
  Hf174 (n,2n   ) Hf173  3.373E-01+-2.0E+01 Hf174 (n,na   ) Yb170  6.374E-05+-1.0E+02 Hf174 (n,2na  ) Yb169  1.245E-08+-2.1E+02 Hf174 (n,2na  ) Yb169m 8.138E-09+-2.1E+02
  Hf174 (n,np   ) Lu173  1.230E-04+-1.0E+02 Hf174 (n,g    ) Hf175  3.071E+01+-2.1E+01 Hf174 (n,p    ) Lu174  8.274E-04+-7.8E+01 Hf174 (n,p    ) Lu174m 4.889E-04+-7.8E+01
  Hf174 (n,d    ) Lu173  1.232E-04+-1.0E+02 Hf174 (n,t    ) Lu172  8.394E-07+-8.5E+01 Hf174 (n,t    ) Lu172m 7.845E-07+-8.5E+01 Hf174 (n,h    ) Yb172  2.425E-11+-9.0E+01
  Hf174 (n,a    ) Yb171  7.015E-04+-5.1E+01 Hf174 (n,2p   ) Yb173  6.849E-12+-2.0E+02 Hf174 (n,pa   ) Tm170  4.886E-11+-2.0E+02 Hf175 (n,2n   ) Hf174  3.747E-01+-4.0E+01
  Hf175 (n,na   ) Yb171  5.833E-05+-1.0E+02 Hf175 (n,2na  ) Yb170  4.242E-07+-2.0E+02 Hf175 (n,np   ) Lu174  5.080E-05+-1.2E+02 Hf175 (n,np   ) Lu174m 3.262E-05+-1.2E+02
  Hf175 (n,nd   ) Lu173  4.542E-12+-6.0E+01 Hf175 (n,g    ) Hf176  1.340E+01+-2.1E+02 Hf175 (n,p    ) Lu175  1.079E-03+-5.0E+01 Hf175 (n,d    ) Lu174  8.243E-05+-1.2E+02
  Hf175 (n,d    ) Lu174m 4.661E-05+-1.2E+02 Hf175 (n,t    ) Lu173  2.099E-05+-6.0E+01 Hf175 (n,h    ) Yb173  1.161E-11+-9.0E+01 Hf175 (n,a    ) Yb172  5.864E-04+-6.0E+01
  Hf175 (n,2p   ) Yb174  3.602E-12+-2.0E+02 Hf175 (n,pa   ) Tm171  1.206E-10+-2.0E+02 Hf176 (n,2n   ) Hf175  3.461E-01+-1.0E+01 Hf176 (n,na   ) Yb172  2.975E-05+-1.0E+02
  Hf176 (n,2na  ) Yb171  1.664E-08+-2.0E+02 Hf176 (n,np   ) Lu175  4.118E-05+-1.0E+02 Hf176 (n,g    ) Hf177  1.192E+01+-7.8E+01 Hf176 (n,g    ) Hf177m 7.654E-03+-7.8E+01
  Hf176 (n,g    ) Hf177n 1.688E-05+-7.8E+01 Hf176 (n,p    ) Lu176  5.531E-04+-7.8E+01 Hf176 (n,p    ) Lu176m 2.579E-04+-7.8E+01 Hf176 (n,d    ) Lu175  7.170E-05+-1.0E+02
  Hf176 (n,t    ) Lu174  1.299E-06+-8.5E+01 Hf176 (n,t    ) Lu174m 5.782E-07+-8.5E+01 Hf176 (n,h    ) Yb174  1.388E-12+-9.0E+01 Hf176 (n,a    ) Yb173  2.766E-04+-5.5E+01
  Hf177 (n,n    ) Hf177m 1.933E-01+-1.0E+02 Hf177 (n,n    ) Hf177n 6.564E-03+-1.0E+02 Hf177 (n,2n   ) Hf176  3.833E-01+-4.0E+01 Hf177 (n,3n   ) Hf175  3.244E-05+-8.0E+01
  Hf177 (n,na   ) Yb173  2.865E-05+-1.0E+02 Hf177 (n,2na  ) Yb172  1.892E-07+-2.0E+02 Hf177 (n,np   ) Lu176  1.750E-05+-1.2E+02 Hf177 (n,np   ) Lu176m 1.215E-05+-1.2E+02
  Hf177 (n,nd   ) Lu175  1.563E-12+-6.0E+01 Hf177 (n,g    ) Hf178  1.104E+02+-4.2E+01 Hf177 (n,g    ) Hf178m 2.995E-02+-4.1E+01 Hf177 (n,g    ) Hf178n 5.549E-07+-4.2E+01
  Hf177 (n,p    ) Lu177  6.654E-04+-7.8E+01 Hf177 (n,p    ) Lu177m 4.017E-06+-7.8E+01 Hf177 (n,p    ) Lu177n 6.982E-09+-7.8E+01 Hf177 (n,d    ) Lu176  3.336E-05+-1.2E+02
  Hf177 (n,d    ) Lu176m 3.229E-05+-1.2E+02 Hf177 (n,t    ) Lu175  1.632E-05+-6.0E+01 Hf177 (n,a    ) Yb174  2.123E-04+-5.8E+01 Hf178 (n,n    ) Hf178m 8.384E-03+-5.0E+01
  Hf178 (n,n    ) Hf178n 8.384E-03+-1.0E+02 Hf178 (n,2n   ) Hf177  3.593E-01+-7.2E+01 Hf178 (n,2n   ) Hf177m 1.792E-02+-7.2E+01 Hf178 (n,2n   ) Hf177n 4.377E-05+-7.2E+01
  Hf178 (n,3n   ) Hf176  1.115E-03+-8.0E+01 Hf178 (n,na   ) Yb174  1.411E-05+-1.0E+02 Hf178 (n,2na  ) Yb173  1.878E-08+-2.0E+02 Hf178 (n,np   ) Lu177  1.162E-05+-1.2E+02
  Hf178 (n,np   ) Lu177m 5.861E-07+-1.2E+02 Hf178 (n,np   ) Lu177n 5.970E-10+-1.2E+02 Hf178 (n,g    ) Hf179  1.351E+01+-4.4E+01 Hf178 (n,g    ) Hf179m 2.237E+01+-4.4E+01
  Hf178 (n,g    ) Hf179n 4.220E-02+-4.4E+01 Hf178 (n,p    ) Lu178  3.171E-04+-3.0E+01 Hf178 (n,p    ) Lu178m 7.823E-05+-3.0E+01 Hf178 (n,d    ) Lu177  3.174E-05+-1.2E+02
  Hf178 (n,d    ) Lu177m 1.916E-07+-1.2E+02 Hf178 (n,d    ) Lu177n 1.721E-10+-1.2E+02 Hf178 (n,t    ) Lu176  7.539E-07+-8.5E+01 Hf178 (n,t    ) Lu176m 1.007E-06+-8.5E+01
  Hf178 (n,a    ) Yb175  4.028E-04+-3.0E+01 Hf178n(n,n    ) Hf178  5.700E-02+-1.0E+02 Hf178n(n,n    ) Hf178m 1.267E-01+-1.0E+02 Hf178n(n,2n   ) Hf177  2.929E-01+-7.2E+01
  Hf178n(n,2n   ) Hf177m 1.710E-02+-7.2E+01 Hf178n(n,2n   ) Hf177n 4.252E-05+-7.2E+01 Hf178n(n,3n   ) Hf176  3.649E-03+-8.0E+01 Hf178n(n,na   ) Yb174  7.513E-05+-1.0E+02
  Hf178n(n,2na  ) Yb173  1.309E-07+-2.0E+02 Hf178n(n,np   ) Lu177  2.171E-05+-1.2E+02 Hf178n(n,np   ) Lu177m 2.841E-07+-1.2E+02 Hf178n(n,np   ) Lu177n 1.112E-09+-1.2E+02
  Hf178n(n,nd   ) Lu176  4.663E-10+-8.5E+01 Hf178n(n,nd   ) Lu176m 1.324E-11+-8.5E+01 Hf178n(n,nt   ) Lu175  2.005E-11+-2.0E+02 Hf178n(n,g    ) Hf179  1.796E+01+-7.8E+01
  Hf178n(n,g    ) Hf179m 1.795E+01+-7.8E+01 Hf178n(n,g    ) Hf179n 4.314E-03+-7.8E+01 Hf178n(n,p    ) Lu178  5.017E-04+-7.8E+01 Hf178n(n,p    ) Lu178m 2.689E-05+-7.8E+01
  Hf178n(n,d    ) Lu177  3.510E-04+-1.2E+02 Hf178n(n,d    ) Lu177m 4.149E-07+-1.2E+02 Hf178n(n,d    ) Lu177n 1.902E-09+-1.2E+02 Hf178n(n,t    ) Lu176  1.940E-04+-8.5E+01
  Hf178n(n,t    ) Lu176m 1.139E-05+-8.5E+01 Hf178n(n,a    ) Yb175  1.912E-04+-6.0E+01 Hf179 (n,n    ) Hf179m 1.522E-01+-2.0E+01 Hf179 (n,n    ) Hf179n 8.243E-02+-1.0E+02
  Hf179 (n,2n   ) Hf178  1.907E-01+-2.0E+01 Hf179 (n,2n   ) Hf178m 1.557E-01+-2.0E+01 Hf179 (n,2n   ) Hf178n 8.087E-04+-1.0E+01 Hf179 (n,3n   ) Hf177  3.753E-03+-1.0E+02
  Hf179 (n,na   ) Yb175  1.073E-05+-1.0E+02 Hf179 (n,2na  ) Yb174  1.302E-07+-2.0E+02 Hf179 (n,np   ) Lu178  5.058E-06+-1.2E+02 Hf179 (n,np   ) Lu178m 6.244E-06+-1.2E+02
  Hf179 (n,nd   ) Lu177n 4.184E-12+-0.0E+00 Hf179 (n,2np  ) Lu177n 8.946E-12+-0.0E+00 Hf179 (n,g    ) Hf180  1.248E+01+-1.5E+01 Hf179 (n,g    ) Hf180m 1.170E-01+-2.3E+01
  Hf179 (n,p    ) Lu179  8.912E-04+-3.0E+01 Hf179 (n,d    ) Lu178  1.415E-05+-1.2E+02 Hf179 (n,d    ) Lu178m 1.501E-05+-1.2E+02 Hf179 (n,t    ) Lu177  9.085E-06+-8.5E+01
  Hf179 (n,t    ) Lu177m 5.484E-08+-8.5E+01 Hf179 (n,t    ) Lu177n 4.924E-11+-8.5E+01 Hf179 (n,a    ) Yb176  1.400E-04+-8.5E+01 Hf179 (n,a    ) Yb176m 1.645E-05+-8.5E+01
  Hf179n(n,n    ) Hf179  1.786E-01+-1.0E+02 Hf179n(n,n    ) Hf179m 1.079E-03+-1.0E+02 Hf179n(n,2n   ) Hf178  2.325E-01+-7.2E+01 Hf179n(n,2n   ) Hf178m 1.039E-01+-7.2E+01
  Hf179n(n,2n   ) Hf178n 2.574E-04+-7.2E+01 Hf179n(n,3n   ) Hf177  5.582E-03+-1.0E+02 Hf179n(n,3n   ) Hf177m 1.923E-04+-1.0E+02 Hf179n(n,na   ) Yb175  2.762E-05+-1.0E+02
  Hf179n(n,np   ) Lu178  6.531E-06+-1.2E+02 Hf179n(n,np   ) Lu178m 8.997E-06+-1.2E+02 Hf179n(n,nd   ) Lu177  9.477E-11+-8.5E+01 Hf179n(n,g    ) Hf180  1.239E+01+-7.8E+01
  Hf179n(n,g    ) Hf180m 2.019E-01+-7.8E+01 Hf179n(n,p    ) Lu179  4.095E-04+-5.0E+01 Hf179n(n,d    ) Lu178  6.204E-05+-1.2E+02 Hf179n(n,d    ) Lu178m 5.792E-05+-1.2E+02
  Hf179n(n,t    ) Lu177  1.011E-04+-8.5E+01 Hf179n(n,t    ) Lu177m 6.506E-08+-8.5E+01 Hf179n(n,t    ) Lu177n 5.477E-10+-8.5E+01 Hf179n(n,a    ) Yb176  1.288E-04+-8.5E+01
  Hf179n(n,a    ) Yb176m 1.603E-05+-8.5E+01 Hf180 (n,n    ) Hf180m 6.077E-03+-8.4E+01 Hf180 (n,2n   ) Hf179  2.625E-01+-4.0E+01 Hf180 (n,2n   ) Hf179m 1.269E-01+-2.0E+01
  Hf180 (n,2n   ) Hf179n 4.242E-03+-2.0E+01 Hf180 (n,3n   ) Hf178  5.080E-03+-1.0E+02 Hf180 (n,3n   ) Hf178m 1.751E-05+-1.0E+02 Hf180 (n,na   ) Yb176  3.055E-06+-1.2E+02
  Hf180 (n,na   ) Yb176m 2.339E-07+-1.2E+02 Hf180 (n,2na  ) Yb175  3.049E-09+-2.0E+02 Hf180 (n,np   ) Lu179  3.141E-06+-1.0E+02 Hf180 (n,g    ) Hf181  1.637E+00+-7.0E+00
  Hf180 (n,p    ) Lu180  8.757E-05+-6.7E+01 Hf180 (n,p    ) Lu180m 1.778E-04+-6.7E+01 Hf180 (n,d    ) Lu179  1.213E-05+-1.0E+02 Hf180 (n,t    ) Lu178  3.673E-07+-8.5E+01
  Hf180 (n,t    ) Lu178m 2.702E-07+-8.5E+01 Hf180 (n,a    ) Yb177  9.229E-05+-8.5E+01 Hf180 (n,a    ) Yb177m 2.879E-05+-8.5E+01 Hf180m(n,n    ) Hf180  7.042E+00+-1.0E+02
  Hf180m(n,2n   ) Hf179  2.849E-01+-7.2E+01 Hf180m(n,2n   ) Hf179m 1.404E-03+-7.2E+01 Hf180m(n,2n   ) Hf179n 6.671E-03+-7.2E+01 Hf180m(n,3n   ) Hf178  2.130E-02+-1.0E+02
  Hf180m(n,3n   ) Hf178m 1.324E-03+-1.0E+02 Hf180m(n,3n   ) Hf178n 5.207E-08+-1.0E+02 Hf180m(n,na   ) Yb176  8.576E-06+-1.2E+02 Hf180m(n,na   ) Yb176m 1.583E-06+-1.2E+02
  Hf180m(n,2na  ) Yb175  5.052E-08+-2.0E+02 Hf180m(n,np   ) Lu179  1.674E-05+-1.0E+02 Hf180m(n,nt   ) Lu177n 1.408E-12+-0.0E+00 Hf180m(n,g    ) Hf181  1.662E+00+-4.3E+02
  Hf180m(n,p    ) Lu180  2.249E-04+-7.8E+01 Hf180m(n,p    ) Lu180m 4.567E-04+-7.8E+01 Hf180m(n,d    ) Lu179  4.191E-05+-1.0E+02 Hf180m(n,t    ) Lu178  1.660E-06+-8.5E+01
  Hf180m(n,t    ) Lu178m 4.151E-06+-8.5E+01 Hf180m(n,a    ) Yb177  9.601E-05+-8.5E+01 Hf180m(n,a    ) Yb177m 2.980E-05+-8.5E+01 Hf181 (n,2n   ) Hf180  3.430E-01+-7.2E+01
  Hf181 (n,2n   ) Hf180m 3.742E-02+-7.2E+01 Hf181 (n,3n   ) Hf179  1.907E-02+-1.0E+02 Hf181 (n,3n   ) Hf179m 3.637E-04+-1.0E+02 Hf181 (n,3n   ) Hf179n 2.659E-04+-1.0E+02
  Hf181 (n,na   ) Yb177  3.803E-06+-1.2E+02 Hf181 (n,na   ) Yb177m 1.840E-07+-1.2E+02 Hf181 (n,2na  ) Yb176  6.448E-09+-2.1E+02 Hf181 (n,2na  ) Yb176m 1.330E-10+-2.1E+02
  Hf181 (n,np   ) Lu180  7.662E-07+-1.2E+02 Hf181 (n,np   ) Lu180m 2.299E-06+-1.2E+02 Hf181 (n,g    ) Hf182  1.903E+01+-7.8E+01 Hf181 (n,g    ) Hf182m 3.095E-01+-7.8E+01
  Hf181 (n,p    ) Lu181  2.599E-04+-5.0E+01 Hf181 (n,d    ) Lu180  3.907E-06+-1.2E+02 Hf181 (n,d    ) Lu180m 7.933E-06+-1.2E+02 Hf181 (n,t    ) Lu179  5.769E-06+-6.0E+01
  Hf181 (n,a    ) Yb178  1.087E-04+-6.0E+01 Hf182 (n,n    ) Hf182m 3.922E-03+-1.0E+02 Hf182 (n,2n   ) Hf181  3.418E-01+-4.0E+01 Hf182 (n,3n   ) Hf180  6.053E-02+-1.0E+02
  Hf182 (n,3n   ) Hf180m 1.760E-03+-1.0E+02 Hf182 (n,na   ) Yb178  1.839E-06+-1.0E+02 Hf182 (n,2na  ) Yb177  3.932E-10+-2.1E+02 Hf182 (n,2na  ) Yb177m 1.184E-11+-2.1E+02
  Hf182 (n,np   ) Lu181  8.200E-07+-1.0E+02 Hf182 (n,g    ) Hf183  1.071E+00+-7.5E+02 Hf182 (n,p    ) Lu182  1.929E-04+-5.0E+01 Hf182 (n,d    ) Lu181  3.518E-06+-1.0E+02
  Hf182 (n,t    ) Lu180  2.490E-07+-8.5E+01 Hf182 (n,t    ) Lu180m 5.055E-07+-8.5E+01 Hf182 (n,a    ) Yb179  8.439E-05+-6.0E+01 Ta175 (n,2n   ) Ta174  2.913E-01+-4.0E+01
  Ta175 (n,na   ) Lu171  9.395E-05+-1.2E+02 Ta175 (n,na   ) Lu171m 5.297E-05+-1.2E+02 Ta175 (n,2na  ) Lu170  1.114E-08+-2.1E+02 Ta175 (n,2na  ) Lu170m 3.324E-09+-2.1E+02
  Ta175 (n,np   ) Hf174  5.518E-04+-1.0E+02 Ta175 (n,n2a  ) Tm167  2.846E-12+-2.0E+02 Ta175 (n,nd   ) Hf173  1.451E-11+-6.0E+01 Ta175 (n,npa  ) Yb170  2.470E-12+-2.0E+02
  Ta175 (n,g    ) Ta176  7.226E+01+-1.1E+02 Ta175 (n,p    ) Hf175  2.000E-03+-5.0E+01 Ta175 (n,d    ) Hf174  6.579E-04+-1.0E+02 Ta175 (n,t    ) Hf173  3.093E-05+-6.0E+01
  Ta175 (n,h    ) Lu173  2.087E-10+-9.0E+01 Ta175 (n,a    ) Lu172  6.218E-04+-8.5E+01 Ta175 (n,a    ) Lu172m 3.754E-04+-8.5E+01 Ta175 (n,2a   ) Tm168  4.399E-10+-2.0E+02
  Ta175 (n,2p   ) Lu174  1.341E-10+-2.1E+02 Ta175 (n,2p   ) Lu174m 4.491E-11+-2.1E+02 Ta175 (n,pa   ) Yb171  6.990E-09+-2.0E+02 Ta175 (n,da   ) Yb170  1.367E-12+-2.0E+02
  Ta176 (n,2n   ) Ta175  3.519E-01+-4.0E+01 Ta176 (n,na   ) Lu172  6.652E-05+-1.2E+02 Ta176 (n,na   ) Lu172m 4.450E-05+-1.2E+02 Ta176 (n,2na  ) Lu171  3.585E-07+-2.1E+02
  Ta176 (n,2na  ) Lu171m 3.754E-07+-2.1E+02 Ta176 (n,np   ) Hf175  5.053E-04+-1.0E+02 Ta176 (n,nd   ) Hf174  7.343E-09+-6.0E+01 Ta176 (n,2np  ) Hf174  1.071E-08+-2.0E+02
  Ta176 (n,g    ) Ta177  6.873E+01+-1.2E+02 Ta176 (n,p    ) Hf176  2.251E-03+-5.0E+01 Ta176 (n,d    ) Hf175  5.285E-04+-1.0E+02 Ta176 (n,t    ) Hf174  1.776E-04+-6.0E+01
  Ta176 (n,h    ) Lu174  8.412E-11+-1.1E+02 Ta176 (n,h    ) Lu174m 3.210E-11+-1.1E+02 Ta176 (n,a    ) Lu173  1.710E-03+-6.0E+01 Ta176 (n,2a   ) Tm169  7.309E-10+-2.0E+02
  Ta176 (n,2p   ) Lu175  8.715E-11+-2.0E+02 Ta176 (n,pa   ) Yb172  6.162E-09+-2.0E+02 Ta177 (n,2n   ) Ta176  3.431E-01+-4.0E+01 Ta177 (n,na   ) Lu173  7.884E-05+-1.0E+02
  Ta177 (n,2na  ) Lu172  1.463E-08+-2.1E+02 Ta177 (n,2na  ) Lu172m 1.258E-08+-2.1E+02 Ta177 (n,np   ) Hf176  2.701E-04+-1.0E+02 Ta177 (n,nd   ) Hf175  1.777E-11+-6.0E+01
  Ta177 (n,g    ) Ta178  2.082E+01+-7.8E+01 Ta177 (n,g    ) Ta178m 8.683E-01+-7.8E+01 Ta177 (n,p    ) Hf177  1.240E-03+-7.8E+01 Ta177 (n,p    ) Hf177m 7.487E-06+-7.8E+01
  Ta177 (n,p    ) Hf177n 1.639E-08+-7.8E+01 Ta177 (n,d    ) Hf176  4.565E-04+-1.0E+02 Ta177 (n,t    ) Hf175  2.914E-05+-6.0E+01 Ta177 (n,h    ) Lu175  1.869E-11+-9.0E+01
  Ta177 (n,a    ) Lu174  2.767E-04+-8.5E+01 Ta177 (n,a    ) Lu174m 1.342E-04+-8.5E+01 Ta177 (n,2a   ) Tm170  4.220E-11+-2.0E+02 Ta177 (n,pa   ) Yb173  6.783E-10+-2.0E+02
  Ta179 (n,2n   ) Ta178  2.265E-01+-7.2E+01 Ta179 (n,2n   ) Ta178m 1.448E-01+-7.2E+01 Ta179 (n,3n   ) Ta177  2.108E-07+-8.0E+01 Ta179 (n,na   ) Lu175  2.880E-05+-1.0E+02
  Ta179 (n,2na  ) Lu174  8.615E-09+-2.1E+02 Ta179 (n,2na  ) Lu174m 2.769E-09+-2.1E+02 Ta179 (n,np   ) Hf178  6.927E-05+-1.2E+02 Ta179 (n,np   ) Hf178m 1.659E-06+-1.2E+02
  Ta179 (n,np   ) Hf178n 6.934E-08+-1.2E+02 Ta179 (n,nd   ) Hf177  4.346E-12+-8.5E+01 Ta179 (n,2np  ) Hf177n 5.513E-12+-0.0E+00 Ta179 (n,g    ) Ta180  7.287E+01+-7.8E+01
  Ta179 (n,g    ) Ta180m 4.547E-01+-7.8E+01 Ta179 (n,p    ) Hf179  5.881E-04+-7.8E+01 Ta179 (n,p    ) Hf179m 1.900E-04+-7.8E+01 Ta179 (n,p    ) Hf179n 1.533E-06+-7.8E+01
  Ta179 (n,d    ) Hf178  2.102E-04+-1.2E+02 Ta179 (n,d    ) Hf178m 1.123E-06+-1.2E+02 Ta179 (n,d    ) Hf178n 2.523E-08+-1.2E+02 Ta179 (n,t    ) Hf177  2.027E-05+-8.5E+01
  Ta179 (n,t    ) Hf177m 1.223E-07+-8.5E+01 Ta179 (n,t    ) Hf177n 2.675E-10+-8.5E+01 Ta179 (n,a    ) Lu176  1.590E-04+-8.5E+01 Ta179 (n,a    ) Lu176m 7.501E-05+-8.5E+01
  Ta180 (n,n    ) Ta180m 2.767E-02+-1.0E+02 Ta180 (n,2n   ) Ta179  3.825E-01+-4.0E+01 Ta180 (n,3n   ) Ta178  5.169E-05+-1.0E+02 Ta180 (n,3n   ) Ta178m 3.132E-04+-1.0E+02
  Ta180 (n,na   ) Lu176  8.047E-06+-1.2E+02 Ta180 (n,na   ) Lu176m 8.197E-06+-1.2E+02 Ta180 (n,2na  ) Lu175  1.754E-07+-2.0E+02 Ta180 (n,np   ) Hf179  5.990E-05+-1.2E+02
  Ta180 (n,np   ) Hf179m 1.043E-06+-1.2E+02 Ta180 (n,np   ) Hf179n 1.410E-06+-1.2E+02 Ta180 (n,nd   ) Hf178  2.460E-10+-8.5E+01 Ta180 (n,2np  ) Hf178  5.721E-12+-2.1E+02
  Ta180 (n,g    ) Ta181  6.315E+01+-8.6E+00 Ta180 (n,p    ) Hf180  5.883E-04+-7.8E+01 Ta180 (n,p    ) Hf180m 6.613E-05+-7.8E+01 Ta180 (n,d    ) Hf179  1.085E-04+-1.2E+02
  Ta180 (n,d    ) Hf179m 2.952E-06+-1.2E+02 Ta180 (n,d    ) Hf179n 2.829E-07+-1.2E+02 Ta180 (n,t    ) Hf178  5.574E-05+-8.5E+01 Ta180 (n,t    ) Hf178m 2.865E-07+-8.5E+01
  Ta180 (n,t    ) Hf178n 6.690E-09+-8.5E+01 Ta180 (n,a    ) Lu177  2.149E-04+-8.5E+01 Ta180 (n,a    ) Lu177m 1.371E-06+-8.5E+01 Ta180 (n,a    ) Lu177n 2.495E-09+-8.5E+01
  Ta180m(n,n    ) Ta180  7.612E-02+-1.0E+02 Ta180m(n,2n   ) Ta179  3.794E-01+-4.0E+01 Ta180m(n,3n   ) Ta178  5.451E-05+-1.0E+02 Ta180m(n,3n   ) Ta178m 3.455E-04+-1.0E+02
  Ta180m(n,na   ) Lu176  1.103E-05+-1.2E+02 Ta180m(n,na   ) Lu176m 4.770E-06+-1.2E+02 Ta180m(n,2na  ) Lu175  1.941E-07+-2.0E+02 Ta180m(n,np   ) Hf179  5.055E-05+-1.2E+02
  Ta180m(n,np   ) Hf179m 5.984E-07+-1.2E+02 Ta180m(n,np   ) Hf179n 1.190E-06+-1.2E+02 Ta180m(n,nd   ) Hf178  9.925E-11+-8.5E+01 Ta180m(n,2np  ) Hf178  1.936E-12+-2.1E+02
  Ta180m(n,g    ) Ta181  5.924E+01+-3.5E+01 Ta180m(n,p    ) Hf180  5.699E-04+-7.8E+01 Ta180m(n,p    ) Hf180m 6.822E-05+-7.8E+01 Ta180m(n,d    ) Hf179  9.746E-05+-1.2E+02
  Ta180m(n,d    ) Hf179m 1.804E-06+-1.2E+02 Ta180m(n,d    ) Hf179n 2.541E-07+-1.2E+02 Ta180m(n,t    ) Hf178  3.308E-05+-8.5E+01 Ta180m(n,t    ) Hf178m 6.090E-07+-8.5E+01
  Ta180m(n,t    ) Hf178n 3.970E-09+-8.5E+01 Ta180m(n,a    ) Lu177  2.082E-04+-8.5E+01 Ta180m(n,a    ) Lu177m 1.256E-06+-8.5E+01 Ta180m(n,a    ) Lu177n 2.515E-09+-8.5E+01
  Ta181 (n,2n   ) Ta180  2.147E-01+-2.0E+01 Ta181 (n,2n   ) Ta180m 2.172E-01+-3.0E+01 Ta181 (n,3n   ) Ta179  3.878E-04+-1.0E+01 Ta181 (n,na   ) Lu177  5.108E-06+-1.2E+02
  Ta181 (n,na   ) Lu177m 1.775E-07+-1.2E+02 Ta181 (n,na   ) Lu177n 2.615E-10+-1.2E+02 Ta181 (n,2na  ) Lu176  8.303E-10+-2.1E+02 Ta181 (n,2na  ) Lu176m 7.986E-10+-2.1E+02
  Ta181 (n,np   ) Hf180  2.746E-05+-1.2E+02 Ta181 (n,np   ) Hf180m 1.498E-05+-1.2E+02 Ta181 (n,g    ) Ta182  1.378E+01+-1.2E+01 Ta181 (n,g    ) Ta182m 2.102E-03+-4.6E+01
  Ta181 (n,g    ) Ta182n 8.307E-03+-4.5E+01 Ta181 (n,p    ) Hf181  4.910E-04+-1.5E+01 Ta181 (n,d    ) Hf180  1.147E-04+-1.2E+02 Ta181 (n,d    ) Hf180m 8.148E-05+-1.2E+02
  Ta181 (n,t    ) Hf179  6.789E-06+-6.3E+01 Ta181 (n,t    ) Hf179m 1.780E-07+-6.3E+01 Ta181 (n,t    ) Hf179n 1.857E-07+-6.3E+01 Ta181 (n,a    ) Lu178  5.821E-05+-3.0E+01
  Ta181 (n,a    ) Lu178m 2.938E-05+-3.0E+01 Ta182 (n,n    ) Ta182m 2.812E-01+-1.0E+02 Ta182 (n,n    ) Ta182n 2.812E-01+-1.0E+02 Ta182 (n,2n   ) Ta181  3.625E-01+-4.0E+01
  Ta182 (n,3n   ) Ta180  2.597E-03+-1.0E+02 Ta182 (n,3n   ) Ta180m 1.618E-03+-1.0E+02 Ta182 (n,na   ) Lu178  3.272E-06+-1.2E+02 Ta182 (n,na   ) Lu178m 2.052E-06+-1.2E+02
  Ta182 (n,2na  ) Lu177  9.996E-09+-2.1E+02 Ta182 (n,2na  ) Lu177m 5.040E-10+-2.1E+02 Ta182 (n,np   ) Hf181  3.322E-05+-1.0E+02 Ta182 (n,nd   ) Hf180  1.128E-10+-8.5E+01
  Ta182 (n,nd   ) Hf180m 4.386E-11+-8.5E+01 Ta182 (n,g    ) Ta183  4.038E+02+-1.2E+01 Ta182 (n,p    ) Hf182  3.674E-04+-7.8E+01 Ta182 (n,p    ) Hf182m 4.324E-05+-7.8E+01
  Ta182 (n,d    ) Hf181  9.054E-05+-1.0E+02 Ta182 (n,t    ) Hf180  5.135E-05+-8.5E+01 Ta182 (n,t    ) Hf180m 6.347E-06+-8.5E+01 Ta182 (n,a    ) Lu179  1.531E-04+-2.8E+01
  Ta183 (n,2n   ) Ta182  1.450E-01+-7.2E+01 Ta183 (n,2n   ) Ta182m 2.296E-01+-7.2E+01 Ta183 (n,2n   ) Ta182n 1.880E-02+-7.2E+01 Ta183 (n,3n   ) Ta181  2.569E-02+-8.0E+01
  Ta183 (n,na   ) Lu179  3.232E-06+-1.0E+02 Ta183 (n,2na  ) Lu178  2.386E-10+-2.1E+02 Ta183 (n,2na  ) Lu178m 2.069E-10+-2.1E+02 Ta183 (n,np   ) Hf182  1.099E-05+-1.2E+02
  Ta183 (n,np   ) Hf182m 4.273E-06+-1.2E+02 Ta183 (n,g    ) Ta184  1.125E+01+-1.5E+02 Ta183 (n,p    ) Hf183  3.030E-04+-5.0E+01 Ta183 (n,d    ) Hf182  6.188E-05+-1.2E+02
  Ta183 (n,d    ) Hf182m 7.648E-06+-1.2E+02 Ta183 (n,t    ) Hf181  1.025E-05+-6.0E+01 Ta183 (n,a    ) Lu180  2.653E-05+-8.5E+01 Ta183 (n,a    ) Lu180m 5.386E-05+-8.5E+01
  Ta184 (n,2n   ) Ta183  3.604E-01+-4.0E+01 Ta184 (n,3n   ) Ta182  6.328E-03+-1.0E+02 Ta184 (n,3n   ) Ta182m 1.600E-02+-1.0E+02 Ta184 (n,3n   ) Ta182n 8.244E-04+-1.0E+02
  Ta184 (n,na   ) Lu180  7.729E-07+-1.2E+02 Ta184 (n,na   ) Lu180m 2.319E-06+-1.2E+02 Ta184 (n,2na  ) Lu179  3.187E-09+-2.0E+02 Ta184 (n,np   ) Hf183  7.896E-06+-1.0E+02
  Ta184 (n,nd   ) Hf182  5.011E-11+-8.5E+01 Ta184 (n,nd   ) Hf182m 1.949E-11+-8.5E+01 Ta184 (n,nt   ) Hf181  2.035E-12+-2.0E+02 Ta184 (n,g    ) Ta185  3.119E+01+-1.1E+02
  Ta184 (n,p    ) Hf184  2.304E-04+-7.8E+01 Ta184 (n,p    ) Hf184m 2.847E-05+-7.8E+01 Ta184 (n,d    ) Hf183  5.031E-05+-1.0E+02 Ta184 (n,t    ) Hf182  4.053E-05+-8.5E+01
  Ta184 (n,t    ) Hf182m 5.009E-06+-8.5E+01 Ta184 (n,a    ) Lu181  9.515E-05+-6.0E+01 W 178 (n,2n   ) W 177  3.061E-01+-4.0E+01 W 178 (n,na   ) Hf174  9.270E-05+-1.0E+02
  W 178 (n,2na  ) Hf173  2.516E-08+-2.0E+02 W 178 (n,np   ) Ta177  1.681E-04+-1.0E+02 W 178 (n,n2a  ) Yb170  3.623E-12+-2.0E+02 W 178 (n,g    ) W 179  2.526E+00+-7.8E+01
  W 178 (n,g    ) W 179m 2.524E+00+-7.8E+01 W 178 (n,p    ) Ta178  1.318E-03+-7.8E+01 W 178 (n,p    ) Ta178m 3.717E-04+-7.8E+01 W 178 (n,d    ) Ta177  1.243E-04+-1.0E+02
  W 178 (n,t    ) Ta176  1.237E-06+-6.0E+01 W 178 (n,h    ) Hf176  8.980E-11+-9.0E+01 W 178 (n,a    ) Hf175  5.318E-04+-6.0E+01 W 178 (n,2a   ) Yb171  4.515E-10+-2.0E+02
  W 178 (n,2p   ) Hf177  5.151E-11+-2.1E+02 W 178 (n,2p   ) Hf177m 2.597E-12+-2.1E+02 W 178 (n,pa   ) Lu174  3.904E-10+-2.1E+02 W 178 (n,pa   ) Lu174m 1.313E-10+-2.1E+02
  W 180 (n,2n   ) W 179  2.389E-01+-2.0E+01 W 180 (n,2n   ) W 179m 8.921E-02+-2.0E+01 W 180 (n,na   ) Hf176  2.832E-05+-1.0E+02 W 180 (n,2na  ) Hf175  1.084E-08+-2.0E+02
  W 180 (n,np   ) Ta179  4.224E-05+-1.0E+02 W 180 (n,g    ) W 181  7.625E+00+-2.1E+01 W 180 (n,p    ) Ta180  1.020E-03+-3.0E+01 W 180 (n,p    ) Ta180m 2.909E-04+-3.0E+01
  W 180 (n,d    ) Ta179  6.553E-05+-1.0E+02 W 180 (n,t    ) Ta178  7.408E-07+-8.5E+01 W 180 (n,t    ) Ta178m 2.090E-07+-8.5E+01 W 180 (n,h    ) Hf178  2.184E-12+-1.1E+02
  W 180 (n,a    ) Hf177  3.017E-04+-8.5E+01 W 180 (n,a    ) Hf177m 1.776E-06+-8.5E+01 W 180 (n,a    ) Hf177n 3.885E-09+-8.5E+01 W 180 (n,pa   ) Lu176  4.767E-12+-2.1E+02
  W 180 (n,pa   ) Lu176m 6.532E-12+-2.1E+02 W 181 (n,2n   ) W 180  3.800E-01+-4.0E+01 W 181 (n,na   ) Hf177  2.054E-05+-1.2E+02 W 181 (n,na   ) Hf177m 1.035E-06+-1.2E+02
  W 181 (n,na   ) Hf177n 2.588E-09+-1.2E+02 W 181 (n,2na  ) Hf176  1.341E-07+-2.0E+02 W 181 (n,np   ) Ta180  2.398E-05+-1.2E+02 W 181 (n,np   ) Ta180m 1.393E-05+-1.2E+02
  W 181 (n,g    ) W 182  1.299E+01+-2.0E+02 W 181 (n,p    ) Ta181  8.742E-04+-5.0E+01 W 181 (n,d    ) Ta180  3.652E-05+-1.2E+02 W 181 (n,d    ) Ta180m 1.950E-05+-1.2E+02
  W 181 (n,t    ) Ta179  9.767E-06+-6.0E+01 W 181 (n,a    ) Hf178  2.563E-04+-8.5E+01 W 181 (n,a    ) Hf178m 2.800E-05+-8.5E+01 W 181 (n,a    ) Hf178n 3.076E-08+-8.5E+01
  W 181 (n,pa   ) Lu177  1.349E-11+-2.1E+02 W 182 (n,2n   ) W 181  3.509E-01+-1.0E+01 W 182 (n,3n   ) W 180  2.916E-07+-8.0E+01 W 182 (n,na   ) Hf178  4.484E-06+-9.0E+01
  W 182 (n,na   ) Hf178m 1.331E-07+-3.0E+01 W 182 (n,na   ) Hf178n 1.554E-06+-3.0E+01 W 182 (n,2na  ) Hf177  1.647E-09+-2.1E+02 W 182 (n,2na  ) Hf177m 8.302E-11+-2.1E+02
  W 182 (n,np   ) Ta181  1.406E-05+-1.0E+02 W 182 (n,g    ) W 183  9.790E+00+-7.8E+01 W 182 (n,g    ) W 183m 1.464E+00+-7.8E+01 W 182 (n,p    ) Ta182  5.435E-04+-3.0E+01
  W 182 (n,p    ) Ta182m 1.579E-05+-3.0E+01 W 182 (n,p    ) Ta182n 1.702E-05+-2.0E+01 W 182 (n,d    ) Ta181  3.298E-05+-1.0E+02 W 182 (n,t    ) Ta180  4.946E-07+-8.5E+01
  W 182 (n,t    ) Ta180m 1.272E-07+-8.5E+01 W 182 (n,a    ) Hf179  1.561E-04+-3.0E+01 W 182 (n,a    ) Hf179m 1.674E-05+-3.0E+01 W 182 (n,a    ) Hf179n 6.267E-07+-3.0E+01
  W 183 (n,n    ) W 183m 4.521E-02+-4.5E+01 W 183 (n,2n   ) W 182  3.661E-01+-1.0E+01 W 183 (n,3n   ) W 181  4.003E-04+-8.0E+01 W 183 (n,na   ) Hf179  5.094E-06+-1.2E+02
  W 183 (n,na   ) Hf179m 1.199E-07+-1.2E+02 W 183 (n,na   ) Hf179n 1.199E-07+-1.2E+02 W 183 (n,2na  ) Hf178  1.634E-08+-2.1E+02 W 183 (n,2na  ) Hf178m 8.894E-11+-2.1E+02
  W 183 (n,2na  ) Hf178n 1.636E-11+-2.1E+02 W 183 (n,np   ) Ta182  1.873E-06+-1.2E+02 W 183 (n,np   ) Ta182m 3.444E-06+-1.2E+02 W 183 (n,np   ) Ta182n 2.434E-07+-1.2E+02
  W 183 (n,g    ) W 184  8.085E+00+-1.4E+01 W 183 (n,p    ) Ta183  7.913E-04+-2.0E+01 W 183 (n,d    ) Ta182  7.161E-06+-1.2E+02 W 183 (n,d    ) Ta182m 7.980E-06+-1.2E+02
  W 183 (n,d    ) Ta182n 1.611E-07+-1.2E+02 W 183 (n,t    ) Ta181  9.191E-06+-6.0E+01 W 183 (n,a    ) Hf180  1.746E-04+-5.7E+01 W 183 (n,a    ) Hf180m 8.459E-06+-3.0E+01
  W 184 (n,2n   ) W 183  2.357E-01+-2.0E+01 W 184 (n,2n   ) W 183m 1.076E-01+-2.0E+01 W 184 (n,3n   ) W 182  1.987E-03+-3.0E+01 W 184 (n,na   ) Hf180  3.349E-06+-1.2E+02
  W 184 (n,na   ) Hf180m 2.159E-07+-1.2E+02 W 184 (n,2na  ) Hf179  3.676E-10+-2.1E+02 W 184 (n,2na  ) Hf179m 6.139E-12+-2.1E+02 W 184 (n,2na  ) Hf179n 8.654E-12+-2.1E+02
  W 184 (n,np   ) Ta183  3.131E-06+-1.0E+02 W 184 (n,g    ) W 185  6.083E-01+-4.1E+01 W 184 (n,g    ) W 185m 1.202E-03+-3.2E+01 W 184 (n,p    ) Ta184  3.477E-04+-2.0E+01
  W 184 (n,d    ) Ta183  1.285E-05+-1.0E+02 W 184 (n,t    ) Ta182  1.606E-07+-8.5E+01 W 184 (n,t    ) Ta182m 1.664E-07+-8.5E+01 W 184 (n,t    ) Ta182n 3.614E-09+-8.5E+01
  W 184 (n,a    ) Hf181  1.138E-04+-3.0E+01 W 185 (n,n    ) W 185m 2.843E-02+-1.0E+02 W 185 (n,2n   ) W 184  3.970E-01+-4.0E+01 W 185 (n,3n   ) W 183  1.189E-02+-1.0E+02
  W 185 (n,3n   ) W 183m 4.287E-03+-1.0E+02 W 185 (n,na   ) Hf181  4.602E-06+-1.0E+02 W 185 (n,2na  ) Hf180  1.582E-08+-2.1E+02 W 185 (n,2na  ) Hf180m 3.242E-10+-2.1E+02
  W 185 (n,np   ) Ta184  2.647E-06+-1.0E+02 W 185 (n,g    ) W 186  3.155E+00+-1.7E+01 W 185 (n,p    ) Ta185  3.477E-04+-5.0E+01 W 185 (n,d    ) Ta184  1.090E-05+-1.0E+02
  W 185 (n,t    ) Ta183  6.534E-06+-6.0E+01 W 185 (n,a    ) Hf182  1.080E-04+-8.5E+01 W 185 (n,a    ) Hf182m 1.287E-05+-8.5E+01 W 186 (n,2n   ) W 185  2.071E-01+-2.0E+01
  W 186 (n,2n   ) W 185m 1.234E-01+-2.0E+01 W 186 (n,3n   ) W 184  1.471E-02+-5.0E+01 W 186 (n,na   ) Hf182  1.057E-06+-1.2E+02 W 186 (n,na   ) Hf182m 1.282E-07+-1.2E+02
  W 186 (n,2na  ) Hf181  3.231E-10+-2.0E+02 W 186 (n,np   ) Ta185  7.472E-07+-1.0E+02 W 186 (n,g    ) W 187  1.284E+01+-8.5E+00 W 186 (n,p    ) Ta186  2.323E-04+-2.0E+01
  W 186 (n,d    ) Ta185  3.862E-06+-1.0E+02 W 186 (n,t    ) Ta184  2.506E-07+-6.0E+01 W 186 (n,a    ) Hf183  6.873E-05+-3.0E+01 W 187 (n,2n   ) W 186  3.758E-01+-4.0E+01
  W 187 (n,3n   ) W 185  3.021E-02+-1.0E+02 W 187 (n,3n   ) W 185m 1.170E-02+-1.0E+02 W 187 (n,na   ) Hf183  8.967E-07+-1.0E+02 W 187 (n,2na  ) Hf182  1.150E-09+-2.1E+02
  W 187 (n,2na  ) Hf182m 2.204E-11+-2.1E+02 W 187 (n,np   ) Ta186  7.222E-07+-1.0E+02 W 187 (n,g    ) W 188  2.814E+01+-1.8E+01 W 187 (n,p    ) Ta187  2.204E-04+-5.0E+01
  W 187 (n,d    ) Ta186  2.076E-06+-1.0E+02 W 187 (n,t    ) Ta185  2.902E-06+-6.0E+01 W 187 (n,a    ) Hf184  6.889E-05+-8.5E+01 W 187 (n,a    ) Hf184m 8.514E-06+-8.5E+01
  W 188 (n,2n   ) W 187  3.217E-01+-4.0E+01 W 188 (n,3n   ) W 186  5.237E-02+-8.0E+01 W 188 (n,na   ) Hf184  1.938E-07+-1.2E+02 W 188 (n,na   ) Hf184m 7.539E-08+-1.2E+02
  W 188 (n,2na  ) Hf183  1.350E-11+-2.0E+02 W 188 (n,np   ) Ta187  1.763E-07+-1.0E+02 W 188 (n,g    ) W 189  1.179E+00+-3.7E+01 W 188 (n,p    ) Ta188  1.635E-04+-5.0E+01
  W 188 (n,d    ) Ta187  8.771E-07+-1.0E+02 W 188 (n,t    ) Ta186  7.895E-08+-6.0E+01 W 188 (n,a    ) Hf185  7.046E-05+-6.0E+01 Re181 (n,2n   ) Re180  3.232E-01+-4.0E+01
  Re181 (n,na   ) Ta177  8.813E-05+-1.0E+02 Re181 (n,2na  ) Ta176  9.428E-09+-2.0E+02 Re181 (n,np   ) W 180  3.449E-04+-1.0E+02 Re181 (n,n2a  ) Lu173  2.305E-12+-2.0E+02
  Re181 (n,nd   ) W 179  8.867E-12+-8.5E+01 Re181 (n,g    ) Re182  5.046E+00+-7.8E+01 Re181 (n,g    ) Re182m 2.017E+01+-7.8E+01 Re181 (n,p    ) W 181  1.601E-03+-5.0E+01
  Re181 (n,d    ) W 180  4.665E-04+-1.0E+02 Re181 (n,t    ) W 179  1.968E-05+-8.5E+01 Re181 (n,t    ) W 179m 3.797E-06+-8.5E+01 Re181 (n,h    ) Ta179  3.018E-11+-9.0E+01
  Re181 (n,a    ) Ta178  4.454E-04+-8.5E+01 Re181 (n,a    ) Ta178m 1.256E-04+-8.5E+01 Re181 (n,2a   ) Lu174  1.586E-10+-2.1E+02 Re181 (n,2a   ) Lu174m 6.748E-11+-2.1E+02
  Re181 (n,2p   ) Ta180  1.389E-11+-2.1E+02 Re181 (n,2p   ) Ta180m 5.214E-12+-2.1E+02 Re181 (n,pa   ) Hf177  9.982E-10+-2.1E+02 Re181 (n,pa   ) Hf177m 5.033E-11+-2.1E+02
  Re182 (n,n    ) Re182m 2.065E-01+-1.0E+02 Re182 (n,2n   ) Re181  3.541E-01+-4.0E+01 Re182 (n,na   ) Ta178  3.072E-04+-1.2E+02 Re182 (n,na   ) Ta178m 1.964E-04+-1.2E+02
  Re182 (n,2na  ) Ta177  1.981E-07+-2.0E+02 Re182 (n,np   ) W 181  2.423E-04+-1.0E+02 Re182 (n,nd   ) W 180  9.150E-10+-6.0E+01 Re182 (n,2np  ) W 180  6.922E-10+-2.0E+02
  Re182 (n,g    ) Re183  4.071E+01+-1.2E+02 Re182 (n,p    ) W 182  1.353E-03+-5.0E+01 Re182 (n,d    ) W 181  3.999E-04+-1.0E+02 Re182 (n,t    ) W 180  1.204E-04+-6.0E+01
  Re182 (n,h    ) Ta180  5.307E-12+-1.1E+02 Re182 (n,h    ) Ta180m 4.231E-12+-1.1E+02 Re182 (n,a    ) Ta179  4.069E-04+-6.0E+01 Re182 (n,2p   ) Ta181  8.921E-12+-2.0E+02
  Re182 (n,pa   ) Hf178  2.163E-10+-2.1E+02 Re182 (n,pa   ) Hf178m 8.767E-12+-2.1E+02 Re182m(n,n    ) Re182  3.811E-02+-1.0E+02 Re182m(n,2n   ) Re181  3.848E-01+-4.0E+01
  Re182m(n,na   ) Ta178  6.432E-04+-1.2E+02 Re182m(n,na   ) Ta178m 1.820E-04+-1.2E+02 Re182m(n,2na  ) Ta177  2.334E-04+-2.0E+02 Re182m(n,3na  ) Ta176  2.388E-11+-2.0E+02
  Re182m(n,np   ) W 181  9.572E-04+-1.0E+02 Re182m(n,n2a  ) Lu174  4.351E-08+-2.1E+02 Re182m(n,n2a  ) Lu174m 1.689E-08+-2.1E+02 Re182m(n,2n2a ) Lu173  3.007E-11+-2.0E+02
  Re182m(n,nd   ) W 180  6.669E-07+-6.0E+01 Re182m(n,nt   ) W 179  5.115E-10+-2.1E+02 Re182m(n,nt   ) W 179m 1.791E-11+-2.1E+02 Re182m(n,2np  ) W 180  1.181E-07+-2.0E+02
  Re182m(n,npa  ) Hf177  5.220E-09+-2.1E+02 Re182m(n,npa  ) Hf177m 2.632E-10+-2.1E+02 Re182m(n,g    ) Re183  4.845E+01+-1.3E+02 Re182m(n,p    ) W 182  4.448E-03+-5.0E+01
  Re182m(n,d    ) W 181  1.326E-03+-1.0E+02 Re182m(n,t    ) W 180  5.432E-04+-6.0E+01 Re182m(n,h    ) Ta180  6.441E-12+-1.1E+02 Re182m(n,h    ) Ta180m 2.957E-12+-1.1E+02
  Re182m(n,a    ) Ta179  1.193E-02+-6.0E+01 Re182m(n,2p   ) Ta181  3.286E-09+-2.0E+02 Re182m(n,pa   ) Hf178  2.306E-07+-2.1E+02 Re182m(n,pa   ) Hf178m 4.886E-09+-2.1E+02
  Re182m(n,pa   ) Hf178n 2.308E-10+-2.1E+02 Re182m(n,da   ) Hf177  2.818E-09+-2.1E+02 Re182m(n,da   ) Hf177m 1.421E-10+-2.1E+02 Re183 (n,2n   ) Re182  1.286E-01+-7.2E+01
  Re183 (n,2n   ) Re182m 1.929E-01+-7.2E+01 Re183 (n,na   ) Ta179  2.171E-05+-1.0E+02 Re183 (n,2na  ) Ta178  2.433E-09+-2.1E+02 Re183 (n,2na  ) Ta178m 1.556E-09+-2.1E+02
  Re183 (n,np   ) W 182  1.316E-04+-1.0E+02 Re183 (n,nd   ) W 181  1.409E-12+-6.0E+01 Re183 (n,g    ) Re184  1.915E+01+-7.8E+01 Re183 (n,g    ) Re184m 3.118E-01+-7.8E+01
  Re183 (n,p    ) W 183  5.648E-04+-7.8E+01 Re183 (n,p    ) W 183m 4.332E-04+-7.8E+01 Re183 (n,d    ) W 182  2.842E-04+-1.0E+02 Re183 (n,t    ) W 181  1.424E-05+-6.0E+01
  Re183 (n,h    ) Ta181  1.019E-12+-9.0E+01 Re183 (n,a    ) Ta180  2.680E-04+-8.5E+01 Re183 (n,a    ) Ta180m 1.332E-05+-8.5E+01 Re184 (n,n    ) Re184m 2.678E-02+-1.0E+02
  Re184 (n,2n   ) Re183  3.788E-01+-4.0E+01 Re184 (n,na   ) Ta180  1.054E-05+-1.2E+02 Re184 (n,na   ) Ta180m 6.581E-06+-1.2E+02 Re184 (n,2na  ) Ta179  3.153E-08+-2.0E+02
  Re184 (n,np   ) W 183  5.021E-05+-1.2E+02 Re184 (n,np   ) W 183m 6.391E-05+-1.2E+02 Re184 (n,nd   ) W 182  1.127E-09+-6.0E+01 Re184 (n,2np  ) W 182  1.997E-10+-2.0E+02
  Re184 (n,g    ) Re185  1.155E+03+-7.1E+01 Re184 (n,p    ) W 184  8.572E-04+-5.0E+01 Re184 (n,d    ) W 183  1.282E-04+-1.2E+02 Re184 (n,d    ) W 183m 1.007E-04+-1.2E+02
  Re184 (n,t    ) W 182  9.385E-05+-6.0E+01 Re184 (n,a    ) Ta181  4.996E-04+-6.0E+01 Re184m(n,n    ) Re184  3.318E-01+-1.0E+02 Re184m(n,2n   ) Re183  3.763E-01+-4.0E+01
  Re184m(n,3n   ) Re182  9.521E-08+-1.0E+02 Re184m(n,3n   ) Re182m 1.046E-06+-1.0E+02 Re184m(n,na   ) Ta180  7.291E-06+-1.2E+02 Re184m(n,na   ) Ta180m 1.102E-05+-1.2E+02
  Re184m(n,2na  ) Ta179  3.042E-08+-2.0E+02 Re184m(n,np   ) W 183  4.528E-05+-1.2E+02 Re184m(n,np   ) W 183m 5.763E-05+-1.2E+02 Re184m(n,nd   ) W 182  8.625E-10+-6.0E+01
  Re184m(n,2np  ) W 182  1.580E-10+-2.0E+02 Re184m(n,g    ) Re185  5.401E+02+-8.5E+02 Re184m(n,p    ) W 184  8.299E-04+-5.0E+01 Re184m(n,d    ) W 183  1.277E-04+-1.2E+02
  Re184m(n,d    ) W 183m 1.004E-04+-1.2E+02 Re184m(n,t    ) W 182  7.400E-05+-6.0E+01 Re184m(n,a    ) Ta181  4.274E-04+-6.0E+01 Re185 (n,2n   ) Re184  2.604E-01+-1.0E+01
  Re185 (n,2n   ) Re184m 6.248E-02+-1.0E+01 Re185 (n,3n   ) Re183  3.526E-04+-8.0E+01 Re185 (n,na   ) Ta181  1.269E-05+-1.0E+02 Re185 (n,2na  ) Ta180  1.759E-09+-2.1E+02
  Re185 (n,2na  ) Ta180m 7.591E-10+-2.1E+02 Re185 (n,np   ) W 184  6.475E-05+-1.0E+02 Re185 (n,g    ) Re186  3.028E+01+-3.9E+01 Re185 (n,g    ) Re186m 8.522E-02+-3.9E+01
  Re185 (n,p    ) W 185  3.590E-04+-5.0E+01 Re185 (n,p    ) W 185m 3.643E-04+-3.0E+01 Re185 (n,d    ) W 184  1.732E-04+-1.0E+02 Re185 (n,t    ) W 183  9.029E-06+-8.5E+01
  Re185 (n,t    ) W 183m 7.094E-06+-8.5E+01 Re185 (n,a    ) Ta182  9.211E-05+-3.0E+01 Re185 (n,a    ) Ta182m 9.754E-05+-3.0E+01 Re185 (n,a    ) Ta182n 2.043E-06+-3.0E+01
  Re186 (n,n    ) Re186m 1.487E-02+-1.0E+02 Re186 (n,2n   ) Re185  3.697E-01+-4.0E+01 Re186 (n,3n   ) Re184  1.329E-03+-1.0E+02 Re186 (n,3n   ) Re184m 2.196E-04+-1.0E+02
  Re186 (n,na   ) Ta182  1.568E-06+-1.2E+02 Re186 (n,na   ) Ta182m 3.096E-06+-1.2E+02 Re186 (n,na   ) Ta182n 2.038E-07+-1.2E+02 Re186 (n,2na  ) Ta181  4.912E-08+-2.0E+02
  Re186 (n,np   ) W 185  2.186E-05+-1.2E+02 Re186 (n,np   ) W 185m 2.782E-05+-1.2E+02 Re186 (n,nd   ) W 184  5.079E-10+-6.0E+01 Re186 (n,2np  ) W 184  9.376E-12+-2.0E+02
  Re186 (n,g    ) Re187  3.046E+01+-9.7E+01 Re186 (n,p    ) W 186  5.475E-04+-5.0E+01 Re186 (n,d    ) W 185  6.770E-05+-1.2E+02 Re186 (n,d    ) W 185m 5.319E-05+-1.2E+02
  Re186 (n,t    ) W 184  7.049E-05+-6.0E+01 Re186 (n,a    ) Ta183  1.649E-04+-6.0E+01 Re186m(n,n    ) Re186  2.963E-01+-1.0E+02 Re186m(n,2n   ) Re185  3.950E-01+-4.0E+01
  Re186m(n,3n   ) Re184  9.253E-04+-1.0E+02 Re186m(n,3n   ) Re184m 8.258E-04+-1.0E+02 Re186m(n,na   ) Ta182  1.357E-06+-1.2E+02 Re186m(n,na   ) Ta182m 3.533E-06+-1.2E+02
  Re186m(n,na   ) Ta182n 1.763E-07+-1.2E+02 Re186m(n,2na  ) Ta181  7.473E-08+-2.0E+02 Re186m(n,np   ) W 185  2.202E-05+-1.2E+02 Re186m(n,np   ) W 185m 2.803E-05+-1.2E+02
  Re186m(n,nd   ) W 184  3.783E-10+-6.0E+01 Re186m(n,2np  ) W 184  7.072E-12+-2.0E+02 Re186m(n,g    ) Re187  3.046E+01+-9.7E+01 Re186m(n,p    ) W 186  5.323E-04+-5.0E+01
  Re186m(n,d    ) W 185  7.016E-05+-1.2E+02 Re186m(n,d    ) W 185m 5.513E-05+-1.2E+02 Re186m(n,t    ) W 184  5.387E-05+-6.0E+01 Re186m(n,a    ) Ta183  1.650E-04+-6.0E+01
  Re187 (n,2n   ) Re186  3.042E-01+-2.0E+01 Re187 (n,2n   ) Re186m 8.293E-02+-2.0E+01 Re187 (n,3n   ) Re185  4.186E-03+-8.0E+01 Re187 (n,na   ) Ta183  3.563E-06+-1.0E+02
  Re187 (n,2na  ) Ta182  2.818E-10+-2.1E+02 Re187 (n,2na  ) Ta182m 4.744E-10+-2.1E+02 Re187 (n,2na  ) Ta182n 3.662E-11+-2.1E+02 Re187 (n,np   ) W 186  2.668E-05+-1.0E+02
  Re187 (n,g    ) Re188  1.068E+01+-2.1E+01 Re187 (n,g    ) Re188m 2.983E-01+-5.3E+01 Re187 (n,p    ) W 187  5.571E-04+-3.0E+01 Re187 (n,d    ) W 186  9.871E-05+-1.0E+02
  Re187 (n,t    ) W 185  4.720E-06+-8.5E+01 Re187 (n,t    ) W 185m 3.708E-06+-8.5E+01 Re187 (n,a    ) Ta184  7.741E-05+-2.0E+01 Re188 (n,n    ) Re188m 3.992E-02+-1.0E+02
  Re188 (n,2n   ) Re187  3.673E-01+-4.0E+01 Re188 (n,3n   ) Re186  8.493E-03+-1.0E+02 Re188 (n,3n   ) Re186m 1.907E-03+-1.0E+02 Re188 (n,na   ) Ta184  2.377E-06+-1.0E+02
  Re188 (n,2na  ) Ta183  5.050E-09+-2.0E+02 Re188 (n,np   ) W 187  2.104E-05+-1.0E+02 Re188 (n,nd   ) W 186  1.475E-10+-6.0E+01 Re188 (n,g    ) Re189  4.812E+00+-9.4E+01
  Re188 (n,p    ) W 188  3.480E-04+-5.0E+01 Re188 (n,d    ) W 187  6.251E-05+-1.0E+02 Re188 (n,t    ) W 186  5.321E-05+-6.0E+01 Re188 (n,a    ) Ta185  1.135E-04+-6.0E+01
  Re189 (n,2n   ) Re188  2.191E-01+-7.2E+01 Re189 (n,2n   ) Re188m 1.338E-01+-7.2E+01 Re189 (n,3n   ) Re187  1.784E-02+-8.0E+01 Re189 (n,na   ) Ta185  8.047E-07+-1.0E+02
  Re189 (n,2na  ) Ta184  5.516E-11+-2.0E+02 Re189 (n,np   ) W 188  8.931E-06+-1.0E+02 Re189 (n,g    ) Re190  3.679E+00+-7.8E+01 Re189 (n,g    ) Re190m 3.912E-01+-7.8E+01
  Re189 (n,p    ) W 189  2.571E-04+-5.0E+01 Re189 (n,d    ) W 188  4.693E-05+-1.0E+02 Re189 (n,t    ) W 187  5.926E-06+-6.0E+01 Re189 (n,a    ) Ta186  9.137E-05+-6.0E+01
  Os182 (n,2n   ) Os181  6.722E-02+-7.2E+01 Os182 (n,2n   ) Os181m 2.096E-01+-7.2E+01 Os182 (n,na   ) W 178  1.561E-04+-1.0E+02 Os182 (n,2na  ) W 177  7.949E-08+-2.0E+02
  Os182 (n,np   ) Re181  3.995E-04+-1.0E+02 Os182 (n,n2a  ) Hf174  2.471E-11+-2.0E+02 Os182 (n,g    ) Os183  2.741E+00+-7.8E+01 Os182 (n,g    ) Os183m 2.739E+00+-7.8E+01
  Os182 (n,p    ) Re182  1.141E-03+-7.8E+01 Os182 (n,p    ) Re182m 1.053E-03+-7.8E+01 Os182 (n,d    ) Re181  1.922E-04+-1.0E+02 Os182 (n,t    ) Re180  1.628E-06+-6.0E+01
  Os182 (n,h    ) W 180  3.194E-10+-9.0E+01 Os182 (n,a    ) W 179  5.126E-04+-8.5E+01 Os182 (n,a    ) W 179m 3.188E-04+-8.5E+01 Os182 (n,2a   ) Hf175  2.537E-09+-2.0E+02
  Os182 (n,2p   ) W 181  1.525E-09+-2.0E+02 Os182 (n,pa   ) Ta178  2.469E-09+-2.1E+02 Os182 (n,pa   ) Ta178m 1.578E-09+-2.1E+02 Os183 (n,n    ) Os183m 1.378E-01+-1.0E+02
  Os183 (n,2n   ) Os182  2.970E-01+-4.0E+01 Os183 (n,na   ) W 179  1.005E-04+-1.2E+02 Os183 (n,na   ) W 179m 1.153E-05+-1.2E+02 Os183 (n,2na  ) W 178  5.818E-07+-2.0E+02
  Os183 (n,np   ) Re182  8.230E-05+-1.2E+02 Os183 (n,np   ) Re182m 1.234E-04+-1.2E+02 Os183 (n,n2a  ) Hf175  4.545E-12+-2.0E+02 Os183 (n,nd   ) Re181  5.536E-12+-6.0E+01
  Os183 (n,g    ) Os184  2.028E+01+-1.8E+02 Os183 (n,p    ) Re183  1.788E-03+-5.0E+01 Os183 (n,d    ) Re182  8.248E-05+-1.2E+02 Os183 (n,d    ) Re182m 7.613E-05+-1.2E+02
  Os183 (n,t    ) Re181  2.230E-05+-6.0E+01 Os183 (n,h    ) W 181  1.299E-10+-9.0E+01 Os183 (n,a    ) W 180  6.947E-04+-6.0E+01 Os183 (n,2a   ) Hf176  7.416E-10+-2.0E+02
  Os183 (n,2p   ) W 182  4.730E-10+-2.0E+02 Os183 (n,pa   ) Ta179  1.261E-09+-2.0E+02 Os183m(n,2n   ) Os182  2.683E-01+-4.0E+01 Os183m(n,na   ) W 179  9.310E-05+-1.2E+02
  Os183m(n,na   ) W 179m 1.348E-05+-1.2E+02 Os183m(n,2na  ) W 178  2.835E-07+-2.0E+02 Os183m(n,np   ) Re182  8.201E-05+-1.2E+02 Os183m(n,np   ) Re182m 1.230E-04+-1.2E+02
  Os183m(n,n2a  ) Hf175  1.906E-12+-2.0E+02 Os183m(n,nd   ) Re181  9.175E-12+-6.0E+01 Os183m(n,g    ) Os184  4.275E+01+-1.3E+02 Os183m(n,p    ) Re183  1.782E-03+-5.0E+01
  Os183m(n,d    ) Re182  6.262E-05+-1.2E+02 Os183m(n,d    ) Re182m 5.780E-05+-1.2E+02 Os183m(n,t    ) Re181  2.463E-05+-6.0E+01 Os183m(n,h    ) W 181  1.339E-10+-9.0E+01
  Os183m(n,a    ) W 180  5.937E-04+-6.0E+01 Os183m(n,2a   ) Hf176  4.295E-10+-2.0E+02 Os183m(n,2p   ) W 182  6.166E-10+-2.0E+02 Os183m(n,pa   ) Ta179  7.968E-10+-2.0E+02
  Os184 (n,2n   ) Os183  2.356E-01+-2.0E+01 Os184 (n,2n   ) Os183m 8.468E-02+-2.0E+01 Os184 (n,na   ) W 180  5.064E-05+-1.0E+02 Os184 (n,2na  ) W 179  1.087E-08+-2.1E+02
  Os184 (n,2na  ) W 179m 1.587E-09+-2.1E+02 Os184 (n,np   ) Re183  1.205E-04+-1.0E+02 Os184 (n,g    ) Os185  2.094E+02+-4.9E+01 Os184 (n,p    ) Re184  1.239E-03+-7.8E+01
  Os184 (n,p    ) Re184m 1.445E-04+-7.8E+01 Os184 (n,d    ) Re183  1.299E-04+-1.0E+02 Os184 (n,t    ) Re182  6.562E-07+-8.5E+01 Os184 (n,t    ) Re182m 6.057E-07+-8.5E+01
  Os184 (n,h    ) W 182  2.114E-11+-9.0E+01 Os184 (n,a    ) W 181  1.238E-03+-6.0E+01 Os184 (n,2a   ) Hf177  8.910E-11+-2.1E+02 Os184 (n,2a   ) Hf177m 4.492E-12+-2.1E+02
  Os184 (n,2p   ) W 183  6.280E-12+-2.1E+02 Os184 (n,2p   ) W 183m 1.194E-12+-2.1E+02 Os184 (n,pa   ) Ta180  4.572E-11+-2.1E+02 Os184 (n,pa   ) Ta180m 1.762E-11+-2.1E+02
  Os185 (n,2n   ) Os184  3.466E-01+-4.0E+01 Os185 (n,na   ) W 181  5.057E-05+-1.0E+02 Os185 (n,2na  ) W 180  2.422E-07+-2.0E+02 Os185 (n,np   ) Re184  5.962E-05+-1.2E+02
  Os185 (n,np   ) Re184m 1.806E-05+-1.2E+02 Os185 (n,nd   ) Re183  1.877E-11+-6.0E+01 Os185 (n,g    ) Os186  1.501E+01+-2.1E+02 Os185 (n,p    ) Re185  1.135E-03+-5.0E+01
  Os185 (n,d    ) Re184  8.771E-05+-1.2E+02 Os185 (n,d    ) Re184m 2.532E-05+-1.2E+02 Os185 (n,t    ) Re183  2.736E-05+-6.0E+01 Os185 (n,h    ) W 183  4.979E-12+-1.1E+02
  Os185 (n,h    ) W 183m 3.912E-12+-1.1E+02 Os185 (n,a    ) W 182  4.461E-04+-6.0E+01 Os185 (n,2p   ) W 184  4.429E-12+-2.0E+02 Os185 (n,pa   ) Ta181  1.047E-10+-2.0E+02
  Os186 (n,2n   ) Os185  3.571E-01+-2.0E+01 Os186 (n,na   ) W 182  2.129E-05+-1.0E+02 Os186 (n,2na  ) W 181  1.031E-08+-2.0E+02 Os186 (n,np   ) Re185  2.968E-05+-1.0E+02
  Os186 (n,g    ) Os187  1.063E+01+-1.1E+01 Os186 (n,p    ) Re186  7.132E-04+-3.0E+01 Os186 (n,p    ) Re186m 9.117E-05+-3.0E+01 Os186 (n,d    ) Re185  5.651E-05+-1.0E+02
  Os186 (n,t    ) Re184  1.091E-06+-8.5E+01 Os186 (n,t    ) Re184m 2.523E-07+-8.5E+01 Os186 (n,a    ) W 183  1.465E-04+-8.5E+01 Os186 (n,a    ) W 183m 1.181E-04+-8.5E+01
  Os186 (n,2a   ) Hf179  1.913E-12+-2.1E+02 Os187 (n,2n   ) Os186  3.633E-01+-4.0E+01 Os187 (n,3n   ) Os185  1.581E-05+-8.0E+01 Os187 (n,na   ) W 183  1.121E-05+-1.2E+02
  Os187 (n,na   ) W 183m 3.995E-06+-1.2E+02 Os187 (n,2na  ) W 182  1.583E-07+-2.0E+02 Os187 (n,np   ) Re186  1.801E-05+-1.2E+02 Os187 (n,np   ) Re186m 4.811E-06+-1.2E+02
  Os187 (n,nd   ) Re185  2.192E-12+-6.0E+01 Os187 (n,g    ) Os188  2.974E+01+-2.3E+01 Os187 (n,p    ) Re187  7.230E-04+-5.0E+01 Os187 (n,d    ) Re186  3.484E-05+-1.2E+02
  Os187 (n,d    ) Re186m 8.224E-06+-1.2E+02 Os187 (n,t    ) Re185  1.524E-05+-6.0E+01 Os187 (n,a    ) W 184  2.311E-04+-5.8E+01 Os187 (n,pa   ) Ta183  1.249E-12+-2.0E+02
  Os188 (n,2n   ) Os187  3.431E-01+-4.0E+01 Os188 (n,3n   ) Os186  1.085E-04+-8.0E+01 Os188 (n,na   ) W 184  6.217E-06+-1.0E+02 Os188 (n,2na  ) W 183  3.868E-09+-2.1E+02
  Os188 (n,2na  ) W 183m 7.286E-10+-2.1E+02 Os188 (n,np   ) Re187  6.678E-06+-1.0E+02 Os188 (n,g    ) Os189  2.958E+00+-7.8E+01 Os188 (n,g    ) Os189m 9.550E-01+-7.8E+01
  Os188 (n,p    ) Re188  4.738E-04+-3.0E+01 Os188 (n,p    ) Re188m 1.319E-04+-3.0E+01 Os188 (n,d    ) Re187  2.007E-05+-1.0E+02 Os188 (n,t    ) Re186  4.618E-07+-8.5E+01
  Os188 (n,t    ) Re186m 7.753E-08+-8.5E+01 Os188 (n,a    ) W 185  1.055E-04+-5.6E+01 Os188 (n,a    ) W 185m 9.391E-05+-5.2E+01 Os189 (n,n    ) Os189m 1.471E-01+-1.0E+02
  Os189 (n,2n   ) Os188  3.753E-01+-4.0E+01 Os189 (n,3n   ) Os187  1.405E-03+-8.0E+01 Os189 (n,na   ) W 185  4.038E-06+-1.2E+02 Os189 (n,na   ) W 185m 1.363E-06+-1.2E+02
  Os189 (n,2na  ) W 184  3.321E-08+-2.0E+02 Os189 (n,np   ) Re188  3.156E-06+-1.2E+02 Os189 (n,np   ) Re188m 3.156E-06+-1.2E+02 Os189 (n,g    ) Os190  1.661E+01+-2.5E+01
  Os189 (n,g    ) Os190m 1.700E-04+-6.2E+01 Os189 (n,p    ) Re189  1.346E-03+-3.0E+01 Os189 (n,d    ) Re188  1.325E-05+-1.2E+02 Os189 (n,d    ) Re188m 8.120E-06+-1.2E+02
  Os189 (n,t    ) Re187  8.788E-06+-6.0E+01 Os189 (n,a    ) W 186  1.558E-04+-5.8E+01 Os190 (n,n    ) Os190m 1.668E-02+-5.0E+01 Os190 (n,2n   ) Os189  1.839E-01+-7.2E+01
  Os190 (n,2n   ) Os189m 1.704E-01+-7.2E+01 Os190 (n,3n   ) Os188  1.828E-03+-8.0E+01 Os190 (n,na   ) W 186  1.454E-06+-1.0E+02 Os190 (n,2na  ) W 185  3.601E-10+-2.1E+02
  Os190 (n,2na  ) W 185m 8.145E-11+-2.1E+02 Os190 (n,np   ) Re189  1.368E-06+-1.0E+02 Os190 (n,g    ) Os191  4.452E-01+-9.2E+00 Os190 (n,g    ) Os191m 9.988E-01+-1.2E+01
  Os190 (n,p    ) Re190  2.228E-04+-3.0E+01 Os190 (n,p    ) Re190m 4.546E-05+-3.0E+01 Os190 (n,d    ) Re189  5.849E-06+-1.0E+02 Os190 (n,t    ) Re188  1.067E-07+-8.5E+01
  Os190 (n,t    ) Re188m 6.538E-08+-8.5E+01 Os190 (n,a    ) W 187  1.016E-04+-2.9E+01 Os191 (n,n    ) Os191m 3.738E-02+-1.0E+02 Os191 (n,2n   ) Os190  3.291E-01+-7.2E+01
  Os191 (n,2n   ) Os190m 4.248E-02+-7.2E+01 Os191 (n,3n   ) Os189  1.953E-03+-1.0E+02 Os191 (n,3n   ) Os189m 2.738E-03+-1.0E+02 Os191 (n,na   ) W 187  9.964E-07+-1.0E+02
  Os191 (n,2na  ) W 186  2.085E-09+-2.0E+02 Os191 (n,np   ) Re190  3.716E-07+-1.2E+02 Os191 (n,np   ) Re190m 3.120E-07+-1.2E+02 Os191 (n,g    ) Os192  2.872E+01+-7.8E+01
  Os191 (n,g    ) Os192m 6.631E-02+-7.8E+01 Os191 (n,p    ) Re191  2.956E-04+-5.0E+01 Os191 (n,d    ) Re190  2.601E-06+-1.2E+02 Os191 (n,d    ) Re190m 1.980E-06+-1.2E+02
  Os191 (n,t    ) Re189  2.707E-06+-6.0E+01 Os191 (n,a    ) W 188  1.081E-04+-6.0E+01 Os191m(n,n    ) Os191  9.354E-01+-1.0E+02 Os191m(n,2n   ) Os190  3.622E-01+-7.2E+01
  Os191m(n,2n   ) Os190m 4.656E-02+-7.2E+01 Os191m(n,3n   ) Os189  3.304E-03+-1.0E+02 Os191m(n,3n   ) Os189m 4.098E-03+-1.0E+02 Os191m(n,na   ) W 187  1.220E-06+-1.0E+02
  Os191m(n,2na  ) W 186  2.180E-09+-2.0E+02 Os191m(n,np   ) Re190  5.594E-07+-1.2E+02 Os191m(n,np   ) Re190m 3.497E-07+-1.2E+02 Os191m(n,g    ) Os192  2.950E+00+-7.8E+01
  Os191m(n,g    ) Os192m 6.816E-03+-7.8E+01 Os191m(n,p    ) Re191  2.925E-04+-5.0E+01 Os191m(n,d    ) Re190  2.302E-06+-1.2E+02 Os191m(n,d    ) Re190m 1.754E-06+-1.2E+02
  Os191m(n,t    ) Re189  2.551E-06+-6.0E+01 Os191m(n,a    ) W 188  1.055E-04+-6.0E+01 Os192 (n,n    ) Os192m 9.480E-04+-5.0E+01 Os192 (n,2n   ) Os191  2.462E-01+-3.0E+01
  Os192 (n,2n   ) Os191m 1.600E-01+-3.0E+01 Os192 (n,3n   ) Os190  4.268E-03+-1.0E+02 Os192 (n,na   ) W 188  1.685E-07+-1.0E+02 Os192 (n,2na  ) W 187  3.765E-12+-2.0E+02
  Os192 (n,np   ) Re191  1.772E-07+-1.0E+02 Os192 (n,g    ) Os193  4.366E-01+-7.3E+01 Os192 (n,p    ) Re192  3.833E-04+-3.0E+01 Os192 (n,d    ) Re191  1.315E-06+-1.0E+02
  Os192 (n,t    ) Re190  1.802E-08+-8.5E+01 Os192 (n,t    ) Re190m 9.511E-09+-8.5E+01 Os192 (n,a    ) W 189  1.135E-05+-2.8E+01 Os193 (n,2n   ) Os192  3.307E-01+-7.2E+01
  Os193 (n,2n   ) Os192m 4.224E-02+-7.2E+01 Os193 (n,3n   ) Os191  1.515E-02+-1.0E+02 Os193 (n,3n   ) Os191m 1.300E-03+-1.0E+02 Os193 (n,na   ) W 189  1.327E-07+-1.0E+02
  Os193 (n,2na  ) W 188  3.351E-11+-2.0E+02 Os193 (n,np   ) Re192  8.096E-07+-1.0E+02 Os193 (n,g    ) Os194  2.624E+00+-2.5E+01 Os193 (n,p    ) Re193  1.914E-04+-5.0E+01
  Os193 (n,d    ) Re192  1.081E-06+-1.0E+02 Os193 (n,t    ) Re191  7.845E-07+-6.0E+01 Os193 (n,a    ) W 190  7.111E-05+-6.0E+01 Os194 (n,2n   ) Os193  3.489E-01+-4.0E+01
  Os194 (n,3n   ) Os192  1.887E-02+-1.0E+02 Os194 (n,3n   ) Os192m 7.120E-05+-1.0E+02 Os194 (n,na   ) W 190  1.357E-07+-1.0E+02 Os194 (n,np   ) Re193  2.957E-07+-1.0E+02
  Os194 (n,g    ) Os195  2.991E-01+-8.7E+02 Os194 (n,p    ) Re194  1.431E-04+-5.0E+01 Os194 (n,d    ) Re193  1.348E-06+-1.0E+02 Os194 (n,t    ) Re192  8.720E-09+-6.0E+01
  Os194 (n,a    ) W 191  8.641E-06+-6.0E+01 Ir185 (n,2n   ) Ir184  2.552E-01+-4.0E+01 Ir185 (n,na   ) Re181  1.690E-04+-1.0E+02 Ir185 (n,2na  ) Re180  1.457E-08+-2.0E+02
  Ir185 (n,np   ) Os184  6.036E-04+-1.0E+02 Ir185 (n,n2a  ) Ta177  1.004E-11+-2.0E+02 Ir185 (n,nd   ) Os183  3.962E-11+-8.5E+01 Ir185 (n,nd   ) Os183m 8.738E-12+-8.5E+01
  Ir185 (n,2np  ) Os183  4.423E-12+-2.1E+02 Ir185 (n,npa  ) W 180  5.543E-12+-2.0E+02 Ir185 (n,g    ) Ir186  5.469E+00+-7.8E+01 Ir185 (n,g    ) Ir186m 2.186E+01+-7.8E+01
  Ir185 (n,p    ) Os185  2.063E-03+-5.0E+01 Ir185 (n,d    ) Os184  6.647E-04+-1.0E+02 Ir185 (n,t    ) Os183  2.302E-05+-8.5E+01 Ir185 (n,t    ) Os183m 1.022E-05+-8.5E+01
  Ir185 (n,h    ) Re183  4.726E-10+-9.0E+01 Ir185 (n,a    ) Re182  3.173E-04+-8.5E+01 Ir185 (n,a    ) Re182m 2.929E-04+-8.5E+01 Ir185 (n,2a   ) Ta178  8.461E-10+-2.1E+02
  Ir185 (n,2a   ) Ta178m 5.410E-10+-2.1E+02 Ir185 (n,2p   ) Re184  3.219E-10+-2.1E+02 Ir185 (n,2p   ) Re184m 6.584E-11+-2.1E+02 Ir185 (n,pa   ) W 181  9.366E-09+-2.0E+02
  Ir185 (n,da   ) W 180  1.412E-12+-2.0E+02 Ir186 (n,n    ) Ir186m 2.987E-02+-1.0E+02 Ir186 (n,2n   ) Ir185  3.647E-01+-4.0E+01 Ir186 (n,na   ) Re182  5.779E-05+-1.2E+02
  Ir186 (n,na   ) Re182m 8.668E-05+-1.2E+02 Ir186 (n,2na  ) Re181  1.052E-06+-2.0E+02 Ir186 (n,np   ) Os185  5.704E-04+-1.0E+02 Ir186 (n,n2a  ) Ta178  3.416E-12+-2.1E+02
  Ir186 (n,n2a  ) Ta178m 2.184E-12+-2.1E+02 Ir186 (n,nd   ) Os184  1.270E-08+-6.0E+01 Ir186 (n,2np  ) Os184  3.596E-08+-2.0E+02 Ir186 (n,npa  ) W 181  2.852E-12+-2.0E+02
  Ir186 (n,g    ) Ir187  3.780E+01+-1.4E+02 Ir186 (n,p    ) Os186  1.878E-03+-5.0E+01 Ir186 (n,d    ) Os185  6.041E-04+-1.0E+02 Ir186 (n,t    ) Os184  2.303E-04+-6.0E+01
  Ir186 (n,h    ) Re184  1.878E-10+-1.1E+02 Ir186 (n,h    ) Re184m 7.313E-11+-1.1E+02 Ir186 (n,a    ) Re183  1.078E-03+-6.0E+01 Ir186 (n,2a   ) Ta179  9.214E-10+-2.0E+02
  Ir186 (n,2p   ) Re185  1.435E-10+-2.0E+02 Ir186 (n,pa   ) W 182  8.548E-09+-2.0E+02 Ir186 (n,da   ) W 181  1.483E-12+-2.0E+02 Ir187 (n,2n   ) Ir186  1.072E-01+-7.2E+01
  Ir187 (n,2n   ) Ir186m 1.608E-01+-7.2E+01 Ir187 (n,na   ) Re183  1.019E-04+-1.0E+02 Ir187 (n,2na  ) Re182  5.471E-09+-2.1E+02 Ir187 (n,2na  ) Re182m 8.207E-09+-2.1E+02
  Ir187 (n,np   ) Os186  2.819E-04+-1.0E+02 Ir187 (n,nd   ) Os185  2.102E-11+-6.0E+01 Ir187 (n,g    ) Ir188  2.985E+01+-1.5E+02 Ir187 (n,p    ) Os187  1.309E-03+-5.0E+01
  Ir187 (n,d    ) Os186  4.792E-04+-1.0E+02 Ir187 (n,t    ) Os185  2.708E-05+-6.0E+01 Ir187 (n,h    ) Re185  2.817E-11+-9.0E+01 Ir187 (n,a    ) Re184  3.808E-04+-8.5E+01
  Ir187 (n,a    ) Re184m 3.717E-05+-8.5E+01 Ir187 (n,2p   ) Re186  1.812E-12+-2.1E+02 Ir187 (n,pa   ) W 183  3.843E-10+-2.1E+02 Ir187 (n,pa   ) W 183m 1.037E-10+-2.1E+02
  Ir188 (n,2n   ) Ir187  3.570E-01+-4.0E+01 Ir188 (n,na   ) Re184  4.836E-05+-1.2E+02 Ir188 (n,na   ) Re184m 1.720E-05+-1.2E+02 Ir188 (n,2na  ) Re183  9.213E-07+-2.0E+02
  Ir188 (n,np   ) Os187  3.005E-04+-1.0E+02 Ir188 (n,nd   ) Os186  4.832E-09+-6.0E+01 Ir188 (n,2np  ) Os186  3.796E-09+-2.0E+02 Ir188 (n,g    ) Ir189  3.638E+01+-1.2E+02
  Ir188 (n,p    ) Os188  1.141E-03+-5.0E+01 Ir188 (n,d    ) Os187  3.521E-04+-1.0E+02 Ir188 (n,t    ) Os186  1.587E-04+-6.0E+01 Ir188 (n,h    ) Re186  6.928E-12+-1.1E+02
  Ir188 (n,h    ) Re186m 1.691E-12+-1.1E+02 Ir188 (n,a    ) Re185  3.904E-04+-6.0E+01 Ir188 (n,pa   ) W 184  2.643E-10+-2.0E+02 Ir189 (n,2n   ) Ir188  3.074E-01+-4.0E+01
  Ir189 (n,na   ) Re185  2.588E-05+-1.0E+02 Ir189 (n,2na  ) Re184  1.991E-08+-2.1E+02 Ir189 (n,2na  ) Re184m 3.261E-09+-2.1E+02 Ir189 (n,np   ) Os188  1.263E-04+-1.0E+02
  Ir189 (n,nd   ) Os187  5.496E-12+-6.0E+01 Ir189 (n,g    ) Ir190  5.746E+00+-7.8E+01 Ir189 (n,g    ) Ir190m 8.617E+00+-7.8E+01 Ir189 (n,g    ) Ir190n 5.478E-03+-7.8E+01
  Ir189 (n,p    ) Os189  3.375E-04+-7.8E+01 Ir189 (n,p    ) Os189m 4.990E-04+-7.8E+01 Ir189 (n,d    ) Os188  2.766E-04+-1.0E+02 Ir189 (n,t    ) Os187  1.727E-05+-6.0E+01
  Ir189 (n,a    ) Re186  2.155E-04+-8.5E+01 Ir189 (n,a    ) Re186m 2.426E-05+-8.5E+01 Ir189 (n,2a   ) Ta182m 1.196E-12+-2.1E+02 Ir190 (n,n    ) Ir190m 1.146E-01+-1.0E+02
  Ir190 (n,n    ) Ir190n 1.146E-01+-1.0E+02 Ir190 (n,2n   ) Ir189  3.913E-01+-4.0E+01 Ir190 (n,3n   ) Ir188  6.535E-06+-8.0E+01 Ir190 (n,na   ) Re186  1.306E-05+-1.2E+02
  Ir190 (n,na   ) Re186m 6.435E-06+-1.2E+02 Ir190 (n,2na  ) Re185  1.532E-07+-2.0E+02 Ir190 (n,np   ) Os189  4.094E-05+-1.2E+02 Ir190 (n,np   ) Os189m 7.483E-05+-1.2E+02
  Ir190 (n,nd   ) Os188  1.921E-09+-6.0E+01 Ir190 (n,2np  ) Os188  3.478E-10+-2.0E+02 Ir190 (n,g    ) Ir191  2.100E+01+-7.8E+01 Ir190 (n,g    ) Ir191m 3.139E+00+-7.8E+01
  Ir190 (n,g    ) Ir191n 2.102E-03+-7.8E+01 Ir190 (n,p    ) Os190  7.097E-04+-7.8E+01 Ir190 (n,p    ) Os190m 1.596E-05+-7.8E+01 Ir190 (n,d    ) Os189  8.855E-05+-1.2E+02
  Ir190 (n,d    ) Os189m 1.232E-04+-1.2E+02 Ir190 (n,t    ) Os188  1.190E-04+-6.0E+01 Ir190 (n,a    ) Re187  2.141E-04+-6.0E+01 Ir190 (n,2a   ) Ta183  1.078E-12+-2.0E+02
  Ir191 (n,n    ) Ir191m 1.973E-01+-3.0E+01 Ir191 (n,n    ) Ir191n 1.922E-01+-1.0E+02 Ir191 (n,2n   ) Ir190  3.158E-01+-2.0E+01 Ir191 (n,2n   ) Ir190m 3.662E-02+-3.0E+01
  Ir191 (n,2n   ) Ir190n 2.135E-02+-1.0E+01 Ir191 (n,3n   ) Ir189  6.302E-05+-1.0E+01 Ir191 (n,na   ) Re187  5.748E-06+-1.0E+02 Ir191 (n,2na  ) Re186  1.862E-09+-2.1E+02
  Ir191 (n,2na  ) Re186m 2.877E-10+-2.1E+02 Ir191 (n,np   ) Os190  4.151E-05+-1.2E+02 Ir191 (n,np   ) Os190m 5.394E-06+-1.2E+02 Ir191 (n,g    ) Ir192  2.765E+01+-3.3E+01
  Ir191 (n,g    ) Ir192m 7.019E+01+-6.6E+01 Ir191 (n,g    ) Ir192n 1.705E-02+-3.3E+01 Ir191 (n,p    ) Os191  3.267E-04+-6.7E+01 Ir191 (n,p    ) Os191m 2.179E-04+-6.7E+01
  Ir191 (n,d    ) Os190  1.506E-04+-1.2E+02 Ir191 (n,d    ) Os190m 3.389E-06+-1.2E+02 Ir191 (n,t    ) Os189  4.160E-06+-8.5E+01 Ir191 (n,t    ) Os189m 4.036E-06+-8.5E+01
  Ir191 (n,a    ) Re188  1.038E-04+-8.5E+01 Ir191 (n,a    ) Re188m 5.979E-05+-8.5E+01 Ir192 (n,n    ) Ir192m 1.335E-01+-1.0E+02 Ir192 (n,n    ) Ir192n 7.001E-03+-1.0E+02
  Ir192 (n,2n   ) Ir191  1.666E-01+-7.2E+01 Ir192 (n,2n   ) Ir191m 2.144E-01+-7.2E+01 Ir192 (n,2n   ) Ir191n 1.819E-03+-7.2E+01 Ir192 (n,3n   ) Ir190  1.305E-04+-1.0E+02
  Ir192 (n,3n   ) Ir190m 1.201E-05+-1.0E+02 Ir192 (n,3n   ) Ir190n 1.320E-05+-1.0E+02 Ir192 (n,na   ) Re188  2.128E-06+-1.2E+02 Ir192 (n,na   ) Re188m 1.437E-06+-1.2E+02
  Ir192 (n,2na  ) Re187  1.272E-08+-2.0E+02 Ir192 (n,np   ) Os191  4.355E-05+-1.2E+02 Ir192 (n,np   ) Os191m 6.213E-06+-1.2E+02 Ir192 (n,nd   ) Os190  2.055E-10+-8.5E+01
  Ir192 (n,nd   ) Os190m 2.670E-11+-8.5E+01 Ir192 (n,2np  ) Os190  3.761E-12+-2.1E+02 Ir192 (n,g    ) Ir193  1.032E+02+-7.8E+01 Ir192 (n,g    ) Ir193m 1.686E+01+-7.8E+01
  Ir192 (n,p    ) Os192  4.566E-04+-7.8E+01 Ir192 (n,p    ) Os192m 1.027E-05+-7.8E+01 Ir192 (n,d    ) Os191  9.608E-05+-1.2E+02 Ir192 (n,d    ) Os191m 1.680E-05+-1.2E+02
  Ir192 (n,t    ) Os190  6.246E-05+-8.5E+01 Ir192 (n,t    ) Os190m 1.405E-06+-8.5E+01 Ir192 (n,a    ) Re189  1.420E-04+-5.8E+01 Ir192n(n,n    ) Ir192  1.040E-01+-1.0E+02
  Ir192n(n,n    ) Ir192m 2.012E-03+-1.0E+02 Ir192n(n,2n   ) Ir191  1.642E-01+-7.2E+01 Ir192n(n,2n   ) Ir191m 2.170E-01+-7.2E+01 Ir192n(n,2n   ) Ir191n 1.809E-03+-7.2E+01
  Ir192n(n,3n   ) Ir190  1.657E-05+-1.0E+02 Ir192n(n,3n   ) Ir190m 1.771E-05+-1.0E+02 Ir192n(n,3n   ) Ir190n 3.785E-06+-1.0E+02 Ir192n(n,na   ) Re188  2.454E-06+-1.2E+02
  Ir192n(n,na   ) Re188m 3.587E-06+-1.2E+02 Ir192n(n,2na  ) Re187  1.397E-08+-2.0E+02 Ir192n(n,np   ) Os191  3.628E-05+-1.2E+02 Ir192n(n,np   ) Os191m 4.676E-06+-1.2E+02
  Ir192n(n,nd   ) Os190  2.168E-09+-8.5E+01 Ir192n(n,nd   ) Os190m 2.817E-10+-8.5E+01 Ir192n(n,2np  ) Os190  1.852E-12+-2.1E+02 Ir192n(n,g    ) Ir193  1.344E+02+-7.8E+01
  Ir192n(n,g    ) Ir193m 2.008E+01+-7.8E+01 Ir192n(n,p    ) Os192  4.435E-04+-7.8E+01 Ir192n(n,p    ) Os192m 9.977E-06+-7.8E+01 Ir192n(n,d    ) Os191  5.263E-04+-1.2E+02
  Ir192n(n,d    ) Os191m 6.941E-05+-1.2E+02 Ir192n(n,t    ) Os190  3.600E-04+-8.5E+01 Ir192n(n,t    ) Os190m 8.098E-06+-8.5E+01 Ir192n(n,a    ) Re189  1.425E-04+-5.9E+01
  Ir193 (n,n    ) Ir193m 2.122E-01+-3.0E+01 Ir193 (n,2n   ) Ir192  2.799E-01+-2.0E+01 Ir193 (n,2n   ) Ir192m 3.904E-02+-2.0E+01 Ir193 (n,2n   ) Ir192n 2.828E-02+-2.0E+01
  Ir193 (n,3n   ) Ir191  1.901E-04+-6.8E+01 Ir193 (n,3n   ) Ir191m 1.676E-04+-6.8E+01 Ir193 (n,na   ) Re189  9.114E-07+-1.0E+02 Ir193 (n,2na  ) Re188  4.149E-11+-2.1E+02
  Ir193 (n,2na  ) Re188m 8.340E-12+-2.1E+02 Ir193 (n,np   ) Os192  1.741E-05+-1.2E+02 Ir193 (n,np   ) Os192m 2.262E-06+-1.2E+02 Ir193 (n,g    ) Ir194  1.551E+01+-7.8E+01
  Ir193 (n,g    ) Ir194m 8.350E+00+-7.8E+01 Ir193 (n,g    ) Ir194n 3.577E-02+-7.8E+01 Ir193 (n,p    ) Os193  4.356E-04+-2.5E+01 Ir193 (n,d    ) Os192  8.184E-05+-1.2E+02
  Ir193 (n,d    ) Os192m 1.841E-06+-1.2E+02 Ir193 (n,t    ) Os191  3.342E-06+-8.5E+01 Ir193 (n,t    ) Os191m 6.525E-07+-8.5E+01 Ir193 (n,a    ) Re190  2.014E-05+-3.0E+01
  Ir193 (n,a    ) Re190m 1.674E-05+-3.0E+01 Ir193m(n,n    ) Ir193  1.564E-01+-1.0E+02 Ir193m(n,2n   ) Ir192  2.469E-01+-7.2E+01 Ir193m(n,2n   ) Ir192m 1.079E-01+-7.2E+01
  Ir193m(n,2n   ) Ir192n 1.773E-02+-7.2E+01 Ir193m(n,3n   ) Ir191  1.757E-04+-1.0E+02 Ir193m(n,3n   ) Ir191m 4.207E-04+-1.0E+02 Ir193m(n,na   ) Re189  9.070E-07+-1.0E+02
  Ir193m(n,2na  ) Re188  5.976E-11+-2.1E+02 Ir193m(n,2na  ) Re188m 1.757E-11+-2.1E+02 Ir193m(n,np   ) Os192  1.617E-05+-1.2E+02 Ir193m(n,np   ) Os192m 2.101E-06+-1.2E+02
  Ir193m(n,g    ) Ir194  1.551E+01+-7.8E+01 Ir193m(n,g    ) Ir194m 8.350E+00+-7.8E+01 Ir193m(n,g    ) Ir194n 3.577E-02+-7.8E+01 Ir193m(n,p    ) Os193  3.439E-04+-5.0E+01
  Ir193m(n,d    ) Os192  3.897E-05+-1.2E+02 Ir193m(n,d    ) Os192m 8.766E-07+-1.2E+02 Ir193m(n,t    ) Os191  3.452E-06+-8.5E+01 Ir193m(n,t    ) Os191m 5.012E-07+-8.5E+01
  Ir193m(n,a    ) Re190  6.976E-05+-8.5E+01 Ir193m(n,a    ) Re190m 4.278E-05+-8.5E+01 Ir194 (n,n    ) Ir194m 4.949E-03+-1.0E+02 Ir194 (n,n    ) Ir194n 4.949E-03+-1.0E+02
  Ir194 (n,2n   ) Ir193  1.083E-01+-7.2E+01 Ir194 (n,2n   ) Ir193m 2.715E-01+-7.2E+01 Ir194 (n,3n   ) Ir192  1.162E-03+-1.0E+02 Ir194 (n,3n   ) Ir192m 6.012E-05+-1.0E+02
  Ir194 (n,3n   ) Ir192n 1.269E-04+-1.0E+02 Ir194 (n,na   ) Re190  2.212E-07+-1.2E+02 Ir194 (n,na   ) Re190m 2.287E-07+-1.2E+02 Ir194 (n,2na  ) Re189  2.090E-10+-2.0E+02
  Ir194 (n,np   ) Os193  1.637E-05+-1.0E+02 Ir194 (n,nd   ) Os192  2.865E-11+-8.5E+01 Ir194 (n,nd   ) Os192m 3.723E-12+-8.5E+01 Ir194 (n,2np  ) Os192m 4.610E-12+-1.9E+02
  Ir194 (n,g    ) Ir195  1.084E+02+-7.8E+01 Ir194 (n,g    ) Ir195m 1.620E+01+-7.8E+01 Ir194 (n,p    ) Os194  2.991E-04+-5.0E+01 Ir194 (n,d    ) Os193  4.810E-05+-1.0E+02
  Ir194 (n,t    ) Os192  3.271E-05+-8.5E+01 Ir194 (n,t    ) Os192m 7.358E-07+-8.5E+01 Ir194 (n,a    ) Re191  9.510E-05+-6.0E+01 Ir194n(n,n    ) Ir194  2.242E-01+-1.0E+02
  Ir194n(n,n    ) Ir194m 2.242E-01+-1.0E+02 Ir194n(n,2n   ) Ir193  1.095E-01+-7.2E+01 Ir194n(n,2n   ) Ir193m 2.934E-01+-7.2E+01 Ir194n(n,3n   ) Ir192  2.011E-03+-1.0E+02
  Ir194n(n,3n   ) Ir192m 5.525E-04+-1.0E+02 Ir194n(n,3n   ) Ir192n 1.351E-04+-1.0E+02 Ir194n(n,na   ) Re190  3.708E-07+-1.2E+02 Ir194n(n,na   ) Re190m 5.095E-07+-1.2E+02
  Ir194n(n,np   ) Os193  4.643E-05+-1.0E+02 Ir194n(n,nd   ) Os192  2.058E-11+-8.5E+01 Ir194n(n,nd   ) Os192m 6.414E-11+-8.5E+01 Ir194n(n,g    ) Ir195  2.293E+00+-7.8E+01
  Ir194n(n,g    ) Ir195m 3.430E-01+-7.8E+01 Ir194n(n,p    ) Os194  4.518E-04+-5.0E+01 Ir194n(n,d    ) Os193  1.318E-05+-1.0E+02 Ir194n(n,t    ) Os192  1.608E-07+-8.5E+01
  Ir194n(n,t    ) Os192m 3.778E-09+-8.5E+01 Ir194n(n,h    ) Re192  9.118E-09+-9.0E+01 Ir194n(n,a    ) Re191  1.559E-04+-6.0E+01 Ir194n(n,2p   ) Re193  5.352E-10+-2.0E+02
  Ir196m(n,n    ) Ir196  8.270E+00+-1.0E+02 Ir196m(n,2n   ) Ir195  1.294E-01+-7.2E+01 Ir196m(n,2n   ) Ir195m 2.654E-01+-7.2E+01 Ir196m(n,3n   ) Ir194  1.022E-02+-1.0E+02
  Ir196m(n,3n   ) Ir194m 2.630E-02+-1.0E+02 Ir196m(n,3n   ) Ir194n 1.341E-03+-1.0E+02 Ir196m(n,na   ) Re192  1.620E-06+-1.0E+02 Ir196m(n,2na  ) Re191  6.855E-10+-2.0E+02
  Ir196m(n,np   ) Os195  1.561E-05+-1.0E+02 Ir196m(n,nd   ) Os194  4.336E-11+-6.0E+01 Ir196m(n,g    ) Ir197  7.423E-01+-7.8E+01 Ir196m(n,g    ) Ir197m 1.114E-01+-7.8E+01
  Ir196m(n,p    ) Os196  1.910E-04+-5.0E+01 Ir196m(n,d    ) Os195  3.381E-05+-1.0E+02 Ir196m(n,t    ) Os194  1.894E-05+-6.0E+01 Ir196m(n,a    ) Re193  7.273E-05+-6.0E+01
  Pt188 (n,2n   ) Pt187  2.317E-01+-4.0E+01 Pt188 (n,na   ) Os184  1.743E-04+-1.0E+02 Pt188 (n,2na  ) Os183  1.556E-07+-2.1E+02 Pt188 (n,2na  ) Os183m 5.353E-08+-2.1E+02
  Pt188 (n,3na  ) Os182  2.701E-11+-2.0E+02 Pt188 (n,np   ) Ir187  2.311E-04+-1.0E+02 Pt188 (n,n2a  ) W 180  1.422E-11+-2.0E+02 Pt188 (n,g    ) Pt189  5.111E+00+-3.9E+02
  Pt188 (n,p    ) Ir188  1.759E-03+-5.0E+01 Pt188 (n,d    ) Ir187  1.553E-04+-1.0E+02 Pt188 (n,t    ) Ir186  6.694E-07+-8.5E+01 Pt188 (n,t    ) Ir186m 6.179E-07+-8.5E+01
  Pt188 (n,h    ) Os186  2.398E-10+-9.0E+01 Pt188 (n,a    ) Os185  6.827E-04+-6.0E+01 Pt188 (n,2a   ) W 181  1.111E-09+-2.0E+02 Pt188 (n,2p   ) Os187  4.036E-10+-2.0E+02
  Pt188 (n,pa   ) Re184  1.388E-09+-2.1E+02 Pt188 (n,pa   ) Re184m 3.269E-10+-2.1E+02 Pt189 (n,2n   ) Pt188  3.495E-01+-4.0E+01 Pt189 (n,na   ) Os185  1.643E-04+-1.0E+02
  Pt189 (n,2na  ) Os184  2.955E-06+-2.0E+02 Pt189 (n,np   ) Ir188  1.397E-04+-1.0E+02 Pt189 (n,n2a  ) W 181  8.502E-12+-2.0E+02 Pt189 (n,nd   ) Ir187  3.499E-11+-6.0E+01
  Pt189 (n,2np  ) Ir187  1.670E-12+-2.0E+02 Pt189 (n,g    ) Pt190  1.831E+01+-1.9E+02 Pt189 (n,p    ) Ir189  1.468E-03+-5.0E+01 Pt189 (n,d    ) Ir188  1.423E-04+-1.0E+02
  Pt189 (n,t    ) Ir187  2.893E-05+-6.0E+01 Pt189 (n,h    ) Os187  9.922E-11+-9.0E+01 Pt189 (n,a    ) Os186  7.454E-04+-6.0E+01 Pt189 (n,2a   ) W 182  1.341E-09+-2.0E+02
  Pt189 (n,2p   ) Os188  4.623E-10+-2.0E+02 Pt189 (n,pa   ) Re185  2.345E-09+-2.0E+02 Pt190 (n,2n   ) Pt189  2.731E-01+-4.0E+01 Pt190 (n,na   ) Os186  4.434E-05+-1.0E+02
  Pt190 (n,2na  ) Os185  5.537E-08+-2.0E+02 Pt190 (n,np   ) Ir189  4.630E-05+-1.0E+02 Pt190 (n,n2a  ) W 182  1.097E-12+-2.0E+02 Pt190 (n,g    ) Pt191  1.223E+01+-1.8E+01
  Pt190 (n,p    ) Ir190  7.600E-04+-7.8E+01 Pt190 (n,p    ) Ir190m 3.495E-04+-7.8E+01 Pt190 (n,p    ) Ir190n 6.903E-06+-7.8E+01 Pt190 (n,d    ) Ir189  6.808E-05+-1.0E+02
  Pt190 (n,t    ) Ir188  5.512E-07+-6.0E+01 Pt190 (n,h    ) Os188  9.242E-12+-9.0E+01 Pt190 (n,a    ) Os187  8.061E-04+-6.2E+01 Pt190 (n,pa   ) Re186  2.734E-11+-2.1E+02
  Pt190 (n,pa   ) Re186m 5.277E-12+-2.1E+02 Pt191 (n,2n   ) Pt190  3.672E-01+-4.0E+01 Pt191 (n,na   ) Os187  4.093E-05+-1.0E+02 Pt191 (n,2na  ) Os186  4.490E-07+-2.0E+02
  Pt191 (n,np   ) Ir190  2.775E-05+-1.2E+02 Pt191 (n,np   ) Ir190m 2.267E-06+-1.2E+02 Pt191 (n,np   ) Ir190n 1.993E-06+-1.2E+02 Pt191 (n,nd   ) Ir189  2.382E-12+-6.0E+01
  Pt191 (n,g    ) Pt192  1.499E+01+-1.6E+02 Pt191 (n,p    ) Ir191  5.355E-04+-7.8E+01 Pt191 (n,p    ) Ir191m 4.104E-04+-7.8E+01 Pt191 (n,p    ) Ir191n 5.897E-07+-7.8E+01
  Pt191 (n,d    ) Ir190  3.484E-05+-1.2E+02 Pt191 (n,d    ) Ir190m 2.967E-06+-1.2E+02 Pt191 (n,d    ) Ir190n 3.164E-07+-1.2E+02 Pt191 (n,t    ) Ir189  1.463E-05+-6.0E+01
  Pt191 (n,h    ) Os189  1.492E-12+-1.1E+02 Pt191 (n,h    ) Os189m 1.207E-12+-1.1E+02 Pt191 (n,a    ) Os188  3.200E-04+-6.0E+01 Pt191 (n,2a   ) W 184  3.923E-11+-2.0E+02
  Pt191 (n,2p   ) Os190  2.777E-12+-2.1E+02 Pt191 (n,pa   ) Re187  4.696E-11+-2.0E+02 Pt192 (n,2n   ) Pt191  3.554E-01+-1.0E+01 Pt192 (n,na   ) Os188  9.048E-06+-1.0E+02
  Pt192 (n,2na  ) Os187  4.111E-09+-2.0E+02 Pt192 (n,np   ) Ir191  3.395E-06+-1.2E+02 Pt192 (n,np   ) Ir191m 3.479E-06+-1.2E+02 Pt192 (n,np   ) Ir191n 3.776E-08+-1.2E+02
  Pt192 (n,g    ) Pt193  3.617E+00+-4.2E+01 Pt192 (n,g    ) Pt193m 1.206E+00+-4.2E+01 Pt192 (n,p    ) Ir192  4.909E-04+-7.8E+01 Pt192 (n,p    ) Ir192m 2.256E-04+-7.8E+01
  Pt192 (n,p    ) Ir192n 4.459E-06+-7.8E+01 Pt192 (n,d    ) Ir191  1.014E-05+-1.2E+02 Pt192 (n,d    ) Ir191m 3.901E-06+-1.2E+02 Pt192 (n,d    ) Ir191n 1.117E-08+-1.2E+02
  Pt192 (n,t    ) Ir190  7.610E-08+-8.5E+01 Pt192 (n,t    ) Ir190m 7.754E-09+-8.5E+01 Pt192 (n,t    ) Ir190n 6.911E-10+-8.5E+01 Pt192 (n,a    ) Os189  1.078E-04+-8.5E+01
  Pt192 (n,a    ) Os189m 1.604E-04+-8.5E+01 Pt193 (n,n    ) Pt193m 1.037E-01+-1.0E+02 Pt193 (n,2n   ) Pt192  3.793E-01+-4.0E+01 Pt193 (n,na   ) Os189  3.990E-06+-1.2E+02
  Pt193 (n,na   ) Os189m 3.886E-06+-1.2E+02 Pt193 (n,2na  ) Os188  3.136E-08+-2.0E+02 Pt193 (n,np   ) Ir192  8.176E-06+-1.2E+02 Pt193 (n,np   ) Ir192m 6.107E-07+-1.2E+02
  Pt193 (n,np   ) Ir192n 5.871E-07+-1.2E+02 Pt193 (n,g    ) Pt194  7.628E+00+-2.3E+02 Pt193 (n,p    ) Ir193  3.525E-04+-7.8E+01 Pt193 (n,p    ) Ir193m 2.634E-04+-7.8E+01
  Pt193 (n,d    ) Ir192  1.470E-05+-1.2E+02 Pt193 (n,d    ) Ir192m 1.315E-06+-1.2E+02 Pt193 (n,d    ) Ir192n 1.335E-07+-1.2E+02 Pt193 (n,t    ) Ir191  2.174E-06+-8.5E+01
  Pt193 (n,t    ) Ir191m 9.878E-07+-8.5E+01 Pt193 (n,t    ) Ir191n 2.394E-09+-8.5E+01 Pt193 (n,a    ) Os190  1.856E-04+-8.5E+01 Pt193 (n,a    ) Os190m 4.174E-06+-8.5E+01
  Pt193m(n,n    ) Pt193  7.734E-02+-1.0E+02 Pt193m(n,2n   ) Pt192  4.022E-01+-4.0E+01 Pt193m(n,3n   ) Pt191  8.718E-08+-8.0E+01 Pt193m(n,na   ) Os189  4.115E-06+-1.2E+02
  Pt193m(n,na   ) Os189m 4.071E-06+-1.2E+02 Pt193m(n,2na  ) Os188  7.800E-08+-2.0E+02 Pt193m(n,np   ) Ir192  1.158E-05+-1.2E+02 Pt193m(n,np   ) Ir192m 5.663E-07+-1.2E+02
  Pt193m(n,np   ) Ir192n 8.312E-07+-1.2E+02 Pt193m(n,g    ) Pt194  6.409E+00+-2.7E+02 Pt193m(n,p    ) Ir193  3.477E-04+-7.8E+01 Pt193m(n,p    ) Ir193m 2.663E-04+-7.8E+01
  Pt193m(n,d    ) Ir192  1.821E-05+-1.2E+02 Pt193m(n,d    ) Ir192m 9.228E-07+-1.2E+02 Pt193m(n,d    ) Ir192n 1.654E-07+-1.2E+02 Pt193m(n,t    ) Ir191  1.762E-06+-8.5E+01
  Pt193m(n,t    ) Ir191m 1.609E-06+-8.5E+01 Pt193m(n,t    ) Ir191n 1.940E-09+-8.5E+01 Pt193m(n,a    ) Os190  1.809E-04+-8.5E+01 Pt193m(n,a    ) Os190m 4.068E-06+-8.5E+01
  Pt194 (n,2n   ) Pt193  1.256E-01+-7.2E+01 Pt194 (n,2n   ) Pt193m 2.502E-01+-7.2E+01 Pt194 (n,3n   ) Pt192  2.912E-06+-8.0E+01 Pt194 (n,na   ) Os190  1.519E-06+-1.2E+02
  Pt194 (n,na   ) Os190m 1.974E-07+-1.2E+02 Pt194 (n,2na  ) Os189  1.370E-10+-2.1E+02 Pt194 (n,2na  ) Os189m 9.814E-11+-2.1E+02 Pt194 (n,np   ) Ir193  1.815E-06+-1.2E+02
  Pt194 (n,np   ) Ir193m 2.656E-06+-1.2E+02 Pt194 (n,g    ) Pt195  2.812E-01+-5.7E+02 Pt194 (n,g    ) Pt195m 1.689E-02+-4.4E+01 Pt194 (n,p    ) Ir194  5.267E-04+-3.0E+01
  Pt194 (n,p    ) Ir194m 7.915E-06+-3.0E+01 Pt194 (n,p    ) Ir194n 4.601E-06+-6.7E+01 Pt194 (n,d    ) Ir193  5.218E-06+-1.2E+02 Pt194 (n,d    ) Ir193m 4.996E-06+-1.2E+02
  Pt194 (n,t    ) Ir192  3.020E-08+-8.5E+01 Pt194 (n,t    ) Ir192m 3.044E-09+-8.5E+01 Pt194 (n,t    ) Ir192n 2.743E-10+-8.5E+01 Pt194 (n,a    ) Os191  8.780E-05+-8.5E+01
  Pt194 (n,a    ) Os191m 5.634E-05+-8.5E+01 Pt195 (n,n    ) Pt195m 7.850E-02+-1.0E+02 Pt195 (n,2n   ) Pt194  3.813E-01+-4.0E+01 Pt195 (n,3n   ) Pt193  3.275E-05+-1.0E+02
  Pt195 (n,3n   ) Pt193m 7.505E-06+-1.0E+02 Pt195 (n,na   ) Os191  1.569E-06+-1.2E+02 Pt195 (n,na   ) Os191m 1.211E-07+-1.2E+02 Pt195 (n,2na  ) Os190  1.298E-09+-2.1E+02
  Pt195 (n,2na  ) Os190m 1.687E-10+-2.1E+02 Pt195 (n,np   ) Ir194  8.125E-07+-1.2E+02 Pt195 (n,np   ) Ir194m 2.089E-06+-1.2E+02 Pt195 (n,np   ) Ir194n 1.056E-07+-1.2E+02
  Pt195 (n,g    ) Pt196  9.148E+00+-4.1E+01 Pt195 (n,p    ) Ir195  4.353E-04+-3.0E+01 Pt195 (n,p    ) Ir195m 1.785E-04+-3.0E+01 Pt195 (n,d    ) Ir194  2.434E-06+-1.2E+02
  Pt195 (n,d    ) Ir194m 4.326E-06+-1.2E+02 Pt195 (n,d    ) Ir194n 5.474E-08+-1.2E+02 Pt195 (n,t    ) Ir193  1.180E-06+-8.5E+01 Pt195 (n,t    ) Ir193m 1.232E-06+-8.5E+01
  Pt195 (n,a    ) Os192  1.308E-04+-8.5E+01 Pt195 (n,a    ) Os192m 2.942E-06+-8.5E+01 Pt195m(n,n    ) Pt195  1.554E-01+-1.0E+02 Pt195m(n,2n   ) Pt194  4.086E-01+-4.0E+01
  Pt195m(n,3n   ) Pt193  8.467E-05+-1.0E+02 Pt195m(n,3n   ) Pt193m 1.382E-04+-1.0E+02 Pt195m(n,na   ) Os191  1.997E-06+-1.2E+02 Pt195m(n,na   ) Os191m 7.776E-08+-1.2E+02
  Pt195m(n,2na  ) Os190  3.432E-09+-2.1E+02 Pt195m(n,2na  ) Os190m 4.460E-10+-2.1E+02 Pt195m(n,np   ) Ir194  1.128E-06+-1.2E+02 Pt195m(n,np   ) Ir194m 2.900E-06+-1.2E+02
  Pt195m(n,np   ) Ir194n 1.466E-07+-1.2E+02 Pt195m(n,g    ) Pt196  9.207E+00+-1.8E+02 Pt195m(n,p    ) Ir195  2.254E-04+-7.8E+01 Pt195m(n,p    ) Ir195m 1.702E-04+-7.8E+01
  Pt195m(n,d    ) Ir194  4.798E-06+-1.2E+02 Pt195m(n,d    ) Ir194m 8.529E-06+-1.2E+02 Pt195m(n,d    ) Ir194n 1.079E-07+-1.2E+02 Pt195m(n,t    ) Ir193  1.148E-06+-8.5E+01
  Pt195m(n,t    ) Ir193m 2.318E-06+-8.5E+01 Pt195m(n,a    ) Os192  1.259E-04+-8.5E+01 Pt195m(n,a    ) Os192m 2.833E-06+-8.5E+01 Pt196 (n,2n   ) Pt195  1.680E-01+-7.2E+01
  Pt196 (n,2n   ) Pt195m 1.990E-01+-7.2E+01 Pt196 (n,3n   ) Pt194  1.807E-04+-8.0E+01 Pt196 (n,na   ) Os192  3.707E-07+-1.2E+02 Pt196 (n,na   ) Os192m 4.817E-08+-1.2E+02
  Pt196 (n,2na  ) Os191  2.061E-12+-2.1E+02 Pt196 (n,np   ) Ir195  3.412E-07+-1.2E+02 Pt196 (n,np   ) Ir195m 3.406E-07+-1.2E+02 Pt196 (n,g    ) Pt197  2.706E-01+-4.4E+01
  Pt196 (n,g    ) Pt197m 2.250E-02+-1.8E+01 Pt196 (n,p    ) Ir196  1.532E-04+-2.0E+01 Pt196 (n,p    ) Ir196m 4.069E-06+-2.0E+01 Pt196 (n,d    ) Ir195  1.990E-06+-1.2E+02
  Pt196 (n,d    ) Ir195m 7.285E-07+-1.2E+02 Pt196 (n,t    ) Ir194  1.214E-08+-8.5E+01 Pt196 (n,t    ) Ir194m 2.159E-08+-8.5E+01 Pt196 (n,t    ) Ir194n 2.732E-10+-8.5E+01
  Pt196 (n,a    ) Os193  6.800E-05+-3.0E+01 Pt197 (n,n    ) Pt197m 6.171E-02+-1.0E+02 Pt197 (n,2n   ) Pt196  3.889E-01+-4.0E+01 Pt197 (n,3n   ) Pt195  9.444E-04+-1.0E+02
  Pt197 (n,3n   ) Pt195m 6.228E-04+-1.0E+02 Pt197 (n,na   ) Os193  3.229E-07+-1.0E+02 Pt197 (n,2na  ) Os192  1.247E-10+-2.1E+02 Pt197 (n,2na  ) Os192m 1.620E-11+-2.1E+02
  Pt197 (n,np   ) Ir196  3.346E-07+-1.2E+02 Pt197 (n,np   ) Ir196m 2.871E-08+-1.2E+02 Pt197 (n,g    ) Pt198  6.905E-01+-7.9E+02 Pt197 (n,p    ) Ir197  1.419E-04+-7.8E+01
  Pt197 (n,p    ) Ir197m 1.118E-04+-7.8E+01 Pt197 (n,d    ) Ir196  2.183E-06+-1.2E+02 Pt197 (n,d    ) Ir196m 1.527E-07+-1.2E+02 Pt197 (n,t    ) Ir195  5.886E-07+-8.5E+01
  Pt197 (n,t    ) Ir195m 3.418E-07+-8.5E+01 Pt197 (n,a    ) Os194  9.039E-05+-6.0E+01 Pt198 (n,2n   ) Pt197  1.903E-01+-2.0E+01 Pt198 (n,2n   ) Pt197m 1.958E-01+-1.0E+01
  Pt198 (n,3n   ) Pt196  1.986E-03+-8.0E+01 Pt198 (n,na   ) Os194  8.576E-08+-1.0E+02 Pt198 (n,np   ) Ir197  5.083E-08+-1.2E+02 Pt198 (n,np   ) Ir197m 6.416E-08+-1.2E+02
  Pt198 (n,g    ) Pt199  1.348E+00+-1.2E+01 Pt198 (n,g    ) Pt199m 1.047E-02+-2.4E+01 Pt198 (n,p    ) Ir198  1.925E-04+-5.0E+01 Pt198 (n,d    ) Ir197  3.064E-07+-1.2E+02
  Pt198 (n,d    ) Ir197m 3.624E-07+-1.2E+02 Pt198 (n,t    ) Ir196  9.106E-09+-8.5E+01 Pt198 (n,t    ) Ir196m 9.486E-10+-8.5E+01 Pt198 (n,a    ) Os195  5.436E-06+-6.0E+01
  Pt200 (n,2n   ) Pt199  1.976E-01+-7.2E+01 Pt200 (n,2n   ) Pt199m 1.744E-01+-7.2E+01 Pt200 (n,3n   ) Pt198  6.156E-03+-8.0E+01 Pt200 (n,na   ) Os196  3.371E-09+-1.0E+02
  Pt200 (n,np   ) Ir199  3.927E-09+-1.0E+02 Pt200 (n,g    ) Pt201  1.147E-01+-7.7E+02 Pt200 (n,p    ) Ir200  3.216E-05+-5.0E+01 Pt200 (n,d    ) Ir199  1.811E-07+-1.0E+02
  Pt200 (n,t    ) Ir198  4.642E-09+-6.0E+01 Pt200 (n,a    ) Os197  6.417E-07+-6.0E+01 Pt202 (n,2n   ) Pt201  3.808E-01+-4.0E+01 Pt202 (n,3n   ) Pt200  2.603E-02+-8.0E+01
  Pt202 (n,na   ) Os198  3.906E-09+-1.0E+02 Pt202 (n,np   ) Ir201  3.973E-09+-1.0E+02 Pt202 (n,g    ) Pt203  1.837E-01+-7.7E+02 Pt202 (n,p    ) Ir202  2.325E-05+-5.0E+01
  Pt202 (n,d    ) Ir201  6.880E-08+-1.0E+02 Pt202 (n,t    ) Ir200  1.038E-09+-6.0E+01 Pt202 (n,a    ) Os199  1.615E-06+-6.0E+01 Au193 (n,n    ) Au193m 1.887E-01+-1.0E+02
  Au193 (n,2n   ) Au192  1.105E-01+-7.2E+01 Au193 (n,2n   ) Au192m 1.804E-01+-7.2E+01 Au193 (n,2n   ) Au192n 7.937E-03+-7.2E+01 Au193 (n,na   ) Ir189  1.836E-05+-1.0E+02
  Au193 (n,2na  ) Ir188  5.321E-10+-2.0E+02 Au193 (n,np   ) Pt192  1.167E-04+-1.0E+02 Au193 (n,g    ) Au194  1.247E+01+-7.8E+01 Au193 (n,g    ) Au194m 2.740E+00+-7.8E+01
  Au193 (n,g    ) Au194n 1.188E-02+-7.8E+01 Au193 (n,p    ) Pt193  7.807E-04+-7.8E+01 Au193 (n,p    ) Pt193m 3.134E-04+-7.8E+01 Au193 (n,d    ) Pt192  2.983E-04+-1.0E+02
  Au193 (n,t    ) Pt191  6.131E-06+-6.0E+01 Au193 (n,a    ) Ir190  1.830E-04+-8.5E+01 Au193 (n,a    ) Ir190m 8.778E-05+-8.5E+01 Au193 (n,a    ) Ir190n 1.662E-06+-8.5E+01
  Au193 (n,pa   ) Os189  2.995E-11+-2.1E+02 Au193 (n,pa   ) Os189m 2.616E-11+-2.1E+02 Au194 (n,n    ) Au194m 1.245E-01+-1.0E+02 Au194 (n,n    ) Au194n 3.204E-03+-1.0E+02
  Au194 (n,2n   ) Au193  1.334E-01+-7.2E+01 Au194 (n,2n   ) Au193m 2.430E-01+-7.2E+01 Au194 (n,na   ) Ir190  5.459E-06+-1.2E+02 Au194 (n,na   ) Ir190m 3.987E-07+-1.2E+02
  Au194 (n,na   ) Ir190n 3.920E-07+-1.2E+02 Au194 (n,2na  ) Ir189  1.390E-08+-2.0E+02 Au194 (n,np   ) Pt193  7.052E-05+-1.2E+02 Au194 (n,np   ) Pt193m 5.184E-05+-1.2E+02
  Au194 (n,nd   ) Pt192  1.894E-10+-6.0E+01 Au194 (n,2np  ) Pt192  3.726E-11+-2.0E+02 Au194 (n,g    ) Au195  1.400E+01+-7.8E+01 Au194 (n,g    ) Au195m 2.093E+00+-7.8E+01
  Au194 (n,p    ) Pt194  9.309E-04+-5.0E+01 Au194 (n,d    ) Pt193  9.324E-05+-1.2E+02 Au194 (n,d    ) Pt193m 6.346E-05+-1.2E+02 Au194 (n,t    ) Pt192  6.242E-05+-6.0E+01
  Au194 (n,a    ) Ir191  1.471E-04+-8.5E+01 Au194 (n,a    ) Ir191m 1.018E-04+-8.5E+01 Au194 (n,a    ) Ir191n 1.620E-07+-8.5E+01 Au194 (n,pa   ) Os190  2.676E-11+-2.1E+02
  Au194 (n,pa   ) Os190m 3.478E-12+-2.1E+02 Au195 (n,n    ) Au195m 1.972E-01+-1.0E+02 Au195 (n,2n   ) Au194  9.035E-02+-7.2E+01 Au195 (n,2n   ) Au194m 2.111E-01+-7.2E+01
  Au195 (n,2n   ) Au194n 1.167E-02+-7.2E+01 Au195 (n,na   ) Ir191  9.316E-07+-1.2E+02 Au195 (n,na   ) Ir191m 1.181E-06+-1.2E+02 Au195 (n,na   ) Ir191n 1.036E-08+-1.2E+02
  Au195 (n,2na  ) Ir190  1.512E-11+-2.1E+02 Au195 (n,2na  ) Ir190m 1.476E-12+-2.1E+02 Au195 (n,2na  ) Ir190n 1.086E-12+-2.1E+02 Au195 (n,np   ) Pt194  4.358E-05+-1.0E+02
  Au195 (n,g    ) Au196  4.948E+00+-7.8E+01 Au195 (n,g    ) Au196m 1.087E+00+-7.8E+01 Au195 (n,g    ) Au196n 1.983E-03+-7.8E+01 Au195 (n,p    ) Pt195  4.998E-04+-7.8E+01
  Au195 (n,p    ) Pt195m 2.023E-04+-7.8E+01 Au195 (n,d    ) Pt194  1.525E-04+-1.0E+02 Au195 (n,t    ) Pt193  1.979E-06+-8.5E+01 Au195 (n,t    ) Pt193m 1.161E-06+-8.5E+01
  Au195 (n,a    ) Ir192  1.295E-04+-8.5E+01 Au195 (n,a    ) Ir192m 5.974E-05+-8.5E+01 Au195 (n,a    ) Ir192n 1.176E-06+-8.5E+01 Au196 (n,n    ) Au196m 2.186E-01+-1.0E+02
  Au196 (n,n    ) Au196n 2.186E-01+-1.0E+02 Au196 (n,2n   ) Au195  1.245E-01+-7.2E+01 Au196 (n,2n   ) Au195m 2.593E-01+-7.2E+01 Au196 (n,na   ) Ir192  1.649E-06+-1.2E+02
  Au196 (n,na   ) Ir192m 8.457E-08+-1.2E+02 Au196 (n,na   ) Ir192n 1.184E-07+-1.2E+02 Au196 (n,2na  ) Ir191  2.809E-10+-2.1E+02 Au196 (n,2na  ) Ir191m 2.145E-10+-2.1E+02
  Au196 (n,2na  ) Ir191n 3.124E-12+-2.1E+02 Au196 (n,np   ) Pt195  2.813E-05+-1.2E+02 Au196 (n,np   ) Pt195m 2.210E-05+-1.2E+02 Au196 (n,nd   ) Pt194  3.292E-11+-6.0E+01
  Au196 (n,2np  ) Pt194  1.187E-12+-2.0E+02 Au196 (n,g    ) Au197  6.940E+00+-2.0E+02 Au196 (n,g    ) Au197m 1.038E+00+-2.0E+02 Au196 (n,p    ) Pt196  6.049E-04+-5.0E+01
  Au196 (n,d    ) Pt195  6.885E-05+-1.2E+02 Au196 (n,d    ) Pt195m 2.951E-05+-1.2E+02 Au196 (n,t    ) Pt194  3.791E-05+-6.0E+01 Au196 (n,a    ) Ir193  9.855E-05+-8.5E+01
  Au196 (n,a    ) Ir193m 7.252E-05+-8.5E+01 Au196n(n,2n   ) Au195  5.169E-02+-7.2E+01 Au196n(n,2n   ) Au195m 3.029E-01+-7.2E+01 Au196n(n,3n   ) Au194  2.663E-07+-1.0E+02
  Au196n(n,3n   ) Au194m 8.557E-07+-1.0E+02 Au196n(n,na   ) Ir192  1.035E-06+-1.2E+02 Au196n(n,na   ) Ir192m 1.171E-07+-1.2E+02 Au196n(n,na   ) Ir192n 3.313E-06+-1.2E+02
  Au196n(n,2na  ) Ir191  2.953E-10+-2.1E+02 Au196n(n,2na  ) Ir191m 6.874E-10+-2.1E+02 Au196n(n,2na  ) Ir191n 3.285E-12+-2.1E+02 Au196n(n,np   ) Pt195  1.273E-05+-1.2E+02
  Au196n(n,np   ) Pt195m 1.806E-05+-1.2E+02 Au196n(n,nd   ) Pt194  2.553E-10+-6.0E+01 Au196n(n,g    ) Au197  1.109E-01+-2.0E+02 Au196n(n,g    ) Au197m 1.515E+01+-2.1E+02
  Au196n(n,p    ) Pt196  5.664E-04+-5.0E+01 Au196n(n,d    ) Pt195  8.759E-05+-1.2E+02 Au196n(n,d    ) Pt195m 6.563E-05+-1.2E+02 Au196n(n,t    ) Pt194  1.166E-04+-6.0E+01
  Au196n(n,a    ) Ir193  9.047E-05+-8.5E+01 Au196n(n,a    ) Ir193m 7.121E-05+-8.5E+01 Au197 (n,n    ) Au197m 2.130E-01+-2.0E+01 Au197 (n,2n   ) Au196  3.346E-01+-2.0E+01
  Au197 (n,2n   ) Au196m 2.187E-02+-2.0E+01 Au197 (n,2n   ) Au196n 2.176E-02+-1.0E+01 Au197 (n,3n   ) Au195  7.471E-07+-6.1E+01 Au197 (n,na   ) Ir193  3.706E-07+-1.2E+02
  Au197 (n,na   ) Ir193m 8.565E-07+-1.2E+02 Au197 (n,2na  ) Ir192  2.482E-12+-2.1E+02 Au197 (n,np   ) Pt196  1.723E-05+-1.0E+02 Au197 (n,g    ) Au198  3.066E+01+-4.2E+01
  Au197 (n,g    ) Au198m 1.556E-02+-4.2E+01 Au197 (n,p    ) Pt197  3.785E-04+-3.0E+01 Au197 (n,p    ) Pt197m 1.757E-04+-3.0E+01 Au197 (n,d    ) Pt196  7.990E-05+-1.0E+02
  Au197 (n,t    ) Pt195  1.236E-06+-8.5E+01 Au197 (n,t    ) Pt195m 5.297E-07+-8.5E+01 Au197 (n,a    ) Ir194  5.510E-05+-3.0E+01 Au197 (n,a    ) Ir194m 1.962E-06+-3.0E+01
  Au197 (n,a    ) Ir194n 5.645E-07+-8.5E+01 Au198 (n,n    ) Au198m 4.077E-03+-1.0E+02 Au198 (n,2n   ) Au197  1.369E-01+-7.2E+01 Au198 (n,2n   ) Au197m 2.529E-01+-7.2E+01
  Au198 (n,3n   ) Au196  1.203E-06+-1.0E+02 Au198 (n,3n   ) Au196m 8.231E-07+-1.0E+02 Au198 (n,na   ) Ir194  1.372E-07+-1.2E+02 Au198 (n,na   ) Ir194m 3.529E-07+-1.2E+02
  Au198 (n,na   ) Ir194n 1.783E-08+-1.2E+02 Au198 (n,2na  ) Ir193  2.495E-11+-2.1E+02 Au198 (n,2na  ) Ir193m 2.885E-11+-2.1E+02 Au198 (n,np   ) Pt197  7.135E-06+-1.2E+02
  Au198 (n,np   ) Pt197m 5.606E-06+-1.2E+02 Au198 (n,nd   ) Pt196  2.504E-12+-6.0E+01 Au198 (n,g    ) Au199  2.078E+03+-8.3E+00 Au198 (n,p    ) Pt198  3.920E-04+-5.0E+01
  Au198 (n,d    ) Pt197  2.718E-05+-1.2E+02 Au198 (n,d    ) Pt197m 1.165E-05+-1.2E+02 Au198 (n,t    ) Pt196  1.816E-05+-6.0E+01 Au198 (n,a    ) Ir195  6.456E-05+-8.5E+01
  Au198 (n,a    ) Ir195m 4.985E-05+-8.5E+01 Au198m(n,n    ) Au198  2.408E-01+-1.0E+02 Au198m(n,2n   ) Au197  1.561E-01+-7.2E+01 Au198m(n,2n   ) Au197m 2.135E-01+-7.2E+01
  Au198m(n,3n   ) Au196  9.205E-05+-1.0E+02 Au198m(n,3n   ) Au196m 1.403E-04+-1.0E+02 Au198m(n,3n   ) Au196n 8.743E-06+-1.0E+02 Au198m(n,na   ) Ir194  3.863E-07+-1.2E+02
  Au198m(n,na   ) Ir194m 9.933E-07+-1.2E+02 Au198m(n,na   ) Ir194n 5.020E-08+-1.2E+02 Au198m(n,np   ) Pt197  3.340E-06+-1.2E+02 Au198m(n,np   ) Pt197m 5.553E-06+-1.2E+02
  Au198m(n,nd   ) Pt196  6.779E-11+-6.0E+01 Au198m(n,g    ) Au199  1.576E+03+-9.0E+02 Au198m(n,p    ) Pt198  3.602E-04+-5.0E+01 Au198m(n,d    ) Pt197  2.912E-05+-1.2E+02
  Au198m(n,d    ) Pt197m 3.179E-05+-1.2E+02 Au198m(n,t    ) Pt196  8.515E-05+-6.0E+01 Au198m(n,a    ) Ir195  3.815E-06+-8.5E+01 Au198m(n,a    ) Ir195m 5.587E-06+-8.5E+01
  Au199 (n,2n   ) Au198  3.571E-01+-7.2E+01 Au199 (n,2n   ) Au198m 1.255E-02+-7.2E+01 Au199 (n,3n   ) Au197  1.285E-04+-1.0E+02 Au199 (n,3n   ) Au197m 1.699E-05+-1.0E+02
  Au199 (n,na   ) Ir195  9.806E-08+-1.2E+02 Au199 (n,na   ) Ir195m 1.215E-07+-1.2E+02 Au199 (n,np   ) Pt198  4.813E-06+-1.0E+02 Au199 (n,g    ) Au200  9.509E+00+-7.8E+01
  Au199 (n,g    ) Au200m 3.809E-03+-7.8E+01 Au199 (n,p    ) Pt199  2.092E-04+-7.8E+01 Au199 (n,p    ) Pt199m 8.488E-05+-7.8E+01 Au199 (n,d    ) Pt198  3.346E-05+-1.0E+02
  Au199 (n,t    ) Pt197  6.484E-07+-8.5E+01 Au199 (n,t    ) Pt197m 2.779E-07+-8.5E+01 Au199 (n,a    ) Ir196  8.135E-06+-8.5E+01 Au199 (n,a    ) Ir196m 8.838E-07+-8.5E+01
  Au200m(n,n    ) Au200  1.912E+00+-1.0E+02 Au200m(n,2n   ) Au199  3.588E-01+-4.0E+01 Au200m(n,3n   ) Au198  9.547E-04+-1.0E+02 Au200m(n,3n   ) Au198m 3.563E-05+-1.0E+02
  Au200m(n,na   ) Ir196  9.788E-08+-1.2E+02 Au200m(n,na   ) Ir196m 1.116E-08+-1.2E+02 Au200m(n,2na  ) Ir195  1.531E-12+-2.1E+02 Au200m(n,2na  ) Ir195m 3.906E-12+-2.1E+02
  Au200m(n,np   ) Pt199  4.768E-06+-1.2E+02 Au200m(n,np   ) Pt199m 3.746E-06+-1.2E+02 Au200m(n,g    ) Au201  6.763E-01+-6.7E+02 Au200m(n,p    ) Pt200  2.470E-04+-5.0E+01
  Au200m(n,d    ) Pt199  3.171E-05+-1.2E+02 Au200m(n,d    ) Pt199m 1.359E-05+-1.2E+02 Au200m(n,t    ) Pt198  1.857E-05+-6.0E+01 Au200m(n,a    ) Ir197  4.733E-05+-8.5E+01
  Au200m(n,a    ) Ir197m 3.714E-05+-8.5E+01 Hg193 (n,n    ) Hg193m 7.717E-02+-1.0E+02 Hg193 (n,2n   ) Hg192  3.230E-01+-4.0E+01 Hg193 (n,na   ) Pt189  7.368E-05+-1.0E+02
  Hg193 (n,2na  ) Pt188  1.127E-07+-2.0E+02 Hg193 (n,np   ) Au192  6.446E-05+-1.2E+02 Hg193 (n,np   ) Au192m 1.052E-04+-1.2E+02 Hg193 (n,np   ) Au192n 4.629E-06+-1.2E+02
  Hg193 (n,n2a  ) Os185  1.742E-11+-2.0E+02 Hg193 (n,nd   ) Au191  1.129E-12+-8.5E+01 Hg193 (n,g    ) Hg194  1.370E+01+-2.1E+02 Hg193 (n,p    ) Au193  1.081E-03+-7.8E+01
  Hg193 (n,p    ) Au193m 7.978E-04+-7.8E+01 Hg193 (n,d    ) Au192  4.254E-05+-1.2E+02 Hg193 (n,d    ) Au192m 4.609E-05+-1.2E+02 Hg193 (n,d    ) Au192n 3.864E-07+-1.2E+02
  Hg193 (n,t    ) Au191  7.410E-06+-8.5E+01 Hg193 (n,t    ) Au191m 4.574E-06+-8.5E+01 Hg193 (n,h    ) Pt191  4.249E-11+-9.0E+01 Hg193 (n,a    ) Pt190  5.490E-04+-6.0E+01
  Hg193 (n,2a   ) Os186  2.141E-09+-2.0E+02 Hg193 (n,2p   ) Pt192  2.313E-09+-2.0E+02 Hg193 (n,pa   ) Ir189  2.431E-09+-2.0E+02 Hg193m(n,n    ) Hg193  2.009E-01+-1.0E+02
  Hg193m(n,2n   ) Hg192  3.351E-01+-4.0E+01 Hg193m(n,na   ) Pt189  8.132E-05+-1.0E+02 Hg193m(n,2na  ) Pt188  1.619E-07+-2.0E+02 Hg193m(n,np   ) Au192  6.196E-05+-1.2E+02
  Hg193m(n,np   ) Au192m 1.011E-04+-1.2E+02 Hg193m(n,np   ) Au192n 4.449E-06+-1.2E+02 Hg193m(n,n2a  ) Os185  3.596E-11+-2.0E+02 Hg193m(n,nd   ) Au191  1.327E-12+-8.5E+01
  Hg193m(n,g    ) Hg194  1.370E+01+-2.1E+02 Hg193m(n,p    ) Au193  1.047E-03+-7.8E+01 Hg193m(n,p    ) Au193m 8.057E-04+-7.8E+01 Hg193m(n,d    ) Au192  5.676E-05+-1.2E+02
  Hg193m(n,d    ) Au192m 6.149E-05+-1.2E+02 Hg193m(n,d    ) Au192n 5.155E-07+-1.2E+02 Hg193m(n,t    ) Au191  5.743E-06+-8.5E+01 Hg193m(n,t    ) Au191m 7.489E-06+-8.5E+01
  Hg193m(n,h    ) Pt191  5.267E-11+-9.0E+01 Hg193m(n,a    ) Pt190  4.983E-04+-6.0E+01 Hg193m(n,2a   ) Os186  3.062E-09+-2.0E+02 Hg193m(n,2p   ) Pt192  1.389E-09+-2.0E+02
  Hg193m(n,pa   ) Ir189  3.244E-09+-2.0E+02 Hg194 (n,2n   ) Hg193  1.289E-01+-7.2E+01 Hg194 (n,2n   ) Hg193m 4.565E-02+-7.2E+01 Hg194 (n,na   ) Pt190  2.165E-05+-1.0E+02
  Hg194 (n,2na  ) Pt189  3.003E-10+-2.0E+02 Hg194 (n,np   ) Au193  3.526E-05+-1.2E+02 Hg194 (n,np   ) Au193m 2.692E-05+-1.2E+02 Hg194 (n,g    ) Hg195  1.939E+00+-7.8E+01
  Hg194 (n,g    ) Hg195m 1.288E-01+-7.8E+01 Hg194 (n,p    ) Au194  6.975E-04+-7.8E+01 Hg194 (n,p    ) Au194m 7.315E-04+-7.8E+01 Hg194 (n,p    ) Au194n 5.769E-06+-7.8E+01
  Hg194 (n,d    ) Au193  3.087E-05+-1.2E+02 Hg194 (n,d    ) Au193m 2.256E-05+-1.2E+02 Hg194 (n,t    ) Au192  5.568E-08+-8.5E+01 Hg194 (n,t    ) Au192m 6.032E-08+-8.5E+01
  Hg194 (n,t    ) Au192n 5.057E-10+-8.5E+01 Hg194 (n,h    ) Pt192  8.581E-12+-9.0E+01 Hg194 (n,a    ) Pt191  3.380E-04+-6.0E+01 Hg194 (n,2p   ) Pt193  9.569E-12+-2.1E+02
  Hg194 (n,2p   ) Pt193m 8.596E-12+-2.1E+02 Hg194 (n,pa   ) Ir190  1.925E-11+-2.1E+02 Hg194 (n,pa   ) Ir190m 1.703E-12+-2.1E+02 Hg194 (n,pa   ) Ir190n 1.383E-12+-2.1E+02
  Hg195 (n,n    ) Hg195m 1.481E-01+-1.0E+02 Hg195 (n,2n   ) Hg194  3.375E-01+-4.0E+01 Hg195 (n,na   ) Pt191  1.811E-05+-1.0E+02 Hg195 (n,2na  ) Pt190  1.155E-08+-2.0E+02
  Hg195 (n,np   ) Au194  7.941E-06+-1.2E+02 Hg195 (n,np   ) Au194m 1.829E-05+-1.2E+02 Hg195 (n,np   ) Au194n 5.702E-07+-1.2E+02 Hg195 (n,g    ) Hg196  6.138E+00+-3.3E+02
  Hg195 (n,p    ) Au195  6.956E-04+-7.8E+01 Hg195 (n,p    ) Au195m 5.182E-04+-7.8E+01 Hg195 (n,d    ) Au194  9.034E-06+-1.2E+02 Hg195 (n,d    ) Au194m 1.843E-05+-1.2E+02
  Hg195 (n,d    ) Au194n 8.204E-08+-1.2E+02 Hg195 (n,t    ) Au193  3.599E-06+-8.5E+01 Hg195 (n,t    ) Au193m 2.027E-06+-8.5E+01 Hg195 (n,h    ) Pt193  1.047E-12+-1.1E+02
  Hg195 (n,a    ) Pt192  3.228E-04+-6.0E+01 Hg195 (n,2a   ) Os188  4.711E-11+-2.0E+02 Hg195 (n,2p   ) Pt194  5.051E-11+-2.0E+02 Hg195 (n,pa   ) Ir191  1.455E-11+-2.1E+02
  Hg195 (n,pa   ) Ir191m 1.109E-11+-2.1E+02 Hg195m(n,n    ) Hg195  1.127E-01+-1.0E+02 Hg195m(n,2n   ) Hg194  3.683E-01+-4.0E+01 Hg195m(n,na   ) Pt191  2.051E-05+-1.0E+02
  Hg195m(n,2na  ) Pt190  2.761E-08+-2.0E+02 Hg195m(n,np   ) Au194  6.743E-06+-1.2E+02 Hg195m(n,np   ) Au194m 2.905E-05+-1.2E+02 Hg195m(n,np   ) Au194n 4.842E-07+-1.2E+02
  Hg195m(n,g    ) Hg196  6.138E+00+-3.3E+02 Hg195m(n,p    ) Au195  6.804E-04+-7.8E+01 Hg195m(n,p    ) Au195m 5.244E-04+-7.8E+01 Hg195m(n,d    ) Au194  8.023E-06+-1.2E+02
  Hg195m(n,d    ) Au194m 2.322E-05+-1.2E+02 Hg195m(n,d    ) Au194n 7.286E-08+-1.2E+02 Hg195m(n,t    ) Au193  2.788E-06+-8.5E+01 Hg195m(n,t    ) Au193m 3.547E-06+-8.5E+01
  Hg195m(n,h    ) Pt193  1.604E-12+-1.1E+02 Hg195m(n,h    ) Pt193m 1.387E-12+-1.1E+02 Hg195m(n,a    ) Pt192  3.114E-04+-6.0E+01 Hg195m(n,2a   ) Os188  9.625E-11+-2.0E+02
  Hg195m(n,2p   ) Pt194  2.815E-11+-2.0E+02 Hg195m(n,pa   ) Ir191  2.008E-11+-2.1E+02 Hg195m(n,pa   ) Ir191m 2.284E-11+-2.1E+02 Hg196 (n,2n   ) Hg195  8.133E-02+-2.0E+01
  Hg196 (n,2n   ) Hg195m 2.466E-01+-2.0E+01 Hg196 (n,na   ) Pt192  6.079E-06+-1.0E+02 Hg196 (n,2na  ) Pt191  1.916E-11+-2.0E+02 Hg196 (n,np   ) Au195  1.379E-05+-1.2E+02
  Hg196 (n,np   ) Au195m 1.146E-05+-1.2E+02 Hg196 (n,g    ) Hg197  1.795E+02+-4.8E+01 Hg196 (n,g    ) Hg197m 6.285E+00+-9.9E+00 Hg196 (n,p    ) Au196  4.502E-04+-6.7E+01
  Hg196 (n,p    ) Au196m 4.801E-04+-6.7E+01 Hg196 (n,p    ) Au196n 1.808E-06+-6.7E+01 Hg196 (n,d    ) Au195  1.983E-05+-1.2E+02 Hg196 (n,d    ) Au195m 1.257E-05+-1.2E+02
  Hg196 (n,t    ) Au194  2.208E-08+-8.5E+01 Hg196 (n,t    ) Au194m 3.032E-08+-8.5E+01 Hg196 (n,t    ) Au194n 2.005E-10+-8.5E+01 Hg196 (n,a    ) Pt193  1.720E-04+-8.5E+01
  Hg196 (n,a    ) Pt193m 7.054E-05+-8.5E+01 Hg197 (n,n    ) Hg197m 9.508E-02+-1.0E+02 Hg197 (n,2n   ) Hg196  3.568E-01+-4.0E+01 Hg197 (n,na   ) Pt193  1.868E-06+-1.2E+02
  Hg197 (n,na   ) Pt193m 3.451E-06+-1.2E+02 Hg197 (n,2na  ) Pt192  1.191E-09+-2.0E+02 Hg197 (n,np   ) Au196  3.293E-06+-1.2E+02 Hg197 (n,np   ) Au196m 6.241E-06+-1.2E+02
  Hg197 (n,np   ) Au196n 1.159E-07+-1.2E+02 Hg197 (n,g    ) Hg198  1.938E+00+-5.6E+02 Hg197 (n,p    ) Au197  4.516E-04+-7.8E+01 Hg197 (n,p    ) Au197m 3.375E-04+-7.8E+01
  Hg197 (n,d    ) Au196  6.224E-06+-1.2E+02 Hg197 (n,d    ) Au196m 7.833E-06+-1.2E+02 Hg197 (n,d    ) Au196n 2.500E-08+-1.2E+02 Hg197 (n,t    ) Au195  1.918E-06+-8.5E+01
  Hg197 (n,t    ) Au195m 1.275E-06+-8.5E+01 Hg197 (n,a    ) Pt194  2.162E-04+-6.0E+01 Hg197m(n,n    ) Hg197  5.982E-01+-1.0E+02 Hg197m(n,2n   ) Hg196  3.776E-01+-4.0E+01
  Hg197m(n,na   ) Pt193  1.216E-06+-1.2E+02 Hg197m(n,na   ) Pt193m 5.180E-06+-1.2E+02 Hg197m(n,2na  ) Pt192  3.534E-09+-2.0E+02 Hg197m(n,np   ) Au196  3.543E-06+-1.2E+02
  Hg197m(n,np   ) Au196m 8.105E-06+-1.2E+02 Hg197m(n,np   ) Au196n 1.247E-07+-1.2E+02 Hg197m(n,g    ) Hg198  1.938E+00+-5.6E+02 Hg197m(n,p    ) Au197  4.298E-04+-7.8E+01
  Hg197m(n,p    ) Au197m 3.465E-04+-7.8E+01 Hg197m(n,d    ) Au196  7.346E-06+-1.2E+02 Hg197m(n,d    ) Au196m 1.073E-05+-1.2E+02 Hg197m(n,d    ) Au196n 2.950E-08+-1.2E+02
  Hg197m(n,t    ) Au195  1.855E-06+-8.5E+01 Hg197m(n,t    ) Au195m 2.348E-06+-8.5E+01 Hg197m(n,a    ) Pt194  2.112E-04+-6.0E+01 Hg197m(n,2a   ) Os190  1.361E-12+-2.1E+02
  Hg197m(n,pa   ) Ir193m 1.230E-12+-2.1E+02 Hg198 (n,2n   ) Hg197  1.800E-01+-2.0E+01 Hg198 (n,2n   ) Hg197m 1.621E-01+-2.0E+01 Hg198 (n,na   ) Pt194  1.575E-06+-1.0E+02
  Hg198 (n,np   ) Au197  4.270E-06+-1.2E+02 Hg198 (n,np   ) Au197m 2.851E-06+-1.2E+02 Hg198 (n,g    ) Hg199  1.892E+00+-9.8E+00 Hg198 (n,g    ) Hg199m 1.968E-02+-5.0E+01
  Hg198 (n,p    ) Au198  6.082E-04+-6.7E+01 Hg198 (n,p    ) Au198m 2.443E-06+-6.7E+01 Hg198 (n,d    ) Au197  7.605E-06+-1.2E+02 Hg198 (n,d    ) Au197m 4.897E-06+-1.2E+02
  Hg198 (n,t    ) Au196  1.112E-08+-8.5E+01 Hg198 (n,t    ) Au196m 1.307E-08+-8.5E+01 Hg198 (n,t    ) Au196n 4.467E-11+-8.5E+01 Hg198 (n,a    ) Pt195  1.144E-04+-8.5E+01
  Hg198 (n,a    ) Pt195m 4.909E-05+-8.5E+01 Hg199 (n,n    ) Hg199m 7.005E-02+-2.0E+01 Hg199 (n,2n   ) Hg198  3.793E-01+-4.0E+01 Hg199 (n,na   ) Pt195  5.779E-07+-1.2E+02
  Hg199 (n,na   ) Pt195m 7.149E-07+-1.2E+02 Hg199 (n,2na  ) Pt194  1.261E-10+-2.0E+02 Hg199 (n,np   ) Au198  5.225E-06+-1.2E+02 Hg199 (n,np   ) Au198m 1.839E-07+-1.2E+02
  Hg199 (n,g    ) Hg200  1.322E+02+-9.5E+00 Hg199 (n,p    ) Au199  4.916E-04+-3.0E+01 Hg199 (n,d    ) Au198  1.165E-05+-1.2E+02 Hg199 (n,d    ) Au198m 4.680E-08+-1.2E+02
  Hg199 (n,t    ) Au197  8.816E-07+-8.5E+01 Hg199 (n,t    ) Au197m 5.036E-07+-8.5E+01 Hg199 (n,a    ) Pt196  1.556E-04+-5.8E+01 Hg200 (n,2n   ) Hg199  1.572E-01+-4.0E+01
  Hg200 (n,2n   ) Hg199m 1.331E-01+-2.0E+01 Hg200 (n,3n   ) Hg198  3.936E-07+-8.0E+01 Hg200 (n,na   ) Pt196  3.820E-07+-1.0E+02 Hg200 (n,np   ) Au199  1.318E-06+-1.0E+02
  Hg200 (n,g    ) Hg201  1.638E-01+-2.8E+01 Hg200 (n,p    ) Au200  3.622E-04+-6.2E+01 Hg200 (n,p    ) Au200m 1.592E-06+-6.2E+01 Hg200 (n,d    ) Au199  4.993E-06+-1.0E+02
  Hg200 (n,t    ) Au198  3.467E-08+-8.5E+01 Hg200 (n,t    ) Au198m 1.393E-10+-8.5E+01 Hg200 (n,a    ) Pt197  7.942E-05+-8.5E+01 Hg200 (n,a    ) Pt197m 3.498E-05+-8.5E+01
  Hg201 (n,2n   ) Hg200  3.948E-01+-4.0E+01 Hg201 (n,3n   ) Hg199  5.608E-05+-1.0E+02 Hg201 (n,3n   ) Hg199m 8.727E-08+-1.0E+02 Hg201 (n,na   ) Pt197  1.776E-07+-1.2E+02
  Hg201 (n,na   ) Pt197m 1.867E-07+-1.2E+02 Hg201 (n,2na  ) Pt196  1.083E-11+-2.0E+02 Hg201 (n,np   ) Au200  1.980E-06+-1.2E+02 Hg201 (n,np   ) Au200m 6.970E-08+-1.2E+02
  Hg201 (n,g    ) Hg202  1.333E+00+-1.7E+01 Hg201 (n,p    ) Au201  3.248E-04+-3.0E+01 Hg201 (n,d    ) Au200  5.610E-06+-1.2E+02 Hg201 (n,d    ) Au200m 2.253E-08+-1.2E+02
  Hg201 (n,t    ) Au199  9.241E-07+-6.0E+01 Hg201 (n,a    ) Pt198  1.122E-04+-6.0E+01 Hg202 (n,2n   ) Hg201  3.766E-01+-4.0E+01 Hg202 (n,3n   ) Hg200  1.699E-04+-8.0E+01
  Hg202 (n,na   ) Pt198  9.680E-08+-1.0E+02 Hg202 (n,np   ) Au201  3.635E-07+-1.0E+02 Hg202 (n,g    ) Hg203  3.532E-01+-9.7E+00 Hg202 (n,p    ) Au202  2.610E-04+-5.0E+01
  Hg202 (n,d    ) Au201  1.735E-06+-1.0E+02 Hg202 (n,t    ) Au200  2.380E-08+-8.5E+01 Hg202 (n,t    ) Au200m 9.559E-11+-8.5E+01 Hg202 (n,a    ) Pt199  3.165E-06+-9.0E+02
  Hg202 (n,a    ) Pt199m 1.694E-06+-9.0E+02 Hg203 (n,2n   ) Hg202  4.024E-01+-4.0E+01 Hg203 (n,3n   ) Hg201  8.000E-04+-8.0E+01 Hg203 (n,na   ) Pt199  5.506E-08+-1.2E+02
  Hg203 (n,na   ) Pt199m 3.530E-08+-1.2E+02 Hg203 (n,np   ) Au202  7.224E-07+-1.0E+02 Hg203 (n,g    ) Hg204  3.479E-01+-8.1E+02 Hg203 (n,p    ) Au203  2.209E-04+-5.0E+01
  Hg203 (n,d    ) Au202  1.788E-06+-1.0E+02 Hg203 (n,t    ) Au201  4.599E-07+-6.0E+01 Hg203 (n,a    ) Pt200  7.876E-05+-6.0E+01 Hg204 (n,2n   ) Hg203  3.599E-01+-1.0E+01
  Hg204 (n,3n   ) Hg202  1.027E-03+-8.0E+01 Hg204 (n,na   ) Pt200  2.262E-08+-1.0E+02 Hg204 (n,np   ) Au203  6.445E-08+-1.0E+02 Hg204 (n,g    ) Hg205  5.201E-02+-1.7E+01
  Hg204 (n,p    ) Au204  1.702E-04+-5.0E+01 Hg204 (n,d    ) Au203  5.323E-07+-1.0E+02 Hg204 (n,t    ) Au202  1.378E-08+-6.0E+01 Hg204 (n,a    ) Pt201  1.362E-06+-6.0E+01
  Tl199 (n,2n   ) Tl198  1.315E-01+-7.2E+01 Tl199 (n,2n   ) Tl198m 1.506E-01+-7.2E+01 Tl199 (n,na   ) Au195  3.050E-06+-1.2E+02 Tl199 (n,na   ) Au195m 4.475E-06+-1.2E+02
  Tl199 (n,2na  ) Au194  2.776E-12+-2.1E+02 Tl199 (n,2na  ) Au194m 2.816E-12+-2.1E+02 Tl199 (n,np   ) Hg198  1.058E-04+-1.0E+02 Tl199 (n,g    ) Tl200  6.744E+00+-3.0E+02
  Tl199 (n,p    ) Hg199  6.559E-04+-7.8E+01 Tl199 (n,p    ) Hg199m 2.670E-04+-7.8E+01 Tl199 (n,d    ) Hg198  2.416E-04+-1.0E+02 Tl199 (n,t    ) Hg197  4.596E-06+-8.5E+01
  Tl199 (n,t    ) Hg197m 1.266E-06+-8.5E+01 Tl199 (n,a    ) Au196  1.068E-04+-8.5E+01 Tl199 (n,a    ) Au196m 1.143E-04+-8.5E+01 Tl199 (n,a    ) Au196n 4.288E-07+-8.5E+01
  Tl200 (n,2n   ) Tl199  3.351E-01+-4.0E+01 Tl200 (n,na   ) Au196  6.662E-07+-1.2E+02 Tl200 (n,na   ) Au196m 1.665E-06+-1.2E+02 Tl200 (n,na   ) Au196n 2.345E-08+-1.2E+02
  Tl200 (n,2na  ) Au195  2.191E-10+-2.1E+02 Tl200 (n,2na  ) Au195m 1.050E-10+-2.1E+02 Tl200 (n,np   ) Hg199  6.346E-05+-1.2E+02 Tl200 (n,np   ) Hg199m 4.986E-05+-1.2E+02
  Tl200 (n,nd   ) Hg198  5.197E-11+-6.0E+01 Tl200 (n,2np  ) Hg198  6.691E-12+-2.0E+02 Tl200 (n,g    ) Tl201  3.517E+00+-3.2E+02 Tl200 (n,p    ) Hg200  7.892E-04+-5.0E+01
  Tl200 (n,d    ) Hg199  1.263E-04+-1.2E+02 Tl200 (n,d    ) Hg199m 5.414E-05+-1.2E+02 Tl200 (n,t    ) Hg198  4.349E-05+-6.0E+01 Tl200 (n,a    ) Au197  1.113E-04+-8.5E+01
  Tl200 (n,a    ) Au197m 8.422E-05+-8.5E+01 Tl201 (n,2n   ) Tl200  3.280E-01+-4.0E+01 Tl201 (n,na   ) Au197  1.089E-06+-1.2E+02 Tl201 (n,na   ) Au197m 1.114E-06+-1.2E+02
  Tl201 (n,np   ) Hg200  4.385E-05+-1.0E+02 Tl201 (n,g    ) Tl202  1.077E+00+-6.4E+02 Tl201 (n,p    ) Hg201  5.964E-04+-5.0E+01 Tl201 (n,d    ) Hg200  1.628E-04+-1.0E+02
  Tl201 (n,t    ) Hg199  3.330E-06+-8.5E+01 Tl201 (n,t    ) Hg199m 1.427E-06+-8.5E+01 Tl201 (n,a    ) Au198  1.665E-04+-8.5E+01 Tl201 (n,a    ) Au198m 6.686E-07+-8.5E+01
  Tl202 (n,2n   ) Tl201  3.725E-01+-4.0E+01 Tl202 (n,na   ) Au198  1.534E-06+-1.2E+02 Tl202 (n,na   ) Au198m 5.400E-08+-1.2E+02 Tl202 (n,2na  ) Au197  4.499E-11+-2.1E+02
  Tl202 (n,2na  ) Au197m 1.406E-11+-2.1E+02 Tl202 (n,np   ) Hg201  3.206E-05+-1.0E+02 Tl202 (n,nd   ) Hg200  1.388E-11+-6.0E+01 Tl202 (n,g    ) Tl203  1.293E+00+-5.0E+02
  Tl202 (n,p    ) Hg202  5.166E-04+-5.0E+01 Tl202 (n,d    ) Hg201  7.900E-05+-1.0E+02 Tl202 (n,t    ) Hg200  2.540E-05+-6.0E+01 Tl202 (n,a    ) Au199  1.393E-04+-6.0E+01
  Tl203 (n,2n   ) Tl202  3.329E-01+-1.0E+01 Tl203 (n,3n   ) Tl201  4.123E-07+-1.0E+01 Tl203 (n,na   ) Au199  8.233E-07+-1.0E+02 Tl203 (n,np   ) Hg202  1.736E-05+-1.0E+02
  Tl203 (n,g    ) Tl204  1.793E+00+-7.2E+00 Tl203 (n,p    ) Hg203  5.930E-04+-5.0E+01 Tl203 (n,d    ) Hg202  6.853E-05+-1.0E+02 Tl203 (n,t    ) Hg201  2.017E-06+-6.0E+01
  Tl203 (n,a    ) Au200  8.624E-05+-4.1E+01 Tl203 (n,a    ) Au200m 3.465E-07+-4.1E+01 Tl204 (n,2n   ) Tl203  3.827E-01+-4.0E+01 Tl204 (n,3n   ) Tl202  6.498E-06+-8.0E+01
  Tl204 (n,na   ) Au200  4.342E-07+-1.2E+02 Tl204 (n,na   ) Au200m 1.528E-08+-1.2E+02 Tl204 (n,2na  ) Au199  4.993E-12+-2.0E+02 Tl204 (n,np   ) Hg203  1.119E-05+-1.0E+02
  Tl204 (n,nd   ) Hg202  1.217E-12+-6.0E+01 Tl204 (n,g    ) Tl205  2.871E+00+-1.3E+01 Tl204 (n,p    ) Hg204  3.395E-04+-5.0E+01 Tl204 (n,d    ) Hg203  3.347E-05+-1.0E+02
  Tl204 (n,t    ) Hg202  1.207E-05+-6.0E+01 Tl204 (n,a    ) Au201  1.016E-04+-6.0E+01 Tl205 (n,2n   ) Tl204  3.524E-01+-1.0E+01 Tl205 (n,3n   ) Tl203  4.901E-05+-8.0E+01
  Tl205 (n,na   ) Au201  4.232E-07+-1.0E+02 Tl205 (n,np   ) Hg204  4.650E-06+-1.0E+02 Tl205 (n,g    ) Tl206  3.384E-02+-7.8E+01 Tl205 (n,g    ) Tl206m 1.491E-05+-7.8E+01
  Tl205 (n,p    ) Hg205  2.040E-04+-3.0E+01 Tl205 (n,d    ) Hg204  2.893E-05+-1.0E+02 Tl205 (n,t    ) Hg203  3.186E-06+-4.0E+01 Tl205 (n,a    ) Au202  3.330E-05+-2.5E+01
  Pb200 (n,2n   ) Pb199  1.178E-01+-7.2E+01 Pb200 (n,2n   ) Pb199m 9.255E-02+-7.2E+01 Pb200 (n,na   ) Hg196  2.067E-05+-1.0E+02 Pb200 (n,2na  ) Hg195  1.343E-10+-2.1E+02
  Pb200 (n,2na  ) Hg195m 6.761E-11+-2.1E+02 Pb200 (n,np   ) Tl199  6.123E-05+-1.0E+02 Pb200 (n,g    ) Pb201  1.014E+00+-7.8E+01 Pb200 (n,g    ) Pb201m 6.745E-02+-7.8E+01
  Pb200 (n,p    ) Tl200  1.235E-03+-5.0E+01 Pb200 (n,d    ) Tl199  9.642E-05+-1.0E+02 Pb200 (n,t    ) Tl198  3.606E-07+-8.5E+01 Pb200 (n,t    ) Tl198m 1.017E-07+-8.5E+01
  Pb200 (n,h    ) Hg198  2.545E-11+-9.0E+01 Pb200 (n,a    ) Hg197  2.154E-04+-8.5E+01 Pb200 (n,a    ) Hg197m 8.647E-05+-8.5E+01 Pb200 (n,2a   ) Pt193  1.914E-12+-2.1E+02
  Pb200 (n,2a   ) Pt193m 3.073E-12+-2.1E+02 Pb200 (n,2p   ) Hg199  1.162E-10+-2.1E+02 Pb200 (n,2p   ) Hg199m 5.013E-11+-2.1E+02 Pb200 (n,pa   ) Au196  3.346E-12+-2.1E+02
  Pb200 (n,pa   ) Au196m 7.928E-12+-2.1E+02 Pb201 (n,2n   ) Pb200  2.879E-01+-4.0E+01 Pb201 (n,na   ) Hg197  1.193E-05+-1.2E+02 Pb201 (n,na   ) Hg197m 1.084E-05+-1.2E+02
  Pb201 (n,2na  ) Hg196  4.161E-09+-2.0E+02 Pb201 (n,np   ) Tl200  8.887E-05+-1.0E+02 Pb201 (n,g    ) Pb202  8.072E+00+-2.3E+02 Pb201 (n,g    ) Pb202m 5.153E-02+-2.2E+02
  Pb201 (n,p    ) Tl201  1.031E-03+-5.0E+01 Pb201 (n,d    ) Tl200  8.999E-05+-1.0E+02 Pb201 (n,t    ) Tl199  9.039E-06+-6.0E+01 Pb201 (n,h    ) Hg199  5.499E-12+-1.1E+02
  Pb201 (n,h    ) Hg199m 2.357E-12+-1.1E+02 Pb201 (n,a    ) Hg198  2.662E-04+-6.0E+01 Pb201 (n,2p   ) Hg200  5.482E-11+-2.0E+02 Pb201 (n,pa   ) Au197  6.688E-12+-2.1E+02
  Pb201 (n,pa   ) Au197m 3.756E-12+-2.1E+02 Pb202 (n,n    ) Pb202m 3.527E-02+-1.0E+02 Pb202 (n,2n   ) Pb201  1.598E-01+-7.2E+01 Pb202 (n,2n   ) Pb201m 9.337E-02+-7.2E+01
  Pb202 (n,na   ) Hg198  8.912E-06+-1.0E+02 Pb202 (n,2na  ) Hg197  5.715E-11+-2.1E+02 Pb202 (n,2na  ) Hg197m 1.805E-11+-2.1E+02 Pb202 (n,np   ) Tl201  2.565E-05+-1.0E+02
  Pb202 (n,g    ) Pb203  5.060E-01+-7.8E+01 Pb202 (n,g    ) Pb203m 3.363E-02+-7.8E+01 Pb202 (n,g    ) Pb203n 2.148E-05+-7.8E+01 Pb202 (n,p    ) Tl202  8.086E-04+-5.0E+01
  Pb202 (n,d    ) Tl201  4.442E-05+-1.0E+02 Pb202 (n,t    ) Tl200  3.319E-07+-6.0E+01 Pb202 (n,a    ) Hg199  1.540E-04+-8.5E+01 Pb202 (n,a    ) Hg199m 6.375E-05+-8.5E+01
  Pb203 (n,n    ) Pb203m 1.220E-01+-1.0E+02 Pb203 (n,n    ) Pb203n 1.220E-01+-1.0E+02 Pb203 (n,2n   ) Pb202  2.764E-01+-7.2E+01 Pb203 (n,2n   ) Pb202m 6.450E-02+-7.2E+01
  Pb203 (n,na   ) Hg199  4.061E-06+-1.2E+02 Pb203 (n,na   ) Hg199m 4.917E-06+-1.2E+02 Pb203 (n,2na  ) Hg198  1.405E-09+-2.0E+02 Pb203 (n,np   ) Tl202  2.871E-05+-1.0E+02
  Pb203 (n,g    ) Pb204  8.354E-01+-7.8E+01 Pb203 (n,g    ) Pb204m 5.240E-03+-7.8E+01 Pb203 (n,p    ) Tl203  6.803E-04+-5.0E+01 Pb203 (n,d    ) Tl202  3.963E-05+-1.0E+02
  Pb203 (n,t    ) Tl201  4.091E-06+-6.0E+01 Pb203 (n,a    ) Hg200  1.872E-04+-6.0E+01 Pb204 (n,n    ) Pb204m 1.915E-02+-1.0E+01 Pb204 (n,2n   ) Pb203  1.951E-01+-4.0E+01
  Pb204 (n,2n   ) Pb203m 1.804E-01+-1.0E+01 Pb204 (n,2n   ) Pb203n 1.702E-03+-6.1E+01 Pb204 (n,na   ) Hg200  3.238E-06+-1.0E+02 Pb204 (n,2na  ) Hg199  1.677E-11+-2.1E+02
  Pb204 (n,2na  ) Hg199m 3.950E-12+-2.1E+02 Pb204 (n,np   ) Tl203  8.975E-06+-1.0E+02 Pb204 (n,g    ) Pb205  9.535E-02+-7.8E+01 Pb204 (n,g    ) Pb205m 6.509E-03+-7.8E+01
  Pb204 (n,p    ) Tl204  5.331E-04+-5.0E+01 Pb204 (n,d    ) Tl203  1.948E-05+-1.0E+02 Pb204 (n,t    ) Tl202  1.874E-07+-6.0E+01 Pb204 (n,a    ) Hg201  1.546E-04+-6.0E+01
  Pb205 (n,2n   ) Pb204  3.120E-01+-7.2E+01 Pb205 (n,2n   ) Pb204m 7.271E-02+-7.2E+01 Pb205 (n,na   ) Hg201  2.056E-06+-1.0E+02 Pb205 (n,2na  ) Hg200  3.196E-10+-2.0E+02
  Pb205 (n,np   ) Tl204  8.786E-06+-1.0E+02 Pb205 (n,g    ) Pb206  3.792E-01+-4.4E+01 Pb205 (n,p    ) Tl205  4.485E-04+-5.0E+01 Pb205 (n,d    ) Tl204  1.912E-05+-1.0E+02
  Pb205 (n,t    ) Tl203  1.820E-06+-6.0E+01 Pb205 (n,a    ) Hg202  1.340E-04+-6.0E+01 Pb206 (n,2n   ) Pb205  2.042E-01+-6.1E+01 Pb206 (n,2n   ) Pb205m 1.600E-01+-6.1E+01
  Pb206 (n,3n   ) Pb204  3.605E-09+-5.0E+01 Pb206 (n,na   ) Hg202  9.199E-07+-1.0E+02 Pb206 (n,2na  ) Hg201  6.419E-12+-2.0E+02 Pb206 (n,np   ) Tl205  3.054E-06+-1.0E+02
  Pb206 (n,g    ) Pb207  7.590E-03+-3.5E+01 Pb206 (n,g    ) Pb207m 2.366E-04+-4.2E+01 Pb206 (n,p    ) Tl206  3.519E-04+-6.7E+01 Pb206 (n,p    ) Tl206m 1.413E-06+-6.7E+01
  Pb206 (n,d    ) Tl205  6.794E-06+-1.0E+02 Pb206 (n,t    ) Tl204  8.741E-08+-6.0E+01 Pb206 (n,a    ) Hg203  5.627E-05+-2.0E+01 Pb207 (n,n    ) Pb207m 5.440E-02+-1.0E+01
  Pb207 (n,2n   ) Pb206  3.646E-01+-1.0E+01 Pb207 (n,3n   ) Pb205  3.817E-09+-1.0E+02 Pb207 (n,na   ) Hg203  4.517E-07+-1.0E+02 Pb207 (n,2na  ) Hg202  1.216E-10+-2.0E+02
  Pb207 (n,np   ) Tl206  1.543E-06+-1.2E+02 Pb207 (n,np   ) Tl206m 5.431E-08+-1.2E+02 Pb207 (n,g    ) Pb208  4.956E-02+-8.5E+00 Pb207 (n,p    ) Tl207  1.675E-04+-6.7E+01
  Pb207 (n,p    ) Tl207m 1.239E-04+-6.7E+01 Pb207 (n,d    ) Tl206  5.566E-06+-1.2E+02 Pb207 (n,d    ) Tl206m 2.235E-08+-1.2E+02 Pb207 (n,t    ) Tl205  5.400E-07+-6.0E+01
  Pb207 (n,a    ) Hg204  2.143E-04+-3.0E+01 Pb208 (n,2n   ) Pb207  1.810E-01+-2.0E+01 Pb208 (n,2n   ) Pb207m 1.943E-01+-2.0E+01 Pb208 (n,3n   ) Pb206  5.977E-05+-1.0E+02
  Pb208 (n,na   ) Hg204  2.018E-07+-1.0E+02 Pb208 (n,np   ) Tl207  2.915E-07+-1.2E+02 Pb208 (n,np   ) Tl207m 1.758E-08+-1.2E+02 Pb208 (n,g    ) Pb209  6.890E-04+-3.8E+01
  Pb208 (n,p    ) Tl208  9.564E-05+-2.0E+01 Pb208 (n,d    ) Tl207  1.473E-06+-1.2E+02 Pb208 (n,d    ) Tl207m 2.889E-07+-1.2E+02 Pb208 (n,t    ) Tl206  6.113E-08+-8.5E+01
  Pb208 (n,t    ) Tl206m 2.455E-10+-8.5E+01 Pb208 (n,a    ) Hg205  4.797E-05+-2.9E+01 Pb209 (n,2n   ) Pb208  3.952E-01+-4.0E+01 Pb209 (n,3n   ) Pb207  3.089E-02+-1.0E+02
  Pb209 (n,3n   ) Pb207m 7.703E-03+-1.0E+02 Pb209 (n,na   ) Hg205  1.056E-06+-1.0E+02 Pb209 (n,2na  ) Hg204  1.008E-09+-2.0E+02 Pb209 (n,np   ) Tl208  4.217E-07+-1.0E+02
  Pb209 (n,nd   ) Tl207  1.252E-11+-8.5E+01 Pb209 (n,g    ) Pb210  1.030E-01+-8.9E+02 Pb209 (n,p    ) Tl209  1.851E-04+-5.0E+01 Pb209 (n,d    ) Tl208  1.527E-06+-1.0E+02
  Pb209 (n,t    ) Tl207  1.181E-05+-8.5E+01 Pb209 (n,t    ) Tl207m 5.204E-06+-8.5E+01 Pb209 (n,a    ) Hg206  9.113E-05+-3.0E+01 Pb210 (n,2n   ) Pb209  3.095E-01+-4.0E+01
  Pb210 (n,3n   ) Pb208  1.472E-01+-8.0E+01 Pb210 (n,na   ) Hg206  2.720E-06+-1.0E+02 Pb210 (n,2na  ) Hg205  3.578E-09+-2.0E+02 Pb210 (n,np   ) Tl209  1.161E-07+-1.0E+02
  Pb210 (n,nt   ) Tl207  2.369E-10+-2.1E+02 Pb210 (n,nt   ) Tl207m 1.226E-12+-2.1E+02 Pb210 (n,g    ) Pb211  3.354E-02+-9.7E+01 Pb210 (n,p    ) Tl210  1.742E-05+-5.0E+01
  Pb210 (n,d    ) Tl209  1.038E-06+-1.0E+02 Pb210 (n,t    ) Tl208  1.882E-06+-6.0E+01 Pb210 (n,a    ) Hg207  6.045E-05+-6.0E+01 Pb212 (n,2n   ) Pb211  2.261E-01+-4.0E+01
  Pb212 (n,3n   ) Pb210  2.447E-01+-8.0E+01 Pb212 (n,na   ) Hg208  4.474E-05+-1.0E+02 Pb212 (n,2na  ) Hg207  1.843E-07+-2.0E+02 Pb212 (n,3na  ) Hg206  3.004E-10+-2.0E+02
  Pb212 (n,nt   ) Tl209  8.660E-11+-2.0E+02 Pb212 (n,4n   ) Pb209  1.535E-05+-1.0E+02 Pb212 (n,g    ) Pb213  1.940E-02+-7.3E+02 Pb212 (n,t    ) Tl210  1.004E-06+-6.0E+01
  Pb212 (n,a    ) Hg209  4.830E-05+-6.0E+01 Bi203 (n,2n   ) Bi202  1.355E-01+-4.0E+01 Bi203 (n,na   ) Tl199  3.602E-05+-1.0E+02 Bi203 (n,2na  ) Tl198  1.178E-09+-2.1E+02
  Bi203 (n,2na  ) Tl198m 2.295E-10+-2.1E+02 Bi203 (n,np   ) Pb202  2.310E-04+-1.2E+02 Bi203 (n,np   ) Pb202m 5.418E-05+-1.2E+02 Bi203 (n,nd   ) Pb201  2.026E-11+-8.5E+01
  Bi203 (n,nd   ) Pb201m 1.075E-12+-8.5E+01 Bi203 (n,2np  ) Pb201  3.494E-12+-2.1E+02 Bi203 (n,g    ) Bi204  2.609E+00+-3.2E+02 Bi203 (n,p    ) Pb203  8.690E-04+-7.8E+01
  Bi203 (n,p    ) Pb203m 3.533E-04+-7.8E+01 Bi203 (n,p    ) Pb203n 4.173E-07+-7.8E+01 Bi203 (n,d    ) Pb202  5.857E-04+-1.2E+02 Bi203 (n,d    ) Pb202m 3.083E-05+-1.2E+02
  Bi203 (n,t    ) Pb201  1.843E-05+-8.5E+01 Bi203 (n,t    ) Pb201m 1.076E-05+-8.5E+01 Bi203 (n,h    ) Tl201  1.375E-10+-9.0E+01 Bi203 (n,a    ) Tl200  2.924E-04+-6.0E+01
  Bi203 (n,2a   ) Au196  2.281E-12+-2.1E+02 Bi203 (n,2a   ) Au196m 6.286E-12+-2.1E+02 Bi203 (n,2p   ) Tl202  1.681E-10+-2.0E+02 Bi203 (n,pa   ) Hg199  4.250E-10+-2.1E+02
  Bi203 (n,pa   ) Hg199m 4.264E-10+-2.1E+02 Bi204 (n,2n   ) Bi203  2.420E-01+-7.2E+01 Bi204 (n,2n   ) Bi203m 3.899E-03+-7.2E+01 Bi204 (n,na   ) Tl200  4.433E-05+-1.0E+02
  Bi204 (n,2na  ) Tl199  1.200E-08+-2.0E+02 Bi204 (n,3na  ) Tl198  1.694E-11+-2.1E+02 Bi204 (n,np   ) Pb203  1.985E-04+-1.2E+02 Bi204 (n,np   ) Pb203m 1.560E-04+-1.2E+02
  Bi204 (n,np   ) Pb203n 9.975E-07+-1.2E+02 Bi204 (n,nd   ) Pb202  6.844E-10+-8.5E+01 Bi204 (n,nd   ) Pb202m 1.605E-10+-8.5E+01 Bi204 (n,2np  ) Pb202  2.084E-09+-2.1E+02
  Bi204 (n,2np  ) Pb202m 4.893E-10+-2.1E+02 Bi204 (n,g    ) Bi205  1.085E+01+-2.1E+02 Bi204 (n,p    ) Pb204  9.919E-04+-7.8E+01 Bi204 (n,p    ) Pb204m 5.220E-05+-7.8E+01
  Bi204 (n,d    ) Pb203  3.624E-04+-1.2E+02 Bi204 (n,d    ) Pb203m 1.553E-04+-1.2E+02 Bi204 (n,d    ) Pb203n 1.740E-07+-1.2E+02 Bi204 (n,t    ) Pb202  1.464E-04+-8.5E+01
  Bi204 (n,t    ) Pb202m 7.708E-06+-8.5E+01 Bi204 (n,h    ) Tl202  6.485E-11+-9.0E+01 Bi204 (n,a    ) Tl201  2.543E-04+-6.0E+01 Bi204 (n,2p   ) Tl203  8.557E-11+-2.0E+02
  Bi204 (n,pa   ) Hg200  2.225E-10+-2.0E+02 Bi205 (n,2n   ) Bi204  2.999E-01+-4.0E+01 Bi205 (n,na   ) Tl201  2.731E-05+-1.0E+02 Bi205 (n,2na  ) Tl200  2.678E-09+-2.0E+02
  Bi205 (n,np   ) Pb204  2.326E-04+-1.2E+02 Bi205 (n,np   ) Pb204m 5.456E-05+-1.2E+02 Bi205 (n,nd   ) Pb203  2.085E-11+-8.5E+01 Bi205 (n,nd   ) Pb203m 1.638E-11+-8.5E+01
  Bi205 (n,2np  ) Pb203  3.930E-12+-2.1E+02 Bi205 (n,2np  ) Pb203m 3.089E-12+-2.1E+02 Bi205 (n,2np  ) Pb203n 2.433E-10+-1.8E+02 Bi205 (n,g    ) Bi206  1.036E+00+-5.1E+02
  Bi205 (n,p    ) Pb205  1.965E-03+-7.8E+01 Bi205 (n,p    ) Pb205m 8.422E-04+-7.8E+01 Bi205 (n,d    ) Pb204  4.340E-04+-1.2E+02 Bi205 (n,d    ) Pb204m 2.284E-05+-1.2E+02
  Bi205 (n,t    ) Pb203  1.893E-05+-8.5E+01 Bi205 (n,t    ) Pb203m 8.113E-06+-8.5E+01 Bi205 (n,t    ) Pb203n 9.091E-09+-8.5E+01 Bi205 (n,h    ) Tl203  1.475E-11+-9.0E+01
  Bi205 (n,a    ) Tl202  2.041E-04+-6.0E+01 Bi205 (n,2p   ) Tl204  5.648E-12+-2.0E+02 Bi205 (n,pa   ) Hg201  3.639E-11+-2.0E+02 Bi206 (n,2n   ) Bi205  3.791E-01+-4.0E+01
  Bi206 (n,na   ) Tl202  2.405E-05+-1.0E+02 Bi206 (n,2na  ) Tl201  3.178E-08+-2.0E+02 Bi206 (n,np   ) Pb205  1.549E-04+-1.2E+02 Bi206 (n,np   ) Pb205m 1.217E-04+-1.2E+02
  Bi206 (n,nd   ) Pb204  9.814E-10+-8.5E+01 Bi206 (n,nd   ) Pb204m 2.302E-10+-8.5E+01 Bi206 (n,2np  ) Pb204  5.871E-09+-2.1E+02 Bi206 (n,2np  ) Pb204m 1.400E-09+-2.1E+02
  Bi206 (n,g    ) Bi207  1.213E+00+-4.9E+02 Bi206 (n,p    ) Pb206  6.983E-04+-5.0E+01 Bi206 (n,d    ) Pb205  2.674E-04+-1.2E+02 Bi206 (n,d    ) Pb205m 1.146E-04+-1.2E+02
  Bi206 (n,t    ) Pb204  1.125E-04+-8.5E+01 Bi206 (n,t    ) Pb204m 5.923E-06+-8.5E+01 Bi206 (n,h    ) Tl204  5.570E-12+-9.0E+01 Bi206 (n,a    ) Tl203  1.881E-04+-6.0E+01
  Bi206 (n,2p   ) Tl205  3.100E-12+-2.0E+02 Bi206 (n,pa   ) Hg202  2.732E-11+-2.0E+02 Bi207 (n,2n   ) Bi206  3.985E-01+-4.0E+01 Bi207 (n,na   ) Tl203  1.568E-05+-1.0E+02
  Bi207 (n,2na  ) Tl202  8.920E-09+-2.0E+02 Bi207 (n,np   ) Pb206  2.119E-04+-1.0E+02 Bi207 (n,nd   ) Pb205  4.533E-11+-8.5E+01 Bi207 (n,nd   ) Pb205m 3.562E-11+-8.5E+01
  Bi207 (n,2np  ) Pb205  3.145E-11+-2.1E+02 Bi207 (n,2np  ) Pb205m 2.472E-11+-2.1E+02 Bi207 (n,g    ) Bi208  5.178E-01+-7.8E+01 Bi207 (n,g    ) Bi208m 1.209E-03+-7.8E+01
  Bi207 (n,p    ) Pb207  3.925E-04+-7.8E+01 Bi207 (n,p    ) Pb207m 1.591E-04+-7.8E+01 Bi207 (n,d    ) Pb206  3.791E-04+-1.0E+02 Bi207 (n,t    ) Pb205  1.811E-05+-8.5E+01
  Bi207 (n,t    ) Pb205m 7.763E-06+-8.5E+01 Bi207 (n,h    ) Tl205  1.224E-12+-9.0E+01 Bi207 (n,a    ) Tl204  1.571E-04+-6.0E+01 Bi207 (n,pa   ) Hg203  1.941E-12+-2.0E+02
  Bi208 (n,2n   ) Bi207  4.083E-01+-9.0E+00 Bi208 (n,na   ) Tl204  1.059E-05+-1.0E+02 Bi208 (n,2na  ) Tl203  9.088E-08+-2.0E+02 Bi208 (n,np   ) Pb207  1.224E-04+-1.2E+02
  Bi208 (n,np   ) Pb207m 4.659E-05+-1.2E+02 Bi208 (n,nd   ) Pb206  1.680E-09+-6.0E+01 Bi208 (n,2np  ) Pb206  2.228E-08+-2.0E+02 Bi208 (n,g    ) Bi209  4.717E-01+-6.8E+02
  Bi208 (n,p    ) Pb208  4.661E-04+-5.0E+01 Bi208 (n,d    ) Pb207  2.421E-04+-1.2E+02 Bi208 (n,d    ) Pb207m 7.500E-05+-1.2E+02 Bi208 (n,t    ) Pb206  1.004E-04+-6.0E+01
  Bi208 (n,a    ) Tl205  1.371E-04+-6.0E+01 Bi208 (n,pa   ) Hg204  3.223E-12+-2.0E+02 Bi209 (n,2n   ) Bi208  3.517E-01+-1.0E+01 Bi209 (n,2n   ) Bi208m 5.876E-02+-1.0E+01
  Bi209 (n,3n   ) Bi207  1.017E-04+-4.0E+01 Bi209 (n,na   ) Tl205  7.016E-06+-1.0E+02 Bi209 (n,2na  ) Tl204  6.559E-09+-2.0E+02 Bi209 (n,np   ) Pb208  7.959E-05+-1.0E+02
  Bi209 (n,nd   ) Pb207  1.809E-10+-8.5E+01 Bi209 (n,nt   ) Pb206  3.053E-12+-2.0E+02 Bi209 (n,2np  ) Pb207  1.494E-10+-2.1E+02 Bi209 (n,g    ) Bi210  6.286E-03+-3.2E+01
  Bi209 (n,g    ) Bi210m 2.887E-03+-1.0E+01 Bi209 (n,p    ) Pb209  1.721E-04+-3.0E+01 Bi209 (n,d    ) Pb208  3.385E-04+-1.0E+02 Bi209 (n,t    ) Pb207  9.451E-06+-7.2E+01
  Bi209 (n,t    ) Pb207m 1.084E-05+-7.2E+01 Bi209 (n,a    ) Tl206  1.518E-04+-2.9E+01 Bi209 (n,a    ) Tl206m 1.730E-06+-2.2E+01 Bi210 (n,n    ) Bi210m 3.474E-02+-1.0E+02
  Bi210 (n,2n   ) Bi209  4.184E-01+-4.0E+01 Bi210 (n,3n   ) Bi208  3.167E-02+-1.0E+02 Bi210 (n,3n   ) Bi208m 3.652E-03+-1.0E+02 Bi210 (n,na   ) Tl206  4.629E-05+-1.2E+02
  Bi210 (n,na   ) Tl206m 1.629E-06+-1.2E+02 Bi210 (n,2na  ) Tl205  3.374E-07+-2.0E+02 Bi210 (n,np   ) Pb209  1.158E-04+-1.0E+02 Bi210 (n,nd   ) Pb208  6.115E-07+-6.0E+01
  Bi210 (n,nt   ) Pb207  2.633E-08+-2.1E+02 Bi210 (n,nt   ) Pb207m 1.850E-10+-2.1E+02 Bi210 (n,2np  ) Pb208  4.954E-07+-2.0E+02 Bi210 (n,g    ) Bi211  9.324E-03+-7.0E+02
  Bi210 (n,p    ) Pb210  2.953E-04+-5.0E+01 Bi210 (n,d    ) Pb209  1.902E-04+-1.0E+02 Bi210 (n,t    ) Pb208  4.429E-04+-6.0E+01 Bi210 (n,a    ) Tl207  9.019E-05+-8.5E+01
  Bi210 (n,a    ) Tl207m 4.458E-05+-8.5E+01 Bi210 (n,pa   ) Hg206  2.162E-11+-2.0E+02 Bi210m(n,n    ) Bi210  6.228E-02+-1.0E+02 Bi210m(n,2n   ) Bi209  4.111E-01+-4.0E+01
  Bi210m(n,3n   ) Bi208  2.468E-02+-1.0E+02 Bi210m(n,3n   ) Bi208m 3.117E-03+-1.0E+02 Bi210m(n,na   ) Tl206  4.519E-05+-1.2E+02 Bi210m(n,na   ) Tl206m 1.591E-06+-1.2E+02
  Bi210m(n,2na  ) Tl205  1.893E-06+-2.0E+02 Bi210m(n,np   ) Pb209  9.872E-05+-1.0E+02 Bi210m(n,nd   ) Pb208  3.572E-07+-6.0E+01 Bi210m(n,nt   ) Pb207  1.545E-08+-2.1E+02
  Bi210m(n,nt   ) Pb207m 4.479E-10+-2.1E+02 Bi210m(n,2np  ) Pb208  1.218E-07+-2.0E+02 Bi210m(n,g    ) Bi211  9.537E-03+-5.2E+01 Bi210m(n,p    ) Pb210  2.804E-04+-5.0E+01
  Bi210m(n,d    ) Pb209  3.608E-05+-1.0E+02 Bi210m(n,t    ) Pb208  9.047E-05+-6.0E+01 Bi210m(n,a    ) Tl207  5.996E-05+-8.5E+01 Bi210m(n,a    ) Tl207m 4.300E-05+-8.5E+01
  Bi210m(n,pa   ) Hg206  3.992E-11+-2.0E+02 Po206 (n,2n   ) Po205  3.404E-01+-4.0E+01 Po206 (n,na   ) Pb202  2.669E-04+-1.2E+02 Po206 (n,na   ) Pb202m 6.261E-05+-1.2E+02
  Po206 (n,2na  ) Pb201  5.842E-03+-2.1E+02 Po206 (n,2na  ) Pb201m 8.980E-05+-2.1E+02 Po206 (n,np   ) Bi205  5.805E-04+-1.0E+02 Po206 (n,g    ) Po207  3.856E-01+-7.8E+01
  Po206 (n,g    ) Po207m 1.487E-03+-7.8E+01 Po206 (n,p    ) Bi206  1.133E-03+-5.0E+01 Po206 (n,d    ) Bi205  2.018E-04+-1.0E+02 Po206 (n,t    ) Bi204  3.740E-06+-6.0E+01
  Po206 (n,h    ) Pb204  9.902E-10+-1.1E+02 Po206 (n,h    ) Pb204m 5.299E-11+-1.1E+02 Po206 (n,a    ) Pb203  3.439E-04+-8.5E+01 Po206 (n,a    ) Pb203m 8.518E-05+-8.5E+01
  Po206 (n,a    ) Pb203n 1.652E-07+-8.5E+01 Po206 (n,2a   ) Hg199  1.003E-10+-2.1E+02 Po206 (n,2a   ) Hg199m 1.053E-10+-2.1E+02 Po206 (n,2p   ) Pb205  6.043E-09+-2.1E+02
  Po206 (n,2p   ) Pb205m 4.748E-09+-2.1E+02 Po206 (n,pa   ) Tl202  2.000E-09+-2.0E+02 Po207 (n,n    ) Po207m 1.839E-02+-1.0E+02 Po207 (n,2n   ) Po206  3.833E-01+-4.0E+01
  Po207 (n,na   ) Pb203  1.267E-04+-1.2E+02 Po207 (n,na   ) Pb203m 5.364E-05+-1.2E+02 Po207 (n,na   ) Pb203n 6.365E-07+-1.2E+02 Po207 (n,2na  ) Pb202  7.025E-06+-2.1E+02
  Po207 (n,2na  ) Pb202m 1.648E-06+-2.1E+02 Po207 (n,3na  ) Pb201m 3.403E-08+-2.1E+02 Po207 (n,np   ) Bi206  6.071E-04+-1.0E+02 Po207 (n,nd   ) Bi205  4.320E-10+-6.0E+01
  Po207 (n,2np  ) Bi205  1.398E-10+-2.0E+02 Po207 (n,g    ) Po208  5.904E-01+-7.6E+02 Po207 (n,p    ) Bi207  9.359E-04+-5.0E+01 Po207 (n,d    ) Bi206  2.079E-04+-1.0E+02
  Po207 (n,t    ) Bi205  3.118E-05+-6.0E+01 Po207 (n,h    ) Pb205  4.791E-10+-1.1E+02 Po207 (n,h    ) Pb205m 2.053E-10+-1.1E+02 Po207 (n,a    ) Pb204  1.137E-03+-8.5E+01
  Po207 (n,a    ) Pb204m 5.985E-05+-8.5E+01 Po207 (n,2a   ) Hg200  1.279E-10+-2.0E+02 Po207 (n,2p   ) Pb206  1.228E-08+-2.0E+02 Po207 (n,pa   ) Tl203  3.474E-09+-2.0E+02
  Po208 (n,2n   ) Po207  3.194E-01+-7.2E+01 Po208 (n,2n   ) Po207m 5.828E-02+-7.2E+01 Po208 (n,na   ) Pb204  4.943E-04+-1.2E+02 Po208 (n,na   ) Pb204m 1.160E-04+-1.2E+02
  Po208 (n,2na  ) Pb203  6.371E-04+-2.1E+02 Po208 (n,2na  ) Pb203m 4.155E-06+-2.1E+02 Po208 (n,2na  ) Pb203n 3.201E-06+-2.1E+02 Po208 (n,np   ) Bi207  3.471E-04+-1.0E+02
  Po208 (n,nd   ) Bi206  2.104E-12+-6.0E+01 Po208 (n,g    ) Po209  1.195E-01+-4.3E+02 Po208 (n,p    ) Bi208  7.329E-04+-7.8E+01 Po208 (n,p    ) Bi208m 1.649E-05+-7.8E+01
  Po208 (n,d    ) Bi207  1.507E-04+-1.0E+02 Po208 (n,t    ) Bi206  4.052E-06+-6.0E+01 Po208 (n,h    ) Pb206  3.006E-10+-9.0E+01 Po208 (n,a    ) Pb205  8.839E-04+-8.5E+01
  Po208 (n,a    ) Pb205m 3.788E-04+-8.5E+01 Po208 (n,2a   ) Hg201  1.932E-11+-2.0E+02 Po208 (n,2p   ) Pb207  1.261E-09+-2.1E+02 Po208 (n,2p   ) Pb207m 1.275E-11+-2.1E+02
  Po208 (n,pa   ) Tl204  1.207E-09+-2.0E+02 Po209 (n,2n   ) Po208  3.949E-01+-4.0E+01 Po209 (n,na   ) Pb205  2.548E-04+-1.2E+02 Po209 (n,na   ) Pb205m 2.002E-04+-1.2E+02
  Po209 (n,2na  ) Pb204  2.088E-05+-2.1E+02 Po209 (n,2na  ) Pb204m 4.898E-06+-2.1E+02 Po209 (n,3na  ) Pb203m 1.502E-07+-2.1E+02 Po209 (n,3na  ) Pb203n 1.094E-09+-2.1E+02
  Po209 (n,np   ) Bi208  2.380E-04+-1.2E+02 Po209 (n,np   ) Bi208m 3.092E-05+-1.2E+02 Po209 (n,nd   ) Bi207  2.048E-10+-6.0E+01 Po209 (n,2np  ) Bi207  6.278E-11+-2.0E+02
  Po209 (n,g    ) Po210  1.033E-01+-4.1E+02 Po209 (n,p    ) Bi209  6.115E-04+-5.0E+01 Po209 (n,d    ) Bi208  1.470E-04+-1.2E+02 Po209 (n,d    ) Bi208m 3.307E-06+-1.2E+02
  Po209 (n,t    ) Bi207  2.371E-05+-6.0E+01 Po209 (n,h    ) Pb207  1.588E-10+-1.1E+02 Po209 (n,h    ) Pb207m 2.765E-11+-1.1E+02 Po209 (n,a    ) Pb206  4.831E-04+-6.0E+01
  Po209 (n,2a   ) Hg202  7.905E-12+-2.0E+02 Po209 (n,2p   ) Pb208  2.076E-09+-2.0E+02 Po209 (n,pa   ) Tl205  3.657E-09+-2.0E+02 Po210 (n,2n   ) Po209  3.846E-01+-4.0E+01
  Po210 (n,3n   ) Po208  6.029E-07+-8.0E+01 Po210 (n,na   ) Pb206  2.094E-04+-1.0E+02 Po210 (n,2na  ) Pb205  8.508E-06+-2.1E+02 Po210 (n,2na  ) Pb205m 6.685E-06+-2.1E+02
  Po210 (n,3na  ) Pb204m 4.182E-09+-2.1E+02 Po210 (n,np   ) Bi209  1.068E-04+-1.0E+02 Po210 (n,nd   ) Bi208  5.274E-12+-8.5E+01 Po210 (n,2np  ) Bi208m 1.445E-11+-1.9E+02
  Po210 (n,g    ) Po211  5.911E-03+-6.7E+01 Po210 (n,g    ) Po211m 9.329E-05+-6.5E+01 Po210 (n,p    ) Bi210  4.488E-04+-7.8E+01 Po210 (n,p    ) Bi210m 2.281E-05+-7.8E+01
  Po210 (n,d    ) Bi209  1.199E-04+-1.0E+02 Po210 (n,t    ) Bi208  7.256E-06+-8.5E+01 Po210 (n,t    ) Bi208m 1.632E-07+-8.5E+01 Po210 (n,h    ) Pb208  8.439E-11+-9.0E+01
  Po210 (n,a    ) Pb207  2.749E-04+-5.6E+01 Po210 (n,a    ) Pb207m 4.467E-05+-6.0E+01 Po210 (n,2a   ) Hg203  1.335E-12+-2.0E+02 Po210 (n,pa   ) Tl206  3.173E-10+-2.1E+02
  Po210 (n,pa   ) Tl206m 1.117E-11+-2.1E+02 At210 (n,2n   ) At209  3.951E-01+-4.0E+01 At210 (n,na   ) Bi206  2.008E-03+-1.0E+02 At210 (n,2na  ) Bi205  2.543E-03+-2.0E+02
  At210 (n,np   ) Po209  5.654E-04+-1.0E+02 At210 (n,n2a  ) Tl202  2.659E-11+-2.0E+02 At210 (n,nd   ) Po208  5.850E-09+-6.0E+01 At210 (n,nt   ) Po207  1.028E-12+-2.1E+02
  At210 (n,2np  ) Po208  1.108E-07+-2.0E+02 At210 (n,npa  ) Pb205  5.819E-06+-2.1E+02 At210 (n,npa  ) Pb205m 4.572E-06+-2.1E+02 At210 (n,g    ) At211  2.536E+00+-1.0E+02
  At210 (n,p    ) Po210  9.050E-04+-5.0E+01 At210 (n,d    ) Po209  5.118E-04+-1.0E+02 At210 (n,t    ) Po208  1.478E-04+-6.0E+01 At210 (n,h    ) Bi208  7.726E-10+-1.1E+02
  At210 (n,h    ) Bi208m 1.738E-11+-1.1E+02 At210 (n,a    ) Bi207  6.892E-03+-6.0E+01 At210 (n,2a   ) Tl203  1.826E-09+-2.0E+02 At210 (n,2p   ) Bi209  1.362E-09+-2.0E+02
  At210 (n,pa   ) Pb206  1.651E-06+-2.0E+02 At210 (n,da   ) Pb205  2.641E-06+-2.1E+02 At210 (n,da   ) Pb205m 2.075E-06+-2.1E+02 At210 (n,ta   ) Pb204  1.991E-08+-2.1E+02
  At210 (n,ta   ) Pb204m 4.669E-09+-2.1E+02 At211 (n,2n   ) At210  3.816E-01+-4.0E+01 At211 (n,na   ) Bi207  1.102E-03+-1.0E+02 At211 (n,2na  ) Bi206  1.438E-02+-2.0E+02
  At211 (n,np   ) Po210  2.582E-04+-1.0E+02 At211 (n,n2a  ) Tl203  5.521E-12+-2.0E+02 At211 (n,nd   ) Po209  8.425E-10+-6.0E+01 At211 (n,nt   ) Po208  6.038E-12+-2.0E+02
  At211 (n,2np  ) Po209  1.277E-09+-2.0E+02 At211 (n,npa  ) Pb206  1.258E-09+-2.0E+02 At211 (n,g    ) At212  3.405E-01+-1.9E+02 At211 (n,g    ) At212m 2.298E-02+-1.7E+02
  At211 (n,p    ) Po211  6.727E-04+-7.8E+01 At211 (n,p    ) Po211m 1.754E-06+-7.8E+01 At211 (n,d    ) Po210  5.058E-04+-1.0E+02 At211 (n,t    ) Po209  7.026E-05+-6.0E+01
  At211 (n,h    ) Bi209  2.995E-10+-9.0E+01 At211 (n,a    ) Bi208  3.690E-03+-8.5E+01 At211 (n,a    ) Bi208m 8.300E-05+-8.5E+01 At211 (n,2a   ) Tl204  5.278E-10+-2.0E+02
  At211 (n,pa   ) Pb207  5.542E-05+-2.1E+02 At211 (n,pa   ) Pb207m 7.003E-07+-2.1E+02 At211 (n,da   ) Pb206  1.455E-09+-2.0E+02 At211 (n,ta   ) Pb205  2.510E-07+-2.1E+02
  At211 (n,ta   ) Pb205m 1.972E-07+-2.1E+02 Rn211 (n,2n   ) Rn210  3.895E-01+-4.0E+01 Rn211 (n,F    )        1.222E-01+-2.0E+02 Rn211 (n,na   ) Po207  4.178E-03+-1.2E+02
  Rn211 (n,na   ) Po207m 7.663E-04+-1.2E+02 Rn211 (n,2na  ) Po206  2.924E-02+-2.0E+02 Rn211 (n,np   ) At210  8.658E-04+-1.0E+02 Rn211 (n,n2a  ) Pb203  6.472E-07+-2.1E+02
  Rn211 (n,n2a  ) Pb203m 1.667E-09+-2.1E+02 Rn211 (n,n2a  ) Pb203n 3.252E-09+-2.1E+02 Rn211 (n,2n2a ) Pb202  2.620E-10+-2.1E+02 Rn211 (n,2n2a ) Pb202m 6.145E-11+-2.1E+02
  Rn211 (n,nd   ) At209  7.156E-10+-6.0E+01 Rn211 (n,2np  ) At209  8.684E-10+-2.0E+02 Rn211 (n,npa  ) Bi206  7.828E-06+-2.0E+02 Rn211 (n,g    ) Rn212  1.395E+00+-8.6E+02
  Rn211 (n,p    ) At211  1.172E-03+-5.0E+01 Rn211 (n,d    ) At210  2.082E-04+-1.0E+02 Rn211 (n,t    ) At209  3.305E-05+-6.0E+01 Rn211 (n,h    ) Po209  2.268E-09+-9.0E+01
  Rn211 (n,a    ) Po208  3.682E-03+-6.0E+01 Rn211 (n,2a   ) Pb204  5.166E-07+-2.1E+02 Rn211 (n,2a   ) Pb204m 1.212E-07+-2.1E+02 Rn211 (n,2p   ) Po210  7.232E-08+-2.0E+02
  Rn211 (n,pa   ) Bi207  9.236E-06+-2.0E+02 Rn211 (n,da   ) Bi206  1.547E-06+-2.0E+02 Rn211 (n,ta   ) Bi205  7.870E-08+-2.0E+02 Rn211 (n,ha   ) Pb205  3.143E-12+-2.1E+02
  Rn211 (n,ha   ) Pb205m 2.469E-12+-2.1E+02 Rn211 (n,4n2a ) Pb200  1.029E-12+-2.0E+02 Rn222 (n,2n   ) Rn221  2.251E-01+-4.0E+01 Rn222 (n,3n   ) Rn220  1.865E-01+-8.0E+01
  Rn222 (n,F    )        9.718E-02+-1.9E+02 Rn222 (n,na   ) Po218  1.085E-05+-1.0E+02 Rn222 (n,2na  ) Po217  2.940E-06+-2.0E+02 Rn222 (n,3na  ) Po216  4.289E-04+-2.0E+02
  Rn222 (n,np   ) At221  5.486E-07+-1.0E+02 Rn222 (n,n2a  ) Pb214  7.567E-08+-2.0E+02 Rn222 (n,2n2a ) Pb213  3.815E-08+-2.0E+02 Rn222 (n,nt   ) At219  3.352E-11+-2.0E+02
  Rn222 (n,g    ) Rn223  3.313E-01+-7.5E+01 Rn222 (n,p    ) At222  1.194E-04+-5.0E+01 Rn222 (n,d    ) At221  1.864E-06+-1.0E+02 Rn222 (n,t    ) At220  1.149E-06+-6.0E+01
  Rn222 (n,a    ) Po219  5.076E-05+-6.0E+01 Rn222 (n,3n2a ) Pb212  1.642E-06+-2.0E+02 Ra223 (n,2n   ) Ra222  3.481E-01+-4.0E+01 Ra223 (n,3n   ) Ra221  7.393E-02+-8.0E+01
  Ra223 (n,F    )        9.576E-02+-1.6E+02 Ra223 (n,na   ) Rn219  7.924E-05+-1.0E+02 Ra223 (n,n3a  ) Pb211  7.474E-10+-2.0E+02 Ra223 (n,2na  ) Rn218  6.751E-04+-2.0E+02
  Ra223 (n,3na  ) Rn217  1.416E-03+-2.0E+02 Ra223 (n,np   ) Fr222  6.885E-06+-1.0E+02 Ra223 (n,n2a  ) Po215  8.246E-07+-2.0E+02 Ra223 (n,2n2a ) Po214  1.145E-05+-2.0E+02
  Ra223 (n,nd   ) Fr221  4.537E-11+-6.0E+01 Ra223 (n,nt   ) Fr220  7.066E-12+-2.0E+02 Ra223 (n,g    ) Ra224  3.301E+01+-7.3E+01 Ra223 (n,p    ) Fr223  2.941E-04+-5.0E+01
  Ra223 (n,d    ) Fr222  1.573E-05+-1.0E+02 Ra223 (n,t    ) Fr221  1.862E-05+-6.0E+01 Ra223 (n,a    ) Rn220  3.190E-04+-6.0E+01 Ra223 (n,2a   ) Po216  1.028E-07+-2.0E+02
  Ra223 (n,3a   ) Pb212  4.358E-11+-2.0E+02 Ra223 (n,t2a  ) Bi213  4.849E-12+-2.0E+02 Ra223 (n,ta   ) At217  1.068E-08+-2.0E+02 Ra223 (n,3n2a ) Po213  5.390E-06+-2.0E+02
  Ra224 (n,2n   ) Ra223  3.533E-01+-4.0E+01 Ra224 (n,3n   ) Ra222  8.146E-02+-8.0E+01 Ra224 (n,F    )        1.223E-01+-2.0E+02 Ra224 (n,na   ) Rn220  1.632E-05+-1.0E+02
  Ra224 (n,2na  ) Rn219  2.833E-04+-2.0E+02 Ra224 (n,3na  ) Rn218  5.431E-05+-2.0E+02 Ra224 (n,np   ) Fr223  2.215E-06+-1.0E+02 Ra224 (n,n2a  ) Po216  2.230E-09+-2.0E+02
  Ra224 (n,2n2a ) Po215  4.282E-08+-2.0E+02 Ra224 (n,nt   ) Fr221  1.652E-12+-2.0E+02 Ra224 (n,g    ) Ra225  1.694E+01+-9.3E+01 Ra224 (n,p    ) Fr224  2.312E-04+-5.0E+01
  Ra224 (n,d    ) Fr223  7.994E-06+-1.0E+02 Ra224 (n,t    ) Fr222  1.523E-06+-6.0E+01 Ra224 (n,a    ) Rn221  9.909E-05+-6.0E+01 Ra224 (n,2a   ) Po217  1.922E-10+-2.0E+02
  Ra224 (n,3a   ) Pb213  3.582E-12+-2.0E+02 Ra224 (n,3n2a ) Po214  4.255E-07+-2.0E+02 Ra225 (n,2n   ) Ra224  3.325E-01+-4.0E+01 Ra225 (n,3n   ) Ra223  1.356E-01+-8.0E+01
  Ra225 (n,F    )        7.805E-01+-3.3E+02 Ra225 (n,2na  ) Rn220  1.385E-05+-2.0E+02 Ra225 (n,3na  ) Rn219  1.532E-04+-2.0E+02 Ra225 (n,np   ) Fr224  2.773E-06+-1.0E+02
  Ra225 (n,n2a  ) Po217  8.203E-11+-2.0E+02 Ra225 (n,2n2a ) Po216  1.177E-09+-2.0E+02 Ra225 (n,nd   ) Fr223  1.136E-11+-6.0E+01 Ra225 (n,nt   ) Fr222  6.866E-12+-2.0E+02
  Ra225 (n,g    ) Ra226  1.619E+01+-3.4E+02 Ra225 (n,p    ) Fr225  2.011E-04+-5.0E+01 Ra225 (n,d    ) Fr224  6.984E-06+-1.0E+02 Ra225 (n,t    ) Fr223  1.099E-05+-6.0E+01
  Ra225 (n,a    ) Rn222  7.832E-05+-6.0E+01 Ra225 (n,2a   ) Po218  1.665E-10+-2.0E+02 Ra225 (n,pa   ) At221  1.517E-11+-2.0E+02 Ra225 (n,3n2a ) Po215  4.268E-12+-2.0E+02
  Ra225 (n,4n2a ) Po214  1.763E-12+-2.0E+02 Ra226 (n,2n   ) Ra225  3.025E-01+-3.0E+01 Ra226 (n,3n   ) Ra224  1.365E-01+-6.7E+01 Ra226 (n,F    )        2.210E-03+-5.0E+01
  Ra226 (n,na   ) Rn222  3.884E-06+-1.0E+02 Ra226 (n,3na  ) Rn220  4.813E-07+-2.0E+02 Ra226 (n,np   ) Fr225  4.222E-07+-1.0E+02 Ra226 (n,n2a  ) Po218  1.320E-12+-2.0E+02
  Ra226 (n,g    ) Ra227  3.814E+00+-1.4E+01 Ra226 (n,p    ) Fr226  1.575E-04+-5.0E+01 Ra226 (n,d    ) Fr225  2.578E-06+-1.0E+02 Ra226 (n,t    ) Fr224  6.276E-07+-6.0E+01
  Ra226 (n,a    ) Rn223  6.162E-05+-6.0E+01 Ra226 (n,2a   ) Po219  3.123E-12+-2.0E+02 Ra228 (n,2n   ) Ra227  2.489E-01+-4.0E+01 Ra228 (n,3n   ) Ra226  1.853E-01+-8.0E+01
  Ra228 (n,F    )        1.561E-01+-5.2E+01 Ra228 (n,na   ) Rn224  2.022E-06+-1.0E+02 Ra228 (n,2na  ) Rn223  5.282E-08+-2.0E+02 Ra228 (n,3na  ) Rn222  7.962E-12+-2.0E+02
  Ra228 (n,np   ) Fr227  1.814E-07+-1.0E+02 Ra228 (n,g    ) Ra229  3.493E+00+-3.2E+01 Ra228 (n,p    ) Fr228  1.084E-04+-5.0E+01 Ra228 (n,d    ) Fr227  9.647E-07+-1.0E+02
  Ra228 (n,t    ) Fr226  2.702E-07+-6.0E+01 Ra228 (n,a    ) Rn225  4.337E-05+-6.0E+01 Ac225 (n,2n   ) Ac224  3.730E-01+-4.0E+01 Ac225 (n,3n   ) Ac223  3.951E-02+-8.0E+01
  Ac225 (n,F    )        1.227E-01+-2.0E+02 Ac225 (n,na   ) Fr221  4.123E-05+-1.0E+02 Ac225 (n,n3a  ) Bi213  3.386E-11+-2.0E+02 Ac225 (n,2na  ) Fr220  1.701E-03+-2.0E+02
  Ac225 (n,3na  ) Fr219  1.437E-03+-2.0E+02 Ac225 (n,np   ) Ra224  4.223E-05+-1.0E+02 Ac225 (n,n2a  ) At217  3.925E-08+-2.0E+02 Ac225 (n,2n2a ) At216  1.417E-05+-2.0E+02
  Ac225 (n,nd   ) Ra223  2.232E-10+-6.0E+01 Ac225 (n,nt   ) Ra222  1.282E-09+-2.0E+02 Ac225 (n,2np  ) Ra223  4.288E-12+-2.0E+02 Ac225 (n,npa  ) Rn220  3.290E-10+-2.0E+02
  Ac225 (n,g    ) Ac226  7.972E+01+-6.5E+02 Ac225 (n,p    ) Ra225  3.417E-04+-5.0E+01 Ac225 (n,d    ) Ra224  1.210E-04+-1.0E+02 Ac225 (n,t    ) Ra223  3.031E-05+-6.0E+01
  Ac225 (n,a    ) Fr222  3.700E-04+-6.0E+01 Ac225 (n,da   ) Rn220  1.145E-09+-2.0E+02 Ac225 (n,ta   ) Rn219  7.183E-09+-2.0E+02 Ac225 (n,4na  ) Fr218m 6.705E-07+-2.1E+02
  Ac225 (n,3n2a ) At215  7.714E-06+-2.0E+02 Ac226 (n,2n   ) Ac225  3.904E-01+-4.0E+01 Ac226 (n,3n   ) Ac224  6.459E-02+-8.0E+01 Ac226 (n,F    )        7.315E-01+-2.8E+02
  Ac226 (n,na   ) Fr222  2.803E-05+-1.0E+02 Ac226 (n,2na  ) Fr221  2.506E-04+-2.0E+02 Ac226 (n,3na  ) Fr220  7.797E-04+-2.0E+02 Ac226 (n,np   ) Ra225  2.885E-05+-1.0E+02
  Ac226 (n,2n2a ) At217  1.633E-08+-2.0E+02 Ac226 (n,nd   ) Ra224  5.624E-09+-6.0E+01 Ac226 (n,nt   ) Ra223  1.312E-09+-2.0E+02 Ac226 (n,2np  ) Ra224  2.846E-10+-2.0E+02
  Ac226 (n,g    ) Ac227  3.021E+01+-1.8E+02 Ac226 (n,p    ) Ra226  3.031E-04+-5.0E+01 Ac226 (n,d    ) Ra225  7.115E-05+-1.0E+02 Ac226 (n,t    ) Ra224  9.578E-05+-6.0E+01
  Ac226 (n,a    ) Fr223  1.374E-04+-6.0E+01 Ac226 (n,ta   ) Rn220  1.004E-09+-2.0E+02 Ac226 (n,4na  ) Fr219  1.099E-12+-2.0E+02 Ac226 (n,3n2a ) At216  7.940E-06+-2.0E+02
  Ac227 (n,2n   ) Ac226  3.636E-01+-4.0E+01 Ac227 (n,3n   ) Ac225  5.987E-02+-8.0E+01 Ac227 (n,F    )        2.392E-02+-5.0E+01 Ac227 (n,na   ) Fr223  8.802E-06+-1.0E+02
  Ac227 (n,2na  ) Fr222  3.009E-06+-2.0E+02 Ac227 (n,3na  ) Fr221  3.797E-05+-2.0E+02 Ac227 (n,np   ) Ra226  1.790E-05+-1.0E+02 Ac227 (n,nd   ) Ra225  1.914E-11+-6.0E+01
  Ac227 (n,nt   ) Ra224  4.912E-10+-2.0E+02 Ac227 (n,g    ) Ac228  7.307E+01+-1.1E+01 Ac227 (n,p    ) Ra227  2.329E-04+-5.0E+01 Ac227 (n,d    ) Ra226  5.587E-05+-1.0E+02
  Ac227 (n,t    ) Ra225  1.449E-05+-6.0E+01 Ac227 (n,a    ) Fr224  2.428E-04+-6.0E+01 Ac227 (n,pa   ) Rn223  3.920E-12+-2.0E+02 Ac227 (n,4na  ) Fr220  3.844E-10+-2.0E+02
  Ac227 (n,4n2a ) At216  6.844E-12+-2.0E+02 Ac228 (n,2n   ) Ac227  3.761E-01+-4.0E+01 Ac228 (n,3n   ) Ac226  9.612E-02+-8.0E+01 Ac228 (n,F    )        6.701E-06+-2.0E+02
  Ac228 (n,na   ) Fr224  8.727E-06+-1.0E+02 Ac228 (n,2na  ) Fr223  8.219E-07+-2.0E+02 Ac228 (n,3na  ) Fr222  4.551E-11+-2.0E+02 Ac228 (n,np   ) Ra227  1.194E-05+-1.0E+02
  Ac228 (n,nd   ) Ra226  2.569E-09+-6.0E+01 Ac228 (n,nt   ) Ra225  5.638E-10+-2.0E+02 Ac228 (n,2np  ) Ra226  6.595E-11+-2.0E+02 Ac228 (n,g    ) Ac229  8.644E+00+-1.6E+02
  Ac228 (n,p    ) Ra228  2.081E-04+-5.0E+01 Ac228 (n,d    ) Ra227  3.494E-05+-1.0E+02 Ac228 (n,t    ) Ra226  7.264E-05+-6.0E+01 Ac228 (n,a    ) Fr225  6.729E-05+-6.0E+01
  Ac228 (n,4na  ) Fr221  2.119E-08+-2.0E+02 Th227 (n,2n   ) Th226  3.749E-01+-4.0E+01 Th227 (n,3n   ) Th225  2.170E-02+-8.0E+01 Th227 (n,F    )        2.114E+01+-7.7E+01
  Th227 (n,na   ) Ra223  6.240E-05+-1.0E+02 Th227 (n,2na  ) Ra222  6.247E-05+-2.0E+02 Th227 (n,3na  ) Ra221  1.215E-03+-2.0E+02 Th227 (n,np   ) Ac226  1.639E-05+-1.0E+02
  Th227 (n,n2a  ) Rn219  6.615E-10+-2.0E+02 Th227 (n,2n2a ) Rn218  8.433E-08+-2.0E+02 Th227 (n,nd   ) Ac225  6.154E-11+-6.0E+01 Th227 (n,nt   ) Ac224  1.699E-12+-2.0E+02
  Th227 (n,g    ) Th228  1.080E+02+-7.3E+02 Th227 (n,p    ) Ac227  3.836E-04+-5.0E+01 Th227 (n,d    ) Ac226  2.634E-05+-1.0E+02 Th227 (n,t    ) Ac225  1.965E-05+-6.0E+01
  Th227 (n,a    ) Ra224  1.556E-04+-6.0E+01 Th227 (n,2a   ) Rn220  2.018E-09+-2.0E+02 Th227 (n,pa   ) Fr223  1.853E-10+-2.0E+02 Th227 (n,ta   ) Fr221  1.452E-10+-2.0E+02
  Th227 (n,3n2a ) Rn217  1.748E-06+-2.0E+02 Th228 (n,2n   ) Th227  3.172E-01+-4.0E+01 Th228 (n,3n   ) Th226  3.201E-02+-8.0E+01 Th228 (n,F    )        2.288E-01+-9.2E+01
  Th228 (n,na   ) Ra224  1.292E-05+-1.0E+02 Th228 (n,2na  ) Ra223  5.040E-05+-2.0E+02 Th228 (n,3na  ) Ra222  5.802E-08+-2.0E+02 Th228 (n,np   ) Ac227  4.414E-06+-1.0E+02
  Th228 (n,n2a  ) Rn220  1.691E-11+-2.0E+02 Th228 (n,2n2a ) Rn219  6.154E-11+-2.0E+02 Th228 (n,g    ) Th229  6.073E+00+-7.8E+01 Th228 (n,g    ) Th229m 1.483E+01+-7.8E+01
  Th228 (n,p    ) Ac228  2.997E-04+-5.0E+01 Th228 (n,d    ) Ac227  1.260E-05+-1.0E+02 Th228 (n,t    ) Ac226  1.110E-06+-6.0E+01 Th228 (n,a    ) Ra225  1.155E-04+-6.0E+01
  Th228 (n,pa   ) Fr224  8.808E-12+-2.0E+02 Th229 (n,2n   ) Th228  2.737E-01+-4.0E+01 Th229 (n,3n   ) Th227  1.960E-02+-8.0E+01 Th229 (n,F    )        8.193E+00+-1.4E+01
  Th229 (n,na   ) Ra225  1.058E-05+-1.0E+02 Th229 (n,2na  ) Ra224  2.075E-06+-2.0E+02 Th229 (n,3na  ) Ra223  5.427E-06+-2.0E+02 Th229 (n,np   ) Ac228  2.675E-06+-1.0E+02
  Th229 (n,2n2a ) Rn220  1.217E-12+-2.0E+02 Th229 (n,nd   ) Ac227  9.524E-12+-6.0E+01 Th229 (n,g    ) Th230  1.985E+01+-2.5E+01 Th229 (n,p    ) Ac229  2.621E-04+-5.0E+01
  Th229 (n,d    ) Ac228  5.742E-06+-1.0E+02 Th229 (n,t    ) Ac227  1.078E-05+-6.0E+01 Th229 (n,a    ) Ra226  8.701E-05+-6.0E+01 Th229 (n,2a   ) Rn222  9.419E-12+-2.0E+02
  Th229 (n,3n2a ) Rn219  6.055E-12+-2.0E+02 Th230 (n,2n   ) Th229  1.825E-01+-7.2E+01 Th230 (n,2n   ) Th229m 1.434E-01+-7.2E+01 Th230 (n,3n   ) Th228  6.227E-02+-8.0E+01
  Th230 (n,F    )        1.646E-01+-5.0E+01 Th230 (n,na   ) Ra226  3.574E-06+-1.0E+02 Th230 (n,2na  ) Ra225  1.893E-07+-2.0E+02 Th230 (n,3na  ) Ra224  7.059E-12+-2.0E+02
  Th230 (n,np   ) Ac229  8.074E-07+-1.0E+02 Th230 (n,g    ) Th231  1.541E+01+-9.8E+00 Th230 (n,p    ) Ac230  2.077E-04+-5.0E+01 Th230 (n,d    ) Ac229  2.810E-06+-1.0E+02
  Th230 (n,t    ) Ac228  3.736E-07+-6.0E+01 Th230 (n,a    ) Ra227  5.225E-05+-5.0E+01 Th230 (n,4na  ) Ra223  1.308E-10+-2.0E+02 Th231 (n,2n   ) Th230  3.250E-01+-4.0E+01
  Th231 (n,3n   ) Th229  4.784E-02+-1.0E+02 Th231 (n,3n   ) Th229m 3.759E-02+-1.0E+02 Th231 (n,F    )        4.606E-01+-1.6E+02 Th231 (n,na   ) Ra227  2.770E-06+-1.0E+02
  Th231 (n,2na  ) Ra226  2.197E-07+-2.0E+02 Th231 (n,np   ) Ac230  1.258E-06+-1.0E+02 Th231 (n,g    ) Th232  6.000E+00+-1.5E+02 Th231 (n,p    ) Ac231  1.793E-04+-5.0E+01
  Th231 (n,d    ) Ac230  3.788E-06+-1.0E+02 Th231 (n,t    ) Ac229  3.914E-06+-6.0E+01 Th231 (n,a    ) Ra228  6.269E-05+-6.0E+01 Th232 (n,2n   ) Th231  2.875E-01+-1.0E+01
  Th232 (n,3n   ) Th230  1.056E-01+-3.0E+01 Th232 (n,F    )        8.485E-02+-5.0E+01 Th232 (n,na   ) Ra228  1.081E-06+-1.0E+02 Th232 (n,2na  ) Ra227  6.054E-09+-2.0E+02
  Th232 (n,np   ) Ac231  1.230E-07+-1.0E+02 Th232 (n,g    ) Th233  2.497E+00+-8.2E+00 Th232 (n,p    ) Ac232  1.420E-04+-5.0E+01 Th232 (n,d    ) Ac231  1.073E-06+-1.0E+02
  Th232 (n,t    ) Ac230  3.938E-07+-6.0E+01 Th232 (n,a    ) Ra229  2.498E-05+-5.9E+01 Th234 (n,2n   ) Th233  2.619E-01+-4.0E+01 Th234 (n,3n   ) Th232  1.615E-01+-8.0E+01
  Th234 (n,F    )        3.762E-02+-8.9E+01 Th234 (n,na   ) Ra230  5.077E-07+-1.0E+02 Th234 (n,2na  ) Ra229  5.769E-09+-2.0E+02 Th234 (n,np   ) Ac233  1.186E-07+-1.0E+02
  Th234 (n,g    ) Th235  2.322E+00+-8.9E+01 Th234 (n,p    ) Ac234  9.850E-05+-5.0E+01 Th234 (n,d    ) Ac233  3.245E-07+-1.0E+02 Th234 (n,t    ) Ac232  1.277E-07+-6.0E+01
  Th234 (n,a    ) Ra231  4.218E-05+-6.0E+01 Pa228 (n,2n   ) Pa227  2.443E-01+-4.0E+01 Pa228 (n,3n   ) Pa226  1.651E-03+-8.0E+01 Pa228 (n,F    )        1.361E+01+-3.8E+02
  Pa228 (n,na   ) Ac224  7.542E-03+-1.0E+02 Pa228 (n,n3a  ) At216  5.202E-12+-2.0E+02 Pa228 (n,2na  ) Ac223  5.864E-05+-2.0E+02 Pa228 (n,3na  ) Ac222  5.486E-06+-2.1E+02
  Pa228 (n,3na  ) Ac222m 1.411E-05+-2.1E+02 Pa228 (n,np   ) Th227  6.626E-05+-1.0E+02 Pa228 (n,n2a  ) Fr220  9.473E-09+-2.0E+02 Pa228 (n,2n2a ) Fr219  1.600E-06+-2.0E+02
  Pa228 (n,nd   ) Th226  7.936E-09+-6.0E+01 Pa228 (n,nt   ) Th225  1.390E-10+-2.0E+02 Pa228 (n,2np  ) Th226  1.207E-09+-2.0E+02 Pa228 (n,npa  ) Ra223  6.370E-10+-2.0E+02
  Pa228 (n,g    ) Pa229  9.402E+00+-2.2E+02 Pa228 (n,p    ) Th228  5.629E-04+-5.0E+01 Pa228 (n,d    ) Th227  1.371E-04+-1.0E+02 Pa228 (n,t    ) Th226  1.189E-04+-6.0E+01
  Pa228 (n,h    ) Ac226  1.094E-12+-9.0E+01 Pa228 (n,a    ) Ac225  7.812E-04+-6.0E+01 Pa228 (n,2a   ) Fr221  1.897E-08+-2.0E+02 Pa228 (n,pa   ) Ra224  3.359E-09+-2.0E+02
  Pa228 (n,da   ) Ra223  1.323E-09+-2.0E+02 Pa228 (n,ta   ) Ra222  2.570E-07+-2.0E+02 Pa228 (n,nda  ) Ra222  1.167E-11+-2.0E+02 Pa228 (n,2npa ) Ra222  1.484E-12+-2.0E+02
  Pa228 (n,3n2a ) Fr218  1.127E-06+-2.1E+02 Pa228 (n,3n2a ) Fr218m 1.127E-06+-2.1E+02 Pa228 (n,nta  ) Ra221  3.776E-12+-2.0E+02 Pa229 (n,2n   ) Pa228  9.658E-02+-4.0E+01
  Pa229 (n,3n   ) Pa227  8.914E-04+-8.0E+01 Pa229 (n,F    )        1.511E+00+-1.3E+02 Pa229 (n,na   ) Ac225  2.696E-05+-1.0E+02 Pa229 (n,2na  ) Ac224  6.103E-06+-2.0E+02
  Pa229 (n,3na  ) Ac223  3.654E-07+-2.0E+02 Pa229 (n,np   ) Th228  4.938E-05+-1.0E+02 Pa229 (n,n2a  ) Fr221  2.761E-10+-2.0E+02 Pa229 (n,2n2a ) Fr220  7.064E-10+-2.0E+02
  Pa229 (n,nd   ) Th227  4.765E-11+-6.0E+01 Pa229 (n,nt   ) Th226  1.475E-10+-2.0E+02 Pa229 (n,g    ) Pa230  6.820E+00+-2.2E+02 Pa229 (n,p    ) Th229  4.013E-04+-7.8E+01
  Pa229 (n,p    ) Th229m 2.565E-04+-7.8E+01 Pa229 (n,d    ) Th228  1.440E-04+-1.0E+02 Pa229 (n,t    ) Th227  1.764E-05+-6.0E+01 Pa229 (n,a    ) Ac226  1.359E-04+-6.0E+01
  Pa229 (n,2a   ) Fr222  4.488E-10+-2.0E+02 Pa229 (n,pa   ) Ra225  1.446E-10+-2.0E+02 Pa229 (n,da   ) Ra224  1.296E-12+-2.0E+02 Pa229 (n,ta   ) Ra223  1.817E-10+-2.0E+02
  Pa229 (n,3n2a ) Fr219  1.054E-09+-2.0E+02 Pa229 (n,4n2a ) Fr218  1.324E-08+-2.1E+02 Pa229 (n,4n2a ) Fr218m 2.716E-08+-2.1E+02 Pa230 (n,2n   ) Pa229  8.732E-02+-4.0E+01
  Pa230 (n,3n   ) Pa228  3.377E-03+-8.0E+01 Pa230 (n,F    )        1.601E+02+-8.5E+01 Pa230 (n,na   ) Ac226  1.649E-05+-1.0E+02 Pa230 (n,2na  ) Ac225  7.286E-06+-2.0E+02
  Pa230 (n,3na  ) Ac224  3.631E-08+-2.0E+02 Pa230 (n,np   ) Th229  1.850E-05+-1.2E+02 Pa230 (n,np   ) Th229m 1.454E-05+-1.2E+02 Pa230 (n,n2a  ) Fr222  1.892E-11+-2.0E+02
  Pa230 (n,2n2a ) Fr221  3.928E-11+-2.0E+02 Pa230 (n,nd   ) Th228  3.293E-09+-6.0E+01 Pa230 (n,nt   ) Th227  5.862E-11+-2.0E+02 Pa230 (n,2np  ) Th228  1.765E-10+-2.0E+02
  Pa230 (n,g    ) Pa231  1.888E+00+-8.1E+02 Pa230 (n,p    ) Th230  3.896E-04+-5.0E+01 Pa230 (n,d    ) Th229  4.983E-05+-1.2E+02 Pa230 (n,d    ) Th229m 3.186E-05+-1.2E+02
  Pa230 (n,t    ) Th228  8.545E-05+-6.0E+01 Pa230 (n,a    ) Ac227  4.147E-04+-6.0E+01 Pa230 (n,2a   ) Fr223  8.512E-11+-2.0E+02 Pa230 (n,ta   ) Ra224  2.489E-12+-2.0E+02
  Pa230 (n,4na  ) Ac223  4.199E-10+-2.0E+02 Pa230 (n,4n2a ) Fr219  2.242E-12+-2.0E+02 Pa231 (n,2n   ) Pa230  2.201E-01+-4.0E+01 Pa231 (n,3n   ) Pa229  6.207E-03+-8.0E+01
  Pa231 (n,F    )        6.072E-01+-5.0E+01 Pa231 (n,na   ) Ac227  8.282E-06+-1.0E+02 Pa231 (n,2na  ) Ac226  1.204E-06+-2.0E+02 Pa231 (n,3na  ) Ac225  4.044E-06+-2.0E+02
  Pa231 (n,np   ) Th230  2.214E-05+-1.0E+02 Pa231 (n,nd   ) Th229  1.018E-11+-8.5E+01 Pa231 (n,nd   ) Th229m 7.996E-12+-8.5E+01 Pa231 (n,nt   ) Th228  1.284E-10+-2.0E+02
  Pa231 (n,g    ) Pa232  2.729E+01+-1.9E+01 Pa231 (n,p    ) Th231  3.014E-04+-5.0E+01 Pa231 (n,d    ) Th230  8.172E-05+-1.0E+02 Pa231 (n,t    ) Th229  7.784E-06+-8.5E+01
  Pa231 (n,t    ) Th229m 4.977E-06+-8.5E+01 Pa231 (n,a    ) Ac228  8.889E-05+-6.0E+01 Pa231 (n,2a   ) Fr224  4.464E-12+-2.0E+02 Pa231 (n,4na  ) Ac224  1.078E-11+-2.0E+02
  Pa232 (n,2n   ) Pa231  1.823E-01+-4.0E+01 Pa232 (n,3n   ) Pa230  6.740E-03+-8.0E+01 Pa232 (n,F    )        6.642E+01+-3.6E+01 Pa232 (n,na   ) Ac228  4.950E-06+-1.0E+02
  Pa232 (n,2na  ) Ac227  3.358E-07+-2.0E+02 Pa232 (n,np   ) Th231  1.639E-05+-1.0E+02 Pa232 (n,nd   ) Th230  1.107E-09+-6.0E+01 Pa232 (n,nt   ) Th229  4.575E-11+-2.1E+02
  Pa232 (n,nt   ) Th229m 3.594E-11+-2.1E+02 Pa232 (n,2np  ) Th230  2.883E-11+-2.0E+02 Pa232 (n,g    ) Pa233  3.112E+01+-1.9E+01 Pa232 (n,p    ) Th232  2.696E-04+-5.0E+01
  Pa232 (n,d    ) Th231  5.148E-05+-1.0E+02 Pa232 (n,t    ) Th230  5.843E-05+-6.0E+01 Pa232 (n,a    ) Ac229  1.627E-04+-6.0E+01 Pa232 (n,pa   ) Ra228  1.568E-12+-2.0E+02
  Pa232 (n,4na  ) Ac225  1.733E-10+-2.0E+02 Pa233 (n,2n   ) Pa232  2.275E-01+-4.0E+01 Pa233 (n,3n   ) Pa231  4.664E-02+-8.0E+01 Pa233 (n,F    )        4.024E-01+-9.8E+01
  Pa233 (n,na   ) Ac229  2.676E-06+-1.0E+02 Pa233 (n,2na  ) Ac228  2.095E-08+-2.0E+02 Pa233 (n,np   ) Th232  1.060E-05+-1.0E+02 Pa233 (n,nd   ) Th231  3.428E-12+-6.0E+01
  Pa233 (n,nt   ) Th230  1.069E-10+-2.0E+02 Pa233 (n,g    ) Pa234  7.463E+00+-1.4E+01 Pa233 (n,g    ) Pa234m 7.850E+00+-1.3E+01 Pa233 (n,p    ) Th233  2.087E-04+-5.0E+01
  Pa233 (n,d    ) Th232  3.997E-05+-1.0E+02 Pa233 (n,t    ) Th231  9.248E-06+-6.0E+01 Pa233 (n,a    ) Ac230  6.567E-05+-6.0E+01 Pa234 (n,2n   ) Pa233  3.037E-01+-4.0E+01
  Pa234 (n,3n   ) Pa232  3.748E-02+-8.0E+01 Pa234 (n,F    )        1.925E-01+-2.0E+02 Pa234 (n,na   ) Ac230  2.224E-06+-1.0E+02 Pa234 (n,2na  ) Ac229  2.897E-08+-2.0E+02
  Pa234 (n,np   ) Th233  6.531E-06+-1.0E+02 Pa234 (n,nd   ) Th232  5.179E-10+-6.0E+01 Pa234 (n,nt   ) Th231  5.038E-11+-2.0E+02 Pa234 (n,2np  ) Th232  4.610E-12+-2.0E+02
  Pa234 (n,g    ) Pa235  7.776E+00+-1.6E+02 Pa234 (n,p    ) Th234  1.859E-04+-5.0E+01 Pa234 (n,d    ) Th233  2.405E-05+-1.0E+02 Pa234 (n,t    ) Th232  4.425E-05+-6.0E+01
  Pa234 (n,a    ) Ac231  5.911E-05+-6.0E+01 U 230 (n,2n   ) U 229  6.628E-02+-4.0E+01 U 230 (n,3n   ) U 228  2.545E-04+-8.0E+01 U 230 (n,F    )        3.212E+00+-5.2E+01
  U 230 (n,na   ) Th226  5.265E-05+-1.0E+02 U 230 (n,2na  ) Th225  6.945E-03+-2.0E+02 U 230 (n,3na  ) Th224  7.687E-05+-2.0E+02 U 230 (n,np   ) Pa229  3.504E-06+-1.0E+02
  U 230 (n,n2a  ) Ra222  5.796E-08+-2.0E+02 U 230 (n,2n2a ) Ra221  1.178E-05+-2.0E+02 U 230 (n,npa  ) Ac225  1.670E-11+-2.0E+02 U 230 (n,g    ) U 231  8.307E-01+-8.0E+02
  U 230 (n,p    ) Pa230  5.574E-04+-5.0E+01 U 230 (n,d    ) Pa229  2.903E-05+-1.0E+02 U 230 (n,t    ) Pa228  1.746E-06+-6.0E+01 U 230 (n,h    ) Th228  1.467E-12+-9.0E+01
  U 230 (n,a    ) Th227  1.639E-04+-6.0E+01 U 230 (n,2a   ) Ra223  1.031E-08+-2.0E+02 U 230 (n,pa   ) Ac226  1.573E-10+-2.0E+02 U 230 (n,da   ) Ac225  1.466E-10+-2.0E+02
  U 230 (n,ta   ) Ac224  9.326E-12+-2.0E+02 U 231 (n,2n   ) U 230  4.085E-02+-4.0E+01 U 231 (n,3n   ) U 229  1.064E-04+-8.0E+01 U 231 (n,F    )        2.604E+01+-8.0E+01
  U 231 (n,na   ) Th227  1.485E-04+-1.0E+02 U 231 (n,2na  ) Th226  2.480E-05+-2.0E+02 U 231 (n,3na  ) Th225  2.245E-05+-2.0E+02 U 231 (n,np   ) Pa230  9.968E-06+-1.0E+02
  U 231 (n,n2a  ) Ra223  1.554E-08+-2.0E+02 U 231 (n,2n2a ) Ra222  2.010E-08+-2.0E+02 U 231 (n,nd   ) Pa229  4.285E-12+-6.0E+01 U 231 (n,g    ) U 232  2.668E+00+-4.0E+02
  U 231 (n,p    ) Pa231  4.892E-04+-5.0E+01 U 231 (n,d    ) Pa230  2.152E-05+-1.0E+02 U 231 (n,t    ) Pa229  1.330E-05+-6.0E+01 U 231 (n,a    ) Th228  1.589E-04+-6.0E+01
  U 231 (n,2a   ) Ra224  1.428E-09+-2.0E+02 U 231 (n,pa   ) Ac227  2.562E-10+-2.0E+02 U 231 (n,ta   ) Ac225  1.160E-10+-2.0E+02 U 231 (n,3n2a ) Ra221  5.321E-08+-2.0E+02
  U 232 (n,2n   ) U 231  3.340E-02+-4.0E+01 U 232 (n,3n   ) U 230  2.168E-04+-8.0E+01 U 232 (n,F    )        1.301E+01+-9.1E+00 U 232 (n,na   ) Th228  1.237E-05+-1.0E+02
  U 232 (n,2na  ) Th227  2.458E-04+-2.0E+02 U 232 (n,3na  ) Th226  1.612E-12+-2.0E+02 U 232 (n,np   ) Pa231  3.912E-06+-1.0E+02 U 232 (n,n2a  ) Ra224  1.372E-11+-2.0E+02
  U 232 (n,2n2a ) Ra223  1.686E-08+-2.0E+02 U 232 (n,g    ) U 233  7.945E+00+-1.6E+01 U 232 (n,p    ) Pa232  3.864E-04+-5.0E+01 U 232 (n,d    ) Pa231  1.159E-05+-1.0E+02
  U 232 (n,t    ) Pa230  8.784E-07+-6.0E+01 U 232 (n,a    ) Th229  5.834E-05+-8.5E+01 U 232 (n,a    ) Th229m 3.730E-05+-8.5E+01 U 232 (n,2a   ) Ra225  3.221E-11+-2.0E+02
  U 232 (n,pa   ) Ac228  2.583E-12+-2.0E+02 U 233 (n,2n   ) U 232  1.664E-02+-4.0E+01 U 233 (n,3n   ) U 231  4.506E-05+-8.0E+01 U 233 (n,F    )        4.315E+01+-7.4E+00
  U 233 (n,na   ) Th229  5.748E-06+-1.2E+02 U 233 (n,na   ) Th229m 4.516E-06+-1.2E+02 U 233 (n,2na  ) Th228  3.808E-07+-2.0E+02 U 233 (n,3na  ) Th227  5.890E-08+-2.0E+02
  U 233 (n,np   ) Pa232  3.823E-06+-1.0E+02 U 233 (n,n2a  ) Ra225  1.196E-12+-2.0E+02 U 233 (n,nd   ) Pa231  1.899E-12+-6.0E+01 U 233 (n,g    ) U 234  4.681E+00+-7.0E+00
  U 233 (n,p    ) Pa233  3.351E-04+-5.0E+01 U 233 (n,d    ) Pa232  1.026E-05+-1.0E+02 U 233 (n,t    ) Pa231  6.057E-06+-6.0E+01 U 233 (n,a    ) Th230  1.188E-04+-5.1E+01
  U 233 (n,pa   ) Ac229  1.947E-12+-2.0E+02 U 233 (n,3n2a ) Ra223  5.420E-12+-2.0E+02 U 234 (n,2n   ) U 233  8.942E-02+-4.0E+01 U 234 (n,3n   ) U 232  1.984E-03+-8.0E+01
  U 234 (n,F    )        7.844E-01+-4.9E+01 U 234 (n,na   ) Th230  5.572E-06+-1.0E+02 U 234 (n,2na  ) Th229  9.517E-08+-2.1E+02 U 234 (n,2na  ) Th229m 7.478E-08+-2.1E+02
  U 234 (n,np   ) Pa233  1.431E-06+-1.0E+02 U 234 (n,g    ) U 235  8.211E+00+-7.8E+01 U 234 (n,g    ) U 235m 8.207E+00+-7.8E+01 U 234 (n,p    ) Pa234  2.156E-04+-7.8E+01
  U 234 (n,p    ) Pa234m 5.057E-05+-7.8E+01 U 234 (n,d    ) Pa233  5.208E-06+-1.0E+02 U 234 (n,t    ) Pa232  6.326E-07+-6.0E+01 U 234 (n,a    ) Th231  9.339E-05+-6.0E+01
  U 234 (n,4n2a ) Ra223  1.374E-12+-2.0E+02 U 235 (n,n    ) U 235m 4.247E-01+-1.0E+02 U 235 (n,2n   ) U 234  1.048E-01+-1.0E+01 U 235 (n,3n   ) U 233  8.093E-03+-1.0E+01
  U 235 (n,F    )        4.060E+01+-8.6E+00 U 235 (n,na   ) Th231  2.370E-06+-1.0E+02 U 235 (n,2na  ) Th230  4.118E-08+-2.0E+02 U 235 (n,np   ) Pa234  1.183E-06+-1.2E+02
  U 235 (n,np   ) Pa234m 1.926E-07+-1.2E+02 U 235 (n,nd   ) Pa233  1.277E-12+-6.0E+01 U 235 (n,g    ) U 236  9.328E+00+-7.6E+00 U 235 (n,p    ) Pa235  2.951E-04+-3.0E+01
  U 235 (n,d    ) Pa234  3.942E-06+-1.2E+02 U 235 (n,d    ) Pa234m 9.246E-07+-1.2E+02 U 235 (n,t    ) Pa233  5.656E-06+-6.0E+01 U 235 (n,a    ) Th232  8.341E-05+-5.4E+01
  U 236 (n,2n   ) U 235  1.299E-01+-7.2E+01 U 236 (n,2n   ) U 235m 6.252E-02+-7.2E+01 U 236 (n,3n   ) U 234  5.364E-02+-8.0E+01 U 236 (n,F    )        5.359E-01+-4.3E+01
  U 236 (n,na   ) Th232  2.863E-06+-1.0E+02 U 236 (n,2na  ) Th231  4.631E-08+-2.0E+02 U 236 (n,np   ) Pa235  3.472E-07+-1.0E+02 U 236 (n,g    ) U 237  6.246E+00+-9.4E+00
  U 236 (n,p    ) Pa236  1.849E-04+-5.0E+01 U 236 (n,d    ) Pa235  1.989E-06+-1.0E+02 U 236 (n,t    ) Pa234  3.697E-07+-8.5E+01 U 236 (n,t    ) Pa234m 8.673E-08+-8.5E+01
  U 236 (n,a    ) Th233  5.964E-05+-6.0E+01 U 237 (n,2n   ) U 236  2.127E-01+-4.0E+01 U 237 (n,3n   ) U 235  1.591E-02+-1.0E+02 U 237 (n,3n   ) U 235m 1.174E-02+-1.0E+02
  U 237 (n,F    )        1.692E+00+-4.4E+01 U 237 (n,na   ) Th233  2.229E-06+-1.0E+02 U 237 (n,2na  ) Th232  5.619E-08+-2.0E+02 U 237 (n,np   ) Pa236  2.690E-07+-1.0E+02
  U 237 (n,g    ) U 238  4.217E+01+-2.5E+01 U 237 (n,p    ) Pa237  1.611E-04+-5.0E+01 U 237 (n,d    ) Pa236  1.755E-06+-1.0E+02 U 237 (n,t    ) Pa235  2.877E-06+-6.0E+01
  U 237 (n,a    ) Th234  5.592E-05+-6.0E+01 U 238 (n,2n   ) U 237  1.775E-01+-1.0E+01 U 238 (n,3n   ) U 236  7.027E-02+-2.0E+01 U 238 (n,F    )        2.734E-01+-5.0E+01
  U 238 (n,na   ) Th234  1.198E-06+-1.0E+02 U 238 (n,2na  ) Th233  9.041E-09+-2.0E+02 U 238 (n,np   ) Pa237  9.136E-08+-1.0E+02 U 238 (n,g    ) U 239  5.566E+00+-9.6E+00
  U 238 (n,p    ) Pa238  6.230E-05+-2.7E+01 U 238 (n,d    ) Pa237  7.977E-07+-1.0E+02 U 238 (n,t    ) Pa236  1.057E-05+-6.0E+01 U 238 (n,a    ) Th235  8.157E-05+-2.9E+01
  U 240 (n,2n   ) U 239  2.408E-01+-4.0E+01 U 240 (n,3n   ) U 238  2.092E-01+-8.0E+01 U 240 (n,F    )        2.373E-01+-9.7E+01 U 240 (n,2na  ) Th235  6.138E-09+-2.0E+02
  U 240 (n,g    ) U 241  1.828E+01+-8.9E+02 U 240 (n,t    ) Pa238  2.801E-07+-6.0E+01 U 241 (n,2n   ) U 240  2.442E-01+-4.0E+01 U 241 (n,3n   ) U 239  1.350E-01+-8.0E+01
  U 241 (n,F    )        2.969E-01+-1.6E+02 U 241 (n,g    ) U 242  3.377E+01+-7.6E+02 Np234 (n,2n   ) Np233  1.168E-01+-4.0E+01 Np234 (n,3n   ) Np232  3.369E-04+-8.0E+01
  Np234 (n,F    )        1.149E+02+-1.0E+02 Np234 (n,na   ) Pa230  2.763E-05+-1.0E+02 Np234 (n,2na  ) Pa229  5.695E-06+-2.0E+02 Np234 (n,3na  ) Pa228  3.290E-09+-2.0E+02
  Np234 (n,np   ) U 233  1.267E-05+-1.0E+02 Np234 (n,n2a  ) Ac226  8.192E-12+-2.0E+02 Np234 (n,2n2a ) Ac225  1.897E-12+-2.0E+02 Np234 (n,nd   ) U 232  4.158E-10+-6.0E+01
  Np234 (n,2np  ) U 232  6.405E-11+-2.0E+02 Np234 (n,g    ) Np235  7.403E+00+-2.1E+02 Np234 (n,p    ) U 234  5.061E-04+-5.0E+01 Np234 (n,d    ) U 233  1.153E-04+-1.0E+02
  Np234 (n,t    ) U 232  6.989E-05+-6.0E+01 Np234 (n,a    ) Pa231  2.866E-04+-6.0E+01 Np234 (n,2a   ) Ac227  9.702E-11+-2.0E+02 Np234 (n,ta   ) Th228  2.166E-12+-2.0E+02
  Np235 (n,2n   ) Np234  6.977E-02+-4.0E+01 Np235 (n,3n   ) Np233  2.558E-03+-8.0E+01 Np235 (n,F    )        3.108E+00+-1.6E+02 Np235 (n,na   ) Pa231  1.208E-05+-1.0E+02
  Np235 (n,3na  ) Pa229  3.409E-09+-2.0E+02 Np235 (n,np   ) U 234  3.163E-05+-1.0E+02 Np235 (n,n2a  ) Ac227  1.998E-12+-2.0E+02 Np235 (n,nd   ) U 233  3.551E-12+-6.0E+01
  Np235 (n,nt   ) U 232  6.322E-12+-2.0E+02 Np235 (n,g    ) Np236  1.629E+01+-7.8E+01 Np235 (n,g    ) Np236m 2.494E+01+-7.8E+01 Np235 (n,p    ) U 235  2.921E-04+-7.8E+01
  Np235 (n,p    ) U 235m 9.433E-05+-7.8E+01 Np235 (n,d    ) U 234  9.530E-05+-1.0E+02 Np235 (n,t    ) U 233  1.431E-05+-6.0E+01 Np235 (n,a    ) Pa232  3.696E-04+-6.0E+01
  Np235 (n,2a   ) Ac228  3.776E-12+-2.0E+02 Np235 (n,pa   ) Th231  1.790E-11+-2.0E+02 Np236 (n,n    ) Np236m 1.972E-01+-1.0E+02 Np236 (n,2n   ) Np235  9.508E-02+-4.0E+01
  Np236 (n,3n   ) Np234  2.376E-03+-8.0E+01 Np236 (n,F    )        1.894E+02+-8.9E+00 Np236 (n,na   ) Pa232  1.066E-05+-1.0E+02 Np236 (n,2na  ) Pa231  1.565E-06+-2.0E+02
  Np236 (n,np   ) U 235  7.523E-06+-1.2E+02 Np236 (n,np   ) U 235m 5.367E-06+-1.2E+02 Np236 (n,nd   ) U 234  8.572E-10+-6.0E+01 Np236 (n,nt   ) U 233  5.126E-12+-2.0E+02
  Np236 (n,2np  ) U 234  3.364E-11+-2.0E+02 Np236 (n,g    ) Np237  1.133E+01+-4.4E+01 Np236 (n,p    ) U 236  3.474E-04+-5.0E+01 Np236 (n,d    ) U 235  3.752E-05+-1.2E+02
  Np236 (n,d    ) U 235m 2.933E-05+-1.2E+02 Np236 (n,t    ) U 234  5.761E-05+-6.0E+01 Np236 (n,a    ) Pa233  9.955E-05+-6.0E+01 Np236 (n,2a   ) Ac229  1.401E-12+-2.0E+02
  Np236 (n,4na  ) Pa229  1.336E-12+-2.0E+02 Np236m(n,2n   ) Np235  2.068E-01+-4.0E+01 Np236m(n,3n   ) Np234  9.813E-03+-8.0E+01 Np236m(n,F    )        4.129E+01+-3.6E+02
  Np236m(n,na   ) Pa232  1.105E-05+-1.0E+02 Np236m(n,2na  ) Pa231  7.171E-07+-2.0E+02 Np236m(n,np   ) U 235  8.547E-06+-1.2E+02 Np236m(n,np   ) U 235m 5.549E-06+-1.2E+02
  Np236m(n,nd   ) U 234  1.086E-09+-6.0E+01 Np236m(n,nt   ) U 233  8.225E-12+-2.0E+02 Np236m(n,2np  ) U 234  4.781E-11+-2.0E+02 Np236m(n,g    ) Np237  2.639E+00+-4.5E+02
  Np236m(n,p    ) U 236  3.368E-04+-5.0E+01 Np236m(n,d    ) U 235  3.826E-05+-1.2E+02 Np236m(n,d    ) U 235m 2.445E-05+-1.2E+02 Np236m(n,t    ) U 234  4.738E-05+-6.0E+01
  Np236m(n,a    ) Pa233  9.726E-05+-6.0E+01 Np236m(n,pa   ) Th232  1.004E-11+-2.0E+02 Np237 (n,2n   ) Np236  1.836E-02+-2.0E+01 Np237 (n,2n   ) Np236m 8.583E-02+-2.0E+01
  Np237 (n,3n   ) Np235  1.555E-02+-8.0E+01 Np237 (n,F    )        8.198E-01+-5.0E+01 Np237 (n,na   ) Pa233  6.706E-06+-1.0E+02 Np237 (n,2na  ) Pa232  6.132E-07+-2.0E+02
  Np237 (n,np   ) U 236  1.805E-05+-1.0E+02 Np237 (n,nd   ) U 235  2.864E-12+-8.5E+01 Np237 (n,nd   ) U 235m 2.012E-12+-8.5E+01 Np237 (n,nt   ) U 234  8.583E-11+-2.0E+02
  Np237 (n,g    ) Np238  2.184E+01+-1.7E+01 Np237 (n,p    ) U 237  1.789E-04+-3.0E+01 Np237 (n,d    ) U 236  5.731E-05+-1.0E+02 Np237 (n,t    ) U 235  6.219E-06+-8.5E+01
  Np237 (n,t    ) U 235m 4.618E-06+-8.5E+01 Np237 (n,a    ) Pa234  1.153E-04+-8.5E+01 Np237 (n,a    ) Pa234m 2.706E-05+-8.5E+01 Np237 (n,2a   ) Ac230  1.111E-12+-2.0E+02
  Np238 (n,2n   ) Np237  1.359E-01+-4.0E+01 Np238 (n,3n   ) Np236  6.159E-03+-1.0E+02 Np238 (n,3n   ) Np236m 3.100E-03+-1.0E+02 Np238 (n,F    )        1.331E+02+-9.1E+00
  Np238 (n,na   ) Pa234  3.159E-06+-1.2E+02 Np238 (n,na   ) Pa234m 5.143E-07+-1.2E+02 Np238 (n,2na  ) Pa233  1.090E-07+-2.0E+02 Np238 (n,np   ) U 237  9.377E-06+-1.0E+02
  Np238 (n,nd   ) U 236  5.747E-10+-6.0E+01 Np238 (n,nt   ) U 235  1.798E-11+-2.1E+02 Np238 (n,nt   ) U 235m 1.122E-11+-2.1E+02 Np238 (n,2np  ) U 236  6.199E-12+-2.0E+02
  Np238 (n,g    ) Np239  1.032E+01+-4.1E+02 Np238 (n,p    ) U 238  2.393E-04+-5.0E+01 Np238 (n,d    ) U 237  3.946E-05+-1.0E+02 Np238 (n,t    ) U 236  4.477E-05+-6.0E+01
  Np238 (n,a    ) Pa235  7.418E-05+-6.0E+01 Np239 (n,2n   ) Np238  1.218E-01+-4.0E+01 Np239 (n,3n   ) Np237  3.501E-02+-8.0E+01 Np239 (n,F    )        1.035E+00+-9.4E+01
  Np239 (n,na   ) Pa235  1.735E-06+-1.0E+02 Np239 (n,2na  ) Pa234  8.272E-08+-2.1E+02 Np239 (n,2na  ) Pa234m 1.347E-08+-2.1E+02 Np239 (n,np   ) U 238  7.860E-06+-1.0E+02
  Np239 (n,nd   ) U 237  4.930E-12+-6.0E+01 Np239 (n,nt   ) U 236  1.728E-10+-2.0E+02 Np239 (n,g    ) Np240  1.183E+01+-8.0E+01 Np239 (n,g    ) Np240m 2.175E+01+-8.1E+01
  Np239 (n,p    ) U 239  1.880E-04+-5.0E+01 Np239 (n,d    ) U 238  3.055E-05+-1.0E+02 Np239 (n,t    ) U 237  1.085E-05+-6.0E+01 Np239 (n,a    ) Pa236  6.094E-05+-6.0E+01
  Pu234 (n,2n   ) Pu233  3.565E-01+-4.0E+01 Pu234 (n,3n   ) Pu232  5.572E-05+-8.0E+01 Pu234 (n,F    )        5.049E-02+-2.0E+02 Pu234 (n,na   ) U 230  2.730E-02+-1.0E+02
  Pu234 (n,2na  ) U 229  2.317E-06+-2.0E+02 Pu234 (n,3na  ) U 228  2.922E-07+-2.0E+02 Pu234 (n,np   ) Np233  1.744E-05+-1.0E+02 Pu234 (n,n2a  ) Th226  4.917E-09+-2.0E+02
  Pu234 (n,2n2a ) Th225  1.936E-09+-2.0E+02 Pu234 (n,g    ) Pu235  5.482E+00+-1.8E+02 Pu234 (n,p    ) Np234  7.142E-04+-5.0E+01 Pu234 (n,d    ) Np233  5.288E-05+-1.0E+02
  Pu234 (n,t    ) Np232  1.826E-06+-6.0E+01 Pu234 (n,h    ) U 232  8.020E-12+-9.0E+01 Pu234 (n,a    ) U 231  5.540E-04+-6.0E+01 Pu234 (n,2a   ) Th227  1.619E-08+-2.0E+02
  Pu234 (n,3n2a ) Th224  3.953E-09+-2.0E+02 Pu236 (n,2n   ) Pu235  4.153E-02+-4.0E+01 Pu236 (n,3n   ) Pu234  4.614E-05+-8.0E+01 Pu236 (n,F    )        2.679E+01+-1.1E+01
  Pu236 (n,na   ) U 232  3.192E-05+-1.0E+02 Pu236 (n,2na  ) U 231  8.132E-04+-2.0E+02 Pu236 (n,np   ) Np235  4.074E-06+-1.0E+02 Pu236 (n,n2a  ) Th228  2.042E-10+-2.0E+02
  Pu236 (n,2n2a ) Th227  8.657E-09+-2.0E+02 Pu236 (n,g    ) Pu237  1.630E+00+-7.8E+01 Pu236 (n,g    ) Pu237m 1.629E+00+-7.8E+01 Pu236 (n,p    ) Np236  3.366E-04+-7.8E+01
  Pu236 (n,p    ) Np236m 1.570E-04+-7.8E+01 Pu236 (n,d    ) Np235  2.880E-05+-1.0E+02 Pu236 (n,t    ) Np234  1.687E-06+-6.0E+01 Pu236 (n,a    ) U 233  1.420E-04+-6.0E+01
  Pu236 (n,2a   ) Th229  1.152E-11+-2.1E+02 Pu236 (n,2a   ) Th229m 9.049E-12+-2.1E+02 Pu236 (n,pa   ) Pa232  1.265E-10+-2.0E+02 Pu237 (n,n    ) Pu237m 7.311E-02+-1.0E+02
  Pu237 (n,2n   ) Pu236  3.343E-02+-4.0E+01 Pu237 (n,3n   ) Pu235  4.477E-04+-8.0E+01 Pu237 (n,F    )        2.315E+02+-7.9E+01 Pu237 (n,na   ) U 233  8.868E-06+-1.0E+02
  Pu237 (n,2na  ) U 232  1.970E-05+-2.0E+02 Pu237 (n,np   ) Np236  4.900E-06+-1.2E+02 Pu237 (n,np   ) Np236m 3.067E-06+-1.2E+02 Pu237 (n,nd   ) Np235  1.053E-11+-6.0E+01
  Pu237 (n,g    ) Pu238  3.060E+01+-8.5E+02 Pu237 (n,p    ) Np237  4.328E-04+-5.0E+01 Pu237 (n,d    ) Np236  1.189E-05+-1.2E+02 Pu237 (n,d    ) Np236m 1.164E-05+-1.2E+02
  Pu237 (n,t    ) Np235  1.137E-05+-6.0E+01 Pu237 (n,a    ) U 234  1.336E-04+-6.0E+01 Pu237 (n,2a   ) Th230  7.257E-09+-2.0E+02 Pu237 (n,pa   ) Pa233  5.957E-11+-2.0E+02
  Pu238 (n,2n   ) Pu237  8.794E-02+-7.2E+01 Pu238 (n,2n   ) Pu237m 1.845E-02+-7.2E+01 Pu238 (n,3n   ) Pu236  1.283E-03+-8.0E+01 Pu238 (n,F    )        2.985E+00+-2.2E+01
  Pu238 (n,na   ) U 234  9.185E-06+-1.0E+02 Pu238 (n,2na  ) U 233  4.114E-07+-2.0E+02 Pu238 (n,np   ) Np237  3.705E-06+-1.0E+02 Pu238 (n,g    ) Pu239  3.722E+01+-9.2E+00
  Pu238 (n,p    ) Np238  3.459E-04+-5.0E+01 Pu238 (n,d    ) Np237  1.288E-05+-1.0E+02 Pu238 (n,t    ) Np236  6.153E-07+-8.5E+01 Pu238 (n,t    ) Np236m 7.325E-07+-8.5E+01
  Pu238 (n,a    ) U 235  1.232E-04+-8.5E+01 Pu238 (n,a    ) U 235m 7.247E-05+-8.5E+01 Pu238 (n,2a   ) Th231  2.098E-12+-2.0E+02 Pu238 (n,pa   ) Pa234  7.903E-12+-2.1E+02
  Pu238 (n,pa   ) Pa234m 1.287E-12+-2.1E+02 Pu238 (n,4n2a ) Th227  7.748E-11+-2.0E+02 Pu239 (n,2n   ) Pu238  5.627E-02+-1.0E+01 Pu239 (n,3n   ) Pu237  7.792E-04+-1.2E+02
  Pu239 (n,3n   ) Pu237m 2.549E-04+-1.2E+02 Pu239 (n,F    )        5.085E+01+-9.0E+00 Pu239 (n,na   ) U 235  2.511E-06+-1.2E+02 Pu239 (n,na   ) U 235m 1.365E-06+-1.2E+02
  Pu239 (n,2na  ) U 234  1.309E-07+-2.0E+02 Pu239 (n,np   ) Np238  1.825E-06+-1.0E+02 Pu239 (n,nd   ) Np237  1.958E-12+-6.0E+01 Pu239 (n,g    ) Pu240  1.915E+01+-8.0E+00
  Pu239 (n,p    ) Np239  4.928E-04+-3.0E+01 Pu239 (n,d    ) Np238  8.540E-06+-1.0E+02 Pu239 (n,t    ) Np237  6.846E-06+-6.0E+01 Pu239 (n,a    ) U 236  3.116E-04+-5.6E+01
  Pu239 (n,pa   ) Pa235  1.081E-12+-2.0E+02 Pu240 (n,2n   ) Pu239  1.381E-01+-4.0E+01 Pu240 (n,3n   ) Pu238  2.772E-02+-8.0E+01 Pu240 (n,F    )        9.127E-01+-4.7E+01
  Pu240 (n,na   ) U 236  4.770E-06+-1.0E+02 Pu240 (n,2na  ) U 235  8.508E-08+-2.1E+02 Pu240 (n,2na  ) U 235m 5.284E-08+-2.1E+02 Pu240 (n,3na  ) U 234  2.419E-12+-2.0E+02
  Pu240 (n,np   ) Np239  1.349E-06+-1.0E+02 Pu240 (n,g    ) Pu241  1.024E+02+-8.6E+00 Pu240 (n,p    ) Np240  1.650E-04+-7.8E+01 Pu240 (n,p    ) Np240m 7.412E-05+-7.8E+01
  Pu240 (n,d    ) Np239  6.206E-06+-1.0E+02 Pu240 (n,t    ) Np238  1.046E-06+-6.0E+01 Pu240 (n,a    ) U 237  1.968E-04+-5.4E+01 Pu241 (n,2n   ) Pu240  5.036E-02+-4.0E+01
  Pu241 (n,3n   ) Pu239  1.200E-02+-8.0E+01 Pu241 (n,F    )        7.080E+01+-8.2E+00 Pu241 (n,na   ) U 237  1.862E-06+-1.0E+02 Pu241 (n,2na  ) U 236  3.511E-08+-2.0E+02
  Pu241 (n,np   ) Np240  1.067E-06+-1.2E+02 Pu241 (n,np   ) Np240m 4.795E-07+-1.2E+02 Pu241 (n,nd   ) Np239  1.952E-12+-6.0E+01 Pu241 (n,g    ) Pu242  2.775E+01+-8.8E+00
  Pu241 (n,p    ) Np241  2.104E-04+-5.0E+01 Pu241 (n,d    ) Np240  2.296E-06+-1.2E+02 Pu241 (n,d    ) Np240m 1.031E-06+-1.2E+02 Pu241 (n,t    ) Np239  5.834E-06+-6.0E+01
  Pu241 (n,a    ) U 238  6.660E-05+-6.0E+01 Pu242 (n,2n   ) Pu241  1.444E-01+-4.0E+01 Pu242 (n,3n   ) Pu240  8.880E-02+-8.0E+01 Pu242 (n,F    )        7.403E-01+-4.9E+01
  Pu242 (n,na   ) U 238  2.925E-06+-1.0E+02 Pu242 (n,2na  ) U 237  4.687E-08+-2.0E+02 Pu242 (n,np   ) Np241  9.675E-07+-1.0E+02 Pu242 (n,g    ) Pu243  1.634E+01+-9.9E+00
  Pu242 (n,p    ) Np242  1.046E-04+-7.8E+01 Pu242 (n,p    ) Np242m 6.410E-05+-7.8E+01 Pu242 (n,d    ) Np241  3.322E-06+-1.0E+02 Pu242 (n,t    ) Np240  3.806E-07+-8.5E+01
  Pu242 (n,t    ) Np240m 1.710E-07+-8.5E+01 Pu242 (n,a    ) U 239  5.958E-05+-6.0E+01 Pu243 (n,2n   ) Pu242  1.078E-01+-4.0E+01 Pu243 (n,3n   ) Pu241  5.642E-02+-8.0E+01
  Pu243 (n,F    )        1.950E+01+-2.3E+02 Pu243 (n,na   ) U 239  2.196E-06+-1.0E+02 Pu243 (n,2na  ) U 238  2.409E-07+-2.0E+02 Pu243 (n,np   ) Np242  1.668E-07+-1.2E+02
  Pu243 (n,np   ) Np242m 1.668E-07+-1.2E+02 Pu243 (n,nd   ) Np241  2.169E-12+-6.0E+01 Pu243 (n,g    ) Pu244  6.533E+00+-4.5E+01 Pu243 (n,p    ) Np243  1.472E-04+-5.0E+01
  Pu243 (n,d    ) Np242  1.538E-06+-1.2E+02 Pu243 (n,d    ) Np242m 9.430E-07+-1.2E+02 Pu243 (n,t    ) Np241  4.337E-06+-6.0E+01 Pu243 (n,a    ) U 240  5.135E-05+-6.0E+01
  Pu244 (n,2n   ) Pu243  1.514E-01+-4.0E+01 Pu244 (n,3n   ) Pu242  1.389E-01+-8.0E+01 Pu244 (n,F    )        6.540E-01+-5.0E+01 Pu244 (n,na   ) U 240  1.056E-06+-1.0E+02
  Pu244 (n,2na  ) U 239  1.245E-08+-2.0E+02 Pu244 (n,3na  ) U 238  1.516E-12+-2.0E+02 Pu244 (n,np   ) Np243  1.184E-07+-1.0E+02 Pu244 (n,g    ) Pu245  1.276E+00+-1.5E+01
  Pu244 (n,p    ) Np244  1.184E-04+-5.0E+01 Pu244 (n,d    ) Np243  1.190E-06+-1.0E+02 Pu244 (n,t    ) Np242  3.489E-07+-8.5E+01 Pu244 (n,t    ) Np242m 2.138E-07+-8.5E+01
  Pu244 (n,a    ) U 241  4.264E-05+-6.0E+01 Pu245 (n,2n   ) Pu244  1.729E-01+-4.0E+01 Pu245 (n,3n   ) Pu243  1.067E-01+-8.0E+01 Pu245 (n,F    )        6.292E-01+-2.1E+02
  Pu245 (n,na   ) U 241  1.693E-06+-1.0E+02 Pu245 (n,2na  ) U 240  1.610E-08+-2.0E+02 Pu245 (n,np   ) Np244  1.035E-07+-1.0E+02 Pu245 (n,g    ) Pu246  1.720E+00+-3.3E+02
  Pu245 (n,p    ) Np245  1.033E-04+-5.0E+01 Pu245 (n,d    ) Np244  1.296E-06+-1.0E+02 Pu245 (n,t    ) Np243  2.797E-06+-6.0E+01 Pu245 (n,a    ) U 242  3.891E-05+-6.0E+01
  Pu246 (n,2n   ) Pu245  1.311E-01+-4.0E+01 Pu246 (n,3n   ) Pu244  1.678E-01+-8.0E+01 Pu246 (n,F    )        5.140E-01+-9.7E+01 Pu246 (n,na   ) U 242  1.018E-06+-1.0E+02
  Pu246 (n,2na  ) U 241  2.603E-08+-2.0E+02 Pu246 (n,3na  ) U 240  1.884E-12+-2.0E+02 Pu246 (n,np   ) Np245  1.899E-07+-1.0E+02 Pu246 (n,g    ) Pu247  1.478E+00+-6.9E+02
  Pu246 (n,p    ) Np246  8.325E-05+-5.0E+01 Pu246 (n,d    ) Np245  8.542E-07+-1.0E+02 Pu246 (n,t    ) Np244  3.991E-07+-6.0E+01 Pu246 (n,a    ) U 243  3.549E-05+-6.0E+01
  Pu247 (n,2n   ) Pu246  1.213E-01+-4.0E+01 Pu247 (n,3n   ) Pu245  7.821E-02+-8.0E+01 Pu247 (n,F    )        5.853E+00+-3.6E+02 Pu247 (n,na   ) U 243  1.038E-06+-1.0E+02
  Pu247 (n,2na  ) U 242  4.513E-08+-2.0E+02 Pu247 (n,3na  ) U 241  1.890E-11+-2.0E+02 Pu247 (n,np   ) Np246  8.105E-08+-1.0E+02 Pu247 (n,nd   ) Np245  1.447E-12+-6.0E+01
  Pu247 (n,nt   ) Np244  2.466E-12+-2.0E+02 Pu247 (n,d    ) Np246  3.953E-07+-1.0E+02 Pu247 (n,t    ) Np245  3.255E-06+-6.0E+01 Pu247 (n,a    ) U 244  3.222E-05+-6.0E+01
  Am239 (n,2n   ) Am238  6.698E-02+-4.0E+01 Am239 (n,3n   ) Am237  6.703E-06+-8.0E+01 Am239 (n,F    )        2.078E+00+-2.0E+02 Am239 (n,na   ) Np235  5.594E-03+-1.0E+02
  Am239 (n,2na  ) Np234  3.003E-03+-2.0E+02 Am239 (n,np   ) Pu238  3.677E-05+-1.0E+02 Am239 (n,n2a  ) Pa231  6.507E-12+-2.0E+02 Am239 (n,nd   ) Pu237  4.584E-12+-8.5E+01
  Am239 (n,nt   ) Pu236  2.520E-12+-2.0E+02 Am239 (n,g    ) Am240  6.208E+00+-1.9E+02 Am239 (n,p    ) Pu239  4.911E-04+-5.0E+01 Am239 (n,d    ) Pu238  1.113E-04+-1.0E+02
  Am239 (n,t    ) Pu237  1.282E-05+-8.5E+01 Am239 (n,t    ) Pu237m 2.286E-06+-8.5E+01 Am239 (n,a    ) Np236  2.468E-04+-8.5E+01 Am239 (n,a    ) Np236m 2.420E-04+-8.5E+01
  Am239 (n,2a   ) Pa232  7.923E-11+-2.0E+02 Am240 (n,2n   ) Am239  1.112E-01+-4.0E+01 Am240 (n,3n   ) Am238  2.944E-05+-8.0E+01 Am240 (n,F    )        1.769E+01+-3.6E+02
  Am240 (n,na   ) Np236  6.974E-06+-1.2E+02 Am240 (n,na   ) Np236m 3.635E-06+-1.2E+02 Am240 (n,2na  ) Np235  1.001E-06+-2.0E+02 Am240 (n,np   ) Pu239  1.253E-05+-1.0E+02
  Am240 (n,nd   ) Pu238  6.085E-10+-6.0E+01 Am240 (n,nt   ) Pu237  1.041E-12+-2.1E+02 Am240 (n,2np  ) Pu238  3.565E-11+-2.0E+02 Am240 (n,g    ) Am241  5.738E+00+-2.2E+02
  Am240 (n,p    ) Pu240  4.406E-04+-5.0E+01 Am240 (n,d    ) Pu239  7.532E-05+-1.0E+02 Am240 (n,t    ) Pu238  5.713E-05+-6.0E+01 Am240 (n,a    ) Np237  1.298E-04+-6.0E+01
  Am240 (n,2a   ) Pa233  1.678E-11+-2.0E+02 Am240 (n,ta   ) U 234  1.641E-12+-2.0E+02 Am241 (n,2n   ) Am240  4.516E-02+-1.0E+01 Am241 (n,3n   ) Am239  2.139E-03+-8.0E+01
  Am241 (n,F    )        1.144E+00+-3.7E+01 Am241 (n,na   ) Np237  6.726E-06+-1.0E+02 Am241 (n,2na  ) Np236  3.979E-07+-2.1E+02 Am241 (n,2na  ) Np236m 2.126E-07+-2.1E+02
  Am241 (n,3na  ) Np235  2.382E-12+-2.0E+02 Am241 (n,np   ) Pu240  1.644E-05+-1.0E+02 Am241 (n,nd   ) Pu239  9.301E-12+-6.0E+01 Am241 (n,nt   ) Pu238  2.575E-11+-2.0E+02
  Am241 (n,g    ) Am242  5.416E+01+-1.7E+01 Am241 (n,g    ) Am242m 4.754E+00+-1.7E+01 Am241 (n,p    ) Pu241  3.419E-04+-5.0E+01 Am241 (n,d    ) Pu240  7.050E-05+-1.0E+02
  Am241 (n,t    ) Pu239  1.363E-05+-6.0E+01 Am241 (n,a    ) Np238  2.074E-04+-6.0E+01 Am241 (n,2a   ) Pa234  4.358E-12+-2.1E+02 Am241 (n,pa   ) U 237  1.125E-11+-2.0E+02
  Am242 (n,n    ) Am242m 4.070E-02+-1.0E+02 Am242 (n,2n   ) Am241  8.051E-02+-4.0E+01 Am242 (n,3n   ) Am240  9.299E-03+-8.0E+01 Am242 (n,F    )        1.306E+02+-4.1E+01
  Am242 (n,na   ) Np238  8.955E-06+-1.0E+02 Am242 (n,2na  ) Np237  4.385E-07+-2.0E+02 Am242 (n,np   ) Pu241  8.461E-06+-1.0E+02 Am242 (n,nd   ) Pu240  1.144E-09+-6.0E+01
  Am242 (n,nt   ) Pu239  3.852E-11+-2.0E+02 Am242 (n,2np  ) Pu240  2.938E-11+-2.0E+02 Am242 (n,g    ) Am243  1.506E+01+-1.8E+01 Am242 (n,p    ) Pu242  3.099E-04+-5.0E+01
  Am242 (n,d    ) Pu241  5.550E-05+-1.0E+02 Am242 (n,t    ) Pu240  5.460E-05+-6.0E+01 Am242 (n,a    ) Np239  1.924E-04+-6.0E+01 Am242m(n,n    ) Am242  5.166E-01+-1.0E+02
  Am242m(n,2n   ) Am241  1.003E-01+-4.0E+01 Am242m(n,3n   ) Am240  1.043E-02+-8.0E+01 Am242m(n,F    )        3.737E+02+-3.0E+01 Am242m(n,na   ) Np238  9.958E-06+-1.0E+02
  Am242m(n,2na  ) Np237  1.297E-06+-2.0E+02 Am242m(n,np   ) Pu241  7.739E-06+-1.0E+02 Am242m(n,nd   ) Pu240  1.237E-09+-6.0E+01 Am242m(n,nt   ) Pu239  3.495E-11+-2.0E+02
  Am242m(n,2np  ) Pu240  3.599E-11+-2.0E+02 Am242m(n,g    ) Am243  1.002E+02+-4.4E+01 Am242m(n,p    ) Pu242  3.012E-04+-5.0E+01 Am242m(n,d    ) Pu241  5.069E-05+-1.0E+02
  Am242m(n,t    ) Pu240  4.592E-05+-6.0E+01 Am242m(n,a    ) Np239  3.282E-04+-6.0E+01 Am242m(n,2a   ) Pa235  2.747E-12+-2.0E+02 Am243 (n,2n   ) Am242  1.150E-01+-7.2E+01
  Am243 (n,2n   ) Am242m 2.026E-02+-7.2E+01 Am243 (n,3n   ) Am241  3.108E-02+-8.0E+01 Am243 (n,F    )        7.454E-01+-4.8E+01 Am243 (n,na   ) Np239  6.058E-06+-1.0E+02
  Am243 (n,2na  ) Np238  2.519E-07+-2.0E+02 Am243 (n,3na  ) Np237  1.207E-11+-2.0E+02 Am243 (n,np   ) Pu242  1.137E-05+-1.0E+02 Am243 (n,nd   ) Pu241  7.351E-12+-6.0E+01
  Am243 (n,nt   ) Pu240  2.159E-10+-2.0E+02 Am243 (n,g    ) Am244  1.709E+00+-1.2E+01 Am243 (n,g    ) Am244m 2.556E+01+-8.5E+00 Am243 (n,p    ) Pu243  2.415E-04+-5.0E+01
  Am243 (n,d    ) Pu242  4.627E-05+-1.0E+02 Am243 (n,t    ) Pu241  1.241E-05+-6.0E+01 Am243 (n,a    ) Np240  1.045E-04+-8.5E+01 Am243 (n,a    ) Np240m 4.695E-05+-8.5E+01
  Am243 (n,pa   ) U 239  1.012E-12+-2.0E+02 Am244 (n,2n   ) Am243  7.874E-02+-4.0E+01 Am244 (n,3n   ) Am242  1.563E-02+-1.0E+02 Am244 (n,3n   ) Am242m 6.962E-03+-1.0E+02
  Am244 (n,F    )        1.520E+02+-3.6E+02 Am244 (n,na   ) Np240  3.236E-06+-1.2E+02 Am244 (n,na   ) Np240m 1.454E-06+-1.2E+02 Am244 (n,2na  ) Np239  3.343E-07+-2.0E+02
  Am244 (n,3na  ) Np238  2.125E-12+-2.0E+02 Am244 (n,np   ) Pu243  3.386E-06+-1.0E+02 Am244 (n,nd   ) Pu242  3.812E-10+-6.0E+01 Am244 (n,nt   ) Pu241  5.966E-11+-2.0E+02
  Am244 (n,2np  ) Pu242  3.868E-12+-2.0E+02 Am244 (n,g    ) Am245  7.398E+00+-1.6E+02 Am244 (n,p    ) Pu244  2.167E-04+-5.0E+01 Am244 (n,d    ) Pu243  3.191E-05+-1.0E+02
  Am244 (n,t    ) Pu242  4.233E-05+-6.0E+01 Am244 (n,a    ) Np241  1.045E-04+-6.0E+01 Cm240 (n,2n   ) Cm239  9.281E-03+-4.0E+01 Cm240 (n,3n   ) Cm238  1.256E-05+-8.0E+01
  Cm240 (n,F    )        2.132E+00+-2.2E+02 Cm240 (n,na   ) Pu236  6.290E-03+-1.0E+02 Cm240 (n,2na  ) Pu235  2.006E-06+-2.0E+02 Cm240 (n,3na  ) Pu234  9.993E-08+-2.0E+02
  Cm240 (n,np   ) Am239  1.354E-05+-1.0E+02 Cm240 (n,2n2a ) U 231  1.453E-11+-2.0E+02 Cm240 (n,g    ) Cm241  2.155E+01+-8.6E+02 Cm240 (n,p    ) Am240  6.314E-04+-5.0E+01
  Cm240 (n,d    ) Am239  4.073E-05+-1.0E+02 Cm240 (n,t    ) Am238  2.475E-06+-6.0E+01 Cm240 (n,h    ) Pu238  2.855E-12+-9.0E+01 Cm240 (n,a    ) Pu237  2.310E-04+-8.5E+01
  Cm240 (n,a    ) Pu237m 1.139E-04+-8.5E+01 Cm240 (n,2a   ) U 233  1.426E-10+-2.0E+02 Cm240 (n,pa   ) Np236  1.025E-09+-2.1E+02 Cm240 (n,pa   ) Np236m 8.264E-10+-2.1E+02
  Cm240 (n,ta   ) Np234  1.051E-09+-2.0E+02 Cm241 (n,2n   ) Cm240  2.665E-02+-4.0E+01 Cm241 (n,3n   ) Cm239  3.341E-05+-8.0E+01 Cm241 (n,F    )        4.808E+01+-3.8E+02
  Cm241 (n,na   ) Pu237  7.272E-04+-1.2E+02 Cm241 (n,na   ) Pu237m 3.673E-04+-1.2E+02 Cm241 (n,2na  ) Pu236  4.696E-03+-2.0E+02 Cm241 (n,3na  ) Pu235  1.189E-11+-2.0E+02
  Cm241 (n,np   ) Am240  4.016E-06+-1.0E+02 Cm241 (n,n2a  ) U 233  3.902E-12+-2.0E+02 Cm241 (n,nd   ) Am239  5.254E-12+-6.0E+01 Cm241 (n,g    ) Cm242  2.887E+00+-2.9E+02
  Cm241 (n,p    ) Am241  5.478E-04+-5.0E+01 Cm241 (n,d    ) Am240  2.773E-05+-1.0E+02 Cm241 (n,t    ) Am239  1.351E-05+-6.0E+01 Cm241 (n,a    ) Pu238  2.019E-04+-6.0E+01
  Cm241 (n,2a   ) U 234  3.615E-09+-2.0E+02 Cm241 (n,pa   ) Np237  4.912E-10+-2.0E+02 Cm242 (n,2n   ) Cm241  3.095E-02+-4.0E+01 Cm242 (n,3n   ) Cm240  5.321E-04+-8.0E+01
  Cm242 (n,F    )        1.759E+00+-3.9E+01 Cm242 (n,na   ) Pu238  7.759E-03+-1.0E+02 Cm242 (n,2na  ) Pu237  4.121E-03+-2.1E+02 Cm242 (n,2na  ) Pu237m 2.190E-03+-2.1E+02
  Cm242 (n,np   ) Am241  4.058E-06+-1.0E+02 Cm242 (n,n2a  ) U 234  7.484E-11+-2.0E+02 Cm242 (n,g    ) Cm243  3.660E+00+-3.1E+01 Cm242 (n,p    ) Am242  2.109E-04+-7.8E+01
  Cm242 (n,p    ) Am242m 2.275E-04+-7.8E+01 Cm242 (n,d    ) Am241  2.244E-05+-1.0E+02 Cm242 (n,t    ) Am240  2.729E-06+-6.0E+01 Cm242 (n,a    ) Pu239  1.208E-04+-6.0E+01
  Cm242 (n,2a   ) U 235  1.111E-12+-2.1E+02 Cm242 (n,pa   ) Np238  5.291E-12+-2.0E+02 Cm243 (n,2n   ) Cm242  4.514E-02+-4.0E+01 Cm243 (n,3n   ) Cm241  1.035E-03+-8.0E+01
  Cm243 (n,F    )        5.914E+01+-7.4E+00 Cm243 (n,na   ) Pu239  7.599E-07+-1.0E+02 Cm243 (n,2na  ) Pu238  2.080E-02+-2.0E+02 Cm243 (n,np   ) Am242  2.372E-06+-1.2E+02
  Cm243 (n,np   ) Am242m 2.122E-06+-1.2E+02 Cm243 (n,2n2a ) U 234  8.685E-12+-2.0E+02 Cm243 (n,nd   ) Am241  1.232E-11+-6.0E+01 Cm243 (n,g    ) Cm244  1.124E+01+-7.5E+00
  Cm243 (n,p    ) Am243  3.831E-04+-5.0E+01 Cm243 (n,d    ) Am242  1.047E-05+-1.2E+02 Cm243 (n,d    ) Am242m 7.597E-06+-1.2E+02 Cm243 (n,t    ) Am241  1.170E-05+-6.0E+01
  Cm243 (n,a    ) Pu240  1.753E-04+-6.0E+01 Cm243 (n,2a   ) U 236  2.844E-09+-2.0E+02 Cm243 (n,pa   ) Np239  8.905E-11+-2.0E+02 Cm244 (n,2n   ) Cm243  9.183E-02+-4.0E+01
  Cm244 (n,3n   ) Cm242  1.242E-02+-8.0E+01 Cm244 (n,F    )        1.171E+00+-4.2E+01 Cm244 (n,na   ) Pu240  1.561E-05+-1.0E+02 Cm244 (n,2na  ) Pu239  4.982E-07+-2.0E+02
  Cm244 (n,np   ) Am243  1.568E-06+-1.0E+02 Cm244 (n,g    ) Cm245  1.225E+01+-9.2E+00 Cm244 (n,p    ) Am244  2.112E-04+-7.8E+01 Cm244 (n,p    ) Am244m 9.643E-05+-7.8E+01
  Cm244 (n,d    ) Am243  9.666E-06+-1.0E+02 Cm244 (n,t    ) Am242  7.035E-07+-8.5E+01 Cm244 (n,t    ) Am242m 5.845E-07+-8.5E+01 Cm244 (n,a    ) Pu241  9.671E-05+-6.0E+01
  Cm244 (n,2a   ) U 237  1.848E-12+-2.0E+02 Cm244 (n,pa   ) Np240  6.365E-12+-2.1E+02 Cm244 (n,pa   ) Np240m 2.860E-12+-2.1E+02 Cm245 (n,2n   ) Cm244  8.283E-02+-4.0E+01
  Cm245 (n,3n   ) Cm243  1.033E-02+-8.0E+01 Cm245 (n,F    )        1.455E+02+-1.0E+01 Cm245 (n,na   ) Pu241  3.657E-06+-1.0E+02 Cm245 (n,2na  ) Pu240  4.948E-06+-2.0E+02
  Cm245 (n,3na  ) Pu239  1.587E-11+-2.0E+02 Cm245 (n,np   ) Am244  1.003E-06+-1.2E+02 Cm245 (n,np   ) Am244m 6.685E-07+-1.2E+02 Cm245 (n,nd   ) Am243  1.690E-12+-6.0E+01
  Cm245 (n,g    ) Cm246  2.580E+01+-9.2E+00 Cm245 (n,p    ) Am245  2.685E-04+-5.0E+01 Cm245 (n,d    ) Am244  3.928E-06+-1.2E+02 Cm245 (n,d    ) Am244m 3.002E-06+-1.2E+02
  Cm245 (n,t    ) Am243  6.587E-06+-6.0E+01 Cm245 (n,a    ) Pu242  9.533E-05+-6.0E+01 Cm245 (n,pa   ) Np241  1.595E-11+-2.0E+02 Cm246 (n,2n   ) Cm245  8.167E-02+-4.0E+01
  Cm246 (n,3n   ) Cm244  2.586E-02+-8.0E+01 Cm246 (n,F    )        9.232E-01+-4.6E+01 Cm246 (n,na   ) Pu242  3.050E-06+-1.0E+02 Cm246 (n,2na  ) Pu241  1.209E-07+-2.0E+02
  Cm246 (n,3na  ) Pu240  1.256E-09+-2.0E+02 Cm246 (n,np   ) Am245  1.043E-06+-1.0E+02 Cm246 (n,g    ) Cm247  2.336E+00+-9.5E+00 Cm246 (n,p    ) Am246  1.112E-04+-7.8E+01
  Cm246 (n,p    ) Am246m 1.026E-04+-7.8E+01 Cm246 (n,d    ) Am245  3.920E-06+-1.0E+02 Cm246 (n,t    ) Am244  4.724E-07+-8.5E+01 Cm246 (n,t    ) Am244m 3.835E-07+-8.5E+01
  Cm246 (n,a    ) Pu243  6.336E-05+-6.0E+01 Cm246 (n,pa   ) Np242  3.498E-07+-2.1E+02 Cm246 (n,pa   ) Np242m 3.498E-07+-2.1E+02 Cm247 (n,2n   ) Cm246  7.442E-02+-4.0E+01
  Cm247 (n,3n   ) Cm245  2.332E-02+-8.0E+01 Cm247 (n,F    )        1.501E+01+-1.6E+01 Cm247 (n,na   ) Pu243  1.898E-06+-1.0E+02 Cm247 (n,2na  ) Pu242  3.380E-06+-2.0E+02
  Cm247 (n,3na  ) Pu241  1.105E-12+-2.0E+02 Cm247 (n,np   ) Am246  2.479E-08+-1.2E+02 Cm247 (n,np   ) Am246m 3.718E-08+-1.2E+02 Cm247 (n,nd   ) Am245  1.177E-12+-6.0E+01
  Cm247 (n,npa  ) Np242  6.902E-11+-2.1E+02 Cm247 (n,npa  ) Np242m 6.902E-11+-2.1E+02 Cm247 (n,g    ) Cm248  1.099E+01+-2.3E+01 Cm247 (n,p    ) Am247  1.899E-04+-5.0E+01
  Cm247 (n,d    ) Am246  1.042E-06+-1.2E+02 Cm247 (n,d    ) Am246m 9.618E-07+-1.2E+02 Cm247 (n,t    ) Am245  4.267E-06+-6.0E+01 Cm247 (n,a    ) Pu244  5.945E-05+-6.0E+01
  Cm247 (n,da   ) Np242  2.402E-10+-2.1E+02 Cm247 (n,da   ) Np242m 2.402E-10+-2.1E+02 Cm248 (n,2n   ) Cm247  9.973E-02+-4.0E+01 Cm248 (n,3n   ) Cm246  6.040E-02+-8.0E+01
  Cm248 (n,F    )        9.276E-01+-4.5E+01 Cm248 (n,na   ) Pu244  1.696E-06+-1.0E+02 Cm248 (n,2na  ) Pu243  3.025E-08+-2.0E+02 Cm248 (n,3na  ) Pu242  1.038E-11+-2.0E+02
  Cm248 (n,np   ) Am247  4.460E-07+-1.0E+02 Cm248 (n,g    ) Cm249  5.427E+00+-1.1E+01 Cm248 (n,p    ) Am248  1.516E-04+-5.0E+01 Cm248 (n,d    ) Am247  1.745E-06+-1.0E+02
  Cm248 (n,t    ) Am246  1.606E-07+-8.5E+01 Cm248 (n,t    ) Am246m 1.483E-07+-8.5E+01 Cm248 (n,a    ) Pu245  5.330E-05+-6.0E+01 Cm248 (n,ta   ) Np242  1.366E-10+-2.1E+02
  Cm248 (n,ta   ) Np242m 1.366E-10+-2.1E+02 Cm249 (n,2n   ) Cm248  7.801E-02+-4.0E+01 Cm249 (n,3n   ) Cm247  6.267E-02+-8.0E+01 Cm249 (n,F    )        7.274E+00+-2.5E+01
  Cm249 (n,na   ) Pu245  1.909E-06+-1.0E+02 Cm249 (n,2na  ) Pu244  6.388E-09+-2.0E+02 Cm249 (n,np   ) Am248  4.513E-07+-1.0E+02 Cm249 (n,nd   ) Am247  2.080E-12+-6.0E+01
  Cm249 (n,g    ) Cm250  2.155E+00+-4.3E+01 Cm249 (n,p    ) Am249  1.337E-04+-5.0E+01 Cm249 (n,d    ) Am248  9.404E-07+-1.0E+02 Cm249 (n,t    ) Am247  3.963E-06+-6.0E+01
  Cm249 (n,a    ) Pu246  4.897E-05+-6.0E+01 Cm250 (n,2n   ) Cm249  1.064E-02+-4.0E+01 Cm250 (n,3n   ) Cm248  1.797E-02+-8.0E+01 Cm250 (n,F    )        8.284E-01+-1.0E+02
  Cm250 (n,na   ) Pu246  9.031E-07+-1.0E+02 Cm250 (n,2na  ) Pu245  4.326E-10+-2.0E+02 Cm250 (n,np   ) Am249  2.656E-07+-1.0E+02 Cm250 (n,nt   ) Am247  2.129E-12+-2.0E+02
  Cm250 (n,g    ) Cm251  3.412E+01+-8.6E+01 Cm250 (n,p    ) Am250  1.077E-04+-5.0E+01 Cm250 (n,d    ) Am249  9.476E-07+-1.0E+02 Cm250 (n,t    ) Am248  3.901E-07+-6.0E+01
  Cm250 (n,a    ) Pu247  4.924E-05+-6.0E+01 Bk245 (n,2n   ) Bk244  1.289E-02+-4.0E+01 Bk245 (n,3n   ) Bk243  3.598E-05+-8.0E+01 Bk245 (n,F    )        7.222E-01+-9.7E+01
  Bk245 (n,na   ) Am241  2.143E-05+-1.0E+02 Bk245 (n,2na  ) Am240  1.370E-05+-2.0E+02 Bk245 (n,np   ) Cm244  2.459E-05+-1.0E+02 Bk245 (n,nd   ) Cm243  2.708E-11+-6.0E+01
  Bk245 (n,nt   ) Cm242  9.731E-11+-2.0E+02 Bk245 (n,g    ) Bk246  5.187E+00+-4.2E+02 Bk245 (n,p    ) Cm245  4.374E-04+-5.0E+01 Bk245 (n,d    ) Cm244  1.078E-04+-1.0E+02
  Bk245 (n,t    ) Cm243  1.756E-05+-6.0E+01 Bk245 (n,a    ) Am242  6.476E-05+-8.5E+01 Bk245 (n,a    ) Am242m 5.681E-05+-8.5E+01 Bk245 (n,2a   ) Np238  2.967E-11+-2.0E+02
  Bk245 (n,pa   ) Pu241  3.422E-10+-2.0E+02 Bk245 (n,da   ) Pu240  6.913E-12+-2.0E+02 Bk245 (n,ta   ) Pu239  2.074E-12+-2.0E+02 Bk246 (n,2n   ) Bk245  7.682E-03+-4.0E+01
  Bk246 (n,3n   ) Bk244  6.122E-05+-8.0E+01 Bk246 (n,F    )        4.564E+01+-3.9E+02 Bk246 (n,na   ) Am242  3.633E-06+-1.2E+02 Bk246 (n,na   ) Am242m 1.400E-06+-1.2E+02
  Bk246 (n,2na  ) Am241  6.743E-08+-2.0E+02 Bk246 (n,3na  ) Am240  3.690E-09+-2.0E+02 Bk246 (n,np   ) Cm245  8.065E-06+-1.0E+02 Bk246 (n,nd   ) Cm244  1.063E-09+-6.0E+01
  Bk246 (n,nt   ) Cm243  2.914E-11+-2.0E+02 Bk246 (n,2np  ) Cm244  6.411E-12+-2.0E+02 Bk246 (n,g    ) Bk247  4.371E+00+-4.9E+02 Bk246 (n,p    ) Cm246  3.923E-04+-5.0E+01
  Bk246 (n,d    ) Cm245  6.987E-05+-1.0E+02 Bk246 (n,t    ) Cm244  5.407E-05+-6.0E+01 Bk246 (n,a    ) Am243  1.477E-02+-6.0E+01 Bk246 (n,2a   ) Np239  3.667E-11+-2.0E+02
  Bk246 (n,pa   ) Pu242  1.569E-10+-2.0E+02 Bk247 (n,2n   ) Bk246  2.664E-02+-4.0E+01 Bk247 (n,3n   ) Bk245  1.503E-04+-8.0E+01 Bk247 (n,F    )        1.220E+01+-2.0E+02
  Bk247 (n,na   ) Am243  2.688E-06+-1.0E+02 Bk247 (n,2na  ) Am242  1.069E-09+-2.1E+02 Bk247 (n,2na  ) Am242m 4.213E-10+-2.1E+02 Bk247 (n,3na  ) Am241  1.273E-11+-2.0E+02
  Bk247 (n,np   ) Cm246  1.550E-05+-1.0E+02 Bk247 (n,nd   ) Cm245  1.285E-11+-6.0E+01 Bk247 (n,nt   ) Cm244  1.218E-10+-2.0E+02 Bk247 (n,g    ) Bk248  2.075E+00+-7.8E+01
  Bk247 (n,g    ) Bk248m 3.112E+00+-7.8E+01 Bk247 (n,p    ) Cm247  3.080E-04+-5.0E+01 Bk247 (n,d    ) Cm246  6.172E-05+-1.0E+02 Bk247 (n,t    ) Cm245  1.516E-05+-6.0E+01
  Bk247 (n,a    ) Am244  7.059E-05+-8.5E+01 Bk247 (n,a    ) Am244m 2.479E-05+-8.5E+01 Bk247 (n,2a   ) Np240  4.933E-12+-2.1E+02 Bk247 (n,2a   ) Np240m 2.216E-12+-2.1E+02
  Bk248 (n,n    ) Bk248m 6.249E-01+-1.0E+02 Bk248 (n,2n   ) Bk247  1.099E-02+-4.0E+01 Bk248 (n,3n   ) Bk246  1.384E-03+-8.0E+01 Bk248 (n,F    )        4.675E+01+-3.9E+02
  Bk248 (n,na   ) Am244  2.737E-06+-1.2E+02 Bk248 (n,na   ) Am244m 1.507E-06+-1.2E+02 Bk248 (n,2na  ) Am243  3.230E-09+-2.0E+02 Bk248 (n,np   ) Cm247  7.765E-06+-1.0E+02
  Bk248 (n,nd   ) Cm246  1.066E-09+-6.0E+01 Bk248 (n,nt   ) Cm245  7.187E-11+-2.0E+02 Bk248 (n,2np  ) Cm246  7.253E-12+-2.0E+02 Bk248 (n,g    ) Bk249  4.371E+00+-4.9E+02
  Bk248 (n,p    ) Cm248  2.783E-04+-5.0E+01 Bk248 (n,d    ) Cm247  4.408E-05+-1.0E+02 Bk248 (n,t    ) Cm246  4.987E-05+-6.0E+01 Bk248 (n,a    ) Am245  2.565E-03+-6.0E+01
  Bk248 (n,2a   ) Np241  2.146E-11+-2.0E+02 Bk248m(n,n    ) Bk248  3.630E-02+-1.0E+02 Bk248m(n,2n   ) Bk247  1.401E-02+-4.0E+01 Bk248m(n,3n   ) Bk246  2.589E-03+-8.0E+01
  Bk248m(n,F    )        4.675E+01+-3.9E+02 Bk248m(n,na   ) Am244  8.820E-06+-1.2E+02 Bk248m(n,na   ) Am244m 2.284E-06+-1.2E+02 Bk248m(n,2na  ) Am243  1.505E-08+-2.0E+02
  Bk248m(n,np   ) Cm247  7.891E-06+-1.0E+02 Bk248m(n,nd   ) Cm246  2.409E-08+-6.0E+01 Bk248m(n,nt   ) Cm245  3.115E-09+-2.0E+02 Bk248m(n,2np  ) Cm246  7.268E-12+-2.0E+02
  Bk248m(n,g    ) Bk249  4.371E+00+-4.9E+02 Bk248m(n,p    ) Cm248  2.672E-04+-5.0E+01 Bk248m(n,d    ) Cm247  3.763E-04+-1.0E+02 Bk248m(n,t    ) Cm246  3.423E-04+-6.0E+01
  Bk248m(n,a    ) Am245  8.082E-05+-6.0E+01 Bk248m(n,2a   ) Np241  2.876E-11+-2.0E+02 Bk248m(n,ta   ) Pu242  7.179E-12+-2.0E+02 Bk249 (n,2n   ) Bk248  1.915E-02+-7.2E+01
  Bk249 (n,2n   ) Bk248m 1.976E-03+-7.2E+01 Bk249 (n,3n   ) Bk247  2.371E-03+-8.0E+01 Bk249 (n,F    )        1.071E+00+-3.7E+01 Bk249 (n,na   ) Am245  1.778E-06+-1.0E+02
  Bk249 (n,2na  ) Am244  7.737E-10+-2.1E+02 Bk249 (n,2na  ) Am244m 3.109E-10+-2.1E+02 Bk249 (n,np   ) Cm248  7.721E-06+-1.0E+02 Bk249 (n,nd   ) Cm247  7.365E-12+-6.0E+01
  Bk249 (n,nt   ) Cm246  1.919E-10+-2.0E+02 Bk249 (n,g    ) Bk250  5.895E+01+-1.4E+01 Bk249 (n,p    ) Cm249  2.180E-04+-5.0E+01 Bk249 (n,d    ) Cm248  3.714E-05+-1.0E+02
  Bk249 (n,t    ) Cm247  1.115E-05+-6.0E+01 Bk249 (n,a    ) Am246  3.265E-05+-8.5E+01 Bk249 (n,a    ) Am246m 3.014E-05+-8.5E+01 Bk249 (n,2a   ) Np242  1.679E-08+-2.1E+02
  Bk249 (n,2a   ) Np242m 1.679E-08+-2.1E+02 Bk250 (n,2n   ) Bk249  1.272E-02+-4.0E+01 Bk250 (n,3n   ) Bk248  2.211E-03+-1.0E+02 Bk250 (n,3n   ) Bk248m 2.715E-04+-1.0E+02
  Bk250 (n,F    )        7.291E+01+-2.1E+01 Bk250 (n,na   ) Am246  3.774E-07+-1.2E+02 Bk250 (n,na   ) Am246m 5.661E-07+-1.2E+02 Bk250 (n,2na  ) Am245  3.299E-09+-2.0E+02
  Bk250 (n,np   ) Cm249  2.292E-08+-1.0E+02 Bk250 (n,n2a  ) Np242  4.295E-10+-2.1E+02 Bk250 (n,n2a  ) Np242m 4.295E-10+-2.1E+02 Bk250 (n,nd   ) Cm248  1.388E-09+-6.0E+01
  Bk250 (n,nt   ) Cm247  3.578E-10+-2.0E+02 Bk250 (n,g    ) Bk251  2.677E+01+-4.5E+01 Bk250 (n,p    ) Cm250  2.026E-04+-5.0E+01 Bk250 (n,d    ) Cm249  2.717E-05+-1.0E+02
  Bk250 (n,t    ) Cm248  5.348E-05+-6.0E+01 Bk250 (n,a    ) Am247  8.184E-04+-6.0E+01 Cf246 (n,2n   ) Cf245  2.336E-01+-4.0E+01 Cf246 (n,3n   ) Cf244  1.548E-04+-8.0E+01
  Cf246 (n,F    )        7.335E-01+-1.8E+02 Cf246 (n,na   ) Cm242  5.123E-03+-1.0E+02 Cf246 (n,2na  ) Cm241  2.287E-05+-2.0E+02 Cf246 (n,3na  ) Cm240  6.593E-09+-2.0E+02
  Cf246 (n,np   ) Bk245  3.582E-09+-1.0E+02 Cf246 (n,n2a  ) Pu238  1.243E-07+-2.0E+02 Cf246 (n,2n2a ) Pu237  4.984E-10+-2.1E+02 Cf246 (n,2n2a ) Pu237m 1.788E-10+-2.1E+02
  Cf246 (n,g    ) Cf247  1.370E+00+-5.0E+02 Cf246 (n,p    ) Bk246  5.594E-04+-5.0E+01 Cf246 (n,d    ) Bk245  2.788E-05+-1.0E+02 Cf246 (n,t    ) Bk244  2.378E-06+-6.0E+01
  Cf246 (n,h    ) Cm244  1.735E-12+-9.0E+01 Cf246 (n,a    ) Cm243  2.238E-04+-6.0E+01 Cf246 (n,2a   ) Pu239  2.302E-10+-2.0E+02 Cf246 (n,pa   ) Am242  5.723E-11+-2.1E+02
  Cf246 (n,pa   ) Am242m 2.046E-11+-2.1E+02 Cf246 (n,da   ) Am241  6.034E-10+-2.0E+02 Cf246 (n,ta   ) Am240  7.178E-09+-2.0E+02 Cf248 (n,2n   ) Cf247  4.160E-02+-4.0E+01
  Cf248 (n,3n   ) Cf246  2.583E-04+-8.0E+01 Cf248 (n,F    )        3.992E+00+-3.0E+02 Cf248 (n,na   ) Cm244  3.860E-04+-1.0E+02 Cf248 (n,2na  ) Cm243  2.982E-08+-2.0E+02
  Cf248 (n,np   ) Bk247  5.437E-09+-1.0E+02 Cf248 (n,n2a  ) Pu240  4.107E-11+-2.0E+02 Cf248 (n,g    ) Cf249  1.976E+00+-4.1E+02 Cf248 (n,p    ) Bk248  2.711E-04+-7.8E+01
  Cf248 (n,p    ) Bk248m 1.218E-04+-7.8E+01 Cf248 (n,d    ) Bk247  1.496E-05+-1.0E+02 Cf248 (n,t    ) Bk246  1.785E-06+-6.0E+01 Cf248 (n,a    ) Cm245  1.284E-04+-6.0E+01
  Cf248 (n,2a   ) Pu241  1.904E-11+-2.0E+02 Cf248 (n,pa   ) Am244  1.307E-11+-2.1E+02 Cf248 (n,pa   ) Am244m 1.043E-11+-2.1E+02 Cf249 (n,2n   ) Cf248  3.266E-02+-4.0E+01
  Cf249 (n,3n   ) Cf247  2.085E-03+-8.0E+01 Cf249 (n,F    )        1.305E+02+-8.4E+00 Cf249 (n,na   ) Cm245  3.108E-06+-1.0E+02 Cf249 (n,2na  ) Cm244  6.115E-05+-2.0E+02
  Cf249 (n,3na  ) Cm243  9.559E-12+-2.0E+02 Cf249 (n,np   ) Bk248  1.049E-07+-1.2E+02 Cf249 (n,np   ) Bk248m 4.714E-08+-1.2E+02 Cf249 (n,2n2a ) Pu240  1.416E-12+-2.0E+02
  Cf249 (n,g    ) Cf250  4.018E+01+-8.3E+00 Cf249 (n,p    ) Bk249  3.453E-04+-5.0E+01 Cf249 (n,d    ) Bk248  6.708E-06+-1.2E+02 Cf249 (n,d    ) Bk248m 3.014E-06+-1.2E+02
  Cf249 (n,t    ) Bk247  8.978E-06+-6.0E+01 Cf249 (n,a    ) Cm246  3.303E-04+-6.0E+01 Cf249 (n,2a   ) Pu242  3.618E-09+-2.0E+02 Cf249 (n,pa   ) Am245  2.812E-11+-2.0E+02
  Cf249 (n,ta   ) Am243  1.102E-12+-2.0E+02 Cf250 (n,2n   ) Cf249  5.421E-02+-4.0E+01 Cf250 (n,3n   ) Cf248  1.102E-02+-8.0E+01 Cf250 (n,F    )        1.308E+01+-9.6E+01
  Cf250 (n,na   ) Cm246  2.684E-06+-1.0E+02 Cf250 (n,2na  ) Cm245  1.029E-08+-2.0E+02 Cf250 (n,3na  ) Cm244  1.311E-07+-2.0E+02 Cf250 (n,np   ) Bk249  1.601E-09+-1.0E+02
  Cf250 (n,n2a  ) Pu242  5.508E-12+-2.0E+02 Cf250 (n,g    ) Cf251  1.888E+02+-1.6E+01 Cf250 (n,p    ) Bk250  2.766E-04+-5.0E+01 Cf250 (n,d    ) Bk249  8.097E-06+-1.0E+02
  Cf250 (n,t    ) Bk248  8.367E-07+-8.5E+01 Cf250 (n,t    ) Bk248m 3.759E-07+-8.5E+01 Cf250 (n,a    ) Cm247  9.032E-04+-6.0E+01 Cf251 (n,2n   ) Cf250  3.207E-02+-4.0E+01
  Cf251 (n,3n   ) Cf249  1.199E-02+-8.0E+01 Cf251 (n,F    )        3.595E+02+-1.8E+01 Cf251 (n,na   ) Cm247  3.681E-06+-1.0E+02 Cf251 (n,2na  ) Cm246  5.841E-09+-2.0E+02
  Cf251 (n,3na  ) Cm245  2.577E-11+-2.0E+02 Cf251 (n,np   ) Bk250  3.399E-09+-1.0E+02 Cf251 (n,g    ) Cf252  1.829E+02+-9.1E+00 Cf251 (n,p    ) Bk251  2.453E-04+-5.0E+01
  Cf251 (n,d    ) Bk250  4.442E-06+-1.0E+02 Cf251 (n,t    ) Bk249  9.849E-06+-6.0E+01 Cf251 (n,a    ) Cm248  1.738E-03+-6.0E+01 Cf251 (n,pa   ) Am247  3.626E-12+-2.0E+02
  Cf251 (n,4na  ) Cm244  1.743E-11+-2.0E+02 Cf252 (n,2n   ) Cf251  3.384E-02+-4.0E+01 Cf252 (n,3n   ) Cf250  1.501E-02+-8.0E+01 Cf252 (n,F    )        5.244E+00+-1.8E+01
  Cf252 (n,na   ) Cm248  3.156E-06+-1.0E+02 Cf252 (n,2na  ) Cm247  1.605E-09+-2.0E+02 Cf252 (n,np   ) Bk251  8.924E-10+-1.0E+02 Cf252 (n,g    ) Cf253  2.236E+00+-7.8E+00
  Cf252 (n,p    ) Bk252  1.962E-04+-5.0E+01 Cf252 (n,d    ) Bk251  3.106E-06+-1.0E+02 Cf252 (n,t    ) Bk250  1.139E-06+-6.0E+01 Cf252 (n,a    ) Cm249  6.817E-05+-6.0E+01
  Cf253 (n,2n   ) Cf252  5.445E-03+-4.0E+01 Cf253 (n,3n   ) Cf251  8.497E-03+-8.0E+01 Cf253 (n,F    )        8.988E+01+-1.2E+01 Cf253 (n,na   ) Cm249  6.336E-06+-1.0E+02
  Cf253 (n,2na  ) Cm248  1.514E-09+-2.0E+02 Cf253 (n,np   ) Bk252  2.595E-09+-1.0E+02 Cf253 (n,g    ) Cf254  1.283E+00+-2.1E+01 Cf253 (n,p    ) Bk253  1.772E-04+-5.0E+01
  Cf253 (n,d    ) Bk252  3.339E-06+-1.0E+02 Cf253 (n,t    ) Bk251  6.629E-06+-6.0E+01 Cf253 (n,a    ) Cm250  6.542E-05+-6.0E+01 Cf254 (n,2n   ) Cf253  6.366E-03+-4.0E+01
  Cf254 (n,3n   ) Cf252  4.248E-03+-8.0E+01 Cf254 (n,F    )        1.876E+00+-7.2E+01 Cf254 (n,na   ) Cm250  3.683E-09+-1.0E+02 Cf254 (n,2na  ) Cm249  1.502E-08+-2.0E+02
  Cf254 (n,3na  ) Cm248  3.539E-12+-2.0E+02 Cf254 (n,np   ) Bk253  2.386E-10+-1.0E+02 Cf254 (n,g    ) Cf255  3.287E-01+-1.1E+01 Cf254 (n,p    ) Bk254  1.404E-04+-5.0E+01
  Cf254 (n,d    ) Bk253  1.790E-06+-1.0E+02 Cf254 (n,t    ) Bk252  6.750E-07+-6.0E+01 Cf254 (n,a    ) Cm251  6.432E-05+-6.0E+01 Es250 (n,2n   ) Es249  2.945E-02+-4.0E+01
  Es250 (n,F    )        3.478E+01+-2.9E+02 Es250 (n,na   ) Bk246  6.204E-03+-1.0E+02 Es250 (n,2na  ) Bk245  2.050E-08+-2.0E+02 Es250 (n,np   ) Cf249  2.421E-06+-1.0E+02
  Es250 (n,nd   ) Cf248  1.227E-09+-6.0E+01 Es250 (n,nt   ) Cf247  3.710E-12+-2.0E+02 Es250 (n,g    ) Es251  1.457E+00+-8.1E+02 Es250 (n,p    ) Cf250  5.007E-04+-5.0E+01
  Es250 (n,d    ) Cf249  1.095E-04+-1.0E+02 Es250 (n,t    ) Cf248  7.643E-05+-6.0E+01 Es250 (n,a    ) Bk247  3.700E-03+-6.0E+01 Es250 (n,pa   ) Cm246  1.225E-09+-2.0E+02
  Es251 (n,2n   ) Es250  4.394E-02+-7.2E+01 Es251 (n,2n   ) Es250m 1.694E-02+-7.2E+01 Es251 (n,3n   ) Es249  1.559E-03+-8.0E+01 Es251 (n,F    )        1.837E+00+-1.8E+02
  Es251 (n,na   ) Bk247  1.588E-06+-1.0E+02 Es251 (n,2na  ) Bk246  7.819E-08+-2.0E+02 Es251 (n,np   ) Cf250  7.173E-06+-1.0E+02 Es251 (n,nd   ) Cf249  6.134E-12+-6.0E+01
  Es251 (n,nt   ) Cf248  1.066E-10+-2.0E+02 Es251 (n,g    ) Es252  5.187E+00+-4.2E+02 Es251 (n,p    ) Cf251  3.900E-04+-5.0E+01 Es251 (n,d    ) Cf250  8.339E-05+-1.0E+02
  Es251 (n,t    ) Cf249  1.731E-05+-6.0E+01 Es251 (n,a    ) Bk248  3.033E-04+-8.5E+01 Es251 (n,a    ) Bk248m 1.363E-04+-8.5E+01 Es251 (n,2a   ) Am244  6.244E-12+-2.1E+02
  Es251 (n,2a   ) Am244m 4.600E-12+-2.1E+02 Es251 (n,pa   ) Cm247  9.698E-10+-2.0E+02 Es251 (n,da   ) Cm246  3.045E-12+-2.0E+02 Es251 (n,ta   ) Cm245  8.867E-12+-2.0E+02
  Es252 (n,2n   ) Es251  4.444E-02+-4.0E+01 Es252 (n,3n   ) Es250  3.221E-03+-1.0E+02 Es252 (n,3n   ) Es250m 1.134E-03+-1.0E+02 Es252 (n,F    )        3.911E+01+-3.7E+02
  Es252 (n,na   ) Bk248  5.684E-04+-1.2E+02 Es252 (n,na   ) Bk248m 2.554E-04+-1.2E+02 Es252 (n,2na  ) Bk247  2.199E-07+-2.0E+02 Es252 (n,3na  ) Bk246  3.549E-10+-2.0E+02
  Es252 (n,np   ) Cf251  4.506E-07+-1.0E+02 Es252 (n,nd   ) Cf250  1.738E-09+-6.0E+01 Es252 (n,nt   ) Cf249  4.932E-11+-2.0E+02 Es252 (n,g    ) Es253  4.371E+00+-4.9E+02
  Es252 (n,p    ) Cf252  3.590E-04+-5.0E+01 Es252 (n,d    ) Cf251  6.474E-05+-1.0E+02 Es252 (n,t    ) Cf250  8.506E-05+-6.0E+01 Es252 (n,a    ) Bk249  1.424E-04+-6.0E+01
  Es252 (n,2a   ) Am245  1.473E-11+-2.0E+02 Es252 (n,pa   ) Cm248  4.653E-09+-2.0E+02 Es252 (n,da   ) Cm247  1.302E-12+-2.0E+02 Es252 (n,ta   ) Cm246  1.114E-11+-2.0E+02
  Es253 (n,2n   ) Es252  3.591E-02+-4.0E+01 Es253 (n,3n   ) Es251  1.080E-02+-8.0E+01 Es253 (n,F    )        4.039E+01+-3.7E+02 Es253 (n,na   ) Bk249  2.101E-05+-1.0E+02
  Es253 (n,2na  ) Bk248  2.299E-05+-2.1E+02 Es253 (n,2na  ) Bk248m 1.033E-05+-2.1E+02 Es253 (n,3na  ) Bk247  1.790E-11+-2.0E+02 Es253 (n,np   ) Cf252  2.805E-07+-1.0E+02
  Es253 (n,nd   ) Cf251  2.013E-12+-6.0E+01 Es253 (n,nt   ) Cf250  5.883E-10+-2.0E+02 Es253 (n,g    ) Es254  2.259E+00+-5.4E+01 Es253 (n,g    ) Es254m 6.930E+01+-7.7E+02
  Es253 (n,p    ) Cf253  2.796E-04+-5.0E+01 Es253 (n,d    ) Cf252  5.402E-05+-1.0E+02 Es253 (n,t    ) Cf251  1.993E-05+-6.0E+01 Es253 (n,a    ) Bk250  2.753E-04+-6.0E+01
  Es253 (n,pa   ) Cm249  8.222E-11+-2.0E+02 Es253 (n,da   ) Cm248  1.235E-11+-2.0E+02 Es253 (n,ta   ) Cm247  5.689E-12+-2.0E+02 Es254 (n,n    ) Es254m 6.127E-02+-1.0E+02
  Es254 (n,2n   ) Es253  9.935E-03+-4.0E+01 Es254 (n,3n   ) Es252  4.816E-03+-8.0E+01 Es254 (n,F    )        1.275E+02+-2.0E+01 Es254 (n,na   ) Bk250  4.277E-07+-1.0E+02
  Es254 (n,2na  ) Bk249  3.197E-07+-2.0E+02 Es254 (n,3na  ) Bk248  8.827E-08+-2.1E+02 Es254 (n,3na  ) Bk248m 4.001E-08+-2.1E+02 Es254 (n,np   ) Cf253  1.380E-08+-1.0E+02
  Es254 (n,nd   ) Cf252  5.331E-11+-6.0E+01 Es254 (n,nt   ) Cf251  2.769E-11+-2.0E+02 Es254 (n,g    ) Es255  1.615E+00+-1.6E+01 Es254 (n,p    ) Cf254  2.580E-04+-5.0E+01
  Es254 (n,d    ) Cf253  3.847E-05+-1.0E+02 Es254 (n,t    ) Cf252  6.872E-05+-6.0E+01 Es254 (n,a    ) Bk251  8.280E-05+-6.0E+01 Es254 (n,2a   ) Am247  8.703E-12+-2.0E+02
  Es254 (n,da   ) Cm249  4.885E-12+-2.0E+02 Es254 (n,ta   ) Cm248  5.350E-11+-2.0E+02 Es254m(n,n    ) Es254  2.158E-02+-1.0E+02 Es254m(n,2n   ) Es253  1.154E-02+-4.0E+01
  Es254m(n,3n   ) Es252  7.562E-03+-8.0E+01 Es254m(n,F    )        1.133E+02+-1.9E+01 Es254m(n,g    ) Es255  1.219E+02+-1.1E+01 Es254m(n,p    ) Cf254  2.588E-04+-5.0E+01
  Es254m(n,a    ) Bk251  7.917E-05+-6.0E+01 Es255 (n,2n   ) Es254  7.575E-03+-7.2E+01 Es255 (n,2n   ) Es254m 5.634E-03+-7.2E+01 Es255 (n,3n   ) Es253  1.678E-03+-8.0E+01
  Es255 (n,F    )        3.763E+00+-6.0E+01 Es255 (n,na   ) Bk251  1.103E-08+-1.0E+02 Es255 (n,2na  ) Bk250  5.712E-09+-2.0E+02 Es255 (n,3na  ) Bk249  4.876E-11+-2.0E+02
  Es255 (n,np   ) Cf254  4.713E-07+-1.0E+02 Es255 (n,nt   ) Cf252  9.136E-11+-2.0E+02 Es255 (n,g    ) Es256  3.206E+01+-7.8E+01 Es255 (n,g    ) Es256m 5.214E-01+-7.8E+01
  Es255 (n,p    ) Cf255  2.029E-04+-5.0E+01 Es255 (n,d    ) Cf254  4.654E-05+-1.0E+02 Es255 (n,t    ) Cf253  1.655E-05+-6.0E+01 Es255 (n,a    ) Bk252  7.449E-02+-6.0E+01
  Es255 (n,ta   ) Cm249  2.260E-12+-2.0E+02 Es255 (n,4na  ) Bk248  1.489E-12+-2.1E+02 Es255 (n,4na  ) Bk248m 3.152E-11+-2.1E+02 Es256m(n,2n   ) Es255  1.998E-03+-4.0E+01
  Es256m(n,3n   ) Es254  1.209E-03+-1.0E+02 Es256m(n,3n   ) Es254m 6.070E-04+-1.0E+02 Es256m(n,F    )        4.658E+01+-3.5E+02 Es256m(n,na   ) Bk252  6.158E-08+-1.0E+02
  Es256m(n,2na  ) Bk251  2.101E-10+-2.0E+02 Es256m(n,3na  ) Bk250  1.925E-07+-2.0E+02 Es256m(n,np   ) Cf255  2.860E-08+-1.0E+02 Es256m(n,nd   ) Cf254  1.557E-09+-6.0E+01
  Es256m(n,nt   ) Cf253  4.252E-10+-2.0E+02 Es256m(n,g    ) Es257  1.271E+00+-9.0E+02 Es256m(n,d    ) Cf255  3.422E-04+-1.0E+02 Es256m(n,t    ) Cf254  4.005E-04+-6.0E+01
  Es256m(n,a    ) Bk253  2.419E-01+-6.0E+01 Es256m(n,da   ) Cm251  1.332E-12+-2.0E+02 Es257 (n,2n   ) Es256  2.126E-04+-7.2E+01 Es257 (n,2n   ) Es256m 8.267E-05+-7.2E+01
  Es257 (n,3n   ) Es255  5.845E-07+-8.0E+01 Es257 (n,F    )        5.147E+01+-1.0E+02 Es257 (n,na   ) Bk253  2.870E-09+-1.0E+02 Es257 (n,2na  ) Bk252  4.975E-11+-2.0E+02
  Es257 (n,nt   ) Cf254  8.216E-11+-2.0E+02 Es257 (n,t    ) Cf255  8.728E-06+-6.0E+01 Es257 (n,a    ) Bk254  2.777E-02+-6.0E+01 Fm252 (n,2n   ) Fm251  7.857E-02+-4.0E+01
  Fm252 (n,3n   ) Fm250  3.702E-04+-1.0E+02 Fm252 (n,F    )        5.380E-01+-2.0E+02 Fm252 (n,na   ) Cf248  2.945E-02+-1.0E+02 Fm252 (n,2na  ) Cf247  9.552E-05+-2.0E+02
  Fm252 (n,3na  ) Cf246  9.301E-09+-2.0E+02 Fm252 (n,np   ) Es251  1.226E-07+-1.0E+02 Fm252 (n,n2a  ) Cm244  2.343E-10+-2.0E+02 Fm252 (n,2n2a ) Cm243  6.944E-11+-2.0E+02
  Fm252 (n,npa  ) Bk247  1.541E-12+-2.0E+02 Fm252 (n,g    ) Fm253  2.350E+00+-2.3E+02 Fm252 (n,p    ) Es252  4.888E-04+-5.0E+01 Fm252 (n,d    ) Es251  2.547E-05+-1.0E+02
  Fm252 (n,t    ) Es250  1.430E-06+-8.5E+01 Fm252 (n,t    ) Es250m 6.425E-07+-8.5E+01 Fm252 (n,h    ) Cf250  1.045E-12+-9.0E+01 Fm252 (n,a    ) Cf249  3.503E-04+-6.0E+01
  Fm252 (n,2a   ) Cm245  1.075E-10+-2.0E+02 Fm252 (n,pa   ) Bk248  1.068E-06+-2.1E+02 Fm252 (n,pa   ) Bk248m 4.798E-07+-2.1E+02 Fm252 (n,da   ) Bk247  4.283E-10+-2.0E+02
  Fm253 (n,2n   ) Fm252  8.180E-02+-4.0E+01 Fm253 (n,3n   ) Fm251  6.191E-03+-8.0E+01 Fm253 (n,F    )        3.384E+01+-3.8E+02 Fm253 (n,na   ) Cf249  2.813E-03+-1.0E+02
  Fm253 (n,2na  ) Cf248  3.665E-04+-2.0E+02 Fm253 (n,3na  ) Cf247  2.195E-08+-2.0E+02 Fm253 (n,np   ) Es252  1.871E-07+-1.0E+02 Fm253 (n,2n2a ) Cm244  9.505E-12+-2.0E+02
  Fm253 (n,nd   ) Es251  2.333E-12+-6.0E+01 Fm253 (n,npa  ) Bk248  2.228E-09+-2.1E+02 Fm253 (n,npa  ) Bk248m 1.001E-09+-2.1E+02 Fm253 (n,g    ) Fm254  8.750E+00+-2.6E+02
  Fm253 (n,p    ) Es253  4.336E-04+-5.0E+01 Fm253 (n,d    ) Es252  1.628E-05+-1.0E+02 Fm253 (n,t    ) Es251  1.715E-05+-6.0E+01 Fm253 (n,a    ) Cf250  1.912E-04+-6.0E+01
  Fm253 (n,2a   ) Cm246  2.148E-10+-2.0E+02 Fm253 (n,pa   ) Bk249  4.100E-08+-2.0E+02 Fm253 (n,da   ) Bk248  1.107E-07+-2.1E+02 Fm253 (n,da   ) Bk248m 4.975E-08+-2.1E+02
  Fm253 (n,ta   ) Bk247  4.652E-10+-2.0E+02 Fm255 (n,2n   ) Fm254  2.832E-02+-4.0E+01 Fm255 (n,3n   ) Fm253  8.422E-03+-8.0E+01 Fm255 (n,F    )        1.972E+02+-1.8E+01
  Fm255 (n,na   ) Cf251  2.109E-03+-1.0E+02 Fm255 (n,2na  ) Cf250  1.367E-06+-2.0E+02 Fm255 (n,3na  ) Cf249  1.198E-06+-2.0E+02 Fm255 (n,np   ) Es254  2.619E-08+-1.2E+02
  Fm255 (n,np   ) Es254m 2.236E-08+-1.2E+02 Fm255 (n,n2a  ) Cm247  3.293E-11+-2.0E+02 Fm255 (n,g    ) Fm256  1.811E+00+-1.0E+01 Fm255 (n,p    ) Es255  3.115E-04+-5.0E+01
  Fm255 (n,d    ) Es254  6.849E-06+-1.2E+02 Fm255 (n,d    ) Es254m 4.895E-06+-1.2E+02 Fm255 (n,t    ) Es253  1.527E-05+-6.0E+01 Fm255 (n,a    ) Cf252  1.572E-04+-6.0E+01
  Fm255 (n,2a   ) Cm248  1.248E-09+-2.0E+02 Fm255 (n,pa   ) Bk251  1.740E-11+-2.0E+02 Fm255 (n,da   ) Bk250  9.263E-12+-2.0E+02 Fm255 (n,ta   ) Bk249  7.365E-10+-2.0E+02
  Fm255 (n,4na  ) Cf248  2.381E-10+-2.0E+02 Fm257 (n,2n   ) Fm256  6.979E-03+-4.0E+01 Fm257 (n,3n   ) Fm255  4.781E-03+-8.0E+01 Fm257 (n,F    )        1.973E+02+-2.0E+01
  Fm257 (n,na   ) Cf253  3.322E-05+-1.0E+02 Fm257 (n,2na  ) Cf252  2.600E-08+-2.0E+02 Fm257 (n,3na  ) Cf251  1.777E-07+-2.0E+02 Fm257 (n,np   ) Es256  7.836E-09+-1.2E+02
  Fm257 (n,np   ) Es256m 3.047E-09+-1.2E+02 Fm257 (n,g    ) Fm258  8.750E+00+-2.6E+02 Fm257 (n,p    ) Es257  2.266E-04+-5.0E+01 Fm257 (n,d    ) Es256  6.482E-06+-1.2E+02
  Fm257 (n,d    ) Es256m 8.012E-07+-1.2E+02 Fm257 (n,t    ) Es255  9.308E-06+-6.0E+01 Fm257 (n,a    ) Cf254  2.687E-02+-6.0E+01 Fm257 (n,pa   ) Bk253  6.170E-12+-2.0E+02

1                                                  B R E M S S T R A H L U N G    C A N D I D A T E S  
0 NUCLIDE       AV BETA (MeV)  AV GAMMA (MeV)    NUCLIDE       AV BETA (MeV)  AV GAMMA (MeV)    NUCLIDE       AV BETA (MeV)  AV GAMMA (MeV)
0  HALF LIFE < 1 DAY
   He   6       1.5613E+00     5.6441E-03         Li   8       6.2046E+00     3.2983E-02         Li   9       5.6963E+00     2.9896E-02
   Be  11       4.6473E+00     1.4188E+00         Be  12       5.6150E+00     0.0000E+00         B   12       6.3084E+00     9.0564E-02
   B   13       6.2783E+00     3.1353E-01         B   14       7.0847E+00     5.9363E+00         N   12       7.7285E+00     1.1906E+00
   N   17       1.6978E+00     4.4508E-02         O   19       1.7096E+00     1.0046E+00         O   20       1.1974E+00     1.0574E+00
   F   20       2.4673E+00     1.6447E+00         F   21       2.3418E+00     5.5687E-01         F   23       2.9705E+00     2.2819E+00
   F   24       6.1010E+00     1.9815E+00         Ne  18       1.4992E+00     1.1050E+00         Ne  23       1.8901E+00     1.7279E-01
   Ne  24       8.0200E-01     5.4200E-01         Ne  25       3.5000E+00     3.2400E-01         Na  20       4.7600E+00     2.3510E+00
   Na  21       1.1009E+00     1.0371E+00         Na  25       1.4965E+00     4.3690E-01         Na  26       3.3295E+00     2.1803E+00
   Na  27       3.6155E+00     1.1663E+00         Na  28       6.1289E+00     1.1386E+00         Mg  21       4.7000E+00     1.5100E+00
   Mg  23       1.3364E+00     1.0573E+00         Mg  29       2.6340E+00     1.8582E+00         Al  25       1.4536E+00     1.0343E+00
   Al  26m      1.4337E+00     1.0261E+00         Al  31       3.3815E+00     7.1306E-01         Al  32       5.8938E+00     5.4606E-01
   Si  25       2.3300E+00     1.0200E+00         Si  26       1.6200E+00     1.2550E+00         Si  27       1.7154E+00     1.0265E+00
   Si  31       5.9374E-01     2.1724E-03         Si  36       3.0680E+00     1.6714E+00         P   30       1.4354E+00     1.0221E+00
   P   34       2.2845E+00     3.4748E-01         P   38       4.2900E+00     2.7779E+00         S   30       2.0836E+00     1.6080E+00
   S   31       1.9961E+00     1.0381E+00         S   39       2.2556E+00     1.7831E+00         Cl  33       2.0822E+00     1.0480E+00
   Cl  34       2.0438E+00     1.0292E+00         Cl  38       1.5230E+00     1.4937E+00         Ar  33       3.8000E+00     1.3830E+00
   Ar  34       2.2888E+00     1.1050E+00         Ar  35       2.2655E+00     1.0495E+00         K   37       2.3474E+00     1.0722E+00
   K   38m      2.3124E+00     1.0306E+00         K   42       1.4208E+00     2.7599E-01         Ca  37       3.2700E+00     1.1400E+00
   Ca  38       2.4332E+00     1.3745E+00         Ca  39       2.5614E+00     1.0221E+00         Sc  41       2.5413E+00     1.0220E+00
   Sc  42       2.5077E+00     1.0211E+00         Sc  49       8.1988E-01     3.3403E-03         Ti  41       3.4300E+00     1.0960E+00
   Ti  42       2.6373E+00     1.3846E+00         Ti  43       2.6368E+00     1.2021E+00         Ti  51       8.6893E-01     3.6455E-01
   Ti  52       7.5460E-01     1.2842E-01         V   45       2.8536E+00     1.0224E+00         V   46       2.8143E+00     1.0216E+00
   V   55       2.3824E+00     6.8919E-01         Cr  46       3.0890E+00     1.0220E+00         Cr  47       3.0124E+00     1.0252E+00
   Cr  55       1.0965E+00     4.2428E-03         Cr  56       6.0666E-01     9.1689E-02         Cr  57       1.9493E+00     4.6221E-01
   Mn  49       3.1049E+00     1.0944E+00         Mn  50       3.1001E+00     1.0210E+00         Mn  57       1.1043E+00     9.9629E-02
   Mn  58m      2.8284E+00     1.2007E-01         Mn  59       2.0598E+00     5.3788E-01         Mn  60       3.8400E+00     0.0000E+00
   Mn  60m      2.7200E+00     2.6900E+00         Mn  61       3.2557E+00     1.3029E-01         Mn  62       3.8030E+00     2.1475E+00
   Fe  51       3.2701E+00     1.0623E+00         Fe  62       8.2400E-01     5.0610E-01         Fe  63       2.6043E+00     3.1773E-01
   Fe  64       2.1054E+00     1.5540E-02         Co  53       3.3974E+00     1.0964E+00         Co  54       3.3992E+00     1.0210E+00
   Co  61       4.6636E-01     9.6966E-02         Co  62       1.6397E+00     1.6003E+00         Co  63       1.5683E+00     1.4408E-01
   Co  64       3.2887E+00     1.8116E-01         Co  65       2.6649E+00     1.1473E-01         Co  66       3.3560E+00     2.7543E+00
   Co  67       2.7541E+00     6.9410E-01         Co  68       3.8388E+00     3.4444E+00         Ni  53       1.6600E+00     4.5990E-01
   Ni  55       3.5994E+00     1.0169E+00         Ni  65       6.2970E-01     5.4993E-01         Ni  67       1.5232E+00     5.0251E-02
   Cu  57       3.6001E+00     1.1398E+00         Cu  58       3.2955E+00     1.5414E+00         Cu  59       1.4883E+00     1.4436E+00
   Cu  62       1.2829E+00     1.0117E+00         Cu  66       1.0706E+00     8.1860E-02         Cu  68       1.4815E+00     1.0209E+00
   Cu  69       8.8652E-01     5.2500E-01         Cu  71       1.4580E+00     1.2443E+00         Cu  72       3.1207E+00     1.4284E+00
   Zn  59       3.8015E+00     1.0565E+00         Zn  61       1.8553E+00     1.5249E+00         Zn  69       3.2290E-01     6.0048E-06
   Zn  71       1.0481E+00     3.1492E-01         Zn  73       1.8443E+00     1.0487E-01         Zn  74       8.0000E-01     3.0000E-01
   Zn  75       1.9398E+00     1.7133E+00         Zn  76       1.5858E+00     5.2295E-01         Ga  63       1.8899E+00     1.3729E+00
   Ga  70       6.4049E-01     9.1838E-03         Ga  73       4.4666E-01     3.4096E-01         Ga  75       1.3852E+00     6.7089E-02
   Ga  77       2.1117E+00     4.5702E-01         Ga  78       2.6036E+00     2.5000E+00         Ga  79       2.2300E+00     1.8400E+00
   Ge  65       2.1178E+00     1.7541E+00         Ge  75       4.1978E-01     3.4729E-02         Ge  77m      9.6595E-01     7.4015E-02
   Ge  79       1.7140E+00     2.5965E-01         Ge  79m      1.2915E+00     1.1961E+00         Ge  80       9.4923E-01     3.4275E-01
   Ge  81m      2.4754E+00     1.4953E+00         As  67       2.0683E+00     1.4638E+00         As  69       1.2191E+00     1.1347E+00
   As  79       8.3924E-01     3.3780E-02         As  80       2.1477E+00     5.8213E-01         As  81       1.5753E+00     2.3027E-01
   As  82       3.1972E+00     3.0777E-01         Se  69       2.3036E+00     1.8651E+00         Se  81       6.0906E-01     8.5462E-03
   Se  83m      1.2726E+00     9.7149E-01         Se  84       5.4037E-01     4.0820E-01         Br  71       1.5000E+00     7.6000E-01
   Br  80       7.2404E-01     7.7004E-02         Br  83       3.2524E-01     6.8744E-03         Br  85       1.0413E+00     6.1313E-02
   Kr  72       1.5300E+00     1.2900E+00         Kr  73       2.6187E+00     1.4784E+00         Kr  75       1.5754E+00     1.2808E+00
   Kr  85m      2.5423E-01     1.5740E-01         Kr  87       1.3311E+00     7.8788E-01         Kr  90       1.2950E+00     1.2370E+00
   Rb  77       1.6871E+00     1.5163E+00         Rb  80       2.0335E+00     1.1838E+00         Rb  82       1.4116E+00     1.1083E+00
   Rb  88       2.0570E+00     6.6716E-01         Rb  92       2.8748E+00     1.7497E+00         Rb  94       3.1015E+00     2.7474E+00
   Sr  79       1.8949E+00     1.2018E+00         Sr  95       1.9013E+00     1.7897E+00         Sr  96       1.9722E+00     9.2491E-01
   Y   81       1.9782E+00     1.1767E+00         Y   82       3.1000E+00     1.2600E+00         Y   83m      1.3500E+00     1.1700E+00
   Y   84       2.3569E+00     1.2792E+00         Y   92       1.4370E+00     2.5160E-01         Y   93       1.1723E+00     9.5184E-02
   Y   94       1.8143E+00     7.6423E-01         Y   95       1.4365E+00     1.0919E+00         Y   96       3.2047E+00     8.0090E-02
   Y   97       2.1350E+00     1.8460E+00         Y   97m      2.3175E+00     2.1106E+00         Y   98       2.7799E+00     2.6134E+00
   Zr  83       2.1006E+00     1.1875E+00         Zr  84       9.3332E-01     9.3000E-01         Zr  97       7.0229E-01     1.5910E-01
   Zr  98       9.1000E-01     0.0000E+00         Zr  99       1.5390E+00     8.4141E-01         Nb  87       1.7740E+00     1.2204E+00
   Nb  98       1.9652E+00     3.2453E-01         Nb  99       1.5138E+00     1.7434E-01         Nb  99m      1.4155E+00     6.5041E-01
   Nb 100       2.4931E+00     7.0820E-01         Nb 101       1.8633E+00     2.4457E-01         Nb 102m      2.2756E+00     2.0935E+00
   Nb 103       2.0970E+00     7.6600E-01         Mo  88       1.2000E+00     3.0570E-01         Mo  89       1.9552E+00     1.2262E+00
   Mo  91       1.4513E+00     9.7762E-01         Mo 102       3.4909E-01     1.8452E-02         Mo 103       1.3163E+00     6.3620E-01
   Mo 104       8.8000E-01     1.7600E-01         Mo 105       1.9220E+00     5.5149E-01         Tc  90       3.3484E+00     1.7514E+00
   Tc  91m      1.9800E+00     1.4800E+00         Tc 100       1.3148E+00     8.2720E-02         Tc 101       4.7858E-01     3.3593E-01
   Tc 102       1.9450E+00     8.0762E-02         Tc 103       9.7941E-01     2.4836E-01         Tc 105       1.3096E+00     6.6842E-01
   Tc 107       2.0557E+00     5.1478E-01         Tc 108       2.2600E+00     1.4900E+00         Ru  93       2.3399E+00     1.1312E+00
   Ru 107       1.0839E+00     3.4531E-01         Ru 108       4.6688E-01     4.6186E-02         Ru 110       1.1572E+00     3.4716E-02
   Rh 104       9.8050E-01     1.5022E-02         Rh 106       1.4114E+00     2.0429E-01         Rh 107       4.3209E-01     3.1185E-01
   Rh 108       1.8535E+00     3.1709E-01         Rh 109       9.4774E-01     2.9784E-01         Rh 110m      2.2662E+00     3.3596E-01
   Rh 111       1.3894E+00     3.5705E-01         Rh 112       2.8730E+00     1.9235E-01         Rh 114       1.9573E+00     4.0679E-01
   Pd 109       3.6079E-01     6.4453E-04         Pd 111       8.3187E-01     4.6250E-02         Pd 113       1.3302E+00     1.2755E-01
   Pd 114       5.3292E-01     2.5897E-02         Pd 116       1.0034E+00     1.5711E-01         Pd 118       1.5798E+00     4.2171E-01
   Ag 108       6.0553E-01     2.2825E-02         Ag 110       1.1812E+00     3.1338E-02         Ag 112       1.4192E+00     6.8362E-01
   Ag 113       7.6131E-01     7.1537E-02         Ag 113m      2.2114E-01     2.1231E-01         Ag 114       2.1500E+00     2.5807E-01
   Ag 115       1.0821E+00     4.4951E-01         Ag 115m      8.4405E-01     4.5499E-01         Ag 117       1.3066E+00     1.0924E+00
   Ag 117m      1.5034E+00     6.4452E-01         Ag 118       2.5080E+00     8.9272E-01         Ag 119       1.7706E+00     1.3367E+00
   Ag 120       2.2838E+00     1.0766E+00         Ag 121       2.3007E+00     1.1669E+00         Ag 122       3.5667E+00     1.0807E+00
   Cd 118       1.6100E-01     0.0000E+00         Cd 120       6.7700E-01     0.0000E+00         Cd 122       1.2470E+00     0.0000E+00
   Cd 124       2.0474E+00     1.1978E-01         Cd 125       2.2166E+00     1.8603E+00         In 114       7.6923E-01     4.3697E-03
   In 115m      1.7337E-01     1.6262E-01         In 116       1.3566E+00     5.2650E-03         In 117m      4.3358E-01     9.0932E-02
   In 118       1.8794E+00     7.7824E-02         In 119m      1.0496E+00     1.0958E-02         In 120       2.2439E+00     2.5656E-01
   In 121       9.8670E-01     9.2289E-01         In 121m      1.5165E+00     6.3291E-02         In 122       2.5346E+00     6.3107E-01
   In 123       1.4060E+00     1.0463E+00         In 123m      2.0317E+00     6.2500E-02         In 125       1.8095E+00     1.2025E+00
   In 125m      2.4193E+00     1.6809E-01         In 127       2.4185E+00     1.1358E+00         In 127m      2.7420E+00     5.0120E-01
   Sn 123m      4.7846E-01     1.4066E-01         Sn 125m      8.0628E-01     3.4603E-01         Sn 127m      1.0008E+00     5.6840E-01
   Sn 130m      1.3885E+00     8.1303E-01         Sb 118       8.7311E-01     8.0408E-01         Te 127       2.2440E-01     4.8472E-03
   Te 129       5.4283E-01     6.2372E-02         Te 131       7.3686E-01     4.4565E-01         Te 135       2.4420E+00     3.8439E-01
   I  116       3.0200E+00     1.0552E+00         I  118       2.1068E+00     1.9608E+00         I  122       1.1066E+00     9.6159E-01
   I  128       7.4012E-01     8.6093E-02         I  130m      1.9023E-01     1.1903E-01         I  137       1.8618E+00     1.2196E+00
   Xe 118       1.0667E+00     5.7000E-01         Xe 119       1.6633E+00     1.3100E+00         Xe 135       3.1498E-01     2.4823E-01
   Xe 137       1.6953E+00     1.9045E-01         Xe 139       1.8068E+00     9.6862E-01         Cs 122       2.5183E+00     1.2978E+00
   Cs 124       1.9163E+00     1.1137E+00         Cs 126       1.3177E+00     1.1404E+00         Cs 139       1.6707E+00     3.0500E-01
   Cs 140       1.9636E+00     1.6754E+00         Ba 123       1.8333E+00     3.8100E-01         Ba 125       1.5266E+00     3.1600E-01
   Ba 139       8.9282E-01     4.4007E-02         Ba 141       9.4573E-01     8.7123E-01         Ba 143       1.2410E+00     1.1121E+00
   La 134       7.5801E-01     7.1609E-01         La 141       9.6252E-01     2.6780E-02         La 143       1.2354E+00     4.3940E-01
   La 146       2.3452E+00     1.1947E+00         La 146m      2.1740E+00     1.3238E+00         La 147       2.0586E+00     1.8373E-01
   Ce 131m      1.3403E+00     1.8422E-01         Ce 145       7.6258E-01     6.0103E-01         Ce 147       1.2820E+00     1.7416E-01
   Ce 148       6.3000E-01     3.0300E-01         Ce 149       1.8182E+00     8.4561E-02         Pr 138       1.1610E+00     8.1500E-01
   Pr 140       5.4654E-01     5.4251E-01         Pr 142       8.0931E-01     5.8105E-02         Pr 144       1.2006E+00     3.3763E-02
   Pr 145       6.5734E-01     1.8575E-02         Pr 146       1.3169E+00     9.8741E-01         Pr 150       2.2302E+00     5.5420E-01
   Pr 151       1.4730E+00     6.5500E-01         Nd 139m      1.1300E+01     1.5800E+00         Nd 149       5.0209E-01     3.7004E-01
   Nd 152       3.3006E-01     1.6423E-01         Nd 153       1.1533E+00     5.0860E-01         Nd 154       8.9751E-01     4.5896E-01
   Pm 138       2.6300E+00     9.5754E-01         Pm 139       1.0697E+00     9.3996E-01         Pm 140       2.0343E+00     9.8369E-01
   Pm 142       1.3678E+00     8.6901E-01         Pm 152       1.3036E+00     3.4540E-01         Pm 153       6.6260E-01     1.2250E-01
   Pm 155       1.0611E+00     5.6166E-01         Pm 157       1.5398E+00     8.4900E-01         Sm 136       1.0124E+00     9.1169E-01
   Sm 155       5.6821E-01     1.0257E-01         Sm 156       2.0431E-01     1.1417E-01         Sm 158       4.7943E-01     3.3000E-01
   Sm 159       1.4062E+00     4.3060E-01         Eu 139       2.2000E+00     1.6200E+00         Eu 140       3.1563E+00     1.2617E+00
   Eu 141       1.8605E+00     1.0590E+00         Eu 141m      1.3020E+00     6.2000E-01         Eu 142       2.7537E+00     1.1965E+00
   Eu 143       1.2951E+00     1.0997E+00         Eu 144       2.0571E+00     1.0896E+00         Eu 150m      3.0729E-01     5.0219E-02
   Eu 152m      5.0195E-01     3.1109E-01         Eu 157       3.9277E-01     2.8988E-01         Eu 159       9.0013E-01     2.8748E-01
   Gd 141       2.3651E+00     1.3138E+00         Gd 143       1.8125E+00     1.2209E+00         Gd 159       3.0859E-01     5.6693E-02
   Gd 161       5.8610E-01     3.9269E-01         Gd 163       1.0643E+00     4.9040E-01         Tb 146       2.9943E+00     1.3658E+00
   Tb 165       9.1156E-01     6.4184E-01         Dy 147m      2.5560E+00     1.1660E+00         Dy 165       4.4796E-01     2.6281E-02
   Dy 167       7.0627E-01     5.2371E-01         Ho 164       1.8426E-01     2.8158E-02         Ho 169       6.0300E-01     4.8100E-01
   Ho 170m      1.3653E+00     6.7936E-01         Er 171       4.1642E-01     3.7258E-01         Tm 158       1.5569E+00     1.5551E+00
   Tm 160       1.8666E+00     1.1100E+00         Tm 161       1.0343E+00     8.9916E-01         Yb 159       1.5333E+00     4.7100E-01
   Yb 161       1.4266E+00     9.4000E-01         Yb 177       4.2600E-01     1.9913E-01         Yb 177m      1.7821E-01     1.5004E-01
   Lu 162       2.3633E+00     1.3800E+00         Lu 167       1.0233E+00     9.2400E-01         Lu 176m      4.6625E-01     1.4229E-02
   Lu 178       7.5548E-01     1.2319E-01         Lu 179       4.8622E-01     2.9424E-02         Lu 183       1.1227E+00     6.5139E-01
   Hf 165       1.5766E+00     3.9120E-01         Hf 171       1.3400E+00     7.9999E-01         Hf 184       4.6267E-01     2.3651E-01
   Ta 170       1.5979E+00     1.0561E+00         Ta 185       7.3407E-01     1.3739E-01         W  179m      1.5800E-01     2.0900E-02
   W  183m      1.8398E-01     1.2539E-01         W  185m      1.7199E-01     2.5739E-02         W  190       4.6693E-01     1.4982E-01
   Re 174       2.1666E+00     5.0000E-01         Re 176       1.0883E+00     1.0510E+00         Re 188       7.8020E-01     5.7881E-02
   Re 191       7.2698E-01     2.2291E-03         Re 192       1.6379E+00     1.5906E-01         Os 195       7.1526E-01     1.4223E-01
   Os 196       3.7256E-01     7.7033E-02         Ir 178       2.4333E+00     1.3800E+00         Ir 180       2.1333E+00     1.6400E+00
   Ir 194       8.1031E-01     9.0990E-02         Ir 195       3.7835E-01     5.8389E-02         Ir 196       1.1681E+00     2.2721E-01
   Ir 197       7.3337E-01     2.2379E-01         Ir 197m      6.8001E-01     2.0424E-03         Ir 198       1.3333E+00     8.2000E-01
   Pt 197       2.5443E-01     2.4381E-02         Pt 197m      3.1694E-01     7.6078E-02         Pt 199       5.4950E-01     1.9941E-01
   Pt 200       2.2662E-01     5.9603E-02         Au 187       2.9900E+00     1.5768E+00         Au 189m      1.0324E+00     2.0770E-01
   Au 192n      1.6147E-01     1.3469E-01         Au 196n      2.7292E-01     2.3547E-01         Au 200       7.4268E-01     2.7326E-01
   Au 201       4.2406E-01     3.4192E-02         Au 202       1.1795E+00     1.6970E-01         Au 203       7.6693E-01     6.9000E-02
   Hg 191       1.0600E+00     4.3796E-01         Hg 197m      2.0056E-01     7.7979E-02         Hg 199m      3.4770E-01     1.8456E-01
   Hg 205       5.3624E-01     6.8864E-03         Hg 206       4.3068E-01     1.0198E-01         Tl 206       5.3609E-01     2.5705E-03
   Tl 207       4.9135E-01     3.3412E-03         Pb 199m      2.7900E-01     1.4830E-01         Pb 209       1.9734E-01     0.0000E+00
   Pb 211       4.4907E-01     6.8454E-02         Pb 212       1.6875E-01     1.4475E-01         Pb 214       2.9250E-01     2.3720E-01
   Bi 198m      2.1603E+00     1.8980E+00         Bi 199       1.4400E+00     1.2220E+00         Bi 212       5.0258E-01     1.0726E-01
   Bi 212n      1.2569E+00     5.0613E-03         Bi 213       4.4436E-01     1.2920E-01         At 220       1.1827E+00     3.7239E-01
   Rn 221       2.7753E-01     1.1705E-01         Rn 223       6.2491E-01     3.3014E-01         Fr 222       7.1523E-01     1.7717E-01
   Fr 223       3.7910E-01     5.8986E-02         Fr 224       8.7692E-01     5.3528E-01         Fr 226       1.2210E+00     4.3612E-01
   Fr 227       7.6676E-01     4.3494E-01         Fr 228       1.4369E+00     6.6641E-01         Ra 227       4.1435E-01     1.6233E-01
   Ra 229       6.1342E-01     0.0000E+00         Ac 230       9.0980E-01     5.0110E-01         Ac 231       6.2886E-01     4.1681E-01
   Ac 233       9.2070E-01     4.9861E-01         Th 233       4.1218E-01     3.7495E-02         Pa 234m      8.1650E-01     1.9739E-02
   Pa 235       4.6414E-01     9.8675E-03         Pa 236       8.6425E-01     8.0565E-01         U  239       4.0991E-01     5.1571E-02
   U  240       1.4543E-01     9.2581E-03         Np 240m      6.8296E-01     3.3680E-01         Np 241       4.3722E-01     3.6085E-02
   Np 242       8.8866E-01     2.4323E-01         Pu 243       1.7365E-01     2.5083E-02         Am 242       1.8268E-01     1.6699E-02
   Am 244m      5.0389E-01     1.2440E-02         Am 245       2.8473E-01     2.7744E-02         Am 247       5.6910E-01     1.2890E-01
   Cm 249       2.8372E-01     1.9675E-02         Cm 251       4.5083E-01     1.1000E-01         Bk 248m      1.7792E-01     5.1908E-02
   Cf 247       4.2000E+00     2.7000E+00         Es 256       6.9910E-01     5.5633E-01         Es 256m      4.2346E-01     4.2727E-02
0  HALF LIFE < 30 DAYS
   P   32       6.9292E-01     1.7104E-03         Sc  47       1.6257E-01     1.0839E-01         Cu  67       1.5567E-01     1.1541E-01
   As  76       1.0638E+00     4.1975E-01         As  77       2.2547E-01     8.3132E-03         Rb  86       6.5618E-01     9.3783E-02
   Y   90       9.3062E-01     2.8724E-03         Nb  95m      1.7866E-01     7.0692E-02         Mo  99       3.9373E-01     1.4837E-01
   Rh 105       1.5348E-01     7.7271E-02         Ag 111       3.5091E-01     2.6484E-02         Cd 115       3.1732E-01     1.9290E-01
   Sn 125       8.0335E-01     3.3355E-01         Sb 122       5.6260E-01     4.4290E-01         Xe 129m      1.8389E-01     5.1916E-02
   Xe 133m      1.8945E-01     4.1605E-02         Ba 133m      2.2161E-01     6.6909E-02         Ba 135m      2.0590E-01     6.1082E-02
   Ba 140       3.1060E-01     1.8015E-01         Ce 137m      2.0274E-01     5.5436E-02         Ce 143       4.3059E-01     2.7906E-01
   Pr 143       3.1460E-01     8.9038E-09         Nd 147       2.6903E-01     1.3762E-01         Pm 148       7.2630E-01     5.7649E-01
   Pm 149       3.6613E-01     1.1857E-02         Sm 153       2.6747E-01     6.2329E-02         Tb 161       2.0074E-01     3.3761E-02
   Dy 166       1.5786E-01     4.1869E-02         Ho 166       6.9475E-01     3.0211E-02         Tm 172       5.2771E-01     4.8050E-01
   Lu 177       1.4734E-01     3.3432E-02         Ta 183       3.4936E-01     2.8663E-01         Re 186       3.3733E-01     2.0885E-02
   Re 189       3.3098E-01     5.5547E-02         Os 193       3.7955E-01     6.7060E-02         Pt 195m      1.6900E-01     7.6000E-02
   Pt 202       6.5892E-01     1.9270E-03         Au 199       1.4508E-01     9.6067E-02         Bi 210       3.8768E-01     6.7673E-04
   Ac 226       3.2848E-01     2.1279E-01         Th 231       1.6494E-01     2.5815E-02         U  237       1.9968E-01     1.4338E-01
   Np 239       2.6284E-01     1.8219E-01                                                                                              
0  HALF LIFE < 1 YEAR
   Sr  89       5.8462E-01     8.6908E-05         Y   91       6.0594E-01     3.1330E-03         Cd 115m      6.0248E-01     3.3627E-02
   Sn 123       5.2277E-01     6.8921E-03         Te 129m      2.6299E-01     3.7655E-02         Ce 141       1.6840E-01     7.6511E-02
   Tm 170       3.2754E-01     4.1485E-03         Es 254       1.7167E+00     1.5216E+00                                               
0  HALF LIFE < 100 YEARS
   Ar  42       2.3282E-01     0.0000E+00         Kr  85       2.2812E-01     2.2362E-03         Sr  90       1.7400E-01     0.0000E+00
   Cd 113m      1.8449E-01     7.0235E-05         Cs 137       1.8787E-01     1.6443E-06         Tl 204       2.3690E-01     1.2780E-03
0  HALF LIFE > 100 YEARS
   Be  10       2.5221E-01     0.0000E+00         Cl  36       2.7314E-01     1.8332E-05         Ar  39       2.1865E-01     0.0000E+00
   K   40       4.5336E-01     1.5576E-01         Ca  48       2.1839E+00     4.7000E-02         Cr  50       1.1672E+00     0.0000E+00
   Ni  58       1.9257E+00     0.0000E+00         Zn  64       1.0957E+00     0.0000E+00         Ge  76       2.0391E+00     0.0000E+00
   Se  82       2.9950E+00     0.0000E+00         Kr  78       2.8464E+00     0.0000E+00         Zr  94       1.1436E+00     0.0000E+00
   Zr  96       3.3503E+00     0.0000E+00         Mo  92       1.6489E+00     0.0000E+00         Mo 100       3.0340E+00     0.0000E+00
   Ru  96       2.7185E+00     0.0000E+00         Pd 110       2.0000E+00     0.0000E+00         Cd 106       2.7700E+00     0.0000E+00
   Cd 108       2.7200E-01     0.0000E+00         Cd 114       5.3600E-01     0.0000E+00         Cd 116       2.8040E+00     0.0000E+00
   In 115       1.5200E-01     0.0000E+00         Sn 124       2.2875E+00     0.0000E+00         Te 128       8.6720E-01     0.0000E+00
   Te 130       2.5281E+00     0.0000E+00         Xe 124       2.8644E+00     0.0000E+00         Xe 134       8.3000E-01     0.0000E+00
   Xe 136       2.4670E+00     0.0000E+00         Ce 136       2.4189E+00     0.0000E+00         Ce 142       1.4171E+00     0.0000E+00
   Nd 148       1.9288E+00     0.0000E+00         Nd 150       3.3675E+00     0.0000E+00         Gd 160       1.7295E+00     0.0000E+00
   Dy 156       1.0061E+00     0.0000E+00         Er 162       9.2190E-01     0.0000E+00         Yb 168       7.1085E-01     0.0000E+00
   W  186       2.4500E-01     0.0000E+00         Os 184       7.2560E-01     0.0000E+00         Ir 192n      1.6504E-01     3.0859E-03
   Hg 196       8.2070E-01     0.0000E+00         Np 236       2.3960E-01     1.5299E-01         Cf 251       1.8168E-01     1.2026E-01
0  Nuclides are included in the above list if they satisfy the three criteria: (a) lambda > 0 , (b) Av beta > Av gamma and (c) Av beta > 0.145 MeV





1                                    N E U T R O N      S P E C T R U M


     Group    Upper         Lower         Flux          Group    Upper         Lower         Flux
     index    energy        energy                      index    energy        energy

        1  1.964030E+07  1.733250E+07  0.00000E+00        87  8.315290E+00  7.523980E+00  7.04760E+11
        2  1.733250E+07  1.491830E+07  0.00000E+00        88  7.523980E+00  6.160120E+00  1.39090E+12
        3  1.491830E+07  1.384030E+07  5.22960E+13        89  6.160120E+00  5.346430E+00  9.45550E+11
        4  1.384030E+07  1.161830E+07  2.19160E+13        90  5.346430E+00  5.043480E+00  3.89340E+11
        5  1.161830E+07  1.000000E+07  1.85320E+12        91  5.043480E+00  4.129250E+00  1.26100E+12
        6  1.000000E+07  8.187310E+06  2.99210E+12        92  4.129250E+00  4.000000E+00  2.00500E+11
        7  8.187310E+06  6.703200E+06  2.74720E+12        93  4.000000E+00  3.380750E+00  1.00570E+12
        8  6.703200E+06  6.065310E+06  1.40460E+12        94  3.380750E+00  3.300000E+00  1.43590E+11
        9  6.065310E+06  5.488120E+06  1.33350E+12        95  3.300000E+00  2.767920E+00  1.00850E+12
       10  5.488120E+06  4.493290E+06  2.90750E+12        96  2.767920E+00  2.720000E+00  9.74720E+10
       11  4.493290E+06  3.678790E+06  3.73170E+12        97  2.720000E+00  2.600000E+00  2.51830E+11
       12  3.678790E+06  3.011940E+06  4.97550E+12        98  2.600000E+00  2.550000E+00  1.08380E+11
       13  3.011940E+06  2.465970E+06  6.79950E+12        99  2.550000E+00  2.360000E+00  4.28850E+11
       14  2.465970E+06  2.231300E+06  4.45820E+12       100  2.360000E+00  2.130000E+00  5.36320E+11
       15  2.231300E+06  2.018970E+06  4.53240E+12       101  2.130000E+00  2.100000E+00  7.41920E+10
       16  2.018970E+06  1.652990E+06  1.07250E+13       102  2.100000E+00  2.020000E+00  2.03150E+11
       17  1.652990E+06  1.353350E+06  1.23380E+13       103  2.020000E+00  1.930000E+00  2.38390E+11
       18  1.353350E+06  1.224560E+06  6.36480E+12       104  1.930000E+00  1.840000E+00  2.46920E+11
       19  1.224560E+06  1.108030E+06  7.73490E+12       105  1.840000E+00  1.755000E+00  2.31150E+11
       20  1.108030E+06  1.002590E+06  6.39970E+12       106  1.755000E+00  1.670000E+00  2.42630E+11
       21  1.002590E+06  9.071800E+05  7.16200E+12       107  1.670000E+00  1.590000E+00  2.39910E+11
       22  9.071800E+05  8.208500E+05  7.28440E+12       108  1.590000E+00  1.500000E+00  2.84770E+11
       23  8.208500E+05  6.081010E+05  2.42710E+13       109  1.500000E+00  1.475000E+00  8.21400E+10
       24  6.081010E+05  5.502320E+05  7.40290E+12       110  1.475000E+00  1.444980E+00  1.00490E+11
       25  5.502320E+05  4.978710E+05  6.44080E+12       111  1.444980E+00  1.370000E+00  2.42360E+11
       26  4.978710E+05  4.504920E+05  5.78880E+12       112  1.370000E+00  1.337500E+00  1.09200E+11
       27  4.504920E+05  4.076220E+05  4.37060E+12       113  1.337500E+00  1.300000E+00  1.29350E+11
       28  4.076220E+05  3.019740E+05  1.70890E+13       114  1.300000E+00  1.235000E+00  2.33300E+11
       29  3.019740E+05  2.732370E+05  3.95340E+12       115  1.235000E+00  1.170000E+00  2.45920E+11
       30  2.732370E+05  2.472350E+05  4.49480E+12       116  1.170000E+00  1.150000E+00  7.84220E+10
       31  2.472350E+05  1.831560E+05  1.08860E+13       117  1.150000E+00  1.125350E+00  9.85530E+10
       32  1.831560E+05  1.227730E+05  1.37170E+13       118  1.125350E+00  1.110000E+00  5.79800E+10
       33  1.227730E+05  1.110900E+05  3.06560E+12       119  1.110000E+00  1.097000E+00  4.97340E+10
       34  1.110900E+05  8.229750E+04  7.61350E+12       120  1.097000E+00  1.071000E+00  1.01260E+11
       35  8.229750E+04  6.737950E+04  5.62010E+12       121  1.071000E+00  1.045000E+00  1.03750E+11
       36  6.737950E+04  5.516560E+04  4.16040E+12       122  1.045000E+00  1.035000E+00  4.05930E+10
       37  5.516560E+04  4.086770E+04  6.43240E+12       123  1.035000E+00  1.020000E+00  6.16310E+10
       38  4.086770E+04  3.697860E+04  1.70580E+12       124  1.020000E+00  9.960000E-01  1.00520E+11
       39  3.697860E+04  2.928300E+04  4.59040E+12       125  9.960000E-01  9.860000E-01  4.26000E+10
       40  2.928300E+04  2.739450E+04  1.62550E+12       126  9.860000E-01  9.720000E-01  6.03720E+10
       41  2.739450E+04  2.478750E+04  2.43810E+12       127  9.720000E-01  9.500000E-01  9.66490E+10
       42  2.478750E+04  1.661560E+04  7.36710E+12       128  9.500000E-01  9.300000E-01  8.98250E+10
       43  1.661560E+04  1.503440E+04  1.71330E+12       129  9.300000E-01  9.100000E-01  9.17780E+10
       44  1.503440E+04  1.113780E+04  4.97240E+12       130  9.100000E-01  8.600000E-01  2.32610E+11
       45  1.113780E+04  9.118820E+03  3.06920E+12       131  8.600000E-01  8.500000E-01  4.56890E+10
       46  9.118820E+03  7.465860E+03  2.66830E+12       132  8.500000E-01  7.900000E-01  2.85960E+11
       47  7.465860E+03  5.530840E+03  4.65260E+12       133  7.900000E-01  7.800000E-01  4.97640E+10
       48  5.530840E+03  5.004510E+03  1.57710E+12       134  7.800000E-01  7.050000E-01  3.94920E+11
       49  5.004510E+03  3.526620E+03  5.53550E+12       135  7.050000E-01  6.250000E-01  4.43610E+11
       50  3.526620E+03  3.354630E+03  7.92420E+11       136  6.250000E-01  5.400000E-01  5.26410E+11
       51  3.354630E+03  2.248670E+03  6.02340E+12       137  5.400000E-01  5.000000E-01  2.58810E+11
       52  2.248670E+03  2.034680E+03  1.46900E+12       138  5.000000E-01  4.850000E-01  1.00570E+11
       53  2.034680E+03  1.507330E+03  4.24010E+12       139  4.850000E-01  4.330000E-01  3.74450E+11
       54  1.507330E+03  1.433820E+03  6.98060E+11       140  4.330000E-01  4.000000E-01  1.71160E+11
       55  1.433820E+03  1.234100E+03  2.09430E+12       141  4.000000E-01  3.910000E-01  1.51950E+10
       56  1.234100E+03  1.010390E+03  2.44210E+12       142  3.910000E-01  3.500000E-01  7.39660E+10
       57  1.010390E+03  9.142420E+02  1.25100E+12       143  3.500000E-01  3.200000E-01  5.98360E+10
       58  9.142420E+02  7.485180E+02  2.56190E+12       144  3.200000E-01  3.145000E-01  1.15760E+10
       59  7.485180E+02  6.772870E+02  1.27900E+12       145  3.145000E-01  3.000000E-01  3.15170E+10
       60  6.772870E+02  4.539990E+02  5.06120E+12       146  3.000000E-01  2.800000E-01  4.60680E+10
       61  4.539990E+02  3.717030E+02  2.46580E+12       147  2.800000E-01  2.480000E-01  8.10350E+10
       62  3.717030E+02  3.043250E+02  2.44160E+12       148  2.480000E-01  2.200000E-01  7.99940E+10
       63  3.043250E+02  2.039950E+02  4.77810E+12       149  2.200000E-01  1.890000E-01  1.01410E+11
       64  2.039950E+02  1.486250E+02  3.62430E+12       150  1.890000E-01  1.800000E-01  3.25780E+10
       65  1.486250E+02  1.367420E+02  9.25530E+11       151  1.800000E-01  1.600000E-01  7.86460E+10
       66  1.367420E+02  9.166090E+01  4.40180E+12       152  1.600000E-01  1.400000E-01  8.91610E+10
       67  9.166090E+01  7.567360E+01  2.04660E+12       153  1.400000E-01  1.340000E-01  2.92480E+10
       68  7.567360E+01  6.790410E+01  1.12770E+12       154  1.340000E-01  1.150000E-01  1.02100E+11
       69  6.790410E+01  5.559510E+01  2.04870E+12       155  1.150000E-01  1.000000E-01  9.33150E+10
       70  5.559510E+01  5.157800E+01  7.55790E+11       156  1.000000E-01  9.500000E-02  3.42540E+10
       71  5.157800E+01  4.825160E+01  6.71810E+11       157  9.500000E-02  8.000000E-02  1.14740E+11
       72  4.825160E+01  4.551740E+01  5.48520E+11       158  8.000000E-02  7.700000E-02  2.55200E+10
       73  4.551740E+01  4.016900E+01  1.16130E+12       159  7.700000E-02  6.700000E-02  9.28830E+10
       74  4.016900E+01  3.726650E+01  6.96810E+11       160  6.700000E-02  5.800000E-02  9.63130E+10
       75  3.726650E+01  3.372010E+01  9.19530E+11       161  5.800000E-02  5.000000E-02  9.90980E+10
       76  3.372010E+01  3.051130E+01  9.19490E+11       162  5.000000E-02  4.200000E-02  1.16410E+11
       77  3.051130E+01  2.760770E+01  9.04680E+11       163  4.200000E-02  3.500000E-02  1.21730E+11
       78  2.760770E+01  2.498050E+01  8.89790E+11       164  3.500000E-02  3.000000E-02  1.02920E+11
       79  2.498050E+01  2.260330E+01  8.89800E+11       165  3.000000E-02  2.500000E-02  1.21730E+11
       80  2.260330E+01  1.945480E+01  1.28210E+12       166  2.500000E-02  2.000000E-02  1.48990E+11
       81  1.945480E+01  1.592830E+01  1.67260E+12       167  2.000000E-02  1.500000E-02  1.92080E+11
       82  1.592830E+01  1.370960E+01  1.22690E+12       168  1.500000E-02  1.000000E-02  2.70720E+11
       83  1.370960E+01  1.122450E+01  1.55730E+12       169  1.000000E-02  6.900000E-03  2.47750E+11
       84  1.122450E+01  9.905550E+00  9.45900E+11       170  6.900000E-03  5.000000E-03  2.15050E+11
       85  9.905550E+00  9.189810E+00  5.56540E+11       171  5.000000E-03  3.000000E-03  3.41070E+11
       86  9.189810E+00  8.315290E+00  7.42050E+11       172  3.000000E-03  1.000000E-05  3.80830E+12
0  Spectrum type is XMAS
   flux spectrum_identifier is  EEF FW NORM. 1MW/M2 XMAS TOT=4.277E+14


fispact run time=                  0.81722E-01 secs


 ------------------------------------------------------------------
 Files that have been opened during this run.
 ------------------------------------------------------------------
 The numbers after the unit names are the internal unit numbers.

 input( 5)       printlib.i
 collapxi(12)    COLLAPX
 arrayx(13)      ARRAYX
 ind_nuc(18)     /Volumes/Pegasus2/Code/FISPACT-II/FISPACT-II/nuclear_data//EAF2010data/eaf_index_20100
 output(38)      printlib.out
 runlog(48)      printlib.log
 ------------------------------------------------------------------



     Run timestamp:12:40:59 29 January 2018        

     Current time: 12:40:59 29 January 2018        
