



     ==============================================================================
     |                                                                            |
     |                                                                            |
     |             _____ ___ ____  ____   _    ____ _____    ___ ___              |
     |            |  ___|_ _/ ___||  _ \ / \  / ___|_   _|  |_ _|_ _|             |
     |            | |_   | |\___ \| |_) / _ \| |     | |_____| | | |              |
     |            |  _|  | | ___) |  __/ ___ \ |___  | |_____| | | |              |
     |            |_|   |___|____/|_| /_/   \_\____| |_|    |___|___|             |
     |                                                                            |
     |                            F I S P A C T - I I                             |
     |                            -------------------                             |
     |                                                                            |
     |                  Transmutation-Activation Inventory Code                   |
     |                   United Kingdom Atomic Energy Authority                   |
     |                                                                            |
     |                         Release 5.0 May 2021                               |
     |             Copyright (c) 2009-21, UK Atomic Energy Authority              |
     |                                                                            |
     ==============================================================================



1
      Spallation cutoff energy =  1.30000E+08 eV
      cross section for Si28 read from xs_extra stream
      cross section for Si29 read from xs_extra stream
      cross section for Si30 read from xs_extra stream
      cross section for Fe56 read from xs_extra stream
      cross section for W186 read from xs_extra stream
      cross section for Pb204 read from xs_extra stream
      cross section for Pb206 read from xs_extra stream
      cross section for Pb207 read from xs_extra stream
      cross section for Pb208 read from xs_extra stream
      cross section for U238 read from xs_extra stream




     =========================================================================================================
     |                                                                                                       |
     |                      R U N   I D E N T I F I C A T I O N   I N F O R M A T I O N                      |
     |                                                                                                       |
     | INITIAL CROSS SECTION DATA                                                                            |
     | Collapsed library timestamp: 16:33:41 19 March 2021                                                   |
     | EAF source library label:                                                                             |
     | FLUX file label:             High energy proton flux                                                  |
     |                                                                                                       |
     | DECAY DATA                                                                                            |
     | Condensed library timestamp: 16:33:41 19 March 2021                                                   |
     | EAF source library label:                                                                             |
     |                                                                                                       |
     | THIS RUN                                                                                              |
     | timestamp:                   16:33:41 19 March 2021                                                   |
     | fileroot :                   collapse_u238                                                            |
     | name of FILES file:          files                                                                    |
     | FISPACT title:               * TENDL gxs-162 : proton 1 MeV - 200 MeV                                 |
     |                                                                                                       |
     | See the collapse_u238.log file                                                                        |
     | and summary details at the end of this file for further information on files used by this run         |
     |                                                                                                       |
     =========================================================================================================


1                    C O L L A P S E D    C R O S S     S E C T I O N S     I N     B A R N S 

          NOTE: The diagnostic cross-sections for dpa (n,D--) and for kerma (n,K--) reactions are given in barns-eV.

    parent reaction  daughter cross section                    parent reaction  daughter cross section
    Si 28  (p,nonel)          3.79792E-01                      Si 28  (p,O    )  H   1   1.54540E+00
    Si 28  (p,O    )  H   2   1.32000E-01                      Si 28  (p,O    )  H   3   1.39010E-02
    Si 28  (p,O    )  He  3   1.62140E-02                      Si 28  (p,O    )  He  4   2.62160E-01
    Si 28  (p,O    )  He  5   2.35060E-05                      Si 28  (p,O    )  He  6   1.98650E-04
    Si 28  (p,O    )  He  8   1.72590E-05                      Si 28  (p,O    )  Li  6   5.16100E-03
    Si 28  (p,O    )  Li  7   2.04080E-03                      Si 28  (p,O    )  Li  8   1.18970E-04
    Si 28  (p,O    )  Be  7   1.46850E-03                      Si 28  (p,O    )  Be  8   1.00670E-02
    Si 28  (p,O    )  Be  9   1.76500E-03                      Si 28  (p,O    )  Be 10   1.37680E-04
    Si 28  (p,O    )  Be 11   7.43290E-06                      Si 28  (p,O    )  B   8   1.15390E-04
    Si 28  (p,O    )  B   9   1.09670E-03                      Si 28  (p,O    )  B  10   7.78680E-03
    Si 28  (p,O    )  B  11   4.31660E-03                      Si 28  (p,O    )  B  12   2.69630E-04
    Si 28  (p,O    )  B  13   2.06150E-05                      Si 28  (p,O    )  B  14   1.86990E-07
    Si 28  (p,O    )  B  15   1.93870E-09                      Si 28  (p,O    )  C   9   1.74840E-06
    Si 28  (p,O    )  C  10   5.80600E-05                      Si 28  (p,O    )  C  11   2.44400E-03
    Si 28  (p,O    )  C  12   1.69940E-02                      Si 28  (p,O    )  C  13   4.96740E-03
    Si 28  (p,O    )  C  14   6.18410E-04                      Si 28  (p,O    )  C  15   4.53130E-05
    Si 28  (p,O    )  C  16   3.84480E-06                      Si 28  (p,O    )  C  17   6.74910E-09
    Si 28  (p,O    )  N  10   3.06600E-08                      Si 28  (p,O    )  N  11   2.47910E-06
    Si 28  (p,O    )  N  12   8.56740E-05                      Si 28  (p,O    )  N  13   2.40530E-03
    Si 28  (p,O    )  N  14   1.25890E-02                      Si 28  (p,O    )  N  15   7.80290E-03
    Si 28  (p,O    )  N  16   8.08060E-04                      Si 28  (p,O    )  N  17   9.04660E-05
    Si 28  (p,O    )  N  18   5.51350E-06                      Si 28  (p,O    )  N  19   1.60120E-08
    Si 28  (p,O    )  O  12   8.96920E-08                      Si 28  (p,O    )  O  13   6.71470E-06
    Si 28  (p,O    )  O  14   1.99570E-04                      Si 28  (p,O    )  O  15   3.74920E-03
    Si 28  (p,O    )  O  16   2.25480E-02                      Si 28  (p,O    )  O  17   9.89000E-03
    Si 28  (p,O    )  O  18   1.49820E-03                      Si 28  (p,O    )  O  19   1.29790E-04
    Si 28  (p,O    )  O  20   1.27170E-05                      Si 28  (p,O    )  O  21   4.63860E-08
    Si 28  (p,O    )  F  14   1.82930E-07                      Si 28  (p,O    )  F  15   9.84450E-06
    Si 28  (p,O    )  F  16   2.07000E-04                      Si 28  (p,O    )  F  17   3.61380E-03
    Si 28  (p,O    )  F  18   1.64470E-02                      Si 28  (p,O    )  F  19   1.23560E-02
    Si 28  (p,O    )  F  20   1.67120E-03                      Si 28  (p,O    )  F  21   2.15700E-04
    Si 28  (p,O    )  F  22   1.96710E-05                      Si 28  (p,O    )  F  23   3.35750E-06
    Si 28  (p,O    )  Ne 16   1.99730E-07                      Si 28  (p,O    )  Ne 17   2.04070E-05
    Si 28  (p,O    )  Ne 18   3.81010E-04                      Si 28  (p,O    )  Ne 19   4.82710E-03
    Si 28  (p,O    )  Ne 20   2.62950E-02                      Si 28  (p,O    )  Ne 21   1.49760E-02
    Si 28  (p,O    )  Ne 22   2.77840E-03                      Si 28  (p,O    )  Ne 23   2.78280E-04
    Si 28  (p,O    )  Ne 24   2.80480E-05                      Si 28  (p,O    )  Ne 25   2.79830E-06
    Si 28  (p,O    )  Na 18   2.85620E-06                      Si 28  (p,O    )  Na 19   2.97500E-05
    Si 28  (p,O    )  Na 20   4.09720E-04                      Si 28  (p,O    )  Na 21   4.75980E-03
    Si 28  (p,O    )  Na 22   2.01150E-02                      Si 28  (p,O    )  Na 23   1.94900E-02
    Si 28  (p,O    )  Na 24   2.91790E-03                      Si 28  (p,O    )  Na 25   4.35970E-04
    Si 28  (p,O    )  Na 26   2.80750E-05                      Si 28  (p,O    )  Mg 20   3.59730E-06
    Si 28  (p,O    )  Mg 21   4.60710E-05                      Si 28  (p,O    )  Mg 22   6.22900E-04
    Si 28  (p,O    )  Mg 23   6.35800E-03                      Si 28  (p,O    )  Mg 24   3.00860E-02
    Si 28  (p,O    )  Mg 25   2.53930E-02                      Si 28  (p,O    )  Mg 26   6.41990E-03
    Si 28  (p,O    )  Mg 27   2.23400E-04                      Si 28  (p,O    )  Al 21   2.23180E-09
    Si 28  (p,O    )  Al 22   4.80760E-06                      Si 28  (p,O    )  Al 23   8.44640E-05
    Si 28  (p,O    )  Al 24   7.88520E-04                      Si 28  (p,O    )  Al 24m  8.85380E-05
    Si 28  (p,O    )  Al 25   8.16150E-03                      Si 28  (p,O    )  Al 26   3.95690E-02
    Si 28  (p,O    )  Al 26m  8.68170E-03                      Si 28  (p,O    )  Al 27   5.40240E-02
    Si 28  (p,O    )  Al 28   1.39360E-04                      Si 28  (p,O    )  Si 23   2.57710E-09
    Si 28  (p,O    )  Si 24   1.68220E-05                      Si 28  (p,O    )  Si 25   1.57140E-04
    Si 28  (p,O    )  Si 26   1.89280E-03                      Si 28  (p,O    )  Si 27   3.51900E-02
    Si 28  (p,E    )  Si 28   1.06764E-02                      Si 28  (p,O    )  P  25   2.39220E-06
    Si 28  (p,O    )  P  26   1.63080E-05                      Si 28  (p,O    )  P  27   1.83530E-04
    Si 28  (p,O    )  P  28   3.42890E-04                      Si 28  (p,O    )  P  29   5.57310E-06
    Si 28  (p,O    )  S  27   2.32420E-06                      Si 28  (p,O    )  S  27   2.32420E-06
    Si 29  (p,nonel)          3.92349E-01                      Si 29  (p,O    )  H   1   1.41700E+00
    Si 29  (p,O    )  H   2   1.34380E-01                      Si 29  (p,O    )  H   3   1.51380E-02
    Si 29  (p,O    )  He  3   1.50860E-02                      Si 29  (p,O    )  He  4   2.55040E-01
    Si 29  (p,O    )  He  5   1.41510E-05                      Si 29  (p,O    )  He  6   2.43250E-04
    Si 29  (p,O    )  He  8   2.83010E-05                      Si 29  (p,O    )  Li  6   4.28730E-03
    Si 29  (p,O    )  Li  7   1.84310E-03                      Si 29  (p,O    )  Li  8   1.34090E-04
    Si 29  (p,O    )  Be  7   1.15020E-03                      Si 29  (p,O    )  Be  8   8.52070E-03
    Si 29  (p,O    )  Be  9   1.57730E-03                      Si 29  (p,O    )  Be 10   1.34130E-04
    Si 29  (p,O    )  Be 11   4.79230E-06                      Si 29  (p,O    )  B   8   1.00290E-04
    Si 29  (p,O    )  B   9   8.51660E-04                      Si 29  (p,O    )  B  10   6.57550E-03
    Si 29  (p,O    )  B  11   4.05820E-03                      Si 29  (p,O    )  B  12   2.74600E-04
    Si 29  (p,O    )  B  13   3.14250E-05                      Si 29  (p,O    )  B  15   2.64890E-09
    Si 29  (p,O    )  C   9   7.37830E-07                      Si 29  (p,O    )  C  10   3.88340E-05
    Si 29  (p,O    )  C  11   1.90910E-03                      Si 29  (p,O    )  C  12   1.49890E-02
    Si 29  (p,O    )  C  13   4.76840E-03                      Si 29  (p,O    )  C  14   7.03180E-04
    Si 29  (p,O    )  C  15   6.04840E-05                      Si 29  (p,O    )  C  16   5.76730E-06
    Si 29  (p,O    )  C  17   1.12080E-08                      Si 29  (p,O    )  N  10   1.06470E-08
    Si 29  (p,O    )  N  11   8.39890E-06                      Si 29  (p,O    )  N  12   5.65840E-05
    Si 29  (p,O    )  N  13   1.85370E-03                      Si 29  (p,O    )  N  14   1.11060E-02
    Si 29  (p,O    )  N  15   7.82610E-03                      Si 29  (p,O    )  N  16   9.93240E-04
    Si 29  (p,O    )  N  17   1.29720E-04                      Si 29  (p,O    )  N  18   1.36830E-05
    Si 29  (p,O    )  N  19   2.39820E-06                      Si 29  (p,O    )  O  12   3.39600E-08
    Si 29  (p,O    )  O  13   2.64060E-06                      Si 29  (p,O    )  O  14   1.27400E-04
    Si 29  (p,O    )  O  15   2.84380E-03                      Si 29  (p,O    )  O  16   2.01550E-02
    Si 29  (p,O    )  O  17   9.95980E-03                      Si 29  (p,O    )  O  18   1.87610E-03
    Si 29  (p,O    )  O  19   2.31760E-04                      Si 29  (p,O    )  O  20   2.78300E-05
    Si 29  (p,O    )  O  21   2.87900E-06                      Si 29  (p,O    )  O  22   6.72950E-09
    Si 29  (p,O    )  F  14   7.97090E-08                      Si 29  (p,O    )  F  15   4.56300E-06
    Si 29  (p,O    )  F  16   1.37260E-04                      Si 29  (p,O    )  F  17   2.85200E-03
    Si 29  (p,O    )  F  18   1.48950E-02                      Si 29  (p,O    )  F  19   1.30520E-02
    Si 29  (p,O    )  F  20   2.30050E-03                      Si 29  (p,O    )  F  21   4.30870E-04
    Si 29  (p,O    )  F  22   5.22930E-05                      Si 29  (p,O    )  F  23   6.96220E-06
    Si 29  (p,O    )  F  24   1.08000E-08                      Si 29  (p,O    )  Ne 16   7.42450E-08
    Si 29  (p,O    )  Ne 17   1.12810E-05                      Si 29  (p,O    )  Ne 18   2.13780E-04
    Si 29  (p,O    )  Ne 19   3.43930E-03                      Si 29  (p,O    )  Ne 20   2.32940E-02
    Si 29  (p,O    )  Ne 21   1.54550E-02                      Si 29  (p,O    )  Ne 22   4.04430E-03
    Si 29  (p,O    )  Ne 23   6.69880E-04                      Si 29  (p,O    )  Ne 24   1.04610E-04
    Si 29  (p,O    )  Ne 25   1.58380E-05                      Si 29  (p,O    )  Ne 26   2.87600E-06
    Si 29  (p,O    )  Na 18   2.18810E-08                      Si 29  (p,O    )  Na 19   1.29620E-05
    Si 29  (p,O    )  Na 20   1.98890E-04                      Si 29  (p,O    )  Na 21   3.12690E-03
    Si 29  (p,O    )  Na 22   1.75040E-02                      Si 29  (p,O    )  Na 23   2.01750E-02
    Si 29  (p,O    )  Na 24   4.92380E-03                      Si 29  (p,O    )  Na 25   1.09570E-03
    Si 29  (p,O    )  Na 26   1.91450E-04                      Si 29  (p,O    )  Na 27   2.52180E-05
    Si 29  (p,O    )  Mg 20   7.63600E-08                      Si 29  (p,O    )  Mg 21   1.56020E-05
    Si 29  (p,O    )  Mg 22   2.69170E-04                      Si 29  (p,O    )  Mg 23   3.59800E-03
    Si 29  (p,O    )  Mg 24   2.50380E-02                      Si 29  (p,O    )  Mg 25   2.31680E-02
    Si 29  (p,O    )  Mg 26   1.01450E-02                      Si 29  (p,O    )  Mg 27   2.60090E-03
    Si 29  (p,O    )  Mg 28   1.88800E-04                      Si 29  (p,O    )  Al 22   3.11870E-08
    Si 29  (p,O    )  Al 23   2.03950E-05                      Si 29  (p,O    )  Al 24   2.35090E-04
    Si 29  (p,O    )  Al 24m  2.76290E-05                      Si 29  (p,O    )  Al 25   3.32760E-03
    Si 29  (p,O    )  Al 26   2.27460E-02                      Si 29  (p,O    )  Al 26m  6.61040E-03
    Si 29  (p,O    )  Al 27   4.26020E-02                      Si 29  (p,O    )  Al 28   4.17170E-02
    Si 29  (p,O    )  Al 29   1.22580E-04                      Si 29  (p,O    )  Si 24   3.35890E-06
    Si 29  (p,O    )  Si 25   2.76050E-05                      Si 29  (p,O    )  Si 26   3.54390E-04
    Si 29  (p,O    )  Si 27   4.63900E-03                      Si 29  (p,O    )  Si 28   4.75340E-02
    Si 29  (p,E    )  Si 29   8.16745E-03                      Si 29  (p,O    )  P  26   5.51660E-06
    Si 29  (p,O    )  P  27   3.67280E-05                      Si 29  (p,O    )  P  28   2.60310E-04
    Si 29  (p,O    )  P  29   4.41260E-04                      Si 29  (p,O    )  P  30   6.10610E-06
    Si 30  (p,nonel)          4.02958E-01                      Si 30  (p,O    )  H   1   1.31260E+00
    Si 30  (p,O    )  H   2   1.36440E-01                      Si 30  (p,O    )  H   3   1.64690E-02
    Si 30  (p,O    )  He  3   1.43520E-02                      Si 30  (p,O    )  He  4   2.41250E-01
    Si 30  (p,O    )  He  5   1.31970E-05                      Si 30  (p,O    )  He  6   2.99630E-04
    Si 30  (p,O    )  He  8   4.46370E-05                      Si 30  (p,O    )  Li  6   3.53130E-03
    Si 30  (p,O    )  Li  7   1.66520E-03                      Si 30  (p,O    )  Li  8   1.60490E-04
    Si 30  (p,O    )  Be  7   9.28990E-04                      Si 30  (p,O    )  Be  8   7.18020E-03
    Si 30  (p,O    )  Be  9   1.36410E-03                      Si 30  (p,O    )  Be 10   1.49970E-04
    Si 30  (p,O    )  Be 11   1.05530E-05                      Si 30  (p,O    )  B   8   9.42930E-05
    Si 30  (p,O    )  B   9   6.61290E-04                      Si 30  (p,O    )  B  10   5.65370E-03
    Si 30  (p,O    )  B  11   3.77170E-03                      Si 30  (p,O    )  B  12   2.95080E-04
    Si 30  (p,O    )  B  13   3.40600E-05                      Si 30  (p,O    )  B  14   2.39820E-06
    Si 30  (p,O    )  B  15   3.65240E-09                      Si 30  (p,O    )  C   9   2.84030E-07
    Si 30  (p,O    )  C  10   2.95030E-05                      Si 30  (p,O    )  C  11   1.48630E-03
    Si 30  (p,O    )  C  12   1.29850E-02                      Si 30  (p,O    )  C  13   4.37970E-03
    Si 30  (p,O    )  C  14   7.58330E-04                      Si 30  (p,O    )  C  15   8.49290E-05
    Si 30  (p,O    )  C  16   6.00870E-06                      Si 30  (p,O    )  C  17   2.01070E-08
    Si 30  (p,O    )  N  10   3.56860E-09                      Si 30  (p,O    )  N  11   3.50380E-06
    Si 30  (p,O    )  N  12   4.19600E-05                      Si 30  (p,O    )  N  13   1.46630E-03
    Si 30  (p,O    )  N  14   9.74770E-03                      Si 30  (p,O    )  N  15   7.60120E-03
    Si 30  (p,O    )  N  16   1.12430E-03                      Si 30  (p,O    )  N  17   1.99660E-04
    Si 30  (p,O    )  N  18   2.73330E-05                      Si 30  (p,O    )  N  19   3.83570E-06
    Si 30  (p,O    )  N  20   1.81420E-09                      Si 30  (p,O    )  O  12   1.17120E-08
    Si 30  (p,O    )  O  13   2.39220E-06                      Si 30  (p,O    )  O  14   9.55060E-05
    Si 30  (p,O    )  O  15   2.25700E-03                      Si 30  (p,O    )  O  16   1.78090E-02
    Si 30  (p,O    )  O  17   9.78080E-03                      Si 30  (p,O    )  O  18   2.14470E-03
    Si 30  (p,O    )  O  19   3.59400E-04                      Si 30  (p,O    )  O  20   5.85500E-05
    Si 30  (p,O    )  O  21   3.35890E-06                      Si 30  (p,O    )  O  22   2.07340E-08
    Si 30  (p,O    )  F  14   3.09230E-08                      Si 30  (p,O    )  F  15   3.80830E-06
    Si 30  (p,O    )  F  16   8.39840E-05                      Si 30  (p,O    )  F  17   2.28410E-03
    Si 30  (p,O    )  F  18   1.32500E-02                      Si 30  (p,O    )  F  19   1.30820E-02
    Si 30  (p,O    )  F  20   2.94360E-03                      Si 30  (p,O    )  F  21   6.68790E-04
    Si 30  (p,O    )  F  22   1.18500E-04                      Si 30  (p,O    )  F  23   1.72710E-05
    Si 30  (p,O    )  F  24   2.39620E-06                      Si 30  (p,O    )  Ne 16   2.83000E-08
    Si 30  (p,O    )  Ne 17   4.31860E-06                      Si 30  (p,O    )  Ne 18   1.41220E-04
    Si 30  (p,O    )  Ne 19   2.72140E-03                      Si 30  (p,O    )  Ne 20   2.04850E-02
    Si 30  (p,O    )  Ne 21   1.51900E-02                      Si 30  (p,O    )  Ne 22   5.07010E-03
    Si 30  (p,O    )  Ne 23   1.18420E-03                      Si 30  (p,O    )  Ne 24   2.45950E-04
    Si 30  (p,O    )  Ne 25   4.84670E-05                      Si 30  (p,O    )  Ne 26   9.35840E-06
    Si 30  (p,O    )  Na 18   7.85080E-09                      Si 30  (p,O    )  Na 19   4.79530E-06
    Si 30  (p,O    )  Na 20   9.88530E-05                      Si 30  (p,O    )  Na 21   2.32780E-03
    Si 30  (p,O    )  Na 22   1.47920E-02                      Si 30  (p,O    )  Na 23   1.96210E-02
    Si 30  (p,O    )  Na 24   6.61880E-03                      Si 30  (p,O    )  Na 25   2.16050E-03
    Si 30  (p,O    )  Na 26   5.74160E-04                      Si 30  (p,O    )  Na 27   1.20690E-04
    Si 30  (p,O    )  Na 28   1.53550E-05                      Si 30  (p,O    )  Mg 20   2.30330E-08
    Si 30  (p,O    )  Mg 21   5.99950E-06                      Si 30  (p,O    )  Mg 22   1.50670E-04
    Si 30  (p,O    )  Mg 23   2.32750E-03                      Si 30  (p,O    )  Mg 24   1.98370E-02
    Si 30  (p,O    )  Mg 25   2.15240E-02                      Si 30  (p,O    )  Mg 26   1.19520E-02
    Si 30  (p,O    )  Mg 27   5.47490E-03                      Si 30  (p,O    )  Mg 28   1.69370E-03
    Si 30  (p,O    )  Mg 29   1.39650E-04                      Si 30  (p,O    )  Al 22   7.17580E-09
    Si 30  (p,O    )  Al 23   6.00260E-06                      Si 30  (p,O    )  Al 24   9.14050E-05
    Si 30  (p,O    )  Al 24m  8.57690E-06                      Si 30  (p,O    )  Al 25   1.75950E-03
    Si 30  (p,O    )  Al 26   1.47650E-02                      Si 30  (p,O    )  Al 26m  3.78230E-03
    Si 30  (p,O    )  Al 27   3.08110E-02                      Si 30  (p,O    )  Al 28   2.77660E-02
    Si 30  (p,O    )  Al 29   3.71370E-02                      Si 30  (p,O    )  Al 30   9.52590E-05
    Si 30  (p,O    )  Si 24   1.40950E-08                      Si 30  (p,O    )  Si 25   5.03370E-06
    Si 30  (p,O    )  Si 26   1.04410E-04                      Si 30  (p,O    )  Si 27   1.73360E-03
    Si 30  (p,O    )  Si 28   2.20710E-02                      Si 30  (p,O    )  Si 29   4.66690E-02
    Si 30  (p,E    )  Si 30   8.73638E-03                      Si 30  (p,O    )  P  27   7.43290E-06
    Si 30  (p,O    )  P  28   5.56370E-05                      Si 30  (p,O    )  P  29   4.43390E-04
    Si 30  (p,O    )  P  30   6.58650E-04                      Si 30  (p,O    )  P  31   9.27910E-06
    Si 30  (p,O    )  S  29   2.64060E-06                      Si 30  (p,O    )  S  30   2.26020E-06
    Si 30  (p,O    )  S  30   2.26020E-06                      Fe 56  (p,nonel)          6.30974E-01
    Fe 56  (p,O    )  H   1   2.73640E+00                      Fe 56  (p,O    )  H   2   2.89360E-01
    Fe 56  (p,O    )  H   3   4.07240E-02                      Fe 56  (p,O    )  He  3   3.31200E-02
    Fe 56  (p,O    )  He  4   3.87170E-01                      Fe 56  (p,O    )  He  6   9.22330E-04
    Fe 56  (p,O    )  He  8   2.45550E-04                      Fe 56  (p,O    )  Li  6   7.80570E-04
    Fe 56  (p,O    )  Li  7   4.92280E-04                      Fe 56  (p,O    )  Li  8   6.00390E-04
    Fe 56  (p,O    )  Be  7   4.35640E-04                      Fe 56  (p,O    )  Be  8   1.86100E-05
    Fe 56  (p,O    )  B   8   4.04820E-04                      Fe 56  (p,O    )  B   9   4.67440E-06
    Fe 56  (p,O    )  B  10   1.93940E-05                      Fe 56  (p,O    )  B  11   1.54460E-05
    Fe 56  (p,O    )  C  11   7.91340E-06                      Fe 56  (p,O    )  C  12   6.29430E-05
    Fe 56  (p,O    )  C  13   2.41320E-05                      Fe 56  (p,O    )  C  14   4.55150E-06
    Fe 56  (p,O    )  N  13   8.51910E-06                      Fe 56  (p,O    )  N  14   6.92810E-05
    Fe 56  (p,O    )  N  15   6.92890E-05                      Fe 56  (p,O    )  N  16   5.94630E-06
    Fe 56  (p,O    )  O  15   1.86070E-05                      Fe 56  (p,O    )  O  16   2.32790E-04
    Fe 56  (p,O    )  O  17   1.25890E-04                      Fe 56  (p,O    )  O  18   3.60370E-05
    Fe 56  (p,O    )  O  19   5.14480E-06                      Fe 56  (p,O    )  F  17   2.96960E-05
    Fe 56  (p,O    )  F  18   2.30090E-04                      Fe 56  (p,O    )  F  19   3.04110E-04
    Fe 56  (p,O    )  F  20   7.56090E-05                      Fe 56  (p,O    )  F  21   1.78180E-05
    Fe 56  (p,O    )  Ne 19   5.85980E-05                      Fe 56  (p,O    )  Ne 20   6.70360E-04
    Fe 56  (p,O    )  Ne 21   5.81980E-04                      Fe 56  (p,O    )  Ne 22   1.60390E-04
    Fe 56  (p,O    )  Ne 23   3.76290E-05                      Fe 56  (p,O    )  Ne 24   7.52090E-06
    Fe 56  (p,O    )  Na 20   5.52350E-06                      Fe 56  (p,O    )  Na 21   8.51080E-05
    Fe 56  (p,O    )  Na 22   7.89850E-04                      Fe 56  (p,O    )  Na 23   1.15260E-03
    Fe 56  (p,O    )  Na 24   3.39790E-04                      Fe 56  (p,O    )  Na 25   9.06530E-05
    Fe 56  (p,O    )  Na 26   1.70280E-05                      Fe 56  (p,O    )  Mg 22   3.96020E-06
    Fe 56  (p,O    )  Mg 23   1.60370E-04                      Fe 56  (p,O    )  Mg 24   1.71470E-03
    Fe 56  (p,O    )  Mg 25   1.83330E-03                      Fe 56  (p,O    )  Mg 26   8.38290E-04
    Fe 56  (p,O    )  Mg 27   2.01170E-04                      Fe 56  (p,O    )  Mg 28   3.84060E-05
    Fe 56  (p,O    )  Mg 29   6.33160E-06                      Fe 56  (p,O    )  Al 24   6.33400E-06
    Fe 56  (p,O    )  Al 25   1.95650E-04                      Fe 56  (p,O    )  Al 26   1.88640E-03
    Fe 56  (p,O    )  Al 27   3.37260E-03                      Fe 56  (p,O    )  Al 28   1.29490E-03
    Fe 56  (p,O    )  Al 29   3.83290E-04                      Fe 56  (p,O    )  Al 30   8.27700E-05
    Fe 56  (p,O    )  Al 31   1.46470E-05                      Fe 56  (p,O    )  Si 26   1.18710E-05
    Fe 56  (p,O    )  Si 27   3.38570E-04                      Fe 56  (p,O    )  Si 28   3.59160E-03
    Fe 56  (p,O    )  Si 29   4.80790E-03                      Fe 56  (p,O    )  Si 30   2.71560E-03
    Fe 56  (p,O    )  Si 31   7.61900E-04                      Fe 56  (p,O    )  Si 32   1.70660E-04
    Fe 56  (p,O    )  Si 33   3.01190E-05                      Fe 56  (p,O    )  Si 34   4.74990E-06
    Fe 56  (p,O    )  P  28   1.70230E-05                      Fe 56  (p,O    )  P  29   3.40920E-04
    Fe 56  (p,O    )  P  30   3.58930E-03                      Fe 56  (p,O    )  P  31   7.50100E-03
    Fe 56  (p,O    )  P  32   3.73470E-03                      Fe 56  (p,O    )  P  33   1.32810E-03
    Fe 56  (p,O    )  P  34   3.34220E-04                      Fe 56  (p,O    )  P  35   7.68270E-05
    Fe 56  (p,O    )  P  36   8.31290E-06                      Fe 56  (p,O    )  S  30   1.93920E-05
    Fe 56  (p,O    )  S  31   4.83890E-04                      Fe 56  (p,O    )  S  32   5.85640E-03
    Fe 56  (p,O    )  S  33   9.36780E-03                      Fe 56  (p,O    )  S  34   6.73250E-03
    Fe 56  (p,O    )  S  35   2.22160E-03                      Fe 56  (p,O    )  S  36   6.20970E-04
    Fe 56  (p,O    )  S  37   1.28320E-04                      Fe 56  (p,O    )  S  38   2.49460E-05
    Fe 56  (p,O    )  S  39   4.62360E-06                      Fe 56  (p,O    )  Cl 32   1.90140E-05
    Fe 56  (p,O    )  Cl 33   4.49030E-04                      Fe 56  (p,O    )  Cl 34   4.81080E-03
    Fe 56  (p,O    )  Cl 34m  5.18070E-04                      Fe 56  (p,O    )  Cl 35   1.28030E-02
    Fe 56  (p,O    )  Cl 36   8.19780E-03                      Fe 56  (p,O    )  Cl 37   3.55410E-03
    Fe 56  (p,O    )  Cl 38   1.00990E-03                      Fe 56  (p,O    )  Cl 38m  2.04600E-05
    Fe 56  (p,O    )  Cl 39   2.12630E-04                      Fe 56  (p,O    )  Cl 40   3.56550E-05
    Fe 56  (p,O    )  Cl 41   5.93440E-06                      Fe 56  (p,O    )  Ar 33   1.19520E-07
    Fe 56  (p,O    )  Ar 34   2.81210E-05                      Fe 56  (p,O    )  Ar 35   5.58020E-04
    Fe 56  (p,O    )  Ar 36   7.38980E-03                      Fe 56  (p,O    )  Ar 37   1.42130E-02
    Fe 56  (p,O    )  Ar 38   1.29600E-02                      Fe 56  (p,O    )  Ar 39   5.04510E-03
    Fe 56  (p,O    )  Ar 40   1.64750E-03                      Fe 56  (p,O    )  Ar 41   3.84920E-04
    Fe 56  (p,O    )  Ar 42   7.52330E-05                      Fe 56  (p,O    )  Ar 43   1.07010E-05
    Fe 56  (p,O    )  K  36   2.33620E-05                      Fe 56  (p,O    )  K  37   4.66930E-04
    Fe 56  (p,O    )  K  38   4.99650E-03                      Fe 56  (p,O    )  K  38m  3.71450E-04
    Fe 56  (p,O    )  K  39   1.66770E-02                      Fe 56  (p,O    )  K  40   1.42020E-02
    Fe 56  (p,O    )  K  41   7.20180E-03                      Fe 56  (p,O    )  K  42   2.47200E-03
    Fe 56  (p,O    )  K  43   6.54640E-04                      Fe 56  (p,O    )  K  44   1.30660E-04
    Fe 56  (p,O    )  K  45   2.33690E-05                      Fe 56  (p,O    )  K  46   3.94540E-06
    Fe 56  (p,O    )  Ca 38   2.53380E-05                      Fe 56  (p,O    )  Ca 39   5.20050E-04
    Fe 56  (p,O    )  Ca 40   6.87230E-03                      Fe 56  (p,O    )  Ca 41   1.68770E-02
    Fe 56  (p,O    )  Ca 42   1.90230E-02                      Fe 56  (p,O    )  Ca 43   9.24540E-03
    Fe 56  (p,O    )  Ca 44   3.52780E-03                      Fe 56  (p,O    )  Ca 45   9.99630E-04
    Fe 56  (p,O    )  Ca 46   2.05200E-04                      Fe 56  (p,O    )  Ca 47   4.19740E-05
    Fe 56  (p,O    )  Ca 48   7.12120E-06                      Fe 56  (p,O    )  Ca 49   4.73440E-06
    Fe 56  (p,O    )  Sc 40   1.02990E-05                      Fe 56  (p,O    )  Sc 41   3.59200E-04
    Fe 56  (p,O    )  Sc 42   4.07150E-03                      Fe 56  (p,O    )  Sc 42m  7.82690E-04
    Fe 56  (p,O    )  Sc 43   1.70010E-02                      Fe 56  (p,O    )  Sc 44   1.91420E-02
    Fe 56  (p,O    )  Sc 44m  4.05350E-03                      Fe 56  (p,O    )  Sc 45   1.18890E-02
    Fe 56  (p,O    )  Sc 45m  1.74570E-03                      Fe 56  (p,O    )  Sc 46   4.89770E-03
    Fe 56  (p,O    )  Sc 46m  2.99000E-04                      Fe 56  (p,O    )  Sc 47   1.48550E-03
    Fe 56  (p,O    )  Sc 48   3.98840E-04                      Fe 56  (p,O    )  Sc 49   7.20790E-05
    Fe 56  (p,O    )  Sc 50   1.78230E-05                      Fe 56  (p,O    )  Sc 50m  1.88000E-07
    Fe 56  (p,O    )  Sc 51   9.39680E-06                      Fe 56  (p,O    )  Ti 42   1.90190E-05
    Fe 56  (p,O    )  Ti 43   3.58450E-04                      Fe 56  (p,O    )  Ti 44   4.83050E-03
    Fe 56  (p,O    )  Ti 45   1.55040E-02                      Fe 56  (p,O    )  Ti 46   2.17650E-02
    Fe 56  (p,O    )  Ti 47   1.44850E-02                      Fe 56  (p,O    )  Ti 48   6.74790E-03
    Fe 56  (p,O    )  Ti 48m  4.94560E-05                      Fe 56  (p,O    )  Ti 49   2.36560E-03
    Fe 56  (p,O    )  Ti 50   6.98210E-04                      Fe 56  (p,O    )  Ti 51   1.73480E-04
    Fe 56  (p,O    )  Ti 52   4.12100E-05                      Fe 56  (p,O    )  Ti 53   9.50230E-06
    Fe 56  (p,O    )  V  44   1.38620E-05                      Fe 56  (p,O    )  V  45   2.21370E-04
    Fe 56  (p,O    )  V  46   2.53570E-03                      Fe 56  (p,O    )  V  47   1.37740E-02
    Fe 56  (p,O    )  V  48   2.13060E-02                      Fe 56  (p,O    )  V  49   1.77110E-02
    Fe 56  (p,O    )  V  50   9.52090E-03                      Fe 56  (p,O    )  V  51   4.02610E-03
    Fe 56  (p,O    )  V  52   1.36030E-03                      Fe 56  (p,O    )  V  53   3.50490E-04
    Fe 56  (p,O    )  V  54   5.07080E-05                      Fe 56  (p,O    )  Cr 46   8.71260E-06
    Fe 56  (p,O    )  Cr 47   1.79840E-04                      Fe 56  (p,O    )  Cr 48   2.68750E-03
    Fe 56  (p,O    )  Cr 49   1.13700E-02                      Fe 56  (p,O    )  Cr 50   2.20550E-02
    Fe 56  (p,O    )  Cr 51   2.21880E-02                      Fe 56  (p,O    )  Cr 52   1.54880E-02
    Fe 56  (p,O    )  Cr 53   8.89760E-03                      Fe 56  (p,O    )  Cr 54   3.73610E-03
    Fe 56  (p,O    )  Cr 55   2.58190E-04                      Fe 56  (p,O    )  Mn 48   5.94160E-06
    Fe 56  (p,O    )  Mn 49   9.74250E-05                      Fe 56  (p,O    )  Mn 50   1.28110E-03
    Fe 56  (p,O    )  Mn 50m  3.12320E-04                      Fe 56  (p,O    )  Mn 51   9.45940E-03
    Fe 56  (p,O    )  Mn 52   2.29620E-02                      Fe 56  (p,O    )  Mn 52m  1.55900E-02
    Fe 56  (p,O    )  Mn 53   3.21280E-02                      Fe 56  (p,O    )  Mn 54   3.35790E-02
    Fe 56  (p,O    )  Mn 55   5.50810E-02                      Fe 56  (p,O    )  Mn 56   1.80960E-04
    Fe 56  (p,O    )  Fe 50   5.15010E-06                      Fe 56  (p,O    )  Fe 51   8.03920E-05
    Fe 56  (p,O    )  Fe 52   1.25740E-03                      Fe 56  (p,O    )  Fe 52m  5.93220E-07
    Fe 56  (p,O    )  Fe 53   6.79860E-03                      Fe 56  (p,O    )  Fe 53m  1.08100E-04
    Fe 56  (p,O    )  Fe 54   2.42950E-02                      Fe 56  (p,O    )  Fe 55   6.26450E-02
    Fe 56  (p,E    )  Fe 56   4.44532E-03                      Fe 56  (p,O    )  Co 52   3.91530E-06
    Fe 56  (p,O    )  Co 53   3.20820E-05                      Fe 56  (p,O    )  Co 53m  3.57560E-08
    Fe 56  (p,O    )  Co 54   2.57820E-04                      Fe 56  (p,O    )  Co 54m  2.07770E-05
    Fe 56  (p,O    )  Co 55   1.14450E-03                      Fe 56  (p,O    )  Co 56   1.06220E-03
    Fe 56  (p,O    )  Co 57   1.72710E-05                      Fe 56  (p,O    )  Ni 55   4.35510E-06
    Fe 56  (p,O    )  Ni 56   3.96020E-06                      Fe 56  (p,O    )  Ni 56   3.96020E-06
    W 186  (p,nonel)          1.55829E+00                      W 186  (p,F    )          4.32369E-06
    W 186  (p,O    )  H   1   4.71530E-03                      W 186  (p,O    )  H   2   7.42340E-04
    W 186  (p,O    )  H   3   1.92660E-04                      W 186  (p,O    )  He  3   6.78570E-05
    W 186  (p,O    )  He  4   1.35900E-03                      W 186  (p,O    )  He  6   7.01780E-06
    W 186  (p,O    )  He  8   3.95590E-06                      W 186  (p,O    )  Li  6   2.34160E-06
    W 186  (p,O    )  Li  7   2.87380E-06                      W 186  (p,O    )  Li  8   5.67940E-06
    W 186  (p,O    )  Be  7   9.97350E-07                      W 186  (p,O    )  B   8   8.67050E-07
    W 186  (p,O    )  B  11   8.73990E-09                      W 186  (p,O    )  C  12   1.04970E-08
    W 186  (p,O    )  O  16   8.73990E-09                      W 186  (p,O    )  F  19   1.13470E-08
    W 186  (p,O    )  F  20   8.73000E-09                      W 186  (p,O    )  Ne 20   1.63890E-08
    W 186  (p,O    )  Ne 21   1.22590E-08                      W 186  (p,O    )  Ne 22   1.22200E-08
    W 186  (p,O    )  Ne 23   8.71000E-09                      W 186  (p,O    )  Na 22   9.60900E-09
    W 186  (p,O    )  Na 23   1.39850E-08                      W 186  (p,O    )  Na 24   1.57420E-08
    W 186  (p,O    )  Na 25   1.13590E-08                      W 186  (p,O    )  Mg 24   1.13590E-08
    W 186  (p,O    )  Mg 25   1.31160E-08                      W 186  (p,O    )  Mg 26   1.31350E-08
    W 186  (p,O    )  Mg 27   1.31040E-08                      W 186  (p,O    )  Mg 28   1.19000E-08
    W 186  (p,O    )  Al 27   1.66040E-08                      W 186  (p,O    )  Al 28   1.66040E-08
    W 186  (p,O    )  Al 29   1.65920E-08                      W 186  (p,O    )  Al 30   1.22350E-08
    W 186  (p,O    )  Si 28   8.71000E-09                      W 186  (p,O    )  Si 29   1.57200E-08
    W 186  (p,O    )  Si 30   2.09680E-08                      W 186  (p,O    )  Si 31   1.83610E-08
    W 186  (p,O    )  Si 32   1.66420E-08                      W 186  (p,O    )  P  31   1.83800E-08
    W 186  (p,O    )  P  32   1.74920E-08                      W 186  (p,O    )  P  33   2.80190E-08
    W 186  (p,O    )  P  34   1.57040E-08                      W 186  (p,O    )  P  35   1.66230E-08
    W 186  (p,O    )  P  36   1.21700E-08                      W 186  (p,O    )  S  32   8.73000E-09
    W 186  (p,O    )  S  33   1.91990E-08                      W 186  (p,O    )  S  34   2.62440E-08
    W 186  (p,O    )  S  35   2.62130E-08                      W 186  (p,O    )  S  36   1.74920E-08
    W 186  (p,O    )  S  37   2.00950E-08                      W 186  (p,O    )  S  38   1.48660E-08
    W 186  (p,O    )  S  39   8.73000E-09                      W 186  (p,O    )  Cl 35   1.57230E-08
    W 186  (p,O    )  Cl 36   3.31840E-08                      W 186  (p,O    )  Cl 37   3.66790E-08
    W 186  (p,O    )  Cl 38   2.96960E-08                      W 186  (p,O    )  Cl 39   1.83420E-08
    W 186  (p,O    )  Cl 40   1.22200E-08                      W 186  (p,O    )  Cl 41   8.73990E-09
    W 186  (p,O    )  Ar 36   8.73000E-09                      W 186  (p,O    )  Ar 37   1.30970E-08
    W 186  (p,O    )  Ar 38   3.40720E-08                      W 186  (p,O    )  Ar 39   3.66350E-08
    W 186  (p,O    )  Ar 40   3.67280E-08                      W 186  (p,O    )  Ar 41   1.65920E-08
    W 186  (p,O    )  Ar 42   1.92300E-08                      W 186  (p,O    )  Ar 43   9.61840E-09
    W 186  (p,O    )  Ar 44   8.69000E-09                      W 186  (p,O    )  K  39   1.31280E-08
    W 186  (p,O    )  K  40   3.93360E-08                      W 186  (p,O    )  K  41   4.62860E-08
    W 186  (p,O    )  K  42   5.06690E-08                      W 186  (p,O    )  K  43   3.93030E-08
    W 186  (p,O    )  K  44   1.91870E-08                      W 186  (p,O    )  K  45   1.39850E-08
    W 186  (p,O    )  Ca 41   1.31280E-08                      W 186  (p,O    )  Ca 42   2.97080E-08
    W 186  (p,O    )  Ca 43   6.20470E-08                      W 186  (p,O    )  Ca 44   5.50570E-08
    W 186  (p,O    )  Ca 45   4.54480E-08                      W 186  (p,O    )  Ca 46   2.35560E-08
    W 186  (p,O    )  Ca 47   2.35820E-08                      W 186  (p,O    )  Ca 48   8.73000E-09
    W 186  (p,O    )  Sc 43   1.26800E-08                      W 186  (p,O    )  Sc 44   3.05890E-08
    W 186  (p,O    )  Sc 45   5.41760E-08                      W 186  (p,O    )  Sc 46   5.59510E-08
    W 186  (p,O    )  Sc 47   5.59140E-08                      W 186  (p,O    )  Sc 48   4.89310E-08
    W 186  (p,O    )  Sc 49   2.62200E-08                      W 186  (p,O    )  Sc 50   1.57200E-08
    W 186  (p,O    )  Sc 51   1.04800E-08                      W 186  (p,O    )  Ti 45   1.04000E-08
    W 186  (p,O    )  Ti 46   3.05890E-08                      W 186  (p,O    )  Ti 47   5.67830E-08
    W 186  (p,O    )  Ti 48   6.55230E-08                      W 186  (p,O    )  Ti 49   7.25860E-08
    W 186  (p,O    )  Ti 50   5.24000E-08                      W 186  (p,O    )  Ti 51   3.75600E-08
    W 186  (p,O    )  Ti 52   1.22350E-08                      W 186  (p,O    )  Ti 53   1.04900E-08
    W 186  (p,O    )  V  48   2.09680E-08                      W 186  (p,O    )  V  49   4.72050E-08
    W 186  (p,O    )  V  50   7.77510E-08                      W 186  (p,O    )  V  51   7.68700E-08
    W 186  (p,O    )  V  52   7.51250E-08                      W 186  (p,O    )  V  53   4.36980E-08
    W 186  (p,O    )  V  54   2.70700E-08                      W 186  (p,O    )  V  55   1.39400E-08
    W 186  (p,O    )  Cr 50   3.49530E-08                      W 186  (p,O    )  Cr 51   5.25250E-08
    W 186  (p,O    )  Cr 52   7.43430E-08                      W 186  (p,O    )  Cr 53   9.34550E-08
    W 186  (p,O    )  Cr 54   8.12150E-08                      W 186  (p,O    )  Cr 55   6.20470E-08
    W 186  (p,O    )  Cr 56   3.50210E-08                      W 186  (p,O    )  Cr 57   1.48910E-08
    W 186  (p,O    )  Cr 58   1.20800E-08                      W 186  (p,O    )  Mn 52   1.74920E-08
    W 186  (p,O    )  Mn 53   4.45050E-08                      W 186  (p,O    )  Mn 54   9.52310E-08
    W 186  (p,O    )  Mn 55   1.04070E-07                      W 186  (p,O    )  Mn 56   1.07600E-07
    W 186  (p,O    )  Mn 57   7.69120E-08                      W 186  (p,O    )  Mn 58   4.45670E-08
    W 186  (p,O    )  Mn 59   2.62010E-08                      W 186  (p,O    )  Mn 60   1.92600E-08
    W 186  (p,O    )  Mn 61   8.18000E-09                      W 186  (p,O    )  Fe 54   1.92370E-08
    W 186  (p,O    )  Fe 55   4.37300E-08                      W 186  (p,O    )  Fe 56   5.85590E-08
    W 186  (p,O    )  Fe 57   1.21520E-07                      W 186  (p,O    )  Fe 58   1.06560E-07
    W 186  (p,O    )  Fe 59   8.92280E-08                      W 186  (p,O    )  Fe 60   6.98070E-08
    W 186  (p,O    )  Fe 61   4.63420E-08                      W 186  (p,O    )  Fe 62   1.66230E-08
    W 186  (p,O    )  Fe 63   8.73000E-09                      W 186  (p,O    )  Co 56   1.74800E-08
    W 186  (p,O    )  Co 57   3.32330E-08                      W 186  (p,O    )  Co 58   8.30150E-08
    W 186  (p,O    )  Co 59   1.18020E-07                      W 186  (p,O    )  Co 60   1.23220E-07
    W 186  (p,O    )  Co 61   1.12810E-07                      W 186  (p,O    )  Co 62   9.08550E-08
    W 186  (p,O    )  Co 63   5.67950E-08                      W 186  (p,O    )  Co 64   3.15140E-08
    W 186  (p,O    )  Co 65   1.52990E-08                      W 186  (p,O    )  Ni 58   1.34010E-08
    W 186  (p,O    )  Ni 59   3.05890E-08                      W 186  (p,O    )  Ni 60   7.25370E-08
    W 186  (p,O    )  Ni 61   1.21420E-07                      W 186  (p,O    )  Ni 62   1.51230E-07
    W 186  (p,O    )  Ni 63   1.31960E-07                      W 186  (p,O    )  Ni 64   1.05810E-07
    W 186  (p,O    )  Ni 65   6.91100E-08                      W 186  (p,O    )  Ni 66   3.24070E-08
    W 186  (p,O    )  Ni 67   1.83680E-08                      W 186  (p,O    )  Ni 68   1.92100E-08
    W 186  (p,O    )  Cu 60   1.39400E-08                      W 186  (p,O    )  Cu 61   2.18440E-08
    W 186  (p,O    )  Cu 62   5.94210E-08                      W 186  (p,O    )  Cu 63   1.11820E-07
    W 186  (p,O    )  Cu 64   1.59000E-07                      W 186  (p,O    )  Cu 65   1.43300E-07
    W 186  (p,O    )  Cu 66   1.15370E-07                      W 186  (p,O    )  Cu 67   8.56410E-08
    W 186  (p,O    )  Cu 68   4.81040E-08                      W 186  (p,O    )  Cu 69   2.18750E-08
    W 186  (p,O    )  Cu 70   1.31130E-08                      W 186  (p,O    )  Cu 71   8.50000E-09
    W 186  (p,O    )  Zn 63   1.48230E-08                      W 186  (p,O    )  Zn 64   6.72490E-08
    W 186  (p,O    )  Zn 65   1.11820E-07                      W 186  (p,O    )  Zn 66   1.42410E-07
    W 186  (p,O    )  Zn 67   1.46760E-07                      W 186  (p,O    )  Zn 68   1.65310E-07
    W 186  (p,O    )  Zn 69   9.00350E-08                      W 186  (p,O    )  Zn 70   7.43050E-08
    W 186  (p,O    )  Zn 71   3.22960E-08                      W 186  (p,O    )  Zn 72   8.73000E-09
    W 186  (p,O    )  Zn 73   8.71000E-09                      W 186  (p,O    )  Ga 65   1.39730E-08
    W 186  (p,O    )  Ga 66   4.28540E-08                      W 186  (p,O    )  Ga 67   1.09330E-07
    W 186  (p,O    )  Ga 68   1.45080E-07                      W 186  (p,O    )  Ga 69   1.68670E-07
    W 186  (p,O    )  Ga 70   1.45110E-07                      W 186  (p,O    )  Ga 71   1.32830E-07
    W 186  (p,O    )  Ga 72   1.11850E-07                      W 186  (p,O    )  Ga 73   5.41380E-08
    W 186  (p,O    )  Ga 74   1.74920E-08                      W 186  (p,O    )  Ga 75   1.13590E-08
    W 186  (p,O    )  Ga 76   8.18000E-09                      W 186  (p,O    )  Ge 67   1.04800E-08
    W 186  (p,O    )  Ge 68   3.41140E-08                      W 186  (p,O    )  Ge 69   7.25740E-08
    W 186  (p,O    )  Ge 70   1.22310E-07                      W 186  (p,O    )  Ge 71   1.79280E-07
    W 186  (p,O    )  Ge 72   1.69700E-07                      W 186  (p,O    )  Ge 73   1.56400E-07
    W 186  (p,O    )  Ge 74   9.35420E-08                      W 186  (p,O    )  Ge 75   6.72420E-08
    W 186  (p,O    )  Ge 76   3.32830E-08                      W 186  (p,O    )  Ge 77   1.57350E-08
    W 186  (p,O    )  Ge 78   8.73990E-09                      W 186  (p,O    )  As 69   1.04800E-08
    W 186  (p,O    )  As 70   3.14270E-08                      W 186  (p,O    )  As 71   7.95200E-08
    W 186  (p,O    )  As 72   1.17990E-07                      W 186  (p,O    )  As 73   1.53940E-07
    W 186  (p,O    )  As 74   1.84390E-07                      W 186  (p,O    )  As 75   1.74810E-07
    W 186  (p,O    )  As 76   1.37270E-07                      W 186  (p,O    )  As 77   9.96560E-08
    W 186  (p,O    )  As 78   3.23150E-08                      W 186  (p,O    )  As 79   1.74730E-08
    W 186  (p,O    )  As 80   1.04800E-08                      W 186  (p,O    )  Se 72   2.35750E-08
    W 186  (p,O    )  Se 73   4.01980E-08                      W 186  (p,O    )  Se 74   1.00640E-07
    W 186  (p,O    )  Se 75   1.55670E-07                      W 186  (p,O    )  Se 76   1.87110E-07
    W 186  (p,O    )  Se 77   1.67850E-07                      W 186  (p,O    )  Se 78   1.18020E-07
    W 186  (p,O    )  Se 79   9.01580E-08                      W 186  (p,O    )  Se 80   4.98300E-08
    W 186  (p,O    )  Se 81   2.70390E-08                      W 186  (p,O    )  Se 82   1.22350E-08
    W 186  (p,O    )  Se 83   1.03800E-08                      W 186  (p,O    )  Br 74   1.83680E-08
    W 186  (p,O    )  Br 75   4.81040E-08                      W 186  (p,O    )  Br 76   8.13380E-08
    W 186  (p,O    )  Br 77   1.59180E-07                      W 186  (p,O    )  Br 78   1.81750E-07
    W 186  (p,O    )  Br 79   1.79980E-07                      W 186  (p,O    )  Br 80   1.66180E-07
    W 186  (p,O    )  Br 81   1.06700E-07                      W 186  (p,O    )  Br 82   6.47530E-08
    W 186  (p,O    )  Br 83   2.79700E-08                      W 186  (p,O    )  Br 84   1.92670E-08
    W 186  (p,O    )  Br 85   8.63000E-09                      W 186  (p,O    )  Br 86   9.91000E-09
    W 186  (p,O    )  Kr 76   1.30970E-08                      W 186  (p,O    )  Kr 77   3.84600E-08
    W 186  (p,O    )  Kr 78   7.68820E-08                      W 186  (p,O    )  Kr 79   1.29340E-07
    W 186  (p,O    )  Kr 80   1.78330E-07                      W 186  (p,O    )  Kr 81   1.94020E-07
    W 186  (p,O    )  Kr 82   1.65100E-07                      W 186  (p,O    )  Kr 83   1.16240E-07
    W 186  (p,O    )  Kr 84   9.70610E-08                      W 186  (p,O    )  Kr 85   4.80240E-08
    W 186  (p,O    )  Kr 86   2.00800E-08                      W 186  (p,O    )  Kr 87   9.17790E-09
    W 186  (p,O    )  Kr 88   8.08000E-09                      W 186  (p,O    )  Rb 79   3.57770E-08
    W 186  (p,O    )  Rb 80   5.76520E-08                      W 186  (p,O    )  Rb 81   1.19830E-07
    W 186  (p,O    )  Rb 82   1.47720E-07                      W 186  (p,O    )  Rb 83   1.79310E-07
    W 186  (p,O    )  Rb 84   1.52980E-07                      W 186  (p,O    )  Rb 85   1.24060E-07
    W 186  (p,O    )  Rb 86   8.65210E-08                      W 186  (p,O    )  Rb 87   4.81040E-08
    W 186  (p,O    )  Rb 88   2.79700E-08                      W 186  (p,O    )  Rb 89   1.57730E-08
    W 186  (p,O    )  Rb 90   8.73990E-09                      W 186  (p,O    )  Sr 81   2.35940E-08
    W 186  (p,O    )  Sr 82   4.45480E-08                      W 186  (p,O    )  Sr 83   9.78260E-08
    W 186  (p,O    )  Sr 84   1.37260E-07                      W 186  (p,O    )  Sr 85   1.48560E-07
    W 186  (p,O    )  Sr 86   1.55560E-07                      W 186  (p,O    )  Sr 87   1.47730E-07
    W 186  (p,O    )  Sr 88   9.79180E-08                      W 186  (p,O    )  Sr 89   4.81060E-08
    W 186  (p,O    )  Sr 90   3.49830E-08                      W 186  (p,O    )  Sr 91   9.60900E-09
    W 186  (p,O    )  Sr 92   8.65000E-09                      W 186  (p,O    )  Y  83   1.74990E-08
    W 186  (p,O    )  Y  84   3.84790E-08                      W 186  (p,O    )  Y  85   7.34060E-08
    W 186  (p,O    )  Y  86   1.25870E-07                      W 186  (p,O    )  Y  87   1.42440E-07
    W 186  (p,O    )  Y  88   1.66850E-07                      W 186  (p,O    )  Y  89   1.42490E-07
    W 186  (p,O    )  Y  90   9.43990E-08                      W 186  (p,O    )  Y  91   6.73040E-08
    W 186  (p,O    )  Y  92   3.75670E-08                      W 186  (p,O    )  Y  93   1.57040E-08
    W 186  (p,O    )  Y  94   1.39400E-08                      W 186  (p,O    )  Zr 85   1.10700E-08
    W 186  (p,O    )  Zr 86   1.92180E-08                      W 186  (p,O    )  Zr 87   6.29280E-08
    W 186  (p,O    )  Zr 88   6.81180E-08                      W 186  (p,O    )  Zr 89   1.23280E-07
    W 186  (p,O    )  Zr 90   1.54690E-07                      W 186  (p,O    )  Zr 91   1.47680E-07
    W 186  (p,O    )  Zr 92   1.05800E-07                      W 186  (p,O    )  Zr 93   8.47830E-08
    W 186  (p,O    )  Zr 94   3.84970E-08                      W 186  (p,O    )  Zr 95   2.53440E-08
    W 186  (p,O    )  Zr 96   1.22200E-08                      W 186  (p,O    )  Zr 97   8.58000E-09
    W 186  (p,O    )  Zr 98   1.19000E-08                      W 186  (p,O    )  Nb 88   2.01060E-08
    W 186  (p,O    )  Nb 89   3.66980E-08                      W 186  (p,O    )  Nb 90   8.30760E-08
    W 186  (p,O    )  Nb 91   1.21420E-07                      W 186  (p,O    )  Nb 92   1.52900E-07
    W 186  (p,O    )  Nb 93   1.19870E-07                      W 186  (p,O    )  Nb 94   1.22410E-07
    W 186  (p,O    )  Nb 95   6.90670E-08                      W 186  (p,O    )  Nb 96   4.63680E-08
    W 186  (p,O    )  Nb 97   2.87890E-08                      W 186  (p,O    )  Nb 98   1.74920E-08
    W 186  (p,O    )  Nb 99   8.67000E-09                      W 186  (p,O    )  Mo 90   1.57230E-08
    W 186  (p,O    )  Mo 91   2.62200E-08                      W 186  (p,O    )  Mo 92   5.94090E-08
    W 186  (p,O    )  Mo 93   8.73910E-08                      W 186  (p,O    )  Mo 94   1.08360E-07
    W 186  (p,O    )  Mo 95   1.26640E-07                      W 186  (p,O    )  Mo 96   1.14510E-07
    W 186  (p,O    )  Mo 97   8.03580E-08                      W 186  (p,O    )  Mo 98   4.89500E-08
    W 186  (p,O    )  Mo 99   3.75910E-08                      W 186  (p,O    )  Mo100   1.74990E-08
    W 186  (p,O    )  Mo101   1.15800E-08                      W 186  (p,O    )  Mo102   8.08000E-09
    W 186  (p,O    )  Tc 93   2.53130E-08                      W 186  (p,O    )  Tc 94   4.98490E-08
    W 186  (p,O    )  Tc 95   8.56590E-08                      W 186  (p,O    )  Tc 96   9.26730E-08
    W 186  (p,O    )  Tc 97   1.03930E-07                      W 186  (p,O    )  Tc 98   1.08350E-07
    W 186  (p,O    )  Tc 99   7.25250E-08                      W 186  (p,O    )  Tc100   5.85710E-08
    W 186  (p,O    )  Tc101   3.15070E-08                      W 186  (p,O    )  Tc102   1.66230E-08
    W 186  (p,O    )  Tc103   1.09280E-08                      W 186  (p,O    )  Tc104   8.58000E-09
    W 186  (p,O    )  Ru 94   8.71000E-09                      W 186  (p,O    )  Ru 95   2.05320E-08
    W 186  (p,O    )  Ru 96   3.40910E-08                      W 186  (p,O    )  Ru 97   6.03390E-08
    W 186  (p,O    )  Ru 98   6.73600E-08                      W 186  (p,O    )  Ru 99   9.87990E-08
    W 186  (p,O    )  Ru100   1.02220E-07                      W 186  (p,O    )  Ru101   7.25740E-08
    W 186  (p,O    )  Ru102   5.67950E-08                      W 186  (p,O    )  Ru103   2.87890E-08
    W 186  (p,O    )  Ru104   2.09870E-08                      W 186  (p,O    )  Ru105   8.73990E-09
    W 186  (p,O    )  Ru106   1.15600E-08                      W 186  (p,O    )  Rh 97   1.17990E-08
    W 186  (p,O    )  Rh 98   2.35940E-08                      W 186  (p,O    )  Rh 99   4.37240E-08
    W 186  (p,O    )  Rh100   6.12200E-08                      W 186  (p,O    )  Rh101   8.03090E-08
    W 186  (p,O    )  Rh102   7.43550E-08                      W 186  (p,O    )  Rh103   7.43120E-08
    W 186  (p,O    )  Rh104   6.46420E-08                      W 186  (p,O    )  Rh105   4.02170E-08
    W 186  (p,O    )  Rh106   2.18980E-08                      W 186  (p,O    )  Rh107   1.22350E-08
    W 186  (p,O    )  Rh108   8.69000E-09                      W 186  (p,O    )  Pd 99   1.21700E-08
    W 186  (p,O    )  Pd100   1.92230E-08                      W 186  (p,O    )  Pd101   3.32150E-08
    W 186  (p,O    )  Pd102   5.33190E-08                      W 186  (p,O    )  Pd103   6.46840E-08
    W 186  (p,O    )  Pd104   5.51060E-08                      W 186  (p,O    )  Pd105   6.82600E-08
    W 186  (p,O    )  Pd106   5.42820E-08                      W 186  (p,O    )  Pd107   3.58530E-08
    W 186  (p,O    )  Pd108   2.44630E-08                      W 186  (p,O    )  Pd109   1.30970E-08
    W 186  (p,O    )  Pd110   1.22000E-08                      W 186  (p,O    )  Ag102   1.04780E-08
    W 186  (p,O    )  Ag103   3.67400E-08                      W 186  (p,O    )  Ag104   3.75340E-08
    W 186  (p,O    )  Ag105   6.64230E-08                      W 186  (p,O    )  Ag106   6.20960E-08
    W 186  (p,O    )  Ag107   4.98300E-08                      W 186  (p,O    )  Ag108   5.07180E-08
    W 186  (p,O    )  Ag109   3.32220E-08                      W 186  (p,O    )  Ag110   2.09680E-08
    W 186  (p,O    )  Ag111   1.04970E-08                      W 186  (p,O    )  Ag112   9.35910E-09
    W 186  (p,O    )  Cd105   2.17940E-08                      W 186  (p,O    )  Cd106   2.18180E-08
    W 186  (p,O    )  Cd107   4.63610E-08                      W 186  (p,O    )  Cd108   4.80310E-08
    W 186  (p,O    )  Cd109   5.76640E-08                      W 186  (p,O    )  Cd110   4.54050E-08
    W 186  (p,O    )  Cd111   2.88510E-08                      W 186  (p,O    )  Cd112   1.31350E-08
    W 186  (p,O    )  Cd113   1.74990E-08                      W 186  (p,O    )  Cd114   1.22000E-08
    W 186  (p,O    )  Cd115   1.39400E-08                      W 186  (p,O    )  In106   8.73000E-09
    W 186  (p,O    )  In107   1.39000E-08                      W 186  (p,O    )  In108   1.92110E-08
    W 186  (p,O    )  In109   3.93360E-08                      W 186  (p,O    )  In110   5.24000E-08
    W 186  (p,O    )  In111   4.54800E-08                      W 186  (p,O    )  In112   5.06620E-08
    W 186  (p,O    )  In113   3.40840E-08                      W 186  (p,O    )  In114   2.79890E-08
    W 186  (p,O    )  In115   1.66040E-08                      W 186  (p,O    )  In116   8.73990E-09
    W 186  (p,O    )  In117   8.73000E-09                      W 186  (p,O    )  Sn109   1.04780E-08
    W 186  (p,O    )  Sn110   1.31280E-08                      W 186  (p,O    )  Sn111   1.66300E-08
    W 186  (p,O    )  Sn112   4.45670E-08                      W 186  (p,O    )  Sn113   3.84600E-08
    W 186  (p,O    )  Sn114   4.01600E-08                      W 186  (p,O    )  Sn115   3.14950E-08
    W 186  (p,O    )  Sn116   1.74920E-08                      W 186  (p,O    )  Sn117   2.09500E-08
    W 186  (p,O    )  Sn118   1.04800E-08                      W 186  (p,O    )  Sn119   8.00000E-09
    W 186  (p,O    )  Sb112   1.30970E-08                      W 186  (p,O    )  Sb113   2.10290E-08
    W 186  (p,O    )  Sb114   2.71380E-08                      W 186  (p,O    )  Sb115   3.40410E-08
    W 186  (p,O    )  Sb116   4.01300E-08                      W 186  (p,O    )  Sb117   2.18250E-08
    W 186  (p,O    )  Sb118   1.48850E-08                      W 186  (p,O    )  Sb119   1.13470E-08
    W 186  (p,O    )  Sb120   1.20730E-08                      W 186  (p,O    )  Sb121   1.02000E-08
    W 186  (p,O    )  Te114   1.22200E-08                      W 186  (p,O    )  Te115   1.56920E-08
    W 186  (p,O    )  Te116   2.88200E-08                      W 186  (p,O    )  Te117   3.14010E-08
    W 186  (p,O    )  Te118   4.28540E-08                      W 186  (p,O    )  Te119   2.62440E-08
    W 186  (p,O    )  Te120   2.36060E-08                      W 186  (p,O    )  Te121   1.65920E-08
    W 186  (p,O    )  Te122   1.74800E-08                      W 186  (p,O    )  Te123   1.20800E-08
    W 186  (p,O    )  I 116   8.73000E-09                      W 186  (p,O    )  I 117   1.57350E-08
    W 186  (p,O    )  I 118   2.44440E-08                      W 186  (p,O    )  I 119   4.27860E-08
    W 186  (p,O    )  I 120   4.80620E-08                      W 186  (p,O    )  I 121   4.27490E-08
    W 186  (p,O    )  I 122   4.10720E-08                      W 186  (p,O    )  I 123   2.75180E-08
    W 186  (p,O    )  I 124   1.13590E-08                      W 186  (p,O    )  I 125   1.22360E-08
    W 186  (p,O    )  I 126   1.04800E-08                      W 186  (p,O    )  Xe119   2.97390E-08
    W 186  (p,O    )  Xe120   2.79270E-08                      W 186  (p,O    )  Xe121   5.58640E-08
    W 186  (p,O    )  Xe122   6.54120E-08                      W 186  (p,O    )  Xe123   7.07800E-08
    W 186  (p,O    )  Xe124   6.28540E-08                      W 186  (p,O    )  Xe125   4.79930E-08
    W 186  (p,O    )  Xe126   3.49720E-08                      W 186  (p,O    )  Xe127   2.00870E-08
    W 186  (p,O    )  Xe128   8.73990E-09                      W 186  (p,O    )  Cs121   2.09870E-08
    W 186  (p,O    )  Cs122   5.50330E-08                      W 186  (p,O    )  Cs123   9.17050E-08
    W 186  (p,O    )  Cs124   1.18770E-07                      W 186  (p,O    )  Cs125   1.23200E-07
    W 186  (p,O    )  Cs126   1.23900E-07                      W 186  (p,O    )  Cs127   8.20960E-08
    W 186  (p,O    )  Cs128   6.11280E-08                      W 186  (p,O    )  Cs129   4.54050E-08
    W 186  (p,O    )  Cs130   2.62200E-08                      W 186  (p,O    )  Cs131   1.48570E-08
    W 186  (p,O    )  Ba122   1.02700E-08                      W 186  (p,O    )  Ba123   4.26990E-08
    W 186  (p,O    )  Ba124   9.60010E-08                      W 186  (p,O    )  Ba125   1.47720E-07
    W 186  (p,O    )  Ba126   1.99150E-07                      W 186  (p,O    )  Ba127   2.27230E-07
    W 186  (p,O    )  Ba128   2.08780E-07                      W 186  (p,O    )  Ba129   1.97480E-07
    W 186  (p,O    )  Ba130   1.31930E-07                      W 186  (p,O    )  Ba131   8.03770E-08
    W 186  (p,O    )  Ba132   5.85020E-08                      W 186  (p,O    )  Ba133   2.70890E-08
    W 186  (p,O    )  Ba134   1.04900E-08                      W 186  (p,O    )  La125   4.36060E-08
    W 186  (p,O    )  La126   1.30150E-07                      W 186  (p,O    )  La127   2.27100E-07
    W 186  (p,O    )  La128   3.14890E-07                      W 186  (p,O    )  La129   4.09770E-07
    W 186  (p,O    )  La130   4.23540E-07                      W 186  (p,O    )  La131   4.01140E-07
    W 186  (p,O    )  La132   2.74360E-07                      W 186  (p,O    )  La133   1.85170E-07
    W 186  (p,O    )  La134   1.11060E-07                      W 186  (p,O    )  La135   5.94510E-08
    W 186  (p,O    )  La136   2.96770E-08                      W 186  (p,O    )  La137   1.91990E-08
    W 186  (p,O    )  Ce126   1.22160E-08                      W 186  (p,O    )  Ce127   6.11280E-08
    W 186  (p,O    )  Ce128   1.47500E-07                      W 186  (p,O    )  Ce129   3.41310E-07
    W 186  (p,O    )  Ce130   5.39670E-07                      W 186  (p,O    )  Ce131   7.02290E-07
    W 186  (p,O    )  Ce132   7.63530E-07                      W 186  (p,O    )  Ce133   7.46150E-07
    W 186  (p,O    )  Ce134   6.07200E-07                      W 186  (p,O    )  Ce135   3.92080E-07
    W 186  (p,O    )  Ce136   2.43700E-07                      W 186  (p,O    )  Ce137   1.38040E-07
    W 186  (p,O    )  Ce138   6.54920E-08                      W 186  (p,O    )  Ce139   3.66910E-08
    W 186  (p,O    )  Ce140   1.66230E-08                      W 186  (p,O    )  Pr128   1.13590E-08
    W 186  (p,O    )  Pr129   6.02470E-08                      W 186  (p,O    )  Pr130   1.83430E-07
    W 186  (p,O    )  Pr131   4.54840E-07                      W 186  (p,O    )  Pr132   7.48520E-07
    W 186  (p,O    )  Pr133   1.07130E-06                      W 186  (p,O    )  Pr134   1.23440E-06
    W 186  (p,O    )  Pr135   1.22330E-06                      W 186  (p,O    )  Pr136   1.07360E-06
    W 186  (p,O    )  Pr137   7.72380E-07                      W 186  (p,O    )  Pr138   5.35630E-07
    W 186  (p,O    )  Pr139   3.29420E-07                      W 186  (p,O    )  Pr140   1.80090E-07
    W 186  (p,O    )  Pr141   6.64600E-08                      W 186  (p,O    )  Pr142   3.93290E-08
    W 186  (p,O    )  Pr143   2.36060E-08                      W 186  (p,O    )  Nd131   4.97620E-08
    W 186  (p,O    )  Nd132   2.13070E-07                      W 186  (p,O    )  Nd133   5.39910E-07
    W 186  (p,O    )  Nd134   1.03430E-06                      W 186  (p,O    )  Nd135   1.54870E-06
    W 186  (p,O    )  Nd136   1.93640E-06                      W 186  (p,O    )  Nd137   2.01380E-06
    W 186  (p,O    )  Nd138   1.74940E-06                      W 186  (p,O    )  Nd139   1.37610E-06
    W 186  (p,O    )  Nd140   1.00090E-06                      W 186  (p,O    )  Nd141   6.02040E-07
    W 186  (p,O    )  Nd142   3.77720E-07                      W 186  (p,O    )  Nd143   1.93050E-07
    W 186  (p,O    )  Nd144   8.56520E-08                      W 186  (p,O    )  Nd145   5.33560E-08
    W 186  (p,O    )  Nd146   1.65730E-08                      W 186  (p,O    )  Nd147   1.39730E-08
    W 186  (p,O    )  Pm133   5.94090E-08                      W 186  (p,O    )  Pm134   2.04410E-07
    W 186  (p,O    )  Pm135   6.20310E-07                      W 186  (p,O    )  Pm136   1.23700E-06
    W 186  (p,O    )  Pm137   1.98770E-06                      W 186  (p,O    )  Pm138   2.64530E-06
    W 186  (p,O    )  Pm139   3.03200E-06                      W 186  (p,O    )  Pm140   2.86980E-06
    W 186  (p,O    )  Pm141   2.39410E-06                      W 186  (p,O    )  Pm142   1.77710E-06
    W 186  (p,O    )  Pm143   1.23540E-06                      W 186  (p,O    )  Pm144   7.07030E-07
    W 186  (p,O    )  Pm145   3.90600E-07                      W 186  (p,O    )  Pm146   2.07150E-07
    W 186  (p,O    )  Pm147   1.06650E-07                      W 186  (p,O    )  Pm148   5.07110E-08
    W 186  (p,O    )  Pm149   1.48420E-08                      W 186  (p,O    )  Pm150   8.71000E-09
    W 186  (p,O    )  Sm135   3.23030E-08                      W 186  (p,O    )  Sm136   1.86900E-07
    W 186  (p,O    )  Sm137   5.53850E-07                      W 186  (p,O    )  Sm138   1.37240E-06
    W 186  (p,O    )  Sm139   2.34820E-06                      W 186  (p,O    )  Sm140   3.42910E-06
    W 186  (p,O    )  Sm141   4.13830E-06                      W 186  (p,O    )  Sm142   4.17290E-06
    W 186  (p,O    )  Sm143   3.81260E-06                      W 186  (p,O    )  Sm144   2.91110E-06
    W 186  (p,O    )  Sm145   2.08920E-06                      W 186  (p,O    )  Sm146   1.32640E-06
    W 186  (p,O    )  Sm147   7.98080E-07                      W 186  (p,O    )  Sm148   4.50010E-07
    W 186  (p,O    )  Sm149   2.07150E-07                      W 186  (p,O    )  Sm150   1.04870E-07
    W 186  (p,O    )  Sm151   4.54550E-08                      W 186  (p,O    )  Sm152   2.88510E-08
    W 186  (p,O    )  Sm153   2.02190E-08                      W 186  (p,O    )  Eu137   2.53200E-08
    W 186  (p,O    )  Eu138   1.44130E-07                      W 186  (p,O    )  Eu139   5.17310E-07
    W 186  (p,O    )  Eu140   1.35040E-06                      W 186  (p,O    )  Eu141   2.61330E-06
    W 186  (p,O    )  Eu142   4.19700E-06                      W 186  (p,O    )  Eu143   5.09460E-06
    W 186  (p,O    )  Eu144   5.73590E-06                      W 186  (p,O    )  Eu145   5.33820E-06
    W 186  (p,O    )  Eu146   4.54700E-06                      W 186  (p,O    )  Eu147   3.39900E-06
    W 186  (p,O    )  Eu148   2.39640E-06                      W 186  (p,O    )  Eu149   1.46380E-06
    W 186  (p,O    )  Eu150   8.83760E-07                      W 186  (p,O    )  Eu151   5.09610E-07
    W 186  (p,O    )  Eu152   2.42850E-07                      W 186  (p,O    )  Eu153   1.33650E-07
    W 186  (p,O    )  Eu154   6.99110E-08                      W 186  (p,O    )  Eu155   3.32220E-08
    W 186  (p,O    )  Eu156   1.39780E-08                      W 186  (p,O    )  Eu157   8.73000E-09
    W 186  (p,O    )  Gd140   1.03050E-07                      W 186  (p,O    )  Gd141   4.46440E-07
    W 186  (p,O    )  Gd142   1.30640E-06                      W 186  (p,O    )  Gd143   2.59870E-06
    W 186  (p,O    )  Gd144   4.33950E-06                      W 186  (p,O    )  Gd145   6.03560E-06
    W 186  (p,O    )  Gd146   7.28300E-06                      W 186  (p,O    )  Gd147   7.31390E-06
    W 186  (p,O    )  Gd148   6.48530E-06                      W 186  (p,O    )  Gd149   5.42440E-06
    W 186  (p,O    )  Gd150   3.83660E-06                      W 186  (p,O    )  Gd151   2.59680E-06
    W 186  (p,O    )  Gd152   1.61430E-06                      W 186  (p,O    )  Gd153   1.01750E-06
    W 186  (p,O    )  Gd154   5.47890E-07                      W 186  (p,O    )  Gd155   2.75470E-07
    W 186  (p,O    )  Gd156   1.52190E-07                      W 186  (p,O    )  Gd157   6.20650E-08
    W 186  (p,O    )  Gd158   2.71200E-08                      W 186  (p,O    )  Gd159   1.40040E-08
    W 186  (p,O    )  Gd160   1.04500E-08                      W 186  (p,O    )  Tb141   1.22200E-08
    W 186  (p,O    )  Tb142   4.98750E-08                      W 186  (p,O    )  Tb143   3.00640E-07
    W 186  (p,O    )  Tb144   1.02680E-06                      W 186  (p,O    )  Tb145   2.44410E-06
    W 186  (p,O    )  Tb146   4.53650E-06                      W 186  (p,O    )  Tb147   6.57630E-06
    W 186  (p,O    )  Tb148   8.34150E-06                      W 186  (p,O    )  Tb149   9.17110E-06
    W 186  (p,O    )  Tb150   8.74400E-06                      W 186  (p,O    )  Tb151   7.48370E-06
    W 186  (p,O    )  Tb152   5.79710E-06                      W 186  (p,O    )  Tb153   4.29930E-06
    W 186  (p,O    )  Tb154   2.89110E-06                      W 186  (p,O    )  Tb155   1.82420E-06
    W 186  (p,O    )  Tb156   1.03660E-06                      W 186  (p,O    )  Tb157   5.72500E-07
    W 186  (p,O    )  Tb158   3.26060E-07                      W 186  (p,O    )  Tb159   1.75610E-07
    W 186  (p,O    )  Tb160   8.66390E-08                      W 186  (p,O    )  Tb161   4.63360E-08
    W 186  (p,O    )  Tb162   2.18370E-08                      W 186  (p,O    )  Tb163   1.22490E-08
    W 186  (p,O    )  Tb164   9.62090E-09                      W 186  (p,O    )  Tb165   8.69000E-09
    W 186  (p,O    )  Dy144   1.65920E-08                      W 186  (p,O    )  Dy145   1.91420E-07
    W 186  (p,O    )  Dy146   7.62350E-07                      W 186  (p,O    )  Dy147   2.00920E-06
    W 186  (p,O    )  Dy148   3.96140E-06                      W 186  (p,O    )  Dy149   6.39560E-06
    W 186  (p,O    )  Dy150   8.76880E-06                      W 186  (p,O    )  Dy151   1.03160E-05
    W 186  (p,O    )  Dy152   1.07440E-05                      W 186  (p,O    )  Dy153   9.81010E-06
    W 186  (p,O    )  Dy154   8.37990E-06                      W 186  (p,O    )  Dy155   6.43530E-06
    W 186  (p,O    )  Dy156   4.67400E-06                      W 186  (p,O    )  Dy157   3.12800E-06
    W 186  (p,O    )  Dy158   2.04450E-06                      W 186  (p,O    )  Dy159   1.24450E-06
    W 186  (p,O    )  Dy160   7.43110E-07                      W 186  (p,O    )  Dy161   4.19600E-07
    W 186  (p,O    )  Dy162   2.20240E-07                      W 186  (p,O    )  Dy163   1.18810E-07
    W 186  (p,O    )  Dy164   5.67950E-08                      W 186  (p,O    )  Dy165   3.31960E-08
    W 186  (p,O    )  Dy166   2.53370E-08                      W 186  (p,O    )  Dy167   1.13590E-08
    W 186  (p,O    )  Ho146   1.57230E-08                      W 186  (p,O    )  Ho147   9.79180E-08
    W 186  (p,O    )  Ho148   4.92770E-07                      W 186  (p,O    )  Ho149   1.43940E-06
    W 186  (p,O    )  Ho150   3.07010E-06                      W 186  (p,O    )  Ho151   5.63170E-06
    W 186  (p,O    )  Ho152   8.33460E-06                      W 186  (p,O    )  Ho153   1.06590E-05
    W 186  (p,O    )  Ho154   1.18720E-05                      W 186  (p,O    )  Ho155   1.20500E-05
    W 186  (p,O    )  Ho156   1.08940E-05                      W 186  (p,O    )  Ho157   9.05540E-06
    W 186  (p,O    )  Ho158   6.91610E-06                      W 186  (p,O    )  Ho159   5.08000E-06
    W 186  (p,O    )  Ho160   3.54850E-06                      W 186  (p,O    )  Ho161   2.30930E-06
    W 186  (p,O    )  Ho162   1.47870E-06                      W 186  (p,O    )  Ho163   8.90800E-07
    W 186  (p,O    )  Ho164   5.31350E-07                      W 186  (p,O    )  Ho165   3.09460E-07
    W 186  (p,O    )  Ho166   1.97610E-07                      W 186  (p,O    )  Ho167   1.09180E-07
    W 186  (p,O    )  Ho168   7.69500E-08                      W 186  (p,O    )  Ho169   3.05770E-08
    W 186  (p,O    )  Ho170   2.26750E-08                      W 186  (p,O    )  Ho171   1.74920E-08
    W 186  (p,O    )  Ho172   1.18040E-08                      W 186  (p,O    )  Ho173   1.39700E-08
    W 186  (p,O    )  Er148   8.71000E-09                      W 186  (p,O    )  Er149   3.58830E-08
    W 186  (p,O    )  Er150   2.62920E-07                      W 186  (p,O    )  Er151   8.91550E-07
    W 186  (p,O    )  Er152   2.28220E-06                      W 186  (p,O    )  Er153   4.36950E-06
    W 186  (p,O    )  Er154   7.13690E-06                      W 186  (p,O    )  Er155   1.00910E-05
    W 186  (p,O    )  Er156   1.21770E-05                      W 186  (p,O    )  Er157   1.32360E-05
    W 186  (p,O    )  Er158   1.31150E-05                      W 186  (p,O    )  Er159   1.18000E-05
    W 186  (p,O    )  Er160   9.55500E-06                      W 186  (p,O    )  Er161   7.51570E-06
    W 186  (p,O    )  Er162   5.65210E-06                      W 186  (p,O    )  Er163   4.05450E-06
    W 186  (p,O    )  Er164   2.77850E-06                      W 186  (p,O    )  Er165   1.86000E-06
    W 186  (p,O    )  Er166   1.20130E-06                      W 186  (p,O    )  Er167   7.81210E-07
    W 186  (p,O    )  Er168   4.63340E-07                      W 186  (p,O    )  Er169   3.22440E-07
    W 186  (p,O    )  Er170   1.84480E-07                      W 186  (p,O    )  Er171   1.22400E-07
    W 186  (p,O    )  Er172   8.91590E-08                      W 186  (p,O    )  Er173   4.54550E-08
    W 186  (p,O    )  Er174   3.31840E-08                      W 186  (p,O    )  Er175   8.73000E-09
    W 186  (p,O    )  Er176   1.04780E-08                      W 186  (p,O    )  Er177   8.73000E-09
    W 186  (p,O    )  Tm151   1.57350E-08                      W 186  (p,O    )  Tm152   1.22380E-07
    W 186  (p,O    )  Tm153   4.84250E-07                      W 186  (p,O    )  Tm154   1.44490E-06
    W 186  (p,O    )  Tm155   3.20840E-06                      W 186  (p,O    )  Tm156   5.62490E-06
    W 186  (p,O    )  Tm157   8.28980E-06                      W 186  (p,O    )  Tm158   1.11100E-05
    W 186  (p,O    )  Tm159   1.30450E-05                      W 186  (p,O    )  Tm160   1.37440E-05
    W 186  (p,O    )  Tm161   1.32610E-05                      W 186  (p,O    )  Tm162   1.22100E-05
    W 186  (p,O    )  Tm163   1.02140E-05                      W 186  (p,O    )  Tm164   8.52670E-06
    W 186  (p,O    )  Tm165   6.49130E-06                      W 186  (p,O    )  Tm166   4.89760E-06
    W 186  (p,O    )  Tm167   3.51990E-06                      W 186  (p,O    )  Tm168   2.43570E-06
    W 186  (p,O    )  Tm169   1.77450E-06                      W 186  (p,O    )  Tm170   1.15630E-06
    W 186  (p,O    )  Tm171   7.12490E-07                      W 186  (p,O    )  Tm172   5.41840E-07
    W 186  (p,O    )  Tm173   3.74830E-07                      W 186  (p,O    )  Tm174   2.57740E-07
    W 186  (p,O    )  Tm175   1.51240E-07                      W 186  (p,O    )  Tm176   9.44420E-08
    W 186  (p,O    )  Tm177   5.59940E-08                      W 186  (p,O    )  Tm178   3.66910E-08
    W 186  (p,O    )  Tm179   2.27250E-08                      W 186  (p,O    )  Tm180   1.04800E-08
    W 186  (p,O    )  Yb153   8.69000E-09                      W 186  (p,O    )  Yb154   4.89000E-08
    W 186  (p,O    )  Yb155   2.36000E-07                      W 186  (p,O    )  Yb156   7.78700E-07
    W 186  (p,O    )  Yb157   1.86530E-06                      W 186  (p,O    )  Yb158   3.81540E-06
    W 186  (p,O    )  Yb159   6.39110E-06                      W 186  (p,O    )  Yb160   9.04310E-06
    W 186  (p,O    )  Yb161   1.15760E-05                      W 186  (p,O    )  Yb162   1.36260E-05
    W 186  (p,O    )  Yb163   1.42210E-05                      W 186  (p,O    )  Yb164   1.39660E-05
    W 186  (p,O    )  Yb165   1.29270E-05                      W 186  (p,O    )  Yb166   1.14300E-05
    W 186  (p,O    )  Yb167   9.81760E-06                      W 186  (p,O    )  Yb168   7.74590E-06
    W 186  (p,O    )  Yb169   6.19150E-06                      W 186  (p,O    )  Yb170   4.66630E-06
    W 186  (p,O    )  Yb171   3.75880E-06                      W 186  (p,O    )  Yb172   2.69290E-06
    W 186  (p,O    )  Yb173   2.07790E-06                      W 186  (p,O    )  Yb174   1.48250E-06
    W 186  (p,O    )  Yb175   1.04730E-06                      W 186  (p,O    )  Yb176   7.79740E-07
    W 186  (p,O    )  Yb177   5.54940E-07                      W 186  (p,O    )  Yb178   3.29650E-07
    W 186  (p,O    )  Yb179   2.06250E-07                      W 186  (p,O    )  Yb180   1.39800E-07
    W 186  (p,O    )  Yb181   6.73040E-08                      W 186  (p,O    )  Yb182   2.35750E-08
    W 186  (p,O    )  Yb183   8.67000E-09                      W 186  (p,O    )  Lu156   1.57230E-08
    W 186  (p,O    )  Lu157   9.00850E-08                      W 186  (p,O    )  Lu158   3.74180E-07
    W 186  (p,O    )  Lu159   1.01920E-06                      W 186  (p,O    )  Lu160   2.18040E-06
    W 186  (p,O    )  Lu161   4.10600E-06                      W 186  (p,O    )  Lu162   6.32630E-06
    W 186  (p,O    )  Lu163   8.78600E-06                      W 186  (p,O    )  Lu164   1.12060E-05
    W 186  (p,O    )  Lu165   1.28620E-05                      W 186  (p,O    )  Lu166   1.37440E-05
    W 186  (p,O    )  Lu166m  3.81820E-05                      W 186  (p,O    )  Lu166n  4.07480E-06
    W 186  (p,O    )  Lu167   1.40750E-05                      W 186  (p,O    )  Lu167m  9.28520E-06
    W 186  (p,O    )  Lu168   1.32560E-05                      W 186  (p,O    )  Lu168m  3.97880E-05
    W 186  (p,O    )  Lu169   1.22060E-05                      W 186  (p,O    )  Lu169m  7.47330E-05
    W 186  (p,O    )  Lu170   1.07660E-05                      W 186  (p,O    )  Lu170m  9.40060E-05
    W 186  (p,O    )  Lu171   9.38970E-06                      W 186  (p,O    )  Lu171m  1.87710E-04
    W 186  (p,O    )  Lu172   7.83430E-06                      W 186  (p,O    )  Lu172m  7.90280E-05
    W 186  (p,O    )  Lu173   6.58440E-06                      W 186  (p,O    )  Lu174   5.45010E-06
    W 186  (p,O    )  Lu174m  9.04460E-05                      W 186  (p,O    )  Lu175   4.47960E-06
    W 186  (p,O    )  Lu176   3.56200E-06                      W 186  (p,O    )  Lu176m  7.31700E-05
    W 186  (p,O    )  Lu177   2.95210E-06                      W 186  (p,O    )  Lu177m  1.94010E-05
    W 186  (p,O    )  Lu178   2.21820E-06                      W 186  (p,O    )  Lu178m  6.43960E-05
    W 186  (p,O    )  Lu179   1.71070E-06                      W 186  (p,O    )  Lu180   1.23150E-06
    W 186  (p,O    )  Lu181   8.53930E-07                      W 186  (p,O    )  Lu182   5.09520E-07
    W 186  (p,O    )  Lu183   2.21980E-07                      W 186  (p,O    )  Lu184   3.66910E-08
    W 186  (p,O    )  Hf159   2.70820E-08                      W 186  (p,O    )  Hf160   1.48630E-07
    W 186  (p,O    )  Hf161   4.20470E-07                      W 186  (p,O    )  Hf162   1.08110E-06
    W 186  (p,O    )  Hf163   2.25540E-06                      W 186  (p,O    )  Hf164   3.89470E-06
    W 186  (p,O    )  Hf165   6.00800E-06                      W 186  (p,O    )  Hf166   8.31230E-06
    W 186  (p,O    )  Hf167   1.03490E-05                      W 186  (p,O    )  Hf168   1.20920E-05
    W 186  (p,O    )  Hf169   1.33510E-05                      W 186  (p,O    )  Hf170   1.37030E-05
    W 186  (p,O    )  Hf171   1.39190E-05                      W 186  (p,O    )  Hf171m  2.86550E-04
    W 186  (p,O    )  Hf172   1.32340E-05                      W 186  (p,O    )  Hf173   1.25700E-05
    W 186  (p,O    )  Hf174   1.19010E-05                      W 186  (p,O    )  Hf175   1.11360E-05
    W 186  (p,O    )  Hf176   1.03190E-05                      W 186  (p,O    )  Hf177   9.34300E-06
    W 186  (p,O    )  Hf177m  7.20790E-04                      W 186  (p,O    )  Hf177n  1.76470E-06
    W 186  (p,O    )  Hf178   8.53570E-06                      W 186  (p,O    )  Hf178m  5.75270E-04
    W 186  (p,O    )  Hf178n  6.64310E-05                      W 186  (p,O    )  Hf179   7.80090E-06
    W 186  (p,O    )  Hf179m  2.39430E-04                      W 186  (p,O    )  Hf179n  3.78400E-04
    W 186  (p,O    )  Hf180   6.77100E-06                      W 186  (p,O    )  Hf180m  3.53440E-04
    W 186  (p,O    )  Hf181   5.93550E-06                      W 186  (p,O    )  Hf182   5.16020E-06
    W 186  (p,O    )  Hf182m  1.31120E-04                      W 186  (p,O    )  Hf183   4.17060E-06
    W 186  (p,O    )  Hf184   2.75860E-06                      W 186  (p,O    )  Hf185   1.84490E-07
    W 186  (p,O    )  Ta161   8.73000E-09                      W 186  (p,O    )  Ta162   4.28290E-08
    W 186  (p,O    )  Ta163   1.44130E-07                      W 186  (p,O    )  Ta164   4.23950E-07
    W 186  (p,O    )  Ta165   9.90450E-07                      W 186  (p,O    )  Ta166   1.81300E-06
    W 186  (p,O    )  Ta167   3.17390E-06                      W 186  (p,O    )  Ta168   4.61180E-06
    W 186  (p,O    )  Ta169   6.31090E-06                      W 186  (p,O    )  Ta170   7.84910E-06
    W 186  (p,O    )  Ta171   9.59510E-06                      W 186  (p,O    )  Ta172   1.09530E-05
    W 186  (p,O    )  Ta173   1.18440E-05                      W 186  (p,O    )  Ta174   1.25350E-05
    W 186  (p,O    )  Ta175   1.28480E-05                      W 186  (p,O    )  Ta176   1.36220E-05
    W 186  (p,O    )  Ta177   1.40540E-05                      W 186  (p,O    )  Ta178   1.43070E-05
    W 186  (p,O    )  Ta178m  4.24500E-03                      W 186  (p,O    )  Ta179   1.48520E-05
    W 186  (p,O    )  Ta180   1.54820E-05                      W 186  (p,O    )  Ta180m  1.45030E-02
    W 186  (p,O    )  Ta181   1.66340E-05                      W 186  (p,O    )  Ta182   1.80990E-05
    W 186  (p,O    )  Ta182m  1.04120E-02                      W 186  (p,O    )  Ta182n  4.23370E-03
    W 186  (p,O    )  Ta183   2.02180E-05                      W 186  (p,O    )  Ta184   2.39320E-05
    W 186  (p,O    )  Ta185   5.70540E-05                      W 186  (p,O    )  Ta186   1.13670E-07
    W 186  (p,O    )  W 164   1.39000E-08                      W 186  (p,O    )  W 165   3.32450E-08
    W 186  (p,O    )  W 166   1.26840E-07                      W 186  (p,O    )  W 167   3.41040E-07
    W 186  (p,O    )  W 168   6.53060E-07                      W 186  (p,O    )  W 169   1.23290E-06
    W 186  (p,O    )  W 170   2.09860E-06                      W 186  (p,O    )  W 171   3.12970E-06
    W 186  (p,O    )  W 172   4.45060E-06                      W 186  (p,O    )  W 173   5.71070E-06
    W 186  (p,O    )  W 174   6.43420E-06                      W 186  (p,O    )  W 175   7.36950E-06
    W 186  (p,O    )  W 176   8.47850E-06                      W 186  (p,O    )  W 177   9.63550E-06
    W 186  (p,O    )  W 178   1.16130E-05                      W 186  (p,O    )  W 179   1.32160E-05
    W 186  (p,O    )  W 179m  3.28510E-03                      W 186  (p,O    )  W 180   1.51290E-05
    W 186  (p,O    )  W 181   1.72950E-05                      W 186  (p,O    )  W 182   2.10190E-05
    W 186  (p,O    )  W 183   2.71140E-05                      W 186  (p,O    )  W 183m  3.26750E-02
    W 186  (p,O    )  W 184   3.82390E-05                      W 186  (p,O    )  W 185   7.84220E-05
    W 186  (p,O    )  W 185m  4.30390E-02                      W 186  (p,O    )  Re167   8.67000E-09
    W 186  (p,O    )  Re167m  9.51340E-07                      W 186  (p,O    )  Re168   1.74800E-08
    W 186  (p,O    )  Re169   4.54480E-08                      W 186  (p,O    )  Re169m  3.32400E-05
    W 186  (p,O    )  Re170   1.26740E-07                      W 186  (p,O    )  Re171   2.40430E-07
    W 186  (p,O    )  Re172   4.37980E-07                      W 186  (p,O    )  Re172m  3.43970E-04
    W 186  (p,O    )  Re173   7.48420E-07                      W 186  (p,O    )  Re174   8.95970E-07
    W 186  (p,O    )  Re175   1.07940E-06                      W 186  (p,O    )  Re176   1.29700E-06
    W 186  (p,O    )  Re177   1.59540E-06                      W 186  (p,O    )  Re178   1.99840E-06
    W 186  (p,O    )  Re179   2.28670E-06                      W 186  (p,O    )  Re180   2.46100E-06
    W 186  (p,O    )  Re181   2.66870E-06                      W 186  (p,O    )  Re182   2.79900E-06
    W 186  (p,O    )  Re182m  1.54520E-03                      W 186  (p,O    )  Re183   3.07880E-06
    W 186  (p,O    )  Re184   3.25170E-06                      W 186  (p,O    )  Re184m  4.96910E-03
    W 186  (p,O    )  Re185   2.69060E-06                      W 186  (p,O    )  Re186   1.04730E-06
    W 186  (p,O    )  Re186m  1.04440E-03                      W 186  (p,O    )  Re187   4.00130E-05
    W 186  (p,O    )  Os171   1.37300E-08                      W 186  (p,O    )  Os172   1.22200E-08
    W 186  (p,O    )  Os173   2.27370E-08                      W 186  (p,O    )  Os174   3.23530E-08
    W 186  (p,O    )  Os175   4.54240E-08                      W 186  (p,O    )  Os176   5.42820E-08
    W 186  (p,O    )  Os177   7.51810E-08                      W 186  (p,O    )  Os178   8.20960E-08
    W 186  (p,O    )  Os179   8.74210E-08                      W 186  (p,O    )  Os180   8.29840E-08
    W 186  (p,O    )  Os181   6.99480E-08                      W 186  (p,O    )  Os182   6.02900E-08
    W 186  (p,O    )  Os183   5.41880E-08                      W 186  (p,O    )  Os184   2.44750E-08
    W 186  (p,O    )  Os185   1.22350E-08                      W 186  (p,O    )  Os185   1.22350E-08
    Pb204  (p,nonel)          1.65828E+00                      Pb204  (p,F    )          3.96771E-03
    Pb204  (p,O    )  H   1   5.41150E-03                      Pb204  (p,O    )  H   2   8.06360E-04
    Pb204  (p,O    )  H   3   2.00650E-04                      Pb204  (p,O    )  He  3   7.48800E-05
    Pb204  (p,O    )  He  4   1.83400E-03                      Pb204  (p,O    )  He  6   6.80820E-06
    Pb204  (p,O    )  He  8   4.06430E-06                      Pb204  (p,O    )  Li  6   2.60190E-06
    Pb204  (p,O    )  Li  7   2.91890E-06                      Pb204  (p,O    )  Li  8   5.87670E-06
    Pb204  (p,O    )  Be  7   1.06670E-06                      Pb204  (p,O    )  B   8   1.08720E-06
    Pb204  (p,O    )  C  13   1.13500E-08                      Pb204  (p,O    )  O  16   1.32500E-08
    Pb204  (p,O    )  O  17   9.20000E-09                      Pb204  (p,O    )  F  18   9.47000E-09
    Pb204  (p,O    )  F  20   9.47500E-09                      Pb204  (p,O    )  Ne 20   1.28700E-08
    Pb204  (p,O    )  Ne 21   1.70760E-08                      Pb204  (p,O    )  Ne 22   1.65740E-08
    Pb204  (p,O    )  Ne 23   1.04130E-08                      Pb204  (p,O    )  Ne 24   9.47000E-09
    Pb204  (p,O    )  Na 22   1.13600E-08                      Pb204  (p,O    )  Na 23   2.37070E-08
    Pb204  (p,O    )  Na 24   1.89580E-08                      Pb204  (p,O    )  Na 25   1.79830E-08
    Pb204  (p,O    )  Mg 24   1.41910E-08                      Pb204  (p,O    )  Mg 25   2.36610E-08
    Pb204  (p,O    )  Mg 26   2.27220E-08                      Pb204  (p,O    )  Mg 27   2.27300E-08
    Pb204  (p,O    )  Mg 28   1.41910E-08                      Pb204  (p,O    )  Al 26   9.47500E-09
    Pb204  (p,O    )  Al 27   3.40950E-08                      Pb204  (p,O    )  Al 28   3.50200E-08
    Pb204  (p,O    )  Al 29   3.13210E-08                      Pb204  (p,O    )  Al 30   1.70500E-08
    Pb204  (p,O    )  Al 31   9.46000E-09                      Pb204  (p,O    )  Si 28   1.70110E-08
    Pb204  (p,O    )  Si 29   3.78720E-08                      Pb204  (p,O    )  Si 30   4.73080E-08
    Pb204  (p,O    )  Si 31   3.97620E-08                      Pb204  (p,O    )  Si 32   3.03510E-08
    Pb204  (p,O    )  Si 33   1.70370E-08                      Pb204  (p,O    )  Si 34   1.23340E-08
    Pb204  (p,O    )  P  30   9.47500E-09                      Pb204  (p,O    )  P  31   3.31180E-08
    Pb204  (p,O    )  P  32   4.64240E-08                      Pb204  (p,O    )  P  33   5.11660E-08
    Pb204  (p,O    )  P  34   5.48830E-08                      Pb204  (p,O    )  P  35   2.17660E-08
    Pb204  (p,O    )  P  36   1.51550E-08                      Pb204  (p,O    )  S  32   2.45900E-08
    Pb204  (p,O    )  S  33   4.06250E-08                      Pb204  (p,O    )  S  34   6.06150E-08
    Pb204  (p,O    )  S  35   8.13700E-08                      Pb204  (p,O    )  S  36   9.08470E-08
    Pb204  (p,O    )  S  37   5.29550E-08                      Pb204  (p,O    )  S  38   3.03180E-08
    Pb204  (p,O    )  S  39   1.11000E-08                      Pb204  (p,O    )  Cl 34   1.56280E-08
    Pb204  (p,O    )  Cl 35   5.10930E-08                      Pb204  (p,O    )  Cl 36   9.47180E-08
    Pb204  (p,O    )  Cl 37   1.13620E-07                      Pb204  (p,O    )  Cl 38   9.56530E-08
    Pb204  (p,O    )  Cl 39   8.51670E-08                      Pb204  (p,O    )  Cl 40   3.60230E-08
    Pb204  (p,O    )  Cl 41   2.08010E-08                      Pb204  (p,O    )  Cl 42   1.11000E-08
    Pb204  (p,O    )  Ar 36   1.23290E-08                      Pb204  (p,O    )  Ar 37   5.11910E-08
    Pb204  (p,O    )  Ar 38   1.07980E-07                      Pb204  (p,O    )  Ar 39   1.07020E-07
    Pb204  (p,O    )  Ar 40   1.39990E-07                      Pb204  (p,O    )  Ar 41   1.28790E-07
    Pb204  (p,O    )  Ar 42   7.76600E-08                      Pb204  (p,O    )  Ar 43   3.88030E-08
    Pb204  (p,O    )  Ar 44   1.61190E-08                      Pb204  (p,O    )  K  38   9.36000E-09
    Pb204  (p,O    )  K  39   4.35780E-08                      Pb204  (p,O    )  K  40   9.46840E-08
    Pb204  (p,O    )  K  41   1.53440E-07                      Pb204  (p,O    )  K  42   1.81880E-07
    Pb204  (p,O    )  K  43   1.42090E-07                      Pb204  (p,O    )  K  44   1.11840E-07
    Pb204  (p,O    )  K  45   4.72490E-08                      Pb204  (p,O    )  K  46   3.03050E-08
    Pb204  (p,O    )  K  47   1.15890E-08                      Pb204  (p,O    )  Ca 40   1.37380E-08
    Pb204  (p,O    )  Ca 41   3.40950E-08                      Pb204  (p,O    )  Ca 42   1.24030E-07
    Pb204  (p,O    )  Ca 43   1.80760E-07                      Pb204  (p,O    )  Ca 44   2.27290E-07
    Pb204  (p,O    )  Ca 45   1.97950E-07                      Pb204  (p,O    )  Ca 46   1.59980E-07
    Pb204  (p,O    )  Ca 47   9.47180E-08                      Pb204  (p,O    )  Ca 48   4.83400E-08
    Pb204  (p,O    )  Ca 49   1.32600E-08                      Pb204  (p,O    )  Ca 50   1.13100E-08
    Pb204  (p,O    )  Sc 43   3.60160E-08                      Pb204  (p,O    )  Sc 44   1.23080E-07
    Pb204  (p,O    )  Sc 45   2.10260E-07                      Pb204  (p,O    )  Sc 46   2.76610E-07
    Pb204  (p,O    )  Sc 47   2.77510E-07                      Pb204  (p,O    )  Sc 48   2.05540E-07
    Pb204  (p,O    )  Sc 49   1.28820E-07                      Pb204  (p,O    )  Sc 50   7.10360E-08
    Pb204  (p,O    )  Sc 51   2.93280E-08                      Pb204  (p,O    )  Sc 52   1.31100E-08
    Pb204  (p,O    )  Ti 44   1.29500E-08                      Pb204  (p,O    )  Ti 45   4.45210E-08
    Pb204  (p,O    )  Ti 46   1.27730E-07                      Pb204  (p,O    )  Ti 47   2.58570E-07
    Pb204  (p,O    )  Ti 48   2.69930E-07                      Pb204  (p,O    )  Ti 49   3.39820E-07
    Pb204  (p,O    )  Ti 50   2.89630E-07                      Pb204  (p,O    )  Ti 51   2.09350E-07
    Pb204  (p,O    )  Ti 52   1.20320E-07                      Pb204  (p,O    )  Ti 53   4.63700E-08
    Pb204  (p,O    )  Ti 54   1.79880E-08                      Pb204  (p,O    )  Ti 55   1.05300E-08
    Pb204  (p,O    )  V  47   3.41540E-08                      Pb204  (p,O    )  V  48   1.37350E-07
    Pb204  (p,O    )  V  49   2.43350E-07                      Pb204  (p,O    )  V  50   4.00480E-07
    Pb204  (p,O    )  V  51   4.32810E-07                      Pb204  (p,O    )  V  52   3.85260E-07
    Pb204  (p,O    )  V  53   2.93780E-07                      Pb204  (p,O    )  V  54   1.77900E-07
    Pb204  (p,O    )  V  55   8.42570E-08                      Pb204  (p,O    )  V  56   3.11760E-08
    Pb204  (p,O    )  V  57   1.18410E-08                      Pb204  (p,O    )  V  58   8.93000E-09
    Pb204  (p,O    )  Cr 49   2.46120E-08                      Pb204  (p,O    )  Cr 50   1.16360E-07
    Pb204  (p,O    )  Cr 51   2.57710E-07                      Pb204  (p,O    )  Cr 52   4.51600E-07
    Pb204  (p,O    )  Cr 53   5.18070E-07                      Pb204  (p,O    )  Cr 54   4.73220E-07
    Pb204  (p,O    )  Cr 55   3.87340E-07                      Pb204  (p,O    )  Cr 56   2.73630E-07
    Pb204  (p,O    )  Cr 57   1.65730E-07                      Pb204  (p,O    )  Cr 58   6.62150E-08
    Pb204  (p,O    )  Cr 59   1.89060E-08                      Pb204  (p,O    )  Cr 60   1.31100E-08
    Pb204  (p,O    )  Mn 51   2.36480E-08                      Pb204  (p,O    )  Mn 52   1.05180E-07
    Pb204  (p,O    )  Mn 53   2.68030E-07                      Pb204  (p,O    )  Mn 54   4.58420E-07
    Pb204  (p,O    )  Mn 55   6.16090E-07                      Pb204  (p,O    )  Mn 56   6.53290E-07
    Pb204  (p,O    )  Mn 57   5.21010E-07                      Pb204  (p,O    )  Mn 58   3.85430E-07
    Pb204  (p,O    )  Mn 59   2.13110E-07                      Pb204  (p,O    )  Mn 60   1.11790E-07
    Pb204  (p,O    )  Mn 61   3.89090E-08                      Pb204  (p,O    )  Mn 62   1.42140E-08
    Pb204  (p,O    )  Fe 53   1.22960E-08                      Pb204  (p,O    )  Fe 54   9.66640E-08
    Pb204  (p,O    )  Fe 55   2.99090E-07                      Pb204  (p,O    )  Fe 56   5.03560E-07
    Pb204  (p,O    )  Fe 57   6.95950E-07                      Pb204  (p,O    )  Fe 58   7.68140E-07
    Pb204  (p,O    )  Fe 59   7.70050E-07                      Pb204  (p,O    )  Fe 60   5.34010E-07
    Pb204  (p,O    )  Fe 61   3.21020E-07                      Pb204  (p,O    )  Fe 62   1.72260E-07
    Pb204  (p,O    )  Fe 63   7.58240E-08                      Pb204  (p,O    )  Fe 64   2.93280E-08
    Pb204  (p,O    )  Fe 65   9.95070E-09                      Pb204  (p,O    )  Co 55   1.18070E-08
    Pb204  (p,O    )  Co 56   8.42370E-08                      Pb204  (p,O    )  Co 57   2.57500E-07
    Pb204  (p,O    )  Co 58   5.17010E-07                      Pb204  (p,O    )  Co 59   7.37610E-07
    Pb204  (p,O    )  Co 60   9.17720E-07                      Pb204  (p,O    )  Co 61   8.84340E-07
    Pb204  (p,O    )  Co 62   7.44360E-07                      Pb204  (p,O    )  Co 63   4.53760E-07
    Pb204  (p,O    )  Co 64   2.38820E-07                      Pb204  (p,O    )  Co 65   1.25040E-07
    Pb204  (p,O    )  Co 66   5.40590E-08                      Pb204  (p,O    )  Co 67   1.13600E-08
    Pb204  (p,O    )  Co 68   9.47500E-09                      Pb204  (p,O    )  Ni 57   9.47500E-09
    Pb204  (p,O    )  Ni 58   5.39910E-08                      Pb204  (p,O    )  Ni 59   2.65150E-07
    Pb204  (p,O    )  Ni 60   4.98270E-07                      Pb204  (p,O    )  Ni 61   8.14290E-07
    Pb204  (p,O    )  Ni 62   1.07690E-06                      Pb204  (p,O    )  Ni 63   1.11910E-06
    Pb204  (p,O    )  Ni 64   9.79380E-07                      Pb204  (p,O    )  Ni 65   6.51680E-07
    Pb204  (p,O    )  Ni 66   3.94030E-07                      Pb204  (p,O    )  Ni 67   1.99670E-07
    Pb204  (p,O    )  Ni 68   8.79670E-08                      Pb204  (p,O    )  Ni 69   2.93530E-08
    Pb204  (p,O    )  Ni 70   9.46000E-09                      Pb204  (p,O    )  Cu 60   4.54600E-08
    Pb204  (p,O    )  Cu 61   1.96890E-07                      Pb204  (p,O    )  Cu 62   4.95230E-07
    Pb204  (p,O    )  Cu 63   8.48420E-07                      Pb204  (p,O    )  Cu 64   1.23670E-06
    Pb204  (p,O    )  Cu 65   1.36580E-06                      Pb204  (p,O    )  Cu 66   1.24740E-06
    Pb204  (p,O    )  Cu 67   9.29800E-07                      Pb204  (p,O    )  Cu 68   5.71960E-07
    Pb204  (p,O    )  Cu 69   3.36400E-07                      Pb204  (p,O    )  Cu 70   1.24060E-07
    Pb204  (p,O    )  Cu 71   4.35520E-08                      Pb204  (p,O    )  Cu 72   1.61060E-08
    Pb204  (p,O    )  Cu 73   8.93000E-09                      Pb204  (p,O    )  Zn 62   3.96950E-08
    Pb204  (p,O    )  Zn 63   1.64720E-07                      Pb204  (p,O    )  Zn 64   4.26200E-07
    Pb204  (p,O    )  Zn 65   8.51110E-07                      Pb204  (p,O    )  Zn 66   1.33130E-06
    Pb204  (p,O    )  Zn 67   1.57980E-06                      Pb204  (p,O    )  Zn 68   1.48380E-06
    Pb204  (p,O    )  Zn 69   1.19080E-06                      Pb204  (p,O    )  Zn 70   8.76620E-07
    Pb204  (p,O    )  Zn 71   5.03090E-07                      Pb204  (p,O    )  Zn 72   2.25410E-07
    Pb204  (p,O    )  Zn 73   1.05090E-07                      Pb204  (p,O    )  Zn 74   3.03690E-08
    Pb204  (p,O    )  Zn 75   1.04260E-08                      Pb204  (p,O    )  Zn 76   9.12000E-09
    Pb204  (p,O    )  Ga 64   1.04130E-08                      Pb204  (p,O    )  Ga 65   1.27870E-07
    Pb204  (p,O    )  Ga 66   4.08120E-07                      Pb204  (p,O    )  Ga 67   8.78700E-07
    Pb204  (p,O    )  Ga 68   1.37800E-06                      Pb204  (p,O    )  Ga 69   1.75190E-06
    Pb204  (p,O    )  Ga 70   1.76830E-06                      Pb204  (p,O    )  Ga 71   1.62790E-06
    Pb204  (p,O    )  Ga 72   1.06570E-06                      Pb204  (p,O    )  Ga 73   7.29310E-07
    Pb204  (p,O    )  Ga 74   4.16680E-07                      Pb204  (p,O    )  Ga 75   1.79060E-07
    Pb204  (p,O    )  Ga 76   6.06020E-08                      Pb204  (p,O    )  Ga 77   1.23340E-08
    Pb204  (p,O    )  Ga 78   9.42000E-09                      Pb204  (p,O    )  Ge 66   9.47500E-09
    Pb204  (p,O    )  Ge 67   9.55810E-08                      Pb204  (p,O    )  Ge 68   3.62960E-07
    Pb204  (p,O    )  Ge 69   7.92190E-07                      Pb204  (p,O    )  Ge 70   1.38010E-06
    Pb204  (p,O    )  Ge 71   1.87180E-06                      Pb204  (p,O    )  Ge 72   1.97730E-06
    Pb204  (p,O    )  Ge 73   1.91870E-06                      Pb204  (p,O    )  Ge 74   1.53500E-06
    Pb204  (p,O    )  Ge 75   1.03830E-06                      Pb204  (p,O    )  Ge 76   5.90050E-07
    Pb204  (p,O    )  Ge 77   2.96440E-07                      Pb204  (p,O    )  Ge 78   1.32730E-07
    Pb204  (p,O    )  Ge 79   4.16360E-08                      Pb204  (p,O    )  Ge 80   1.13600E-08
    Pb204  (p,O    )  Ge 81   8.67000E-09                      Pb204  (p,O    )  As 68   9.78710E-09
    Pb204  (p,O    )  As 69   7.01060E-08                      Pb204  (p,O    )  As 70   2.72720E-07
    Pb204  (p,O    )  As 71   7.12170E-07                      Pb204  (p,O    )  As 72   1.29720E-06
    Pb204  (p,O    )  As 73   1.96380E-06                      Pb204  (p,O    )  As 74   2.25320E-06
    Pb204  (p,O    )  As 75   2.26550E-06                      Pb204  (p,O    )  As 76   1.80920E-06
    Pb204  (p,O    )  As 77   1.36830E-06                      Pb204  (p,O    )  As 78   8.93140E-07
    Pb204  (p,O    )  As 79   4.82080E-07                      Pb204  (p,O    )  As 80   1.94080E-07
    Pb204  (p,O    )  As 81   6.81040E-08                      Pb204  (p,O    )  As 82   2.55630E-08
    Pb204  (p,O    )  As 83   9.46000E-09                      Pb204  (p,O    )  Se 71   4.82980E-08
    Pb204  (p,O    )  Se 72   2.28190E-07                      Pb204  (p,O    )  Se 73   6.02240E-07
    Pb204  (p,O    )  Se 74   1.20630E-06                      Pb204  (p,O    )  Se 75   1.83250E-06
    Pb204  (p,O    )  Se 76   2.41110E-06                      Pb204  (p,O    )  Se 77   2.57570E-06
    Pb204  (p,O    )  Se 78   2.33990E-06                      Pb204  (p,O    )  Se 79   1.82010E-06
    Pb204  (p,O    )  Se 80   1.26510E-06                      Pb204  (p,O    )  Se 81   7.04780E-07
    Pb204  (p,O    )  Se 82   3.16180E-07                      Pb204  (p,O    )  Se 83   1.39300E-07
    Pb204  (p,O    )  Se 84   4.74140E-08                      Pb204  (p,O    )  Se 85   1.13780E-08
    Pb204  (p,O    )  Se 86   9.20000E-09                      Pb204  (p,O    )  Br 73   2.36270E-08
    Pb204  (p,O    )  Br 74   1.45780E-07                      Pb204  (p,O    )  Br 75   4.86900E-07
    Pb204  (p,O    )  Br 76   1.11360E-06                      Pb204  (p,O    )  Br 77   1.86480E-06
    Pb204  (p,O    )  Br 78   2.48200E-06                      Pb204  (p,O    )  Br 79   2.75400E-06
    Pb204  (p,O    )  Br 80   2.68620E-06                      Pb204  (p,O    )  Br 81   2.22940E-06
    Pb204  (p,O    )  Br 82   1.61200E-06                      Pb204  (p,O    )  Br 83   9.94590E-07
    Pb204  (p,O    )  Br 84   5.46690E-07                      Pb204  (p,O    )  Br 85   2.33850E-07
    Pb204  (p,O    )  Br 86   5.96250E-08                      Pb204  (p,O    )  Br 87   1.89400E-08
    Pb204  (p,O    )  Br 88   9.46190E-09                      Pb204  (p,O    )  Kr 75   1.13780E-08
    Pb204  (p,O    )  Kr 76   1.07950E-07                      Pb204  (p,O    )  Kr 77   4.16490E-07
    Pb204  (p,O    )  Kr 78   9.48120E-07                      Pb204  (p,O    )  Kr 79   1.64600E-06
    Pb204  (p,O    )  Kr 80   2.48180E-06                      Pb204  (p,O    )  Kr 81   2.84240E-06
    Pb204  (p,O    )  Kr 82   3.01410E-06                      Pb204  (p,O    )  Kr 83   2.71250E-06
    Pb204  (p,O    )  Kr 84   1.96920E-06                      Pb204  (p,O    )  Kr 85   1.27010E-06
    Pb204  (p,O    )  Kr 86   7.74680E-07                      Pb204  (p,O    )  Kr 87   3.27470E-07
    Pb204  (p,O    )  Kr 88   1.28920E-07                      Pb204  (p,O    )  Kr 89   4.82730E-08
    Pb204  (p,O    )  Kr 90   9.46990E-09                      Pb204  (p,O    )  Kr 91   8.80000E-09
    Pb204  (p,O    )  Rb 77   9.47500E-09                      Pb204  (p,O    )  Rb 78   7.29310E-08
    Pb204  (p,O    )  Rb 79   2.88770E-07                      Pb204  (p,O    )  Rb 80   7.66690E-07
    Pb204  (p,O    )  Rb 81   1.50970E-06                      Pb204  (p,O    )  Rb 82   2.22090E-06
    Pb204  (p,O    )  Rb 83   2.98060E-06                      Pb204  (p,O    )  Rb 84   3.20860E-06
    Pb204  (p,O    )  Rb 85   2.97180E-06                      Pb204  (p,O    )  Rb 86   2.48520E-06
    Pb204  (p,O    )  Rb 87   1.63860E-06                      Pb204  (p,O    )  Rb 88   1.05060E-06
    Pb204  (p,O    )  Rb 89   4.85200E-07                      Pb204  (p,O    )  Rb 90   2.32970E-07
    Pb204  (p,O    )  Rb 91   7.47280E-08                      Pb204  (p,O    )  Rb 92   2.65540E-08
    Pb204  (p,O    )  Rb 93   1.28200E-08                      Pb204  (p,O    )  Sr 80   3.87770E-08
    Pb204  (p,O    )  Sr 81   2.15840E-07                      Pb204  (p,O    )  Sr 82   5.96380E-07
    Pb204  (p,O    )  Sr 83   1.25950E-06                      Pb204  (p,O    )  Sr 84   2.12070E-06
    Pb204  (p,O    )  Sr 85   2.92570E-06                      Pb204  (p,O    )  Sr 86   3.28380E-06
    Pb204  (p,O    )  Sr 87   3.20170E-06                      Pb204  (p,O    )  Sr 88   2.82990E-06
    Pb204  (p,O    )  Sr 89   2.13130E-06                      Pb204  (p,O    )  Sr 90   1.24500E-06
    Pb204  (p,O    )  Sr 91   6.76170E-07                      Pb204  (p,O    )  Sr 92   3.27600E-07
    Pb204  (p,O    )  Sr 93   1.36450E-07                      Pb204  (p,O    )  Sr 94   4.83060E-08
    Pb204  (p,O    )  Sr 95   1.23090E-08                      Pb204  (p,O    )  Y  82   2.46330E-08
    Pb204  (p,O    )  Y  83   1.29640E-07                      Pb204  (p,O    )  Y  84   4.72490E-07
    Pb204  (p,O    )  Y  85   9.72740E-07                      Pb204  (p,O    )  Y  86   1.81730E-06
    Pb204  (p,O    )  Y  87   2.61090E-06                      Pb204  (p,O    )  Y  88   3.25190E-06
    Pb204  (p,O    )  Y  89   3.44230E-06                      Pb204  (p,O    )  Y  90   3.14990E-06
    Pb204  (p,O    )  Y  91   2.37210E-06                      Pb204  (p,O    )  Y  92   1.68670E-06
    Pb204  (p,O    )  Y  93   9.32140E-07                      Pb204  (p,O    )  Y  94   4.74500E-07
    Pb204  (p,O    )  Y  95   2.15930E-07                      Pb204  (p,O    )  Y  96   6.43660E-08
    Pb204  (p,O    )  Y  97   2.08400E-08                      Pb204  (p,O    )  Y  98   9.46000E-09
    Pb204  (p,O    )  Zr 84   1.04130E-08                      Pb204  (p,O    )  Zr 85   8.61570E-08
    Pb204  (p,O    )  Zr 86   3.35150E-07                      Pb204  (p,O    )  Zr 87   8.22650E-07
    Pb204  (p,O    )  Zr 88   1.49820E-06                      Pb204  (p,O    )  Zr 89   2.41270E-06
    Pb204  (p,O    )  Zr 90   3.05240E-06                      Pb204  (p,O    )  Zr 91   3.37510E-06
    Pb204  (p,O    )  Zr 92   3.15720E-06                      Pb204  (p,O    )  Zr 93   2.67840E-06
    Pb204  (p,O    )  Zr 94   1.85620E-06                      Pb204  (p,O    )  Zr 95   1.14210E-06
    Pb204  (p,O    )  Zr 96   6.45220E-07                      Pb204  (p,O    )  Zr 97   2.60680E-07
    Pb204  (p,O    )  Zr 98   1.15630E-07                      Pb204  (p,O    )  Zr 99   2.93530E-08
    Pb204  (p,O    )  Zr100   2.07300E-08                      Pb204  (p,O    )  Zr101   8.85000E-09
    Pb204  (p,O    )  Nb 86   9.36000E-09                      Pb204  (p,O    )  Nb 87   4.91900E-08
    Pb204  (p,O    )  Nb 88   2.29150E-07                      Pb204  (p,O    )  Nb 89   6.22020E-07
    Pb204  (p,O    )  Nb 90   1.25260E-06                      Pb204  (p,O    )  Nb 91   2.02860E-06
    Pb204  (p,O    )  Nb 92   2.71760E-06                      Pb204  (p,O    )  Nb 93   3.11780E-06
    Pb204  (p,O    )  Nb 94   3.14540E-06                      Pb204  (p,O    )  Nb 95   2.75670E-06
    Pb204  (p,O    )  Nb 96   2.09090E-06                      Pb204  (p,O    )  Nb 97   1.37250E-06
    Pb204  (p,O    )  Nb 98   7.61550E-07                      Pb204  (p,O    )  Nb 99   3.34380E-07
    Pb204  (p,O    )  Nb100   1.56300E-07                      Pb204  (p,O    )  Nb101   5.21300E-08
    Pb204  (p,O    )  Nb102   1.70110E-08                      Pb204  (p,O    )  Nb103   9.42000E-09
    Pb204  (p,O    )  Mo 89   2.64940E-08                      Pb204  (p,O    )  Mo 90   1.41890E-07
    Pb204  (p,O    )  Mo 91   4.60330E-07                      Pb204  (p,O    )  Mo 92   9.86010E-07
    Pb204  (p,O    )  Mo 93   1.68510E-06                      Pb204  (p,O    )  Mo 94   2.41430E-06
    Pb204  (p,O    )  Mo 95   2.79890E-06                      Pb204  (p,O    )  Mo 96   3.02000E-06
    Pb204  (p,O    )  Mo 97   2.79150E-06                      Pb204  (p,O    )  Mo 98   2.21340E-06
    Pb204  (p,O    )  Mo 99   1.46850E-06                      Pb204  (p,O    )  Mo100   8.89430E-07
    Pb204  (p,O    )  Mo101   4.76600E-07                      Pb204  (p,O    )  Mo102   2.14100E-07
    Pb204  (p,O    )  Mo103   7.38700E-08                      Pb204  (p,O    )  Mo104   2.46040E-08
    Pb204  (p,O    )  Mo105   1.13500E-08                      Pb204  (p,O    )  Tc 91   1.51760E-08
    Pb204  (p,O    )  Tc 92   9.38310E-08                      Pb204  (p,O    )  Tc 93   3.25480E-07
    Pb204  (p,O    )  Tc 94   8.08620E-07                      Pb204  (p,O    )  Tc 95   1.35040E-06
    Pb204  (p,O    )  Tc 96   1.97970E-06                      Pb204  (p,O    )  Tc 97   2.46000E-06
    Pb204  (p,O    )  Tc 98   2.80620E-06                      Pb204  (p,O    )  Tc 99   2.68440E-06
    Pb204  (p,O    )  Tc100   2.19800E-06                      Pb204  (p,O    )  Tc101   1.61220E-06
    Pb204  (p,O    )  Tc102   1.03240E-06                      Pb204  (p,O    )  Tc103   5.70930E-07
    Pb204  (p,O    )  Tc104   2.70980E-07                      Pb204  (p,O    )  Tc105   1.01240E-07
    Pb204  (p,O    )  Tc106   3.50130E-08                      Pb204  (p,O    )  Tc107   1.51520E-08
    Pb204  (p,O    )  Tc108   8.70000E-09                      Pb204  (p,O    )  Ru 93   1.51300E-08
    Pb204  (p,O    )  Ru 94   6.06020E-08                      Pb204  (p,O    )  Ru 95   2.00800E-07
    Pb204  (p,O    )  Ru 96   5.40520E-07                      Pb204  (p,O    )  Ru 97   1.07680E-06
    Pb204  (p,O    )  Ru 98   1.59490E-06                      Pb204  (p,O    )  Ru 99   2.14940E-06
    Pb204  (p,O    )  Ru100   2.42680E-06                      Pb204  (p,O    )  Ru101   2.49140E-06
    Pb204  (p,O    )  Ru102   2.11440E-06                      Pb204  (p,O    )  Ru103   1.67570E-06
    Pb204  (p,O    )  Ru104   1.11420E-06                      Pb204  (p,O    )  Ru105   6.69710E-07
    Pb204  (p,O    )  Ru106   3.49550E-07                      Pb204  (p,O    )  Ru107   1.42840E-07
    Pb204  (p,O    )  Ru108   4.73290E-08                      Pb204  (p,O    )  Ru109   1.13600E-08
    Pb204  (p,O    )  Ru110   1.11600E-08                      Pb204  (p,O    )  Rh 96   2.07880E-08
    Pb204  (p,O    )  Rh 97   1.53490E-07                      Pb204  (p,O    )  Rh 98   3.73120E-07
    Pb204  (p,O    )  Rh 99   7.63910E-07                      Pb204  (p,O    )  Rh100   1.26980E-06
    Pb204  (p,O    )  Rh101   1.75580E-06                      Pb204  (p,O    )  Rh102   2.09490E-06
    Pb204  (p,O    )  Rh103   2.06700E-06                      Pb204  (p,O    )  Rh104   2.06830E-06
    Pb204  (p,O    )  Rh105   1.54790E-06                      Pb204  (p,O    )  Rh106   1.08040E-06
    Pb204  (p,O    )  Rh107   6.87330E-07                      Pb204  (p,O    )  Rh108   3.52290E-07
    Pb204  (p,O    )  Rh109   1.59220E-07                      Pb204  (p,O    )  Rh110   7.29830E-08
    Pb204  (p,O    )  Rh111   2.08480E-08                      Pb204  (p,O    )  Rh112   9.47000E-09
    Pb204  (p,O    )  Pd 98   1.99170E-08                      Pb204  (p,O    )  Pd 99   7.39080E-08
    Pb204  (p,O    )  Pd100   2.52020E-07                      Pb204  (p,O    )  Pd101   5.86220E-07
    Pb204  (p,O    )  Pd102   9.92280E-07                      Pb204  (p,O    )  Pd103   1.44990E-06
    Pb204  (p,O    )  Pd104   1.75150E-06                      Pb204  (p,O    )  Pd105   1.87430E-06
    Pb204  (p,O    )  Pd106   1.73410E-06                      Pb204  (p,O    )  Pd107   1.49630E-06
    Pb204  (p,O    )  Pd108   1.05210E-06                      Pb204  (p,O    )  Pd109   6.47010E-07
    Pb204  (p,O    )  Pd110   3.89090E-07                      Pb204  (p,O    )  Pd111   2.30000E-07
    Pb204  (p,O    )  Pd112   9.86060E-08                      Pb204  (p,O    )  Pd113   3.50460E-08
    Pb204  (p,O    )  Pd114   1.70240E-08                      Pb204  (p,O    )  Pd115   1.21100E-08
    Pb204  (p,O    )  Ag101   4.92030E-08                      Pb204  (p,O    )  Ag102   1.59000E-07
    Pb204  (p,O    )  Ag103   3.95670E-07                      Pb204  (p,O    )  Ag104   7.29860E-07
    Pb204  (p,O    )  Ag105   1.06270E-06                      Pb204  (p,O    )  Ag106   1.37550E-06
    Pb204  (p,O    )  Ag107   1.56740E-06                      Pb204  (p,O    )  Ag108   1.45040E-06
    Pb204  (p,O    )  Ag109   1.32330E-06                      Pb204  (p,O    )  Ag110   1.00470E-06
    Pb204  (p,O    )  Ag111   7.07700E-07                      Pb204  (p,O    )  Ag112   4.18730E-07
    Pb204  (p,O    )  Ag113   2.43440E-07                      Pb204  (p,O    )  Ag114   1.10930E-07
    Pb204  (p,O    )  Ag115   5.01800E-08                      Pb204  (p,O    )  Ag116   2.46510E-08
    Pb204  (p,O    )  Ag117   9.46000E-09                      Pb204  (p,O    )  Ag118   1.04400E-08
    Pb204  (p,O    )  Cd103   2.17990E-08                      Pb204  (p,O    )  Cd104   1.09790E-07
    Pb204  (p,O    )  Cd105   2.51870E-07                      Pb204  (p,O    )  Cd106   4.97100E-07
    Pb204  (p,O    )  Cd107   8.04690E-07                      Pb204  (p,O    )  Cd108   9.93360E-07
    Pb204  (p,O    )  Cd109   1.16190E-06                      Pb204  (p,O    )  Cd110   1.30910E-06
    Pb204  (p,O    )  Cd111   1.10440E-06                      Pb204  (p,O    )  Cd112   8.78930E-07
    Pb204  (p,O    )  Cd113   6.54200E-07                      Pb204  (p,O    )  Cd114   4.07240E-07
    Pb204  (p,O    )  Cd115   2.59620E-07                      Pb204  (p,O    )  Cd116   1.24060E-07
    Pb204  (p,O    )  Cd117   6.14990E-08                      Pb204  (p,O    )  Cd118   3.03180E-08
    Pb204  (p,O    )  Cd119   9.47000E-09                      Pb204  (p,O    )  Cd120   8.53000E-09
    Pb204  (p,O    )  In105   1.32500E-08                      Pb204  (p,O    )  In106   5.30480E-08
    Pb204  (p,O    )  In107   1.71500E-07                      Pb204  (p,O    )  In108   3.28800E-07
    Pb204  (p,O    )  In109   5.82210E-07                      Pb204  (p,O    )  In110   8.21300E-07
    Pb204  (p,O    )  In111   9.85880E-07                      Pb204  (p,O    )  In112   1.03430E-06
    Pb204  (p,O    )  In113   9.37690E-07                      Pb204  (p,O    )  In114   8.03790E-07
    Pb204  (p,O    )  In115   5.81650E-07                      Pb204  (p,O    )  In116   3.86010E-07
    Pb204  (p,O    )  In117   2.21670E-07                      Pb204  (p,O    )  In118   1.38360E-07
    Pb204  (p,O    )  In119   6.63130E-08                      Pb204  (p,O    )  In120   2.18120E-08
    Pb204  (p,O    )  In121   9.46000E-09                      Pb204  (p,O    )  In122   1.21100E-08
    Pb204  (p,O    )  In123   8.80000E-09                      Pb204  (p,O    )  Sn108   2.26960E-08
    Pb204  (p,O    )  Sn109   1.00350E-07                      Pb204  (p,O    )  Sn110   2.26360E-07
    Pb204  (p,O    )  Sn111   3.86360E-07                      Pb204  (p,O    )  Sn112   5.98520E-07
    Pb204  (p,O    )  Sn113   7.28180E-07                      Pb204  (p,O    )  Sn114   8.40320E-07
    Pb204  (p,O    )  Sn115   7.82370E-07                      Pb204  (p,O    )  Sn116   6.71440E-07
    Pb204  (p,O    )  Sn117   5.08610E-07                      Pb204  (p,O    )  Sn118   3.82710E-07
    Pb204  (p,O    )  Sn119   2.55790E-07                      Pb204  (p,O    )  Sn120   1.45930E-07
    Pb204  (p,O    )  Sn121   7.49110E-08                      Pb204  (p,O    )  Sn122   3.78980E-08
    Pb204  (p,O    )  Sn123   1.79630E-08                      Pb204  (p,O    )  Sn124   1.09400E-08
    Pb204  (p,O    )  Sn125   1.03200E-08                      Pb204  (p,O    )  Sb110   1.79810E-08
    Pb204  (p,O    )  Sb111   4.92960E-08                      Pb204  (p,O    )  Sb112   1.37260E-07
    Pb204  (p,O    )  Sb113   2.50110E-07                      Pb204  (p,O    )  Sb114   4.48780E-07
    Pb204  (p,O    )  Sb115   5.35120E-07                      Pb204  (p,O    )  Sb116   6.05100E-07
    Pb204  (p,O    )  Sb117   6.31480E-07                      Pb204  (p,O    )  Sb118   6.04230E-07
    Pb204  (p,O    )  Sb119   4.90640E-07                      Pb204  (p,O    )  Sb120   3.09670E-07
    Pb204  (p,O    )  Sb121   2.39690E-07                      Pb204  (p,O    )  Sb122   1.31630E-07
    Pb204  (p,O    )  Sb123   6.63130E-08                      Pb204  (p,O    )  Sb124   2.74580E-08
    Pb204  (p,O    )  Sb125   1.09020E-08                      Pb204  (p,O    )  Sb126   1.13500E-08
    Pb204  (p,O    )  Sb127   1.04400E-08                      Pb204  (p,O    )  Te112   1.13650E-08
    Pb204  (p,O    )  Te113   2.74580E-08                      Pb204  (p,O    )  Te114   9.37250E-08
    Pb204  (p,O    )  Te115   1.90400E-07                      Pb204  (p,O    )  Te116   3.10550E-07
    Pb204  (p,O    )  Te117   4.05430E-07                      Pb204  (p,O    )  Te118   5.37140E-07
    Pb204  (p,O    )  Te119   4.83160E-07                      Pb204  (p,O    )  Te120   4.94370E-07
    Pb204  (p,O    )  Te121   3.85610E-07                      Pb204  (p,O    )  Te122   2.78530E-07
    Pb204  (p,O    )  Te123   1.75290E-07                      Pb204  (p,O    )  Te124   1.13700E-07
    Pb204  (p,O    )  Te125   8.60980E-08                      Pb204  (p,O    )  Te126   3.03050E-08
    Pb204  (p,O    )  Te127   2.07880E-08                      Pb204  (p,O    )  Te128   9.47000E-09
    Pb204  (p,O    )  Te129   8.61000E-09                      Pb204  (p,O    )  I 115   1.61060E-08
    Pb204  (p,O    )  I 116   5.02060E-08                      Pb204  (p,O    )  I 117   1.31650E-07
    Pb204  (p,O    )  I 118   2.00760E-07                      Pb204  (p,O    )  I 119   2.89850E-07
    Pb204  (p,O    )  I 120   3.53310E-07                      Pb204  (p,O    )  I 121   3.57970E-07
    Pb204  (p,O    )  I 122   3.62860E-07                      Pb204  (p,O    )  I 123   2.96300E-07
    Pb204  (p,O    )  I 124   2.55710E-07                      Pb204  (p,O    )  I 125   1.88510E-07
    Pb204  (p,O    )  I 126   1.36430E-07                      Pb204  (p,O    )  I 127   6.44130E-08
    Pb204  (p,O    )  I 128   3.78800E-08                      Pb204  (p,O    )  I 129   1.70240E-08
    Pb204  (p,O    )  I 130   1.13500E-08                      Pb204  (p,O    )  I 131   1.02200E-08
    Pb204  (p,O    )  I 132   9.80000E-09                      Pb204  (p,O    )  Xe117   1.32400E-08
    Pb204  (p,O    )  Xe118   3.88360E-08                      Pb204  (p,O    )  Xe119   6.91000E-08
    Pb204  (p,O    )  Xe120   1.42120E-07                      Pb204  (p,O    )  Xe121   2.04520E-07
    Pb204  (p,O    )  Xe122   2.58520E-07                      Pb204  (p,O    )  Xe123   3.15480E-07
    Pb204  (p,O    )  Xe124   2.93390E-07                      Pb204  (p,O    )  Xe125   2.71730E-07
    Pb204  (p,O    )  Xe126   1.95110E-07                      Pb204  (p,O    )  Xe127   1.53450E-07
    Pb204  (p,O    )  Xe128   8.52140E-08                      Pb204  (p,O    )  Xe129   5.58860E-08
    Pb204  (p,O    )  Xe130   3.88230E-08                      Pb204  (p,O    )  Xe131   1.37380E-08
    Pb204  (p,O    )  Xe132   1.13650E-08                      Pb204  (p,O    )  Xe133   9.42000E-09
    Pb204  (p,O    )  Xe134   9.20000E-09                      Pb204  (p,O    )  Cs120   2.17530E-08
    Pb204  (p,O    )  Cs121   4.34460E-08                      Pb204  (p,O    )  Cs122   8.14240E-08
    Pb204  (p,O    )  Cs123   1.23150E-07                      Pb204  (p,O    )  Cs124   1.76100E-07
    Pb204  (p,O    )  Cs125   2.04490E-07                      Pb204  (p,O    )  Cs126   2.39660E-07
    Pb204  (p,O    )  Cs127   2.25370E-07                      Pb204  (p,O    )  Cs128   1.62870E-07
    Pb204  (p,O    )  Cs129   1.25980E-07                      Pb204  (p,O    )  Cs130   1.04160E-07
    Pb204  (p,O    )  Cs131   4.07390E-08                      Pb204  (p,O    )  Cs132   2.55760E-08
    Pb204  (p,O    )  Cs133   1.70760E-08                      Pb204  (p,O    )  Cs134   1.41910E-08
    Pb204  (p,O    )  Cs135   1.11600E-08                      Pb204  (p,O    )  Cs136   1.42100E-08
    Pb204  (p,O    )  Ba122   1.57780E-08                      Pb204  (p,O    )  Ba123   2.17910E-08
    Pb204  (p,O    )  Ba124   6.62020E-08                      Pb204  (p,O    )  Ba125   1.01380E-07
    Pb204  (p,O    )  Ba126   1.07930E-07                      Pb204  (p,O    )  Ba127   1.63900E-07
    Pb204  (p,O    )  Ba128   1.61970E-07                      Pb204  (p,O    )  Ba129   1.85610E-07
    Pb204  (p,O    )  Ba130   1.46870E-07                      Pb204  (p,O    )  Ba131   9.28280E-08
    Pb204  (p,O    )  Ba132   9.83940E-08                      Pb204  (p,O    )  Ba133   4.07310E-08
    Pb204  (p,O    )  Ba134   3.59770E-08                      Pb204  (p,O    )  Ba135   2.07750E-08
    Pb204  (p,O    )  Ba136   2.27300E-08                      Pb204  (p,O    )  Ba137   9.47000E-09
    Pb204  (p,O    )  Ba138   8.70000E-09                      Pb204  (p,O    )  La125   1.23160E-08
    Pb204  (p,O    )  La126   3.88030E-08                      Pb204  (p,O    )  La127   6.15790E-08
    Pb204  (p,O    )  La128   7.67550E-08                      Pb204  (p,O    )  La129   1.03180E-07
    Pb204  (p,O    )  La130   1.33590E-07                      Pb204  (p,O    )  La131   1.26740E-07
    Pb204  (p,O    )  La132   1.14580E-07                      Pb204  (p,O    )  La133   8.52600E-08
    Pb204  (p,O    )  La134   6.06480E-08                      Pb204  (p,O    )  La135   5.49090E-08
    Pb204  (p,O    )  La136   3.59900E-08                      Pb204  (p,O    )  La137   1.89190E-08
    Pb204  (p,O    )  La138   1.41910E-08                      Pb204  (p,O    )  La139   9.47000E-09
    Pb204  (p,O    )  Ce127   1.12300E-08                      Pb204  (p,O    )  Ce128   1.98710E-08
    Pb204  (p,O    )  Ce129   3.40690E-08                      Pb204  (p,O    )  Ce130   4.26940E-08
    Pb204  (p,O    )  Ce131   8.33060E-08                      Pb204  (p,O    )  Ce132   8.52600E-08
    Pb204  (p,O    )  Ce133   1.06030E-07                      Pb204  (p,O    )  Ce134   9.47180E-08
    Pb204  (p,O    )  Ce135   9.65190E-08                      Pb204  (p,O    )  Ce136   6.72640E-08
    Pb204  (p,O    )  Ce137   5.88130E-08                      Pb204  (p,O    )  Ce138   4.92290E-08
    Pb204  (p,O    )  Ce139   3.31770E-08                      Pb204  (p,O    )  Ce140   9.47000E-09
    Pb204  (p,O    )  Ce141   9.51310E-09                      Pb204  (p,O    )  Ce142   8.53000E-09
    Pb204  (p,O    )  Pr130   1.08890E-08                      Pb204  (p,O    )  Pr131   1.41980E-08
    Pb204  (p,O    )  Pr132   4.26390E-08                      Pb204  (p,O    )  Pr133   5.39320E-08
    Pb204  (p,O    )  Pr134   8.24010E-08                      Pb204  (p,O    )  Pr135   8.04390E-08
    Pb204  (p,O    )  Pr136   9.09330E-08                      Pb204  (p,O    )  Pr137   9.08730E-08
    Pb204  (p,O    )  Pr138   6.24120E-08                      Pb204  (p,O    )  Pr139   7.08910E-08
    Pb204  (p,O    )  Pr140   4.06720E-08                      Pb204  (p,O    )  Pr141   2.45650E-08
    Pb204  (p,O    )  Pr142   9.46000E-09                      Pb204  (p,O    )  Pr143   8.69000E-09
    Pb204  (p,O    )  Nd133   2.46120E-08                      Pb204  (p,O    )  Nd134   3.40820E-08
    Pb204  (p,O    )  Nd135   4.92110E-08                      Pb204  (p,O    )  Nd136   8.42370E-08
    Pb204  (p,O    )  Nd137   1.18370E-07                      Pb204  (p,O    )  Nd138   1.21140E-07
    Pb204  (p,O    )  Nd139   1.02380E-07                      Pb204  (p,O    )  Nd140   1.01360E-07
    Pb204  (p,O    )  Nd141   8.80940E-08                      Pb204  (p,O    )  Nd142   3.31380E-08
    Pb204  (p,O    )  Nd143   1.23160E-08                      Pb204  (p,O    )  Nd144   1.13500E-08
    Pb204  (p,O    )  Nd145   1.07100E-08                      Pb204  (p,O    )  Pm135   1.88860E-08
    Pb204  (p,O    )  Pm136   4.54130E-08                      Pb204  (p,O    )  Pm137   8.05110E-08
    Pb204  (p,O    )  Pm138   1.09830E-07                      Pb204  (p,O    )  Pm139   1.40970E-07
    Pb204  (p,O    )  Pm140   1.19340E-07                      Pb204  (p,O    )  Pm141   1.56120E-07
    Pb204  (p,O    )  Pm142   1.17380E-07                      Pb204  (p,O    )  Pm143   7.18940E-08
    Pb204  (p,O    )  Pm144   3.31900E-08                      Pb204  (p,O    )  Pm145   3.11630E-08
    Pb204  (p,O    )  Pm146   1.22960E-08                      Pb204  (p,O    )  Pm147   9.42000E-09
    Pb204  (p,O    )  Sm137   1.51210E-08                      Pb204  (p,O    )  Sm138   5.57800E-08
    Pb204  (p,O    )  Sm139   9.83940E-08                      Pb204  (p,O    )  Sm140   1.71160E-07
    Pb204  (p,O    )  Sm141   2.17550E-07                      Pb204  (p,O    )  Sm142   2.20580E-07
    Pb204  (p,O    )  Sm143   2.15700E-07                      Pb204  (p,O    )  Sm144   1.82530E-07
    Pb204  (p,O    )  Sm145   1.06070E-07                      Pb204  (p,O    )  Sm146   7.47460E-08
    Pb204  (p,O    )  Sm147   4.26130E-08                      Pb204  (p,O    )  Sm148   1.41910E-08
    Pb204  (p,O    )  Sm149   1.08890E-08                      Pb204  (p,O    )  Eu139   2.45320E-08
    Pb204  (p,O    )  Eu140   7.00980E-08                      Pb204  (p,O    )  Eu141   1.22120E-07
    Pb204  (p,O    )  Eu142   2.23310E-07                      Pb204  (p,O    )  Eu143   3.56050E-07
    Pb204  (p,O    )  Eu144   3.60800E-07                      Pb204  (p,O    )  Eu145   3.56700E-07
    Pb204  (p,O    )  Eu146   3.19950E-07                      Pb204  (p,O    )  Eu147   1.90170E-07
    Pb204  (p,O    )  Eu148   1.37250E-07                      Pb204  (p,O    )  Eu149   7.28850E-08
    Pb204  (p,O    )  Eu150   3.31180E-08                      Pb204  (p,O    )  Eu151   2.08480E-08
    Pb204  (p,O    )  Gd141   2.36810E-08                      Pb204  (p,O    )  Gd142   8.60850E-08
    Pb204  (p,O    )  Gd143   2.12890E-07                      Pb204  (p,O    )  Gd144   3.71060E-07
    Pb204  (p,O    )  Gd145   5.42230E-07                      Pb204  (p,O    )  Gd146   6.01970E-07
    Pb204  (p,O    )  Gd147   6.47320E-07                      Pb204  (p,O    )  Gd148   5.63080E-07
    Pb204  (p,O    )  Gd149   3.68250E-07                      Pb204  (p,O    )  Gd150   2.51970E-07
    Pb204  (p,O    )  Gd151   1.35310E-07                      Pb204  (p,O    )  Gd152   8.89450E-08
    Pb204  (p,O    )  Gd153   3.59640E-08                      Pb204  (p,O    )  Gd154   2.08480E-08
    Pb204  (p,O    )  Tb142   9.47500E-09                      Pb204  (p,O    )  Tb143   2.73910E-08
    Pb204  (p,O    )  Tb144   1.13480E-07                      Pb204  (p,O    )  Tb145   2.31870E-07
    Pb204  (p,O    )  Tb146   4.76080E-07                      Pb204  (p,O    )  Tb147   7.37960E-07
    Pb204  (p,O    )  Tb148   9.54890E-07                      Pb204  (p,O    )  Tb149   1.04380E-06
    Pb204  (p,O    )  Tb150   9.03690E-07                      Pb204  (p,O    )  Tb151   7.05280E-07
    Pb204  (p,O    )  Tb152   5.05350E-07                      Pb204  (p,O    )  Tb153   3.25840E-07
    Pb204  (p,O    )  Tb154   1.75120E-07                      Pb204  (p,O    )  Tb155   7.19070E-08
    Pb204  (p,O    )  Tb156   4.44880E-08                      Pb204  (p,O    )  Tb157   1.99300E-08
    Pb204  (p,O    )  Dy144   9.47000E-09                      Pb204  (p,O    )  Dy145   3.12100E-08
    Pb204  (p,O    )  Dy146   9.92730E-08                      Pb204  (p,O    )  Dy147   3.12280E-07
    Pb204  (p,O    )  Dy148   6.15290E-07                      Pb204  (p,O    )  Dy149   1.03740E-06
    Pb204  (p,O    )  Dy150   1.41350E-06                      Pb204  (p,O    )  Dy151   1.61350E-06
    Pb204  (p,O    )  Dy152   1.57810E-06                      Pb204  (p,O    )  Dy153   1.32070E-06
    Pb204  (p,O    )  Dy154   9.32620E-07                      Pb204  (p,O    )  Dy155   6.40830E-07
    Pb204  (p,O    )  Dy156   3.70130E-07                      Pb204  (p,O    )  Dy157   1.76130E-07
    Pb204  (p,O    )  Dy158   9.08470E-08                      Pb204  (p,O    )  Dy159   3.59900E-08
    Pb204  (p,O    )  Dy160   1.98960E-08                      Pb204  (p,O    )  Dy161   1.32500E-08
    Pb204  (p,O    )  Ho147   1.89580E-08                      Pb204  (p,O    )  Ho148   1.09760E-07
    Pb204  (p,O    )  Ho149   3.19800E-07                      Pb204  (p,O    )  Ho150   7.26030E-07
    Pb204  (p,O    )  Ho151   1.29950E-06                      Pb204  (p,O    )  Ho152   1.89180E-06
    Pb204  (p,O    )  Ho153   2.35240E-06                      Pb204  (p,O    )  Ho154   2.38370E-06
    Pb204  (p,O    )  Ho155   2.12900E-06                      Pb204  (p,O    )  Ho156   1.67700E-06
    Pb204  (p,O    )  Ho157   1.10640E-06                      Pb204  (p,O    )  Ho158   6.65560E-07
    Pb204  (p,O    )  Ho159   3.98450E-07                      Pb204  (p,O    )  Ho160   2.05490E-07
    Pb204  (p,O    )  Ho161   9.56070E-08                      Pb204  (p,O    )  Ho162   3.69210E-08
    Pb204  (p,O    )  Ho163   2.08140E-08                      Pb204  (p,O    )  Ho164   9.93680E-09
    Pb204  (p,O    )  Er149   1.41910E-08                      Pb204  (p,O    )  Er150   7.67680E-08
    Pb204  (p,O    )  Er151   3.05730E-07                      Pb204  (p,O    )  Er152   8.08310E-07
    Pb204  (p,O    )  Er153   1.51300E-06                      Pb204  (p,O    )  Er154   2.41760E-06
    Pb204  (p,O    )  Er155   3.12050E-06                      Pb204  (p,O    )  Er156   3.45480E-06
    Pb204  (p,O    )  Er157   3.18310E-06                      Pb204  (p,O    )  Er158   2.66350E-06
    Pb204  (p,O    )  Er159   1.97440E-06                      Pb204  (p,O    )  Er160   1.26800E-06
    Pb204  (p,O    )  Er161   7.63220E-07                      Pb204  (p,O    )  Er162   4.02120E-07
    Pb204  (p,O    )  Er163   2.14950E-07                      Pb204  (p,O    )  Er164   9.74970E-08
    Pb204  (p,O    )  Er165   4.35520E-08                      Pb204  (p,O    )  Er166   1.22960E-08
    Pb204  (p,O    )  Er167   9.46000E-09                      Pb204  (p,O    )  Tm151   1.32470E-08
    Pb204  (p,O    )  Tm152   5.39910E-08                      Pb204  (p,O    )  Tm153   2.52620E-07
    Pb204  (p,O    )  Tm154   7.58000E-07                      Pb204  (p,O    )  Tm155   1.62190E-06
    Pb204  (p,O    )  Tm156   2.85600E-06                      Pb204  (p,O    )  Tm157   3.84720E-06
    Pb204  (p,O    )  Tm158   4.54300E-06                      Pb204  (p,O    )  Tm159   4.56350E-06
    Pb204  (p,O    )  Tm160   4.07080E-06                      Pb204  (p,O    )  Tm161   3.11050E-06
    Pb204  (p,O    )  Tm162   2.19760E-06                      Pb204  (p,O    )  Tm163   1.34550E-06
    Pb204  (p,O    )  Tm164   7.66610E-07                      Pb204  (p,O    )  Tm165   4.02410E-07
    Pb204  (p,O    )  Tm166   1.88430E-07                      Pb204  (p,O    )  Tm167   9.56070E-08
    Pb204  (p,O    )  Tm168   4.17080E-08                      Pb204  (p,O    )  Tm169   1.51550E-08
    Pb204  (p,O    )  Yb154   3.31560E-08                      Pb204  (p,O    )  Yb155   2.01610E-07
    Pb204  (p,O    )  Yb156   6.48510E-07                      Pb204  (p,O    )  Yb157   1.52030E-06
    Pb204  (p,O    )  Yb158   3.03320E-06                      Pb204  (p,O    )  Yb159   4.45380E-06
    Pb204  (p,O    )  Yb160   5.44170E-06                      Pb204  (p,O    )  Yb161   5.99500E-06
    Pb204  (p,O    )  Yb162   5.69800E-06                      Pb204  (p,O    )  Yb163   4.63590E-06
    Pb204  (p,O    )  Yb164   3.63200E-06                      Pb204  (p,O    )  Yb165   2.37820E-06
    Pb204  (p,O    )  Yb166   1.41860E-06                      Pb204  (p,O    )  Yb167   8.42780E-07
    Pb204  (p,O    )  Yb168   4.20360E-07                      Pb204  (p,O    )  Yb169   2.05480E-07
    Pb204  (p,O    )  Yb170   9.74970E-08                      Pb204  (p,O    )  Yb171   5.01880E-08
    Pb204  (p,O    )  Yb172   1.51210E-08                      Pb204  (p,O    )  Yb173   1.13500E-08
    Pb204  (p,O    )  Lu156   2.08400E-08                      Pb204  (p,O    )  Lu157   1.27810E-07
    Pb204  (p,O    )  Lu158   5.03750E-07                      Pb204  (p,O    )  Lu159   1.37270E-06
    Pb204  (p,O    )  Lu160   2.77910E-06                      Pb204  (p,O    )  Lu161   4.54580E-06
    Pb204  (p,O    )  Lu162   6.15800E-06                      Pb204  (p,O    )  Lu163   7.39470E-06
    Pb204  (p,O    )  Lu164   7.20550E-06                      Pb204  (p,O    )  Lu165   6.52310E-06
    Pb204  (p,O    )  Lu166   5.22970E-06                      Pb204  (p,O    )  Lu167   3.76640E-06
    Pb204  (p,O    )  Lu168   2.35750E-06                      Pb204  (p,O    )  Lu169   1.47660E-06
    Pb204  (p,O    )  Lu170   8.05820E-07                      Pb204  (p,O    )  Lu171   4.29050E-07
    Pb204  (p,O    )  Lu172   2.19650E-07                      Pb204  (p,O    )  Lu173   9.28610E-08
    Pb204  (p,O    )  Lu174   5.20960E-08                      Pb204  (p,O    )  Lu175   2.64940E-08
    Pb204  (p,O    )  Lu176   9.42000E-09                      Pb204  (p,O    )  Hf158   9.42000E-09
    Pb204  (p,O    )  Hf159   7.95880E-08                      Pb204  (p,O    )  Hf160   3.64830E-07
    Pb204  (p,O    )  Hf161   1.07270E-06                      Pb204  (p,O    )  Hf162   2.42880E-06
    Pb204  (p,O    )  Hf163   4.35720E-06                      Pb204  (p,O    )  Hf164   6.37990E-06
    Pb204  (p,O    )  Hf165   8.22380E-06                      Pb204  (p,O    )  Hf166   8.73390E-06
    Pb204  (p,O    )  Hf167   8.35240E-06                      Pb204  (p,O    )  Hf168   7.29950E-06
    Pb204  (p,O    )  Hf169   5.57320E-06                      Pb204  (p,O    )  Hf170   4.06130E-06
    Pb204  (p,O    )  Hf171   2.54760E-06                      Pb204  (p,O    )  Hf172   1.47310E-06
    Pb204  (p,O    )  Hf173   8.94800E-07                      Pb204  (p,O    )  Hf174   4.13800E-07
    Pb204  (p,O    )  Hf175   2.20610E-07                      Pb204  (p,O    )  Hf176   1.16440E-07
    Pb204  (p,O    )  Hf177   2.74460E-08                      Pb204  (p,O    )  Hf178   1.51210E-08
    Pb204  (p,O    )  Hf179   1.32500E-08                      Pb204  (p,O    )  Ta161   3.88230E-08
    Pb204  (p,O    )  Ta162   2.19700E-07                      Pb204  (p,O    )  Ta163   7.50980E-07
    Pb204  (p,O    )  Ta164   1.87990E-06                      Pb204  (p,O    )  Ta165   3.78800E-06
    Pb204  (p,O    )  Ta166   6.19170E-06                      Pb204  (p,O    )  Ta167   8.34730E-06
    Pb204  (p,O    )  Ta168   9.99620E-06                      Pb204  (p,O    )  Ta169   1.03020E-05
    Pb204  (p,O    )  Ta170   9.24970E-06                      Pb204  (p,O    )  Ta171   7.69000E-06
    Pb204  (p,O    )  Ta172   5.87310E-06                      Pb204  (p,O    )  Ta173   4.02380E-06
    Pb204  (p,O    )  Ta174   2.66190E-06                      Pb204  (p,O    )  Ta175   1.54660E-06
    Pb204  (p,O    )  Ta176   8.22190E-07                      Pb204  (p,O    )  Ta177   4.41360E-07
    Pb204  (p,O    )  Ta178   2.28370E-07                      Pb204  (p,O    )  Ta179   1.08950E-07
    Pb204  (p,O    )  Ta180   4.54990E-08                      Pb204  (p,O    )  Ta181   3.40150E-08
    Pb204  (p,O    )  Ta182   1.70580E-08                      Pb204  (p,O    )  W 163   1.42370E-08
    Pb204  (p,O    )  W 164   1.04130E-07                      Pb204  (p,O    )  W 165   4.58500E-07
    Pb204  (p,O    )  W 166   1.38630E-06                      Pb204  (p,O    )  W 167   2.92730E-06
    Pb204  (p,O    )  W 168   5.26600E-06                      Pb204  (p,O    )  W 169   7.73800E-06
    Pb204  (p,O    )  W 170   9.89800E-06                      Pb204  (p,O    )  W 171   1.11360E-05
    Pb204  (p,O    )  W 172   1.11400E-05                      Pb204  (p,O    )  W 173   1.00050E-05
    Pb204  (p,O    )  W 174   8.03060E-06                      Pb204  (p,O    )  W 175   6.07980E-06
    Pb204  (p,O    )  W 176   4.16770E-06                      Pb204  (p,O    )  W 177   2.63080E-06
    Pb204  (p,O    )  W 178   1.63390E-06                      Pb204  (p,O    )  W 179   9.57500E-07
    Pb204  (p,O    )  W 180   5.27350E-07                      Pb204  (p,O    )  W 181   2.81340E-07
    Pb204  (p,O    )  W 182   1.41170E-07                      Pb204  (p,O    )  W 183   6.90010E-08
    Pb204  (p,O    )  W 184   3.68950E-08                      Pb204  (p,O    )  W 185   2.17780E-08
    Pb204  (p,O    )  W 186   1.13780E-08                      Pb204  (p,O    )  W 187   9.42000E-09
    Pb204  (p,O    )  Re165   1.13500E-08                      Pb204  (p,O    )  Re166   4.26860E-08
    Pb204  (p,O    )  Re167   2.50770E-07                      Pb204  (p,O    )  Re168   7.80250E-07
    Pb204  (p,O    )  Re169   2.04840E-06                      Pb204  (p,O    )  Re170   3.92000E-06
    Pb204  (p,O    )  Re171   6.43270E-06                      Pb204  (p,O    )  Re172   9.05740E-06
    Pb204  (p,O    )  Re173   1.09730E-05                      Pb204  (p,O    )  Re174   1.21300E-05
    Pb204  (p,O    )  Re175   1.16210E-05                      Pb204  (p,O    )  Re176   1.02760E-05
    Pb204  (p,O    )  Re177   8.23400E-06                      Pb204  (p,O    )  Re178   6.27960E-06
    Pb204  (p,O    )  Re179   4.33420E-06                      Pb204  (p,O    )  Re180   2.87840E-06
    Pb204  (p,O    )  Re181   1.76700E-06                      Pb204  (p,O    )  Re182   1.13830E-06
    Pb204  (p,O    )  Re183   6.06050E-07                      Pb204  (p,O    )  Re184   3.23120E-07
    Pb204  (p,O    )  Re185   1.67620E-07                      Pb204  (p,O    )  Re186   1.01410E-07
    Pb204  (p,O    )  Re187   5.96710E-08                      Pb204  (p,O    )  Re188   2.84150E-08
    Pb204  (p,O    )  Re189   1.70500E-08                      Pb204  (p,O    )  Re190   1.00240E-08
    Pb204  (p,O    )  Re191   9.56170E-09                      Pb204  (p,O    )  Os168   1.80140E-08
    Pb204  (p,O    )  Os169   9.94510E-08                      Pb204  (p,O    )  Os170   4.36700E-07
    Pb204  (p,O    )  Os171   1.24360E-06                      Pb204  (p,O    )  Os172   2.71360E-06
    Pb204  (p,O    )  Os173   4.98040E-06                      Pb204  (p,O    )  Os174   7.70400E-06
    Pb204  (p,O    )  Os175   1.02620E-05                      Pb204  (p,O    )  Os176   1.19610E-05
    Pb204  (p,O    )  Os177   1.27770E-05                      Pb204  (p,O    )  Os178   1.22510E-05
    Pb204  (p,O    )  Os179   1.07120E-05                      Pb204  (p,O    )  Os180   8.67450E-06
    Pb204  (p,O    )  Os181   6.74120E-06                      Pb204  (p,O    )  Os182   4.67900E-06
    Pb204  (p,O    )  Os183   3.35800E-06                      Pb204  (p,O    )  Os184   2.10790E-06
    Pb204  (p,O    )  Os185   1.30820E-06                      Pb204  (p,O    )  Os186   8.45840E-07
    Pb204  (p,O    )  Os187   5.15280E-07                      Pb204  (p,O    )  Os188   3.00270E-07
    Pb204  (p,O    )  Os189   1.62960E-07                      Pb204  (p,O    )  Os190   8.99760E-08
    Pb204  (p,O    )  Os191   5.86600E-08                      Pb204  (p,O    )  Os192   3.22000E-08
    Pb204  (p,O    )  Os193   2.84230E-08                      Pb204  (p,O    )  Os194   1.61060E-08
    Pb204  (p,O    )  Os195   1.70400E-08                      Pb204  (p,O    )  Ir170   9.42000E-09
    Pb204  (p,O    )  Ir171   2.93410E-08                      Pb204  (p,O    )  Ir172   1.80970E-07
    Pb204  (p,O    )  Ir173   6.30640E-07                      Pb204  (p,O    )  Ir174   1.57580E-06
    Pb204  (p,O    )  Ir175   3.20020E-06                      Pb204  (p,O    )  Ir176   5.63730E-06
    Pb204  (p,O    )  Ir177   8.23920E-06                      Pb204  (p,O    )  Ir178   1.05560E-05
    Pb204  (p,O    )  Ir179   1.24450E-05                      Pb204  (p,O    )  Ir180   1.29030E-05
    Pb204  (p,O    )  Ir181   1.22980E-05                      Pb204  (p,O    )  Ir182   1.09290E-05
    Pb204  (p,O    )  Ir183   8.97630E-06                      Pb204  (p,O    )  Ir184   7.07180E-06
    Pb204  (p,O    )  Ir185   5.37540E-06                      Pb204  (p,O    )  Ir186   3.78840E-06
    Pb204  (p,O    )  Ir187   2.54020E-06                      Pb204  (p,O    )  Ir188   1.76410E-06
    Pb204  (p,O    )  Ir189   1.16240E-06                      Pb204  (p,O    )  Ir190   7.66420E-07
    Pb204  (p,O    )  Ir191   4.60370E-07                      Pb204  (p,O    )  Ir192   3.15410E-07
    Pb204  (p,O    )  Ir193   2.14020E-07                      Pb204  (p,O    )  Ir194   1.25030E-07
    Pb204  (p,O    )  Ir195   8.52730E-08                      Pb204  (p,O    )  Ir196   4.92710E-08
    Pb204  (p,O    )  Ir197   2.37070E-08                      Pb204  (p,O    )  Ir198   2.08300E-08
    Pb204  (p,O    )  Pt173   1.13600E-08                      Pb204  (p,O    )  Pt174   5.87330E-08
    Pb204  (p,O    )  Pt175   2.32080E-07                      Pb204  (p,O    )  Pt176   8.05130E-07
    Pb204  (p,O    )  Pt177   1.82410E-06                      Pb204  (p,O    )  Pt178   3.58590E-06
    Pb204  (p,O    )  Pt179   5.80250E-06                      Pb204  (p,O    )  Pt180   8.62890E-06
    Pb204  (p,O    )  Pt181   1.07960E-05                      Pb204  (p,O    )  Pt182   1.26000E-05
    Pb204  (p,O    )  Pt183   1.30190E-05                      Pb204  (p,O    )  Pt184   1.28420E-05
    Pb204  (p,O    )  Pt185   1.17720E-05                      Pb204  (p,O    )  Pt186   9.98450E-06
    Pb204  (p,O    )  Pt187   8.18860E-06                      Pb204  (p,O    )  Pt188   6.43340E-06
    Pb204  (p,O    )  Pt189   4.83340E-06                      Pb204  (p,O    )  Pt190   3.69690E-06
    Pb204  (p,O    )  Pt191   2.63660E-06                      Pb204  (p,O    )  Pt192   1.98940E-06
    Pb204  (p,O    )  Pt193   1.34260E-06                      Pb204  (p,O    )  Pt194   9.45110E-07
    Pb204  (p,O    )  Pt195   6.43780E-07                      Pb204  (p,O    )  Pt196   4.08180E-07
    Pb204  (p,O    )  Pt197   2.55740E-07                      Pb204  (p,O    )  Pt198   1.66710E-07
    Pb204  (p,O    )  Pt199   9.38640E-08                      Pb204  (p,O    )  Pt200   3.31380E-08
    Pb204  (p,O    )  Pt201   1.32470E-08                      Pb204  (p,O    )  Au176   1.23160E-08
    Pb204  (p,O    )  Au177   7.76730E-08                      Pb204  (p,O    )  Au178   2.98460E-07
    Pb204  (p,O    )  Au179   8.22170E-07                      Pb204  (p,O    )  Au180   1.88110E-06
    Pb204  (p,O    )  Au181   3.58910E-06                      Pb204  (p,O    )  Au182   5.71310E-06
    Pb204  (p,O    )  Au183   8.17380E-06                      Pb204  (p,O    )  Au184   1.03130E-05
    Pb204  (p,O    )  Au184m  2.22990E-05                      Pb204  (p,O    )  Au185   1.20580E-05
    Pb204  (p,O    )  Au185m  4.77000E-05                      Pb204  (p,O    )  Au186   1.27380E-05
    Pb204  (p,O    )  Au187   1.28760E-05                      Pb204  (p,O    )  Au187m  1.21150E-04
    Pb204  (p,O    )  Au188   1.21720E-05                      Pb204  (p,O    )  Au189   1.09290E-05
    Pb204  (p,O    )  Au189m  1.34920E-04                      Pb204  (p,O    )  Au190   9.43680E-06
    Pb204  (p,O    )  Au191   7.86450E-06                      Pb204  (p,O    )  Au192   6.60520E-06
    Pb204  (p,O    )  Au192m  4.80820E-05                      Pb204  (p,O    )  Au193   5.32710E-06
    Pb204  (p,O    )  Au193m  1.65930E-04                      Pb204  (p,O    )  Au194   4.28650E-06
    Pb204  (p,O    )  Au194m  1.14350E-04                      Pb204  (p,O    )  Au194n  3.83560E-05
    Pb204  (p,O    )  Au195   3.35990E-06                      Pb204  (p,O    )  Au195m  1.94910E-04
    Pb204  (p,O    )  Au196   2.65120E-06                      Pb204  (p,O    )  Au196m  1.25800E-04
    Pb204  (p,O    )  Au196n  3.68130E-05                      Pb204  (p,O    )  Au197   2.02670E-06
    Pb204  (p,O    )  Au197m  6.88940E-05                      Pb204  (p,O    )  Au198   1.44800E-06
    Pb204  (p,O    )  Au199   9.95380E-07                      Pb204  (p,O    )  Au200   5.78610E-07
    Pb204  (p,O    )  Au201   2.74590E-07                      Pb204  (p,O    )  Au202   3.31560E-08
    Pb204  (p,O    )  Hg179   1.41980E-08                      Pb204  (p,O    )  Hg180   5.68300E-08
    Pb204  (p,O    )  Hg181   2.66080E-07                      Pb204  (p,O    )  Hg182   7.82650E-07
    Pb204  (p,O    )  Hg183   1.66220E-06                      Pb204  (p,O    )  Hg184   3.32580E-06
    Pb204  (p,O    )  Hg185   5.03320E-06                      Pb204  (p,O    )  Hg185m  1.25790E-03
    Pb204  (p,O    )  Hg186   7.51530E-06                      Pb204  (p,O    )  Hg187   9.55300E-06
    Pb204  (p,O    )  Hg187m  6.07760E-04                      Pb204  (p,O    )  Hg188   1.13060E-05
    Pb204  (p,O    )  Hg189   1.27640E-05                      Pb204  (p,O    )  Hg189m  1.08850E-03
    Pb204  (p,O    )  Hg190   1.29780E-05                      Pb204  (p,O    )  Hg191   1.31520E-05
    Pb204  (p,O    )  Hg191m  1.83690E-03                      Pb204  (p,O    )  Hg192   1.26640E-05
    Pb204  (p,O    )  Hg193   1.20320E-05                      Pb204  (p,O    )  Hg193m  1.39320E-03
    Pb204  (p,O    )  Hg194   1.13090E-05                      Pb204  (p,O    )  Hg195   1.02790E-05
    Pb204  (p,O    )  Hg195m  3.41270E-03                      Pb204  (p,O    )  Hg196   9.48850E-06
    Pb204  (p,O    )  Hg197   8.80280E-06                      Pb204  (p,O    )  Hg197m  2.97060E-03
    Pb204  (p,O    )  Hg198   7.56640E-06                      Pb204  (p,O    )  Hg199   6.63660E-06
    Pb204  (p,O    )  Hg199m  1.64930E-03                      Pb204  (p,O    )  Hg200   5.76080E-06
    Pb204  (p,O    )  Hg201   4.67130E-06                      Pb204  (p,O    )  Hg202   3.18700E-06
    Pb204  (p,O    )  Hg203   2.45330E-07                      Pb204  (p,O    )  Tl182   9.47500E-09
    Pb204  (p,O    )  Tl183   3.97540E-08                      Pb204  (p,O    )  Tl184   1.66690E-07
    Pb204  (p,O    )  Tl185   5.52770E-07                      Pb204  (p,O    )  Tl185m  4.63660E-03
    Pb204  (p,O    )  Tl186   1.26530E-06                      Pb204  (p,O    )  Tl186m  2.52440E-03
    Pb204  (p,O    )  Tl187   2.44730E-06                      Pb204  (p,O    )  Tl187m  7.09230E-03
    Pb204  (p,O    )  Tl188   3.98500E-06                      Pb204  (p,O    )  Tl188m  6.60700E-03
    Pb204  (p,O    )  Tl189   5.70310E-06                      Pb204  (p,O    )  Tl189m  5.65790E-03
    Pb204  (p,O    )  Tl190   7.71070E-06                      Pb204  (p,O    )  Tl191   9.39650E-06
    Pb204  (p,O    )  Tl191m  4.10330E-03                      Pb204  (p,O    )  Tl192   1.09950E-05
    Pb204  (p,O    )  Tl192m  2.78310E-03                      Pb204  (p,O    )  Tl193   1.21330E-05
    Pb204  (p,O    )  Tl193m  1.05540E-02                      Pb204  (p,O    )  Tl194   1.32770E-05
    Pb204  (p,O    )  Tl194m  9.88870E-03                      Pb204  (p,O    )  Tl195   1.38870E-05
    Pb204  (p,O    )  Tl195m  1.22550E-02                      Pb204  (p,O    )  Tl196   1.46730E-05
    Pb204  (p,O    )  Tl196m  1.62780E-02                      Pb204  (p,O    )  Tl197   1.58700E-05
    Pb204  (p,O    )  Tl197m  2.28460E-02                      Pb204  (p,O    )  Tl198   1.65630E-05
    Pb204  (p,O    )  Tl198m  1.93240E-02                      Pb204  (p,O    )  Tl199   1.75020E-05
    Pb204  (p,O    )  Tl200   1.88200E-05                      Pb204  (p,O    )  Tl201   2.16260E-05
    Pb204  (p,O    )  Tl202   2.59670E-05                      Pb204  (p,O    )  Tl203   6.16120E-05
    Pb204  (p,O    )  Tl204   1.31580E-07                      Pb204  (p,O    )  Pb184   2.88180E-03
    Pb204  (p,O    )  Pb185   9.42000E-09                      Pb204  (p,O    )  Pb185m  8.11240E-04
    Pb204  (p,O    )  Pb186   1.99090E-08                      Pb204  (p,O    )  Pb187   8.90630E-08
    Pb204  (p,O    )  Pb187m  7.70160E-04                      Pb204  (p,O    )  Pb188   2.74780E-07
    Pb204  (p,O    )  Pb189   7.18760E-07                      Pb204  (p,O    )  Pb189m  3.82340E-03
    Pb204  (p,O    )  Pb190   1.55230E-06                      Pb204  (p,O    )  Pb191   2.63690E-06
    Pb204  (p,O    )  Pb191m  8.32580E-03                      Pb204  (p,O    )  Pb192   3.85880E-06
    Pb204  (p,O    )  Pb193   5.04710E-06                      Pb204  (p,O    )  Pb193m  1.13080E-02
    Pb204  (p,O    )  Pb194   6.61210E-06                      Pb204  (p,O    )  Pb195   8.48390E-06
    Pb204  (p,O    )  Pb195m  2.19480E-02                      Pb204  (p,O    )  Pb196   1.04930E-05
    Pb204  (p,O    )  Pb197   1.26380E-05                      Pb204  (p,O    )  Pb197m  3.59730E-02
    Pb204  (p,O    )  Pb198   1.46950E-05                      Pb204  (p,O    )  Pb199   1.78120E-05
    Pb204  (p,O    )  Pb199m  4.58880E-02                      Pb204  (p,O    )  Pb200   2.12280E-05
    Pb204  (p,O    )  Pb201   2.74960E-05                      Pb204  (p,O    )  Pb201m  5.89490E-02
    Pb204  (p,O    )  Pb202   3.91150E-05                      Pb204  (p,O    )  Pb202m  4.08920E-02
    Pb204  (p,O    )  Pb203   8.34890E-05                      Pb204  (p,O    )  Pb203m  1.07940E-02
    Pb204  (p,O    )  Pb204m  3.05760E-03                      Pb204  (p,O    )  Bi187   8.25440E-05
    Pb204  (p,O    )  Bi188   9.02190E-05                      Pb204  (p,O    )  Bi189   9.16000E-09
    Pb204  (p,O    )  Bi190   1.23090E-08                      Pb204  (p,O    )  Bi190m  2.46550E-04
    Pb204  (p,O    )  Bi191   5.11110E-08                      Pb204  (p,O    )  Bi191m  1.36090E-04
    Pb204  (p,O    )  Bi192   1.55440E-07                      Pb204  (p,O    )  Bi192m  1.22210E-03
    Pb204  (p,O    )  Bi193   3.17320E-07                      Pb204  (p,O    )  Bi193m  5.45920E-04
    Pb204  (p,O    )  Bi194   5.46780E-07                      Pb204  (p,O    )  Bi194m  1.54800E-03
    Pb204  (p,O    )  Bi194n  4.24990E-05                      Pb204  (p,O    )  Bi195   9.03920E-07
    Pb204  (p,O    )  Bi195m  1.39580E-04                      Pb204  (p,O    )  Bi196   1.36500E-06
    Pb204  (p,O    )  Bi196m  7.74650E-04                      Pb204  (p,O    )  Bi196n  1.41160E-03
    Pb204  (p,O    )  Bi197   1.80240E-06                      Pb204  (p,O    )  Bi197m  2.11410E-04
    Pb204  (p,O    )  Bi198   2.20190E-06                      Pb204  (p,O    )  Bi198m  1.77960E-03
    Pb204  (p,O    )  Bi198n  8.83850E-04                      Pb204  (p,O    )  Bi199   2.58040E-06
    Pb204  (p,O    )  Bi199m  9.55150E-04                      Pb204  (p,O    )  Bi200   2.85110E-06
    Pb204  (p,O    )  Bi200m  1.59880E-03                      Pb204  (p,O    )  Bi200n  1.23950E-03
    Pb204  (p,O    )  Bi201   3.06860E-06                      Pb204  (p,O    )  Bi201m  1.46160E-03
    Pb204  (p,O    )  Bi202   3.25440E-06                      Pb204  (p,O    )  Bi203   2.96270E-06
    Pb204  (p,O    )  Bi203m  1.44420E-04                      Pb204  (p,O    )  Bi204   1.22100E-06
    Pb204  (p,O    )  Bi205   4.87680E-05                      Pb204  (p,O    )  Po195   9.46990E-09
    Pb204  (p,O    )  Po196   1.79810E-08                      Pb204  (p,O    )  Po197   1.79880E-08
    Pb204  (p,O    )  Po198   3.88360E-08                      Pb204  (p,O    )  Po199   5.77890E-08
    Pb204  (p,O    )  Po200   5.20880E-08                      Pb204  (p,O    )  Po201   4.16830E-08
    Pb204  (p,O    )  Po202   3.31640E-08                      Pb204  (p,O    )  Po203   1.60990E-08
    Pb204  (p,O    )  Po204   8.65000E-09                      Pb204  (p,O    )  Po204   8.65000E-09
    Pb206  (p,nonel)          1.67082E+00                      Pb206  (p,F    )          3.05819E-03
    Pb206  (p,O    )  H   1   5.18200E-03                      Pb206  (p,O    )  H   2   7.98150E-04
    Pb206  (p,O    )  H   3   2.03640E-04                      Pb206  (p,O    )  He  3   7.23050E-05
    Pb206  (p,O    )  He  4   1.68890E-03                      Pb206  (p,O    )  He  6   6.95450E-06
    Pb206  (p,O    )  He  8   4.16800E-06                      Pb206  (p,O    )  Li  6   2.41320E-06
    Pb206  (p,O    )  Li  7   2.90870E-06                      Pb206  (p,O    )  Li  8   5.93750E-06
    Pb206  (p,O    )  Be  7   1.03420E-06                      Pb206  (p,O    )  B   8   9.95230E-07
    Pb206  (p,O    )  C  12   9.46990E-09                      Pb206  (p,O    )  N  14   9.47000E-09
    Pb206  (p,O    )  O  16   1.13500E-08                      Pb206  (p,O    )  O  17   1.13100E-08
    Pb206  (p,O    )  F  19   1.23090E-08                      Pb206  (p,O    )  F  20   1.23340E-08
    Pb206  (p,O    )  F  21   9.30000E-09                      Pb206  (p,O    )  Ne 20   1.42010E-08
    Pb206  (p,O    )  Ne 21   1.04130E-08                      Pb206  (p,O    )  Ne 22   1.51420E-08
    Pb206  (p,O    )  Ne 23   1.13650E-08                      Pb206  (p,O    )  Na 22   9.46490E-09
    Pb206  (p,O    )  Na 23   1.89350E-08                      Pb206  (p,O    )  Na 24   1.37250E-08
    Pb206  (p,O    )  Na 25   1.13650E-08                      Pb206  (p,O    )  Na 26   1.13600E-08
    Pb206  (p,O    )  Mg 24   9.47000E-09                      Pb206  (p,O    )  Mg 25   1.32600E-08
    Pb206  (p,O    )  Mg 26   2.07880E-08                      Pb206  (p,O    )  Mg 27   1.70580E-08
    Pb206  (p,O    )  Mg 28   1.32500E-08                      Pb206  (p,O    )  Al 26   1.23160E-08
    Pb206  (p,O    )  Al 27   3.79310E-08                      Pb206  (p,O    )  Al 28   3.22260E-08
    Pb206  (p,O    )  Al 29   2.55430E-08                      Pb206  (p,O    )  Al 30   2.27300E-08
    Pb206  (p,O    )  Al 31   1.23090E-08                      Pb206  (p,O    )  Al 32   9.36000E-09
    Pb206  (p,O    )  Si 28   1.23090E-08                      Pb206  (p,O    )  Si 29   2.93920E-08
    Pb206  (p,O    )  Si 30   3.78250E-08                      Pb206  (p,O    )  Si 31   5.48580E-08
    Pb206  (p,O    )  Si 32   2.74250E-08                      Pb206  (p,O    )  Si 33   1.41980E-08
    Pb206  (p,O    )  Si 34   1.80140E-08                      Pb206  (p,O    )  P  30   1.31270E-08
    Pb206  (p,O    )  P  31   4.26130E-08                      Pb206  (p,O    )  P  32   4.92500E-08
    Pb206  (p,O    )  P  33   4.73470E-08                      Pb206  (p,O    )  P  34   5.10470E-08
    Pb206  (p,O    )  P  35   3.88490E-08                      Pb206  (p,O    )  P  36   1.51470E-08
    Pb206  (p,O    )  P  37   1.13650E-08                      Pb206  (p,O    )  S  32   1.60810E-08
    Pb206  (p,O    )  S  33   3.21330E-08                      Pb206  (p,O    )  S  34   5.77810E-08
    Pb206  (p,O    )  S  35   8.14160E-08                      Pb206  (p,O    )  S  36   6.72250E-08
    Pb206  (p,O    )  S  37   5.48960E-08                      Pb206  (p,O    )  S  38   2.65410E-08
    Pb206  (p,O    )  S  39   1.41910E-08                      Pb206  (p,O    )  S  40   1.28200E-08
    Pb206  (p,O    )  Cl 34   9.47500E-09                      Pb206  (p,O    )  Cl 35   4.34920E-08
    Pb206  (p,O    )  Cl 36   8.42240E-08                      Pb206  (p,O    )  Cl 37   1.08900E-07
    Pb206  (p,O    )  Cl 38   8.14160E-08                      Pb206  (p,O    )  Cl 39   8.80270E-08
    Pb206  (p,O    )  Cl 40   3.97880E-08                      Pb206  (p,O    )  Cl 41   1.70760E-08
    Pb206  (p,O    )  Cl 42   9.30000E-09                      Pb206  (p,O    )  Ar 36   1.13650E-08
    Pb206  (p,O    )  Ar 37   4.92830E-08                      Pb206  (p,O    )  Ar 38   8.04720E-08
    Pb206  (p,O    )  Ar 39   1.21170E-07                      Pb206  (p,O    )  Ar 40   1.28670E-07
    Pb206  (p,O    )  Ar 41   1.32680E-07                      Pb206  (p,O    )  Ar 42   7.00980E-08
    Pb206  (p,O    )  Ar 43   3.59980E-08                      Pb206  (p,O    )  Ar 44   1.61060E-08
    Pb206  (p,O    )  K  38   1.51500E-08                      Pb206  (p,O    )  K  39   3.88490E-08
    Pb206  (p,O    )  K  40   7.84380E-08                      Pb206  (p,O    )  K  41   1.27870E-07
    Pb206  (p,O    )  K  42   1.57020E-07                      Pb206  (p,O    )  K  43   1.44840E-07
    Pb206  (p,O    )  K  44   1.07080E-07                      Pb206  (p,O    )  K  45   6.15530E-08
    Pb206  (p,O    )  K  46   3.31770E-08                      Pb206  (p,O    )  K  47   1.11170E-08
    Pb206  (p,O    )  Ca 40   1.04260E-08                      Pb206  (p,O    )  Ca 41   4.16360E-08
    Pb206  (p,O    )  Ca 42   1.07860E-07                      Pb206  (p,O    )  Ca 43   1.55320E-07
    Pb206  (p,O    )  Ca 44   1.88410E-07                      Pb206  (p,O    )  Ca 45   1.99850E-07
    Pb206  (p,O    )  Ca 46   1.45840E-07                      Pb206  (p,O    )  Ca 47   1.06090E-07
    Pb206  (p,O    )  Ca 48   4.54600E-08                      Pb206  (p,O    )  Ca 49   1.89320E-08
    Pb206  (p,O    )  Ca 50   1.13500E-08                      Pb206  (p,O    )  Sc 43   4.92630E-08
    Pb206  (p,O    )  Sc 44   1.05220E-07                      Pb206  (p,O    )  Sc 45   1.79970E-07
    Pb206  (p,O    )  Sc 46   2.32020E-07                      Pb206  (p,O    )  Sc 47   2.48110E-07
    Pb206  (p,O    )  Sc 48   2.01770E-07                      Pb206  (p,O    )  Sc 49   1.80020E-07
    Pb206  (p,O    )  Sc 50   7.47920E-08                      Pb206  (p,O    )  Sc 51   2.74460E-08
    Pb206  (p,O    )  Sc 52   1.23160E-08                      Pb206  (p,O    )  Ti 44   1.13600E-08
    Pb206  (p,O    )  Ti 45   4.07310E-08                      Pb206  (p,O    )  Ti 46   1.12780E-07
    Pb206  (p,O    )  Ti 47   1.81820E-07                      Pb206  (p,O    )  Ti 48   2.78280E-07
    Pb206  (p,O    )  Ti 49   3.27770E-07                      Pb206  (p,O    )  Ti 50   2.65330E-07
    Pb206  (p,O    )  Ti 51   2.25440E-07                      Pb206  (p,O    )  Ti 52   1.40080E-07
    Pb206  (p,O    )  Ti 53   7.95340E-08                      Pb206  (p,O    )  Ti 54   2.84150E-08
    Pb206  (p,O    )  Ti 55   1.51500E-08                      Pb206  (p,O    )  V  47   2.55560E-08
    Pb206  (p,O    )  V  48   8.89830E-08                      Pb206  (p,O    )  V  49   2.30050E-07
    Pb206  (p,O    )  V  50   3.09840E-07                      Pb206  (p,O    )  V  51   4.06100E-07
    Pb206  (p,O    )  V  52   3.61860E-07                      Pb206  (p,O    )  V  53   3.29460E-07
    Pb206  (p,O    )  V  54   1.73350E-07                      Pb206  (p,O    )  V  55   1.20350E-07
    Pb206  (p,O    )  V  56   4.06590E-08                      Pb206  (p,O    )  V  57   9.47500E-09
    Pb206  (p,O    )  Cr 49   1.98960E-08                      Pb206  (p,O    )  Cr 50   9.95230E-08
    Pb206  (p,O    )  Cr 51   2.37460E-07                      Pb206  (p,O    )  Cr 52   3.69360E-07
    Pb206  (p,O    )  Cr 53   4.68020E-07                      Pb206  (p,O    )  Cr 54   4.64150E-07
    Pb206  (p,O    )  Cr 55   4.21230E-07                      Pb206  (p,O    )  Cr 56   2.73740E-07
    Pb206  (p,O    )  Cr 57   1.75270E-07                      Pb206  (p,O    )  Cr 58   5.40590E-08
    Pb206  (p,O    )  Cr 59   3.22000E-08                      Pb206  (p,O    )  Cr 60   1.32500E-08
    Pb206  (p,O    )  Mn 51   1.23160E-08                      Pb206  (p,O    )  Mn 52   8.33320E-08
    Pb206  (p,O    )  Mn 53   2.17700E-07                      Pb206  (p,O    )  Mn 54   4.02440E-07
    Pb206  (p,O    )  Mn 55   5.29140E-07                      Pb206  (p,O    )  Mn 56   6.16400E-07
    Pb206  (p,O    )  Mn 57   5.11230E-07                      Pb206  (p,O    )  Mn 58   4.33710E-07
    Pb206  (p,O    )  Mn 59   2.25480E-07                      Pb206  (p,O    )  Mn 60   1.14670E-07
    Pb206  (p,O    )  Mn 61   4.35520E-08                      Pb206  (p,O    )  Mn 62   2.08400E-08
    Pb206  (p,O    )  Mn 63   8.67000E-09                      Pb206  (p,O    )  Fe 53   1.30130E-08
    Pb206  (p,O    )  Fe 54   6.15450E-08                      Pb206  (p,O    )  Fe 55   2.10200E-07
    Pb206  (p,O    )  Fe 56   4.17710E-07                      Pb206  (p,O    )  Fe 57   6.16390E-07
    Pb206  (p,O    )  Fe 58   6.44670E-07                      Pb206  (p,O    )  Fe 59   6.86560E-07
    Pb206  (p,O    )  Fe 60   5.59920E-07                      Pb206  (p,O    )  Fe 61   3.46530E-07
    Pb206  (p,O    )  Fe 62   1.86460E-07                      Pb206  (p,O    )  Fe 63   1.07020E-07
    Pb206  (p,O    )  Fe 64   3.12020E-08                      Pb206  (p,O    )  Fe 65   1.42140E-08
    Pb206  (p,O    )  Co 55   9.47000E-09                      Pb206  (p,O    )  Co 56   5.39530E-08
    Pb206  (p,O    )  Co 57   1.67750E-07                      Pb206  (p,O    )  Co 58   4.43250E-07
    Pb206  (p,O    )  Co 59   6.77890E-07                      Pb206  (p,O    )  Co 60   8.47730E-07
    Pb206  (p,O    )  Co 61   8.77010E-07                      Pb206  (p,O    )  Co 62   6.96810E-07
    Pb206  (p,O    )  Co 63   5.59730E-07                      Pb206  (p,O    )  Co 64   3.01180E-07
    Pb206  (p,O    )  Co 65   1.77120E-07                      Pb206  (p,O    )  Co 66   5.77680E-08
    Pb206  (p,O    )  Co 67   1.70580E-08                      Pb206  (p,O    )  Co 68   9.42000E-09
    Pb206  (p,O    )  Ni 58   3.96950E-08                      Pb206  (p,O    )  Ni 59   1.57190E-07
    Pb206  (p,O    )  Ni 60   3.60590E-07                      Pb206  (p,O    )  Ni 61   6.82530E-07
    Pb206  (p,O    )  Ni 62   9.97140E-07                      Pb206  (p,O    )  Ni 63   1.04300E-06
    Pb206  (p,O    )  Ni 64   9.16690E-07                      Pb206  (p,O    )  Ni 65   7.34050E-07
    Pb206  (p,O    )  Ni 66   4.52910E-07                      Pb206  (p,O    )  Ni 67   2.54020E-07
    Pb206  (p,O    )  Ni 68   1.13700E-07                      Pb206  (p,O    )  Ni 69   4.16960E-08
    Pb206  (p,O    )  Ni 70   1.61060E-08                      Pb206  (p,O    )  Ni 71   9.08000E-09
    Pb206  (p,O    )  Cu 60   2.08610E-08                      Pb206  (p,O    )  Cu 61   1.29720E-07
    Pb206  (p,O    )  Cu 62   3.90880E-07                      Pb206  (p,O    )  Cu 63   7.10250E-07
    Pb206  (p,O    )  Cu 64   1.09090E-06                      Pb206  (p,O    )  Cu 65   1.26040E-06
    Pb206  (p,O    )  Cu 66   1.19230E-06                      Pb206  (p,O    )  Cu 67   9.82160E-07
    Pb206  (p,O    )  Cu 68   6.30740E-07                      Pb206  (p,O    )  Cu 69   3.74310E-07
    Pb206  (p,O    )  Cu 70   1.78080E-07                      Pb206  (p,O    )  Cu 71   6.15330E-08
    Pb206  (p,O    )  Cu 72   1.61190E-08                      Pb206  (p,O    )  Cu 73   1.13600E-08
    Pb206  (p,O    )  Zn 62   2.36270E-08                      Pb206  (p,O    )  Zn 63   1.16540E-07
    Pb206  (p,O    )  Zn 64   3.37120E-07                      Pb206  (p,O    )  Zn 65   7.41250E-07
    Pb206  (p,O    )  Zn 66   1.11740E-06                      Pb206  (p,O    )  Zn 67   1.42070E-06
    Pb206  (p,O    )  Zn 68   1.42140E-06                      Pb206  (p,O    )  Zn 69   1.25390E-06
    Pb206  (p,O    )  Zn 70   9.04250E-07                      Pb206  (p,O    )  Zn 71   5.13490E-07
    Pb206  (p,O    )  Zn 72   2.95520E-07                      Pb206  (p,O    )  Zn 73   1.34540E-07
    Pb206  (p,O    )  Zn 74   5.29550E-08                      Pb206  (p,O    )  Zn 75   1.13570E-08
    Pb206  (p,O    )  Zn 76   9.46000E-09                      Pb206  (p,O    )  Zn 77   8.57000E-09
    Pb206  (p,O    )  Ga 64   1.70400E-08                      Pb206  (p,O    )  Ga 65   8.32640E-08
    Pb206  (p,O    )  Ga 66   2.71800E-07                      Pb206  (p,O    )  Ga 67   6.54010E-07
    Pb206  (p,O    )  Ga 68   1.15020E-06                      Pb206  (p,O    )  Ga 69   1.53920E-06
    Pb206  (p,O    )  Ga 70   1.68480E-06                      Pb206  (p,O    )  Ga 71   1.57070E-06
    Pb206  (p,O    )  Ga 72   1.22540E-06                      Pb206  (p,O    )  Ga 73   7.87040E-07
    Pb206  (p,O    )  Ga 74   4.82030E-07                      Pb206  (p,O    )  Ga 75   2.29350E-07
    Pb206  (p,O    )  Ga 76   7.76600E-08                      Pb206  (p,O    )  Ga 77   3.12480E-08
    Pb206  (p,O    )  Ga 78   1.51450E-08                      Pb206  (p,O    )  Ga 79   8.60000E-09
    Pb206  (p,O    )  Ge 66   9.46000E-09                      Pb206  (p,O    )  Ge 67   5.40250E-08
    Pb206  (p,O    )  Ge 68   2.52680E-07                      Pb206  (p,O    )  Ge 69   6.42830E-07
    Pb206  (p,O    )  Ge 70   1.01770E-06                      Pb206  (p,O    )  Ge 71   1.50890E-06
    Pb206  (p,O    )  Ge 72   1.82200E-06                      Pb206  (p,O    )  Ge 73   1.84140E-06
    Pb206  (p,O    )  Ge 74   1.60260E-06                      Pb206  (p,O    )  Ge 75   1.17830E-06
    Pb206  (p,O    )  Ge 76   6.09820E-07                      Pb206  (p,O    )  Ge 77   3.49550E-07
    Pb206  (p,O    )  Ge 78   1.78110E-07                      Pb206  (p,O    )  Ge 79   7.10360E-08
    Pb206  (p,O    )  Ge 80   1.61060E-08                      Pb206  (p,O    )  Ge 81   1.13100E-08
    Pb206  (p,O    )  As 69   4.64500E-08                      Pb206  (p,O    )  As 70   2.14000E-07
    Pb206  (p,O    )  As 71   5.50120E-07                      Pb206  (p,O    )  As 72   1.04730E-06
    Pb206  (p,O    )  As 73   1.58570E-06                      Pb206  (p,O    )  As 74   1.94040E-06
    Pb206  (p,O    )  As 75   2.09980E-06                      Pb206  (p,O    )  As 76   1.87450E-06
    Pb206  (p,O    )  As 77   1.45180E-06                      Pb206  (p,O    )  As 78   9.93270E-07
    Pb206  (p,O    )  As 79   5.62660E-07                      Pb206  (p,O    )  As 80   2.79390E-07
    Pb206  (p,O    )  As 81   1.11810E-07                      Pb206  (p,O    )  As 82   3.88230E-08
    Pb206  (p,O    )  As 83   1.13570E-08                      Pb206  (p,O    )  As 84   1.04400E-08
    Pb206  (p,O    )  Se 71   2.36480E-08                      Pb206  (p,O    )  Se 72   1.62850E-07
    Pb206  (p,O    )  Se 73   4.29770E-07                      Pb206  (p,O    )  Se 74   9.73490E-07
    Pb206  (p,O    )  Se 75   1.52210E-06                      Pb206  (p,O    )  Se 76   1.96980E-06
    Pb206  (p,O    )  Se 77   2.37990E-06                      Pb206  (p,O    )  Se 78   2.22390E-06
    Pb206  (p,O    )  Se 79   1.86320E-06                      Pb206  (p,O    )  Se 80   1.25040E-06
    Pb206  (p,O    )  Se 81   7.75620E-07                      Pb206  (p,O    )  Se 82   4.47950E-07
    Pb206  (p,O    )  Se 83   1.89410E-07                      Pb206  (p,O    )  Se 84   9.38130E-08
    Pb206  (p,O    )  Se 85   1.89060E-08                      Pb206  (p,O    )  Se 86   9.46000E-09
    Pb206  (p,O    )  Br 73   1.51420E-08                      Pb206  (p,O    )  Br 74   1.20230E-07
    Pb206  (p,O    )  Br 75   3.70270E-07                      Pb206  (p,O    )  Br 76   7.81070E-07
    Pb206  (p,O    )  Br 77   1.46520E-06                      Pb206  (p,O    )  Br 78   2.03410E-06
    Pb206  (p,O    )  Br 79   2.52220E-06                      Pb206  (p,O    )  Br 80   2.44870E-06
    Pb206  (p,O    )  Br 81   2.20450E-06                      Pb206  (p,O    )  Br 82   1.67370E-06
    Pb206  (p,O    )  Br 83   1.15380E-06                      Pb206  (p,O    )  Br 84   6.42850E-07
    Pb206  (p,O    )  Br 85   3.12570E-07                      Pb206  (p,O    )  Br 86   1.35440E-07
    Pb206  (p,O    )  Br 87   2.55560E-08                      Pb206  (p,O    )  Br 88   1.89300E-08
    Pb206  (p,O    )  Br 89   8.80000E-09                      Pb206  (p,O    )  Kr 75   9.47000E-09
    Pb206  (p,O    )  Kr 76   8.14880E-08                      Pb206  (p,O    )  Kr 77   2.74720E-07
    Pb206  (p,O    )  Kr 78   6.65430E-07                      Pb206  (p,O    )  Kr 79   1.33800E-06
    Pb206  (p,O    )  Kr 80   1.87130E-06                      Pb206  (p,O    )  Kr 81   2.52230E-06
    Pb206  (p,O    )  Kr 82   2.75430E-06                      Pb206  (p,O    )  Kr 83   2.61090E-06
    Pb206  (p,O    )  Kr 84   2.13200E-06                      Pb206  (p,O    )  Kr 85   1.45100E-06
    Pb206  (p,O    )  Kr 86   8.31530E-07                      Pb206  (p,O    )  Kr 87   4.52760E-07
    Pb206  (p,O    )  Kr 88   2.13030E-07                      Pb206  (p,O    )  Kr 89   7.38150E-08
    Pb206  (p,O    )  Kr 90   1.51550E-08                      Pb206  (p,O    )  Kr 91   1.13570E-08
    Pb206  (p,O    )  Kr 92   9.12000E-09                      Pb206  (p,O    )  Rb 78   4.35180E-08
    Pb206  (p,O    )  Rb 79   2.11300E-07                      Pb206  (p,O    )  Rb 80   5.64220E-07
    Pb206  (p,O    )  Rb 81   1.14130E-06                      Pb206  (p,O    )  Rb 82   1.83040E-06
    Pb206  (p,O    )  Rb 83   2.45460E-06                      Pb206  (p,O    )  Rb 84   2.89580E-06
    Pb206  (p,O    )  Rb 85   2.86360E-06                      Pb206  (p,O    )  Rb 86   2.53260E-06
    Pb206  (p,O    )  Rb 87   1.75860E-06                      Pb206  (p,O    )  Rb 88   1.16900E-06
    Pb206  (p,O    )  Rb 89   6.24220E-07                      Pb206  (p,O    )  Rb 90   2.88920E-07
    Pb206  (p,O    )  Rb 91   1.15520E-07                      Pb206  (p,O    )  Rb 92   3.50720E-08
    Pb206  (p,O    )  Rb 93   1.51500E-08                      Pb206  (p,O    )  Rb 94   1.21100E-08
    Pb206  (p,O    )  Sr 80   2.93200E-08                      Pb206  (p,O    )  Sr 81   1.36350E-07
    Pb206  (p,O    )  Sr 82   4.77290E-07                      Pb206  (p,O    )  Sr 83   9.61190E-07
    Pb206  (p,O    )  Sr 84   1.66090E-06                      Pb206  (p,O    )  Sr 85   2.40940E-06
    Pb206  (p,O    )  Sr 86   2.88500E-06                      Pb206  (p,O    )  Sr 87   3.13380E-06
    Pb206  (p,O    )  Sr 88   2.81730E-06                      Pb206  (p,O    )  Sr 89   2.20410E-06
    Pb206  (p,O    )  Sr 90   1.45100E-06                      Pb206  (p,O    )  Sr 91   8.54220E-07
    Pb206  (p,O    )  Sr 92   4.43110E-07                      Pb206  (p,O    )  Sr 93   2.03430E-07
    Pb206  (p,O    )  Sr 94   7.66950E-08                      Pb206  (p,O    )  Sr 95   3.12020E-08
    Pb206  (p,O    )  Sr 96   9.46000E-09                      Pb206  (p,O    )  Y  82   1.70370E-08
    Pb206  (p,O    )  Y  83   1.07970E-07                      Pb206  (p,O    )  Y  84   3.33230E-07
    Pb206  (p,O    )  Y  85   7.87030E-07                      Pb206  (p,O    )  Y  86   1.43750E-06
    Pb206  (p,O    )  Y  87   2.16500E-06                      Pb206  (p,O    )  Y  88   2.77170E-06
    Pb206  (p,O    )  Y  89   3.07510E-06                      Pb206  (p,O    )  Y  90   2.90860E-06
    Pb206  (p,O    )  Y  91   2.36300E-06                      Pb206  (p,O    )  Y  92   1.72670E-06
    Pb206  (p,O    )  Y  93   1.05130E-06                      Pb206  (p,O    )  Y  94   6.03330E-07
    Pb206  (p,O    )  Y  95   2.70750E-07                      Pb206  (p,O    )  Y  96   1.20310E-07
    Pb206  (p,O    )  Y  97   4.16960E-08                      Pb206  (p,O    )  Y  98   1.13600E-08
    Pb206  (p,O    )  Y  99   8.70000E-09                      Pb206  (p,O    )  Zr 84   1.12300E-08
    Pb206  (p,O    )  Zr 85   6.05940E-08                      Pb206  (p,O    )  Zr 86   2.56730E-07
    Pb206  (p,O    )  Zr 87   6.02120E-07                      Pb206  (p,O    )  Zr 88   1.17800E-06
    Pb206  (p,O    )  Zr 89   1.92420E-06                      Pb206  (p,O    )  Zr 90   2.56050E-06
    Pb206  (p,O    )  Zr 91   3.02860E-06                      Pb206  (p,O    )  Zr 92   3.05280E-06
    Pb206  (p,O    )  Zr 93   2.60370E-06                      Pb206  (p,O    )  Zr 94   1.95300E-06
    Pb206  (p,O    )  Zr 95   1.33290E-06                      Pb206  (p,O    )  Zr 96   7.41930E-07
    Pb206  (p,O    )  Zr 97   3.96910E-07                      Pb206  (p,O    )  Zr 98   1.45930E-07
    Pb206  (p,O    )  Zr 99   6.05680E-08                      Pb206  (p,O    )  Zr100   1.41980E-08
    Pb206  (p,O    )  Zr101   9.25000E-09                      Pb206  (p,O    )  Nb 87   4.64030E-08
    Pb206  (p,O    )  Nb 88   1.47640E-07                      Pb206  (p,O    )  Nb 89   4.48690E-07
    Pb206  (p,O    )  Nb 90   9.49760E-07                      Pb206  (p,O    )  Nb 91   1.67500E-06
    Pb206  (p,O    )  Nb 92   2.28260E-06                      Pb206  (p,O    )  Nb 93   2.70820E-06
    Pb206  (p,O    )  Nb 94   2.93700E-06                      Pb206  (p,O    )  Nb 95   2.64310E-06
    Pb206  (p,O    )  Nb 96   2.11320E-06                      Pb206  (p,O    )  Nb 97   1.42420E-06
    Pb206  (p,O    )  Nb 98   9.07260E-07                      Pb206  (p,O    )  Nb 99   4.91330E-07
    Pb206  (p,O    )  Nb100   2.13100E-07                      Pb206  (p,O    )  Nb101   9.28020E-08
    Pb206  (p,O    )  Nb102   3.79520E-08                      Pb206  (p,O    )  Nb103   1.13570E-08
    Pb206  (p,O    )  Mo 89   2.17910E-08                      Pb206  (p,O    )  Mo 90   1.01410E-07
    Pb206  (p,O    )  Mo 91   3.60920E-07                      Pb206  (p,O    )  Mo 92   7.44210E-07
    Pb206  (p,O    )  Mo 93   1.34440E-06                      Pb206  (p,O    )  Mo 94   1.99500E-06
    Pb206  (p,O    )  Mo 95   2.47110E-06                      Pb206  (p,O    )  Mo 96   2.79340E-06
    Pb206  (p,O    )  Mo 97   2.68420E-06                      Pb206  (p,O    )  Mo 98   2.25630E-06
    Pb206  (p,O    )  Mo 99   1.65050E-06                      Pb206  (p,O    )  Mo100   1.07410E-06
    Pb206  (p,O    )  Mo101   6.26090E-07                      Pb206  (p,O    )  Mo102   2.94550E-07
    Pb206  (p,O    )  Mo103   1.37200E-07                      Pb206  (p,O    )  Mo104   4.54600E-08
    Pb206  (p,O    )  Mo105   1.79880E-08                      Pb206  (p,O    )  Mo106   9.50150E-09
    Pb206  (p,O    )  Tc 91   9.46070E-09                      Pb206  (p,O    )  Tc 92   6.53180E-08
    Pb206  (p,O    )  Tc 93   2.27250E-07                      Pb206  (p,O    )  Tc 94   5.91870E-07
    Pb206  (p,O    )  Tc 95   1.05520E-06                      Pb206  (p,O    )  Tc 96   1.64830E-06
    Pb206  (p,O    )  Tc 97   2.20170E-06                      Pb206  (p,O    )  Tc 98   2.44930E-06
    Pb206  (p,O    )  Tc 99   2.45960E-06                      Pb206  (p,O    )  Tc100   2.25190E-06
    Pb206  (p,O    )  Tc101   1.73630E-06                      Pb206  (p,O    )  Tc102   1.14810E-06
    Pb206  (p,O    )  Tc103   6.55770E-07                      Pb206  (p,O    )  Tc104   3.57230E-07
    Pb206  (p,O    )  Tc105   1.62020E-07                      Pb206  (p,O    )  Tc106   6.44510E-08
    Pb206  (p,O    )  Tc107   1.70760E-08                      Pb206  (p,O    )  Tc108   9.42000E-09
    Pb206  (p,O    )  Ru 94   3.40820E-08                      Pb206  (p,O    )  Ru 95   1.80760E-07
    Pb206  (p,O    )  Ru 96   3.96670E-07                      Pb206  (p,O    )  Ru 97   7.93900E-07
    Pb206  (p,O    )  Ru 98   1.29680E-06                      Pb206  (p,O    )  Ru 99   1.80530E-06
    Pb206  (p,O    )  Ru100   2.23050E-06                      Pb206  (p,O    )  Ru101   2.29480E-06
    Pb206  (p,O    )  Ru102   2.05150E-06                      Pb206  (p,O    )  Ru103   1.71610E-06
    Pb206  (p,O    )  Ru104   1.17530E-06                      Pb206  (p,O    )  Ru105   7.58750E-07
    Pb206  (p,O    )  Ru106   4.11800E-07                      Pb206  (p,O    )  Ru107   2.26390E-07
    Pb206  (p,O    )  Ru108   9.27550E-08                      Pb206  (p,O    )  Ru109   3.31180E-08
    Pb206  (p,O    )  Ru110   9.47000E-09                      Pb206  (p,O    )  Ru111   1.12200E-08
    Pb206  (p,O    )  Rh 96   1.70370E-08                      Pb206  (p,O    )  Rh 97   8.70030E-08
    Pb206  (p,O    )  Rh 98   2.44240E-07                      Pb206  (p,O    )  Rh 99   6.42950E-07
    Pb206  (p,O    )  Rh100   1.02450E-06                      Pb206  (p,O    )  Rh101   1.44500E-06
    Pb206  (p,O    )  Rh102   1.83170E-06                      Pb206  (p,O    )  Rh103   2.04210E-06
    Pb206  (p,O    )  Rh104   1.87800E-06                      Pb206  (p,O    )  Rh105   1.58650E-06
    Pb206  (p,O    )  Rh106   1.23220E-06                      Pb206  (p,O    )  Rh107   8.02480E-07
    Pb206  (p,O    )  Rh108   4.65110E-07                      Pb206  (p,O    )  Rh109   2.64210E-07
    Pb206  (p,O    )  Rh110   1.26900E-07                      Pb206  (p,O    )  Rh111   3.50590E-08
    Pb206  (p,O    )  Rh112   1.32730E-08                      Pb206  (p,O    )  Rh113   9.47000E-09
    Pb206  (p,O    )  Pd 98   1.61190E-08                      Pb206  (p,O    )  Pd 99   4.82600E-08
    Pb206  (p,O    )  Pd100   1.81850E-07                      Pb206  (p,O    )  Pd101   4.14650E-07
    Pb206  (p,O    )  Pd102   7.75630E-07                      Pb206  (p,O    )  Pd103   1.19440E-06
    Pb206  (p,O    )  Pd104   1.51300E-06                      Pb206  (p,O    )  Pd105   1.72360E-06
    Pb206  (p,O    )  Pd106   1.68520E-06                      Pb206  (p,O    )  Pd107   1.44150E-06
    Pb206  (p,O    )  Pd108   1.14600E-06                      Pb206  (p,O    )  Pd109   7.80450E-07
    Pb206  (p,O    )  Pd110   4.96050E-07                      Pb206  (p,O    )  Pd111   2.89730E-07
    Pb206  (p,O    )  Pd112   1.11730E-07                      Pb206  (p,O    )  Pd113   6.34610E-08
    Pb206  (p,O    )  Pd114   2.56020E-08                      Pb206  (p,O    )  Pd115   9.46990E-09
    Pb206  (p,O    )  Pd116   1.42400E-08                      Pb206  (p,O    )  Ag101   2.93200E-08
    Pb206  (p,O    )  Ag102   1.16430E-07                      Pb206  (p,O    )  Ag103   2.63410E-07
    Pb206  (p,O    )  Ag104   5.73650E-07                      Pb206  (p,O    )  Ag105   8.59930E-07
    Pb206  (p,O    )  Ag106   1.15840E-06                      Pb206  (p,O    )  Ag107   1.39450E-06
    Pb206  (p,O    )  Ag108   1.43380E-06                      Pb206  (p,O    )  Ag109   1.24920E-06
    Pb206  (p,O    )  Ag110   1.11580E-06                      Pb206  (p,O    )  Ag111   7.61390E-07
    Pb206  (p,O    )  Ag112   5.09690E-07                      Pb206  (p,O    )  Ag113   3.01150E-07
    Pb206  (p,O    )  Ag114   1.68680E-07                      Pb206  (p,O    )  Ag115   7.95550E-08
    Pb206  (p,O    )  Ag116   3.03050E-08                      Pb206  (p,O    )  Ag117   1.32390E-08
    Pb206  (p,O    )  Ag118   9.47500E-09                      Pb206  (p,O    )  Cd103   2.26960E-08
    Pb206  (p,O    )  Cd104   5.39320E-08                      Pb206  (p,O    )  Cd105   1.77080E-07
    Pb206  (p,O    )  Cd106   3.71950E-07                      Pb206  (p,O    )  Cd107   6.41920E-07
    Pb206  (p,O    )  Cd108   9.13770E-07                      Pb206  (p,O    )  Cd109   1.03500E-06
    Pb206  (p,O    )  Cd110   1.18000E-06                      Pb206  (p,O    )  Cd111   1.16600E-06
    Pb206  (p,O    )  Cd112   9.58730E-07                      Pb206  (p,O    )  Cd113   7.53090E-07
    Pb206  (p,O    )  Cd114   4.92560E-07                      Pb206  (p,O    )  Cd115   3.09870E-07
    Pb206  (p,O    )  Cd116   1.77030E-07                      Pb206  (p,O    )  Cd117   9.75430E-08
    Pb206  (p,O    )  Cd118   3.79310E-08                      Pb206  (p,O    )  Cd119   2.46100E-08
    Pb206  (p,O    )  Cd120   9.42000E-09                      Pb206  (p,O    )  Cd121   8.57000E-09
    Pb206  (p,O    )  In105   9.47000E-09                      Pb206  (p,O    )  In106   3.12950E-08
    Pb206  (p,O    )  In107   1.08980E-07                      Pb206  (p,O    )  In108   2.83140E-07
    Pb206  (p,O    )  In109   4.76480E-07                      Pb206  (p,O    )  In110   6.83770E-07
    Pb206  (p,O    )  In111   8.87250E-07                      Pb206  (p,O    )  In112   9.56700E-07
    Pb206  (p,O    )  In113   9.04510E-07                      Pb206  (p,O    )  In114   8.55270E-07
    Pb206  (p,O    )  In115   6.44120E-07                      Pb206  (p,O    )  In116   4.87770E-07
    Pb206  (p,O    )  In117   3.18160E-07                      Pb206  (p,O    )  In118   1.84600E-07
    Pb206  (p,O    )  In119   9.84740E-08                      Pb206  (p,O    )  In120   6.25480E-08
    Pb206  (p,O    )  In121   1.70580E-08                      Pb206  (p,O    )  In122   9.47000E-09
    Pb206  (p,O    )  In123   1.03800E-08                      Pb206  (p,O    )  Sn108   2.46120E-08
    Pb206  (p,O    )  Sn109   8.23670E-08                      Pb206  (p,O    )  Sn110   1.97280E-07
    Pb206  (p,O    )  Sn111   3.36300E-07                      Pb206  (p,O    )  Sn112   5.07620E-07
    Pb206  (p,O    )  Sn113   6.85760E-07                      Pb206  (p,O    )  Sn114   7.51740E-07
    Pb206  (p,O    )  Sn115   7.93540E-07                      Pb206  (p,O    )  Sn116   6.92370E-07
    Pb206  (p,O    )  Sn117   5.93870E-07                      Pb206  (p,O    )  Sn118   4.50970E-07
    Pb206  (p,O    )  Sn119   3.06760E-07                      Pb206  (p,O    )  Sn120   1.92340E-07
    Pb206  (p,O    )  Sn121   1.19250E-07                      Pb206  (p,O    )  Sn122   5.21690E-08
    Pb206  (p,O    )  Sn123   1.99090E-08                      Pb206  (p,O    )  Sn124   1.23090E-08
    Pb206  (p,O    )  Sn125   1.05300E-08                      Pb206  (p,O    )  Sb110   9.47500E-09
    Pb206  (p,O    )  Sb111   4.36160E-08                      Pb206  (p,O    )  Sb112   1.15520E-07
    Pb206  (p,O    )  Sb113   2.31060E-07                      Pb206  (p,O    )  Sb114   3.66650E-07
    Pb206  (p,O    )  Sb115   4.88800E-07                      Pb206  (p,O    )  Sb116   6.20630E-07
    Pb206  (p,O    )  Sb117   6.20350E-07                      Pb206  (p,O    )  Sb118   5.91920E-07
    Pb206  (p,O    )  Sb119   4.84060E-07                      Pb206  (p,O    )  Sb120   3.89200E-07
    Pb206  (p,O    )  Sb121   2.70780E-07                      Pb206  (p,O    )  Sb122   1.79940E-07
    Pb206  (p,O    )  Sb123   1.01430E-07                      Pb206  (p,O    )  Sb124   6.05760E-08
    Pb206  (p,O    )  Sb125   2.74380E-08                      Pb206  (p,O    )  Sb126   1.32400E-08
    Pb206  (p,O    )  Sb127   9.36000E-09                      Pb206  (p,O    )  Sb128   9.55000E-09
    Pb206  (p,O    )  Te112   9.36000E-09                      Pb206  (p,O    )  Te113   2.27430E-08
    Pb206  (p,O    )  Te114   6.72380E-08                      Pb206  (p,O    )  Te115   1.44820E-07
    Pb206  (p,O    )  Te116   2.36770E-07                      Pb206  (p,O    )  Te117   3.54990E-07
    Pb206  (p,O    )  Te118   4.09120E-07                      Pb206  (p,O    )  Te119   4.75420E-07
    Pb206  (p,O    )  Te120   4.63100E-07                      Pb206  (p,O    )  Te121   4.27140E-07
    Pb206  (p,O    )  Te122   3.34240E-07                      Pb206  (p,O    )  Te123   2.60610E-07
    Pb206  (p,O    )  Te124   1.79810E-07                      Pb206  (p,O    )  Te125   1.04090E-07
    Pb206  (p,O    )  Te126   6.15920E-08                      Pb206  (p,O    )  Te127   2.65330E-08
    Pb206  (p,O    )  Te128   1.80270E-08                      Pb206  (p,O    )  Te129   1.45200E-08
    Pb206  (p,O    )  Te130   1.23200E-08                      Pb206  (p,O    )  I 115   1.51550E-08
    Pb206  (p,O    )  I 116   2.65070E-08                      Pb206  (p,O    )  I 117   9.75350E-08
    Pb206  (p,O    )  I 118   1.75050E-07                      Pb206  (p,O    )  I 119   2.46980E-07
    Pb206  (p,O    )  I 120   2.99110E-07                      Pb206  (p,O    )  I 121   3.64730E-07
    Pb206  (p,O    )  I 122   3.92150E-07                      Pb206  (p,O    )  I 123   3.30700E-07
    Pb206  (p,O    )  I 124   2.94560E-07                      Pb206  (p,O    )  I 125   1.98960E-07
    Pb206  (p,O    )  I 126   1.45960E-07                      Pb206  (p,O    )  I 127   8.51470E-08
    Pb206  (p,O    )  I 128   5.40380E-08                      Pb206  (p,O    )  I 129   2.55760E-08
    Pb206  (p,O    )  I 130   1.37380E-08                      Pb206  (p,O    )  I 131   1.29410E-08
    Pb206  (p,O    )  I 132   8.69000E-09                      Pb206  (p,O    )  I 133   8.52000E-09
    Pb206  (p,O    )  Xe117   1.32500E-08                      Pb206  (p,O    )  Xe118   1.70370E-08
    Pb206  (p,O    )  Xe119   5.78070E-08                      Pb206  (p,O    )  Xe120   1.20300E-07
    Pb206  (p,O    )  Xe121   1.50570E-07                      Pb206  (p,O    )  Xe122   2.43560E-07
    Pb206  (p,O    )  Xe123   2.84120E-07                      Pb206  (p,O    )  Xe124   3.01080E-07
    Pb206  (p,O    )  Xe125   2.95470E-07                      Pb206  (p,O    )  Xe126   2.31150E-07
    Pb206  (p,O    )  Xe127   1.80850E-07                      Pb206  (p,O    )  Xe128   1.45850E-07
    Pb206  (p,O    )  Xe129   7.76850E-08                      Pb206  (p,O    )  Xe130   5.68630E-08
    Pb206  (p,O    )  Xe131   2.27300E-08                      Pb206  (p,O    )  Xe132   1.60990E-08
    Pb206  (p,O    )  Xe133   1.13100E-08                      Pb206  (p,O    )  Xe134   1.03500E-08
    Pb206  (p,O    )  Cs120   1.23090E-08                      Pb206  (p,O    )  Cs121   2.36810E-08
    Pb206  (p,O    )  Cs122   6.82490E-08                      Pb206  (p,O    )  Cs123   9.94850E-08
    Pb206  (p,O    )  Cs124   1.31780E-07                      Pb206  (p,O    )  Cs125   1.93150E-07
    Pb206  (p,O    )  Cs126   2.08460E-07                      Pb206  (p,O    )  Cs127   2.00610E-07
    Pb206  (p,O    )  Cs128   1.89420E-07                      Pb206  (p,O    )  Cs129   1.39320E-07
    Pb206  (p,O    )  Cs130   1.28900E-07                      Pb206  (p,O    )  Cs131   6.06150E-08
    Pb206  (p,O    )  Cs132   5.02400E-08                      Pb206  (p,O    )  Cs133   2.83760E-08
    Pb206  (p,O    )  Cs134   2.08690E-08                      Pb206  (p,O    )  Cs135   1.65610E-08
    Pb206  (p,O    )  Cs136   9.42000E-09                      Pb206  (p,O    )  Ba123   2.74580E-08
    Pb206  (p,O    )  Ba124   3.78800E-08                      Pb206  (p,O    )  Ba125   7.28460E-08
    Pb206  (p,O    )  Ba126   1.15520E-07                      Pb206  (p,O    )  Ba127   1.50650E-07
    Pb206  (p,O    )  Ba128   1.53450E-07                      Pb206  (p,O    )  Ba129   1.55320E-07
    Pb206  (p,O    )  Ba130   1.45020E-07                      Pb206  (p,O    )  Ba131   1.19190E-07
    Pb206  (p,O    )  Ba132   9.47350E-08                      Pb206  (p,O    )  Ba133   6.53430E-08
    Pb206  (p,O    )  Ba134   4.92290E-08                      Pb206  (p,O    )  Ba135   2.64940E-08
    Pb206  (p,O    )  Ba136   2.84000E-08                      Pb206  (p,O    )  Ba137   1.60990E-08
    Pb206  (p,O    )  Ba138   1.13600E-08                      Pb206  (p,O    )  Ba139   1.23900E-08
    Pb206  (p,O    )  La125   1.32500E-08                      Pb206  (p,O    )  La126   2.27040E-08
    Pb206  (p,O    )  La127   4.54390E-08                      Pb206  (p,O    )  La128   1.10790E-07
    Pb206  (p,O    )  La129   1.05090E-07                      Pb206  (p,O    )  La130   1.11720E-07
    Pb206  (p,O    )  La131   1.27840E-07                      Pb206  (p,O    )  La132   1.14620E-07
    Pb206  (p,O    )  La133   1.05040E-07                      Pb206  (p,O    )  La134   7.01060E-08
    Pb206  (p,O    )  La135   7.00380E-08                      Pb206  (p,O    )  La136   5.11990E-08
    Pb206  (p,O    )  La137   3.60160E-08                      Pb206  (p,O    )  La138   2.27510E-08
    Pb206  (p,O    )  La139   9.95070E-09                      Pb206  (p,O    )  La140   1.06200E-08
    Pb206  (p,O    )  La142   8.85000E-09                      Pb206  (p,O    )  Ce128   1.60810E-08
    Pb206  (p,O    )  Ce129   2.56360E-08                      Pb206  (p,O    )  Ce130   4.06930E-08
    Pb206  (p,O    )  Ce131   8.90970E-08                      Pb206  (p,O    )  Ce132   9.64860E-08
    Pb206  (p,O    )  Ce133   1.05110E-07                      Pb206  (p,O    )  Ce134   9.56740E-08
    Pb206  (p,O    )  Ce135   9.28020E-08                      Pb206  (p,O    )  Ce136   7.57230E-08
    Pb206  (p,O    )  Ce137   6.05760E-08                      Pb206  (p,O    )  Ce138   5.78280E-08
    Pb206  (p,O    )  Ce139   4.25670E-08                      Pb206  (p,O    )  Ce140   1.51210E-08
    Pb206  (p,O    )  Ce141   1.13500E-08                      Pb206  (p,O    )  Ce142   8.78000E-09
    Pb206  (p,O    )  Pr130   9.47500E-09                      Pb206  (p,O    )  Pr131   2.18380E-08
    Pb206  (p,O    )  Pr132   3.31380E-08                      Pb206  (p,O    )  Pr133   5.30660E-08
    Pb206  (p,O    )  Pr134   6.81430E-08                      Pb206  (p,O    )  Pr135   8.24010E-08
    Pb206  (p,O    )  Pr136   8.13980E-08                      Pb206  (p,O    )  Pr137   8.72150E-08
    Pb206  (p,O    )  Pr138   6.06150E-08                      Pb206  (p,O    )  Pr139   7.10030E-08
    Pb206  (p,O    )  Pr140   5.30400E-08                      Pb206  (p,O    )  Pr141   2.75100E-08
    Pb206  (p,O    )  Pr142   1.70840E-08                      Pb206  (p,O    )  Pr143   1.13100E-08
    Pb206  (p,O    )  Pr144   8.52000E-09                      Pb206  (p,O    )  Nd132   9.47500E-09
    Pb206  (p,O    )  Nd133   1.04130E-08                      Pb206  (p,O    )  Nd134   2.74460E-08
    Pb206  (p,O    )  Nd135   4.25670E-08                      Pb206  (p,O    )  Nd136   6.24840E-08
    Pb206  (p,O    )  Nd137   8.60590E-08                      Pb206  (p,O    )  Nd138   8.71170E-08
    Pb206  (p,O    )  Nd139   7.96140E-08                      Pb206  (p,O    )  Nd140   1.00280E-07
    Pb206  (p,O    )  Nd141   8.71680E-08                      Pb206  (p,O    )  Nd142   3.41080E-08
    Pb206  (p,O    )  Nd143   1.98710E-08                      Pb206  (p,O    )  Nd144   1.51370E-08
    Pb206  (p,O    )  Nd145   1.12830E-08                      Pb206  (p,O    )  Pm135   1.70240E-08
    Pb206  (p,O    )  Pm136   2.64940E-08                      Pb206  (p,O    )  Pm137   3.77530E-08
    Pb206  (p,O    )  Pm138   6.34740E-08                      Pb206  (p,O    )  Pm139   9.09070E-08
    Pb206  (p,O    )  Pm140   9.17780E-08                      Pb206  (p,O    )  Pm141   9.37450E-08
    Pb206  (p,O    )  Pm142   8.60510E-08                      Pb206  (p,O    )  Pm143   6.15330E-08
    Pb206  (p,O    )  Pm144   4.92110E-08                      Pb206  (p,O    )  Pm145   1.79630E-08
    Pb206  (p,O    )  Pm146   1.51500E-08                      Pb206  (p,O    )  Pm147   1.12440E-08
    Pb206  (p,O    )  Pm148   9.46990E-09                      Pb206  (p,O    )  Sm138   1.88930E-08
    Pb206  (p,O    )  Sm139   4.54600E-08                      Pb206  (p,O    )  Sm140   9.36260E-08
    Pb206  (p,O    )  Sm141   1.34420E-07                      Pb206  (p,O    )  Sm142   1.76930E-07
    Pb206  (p,O    )  Sm143   1.68530E-07                      Pb206  (p,O    )  Sm144   1.13400E-07
    Pb206  (p,O    )  Sm145   1.07880E-07                      Pb206  (p,O    )  Sm146   4.82980E-08
    Pb206  (p,O    )  Sm147   3.59980E-08                      Pb206  (p,O    )  Sm148   1.70110E-08
    Pb206  (p,O    )  Sm149   1.13780E-08                      Pb206  (p,O    )  Eu140   3.96950E-08
    Pb206  (p,O    )  Eu141   8.14240E-08                      Pb206  (p,O    )  Eu142   1.38060E-07
    Pb206  (p,O    )  Eu143   1.85500E-07                      Pb206  (p,O    )  Eu144   2.23480E-07
    Pb206  (p,O    )  Eu145   2.52730E-07                      Pb206  (p,O    )  Eu146   2.20520E-07
    Pb206  (p,O    )  Eu147   1.82740E-07                      Pb206  (p,O    )  Eu148   1.04040E-07
    Pb206  (p,O    )  Eu149   7.11010E-08                      Pb206  (p,O    )  Eu150   3.50930E-08
    Pb206  (p,O    )  Eu151   1.32470E-08                      Pb206  (p,O    )  Eu152   1.08890E-08
    Pb206  (p,O    )  Gd142   3.59430E-08                      Pb206  (p,O    )  Gd143   1.11690E-07
    Pb206  (p,O    )  Gd144   1.87300E-07                      Pb206  (p,O    )  Gd145   3.08560E-07
    Pb206  (p,O    )  Gd146   4.30490E-07                      Pb206  (p,O    )  Gd147   4.24840E-07
    Pb206  (p,O    )  Gd148   4.12310E-07                      Pb206  (p,O    )  Gd149   3.23800E-07
    Pb206  (p,O    )  Gd150   1.90090E-07                      Pb206  (p,O    )  Gd151   1.38300E-07
    Pb206  (p,O    )  Gd152   7.00850E-08                      Pb206  (p,O    )  Gd153   4.53280E-08
    Pb206  (p,O    )  Gd154   2.36610E-08                      Pb206  (p,O    )  Gd155   1.13650E-08
    Pb206  (p,O    )  Gd156   9.46000E-09                      Pb206  (p,O    )  Tb143   1.32600E-08
    Pb206  (p,O    )  Tb144   5.02060E-08                      Pb206  (p,O    )  Tb145   1.44790E-07
    Pb206  (p,O    )  Tb146   3.03700E-07                      Pb206  (p,O    )  Tb147   5.12680E-07
    Pb206  (p,O    )  Tb148   6.36660E-07                      Pb206  (p,O    )  Tb149   7.26830E-07
    Pb206  (p,O    )  Tb150   6.50040E-07                      Pb206  (p,O    )  Tb151   5.96080E-07
    Pb206  (p,O    )  Tb152   4.21260E-07                      Pb206  (p,O    )  Tb153   2.77310E-07
    Pb206  (p,O    )  Tb154   1.88460E-07                      Pb206  (p,O    )  Tb155   1.00380E-07
    Pb206  (p,O    )  Tb156   5.20240E-08                      Pb206  (p,O    )  Tb157   1.70240E-08
    Pb206  (p,O    )  Tb158   9.47000E-09                      Pb206  (p,O    )  Dy146   6.23520E-08
    Pb206  (p,O    )  Dy147   1.73950E-07                      Pb206  (p,O    )  Dy148   3.60380E-07
    Pb206  (p,O    )  Dy149   6.32060E-07                      Pb206  (p,O    )  Dy150   9.30420E-07
    Pb206  (p,O    )  Dy151   1.10090E-06                      Pb206  (p,O    )  Dy152   1.18310E-06
    Pb206  (p,O    )  Dy153   1.00610E-06                      Pb206  (p,O    )  Dy154   8.02730E-07
    Pb206  (p,O    )  Dy155   5.51850E-07                      Pb206  (p,O    )  Dy156   3.74750E-07
    Pb206  (p,O    )  Dy157   1.88340E-07                      Pb206  (p,O    )  Dy158   1.04130E-07
    Pb206  (p,O    )  Dy159   5.97690E-08                      Pb206  (p,O    )  Dy160   2.45860E-08
    Pb206  (p,O    )  Dy161   9.47500E-09                      Pb206  (p,O    )  Ho148   5.29750E-08
    Pb206  (p,O    )  Ho149   1.71360E-07                      Pb206  (p,O    )  Ho150   4.42060E-07
    Pb206  (p,O    )  Ho151   8.32930E-07                      Pb206  (p,O    )  Ho152   1.26600E-06
    Pb206  (p,O    )  Ho153   1.63910E-06                      Pb206  (p,O    )  Ho154   1.80200E-06
    Pb206  (p,O    )  Ho155   1.78710E-06                      Pb206  (p,O    )  Ho156   1.40950E-06
    Pb206  (p,O    )  Ho157   1.02000E-06                      Pb206  (p,O    )  Ho158   6.74150E-07
    Pb206  (p,O    )  Ho159   4.11930E-07                      Pb206  (p,O    )  Ho160   2.42410E-07
    Pb206  (p,O    )  Ho161   1.16500E-07                      Pb206  (p,O    )  Ho162   6.06020E-08
    Pb206  (p,O    )  Ho163   2.27510E-08                      Pb206  (p,O    )  Ho164   9.42000E-09
    Pb206  (p,O    )  Er149   9.47000E-09                      Pb206  (p,O    )  Er150   3.21610E-08
    Pb206  (p,O    )  Er151   1.74200E-07                      Pb206  (p,O    )  Er152   5.10030E-07
    Pb206  (p,O    )  Er153   9.83360E-07                      Pb206  (p,O    )  Er154   1.62910E-06
    Pb206  (p,O    )  Er155   2.21840E-06                      Pb206  (p,O    )  Er156   2.62050E-06
    Pb206  (p,O    )  Er157   2.51100E-06                      Pb206  (p,O    )  Er158   2.24770E-06
    Pb206  (p,O    )  Er159   1.75720E-06                      Pb206  (p,O    )  Er160   1.24720E-06
    Pb206  (p,O    )  Er161   8.58710E-07                      Pb206  (p,O    )  Er162   4.71480E-07
    Pb206  (p,O    )  Er163   2.61280E-07                      Pb206  (p,O    )  Er164   1.27840E-07
    Pb206  (p,O    )  Er165   4.92500E-08                      Pb206  (p,O    )  Er166   1.99430E-08
    Pb206  (p,O    )  Er167   1.04130E-08                      Pb206  (p,O    )  Tm152   2.83970E-08
    Pb206  (p,O    )  Tm153   1.40140E-07                      Pb206  (p,O    )  Tm154   4.48650E-07
    Pb206  (p,O    )  Tm155   1.00540E-06                      Pb206  (p,O    )  Tm156   1.91510E-06
    Pb206  (p,O    )  Tm157   2.80690E-06                      Pb206  (p,O    )  Tm158   3.44970E-06
    Pb206  (p,O    )  Tm159   3.78680E-06                      Pb206  (p,O    )  Tm160   3.53010E-06
    Pb206  (p,O    )  Tm161   2.92040E-06                      Pb206  (p,O    )  Tm162   2.10390E-06
    Pb206  (p,O    )  Tm163   1.46960E-06                      Pb206  (p,O    )  Tm164   9.16420E-07
    Pb206  (p,O    )  Tm165   5.35430E-07                      Pb206  (p,O    )  Tm166   2.81240E-07
    Pb206  (p,O    )  Tm167   1.42860E-07                      Pb206  (p,O    )  Tm168   5.29420E-08
    Pb206  (p,O    )  Tm169   3.50130E-08                      Pb206  (p,O    )  Tm170   1.23110E-08
    Pb206  (p,O    )  Yb154   1.99170E-08                      Pb206  (p,O    )  Yb155   9.66050E-08
    Pb206  (p,O    )  Yb156   3.94940E-07                      Pb206  (p,O    )  Yb157   1.04770E-06
    Pb206  (p,O    )  Yb158   1.95280E-06                      Pb206  (p,O    )  Yb159   3.13820E-06
    Pb206  (p,O    )  Yb160   4.35380E-06                      Pb206  (p,O    )  Yb161   4.84960E-06
    Pb206  (p,O    )  Yb162   4.89350E-06                      Pb206  (p,O    )  Yb163   4.34130E-06
    Pb206  (p,O    )  Yb164   3.49020E-06                      Pb206  (p,O    )  Yb165   2.54300E-06
    Pb206  (p,O    )  Yb166   1.67830E-06                      Pb206  (p,O    )  Yb167   1.01950E-06
    Pb206  (p,O    )  Yb168   5.60730E-07                      Pb206  (p,O    )  Yb169   2.79240E-07
    Pb206  (p,O    )  Yb170   1.40260E-07                      Pb206  (p,O    )  Yb171   6.53350E-08
    Pb206  (p,O    )  Yb172   2.83970E-08                      Pb206  (p,O    )  Yb173   1.79880E-08
    Pb206  (p,O    )  Lu156   1.42010E-08                      Pb206  (p,O    )  Lu157   7.00040E-08
    Pb206  (p,O    )  Lu158   3.30330E-07                      Pb206  (p,O    )  Lu159   8.97530E-07
    Pb206  (p,O    )  Lu160   1.88580E-06                      Pb206  (p,O    )  Lu161   3.25350E-06
    Pb206  (p,O    )  Lu162   4.88070E-06                      Pb206  (p,O    )  Lu163   5.88790E-06
    Pb206  (p,O    )  Lu164   6.30200E-06                      Pb206  (p,O    )  Lu165   6.07890E-06
    Pb206  (p,O    )  Lu166   5.19020E-06                      Pb206  (p,O    )  Lu167   3.89500E-06
    Pb206  (p,O    )  Lu168   2.69790E-06                      Pb206  (p,O    )  Lu169   1.69790E-06
    Pb206  (p,O    )  Lu170   1.07090E-06                      Pb206  (p,O    )  Lu171   5.68040E-07
    Pb206  (p,O    )  Lu172   3.51380E-07                      Pb206  (p,O    )  Lu173   1.60070E-07
    Pb206  (p,O    )  Lu174   6.14810E-08                      Pb206  (p,O    )  Lu175   3.12230E-08
    Pb206  (p,O    )  Lu176   2.08610E-08                      Pb206  (p,O    )  Lu177   9.42000E-09
    Pb206  (p,O    )  Hf159   3.40350E-08                      Pb206  (p,O    )  Hf160   1.93910E-07
    Pb206  (p,O    )  Hf161   7.04570E-07                      Pb206  (p,O    )  Hf162   1.64670E-06
    Pb206  (p,O    )  Hf163   3.14180E-06                      Pb206  (p,O    )  Hf164   5.00400E-06
    Pb206  (p,O    )  Hf165   6.54480E-06                      Pb206  (p,O    )  Hf166   7.60180E-06
    Pb206  (p,O    )  Hf167   7.75310E-06                      Pb206  (p,O    )  Hf168   7.11600E-06
    Pb206  (p,O    )  Hf169   5.80960E-06                      Pb206  (p,O    )  Hf170   4.30250E-06
    Pb206  (p,O    )  Hf171   2.82560E-06                      Pb206  (p,O    )  Hf172   1.95700E-06
    Pb206  (p,O    )  Hf173   1.20630E-06                      Pb206  (p,O    )  Hf174   6.04210E-07
    Pb206  (p,O    )  Hf175   3.04090E-07                      Pb206  (p,O    )  Hf176   2.02660E-07
    Pb206  (p,O    )  Hf177   8.14630E-08                      Pb206  (p,O    )  Hf178   3.49740E-08
    Pb206  (p,O    )  Hf179   2.74580E-08                      Pb206  (p,O    )  Hf180   9.47500E-09
    Pb206  (p,O    )  Hf181   9.36000E-09                      Pb206  (p,O    )  Ta161   2.18120E-08
    Pb206  (p,O    )  Ta162   1.13700E-07                      Pb206  (p,O    )  Ta163   4.75350E-07
    Pb206  (p,O    )  Ta164   1.29820E-06                      Pb206  (p,O    )  Ta165   2.71360E-06
    Pb206  (p,O    )  Ta166   4.60670E-06                      Pb206  (p,O    )  Ta167   6.68220E-06
    Pb206  (p,O    )  Ta168   8.29960E-06                      Pb206  (p,O    )  Ta169   9.16670E-06
    Pb206  (p,O    )  Ta170   8.93710E-06                      Pb206  (p,O    )  Ta171   7.81400E-06
    Pb206  (p,O    )  Ta172   6.35710E-06                      Pb206  (p,O    )  Ta173   4.64130E-06
    Pb206  (p,O    )  Ta174   3.22240E-06                      Pb206  (p,O    )  Ta175   2.09970E-06
    Pb206  (p,O    )  Ta176   1.26530E-06                      Pb206  (p,O    )  Ta177   7.38590E-07
    Pb206  (p,O    )  Ta178   4.17520E-07                      Pb206  (p,O    )  Ta179   2.41360E-07
    Pb206  (p,O    )  Ta180   1.05870E-07                      Pb206  (p,O    )  Ta181   4.63910E-08
    Pb206  (p,O    )  Ta182   1.70840E-08                      Pb206  (p,O    )  Ta183   1.70400E-08
    Pb206  (p,O    )  Ta184   9.46070E-09                      Pb206  (p,O    )  W 163   1.23090E-08
    Pb206  (p,O    )  W 164   6.52710E-08                      Pb206  (p,O    )  W 165   2.84880E-07
    Pb206  (p,O    )  W 166   8.54070E-07                      Pb206  (p,O    )  W 167   1.94150E-06
    Pb206  (p,O    )  W 168   3.96720E-06                      Pb206  (p,O    )  W 169   6.20830E-06
    Pb206  (p,O    )  W 170   8.44560E-06                      Pb206  (p,O    )  W 171   1.00030E-05
    Pb206  (p,O    )  W 172   1.06100E-05                      Pb206  (p,O    )  W 173   9.98540E-06
    Pb206  (p,O    )  W 174   8.58290E-06                      Pb206  (p,O    )  W 175   6.76740E-06
    Pb206  (p,O    )  W 176   5.15170E-06                      Pb206  (p,O    )  W 177   3.43590E-06
    Pb206  (p,O    )  W 178   2.34320E-06                      Pb206  (p,O    )  W 179   1.35090E-06
    Pb206  (p,O    )  W 180   8.49540E-07                      Pb206  (p,O    )  W 181   4.92340E-07
    Pb206  (p,O    )  W 182   2.74710E-07                      Pb206  (p,O    )  W 183   1.28700E-07
    Pb206  (p,O    )  W 184   6.81430E-08                      Pb206  (p,O    )  W 185   5.02220E-08
    Pb206  (p,O    )  W 186   2.17530E-08                      Pb206  (p,O    )  W 187   1.32400E-08
    Pb206  (p,O    )  W 188   1.28800E-08                      Pb206  (p,O    )  W 189   1.11600E-08
    Pb206  (p,O    )  Re166   2.27040E-08                      Pb206  (p,O    )  Re167   1.49500E-07
    Pb206  (p,O    )  Re168   5.05700E-07                      Pb206  (p,O    )  Re169   1.39410E-06
    Pb206  (p,O    )  Re170   2.92530E-06                      Pb206  (p,O    )  Re171   5.14850E-06
    Pb206  (p,O    )  Re172   7.55420E-06                      Pb206  (p,O    )  Re173   9.87060E-06
    Pb206  (p,O    )  Re174   1.11570E-05                      Pb206  (p,O    )  Re175   1.16070E-05
    Pb206  (p,O    )  Re176   1.06460E-05                      Pb206  (p,O    )  Re177   9.16460E-06
    Pb206  (p,O    )  Re178   7.38890E-06                      Pb206  (p,O    )  Re179   5.30200E-06
    Pb206  (p,O    )  Re180   3.79730E-06                      Pb206  (p,O    )  Re181   2.55950E-06
    Pb206  (p,O    )  Re182   1.68840E-06                      Pb206  (p,O    )  Re183   9.73880E-07
    Pb206  (p,O    )  Re184   6.29600E-07                      Pb206  (p,O    )  Re185   3.77970E-07
    Pb206  (p,O    )  Re186   2.10190E-07                      Pb206  (p,O    )  Re187   1.17500E-07
    Pb206  (p,O    )  Re188   6.52840E-08                      Pb206  (p,O    )  Re189   4.07650E-08
    Pb206  (p,O    )  Re190   1.79880E-08                      Pb206  (p,O    )  Re191   1.13600E-08
    Pb206  (p,O    )  Re192   9.47500E-09                      Pb206  (p,O    )  Re193   9.25000E-09
    Pb206  (p,O    )  Os168   1.23160E-08                      Pb206  (p,O    )  Os169   5.86730E-08
    Pb206  (p,O    )  Os170   2.73740E-07                      Pb206  (p,O    )  Os171   8.21130E-07
    Pb206  (p,O    )  Os172   1.87380E-06                      Pb206  (p,O    )  Os173   3.65900E-06
    Pb206  (p,O    )  Os174   6.06170E-06                      Pb206  (p,O    )  Os175   8.69310E-06
    Pb206  (p,O    )  Os176   1.07560E-05                      Pb206  (p,O    )  Os177   1.20880E-05
    Pb206  (p,O    )  Os178   1.22180E-05                      Pb206  (p,O    )  Os179   1.13690E-05
    Pb206  (p,O    )  Os180   9.88090E-06                      Pb206  (p,O    )  Os181   7.89740E-06
    Pb206  (p,O    )  Os182   6.00510E-06                      Pb206  (p,O    )  Os183   4.51060E-06
    Pb206  (p,O    )  Os184   3.04420E-06                      Pb206  (p,O    )  Os185   2.04130E-06
    Pb206  (p,O    )  Os186   1.37440E-06                      Pb206  (p,O    )  Os187   8.73390E-07
    Pb206  (p,O    )  Os188   5.46620E-07                      Pb206  (p,O    )  Os189   3.37170E-07
    Pb206  (p,O    )  Os190   2.15770E-07                      Pb206  (p,O    )  Os191   1.37280E-07
    Pb206  (p,O    )  Os192   8.51470E-08                      Pb206  (p,O    )  Os193   5.30660E-08
    Pb206  (p,O    )  Os194   3.03180E-08                      Pb206  (p,O    )  Os195   1.89580E-08
    Pb206  (p,O    )  Os196   1.61320E-08                      Pb206  (p,O    )  Os197   9.42000E-09
    Pb206  (p,O    )  Os198   9.36000E-09                      Pb206  (p,O    )  Ir171   1.61060E-08
    Pb206  (p,O    )  Ir172   1.20350E-07                      Pb206  (p,O    )  Ir173   4.01380E-07
    Pb206  (p,O    )  Ir174   1.10360E-06                      Pb206  (p,O    )  Ir175   2.35070E-06
    Pb206  (p,O    )  Ir176   4.34920E-06                      Pb206  (p,O    )  Ir177   6.86760E-06
    Pb206  (p,O    )  Ir178   9.23330E-06                      Pb206  (p,O    )  Ir179   1.13170E-05
    Pb206  (p,O    )  Ir180   1.24180E-05                      Pb206  (p,O    )  Ir181   1.24120E-05
    Pb206  (p,O    )  Ir182   1.18360E-05                      Pb206  (p,O    )  Ir183   1.04810E-05
    Pb206  (p,O    )  Ir184   8.72590E-06                      Pb206  (p,O    )  Ir185   6.68450E-06
    Pb206  (p,O    )  Ir186   5.07060E-06                      Pb206  (p,O    )  Ir187   3.91540E-06
    Pb206  (p,O    )  Ir188   2.65260E-06                      Pb206  (p,O    )  Ir189   1.85240E-06
    Pb206  (p,O    )  Ir190   1.27220E-06                      Pb206  (p,O    )  Ir191   8.60050E-07
    Pb206  (p,O    )  Ir192   5.91820E-07                      Pb206  (p,O    )  Ir193   3.69510E-07
    Pb206  (p,O    )  Ir194   2.81270E-07                      Pb206  (p,O    )  Ir195   1.82900E-07
    Pb206  (p,O    )  Ir196   1.15640E-07                      Pb206  (p,O    )  Ir197   6.15070E-08
    Pb206  (p,O    )  Ir198   2.74460E-08                      Pb206  (p,O    )  Ir199   2.27220E-08
    Pb206  (p,O    )  Ir200   1.09020E-08                      Pb206  (p,O    )  Ir201   9.30000E-09
    Pb206  (p,O    )  Pt173   1.11620E-08                      Pb206  (p,O    )  Pt174   2.83890E-08
    Pb206  (p,O    )  Pt175   1.64810E-07                      Pb206  (p,O    )  Pt176   5.18070E-07
    Pb206  (p,O    )  Pt177   1.24720E-06                      Pb206  (p,O    )  Pt178   2.65680E-06
    Pb206  (p,O    )  Pt179   4.62010E-06                      Pb206  (p,O    )  Pt180   7.02170E-06
    Pb206  (p,O    )  Pt181   9.40330E-06                      Pb206  (p,O    )  Pt182   1.14950E-05
    Pb206  (p,O    )  Pt183   1.26550E-05                      Pb206  (p,O    )  Pt183m  1.12730E-04
    Pb206  (p,O    )  Pt184   1.30340E-05                      Pb206  (p,O    )  Pt185   1.24910E-05
    Pb206  (p,O    )  Pt186   1.10460E-05                      Pb206  (p,O    )  Pt187   9.59190E-06
    Pb206  (p,O    )  Pt188   8.01570E-06                      Pb206  (p,O    )  Pt189   6.64140E-06
    Pb206  (p,O    )  Pt190   4.87650E-06                      Pb206  (p,O    )  Pt191   3.76600E-06
    Pb206  (p,O    )  Pt192   2.90460E-06                      Pb206  (p,O    )  Pt193   2.05260E-06
    Pb206  (p,O    )  Pt194   1.46800E-06                      Pb206  (p,O    )  Pt195   1.12440E-06
    Pb206  (p,O    )  Pt196   7.85940E-07                      Pb206  (p,O    )  Pt197   5.70000E-07
    Pb206  (p,O    )  Pt198   3.85460E-07                      Pb206  (p,O    )  Pt199   2.25440E-07
    Pb206  (p,O    )  Pt200   1.49610E-07                      Pb206  (p,O    )  Pt201   8.42750E-08
    Pb206  (p,O    )  Pt202   2.74460E-08                      Pb206  (p,O    )  Au176   9.47000E-09
    Pb206  (p,O    )  Au177   5.49560E-08                      Pb206  (p,O    )  Au178   2.05520E-07
    Pb206  (p,O    )  Au179   5.58800E-07                      Pb206  (p,O    )  Au180   1.33580E-06
    Pb206  (p,O    )  Au181   2.62250E-06                      Pb206  (p,O    )  Au182   4.43440E-06
    Pb206  (p,O    )  Au183   6.68850E-06                      Pb206  (p,O    )  Au184   9.02680E-06
    Pb206  (p,O    )  Au184m  8.31940E-05                      Pb206  (p,O    )  Au185   1.09900E-05
    Pb206  (p,O    )  Au185m  9.28650E-05                      Pb206  (p,O    )  Au186   1.20040E-05
    Pb206  (p,O    )  Au187   1.27080E-05                      Pb206  (p,O    )  Au187m  1.34170E-04
    Pb206  (p,O    )  Au188   1.27110E-05                      Pb206  (p,O    )  Au189   1.20200E-05
    Pb206  (p,O    )  Au189m  1.02910E-04                      Pb206  (p,O    )  Au190   1.09290E-05
    Pb206  (p,O    )  Au191   9.37300E-06                      Pb206  (p,O    )  Au192   8.19520E-06
    Pb206  (p,O    )  Au193   6.93390E-06                      Pb206  (p,O    )  Au194   5.77950E-06
    Pb206  (p,O    )  Au194m  9.39330E-05                      Pb206  (p,O    )  Au194n  3.90110E-05
    Pb206  (p,O    )  Au195   4.74720E-06                      Pb206  (p,O    )  Au195m  1.30530E-04
    Pb206  (p,O    )  Au196   3.75490E-06                      Pb206  (p,O    )  Au196m  1.11950E-04
    Pb206  (p,O    )  Au196n  4.21440E-05                      Pb206  (p,O    )  Au197   2.99770E-06
    Pb206  (p,O    )  Au197m  6.13270E-05                      Pb206  (p,O    )  Au198   2.29100E-06
    Pb206  (p,O    )  Au198m  3.63040E-05                      Pb206  (p,O    )  Au199   1.79180E-06
    Pb206  (p,O    )  Au200   1.34110E-06                      Pb206  (p,O    )  Au201   9.27180E-07
    Pb206  (p,O    )  Au202   5.51140E-07                      Pb206  (p,O    )  Au203   2.42460E-07
    Pb206  (p,O    )  Au204   5.30990E-08                      Pb206  (p,O    )  Hg179   1.13520E-08
    Pb206  (p,O    )  Hg180   4.07180E-08                      Pb206  (p,O    )  Hg181   1.93180E-07
    Pb206  (p,O    )  Hg182   5.65470E-07                      Pb206  (p,O    )  Hg183   1.22120E-06
    Pb206  (p,O    )  Hg184   2.31110E-06                      Pb206  (p,O    )  Hg185   3.95960E-06
    Pb206  (p,O    )  Hg185m  1.86650E-03                      Pb206  (p,O    )  Hg186   6.15280E-06
    Pb206  (p,O    )  Hg187   8.03860E-06                      Pb206  (p,O    )  Hg187m  3.49820E-04
    Pb206  (p,O    )  Hg188   1.01300E-05                      Pb206  (p,O    )  Hg189   1.17390E-05
    Pb206  (p,O    )  Hg189m  1.03010E-03                      Pb206  (p,O    )  Hg190   1.27030E-05
    Pb206  (p,O    )  Hg191   1.31230E-05                      Pb206  (p,O    )  Hg191m  2.80630E-03
    Pb206  (p,O    )  Hg192   1.29260E-05                      Pb206  (p,O    )  Hg193   1.24310E-05
    Pb206  (p,O    )  Hg193m  1.05990E-03                      Pb206  (p,O    )  Hg194   1.20240E-05
    Pb206  (p,O    )  Hg195   1.13120E-05                      Pb206  (p,O    )  Hg195m  2.49970E-03
    Pb206  (p,O    )  Hg196   1.05260E-05                      Pb206  (p,O    )  Hg197   9.51950E-06
    Pb206  (p,O    )  Hg197m  2.01080E-03                      Pb206  (p,O    )  Hg198   8.78320E-06
    Pb206  (p,O    )  Hg199   8.03790E-06                      Pb206  (p,O    )  Hg199m  2.12570E-03
    Pb206  (p,O    )  Hg200   7.08630E-06                      Pb206  (p,O    )  Hg201   6.09990E-06
    Pb206  (p,O    )  Hg202   5.32950E-06                      Pb206  (p,O    )  Hg203   4.53380E-06
    Pb206  (p,O    )  Hg204   2.87940E-06                      Pb206  (p,O    )  Hg205   2.22670E-07
    Pb206  (p,O    )  Tl182   1.13500E-08                      Pb206  (p,O    )  Tl183   1.79630E-08
    Pb206  (p,O    )  Tl184   1.01350E-07                      Pb206  (p,O    )  Tl185   3.40000E-07
    Pb206  (p,O    )  Tl185m  9.43000E-03                      Pb206  (p,O    )  Tl186   8.49900E-07
    Pb206  (p,O    )  Tl186m  5.64710E-03                      Pb206  (p,O    )  Tl187   1.77890E-06
    Pb206  (p,O    )  Tl187m  8.37550E-03                      Pb206  (p,O    )  Tl188   2.98140E-06
    Pb206  (p,O    )  Tl188m  3.32670E-03                      Pb206  (p,O    )  Tl189   4.43660E-06
    Pb206  (p,O    )  Tl189m  5.39550E-03                      Pb206  (p,O    )  Tl190   6.24520E-06
    Pb206  (p,O    )  Tl191   8.01450E-06                      Pb206  (p,O    )  Tl191m  5.15310E-03
    Pb206  (p,O    )  Tl192   9.79530E-06                      Pb206  (p,O    )  Tl192m  1.28760E-03
    Pb206  (p,O    )  Tl193   1.10810E-05                      Pb206  (p,O    )  Tl193m  4.69550E-03
    Pb206  (p,O    )  Tl194   1.20340E-05                      Pb206  (p,O    )  Tl194m  3.54580E-03
    Pb206  (p,O    )  Tl195   1.26730E-05                      Pb206  (p,O    )  Tl195m  8.36850E-03
    Pb206  (p,O    )  Tl196   1.34300E-05                      Pb206  (p,O    )  Tl196m  1.14570E-02
    Pb206  (p,O    )  Tl197   1.41910E-05                      Pb206  (p,O    )  Tl197m  1.41090E-02
    Pb206  (p,O    )  Tl198   1.47800E-05                      Pb206  (p,O    )  Tl198m  1.20430E-02
    Pb206  (p,O    )  Tl199   1.51140E-05                      Pb206  (p,O    )  Tl200   1.61520E-05
    Pb206  (p,O    )  Tl201   1.71250E-05                      Pb206  (p,O    )  Tl202   1.82280E-05
    Pb206  (p,O    )  Tl203   2.06840E-05                      Pb206  (p,O    )  Tl204   2.56230E-05
    Pb206  (p,O    )  Tl205   6.00870E-05                      Pb206  (p,O    )  Tl206   1.50580E-07
    Pb206  (p,O    )  Pb185   9.30000E-09                      Pb206  (p,O    )  Pb186   1.13600E-08
    Pb206  (p,O    )  Pb187   3.88750E-08                      Pb206  (p,O    )  Pb187m  4.72260E-04
    Pb206  (p,O    )  Pb188   1.70420E-07                      Pb206  (p,O    )  Pb189   5.14330E-07
    Pb206  (p,O    )  Pb189m  1.47880E-03                      Pb206  (p,O    )  Pb190   1.04670E-06
    Pb206  (p,O    )  Pb191   1.82650E-06                      Pb206  (p,O    )  Pb191m  9.06530E-03
    Pb206  (p,O    )  Pb192   2.95160E-06                      Pb206  (p,O    )  Pb193   4.21310E-06
    Pb206  (p,O    )  Pb193m  6.53320E-03                      Pb206  (p,O    )  Pb194   5.37930E-06
    Pb206  (p,O    )  Pb195   6.62760E-06                      Pb206  (p,O    )  Pb195m  2.81110E-02
    Pb206  (p,O    )  Pb196   8.06320E-06                      Pb206  (p,O    )  Pb197   9.52520E-06
    Pb206  (p,O    )  Pb197m  2.00030E-02                      Pb206  (p,O    )  Pb198   1.13090E-05
    Pb206  (p,O    )  Pb199   1.31890E-05                      Pb206  (p,O    )  Pb199m  3.15600E-02
    Pb206  (p,O    )  Pb200   1.53360E-05                      Pb206  (p,O    )  Pb201   1.76440E-05
    Pb206  (p,O    )  Pb201m  4.86470E-02                      Pb206  (p,O    )  Pb202   2.10940E-05
    Pb206  (p,O    )  Pb202m  4.12180E-02                      Pb206  (p,O    )  Pb203   2.79850E-05
    Pb206  (p,O    )  Pb203m  4.68260E-02                      Pb206  (p,O    )  Pb203n  1.15620E-02
    Pb206  (p,O    )  Pb204   3.92740E-05                      Pb206  (p,O    )  Pb204m  3.55120E-02
    Pb206  (p,O    )  Pb205   8.26640E-05                      Pb206  (p,O    )  Bi187   1.30150E-05
    Pb206  (p,O    )  Bi188   3.05340E-05                      Pb206  (p,O    )  Bi189   8.69000E-09
    Pb206  (p,O    )  Bi190   1.12300E-08                      Pb206  (p,O    )  Bi190m  2.67580E-04
    Pb206  (p,O    )  Bi191   3.59640E-08                      Pb206  (p,O    )  Bi191m  1.50260E-04
    Pb206  (p,O    )  Bi192   1.05160E-07                      Pb206  (p,O    )  Bi192m  5.95800E-04
    Pb206  (p,O    )  Bi193   2.62560E-07                      Pb206  (p,O    )  Bi193m  6.06110E-04
    Pb206  (p,O    )  Bi194   3.93140E-07                      Pb206  (p,O    )  Bi194m  3.01500E-03
    Pb206  (p,O    )  Bi194n  6.27910E-05                      Pb206  (p,O    )  Bi195   6.65790E-07
    Pb206  (p,O    )  Bi195m  1.25610E-04                      Pb206  (p,O    )  Bi196   9.87820E-07
    Pb206  (p,O    )  Bi196m  6.02680E-04                      Pb206  (p,O    )  Bi196n  1.41260E-03
    Pb206  (p,O    )  Bi197   1.29670E-06                      Pb206  (p,O    )  Bi197m  1.51800E-04
    Pb206  (p,O    )  Bi198   1.77130E-06                      Pb206  (p,O    )  Bi198m  1.55830E-03
    Pb206  (p,O    )  Bi198n  8.73980E-04                      Pb206  (p,O    )  Bi199   2.11880E-06
    Pb206  (p,O    )  Bi199m  6.62850E-04                      Pb206  (p,O    )  Bi200   2.32290E-06
    Pb206  (p,O    )  Bi200m  1.02070E-03                      Pb206  (p,O    )  Bi200n  7.31980E-04
    Pb206  (p,O    )  Bi201   2.78260E-06                      Pb206  (p,O    )  Bi201m  7.63760E-04
    Pb206  (p,O    )  Bi202   2.95540E-06                      Pb206  (p,O    )  Bi203   3.13670E-06
    Pb206  (p,O    )  Bi203m  1.31760E-04                      Pb206  (p,O    )  Bi204   3.37080E-06
    Pb206  (p,O    )  Bi205   2.88820E-06                      Pb206  (p,O    )  Bi206   1.14990E-06
    Pb206  (p,O    )  Bi207   4.52610E-05                      Pb206  (p,O    )  Po196   1.13100E-08
    Pb206  (p,O    )  Po197   2.74710E-08                      Pb206  (p,O    )  Po198   3.78330E-08
    Pb206  (p,O    )  Po199   5.11320E-08                      Pb206  (p,O    )  Po200   5.59070E-08
    Pb206  (p,O    )  Po201   4.25330E-08                      Pb206  (p,O    )  Po202   6.34530E-08
    Pb206  (p,O    )  Po203   2.93530E-08                      Pb206  (p,O    )  Po204   2.55630E-08
    Pb206  (p,O    )  Po205   1.23090E-08                      Pb206  (p,O    )  Po206   8.69000E-09
    Pb206  (p,O    )  Po206   8.69000E-09                      Pb207  (p,nonel)          1.67707E+00
    Pb207  (p,F    )          2.67680E-03                      Pb207  (p,O    )  H   1   5.06860E-03
    Pb207  (p,O    )  H   2   7.95390E-04                      Pb207  (p,O    )  H   3   2.04670E-04
    Pb207  (p,O    )  He  3   7.11600E-05                      Pb207  (p,O    )  He  4   1.61390E-03
    Pb207  (p,O    )  He  6   6.78560E-06                      Pb207  (p,O    )  He  8   4.14950E-06
    Pb207  (p,O    )  Li  6   2.37970E-06                      Pb207  (p,O    )  Li  7   2.86840E-06
    Pb207  (p,O    )  Li  8   5.97490E-06                      Pb207  (p,O    )  Be  7   1.04550E-06
    Pb207  (p,O    )  B   8   9.67190E-07                      Pb207  (p,O    )  F  19   9.47000E-09
    Pb207  (p,O    )  Ne 20   1.13600E-08                      Pb207  (p,O    )  Ne 21   1.13600E-08
    Pb207  (p,O    )  Ne 22   1.04260E-08                      Pb207  (p,O    )  Ne 23   1.61040E-08
    Pb207  (p,O    )  Na 22   9.47000E-09                      Pb207  (p,O    )  Na 23   1.99560E-08
    Pb207  (p,O    )  Na 24   1.32500E-08                      Pb207  (p,O    )  Na 25   1.60600E-08
    Pb207  (p,O    )  Mg 24   1.08890E-08                      Pb207  (p,O    )  Mg 25   2.17760E-08
    Pb207  (p,O    )  Mg 26   2.55300E-08                      Pb207  (p,O    )  Mg 27   1.70030E-08
    Pb207  (p,O    )  Mg 28   1.23090E-08                      Pb207  (p,O    )  Al 26   9.95070E-09
    Pb207  (p,O    )  Al 27   3.41080E-08                      Pb207  (p,O    )  Al 28   1.61060E-08
    Pb207  (p,O    )  Al 29   2.08010E-08                      Pb207  (p,O    )  Al 30   1.79880E-08
    Pb207  (p,O    )  Al 31   1.13570E-08                      Pb207  (p,O    )  Al 32   1.13500E-08
    Pb207  (p,O    )  Si 28   1.41910E-08                      Pb207  (p,O    )  Si 29   3.02710E-08
    Pb207  (p,O    )  Si 30   3.21410E-08                      Pb207  (p,O    )  Si 31   4.07180E-08
    Pb207  (p,O    )  Si 32   3.30920E-08                      Pb207  (p,O    )  Si 33   1.70370E-08
    Pb207  (p,O    )  Si 35   9.36000E-09                      Pb207  (p,O    )  P  31   2.84690E-08
    Pb207  (p,O    )  P  32   4.06930E-08                      Pb207  (p,O    )  P  33   5.59250E-08
    Pb207  (p,O    )  P  34   5.21560E-08                      Pb207  (p,O    )  P  35   3.02710E-08
    Pb207  (p,O    )  P  36   1.32600E-08                      Pb207  (p,O    )  P  37   1.13600E-08
    Pb207  (p,O    )  S  32   1.70400E-08                      Pb207  (p,O    )  S  33   2.93200E-08
    Pb207  (p,O    )  S  34   6.44130E-08                      Pb207  (p,O    )  S  35   7.57310E-08
    Pb207  (p,O    )  S  36   6.05220E-08                      Pb207  (p,O    )  S  37   6.25100E-08
    Pb207  (p,O    )  S  38   1.89580E-08                      Pb207  (p,O    )  S  39   1.23090E-08
    Pb207  (p,O    )  Cl 35   3.69210E-08                      Pb207  (p,O    )  Cl 36   5.78150E-08
    Pb207  (p,O    )  Cl 37   8.99550E-08                      Pb207  (p,O    )  Cl 38   9.27470E-08
    Pb207  (p,O    )  Cl 39   6.34610E-08                      Pb207  (p,O    )  Cl 40   5.19650E-08
    Pb207  (p,O    )  Cl 41   1.79810E-08                      Pb207  (p,O    )  Cl 42   9.45990E-09
    Pb207  (p,O    )  Ar 36   1.13650E-08                      Pb207  (p,O    )  Ar 37   2.74840E-08
    Pb207  (p,O    )  Ar 38   6.34020E-08                      Pb207  (p,O    )  Ar 39   1.10740E-07
    Pb207  (p,O    )  Ar 40   1.27830E-07                      Pb207  (p,O    )  Ar 41   1.18440E-07
    Pb207  (p,O    )  Ar 42   7.47670E-08                      Pb207  (p,O    )  Ar 43   3.60360E-08
    Pb207  (p,O    )  Ar 44   1.51550E-08                      Pb207  (p,O    )  Ar 45   9.25000E-09
    Pb207  (p,O    )  K  39   2.74840E-08                      Pb207  (p,O    )  K  40   9.19480E-08
    Pb207  (p,O    )  K  41   1.21180E-07                      Pb207  (p,O    )  K  42   1.54300E-07
    Pb207  (p,O    )  K  43   1.74300E-07                      Pb207  (p,O    )  K  44   1.19340E-07
    Pb207  (p,O    )  K  45   5.49220E-08                      Pb207  (p,O    )  K  46   2.93280E-08
    Pb207  (p,O    )  K  47   1.32400E-08                      Pb207  (p,O    )  K  48   9.20000E-09
    Pb207  (p,O    )  Ca 40   1.32390E-08                      Pb207  (p,O    )  Ca 41   3.31310E-08
    Pb207  (p,O    )  Ca 42   8.22740E-08                      Pb207  (p,O    )  Ca 43   1.68620E-07
    Pb207  (p,O    )  Ca 44   1.94080E-07                      Pb207  (p,O    )  Ca 45   1.99700E-07
    Pb207  (p,O    )  Ca 46   1.45000E-07                      Pb207  (p,O    )  Ca 47   1.10770E-07
    Pb207  (p,O    )  Ca 48   5.20630E-08                      Pb207  (p,O    )  Ca 49   1.89660E-08
    Pb207  (p,O    )  Ca 50   9.42000E-09                      Pb207  (p,O    )  Sc 43   3.31560E-08
    Pb207  (p,O    )  Sc 44   8.23930E-08                      Pb207  (p,O    )  Sc 45   1.54330E-07
    Pb207  (p,O    )  Sc 46   2.40580E-07                      Pb207  (p,O    )  Sc 47   2.47270E-07
    Pb207  (p,O    )  Sc 48   2.26420E-07                      Pb207  (p,O    )  Sc 49   1.26810E-07
    Pb207  (p,O    )  Sc 50   9.37660E-08                      Pb207  (p,O    )  Sc 51   3.12560E-08
    Pb207  (p,O    )  Sc 52   1.32730E-08                      Pb207  (p,O    )  Ti 45   2.73910E-08
    Pb207  (p,O    )  Ti 46   1.01370E-07                      Pb207  (p,O    )  Ti 47   1.80990E-07
    Pb207  (p,O    )  Ti 48   2.80260E-07                      Pb207  (p,O    )  Ti 49   2.99260E-07
    Pb207  (p,O    )  Ti 50   3.01990E-07                      Pb207  (p,O    )  Ti 51   2.16870E-07
    Pb207  (p,O    )  Ti 52   1.08930E-07                      Pb207  (p,O    )  Ti 53   6.82410E-08
    Pb207  (p,O    )  Ti 54   2.37460E-08                      Pb207  (p,O    )  Ti 55   1.13470E-08
    Pb207  (p,O    )  V  47   1.60990E-08                      Pb207  (p,O    )  V  48   8.33320E-08
    Pb207  (p,O    )  V  49   1.70440E-07                      Pb207  (p,O    )  V  50   2.86890E-07
    Pb207  (p,O    )  V  51   4.09160E-07                      Pb207  (p,O    )  V  52   3.68300E-07
    Pb207  (p,O    )  V  53   3.11400E-07                      Pb207  (p,O    )  V  54   2.08280E-07
    Pb207  (p,O    )  V  55   1.13650E-07                      Pb207  (p,O    )  V  56   4.16960E-08
    Pb207  (p,O    )  V  57   1.32470E-08                      Pb207  (p,O    )  V  58   9.36000E-09
    Pb207  (p,O    )  Cr 49   1.51760E-08                      Pb207  (p,O    )  Cr 50   7.67080E-08
    Pb207  (p,O    )  Cr 51   1.95080E-07                      Pb207  (p,O    )  Cr 52   3.40800E-07
    Pb207  (p,O    )  Cr 53   4.63050E-07                      Pb207  (p,O    )  Cr 54   4.82130E-07
    Pb207  (p,O    )  Cr 55   4.39330E-07                      Pb207  (p,O    )  Cr 56   2.83160E-07
    Pb207  (p,O    )  Cr 57   1.59110E-07                      Pb207  (p,O    )  Cr 58   8.99350E-08
    Pb207  (p,O    )  Cr 59   3.69210E-08                      Pb207  (p,O    )  Cr 60   1.70370E-08
    Pb207  (p,O    )  Cr 61   1.08900E-08                      Pb207  (p,O    )  Mn 51   1.32730E-08
    Pb207  (p,O    )  Mn 52   7.10150E-08                      Pb207  (p,O    )  Mn 53   1.73410E-07
    Pb207  (p,O    )  Mn 54   3.84590E-07                      Pb207  (p,O    )  Mn 55   5.13300E-07
    Pb207  (p,O    )  Mn 56   6.35340E-07                      Pb207  (p,O    )  Mn 57   4.85530E-07
    Pb207  (p,O    )  Mn 58   4.05330E-07                      Pb207  (p,O    )  Mn 59   2.40660E-07
    Pb207  (p,O    )  Mn 60   1.24020E-07                      Pb207  (p,O    )  Mn 61   6.73570E-08
    Pb207  (p,O    )  Mn 62   1.79550E-08                      Pb207  (p,O    )  Mn 63   9.42000E-09
    Pb207  (p,O    )  Fe 53   1.04130E-08                      Pb207  (p,O    )  Fe 54   5.39910E-08
    Pb207  (p,O    )  Fe 55   1.89340E-07                      Pb207  (p,O    )  Fe 56   3.76110E-07
    Pb207  (p,O    )  Fe 57   5.79400E-07                      Pb207  (p,O    )  Fe 58   7.00720E-07
    Pb207  (p,O    )  Fe 59   6.75800E-07                      Pb207  (p,O    )  Fe 60   5.89820E-07
    Pb207  (p,O    )  Fe 61   3.58970E-07                      Pb207  (p,O    )  Fe 62   1.98880E-07
    Pb207  (p,O    )  Fe 63   1.11870E-07                      Pb207  (p,O    )  Fe 64   4.17420E-08
    Pb207  (p,O    )  Fe 65   1.80480E-08                      Pb207  (p,O    )  Fe 66   9.30000E-09
    Pb207  (p,O    )  Co 56   5.49480E-08                      Pb207  (p,O    )  Co 57   1.63860E-07
    Pb207  (p,O    )  Co 58   3.84350E-07                      Pb207  (p,O    )  Co 59   6.32650E-07
    Pb207  (p,O    )  Co 60   8.31310E-07                      Pb207  (p,O    )  Co 61   8.22800E-07
    Pb207  (p,O    )  Co 62   7.11240E-07                      Pb207  (p,O    )  Co 63   5.37060E-07
    Pb207  (p,O    )  Co 64   3.31510E-07                      Pb207  (p,O    )  Co 65   1.69540E-07
    Pb207  (p,O    )  Co 66   7.48730E-08                      Pb207  (p,O    )  Co 67   3.31770E-08
    Pb207  (p,O    )  Co 68   1.18410E-08                      Pb207  (p,O    )  Ni 57   9.46000E-09
    Pb207  (p,O    )  Ni 58   4.16700E-08                      Pb207  (p,O    )  Ni 59   1.43070E-07
    Pb207  (p,O    )  Ni 60   3.54980E-07                      Pb207  (p,O    )  Ni 61   6.90710E-07
    Pb207  (p,O    )  Ni 62   9.03510E-07                      Pb207  (p,O    )  Ni 63   9.93600E-07
    Pb207  (p,O    )  Ni 64   9.67840E-07                      Pb207  (p,O    )  Ni 65   7.33950E-07
    Pb207  (p,O    )  Ni 66   4.58420E-07                      Pb207  (p,O    )  Ni 67   2.88930E-07
    Pb207  (p,O    )  Ni 68   1.21310E-07                      Pb207  (p,O    )  Ni 69   5.02480E-08
    Pb207  (p,O    )  Ni 70   1.13780E-08                      Pb207  (p,O    )  Ni 71   1.29770E-08
    Pb207  (p,O    )  Cu 60   1.70840E-08                      Pb207  (p,O    )  Cu 61   1.48580E-07
    Pb207  (p,O    )  Cu 62   3.18210E-07                      Pb207  (p,O    )  Cu 63   6.30740E-07
    Pb207  (p,O    )  Cu 64   9.60930E-07                      Pb207  (p,O    )  Cu 65   1.13300E-06
    Pb207  (p,O    )  Cu 66   1.08600E-06                      Pb207  (p,O    )  Cu 67   9.88770E-07
    Pb207  (p,O    )  Cu 68   6.39940E-07                      Pb207  (p,O    )  Cu 69   4.04520E-07
    Pb207  (p,O    )  Cu 70   2.12220E-07                      Pb207  (p,O    )  Cu 71   9.18500E-08
    Pb207  (p,O    )  Cu 72   3.50200E-08                      Pb207  (p,O    )  Cu 73   1.13780E-08
    Pb207  (p,O    )  Cu 74   8.57000E-09                      Pb207  (p,O    )  Zn 62   1.98960E-08
    Pb207  (p,O    )  Zn 63   1.01210E-07                      Pb207  (p,O    )  Zn 64   3.11400E-07
    Pb207  (p,O    )  Zn 65   6.31810E-07                      Pb207  (p,O    )  Zn 66   9.93230E-07
    Pb207  (p,O    )  Zn 67   1.25450E-06                      Pb207  (p,O    )  Zn 68   1.40730E-06
    Pb207  (p,O    )  Zn 69   1.22660E-06                      Pb207  (p,O    )  Zn 70   9.51850E-07
    Pb207  (p,O    )  Zn 71   6.18530E-07                      Pb207  (p,O    )  Zn 72   3.54210E-07
    Pb207  (p,O    )  Zn 73   1.60240E-07                      Pb207  (p,O    )  Zn 74   6.25950E-08
    Pb207  (p,O    )  Zn 75   1.70500E-08                      Pb207  (p,O    )  Zn 76   1.32500E-08
    Pb207  (p,O    )  Ga 64   1.27870E-08                      Pb207  (p,O    )  Ga 65   7.85440E-08
    Pb207  (p,O    )  Ga 66   2.41360E-07                      Pb207  (p,O    )  Ga 67   5.69060E-07
    Pb207  (p,O    )  Ga 68   1.05400E-06                      Pb207  (p,O    )  Ga 69   1.42790E-06
    Pb207  (p,O    )  Ga 70   1.51600E-06                      Pb207  (p,O    )  Ga 71   1.52230E-06
    Pb207  (p,O    )  Ga 72   1.29190E-06                      Pb207  (p,O    )  Ga 73   8.75840E-07
    Pb207  (p,O    )  Ga 74   4.82980E-07                      Pb207  (p,O    )  Ga 75   2.71870E-07
    Pb207  (p,O    )  Ga 76   1.03140E-07                      Pb207  (p,O    )  Ga 77   3.41540E-08
    Pb207  (p,O    )  Ga 78   1.04130E-08                      Pb207  (p,O    )  Ga 79   9.25000E-09
    Pb207  (p,O    )  Ge 66   9.47500E-09                      Pb207  (p,O    )  Ge 67   7.10620E-08
    Pb207  (p,O    )  Ge 68   2.21610E-07                      Pb207  (p,O    )  Ge 69   5.51930E-07
    Pb207  (p,O    )  Ge 70   9.22010E-07                      Pb207  (p,O    )  Ge 71   1.52010E-06
    Pb207  (p,O    )  Ge 72   1.71380E-06                      Pb207  (p,O    )  Ge 73   1.72650E-06
    Pb207  (p,O    )  Ge 74   1.48500E-06                      Pb207  (p,O    )  Ge 75   1.13930E-06
    Pb207  (p,O    )  Ge 76   7.16070E-07                      Pb207  (p,O    )  Ge 77   4.08170E-07
    Pb207  (p,O    )  Ge 78   1.60110E-07                      Pb207  (p,O    )  Ge 79   8.43940E-08
    Pb207  (p,O    )  Ge 80   2.65330E-08                      Pb207  (p,O    )  Ge 81   9.46990E-09
    Pb207  (p,O    )  As 69   2.36610E-08                      Pb207  (p,O    )  As 70   1.64880E-07
    Pb207  (p,O    )  As 71   4.76940E-07                      Pb207  (p,O    )  As 72   9.14460E-07
    Pb207  (p,O    )  As 73   1.42680E-06                      Pb207  (p,O    )  As 74   1.82580E-06
    Pb207  (p,O    )  As 75   1.96160E-06                      Pb207  (p,O    )  As 76   1.86610E-06
    Pb207  (p,O    )  As 77   1.46300E-06                      Pb207  (p,O    )  As 78   1.00820E-06
    Pb207  (p,O    )  As 79   5.90140E-07                      Pb207  (p,O    )  As 80   3.05070E-07
    Pb207  (p,O    )  As 81   1.32540E-07                      Pb207  (p,O    )  As 82   5.21430E-08
    Pb207  (p,O    )  As 83   1.41980E-08                      Pb207  (p,O    )  As 84   1.05600E-08
    Pb207  (p,O    )  Se 71   1.32390E-08                      Pb207  (p,O    )  Se 72   1.26910E-07
    Pb207  (p,O    )  Se 73   3.94890E-07                      Pb207  (p,O    )  Se 74   8.07670E-07
    Pb207  (p,O    )  Se 75   1.41600E-06                      Pb207  (p,O    )  Se 76   1.74730E-06
    Pb207  (p,O    )  Se 77   2.19440E-06                      Pb207  (p,O    )  Se 78   2.12970E-06
    Pb207  (p,O    )  Se 79   1.88700E-06                      Pb207  (p,O    )  Se 80   1.32320E-06
    Pb207  (p,O    )  Se 81   8.52660E-07                      Pb207  (p,O    )  Se 82   4.84910E-07
    Pb207  (p,O    )  Se 83   2.30180E-07                      Pb207  (p,O    )  Se 84   7.11090E-08
    Pb207  (p,O    )  Se 85   3.22000E-08                      Pb207  (p,O    )  Se 86   1.13100E-08
    Pb207  (p,O    )  Br 73   1.61060E-08                      Pb207  (p,O    )  Br 74   8.51540E-08
    Pb207  (p,O    )  Br 75   2.97400E-07                      Pb207  (p,O    )  Br 76   6.75090E-07
    Pb207  (p,O    )  Br 77   1.33420E-06                      Pb207  (p,O    )  Br 78   1.86030E-06
    Pb207  (p,O    )  Br 79   2.38680E-06                      Pb207  (p,O    )  Br 80   2.52540E-06
    Pb207  (p,O    )  Br 81   2.19940E-06                      Pb207  (p,O    )  Br 82   1.72490E-06
    Pb207  (p,O    )  Br 83   1.16770E-06                      Pb207  (p,O    )  Br 84   6.41080E-07
    Pb207  (p,O    )  Br 85   3.03220E-07                      Pb207  (p,O    )  Br 86   1.56420E-07
    Pb207  (p,O    )  Br 87   5.40250E-08                      Pb207  (p,O    )  Br 88   2.17660E-08
    Pb207  (p,O    )  Br 89   8.93000E-09                      Pb207  (p,O    )  Kr 76   6.25230E-08
    Pb207  (p,O    )  Kr 77   2.36680E-07                      Pb207  (p,O    )  Kr 78   6.27700E-07
    Pb207  (p,O    )  Kr 79   1.15790E-06                      Pb207  (p,O    )  Kr 80   1.73390E-06
    Pb207  (p,O    )  Kr 81   2.31980E-06                      Pb207  (p,O    )  Kr 82   2.64710E-06
    Pb207  (p,O    )  Kr 83   2.50990E-06                      Pb207  (p,O    )  Kr 84   2.15970E-06
    Pb207  (p,O    )  Kr 85   1.46640E-06                      Pb207  (p,O    )  Kr 86   9.27250E-07
    Pb207  (p,O    )  Kr 87   4.98170E-07                      Pb207  (p,O    )  Kr 88   2.41560E-07
    Pb207  (p,O    )  Kr 89   9.56400E-08                      Pb207  (p,O    )  Kr 90   3.03310E-08
    Pb207  (p,O    )  Kr 91   1.29410E-08                      Pb207  (p,O    )  Rb 78   3.87850E-08
    Pb207  (p,O    )  Rb 79   1.57150E-07                      Pb207  (p,O    )  Rb 80   4.86790E-07
    Pb207  (p,O    )  Rb 81   1.02270E-06                      Pb207  (p,O    )  Rb 82   1.64100E-06
    Pb207  (p,O    )  Rb 83   2.45800E-06                      Pb207  (p,O    )  Rb 84   2.77000E-06
    Pb207  (p,O    )  Rb 85   2.73230E-06                      Pb207  (p,O    )  Rb 86   2.47760E-06
    Pb207  (p,O    )  Rb 87   1.87420E-06                      Pb207  (p,O    )  Rb 88   1.18780E-06
    Pb207  (p,O    )  Rb 89   7.21570E-07                      Pb207  (p,O    )  Rb 90   3.76960E-07
    Pb207  (p,O    )  Rb 91   1.43160E-07                      Pb207  (p,O    )  Rb 92   5.29420E-08
    Pb207  (p,O    )  Rb 93   2.36810E-08                      Pb207  (p,O    )  Rb 94   1.02800E-08
    Pb207  (p,O    )  Sr 80   1.98960E-08                      Pb207  (p,O    )  Sr 81   1.27850E-07
    Pb207  (p,O    )  Sr 82   3.53310E-07                      Pb207  (p,O    )  Sr 83   8.41020E-07
    Pb207  (p,O    )  Sr 84   1.50770E-06                      Pb207  (p,O    )  Sr 85   2.20640E-06
    Pb207  (p,O    )  Sr 86   2.66320E-06                      Pb207  (p,O    )  Sr 87   2.91780E-06
    Pb207  (p,O    )  Sr 88   2.71080E-06                      Pb207  (p,O    )  Sr 89   2.15170E-06
    Pb207  (p,O    )  Sr 90   1.44330E-06                      Pb207  (p,O    )  Sr 91   9.16750E-07
    Pb207  (p,O    )  Sr 92   4.73590E-07                      Pb207  (p,O    )  Sr 93   2.23560E-07
    Pb207  (p,O    )  Sr 94   7.76600E-08                      Pb207  (p,O    )  Sr 95   2.17910E-08
    Pb207  (p,O    )  Sr 96   1.23090E-08                      Pb207  (p,O    )  Sr 97   8.80000E-09
    Pb207  (p,O    )  Y  82   1.32600E-08                      Pb207  (p,O    )  Y  83   8.33450E-08
    Pb207  (p,O    )  Y  84   2.89680E-07                      Pb207  (p,O    )  Y  85   6.54130E-07
    Pb207  (p,O    )  Y  86   1.31160E-06                      Pb207  (p,O    )  Y  87   1.95780E-06
    Pb207  (p,O    )  Y  88   2.54940E-06                      Pb207  (p,O    )  Y  89   2.96870E-06
    Pb207  (p,O    )  Y  90   2.88610E-06                      Pb207  (p,O    )  Y  91   2.36950E-06
    Pb207  (p,O    )  Y  92   1.76440E-06                      Pb207  (p,O    )  Y  93   1.16900E-06
    Pb207  (p,O    )  Y  94   6.44060E-07                      Pb207  (p,O    )  Y  95   3.18280E-07
    Pb207  (p,O    )  Y  96   1.29780E-07                      Pb207  (p,O    )  Y  97   4.92030E-08
    Pb207  (p,O    )  Y  98   2.27200E-08                      Pb207  (p,O    )  Y  99   8.93000E-09
    Pb207  (p,O    )  Zr 84   9.36000E-09                      Pb207  (p,O    )  Zr 85   4.44960E-08
    Pb207  (p,O    )  Zr 86   2.02670E-07                      Pb207  (p,O    )  Zr 87   5.26400E-07
    Pb207  (p,O    )  Zr 88   1.02940E-06                      Pb207  (p,O    )  Zr 89   1.77900E-06
    Pb207  (p,O    )  Zr 90   2.33830E-06                      Pb207  (p,O    )  Zr 91   2.78630E-06
    Pb207  (p,O    )  Zr 92   2.93060E-06                      Pb207  (p,O    )  Zr 93   2.54300E-06
    Pb207  (p,O    )  Zr 94   2.03920E-06                      Pb207  (p,O    )  Zr 95   1.38600E-06
    Pb207  (p,O    )  Zr 96   8.80420E-07                      Pb207  (p,O    )  Zr 97   4.33040E-07
    Pb207  (p,O    )  Zr 98   1.95150E-07                      Pb207  (p,O    )  Zr 99   8.34430E-08
    Pb207  (p,O    )  Zr100   2.65000E-08                      Pb207  (p,O    )  Zr101   9.16000E-09
    Pb207  (p,O    )  Nb 87   3.22000E-08                      Pb207  (p,O    )  Nb 88   1.38290E-07
    Pb207  (p,O    )  Nb 89   4.00540E-07                      Pb207  (p,O    )  Nb 90   8.40980E-07
    Pb207  (p,O    )  Nb 91   1.42720E-06                      Pb207  (p,O    )  Nb 92   2.16380E-06
    Pb207  (p,O    )  Nb 93   2.53250E-06                      Pb207  (p,O    )  Nb 94   2.86160E-06
    Pb207  (p,O    )  Nb 95   2.70410E-06                      Pb207  (p,O    )  Nb 96   2.07780E-06
    Pb207  (p,O    )  Nb 97   1.53240E-06                      Pb207  (p,O    )  Nb 98   9.79200E-07
    Pb207  (p,O    )  Nb 99   5.14180E-07                      Pb207  (p,O    )  Nb100   2.52050E-07
    Pb207  (p,O    )  Nb101   1.06100E-07                      Pb207  (p,O    )  Nb102   3.22590E-08
    Pb207  (p,O    )  Nb103   1.41910E-08                      Pb207  (p,O    )  Nb104   1.11000E-08
    Pb207  (p,O    )  Mo 89   1.51420E-08                      Pb207  (p,O    )  Mo 90   8.14160E-08
    Pb207  (p,O    )  Mo 91   2.73640E-07                      Pb207  (p,O    )  Mo 92   6.60810E-07
    Pb207  (p,O    )  Mo 93   1.13820E-06                      Pb207  (p,O    )  Mo 94   1.84750E-06
    Pb207  (p,O    )  Mo 95   2.32010E-06                      Pb207  (p,O    )  Mo 96   2.58800E-06
    Pb207  (p,O    )  Mo 97   2.55140E-06                      Pb207  (p,O    )  Mo 98   2.23780E-06
    Pb207  (p,O    )  Mo 99   1.58260E-06                      Pb207  (p,O    )  Mo100   1.12430E-06
    Pb207  (p,O    )  Mo101   6.28300E-07                      Pb207  (p,O    )  Mo102   3.43850E-07
    Pb207  (p,O    )  Mo103   1.25090E-07                      Pb207  (p,O    )  Mo104   6.44590E-08
    Pb207  (p,O    )  Mo105   1.93970E-08                      Pb207  (p,O    )  Mo106   9.12000E-09
    Pb207  (p,O    )  Tc 91   9.46000E-09                      Pb207  (p,O    )  Tc 92   6.81560E-08
    Pb207  (p,O    )  Tc 93   1.98880E-07                      Pb207  (p,O    )  Tc 94   4.71770E-07
    Pb207  (p,O    )  Tc 95   9.49790E-07                      Pb207  (p,O    )  Tc 96   1.45710E-06
    Pb207  (p,O    )  Tc 97   2.06960E-06                      Pb207  (p,O    )  Tc 98   2.28790E-06
    Pb207  (p,O    )  Tc 99   2.40900E-06                      Pb207  (p,O    )  Tc100   2.17340E-06
    Pb207  (p,O    )  Tc101   1.76230E-06                      Pb207  (p,O    )  Tc102   1.26610E-06
    Pb207  (p,O    )  Tc103   7.51010E-07                      Pb207  (p,O    )  Tc104   4.28220E-07
    Pb207  (p,O    )  Tc105   2.23630E-07                      Pb207  (p,O    )  Tc106   7.57050E-08
    Pb207  (p,O    )  Tc107   3.21530E-08                      Pb207  (p,O    )  Tc108   9.95070E-09
    Pb207  (p,O    )  Tc109   9.12000E-09                      Pb207  (p,O    )  Ru 94   3.02580E-08
    Pb207  (p,O    )  Ru 95   1.35390E-07                      Pb207  (p,O    )  Ru 96   3.16290E-07
    Pb207  (p,O    )  Ru 97   7.08510E-07                      Pb207  (p,O    )  Ru 98   1.16720E-06
    Pb207  (p,O    )  Ru 99   1.68170E-06                      Pb207  (p,O    )  Ru100   1.97650E-06
    Pb207  (p,O    )  Ru101   2.17650E-06                      Pb207  (p,O    )  Ru102   2.11730E-06
    Pb207  (p,O    )  Ru103   1.71890E-06                      Pb207  (p,O    )  Ru104   1.32210E-06
    Pb207  (p,O    )  Ru105   7.77560E-07                      Pb207  (p,O    )  Ru106   4.79420E-07
    Pb207  (p,O    )  Ru107   2.46280E-07                      Pb207  (p,O    )  Ru108   1.20350E-07
    Pb207  (p,O    )  Ru109   3.41160E-08                      Pb207  (p,O    )  Ru110   1.41910E-08
    Pb207  (p,O    )  Ru111   9.30000E-09                      Pb207  (p,O    )  Ru112   9.55000E-09
    Pb207  (p,O    )  Rh 96   1.79810E-08                      Pb207  (p,O    )  Rh 97   7.95160E-08
    Pb207  (p,O    )  Rh 98   2.18860E-07                      Pb207  (p,O    )  Rh 99   4.96300E-07
    Pb207  (p,O    )  Rh100   9.32790E-07                      Pb207  (p,O    )  Rh101   1.35710E-06
    Pb207  (p,O    )  Rh102   1.74780E-06                      Pb207  (p,O    )  Rh103   1.95760E-06
    Pb207  (p,O    )  Rh104   1.82590E-06                      Pb207  (p,O    )  Rh105   1.61290E-06
    Pb207  (p,O    )  Rh106   1.25410E-06                      Pb207  (p,O    )  Rh107   8.49610E-07
    Pb207  (p,O    )  Rh108   4.97330E-07                      Pb207  (p,O    )  Rh109   2.97340E-07
    Pb207  (p,O    )  Rh110   1.49620E-07                      Pb207  (p,O    )  Rh111   5.68760E-08
    Pb207  (p,O    )  Rh112   2.27430E-08                      Pb207  (p,O    )  Rh113   1.51300E-08
    Pb207  (p,O    )  Rh114   1.38400E-08                      Pb207  (p,O    )  Pd 98   9.42000E-09
    Pb207  (p,O    )  Pd 99   3.97880E-08                      Pb207  (p,O    )  Pd100   1.72230E-07
    Pb207  (p,O    )  Pd101   3.80690E-07                      Pb207  (p,O    )  Pd102   6.89240E-07
    Pb207  (p,O    )  Pd103   1.05430E-06                      Pb207  (p,O    )  Pd104   1.33790E-06
    Pb207  (p,O    )  Pd105   1.60620E-06                      Pb207  (p,O    )  Pd106   1.67650E-06
    Pb207  (p,O    )  Pd107   1.45550E-06                      Pb207  (p,O    )  Pd108   1.18690E-06
    Pb207  (p,O    )  Pd109   8.85580E-07                      Pb207  (p,O    )  Pd110   5.46490E-07
    Pb207  (p,O    )  Pd111   3.07760E-07                      Pb207  (p,O    )  Pd112   1.50540E-07
    Pb207  (p,O    )  Pd113   7.77240E-08                      Pb207  (p,O    )  Pd114   3.21870E-08
    Pb207  (p,O    )  Pd115   1.41980E-08                      Pb207  (p,O    )  Pd116   1.03800E-08
    Pb207  (p,O    )  Ag101   2.64860E-08                      Pb207  (p,O    )  Ag102   9.93530E-08
    Pb207  (p,O    )  Ag103   2.32010E-07                      Pb207  (p,O    )  Ag104   4.67800E-07
    Pb207  (p,O    )  Ag105   7.89690E-07                      Pb207  (p,O    )  Ag106   1.13740E-06
    Pb207  (p,O    )  Ag107   1.33240E-06                      Pb207  (p,O    )  Ag108   1.32130E-06
    Pb207  (p,O    )  Ag109   1.34430E-06                      Pb207  (p,O    )  Ag110   1.10980E-06
    Pb207  (p,O    )  Ag111   8.30270E-07                      Pb207  (p,O    )  Ag112   5.61740E-07
    Pb207  (p,O    )  Ag113   3.43710E-07                      Pb207  (p,O    )  Ag114   1.74350E-07
    Pb207  (p,O    )  Ag115   1.10780E-07                      Pb207  (p,O    )  Ag116   3.78460E-08
    Pb207  (p,O    )  Ag117   2.17910E-08                      Pb207  (p,O    )  Ag118   1.27100E-08
    Pb207  (p,O    )  Ag119   8.93000E-09                      Pb207  (p,O    )  Cd103   2.08300E-08
    Pb207  (p,O    )  Cd104   4.92830E-08                      Pb207  (p,O    )  Cd105   1.51430E-07
    Pb207  (p,O    )  Cd106   3.40680E-07                      Pb207  (p,O    )  Cd107   5.96610E-07
    Pb207  (p,O    )  Cd108   7.97080E-07                      Pb207  (p,O    )  Cd109   1.02830E-06
    Pb207  (p,O    )  Cd110   1.16340E-06                      Pb207  (p,O    )  Cd111   1.15360E-06
    Pb207  (p,O    )  Cd112   9.60130E-07                      Pb207  (p,O    )  Cd113   7.49320E-07
    Pb207  (p,O    )  Cd114   5.17170E-07                      Pb207  (p,O    )  Cd115   3.84710E-07
    Pb207  (p,O    )  Cd116   2.14080E-07                      Pb207  (p,O    )  Cd117   1.25980E-07
    Pb207  (p,O    )  Cd118   6.62950E-08                      Pb207  (p,O    )  Cd119   2.18250E-08
    Pb207  (p,O    )  Cd120   9.47500E-09                      Pb207  (p,O    )  Cd121   8.65000E-09
    Pb207  (p,O    )  In105   9.46490E-09                      Pb207  (p,O    )  In106   3.11760E-08
    Pb207  (p,O    )  In107   7.96060E-08                      Pb207  (p,O    )  In108   2.42340E-07
    Pb207  (p,O    )  In109   4.11800E-07                      Pb207  (p,O    )  In110   5.97360E-07
    Pb207  (p,O    )  In111   7.92640E-07                      Pb207  (p,O    )  In112   9.07360E-07
    Pb207  (p,O    )  In113   9.61660E-07                      Pb207  (p,O    )  In114   8.15300E-07
    Pb207  (p,O    )  In115   6.78290E-07                      Pb207  (p,O    )  In116   5.44910E-07
    Pb207  (p,O    )  In117   3.36250E-07                      Pb207  (p,O    )  In118   1.99800E-07
    Pb207  (p,O    )  In119   1.13690E-07                      Pb207  (p,O    )  In120   6.63800E-08
    Pb207  (p,O    )  In121   1.89660E-08                      Pb207  (p,O    )  In122   1.32600E-08
    Pb207  (p,O    )  In123   9.46490E-09                      Pb207  (p,O    )  Sn108   1.23160E-08
    Pb207  (p,O    )  Sn109   6.44510E-08                      Pb207  (p,O    )  Sn110   1.42090E-07
    Pb207  (p,O    )  Sn111   2.88840E-07                      Pb207  (p,O    )  Sn112   4.63870E-07
    Pb207  (p,O    )  Sn113   6.15610E-07                      Pb207  (p,O    )  Sn114   7.59510E-07
    Pb207  (p,O    )  Sn115   7.29240E-07                      Pb207  (p,O    )  Sn116   7.47390E-07
    Pb207  (p,O    )  Sn117   6.21110E-07                      Pb207  (p,O    )  Sn118   5.10150E-07
    Pb207  (p,O    )  Sn119   3.25860E-07                      Pb207  (p,O    )  Sn120   2.19700E-07
    Pb207  (p,O    )  Sn121   1.23130E-07                      Pb207  (p,O    )  Sn122   4.45420E-08
    Pb207  (p,O    )  Sn123   3.12950E-08                      Pb207  (p,O    )  Sn124   1.79810E-08
    Pb207  (p,O    )  Sn125   1.13600E-08                      Pb207  (p,O    )  Sn126   1.30900E-08
    Pb207  (p,O    )  Sb111   2.93280E-08                      Pb207  (p,O    )  Sb112   8.89650E-08
    Pb207  (p,O    )  Sb113   2.00710E-07                      Pb207  (p,O    )  Sb114   3.42700E-07
    Pb207  (p,O    )  Sb115   4.52850E-07                      Pb207  (p,O    )  Sb116   5.52060E-07
    Pb207  (p,O    )  Sb117   5.92840E-07                      Pb207  (p,O    )  Sb118   5.47390E-07
    Pb207  (p,O    )  Sb119   5.44700E-07                      Pb207  (p,O    )  Sb120   4.20500E-07
    Pb207  (p,O    )  Sb121   2.99330E-07                      Pb207  (p,O    )  Sb122   2.09260E-07
    Pb207  (p,O    )  Sb123   1.03190E-07                      Pb207  (p,O    )  Sb124   5.58990E-08
    Pb207  (p,O    )  Sb125   2.46710E-08                      Pb207  (p,O    )  Sb126   1.41980E-08
    Pb207  (p,O    )  Sb127   1.48800E-08                      Pb207  (p,O    )  Sb128   8.90000E-09
    Pb207  (p,O    )  Te113   1.60810E-08                      Pb207  (p,O    )  Te114   7.28640E-08
    Pb207  (p,O    )  Te115   1.44960E-07                      Pb207  (p,O    )  Te116   2.36770E-07
    Pb207  (p,O    )  Te117   3.55440E-07                      Pb207  (p,O    )  Te118   4.19530E-07
    Pb207  (p,O    )  Te119   4.62210E-07                      Pb207  (p,O    )  Te120   4.73540E-07
    Pb207  (p,O    )  Te121   4.36560E-07                      Pb207  (p,O    )  Te122   3.27710E-07
    Pb207  (p,O    )  Te123   2.55530E-07                      Pb207  (p,O    )  Te124   1.72340E-07
    Pb207  (p,O    )  Te125   1.08910E-07                      Pb207  (p,O    )  Te126   6.63130E-08
    Pb207  (p,O    )  Te127   3.21530E-08                      Pb207  (p,O    )  Te128   2.46250E-08
    Pb207  (p,O    )  Te129   1.13600E-08                      Pb207  (p,O    )  Te130   1.36300E-08
    Pb207  (p,O    )  Te131   1.10400E-08                      Pb207  (p,O    )  I 115   1.13600E-08
    Pb207  (p,O    )  I 116   3.41080E-08                      Pb207  (p,O    )  I 117   6.33890E-08
    Pb207  (p,O    )  I 118   1.52450E-07                      Pb207  (p,O    )  I 119   2.22610E-07
    Pb207  (p,O    )  I 120   3.32360E-07                      Pb207  (p,O    )  I 121   3.60670E-07
    Pb207  (p,O    )  I 122   3.50330E-07                      Pb207  (p,O    )  I 123   3.54170E-07
    Pb207  (p,O    )  I 124   3.16190E-07                      Pb207  (p,O    )  I 125   1.93320E-07
    Pb207  (p,O    )  I 126   1.53440E-07                      Pb207  (p,O    )  I 127   1.07040E-07
    Pb207  (p,O    )  I 128   6.16050E-08                      Pb207  (p,O    )  I 129   2.84360E-08
    Pb207  (p,O    )  I 130   1.32390E-08                      Pb207  (p,O    )  I 131   1.94100E-08
    Pb207  (p,O    )  I 132   9.42000E-09                      Pb207  (p,O    )  Xe117   9.47000E-09
    Pb207  (p,O    )  Xe118   1.98840E-08                      Pb207  (p,O    )  Xe119   4.25150E-08
    Pb207  (p,O    )  Xe120   9.18500E-08                      Pb207  (p,O    )  Xe121   1.58180E-07
    Pb207  (p,O    )  Xe122   2.25360E-07                      Pb207  (p,O    )  Xe123   2.33060E-07
    Pb207  (p,O    )  Xe124   2.51900E-07                      Pb207  (p,O    )  Xe125   2.62090E-07
    Pb207  (p,O    )  Xe126   2.61310E-07                      Pb207  (p,O    )  Xe127   2.00800E-07
    Pb207  (p,O    )  Xe128   1.44030E-07                      Pb207  (p,O    )  Xe129   1.02310E-07
    Pb207  (p,O    )  Xe130   7.01060E-08                      Pb207  (p,O    )  Xe131   4.64240E-08
    Pb207  (p,O    )  Xe132   1.80350E-08                      Pb207  (p,O    )  Xe133   1.41980E-08
    Pb207  (p,O    )  Xe134   9.47000E-09                      Pb207  (p,O    )  Xe135   8.52000E-09
    Pb207  (p,O    )  Cs120   9.36000E-09                      Pb207  (p,O    )  Cs121   2.93410E-08
    Pb207  (p,O    )  Cs122   6.91930E-08                      Pb207  (p,O    )  Cs123   1.36320E-07
    Pb207  (p,O    )  Cs124   1.38190E-07                      Pb207  (p,O    )  Cs125   2.01680E-07
    Pb207  (p,O    )  Cs126   1.96990E-07                      Pb207  (p,O    )  Cs127   2.20660E-07
    Pb207  (p,O    )  Cs128   1.88630E-07                      Pb207  (p,O    )  Cs129   1.67730E-07
    Pb207  (p,O    )  Cs130   1.25040E-07                      Pb207  (p,O    )  Cs131   1.01480E-07
    Pb207  (p,O    )  Cs132   5.96890E-08                      Pb207  (p,O    )  Cs133   3.68820E-08
    Pb207  (p,O    )  Cs134   1.89060E-08                      Pb207  (p,O    )  Cs135   9.46000E-09
    Pb207  (p,O    )  Cs136   9.16000E-09                      Pb207  (p,O    )  Cs137   1.76000E-08
    Pb207  (p,O    )  Ba123   9.47500E-09                      Pb207  (p,O    )  Ba124   2.74840E-08
    Pb207  (p,O    )  Ba125   6.43400E-08                      Pb207  (p,O    )  Ba126   1.07060E-07
    Pb207  (p,O    )  Ba127   1.48760E-07                      Pb207  (p,O    )  Ba128   1.53450E-07
    Pb207  (p,O    )  Ba129   1.66680E-07                      Pb207  (p,O    )  Ba130   1.42990E-07
    Pb207  (p,O    )  Ba131   1.21170E-07                      Pb207  (p,O    )  Ba132   9.65580E-08
    Pb207  (p,O    )  Ba133   6.81950E-08                      Pb207  (p,O    )  Ba134   5.87580E-08
    Pb207  (p,O    )  Ba135   3.88570E-08                      Pb207  (p,O    )  Ba136   2.65330E-08
    Pb207  (p,O    )  Ba137   1.61060E-08                      Pb207  (p,O    )  Ba138   1.13600E-08
    Pb207  (p,O    )  Ba139   1.02200E-08                      Pb207  (p,O    )  La126   1.80140E-08
    Pb207  (p,O    )  La127   4.44880E-08                      Pb207  (p,O    )  La128   7.49110E-08
    Pb207  (p,O    )  La129   8.89830E-08                      Pb207  (p,O    )  La130   1.06050E-07
    Pb207  (p,O    )  La131   1.24030E-07                      Pb207  (p,O    )  La132   1.03180E-07
    Pb207  (p,O    )  La133   1.16520E-07                      Pb207  (p,O    )  La134   7.00510E-08
    Pb207  (p,O    )  La135   7.39680E-08                      Pb207  (p,O    )  La136   4.83190E-08
    Pb207  (p,O    )  La137   3.03310E-08                      Pb207  (p,O    )  La138   1.70580E-08
    Pb207  (p,O    )  La139   1.51500E-08                      Pb207  (p,O    )  La140   1.11170E-08
    Pb207  (p,O    )  La141   8.90000E-09                      Pb207  (p,O    )  Ce127   9.46000E-09
    Pb207  (p,O    )  Ce128   1.56230E-08                      Pb207  (p,O    )  Ce129   1.99170E-08
    Pb207  (p,O    )  Ce130   5.39910E-08                      Pb207  (p,O    )  Ce131   5.67780E-08
    Pb207  (p,O    )  Ce132   7.01060E-08                      Pb207  (p,O    )  Ce133   7.29440E-08
    Pb207  (p,O    )  Ce134   9.66720E-08                      Pb207  (p,O    )  Ce135   7.48000E-08
    Pb207  (p,O    )  Ce136   9.85800E-08                      Pb207  (p,O    )  Ce137   6.35540E-08
    Pb207  (p,O    )  Ce138   6.34530E-08                      Pb207  (p,O    )  Ce139   3.88230E-08
    Pb207  (p,O    )  Ce140   2.08400E-08                      Pb207  (p,O    )  Ce141   1.31900E-08
    Pb207  (p,O    )  Ce142   1.04300E-08                      Pb207  (p,O    )  Pr130   1.28700E-08
    Pb207  (p,O    )  Pr131   2.27220E-08                      Pb207  (p,O    )  Pr132   2.74580E-08
    Pb207  (p,O    )  Pr133   3.78720E-08                      Pb207  (p,O    )  Pr134   5.49560E-08
    Pb207  (p,O    )  Pr135   8.43560E-08                      Pb207  (p,O    )  Pr136   7.66750E-08
    Pb207  (p,O    )  Pr137   7.66820E-08                      Pb207  (p,O    )  Pr138   6.16180E-08
    Pb207  (p,O    )  Pr139   5.30660E-08                      Pb207  (p,O    )  Pr140   4.64500E-08
    Pb207  (p,O    )  Pr141   2.36350E-08                      Pb207  (p,O    )  Pr142   1.61190E-08
    Pb207  (p,O    )  Pr143   9.42000E-09                      Pb207  (p,O    )  Pr144   8.57000E-09
    Pb207  (p,O    )  Pr145   8.60000E-09                      Pb207  (p,O    )  Nd133   1.04130E-08
    Pb207  (p,O    )  Nd134   1.70580E-08                      Pb207  (p,O    )  Nd135   4.54730E-08
    Pb207  (p,O    )  Nd136   5.01080E-08                      Pb207  (p,O    )  Nd137   5.97100E-08
    Pb207  (p,O    )  Nd138   7.94540E-08                      Pb207  (p,O    )  Nd139   9.36520E-08
    Pb207  (p,O    )  Nd140   9.75350E-08                      Pb207  (p,O    )  Nd141   8.99760E-08
    Pb207  (p,O    )  Nd142   3.78250E-08                      Pb207  (p,O    )  Nd143   1.13650E-08
    Pb207  (p,O    )  Nd144   1.75130E-08                      Pb207  (p,O    )  Nd145   8.65000E-09
    Pb207  (p,O    )  Pm135   1.70400E-08                      Pb207  (p,O    )  Pm136   1.70240E-08
    Pb207  (p,O    )  Pm137   2.74710E-08                      Pb207  (p,O    )  Pm138   4.63910E-08
    Pb207  (p,O    )  Pm139   7.29440E-08                      Pb207  (p,O    )  Pm140   8.42570E-08
    Pb207  (p,O    )  Pm141   8.51670E-08                      Pb207  (p,O    )  Pm142   7.75790E-08
    Pb207  (p,O    )  Pm143   7.00590E-08                      Pb207  (p,O    )  Pm144   3.02710E-08
    Pb207  (p,O    )  Pm145   3.21790E-08                      Pb207  (p,O    )  Pm146   1.51680E-08
    Pb207  (p,O    )  Pm147   1.07100E-08                      Pb207  (p,O    )  Pm148   8.53000E-09
    Pb207  (p,O    )  Sm138   1.98630E-08                      Pb207  (p,O    )  Sm139   3.02580E-08
    Pb207  (p,O    )  Sm140   6.24500E-08                      Pb207  (p,O    )  Sm141   1.01210E-07
    Pb207  (p,O    )  Sm142   1.29600E-07                      Pb207  (p,O    )  Sm143   1.27810E-07
    Pb207  (p,O    )  Sm144   1.24960E-07                      Pb207  (p,O    )  Sm145   8.33320E-08
    Pb207  (p,O    )  Sm146   6.72720E-08                      Pb207  (p,O    )  Sm147   2.17780E-08
    Pb207  (p,O    )  Sm148   2.55560E-08                      Pb207  (p,O    )  Sm149   9.47500E-09
    Pb207  (p,O    )  Eu140   3.02120E-08                      Pb207  (p,O    )  Eu141   4.91390E-08
    Pb207  (p,O    )  Eu142   8.88850E-08                      Pb207  (p,O    )  Eu143   1.56050E-07
    Pb207  (p,O    )  Eu144   1.88420E-07                      Pb207  (p,O    )  Eu145   2.21410E-07
    Pb207  (p,O    )  Eu146   1.99670E-07                      Pb207  (p,O    )  Eu147   1.34380E-07
    Pb207  (p,O    )  Eu148   8.52010E-08                      Pb207  (p,O    )  Eu149   6.15070E-08
    Pb207  (p,O    )  Eu150   3.31310E-08                      Pb207  (p,O    )  Eu151   2.65070E-08
    Pb207  (p,O    )  Gd141   1.13600E-08                      Pb207  (p,O    )  Gd142   2.74120E-08
    Pb207  (p,O    )  Gd143   7.85440E-08                      Pb207  (p,O    )  Gd144   1.40910E-07
    Pb207  (p,O    )  Gd145   2.31780E-07                      Pb207  (p,O    )  Gd146   3.14990E-07
    Pb207  (p,O    )  Gd147   3.15330E-07                      Pb207  (p,O    )  Gd148   3.08480E-07
    Pb207  (p,O    )  Gd149   2.71600E-07                      Pb207  (p,O    )  Gd150   2.01460E-07
    Pb207  (p,O    )  Gd151   1.28620E-07                      Pb207  (p,O    )  Gd152   5.67570E-08
    Pb207  (p,O    )  Gd153   3.87850E-08                      Pb207  (p,O    )  Gd154   1.89320E-08
    Pb207  (p,O    )  Gd155   1.60730E-08                      Pb207  (p,O    )  Tb144   3.50460E-08
    Pb207  (p,O    )  Tb145   1.04060E-07                      Pb207  (p,O    )  Tb146   1.98700E-07
    Pb207  (p,O    )  Tb147   3.59630E-07                      Pb207  (p,O    )  Tb148   5.29790E-07
    Pb207  (p,O    )  Tb149   5.54680E-07                      Pb207  (p,O    )  Tb150   5.68870E-07
    Pb207  (p,O    )  Tb151   5.07320E-07                      Pb207  (p,O    )  Tb152   3.66460E-07
    Pb207  (p,O    )  Tb153   2.82030E-07                      Pb207  (p,O    )  Tb154   1.64820E-07
    Pb207  (p,O    )  Tb155   9.94430E-08                      Pb207  (p,O    )  Tb156   4.73210E-08
    Pb207  (p,O    )  Tb157   3.12020E-08                      Pb207  (p,O    )  Tb158   1.44300E-08
    Pb207  (p,O    )  Dy146   4.16830E-08                      Pb207  (p,O    )  Dy147   1.09650E-07
    Pb207  (p,O    )  Dy148   2.75530E-07                      Pb207  (p,O    )  Dy149   4.79680E-07
    Pb207  (p,O    )  Dy150   7.36120E-07                      Pb207  (p,O    )  Dy151   8.94270E-07
    Pb207  (p,O    )  Dy152   9.84480E-07                      Pb207  (p,O    )  Dy153   9.07700E-07
    Pb207  (p,O    )  Dy154   7.69540E-07                      Pb207  (p,O    )  Dy155   5.29210E-07
    Pb207  (p,O    )  Dy156   3.53210E-07                      Pb207  (p,O    )  Dy157   1.87320E-07
    Pb207  (p,O    )  Dy158   1.02290E-07                      Pb207  (p,O    )  Dy159   6.05680E-08
    Pb207  (p,O    )  Dy160   2.56280E-08                      Pb207  (p,O    )  Dy161   1.70400E-08
    Pb207  (p,O    )  Ho148   3.12230E-08                      Pb207  (p,O    )  Ho149   1.17370E-07
    Pb207  (p,O    )  Ho150   3.27470E-07                      Pb207  (p,O    )  Ho151   6.31150E-07
    Pb207  (p,O    )  Ho152   9.70800E-07                      Pb207  (p,O    )  Ho153   1.38580E-06
    Pb207  (p,O    )  Ho154   1.53420E-06                      Pb207  (p,O    )  Ho155   1.52510E-06
    Pb207  (p,O    )  Ho156   1.28220E-06                      Pb207  (p,O    )  Ho157   9.71650E-07
    Pb207  (p,O    )  Ho158   6.98760E-07                      Pb207  (p,O    )  Ho159   4.02340E-07
    Pb207  (p,O    )  Ho160   2.10160E-07                      Pb207  (p,O    )  Ho161   1.27770E-07
    Pb207  (p,O    )  Ho162   5.88130E-08                      Pb207  (p,O    )  Ho163   3.21330E-08
    Pb207  (p,O    )  Ho164   9.47500E-09                      Pb207  (p,O    )  Er150   3.40230E-08
    Pb207  (p,O    )  Er151   1.27620E-07                      Pb207  (p,O    )  Er152   3.80420E-07
    Pb207  (p,O    )  Er153   7.40980E-07                      Pb207  (p,O    )  Er154   1.28080E-06
    Pb207  (p,O    )  Er155   1.80120E-06                      Pb207  (p,O    )  Er156   2.26050E-06
    Pb207  (p,O    )  Er157   2.33560E-06                      Pb207  (p,O    )  Er158   2.08180E-06
    Pb207  (p,O    )  Er159   1.75870E-06                      Pb207  (p,O    )  Er160   1.16670E-06
    Pb207  (p,O    )  Er161   7.93690E-07                      Pb207  (p,O    )  Er162   5.16010E-07
    Pb207  (p,O    )  Er163   2.90850E-07                      Pb207  (p,O    )  Er164   1.43870E-07
    Pb207  (p,O    )  Er165   7.09560E-08                      Pb207  (p,O    )  Er166   3.40610E-08
    Pb207  (p,O    )  Er167   1.32730E-08                      Pb207  (p,O    )  Er168   1.13600E-08
    Pb207  (p,O    )  Tm152   3.12100E-08                      Pb207  (p,O    )  Tm153   1.02180E-07
    Pb207  (p,O    )  Tm154   3.32130E-07                      Pb207  (p,O    )  Tm155   7.76270E-07
    Pb207  (p,O    )  Tm156   1.45050E-06                      Pb207  (p,O    )  Tm157   2.28030E-06
    Pb207  (p,O    )  Tm158   2.92560E-06                      Pb207  (p,O    )  Tm159   3.24040E-06
    Pb207  (p,O    )  Tm160   3.20300E-06                      Pb207  (p,O    )  Tm161   2.68210E-06
    Pb207  (p,O    )  Tm162   2.06820E-06                      Pb207  (p,O    )  Tm163   1.54250E-06
    Pb207  (p,O    )  Tm164   9.78040E-07                      Pb207  (p,O    )  Tm165   5.53060E-07
    Pb207  (p,O    )  Tm166   2.84180E-07                      Pb207  (p,O    )  Tm167   1.39170E-07
    Pb207  (p,O    )  Tm168   8.52350E-08                      Pb207  (p,O    )  Tm169   3.59770E-08
    Pb207  (p,O    )  Tm170   1.04130E-08                      Pb207  (p,O    )  Yb154   1.51470E-08
    Pb207  (p,O    )  Yb155   9.84660E-08                      Pb207  (p,O    )  Yb156   2.92380E-07
    Pb207  (p,O    )  Yb157   8.11030E-07                      Pb207  (p,O    )  Yb158   1.60310E-06
    Pb207  (p,O    )  Yb159   2.60430E-06                      Pb207  (p,O    )  Yb160   3.66590E-06
    Pb207  (p,O    )  Yb161   4.41840E-06                      Pb207  (p,O    )  Yb162   4.43050E-06
    Pb207  (p,O    )  Yb163   4.11880E-06                      Pb207  (p,O    )  Yb164   3.37050E-06
    Pb207  (p,O    )  Yb165   2.44110E-06                      Pb207  (p,O    )  Yb166   1.64800E-06
    Pb207  (p,O    )  Yb167   1.05710E-06                      Pb207  (p,O    )  Yb168   6.70640E-07
    Pb207  (p,O    )  Yb169   3.28870E-07                      Pb207  (p,O    )  Yb170   1.82780E-07
    Pb207  (p,O    )  Yb171   8.61400E-08                      Pb207  (p,O    )  Yb172   3.03510E-08
    Pb207  (p,O    )  Yb173   1.51210E-08                      Pb207  (p,O    )  Lu156   9.47000E-09
    Pb207  (p,O    )  Lu157   5.95910E-08                      Pb207  (p,O    )  Lu158   2.26240E-07
    Pb207  (p,O    )  Lu159   7.02460E-07                      Pb207  (p,O    )  Lu160   1.55580E-06
    Pb207  (p,O    )  Lu161   2.84450E-06                      Pb207  (p,O    )  Lu162   4.13610E-06
    Pb207  (p,O    )  Lu163   5.27670E-06                      Pb207  (p,O    )  Lu164   5.85520E-06
    Pb207  (p,O    )  Lu165   5.71500E-06                      Pb207  (p,O    )  Lu166   4.97420E-06
    Pb207  (p,O    )  Lu167   3.97470E-06                      Pb207  (p,O    )  Lu168   2.87180E-06
    Pb207  (p,O    )  Lu169   1.90490E-06                      Pb207  (p,O    )  Lu170   1.18450E-06
    Pb207  (p,O    )  Lu171   6.80220E-07                      Pb207  (p,O    )  Lu172   3.71430E-07
    Pb207  (p,O    )  Lu173   1.97830E-07                      Pb207  (p,O    )  Lu174   9.76280E-08
    Pb207  (p,O    )  Lu175   4.73550E-08                      Pb207  (p,O    )  Lu176   2.36740E-08
    Pb207  (p,O    )  Lu177   1.23090E-08                      Pb207  (p,O    )  Hf159   2.74580E-08
    Pb207  (p,O    )  Hf160   1.59050E-07                      Pb207  (p,O    )  Hf161   5.45230E-07
    Pb207  (p,O    )  Hf162   1.32640E-06                      Pb207  (p,O    )  Hf163   2.59230E-06
    Pb207  (p,O    )  Hf164   4.11760E-06                      Pb207  (p,O    )  Hf165   5.89410E-06
    Pb207  (p,O    )  Hf166   6.99000E-06                      Pb207  (p,O    )  Hf167   7.29300E-06
    Pb207  (p,O    )  Hf168   6.82370E-06                      Pb207  (p,O    )  Hf169   5.82950E-06
    Pb207  (p,O    )  Hf170   4.63900E-06                      Pb207  (p,O    )  Hf171   3.10520E-06
    Pb207  (p,O    )  Hf172   2.14290E-06                      Pb207  (p,O    )  Hf173   1.29290E-06
    Pb207  (p,O    )  Hf174   7.50990E-07                      Pb207  (p,O    )  Hf175   4.04540E-07
    Pb207  (p,O    )  Hf176   2.19690E-07                      Pb207  (p,O    )  Hf177   1.24060E-07
    Pb207  (p,O    )  Hf178   7.00120E-08                      Pb207  (p,O    )  Hf179   3.41080E-08
    Pb207  (p,O    )  Hf180   1.70200E-08                      Pb207  (p,O    )  Hf181   9.47000E-09
    Pb207  (p,O    )  Ta161   1.13780E-08                      Pb207  (p,O    )  Ta162   8.90500E-08
    Pb207  (p,O    )  Ta163   3.67390E-07                      Pb207  (p,O    )  Ta164   1.02810E-06
    Pb207  (p,O    )  Ta165   2.21790E-06                      Pb207  (p,O    )  Ta166   3.95630E-06
    Pb207  (p,O    )  Ta167   5.81170E-06                      Pb207  (p,O    )  Ta168   7.55580E-06
    Pb207  (p,O    )  Ta169   8.54910E-06                      Pb207  (p,O    )  Ta170   8.81950E-06
    Pb207  (p,O    )  Ta171   7.70990E-06                      Pb207  (p,O    )  Ta172   6.54920E-06
    Pb207  (p,O    )  Ta173   5.00300E-06                      Pb207  (p,O    )  Ta174   3.43480E-06
    Pb207  (p,O    )  Ta175   2.33560E-06                      Pb207  (p,O    )  Ta176   1.44350E-06
    Pb207  (p,O    )  Ta177   8.35310E-07                      Pb207  (p,O    )  Ta178   4.85780E-07
    Pb207  (p,O    )  Ta179   2.52710E-07                      Pb207  (p,O    )  Ta180   1.19290E-07
    Pb207  (p,O    )  Ta181   7.28380E-08                      Pb207  (p,O    )  Ta182   3.50380E-08
    Pb207  (p,O    )  Ta183   2.27430E-08                      Pb207  (p,O    )  Ta184   1.51500E-08
    Pb207  (p,O    )  Ta185   9.46000E-09                      Pb207  (p,O    )  W 164   5.67780E-08
    Pb207  (p,O    )  W 165   2.36420E-07                      Pb207  (p,O    )  W 166   7.16420E-07
    Pb207  (p,O    )  W 167   1.65330E-06                      Pb207  (p,O    )  W 168   3.36400E-06
    Pb207  (p,O    )  W 169   5.40440E-06                      Pb207  (p,O    )  W 170   7.46030E-06
    Pb207  (p,O    )  W 171   9.37360E-06                      Pb207  (p,O    )  W 172   9.94430E-06
    Pb207  (p,O    )  W 173   9.70320E-06                      Pb207  (p,O    )  W 174   8.66700E-06
    Pb207  (p,O    )  W 175   7.29550E-06                      Pb207  (p,O    )  W 176   5.43960E-06
    Pb207  (p,O    )  W 177   3.88230E-06                      Pb207  (p,O    )  W 178   2.65580E-06
    Pb207  (p,O    )  W 179   1.67620E-06                      Pb207  (p,O    )  W 180   9.87850E-07
    Pb207  (p,O    )  W 181   6.08180E-07                      Pb207  (p,O    )  W 182   3.60800E-07
    Pb207  (p,O    )  W 183   2.07380E-07                      Pb207  (p,O    )  W 184   9.08990E-08
    Pb207  (p,O    )  W 185   6.91330E-08                      Pb207  (p,O    )  W 186   3.12100E-08
    Pb207  (p,O    )  W 187   2.08220E-08                      Pb207  (p,O    )  W 188   1.51550E-08
    Pb207  (p,O    )  W 189   9.47000E-09                      Pb207  (p,O    )  Re166   1.89190E-08
    Pb207  (p,O    )  Re167   1.13670E-07                      Pb207  (p,O    )  Re168   4.42990E-07
    Pb207  (p,O    )  Re169   1.17000E-06                      Pb207  (p,O    )  Re170   2.58550E-06
    Pb207  (p,O    )  Re171   4.38050E-06                      Pb207  (p,O    )  Re172   6.68960E-06
    Pb207  (p,O    )  Re173   9.19030E-06                      Pb207  (p,O    )  Re174   1.04190E-05
    Pb207  (p,O    )  Re175   1.12410E-05                      Pb207  (p,O    )  Re176   1.05650E-05
    Pb207  (p,O    )  Re177   9.44410E-06                      Pb207  (p,O    )  Re178   7.53580E-06
    Pb207  (p,O    )  Re179   5.92580E-06                      Pb207  (p,O    )  Re180   4.32870E-06
    Pb207  (p,O    )  Re181   2.96610E-06                      Pb207  (p,O    )  Re182   1.98870E-06
    Pb207  (p,O    )  Re183   1.23500E-06                      Pb207  (p,O    )  Re184   7.49960E-07
    Pb207  (p,O    )  Re185   4.98090E-07                      Pb207  (p,O    )  Re186   2.70730E-07
    Pb207  (p,O    )  Re187   1.49770E-07                      Pb207  (p,O    )  Re188   1.12720E-07
    Pb207  (p,O    )  Re189   6.34020E-08                      Pb207  (p,O    )  Re190   3.69540E-08
    Pb207  (p,O    )  Re191   1.32390E-08                      Pb207  (p,O    )  Re192   1.60730E-08
    Pb207  (p,O    )  Re193   1.32400E-08                      Pb207  (p,O    )  Re194   1.51500E-08
    Pb207  (p,O    )  Re197   9.47000E-09                      Pb207  (p,O    )  Os168   9.42000E-09
    Pb207  (p,O    )  Os169   4.44620E-08                      Pb207  (p,O    )  Os170   2.06360E-07
    Pb207  (p,O    )  Os171   7.04500E-07                      Pb207  (p,O    )  Os172   1.58170E-06
    Pb207  (p,O    )  Os173   3.13080E-06                      Pb207  (p,O    )  Os174   5.46580E-06
    Pb207  (p,O    )  Os175   7.95050E-06                      Pb207  (p,O    )  Os176   1.01330E-05
    Pb207  (p,O    )  Os177   1.14240E-05                      Pb207  (p,O    )  Os178   1.20820E-05
    Pb207  (p,O    )  Os179   1.14640E-05                      Pb207  (p,O    )  Os180   1.00620E-05
    Pb207  (p,O    )  Os181   8.50650E-06                      Pb207  (p,O    )  Os182   6.55610E-06
    Pb207  (p,O    )  Os183   4.94940E-06                      Pb207  (p,O    )  Os184   3.54230E-06
    Pb207  (p,O    )  Os185   2.47950E-06                      Pb207  (p,O    )  Os186   1.64800E-06
    Pb207  (p,O    )  Os187   1.10870E-06                      Pb207  (p,O    )  Os188   7.07540E-07
    Pb207  (p,O    )  Os189   4.18500E-07                      Pb207  (p,O    )  Os190   2.85090E-07
    Pb207  (p,O    )  Os191   1.95080E-07                      Pb207  (p,O    )  Os192   1.01370E-07
    Pb207  (p,O    )  Os193   6.14600E-08                      Pb207  (p,O    )  Os194   4.25880E-08
    Pb207  (p,O    )  Os195   2.27040E-08                      Pb207  (p,O    )  Os196   2.08140E-08
    Pb207  (p,O    )  Os197   1.41910E-08                      Pb207  (p,O    )  Os198   1.50700E-08
    Pb207  (p,O    )  Ir171   1.61190E-08                      Pb207  (p,O    )  Ir172   1.03250E-07
    Pb207  (p,O    )  Ir173   3.33380E-07                      Pb207  (p,O    )  Ir174   8.69420E-07
    Pb207  (p,O    )  Ir175   1.98640E-06                      Pb207  (p,O    )  Ir176   3.79280E-06
    Pb207  (p,O    )  Ir177   6.23860E-06                      Pb207  (p,O    )  Ir178   8.73550E-06
    Pb207  (p,O    )  Ir179   1.04500E-05                      Pb207  (p,O    )  Ir180   1.20800E-05
    Pb207  (p,O    )  Ir181   1.22740E-05                      Pb207  (p,O    )  Ir182   1.19580E-05
    Pb207  (p,O    )  Ir183   1.08160E-05                      Pb207  (p,O    )  Ir184   8.97330E-06
    Pb207  (p,O    )  Ir185   7.44140E-06                      Pb207  (p,O    )  Ir186   5.83840E-06
    Pb207  (p,O    )  Ir187   4.36250E-06                      Pb207  (p,O    )  Ir188   3.11330E-06
    Pb207  (p,O    )  Ir189   2.20740E-06                      Pb207  (p,O    )  Ir190   1.60700E-06
    Pb207  (p,O    )  Ir191   1.14310E-06                      Pb207  (p,O    )  Ir192   7.37670E-07
    Pb207  (p,O    )  Ir193   5.05890E-07                      Pb207  (p,O    )  Ir194   3.18150E-07
    Pb207  (p,O    )  Ir195   2.28220E-07                      Pb207  (p,O    )  Ir196   1.65670E-07
    Pb207  (p,O    )  Ir197   1.02340E-07                      Pb207  (p,O    )  Ir198   7.58240E-08
    Pb207  (p,O    )  Ir199   3.40690E-08                      Pb207  (p,O    )  Ir200   2.18120E-08
    Pb207  (p,O    )  Ir201   1.79630E-08                      Pb207  (p,O    )  Pt174   3.41330E-08
    Pb207  (p,O    )  Pt175   1.27790E-07                      Pb207  (p,O    )  Pt176   4.26190E-07
    Pb207  (p,O    )  Pt177   1.06820E-06                      Pb207  (p,O    )  Pt178   2.23050E-06
    Pb207  (p,O    )  Pt179   4.23470E-06                      Pb207  (p,O    )  Pt180   6.35210E-06
    Pb207  (p,O    )  Pt181   8.66780E-06                      Pb207  (p,O    )  Pt182   1.08960E-05
    Pb207  (p,O    )  Pt183   1.21240E-05                      Pb207  (p,O    )  Pt183m  4.59070E-05
    Pb207  (p,O    )  Pt184   1.30810E-05                      Pb207  (p,O    )  Pt185   1.27910E-05
    Pb207  (p,O    )  Pt186   1.17330E-05                      Pb207  (p,O    )  Pt187   1.04260E-05
    Pb207  (p,O    )  Pt188   8.75120E-06                      Pb207  (p,O    )  Pt189   7.06940E-06
    Pb207  (p,O    )  Pt190   5.80320E-06                      Pb207  (p,O    )  Pt191   4.40510E-06
    Pb207  (p,O    )  Pt192   3.45060E-06                      Pb207  (p,O    )  Pt193   2.59160E-06
    Pb207  (p,O    )  Pt194   1.90680E-06                      Pb207  (p,O    )  Pt195   1.38540E-06
    Pb207  (p,O    )  Pt196   1.03120E-06                      Pb207  (p,O    )  Pt197   7.58810E-07
    Pb207  (p,O    )  Pt198   5.43760E-07                      Pb207  (p,O    )  Pt199   3.50520E-07
    Pb207  (p,O    )  Pt200   2.48870E-07                      Pb207  (p,O    )  Pt201   1.47820E-07
    Pb207  (p,O    )  Pt202   7.76980E-08                      Pb207  (p,O    )  Pt203   3.32030E-08
    Pb207  (p,O    )  Pt204   1.11000E-08                      Pb207  (p,O    )  Au176   1.13500E-08
    Pb207  (p,O    )  Au177   3.97880E-08                      Pb207  (p,O    )  Au178   1.50540E-07
    Pb207  (p,O    )  Au179   4.82010E-07                      Pb207  (p,O    )  Au180   1.10450E-06
    Pb207  (p,O    )  Au181   2.25870E-06                      Pb207  (p,O    )  Au182   3.90060E-06
    Pb207  (p,O    )  Au183   6.07690E-06                      Pb207  (p,O    )  Au184   8.25230E-06
    Pb207  (p,O    )  Au184m  4.21630E-05                      Pb207  (p,O    )  Au185   1.04010E-05
    Pb207  (p,O    )  Au185m  8.03500E-05                      Pb207  (p,O    )  Au186   1.16770E-05
    Pb207  (p,O    )  Au187   1.28060E-05                      Pb207  (p,O    )  Au187m  1.19930E-04
    Pb207  (p,O    )  Au188   1.28010E-05                      Pb207  (p,O    )  Au189   1.23790E-05
    Pb207  (p,O    )  Au189m  1.05950E-04                      Pb207  (p,O    )  Au190   1.14250E-05
    Pb207  (p,O    )  Au191   1.01210E-05                      Pb207  (p,O    )  Au192   8.91600E-06
    Pb207  (p,O    )  Au193   7.49280E-06                      Pb207  (p,O    )  Au194   6.31230E-06
    Pb207  (p,O    )  Au194m  5.82360E-05                      Pb207  (p,O    )  Au194n  2.68480E-05
    Pb207  (p,O    )  Au195   5.21080E-06                      Pb207  (p,O    )  Au195m  9.73380E-05
    Pb207  (p,O    )  Au196   4.35080E-06                      Pb207  (p,O    )  Au196m  6.07990E-05
    Pb207  (p,O    )  Au196n  2.60960E-05                      Pb207  (p,O    )  Au197   3.67120E-06
    Pb207  (p,O    )  Au197m  7.07040E-05                      Pb207  (p,O    )  Au198   2.77690E-06
    Pb207  (p,O    )  Au198m  3.40450E-05                      Pb207  (p,O    )  Au199   2.25810E-06
    Pb207  (p,O    )  Au200   1.72240E-06                      Pb207  (p,O    )  Au200m  2.08560E-05
    Pb207  (p,O    )  Au201   1.22660E-06                      Pb207  (p,O    )  Au202   8.86340E-07
    Pb207  (p,O    )  Au203   5.54950E-07                      Pb207  (p,O    )  Au204   1.90360E-07
    Pb207  (p,O    )  Au205   3.78330E-08                      Pb207  (p,O    )  Hg179   1.45900E-08
    Pb207  (p,O    )  Hg180   3.60160E-08                      Pb207  (p,O    )  Hg181   1.55340E-07
    Pb207  (p,O    )  Hg182   4.24360E-07                      Pb207  (p,O    )  Hg183   9.98680E-07
    Pb207  (p,O    )  Hg184   2.00240E-06                      Pb207  (p,O    )  Hg185   3.52000E-06
    Pb207  (p,O    )  Hg185m  2.00400E-03                      Pb207  (p,O    )  Hg186   5.29300E-06
    Pb207  (p,O    )  Hg187   7.26480E-06                      Pb207  (p,O    )  Hg187m  3.22760E-04
    Pb207  (p,O    )  Hg188   9.55060E-06                      Pb207  (p,O    )  Hg189   1.10130E-05
    Pb207  (p,O    )  Hg189m  1.87170E-03                      Pb207  (p,O    )  Hg190   1.23980E-05
    Pb207  (p,O    )  Hg191   1.30480E-05                      Pb207  (p,O    )  Hg191m  1.66890E-03
    Pb207  (p,O    )  Hg192   1.30250E-05                      Pb207  (p,O    )  Hg193   1.25730E-05
    Pb207  (p,O    )  Hg193m  1.82430E-03                      Pb207  (p,O    )  Hg194   1.21460E-05
    Pb207  (p,O    )  Hg195   1.14750E-05                      Pb207  (p,O    )  Hg195m  1.32920E-03
    Pb207  (p,O    )  Hg196   1.09100E-05                      Pb207  (p,O    )  Hg197   1.01100E-05
    Pb207  (p,O    )  Hg197m  1.52020E-03                      Pb207  (p,O    )  Hg198   9.37150E-06
    Pb207  (p,O    )  Hg199   8.55520E-06                      Pb207  (p,O    )  Hg199m  2.21630E-03
    Pb207  (p,O    )  Hg200   7.85640E-06                      Pb207  (p,O    )  Hg201   6.88800E-06
    Pb207  (p,O    )  Hg202   6.14630E-06                      Pb207  (p,O    )  Hg203   5.16230E-06
    Pb207  (p,O    )  Hg204   4.20230E-06                      Pb207  (p,O    )  Hg205   2.72650E-06
    Pb207  (p,O    )  Hg206   2.07450E-07                      Pb207  (p,O    )  Tl183   3.40950E-08
    Pb207  (p,O    )  Tl184   8.80730E-08                      Pb207  (p,O    )  Tl185   2.51990E-07
    Pb207  (p,O    )  Tl186   7.47440E-07                      Pb207  (p,O    )  Tl186m  3.96530E-03
    Pb207  (p,O    )  Tl187   1.44730E-06                      Pb207  (p,O    )  Tl187m  1.04400E-02
    Pb207  (p,O    )  Tl188   2.53940E-06                      Pb207  (p,O    )  Tl188m  5.30000E-03
    Pb207  (p,O    )  Tl189   4.11880E-06                      Pb207  (p,O    )  Tl189m  4.60430E-03
    Pb207  (p,O    )  Tl190   5.70880E-06                      Pb207  (p,O    )  Tl191   7.54760E-06
    Pb207  (p,O    )  Tl191m  6.97960E-03                      Pb207  (p,O    )  Tl192   9.05370E-06
    Pb207  (p,O    )  Tl192m  2.38180E-03                      Pb207  (p,O    )  Tl193   1.03620E-05
    Pb207  (p,O    )  Tl193m  5.64320E-03                      Pb207  (p,O    )  Tl194   1.15140E-05
    Pb207  (p,O    )  Tl194m  3.40620E-03                      Pb207  (p,O    )  Tl195   1.23540E-05
    Pb207  (p,O    )  Tl195m  3.75290E-03                      Pb207  (p,O    )  Tl196   1.29480E-05
    Pb207  (p,O    )  Tl196m  6.29770E-03                      Pb207  (p,O    )  Tl197   1.38560E-05
    Pb207  (p,O    )  Tl197m  1.28470E-02                      Pb207  (p,O    )  Tl198   1.42660E-05
    Pb207  (p,O    )  Tl198m  1.11530E-02                      Pb207  (p,O    )  Tl199   1.46320E-05
    Pb207  (p,O    )  Tl200   1.52720E-05                      Pb207  (p,O    )  Tl201   1.58280E-05
    Pb207  (p,O    )  Tl202   1.70600E-05                      Pb207  (p,O    )  Tl203   1.84050E-05
    Pb207  (p,O    )  Tl204   2.07170E-05                      Pb207  (p,O    )  Tl205   2.50720E-05
    Pb207  (p,O    )  Tl206   5.90860E-05                      Pb207  (p,O    )  Tl206m  2.16810E-03
    Pb207  (p,O    )  Tl207   1.53420E-07                      Pb207  (p,O    )  Pb186   1.08890E-08
    Pb207  (p,O    )  Pb187   3.50200E-08                      Pb207  (p,O    )  Pb187m  3.69910E-04
    Pb207  (p,O    )  Pb188   1.47780E-07                      Pb207  (p,O    )  Pb189   3.67530E-07
    Pb207  (p,O    )  Pb189m  1.80750E-03                      Pb207  (p,O    )  Pb190   8.18650E-07
    Pb207  (p,O    )  Pb191   1.56200E-06                      Pb207  (p,O    )  Pb191m  1.02540E-02
    Pb207  (p,O    )  Pb192   2.61290E-06                      Pb207  (p,O    )  Pb193   3.82100E-06
    Pb207  (p,O    )  Pb193m  7.52450E-03                      Pb207  (p,O    )  Pb194   4.91420E-06
    Pb207  (p,O    )  Pb195   5.97100E-06                      Pb207  (p,O    )  Pb195m  1.31910E-02
    Pb207  (p,O    )  Pb196   7.28820E-06                      Pb207  (p,O    )  Pb197   8.57080E-06
    Pb207  (p,O    )  Pb197m  1.95060E-02                      Pb207  (p,O    )  Pb198   1.01730E-05
    Pb207  (p,O    )  Pb199   1.16870E-05                      Pb207  (p,O    )  Pb199m  2.55840E-02
    Pb207  (p,O    )  Pb200   1.32670E-05                      Pb207  (p,O    )  Pb201   1.54790E-05
    Pb207  (p,O    )  Pb201m  4.13460E-02                      Pb207  (p,O    )  Pb202   1.80230E-05
    Pb207  (p,O    )  Pb202m  3.69170E-02                      Pb207  (p,O    )  Pb203   2.20300E-05
    Pb207  (p,O    )  Pb203m  4.39040E-02                      Pb207  (p,O    )  Pb203n  1.08390E-02
    Pb207  (p,O    )  Pb204   2.81070E-05                      Pb207  (p,O    )  Pb204m  3.40980E-02
    Pb207  (p,O    )  Pb205   3.89730E-05                      Pb207  (p,O    )  Pb206   8.18940E-05
    Pb207  (p,O    )  Pb207m  1.52910E-03                      Pb207  (p,O    )  Bi188   1.45600E-05
    Pb207  (p,O    )  Bi189   9.08000E-09                      Pb207  (p,O    )  Bi190   1.51500E-08
    Pb207  (p,O    )  Bi190m  5.38920E-04                      Pb207  (p,O    )  Bi191   2.93660E-08
    Pb207  (p,O    )  Bi191m  4.31660E-04                      Pb207  (p,O    )  Bi192   8.43220E-08
    Pb207  (p,O    )  Bi192m  1.90420E-03                      Pb207  (p,O    )  Bi193   2.30010E-07
    Pb207  (p,O    )  Bi193m  2.61150E-04                      Pb207  (p,O    )  Bi194   4.11890E-07
    Pb207  (p,O    )  Bi194m  8.53410E-04                      Pb207  (p,O    )  Bi194n  1.70620E-05
    Pb207  (p,O    )  Bi195   6.16620E-07                      Pb207  (p,O    )  Bi195m  9.26420E-05
    Pb207  (p,O    )  Bi196   8.58050E-07                      Pb207  (p,O    )  Bi196m  1.18630E-03
    Pb207  (p,O    )  Bi196n  3.09060E-03                      Pb207  (p,O    )  Bi197   1.12910E-06
    Pb207  (p,O    )  Bi197m  1.08250E-04                      Pb207  (p,O    )  Bi198   1.50050E-06
    Pb207  (p,O    )  Bi198m  1.12160E-03                      Pb207  (p,O    )  Bi198n  6.44960E-04
    Pb207  (p,O    )  Bi199   1.77610E-06                      Pb207  (p,O    )  Bi199m  6.00720E-04
    Pb207  (p,O    )  Bi200   2.20410E-06                      Pb207  (p,O    )  Bi200m  8.98630E-04
    Pb207  (p,O    )  Bi200n  6.69320E-04                      Pb207  (p,O    )  Bi201   2.44330E-06
    Pb207  (p,O    )  Bi201m  5.77320E-04                      Pb207  (p,O    )  Bi202   2.73430E-06
    Pb207  (p,O    )  Bi203   2.92580E-06                      Pb207  (p,O    )  Bi203m  1.18940E-04
    Pb207  (p,O    )  Bi204   3.21500E-06                      Pb207  (p,O    )  Bi205   3.22820E-06
    Pb207  (p,O    )  Bi206   2.71370E-06                      Pb207  (p,O    )  Bi207   1.12060E-06
    Pb207  (p,O    )  Bi208   4.39480E-05                      Pb207  (p,O    )  Po195   9.25000E-09
    Pb207  (p,O    )  Po196   9.46990E-09                      Pb207  (p,O    )  Po197   1.60810E-08
    Pb207  (p,O    )  Po198   2.56100E-08                      Pb207  (p,O    )  Po199   3.78980E-08
    Pb207  (p,O    )  Po200   6.53180E-08                      Pb207  (p,O    )  Po201   5.67910E-08
    Pb207  (p,O    )  Po202   5.86860E-08                      Pb207  (p,O    )  Po203   7.38880E-08
    Pb207  (p,O    )  Po204   4.45030E-08                      Pb207  (p,O    )  Po205   1.98960E-08
    Pb207  (p,O    )  Po206   1.26240E-08                      Pb207  (p,O    )  Po207   8.67000E-09
    Pb207  (p,O    )  Po207   8.67000E-09                      Pb208  (p,nonel)          1.71356E+00
    Pb208  (p,F    )          2.61617E-03                      Pb208  (p,O    )  H   1   4.97490E-03
    Pb208  (p,O    )  H   2   7.93070E-04                      Pb208  (p,O    )  H   3   2.06060E-04
    Pb208  (p,O    )  He  3   7.00190E-05                      Pb208  (p,O    )  He  4   1.55640E-03
    Pb208  (p,O    )  He  6   7.11730E-06                      Pb208  (p,O    )  He  8   4.35480E-06
    Pb208  (p,O    )  Li  6   2.33640E-06                      Pb208  (p,O    )  Li  7   2.83940E-06
    Pb208  (p,O    )  Li  8   6.04840E-06                      Pb208  (p,O    )  Be  7   9.69780E-07
    Pb208  (p,O    )  B   8   9.63200E-07                      Pb208  (p,O    )  O  17   1.13600E-08
    Pb208  (p,O    )  F  18   1.13600E-08                      Pb208  (p,O    )  F  19   1.23090E-08
    Pb208  (p,O    )  F  21   1.13500E-08                      Pb208  (p,O    )  Ne 20   1.32500E-08
    Pb208  (p,O    )  Ne 21   1.13600E-08                      Pb208  (p,O    )  Ne 22   1.23090E-08
    Pb208  (p,O    )  Ne 23   9.20000E-09                      Pb208  (p,O    )  Na 23   2.26900E-08
    Pb208  (p,O    )  Na 24   1.29410E-08                      Pb208  (p,O    )  Na 25   1.32730E-08
    Pb208  (p,O    )  Mg 24   9.47500E-09                      Pb208  (p,O    )  Mg 25   1.13650E-08
    Pb208  (p,O    )  Mg 26   2.65330E-08                      Pb208  (p,O    )  Mg 27   1.70400E-08
    Pb208  (p,O    )  Mg 28   1.70580E-08                      Pb208  (p,O    )  Mg 29   1.51300E-08
    Pb208  (p,O    )  Al 27   2.36610E-08                      Pb208  (p,O    )  Al 28   2.74840E-08
    Pb208  (p,O    )  Al 29   2.55890E-08                      Pb208  (p,O    )  Al 30   1.61190E-08
    Pb208  (p,O    )  Al 31   9.47000E-09                      Pb208  (p,O    )  Si 28   1.51680E-08
    Pb208  (p,O    )  Si 29   2.83760E-08                      Pb208  (p,O    )  Si 30   3.59510E-08
    Pb208  (p,O    )  Si 31   4.17080E-08                      Pb208  (p,O    )  Si 32   3.22510E-08
    Pb208  (p,O    )  Si 33   2.27220E-08                      Pb208  (p,O    )  Si 34   2.10560E-08
    Pb208  (p,O    )  Si 35   1.13100E-08                      Pb208  (p,O    )  P  31   3.31640E-08
    Pb208  (p,O    )  P  32   5.20500E-08                      Pb208  (p,O    )  P  33   5.20630E-08
    Pb208  (p,O    )  P  34   4.06850E-08                      Pb208  (p,O    )  P  35   3.50200E-08
    Pb208  (p,O    )  P  36   2.08370E-08                      Pb208  (p,O    )  P  37   1.13500E-08
    Pb208  (p,O    )  S  32   9.47500E-09                      Pb208  (p,O    )  S  33   1.80270E-08
    Pb208  (p,O    )  S  34   6.53100E-08                      Pb208  (p,O    )  S  35   6.15530E-08
    Pb208  (p,O    )  S  36   8.34170E-08                      Pb208  (p,O    )  S  37   4.35440E-08
    Pb208  (p,O    )  S  38   3.40690E-08                      Pb208  (p,O    )  S  39   1.70110E-08
    Pb208  (p,O    )  Cl 34   1.11620E-08                      Pb208  (p,O    )  Cl 35   3.69030E-08
    Pb208  (p,O    )  Cl 36   5.77810E-08                      Pb208  (p,O    )  Cl 37   6.72380E-08
    Pb208  (p,O    )  Cl 38   9.65920E-08                      Pb208  (p,O    )  Cl 39   6.52970E-08
    Pb208  (p,O    )  Cl 40   4.07060E-08                      Pb208  (p,O    )  Cl 41   1.79630E-08
    Pb208  (p,O    )  Cl 42   1.13460E-08                      Pb208  (p,O    )  Ar 36   1.13650E-08
    Pb208  (p,O    )  Ar 37   3.02790E-08                      Pb208  (p,O    )  Ar 38   7.48390E-08
    Pb208  (p,O    )  Ar 39   9.93790E-08                      Pb208  (p,O    )  Ar 40   1.07880E-07
    Pb208  (p,O    )  Ar 41   1.17490E-07                      Pb208  (p,O    )  Ar 42   8.80940E-08
    Pb208  (p,O    )  Ar 43   4.54260E-08                      Pb208  (p,O    )  Ar 44   1.61320E-08
    Pb208  (p,O    )  Ar 45   1.13600E-08                      Pb208  (p,O    )  K  39   2.56100E-08
    Pb208  (p,O    )  K  40   7.48390E-08                      Pb208  (p,O    )  K  41   1.10760E-07
    Pb208  (p,O    )  K  42   1.37470E-07                      Pb208  (p,O    )  K  43   1.34490E-07
    Pb208  (p,O    )  K  44   1.07110E-07                      Pb208  (p,O    )  K  45   7.29100E-08
    Pb208  (p,O    )  K  46   2.27430E-08                      Pb208  (p,O    )  K  47   1.51290E-08
    Pb208  (p,O    )  Ca 41   3.11630E-08                      Pb208  (p,O    )  Ca 42   8.14880E-08
    Pb208  (p,O    )  Ca 43   1.27850E-07                      Pb208  (p,O    )  Ca 44   1.94960E-07
    Pb208  (p,O    )  Ca 45   1.85540E-07                      Pb208  (p,O    )  Ca 46   1.75200E-07
    Pb208  (p,O    )  Ca 47   1.04240E-07                      Pb208  (p,O    )  Ca 48   6.15530E-08
    Pb208  (p,O    )  Ca 49   2.56280E-08                      Pb208  (p,O    )  Ca 50   9.57570E-09
    Pb208  (p,O    )  Sc 43   2.27300E-08                      Pb208  (p,O    )  Sc 44   1.01410E-07
    Pb208  (p,O    )  Sc 45   1.63760E-07                      Pb208  (p,O    )  Sc 46   2.11340E-07
    Pb208  (p,O    )  Sc 47   2.43330E-07                      Pb208  (p,O    )  Sc 48   2.21620E-07
    Pb208  (p,O    )  Sc 49   1.38230E-07                      Pb208  (p,O    )  Sc 50   7.66950E-08
    Pb208  (p,O    )  Sc 51   3.68220E-08                      Pb208  (p,O    )  Sc 52   1.27920E-08
    Pb208  (p,O    )  Ti 45   3.68820E-08                      Pb208  (p,O    )  Ti 46   6.62020E-08
    Pb208  (p,O    )  Ti 47   1.75230E-07                      Pb208  (p,O    )  Ti 48   2.54680E-07
    Pb208  (p,O    )  Ti 49   2.82000E-07                      Pb208  (p,O    )  Ti 50   3.22040E-07
    Pb208  (p,O    )  Ti 51   2.41610E-07                      Pb208  (p,O    )  Ti 52   1.55300E-07
    Pb208  (p,O    )  Ti 53   6.72640E-08                      Pb208  (p,O    )  Ti 54   2.46040E-08
    Pb208  (p,O    )  Ti 55   1.42240E-08                      Pb208  (p,O    )  V  47   1.98450E-08
    Pb208  (p,O    )  V  48   8.13770E-08                      Pb208  (p,O    )  V  49   1.76150E-07
    Pb208  (p,O    )  V  50   2.86950E-07                      Pb208  (p,O    )  V  51   3.39110E-07
    Pb208  (p,O    )  V  52   3.74140E-07                      Pb208  (p,O    )  V  53   3.08590E-07
    Pb208  (p,O    )  V  54   1.96950E-07                      Pb208  (p,O    )  V  55   1.21260E-07
    Pb208  (p,O    )  V  56   5.11910E-08                      Pb208  (p,O    )  V  57   2.08250E-08
    Pb208  (p,O    )  V  58   9.46190E-09                      Pb208  (p,O    )  Cr 49   1.51420E-08
    Pb208  (p,O    )  Cr 50   7.85440E-08                      Pb208  (p,O    )  Cr 51   1.52390E-07
    Pb208  (p,O    )  Cr 52   3.28430E-07                      Pb208  (p,O    )  Cr 53   4.13660E-07
    Pb208  (p,O    )  Cr 54   4.74550E-07                      Pb208  (p,O    )  Cr 55   4.22180E-07
    Pb208  (p,O    )  Cr 56   2.81380E-07                      Pb208  (p,O    )  Cr 57   2.08250E-07
    Pb208  (p,O    )  Cr 58   1.16430E-07                      Pb208  (p,O    )  Cr 59   3.88030E-08
    Pb208  (p,O    )  Cr 60   1.32600E-08                      Pb208  (p,O    )  Cr 61   1.13100E-08
    Pb208  (p,O    )  Mn 51   1.70500E-08                      Pb208  (p,O    )  Mn 52   5.67570E-08
    Pb208  (p,O    )  Mn 53   1.95900E-07                      Pb208  (p,O    )  Mn 54   3.30360E-07
    Pb208  (p,O    )  Mn 55   4.85380E-07                      Pb208  (p,O    )  Mn 56   5.94600E-07
    Pb208  (p,O    )  Mn 57   5.62760E-07                      Pb208  (p,O    )  Mn 58   4.02320E-07
    Pb208  (p,O    )  Mn 59   2.45340E-07                      Pb208  (p,O    )  Mn 60   1.30830E-07
    Pb208  (p,O    )  Mn 61   6.81300E-08                      Pb208  (p,O    )  Mn 62   3.22260E-08
    Pb208  (p,O    )  Mn 63   9.20000E-09                      Pb208  (p,O    )  Fe 54   6.24840E-08
    Pb208  (p,O    )  Fe 55   1.66720E-07                      Pb208  (p,O    )  Fe 56   3.19220E-07
    Pb208  (p,O    )  Fe 57   5.40650E-07                      Pb208  (p,O    )  Fe 58   6.66510E-07
    Pb208  (p,O    )  Fe 59   6.76230E-07                      Pb208  (p,O    )  Fe 60   5.45290E-07
    Pb208  (p,O    )  Fe 61   3.73980E-07                      Pb208  (p,O    )  Fe 62   2.26230E-07
    Pb208  (p,O    )  Fe 63   1.10840E-07                      Pb208  (p,O    )  Fe 64   5.10930E-08
    Pb208  (p,O    )  Fe 65   1.22960E-08                      Pb208  (p,O    )  Fe 66   1.10430E-08
    Pb208  (p,O    )  Co 56   5.11190E-08                      Pb208  (p,O    )  Co 57   1.53360E-07
    Pb208  (p,O    )  Co 58   3.06000E-07                      Pb208  (p,O    )  Co 59   5.39510E-07
    Pb208  (p,O    )  Co 60   7.62040E-07                      Pb208  (p,O    )  Co 61   8.14510E-07
    Pb208  (p,O    )  Co 62   7.32000E-07                      Pb208  (p,O    )  Co 63   5.57670E-07
    Pb208  (p,O    )  Co 64   3.34320E-07                      Pb208  (p,O    )  Co 65   1.95080E-07
    Pb208  (p,O    )  Co 66   8.80730E-08                      Pb208  (p,O    )  Co 67   3.69280E-08
    Pb208  (p,O    )  Co 68   1.32500E-08                      Pb208  (p,O    )  Co 69   9.12000E-09
    Pb208  (p,O    )  Ni 58   2.46510E-08                      Pb208  (p,O    )  Ni 59   1.18210E-07
    Pb208  (p,O    )  Ni 60   3.17190E-07                      Pb208  (p,O    )  Ni 61   6.05440E-07
    Pb208  (p,O    )  Ni 62   8.51220E-07                      Pb208  (p,O    )  Ni 63   1.00660E-06
    Pb208  (p,O    )  Ni 64   8.86380E-07                      Pb208  (p,O    )  Ni 65   7.35070E-07
    Pb208  (p,O    )  Ni 66   5.29280E-07                      Pb208  (p,O    )  Ni 67   3.05020E-07
    Pb208  (p,O    )  Ni 68   1.52520E-07                      Pb208  (p,O    )  Ni 69   5.78410E-08
    Pb208  (p,O    )  Ni 70   2.08220E-08                      Pb208  (p,O    )  Ni 71   9.47500E-09
    Pb208  (p,O    )  Cu 60   1.99090E-08                      Pb208  (p,O    )  Cu 61   8.32800E-08
    Pb208  (p,O    )  Cu 62   3.13300E-07                      Pb208  (p,O    )  Cu 63   6.23140E-07
    Pb208  (p,O    )  Cu 64   9.11110E-07                      Pb208  (p,O    )  Cu 65   1.12510E-06
    Pb208  (p,O    )  Cu 66   1.13460E-06                      Pb208  (p,O    )  Cu 67   9.93500E-07
    Pb208  (p,O    )  Cu 68   7.03460E-07                      Pb208  (p,O    )  Cu 69   4.29030E-07
    Pb208  (p,O    )  Cu 70   2.32040E-07                      Pb208  (p,O    )  Cu 71   8.52600E-08
    Pb208  (p,O    )  Cu 72   3.69540E-08                      Pb208  (p,O    )  Cu 73   1.79880E-08
    Pb208  (p,O    )  Cu 74   8.53000E-09                      Pb208  (p,O    )  Zn 62   1.23160E-08
    Pb208  (p,O    )  Zn 63   9.27550E-08                      Pb208  (p,O    )  Zn 64   2.60570E-07
    Pb208  (p,O    )  Zn 65   5.52010E-07                      Pb208  (p,O    )  Zn 66   8.91270E-07
    Pb208  (p,O    )  Zn 67   1.23890E-06                      Pb208  (p,O    )  Zn 68   1.31820E-06
    Pb208  (p,O    )  Zn 69   1.18600E-06                      Pb208  (p,O    )  Zn 70   9.67920E-07
    Pb208  (p,O    )  Zn 71   6.07030E-07                      Pb208  (p,O    )  Zn 72   3.83580E-07
    Pb208  (p,O    )  Zn 73   1.78170E-07                      Pb208  (p,O    )  Zn 74   6.72640E-08
    Pb208  (p,O    )  Zn 75   2.55890E-08                      Pb208  (p,O    )  Zn 76   1.04130E-08
    Pb208  (p,O    )  Ga 64   9.47000E-09                      Pb208  (p,O    )  Ga 65   5.67570E-08
    Pb208  (p,O    )  Ga 66   2.17800E-07                      Pb208  (p,O    )  Ga 67   5.56700E-07
    Pb208  (p,O    )  Ga 68   8.66540E-07                      Pb208  (p,O    )  Ga 69   1.28250E-06
    Pb208  (p,O    )  Ga 70   1.49280E-06                      Pb208  (p,O    )  Ga 71   1.40930E-06
    Pb208  (p,O    )  Ga 72   1.26290E-06                      Pb208  (p,O    )  Ga 73   8.39790E-07
    Pb208  (p,O    )  Ga 74   5.16570E-07                      Pb208  (p,O    )  Ga 75   3.04040E-07
    Pb208  (p,O    )  Ga 76   1.29840E-07                      Pb208  (p,O    )  Ga 77   5.02860E-08
    Pb208  (p,O    )  Ga 78   1.88930E-08                      Pb208  (p,O    )  Ga 79   9.47000E-09
    Pb208  (p,O    )  Ge 67   3.60160E-08                      Pb208  (p,O    )  Ge 68   1.65670E-07
    Pb208  (p,O    )  Ge 69   4.58310E-07                      Pb208  (p,O    )  Ge 70   9.84060E-07
    Pb208  (p,O    )  Ge 71   1.31890E-06                      Pb208  (p,O    )  Ge 72   1.66510E-06
    Pb208  (p,O    )  Ge 73   1.66500E-06                      Pb208  (p,O    )  Ge 74   1.47450E-06
    Pb208  (p,O    )  Ge 75   1.17430E-06                      Pb208  (p,O    )  Ge 76   7.86050E-07
    Pb208  (p,O    )  Ge 77   4.70620E-07                      Pb208  (p,O    )  Ge 78   1.93200E-07
    Pb208  (p,O    )  Ge 79   9.18840E-08                      Pb208  (p,O    )  Ge 80   3.03180E-08
    Pb208  (p,O    )  Ge 81   1.04260E-08                      Pb208  (p,O    )  As 69   2.93070E-08
    Pb208  (p,O    )  As 70   1.58970E-07                      Pb208  (p,O    )  As 71   4.23190E-07
    Pb208  (p,O    )  As 72   8.17200E-07                      Pb208  (p,O    )  As 73   1.26520E-06
    Pb208  (p,O    )  As 74   1.70090E-06                      Pb208  (p,O    )  As 75   1.95470E-06
    Pb208  (p,O    )  As 76   1.81370E-06                      Pb208  (p,O    )  As 77   1.53610E-06
    Pb208  (p,O    )  As 78   1.04850E-06                      Pb208  (p,O    )  As 79   5.81620E-07
    Pb208  (p,O    )  As 80   3.27860E-07                      Pb208  (p,O    )  As 81   1.40280E-07
    Pb208  (p,O    )  As 82   5.19770E-08                      Pb208  (p,O    )  As 83   1.84770E-08
    Pb208  (p,O    )  As 84   9.47000E-09                      Pb208  (p,O    )  Se 71   2.18120E-08
    Pb208  (p,O    )  Se 72   1.20310E-07                      Pb208  (p,O    )  Se 73   3.59750E-07
    Pb208  (p,O    )  Se 74   7.54590E-07                      Pb208  (p,O    )  Se 75   1.19100E-06
    Pb208  (p,O    )  Se 76   1.82120E-06                      Pb208  (p,O    )  Se 77   2.07590E-06
    Pb208  (p,O    )  Se 78   2.05110E-06                      Pb208  (p,O    )  Se 79   1.89090E-06
    Pb208  (p,O    )  Se 80   1.38820E-06                      Pb208  (p,O    )  Se 81   8.76150E-07
    Pb208  (p,O    )  Se 82   5.24080E-07                      Pb208  (p,O    )  Se 83   2.65160E-07
    Pb208  (p,O    )  Se 84   1.18370E-07                      Pb208  (p,O    )  Se 85   3.59170E-08
    Pb208  (p,O    )  Se 86   1.04260E-08                      Pb208  (p,O    )  Se 87   1.40800E-08
    Pb208  (p,O    )  Br 73   1.41980E-08                      Pb208  (p,O    )  Br 74   6.15070E-08
    Pb208  (p,O    )  Br 75   2.75450E-07                      Pb208  (p,O    )  Br 76   6.25020E-07
    Pb208  (p,O    )  Br 77   1.18480E-06                      Pb208  (p,O    )  Br 78   1.74270E-06
    Pb208  (p,O    )  Br 79   2.18890E-06                      Pb208  (p,O    )  Br 80   2.22960E-06
    Pb208  (p,O    )  Br 81   2.20030E-06                      Pb208  (p,O    )  Br 82   1.70190E-06
    Pb208  (p,O    )  Br 83   1.16430E-06                      Pb208  (p,O    )  Br 84   7.20200E-07
    Pb208  (p,O    )  Br 85   3.95100E-07                      Pb208  (p,O    )  Br 86   1.47750E-07
    Pb208  (p,O    )  Br 87   5.39450E-08                      Pb208  (p,O    )  Br 88   1.89400E-08
    Pb208  (p,O    )  Br 89   9.42000E-09                      Pb208  (p,O    )  Kr 75   9.47000E-09
    Pb208  (p,O    )  Kr 76   4.92500E-08                      Pb208  (p,O    )  Kr 77   1.87510E-07
    Pb208  (p,O    )  Kr 78   5.43760E-07                      Pb208  (p,O    )  Kr 79   1.05110E-06
    Pb208  (p,O    )  Kr 80   1.71240E-06                      Pb208  (p,O    )  Kr 81   2.26910E-06
    Pb208  (p,O    )  Kr 82   2.55600E-06                      Pb208  (p,O    )  Kr 83   2.50410E-06
    Pb208  (p,O    )  Kr 84   2.05530E-06                      Pb208  (p,O    )  Kr 85   1.48790E-06
    Pb208  (p,O    )  Kr 86   9.50830E-07                      Pb208  (p,O    )  Kr 87   5.28440E-07
    Pb208  (p,O    )  Kr 88   2.67070E-07                      Pb208  (p,O    )  Kr 89   1.07910E-07
    Pb208  (p,O    )  Kr 90   4.16700E-08                      Pb208  (p,O    )  Kr 91   1.42160E-08
    Pb208  (p,O    )  Kr 92   8.63000E-09                      Pb208  (p,O    )  Rb 78   2.83890E-08
    Pb208  (p,O    )  Rb 79   1.58280E-07                      Pb208  (p,O    )  Rb 80   3.97610E-07
    Pb208  (p,O    )  Rb 81   9.64310E-07                      Pb208  (p,O    )  Rb 82   1.47340E-06
    Pb208  (p,O    )  Rb 83   2.15130E-06                      Pb208  (p,O    )  Rb 84   2.48610E-06
    Pb208  (p,O    )  Rb 85   2.73010E-06                      Pb208  (p,O    )  Rb 86   2.37310E-06
    Pb208  (p,O    )  Rb 87   1.89500E-06                      Pb208  (p,O    )  Rb 88   1.32630E-06
    Pb208  (p,O    )  Rb 89   7.43580E-07                      Pb208  (p,O    )  Rb 90   3.92120E-07
    Pb208  (p,O    )  Rb 91   1.77960E-07                      Pb208  (p,O    )  Rb 92   5.96370E-08
    Pb208  (p,O    )  Rb 93   1.42240E-08                      Pb208  (p,O    )  Rb 94   9.25000E-09
    Pb208  (p,O    )  Sr 80   1.98370E-08                      Pb208  (p,O    )  Sr 81   9.93920E-08
    Pb208  (p,O    )  Sr 82   3.06850E-07                      Pb208  (p,O    )  Sr 83   7.15410E-07
    Pb208  (p,O    )  Sr 84   1.33290E-06                      Pb208  (p,O    )  Sr 85   2.01300E-06
    Pb208  (p,O    )  Sr 86   2.58850E-06                      Pb208  (p,O    )  Sr 87   2.81840E-06
    Pb208  (p,O    )  Sr 88   2.67170E-06                      Pb208  (p,O    )  Sr 89   2.23290E-06
    Pb208  (p,O    )  Sr 90   1.52300E-06                      Pb208  (p,O    )  Sr 91   1.00130E-06
    Pb208  (p,O    )  Sr 92   5.54080E-07                      Pb208  (p,O    )  Sr 93   2.73910E-07
    Pb208  (p,O    )  Sr 94   1.05100E-07                      Pb208  (p,O    )  Sr 95   4.82850E-08
    Pb208  (p,O    )  Sr 96   1.42240E-08                      Pb208  (p,O    )  Sr 97   1.04400E-08
    Pb208  (p,O    )  Y  82   1.04260E-08                      Pb208  (p,O    )  Y  83   5.58270E-08
    Pb208  (p,O    )  Y  84   2.46250E-07                      Pb208  (p,O    )  Y  85   5.72850E-07
    Pb208  (p,O    )  Y  86   1.11370E-06                      Pb208  (p,O    )  Y  87   1.75800E-06
    Pb208  (p,O    )  Y  88   2.44370E-06                      Pb208  (p,O    )  Y  89   2.83150E-06
    Pb208  (p,O    )  Y  90   2.65160E-06                      Pb208  (p,O    )  Y  91   2.36240E-06
    Pb208  (p,O    )  Y  92   1.77510E-06                      Pb208  (p,O    )  Y  93   1.22940E-06
    Pb208  (p,O    )  Y  94   7.39630E-07                      Pb208  (p,O    )  Y  95   3.26640E-07
    Pb208  (p,O    )  Y  96   1.40260E-07                      Pb208  (p,O    )  Y  97   5.86860E-08
    Pb208  (p,O    )  Y  98   1.51680E-08                      Pb208  (p,O    )  Y  99   1.09900E-08
    Pb208  (p,O    )  Zr 84   9.47000E-09                      Pb208  (p,O    )  Zr 85   4.82600E-08
    Pb208  (p,O    )  Zr 86   1.66790E-07                      Pb208  (p,O    )  Zr 87   4.42080E-07
    Pb208  (p,O    )  Zr 88   9.89710E-07                      Pb208  (p,O    )  Zr 89   1.57380E-06
    Pb208  (p,O    )  Zr 90   2.16280E-06                      Pb208  (p,O    )  Zr 91   2.67760E-06
    Pb208  (p,O    )  Zr 92   2.73620E-06                      Pb208  (p,O    )  Zr 93   2.62240E-06
    Pb208  (p,O    )  Zr 94   1.98110E-06                      Pb208  (p,O    )  Zr 95   1.44540E-06
    Pb208  (p,O    )  Zr 96   8.88440E-07                      Pb208  (p,O    )  Zr 97   5.09270E-07
    Pb208  (p,O    )  Zr 98   2.45530E-07                      Pb208  (p,O    )  Zr 99   8.32980E-08
    Pb208  (p,O    )  Zr100   3.69670E-08                      Pb208  (p,O    )  Zr101   9.42000E-09
    Pb208  (p,O    )  Nb 87   2.84690E-08                      Pb208  (p,O    )  Nb 88   1.21280E-07
    Pb208  (p,O    )  Nb 89   3.11410E-07                      Pb208  (p,O    )  Nb 90   7.03640E-07
    Pb208  (p,O    )  Nb 91   1.35630E-06                      Pb208  (p,O    )  Nb 92   1.92910E-06
    Pb208  (p,O    )  Nb 93   2.38130E-06                      Pb208  (p,O    )  Nb 94   2.74470E-06
    Pb208  (p,O    )  Nb 95   2.57040E-06                      Pb208  (p,O    )  Nb 96   2.20600E-06
    Pb208  (p,O    )  Nb 97   1.63290E-06                      Pb208  (p,O    )  Nb 98   1.06640E-06
    Pb208  (p,O    )  Nb 99   6.22260E-07                      Pb208  (p,O    )  Nb100   3.10850E-07
    Pb208  (p,O    )  Nb101   1.37390E-07                      Pb208  (p,O    )  Nb102   5.11990E-08
    Pb208  (p,O    )  Nb103   1.51500E-08                      Pb208  (p,O    )  Nb104   1.09400E-08
    Pb208  (p,O    )  Mo 89   1.41780E-08                      Pb208  (p,O    )  Mo 90   8.03920E-08
    Pb208  (p,O    )  Mo 91   2.16060E-07                      Pb208  (p,O    )  Mo 92   5.73710E-07
    Pb208  (p,O    )  Mo 93   1.10900E-06                      Pb208  (p,O    )  Mo 94   1.67360E-06
    Pb208  (p,O    )  Mo 95   2.11070E-06                      Pb208  (p,O    )  Mo 96   2.50480E-06
    Pb208  (p,O    )  Mo 97   2.50040E-06                      Pb208  (p,O    )  Mo 98   2.23840E-06
    Pb208  (p,O    )  Mo 99   1.76360E-06                      Pb208  (p,O    )  Mo100   1.16850E-06
    Pb208  (p,O    )  Mo101   6.86800E-07                      Pb208  (p,O    )  Mo102   3.70320E-07
    Pb208  (p,O    )  Mo103   2.08440E-07                      Pb208  (p,O    )  Mo104   6.82410E-08
    Pb208  (p,O    )  Mo105   2.46510E-08                      Pb208  (p,O    )  Mo106   9.42000E-09
    Pb208  (p,O    )  Tc 92   3.98140E-08                      Pb208  (p,O    )  Tc 93   1.42060E-07
    Pb208  (p,O    )  Tc 94   4.40250E-07                      Pb208  (p,O    )  Tc 95   8.62770E-07
    Pb208  (p,O    )  Tc 96   1.33320E-06                      Pb208  (p,O    )  Tc 97   1.82800E-06
    Pb208  (p,O    )  Tc 98   2.23540E-06                      Pb208  (p,O    )  Tc 99   2.27390E-06
    Pb208  (p,O    )  Tc100   2.08920E-06                      Pb208  (p,O    )  Tc101   1.75800E-06
    Pb208  (p,O    )  Tc102   1.25500E-06                      Pb208  (p,O    )  Tc103   7.99440E-07
    Pb208  (p,O    )  Tc104   4.61320E-07                      Pb208  (p,O    )  Tc105   2.33880E-07
    Pb208  (p,O    )  Tc106   8.99350E-08                      Pb208  (p,O    )  Tc107   3.31380E-08
    Pb208  (p,O    )  Tc108   1.51470E-08                      Pb208  (p,O    )  Tc109   9.25000E-09
    Pb208  (p,O    )  Ru 94   2.46330E-08                      Pb208  (p,O    )  Ru 95   1.04150E-07
    Pb208  (p,O    )  Ru 96   2.85880E-07                      Pb208  (p,O    )  Ru 97   6.38870E-07
    Pb208  (p,O    )  Ru 98   1.01150E-06                      Pb208  (p,O    )  Ru 99   1.58540E-06
    Pb208  (p,O    )  Ru100   1.92560E-06                      Pb208  (p,O    )  Ru101   2.06890E-06
    Pb208  (p,O    )  Ru102   2.03760E-06                      Pb208  (p,O    )  Ru103   1.71060E-06
    Pb208  (p,O    )  Ru104   1.32400E-06                      Pb208  (p,O    )  Ru105   8.89270E-07
    Pb208  (p,O    )  Ru106   5.31470E-07                      Pb208  (p,O    )  Ru107   2.69790E-07
    Pb208  (p,O    )  Ru108   1.36390E-07                      Pb208  (p,O    )  Ru109   6.14600E-08
    Pb208  (p,O    )  Ru110   2.17910E-08                      Pb208  (p,O    )  Ru111   1.11600E-08
    Pb208  (p,O    )  Ru112   8.60000E-09                      Pb208  (p,O    )  Rh 96   1.32500E-08
    Pb208  (p,O    )  Rh 97   6.62950E-08                      Pb208  (p,O    )  Rh 98   2.03580E-07
    Pb208  (p,O    )  Rh 99   4.19600E-07                      Pb208  (p,O    )  Rh100   7.76450E-07
    Pb208  (p,O    )  Rh101   1.24360E-06                      Pb208  (p,O    )  Rh102   1.59760E-06
    Pb208  (p,O    )  Rh103   1.79170E-06                      Pb208  (p,O    )  Rh104   1.76730E-06
    Pb208  (p,O    )  Rh105   1.61840E-06                      Pb208  (p,O    )  Rh106   1.25120E-06
    Pb208  (p,O    )  Rh107   9.00030E-07                      Pb208  (p,O    )  Rh108   5.76110E-07
    Pb208  (p,O    )  Rh109   3.27840E-07                      Pb208  (p,O    )  Rh110   1.68640E-07
    Pb208  (p,O    )  Rh111   6.54280E-08                      Pb208  (p,O    )  Rh112   3.12230E-08
    Pb208  (p,O    )  Rh113   1.41980E-08                      Pb208  (p,O    )  Rh114   8.67000E-09
    Pb208  (p,O    )  Pd 99   3.79060E-08                      Pb208  (p,O    )  Pd100   1.38150E-07
    Pb208  (p,O    )  Pd101   3.21960E-07                      Pb208  (p,O    )  Pd102   5.99530E-07
    Pb208  (p,O    )  Pd103   9.23020E-07                      Pb208  (p,O    )  Pd104   1.24550E-06
    Pb208  (p,O    )  Pd105   1.56910E-06                      Pb208  (p,O    )  Pd106   1.59180E-06
    Pb208  (p,O    )  Pd107   1.49670E-06                      Pb208  (p,O    )  Pd108   1.18740E-06
    Pb208  (p,O    )  Pd109   8.74130E-07                      Pb208  (p,O    )  Pd110   5.85090E-07
    Pb208  (p,O    )  Pd111   3.59950E-07                      Pb208  (p,O    )  Pd112   1.81010E-07
    Pb208  (p,O    )  Pd113   9.19690E-08                      Pb208  (p,O    )  Pd114   5.30810E-08
    Pb208  (p,O    )  Pd115   1.79810E-08                      Pb208  (p,O    )  Pd116   1.89100E-08
    Pb208  (p,O    )  Pd117   1.14600E-08                      Pb208  (p,O    )  Ag101   2.64970E-08
    Pb208  (p,O    )  Ag102   8.33450E-08                      Pb208  (p,O    )  Ag103   2.17790E-07
    Pb208  (p,O    )  Ag104   3.99610E-07                      Pb208  (p,O    )  Ag105   7.23580E-07
    Pb208  (p,O    )  Ag106   1.03140E-06                      Pb208  (p,O    )  Ag107   1.29490E-06
    Pb208  (p,O    )  Ag108   1.33560E-06                      Pb208  (p,O    )  Ag109   1.27190E-06
    Pb208  (p,O    )  Ag110   1.06620E-06                      Pb208  (p,O    )  Ag111   8.32500E-07
    Pb208  (p,O    )  Ag112   6.16510E-07                      Pb208  (p,O    )  Ag113   4.02380E-07
    Pb208  (p,O    )  Ag114   2.43370E-07                      Pb208  (p,O    )  Ag115   1.15440E-07
    Pb208  (p,O    )  Ag116   4.92290E-08                      Pb208  (p,O    )  Ag117   2.17990E-08
    Pb208  (p,O    )  Ag118   9.47500E-09                      Pb208  (p,O    )  Ag119   8.60000E-09
    Pb208  (p,O    )  Cd103   9.78710E-09                      Pb208  (p,O    )  Cd104   4.07060E-08
    Pb208  (p,O    )  Cd105   1.44850E-07                      Pb208  (p,O    )  Cd106   3.08740E-07
    Pb208  (p,O    )  Cd107   5.76590E-07                      Pb208  (p,O    )  Cd108   7.66140E-07
    Pb208  (p,O    )  Cd109   9.64360E-07                      Pb208  (p,O    )  Cd110   1.06690E-06
    Pb208  (p,O    )  Cd111   1.07620E-06                      Pb208  (p,O    )  Cd112   9.89900E-07
    Pb208  (p,O    )  Cd113   7.78290E-07                      Pb208  (p,O    )  Cd114   5.65340E-07
    Pb208  (p,O    )  Cd115   3.81820E-07                      Pb208  (p,O    )  Cd116   2.54720E-07
    Pb208  (p,O    )  Cd117   1.27980E-07                      Pb208  (p,O    )  Cd118   5.58860E-08
    Pb208  (p,O    )  Cd119   1.98630E-08                      Pb208  (p,O    )  Cd120   2.08300E-08
    Pb208  (p,O    )  Cd121   8.93000E-09                      Pb208  (p,O    )  In105   9.47000E-09
    Pb208  (p,O    )  In106   1.70580E-08                      Pb208  (p,O    )  In107   8.80730E-08
    Pb208  (p,O    )  In108   1.79010E-07                      Pb208  (p,O    )  In109   3.65620E-07
    Pb208  (p,O    )  In110   5.80360E-07                      Pb208  (p,O    )  In111   7.14780E-07
    Pb208  (p,O    )  In112   9.06270E-07                      Pb208  (p,O    )  In113   9.19880E-07
    Pb208  (p,O    )  In114   8.61610E-07                      Pb208  (p,O    )  In115   6.86530E-07
    Pb208  (p,O    )  In116   5.92720E-07                      Pb208  (p,O    )  In117   4.06320E-07
    Pb208  (p,O    )  In118   2.23460E-07                      Pb208  (p,O    )  In119   1.34490E-07
    Pb208  (p,O    )  In120   8.70830E-08                      Pb208  (p,O    )  In121   3.22510E-08
    Pb208  (p,O    )  In122   1.04260E-08                      Pb208  (p,O    )  In123   1.09020E-08
    Pb208  (p,O    )  In124   1.07100E-08                      Pb208  (p,O    )  Sn108   1.13570E-08
    Pb208  (p,O    )  Sn109   3.98010E-08                      Pb208  (p,O    )  Sn110   1.33550E-07
    Pb208  (p,O    )  Sn111   2.62440E-07                      Pb208  (p,O    )  Sn112   4.42060E-07
    Pb208  (p,O    )  Sn113   5.66650E-07                      Pb208  (p,O    )  Sn114   7.09170E-07
    Pb208  (p,O    )  Sn115   7.37040E-07                      Pb208  (p,O    )  Sn116   7.37980E-07
    Pb208  (p,O    )  Sn117   6.50500E-07                      Pb208  (p,O    )  Sn118   5.04760E-07
    Pb208  (p,O    )  Sn119   3.65620E-07                      Pb208  (p,O    )  Sn120   2.47260E-07
    Pb208  (p,O    )  Sn121   1.33560E-07                      Pb208  (p,O    )  Sn122   8.13570E-08
    Pb208  (p,O    )  Sn123   3.69210E-08                      Pb208  (p,O    )  Sn124   2.08220E-08
    Pb208  (p,O    )  Sn125   1.51500E-08                      Pb208  (p,O    )  Sn126   8.65000E-09
    Pb208  (p,O    )  Sn127   9.46000E-09                      Pb208  (p,O    )  Sb111   2.93280E-08
    Pb208  (p,O    )  Sb112   8.80400E-08                      Pb208  (p,O    )  Sb113   1.75180E-07
    Pb208  (p,O    )  Sb114   3.15210E-07                      Pb208  (p,O    )  Sb115   4.53800E-07
    Pb208  (p,O    )  Sb116   5.29330E-07                      Pb208  (p,O    )  Sb117   5.66320E-07
    Pb208  (p,O    )  Sb118   6.32040E-07                      Pb208  (p,O    )  Sb119   5.30480E-07
    Pb208  (p,O    )  Sb120   4.40340E-07                      Pb208  (p,O    )  Sb121   3.16380E-07
    Pb208  (p,O    )  Sb122   2.18900E-07                      Pb208  (p,O    )  Sb123   1.30710E-07
    Pb208  (p,O    )  Sb124   9.65190E-08                      Pb208  (p,O    )  Sb125   5.30140E-08
    Pb208  (p,O    )  Sb126   2.08220E-08                      Pb208  (p,O    )  Sb127   1.89100E-08
    Pb208  (p,O    )  Sb128   9.20000E-09                      Pb208  (p,O    )  Sb129   1.14600E-08
    Pb208  (p,O    )  Te113   1.23090E-08                      Pb208  (p,O    )  Te114   5.39910E-08
    Pb208  (p,O    )  Te115   1.08760E-07                      Pb208  (p,O    )  Te116   1.93180E-07
    Pb208  (p,O    )  Te117   2.98350E-07                      Pb208  (p,O    )  Te118   3.77790E-07
    Pb208  (p,O    )  Te119   5.04650E-07                      Pb208  (p,O    )  Te120   5.03010E-07
    Pb208  (p,O    )  Te121   4.90710E-07                      Pb208  (p,O    )  Te122   3.67500E-07
    Pb208  (p,O    )  Te123   2.49160E-07                      Pb208  (p,O    )  Te124   2.06460E-07
    Pb208  (p,O    )  Te125   1.45730E-07                      Pb208  (p,O    )  Te126   7.00590E-08
    Pb208  (p,O    )  Te127   5.49890E-08                      Pb208  (p,O    )  Te128   1.79810E-08
    Pb208  (p,O    )  Te129   1.51500E-08                      Pb208  (p,O    )  Te130   1.07100E-08
    Pb208  (p,O    )  Te131   8.85000E-09                      Pb208  (p,O    )  I 115   1.12300E-08
    Pb208  (p,O    )  I 116   2.27760E-08                      Pb208  (p,O    )  I 117   7.57440E-08
    Pb208  (p,O    )  I 118   1.35470E-07                      Pb208  (p,O    )  I 119   2.06430E-07
    Pb208  (p,O    )  I 120   2.74670E-07                      Pb208  (p,O    )  I 121   3.66590E-07
    Pb208  (p,O    )  I 122   3.79370E-07                      Pb208  (p,O    )  I 123   3.94900E-07
    Pb208  (p,O    )  I 124   3.15400E-07                      Pb208  (p,O    )  I 125   2.40640E-07
    Pb208  (p,O    )  I 126   1.86670E-07                      Pb208  (p,O    )  I 127   1.19340E-07
    Pb208  (p,O    )  I 128   7.87010E-08                      Pb208  (p,O    )  I 129   4.26390E-08
    Pb208  (p,O    )  I 130   2.08610E-08                      Pb208  (p,O    )  I 131   1.04260E-08
    Pb208  (p,O    )  I 132   9.12000E-09                      Pb208  (p,O    )  I 133   8.70000E-09
    Pb208  (p,O    )  Xe118   1.51500E-08                      Pb208  (p,O    )  Xe119   4.64030E-08
    Pb208  (p,O    )  Xe120   1.01360E-07                      Pb208  (p,O    )  Xe121   1.42980E-07
    Pb208  (p,O    )  Xe122   2.04520E-07                      Pb208  (p,O    )  Xe123   2.37500E-07
    Pb208  (p,O    )  Xe124   2.62470E-07                      Pb208  (p,O    )  Xe125   2.95360E-07
    Pb208  (p,O    )  Xe126   2.53790E-07                      Pb208  (p,O    )  Xe127   2.37700E-07
    Pb208  (p,O    )  Xe128   1.47630E-07                      Pb208  (p,O    )  Xe129   1.10840E-07
    Pb208  (p,O    )  Xe130   6.16050E-08                      Pb208  (p,O    )  Xe131   4.54470E-08
    Pb208  (p,O    )  Xe132   2.55430E-08                      Pb208  (p,O    )  Xe133   1.13570E-08
    Pb208  (p,O    )  Xe134   1.13600E-08                      Pb208  (p,O    )  Xe135   9.36000E-09
    Pb208  (p,O    )  Cs120   1.13500E-08                      Pb208  (p,O    )  Cs121   2.65150E-08
    Pb208  (p,O    )  Cs122   4.91770E-08                      Pb208  (p,O    )  Cs123   1.06970E-07
    Pb208  (p,O    )  Cs124   1.34540E-07                      Pb208  (p,O    )  Cs125   1.71400E-07
    Pb208  (p,O    )  Cs126   1.80870E-07                      Pb208  (p,O    )  Cs127   2.16070E-07
    Pb208  (p,O    )  Cs128   1.82820E-07                      Pb208  (p,O    )  Cs129   1.69500E-07
    Pb208  (p,O    )  Cs130   1.25080E-07                      Pb208  (p,O    )  Cs131   1.01410E-07
    Pb208  (p,O    )  Cs132   7.29100E-08                      Pb208  (p,O    )  Cs133   4.73550E-08
    Pb208  (p,O    )  Cs134   2.55560E-08                      Pb208  (p,O    )  Cs135   1.89300E-08
    Pb208  (p,O    )  Cs136   1.51500E-08                      Pb208  (p,O    )  Cs137   9.42000E-09
    Pb208  (p,O    )  Ba122   9.42000E-09                      Pb208  (p,O    )  Ba123   1.13570E-08
    Pb208  (p,O    )  Ba124   2.65540E-08                      Pb208  (p,O    )  Ba125   6.05760E-08
    Pb208  (p,O    )  Ba126   9.93450E-08                      Pb208  (p,O    )  Ba127   1.20350E-07
    Pb208  (p,O    )  Ba128   1.71380E-07                      Pb208  (p,O    )  Ba129   1.49720E-07
    Pb208  (p,O    )  Ba130   1.61000E-07                      Pb208  (p,O    )  Ba131   1.32520E-07
    Pb208  (p,O    )  Ba132   1.13690E-07                      Pb208  (p,O    )  Ba133   8.43090E-08
    Pb208  (p,O    )  Ba134   6.34610E-08                      Pb208  (p,O    )  Ba135   5.11320E-08
    Pb208  (p,O    )  Ba136   2.93660E-08                      Pb208  (p,O    )  Ba137   1.32730E-08
    Pb208  (p,O    )  Ba138   9.95070E-09                      Pb208  (p,O    )  Ba139   1.11600E-08
    Pb208  (p,O    )  La125   1.13650E-08                      Pb208  (p,O    )  La126   2.46590E-08
    Pb208  (p,O    )  La127   3.70140E-08                      Pb208  (p,O    )  La128   5.87120E-08
    Pb208  (p,O    )  La129   8.81200E-08                      Pb208  (p,O    )  La130   1.22060E-07
    Pb208  (p,O    )  La131   1.00440E-07                      Pb208  (p,O    )  La132   1.20220E-07
    Pb208  (p,O    )  La133   1.00370E-07                      Pb208  (p,O    )  La134   9.93790E-08
    Pb208  (p,O    )  La135   7.67210E-08                      Pb208  (p,O    )  La136   5.68500E-08
    Pb208  (p,O    )  La137   2.93660E-08                      Pb208  (p,O    )  La138   2.36810E-08
    Pb208  (p,O    )  La139   1.41910E-08                      Pb208  (p,O    )  La140   1.11600E-08
    Pb208  (p,O    )  La141   1.03300E-08                      Pb208  (p,O    )  Ce128   1.09020E-08
    Pb208  (p,O    )  Ce129   2.08010E-08                      Pb208  (p,O    )  Ce130   3.50460E-08
    Pb208  (p,O    )  Ce131   5.97230E-08                      Pb208  (p,O    )  Ce132   8.05320E-08
    Pb208  (p,O    )  Ce133   9.29340E-08                      Pb208  (p,O    )  Ce134   8.98700E-08
    Pb208  (p,O    )  Ce135   7.56850E-08                      Pb208  (p,O    )  Ce136   9.66380E-08
    Pb208  (p,O    )  Ce137   6.15200E-08                      Pb208  (p,O    )  Ce138   6.15920E-08
    Pb208  (p,O    )  Ce139   4.35910E-08                      Pb208  (p,O    )  Ce140   1.80140E-08
    Pb208  (p,O    )  Ce141   1.51520E-08                      Pb208  (p,O    )  Ce142   8.78000E-09
    Pb208  (p,O    )  Ce143   1.36500E-08                      Pb208  (p,O    )  Pr131   2.46100E-08
    Pb208  (p,O    )  Pr132   1.98960E-08                      Pb208  (p,O    )  Pr133   4.73470E-08
    Pb208  (p,O    )  Pr134   5.48750E-08                      Pb208  (p,O    )  Pr135   6.44770E-08
    Pb208  (p,O    )  Pr136   9.47020E-08                      Pb208  (p,O    )  Pr137   5.40170E-08
    Pb208  (p,O    )  Pr138   7.86370E-08                      Pb208  (p,O    )  Pr139   7.00980E-08
    Pb208  (p,O    )  Pr140   6.52630E-08                      Pb208  (p,O    )  Pr141   3.13080E-08
    Pb208  (p,O    )  Pr142   2.27510E-08                      Pb208  (p,O    )  Pr143   1.29500E-08
    Pb208  (p,O    )  Pr144   1.30200E-08                      Pb208  (p,O    )  Pr145   1.04400E-08
    Pb208  (p,O    )  Nd133   9.25000E-09                      Pb208  (p,O    )  Nd134   1.42370E-08
    Pb208  (p,O    )  Nd135   2.55560E-08                      Pb208  (p,O    )  Nd136   4.63780E-08
    Pb208  (p,O    )  Nd137   4.54390E-08                      Pb208  (p,O    )  Nd138   6.05420E-08
    Pb208  (p,O    )  Nd139   9.00410E-08                      Pb208  (p,O    )  Nd140   8.24400E-08
    Pb208  (p,O    )  Nd141   8.99940E-08                      Pb208  (p,O    )  Nd142   3.87850E-08
    Pb208  (p,O    )  Nd143   2.17450E-08                      Pb208  (p,O    )  Nd144   1.70110E-08
    Pb208  (p,O    )  Nd145   9.47500E-09                      Pb208  (p,O    )  Nd146   9.46000E-09
    Pb208  (p,O    )  Pm136   1.98630E-08                      Pb208  (p,O    )  Pm137   2.17060E-08
    Pb208  (p,O    )  Pm138   3.97280E-08                      Pb208  (p,O    )  Pm139   6.34870E-08
    Pb208  (p,O    )  Pm140   6.71270E-08                      Pb208  (p,O    )  Pm141   9.46760E-08
    Pb208  (p,O    )  Pm142   7.85570E-08                      Pb208  (p,O    )  Pm143   4.92290E-08
    Pb208  (p,O    )  Pm144   2.92730E-08                      Pb208  (p,O    )  Pm145   3.50380E-08
    Pb208  (p,O    )  Pm146   1.13570E-08                      Pb208  (p,O    )  Pm147   9.46990E-09
    Pb208  (p,O    )  Pm148   9.12000E-09                      Pb208  (p,O    )  Sm138   2.03490E-08
    Pb208  (p,O    )  Sm139   3.78460E-08                      Pb208  (p,O    )  Sm140   4.92030E-08
    Pb208  (p,O    )  Sm141   9.17520E-08                      Pb208  (p,O    )  Sm142   9.74500E-08
    Pb208  (p,O    )  Sm143   1.13630E-07                      Pb208  (p,O    )  Sm144   8.61240E-08
    Pb208  (p,O    )  Sm145   8.70490E-08                      Pb208  (p,O    )  Sm146   5.87460E-08
    Pb208  (p,O    )  Sm147   3.02710E-08                      Pb208  (p,O    )  Sm148   1.41980E-08
    Pb208  (p,O    )  Sm149   1.51680E-08                      Pb208  (p,O    )  Sm150   8.93000E-09
    Pb208  (p,O    )  Eu140   1.32470E-08                      Pb208  (p,O    )  Eu141   4.45030E-08
    Pb208  (p,O    )  Eu142   8.70960E-08                      Pb208  (p,O    )  Eu143   1.40120E-07
    Pb208  (p,O    )  Eu144   1.54190E-07                      Pb208  (p,O    )  Eu145   1.74130E-07
    Pb208  (p,O    )  Eu146   1.39130E-07                      Pb208  (p,O    )  Eu147   1.28690E-07
    Pb208  (p,O    )  Eu148   8.70370E-08                      Pb208  (p,O    )  Eu149   5.01420E-08
    Pb208  (p,O    )  Eu150   3.40350E-08                      Pb208  (p,O    )  Eu151   1.75260E-08
    Pb208  (p,O    )  Gd142   2.36480E-08                      Pb208  (p,O    )  Gd143   6.23860E-08
    Pb208  (p,O    )  Gd144   1.22980E-07                      Pb208  (p,O    )  Gd145   1.99610E-07
    Pb208  (p,O    )  Gd146   2.47060E-07                      Pb208  (p,O    )  Gd147   2.60380E-07
    Pb208  (p,O    )  Gd148   2.91610E-07                      Pb208  (p,O    )  Gd149   2.40210E-07
    Pb208  (p,O    )  Gd150   1.67650E-07                      Pb208  (p,O    )  Gd151   1.01200E-07
    Pb208  (p,O    )  Gd152   7.19410E-08                      Pb208  (p,O    )  Gd153   4.82520E-08
    Pb208  (p,O    )  Gd154   2.37070E-08                      Pb208  (p,O    )  Gd155   1.80010E-08
    Pb208  (p,O    )  Tb144   1.79630E-08                      Pb208  (p,O    )  Tb145   7.37900E-08
    Pb208  (p,O    )  Tb146   1.58040E-07                      Pb208  (p,O    )  Tb147   2.83800E-07
    Pb208  (p,O    )  Tb148   3.86910E-07                      Pb208  (p,O    )  Tb149   4.97730E-07
    Pb208  (p,O    )  Tb150   4.66470E-07                      Pb208  (p,O    )  Tb151   4.23920E-07
    Pb208  (p,O    )  Tb152   3.28400E-07                      Pb208  (p,O    )  Tb153   2.60170E-07
    Pb208  (p,O    )  Tb154   1.77930E-07                      Pb208  (p,O    )  Tb155   9.18420E-08
    Pb208  (p,O    )  Tb156   5.39190E-08                      Pb208  (p,O    )  Tb157   2.83970E-08
    Pb208  (p,O    )  Tb158   9.47500E-09                      Pb208  (p,O    )  Tb159   1.13600E-08
    Pb208  (p,O    )  Dy146   1.61190E-08                      Pb208  (p,O    )  Dy147   8.60980E-08
    Pb208  (p,O    )  Dy148   2.20450E-07                      Pb208  (p,O    )  Dy149   4.09670E-07
    Pb208  (p,O    )  Dy150   5.69590E-07                      Pb208  (p,O    )  Dy151   7.51200E-07
    Pb208  (p,O    )  Dy152   7.72540E-07                      Pb208  (p,O    )  Dy153   7.78160E-07
    Pb208  (p,O    )  Dy154   6.94860E-07                      Pb208  (p,O    )  Dy155   4.96070E-07
    Pb208  (p,O    )  Dy156   3.07740E-07                      Pb208  (p,O    )  Dy157   2.24300E-07
    Pb208  (p,O    )  Dy158   1.11670E-07                      Pb208  (p,O    )  Dy159   5.68630E-08
    Pb208  (p,O    )  Dy160   2.55300E-08                      Pb208  (p,O    )  Dy161   1.89790E-08
    Pb208  (p,O    )  Dy162   9.47000E-09                      Pb208  (p,O    )  Ho148   2.83970E-08
    Pb208  (p,O    )  Ho149   9.17440E-08                      Pb208  (p,O    )  Ho150   2.30040E-07
    Pb208  (p,O    )  Ho151   5.00350E-07                      Pb208  (p,O    )  Ho152   8.04380E-07
    Pb208  (p,O    )  Ho153   1.07610E-06                      Pb208  (p,O    )  Ho154   1.35910E-06
    Pb208  (p,O    )  Ho155   1.32060E-06                      Pb208  (p,O    )  Ho156   1.14620E-06
    Pb208  (p,O    )  Ho157   9.00150E-07                      Pb208  (p,O    )  Ho158   6.46740E-07
    Pb208  (p,O    )  Ho159   4.13880E-07                      Pb208  (p,O    )  Ho160   2.49080E-07
    Pb208  (p,O    )  Ho161   1.45820E-07                      Pb208  (p,O    )  Ho162   6.62740E-08
    Pb208  (p,O    )  Ho163   3.88490E-08                      Pb208  (p,O    )  Ho164   1.23090E-08
    Pb208  (p,O    )  Ho165   9.46000E-09                      Pb208  (p,O    )  Er150   2.24030E-08
    Pb208  (p,O    )  Er151   7.57230E-08                      Pb208  (p,O    )  Er152   2.75500E-07
    Pb208  (p,O    )  Er153   5.47950E-07                      Pb208  (p,O    )  Er154   1.06930E-06
    Pb208  (p,O    )  Er155   1.55590E-06                      Pb208  (p,O    )  Er156   1.96130E-06
    Pb208  (p,O    )  Er157   2.05260E-06                      Pb208  (p,O    )  Er158   1.91390E-06
    Pb208  (p,O    )  Er159   1.61860E-06                      Pb208  (p,O    )  Er160   1.23750E-06
    Pb208  (p,O    )  Er161   7.85890E-07                      Pb208  (p,O    )  Er162   4.73220E-07
    Pb208  (p,O    )  Er163   3.00130E-07                      Pb208  (p,O    )  Er164   1.58180E-07
    Pb208  (p,O    )  Er165   6.05420E-08                      Pb208  (p,O    )  Er166   3.69540E-08
    Pb208  (p,O    )  Er167   2.08140E-08                      Pb208  (p,O    )  Tm152   1.89060E-08
    Pb208  (p,O    )  Tm153   6.61680E-08                      Pb208  (p,O    )  Tm154   2.60180E-07
    Pb208  (p,O    )  Tm155   6.67130E-07                      Pb208  (p,O    )  Tm156   1.13470E-06
    Pb208  (p,O    )  Tm157   1.96060E-06                      Pb208  (p,O    )  Tm158   2.54930E-06
    Pb208  (p,O    )  Tm159   2.95360E-06                      Pb208  (p,O    )  Tm160   2.89420E-06
    Pb208  (p,O    )  Tm161   2.49210E-06                      Pb208  (p,O    )  Tm162   2.06570E-06
    Pb208  (p,O    )  Tm163   1.41730E-06                      Pb208  (p,O    )  Tm164   9.64930E-07
    Pb208  (p,O    )  Tm165   6.09820E-07                      Pb208  (p,O    )  Tm166   3.22010E-07
    Pb208  (p,O    )  Tm167   1.74130E-07                      Pb208  (p,O    )  Tm168   8.05110E-08
    Pb208  (p,O    )  Tm169   4.82600E-08                      Pb208  (p,O    )  Tm170   1.89400E-08
    Pb208  (p,O    )  Yb154   1.13600E-08                      Pb208  (p,O    )  Yb155   6.72850E-08
    Pb208  (p,O    )  Yb156   2.42270E-07                      Pb208  (p,O    )  Yb157   6.33200E-07
    Pb208  (p,O    )  Yb158   1.29200E-06                      Pb208  (p,O    )  Yb159   2.18690E-06
    Pb208  (p,O    )  Yb160   3.09430E-06                      Pb208  (p,O    )  Yb161   3.93650E-06
    Pb208  (p,O    )  Yb162   4.08310E-06                      Pb208  (p,O    )  Yb163   3.82660E-06
    Pb208  (p,O    )  Yb164   3.26120E-06                      Pb208  (p,O    )  Yb165   2.40940E-06
    Pb208  (p,O    )  Yb166   1.77720E-06                      Pb208  (p,O    )  Yb167   1.10600E-06
    Pb208  (p,O    )  Yb168   6.69490E-07                      Pb208  (p,O    )  Yb169   4.04300E-07
    Pb208  (p,O    )  Yb170   1.89490E-07                      Pb208  (p,O    )  Yb171   9.56270E-08
    Pb208  (p,O    )  Yb172   5.77430E-08                      Pb208  (p,O    )  Yb173   1.89790E-08
    Pb208  (p,O    )  Yb174   1.51300E-08                      Pb208  (p,O    )  Lu157   3.88110E-08
    Pb208  (p,O    )  Lu158   1.91120E-07                      Pb208  (p,O    )  Lu159   5.42280E-07
    Pb208  (p,O    )  Lu160   1.30280E-06                      Pb208  (p,O    )  Lu161   2.37100E-06
    Pb208  (p,O    )  Lu162   3.60110E-06                      Pb208  (p,O    )  Lu163   4.54080E-06
    Pb208  (p,O    )  Lu164   5.34690E-06                      Pb208  (p,O    )  Lu165   5.23670E-06
    Pb208  (p,O    )  Lu166   4.82180E-06                      Pb208  (p,O    )  Lu167   3.91710E-06
    Pb208  (p,O    )  Lu168   2.92810E-06                      Pb208  (p,O    )  Lu169   2.03330E-06
    Pb208  (p,O    )  Lu170   1.26890E-06                      Pb208  (p,O    )  Lu171   7.69830E-07
    Pb208  (p,O    )  Lu172   4.17490E-07                      Pb208  (p,O    )  Lu173   2.25540E-07
    Pb208  (p,O    )  Lu174   1.11790E-07                      Pb208  (p,O    )  Lu175   5.40250E-08
    Pb208  (p,O    )  Lu176   3.12950E-08                      Pb208  (p,O    )  Lu177   1.27870E-08
    Pb208  (p,O    )  Hf159   1.42160E-08                      Pb208  (p,O    )  Hf160   1.32530E-07
    Pb208  (p,O    )  Hf161   4.26920E-07                      Pb208  (p,O    )  Hf162   1.12160E-06
    Pb208  (p,O    )  Hf163   2.23970E-06                      Pb208  (p,O    )  Hf164   3.70190E-06
    Pb208  (p,O    )  Hf165   5.24570E-06                      Pb208  (p,O    )  Hf166   6.28680E-06
    Pb208  (p,O    )  Hf167   6.88830E-06                      Pb208  (p,O    )  Hf168   6.49990E-06
    Pb208  (p,O    )  Hf169   5.66730E-06                      Pb208  (p,O    )  Hf170   4.39980E-06
    Pb208  (p,O    )  Hf171   3.36030E-06                      Pb208  (p,O    )  Hf172   2.27880E-06
    Pb208  (p,O    )  Hf173   1.45210E-06                      Pb208  (p,O    )  Hf174   8.85740E-07
    Pb208  (p,O    )  Hf175   5.08460E-07                      Pb208  (p,O    )  Hf176   2.73750E-07
    Pb208  (p,O    )  Hf177   1.72370E-07                      Pb208  (p,O    )  Hf178   7.19670E-08
    Pb208  (p,O    )  Hf179   3.31380E-08                      Pb208  (p,O    )  Hf180   1.99090E-08
    Pb208  (p,O    )  Ta161   1.80350E-08                      Pb208  (p,O    )  Ta162   7.20130E-08
    Pb208  (p,O    )  Ta163   3.08710E-07                      Pb208  (p,O    )  Ta164   8.56860E-07
    Pb208  (p,O    )  Ta165   1.91180E-06                      Pb208  (p,O    )  Ta166   3.43940E-06
    Pb208  (p,O    )  Ta167   5.17350E-06                      Pb208  (p,O    )  Ta168   6.85660E-06
    Pb208  (p,O    )  Ta169   7.93070E-06                      Pb208  (p,O    )  Ta170   8.30890E-06
    Pb208  (p,O    )  Ta171   7.75950E-06                      Pb208  (p,O    )  Ta172   6.45690E-06
    Pb208  (p,O    )  Ta173   5.16590E-06                      Pb208  (p,O    )  Ta174   3.75690E-06
    Pb208  (p,O    )  Ta175   2.49090E-06                      Pb208  (p,O    )  Ta176   1.69710E-06
    Pb208  (p,O    )  Ta177   1.04340E-06                      Pb208  (p,O    )  Ta178   5.65250E-07
    Pb208  (p,O    )  Ta179   3.34280E-07                      Pb208  (p,O    )  Ta180   1.77050E-07
    Pb208  (p,O    )  Ta181   1.00420E-07                      Pb208  (p,O    )  Ta182   5.02140E-08
    Pb208  (p,O    )  Ta183   2.92810E-08                      Pb208  (p,O    )  Ta184   1.13570E-08
    Pb208  (p,O    )  Ta185   1.42240E-08                      Pb208  (p,O    )  W 163   9.47500E-09
    Pb208  (p,O    )  W 164   3.02970E-08                      Pb208  (p,O    )  W 165   1.78960E-07
    Pb208  (p,O    )  W 166   5.82280E-07                      Pb208  (p,O    )  W 167   1.46930E-06
    Pb208  (p,O    )  W 168   2.79950E-06                      Pb208  (p,O    )  W 169   4.91650E-06
    Pb208  (p,O    )  W 170   6.69650E-06                      Pb208  (p,O    )  W 171   8.62680E-06
    Pb208  (p,O    )  W 172   9.44590E-06                      Pb208  (p,O    )  W 173   9.72160E-06
    Pb208  (p,O    )  W 174   8.74180E-06                      Pb208  (p,O    )  W 175   7.19750E-06
    Pb208  (p,O    )  W 176   5.69220E-06                      Pb208  (p,O    )  W 177   4.24530E-06
    Pb208  (p,O    )  W 178   2.94080E-06                      Pb208  (p,O    )  W 179   1.79970E-06
    Pb208  (p,O    )  W 180   1.18690E-06                      Pb208  (p,O    )  W 181   7.48930E-07
    Pb208  (p,O    )  W 182   3.99630E-07                      Pb208  (p,O    )  W 183   2.51900E-07
    Pb208  (p,O    )  W 184   1.31570E-07                      Pb208  (p,O    )  W 185   7.48130E-08
    Pb208  (p,O    )  W 186   4.64030E-08                      Pb208  (p,O    )  W 187   1.89860E-08
    Pb208  (p,O    )  W 188   1.61060E-08                      Pb208  (p,O    )  Re166   1.13570E-08
    Pb208  (p,O    )  Re167   1.04110E-07                      Pb208  (p,O    )  Re168   3.92960E-07
    Pb208  (p,O    )  Re169   9.78550E-07                      Pb208  (p,O    )  Re170   2.07780E-06
    Pb208  (p,O    )  Re171   3.92720E-06                      Pb208  (p,O    )  Re172   6.12250E-06
    Pb208  (p,O    )  Re173   8.27030E-06                      Pb208  (p,O    )  Re174   9.90790E-06
    Pb208  (p,O    )  Re175   1.07630E-05                      Pb208  (p,O    )  Re176   1.05500E-05
    Pb208  (p,O    )  Re177   9.59710E-06                      Pb208  (p,O    )  Re178   8.06590E-06
    Pb208  (p,O    )  Re179   6.34860E-06                      Pb208  (p,O    )  Re180   4.86290E-06
    Pb208  (p,O    )  Re181   3.41110E-06                      Pb208  (p,O    )  Re182   2.28540E-06
    Pb208  (p,O    )  Re183   1.47470E-06                      Pb208  (p,O    )  Re184   9.52020E-07
    Pb208  (p,O    )  Re185   6.14630E-07                      Pb208  (p,O    )  Re186   3.42850E-07
    Pb208  (p,O    )  Re187   2.38550E-07                      Pb208  (p,O    )  Re188   1.08900E-07
    Pb208  (p,O    )  Re189   7.37770E-08                      Pb208  (p,O    )  Re190   3.97880E-08
    Pb208  (p,O    )  Re191   1.99430E-08                      Pb208  (p,O    )  Re192   1.70760E-08
    Pb208  (p,O    )  Re193   1.23290E-08                      Pb208  (p,O    )  Re194   1.70400E-08
    Pb208  (p,O    )  Os168   9.25000E-09                      Pb208  (p,O    )  Os169   4.54470E-08
    Pb208  (p,O    )  Os170   1.72410E-07                      Pb208  (p,O    )  Os171   5.64330E-07
    Pb208  (p,O    )  Os172   1.40150E-06                      Pb208  (p,O    )  Os173   2.80770E-06
    Pb208  (p,O    )  Os174   4.79790E-06                      Pb208  (p,O    )  Os175   7.23440E-06
    Pb208  (p,O    )  Os176   9.37730E-06                      Pb208  (p,O    )  Os177   1.09780E-05
    Pb208  (p,O    )  Os178   1.16760E-05                      Pb208  (p,O    )  Os179   1.15640E-05
    Pb208  (p,O    )  Os180   1.06310E-05                      Pb208  (p,O    )  Os181   9.04560E-06
    Pb208  (p,O    )  Os182   7.20390E-06                      Pb208  (p,O    )  Os183   5.58930E-06
    Pb208  (p,O    )  Os184   4.09270E-06                      Pb208  (p,O    )  Os185   2.96160E-06
    Pb208  (p,O    )  Os186   2.04010E-06                      Pb208  (p,O    )  Os187   1.35630E-06
    Pb208  (p,O    )  Os188   8.85820E-07                      Pb208  (p,O    )  Os189   5.89200E-07
    Pb208  (p,O    )  Os190   3.67430E-07                      Pb208  (p,O    )  Os191   2.09380E-07
    Pb208  (p,O    )  Os192   1.66600E-07                      Pb208  (p,O    )  Os193   9.85130E-08
    Pb208  (p,O    )  Os194   6.05420E-08                      Pb208  (p,O    )  Os195   3.69540E-08
    Pb208  (p,O    )  Os196   2.56280E-08                      Pb208  (p,O    )  Os197   1.41910E-08
    Pb208  (p,O    )  Os198   1.51680E-08                      Pb208  (p,O    )  Os199   9.47000E-09
    Pb208  (p,O    )  Ir171   1.32500E-08                      Pb208  (p,O    )  Ir172   8.61780E-08
    Pb208  (p,O    )  Ir173   2.69120E-07                      Pb208  (p,O    )  Ir174   7.93360E-07
    Pb208  (p,O    )  Ir175   1.69390E-06                      Pb208  (p,O    )  Ir176   3.35850E-06
    Pb208  (p,O    )  Ir177   5.48200E-06                      Pb208  (p,O    )  Ir178   7.84900E-06
    Pb208  (p,O    )  Ir179   1.01010E-05                      Pb208  (p,O    )  Ir180   1.14090E-05
    Pb208  (p,O    )  Ir181   1.21870E-05                      Pb208  (p,O    )  Ir182   1.21370E-05
    Pb208  (p,O    )  Ir183   1.11140E-05                      Pb208  (p,O    )  Ir184   9.69490E-06
    Pb208  (p,O    )  Ir185   7.99030E-06                      Pb208  (p,O    )  Ir186   6.49080E-06
    Pb208  (p,O    )  Ir187   4.88320E-06                      Pb208  (p,O    )  Ir188   3.79780E-06
    Pb208  (p,O    )  Ir189   2.71310E-06                      Pb208  (p,O    )  Ir190   1.93760E-06
    Pb208  (p,O    )  Ir191   1.38750E-06                      Pb208  (p,O    )  Ir192   9.29370E-07
    Pb208  (p,O    )  Ir193   6.63050E-07                      Pb208  (p,O    )  Ir194   4.43270E-07
    Pb208  (p,O    )  Ir195   3.09650E-07                      Pb208  (p,O    )  Ir196   2.18620E-07
    Pb208  (p,O    )  Ir197   1.28780E-07                      Pb208  (p,O    )  Ir198   9.28280E-08
    Pb208  (p,O    )  Ir199   5.11450E-08                      Pb208  (p,O    )  Ir200   2.93740E-08
    Pb208  (p,O    )  Ir201   1.89400E-08                      Pb208  (p,O    )  Ir202   1.04260E-08
    Pb208  (p,O    )  Pt174   2.36740E-08                      Pb208  (p,O    )  Pt175   1.01410E-07
    Pb208  (p,O    )  Pt176   3.69210E-07                      Pb208  (p,O    )  Pt177   8.60520E-07
    Pb208  (p,O    )  Pt178   1.94640E-06                      Pb208  (p,O    )  Pt179   3.66740E-06
    Pb208  (p,O    )  Pt180   5.76890E-06                      Pb208  (p,O    )  Pt181   8.03560E-06
    Pb208  (p,O    )  Pt182   1.01440E-05                      Pb208  (p,O    )  Pt183   1.18730E-05
    Pb208  (p,O    )  Pt184   1.28510E-05                      Pb208  (p,O    )  Pt185   1.27290E-05
    Pb208  (p,O    )  Pt186   1.21580E-05                      Pb208  (p,O    )  Pt187   1.08090E-05
    Pb208  (p,O    )  Pt188   9.51120E-06                      Pb208  (p,O    )  Pt189   7.94740E-06
    Pb208  (p,O    )  Pt190   6.46460E-06                      Pb208  (p,O    )  Pt191   5.10940E-06
    Pb208  (p,O    )  Pt192   3.96510E-06                      Pb208  (p,O    )  Pt193   3.05720E-06
    Pb208  (p,O    )  Pt194   2.28100E-06                      Pb208  (p,O    )  Pt195   1.67840E-06
    Pb208  (p,O    )  Pt196   1.30980E-06                      Pb208  (p,O    )  Pt197   9.51780E-07
    Pb208  (p,O    )  Pt198   6.61870E-07                      Pb208  (p,O    )  Pt199   4.86810E-07
    Pb208  (p,O    )  Pt200   3.49720E-07                      Pb208  (p,O    )  Pt201   1.99820E-07
    Pb208  (p,O    )  Pt202   1.25060E-07                      Pb208  (p,O    )  Pt203   5.02140E-08
    Pb208  (p,O    )  Pt204   2.56100E-08                      Pb208  (p,O    )  Au177   2.45530E-08
    Pb208  (p,O    )  Au178   1.18440E-07                      Pb208  (p,O    )  Au179   3.84650E-07
    Pb208  (p,O    )  Au180   9.71790E-07                      Pb208  (p,O    )  Au181   1.98960E-06
    Pb208  (p,O    )  Au182   3.37120E-06                      Pb208  (p,O    )  Au183   5.43300E-06
    Pb208  (p,O    )  Au184   7.50050E-06                      Pb208  (p,O    )  Au185   9.76350E-06
    Pb208  (p,O    )  Au185m  4.64090E-05                      Pb208  (p,O    )  Au186   1.14290E-05
    Pb208  (p,O    )  Au187   1.25670E-05                      Pb208  (p,O    )  Au187m  1.27000E-04
    Pb208  (p,O    )  Au188   1.27390E-05                      Pb208  (p,O    )  Au189   1.25960E-05
    Pb208  (p,O    )  Au189m  1.73950E-04                      Pb208  (p,O    )  Au190   1.17770E-05
    Pb208  (p,O    )  Au191   1.06140E-05                      Pb208  (p,O    )  Au191m  7.65170E-05
    Pb208  (p,O    )  Au192   9.57930E-06                      Pb208  (p,O    )  Au192m  4.01550E-05
    Pb208  (p,O    )  Au193   8.21640E-06                      Pb208  (p,O    )  Au193m  8.69830E-05
    Pb208  (p,O    )  Au194   6.81480E-06                      Pb208  (p,O    )  Au194m  5.47410E-05
    Pb208  (p,O    )  Au194n  2.85250E-05                      Pb208  (p,O    )  Au195   5.94800E-06
    Pb208  (p,O    )  Au195m  7.00350E-05                      Pb208  (p,O    )  Au196   4.87680E-06
    Pb208  (p,O    )  Au196m  7.99280E-05                      Pb208  (p,O    )  Au196n  3.61380E-05
    Pb208  (p,O    )  Au197   4.05020E-06                      Pb208  (p,O    )  Au197m  5.97330E-05
    Pb208  (p,O    )  Au198   3.24050E-06                      Pb208  (p,O    )  Au198m  3.21170E-05
    Pb208  (p,O    )  Au199   2.61260E-06                      Pb208  (p,O    )  Au200   2.08670E-06
    Pb208  (p,O    )  Au200m  2.53690E-05                      Pb208  (p,O    )  Au201   1.63100E-06
    Pb208  (p,O    )  Au202   1.19330E-06                      Pb208  (p,O    )  Au203   8.35260E-07
    Pb208  (p,O    )  Au204   5.27570E-07                      Pb208  (p,O    )  Au205   2.16000E-07
    Pb208  (p,O    )  Au206   3.97880E-08                      Pb208  (p,O    )  Hg179   1.31100E-08
    Pb208  (p,O    )  Hg180   2.65150E-08                      Pb208  (p,O    )  Hg181   1.16450E-07
    Pb208  (p,O    )  Hg182   3.55450E-07                      Pb208  (p,O    )  Hg183   8.32520E-07
    Pb208  (p,O    )  Hg184   1.77500E-06                      Pb208  (p,O    )  Hg185   3.05830E-06
    Pb208  (p,O    )  Hg186   4.73470E-06                      Pb208  (p,O    )  Hg187   6.75380E-06
    Pb208  (p,O    )  Hg187m  2.02410E-04                      Pb208  (p,O    )  Hg188   8.86660E-06
    Pb208  (p,O    )  Hg189   1.05900E-05                      Pb208  (p,O    )  Hg189m  1.51720E-03
    Pb208  (p,O    )  Hg190   1.19570E-05                      Pb208  (p,O    )  Hg191   1.28780E-05
    Pb208  (p,O    )  Hg191m  1.86150E-03                      Pb208  (p,O    )  Hg192   1.31030E-05
    Pb208  (p,O    )  Hg193   1.29970E-05                      Pb208  (p,O    )  Hg193m  7.90610E-04
    Pb208  (p,O    )  Hg194   1.24640E-05                      Pb208  (p,O    )  Hg195   1.21160E-05
    Pb208  (p,O    )  Hg195m  1.11140E-03                      Pb208  (p,O    )  Hg196   1.11130E-05
    Pb208  (p,O    )  Hg197   1.03650E-05                      Pb208  (p,O    )  Hg197m  9.51220E-04
    Pb208  (p,O    )  Hg198   9.83340E-06                      Pb208  (p,O    )  Hg199   8.91980E-06
    Pb208  (p,O    )  Hg199m  2.01660E-03                      Pb208  (p,O    )  Hg200   8.21020E-06
    Pb208  (p,O    )  Hg201   7.50610E-06                      Pb208  (p,O    )  Hg202   6.62920E-06
    Pb208  (p,O    )  Hg203   5.84490E-06                      Pb208  (p,O    )  Hg204   4.84310E-06
    Pb208  (p,O    )  Hg205   4.13240E-06                      Pb208  (p,O    )  Hg206   2.66260E-06
    Pb208  (p,O    )  Hg207   1.97940E-07                      Pb208  (p,O    )  Tl183   1.79880E-08
    Pb208  (p,O    )  Tl184   7.39340E-08                      Pb208  (p,O    )  Tl185   2.25560E-07
    Pb208  (p,O    )  Tl186   5.60010E-07                      Pb208  (p,O    )  Tl187   1.16530E-06
    Pb208  (p,O    )  Tl187m  6.70200E-03                      Pb208  (p,O    )  Tl188   2.21360E-06
    Pb208  (p,O    )  Tl188m  4.47390E-03                      Pb208  (p,O    )  Tl189   3.48570E-06
    Pb208  (p,O    )  Tl189m  2.80360E-03                      Pb208  (p,O    )  Tl190   5.04140E-06
    Pb208  (p,O    )  Tl191   6.84440E-06                      Pb208  (p,O    )  Tl191m  6.25570E-03
    Pb208  (p,O    )  Tl192   8.49650E-06                      Pb208  (p,O    )  Tl192m  2.52980E-03
    Pb208  (p,O    )  Tl193   9.73380E-06                      Pb208  (p,O    )  Tl193m  4.51910E-03
    Pb208  (p,O    )  Tl194   1.10700E-05                      Pb208  (p,O    )  Tl194m  2.35000E-03
    Pb208  (p,O    )  Tl195   1.19700E-05                      Pb208  (p,O    )  Tl195m  3.21970E-03
    Pb208  (p,O    )  Tl196   1.26110E-05                      Pb208  (p,O    )  Tl196m  7.87760E-03
    Pb208  (p,O    )  Tl197   1.29900E-05                      Pb208  (p,O    )  Tl197m  5.94080E-03
    Pb208  (p,O    )  Tl198   1.34190E-05                      Pb208  (p,O    )  Tl198m  9.46030E-03
    Pb208  (p,O    )  Tl199   1.39750E-05                      Pb208  (p,O    )  Tl200   1.43510E-05
    Pb208  (p,O    )  Tl201   1.53380E-05                      Pb208  (p,O    )  Tl202   1.57570E-05
    Pb208  (p,O    )  Tl203   1.66550E-05                      Pb208  (p,O    )  Tl204   1.78740E-05
    Pb208  (p,O    )  Tl205   2.03010E-05                      Pb208  (p,O    )  Tl206   2.46170E-05
    Pb208  (p,O    )  Tl206m  4.95560E-03                      Pb208  (p,O    )  Tl207   5.69370E-05
    Pb208  (p,O    )  Tl207m  9.68890E-03                      Pb208  (p,O    )  Tl208   1.06970E-07
    Pb208  (p,O    )  Pb186   1.13600E-08                      Pb208  (p,O    )  Pb187   3.12560E-08
    Pb208  (p,O    )  Pb188   1.16580E-07                      Pb208  (p,O    )  Pb189   3.11550E-07
    Pb208  (p,O    )  Pb189m  1.28780E-03                      Pb208  (p,O    )  Pb190   6.94470E-07
    Pb208  (p,O    )  Pb191   1.26160E-06                      Pb208  (p,O    )  Pb191m  5.04100E-03
    Pb208  (p,O    )  Pb192   2.15750E-06                      Pb208  (p,O    )  Pb193   3.30170E-06
    Pb208  (p,O    )  Pb193m  1.35660E-02                      Pb208  (p,O    )  Pb194   4.53610E-06
    Pb208  (p,O    )  Pb195   5.69430E-06                      Pb208  (p,O    )  Pb195m  1.80550E-02
    Pb208  (p,O    )  Pb196   6.62230E-06                      Pb208  (p,O    )  Pb197   7.64880E-06
    Pb208  (p,O    )  Pb197m  9.84770E-03                      Pb208  (p,O    )  Pb198   9.31870E-06
    Pb208  (p,O    )  Pb199   1.06000E-05                      Pb208  (p,O    )  Pb199m  2.33440E-02
    Pb208  (p,O    )  Pb200   1.20370E-05                      Pb208  (p,O    )  Pb201   1.36570E-05
    Pb208  (p,O    )  Pb201m  3.62610E-02                      Pb208  (p,O    )  Pb202   1.56580E-05
    Pb208  (p,O    )  Pb202m  3.59810E-02                      Pb208  (p,O    )  Pb203   1.84030E-05
    Pb208  (p,O    )  Pb203m  4.25850E-02                      Pb208  (p,O    )  Pb203n  1.11060E-02
    Pb208  (p,O    )  Pb204   2.18000E-05                      Pb208  (p,O    )  Pb204m  3.76340E-02
    Pb208  (p,O    )  Pb205   2.77960E-05                      Pb208  (p,O    )  Pb206   3.90450E-05
    Pb208  (p,O    )  Pb207   8.05780E-05                      Pb208  (p,O    )  Pb207m  4.15100E-02
    Pb208  (p,O    )  Bi189   1.18120E-04                      Pb208  (p,O    )  Bi190   9.42000E-09
    Pb208  (p,O    )  Bi190m  3.40200E-05                      Pb208  (p,O    )  Bi191   1.22960E-08
    Pb208  (p,O    )  Bi191m  8.78900E-05                      Pb208  (p,O    )  Bi192   8.52140E-08
    Pb208  (p,O    )  Bi192m  2.28570E-03                      Pb208  (p,O    )  Bi193   1.74350E-07
    Pb208  (p,O    )  Bi193m  4.02940E-04                      Pb208  (p,O    )  Bi194   3.39960E-07
    Pb208  (p,O    )  Bi194m  6.14830E-04                      Pb208  (p,O    )  Bi194n  1.01260E-05
    Pb208  (p,O    )  Bi195   5.54200E-07                      Pb208  (p,O    )  Bi195m  6.88380E-05
    Pb208  (p,O    )  Bi196   7.94860E-07                      Pb208  (p,O    )  Bi196m  7.36480E-04
    Pb208  (p,O    )  Bi196n  2.09270E-03                      Pb208  (p,O    )  Bi197   1.01620E-06
    Pb208  (p,O    )  Bi197m  1.64790E-04                      Pb208  (p,O    )  Bi198   1.33740E-06
    Pb208  (p,O    )  Bi198m  9.83950E-04                      Pb208  (p,O    )  Bi198n  6.27750E-04
    Pb208  (p,O    )  Bi199   1.63680E-06                      Pb208  (p,O    )  Bi199m  5.23260E-04
    Pb208  (p,O    )  Bi200   1.88500E-06                      Pb208  (p,O    )  Bi200m  8.72210E-04
    Pb208  (p,O    )  Bi200n  7.24220E-04                      Pb208  (p,O    )  Bi201   2.23140E-06
    Pb208  (p,O    )  Bi201m  5.28770E-04                      Pb208  (p,O    )  Bi202   2.54080E-06
    Pb208  (p,O    )  Bi203   2.59620E-06                      Pb208  (p,O    )  Bi203m  1.05840E-04
    Pb208  (p,O    )  Bi204   2.93890E-06                      Pb208  (p,O    )  Bi205   3.04430E-06
    Pb208  (p,O    )  Bi206   3.33410E-06                      Pb208  (p,O    )  Bi207   2.69200E-06
    Pb208  (p,O    )  Bi208   1.15190E-06                      Pb208  (p,O    )  Bi209   4.34600E-05
    Pb208  (p,O    )  Po195   9.12000E-09                      Pb208  (p,O    )  Po196   9.47000E-09
    Pb208  (p,O    )  Po197   2.08610E-08                      Pb208  (p,O    )  Po198   3.03180E-08
    Pb208  (p,O    )  Po199   5.40380E-08                      Pb208  (p,O    )  Po200   6.24580E-08
    Pb208  (p,O    )  Po201   4.45550E-08                      Pb208  (p,O    )  Po202   7.10150E-08
    Pb208  (p,O    )  Po203   6.82230E-08                      Pb208  (p,O    )  Po204   7.58030E-08
    Pb208  (p,O    )  Po205   3.59980E-08                      Pb208  (p,O    )  Po206   2.55890E-08
    Pb208  (p,O    )  Po207   2.65330E-08                      Pb208  (p,O    )  Po208   8.65000E-09
    Pb208  (p,O    )  Po208   8.65000E-09                      U 238  (p,nonel)          1.78712E+00
    U 238  (p,F    )          8.00892E-01                      U 238  (p,O    )  H   1   4.99660E-03
    U 238  (p,O    )  H   2   8.76690E-04                      U 238  (p,O    )  H   3   2.57560E-04
    U 238  (p,O    )  He  3   7.51230E-05                      U 238  (p,O    )  He  4   1.48710E-03
    U 238  (p,O    )  He  6   1.06840E-05                      U 238  (p,O    )  He  8   5.52490E-06
    U 238  (p,O    )  Li  6   2.72450E-06                      U 238  (p,O    )  Li  7   3.76340E-06
    U 238  (p,O    )  Li  8   8.05650E-06                      U 238  (p,O    )  Be  7   1.05680E-06
    U 238  (p,O    )  B   8   7.66610E-07                      U 238  (p,O    )  Si 31   9.90000E-08
    U 238  (p,O    )  P  33   1.03540E-07                      U 238  (p,O    )  P  35   1.03340E-07
    U 238  (p,O    )  S  35   1.03340E-07                      U 238  (p,O    )  S  36   1.44980E-07
    U 238  (p,O    )  Cl 37   1.03500E-07                      U 238  (p,O    )  Cl 38   1.55420E-07
    U 238  (p,O    )  Cl 39   1.24370E-07                      U 238  (p,O    )  Cl 40   1.03540E-07
    U 238  (p,O    )  Ar 39   1.13940E-07                      U 238  (p,O    )  Ar 40   2.07050E-07
    U 238  (p,O    )  Ar 41   1.14060E-07                      U 238  (p,O    )  Ar 42   1.76130E-07
    U 238  (p,O    )  Ar 43   1.24250E-07                      U 238  (p,O    )  K  40   1.14060E-07
    U 238  (p,O    )  K  41   1.45220E-07                      U 238  (p,O    )  K  42   1.96860E-07
    U 238  (p,O    )  K  43   1.55280E-07                      U 238  (p,O    )  K  44   1.86680E-07
    U 238  (p,O    )  K  45   1.81270E-07                      U 238  (p,O    )  K  46   1.13970E-07
    U 238  (p,O    )  Ca 42   1.03340E-07                      U 238  (p,O    )  Ca 43   1.24250E-07
    U 238  (p,O    )  Ca 44   3.00870E-07                      U 238  (p,O    )  Ca 45   3.01110E-07
    U 238  (p,O    )  Ca 46   2.69110E-07                      U 238  (p,O    )  Ca 47   1.45100E-07
    U 238  (p,O    )  Ca 48   2.38690E-07                      U 238  (p,O    )  Ca 49   1.01150E-07
    U 238  (p,O    )  Sc 44   1.06140E-07                      U 238  (p,O    )  Sc 45   1.29570E-07
    U 238  (p,O    )  Sc 46   1.75890E-07                      U 238  (p,O    )  Sc 47   3.11170E-07
    U 238  (p,O    )  Sc 48   4.44880E-07                      U 238  (p,O    )  Sc 49   3.52270E-07
    U 238  (p,O    )  Sc 50   2.38080E-07                      U 238  (p,O    )  Sc 51   1.24250E-07
    U 238  (p,O    )  Sc 52   1.24490E-07                      U 238  (p,O    )  Ti 47   1.55520E-07
    U 238  (p,O    )  Ti 48   2.28020E-07                      U 238  (p,O    )  Ti 49   4.57010E-07
    U 238  (p,O    )  Ti 50   5.18100E-07                      U 238  (p,O    )  Ti 51   4.66460E-07
    U 238  (p,O    )  Ti 52   4.87190E-07                      U 238  (p,O    )  Ti 53   3.10930E-07
    U 238  (p,O    )  Ti 54   1.03540E-07                      U 238  (p,O    )  Ti 55   9.68600E-08
    U 238  (p,O    )  V  49   1.76130E-07                      U 238  (p,O    )  V  50   2.89960E-07
    U 238  (p,O    )  V  51   5.38820E-07                      U 238  (p,O    )  V  52   7.25390E-07
    U 238  (p,O    )  V  53   6.94110E-07                      U 238  (p,O    )  V  54   5.90470E-07
    U 238  (p,O    )  V  55   5.39310E-07                      U 238  (p,O    )  V  56   3.51790E-07
    U 238  (p,O    )  V  57   1.55400E-07                      U 238  (p,O    )  V  58   1.02350E-07
    U 238  (p,O    )  Cr 50   1.60550E-07                      U 238  (p,O    )  Cr 51   1.96980E-07
    U 238  (p,O    )  Cr 52   3.21960E-07                      U 238  (p,O    )  Cr 53   7.25750E-07
    U 238  (p,O    )  Cr 54   9.54270E-07                      U 238  (p,O    )  Cr 55   1.09770E-06
    U 238  (p,O    )  Cr 56   8.08430E-07                      U 238  (p,O    )  Cr 57   7.67580E-07
    U 238  (p,O    )  Cr 58   4.76770E-07                      U 238  (p,O    )  Cr 59   2.99900E-07
    U 238  (p,O    )  Cr 60   1.34690E-07                      U 238  (p,O    )  Cr 61   1.16230E-07
    U 238  (p,O    )  Mn 52   1.02940E-07                      U 238  (p,O    )  Mn 53   2.07050E-07
    U 238  (p,O    )  Mn 54   4.97730E-07                      U 238  (p,O    )  Mn 55   6.42960E-07
    U 238  (p,O    )  Mn 56   1.00470E-06                      U 238  (p,O    )  Mn 57   1.20180E-06
    U 238  (p,O    )  Mn 58   1.21140E-06                      U 238  (p,O    )  Mn 59   9.31830E-07
    U 238  (p,O    )  Mn 60   7.35940E-07                      U 238  (p,O    )  Mn 61   4.56040E-07
    U 238  (p,O    )  Mn 62   2.69240E-07                      U 238  (p,O    )  Mn 63   1.34920E-07
    U 238  (p,O    )  Fe 55   2.07210E-07                      U 238  (p,O    )  Fe 56   4.34820E-07
    U 238  (p,O    )  Fe 57   7.46360E-07                      U 238  (p,O    )  Fe 58   1.06700E-06
    U 238  (p,O    )  Fe 59   1.40880E-06                      U 238  (p,O    )  Fe 60   1.34620E-06
    U 238  (p,O    )  Fe 61   1.75060E-06                      U 238  (p,O    )  Fe 62   1.26400E-06
    U 238  (p,O    )  Fe 63   6.22110E-07                      U 238  (p,O    )  Fe 64   4.46330E-07
    U 238  (p,O    )  Fe 65   2.38690E-07                      U 238  (p,O    )  Fe 66   1.65590E-07
    U 238  (p,O    )  Fe 67   9.30700E-08                      U 238  (p,O    )  Co 57   1.86380E-07
    U 238  (p,O    )  Co 58   3.31780E-07                      U 238  (p,O    )  Co 59   7.24290E-07
    U 238  (p,O    )  Co 60   1.18210E-06                      U 238  (p,O    )  Co 61   1.56460E-06
    U 238  (p,O    )  Co 62   1.95690E-06                      U 238  (p,O    )  Co 63   2.04150E-06
    U 238  (p,O    )  Co 64   1.92640E-06                      U 238  (p,O    )  Co 65   1.27520E-06
    U 238  (p,O    )  Co 66   9.23070E-07                      U 238  (p,O    )  Co 67   3.82820E-07
    U 238  (p,O    )  Co 68   2.59300E-07                      U 238  (p,O    )  Co 69   1.03340E-07
    U 238  (p,O    )  Co 70   9.30700E-08                      U 238  (p,O    )  Ni 59   1.55160E-07
    U 238  (p,O    )  Ni 60   3.00990E-07                      U 238  (p,O    )  Ni 61   6.52660E-07
    U 238  (p,O    )  Ni 62   1.23220E-06                      U 238  (p,O    )  Ni 63   1.75310E-06
    U 238  (p,O    )  Ni 64   2.38470E-06                      U 238  (p,O    )  Ni 65   2.31100E-06
    U 238  (p,O    )  Ni 66   2.36140E-06                      U 238  (p,O    )  Ni 67   2.26030E-06
    U 238  (p,O    )  Ni 68   1.46210E-06                      U 238  (p,O    )  Ni 69   1.13910E-06
    U 238  (p,O    )  Ni 70   4.96890E-07                      U 238  (p,O    )  Ni 71   2.68870E-07
    U 238  (p,O    )  Ni 72   1.14040E-07                      U 238  (p,O    )  Cu 61   1.03540E-07
    U 238  (p,O    )  Cu 62   3.41600E-07                      U 238  (p,O    )  Cu 63   4.97380E-07
    U 238  (p,O    )  Cu 64   1.50310E-06                      U 238  (p,O    )  Cu 65   1.83400E-06
    U 238  (p,O    )  Cu 66   2.56080E-06                      U 238  (p,O    )  Cu 67   2.84960E-06
    U 238  (p,O    )  Cu 68   3.02570E-06                      U 238  (p,O    )  Cu 69   2.46660E-06
    U 238  (p,O    )  Cu 70   2.18770E-06                      U 238  (p,O    )  Cu 71   1.81360E-06
    U 238  (p,O    )  Cu 72   9.74380E-07                      U 238  (p,O    )  Cu 73   3.93480E-07
    U 238  (p,O    )  Cu 74   1.96500E-07                      U 238  (p,O    )  Cu 75   1.44120E-07
    U 238  (p,O    )  Cu 76   1.56420E-07                      U 238  (p,O    )  Zn 63   1.02940E-07
    U 238  (p,O    )  Zn 64   3.31540E-07                      U 238  (p,O    )  Zn 65   6.11080E-07
    U 238  (p,O    )  Zn 66   1.29460E-06                      U 238  (p,O    )  Zn 67   2.11350E-06
    U 238  (p,O    )  Zn 68   3.14080E-06                      U 238  (p,O    )  Zn 69   3.67880E-06
    U 238  (p,O    )  Zn 70   3.70030E-06                      U 238  (p,O    )  Zn 71   3.46130E-06
    U 238  (p,O    )  Zn 72   3.23430E-06                      U 238  (p,O    )  Zn 73   2.95530E-06
    U 238  (p,O    )  Zn 74   1.91820E-06                      U 238  (p,O    )  Zn 75   1.24360E-06
    U 238  (p,O    )  Zn 76   6.41990E-07                      U 238  (p,O    )  Zn 77   2.38690E-07
    U 238  (p,O    )  Zn 78   1.23530E-07                      U 238  (p,O    )  Zn 79   1.03550E-07
    U 238  (p,O    )  Ga 66   1.55400E-07                      U 238  (p,O    )  Ga 67   5.38230E-07
    U 238  (p,O    )  Ga 68   1.22340E-06                      U 238  (p,O    )  Ga 69   2.34230E-06
    U 238  (p,O    )  Ga 70   3.22290E-06                      U 238  (p,O    )  Ga 71   4.21680E-06
    U 238  (p,O    )  Ga 72   4.48840E-06                      U 238  (p,O    )  Ga 73   4.58130E-06
    U 238  (p,O    )  Ga 74   3.98080E-06                      U 238  (p,O    )  Ga 75   3.35090E-06
    U 238  (p,O    )  Ga 76   3.20340E-06                      U 238  (p,O    )  Ga 77   2.13470E-06
    U 238  (p,O    )  Ga 78   1.30530E-06                      U 238  (p,O    )  Ga 79   7.66970E-07
    U 238  (p,O    )  Ga 80   3.52760E-07                      U 238  (p,O    )  Ga 81   1.02940E-07
    U 238  (p,O    )  Ga 82   9.77600E-08                      U 238  (p,O    )  Ge 68   1.65710E-07
    U 238  (p,O    )  Ge 69   5.60040E-07                      U 238  (p,O    )  Ge 70   9.94530E-07
    U 238  (p,O    )  Ge 71   1.98990E-06                      U 238  (p,O    )  Ge 72   3.03560E-06
    U 238  (p,O    )  Ge 73   4.61260E-06                      U 238  (p,O    )  Ge 74   4.58980E-06
    U 238  (p,O    )  Ge 75   5.22410E-06                      U 238  (p,O    )  Ge 76   5.42070E-06
    U 238  (p,O    )  Ge 77   4.72770E-06                      U 238  (p,O    )  Ge 78   4.04330E-06
    U 238  (p,O    )  Ge 79   3.56450E-06                      U 238  (p,O    )  Ge 80   2.92410E-06
    U 238  (p,O    )  Ge 81   1.57580E-06                      U 238  (p,O    )  Ge 82   1.03730E-06
    U 238  (p,O    )  Ge 83   4.34940E-07                      U 238  (p,O    )  Ge 84   1.44960E-07
    U 238  (p,O    )  Ge 85   1.19710E-07                      U 238  (p,O    )  As 70   1.44960E-07
    U 238  (p,O    )  As 71   4.35430E-07                      U 238  (p,O    )  As 72   9.83960E-07
    U 238  (p,O    )  As 73   2.06240E-06                      U 238  (p,O    )  As 74   3.09740E-06
    U 238  (p,O    )  As 75   4.47650E-06                      U 238  (p,O    )  As 76   5.72180E-06
    U 238  (p,O    )  As 77   6.57310E-06                      U 238  (p,O    )  As 78   6.36100E-06
    U 238  (p,O    )  As 79   6.37290E-06                      U 238  (p,O    )  As 80   5.37050E-06
    U 238  (p,O    )  As 81   5.30660E-06                      U 238  (p,O    )  As 82   4.42650E-06
    U 238  (p,O    )  As 83   3.33600E-06                      U 238  (p,O    )  As 84   1.92880E-06
    U 238  (p,O    )  As 85   1.03690E-06                      U 238  (p,O    )  As 86   3.42330E-07
    U 238  (p,O    )  As 87   1.05220E-07                      U 238  (p,O    )  Se 72   1.13940E-07
    U 238  (p,O    )  Se 73   2.79900E-07                      U 238  (p,O    )  Se 74   7.88660E-07
    U 238  (p,O    )  Se 75   1.75020E-06                      U 238  (p,O    )  Se 76   3.23380E-06
    U 238  (p,O    )  Se 77   4.81910E-06                      U 238  (p,O    )  Se 78   6.34120E-06
    U 238  (p,O    )  Se 79   6.90050E-06                      U 238  (p,O    )  Se 80   7.40890E-06
    U 238  (p,O    )  Se 81   7.32080E-06                      U 238  (p,O    )  Se 82   7.48150E-06
    U 238  (p,O    )  Se 83   6.93430E-06                      U 238  (p,O    )  Se 84   6.46610E-06
    U 238  (p,O    )  Se 85   5.59750E-06                      U 238  (p,O    )  Se 86   4.78880E-06
    U 238  (p,O    )  Se 87   2.54990E-06                      U 238  (p,O    )  Se 88   7.66840E-07
    U 238  (p,O    )  Se 89   2.07290E-07                      U 238  (p,O    )  Se 90   1.03570E-07
    U 238  (p,O    )  Br 75   3.00260E-07                      U 238  (p,O    )  Br 76   7.98120E-07
    U 238  (p,O    )  Br 77   1.66860E-06                      U 238  (p,O    )  Br 78   3.29640E-06
    U 238  (p,O    )  Br 79   4.69330E-06                      U 238  (p,O    )  Br 80   6.50680E-06
    U 238  (p,O    )  Br 81   7.88710E-06                      U 238  (p,O    )  Br 82   8.69720E-06
    U 238  (p,O    )  Br 83   8.51000E-06                      U 238  (p,O    )  Br 84   8.39440E-06
    U 238  (p,O    )  Br 85   8.81390E-06                      U 238  (p,O    )  Br 86   8.03520E-06
    U 238  (p,O    )  Br 87   8.03280E-06                      U 238  (p,O    )  Br 88   6.51080E-06
    U 238  (p,O    )  Br 89   3.62900E-06                      U 238  (p,O    )  Br 90   2.11400E-06
    U 238  (p,O    )  Br 91   5.39070E-07                      U 238  (p,O    )  Br 92   2.38690E-07
    U 238  (p,O    )  Br 93   1.24490E-07                      U 238  (p,O    )  Kr 77   2.58810E-07
    U 238  (p,O    )  Kr 78   5.59320E-07                      U 238  (p,O    )  Kr 79   1.34630E-06
    U 238  (p,O    )  Kr 80   2.92280E-06                      U 238  (p,O    )  Kr 81   4.47680E-06
    U 238  (p,O    )  Kr 82   6.60160E-06                      U 238  (p,O    )  Kr 83   8.17620E-06
    U 238  (p,O    )  Kr 84   8.99540E-06                      U 238  (p,O    )  Kr 85   1.07600E-05
    U 238  (p,O    )  Kr 86   9.95960E-06                      U 238  (p,O    )  Kr 87   9.71040E-06
    U 238  (p,O    )  Kr 88   1.04030E-05                      U 238  (p,O    )  Kr 89   9.88930E-06
    U 238  (p,O    )  Kr 90   9.06940E-06                      U 238  (p,O    )  Kr 91   7.28930E-06
    U 238  (p,O    )  Kr 92   4.54650E-06                      U 238  (p,O    )  Kr 93   1.84470E-06
    U 238  (p,O    )  Kr 94   5.90350E-07                      U 238  (p,O    )  Kr 95   1.65670E-07
    U 238  (p,O    )  Rb 79   1.45100E-07                      U 238  (p,O    )  Rb 80   4.65970E-07
    U 238  (p,O    )  Rb 81   1.32490E-06                      U 238  (p,O    )  Rb 82   2.49510E-06
    U 238  (p,O    )  Rb 83   4.37350E-06                      U 238  (p,O    )  Rb 84   6.29130E-06
    U 238  (p,O    )  Rb 85   8.55120E-06                      U 238  (p,O    )  Rb 86   1.02830E-05
    U 238  (p,O    )  Rb 87   1.15350E-05                      U 238  (p,O    )  Rb 88   1.12650E-05
    U 238  (p,O    )  Rb 89   1.09550E-05                      U 238  (p,O    )  Rb 90   1.01780E-05
    U 238  (p,O    )  Rb 91   1.05230E-05                      U 238  (p,O    )  Rb 92   1.09140E-05
    U 238  (p,O    )  Rb 93   9.67860E-06                      U 238  (p,O    )  Rb 94   6.56030E-06
    U 238  (p,O    )  Rb 95   2.98450E-06                      U 238  (p,O    )  Rb 96   1.05770E-06
    U 238  (p,O    )  Rb 97   1.96500E-07                      U 238  (p,O    )  Rb 98   1.41750E-07
    U 238  (p,O    )  Sr 82   3.73240E-07                      U 238  (p,O    )  Sr 83   1.05670E-06
    U 238  (p,O    )  Sr 84   2.00210E-06                      U 238  (p,O    )  Sr 85   4.15570E-06
    U 238  (p,O    )  Sr 86   6.50890E-06                      U 238  (p,O    )  Sr 87   8.25760E-06
    U 238  (p,O    )  Sr 88   1.10690E-05                      U 238  (p,O    )  Sr 89   1.23850E-05
    U 238  (p,O    )  Sr 90   1.24040E-05                      U 238  (p,O    )  Sr 91   1.29260E-05
    U 238  (p,O    )  Sr 92   1.17450E-05                      U 238  (p,O    )  Sr 93   1.18250E-05
    U 238  (p,O    )  Sr 94   1.22820E-05                      U 238  (p,O    )  Sr 95   1.22300E-05
    U 238  (p,O    )  Sr 96   9.88810E-06                      U 238  (p,O    )  Sr 97   4.86970E-06
    U 238  (p,O    )  Sr 98   1.76120E-06                      U 238  (p,O    )  Sr 99   4.24760E-07
    U 238  (p,O    )  Sr100   1.03340E-07                      U 238  (p,O    )  Y  84   2.38080E-07
    U 238  (p,O    )  Y  85   8.08180E-07                      U 238  (p,O    )  Y  86   1.76270E-06
    U 238  (p,O    )  Y  87   3.12980E-06                      U 238  (p,O    )  Y  88   5.73040E-06
    U 238  (p,O    )  Y  89   8.40340E-06                      U 238  (p,O    )  Y  90   1.07070E-05
    U 238  (p,O    )  Y  91   1.30870E-05                      U 238  (p,O    )  Y  92   1.42300E-05
    U 238  (p,O    )  Y  93   1.38030E-05                      U 238  (p,O    )  Y  94   1.34250E-05
    U 238  (p,O    )  Y  95   1.21260E-05                      U 238  (p,O    )  Y  96   1.22290E-05
    U 238  (p,O    )  Y  97   1.22340E-05                      U 238  (p,O    )  Y  98   9.31600E-06
    U 238  (p,O    )  Y  99   5.65760E-06                      U 238  (p,O    )  Y 100   2.45620E-06
    U 238  (p,O    )  Y 101   9.42860E-07                      U 238  (p,O    )  Y 102   1.86380E-07
    U 238  (p,O    )  Y 103   9.82000E-08                      U 238  (p,O    )  Zr 86   2.07290E-07
    U 238  (p,O    )  Zr 87   5.48890E-07                      U 238  (p,O    )  Zr 88   1.59610E-06
    U 238  (p,O    )  Zr 89   2.75260E-06                      U 238  (p,O    )  Zr 90   4.78790E-06
    U 238  (p,O    )  Zr 91   7.88780E-06                      U 238  (p,O    )  Zr 92   1.03310E-05
    U 238  (p,O    )  Zr 93   1.34540E-05                      U 238  (p,O    )  Zr 94   1.41310E-05
    U 238  (p,O    )  Zr 95   1.53600E-05                      U 238  (p,O    )  Zr 96   1.49370E-05
    U 238  (p,O    )  Zr 97   1.36640E-05                      U 238  (p,O    )  Zr 98   1.30460E-05
    U 238  (p,O    )  Zr 99   1.23040E-05                      U 238  (p,O    )  Zr100   1.02730E-05
    U 238  (p,O    )  Zr101   6.28410E-06                      U 238  (p,O    )  Zr102   3.93850E-06
    U 238  (p,O    )  Zr103   1.46240E-06                      U 238  (p,O    )  Zr104   2.79660E-07
    U 238  (p,O    )  Zr105   1.43280E-07                      U 238  (p,O    )  Nb 88   1.14060E-07
    U 238  (p,O    )  Nb 89   3.52270E-07                      U 238  (p,O    )  Nb 90   1.08820E-06
    U 238  (p,O    )  Nb 91   2.29140E-06                      U 238  (p,O    )  Nb 92   4.51950E-06
    U 238  (p,O    )  Nb 93   6.75840E-06                      U 238  (p,O    )  Nb 94   1.00120E-05
    U 238  (p,O    )  Nb 95   1.24570E-05                      U 238  (p,O    )  Nb 96   1.48110E-05
    U 238  (p,O    )  Nb 97   1.56400E-05                      U 238  (p,O    )  Nb 98   1.61060E-05
    U 238  (p,O    )  Nb 99   1.51130E-05                      U 238  (p,O    )  Nb100   1.24700E-05
    U 238  (p,O    )  Nb101   1.18760E-05                      U 238  (p,O    )  Nb102   9.67070E-06
    U 238  (p,O    )  Nb103   6.73640E-06                      U 238  (p,O    )  Nb104   4.17840E-06
    U 238  (p,O    )  Nb105   1.56490E-06                      U 238  (p,O    )  Nb106   5.18460E-07
    U 238  (p,O    )  Nb107   1.65590E-07                      U 238  (p,O    )  Mo 91   3.00260E-07
    U 238  (p,O    )  Mo 92   9.12070E-07                      U 238  (p,O    )  Mo 93   1.95890E-06
    U 238  (p,O    )  Mo 94   3.74080E-06                      U 238  (p,O    )  Mo 95   5.80340E-06
    U 238  (p,O    )  Mo 96   9.47550E-06                      U 238  (p,O    )  Mo 97   1.20760E-05
    U 238  (p,O    )  Mo 98   1.48940E-05                      U 238  (p,O    )  Mo 99   1.61470E-05
    U 238  (p,O    )  Mo100   1.72460E-05                      U 238  (p,O    )  Mo101   1.50710E-05
    U 238  (p,O    )  Mo102   1.36210E-05                      U 238  (p,O    )  Mo103   1.15750E-05
    U 238  (p,O    )  Mo104   9.78330E-06                      U 238  (p,O    )  Mo105   7.86720E-06
    U 238  (p,O    )  Mo106   4.27090E-06                      U 238  (p,O    )  Mo107   2.10420E-06
    U 238  (p,O    )  Mo108   7.77640E-07                      U 238  (p,O    )  Mo109   1.66190E-07
    U 238  (p,O    )  Mo110   1.24250E-07                      U 238  (p,O    )  Tc 93   2.37960E-07
    U 238  (p,O    )  Tc 94   4.34820E-07                      U 238  (p,O    )  Tc 95   1.48200E-06
    U 238  (p,O    )  Tc 96   3.02510E-06                      U 238  (p,O    )  Tc 97   5.48160E-06
    U 238  (p,O    )  Tc 98   7.78190E-06                      U 238  (p,O    )  Tc 99   1.07890E-05
    U 238  (p,O    )  Tc100   1.37630E-05                      U 238  (p,O    )  Tc101   1.60710E-05
    U 238  (p,O    )  Tc102   1.73130E-05                      U 238  (p,O    )  Tc103   1.66040E-05
    U 238  (p,O    )  Tc104   1.52980E-05                      U 238  (p,O    )  Tc105   1.26580E-05
    U 238  (p,O    )  Tc106   1.06970E-05                      U 238  (p,O    )  Tc107   7.71280E-06
    U 238  (p,O    )  Tc108   4.59070E-06                      U 238  (p,O    )  Tc109   2.59230E-06
    U 238  (p,O    )  Tc110   1.25450E-06                      U 238  (p,O    )  Tc111   3.42210E-07
    U 238  (p,O    )  Tc112   1.24370E-07                      U 238  (p,O    )  Tc113   9.57600E-08
    U 238  (p,O    )  Ru 95   1.03640E-07                      U 238  (p,O    )  Ru 96   3.63060E-07
    U 238  (p,O    )  Ru 97   9.74760E-07                      U 238  (p,O    )  Ru 98   2.17640E-06
    U 238  (p,O    )  Ru 99   4.29190E-06                      U 238  (p,O    )  Ru100   6.49880E-06
    U 238  (p,O    )  Ru101   9.79520E-06                      U 238  (p,O    )  Ru102   1.19910E-05
    U 238  (p,O    )  Ru103   1.53570E-05                      U 238  (p,O    )  Ru104   1.65960E-05
    U 238  (p,O    )  Ru105   1.76140E-05                      U 238  (p,O    )  Ru106   1.53730E-05
    U 238  (p,O    )  Ru107   1.42850E-05                      U 238  (p,O    )  Ru108   1.10490E-05
    U 238  (p,O    )  Ru109   8.27120E-06                      U 238  (p,O    )  Ru110   5.67860E-06
    U 238  (p,O    )  Ru111   3.16190E-06                      U 238  (p,O    )  Ru112   1.85510E-06
    U 238  (p,O    )  Ru113   7.25270E-07                      U 238  (p,O    )  Ru114   2.48870E-07
    U 238  (p,O    )  Ru115   1.03610E-07                      U 238  (p,O    )  Rh 97   1.26860E-07
    U 238  (p,O    )  Rh 98   2.59170E-07                      U 238  (p,O    )  Rh 99   8.29030E-07
    U 238  (p,O    )  Rh100   1.72160E-06                      U 238  (p,O    )  Rh101   3.33770E-06
    U 238  (p,O    )  Rh102   5.27290E-06                      U 238  (p,O    )  Rh103   8.42620E-06
    U 238  (p,O    )  Rh104   1.02700E-05                      U 238  (p,O    )  Rh105   1.27990E-05
    U 238  (p,O    )  Rh106   1.54930E-05                      U 238  (p,O    )  Rh107   1.65390E-05
    U 238  (p,O    )  Rh108   1.53700E-05                      U 238  (p,O    )  Rh109   1.40750E-05
    U 238  (p,O    )  Rh110   1.15930E-05                      U 238  (p,O    )  Rh111   9.52350E-06
    U 238  (p,O    )  Rh112   7.15840E-06                      U 238  (p,O    )  Rh113   4.56060E-06
    U 238  (p,O    )  Rh114   2.84120E-06                      U 238  (p,O    )  Rh115   1.37740E-06
    U 238  (p,O    )  Rh116   6.53380E-07                      U 238  (p,O    )  Rh117   1.97100E-07
    U 238  (p,O    )  Rh118   1.40000E-07                      U 238  (p,O    )  Pd100   2.28140E-07
    U 238  (p,O    )  Pd101   6.31690E-07                      U 238  (p,O    )  Pd102   1.39790E-06
    U 238  (p,O    )  Pd103   2.50810E-06                      U 238  (p,O    )  Pd104   4.38420E-06
    U 238  (p,O    )  Pd105   6.80950E-06                      U 238  (p,O    )  Pd106   9.15160E-06
    U 238  (p,O    )  Pd107   1.23320E-05                      U 238  (p,O    )  Pd108   1.36750E-05
    U 238  (p,O    )  Pd109   1.51520E-05                      U 238  (p,O    )  Pd110   1.48020E-05
    U 238  (p,O    )  Pd111   1.42130E-05                      U 238  (p,O    )  Pd112   1.20130E-05
    U 238  (p,O    )  Pd113   1.06130E-05                      U 238  (p,O    )  Pd114   8.13680E-06
    U 238  (p,O    )  Pd115   5.95000E-06                      U 238  (p,O    )  Pd116   4.10420E-06
    U 238  (p,O    )  Pd117   2.13530E-06                      U 238  (p,O    )  Pd118   1.15120E-06
    U 238  (p,O    )  Pd119   3.61970E-07                      U 238  (p,O    )  Pd120   1.55420E-07
    U 238  (p,O    )  Pd121   1.00550E-07                      U 238  (p,O    )  Ag102   1.44960E-07
    U 238  (p,O    )  Ag103   3.72400E-07                      U 238  (p,O    )  Ag104   9.52830E-07
    U 238  (p,O    )  Ag105   2.10200E-06                      U 238  (p,O    )  Ag106   3.61600E-06
    U 238  (p,O    )  Ag107   5.59510E-06                      U 238  (p,O    )  Ag108   8.42790E-06
    U 238  (p,O    )  Ag109   9.33950E-06                      U 238  (p,O    )  Ag110   1.19360E-05
    U 238  (p,O    )  Ag111   1.32180E-05                      U 238  (p,O    )  Ag112   1.37400E-05
    U 238  (p,O    )  Ag113   1.35820E-05                      U 238  (p,O    )  Ag114   1.21990E-05
    U 238  (p,O    )  Ag115   1.02940E-05                      U 238  (p,O    )  Ag116   8.66370E-06
    U 238  (p,O    )  Ag117   6.51780E-06                      U 238  (p,O    )  Ag118   4.31250E-06
    U 238  (p,O    )  Ag119   2.94220E-06                      U 238  (p,O    )  Ag120   1.68960E-06
    U 238  (p,O    )  Ag121   8.80310E-07                      U 238  (p,O    )  Ag122   4.14210E-07
    U 238  (p,O    )  Ag123   1.03540E-07                      U 238  (p,O    )  Ag124   1.03470E-07
    U 238  (p,O    )  Cd104   1.03540E-07                      U 238  (p,O    )  Cd105   2.90210E-07
    U 238  (p,O    )  Cd106   6.63930E-07                      U 238  (p,O    )  Cd107   1.54330E-06
    U 238  (p,O    )  Cd108   2.61240E-06                      U 238  (p,O    )  Cd109   4.22910E-06
    U 238  (p,O    )  Cd110   6.72380E-06                      U 238  (p,O    )  Cd111   8.78870E-06
    U 238  (p,O    )  Cd112   1.02540E-05                      U 238  (p,O    )  Cd113   1.26660E-05
    U 238  (p,O    )  Cd114   1.20760E-05                      U 238  (p,O    )  Cd115   1.22300E-05
    U 238  (p,O    )  Cd116   1.22830E-05                      U 238  (p,O    )  Cd117   1.05100E-05
    U 238  (p,O    )  Cd118   9.16420E-06                      U 238  (p,O    )  Cd119   7.25630E-06
    U 238  (p,O    )  Cd120   5.18460E-06                      U 238  (p,O    )  Cd121   3.79200E-06
    U 238  (p,O    )  Cd122   2.44510E-06                      U 238  (p,O    )  Cd123   1.57520E-06
    U 238  (p,O    )  Cd124   9.84100E-07                      U 238  (p,O    )  Cd125   3.94210E-07
    U 238  (p,O    )  Cd126   2.48750E-07                      U 238  (p,O    )  Cd127   1.24490E-07
    U 238  (p,O    )  Cd128   9.77600E-08                      U 238  (p,O    )  In107   1.96800E-07
    U 238  (p,O    )  In108   3.73490E-07                      U 238  (p,O    )  In109   9.32070E-07
    U 238  (p,O    )  In110   2.20670E-06                      U 238  (p,O    )  In111   3.32610E-06
    U 238  (p,O    )  In112   5.05540E-06                      U 238  (p,O    )  In113   7.30750E-06
    U 238  (p,O    )  In114   8.58360E-06                      U 238  (p,O    )  In115   1.06130E-05
    U 238  (p,O    )  In116   1.14030E-05                      U 238  (p,O    )  In117   1.07030E-05
    U 238  (p,O    )  In118   1.11450E-05                      U 238  (p,O    )  In119   9.65200E-06
    U 238  (p,O    )  In120   9.49260E-06                      U 238  (p,O    )  In121   7.35940E-06
    U 238  (p,O    )  In122   5.80730E-06                      U 238  (p,O    )  In123   4.59120E-06
    U 238  (p,O    )  In124   3.76250E-06                      U 238  (p,O    )  In125   2.37400E-06
    U 238  (p,O    )  In126   1.77290E-06                      U 238  (p,O    )  In127   1.10850E-06
    U 238  (p,O    )  In128   6.63450E-07                      U 238  (p,O    )  In129   4.14210E-07
    U 238  (p,O    )  In130   1.86560E-07                      U 238  (p,O    )  In131   9.50200E-08
    U 238  (p,O    )  Sn109   1.24280E-07                      U 238  (p,O    )  Sn110   3.31660E-07
    U 238  (p,O    )  Sn111   7.87570E-07                      U 238  (p,O    )  Sn112   1.52370E-06
    U 238  (p,O    )  Sn113   2.72570E-06                      U 238  (p,O    )  Sn114   4.07050E-06
    U 238  (p,O    )  Sn115   5.71010E-06                      U 238  (p,O    )  Sn116   7.63850E-06
    U 238  (p,O    )  Sn117   8.13570E-06                      U 238  (p,O    )  Sn118   9.27690E-06
    U 238  (p,O    )  Sn119   9.49320E-06                      U 238  (p,O    )  Sn120   9.35030E-06
    U 238  (p,O    )  Sn121   9.17310E-06                      U 238  (p,O    )  Sn122   8.15930E-06
    U 238  (p,O    )  Sn123   7.81650E-06                      U 238  (p,O    )  Sn124   6.99740E-06
    U 238  (p,O    )  Sn125   5.34900E-06                      U 238  (p,O    )  Sn126   4.42560E-06
    U 238  (p,O    )  Sn127   3.69040E-06                      U 238  (p,O    )  Sn128   2.97320E-06
    U 238  (p,O    )  Sn129   2.53900E-06                      U 238  (p,O    )  Sn130   1.84440E-06
    U 238  (p,O    )  Sn131   1.05700E-06                      U 238  (p,O    )  Sn132   4.76650E-07
    U 238  (p,O    )  Sn133   1.44960E-07                      U 238  (p,O    )  Sn134   1.25690E-07
    U 238  (p,O    )  Sb112   2.38690E-07                      U 238  (p,O    )  Sb113   4.25000E-07
    U 238  (p,O    )  Sb114   1.03470E-06                      U 238  (p,O    )  Sb115   1.99040E-06
    U 238  (p,O    )  Sb116   3.10710E-06                      U 238  (p,O    )  Sb117   4.65100E-06
    U 238  (p,O    )  Sb118   6.00060E-06                      U 238  (p,O    )  Sb119   7.60760E-06
    U 238  (p,O    )  Sb120   7.77390E-06                      U 238  (p,O    )  Sb121   8.59190E-06
    U 238  (p,O    )  Sb122   8.88420E-06                      U 238  (p,O    )  Sb123   8.57090E-06
    U 238  (p,O    )  Sb124   7.81410E-06                      U 238  (p,O    )  Sb125   7.25790E-06
    U 238  (p,O    )  Sb126   6.07390E-06                      U 238  (p,O    )  Sb127   5.35990E-06
    U 238  (p,O    )  Sb128   5.71130E-06                      U 238  (p,O    )  Sb129   4.69450E-06
    U 238  (p,O    )  Sb130   4.98520E-06                      U 238  (p,O    )  Sb131   4.40700E-06
    U 238  (p,O    )  Sb132   3.56410E-06                      U 238  (p,O    )  Sb133   2.09380E-06
    U 238  (p,O    )  Sb134   1.03740E-06                      U 238  (p,O    )  Sb135   2.79540E-07
    U 238  (p,O    )  Sb136   1.03340E-07                      U 238  (p,O    )  Te114   1.24250E-07
    U 238  (p,O    )  Te115   3.63300E-07                      U 238  (p,O    )  Te116   8.49400E-07
    U 238  (p,O    )  Te117   1.63750E-06                      U 238  (p,O    )  Te118   2.30070E-06
    U 238  (p,O    )  Te119   3.32720E-06                      U 238  (p,O    )  Te120   4.77590E-06
    U 238  (p,O    )  Te121   5.75130E-06                      U 238  (p,O    )  Te122   6.49640E-06
    U 238  (p,O    )  Te123   6.92390E-06                      U 238  (p,O    )  Te124   7.17280E-06
    U 238  (p,O    )  Te125   7.24810E-06                      U 238  (p,O    )  Te126   7.03840E-06
    U 238  (p,O    )  Te127   6.47760E-06                      U 238  (p,O    )  Te128   5.70050E-06
    U 238  (p,O    )  Te129   5.68940E-06                      U 238  (p,O    )  Te130   5.99970E-06
    U 238  (p,O    )  Te131   5.65810E-06                      U 238  (p,O    )  Te132   6.17960E-06
    U 238  (p,O    )  Te133   6.80100E-06                      U 238  (p,O    )  Te134   5.55530E-06
    U 238  (p,O    )  Te135   4.12550E-06                      U 238  (p,O    )  Te136   2.34220E-06
    U 238  (p,O    )  Te137   5.69980E-07                      U 238  (p,O    )  Te138   1.65710E-07
    U 238  (p,O    )  Te139   1.04740E-07                      U 238  (p,O    )  I 116   1.01750E-07
    U 238  (p,O    )  I 117   2.28380E-07                      U 238  (p,O    )  I 118   4.35430E-07
    U 238  (p,O    )  I 119   1.01430E-06                      U 238  (p,O    )  I 120   1.91690E-06
    U 238  (p,O    )  I 121   2.73500E-06                      U 238  (p,O    )  I 122   3.89820E-06
    U 238  (p,O    )  I 123   4.43510E-06                      U 238  (p,O    )  I 124   5.14420E-06
    U 238  (p,O    )  I 125   6.01180E-06                      U 238  (p,O    )  I 126   5.96030E-06
    U 238  (p,O    )  I 127   5.96210E-06                      U 238  (p,O    )  I 128   5.82490E-06
    U 238  (p,O    )  I 129   5.77450E-06                      U 238  (p,O    )  I 130   5.35920E-06
    U 238  (p,O    )  I 131   5.04640E-06                      U 238  (p,O    )  I 132   5.60690E-06
    U 238  (p,O    )  I 133   5.96250E-06                      U 238  (p,O    )  I 134   6.95310E-06
    U 238  (p,O    )  I 135   7.07890E-06                      U 238  (p,O    )  I 136   6.67350E-06
    U 238  (p,O    )  I 137   4.64360E-06                      U 238  (p,O    )  I 138   2.90180E-06
    U 238  (p,O    )  I 139   9.63250E-07                      U 238  (p,O    )  I 140   3.00630E-07
    U 238  (p,O    )  I 141   1.15510E-07                      U 238  (p,O    )  Xe119   1.24250E-07
    U 238  (p,O    )  Xe120   3.52630E-07                      U 238  (p,O    )  Xe121   7.55820E-07
    U 238  (p,O    )  Xe122   1.22260E-06                      U 238  (p,O    )  Xe123   2.21690E-06
    U 238  (p,O    )  Xe124   2.98360E-06                      U 238  (p,O    )  Xe125   3.67810E-06
    U 238  (p,O    )  Xe126   4.24040E-06                      U 238  (p,O    )  Xe127   5.10060E-06
    U 238  (p,O    )  Xe128   5.03800E-06                      U 238  (p,O    )  Xe129   5.52680E-06
    U 238  (p,O    )  Xe130   5.62850E-06                      U 238  (p,O    )  Xe131   4.80970E-06
    U 238  (p,O    )  Xe132   4.61180E-06                      U 238  (p,O    )  Xe133   4.91480E-06
    U 238  (p,O    )  Xe134   5.19190E-06                      U 238  (p,O    )  Xe135   6.36370E-06
    U 238  (p,O    )  Xe136   7.19400E-06                      U 238  (p,O    )  Xe137   8.08240E-06
    U 238  (p,O    )  Xe138   7.61780E-06                      U 238  (p,O    )  Xe139   5.95870E-06
    U 238  (p,O    )  Xe140   3.77070E-06                      U 238  (p,O    )  Xe141   1.80280E-06
    U 238  (p,O    )  Xe142   4.13970E-07                      U 238  (p,O    )  Xe143   1.63750E-07
    U 238  (p,O    )  Cs121   1.03340E-07                      U 238  (p,O    )  Cs122   1.75770E-07
    U 238  (p,O    )  Cs123   3.93250E-07                      U 238  (p,O    )  Cs124   9.85180E-07
    U 238  (p,O    )  Cs125   1.54520E-06                      U 238  (p,O    )  Cs126   2.01100E-06
    U 238  (p,O    )  Cs127   2.73440E-06                      U 238  (p,O    )  Cs128   3.52290E-06
    U 238  (p,O    )  Cs129   3.85420E-06                      U 238  (p,O    )  Cs130   4.20200E-06
    U 238  (p,O    )  Cs131   4.48880E-06                      U 238  (p,O    )  Cs132   4.36370E-06
    U 238  (p,O    )  Cs133   4.47630E-06                      U 238  (p,O    )  Cs134   4.47630E-06
    U 238  (p,O    )  Cs135   4.49620E-06                      U 238  (p,O    )  Cs136   4.85080E-06
    U 238  (p,O    )  Cs137   5.01650E-06                      U 238  (p,O    )  Cs138   6.07540E-06
    U 238  (p,O    )  Cs139   6.63590E-06                      U 238  (p,O    )  Cs140   6.49870E-06
    U 238  (p,O    )  Cs141   5.32550E-06                      U 238  (p,O    )  Cs142   3.68970E-06
    U 238  (p,O    )  Cs143   1.86500E-06                      U 238  (p,O    )  Cs144   5.07310E-07
    U 238  (p,O    )  Cs145   1.03340E-07                      U 238  (p,O    )  Ba124   1.24250E-07
    U 238  (p,O    )  Ba125   3.21360E-07                      U 238  (p,O    )  Ba126   5.49740E-07
    U 238  (p,O    )  Ba127   1.18060E-06                      U 238  (p,O    )  Ba128   1.49250E-06
    U 238  (p,O    )  Ba129   2.18640E-06                      U 238  (p,O    )  Ba130   2.69390E-06
    U 238  (p,O    )  Ba131   3.28580E-06                      U 238  (p,O    )  Ba132   3.62740E-06
    U 238  (p,O    )  Ba133   3.59690E-06                      U 238  (p,O    )  Ba134   4.03120E-06
    U 238  (p,O    )  Ba135   3.71030E-06                      U 238  (p,O    )  Ba136   3.95950E-06
    U 238  (p,O    )  Ba137   3.99950E-06                      U 238  (p,O    )  Ba138   4.20930E-06
    U 238  (p,O    )  Ba139   4.65590E-06                      U 238  (p,O    )  Ba140   4.67580E-06
    U 238  (p,O    )  Ba141   5.28470E-06                      U 238  (p,O    )  Ba142   5.58760E-06
    U 238  (p,O    )  Ba143   5.18520E-06                      U 238  (p,O    )  Ba144   4.07440E-06
    U 238  (p,O    )  Ba145   1.91710E-06                      U 238  (p,O    )  Ba146   5.70100E-07
    U 238  (p,O    )  Ba147   1.24370E-07                      U 238  (p,O    )  Ba148   9.77600E-08
    U 238  (p,O    )  La127   2.79900E-07                      U 238  (p,O    )  La128   4.03790E-07
    U 238  (p,O    )  La129   6.42960E-07                      U 238  (p,O    )  La130   1.20100E-06
    U 238  (p,O    )  La131   1.63690E-06                      U 238  (p,O    )  La132   2.14560E-06
    U 238  (p,O    )  La133   2.46700E-06                      U 238  (p,O    )  La134   2.75720E-06
    U 238  (p,O    )  La135   2.88240E-06                      U 238  (p,O    )  La136   2.96360E-06
    U 238  (p,O    )  La137   3.23260E-06                      U 238  (p,O    )  La138   3.25400E-06
    U 238  (p,O    )  La139   3.28730E-06                      U 238  (p,O    )  La140   3.19280E-06
    U 238  (p,O    )  La141   3.25410E-06                      U 238  (p,O    )  La142   3.91920E-06
    U 238  (p,O    )  La143   3.20390E-06                      U 238  (p,O    )  La144   3.80360E-06
    U 238  (p,O    )  La145   3.81380E-06                      U 238  (p,O    )  La146   2.80000E-06
    U 238  (p,O    )  La147   1.05650E-06                      U 238  (p,O    )  La148   5.49740E-07
    U 238  (p,O    )  La149   1.19170E-07                      U 238  (p,O    )  La150   9.90000E-08
    U 238  (p,O    )  Ce128   1.02940E-07                      U 238  (p,O    )  Ce129   1.65710E-07
    U 238  (p,O    )  Ce130   2.69220E-07                      U 238  (p,O    )  Ce131   5.38350E-07
    U 238  (p,O    )  Ce132   7.36300E-07                      U 238  (p,O    )  Ce133   1.09860E-06
    U 238  (p,O    )  Ce134   1.44240E-06                      U 238  (p,O    )  Ce135   1.79410E-06
    U 238  (p,O    )  Ce136   2.28030E-06                      U 238  (p,O    )  Ce137   2.55010E-06
    U 238  (p,O    )  Ce138   2.81870E-06                      U 238  (p,O    )  Ce139   2.83820E-06
    U 238  (p,O    )  Ce140   2.71590E-06                      U 238  (p,O    )  Ce141   2.59080E-06
    U 238  (p,O    )  Ce142   2.65430E-06                      U 238  (p,O    )  Ce143   2.76700E-06
    U 238  (p,O    )  Ce144   2.70550E-06                      U 238  (p,O    )  Ce145   2.76460E-06
    U 238  (p,O    )  Ce146   2.87220E-06                      U 238  (p,O    )  Ce147   2.45620E-06
    U 238  (p,O    )  Ce148   2.09410E-06                      U 238  (p,O    )  Ce149   1.01630E-06
    U 238  (p,O    )  Ce150   4.45730E-07                      U 238  (p,O    )  Ce151   1.55400E-07
    U 238  (p,O    )  Ce152   9.30700E-08                      U 238  (p,O    )  Pr132   2.07410E-07
    U 238  (p,O    )  Pr133   2.79540E-07                      U 238  (p,O    )  Pr134   6.33020E-07
    U 238  (p,O    )  Pr135   7.66970E-07                      U 238  (p,O    )  Pr136   1.36710E-06
    U 238  (p,O    )  Pr137   1.41050E-06                      U 238  (p,O    )  Pr138   1.77150E-06
    U 238  (p,O    )  Pr139   2.16580E-06                      U 238  (p,O    )  Pr140   2.20820E-06
    U 238  (p,O    )  Pr141   2.33090E-06                      U 238  (p,O    )  Pr142   1.90610E-06
    U 238  (p,O    )  Pr143   1.87550E-06                      U 238  (p,O    )  Pr144   1.90680E-06
    U 238  (p,O    )  Pr145   1.99110E-06                      U 238  (p,O    )  Pr146   1.83350E-06
    U 238  (p,O    )  Pr147   1.77380E-06                      U 238  (p,O    )  Pr148   1.75160E-06
    U 238  (p,O    )  Pr149   1.10920E-06                      U 238  (p,O    )  Pr150   1.13990E-06
    U 238  (p,O    )  Pr151   5.28040E-07                      U 238  (p,O    )  Pr152   3.41720E-07
    U 238  (p,O    )  Pr153   1.21380E-07                      U 238  (p,O    )  Pr154   9.67600E-08
    U 238  (p,O    )  Nd133   1.02940E-07                      U 238  (p,O    )  Nd134   1.02350E-07
    U 238  (p,O    )  Nd135   1.96980E-07                      U 238  (p,O    )  Nd136   4.46210E-07
    U 238  (p,O    )  Nd137   7.66970E-07                      U 238  (p,O    )  Nd138   8.91340E-07
    U 238  (p,O    )  Nd139   1.08780E-06                      U 238  (p,O    )  Nd140   1.33700E-06
    U 238  (p,O    )  Nd141   1.47190E-06                      U 238  (p,O    )  Nd142   1.45150E-06
    U 238  (p,O    )  Nd143   1.81390E-06                      U 238  (p,O    )  Nd144   1.88690E-06
    U 238  (p,O    )  Nd145   1.65680E-06                      U 238  (p,O    )  Nd146   1.53480E-06
    U 238  (p,O    )  Nd147   1.34700E-06                      U 238  (p,O    )  Nd148   1.20330E-06
    U 238  (p,O    )  Nd149   1.06750E-06                      U 238  (p,O    )  Nd150   9.01280E-07
    U 238  (p,O    )  Nd151   9.12550E-07                      U 238  (p,O    )  Nd152   6.74470E-07
    U 238  (p,O    )  Nd153   4.56760E-07                      U 238  (p,O    )  Nd154   2.90570E-07
    U 238  (p,O    )  Nd155   1.60880E-07                      U 238  (p,O    )  Nd156   9.77600E-08
    U 238  (p,O    )  Pm137   1.24330E-07                      U 238  (p,O    )  Pm138   3.31420E-07
    U 238  (p,O    )  Pm139   2.69240E-07                      U 238  (p,O    )  Pm140   6.11920E-07
    U 238  (p,O    )  Pm141   7.57390E-07                      U 238  (p,O    )  Pm142   1.01560E-06
    U 238  (p,O    )  Pm143   1.02650E-06                      U 238  (p,O    )  Pm144   1.04720E-06
    U 238  (p,O    )  Pm145   1.27500E-06                      U 238  (p,O    )  Pm146   1.24310E-06
    U 238  (p,O    )  Pm147   1.12030E-06                      U 238  (p,O    )  Pm148   1.02540E-06
    U 238  (p,O    )  Pm149   9.32920E-07                      U 238  (p,O    )  Pm150   8.92040E-07
    U 238  (p,O    )  Pm151   7.66610E-07                      U 238  (p,O    )  Pm152   4.46090E-07
    U 238  (p,O    )  Pm153   5.08160E-07                      U 238  (p,O    )  Pm154   3.20870E-07
    U 238  (p,O    )  Pm155   2.07770E-07                      U 238  (p,O    )  Pm156   1.06140E-07
    U 238  (p,O    )  Pm157   9.30700E-08                      U 238  (p,O    )  Pm158   9.77600E-08
    U 238  (p,O    )  Sm138   1.02940E-07                      U 238  (p,O    )  Sm139   1.03500E-07
    U 238  (p,O    )  Sm140   1.44990E-07                      U 238  (p,O    )  Sm141   2.38080E-07
    U 238  (p,O    )  Sm142   4.66100E-07                      U 238  (p,O    )  Sm143   5.59680E-07
    U 238  (p,O    )  Sm144   7.76180E-07                      U 238  (p,O    )  Sm145   9.53870E-07
    U 238  (p,O    )  Sm146   9.12310E-07                      U 238  (p,O    )  Sm147   1.01440E-06
    U 238  (p,O    )  Sm148   8.29150E-07                      U 238  (p,O    )  Sm149   7.66970E-07
    U 238  (p,O    )  Sm150   7.36300E-07                      U 238  (p,O    )  Sm151   6.11440E-07
    U 238  (p,O    )  Sm152   6.11800E-07                      U 238  (p,O    )  Sm153   6.42480E-07
    U 238  (p,O    )  Sm154   3.63060E-07                      U 238  (p,O    )  Sm155   2.69240E-07
    U 238  (p,O    )  Sm156   2.17230E-07                      U 238  (p,O    )  Sm157   1.03570E-07
    U 238  (p,O    )  Sm158   1.01750E-07                      U 238  (p,O    )  Sm159   1.36860E-07
    U 238  (p,O    )  Eu142   1.03540E-07                      U 238  (p,O    )  Eu143   1.65470E-07
    U 238  (p,O    )  Eu144   2.80500E-07                      U 238  (p,O    )  Eu145   4.14210E-07
    U 238  (p,O    )  Eu146   6.21870E-07                      U 238  (p,O    )  Eu147   6.10710E-07
    U 238  (p,O    )  Eu148   5.07920E-07                      U 238  (p,O    )  Eu149   7.77150E-07
    U 238  (p,O    )  Eu150   5.69740E-07                      U 238  (p,O    )  Eu151   7.16170E-07
    U 238  (p,O    )  Eu152   5.60170E-07                      U 238  (p,O    )  Eu153   3.73240E-07
    U 238  (p,O    )  Eu154   4.76160E-07                      U 238  (p,O    )  Eu155   4.25370E-07
    U 238  (p,O    )  Eu156   2.59170E-07                      U 238  (p,O    )  Eu157   1.65590E-07
    U 238  (p,O    )  Eu158   1.03640E-07                      U 238  (p,O    )  Eu159   1.03340E-07
    U 238  (p,O    )  Eu160   1.03460E-07                      U 238  (p,O    )  Eu161   9.50200E-08
    U 238  (p,O    )  Eu162   9.97600E-08                      U 238  (p,O    )  Gd145   1.24490E-07
    U 238  (p,O    )  Gd146   1.75770E-07                      U 238  (p,O    )  Gd147   2.59410E-07
    U 238  (p,O    )  Gd148   3.73240E-07                      U 238  (p,O    )  Gd149   5.07070E-07
    U 238  (p,O    )  Gd150   5.90590E-07                      U 238  (p,O    )  Gd151   5.70100E-07
    U 238  (p,O    )  Gd152   4.97380E-07                      U 238  (p,O    )  Gd153   4.46090E-07
    U 238  (p,O    )  Gd154   3.63300E-07                      U 238  (p,O    )  Gd155   4.03910E-07
    U 238  (p,O    )  Gd156   3.21480E-07                      U 238  (p,O    )  Gd157   2.28020E-07
    U 238  (p,O    )  Gd158   1.86200E-07                      U 238  (p,O    )  Gd159   1.34920E-07
    U 238  (p,O    )  Gd160   1.03340E-07                      U 238  (p,O    )  Gd161   1.03540E-07
    U 238  (p,O    )  Gd162   1.14020E-07                      U 238  (p,O    )  Gd163   1.45730E-07
    U 238  (p,O    )  Tb147   1.03540E-07                      U 238  (p,O    )  Tb148   1.44680E-07
    U 238  (p,O    )  Tb149   1.76130E-07                      U 238  (p,O    )  Tb150   3.72880E-07
    U 238  (p,O    )  Tb151   2.48750E-07                      U 238  (p,O    )  Tb152   3.31660E-07
    U 238  (p,O    )  Tb153   4.35070E-07                      U 238  (p,O    )  Tb154   3.72750E-07
    U 238  (p,O    )  Tb155   3.41600E-07                      U 238  (p,O    )  Tb156   3.63180E-07
    U 238  (p,O    )  Tb157   4.35670E-07                      U 238  (p,O    )  Tb158   1.76250E-07
    U 238  (p,O    )  Tb159   2.07410E-07                      U 238  (p,O    )  Tb160   1.60710E-07
    U 238  (p,O    )  Tb161   1.65670E-07                      U 238  (p,O    )  Tb162   1.34670E-07
    U 238  (p,O    )  Tb163   1.00550E-07                      U 238  (p,O    )  Tb164   9.67600E-08
    U 238  (p,O    )  Dy150   1.24370E-07                      U 238  (p,O    )  Dy151   1.50220E-07
    U 238  (p,O    )  Dy152   1.44980E-07                      U 238  (p,O    )  Dy153   1.86200E-07
    U 238  (p,O    )  Dy154   2.79900E-07                      U 238  (p,O    )  Dy155   2.48990E-07
    U 238  (p,O    )  Dy156   3.31540E-07                      U 238  (p,O    )  Dy157   2.17590E-07
    U 238  (p,O    )  Dy158   1.86440E-07                      U 238  (p,O    )  Dy159   1.65590E-07
    U 238  (p,O    )  Dy160   1.86080E-07                      U 238  (p,O    )  Dy161   1.55420E-07
    U 238  (p,O    )  Dy162   1.24280E-07                      U 238  (p,O    )  Dy163   1.03540E-07
    U 238  (p,O    )  Dy164   1.57130E-07                      U 238  (p,O    )  Dy165   9.30700E-08
    U 238  (p,O    )  Dy166   9.54600E-08                      U 238  (p,O    )  Dy167   1.04740E-07
    U 238  (p,O    )  Ho153   1.44960E-07                      U 238  (p,O    )  Ho154   1.24010E-07
    U 238  (p,O    )  Ho155   1.65670E-07                      U 238  (p,O    )  Ho156   1.55770E-07
    U 238  (p,O    )  Ho157   1.66070E-07                      U 238  (p,O    )  Ho158   1.76500E-07
    U 238  (p,O    )  Ho159   1.86440E-07                      U 238  (p,O    )  Ho160   1.34800E-07
    U 238  (p,O    )  Ho161   1.76250E-07                      U 238  (p,O    )  Ho162   1.13940E-07
    U 238  (p,O    )  Ho163   1.34550E-07                      U 238  (p,O    )  Ho164   1.85300E-07
    U 238  (p,O    )  Ho165   9.95000E-08                      U 238  (p,O    )  Ho166   9.90000E-08
    U 238  (p,O    )  Ho167   9.42600E-08                      U 238  (p,O    )  Ho168   9.77600E-08
    U 238  (p,O    )  Er155   1.02940E-07                      U 238  (p,O    )  Er156   1.38140E-07
    U 238  (p,O    )  Er157   1.03490E-07                      U 238  (p,O    )  Er158   1.24250E-07
    U 238  (p,O    )  Er159   1.34690E-07                      U 238  (p,O    )  Er160   1.03340E-07
    U 238  (p,O    )  Er161   1.24010E-07                      U 238  (p,O    )  Er162   1.44960E-07
    U 238  (p,O    )  Er163   1.45220E-07                      U 238  (p,O    )  Er164   1.65670E-07
    U 238  (p,O    )  Er165   1.21380E-07                      U 238  (p,O    )  Er166   1.03610E-07
    U 238  (p,O    )  Er167   1.35600E-07                      U 238  (p,O    )  Er168   1.12040E-07
    U 238  (p,O    )  Er169   9.57600E-08                      U 238  (p,O    )  Er170   1.01250E-07
    U 238  (p,O    )  Tm159   1.43280E-07                      U 238  (p,O    )  Tm160   1.03540E-07
    U 238  (p,O    )  Tm161   1.34770E-07                      U 238  (p,O    )  Tm162   1.03340E-07
    U 238  (p,O    )  Tm163   1.03540E-07                      U 238  (p,O    )  Tm164   1.03340E-07
    U 238  (p,O    )  Tm165   1.45220E-07                      U 238  (p,O    )  Tm166   1.22100E-07
    U 238  (p,O    )  Tm167   1.19410E-07                      U 238  (p,O    )  Tm168   1.01750E-07
    U 238  (p,O    )  Tm169   9.65600E-08                      U 238  (p,O    )  Tm170   9.54600E-08
    U 238  (p,O    )  Tm171   9.57600E-08                      U 238  (p,O    )  Yb161   1.01750E-07
    U 238  (p,O    )  Yb162   1.01150E-07                      U 238  (p,O    )  Yb163   1.24010E-07
    U 238  (p,O    )  Yb164   1.03340E-07                      U 238  (p,O    )  Yb165   1.24250E-07
    U 238  (p,O    )  Yb166   1.01750E-07                      U 238  (p,O    )  Yb167   1.41610E-07
    U 238  (p,O    )  Yb168   1.16890E-07                      U 238  (p,O    )  Yb169   1.03540E-07
    U 238  (p,O    )  Yb170   9.33700E-08                      U 238  (p,O    )  Lu166   1.03540E-07
    U 238  (p,O    )  Lu167   1.24170E-07                      U 238  (p,O    )  Lu168   1.04180E-07
    U 238  (p,O    )  Lu169   1.23530E-07                      U 238  (p,O    )  Lu170   1.12040E-07
    U 238  (p,O    )  Hf168   1.65590E-07                      U 238  (p,O    )  Hf169   1.03340E-07
    U 238  (p,O    )  Hf170   1.13940E-07                      U 238  (p,O    )  Hf171   1.42450E-07
    U 238  (p,O    )  Hf172   1.22810E-07                      U 238  (p,O    )  Ta169   1.23530E-07
    U 238  (p,O    )  Ta170   1.24010E-07                      U 238  (p,O    )  Ta171   1.24250E-07
    U 238  (p,O    )  Ta172   1.76370E-07                      U 238  (p,O    )  Ta173   1.65470E-07
    U 238  (p,O    )  Ta174   1.05220E-07                      U 238  (p,O    )  W 171   1.03340E-07
    U 238  (p,O    )  W 172   1.45050E-07                      U 238  (p,O    )  W 173   1.45100E-07
    U 238  (p,O    )  W 174   2.38080E-07                      U 238  (p,O    )  W 175   2.28260E-07
    U 238  (p,O    )  W 176   1.91680E-07                      U 238  (p,O    )  W 177   1.03540E-07
    U 238  (p,O    )  W 178   1.03540E-07                      U 238  (p,O    )  Re173   1.34670E-07
    U 238  (p,O    )  Re174   2.16980E-07                      U 238  (p,O    )  Re175   2.89720E-07
    U 238  (p,O    )  Re176   3.94340E-07                      U 238  (p,O    )  Re177   3.41840E-07
    U 238  (p,O    )  Re178   2.68990E-07                      U 238  (p,O    )  Re179   2.07170E-07
    U 238  (p,O    )  Re180   1.71030E-07                      U 238  (p,O    )  Re181   1.03540E-07
    U 238  (p,O    )  Re183   1.24010E-07                      U 238  (p,O    )  Os174   1.34920E-07
    U 238  (p,O    )  Os175   1.97350E-07                      U 238  (p,O    )  Os176   2.89960E-07
    U 238  (p,O    )  Os177   4.03790E-07                      U 238  (p,O    )  Os178   4.76280E-07
    U 238  (p,O    )  Os179   5.27800E-07                      U 238  (p,O    )  Os180   4.76400E-07
    U 238  (p,O    )  Os181   3.62570E-07                      U 238  (p,O    )  Os182   2.38570E-07
    U 238  (p,O    )  Os183   2.17590E-07                      U 238  (p,O    )  Os184   1.24490E-07
    U 238  (p,O    )  Os185   1.03340E-07                      U 238  (p,O    )  Ir177   1.65710E-07
    U 238  (p,O    )  Ir178   3.72280E-07                      U 238  (p,O    )  Ir179   5.37980E-07
    U 238  (p,O    )  Ir180   6.10840E-07                      U 238  (p,O    )  Ir181   7.14600E-07
    U 238  (p,O    )  Ir182   5.80280E-07                      U 238  (p,O    )  Ir183   5.39190E-07
    U 238  (p,O    )  Ir184   5.38470E-07                      U 238  (p,O    )  Ir185   4.04030E-07
    U 238  (p,O    )  Ir186   3.20990E-07                      U 238  (p,O    )  Ir187   1.55770E-07
    U 238  (p,O    )  Ir188   1.24250E-07                      U 238  (p,O    )  Pt178   1.39900E-07
    U 238  (p,O    )  Pt179   2.48020E-07                      U 238  (p,O    )  Pt180   4.24760E-07
    U 238  (p,O    )  Pt181   7.34850E-07                      U 238  (p,O    )  Pt182   8.38010E-07
    U 238  (p,O    )  Pt183   8.18970E-07                      U 238  (p,O    )  Pt184   1.18090E-06
    U 238  (p,O    )  Pt185   8.28430E-07                      U 238  (p,O    )  Pt186   7.25510E-07
    U 238  (p,O    )  Pt187   6.83200E-07                      U 238  (p,O    )  Pt188   5.17490E-07
    U 238  (p,O    )  Pt189   3.72400E-07                      U 238  (p,O    )  Pt190   1.65590E-07
    U 238  (p,O    )  Pt191   1.76250E-07                      U 238  (p,O    )  Au181   2.68990E-07
    U 238  (p,O    )  Au182   4.45120E-07                      U 238  (p,O    )  Au183   4.45250E-07
    U 238  (p,O    )  Au184   9.74380E-07                      U 238  (p,O    )  Au185   1.10960E-06
    U 238  (p,O    )  Au186   1.57440E-06                      U 238  (p,O    )  Au187   1.38960E-06
    U 238  (p,O    )  Au188   1.13990E-06                      U 238  (p,O    )  Au189   1.04720E-06
    U 238  (p,O    )  Au190   7.56790E-07                      U 238  (p,O    )  Au191   5.80410E-07
    U 238  (p,O    )  Au192   4.04640E-07                      U 238  (p,O    )  Au193   2.07410E-07
    U 238  (p,O    )  Au194   1.76130E-07                      U 238  (p,O    )  Au195   1.34770E-07
    U 238  (p,O    )  Hg183   1.58860E-07                      U 238  (p,O    )  Hg184   3.00020E-07
    U 238  (p,O    )  Hg185   6.22110E-07                      U 238  (p,O    )  Hg186   8.28790E-07
    U 238  (p,O    )  Hg187   1.28520E-06                      U 238  (p,O    )  Hg188   1.52280E-06
    U 238  (p,O    )  Hg189   1.57540E-06                      U 238  (p,O    )  Hg190   1.44970E-06
    U 238  (p,O    )  Hg191   1.60520E-06                      U 238  (p,O    )  Hg192   1.21220E-06
    U 238  (p,O    )  Hg193   1.09780E-06                      U 238  (p,O    )  Hg194   7.66970E-07
    U 238  (p,O    )  Hg195   4.44520E-07                      U 238  (p,O    )  Hg196   2.58810E-07
    U 238  (p,O    )  Hg197   2.06930E-07                      U 238  (p,O    )  Hg198   1.08840E-07
    U 238  (p,O    )  Tl185   1.24250E-07                      U 238  (p,O    )  Tl186   2.17470E-07
    U 238  (p,O    )  Tl187   3.94460E-07                      U 238  (p,O    )  Tl188   8.07460E-07
    U 238  (p,O    )  Tl189   1.21240E-06                      U 238  (p,O    )  Tl190   1.63750E-06
    U 238  (p,O    )  Tl191   1.82340E-06                      U 238  (p,O    )  Tl192   2.04110E-06
    U 238  (p,O    )  Tl193   2.06320E-06                      U 238  (p,O    )  Tl194   1.86480E-06
    U 238  (p,O    )  Tl195   1.41970E-06                      U 238  (p,O    )  Tl196   1.14910E-06
    U 238  (p,O    )  Tl197   7.97760E-07                      U 238  (p,O    )  Tl198   4.97250E-07
    U 238  (p,O    )  Tl199   2.27780E-07                      U 238  (p,O    )  Tl200   1.97100E-07
    U 238  (p,O    )  Tl201   1.65830E-07                      U 238  (p,O    )  Tl202   1.84220E-07
    U 238  (p,O    )  Pb189   2.48630E-07                      U 238  (p,O    )  Pb190   5.50220E-07
    U 238  (p,O    )  Pb191   8.09150E-07                      U 238  (p,O    )  Pb192   1.37950E-06
    U 238  (p,O    )  Pb193   2.02050E-06                      U 238  (p,O    )  Pb194   2.31270E-06
    U 238  (p,O    )  Pb195   2.07260E-06                      U 238  (p,O    )  Pb196   2.34270E-06
    U 238  (p,O    )  Pb197   2.11350E-06                      U 238  (p,O    )  Pb198   1.67880E-06
    U 238  (p,O    )  Pb199   1.38740E-06                      U 238  (p,O    )  Pb200   9.84900E-07
    U 238  (p,O    )  Pb201   6.63330E-07                      U 238  (p,O    )  Pb202   4.97130E-07
    U 238  (p,O    )  Pb203   2.17960E-07                      U 238  (p,O    )  Pb204   1.66070E-07
    U 238  (p,O    )  Pb205   2.26480E-07                      U 238  (p,O    )  Bi192   2.58930E-07
    U 238  (p,O    )  Bi193   5.80160E-07                      U 238  (p,O    )  Bi194   8.39220E-07
    U 238  (p,O    )  Bi195   1.25490E-06                      U 238  (p,O    )  Bi196   1.87540E-06
    U 238  (p,O    )  Bi197   2.17670E-06                      U 238  (p,O    )  Bi198   2.59100E-06
    U 238  (p,O    )  Bi199   2.56040E-06                      U 238  (p,O    )  Bi200   2.06290E-06
    U 238  (p,O    )  Bi201   1.97030E-06                      U 238  (p,O    )  Bi202   1.46140E-06
    U 238  (p,O    )  Bi203   1.12940E-06                      U 238  (p,O    )  Bi204   8.68900E-07
    U 238  (p,O    )  Bi205   6.21500E-07                      U 238  (p,O    )  Bi206   3.93850E-07
    U 238  (p,O    )  Bi207   2.28140E-07                      U 238  (p,O    )  Bi208   1.44960E-07
    U 238  (p,O    )  Bi209   1.01150E-07                      U 238  (p,O    )  Bi210   1.02350E-07
    U 238  (p,O    )  Po195   1.65670E-07                      U 238  (p,O    )  Po196   2.90810E-07
    U 238  (p,O    )  Po197   4.46210E-07                      U 238  (p,O    )  Po198   1.04600E-06
    U 238  (p,O    )  Po199   1.71960E-06                      U 238  (p,O    )  Po200   2.30070E-06
    U 238  (p,O    )  Po201   2.27880E-06                      U 238  (p,O    )  Po202   2.40500E-06
    U 238  (p,O    )  Po203   2.42490E-06                      U 238  (p,O    )  Po204   1.93830E-06
    U 238  (p,O    )  Po205   1.79300E-06                      U 238  (p,O    )  Po206   1.34640E-06
    U 238  (p,O    )  Po207   1.13970E-06                      U 238  (p,O    )  Po208   9.74250E-07
    U 238  (p,O    )  Po209   4.86700E-07                      U 238  (p,O    )  Po210   3.73240E-07
    U 238  (p,O    )  Po211   2.07770E-07                      U 238  (p,O    )  Po212   1.24250E-07
    U 238  (p,O    )  Po213   1.24490E-07                      U 238  (p,O    )  At199   1.24250E-07
    U 238  (p,O    )  At200   3.62450E-07                      U 238  (p,O    )  At201   7.14600E-07
    U 238  (p,O    )  At202   9.43100E-07                      U 238  (p,O    )  At203   1.49190E-06
    U 238  (p,O    )  At204   2.08310E-06                      U 238  (p,O    )  At205   2.04270E-06
    U 238  (p,O    )  At206   2.14510E-06                      U 238  (p,O    )  At207   1.81340E-06
    U 238  (p,O    )  At208   1.81350E-06                      U 238  (p,O    )  At209   1.66970E-06
    U 238  (p,O    )  At210   1.14070E-06                      U 238  (p,O    )  At211   7.55700E-07
    U 238  (p,O    )  At212   6.84180E-07                      U 238  (p,O    )  At213   5.49740E-07
    U 238  (p,O    )  At214   4.04270E-07                      U 238  (p,O    )  At215   2.28020E-07
    U 238  (p,O    )  At216   2.48380E-07                      U 238  (p,O    )  At217   1.24010E-07
    U 238  (p,O    )  Rn203   1.65670E-07                      U 238  (p,O    )  Rn204   2.28260E-07
    U 238  (p,O    )  Rn205   5.18710E-07                      U 238  (p,O    )  Rn206   9.02250E-07
    U 238  (p,O    )  Rn207   1.50290E-06                      U 238  (p,O    )  Rn208   1.82470E-06
    U 238  (p,O    )  Rn209   1.97010E-06                      U 238  (p,O    )  Rn210   2.18750E-06
    U 238  (p,O    )  Rn211   1.98950E-06                      U 238  (p,O    )  Rn212   1.86680E-06
    U 238  (p,O    )  Rn213   1.85580E-06                      U 238  (p,O    )  Rn214   1.24410E-06
    U 238  (p,O    )  Rn215   9.65150E-07                      U 238  (p,O    )  Rn216   8.19340E-07
    U 238  (p,O    )  Rn217   5.18220E-07                      U 238  (p,O    )  Rn218   3.93610E-07
    U 238  (p,O    )  Rn219   2.48870E-07                      U 238  (p,O    )  Rn220   2.07290E-07
    U 238  (p,O    )  Rn221   1.66190E-07                      U 238  (p,O    )  Rn222   1.24010E-07
    U 238  (p,O    )  Rn223   1.24010E-07                      U 238  (p,O    )  Rn224   1.02350E-07
    U 238  (p,O    )  Fr206   1.02940E-07                      U 238  (p,O    )  Fr207   1.23530E-07
    U 238  (p,O    )  Fr208   1.86560E-07                      U 238  (p,O    )  Fr209   2.80260E-07
    U 238  (p,O    )  Fr210   7.47320E-07                      U 238  (p,O    )  Fr211   1.15160E-06
    U 238  (p,O    )  Fr212   1.38860E-06                      U 238  (p,O    )  Fr213   1.46160E-06
    U 238  (p,O    )  Fr214   1.84570E-06                      U 238  (p,O    )  Fr215   1.74060E-06
    U 238  (p,O    )  Fr216   1.63760E-06                      U 238  (p,O    )  Fr217   1.59610E-06
    U 238  (p,O    )  Fr218   1.28530E-06                      U 238  (p,O    )  Fr219   1.15050E-06
    U 238  (p,O    )  Fr220   8.18490E-07                      U 238  (p,O    )  Fr221   5.39070E-07
    U 238  (p,O    )  Fr222   5.28040E-07                      U 238  (p,O    )  Fr223   3.01360E-07
    U 238  (p,O    )  Fr224   3.00510E-07                      U 238  (p,O    )  Fr225   1.44960E-07
    U 238  (p,O    )  Fr226   1.24490E-07                      U 238  (p,O    )  Fr227   1.03340E-07
    U 238  (p,O    )  Fr228   1.23530E-07                      U 238  (p,O    )  Ra210   1.22100E-07
    U 238  (p,O    )  Ra211   1.42450E-07                      U 238  (p,O    )  Ra212   1.50300E-07
    U 238  (p,O    )  Ra213   3.00750E-07                      U 238  (p,O    )  Ra214   4.97250E-07
    U 238  (p,O    )  Ra215   7.88540E-07                      U 238  (p,O    )  Ra216   1.05770E-06
    U 238  (p,O    )  Ra217   1.32710E-06                      U 238  (p,O    )  Ra218   1.67810E-06
    U 238  (p,O    )  Ra219   2.02090E-06                      U 238  (p,O    )  Ra220   1.91720E-06
    U 238  (p,O    )  Ra221   1.87570E-06                      U 238  (p,O    )  Ra222   1.48220E-06
    U 238  (p,O    )  Ra223   1.42920E-06                      U 238  (p,O    )  Ra224   1.20180E-06
    U 238  (p,O    )  Ra225   9.96070E-07                      U 238  (p,O    )  Ra226   8.60190E-07
    U 238  (p,O    )  Ra227   6.53500E-07                      U 238  (p,O    )  Ra228   4.66220E-07
    U 238  (p,O    )  Ra229   3.20990E-07                      U 238  (p,O    )  Ra230   2.48750E-07
    U 238  (p,O    )  Ra231   1.13940E-07                      U 238  (p,O    )  Ra232   1.24370E-07
    U 238  (p,O    )  Ac215   1.16230E-07                      U 238  (p,O    )  Ac216   1.43280E-07
    U 238  (p,O    )  Ac217   2.48670E-07                      U 238  (p,O    )  Ac218   3.62330E-07
    U 238  (p,O    )  Ac219   4.66940E-07                      U 238  (p,O    )  Ac220   6.83570E-07
    U 238  (p,O    )  Ac221   9.94980E-07                      U 238  (p,O    )  Ac222   1.17110E-06
    U 238  (p,O    )  Ac222m  2.12030E-04                      U 238  (p,O    )  Ac223   1.50310E-06
    U 238  (p,O    )  Ac224   2.01100E-06                      U 238  (p,O    )  Ac225   1.97960E-06
    U 238  (p,O    )  Ac226   2.03260E-06                      U 238  (p,O    )  Ac227   2.27100E-06
    U 238  (p,O    )  Ac228   1.95960E-06                      U 238  (p,O    )  Ac229   1.62680E-06
    U 238  (p,O    )  Ac230   1.47090E-06                      U 238  (p,O    )  Ac231   1.40970E-06
    U 238  (p,O    )  Ac232   1.30520E-06                      U 238  (p,O    )  Ac233   7.67210E-07
    U 238  (p,O    )  Ac234   4.24640E-07                      U 238  (p,O    )  Ac235   1.96980E-07
    U 238  (p,O    )  Th216   1.01290E-03                      U 238  (p,O    )  Th217   1.49970E-03
    U 238  (p,O    )  Th218   1.09870E-03                      U 238  (p,O    )  Th219   9.68600E-08
    U 238  (p,O    )  Th220   1.00550E-07                      U 238  (p,O    )  Th221   1.38140E-07
    U 238  (p,O    )  Th222   1.76130E-07                      U 238  (p,O    )  Th223   3.41120E-07
    U 238  (p,O    )  Th224   4.66580E-07                      U 238  (p,O    )  Th225   7.14960E-07
    U 238  (p,O    )  Th226   1.37770E-06                      U 238  (p,O    )  Th227   1.88710E-06
    U 238  (p,O    )  Th228   2.58110E-06                      U 238  (p,O    )  Th229   3.62830E-06
    U 238  (p,O    )  Th230   4.09460E-06                      U 238  (p,O    )  Th231   4.41640E-06
    U 238  (p,O    )  Th232   4.45640E-06                      U 238  (p,O    )  Th233   4.33220E-06
    U 238  (p,O    )  Th234   3.87560E-06                      U 238  (p,O    )  Th235   3.66930E-06
    U 238  (p,O    )  Th236   2.34300E-06                      U 238  (p,O    )  Th237   2.07410E-07
    U 238  (p,O    )  Pa217   7.37300E-04                      U 238  (p,O    )  Pa218   1.84580E-04
    U 238  (p,O    )  Pa219   2.65580E-04                      U 238  (p,O    )  Pa220   1.26890E-04
    U 238  (p,O    )  Pa221   3.84680E-04                      U 238  (p,O    )  Pa222   4.74940E-04
    U 238  (p,O    )  Pa223   8.52800E-04                      U 238  (p,O    )  Pa224   1.38000E-03
    U 238  (p,O    )  Pa225   1.03340E-07                      U 238  (p,O    )  Pa226   1.02940E-07
    U 238  (p,O    )  Pa227   2.38200E-07                      U 238  (p,O    )  Pa228   3.00140E-07
    U 238  (p,O    )  Pa229   6.93270E-07                      U 238  (p,O    )  Pa230   1.30650E-06
    U 238  (p,O    )  Pa231   2.08400E-06                      U 238  (p,O    )  Pa232   3.58580E-06
    U 238  (p,O    )  Pa233   5.77260E-06                      U 238  (p,O    )  Pa234   8.09610E-06
    U 238  (p,O    )  Pa234m  2.03660E-04                      U 238  (p,O    )  Pa235   1.39180E-05
    U 238  (p,O    )  Pa236   2.16010E-05                      U 238  (p,O    )  Pa237   5.75350E-05
    U 238  (p,O    )  Pa238   1.76130E-07                      U 238  (p,O    )  U 218   7.39200E-04
    U 238  (p,O    )  U 219   2.17330E-04                      U 238  (p,O    )  U 220   4.53850E-04
    U 238  (p,O    )  U 221   1.89990E-04                      U 238  (p,O    )  U 222   7.62290E-04
    U 238  (p,O    )  U 223   6.79610E-04                      U 238  (p,O    )  U 224   1.63260E-03
    U 238  (p,O    )  U 225   1.46640E-03                      U 238  (p,O    )  U 226   2.34930E-03
    U 238  (p,O    )  U 227   4.12140E-03                      U 238  (p,O    )  U 228   6.19370E-03
    U 238  (p,O    )  U 229   1.12040E-07                      U 238  (p,O    )  U 230   1.03540E-07
    U 238  (p,O    )  U 231   1.45100E-07                      U 238  (p,O    )  U 232   3.00990E-07
    U 238  (p,O    )  U 233   6.83810E-07                      U 238  (p,O    )  U 234   1.51320E-06
    U 238  (p,O    )  U 235   4.16640E-06                      U 238  (p,O    )  U 235m  9.63880E-03
    U 238  (p,O    )  U 236   1.16700E-05                      U 238  (p,O    )  U 237   7.00830E-05
    U 238  (p,O    )  Np227   2.10460E-04                      U 238  (p,O    )  Np228   2.70220E-04
    U 238  (p,O    )  Np229   5.91660E-04                      U 238  (p,O    )  Np230   2.10140E-04
    U 238  (p,O    )  Np232   1.17310E-07                      U 238  (p,O    )  Np233   1.17310E-07
    U 238  (p,O    )  Np234   9.33700E-08                      U 238  (p,O    )  Np235   1.44680E-07
    U 238  (p,O    )  Np236   1.45220E-07                      U 238  (p,O    )  Np236m  6.97180E-04
    U 238  (p,O    )  Np237   7.46480E-07                      U 238  (p,O    )  Np238   6.21990E-07
1                                    P R O T O N        S P E C T R U M


     Group    Upper         Lower         Flux          Group    Upper         Lower         Flux
     index    energy        energy                      index    energy        energy

        1  1.000000E+09  9.600000E+08  1.00000E+00        82  4.000000E+06  3.875000E+06  0.00000E+00
        2  9.600000E+08  9.200000E+08  0.00000E+00        83  3.875000E+06  3.750000E+06  0.00000E+00
        3  9.200000E+08  8.800000E+08  0.00000E+00        84  3.750000E+06  3.625000E+06  0.00000E+00
        4  8.800000E+08  8.400000E+08  0.00000E+00        85  3.625000E+06  3.500000E+06  0.00000E+00
        5  8.400000E+08  8.000000E+08  0.00000E+00        86  3.500000E+06  3.375000E+06  0.00000E+00
        6  8.000000E+08  7.600000E+08  0.00000E+00        87  3.375000E+06  3.250000E+06  0.00000E+00
        7  7.600000E+08  7.200000E+08  0.00000E+00        88  3.250000E+06  3.125000E+06  0.00000E+00
        8  7.200000E+08  6.800000E+08  0.00000E+00        89  3.125000E+06  3.000000E+06  0.00000E+00
        9  6.800000E+08  6.400000E+08  0.00000E+00        90  3.000000E+06  2.875000E+06  0.00000E+00
       10  6.400000E+08  6.000000E+08  0.00000E+00        91  2.875000E+06  2.750000E+06  0.00000E+00
       11  6.000000E+08  5.600000E+08  0.00000E+00        92  2.750000E+06  2.625000E+06  0.00000E+00
       12  5.600000E+08  5.200000E+08  0.00000E+00        93  2.625000E+06  2.500000E+06  0.00000E+00
       13  5.200000E+08  4.800000E+08  0.00000E+00        94  2.500000E+06  2.375000E+06  0.00000E+00
       14  4.800000E+08  4.400000E+08  0.00000E+00        95  2.375000E+06  2.250000E+06  0.00000E+00
       15  4.400000E+08  4.000000E+08  0.00000E+00        96  2.250000E+06  2.125000E+06  0.00000E+00
       16  4.000000E+08  3.600000E+08  0.00000E+00        97  2.125000E+06  2.000000E+06  0.00000E+00
       17  3.600000E+08  3.200000E+08  0.00000E+00        98  2.000000E+06  1.875000E+06  0.00000E+00
       18  3.200000E+08  2.800000E+08  0.00000E+00        99  1.875000E+06  1.750000E+06  0.00000E+00
       19  2.800000E+08  2.400000E+08  0.00000E+00       100  1.750000E+06  1.625000E+06  0.00000E+00
       20  2.400000E+08  2.000000E+08  0.00000E+00       101  1.625000E+06  1.500000E+06  0.00000E+00
       21  2.000000E+08  1.800000E+08  0.00000E+00       102  1.500000E+06  1.375000E+06  0.00000E+00
       22  1.800000E+08  1.600000E+08  0.00000E+00       103  1.375000E+06  1.250000E+06  0.00000E+00
       23  1.600000E+08  1.400000E+08  0.00000E+00       104  1.250000E+06  1.125000E+06  0.00000E+00
       24  1.400000E+08  1.200000E+08  0.00000E+00       105  1.125000E+06  1.000000E+06  0.00000E+00
       25  1.200000E+08  1.000000E+08  0.00000E+00       106  1.000000E+06  9.750000E+05  0.00000E+00
       26  1.000000E+08  9.000000E+07  0.00000E+00       107  9.750000E+05  9.500000E+05  0.00000E+00
       27  9.000000E+07  8.000000E+07  0.00000E+00       108  9.500000E+05  9.250000E+05  0.00000E+00
       28  8.000000E+07  7.000000E+07  0.00000E+00       109  9.250000E+05  9.000000E+05  0.00000E+00
       29  7.000000E+07  6.000000E+07  0.00000E+00       110  9.000000E+05  8.750000E+05  0.00000E+00
       30  6.000000E+07  5.500000E+07  0.00000E+00       111  8.750000E+05  8.500000E+05  0.00000E+00
       31  5.500000E+07  5.400000E+07  0.00000E+00       112  8.500000E+05  8.250000E+05  0.00000E+00
       32  5.400000E+07  5.000000E+07  0.00000E+00       113  8.250000E+05  8.000000E+05  0.00000E+00
       33  5.000000E+07  4.500000E+07  0.00000E+00       114  8.000000E+05  7.750000E+05  0.00000E+00
       34  4.500000E+07  4.000000E+07  0.00000E+00       115  7.750000E+05  7.500000E+05  0.00000E+00
       35  4.000000E+07  3.500000E+07  0.00000E+00       116  7.500000E+05  7.250000E+05  0.00000E+00
       36  3.500000E+07  3.000000E+07  0.00000E+00       117  7.250000E+05  7.000000E+05  0.00000E+00
       37  3.000000E+07  2.800000E+07  0.00000E+00       118  7.000000E+05  6.750000E+05  0.00000E+00
       38  2.800000E+07  2.600000E+07  0.00000E+00       119  6.750000E+05  6.500000E+05  0.00000E+00
       39  2.600000E+07  2.400000E+07  0.00000E+00       120  6.500000E+05  6.250000E+05  0.00000E+00
       40  2.400000E+07  2.200000E+07  0.00000E+00       121  6.250000E+05  6.000000E+05  0.00000E+00
       41  2.200000E+07  2.000000E+07  0.00000E+00       122  6.000000E+05  5.750000E+05  0.00000E+00
       42  2.000000E+07  1.900000E+07  0.00000E+00       123  5.750000E+05  5.500000E+05  0.00000E+00
       43  1.900000E+07  1.800000E+07  0.00000E+00       124  5.500000E+05  5.250000E+05  0.00000E+00
       44  1.800000E+07  1.700000E+07  0.00000E+00       125  5.250000E+05  5.000000E+05  0.00000E+00
       45  1.700000E+07  1.600000E+07  0.00000E+00       126  5.000000E+05  4.750000E+05  0.00000E+00
       46  1.600000E+07  1.500000E+07  0.00000E+00       127  4.750000E+05  4.500000E+05  0.00000E+00
       47  1.500000E+07  1.400000E+07  0.00000E+00       128  4.500000E+05  4.250000E+05  0.00000E+00
       48  1.400000E+07  1.300000E+07  0.00000E+00       129  4.250000E+05  4.000000E+05  0.00000E+00
       49  1.300000E+07  1.200000E+07  0.00000E+00       130  4.000000E+05  3.750000E+05  0.00000E+00
       50  1.200000E+07  1.100000E+07  0.00000E+00       131  3.750000E+05  3.500000E+05  0.00000E+00
       51  1.100000E+07  1.000000E+07  0.00000E+00       132  3.500000E+05  3.250000E+05  0.00000E+00
       52  1.000000E+07  9.800000E+06  0.00000E+00       133  3.250000E+05  3.000000E+05  0.00000E+00
       53  9.800000E+06  9.600000E+06  0.00000E+00       134  3.000000E+05  2.800000E+05  0.00000E+00
       54  9.600000E+06  9.400000E+06  0.00000E+00       135  2.800000E+05  2.600000E+05  0.00000E+00
       55  9.400000E+06  9.200000E+06  0.00000E+00       136  2.600000E+05  2.400000E+05  0.00000E+00
       56  9.200000E+06  9.000000E+06  0.00000E+00       137  2.400000E+05  2.200000E+05  0.00000E+00
       57  9.000000E+06  8.800000E+06  0.00000E+00       138  2.200000E+05  2.000000E+05  0.00000E+00
       58  8.800000E+06  8.600000E+06  0.00000E+00       139  2.000000E+05  1.800000E+05  0.00000E+00
       59  8.600000E+06  8.400000E+06  0.00000E+00       140  1.800000E+05  1.600000E+05  0.00000E+00
       60  8.400000E+06  8.200000E+06  0.00000E+00       141  1.600000E+05  1.400000E+05  0.00000E+00
       61  8.200000E+06  8.000000E+06  0.00000E+00       142  1.400000E+05  1.200000E+05  0.00000E+00
       62  8.000000E+06  7.800000E+06  0.00000E+00       143  1.200000E+05  1.000000E+05  0.00000E+00
       63  7.800000E+06  7.600000E+06  0.00000E+00       144  1.000000E+05  9.500000E+04  0.00000E+00
       64  7.600000E+06  7.400000E+06  0.00000E+00       145  9.500000E+04  9.000000E+04  0.00000E+00
       65  7.400000E+06  7.200000E+06  0.00000E+00       146  9.000000E+04  8.500000E+04  0.00000E+00
       66  7.200000E+06  7.000000E+06  0.00000E+00       147  8.500000E+04  8.000000E+04  0.00000E+00
       67  7.000000E+06  6.800000E+06  0.00000E+00       148  8.000000E+04  7.500000E+04  0.00000E+00
       68  6.800000E+06  6.600000E+06  0.00000E+00       149  7.500000E+04  7.000000E+04  0.00000E+00
       69  6.600000E+06  6.400000E+06  0.00000E+00       150  7.000000E+04  6.500000E+04  0.00000E+00
       70  6.400000E+06  6.200000E+06  0.00000E+00       151  6.500000E+04  6.000000E+04  0.00000E+00
       71  6.200000E+06  6.000000E+06  0.00000E+00       152  6.000000E+04  5.500000E+04  0.00000E+00
       72  6.000000E+06  5.800000E+06  0.00000E+00       153  5.500000E+04  5.000000E+04  0.00000E+00
       73  5.800000E+06  5.600000E+06  0.00000E+00       154  5.000000E+04  4.500000E+04  0.00000E+00
       74  5.600000E+06  5.400000E+06  0.00000E+00       155  4.500000E+04  4.000000E+04  0.00000E+00
       75  5.400000E+06  5.200000E+06  0.00000E+00       156  4.000000E+04  3.500000E+04  0.00000E+00
       76  5.200000E+06  5.000000E+06  0.00000E+00       157  3.500000E+04  3.000000E+04  0.00000E+00
       77  5.000000E+06  4.800000E+06  0.00000E+00       158  3.000000E+04  2.500000E+04  0.00000E+00
       78  4.800000E+06  4.600000E+06  0.00000E+00       159  2.500000E+04  2.000000E+04  0.00000E+00
       79  4.600000E+06  4.400000E+06  0.00000E+00       160  2.000000E+04  1.500000E+04  0.00000E+00
       80  4.400000E+06  4.200000E+06  0.00000E+00       161  1.500000E+04  1.000000E+04  0.00000E+00
       81  4.200000E+06  4.000000E+06  0.00000E+00       162  1.000000E+04  5.000000E+03  0.00000E+00
0  Spectrum type is CCFE-162
   flux spectrum_identifier is High energy proton flux


fispact run time=                  0.10938     secs


 ------------------------------------------------------------------
 Files that have been opened during this run.
 ------------------------------------------------------------------
 The numbers after the unit names are the internal unit numbers.

 output(38)      collapse_u238.out
 runlog(48)      collapse_u238.log
 ------------------------------------------------------------------



     Run timestamp:16:33:41 19 March 2021          

     Current time: 16:33:41 19 March 2021          
