



     ==============================================================================
     |                                                                            |
     |                                                                            |
     |             _____ ___ ____  ____   _    ____ _____    ___ ___              |
     |            |  ___|_ _/ ___||  _ \ / \  / ___|_   _|  |_ _|_ _|             |
     |            | |_   | |\___ \| |_) / _ \| |     | |_____| | | |              |
     |            |  _|  | | ___) |  __/ ___ \ |___  | |_____| | | |              |
     |            |_|   |___|____/|_| /_/   \_\____| |_|    |___|___|             |
     |                                                                            |
     |                            F I S P A C T - I I                             |
     |                            -------------------                             |
     |                                                                            |
     |                  Transmutation-Activation Inventory Code                   |
     |                   United Kingdom Atomic Energy Authority                   |
     |                                                                            |
     |                         Release 5.0 May 2021                               |
     |             Copyright (c) 2009-21, UK Atomic Energy Authority              |
     |                                                                            |
     ==============================================================================



1




     =========================================================================================================
     |                                                                                                       |
     |                      R U N   I D E N T I F I C A T I O N   I N F O R M A T I O N                      |
     |                                                                                                       |
     | INITIAL CROSS SECTION DATA                                                                            |
     | Collapsed library timestamp: 14:45:46 19 March 2021                                                   |
     | EAF source library label:                                                                             |
     | FLUX file label:             Position #3 Normalization Factor                                         |
     |                                                                                                       |
     | DECAY DATA                                                                                            |
     | Condensed library timestamp: 14:45:46 19 March 2021                                                   |
     | EAF source library label:    Decay input from separate files                                          |
     |                                                                                                       |
     | THIS RUN                                                                                              |
     | timestamp:                   14:45:46 19 March 2021                                                   |
     | fileroot :                   FeAdjusted                                                               |
     | name of FILES file:          files                                                                    |
     | FISPACT title:               * FNS 5 Mins Fe                                                          |
     |                                                                                                       |
     | See the FeAdjusted.log file                                                                           |
     | and summary details at the end of this file for further information on files used by this run         |
     |                                                                                                       |
     =========================================================================================================






                                   -------------------------------------------------------------------------------
                                   | NB: IN FOLLOWING TABLES                                                     |
                                   |                         ? MEANS CONVERGENCE NOT REACHED FOR NUCLIDE         |
                                   |                         & MEANS GAMMA SPECTRUM IS APPROXIMATELY CALCULATED  |
                                   |                         # MEANS NUCLIDE IS STABLE                           |
                                   |                         > MEANS NUCLIDE WAS PRESENT BEFORE IRRADIATION      |
                                   -------------------------------------------------------------------------------
                                   |                                                                             |
                                   |                                                                             |
                                   V                                                                             V
1 * * * TIME INTERVAL   1 * * * * * * * TIME IS   0.0000E+00 SECS * * * ELAPSED TIME IS   0.000ps   * * * FLUX AMP IS  1.1160E+10 /cm^2/s  * * * * * * * * * * * * * *
  NUCLIDE        ATOMS         GRAMS        Bq       b-Energy    a-Energy   g-Energy    DOSE RATE   INGESTION  INHALATION   HALF LIFE                        
                                                        kW          kW         kW         Sv/hr      DOSE(Sv)    DOSE(Sv)    seconds                         

  Fe 54    #> 6.30304E+20   5.646E-02   0.000E+00   0.000E+00   0.00E+00   0.000E+00   0.000E+00   0.000E+00   0.000E+00     Stable                         
  Fe 56    #> 9.89443E+21   9.190E-01   0.000E+00   0.000E+00   0.00E+00   0.000E+00   0.000E+00   0.000E+00   0.000E+00     Stable                         
  Fe 57    #> 2.28506E+20   2.160E-02   0.000E+00   0.000E+00   0.00E+00   0.000E+00   0.000E+00   0.000E+00   0.000E+00     Stable                         
  Fe 58    #> 3.04099E+19   2.925E-03   0.000E+00   0.000E+00   0.00E+00   0.000E+00   0.000E+00   0.000E+00   0.000E+00     Stable                         
0  TOTAL NUMBER OF NUCLIDES PRINTED IN INVENTORY =    4
0  TOTAL CURIES   TOTAL ALPHA   TOTAL BETA    TOTAL GAMMA
                  CURIE-MeV     CURIE-MeV     CURIE-MeV
   0.00000E+00   0.00000E+00   0.00000E+00   0.00000E+00
0  ALPHA BECQUERELS = 0.000000E+00  BETA BECQUERELS = 0.000000E+00  GAMMA BECQUERELS = 0.000000E+00
0  TOTAL ACTIVITY FOR ALL MATERIALS     0.00000E+00 Bq
                                        0.00000E+00 Ci/cc           DENSITY   7.88E+00 gm/cc
   TOTAL ACTIVITY EXCLUDING TRITIUM     0.00000E+00 Bq
                                        0.00000E+00 Ci/cc
0  TOTAL ALPHA HEAT PRODUCTION          0.00000E+00 kW
   TOTAL BETA  HEAT PRODUCTION          0.00000E+00 kW
   TOTAL GAMMA HEAT PRODUCTION          0.00000E+00 kW              TOTAL HEAT PRODUCTION 0.00000E+00 kW
0  INITIAL TOTAL MASS OF MATERIAL       1.00000E-03 kg              TOTAL HEAT EX TRITIUM 0.00000E+00 kW
0  TOTAL MASS OF MATERIAL               1.00000E-03 kg
   NEUTRON  FLUX DURING INTERVAL        1.11600E+10 n/cm^2/s
0  NUMBER OF FISSIONS                   0.00000E+00                 BURN-UP OF ACTINIDES  0.00000E+00 %
0  INGESTION  HAZARD FOR ALL MATERIALS  0.00000E+00 Sv/kg
   INHALATION HAZARD FOR ALL MATERIALS  0.00000E+00 Sv/kg
0  INGESTION  HAZARD EXCLUDING TRITIUM  0.00000E+00 Sv/kg
   INHALATION HAZARD EXCLUDING TRITIUM  0.00000E+00 Sv/kg
0  Total Displacement Rate (n,Ddiss) =  3.31164E+10 Displacements/sec  =  3.07098E-12 Displacements Per Atom/sec  =  9.69127E-05 DPA/year
   Total Displacement Rate (n,Dinel) =  7.33324E+10 Displacements/sec  =  6.80033E-12 Displacements Per Atom/sec  =  2.14602E-04 DPA/year
   Total Displacement Rate (n,Del  ) =  5.72789E+10 Displacements/sec  =  5.31164E-12 Displacements Per Atom/sec  =  1.67623E-04 DPA/year
   Total Displacement Rate (n,Dtot ) =  2.54427E+11 Displacements/sec  =  2.35938E-11 Displacements Per Atom/sec  =  7.44563E-04 DPA/year
0  KERMA RATE (n,Kktot) =  9.70045E+14 eV/sec = 1.55418E-04 kW/kg = 1.22392E-06 kW/cm^3
   KERMA RATE (n,Kphot) =  7.54258E+14 eV/sec = 1.20845E-04 kW/kg = 9.51658E-07 kW/cm^3
   KERMA RATE (n,Kfiss) =  0.00000E+00 eV/sec = 0.00000E+00 kW/kg = 0.00000E+00 kW/cm^3
   KERMA RATE (n,Kinel) =  6.77059E+14 eV/sec = 1.08477E-04 kW/kg = 8.54255E-07 kW/cm^3
   KERMA RATE (n,Knone) =  1.01548E+15 eV/sec = 1.62697E-04 kW/kg = 1.28124E-06 kW/cm^3
   KERMA RATE (n,Kel  ) =  1.11016E+13 eV/sec = 1.77867E-06 kW/kg = 1.40071E-08 kW/cm^3
   KERMA RATE (n,Ktot ) =  1.02658E+15 eV/sec = 1.64476E-04 kW/kg = 1.29525E-06 kW/cm^3
0  GAS   RATE (n,Xa   ) =  4.41343E+06 atoms per sec =  4.09270E-10 appm/sec
   GAS   RATE (n,Xh   ) =  1.20331E+01 atoms per sec =  1.11586E-15 appm/sec
   GAS   RATE (n,Xt   ) =  9.62461E+02 atoms per sec =  8.92519E-14 appm/sec
   GAS   RATE (n,Xd   ) =  6.71155E+05 atoms per sec =  6.22382E-11 appm/sec
   GAS   RATE (n,Xp   ) =  2.34210E+07 atoms per sec =  2.17190E-09 appm/sec



                                               COMPOSITION  OF  MATERIAL  BY  ELEMENT
                                               --------------------------------------
0                                                             BETA                     GAMMA                     ALPHA
                      ATOMS      GRAM-ATOMS     GRAMS      CURIES-MeV      kW        CURIES-MeV      kW        CURIES-MeV      kW

   26       Fe      1.0784E+22   1.7907E-02   1.0000E+00   0.0000E+00   0.0000E+00   0.0000E+00   0.0000E+00   0.0000E+00   0.0000E+00



                                               GAMMA SPECTRUM AND ENERGIES/SECOND
                                               ----------------------------------

     NEUTRONS PER SECOND ARISING FROM SPONTANEOUS FISSION                    0.00000E+00    Entered density (g/cc)       7.88
     POWER FROM ALPHA PARTICLES (MeV per Second)                             0.00000E+00
     POWER FROM BETA  PARTICLES (MeV per Second)                             0.00000E+00
     TOTAL GAMMA POWER FROM ACTIVATION  (MeV per Second)                     0.00000E+00    Total gammas (per cc per second)      0.00000E+00
     GAMMA RAY POWER FROM ACTIVATION DECAY  MeV/s    (  0.000-  0.010 MeV)   0.00000E+00    Gammas per group (per cc per second)  0.00000E+00
                                                     (  0.010-  0.020 MeV)   0.00000E+00                                          0.00000E+00
                                                     (  0.020-  0.050 MeV)   0.00000E+00                                          0.00000E+00
                                                     (  0.050-  0.100 MeV)   0.00000E+00                                          0.00000E+00
                                                     (  0.100-  0.200 MeV)   0.00000E+00                                          0.00000E+00
                                                     (  0.200-  0.300 MeV)   0.00000E+00                                          0.00000E+00
                                                     (  0.300-  0.400 MeV)   0.00000E+00                                          0.00000E+00
                                                     (  0.400-  0.600 MeV)   0.00000E+00                                          0.00000E+00
                                                     (  0.600-  0.800 MeV)   0.00000E+00                                          0.00000E+00
                                                     (  0.800-  1.000 MeV)   0.00000E+00                                          0.00000E+00
                                                     (  1.000-  1.220 MeV)   0.00000E+00                                          0.00000E+00
                                                     (  1.220-  1.440 MeV)   0.00000E+00                                          0.00000E+00
                                                     (  1.440-  1.660 MeV)   0.00000E+00                                          0.00000E+00
                                                     (  1.660-  2.000 MeV)   0.00000E+00                                          0.00000E+00
                                                     (  2.000-  2.500 MeV)   0.00000E+00                                          0.00000E+00
                                                     (  2.500-  3.000 MeV)   0.00000E+00                                          0.00000E+00
                                                     (  3.000-  4.000 MeV)   0.00000E+00                                          0.00000E+00
                                                     (  4.000-  5.000 MeV)   0.00000E+00                                          0.00000E+00
                                                     (  5.000-  6.500 MeV)   0.00000E+00                                          0.00000E+00
                                                     (  6.500-  8.000 MeV)   0.00000E+00                                          0.00000E+00
                                                     (  8.000- 10.000 MeV)   0.00000E+00                                          0.00000E+00
                                                     ( 10.000- 12.000 MeV)   0.00000E+00                                          0.00000E+00
                                                     ( 12.000- 14.000 MeV)   0.00000E+00                                          0.00000E+00
                                                     ( 14.000- 20.000 MeV)   0.00000E+00                                          0.00000E+00

GAMMA SPECTRUM END


    DOSE RATE (1 g POINT SOURCE  1.0m) FROM GAMMAS WITH ENERGY 0-20MeV IS   0.00000E+00 Sieverts/hour   ( 0.00000E+00 Rems/hour)

1 * * * TIME INTERVAL   2 * * * * * * * TIME IS   3.0000E+02 SECS OR  5.0000E+00 MINS  * * * ELAPSED TIME IS   5.000 m   * * * FLUX AMP IS  1.1160E+10 /cm^2/s  * * *
  NUCLIDE        ATOMS         GRAMS        Bq       b-Energy    a-Energy   g-Energy    DOSE RATE   INGESTION  INHALATION   HALF LIFE                        
                                                        kW          kW         kW         Sv/hr      DOSE(Sv)    DOSE(Sv)    seconds                         

  H   1    #  7.02629E+09   1.176E-14   0.000E+00   0.000E+00   0.00E+00   0.000E+00   0.000E+00   0.000E+00   0.000E+00     Stable                         
  H   2    #  2.01346E+08   6.734E-16   0.000E+00   0.000E+00   0.00E+00   0.000E+00   0.000E+00   0.000E+00   0.000E+00     Stable                         
  H   3       2.88738E+05   1.446E-18   5.144E-04   4.703E-22   0.00E+00   0.000E+00   0.000E+00   2.160E-14   1.337E-13   3.891E+08                        
  He  3    #  3.61000E+03   1.808E-20   0.000E+00   0.000E+00   0.00E+00   0.000E+00   0.000E+00   0.000E+00   0.000E+00     Stable                         
  He  4    #  1.32403E+09   8.800E-15   0.000E+00   0.000E+00   0.00E+00   0.000E+00   0.000E+00   0.000E+00   0.000E+00     Stable                         
  V  50       1.18223E+04   9.805E-19   1.855E-21   4.660E-39   0.00E+00   4.230E-37   3.118E-34   1.187E-29   2.040E-29   4.418E+24                        
  V  51    #  7.45105E+03   6.303E-19   0.000E+00   0.000E+00   0.00E+00   0.000E+00   0.000E+00   0.000E+00   0.000E+00     Stable                         
  Cr 50       2.44413E+06   2.027E-16   2.982E-19   5.577E-35   0.00E+00   0.000E+00   0.000E+00   3.877E-28   3.877E-28   5.680E+24                        
  Cr 51       1.71528E+08   1.451E-14   4.967E+01   2.917E-17   0.00E+00   2.603E-16   2.840E-13   1.888E-09   1.838E-09   2.394E+06                        
  Cr 52    #  2.86672E+07   2.473E-15   0.000E+00   0.000E+00   0.00E+00   0.000E+00   0.000E+00   0.000E+00   0.000E+00     Stable                         
  Cr 53    #  1.10736E+09   9.735E-14   0.000E+00   0.000E+00   0.00E+00   0.000E+00   0.000E+00   0.000E+00   0.000E+00     Stable                         
  Cr 54    #  2.41527E+07   2.163E-15   0.000E+00   0.000E+00   0.00E+00   0.000E+00   0.000E+00   0.000E+00   0.000E+00     Stable                         
  Cr 55       1.18832E+06   1.084E-16   3.878E+03   6.813E-13   0.00E+00   2.636E-15   2.990E-13   5.429E-09   2.404E-09   2.124E+02                        
  Mn 53       1.34342E+09   1.181E-13   8.018E-06   5.141E-24   0.00E+00   1.827E-24   1.534E-20   2.406E-16   4.330E-16   1.161E+14                        
  Mn 54       5.73671E+08   5.138E-14   1.474E+01   9.513E-18   0.00E+00   1.975E-15   1.625E-12   1.047E-08   2.212E-08   2.697E+07                        
  Mn 55    #  2.10929E+09   1.924E-13   0.000E+00   0.000E+00   0.00E+00   0.000E+00   0.000E+00   0.000E+00   0.000E+00     Stable                         
  Mn 56       3.10393E+09   2.883E-13   2.314E+05   3.045E-11   0.00E+00   6.341E-11   4.705E-08   5.786E-05   2.777E-05   9.297E+03                        
  Mn 57       1.52495E+07   1.442E-15   1.238E+05   2.190E-11   0.00E+00   1.976E-12   2.741E-09   1.980E-07   8.293E-08   8.540E+01                        
  Mn 58       3.66338E+05   3.525E-17   3.895E+03   1.068E-12   0.00E+00   1.486E-12   1.130E-09   1.636E-08   6.621E-09   6.520E+01                        
  Mn 58m      1.49560E+04   1.439E-18   3.840E+03   1.740E-12   0.00E+00   7.386E-14   4.460E-11   4.607E-10   1.997E-10   2.700E+00                        
  Fe 53       1.66086E+07   1.460E-15   2.255E+04   3.999E-12   0.00E+00   4.278E-12   3.553E-09   2.074E-07   2.029E-07   5.106E+02                        
  Fe 54    #> 6.30304E+20   5.646E-02   0.000E+00   0.000E+00   0.00E+00   0.000E+00   0.000E+00   0.000E+00   0.000E+00     Stable                         
  Fe 55       1.46072E+10   1.333E-12   1.173E+02   7.525E-17   0.00E+00   3.122E-17   2.724E-13   3.871E-08   9.033E-08   8.631E+07                        
  Fe 56    #> 9.89443E+21   9.190E-01   0.000E+00   0.000E+00   0.00E+00   0.000E+00   0.000E+00   0.000E+00   0.000E+00     Stable                         
  Fe 57    #> 2.28506E+20   2.160E-02   0.000E+00   0.000E+00   0.00E+00   0.000E+00   0.000E+00   0.000E+00   0.000E+00     Stable                         
  Fe 58    #> 3.04099E+19   2.925E-03   0.000E+00   0.000E+00   0.00E+00   0.000E+00   0.000E+00   0.000E+00   0.000E+00     Stable                         
  Fe 59       1.51931E+05   1.487E-17   2.739E-02   5.195E-19   0.00E+00   5.219E-18   3.996E-15   4.931E-11   1.096E-10   3.844E+06                        
0  TOTAL NUMBER OF NUCLIDES PRINTED IN INVENTORY =   27
0  TOTAL CURIES   TOTAL ALPHA   TOTAL BETA    TOTAL GAMMA
                  CURIE-MeV     CURIE-MeV     CURIE-MeV
   1.05281E-05   0.00000E+00   1.00935E-05   1.20160E-05
0  ALPHA BECQUERELS = 0.000000E+00  BETA BECQUERELS = 3.895380E+05  GAMMA BECQUERELS = 0.000000E+00
0  TOTAL ACTIVITY FOR ALL MATERIALS     3.89538E+05 Bq
                                        8.29084E-05 Ci/cc           DENSITY   7.88E+00 gm/cc
   TOTAL ACTIVITY EXCLUDING TRITIUM     3.89538E+05 Bq
                                        8.29084E-05 Ci/cc
0  TOTAL ALPHA HEAT PRODUCTION          0.00000E+00 kW
   TOTAL BETA  HEAT PRODUCTION          5.98346E-11 kW
   TOTAL GAMMA HEAT PRODUCTION          7.12315E-11 kW              TOTAL HEAT PRODUCTION 1.31066E-10 kW
0  INITIAL TOTAL MASS OF MATERIAL       1.00000E-03 kg              TOTAL HEAT EX TRITIUM 1.31066E-10 kW
0  TOTAL MASS OF MATERIAL               1.00000E-03 kg
   NEUTRON  FLUX DURING INTERVAL        1.11600E+10 n/cm^2/s
0  NUMBER OF FISSIONS                   0.00000E+00                 BURN-UP OF ACTINIDES  0.00000E+00 %
0  INGESTION  HAZARD FOR ALL MATERIALS  5.83352E-05 Sv/kg
   INHALATION HAZARD FOR ALL MATERIALS  2.81805E-05 Sv/kg
0  INGESTION  HAZARD EXCLUDING TRITIUM  5.83352E-05 Sv/kg
   INHALATION HAZARD EXCLUDING TRITIUM  2.81805E-05 Sv/kg
0  Total Displacement Rate (n,Ddiss) =  3.31164E+10 Displacements/sec  =  3.07098E-12 Displacements Per Atom/sec  =  9.69127E-05 DPA/year
   Total Displacement Rate (n,Dinel) =  7.33324E+10 Displacements/sec  =  6.80033E-12 Displacements Per Atom/sec  =  2.14602E-04 DPA/year
   Total Displacement Rate (n,Del  ) =  5.72789E+10 Displacements/sec  =  5.31164E-12 Displacements Per Atom/sec  =  1.67623E-04 DPA/year
   Total Displacement Rate (n,Dtot ) =  2.54427E+11 Displacements/sec  =  2.35938E-11 Displacements Per Atom/sec  =  7.44563E-04 DPA/year
0  KERMA RATE (n,Kktot) =  9.70045E+14 eV/sec = 1.55418E-04 kW/kg = 1.22392E-06 kW/cm^3
   KERMA RATE (n,Kphot) =  7.54258E+14 eV/sec = 1.20845E-04 kW/kg = 9.51658E-07 kW/cm^3
   KERMA RATE (n,Kfiss) =  0.00000E+00 eV/sec = 0.00000E+00 kW/kg = 0.00000E+00 kW/cm^3
   KERMA RATE (n,Kinel) =  6.77059E+14 eV/sec = 1.08477E-04 kW/kg = 8.54255E-07 kW/cm^3
   KERMA RATE (n,Knone) =  1.01548E+15 eV/sec = 1.62697E-04 kW/kg = 1.28124E-06 kW/cm^3
   KERMA RATE (n,Kel  ) =  1.11016E+13 eV/sec = 1.77867E-06 kW/kg = 1.40071E-08 kW/cm^3
   KERMA RATE (n,Ktot ) =  1.02658E+15 eV/sec = 1.64476E-04 kW/kg = 1.29525E-06 kW/cm^3
0  GAS   RATE (n,Xa   ) =  4.41343E+06 atoms per sec =  4.09270E-10 appm/sec
   GAS   RATE (n,Xh   ) =  1.20331E+01 atoms per sec =  1.11586E-15 appm/sec
   GAS   RATE (n,Xt   ) =  9.62461E+02 atoms per sec =  8.92519E-14 appm/sec
   GAS   RATE (n,Xd   ) =  6.71155E+05 atoms per sec =  6.22382E-11 appm/sec
   GAS   RATE (n,Xp   ) =  2.34210E+07 atoms per sec =  2.17190E-09 appm/sec
0  APPM OF He  4    =  1.2278E-07
   APPM OF He  3    =  3.3477E-13
   APPM OF H   3    =  2.6776E-11
   APPM OF H   2    =  1.8671E-08
   APPM OF H   1    =  6.5157E-07



                                               COMPOSITION  OF  MATERIAL  BY  ELEMENT
                                               --------------------------------------
0                                                             BETA                     GAMMA                     ALPHA
                      ATOMS      GRAM-ATOMS     GRAMS      CURIES-MeV      kW        CURIES-MeV      kW        CURIES-MeV      kW

    1       H       7.2279E+09   1.2002E-14   1.2434E-14   7.9341E-17   4.7034E-22   0.0000E+00   0.0000E+00   0.0000E+00   0.0000E+00
    2       He      1.3240E+09   2.1986E-15   8.8001E-15   0.0000E+00   0.0000E+00   0.0000E+00   0.0000E+00   0.0000E+00   0.0000E+00
   23       V       1.9273E+04   3.2004E-20   1.6109E-18   7.8601E-34   4.6595E-39   7.1361E-32   4.2303E-37   0.0000E+00   0.0000E+00
   24       Cr      1.3353E+09   2.2174E-15   1.1681E-13   1.1493E-07   6.8131E-13   4.8860E-10   2.8965E-15   0.0000E+00   0.0000E+00
   25       Mn      7.1459E+09   1.1866E-14   6.5171E-13   9.3040E-06   5.5154E-11   1.1294E-05   6.6951E-11   0.0000E+00   0.0000E+00
   26       Fe      1.0784E+22   1.7907E-02   1.0000E+00   6.7456E-07   3.9988E-12   7.2164E-07   4.2779E-12   0.0000E+00   0.0000E+00



                                               GAMMA SPECTRUM AND ENERGIES/SECOND
                                               ----------------------------------

     NEUTRONS PER SECOND ARISING FROM SPONTANEOUS FISSION                    0.00000E+00    Entered density (g/cc)       7.88
     POWER FROM ALPHA PARTICLES (MeV per Second)                             0.00000E+00
     POWER FROM BETA  PARTICLES (MeV per Second)                             3.73458E+05
     TOTAL GAMMA POWER FROM ACTIVATION  (MeV per Second)                     4.44592E+05    Total gammas (per cc per second)      3.66844E+06
     GAMMA RAY POWER FROM ACTIVATION DECAY  MeV/s    (  0.000-  0.010 MeV)   2.19004E+02    Gammas per group (per cc per second)  3.44931E+05
                                                     (  0.010-  0.020 MeV)   1.88382E+02                                          9.89005E+04
                                                     (  0.020-  0.050 MeV)   0.00000E+00                                          0.00000E+00
                                                     (  0.050-  0.100 MeV)   0.00000E+00                                          0.00000E+00
                                                     (  0.100-  0.200 MeV)   2.42746E+03                                          1.27442E+05
                                                     (  0.200-  0.300 MeV)   6.26969E+01                                          1.97495E+03
                                                     (  0.300-  0.400 MeV)   4.74290E+03                                          1.06715E+05
                                                     (  0.400-  0.600 MeV)   2.33023E+04                                          3.67011E+05
                                                     (  0.600-  0.800 MeV)   4.93138E+03                                          5.54780E+04
                                                     (  0.800-  1.000 MeV)   1.97666E+05                                          1.72958E+06
                                                     (  1.000-  1.220 MeV)   2.03356E+02                                          1.44273E+03
                                                     (  1.220-  1.440 MeV)   4.38400E+03                                          2.59579E+04
                                                     (  1.440-  1.660 MeV)   1.72539E+03                                          8.76607E+03
                                                     (  1.660-  2.000 MeV)   1.17276E+05                                          5.04672E+05
                                                     (  2.000-  2.500 MeV)   7.30725E+04                                          2.55754E+05
                                                     (  2.500-  3.000 MeV)   1.27733E+04                                          3.65781E+04
                                                     (  3.000-  4.000 MeV)   1.40933E+03                                          3.17099E+03
                                                     (  4.000-  5.000 MeV)   4.09699E+01                                          7.16973E+01
                                                     (  5.000-  6.500 MeV)   0.00000E+00                                          0.00000E+00
                                                     (  6.500-  8.000 MeV)   0.00000E+00                                          0.00000E+00
                                                     (  8.000- 10.000 MeV)   0.00000E+00                                          0.00000E+00
                                                     ( 10.000- 12.000 MeV)   0.00000E+00                                          0.00000E+00
                                                     ( 12.000- 14.000 MeV)   0.00000E+00                                          0.00000E+00
                                                     ( 14.000- 20.000 MeV)   0.00000E+00                                          0.00000E+00

GAMMA SPECTRUM END


    DOSE RATE (1 g POINT SOURCE  1.0m) FROM GAMMAS WITH ENERGY 0-20MeV IS   5.45197E-08 Sieverts/hour   ( 5.45197E-06 Rems/hour)




                                                                           DOMINANT NUCLIDES
                                                                           -----------------

      NUCLIDE   ACTIVITY    PERCENT  NUCLIDE     HEAT      PERCENT  NUCLIDE  DOSE RATE    PERCENT  NUCLIDE  INGESTION    PERCENT  NUCLIDE  INHALATION   PERCENT 
                  (Bq)      ACTIVITY             (kW)       HEAT              (Sv/hr)    DOSE RATE            (Sv)      INGESTION            (Sv)     INHALATION
       Total   3.8954E+05             Total   1.3107E-10             Total   5.4520E-08             Total   5.8335E-05             Total   2.8181E-05
    1  Mn 56   2.3143E+05  59.41E+00  Mn 56   9.3861E-11  71.61E+00  Mn 56   4.7050E-08  86.30E+00  Mn 56   5.7856E-05  99.18E+00  Mn 56   2.7771E-05  98.55E+00
    2  Mn 57   1.2377E+05  31.77E+00  Mn 57   2.3874E-11  18.22E+00  Fe 53   3.5527E-09  65.16E-01  Fe 53   2.0743E-07  35.56E-02  Fe 53   2.0292E-07  72.01E-02
    3  Fe 53   2.2546E+04  57.88E-01  Fe 53   8.2767E-12  63.15E-01  Mn 57   2.7406E-09  50.27E-01  Mn 57   1.9804E-07  33.95E-02  Fe 55   9.0330E-08  32.05E-02
    4  Mn 58   3.8946E+03  99.98E-02  Mn 58   2.5543E-12  19.49E-01  Mn 58   1.1295E-09  20.72E-01  Fe 55   3.8713E-08  66.36E-03  Mn 57   8.2927E-08  29.43E-02
    5  Cr 55   3.8780E+03  99.55E-02  Mn 58m  1.8138E-12  13.84E-01  Mn 58m  4.4603E-11  81.81E-03  Mn 58   1.6357E-08  28.04E-03  Mn 54   2.2117E-08  78.48E-03
    6  Mn 58m  3.8395E+03  98.57E-02  Cr 55   6.8392E-13  52.18E-02  Mn 54   1.6252E-12  29.81E-04  Mn 54   1.0469E-08  17.95E-03  Mn 58   6.6208E-09  23.49E-03
    7  Fe 55   1.1731E+02  30.12E-03  Mn 54   1.9845E-15  15.14E-04  Cr 55   2.9899E-13  54.84E-05  Cr 55   5.4291E-09  93.07E-04  Cr 55   2.4043E-09  85.32E-04
    8  Cr 51   4.9673E+01  12.75E-03  Cr 51   2.8949E-16  22.09E-05  Cr 51   2.8400E-13  52.09E-05  Cr 51   1.8876E-09  32.36E-04  Cr 51   1.8379E-09  65.22E-04
    9  Mn 54   1.4745E+01  37.85E-04  Fe 55   1.0647E-16  81.23E-06  Fe 55   2.7242E-13  49.97E-05  Mn 58m  4.6074E-10  78.98E-05  Mn 58m  1.9966E-10  70.85E-05
   10  Fe 59   2.7394E-02  70.32E-07  Fe 59   5.7380E-18  43.78E-07  Fe 59   3.9955E-15  73.29E-07  Fe 59   4.9308E-11  84.53E-06  Fe 59   1.0957E-10  38.88E-05
   11  H   3   5.1435E-04  13.20E-08  H   3   4.7034E-22  35.89E-11  Mn 53   1.5344E-20  28.14E-12  H   3   2.1603E-14  37.03E-09  H   3   1.3373E-13  47.46E-08
   12  Mn 53   8.0184E-06  20.58E-10  Mn 53   6.9678E-24  53.16E-13  V  50   3.1176E-34  57.18E-26  Mn 53   2.4055E-16  41.24E-11  Mn 53   4.3299E-16  15.36E-10
   13  Cr 50   2.9825E-19  76.56E-24  Cr 50   5.5774E-35  42.55E-24          0.0000E+00  00.00E+00  Cr 50   3.8772E-28  66.46E-23  Cr 50   3.8772E-28  13.76E-22
   14  V  50   1.8548E-21  47.62E-26  V  50   4.2769E-37  32.63E-26          0.0000E+00  00.00E+00  V  50   1.1871E-29  20.35E-24  V  50   2.0403E-29  72.40E-24

      NUCLIDE  GAMMA HEAT   PERCENT  NUCLIDE   BETA HEAT   PERCENT 
                  (kW)       GAMMA               (kW)       BETA
       Total   7.1231E-11             Total   5.9835E-11
    1  Mn 56   6.3413E-11  89.02E+00  Mn 56   3.0448E-11  50.89E+00
    2  Fe 53   4.2779E-12  60.06E-01  Mn 57   2.1898E-11  36.60E+00
    3  Mn 57   1.9757E-12  27.74E-01  Fe 53   3.9988E-12  66.83E-01
    4  Mn 58   1.4864E-12  20.87E-01  Mn 58m  1.7399E-12  29.08E-01
    5  Mn 58m  7.3861E-14  10.37E-02  Mn 58   1.0679E-12  17.85E-01
    6  Cr 55   2.6361E-15  37.01E-04  Cr 55   6.8128E-13  11.39E-01
    7  Mn 54   1.9750E-15  27.73E-04  Fe 55   7.5250E-17  12.58E-05
    8  Cr 51   2.6033E-16  36.55E-05  Cr 51   2.9165E-17  48.74E-06
    9  Fe 55   3.1221E-17  43.83E-06  Mn 54   9.5134E-18  15.90E-06
   10  Fe 59   5.2185E-18  73.26E-07  Fe 59   5.1951E-19  86.82E-08
   11  Mn 53   1.8270E-24  25.65E-13  H   3   4.7034E-22  78.61E-11
   12  V  50   4.2303E-37  59.39E-26  Mn 53   5.1408E-24  85.92E-13
   13          0.0000E+00  00.00E+00  Cr 50   5.5774E-35  93.21E-24
   14          0.0000E+00  00.00E+00  V  50   4.6595E-39  77.87E-28
1 * * * TIME INTERVAL   3 * * * COOLING TIME IS   3.5000E+01 SECS * * * ELAPSED TIME IS   5.583 m   * * * FLUX AMP IS  0.0000E+00 /cm^2/s  * * * * * * * * * * * * * *
  NUCLIDE        ATOMS         GRAMS        Bq       b-Energy    a-Energy   g-Energy    DOSE RATE   INGESTION  INHALATION   HALF LIFE                        
                                                        kW          kW         kW         Sv/hr      DOSE(Sv)    DOSE(Sv)    seconds                         

  H   1    #  7.02629E+09   1.176E-14   0.000E+00   0.000E+00   0.00E+00   0.000E+00   0.000E+00   0.000E+00   0.000E+00     Stable                         
  H   2    #  2.01346E+08   6.734E-16   0.000E+00   0.000E+00   0.00E+00   0.000E+00   0.000E+00   0.000E+00   0.000E+00     Stable                         
  H   3       2.88738E+05   1.446E-18   5.144E-04   4.703E-22   0.00E+00   0.000E+00   0.000E+00   2.160E-14   1.337E-13   3.891E+08                        
  He  3    #  3.61002E+03   1.808E-20   0.000E+00   0.000E+00   0.00E+00   0.000E+00   0.000E+00   0.000E+00   0.000E+00     Stable                         
  He  4    #  1.32403E+09   8.800E-15   0.000E+00   0.000E+00   0.00E+00   0.000E+00   0.000E+00   0.000E+00   0.000E+00     Stable                         
  V  50       1.18223E+04   9.805E-19   1.855E-21   4.660E-39   0.00E+00   4.230E-37   3.118E-34   1.187E-29   2.040E-29   4.418E+24                        
  V  51    #  9.18960E+03   7.774E-19   0.000E+00   0.000E+00   0.00E+00   0.000E+00   0.000E+00   0.000E+00   0.000E+00     Stable                         
  Cr 50       2.44413E+06   2.027E-16   2.982E-19   5.577E-35   0.00E+00   0.000E+00   0.000E+00   3.877E-28   3.877E-28   5.680E+24                        
  Cr 51       1.71526E+08   1.451E-14   4.967E+01   2.916E-17   0.00E+00   2.603E-16   2.840E-13   1.888E-09   1.838E-09   2.394E+06                        
  Cr 52    #  2.86672E+07   2.473E-15   0.000E+00   0.000E+00   0.00E+00   0.000E+00   0.000E+00   0.000E+00   0.000E+00     Stable                         
  Cr 53    #  1.10736E+09   9.735E-14   0.000E+00   0.000E+00   0.00E+00   0.000E+00   0.000E+00   0.000E+00   0.000E+00     Stable                         
  Cr 54    #  2.41532E+07   2.163E-15   0.000E+00   0.000E+00   0.00E+00   0.000E+00   0.000E+00   0.000E+00   0.000E+00     Stable                         
  Cr 55       1.06005E+06   9.671E-17   3.459E+03   6.077E-13   0.00E+00   2.352E-15   2.667E-13   4.843E-09   2.145E-09   2.124E+02                        
  Mn 53       1.34419E+09   1.182E-13   8.023E-06   5.144E-24   0.00E+00   1.828E-24   1.535E-20   2.407E-16   4.332E-16   1.161E+14                        
  Mn 54       5.73671E+08   5.138E-14   1.474E+01   9.513E-18   0.00E+00   1.975E-15   1.625E-12   1.047E-08   2.212E-08   2.697E+07                        
  Mn 55    #  2.10943E+09   1.924E-13   0.000E+00   0.000E+00   0.00E+00   0.000E+00   0.000E+00   0.000E+00   0.000E+00     Stable                         
  Mn 56       3.09584E+09   2.876E-13   2.308E+05   3.037E-11   0.00E+00   6.325E-11   4.693E-08   5.771E-05   2.770E-05   9.297E+03                        
  Mn 57       1.14784E+07   1.085E-15   9.316E+04   1.648E-11   0.00E+00   1.487E-12   2.063E-09   1.491E-07   6.242E-08   8.540E+01                        
  Mn 58       2.52514E+05   2.429E-17   2.685E+03   7.361E-13   0.00E+00   1.025E-12   7.786E-10   1.127E-08   4.564E-09   6.520E+01                        
  Fe 53       1.58379E+07   1.392E-15   2.150E+04   3.813E-12   0.00E+00   4.079E-12   3.388E-09   1.978E-07   1.935E-07   5.106E+02                        
  Fe 54    #> 6.30304E+20   5.646E-02   0.000E+00   0.000E+00   0.00E+00   0.000E+00   0.000E+00   0.000E+00   0.000E+00     Stable                         
  Fe 55       1.46072E+10   1.333E-12   1.173E+02   7.525E-17   0.00E+00   3.122E-17   2.724E-13   3.871E-08   9.033E-08   8.631E+07                        
  Fe 56    #> 9.89443E+21   9.190E-01   0.000E+00   0.000E+00   0.00E+00   0.000E+00   0.000E+00   0.000E+00   0.000E+00     Stable                         
  Fe 57    #> 2.28506E+20   2.160E-02   0.000E+00   0.000E+00   0.00E+00   0.000E+00   0.000E+00   0.000E+00   0.000E+00     Stable                         
  Fe 58    #> 3.04099E+19   2.925E-03   0.000E+00   0.000E+00   0.00E+00   0.000E+00   0.000E+00   0.000E+00   0.000E+00     Stable                         
  Fe 59       1.51931E+05   1.487E-17   2.739E-02   5.195E-19   0.00E+00   5.218E-18   3.996E-15   4.931E-11   1.096E-10   3.844E+06                        
0  TOTAL NUMBER OF NUCLIDES PRINTED IN INVENTORY =   26
0  TOTAL CURIES   TOTAL ALPHA   TOTAL BETA    TOTAL GAMMA
                  CURIE-MeV     CURIE-MeV     CURIE-MeV
   9.50845E-06   0.00000E+00   8.77341E-06   1.17818E-05
0  ALPHA BECQUERELS = 0.000000E+00  BETA BECQUERELS = 3.518127E+05  GAMMA BECQUERELS = 0.000000E+00
0  TOTAL ACTIVITY FOR ALL MATERIALS     3.51813E+05 Bq
                                        7.48791E-05 Ci/cc           DENSITY   7.88E+00 gm/cc
   TOTAL ACTIVITY EXCLUDING TRITIUM     3.51813E+05 Bq
                                        7.48791E-05 Ci/cc
0  TOTAL ALPHA HEAT PRODUCTION          0.00000E+00 kW
   TOTAL BETA  HEAT PRODUCTION          5.20092E-11 kW
   TOTAL GAMMA HEAT PRODUCTION          6.98431E-11 kW              TOTAL HEAT PRODUCTION 1.21852E-10 kW
0  INITIAL TOTAL MASS OF MATERIAL       1.00000E-03 kg              TOTAL HEAT EX TRITIUM 1.21852E-10 kW
0  TOTAL MASS OF MATERIAL               1.00000E-03 kg
   NEUTRON  FLUX DURING INTERVAL        0.00000E+00 n/cm^2/s
0  NUMBER OF FISSIONS                   0.00000E+00                 BURN-UP OF ACTINIDES  0.00000E+00 %
0  INGESTION  HAZARD FOR ALL MATERIALS  5.81197E-05 Sv/kg
   INHALATION HAZARD FOR ALL MATERIALS  2.80757E-05 Sv/kg
0  INGESTION  HAZARD EXCLUDING TRITIUM  5.81197E-05 Sv/kg
   INHALATION HAZARD EXCLUDING TRITIUM  2.80757E-05 Sv/kg
0  APPM OF He  4    =  1.2278E-07
   APPM OF He  3    =  3.3477E-13
   APPM OF H   3    =  2.6776E-11
   APPM OF H   2    =  1.8671E-08
   APPM OF H   1    =  6.5157E-07



                                               COMPOSITION  OF  MATERIAL  BY  ELEMENT
                                               --------------------------------------
0                                                             BETA                     GAMMA                     ALPHA
                      ATOMS      GRAM-ATOMS     GRAMS      CURIES-MeV      kW        CURIES-MeV      kW        CURIES-MeV      kW

    1       H       7.2279E+09   1.2002E-14   1.2434E-14   7.9341E-17   4.7034E-22   0.0000E+00   0.0000E+00   0.0000E+00   0.0000E+00
    2       He      1.3240E+09   2.1986E-15   8.8001E-15   0.0000E+00   0.0000E+00   0.0000E+00   0.0000E+00   0.0000E+00   0.0000E+00
   23       V       2.1012E+04   3.4891E-20   1.7579E-18   7.8601E-34   4.6595E-39   7.1361E-32   4.2303E-37   0.0000E+00   0.0000E+00
   24       Cr      1.3352E+09   2.2172E-15   1.1679E-13   1.0253E-07   6.0777E-13   4.4060E-10   2.6119E-15   0.0000E+00   0.0000E+00
   25       Mn      7.1349E+09   1.1848E-14   6.5067E-13   8.0276E-06   4.7588E-11   1.1093E-05   6.5761E-11   0.0000E+00   0.0000E+00
   26       Fe      1.0784E+22   1.7907E-02   1.0000E+00   6.4326E-07   3.8133E-12   6.8816E-07   4.0794E-12   0.0000E+00   0.0000E+00



                                               GAMMA SPECTRUM AND ENERGIES/SECOND
                                               ----------------------------------

     NEUTRONS PER SECOND ARISING FROM SPONTANEOUS FISSION                    0.00000E+00    Entered density (g/cc)       7.88
     POWER FROM ALPHA PARTICLES (MeV per Second)                             0.00000E+00
     POWER FROM BETA  PARTICLES (MeV per Second)                             3.24616E+05
     TOTAL GAMMA POWER FROM ACTIVATION  (MeV per Second)                     4.35927E+05    Total gammas (per cc per second)      3.45237E+06
     GAMMA RAY POWER FROM ACTIVATION DECAY  MeV/s    (  0.000-  0.010 MeV)   1.65160E+02    Gammas per group (per cc per second)  2.60128E+05
                                                     (  0.010-  0.020 MeV)   1.41797E+02                                          7.44432E+04
                                                     (  0.020-  0.050 MeV)   0.00000E+00                                          0.00000E+00
                                                     (  0.050-  0.100 MeV)   0.00000E+00                                          0.00000E+00
                                                     (  0.100-  0.200 MeV)   1.82717E+03                                          9.59266E+04
                                                     (  0.200-  0.300 MeV)   4.71925E+01                                          1.48656E+03
                                                     (  0.300-  0.400 MeV)   4.28929E+03                                          9.65091E+04
                                                     (  0.400-  0.600 MeV)   2.20208E+04                                          3.46828E+05
                                                     (  0.600-  0.800 MeV)   3.71102E+03                                          4.17489E+04
                                                     (  0.800-  1.000 MeV)   1.95900E+05                                          1.71413E+06
                                                     (  1.000-  1.220 MeV)   1.74777E+02                                          1.23997E+03
                                                     (  1.220-  1.440 MeV)   3.16381E+03                                          1.87331E+04
                                                     (  1.440-  1.660 MeV)   1.30806E+03                                          6.64581E+03
                                                     (  1.660-  2.000 MeV)   1.16488E+05                                          5.01278E+05
                                                     (  2.000-  2.500 MeV)   7.25796E+04                                          2.54029E+05
                                                     (  2.500-  3.000 MeV)   1.26136E+04                                          3.61207E+04
                                                     (  3.000-  4.000 MeV)   1.38723E+03                                          3.12127E+03
                                                     (  4.000-  5.000 MeV)   4.26133E+00                                          7.45733E+00
                                                     (  5.000-  6.500 MeV)   0.00000E+00                                          0.00000E+00
                                                     (  6.500-  8.000 MeV)   0.00000E+00                                          0.00000E+00
                                                     (  8.000- 10.000 MeV)   0.00000E+00                                          0.00000E+00
                                                     ( 10.000- 12.000 MeV)   0.00000E+00                                          0.00000E+00
                                                     ( 12.000- 14.000 MeV)   0.00000E+00                                          0.00000E+00
                                                     ( 14.000- 20.000 MeV)   0.00000E+00                                          0.00000E+00

GAMMA SPECTRUM END


    DOSE RATE (1 g POINT SOURCE  1.0m) FROM GAMMAS WITH ENERGY 0-20MeV IS   5.31589E-08 Sieverts/hour   ( 5.31589E-06 Rems/hour)




                                                                           DOMINANT NUCLIDES
                                                                           -----------------

      NUCLIDE   ACTIVITY    PERCENT  NUCLIDE     HEAT      PERCENT  NUCLIDE  DOSE RATE    PERCENT  NUCLIDE  INGESTION    PERCENT  NUCLIDE  INHALATION   PERCENT 
                  (Bq)      ACTIVITY             (kW)       HEAT              (Sv/hr)    DOSE RATE            (Sv)      INGESTION            (Sv)     INHALATION
       Total   3.5181E+05             Total   1.2185E-10             Total   5.3159E-08             Total   5.8120E-05             Total   2.8076E-05
    1  Mn 56   2.3082E+05  65.61E+00  Mn 56   9.3616E-11  76.83E+00  Mn 56   4.6927E-08  88.28E+00  Mn 56   5.7706E-05  99.29E+00  Mn 56   2.7699E-05  98.66E+00
    2  Mn 57   9.3165E+04  26.48E+00  Mn 57   1.7970E-11  14.75E+00  Fe 53   3.3878E-09  63.73E-01  Fe 53   1.9780E-07  34.03E-02  Fe 53   1.9350E-07  68.92E-02
    3  Fe 53   2.1500E+04  61.11E-01  Fe 53   7.8926E-12  64.77E-01  Mn 57   2.0629E-09  38.81E-01  Mn 57   1.4906E-07  25.65E-02  Fe 55   9.0330E-08  32.17E-02
    4  Cr 55   3.4594E+03  98.33E-02  Mn 58   1.7607E-12  14.45E-01  Mn 58   7.7856E-10  14.65E-01  Fe 55   3.8713E-08  66.61E-03  Mn 57   6.2420E-08  22.23E-02
    5  Mn 58   2.6845E+03  76.30E-02  Cr 55   6.1010E-13  50.07E-02  Mn 54   1.6252E-12  30.57E-04  Mn 58   1.1275E-08  19.40E-03  Mn 54   2.2117E-08  78.78E-03
    6  Fe 55   1.1731E+02  33.34E-03  Mn 54   1.9845E-15  16.29E-04  Cr 51   2.8400E-13  53.42E-05  Mn 54   1.0469E-08  18.01E-03  Mn 58   4.5637E-09  16.25E-03
    7  Cr 51   4.9672E+01  14.12E-03  Cr 51   2.8949E-16  23.76E-05  Fe 55   2.7242E-13  51.25E-05  Cr 55   4.8431E-09  83.33E-04  Cr 55   2.1448E-09  76.39E-04
    8  Mn 54   1.4745E+01  41.91E-04  Fe 55   1.0647E-16  87.38E-06  Cr 55   2.6672E-13  50.17E-05  Cr 51   1.8876E-09  32.48E-04  Cr 51   1.8379E-09  65.46E-04
    9  Fe 59   2.7393E-02  77.86E-07  Fe 59   5.7380E-18  47.09E-07  Fe 59   3.9955E-15  75.16E-07  Fe 59   4.9308E-11  84.84E-06  Fe 59   1.0957E-10  39.03E-05
   10  H   3   5.1435E-04  14.62E-08  H   3   4.7034E-22  38.60E-11  Mn 53   1.5353E-20  28.88E-12  H   3   2.1603E-14  37.17E-09  H   3   1.3373E-13  47.63E-08
   11  Mn 53   8.0230E-06  22.80E-10  Mn 53   6.9718E-24  57.22E-13  V  50   3.1176E-34  58.65E-26  Mn 53   2.4069E-16  41.41E-11  Mn 53   4.3324E-16  15.43E-10
   12  Cr 50   2.9825E-19  84.77E-24  Cr 50   5.5774E-35  45.77E-24          0.0000E+00  00.00E+00  Cr 50   3.8772E-28  66.71E-23  Cr 50   3.8772E-28  13.81E-22
   13  V  50   1.8548E-21  52.72E-26  V  50   4.2769E-37  35.10E-26          0.0000E+00  00.00E+00  V  50   1.1871E-29  20.43E-24  V  50   2.0403E-29  72.67E-24

      NUCLIDE  GAMMA HEAT   PERCENT  NUCLIDE   BETA HEAT   PERCENT 
                  (kW)       GAMMA               (kW)       BETA
       Total   6.9843E-11             Total   5.2009E-11
    1  Mn 56   6.3247E-11  90.56E+00  Mn 56   3.0369E-11  58.39E+00
    2  Fe 53   4.0794E-12  58.41E-01  Mn 57   1.6483E-11  31.69E+00
    3  Mn 57   1.4871E-12  21.29E-01  Fe 53   3.8132E-12  73.32E-01
    4  Mn 58   1.0246E-12  14.67E-01  Mn 58   7.3609E-13  14.15E-01
    5  Cr 55   2.3516E-15  33.67E-04  Cr 55   6.0774E-13  11.69E-01
    6  Mn 54   1.9750E-15  28.28E-04  Fe 55   7.5250E-17  14.47E-05
    7  Cr 51   2.6032E-16  37.27E-05  Cr 51   2.9165E-17  56.08E-06
    8  Fe 55   3.1221E-17  44.70E-06  Mn 54   9.5134E-18  18.29E-06
    9  Fe 59   5.2185E-18  74.72E-07  Fe 59   5.1951E-19  99.89E-08
   10  Mn 53   1.8281E-24  26.17E-13  H   3   4.7034E-22  90.43E-11
   11  V  50   4.2303E-37  60.57E-26  Mn 53   5.1438E-24  98.90E-13
   12          0.0000E+00  00.00E+00  Cr 50   5.5774E-35  10.72E-23
   13          0.0000E+00  00.00E+00  V  50   4.6595E-39  89.59E-28
1 * * * TIME INTERVAL   4 * * * COOLING TIME IS   1.5000E+01 SECS * * * ELAPSED TIME IS   5.833 m   * * * FLUX AMP IS  0.0000E+00 /cm^2/s  * * * * * * * * * * * * * *
  NUCLIDE        ATOMS         GRAMS        Bq       b-Energy    a-Energy   g-Energy    DOSE RATE   INGESTION  INHALATION   HALF LIFE                        
                                                        kW          kW         kW         Sv/hr      DOSE(Sv)    DOSE(Sv)    seconds                         

  H   1    #  7.02629E+09   1.176E-14   0.000E+00   0.000E+00   0.00E+00   0.000E+00   0.000E+00   0.000E+00   0.000E+00     Stable                         
  H   2    #  2.01346E+08   6.734E-16   0.000E+00   0.000E+00   0.00E+00   0.000E+00   0.000E+00   0.000E+00   0.000E+00     Stable                         
  H   3       2.88738E+05   1.446E-18   5.144E-04   4.703E-22   0.00E+00   0.000E+00   0.000E+00   2.160E-14   1.337E-13   3.891E+08                        
  He  3    #  3.61003E+03   1.808E-20   0.000E+00   0.000E+00   0.00E+00   0.000E+00   0.000E+00   0.000E+00   0.000E+00     Stable                         
  He  4    #  1.32403E+09   8.800E-15   0.000E+00   0.000E+00   0.00E+00   0.000E+00   0.000E+00   0.000E+00   0.000E+00     Stable                         
  V  50       1.18223E+04   9.805E-19   1.855E-21   4.660E-39   0.00E+00   4.230E-37   3.118E-34   1.187E-29   2.040E-29   4.418E+24                        
  V  51    #  9.93468E+03   8.404E-19   0.000E+00   0.000E+00   0.00E+00   0.000E+00   0.000E+00   0.000E+00   0.000E+00     Stable                         
  Cr 50       2.44413E+06   2.027E-16   2.982E-19   5.577E-35   0.00E+00   0.000E+00   0.000E+00   3.877E-28   3.877E-28   5.680E+24                        
  Cr 51       1.71526E+08   1.451E-14   4.967E+01   2.916E-17   0.00E+00   2.603E-16   2.840E-13   1.888E-09   1.838E-09   2.394E+06                        
  Cr 52    #  2.86672E+07   2.473E-15   0.000E+00   0.000E+00   0.00E+00   0.000E+00   0.000E+00   0.000E+00   0.000E+00     Stable                         
  Cr 53    #  1.10736E+09   9.735E-14   0.000E+00   0.000E+00   0.00E+00   0.000E+00   0.000E+00   0.000E+00   0.000E+00     Stable                         
  Cr 54    #  2.41535E+07   2.163E-15   0.000E+00   0.000E+00   0.00E+00   0.000E+00   0.000E+00   0.000E+00   0.000E+00     Stable                         
  Cr 55       1.00941E+06   9.209E-17   3.294E+03   5.787E-13   0.00E+00   2.239E-15   2.540E-13   4.612E-09   2.042E-09   2.124E+02                        
  Mn 53       1.34451E+09   1.182E-13   8.025E-06   5.145E-24   0.00E+00   1.828E-24   1.536E-20   2.407E-16   4.333E-16   1.161E+14                        
  Mn 54       5.73670E+08   5.138E-14   1.474E+01   9.513E-18   0.00E+00   1.975E-15   1.625E-12   1.047E-08   2.212E-08   2.697E+07                        
  Mn 55    #  2.10948E+09   1.924E-13   0.000E+00   0.000E+00   0.00E+00   0.000E+00   0.000E+00   0.000E+00   0.000E+00     Stable                         
  Mn 56       3.09238E+09   2.872E-13   2.306E+05   3.034E-11   0.00E+00   6.318E-11   4.687E-08   5.764E-05   2.767E-05   9.297E+03                        
  Mn 57       1.01627E+07   9.609E-16   8.249E+04   1.459E-11   0.00E+00   1.317E-12   1.826E-09   1.320E-07   5.527E-08   8.540E+01                        
  Mn 58       2.15293E+05   2.071E-17   2.289E+03   6.276E-13   0.00E+00   8.736E-13   6.638E-10   9.613E-09   3.891E-09   6.520E+01                        
  Fe 53       1.55186E+07   1.364E-15   2.107E+04   3.736E-12   0.00E+00   3.997E-12   3.320E-09   1.938E-07   1.896E-07   5.106E+02                        
  Fe 54    #> 6.30304E+20   5.646E-02   0.000E+00   0.000E+00   0.00E+00   0.000E+00   0.000E+00   0.000E+00   0.000E+00     Stable                         
  Fe 55       1.46072E+10   1.333E-12   1.173E+02   7.525E-17   0.00E+00   3.122E-17   2.724E-13   3.871E-08   9.033E-08   8.631E+07                        
  Fe 56    #> 9.89443E+21   9.190E-01   0.000E+00   0.000E+00   0.00E+00   0.000E+00   0.000E+00   0.000E+00   0.000E+00     Stable                         
  Fe 57    #> 2.28506E+20   2.160E-02   0.000E+00   0.000E+00   0.00E+00   0.000E+00   0.000E+00   0.000E+00   0.000E+00     Stable                         
  Fe 58    #> 3.04099E+19   2.925E-03   0.000E+00   0.000E+00   0.00E+00   0.000E+00   0.000E+00   0.000E+00   0.000E+00     Stable                         
  Fe 59       1.51930E+05   1.487E-17   2.739E-02   5.195E-19   0.00E+00   5.218E-18   3.995E-15   4.931E-11   1.096E-10   3.844E+06                        
0  TOTAL NUMBER OF NUCLIDES PRINTED IN INVENTORY =   26
0  TOTAL CURIES   TOTAL ALPHA   TOTAL BETA    TOTAL GAMMA
                  CURIE-MeV     CURIE-MeV     CURIE-MeV
   9.18598E-06   0.00000E+00   8.41279E-06   1.17018E-05
0  ALPHA BECQUERELS = 0.000000E+00  BETA BECQUERELS = 3.398811E+05  GAMMA BECQUERELS = 0.000000E+00
0  TOTAL ACTIVITY FOR ALL MATERIALS     3.39881E+05 Bq
                                        7.23396E-05 Ci/cc           DENSITY   7.88E+00 gm/cc
   TOTAL ACTIVITY EXCLUDING TRITIUM     3.39881E+05 Bq
                                        7.23396E-05 Ci/cc
0  TOTAL ALPHA HEAT PRODUCTION          0.00000E+00 kW
   TOTAL BETA  HEAT PRODUCTION          4.98715E-11 kW
   TOTAL GAMMA HEAT PRODUCTION          6.93686E-11 kW              TOTAL HEAT PRODUCTION 1.19240E-10 kW
0  INITIAL TOTAL MASS OF MATERIAL       1.00000E-03 kg              TOTAL HEAT EX TRITIUM 1.19240E-10 kW
0  TOTAL MASS OF MATERIAL               1.00000E-03 kg
   NEUTRON  FLUX DURING INTERVAL        0.00000E+00 n/cm^2/s
0  NUMBER OF FISSIONS                   0.00000E+00                 BURN-UP OF ACTINIDES  0.00000E+00 %
0  INGESTION  HAZARD FOR ALL MATERIALS  5.80322E-05 Sv/kg
   INHALATION HAZARD FOR ALL MATERIALS  2.80329E-05 Sv/kg
0  INGESTION  HAZARD EXCLUDING TRITIUM  5.80322E-05 Sv/kg
   INHALATION HAZARD EXCLUDING TRITIUM  2.80329E-05 Sv/kg
0  APPM OF He  4    =  1.2278E-07
   APPM OF He  3    =  3.3477E-13
   APPM OF H   3    =  2.6776E-11
   APPM OF H   2    =  1.8671E-08
   APPM OF H   1    =  6.5157E-07



                                               COMPOSITION  OF  MATERIAL  BY  ELEMENT
                                               --------------------------------------
0                                                             BETA                     GAMMA                     ALPHA
                      ATOMS      GRAM-ATOMS     GRAMS      CURIES-MeV      kW        CURIES-MeV      kW        CURIES-MeV      kW

    1       H       7.2279E+09   1.2002E-14   1.2434E-14   7.9341E-17   4.7034E-22   0.0000E+00   0.0000E+00   0.0000E+00   0.0000E+00
    2       He      1.3240E+09   2.1986E-15   8.8001E-15   0.0000E+00   0.0000E+00   0.0000E+00   0.0000E+00   0.0000E+00   0.0000E+00
   23       V       2.1757E+04   3.6128E-20   1.8210E-18   7.8601E-34   4.6595E-39   7.1361E-32   4.2303E-37   0.0000E+00   0.0000E+00
   24       Cr      1.3352E+09   2.2171E-15   1.1679E-13   9.7627E-08   5.7874E-13   4.2165E-10   2.4996E-15   0.0000E+00   0.0000E+00
   25       Mn      7.1304E+09   1.1840E-14   6.5025E-13   7.6849E-06   4.5556E-11   1.1027E-05   6.5369E-11   0.0000E+00   0.0000E+00
   26       Fe      1.0784E+22   1.7907E-02   1.0000E+00   6.3030E-07   3.7364E-12   6.7429E-07   3.9972E-12   0.0000E+00   0.0000E+00



                                               GAMMA SPECTRUM AND ENERGIES/SECOND
                                               ----------------------------------

     NEUTRONS PER SECOND ARISING FROM SPONTANEOUS FISSION                    0.00000E+00    Entered density (g/cc)       7.88
     POWER FROM ALPHA PARTICLES (MeV per Second)                             0.00000E+00
     POWER FROM BETA  PARTICLES (MeV per Second)                             3.11273E+05
     TOTAL GAMMA POWER FROM ACTIVATION  (MeV per Second)                     4.32965E+05    Total gammas (per cc per second)      3.37624E+06
     GAMMA RAY POWER FROM ACTIVATION DECAY  MeV/s    (  0.000-  0.010 MeV)   1.46371E+02    Gammas per group (per cc per second)  2.30534E+05
                                                     (  0.010-  0.020 MeV)   1.25543E+02                                          6.59100E+04
                                                     (  0.020-  0.050 MeV)   0.00000E+00                                          0.00000E+00
                                                     (  0.050-  0.100 MeV)   0.00000E+00                                          0.00000E+00
                                                     (  0.100-  0.200 MeV)   1.61773E+03                                          8.49307E+04
                                                     (  0.200-  0.300 MeV)   4.17829E+01                                          1.31616E+03
                                                     (  0.300-  0.400 MeV)   4.12018E+03                                          9.27040E+04
                                                     (  0.400-  0.600 MeV)   2.15089E+04                                          3.38765E+05
                                                     (  0.600-  0.800 MeV)   3.28532E+03                                          3.69598E+04
                                                     (  0.800-  1.000 MeV)   1.95297E+05                                          1.70885E+06
                                                     (  1.000-  1.220 MeV)   1.65104E+02                                          1.17135E+03
                                                     (  1.220-  1.440 MeV)   2.76173E+03                                          1.63524E+04
                                                     (  1.440-  1.660 MeV)   1.17383E+03                                          5.96379E+03
                                                     (  1.660-  2.000 MeV)   1.16201E+05                                          5.00045E+05
                                                     (  2.000-  2.500 MeV)   7.24653E+04                                          2.53629E+05
                                                     (  2.500-  3.000 MeV)   1.25718E+04                                          3.60009E+04
                                                     (  3.000-  4.000 MeV)   1.37954E+03                                          3.10397E+03
                                                     (  4.000-  5.000 MeV)   3.63320E+00                                          6.35811E+00
                                                     (  5.000-  6.500 MeV)   0.00000E+00                                          0.00000E+00
                                                     (  6.500-  8.000 MeV)   0.00000E+00                                          0.00000E+00
                                                     (  8.000- 10.000 MeV)   0.00000E+00                                          0.00000E+00
                                                     ( 10.000- 12.000 MeV)   0.00000E+00                                          0.00000E+00
                                                     ( 12.000- 14.000 MeV)   0.00000E+00                                          0.00000E+00
                                                     ( 14.000- 20.000 MeV)   0.00000E+00                                          0.00000E+00

GAMMA SPECTRUM END


    DOSE RATE (1 g POINT SOURCE  1.0m) FROM GAMMAS WITH ENERGY 0-20MeV IS   5.26869E-08 Sieverts/hour   ( 5.26869E-06 Rems/hour)




                                                                           DOMINANT NUCLIDES
                                                                           -----------------

      NUCLIDE   ACTIVITY    PERCENT  NUCLIDE     HEAT      PERCENT  NUCLIDE  DOSE RATE    PERCENT  NUCLIDE  INGESTION    PERCENT  NUCLIDE  INHALATION   PERCENT 
                  (Bq)      ACTIVITY             (kW)       HEAT              (Sv/hr)    DOSE RATE            (Sv)      INGESTION            (Sv)     INHALATION
       Total   3.3988E+05             Total   1.1924E-10             Total   5.2687E-08             Total   5.8032E-05             Total   2.8033E-05
    1  Mn 56   2.3056E+05  67.84E+00  Mn 56   9.3512E-11  78.42E+00  Mn 56   4.6875E-08  88.97E+00  Mn 56   5.7641E-05  99.33E+00  Mn 56   2.7668E-05  98.70E+00
    2  Mn 57   8.2485E+04  24.27E+00  Mn 57   1.5910E-11  13.34E+00  Fe 53   3.3195E-09  63.00E-01  Fe 53   1.9381E-07  33.40E-02  Fe 53   1.8960E-07  67.64E-02
    3  Fe 53   2.1067E+04  61.98E-01  Fe 53   7.7335E-12  64.86E-01  Mn 57   1.8264E-09  34.67E-01  Mn 57   1.3198E-07  22.74E-02  Fe 55   9.0330E-08  32.22E-02
    4  Cr 55   3.2941E+03  96.92E-02  Mn 58   1.5012E-12  12.59E-01  Mn 58   6.6380E-10  12.60E-01  Fe 55   3.8713E-08  66.71E-03  Mn 57   5.5265E-08  19.71E-02
    5  Mn 58   2.2888E+03  67.34E-02  Cr 55   5.8095E-13  48.72E-02  Mn 54   1.6252E-12  30.85E-04  Mn 54   1.0469E-08  18.04E-03  Mn 54   2.2117E-08  78.90E-03
    6  Fe 55   1.1731E+02  34.52E-03  Mn 54   1.9845E-15  16.64E-04  Cr 51   2.8400E-13  53.90E-05  Mn 58   9.6130E-09  16.56E-03  Mn 58   3.8910E-09  13.88E-03
    7  Cr 51   4.9672E+01  14.61E-03  Cr 51   2.8949E-16  24.28E-05  Fe 55   2.7242E-13  51.71E-05  Cr 55   4.6118E-09  79.47E-04  Cr 55   2.0424E-09  72.86E-04
    8  Mn 54   1.4745E+01  43.38E-04  Fe 55   1.0647E-16  89.29E-06  Cr 55   2.5398E-13  48.21E-05  Cr 51   1.8875E-09  32.53E-04  Cr 51   1.8379E-09  65.56E-04
    9  Fe 59   2.7393E-02  80.60E-07  Fe 59   5.7380E-18  48.12E-07  Fe 59   3.9955E-15  75.83E-07  Fe 59   4.9308E-11  84.97E-06  Fe 59   1.0957E-10  39.09E-05
   10  H   3   5.1435E-04  15.13E-08  H   3   4.7034E-22  39.44E-11  Mn 53   1.5357E-20  29.15E-12  H   3   2.1603E-14  37.23E-09  H   3   1.3373E-13  47.71E-08
   11  Mn 53   8.0249E-06  23.61E-10  Mn 53   6.9735E-24  58.48E-13  V  50   3.1176E-34  59.17E-26  Mn 53   2.4075E-16  41.48E-11  Mn 53   4.3334E-16  15.46E-10
   12  Cr 50   2.9825E-19  87.75E-24  Cr 50   5.5774E-35  46.77E-24          0.0000E+00  00.00E+00  Cr 50   3.8772E-28  66.81E-23  Cr 50   3.8772E-28  13.83E-22
   13  V  50   1.8548E-21  54.57E-26  V  50   4.2769E-37  35.87E-26          0.0000E+00  00.00E+00  V  50   1.1871E-29  20.46E-24  V  50   2.0403E-29  72.78E-24

      NUCLIDE  GAMMA HEAT   PERCENT  NUCLIDE   BETA HEAT   PERCENT 
                  (kW)       GAMMA               (kW)       BETA
       Total   6.9369E-11             Total   4.9871E-11
    1  Mn 56   6.3177E-11  91.07E+00  Mn 56   3.0335E-11  60.83E+00
    2  Fe 53   3.9972E-12  57.62E-01  Mn 57   1.4594E-11  29.26E+00
    3  Mn 57   1.3167E-12  18.98E-01  Fe 53   3.7364E-12  74.92E-01
    4  Mn 58   8.7356E-13  12.59E-01  Mn 58   6.2759E-13  12.58E-01
    5  Cr 55   2.2393E-15  32.28E-04  Cr 55   5.7871E-13  11.60E-01
    6  Mn 54   1.9750E-15  28.47E-04  Fe 55   7.5250E-17  15.09E-05
    7  Cr 51   2.6032E-16  37.53E-05  Cr 51   2.9165E-17  58.48E-06
    8  Fe 55   3.1221E-17  45.01E-06  Mn 54   9.5134E-18  19.08E-06
    9  Fe 59   5.2185E-18  75.23E-07  Fe 59   5.1950E-19  10.42E-07
   10  Mn 53   1.8285E-24  26.36E-13  H   3   4.7034E-22  94.31E-11
   11  V  50   4.2303E-37  60.98E-26  Mn 53   5.1450E-24  10.32E-12
   12          0.0000E+00  00.00E+00  Cr 50   5.5774E-35  11.18E-23
   13          0.0000E+00  00.00E+00  V  50   4.6595E-39  93.43E-28
1 * * * TIME INTERVAL   5 * * * COOLING TIME IS   1.5000E+01 SECS * * * ELAPSED TIME IS   6.083 m   * * * FLUX AMP IS  0.0000E+00 /cm^2/s  * * * * * * * * * * * * * *
  NUCLIDE        ATOMS         GRAMS        Bq       b-Energy    a-Energy   g-Energy    DOSE RATE   INGESTION  INHALATION   HALF LIFE                        
                                                        kW          kW         kW         Sv/hr      DOSE(Sv)    DOSE(Sv)    seconds                         

  H   1    #  7.02629E+09   1.176E-14   0.000E+00   0.000E+00   0.00E+00   0.000E+00   0.000E+00   0.000E+00   0.000E+00     Stable                         
  H   2    #  2.01346E+08   6.734E-16   0.000E+00   0.000E+00   0.00E+00   0.000E+00   0.000E+00   0.000E+00   0.000E+00     Stable                         
  H   3       2.88738E+05   1.446E-18   5.144E-04   4.703E-22   0.00E+00   0.000E+00   0.000E+00   2.160E-14   1.337E-13   3.891E+08                        
  He  3    #  3.61004E+03   1.808E-20   0.000E+00   0.000E+00   0.00E+00   0.000E+00   0.000E+00   0.000E+00   0.000E+00     Stable                         
  He  4    #  1.32403E+09   8.800E-15   0.000E+00   0.000E+00   0.00E+00   0.000E+00   0.000E+00   0.000E+00   0.000E+00     Stable                         
  V  50       1.18223E+04   9.805E-19   1.855E-21   4.660E-39   0.00E+00   4.230E-37   3.118E-34   1.187E-29   2.040E-29   4.418E+24                        
  V  51    #  1.06798E+04   9.034E-19   0.000E+00   0.000E+00   0.00E+00   0.000E+00   0.000E+00   0.000E+00   0.000E+00     Stable                         
  Cr 50       2.44413E+06   2.027E-16   2.982E-19   5.577E-35   0.00E+00   0.000E+00   0.000E+00   3.877E-28   3.877E-28   5.680E+24                        
  Cr 51       1.71525E+08   1.451E-14   4.967E+01   2.916E-17   0.00E+00   2.603E-16   2.840E-13   1.888E-09   1.838E-09   2.394E+06                        
  Cr 52    #  2.86672E+07   2.473E-15   0.000E+00   0.000E+00   0.00E+00   0.000E+00   0.000E+00   0.000E+00   0.000E+00     Stable                         
  Cr 53    #  1.10736E+09   9.735E-14   0.000E+00   0.000E+00   0.00E+00   0.000E+00   0.000E+00   0.000E+00   0.000E+00     Stable                         
  Cr 54    #  2.41537E+07   2.163E-15   0.000E+00   0.000E+00   0.00E+00   0.000E+00   0.000E+00   0.000E+00   0.000E+00     Stable                         
  Cr 55       9.61189E+05   8.769E-17   3.137E+03   5.511E-13   0.00E+00   2.132E-15   2.418E-13   4.391E-09   1.945E-09   2.124E+02                        
  Mn 53       1.34482E+09   1.182E-13   8.027E-06   5.146E-24   0.00E+00   1.829E-24   1.536E-20   2.408E-16   4.334E-16   1.161E+14                        
  Mn 54       5.73670E+08   5.138E-14   1.474E+01   9.513E-18   0.00E+00   1.975E-15   1.625E-12   1.047E-08   2.212E-08   2.697E+07                        
  Mn 55    #  2.10953E+09   1.924E-13   0.000E+00   0.000E+00   0.00E+00   0.000E+00   0.000E+00   0.000E+00   0.000E+00     Stable                         
  Mn 56       3.08892E+09   2.869E-13   2.303E+05   3.030E-11   0.00E+00   6.311E-11   4.682E-08   5.758E-05   2.764E-05   9.297E+03                        
  Mn 57       8.99777E+06   8.507E-16   7.303E+04   1.292E-11   0.00E+00   1.166E-12   1.617E-09   1.168E-07   4.893E-08   8.540E+01                        
  Mn 58       1.83559E+05   1.766E-17   1.951E+03   5.351E-13   0.00E+00   7.448E-13   5.660E-10   8.196E-09   3.317E-09   6.520E+01                        
  Fe 53       1.52058E+07   1.337E-15   2.064E+04   3.661E-12   0.00E+00   3.917E-12   3.253E-09   1.899E-07   1.858E-07   5.106E+02                        
  Fe 54    #> 6.30304E+20   5.646E-02   0.000E+00   0.000E+00   0.00E+00   0.000E+00   0.000E+00   0.000E+00   0.000E+00     Stable                         
  Fe 55       1.46072E+10   1.333E-12   1.173E+02   7.525E-17   0.00E+00   3.122E-17   2.724E-13   3.871E-08   9.033E-08   8.631E+07                        
  Fe 56    #> 9.89443E+21   9.190E-01   0.000E+00   0.000E+00   0.00E+00   0.000E+00   0.000E+00   0.000E+00   0.000E+00     Stable                         
  Fe 57    #> 2.28506E+20   2.160E-02   0.000E+00   0.000E+00   0.00E+00   0.000E+00   0.000E+00   0.000E+00   0.000E+00     Stable                         
  Fe 58    #> 3.04099E+19   2.925E-03   0.000E+00   0.000E+00   0.00E+00   0.000E+00   0.000E+00   0.000E+00   0.000E+00     Stable                         
  Fe 59       1.51930E+05   1.487E-17   2.739E-02   5.195E-19   0.00E+00   5.218E-18   3.995E-15   4.931E-11   1.096E-10   3.844E+06                        
0  TOTAL NUMBER OF NUCLIDES PRINTED IN INVENTORY =   26
0  TOTAL CURIES   TOTAL ALPHA   TOTAL BETA    TOTAL GAMMA
                  CURIE-MeV     CURIE-MeV     CURIE-MeV
   8.89862E-06   0.00000E+00   8.09191E-06   1.16291E-05
0  ALPHA BECQUERELS = 0.000000E+00  BETA BECQUERELS = 3.292489E+05  GAMMA BECQUERELS = 0.000000E+00
0  TOTAL ACTIVITY FOR ALL MATERIALS     3.29249E+05 Bq
                                        7.00766E-05 Ci/cc           DENSITY   7.88E+00 gm/cc
   TOTAL ACTIVITY EXCLUDING TRITIUM     3.29249E+05 Bq
                                        7.00766E-05 Ci/cc
0  TOTAL ALPHA HEAT PRODUCTION          0.00000E+00 kW
   TOTAL BETA  HEAT PRODUCTION          4.79693E-11 kW
   TOTAL GAMMA HEAT PRODUCTION          6.89376E-11 kW              TOTAL HEAT PRODUCTION 1.16907E-10 kW
0  INITIAL TOTAL MASS OF MATERIAL       1.00000E-03 kg              TOTAL HEAT EX TRITIUM 1.16907E-10 kW
0  TOTAL MASS OF MATERIAL               1.00000E-03 kg
   NEUTRON  FLUX DURING INTERVAL        0.00000E+00 n/cm^2/s
0  NUMBER OF FISSIONS                   0.00000E+00                 BURN-UP OF ACTINIDES  0.00000E+00 %
0  INGESTION  HAZARD FOR ALL MATERIALS  5.79471E-05 Sv/kg
   INHALATION HAZARD FOR ALL MATERIALS  2.79912E-05 Sv/kg
0  INGESTION  HAZARD EXCLUDING TRITIUM  5.79471E-05 Sv/kg
   INHALATION HAZARD EXCLUDING TRITIUM  2.79912E-05 Sv/kg
0  APPM OF He  4    =  1.2278E-07
   APPM OF He  3    =  3.3477E-13
   APPM OF H   3    =  2.6776E-11
   APPM OF H   2    =  1.8671E-08
   APPM OF H   1    =  6.5157E-07



                                               COMPOSITION  OF  MATERIAL  BY  ELEMENT
                                               --------------------------------------
0                                                             BETA                     GAMMA                     ALPHA
                      ATOMS      GRAM-ATOMS     GRAMS      CURIES-MeV      kW        CURIES-MeV      kW        CURIES-MeV      kW

    1       H       7.2279E+09   1.2002E-14   1.2434E-14   7.9341E-17   4.7034E-22   0.0000E+00   0.0000E+00   0.0000E+00   0.0000E+00
    2       He      1.3240E+09   2.1986E-15   8.8001E-15   0.0000E+00   0.0000E+00   0.0000E+00   0.0000E+00   0.0000E+00   0.0000E+00
   23       V       2.2502E+04   3.7366E-20   1.8840E-18   7.8601E-34   4.6595E-39   7.1361E-32   4.2303E-37   0.0000E+00   0.0000E+00
   24       Cr      1.3351E+09   2.2170E-15   1.1678E-13   9.2964E-08   5.5109E-13   4.0361E-10   2.3926E-15   0.0000E+00   0.0000E+00
   25       Mn      7.1261E+09   1.1833E-14   6.4985E-13   7.3814E-06   4.3757E-11   1.0968E-05   6.5019E-11   0.0000E+00   0.0000E+00
   26       Fe      1.0784E+22   1.7907E-02   1.0000E+00   6.1759E-07   3.6611E-12   6.6069E-07   3.9166E-12   0.0000E+00   0.0000E+00



                                               GAMMA SPECTRUM AND ENERGIES/SECOND
                                               ----------------------------------

     NEUTRONS PER SECOND ARISING FROM SPONTANEOUS FISSION                    0.00000E+00    Entered density (g/cc)       7.88
     POWER FROM ALPHA PARTICLES (MeV per Second)                             0.00000E+00
     POWER FROM BETA  PARTICLES (MeV per Second)                             2.99401E+05
     TOTAL GAMMA POWER FROM ACTIVATION  (MeV per Second)                     4.30275E+05    Total gammas (per cc per second)      3.30794E+06
     GAMMA RAY POWER FROM ACTIVATION DECAY  MeV/s    (  0.000-  0.010 MeV)   1.29734E+02    Gammas per group (per cc per second)  2.04330E+05
                                                     (  0.010-  0.020 MeV)   1.11152E+02                                          5.83549E+04
                                                     (  0.020-  0.050 MeV)   0.00000E+00                                          0.00000E+00
                                                     (  0.050-  0.100 MeV)   0.00000E+00                                          0.00000E+00
                                                     (  0.100-  0.200 MeV)   1.43229E+03                                          7.51953E+04
                                                     (  0.200-  0.300 MeV)   3.69934E+01                                          1.16529E+03
                                                     (  0.300-  0.400 MeV)   3.96395E+03                                          8.91889E+04
                                                     (  0.400-  0.600 MeV)   2.10164E+04                                          3.31009E+05
                                                     (  0.600-  0.800 MeV)   2.90846E+03                                          3.27202E+04
                                                     (  0.800-  1.000 MeV)   1.94749E+05                                          1.70406E+06
                                                     (  1.000-  1.220 MeV)   1.56684E+02                                          1.11161E+03
                                                     (  1.220-  1.440 MeV)   2.41731E+03                                          1.43130E+04
                                                     (  1.440-  1.660 MeV)   1.05478E+03                                          5.35898E+03
                                                     (  1.660-  2.000 MeV)   1.15937E+05                                          4.98907E+05
                                                     (  2.000-  2.500 MeV)   7.23556E+04                                          2.53245E+05
                                                     (  2.500-  3.000 MeV)   1.25337E+04                                          3.58919E+04
                                                     (  3.000-  4.000 MeV)   1.37271E+03                                          3.08859E+03
                                                     (  4.000-  5.000 MeV)   3.09767E+00                                          5.42091E+00
                                                     (  5.000-  6.500 MeV)   0.00000E+00                                          0.00000E+00
                                                     (  6.500-  8.000 MeV)   0.00000E+00                                          0.00000E+00
                                                     (  8.000- 10.000 MeV)   0.00000E+00                                          0.00000E+00
                                                     ( 10.000- 12.000 MeV)   0.00000E+00                                          0.00000E+00
                                                     ( 12.000- 14.000 MeV)   0.00000E+00                                          0.00000E+00
                                                     ( 14.000- 20.000 MeV)   0.00000E+00                                          0.00000E+00

GAMMA SPECTRUM END


    DOSE RATE (1 g POINT SOURCE  1.0m) FROM GAMMAS WITH ENERGY 0-20MeV IS   5.22604E-08 Sieverts/hour   ( 5.22604E-06 Rems/hour)




                                                                           DOMINANT NUCLIDES
                                                                           -----------------

      NUCLIDE   ACTIVITY    PERCENT  NUCLIDE     HEAT      PERCENT  NUCLIDE  DOSE RATE    PERCENT  NUCLIDE  INGESTION    PERCENT  NUCLIDE  INHALATION   PERCENT 
                  (Bq)      ACTIVITY             (kW)       HEAT              (Sv/hr)    DOSE RATE            (Sv)      INGESTION            (Sv)     INHALATION
       Total   3.2925E+05             Total   1.1691E-10             Total   5.2260E-08             Total   5.7947E-05             Total   2.7991E-05
    1  Mn 56   2.3031E+05  69.95E+00  Mn 56   9.3407E-11  79.90E+00  Mn 56   4.6822E-08  89.59E+00  Mn 56   5.7577E-05  99.36E+00  Mn 56   2.7637E-05  98.73E+00
    2  Mn 57   7.3030E+04  22.18E+00  Mn 57   1.4086E-11  12.05E+00  Fe 53   3.2526E-09  62.24E-01  Fe 53   1.8991E-07  32.77E-02  Fe 53   1.8578E-07  66.37E-02
    3  Fe 53   2.0642E+04  62.69E-01  Fe 53   7.5776E-12  64.82E-01  Mn 57   1.6171E-09  30.94E-01  Mn 57   1.1685E-07  20.16E-02  Fe 55   9.0330E-08  32.27E-02
    4  Cr 55   3.1367E+03  95.27E-02  Mn 58   1.2799E-12  10.95E-01  Mn 58   5.6595E-10  10.83E-01  Fe 55   3.8713E-08  66.81E-03  Mn 57   4.8930E-08  17.48E-02
    5  Mn 58   1.9514E+03  59.27E-02  Cr 55   5.5320E-13  47.32E-02  Mn 54   1.6252E-12  31.10E-04  Mn 54   1.0469E-08  18.07E-03  Mn 54   2.2117E-08  79.01E-03
    6  Fe 55   1.1731E+02  35.63E-03  Mn 54   1.9845E-15  16.97E-04  Cr 51   2.8400E-13  54.34E-05  Mn 58   8.1960E-09  14.14E-03  Mn 58   3.3174E-09  11.85E-03
    7  Cr 51   4.9672E+01  15.09E-03  Cr 51   2.8949E-16  24.76E-05  Fe 55   2.7242E-13  52.13E-05  Cr 55   4.3914E-09  75.78E-04  Cr 55   1.9448E-09  69.48E-04
    8  Mn 54   1.4745E+01  44.78E-04  Fe 55   1.0647E-16  91.07E-06  Cr 55   2.4184E-13  46.28E-05  Cr 51   1.8875E-09  32.57E-04  Cr 51   1.8379E-09  65.66E-04
    9  Fe 59   2.7393E-02  83.20E-07  Fe 59   5.7380E-18  49.08E-07  Fe 59   3.9955E-15  76.45E-07  Fe 59   4.9308E-11  85.09E-06  Fe 59   1.0957E-10  39.15E-05
   10  H   3   5.1435E-04  15.62E-08  H   3   4.7034E-22  40.23E-11  Mn 53   1.5360E-20  29.39E-12  H   3   2.1603E-14  37.28E-09  H   3   1.3373E-13  47.78E-08
   11  Mn 53   8.0267E-06  24.38E-10  Mn 53   6.9751E-24  59.66E-13  V  50   3.1176E-34  59.65E-26  Mn 53   2.4080E-16  41.56E-11  Mn 53   4.3344E-16  15.49E-10
   12  Cr 50   2.9825E-19  90.58E-24  Cr 50   5.5774E-35  47.71E-24          0.0000E+00  00.00E+00  Cr 50   3.8772E-28  66.91E-23  Cr 50   3.8772E-28  13.85E-22
   13  V  50   1.8548E-21  56.34E-26  V  50   4.2769E-37  36.58E-26          0.0000E+00  00.00E+00  V  50   1.1871E-29  20.49E-24  V  50   2.0403E-29  72.89E-24

      NUCLIDE  GAMMA HEAT   PERCENT  NUCLIDE   BETA HEAT   PERCENT 
                  (kW)       GAMMA               (kW)       BETA
       Total   6.8938E-11             Total   4.7969E-11
    1  Mn 56   6.3106E-11  91.54E+00  Mn 56   3.0301E-11  63.17E+00
    2  Fe 53   3.9166E-12  56.81E-01  Mn 57   1.2921E-11  26.94E+00
    3  Mn 57   1.1657E-12  16.91E-01  Fe 53   3.6610E-12  76.32E-01
    4  Mn 58   7.4480E-13  10.80E-01  Cr 55   5.5106E-13  11.49E-01
    5  Cr 55   2.1323E-15  30.93E-04  Mn 58   5.3508E-13  11.15E-01
    6  Mn 54   1.9750E-15  28.65E-04  Fe 55   7.5250E-17  15.69E-05
    7  Cr 51   2.6032E-16  37.76E-05  Cr 51   2.9165E-17  60.80E-06
    8  Fe 55   3.1221E-17  45.29E-06  Mn 54   9.5134E-18  19.83E-06
    9  Fe 59   5.2185E-18  75.70E-07  Fe 59   5.1950E-19  10.83E-07
   10  Mn 53   1.8289E-24  26.53E-13  H   3   4.7034E-22  98.05E-11
   11  V  50   4.2303E-37  61.36E-26  Mn 53   5.1462E-24  10.73E-12
   12          0.0000E+00  00.00E+00  Cr 50   5.5774E-35  11.63E-23
   13          0.0000E+00  00.00E+00  V  50   4.6595E-39  97.14E-28
1 * * * TIME INTERVAL   6 * * * COOLING TIME IS   1.6000E+01 SECS * * * ELAPSED TIME IS   6.350 m   * * * FLUX AMP IS  0.0000E+00 /cm^2/s  * * * * * * * * * * * * * *
  NUCLIDE        ATOMS         GRAMS        Bq       b-Energy    a-Energy   g-Energy    DOSE RATE   INGESTION  INHALATION   HALF LIFE                        
                                                        kW          kW         kW         Sv/hr      DOSE(Sv)    DOSE(Sv)    seconds                         

  H   1    #  7.02629E+09   1.176E-14   0.000E+00   0.000E+00   0.00E+00   0.000E+00   0.000E+00   0.000E+00   0.000E+00     Stable                         
  H   2    #  2.01346E+08   6.734E-16   0.000E+00   0.000E+00   0.00E+00   0.000E+00   0.000E+00   0.000E+00   0.000E+00     Stable                         
  H   3       2.88738E+05   1.446E-18   5.144E-04   4.703E-22   0.00E+00   0.000E+00   0.000E+00   2.160E-14   1.337E-13   3.891E+08                        
  He  3    #  3.61005E+03   1.808E-20   0.000E+00   0.000E+00   0.00E+00   0.000E+00   0.000E+00   0.000E+00   0.000E+00     Stable                         
  He  4    #  1.32403E+09   8.800E-15   0.000E+00   0.000E+00   0.00E+00   0.000E+00   0.000E+00   0.000E+00   0.000E+00     Stable                         
  V  50       1.18223E+04   9.805E-19   1.855E-21   4.660E-39   0.00E+00   4.230E-37   3.118E-34   1.187E-29   2.040E-29   4.418E+24                        
  V  51    #  1.14745E+04   9.707E-19   0.000E+00   0.000E+00   0.00E+00   0.000E+00   0.000E+00   0.000E+00   0.000E+00     Stable                         
  Cr 50       2.44413E+06   2.027E-16   2.982E-19   5.577E-35   0.00E+00   0.000E+00   0.000E+00   3.877E-28   3.877E-28   5.680E+24                        
  Cr 51       1.71524E+08   1.451E-14   4.967E+01   2.916E-17   0.00E+00   2.603E-16   2.840E-13   1.888E-09   1.838E-09   2.394E+06                        
  Cr 52    #  2.86672E+07   2.473E-15   0.000E+00   0.000E+00   0.00E+00   0.000E+00   0.000E+00   0.000E+00   0.000E+00     Stable                         
  Cr 53    #  1.10736E+09   9.735E-14   0.000E+00   0.000E+00   0.00E+00   0.000E+00   0.000E+00   0.000E+00   0.000E+00     Stable                         
  Cr 54    #  2.41539E+07   2.163E-15   0.000E+00   0.000E+00   0.00E+00   0.000E+00   0.000E+00   0.000E+00   0.000E+00     Stable                         
  Cr 55       9.12289E+05   8.323E-17   2.977E+03   5.230E-13   0.00E+00   2.024E-15   2.295E-13   4.168E-09   1.846E-09   2.124E+02                        
  Mn 53       1.34515E+09   1.183E-13   8.029E-06   5.147E-24   0.00E+00   1.829E-24   1.536E-20   2.409E-16   4.335E-16   1.161E+14                        
  Mn 54       5.73670E+08   5.138E-14   1.474E+01   9.513E-18   0.00E+00   1.975E-15   1.625E-12   1.047E-08   2.212E-08   2.697E+07                        
  Mn 55    #  2.10958E+09   1.925E-13   0.000E+00   0.000E+00   0.00E+00   0.000E+00   0.000E+00   0.000E+00   0.000E+00     Stable                         
  Mn 56       3.08524E+09   2.866E-13   2.300E+05   3.027E-11   0.00E+00   6.303E-11   4.677E-08   5.751E-05   2.760E-05   9.297E+03                        
  Mn 57       7.90198E+06   7.471E-16   6.414E+04   1.135E-11   0.00E+00   1.024E-12   1.420E-09   1.026E-07   4.297E-08   8.540E+01                        
  Mn 58       1.54847E+05   1.490E-17   1.646E+03   4.514E-13   0.00E+00   6.283E-13   4.774E-10   6.914E-09   2.799E-09   6.520E+01                        
  Fe 53       1.48791E+07   1.308E-15   2.020E+04   3.582E-12   0.00E+00   3.832E-12   3.183E-09   1.858E-07   1.818E-07   5.106E+02                        
  Fe 54    #> 6.30304E+20   5.646E-02   0.000E+00   0.000E+00   0.00E+00   0.000E+00   0.000E+00   0.000E+00   0.000E+00     Stable                         
  Fe 55       1.46072E+10   1.333E-12   1.173E+02   7.525E-17   0.00E+00   3.122E-17   2.724E-13   3.871E-08   9.033E-08   8.631E+07                        
  Fe 56    #> 9.89443E+21   9.190E-01   0.000E+00   0.000E+00   0.00E+00   0.000E+00   0.000E+00   0.000E+00   0.000E+00     Stable                         
  Fe 57    #> 2.28506E+20   2.160E-02   0.000E+00   0.000E+00   0.00E+00   0.000E+00   0.000E+00   0.000E+00   0.000E+00     Stable                         
  Fe 58    #> 3.04099E+19   2.925E-03   0.000E+00   0.000E+00   0.00E+00   0.000E+00   0.000E+00   0.000E+00   0.000E+00     Stable                         
  Fe 59       1.51929E+05   1.487E-17   2.739E-02   5.195E-19   0.00E+00   5.218E-18   3.995E-15   4.931E-11   1.096E-10   3.844E+06                        
0  TOTAL NUMBER OF NUCLIDES PRINTED IN INVENTORY =   26
0  TOTAL CURIES   TOTAL ALPHA   TOTAL BETA    TOTAL GAMMA
                  CURIE-MeV     CURIE-MeV     CURIE-MeV
   8.62627E-06   0.00000E+00   7.78826E-06   1.15585E-05
0  ALPHA BECQUERELS = 0.000000E+00  BETA BECQUERELS = 3.191720E+05  GAMMA BECQUERELS = 0.000000E+00
0  TOTAL ACTIVITY FOR ALL MATERIALS     3.19172E+05 Bq
                                        6.79319E-05 Ci/cc           DENSITY   7.88E+00 gm/cc
   TOTAL ACTIVITY EXCLUDING TRITIUM     3.19172E+05 Bq
                                        6.79319E-05 Ci/cc
0  TOTAL ALPHA HEAT PRODUCTION          0.00000E+00 kW
   TOTAL BETA  HEAT PRODUCTION          4.61692E-11 kW
   TOTAL GAMMA HEAT PRODUCTION          6.85197E-11 kW              TOTAL HEAT PRODUCTION 1.14689E-10 kW
0  INITIAL TOTAL MASS OF MATERIAL       1.00000E-03 kg              TOTAL HEAT EX TRITIUM 1.14689E-10 kW
0  TOTAL MASS OF MATERIAL               1.00000E-03 kg
   NEUTRON  FLUX DURING INTERVAL        0.00000E+00 n/cm^2/s
0  NUMBER OF FISSIONS                   0.00000E+00                 BURN-UP OF ACTINIDES  0.00000E+00 %
0  INGESTION  HAZARD FOR ALL MATERIALS  5.78587E-05 Sv/kg
   INHALATION HAZARD FOR ALL MATERIALS  2.79476E-05 Sv/kg
0  INGESTION  HAZARD EXCLUDING TRITIUM  5.78587E-05 Sv/kg
   INHALATION HAZARD EXCLUDING TRITIUM  2.79476E-05 Sv/kg
0  APPM OF He  4    =  1.2278E-07
   APPM OF He  3    =  3.3477E-13
   APPM OF H   3    =  2.6776E-11
   APPM OF H   2    =  1.8671E-08
   APPM OF H   1    =  6.5157E-07



                                               COMPOSITION  OF  MATERIAL  BY  ELEMENT
                                               --------------------------------------
0                                                             BETA                     GAMMA                     ALPHA
                      ATOMS      GRAM-ATOMS     GRAMS      CURIES-MeV      kW        CURIES-MeV      kW        CURIES-MeV      kW

    1       H       7.2279E+09   1.2002E-14   1.2434E-14   7.9341E-17   4.7034E-22   0.0000E+00   0.0000E+00   0.0000E+00   0.0000E+00
    2       He      1.3240E+09   2.1986E-15   8.8001E-15   0.0000E+00   0.0000E+00   0.0000E+00   0.0000E+00   0.0000E+00   0.0000E+00
   23       V       2.3297E+04   3.8685E-20   1.9512E-18   7.8601E-34   4.6595E-39   7.1361E-32   4.2303E-37   0.0000E+00   0.0000E+00
   24       Cr      1.3351E+09   2.2169E-15   1.1678E-13   8.8234E-08   5.2306E-13   3.8531E-10   2.2841E-15   0.0000E+00   0.0000E+00
   25       Mn      7.1217E+09   1.1826E-14   6.4943E-13   7.0957E-06   4.2064E-11   1.0912E-05   6.4685E-11   0.0000E+00   0.0000E+00
   26       Fe      1.0784E+22   1.7907E-02   1.0000E+00   6.0432E-07   3.5825E-12   6.4650E-07   3.8325E-12   0.0000E+00   0.0000E+00



                                               GAMMA SPECTRUM AND ENERGIES/SECOND
                                               ----------------------------------

     NEUTRONS PER SECOND ARISING FROM SPONTANEOUS FISSION                    0.00000E+00    Entered density (g/cc)       7.88
     POWER FROM ALPHA PARTICLES (MeV per Second)                             0.00000E+00
     POWER FROM BETA  PARTICLES (MeV per Second)                             2.88166E+05
     TOTAL GAMMA POWER FROM ACTIVATION  (MeV per Second)                     4.27666E+05    Total gammas (per cc per second)      3.24270E+06
     GAMMA RAY POWER FROM ACTIVATION DECAY  MeV/s    (  0.000-  0.010 MeV)   1.14081E+02    Gammas per group (per cc per second)  1.79678E+05
                                                     (  0.010-  0.020 MeV)   9.76155E+01                                          5.12481E+04
                                                     (  0.020-  0.050 MeV)   0.00000E+00                                          0.00000E+00
                                                     (  0.050-  0.100 MeV)   0.00000E+00                                          0.00000E+00
                                                     (  0.100-  0.200 MeV)   1.25786E+03                                          6.60377E+04
                                                     (  0.200-  0.300 MeV)   3.24882E+01                                          1.02338E+03
                                                     (  0.300-  0.400 MeV)   3.81000E+03                                          8.57250E+04
                                                     (  0.400-  0.600 MeV)   2.05108E+04                                          3.23045E+05
                                                     (  0.600-  0.800 MeV)   2.55402E+03                                          2.87327E+04
                                                     (  0.800-  1.000 MeV)   1.94218E+05                                          1.69940E+06
                                                     (  1.000-  1.220 MeV)   1.48895E+02                                          1.05635E+03
                                                     (  1.220-  1.440 MeV)   2.10412E+03                                          1.24586E+04
                                                     (  1.440-  1.660 MeV)   9.42582E+02                                          4.78892E+03
                                                     (  1.660-  2.000 MeV)   1.15676E+05                                          4.97785E+05
                                                     (  2.000-  2.500 MeV)   7.22429E+04                                          2.52850E+05
                                                     (  2.500-  3.000 MeV)   1.24966E+04                                          3.57857E+04
                                                     (  3.000-  4.000 MeV)   1.36621E+03                                          3.07397E+03
                                                     (  4.000-  5.000 MeV)   2.61314E+00                                          4.57299E+00
                                                     (  5.000-  6.500 MeV)   0.00000E+00                                          0.00000E+00
                                                     (  6.500-  8.000 MeV)   0.00000E+00                                          0.00000E+00
                                                     (  8.000- 10.000 MeV)   0.00000E+00                                          0.00000E+00
                                                     ( 10.000- 12.000 MeV)   0.00000E+00                                          0.00000E+00
                                                     ( 12.000- 14.000 MeV)   0.00000E+00                                          0.00000E+00
                                                     ( 14.000- 20.000 MeV)   0.00000E+00                                          0.00000E+00

GAMMA SPECTRUM END


    DOSE RATE (1 g POINT SOURCE  1.0m) FROM GAMMAS WITH ENERGY 0-20MeV IS   5.18492E-08 Sieverts/hour   ( 5.18492E-06 Rems/hour)




                                                                           DOMINANT NUCLIDES
                                                                           -----------------

      NUCLIDE   ACTIVITY    PERCENT  NUCLIDE     HEAT      PERCENT  NUCLIDE  DOSE RATE    PERCENT  NUCLIDE  INGESTION    PERCENT  NUCLIDE  INHALATION   PERCENT 
                  (Bq)      ACTIVITY             (kW)       HEAT              (Sv/hr)    DOSE RATE            (Sv)      INGESTION            (Sv)     INHALATION
       Total   3.1917E+05             Total   1.1469E-10             Total   5.1849E-08             Total   5.7859E-05             Total   2.7948E-05
    1  Mn 56   2.3003E+05  72.07E+00  Mn 56   9.3296E-11  81.35E+00  Mn 56   4.6767E-08  90.20E+00  Mn 56   5.7508E-05  99.39E+00  Mn 56   2.7604E-05  98.77E+00
    2  Mn 57   6.4136E+04  20.09E+00  Mn 57   1.2371E-11  10.79E+00  Fe 53   3.1827E-09  61.38E-01  Fe 53   1.8583E-07  32.12E-02  Fe 53   1.8179E-07  65.05E-02
    3  Fe 53   2.0199E+04  63.28E-01  Fe 53   7.4148E-12  64.65E-01  Mn 57   1.4201E-09  27.39E-01  Mn 57   1.0262E-07  17.74E-02  Fe 55   9.0330E-08  32.32E-02
    4  Cr 55   2.9772E+03  93.28E-02  Mn 58   1.0797E-12  94.14E-02  Mn 58   4.7743E-10  92.08E-02  Fe 55   3.8713E-08  66.91E-03  Mn 57   4.2971E-08  15.38E-02
    5  Mn 58   1.6462E+03  51.58E-02  Cr 55   5.2505E-13  45.78E-02  Mn 54   1.6252E-12  31.34E-04  Mn 54   1.0469E-08  18.09E-03  Mn 54   2.2117E-08  79.14E-03
    6  Fe 55   1.1731E+02  36.75E-03  Mn 54   1.9845E-15  17.30E-04  Cr 51   2.8400E-13  54.77E-05  Mn 58   6.9140E-09  11.95E-03  Mn 58   2.7985E-09  10.01E-03
    7  Cr 51   4.9672E+01  15.56E-03  Cr 51   2.8949E-16  25.24E-05  Fe 55   2.7242E-13  52.54E-05  Cr 55   4.1680E-09  72.04E-04  Cr 55   1.8458E-09  66.05E-04
    8  Mn 54   1.4745E+01  46.20E-04  Fe 55   1.0647E-16  92.83E-06  Cr 55   2.2954E-13  44.27E-05  Cr 51   1.8875E-09  32.62E-04  Cr 51   1.8379E-09  65.76E-04
    9  Fe 59   2.7393E-02  85.83E-07  Fe 59   5.7379E-18  50.03E-07  Fe 59   3.9955E-15  77.06E-07  Fe 59   4.9308E-11  85.22E-06  Fe 59   1.0957E-10  39.21E-05
   10  H   3   5.1435E-04  16.12E-08  H   3   4.7034E-22  41.01E-11  Mn 53   1.5364E-20  29.63E-12  H   3   2.1603E-14  37.34E-09  H   3   1.3373E-13  47.85E-08
   11  Mn 53   8.0287E-06  25.15E-10  Mn 53   6.9768E-24  60.83E-13  V  50   3.1176E-34  60.13E-26  Mn 53   2.4086E-16  41.63E-11  Mn 53   4.3355E-16  15.51E-10
   12  Cr 50   2.9825E-19  93.44E-24  Cr 50   5.5774E-35  48.63E-24          0.0000E+00  00.00E+00  Cr 50   3.8772E-28  67.01E-23  Cr 50   3.8772E-28  13.87E-22
   13  V  50   1.8548E-21  58.11E-26  V  50   4.2769E-37  37.29E-26          0.0000E+00  00.00E+00  V  50   1.1871E-29  20.52E-24  V  50   2.0403E-29  73.01E-24

      NUCLIDE  GAMMA HEAT   PERCENT  NUCLIDE   BETA HEAT   PERCENT 
                  (kW)       GAMMA               (kW)       BETA
       Total   6.8520E-11             Total   4.6169E-11
    1  Mn 56   6.3031E-11  91.99E+00  Mn 56   3.0265E-11  65.55E+00
    2  Fe 53   3.8324E-12  55.93E-01  Mn 57   1.1347E-11  24.58E+00
    3  Mn 57   1.0238E-12  14.94E-01  Fe 53   3.5824E-12  77.59E-01
    4  Mn 58   6.2830E-13  91.70E-02  Cr 55   5.2303E-13  11.33E-01
    5  Cr 55   2.0238E-15  29.54E-04  Mn 58   4.5139E-13  97.77E-02
    6  Mn 54   1.9750E-15  28.82E-04  Fe 55   7.5250E-17  16.30E-05
    7  Cr 51   2.6032E-16  37.99E-05  Cr 51   2.9164E-17  63.17E-06
    8  Fe 55   3.1221E-17  45.57E-06  Mn 54   9.5134E-18  20.61E-06
    9  Fe 59   5.2184E-18  76.16E-07  Fe 59   5.1950E-19  11.25E-07
   10  Mn 53   1.8294E-24  26.70E-13  H   3   4.7034E-22  10.19E-10
   11  V  50   4.2303E-37  61.74E-26  Mn 53   5.1475E-24  11.15E-12
   12          0.0000E+00  00.00E+00  Cr 50   5.5774E-35  12.08E-23
   13          0.0000E+00  00.00E+00  V  50   4.6595E-39  10.09E-27
1 * * * TIME INTERVAL   7 * * * COOLING TIME IS   1.5000E+01 SECS * * * ELAPSED TIME IS   6.600 m   * * * FLUX AMP IS  0.0000E+00 /cm^2/s  * * * * * * * * * * * * * *
  NUCLIDE        ATOMS         GRAMS        Bq       b-Energy    a-Energy   g-Energy    DOSE RATE   INGESTION  INHALATION   HALF LIFE                        
                                                        kW          kW         kW         Sv/hr      DOSE(Sv)    DOSE(Sv)    seconds                         

  H   1    #  7.02629E+09   1.176E-14   0.000E+00   0.000E+00   0.00E+00   0.000E+00   0.000E+00   0.000E+00   0.000E+00     Stable                         
  H   2    #  2.01346E+08   6.734E-16   0.000E+00   0.000E+00   0.00E+00   0.000E+00   0.000E+00   0.000E+00   0.000E+00     Stable                         
  H   3       2.88738E+05   1.446E-18   5.144E-04   4.703E-22   0.00E+00   0.000E+00   0.000E+00   2.160E-14   1.337E-13   3.891E+08                        
  He  3    #  3.61005E+03   1.808E-20   0.000E+00   0.000E+00   0.00E+00   0.000E+00   0.000E+00   0.000E+00   0.000E+00     Stable                         
  He  4    #  1.32403E+09   8.800E-15   0.000E+00   0.000E+00   0.00E+00   0.000E+00   0.000E+00   0.000E+00   0.000E+00     Stable                         
  V  50       1.18223E+04   9.805E-19   1.855E-21   4.660E-39   0.00E+00   4.230E-37   3.118E-34   1.187E-29   2.040E-29   4.418E+24                        
  V  51    #  1.22196E+04   1.034E-18   0.000E+00   0.000E+00   0.00E+00   0.000E+00   0.000E+00   0.000E+00   0.000E+00     Stable                         
  Cr 50       2.44413E+06   2.027E-16   2.982E-19   5.577E-35   0.00E+00   0.000E+00   0.000E+00   3.877E-28   3.877E-28   5.680E+24                        
  Cr 51       1.71523E+08   1.451E-14   4.967E+01   2.916E-17   0.00E+00   2.603E-16   2.840E-13   1.888E-09   1.838E-09   2.394E+06                        
  Cr 52    #  2.86672E+07   2.473E-15   0.000E+00   0.000E+00   0.00E+00   0.000E+00   0.000E+00   0.000E+00   0.000E+00     Stable                         
  Cr 53    #  1.10736E+09   9.735E-14   0.000E+00   0.000E+00   0.00E+00   0.000E+00   0.000E+00   0.000E+00   0.000E+00     Stable                         
  Cr 54    #  2.41541E+07   2.163E-15   0.000E+00   0.000E+00   0.00E+00   0.000E+00   0.000E+00   0.000E+00   0.000E+00     Stable                         
  Cr 55       8.68707E+05   7.925E-17   2.835E+03   4.980E-13   0.00E+00   1.927E-15   2.186E-13   3.969E-09   1.758E-09   2.124E+02                        
  Mn 53       1.34545E+09   1.183E-13   8.030E-06   5.149E-24   0.00E+00   1.830E-24   1.537E-20   2.409E-16   4.336E-16   1.161E+14                        
  Mn 54       5.73670E+08   5.138E-14   1.474E+01   9.513E-18   0.00E+00   1.975E-15   1.625E-12   1.047E-08   2.212E-08   2.697E+07                        
  Mn 55    #  2.10962E+09   1.925E-13   0.000E+00   0.000E+00   0.00E+00   0.000E+00   0.000E+00   0.000E+00   0.000E+00     Stable                         
  Mn 56       3.08179E+09   2.863E-13   2.298E+05   3.023E-11   0.00E+00   6.296E-11   4.671E-08   5.744E-05   2.757E-05   9.297E+03                        
  Mn 57  ?    6.99619E+06   6.615E-16   5.678E+04   1.005E-11   0.00E+00   9.064E-13   1.257E-09   9.086E-08   3.805E-08   8.540E+01                        
  Mn 58       1.32022E+05   1.270E-17   1.404E+03   3.849E-13   0.00E+00   5.357E-13   4.071E-10   5.895E-09   2.386E-09   6.520E+01                        
  Fe 53       1.45792E+07   1.282E-15   1.979E+04   3.510E-12   0.00E+00   3.755E-12   3.119E-09   1.821E-07   1.781E-07   5.106E+02                        
  Fe 54    #> 6.30304E+20   5.646E-02   0.000E+00   0.000E+00   0.00E+00   0.000E+00   0.000E+00   0.000E+00   0.000E+00     Stable                         
  Fe 55       1.46072E+10   1.333E-12   1.173E+02   7.525E-17   0.00E+00   3.122E-17   2.724E-13   3.871E-08   9.033E-08   8.631E+07                        
  Fe 56    #> 9.89443E+21   9.190E-01   0.000E+00   0.000E+00   0.00E+00   0.000E+00   0.000E+00   0.000E+00   0.000E+00     Stable                         
  Fe 57    #> 2.28506E+20   2.160E-02   0.000E+00   0.000E+00   0.00E+00   0.000E+00   0.000E+00   0.000E+00   0.000E+00     Stable                         
  Fe 58    #> 3.04099E+19   2.925E-03   0.000E+00   0.000E+00   0.00E+00   0.000E+00   0.000E+00   0.000E+00   0.000E+00     Stable                         
  Fe 59       1.51929E+05   1.487E-17   2.739E-02   5.195E-19   0.00E+00   5.218E-18   3.995E-15   4.931E-11   1.096E-10   3.844E+06                        
0  TOTAL NUMBER OF NUCLIDES PRINTED IN INVENTORY =   26
0  TOTAL CURIES   TOTAL ALPHA   TOTAL BETA    TOTAL GAMMA
                  CURIE-MeV     CURIE-MeV     CURIE-MeV
   8.39922E-06   0.00000E+00   7.53552E-06   1.14982E-05
0  ALPHA BECQUERELS = 0.000000E+00  BETA BECQUERELS = 3.107711E+05  GAMMA BECQUERELS = 0.000000E+00
0  TOTAL ACTIVITY FOR ALL MATERIALS     3.10771E+05 Bq
                                        6.61439E-05 Ci/cc           DENSITY   7.88E+00 gm/cc
   TOTAL ACTIVITY EXCLUDING TRITIUM     3.10771E+05 Bq
                                        6.61439E-05 Ci/cc
0  TOTAL ALPHA HEAT PRODUCTION          0.00000E+00 kW
   TOTAL BETA  HEAT PRODUCTION          4.46709E-11 kW
   TOTAL GAMMA HEAT PRODUCTION          6.81619E-11 kW              TOTAL HEAT PRODUCTION 1.12833E-10 kW
0  INITIAL TOTAL MASS OF MATERIAL       1.00000E-03 kg              TOTAL HEAT EX TRITIUM 1.12833E-10 kW
0  TOTAL MASS OF MATERIAL               1.00000E-03 kg
   NEUTRON  FLUX DURING INTERVAL        0.00000E+00 n/cm^2/s
0  NUMBER OF FISSIONS                   0.00000E+00                 BURN-UP OF ACTINIDES  0.00000E+00 %
0  INGESTION  HAZARD FOR ALL MATERIALS  5.77777E-05 Sv/kg
   INHALATION HAZARD FOR ALL MATERIALS  2.79077E-05 Sv/kg
0  INGESTION  HAZARD EXCLUDING TRITIUM  5.77777E-05 Sv/kg
   INHALATION HAZARD EXCLUDING TRITIUM  2.79077E-05 Sv/kg
0  APPM OF He  4    =  1.2278E-07
   APPM OF He  3    =  3.3477E-13
   APPM OF H   3    =  2.6776E-11
   APPM OF H   2    =  1.8671E-08
   APPM OF H   1    =  6.5157E-07



                                               COMPOSITION  OF  MATERIAL  BY  ELEMENT
                                               --------------------------------------
0                                                             BETA                     GAMMA                     ALPHA
                      ATOMS      GRAM-ATOMS     GRAMS      CURIES-MeV      kW        CURIES-MeV      kW        CURIES-MeV      kW

    1       H       7.2279E+09   1.2002E-14   1.2434E-14   7.9341E-17   4.7034E-22   0.0000E+00   0.0000E+00   0.0000E+00   0.0000E+00
    2       He      1.3240E+09   2.1986E-15   8.8001E-15   0.0000E+00   0.0000E+00   0.0000E+00   0.0000E+00   0.0000E+00   0.0000E+00
   23       V       2.4042E+04   3.9923E-20   2.0142E-18   7.8601E-34   4.6595E-39   7.1361E-32   4.2303E-37   0.0000E+00   0.0000E+00
   24       Cr      1.3350E+09   2.2168E-15   1.1678E-13   8.4020E-08   4.9807E-13   3.6900E-10   2.1874E-15   0.0000E+00   0.0000E+00
   25       Mn      7.1177E+09   1.1819E-14   6.4906E-13   6.8594E-06   4.0663E-11   1.0864E-05   6.4404E-11   0.0000E+00   0.0000E+00
   26       Fe      1.0784E+22   1.7907E-02   1.0000E+00   5.9214E-07   3.5103E-12   6.3347E-07   3.7552E-12   0.0000E+00   0.0000E+00



                                               GAMMA SPECTRUM AND ENERGIES/SECOND
                                               ----------------------------------

     NEUTRONS PER SECOND ARISING FROM SPONTANEOUS FISSION                    0.00000E+00    Entered density (g/cc)       7.88
     POWER FROM ALPHA PARTICLES (MeV per Second)                             0.00000E+00
     POWER FROM BETA  PARTICLES (MeV per Second)                             2.78814E+05
     TOTAL GAMMA POWER FROM ACTIVATION  (MeV per Second)                     4.25433E+05    Total gammas (per cc per second)      3.18782E+06
     GAMMA RAY POWER FROM ACTIVATION DECAY  MeV/s    (  0.000-  0.010 MeV)   1.01141E+02    Gammas per group (per cc per second)  1.59298E+05
                                                     (  0.010-  0.020 MeV)   8.64261E+01                                          4.53737E+04
                                                     (  0.020-  0.050 MeV)   0.00000E+00                                          0.00000E+00
                                                     (  0.050-  0.100 MeV)   0.00000E+00                                          0.00000E+00
                                                     (  0.100-  0.200 MeV)   1.11368E+03                                          5.84680E+04
                                                     (  0.200-  0.300 MeV)   2.87642E+01                                          9.06071E+02
                                                     (  0.300-  0.400 MeV)   3.67631E+03                                          8.27170E+04
                                                     (  0.400-  0.600 MeV)   2.00537E+04                                          3.15845E+05
                                                     (  0.600-  0.800 MeV)   2.26107E+03                                          2.54370E+04
                                                     (  0.800-  1.000 MeV)   1.93761E+05                                          1.69541E+06
                                                     (  1.000-  1.220 MeV)   1.42560E+02                                          1.01141E+03
                                                     (  1.220-  1.440 MeV)   1.85383E+03                                          1.09766E+04
                                                     (  1.440-  1.660 MeV)   8.49611E+02                                          4.31657E+03
                                                     (  1.660-  2.000 MeV)   1.15448E+05                                          4.96805E+05
                                                     (  2.000-  2.500 MeV)   7.21406E+04                                          2.52492E+05
                                                     (  2.500-  3.000 MeV)   1.24647E+04                                          3.56942E+04
                                                     (  3.000-  4.000 MeV)   1.36076E+03                                          3.06170E+03
                                                     (  4.000-  5.000 MeV)   2.22796E+00                                          3.89893E+00
                                                     (  5.000-  6.500 MeV)   0.00000E+00                                          0.00000E+00
                                                     (  6.500-  8.000 MeV)   0.00000E+00                                          0.00000E+00
                                                     (  8.000- 10.000 MeV)   0.00000E+00                                          0.00000E+00
                                                     ( 10.000- 12.000 MeV)   0.00000E+00                                          0.00000E+00
                                                     ( 12.000- 14.000 MeV)   0.00000E+00                                          0.00000E+00
                                                     ( 14.000- 20.000 MeV)   0.00000E+00                                          0.00000E+00

GAMMA SPECTRUM END


    DOSE RATE (1 g POINT SOURCE  1.0m) FROM GAMMAS WITH ENERGY 0-20MeV IS   5.14996E-08 Sieverts/hour   ( 5.14996E-06 Rems/hour)




                                                                           DOMINANT NUCLIDES
                                                                           -----------------

      NUCLIDE   ACTIVITY    PERCENT  NUCLIDE     HEAT      PERCENT  NUCLIDE  DOSE RATE    PERCENT  NUCLIDE  INGESTION    PERCENT  NUCLIDE  INHALATION   PERCENT 
                  (Bq)      ACTIVITY             (kW)       HEAT              (Sv/hr)    DOSE RATE            (Sv)      INGESTION            (Sv)     INHALATION
       Total   3.1077E+05             Total   1.1283E-10             Total   5.1500E-08             Total   5.7778E-05             Total   2.7908E-05
    1  Mn 56   2.2977E+05  73.94E+00  Mn 56   9.3192E-11  82.59E+00  Mn 56   4.6714E-08  90.71E+00  Mn 56   5.7444E-05  99.42E+00  Mn 56   2.7573E-05  98.80E+00
    2  Mn 57   5.6784E+04  18.27E+00  Mn 57   1.0953E-11  97.07E-01  Fe 53   3.1186E-09  60.56E-01  Fe 53   1.8208E-07  31.51E-02  Fe 53   1.7812E-07  63.83E-02
    3  Fe 53   1.9792E+04  63.69E-01  Fe 53   7.2654E-12  64.39E-01  Mn 57   1.2574E-09  24.41E-01  Mn 57   9.0855E-08  15.72E-02  Fe 55   9.0330E-08  32.37E-02
    4  Cr 55   2.8349E+03  91.22E-02  Mn 58   9.2054E-13  81.58E-02  Mn 58   4.0706E-10  79.04E-02  Fe 55   3.8713E-08  67.00E-03  Mn 57   3.8046E-08  13.63E-02
    5  Mn 58   1.4035E+03  45.16E-02  Cr 55   4.9997E-13  44.31E-02  Mn 54   1.6252E-12  31.56E-04  Mn 54   1.0469E-08  18.12E-03  Mn 54   2.2117E-08  79.25E-03
    6  Fe 55   1.1731E+02  37.75E-03  Mn 54   1.9845E-15  17.59E-04  Cr 51   2.8399E-13  55.14E-05  Mn 58   5.8949E-09  10.20E-03  Mn 58   2.3860E-09  85.50E-04
    7  Cr 51   4.9672E+01  15.98E-03  Cr 51   2.8948E-16  25.66E-05  Fe 55   2.7242E-13  52.90E-05  Cr 55   3.9689E-09  68.69E-04  Cr 51   1.8378E-09  65.85E-04
    8  Mn 54   1.4745E+01  47.45E-04  Fe 55   1.0647E-16  94.36E-06  Cr 55   2.1858E-13  42.44E-05  Cr 51   1.8875E-09  32.67E-04  Cr 55   1.7577E-09  62.98E-04
    9  Fe 59   2.7393E-02  88.15E-07  Fe 59   5.7379E-18  50.85E-07  Fe 59   3.9955E-15  77.58E-07  Fe 59   4.9308E-11  85.34E-06  Fe 59   1.0957E-10  39.26E-05
   10  H   3   5.1435E-04  16.55E-08  H   3   4.7034E-22  41.68E-11  Mn 53   1.5367E-20  29.84E-12  H   3   2.1603E-14  37.39E-09  H   3   1.3373E-13  47.92E-08
   11  Mn 53   8.0305E-06  25.84E-10  Mn 53   6.9784E-24  61.85E-13  V  50   3.1176E-34  60.54E-26  Mn 53   2.4091E-16  41.70E-11  Mn 53   4.3365E-16  15.54E-10
   12  Cr 50   2.9825E-19  95.97E-24  Cr 50   5.5774E-35  49.43E-24          0.0000E+00  00.00E+00  Cr 50   3.8772E-28  67.11E-23  Cr 50   3.8772E-28  13.89E-22
   13  V  50   1.8548E-21  59.68E-26  V  50   4.2769E-37  37.90E-26          0.0000E+00  00.00E+00  V  50   1.1871E-29  20.55E-24  V  50   2.0403E-29  73.11E-24

      NUCLIDE  GAMMA HEAT   PERCENT  NUCLIDE   BETA HEAT   PERCENT 
                  (kW)       GAMMA               (kW)       BETA
       Total   6.8162E-11             Total   4.4671E-11
    1  Mn 56   6.2960E-11  92.37E+00  Mn 56   3.0231E-11  67.68E+00
    2  Fe 53   3.7552E-12  55.09E-01  Mn 57   1.0047E-11  22.49E+00
    3  Mn 57   9.0642E-13  13.30E-01  Fe 53   3.5102E-12  78.58E-01
    4  Mn 58   5.3569E-13  78.59E-02  Cr 55   4.9804E-13  11.15E-01
    5  Mn 54   1.9750E-15  28.97E-04  Mn 58   3.8485E-13  86.15E-02
    6  Cr 55   1.9271E-15  28.27E-04  Fe 55   7.5250E-17  16.85E-05
    7  Cr 51   2.6032E-16  38.19E-05  Cr 51   2.9164E-17  65.29E-06
    8  Fe 55   3.1221E-17  45.80E-06  Mn 54   9.5134E-18  21.30E-06
    9  Fe 59   5.2184E-18  76.56E-07  Fe 59   5.1950E-19  11.63E-07
   10  Mn 53   1.8298E-24  26.84E-13  H   3   4.7034E-22  10.53E-10
   11  V  50   4.2303E-37  62.06E-26  Mn 53   5.1486E-24  11.53E-12
   12          0.0000E+00  00.00E+00  Cr 50   5.5774E-35  12.49E-23
   13          0.0000E+00  00.00E+00  V  50   4.6595E-39  10.43E-27
1 * * * TIME INTERVAL   8 * * * COOLING TIME IS   2.6000E+01 SECS * * * ELAPSED TIME IS   7.033 m   * * * FLUX AMP IS  0.0000E+00 /cm^2/s  * * * * * * * * * * * * * *
  NUCLIDE        ATOMS         GRAMS        Bq       b-Energy    a-Energy   g-Energy    DOSE RATE   INGESTION  INHALATION   HALF LIFE                        
                                                        kW          kW         kW         Sv/hr      DOSE(Sv)    DOSE(Sv)    seconds                         

  H   1    #  7.02629E+09   1.176E-14   0.000E+00   0.000E+00   0.00E+00   0.000E+00   0.000E+00   0.000E+00   0.000E+00     Stable                         
  H   2    #  2.01346E+08   6.734E-16   0.000E+00   0.000E+00   0.00E+00   0.000E+00   0.000E+00   0.000E+00   0.000E+00     Stable                         
  H   3       2.88738E+05   1.446E-18   5.144E-04   4.703E-22   0.00E+00   0.000E+00   0.000E+00   2.160E-14   1.337E-13   3.891E+08                        
  He  3    #  3.61007E+03   1.808E-20   0.000E+00   0.000E+00   0.00E+00   0.000E+00   0.000E+00   0.000E+00   0.000E+00     Stable                         
  He  4    #  1.32403E+09   8.800E-15   0.000E+00   0.000E+00   0.00E+00   0.000E+00   0.000E+00   0.000E+00   0.000E+00     Stable                         
  V  50       1.18223E+04   9.805E-19   1.855E-21   4.660E-39   0.00E+00   4.230E-37   3.118E-34   1.187E-29   2.040E-29   4.418E+24                        
  V  51    #  1.35110E+04   1.143E-18   0.000E+00   0.000E+00   0.00E+00   0.000E+00   0.000E+00   0.000E+00   0.000E+00     Stable                         
  Cr 50       2.44413E+06   2.027E-16   2.982E-19   5.577E-35   0.00E+00   0.000E+00   0.000E+00   3.877E-28   3.877E-28   5.680E+24                        
  Cr 51       1.71522E+08   1.451E-14   4.967E+01   2.916E-17   0.00E+00   2.603E-16   2.840E-13   1.888E-09   1.838E-09   2.394E+06                        
  Cr 52    #  2.86672E+07   2.473E-15   0.000E+00   0.000E+00   0.00E+00   0.000E+00   0.000E+00   0.000E+00   0.000E+00     Stable                         
  Cr 53    #  1.10736E+09   9.735E-14   0.000E+00   0.000E+00   0.00E+00   0.000E+00   0.000E+00   0.000E+00   0.000E+00     Stable                         
  Cr 54    #  2.41545E+07   2.163E-15   0.000E+00   0.000E+00   0.00E+00   0.000E+00   0.000E+00   0.000E+00   0.000E+00     Stable                         
  Cr 55       7.98039E+05   7.281E-17   2.604E+03   4.575E-13   0.00E+00   1.770E-15   2.008E-13   3.646E-09   1.615E-09   2.124E+02                        
  Mn 53       1.34595E+09   1.183E-13   8.033E-06   5.151E-24   0.00E+00   1.830E-24   1.537E-20   2.410E-16   4.338E-16   1.161E+14                        
  Mn 54       5.73669E+08   5.138E-14   1.474E+01   9.513E-18   0.00E+00   1.975E-15   1.625E-12   1.047E-08   2.212E-08   2.697E+07                        
  Mn 55    #  2.10970E+09   1.925E-13   0.000E+00   0.000E+00   0.00E+00   0.000E+00   0.000E+00   0.000E+00   0.000E+00     Stable                         
  Mn 56       3.07582E+09   2.857E-13   2.293E+05   3.017E-11   0.00E+00   6.284E-11   4.662E-08   5.733E-05   2.752E-05   9.297E+03                        
  Mn 57       5.66518E+06   5.356E-16   4.598E+04   8.135E-12   0.00E+00   7.340E-13   1.018E-09   7.357E-08   3.081E-08   8.540E+01                        
  Mn 58       1.00140E+05   9.635E-18   1.065E+03   2.919E-13   0.00E+00   4.063E-13   3.088E-10   4.471E-09   1.810E-09   6.520E+01                        
  Fe 53       1.40736E+07   1.237E-15   1.911E+04   3.388E-12   0.00E+00   3.625E-12   3.010E-09   1.758E-07   1.719E-07   5.106E+02                        
  Fe 54    #> 6.30304E+20   5.646E-02   0.000E+00   0.000E+00   0.00E+00   0.000E+00   0.000E+00   0.000E+00   0.000E+00     Stable                         
  Fe 55       1.46072E+10   1.333E-12   1.173E+02   7.525E-17   0.00E+00   3.122E-17   2.724E-13   3.871E-08   9.033E-08   8.631E+07                        
  Fe 56    #> 9.89443E+21   9.190E-01   0.000E+00   0.000E+00   0.00E+00   0.000E+00   0.000E+00   0.000E+00   0.000E+00     Stable                         
  Fe 57    #> 2.28506E+20   2.160E-02   0.000E+00   0.000E+00   0.00E+00   0.000E+00   0.000E+00   0.000E+00   0.000E+00     Stable                         
  Fe 58    #> 3.04099E+19   2.925E-03   0.000E+00   0.000E+00   0.00E+00   0.000E+00   0.000E+00   0.000E+00   0.000E+00     Stable                         
  Fe 59       1.51928E+05   1.487E-17   2.739E-02   5.195E-19   0.00E+00   5.218E-18   3.995E-15   4.931E-11   1.096E-10   3.844E+06                        
0  TOTAL NUMBER OF NUCLIDES PRINTED IN INVENTORY =   26
0  TOTAL CURIES   TOTAL ALPHA   TOTAL BETA    TOTAL GAMMA
                  CURIE-MeV     CURIE-MeV     CURIE-MeV
   8.06127E-06   0.00000E+00   7.16017E-06   1.14047E-05
0  ALPHA BECQUERELS = 0.000000E+00  BETA BECQUERELS = 2.982671E+05  GAMMA BECQUERELS = 0.000000E+00
0  TOTAL ACTIVITY FOR ALL MATERIALS     2.98267E+05 Bq
                                        6.34825E-05 Ci/cc           DENSITY   7.88E+00 gm/cc
   TOTAL ACTIVITY EXCLUDING TRITIUM     2.98267E+05 Bq
                                        6.34825E-05 Ci/cc
0  TOTAL ALPHA HEAT PRODUCTION          0.00000E+00 kW
   TOTAL BETA  HEAT PRODUCTION          4.24459E-11 kW
   TOTAL GAMMA HEAT PRODUCTION          6.76078E-11 kW              TOTAL HEAT PRODUCTION 1.10054E-10 kW
0  INITIAL TOTAL MASS OF MATERIAL       1.00000E-03 kg              TOTAL HEAT EX TRITIUM 1.10054E-10 kW
0  TOTAL MASS OF MATERIAL               1.00000E-03 kg
   NEUTRON  FLUX DURING INTERVAL        0.00000E+00 n/cm^2/s
0  NUMBER OF FISSIONS                   0.00000E+00                 BURN-UP OF ACTINIDES  0.00000E+00 %
0  INGESTION  HAZARD FOR ALL MATERIALS  5.76411E-05 Sv/kg
   INHALATION HAZARD FOR ALL MATERIALS  2.78402E-05 Sv/kg
0  INGESTION  HAZARD EXCLUDING TRITIUM  5.76411E-05 Sv/kg
   INHALATION HAZARD EXCLUDING TRITIUM  2.78402E-05 Sv/kg
0  APPM OF He  4    =  1.2278E-07
   APPM OF He  3    =  3.3477E-13
   APPM OF H   3    =  2.6776E-11
   APPM OF H   2    =  1.8671E-08
   APPM OF H   1    =  6.5157E-07



                                               COMPOSITION  OF  MATERIAL  BY  ELEMENT
                                               --------------------------------------
0                                                             BETA                     GAMMA                     ALPHA
                      ATOMS      GRAM-ATOMS     GRAMS      CURIES-MeV      kW        CURIES-MeV      kW        CURIES-MeV      kW

    1       H       7.2279E+09   1.2002E-14   1.2434E-14   7.9341E-17   4.7034E-22   0.0000E+00   0.0000E+00   0.0000E+00   0.0000E+00
    2       He      1.3240E+09   2.1986E-15   8.8001E-15   0.0000E+00   0.0000E+00   0.0000E+00   0.0000E+00   0.0000E+00   0.0000E+00
   23       V       2.5333E+04   4.2067E-20   2.1235E-18   7.8601E-34   4.6595E-39   7.1361E-32   4.2303E-37   0.0000E+00   0.0000E+00
   24       Cr      1.3349E+09   2.2167E-15   1.1677E-13   7.7185E-08   4.5756E-13   3.4255E-10   2.0307E-15   0.0000E+00   0.0000E+00
   25       Mn      7.1109E+09   1.1808E-14   6.4842E-13   6.5114E-06   3.8600E-11   1.0793E-05   6.3981E-11   0.0000E+00   0.0000E+00
   26       Fe      1.0784E+22   1.7907E-02   1.0000E+00   5.7161E-07   3.3885E-12   6.1150E-07   3.6250E-12   0.0000E+00   0.0000E+00



                                               GAMMA SPECTRUM AND ENERGIES/SECOND
                                               ----------------------------------

     NEUTRONS PER SECOND ARISING FROM SPONTANEOUS FISSION                    0.00000E+00    Entered density (g/cc)       7.88
     POWER FROM ALPHA PARTICLES (MeV per Second)                             0.00000E+00
     POWER FROM BETA  PARTICLES (MeV per Second)                             2.64926E+05
     TOTAL GAMMA POWER FROM ACTIVATION  (MeV per Second)                     4.21975E+05    Total gammas (per cc per second)      3.10504E+06
     GAMMA RAY POWER FROM ACTIVATION DECAY  MeV/s    (  0.000-  0.010 MeV)   8.21224E+01    Gammas per group (per cc per second)  1.29343E+05
                                                     (  0.010-  0.020 MeV)   6.99837E+01                                          3.67414E+04
                                                     (  0.020-  0.050 MeV)   0.00000E+00                                          0.00000E+00
                                                     (  0.050-  0.100 MeV)   0.00000E+00                                          0.00000E+00
                                                     (  0.100-  0.200 MeV)   9.01802E+02                                          4.73446E+04
                                                     (  0.200-  0.300 MeV)   2.32918E+01                                          7.33693E+02
                                                     (  0.300-  0.400 MeV)   3.46588E+03                                          7.79823E+04
                                                     (  0.400-  0.600 MeV)   1.92964E+04                                          3.03918E+05
                                                     (  0.600-  0.800 MeV)   1.83065E+03                                          2.05948E+04
                                                     (  0.800-  1.000 MeV)   1.93049E+05                                          1.68918E+06
                                                     (  1.000-  1.220 MeV)   1.33435E+02                                          9.46668E+02
                                                     (  1.220-  1.440 MeV)   1.50171E+03                                          8.89169E+03
                                                     (  1.440-  1.660 MeV)   7.12468E+02                                          3.61980E+03
                                                     (  1.660-  2.000 MeV)   1.15086E+05                                          4.95246E+05
                                                     (  2.000-  2.500 MeV)   7.19699E+04                                          2.51895E+05
                                                     (  2.500-  3.000 MeV)   1.24146E+04                                          3.55509E+04
                                                     (  3.000-  4.000 MeV)   1.35250E+03                                          3.04313E+03
                                                     (  4.000-  5.000 MeV)   1.68992E+00                                          2.95736E+00
                                                     (  5.000-  6.500 MeV)   0.00000E+00                                          0.00000E+00
                                                     (  6.500-  8.000 MeV)   0.00000E+00                                          0.00000E+00
                                                     (  8.000- 10.000 MeV)   0.00000E+00                                          0.00000E+00
                                                     ( 10.000- 12.000 MeV)   0.00000E+00                                          0.00000E+00
                                                     ( 12.000- 14.000 MeV)   0.00000E+00                                          0.00000E+00
                                                     ( 14.000- 20.000 MeV)   0.00000E+00                                          0.00000E+00

GAMMA SPECTRUM END


    DOSE RATE (1 g POINT SOURCE  1.0m) FROM GAMMAS WITH ENERGY 0-20MeV IS   5.09635E-08 Sieverts/hour   ( 5.09635E-06 Rems/hour)




                                                                           DOMINANT NUCLIDES
                                                                           -----------------

      NUCLIDE   ACTIVITY    PERCENT  NUCLIDE     HEAT      PERCENT  NUCLIDE  DOSE RATE    PERCENT  NUCLIDE  INGESTION    PERCENT  NUCLIDE  INHALATION   PERCENT 
                  (Bq)      ACTIVITY             (kW)       HEAT              (Sv/hr)    DOSE RATE            (Sv)      INGESTION            (Sv)     INHALATION
       Total   2.9827E+05             Total   1.1005E-10             Total   5.0963E-08             Total   5.7641E-05             Total   2.7840E-05
    1  Mn 56   2.2933E+05  76.89E+00  Mn 56   9.3011E-11  84.51E+00  Mn 56   4.6624E-08  91.48E+00  Mn 56   5.7332E-05  99.46E+00  Mn 56   2.7520E-05  98.85E+00
    2  Mn 57   4.5981E+04  15.42E+00  Mn 57   8.8691E-12  80.59E-01  Fe 53   3.0104E-09  59.07E-01  Fe 53   1.7577E-07  30.49E-02  Fe 53   1.7195E-07  61.76E-02
    3  Fe 53   1.9105E+04  64.05E-01  Fe 53   7.0134E-12  63.73E-01  Mn 57   1.0181E-09  19.98E-01  Mn 57   7.3570E-08  12.76E-02  Fe 55   9.0330E-08  32.45E-02
    4  Cr 55   2.6043E+03  87.32E-02  Mn 58   6.9823E-13  63.44E-02  Mn 58   3.0875E-10  60.58E-02  Fe 55   3.8713E-08  67.16E-03  Mn 57   3.0807E-08  11.07E-02
    5  Mn 58   1.0646E+03  35.69E-02  Cr 55   4.5930E-13  41.73E-02  Mn 54   1.6252E-12  31.89E-04  Mn 54   1.0469E-08  18.16E-03  Mn 54   2.2117E-08  79.44E-03
    6  Fe 55   1.1731E+02  39.33E-03  Mn 54   1.9845E-15  18.03E-04  Cr 51   2.8399E-13  55.72E-05  Mn 58   4.4713E-09  77.57E-04  Cr 51   1.8378E-09  66.01E-04
    7  Cr 51   4.9671E+01  16.65E-03  Cr 51   2.8948E-16  26.30E-05  Fe 55   2.7242E-13  53.45E-05  Cr 55   3.6461E-09  63.25E-04  Mn 58   1.8098E-09  65.01E-04
    8  Mn 54   1.4745E+01  49.43E-04  Fe 55   1.0647E-16  96.74E-06  Cr 55   2.0079E-13  39.40E-05  Cr 51   1.8875E-09  32.75E-04  Cr 55   1.6147E-09  58.00E-04
    9  Fe 59   2.7393E-02  91.84E-07  Fe 59   5.7379E-18  52.14E-07  Fe 59   3.9954E-15  78.40E-07  Fe 59   4.9307E-11  85.54E-06  Fe 59   1.0957E-10  39.36E-05
   10  H   3   5.1435E-04  17.24E-08  H   3   4.7034E-22  42.74E-11  Mn 53   1.5373E-20  30.16E-12  H   3   2.1603E-14  37.48E-09  H   3   1.3373E-13  48.04E-08
   11  Mn 53   8.0335E-06  26.93E-10  Mn 53   6.9810E-24  63.43E-13  V  50   3.1176E-34  61.17E-26  Mn 53   2.4100E-16  41.81E-11  Mn 53   4.3381E-16  15.58E-10
   12  Cr 50   2.9825E-19  99.99E-24  Cr 50   5.5774E-35  50.68E-24          0.0000E+00  00.00E+00  Cr 50   3.8772E-28  67.26E-23  Cr 50   3.8772E-28  13.93E-22
   13  V  50   1.8548E-21  62.19E-26  V  50   4.2769E-37  38.86E-26          0.0000E+00  00.00E+00  V  50   1.1871E-29  20.59E-24  V  50   2.0403E-29  73.29E-24

      NUCLIDE  GAMMA HEAT   PERCENT  NUCLIDE   BETA HEAT   PERCENT 
                  (kW)       GAMMA               (kW)       BETA
       Total   6.7608E-11             Total   4.2446E-11
    1  Mn 56   6.2838E-11  92.95E+00  Mn 56   3.0173E-11  71.09E+00
    2  Fe 53   3.6250E-12  53.62E-01  Mn 57   8.1352E-12  19.17E+00
    3  Mn 57   7.3397E-13  10.86E-01  Fe 53   3.3884E-12  79.83E-01
    4  Mn 58   4.0632E-13  60.10E-02  Cr 55   4.5753E-13  10.78E-01
    5  Mn 54   1.9749E-15  29.21E-04  Mn 58   2.9191E-13  68.77E-02
    6  Cr 55   1.7704E-15  26.19E-04  Fe 55   7.5250E-17  17.73E-05
    7  Cr 51   2.6032E-16  38.50E-05  Cr 51   2.9164E-17  68.71E-06
    8  Fe 55   3.1221E-17  46.18E-06  Mn 54   9.5134E-18  22.41E-06
    9  Fe 59   5.2184E-18  77.19E-07  Fe 59   5.1950E-19  12.24E-07
   10  Mn 53   1.8305E-24  27.07E-13  H   3   4.7034E-22  11.08E-10
   11  V  50   4.2303E-37  62.57E-26  Mn 53   5.1505E-24  12.13E-12
   12          0.0000E+00  00.00E+00  Cr 50   5.5774E-35  13.14E-23
   13          0.0000E+00  00.00E+00  V  50   4.6595E-39  10.98E-27
1 * * * TIME INTERVAL   9 * * * COOLING TIME IS   3.6000E+01 SECS * * * ELAPSED TIME IS   7.633 m   * * * FLUX AMP IS  0.0000E+00 /cm^2/s  * * * * * * * * * * * * * *
  NUCLIDE        ATOMS         GRAMS        Bq       b-Energy    a-Energy   g-Energy    DOSE RATE   INGESTION  INHALATION   HALF LIFE                        
                                                        kW          kW         kW         Sv/hr      DOSE(Sv)    DOSE(Sv)    seconds                         

  H   1    #  7.02629E+09   1.176E-14   0.000E+00   0.000E+00   0.00E+00   0.000E+00   0.000E+00   0.000E+00   0.000E+00     Stable                         
  H   2    #  2.01346E+08   6.734E-16   0.000E+00   0.000E+00   0.00E+00   0.000E+00   0.000E+00   0.000E+00   0.000E+00     Stable                         
  H   3       2.88738E+05   1.446E-18   5.144E-04   4.703E-22   0.00E+00   0.000E+00   0.000E+00   2.160E-14   1.337E-13   3.891E+08                        
  He  3    #  3.61008E+03   1.808E-20   0.000E+00   0.000E+00   0.00E+00   0.000E+00   0.000E+00   0.000E+00   0.000E+00     Stable                         
  He  4    #  1.32403E+09   8.800E-15   0.000E+00   0.000E+00   0.00E+00   0.000E+00   0.000E+00   0.000E+00   0.000E+00     Stable                         
  V  50       1.18223E+04   9.805E-19   1.855E-21   4.660E-39   0.00E+00   4.230E-37   3.118E-34   1.187E-29   2.040E-29   4.418E+24                        
  V  51    #  1.52992E+04   1.294E-18   0.000E+00   0.000E+00   0.00E+00   0.000E+00   0.000E+00   0.000E+00   0.000E+00     Stable                         
  Cr 50       2.44413E+06   2.027E-16   2.982E-19   5.577E-35   0.00E+00   0.000E+00   0.000E+00   3.877E-28   3.877E-28   5.680E+24                        
  Cr 51       1.71520E+08   1.451E-14   4.967E+01   2.916E-17   0.00E+00   2.603E-16   2.840E-13   1.887E-09   1.838E-09   2.394E+06                        
  Cr 52    #  2.86672E+07   2.473E-15   0.000E+00   0.000E+00   0.00E+00   0.000E+00   0.000E+00   0.000E+00   0.000E+00     Stable                         
  Cr 53    #  1.10736E+09   9.735E-14   0.000E+00   0.000E+00   0.00E+00   0.000E+00   0.000E+00   0.000E+00   0.000E+00     Stable                         
  Cr 54    #  2.41550E+07   2.164E-15   0.000E+00   0.000E+00   0.00E+00   0.000E+00   0.000E+00   0.000E+00   0.000E+00     Stable                         
  Cr 55       7.09581E+05   6.474E-17   2.316E+03   4.068E-13   0.00E+00   1.574E-15   1.785E-13   3.242E-09   1.436E-09   2.124E+02                        
  Mn 53       1.34663E+09   1.184E-13   8.037E-06   5.153E-24   0.00E+00   1.831E-24   1.538E-20   2.411E-16   4.340E-16   1.161E+14                        
  Mn 54       5.73669E+08   5.138E-14   1.474E+01   9.513E-18   0.00E+00   1.975E-15   1.625E-12   1.047E-08   2.212E-08   2.697E+07                        
  Mn 55    #  2.10979E+09   1.925E-13   0.000E+00   0.000E+00   0.00E+00   0.000E+00   0.000E+00   0.000E+00   0.000E+00     Stable                         
  Mn 56       3.06758E+09   2.849E-13   2.287E+05   3.009E-11   0.00E+00   6.267E-11   4.650E-08   5.718E-05   2.745E-05   9.297E+03                        
  Mn 57  ?    4.22977E+06   3.999E-16   3.433E+04   6.074E-12   0.00E+00   5.480E-13   7.602E-10   5.493E-08   2.300E-08   8.540E+01                        
  Mn 58       6.82963E+04   6.571E-18   7.261E+02   1.991E-13   0.00E+00   2.771E-13   2.106E-10   3.049E-09   1.234E-09   6.520E+01                        
  Fe 53       1.34024E+07   1.178E-15   1.819E+04   3.227E-12   0.00E+00   3.452E-12   2.867E-09   1.674E-07   1.637E-07   5.106E+02                        
  Fe 54    #> 6.30304E+20   5.646E-02   0.000E+00   0.000E+00   0.00E+00   0.000E+00   0.000E+00   0.000E+00   0.000E+00     Stable                         
  Fe 55       1.46072E+10   1.333E-12   1.173E+02   7.525E-17   0.00E+00   3.122E-17   2.724E-13   3.871E-08   9.033E-08   8.631E+07                        
  Fe 56    #> 9.89443E+21   9.190E-01   0.000E+00   0.000E+00   0.00E+00   0.000E+00   0.000E+00   0.000E+00   0.000E+00     Stable                         
  Fe 57    #> 2.28506E+20   2.160E-02   0.000E+00   0.000E+00   0.00E+00   0.000E+00   0.000E+00   0.000E+00   0.000E+00     Stable                         
  Fe 58    #> 3.04099E+19   2.925E-03   0.000E+00   0.000E+00   0.00E+00   0.000E+00   0.000E+00   0.000E+00   0.000E+00     Stable                         
  Fe 59       1.51927E+05   1.487E-17   2.739E-02   5.195E-19   0.00E+00   5.218E-18   3.995E-15   4.931E-11   1.096E-10   3.844E+06                        
0  TOTAL NUMBER OF NUCLIDES PRINTED IN INVENTORY =   26
0  TOTAL CURIES   TOTAL ALPHA   TOTAL BETA    TOTAL GAMMA
                  CURIE-MeV     CURIE-MeV     CURIE-MeV
   7.68820E-06   0.00000E+00   6.74734E-06   1.12939E-05
0  ALPHA BECQUERELS = 0.000000E+00  BETA BECQUERELS = 2.844635E+05  GAMMA BECQUERELS = 0.000000E+00
0  TOTAL ACTIVITY FOR ALL MATERIALS     2.84463E+05 Bq
                                        6.05446E-05 Ci/cc           DENSITY   7.88E+00 gm/cc
   TOTAL ACTIVITY EXCLUDING TRITIUM     2.84463E+05 Bq
                                        6.05446E-05 Ci/cc
0  TOTAL ALPHA HEAT PRODUCTION          0.00000E+00 kW
   TOTAL BETA  HEAT PRODUCTION          3.99986E-11 kW
   TOTAL GAMMA HEAT PRODUCTION          6.69511E-11 kW              TOTAL HEAT PRODUCTION 1.06950E-10 kW
0  INITIAL TOTAL MASS OF MATERIAL       1.00000E-03 kg              TOTAL HEAT EX TRITIUM 1.06950E-10 kW
0  TOTAL MASS OF MATERIAL               1.00000E-03 kg
   NEUTRON  FLUX DURING INTERVAL        0.00000E+00 n/cm^2/s
0  NUMBER OF FISSIONS                   0.00000E+00                 BURN-UP OF ACTINIDES  0.00000E+00 %
0  INGESTION  HAZARD FOR ALL MATERIALS  5.74585E-05 Sv/kg
   INHALATION HAZARD FOR ALL MATERIALS  2.77496E-05 Sv/kg
0  INGESTION  HAZARD EXCLUDING TRITIUM  5.74585E-05 Sv/kg
   INHALATION HAZARD EXCLUDING TRITIUM  2.77496E-05 Sv/kg
0  APPM OF He  4    =  1.2278E-07
   APPM OF He  3    =  3.3477E-13
   APPM OF H   3    =  2.6776E-11
   APPM OF H   2    =  1.8671E-08
   APPM OF H   1    =  6.5157E-07



                                               COMPOSITION  OF  MATERIAL  BY  ELEMENT
                                               --------------------------------------
0                                                             BETA                     GAMMA                     ALPHA
                      ATOMS      GRAM-ATOMS     GRAMS      CURIES-MeV      kW        CURIES-MeV      kW        CURIES-MeV      kW

    1       H       7.2279E+09   1.2002E-14   1.2434E-14   7.9341E-17   4.7034E-22   0.0000E+00   0.0000E+00   0.0000E+00   0.0000E+00
    2       He      1.3240E+09   2.1986E-15   8.8001E-15   0.0000E+00   0.0000E+00   0.0000E+00   0.0000E+00   0.0000E+00   0.0000E+00
   23       V       2.7122E+04   4.5036E-20   2.2748E-18   7.8601E-34   4.6595E-39   7.1361E-32   4.2303E-37   0.0000E+00   0.0000E+00
   24       Cr      1.3349E+09   2.2166E-15   1.1676E-13   6.8630E-08   4.0684E-13   3.0945E-10   1.8344E-15   0.0000E+00   0.0000E+00
   25       Mn      7.1020E+09   1.1793E-14   6.4759E-13   6.1344E-06   3.6365E-11   1.0711E-05   6.3497E-11   0.0000E+00   0.0000E+00
   26       Fe      1.0784E+22   1.7907E-02   1.0000E+00   5.4434E-07   3.2269E-12   5.8233E-07   3.4521E-12   0.0000E+00   0.0000E+00



                                               GAMMA SPECTRUM AND ENERGIES/SECOND
                                               ----------------------------------

     NEUTRONS PER SECOND ARISING FROM SPONTANEOUS FISSION                    0.00000E+00    Entered density (g/cc)       7.88
     POWER FROM ALPHA PARTICLES (MeV per Second)                             0.00000E+00
     POWER FROM BETA  PARTICLES (MeV per Second)                             2.49652E+05
     TOTAL GAMMA POWER FROM ACTIVATION  (MeV per Second)                     4.17876E+05    Total gammas (per cc per second)      3.01144E+06
     GAMMA RAY POWER FROM ACTIVATION DECAY  MeV/s    (  0.000-  0.010 MeV)   6.16037E+01    Gammas per group (per cc per second)  9.70258E+04
                                                     (  0.010-  0.020 MeV)   5.22516E+01                                          2.74321E+04
                                                     (  0.020-  0.050 MeV)   0.00000E+00                                          0.00000E+00
                                                     (  0.050-  0.100 MeV)   0.00000E+00                                          0.00000E+00
                                                     (  0.100-  0.200 MeV)   6.73310E+02                                          3.53488E+04
                                                     (  0.200-  0.300 MeV)   1.73903E+01                                          5.47794E+02
                                                     (  0.300-  0.400 MeV)   3.21180E+03                                          7.22655E+04
                                                     (  0.400-  0.600 MeV)   1.83127E+04                                          2.88424E+05
                                                     (  0.600-  0.800 MeV)   1.36656E+03                                          1.53739E+04
                                                     (  0.800-  1.000 MeV)   1.92192E+05                                          1.68168E+06
                                                     (  1.000-  1.220 MeV)   1.23861E+02                                          8.78742E+02
                                                     (  1.220-  1.440 MeV)   1.14592E+03                                          6.78503E+03
                                                     (  1.440-  1.660 MeV)   5.63462E+02                                          2.86275E+03
                                                     (  1.660-  2.000 MeV)   1.14636E+05                                          4.93311E+05
                                                     (  2.000-  2.500 MeV)   7.17441E+04                                          2.51104E+05
                                                     (  2.500-  3.000 MeV)   1.23538E+04                                          3.53769E+04
                                                     (  3.000-  4.000 MeV)   1.34301E+03                                          3.02176E+03
                                                     (  4.000-  5.000 MeV)   1.15254E+00                                          2.01695E+00
                                                     (  5.000-  6.500 MeV)   0.00000E+00                                          0.00000E+00
                                                     (  6.500-  8.000 MeV)   0.00000E+00                                          0.00000E+00
                                                     (  8.000- 10.000 MeV)   0.00000E+00                                          0.00000E+00
                                                     ( 10.000- 12.000 MeV)   0.00000E+00                                          0.00000E+00
                                                     ( 12.000- 14.000 MeV)   0.00000E+00                                          0.00000E+00
                                                     ( 14.000- 20.000 MeV)   0.00000E+00                                          0.00000E+00

GAMMA SPECTRUM END


    DOSE RATE (1 g POINT SOURCE  1.0m) FROM GAMMAS WITH ENERGY 0-20MeV IS   5.03387E-08 Sieverts/hour   ( 5.03387E-06 Rems/hour)




                                                                           DOMINANT NUCLIDES
                                                                           -----------------

      NUCLIDE   ACTIVITY    PERCENT  NUCLIDE     HEAT      PERCENT  NUCLIDE  DOSE RATE    PERCENT  NUCLIDE  INGESTION    PERCENT  NUCLIDE  INHALATION   PERCENT 
                  (Bq)      ACTIVITY             (kW)       HEAT              (Sv/hr)    DOSE RATE            (Sv)      INGESTION            (Sv)     INHALATION
       Total   2.8446E+05             Total   1.0695E-10             Total   5.0339E-08             Total   5.7459E-05             Total   2.7750E-05
    1  Mn 56   2.2872E+05  80.40E+00  Mn 56   9.2762E-11  86.73E+00  Mn 56   4.6499E-08  92.37E+00  Mn 56   5.7179E-05  99.51E+00  Mn 56   2.7446E-05  98.91E+00
    2  Mn 57   3.4331E+04  12.07E+00  Fe 53   6.6789E-12  62.45E-01  Fe 53   2.8668E-09  56.95E-01  Fe 53   1.6738E-07  29.13E-02  Fe 53   1.6375E-07  59.01E-02
    3  Fe 53   1.8194E+04  63.96E-01  Mn 57   6.6219E-12  61.92E-01  Mn 57   7.6017E-10  15.10E-01  Mn 57   5.4929E-08  95.60E-03  Fe 55   9.0330E-08  32.55E-02
    4  Cr 55   2.3156E+03  81.40E-02  Mn 58   4.7620E-13  44.53E-02  Mn 58   2.1057E-10  41.83E-02  Fe 55   3.8713E-08  67.38E-03  Mn 57   2.3002E-08  82.89E-03
    5  Mn 58   7.2606E+02  25.52E-02  Cr 55   4.0839E-13  38.19E-02  Mn 54   1.6252E-12  32.29E-04  Mn 54   1.0469E-08  18.22E-03  Mn 54   2.2117E-08  79.70E-03
    6  Fe 55   1.1731E+02  41.24E-03  Mn 54   1.9845E-15  18.56E-04  Cr 51   2.8399E-13  56.42E-05  Cr 55   3.2419E-09  56.42E-04  Cr 51   1.8378E-09  66.23E-04
    7  Cr 51   4.9671E+01  17.46E-03  Cr 51   2.8948E-16  27.07E-05  Fe 55   2.7242E-13  54.12E-05  Mn 58   3.0495E-09  53.07E-04  Cr 55   1.4357E-09  51.74E-04
    8  Mn 54   1.4745E+01  51.83E-04  Fe 55   1.0647E-16  99.55E-06  Cr 55   1.7854E-13  35.47E-05  Cr 51   1.8875E-09  32.85E-04  Mn 58   1.2343E-09  44.48E-04
    9  Fe 59   2.7393E-02  96.30E-07  Fe 59   5.7379E-18  53.65E-07  Fe 59   3.9954E-15  79.37E-07  Fe 59   4.9307E-11  85.81E-06  Fe 59   1.0957E-10  39.49E-05
   10  H   3   5.1435E-04  18.08E-08  H   3   4.7034E-22  43.98E-11  Mn 53   1.5381E-20  30.55E-12  H   3   2.1603E-14  37.60E-09  H   3   1.3373E-13  48.19E-08
   11  Mn 53   8.0375E-06  28.25E-10  Mn 53   6.9845E-24  65.31E-13  V  50   3.1176E-34  61.93E-26  Mn 53   2.4112E-16  41.97E-11  Mn 53   4.3402E-16  15.64E-10
   12  Cr 50   2.9825E-19  10.48E-23  Cr 50   5.5774E-35  52.15E-24          0.0000E+00  00.00E+00  Cr 50   3.8772E-28  67.48E-23  Cr 50   3.8772E-28  13.97E-22
   13  V  50   1.8548E-21  65.20E-26  V  50   4.2769E-37  39.99E-26          0.0000E+00  00.00E+00  V  50   1.1871E-29  20.66E-24  V  50   2.0403E-29  73.53E-24

      NUCLIDE  GAMMA HEAT   PERCENT  NUCLIDE   BETA HEAT   PERCENT 
                  (kW)       GAMMA               (kW)       BETA
       Total   6.6951E-11             Total   3.9999E-11
    1  Mn 56   6.2670E-11  93.61E+00  Mn 56   3.0092E-11  75.23E+00
    2  Fe 53   3.4521E-12  51.56E-01  Mn 57   6.0739E-12  15.19E+00
    3  Mn 57   5.4800E-13  81.85E-02  Fe 53   3.2268E-12  80.67E-01
    4  Mn 58   2.7712E-13  41.39E-02  Cr 55   4.0681E-13  10.17E-01
    5  Mn 54   1.9749E-15  29.50E-04  Mn 58   1.9909E-13  49.77E-02
    6  Cr 55   1.5741E-15  23.51E-04  Fe 55   7.5250E-17  18.81E-05
    7  Cr 51   2.6031E-16  38.88E-05  Cr 51   2.9164E-17  72.91E-06
    8  Fe 55   3.1221E-17  46.63E-06  Mn 54   9.5133E-18  23.78E-06
    9  Fe 59   5.2184E-18  77.94E-07  Fe 59   5.1949E-19  12.99E-07
   10  Mn 53   1.8314E-24  27.35E-13  H   3   4.7034E-22  11.76E-10
   11  V  50   4.2303E-37  63.18E-26  Mn 53   5.1531E-24  12.88E-12
   12          0.0000E+00  00.00E+00  Cr 50   5.5774E-35  13.94E-23
   13          0.0000E+00  00.00E+00  V  50   4.6595E-39  11.65E-27
1 * * * TIME INTERVAL  10 * * * COOLING TIME IS   3.6000E+01 SECS * * * ELAPSED TIME IS   8.233 m   * * * FLUX AMP IS  0.0000E+00 /cm^2/s  * * * * * * * * * * * * * *
  NUCLIDE        ATOMS         GRAMS        Bq       b-Energy    a-Energy   g-Energy    DOSE RATE   INGESTION  INHALATION   HALF LIFE                        
                                                        kW          kW         kW         Sv/hr      DOSE(Sv)    DOSE(Sv)    seconds                         

  H   1    #  7.02629E+09   1.176E-14   0.000E+00   0.000E+00   0.00E+00   0.000E+00   0.000E+00   0.000E+00   0.000E+00     Stable                         
  H   2    #  2.01346E+08   6.734E-16   0.000E+00   0.000E+00   0.00E+00   0.000E+00   0.000E+00   0.000E+00   0.000E+00     Stable                         
  H   3       2.88738E+05   1.446E-18   5.144E-04   4.703E-22   0.00E+00   0.000E+00   0.000E+00   2.160E-14   1.337E-13   3.891E+08                        
  He  3    #  3.61010E+03   1.808E-20   0.000E+00   0.000E+00   0.00E+00   0.000E+00   0.000E+00   0.000E+00   0.000E+00     Stable                         
  He  4    #  1.32403E+09   8.800E-15   0.000E+00   0.000E+00   0.00E+00   0.000E+00   0.000E+00   0.000E+00   0.000E+00     Stable                         
  V  50       1.18223E+04   9.805E-19   1.855E-21   4.660E-39   0.00E+00   4.230E-37   3.118E-34   1.187E-29   2.040E-29   4.418E+24                        
  V  51    #  1.70873E+04   1.445E-18   0.000E+00   0.000E+00   0.00E+00   0.000E+00   0.000E+00   0.000E+00   0.000E+00     Stable                         
  Cr 50       2.44413E+06   2.027E-16   2.982E-19   5.577E-35   0.00E+00   0.000E+00   0.000E+00   3.877E-28   3.877E-28   5.680E+24                        
  Cr 51       1.71518E+08   1.451E-14   4.967E+01   2.916E-17   0.00E+00   2.603E-16   2.840E-13   1.887E-09   1.838E-09   2.394E+06                        
  Cr 52    #  2.86672E+07   2.473E-15   0.000E+00   0.000E+00   0.00E+00   0.000E+00   0.000E+00   0.000E+00   0.000E+00     Stable                         
  Cr 53    #  1.10736E+09   9.735E-14   0.000E+00   0.000E+00   0.00E+00   0.000E+00   0.000E+00   0.000E+00   0.000E+00     Stable                         
  Cr 54    #  2.41556E+07   2.164E-15   0.000E+00   0.000E+00   0.00E+00   0.000E+00   0.000E+00   0.000E+00   0.000E+00     Stable                         
  Cr 55       6.30928E+05   5.756E-17   2.059E+03   3.617E-13   0.00E+00   1.400E-15   1.587E-13   2.883E-09   1.277E-09   2.124E+02                        
  Mn 53       1.34727E+09   1.184E-13   8.041E-06   5.156E-24   0.00E+00   1.832E-24   1.539E-20   2.412E-16   4.342E-16   1.161E+14                        
  Mn 54       5.73668E+08   5.138E-14   1.474E+01   9.513E-18   0.00E+00   1.975E-15   1.625E-12   1.047E-08   2.212E-08   2.697E+07                        
  Mn 55    #  2.10987E+09   1.925E-13   0.000E+00   0.000E+00   0.00E+00   0.000E+00   0.000E+00   0.000E+00   0.000E+00     Stable                         
  Mn 56       3.05936E+09   2.842E-13   2.281E+05   3.001E-11   0.00E+00   6.250E-11   4.637E-08   5.703E-05   2.737E-05   9.297E+03                        
  Mn 57       3.15805E+06   2.986E-16   2.563E+04   4.535E-12   0.00E+00   4.092E-13   5.676E-10   4.101E-08   1.717E-08   8.540E+01                        
  Mn 58       4.65783E+04   4.481E-18   4.952E+02   1.358E-13   0.00E+00   1.890E-13   1.436E-10   2.080E-09   8.418E-10   6.520E+01                        
  Fe 53       1.27631E+07   1.122E-15   1.733E+04   3.073E-12   0.00E+00   3.287E-12   2.730E-09   1.594E-07   1.559E-07   5.106E+02                        
  Fe 54    #> 6.30304E+20   5.646E-02   0.000E+00   0.000E+00   0.00E+00   0.000E+00   0.000E+00   0.000E+00   0.000E+00     Stable                         
  Fe 55       1.46072E+10   1.333E-12   1.173E+02   7.525E-17   0.00E+00   3.122E-17   2.724E-13   3.871E-08   9.033E-08   8.631E+07                        
  Fe 56    #> 9.89443E+21   9.190E-01   0.000E+00   0.000E+00   0.00E+00   0.000E+00   0.000E+00   0.000E+00   0.000E+00     Stable                         
  Fe 57    #> 2.28506E+20   2.160E-02   0.000E+00   0.000E+00   0.00E+00   0.000E+00   0.000E+00   0.000E+00   0.000E+00     Stable                         
  Fe 58    #> 3.04099E+19   2.925E-03   0.000E+00   0.000E+00   0.00E+00   0.000E+00   0.000E+00   0.000E+00   0.000E+00     Stable                         
  Fe 59       1.51926E+05   1.487E-17   2.739E-02   5.195E-19   0.00E+00   5.218E-18   3.995E-15   4.931E-11   1.096E-10   3.844E+06                        
0  TOTAL NUMBER OF NUCLIDES PRINTED IN INVENTORY =   26
0  TOTAL CURIES   TOTAL ALPHA   TOTAL BETA    TOTAL GAMMA
                  CURIE-MeV     CURIE-MeV     CURIE-MeV
   7.39990E-06   0.00000E+00   6.42988E-06   1.11995E-05
0  ALPHA BECQUERELS = 0.000000E+00  BETA BECQUERELS = 2.737964E+05  GAMMA BECQUERELS = 0.000000E+00
0  TOTAL ACTIVITY FOR ALL MATERIALS     2.73796E+05 Bq
                                        5.82742E-05 Ci/cc           DENSITY   7.88E+00 gm/cc
   TOTAL ACTIVITY EXCLUDING TRITIUM     2.73796E+05 Bq
                                        5.82742E-05 Ci/cc
0  TOTAL ALPHA HEAT PRODUCTION          0.00000E+00 kW
   TOTAL BETA  HEAT PRODUCTION          3.81166E-11 kW
   TOTAL GAMMA HEAT PRODUCTION          6.63913E-11 kW              TOTAL HEAT PRODUCTION 1.04508E-10 kW
0  INITIAL TOTAL MASS OF MATERIAL       1.00000E-03 kg              TOTAL HEAT EX TRITIUM 1.04508E-10 kW
0  TOTAL MASS OF MATERIAL               1.00000E-03 kg
   NEUTRON  FLUX DURING INTERVAL        0.00000E+00 n/cm^2/s
0  NUMBER OF FISSIONS                   0.00000E+00                 BURN-UP OF ACTINIDES  0.00000E+00 %
0  INGESTION  HAZARD FOR ALL MATERIALS  5.72820E-05 Sv/kg
   INHALATION HAZARD FOR ALL MATERIALS  2.76619E-05 Sv/kg
0  INGESTION  HAZARD EXCLUDING TRITIUM  5.72820E-05 Sv/kg
   INHALATION HAZARD EXCLUDING TRITIUM  2.76619E-05 Sv/kg
0  APPM OF He  4    =  1.2278E-07
   APPM OF He  3    =  3.3478E-13
   APPM OF H   3    =  2.6776E-11
   APPM OF H   2    =  1.8671E-08
   APPM OF H   1    =  6.5157E-07



                                               COMPOSITION  OF  MATERIAL  BY  ELEMENT
                                               --------------------------------------
0                                                             BETA                     GAMMA                     ALPHA
                      ATOMS      GRAM-ATOMS     GRAMS      CURIES-MeV      kW        CURIES-MeV      kW        CURIES-MeV      kW

    1       H       7.2279E+09   1.2002E-14   1.2434E-14   7.9341E-17   4.7034E-22   0.0000E+00   0.0000E+00   0.0000E+00   0.0000E+00
    2       He      1.3240E+09   2.1986E-15   8.8001E-15   0.0000E+00   0.0000E+00   0.0000E+00   0.0000E+00   0.0000E+00   0.0000E+00
   23       V       2.8910E+04   4.8006E-20   2.4260E-18   7.8601E-34   4.6595E-39   7.1361E-32   4.2303E-37   0.0000E+00   0.0000E+00
   24       Cr      1.3348E+09   2.2164E-15   1.1675E-13   6.1023E-08   3.6175E-13   2.8002E-10   1.6600E-15   0.0000E+00   0.0000E+00
   25       Mn      7.0934E+09   1.1779E-14   6.4678E-13   5.8505E-06   3.4682E-11   1.0645E-05   6.3102E-11   0.0000E+00   0.0000E+00
   26       Fe      1.0784E+22   1.7907E-02   1.0000E+00   5.1838E-07   3.0730E-12   5.5456E-07   3.2875E-12   0.0000E+00   0.0000E+00



                                               GAMMA SPECTRUM AND ENERGIES/SECOND
                                               ----------------------------------

     NEUTRONS PER SECOND ARISING FROM SPONTANEOUS FISSION                    0.00000E+00    Entered density (g/cc)       7.88
     POWER FROM ALPHA PARTICLES (MeV per Second)                             0.00000E+00
     POWER FROM BETA  PARTICLES (MeV per Second)                             2.37905E+05
     TOTAL GAMMA POWER FROM ACTIVATION  (MeV per Second)                     4.14382E+05    Total gammas (per cc per second)      2.93663E+06
     GAMMA RAY POWER FROM ACTIVATION DECAY  MeV/s    (  0.000-  0.010 MeV)   4.62748E+01    Gammas per group (per cc per second)  7.28829E+04
                                                     (  0.010-  0.020 MeV)   3.90123E+01                                          2.04815E+04
                                                     (  0.020-  0.050 MeV)   0.00000E+00                                          0.00000E+00
                                                     (  0.050-  0.100 MeV)   0.00000E+00                                          0.00000E+00
                                                     (  0.100-  0.200 MeV)   5.02710E+02                                          2.63923E+04
                                                     (  0.200-  0.300 MeV)   1.29840E+01                                          4.08996E+02
                                                     (  0.300-  0.400 MeV)   2.99235E+03                                          6.73278E+04
                                                     (  0.400-  0.600 MeV)   1.73942E+04                                          2.73959E+05
                                                     (  0.600-  0.800 MeV)   1.02014E+03                                          1.14766E+04
                                                     (  0.800-  1.000 MeV)   1.91442E+05                                          1.67511E+06
                                                     (  1.000-  1.220 MeV)   1.16909E+02                                          8.29421E+02
                                                     (  1.220-  1.440 MeV)   8.99592E+02                                          5.32653E+03
                                                     (  1.440-  1.660 MeV)   4.50911E+02                                          2.29092E+03
                                                     (  1.660-  2.000 MeV)   1.14230E+05                                          4.91565E+05
                                                     (  2.000-  2.500 MeV)   7.15274E+04                                          2.50346E+05
                                                     (  2.500-  3.000 MeV)   1.23002E+04                                          3.52234E+04
                                                     (  3.000-  4.000 MeV)   1.33512E+03                                          3.00401E+03
                                                     (  4.000-  5.000 MeV)   7.86036E-01                                          1.37556E+00
                                                     (  5.000-  6.500 MeV)   0.00000E+00                                          0.00000E+00
                                                     (  6.500-  8.000 MeV)   0.00000E+00                                          0.00000E+00
                                                     (  8.000- 10.000 MeV)   0.00000E+00                                          0.00000E+00
                                                     ( 10.000- 12.000 MeV)   0.00000E+00                                          0.00000E+00
                                                     ( 12.000- 14.000 MeV)   0.00000E+00                                          0.00000E+00
                                                     ( 14.000- 20.000 MeV)   0.00000E+00                                          0.00000E+00

GAMMA SPECTRUM END


    DOSE RATE (1 g POINT SOURCE  1.0m) FROM GAMMAS WITH ENERGY 0-20MeV IS   4.98178E-08 Sieverts/hour   ( 4.98178E-06 Rems/hour)




                                                                           DOMINANT NUCLIDES
                                                                           -----------------

      NUCLIDE   ACTIVITY    PERCENT  NUCLIDE     HEAT      PERCENT  NUCLIDE  DOSE RATE    PERCENT  NUCLIDE  INGESTION    PERCENT  NUCLIDE  INHALATION   PERCENT 
                  (Bq)      ACTIVITY             (kW)       HEAT              (Sv/hr)    DOSE RATE            (Sv)      INGESTION            (Sv)     INHALATION
       Total   2.7380E+05             Total   1.0451E-10             Total   4.9818E-08             Total   5.7282E-05             Total   2.7662E-05
    1  Mn 56   2.2810E+05  83.31E+00  Mn 56   9.2513E-11  88.52E+00  Mn 56   4.6374E-08  93.09E+00  Mn 56   5.7026E-05  99.55E+00  Mn 56   2.7372E-05  98.95E+00
    2  Mn 57   2.5632E+04  93.62E-01  Fe 53   6.3603E-12  60.86E-01  Fe 53   2.7301E-09  54.80E-01  Fe 53   1.5940E-07  27.83E-02  Fe 53   1.5594E-07  56.37E-02
    3  Fe 53   1.7326E+04  63.28E-01  Mn 57   4.9441E-12  47.31E-01  Mn 57   5.6756E-10  11.39E-01  Mn 57   4.1012E-08  71.60E-03  Fe 55   9.0330E-08  32.66E-02
    4  Cr 55   2.0590E+03  75.20E-02  Cr 55   3.6312E-13  34.75E-02  Mn 58   1.4361E-10  28.83E-02  Fe 55   3.8713E-08  67.58E-03  Mn 54   2.2117E-08  79.96E-03
    5  Mn 58   4.9518E+02  18.09E-02  Mn 58   3.2477E-13  31.08E-02  Mn 54   1.6252E-12  32.62E-04  Mn 54   1.0469E-08  18.28E-03  Mn 57   1.7174E-08  62.08E-03
    6  Fe 55   1.1731E+02  42.85E-03  Mn 54   1.9845E-15  18.99E-04  Cr 51   2.8399E-13  57.00E-05  Cr 55   2.8826E-09  50.32E-04  Cr 51   1.8378E-09  66.44E-04
    7  Cr 51   4.9670E+01  18.14E-03  Cr 51   2.8948E-16  27.70E-05  Fe 55   2.7242E-13  54.68E-05  Mn 58   2.0797E-09  36.31E-04  Cr 55   1.2766E-09  46.15E-04
    8  Mn 54   1.4745E+01  53.85E-04  Fe 55   1.0647E-16  10.19E-05  Cr 55   1.5875E-13  31.87E-05  Cr 51   1.8875E-09  32.95E-04  Mn 58   8.4180E-10  30.43E-04
    9  Fe 59   2.7393E-02  10.00E-06  Fe 59   5.7378E-18  54.90E-07  Fe 59   3.9954E-15  80.20E-07  Fe 59   4.9307E-11  86.08E-06  Fe 59   1.0957E-10  39.61E-05
   10  H   3   5.1435E-04  18.79E-08  H   3   4.7034E-22  45.01E-11  Mn 53   1.5388E-20  30.89E-12  H   3   2.1603E-14  37.71E-09  H   3   1.3373E-13  48.35E-08
   11  Mn 53   8.0413E-06  29.37E-10  Mn 53   6.9878E-24  66.86E-13  V  50   3.1176E-34  62.58E-26  Mn 53   2.4124E-16  42.11E-11  Mn 53   4.3423E-16  15.70E-10
   12  Cr 50   2.9825E-19  10.89E-23  Cr 50   5.5774E-35  53.37E-24          0.0000E+00  00.00E+00  Cr 50   3.8772E-28  67.69E-23  Cr 50   3.8772E-28  14.02E-22
   13  V  50   1.8548E-21  67.75E-26  V  50   4.2769E-37  40.92E-26          0.0000E+00  00.00E+00  V  50   1.1871E-29  20.72E-24  V  50   2.0403E-29  73.76E-24

      NUCLIDE  GAMMA HEAT   PERCENT  NUCLIDE   BETA HEAT   PERCENT 
                  (kW)       GAMMA               (kW)       BETA
       Total   6.6391E-11             Total   3.8117E-11
    1  Mn 56   6.2502E-11  94.14E+00  Mn 56   3.0011E-11  78.74E+00
    2  Fe 53   3.2874E-12  49.52E-01  Mn 57   4.5349E-12  11.90E+00
    3  Mn 57   4.0915E-13  61.63E-02  Fe 53   3.0729E-12  80.62E-01
    4  Mn 58   1.8899E-13  28.47E-02  Cr 55   3.6172E-13  94.90E-02
    5  Mn 54   1.9749E-15  29.75E-04  Mn 58   1.3578E-13  35.62E-02
    6  Cr 55   1.3996E-15  21.08E-04  Fe 55   7.5250E-17  19.74E-05
    7  Cr 51   2.6031E-16  39.21E-05  Cr 51   2.9164E-17  76.51E-06
    8  Fe 55   3.1221E-17  47.03E-06  Mn 54   9.5133E-18  24.96E-06
    9  Fe 59   5.2183E-18  78.60E-07  Fe 59   5.1949E-19  13.63E-07
   10  Mn 53   1.8322E-24  27.60E-13  H   3   4.7034E-22  12.34E-10
   11  V  50   4.2303E-37  63.72E-26  Mn 53   5.1556E-24  13.53E-12
   12          0.0000E+00  00.00E+00  Cr 50   5.5774E-35  14.63E-23
   13          0.0000E+00  00.00E+00  V  50   4.6595E-39  12.22E-27
1 * * * TIME INTERVAL  11 * * * COOLING TIME IS   5.2000E+01 SECS * * * ELAPSED TIME IS   9.100 m   * * * FLUX AMP IS  0.0000E+00 /cm^2/s  * * * * * * * * * * * * * *
  NUCLIDE        ATOMS         GRAMS        Bq       b-Energy    a-Energy   g-Energy    DOSE RATE   INGESTION  INHALATION   HALF LIFE                        
                                                        kW          kW         kW         Sv/hr      DOSE(Sv)    DOSE(Sv)    seconds                         

  H   1    #  7.02629E+09   1.176E-14   0.000E+00   0.000E+00   0.00E+00   0.000E+00   0.000E+00   0.000E+00   0.000E+00     Stable                         
  H   2    #  2.01346E+08   6.734E-16   0.000E+00   0.000E+00   0.00E+00   0.000E+00   0.000E+00   0.000E+00   0.000E+00     Stable                         
  H   3       2.88738E+05   1.446E-18   5.144E-04   4.703E-22   0.00E+00   0.000E+00   0.000E+00   2.160E-14   1.337E-13   3.891E+08                        
  He  3    #  3.61013E+03   1.808E-20   0.000E+00   0.000E+00   0.00E+00   0.000E+00   0.000E+00   0.000E+00   0.000E+00     Stable                         
  He  4    #  1.32403E+09   8.800E-15   0.000E+00   0.000E+00   0.00E+00   0.000E+00   0.000E+00   0.000E+00   0.000E+00     Stable                         
  V  50       1.18223E+04   9.805E-19   1.855E-21   4.660E-39   0.00E+00   4.230E-37   3.118E-34   1.187E-29   2.040E-29   4.418E+24                        
  V  51    #  1.96702E+04   1.664E-18   0.000E+00   0.000E+00   0.00E+00   0.000E+00   0.000E+00   0.000E+00   0.000E+00     Stable                         
  Cr 50       2.44413E+06   2.027E-16   2.982E-19   5.577E-35   0.00E+00   0.000E+00   0.000E+00   3.877E-28   3.877E-28   5.680E+24                        
  Cr 51       1.71516E+08   1.451E-14   4.967E+01   2.916E-17   0.00E+00   2.603E-16   2.840E-13   1.887E-09   1.838E-09   2.394E+06                        
  Cr 52    #  2.86672E+07   2.473E-15   0.000E+00   0.000E+00   0.00E+00   0.000E+00   0.000E+00   0.000E+00   0.000E+00     Stable                         
  Cr 53    #  1.10736E+09   9.735E-14   0.000E+00   0.000E+00   0.00E+00   0.000E+00   0.000E+00   0.000E+00   0.000E+00     Stable                         
  Cr 54    #  2.41563E+07   2.164E-15   0.000E+00   0.000E+00   0.00E+00   0.000E+00   0.000E+00   0.000E+00   0.000E+00     Stable                         
  Cr 55       5.32453E+05   4.858E-17   1.738E+03   3.053E-13   0.00E+00   1.181E-15   1.340E-13   2.433E-09   1.077E-09   2.124E+02                        
  Mn 53       1.34814E+09   1.185E-13   8.047E-06   5.159E-24   0.00E+00   1.833E-24   1.540E-20   2.414E-16   4.345E-16   1.161E+14                        
  Mn 54       5.73668E+08   5.138E-14   1.474E+01   9.513E-18   0.00E+00   1.975E-15   1.625E-12   1.047E-08   2.212E-08   2.697E+07                        
  Mn 55    #  2.10998E+09   1.925E-13   0.000E+00   0.000E+00   0.00E+00   0.000E+00   0.000E+00   0.000E+00   0.000E+00     Stable                         
  Mn 56       3.04752E+09   2.831E-13   2.272E+05   2.990E-11   0.00E+00   6.226E-11   4.619E-08   5.680E-05   2.727E-05   9.297E+03                        
  Mn 57       2.07072E+06   1.958E-16   1.681E+04   2.974E-12   0.00E+00   2.683E-13   3.721E-10   2.689E-08   1.126E-08   8.540E+01                        
  Mn 58       2.67975E+04   2.578E-18   2.849E+02   7.812E-14   0.00E+00   1.087E-13   8.262E-11   1.197E-09   4.843E-10   6.520E+01                        
  Fe 53       1.18932E+07   1.046E-15   1.615E+04   2.863E-12   0.00E+00   3.063E-12   2.544E-09   1.485E-07   1.453E-07   5.106E+02                        
  Fe 54    #> 6.30304E+20   5.646E-02   0.000E+00   0.000E+00   0.00E+00   0.000E+00   0.000E+00   0.000E+00   0.000E+00     Stable                         
  Fe 55       1.46072E+10   1.333E-12   1.173E+02   7.525E-17   0.00E+00   3.122E-17   2.724E-13   3.871E-08   9.033E-08   8.631E+07                        
  Fe 56    #> 9.89443E+21   9.190E-01   0.000E+00   0.000E+00   0.00E+00   0.000E+00   0.000E+00   0.000E+00   0.000E+00     Stable                         
  Fe 57    #> 2.28506E+20   2.160E-02   0.000E+00   0.000E+00   0.00E+00   0.000E+00   0.000E+00   0.000E+00   0.000E+00     Stable                         
  Fe 58    #> 3.04099E+19   2.925E-03   0.000E+00   0.000E+00   0.00E+00   0.000E+00   0.000E+00   0.000E+00   0.000E+00     Stable                         
  Fe 59       1.51925E+05   1.487E-17   2.739E-02   5.195E-19   0.00E+00   5.218E-18   3.995E-15   4.931E-11   1.096E-10   3.844E+06                        
0  TOTAL NUMBER OF NUCLIDES PRINTED IN INVENTORY =   26
0  TOTAL CURIES   TOTAL ALPHA   TOTAL BETA    TOTAL GAMMA
                  CURIE-MeV     CURIE-MeV     CURIE-MeV
   7.09124E-06   0.00000E+00   6.09231E-06   1.10836E-05
0  ALPHA BECQUERELS = 0.000000E+00  BETA BECQUERELS = 2.623759E+05  GAMMA BECQUERELS = 0.000000E+00
0  TOTAL ACTIVITY FOR ALL MATERIALS     2.62376E+05 Bq
                                        5.58435E-05 Ci/cc           DENSITY   7.88E+00 gm/cc
   TOTAL ACTIVITY EXCLUDING TRITIUM     2.62376E+05 Bq
                                        5.58435E-05 Ci/cc
0  TOTAL ALPHA HEAT PRODUCTION          0.00000E+00 kW
   TOTAL BETA  HEAT PRODUCTION          3.61156E-11 kW
   TOTAL GAMMA HEAT PRODUCTION          6.57040E-11 kW              TOTAL HEAT PRODUCTION 1.01820E-10 kW
0  INITIAL TOTAL MASS OF MATERIAL       1.00000E-03 kg              TOTAL HEAT EX TRITIUM 1.01820E-10 kW
0  TOTAL MASS OF MATERIAL               1.00000E-03 kg
   NEUTRON  FLUX DURING INTERVAL        0.00000E+00 n/cm^2/s
0  NUMBER OF FISSIONS                   0.00000E+00                 BURN-UP OF ACTINIDES  0.00000E+00 %
0  INGESTION  HAZARD FOR ALL MATERIALS  5.70350E-05 Sv/kg
   INHALATION HAZARD FOR ALL MATERIALS  2.75389E-05 Sv/kg
0  INGESTION  HAZARD EXCLUDING TRITIUM  5.70350E-05 Sv/kg
   INHALATION HAZARD EXCLUDING TRITIUM  2.75389E-05 Sv/kg
0  APPM OF He  4    =  1.2278E-07
   APPM OF He  3    =  3.3478E-13
   APPM OF H   3    =  2.6776E-11
   APPM OF H   2    =  1.8671E-08
   APPM OF H   1    =  6.5157E-07



                                               COMPOSITION  OF  MATERIAL  BY  ELEMENT
                                               --------------------------------------
0                                                             BETA                     GAMMA                     ALPHA
                      ATOMS      GRAM-ATOMS     GRAMS      CURIES-MeV      kW        CURIES-MeV      kW        CURIES-MeV      kW

    1       H       7.2279E+09   1.2002E-14   1.2434E-14   7.9341E-17   4.7034E-22   0.0000E+00   0.0000E+00   0.0000E+00   0.0000E+00
    2       He      1.3240E+09   2.1986E-15   8.8001E-15   0.0000E+00   0.0000E+00   0.0000E+00   0.0000E+00   0.0000E+00   0.0000E+00
   23       V       3.1492E+04   5.2295E-20   2.6445E-18   7.8601E-34   4.6595E-39   7.1361E-32   4.2303E-37   0.0000E+00   0.0000E+00
   24       Cr      1.3347E+09   2.2163E-15   1.1674E-13   5.1500E-08   3.0529E-13   2.4316E-10   1.4415E-15   0.0000E+00   0.0000E+00
   25       Mn      7.0814E+09   1.1759E-14   6.4566E-13   5.5578E-06   3.2947E-11   1.0567E-05   6.2639E-11   0.0000E+00   0.0000E+00
   26       Fe      1.0784E+22   1.7907E-02   1.0000E+00   4.8305E-07   2.8636E-12   5.1676E-07   3.0634E-12   0.0000E+00   0.0000E+00



                                               GAMMA SPECTRUM AND ENERGIES/SECOND
                                               ----------------------------------

     NEUTRONS PER SECOND ARISING FROM SPONTANEOUS FISSION                    0.00000E+00    Entered density (g/cc)       7.88
     POWER FROM ALPHA PARTICLES (MeV per Second)                             0.00000E+00
     POWER FROM BETA  PARTICLES (MeV per Second)                             2.25416E+05
     TOTAL GAMMA POWER FROM ACTIVATION  (MeV per Second)                     4.10092E+05    Total gammas (per cc per second)      2.85249E+06
     GAMMA RAY POWER FROM ACTIVATION DECAY  MeV/s    (  0.000-  0.010 MeV)   3.07085E+01    Gammas per group (per cc per second)  4.83660E+04
                                                     (  0.010-  0.020 MeV)   2.55802E+01                                          1.34296E+04
                                                     (  0.020-  0.050 MeV)   0.00000E+00                                          0.00000E+00
                                                     (  0.050-  0.100 MeV)   0.00000E+00                                          0.00000E+00
                                                     (  0.100-  0.200 MeV)   3.29626E+02                                          1.73053E+04
                                                     (  0.200-  0.300 MeV)   8.51356E+00                                          2.68177E+02
                                                     (  0.300-  0.400 MeV)   2.72201E+03                                          6.12452E+04
                                                     (  0.400-  0.600 MeV)   1.61660E+04                                          2.54615E+05
                                                     (  0.600-  0.800 MeV)   6.68762E+02                                          7.52358E+03
                                                     (  0.800-  1.000 MeV)   1.90483E+05                                          1.66672E+06
                                                     (  1.000-  1.220 MeV)   1.10031E+02                                          7.80625E+02
                                                     (  1.220-  1.440 MeV)   6.70686E+02                                          3.97117E+03
                                                     (  1.440-  1.660 MeV)   3.34509E+02                                          1.69952E+03
                                                     (  1.660-  2.000 MeV)   1.13696E+05                                          4.89266E+05
                                                     (  2.000-  2.500 MeV)   7.12250E+04                                          2.49288E+05
                                                     (  2.500-  3.000 MeV)   1.22313E+04                                          3.50259E+04
                                                     (  3.000-  4.000 MeV)   1.32559E+03                                          2.98258E+03
                                                     (  4.000-  5.000 MeV)   4.52225E-01                                          7.91393E-01
                                                     (  5.000-  6.500 MeV)   0.00000E+00                                          0.00000E+00
                                                     (  6.500-  8.000 MeV)   0.00000E+00                                          0.00000E+00
                                                     (  8.000- 10.000 MeV)   0.00000E+00                                          0.00000E+00
                                                     ( 10.000- 12.000 MeV)   0.00000E+00                                          0.00000E+00
                                                     ( 12.000- 14.000 MeV)   0.00000E+00                                          0.00000E+00
                                                     ( 14.000- 20.000 MeV)   0.00000E+00                                          0.00000E+00

GAMMA SPECTRUM END


    DOSE RATE (1 g POINT SOURCE  1.0m) FROM GAMMAS WITH ENERGY 0-20MeV IS   4.91958E-08 Sieverts/hour   ( 4.91958E-06 Rems/hour)




                                                                           DOMINANT NUCLIDES
                                                                           -----------------

      NUCLIDE   ACTIVITY    PERCENT  NUCLIDE     HEAT      PERCENT  NUCLIDE  DOSE RATE    PERCENT  NUCLIDE  INGESTION    PERCENT  NUCLIDE  INHALATION   PERCENT 
                  (Bq)      ACTIVITY             (kW)       HEAT              (Sv/hr)    DOSE RATE            (Sv)      INGESTION            (Sv)     INHALATION
       Total   2.6238E+05             Total   1.0182E-10             Total   4.9196E-08             Total   5.7035E-05             Total   2.7539E-05
    1  Mn 56   2.2722E+05  86.60E+00  Mn 56   9.2155E-11  90.51E+00  Mn 56   4.6195E-08  93.90E+00  Mn 56   5.6805E-05  99.60E+00  Mn 56   2.7266E-05  99.01E+00
    2  Mn 57   1.6807E+04  64.06E-01  Fe 53   5.9268E-12  58.21E-01  Fe 53   2.5440E-09  51.71E-01  Fe 53   1.4854E-07  26.04E-02  Fe 53   1.4531E-07  52.76E-02
    3  Fe 53   1.6145E+04  61.53E-01  Mn 57   3.2418E-12  31.84E-01  Mn 57   3.7215E-10  75.65E-02  Fe 55   3.8713E-08  67.88E-03  Fe 55   9.0330E-08  32.80E-02
    4  Cr 55   1.7376E+03  66.23E-02  Cr 55   3.0644E-13  30.10E-02  Mn 58   8.2623E-11  16.79E-02  Mn 57   2.6891E-08  47.15E-03  Mn 54   2.2117E-08  80.31E-03
    5  Mn 58   2.8489E+02  10.86E-02  Mn 58   1.8685E-13  18.35E-02  Mn 54   1.6252E-12  33.04E-04  Mn 54   1.0469E-08  18.35E-03  Mn 57   1.1261E-08  40.89E-03
    6  Fe 55   1.1731E+02  44.71E-03  Mn 54   1.9845E-15  19.49E-04  Cr 51   2.8398E-13  57.72E-05  Cr 55   2.4327E-09  42.65E-04  Cr 51   1.8378E-09  66.73E-04
    7  Cr 51   4.9669E+01  18.93E-03  Cr 51   2.8947E-16  28.43E-05  Fe 55   2.7242E-13  55.38E-05  Cr 51   1.8874E-09  33.09E-04  Cr 55   1.0773E-09  39.12E-04
    8  Mn 54   1.4745E+01  56.20E-04  Fe 55   1.0647E-16  10.46E-05  Cr 55   1.3397E-13  27.23E-05  Mn 58   1.1965E-09  20.98E-04  Mn 58   4.8431E-10  17.59E-04
    9  Fe 59   2.7392E-02  10.44E-06  Fe 59   5.7378E-18  56.35E-07  Fe 59   3.9954E-15  81.21E-07  Fe 59   4.9306E-11  86.45E-06  Fe 59   1.0957E-10  39.79E-05
   10  H   3   5.1435E-04  19.60E-08  H   3   4.7034E-22  46.19E-11  Mn 53   1.5398E-20  31.30E-12  H   3   2.1603E-14  37.88E-09  H   3   1.3373E-13  48.56E-08
   11  Mn 53   8.0465E-06  30.67E-10  Mn 53   6.9923E-24  68.67E-13  V  50   3.1176E-34  63.37E-26  Mn 53   2.4140E-16  42.32E-11  Mn 53   4.3451E-16  15.78E-10
   12  Cr 50   2.9825E-19  11.37E-23  Cr 50   5.5774E-35  54.78E-24          0.0000E+00  00.00E+00  Cr 50   3.8772E-28  67.98E-23  Cr 50   3.8772E-28  14.08E-22
   13  V  50   1.8548E-21  70.69E-26  V  50   4.2769E-37  42.00E-26          0.0000E+00  00.00E+00  V  50   1.1871E-29  20.81E-24  V  50   2.0403E-29  74.09E-24

      NUCLIDE  GAMMA HEAT   PERCENT  NUCLIDE   BETA HEAT   PERCENT 
                  (kW)       GAMMA               (kW)       BETA
       Total   6.5704E-11             Total   3.6116E-11
    1  Mn 56   6.2260E-11  94.76E+00  Mn 56   2.9895E-11  82.78E+00
    2  Fe 53   3.0634E-12  46.62E-01  Mn 57   2.9735E-12  82.33E-01
    3  Mn 57   2.6828E-13  40.83E-02  Fe 53   2.8635E-12  79.29E-01
    4  Mn 58   1.0873E-13  16.55E-02  Cr 55   3.0526E-13  84.52E-02
    5  Mn 54   1.9749E-15  30.06E-04  Mn 58   7.8116E-14  21.63E-02
    6  Cr 55   1.1812E-15  17.98E-04  Fe 55   7.5250E-17  20.84E-05
    7  Cr 51   2.6031E-16  39.62E-05  Cr 51   2.9163E-17  80.75E-06
    8  Fe 55   3.1221E-17  47.52E-06  Mn 54   9.5133E-18  26.34E-06
    9  Fe 59   5.2183E-18  79.42E-07  Fe 59   5.1949E-19  14.38E-07
   10  Mn 53   1.8334E-24  27.90E-13  H   3   4.7034E-22  13.02E-10
   11  V  50   4.2303E-37  64.38E-26  Mn 53   5.1589E-24  14.28E-12
   12          0.0000E+00  00.00E+00  Cr 50   5.5774E-35  15.44E-23
   13          0.0000E+00  00.00E+00  V  50   4.6595E-39  12.90E-27
1 * * * TIME INTERVAL  12 * * * COOLING TIME IS   6.6000E+01 SECS OR  1.1000E+00 MINS  * * * ELAPSED TIME IS  10.200 m   * * * FLUX AMP IS  0.0000E+00 /cm^2/s  * * *
  NUCLIDE        ATOMS         GRAMS        Bq       b-Energy    a-Energy   g-Energy    DOSE RATE   INGESTION  INHALATION   HALF LIFE                        
                                                        kW          kW         kW         Sv/hr      DOSE(Sv)    DOSE(Sv)    seconds                         

  H   1    #  7.02629E+09   1.176E-14   0.000E+00   0.000E+00   0.00E+00   0.000E+00   0.000E+00   0.000E+00   0.000E+00     Stable                         
  H   2    #  2.01346E+08   6.734E-16   0.000E+00   0.000E+00   0.00E+00   0.000E+00   0.000E+00   0.000E+00   0.000E+00     Stable                         
  H   3       2.88738E+05   1.446E-18   5.144E-04   4.703E-22   0.00E+00   0.000E+00   0.000E+00   2.160E-14   1.337E-13   3.891E+08                        
  He  3    #  3.61016E+03   1.808E-20   0.000E+00   0.000E+00   0.00E+00   0.000E+00   0.000E+00   0.000E+00   0.000E+00     Stable                         
  He  4    #  1.32403E+09   8.800E-15   0.000E+00   0.000E+00   0.00E+00   0.000E+00   0.000E+00   0.000E+00   0.000E+00     Stable                         
  V  50       1.18223E+04   9.805E-19   1.855E-21   4.660E-39   0.00E+00   4.230E-37   3.118E-34   1.187E-29   2.040E-29   4.418E+24                        
  V  51    #  2.29483E+04   1.941E-18   0.000E+00   0.000E+00   0.00E+00   0.000E+00   0.000E+00   0.000E+00   0.000E+00     Stable                         
  Cr 50       2.44413E+06   2.027E-16   2.982E-19   5.577E-35   0.00E+00   0.000E+00   0.000E+00   3.877E-28   3.877E-28   5.680E+24                        
  Cr 51       1.71513E+08   1.451E-14   4.967E+01   2.916E-17   0.00E+00   2.603E-16   2.840E-13   1.887E-09   1.838E-09   2.394E+06                        
  Cr 52    #  2.86672E+07   2.473E-15   0.000E+00   0.000E+00   0.00E+00   0.000E+00   0.000E+00   0.000E+00   0.000E+00     Stable                         
  Cr 53    #  1.10736E+09   9.735E-14   0.000E+00   0.000E+00   0.00E+00   0.000E+00   0.000E+00   0.000E+00   0.000E+00     Stable                         
  Cr 54    #  2.41573E+07   2.164E-15   0.000E+00   0.000E+00   0.00E+00   0.000E+00   0.000E+00   0.000E+00   0.000E+00     Stable                         
  Cr 55       4.29280E+05   3.916E-17   1.401E+03   2.461E-13   0.00E+00   9.523E-16   1.080E-13   1.961E-09   8.686E-10   2.124E+02                        
  Mn 53       1.34915E+09   1.186E-13   8.053E-06   5.163E-24   0.00E+00   1.835E-24   1.541E-20   2.416E-16   4.348E-16   1.161E+14                        
  Mn 54       5.73667E+08   5.138E-14   1.474E+01   9.513E-18   0.00E+00   1.975E-15   1.625E-12   1.047E-08   2.212E-08   2.697E+07                        
  Mn 55    #  2.11009E+09   1.925E-13   0.000E+00   0.000E+00   0.00E+00   0.000E+00   0.000E+00   0.000E+00   0.000E+00     Stable                         
  Mn 56       3.03256E+09   2.817E-13   2.261E+05   2.975E-11   0.00E+00   6.195E-11   4.597E-08   5.653E-05   2.713E-05   9.297E+03                        
  Mn 57       1.21192E+06   1.146E-16   9.837E+03   1.740E-12   0.00E+00   1.570E-13   2.178E-10   1.574E-08   6.590E-09   8.540E+01                        
  Mn 58       1.32851E+04   1.278E-18   1.412E+02   3.873E-14   0.00E+00   5.391E-14   4.096E-11   5.932E-10   2.401E-10   6.520E+01                        
  Fe 53       1.08740E+07   9.560E-16   1.476E+04   2.618E-12   0.00E+00   2.801E-12   2.326E-09   1.358E-07   1.329E-07   5.106E+02                        
  Fe 54    #> 6.30304E+20   5.646E-02   0.000E+00   0.000E+00   0.00E+00   0.000E+00   0.000E+00   0.000E+00   0.000E+00     Stable                         
  Fe 55       1.46072E+10   1.333E-12   1.173E+02   7.525E-17   0.00E+00   3.122E-17   2.724E-13   3.871E-08   9.033E-08   8.631E+07                        
  Fe 56    #> 9.89443E+21   9.190E-01   0.000E+00   0.000E+00   0.00E+00   0.000E+00   0.000E+00   0.000E+00   0.000E+00     Stable                         
  Fe 57    #> 2.28506E+20   2.160E-02   0.000E+00   0.000E+00   0.00E+00   0.000E+00   0.000E+00   0.000E+00   0.000E+00     Stable                         
  Fe 58    #> 3.04099E+19   2.925E-03   0.000E+00   0.000E+00   0.00E+00   0.000E+00   0.000E+00   0.000E+00   0.000E+00     Stable                         
  Fe 59       1.51923E+05   1.487E-17   2.739E-02   5.195E-19   0.00E+00   5.218E-18   3.995E-15   4.931E-11   1.096E-10   3.844E+06                        
0  TOTAL NUMBER OF NUCLIDES PRINTED IN INVENTORY =   26
0  TOTAL CURIES   TOTAL ALPHA   TOTAL BETA    TOTAL GAMMA
                  CURIE-MeV     CURIE-MeV     CURIE-MeV
   6.82233E-06   0.00000E+00   5.80151E-06   1.09597E-05
0  ALPHA BECQUERELS = 0.000000E+00  BETA BECQUERELS = 2.524261E+05  GAMMA BECQUERELS = 0.000000E+00
0  TOTAL ACTIVITY FOR ALL MATERIALS     2.52426E+05 Bq
                                        5.37258E-05 Ci/cc           DENSITY   7.88E+00 gm/cc
   TOTAL ACTIVITY EXCLUDING TRITIUM     2.52426E+05 Bq
                                        5.37258E-05 Ci/cc
0  TOTAL ALPHA HEAT PRODUCTION          0.00000E+00 kW
   TOTAL BETA  HEAT PRODUCTION          3.43916E-11 kW
   TOTAL GAMMA HEAT PRODUCTION          6.49695E-11 kW              TOTAL HEAT PRODUCTION 9.93612E-11 kW
0  INITIAL TOTAL MASS OF MATERIAL       1.00000E-03 kg              TOTAL HEAT EX TRITIUM 9.93612E-11 kW
0  TOTAL MASS OF MATERIAL               1.00000E-03 kg
   NEUTRON  FLUX DURING INTERVAL        0.00000E+00 n/cm^2/s
0  NUMBER OF FISSIONS                   0.00000E+00                 BURN-UP OF ACTINIDES  0.00000E+00 %
0  INGESTION  HAZARD FOR ALL MATERIALS  5.67312E-05 Sv/kg
   INHALATION HAZARD FOR ALL MATERIALS  2.73874E-05 Sv/kg
0  INGESTION  HAZARD EXCLUDING TRITIUM  5.67312E-05 Sv/kg
   INHALATION HAZARD EXCLUDING TRITIUM  2.73874E-05 Sv/kg
0  APPM OF He  4    =  1.2278E-07
   APPM OF He  3    =  3.3478E-13
   APPM OF H   3    =  2.6776E-11
   APPM OF H   2    =  1.8671E-08
   APPM OF H   1    =  6.5157E-07



                                               COMPOSITION  OF  MATERIAL  BY  ELEMENT
                                               --------------------------------------
0                                                             BETA                     GAMMA                     ALPHA
                      ATOMS      GRAM-ATOMS     GRAMS      CURIES-MeV      kW        CURIES-MeV      kW        CURIES-MeV      kW

    1       H       7.2279E+09   1.2002E-14   1.2434E-14   7.9341E-17   4.7034E-22   0.0000E+00   0.0000E+00   0.0000E+00   0.0000E+00
    2       He      1.3240E+09   2.1986E-15   8.8001E-15   0.0000E+00   0.0000E+00   0.0000E+00   0.0000E+00   0.0000E+00   0.0000E+00
   23       V       3.4771E+04   5.7738E-20   2.9218E-18   7.8601E-34   4.6595E-39   7.1361E-32   4.2303E-37   0.0000E+00   0.0000E+00
   24       Cr      1.3346E+09   2.2161E-15   1.1674E-13   4.1522E-08   2.4614E-13   2.0455E-10   1.2126E-15   0.0000E+00   0.0000E+00
   25       Mn      7.0667E+09   1.1735E-14   6.4429E-13   5.3183E-06   3.1527E-11   1.0487E-05   6.2167E-11   0.0000E+00   0.0000E+00
   26       Fe      1.0784E+22   1.7907E-02   1.0000E+00   4.4166E-07   2.6182E-12   4.7248E-07   2.8009E-12   0.0000E+00   0.0000E+00



                                               GAMMA SPECTRUM AND ENERGIES/SECOND
                                               ----------------------------------

     NEUTRONS PER SECOND ARISING FROM SPONTANEOUS FISSION                    0.00000E+00    Entered density (g/cc)       7.88
     POWER FROM ALPHA PARTICLES (MeV per Second)                             0.00000E+00
     POWER FROM BETA  PARTICLES (MeV per Second)                             2.14656E+05
     TOTAL GAMMA POWER FROM ACTIVATION  (MeV per Second)                     4.05508E+05    Total gammas (per cc per second)      2.77316E+06
     GAMMA RAY POWER FROM ACTIVATION DECAY  MeV/s    (  0.000-  0.010 MeV)   1.83925E+01    Gammas per group (per cc per second)  2.89682E+04
                                                     (  0.010-  0.020 MeV)   1.49712E+01                                          7.85988E+03
                                                     (  0.020-  0.050 MeV)   0.00000E+00                                          0.00000E+00
                                                     (  0.050-  0.100 MeV)   0.00000E+00                                          0.00000E+00
                                                     (  0.100-  0.200 MeV)   1.92919E+02                                          1.01283E+04
                                                     (  0.200-  0.300 MeV)   4.98269E+00                                          1.56955E+02
                                                     (  0.300-  0.400 MeV)   2.43691E+03                                          5.48305E+04
                                                     (  0.400-  0.600 MeV)   1.47496E+04                                          2.32306E+05
                                                     (  0.600-  0.800 MeV)   3.91313E+02                                          4.40227E+03
                                                     (  0.800-  1.000 MeV)   1.89395E+05                                          1.65720E+06
                                                     (  1.000-  1.220 MeV)   1.04687E+02                                          7.42712E+02
                                                     (  1.220-  1.440 MeV)   5.09269E+02                                          3.01541E+03
                                                     (  1.440-  1.660 MeV)   2.39103E+02                                          1.21480E+03
                                                     (  1.660-  2.000 MeV)   1.13072E+05                                          4.86581E+05
                                                     (  2.000-  2.500 MeV)   7.08531E+04                                          2.47986E+05
                                                     (  2.500-  3.000 MeV)   1.21526E+04                                          3.48006E+04
                                                     (  3.000-  4.000 MeV)   1.31544E+03                                          2.95975E+03
                                                     (  4.000-  5.000 MeV)   2.24194E-01                                          3.92340E-01
                                                     (  5.000-  6.500 MeV)   0.00000E+00                                          0.00000E+00
                                                     (  6.500-  8.000 MeV)   0.00000E+00                                          0.00000E+00
                                                     (  8.000- 10.000 MeV)   0.00000E+00                                          0.00000E+00
                                                     ( 10.000- 12.000 MeV)   0.00000E+00                                          0.00000E+00
                                                     ( 12.000- 14.000 MeV)   0.00000E+00                                          0.00000E+00
                                                     ( 14.000- 20.000 MeV)   0.00000E+00                                          0.00000E+00

GAMMA SPECTRUM END


    DOSE RATE (1 g POINT SOURCE  1.0m) FROM GAMMAS WITH ENERGY 0-20MeV IS   4.85550E-08 Sieverts/hour   ( 4.85550E-06 Rems/hour)




                                                                           DOMINANT NUCLIDES
                                                                           -----------------

      NUCLIDE   ACTIVITY    PERCENT  NUCLIDE     HEAT      PERCENT  NUCLIDE  DOSE RATE    PERCENT  NUCLIDE  INGESTION    PERCENT  NUCLIDE  INHALATION   PERCENT 
                  (Bq)      ACTIVITY             (kW)       HEAT              (Sv/hr)    DOSE RATE            (Sv)      INGESTION            (Sv)     INHALATION
       Total   2.5243E+05             Total   9.9361E-11             Total   4.8555E-08             Total   5.6731E-05             Total   2.7387E-05
    1  Mn 56   2.2610E+05  89.57E+00  Mn 56   9.1703E-11  92.29E+00  Mn 56   4.5968E-08  94.67E+00  Mn 56   5.6526E-05  99.64E+00  Mn 56   2.7132E-05  99.07E+00
    2  Fe 53   1.4762E+04  58.48E-01  Fe 53   5.4189E-12  54.54E-01  Fe 53   2.3260E-09  47.90E-01  Fe 53   1.3581E-07  23.94E-02  Fe 53   1.3285E-07  48.51E-02
    3  Mn 57   9.8365E+03  38.97E-01  Mn 57   1.8973E-12  19.10E-01  Mn 57   2.1781E-10  44.86E-02  Fe 55   3.8713E-08  68.24E-03  Fe 55   9.0330E-08  32.98E-02
    4  Cr 55   1.4009E+03  55.50E-02  Cr 55   2.4707E-13  24.87E-02  Mn 58   4.0961E-11  84.36E-03  Mn 57   1.5738E-08  27.74E-03  Mn 54   2.2117E-08  80.76E-03
    5  Mn 58   1.4124E+02  55.95E-03  Mn 58   9.2632E-14  93.23E-03  Mn 54   1.6252E-12  33.47E-04  Mn 54   1.0469E-08  18.45E-03  Mn 57   6.5905E-09  24.06E-03
    6  Fe 55   1.1731E+02  46.47E-03  Mn 54   1.9845E-15  19.97E-04  Cr 51   2.8398E-13  58.49E-05  Cr 55   1.9613E-09  34.57E-04  Cr 51   1.8377E-09  67.10E-04
    7  Cr 51   4.9668E+01  19.68E-03  Cr 51   2.8947E-16  29.13E-05  Fe 55   2.7242E-13  56.11E-05  Cr 51   1.8874E-09  33.27E-04  Cr 55   8.6857E-10  31.71E-04
    8  Mn 54   1.4745E+01  58.41E-04  Fe 55   1.0647E-16  10.72E-05  Cr 55   1.0801E-13  22.25E-05  Mn 58   5.9319E-10  10.46E-04  Mn 58   2.4010E-10  87.67E-05
    9  Fe 59   2.7392E-02  10.85E-06  Fe 59   5.7377E-18  57.75E-07  Fe 59   3.9953E-15  82.28E-07  Fe 59   4.9306E-11  86.91E-06  Fe 59   1.0957E-10  40.01E-05
   10  H   3   5.1435E-04  20.38E-08  H   3   4.7034E-22  47.34E-11  Mn 53   1.5410E-20  31.74E-12  H   3   2.1603E-14  38.08E-09  H   3   1.3373E-13  48.83E-08
   11  Mn 53   8.0526E-06  31.90E-10  Mn 53   6.9976E-24  70.43E-13  V  50   3.1176E-34  64.21E-26  Mn 53   2.4158E-16  42.58E-11  Mn 53   4.3484E-16  15.88E-10
   12  Cr 50   2.9825E-19  11.82E-23  Cr 50   5.5774E-35  56.13E-24          0.0000E+00  00.00E+00  Cr 50   3.8772E-28  68.34E-23  Cr 50   3.8772E-28  14.16E-22
   13  V  50   1.8548E-21  73.48E-26  V  50   4.2769E-37  43.04E-26          0.0000E+00  00.00E+00  V  50   1.1871E-29  20.92E-24  V  50   2.0403E-29  74.50E-24

      NUCLIDE  GAMMA HEAT   PERCENT  NUCLIDE   BETA HEAT   PERCENT 
                  (kW)       GAMMA               (kW)       BETA
       Total   6.4970E-11             Total   3.4392E-11
    1  Mn 56   6.1955E-11  95.36E+00  Mn 56   2.9748E-11  86.50E+00
    2  Fe 53   2.8008E-12  43.11E-01  Fe 53   2.6181E-12  76.13E-01
    3  Mn 57   1.5701E-13  24.17E-02  Mn 57   1.7403E-12  50.60E-01
    4  Mn 58   5.3905E-14  82.97E-03  Cr 55   2.4611E-13  71.56E-02
    5  Mn 54   1.9749E-15  30.40E-04  Mn 58   3.8727E-14  11.26E-02
    6  Cr 55   9.5231E-16  14.66E-04  Fe 55   7.5249E-17  21.88E-05
    7  Cr 51   2.6030E-16  40.07E-05  Cr 51   2.9163E-17  84.80E-06
    8  Fe 55   3.1221E-17  48.06E-06  Mn 54   9.5133E-18  27.66E-06
    9  Fe 59   5.2182E-18  80.32E-07  Fe 59   5.1948E-19  15.10E-07
   10  Mn 53   1.8348E-24  28.24E-13  H   3   4.7034E-22  13.68E-10
   11  V  50   4.2303E-37  65.11E-26  Mn 53   5.1628E-24  15.01E-12
   12          0.0000E+00  00.00E+00  Cr 50   5.5774E-35  16.22E-23
   13          0.0000E+00  00.00E+00  V  50   4.6595E-39  13.55E-27
1 * * * TIME INTERVAL  13 * * * COOLING TIME IS   6.7000E+01 SECS OR  1.1167E+00 MINS  * * * ELAPSED TIME IS  11.317 m   * * * FLUX AMP IS  0.0000E+00 /cm^2/s  * * *
  NUCLIDE        ATOMS         GRAMS        Bq       b-Energy    a-Energy   g-Energy    DOSE RATE   INGESTION  INHALATION   HALF LIFE                        
                                                        kW          kW         kW         Sv/hr      DOSE(Sv)    DOSE(Sv)    seconds                         

  H   1    #  7.02629E+09   1.176E-14   0.000E+00   0.000E+00   0.00E+00   0.000E+00   0.000E+00   0.000E+00   0.000E+00     Stable                         
  H   2    #  2.01346E+08   6.734E-16   0.000E+00   0.000E+00   0.00E+00   0.000E+00   0.000E+00   0.000E+00   0.000E+00     Stable                         
  H   3       2.88738E+05   1.446E-18   5.144E-04   4.703E-22   0.00E+00   0.000E+00   0.000E+00   2.160E-14   1.337E-13   3.891E+08                        
  He  3    #  3.61020E+03   1.808E-20   0.000E+00   0.000E+00   0.00E+00   0.000E+00   0.000E+00   0.000E+00   0.000E+00     Stable                         
  He  4    #  1.32403E+09   8.800E-15   0.000E+00   0.000E+00   0.00E+00   0.000E+00   0.000E+00   0.000E+00   0.000E+00     Stable                         
  V  50       1.18223E+04   9.805E-19   1.855E-21   4.660E-39   0.00E+00   4.230E-37   3.118E-34   1.187E-29   2.040E-29   4.418E+24                        
  V  51    #  2.62761E+04   2.223E-18   0.000E+00   0.000E+00   0.00E+00   0.000E+00   0.000E+00   0.000E+00   0.000E+00     Stable                         
  Cr 50       2.44413E+06   2.027E-16   2.982E-19   5.577E-35   0.00E+00   0.000E+00   0.000E+00   3.877E-28   3.877E-28   5.680E+24                        
  Cr 51       1.71509E+08   1.451E-14   4.967E+01   2.916E-17   0.00E+00   2.603E-16   2.840E-13   1.887E-09   1.838E-09   2.394E+06                        
  Cr 52    #  2.86672E+07   2.473E-15   0.000E+00   0.000E+00   0.00E+00   0.000E+00   0.000E+00   0.000E+00   0.000E+00     Stable                         
  Cr 53    #  1.10736E+09   9.735E-14   0.000E+00   0.000E+00   0.00E+00   0.000E+00   0.000E+00   0.000E+00   0.000E+00     Stable                         
  Cr 54    #  2.41583E+07   2.164E-15   0.000E+00   0.000E+00   0.00E+00   0.000E+00   0.000E+00   0.000E+00   0.000E+00     Stable                         
  Cr 55       3.44972E+05   3.147E-17   1.126E+03   1.978E-13   0.00E+00   7.653E-16   8.680E-14   1.576E-09   6.980E-10   2.124E+02                        
  Mn 53       1.35010E+09   1.187E-13   8.058E-06   5.166E-24   0.00E+00   1.836E-24   1.542E-20   2.417E-16   4.351E-16   1.161E+14                        
  Mn 54       5.73666E+08   5.138E-14   1.474E+01   9.513E-18   0.00E+00   1.975E-15   1.625E-12   1.047E-08   2.212E-08   2.697E+07                        
  Mn 55    #  2.11018E+09   1.925E-13   0.000E+00   0.000E+00   0.00E+00   0.000E+00   0.000E+00   0.000E+00   0.000E+00     Stable                         
  Mn 56       3.01745E+09   2.803E-13   2.250E+05   2.960E-11   0.00E+00   6.165E-11   4.574E-08   5.624E-05   2.700E-05   9.297E+03                        
  Mn 57       7.03558E+05   6.652E-17   5.710E+03   1.010E-12   0.00E+00   9.115E-14   1.264E-10   9.137E-09   3.826E-09   8.540E+01                        
  Mn 58       6.51651E+03   6.270E-19   6.928E+01   1.900E-14   0.00E+00   2.644E-14   2.009E-11   2.910E-10   1.178E-10   6.520E+01                        
  Fe 53       9.92861E+06   8.729E-16   1.348E+04   2.390E-12   0.00E+00   2.557E-12   2.124E-09   1.240E-07   1.213E-07   5.106E+02                        
  Fe 54    #> 6.30304E+20   5.646E-02   0.000E+00   0.000E+00   0.00E+00   0.000E+00   0.000E+00   0.000E+00   0.000E+00     Stable                         
  Fe 55       1.46072E+10   1.333E-12   1.173E+02   7.525E-17   0.00E+00   3.122E-17   2.724E-13   3.871E-08   9.033E-08   8.631E+07                        
  Fe 56    #> 9.89443E+21   9.190E-01   0.000E+00   0.000E+00   0.00E+00   0.000E+00   0.000E+00   0.000E+00   0.000E+00     Stable                         
  Fe 57    #> 2.28506E+20   2.160E-02   0.000E+00   0.000E+00   0.00E+00   0.000E+00   0.000E+00   0.000E+00   0.000E+00     Stable                         
  Fe 58    #> 3.04099E+19   2.925E-03   0.000E+00   0.000E+00   0.00E+00   0.000E+00   0.000E+00   0.000E+00   0.000E+00     Stable                         
  Fe 59       1.51921E+05   1.487E-17   2.739E-02   5.195E-19   0.00E+00   5.218E-18   3.995E-15   4.930E-11   1.096E-10   3.844E+06                        
0  TOTAL NUMBER OF NUCLIDES PRINTED IN INVENTORY =   26
0  TOTAL CURIES   TOTAL ALPHA   TOTAL BETA    TOTAL GAMMA
                  CURIE-MeV     CURIE-MeV     CURIE-MeV
   6.63629E-06   0.00000E+00   5.60348E-06   1.08507E-05
0  ALPHA BECQUERELS = 0.000000E+00  BETA BECQUERELS = 2.455429E+05  GAMMA BECQUERELS = 0.000000E+00
0  TOTAL ACTIVITY FOR ALL MATERIALS     2.45543E+05 Bq
                                        5.22608E-05 Ci/cc           DENSITY   7.88E+00 gm/cc
   TOTAL ACTIVITY EXCLUDING TRITIUM     2.45543E+05 Bq
                                        5.22608E-05 Ci/cc
0  TOTAL ALPHA HEAT PRODUCTION          0.00000E+00 kW
   TOTAL BETA  HEAT PRODUCTION          3.32177E-11 kW
   TOTAL GAMMA HEAT PRODUCTION          6.43238E-11 kW              TOTAL HEAT PRODUCTION 9.75415E-11 kW
0  INITIAL TOTAL MASS OF MATERIAL       1.00000E-03 kg              TOTAL HEAT EX TRITIUM 9.75415E-11 kW
0  TOTAL MASS OF MATERIAL               1.00000E-03 kg
   NEUTRON  FLUX DURING INTERVAL        0.00000E+00 n/cm^2/s
0  NUMBER OF FISSIONS                   0.00000E+00                 BURN-UP OF ACTINIDES  0.00000E+00 %
0  INGESTION  HAZARD FOR ALL MATERIALS  5.64305E-05 Sv/kg
   INHALATION HAZARD FOR ALL MATERIALS  2.72376E-05 Sv/kg
0  INGESTION  HAZARD EXCLUDING TRITIUM  5.64305E-05 Sv/kg
   INHALATION HAZARD EXCLUDING TRITIUM  2.72376E-05 Sv/kg
0  APPM OF He  4    =  1.2278E-07
   APPM OF He  3    =  3.3478E-13
   APPM OF H   3    =  2.6776E-11
   APPM OF H   2    =  1.8671E-08
   APPM OF H   1    =  6.5157E-07



                                               COMPOSITION  OF  MATERIAL  BY  ELEMENT
                                               --------------------------------------
0                                                             BETA                     GAMMA                     ALPHA
                      ATOMS      GRAM-ATOMS     GRAMS      CURIES-MeV      kW        CURIES-MeV      kW        CURIES-MeV      kW

    1       H       7.2279E+09   1.2002E-14   1.2434E-14   7.9341E-17   4.7034E-22   0.0000E+00   0.0000E+00   0.0000E+00   0.0000E+00
    2       He      1.3240E+09   2.1986E-15   8.8001E-15   0.0000E+00   0.0000E+00   0.0000E+00   0.0000E+00   0.0000E+00   0.0000E+00
   23       V       3.8098E+04   6.3264E-20   3.2033E-18   7.8601E-34   4.6595E-39   7.1361E-32   4.2303E-37   0.0000E+00   0.0000E+00
   24       Cr      1.3345E+09   2.2160E-15   1.1673E-13   3.3368E-08   1.9781E-13   1.7300E-10   1.0256E-15   0.0000E+00   0.0000E+00
   25       Mn      7.0521E+09   1.1710E-14   6.4293E-13   5.1669E-06   3.0629E-11   1.0419E-05   6.1765E-11   0.0000E+00   0.0000E+00
   26       Fe      1.0784E+22   1.7907E-02   1.0000E+00   4.0326E-07   2.3905E-12   4.3140E-07   2.5574E-12   0.0000E+00   0.0000E+00



                                               GAMMA SPECTRUM AND ENERGIES/SECOND
                                               ----------------------------------

     NEUTRONS PER SECOND ARISING FROM SPONTANEOUS FISSION                    0.00000E+00    Entered density (g/cc)       7.88
     POWER FROM ALPHA PARTICLES (MeV per Second)                             0.00000E+00
     POWER FROM BETA  PARTICLES (MeV per Second)                             2.07329E+05
     TOTAL GAMMA POWER FROM ACTIVATION  (MeV per Second)                     4.01478E+05    Total gammas (per cc per second)      2.71238E+06
     GAMMA RAY POWER FROM ACTIVATION DECAY  MeV/s    (  0.000-  0.010 MeV)   1.10801E+01    Gammas per group (per cc per second)  1.74512E+04
                                                     (  0.010-  0.020 MeV)   8.69127E+00                                          4.56291E+03
                                                     (  0.020-  0.050 MeV)   0.00000E+00                                          0.00000E+00
                                                     (  0.050-  0.100 MeV)   0.00000E+00                                          0.00000E+00
                                                     (  0.100-  0.200 MeV)   1.11997E+02                                          5.87982E+03
                                                     (  0.200-  0.300 MeV)   2.89261E+00                                          9.11173E+01
                                                     (  0.300-  0.400 MeV)   2.19446E+03                                          4.93752E+04
                                                     (  0.400-  0.600 MeV)   1.34503E+04                                          2.11842E+05
                                                     (  0.600-  0.800 MeV)   2.27125E+02                                          2.55515E+03
                                                     (  0.800-  1.000 MeV)   1.88371E+05                                          1.64825E+06
                                                     (  1.000-  1.220 MeV)   1.01478E+02                                          7.19946E+02
                                                     (  1.220-  1.440 MeV)   4.24633E+02                                          2.51428E+03
                                                     (  1.440-  1.660 MeV)   1.78943E+02                                          9.09147E+02
                                                     (  1.660-  2.000 MeV)   1.12474E+05                                          4.84007E+05
                                                     (  2.000-  2.500 MeV)   7.04839E+04                                          2.46694E+05
                                                     (  2.500-  3.000 MeV)   1.20786E+04                                          3.45886E+04
                                                     (  3.000-  4.000 MeV)   1.30638E+03                                          2.93936E+03
                                                     (  4.000-  5.000 MeV)   1.09970E-01                                          1.92448E-01
                                                     (  5.000-  6.500 MeV)   0.00000E+00                                          0.00000E+00
                                                     (  6.500-  8.000 MeV)   0.00000E+00                                          0.00000E+00
                                                     (  8.000- 10.000 MeV)   0.00000E+00                                          0.00000E+00
                                                     ( 10.000- 12.000 MeV)   0.00000E+00                                          0.00000E+00
                                                     ( 12.000- 14.000 MeV)   0.00000E+00                                          0.00000E+00
                                                     ( 14.000- 20.000 MeV)   0.00000E+00                                          0.00000E+00

GAMMA SPECTRUM END


    DOSE RATE (1 g POINT SOURCE  1.0m) FROM GAMMAS WITH ENERGY 0-20MeV IS   4.80115E-08 Sieverts/hour   ( 4.80115E-06 Rems/hour)




                                                                           DOMINANT NUCLIDES
                                                                           -----------------

      NUCLIDE   ACTIVITY    PERCENT  NUCLIDE     HEAT      PERCENT  NUCLIDE  DOSE RATE    PERCENT  NUCLIDE  INGESTION    PERCENT  NUCLIDE  INHALATION   PERCENT 
                  (Bq)      ACTIVITY             (kW)       HEAT              (Sv/hr)    DOSE RATE            (Sv)      INGESTION            (Sv)     INHALATION
       Total   2.4554E+05             Total   9.7542E-11             Total   4.8011E-08             Total   5.6430E-05             Total   2.7238E-05
    1  Mn 56   2.2498E+05  91.62E+00  Mn 56   9.1246E-11  93.55E+00  Mn 56   4.5739E-08  95.27E+00  Mn 56   5.6244E-05  99.67E+00  Mn 56   2.6997E-05  99.12E+00
    2  Fe 53   1.3478E+04  54.89E-01  Fe 53   4.9478E-12  50.73E-01  Fe 53   2.1238E-09  44.24E-01  Fe 53   1.2400E-07  21.97E-02  Fe 53   1.2130E-07  44.54E-02
    3  Mn 57   5.7104E+03  23.26E-01  Mn 57   1.1015E-12  11.29E-01  Mn 57   1.2644E-10  26.34E-02  Fe 55   3.8713E-08  68.60E-03  Fe 55   9.0330E-08  33.16E-02
    4  Cr 55   1.1258E+03  45.85E-02  Cr 55   1.9854E-13  20.35E-02  Mn 58   2.0092E-11  41.85E-03  Mn 54   1.0469E-08  18.55E-03  Mn 54   2.2117E-08  81.20E-03
    5  Fe 55   1.1731E+02  47.78E-03  Mn 58   4.5437E-14  46.58E-03  Mn 54   1.6252E-12  33.85E-04  Mn 57   9.1367E-09  16.19E-03  Mn 57   3.8260E-09  14.05E-03
    6  Mn 58   6.9278E+01  28.21E-03  Mn 54   1.9845E-15  20.34E-04  Cr 51   2.8397E-13  59.15E-05  Cr 51   1.8874E-09  33.45E-04  Cr 51   1.8377E-09  67.47E-04
    7  Cr 51   4.9668E+01  20.23E-03  Cr 51   2.8946E-16  29.68E-05  Fe 55   2.7242E-13  56.74E-05  Cr 55   1.5761E-09  27.93E-04  Cr 55   6.9798E-10  25.63E-04
    8  Mn 54   1.4745E+01  60.05E-04  Fe 55   1.0647E-16  10.92E-05  Cr 55   8.6798E-14  18.08E-05  Mn 58   2.9097E-10  51.56E-05  Mn 58   1.1777E-10  43.24E-05
    9  Fe 59   2.7392E-02  11.16E-06  Fe 59   5.7376E-18  58.82E-07  Fe 59   3.9953E-15  83.21E-07  Fe 59   4.9305E-11  87.37E-06  Fe 59   1.0957E-10  40.23E-05
   10  H   3   5.1435E-04  20.95E-08  H   3   4.7034E-22  48.22E-11  Mn 53   1.5420E-20  32.12E-12  H   3   2.1603E-14  38.28E-09  H   3   1.3373E-13  49.10E-08
   11  Mn 53   8.0582E-06  32.82E-10  Mn 53   7.0025E-24  71.79E-13  V  50   3.1176E-34  64.93E-26  Mn 53   2.4175E-16  42.84E-11  Mn 53   4.3514E-16  15.98E-10
   12  Cr 50   2.9825E-19  12.15E-23  Cr 50   5.5774E-35  57.18E-24          0.0000E+00  00.00E+00  Cr 50   3.8772E-28  68.71E-23  Cr 50   3.8772E-28  14.23E-22
   13  V  50   1.8548E-21  75.54E-26  V  50   4.2769E-37  43.85E-26          0.0000E+00  00.00E+00  V  50   1.1871E-29  21.04E-24  V  50   2.0403E-29  74.91E-24

      NUCLIDE  GAMMA HEAT   PERCENT  NUCLIDE   BETA HEAT   PERCENT 
                  (kW)       GAMMA               (kW)       BETA
       Total   6.4324E-11             Total   3.3218E-11
    1  Mn 56   6.1646E-11  95.84E+00  Mn 56   2.9600E-11  89.11E+00
    2  Fe 53   2.5573E-12  39.76E-01  Fe 53   2.3905E-12  71.96E-01
    3  Mn 57   9.1152E-14  14.17E-02  Mn 57   1.0103E-12  30.41E-01
    4  Mn 58   2.6441E-14  41.11E-03  Cr 55   1.9778E-13  59.54E-02
    5  Mn 54   1.9749E-15  30.70E-04  Mn 58   1.8996E-14  57.19E-03
    6  Cr 55   7.6528E-16  11.90E-04  Fe 55   7.5249E-17  22.65E-05
    7  Cr 51   2.6030E-16  40.47E-05  Cr 51   2.9162E-17  87.79E-06
    8  Fe 55   3.1221E-17  48.54E-06  Mn 54   9.5133E-18  28.64E-06
    9  Fe 59   5.2182E-18  81.12E-07  Fe 59   5.1947E-19  15.64E-07
   10  Mn 53   1.8361E-24  28.54E-13  H   3   4.7034E-22  14.16E-10
   11  V  50   4.2303E-37  65.77E-26  Mn 53   5.1664E-24  15.55E-12
   12          0.0000E+00  00.00E+00  Cr 50   5.5774E-35  16.79E-23
   13          0.0000E+00  00.00E+00  V  50   4.6595E-39  14.03E-27
1 * * * TIME INTERVAL  14 * * * COOLING TIME IS   9.7000E+01 SECS OR  1.6167E+00 MINS  * * * ELAPSED TIME IS  12.933 m   * * * FLUX AMP IS  0.0000E+00 /cm^2/s  * * *
  NUCLIDE        ATOMS         GRAMS        Bq       b-Energy    a-Energy   g-Energy    DOSE RATE   INGESTION  INHALATION   HALF LIFE                        
                                                        kW          kW         kW         Sv/hr      DOSE(Sv)    DOSE(Sv)    seconds                         

  H   1    #  7.02629E+09   1.176E-14   0.000E+00   0.000E+00   0.00E+00   0.000E+00   0.000E+00   0.000E+00   0.000E+00     Stable                         
  H   2    #  2.01346E+08   6.734E-16   0.000E+00   0.000E+00   0.00E+00   0.000E+00   0.000E+00   0.000E+00   0.000E+00     Stable                         
  H   3       2.88738E+05   1.446E-18   5.144E-04   4.703E-22   0.00E+00   0.000E+00   0.000E+00   2.160E-14   1.337E-13   3.891E+08                        
  He  3    #  3.61025E+03   1.808E-20   0.000E+00   0.000E+00   0.00E+00   0.000E+00   0.000E+00   0.000E+00   0.000E+00     Stable                         
  He  4    #  1.32403E+09   8.800E-15   0.000E+00   0.000E+00   0.00E+00   0.000E+00   0.000E+00   0.000E+00   0.000E+00     Stable                         
  V  50       1.18223E+04   9.805E-19   1.855E-21   4.660E-39   0.00E+00   4.230E-37   3.118E-34   1.187E-29   2.040E-29   4.418E+24                        
  V  51    #  3.10938E+04   2.630E-18   0.000E+00   0.000E+00   0.00E+00   0.000E+00   0.000E+00   0.000E+00   0.000E+00     Stable                         
  Cr 50       2.44413E+06   2.027E-16   2.982E-19   5.577E-35   0.00E+00   0.000E+00   0.000E+00   3.877E-28   3.877E-28   5.680E+24                        
  Cr 51       1.71504E+08   1.451E-14   4.967E+01   2.916E-17   0.00E+00   2.603E-16   2.840E-13   1.887E-09   1.838E-09   2.394E+06                        
  Cr 52    #  2.86672E+07   2.473E-15   0.000E+00   0.000E+00   0.00E+00   0.000E+00   0.000E+00   0.000E+00   0.000E+00     Stable                         
  Cr 53    #  1.10736E+09   9.735E-14   0.000E+00   0.000E+00   0.00E+00   0.000E+00   0.000E+00   0.000E+00   0.000E+00     Stable                         
  Cr 54    #  2.41597E+07   2.164E-15   0.000E+00   0.000E+00   0.00E+00   0.000E+00   0.000E+00   0.000E+00   0.000E+00     Stable                         
  Cr 55       2.51366E+05   2.293E-17   8.203E+02   1.441E-13   0.00E+00   5.576E-16   6.325E-14   1.148E-09   5.086E-10   2.124E+02                        
  Mn 53       1.35132E+09   1.188E-13   8.066E-06   5.171E-24   0.00E+00   1.838E-24   1.543E-20   2.420E-16   4.355E-16   1.161E+14                        
  Mn 54       5.73664E+08   5.138E-14   1.474E+01   9.513E-18   0.00E+00   1.975E-15   1.625E-12   1.047E-08   2.212E-08   2.697E+07                        
  Mn 55    #  2.11029E+09   1.925E-13   0.000E+00   0.000E+00   0.00E+00   0.000E+00   0.000E+00   0.000E+00   0.000E+00     Stable                         
  Mn 56       2.99570E+09   2.783E-13   2.234E+05   2.939E-11   0.00E+00   6.120E-11   4.541E-08   5.584E-05   2.680E-05   9.297E+03                        
  Mn 57       3.20170E+05   3.027E-17   2.599E+03   4.598E-13   0.00E+00   4.148E-14   5.754E-11   4.158E-09   1.741E-09   8.540E+01                        
  Mn 58       2.32358E+03   2.236E-19   2.470E+01   6.773E-15   0.00E+00   9.428E-15   7.164E-12   1.037E-10   4.199E-11   6.520E+01                        
  Fe 53       8.70364E+06   7.652E-16   1.182E+04   2.096E-12   0.00E+00   2.242E-12   1.862E-09   1.087E-07   1.063E-07   5.106E+02                        
  Fe 54    #> 6.30304E+20   5.646E-02   0.000E+00   0.000E+00   0.00E+00   0.000E+00   0.000E+00   0.000E+00   0.000E+00     Stable                         
  Fe 55       1.46072E+10   1.333E-12   1.173E+02   7.525E-17   0.00E+00   3.122E-17   2.724E-13   3.871E-08   9.033E-08   8.631E+07                        
  Fe 56    #> 9.89443E+21   9.190E-01   0.000E+00   0.000E+00   0.00E+00   0.000E+00   0.000E+00   0.000E+00   0.000E+00     Stable                         
  Fe 57    #> 2.28506E+20   2.160E-02   0.000E+00   0.000E+00   0.00E+00   0.000E+00   0.000E+00   0.000E+00   0.000E+00     Stable                         
  Fe 58    #> 3.04099E+19   2.925E-03   0.000E+00   0.000E+00   0.00E+00   0.000E+00   0.000E+00   0.000E+00   0.000E+00     Stable                         
  Fe 59       1.51918E+05   1.487E-17   2.739E-02   5.195E-19   0.00E+00   5.218E-18   3.995E-15   4.930E-11   1.096E-10   3.844E+06                        
0  TOTAL NUMBER OF NUCLIDES PRINTED IN INVENTORY =   26
0  TOTAL CURIES   TOTAL ALPHA   TOTAL BETA    TOTAL GAMMA
                  CURIE-MeV     CURIE-MeV     CURIE-MeV
   6.45397E-06   0.00000E+00   5.41376E-06   1.07113E-05
0  ALPHA BECQUERELS = 0.000000E+00  BETA BECQUERELS = 2.387970E+05  GAMMA BECQUERELS = 0.000000E+00
0  TOTAL ACTIVITY FOR ALL MATERIALS     2.38797E+05 Bq
                                        5.08250E-05 Ci/cc           DENSITY   7.88E+00 gm/cc
   TOTAL ACTIVITY EXCLUDING TRITIUM     2.38797E+05 Bq
                                        5.08250E-05 Ci/cc
0  TOTAL ALPHA HEAT PRODUCTION          0.00000E+00 kW
   TOTAL BETA  HEAT PRODUCTION          3.20930E-11 kW
   TOTAL GAMMA HEAT PRODUCTION          6.34972E-11 kW              TOTAL HEAT PRODUCTION 9.55902E-11 kW
0  INITIAL TOTAL MASS OF MATERIAL       1.00000E-03 kg              TOTAL HEAT EX TRITIUM 9.55902E-11 kW
0  TOTAL MASS OF MATERIAL               1.00000E-03 kg
   NEUTRON  FLUX DURING INTERVAL        0.00000E+00 n/cm^2/s
0  NUMBER OF FISSIONS                   0.00000E+00                 BURN-UP OF ACTINIDES  0.00000E+00 %
0  INGESTION  HAZARD FOR ALL MATERIALS  5.60043E-05 Sv/kg
   INHALATION HAZARD FOR ALL MATERIALS  2.70258E-05 Sv/kg
0  INGESTION  HAZARD EXCLUDING TRITIUM  5.60043E-05 Sv/kg
   INHALATION HAZARD EXCLUDING TRITIUM  2.70258E-05 Sv/kg
0  APPM OF He  4    =  1.2278E-07
   APPM OF He  3    =  3.3479E-13
   APPM OF H   3    =  2.6776E-11
   APPM OF H   2    =  1.8671E-08
   APPM OF H   1    =  6.5157E-07



                                               COMPOSITION  OF  MATERIAL  BY  ELEMENT
                                               --------------------------------------
0                                                             BETA                     GAMMA                     ALPHA
                      ATOMS      GRAM-ATOMS     GRAMS      CURIES-MeV      kW        CURIES-MeV      kW        CURIES-MeV      kW

    1       H       7.2279E+09   1.2002E-14   1.2434E-14   7.9341E-17   4.7034E-22   0.0000E+00   0.0000E+00   0.0000E+00   0.0000E+00
    2       He      1.3240E+09   2.1986E-15   8.8001E-15   0.0000E+00   0.0000E+00   0.0000E+00   0.0000E+00   0.0000E+00   0.0000E+00
   23       V       4.2916E+04   7.1264E-20   3.6109E-18   7.8601E-34   4.6595E-39   7.1361E-32   4.2303E-37   0.0000E+00   0.0000E+00
   24       Cr      1.3344E+09   2.2158E-15   1.1672E-13   2.4315E-08   1.4414E-13   1.3797E-10   8.1792E-16   0.0000E+00   0.0000E+00
   25       Mn      7.0313E+09   1.1676E-14   6.4099E-13   5.0359E-06   2.9853E-11   1.0333E-05   6.1255E-11   0.0000E+00   0.0000E+00
   26       Fe      1.0784E+22   1.7907E-02   1.0000E+00   3.5351E-07   2.0956E-12   3.7818E-07   2.2418E-12   0.0000E+00   0.0000E+00



                                               GAMMA SPECTRUM AND ENERGIES/SECOND
                                               ----------------------------------

     NEUTRONS PER SECOND ARISING FROM SPONTANEOUS FISSION                    0.00000E+00    Entered density (g/cc)       7.88
     POWER FROM ALPHA PARTICLES (MeV per Second)                             0.00000E+00
     POWER FROM BETA  PARTICLES (MeV per Second)                             2.00309E+05
     TOTAL GAMMA POWER FROM ACTIVATION  (MeV per Second)                     3.96318E+05    Total gammas (per cc per second)      2.64491E+06
     GAMMA RAY POWER FROM ACTIVATION DECAY  MeV/s    (  0.000-  0.010 MeV)   5.53228E+00    Gammas per group (per cc per second)  8.71334E+03
                                                     (  0.010-  0.020 MeV)   3.95515E+00                                          2.07645E+03
                                                     (  0.020-  0.050 MeV)   0.00000E+00                                          0.00000E+00
                                                     (  0.050-  0.100 MeV)   0.00000E+00                                          0.00000E+00
                                                     (  0.100-  0.200 MeV)   5.09673E+01                                          2.67578E+03
                                                     (  0.200-  0.300 MeV)   1.31635E+00                                          4.14649E+01
                                                     (  0.300-  0.400 MeV)   1.90129E+03                                          4.27790E+04
                                                     (  0.400-  0.600 MeV)   1.17793E+04                                          1.85523E+05
                                                     (  0.600-  0.800 MeV)   1.03334E+02                                          1.16250E+03
                                                     (  0.800-  1.000 MeV)   1.86962E+05                                          1.63592E+06
                                                     (  1.000-  1.220 MeV)   9.88386E+01                                          7.01220E+02
                                                     (  1.220-  1.440 MeV)   3.68182E+02                                          2.18002E+03
                                                     (  1.440-  1.660 MeV)   1.27951E+02                                          6.50076E+02
                                                     (  1.660-  2.000 MeV)   1.11640E+05                                          4.80420E+05
                                                     (  2.000-  2.500 MeV)   6.99587E+04                                          2.44856E+05
                                                     (  2.500-  3.000 MeV)   1.19771E+04                                          3.42981E+04
                                                     (  3.000-  4.000 MeV)   1.29441E+03                                          2.91243E+03
                                                     (  4.000-  5.000 MeV)   3.92118E-02                                          6.86207E-02
                                                     (  5.000-  6.500 MeV)   0.00000E+00                                          0.00000E+00
                                                     (  6.500-  8.000 MeV)   0.00000E+00                                          0.00000E+00
                                                     (  8.000- 10.000 MeV)   0.00000E+00                                          0.00000E+00
                                                     ( 10.000- 12.000 MeV)   0.00000E+00                                          0.00000E+00
                                                     ( 12.000- 14.000 MeV)   0.00000E+00                                          0.00000E+00
                                                     ( 14.000- 20.000 MeV)   0.00000E+00                                          0.00000E+00

GAMMA SPECTRUM END


    DOSE RATE (1 g POINT SOURCE  1.0m) FROM GAMMAS WITH ENERGY 0-20MeV IS   4.73380E-08 Sieverts/hour   ( 4.73380E-06 Rems/hour)




                                                                           DOMINANT NUCLIDES
                                                                           -----------------

      NUCLIDE   ACTIVITY    PERCENT  NUCLIDE     HEAT      PERCENT  NUCLIDE  DOSE RATE    PERCENT  NUCLIDE  INGESTION    PERCENT  NUCLIDE  INHALATION   PERCENT 
                  (Bq)      ACTIVITY             (kW)       HEAT              (Sv/hr)    DOSE RATE            (Sv)      INGESTION            (Sv)     INHALATION
       Total   2.3880E+05             Total   9.5590E-11             Total   4.7338E-08             Total   5.6004E-05             Total   2.7026E-05
    1  Mn 56   2.2336E+05  93.53E+00  Mn 56   9.0588E-11  94.77E+00  Mn 56   4.5409E-08  95.93E+00  Mn 56   5.5839E-05  99.70E+00  Mn 56   2.6803E-05  99.17E+00
    2  Fe 53   1.1815E+04  49.48E-01  Fe 53   4.3374E-12  45.37E-01  Fe 53   1.8618E-09  39.33E-01  Fe 53   1.0870E-07  19.41E-02  Fe 53   1.0634E-07  39.35E-02
    3  Mn 57   2.5986E+03  10.88E-01  Mn 57   5.0124E-13  52.44E-02  Mn 57   5.7541E-11  12.16E-02  Fe 55   3.8713E-08  69.12E-03  Fe 55   9.0330E-08  33.42E-02
    4  Cr 55   8.2031E+02  34.35E-02  Cr 55   1.4467E-13  15.13E-02  Mn 58   7.1641E-12  15.13E-03  Mn 54   1.0469E-08  18.69E-03  Mn 54   2.2117E-08  81.84E-03
    5  Fe 55   1.1731E+02  49.13E-03  Mn 58   1.6201E-14  16.95E-03  Mn 54   1.6252E-12  34.33E-04  Mn 57   4.1578E-09  74.24E-04  Cr 51   1.8376E-09  68.00E-04
    6  Cr 51   4.9666E+01  20.80E-03  Mn 54   1.9844E-15  20.76E-04  Cr 51   2.8396E-13  59.99E-05  Cr 51   1.8873E-09  33.70E-04  Mn 57   1.7411E-09  64.42E-04
    7  Mn 58   2.4702E+01  10.34E-03  Cr 51   2.8945E-16  30.28E-05  Fe 55   2.7242E-13  57.55E-05  Cr 55   1.1484E-09  20.51E-04  Cr 55   5.0859E-10  18.82E-04
    8  Mn 54   1.4745E+01  61.75E-04  Fe 55   1.0647E-16  11.14E-05  Cr 55   6.3246E-14  13.36E-05  Mn 58   1.0375E-10  18.53E-05  Fe 59   1.0956E-10  40.54E-05
    9  Fe 59   2.7391E-02  11.47E-06  Fe 59   5.7375E-18  60.02E-07  Fe 59   3.9952E-15  84.40E-07  Fe 59   4.9304E-11  88.04E-06  Mn 58   4.1994E-11  15.54E-05
   10  H   3   5.1435E-04  21.54E-08  H   3   4.7034E-22  49.20E-11  Mn 53   1.5434E-20  32.60E-12  H   3   2.1603E-14  38.57E-09  H   3   1.3373E-13  49.48E-08
   11  Mn 53   8.0655E-06  33.78E-10  Mn 53   7.0088E-24  73.32E-13  V  50   3.1176E-34  65.86E-26  Mn 53   2.4197E-16  43.20E-11  Mn 53   4.3554E-16  16.12E-10
   12  Cr 50   2.9825E-19  12.49E-23  Cr 50   5.5774E-35  58.35E-24          0.0000E+00  00.00E+00  Cr 50   3.8772E-28  69.23E-23  Cr 50   3.8772E-28  14.35E-22
   13  V  50   1.8548E-21  77.67E-26  V  50   4.2769E-37  44.74E-26          0.0000E+00  00.00E+00  V  50   1.1871E-29  21.20E-24  V  50   2.0403E-29  75.50E-24

      NUCLIDE  GAMMA HEAT   PERCENT  NUCLIDE   BETA HEAT   PERCENT 
                  (kW)       GAMMA               (kW)       BETA
       Total   6.3497E-11             Total   3.2093E-11
    1  Mn 56   6.1202E-11  96.38E+00  Mn 56   2.9387E-11  91.57E+00
    2  Fe 53   2.2418E-12  35.31E-01  Fe 53   2.0955E-12  65.30E-01
    3  Mn 57   4.1481E-14  65.33E-03  Mn 57   4.5976E-13  14.33E-01
    4  Mn 58   9.4281E-15  14.85E-03  Cr 55   1.4411E-13  44.90E-02
    5  Mn 54   1.9749E-15  31.10E-04  Mn 58   6.7733E-15  21.11E-03
    6  Cr 55   5.5763E-16  87.82E-05  Fe 55   7.5249E-17  23.45E-05
    7  Cr 51   2.6029E-16  40.99E-05  Cr 51   2.9161E-17  90.86E-06
    8  Fe 55   3.1221E-17  49.17E-06  Mn 54   9.5133E-18  29.64E-06
    9  Fe 59   5.2181E-18  82.18E-07  Fe 59   5.1946E-19  16.19E-07
   10  Mn 53   1.8378E-24  28.94E-13  H   3   4.7034E-22  14.66E-10
   11  V  50   4.2303E-37  66.62E-26  Mn 53   5.1711E-24  16.11E-12
   12          0.0000E+00  00.00E+00  Cr 50   5.5774E-35  17.38E-23
   13          0.0000E+00  00.00E+00  V  50   4.6595E-39  14.52E-27
1 * * * TIME INTERVAL  15 * * * COOLING TIME IS   1.2300E+02 SECS OR  2.0500E+00 MINS  * * * ELAPSED TIME IS  14.983 m   * * * FLUX AMP IS  0.0000E+00 /cm^2/s  * * *
  NUCLIDE        ATOMS         GRAMS        Bq       b-Energy    a-Energy   g-Energy    DOSE RATE   INGESTION  INHALATION   HALF LIFE                        
                                                        kW          kW         kW         Sv/hr      DOSE(Sv)    DOSE(Sv)    seconds                         

  H   1    #  7.02629E+09   1.176E-14   0.000E+00   0.000E+00   0.00E+00   0.000E+00   0.000E+00   0.000E+00   0.000E+00     Stable                         
  H   2    #  2.01346E+08   6.734E-16   0.000E+00   0.000E+00   0.00E+00   0.000E+00   0.000E+00   0.000E+00   0.000E+00     Stable                         
  H   3       2.88738E+05   1.446E-18   5.144E-04   4.703E-22   0.00E+00   0.000E+00   0.000E+00   2.160E-14   1.337E-13   3.891E+08                        
  He  3    #  3.61031E+03   1.808E-20   0.000E+00   0.000E+00   0.00E+00   0.000E+00   0.000E+00   0.000E+00   0.000E+00     Stable                         
  He  4    #  1.32403E+09   8.800E-15   0.000E+00   0.000E+00   0.00E+00   0.000E+00   0.000E+00   0.000E+00   0.000E+00     Stable                         
  V  50       1.18223E+04   9.805E-19   1.855E-21   4.660E-39   0.00E+00   4.230E-37   3.118E-34   1.187E-29   2.040E-29   4.418E+24                        
  V  51    #  3.72026E+04   3.147E-18   0.000E+00   0.000E+00   0.00E+00   0.000E+00   0.000E+00   0.000E+00   0.000E+00     Stable                         
  Cr 50       2.44413E+06   2.027E-16   2.982E-19   5.577E-35   0.00E+00   0.000E+00   0.000E+00   3.877E-28   3.877E-28   5.680E+24                        
  Cr 51       1.71498E+08   1.451E-14   4.966E+01   2.916E-17   0.00E+00   2.603E-16   2.840E-13   1.887E-09   1.838E-09   2.394E+06                        
  Cr 52    #  2.86672E+07   2.473E-15   0.000E+00   0.000E+00   0.00E+00   0.000E+00   0.000E+00   0.000E+00   0.000E+00     Stable                         
  Cr 53    #  1.10736E+09   9.735E-14   0.000E+00   0.000E+00   0.00E+00   0.000E+00   0.000E+00   0.000E+00   0.000E+00     Stable                         
  Cr 54    #  2.41616E+07   2.164E-15   0.000E+00   0.000E+00   0.00E+00   0.000E+00   0.000E+00   0.000E+00   0.000E+00     Stable                         
  Cr 55       1.68260E+05   1.535E-17   5.491E+02   9.647E-14   0.00E+00   3.733E-16   4.234E-14   7.687E-10   3.404E-10   2.124E+02                        
  Mn 53       1.35266E+09   1.189E-13   8.074E-06   5.176E-24   0.00E+00   1.840E-24   1.545E-20   2.422E-16   4.360E-16   1.161E+14                        
  Mn 54       5.73662E+08   5.138E-14   1.474E+01   9.513E-18   0.00E+00   1.975E-15   1.625E-12   1.047E-08   2.212E-08   2.697E+07                        
  Mn 55    #  2.11038E+09   1.925E-13   0.000E+00   0.000E+00   0.00E+00   0.000E+00   0.000E+00   0.000E+00   0.000E+00     Stable                         
  Mn 56       2.96835E+09   2.757E-13   2.213E+05   2.912E-11   0.00E+00   6.064E-11   4.499E-08   5.533E-05   2.656E-05   9.297E+03                        
  Mn 57       1.17980E+05   1.115E-17   9.576E+02   1.694E-13   0.00E+00   1.529E-14   2.120E-11   1.532E-09   6.416E-10   8.540E+01                        
  Fe 53       7.36520E+06   6.475E-16   9.998E+03   1.773E-12   0.00E+00   1.897E-12   1.575E-09   9.199E-08   8.999E-08   5.106E+02                        
  Fe 54    #> 6.30304E+20   5.646E-02   0.000E+00   0.000E+00   0.00E+00   0.000E+00   0.000E+00   0.000E+00   0.000E+00     Stable                         
  Fe 55       1.46072E+10   1.333E-12   1.173E+02   7.525E-17   0.00E+00   3.122E-17   2.724E-13   3.871E-08   9.033E-08   8.631E+07                        
  Fe 56    #> 9.89443E+21   9.190E-01   0.000E+00   0.000E+00   0.00E+00   0.000E+00   0.000E+00   0.000E+00   0.000E+00     Stable                         
  Fe 57    #> 2.28506E+20   2.160E-02   0.000E+00   0.000E+00   0.00E+00   0.000E+00   0.000E+00   0.000E+00   0.000E+00     Stable                         
  Fe 58    #> 3.04099E+19   2.925E-03   0.000E+00   0.000E+00   0.00E+00   0.000E+00   0.000E+00   0.000E+00   0.000E+00     Stable                         
  Fe 59       1.51915E+05   1.487E-17   2.739E-02   5.195E-19   0.00E+00   5.218E-18   3.995E-15   4.930E-11   1.096E-10   3.844E+06                        
0  TOTAL NUMBER OF NUCLIDES PRINTED IN INVENTORY =   25
0  TOTAL CURIES   TOTAL ALPHA   TOTAL BETA    TOTAL GAMMA
                  CURIE-MeV     CURIE-MeV     CURIE-MeV
   6.29741E-06   0.00000E+00   5.25599E-06   1.05529E-05
0  ALPHA BECQUERELS = 0.000000E+00  BETA BECQUERELS = 2.330041E+05  GAMMA BECQUERELS = 0.000000E+00
0  TOTAL ACTIVITY FOR ALL MATERIALS     2.33004E+05 Bq
                                        4.95921E-05 Ci/cc           DENSITY   7.88E+00 gm/cc
   TOTAL ACTIVITY EXCLUDING TRITIUM     2.33004E+05 Bq
                                        4.95921E-05 Ci/cc
0  TOTAL ALPHA HEAT PRODUCTION          0.00000E+00 kW
   TOTAL BETA  HEAT PRODUCTION          3.11578E-11 kW
   TOTAL GAMMA HEAT PRODUCTION          6.25579E-11 kW              TOTAL HEAT PRODUCTION 9.37157E-11 kW
0  INITIAL TOTAL MASS OF MATERIAL       1.00000E-03 kg              TOTAL HEAT EX TRITIUM 9.37157E-11 kW
0  TOTAL MASS OF MATERIAL               1.00000E-03 kg
   NEUTRON  FLUX DURING INTERVAL        0.00000E+00 n/cm^2/s
0  NUMBER OF FISSIONS                   0.00000E+00                 BURN-UP OF ACTINIDES  0.00000E+00 %
0  INGESTION  HAZARD FOR ALL MATERIALS  5.54747E-05 Sv/kg
   INHALATION HAZARD FOR ALL MATERIALS  2.67634E-05 Sv/kg
0  INGESTION  HAZARD EXCLUDING TRITIUM  5.54747E-05 Sv/kg
   INHALATION HAZARD EXCLUDING TRITIUM  2.67634E-05 Sv/kg
0  APPM OF He  4    =  1.2278E-07
   APPM OF He  3    =  3.3479E-13
   APPM OF H   3    =  2.6776E-11
   APPM OF H   2    =  1.8671E-08
   APPM OF H   1    =  6.5157E-07



                                               COMPOSITION  OF  MATERIAL  BY  ELEMENT
                                               --------------------------------------
0                                                             BETA                     GAMMA                     ALPHA
                      ATOMS      GRAM-ATOMS     GRAMS      CURIES-MeV      kW        CURIES-MeV      kW        CURIES-MeV      kW

    1       H       7.2279E+09   1.2002E-14   1.2434E-14   7.9341E-17   4.7034E-22   0.0000E+00   0.0000E+00   0.0000E+00   0.0000E+00
    2       He      1.3240E+09   2.1986E-15   8.8001E-15   0.0000E+00   0.0000E+00   0.0000E+00   0.0000E+00   0.0000E+00   0.0000E+00
   23       V       4.9025E+04   8.1408E-20   4.1277E-18   7.8601E-34   4.6595E-39   7.1361E-32   4.2303E-37   0.0000E+00   0.0000E+00
   24       Cr      1.3343E+09   2.2156E-15   1.1671E-13   1.6278E-08   9.6496E-14   1.0687E-10   6.3355E-16   0.0000E+00   0.0000E+00
   25       Mn      7.0052E+09   1.1632E-14   6.3856E-13   4.9406E-06   2.9288E-11   1.0233E-05   6.0660E-11   0.0000E+00   0.0000E+00
   26       Fe      1.0784E+22   1.7907E-02   1.0000E+00   2.9915E-07   1.7734E-12   3.2002E-07   1.8971E-12   0.0000E+00   0.0000E+00



                                               GAMMA SPECTRUM AND ENERGIES/SECOND
                                               ----------------------------------

     NEUTRONS PER SECOND ARISING FROM SPONTANEOUS FISSION                    0.00000E+00    Entered density (g/cc)       7.88
     POWER FROM ALPHA PARTICLES (MeV per Second)                             0.00000E+00
     POWER FROM BETA  PARTICLES (MeV per Second)                             1.94472E+05
     TOTAL GAMMA POWER FROM ACTIVATION  (MeV per Second)                     3.90456E+05    Total gammas (per cc per second)      2.57832E+06
     GAMMA RAY POWER FROM ACTIVATION DECAY  MeV/s    (  0.000-  0.010 MeV)   2.56167E+00    Gammas per group (per cc per second)  4.03463E+03
                                                     (  0.010-  0.020 MeV)   1.45744E+00                                          7.65154E+02
                                                     (  0.020-  0.050 MeV)   0.00000E+00                                          0.00000E+00
                                                     (  0.050-  0.100 MeV)   0.00000E+00                                          0.00000E+00
                                                     (  0.100-  0.200 MeV)   1.87816E+01                                          9.86037E+02
                                                     (  0.200-  0.300 MeV)   4.85062E-01                                          1.52794E+01
                                                     (  0.300-  0.400 MeV)   1.59749E+03                                          3.59435E+04
                                                     (  0.400-  0.600 MeV)   9.96162E+03                                          1.56895E+05
                                                     (  0.600-  0.800 MeV)   3.80453E+01                                          4.28009E+02
                                                     (  0.800-  1.000 MeV)   1.85228E+05                                          1.62074E+06
                                                     (  1.000-  1.220 MeV)   9.69161E+01                                          6.87580E+02
                                                     (  1.220-  1.440 MeV)   3.35368E+02                                          1.98573E+03
                                                     (  1.440-  1.660 MeV)   9.33031E+01                                          4.74040E+02
                                                     (  1.660-  2.000 MeV)   1.10609E+05                                          4.75980E+05
                                                     (  2.000-  2.500 MeV)   6.93031E+04                                          2.42561E+05
                                                     (  2.500-  3.000 MeV)   1.18535E+04                                          3.39442E+04
                                                     (  3.000-  4.000 MeV)   1.28015E+03                                          2.88033E+03
                                                     (  4.000-  5.000 MeV)   0.00000E+00                                          0.00000E+00
                                                     (  5.000-  6.500 MeV)   0.00000E+00                                          0.00000E+00
                                                     (  6.500-  8.000 MeV)   0.00000E+00                                          0.00000E+00
                                                     (  8.000- 10.000 MeV)   0.00000E+00                                          0.00000E+00
                                                     ( 10.000- 12.000 MeV)   0.00000E+00                                          0.00000E+00
                                                     ( 12.000- 14.000 MeV)   0.00000E+00                                          0.00000E+00
                                                     ( 14.000- 20.000 MeV)   0.00000E+00                                          0.00000E+00

GAMMA SPECTRUM END


    DOSE RATE (1 g POINT SOURCE  1.0m) FROM GAMMAS WITH ENERGY 0-20MeV IS   4.65936E-08 Sieverts/hour   ( 4.65936E-06 Rems/hour)




                                                                           DOMINANT NUCLIDES
                                                                           -----------------

      NUCLIDE   ACTIVITY    PERCENT  NUCLIDE     HEAT      PERCENT  NUCLIDE  DOSE RATE    PERCENT  NUCLIDE  INGESTION    PERCENT  NUCLIDE  INHALATION   PERCENT 
                  (Bq)      ACTIVITY             (kW)       HEAT              (Sv/hr)    DOSE RATE            (Sv)      INGESTION            (Sv)     INHALATION
       Total   2.3300E+05             Total   9.3716E-11             Total   4.6594E-08             Total   5.5475E-05             Total   2.6763E-05
    1  Mn 56   2.2132E+05  94.98E+00  Mn 56   8.9761E-11  95.78E+00  Mn 56   4.4995E-08  96.57E+00  Mn 56   5.5329E-05  99.74E+00  Mn 56   2.6558E-05  99.23E+00
    2  Fe 53   9.9984E+03  42.91E-01  Fe 53   3.6704E-12  39.16E-01  Fe 53   1.5755E-09  33.81E-01  Fe 53   9.1985E-08  16.58E-02  Fe 55   9.0330E-08  33.75E-02
    3  Mn 57   9.5758E+02  41.10E-02  Mn 57   1.8470E-13  19.71E-02  Mn 57   2.1203E-11  45.51E-03  Fe 55   3.8713E-08  69.78E-03  Fe 53   8.9985E-08  33.62E-02
    4  Cr 55   5.4910E+02  23.57E-02  Cr 55   9.6840E-14  10.33E-02  Mn 54   1.6252E-12  34.88E-04  Mn 54   1.0469E-08  18.87E-03  Mn 54   2.2117E-08  82.64E-03
    5  Fe 55   1.1731E+02  50.35E-03  Mn 54   1.9844E-15  21.18E-04  Cr 51   2.8395E-13  60.94E-05  Cr 51   1.8872E-09  34.02E-04  Cr 51   1.8376E-09  68.66E-04
    6  Cr 51   4.9664E+01  21.31E-03  Cr 51   2.8944E-16  30.89E-05  Fe 55   2.7242E-13  58.47E-05  Mn 57   1.5321E-09  27.62E-04  Mn 57   6.4158E-10  23.97E-04
    7  Mn 54   1.4745E+01  63.28E-04  Fe 55   1.0647E-16  11.36E-05  Cr 55   4.2336E-14  90.86E-06  Cr 55   7.6874E-10  13.86E-04  Cr 55   3.4044E-10  12.72E-04
    8  Fe 59   2.7391E-02  11.76E-06  Fe 59   5.7374E-18  61.22E-07  Fe 59   3.9951E-15  85.74E-07  Fe 59   4.9303E-11  88.87E-06  Fe 59   1.0956E-10  40.94E-05
    9  H   3   5.1435E-04  22.07E-08  H   3   4.7034E-22  50.19E-11  Mn 53   1.5450E-20  33.16E-12  H   3   2.1603E-14  38.94E-09  H   3   1.3373E-13  49.97E-08
   10  Mn 53   8.0735E-06  34.65E-10  Mn 53   7.0158E-24  74.86E-13  V  50   3.1176E-34  66.91E-26  Mn 53   2.4221E-16  43.66E-11  Mn 53   4.3597E-16  16.29E-10
   11  Cr 50   2.9825E-19  12.80E-23  Cr 50   5.5774E-35  59.51E-24          0.0000E+00  00.00E+00  Cr 50   3.8772E-28  69.89E-23  Cr 50   3.8772E-28  14.49E-22
   12  V  50   1.8548E-21  79.61E-26  V  50   4.2769E-37  45.64E-26          0.0000E+00  00.00E+00  V  50   1.1871E-29  21.40E-24  V  50   2.0403E-29  76.24E-24

      NUCLIDE  GAMMA HEAT   PERCENT  NUCLIDE   BETA HEAT   PERCENT 
                  (kW)       GAMMA               (kW)       BETA
       Total   6.2558E-11             Total   3.1158E-11
    1  Mn 56   6.0643E-11  96.94E+00  Mn 56   2.9118E-11  93.45E+00
    2  Fe 53   1.8971E-12  30.33E-01  Fe 53   1.7733E-12  56.91E-01
    3  Mn 57   1.5285E-14  24.43E-03  Mn 57   1.6942E-13  54.37E-02
    4  Mn 54   1.9749E-15  31.57E-04  Cr 55   9.6466E-14  30.96E-02
    5  Cr 55   3.7327E-16  59.67E-05  Fe 55   7.5249E-17  24.15E-05
    6  Cr 51   2.6028E-16  41.61E-05  Cr 51   2.9160E-17  93.59E-06
    7  Fe 55   3.1221E-17  49.91E-06  Mn 54   9.5132E-18  30.53E-06
    8  Fe 59   5.2180E-18  83.41E-07  Fe 59   5.1945E-19  16.67E-07
    9  Mn 53   1.8396E-24  29.41E-13  H   3   4.7034E-22  15.10E-10
   10  V  50   4.2303E-37  67.62E-26  Mn 53   5.1762E-24  16.61E-12
   11          0.0000E+00  00.00E+00  Cr 50   5.5774E-35  17.90E-23
   12          0.0000E+00  00.00E+00  V  50   4.6595E-39  14.95E-27
1 * * * TIME INTERVAL  16 * * * COOLING TIME IS   1.2300E+02 SECS OR  2.0500E+00 MINS  * * * ELAPSED TIME IS  17.033 m   * * * FLUX AMP IS  0.0000E+00 /cm^2/s  * * *
  NUCLIDE        ATOMS         GRAMS        Bq       b-Energy    a-Energy   g-Energy    DOSE RATE   INGESTION  INHALATION   HALF LIFE                        
                                                        kW          kW         kW         Sv/hr      DOSE(Sv)    DOSE(Sv)    seconds                         

  H   1    #  7.02629E+09   1.176E-14   0.000E+00   0.000E+00   0.00E+00   0.000E+00   0.000E+00   0.000E+00   0.000E+00     Stable                         
  H   2    #  2.01346E+08   6.734E-16   0.000E+00   0.000E+00   0.00E+00   0.000E+00   0.000E+00   0.000E+00   0.000E+00     Stable                         
  H   3       2.88738E+05   1.446E-18   5.144E-04   4.703E-22   0.00E+00   0.000E+00   0.000E+00   2.160E-14   1.337E-13   3.891E+08                        
  He  3    #  3.61037E+03   1.808E-20   0.000E+00   0.000E+00   0.00E+00   0.000E+00   0.000E+00   0.000E+00   0.000E+00     Stable                         
  He  4    #  1.32403E+09   8.800E-15   0.000E+00   0.000E+00   0.00E+00   0.000E+00   0.000E+00   0.000E+00   0.000E+00     Stable                         
  V  50       1.18223E+04   9.805E-19   1.855E-21   4.660E-39   0.00E+00   4.230E-37   3.118E-34   1.187E-29   2.040E-29   4.418E+24                        
  V  51    #  4.33112E+04   3.664E-18   0.000E+00   0.000E+00   0.00E+00   0.000E+00   0.000E+00   0.000E+00   0.000E+00     Stable                         
  Cr 50       2.44413E+06   2.027E-16   2.982E-19   5.577E-35   0.00E+00   0.000E+00   0.000E+00   3.877E-28   3.877E-28   5.680E+24                        
  Cr 51       1.71492E+08   1.451E-14   4.966E+01   2.916E-17   0.00E+00   2.603E-16   2.839E-13   1.887E-09   1.838E-09   2.394E+06                        
  Cr 52    #  2.86673E+07   2.473E-15   0.000E+00   0.000E+00   0.00E+00   0.000E+00   0.000E+00   0.000E+00   0.000E+00     Stable                         
  Cr 53    #  1.10736E+09   9.735E-14   0.000E+00   0.000E+00   0.00E+00   0.000E+00   0.000E+00   0.000E+00   0.000E+00     Stable                         
  Cr 54    #  2.41634E+07   2.164E-15   0.000E+00   0.000E+00   0.00E+00   0.000E+00   0.000E+00   0.000E+00   0.000E+00     Stable                         
  Cr 55       1.12631E+05   1.028E-17   3.676E+02   6.457E-14   0.00E+00   2.499E-16   2.834E-14   5.146E-10   2.279E-10   2.124E+02                        
  Mn 53       1.35380E+09   1.190E-13   8.080E-06   5.181E-24   0.00E+00   1.841E-24   1.546E-20   2.424E-16   4.363E-16   1.161E+14                        
  Mn 54       5.73661E+08   5.138E-14   1.474E+01   9.513E-18   0.00E+00   1.975E-15   1.625E-12   1.047E-08   2.212E-08   2.697E+07                        
  Mn 55    #  2.11045E+09   1.925E-13   0.000E+00   0.000E+00   0.00E+00   0.000E+00   0.000E+00   0.000E+00   0.000E+00     Stable                         
  Mn 56       2.94126E+09   2.732E-13   2.193E+05   2.885E-11   0.00E+00   6.009E-11   4.458E-08   5.482E-05   2.632E-05   9.297E+03                        
  Mn 57  ?    4.34727E+04   4.110E-18   3.528E+02   6.243E-14   0.00E+00   5.632E-15   7.813E-12   5.646E-10   2.364E-10   8.540E+01                        
  Fe 53       6.23259E+06   5.480E-16   8.461E+03   1.501E-12   0.00E+00   1.605E-12   1.333E-09   7.784E-08   7.615E-08   5.106E+02                        
  Fe 54    #> 6.30304E+20   5.646E-02   0.000E+00   0.000E+00   0.00E+00   0.000E+00   0.000E+00   0.000E+00   0.000E+00     Stable                         
  Fe 55       1.46072E+10   1.333E-12   1.173E+02   7.525E-17   0.00E+00   3.122E-17   2.724E-13   3.871E-08   9.033E-08   8.631E+07                        
  Fe 56    #> 9.89443E+21   9.190E-01   0.000E+00   0.000E+00   0.00E+00   0.000E+00   0.000E+00   0.000E+00   0.000E+00     Stable                         
  Fe 57    #> 2.28506E+20   2.160E-02   0.000E+00   0.000E+00   0.00E+00   0.000E+00   0.000E+00   0.000E+00   0.000E+00     Stable                         
  Fe 58    #> 3.04099E+19   2.925E-03   0.000E+00   0.000E+00   0.00E+00   0.000E+00   0.000E+00   0.000E+00   0.000E+00     Stable                         
  Fe 59       1.51912E+05   1.487E-17   2.739E-02   5.194E-19   0.00E+00   5.218E-18   3.995E-15   4.930E-11   1.096E-10   3.844E+06                        
0  TOTAL NUMBER OF NUCLIDES PRINTED IN INVENTORY =   25
0  TOTAL CURIES   TOTAL ALPHA   TOTAL BETA    TOTAL GAMMA
                  CURIE-MeV     CURIE-MeV     CURIE-MeV
   6.18000E-06   0.00000E+00   5.14172E-06   1.04086E-05
0  ALPHA BECQUERELS = 0.000000E+00  BETA BECQUERELS = 2.286599E+05  GAMMA BECQUERELS = 0.000000E+00
0  TOTAL ACTIVITY FOR ALL MATERIALS     2.28660E+05 Bq
                                        4.86675E-05 Ci/cc           DENSITY   7.88E+00 gm/cc
   TOTAL ACTIVITY EXCLUDING TRITIUM     2.28660E+05 Bq
                                        4.86675E-05 Ci/cc
0  TOTAL ALPHA HEAT PRODUCTION          0.00000E+00 kW
   TOTAL BETA  HEAT PRODUCTION          3.04804E-11 kW
   TOTAL GAMMA HEAT PRODUCTION          6.17028E-11 kW              TOTAL HEAT PRODUCTION 9.21832E-11 kW
0  INITIAL TOTAL MASS OF MATERIAL       1.00000E-03 kg              TOTAL HEAT EX TRITIUM 9.21832E-11 kW
0  TOTAL MASS OF MATERIAL               1.00000E-03 kg
   NEUTRON  FLUX DURING INTERVAL        0.00000E+00 n/cm^2/s
0  NUMBER OF FISSIONS                   0.00000E+00                 BURN-UP OF ACTINIDES  0.00000E+00 %
0  INGESTION  HAZARD FOR ALL MATERIALS  5.49543E-05 Sv/kg
   INHALATION HAZARD FOR ALL MATERIALS  2.65066E-05 Sv/kg
0  INGESTION  HAZARD EXCLUDING TRITIUM  5.49543E-05 Sv/kg
   INHALATION HAZARD EXCLUDING TRITIUM  2.65066E-05 Sv/kg
0  APPM OF He  4    =  1.2278E-07
   APPM OF He  3    =  3.3480E-13
   APPM OF H   3    =  2.6776E-11
   APPM OF H   2    =  1.8671E-08
   APPM OF H   1    =  6.5157E-07



                                               COMPOSITION  OF  MATERIAL  BY  ELEMENT
                                               --------------------------------------
0                                                             BETA                     GAMMA                     ALPHA
                      ATOMS      GRAM-ATOMS     GRAMS      CURIES-MeV      kW        CURIES-MeV      kW        CURIES-MeV      kW

    1       H       7.2279E+09   1.2002E-14   1.2434E-14   7.9341E-17   4.7034E-22   0.0000E+00   0.0000E+00   0.0000E+00   0.0000E+00
    2       He      1.3240E+09   2.1986E-15   8.8001E-15   0.0000E+00   0.0000E+00   0.0000E+00   0.0000E+00   0.0000E+00   0.0000E+00
   23       V       5.5134E+04   9.1551E-20   4.6444E-18   7.8601E-34   4.6595E-39   7.1361E-32   4.2303E-37   0.0000E+00   0.0000E+00
   24       Cr      1.3342E+09   2.2155E-15   1.1670E-13   1.0898E-08   6.4602E-14   8.6054E-11   5.1013E-16   0.0000E+00   0.0000E+00
   25       Mn      6.9792E+09   1.1589E-14   6.3614E-13   4.8777E-06   2.8915E-11   1.0138E-05   6.0097E-11   0.0000E+00   0.0000E+00
   26       Fe      1.0784E+22   1.7907E-02   1.0000E+00   2.5315E-07   1.5007E-12   2.7081E-07   1.6054E-12   0.0000E+00   0.0000E+00



                                               GAMMA SPECTRUM AND ENERGIES/SECOND
                                               ----------------------------------

     NEUTRONS PER SECOND ARISING FROM SPONTANEOUS FISSION                    0.00000E+00    Entered density (g/cc)       7.88
     POWER FROM ALPHA PARTICLES (MeV per Second)                             0.00000E+00
     POWER FROM BETA  PARTICLES (MeV per Second)                             1.90244E+05
     TOTAL GAMMA POWER FROM ACTIVATION  (MeV per Second)                     3.85119E+05    Total gammas (per cc per second)      2.52343E+06
     GAMMA RAY POWER FROM ACTIVATION DECAY  MeV/s    (  0.000-  0.010 MeV)   1.42552E+00    Gammas per group (per cc per second)  2.24520E+03
                                                     (  0.010-  0.020 MeV)   5.37031E-01                                          2.81941E+02
                                                     (  0.020-  0.050 MeV)   0.00000E+00                                          0.00000E+00
                                                     (  0.050-  0.100 MeV)   0.00000E+00                                          0.00000E+00
                                                     (  0.100-  0.200 MeV)   6.92108E+00                                          3.63357E+02
                                                     (  0.200-  0.300 MeV)   1.78734E-01                                          5.63011E+00
                                                     (  0.300-  0.400 MeV)   1.34777E+03                                          3.03249E+04
                                                     (  0.400-  0.600 MeV)   8.42838E+03                                          1.32747E+05
                                                     (  0.600-  0.800 MeV)   1.40188E+01                                          1.57711E+02
                                                     (  0.800-  1.000 MeV)   1.83534E+05                                          1.60592E+06
                                                     (  1.000-  1.220 MeV)   9.57643E+01                                          6.79409E+02
                                                     (  1.220-  1.440 MeV)   3.29347E+02                                          1.95008E+03
                                                     (  1.440-  1.660 MeV)   7.35029E+01                                          3.73442E+02
                                                     (  1.660-  2.000 MeV)   1.09597E+05                                          4.71627E+05
                                                     (  2.000-  2.500 MeV)   6.86575E+04                                          2.40301E+05
                                                     (  2.500-  3.000 MeV)   1.17345E+04                                          3.36035E+04
                                                     (  3.000-  4.000 MeV)   1.26668E+03                                          2.85004E+03
                                                     (  4.000-  5.000 MeV)   0.00000E+00                                          0.00000E+00
                                                     (  5.000-  6.500 MeV)   0.00000E+00                                          0.00000E+00
                                                     (  6.500-  8.000 MeV)   0.00000E+00                                          0.00000E+00
                                                     (  8.000- 10.000 MeV)   0.00000E+00                                          0.00000E+00
                                                     ( 10.000- 12.000 MeV)   0.00000E+00                                          0.00000E+00
                                                     ( 12.000- 14.000 MeV)   0.00000E+00                                          0.00000E+00
                                                     ( 14.000- 20.000 MeV)   0.00000E+00                                          0.00000E+00

GAMMA SPECTRUM END


    DOSE RATE (1 g POINT SOURCE  1.0m) FROM GAMMAS WITH ENERGY 0-20MeV IS   4.59272E-08 Sieverts/hour   ( 4.59272E-06 Rems/hour)




                                                                           DOMINANT NUCLIDES
                                                                           -----------------

      NUCLIDE   ACTIVITY    PERCENT  NUCLIDE     HEAT      PERCENT  NUCLIDE  DOSE RATE    PERCENT  NUCLIDE  INGESTION    PERCENT  NUCLIDE  INHALATION   PERCENT 
                  (Bq)      ACTIVITY             (kW)       HEAT              (Sv/hr)    DOSE RATE            (Sv)      INGESTION            (Sv)     INHALATION
       Total   2.2866E+05             Total   9.2183E-11             Total   4.5927E-08             Total   5.4954E-05             Total   2.6507E-05
    1  Mn 56   2.1930E+05  95.91E+00  Mn 56   8.8942E-11  96.48E+00  Mn 56   4.4584E-08  97.08E+00  Mn 56   5.4824E-05  99.76E+00  Mn 56   2.6316E-05  99.28E+00
    2  Fe 53   8.4608E+03  37.00E-01  Fe 53   3.1059E-12  33.69E-01  Fe 53   1.3332E-09  29.03E-01  Fe 53   7.7840E-08  14.16E-02  Fe 55   9.0330E-08  34.08E-02
    3  Cr 55   3.6756E+02  16.07E-02  Mn 57   6.8059E-14  73.83E-03  Mn 57   7.8129E-12  17.01E-03  Fe 55   3.8713E-08  70.45E-03  Fe 53   7.6148E-08  28.73E-02
    4  Mn 57   3.5285E+02  15.43E-02  Cr 55   6.4823E-14  70.32E-03  Mn 54   1.6252E-12  35.39E-04  Mn 54   1.0469E-08  19.05E-03  Mn 54   2.2117E-08  83.44E-03
    5  Fe 55   1.1731E+02  51.30E-03  Mn 54   1.9844E-15  21.53E-04  Cr 51   2.8394E-13  61.82E-05  Cr 51   1.8872E-09  34.34E-04  Cr 51   1.8375E-09  69.32E-04
    6  Cr 51   4.9663E+01  21.72E-03  Cr 51   2.8943E-16  31.40E-05  Fe 55   2.7242E-13  59.32E-05  Mn 57   5.6455E-10  10.27E-04  Mn 57   2.3641E-10  89.19E-05
    7  Mn 54   1.4745E+01  64.48E-04  Fe 55   1.0647E-16  11.55E-05  Cr 55   2.8339E-14  61.70E-06  Cr 55   5.1458E-10  93.64E-05  Cr 55   2.2789E-10  85.97E-05
    8  Fe 59   2.7390E-02  11.98E-06  Fe 59   5.7373E-18  62.24E-07  Fe 59   3.9950E-15  86.99E-07  Fe 59   4.9302E-11  89.71E-06  Fe 59   1.0956E-10  41.33E-05
    9  H   3   5.1435E-04  22.49E-08  H   3   4.7034E-22  51.02E-11  Mn 53   1.5463E-20  33.67E-12  H   3   2.1603E-14  39.31E-09  H   3   1.3373E-13  50.45E-08
   10  Mn 53   8.0803E-06  35.34E-10  Mn 53   7.0217E-24  76.17E-13  V  50   3.1176E-34  67.88E-26  Mn 53   2.4241E-16  44.11E-11  Mn 53   4.3634E-16  16.46E-10
   11  Cr 50   2.9825E-19  13.04E-23  Cr 50   5.5774E-35  60.50E-24          0.0000E+00  00.00E+00  Cr 50   3.8772E-28  70.55E-23  Cr 50   3.8772E-28  14.63E-22
   12  V  50   1.8548E-21  81.12E-26  V  50   4.2769E-37  46.40E-26          0.0000E+00  00.00E+00  V  50   1.1871E-29  21.60E-24  V  50   2.0403E-29  76.97E-24

      NUCLIDE  GAMMA HEAT   PERCENT  NUCLIDE   BETA HEAT   PERCENT 
                  (kW)       GAMMA               (kW)       BETA
       Total   6.1703E-11             Total   3.0480E-11
    1  Mn 56   6.0089E-11  97.39E+00  Mn 56   2.8853E-11  94.66E+00
    2  Fe 53   1.6053E-12  26.02E-01  Fe 53   1.5006E-12  49.23E-01
    3  Mn 57   5.6323E-15  91.28E-04  Cr 55   6.4573E-14  21.19E-02
    4  Mn 54   1.9749E-15  32.01E-04  Mn 57   6.2427E-14  20.48E-02
    5  Cr 51   2.6027E-16  42.18E-05  Fe 55   7.5249E-17  24.69E-05
    6  Cr 55   2.4986E-16  40.49E-05  Cr 51   2.9159E-17  95.66E-06
    7  Fe 55   3.1221E-17  50.60E-06  Mn 54   9.5132E-18  31.21E-06
    8  Fe 59   5.2178E-18  84.56E-07  Fe 59   5.1944E-19  17.04E-07
    9  Mn 53   1.8411E-24  29.84E-13  H   3   4.7034E-22  15.43E-10
   10  V  50   4.2303E-37  68.56E-26  Mn 53   5.1805E-24  17.00E-12
   11          0.0000E+00  00.00E+00  Cr 50   5.5774E-35  18.30E-23
   12          0.0000E+00  00.00E+00  V  50   4.6595E-39  15.29E-27
1 * * * TIME INTERVAL  17 * * * COOLING TIME IS   1.8400E+02 SECS OR  3.0667E+00 MINS  * * * ELAPSED TIME IS  20.100 m   * * * FLUX AMP IS  0.0000E+00 /cm^2/s  * * *
  NUCLIDE        ATOMS         GRAMS        Bq       b-Energy    a-Energy   g-Energy    DOSE RATE   INGESTION  INHALATION   HALF LIFE                        
                                                        kW          kW         kW         Sv/hr      DOSE(Sv)    DOSE(Sv)    seconds                         

  H   1    #  7.02629E+09   1.176E-14   0.000E+00   0.000E+00   0.00E+00   0.000E+00   0.000E+00   0.000E+00   0.000E+00     Stable                         
  H   2    #  2.01346E+08   6.734E-16   0.000E+00   0.000E+00   0.00E+00   0.000E+00   0.000E+00   0.000E+00   0.000E+00     Stable                         
  H   3       2.88738E+05   1.446E-18   5.144E-04   4.703E-22   0.00E+00   0.000E+00   0.000E+00   2.160E-14   1.337E-13   3.891E+08                        
  He  3    #  3.61047E+03   1.808E-20   0.000E+00   0.000E+00   0.00E+00   0.000E+00   0.000E+00   0.000E+00   0.000E+00     Stable                         
  He  4    #  1.32403E+09   8.800E-15   0.000E+00   0.000E+00   0.00E+00   0.000E+00   0.000E+00   0.000E+00   0.000E+00     Stable                         
  V  50       1.18223E+04   9.805E-19   1.855E-21   4.660E-39   0.00E+00   4.230E-37   3.118E-34   1.187E-29   2.040E-29   4.418E+24                        
  V  51    #  5.24489E+04   4.437E-18   0.000E+00   0.000E+00   0.00E+00   0.000E+00   0.000E+00   0.000E+00   0.000E+00     Stable                         
  Cr 50       2.44413E+06   2.027E-16   2.982E-19   5.577E-35   0.00E+00   0.000E+00   0.000E+00   3.877E-28   3.877E-28   5.680E+24                        
  Cr 51       1.71483E+08   1.451E-14   4.966E+01   2.916E-17   0.00E+00   2.603E-16   2.839E-13   1.887E-09   1.837E-09   2.394E+06                        
  Cr 52    #  2.86673E+07   2.473E-15   0.000E+00   0.000E+00   0.00E+00   0.000E+00   0.000E+00   0.000E+00   0.000E+00     Stable                         
  Cr 53    #  1.10736E+09   9.735E-14   0.000E+00   0.000E+00   0.00E+00   0.000E+00   0.000E+00   0.000E+00   0.000E+00     Stable                         
  Cr 54    #  2.41661E+07   2.164E-15   0.000E+00   0.000E+00   0.00E+00   0.000E+00   0.000E+00   0.000E+00   0.000E+00     Stable                         
  Cr 55       6.17840E+04   5.637E-18   2.016E+02   3.542E-14   0.00E+00   1.371E-16   1.555E-14   2.823E-10   1.250E-10   2.124E+02                        
  Mn 53       1.35517E+09   1.191E-13   8.089E-06   5.186E-24   0.00E+00   1.843E-24   1.548E-20   2.427E-16   4.368E-16   1.161E+14                        
  Mn 54       5.73658E+08   5.138E-14   1.474E+01   9.513E-18   0.00E+00   1.975E-15   1.625E-12   1.047E-08   2.212E-08   2.697E+07                        
  Mn 55    #  2.11053E+09   1.925E-13   0.000E+00   0.000E+00   0.00E+00   0.000E+00   0.000E+00   0.000E+00   0.000E+00     Stable                         
  Mn 56       2.90118E+09   2.695E-13   2.163E+05   2.846E-11   0.00E+00   5.927E-11   4.398E-08   5.408E-05   2.596E-05   9.297E+03                        
  Mn 57       9.75933E+03   9.227E-19   7.921E+01   1.401E-14   0.00E+00   1.264E-15   1.754E-12   1.267E-10   5.307E-11   8.540E+01                        
  Fe 53       4.85500E+06   4.268E-16   6.591E+03   1.169E-12   0.00E+00   1.251E-12   1.039E-09   6.063E-08   5.932E-08   5.106E+02                        
  Fe 54    #> 6.30304E+20   5.646E-02   0.000E+00   0.000E+00   0.00E+00   0.000E+00   0.000E+00   0.000E+00   0.000E+00     Stable                         
  Fe 55       1.46071E+10   1.333E-12   1.173E+02   7.525E-17   0.00E+00   3.122E-17   2.724E-13   3.871E-08   9.033E-08   8.631E+07                        
  Fe 56    #> 9.89443E+21   9.190E-01   0.000E+00   0.000E+00   0.00E+00   0.000E+00   0.000E+00   0.000E+00   0.000E+00     Stable                         
  Fe 57    #> 2.28506E+20   2.160E-02   0.000E+00   0.000E+00   0.00E+00   0.000E+00   0.000E+00   0.000E+00   0.000E+00     Stable                         
  Fe 58    #> 3.04099E+19   2.925E-03   0.000E+00   0.000E+00   0.00E+00   0.000E+00   0.000E+00   0.000E+00   0.000E+00     Stable                         
  Fe 59       1.51907E+05   1.487E-17   2.739E-02   5.194E-19   0.00E+00   5.218E-18   3.995E-15   4.930E-11   1.096E-10   3.844E+06                        
0  TOTAL NUMBER OF NUCLIDES PRINTED IN INVENTORY =   25
0  TOTAL CURIES   TOTAL ALPHA   TOTAL BETA    TOTAL GAMMA
                  CURIE-MeV     CURIE-MeV     CURIE-MeV
   6.03682E-06   0.00000E+00   5.00637E-06   1.02099E-05
0  ALPHA BECQUERELS = 0.000000E+00  BETA BECQUERELS = 2.233622E+05  GAMMA BECQUERELS = 0.000000E+00
0  TOTAL ACTIVITY FOR ALL MATERIALS     2.23362E+05 Bq
                                        4.75399E-05 Ci/cc           DENSITY   7.88E+00 gm/cc
   TOTAL ACTIVITY EXCLUDING TRITIUM     2.23362E+05 Bq
                                        4.75399E-05 Ci/cc
0  TOTAL ALPHA HEAT PRODUCTION          0.00000E+00 kW
   TOTAL BETA  HEAT PRODUCTION          2.96780E-11 kW
   TOTAL GAMMA HEAT PRODUCTION          6.05248E-11 kW              TOTAL HEAT PRODUCTION 9.02028E-11 kW
0  INITIAL TOTAL MASS OF MATERIAL       1.00000E-03 kg              TOTAL HEAT EX TRITIUM 9.02028E-11 kW
0  TOTAL MASS OF MATERIAL               1.00000E-03 kg
   NEUTRON  FLUX DURING INTERVAL        0.00000E+00 n/cm^2/s
0  NUMBER OF FISSIONS                   0.00000E+00                 BURN-UP OF ACTINIDES  0.00000E+00 %
0  INGESTION  HAZARD FOR ALL MATERIALS  5.41894E-05 Sv/kg
   INHALATION HAZARD FOR ALL MATERIALS  2.61310E-05 Sv/kg
0  INGESTION  HAZARD EXCLUDING TRITIUM  5.41894E-05 Sv/kg
   INHALATION HAZARD EXCLUDING TRITIUM  2.61310E-05 Sv/kg
0  APPM OF He  4    =  1.2278E-07
   APPM OF He  3    =  3.3481E-13
   APPM OF H   3    =  2.6776E-11
   APPM OF H   2    =  1.8671E-08
   APPM OF H   1    =  6.5157E-07



                                               COMPOSITION  OF  MATERIAL  BY  ELEMENT
                                               --------------------------------------
0                                                             BETA                     GAMMA                     ALPHA
                      ATOMS      GRAM-ATOMS     GRAMS      CURIES-MeV      kW        CURIES-MeV      kW        CURIES-MeV      kW

    1       H       7.2279E+09   1.2002E-14   1.2434E-14   7.9341E-17   4.7034E-22   0.0000E+00   0.0000E+00   0.0000E+00   0.0000E+00
    2       He      1.3240E+09   2.1986E-15   8.8001E-15   0.0000E+00   0.0000E+00   0.0000E+00   0.0000E+00   0.0000E+00   0.0000E+00
   23       V       6.4271E+04   1.0672E-19   5.4174E-18   7.8601E-34   4.6595E-39   7.1361E-32   4.2303E-37   0.0000E+00   0.0000E+00
   24       Cr      1.3342E+09   2.2155E-15   1.1670E-13   5.9802E-09   3.5451E-14   6.7024E-11   3.9732E-16   0.0000E+00   0.0000E+00
   25       Mn      6.9405E+09   1.1525E-14   6.3254E-13   4.8032E-06   2.8474E-11   9.9989E-06   5.9274E-11   0.0000E+00   0.0000E+00
   26       Fe      1.0784E+22   1.7907E-02   1.0000E+00   1.9720E-07   1.1690E-12   2.1095E-07   1.2505E-12   0.0000E+00   0.0000E+00



                                               GAMMA SPECTRUM AND ENERGIES/SECOND
                                               ----------------------------------

     NEUTRONS PER SECOND ARISING FROM SPONTANEOUS FISSION                    0.00000E+00    Entered density (g/cc)       7.88
     POWER FROM ALPHA PARTICLES (MeV per Second)                             0.00000E+00
     POWER FROM BETA  PARTICLES (MeV per Second)                             1.85236E+05
     TOTAL GAMMA POWER FROM ACTIVATION  (MeV per Second)                     3.77766E+05    Total gammas (per cc per second)      2.45349E+06
     GAMMA RAY POWER FROM ACTIVATION DECAY  MeV/s    (  0.000-  0.010 MeV)   8.55073E-01    Gammas per group (per cc per second)  1.34674E+03
                                                     (  0.010-  0.020 MeV)   1.20560E-01                                          6.32939E+01
                                                     (  0.020-  0.050 MeV)   0.00000E+00                                          0.00000E+00
                                                     (  0.050-  0.100 MeV)   0.00000E+00                                          0.00000E+00
                                                     (  0.100-  0.200 MeV)   1.55414E+00                                          8.15926E+01
                                                     (  0.200-  0.300 MeV)   4.01245E-02                                          1.26392E+00
                                                     (  0.300-  0.400 MeV)   1.04838E+03                                          2.35886E+04
                                                     (  0.400-  0.600 MeV)   6.56488E+03                                          1.03397E+05
                                                     (  0.600-  0.800 MeV)   3.14712E+00                                          3.54051E+01
                                                     (  0.800-  1.000 MeV)   1.81032E+05                                          1.58403E+06
                                                     (  1.000-  1.220 MeV)   9.43392E+01                                          6.69298E+02
                                                     (  1.220-  1.440 MeV)   3.23274E+02                                          1.91413E+03
                                                     (  1.440-  1.660 MeV)   5.49005E+01                                          2.78930E+02
                                                     (  1.660-  2.000 MeV)   1.08103E+05                                          4.65198E+05
                                                     (  2.000-  2.500 MeV)   6.77065E+04                                          2.36973E+05
                                                     (  2.500-  3.000 MeV)   1.15616E+04                                          3.31082E+04
                                                     (  3.000-  4.000 MeV)   1.24727E+03                                          2.80636E+03
                                                     (  4.000-  5.000 MeV)   0.00000E+00                                          0.00000E+00
                                                     (  5.000-  6.500 MeV)   0.00000E+00                                          0.00000E+00
                                                     (  6.500-  8.000 MeV)   0.00000E+00                                          0.00000E+00
                                                     (  8.000- 10.000 MeV)   0.00000E+00                                          0.00000E+00
                                                     ( 10.000- 12.000 MeV)   0.00000E+00                                          0.00000E+00
                                                     ( 12.000- 14.000 MeV)   0.00000E+00                                          0.00000E+00
                                                     ( 14.000- 20.000 MeV)   0.00000E+00                                          0.00000E+00

GAMMA SPECTRUM END


    DOSE RATE (1 g POINT SOURCE  1.0m) FROM GAMMAS WITH ENERGY 0-20MeV IS   4.50190E-08 Sieverts/hour   ( 4.50190E-06 Rems/hour)




                                                                           DOMINANT NUCLIDES
                                                                           -----------------

      NUCLIDE   ACTIVITY    PERCENT  NUCLIDE     HEAT      PERCENT  NUCLIDE  DOSE RATE    PERCENT  NUCLIDE  INGESTION    PERCENT  NUCLIDE  INHALATION   PERCENT 
                  (Bq)      ACTIVITY             (kW)       HEAT              (Sv/hr)    DOSE RATE            (Sv)      INGESTION            (Sv)     INHALATION
       Total   2.2336E+05             Total   9.0203E-11             Total   4.5019E-08             Total   5.4189E-05             Total   2.6131E-05
    1  Mn 56   2.1631E+05  96.84E+00  Mn 56   8.7730E-11  97.26E+00  Mn 56   4.3977E-08  97.68E+00  Mn 56   5.4077E-05  99.79E+00  Mn 56   2.5957E-05  99.33E+00
    2  Fe 53   6.5907E+03  29.51E-01  Fe 53   2.4194E-12  26.82E-01  Fe 53   1.0385E-09  23.07E-01  Fe 53   6.0635E-08  11.19E-02  Fe 55   9.0329E-08  34.57E-02
    3  Cr 55   2.0163E+02  90.27E-03  Cr 55   3.5559E-14  39.42E-03  Mn 57   1.7539E-12  38.96E-04  Fe 55   3.8713E-08  71.44E-03  Fe 53   5.9317E-08  22.70E-02
    4  Fe 55   1.1731E+02  52.52E-03  Mn 57   1.5279E-14  16.94E-03  Mn 54   1.6252E-12  36.10E-04  Mn 54   1.0469E-08  19.32E-03  Mn 54   2.2117E-08  84.64E-03
    5  Mn 57   7.9211E+01  35.46E-03  Mn 54   1.9844E-15  22.00E-04  Cr 51   2.8393E-13  63.07E-05  Cr 51   1.8871E-09  34.82E-04  Cr 51   1.8374E-09  70.32E-04
    6  Cr 51   4.9660E+01  22.23E-03  Cr 51   2.8942E-16  32.09E-05  Fe 55   2.7242E-13  60.51E-05  Cr 55   2.8228E-10  52.09E-05  Cr 55   1.2501E-10  47.84E-05
    7  Mn 54   1.4744E+01  66.01E-04  Fe 55   1.0647E-16  11.80E-05  Cr 55   1.5545E-14  34.53E-06  Mn 57   1.2674E-10  23.39E-05  Fe 59   1.0956E-10  41.93E-05
    8  Fe 59   2.7389E-02  12.26E-06  Fe 59   5.7371E-18  63.60E-07  Fe 59   3.9949E-15  88.74E-07  Fe 59   4.9300E-11  90.98E-06  Mn 57   5.3072E-11  20.31E-05
    9  H   3   5.1435E-04  23.03E-08  H   3   4.7034E-22  52.14E-11  Mn 53   1.5478E-20  34.38E-12  H   3   2.1603E-14  39.87E-09  H   3   1.3373E-13  51.18E-08
   10  Mn 53   8.0885E-06  36.21E-10  Mn 53   7.0288E-24  77.92E-13  V  50   3.1176E-34  69.25E-26  Mn 53   2.4266E-16  44.78E-11  Mn 53   4.3678E-16  16.72E-10
   11  Cr 50   2.9825E-19  13.35E-23  Cr 50   5.5774E-35  61.83E-24          0.0000E+00  00.00E+00  Cr 50   3.8772E-28  71.55E-23  Cr 50   3.8772E-28  14.84E-22
   12  V  50   1.8548E-21  83.04E-26  V  50   4.2769E-37  47.41E-26          0.0000E+00  00.00E+00  V  50   1.1871E-29  21.91E-24  V  50   2.0403E-29  78.08E-24

      NUCLIDE  GAMMA HEAT   PERCENT  NUCLIDE   BETA HEAT   PERCENT 
                  (kW)       GAMMA               (kW)       BETA
       Total   6.0525E-11             Total   2.9678E-11
    1  Mn 56   5.9271E-11  97.93E+00  Mn 56   2.8460E-11  95.89E+00
    2  Fe 53   1.2505E-12  20.66E-01  Fe 53   1.1689E-12  39.39E-01
    3  Mn 54   1.9749E-15  32.63E-04  Cr 55   3.5422E-14  11.94E-02
    4  Mn 57   1.2644E-15  20.89E-04  Mn 57   1.4014E-14  47.22E-03
    5  Cr 51   2.6026E-16  43.00E-05  Fe 55   7.5249E-17  25.36E-05
    6  Cr 55   1.3706E-16  22.65E-05  Cr 51   2.9157E-17  98.25E-06
    7  Fe 55   3.1221E-17  51.58E-06  Mn 54   9.5132E-18  32.05E-06
    8  Fe 59   5.2177E-18  86.21E-07  Fe 59   5.1942E-19  17.50E-07
    9  Mn 53   1.8430E-24  30.45E-13  H   3   4.7034E-22  15.85E-10
   10  V  50   4.2303E-37  69.89E-26  Mn 53   5.1858E-24  17.47E-12
   11          0.0000E+00  00.00E+00  Cr 50   5.5774E-35  18.79E-23
   12          0.0000E+00  00.00E+00  V  50   4.6595E-39  15.70E-27
1 * * * TIME INTERVAL  18 * * * COOLING TIME IS   2.4600E+02 SECS OR  4.1000E+00 MINS  * * * ELAPSED TIME IS  24.200 m   * * * FLUX AMP IS  0.0000E+00 /cm^2/s  * * *
  NUCLIDE        ATOMS         GRAMS        Bq       b-Energy    a-Energy   g-Energy    DOSE RATE   INGESTION  INHALATION   HALF LIFE                        
                                                        kW          kW         kW         Sv/hr      DOSE(Sv)    DOSE(Sv)    seconds                         

  H   1    #  7.02629E+09   1.176E-14   0.000E+00   0.000E+00   0.00E+00   0.000E+00   0.000E+00   0.000E+00   0.000E+00     Stable                         
  H   2    #  2.01346E+08   6.734E-16   0.000E+00   0.000E+00   0.00E+00   0.000E+00   0.000E+00   0.000E+00   0.000E+00     Stable                         
  H   3       2.88738E+05   1.446E-18   5.144E-04   4.703E-22   0.00E+00   0.000E+00   0.000E+00   2.160E-14   1.337E-13   3.891E+08                        
  He  3    #  3.61060E+03   1.808E-20   0.000E+00   0.000E+00   0.00E+00   0.000E+00   0.000E+00   0.000E+00   0.000E+00     Stable                         
  He  4    #  1.32403E+09   8.800E-15   0.000E+00   0.000E+00   0.00E+00   0.000E+00   0.000E+00   0.000E+00   0.000E+00     Stable                         
  V  50       1.18223E+04   9.805E-19   1.855E-21   4.660E-39   0.00E+00   4.230E-37   3.118E-34   1.187E-29   2.040E-29   4.418E+24                        
  V  51    #  6.46648E+04   5.470E-18   0.000E+00   0.000E+00   0.00E+00   0.000E+00   0.000E+00   0.000E+00   0.000E+00     Stable                         
  Cr 50       2.44413E+06   2.027E-16   2.982E-19   5.577E-35   0.00E+00   0.000E+00   0.000E+00   3.877E-28   3.877E-28   5.680E+24                        
  Cr 51       1.71471E+08   1.451E-14   4.966E+01   2.916E-17   0.00E+00   2.602E-16   2.839E-13   1.887E-09   1.837E-09   2.394E+06                        
  Cr 52    #  2.86673E+07   2.473E-15   0.000E+00   0.000E+00   0.00E+00   0.000E+00   0.000E+00   0.000E+00   0.000E+00     Stable                         
  Cr 53    #  1.10736E+09   9.735E-14   0.000E+00   0.000E+00   0.00E+00   0.000E+00   0.000E+00   0.000E+00   0.000E+00     Stable                         
  Cr 54    #  2.41697E+07   2.165E-15   0.000E+00   0.000E+00   0.00E+00   0.000E+00   0.000E+00   0.000E+00   0.000E+00     Stable                         
  Cr 55       2.76834E+04   2.526E-18   9.034E+01   1.587E-14   0.00E+00   6.141E-17   6.965E-15   1.265E-10   5.601E-11   2.124E+02                        
  Mn 53       1.35655E+09   1.193E-13   8.097E-06   5.191E-24   0.00E+00   1.845E-24   1.549E-20   2.429E-16   4.372E-16   1.161E+14                        
  Mn 54       5.73654E+08   5.138E-14   1.474E+01   9.513E-18   0.00E+00   1.975E-15   1.625E-12   1.047E-08   2.212E-08   2.697E+07                        
  Mn 55    #  2.11059E+09   1.925E-13   0.000E+00   0.000E+00   0.00E+00   0.000E+00   0.000E+00   0.000E+00   0.000E+00     Stable                         
  Mn 56       2.84846E+09   2.646E-13   2.124E+05   2.794E-11   0.00E+00   5.819E-11   4.318E-08   5.309E-05   2.549E-05   9.297E+03                        
  Mn 57       1.32321E+03   1.251E-19   1.074E+01   1.900E-15   0.00E+00   1.714E-16   2.378E-13   1.718E-11   7.196E-12   8.540E+01                        
  Fe 53       3.47662E+06   3.057E-16   4.720E+03   8.371E-13   0.00E+00   8.955E-13   7.437E-10   4.342E-08   4.248E-08   5.106E+02                        
  Fe 54    #> 6.30304E+20   5.646E-02   0.000E+00   0.000E+00   0.00E+00   0.000E+00   0.000E+00   0.000E+00   0.000E+00     Stable                         
  Fe 55       1.46071E+10   1.333E-12   1.173E+02   7.525E-17   0.00E+00   3.122E-17   2.724E-13   3.871E-08   9.033E-08   8.631E+07                        
  Fe 56    #> 9.89443E+21   9.190E-01   0.000E+00   0.000E+00   0.00E+00   0.000E+00   0.000E+00   0.000E+00   0.000E+00     Stable                         
  Fe 57    #> 2.28506E+20   2.160E-02   0.000E+00   0.000E+00   0.00E+00   0.000E+00   0.000E+00   0.000E+00   0.000E+00     Stable                         
  Fe 58    #> 3.04099E+19   2.925E-03   0.000E+00   0.000E+00   0.00E+00   0.000E+00   0.000E+00   0.000E+00   0.000E+00     Stable                         
  Fe 59       1.51900E+05   1.487E-17   2.739E-02   5.194E-19   0.00E+00   5.217E-18   3.995E-15   4.930E-11   1.096E-10   3.844E+06                        
0  TOTAL NUMBER OF NUCLIDES PRINTED IN INVENTORY =   25
0  TOTAL CURIES   TOTAL ALPHA   TOTAL BETA    TOTAL GAMMA
                  CURIE-MeV     CURIE-MeV     CURIE-MeV
   5.87514E-06   0.00000E+00   4.85779E-06   9.96809E-06
0  ALPHA BECQUERELS = 0.000000E+00  BETA BECQUERELS = 2.173800E+05  GAMMA BECQUERELS = 0.000000E+00
0  TOTAL ACTIVITY FOR ALL MATERIALS     2.17380E+05 Bq
                                        4.62667E-05 Ci/cc           DENSITY   7.88E+00 gm/cc
   TOTAL ACTIVITY EXCLUDING TRITIUM     2.17380E+05 Bq
                                        4.62667E-05 Ci/cc
0  TOTAL ALPHA HEAT PRODUCTION          0.00000E+00 kW
   TOTAL BETA  HEAT PRODUCTION          2.87972E-11 kW
   TOTAL GAMMA HEAT PRODUCTION          5.90914E-11 kW              TOTAL HEAT PRODUCTION 8.78886E-11 kW
0  INITIAL TOTAL MASS OF MATERIAL       1.00000E-03 kg              TOTAL HEAT EX TRITIUM 8.78886E-11 kW
0  TOTAL MASS OF MATERIAL               1.00000E-03 kg
   NEUTRON  FLUX DURING INTERVAL        0.00000E+00 n/cm^2/s
0  NUMBER OF FISSIONS                   0.00000E+00                 BURN-UP OF ACTINIDES  0.00000E+00 %
0  INGESTION  HAZARD FOR ALL MATERIALS  5.31891E-05 Sv/kg
   INHALATION HAZARD FOR ALL MATERIALS  2.56423E-05 Sv/kg
0  INGESTION  HAZARD EXCLUDING TRITIUM  5.31891E-05 Sv/kg
   INHALATION HAZARD EXCLUDING TRITIUM  2.56423E-05 Sv/kg
0  APPM OF He  4    =  1.2278E-07
   APPM OF He  3    =  3.3482E-13
   APPM OF H   3    =  2.6776E-11
   APPM OF H   2    =  1.8671E-08
   APPM OF H   1    =  6.5157E-07



                                               COMPOSITION  OF  MATERIAL  BY  ELEMENT
                                               --------------------------------------
0                                                             BETA                     GAMMA                     ALPHA
                      ATOMS      GRAM-ATOMS     GRAMS      CURIES-MeV      kW        CURIES-MeV      kW        CURIES-MeV      kW

    1       H       7.2279E+09   1.2002E-14   1.2434E-14   7.9341E-17   4.7034E-22   0.0000E+00   0.0000E+00   0.0000E+00   0.0000E+00
    2       He      1.3240E+09   2.1986E-15   8.8001E-15   0.0000E+00   0.0000E+00   0.0000E+00   0.0000E+00   0.0000E+00   0.0000E+00
   23       V       7.6487E+04   1.2701E-19   6.4508E-18   7.8601E-34   4.6595E-39   7.1361E-32   4.2303E-37   0.0000E+00   0.0000E+00
   24       Cr      1.3341E+09   2.2154E-15   1.1670E-13   2.6822E-09   1.5900E-14   5.4259E-11   3.2165E-16   0.0000E+00   0.0000E+00
   25       Mn      6.8893E+09   1.1440E-14   6.2777E-13   4.7139E-06   2.7944E-11   9.8170E-06   5.8196E-11   0.0000E+00   0.0000E+00
   26       Fe      1.0784E+22   1.7907E-02   1.0000E+00   1.4121E-07   8.3713E-13   1.5106E-07   8.9552E-13   0.0000E+00   0.0000E+00



                                               GAMMA SPECTRUM AND ENERGIES/SECOND
                                               ----------------------------------

     NEUTRONS PER SECOND ARISING FROM SPONTANEOUS FISSION                    0.00000E+00    Entered density (g/cc)       7.88
     POWER FROM ALPHA PARTICLES (MeV per Second)                             0.00000E+00
     POWER FROM BETA  PARTICLES (MeV per Second)                             1.79738E+05
     TOTAL GAMMA POWER FROM ACTIVATION  (MeV per Second)                     3.68819E+05    Total gammas (per cc per second)      2.37452E+06
     GAMMA RAY POWER FROM ACTIVATION DECAY  MeV/s    (  0.000-  0.010 MeV)   6.44541E-01    Gammas per group (per cc per second)  1.01515E+03
                                                     (  0.010-  0.020 MeV)   1.63460E-02                                          8.58164E+00
                                                     (  0.020-  0.050 MeV)   0.00000E+00                                          0.00000E+00
                                                     (  0.050-  0.100 MeV)   0.00000E+00                                          0.00000E+00
                                                     (  0.100-  0.200 MeV)   2.11021E-01                                          1.10786E+01
                                                     (  0.200-  0.300 MeV)   5.44024E-03                                          1.71368E-01
                                                     (  0.300-  0.400 MeV)   7.50750E+02                                          1.68919E+04
                                                     (  0.400-  0.600 MeV)   4.70091E+03                                          7.40394E+04
                                                     (  0.600-  0.800 MeV)   4.26699E-01                                          4.80037E+00
                                                     (  0.800-  1.000 MeV)   1.77742E+05                                          1.55524E+06
                                                     (  1.000-  1.220 MeV)   9.25949E+01                                          6.56923E+02
                                                     (  1.220-  1.440 MeV)   3.16706E+02                                          1.87524E+03
                                                     (  1.440-  1.660 MeV)   3.87407E+01                                          1.96828E+02
                                                     (  1.660-  2.000 MeV)   1.06138E+05                                          4.56742E+05
                                                     (  2.000-  2.500 MeV)   6.64604E+04                                          2.32611E+05
                                                     (  2.500-  3.000 MeV)   1.13385E+04                                          3.24692E+04
                                                     (  3.000-  4.000 MeV)   1.22245E+03                                          2.75051E+03
                                                     (  4.000-  5.000 MeV)   0.00000E+00                                          0.00000E+00
                                                     (  5.000-  6.500 MeV)   0.00000E+00                                          0.00000E+00
                                                     (  6.500-  8.000 MeV)   0.00000E+00                                          0.00000E+00
                                                     (  8.000- 10.000 MeV)   0.00000E+00                                          0.00000E+00
                                                     ( 10.000- 12.000 MeV)   0.00000E+00                                          0.00000E+00
                                                     ( 12.000- 14.000 MeV)   0.00000E+00                                          0.00000E+00
                                                     ( 14.000- 20.000 MeV)   0.00000E+00                                          0.00000E+00

GAMMA SPECTRUM END


    DOSE RATE (1 g POINT SOURCE  1.0m) FROM GAMMAS WITH ENERGY 0-20MeV IS   4.39234E-08 Sieverts/hour   ( 4.39234E-06 Rems/hour)




                                                                           DOMINANT NUCLIDES
                                                                           -----------------

      NUCLIDE   ACTIVITY    PERCENT  NUCLIDE     HEAT      PERCENT  NUCLIDE  DOSE RATE    PERCENT  NUCLIDE  INGESTION    PERCENT  NUCLIDE  INHALATION   PERCENT 
                  (Bq)      ACTIVITY             (kW)       HEAT              (Sv/hr)    DOSE RATE            (Sv)      INGESTION            (Sv)     INHALATION
       Total   2.1738E+05             Total   8.7889E-11             Total   4.3923E-08             Total   5.3189E-05             Total   2.5642E-05
    1  Mn 56   2.1238E+05  97.70E+00  Mn 56   8.6136E-11  98.01E+00  Mn 56   4.3177E-08  98.30E+00  Mn 56   5.3094E-05  99.82E+00  Mn 56   2.5485E-05  99.39E+00
    2  Fe 53   4.7196E+03  21.71E-01  Fe 53   1.7325E-12  19.71E-01  Fe 53   7.4367E-10  16.93E-01  Fe 53   4.3420E-08  81.63E-03  Fe 55   9.0329E-08  35.23E-02
    3  Fe 55   1.1731E+02  53.97E-03  Cr 55   1.5933E-14  18.13E-03  Mn 54   1.6252E-12  37.00E-04  Fe 55   3.8713E-08  72.78E-03  Fe 53   4.2476E-08  16.56E-02
    4  Cr 55   9.0342E+01  41.56E-03  Mn 57   2.0716E-15  23.57E-04  Cr 51   2.8391E-13  64.64E-05  Mn 54   1.0469E-08  19.68E-03  Mn 54   2.2117E-08  86.25E-03
    5  Cr 51   4.9656E+01  22.84E-03  Mn 54   1.9844E-15  22.58E-04  Fe 55   2.7242E-13  62.02E-05  Cr 51   1.8869E-09  35.48E-04  Cr 51   1.8373E-09  71.65E-04
    6  Mn 54   1.4744E+01  67.83E-04  Cr 51   2.8940E-16  32.93E-05  Mn 57   2.3781E-13  54.14E-05  Cr 55   1.2648E-10  23.78E-05  Fe 59   1.0955E-10  42.72E-05
    7  Mn 57   1.0740E+01  49.41E-04  Fe 55   1.0647E-16  12.11E-05  Cr 55   6.9654E-15  15.86E-06  Fe 59   4.9298E-11  92.68E-06  Cr 55   5.6012E-11  21.84E-05
    8  Fe 59   2.7388E-02  12.60E-06  Fe 59   5.7368E-18  65.27E-07  Fe 59   3.9947E-15  90.95E-07  Mn 57   1.7184E-11  32.31E-06  Mn 57   7.1957E-12  28.06E-06
    9  H   3   5.1435E-04  23.66E-08  H   3   4.7034E-22  53.52E-11  Mn 53   1.5494E-20  35.28E-12  H   3   2.1603E-14  40.62E-09  H   3   1.3373E-13  52.15E-08
   10  Mn 53   8.0967E-06  37.25E-10  Mn 53   7.0360E-24  80.06E-13  V  50   3.1176E-34  70.98E-26  Mn 53   2.4290E-16  45.67E-11  Mn 53   4.3722E-16  17.05E-10
   11  Cr 50   2.9825E-19  13.72E-23  Cr 50   5.5774E-35  63.46E-24          0.0000E+00  00.00E+00  Cr 50   3.8772E-28  72.89E-23  Cr 50   3.8772E-28  15.12E-22
   12  V  50   1.8548E-21  85.33E-26  V  50   4.2769E-37  48.66E-26          0.0000E+00  00.00E+00  V  50   1.1871E-29  22.32E-24  V  50   2.0403E-29  79.57E-24

      NUCLIDE  GAMMA HEAT   PERCENT  NUCLIDE   BETA HEAT   PERCENT 
                  (kW)       GAMMA               (kW)       BETA
       Total   5.9091E-11             Total   2.8797E-11
    1  Mn 56   5.8193E-11  98.48E+00  Mn 56   2.7942E-11  97.03E+00
    2  Fe 53   8.9548E-13  15.15E-01  Fe 53   8.3705E-13  29.07E-01
    3  Mn 54   1.9749E-15  33.42E-04  Cr 55   1.5871E-14  55.11E-03
    4  Cr 51   2.6024E-16  44.04E-05  Mn 57   1.9001E-15  65.98E-04
    5  Mn 57   1.7143E-16  29.01E-05  Fe 55   7.5249E-17  26.13E-05
    6  Cr 55   6.1412E-17  10.39E-05  Cr 51   2.9155E-17  10.12E-05
    7  Fe 55   3.1221E-17  52.84E-06  Mn 54   9.5131E-18  33.03E-06
    8  Fe 59   5.2174E-18  88.29E-07  Fe 59   5.1940E-19  18.04E-07
    9  Mn 53   1.8449E-24  31.22E-13  H   3   4.7034E-22  16.33E-10
   10  V  50   4.2303E-37  71.59E-26  Mn 53   5.1911E-24  18.03E-12
   11          0.0000E+00  00.00E+00  Cr 50   5.5774E-35  19.37E-23
   12          0.0000E+00  00.00E+00  V  50   4.6595E-39  16.18E-27
1 * * * TIME INTERVAL  19 * * * COOLING TIME IS   2.4700E+02 SECS OR  4.1167E+00 MINS  * * * ELAPSED TIME IS  28.317 m   * * * FLUX AMP IS  0.0000E+00 /cm^2/s  * * *
  NUCLIDE        ATOMS         GRAMS        Bq       b-Energy    a-Energy   g-Energy    DOSE RATE   INGESTION  INHALATION   HALF LIFE                        
                                                        kW          kW         kW         Sv/hr      DOSE(Sv)    DOSE(Sv)    seconds                         

  H   1    #  7.02629E+09   1.176E-14   0.000E+00   0.000E+00   0.00E+00   0.000E+00   0.000E+00   0.000E+00   0.000E+00     Stable                         
  H   2    #  2.01346E+08   6.734E-16   0.000E+00   0.000E+00   0.00E+00   0.000E+00   0.000E+00   0.000E+00   0.000E+00     Stable                         
  H   3       2.88738E+05   1.446E-18   5.144E-04   4.703E-22   0.00E+00   0.000E+00   0.000E+00   2.160E-14   1.337E-13   3.891E+08                        
  He  3    #  3.61072E+03   1.808E-20   0.000E+00   0.000E+00   0.00E+00   0.000E+00   0.000E+00   0.000E+00   0.000E+00     Stable                         
  He  4    #  1.32403E+09   8.800E-15   0.000E+00   0.000E+00   0.00E+00   0.000E+00   0.000E+00   0.000E+00   0.000E+00     Stable                         
  V  50       1.18223E+04   9.805E-19   1.855E-21   4.660E-39   0.00E+00   4.230E-37   3.118E-34   1.187E-29   2.040E-29   4.418E+24                        
  V  51    #  7.69295E+04   6.508E-18   0.000E+00   0.000E+00   0.00E+00   0.000E+00   0.000E+00   0.000E+00   0.000E+00     Stable                         
  Cr 50       2.44413E+06   2.027E-16   2.982E-19   5.577E-35   0.00E+00   0.000E+00   0.000E+00   3.877E-28   3.877E-28   5.680E+24                        
  Cr 51       1.71459E+08   1.450E-14   4.965E+01   2.915E-17   0.00E+00   2.602E-16   2.839E-13   1.887E-09   1.837E-09   2.394E+06                        
  Cr 52    #  2.86673E+07   2.473E-15   0.000E+00   0.000E+00   0.00E+00   0.000E+00   0.000E+00   0.000E+00   0.000E+00     Stable                         
  Cr 53    #  1.10736E+09   9.735E-14   0.000E+00   0.000E+00   0.00E+00   0.000E+00   0.000E+00   0.000E+00   0.000E+00     Stable                         
  Cr 54    #  2.41733E+07   2.165E-15   0.000E+00   0.000E+00   0.00E+00   0.000E+00   0.000E+00   0.000E+00   0.000E+00     Stable                         
  Cr 55       1.23635E+04   1.128E-18   4.035E+01   7.088E-15   0.00E+00   2.743E-17   3.111E-15   5.649E-11   2.502E-11   2.124E+02                        
  Mn 53       1.35754E+09   1.193E-13   8.103E-06   5.195E-24   0.00E+00   1.846E-24   1.551E-20   2.431E-16   4.375E-16   1.161E+14                        
  Mn 54       5.73651E+08   5.138E-14   1.474E+01   9.513E-18   0.00E+00   1.975E-15   1.625E-12   1.047E-08   2.212E-08   2.697E+07                        
  Mn 55    #  2.11063E+09   1.925E-13   0.000E+00   0.000E+00   0.00E+00   0.000E+00   0.000E+00   0.000E+00   0.000E+00     Stable                         
  Mn 56       2.79648E+09   2.598E-13   2.085E+05   2.743E-11   0.00E+00   5.713E-11   4.239E-08   5.213E-05   2.502E-05   9.297E+03                        
  Fe 53       2.48620E+06   2.186E-16   3.375E+03   5.986E-13   0.00E+00   6.404E-13   5.318E-10   3.105E-08   3.038E-08   5.106E+02                        
  Fe 54    #> 6.30304E+20   5.646E-02   0.000E+00   0.000E+00   0.00E+00   0.000E+00   0.000E+00   0.000E+00   0.000E+00     Stable                         
  Fe 55       1.46071E+10   1.333E-12   1.173E+02   7.525E-17   0.00E+00   3.122E-17   2.724E-13   3.871E-08   9.033E-08   8.631E+07                        
  Fe 56    #> 9.89443E+21   9.190E-01   0.000E+00   0.000E+00   0.00E+00   0.000E+00   0.000E+00   0.000E+00   0.000E+00     Stable                         
  Fe 57    #> 2.28506E+20   2.160E-02   0.000E+00   0.000E+00   0.00E+00   0.000E+00   0.000E+00   0.000E+00   0.000E+00     Stable                         
  Fe 58    #> 3.04099E+19   2.925E-03   0.000E+00   0.000E+00   0.00E+00   0.000E+00   0.000E+00   0.000E+00   0.000E+00     Stable                         
  Fe 59       1.51893E+05   1.486E-17   2.739E-02   5.194E-19   0.00E+00   5.217E-18   3.995E-15   4.930E-11   1.095E-10   3.844E+06                        
0  TOTAL NUMBER OF NUCLIDES PRINTED IN INVENTORY =   24
0  TOTAL CURIES   TOTAL ALPHA   TOTAL BETA    TOTAL GAMMA
                  CURIE-MeV     CURIE-MeV     CURIE-MeV
   5.73242E-06   0.00000E+00   4.72975E-06   9.74590E-06
0  ALPHA BECQUERELS = 0.000000E+00  BETA BECQUERELS = 2.120994E+05  GAMMA BECQUERELS = 0.000000E+00
0  TOTAL ACTIVITY FOR ALL MATERIALS     2.12099E+05 Bq
                                        4.51428E-05 Ci/cc           DENSITY   7.88E+00 gm/cc
   TOTAL ACTIVITY EXCLUDING TRITIUM     2.12099E+05 Bq
                                        4.51428E-05 Ci/cc
0  TOTAL ALPHA HEAT PRODUCTION          0.00000E+00 kW
   TOTAL BETA  HEAT PRODUCTION          2.80382E-11 kW
   TOTAL GAMMA HEAT PRODUCTION          5.77742E-11 kW              TOTAL HEAT PRODUCTION 8.58124E-11 kW
0  INITIAL TOTAL MASS OF MATERIAL       1.00000E-03 kg              TOTAL HEAT EX TRITIUM 8.58124E-11 kW
0  TOTAL MASS OF MATERIAL               1.00000E-03 kg
   NEUTRON  FLUX DURING INTERVAL        0.00000E+00 n/cm^2/s
0  NUMBER OF FISSIONS                   0.00000E+00                 BURN-UP OF ACTINIDES  0.00000E+00 %
0  INGESTION  HAZARD FOR ALL MATERIALS  5.22078E-05 Sv/kg
   INHALATION HAZARD FOR ALL MATERIALS  2.51651E-05 Sv/kg
0  INGESTION  HAZARD EXCLUDING TRITIUM  5.22078E-05 Sv/kg
   INHALATION HAZARD EXCLUDING TRITIUM  2.51651E-05 Sv/kg
0  APPM OF He  4    =  1.2278E-07
   APPM OF He  3    =  3.3483E-13
   APPM OF H   3    =  2.6775E-11
   APPM OF H   2    =  1.8671E-08
   APPM OF H   1    =  6.5157E-07



                                               COMPOSITION  OF  MATERIAL  BY  ELEMENT
                                               --------------------------------------
0                                                             BETA                     GAMMA                     ALPHA
                      ATOMS      GRAM-ATOMS     GRAMS      CURIES-MeV      kW        CURIES-MeV      kW        CURIES-MeV      kW

    1       H       7.2279E+09   1.2002E-14   1.2434E-14   7.9341E-17   4.7034E-22   0.0000E+00   0.0000E+00   0.0000E+00   0.0000E+00
    2       He      1.3240E+09   2.1986E-15   8.8001E-15   0.0000E+00   0.0000E+00   0.0000E+00   0.0000E+00   0.0000E+00   0.0000E+00
   23       V       8.8752E+04   1.4738E-19   7.4883E-18   7.8601E-34   4.6595E-39   7.1361E-32   4.2303E-37   0.0000E+00   0.0000E+00
   24       Cr      1.3341E+09   2.2153E-15   1.1669E-13   1.2006E-09   7.1173E-15   4.8523E-11   2.8765E-16   0.0000E+00   0.0000E+00
   25       Mn      6.8383E+09   1.1355E-14   6.2303E-13   4.6276E-06   2.7432E-11   9.6378E-06   5.7133E-11   0.0000E+00   0.0000E+00
   26       Fe      1.0784E+22   1.7907E-02   1.0000E+00   1.0099E-07   5.9867E-13   1.0803E-07   6.4041E-13   0.0000E+00   0.0000E+00



                                               GAMMA SPECTRUM AND ENERGIES/SECOND
                                               ----------------------------------

     NEUTRONS PER SECOND ARISING FROM SPONTANEOUS FISSION                    0.00000E+00    Entered density (g/cc)       7.88
     POWER FROM ALPHA PARTICLES (MeV per Second)                             0.00000E+00
     POWER FROM BETA  PARTICLES (MeV per Second)                             1.75001E+05
     TOTAL GAMMA POWER FROM ACTIVATION  (MeV per Second)                     3.60598E+05    Total gammas (per cc per second)      2.30669E+06
     GAMMA RAY POWER FROM ACTIVATION DECAY  MeV/s    (  0.000-  0.010 MeV)   5.60193E-01    Gammas per group (per cc per second)  8.82304E+02
                                                     (  0.010-  0.020 MeV)   0.00000E+00                                          0.00000E+00
                                                     (  0.020-  0.050 MeV)   0.00000E+00                                          0.00000E+00
                                                     (  0.050-  0.100 MeV)   0.00000E+00                                          0.00000E+00
                                                     (  0.100-  0.200 MeV)   2.80077E-04                                          1.47041E-02
                                                     (  0.200-  0.300 MeV)   0.00000E+00                                          0.00000E+00
                                                     (  0.300-  0.400 MeV)   5.37250E+02                                          1.20881E+04
                                                     (  0.400-  0.600 MeV)   3.36169E+03                                          5.29466E+04
                                                     (  0.600-  0.800 MeV)   2.46915E-22                                          2.77779E-21
                                                     (  0.800-  1.000 MeV)   1.74499E+05                                          1.52687E+06
                                                     (  1.000-  1.220 MeV)   9.09008E+01                                          6.44904E+02
                                                     (  1.220-  1.440 MeV)   3.10596E+02                                          1.83906E+03
                                                     (  1.440-  1.660 MeV)   2.75999E+01                                          1.40225E+02
                                                     (  1.660-  2.000 MeV)   1.04201E+05                                          4.48408E+05
                                                     (  2.000-  2.500 MeV)   6.52364E+04                                          2.28328E+05
                                                     (  2.500-  3.000 MeV)   1.11222E+04                                          3.18499E+04
                                                     (  3.000-  4.000 MeV)   1.19860E+03                                          2.69685E+03
                                                     (  4.000-  5.000 MeV)   0.00000E+00                                          0.00000E+00
                                                     (  5.000-  6.500 MeV)   0.00000E+00                                          0.00000E+00
                                                     (  6.500-  8.000 MeV)   0.00000E+00                                          0.00000E+00
                                                     (  8.000- 10.000 MeV)   0.00000E+00                                          0.00000E+00
                                                     ( 10.000- 12.000 MeV)   0.00000E+00                                          0.00000E+00
                                                     ( 12.000- 14.000 MeV)   0.00000E+00                                          0.00000E+00
                                                     ( 14.000- 20.000 MeV)   0.00000E+00                                          0.00000E+00

GAMMA SPECTRUM END


    DOSE RATE (1 g POINT SOURCE  1.0m) FROM GAMMAS WITH ENERGY 0-20MeV IS   4.29234E-08 Sieverts/hour   ( 4.29234E-06 Rems/hour)




                                                                           DOMINANT NUCLIDES
                                                                           -----------------

      NUCLIDE   ACTIVITY    PERCENT  NUCLIDE     HEAT      PERCENT  NUCLIDE  DOSE RATE    PERCENT  NUCLIDE  INGESTION    PERCENT  NUCLIDE  INHALATION   PERCENT 
                  (Bq)      ACTIVITY             (kW)       HEAT              (Sv/hr)    DOSE RATE            (Sv)      INGESTION            (Sv)     INHALATION
       Total   2.1210E+05             Total   8.5812E-11             Total   4.2923E-08             Total   5.2208E-05             Total   2.5165E-05
    1  Mn 56   2.0850E+05  98.30E+00  Mn 56   8.4564E-11  98.55E+00  Mn 56   4.2389E-08  98.76E+00  Mn 56   5.2126E-05  99.84E+00  Mn 56   2.5020E-05  99.42E+00
    2  Fe 53   3.3750E+03  15.91E-01  Fe 53   1.2390E-12  14.44E-01  Fe 53   5.3181E-10  12.39E-01  Fe 55   3.8712E-08  74.15E-03  Fe 55   9.0329E-08  35.89E-02
    3  Fe 55   1.1731E+02  55.31E-03  Cr 55   7.1156E-15  82.92E-04  Mn 54   1.6251E-12  37.86E-04  Fe 53   3.1050E-08  59.47E-03  Fe 53   3.0375E-08  12.07E-02
    4  Cr 51   4.9653E+01  23.41E-03  Mn 54   1.9844E-15  23.12E-04  Cr 51   2.8389E-13  66.14E-05  Mn 54   1.0468E-08  20.05E-03  Mn 54   2.2116E-08  87.89E-03
    5  Cr 55   4.0347E+01  19.02E-03  Cr 51   2.8937E-16  33.72E-05  Fe 55   2.7242E-13  63.47E-05  Cr 51   1.8868E-09  36.14E-04  Cr 51   1.8372E-09  73.00E-04
    6  Mn 54   1.4744E+01  69.52E-04  Fe 55   1.0647E-16  12.41E-05  Fe 59   3.9945E-15  93.06E-07  Cr 55   5.6486E-11  10.82E-05  Fe 59   1.0955E-10  43.53E-05
    7  Fe 59   2.7387E-02  12.91E-06  Fe 59   5.7366E-18  66.85E-07  Cr 55   3.1108E-15  72.47E-07  Fe 59   4.9296E-11  94.42E-06  Cr 55   2.5015E-11  99.40E-06
    8  H   3   5.1435E-04  24.25E-08  H   3   4.7034E-22  54.81E-11  Mn 53   1.5505E-20  36.12E-12  H   3   2.1603E-14  41.38E-09  H   3   1.3373E-13  53.14E-08
    9  Mn 53   8.1026E-06  38.20E-10  Mn 53   7.0411E-24  82.05E-13  V  50   3.1176E-34  72.63E-26  Mn 53   2.4308E-16  46.56E-11  Mn 53   4.3754E-16  17.39E-10
   10  Cr 50   2.9825E-19  14.06E-23  Cr 50   5.5774E-35  64.99E-24          0.0000E+00  00.00E+00  Cr 50   3.8772E-28  74.26E-23  Cr 50   3.8772E-28  15.41E-22
   11  V  50   1.8548E-21  87.45E-26  V  50   4.2769E-37  49.84E-26          0.0000E+00  00.00E+00  V  50   1.1871E-29  22.74E-24  V  50   2.0403E-29  81.08E-24

      NUCLIDE  GAMMA HEAT   PERCENT  NUCLIDE   BETA HEAT   PERCENT 
                  (kW)       GAMMA               (kW)       BETA
       Total   5.7774E-11             Total   2.8038E-11
    1  Mn 56   5.7132E-11  98.89E+00  Mn 56   2.7432E-11  97.84E+00
    2  Fe 53   6.4037E-13  11.08E-01  Fe 53   5.9859E-13  21.35E-01
    3  Mn 54   1.9749E-15  34.18E-04  Cr 55   7.0882E-15  25.28E-03
    4  Cr 51   2.6022E-16  45.04E-05  Fe 55   7.5249E-17  26.84E-05
    5  Fe 55   3.1221E-17  54.04E-06  Cr 51   2.9153E-17  10.40E-05
    6  Cr 55   2.7427E-17  47.47E-06  Mn 54   9.5130E-18  33.93E-06
    7  Fe 59   5.2172E-18  90.30E-07  Fe 59   5.1938E-19  18.52E-07
    8  Mn 53   1.8462E-24  31.96E-13  H   3   4.7034E-22  16.77E-10
    9  V  50   4.2303E-37  73.22E-26  Mn 53   5.1949E-24  18.53E-12
   10          0.0000E+00  00.00E+00  Cr 50   5.5774E-35  19.89E-23
   11          0.0000E+00  00.00E+00  V  50   4.6595E-39  16.62E-27
1 * * * TIME INTERVAL  20 * * * COOLING TIME IS   2.4600E+02 SECS OR  4.1000E+00 MINS  * * * ELAPSED TIME IS  32.417 m   * * * FLUX AMP IS  0.0000E+00 /cm^2/s  * * *
  NUCLIDE        ATOMS         GRAMS        Bq       b-Energy    a-Energy   g-Energy    DOSE RATE   INGESTION  INHALATION   HALF LIFE                        
                                                        kW          kW         kW         Sv/hr      DOSE(Sv)    DOSE(Sv)    seconds                         

  H   1    #  7.02629E+09   1.176E-14   0.000E+00   0.000E+00   0.00E+00   0.000E+00   0.000E+00   0.000E+00   0.000E+00     Stable                         
  H   2    #  2.01346E+08   6.734E-16   0.000E+00   0.000E+00   0.00E+00   0.000E+00   0.000E+00   0.000E+00   0.000E+00     Stable                         
  H   3       2.88737E+05   1.446E-18   5.144E-04   4.703E-22   0.00E+00   0.000E+00   0.000E+00   2.160E-14   1.337E-13   3.891E+08                        
  He  3    #  3.61085E+03   1.808E-20   0.000E+00   0.000E+00   0.00E+00   0.000E+00   0.000E+00   0.000E+00   0.000E+00     Stable                         
  He  4    #  1.32403E+09   8.800E-15   0.000E+00   0.000E+00   0.00E+00   0.000E+00   0.000E+00   0.000E+00   0.000E+00     Stable                         
  V  50       1.18223E+04   9.805E-19   1.855E-21   4.660E-39   0.00E+00   4.230E-37   3.118E-34   1.187E-29   2.040E-29   4.418E+24                        
  V  51    #  8.91436E+04   7.541E-18   0.000E+00   0.000E+00   0.00E+00   0.000E+00   0.000E+00   0.000E+00   0.000E+00     Stable                         
  Cr 50       2.44413E+06   2.027E-16   2.982E-19   5.577E-35   0.00E+00   0.000E+00   0.000E+00   3.877E-28   3.877E-28   5.680E+24                        
  Cr 51       1.71446E+08   1.450E-14   4.965E+01   2.915E-17   0.00E+00   2.602E-16   2.839E-13   1.887E-09   1.837E-09   2.394E+06                        
  Cr 52    #  2.86673E+07   2.473E-15   0.000E+00   0.000E+00   0.00E+00   0.000E+00   0.000E+00   0.000E+00   0.000E+00     Stable                         
  Cr 53    #  1.10736E+09   9.735E-14   0.000E+00   0.000E+00   0.00E+00   0.000E+00   0.000E+00   0.000E+00   0.000E+00     Stable                         
  Cr 54    #  2.41770E+07   2.165E-15   0.000E+00   0.000E+00   0.00E+00   0.000E+00   0.000E+00   0.000E+00   0.000E+00     Stable                         
  Cr 55       5.54020E+03   5.054E-19   1.808E+01   3.176E-15   0.00E+00   1.229E-17   1.394E-15   2.531E-11   1.121E-11   2.124E+02                        
  Mn 53       1.35825E+09   1.194E-13   8.107E-06   5.198E-24   0.00E+00   1.847E-24   1.551E-20   2.432E-16   4.378E-16   1.161E+14                        
  Mn 54       5.73647E+08   5.138E-14   1.474E+01   9.513E-18   0.00E+00   1.975E-15   1.625E-12   1.047E-08   2.212E-08   2.697E+07                        
  Mn 55    #  2.11067E+09   1.925E-13   0.000E+00   0.000E+00   0.00E+00   0.000E+00   0.000E+00   0.000E+00   0.000E+00     Stable                         
  Mn 56       2.74565E+09   2.550E-13   2.047E+05   2.693E-11   0.00E+00   5.609E-11   4.162E-08   5.118E-05   2.457E-05   9.297E+03                        
  Fe 53       1.78034E+06   1.565E-16   2.417E+03   4.286E-13   0.00E+00   4.586E-13   3.808E-10   2.223E-08   2.175E-08   5.106E+02                        
  Fe 54    #> 6.30304E+20   5.646E-02   0.000E+00   0.000E+00   0.00E+00   0.000E+00   0.000E+00   0.000E+00   0.000E+00     Stable                         
  Fe 55       1.46070E+10   1.333E-12   1.173E+02   7.525E-17   0.00E+00   3.122E-17   2.724E-13   3.871E-08   9.033E-08   8.631E+07                        
  Fe 56    #> 9.89443E+21   9.190E-01   0.000E+00   0.000E+00   0.00E+00   0.000E+00   0.000E+00   0.000E+00   0.000E+00     Stable                         
  Fe 57    #> 2.28506E+20   2.160E-02   0.000E+00   0.000E+00   0.00E+00   0.000E+00   0.000E+00   0.000E+00   0.000E+00     Stable                         
  Fe 58    #> 3.04099E+19   2.925E-03   0.000E+00   0.000E+00   0.00E+00   0.000E+00   0.000E+00   0.000E+00   0.000E+00     Stable                         
  Fe 59       1.51886E+05   1.486E-17   2.739E-02   5.194E-19   0.00E+00   5.217E-18   3.994E-15   4.929E-11   1.095E-10   3.844E+06                        
0  TOTAL NUMBER OF NUCLIDES PRINTED IN INVENTORY =   24
0  TOTAL CURIES   TOTAL ALPHA   TOTAL BETA    TOTAL GAMMA
                  CURIE-MeV     CURIE-MeV     CURIE-MeV
   5.60350E-06   0.00000E+00   4.61632E-06   9.54007E-06
0  ALPHA BECQUERELS = 0.000000E+00  BETA BECQUERELS = 2.073296E+05  GAMMA BECQUERELS = 0.000000E+00
0  TOTAL ACTIVITY FOR ALL MATERIALS     2.07330E+05 Bq
                                        4.41276E-05 Ci/cc           DENSITY   7.88E+00 gm/cc
   TOTAL ACTIVITY EXCLUDING TRITIUM     2.07330E+05 Bq
                                        4.41276E-05 Ci/cc
0  TOTAL ALPHA HEAT PRODUCTION          0.00000E+00 kW
   TOTAL BETA  HEAT PRODUCTION          2.73658E-11 kW
   TOTAL GAMMA HEAT PRODUCTION          5.65540E-11 kW              TOTAL HEAT PRODUCTION 8.39198E-11 kW
0  INITIAL TOTAL MASS OF MATERIAL       1.00000E-03 kg              TOTAL HEAT EX TRITIUM 8.39198E-11 kW
0  TOTAL MASS OF MATERIAL               1.00000E-03 kg
   NEUTRON  FLUX DURING INTERVAL        0.00000E+00 n/cm^2/s
0  NUMBER OF FISSIONS                   0.00000E+00                 BURN-UP OF ACTINIDES  0.00000E+00 %
0  INGESTION  HAZARD FOR ALL MATERIALS  5.12516E-05 Sv/kg
   INHALATION HAZARD FOR ALL MATERIALS  2.47017E-05 Sv/kg
0  INGESTION  HAZARD EXCLUDING TRITIUM  5.12516E-05 Sv/kg
   INHALATION HAZARD EXCLUDING TRITIUM  2.47017E-05 Sv/kg
0  APPM OF He  4    =  1.2278E-07
   APPM OF He  3    =  3.3484E-13
   APPM OF H   3    =  2.6775E-11
   APPM OF H   2    =  1.8671E-08
   APPM OF H   1    =  6.5157E-07



                                               COMPOSITION  OF  MATERIAL  BY  ELEMENT
                                               --------------------------------------
0                                                             BETA                     GAMMA                     ALPHA
                      ATOMS      GRAM-ATOMS     GRAMS      CURIES-MeV      kW        CURIES-MeV      kW        CURIES-MeV      kW

    1       H       7.2279E+09   1.2002E-14   1.2434E-14   7.9341E-17   4.7034E-22   0.0000E+00   0.0000E+00   0.0000E+00   0.0000E+00
    2       He      1.3240E+09   2.1986E-15   8.8001E-15   0.0000E+00   0.0000E+00   0.0000E+00   0.0000E+00   0.0000E+00   0.0000E+00
   23       V       1.0097E+05   1.6766E-19   8.5216E-18   7.8601E-34   4.6595E-39   7.1361E-32   4.2303E-37   0.0000E+00   0.0000E+00
   24       Cr      1.3341E+09   2.2153E-15   1.1669E-13   5.4072E-10   3.2054E-15   4.5967E-11   2.7249E-16   0.0000E+00   0.0000E+00
   25       Mn      6.7882E+09   1.1272E-14   6.1838E-13   4.5435E-06   2.6934E-11   9.4627E-06   5.6095E-11   0.0000E+00   0.0000E+00
   26       Fe      1.0784E+22   1.7907E-02   1.0000E+00   7.2321E-08   4.2872E-13   7.7361E-08   4.5860E-13   0.0000E+00   0.0000E+00



                                               GAMMA SPECTRUM AND ENERGIES/SECOND
                                               ----------------------------------

     NEUTRONS PER SECOND ARISING FROM SPONTANEOUS FISSION                    0.00000E+00    Entered density (g/cc)       7.88
     POWER FROM ALPHA PARTICLES (MeV per Second)                             0.00000E+00
     POWER FROM BETA  PARTICLES (MeV per Second)                             1.70804E+05
     TOTAL GAMMA POWER FROM ACTIVATION  (MeV per Second)                     3.52983E+05    Total gammas (per cc per second)      2.24735E+06
     GAMMA RAY POWER FROM ACTIVATION DECAY  MeV/s    (  0.000-  0.010 MeV)   5.12884E-01    Gammas per group (per cc per second)  8.07792E+02
                                                     (  0.010-  0.020 MeV)   0.00000E+00                                          0.00000E+00
                                                     (  0.020-  0.050 MeV)   0.00000E+00                                          0.00000E+00
                                                     (  0.050-  0.100 MeV)   0.00000E+00                                          0.00000E+00
                                                     (  0.100-  0.200 MeV)   2.31298E-04                                          1.21431E-02
                                                     (  0.200-  0.300 MeV)   0.00000E+00                                          0.00000E+00
                                                     (  0.300-  0.400 MeV)   3.85165E+02                                          8.66621E+03
                                                     (  0.400-  0.600 MeV)   2.40727E+03                                          3.79146E+04
                                                     (  0.600-  0.800 MeV)   2.46915E-22                                          2.77779E-21
                                                     (  0.800-  1.000 MeV)   1.71328E+05                                          1.49912E+06
                                                     (  1.000-  1.220 MeV)   8.92491E+01                                          6.33186E+02
                                                     (  1.220-  1.440 MeV)   3.04749E+02                                          1.80443E+03
                                                     (  1.440-  1.660 MeV)   1.97579E+01                                          1.00383E+02
                                                     (  1.660-  2.000 MeV)   1.02308E+05                                          4.40258E+05
                                                     (  2.000-  2.500 MeV)   6.40428E+04                                          2.24150E+05
                                                     (  2.500-  3.000 MeV)   1.09134E+04                                          3.12520E+04
                                                     (  3.000-  4.000 MeV)   1.17571E+03                                          2.64535E+03
                                                     (  4.000-  5.000 MeV)   0.00000E+00                                          0.00000E+00
                                                     (  5.000-  6.500 MeV)   0.00000E+00                                          0.00000E+00
                                                     (  6.500-  8.000 MeV)   0.00000E+00                                          0.00000E+00
                                                     (  8.000- 10.000 MeV)   0.00000E+00                                          0.00000E+00
                                                     ( 10.000- 12.000 MeV)   0.00000E+00                                          0.00000E+00
                                                     ( 12.000- 14.000 MeV)   0.00000E+00                                          0.00000E+00
                                                     ( 14.000- 20.000 MeV)   0.00000E+00                                          0.00000E+00

GAMMA SPECTRUM END


    DOSE RATE (1 g POINT SOURCE  1.0m) FROM GAMMAS WITH ENERGY 0-20MeV IS   4.20020E-08 Sieverts/hour   ( 4.20020E-06 Rems/hour)




                                                                           DOMINANT NUCLIDES
                                                                           -----------------

      NUCLIDE   ACTIVITY    PERCENT  NUCLIDE     HEAT      PERCENT  NUCLIDE  DOSE RATE    PERCENT  NUCLIDE  INGESTION    PERCENT  NUCLIDE  INHALATION   PERCENT 
                  (Bq)      ACTIVITY             (kW)       HEAT              (Sv/hr)    DOSE RATE            (Sv)      INGESTION            (Sv)     INHALATION
       Total   2.0733E+05             Total   8.3920E-11             Total   4.2002E-08             Total   5.1252E-05             Total   2.4702E-05
    1  Mn 56   2.0471E+05  98.74E+00  Mn 56   8.3027E-11  98.94E+00  Mn 56   4.1619E-08  99.09E+00  Mn 56   5.1178E-05  99.86E+00  Mn 56   2.4566E-05  99.45E+00
    2  Fe 53   2.4168E+03  11.66E-01  Fe 53   8.8721E-13  10.57E-01  Fe 53   3.8083E-10  90.67E-02  Fe 55   3.8712E-08  75.53E-03  Fe 55   9.0329E-08  36.57E-02
    3  Fe 55   1.1731E+02  56.58E-03  Cr 55   3.1886E-15  38.00E-04  Mn 54   1.6251E-12  38.69E-04  Fe 53   2.2235E-08  43.38E-03  Mn 54   2.2116E-08  89.53E-03
    4  Cr 51   4.9649E+01  23.95E-03  Mn 54   1.9844E-15  23.65E-04  Cr 51   2.8387E-13  67.58E-05  Mn 54   1.0468E-08  20.43E-03  Fe 53   2.1752E-08  88.06E-03
    5  Cr 55   1.8080E+01  87.20E-04  Cr 51   2.8935E-16  34.48E-05  Fe 55   2.7242E-13  64.86E-05  Cr 51   1.8867E-09  36.81E-04  Cr 51   1.8370E-09  74.37E-04
    6  Mn 54   1.4744E+01  71.11E-04  Fe 55   1.0647E-16  12.69E-05  Fe 59   3.9943E-15  95.10E-07  Fe 59   4.9294E-11  96.18E-06  Fe 59   1.0954E-10  44.35E-05
    7  Fe 59   2.7385E-02  13.21E-06  Fe 59   5.7363E-18  68.35E-07  Cr 55   1.3940E-15  33.19E-07  Cr 55   2.5312E-11  49.39E-06  Cr 55   1.1210E-11  45.38E-06
    8  H   3   5.1435E-04  24.81E-08  H   3   4.7034E-22  56.05E-11  Mn 53   1.5514E-20  36.94E-12  H   3   2.1603E-14  42.15E-09  H   3   1.3373E-13  54.14E-08
    9  Mn 53   8.1069E-06  39.10E-10  Mn 53   7.0448E-24  83.95E-13  V  50   3.1176E-34  74.22E-26  Mn 53   2.4321E-16  47.45E-11  Mn 53   4.3777E-16  17.72E-10
   10  Cr 50   2.9825E-19  14.39E-23  Cr 50   5.5774E-35  66.46E-24          0.0000E+00  00.00E+00  Cr 50   3.8772E-28  75.65E-23  Cr 50   3.8772E-28  15.70E-22
   11  V  50   1.8548E-21  89.46E-26  V  50   4.2769E-37  50.96E-26          0.0000E+00  00.00E+00  V  50   1.1871E-29  23.16E-24  V  50   2.0403E-29  82.60E-24

      NUCLIDE  GAMMA HEAT   PERCENT  NUCLIDE   BETA HEAT   PERCENT 
                  (kW)       GAMMA               (kW)       BETA
       Total   5.6554E-11             Total   2.7366E-11
    1  Mn 56   5.6093E-11  99.19E+00  Mn 56   2.6934E-11  98.42E+00
    2  Fe 53   4.5857E-13  81.08E-02  Fe 53   4.2865E-13  15.66E-01
    3  Mn 54   1.9749E-15  34.92E-04  Cr 55   3.1763E-15  11.61E-03
    4  Cr 51   2.6020E-16  46.01E-05  Fe 55   7.5249E-17  27.50E-05
    5  Fe 55   3.1221E-17  55.21E-06  Cr 51   2.9151E-17  10.65E-05
    6  Cr 55   1.2290E-17  21.73E-06  Mn 54   9.5130E-18  34.76E-06
    7  Fe 59   5.2170E-18  92.25E-07  Fe 59   5.1935E-19  18.98E-07
    8  Mn 53   1.8472E-24  32.66E-13  H   3   4.7034E-22  17.19E-10
    9  V  50   4.2303E-37  74.80E-26  Mn 53   5.1976E-24  18.99E-12
   10          0.0000E+00  00.00E+00  Cr 50   5.5774E-35  20.38E-23
   11          0.0000E+00  00.00E+00  V  50   4.6595E-39  17.03E-27
1 * * * TIME INTERVAL  21 * * * COOLING TIME IS   4.2700E+02 SECS OR  7.1167E+00 MINS  * * * ELAPSED TIME IS  39.533 m   * * * FLUX AMP IS  0.0000E+00 /cm^2/s  * * *
  NUCLIDE        ATOMS         GRAMS        Bq       b-Energy    a-Energy   g-Energy    DOSE RATE   INGESTION  INHALATION   HALF LIFE                        
                                                        kW          kW         kW         Sv/hr      DOSE(Sv)    DOSE(Sv)    seconds                         

  H   1    #  7.02629E+09   1.176E-14   0.000E+00   0.000E+00   0.00E+00   0.000E+00   0.000E+00   0.000E+00   0.000E+00     Stable                         
  H   2    #  2.01346E+08   6.734E-16   0.000E+00   0.000E+00   0.00E+00   0.000E+00   0.000E+00   0.000E+00   0.000E+00     Stable                         
  H   3       2.88737E+05   1.446E-18   5.144E-04   4.703E-22   0.00E+00   0.000E+00   0.000E+00   2.160E-14   1.337E-13   3.891E+08                        
  He  3    #  3.61107E+03   1.809E-20   0.000E+00   0.000E+00   0.00E+00   0.000E+00   0.000E+00   0.000E+00   0.000E+00     Stable                         
  He  4    #  1.32403E+09   8.800E-15   0.000E+00   0.000E+00   0.00E+00   0.000E+00   0.000E+00   0.000E+00   0.000E+00     Stable                         
  V  50       1.18223E+04   9.805E-19   1.855E-21   4.660E-39   0.00E+00   4.230E-37   3.118E-34   1.187E-29   2.040E-29   4.418E+24                        
  V  51    #  1.10343E+05   9.334E-18   0.000E+00   0.000E+00   0.00E+00   0.000E+00   0.000E+00   0.000E+00   0.000E+00     Stable                         
  Cr 50       2.44413E+06   2.027E-16   2.982E-19   5.577E-35   0.00E+00   0.000E+00   0.000E+00   3.877E-28   3.877E-28   5.680E+24                        
  Cr 51       1.71425E+08   1.450E-14   4.964E+01   2.915E-17   0.00E+00   2.602E-16   2.838E-13   1.886E-09   1.837E-09   2.394E+06                        
  Cr 52    #  2.86673E+07   2.473E-15   0.000E+00   0.000E+00   0.00E+00   0.000E+00   0.000E+00   0.000E+00   0.000E+00     Stable                         
  Cr 53    #  1.10736E+09   9.735E-14   0.000E+00   0.000E+00   0.00E+00   0.000E+00   0.000E+00   0.000E+00   0.000E+00     Stable                         
  Cr 54    #  2.41833E+07   2.166E-15   0.000E+00   0.000E+00   0.00E+00   0.000E+00   0.000E+00   0.000E+00   0.000E+00     Stable                         
  Cr 55       1.37485E+03   1.254E-19   4.487E+00   7.882E-16   0.00E+00   3.050E-18   3.459E-16   6.281E-12   2.782E-12   2.124E+02                        
  Mn 53       1.35903E+09   1.195E-13   8.112E-06   5.201E-24   0.00E+00   1.848E-24   1.552E-20   2.433E-16   4.380E-16   1.161E+14                        
  Mn 54       5.73641E+08   5.138E-14   1.474E+01   9.513E-18   0.00E+00   1.975E-15   1.625E-12   1.047E-08   2.212E-08   2.697E+07                        
  Mn 55    #  2.11072E+09   1.926E-13   0.000E+00   0.000E+00   0.00E+00   0.000E+00   0.000E+00   0.000E+00   0.000E+00     Stable                         
  Mn 56       2.65962E+09   2.470E-13   1.983E+05   2.609E-11   0.00E+00   5.434E-11   4.031E-08   4.957E-05   2.380E-05   9.297E+03                        
  Fe 53       9.97149E+05   8.767E-17   1.354E+03   2.401E-13   0.00E+00   2.568E-13   2.133E-10   1.245E-08   1.218E-08   5.106E+02                        
  Fe 54    #> 6.30304E+20   5.646E-02   0.000E+00   0.000E+00   0.00E+00   0.000E+00   0.000E+00   0.000E+00   0.000E+00     Stable                         
  Fe 55       1.46070E+10   1.333E-12   1.173E+02   7.525E-17   0.00E+00   3.122E-17   2.724E-13   3.871E-08   9.033E-08   8.631E+07                        
  Fe 56    #> 9.89443E+21   9.190E-01   0.000E+00   0.000E+00   0.00E+00   0.000E+00   0.000E+00   0.000E+00   0.000E+00     Stable                         
  Fe 57    #> 2.28506E+20   2.160E-02   0.000E+00   0.000E+00   0.00E+00   0.000E+00   0.000E+00   0.000E+00   0.000E+00     Stable                         
  Fe 58    #> 3.04099E+19   2.925E-03   0.000E+00   0.000E+00   0.00E+00   0.000E+00   0.000E+00   0.000E+00   0.000E+00     Stable                         
  Fe 59       1.51875E+05   1.486E-17   2.738E-02   5.193E-19   0.00E+00   5.217E-18   3.994E-15   4.929E-11   1.095E-10   3.844E+06                        
0  TOTAL NUMBER OF NUCLIDES PRINTED IN INVENTORY =   24
0  TOTAL CURIES   TOTAL ALPHA   TOTAL BETA    TOTAL GAMMA
                  CURIE-MeV     CURIE-MeV     CURIE-MeV
   5.40103E-06   0.00000E+00   4.44174E-06   9.20953E-06
0  ALPHA BECQUERELS = 0.000000E+00  BETA BECQUERELS = 1.998380E+05  GAMMA BECQUERELS = 0.000000E+00
0  TOTAL ACTIVITY FOR ALL MATERIALS     1.99838E+05 Bq
                                        4.25331E-05 Ci/cc           DENSITY   7.88E+00 gm/cc
   TOTAL ACTIVITY EXCLUDING TRITIUM     1.99838E+05 Bq
                                        4.25331E-05 Ci/cc
0  TOTAL ALPHA HEAT PRODUCTION          0.00000E+00 kW
   TOTAL BETA  HEAT PRODUCTION          2.63309E-11 kW
   TOTAL GAMMA HEAT PRODUCTION          5.45946E-11 kW              TOTAL HEAT PRODUCTION 8.09255E-11 kW
0  INITIAL TOTAL MASS OF MATERIAL       1.00000E-03 kg              TOTAL HEAT EX TRITIUM 8.09255E-11 kW
0  TOTAL MASS OF MATERIAL               1.00000E-03 kg
   NEUTRON  FLUX DURING INTERVAL        0.00000E+00 n/cm^2/s
0  NUMBER OF FISSIONS                   0.00000E+00                 BURN-UP OF ACTINIDES  0.00000E+00 %
0  INGESTION  HAZARD FOR ALL MATERIALS  4.96381E-05 Sv/kg
   INHALATION HAZARD FOR ALL MATERIALS  2.39224E-05 Sv/kg
0  INGESTION  HAZARD EXCLUDING TRITIUM  4.96381E-05 Sv/kg
   INHALATION HAZARD EXCLUDING TRITIUM  2.39224E-05 Sv/kg
0  APPM OF He  4    =  1.2278E-07
   APPM OF He  3    =  3.3487E-13
   APPM OF H   3    =  2.6775E-11
   APPM OF H   2    =  1.8671E-08
   APPM OF H   1    =  6.5157E-07



                                               COMPOSITION  OF  MATERIAL  BY  ELEMENT
                                               --------------------------------------
0                                                             BETA                     GAMMA                     ALPHA
                      ATOMS      GRAM-ATOMS     GRAMS      CURIES-MeV      kW        CURIES-MeV      kW        CURIES-MeV      kW

    1       H       7.2279E+09   1.2002E-14   1.2434E-14   7.9341E-17   4.7034E-22   0.0000E+00   0.0000E+00   0.0000E+00   0.0000E+00
    2       He      1.3240E+09   2.1986E-15   8.8001E-15   0.0000E+00   0.0000E+00   0.0000E+00   0.0000E+00   0.0000E+00   0.0000E+00
   23       V       1.2216E+05   2.0286E-19   1.0315E-17   7.8601E-34   4.6595E-39   7.1361E-32   4.2303E-37   0.0000E+00   0.0000E+00
   24       Cr      1.3341E+09   2.2153E-15   1.1669E-13   1.3788E-10   8.1737E-16   4.4403E-11   2.6322E-16   0.0000E+00   0.0000E+00
   25       Mn      6.7030E+09   1.1131E-14   6.1046E-13   4.4011E-06   2.6090E-11   9.1662E-06   5.4337E-11   0.0000E+00   0.0000E+00
   26       Fe      1.0784E+22   1.7907E-02   1.0000E+00   4.0512E-08   2.4016E-13   4.3332E-08   2.5687E-13   0.0000E+00   0.0000E+00



                                               GAMMA SPECTRUM AND ENERGIES/SECOND
                                               ----------------------------------

     NEUTRONS PER SECOND ARISING FROM SPONTANEOUS FISSION                    0.00000E+00    Entered density (g/cc)       7.88
     POWER FROM ALPHA PARTICLES (MeV per Second)                             0.00000E+00
     POWER FROM BETA  PARTICLES (MeV per Second)                             1.64344E+05
     TOTAL GAMMA POWER FROM ACTIVATION  (MeV per Second)                     3.40753E+05    Total gammas (per cc per second)      2.15776E+06
     GAMMA RAY POWER FROM ACTIVATION DECAY  MeV/s    (  0.000-  0.010 MeV)   4.58997E-01    Gammas per group (per cc per second)  7.22920E+02
                                                     (  0.010-  0.020 MeV)   0.00000E+00                                          0.00000E+00
                                                     (  0.020-  0.050 MeV)   0.00000E+00                                          0.00000E+00
                                                     (  0.050-  0.100 MeV)   0.00000E+00                                          0.00000E+00
                                                     (  0.100-  0.200 MeV)   2.01511E-04                                          1.05793E-02
                                                     (  0.200-  0.300 MeV)   0.00000E+00                                          0.00000E+00
                                                     (  0.300-  0.400 MeV)   2.16416E+02                                          4.86936E+03
                                                     (  0.400-  0.600 MeV)   1.34829E+03                                          2.12355E+04
                                                     (  0.600-  0.800 MeV)   2.46915E-22                                          2.77779E-21
                                                     (  0.800-  1.000 MeV)   1.65960E+05                                          1.45215E+06
                                                     (  1.000-  1.220 MeV)   8.64530E+01                                          6.13349E+02
                                                     (  1.220-  1.440 MeV)   2.94977E+02                                          1.74657E+03
                                                     (  1.440-  1.660 MeV)   1.10630E+01                                          5.62071E+01
                                                     (  1.660-  2.000 MeV)   9.91018E+04                                          4.26463E+05
                                                     (  2.000-  2.500 MeV)   6.20273E+04                                          2.17095E+05
                                                     (  2.500-  3.000 MeV)   1.05641E+04                                          3.02516E+04
                                                     (  3.000-  4.000 MeV)   1.13766E+03                                          2.55973E+03
                                                     (  4.000-  5.000 MeV)   0.00000E+00                                          0.00000E+00
                                                     (  5.000-  6.500 MeV)   0.00000E+00                                          0.00000E+00
                                                     (  6.500-  8.000 MeV)   0.00000E+00                                          0.00000E+00
                                                     (  8.000- 10.000 MeV)   0.00000E+00                                          0.00000E+00
                                                     ( 10.000- 12.000 MeV)   0.00000E+00                                          0.00000E+00
                                                     ( 12.000- 14.000 MeV)   0.00000E+00                                          0.00000E+00
                                                     ( 14.000- 20.000 MeV)   0.00000E+00                                          0.00000E+00

GAMMA SPECTRUM END


    DOSE RATE (1 g POINT SOURCE  1.0m) FROM GAMMAS WITH ENERGY 0-20MeV IS   4.05304E-08 Sieverts/hour   ( 4.05304E-06 Rems/hour)




                                                                           DOMINANT NUCLIDES
                                                                           -----------------

      NUCLIDE   ACTIVITY    PERCENT  NUCLIDE     HEAT      PERCENT  NUCLIDE  DOSE RATE    PERCENT  NUCLIDE  INGESTION    PERCENT  NUCLIDE  INHALATION   PERCENT 
                  (Bq)      ACTIVITY             (kW)       HEAT              (Sv/hr)    DOSE RATE            (Sv)      INGESTION            (Sv)     INHALATION
       Total   1.9984E+05             Total   8.0925E-11             Total   4.0530E-08             Total   4.9638E-05             Total   2.3922E-05
    1  Mn 56   1.9830E+05  99.23E+00  Mn 56   8.0425E-11  99.38E+00  Mn 56   4.0315E-08  99.47E+00  Mn 56   4.9575E-05  99.87E+00  Mn 56   2.3796E-05  99.47E+00
    2  Fe 53   1.3536E+03  67.74E-02  Fe 53   4.9692E-13  61.40E-02  Fe 53   2.1330E-10  52.63E-02  Fe 55   3.8712E-08  77.99E-03  Fe 55   9.0329E-08  37.76E-02
    3  Fe 55   1.1731E+02  58.70E-03  Mn 54   1.9844E-15  24.52E-04  Mn 54   1.6251E-12  40.10E-04  Fe 53   1.2454E-08  25.09E-03  Mn 54   2.2116E-08  92.45E-03
    4  Cr 51   4.9643E+01  24.84E-03  Cr 55   7.9127E-16  97.78E-05  Cr 51   2.8383E-13  70.03E-05  Mn 54   1.0468E-08  21.09E-03  Fe 53   1.2183E-08  50.93E-03
    5  Mn 54   1.4744E+01  73.78E-04  Cr 51   2.8932E-16  35.75E-05  Fe 55   2.7242E-13  67.21E-05  Cr 51   1.8864E-09  38.00E-04  Cr 51   1.8368E-09  76.78E-04
    6  Cr 55   4.4867E+00  22.45E-04  Fe 55   1.0647E-16  13.16E-05  Fe 59   3.9940E-15  98.54E-07  Fe 59   4.9290E-11  99.30E-06  Fe 59   1.0953E-10  45.79E-05
    7  Fe 59   2.7383E-02  13.70E-06  Fe 59   5.7359E-18  70.88E-07  Cr 55   3.4593E-16  85.35E-08  Cr 55   6.2814E-12  12.65E-06  Cr 55   2.7817E-12  11.63E-06
    8  H   3   5.1435E-04  25.74E-08  H   3   4.7034E-22  58.12E-11  Mn 53   1.5522E-20  38.30E-12  H   3   2.1603E-14  43.52E-09  H   3   1.3373E-13  55.90E-08
    9  Mn 53   8.1115E-06  40.59E-10  Mn 53   7.0488E-24  87.10E-13  V  50   3.1176E-34  76.92E-26  Mn 53   2.4335E-16  49.02E-11  Mn 53   4.3802E-16  18.31E-10
   10  Cr 50   2.9825E-19  14.92E-23  Cr 50   5.5774E-35  68.92E-24          0.0000E+00  00.00E+00  Cr 50   3.8772E-28  78.11E-23  Cr 50   3.8772E-28  16.21E-22
   11  V  50   1.8548E-21  92.82E-26  V  50   4.2769E-37  52.85E-26          0.0000E+00  00.00E+00  V  50   1.1871E-29  23.91E-24  V  50   2.0403E-29  85.29E-24

      NUCLIDE  GAMMA HEAT   PERCENT  NUCLIDE   BETA HEAT   PERCENT 
                  (kW)       GAMMA               (kW)       BETA
       Total   5.4595E-11             Total   2.6331E-11
    1  Mn 56   5.4335E-11  99.53E+00  Mn 56   2.6090E-11  99.08E+00
    2  Fe 53   2.5684E-13  47.04E-02  Fe 53   2.4008E-13  91.18E-02
    3  Mn 54   1.9749E-15  36.17E-04  Cr 55   7.8822E-16  29.94E-04
    4  Cr 51   2.6017E-16  47.66E-05  Fe 55   7.5248E-17  28.58E-05
    5  Fe 55   3.1221E-17  57.19E-06  Cr 51   2.9148E-17  11.07E-05
    6  Fe 59   5.2166E-18  95.55E-07  Mn 54   9.5129E-18  36.13E-06
    7  Cr 55   3.0499E-18  55.87E-07  Fe 59   5.1931E-19  19.72E-07
    8  Mn 53   1.8482E-24  33.85E-13  H   3   4.7034E-22  17.86E-10
    9  V  50   4.2303E-37  77.49E-26  Mn 53   5.2006E-24  19.75E-12
   10          0.0000E+00  00.00E+00  Cr 50   5.5774E-35  21.18E-23
   11          0.0000E+00  00.00E+00  V  50   4.6595E-39  17.70E-27
1 * * * TIME INTERVAL  22 * * * COOLING TIME IS   6.0700E+02 SECS OR  1.0117E+01 MINS  * * * ELAPSED TIME IS  49.650 m   * * * FLUX AMP IS  0.0000E+00 /cm^2/s  * * *
  NUCLIDE        ATOMS         GRAMS        Bq       b-Energy    a-Energy   g-Energy    DOSE RATE   INGESTION  INHALATION   HALF LIFE                        
                                                        kW          kW         kW         Sv/hr      DOSE(Sv)    DOSE(Sv)    seconds                         

  H   1    #  7.02629E+09   1.176E-14   0.000E+00   0.000E+00   0.00E+00   0.000E+00   0.000E+00   0.000E+00   0.000E+00     Stable                         
  H   2    #  2.01346E+08   6.734E-16   0.000E+00   0.000E+00   0.00E+00   0.000E+00   0.000E+00   0.000E+00   0.000E+00     Stable                         
  H   3       2.88737E+05   1.446E-18   5.144E-04   4.703E-22   0.00E+00   0.000E+00   0.000E+00   2.160E-14   1.337E-13   3.891E+08                        
  He  3    #  3.61138E+03   1.809E-20   0.000E+00   0.000E+00   0.00E+00   0.000E+00   0.000E+00   0.000E+00   0.000E+00     Stable                         
  He  4    #  1.32403E+09   8.800E-15   0.000E+00   0.000E+00   0.00E+00   0.000E+00   0.000E+00   0.000E+00   0.000E+00     Stable                         
  V  50       1.18223E+04   9.805E-19   1.855E-21   4.660E-39   0.00E+00   4.230E-37   3.118E-34   1.187E-29   2.040E-29   4.418E+24                        
  V  51    #  1.40473E+05   1.188E-17   0.000E+00   0.000E+00   0.00E+00   0.000E+00   0.000E+00   0.000E+00   0.000E+00     Stable                         
  Cr 50       2.44413E+06   2.027E-16   2.982E-19   5.577E-35   0.00E+00   0.000E+00   0.000E+00   3.877E-28   3.877E-28   5.680E+24                        
  Cr 51       1.71395E+08   1.450E-14   4.963E+01   2.914E-17   0.00E+00   2.601E-16   2.838E-13   1.886E-09   1.836E-09   2.394E+06                        
  Cr 52    #  2.86673E+07   2.473E-15   0.000E+00   0.000E+00   0.00E+00   0.000E+00   0.000E+00   0.000E+00   0.000E+00     Stable                         
  Cr 53    #  1.10736E+09   9.735E-14   0.000E+00   0.000E+00   0.00E+00   0.000E+00   0.000E+00   0.000E+00   0.000E+00     Stable                         
  Cr 54    #  2.41922E+07   2.167E-15   0.000E+00   0.000E+00   0.00E+00   0.000E+00   0.000E+00   0.000E+00   0.000E+00     Stable                         
  Mn 53       1.35959E+09   1.195E-13   8.115E-06   5.203E-24   0.00E+00   1.849E-24   1.553E-20   2.434E-16   4.382E-16   1.161E+14                        
  Mn 54       5.73632E+08   5.138E-14   1.474E+01   9.513E-18   0.00E+00   1.975E-15   1.625E-12   1.047E-08   2.212E-08   2.697E+07                        
  Mn 55    #  2.11080E+09   1.926E-13   0.000E+00   0.000E+00   0.00E+00   0.000E+00   0.000E+00   0.000E+00   0.000E+00     Stable                         
  Mn 56       2.54193E+09   2.361E-13   1.895E+05   2.494E-11   0.00E+00   5.193E-11   3.853E-08   4.738E-05   2.274E-05   9.297E+03                        
  Fe 53       4.37411E+05   3.846E-17   5.938E+02   1.053E-13   0.00E+00   1.127E-13   9.356E-11   5.463E-09   5.344E-09   5.106E+02                        
  Fe 54    #> 6.30304E+20   5.646E-02   0.000E+00   0.000E+00   0.00E+00   0.000E+00   0.000E+00   0.000E+00   0.000E+00     Stable                         
  Fe 55       1.46069E+10   1.333E-12   1.173E+02   7.525E-17   0.00E+00   3.122E-17   2.724E-13   3.871E-08   9.033E-08   8.631E+07                        
  Fe 56    #> 9.89443E+21   9.190E-01   0.000E+00   0.000E+00   0.00E+00   0.000E+00   0.000E+00   0.000E+00   0.000E+00     Stable                         
  Fe 57    #> 2.28506E+20   2.160E-02   0.000E+00   0.000E+00   0.00E+00   0.000E+00   0.000E+00   0.000E+00   0.000E+00     Stable                         
  Fe 58    #> 3.04099E+19   2.925E-03   0.000E+00   0.000E+00   0.00E+00   0.000E+00   0.000E+00   0.000E+00   0.000E+00     Stable                         
  Fe 59       1.51858E+05   1.486E-17   2.738E-02   5.193E-19   0.00E+00   5.216E-18   3.994E-15   4.928E-11   1.095E-10   3.844E+06                        
0  TOTAL NUMBER OF NUCLIDES PRINTED IN INVENTORY =   23
0  TOTAL CURIES   TOTAL ALPHA   TOTAL BETA    TOTAL GAMMA
                  CURIE-MeV     CURIE-MeV     CURIE-MeV
   5.14322E-06   0.00000E+00   4.22413E-06   8.77964E-06
0  ALPHA BECQUERELS = 0.000000E+00  BETA BECQUERELS = 1.902993E+05  GAMMA BECQUERELS = 0.000000E+00
0  TOTAL ACTIVITY FOR ALL MATERIALS     1.90299E+05 Bq
                                        4.05029E-05 Ci/cc           DENSITY   7.88E+00 gm/cc
   TOTAL ACTIVITY EXCLUDING TRITIUM     1.90299E+05 Bq
                                        4.05029E-05 Ci/cc
0  TOTAL ALPHA HEAT PRODUCTION          0.00000E+00 kW
   TOTAL BETA  HEAT PRODUCTION          2.50409E-11 kW
   TOTAL GAMMA HEAT PRODUCTION          5.20462E-11 kW              TOTAL HEAT PRODUCTION 7.70871E-11 kW
0  INITIAL TOTAL MASS OF MATERIAL       1.00000E-03 kg              TOTAL HEAT EX TRITIUM 7.70871E-11 kW
0  TOTAL MASS OF MATERIAL               1.00000E-03 kg
   NEUTRON  FLUX DURING INTERVAL        0.00000E+00 n/cm^2/s
0  NUMBER OF FISSIONS                   0.00000E+00                 BURN-UP OF ACTINIDES  0.00000E+00 %
0  INGESTION  HAZARD FOR ALL MATERIALS  4.74375E-05 Sv/kg
   INHALATION HAZARD FOR ALL MATERIALS  2.28626E-05 Sv/kg
0  INGESTION  HAZARD EXCLUDING TRITIUM  4.74375E-05 Sv/kg
   INHALATION HAZARD EXCLUDING TRITIUM  2.28626E-05 Sv/kg
0  APPM OF He  4    =  1.2278E-07
   APPM OF He  3    =  3.3489E-13
   APPM OF H   3    =  2.6775E-11
   APPM OF H   2    =  1.8671E-08
   APPM OF H   1    =  6.5157E-07



                                               COMPOSITION  OF  MATERIAL  BY  ELEMENT
                                               --------------------------------------
0                                                             BETA                     GAMMA                     ALPHA
                      ATOMS      GRAM-ATOMS     GRAMS      CURIES-MeV      kW        CURIES-MeV      kW        CURIES-MeV      kW

    1       H       7.2279E+09   1.2002E-14   1.2434E-14   7.9341E-17   4.7034E-22   0.0000E+00   0.0000E+00   0.0000E+00   0.0000E+00
    2       He      1.3240E+09   2.1986E-15   8.8001E-15   0.0000E+00   0.0000E+00   0.0000E+00   0.0000E+00   0.0000E+00   0.0000E+00
   23       V       1.5230E+05   2.5289E-19   1.2864E-17   7.8601E-34   4.6595E-39   7.1361E-32   4.2303E-37   0.0000E+00   0.0000E+00
   24       Cr      1.3341E+09   2.2152E-15   1.1669E-13   4.9160E-12   2.9143E-17   4.3880E-11   2.6012E-16   0.0000E+00   0.0000E+00
   25       Mn      6.5860E+09   1.0936E-14   5.9958E-13   4.2063E-06   2.4935E-11   8.7606E-06   5.1933E-11   0.0000E+00   0.0000E+00
   26       Fe      1.0784E+22   1.7907E-02   1.0000E+00   1.7778E-08   1.0539E-13   1.9012E-08   1.1270E-13   0.0000E+00   0.0000E+00



                                               GAMMA SPECTRUM AND ENERGIES/SECOND
                                               ----------------------------------

     NEUTRONS PER SECOND ARISING FROM SPONTANEOUS FISSION                    0.00000E+00    Entered density (g/cc)       7.88
     POWER FROM ALPHA PARTICLES (MeV per Second)                             0.00000E+00
     POWER FROM BETA  PARTICLES (MeV per Second)                             1.56293E+05
     TOTAL GAMMA POWER FROM ACTIVATION  (MeV per Second)                     3.24847E+05    Total gammas (per cc per second)      2.04871E+06
     GAMMA RAY POWER FROM ACTIVATION DECAY  MeV/s    (  0.000-  0.010 MeV)   4.17840E-01    Gammas per group (per cc per second)  6.58099E+02
                                                     (  0.010-  0.020 MeV)   0.00000E+00                                          0.00000E+00
                                                     (  0.020-  0.050 MeV)   0.00000E+00                                          0.00000E+00
                                                     (  0.050-  0.100 MeV)   0.00000E+00                                          0.00000E+00
                                                     (  0.100-  0.200 MeV)   1.91662E-04                                          1.00623E-02
                                                     (  0.200-  0.300 MeV)   0.00000E+00                                          0.00000E+00
                                                     (  0.300-  0.400 MeV)   9.58136E+01                                          2.15581E+03
                                                     (  0.400-  0.600 MeV)   5.91442E+02                                          9.31521E+03
                                                     (  0.600-  0.800 MeV)   2.46915E-22                                          2.77779E-21
                                                     (  0.800-  1.000 MeV)   1.58617E+05                                          1.38790E+06
                                                     (  1.000-  1.220 MeV)   8.26283E+01                                          5.86214E+02
                                                     (  1.220-  1.440 MeV)   2.81767E+02                                          1.66836E+03
                                                     (  1.440-  1.660 MeV)   4.85181E+00                                          2.46503E+01
                                                     (  1.660-  2.000 MeV)   9.47167E+04                                          4.07592E+05
                                                     (  2.000-  2.500 MeV)   5.92764E+04                                          2.07468E+05
                                                     (  2.500-  3.000 MeV)   1.00914E+04                                          2.88981E+04
                                                     (  3.000-  4.000 MeV)   1.08646E+03                                          2.44453E+03
                                                     (  4.000-  5.000 MeV)   0.00000E+00                                          0.00000E+00
                                                     (  5.000-  6.500 MeV)   0.00000E+00                                          0.00000E+00
                                                     (  6.500-  8.000 MeV)   0.00000E+00                                          0.00000E+00
                                                     (  8.000- 10.000 MeV)   0.00000E+00                                          0.00000E+00
                                                     ( 10.000- 12.000 MeV)   0.00000E+00                                          0.00000E+00
                                                     ( 12.000- 14.000 MeV)   0.00000E+00                                          0.00000E+00
                                                     ( 14.000- 20.000 MeV)   0.00000E+00                                          0.00000E+00

GAMMA SPECTRUM END


    DOSE RATE (1 g POINT SOURCE  1.0m) FROM GAMMAS WITH ENERGY 0-20MeV IS   3.86268E-08 Sieverts/hour   ( 3.86268E-06 Rems/hour)




                                                                           DOMINANT NUCLIDES
                                                                           -----------------

      NUCLIDE   ACTIVITY    PERCENT  NUCLIDE     HEAT      PERCENT  NUCLIDE  DOSE RATE    PERCENT  NUCLIDE  INGESTION    PERCENT  NUCLIDE  INHALATION   PERCENT 
                  (Bq)      ACTIVITY             (kW)       HEAT              (Sv/hr)    DOSE RATE            (Sv)      INGESTION            (Sv)     INHALATION
       Total   1.9030E+05             Total   7.7087E-11             Total   3.8627E-08             Total   4.7438E-05             Total   2.2863E-05
    1  Mn 56   1.8952E+05  99.59E+00  Mn 56   7.6867E-11  99.71E+00  Mn 56   3.8531E-08  99.75E+00  Mn 56   4.7381E-05  99.88E+00  Mn 56   2.2743E-05  99.48E+00
    2  Fe 53   5.9379E+02  31.20E-02  Fe 53   2.1798E-13  28.28E-02  Fe 53   9.3565E-11  24.22E-02  Fe 55   3.8712E-08  81.61E-03  Fe 55   9.0328E-08  39.51E-02
    3  Fe 55   1.1731E+02  61.64E-03  Mn 54   1.9843E-15  25.74E-04  Mn 54   1.6251E-12  42.07E-04  Mn 54   1.0468E-08  22.07E-03  Mn 54   2.2116E-08  96.73E-03
    4  Cr 51   4.9634E+01  26.08E-03  Cr 51   2.8927E-16  37.52E-05  Cr 51   2.8378E-13  73.47E-05  Fe 53   5.4629E-09  11.52E-03  Fe 53   5.3441E-09  23.38E-03
    5  Mn 54   1.4744E+01  77.48E-04  Fe 55   1.0647E-16  13.81E-05  Fe 55   2.7242E-13  70.53E-05  Cr 51   1.8861E-09  39.76E-04  Cr 51   1.8365E-09  80.33E-04
    6  Fe 59   2.7380E-02  14.39E-06  Fe 59   5.7353E-18  74.40E-07  Fe 59   3.9936E-15  10.34E-06  Fe 59   4.9285E-11  10.39E-05  Fe 59   1.0952E-10  47.90E-05
    7  H   3   5.1435E-04  27.03E-08  H   3   4.7034E-22  61.01E-11  Mn 53   1.5529E-20  40.20E-12  H   3   2.1603E-14  45.54E-09  H   3   1.3373E-13  58.49E-08
    8  Mn 53   8.1149E-06  42.64E-10  Mn 53   7.0517E-24  91.48E-13  V  50   3.1176E-34  80.71E-26  Mn 53   2.4345E-16  51.32E-11  Mn 53   4.3820E-16  19.17E-10
    9  Cr 50   2.9825E-19  15.67E-23  Cr 50   5.5774E-35  72.35E-24          0.0000E+00  00.00E+00  Cr 50   3.8772E-28  81.73E-23  Cr 50   3.8772E-28  16.96E-22
   10  V  50   1.8548E-21  97.47E-26  V  50   4.2769E-37  55.48E-26          0.0000E+00  00.00E+00  V  50   1.1871E-29  25.02E-24  V  50   2.0403E-29  89.24E-24

      NUCLIDE  GAMMA HEAT   PERCENT  NUCLIDE   BETA HEAT   PERCENT 
                  (kW)       GAMMA               (kW)       BETA
       Total   5.2046E-11             Total   2.5041E-11
    1  Mn 56   5.1931E-11  99.78E+00  Mn 56   2.4935E-11  99.58E+00
    2  Fe 53   1.1266E-13  21.65E-02  Fe 53   1.0531E-13  42.06E-02
    3  Mn 54   1.9748E-15  37.94E-04  Fe 55   7.5248E-17  30.05E-05
    4  Cr 51   2.6012E-16  49.98E-05  Cr 51   2.9143E-17  11.64E-05
    5  Fe 55   3.1221E-17  59.99E-06  Mn 54   9.5127E-18  37.99E-06
    6  Fe 59   5.2160E-18  10.02E-06  Fe 59   5.1926E-19  20.74E-07
    7  Mn 53   1.8490E-24  35.53E-13  H   3   4.7034E-22  18.78E-10
    8  V  50   4.2303E-37  81.28E-26  Mn 53   5.2027E-24  20.78E-12
    9          0.0000E+00  00.00E+00  Cr 50   5.5774E-35  22.27E-23
   10          0.0000E+00  00.00E+00  V  50   4.6595E-39  18.61E-27
1 * * * TIME INTERVAL  23 * * * COOLING TIME IS   6.0600E+02 SECS OR  1.0100E+01 MINS  * * * ELAPSED TIME IS  59.750 m   * * * FLUX AMP IS  0.0000E+00 /cm^2/s  * * *
  NUCLIDE        ATOMS         GRAMS        Bq       b-Energy    a-Energy   g-Energy    DOSE RATE   INGESTION  INHALATION   HALF LIFE                        
                                                        kW          kW         kW         Sv/hr      DOSE(Sv)    DOSE(Sv)    seconds                         

  H   1    #  7.02629E+09   1.176E-14   0.000E+00   0.000E+00   0.00E+00   0.000E+00   0.000E+00   0.000E+00   0.000E+00     Stable                         
  H   2    #  2.01346E+08   6.734E-16   0.000E+00   0.000E+00   0.00E+00   0.000E+00   0.000E+00   0.000E+00   0.000E+00     Stable                         
  H   3       2.88737E+05   1.446E-18   5.144E-04   4.703E-22   0.00E+00   0.000E+00   0.000E+00   2.160E-14   1.337E-13   3.891E+08                        
  He  3    #  3.61169E+03   1.809E-20   0.000E+00   0.000E+00   0.00E+00   0.000E+00   0.000E+00   0.000E+00   0.000E+00     Stable                         
  He  4    #  1.32403E+09   8.800E-15   0.000E+00   0.000E+00   0.00E+00   0.000E+00   0.000E+00   0.000E+00   0.000E+00     Stable                         
  V  50       1.18223E+04   9.805E-19   1.855E-21   4.660E-39   0.00E+00   4.230E-37   3.118E-34   1.187E-29   2.040E-29   4.418E+24                        
  V  51    #  1.70549E+05   1.443E-17   0.000E+00   0.000E+00   0.00E+00   0.000E+00   0.000E+00   0.000E+00   0.000E+00     Stable                         
  Cr 50       2.44413E+06   2.027E-16   2.982E-19   5.577E-35   0.00E+00   0.000E+00   0.000E+00   3.877E-28   3.877E-28   5.680E+24                        
  Cr 51       1.71365E+08   1.450E-14   4.963E+01   2.914E-17   0.00E+00   2.601E-16   2.837E-13   1.886E-09   1.836E-09   2.394E+06                        
  Cr 52    #  2.86674E+07   2.473E-15   0.000E+00   0.000E+00   0.00E+00   0.000E+00   0.000E+00   0.000E+00   0.000E+00     Stable                         
  Cr 53    #  1.10736E+09   9.735E-14   0.000E+00   0.000E+00   0.00E+00   0.000E+00   0.000E+00   0.000E+00   0.000E+00     Stable                         
  Cr 54    #  2.42012E+07   2.168E-15   0.000E+00   0.000E+00   0.00E+00   0.000E+00   0.000E+00   0.000E+00   0.000E+00     Stable                         
  Mn 53       1.35984E+09   1.195E-13   8.116E-06   5.204E-24   0.00E+00   1.849E-24   1.553E-20   2.435E-16   4.383E-16   1.161E+14                        
  Mn 54       5.73623E+08   5.138E-14   1.474E+01   9.513E-18   0.00E+00   1.975E-15   1.625E-12   1.047E-08   2.212E-08   2.697E+07                        
  Mn 55    #  2.11087E+09   1.926E-13   0.000E+00   0.000E+00   0.00E+00   0.000E+00   0.000E+00   0.000E+00   0.000E+00     Stable                         
  Mn 56       2.42964E+09   2.257E-13   1.812E+05   2.383E-11   0.00E+00   4.964E-11   3.683E-08   4.529E-05   2.174E-05   9.297E+03                        
  Fe 53       1.92138E+05   1.689E-17   2.608E+02   4.626E-14   0.00E+00   4.949E-14   4.110E-11   2.400E-09   2.347E-09   5.106E+02                        
  Fe 54    #> 6.30304E+20   5.646E-02   0.000E+00   0.000E+00   0.00E+00   0.000E+00   0.000E+00   0.000E+00   0.000E+00     Stable                         
  Fe 55       1.46069E+10   1.333E-12   1.173E+02   7.525E-17   0.00E+00   3.122E-17   2.724E-13   3.871E-08   9.033E-08   8.631E+07                        
  Fe 56    #> 9.89443E+21   9.190E-01   0.000E+00   0.000E+00   0.00E+00   0.000E+00   0.000E+00   0.000E+00   0.000E+00     Stable                         
  Fe 57    #> 2.28506E+20   2.160E-02   0.000E+00   0.000E+00   0.00E+00   0.000E+00   0.000E+00   0.000E+00   0.000E+00     Stable                         
  Fe 58    #> 3.04099E+19   2.925E-03   0.000E+00   0.000E+00   0.00E+00   0.000E+00   0.000E+00   0.000E+00   0.000E+00     Stable                         
  Fe 59       1.51842E+05   1.486E-17   2.738E-02   5.192E-19   0.00E+00   5.215E-18   3.993E-15   4.928E-11   1.095E-10   3.844E+06                        
0  TOTAL NUMBER OF NUCLIDES PRINTED IN INVENTORY =   23
0  TOTAL CURIES   TOTAL ALPHA   TOTAL BETA    TOTAL GAMMA
                  CURIE-MeV     CURIE-MeV     CURIE-MeV
   4.90794E-06   0.00000E+00   4.02835E-06   8.38198E-06
0  ALPHA BECQUERELS = 0.000000E+00  BETA BECQUERELS = 1.815937E+05  GAMMA BECQUERELS = 0.000000E+00
0  TOTAL ACTIVITY FOR ALL MATERIALS     1.81594E+05 Bq
                                        3.86500E-05 Ci/cc           DENSITY   7.88E+00 gm/cc
   TOTAL ACTIVITY EXCLUDING TRITIUM     1.81594E+05 Bq
                                        3.86500E-05 Ci/cc
0  TOTAL ALPHA HEAT PRODUCTION          0.00000E+00 kW
   TOTAL BETA  HEAT PRODUCTION          2.38803E-11 kW
   TOTAL GAMMA HEAT PRODUCTION          4.96888E-11 kW              TOTAL HEAT PRODUCTION 7.35691E-11 kW
0  INITIAL TOTAL MASS OF MATERIAL       1.00000E-03 kg              TOTAL HEAT EX TRITIUM 7.35691E-11 kW
0  TOTAL MASS OF MATERIAL               1.00000E-03 kg
   NEUTRON  FLUX DURING INTERVAL        0.00000E+00 n/cm^2/s
0  NUMBER OF FISSIONS                   0.00000E+00                 BURN-UP OF ACTINIDES  0.00000E+00 %
0  INGESTION  HAZARD FOR ALL MATERIALS  4.53413E-05 Sv/kg
   INHALATION HAZARD FOR ALL MATERIALS  2.18549E-05 Sv/kg
0  INGESTION  HAZARD EXCLUDING TRITIUM  4.53413E-05 Sv/kg
   INHALATION HAZARD EXCLUDING TRITIUM  2.18549E-05 Sv/kg
0  APPM OF He  4    =  1.2278E-07
   APPM OF He  3    =  3.3492E-13
   APPM OF H   3    =  2.6775E-11
   APPM OF H   2    =  1.8671E-08
   APPM OF H   1    =  6.5157E-07



                                               COMPOSITION  OF  MATERIAL  BY  ELEMENT
                                               --------------------------------------
0                                                             BETA                     GAMMA                     ALPHA
                      ATOMS      GRAM-ATOMS     GRAMS      CURIES-MeV      kW        CURIES-MeV      kW        CURIES-MeV      kW

    1       H       7.2279E+09   1.2002E-14   1.2434E-14   7.9341E-17   4.7034E-22   0.0000E+00   0.0000E+00   0.0000E+00   0.0000E+00
    2       He      1.3240E+09   2.1986E-15   8.8001E-15   0.0000E+00   0.0000E+00   0.0000E+00   0.0000E+00   0.0000E+00   0.0000E+00
   23       V       1.8237E+05   3.0283E-19   1.5408E-17   7.8601E-34   4.6595E-39   7.1361E-32   4.2303E-37   0.0000E+00   0.0000E+00
   24       Cr      1.3340E+09   2.2152E-15   1.1669E-13   4.9152E-12   2.9137E-17   4.3873E-11   2.6008E-16   0.0000E+00   0.0000E+00
   25       Mn      6.4740E+09   1.0750E-14   5.8918E-13   4.0205E-06   2.3834E-11   8.3736E-06   4.9639E-11   0.0000E+00   0.0000E+00
   26       Fe      1.0784E+22   1.7907E-02   1.0000E+00   7.8164E-09   4.6336E-14   8.3545E-09   4.9526E-14   0.0000E+00   0.0000E+00



                                               GAMMA SPECTRUM AND ENERGIES/SECOND
                                               ----------------------------------

     NEUTRONS PER SECOND ARISING FROM SPONTANEOUS FISSION                    0.00000E+00    Entered density (g/cc)       7.88
     POWER FROM ALPHA PARTICLES (MeV per Second)                             0.00000E+00
     POWER FROM BETA  PARTICLES (MeV per Second)                             1.49049E+05
     TOTAL GAMMA POWER FROM ACTIVATION  (MeV per Second)                     3.10133E+05    Total gammas (per cc per second)      1.95227E+06
     GAMMA RAY POWER FROM ACTIVATION DECAY  MeV/s    (  0.000-  0.010 MeV)   3.96949E-01    Gammas per group (per cc per second)  6.25194E+02
                                                     (  0.010-  0.020 MeV)   0.00000E+00                                          0.00000E+00
                                                     (  0.020-  0.050 MeV)   0.00000E+00                                          0.00000E+00
                                                     (  0.050-  0.100 MeV)   0.00000E+00                                          0.00000E+00
                                                     (  0.100-  0.200 MeV)   1.91642E-04                                          1.00612E-02
                                                     (  0.200-  0.300 MeV)   0.00000E+00                                          0.00000E+00
                                                     (  0.300-  0.400 MeV)   4.29664E+01                                          9.66743E+02
                                                     (  0.400-  0.600 MeV)   2.59798E+02                                          4.09182E+03
                                                     (  0.600-  0.800 MeV)   2.46915E-22                                          2.77779E-21
                                                     (  0.800-  1.000 MeV)   1.51610E+05                                          1.32659E+06
                                                     (  1.000-  1.220 MeV)   7.89788E+01                                          5.60322E+02
                                                     (  1.220-  1.440 MeV)   2.69251E+02                                          1.59425E+03
                                                     (  1.440-  1.660 MeV)   2.13123E+00                                          1.08280E+01
                                                     (  1.660-  2.000 MeV)   9.05324E+04                                          3.89586E+05
                                                     (  2.000-  2.500 MeV)   5.66551E+04                                          1.98293E+05
                                                     (  2.500-  3.000 MeV)   9.64332E+03                                          2.76150E+04
                                                     (  3.000-  4.000 MeV)   1.03809E+03                                          2.33569E+03
                                                     (  4.000-  5.000 MeV)   0.00000E+00                                          0.00000E+00
                                                     (  5.000-  6.500 MeV)   0.00000E+00                                          0.00000E+00
                                                     (  6.500-  8.000 MeV)   0.00000E+00                                          0.00000E+00
                                                     (  8.000- 10.000 MeV)   0.00000E+00                                          0.00000E+00
                                                     ( 10.000- 12.000 MeV)   0.00000E+00                                          0.00000E+00
                                                     ( 12.000- 14.000 MeV)   0.00000E+00                                          0.00000E+00
                                                     ( 14.000- 20.000 MeV)   0.00000E+00                                          0.00000E+00

GAMMA SPECTRUM END


    DOSE RATE (1 g POINT SOURCE  1.0m) FROM GAMMAS WITH ENERGY 0-20MeV IS   3.68721E-08 Sieverts/hour   ( 3.68721E-06 Rems/hour)




                                                                           DOMINANT NUCLIDES
                                                                           -----------------

      NUCLIDE   ACTIVITY    PERCENT  NUCLIDE     HEAT      PERCENT  NUCLIDE  DOSE RATE    PERCENT  NUCLIDE  INGESTION    PERCENT  NUCLIDE  INHALATION   PERCENT 
                  (Bq)      ACTIVITY             (kW)       HEAT              (Sv/hr)    DOSE RATE            (Sv)      INGESTION            (Sv)     INHALATION
       Total   1.8159E+05             Total   7.3569E-11             Total   3.6872E-08             Total   4.5341E-05             Total   2.1855E-05
    1  Mn 56   1.8115E+05  99.76E+00  Mn 56   7.3471E-11  99.87E+00  Mn 56   3.6829E-08  99.88E+00  Mn 56   4.5288E-05  99.88E+00  Mn 56   2.1738E-05  99.47E+00
    2  Fe 53   2.6083E+02  14.36E-02  Fe 53   9.5750E-14  13.01E-02  Fe 53   4.1100E-11  11.15E-02  Fe 55   3.8712E-08  85.38E-03  Fe 55   9.0328E-08  41.33E-02
    3  Fe 55   1.1731E+02  64.60E-03  Mn 54   1.9843E-15  26.97E-04  Mn 54   1.6251E-12  44.07E-04  Mn 54   1.0468E-08  23.09E-03  Mn 54   2.2115E-08  10.12E-02
    4  Cr 51   4.9626E+01  27.33E-03  Cr 51   2.8922E-16  39.31E-05  Cr 51   2.8373E-13  76.95E-05  Fe 53   2.3996E-09  52.92E-04  Fe 53   2.3475E-09  10.74E-03
    5  Mn 54   1.4744E+01  81.19E-04  Fe 55   1.0647E-16  14.47E-05  Fe 55   2.7242E-13  73.88E-05  Cr 51   1.8858E-09  41.59E-04  Cr 51   1.8362E-09  84.02E-04
    6  Fe 59   2.7377E-02  15.08E-06  Fe 59   5.7346E-18  77.95E-07  Fe 59   3.9932E-15  10.83E-06  Fe 59   4.9279E-11  10.87E-05  Fe 59   1.0951E-10  50.11E-05
    7  H   3   5.1435E-04  28.32E-08  H   3   4.7034E-22  63.93E-11  Mn 53   1.5532E-20  42.12E-12  H   3   2.1603E-14  47.64E-09  H   3   1.3373E-13  61.19E-08
    8  Mn 53   8.1163E-06  44.70E-10  Mn 53   7.0530E-24  95.87E-13  V  50   3.1176E-34  84.55E-26  Mn 53   2.4349E-16  53.70E-11  Mn 53   4.3828E-16  20.05E-10
    9  Cr 50   2.9825E-19  16.42E-23  Cr 50   5.5774E-35  75.81E-24          0.0000E+00  00.00E+00  Cr 50   3.8772E-28  85.51E-23  Cr 50   3.8772E-28  17.74E-22
   10  V  50   1.8548E-21  10.21E-25  V  50   4.2769E-37  58.13E-26          0.0000E+00  00.00E+00  V  50   1.1871E-29  26.18E-24  V  50   2.0403E-29  93.36E-24

      NUCLIDE  GAMMA HEAT   PERCENT  NUCLIDE   BETA HEAT   PERCENT 
                  (kW)       GAMMA               (kW)       BETA
       Total   4.9689E-11             Total   2.3880E-11
    1  Mn 56   4.9637E-11  99.90E+00  Mn 56   2.3834E-11  99.81E+00
    2  Fe 53   4.9489E-14  99.60E-03  Fe 53   4.6260E-14  19.37E-02
    3  Mn 54   1.9748E-15  39.74E-04  Fe 55   7.5248E-17  31.51E-05
    4  Cr 51   2.6008E-16  52.34E-05  Cr 51   2.9137E-17  12.20E-05
    5  Fe 55   3.1221E-17  62.83E-06  Mn 54   9.5126E-18  39.83E-06
    6  Fe 59   5.2154E-18  10.50E-06  Fe 59   5.1920E-19  21.74E-07
    7  Mn 53   1.8493E-24  37.22E-13  H   3   4.7034E-22  19.70E-10
    8  V  50   4.2303E-37  85.14E-26  Mn 53   5.2037E-24  21.79E-12
    9          0.0000E+00  00.00E+00  Cr 50   5.5774E-35  23.36E-23
   10          0.0000E+00  00.00E+00  V  50   4.6595E-39  19.51E-27
1                                                            Summary Output

0           Time       Cumulative   Activity               Dose rate             Heat output           Ingestion dose        Inhalation dose        Tritium activity
           (step)       (Years)      (Bq)                   (Sv/h)                (kW)                    (Sv)                   (Sv)                  (Bq)
 -----Irradiation Phase-----
 Irradn     5.000 m     9.51E-06   3.90E+05               5.45E-08               1.31E-10               5.83E-05               2.82E-05               5.14E-04
 Cooling   35.000 s     1.06E-05   3.52E+05               5.32E-08               1.22E-10               5.81E-05               2.81E-05               5.14E-04
 Cooling   15.000 s     1.11E-05   3.40E+05               5.27E-08               1.19E-10               5.80E-05               2.80E-05               5.14E-04
 Cooling   15.000 s     1.16E-05   3.29E+05               5.23E-08               1.17E-10               5.79E-05               2.80E-05               5.14E-04
 Cooling   16.000 s     1.21E-05   3.19E+05               5.18E-08               1.15E-10               5.79E-05               2.79E-05               5.14E-04
 Cooling   15.000 s     1.25E-05   3.11E+05               5.15E-08               1.13E-10               5.78E-05               2.79E-05               5.14E-04
 Cooling   26.000 s     1.34E-05   2.98E+05               5.10E-08               1.10E-10               5.76E-05               2.78E-05               5.14E-04
 Cooling   36.000 s     1.45E-05   2.84E+05               5.03E-08               1.07E-10               5.75E-05               2.77E-05               5.14E-04
 Cooling   36.000 s     1.57E-05   2.74E+05               4.98E-08               1.05E-10               5.73E-05               2.77E-05               5.14E-04
 Cooling   52.000 s     1.73E-05   2.62E+05               4.92E-08               1.02E-10               5.70E-05               2.75E-05               5.14E-04
 Cooling    1.100 m     1.94E-05   2.52E+05               4.86E-08               9.94E-11               5.67E-05               2.74E-05               5.14E-04
 Cooling    1.117 m     2.15E-05   2.46E+05               4.80E-08               9.75E-11               5.64E-05               2.72E-05               5.14E-04
 Cooling    1.617 m     2.46E-05   2.39E+05               4.73E-08               9.56E-11               5.60E-05               2.70E-05               5.14E-04
 Cooling    2.050 m     2.85E-05   2.33E+05               4.66E-08               9.37E-11               5.55E-05               2.68E-05               5.14E-04
 Cooling    2.050 m     3.24E-05   2.29E+05               4.59E-08               9.22E-11               5.50E-05               2.65E-05               5.14E-04
 Cooling    3.067 m     3.82E-05   2.23E+05               4.50E-08               9.02E-11               5.42E-05               2.61E-05               5.14E-04
 Cooling    4.100 m     4.60E-05   2.17E+05               4.39E-08               8.79E-11               5.32E-05               2.56E-05               5.14E-04
 Cooling    4.117 m     5.38E-05   2.12E+05               4.29E-08               8.58E-11               5.22E-05               2.52E-05               5.14E-04
 Cooling    4.100 m     6.16E-05   2.07E+05               4.20E-08               8.39E-11               5.13E-05               2.47E-05               5.14E-04
 Cooling    7.117 m     7.52E-05   2.00E+05               4.05E-08               8.09E-11               4.96E-05               2.39E-05               5.14E-04
 Cooling   10.117 m     9.44E-05   1.90E+05               3.86E-08               7.71E-11               4.74E-05               2.29E-05               5.14E-04
 Cooling   10.100 m     1.14E-04   1.82E+05               3.69E-08               7.36E-11               4.53E-05               2.19E-05               5.14E-04
0 Mass of material input =  1.0000E-03 kg.    Material density =  7.88 g/cc

  Total irradiation time =  3.000000E+02 s
  Total fluence          =  3.348000E+12 n/cm2
  Mean flux              =  1.116000E+10 n/cm2/s
  Number of on-times     =    1

fispact run time=                   4.5239     secs


 ------------------------------------------------------------------
 Files that have been opened during this run.
 ------------------------------------------------------------------
 The numbers after the unit names are the internal unit numbers.

 output(38)      FeAdjusted.out
 runlog(48)      FeAdjusted.log
 ------------------------------------------------------------------



     Run timestamp:14:45:46 19 March 2021          

     Current time: 14:45:51 19 March 2021          
