



     ==============================================================================
     |                                                                            |
     |                                                                            |
     |             _____ ___ ____  ____   _    ____ _____    ___ ___              |
     |            |  ___|_ _/ ___||  _ \ / \  / ___|_   _|  |_ _|_ _|             |
     |            | |_   | |\___ \| |_) / _ \| |     | |_____| | | |              |
     |            |  _|  | | ___) |  __/ ___ \ |___  | |_____| | | |              |
     |            |_|   |___|____/|_| /_/   \_\____| |_|    |___|___|             |
     |                                                                            |
     |                            F I S P A C T - I I                             |
     |                            -------------------                             |
     |                                                                            |
     |                  Transmutation-Activation Inventory Code                   |
     |                   United Kingdom Atomic Energy Authority                   |
     |                                                                            |
     |                         Release 5.0 May 2021                               |
     |             Copyright (c) 2009-21, UK Atomic Energy Authority              |
     |                                                                            |
     ==============================================================================



1




     =========================================================================================================
     |                                                                                                       |
     |                      R U N   I D E N T I F I C A T I O N   I N F O R M A T I O N                      |
     |                                                                                                       |
     | INITIAL CROSS SECTION DATA                                                                            |
     | Collapsed library timestamp: 15:30:38 19 March 2021                                                   |
     | EAF source library label:                                                                             |
     | FLUX file label:             Thermal neutron                                                          |
     |                                                                                                       |
     | DECAY DATA                                                                                            |
     | Condensed library timestamp: 15:30:38 19 March 2021                                                   |
     | EAF source library label:                                                                             |
     |                                                                                                       |
     | THIS RUN                                                                                              |
     | timestamp:                   15:30:38 19 March 2021                                                   |
     | fileroot :                   collapse_jendl                                                           |
     | name of FILES file:          files.jendl40                                                            |
     | FISPACT title:               * COLLAPSE jendl40 gxs-709, decay                                        |
     |                                                                                                       |
     | See the collapse_jendl.log file                                                                       |
     | and summary details at the end of this file for further information on files used by this run         |
     |                                                                                                       |
     =========================================================================================================


1                    C O L L A P S E D    C R O S S     S E C T I O N S     I N     B A R N S 

          NOTE: The diagnostic cross-sections for dpa (n,D--) and for kerma (n,K--) reactions are given in barns-eV.

          The cross section for the specified reaction is given in barns, followed by the error in percent.

    parent reaction  daughter cross section   +-error            parent reaction  daughter cross section   +-error
    Se 79  (n,Dtot )          2.75103E+04+- 0.00000E+00          Se 79  (n,Ddiss)          2.75103E+04+- 0.00000E+00
    Se 79  (n,Ktot )          4.91866E+08+- 0.00000E+00          Se 79  (n,Kel  )          4.06137E-03+- 0.00000E+00
    Se 79  (n,Knone)          4.91866E+08+- 0.00000E+00          Se 79  (n,Kktot)          3.27474E+04+- 0.00000E+00
    Se 79  (n,total)          5.59505E+01+- 0.00000E+00          Se 79  (n,nonel)          4.96107E+01+- 0.00000E+00
    Se 79  (n,E    )  Se 79   6.33979E+00+- 0.00000E+00          Se 79  (n,g    )  Se 80   4.96107E+01+- 0.00000E+00
    Kr 85  (n,Dtot )          8.44474E+02+- 0.00000E+00          Kr 85  (n,Ddiss)          8.44474E+02+- 0.00000E+00
    Kr 85  (n,Ktot )          1.62360E+07+- 0.00000E+00          Kr 85  (n,Kel  )          3.75316E-03+- 0.00000E+00
    Kr 85  (n,Knone)          1.62360E+07+- 0.00000E+00          Kr 85  (n,Kktot)          9.99767E+02+- 0.00000E+00
    Kr 85  (n,total)          7.93951E+00+- 0.00000E+00          Kr 85  (n,nonel)          1.64708E+00+- 0.00000E+00
    Kr 85  (n,E    )  Kr 85   6.29243E+00+- 0.00000E+00          Kr 85  (n,g    )  Kr 86   1.64708E+00+- 0.00000E+00
    Rb 86  (n,Dtot )          7.95816E+02+- 0.00000E+00          Rb 86  (n,Ddiss)          7.95816E+02+- 0.00000E+00
    Rb 86  (n,Ktot )          1.53810E+07+- 0.00000E+00          Rb 86  (n,Kel  )          3.16363E-03+- 0.00000E+00
    Rb 86  (n,Knone)          1.53810E+07+- 0.00000E+00          Rb 86  (n,Kktot)          9.42453E+02+- 0.00000E+00
    Rb 86  (n,total)          6.91518E+00+- 0.00000E+00          Rb 86  (n,nonel)          1.55004E+00+- 0.00000E+00
    Rb 86  (n,E    )  Rb 86   5.36514E+00+- 0.00000E+00          Rb 86  (n,g    )  Rb 87   1.55004E+00+- 0.00000E+00
    Rb 87  (n,Dtot )          2.32864E+01+- 0.00000E+00          Rb 87  (n,Ddiss)          2.32864E+01+- 0.00000E+00
    Rb 87  (n,Ktot )          7.24277E+05+- 0.00000E+00          Rb 87  (n,Kel  )          2.55618E-03+- 0.00000E+00
    Rb 87  (n,Knone)          7.24277E+05+- 0.00000E+00          Rb 87  (n,Kktot)          2.68994E+01+- 0.00000E+00
    Rb 87  (n,total)          4.50307E+00+- 0.00000E+00          Rb 87  (n,nonel)          1.19064E-01+- 0.00000E+00
    Rb 87  (n,E    )  Rb 87   4.38400E+00+- 0.00000E+00          Rb 87  (n,g    )  Rb 88   1.19064E-01+- 0.00000E+00
    Sr 89  (n,Dtot )          1.29796E+02+- 0.00000E+00          Sr 89  (n,Ddiss)          1.29796E+02+- 0.00000E+00
    Sr 89  (n,Ktot )          3.25235E+06+- 0.00000E+00          Sr 89  (n,Kel  )          3.26870E-03+- 0.00000E+00
    Sr 89  (n,Knone)          3.25235E+06+- 0.00000E+00          Sr 89  (n,Kktot)          1.51518E+02+- 0.00000E+00
    Sr 89  (n,total)          6.14900E+00+- 0.00000E+00          Sr 89  (n,nonel)          4.16730E-01+- 0.00000E+00
    Sr 89  (n,E    )  Sr 89   5.73227E+00+- 0.00000E+00          Sr 89  (n,g    )  Sr 90   4.16730E-01+- 0.00000E+00
    Sr 90  (n,Dtot )          1.71584E+00+- 0.00000E+00          Sr 90  (n,Ddiss)          1.71584E+00+- 0.00000E+00
    Sr 90  (n,Ktot )          5.78783E+04+- 0.00000E+00          Sr 90  (n,Kel  )          3.29176E-03+- 0.00000E+00
    Sr 90  (n,Knone)          5.78783E+04+- 0.00000E+00          Sr 90  (n,Kktot)          1.97669E+00+- 0.00000E+00
    Sr 90  (n,total)          5.84608E+00+- 0.00000E+00          Sr 90  (n,nonel)          1.00214E-02+- 0.00000E+00
    Sr 90  (n,E    )  Sr 90   5.83606E+00+- 0.00000E+00          Sr 90  (n,g    )  Sr 91   1.00214E-02+- 0.00000E+00
    Y  90  (n,Dtot )          1.02468E+03+- 0.00000E+00          Y  90  (n,Ddiss)          1.02468E+03+- 0.00000E+00
    Y  90  (n,Ktot )          2.55705E+07+- 0.00000E+00          Y  90  (n,Kel  )          3.23863E-03+- 0.00000E+00
    Y  90  (n,Knone)          2.55705E+07+- 0.00000E+00          Y  90  (n,Kktot)          1.19702E+03+- 0.00000E+00
    Y  90  (n,total)          8.96635E+00+- 0.00000E+00          Y  90  (n,nonel)          3.22470E+00+- 0.00000E+00
    Y  90  (n,E    )  Y  90   5.74165E+00+- 0.00000E+00          Y  90  (n,g    )  Y  91   3.22470E+00+- 0.00000E+00
    Y  91  (n,Dtot )          3.00008E+02+- 0.00000E+00          Y  91  (n,Ddiss)          3.00008E+02+- 0.00000E+00
    Y  91  (n,Ktot )          9.08497E+06+- 0.00000E+00          Y  91  (n,Kel  )          3.19798E-03+- 0.00000E+00
    Y  91  (n,Knone)          9.08497E+06+- 0.00000E+00          Y  91  (n,Kktot)          3.46960E+02+- 0.00000E+00
    Y  91  (n,total)          7.12035E+00+- 0.00000E+00          Y  91  (n,nonel)          1.38910E+00+- 0.00000E+00
    Y  91  (n,E    )  Y  91   5.73125E+00+- 0.00000E+00          Y  91  (n,g    )  Y  92   1.38910E+00+- 0.00000E+00
    Zr 93  (n,Dtot )          7.34884E+02+- 0.00000E+00          Zr 93  (n,Ddiss)          7.34884E+02+- 0.00000E+00
    Zr 93  (n,Ktot )          1.82638E+07+- 0.00000E+00          Zr 93  (n,Kel  )          3.10461E-03+- 0.00000E+00
    Zr 93  (n,Knone)          1.82638E+07+- 0.00000E+00          Zr 93  (n,Kktot)          8.58180E+02+- 0.00000E+00
    Zr 93  (n,total)          7.90499E+00+- 0.00000E+00          Zr 93  (n,nonel)          2.22140E+00+- 0.00000E+00
    Zr 93  (n,E    )  Zr 93   5.68359E+00+- 0.00000E+00          Zr 93  (n,g    )  Zr 94   2.22140E+00+- 0.00000E+00
    Zr 95  (n,Dtot )          3.53678E+02+- 0.00000E+00          Zr 95  (n,Ddiss)          3.53678E+02+- 0.00000E+00
    Zr 95  (n,Ktot )          9.35501E+06+- 0.00000E+00          Zr 95  (n,Kel  )          3.06719E-03+- 0.00000E+00
    Zr 95  (n,Knone)          9.35501E+06+- 0.00000E+00          Zr 95  (n,Kktot)          4.11305E+02+- 0.00000E+00
    Zr 95  (n,total)          6.92411E+00+- 0.00000E+00          Zr 95  (n,nonel)          1.19066E+00+- 0.00000E+00
    Zr 95  (n,E    )  Zr 95   5.73345E+00+- 0.00000E+00          Zr 95  (n,g    )  Zr 96   1.19066E+00+- 0.00000E+00
    Nb 94  (n,Dtot )          5.45039E+03+- 0.00000E+00          Nb 94  (n,Ddiss)          5.45039E+03+- 0.00000E+00
    Nb 94  (n,Ktot )          1.32786E+08+- 0.00000E+00          Nb 94  (n,Kel  )          3.50635E-03+- 0.00000E+00
    Nb 94  (n,Knone)          1.32786E+08+- 0.00000E+00          Nb 94  (n,Kktot)          6.37447E+03+- 0.00000E+00
    Nb 94  (n,total)          2.21279E+01+- 0.00000E+00          Nb 94  (n,nonel)          1.56412E+01+- 0.00000E+00
    Nb 94  (n,E    )  Nb 94   6.48670E+00+- 0.00000E+00          Nb 94  (n,g    )  Nb 95   1.56412E+01+- 0.00000E+00
    Nb 95  (n,Dtot )          1.59642E+03+- 0.00000E+00          Nb 95  (n,Ddiss)          1.59642E+03+- 0.00000E+00
    Nb 95  (n,Ktot )          4.78803E+07+- 0.00000E+00          Nb 95  (n,Kel  )          3.06535E-03+- 0.00000E+00
    Nb 95  (n,Knone)          4.78803E+07+- 0.00000E+00          Nb 95  (n,Kktot)          1.84703E+03+- 0.00000E+00
    Nb 95  (n,total)          1.26754E+01+- 0.00000E+00          Nb 95  (n,nonel)          6.94551E+00+- 0.00000E+00
    Nb 95  (n,E    )  Nb 95   5.72992E+00+- 0.00000E+00          Nb 95  (n,g    )  Nb 96   6.94551E+00+- 0.00000E+00
    Mo 99  (n,Dtot )          2.51859E+03+- 0.00000E+00          Mo 99  (n,Ddiss)          2.51859E+03+- 0.00000E+00
    Mo 99  (n,Ktot )          6.58075E+07+- 0.00000E+00          Mo 99  (n,Kel  )          2.94323E-03+- 0.00000E+00
    Mo 99  (n,Knone)          6.58075E+07+- 0.00000E+00          Mo 99  (n,Kktot)          2.93071E+03+- 0.00000E+00
    Mo 99  (n,total)          1.36665E+01+- 0.00000E+00          Mo 99  (n,nonel)          7.93771E+00+- 0.00000E+00
    Mo 99  (n,E    )  Mo 99   5.72875E+00+- 0.00000E+00          Mo 99  (n,g    )  Mo100   7.93771E+00+- 0.00000E+00
    Tc 99  (n,Dtot )          4.98857E+03+- 0.00000E+00          Tc 99  (n,Ddiss)          4.98857E+03+- 0.00000E+00
    Tc 99  (n,Ktot )          1.58395E+08+- 0.00000E+00          Tc 99  (n,Kel  )          2.39205E-03+- 0.00000E+00
    Tc 99  (n,Knone)          1.58395E+08+- 0.00000E+00          Tc 99  (n,Kktot)          5.75587E+03+- 0.00000E+00
    Tc 99  (n,total)          2.80706E+01+- 0.00000E+00          Tc 99  (n,E    )  Tc 99   4.65584E+00+- 0.00000E+00
    Tc 99  (n,g    )  Tc100   2.34148E+01+- 0.00000E+00          Ru103  (n,Dtot )          3.33338E+03+- 0.00000E+00
    Ru103  (n,Ddiss)          3.33338E+03+- 0.00000E+00          Ru103  (n,Ktot )          8.44154E+07+- 0.00000E+00
    Ru103  (n,Kel  )          2.51139E-03+- 0.00000E+00          Ru103  (n,Knone)          8.44154E+07+- 0.00000E+00
    Ru103  (n,Kktot)          3.88480E+03+- 0.00000E+00          Ru103  (n,total)          1.45564E+01+- 0.00000E+00
    Ru103  (n,E    )  Ru103   5.08179E+00+- 0.00000E+00          Ru103  (n,g    )  Ru104   9.47460E+00+- 0.00000E+00
    Ru105  (n,Dtot )          1.21115E+02+- 0.00000E+00          Ru105  (n,Ddiss)          1.21115E+02+- 0.00000E+00
    Ru105  (n,Ktot )          3.27622E+06+- 0.00000E+00          Ru105  (n,Kel  )          2.58729E-03+- 0.00000E+00
    Ru105  (n,Knone)          3.27622E+06+- 0.00000E+00          Ru105  (n,Kktot)          1.40563E+02+- 0.00000E+00
    Ru105  (n,total)          5.72225E+00+- 0.00000E+00          Ru105  (n,nonel)          3.86963E-01+- 0.00000E+00
    Ru105  (n,E    )  Ru105   5.33529E+00+- 0.00000E+00          Ru105  (n,g    )  Ru106   3.86963E-01+- 0.00000E+00
    Ru106  (n,Dtot )          1.88494E+01+- 0.00000E+00          Ru106  (n,Ddiss)          1.88494E+01+- 0.00000E+00
    Ru106  (n,Ktot )          7.83933E+05+- 0.00000E+00          Ru106  (n,Kel  )          2.56323E-03+- 0.00000E+00
    Ru106  (n,Knone)          7.83933E+05+- 0.00000E+00          Ru106  (n,Kktot)          2.14461E+01+- 0.00000E+00
    Ru106  (n,total)          5.47887E+00+- 0.00000E+00          Ru106  (n,E    )  Ru106   5.33500E+00+- 0.00000E+00
    Ru106  (n,g    )  Ru107   1.43871E-01+- 0.00000E+00          Rh105  (n,Dtot )          3.00815E+06+- 0.00000E+00
    Rh105  (n,Ddiss)          3.00815E+06+- 0.00000E+00          Rh105  (n,Ktot )          1.03470E+11+- 0.00000E+00
    Rh105  (n,Kel  )          4.37895E+00+- 0.00000E+00          Rh105  (n,Knone)          1.03470E+11+- 0.00000E+00
    Rh105  (n,Kktot)          3.45490E+06+- 0.00000E+00          Rh105  (n,total)          2.47334E+04+- 0.00000E+00
    Rh105  (n,E    )  Rh105   9.02972E+03+- 0.00000E+00          Rh105  (n,g    )  Rh106   1.57037E+04+- 0.00000E+00
    Pd107  (n,Dtot )          2.74621E+02+- 0.00000E+00          Pd107  (n,Ddiss)          2.74621E+02+- 0.00000E+00
    Pd107  (n,Ktot )          8.45787E+07+- 0.00000E+00          Pd107  (n,Kel  )          1.64868E-03+- 0.00000E+00
    Pd107  (n,Knone)          8.45787E+07+- 0.00000E+00          Pd107  (n,Kphot)          8.45783E+07+- 0.00000E+00
    Pd107  (n,Kktot)          8.45787E+07+- 0.00000E+00          Pd107  (n,Xa   )          1.16428E-06+- 0.00000E+00
    Pd107  (n,total)          1.26289E+01+- 0.00000E+00          Pd107  (n,a    )  Ru104   1.16421E-06+- 0.00000E+00
    Pd107  (n,E    )  Pd107   3.46323E+00+- 0.00000E+00          Pd107  (n,g    )  Pd108   9.16568E+00+- 0.00000E+00
    Ag110m (n,Dtot )          1.48885E+03+- 0.00000E+00          Ag110m (n,Dinel)          1.07565E+01+- 0.00000E+00
    Ag110m (n,Ddiss)          1.47809E+03+- 0.00000E+00          Ag110m (n,Ktot )          7.20138E+08+- 0.00000E+00
    Ag110m (n,Kel  )          3.00998E-03+- 0.00000E+00          Ag110m (n,Knone)          7.20138E+08+- 0.00000E+00
    Ag110m (n,Kinel)          2.62761E+01+- 0.00000E+00          Ag110m (n,Kphot)          7.20135E+08+- 0.00000E+00
    Ag110m (n,Kktot)          7.20138E+08+- 0.00000E+00          Ag110m (n,Xp   )          7.02100E-10+- 0.00000E+00
    Ag110m (n,Xa   )          1.47401E-06+- 0.00000E+00          Ag110m (n,total)          8.78130E+01+- 0.00000E+00
    Ag110m (n,a    )  Rh107   1.47392E-06+- 0.00000E+00          Ag110m (n,p    )  Pd110   7.02050E-10+- 0.00000E+00
    Ag110m (n,E    )  Ag110   6.49698E+00+- 0.00000E+00          Ag110m (n,n    )  Ag110   1.21120E-02+- 0.00000E+00
    Ag110m (n,g    )  Ag111   8.13039E+01+- 0.00000E+00          Ag111  (n,Dtot )          2.44276E+01+- 0.00000E+00
    Ag111  (n,Ddiss)          2.44276E+01+- 0.00000E+00          Ag111  (n,Ktot )          1.93442E+07+- 0.00000E+00
    Ag111  (n,Kel  )          2.52306E-03+- 0.00000E+00          Ag111  (n,Knone)          1.93442E+07+- 0.00000E+00
    Ag111  (n,Kphot)          1.93442E+07+- 0.00000E+00          Ag111  (n,Kktot)          1.93442E+07+- 0.00000E+00
    Ag111  (n,total)          8.47123E+00+- 0.00000E+00          Ag111  (n,E    )  Ag111   5.49459E+00+- 0.00000E+00
    Ag111  (n,g    )  Ag112   2.97664E+00+- 0.00000E+00          Cd113  (n,Dtot )          6.67490E+06+- 0.00000E+00
    Cd113  (n,Ddiss)          6.67490E+06+- 0.00000E+00          Cd113  (n,Ktot )          1.81740E+11+- 0.00000E+00
    Cd113  (n,Kel  )          1.14631E-02+- 0.00000E+00          Cd113  (n,Knone)          1.81740E+11+- 0.00000E+00
    Cd113  (n,Kktot)          7.74409E+06+- 0.00000E+00          Cd113  (n,total)          2.01224E+04+- 0.00000E+00
    Cd113  (n,nonel)          2.00970E+04+- 0.00000E+00          Cd113  (n,E    )  Cd113   2.54030E+01+- 0.00000E+00
    Cd113  (n,g    )  Cd114   2.00970E+04+- 0.00000E+00          In115  (n,Dtot )          3.71788E+04+- 0.00000E+00
    In115  (n,Ddiss)          3.71788E+04+- 0.00000E+00          In115  (n,Ktot )          1.35445E+09+- 0.00000E+00
    In115  (n,Kel  )          1.12533E-03+- 0.00000E+00          In115  (n,Knone)          1.35445E+09+- 0.00000E+00
    In115  (n,Kktot)          4.25552E+04+- 0.00000E+00          In115  (n,total)          2.02153E+02+- 0.00000E+00
    In115  (n,nonel)          1.99615E+02+- 0.00000E+00          In115  (n,E    )  In115   2.53744E+00+- 0.00000E+00
    In115  (n,g    )  In116   1.99615E+02+- 0.00000E+00          Sn123  (n,Dtot )          4.67379E+01+- 0.00000E+00
    Sn123  (n,Ddiss)          4.67379E+01+- 0.00000E+00          Sn123  (n,Ktot )          2.52363E+07+- 0.00000E+00
    Sn123  (n,Kel  )          2.00050E-03+- 0.00000E+00          Sn123  (n,Knone)          2.52363E+07+- 0.00000E+00
    Sn123  (n,Kphot)          2.52362E+07+- 0.00000E+00          Sn123  (n,Kktot)          2.52363E+07+- 0.00000E+00
    Sn123  (n,total)          7.79612E+00+- 0.00000E+00          Sn123  (n,E    )  Sn123   4.81948E+00+- 0.00000E+00
    Sn123  (n,g    )  Sn124   2.97664E+00+- 0.00000E+00          Sn126  (n,Dtot )          2.08717E+00+- 0.00000E+00
    Sn126  (n,Ddiss)          2.08717E+00+- 0.00000E+00          Sn126  (n,Ktot )          4.94685E+05+- 0.00000E+00
    Sn126  (n,Kel  )          1.95338E-03+- 0.00000E+00          Sn126  (n,Knone)          4.94685E+05+- 0.00000E+00
    Sn126  (n,Kphot)          4.94683E+05+- 0.00000E+00          Sn126  (n,Kktot)          4.94685E+05+- 0.00000E+00
    Sn126  (n,total)          4.90831E+00+- 0.00000E+00          Sn126  (n,E    )  Sn126   4.81901E+00+- 0.00000E+00
    Sn126  (n,g    )  Sn127   8.92993E-02+- 0.00000E+00          Sb124  (n,Dtot )          4.88917E+03+- 0.00000E+00
    Sb124  (n,Ddiss)          4.88917E+03+- 0.00000E+00          Sb124  (n,Ktot )          1.50389E+08+- 0.00000E+00
    Sb124  (n,Kel  )          1.55452E-03+- 0.00000E+00          Sb124  (n,Knone)          1.50389E+08+- 0.00000E+00
    Sb124  (n,Kktot)          5.62876E+03+- 0.00000E+00          Sb124  (n,total)          2.10399E+01+- 0.00000E+00
    Sb124  (n,E    )  Sb124   3.77531E+00+- 0.00000E+00          Sb124  (n,g    )  Sb125   1.72646E+01+- 0.00000E+00
    Sb125  (n,Dtot )          7.21652E+02+- 0.00000E+00          Sb125  (n,Ddiss)          7.21652E+02+- 0.00000E+00
    Sb125  (n,Ktot )          3.08675E+07+- 0.00000E+00          Sb125  (n,Kel  )          1.64072E-03+- 0.00000E+00
    Sb125  (n,Knone)          3.08675E+07+- 0.00000E+00          Sb125  (n,Kktot)          8.18666E+02+- 0.00000E+00
    Sb125  (n,total)          8.97718E+00+- 0.00000E+00          Sb125  (n,E    )  Sb125   4.01610E+00+- 0.00000E+00
    Sb125  (n,g    )  Sb126   4.96108E+00+- 0.00000E+00          Sb126  (n,Dtot )          4.46062E+03+- 0.00000E+00
    Sb126  (n,Ddiss)          4.46062E+03+- 0.00000E+00          Sb126  (n,Ktot )          1.44568E+08+- 0.00000E+00
    Sb126  (n,Kel  )          1.72223E-03+- 0.00000E+00          Sb126  (n,Knone)          1.44568E+08+- 0.00000E+00
    Sb126  (n,Kktot)          5.11951E+03+- 0.00000E+00          Sb126  (n,total)          2.15133E+01+- 0.00000E+00
    Sb126  (n,nonel)          1.72645E+01+- 0.00000E+00          Sb126  (n,E    )  Sb126   4.24875E+00+- 0.00000E+00
    Sb126  (n,g    )  Sb127   1.72645E+01+- 0.00000E+00          Te123  (n,Dtot )          1.38085E+05+- 0.00000E+00
    Te123  (n,Ddiss)          1.38085E+05+- 0.00000E+00          Te123  (n,Ktot )          3.91276E+09+- 0.00000E+00
    Te123  (n,Kel  )          2.45960E-04+- 0.00000E+00          Te123  (n,Knone)          3.91276E+09+- 0.00000E+00
    Te123  (n,Kktot)          1.60107E+05+- 0.00000E+00          Te123  (n,Xa   )          4.61198E-05+- 0.00000E+00
    Te123  (n,total)          4.15692E+02+- 0.00000E+00          Te123  (n,a    )  Sn120   4.61171E-05+- 0.00000E+00
    Te123  (n,E    )  Te123   5.92533E-01+- 0.00000E+00          Te123  (n,g    )  Te124   4.15100E+02+- 0.00000E+00
    Te127m (n,Dtot )          9.61742E+05+- 0.00000E+00          Te127m (n,Ddiss)          9.61742E+05+- 0.00000E+00
    Te127m (n,Ktot )          2.97400E+10+- 0.00000E+00          Te127m (n,Kel  )          1.46577E-03+- 0.00000E+00
    Te127m (n,Knone)          2.97400E+10+- 0.00000E+00          Te127m (n,Kktot)          1.10658E+06+- 0.00000E+00
    Te127m (n,total)          3.35732E+03+- 0.00000E+00          Te127m (n,E    )  Te127   3.64428E+00+- 0.00000E+00
    Te127m (n,g    )  Te128   3.35368E+03+- 0.00000E+00          Te129m (n,Dtot )          4.14923E+05+- 0.00000E+00
    Te129m (n,Ddiss)          4.14923E+05+- 0.00000E+00          Te129m (n,Ktot )          1.35240E+10+- 0.00000E+00
    Te129m (n,Kel  )          1.35182E-03+- 0.00000E+00          Te129m (n,Knone)          1.35240E+10+- 0.00000E+00
    Te129m (n,Kktot)          4.75941E+05+- 0.00000E+00          Te129m (n,total)          1.59096E+03+- 0.00000E+00
    Te129m (n,E    )  Te129   3.41335E+00+- 0.00000E+00          Te129m (n,g    )  Te130   1.58754E+03+- 0.00000E+00
    Te132  (n,Dtot )          2.35843E+01+- 0.00000E+00          Te132  (n,Ddiss)          2.35843E+01+- 0.00000E+00
    Te132  (n,Ktot )          1.12882E+06+- 0.00000E+00          Te132  (n,Kel  )          2.08823E-03+- 0.00000E+00
    Te132  (n,Knone)          1.12882E+06+- 0.00000E+00          Te132  (n,Kktot)          2.65958E+01+- 0.00000E+00
    Te132  (n,total)          5.58679E+00+- 0.00000E+00          Te132  (n,nonel)          1.93482E-01+- 0.00000E+00
    Te132  (n,E    )  Te132   5.39331E+00+- 0.00000E+00          Te132  (n,g    )  Te133   1.93482E-01+- 0.00000E+00
    I 129  (n,Dtot )          4.57442E+03+- 0.00000E+00          I 129  (n,Ddiss)          4.57442E+03+- 0.00000E+00
    I 129  (n,Ktot )          1.94381E+08+- 0.00000E+00          I 129  (n,Kel  )          1.71734E-03+- 0.00000E+00
    I 129  (n,Knone)          1.94381E+08+- 0.00000E+00          I 129  (n,Kktot)          5.19096E+03+- 0.00000E+00
    I 129  (n,total)          3.44075E+01+- 0.00000E+00          I 129  (n,E    )  I 129   4.33596E+00+- 0.00000E+00
    I 129  (n,g    )  I 130   3.00716E+01+- 0.00000E+00          I 130  (n,Dtot )          4.70204E+03+- 0.00000E+00
    I 130  (n,Ddiss)          4.70204E+03+- 0.00000E+00          I 130  (n,Ktot )          1.53310E+08+- 0.00000E+00
    I 130  (n,Kel  )          1.48201E-03+- 0.00000E+00          I 130  (n,Knone)          1.53310E+08+- 0.00000E+00
    I 130  (n,Kktot)          5.39540E+03+- 0.00000E+00          I 130  (n,total)          2.16302E+01+- 0.00000E+00
    I 130  (n,nonel)          1.78598E+01+- 0.00000E+00          I 130  (n,E    )  I 130   3.77042E+00+- 0.00000E+00
    I 130  (n,g    )  I 131   1.78598E+01+- 0.00000E+00          I 131  (n,Dtot )          1.14161E+04+- 0.00000E+00
    I 131  (n,Ddiss)          1.14161E+04+- 0.00000E+00          I 131  (n,Ktot )          5.02213E+08+- 0.00000E+00
    I 131  (n,Kel  )          1.40974E-03+- 0.00000E+00          I 131  (n,Knone)          5.02213E+08+- 0.00000E+00
    I 131  (n,Kktot)          1.29283E+04+- 0.00000E+00          I 131  (n,total)          8.29908E+01+- 0.00000E+00
    I 131  (n,E    )  I 131   3.61373E+00+- 0.00000E+00          I 131  (n,g    )  I 132   7.93771E+01+- 0.00000E+00
    I 135  (n,Dtot )          4.04008E+03+- 0.00000E+00          I 135  (n,Ddiss)          4.04008E+03+- 0.00000E+00
    I 135  (n,Ktot )          3.00148E+08+- 0.00000E+00          I 135  (n,Kel  )          1.21709E-03+- 0.00000E+00
    I 135  (n,Knone)          3.00148E+08+- 0.00000E+00          I 135  (n,Kktot)          4.48180E+03+- 0.00000E+00
    I 135  (n,total)          8.25909E+01+- 0.00000E+00          I 135  (n,nonel)          7.93770E+01+- 0.00000E+00
    I 135  (n,E    )  I 135   3.21385E+00+- 0.00000E+00          I 135  (n,g    )  I 136   7.93770E+01+- 0.00000E+00
    Xe133  (n,Dtot )          4.82387E+04+- 0.00000E+00          Xe133  (n,Ddiss)          4.82387E+04+- 0.00000E+00
    Xe133  (n,Ktot )          1.61240E+09+- 0.00000E+00          Xe133  (n,Kel  )          1.38877E-03+- 0.00000E+00
    Xe133  (n,Knone)          1.61240E+09+- 0.00000E+00          Xe133  (n,Kktot)          5.52732E+04+- 0.00000E+00
    Xe133  (n,total)          1.92134E+02+- 0.00000E+00          Xe133  (n,nonel)          1.88521E+02+- 0.00000E+00
    Xe133  (n,E    )  Xe133   3.61377E+00+- 0.00000E+00          Xe133  (n,g    )  Xe134   1.88521E+02+- 0.00000E+00
    Xe135  (n,Dtot )          6.26538E+08+- 0.00000E+00          Xe135  (n,Ddiss)          6.26538E+08+- 0.00000E+00
    Xe135  (n,Ktot )          2.24170E+13+- 0.00000E+00          Xe135  (n,Kel  )          1.26679E+02+- 0.00000E+00
    Xe135  (n,Knone)          2.24170E+13+- 0.00000E+00          Xe135  (n,Kktot)          7.15300E+08+- 0.00000E+00
    Xe135  (n,total)          3.10906E+06+- 0.00000E+00          Xe135  (n,nonel)          2.77460E+06+- 0.00000E+00
    Xe135  (n,E    )  Xe135   3.34460E+05+- 0.00000E+00          Xe135  (n,g    )  Xe136   2.77460E+06+- 0.00000E+00
    Cs134  (n,Dtot )          3.71966E+03+- 0.00000E+00          Cs134  (n,Ddiss)          3.71966E+03+- 0.00000E+00
    Cs134  (n,Ktot )          1.22546E+09+- 0.00000E+00          Cs134  (n,Kel  )          8.74140E-03+- 0.00000E+00
    Cs134  (n,Knone)          1.22546E+09+- 0.00000E+00          Cs134  (n,Kphot)          1.22545E+09+- 0.00000E+00
    Cs134  (n,Kktot)          1.22546E+09+- 0.00000E+00          Cs134  (n,Xp   )          6.21090E-07+- 0.00000E+00
    Cs134  (n,Xa   )          5.70204E-06+- 0.00000E+00          Cs134  (n,total)          1.62399E+02+- 0.00000E+00
    Cs134  (n,a    )  I 131   5.70155E-06+- 0.00000E+00          Cs134  (n,p    )  Xe134   6.21036E-07+- 0.00000E+00
    Cs134  (n,E    )  Cs134   2.29134E+01+- 0.00000E+00          Cs134  (n,g    )  Cs135   1.39486E+02+- 0.00000E+00
    Cs135  (n,Dtot )          1.26925E+02+- 0.00000E+00          Cs135  (n,Ddiss)          1.26925E+02+- 0.00000E+00
    Cs135  (n,Ktot )          5.60371E+07+- 0.00000E+00          Cs135  (n,Kel  )          1.83303E-03+- 0.00000E+00
    Cs135  (n,Knone)          5.60371E+07+- 0.00000E+00          Cs135  (n,Kphot)          5.60370E+07+- 0.00000E+00
    Cs135  (n,Kktot)          5.60371E+07+- 0.00000E+00          Cs135  (n,total)          1.30752E+01+- 0.00000E+00
    Cs135  (n,E    )  Cs135   4.84017E+00+- 0.00000E+00          Cs135  (n,g    )  Cs136   8.23505E+00+- 0.00000E+00
    Cs136  (n,Dtot )          3.60482E+02+- 0.00000E+00          Cs136  (n,Ddiss)          3.60482E+02+- 0.00000E+00
    Cs136  (n,Ktot )          1.06810E+08+- 0.00000E+00          Cs136  (n,Kel  )          1.32070E-03+- 0.00000E+00
    Cs136  (n,Knone)          1.06810E+08+- 0.00000E+00          Cs136  (n,Kphot)          1.06809E+08+- 0.00000E+00
    Cs136  (n,Kktot)          1.06810E+08+- 0.00000E+00          Cs136  (n,Xa   )          4.37889E-09+- 0.00000E+00
    Cs136  (n,total)          1.64116E+01+- 0.00000E+00          Cs136  (n,a    )  I 133   4.37851E-09+- 0.00000E+00
    Cs136  (n,E    )  Cs136   3.51285E+00+- 0.00000E+00          Cs136  (n,g    )  Cs137   1.28988E+01+- 0.00000E+00
    Cs137  (n,Dtot )          1.91737E+00+- 0.00000E+00          Cs137  (n,Ddiss)          1.91737E+00+- 0.00000E+00
    Cs137  (n,Ktot )          1.17677E+06+- 0.00000E+00          Cs137  (n,Kel  )          1.32240E-03+- 0.00000E+00
    Cs137  (n,Knone)          1.17677E+06+- 0.00000E+00          Cs137  (n,Kphot)          1.17677E+06+- 0.00000E+00
    Cs137  (n,Kktot)          1.17677E+06+- 0.00000E+00          Cs137  (n,total)          3.81076E+00+- 0.00000E+00
    Cs137  (n,E    )  Cs137   3.54286E+00+- 0.00000E+00          Cs137  (n,g    )  Cs138   2.67898E-01+- 0.00000E+00
    Ba140  (n,Dtot )          1.22990E+02+- 0.00000E+00          Ba140  (n,Ddiss)          1.22990E+02+- 0.00000E+00
    Ba140  (n,Ktot )          7.56749E+06+- 0.00000E+00          Ba140  (n,Kel  )          1.20998E-03+- 0.00000E+00
    Ba140  (n,Knone)          7.56749E+06+- 0.00000E+00          Ba140  (n,Kktot)          1.37393E+02+- 0.00000E+00
    Ba140  (n,total)          4.89931E+00+- 0.00000E+00          Ba140  (n,E    )  Ba140   3.31177E+00+- 0.00000E+00
    Ba140  (n,g    )  Ba141   1.58754E+00+- 0.00000E+00          La138  (n,Dtot )          1.47161E+04+- 0.00000E+00
    La138  (n,Ddiss)          1.47161E+04+- 0.00000E+00          La138  (n,Ktot )          4.97070E+08+- 0.00000E+00
    La138  (n,Kel  )          4.58765E-03+- 0.00000E+00          La138  (n,Knone)          4.97070E+08+- 0.00000E+00
    La138  (n,Kktot)          1.68606E+04+- 0.00000E+00          La138  (n,total)          6.89985E+01+- 0.00000E+00
    La138  (n,E    )  La138   1.23792E+01+- 0.00000E+00          La138  (n,g    )  La139   5.66193E+01+- 0.00000E+00
    La140  (n,Dtot )          4.03389E+02+- 0.00000E+00          La140  (n,Ddiss)          4.03389E+02+- 0.00000E+00
    La140  (n,Ktot )          1.79199E+07+- 0.00000E+00          La140  (n,Kel  )          1.15133E-03+- 0.00000E+00
    La140  (n,Knone)          1.79199E+07+- 0.00000E+00          La140  (n,Kktot)          4.56551E+02+- 0.00000E+00
    La140  (n,total)          5.83018E+00+- 0.00000E+00          La140  (n,nonel)          2.67897E+00+- 0.00000E+00
    La140  (n,E    )  La140   3.15120E+00+- 0.00000E+00          La140  (n,g    )  La141   2.67897E+00+- 0.00000E+00
    Ce141  (n,Dtot )          4.93148E+03+- 0.00000E+00          Ce141  (n,Ddiss)          4.93148E+03+- 0.00000E+00
    Ce141  (n,Ktot )          2.06385E+08+- 0.00000E+00          Ce141  (n,Kel  )          1.19345E-03+- 0.00000E+00
    Ce141  (n,Knone)          2.06385E+08+- 0.00000E+00          Ce141  (n,Kktot)          5.59672E+03+- 0.00000E+00
    Ce141  (n,total)          3.20726E+01+- 0.00000E+00          Ce141  (n,nonel)          2.87831E+01+- 0.00000E+00
    Ce141  (n,E    )  Ce141   3.28946E+00+- 0.00000E+00          Ce141  (n,g    )  Ce142   2.87831E+01+- 0.00000E+00
    Ce143  (n,Dtot )          9.32991E+02+- 0.00000E+00          Ce143  (n,Ddiss)          9.32991E+02+- 0.00000E+00
    Ce143  (n,Ktot )          4.10592E+07+- 0.00000E+00          Ce143  (n,Kel  )          1.61569E-03+- 0.00000E+00
    Ce143  (n,Knone)          4.10592E+07+- 0.00000E+00          Ce143  (n,Kktot)          1.05607E+03+- 0.00000E+00
    Ce143  (n,total)          1.04692E+01+- 0.00000E+00          Ce143  (n,nonel)          5.95328E+00+- 0.00000E+00
    Ce143  (n,E    )  Ce143   4.51597E+00+- 0.00000E+00          Ce143  (n,g    )  Ce144   5.95328E+00+- 0.00000E+00
    Ce144  (n,Dtot )          7.37324E+01+- 0.00000E+00          Ce144  (n,Ddiss)          7.37324E+01+- 0.00000E+00
    Ce144  (n,Ktot )          4.69473E+06+- 0.00000E+00          Ce144  (n,Kel  )          9.91267E-04+- 0.00000E+00
    Ce144  (n,Knone)          4.69473E+06+- 0.00000E+00          Ce144  (n,Kktot)          8.22696E+01+- 0.00000E+00
    Ce144  (n,total)          3.78195E+00+- 0.00000E+00          Ce144  (n,nonel)          9.92214E-01+- 0.00000E+00
    Ce144  (n,E    )  Ce144   2.78973E+00+- 0.00000E+00          Ce144  (n,g    )  Ce145   9.92214E-01+- 0.00000E+00
    Pr143  (n,Dtot )          9.81593E+03+- 0.00000E+00          Pr143  (n,Ddiss)          9.81593E+03+- 0.00000E+00
    Pr143  (n,Ktot )          5.14252E+08+- 0.00000E+00          Pr143  (n,Kel  )          1.25659E-03+- 0.00000E+00
    Pr143  (n,Knone)          5.14252E+08+- 0.00000E+00          Pr143  (n,Kktot)          1.10407E+04+- 0.00000E+00
    Pr143  (n,total)          9.28404E+01+- 0.00000E+00          Pr143  (n,E    )  Pr143   3.51200E+00+- 0.00000E+00
    Pr143  (n,g    )  Pr144   8.93284E+01+- 0.00000E+00          Nd144  (n,Dtot )          5.29859E+01+- 0.00000E+00
    Nd144  (n,Ddiss)          5.29859E+01+- 0.00000E+00          Nd144  (n,Ktot )          2.05433E+07+- 0.00000E+00
    Nd144  (n,Kel  )          3.20562E-04+- 0.00000E+00          Nd144  (n,Knone)          2.05433E+07+- 0.00000E+00
    Nd144  (n,Kphot)          2.05431E+07+- 0.00000E+00          Nd144  (n,Kktot)          2.05433E+07+- 0.00000E+00
    Nd144  (n,Xa   )          1.55013E-05+- 0.00000E+00          Nd144  (n,total)          4.49854E+00+- 0.00000E+00
    Nd144  (n,a    )  Ce141   1.54999E-05+- 0.00000E+00          Nd144  (n,E    )  Nd144   9.02109E-01+- 0.00000E+00
    Nd144  (n,g    )  Nd145   3.59641E+00+- 0.00000E+00          Nd147  (n,Dtot )          1.12740E+03+- 0.00000E+00
    Nd147  (n,Ddiss)          1.12740E+03+- 0.00000E+00          Nd147  (n,Ktot )          1.04114E+09+- 0.00000E+00
    Nd147  (n,Kel  )          2.76897E-02+- 0.00000E+00          Nd147  (n,Knone)          1.04114E+09+- 0.00000E+00
    Nd147  (n,Kphot)          1.04114E+09+- 0.00000E+00          Nd147  (n,Kktot)          1.04114E+09+- 0.00000E+00
    Nd147  (n,Xa   )          4.08022E-04+- 0.00000E+00          Nd147  (n,total)          2.21871E+02+- 0.00000E+00
    Nd147  (n,a    )  Ce144   4.07987E-04+- 0.00000E+00          Nd147  (n,E    )  Nd147   7.95281E+01+- 0.00000E+00
    Nd147  (n,g    )  Nd148   1.42342E+02+- 0.00000E+00          Pm147  (n,Dtot )          9.02321E+02+- 0.00000E+00
    Pm147  (n,Ddiss)          9.02321E+02+- 0.00000E+00          Pm147  (n,Ktot )          9.65814E+08+- 0.00000E+00
    Pm147  (n,Kel  )          7.30140E-03+- 0.00000E+00          Pm147  (n,Knone)          9.65814E+08+- 0.00000E+00
    Pm147  (n,Kphot)          9.65804E+08+- 0.00000E+00          Pm147  (n,Kktot)          9.65814E+08+- 0.00000E+00
    Pm147  (n,Xa   )          1.04477E-03+- 0.00000E+00          Pm147  (n,total)          1.87337E+02+- 0.00000E+00
    Pm147  (n,a    )  Pr144   1.04473E-03+- 0.00000E+00          Pm147  (n,E    )  Pm147   2.09704E+01+- 0.00000E+00
    Pm147  (n,g    )  Pm148   1.66366E+02+- 0.00000E+00          Pm148  (n,Dtot )          9.11584E+04+- 0.00000E+00
    Pm148  (n,Ddiss)          9.11584E+04+- 0.00000E+00          Pm148  (n,Ktot )          1.43050E+10+- 0.00000E+00
    Pm148  (n,Kel  )          2.15151E-03+- 0.00000E+00          Pm148  (n,Knone)          1.43050E+10+- 0.00000E+00
    Pm148  (n,Kphot)          1.43010E+10+- 0.00000E+00          Pm148  (n,Kktot)          1.43050E+10+- 0.00000E+00
    Pm148  (n,Xp   )          3.79449E-08+- 0.00000E+00          Pm148  (n,Xa   )          4.30831E-01+- 0.00000E+00
    Pm148  (n,total)          1.99108E+03+- 0.00000E+00          Pm148  (n,a    )  Pr145   4.30794E-01+- 0.00000E+00
    Pm148  (n,p    )  Nd148   3.79418E-08+- 0.00000E+00          Pm148  (n,E    )  Pm148   6.22091E+00+- 0.00000E+00
    Pm148  (n,g    )  Pm149   1.98443E+03+- 0.00000E+00          Pm148m (n,Dtot )          1.99835E+05+- 0.00000E+00
    Pm148m (n,Dinel)          6.53376E+01+- 0.00000E+00          Pm148m (n,Ddiss)          1.99769E+05+- 0.00000E+00
    Pm148m (n,Ktot )          7.80100E+10+- 0.00000E+00          Pm148m (n,Kel  )          6.74088E-03+- 0.00000E+00
    Pm148m (n,Knone)          7.80100E+10+- 0.00000E+00          Pm148m (n,Kinel)          3.00963E+02+- 0.00000E+00
    Pm148m (n,Kphot)          7.80040E+10+- 0.00000E+00          Pm148m (n,Kktot)          7.80100E+10+- 0.00000E+00
    Pm148m (n,Xp   )          6.08030E-11+- 0.00000E+00          Pm148m (n,Xa   )          6.98776E-01+- 0.00000E+00
    Pm148m (n,total)          1.06399E+04+- 0.00000E+00          Pm148m (n,a    )  Pr145   6.98717E-01+- 0.00000E+00
    Pm148m (n,p    )  Nd148   6.15020E-11+- 0.00000E+00          Pm148m (n,E    )  Pm148   1.94870E+01+- 0.00000E+00
    Pm148m (n,n    )  Pm148   8.38063E-02+- 0.00000E+00          Pm148m (n,g    )  Pm149   1.06197E+04+- 0.00000E+00
    Pm149  (n,Dtot )          3.45364E+03+- 0.00000E+00          Pm149  (n,Ddiss)          3.45364E+03+- 0.00000E+00
    Pm149  (n,Ktot )          7.79676E+09+- 0.00000E+00          Pm149  (n,Kel  )          1.99931E-03+- 0.00000E+00
    Pm149  (n,Knone)          7.79676E+09+- 0.00000E+00          Pm149  (n,Kphot)          7.79675E+09+- 0.00000E+00
    Pm149  (n,Kktot)          7.79676E+09+- 0.00000E+00          Pm149  (n,Xa   )          1.27791E-04+- 0.00000E+00
    Pm149  (n,total)          1.39492E+03+- 0.00000E+00          Pm149  (n,a    )  Pr146   1.27780E-04+- 0.00000E+00
    Pm149  (n,E    )  Pm149   5.81943E+00+- 0.00000E+00          Pm149  (n,g    )  Pm150   1.38910E+03+- 0.00000E+00
    Pm151  (n,Dtot )          2.00558E+03+- 0.00000E+00          Pm151  (n,Ddiss)          2.00558E+03+- 0.00000E+00
    Pm151  (n,Ktot )          2.94168E+09+- 0.00000E+00          Pm151  (n,Kel  )          2.38126E-03+- 0.00000E+00
    Pm151  (n,Knone)          2.94168E+09+- 0.00000E+00          Pm151  (n,Kphot)          2.94167E+09+- 0.00000E+00
    Pm151  (n,Kktot)          2.94168E+09+- 0.00000E+00          Pm151  (n,Xa   )          3.20660E-10+- 0.00000E+00
    Pm151  (n,total)          5.03130E+02+- 0.00000E+00          Pm151  (n,a    )  Pr148   3.20640E-10+- 0.00000E+00
    Pm151  (n,E    )  Pm151   7.02314E+00+- 0.00000E+00          Pm151  (n,g    )  Pm152   4.96107E+02+- 0.00000E+00
    Sm147  (n,Dtot )          6.80677E+02+- 0.00000E+00          Sm147  (n,Ddiss)          6.80677E+02+- 0.00000E+00
    Sm147  (n,Ktot )          4.60008E+08+- 0.00000E+00          Sm147  (n,Kel  )          2.51399E-03+- 0.00000E+00
    Sm147  (n,Knone)          4.60008E+08+- 0.00000E+00          Sm147  (n,Kphot)          4.60001E+08+- 0.00000E+00
    Sm147  (n,Kktot)          4.60008E+08+- 0.00000E+00          Sm147  (n,Xa   )          5.72978E-04+- 0.00000E+00
    Sm147  (n,total)          6.37869E+01+- 0.00000E+00          Sm147  (n,a    )  Nd144   5.72932E-04+- 0.00000E+00
    Sm147  (n,E    )  Sm147   7.22041E+00+- 0.00000E+00          Sm147  (n,g    )  Sm148   5.65659E+01+- 0.00000E+00
    Sm148  (n,Dtot )          2.35523E+01+- 0.00000E+00          Sm148  (n,Ddiss)          2.35523E+01+- 0.00000E+00
    Sm148  (n,Ktot )          1.38441E+07+- 0.00000E+00          Sm148  (n,Kel  )          4.16968E-04+- 0.00000E+00
    Sm148  (n,Knone)          1.38441E+07+- 0.00000E+00          Sm148  (n,Kphot)          1.38440E+07+- 0.00000E+00
    Sm148  (n,Kktot)          1.38441E+07+- 0.00000E+00          Sm148  (n,Xa   )          1.26638E-05+- 0.00000E+00
    Sm148  (n,total)          3.57520E+00+- 0.00000E+00          Sm148  (n,a    )  Nd145   1.26627E-05+- 0.00000E+00
    Sm148  (n,E    )  Sm148   1.20561E+00+- 0.00000E+00          Sm148  (n,g    )  Sm149   2.36959E+00+- 0.00000E+00
    Sm151  (n,Dtot )          1.51567E+05+- 0.00000E+00          Sm151  (n,Ddiss)          1.51567E+05+- 0.00000E+00
    Sm151  (n,Ktot )          1.22410E+11+- 0.00000E+00          Sm151  (n,Kel  )          1.70133E-02+- 0.00000E+00
    Sm151  (n,Knone)          1.22410E+11+- 0.00000E+00          Sm151  (n,Kphot)          1.22410E+11+- 0.00000E+00
    Sm151  (n,Kktot)          1.22410E+11+- 0.00000E+00          Sm151  (n,Xa   )          1.03963E-02+- 0.00000E+00
    Sm151  (n,total)          1.50191E+04+- 0.00000E+00          Sm151  (n,a    )  Nd148   1.03964E-02+- 0.00000E+00
    Sm151  (n,E    )  Sm151   5.01821E+01+- 0.00000E+00          Sm151  (n,g    )  Sm152   1.49689E+04+- 0.00000E+00
    Sm153  (n,Dtot )          5.87266E+03+- 0.00000E+00          Sm153  (n,Ddiss)          5.87266E+03+- 0.00000E+00
    Sm153  (n,Ktot )          3.29914E+09+- 0.00000E+00          Sm153  (n,Kel  )          2.24969E-03+- 0.00000E+00
    Sm153  (n,Knone)          3.29914E+09+- 0.00000E+00          Sm153  (n,Kphot)          3.29913E+09+- 0.00000E+00
    Sm153  (n,Kktot)          3.29914E+09+- 0.00000E+00          Sm153  (n,Xa   )          1.98839E-06+- 0.00000E+00
    Sm153  (n,total)          4.23452E+02+- 0.00000E+00          Sm153  (n,a    )  Nd150   1.98823E-06+- 0.00000E+00
    Sm153  (n,E    )  Sm153   6.72186E+00+- 0.00000E+00          Sm153  (n,g    )  Sm154   4.16730E+02+- 0.00000E+00
    Eu152  (n,Dtot )          1.81901E+05+- 0.00000E+00          Eu152  (n,Ddiss)          1.81901E+05+- 0.00000E+00
    Eu152  (n,Ktot )          1.06590E+11+- 0.00000E+00          Eu152  (n,Kel  )          9.77308E-03+- 0.00000E+00
    Eu152  (n,Knone)          1.06590E+11+- 0.00000E+00          Eu152  (n,Kphot)          1.06590E+11+- 0.00000E+00
    Eu152  (n,Kktot)          1.06590E+11+- 0.00000E+00          Eu152  (n,Xp   )          5.31754E-03+- 0.00000E+00
    Eu152  (n,Xa   )          5.24081E-02+- 0.00000E+00          Eu152  (n,total)          1.26203E+04+- 0.00000E+00
    Eu152  (n,a    )  Pm149   5.24086E-02+- 0.00000E+00          Eu152  (n,p    )  Sm152   5.31759E-03+- 0.00000E+00
    Eu152  (n,E    )  Eu152   2.90145E+01+- 0.00000E+00          Eu152  (n,g    )  Eu153   1.25912E+04+- 0.00000E+00
    Eu154  (n,Dtot )          1.53841E+04+- 0.00000E+00          Eu154  (n,Ddiss)          1.53841E+04+- 0.00000E+00
    Eu154  (n,Ktot )          1.09030E+10+- 0.00000E+00          Eu154  (n,Kel  )          1.88321E-03+- 0.00000E+00
    Eu154  (n,Knone)          1.09030E+10+- 0.00000E+00          Eu154  (n,Kphot)          1.09030E+10+- 0.00000E+00
    Eu154  (n,Kktot)          1.09030E+10+- 0.00000E+00          Eu154  (n,Xp   )          5.26842E-09+- 0.00000E+00
    Eu154  (n,Xa   )          2.91145E-05+- 0.00000E+00          Eu154  (n,total)          1.35256E+03+- 0.00000E+00
    Eu154  (n,a    )  Pm151   2.91133E-05+- 0.00000E+00          Eu154  (n,p    )  Sm154   5.26821E-09+- 0.00000E+00
    Eu154  (n,E    )  Eu154   5.66327E+00+- 0.00000E+00          Eu154  (n,g    )  Eu155   1.34690E+03+- 0.00000E+00
    Eu155  (n,Dtot )          2.91266E+04+- 0.00000E+00          Eu155  (n,Ddiss)          2.91266E+04+- 0.00000E+00
    Eu155  (n,Ktot )          2.33020E+10+- 0.00000E+00          Eu155  (n,Kel  )          2.18485E-03+- 0.00000E+00
    Eu155  (n,Knone)          2.33020E+10+- 0.00000E+00          Eu155  (n,Kphot)          2.33020E+10+- 0.00000E+00
    Eu155  (n,Kktot)          2.33020E+10+- 0.00000E+00          Eu155  (n,Xa   )          1.64430E-10+- 0.00000E+00
    Eu155  (n,total)          3.73789E+03+- 0.00000E+00          Eu155  (n,a    )  Pm152   1.64410E-10+- 0.00000E+00
    Eu155  (n,E    )  Eu155   6.61219E+00+- 0.00000E+00          Eu155  (n,g    )  Eu156   3.73128E+03+- 0.00000E+00
    Eu156  (n,Dtot )          1.00844E+03+- 0.00000E+00          Eu156  (n,Ddiss)          1.00844E+03+- 0.00000E+00
    Eu156  (n,Ktot )          7.36014E+08+- 0.00000E+00          Eu156  (n,Kel  )          2.96433E-03+- 0.00000E+00
    Eu156  (n,Knone)          7.36014E+08+- 0.00000E+00          Eu156  (n,Kphot)          7.36013E+08+- 0.00000E+00
    Eu156  (n,Kktot)          7.36014E+08+- 0.00000E+00          Eu156  (n,Xa   )          1.21368E-06+- 0.00000E+00
    Eu156  (n,total)          1.08250E+02+- 0.00000E+00          Eu156  (n,a    )  Pm153   1.21357E-06+- 0.00000E+00
    Eu156  (n,E    )  Eu156   9.02880E+00+- 0.00000E+00          Eu156  (n,g    )  Eu157   9.92214E+01+- 0.00000E+00
    Eu157  (n,Dtot )          1.63284E+04+- 0.00000E+00          Eu157  (n,Ddiss)          1.63284E+04+- 0.00000E+00
    Eu157  (n,Ktot )          2.33510E+10+- 0.00000E+00          Eu157  (n,Kel  )          2.94561E-03+- 0.00000E+00
    Eu157  (n,Knone)          2.33510E+10+- 0.00000E+00          Eu157  (n,Kphot)          2.33510E+10+- 0.00000E+00
    Eu157  (n,Kktot)          2.33510E+10+- 0.00000E+00          Eu157  (n,Xa   )          3.91030E-12+- 0.00000E+00
    Eu157  (n,total)          4.02749E+03+- 0.00000E+00          Eu157  (n,a    )  Pm154   3.95430E-12+- 0.00000E+00
    Eu157  (n,E    )  Eu157   9.02862E+00+- 0.00000E+00          Eu157  (n,g    )  Eu158   4.01846E+03+- 0.00000E+00
    Gd152  (n,Dtot )          7.29080E+03+- 0.00000E+00          Gd152  (n,Ddiss)          7.29080E+03+- 0.00000E+00
    Gd152  (n,Ktot )          4.50162E+09+- 0.00000E+00          Gd152  (n,Kel  )          3.52019E-03+- 0.00000E+00
    Gd152  (n,Knone)          4.50162E+09+- 0.00000E+00          Gd152  (n,Kphot)          4.50156E+09+- 0.00000E+00
    Gd152  (n,Kktot)          4.50162E+09+- 0.00000E+00          Gd152  (n,Xa   )          6.98188E-03+- 0.00000E+00
    Gd152  (n,total)          7.39502E+02+- 0.00000E+00          Gd152  (n,a    )  Sm149   6.98165E-03+- 0.00000E+00
    Gd152  (n,E    )  Gd152   1.04500E+01+- 0.00000E+00          Gd152  (n,g    )  Gd153   7.29045E+02+- 0.00000E+00
    Gd153  (n,Dtot )          3.33862E+05+- 0.00000E+00          Gd153  (n,Ddiss)          3.33862E+05+- 0.00000E+00
    Gd153  (n,Ktot )          1.95070E+11+- 0.00000E+00          Gd153  (n,Kel  )          6.29202E-03+- 0.00000E+00
    Gd153  (n,Knone)          1.95070E+11+- 0.00000E+00          Gd153  (n,Kphot)          1.95070E+11+- 0.00000E+00
    Gd153  (n,Kktot)          1.95070E+11+- 0.00000E+00          Gd153  (n,Xp   )          1.61933E-09+- 0.00000E+00
    Gd153  (n,Xa   )          3.26924E-02+- 0.00000E+00          Gd153  (n,total)          2.20885E+04+- 0.00000E+00
    Gd153  (n,a    )  Sm150   3.26934E-02+- 0.00000E+00          Gd153  (n,p    )  Eu153   1.62182E-09+- 0.00000E+00
    Gd153  (n,E    )  Gd153   1.87959E+01+- 0.00000E+00          Gd153  (n,g    )  Gd154   2.20696E+04+- 0.00000E+00
    Tb160  (n,Dtot )          4.91970E+03+- 0.00000E+00          Tb160  (n,Ddiss)          4.91970E+03+- 0.00000E+00
    Tb160  (n,Ktot )          2.65793E+09+- 0.00000E+00          Tb160  (n,Kel  )          1.53407E-03+- 0.00000E+00
    Tb160  (n,Knone)          2.65793E+09+- 0.00000E+00          Tb160  (n,Kphot)          2.65792E+09+- 0.00000E+00
    Tb160  (n,Kktot)          2.65793E+09+- 0.00000E+00          Tb160  (n,Xa   )          2.94453E-06+- 0.00000E+00
    Tb160  (n,total)          3.52802E+02+- 0.00000E+00          Tb160  (n,a    )  Eu157   2.94428E-06+- 0.00000E+00
    Tb160  (n,E    )  Tb160   4.79091E+00+- 0.00000E+00          Tb160  (n,g    )  Tb161   3.48011E+02+- 0.00000E+00
    Dy159  (n,Dtot )          7.95883E+03+- 0.00000E+00          Dy159  (n,Ddiss)          7.95883E+03+- 0.00000E+00
    Dy159  (n,Ktot )          5.06615E+09+- 0.00000E+00          Dy159  (n,Kel  )          2.34327E-03+- 0.00000E+00
    Dy159  (n,Knone)          5.06615E+09+- 0.00000E+00          Dy159  (n,Kphot)          5.06611E+09+- 0.00000E+00
    Dy159  (n,Kktot)          5.06615E+09+- 0.00000E+00          Dy159  (n,Xp   )          1.57110E-12+- 0.00000E+00
    Dy159  (n,Xa   )          3.75895E-03+- 0.00000E+00          Dy159  (n,total)          6.02605E+02+- 0.00000E+00
    Dy159  (n,a    )  Gd156   3.75863E-03+- 0.00000E+00          Dy159  (n,p    )  Tb159   1.58860E-12+- 0.00000E+00
    Dy159  (n,E    )  Dy159   7.27276E+00+- 0.00000E+00          Dy159  (n,g    )  Dy160   5.95328E+02+- 0.00000E+00
    Th227  (n,Dtot )          1.44159E+06+- 0.00000E+00          Th227  (n,Ddiss)          1.09469E+03+- 0.00000E+00
    Th227  (n,Ktot )          3.65450E+10+- 0.00000E+00          Th227  (n,Kel  )          2.83628E-03+- 0.00000E+00
    Th227  (n,Knone)          3.65450E+10+- 0.00000E+00          Th227  (n,Kfiss)          3.36940E+10+- 0.00000E+00
    Th227  (n,Kphot)          2.85094E+09+- 0.00000E+00          Th227  (n,Kktot)          3.65450E+10+- 0.00000E+00
    Th227  (n,total)          6.14800E+02+- 3.30000E+01          Th227  (n,F    )          2.00427E+02+- 7.70000E+00
    Th227  (n,E    )  Th227   1.25275E+01+- 5.00000E+01          Th227  (n,g    )  Th228   4.01846E+02+- 5.00000E+01
    Th228  (n,Dtot )          1.23197E+03+- 0.00000E+00          Th228  (n,Ddiss)          2.04144E+02+- 0.00000E+00
    Th228  (n,Ktot )          6.67936E+08+- 0.00000E+00          Th228  (n,Kel  )          7.05550E-03+- 0.00000E+00
    Th228  (n,Knone)          6.67936E+08+- 0.00000E+00          Th228  (n,Kfiss)          2.68623E+07+- 0.00000E+00
    Th228  (n,Kphot)          6.41073E+08+- 0.00000E+00          Th228  (n,Kktot)          6.67936E+08+- 0.00000E+00
    Th228  (n,total)          1.53339E+02+- 1.26000E+01          Th228  (n,F    )          1.48835E-01+- 9.00000E+01
    Th228  (n,E    )  Th228   3.12997E+01+- 5.00000E+01          Th228  (n,g    )  Th229   1.21891E+02+- 1.00000E+01
    Th229  (n,Dtot )          2.13540E+05+- 0.00000E+00          Th229  (n,Ddiss)          1.09490E+02+- 0.00000E+00
    Th229  (n,Ktot )          5.62586E+09+- 0.00000E+00          Th229  (n,Kel  )          2.34064E-03+- 0.00000E+00
    Th229  (n,Knone)          5.62586E+09+- 0.00000E+00          Th229  (n,Kfiss)          5.15156E+09+- 0.00000E+00
    Th229  (n,Kphot)          4.74313E+08+- 0.00000E+00          Th229  (n,Kktot)          5.62586E+09+- 0.00000E+00
    Th229  (n,total)          1.11139E+02+- 0.00000E+00          Th229  (n,F    )          3.06572E+01+- 2.00000E+01
    Th229  (n,E    )  Th229   1.04288E+01+- 2.00000E+01          Th229  (n,g    )  Th230   7.00527E+01+- 2.00000E+01
    Th230  (n,Dtot )          8.32771E+01+- 0.00000E+00          Th230  (n,Ddiss)          2.00659E+01+- 0.00000E+00
    Th230  (n,Ktot )          1.20433E+08+- 0.00000E+00          Th230  (n,Kel  )          2.32209E-03+- 0.00000E+00
    Th230  (n,Knone)          1.20433E+08+- 0.00000E+00          Th230  (n,Kfiss)          1.69433E+06+- 0.00000E+00
    Th230  (n,Kphot)          1.18738E+08+- 0.00000E+00          Th230  (n,Kktot)          1.20433E+08+- 0.00000E+00
    Th230  (n,total)          3.36335E+01+- 0.00000E+00          Th230  (n,F    )          9.41622E-03+- 5.00000E+01
    Th230  (n,E    )  Th230   1.03910E+01+- 2.00000E+01          Th230  (n,g    )  Th231   2.32331E+01+- 0.00000E+00
    Th231  (n,Dtot )          2.70190E+05+- 0.00000E+00          Th231  (n,Ddiss)          2.14035E+03+- 0.00000E+00
    Th231  (n,Ktot )          1.77490E+10+- 0.00000E+00          Th231  (n,Kel  )          2.67589E-03+- 0.00000E+00
    Th231  (n,Knone)          1.77490E+10+- 0.00000E+00          Th231  (n,Kfiss)          7.31211E+09+- 0.00000E+00
    Th231  (n,Kphot)          1.04370E+10+- 0.00000E+00          Th231  (n,Kktot)          1.77490E+10+- 0.00000E+00
    Th231  (n,total)          1.66914E+03+- 8.70000E+01          Th231  (n,F    )          3.96826E+01+- 9.00000E+01
    Th231  (n,E    )  Th231   1.20259E+01+- 9.00000E+01          Th231  (n,g    )  Th232   1.61743E+03+- 9.00000E+01
    Th232  (n,Dtot )          5.82435E+00+- 0.00000E+00          Th232  (n,Ddiss)          5.47844E+00+- 0.00000E+00
    Th232  (n,Ktot )          3.48952E+07+- 0.00000E+00          Th232  (n,Kel  )          2.88995E-03+- 0.00000E+00
    Th232  (n,Knone)          3.48952E+07+- 0.00000E+00          Th232  (n,Kfiss)          8.95835E+03+- 0.00000E+00
    Th232  (n,Kphot)          3.48862E+07+- 0.00000E+00          Th232  (n,Kktot)          3.48952E+07+- 0.00000E+00
    Th232  (n,total)          2.03210E+01+- 1.41421E+00          Th232  (n,F    )          5.32662E-05+- 3.50000E+01
    Th232  (n,E    )  Th232   1.30438E+01+- 1.41421E+00          Th232  (n,g    )  Th233   7.27712E+00+- 2.00000E+00
    Th233  (n,Dtot )          9.93381E+04+- 0.00000E+00          Th233  (n,Ddiss)          1.84069E+03+- 0.00000E+00
    Th233  (n,Ktot )          1.06790E+10+- 0.00000E+00          Th233  (n,Kel  )          2.65301E-03+- 0.00000E+00
    Th233  (n,Knone)          1.06790E+10+- 0.00000E+00          Th233  (n,Kfiss)          2.78891E+09+- 0.00000E+00
    Th233  (n,Kphot)          7.88961E+09+- 0.00000E+00          Th233  (n,Kktot)          1.06790E+10+- 0.00000E+00
    Th233  (n,total)          1.30697E+03+- 4.40000E+00          Th233  (n,F    )          1.48831E+01+- 5.00000E+01
    Th233  (n,E    )  Th233   1.20257E+01+- 5.00000E+01          Th233  (n,g    )  Th234   1.28006E+03+- 4.40000E+00
    Th234  (n,Dtot )          3.15448E+01+- 0.00000E+00          Th234  (n,Ddiss)          3.35710E-01+- 0.00000E+00
    Th234  (n,Ktot )          8.79396E+06+- 0.00000E+00          Th234  (n,Kel  )          2.61971E-03+- 0.00000E+00
    Th234  (n,Knone)          8.79396E+06+- 0.00000E+00          Th234  (n,Kfiss)          9.22657E+05+- 0.00000E+00
    Th234  (n,Kphot)          7.87130E+06+- 0.00000E+00          Th234  (n,Kktot)          8.79396E+06+- 0.00000E+00
    Th234  (n,total)          1.37164E+01+- 4.40000E+01          Th234  (n,F    )          4.96137E-03+- 5.00000E+01
    Th234  (n,E    )  Th234   1.19254E+01+- 5.00000E+01          Th234  (n,g    )  Th235   1.78601E+00+- 5.00000E+01
    Pa229  (n,Dtot )          7.44246E+03+- 0.00000E+00          Pa229  (n,Ddiss)          3.48636E+02+- 0.00000E+00
    Pa229  (n,Ktot )          2.47263E+09+- 0.00000E+00          Pa229  (n,Kel  )          2.65416E-03+- 0.00000E+00
    Pa229  (n,Knone)          2.47263E+09+- 0.00000E+00          Pa229  (n,Kfiss)          1.79433E+08+- 0.00000E+00
    Pa229  (n,Kphot)          2.29320E+09+- 0.00000E+00          Pa229  (n,Kktot)          2.47263E+09+- 0.00000E+00
    Pa229  (n,total)          4.09422E+02+- 8.70000E+01          Pa229  (n,F    )          9.92145E-01+- 9.00000E+01
    Pa229  (n,E    )  Pa229   1.18257E+01+- 9.00000E+01          Pa229  (n,g    )  Pa230   3.96604E+02+- 9.00000E+01
    Pa230  (n,Dtot )          1.06638E+07+- 0.00000E+00          Pa230  (n,Ddiss)          9.06921E+02+- 0.00000E+00
    Pa230  (n,Ktot )          2.73560E+11+- 0.00000E+00          Pa230  (n,Kel  )          2.68747E-03+- 0.00000E+00
    Pa230  (n,Knone)          2.73560E+11+- 0.00000E+00          Pa230  (n,Kfiss)          2.71020E+11+- 0.00000E+00
    Pa230  (n,Kphot)          2.53555E+09+- 0.00000E+00          Pa230  (n,Kktot)          2.73560E+11+- 0.00000E+00
    Pa230  (n,total)          1.87696E+03+- 7.40000E+01          Pa230  (n,F    )          1.48798E+03+- 9.00000E+01
    Pa230  (n,E    )  Pa230   1.20261E+01+- 9.00000E+01          Pa230  (n,g    )  Pa231   3.76954E+02+- 9.00000E+01
    Pa231  (n,Dtot )          3.16597E+02+- 0.00000E+00          Pa231  (n,Ddiss)          1.53638E+02+- 0.00000E+00
    Pa231  (n,Ktot )          1.10971E+09+- 0.00000E+00          Pa231  (n,Kel  )          2.35506E-03+- 0.00000E+00
    Pa231  (n,Knone)          1.10971E+09+- 0.00000E+00          Pa231  (n,Kfiss)          4.08299E+06+- 0.00000E+00
    Pa231  (n,Kphot)          1.10562E+09+- 0.00000E+00          Pa231  (n,Kktot)          1.10971E+09+- 0.00000E+00
    Pa231  (n,total)          2.10551E+02+- 0.00000E+00          Pa231  (n,F    )          2.34148E-02+- 0.00000E+00
    Pa231  (n,E    )  Pa231   1.05841E+01+- 1.00000E+01          Pa231  (n,g    )  Pa232   1.99944E+02+- 0.00000E+00
    Pa232  (n,Dtot )          1.02871E+07+- 0.00000E+00          Pa232  (n,Ddiss)          1.88569E+03+- 0.00000E+00
    Pa232  (n,Ktot )          2.77330E+11+- 0.00000E+00          Pa232  (n,Kel  )          5.29379E-03+- 0.00000E+00
    Pa232  (n,Knone)          2.77330E+11+- 0.00000E+00          Pa232  (n,Kfiss)          2.73550E+11+- 0.00000E+00
    Pa232  (n,Kphot)          3.77092E+09+- 0.00000E+00          Pa232  (n,Kktot)          2.77330E+11+- 0.00000E+00
    Pa232  (n,total)          2.08334E+03+- 0.00000E+00          Pa232  (n,F    )          1.47598E+03+- 0.00000E+00
    Pa232  (n,E    )  Pa232   2.38939E+01+- 2.00000E+01          Pa232  (n,g    )  Pa233   5.83466E+02+- 0.00000E+00
    Pa233  (n,Dtot )          2.19261E+01+- 0.00000E+00          Pa233  (n,Ddiss)          2.19093E+01+- 0.00000E+00
    Pa233  (n,Ktot )          2.00592E+08+- 0.00000E+00          Pa233  (n,Kel  )          3.11908E-03+- 0.00000E+00
    Pa233  (n,Knone)          2.00592E+08+- 0.00000E+00          Pa233  (n,Kfiss)          4.56565E+02+- 0.00000E+00
    Pa233  (n,Kphot)          2.00592E+08+- 0.00000E+00          Pa233  (n,Kktot)          2.00592E+08+- 0.00000E+00
    Pa233  (n,total)          5.30749E+01+- 0.00000E+00          Pa233  (n,F    )          2.48103E-06+- 9.00000E+01
    Pa233  (n,E    )  Pa233   1.41383E+01+- 2.00000E+01          Pa233  (n,g    )  Pa234   3.89366E+01+- 0.00000E+00
    U 230  (n,Dtot )          1.81384E+05+- 0.00000E+00          U 230  (n,Ddiss)          2.22325E+02+- 0.00000E+00
    U 230  (n,Ktot )          5.67672E+09+- 0.00000E+00          U 230  (n,Kel  )          2.64268E-03+- 0.00000E+00
    U 230  (n,Knone)          5.67672E+09+- 0.00000E+00          U 230  (n,Kfiss)          4.51262E+09+- 0.00000E+00
    U 230  (n,Kphot)          1.16411E+09+- 0.00000E+00          U 230  (n,Kktot)          5.67672E+09+- 0.00000E+00
    U 230  (n,total)          2.35055E+02+- 7.70000E+01          U 230  (n,F    )          2.48040E+01+- 9.00000E+01
    U 230  (n,E    )  U 230   1.18256E+01+- 9.00000E+01          U 230  (n,g    )  U 231   1.98426E+02+- 9.00000E+01
    U 231  (n,Dtot )          1.82210E+06+- 0.00000E+00          U 231  (n,Ddiss)          4.11320E+01+- 0.00000E+00
    U 231  (n,Ktot )          4.55430E+10+- 0.00000E+00          U 231  (n,Kel  )          2.60899E-03+- 0.00000E+00
    U 231  (n,Knone)          4.55430E+10+- 0.00000E+00          U 231  (n,Kfiss)          4.53990E+10+- 0.00000E+00
    U 231  (n,Kphot)          1.43974E+08+- 0.00000E+00          U 231  (n,Kktot)          4.55430E+10+- 0.00000E+00
    U 231  (n,total)          2.79644E+02+- 8.00000E+01          U 231  (n,F    )          2.48076E+02+- 9.00000E+01
    U 231  (n,E    )  U 231   1.17253E+01+- 9.00000E+01          U 231  (n,g    )  U 232   1.98429E+01+- 9.00000E+01
    U 232  (n,Dtot )          5.41412E+05+- 0.00000E+00          U 232  (n,Ddiss)          8.81224E+01+- 0.00000E+00
    U 232  (n,Ktot )          1.32920E+10+- 0.00000E+00          U 232  (n,Kel  )          2.39546E-03+- 0.00000E+00
    U 232  (n,Knone)          1.32920E+10+- 0.00000E+00          U 232  (n,Kfiss)          1.28610E+10+- 0.00000E+00
    U 232  (n,Kphot)          4.31317E+08+- 0.00000E+00          U 232  (n,Kktot)          1.32920E+10+- 0.00000E+00
    U 232  (n,total)          1.61333E+02+- 1.00000E+01          U 232  (n,F    )          7.58292E+01+- 5.00000E+00
    U 232  (n,E    )  U 232   1.08119E+01+- 1.00000E+01          U 232  (n,g    )  U 233   7.46922E+01+- 2.00000E+00
    U 233  (n,Dtot )          3.77696E+06+- 0.00000E+00          U 233  (n,Ddiss)          8.44044E+01+- 0.00000E+00
    U 233  (n,Ktot )          9.29890E+10+- 0.00000E+00          U 233  (n,Kel  )          2.68630E-03+- 0.00000E+00
    U 233  (n,Knone)          9.29890E+10+- 0.00000E+00          U 233  (n,Kfiss)          9.26820E+10+- 0.00000E+00
    U 233  (n,Kphot)          3.07436E+08+- 0.00000E+00          U 233  (n,Kktot)          9.29890E+10+- 0.00000E+00
    U 233  (n,total)          5.84093E+02+- 3.91325E-01          U 233  (n,F    )          5.27004E+02+- 3.52653E-01
    U 233  (n,E    )  U 233   1.21765E+01+- 5.65448E+00          U 233  (n,g    )  U 234   4.49126E+01+- 2.28616E+00
    U 234  (n,Dtot )          5.61792E+02+- 0.00000E+00          U 234  (n,Ddiss)          1.00735E+02+- 0.00000E+00
    U 234  (n,Ktot )          5.38580E+08+- 0.00000E+00          U 234  (n,Kel  )          3.91267E-03+- 0.00000E+00
    U 234  (n,Knone)          5.38580E+08+- 0.00000E+00          U 234  (n,Kfiss)          1.17334E+07+- 0.00000E+00
    U 234  (n,Kphot)          5.26846E+08+- 0.00000E+00          U 234  (n,Kktot)          5.38580E+08+- 0.00000E+00
    U 234  (n,total)          1.17291E+02+- 1.00000E+01          U 234  (n,F    )          6.64395E-02+- 1.00000E+01
    U 234  (n,E    )  U 234   1.78111E+01+- 1.00000E+01          U 234  (n,g    )  U 235   9.94136E+01+- 1.00000E+01
    U 235  (n,Dtot )          4.05123E+06+- 0.00000E+00          U 235  (n,Ddiss)          1.21485E+02+- 0.00000E+00
    U 235  (n,Ktot )          1.02660E+11+- 0.00000E+00          U 235  (n,Kel  )          3.30597E-03+- 0.00000E+00
    U 235  (n,Knone)          1.02660E+11+- 0.00000E+00          U 235  (n,Kfiss)          1.02020E+11+- 0.00000E+00
    U 235  (n,Kphot)          6.38975E+08+- 0.00000E+00          U 235  (n,Kktot)          1.02660E+11+- 0.00000E+00
    U 235  (n,total)          6.92615E+02+- 2.54169E-01          U 235  (n,F    )          5.79844E+02+- 3.49126E-01
    U 235  (n,E    )  U 235   1.51132E+01+- 5.09195E+00          U 235  (n,g    )  U 236   9.76584E+01+- 1.60471E+00
    U 236  (n,Dtot )          6.81680E+00+- 0.00000E+00          U 236  (n,Ddiss)          5.07329E+00+- 0.00000E+00
    U 236  (n,Ktot )          2.58173E+07+- 0.00000E+00          U 236  (n,Kel  )          2.35862E-03+- 0.00000E+00
    U 236  (n,Knone)          2.58173E+07+- 0.00000E+00          U 236  (n,Kfiss)          4.53279E+04+- 0.00000E+00
    U 236  (n,Kphot)          2.57719E+07+- 0.00000E+00          U 236  (n,Kktot)          2.58173E+07+- 0.00000E+00
    U 236  (n,total)          1.59096E+01+- 5.00000E+00          U 236  (n,F    )          2.57287E-04+- 8.00000E+00
    U 236  (n,E    )  U 236   1.08279E+01+- 5.00000E+00          U 236  (n,g    )  U 237   5.08143E+00+- 0.00000E+00
    U 237  (n,Dtot )          1.21913E+04+- 0.00000E+00          U 237  (n,Ddiss)          7.35297E+02+- 0.00000E+00
    U 237  (n,Ktot )          3.05774E+09+- 0.00000E+00          U 237  (n,Kel  )          5.29777E-03+- 0.00000E+00
    U 237  (n,Knone)          3.05774E+09+- 0.00000E+00          U 237  (n,Kfiss)          2.98151E+08+- 0.00000E+00
    U 237  (n,Kphot)          2.75958E+09+- 0.00000E+00          U 237  (n,Kktot)          3.05774E+09+- 0.00000E+00
    U 237  (n,total)          4.74391E+02+- 3.00000E+01          U 237  (n,F    )          1.68756E+00+- 0.00000E+00
    U 237  (n,E    )  U 237   2.44238E+01+- 2.00000E+01          U 237  (n,g    )  U 238   4.48279E+02+- 3.00000E+01
    U 238  (n,Dtot )          2.53233E+00+- 0.00000E+00          U 238  (n,Ddiss)          2.42345E+00+- 0.00000E+00
    U 238  (n,Ktot )          1.28333E+07+- 0.00000E+00          U 238  (n,Kel  )          2.00870E-03+- 0.00000E+00
    U 238  (n,Knone)          1.28333E+07+- 0.00000E+00          U 238  (n,Kfiss)          2.95603E+03+- 0.00000E+00
    U 238  (n,Kphot)          1.28303E+07+- 0.00000E+00          U 238  (n,Kktot)          1.28333E+07+- 0.00000E+00
    U 238  (n,total)          1.19611E+01+- 8.07480E-01          U 238  (n,F    )          1.66645E-05+- 6.25024E+01
    U 238  (n,E    )  U 238   9.29916E+00+- 1.05476E+00          U 238  (n,g    )  U 239   2.66193E+00+- 1.84831E+00
    Np234  (n,Dtot )          1.44773E+07+- 0.00000E+00          Np234  (n,Ddiss)          2.30038E+02+- 0.00000E+00
    Np234  (n,Ktot )          3.71400E+11+- 0.00000E+00          Np234  (n,Kel  )          2.50965E-03+- 0.00000E+00
    Np234  (n,Knone)          3.71400E+11+- 0.00000E+00          Np234  (n,Kfiss)          3.70640E+11+- 0.00000E+00
    Np234  (n,Kphot)          7.60940E+08+- 0.00000E+00          Np234  (n,Kktot)          3.71400E+11+- 0.00000E+00
    Np234  (n,total)          2.10497E+03+- 8.50000E+01          Np234  (n,F    )          1.98439E+03+- 9.00000E+01
    Np234  (n,E    )  Np234   1.14243E+01+- 9.00000E+01          Np234  (n,g    )  Np235   1.09159E+02+- 9.00000E+01
    Np235  (n,Dtot )          3.74609E+05+- 0.00000E+00          Np235  (n,Ddiss)          1.27203E+02+- 0.00000E+00
    Np235  (n,Ktot )          1.07830E+10+- 0.00000E+00          Np235  (n,Kel  )          2.47711E-03+- 0.00000E+00
    Np235  (n,Knone)          1.07830E+10+- 0.00000E+00          Np235  (n,Kfiss)          9.90102E+09+- 0.00000E+00
    Np235  (n,Kphot)          8.82020E+08+- 0.00000E+00          Np235  (n,Kktot)          1.07830E+10+- 0.00000E+00
    Np235  (n,total)          2.17700E+02+- 1.20000E+01          Np235  (n,F    )          5.25844E+01+- 5.00000E+01
    Np235  (n,E    )  Np235   1.13240E+01+- 5.00000E+01          Np235  (n,g    )  Np236   1.53791E+02+- 1.80000E+00
    Np236  (n,Dtot )          1.98238E+07+- 0.00000E+00          Np236  (n,Ddiss)          1.43191E+02+- 0.00000E+00
    Np236  (n,Ktot )          5.30400E+11+- 0.00000E+00          Np236  (n,Kel  )          2.10339E-03+- 0.00000E+00
    Np236  (n,Knone)          5.30400E+11+- 0.00000E+00          Np236  (n,Kfiss)          5.29610E+11+- 0.00000E+00
    Np236  (n,Kphot)          7.92550E+08+- 0.00000E+00          Np236  (n,Kktot)          5.30400E+11+- 0.00000E+00
    Np236  (n,total)          2.91689E+03+- 0.00000E+00          Np236  (n,F    )          2.78673E+03+- 0.00000E+00
    Np236  (n,E    )  Np236   9.65620E+00+- 2.00000E+01          Np236  (n,g    )  Np237   1.20501E+02+- 5.00000E+01
    Np237  (n,Dtot )          2.88515E+02+- 0.00000E+00          Np237  (n,Ddiss)          1.49448E+02+- 0.00000E+00
    Np237  (n,Ktot )          9.73481E+08+- 0.00000E+00          Np237  (n,Kel  )          3.13735E-03+- 0.00000E+00
    Np237  (n,Knone)          9.73481E+08+- 0.00000E+00          Np237  (n,Kfiss)          3.56615E+06+- 0.00000E+00
    Np237  (n,Kphot)          9.69914E+08+- 0.00000E+00          Np237  (n,Kktot)          9.73481E+08+- 0.00000E+00
    Np237  (n,total)          1.90956E+02+- 8.00000E+00          Np237  (n,F    )          2.00080E-02+- 4.00000E+00
    Np237  (n,E    )  Np237   1.44636E+01+- 8.00000E+00          Np237  (n,g    )  Np238   1.76472E+02+- 0.00000E+00
    Np238  (n,Dtot )          1.51751E+07+- 0.00000E+00          Np238  (n,Ddiss)          6.46277E+02+- 0.00000E+00
    Np238  (n,Ktot )          3.98230E+11+- 0.00000E+00          Np238  (n,Kel  )          2.64629E-03+- 0.00000E+00
    Np238  (n,Knone)          3.98230E+11+- 0.00000E+00          Np238  (n,Kfiss)          3.95280E+11+- 0.00000E+00
    Np238  (n,Kphot)          2.94862E+09+- 0.00000E+00          Np238  (n,Kktot)          3.98230E+11+- 0.00000E+00
    Np238  (n,total)          2.67157E+03+- 0.00000E+00          Np238  (n,F    )          2.18452E+03+- 0.00000E+00
    Np238  (n,E    )  Np238   1.22510E+01+- 2.00000E+01          Np238  (n,g    )  Np239   4.74799E+02+- 0.00000E+00
    Np239  (n,Dtot )          2.06737E+02+- 0.00000E+00          Np239  (n,Ddiss)          1.84812E+01+- 0.00000E+00
    Np239  (n,Ktot )          2.33030E+08+- 0.00000E+00          Np239  (n,Kel  )          2.37117E-03+- 0.00000E+00
    Np239  (n,Knone)          2.33030E+08+- 0.00000E+00          Np239  (n,Kfiss)          5.31869E+06+- 0.00000E+00
    Np239  (n,Kphot)          2.27711E+08+- 0.00000E+00          Np239  (n,Kktot)          2.33030E+08+- 0.00000E+00
    Np239  (n,total)          5.56989E+01+- 4.10000E+01          Np239  (n,F    )          2.77859E-02+- 5.00000E+01
    Np239  (n,E    )  Np239   1.10230E+01+- 5.00000E+01          Np239  (n,g    )  Np240   4.46481E+01+- 5.00000E+01
    Pu236  (n,Dtot )          1.01207E+06+- 0.00000E+00          Pu236  (n,Ddiss)          3.53657E+01+- 0.00000E+00
    Pu236  (n,Ktot )          2.63780E+10+- 0.00000E+00          Pu236  (n,Kel  )          2.00371E-03+- 0.00000E+00
    Pu236  (n,Knone)          2.63780E+10+- 0.00000E+00          Pu236  (n,Kfiss)          2.62180E+10+- 0.00000E+00
    Pu236  (n,Kphot)          1.60663E+08+- 0.00000E+00          Pu236  (n,Kktot)          2.63780E+10+- 0.00000E+00
    Pu236  (n,total)          1.75326E+02+- 0.00000E+00          Pu236  (n,F    )          1.38792E+02+- 0.00000E+00
    Pu236  (n,E    )  Pu236   9.19860E+00+- 2.00000E+01          Pu236  (n,g    )  Pu237   2.73354E+01+- 0.00000E+00
    Pu237  (n,Dtot )          1.66105E+07+- 0.00000E+00          Pu237  (n,Ddiss)          3.22231E+02+- 0.00000E+00
    Pu237  (n,Ktot )          4.34760E+11+- 0.00000E+00          Pu237  (n,Kel  )          2.41282E-03+- 0.00000E+00
    Pu237  (n,Knone)          4.34760E+11+- 0.00000E+00          Pu237  (n,Kfiss)          4.33370E+11+- 0.00000E+00
    Pu237  (n,Kphot)          1.39158E+09+- 0.00000E+00          Pu237  (n,Kktot)          4.34760E+11+- 0.00000E+00
    Pu237  (n,total)          2.48627E+03+- 2.50000E+01          Pu237  (n,F    )          2.27671E+03+- 2.70000E+01
    Pu237  (n,E    )  Pu237   1.11234E+01+- 5.00000E+01          Pu237  (n,g    )  Pu238   1.98433E+02+- 5.00000E+01
    Pu238  (n,Dtot )          1.25436E+05+- 0.00000E+00          Pu238  (n,Ddiss)          4.44498E+02+- 0.00000E+00
    Pu238  (n,Ktot )          5.47767E+09+- 0.00000E+00          Pu238  (n,Kel  )          3.33047E-02+- 0.00000E+00
    Pu238  (n,Knone)          5.47767E+09+- 0.00000E+00          Pu238  (n,Kfiss)          3.17539E+09+- 0.00000E+00
    Pu238  (n,Kphot)          2.30227E+09+- 0.00000E+00          Pu238  (n,Kktot)          5.47767E+09+- 0.00000E+00
    Pu238  (n,total)          5.79844E+02+- 0.00000E+00          Pu238  (n,F    )          1.75637E+01+- 0.00000E+00
    Pu238  (n,E    )  Pu238   1.54191E+02+- 1.00000E+01          Pu238  (n,g    )  Pu239   4.08090E+02+- 1.00000E+01
    Pu239  (n,Dtot )          5.31159E+06+- 0.00000E+00          Pu239  (n,Ddiss)          5.46899E+02+- 0.00000E+00
    Pu239  (n,Ktot )          1.37660E+11+- 0.00000E+00          Pu239  (n,Kel  )          1.89510E-03+- 0.00000E+00
    Pu239  (n,Knone)          1.37660E+11+- 0.00000E+00          Pu239  (n,Kfiss)          1.35900E+11+- 0.00000E+00
    Pu239  (n,Kphot)          1.76284E+09+- 0.00000E+00          Pu239  (n,Kktot)          1.37660E+11+- 0.00000E+00
    Pu239  (n,total)          1.02044E+03+- 7.59883E-01          Pu239  (n,F    )          7.41710E+02+- 1.13588E+00
    Pu239  (n,E    )  Pu239   8.80978E+00+- 6.94569E-01          Pu239  (n,g    )  Pu240   2.69924E+02+- 1.71379E+00
    Pu240  (n,Dtot )          5.37327E+02+- 0.00000E+00          Pu240  (n,Ddiss)          2.87948E+02+- 0.00000E+00
    Pu240  (n,Ktot )          1.51257E+09+- 0.00000E+00          Pu240  (n,Kel  )          5.70773E-04+- 0.00000E+00
    Pu240  (n,Knone)          1.51257E+09+- 0.00000E+00          Pu240  (n,Kfiss)          6.58743E+06+- 0.00000E+00
    Pu240  (n,Kphot)          1.50598E+09+- 0.00000E+00          Pu240  (n,Kktot)          1.51257E+09+- 0.00000E+00
    Pu240  (n,total)          2.89890E+02+- 3.00000E+00          Pu240  (n,F    )          3.59578E-02+- 2.00000E+00
    Pu240  (n,E    )  Pu240   2.66444E+00+- 3.00000E+00          Pu240  (n,g    )  Pu241   2.87189E+02+- 5.00000E+00
    Pu241  (n,Dtot )          6.97854E+06+- 0.00000E+00          Pu241  (n,Ddiss)          4.46329E+02+- 0.00000E+00
    Pu241  (n,Ktot )          1.85600E+11+- 0.00000E+00          Pu241  (n,Kel  )          2.40112E-03+- 0.00000E+00
    Pu241  (n,Knone)          1.85600E+11+- 0.00000E+00          Pu241  (n,Kfiss)          1.83320E+11+- 0.00000E+00
    Pu241  (n,Kphot)          2.27282E+09+- 0.00000E+00          Pu241  (n,Kktot)          1.85600E+11+- 0.00000E+00
    Pu241  (n,total)          1.37455E+03+- 5.00000E+00          Pu241  (n,F    )          1.00404E+03+- 2.00000E+00
    Pu241  (n,E    )  Pu241   1.12551E+01+- 5.00000E+00          Pu241  (n,g    )  Pu242   3.59253E+02+- 1.00000E+01
    Pu242  (n,Dtot )          2.58771E+01+- 0.00000E+00          Pu242  (n,Ddiss)          9.49170E+00+- 0.00000E+00
    Pu242  (n,Ktot )          9.95751E+07+- 0.00000E+00          Pu242  (n,Kel  )          1.76877E-03+- 0.00000E+00
    Pu242  (n,Knone)          9.95751E+07+- 0.00000E+00          Pu242  (n,Kfiss)          4.41537E+05+- 0.00000E+00
    Pu242  (n,Kphot)          9.91335E+07+- 0.00000E+00          Pu242  (n,Kktot)          9.95751E+07+- 0.00000E+00
    Pu242  (n,total)          2.80570E+01+- 8.00000E+00          Pu242  (n,F    )          2.41706E-03+- 0.00000E+00
    Pu242  (n,E    )  Pu242   8.32512E+00+- 8.00000E+00          Pu242  (n,g    )  Pu243   1.97295E+01+- 0.00000E+00
    Pu244  (n,Dtot )          1.18413E+01+- 0.00000E+00          Pu244  (n,Ddiss)          5.77838E-01+- 0.00000E+00
    Pu244  (n,Ktot )          8.47908E+06+- 0.00000E+00          Pu244  (n,Kel  )          2.18873E-03+- 0.00000E+00
    Pu244  (n,Knone)          8.47908E+06+- 0.00000E+00          Pu244  (n,Kfiss)          3.37936E+05+- 0.00000E+00
    Pu244  (n,Kphot)          8.14114E+06+- 0.00000E+00          Pu244  (n,Kktot)          8.47908E+06+- 0.00000E+00
    Pu244  (n,total)          1.20843E+01+- 2.00000E+01          Pu244  (n,F    )          1.70119E-03+- 0.00000E+00
    Pu244  (n,E    )  Pu244   1.03864E+01+- 2.00000E+01          Pu244  (n,g    )  Pu245   1.69617E+00+- 0.00000E+00
    Pu246  (n,Dtot )          5.05034E+01+- 0.00000E+00          Pu246  (n,Ddiss)          2.99701E+01+- 0.00000E+00
    Pu246  (n,Ktot )          3.57788E+08+- 0.00000E+00          Pu246  (n,Kel  )          2.28302E-03+- 0.00000E+00
    Pu246  (n,Knone)          3.57788E+08+- 0.00000E+00          Pu246  (n,Kfiss)          6.41083E+05+- 0.00000E+00
    Pu246  (n,Kphot)          3.57147E+08+- 0.00000E+00          Pu246  (n,Kktot)          3.57788E+08+- 0.00000E+00
    Pu246  (n,total)          9.03021E+01+- 4.40000E+01          Pu246  (n,F    )          3.17502E-03+- 5.00000E+01
    Pu246  (n,E    )  Pu246   1.09221E+01+- 5.00000E+01          Pu246  (n,g    )  Pu247   7.93768E+01+- 5.00000E+01
    Am240  (n,Dtot )          1.08706E+07+- 0.00000E+00          Am240  (n,Ddiss)          4.74101E+02+- 0.00000E+00
    Am240  (n,Ktot )          2.90120E+11+- 0.00000E+00          Am240  (n,Kel  )          2.42573E-03+- 0.00000E+00
    Am240  (n,Knone)          2.90120E+11+- 0.00000E+00          Am240  (n,Kfiss)          2.88270E+11+- 0.00000E+00
    Am240  (n,Kphot)          1.84459E+09+- 0.00000E+00          Am240  (n,Kktot)          2.90120E+11+- 0.00000E+00
    Am240  (n,total)          1.77723E+03+- 7.70000E+01          Am240  (n,F    )          1.48806E+03+- 9.00000E+01
    Am240  (n,E    )  Am240   1.13235E+01+- 9.00000E+01          Am240  (n,g    )  Am241   2.77839E+02+- 9.00000E+01
    Am241  (n,Dtot )          2.28361E+04+- 0.00000E+00          Am241  (n,Ddiss)          6.00329E+02+- 0.00000E+00
    Am241  (n,Ktot )          4.32295E+09+- 0.00000E+00          Am241  (n,Kel  )          2.51943E-03+- 0.00000E+00
    Am241  (n,Knone)          4.32295E+09+- 0.00000E+00          Am241  (n,Kfiss)          5.73920E+08+- 0.00000E+00
    Am241  (n,Kphot)          3.74902E+09+- 0.00000E+00          Am241  (n,Kktot)          4.32295E+09+- 0.00000E+00
    Am241  (n,total)          6.92706E+02+- 1.50000E+01          Am241  (n,F    )          3.08783E+00+- 0.00000E+00
    Am241  (n,E    )  Am241   1.18098E+01+- 1.50000E+01          Am241  (n,g    )  Am242   6.07317E+02+- 0.00000E+00
    Am241  (n,g    )  Am242m  7.04921E+01+- 0.00000E+00          Am242  (n,Dtot )          1.73972E+07+- 0.00000E+00
    Am242  (n,Ddiss)          5.91445E+02+- 0.00000E+00          Am242  (n,Ktot )          4.73930E+11+- 0.00000E+00
    Am242  (n,Kel  )          1.56882E-03+- 0.00000E+00          Am242  (n,Knone)          4.73930E+11+- 0.00000E+00
    Am242  (n,Kfiss)          4.71830E+11+- 0.00000E+00          Am242  (n,Kphot)          2.09391E+09+- 0.00000E+00
    Am242  (n,Kktot)          4.73930E+11+- 0.00000E+00          Am242  (n,total)          2.73967E+03+- 1.00000E+01
    Am242  (n,F    )          2.40419E+03+- 1.00000E+01          Am242  (n,E    )  Am242   7.38407E+00+- 2.00000E+01
    Am242  (n,g    )  Am243   3.28101E+02+- 2.00000E+01          Am242m (n,Dtot )          4.60648E+07+- 0.00000E+00
    Am242m (n,Dinel)          7.61528E-03+- 0.00000E+00          Am242m (n,Ddiss)          1.57592E+03+- 0.00000E+00
    Am242m (n,Ktot )          1.18230E+12+- 0.00000E+00          Am242m (n,Kel  )          1.11405E-03+- 0.00000E+00
    Am242m (n,Knone)          1.18230E+12+- 0.00000E+00          Am242m (n,Kinel)          8.52465E-03+- 0.00000E+00
    Am242m (n,Kfiss)          1.17500E+12+- 0.00000E+00          Am242m (n,Kphot)          7.29104E+09+- 0.00000E+00
    Am242m (n,Kktot)          1.18230E+12+- 0.00000E+00          Am242m (n,total)          7.50636E+03+- 1.00000E+01
    Am242m (n,F    )          6.36590E+03+- 2.00000E+00          Am242m (n,E    )  Am242   5.24360E+00+- 1.00000E+01
    Am242m (n,n    )  Am242   4.22680E-05+- 0.00000E+00          Am242m (n,g    )  Am243   1.13521E+03+- 0.00000E+00
    Am243  (n,Dtot )          6.16426E+02+- 0.00000E+00          Am243  (n,Ddiss)          4.64440E+01+- 0.00000E+00
    Am243  (n,Ktot )          4.37008E+08+- 0.00000E+00          Am243  (n,Kel  )          1.37299E-03+- 0.00000E+00
    Am243  (n,Knone)          4.37008E+08+- 0.00000E+00          Am243  (n,Kfiss)          1.51672E+07+- 0.00000E+00
    Am243  (n,Kphot)          4.21840E+08+- 0.00000E+00          Am243  (n,Kktot)          4.37008E+08+- 0.00000E+00
    Am243  (n,total)          8.52278E+01+- 1.00000E+01          Am243  (n,F    )          8.09483E-02+- 5.00000E+00
    Am243  (n,E    )  Am243   6.48884E+00+- 1.00000E+01          Am243  (n,g    )  Am244   7.86580E+01+- 5.00000E+00
    Am244  (n,Dtot )          1.58643E+07+- 0.00000E+00          Am244  (n,Ddiss)          8.92172E+02+- 0.00000E+00
    Am244  (n,Ktot )          4.61430E+11+- 0.00000E+00          Am244  (n,Kel  )          2.36501E-03+- 0.00000E+00
    Am244  (n,Knone)          4.61430E+11+- 0.00000E+00          Am244  (n,Kfiss)          4.55430E+11+- 0.00000E+00
    Am244  (n,Kphot)          6.00466E+09+- 0.00000E+00          Am244  (n,Kktot)          4.61430E+11+- 0.00000E+00
    Am244  (n,total)          3.28551E+03+- 1.90000E+01          Am244  (n,F    )          2.28214E+03+- 1.60000E+01
    Am244  (n,E    )  Am244   1.12229E+01+- 5.00000E+01          Am244  (n,g    )  Am245   9.92147E+02+- 5.00000E+01
    Am244m (n,Dtot )          1.10479E+07+- 0.00000E+00          Am244m (n,Dinel)          1.49271E-03+- 0.00000E+00
    Am244m (n,Ddiss)          8.46655E+02+- 0.00000E+00          Am244m (n,Ktot )          3.20450E+11+- 0.00000E+00
    Am244m (n,Kel  )          2.36501E-03+- 0.00000E+00          Am244m (n,Knone)          3.20450E+11+- 0.00000E+00
    Am244m (n,Kinel)          1.68775E-03+- 0.00000E+00          Am244m (n,Kfiss)          3.16810E+11+- 0.00000E+00
    Am244m (n,Kphot)          3.64565E+09+- 0.00000E+00          Am244m (n,Kktot)          3.20450E+11+- 0.00000E+00
    Am244m (n,total)          2.19409E+03+- 3.90000E+01          Am244m (n,F    )          1.58755E+03+- 5.00000E+01
    Am244m (n,E    )  Am244   1.12229E+01+- 5.00000E+01          Am244m (n,n    )  Am244   4.76229E-06+- 0.00000E+00
    Am244m (n,g    )  Am245   5.95317E+02+- 5.00000E+01          Cm240  (n,Dtot )          2.25270E+05+- 0.00000E+00
    Cm240  (n,Ddiss)          9.07498E+01+- 0.00000E+00          Cm240  (n,Ktot )          6.05518E+09+- 0.00000E+00
    Cm240  (n,Kel  )          2.33986E-03+- 0.00000E+00          Cm240  (n,Knone)          6.05518E+09+- 0.00000E+00
    Cm240  (n,Kfiss)          5.75338E+09+- 0.00000E+00          Cm240  (n,Kphot)          3.01795E+08+- 0.00000E+00
    Cm240  (n,Kktot)          6.05518E+09+- 0.00000E+00          Cm240  (n,total)          9.02964E+01+- 3.30000E+01
    Cm240  (n,F    )          2.97692E+01+- 5.00000E+01          Cm240  (n,E    )  Cm240   1.09227E+01+- 5.00000E+01
    Cm240  (n,g    )  Cm241   4.96046E+01+- 5.00000E+01          Cm241  (n,Dtot )          7.48057E+06+- 0.00000E+00
    Cm241  (n,Ddiss)          5.23666E+02+- 0.00000E+00          Cm241  (n,Ktot )          1.94260E+11+- 0.00000E+00
    Cm241  (n,Kel  )          2.26605E-03+- 0.00000E+00          Cm241  (n,Knone)          1.94260E+11+- 0.00000E+00
    Cm241  (n,Kfiss)          1.92880E+11+- 0.00000E+00          Cm241  (n,Kphot)          1.37981E+09+- 0.00000E+00
    Cm241  (n,Kktot)          1.94260E+11+- 0.00000E+00          Cm241  (n,total)          1.20109E+03+- 4.20000E+01
    Cm241  (n,F    )          9.92055E+02+- 5.00000E+01          Cm241  (n,E    )  Cm241   1.06220E+01+- 5.00000E+01
    Cm241  (n,g    )  Cm242   1.98411E+02+- 5.00000E+01          Cm242  (n,Dtot )          3.51833E+04+- 0.00000E+00
    Cm242  (n,Ddiss)          2.77536E+01+- 0.00000E+00          Cm242  (n,Ktot )          9.77822E+08+- 0.00000E+00
    Cm242  (n,Kel  )          2.67961E-03+- 0.00000E+00          Cm242  (n,Knone)          9.77822E+08+- 0.00000E+00
    Cm242  (n,Kfiss)          8.69797E+08+- 0.00000E+00          Cm242  (n,Kphot)          1.08025E+08+- 0.00000E+00
    Cm242  (n,Kktot)          9.77822E+08+- 0.00000E+00          Cm242  (n,total)          3.62144E+01+- 1.00000E+01
    Cm242  (n,F    )          4.62717E+00+- 0.00000E+00          Cm242  (n,E    )  Cm242   1.26122E+01+- 1.00000E+01
    Cm242  (n,g    )  Cm243   1.89750E+01+- 5.00000E+00          Cm243  (n,Dtot )          4.43632E+06+- 0.00000E+00
    Cm243  (n,Ddiss)          2.14661E+02+- 0.00000E+00          Cm243  (n,Ktot )          1.09760E+11+- 0.00000E+00
    Cm243  (n,Kel  )          1.87273E-03+- 0.00000E+00          Cm243  (n,Knone)          1.09760E+11+- 0.00000E+00
    Cm243  (n,Kfiss)          1.08870E+11+- 0.00000E+00          Cm243  (n,Kphot)          8.89117E+08+- 0.00000E+00
    Cm243  (n,Kktot)          1.09760E+11+- 0.00000E+00          Cm243  (n,total)          7.21707E+02+- 0.00000E+00
    Cm243  (n,F    )          5.82649E+02+- 0.00000E+00          Cm243  (n,E    )  Cm243   8.85070E+00+- 1.00000E+01
    Cm243  (n,g    )  Cm244   1.30207E+02+- 3.00000E+01          Cm244  (n,Dtot )          7.65707E+03+- 0.00000E+00
    Cm244  (n,Ddiss)          1.33041E+01+- 0.00000E+00          Cm244  (n,Ktot )          2.78158E+08+- 0.00000E+00
    Cm244  (n,Kel  )          2.61059E-03+- 0.00000E+00          Cm244  (n,Knone)          2.78158E+08+- 0.00000E+00
    Cm244  (n,Kfiss)          1.94474E+08+- 0.00000E+00          Cm244  (n,Kphot)          8.36838E+07+- 0.00000E+00
    Cm244  (n,Kktot)          2.78158E+08+- 0.00000E+00          Cm244  (n,total)          2.85127E+01+- 2.00000E+01
    Cm244  (n,F    )          1.01387E+00+- 1.50000E+01          Cm244  (n,E    )  Cm244   1.23882E+01+- 2.00000E+01
    Cm244  (n,g    )  Cm245   1.51105E+01+- 0.00000E+00          Cm245  (n,Dtot )          1.46500E+07+- 0.00000E+00
    Cm245  (n,Ddiss)          4.32672E+02+- 0.00000E+00          Cm245  (n,Ktot )          3.80480E+11+- 0.00000E+00
    Cm245  (n,Kel  )          2.15092E-03+- 0.00000E+00          Cm245  (n,Knone)          3.80480E+11+- 0.00000E+00
    Cm245  (n,Kfiss)          3.78260E+11+- 0.00000E+00          Cm245  (n,Kphot)          2.21439E+09+- 0.00000E+00
    Cm245  (n,Kktot)          3.80480E+11+- 0.00000E+00          Cm245  (n,total)          2.38499E+03+- 1.00000E+01
    Cm245  (n,F    )          2.03166E+03+- 5.00000E+00          Cm245  (n,E    )  Cm245   1.02483E+01+- 1.00000E+01
    Cm245  (n,g    )  Cm246   3.43076E+02+- 1.00000E+01          Cm246  (n,Dtot )          3.22817E+02+- 0.00000E+00
    Cm246  (n,Ddiss)          9.54206E-01+- 0.00000E+00          Cm246  (n,Ktot )          1.43927E+07+- 0.00000E+00
    Cm246  (n,Kel  )          1.92747E-03+- 0.00000E+00          Cm246  (n,Knone)          1.43927E+07+- 0.00000E+00
    Cm246  (n,Kfiss)          8.36904E+06+- 0.00000E+00          Cm246  (n,Kphot)          6.02368E+06+- 0.00000E+00
    Cm246  (n,Kktot)          1.43927E+07+- 0.00000E+00          Cm246  (n,total)          1.04346E+01+- 1.00000E+01
    Cm246  (n,F    )          4.36572E-02+- 5.00000E+01          Cm246  (n,E    )  Cm246   9.22107E+00+- 1.00000E+01
    Cm246  (n,g    )  Cm247   1.16984E+00+- 1.50000E+01          Cm247  (n,Dtot )          6.58866E+05+- 0.00000E+00
    Cm247  (n,Ddiss)          5.34792E+01+- 0.00000E+00          Cm247  (n,Ktot )          1.93720E+10+- 0.00000E+00
    Cm247  (n,Kel  )          1.73775E-03+- 0.00000E+00          Cm247  (n,Knone)          1.93720E+10+- 0.00000E+00
    Cm247  (n,Kfiss)          1.90020E+10+- 0.00000E+00          Cm247  (n,Kphot)          3.69943E+08+- 0.00000E+00
    Cm247  (n,Kktot)          1.93720E+10+- 0.00000E+00          Cm247  (n,total)          1.61766E+02+- 1.00000E+01
    Cm247  (n,F    )          9.39792E+01+- 0.00000E+00          Cm247  (n,E    )  Cm247   8.34710E+00+- 2.00000E+01
    Cm247  (n,g    )  Cm248   5.94399E+01+- 2.00000E+01          Cm248  (n,Dtot )          2.43155E+03+- 0.00000E+00
    Cm248  (n,Ddiss)          2.50760E+00+- 0.00000E+00          Cm248  (n,Ktot )          7.70398E+07+- 0.00000E+00
    Cm248  (n,Kel  )          1.44918E-03+- 0.00000E+00          Cm248  (n,Knone)          7.70398E+07+- 0.00000E+00
    Cm248  (n,Kfiss)          6.35837E+07+- 0.00000E+00          Cm248  (n,Kphot)          1.34561E+07+- 0.00000E+00
    Cm248  (n,Kktot)          7.70398E+07+- 0.00000E+00          Cm248  (n,total)          1.01717E+01+- 1.00000E+01
    Cm248  (n,F    )          3.33903E-01+- 0.00000E+00          Cm248  (n,E    )  Cm248   6.98896E+00+- 1.00000E+01
    Cm248  (n,g    )  Cm249   2.84882E+00+- 0.00000E+00          Cm249  (n,Dtot )          6.78250E+04+- 0.00000E+00
    Cm249  (n,Ddiss)          2.06671E+00+- 0.00000E+00          Cm249  (n,Ktot )          2.05365E+09+- 0.00000E+00
    Cm249  (n,Kel  )          2.04869E-03+- 0.00000E+00          Cm249  (n,Knone)          2.05365E+09+- 0.00000E+00
    Cm249  (n,Kfiss)          2.04439E+09+- 0.00000E+00          Cm249  (n,Kphot)          9.26132E+06+- 0.00000E+00
    Cm249  (n,Kktot)          2.05365E+09+- 0.00000E+00          Cm249  (n,total)          2.14295E+01+- 3.30000E+01
    Cm249  (n,F    )          9.92208E+00+- 5.00000E+01          Cm249  (n,E    )  Cm249   9.91986E+00+- 5.00000E+01
    Cm249  (n,g    )  Cm250   1.58759E+00+- 5.00000E+01          Cm250  (n,Dtot )          1.78572E+02+- 0.00000E+00
    Cm250  (n,Ddiss)          3.72434E+01+- 0.00000E+00          Cm250  (n,Ktot )          3.60120E+08+- 0.00000E+00
    Cm250  (n,Kel  )          2.24196E-03+- 0.00000E+00          Cm250  (n,Knone)          3.60120E+08+- 0.00000E+00
    Cm250  (n,Kfiss)          4.36859E+06+- 0.00000E+00          Cm250  (n,Kphot)          3.55751E+08+- 0.00000E+00
    Cm250  (n,Kktot)          3.60120E+08+- 0.00000E+00          Cm250  (n,total)          9.15904E+01+- 4.40000E+01
    Cm250  (n,F    )          2.11974E-02+- 5.00000E+01          Cm250  (n,E    )  Cm250   1.08991E+01+- 5.00000E+01
    Cm250  (n,g    )  Cm251   8.06701E+01+- 5.00000E+01          Cf246  (n,Dtot )          1.06738E+07+- 0.00000E+00
    Cf246  (n,Ddiss)          1.68111E+03+- 0.00000E+00          Cf246  (n,Ktot )          2.88130E+11+- 0.00000E+00
    Cf246  (n,Kel  )          2.22019E-03+- 0.00000E+00          Cf246  (n,Knone)          2.88130E+11+- 0.00000E+00
    Cf246  (n,Kfiss)          2.78030E+11+- 0.00000E+00          Cf246  (n,Kphot)          1.01050E+10+- 0.00000E+00
    Cf246  (n,Kktot)          2.88130E+11+- 0.00000E+00          Cf246  (n,total)          3.08667E+03+- 6.40000E+01
    Cf246  (n,F    )          1.38915E+03+- 9.00000E+01          Cf246  (n,E    )  Cf246   1.06215E+01+- 9.00000E+01
    Cf246  (n,g    )  Cf247   1.68690E+03+- 9.00000E+01          Cf248  (n,Dtot )          5.20204E+06+- 0.00000E+00
    Cf248  (n,Ddiss)          1.59810E+03+- 0.00000E+00          Cf248  (n,Ktot )          1.50290E+11+- 0.00000E+00
    Cf248  (n,Kel  )          2.20237E-03+- 0.00000E+00          Cf248  (n,Knone)          1.50290E+11+- 0.00000E+00
    Cf248  (n,Kfiss)          1.41090E+11+- 0.00000E+00          Cf248  (n,Kphot)          9.19602E+09+- 0.00000E+00
    Cf248  (n,Kktot)          1.50290E+11+- 0.00000E+00          Cf248  (n,total)          2.39164E+03+- 6.90000E+01
    Cf248  (n,F    )          6.94522E+02+- 9.00000E+01          Cf248  (n,E    )  Cf248   1.06213E+01+- 9.00000E+01
    Cf248  (n,g    )  Cf249   1.68649E+03+- 9.00000E+01          Cf249  (n,Dtot )          1.23789E+07+- 0.00000E+00
    Cf249  (n,Ddiss)          6.82217E+02+- 0.00000E+00          Cf249  (n,Ktot )          3.23700E+11+- 0.00000E+00
    Cf249  (n,Kel  )          1.28881E-03+- 0.00000E+00          Cf249  (n,Knone)          3.23700E+11+- 0.00000E+00
    Cf249  (n,Kfiss)          3.20460E+11+- 0.00000E+00          Cf249  (n,Kphot)          3.24499E+09+- 0.00000E+00
    Cf249  (n,Kktot)          3.23700E+11+- 0.00000E+00          Cf249  (n,total)          2.16340E+03+- 0.00000E+00
    Cf249  (n,F    )          1.65576E+03+- 0.00000E+00          Cf249  (n,E    )  Cf249   6.24062E+00+- 2.00000E+01
    Cf249  (n,g    )  Cf250   5.01397E+02+- 0.00000E+00          Cf250  (n,Dtot )          8.08529E+05+- 0.00000E+00
    Cf250  (n,Ddiss)          2.24436E+03+- 0.00000E+00          Cf250  (n,Ktot )          3.27910E+10+- 0.00000E+00
    Cf250  (n,Kel  )          4.59883E-04+- 0.00000E+00          Cf250  (n,Knone)          3.27910E+10+- 0.00000E+00
    Cf250  (n,Kfiss)          2.27700E+10+- 0.00000E+00          Cf250  (n,Kphot)          1.00200E+10+- 0.00000E+00
    Cf250  (n,Kktot)          3.27910E+10+- 0.00000E+00          Cf250  (n,total)          2.10608E+03+- 0.00000E+00
    Cf250  (n,F    )          1.10392E+02+- 0.00000E+00          Cf250  (n,E    )  Cf250   2.23590E+00+- 2.00000E+01
    Cf250  (n,g    )  Cf251   1.99345E+03+- 0.00000E+00          Cf251  (n,Dtot )          3.55578E+07+- 0.00000E+00
    Cf251  (n,Ddiss)          3.24517E+03+- 0.00000E+00          Cf251  (n,Ktot )          9.57880E+11+- 0.00000E+00
    Cf251  (n,Kel  )          1.82622E-03+- 0.00000E+00          Cf251  (n,Knone)          9.57880E+11+- 0.00000E+00
    Cf251  (n,Kfiss)          9.40610E+11+- 0.00000E+00          Cf251  (n,Kphot)          1.72730E+10+- 0.00000E+00
    Cf251  (n,Kktot)          9.57880E+11+- 0.00000E+00          Cf251  (n,total)          7.71755E+03+- 0.00000E+00
    Cf251  (n,F    )          4.87904E+03+- 0.00000E+00          Cf251  (n,E    )  Cf251   8.91385E+00+- 2.00000E+01
    Cf251  (n,g    )  Cf252   2.82960E+03+- 0.00000E+00          Cf252  (n,Dtot )          2.33644E+05+- 0.00000E+00
    Cf252  (n,Ddiss)          5.59325E+00+- 0.00000E+00          Cf252  (n,Ktot )          6.93454E+09+- 0.00000E+00
    Cf252  (n,Kel  )          2.25705E-03+- 0.00000E+00          Cf252  (n,Knone)          6.93454E+09+- 0.00000E+00
    Cf252  (n,Kfiss)          6.83641E+09+- 0.00000E+00          Cf252  (n,Kphot)          9.81342E+07+- 0.00000E+00
    Cf252  (n,Kktot)          6.93454E+09+- 0.00000E+00          Cf252  (n,total)          6.43665E+01+- 0.00000E+00
    Cf252  (n,F    )          3.27654E+01+- 0.00000E+00          Cf252  (n,E    )  Cf252   1.10595E+01+- 2.00000E+01
    Cf252  (n,g    )  Cf253   2.05415E+01+- 0.00000E+00          Cf253  (n,Dtot )          9.20022E+06+- 0.00000E+00
    Cf253  (n,Ddiss)          1.58795E+01+- 0.00000E+00          Cf253  (n,Ktot )          2.71040E+11+- 0.00000E+00
    Cf253  (n,Kel  )          2.13864E-03+- 0.00000E+00          Cf253  (n,Knone)          2.71040E+11+- 0.00000E+00
    Cf253  (n,Kfiss)          2.70920E+11+- 0.00000E+00          Cf253  (n,Kphot)          1.17639E+08+- 0.00000E+00
    Cf253  (n,Kktot)          2.71040E+11+- 0.00000E+00          Cf253  (n,total)          1.32042E+03+- 8.80000E+01
    Cf253  (n,F    )          1.29006E+03+- 9.00000E+01          Cf253  (n,E    )  Cf253   1.05207E+01+- 9.00000E+01
    Cf253  (n,g    )  Cf254   1.98363E+01+- 9.00000E+01          Cf254  (n,Dtot )          1.38297E+04+- 0.00000E+00
    Cf254  (n,Ddiss)          1.25855E+00+- 0.00000E+00          Cf254  (n,Ktot )          4.40458E+08+- 0.00000E+00
    Cf254  (n,Kel  )          2.17083E-03+- 0.00000E+00          Cf254  (n,Knone)          4.40458E+08+- 0.00000E+00
    Cf254  (n,Kfiss)          4.19848E+08+- 0.00000E+00          Cf254  (n,Kphot)          2.06098E+07+- 0.00000E+00
    Cf254  (n,Kktot)          4.40458E+08+- 0.00000E+00          Cf254  (n,total)          1.71708E+01+- 3.40000E+01
    Cf254  (n,F    )          1.98434E+00+- 5.00000E+01          Cf254  (n,E    )  Cf254   1.07210E+01+- 5.00000E+01
    Cf254  (n,g    )  Cf255   4.46545E+00+- 5.00000E+01          Es251  (n,Dtot )          3.21786E+05+- 0.00000E+00
    Es251  (n,Ddiss)          1.07192E+02+- 0.00000E+00          Es251  (n,Ktot )          9.87113E+09+- 0.00000E+00
    Es251  (n,Kel  )          2.03244E-03+- 0.00000E+00          Es251  (n,Knone)          9.87113E+09+- 0.00000E+00
    Es251  (n,Kfiss)          8.82078E+09+- 0.00000E+00          Es251  (n,Kphot)          1.05036E+09+- 0.00000E+00
    Es251  (n,Kktot)          9.87113E+09+- 0.00000E+00          Es251  (n,total)          2.51028E+02+- 7.30000E+01
    Es251  (n,F    )          4.26717E+01+- 9.00000E+01          Es251  (n,E    )  Es251   9.91970E+00+- 9.00000E+01
    Es251  (n,g    )  Es252   1.98437E+02+- 9.00000E+01          Es252  (n,Dtot )          1.49341E+07+- 0.00000E+00
    Es252  (n,Ddiss)          1.78147E+02+- 0.00000E+00          Es252  (n,Ktot )          4.13130E+11+- 0.00000E+00
    Es252  (n,Kel  )          2.10620E-03+- 0.00000E+00          Es252  (n,Knone)          4.13130E+11+- 0.00000E+00
    Es252  (n,Kfiss)          4.11870E+11+- 0.00000E+00          Es252  (n,Kphot)          1.26167E+09+- 0.00000E+00
    Es252  (n,Kktot)          4.13130E+11+- 0.00000E+00          Es252  (n,total)          2.19305E+03+- 8.20000E+01
    Es252  (n,F    )          1.98430E+03+- 9.00000E+01          Es252  (n,E    )  Es252   1.03204E+01+- 9.00000E+01
    Es252  (n,g    )  Es253   1.98430E+02+- 9.00000E+01          Es253  (n,Dtot )          1.83566E+04+- 0.00000E+00
    Es253  (n,Ddiss)          6.63633E+01+- 0.00000E+00          Es253  (n,Ktot )          1.44983E+09+- 0.00000E+00
    Es253  (n,Kel  )          1.44980E-03+- 0.00000E+00          Es253  (n,Knone)          1.44983E+09+- 0.00000E+00
    Es253  (n,Kfiss)          5.20175E+08+- 0.00000E+00          Es253  (n,Kphot)          9.29651E+08+- 0.00000E+00
    Es253  (n,Kktot)          1.44983E+09+- 0.00000E+00          Es253  (n,total)          1.92167E+02+- 9.50000E+00
    Es253  (n,F    )          2.48138E+00+- 5.00000E+01          Es253  (n,E    )  Es253   7.13212E+00+- 5.00000E+01
    Es253  (n,g    )  Es254   1.82553E+02+- 9.80000E+00          Es254  (n,Dtot )          1.55191E+07+- 0.00000E+00
    Es254  (n,Ddiss)          1.24523E+01+- 0.00000E+00          Es254  (n,Ktot )          4.26320E+11+- 0.00000E+00
    Es254  (n,Kel  )          2.06939E-03+- 0.00000E+00          Es254  (n,Knone)          4.26320E+11+- 0.00000E+00
    Es254  (n,Kfiss)          4.26150E+11+- 0.00000E+00          Es254  (n,Kphot)          1.67755E+08+- 0.00000E+00
    Es254  (n,Kktot)          4.26320E+11+- 0.00000E+00          Es254  (n,total)          2.15002E+03+- 6.70000E+00
    Es254  (n,F    )          2.11172E+03+- 6.80000E+00          Es254  (n,E    )  Es254   1.02201E+01+- 5.00000E+01
    Es254  (n,g    )  Es255   2.80802E+01+- 1.10000E+01          Es254m (n,Dtot )          1.45952E+07+- 0.00000E+00
    Es254m (n,Dinel)          8.78467E-02+- 0.00000E+00          Es254m (n,Ddiss)          1.75188E+02+- 0.00000E+00
    Es254m (n,Ktot )          4.19340E+11+- 0.00000E+00          Es254m (n,Kel  )          1.90708E-03+- 0.00000E+00
    Es254m (n,Knone)          4.19340E+11+- 0.00000E+00          Es254m (n,Kinel)          9.91074E-02+- 0.00000E+00
    Es254m (n,Kfiss)          4.17830E+11+- 0.00000E+00          Es254m (n,Kphot)          1.50916E+09+- 0.00000E+00
    Es254m (n,Kktot)          4.19340E+11+- 0.00000E+00          Es254m (n,total)          2.24183E+03+- 8.00000E+01
    Es254m (n,F    )          1.98433E+03+- 9.00000E+01          Es254m (n,E    )  Es254   9.41848E+00+- 9.00000E+01
    Es254m (n,n    )  Es254   2.97655E-04+- 0.00000E+00          Es254m (n,g    )  Es255   2.48080E+02+- 9.00000E+01
    Es255  (n,Dtot )          3.59441E+03+- 0.00000E+00          Es255  (n,Ddiss)          1.37924E+01+- 0.00000E+00
    Es255  (n,Ktot )          3.78236E+08+- 0.00000E+00          Es255  (n,Kel  )          1.87942E-03+- 0.00000E+00
    Es255  (n,Knone)          3.78236E+08+- 0.00000E+00          Es255  (n,Kfiss)          1.05517E+08+- 0.00000E+00
    Es255  (n,Kphot)          2.72719E+08+- 0.00000E+00          Es255  (n,Kktot)          3.78236E+08+- 0.00000E+00
    Es255  (n,total)          6.43574E+01+- 4.30000E+01          Es255  (n,F    )          4.96352E-01+- 5.00000E+01
    Es255  (n,E    )  Es255   9.31822E+00+- 5.00000E+01          Es255  (n,g    )  Es256   5.45428E+01+- 5.00000E+01
    Fm255  (n,Dtot )          2.53197E+07+- 0.00000E+00          Fm255  (n,Ddiss)          2.54945E+02+- 0.00000E+00
    Fm255  (n,Ktot )          6.96490E+11+- 0.00000E+00          Fm255  (n,Kel  )          1.87942E-03+- 0.00000E+00
    Fm255  (n,Knone)          6.96490E+11+- 0.00000E+00          Fm255  (n,Kfiss)          6.94780E+11+- 0.00000E+00
    Fm255  (n,Kphot)          1.70874E+09+- 0.00000E+00          Fm255  (n,Kktot)          6.96490E+11+- 0.00000E+00
    Fm255  (n,total)          3.61134E+03+- 4.60000E+01          Fm255  (n,F    )          3.33412E+03+- 5.00000E+01
    Fm255  (n,E    )  Fm255   9.31822E+00+- 5.00000E+01          Fm255  (n,g    )  Fm256   2.67897E+02+- 5.00000E+01
1                                    N E U T R O N      S P E C T R U M


     Group    Upper         Lower         Flux          Group    Upper         Lower         Flux
     index    energy        energy                      index    energy        energy

        1  1.000000E+09  9.600000E+08  0.00000E+00       356  1.202264E+02  1.148154E+02  0.00000E+00
        2  9.600000E+08  9.200000E+08  0.00000E+00       357  1.148154E+02  1.096478E+02  0.00000E+00
        3  9.200000E+08  8.800000E+08  0.00000E+00       358  1.096478E+02  1.047129E+02  0.00000E+00
        4  8.800000E+08  8.400000E+08  0.00000E+00       359  1.047129E+02  1.000000E+02  0.00000E+00
        5  8.400000E+08  8.000000E+08  0.00000E+00       360  1.000000E+02  9.549926E+01  0.00000E+00
        6  8.000000E+08  7.600000E+08  0.00000E+00       361  9.549926E+01  9.120108E+01  0.00000E+00
        7  7.600000E+08  7.200000E+08  0.00000E+00       362  9.120108E+01  8.709636E+01  0.00000E+00
        8  7.200000E+08  6.800000E+08  0.00000E+00       363  8.709636E+01  8.317638E+01  0.00000E+00
        9  6.800000E+08  6.400000E+08  0.00000E+00       364  8.317638E+01  7.943282E+01  0.00000E+00
       10  6.400000E+08  6.000000E+08  0.00000E+00       365  7.943282E+01  7.585776E+01  0.00000E+00
       11  6.000000E+08  5.600000E+08  0.00000E+00       366  7.585776E+01  7.244360E+01  0.00000E+00
       12  5.600000E+08  5.200000E+08  0.00000E+00       367  7.244360E+01  6.918310E+01  0.00000E+00
       13  5.200000E+08  4.800000E+08  0.00000E+00       368  6.918310E+01  6.606934E+01  0.00000E+00
       14  4.800000E+08  4.400000E+08  0.00000E+00       369  6.606934E+01  6.309573E+01  0.00000E+00
       15  4.400000E+08  4.000000E+08  0.00000E+00       370  6.309573E+01  6.025596E+01  0.00000E+00
       16  4.000000E+08  3.600000E+08  0.00000E+00       371  6.025596E+01  5.754399E+01  0.00000E+00
       17  3.600000E+08  3.200000E+08  0.00000E+00       372  5.754399E+01  5.495409E+01  0.00000E+00
       18  3.200000E+08  2.800000E+08  0.00000E+00       373  5.495409E+01  5.248075E+01  0.00000E+00
       19  2.800000E+08  2.400000E+08  0.00000E+00       374  5.248075E+01  5.011872E+01  0.00000E+00
       20  2.400000E+08  2.000000E+08  0.00000E+00       375  5.011872E+01  4.786301E+01  0.00000E+00
       21  2.000000E+08  1.800000E+08  0.00000E+00       376  4.786301E+01  4.570882E+01  0.00000E+00
       22  1.800000E+08  1.600000E+08  0.00000E+00       377  4.570882E+01  4.365158E+01  0.00000E+00
       23  1.600000E+08  1.500000E+08  0.00000E+00       378  4.365158E+01  4.168694E+01  0.00000E+00
       24  1.500000E+08  1.400000E+08  0.00000E+00       379  4.168694E+01  3.981072E+01  0.00000E+00
       25  1.400000E+08  1.300000E+08  0.00000E+00       380  3.981072E+01  3.801894E+01  0.00000E+00
       26  1.300000E+08  1.200000E+08  0.00000E+00       381  3.801894E+01  3.630781E+01  0.00000E+00
       27  1.200000E+08  1.100000E+08  0.00000E+00       382  3.630781E+01  3.467369E+01  0.00000E+00
       28  1.100000E+08  1.000000E+08  0.00000E+00       383  3.467369E+01  3.311311E+01  0.00000E+00
       29  1.000000E+08  9.000000E+07  0.00000E+00       384  3.311311E+01  3.162278E+01  0.00000E+00
       30  9.000000E+07  8.000000E+07  0.00000E+00       385  3.162278E+01  3.019952E+01  0.00000E+00
       31  8.000000E+07  7.500000E+07  0.00000E+00       386  3.019952E+01  2.884032E+01  0.00000E+00
       32  7.500000E+07  7.000000E+07  0.00000E+00       387  2.884032E+01  2.754229E+01  0.00000E+00
       33  7.000000E+07  6.500000E+07  0.00000E+00       388  2.754229E+01  2.630268E+01  0.00000E+00
       34  6.500000E+07  6.000000E+07  0.00000E+00       389  2.630268E+01  2.511886E+01  0.00000E+00
       35  6.000000E+07  5.800000E+07  0.00000E+00       390  2.511886E+01  2.398833E+01  0.00000E+00
       36  5.800000E+07  5.600000E+07  0.00000E+00       391  2.398833E+01  2.290868E+01  0.00000E+00
       37  5.600000E+07  5.400000E+07  0.00000E+00       392  2.290868E+01  2.187762E+01  0.00000E+00
       38  5.400000E+07  5.200000E+07  0.00000E+00       393  2.187762E+01  2.089296E+01  0.00000E+00
       39  5.200000E+07  5.000000E+07  0.00000E+00       394  2.089296E+01  1.995262E+01  0.00000E+00
       40  5.000000E+07  4.800000E+07  0.00000E+00       395  1.995262E+01  1.905461E+01  0.00000E+00
       41  4.800000E+07  4.600000E+07  0.00000E+00       396  1.905461E+01  1.819701E+01  0.00000E+00
       42  4.600000E+07  4.400000E+07  0.00000E+00       397  1.819701E+01  1.737801E+01  0.00000E+00
       43  4.400000E+07  4.200000E+07  0.00000E+00       398  1.737801E+01  1.659587E+01  0.00000E+00
       44  4.200000E+07  4.000000E+07  0.00000E+00       399  1.659587E+01  1.584893E+01  0.00000E+00
       45  4.000000E+07  3.800000E+07  0.00000E+00       400  1.584893E+01  1.513561E+01  0.00000E+00
       46  3.800000E+07  3.600000E+07  0.00000E+00       401  1.513561E+01  1.445440E+01  0.00000E+00
       47  3.600000E+07  3.400000E+07  0.00000E+00       402  1.445440E+01  1.380384E+01  0.00000E+00
       48  3.400000E+07  3.200000E+07  0.00000E+00       403  1.380384E+01  1.318257E+01  0.00000E+00
       49  3.200000E+07  3.000000E+07  0.00000E+00       404  1.318257E+01  1.258925E+01  0.00000E+00
       50  3.000000E+07  2.900000E+07  0.00000E+00       405  1.258925E+01  1.202264E+01  0.00000E+00
       51  2.900000E+07  2.800000E+07  0.00000E+00       406  1.202264E+01  1.148154E+01  0.00000E+00
       52  2.800000E+07  2.700000E+07  0.00000E+00       407  1.148154E+01  1.096478E+01  0.00000E+00
       53  2.700000E+07  2.600000E+07  0.00000E+00       408  1.096478E+01  1.047129E+01  0.00000E+00
       54  2.600000E+07  2.500000E+07  0.00000E+00       409  1.047129E+01  1.000000E+01  0.00000E+00
       55  2.500000E+07  2.400000E+07  0.00000E+00       410  1.000000E+01  9.549926E+00  0.00000E+00
       56  2.400000E+07  2.300000E+07  0.00000E+00       411  9.549926E+00  9.120108E+00  0.00000E+00
       57  2.300000E+07  2.200000E+07  0.00000E+00       412  9.120108E+00  8.709636E+00  0.00000E+00
       58  2.200000E+07  2.100000E+07  0.00000E+00       413  8.709636E+00  8.317638E+00  0.00000E+00
       59  2.100000E+07  2.000000E+07  0.00000E+00       414  8.317638E+00  7.943282E+00  0.00000E+00
       60  2.000000E+07  1.980000E+07  0.00000E+00       415  7.943282E+00  7.585776E+00  0.00000E+00
       61  1.980000E+07  1.960000E+07  0.00000E+00       416  7.585776E+00  7.244360E+00  0.00000E+00
       62  1.960000E+07  1.940000E+07  0.00000E+00       417  7.244360E+00  6.918310E+00  0.00000E+00
       63  1.940000E+07  1.920000E+07  0.00000E+00       418  6.918310E+00  6.606934E+00  0.00000E+00
       64  1.920000E+07  1.900000E+07  0.00000E+00       419  6.606934E+00  6.309573E+00  0.00000E+00
       65  1.900000E+07  1.880000E+07  0.00000E+00       420  6.309573E+00  6.025596E+00  0.00000E+00
       66  1.880000E+07  1.860000E+07  0.00000E+00       421  6.025596E+00  5.754399E+00  0.00000E+00
       67  1.860000E+07  1.840000E+07  0.00000E+00       422  5.754399E+00  5.495409E+00  0.00000E+00
       68  1.840000E+07  1.820000E+07  0.00000E+00       423  5.495409E+00  5.248075E+00  0.00000E+00
       69  1.820000E+07  1.800000E+07  0.00000E+00       424  5.248075E+00  5.011872E+00  0.00000E+00
       70  1.800000E+07  1.780000E+07  0.00000E+00       425  5.011872E+00  4.786301E+00  0.00000E+00
       71  1.780000E+07  1.760000E+07  0.00000E+00       426  4.786301E+00  4.570882E+00  0.00000E+00
       72  1.760000E+07  1.740000E+07  0.00000E+00       427  4.570882E+00  4.365158E+00  0.00000E+00
       73  1.740000E+07  1.720000E+07  0.00000E+00       428  4.365158E+00  4.168694E+00  0.00000E+00
       74  1.720000E+07  1.700000E+07  0.00000E+00       429  4.168694E+00  3.981072E+00  0.00000E+00
       75  1.700000E+07  1.680000E+07  0.00000E+00       430  3.981072E+00  3.801894E+00  0.00000E+00
       76  1.680000E+07  1.660000E+07  0.00000E+00       431  3.801894E+00  3.630781E+00  0.00000E+00
       77  1.660000E+07  1.640000E+07  0.00000E+00       432  3.630781E+00  3.467369E+00  0.00000E+00
       78  1.640000E+07  1.620000E+07  0.00000E+00       433  3.467369E+00  3.311311E+00  0.00000E+00
       79  1.620000E+07  1.600000E+07  0.00000E+00       434  3.311311E+00  3.162278E+00  0.00000E+00
       80  1.600000E+07  1.580000E+07  0.00000E+00       435  3.162278E+00  3.019952E+00  0.00000E+00
       81  1.580000E+07  1.560000E+07  0.00000E+00       436  3.019952E+00  2.884032E+00  0.00000E+00
       82  1.560000E+07  1.540000E+07  0.00000E+00       437  2.884032E+00  2.754229E+00  0.00000E+00
       83  1.540000E+07  1.520000E+07  0.00000E+00       438  2.754229E+00  2.630268E+00  0.00000E+00
       84  1.520000E+07  1.500000E+07  0.00000E+00       439  2.630268E+00  2.511886E+00  0.00000E+00
       85  1.500000E+07  1.480000E+07  0.00000E+00       440  2.511886E+00  2.398833E+00  0.00000E+00
       86  1.480000E+07  1.460000E+07  0.00000E+00       441  2.398833E+00  2.290868E+00  0.00000E+00
       87  1.460000E+07  1.440000E+07  0.00000E+00       442  2.290868E+00  2.187762E+00  0.00000E+00
       88  1.440000E+07  1.420000E+07  0.00000E+00       443  2.187762E+00  2.089296E+00  0.00000E+00
       89  1.420000E+07  1.400000E+07  0.00000E+00       444  2.089296E+00  1.995262E+00  0.00000E+00
       90  1.400000E+07  1.380000E+07  0.00000E+00       445  1.995262E+00  1.905461E+00  0.00000E+00
       91  1.380000E+07  1.360000E+07  0.00000E+00       446  1.905461E+00  1.819701E+00  0.00000E+00
       92  1.360000E+07  1.340000E+07  0.00000E+00       447  1.819701E+00  1.737801E+00  0.00000E+00
       93  1.340000E+07  1.320000E+07  0.00000E+00       448  1.737801E+00  1.659587E+00  0.00000E+00
       94  1.320000E+07  1.300000E+07  0.00000E+00       449  1.659587E+00  1.584893E+00  0.00000E+00
       95  1.300000E+07  1.280000E+07  0.00000E+00       450  1.584893E+00  1.513561E+00  0.00000E+00
       96  1.280000E+07  1.260000E+07  0.00000E+00       451  1.513561E+00  1.445440E+00  0.00000E+00
       97  1.260000E+07  1.240000E+07  0.00000E+00       452  1.445440E+00  1.380384E+00  0.00000E+00
       98  1.240000E+07  1.220000E+07  0.00000E+00       453  1.380384E+00  1.318257E+00  0.00000E+00
       99  1.220000E+07  1.200000E+07  0.00000E+00       454  1.318257E+00  1.258925E+00  0.00000E+00
      100  1.200000E+07  1.180000E+07  0.00000E+00       455  1.258925E+00  1.202264E+00  0.00000E+00
      101  1.180000E+07  1.160000E+07  0.00000E+00       456  1.202264E+00  1.148154E+00  0.00000E+00
      102  1.160000E+07  1.140000E+07  0.00000E+00       457  1.148154E+00  1.096478E+00  0.00000E+00
      103  1.140000E+07  1.120000E+07  0.00000E+00       458  1.096478E+00  1.047129E+00  0.00000E+00
      104  1.120000E+07  1.100000E+07  0.00000E+00       459  1.047129E+00  1.000000E+00  0.00000E+00
      105  1.100000E+07  1.080000E+07  0.00000E+00       460  1.000000E+00  9.549926E-01  0.00000E+00
      106  1.080000E+07  1.060000E+07  0.00000E+00       461  9.549926E-01  9.120108E-01  0.00000E+00
      107  1.060000E+07  1.040000E+07  0.00000E+00       462  9.120108E-01  8.709636E-01  0.00000E+00
      108  1.040000E+07  1.020000E+07  0.00000E+00       463  8.709636E-01  8.317638E-01  0.00000E+00
      109  1.020000E+07  1.000000E+07  0.00000E+00       464  8.317638E-01  7.943282E-01  0.00000E+00
      110  1.000000E+07  9.549926E+06  0.00000E+00       465  7.943282E-01  7.585776E-01  0.00000E+00
      111  9.549926E+06  9.120108E+06  0.00000E+00       466  7.585776E-01  7.244360E-01  0.00000E+00
      112  9.120108E+06  8.709636E+06  0.00000E+00       467  7.244360E-01  6.918310E-01  0.00000E+00
      113  8.709636E+06  8.317638E+06  0.00000E+00       468  6.918310E-01  6.606934E-01  0.00000E+00
      114  8.317638E+06  7.943282E+06  0.00000E+00       469  6.606934E-01  6.309573E-01  0.00000E+00
      115  7.943282E+06  7.585776E+06  0.00000E+00       470  6.309573E-01  6.025596E-01  0.00000E+00
      116  7.585776E+06  7.244360E+06  0.00000E+00       471  6.025596E-01  5.754399E-01  0.00000E+00
      117  7.244360E+06  6.918310E+06  0.00000E+00       472  5.754399E-01  5.495409E-01  0.00000E+00
      118  6.918310E+06  6.606934E+06  0.00000E+00       473  5.495409E-01  5.248075E-01  0.00000E+00
      119  6.606934E+06  6.309573E+06  0.00000E+00       474  5.248075E-01  5.011872E-01  0.00000E+00
      120  6.309573E+06  6.025596E+06  0.00000E+00       475  5.011872E-01  4.786301E-01  0.00000E+00
      121  6.025596E+06  5.754399E+06  0.00000E+00       476  4.786301E-01  4.570882E-01  0.00000E+00
      122  5.754399E+06  5.495409E+06  0.00000E+00       477  4.570882E-01  4.365158E-01  0.00000E+00
      123  5.495409E+06  5.248075E+06  0.00000E+00       478  4.365158E-01  4.168694E-01  0.00000E+00
      124  5.248075E+06  5.011872E+06  0.00000E+00       479  4.168694E-01  3.981072E-01  0.00000E+00
      125  5.011872E+06  4.786301E+06  0.00000E+00       480  3.981072E-01  3.801894E-01  0.00000E+00
      126  4.786301E+06  4.570882E+06  0.00000E+00       481  3.801894E-01  3.630781E-01  0.00000E+00
      127  4.570882E+06  4.365158E+06  0.00000E+00       482  3.630781E-01  3.467369E-01  0.00000E+00
      128  4.365158E+06  4.168694E+06  0.00000E+00       483  3.467369E-01  3.311311E-01  0.00000E+00
      129  4.168694E+06  3.981072E+06  0.00000E+00       484  3.311311E-01  3.162278E-01  0.00000E+00
      130  3.981072E+06  3.801894E+06  0.00000E+00       485  3.162278E-01  3.019952E-01  0.00000E+00
      131  3.801894E+06  3.630781E+06  0.00000E+00       486  3.019952E-01  2.884032E-01  0.00000E+00
      132  3.630781E+06  3.467369E+06  0.00000E+00       487  2.884032E-01  2.754229E-01  0.00000E+00
      133  3.467369E+06  3.311311E+06  0.00000E+00       488  2.754229E-01  2.630268E-01  0.00000E+00
      134  3.311311E+06  3.162278E+06  0.00000E+00       489  2.630268E-01  2.511886E-01  0.00000E+00
      135  3.162278E+06  3.019952E+06  0.00000E+00       490  2.511886E-01  2.398833E-01  0.00000E+00
      136  3.019952E+06  2.884032E+06  0.00000E+00       491  2.398833E-01  2.290868E-01  0.00000E+00
      137  2.884032E+06  2.754229E+06  0.00000E+00       492  2.290868E-01  2.187762E-01  0.00000E+00
      138  2.754229E+06  2.630268E+06  0.00000E+00       493  2.187762E-01  2.089296E-01  0.00000E+00
      139  2.630268E+06  2.511886E+06  0.00000E+00       494  2.089296E-01  1.995262E-01  0.00000E+00
      140  2.511886E+06  2.398833E+06  0.00000E+00       495  1.995262E-01  1.905461E-01  0.00000E+00
      141  2.398833E+06  2.290868E+06  0.00000E+00       496  1.905461E-01  1.819701E-01  0.00000E+00
      142  2.290868E+06  2.187762E+06  0.00000E+00       497  1.819701E-01  1.737801E-01  0.00000E+00
      143  2.187762E+06  2.089296E+06  0.00000E+00       498  1.737801E-01  1.659587E-01  0.00000E+00
      144  2.089296E+06  1.995262E+06  0.00000E+00       499  1.659587E-01  1.584893E-01  0.00000E+00
      145  1.995262E+06  1.905461E+06  0.00000E+00       500  1.584893E-01  1.513561E-01  0.00000E+00
      146  1.905461E+06  1.819701E+06  0.00000E+00       501  1.513561E-01  1.445440E-01  0.00000E+00
      147  1.819701E+06  1.737801E+06  0.00000E+00       502  1.445440E-01  1.380384E-01  0.00000E+00
      148  1.737801E+06  1.659587E+06  0.00000E+00       503  1.380384E-01  1.318257E-01  0.00000E+00
      149  1.659587E+06  1.584893E+06  0.00000E+00       504  1.318257E-01  1.258925E-01  0.00000E+00
      150  1.584893E+06  1.513561E+06  0.00000E+00       505  1.258925E-01  1.202264E-01  0.00000E+00
      151  1.513561E+06  1.445440E+06  0.00000E+00       506  1.202264E-01  1.148154E-01  0.00000E+00
      152  1.445440E+06  1.380384E+06  0.00000E+00       507  1.148154E-01  1.096478E-01  0.00000E+00
      153  1.380384E+06  1.318257E+06  0.00000E+00       508  1.096478E-01  1.047129E-01  0.00000E+00
      154  1.318257E+06  1.258925E+06  0.00000E+00       509  1.047129E-01  1.000000E-01  0.00000E+00
      155  1.258925E+06  1.202264E+06  0.00000E+00       510  1.000000E-01  9.549926E-02  0.00000E+00
      156  1.202264E+06  1.148154E+06  0.00000E+00       511  9.549926E-02  9.120108E-02  0.00000E+00
      157  1.148154E+06  1.096478E+06  0.00000E+00       512  9.120108E-02  8.709636E-02  0.00000E+00
      158  1.096478E+06  1.047129E+06  0.00000E+00       513  8.709636E-02  8.317638E-02  0.00000E+00
      159  1.047129E+06  1.000000E+06  0.00000E+00       514  8.317638E-02  7.943282E-02  0.00000E+00
      160  1.000000E+06  9.549926E+05  0.00000E+00       515  7.943282E-02  7.585776E-02  0.00000E+00
      161  9.549926E+05  9.120108E+05  0.00000E+00       516  7.585776E-02  7.244360E-02  0.00000E+00
      162  9.120108E+05  8.709636E+05  0.00000E+00       517  7.244360E-02  6.918310E-02  0.00000E+00
      163  8.709636E+05  8.317638E+05  0.00000E+00       518  6.918310E-02  6.606934E-02  0.00000E+00
      164  8.317638E+05  7.943282E+05  0.00000E+00       519  6.606934E-02  6.309573E-02  0.00000E+00
      165  7.943282E+05  7.585776E+05  0.00000E+00       520  6.309573E-02  6.025596E-02  0.00000E+00
      166  7.585776E+05  7.244360E+05  0.00000E+00       521  6.025596E-02  5.754399E-02  0.00000E+00
      167  7.244360E+05  6.918310E+05  0.00000E+00       522  5.754399E-02  5.495409E-02  0.00000E+00
      168  6.918310E+05  6.606934E+05  0.00000E+00       523  5.495409E-02  5.248075E-02  0.00000E+00
      169  6.606934E+05  6.309573E+05  0.00000E+00       524  5.248075E-02  5.011872E-02  0.00000E+00
      170  6.309573E+05  6.025596E+05  0.00000E+00       525  5.011872E-02  4.786301E-02  0.00000E+00
      171  6.025596E+05  5.754399E+05  0.00000E+00       526  4.786301E-02  4.570882E-02  0.00000E+00
      172  5.754399E+05  5.495409E+05  0.00000E+00       527  4.570882E-02  4.365158E-02  0.00000E+00
      173  5.495409E+05  5.248075E+05  0.00000E+00       528  4.365158E-02  4.168694E-02  0.00000E+00
      174  5.248075E+05  5.011872E+05  0.00000E+00       529  4.168694E-02  3.981072E-02  0.00000E+00
      175  5.011872E+05  4.786301E+05  0.00000E+00       530  3.981072E-02  3.801894E-02  0.00000E+00
      176  4.786301E+05  4.570882E+05  0.00000E+00       531  3.801894E-02  3.630781E-02  0.00000E+00
      177  4.570882E+05  4.365158E+05  0.00000E+00       532  3.630781E-02  3.467369E-02  0.00000E+00
      178  4.365158E+05  4.168694E+05  0.00000E+00       533  3.467369E-02  3.311311E-02  0.00000E+00
      179  4.168694E+05  3.981072E+05  0.00000E+00       534  3.311311E-02  3.162278E-02  0.00000E+00
      180  3.981072E+05  3.801894E+05  0.00000E+00       535  3.162278E-02  3.019952E-02  0.00000E+00
      181  3.801894E+05  3.630781E+05  0.00000E+00       536  3.019952E-02  2.884032E-02  0.00000E+00
      182  3.630781E+05  3.467369E+05  0.00000E+00       537  2.884032E-02  2.754229E-02  0.00000E+00
      183  3.467369E+05  3.311311E+05  0.00000E+00       538  2.754229E-02  2.630268E-02  0.00000E+00
      184  3.311311E+05  3.162278E+05  0.00000E+00       539  2.630268E-02  2.511886E-02  1.00000E+13
      185  3.162278E+05  3.019952E+05  0.00000E+00       540  2.511886E-02  2.398833E-02  0.00000E+00
      186  3.019952E+05  2.884032E+05  0.00000E+00       541  2.398833E-02  2.290868E-02  0.00000E+00
      187  2.884032E+05  2.754229E+05  0.00000E+00       542  2.290868E-02  2.187762E-02  0.00000E+00
      188  2.754229E+05  2.630268E+05  0.00000E+00       543  2.187762E-02  2.089296E-02  0.00000E+00
      189  2.630268E+05  2.511886E+05  0.00000E+00       544  2.089296E-02  1.995262E-02  0.00000E+00
      190  2.511886E+05  2.398833E+05  0.00000E+00       545  1.995262E-02  1.905461E-02  0.00000E+00
      191  2.398833E+05  2.290868E+05  0.00000E+00       546  1.905461E-02  1.819701E-02  0.00000E+00
      192  2.290868E+05  2.187762E+05  0.00000E+00       547  1.819701E-02  1.737801E-02  0.00000E+00
      193  2.187762E+05  2.089296E+05  0.00000E+00       548  1.737801E-02  1.659587E-02  0.00000E+00
      194  2.089296E+05  1.995262E+05  0.00000E+00       549  1.659587E-02  1.584893E-02  0.00000E+00
      195  1.995262E+05  1.905461E+05  0.00000E+00       550  1.584893E-02  1.513561E-02  0.00000E+00
      196  1.905461E+05  1.819701E+05  0.00000E+00       551  1.513561E-02  1.445440E-02  0.00000E+00
      197  1.819701E+05  1.737801E+05  0.00000E+00       552  1.445440E-02  1.380384E-02  0.00000E+00
      198  1.737801E+05  1.659587E+05  0.00000E+00       553  1.380384E-02  1.318257E-02  0.00000E+00
      199  1.659587E+05  1.584893E+05  0.00000E+00       554  1.318257E-02  1.258925E-02  0.00000E+00
      200  1.584893E+05  1.513561E+05  0.00000E+00       555  1.258925E-02  1.202264E-02  0.00000E+00
      201  1.513561E+05  1.445440E+05  0.00000E+00       556  1.202264E-02  1.148154E-02  0.00000E+00
      202  1.445440E+05  1.380384E+05  0.00000E+00       557  1.148154E-02  1.096478E-02  0.00000E+00
      203  1.380384E+05  1.318257E+05  0.00000E+00       558  1.096478E-02  1.047129E-02  0.00000E+00
      204  1.318257E+05  1.258925E+05  0.00000E+00       559  1.047129E-02  1.000000E-02  0.00000E+00
      205  1.258925E+05  1.202264E+05  0.00000E+00       560  1.000000E-02  9.549926E-03  0.00000E+00
      206  1.202264E+05  1.148154E+05  0.00000E+00       561  9.549926E-03  9.120108E-03  0.00000E+00
      207  1.148154E+05  1.096478E+05  0.00000E+00       562  9.120108E-03  8.709636E-03  0.00000E+00
      208  1.096478E+05  1.047129E+05  0.00000E+00       563  8.709636E-03  8.317638E-03  0.00000E+00
      209  1.047129E+05  1.000000E+05  0.00000E+00       564  8.317638E-03  7.943282E-03  0.00000E+00
      210  1.000000E+05  9.549926E+04  0.00000E+00       565  7.943282E-03  7.585776E-03  0.00000E+00
      211  9.549926E+04  9.120108E+04  0.00000E+00       566  7.585776E-03  7.244360E-03  0.00000E+00
      212  9.120108E+04  8.709636E+04  0.00000E+00       567  7.244360E-03  6.918310E-03  0.00000E+00
      213  8.709636E+04  8.317638E+04  0.00000E+00       568  6.918310E-03  6.606934E-03  0.00000E+00
      214  8.317638E+04  7.943282E+04  0.00000E+00       569  6.606934E-03  6.309573E-03  0.00000E+00
      215  7.943282E+04  7.585776E+04  0.00000E+00       570  6.309573E-03  6.025596E-03  0.00000E+00
      216  7.585776E+04  7.244360E+04  0.00000E+00       571  6.025596E-03  5.754399E-03  0.00000E+00
      217  7.244360E+04  6.918310E+04  0.00000E+00       572  5.754399E-03  5.495409E-03  0.00000E+00
      218  6.918310E+04  6.606934E+04  0.00000E+00       573  5.495409E-03  5.248075E-03  0.00000E+00
      219  6.606934E+04  6.309573E+04  0.00000E+00       574  5.248075E-03  5.011872E-03  0.00000E+00
      220  6.309573E+04  6.025596E+04  0.00000E+00       575  5.011872E-03  4.786301E-03  0.00000E+00
      221  6.025596E+04  5.754399E+04  0.00000E+00       576  4.786301E-03  4.570882E-03  0.00000E+00
      222  5.754399E+04  5.495409E+04  0.00000E+00       577  4.570882E-03  4.365158E-03  0.00000E+00
      223  5.495409E+04  5.248075E+04  0.00000E+00       578  4.365158E-03  4.168694E-03  0.00000E+00
      224  5.248075E+04  5.011872E+04  0.00000E+00       579  4.168694E-03  3.981072E-03  0.00000E+00
      225  5.011872E+04  4.786301E+04  0.00000E+00       580  3.981072E-03  3.801894E-03  0.00000E+00
      226  4.786301E+04  4.570882E+04  0.00000E+00       581  3.801894E-03  3.630781E-03  0.00000E+00
      227  4.570882E+04  4.365158E+04  0.00000E+00       582  3.630781E-03  3.467369E-03  0.00000E+00
      228  4.365158E+04  4.168694E+04  0.00000E+00       583  3.467369E-03  3.311311E-03  0.00000E+00
      229  4.168694E+04  3.981072E+04  0.00000E+00       584  3.311311E-03  3.162278E-03  0.00000E+00
      230  3.981072E+04  3.801894E+04  0.00000E+00       585  3.162278E-03  3.019952E-03  0.00000E+00
      231  3.801894E+04  3.630781E+04  0.00000E+00       586  3.019952E-03  2.884032E-03  0.00000E+00
      232  3.630781E+04  3.467369E+04  0.00000E+00       587  2.884032E-03  2.754229E-03  0.00000E+00
      233  3.467369E+04  3.311311E+04  0.00000E+00       588  2.754229E-03  2.630268E-03  0.00000E+00
      234  3.311311E+04  3.162278E+04  0.00000E+00       589  2.630268E-03  2.511886E-03  0.00000E+00
      235  3.162278E+04  3.019952E+04  0.00000E+00       590  2.511886E-03  2.398833E-03  0.00000E+00
      236  3.019952E+04  2.884032E+04  0.00000E+00       591  2.398833E-03  2.290868E-03  0.00000E+00
      237  2.884032E+04  2.754229E+04  0.00000E+00       592  2.290868E-03  2.187762E-03  0.00000E+00
      238  2.754229E+04  2.630268E+04  0.00000E+00       593  2.187762E-03  2.089296E-03  0.00000E+00
      239  2.630268E+04  2.511886E+04  0.00000E+00       594  2.089296E-03  1.995262E-03  0.00000E+00
      240  2.511886E+04  2.398833E+04  0.00000E+00       595  1.995262E-03  1.905461E-03  0.00000E+00
      241  2.398833E+04  2.290868E+04  0.00000E+00       596  1.905461E-03  1.819701E-03  0.00000E+00
      242  2.290868E+04  2.187762E+04  0.00000E+00       597  1.819701E-03  1.737801E-03  0.00000E+00
      243  2.187762E+04  2.089296E+04  0.00000E+00       598  1.737801E-03  1.659587E-03  0.00000E+00
      244  2.089296E+04  1.995262E+04  0.00000E+00       599  1.659587E-03  1.584893E-03  0.00000E+00
      245  1.995262E+04  1.905461E+04  0.00000E+00       600  1.584893E-03  1.513561E-03  0.00000E+00
      246  1.905461E+04  1.819701E+04  0.00000E+00       601  1.513561E-03  1.445440E-03  0.00000E+00
      247  1.819701E+04  1.737801E+04  0.00000E+00       602  1.445440E-03  1.380384E-03  0.00000E+00
      248  1.737801E+04  1.659587E+04  0.00000E+00       603  1.380384E-03  1.318257E-03  0.00000E+00
      249  1.659587E+04  1.584893E+04  0.00000E+00       604  1.318257E-03  1.258925E-03  0.00000E+00
      250  1.584893E+04  1.513561E+04  0.00000E+00       605  1.258925E-03  1.202264E-03  0.00000E+00
      251  1.513561E+04  1.445440E+04  0.00000E+00       606  1.202264E-03  1.148154E-03  0.00000E+00
      252  1.445440E+04  1.380384E+04  0.00000E+00       607  1.148154E-03  1.096478E-03  0.00000E+00
      253  1.380384E+04  1.318257E+04  0.00000E+00       608  1.096478E-03  1.047129E-03  0.00000E+00
      254  1.318257E+04  1.258925E+04  0.00000E+00       609  1.047129E-03  1.000000E-03  0.00000E+00
      255  1.258925E+04  1.202264E+04  0.00000E+00       610  1.000000E-03  9.549926E-04  0.00000E+00
      256  1.202264E+04  1.148154E+04  0.00000E+00       611  9.549926E-04  9.120108E-04  0.00000E+00
      257  1.148154E+04  1.096478E+04  0.00000E+00       612  9.120108E-04  8.709636E-04  0.00000E+00
      258  1.096478E+04  1.047129E+04  0.00000E+00       613  8.709636E-04  8.317638E-04  0.00000E+00
      259  1.047129E+04  1.000000E+04  0.00000E+00       614  8.317638E-04  7.943282E-04  0.00000E+00
      260  1.000000E+04  9.549926E+03  0.00000E+00       615  7.943282E-04  7.585776E-04  0.00000E+00
      261  9.549926E+03  9.120108E+03  0.00000E+00       616  7.585776E-04  7.244360E-04  0.00000E+00
      262  9.120108E+03  8.709636E+03  0.00000E+00       617  7.244360E-04  6.918310E-04  0.00000E+00
      263  8.709636E+03  8.317638E+03  0.00000E+00       618  6.918310E-04  6.606934E-04  0.00000E+00
      264  8.317638E+03  7.943282E+03  0.00000E+00       619  6.606934E-04  6.309573E-04  0.00000E+00
      265  7.943282E+03  7.585776E+03  0.00000E+00       620  6.309573E-04  6.025596E-04  0.00000E+00
      266  7.585776E+03  7.244360E+03  0.00000E+00       621  6.025596E-04  5.754399E-04  0.00000E+00
      267  7.244360E+03  6.918310E+03  0.00000E+00       622  5.754399E-04  5.495409E-04  0.00000E+00
      268  6.918310E+03  6.606934E+03  0.00000E+00       623  5.495409E-04  5.248075E-04  0.00000E+00
      269  6.606934E+03  6.309573E+03  0.00000E+00       624  5.248075E-04  5.011872E-04  0.00000E+00
      270  6.309573E+03  6.025596E+03  0.00000E+00       625  5.011872E-04  4.786301E-04  0.00000E+00
      271  6.025596E+03  5.754399E+03  0.00000E+00       626  4.786301E-04  4.570882E-04  0.00000E+00
      272  5.754399E+03  5.495409E+03  0.00000E+00       627  4.570882E-04  4.365158E-04  0.00000E+00
      273  5.495409E+03  5.248075E+03  0.00000E+00       628  4.365158E-04  4.168694E-04  0.00000E+00
      274  5.248075E+03  5.011872E+03  0.00000E+00       629  4.168694E-04  3.981072E-04  0.00000E+00
      275  5.011872E+03  4.786301E+03  0.00000E+00       630  3.981072E-04  3.801894E-04  0.00000E+00
      276  4.786301E+03  4.570882E+03  0.00000E+00       631  3.801894E-04  3.630781E-04  0.00000E+00
      277  4.570882E+03  4.365158E+03  0.00000E+00       632  3.630781E-04  3.467369E-04  0.00000E+00
      278  4.365158E+03  4.168694E+03  0.00000E+00       633  3.467369E-04  3.311311E-04  0.00000E+00
      279  4.168694E+03  3.981072E+03  0.00000E+00       634  3.311311E-04  3.162278E-04  0.00000E+00
      280  3.981072E+03  3.801894E+03  0.00000E+00       635  3.162278E-04  3.019952E-04  0.00000E+00
      281  3.801894E+03  3.630781E+03  0.00000E+00       636  3.019952E-04  2.884032E-04  0.00000E+00
      282  3.630781E+03  3.467369E+03  0.00000E+00       637  2.884032E-04  2.754229E-04  0.00000E+00
      283  3.467369E+03  3.311311E+03  0.00000E+00       638  2.754229E-04  2.630268E-04  0.00000E+00
      284  3.311311E+03  3.162278E+03  0.00000E+00       639  2.630268E-04  2.511886E-04  0.00000E+00
      285  3.162278E+03  3.019952E+03  0.00000E+00       640  2.511886E-04  2.398833E-04  0.00000E+00
      286  3.019952E+03  2.884032E+03  0.00000E+00       641  2.398833E-04  2.290868E-04  0.00000E+00
      287  2.884032E+03  2.754229E+03  0.00000E+00       642  2.290868E-04  2.187762E-04  0.00000E+00
      288  2.754229E+03  2.630268E+03  0.00000E+00       643  2.187762E-04  2.089296E-04  0.00000E+00
      289  2.630268E+03  2.511886E+03  0.00000E+00       644  2.089296E-04  1.995262E-04  0.00000E+00
      290  2.511886E+03  2.398833E+03  0.00000E+00       645  1.995262E-04  1.905461E-04  0.00000E+00
      291  2.398833E+03  2.290868E+03  0.00000E+00       646  1.905461E-04  1.819701E-04  0.00000E+00
      292  2.290868E+03  2.187762E+03  0.00000E+00       647  1.819701E-04  1.737801E-04  0.00000E+00
      293  2.187762E+03  2.089296E+03  0.00000E+00       648  1.737801E-04  1.659587E-04  0.00000E+00
      294  2.089296E+03  1.995262E+03  0.00000E+00       649  1.659587E-04  1.584893E-04  0.00000E+00
      295  1.995262E+03  1.905461E+03  0.00000E+00       650  1.584893E-04  1.513561E-04  0.00000E+00
      296  1.905461E+03  1.819701E+03  0.00000E+00       651  1.513561E-04  1.445440E-04  0.00000E+00
      297  1.819701E+03  1.737801E+03  0.00000E+00       652  1.445440E-04  1.380384E-04  0.00000E+00
      298  1.737801E+03  1.659587E+03  0.00000E+00       653  1.380384E-04  1.318257E-04  0.00000E+00
      299  1.659587E+03  1.584893E+03  0.00000E+00       654  1.318257E-04  1.258925E-04  0.00000E+00
      300  1.584893E+03  1.513561E+03  0.00000E+00       655  1.258925E-04  1.202264E-04  0.00000E+00
      301  1.513561E+03  1.445440E+03  0.00000E+00       656  1.202264E-04  1.148154E-04  0.00000E+00
      302  1.445440E+03  1.380384E+03  0.00000E+00       657  1.148154E-04  1.096478E-04  0.00000E+00
      303  1.380384E+03  1.318257E+03  0.00000E+00       658  1.096478E-04  1.047129E-04  0.00000E+00
      304  1.318257E+03  1.258925E+03  0.00000E+00       659  1.047129E-04  1.000000E-04  0.00000E+00
      305  1.258925E+03  1.202264E+03  0.00000E+00       660  1.000000E-04  9.549926E-05  0.00000E+00
      306  1.202264E+03  1.148154E+03  0.00000E+00       661  9.549926E-05  9.120108E-05  0.00000E+00
      307  1.148154E+03  1.096478E+03  0.00000E+00       662  9.120108E-05  8.709636E-05  0.00000E+00
      308  1.096478E+03  1.047129E+03  0.00000E+00       663  8.709636E-05  8.317638E-05  0.00000E+00
      309  1.047129E+03  1.000000E+03  0.00000E+00       664  8.317638E-05  7.943282E-05  0.00000E+00
      310  1.000000E+03  9.549926E+02  0.00000E+00       665  7.943282E-05  7.585776E-05  0.00000E+00
      311  9.549926E+02  9.120108E+02  0.00000E+00       666  7.585776E-05  7.244360E-05  0.00000E+00
      312  9.120108E+02  8.709636E+02  0.00000E+00       667  7.244360E-05  6.918310E-05  0.00000E+00
      313  8.709636E+02  8.317638E+02  0.00000E+00       668  6.918310E-05  6.606934E-05  0.00000E+00
      314  8.317638E+02  7.943282E+02  0.00000E+00       669  6.606934E-05  6.309573E-05  0.00000E+00
      315  7.943282E+02  7.585776E+02  0.00000E+00       670  6.309573E-05  6.025596E-05  0.00000E+00
      316  7.585776E+02  7.244360E+02  0.00000E+00       671  6.025596E-05  5.754399E-05  0.00000E+00
      317  7.244360E+02  6.918310E+02  0.00000E+00       672  5.754399E-05  5.495409E-05  0.00000E+00
      318  6.918310E+02  6.606934E+02  0.00000E+00       673  5.495409E-05  5.248075E-05  0.00000E+00
      319  6.606934E+02  6.309573E+02  0.00000E+00       674  5.248075E-05  5.011872E-05  0.00000E+00
      320  6.309573E+02  6.025596E+02  0.00000E+00       675  5.011872E-05  4.786301E-05  0.00000E+00
      321  6.025596E+02  5.754399E+02  0.00000E+00       676  4.786301E-05  4.570882E-05  0.00000E+00
      322  5.754399E+02  5.495409E+02  0.00000E+00       677  4.570882E-05  4.365158E-05  0.00000E+00
      323  5.495409E+02  5.248075E+02  0.00000E+00       678  4.365158E-05  4.168694E-05  0.00000E+00
      324  5.248075E+02  5.011872E+02  0.00000E+00       679  4.168694E-05  3.981072E-05  0.00000E+00
      325  5.011872E+02  4.786301E+02  0.00000E+00       680  3.981072E-05  3.801894E-05  0.00000E+00
      326  4.786301E+02  4.570882E+02  0.00000E+00       681  3.801894E-05  3.630781E-05  0.00000E+00
      327  4.570882E+02  4.365158E+02  0.00000E+00       682  3.630781E-05  3.467369E-05  0.00000E+00
      328  4.365158E+02  4.168694E+02  0.00000E+00       683  3.467369E-05  3.311311E-05  0.00000E+00
      329  4.168694E+02  3.981072E+02  0.00000E+00       684  3.311311E-05  3.162278E-05  0.00000E+00
      330  3.981072E+02  3.801894E+02  0.00000E+00       685  3.162278E-05  3.019952E-05  0.00000E+00
      331  3.801894E+02  3.630781E+02  0.00000E+00       686  3.019952E-05  2.884032E-05  0.00000E+00
      332  3.630781E+02  3.467369E+02  0.00000E+00       687  2.884032E-05  2.754229E-05  0.00000E+00
      333  3.467369E+02  3.311311E+02  0.00000E+00       688  2.754229E-05  2.630268E-05  0.00000E+00
      334  3.311311E+02  3.162278E+02  0.00000E+00       689  2.630268E-05  2.511886E-05  0.00000E+00
      335  3.162278E+02  3.019952E+02  0.00000E+00       690  2.511886E-05  2.398833E-05  0.00000E+00
      336  3.019952E+02  2.884032E+02  0.00000E+00       691  2.398833E-05  2.290868E-05  0.00000E+00
      337  2.884032E+02  2.754229E+02  0.00000E+00       692  2.290868E-05  2.187762E-05  0.00000E+00
      338  2.754229E+02  2.630268E+02  0.00000E+00       693  2.187762E-05  2.089296E-05  0.00000E+00
      339  2.630268E+02  2.511886E+02  0.00000E+00       694  2.089296E-05  1.995262E-05  0.00000E+00
      340  2.511886E+02  2.398833E+02  0.00000E+00       695  1.995262E-05  1.905461E-05  0.00000E+00
      341  2.398833E+02  2.290868E+02  0.00000E+00       696  1.905461E-05  1.819701E-05  0.00000E+00
      342  2.290868E+02  2.187762E+02  0.00000E+00       697  1.819701E-05  1.737801E-05  0.00000E+00
      343  2.187762E+02  2.089296E+02  0.00000E+00       698  1.737801E-05  1.659587E-05  0.00000E+00
      344  2.089296E+02  1.995262E+02  0.00000E+00       699  1.659587E-05  1.584893E-05  0.00000E+00
      345  1.995262E+02  1.905461E+02  0.00000E+00       700  1.584893E-05  1.513561E-05  0.00000E+00
      346  1.905461E+02  1.819701E+02  0.00000E+00       701  1.513561E-05  1.445440E-05  0.00000E+00
      347  1.819701E+02  1.737801E+02  0.00000E+00       702  1.445440E-05  1.380384E-05  0.00000E+00
      348  1.737801E+02  1.659587E+02  0.00000E+00       703  1.380384E-05  1.318257E-05  0.00000E+00
      349  1.659587E+02  1.584893E+02  0.00000E+00       704  1.318257E-05  1.258925E-05  0.00000E+00
      350  1.584893E+02  1.513561E+02  0.00000E+00       705  1.258925E-05  1.202264E-05  0.00000E+00
      351  1.513561E+02  1.445440E+02  0.00000E+00       706  1.202264E-05  1.148154E-05  0.00000E+00
      352  1.445440E+02  1.380384E+02  0.00000E+00       707  1.148154E-05  1.096478E-05  0.00000E+00
      353  1.380384E+02  1.318257E+02  0.00000E+00       708  1.096478E-05  1.047129E-05  0.00000E+00
      354  1.318257E+02  1.258925E+02  0.00000E+00       709  1.047129E-05  1.000000E-05  0.00000E+00
      355  1.258925E+02  1.202264E+02  0.00000E+00
0  Spectrum type is CCFE-709
   flux spectrum_identifier is Thermal neutron


fispact run time=                  0.78125E-01 secs


 ------------------------------------------------------------------
 Files that have been opened during this run.
 ------------------------------------------------------------------
 The numbers after the unit names are the internal unit numbers.

 output(38)      collapse_jendl.out
 runlog(48)      collapse_jendl.log
 ------------------------------------------------------------------



     Run timestamp:15:30:38 19 March 2021          

     Current time: 15:30:38 19 March 2021          
